<?xml version="1.0" encoding="UTF-8"?>
<document>
<type>mainstream</type>
<forum>http://info.sibnet.ru/data/last.rss</forum>
<forum_title>Sibnet: Новости</forum_title>
<discussion_title>Спецназ США заблудился в Европе</discussion_title>
<language>russian</language>
<gmt_offset></gmt_offset>
<topic_url>http://info.sibnet.ru/article/493126/</topic_url>
<topic_text>
Спецназ США заблудился в Европе Фото: © U.S. Department of Defense Солдаты из элитного американского спецподразделения заблудились в Европе, перепутав княжество Лихтенштейн и немецкий город Лихтенштайн в Саксонии. 
В итоге спецназовцы ошиблись с пунктом назначения примерно на 600 километров и узнали о своей ошибке только после прибытия к пункту назначения и начали уточнять своё местоположение у местных жителей, пишет Deutsche Wirtschafts Nachrichten . Эксперты смоделировали войну США против России и Китая 
Отмечается, что военнослужащие отправились в Лихтенштейн после завершения учений на базе ВВС США в Германии «Рамштайн». После того, как солдаты убедились в своей ошибке, горожане отвезли их на вокзал и посадили на нужный поезд. 
«Остаётся надеяться, что американские военные на базе &quot;Рамштайн&quot; используют для своих миссий более точную навигацию», — иронизирует СМИ над ошибкой военных. 
Как указывают журналисты, даже названия княжества и немецкого городка пишутся по-разному: Liechtenstein (страна) и Lichtenstein (город в Германии). 30 августа 2016, 15:25 НСК источник:
</topic_text>
<spam_score>0.00</spam_score>
<post_num>1</post_num>
<post_id>post-1</post_id>
<post_url>http://info.sibnet.ru/article/493126/</post_url>
<post_date>20160830</post_date>
<post_time>0825</post_time>
<username></username>
<post>
Спецназ США заблудился в Европе Фото: © U.S. Department of Defense Солдаты из элитного американского спецподразделения заблудились в Европе, перепутав княжество Лихтенштейн и немецкий город Лихтенштайн в Саксонии. 
В итоге спецназовцы ошиблись с пунктом назначения примерно на 600 километров и узнали о своей ошибке только после прибытия к пункту назначения и начали уточнять своё местоположение у местных жителей, пишет Deutsche Wirtschafts Nachrichten . Эксперты смоделировали войну США против России и Китая 
Отмечается, что военнослужащие отправились в Лихтенштейн после завершения учений на базе ВВС США в Германии «Рамштайн». После того, как солдаты убедились в своей ошибке, горожане отвезли их на вокзал и посадили на нужный поезд. 
«Остаётся надеяться, что американские военные на базе &quot;Рамштайн&quot; используют для своих миссий более точную навигацию», — иронизирует СМИ над ошибкой военных. 
Как указывают журналисты, даже названия княжества и немецкого городка пишутся по-разному: Liechtenstein (страна) и Lichtenstein (город в Германии). 30 августа 2016, 15:25 НСК источник:
</post>
<signature>

</signature>
<external_links>

</external_links>
<country>RU</country>
<main_image>http://info.sibnet.ru/article/493126/ni/493/493126w_1472545814.jpg</main_image>
</document>
