<?xml version="1.0" encoding="UTF-8"?>
<document>
<type>mainstream</type>
<forum>http://feeds2.feedburner.com/Hoofdpunten</forum>
<forum_title>Laatste hoofdpunten</forum_title>
<discussion_title>Metro: Koppel krijgt klimverbod na Mount Everest-leugen</discussion_title>
<language>dutch</language>
<gmt_offset></gmt_offset>
<topic_url>http://www.metronieuws.nl/xl/2016/08/koppel-krijgt-klimverbod-na-mount-everest-leugen</topic_url>
<topic_text>
Koppel krijgt klimverbod na Mount Everest-leugen 30 augustus 2016 om 16:49 door Remco Visser 
Al is de leugen nog zo snel, de waarheid achterhaalt haar wel. Zelfs op grote hoogte, zo ondervond een Indiaas koppel deze week. Het kwam het echtpaar om een bergbeklimverbod te staan. 
Het tweetal beweerden dat ze in mei het eerste echtpaar uit India werd dat de Mount Everest beklommen had, zo meldt de International Business Times . Bij nader onderzoek bleek echter dat de foto&apos;s van het 30-jarige stel vervalst waren. Ontmaskering 
De twee ontkenden het bedrog aanvankelijk, evenals de sherpa&apos;s die hen begeleidden. Een landgenoot ontmaskerde het koppel echter. De Indiër verklaarde dat de foto&apos;s die als bewijsmateriaal dienden van hem waren en dat ze waren bewerkt. 
Als straf is het echtpaar nu verboden om de komende tien jaar een berg te beklimmen. Volgens ambtenaren is de maatregel bedoeld om andere klimmers te weerhouden van het doen van valse en oneerlijke claims. Waarom de twee überhaupt logen over het bedwingen van de legendarische berg, is onduidelijk. Mogelijk speelden financiële motieven een rol. Virtueel 
Wie overigens ook eens op een zaterdag aan de bar wil beweren de Everest te hebben beklommen, dat kan tegenwoordig gewoon vanuit je huiskamer. Met de app Everest VR kun je namelijk virtueel op de berg rondwandelen.
</topic_text>
<spam_score>0.00</spam_score>
<post_num>1</post_num>
<post_id>post-1</post_id>
<post_url>http://www.metronieuws.nl/xl/2016/08/koppel-krijgt-klimverbod-na-mount-everest-leugen</post_url>
<post_date>20160830</post_date>
<post_time>1500</post_time>
<username></username>
<post>
Koppel krijgt klimverbod na Mount Everest-leugen 30 augustus 2016 om 16:49 door Remco Visser 
Al is de leugen nog zo snel, de waarheid achterhaalt haar wel. Zelfs op grote hoogte, zo ondervond een Indiaas koppel deze week. Het kwam het echtpaar om een bergbeklimverbod te staan. 
Het tweetal beweerden dat ze in mei het eerste echtpaar uit India werd dat de Mount Everest beklommen had, zo meldt de International Business Times . Bij nader onderzoek bleek echter dat de foto&apos;s van het 30-jarige stel vervalst waren. Ontmaskering 
De twee ontkenden het bedrog aanvankelijk, evenals de sherpa&apos;s die hen begeleidden. Een landgenoot ontmaskerde het koppel echter. De Indiër verklaarde dat de foto&apos;s die als bewijsmateriaal dienden van hem waren en dat ze waren bewerkt. 
Als straf is het echtpaar nu verboden om de komende tien jaar een berg te beklimmen. Volgens ambtenaren is de maatregel bedoeld om andere klimmers te weerhouden van het doen van valse en oneerlijke claims. Waarom de twee überhaupt logen over het bedwingen van de legendarische berg, is onduidelijk. Mogelijk speelden financiële motieven een rol. Virtueel 
Wie overigens ook eens op een zaterdag aan de bar wil beweren de Everest te hebben beklommen, dat kan tegenwoordig gewoon vanuit je huiskamer. Met de app Everest VR kun je namelijk virtueel op de berg rondwandelen.
</post>
<signature>

</signature>
<external_links>

</external_links>
<country>BE</country>
<main_image>http://metronieuws.tcdn.nl/field/image/815f0acf81a03c7b856ab11b55ff69c7-1472567464.jpg</main_image>
</document>
