<?xml version="1.0" encoding="UTF-8"?>
<document>
<type>mainstream</type>
<forum>http://www.loker.web.id/feed/</forum>
<forum_title>Loker.id</forum_title>
<discussion_title>LOWONGAN PENJAHIT FREELANCE Puspa Batik</discussion_title>
<language>indonesian</language>
<gmt_offset></gmt_offset>
<topic_url>http://www.loker.id/other-jobs/lowongan-penjahit-freelance-puspa-batik.html</topic_url>
<topic_text>
Beranda &gt; Other jobs &gt; LOWONGAN PENJAHIT FREELANCE Puspa Batik LOWONGAN PENJAHIT FREELANCE Puspa Batik   
– memiliki ketrampilan menjahit kemeja lengan pendek pria berbahan batik guyur– memiliki mesin jahit, mesin obras, lubang kancing– diutamakan yang memiliki pengalaman bekerja di konveksi– sanggup bekerja keras, ulet dan jujur– berdomisili di MALANG KOTA 
kami hanya memproduksi 1 jenis barang yakni kemeja lengan pendek pria– model standar– tanpa belahan samping– bagian depan tanpa kelep 
ambil garapan berupa potongan, disetor kembali sudah dalam keaadaan baju jadi (termasuk lubang dan kancingnya terpasang). kain keras kerah dan kancing kami yang menyediakan, benang disediakan oleh penjahit. 
waktu pengerjaan : 3 hari (jumlah pekerjaan yang dibawa sesuai dengan kesanggupan mengerjakan selama 3 hari) 
ongkos : Rp 4,000 / baju 
diutamakan yang memiliki pengalaman bekerja di konveksi 
Keahlian : 
– memiliki ketrampilan menjahit kemeja lengan pendek pria berbahan batik guyur– memiliki mesin jahit, mesin obras, lubang kancing– diutamakan yang memiliki pengalaman bekerja di konveksi– sanggup bekerja keras, ulet dan jujur– berdomisili di MALANG KOTA 
Kualifikasi : 
pria/wanita Silahkan Login untuk bisa melamar pekerjaan ini.. Jika anda belum memiliki account, registrasi terlebih dahulu sebagai pencari kerja di Loker.id Posisi / Nama Perusahaan:
</topic_text>
<spam_score>0.00</spam_score>
<post_num>1</post_num>
<post_id>post-1</post_id>
<post_url>http://www.loker.id/other-jobs/lowongan-penjahit-freelance-puspa-batik.html</post_url>
<post_date>20160830</post_date>
<post_time>1500</post_time>
<username>puspa batik</username>
<post>
Beranda &gt; Other jobs &gt; LOWONGAN PENJAHIT FREELANCE Puspa Batik LOWONGAN PENJAHIT FREELANCE Puspa Batik   
– memiliki ketrampilan menjahit kemeja lengan pendek pria berbahan batik guyur– memiliki mesin jahit, mesin obras, lubang kancing– diutamakan yang memiliki pengalaman bekerja di konveksi– sanggup bekerja keras, ulet dan jujur– berdomisili di MALANG KOTA 
kami hanya memproduksi 1 jenis barang yakni kemeja lengan pendek pria– model standar– tanpa belahan samping– bagian depan tanpa kelep 
ambil garapan berupa potongan, disetor kembali sudah dalam keaadaan baju jadi (termasuk lubang dan kancingnya terpasang). kain keras kerah dan kancing kami yang menyediakan, benang disediakan oleh penjahit. 
waktu pengerjaan : 3 hari (jumlah pekerjaan yang dibawa sesuai dengan kesanggupan mengerjakan selama 3 hari) 
ongkos : Rp 4,000 / baju 
diutamakan yang memiliki pengalaman bekerja di konveksi 
Keahlian : 
– memiliki ketrampilan menjahit kemeja lengan pendek pria berbahan batik guyur– memiliki mesin jahit, mesin obras, lubang kancing– diutamakan yang memiliki pengalaman bekerja di konveksi– sanggup bekerja keras, ulet dan jujur– berdomisili di MALANG KOTA 
Kualifikasi : 
pria/wanita Silahkan Login untuk bisa melamar pekerjaan ini.. Jika anda belum memiliki account, registrasi terlebih dahulu sebagai pencari kerja di Loker.id Posisi / Nama Perusahaan:
</post>
<signature>

</signature>
<external_links>

</external_links>
<country>US</country>
<main_image>http://www.loker.id/images/lowi-loker160x132.png</main_image>
</document>
