<?xml version="1.0" encoding="UTF-8"?>
<document>
<type>mainstream</type>
<forum>http://zik.ua/ua/rss/rubric/west.rss</forum>
<forum_title>ZIK.ua - Західна Україна</forum_title>
<discussion_title>На Тернопільщині поліцейські перевіряють заяву дівчини про згвалтування</discussion_title>
<language>ukrainian</language>
<gmt_offset></gmt_offset>
<topic_url>http://zik.ua/news/2016/08/30/na_ternopilshchyni_politseyski_pereviryayut_zayavu_divchyny_pro_820372</topic_url>
<topic_text>
  17:46 Західна Україна На Тернопільщині поліцейські перевіряють заяву дівчини про згвалтування Поліцейські Тернопільщини з’ясовують: 16-річну дівчину зґвалтували чи інтим був за взаємною згодою. 
Частину третю статті 152 ККУ – зґвалтування неповнолітньої кременецькі поліцейські інкримінують 26-річному жителю райцентру. 
Як повідомили IA ZIK у секторі комунікації ГУНП Тернопільської області, зловмисник поглумився над 16-річною дівчиною. 
За інформацією керівника поліції Кременеччини Володимира Галевича, із заявою про насильницькі статеві дії щодо неї звернулася 16-річна мешканка села Білокриниця. Дівчина розповіла, що разом зі своєю подругою відпочивала у компанії 26-річного кременчанина. Після того, як 13-річна подруга пішла додому, вона на деякий час залишилася наодинці з кавалером, тоді останній і скористався ситуацією. 
Співробітники поліції оперативно встановили особу підозрюваного. Чоловік не заперечує статевих відносин з неповнолітньою, проте стверджує, що насилля над нею не чинив, все відбувалося за взаємною згодою. З його слів, вони разом цілу ніч розважалися, випивали, і жодного спротиву, коли дійшло до інтимності, дівчина не чинила. 
Під час поверхневого огляду на тілі заявниці тілесних ушкоджень не виявлено. Їй видано направлення на проходження судово-медичної експертизи. 
Правоохоронці з’ясовують обставини злочину.
</topic_text>
<spam_score>0.00</spam_score>
<post_num>1</post_num>
<post_id>post-1</post_id>
<post_url>http://zik.ua/news/2016/08/30/na_ternopilshchyni_politseyski_pereviryayut_zayavu_divchyny_pro_820372</post_url>
<post_date>20160830</post_date>
<post_time>1446</post_time>
<username></username>
<post>
  17:46 Західна Україна На Тернопільщині поліцейські перевіряють заяву дівчини про згвалтування Поліцейські Тернопільщини з’ясовують: 16-річну дівчину зґвалтували чи інтим був за взаємною згодою. 
Частину третю статті 152 ККУ – зґвалтування неповнолітньої кременецькі поліцейські інкримінують 26-річному жителю райцентру. 
Як повідомили IA ZIK у секторі комунікації ГУНП Тернопільської області, зловмисник поглумився над 16-річною дівчиною. 
За інформацією керівника поліції Кременеччини Володимира Галевича, із заявою про насильницькі статеві дії щодо неї звернулася 16-річна мешканка села Білокриниця. Дівчина розповіла, що разом зі своєю подругою відпочивала у компанії 26-річного кременчанина. Після того, як 13-річна подруга пішла додому, вона на деякий час залишилася наодинці з кавалером, тоді останній і скористався ситуацією. 
Співробітники поліції оперативно встановили особу підозрюваного. Чоловік не заперечує статевих відносин з неповнолітньою, проте стверджує, що насилля над нею не чинив, все відбувалося за взаємною згодою. З його слів, вони разом цілу ніч розважалися, випивали, і жодного спротиву, коли дійшло до інтимності, дівчина не чинила. 
Під час поверхневого огляду на тілі заявниці тілесних ушкоджень не виявлено. Їй видано направлення на проходження судово-медичної експертизи. 
Правоохоронці з’ясовують обставини злочину.
</post>
<signature>

</signature>
<external_links>

</external_links>
<country>UA</country>
<main_image>http://zik.ua/media/facebook_article/820372.jpg</main_image>
</document>
