<?xml version="1.0" encoding="UTF-8"?>
<document>
<type>mainstream</type>
<forum>http://feeds2.feedburner.com/Hoofdpunten</forum>
<forum_title>Laatste hoofdpunten</forum_title>
<discussion_title>Nu.nl: Sport: Barcelona haalt Alcacer voor 30 miljoen, Munir verhuurd aan Valencia</discussion_title>
<language>dutch</language>
<gmt_offset></gmt_offset>
<topic_url>http://www.nu.nl/sport/4314392/barcelona-haalt-alcacer-30-miljoen-munir-verhuurd-valencia.html</topic_url>
<topic_text>
Barcelona haalt Alcacer voor 30 miljoen, Munir verhuurd aan Valencia Voetbal Barcelona haalt Alcacer voor 30 miljoen, Munir verhuurd aan Valencia Foto: ProShots Deel FC Barcelona heeft zich versterkt met Paco Alcacer van Valencia. Munir El Haddadi maakt op huurbasis de omgekeerde stap. 
Barcelona betaalt liefst dertig miljoen euro voor Alcacer, zo meldt de Catalaanse club dinsdag op de website. De aanvaller scoorde vorig seizoen in de Primera Division dertig keer voor Valencia. 
Bovendien was de 23-jarige Alcacer in de kwalificatiereeks voor het EK in Frankrijk topscorer van de Spaanse ploeg. Hij behoorde echter niet tot de selectie voor het toernooi. 
Alcacer is de zesde aankoop van FC Barcelona deze zomer. Eerder legde de club de Spanjaard Denis Suarez (Villarreal), de Fransman Samuel Umtiti (Olympique Lyon), de Portugees André Gomes (Valencia), de Fransman Lucas Digne (AS Roma) en Jasper Cillessen (Ajax) vast. Munir 
Munir moet voorin bij Valencia de opvolger worden van Alcacer. De eenmalig Spaans international debuteerde in 2014 voor Barcelona, maar slaagde er niet in een vaste basisplaats te veroveren in Camp Nou. 
Valencia heeft ook een optie tot koop bedongen op de 20-jarige Munir, die voor de rest van het seizoen gehuurd wordt. Voor 12 miljoen euro kan Valencia hem in de zomer van 2017 definitief vastleggen.
</topic_text>
<spam_score>0.00</spam_score>
<post_num>1</post_num>
<post_id>post-1</post_id>
<post_url>http://www.nu.nl/sport/4314392/barcelona-haalt-alcacer-30-miljoen-munir-verhuurd-valencia.html</post_url>
<post_date>20160830</post_date>
<post_time>1500</post_time>
<username></username>
<post>
Barcelona haalt Alcacer voor 30 miljoen, Munir verhuurd aan Valencia Voetbal Barcelona haalt Alcacer voor 30 miljoen, Munir verhuurd aan Valencia Foto: ProShots Deel FC Barcelona heeft zich versterkt met Paco Alcacer van Valencia. Munir El Haddadi maakt op huurbasis de omgekeerde stap. 
Barcelona betaalt liefst dertig miljoen euro voor Alcacer, zo meldt de Catalaanse club dinsdag op de website. De aanvaller scoorde vorig seizoen in de Primera Division dertig keer voor Valencia. 
Bovendien was de 23-jarige Alcacer in de kwalificatiereeks voor het EK in Frankrijk topscorer van de Spaanse ploeg. Hij behoorde echter niet tot de selectie voor het toernooi. 
Alcacer is de zesde aankoop van FC Barcelona deze zomer. Eerder legde de club de Spanjaard Denis Suarez (Villarreal), de Fransman Samuel Umtiti (Olympique Lyon), de Portugees André Gomes (Valencia), de Fransman Lucas Digne (AS Roma) en Jasper Cillessen (Ajax) vast. Munir 
Munir moet voorin bij Valencia de opvolger worden van Alcacer. De eenmalig Spaans international debuteerde in 2014 voor Barcelona, maar slaagde er niet in een vaste basisplaats te veroveren in Camp Nou. 
Valencia heeft ook een optie tot koop bedongen op de 20-jarige Munir, die voor de rest van het seizoen gehuurd wordt. Voor 12 miljoen euro kan Valencia hem in de zomer van 2017 definitief vastleggen.
</post>
<signature>

</signature>
<external_links>

</external_links>
<country>BE</country>
<main_image>http://media.nu.nl/m/rm0xpbxag3pg_wd1280.jpg/barcelona-haalt-alcacer-30-miljoen-munir-verhuurd-valencia.jpg</main_image>
</document>
