<?xml version="1.0" encoding="UTF-8"?>
<document>
<type>mainstream</type>
<forum></forum>
<forum_title></forum_title>
<discussion_title>Jaua: Será responsabilidad de Capriles, Ocariz, Muchacho y Smolansky lo que ocurra el 1S - Canal de Noticias</discussion_title>
<language>spanish</language>
<gmt_offset></gmt_offset>
<topic_url>http://canaldenoticia.com/jaua-sera-responsabilidad-capriles-ocariz-muchacho-smolansky-lo-ocurra-1s/</topic_url>
<topic_text>
Inicio Venezuela Jaua: Será responsabilidad de Capriles, Ocariz, Muchacho y Smolansky lo que ocurra el 1S Jaua: Será responsabilidad de Capriles, Ocariz, Muchacho y Smolansky lo que ocurra el 1S 29 agosto, 2016 Venezuela Disparan a escolta de Elías Jaua 
Redacción – (CDN) El diputado por el Gran Polo Patriótico, Elías Jaua, denunció este lunes un presunto plan para “boicotear” los esfuerzos del Gobierno. 
Cuestionó que “el gobernador del Estado Miranda Enrique Capriles, quien deba garantizar la paz, sea el principal promotor de la violencia por acción u omisión”, por lo que pidió a los poderes públicos vigilar antes posibles acciones de violencia promovidas por Capriles. 
“A Venezuela no la van (oposición) a una guerra civil. Nosotros nos vamos a movilizar (…) Candelita que se prenda, candelita que se apague”, aseguró Jaua. 
Así mismo Elias Jaua responsabilizó al gobernador del estado Miranda, Henrique Carpriles , Alcalde del Municipio Sucre , Carlos Oscariz, Alcalde de Municipio de Sucre, Ramón Muchahdo y al Alcalde del Municipio del Hatillo, David Smolansky de los hechos de violencia que se puedan generar el próximo jueves 1 de septiembre en la “Toma de Caracas” , marcha convocado por la oposición para exigir fecha para el revocatorio del presidente Nicolás Maduro. 
“Será responsabilidad de los alcaldes opositores y del gobernador de Miranda, los hechos de violencia que ocurren en los municipios del área metropolitana (…) Tienen que garantizar que estas movilizaciones se hagan en paz y orden (…) cada quien que asuma su responsabilidad, ellos tendrán que asumir la responsabilidad de lo que están convocando”, dijo Jaua. 

</topic_text>
<spam_score>0.45</spam_score>
<post_num>1</post_num>
<post_id>post-1</post_id>
<post_url>http://canaldenoticia.com/jaua-sera-responsabilidad-capriles-ocariz-muchacho-smolansky-lo-ocurra-1s/</post_url>
<post_date>20160830</post_date>
<post_time></post_time>
<username></username>
<post>
Inicio Venezuela Jaua: Será responsabilidad de Capriles, Ocariz, Muchacho y Smolansky lo que ocurra el 1S Jaua: Será responsabilidad de Capriles, Ocariz, Muchacho y Smolansky lo que ocurra el 1S 29 agosto, 2016 Venezuela Disparan a escolta de Elías Jaua 
Redacción – (CDN) El diputado por el Gran Polo Patriótico, Elías Jaua, denunció este lunes un presunto plan para “boicotear” los esfuerzos del Gobierno. 
Cuestionó que “el gobernador del Estado Miranda Enrique Capriles, quien deba garantizar la paz, sea el principal promotor de la violencia por acción u omisión”, por lo que pidió a los poderes públicos vigilar antes posibles acciones de violencia promovidas por Capriles. 
“A Venezuela no la van (oposición) a una guerra civil. Nosotros nos vamos a movilizar (…) Candelita que se prenda, candelita que se apague”, aseguró Jaua. 
Así mismo Elias Jaua responsabilizó al gobernador del estado Miranda, Henrique Carpriles , Alcalde del Municipio Sucre , Carlos Oscariz, Alcalde de Municipio de Sucre, Ramón Muchahdo y al Alcalde del Municipio del Hatillo, David Smolansky de los hechos de violencia que se puedan generar el próximo jueves 1 de septiembre en la “Toma de Caracas” , marcha convocado por la oposición para exigir fecha para el revocatorio del presidente Nicolás Maduro. 
“Será responsabilidad de los alcaldes opositores y del gobernador de Miranda, los hechos de violencia que ocurren en los municipios del área metropolitana (…) Tienen que garantizar que estas movilizaciones se hagan en paz y orden (…) cada quien que asuma su responsabilidad, ellos tendrán que asumir la responsabilidad de lo que están convocando”, dijo Jaua. 

</post>
<signature>

</signature>
<external_links>

</external_links>
<country>US</country>
<main_image>http://canaldenoticia.com/wp-content/uploads/2015/08/Elias-Jaua.jpg</main_image>
</document>
