<?xml version="1.0" encoding="UTF-8"?>
<document>
<type>mainstream</type>
<forum>http://feeds2.feedburner.com/Hoofdpunten</forum>
<forum_title>Laatste hoofdpunten</forum_title>
<discussion_title>Het Nieuwsblad: Wetenschappers ontdekken verrassing van formaat achter Groot Barrièrerif</discussion_title>
<language>dutch</language>
<gmt_offset></gmt_offset>
<topic_url>http://www.nieuwsblad.be/cnt/dmf20160830_02445600</topic_url>
<topic_text>
Mail Shares 
Met de hulp van een grote hoeveelheid gegevens, verzameld door de Australische marine, zijn wetenschappers erin geslaagd een gigantisch rif te ontdekken dat zich achter het bekende Groot Barrièrerif bevindt. Dat meldde een van de betrokken wetenschappers dinsdag. 
“Decennia al weten we van het bestaan van deze geologische structuren in het noordelijk deel van het Groot Barrièrerif, maar we beschikten nooit over meer informatie”, aldus Robin Beaman, professor aan de James Cook University en onderzoeksleider. “We kenden de vorm van het rif niet, en wisten evenmin hoe groot het was.” 
“Wat we ver achter het Great Barrier Reef hebben gevonden, verbaasde ons”, zei Beaman. “Dat het zich op het diepere deel van de zeebodem bevindt en de geologische structuur, maakte indruk op ons. 
Onderzoekers van drie Australische universiteiten werkten mee aan het onderzoek, waarvoor ze zich baseerden op gegevens van de Australische marine. Die had de zeebodem onderzocht met een Lidar-laser. Op 20 tot 40 meter diepte ontdekten ze het meer dan 6.000 vierkante meter grote rif, schrijven ze in het vakblad Coral Reefs. Ze hopen dat het nu ontdekte rif uitsluitsel kan geven over de effecten van het milieu op het Rif in de afgelopen 10.000 jaar. Het was ook de James Cook University die in maart aan de alarmbel trok omdat het koraal van het Groot Barrièrerif, door de klimaatopwarming, massaal verbleekt. 
Het onderzoeksteam bracht meer dan 6.000 vierkante meter van het ‘nieuwe’ rif in kaart, of drie keer meer dan eerder geschat. Het gaat om een gebied van de Straat Torres tot Port Douglas in Queensland.
</topic_text>
<spam_score>0.00</spam_score>
<post_num>1</post_num>
<post_id>post-1</post_id>
<post_url>http://www.nieuwsblad.be/cnt/dmf20160830_02445600</post_url>
<post_date>20160830</post_date>
<post_time>1500</post_time>
<username></username>
<post>
Mail Shares 
Met de hulp van een grote hoeveelheid gegevens, verzameld door de Australische marine, zijn wetenschappers erin geslaagd een gigantisch rif te ontdekken dat zich achter het bekende Groot Barrièrerif bevindt. Dat meldde een van de betrokken wetenschappers dinsdag. 
“Decennia al weten we van het bestaan van deze geologische structuren in het noordelijk deel van het Groot Barrièrerif, maar we beschikten nooit over meer informatie”, aldus Robin Beaman, professor aan de James Cook University en onderzoeksleider. “We kenden de vorm van het rif niet, en wisten evenmin hoe groot het was.” 
“Wat we ver achter het Great Barrier Reef hebben gevonden, verbaasde ons”, zei Beaman. “Dat het zich op het diepere deel van de zeebodem bevindt en de geologische structuur, maakte indruk op ons. 
Onderzoekers van drie Australische universiteiten werkten mee aan het onderzoek, waarvoor ze zich baseerden op gegevens van de Australische marine. Die had de zeebodem onderzocht met een Lidar-laser. Op 20 tot 40 meter diepte ontdekten ze het meer dan 6.000 vierkante meter grote rif, schrijven ze in het vakblad Coral Reefs. Ze hopen dat het nu ontdekte rif uitsluitsel kan geven over de effecten van het milieu op het Rif in de afgelopen 10.000 jaar. Het was ook de James Cook University die in maart aan de alarmbel trok omdat het koraal van het Groot Barrièrerif, door de klimaatopwarming, massaal verbleekt. 
Het onderzoeksteam bracht meer dan 6.000 vierkante meter van het ‘nieuwe’ rif in kaart, of drie keer meer dan eerder geschat. Het gaat om een gebied van de Straat Torres tot Port Douglas in Queensland.
</post>
<signature>

</signature>
<external_links>

</external_links>
<country>BE</country>
<main_image>http://s4.nieuwsbladcdn.be/Assets/Images_Upload/2016/08/30/785418b8-66f0-11e6-b1bd-5a18d0ec8f4e_web_scale_0.0675154_0.0675154__.jpg?maxheight=460&amp;maxwidth=629</main_image>
</document>
