<?xml version="1.0" encoding="UTF-8"?>
<document>
<type>mainstream</type>
<forum>http://news.money.ca/category/food-and-beverage/page/239/</forum>
<forum_title>Food and Beverage Archives - Page 239 of 1714 - MONEY® News</forum_title>
<discussion_title>Cascade Centers, Inc. to Use hubbub Wellness Platform as Key Tool in EAP Program</discussion_title>
<language>english</language>
<gmt_offset></gmt_offset>
<topic_url>http://news.money.ca/2016/08/30/cascade-centers-inc-to-use-hubbub-wellness-platform-as-key-tool-in-eap-program/</topic_url>
<topic_text>
Portland, Ore. (PRWEB) August 30, 2016
hubbub health , an online and mobile wellness platform, and Cascade Centers, Inc., a company committed to supporting families with drug abuse and other health-related challenges, are working together to use technology and innovation to help thousands of Cascade’s client workforce develop healthy habits in and outside of the workplace, leading to improved productivity. This new collaboration will enable Cascade Centers to leverage hubbub’s expert wellness content and platform to give employees of Cascade’s clients access to challenges and an online social community to embark on the path towards achieving a healthy lifestyle.
“hubbub’s nationwide customer base has benefited from making health care less of a chore, and more a part of an employee’s everyday lifestyle,” said hubbub Chief Executive Officer Beth Andersen. “Wellness doesn’t start at 9 or end at 5 and we’re looking forward to growing our partnership with Cascade Centers to make wellness fun for their client base through challenges and the support of an online community.”
The hubbub platform uses technology and innovation to change behaviors and workplace environments to promote a healthy lifestyle among employees. hubbub offers employees a variety of programs and challenges that help them achieve their health goals and develop healthy habits.
Thanks to this new endeavor, Cascade Centers will offer their wellness solution to employees in multiple industries, including those working non-sedentary jobs, such as manufacturing or field-based work. Employers working with Cascade Centers also have the option of purchasing more health and wellness features from hubbub to further assist employees in achieving their wellness goals.
“Cascade Centers was looking for a partner that was a leader in the wellness industry and could continue to grow and evolve our clients’ wellness programs,” says Cascade Center’s Vice President Anthony Brown, “hubbub’s innovative mobile and online platform provides our clients with the tools they need to achieve their wellness goals.”
About hubbub
hubbub is a corporate wellness technology company that offers an integrated platform of evidenced-based wellbeing solutions that drive meaningful healthy outcomes. Their software delivers engaging content that cultivates healthy habits at work and at home with focus on one’s physical, mental, emotional, and financial wellbeing. hubbub’s technology, content and programs meet people where they’re at, positively influencing their daily habits and lifestyle. hubbub believes that improved wellbeing translates to a healthier, happier and more productive workforce.
About Cascade Centers, Inc.
Cascade Centers, Inc. is a private firm headquartered in Portland, Oregon. Since 1975, Cascade has set out to decrease employee related expenses and improve quality of life. They provide comprehensive and leading edge services to organizations and individuals nationwide, such as Employee Assistance Programs (EAP), Work/Life Balance Services, Wellness Programs, Onsite Health Screenings, Organizational Development, Student Assistance Programs, Military Helpline, and Executive Coaching.
 //www.prweb.com/releases/2016/08/prweb13644051.htm
Posted: August 30th, 2016 under Agriculture , Lifestyle and Leisure , Manufacturing and Production , Media and Entertainment , Medical and Healthcare , Sports .
</topic_text>
<spam_score>0.01</spam_score>
<post_num>1</post_num>
<post_id>post-1</post_id>
<post_url>http://news.money.ca/2016/08/30/cascade-centers-inc-to-use-hubbub-wellness-platform-as-key-tool-in-eap-program/</post_url>
<post_date>20160830</post_date>
<post_time></post_time>
<username>money.ca</username>
<post>
Portland, Ore. (PRWEB) August 30, 2016
hubbub health , an online and mobile wellness platform, and Cascade Centers, Inc., a company committed to supporting families with drug abuse and other health-related challenges, are working together to use technology and innovation to help thousands of Cascade’s client workforce develop healthy habits in and outside of the workplace, leading to improved productivity. This new collaboration will enable Cascade Centers to leverage hubbub’s expert wellness content and platform to give employees of Cascade’s clients access to challenges and an online social community to embark on the path towards achieving a healthy lifestyle.
“hubbub’s nationwide customer base has benefited from making health care less of a chore, and more a part of an employee’s everyday lifestyle,” said hubbub Chief Executive Officer Beth Andersen. “Wellness doesn’t start at 9 or end at 5 and we’re looking forward to growing our partnership with Cascade Centers to make wellness fun for their client base through challenges and the support of an online community.”
The hubbub platform uses technology and innovation to change behaviors and workplace environments to promote a healthy lifestyle among employees. hubbub offers employees a variety of programs and challenges that help them achieve their health goals and develop healthy habits.
Thanks to this new endeavor, Cascade Centers will offer their wellness solution to employees in multiple industries, including those working non-sedentary jobs, such as manufacturing or field-based work. Employers working with Cascade Centers also have the option of purchasing more health and wellness features from hubbub to further assist employees in achieving their wellness goals.
“Cascade Centers was looking for a partner that was a leader in the wellness industry and could continue to grow and evolve our clients’ wellness programs,” says Cascade Center’s Vice President Anthony Brown, “hubbub’s innovative mobile and online platform provides our clients with the tools they need to achieve their wellness goals.”
About hubbub
hubbub is a corporate wellness technology company that offers an integrated platform of evidenced-based wellbeing solutions that drive meaningful healthy outcomes. Their software delivers engaging content that cultivates healthy habits at work and at home with focus on one’s physical, mental, emotional, and financial wellbeing. hubbub’s technology, content and programs meet people where they’re at, positively influencing their daily habits and lifestyle. hubbub believes that improved wellbeing translates to a healthier, happier and more productive workforce.
About Cascade Centers, Inc.
Cascade Centers, Inc. is a private firm headquartered in Portland, Oregon. Since 1975, Cascade has set out to decrease employee related expenses and improve quality of life. They provide comprehensive and leading edge services to organizations and individuals nationwide, such as Employee Assistance Programs (EAP), Work/Life Balance Services, Wellness Programs, Onsite Health Screenings, Organizational Development, Student Assistance Programs, Military Helpline, and Executive Coaching.
 //www.prweb.com/releases/2016/08/prweb13644051.htm
Posted: August 30th, 2016 under Agriculture , Lifestyle and Leisure , Manufacturing and Production , Media and Entertainment , Medical and Healthcare , Sports .
</post>
<signature>

</signature>
<external_links>
<external_link>http://cdn.nmcdn.us/js/connectV2.js</external_link><external_link>http://www.prweb.com/releases/2016/08/prweb13644051.htm</external_link>
</external_links>
<country>US</country>
<main_image></main_image>
</document>
