<?xml version="1.0" encoding="UTF-8"?>
<document>
<type>mainstream</type>
<forum>http://info.sibnet.ru/data/last.rss</forum>
<forum_title>Sibnet: Новости</forum_title>
<discussion_title>Новый сезон Comedy Woman стартует на ТНТ</discussion_title>
<language>russian</language>
<gmt_offset></gmt_offset>
<topic_url>http://info.sibnet.ru/article/493051/</topic_url>
<topic_text>
Новый сезон Comedy Woman стартует на ТНТ Фото: © фото канала ТНТ, 16+ Создатели проекта — компания Comedy Club Production — обещают, что сезон, который стартует 9 сентября на ТНТ, станет самым непредсказуемым за всю историю шоу. 
В новых выпусках зрители увидят, до чего может довести модное видео-приложение Per-iscope, какую свадебную клятву дала Варнава, чем опасен фестиваль бардовской песни «Разведи костер, разведёнка», а также узнают, почему Наталья Еприкян все чаще задумывается о смене женского коллектива и что из этого в итоге получится. 
Сюрпризы будут не только на сцене, но и за кулисами шоу – в зоне в backstage развернется мини-сериал. Кстати, декорации стали новые, а танцы еще круче! 
«Comedy Woman существует уже 10 лет. И я рада тому, что шоу не стоит на месте! Каждый сезон актуален, в каждом сезоне новое и интересное – не только зрителям, но и нам самим! Неожиданные перемены, новые люди – вот такие сюрпризы готовим с сентября. Приятно осознавать, что Comedy Woman сегодня, пожалуй, лучшее юмористическое шоу в нашей стране. А лучшее оно, потому что женское», — рассказала креативный продюсер и основательница шоу Наталья Еприкян. 30 августа 2016, 15:21 НСК источник:
</topic_text>
<spam_score>0.00</spam_score>
<post_num>1</post_num>
<post_id>post-1</post_id>
<post_url>http://info.sibnet.ru/article/493051/</post_url>
<post_date>20160830</post_date>
<post_time>0821</post_time>
<username></username>
<post>
Новый сезон Comedy Woman стартует на ТНТ Фото: © фото канала ТНТ, 16+ Создатели проекта — компания Comedy Club Production — обещают, что сезон, который стартует 9 сентября на ТНТ, станет самым непредсказуемым за всю историю шоу. 
В новых выпусках зрители увидят, до чего может довести модное видео-приложение Per-iscope, какую свадебную клятву дала Варнава, чем опасен фестиваль бардовской песни «Разведи костер, разведёнка», а также узнают, почему Наталья Еприкян все чаще задумывается о смене женского коллектива и что из этого в итоге получится. 
Сюрпризы будут не только на сцене, но и за кулисами шоу – в зоне в backstage развернется мини-сериал. Кстати, декорации стали новые, а танцы еще круче! 
«Comedy Woman существует уже 10 лет. И я рада тому, что шоу не стоит на месте! Каждый сезон актуален, в каждом сезоне новое и интересное – не только зрителям, но и нам самим! Неожиданные перемены, новые люди – вот такие сюрпризы готовим с сентября. Приятно осознавать, что Comedy Woman сегодня, пожалуй, лучшее юмористическое шоу в нашей стране. А лучшее оно, потому что женское», — рассказала креативный продюсер и основательница шоу Наталья Еприкян. 30 августа 2016, 15:21 НСК источник:
</post>
<signature>

</signature>
<external_links>

</external_links>
<country>RU</country>
<main_image>http://info.sibnet.ru/article/493051/ni/493/493051w_1472527272.jpg</main_image>
</document>
