<?xml version="1.0" encoding="UTF-8"?>
<document>
<type>mainstream</type>
<forum>http://feeds.reuters.com/news/usmarkets</forum>
<forum_title>Reuters: Market News</forum_title>
<discussion_title>British tech champion ARM&apos;s sale to Japan&apos;s SoftBank wins shareholder nod</discussion_title>
<language>english</language>
<gmt_offset></gmt_offset>
<topic_url>http://www.reuters.com/article/us-arm-m-a-softbank-idUSKCN11520A</topic_url>
<topic_text>
Technology News | Tue Aug 30, 2016 11:22am EDT British tech champion ARM&apos;s sale to Japan&apos;s SoftBank wins shareholder nod left right SoftBank Group Corp Chairman and CEO Masayoshi Son speaks at SoftBank World 2016 conference in Tokyo, Japan, July 21, 2016. REUTERS/Kim Kyung-Hoon/File Photo 1/2 left right SoftBank Group Corp. Chairman and CEO Masayoshi Son speaks during an earnings briefing in Tokyo, Japan, July 28, 2016. REUTERS/Kim Kyung-Hoon/File Photo 2/2 By Paul Sandle | LONDON 
LONDON Shareholders in British technology company ARM approved its sale to Japan&apos;s SoftBank on Tuesday, marking the end of independence for the chip designer that powered the smartphone revolution. 
SoftBank swooped on the Apple supplier in July, agreeing to pay $32 billion in cash for a company that it hopes will remain at the forefront of digital innovation. 
ARM said that more than 95 percent of the votes cast on Tuesday approved the takeover. 
Seeking to win political backing and smooth the path for the deal, the Japanese company&apos;s charismatic leader Masayoshi Son spoke to British Prime Minister Theresa May shortly before the deal was announced to allay concerns that it would be bad for the British technology sector. SoftBank, which is paying a 43 percent premium, has promised to at least double ARM&apos;s workforce in Britain over the next five years, keep its headquarters in Cambridge and retain its partnership-based business model and culture. 
The commitments will be the first test of new takeover rules that make such pledges binding. The rules were introduced after Pfizer attempted to buy Britain&apos;s AstraZeneca in 2014. 
ARM Chairman Stuart Chambers said that SoftBank&apos;s guarantees on jobs and investment were legal commitments, not merely &quot;nice ideas and promises and intents&quot;. 
&quot;If you look at the post-offer undertakings that SoftBank has made, they are extremely strong, they are virtually unprecedented,&quot; he told Reuters after Tuesday&apos;s shareholder meeting in London. 
Chief Executive Simon Segars, who will stay with the company, said that SoftBank shared ARM&apos;s long-term view on investment, including retaining and developing the engineers who were essential to ARM&apos;s success. 
&quot;We are not going anywhere, we are still going to be at the heart of British technology. We are growing globally because we are a global business,&quot; he said. 
&quot;This represents an exciting new chapter for ARM, and an ability to really grow and do everything we were doing and do more and do it faster.&quot; 
Some remained unconvinced, however. Paul Myners, a former British financial services minister, said the sale was more evidence of the City&apos;s predilection to &quot;sell at a reasonable premium, get out, don&apos;t invest for the future, don&apos;t back the British economy&quot;. 
&quot;This is a business that is at the heart of the ecosystem of modern technology, the internet of things, an area in which we lead,&quot; he told BBC radio on Tuesday, adding that it would not have been possible to sell ARM in 60 days had it been an American, German, French or Japanese company. 
&quot;We will not have world-beating companies if we continue to sell out our leaders at such an early stage,&quot; he said. 
(Editing by David Goodman)
</topic_text>
<spam_score>0.00</spam_score>
<post_num>1</post_num>
<post_id>post-1</post_id>
<post_url>http://www.reuters.com/article/us-arm-m-a-softbank-idUSKCN11520A</post_url>
<post_date>20160830</post_date>
<post_time>1518</post_time>
<username></username>
<post>
Technology News | Tue Aug 30, 2016 11:22am EDT British tech champion ARM&apos;s sale to Japan&apos;s SoftBank wins shareholder nod left right SoftBank Group Corp Chairman and CEO Masayoshi Son speaks at SoftBank World 2016 conference in Tokyo, Japan, July 21, 2016. REUTERS/Kim Kyung-Hoon/File Photo 1/2 left right SoftBank Group Corp. Chairman and CEO Masayoshi Son speaks during an earnings briefing in Tokyo, Japan, July 28, 2016. REUTERS/Kim Kyung-Hoon/File Photo 2/2 By Paul Sandle | LONDON 
LONDON Shareholders in British technology company ARM approved its sale to Japan&apos;s SoftBank on Tuesday, marking the end of independence for the chip designer that powered the smartphone revolution. 
SoftBank swooped on the Apple supplier in July, agreeing to pay $32 billion in cash for a company that it hopes will remain at the forefront of digital innovation. 
ARM said that more than 95 percent of the votes cast on Tuesday approved the takeover. 
Seeking to win political backing and smooth the path for the deal, the Japanese company&apos;s charismatic leader Masayoshi Son spoke to British Prime Minister Theresa May shortly before the deal was announced to allay concerns that it would be bad for the British technology sector. SoftBank, which is paying a 43 percent premium, has promised to at least double ARM&apos;s workforce in Britain over the next five years, keep its headquarters in Cambridge and retain its partnership-based business model and culture. 
The commitments will be the first test of new takeover rules that make such pledges binding. The rules were introduced after Pfizer attempted to buy Britain&apos;s AstraZeneca in 2014. 
ARM Chairman Stuart Chambers said that SoftBank&apos;s guarantees on jobs and investment were legal commitments, not merely &quot;nice ideas and promises and intents&quot;. 
&quot;If you look at the post-offer undertakings that SoftBank has made, they are extremely strong, they are virtually unprecedented,&quot; he told Reuters after Tuesday&apos;s shareholder meeting in London. 
Chief Executive Simon Segars, who will stay with the company, said that SoftBank shared ARM&apos;s long-term view on investment, including retaining and developing the engineers who were essential to ARM&apos;s success. 
&quot;We are not going anywhere, we are still going to be at the heart of British technology. We are growing globally because we are a global business,&quot; he said. 
&quot;This represents an exciting new chapter for ARM, and an ability to really grow and do everything we were doing and do more and do it faster.&quot; 
Some remained unconvinced, however. Paul Myners, a former British financial services minister, said the sale was more evidence of the City&apos;s predilection to &quot;sell at a reasonable premium, get out, don&apos;t invest for the future, don&apos;t back the British economy&quot;. 
&quot;This is a business that is at the heart of the ecosystem of modern technology, the internet of things, an area in which we lead,&quot; he told BBC radio on Tuesday, adding that it would not have been possible to sell ARM in 60 days had it been an American, German, French or Japanese company. 
&quot;We will not have world-beating companies if we continue to sell out our leaders at such an early stage,&quot; he said. 
(Editing by David Goodman)
</post>
<signature>

</signature>
<external_links>

</external_links>
<country>US</country>
<main_image>http://s2.reutersmedia.net/resources/r/?m=02&amp;d=20160830&amp;t=2&amp;i=1151597206&amp;w=&amp;fh=545px&amp;fw=&amp;ll=&amp;pl=&amp;sq=&amp;r=LYNXNPEC7T15F</main_image>
</document>
