<?xml version="1.0" encoding="UTF-8"?>
<document>
<type>mainstream</type>
<forum>http://feeds.benzinga.com/benzinga</forum>
<forum_title>Benzinga - Stock Market Quotes, Business News, Financial News, Trading Ideas, and Stock Research by Professionals</forum_title>
<discussion_title>Technical Alert: S&amp;P 500 Index Surrender Most Of Monday&apos;s Gains</discussion_title>
<language>english</language>
<gmt_offset></gmt_offset>
<topic_url>http://www.benzinga.com/markets/futures/16/08/8406018/technical-alert-s-p-500-index-surrender-most-of-mondays-gains</topic_url>
<topic_text>
2174.00 - Current price as 11:05 AM 2171.50 - Intraday low as of 11:05 AM 2168.50 - Friday close 
If content like this is useful to your trading/investing strategy, please email with the headline to let us know © 2016 Benzinga.com. Benzinga does not provide investment advice. All rights reserved.
</topic_text>
<spam_score>0.00</spam_score>
<post_num>1</post_num>
<post_id>post-1</post_id>
<post_url>http://www.benzinga.com/markets/futures/16/08/8406018/technical-alert-s-p-500-index-surrender-most-of-mondays-gains</post_url>
<post_date>20160830</post_date>
<post_time>1504</post_time>
<username>Eddie Staley</username>
<post>
2174.00 - Current price as 11:05 AM 2171.50 - Intraday low as of 11:05 AM 2168.50 - Friday close 
If content like this is useful to your trading/investing strategy, please email with the headline to let us know © 2016 Benzinga.com. Benzinga does not provide investment advice. All rights reserved.
</post>
<signature>

</signature>
<external_links>

</external_links>
<country>US</country>
<main_image></main_image>
</document>
