<?xml version="1.0" encoding="UTF-8"?>
<document>
<type>mainstream</type>
<forum>http://www.jasarat.org/feed</forum>
<forum_title>Jasarat Newspaper English</forum_title>
<discussion_title>Patients operated on at night twice more likely to die: study</discussion_title>
<language>english</language>
<gmt_offset></gmt_offset>
<topic_url>http://www.jasarat.org/2016/08/30/patients-operated-on-at-night-twice-more-likely-to-die-study/</topic_url>
<topic_text>
  Patients operated on at night twice more likely to die: study By Agencies   8:17 PM Patients who undergo surgery during the night may be twice more likely to die than those operated on during regular working hours, a new study has claimed. Patients operated on later in the working day or in the early evening also have a higher mortality risk, according to researchers from McGill University in Canada. A review of 30 day postoperative in hospital mortality was carried out in the General Hospital in Canada, Medical Xpress reported. The study evaluated all surgical procedures for the past 5 years, starting from April 1, 2010 to March 31 last year. A database was constructed collecting variables about surgical interventions. All elective and emergent surgical cases were included except ophthalmic and local anaesthesia cases. Researchers found that patients operated in the night were 2.17 times more likely to die than those operating on during regular daytime working hours. The study also found that patients operated on in the late day were 1.43 times more likely to die than those operated on during regular daytime working hours. “Postoperative 30-day in-hospital mortality rate should include start time of anaesthesia, along with other known variables, as a risk factor,” researchers said.
</topic_text>
<spam_score>0.00</spam_score>
<post_num>1</post_num>
<post_id>post-1</post_id>
<post_url>http://www.jasarat.org/2016/08/30/patients-operated-on-at-night-twice-more-likely-to-die-study/</post_url>
<post_date>20160830</post_date>
<post_time>1517</post_time>
<username>Agencies</username>
<post>
  Patients operated on at night twice more likely to die: study By Agencies   8:17 PM Patients who undergo surgery during the night may be twice more likely to die than those operated on during regular working hours, a new study has claimed. Patients operated on later in the working day or in the early evening also have a higher mortality risk, according to researchers from McGill University in Canada. A review of 30 day postoperative in hospital mortality was carried out in the General Hospital in Canada, Medical Xpress reported. The study evaluated all surgical procedures for the past 5 years, starting from April 1, 2010 to March 31 last year. A database was constructed collecting variables about surgical interventions. All elective and emergent surgical cases were included except ophthalmic and local anaesthesia cases. Researchers found that patients operated in the night were 2.17 times more likely to die than those operating on during regular daytime working hours. The study also found that patients operated on in the late day were 1.43 times more likely to die than those operated on during regular daytime working hours. “Postoperative 30-day in-hospital mortality rate should include start time of anaesthesia, along with other known variables, as a risk factor,” researchers said.
</post>
<signature>

</signature>
<external_links>

</external_links>
<country>DE</country>
<main_image>http://www.jasarat.org/wp-content/uploads/2016/08/Operation-Theater.jpg</main_image>
</document>
