<?xml version="1.0" encoding="UTF-8"?>
<document>
<type>mainstream</type>
<forum>http://www.mv-online.de/feed/34-in-und-ausland.xml</forum>
<forum_title>In- und Ausland</forum_title>
<discussion_title>Über 1000 Polizisten sollen Kurden-Demonstration schützen</discussion_title>
<language>german</language>
<gmt_offset></gmt_offset>
<topic_url>http://www.mv-online.de/in-+ausland/nrw_artikel,-Ueber-1000-Polizisten-sollen-Kurden-Demonstration-schuetzen-_arid,628969.html</topic_url>
<topic_text>
30.08.2016 Über 1000 Polizisten sollen Kurden-Demonstration schützen Köln (dpa) - Zwei Demonstrationen in Köln werden die Polizei am Wochenende massiv beschäftigen: Ein Protest von bis zu 30 000 Kurden am Samstag soll von mehr als 1000 Polizisten geschützt werden. Gleichfalls mehr als 1000 Polizisten sollen am nächsten Tag einen Demonstrationszug der rechtsextremistischen Partei Pro NRW abschirmen. Zeitgleich findet eine Kundgebung linksgerichteter Gegendemonstranten statt. 592809 Foto: dpa Wie die Kölner Polizei am Dienstag mitteilte, verzichten die Kurden auf einen ursprünglich geplanten Demonstrationszug. Stattdessen versammeln sie sich am Rheinufer. Polizeipräsident Jürgen Mathies sagte, er werde «weder verbotene Propaganda noch eine erkennbare Gefahr für die Sicherheit in der Stadt» hinnehmen. Die Demonstration wird von der Vereinigung Nav-Dem mitorganisiert. Der Verfassungsschutz stuft diese als Dachorganisation von Gruppen ein, die der als terroristisch geltenden verbotenen Kurdischen Arbeiterpartei (PKK) nahestehen. Die Nav-Dem teilte am Dienstag mit, die Demonstration richte sich unter anderem gegen das «diktatorische Vorgehen» des türkischen Präsident Recep Tayyip Erdogan seit dem gescheiterten Putschversuch und den Angriff der Türkei auf kurdische Milizen in Syrien. Bereits Ende Juli hatte eine Demonstration von mehreren zehntausend Türken mit vier Gegenkundgebungen die Kölner Polizei vor Herausforderungen gestellt. Es war friedlich geblieben, ein starkes Polizeiaufgebot hatte Zusammenstöße zwischen Demonstranten aus den unterschiedlichen Lagern verhindert. Artikel bewerten
</topic_text>
<spam_score>0.00</spam_score>
<post_num>1</post_num>
<post_id>post-1</post_id>
<post_url>http://www.mv-online.de/in-+ausland/nrw_artikel,-Ueber-1000-Polizisten-sollen-Kurden-Demonstration-schuetzen-_arid,628969.html</post_url>
<post_date>20160830</post_date>
<post_time>1515</post_time>
<username></username>
<post>
30.08.2016 Über 1000 Polizisten sollen Kurden-Demonstration schützen Köln (dpa) - Zwei Demonstrationen in Köln werden die Polizei am Wochenende massiv beschäftigen: Ein Protest von bis zu 30 000 Kurden am Samstag soll von mehr als 1000 Polizisten geschützt werden. Gleichfalls mehr als 1000 Polizisten sollen am nächsten Tag einen Demonstrationszug der rechtsextremistischen Partei Pro NRW abschirmen. Zeitgleich findet eine Kundgebung linksgerichteter Gegendemonstranten statt. 592809 Foto: dpa Wie die Kölner Polizei am Dienstag mitteilte, verzichten die Kurden auf einen ursprünglich geplanten Demonstrationszug. Stattdessen versammeln sie sich am Rheinufer. Polizeipräsident Jürgen Mathies sagte, er werde «weder verbotene Propaganda noch eine erkennbare Gefahr für die Sicherheit in der Stadt» hinnehmen. Die Demonstration wird von der Vereinigung Nav-Dem mitorganisiert. Der Verfassungsschutz stuft diese als Dachorganisation von Gruppen ein, die der als terroristisch geltenden verbotenen Kurdischen Arbeiterpartei (PKK) nahestehen. Die Nav-Dem teilte am Dienstag mit, die Demonstration richte sich unter anderem gegen das «diktatorische Vorgehen» des türkischen Präsident Recep Tayyip Erdogan seit dem gescheiterten Putschversuch und den Angriff der Türkei auf kurdische Milizen in Syrien. Bereits Ende Juli hatte eine Demonstration von mehreren zehntausend Türken mit vier Gegenkundgebungen die Kölner Polizei vor Herausforderungen gestellt. Es war friedlich geblieben, ein starkes Polizeiaufgebot hatte Zusammenstöße zwischen Demonstranten aus den unterschiedlichen Lagern verhindert. Artikel bewerten
</post>
<signature>

</signature>
<external_links>

</external_links>
<country>DE</country>
<main_image>http://www.mv-online.de/cms_media/module_img/1185/592809_1_articledetail_urn_newsml_dpa_com_20090101_160830_99_273835_large_4_3.jpg</main_image>
</document>
