<?xml version="1.0" encoding="UTF-8"?>
<document>
<type>mainstream</type>
<forum>http://www.csmonitor.com/The-Culture/Movies/Monitor-Movie-Guide</forum>
<forum_title>Monitor Movie Guide - The Christian Science Monitor - CSMonitor.com</forum_title>
<discussion_title>Scientists confirm what pet owners already know: Dogs understand us.</discussion_title>
<language>english</language>
<gmt_offset></gmt_offset>
<topic_url>http://www.csmonitor.com/Science/2016/0830/Scientists-confirm-what-pet-owners-already-know-Dogs-understand-us</topic_url>
<topic_text>
Dog lovers already know that a kindly word means a lot to the family pet, but researchers now understand why.
The amazing communication between humans and man&apos;s best friend has been the subject of scientific work for years, as dogs have had thousands of years to learn what their owners want and mean. Research in 2014 showed dogs rely on intonation to separate speech components , allowing them to understand what owners mean by, &quot;Let&apos;s go for a walk,&quot; but that study could not show how the speech was being processed in the canine brain.
New research from Hungary, published in the journal Science, studied the brain activity of dogs as they interpreted human speech. Scientists found the canine brain processes speech using both sides of the brain: The meaning of words activates the left side of the brain, while the tone goes through the right hemisphere. This not only clarifies what is happening inside a dog&apos;s brain when someone is speaking, as The Washington Post reported, it shows the dog&apos;s brain is working to process speech in much the same way as its owners.
Recommended: How well do you know your dog breeds? Take our quiz! The researchers were interested to find that canine brains process speech in a manner so similar to humans, reported the Agence France-Press. Their hope is that this knowledge can help humans to improve communication with man&apos;s best friend.
Test your knowledge How well do you know your dog breeds? Take our quiz! Photos of the Day Photos of the day 08/29 &quot;The human brain not only separately analyzes what we say and how we say it, but also integrates the two types of information, to arrive at a unified meaning,&quot; lead researcher Attila Andics told AFP. &quot;Our findings suggest that dogs can also do all that, and they use very similar brain mechanisms.&quot;
This means that to really understand the meaning, as dog lovers already know, the dog needs consistency in word and tone.
“It shows that for dogs, a nice praise can very well work as a reward, but it works best if both words and intonation match,” said Dr. Andics in a statement. “So dogs not only tell apart what we say and how we say it, but they can also combine the two, for a correct interpretation of what those words really meant.”
To determine this, the Hungarian researchers and colleagues at Eötvös Loránd University in Budapest trained a collection of family-owned golden retrievers and border collies to sit quietly inside an MRI scanner. With the scanner monitoring brain activity, a trusted trainer issued compliments such as &quot;clever&quot; and &quot;that&apos;s it&quot; in both a warm tone and a flat tone.
Unrestrained and resting, the dogs&apos; brains processed the words regardless of tone, with the words&apos; meaning going to the left brain and the tone going to the right, the Associated Press reported. Only when they matched, however, did the brain&apos;s &quot;reward&quot; center express the same sort of excitement seen after physical rewards such as food, sex, or a good ear scratch.
&quot;Dog brains care about both what we say and how we say it,&quot; Andics told AP. &quot;Praise can work as a reward only if both word meaning and intonation match.&quot;
</topic_text>
<spam_score>0.24</spam_score>
<post_num>1</post_num>
<post_id>post-1</post_id>
<post_url>http://www.csmonitor.com/Science/2016/0830/Scientists-confirm-what-pet-owners-already-know-Dogs-understand-us</post_url>
<post_date>20160830</post_date>
<post_time></post_time>
<username></username>
<post>
Dog lovers already know that a kindly word means a lot to the family pet, but researchers now understand why.
The amazing communication between humans and man&apos;s best friend has been the subject of scientific work for years, as dogs have had thousands of years to learn what their owners want and mean. Research in 2014 showed dogs rely on intonation to separate speech components , allowing them to understand what owners mean by, &quot;Let&apos;s go for a walk,&quot; but that study could not show how the speech was being processed in the canine brain.
New research from Hungary, published in the journal Science, studied the brain activity of dogs as they interpreted human speech. Scientists found the canine brain processes speech using both sides of the brain: The meaning of words activates the left side of the brain, while the tone goes through the right hemisphere. This not only clarifies what is happening inside a dog&apos;s brain when someone is speaking, as The Washington Post reported, it shows the dog&apos;s brain is working to process speech in much the same way as its owners.
Recommended: How well do you know your dog breeds? Take our quiz! The researchers were interested to find that canine brains process speech in a manner so similar to humans, reported the Agence France-Press. Their hope is that this knowledge can help humans to improve communication with man&apos;s best friend.
Test your knowledge How well do you know your dog breeds? Take our quiz! Photos of the Day Photos of the day 08/29 &quot;The human brain not only separately analyzes what we say and how we say it, but also integrates the two types of information, to arrive at a unified meaning,&quot; lead researcher Attila Andics told AFP. &quot;Our findings suggest that dogs can also do all that, and they use very similar brain mechanisms.&quot;
This means that to really understand the meaning, as dog lovers already know, the dog needs consistency in word and tone.
“It shows that for dogs, a nice praise can very well work as a reward, but it works best if both words and intonation match,” said Dr. Andics in a statement. “So dogs not only tell apart what we say and how we say it, but they can also combine the two, for a correct interpretation of what those words really meant.”
To determine this, the Hungarian researchers and colleagues at Eötvös Loránd University in Budapest trained a collection of family-owned golden retrievers and border collies to sit quietly inside an MRI scanner. With the scanner monitoring brain activity, a trusted trainer issued compliments such as &quot;clever&quot; and &quot;that&apos;s it&quot; in both a warm tone and a flat tone.
Unrestrained and resting, the dogs&apos; brains processed the words regardless of tone, with the words&apos; meaning going to the left brain and the tone going to the right, the Associated Press reported. Only when they matched, however, did the brain&apos;s &quot;reward&quot; center express the same sort of excitement seen after physical rewards such as food, sex, or a good ear scratch.
&quot;Dog brains care about both what we say and how we say it,&quot; Andics told AP. &quot;Praise can work as a reward only if both word meaning and intonation match.&quot;
</post>
<signature>

</signature>
<external_links>
<external_link>https://www.washingtonpost.com/news/animalia/wp/2016/08/30/confirmed-your-dog-really-does-get-you/</external_link><external_link>http://hosted.ap.org/dynamic/stories/E/EU_SCI_DOG_BRAINS?SITE=AP&amp;SECTION=HOME&amp;TEMPLATE=DEFAULT</external_link><external_link>https://www.yahoo.com/news/dogs-humans-distinguish-words-intonation-105903981.html</external_link>
</external_links>
<country>US</country>
<main_image>http://images.csmonitor.com/csm/2016/08/1000482_1_83016-dogs.png_standard.png?alias=standard_900x600</main_image>
</document>
