<?xml version="1.0" encoding="UTF-8"?>
<document>
<type>mainstream</type>
<forum>http://www.loker.web.id/feed/</forum>
<forum_title>Loker.id</forum_title>
<discussion_title>Lowongan Sales Coordinator PT BEST DENKI INDONESIA</discussion_title>
<language>indonesian</language>
<gmt_offset></gmt_offset>
<topic_url>http://www.loker.id/sales/lowongan-sales-coordinator-pt-best-denki-indonesia.html</topic_url>
<topic_text>
Beranda &gt; Sales &gt; Lowongan Sales Coordinator PT BEST DENKI INDONESIA Lowongan Sales Coordinator PT BEST DENKI INDONESIA   
PT BEST DENKI INDONESIA Adalah perusahaan retail electronic terbesar yang sedang berkembang dibidang pemasaran elektronic , yang memiliki cabang – cabang diindonesia. Sedang membutuhkan tenaga kerja yang profesional dibidang Sales Coordinator untuk area jakarta dan Sekitar 
Pengalaman dibidang Sales 1 Tahun 
Keahlian : 
Menguasai Komputer ( Excel, word dan power Point ) Penampilan Menarik Memiliki SKCK Memiliki Referensi Kerja Pengalaman Sales Silahkan Login untuk bisa melamar pekerjaan ini.. Jika anda belum memiliki account, registrasi terlebih dahulu sebagai pencari kerja di Loker.id Posisi / Nama Perusahaan:
</topic_text>
<spam_score>0.00</spam_score>
<post_num>1</post_num>
<post_id>post-1</post_id>
<post_url>http://www.loker.id/sales/lowongan-sales-coordinator-pt-best-denki-indonesia.html</post_url>
<post_date>20160830</post_date>
<post_time>1446</post_time>
<username>Best Denki Indonesia</username>
<post>
Beranda &gt; Sales &gt; Lowongan Sales Coordinator PT BEST DENKI INDONESIA Lowongan Sales Coordinator PT BEST DENKI INDONESIA   
PT BEST DENKI INDONESIA Adalah perusahaan retail electronic terbesar yang sedang berkembang dibidang pemasaran elektronic , yang memiliki cabang – cabang diindonesia. Sedang membutuhkan tenaga kerja yang profesional dibidang Sales Coordinator untuk area jakarta dan Sekitar 
Pengalaman dibidang Sales 1 Tahun 
Keahlian : 
Menguasai Komputer ( Excel, word dan power Point ) Penampilan Menarik Memiliki SKCK Memiliki Referensi Kerja Pengalaman Sales Silahkan Login untuk bisa melamar pekerjaan ini.. Jika anda belum memiliki account, registrasi terlebih dahulu sebagai pencari kerja di Loker.id Posisi / Nama Perusahaan:
</post>
<signature>

</signature>
<external_links>

</external_links>
<country>US</country>
<main_image>http://www.loker.id/images/lowi-loker160x132.png</main_image>
</document>
