<?xml version="1.0" encoding="UTF-8"?>
<document>
<type>mainstream</type>
<forum>http://info.sibnet.ru/data/last.rss</forum>
<forum_title>Sibnet: Новости</forum_title>
<discussion_title>Япония поможет России вопреки спору о Курилах</discussion_title>
<language>russian</language>
<gmt_offset></gmt_offset>
<topic_url>http://info.sibnet.ru/article/493141/</topic_url>
<topic_text>
Фото : Moyan_Brenn / Attribution License Власти Японии намерены оказывать экономическую помощь российскому Дальнему Востоку вопреки территориальному спору вокруг Курил, сообщает японское издание The Japan Times со ссылкой на источники в правительстве. 
Ожидается, что о своём решение премьер-министр Японии Синдзо Абэ сообщит президенту России Владимиру Путину в рамках двухдневного Восточного экономического форума, который пройдёт во Владивостоке 2 и 3 сентября. Россия предложила Японии поделить Курилы 
Японские источники признали, что Токио для достижения успеха в территориальных переговорах должно «изменить образ мышления», отмечает издание. В частности, уже в ближайшие месяцы Япония реализует программу из восьми пунктов, которую Абэ представил Путину в мае этого года. 
В её рамках граждане Дальнего Востока смогут получать высокотехнологичную медицинскую помощь, а совместное совершенствование системы медицинского обслуживания в регионе позволит Японии завоевать доверие Москвы, считают в Токио. 
Япония считает острова Курильской гряды Итуруп, Кунашир, Шикотан и Хабомаи своими «северными территориями». В Москве заявляют, что Курилы вошли в состав СССР по итогам Второй мировой. По этой причине мирный договор между странами так и не был подписан. 
В мае 2016 года в Сочи состоялись переговоры Путина и Абэ, по итогам которых Россия и Япония договорились возобновить консультации по заключению мирного договора. При этом японская сторона рассчитывает, что в ходе переговоров будет решена проблема Курильских островов. 30 августа 2016, 16:12 НСК источник:
</topic_text>
<spam_score>0.00</spam_score>
<post_num>1</post_num>
<post_id>post-1</post_id>
<post_url>http://info.sibnet.ru/article/493141/</post_url>
<post_date>20160830</post_date>
<post_time>0912</post_time>
<username></username>
<post>
Фото : Moyan_Brenn / Attribution License Власти Японии намерены оказывать экономическую помощь российскому Дальнему Востоку вопреки территориальному спору вокруг Курил, сообщает японское издание The Japan Times со ссылкой на источники в правительстве. 
Ожидается, что о своём решение премьер-министр Японии Синдзо Абэ сообщит президенту России Владимиру Путину в рамках двухдневного Восточного экономического форума, который пройдёт во Владивостоке 2 и 3 сентября. Россия предложила Японии поделить Курилы 
Японские источники признали, что Токио для достижения успеха в территориальных переговорах должно «изменить образ мышления», отмечает издание. В частности, уже в ближайшие месяцы Япония реализует программу из восьми пунктов, которую Абэ представил Путину в мае этого года. 
В её рамках граждане Дальнего Востока смогут получать высокотехнологичную медицинскую помощь, а совместное совершенствование системы медицинского обслуживания в регионе позволит Японии завоевать доверие Москвы, считают в Токио. 
Япония считает острова Курильской гряды Итуруп, Кунашир, Шикотан и Хабомаи своими «северными территориями». В Москве заявляют, что Курилы вошли в состав СССР по итогам Второй мировой. По этой причине мирный договор между странами так и не был подписан. 
В мае 2016 года в Сочи состоялись переговоры Путина и Абэ, по итогам которых Россия и Япония договорились возобновить консультации по заключению мирного договора. При этом японская сторона рассчитывает, что в ходе переговоров будет решена проблема Курильских островов. 30 августа 2016, 16:12 НСК источник:
</post>
<signature>

</signature>
<external_links>

</external_links>
<country>RU</country>
<main_image>http://info.sibnet.ru/article/493141/ni/493/493141w_1472549134.jpg</main_image>
</document>
