<?xml version="1.0" encoding="UTF-8"?>
<document>
<type>mainstream</type>
<forum>http://www.news-star.com/news/shareable?template=rss&amp;mime=xml</forum>
<forum_title>Shareable - The Shawnee News-Star</forum_title>
<discussion_title>&apos;Dancing With the Stars&apos; announces cast: Rick Perry, Ryan Lochte, Amber Rose, Vanilla Ice and more</discussion_title>
<language>english</language>
<gmt_offset></gmt_offset>
<topic_url>http://www.news-star.com/zz/shareable/20160830/dancing-with-stars-announces-cast-rick-perry-ryan-lochte-amber-rose-vanilla-ice-and-more?rssfeed=true</topic_url>
<topic_text>
 17 AM By Emily Yahr The Washington Post  17 AM &quot;Dancing With the Stars&quot; announced its new cast for Season 23 on &quot;Good Morning America&quot; on Tuesday, and it is eclectic, including Olympic swimmer Ryan Lochte, model Amber Rose and former presidential contender Texas governor Rick Perry. &quot;Rick Perry will be cha-cha-ing!&quot; host Tom Bergeron gleefully told &quot;GMA&quot; co-anchor George Stephanopoulos. &quot;We&apos;ve had a Texas politician in the past, right? Tom DeLay?&quot; Stephanopoulos asked of the former House majority leader and 2009 &quot;DWTS&quot; contestant, who had to drop out with foot injuries. &quot;That&apos;s right. Hopefully, Rick will do better,&quot; Bergeron added. Here&apos;s the complete cast list for this season, which kicks off Sept. 12 on ABC: - Jake T. Austin, 21, actor How you know him: He starred for years as Selena Gomez&apos;s younger brother on Disney&apos;s &quot;Wizards of Waverly Place,&quot; followed by two seasons on ABC Family drama &quot;The Fosters.&quot; He&apos;s very much a part of the ABC-Disney family. - Kenneth &quot;Babyface&quot; Edmonds, 57, R&amp;B singer/songwriter/producer How you know him: Ever heard Boyz II Men power ballads &quot;I&apos;ll Make Love To You&quot; or &quot;End of the Road&quot;? Of course you have. Babyface, an unstoppable force in the 1990s, wrote both. He&apos;s also a producer on &quot;The Bodyguard&quot; soundtrack. Of course, he&apos;s a successful singer in his own right, racking up multiple Grammy-nominated songs. - Marilu Henner, 64, actress How you know her: For starring on &quot;Taxi&quot; in the late 1970s and early 1980s. But also did you know she has &quot;highly superior autobiographical memory&quot; and can remember everything? - James Hinchcliffe, 29, race-car driver How you know him: If you follow autoracing - or you might recognize him from headlines about how he almost died while training for the Indy 500 last year, surviving a horrific crash. - Calvin Johnson, 30, former NFL player How you know him: As the former Detroit Lions wide receiver for his whole career - he just announced his retirement in the spring. - Terra Jole, 36, reality star How you know her: She&apos;s one of the original cast members on Lifetime&apos;s reality show &quot;Little Women: LA,&quot; and she later landed a spin-off, &quot;Little Women: Terra&apos;s Little Family,&quot; about life with a new baby. - Jana Kramer, 31, country singer How you know her: If you&apos;re a country fan, her breakout single &quot;Why Ya Wanna&quot; topped the charts in 2012, and she recently had a hit with &quot;I Got the Boy.&quot; But she was first known as a TV actress on &quot;One Tree Hill,&quot; along with stints on &quot;Entourage&quot; and &quot;Friday Night Lights.&quot; - Laurie Hernandez, 16, Olympic gymnast How you know her: As one-fifth of the Final Five, the gold-medal-winning U.S. Olympic gymnastics team this year. Oh, and she was just onstage at the MTV Video Music Awards and got to hug Beyoncé. Page 2 of 2 - - Ryan Lochte, 32, Olympic swimmer How you know him: Oh, he&apos;s just the athlete who caused an international scandal when he exaggerated details of an alleged robbery during the Olympics. He also has a few gold medals. - Maureen McCormick, 60, actress How you know her: If you don&apos;t know Maureen McCormick, then you don&apos;t know &quot;The Brady Bunch&quot; or Marcia Brady (!), and that&apos;s unforgivable. - Rick Perry, 66, politician How you know him: He was the governor of Texas for 15 years, and he launched presidential campaigns to be on the Republican ticket in 2012 and 2016. - Amber Rose, 32, model and actress How you know her: Maybe you&apos;re one of her 12 million Instagram followers. Or you know her from her modeling career, or VH1 talk show, or her book, &quot;How to Be a Bad Bitch.&quot; Regular tabloid readers may also recognize her from dating Kanye West (he gave her a shout-out at the VMAs on Sunday) or her brief marriage to Wiz Khalifa. - Vanilla Ice, 48, rapper How you know him: &quot;Ice, ice baby ...&quot; Although in more recent years, he has embraced his passion as a home renovator and stars in DIY Network&apos;s &quot;The Vanilla Ice Project.&quot; Author Information: Emily Yahr covers pop culture and entertainment for the Post. @emilyyahr By Emily Yahr
</topic_text>
<spam_score>0.00</spam_score>
<post_num>1</post_num>
<post_id>post-1</post_id>
<post_url>http://www.news-star.com/zz/shareable/20160830/dancing-with-stars-announces-cast-rick-perry-ryan-lochte-amber-rose-vanilla-ice-and-more?rssfeed=true</post_url>
<post_date>20160830</post_date>
<post_time>1517</post_time>
<username>Emily Yahr The Washington Post</username>
<post>
 17 AM By Emily Yahr The Washington Post  17 AM &quot;Dancing With the Stars&quot; announced its new cast for Season 23 on &quot;Good Morning America&quot; on Tuesday, and it is eclectic, including Olympic swimmer Ryan Lochte, model Amber Rose and former presidential contender Texas governor Rick Perry. &quot;Rick Perry will be cha-cha-ing!&quot; host Tom Bergeron gleefully told &quot;GMA&quot; co-anchor George Stephanopoulos. &quot;We&apos;ve had a Texas politician in the past, right? Tom DeLay?&quot; Stephanopoulos asked of the former House majority leader and 2009 &quot;DWTS&quot; contestant, who had to drop out with foot injuries. &quot;That&apos;s right. Hopefully, Rick will do better,&quot; Bergeron added. Here&apos;s the complete cast list for this season, which kicks off Sept. 12 on ABC: - Jake T. Austin, 21, actor How you know him: He starred for years as Selena Gomez&apos;s younger brother on Disney&apos;s &quot;Wizards of Waverly Place,&quot; followed by two seasons on ABC Family drama &quot;The Fosters.&quot; He&apos;s very much a part of the ABC-Disney family. - Kenneth &quot;Babyface&quot; Edmonds, 57, R&amp;B singer/songwriter/producer How you know him: Ever heard Boyz II Men power ballads &quot;I&apos;ll Make Love To You&quot; or &quot;End of the Road&quot;? Of course you have. Babyface, an unstoppable force in the 1990s, wrote both. He&apos;s also a producer on &quot;The Bodyguard&quot; soundtrack. Of course, he&apos;s a successful singer in his own right, racking up multiple Grammy-nominated songs. - Marilu Henner, 64, actress How you know her: For starring on &quot;Taxi&quot; in the late 1970s and early 1980s. But also did you know she has &quot;highly superior autobiographical memory&quot; and can remember everything? - James Hinchcliffe, 29, race-car driver How you know him: If you follow autoracing - or you might recognize him from headlines about how he almost died while training for the Indy 500 last year, surviving a horrific crash. - Calvin Johnson, 30, former NFL player How you know him: As the former Detroit Lions wide receiver for his whole career - he just announced his retirement in the spring. - Terra Jole, 36, reality star How you know her: She&apos;s one of the original cast members on Lifetime&apos;s reality show &quot;Little Women: LA,&quot; and she later landed a spin-off, &quot;Little Women: Terra&apos;s Little Family,&quot; about life with a new baby. - Jana Kramer, 31, country singer How you know her: If you&apos;re a country fan, her breakout single &quot;Why Ya Wanna&quot; topped the charts in 2012, and she recently had a hit with &quot;I Got the Boy.&quot; But she was first known as a TV actress on &quot;One Tree Hill,&quot; along with stints on &quot;Entourage&quot; and &quot;Friday Night Lights.&quot; - Laurie Hernandez, 16, Olympic gymnast How you know her: As one-fifth of the Final Five, the gold-medal-winning U.S. Olympic gymnastics team this year. Oh, and she was just onstage at the MTV Video Music Awards and got to hug Beyoncé. Page 2 of 2 - - Ryan Lochte, 32, Olympic swimmer How you know him: Oh, he&apos;s just the athlete who caused an international scandal when he exaggerated details of an alleged robbery during the Olympics. He also has a few gold medals. - Maureen McCormick, 60, actress How you know her: If you don&apos;t know Maureen McCormick, then you don&apos;t know &quot;The Brady Bunch&quot; or Marcia Brady (!), and that&apos;s unforgivable. - Rick Perry, 66, politician How you know him: He was the governor of Texas for 15 years, and he launched presidential campaigns to be on the Republican ticket in 2012 and 2016. - Amber Rose, 32, model and actress How you know her: Maybe you&apos;re one of her 12 million Instagram followers. Or you know her from her modeling career, or VH1 talk show, or her book, &quot;How to Be a Bad Bitch.&quot; Regular tabloid readers may also recognize her from dating Kanye West (he gave her a shout-out at the VMAs on Sunday) or her brief marriage to Wiz Khalifa. - Vanilla Ice, 48, rapper How you know him: &quot;Ice, ice baby ...&quot; Although in more recent years, he has embraced his passion as a home renovator and stars in DIY Network&apos;s &quot;The Vanilla Ice Project.&quot; Author Information: Emily Yahr covers pop culture and entertainment for the Post. @emilyyahr By Emily Yahr
</post>
<signature>

</signature>
<external_links>

</external_links>
<country>US</country>
<main_image>http://www.news-star.com/storyimage/ZZ/20160830/SHAREABLE/160839985/AR/0/Ryan-Lochte-rick-perry-vanilla-ice-DWTS-dancing-with-the-stars-cast.jpg</main_image>
</document>
