<?xml version="1.0" encoding="UTF-8"?>
<document>
<type>mainstream</type>
<forum>http://www.news-star.com/news/shareable?template=rss&amp;mime=xml</forum>
<forum_title>Shareable - The Shawnee News-Star</forum_title>
<discussion_title>500 cows rustled from New Zealand farm in unusual case</discussion_title>
<language>english</language>
<gmt_offset></gmt_offset>
<topic_url>http://www.news-star.com/zz/shareable/20160830/500-cows-rustled-from-new-zealand-farm-in-unusual-case?rssfeed=true</topic_url>
<topic_text>
500 cows rustled from New Zealand farm in unusual case Locals said they&apos;d never before heard of cattle rustling on such a massive scale. And that&apos;s in a nation that&apos;s home to some 10 million cows, more than double the number of people. Comment  00 AM By Nick Perry  00 AM How do you steal 500 cows? Probably not all at once. That&apos;s according to New Zealand police, who said Tuesday that they were investigating reports of the unlikely crime at a South Island farm. Locals said they&apos;d never before heard of cattle rustling on such a massive scale. And that&apos;s in a nation that&apos;s home to some 10 million cows, more than double the number of people. The farmer involved is feeling too sheepish to talk about what happened, according to friend Willy Leferink. &quot;He&apos;s absolutely gobsmacked, and deeply embarrassed,&quot; Leferink said. &quot;If you had three-quarters of a million dollars go missing, you wouldn&apos;t want to talk about it either.&quot; Leferink said each milking cow was worth about 1,500 New Zealand dollars ($1,090) and weighed more than half a ton. He said the cows could have been taken from the herd of 1,300 near the town of Ashburton anytime between early July, when they were last counted, and late August. He said the cows weren&apos;t being milked because it was winter, but the farmer did notice they weren&apos;t chewing through as much feed as normal. Police said the incident came as a reminder to farmers that they should be checking their fences and counting their stock regularly. &quot;It&apos;s unlikely the theft of hundreds of animals could be completed at once, and is more likely that multiple thefts could be carried out over a period of time,&quot; Senior Sgt. Scott Banfield said in a statement. Leferink said a trailer-truck would need to be loaded 13 times over to move all the cattle. &quot;There have to be a number of people involved,&quot; Leferink said. &quot;That&apos;s the biggest chance we have, of somebody cracking at some stage.&quot; He said the thieves would face a tough time trying to fence the cows, because each one comes with an electronic identification tag in its ear. He said the tags could be removed, but that an honest dealer wouldn&apos;t buy a cow without a tag. Leferink said farmers can sometimes be relaxed about security. &quot;They&apos;re good-natured and haven&apos;t got evil thoughts in them,&quot; he said. &quot;This is very hard to deal with.&quot; By Nick Perry
</topic_text>
<spam_score>0.00</spam_score>
<post_num>1</post_num>
<post_id>post-1</post_id>
<post_url>http://www.news-star.com/zz/shareable/20160830/500-cows-rustled-from-new-zealand-farm-in-unusual-case?rssfeed=true</post_url>
<post_date>20160830</post_date>
<post_time>1500</post_time>
<username>Nick Perry Associated Press</username>
<post>
500 cows rustled from New Zealand farm in unusual case Locals said they&apos;d never before heard of cattle rustling on such a massive scale. And that&apos;s in a nation that&apos;s home to some 10 million cows, more than double the number of people. Comment  00 AM By Nick Perry  00 AM How do you steal 500 cows? Probably not all at once. That&apos;s according to New Zealand police, who said Tuesday that they were investigating reports of the unlikely crime at a South Island farm. Locals said they&apos;d never before heard of cattle rustling on such a massive scale. And that&apos;s in a nation that&apos;s home to some 10 million cows, more than double the number of people. The farmer involved is feeling too sheepish to talk about what happened, according to friend Willy Leferink. &quot;He&apos;s absolutely gobsmacked, and deeply embarrassed,&quot; Leferink said. &quot;If you had three-quarters of a million dollars go missing, you wouldn&apos;t want to talk about it either.&quot; Leferink said each milking cow was worth about 1,500 New Zealand dollars ($1,090) and weighed more than half a ton. He said the cows could have been taken from the herd of 1,300 near the town of Ashburton anytime between early July, when they were last counted, and late August. He said the cows weren&apos;t being milked because it was winter, but the farmer did notice they weren&apos;t chewing through as much feed as normal. Police said the incident came as a reminder to farmers that they should be checking their fences and counting their stock regularly. &quot;It&apos;s unlikely the theft of hundreds of animals could be completed at once, and is more likely that multiple thefts could be carried out over a period of time,&quot; Senior Sgt. Scott Banfield said in a statement. Leferink said a trailer-truck would need to be loaded 13 times over to move all the cattle. &quot;There have to be a number of people involved,&quot; Leferink said. &quot;That&apos;s the biggest chance we have, of somebody cracking at some stage.&quot; He said the thieves would face a tough time trying to fence the cows, because each one comes with an electronic identification tag in its ear. He said the tags could be removed, but that an honest dealer wouldn&apos;t buy a cow without a tag. Leferink said farmers can sometimes be relaxed about security. &quot;They&apos;re good-natured and haven&apos;t got evil thoughts in them,&quot; he said. &quot;This is very hard to deal with.&quot; By Nick Perry
</post>
<signature>

</signature>
<external_links>

</external_links>
<country>US</country>
<main_image>http://www.news-star.com/storyimage/ZZ/20160830/SHAREABLE/160839988/AR/0/new-zealand-cows-stolen-500-gone.jpg</main_image>
</document>
