<?xml version="1.0" encoding="UTF-8"?>
<document>
<type>mainstream</type>
<forum>http://www.taz.de/rss.xml</forum>
<forum_title>taz.de - taz.de</forum_title>
<discussion_title>Diffamierungsversuch gegen mimikama.at: Rechte mobben Gerüchtejäger</discussion_title>
<language>german</language>
<gmt_offset></gmt_offset>
<topic_url>http://www.taz.de/Diffamierungsversuch-gegen-mimikamaat/!5335112/</topic_url>
<topic_text>
Die Betreiber der Hoaxbusting-Seite mimikama.at stehen derzeit unter Druck von rechts. In einem Facebook-Post machte der gemeinnützige Verein vor zwei Wochen auf die Bedrohungen gegen sich aufmerksam. „Wir bekommen Drohungen und haben mittlerweile Angst, das Büro zu verlassen“, hieß es darin unter anderem. Der Grund: Seit einiger Zeit steht die Adresse des Vereins im Impressum von „Migrantenschreck.ru“, einem Onlineshop für Hartgummi-Waffen, über den außerdem rechte Inhalte verbreitet werden. Mimikama hatte in der Vergangenheit immer wieder Beiträge veröffentlicht, die sich kritisch mit Migrantenschreck und anderer Nazihetze im Internet auseinandersetzen. Die Arbeit von Mimikama besteht vor allem darin, über Falschmeldungen im Internet aufzuklären, unter anderem auch über die Facebookseite „Zuerst denken, dann klicken“ (ZDDK).
In diesem Zusammenhang thematisierte der Verein auch die Hetze von Anonymous.Kollektiv, einer rechtsextremen Gruppe, deren Seite inzwischen von Facebook gelöscht worden ist. Nach der Nennung ihrer Namen und der Anschrift des Vereins im Impressum von Migrantenschreck.ru haben die Mimikama-Betreiber nach eigenen Angaben Drohungen erhalten. Und zwar neben rechten Drohungen auch solche, die sich eigentlich gegen Migrantenschreck.ru richten, so André Wolf, Social-Media-Koordinator bei Mimikama und ZDDK.
Auch erhielt der Verein Post – zum Beispiel Abmahnungen –, die eigentlich an Migrantenschreck.ru gerichtet sei. Wolf befürchtet, dass Mimikama und Migrantenschreck für dasselbe gehalten werden könnten. 
Bisher ist es bei Drohungen geblieben. Allerdings ist die Diffamierungskampagne für Wolf und den Mimikama-Gründer Tom Wannenmacher sowie gut 20 ehrenamtliche Mitarbeiter eine zusätzliche Belastung. Dennoch wollen die Betreiber weitermachen. Sie fühlten sich bestärkt durch die Solidaritätsbekundungen ihrer Follower. 
  Kultur Netzkultur 29. 8. 2016 Richard Diesing Themen Hoax Rassismus Rechtsextremismus mehr zum Thema Hoax Rassismus Rechtsextremismus Artikel zum Thema Falschmeldungen im Netz Teile und herrsche Hate Speech in sozialen Netzwerken Auffangbecken für Facebook-Hetzer Monitoring-Bericht zu Hate-Speech Die neue Dimension der Aluhüte Debatte Rechtsextreme in Deutschland Ihr Kampf geht weiter Politische Ausrichtung der Montagsdemos Mission links   Kopieren im Netz Lob der Piraterie Depressionsdiagnose per Profilbild Rorschachtest mit Instagram Diffamierungsversuch gegen mimikama.at Rechte mobben Gerüchtejäger Glücksspiel im Internet Vom Gaming zum Gambling 20 Jahre Smartphone Geschichte eines Massentrends mehr von Richard Diesing Shop Ob Gewürze, Kräuter oder anderes Grünzeug – in unseren zeitlos schönen Apothekergläsern lässt sich Erntegut wasserdicht, lichtgeschützt und aromasicher lagern. 
Jetzt bestellen   
Leserkommentare conny loggo 30. 08. 2016, 13:56 Auch verdeckte linke Staatsstiftungen mobben. Und zwar von Rechtskonservativ bis Rechts.
antworten melden Wagenbär 29. 08. 2016, 22:33 Zu dem, wie er selbst erklärte, zu Unrecht als Betreiber der Nazi-Hass-Seite &quot;Anonymus-Kollektiv&quot; bezeichneten Mario Rönsch aus Erfurt, empfielt es sich, 
dessen Namen bei Google einzugeben: https://www.google.d...önsch&amp;gws_rd=cr 

Mit Mario Rönsch ist damit ein weiterer rechtsextremer Hetzer aus dem Gründungszirkel der &quot;Montagsmahnwachen für den Frieden&quot; enttarnt worden.

Ein weiterer ist z.b. der erst jüngst wieder verurteilte Blood&amp;honour-Nazi Sven Liebig aus Halle. https://www.google.d...&amp;q=sven liebich 
Liebich, der den Mahnwachenableger in Halle mitbegründete, ist wie mutmasslich auch Rönsch, Geschäftspartner von &quot;Ken Jebsen&quot;, der eine der wichtigsten Gründungsfiguren der Politsekte, und von Anbeginn an ihr eigentlicher Stichwortgeber war und ist.
antworten melden jetzt mitreden Ihren Kommentar hier eingeben
      Bundeskanzlerin Angela Merkel Die Verwandlung
</topic_text>
<spam_score>0.00</spam_score>
<post_num>1</post_num>
<post_id>post-1</post_id>
<post_url>http://www.taz.de/Diffamierungsversuch-gegen-mimikamaat/!5335112/</post_url>
<post_date>20160829</post_date>
<post_time></post_time>
<username>Richard Diesing</username>
<post>
Die Betreiber der Hoaxbusting-Seite mimikama.at stehen derzeit unter Druck von rechts. In einem Facebook-Post machte der gemeinnützige Verein vor zwei Wochen auf die Bedrohungen gegen sich aufmerksam. „Wir bekommen Drohungen und haben mittlerweile Angst, das Büro zu verlassen“, hieß es darin unter anderem. Der Grund: Seit einiger Zeit steht die Adresse des Vereins im Impressum von „Migrantenschreck.ru“, einem Onlineshop für Hartgummi-Waffen, über den außerdem rechte Inhalte verbreitet werden. Mimikama hatte in der Vergangenheit immer wieder Beiträge veröffentlicht, die sich kritisch mit Migrantenschreck und anderer Nazihetze im Internet auseinandersetzen. Die Arbeit von Mimikama besteht vor allem darin, über Falschmeldungen im Internet aufzuklären, unter anderem auch über die Facebookseite „Zuerst denken, dann klicken“ (ZDDK).
In diesem Zusammenhang thematisierte der Verein auch die Hetze von Anonymous.Kollektiv, einer rechtsextremen Gruppe, deren Seite inzwischen von Facebook gelöscht worden ist. Nach der Nennung ihrer Namen und der Anschrift des Vereins im Impressum von Migrantenschreck.ru haben die Mimikama-Betreiber nach eigenen Angaben Drohungen erhalten. Und zwar neben rechten Drohungen auch solche, die sich eigentlich gegen Migrantenschreck.ru richten, so André Wolf, Social-Media-Koordinator bei Mimikama und ZDDK.
Auch erhielt der Verein Post – zum Beispiel Abmahnungen –, die eigentlich an Migrantenschreck.ru gerichtet sei. Wolf befürchtet, dass Mimikama und Migrantenschreck für dasselbe gehalten werden könnten. 
Bisher ist es bei Drohungen geblieben. Allerdings ist die Diffamierungskampagne für Wolf und den Mimikama-Gründer Tom Wannenmacher sowie gut 20 ehrenamtliche Mitarbeiter eine zusätzliche Belastung. Dennoch wollen die Betreiber weitermachen. Sie fühlten sich bestärkt durch die Solidaritätsbekundungen ihrer Follower. 
  Kultur Netzkultur 29. 8. 2016 Richard Diesing Themen Hoax Rassismus Rechtsextremismus mehr zum Thema Hoax Rassismus Rechtsextremismus Artikel zum Thema Falschmeldungen im Netz Teile und herrsche Hate Speech in sozialen Netzwerken Auffangbecken für Facebook-Hetzer Monitoring-Bericht zu Hate-Speech Die neue Dimension der Aluhüte Debatte Rechtsextreme in Deutschland Ihr Kampf geht weiter Politische Ausrichtung der Montagsdemos Mission links   Kopieren im Netz Lob der Piraterie Depressionsdiagnose per Profilbild Rorschachtest mit Instagram Diffamierungsversuch gegen mimikama.at Rechte mobben Gerüchtejäger Glücksspiel im Internet Vom Gaming zum Gambling 20 Jahre Smartphone Geschichte eines Massentrends mehr von Richard Diesing Shop Ob Gewürze, Kräuter oder anderes Grünzeug – in unseren zeitlos schönen Apothekergläsern lässt sich Erntegut wasserdicht, lichtgeschützt und aromasicher lagern. 
Jetzt bestellen   
Leserkommentare conny loggo 30. 08. 2016, 13:56 Auch verdeckte linke Staatsstiftungen mobben. Und zwar von Rechtskonservativ bis Rechts.
antworten melden Wagenbär 29. 08. 2016, 22:33 Zu dem, wie er selbst erklärte, zu Unrecht als Betreiber der Nazi-Hass-Seite &quot;Anonymus-Kollektiv&quot; bezeichneten Mario Rönsch aus Erfurt, empfielt es sich, 
dessen Namen bei Google einzugeben: https://www.google.d...önsch&amp;gws_rd=cr 

Mit Mario Rönsch ist damit ein weiterer rechtsextremer Hetzer aus dem Gründungszirkel der &quot;Montagsmahnwachen für den Frieden&quot; enttarnt worden.

Ein weiterer ist z.b. der erst jüngst wieder verurteilte Blood&amp;honour-Nazi Sven Liebig aus Halle. https://www.google.d...&amp;q=sven liebich 
Liebich, der den Mahnwachenableger in Halle mitbegründete, ist wie mutmasslich auch Rönsch, Geschäftspartner von &quot;Ken Jebsen&quot;, der eine der wichtigsten Gründungsfiguren der Politsekte, und von Anbeginn an ihr eigentlicher Stichwortgeber war und ist.
antworten melden jetzt mitreden Ihren Kommentar hier eingeben
      Bundeskanzlerin Angela Merkel Die Verwandlung
</post>
<signature>

</signature>
<external_links>

</external_links>
<country>DE</country>
<main_image>http://www.taz.de/picture/1431301/948/Bildschirmfoto_2016-08-29_um_151151.png</main_image>
</document>
