<?xml version="1.0" encoding="UTF-8"?>
<document>
<type>mainstream</type>
<forum>http://anibis.ch//fr/automobiles--4/rssexport.aspx</forum>
<forum_title>Petites annonces Automobiles</forum_title>
<discussion_title>Subaru justy, 2003, 150&apos;000 km, 500.–</discussion_title>
<language>french</language>
<gmt_offset></gmt_offset>
<topic_url>http://www.anibis.ch/fr/automobiles--4/subaru-justy,-2003,-150&apos;000-km,-500%e2%80%93--16387973.aspx</topic_url>
<topic_text>
Subaru justy, 2003, 150&apos;000 km, 500.– Type d&apos;insertion: 
Subaru justy 1.3 4wd. 2003 
Derniere expertise 2013 Cet utilisateur a confirmé son compte avec un numéro de mobile valable. xenonap Membre depuis le 14.06.2011 Téléphone : +41 788434163 Êtes-vous intéressé par cette offre? Ecrivez un message à l’annonceur. Mon nom : Problèmes de contact? 
1) Exemple de calcul: crédit de CHF 10 000.–. Un taux d’intérêt annuel effectif entre 7,95% et 9,95% et une durée de 12 mois engendrent des intérêts totaux entre CHF 421.– et CHF 524.–. Le prêteur est Cembra Money Bank SA, dont le siège est à Zurich. L’octroi d’un crédit est interdit s’il entraîne le surendettement du consommateur. Transmettre l&apos;annonce par e-mail Vous connaissez quelqu&apos;un qui pourrait s&apos;intéresser à cette annonce ? Envoyez lui un e-mail grâce à ce formulaire. Expéditeur :
</topic_text>
<spam_score>0.00</spam_score>
<post_num>1</post_num>
<post_id>post-1</post_id>
<post_url>http://www.anibis.ch/fr/automobiles--4/subaru-justy,-2003,-150&apos;000-km,-500%e2%80%93--16387973.aspx</post_url>
<post_date>20160830</post_date>
<post_time>1510</post_time>
<username></username>
<post>
Subaru justy, 2003, 150&apos;000 km, 500.– Type d&apos;insertion: 
Subaru justy 1.3 4wd. 2003 
Derniere expertise 2013 Cet utilisateur a confirmé son compte avec un numéro de mobile valable. xenonap Membre depuis le 14.06.2011 Téléphone : +41 788434163 Êtes-vous intéressé par cette offre? Ecrivez un message à l’annonceur. Mon nom : Problèmes de contact? 
1) Exemple de calcul: crédit de CHF 10 000.–. Un taux d’intérêt annuel effectif entre 7,95% et 9,95% et une durée de 12 mois engendrent des intérêts totaux entre CHF 421.– et CHF 524.–. Le prêteur est Cembra Money Bank SA, dont le siège est à Zurich. L’octroi d’un crédit est interdit s’il entraîne le surendettement du consommateur. Transmettre l&apos;annonce par e-mail Vous connaissez quelqu&apos;un qui pourrait s&apos;intéresser à cette annonce ? Envoyez lui un e-mail grâce à ce formulaire. Expéditeur :
</post>
<signature>

</signature>
<external_links>

</external_links>
<country>CH</country>
<main_image>https://can01.anibis.ch/Voitures-de-tourisme-Subaru-justy,-2003,-150000-km,-500.–/?1024x728/3/90/anibis/973/387/016/hJNxLegkbUqlooO1lKrLEw_1.jpg</main_image>
</document>
