<?xml version="1.0" encoding="UTF-8"?>
<document>
<type>mainstream</type>
<forum>http://feeds2.feedburner.com/Hoofdpunten</forum>
<forum_title>Laatste hoofdpunten</forum_title>
<discussion_title>Nu.nl: Achterklap: &apos;Chris Brown bedreigt vrouw met wapen&apos;</discussion_title>
<language>dutch</language>
<gmt_offset></gmt_offset>
<topic_url>http://www.nu.nl/achterklap/4314480/chris-brown-bedreigt-vrouw-met-wapen.html</topic_url>
<topic_text>
&apos;Chris Brown bedreigt vrouw met wapen&apos; &apos;Chris Brown bedreigt vrouw met wapen&apos; Foto: AFP Deel Chris Brown wordt verdacht van bedreiging. Een vrouw beweert dat ze ruzie kreeg met de zanger, waarop hij een vuurwapen zou hebben getrokken. 
Volgens TMZ waren Brown en de vrouw dinsdag in de vroege ochtend in een woning in Los Angeles. Daar kregen ze onenigheid. De vrouw belde het alarmnummer, waarna de politie kwam. 
De 27-jarige Brown is de enige verdachte in het politie-onderzoek. 
In juni verweet zijn tourmanager hem nog agressief en gewelddadig gedrag, wat voor haar de reden was om middenin zijn Europese tournee op te stappen. In 2009 mishandelde Brown zijn toenmalige vriendin Rihanna. Door: BuzzE
</topic_text>
<spam_score>0.00</spam_score>
<post_num>1</post_num>
<post_id>post-1</post_id>
<post_url>http://www.nu.nl/achterklap/4314480/chris-brown-bedreigt-vrouw-met-wapen.html</post_url>
<post_date>20160830</post_date>
<post_time>1500</post_time>
<username></username>
<post>
&apos;Chris Brown bedreigt vrouw met wapen&apos; &apos;Chris Brown bedreigt vrouw met wapen&apos; Foto: AFP Deel Chris Brown wordt verdacht van bedreiging. Een vrouw beweert dat ze ruzie kreeg met de zanger, waarop hij een vuurwapen zou hebben getrokken. 
Volgens TMZ waren Brown en de vrouw dinsdag in de vroege ochtend in een woning in Los Angeles. Daar kregen ze onenigheid. De vrouw belde het alarmnummer, waarna de politie kwam. 
De 27-jarige Brown is de enige verdachte in het politie-onderzoek. 
In juni verweet zijn tourmanager hem nog agressief en gewelddadig gedrag, wat voor haar de reden was om middenin zijn Europese tournee op te stappen. In 2009 mishandelde Brown zijn toenmalige vriendin Rihanna. Door: BuzzE
</post>
<signature>

</signature>
<external_links>

</external_links>
<country>BE</country>
<main_image>http://media.nu.nl/m/8mmxtd4ajlxl_wd1280.jpg/chris-brown-bedreigt-vrouw-met-wapen.jpg</main_image>
</document>
