<?xml version="1.0" encoding="UTF-8"?>
<document>
<type>mainstream</type>
<forum>http://www.politico.com/news/paul-ryan</forum>
<forum_title>Paul Ryan: Latest News, Top Stories &amp;amp; Analysis - POLITICO</forum_title>
<discussion_title>Comey: FBI takes election tampering &apos;very seriously&apos;</discussion_title>
<language>english</language>
<gmt_offset></gmt_offset>
<topic_url>http://www.politico.com/story/2016/08/election-tampering-fbi-james-comey-227541</topic_url>
<topic_text>
One day after reports the FBI had warned states of potential hacks on their election systems, Director James Comey declined to address the bureau&apos;s investigation, simply insisting he takes the mater &quot;very seriously.&quot; The FBI alert — sent Aug. 18, but revealed publicly on Monday — sparked fears that recent cyberattacks on voter databases in Illinois and Arizona were harbingers of a nationwide hacking assault on state voting systems, possibly linked to Russia.
&quot;It won’t surprise you that I’m not going to give an answer that touches on any particular matter we’re looking at,&quot; Comey said Tuesday at a conference hosted by digital security firm Symantec.
Multiple security researchers and former FBI officials said the bureau&apos;s alert showed signs that investigators may suspect a government-backed hack. Many worried that meant the intrusions were part of a suspected Russian attempt to meddle in the U.S. election.
Moscow-backed hackers have already been blamed for leaking embarrassing documents and emails stolen from the Democratic National Committee and the Democratic Congressional Campaign Committee.
Supporters of Democratic nominee Hillary Clinton have alleged the efforts are part of a Kremlin plot to install GOP rival Donald Trump in the White House.
&quot;Maybe I can say this,&quot; Comey said. &quot;We take very seriously any effort by any actor including nation states, and maybe especially nation states, that moves beyond the collection of information about our country and that offers the prospect of an effort to influence the conduct of affairs in our country.&quot;
Election security specialists say hackers with access to voter rolls could alter vote totals by removing people from the registration list.
&quot;Whether that’s an election or something else I don’t want to comment on the particular, but those those kinds are something we take very, very seriously and we very work very hard to understand so that we can equip rest of our government for options on how to deal with it,&quot; Comey added.
</topic_text>
<spam_score>0.00</spam_score>
<post_num>4</post_num>
<post_id>post-4</post_id>
<post_url>http://www.politico.com/story/2016/08/election-tampering-fbi-james-comey-227541</post_url>
<post_date>20160830</post_date>
<post_time>1519</post_time>
<username>Nastia Labokko</username>
<post>
The best site where you can find a partner for sex one time, look my location ===&gt;http://tinyurl.com/hqqlwmr
</post>
<signature>

</signature>
<external_links>
<external_link>http://tinyurl.com/hqqlwmr</external_link>
</external_links>
<country>US</country>
<main_image>http://static.politico.com/ef/6d/8b2da5414c19a60fdbcca297c967/james-comey-ap.jpg</main_image>
</document>
