<?xml version="1.0" encoding="UTF-8"?>
<document>
<type>mainstream</type>
<forum>http://www.dailymail.co.uk/articles.rss</forum>
<forum_title>Articles | Mail Online</forum_title>
<discussion_title>Bolt stops partying and puts on the L-plates for motorcycle lesson</discussion_title>
<language>english</language>
<gmt_offset></gmt_offset>
<topic_url>http://www.dailymail.co.uk/news/article-3765136/Bolt-stops-partying-puts-L-plates-motorcycle-lesson.html</topic_url>
<topic_text>
View 
comments
He may be the fastest man in the world but Usain Bolt has clearly decided that he can wants to go faster after he was spotted enjoying a motorcycle lesson. 
The Jamaican sprinter was spotted out and about in central London while resplendent a hi-vis jacket and red trainers, which coordinated with his crimson motorbike and L-plates. 
He enjoyed an animated chat with his instructor before perching atop the motorbike and navigating his way around a series of cones set up in a carpark. 
The Jamaican sprinter was spotted out and about in central London while resplendent a hi-vis jacket and red trainers, which coordinated with his crimson motorbike and L-plates
He enjoyed an animated chat with his instructor before perching atop the motorbike and navigating his way around a series of cones set up in a carpark
The athlete has been enjoying his down time in the capital since the Rio Olympic Games finished and over the last week has been spotted partying hard in London&apos;s nightclubs. 

The Jamaican sprinter partied until 5am after taking them to Japanese restaurant Nobu, moving on to Oxford Street nightclub Libertine, and back to his hotel.
RELATED ARTICLES Previous 1 Next Usain Bolt and Daniel Sturridge hang out together while... Olympic sprint king Usain Bolt &apos;two-timed his girlfriend... Share this article Share It was less than 24 hours after he ran up a £6,000 bar tab in another London nightclub, where he was spotted dancing sensually with a stunning British model.
He had flown into London after partying in Brazil, where he was pictured in bed with Jady Duarte, the former wife of a drugs kingpin, after grinding with a host of women. 
His girlfriend of two years, model Kasi Bennett, has voiced her discontent on social media, liking posts that criticise the star for his apparent infidelity. 
Although Bolt seems unrepentant, posting a video of himself partying in nightclubs and drinking with the caption &apos;enjoy your success&apos; to followers on Snapchat at 4am today. 
His four-day party marathon comes after he won his ninth Olympic gold - the &apos;triple-triple, three medals at three Olympics - in Rio, equaling the record medal haul of the most decorated athletes in history. 
Last week Bolt went to the Libertine nightclub after a meal with friends at Japanese restaurant Nobu (pictured in the taxi on the way to the club)
Bold had arrived at the nightclub last Tuesday with friend Tara Carroll, a Jamaican restaurateur, believed to be part of the large entourage enjoying London with the sprinter
</topic_text>
<spam_score>0.00</spam_score>
<post_num>6</post_num>
<post_id>post-6</post_id>
<post_url>http://www.dailymail.co.uk/news/article-3765136/Bolt-stops-partying-puts-L-plates-motorcycle-lesson.html</post_url>
<post_date>20160830</post_date>
<post_time>1507</post_time>
<username>realist08</username>
<post>
Why is he still here?
</post>
<signature>

</signature>
<external_links>

</external_links>
<country>GB</country>
<main_image>http://i.dailymail.co.uk/i/pix/2016/08/30/13/37B6206700000578-0-image-a-45_1472561672552.jpg</main_image>
</document>
