<?xml version="1.0" encoding="UTF-8"?>
<document>
<type>mainstream</type>
<forum>http://anibis.ch//fr/automobiles--4/rssexport.aspx</forum>
<forum_title>Petites annonces Automobiles</forum_title>
<discussion_title>Achat CASH Voitures+Bus OCCASION Meilleur Prix 079 547 59 99</discussion_title>
<language>english</language>
<gmt_offset></gmt_offset>
<topic_url>http://www.anibis.ch/fr/automobiles--4/achat-cash-voituresbus-occasion-meilleur-prix-079-547-59-99--12095934.aspx</topic_url>
<topic_text>
Achat CASH Voitures+Bus OCCASION Meilleur Prix 079 547 59 99 Type d&apos;insertion: 65&apos;000.– / Prix à discuter Description: 
Achat Voitures &amp; BUS en état actuel Occasion+Export au meilleur prix CASH 079 547 59 99 Achat Voitures+Bus+4x4 toutes marques Occasions, VD, FR, GE, VS, NE, JU, BE... état sans importance, avec fort ou faible kilomètre, accidentées, grêlées, meme avec problemes de moteur ou autre, paiement CASH et enlevement immediat... 0795475999 J&apos;achète véhicules, minibus, fourgonnettes, bus, camionnettes, jeep, 4x4, et toutes autres marque de véhicule dans l&apos;état avec beaucoup ou peu de kilomètres, grêlée, accidentée etc ... Paiement CASH et déplacement et enlèvement rapide dans toute la Suisse. N&apos;hésitez pas d&apos;appeler, votre voiture peut m&apos;intéresser 079 547 59 99 
Lausanne, Nyon, Gland, Rolle, Pully, Lutry, Montreux, Vevey, Villeneuve, Aigle, Leysin, Bex, Orbe, Echallens, Chavornay, Cossonay, Valorbe, Grandson, Payerne, Moudon, Yverdon, Aubonne, Morges, Fribourg, Bulle, Romont, Morat, Groley, Marly, Chatel St.Denis, Estavayer le lac, Geneve, Versoix, Meyrin, Onex, Neuchatel, Cortaillod, St.Blaise, Bevaix, Peseux, Coffrane, Le Locle, 15Cornaux, Le Chaux de fonds, Bienne, Delemont, Porrentruy, Monthey, Martigny, Conthey, Sion, Sierre, Brig, Montana, Verbier, Bouveret,23-
</topic_text>
<spam_score>0.00</spam_score>
<post_num>1</post_num>
<post_id>post-1</post_id>
<post_url>http://www.anibis.ch/fr/automobiles--4/achat-cash-voituresbus-occasion-meilleur-prix-079-547-59-99--12095934.aspx</post_url>
<post_date>20160830</post_date>
<post_time>1505</post_time>
<username></username>
<post>
Achat CASH Voitures+Bus OCCASION Meilleur Prix 079 547 59 99 Type d&apos;insertion: 65&apos;000.– / Prix à discuter Description: 
Achat Voitures &amp; BUS en état actuel Occasion+Export au meilleur prix CASH 079 547 59 99 Achat Voitures+Bus+4x4 toutes marques Occasions, VD, FR, GE, VS, NE, JU, BE... état sans importance, avec fort ou faible kilomètre, accidentées, grêlées, meme avec problemes de moteur ou autre, paiement CASH et enlevement immediat... 0795475999 J&apos;achète véhicules, minibus, fourgonnettes, bus, camionnettes, jeep, 4x4, et toutes autres marque de véhicule dans l&apos;état avec beaucoup ou peu de kilomètres, grêlée, accidentée etc ... Paiement CASH et déplacement et enlèvement rapide dans toute la Suisse. N&apos;hésitez pas d&apos;appeler, votre voiture peut m&apos;intéresser 079 547 59 99 
Lausanne, Nyon, Gland, Rolle, Pully, Lutry, Montreux, Vevey, Villeneuve, Aigle, Leysin, Bex, Orbe, Echallens, Chavornay, Cossonay, Valorbe, Grandson, Payerne, Moudon, Yverdon, Aubonne, Morges, Fribourg, Bulle, Romont, Morat, Groley, Marly, Chatel St.Denis, Estavayer le lac, Geneve, Versoix, Meyrin, Onex, Neuchatel, Cortaillod, St.Blaise, Bevaix, Peseux, Coffrane, Le Locle, 15Cornaux, Le Chaux de fonds, Bienne, Delemont, Porrentruy, Monthey, Martigny, Conthey, Sion, Sierre, Brig, Montana, Verbier, Bouveret,23-
</post>
<signature>

</signature>
<external_links>

</external_links>
<country>CH</country>
<main_image>https://can01.anibis.ch/Cherche-voiture-Achat-CASH-Voitures+Bus-OCCASION-Meilleur-Prix-079/?1024x728/3/90/anibis/934/095/012/AxtyYi2KMU-yLDJ4VpU4Tg_1.jpg</main_image>
</document>
