<?xml version="1.0" encoding="UTF-8"?>
<document>
<type>mainstream</type>
<forum>http://lhd.hipi2000.com/feed/</forum>
<forum_title>La Hipódromo Digital</forum_title>
<discussion_title>Portadas de LA FUSTA , GACETA HIPICA y Mas en Venezuela Pasion Hipica plus La Hipodromo Digital…!!!</discussion_title>
<language>spanish</language>
<gmt_offset></gmt_offset>
<topic_url>http://www.lahipodromo.com/2016/08/portadas-de-la-fusta-gaceta-hipica-y-mas-en-venezuela-pasion-hipica-plus-la-hipodromo-digital-90/</topic_url>
<topic_text>
Portadas de LA FUSTA , GACETA HIPICA y Mas en Venezuela Pasion Hipica plus La Hipodromo Digital…!!! 30 agosto, 2016 Por Abudy Arazi Sección: VPH - Abudy Arazi 
1- POLO GROUNDS-SIBARITA GACETA HIPICA 2005. 
BUENOS DIAS SOCIOS y POETAS de VENEZUELA PASION HIPICA y LA HIPODROMO DIGITAL , A partir de Hoy vamos a colocarles al menos una vez por semana algunas Portadas de la ” Pionera ” LA FUSTA y otra de la otrora ” Biblia del Hipismo ” la GACETA HIPICA que nos permitan recordar los diferentes Ejemplares que hacian campaña en el Hipodromo LA RINCONADA, VALENCIA , LA LIMPIA, SANTA RITA , pasando por el Hipodromo Municipal de CIUDAD BOLIVAR llegando tambien a RANCHO ALEGRE , con sus Jinetes, Preparadores y Dueños al retorno luego de sus victorias como tambien el Flash de rigor en el Paddock de Ganadores, igualmente iremos anexando Portadas de otras Revistas Hipicas como HIPODROMO, PARTIDA, SIN FRENO, DESBOCADO, COMPUTADORA HIPICA, ESTUDIO HIPICO, GUIA HIPICA, VENEZUELA HIPICA , JOCKEY PRONOSTICOS, 5 y 6 , TRIBUNA HIPICA etc, que nos van a permitir hacer el ” Poker de La Semana ” , que no es mas que varias Portadas de un mismo Ejemplar que dejo huella entre los Burreros y que nos permita enaltecer sus logros, ganancias y mas…,No deja de ser apasionante recordar tal o cual momento en un Clasico y Carrera Normal , donde hubiese algun tropiezo, triunfo por foto y distanciamiento, o los avisos publicitarios encartados en la misma, asi pues recordar es vivir y aqui en VENEZUELA PASION HIPICA les traemos de vuelta las Portadas de las Revistas Hipicas Venezolanas, de igual manera se les invita a todo aquel que guste participar, enviarnos sus Portadas por el correo: abudyarazi@yahoo.com para su posterior publicacion y por supuesto con sus respectivos creditos, lo mismo con algun pedimento o complacencia de algun Ejemplar en alguna Portada pueden tambien escribirnos, asi pues Socios y Poetas que siga la Fiebre que siga la Pasion por el Hipismo,Saludos. 
2- RAFAEL RODRIGUEZ MORALES-REVISTA 5 Y 6 1982 de JOSE LUIS SEGURADO. 
3- NEGRIBLANCA-COMPUTADORA HIPICA 1983 de AMILCAR GUTIERREZ. 
4- GINESTRA-GACETA HIPICA 1985 de EDGAR AYALA. 
5- REJONAZO-LA FUSTA 1987 de JOANDESA. 
6- LARGAVITA-DESBOCADO 1994 de EDGAR AYALA. 
Sucedio en la Primera GALA HIPICA de CARACAS del año 2005 donde Mato Mato Mato Mato… WILD WATER con JOHAN ARAGUREN que no perdono como los Favoritos para ganar la Carrera del INVITACIONAL del CARIBE como lo eran WATER MUSIC con EMISAEL JARAMILLO y KING FIRE con ANGEL ALCIRO CASTILLO se trenzaban en unos increibles 22.1, 44.3 y 69.1 junto a la Colombiana GITANILLA y FURIOSO del mismo Stud del ganador promoviendo que el Otro pensionado de ANTONIO BELLARDI de los Famosos entonces colores Clasicos del Stud ” DE DANIELA ” WILD WATER se viniera como una tromba para asi llevarse el Pote la Gloria y la Ganancia, esto no es Cuento es Historia…!!! 
el Trainer con un buen Uno-Dos con WATER MUSIC cediendo solo abajo en Carrera imposible y a nuestro juicio muy apurado, KING FIRE que venia de correr la Triplecorona ante POLO GROUNDS ( Su Dueño JESUS EDUARDO LOPEZ seria duramente criticado por no habelo inscrito en esta Prueba que lucia a su Disposicion prefiriendo el Hombre del Stud ” BLACK LABEL ” enfrentar al Triplecoronado ante los Maduros e Importados en el CLASICO PROPIETARIOS LA RINCONADA…,A Mother Fuckerrr Polo-Polito!!! ) y lucia bajado de Lote se vio totalmmente incomodo en la Clasica Milla cerrando la Trifecta de la Prueba, esto no es Cuento es Historia…!!! 
WILD WATER viene a dominar la Carrera con ARANGURE WILD WATER!!! 
7- ELEVAGE-CALCULADORA HIPCA 1996 de AMILCAR GUTIERREZ. 
8- SAMBUCA-HIPODROMO 2007 de ROSANGELA DI FATTA. 
9- KIRA-TRIBUNA HIPICA 2009 de LUISA MONTERO. 
10- GALA HIPICA de CARACAS-LA FUSTA 2011. 
El Poker de la Semana para GRAN ESTEFANIA 28-14, la Campeona Tresañera de 3 y 4 años en VENEZUELA la Hija del infalible WATER POET en la Campeona Valenciana MONEY PLUS ( Caballo del Año 1996 y Campeona 1996-97 en el Cabriales… ) que derrocho clase a mas no poder ganando Grandes Carreras como el CLASICO SIMON BOLIVAR ante los Machos en prueba de infarto, ni hablar de la Primera COPA CRUZ del AVILA en un fangal de la GALA HIPICA de CARACAS para convertirse en ese momento como Lider de Dinero del Hipismo Venezolano , o el CONFRATERNIDAD del CARIBE en PUERTO RICO en Tiempo Record de 122.3 para los dos kilometros, GRAN ESTEFANIA de los colores Clasicos del Stud ” TITE-LOY ” ( Empezaria corriendo con los del Stud ” LOS GRANDES ” de VITTORIO LUNGAVITA con OSCAR GONZALEZ en el Training ) mostro capacidad corredora ganando Clasicos en corto y en largo siendo puesta en el tope de condicion por GUSTAVO DELGADO SOCORRO quien supo llevarle a la cuspide y a la cima del Estrellato, GRAN ESTEFANIA ganaria varias veces con EMISAEL JARAMILLO, ANGEL ALCIRO CASTILLO y RICHARD BRACHO , pero sin lugar a dudas que la Mejor Performance de su exitosa Campaña la hizo con EDGAR ” Tendon ” PEREZ ( Haciendo la misma Dupla con BAMBERA 2009 ) en el marco del Gran Premio CLASICO SIMON BOLIVAR del 2006 ante SOL DORADO que le permitieron posteriormente convertirse en la Mayor Productora de Dinero del Hipismo Venezolano en su momento, Viva Por Siempre GRAN ESTEFANIA y Tributo a la Campeona que esto no es Cuento es Historia…!!! 
GRAN ESTEFANIIIIA de viaje la extraordinaria corredora despega GRAN ESTEFANIA!!! 
GRAN ESTEFANIA Our Poker of The Week…,We Loved You!!!
</topic_text>
<spam_score>0.00</spam_score>
<post_num>1</post_num>
<post_id>post-1</post_id>
<post_url>http://www.lahipodromo.com/2016/08/portadas-de-la-fusta-gaceta-hipica-y-mas-en-venezuela-pasion-hipica-plus-la-hipodromo-digital-90/</post_url>
<post_date>20160830</post_date>
<post_time>0642</post_time>
<username>Abudy Arazi</username>
<post>
Portadas de LA FUSTA , GACETA HIPICA y Mas en Venezuela Pasion Hipica plus La Hipodromo Digital…!!! 30 agosto, 2016 Por Abudy Arazi Sección: VPH - Abudy Arazi 
1- POLO GROUNDS-SIBARITA GACETA HIPICA 2005. 
BUENOS DIAS SOCIOS y POETAS de VENEZUELA PASION HIPICA y LA HIPODROMO DIGITAL , A partir de Hoy vamos a colocarles al menos una vez por semana algunas Portadas de la ” Pionera ” LA FUSTA y otra de la otrora ” Biblia del Hipismo ” la GACETA HIPICA que nos permitan recordar los diferentes Ejemplares que hacian campaña en el Hipodromo LA RINCONADA, VALENCIA , LA LIMPIA, SANTA RITA , pasando por el Hipodromo Municipal de CIUDAD BOLIVAR llegando tambien a RANCHO ALEGRE , con sus Jinetes, Preparadores y Dueños al retorno luego de sus victorias como tambien el Flash de rigor en el Paddock de Ganadores, igualmente iremos anexando Portadas de otras Revistas Hipicas como HIPODROMO, PARTIDA, SIN FRENO, DESBOCADO, COMPUTADORA HIPICA, ESTUDIO HIPICO, GUIA HIPICA, VENEZUELA HIPICA , JOCKEY PRONOSTICOS, 5 y 6 , TRIBUNA HIPICA etc, que nos van a permitir hacer el ” Poker de La Semana ” , que no es mas que varias Portadas de un mismo Ejemplar que dejo huella entre los Burreros y que nos permita enaltecer sus logros, ganancias y mas…,No deja de ser apasionante recordar tal o cual momento en un Clasico y Carrera Normal , donde hubiese algun tropiezo, triunfo por foto y distanciamiento, o los avisos publicitarios encartados en la misma, asi pues recordar es vivir y aqui en VENEZUELA PASION HIPICA les traemos de vuelta las Portadas de las Revistas Hipicas Venezolanas, de igual manera se les invita a todo aquel que guste participar, enviarnos sus Portadas por el correo: abudyarazi@yahoo.com para su posterior publicacion y por supuesto con sus respectivos creditos, lo mismo con algun pedimento o complacencia de algun Ejemplar en alguna Portada pueden tambien escribirnos, asi pues Socios y Poetas que siga la Fiebre que siga la Pasion por el Hipismo,Saludos. 
2- RAFAEL RODRIGUEZ MORALES-REVISTA 5 Y 6 1982 de JOSE LUIS SEGURADO. 
3- NEGRIBLANCA-COMPUTADORA HIPICA 1983 de AMILCAR GUTIERREZ. 
4- GINESTRA-GACETA HIPICA 1985 de EDGAR AYALA. 
5- REJONAZO-LA FUSTA 1987 de JOANDESA. 
6- LARGAVITA-DESBOCADO 1994 de EDGAR AYALA. 
Sucedio en la Primera GALA HIPICA de CARACAS del año 2005 donde Mato Mato Mato Mato… WILD WATER con JOHAN ARAGUREN que no perdono como los Favoritos para ganar la Carrera del INVITACIONAL del CARIBE como lo eran WATER MUSIC con EMISAEL JARAMILLO y KING FIRE con ANGEL ALCIRO CASTILLO se trenzaban en unos increibles 22.1, 44.3 y 69.1 junto a la Colombiana GITANILLA y FURIOSO del mismo Stud del ganador promoviendo que el Otro pensionado de ANTONIO BELLARDI de los Famosos entonces colores Clasicos del Stud ” DE DANIELA ” WILD WATER se viniera como una tromba para asi llevarse el Pote la Gloria y la Ganancia, esto no es Cuento es Historia…!!! 
el Trainer con un buen Uno-Dos con WATER MUSIC cediendo solo abajo en Carrera imposible y a nuestro juicio muy apurado, KING FIRE que venia de correr la Triplecorona ante POLO GROUNDS ( Su Dueño JESUS EDUARDO LOPEZ seria duramente criticado por no habelo inscrito en esta Prueba que lucia a su Disposicion prefiriendo el Hombre del Stud ” BLACK LABEL ” enfrentar al Triplecoronado ante los Maduros e Importados en el CLASICO PROPIETARIOS LA RINCONADA…,A Mother Fuckerrr Polo-Polito!!! ) y lucia bajado de Lote se vio totalmmente incomodo en la Clasica Milla cerrando la Trifecta de la Prueba, esto no es Cuento es Historia…!!! 
WILD WATER viene a dominar la Carrera con ARANGURE WILD WATER!!! 
7- ELEVAGE-CALCULADORA HIPCA 1996 de AMILCAR GUTIERREZ. 
8- SAMBUCA-HIPODROMO 2007 de ROSANGELA DI FATTA. 
9- KIRA-TRIBUNA HIPICA 2009 de LUISA MONTERO. 
10- GALA HIPICA de CARACAS-LA FUSTA 2011. 
El Poker de la Semana para GRAN ESTEFANIA 28-14, la Campeona Tresañera de 3 y 4 años en VENEZUELA la Hija del infalible WATER POET en la Campeona Valenciana MONEY PLUS ( Caballo del Año 1996 y Campeona 1996-97 en el Cabriales… ) que derrocho clase a mas no poder ganando Grandes Carreras como el CLASICO SIMON BOLIVAR ante los Machos en prueba de infarto, ni hablar de la Primera COPA CRUZ del AVILA en un fangal de la GALA HIPICA de CARACAS para convertirse en ese momento como Lider de Dinero del Hipismo Venezolano , o el CONFRATERNIDAD del CARIBE en PUERTO RICO en Tiempo Record de 122.3 para los dos kilometros, GRAN ESTEFANIA de los colores Clasicos del Stud ” TITE-LOY ” ( Empezaria corriendo con los del Stud ” LOS GRANDES ” de VITTORIO LUNGAVITA con OSCAR GONZALEZ en el Training ) mostro capacidad corredora ganando Clasicos en corto y en largo siendo puesta en el tope de condicion por GUSTAVO DELGADO SOCORRO quien supo llevarle a la cuspide y a la cima del Estrellato, GRAN ESTEFANIA ganaria varias veces con EMISAEL JARAMILLO, ANGEL ALCIRO CASTILLO y RICHARD BRACHO , pero sin lugar a dudas que la Mejor Performance de su exitosa Campaña la hizo con EDGAR ” Tendon ” PEREZ ( Haciendo la misma Dupla con BAMBERA 2009 ) en el marco del Gran Premio CLASICO SIMON BOLIVAR del 2006 ante SOL DORADO que le permitieron posteriormente convertirse en la Mayor Productora de Dinero del Hipismo Venezolano en su momento, Viva Por Siempre GRAN ESTEFANIA y Tributo a la Campeona que esto no es Cuento es Historia…!!! 
GRAN ESTEFANIIIIA de viaje la extraordinaria corredora despega GRAN ESTEFANIA!!! 
GRAN ESTEFANIA Our Poker of The Week…,We Loved You!!!
</post>
<signature>

</signature>
<external_links>

</external_links>
<country>US</country>
<main_image></main_image>
</document>
