<?xml version="1.0" encoding="UTF-8"?>
<document>
<type>mainstream</type>
<forum>http://feeds2.feedburner.com/Hoofdpunten</forum>
<forum_title>Laatste hoofdpunten</forum_title>
<discussion_title>Soccernews: Berghuis geniet in De Kuip: &quot;Heel goed gevoel als ik ons team zie&quot;</discussion_title>
<language>dutch</language>
<gmt_offset></gmt_offset>
<topic_url>http://www.soccernews.nl/news/365976/Berghuis_geniet_in_De_Kuip:_Heel_goed_gevoel_als_ik_ons_team_zie</topic_url>
<topic_text>
Berghuis geniet in De Kuip: &quot;Heel goed gevoel als ik ons team zie&quot; 30 Augustus 2016 16:52 
Steven Berghuis is met vertrouwen gearriveerd in Noordwijk voor de interlandperiode met het Nederlands elftal. De van Watford gehuurde vleugelaanvaller maakte afgelopen zaterdag namens Feyenoord een prachtige goal tegen Excelsior (4-1). &quot;Ik kan hier veel spelen en het plezier terugvinden&quot;, zo laat Berghuis weten aan Feyenoord TV . In de zomer van 2015 vertrok de buitenspeler van AZ naar Watford. &quot;Maar al snel werd duidelijk dat in het systeem dat ze wilden gaan spelen, geen plek was voor mij. Toen ik wist dat Feyenoord geïnteresseerd was, hoefde ik niet lang na te denken.&quot; Berghuis twijfelde niet toen Feyenoord hem aanbood om in De Kuip te komen spelen. &quot;Met deze stap kan ik verder, mezelf laten zien en het plezier terugvinden&quot;, aldus de international. &quot;Feyenoord is niet zomaar een club. Ik wil veel spelen en belangrijk zijn voor het team.&quot; Sowieso heeft de huurling vertrouwen in dit seizoen. &quot;Bijna iedereen is deze zomer gebleven en als ik ons team zie, heb ik daar een heel goed gevoel over. Persoonlijk wil ik graag bij het Nederlands elftal blijven en daarnaast wil ik met Feyenoord goed presteren in de Eredivisie en de Europa League.&quot; Lees ook:
</topic_text>
<spam_score>0.00</spam_score>
<post_num>1</post_num>
<post_id>post-1</post_id>
<post_url>http://www.soccernews.nl/news/365976/Berghuis_geniet_in_De_Kuip:_Heel_goed_gevoel_als_ik_ons_team_zie</post_url>
<post_date>20160830</post_date>
<post_time>1500</post_time>
<username></username>
<post>
Berghuis geniet in De Kuip: &quot;Heel goed gevoel als ik ons team zie&quot; 30 Augustus 2016 16:52 
Steven Berghuis is met vertrouwen gearriveerd in Noordwijk voor de interlandperiode met het Nederlands elftal. De van Watford gehuurde vleugelaanvaller maakte afgelopen zaterdag namens Feyenoord een prachtige goal tegen Excelsior (4-1). &quot;Ik kan hier veel spelen en het plezier terugvinden&quot;, zo laat Berghuis weten aan Feyenoord TV . In de zomer van 2015 vertrok de buitenspeler van AZ naar Watford. &quot;Maar al snel werd duidelijk dat in het systeem dat ze wilden gaan spelen, geen plek was voor mij. Toen ik wist dat Feyenoord geïnteresseerd was, hoefde ik niet lang na te denken.&quot; Berghuis twijfelde niet toen Feyenoord hem aanbood om in De Kuip te komen spelen. &quot;Met deze stap kan ik verder, mezelf laten zien en het plezier terugvinden&quot;, aldus de international. &quot;Feyenoord is niet zomaar een club. Ik wil veel spelen en belangrijk zijn voor het team.&quot; Sowieso heeft de huurling vertrouwen in dit seizoen. &quot;Bijna iedereen is deze zomer gebleven en als ik ons team zie, heb ik daar een heel goed gevoel over. Persoonlijk wil ik graag bij het Nederlands elftal blijven en daarnaast wil ik met Feyenoord goed presteren in de Eredivisie en de Europa League.&quot; Lees ook:
</post>
<signature>

</signature>
<external_links>

</external_links>
<country>BE</country>
<main_image>http://www.soccernews.nl/uploads/steven-berghuis(feyenoord)(15-08-2016).jpg</main_image>
</document>
