<?xml version="1.0" encoding="UTF-8"?>
<document>
<type>mainstream</type>
<forum>http://info.sibnet.ru/data/last.rss</forum>
<forum_title>Sibnet: Новости</forum_title>
<discussion_title>«Ревизорро» ввязалась в драку во время съемок</discussion_title>
<language>russian</language>
<gmt_offset></gmt_offset>
<topic_url>http://info.sibnet.ru/article/493138/</topic_url>
<topic_text>
Фото : © instagram.com/romanovskaolga 
Сотрудники кафе в Смоленске, которое проверяла съемочная группа проекта «Ревизорро», распылили перцовый газ из баллончика на оператора и ведущую. 
Газ попал в лицо новой ведущей Ольги Романовской (бывшей солистки «ВИА Гры») и на одного из операторов, которого пришлось госпитализировать. Ольга не пострадала, сообщает Леди Mail.ru 
У каждой из сторон свое мнение на счет инцидента. Продюсер проекта рассказал СМИ, что сотрудники смоленского кафе пытались таким образом выгнать журналистов с кухни. Но пресса сообщила, что Романовская избила представителей общепита и даже ударила одного из них деревянной скалкой по голове. 
«Прикольно из СМИ узнавать, что ты — скатившаяся маньячка, избивающая беззащитных дяденек скалкой. Поражают люди мужского пола (потому что мужчинами их назвать нельзя), которые нападают со спины, которые применяют силу по отношению к женщине, потом трусливо прячутся за спиной другого труса и прикрываются наглой клеветой... А на самом деле я этих персонажей даже скалкой не тронула. И мне очень-очень-очень жаль, что я этого хоть пару раз не сделала», — написала Романовская в Instagram . 
Ольга Романовская выступала в составе поп-группы «ВИА Гра» вместе с Верой Брежневой и Альбиной Джанобаевой. В 2007 году она покинула группу, занялась сольной карьерой, дизайном. В 2016 году она прошла кастинг на роль ведущей телеканала «Пятница» в проект «Ревизорро», сменив Елену Летучую. Фото опубликовано Романовская Ольга (@romanovskaolga) Авг 28 2016 в 9:42 PDT 30 августа 2016, 16:04 НСК источник:
</topic_text>
<spam_score>0.00</spam_score>
<post_num>1</post_num>
<post_id>post-1</post_id>
<post_url>http://info.sibnet.ru/article/493138/</post_url>
<post_date>20160830</post_date>
<post_time>0904</post_time>
<username></username>
<post>
Фото : © instagram.com/romanovskaolga 
Сотрудники кафе в Смоленске, которое проверяла съемочная группа проекта «Ревизорро», распылили перцовый газ из баллончика на оператора и ведущую. 
Газ попал в лицо новой ведущей Ольги Романовской (бывшей солистки «ВИА Гры») и на одного из операторов, которого пришлось госпитализировать. Ольга не пострадала, сообщает Леди Mail.ru 
У каждой из сторон свое мнение на счет инцидента. Продюсер проекта рассказал СМИ, что сотрудники смоленского кафе пытались таким образом выгнать журналистов с кухни. Но пресса сообщила, что Романовская избила представителей общепита и даже ударила одного из них деревянной скалкой по голове. 
«Прикольно из СМИ узнавать, что ты — скатившаяся маньячка, избивающая беззащитных дяденек скалкой. Поражают люди мужского пола (потому что мужчинами их назвать нельзя), которые нападают со спины, которые применяют силу по отношению к женщине, потом трусливо прячутся за спиной другого труса и прикрываются наглой клеветой... А на самом деле я этих персонажей даже скалкой не тронула. И мне очень-очень-очень жаль, что я этого хоть пару раз не сделала», — написала Романовская в Instagram . 
Ольга Романовская выступала в составе поп-группы «ВИА Гра» вместе с Верой Брежневой и Альбиной Джанобаевой. В 2007 году она покинула группу, занялась сольной карьерой, дизайном. В 2016 году она прошла кастинг на роль ведущей телеканала «Пятница» в проект «Ревизорро», сменив Елену Летучую. Фото опубликовано Романовская Ольга (@romanovskaolga) Авг 28 2016 в 9:42 PDT 30 августа 2016, 16:04 НСК источник:
</post>
<signature>

</signature>
<external_links>

</external_links>
<country>RU</country>
<main_image>http://info.sibnet.ru/article/493138/ni/493/493138w_1472547863.jpg</main_image>
</document>
