<?xml version="1.0" encoding="UTF-8"?>
<document>
<type>mainstream</type>
<forum>http://www.dailymail.co.uk/articles.rss</forum>
<forum_title>Articles | Mail Online</forum_title>
<discussion_title>Novak Djokovic’s glum-looking wife Jelena returns to watch him at the US Open</discussion_title>
<language>english</language>
<gmt_offset></gmt_offset>
<topic_url>http://www.dailymail.co.uk/news/article-3765028/Novak-Djokovic-s-glum-looking-wife-Jelena-returns-watch-Open-leaves-early-private-issues-led-tennis-star-crashing-Wimbledon-Olympics.html</topic_url>
<topic_text>
1
View 
comments
Novak Djokovic&apos;s wife Jelena came to see him play the opening match of his defense of the U.S. Open but she left early and looked glum throughout. 
The Serbian beat Poland&apos;s Jerzy Janowicz 6-3, 5-7, 6-2, 6-1 but it was a labored performance that suggested he has not regained the form that made him the Number One player in the world rankings. 
Djokovic had blamed &apos;private issues&apos; for crashing out of Wimbledon to American Sam Querrey, who was seeded only 28th in the third round of the tournament, which was won by Britain&apos;s Andy Murray. 
Djokovic was in tears after he lost to Argentina&apos;s Juan Martin Del Potro in the first round at the Olympics in Rio. 
Jelena Djokovic (pictured) watched her husband at Flushing Meadow last night but left the game early
There was speculation about the state of his marriage, especially after Jelena went on holiday without him straight after Wimbledon. 
In March he was seen out at a trendy Los Angeles bar with Bollywood actress Deepika Padukone. 
The Daily Record quoted Djokovic as saying: &apos;It was nothing physical. It&apos;s not an injury. It was some other things that I was going through privately. 
RELATED ARTICLES Previous 1 Next World no.1 tennis ace Novak Djokovic sports double-denim as... Share this article Share Jelena, her hands on her lap while other applaud, sitting behind her husband&apos;s coach Boris Becker (far right) 
&apos;We all have private issues and things that are more challenges than issues. Things that we have to encounter and overcome in order to evolve as a human being. It was resolved. Life is going on like everything else.&apos; 
Novak married Jelena Ristić, his childhood sweetheart, in July 2014 and they have a 22-month-old son, Stefan. 
Now you see her, now you don&apos;t: Jelena left the game early without explanation
Novak Djokovic (left) was not on top form and seemed to be struggling with an arm injury but he still too good for Poland&apos;s Jerzy Janowicz (seen, right, embracing Djokovic at the end of the match)
Among those in the crowd at Flushing Meadow were actor Alec Baldwin (left) and former boxing champ Mike Tyson (right), who has a tattoo of the late American tennis legend Arthur Ashe
</topic_text>
<spam_score>0.00</spam_score>
<post_num>1</post_num>
<post_id>post-1</post_id>
<post_url>http://www.dailymail.co.uk/news/article-3765028/Novak-Djokovic-s-glum-looking-wife-Jelena-returns-watch-Open-leaves-early-private-issues-led-tennis-star-crashing-Wimbledon-Olympics.html</post_url>
<post_date>20160830</post_date>
<post_time>1328</post_time>
<username>Mail Online Reporter</username>
<post>
1
View 
comments
Novak Djokovic&apos;s wife Jelena came to see him play the opening match of his defense of the U.S. Open but she left early and looked glum throughout. 
The Serbian beat Poland&apos;s Jerzy Janowicz 6-3, 5-7, 6-2, 6-1 but it was a labored performance that suggested he has not regained the form that made him the Number One player in the world rankings. 
Djokovic had blamed &apos;private issues&apos; for crashing out of Wimbledon to American Sam Querrey, who was seeded only 28th in the third round of the tournament, which was won by Britain&apos;s Andy Murray. 
Djokovic was in tears after he lost to Argentina&apos;s Juan Martin Del Potro in the first round at the Olympics in Rio. 
Jelena Djokovic (pictured) watched her husband at Flushing Meadow last night but left the game early
There was speculation about the state of his marriage, especially after Jelena went on holiday without him straight after Wimbledon. 
In March he was seen out at a trendy Los Angeles bar with Bollywood actress Deepika Padukone. 
The Daily Record quoted Djokovic as saying: &apos;It was nothing physical. It&apos;s not an injury. It was some other things that I was going through privately. 
RELATED ARTICLES Previous 1 Next World no.1 tennis ace Novak Djokovic sports double-denim as... Share this article Share Jelena, her hands on her lap while other applaud, sitting behind her husband&apos;s coach Boris Becker (far right) 
&apos;We all have private issues and things that are more challenges than issues. Things that we have to encounter and overcome in order to evolve as a human being. It was resolved. Life is going on like everything else.&apos; 
Novak married Jelena Ristić, his childhood sweetheart, in July 2014 and they have a 22-month-old son, Stefan. 
Now you see her, now you don&apos;t: Jelena left the game early without explanation
Novak Djokovic (left) was not on top form and seemed to be struggling with an arm injury but he still too good for Poland&apos;s Jerzy Janowicz (seen, right, embracing Djokovic at the end of the match)
Among those in the crowd at Flushing Meadow were actor Alec Baldwin (left) and former boxing champ Mike Tyson (right), who has a tattoo of the late American tennis legend Arthur Ashe
</post>
<signature>

</signature>
<external_links>

</external_links>
<country>GB</country>
<main_image>http://i.dailymail.co.uk/i/pix/2016/08/30/12/37B3A8F800000578-0-image-a-16_1472557890463.jpg</main_image>
</document>
