<?xml version="1.0" encoding="UTF-8"?>
<document>
<type>mainstream</type>
<forum>http://zik.ua/ua/rss/rubric/west.rss</forum>
<forum_title>ZIK.ua - Західна Україна</forum_title>
<discussion_title>Лісгоспи Закарпаття допомагатимуть школам дровами</discussion_title>
<language>ukrainian</language>
<gmt_offset></gmt_offset>
<topic_url>http://zik.ua/news/2016/08/30/lisgospy_zakarpattya_dopomagatymut_shkolam_drovamy_820092?&amp;amp;m=1</topic_url>
<topic_text>
  16:41 Західна Україна Лісгоспи Закарпаття допомагатимуть школам дровами Ініціативу допомоги лісгоспами дровами школам запропонував запровадити начальник Закарпатського лісового господарства Валерій Мурга. 
«Актуальність питання опалення сьогодні важко переоцінити. Пошук більш ефективних та менш затратних способів обігріву стосується не тільки побутового рівня, досить проблемним є опалення великих приміщень, таких як школи, дитячі садки, соціальні заклади та підприємства. 
Оптимальним варіантом вирішення є твердопаливні котли. Особливо вони є доречними в селах, де повністю відсутня газифікація. Відтак, встановлення твердопаливних котлів і, відповідно, потреба в дровах з кожним роком набуває все більшої популярності. Тому лісівники надають дрова школам і дитячим садочкам, а також соціальним закладам. Завдяки цьому школярі будуть здобувати знання в теплі та комфорті. За результатами оперативної наради були надані відповідні доручення щодо стану вирішення вищезазначених питань», – зазначив під час колегії головний лісівник Закарпаття. * Якщо Ви знайшли помилку в тексті новини, виділіть її та натисніть Ctrl+Enter.
</topic_text>
<spam_score>0.00</spam_score>
<post_num>1</post_num>
<post_id>post-1</post_id>
<post_url>http://zik.ua/news/2016/08/30/lisgospy_zakarpattya_dopomagatymut_shkolam_drovamy_820092?&amp;amp;m=1</post_url>
<post_date>20160830</post_date>
<post_time>1341</post_time>
<username></username>
<post>
  16:41 Західна Україна Лісгоспи Закарпаття допомагатимуть школам дровами Ініціативу допомоги лісгоспами дровами школам запропонував запровадити начальник Закарпатського лісового господарства Валерій Мурга. 
«Актуальність питання опалення сьогодні важко переоцінити. Пошук більш ефективних та менш затратних способів обігріву стосується не тільки побутового рівня, досить проблемним є опалення великих приміщень, таких як школи, дитячі садки, соціальні заклади та підприємства. 
Оптимальним варіантом вирішення є твердопаливні котли. Особливо вони є доречними в селах, де повністю відсутня газифікація. Відтак, встановлення твердопаливних котлів і, відповідно, потреба в дровах з кожним роком набуває все більшої популярності. Тому лісівники надають дрова школам і дитячим садочкам, а також соціальним закладам. Завдяки цьому школярі будуть здобувати знання в теплі та комфорті. За результатами оперативної наради були надані відповідні доручення щодо стану вирішення вищезазначених питань», – зазначив під час колегії головний лісівник Закарпаття. * Якщо Ви знайшли помилку в тексті новини, виділіть її та натисніть Ctrl+Enter.
</post>
<signature>

</signature>
<external_links>

</external_links>
<country>UA</country>
<main_image>http://zik.ua/media/facebook_article/820092.jpg</main_image>
</document>
