<?xml version="1.0" encoding="UTF-8"?>
<document>
<type>mainstream</type>
<forum>http://thenational.ae//section/rss/2340</forum>
<forum_title>Opinion RSS feed - The National</forum_title>
<discussion_title>The survey says: homework</discussion_title>
<language>english</language>
<gmt_offset></gmt_offset>
<topic_url>http://www.thenational.ae/opinion/feedback/the-survey-says-homework</topic_url>
<topic_text>
We asked 4,068 Task Spotting users in the UAE for their opinion about the importance of homework. To participate in The National’s surveys, download the Task Spotting app today. What is Task Spotting? Click here
</topic_text>
<spam_score>0.00</spam_score>
<post_num>1</post_num>
<post_id>post-1</post_id>
<post_url>http://www.thenational.ae/opinion/feedback/the-survey-says-homework</post_url>
<post_date>20160830</post_date>
<post_time>1424</post_time>
<username>thenational.ae</username>
<post>
We asked 4,068 Task Spotting users in the UAE for their opinion about the importance of homework. To participate in The National’s surveys, download the Task Spotting app today. What is Task Spotting? Click here
</post>
<signature>

</signature>
<external_links>

</external_links>
<country>AE</country>
<main_image>http://www.thenational.ae/storyimage/AB/20160830/OPINION/160839948/AR/0/AR-160839948.jpg</main_image>
</document>
