<?xml version="1.0" encoding="UTF-8"?>
<document>
<type>mainstream</type>
<forum>http://www.ksta.de/blueprint/servlet/xml/ksta/23699302-asYahooFeed.xml</forum>
<forum_title>ksta.de – RSS-Feed Kultur</forum_title>
<discussion_title>Ausreise aus der DDR: Rückschlag für Manfred Krug im Streit um angeblichen Stasi-Deal</discussion_title>
<language>german</language>
<gmt_offset></gmt_offset>
<topic_url>http://www.ksta.de/kultur/ausreise-aus-der-ddr-rueckschlag-fuer-manfred-krug-im-streit-um-angeblichen-stasi-deal-24669832</topic_url>
<topic_text>
Der Schauspieler Manfred Krug (M) stellt neben seinem Verleger Jürgen Kreuzhage am auf der Leipziger Buchmesse sein Buch &quot;Abgehauen&quot; vor, das seine Aufzeichnungen über die Zeit bis zu seiner Ausreise aus der DDR im Juni 1977 enthält. Foto: 
dpa Karlsruhe - 
Der Schauspieler Manfred Krug (79) muss im Streit um die Umstände seiner Ausreise aus der DDR im Jahr 1977 einen Rückschlag hinnehmen. Das Bundesverfassungsgericht hob ein Urteil des Berliner Kammergerichts auf, das Krug („Liebling Kreuzberg“) wegen einer Artikelserie in einer TV-Zeitschrift 20.000 Euro Entschädigung zugesprochen hatte. Der Beschluss wurde am Dienstag veröffentlicht. Krug wollte sich nach Angaben seiner Agentur nicht zu der Entscheidung äußern. „Tagebuch gegen Ausreise erster Klasse“ 
In der Zeitschrift „Gong“ waren 2011 unter dem Titel „Geliebter Feind, gehasster Bruder“ fünf Geschichten über Krug und dessen in Westdeutschland aufgewachsenen Bruder Roger erschienen. Darin behauptet der Bruder, vor Manfred Krugs Ausreise in den Westen habe es eine Vereinbarung mit dem Ministerium für Staatssicherheit gegeben. So habe Krug der Stasi sein Tagebuch mit brisanten Informationen über Freunde übergeben. Wörtlich spricht Roger Krug von einem Deal nach dem Motto „Tagebuch gegen Ausreise erster Klasse“. Kammergericht muss erneut entscheiden 
Manfred Krug hatte laut Beschluss erklärt, vor der Übergabe Passagen geschwärzt zu haben. Das Kammergericht stufte die Äußerungen daher als unwahre Tatsachenbehauptung und damit als unzulässig ein. Für die Karlsruher Richter ist diese Wertung verfassungsrechtlich nicht mehr tragbar. Dass der Bruder eine „subjektive Bewertung“ vornehme und spekuliere, sei für die Leser klar erkennbar. Das Kammergericht muss die Äußerungen nun als Meinung einstufen und erneut entscheiden. (dpa) Kommentare
</topic_text>
<spam_score>0.00</spam_score>
<post_num>1</post_num>
<post_id>post-1</post_id>
<post_url>http://www.ksta.de/kultur/ausreise-aus-der-ddr-rueckschlag-fuer-manfred-krug-im-streit-um-angeblichen-stasi-deal-24669832</post_url>
<post_date>20160830</post_date>
<post_time>1427</post_time>
<username></username>
<post>
Der Schauspieler Manfred Krug (M) stellt neben seinem Verleger Jürgen Kreuzhage am auf der Leipziger Buchmesse sein Buch &quot;Abgehauen&quot; vor, das seine Aufzeichnungen über die Zeit bis zu seiner Ausreise aus der DDR im Juni 1977 enthält. Foto: 
dpa Karlsruhe - 
Der Schauspieler Manfred Krug (79) muss im Streit um die Umstände seiner Ausreise aus der DDR im Jahr 1977 einen Rückschlag hinnehmen. Das Bundesverfassungsgericht hob ein Urteil des Berliner Kammergerichts auf, das Krug („Liebling Kreuzberg“) wegen einer Artikelserie in einer TV-Zeitschrift 20.000 Euro Entschädigung zugesprochen hatte. Der Beschluss wurde am Dienstag veröffentlicht. Krug wollte sich nach Angaben seiner Agentur nicht zu der Entscheidung äußern. „Tagebuch gegen Ausreise erster Klasse“ 
In der Zeitschrift „Gong“ waren 2011 unter dem Titel „Geliebter Feind, gehasster Bruder“ fünf Geschichten über Krug und dessen in Westdeutschland aufgewachsenen Bruder Roger erschienen. Darin behauptet der Bruder, vor Manfred Krugs Ausreise in den Westen habe es eine Vereinbarung mit dem Ministerium für Staatssicherheit gegeben. So habe Krug der Stasi sein Tagebuch mit brisanten Informationen über Freunde übergeben. Wörtlich spricht Roger Krug von einem Deal nach dem Motto „Tagebuch gegen Ausreise erster Klasse“. Kammergericht muss erneut entscheiden 
Manfred Krug hatte laut Beschluss erklärt, vor der Übergabe Passagen geschwärzt zu haben. Das Kammergericht stufte die Äußerungen daher als unwahre Tatsachenbehauptung und damit als unzulässig ein. Für die Karlsruher Richter ist diese Wertung verfassungsrechtlich nicht mehr tragbar. Dass der Bruder eine „subjektive Bewertung“ vornehme und spekuliere, sei für die Leser klar erkennbar. Das Kammergericht muss die Äußerungen nun als Meinung einstufen und erneut entscheiden. (dpa) Kommentare
</post>
<signature>

</signature>
<external_links>

</external_links>
<country>DE</country>
<main_image>http://www.ksta.de/image/24669908/2x1/940/470/aa8d35dc4484f92f6dc90244dbd87f5f/ai/b-manfred-krug-300816.jpg</main_image>
</document>
