<?xml version="1.0" encoding="UTF-8"?>
<document>
<type>mainstream</type>
<forum>http://www.lavanguardia.com/feed/rss/home</forum>
<forum_title>Portada</forum_title>
<discussion_title>Graban una brutal pelea a puñetazos en plena calle en Magaluf</discussion_title>
<language>spanish</language>
<gmt_offset></gmt_offset>
<topic_url>http://www.lavanguardia.com/sucesos/20160830/404287210487/pelea-magaluf.html</topic_url>
<topic_text>
Graban una brutal pelea a puñetazos en plena calle en Magaluf Nuevas imágenes de descontrol en la localidad mallorquina famosa por el turismo de borrachera Pelea a puñetazos en Magaluf (Youtube)   Redacción , Barcelona 30/08/2016 16:45   16:48 
El portal británico Daily Mail ha publicado este lunes un vídeo de una brutal pelea a puñetazos entre dos hombres grabado en la turística localidad mallorquina de Magaluf . 
Esta nueva secuencia abunda en la imagen de turismo de borrachera y descontrol que aqueja a Magaluf, que el año pasado sufrió el fenómeno del mamading y que este año se ha visto agravada por una mayor presencia de prostitutas en las calles. 
En las imágenes, grabadas con un móvil en medio de una de las calles de bares de Magaluf, se puede ver a decenas de personas en aparente estado de embriaguez jaleando a los dos contendientes, que acaban con los rostros sangrando por el intercambio de golpes. 
Pese a que el vídeo se ha difundido ahora por uno de los medios digitales con más repercusión en todo el mundo, las imágenes fueron subidas a Youtube en marzo de este año. 
El diario británico, que recuerda que Magaluf ha introducido multas para los turistas incívicos, señala que se desconoce si la policía intervino en esto caso.  
</topic_text>
<spam_score>0.00</spam_score>
<post_num>1</post_num>
<post_id>post-1</post_id>
<post_url>http://www.lavanguardia.com/sucesos/20160830/404287210487/pelea-magaluf.html</post_url>
<post_date>20160830</post_date>
<post_time>1445</post_time>
<username></username>
<post>
Graban una brutal pelea a puñetazos en plena calle en Magaluf Nuevas imágenes de descontrol en la localidad mallorquina famosa por el turismo de borrachera Pelea a puñetazos en Magaluf (Youtube)   Redacción , Barcelona 30/08/2016 16:45   16:48 
El portal británico Daily Mail ha publicado este lunes un vídeo de una brutal pelea a puñetazos entre dos hombres grabado en la turística localidad mallorquina de Magaluf . 
Esta nueva secuencia abunda en la imagen de turismo de borrachera y descontrol que aqueja a Magaluf, que el año pasado sufrió el fenómeno del mamading y que este año se ha visto agravada por una mayor presencia de prostitutas en las calles. 
En las imágenes, grabadas con un móvil en medio de una de las calles de bares de Magaluf, se puede ver a decenas de personas en aparente estado de embriaguez jaleando a los dos contendientes, que acaban con los rostros sangrando por el intercambio de golpes. 
Pese a que el vídeo se ha difundido ahora por uno de los medios digitales con más repercusión en todo el mundo, las imágenes fueron subidas a Youtube en marzo de este año. 
El diario británico, que recuerda que Magaluf ha introducido multas para los turistas incívicos, señala que se desconoce si la policía intervino en esto caso.  
</post>
<signature>

</signature>
<external_links>

</external_links>
<country>ES</country>
<main_image>http://www.lavanguardia.com/r/GODO/LV/p3/WebSite/2016/08/30/Recortada/img_jalbarran_20160830-164011_imagenes_lv_otras_fuentes_magaluf-kryC-U404287210487SkH-992x558@LaVanguardia-Web.jpg</main_image>
</document>
