<?xml version="1.0" encoding="UTF-8"?>
<document>
<type>mainstream</type>
<forum>http://feeds.feedburner.com/rss_osc_headlines_en</forum>
<forum_title>OSC Headlines</forum_title>
<discussion_title>Notice from the Office of the Secretary: In the Matter of Blue Gold Holdings Ltd. et al.</discussion_title>
<language>english</language>
<gmt_offset></gmt_offset>
<topic_url>http://www.osc.gov.on.ca/en/Proceedings_enr_20160830_blue-gold.htm</topic_url>
<topic_text>
  Blue Gold Holdings Ltd. et al. Proceedings THE SECURITIES ACT , RSO 1990, c S.5 - AND - BLUE GOLD HOLDINGS LTD., DEREK BLACKBURN, RAJ KURICHH AND NIGEL GREENING 
  in the above named matter which provides that: Staff shall serve and file Staff’s written submissions on sanctions and costs by September 9, 2016; The Respondents shall serve and file their responding written submissions on sanctions and costs by October 7, 2016; Staff shall serve and file Staff’s reply submissions, if any, by October 21, 2016; The hearing to determine sanctions and costs will be held at the offices of the Commission at 20 Queen Street West, Toronto, Ontario, on Friday, November 4, 2016, at 10:00 a.m.; and In the event of the failure of any party to attend at the time and place aforesaid, the hearing may proceed in the absence of that party, and the party is not entitled to any further notice of the proceeding. 
   
</topic_text>
<spam_score>0.00</spam_score>
<post_num>1</post_num>
<post_id>post-1</post_id>
<post_url>http://www.osc.gov.on.ca/en/Proceedings_enr_20160830_blue-gold.htm</post_url>
<post_date>20160830</post_date>
<post_time>1530</post_time>
<username></username>
<post>
  Blue Gold Holdings Ltd. et al. Proceedings THE SECURITIES ACT , RSO 1990, c S.5 - AND - BLUE GOLD HOLDINGS LTD., DEREK BLACKBURN, RAJ KURICHH AND NIGEL GREENING 
  in the above named matter which provides that: Staff shall serve and file Staff’s written submissions on sanctions and costs by September 9, 2016; The Respondents shall serve and file their responding written submissions on sanctions and costs by October 7, 2016; Staff shall serve and file Staff’s reply submissions, if any, by October 21, 2016; The hearing to determine sanctions and costs will be held at the offices of the Commission at 20 Queen Street West, Toronto, Ontario, on Friday, November 4, 2016, at 10:00 a.m.; and In the event of the failure of any party to attend at the time and place aforesaid, the hearing may proceed in the absence of that party, and the party is not entitled to any further notice of the proceeding. 
   
</post>
<signature>

</signature>
<external_links>

</external_links>
<country>US</country>
<main_image>http://www.osc.gov.on.ca/static/structure/img/android-chrome-192x192.png</main_image>
</document>
