<?xml version="1.0" encoding="UTF-8"?>
<document>
<type>mainstream</type>
<forum>http://www.jasarat.org/feed</forum>
<forum_title>Jasarat Newspaper English</forum_title>
<discussion_title>Turkish, Kurdish forces in Syria agree to ‘stop shooting at each other&apos;: US official</discussion_title>
<language>english</language>
<gmt_offset></gmt_offset>
<topic_url>http://www.jasarat.org/2016/08/30/turkish-kurdish-forces-in-syria-agree-to-stop-shooting-at-each-other-us-official/</topic_url>
<topic_text>
  Turkish, Kurdish forces in Syria agree to ‘stop shooting at each other&apos;: US official By Agencies   8:26 PM WASHINGTON: Turkish and Kurdish forces in northern Syria have reached a “loose agreement” to stop fighting each other, a US defense official told AFP on Tuesday. “In the last several hours, we have received assurance that all parties involved are going to stop shooting at each other and focus on the ISIL threat,” said Colonel John Thomas, Central Command spokesman, using an acronym for the Islamic State group. “It’s a loose agreement for at least the next couple of days and we are hoping that will solidify.”
</topic_text>
<spam_score>0.00</spam_score>
<post_num>1</post_num>
<post_id>post-1</post_id>
<post_url>http://www.jasarat.org/2016/08/30/turkish-kurdish-forces-in-syria-agree-to-stop-shooting-at-each-other-us-official/</post_url>
<post_date>20160830</post_date>
<post_time>1526</post_time>
<username>Agencies</username>
<post>
  Turkish, Kurdish forces in Syria agree to ‘stop shooting at each other&apos;: US official By Agencies   8:26 PM WASHINGTON: Turkish and Kurdish forces in northern Syria have reached a “loose agreement” to stop fighting each other, a US defense official told AFP on Tuesday. “In the last several hours, we have received assurance that all parties involved are going to stop shooting at each other and focus on the ISIL threat,” said Colonel John Thomas, Central Command spokesman, using an acronym for the Islamic State group. “It’s a loose agreement for at least the next couple of days and we are hoping that will solidify.”
</post>
<signature>

</signature>
<external_links>

</external_links>
<country>DE</country>
<main_image>http://www.jasarat.org/wp-content/uploads/2016/08/Syria-War.jpg</main_image>
</document>
