<?xml version="1.0" encoding="UTF-8"?>
<document>
<type>mainstream</type>
<forum>http://www.clarin.com/diario/hoy/sociedad.xml</forum>
<forum_title>Clarin.com - Sociedad</forum_title>
<discussion_title>Siguen las largas colas en la librería que anunció una liquidación final</discussion_title>
<language>spanish</language>
<gmt_offset></gmt_offset>
<topic_url>http://www.clarin.com/sociedad/Siguen-largas-libreria-anuncio-liquidacion_0_1641435909.html</topic_url>
<topic_text>
Siguen las largas colas en la librería que anunció una liquidación final 
El Vitral, en Montevideo al 100 
Esta mañana vendía los últimos ejemplares. Aunque anoche avisaron que ya no quedaban libros, cientos de personas se acercaron al local. opiná shares 
El martes pasado, una librería de usados del centro de la ciudad de Buenos Aires anunció su cierre definitivo y una oferta tentadora : todo el stock estaría disponible a un precio de $ 10 cada tres ejemplares. La novedad se dio a conocer por Facebook y, a través de un boca a boca virtual y real, captó cada vez más interesados y explotó ayer, cuando en una cola que llegó a tener dos cuadras de largo, cientos de personas esperaban su turno para comprar por última vez en El Vitral , ubicada en Montevideo al 100. 
Esta mañana, la escena se repitió. “No sé que tan larga es la cola porque no la recorrí, pero me dicen que es más larga que la de ayer , porque la gente vino desde muy temprano”, le dijo a Clarín María De Giorgio, dueña de la librería. 
Mirá también: Cierra una librería y hay más de dos cuadras de cola para aprovechar las ofertas 
El cierre, previsto para el viernes, seguramente se anticipará: “Creo que en un rato ya no quedarán libros ; desde anoche ya le avisamos a la gente que la liquidación había terminado, para que no vinieran en vano”, le contó María a este diario esta mañana. 
Cuando ya no queden más libros, solo quedarán a la venta las bibliotecas , por lo que es posible que hoy mismo la persiana de El Vitral baje para siempre. 
Anoche, otra vez desde Facebook, la librería agradeció a los compradores que acudieron en masa y se disculpó porque se vieron desbordados por la cantidad de gente . El post dice así: 
Queridos amigos! Queremos agradecer a las cientos de personas que durante el día de hoy se acercaron a la Librería, que esperaron horas a pie, y que por momentos lidiaron con nuestros humores... Es una felicidad enorme para nosotros confirmar que la pasión por el libro y la lectura está más viva que nunca en nuestra sociedad. No sabemos como disculparnos ante todos aquellos que se acercaron, muchas veces viajando horas, y que ante la cantidad enorme de personas no pudimos atender. La convocatoria superó absolutamente cualquier previsión posible , e hicimos todo lo que pudimos. Si cometimos algún error nos disculpamos de todo corazón. En un rato publicaremos toda la información de como sigue esta maravillosa historia. Gracias a todos. Esto no podría haber sido posible sin ustedes... 
RELACIONADAS comentarios nota COMENTARIOS (Para comentar, tu cuenta debe estar activa) 
Se deja expresamente aclarado que los comentarios realizados en los espacios de participación del Sitio son de exclusiva responsabilidad de sus autores, pudiendo estos ser pasibles de sanciones legales. Los comentarios que fueran violatorios de los Términos y Condiciones de Uso del Sitio y/o del ordenamiento legal vigente podrán ser eliminados e incluso podrá inhabilitarse a los Usuarios en cuestión para volver a comentar. Utilizar los espacios de participación implica la aceptación de los Términos y Condiciones de Uso del Sitio. lo más visto
</topic_text>
<spam_score>0.00</spam_score>
<post_num>1</post_num>
<post_id>post-1</post_id>
<post_url>http://www.clarin.com/sociedad/Siguen-largas-libreria-anuncio-liquidacion_0_1641435909.html</post_url>
<post_date>20160830</post_date>
<post_time>1513</post_time>
<username>Clarin.com</username>
<post>
Siguen las largas colas en la librería que anunció una liquidación final 
El Vitral, en Montevideo al 100 
Esta mañana vendía los últimos ejemplares. Aunque anoche avisaron que ya no quedaban libros, cientos de personas se acercaron al local. opiná shares 
El martes pasado, una librería de usados del centro de la ciudad de Buenos Aires anunció su cierre definitivo y una oferta tentadora : todo el stock estaría disponible a un precio de $ 10 cada tres ejemplares. La novedad se dio a conocer por Facebook y, a través de un boca a boca virtual y real, captó cada vez más interesados y explotó ayer, cuando en una cola que llegó a tener dos cuadras de largo, cientos de personas esperaban su turno para comprar por última vez en El Vitral , ubicada en Montevideo al 100. 
Esta mañana, la escena se repitió. “No sé que tan larga es la cola porque no la recorrí, pero me dicen que es más larga que la de ayer , porque la gente vino desde muy temprano”, le dijo a Clarín María De Giorgio, dueña de la librería. 
Mirá también: Cierra una librería y hay más de dos cuadras de cola para aprovechar las ofertas 
El cierre, previsto para el viernes, seguramente se anticipará: “Creo que en un rato ya no quedarán libros ; desde anoche ya le avisamos a la gente que la liquidación había terminado, para que no vinieran en vano”, le contó María a este diario esta mañana. 
Cuando ya no queden más libros, solo quedarán a la venta las bibliotecas , por lo que es posible que hoy mismo la persiana de El Vitral baje para siempre. 
Anoche, otra vez desde Facebook, la librería agradeció a los compradores que acudieron en masa y se disculpó porque se vieron desbordados por la cantidad de gente . El post dice así: 
Queridos amigos! Queremos agradecer a las cientos de personas que durante el día de hoy se acercaron a la Librería, que esperaron horas a pie, y que por momentos lidiaron con nuestros humores... Es una felicidad enorme para nosotros confirmar que la pasión por el libro y la lectura está más viva que nunca en nuestra sociedad. No sabemos como disculparnos ante todos aquellos que se acercaron, muchas veces viajando horas, y que ante la cantidad enorme de personas no pudimos atender. La convocatoria superó absolutamente cualquier previsión posible , e hicimos todo lo que pudimos. Si cometimos algún error nos disculpamos de todo corazón. En un rato publicaremos toda la información de como sigue esta maravillosa historia. Gracias a todos. Esto no podría haber sido posible sin ustedes... 
RELACIONADAS comentarios nota COMENTARIOS (Para comentar, tu cuenta debe estar activa) 
Se deja expresamente aclarado que los comentarios realizados en los espacios de participación del Sitio son de exclusiva responsabilidad de sus autores, pudiendo estos ser pasibles de sanciones legales. Los comentarios que fueran violatorios de los Términos y Condiciones de Uso del Sitio y/o del ordenamiento legal vigente podrán ser eliminados e incluso podrá inhabilitarse a los Usuarios en cuestión para volver a comentar. Utilizar los espacios de participación implica la aceptación de los Términos y Condiciones de Uso del Sitio. lo más visto
</post>
<signature>

</signature>
<external_links>

</external_links>
<country>AR</country>
<main_image>http://images.clarin.com/sociedad/Ayer-liquidacion-Vitral-Andres-DElia_CLAIMA20160830_0164_4.jpg</main_image>
</document>
