<?xml version="1.0" encoding="UTF-8"?>
<document>
<type>mainstream</type>
<forum>http://thenational.ae//section/rss/2340</forum>
<forum_title>Opinion RSS feed - The National</forum_title>
<discussion_title>It’s not just cricket</discussion_title>
<language>english</language>
<gmt_offset></gmt_offset>
<topic_url>http://www.thenational.ae/opinion/editorial/its-not-just-cricket</topic_url>
<topic_text>
Not for the first time, there’s been a push to introduce Americans to the mysteries of cricket. The legendary English cricketer WG Grace made an unsuccessful attempt in 1872, while Australia’s Shane Warne and India’s Sachin Tendulkar took games to New York, Houston and Los Angeles last year. Now India and the West Indies have played Twenty20 matches in Fort Lauderdale.
Florida, with its proximity to the cricket-mad Caribbean nations and a large Indian population, would seem to be a good place to start. However, Americans have been reluctant to embrace sports outside of their home-grown version of football, baseball and basketball – games, incidentally or not, that allow for plenty of breaks for TV commercials. Football, aka soccer, has taken decades to take hold and it is hardly mainstream.
If anything will engage new fans, it’s the fast-paced short form of cricket. Who’d even want to begin to explain to the uninitiated that a Test match can last for five days and still not produce a result?
</topic_text>
<spam_score>0.00</spam_score>
<post_num>1</post_num>
<post_id>post-1</post_id>
<post_url>http://www.thenational.ae/opinion/editorial/its-not-just-cricket</post_url>
<post_date>20160830</post_date>
<post_time>1711</post_time>
<username>thenational.ae</username>
<post>
Not for the first time, there’s been a push to introduce Americans to the mysteries of cricket. The legendary English cricketer WG Grace made an unsuccessful attempt in 1872, while Australia’s Shane Warne and India’s Sachin Tendulkar took games to New York, Houston and Los Angeles last year. Now India and the West Indies have played Twenty20 matches in Fort Lauderdale.
Florida, with its proximity to the cricket-mad Caribbean nations and a large Indian population, would seem to be a good place to start. However, Americans have been reluctant to embrace sports outside of their home-grown version of football, baseball and basketball – games, incidentally or not, that allow for plenty of breaks for TV commercials. Football, aka soccer, has taken decades to take hold and it is hardly mainstream.
If anything will engage new fans, it’s the fast-paced short form of cricket. Who’d even want to begin to explain to the uninitiated that a Test match can last for five days and still not produce a result?
</post>
<signature>

</signature>
<external_links>

</external_links>
<country>AE</country>
<main_image>http://www.thenational.ae/storyimage/AB/20160830/OPINION/160839907/AR/0/AR-160839907.jpg</main_image>
</document>
