<?xml version="1.0" encoding="UTF-8"?>
<document>
<type>mainstream</type>
<forum>http://deutschlandfunk.de/nachrichten.353.de.rss</forum>
<forum_title>Deutschlandfunk - Die Nachrichten</forum_title>
<discussion_title>Rentenangleichung - Streit zwischen Union und SPD über Finanzierung</discussion_title>
<language>german</language>
<gmt_offset></gmt_offset>
<topic_url>http://www.deutschlandfunk.de/rentenangleichung-streit-zwischen-union-und-spd-ueber.447.de.html?drn:news_id=650843</topic_url>
<topic_text>
Die Große Koalition streitet über die geplante Rentenangleichung. (dpa / picture alliance / Karl-Josef Hildenbrand) Die geplante Angleichung der Ostrenten an das West-Niveau droht wegen des Koalitionsstreits um die Finanzierung zu scheitern. 
SPD-Fraktionschef Oppermann forderte Finanzminister Schäuble auf, die Finanzierung aus Steuermitteln nicht länger abzulehnen. Es handele sich um eine gesamtgesellschaftliche Aufgabe, die vom Bund getragen werden müsse, sagte Oppermann der &quot;Berliner Zeitung&quot;. Der Berliner SPD-Vorsitzende Müller meinte, mit seiner Verweigerungshaltung verstoße Schäuble gegen den Koalitionsvertrag. Der Minister argumentiert, die Rentenangleichung gehöre nicht zu den Maßnahmen, deren Finanzierung bereits gesichert sei. Demzufolge müsse die gesetzliche Rentenversicherung die Kosten tragen. - Diese liegen nach Angaben des Sozialministeriums in den Jahren 2018 und 19 bei 1,8 Milliarden Euro und 2020 bei 3,9 Milliarden Euro. Weitere Nachrichten
</topic_text>
<spam_score>0.00</spam_score>
<post_num>1</post_num>
<post_id>post-1</post_id>
<post_url>http://www.deutschlandfunk.de/rentenangleichung-streit-zwischen-union-und-spd-ueber.447.de.html?drn:news_id=650843</post_url>
<post_date>20160830</post_date>
<post_time>1508</post_time>
<username></username>
<post>
Die Große Koalition streitet über die geplante Rentenangleichung. (dpa / picture alliance / Karl-Josef Hildenbrand) Die geplante Angleichung der Ostrenten an das West-Niveau droht wegen des Koalitionsstreits um die Finanzierung zu scheitern. 
SPD-Fraktionschef Oppermann forderte Finanzminister Schäuble auf, die Finanzierung aus Steuermitteln nicht länger abzulehnen. Es handele sich um eine gesamtgesellschaftliche Aufgabe, die vom Bund getragen werden müsse, sagte Oppermann der &quot;Berliner Zeitung&quot;. Der Berliner SPD-Vorsitzende Müller meinte, mit seiner Verweigerungshaltung verstoße Schäuble gegen den Koalitionsvertrag. Der Minister argumentiert, die Rentenangleichung gehöre nicht zu den Maßnahmen, deren Finanzierung bereits gesichert sei. Demzufolge müsse die gesetzliche Rentenversicherung die Kosten tragen. - Diese liegen nach Angaben des Sozialministeriums in den Jahren 2018 und 19 bei 1,8 Milliarden Euro und 2020 bei 3,9 Milliarden Euro. Weitere Nachrichten
</post>
<signature>

</signature>
<external_links>

</external_links>
<country>DE</country>
<main_image>http://www.deutschlandfunk.de/media/thumbs/4/4dac3ed1e04f2cd5a12a98d5009a9e79v1_max_555x312_b3535db83dc50e27c1bb1392364c95a2.jpg</main_image>
</document>
