<?xml version="1.0" encoding="UTF-8"?>
<document>
<type>mainstream</type>
<forum>http://info.sibnet.ru/data/last.rss</forum>
<forum_title>Sibnet: Новости</forum_title>
<discussion_title>«Терминатор 2» выйдет в прокат в 3D версии в 2017 году</discussion_title>
<language>russian</language>
<gmt_offset></gmt_offset>
<topic_url>http://info.sibnet.ru/article/493159/</topic_url>
<topic_text>
«Терминатор 2» выйдет в прокат в 3D версии в 2017 году Фото: кадр из фильма &quot;Терминатор 2&quot; 
Фильм Джеймса Кэмерона «Терминатор 2» вновь выйдет в кинотеатрах в 2017 году в специальной отреставрированной 3D-конвертации. 29 августа официальная страница фильма «Терминатор 2: Судный день» на Facebook анонсировала возвращение картины на большие экраны в новом формате. 
В июле 2016 года фильму «Терминатор 2» исполнилось 25 лет, а 29 августа традиционно отмечается «Судный день» — дата, когда искусственный интеллект Skynet начал войну против человечества. О том, что Джэймс Кэмерон собирается выпустить в кинотеатрах в стерео-версии, появилась около двух лет назад. 
Ожидается, что переизданием ленты будут работать компании DMG Entertainment и Studiocanal. Выход в 3D главным образом делается ради китайской аудитории, которая в последние годы является вторым кинорынком планеты. Мировая премьера перезапуска состоится в Китае. 
В 2012 Джеймс Кэмерон уже выпустил в 3D один из своих фильмов, «Титаник». Переиздание собрало еще 343,4 миллиона долларов в мировом прокате, из них в КНР лента собрала около 150 миллионов. По словам самого режиссера, новая версия второй части «Терминатора» поможет приобщиться к фильму тем, кто не видел картины ранее. 30 августа 2016, 17:12 НСК источник:
</topic_text>
<spam_score>0.00</spam_score>
<post_num>1</post_num>
<post_id>post-1</post_id>
<post_url>http://info.sibnet.ru/article/493159/</post_url>
<post_date>20160830</post_date>
<post_time>1012</post_time>
<username></username>
<post>
«Терминатор 2» выйдет в прокат в 3D версии в 2017 году Фото: кадр из фильма &quot;Терминатор 2&quot; 
Фильм Джеймса Кэмерона «Терминатор 2» вновь выйдет в кинотеатрах в 2017 году в специальной отреставрированной 3D-конвертации. 29 августа официальная страница фильма «Терминатор 2: Судный день» на Facebook анонсировала возвращение картины на большие экраны в новом формате. 
В июле 2016 года фильму «Терминатор 2» исполнилось 25 лет, а 29 августа традиционно отмечается «Судный день» — дата, когда искусственный интеллект Skynet начал войну против человечества. О том, что Джэймс Кэмерон собирается выпустить в кинотеатрах в стерео-версии, появилась около двух лет назад. 
Ожидается, что переизданием ленты будут работать компании DMG Entertainment и Studiocanal. Выход в 3D главным образом делается ради китайской аудитории, которая в последние годы является вторым кинорынком планеты. Мировая премьера перезапуска состоится в Китае. 
В 2012 Джеймс Кэмерон уже выпустил в 3D один из своих фильмов, «Титаник». Переиздание собрало еще 343,4 миллиона долларов в мировом прокате, из них в КНР лента собрала около 150 миллионов. По словам самого режиссера, новая версия второй части «Терминатора» поможет приобщиться к фильму тем, кто не видел картины ранее. 30 августа 2016, 17:12 НСК источник:
</post>
<signature>

</signature>
<external_links>

</external_links>
<country>RU</country>
<main_image>http://info.sibnet.ru/article/493159/ni/493/493159w_1472551621.jpg</main_image>
</document>
