<?xml version="1.0" encoding="UTF-8"?>
<document>
<type>mainstream</type>
<forum>http://feeds2.feedburner.com/Hoofdpunten</forum>
<forum_title>Laatste hoofdpunten</forum_title>
<discussion_title>Het Belang van Limburg: Miranda uit ‘Sex and The City’ laat zich van heel andere kant zien</discussion_title>
<language>dutch</language>
<gmt_offset></gmt_offset>
<topic_url>http://www.hbvl.be/cnt/dmf20160830_02445668/miranda-uit-sex-and-the-city-laat-zich-van-heel-andere-kant-zien</topic_url>
<topic_text>
Mail We kennen de Amerikaanse actrice Cynthia Nixon (50) vooral dankzij haar rol als de cynische Miranda in ‘Sex and The City, maar in de nieuwe prent ‘A Quiet Passion’ laat ze een heel andere kant van zichzelf zien. 
De film gaat over het moeilijke en eenzame leven van de Amerikaanse dichteres Emily Dickinson - die tijdens haar laatste maanden helemaal geïsoleerd leefde en honderden gedichten schreef. De hoofdrol is weggelegd voor Nixon en de Amerikaanse Elle is lovend op basis van de officiële trailer van de film. “Dit is het bewijs dat ze naast komisch acteerwerk ook heel serieuze rollen aankan. Ga die Oscar maar halen”, staat er geschreven. 
De prent, die deels in het Belgische Lint werd opgenomen, gaat in september in première in het Verenigd Koninkrijk. Bekijk hieronder alvast de trailer.
</topic_text>
<spam_score>0.00</spam_score>
<post_num>1</post_num>
<post_id>post-1</post_id>
<post_url>http://www.hbvl.be/cnt/dmf20160830_02445668/miranda-uit-sex-and-the-city-laat-zich-van-heel-andere-kant-zien</post_url>
<post_date>20160830</post_date>
<post_time>1500</post_time>
<username></username>
<post>
Mail We kennen de Amerikaanse actrice Cynthia Nixon (50) vooral dankzij haar rol als de cynische Miranda in ‘Sex and The City, maar in de nieuwe prent ‘A Quiet Passion’ laat ze een heel andere kant van zichzelf zien. 
De film gaat over het moeilijke en eenzame leven van de Amerikaanse dichteres Emily Dickinson - die tijdens haar laatste maanden helemaal geïsoleerd leefde en honderden gedichten schreef. De hoofdrol is weggelegd voor Nixon en de Amerikaanse Elle is lovend op basis van de officiële trailer van de film. “Dit is het bewijs dat ze naast komisch acteerwerk ook heel serieuze rollen aankan. Ga die Oscar maar halen”, staat er geschreven. 
De prent, die deels in het Belgische Lint werd opgenomen, gaat in september in première in het Verenigd Koninkrijk. Bekijk hieronder alvast de trailer.
</post>
<signature>

</signature>
<external_links>

</external_links>
<country>BE</country>
<main_image>http://s4.hbvlcdn.be/Assets/Images_Upload/2016/08/30/2475d986-6ebe-11e6-8e96-1ad7beda2235_web_scale_0.5555556_0.5555556__.jpg?maxheight=460&amp;maxwidth=629</main_image>
</document>
