<?xml version="1.0" encoding="UTF-8"?>
<document>
<type>mainstream</type>
<forum>http://zik.ua/ua/rss/rubric/west.rss</forum>
<forum_title>ZIK.ua - Західна Україна</forum_title>
<discussion_title>Селяни на Волині перекрили дорогу через карантин на африканську чуму свиней</discussion_title>
<language>ukrainian</language>
<gmt_offset></gmt_offset>
<topic_url>http://zik.ua/news/2016/08/30/selyany_na_volyni_perekryly_dorogu_cherez_karantyn_na_afrykansku_chumu_820512</topic_url>
<topic_text>
  17:52 Західна Україна Селяни на Волині перекрили дорогу через карантин на африканську чуму свиней У волинському селі Любешівська Воля 30 серпня місцеві мешканці перекрили автодорогу державного значення «Луцьк – Маневичі – Любешів – КП Дольськ». 
У такий спосіб люди висловили невдоволення введенням карантину на розповсюдження африканської чуми свиней, – повідомили IA ZIK у СК ГУНП в області. 
У центрі села близько 50 місцевих мешканців безперевно ходили пішоходним переходом й таким чином частково перекрили рух транспорту. Поліцейські забезпечили об’їзд перекритої ділянки для легкових транспортних засобів. 
У такий спосіб жителі села висловили невдоволення введенням карантину на розповсюдження африканської чуми свиней. Зокрема, людей цікавило, які компенсації вони отримають за вилучених свиней, де спалюватимуть або закопуватимуть туші загиблих тварин. 
З жителями села зустрілися керівники райдержадміністрації, районної ради та Любешівського відділення поліції. Після роз’яснювальної бесіди рух на автодорозі було повністю відновлено. 
Під час акції порушень громадського порядку не зафіксовано. 
Відомості про подію внесені до журналу єдиного обліку заяв та повідомлень про кримінальні правопорушення та інші події.
</topic_text>
<spam_score>0.00</spam_score>
<post_num>1</post_num>
<post_id>post-1</post_id>
<post_url>http://zik.ua/news/2016/08/30/selyany_na_volyni_perekryly_dorogu_cherez_karantyn_na_afrykansku_chumu_820512</post_url>
<post_date>20160830</post_date>
<post_time>1452</post_time>
<username></username>
<post>
  17:52 Західна Україна Селяни на Волині перекрили дорогу через карантин на африканську чуму свиней У волинському селі Любешівська Воля 30 серпня місцеві мешканці перекрили автодорогу державного значення «Луцьк – Маневичі – Любешів – КП Дольськ». 
У такий спосіб люди висловили невдоволення введенням карантину на розповсюдження африканської чуми свиней, – повідомили IA ZIK у СК ГУНП в області. 
У центрі села близько 50 місцевих мешканців безперевно ходили пішоходним переходом й таким чином частково перекрили рух транспорту. Поліцейські забезпечили об’їзд перекритої ділянки для легкових транспортних засобів. 
У такий спосіб жителі села висловили невдоволення введенням карантину на розповсюдження африканської чуми свиней. Зокрема, людей цікавило, які компенсації вони отримають за вилучених свиней, де спалюватимуть або закопуватимуть туші загиблих тварин. 
З жителями села зустрілися керівники райдержадміністрації, районної ради та Любешівського відділення поліції. Після роз’яснювальної бесіди рух на автодорозі було повністю відновлено. 
Під час акції порушень громадського порядку не зафіксовано. 
Відомості про подію внесені до журналу єдиного обліку заяв та повідомлень про кримінальні правопорушення та інші події.
</post>
<signature>

</signature>
<external_links>

</external_links>
<country>UA</country>
<main_image>http://zik.ua/media/facebook_article/820512.jpg</main_image>
</document>
