<?xml version="1.0" encoding="UTF-8"?>
<document>
<type>mainstream</type>
<forum>http://info.sibnet.ru/data/last.rss</forum>
<forum_title>Sibnet: Новости</forum_title>
<discussion_title>Новый аэропорт пообещали Иркутску через 10 лет</discussion_title>
<language>russian</language>
<gmt_offset></gmt_offset>
<topic_url>http://info.sibnet.ru/article/493132/</topic_url>
<topic_text>
Новый аэропорт пообещали Иркутску через 10 лет Фото: © аэропорт Иркутска 
Губернатор Иркутской области Сергей Левченко пообещал, что новый аэропорт появится в областном центре в течение 7-10 лет. 
Левченко на встрече с коллективом иркутского аэропорта заявил, что единственным путём развития власти видят строительство нового, об этом сообщила во вторник пресс-служба аэропорта. 
«Решение это принято, планируется, что оно будет реализовано в течение ближайших семи-десяти лет. Правительство Иркутской области ведет переговоры с несколькими потенциальными инвесторами новой воздушной гавани», — сказано в сообщении. 
Среди возможных инвесторов есть и российские, и зарубежные. Но существующий аэропорт останется в собственности области и будет развиваться, в ближайших планах — строительство нового терминала международных линий и реконструкция перрона. 30 августа 2016, 15:36 НСК источник:
</topic_text>
<spam_score>0.00</spam_score>
<post_num>1</post_num>
<post_id>post-1</post_id>
<post_url>http://info.sibnet.ru/article/493132/</post_url>
<post_date>20160830</post_date>
<post_time>0836</post_time>
<username></username>
<post>
Новый аэропорт пообещали Иркутску через 10 лет Фото: © аэропорт Иркутска 
Губернатор Иркутской области Сергей Левченко пообещал, что новый аэропорт появится в областном центре в течение 7-10 лет. 
Левченко на встрече с коллективом иркутского аэропорта заявил, что единственным путём развития власти видят строительство нового, об этом сообщила во вторник пресс-служба аэропорта. 
«Решение это принято, планируется, что оно будет реализовано в течение ближайших семи-десяти лет. Правительство Иркутской области ведет переговоры с несколькими потенциальными инвесторами новой воздушной гавани», — сказано в сообщении. 
Среди возможных инвесторов есть и российские, и зарубежные. Но существующий аэропорт останется в собственности области и будет развиваться, в ближайших планах — строительство нового терминала международных линий и реконструкция перрона. 30 августа 2016, 15:36 НСК источник:
</post>
<signature>

</signature>
<external_links>

</external_links>
<country>RU</country>
<main_image>http://info.sibnet.ru/article/493132/ni/493/493132w_1472546212.jpg</main_image>
</document>
