<?xml version="1.0" encoding="UTF-8"?>
<document>
<type>mainstream</type>
<forum>http://www.clarin.com/diario/hoy/sociedad.xml</forum>
<forum_title>Clarin.com - Sociedad</forum_title>
<discussion_title>Confirman que los perros entienden qué les decimos y cómo lo hacemos</discussion_title>
<language>spanish</language>
<gmt_offset></gmt_offset>
<topic_url>http://www.clarin.com/sociedad/Confirman-perros-entienden-decimos-hacemos_0_1641435882.html</topic_url>
<topic_text>
Confirman que los perros entienden qué les decimos y cómo lo hacemos 
Ciencia 
Como los humanos, procesan las palabras con el hemisferio izquierdo del cerebro, e interpretan los tonos con el derecho. opiná shares 
Los perros entienden qué les decimos y cómo se lo decimos. A esa conclusión llegó un estudio científico que descubrió que ellos utilizan las mismas zonas del cerebro que los humanos para procesar el lenguaje . Estos animales --al igual que nosotros-- procesan las palabras con el hemisferio izquierdo, e interpretan el tono con el hemisferio derecho, indicó la investigación publicada en la revista Science . 
Según lo informado por la agencia de noticias AP, los expertos descubrieron que los perros identifican que se les está felicitando sólo cuando las palabras y el tono coinciden . No producen el mismo efecto las palabras sin sentido dichas en tono alentador o las palabras significativas dichas en tono neutro. &quot;El cerebro del perro registra lo que decimos y cómo lo decimos&apos;&apos;, sostuvo el director de la investigación, Attila Andics, neurólogo de la Universidad Eotvos Lorand de Budapest. 
Mirá también: El perro adoptado por la azafata reabrió un largo debate 
En un video, el científico explica que la entonación trabaja de manera similar en muchas especies . Por ejemplo, la emoción se expresa con una voz fuerte. Pero los humanos usamos, además, palabras cuando nos dirigimos hacia las mascotas: &quot;buen chico&quot; o &quot;bien hecho&quot;, son algunas frases que les dedicamos. &quot;Lo que descubrimos fue realmente sorprendente. Los perros prestan atención tanto a las palabras como a la entonación &quot;, señala. 
Según Andics, los hallazgos indican que la capacidad mental para procesar el lenguaje evolucionó antes de lo que se había creído en un principio, y que lo que hace única la comunicación humana es la invención de palabras . 
Mirá también: Cuánto cuesta clonar a tu perro 
&quot;Las capacidades neurales de procesar palabras que muchos creían eran propias del ser humano en realidad se ven en otras especies&quot;, dijo el investigador. &quot;Esto indica que el gran cambio que permitió a los seres humanos ser capaces de usar palabras no fue un gran cambio en la capacidad neural&quot;, continuó. 
&quot;Si bien otras especies probablemente tienen la capacidad mental de comprender el lenguaje, esto es difícil de someter a prueba debido su falta de interés en el lenguaje humano &quot;, dijo Andics. El perro mantiene una sociedad con el ser humano desde hace miles de años, lo cual indica que presta mayor atención a lo que se le dice y cómo. 
Mirá también: Terremoto en Italia: perros que salvan y perros salvados 
Para realizar el estudio, los científicos entrenaron a 13 perros que se mantuvieron inmóviles durante siete minutos, mientras les hicieron una resonancia magnética cerebral. Entonces, midieron la actividad cerebral de cada animal al escuchar las palabras de su entrenador . Andics destacó que los perros examinados estaban despiertos, sueltos y felices. &quot;Participaron voluntariamente&quot;, señaló. 
Además, la investigación demostró que cuando una persona los elogia, se activa el sistema de recompensa del perro , es decir, la región cerebral que responde a estímulos placenteros como la comida, el sexo, o las caricias. Esto sucede solo cuando las palabras y la entonación del elogio coinciden. &quot;El elogio solo funciona como gratificación si la entonación es acorde con el significado&quot;, concluye Andics. 
RELACIONADAS comentarios nota COMENTARIOS (Para comentar, tu cuenta debe estar activa) 
Se deja expresamente aclarado que los comentarios realizados en los espacios de participación del Sitio son de exclusiva responsabilidad de sus autores, pudiendo estos ser pasibles de sanciones legales. Los comentarios que fueran violatorios de los Términos y Condiciones de Uso del Sitio y/o del ordenamiento legal vigente podrán ser eliminados e incluso podrá inhabilitarse a los Usuarios en cuestión para volver a comentar. Utilizar los espacios de participación implica la aceptación de los Términos y Condiciones de Uso del Sitio. lo más visto
</topic_text>
<spam_score>0.00</spam_score>
<post_num>1</post_num>
<post_id>post-1</post_id>
<post_url>http://www.clarin.com/sociedad/Confirman-perros-entienden-decimos-hacemos_0_1641435882.html</post_url>
<post_date>20160830</post_date>
<post_time>1349</post_time>
<username>Clarin.com</username>
<post>
Confirman que los perros entienden qué les decimos y cómo lo hacemos 
Ciencia 
Como los humanos, procesan las palabras con el hemisferio izquierdo del cerebro, e interpretan los tonos con el derecho. opiná shares 
Los perros entienden qué les decimos y cómo se lo decimos. A esa conclusión llegó un estudio científico que descubrió que ellos utilizan las mismas zonas del cerebro que los humanos para procesar el lenguaje . Estos animales --al igual que nosotros-- procesan las palabras con el hemisferio izquierdo, e interpretan el tono con el hemisferio derecho, indicó la investigación publicada en la revista Science . 
Según lo informado por la agencia de noticias AP, los expertos descubrieron que los perros identifican que se les está felicitando sólo cuando las palabras y el tono coinciden . No producen el mismo efecto las palabras sin sentido dichas en tono alentador o las palabras significativas dichas en tono neutro. &quot;El cerebro del perro registra lo que decimos y cómo lo decimos&apos;&apos;, sostuvo el director de la investigación, Attila Andics, neurólogo de la Universidad Eotvos Lorand de Budapest. 
Mirá también: El perro adoptado por la azafata reabrió un largo debate 
En un video, el científico explica que la entonación trabaja de manera similar en muchas especies . Por ejemplo, la emoción se expresa con una voz fuerte. Pero los humanos usamos, además, palabras cuando nos dirigimos hacia las mascotas: &quot;buen chico&quot; o &quot;bien hecho&quot;, son algunas frases que les dedicamos. &quot;Lo que descubrimos fue realmente sorprendente. Los perros prestan atención tanto a las palabras como a la entonación &quot;, señala. 
Según Andics, los hallazgos indican que la capacidad mental para procesar el lenguaje evolucionó antes de lo que se había creído en un principio, y que lo que hace única la comunicación humana es la invención de palabras . 
Mirá también: Cuánto cuesta clonar a tu perro 
&quot;Las capacidades neurales de procesar palabras que muchos creían eran propias del ser humano en realidad se ven en otras especies&quot;, dijo el investigador. &quot;Esto indica que el gran cambio que permitió a los seres humanos ser capaces de usar palabras no fue un gran cambio en la capacidad neural&quot;, continuó. 
&quot;Si bien otras especies probablemente tienen la capacidad mental de comprender el lenguaje, esto es difícil de someter a prueba debido su falta de interés en el lenguaje humano &quot;, dijo Andics. El perro mantiene una sociedad con el ser humano desde hace miles de años, lo cual indica que presta mayor atención a lo que se le dice y cómo. 
Mirá también: Terremoto en Italia: perros que salvan y perros salvados 
Para realizar el estudio, los científicos entrenaron a 13 perros que se mantuvieron inmóviles durante siete minutos, mientras les hicieron una resonancia magnética cerebral. Entonces, midieron la actividad cerebral de cada animal al escuchar las palabras de su entrenador . Andics destacó que los perros examinados estaban despiertos, sueltos y felices. &quot;Participaron voluntariamente&quot;, señaló. 
Además, la investigación demostró que cuando una persona los elogia, se activa el sistema de recompensa del perro , es decir, la región cerebral que responde a estímulos placenteros como la comida, el sexo, o las caricias. Esto sucede solo cuando las palabras y la entonación del elogio coinciden. &quot;El elogio solo funciona como gratificación si la entonación es acorde con el significado&quot;, concluye Andics. 
RELACIONADAS comentarios nota COMENTARIOS (Para comentar, tu cuenta debe estar activa) 
Se deja expresamente aclarado que los comentarios realizados en los espacios de participación del Sitio son de exclusiva responsabilidad de sus autores, pudiendo estos ser pasibles de sanciones legales. Los comentarios que fueran violatorios de los Términos y Condiciones de Uso del Sitio y/o del ordenamiento legal vigente podrán ser eliminados e incluso podrá inhabilitarse a los Usuarios en cuestión para volver a comentar. Utilizar los espacios de participación implica la aceptación de los Términos y Condiciones de Uso del Sitio. lo más visto
</post>
<signature>

</signature>
<external_links>

</external_links>
<country>AR</country>
<main_image>http://images.clarin.com/sociedad/realizado-Budapest-lenguaje-distintas-AP_CLAIMA20160830_0082_4.jpg</main_image>
</document>
