<?xml version="1.0" encoding="UTF-8"?>
<document>
<type>mainstream</type>
<forum>http://nediyor.com/feed/</forum>
<forum_title>nediyor.com</forum_title>
<discussion_title>AKM’de tören için kurulan platform yıkıldı</discussion_title>
<language>turkish</language>
<gmt_offset></gmt_offset>
<topic_url>http://nediyor.com/akmde-toren-icin-kurulan-platform-yikildi/</topic_url>
<topic_text>
Ankara’da akşam saatlerinde etkili olan kuvvetli yağış ve rüzgar, 30 Ağustos Zafer Bayramı etkinliklerinin yapılacağı Atatürk Kültür Merkezi’ni de (AKM) etkiledi. Törenler için kurulan platformun bir kısmı, şiddetli yağış nedeniyle park halinde bulunan araçların üzerine devrildi. 
Platformun üzerindeki büyük boyutlu ekran ve ses sisteminde de hasar meydana geldi. 
Olayda ölen ya da yaralanan olmadı. 
Bu arada, platformun yıkılmasının ardından onarım çalışmalarına devam ediliyor. 
Kuvvetli yağış ve rüzgar nedeniyle platformun yıkılmasından sonra çalışma başlatan ekipler, dev ekran ve ses sistemlerini onarıyor. 
Hasar gören bölümler, belediye ekiplerince vinçler de kullanılarak tamir ediliyor. Protokol bölümü ve çevre güvenliğinin alındığı yerlerde şiddetli yağış nedeniyle oluşan su birikintileri ise Ankara Büyükşehir Belediyesi Su ve Kanalizasyon İdaresi (ASKİ) görevlileri tarafından tahliye ediliyor.
</topic_text>
<spam_score>0.00</spam_score>
<post_num>1</post_num>
<post_id>post-1</post_id>
<post_url>http://nediyor.com/akmde-toren-icin-kurulan-platform-yikildi/</post_url>
<post_date>20160830</post_date>
<post_time>0536</post_time>
<username>Ramazan Çelikel</username>
<post>
Ankara’da akşam saatlerinde etkili olan kuvvetli yağış ve rüzgar, 30 Ağustos Zafer Bayramı etkinliklerinin yapılacağı Atatürk Kültür Merkezi’ni de (AKM) etkiledi. Törenler için kurulan platformun bir kısmı, şiddetli yağış nedeniyle park halinde bulunan araçların üzerine devrildi. 
Platformun üzerindeki büyük boyutlu ekran ve ses sisteminde de hasar meydana geldi. 
Olayda ölen ya da yaralanan olmadı. 
Bu arada, platformun yıkılmasının ardından onarım çalışmalarına devam ediliyor. 
Kuvvetli yağış ve rüzgar nedeniyle platformun yıkılmasından sonra çalışma başlatan ekipler, dev ekran ve ses sistemlerini onarıyor. 
Hasar gören bölümler, belediye ekiplerince vinçler de kullanılarak tamir ediliyor. Protokol bölümü ve çevre güvenliğinin alındığı yerlerde şiddetli yağış nedeniyle oluşan su birikintileri ise Ankara Büyükşehir Belediyesi Su ve Kanalizasyon İdaresi (ASKİ) görevlileri tarafından tahliye ediliyor.
</post>
<signature>

</signature>
<external_links>

</external_links>
<country>TR</country>
<main_image>http://i2.wp.com/nediyor.com/wp-content/uploads/2016/08/akm_platform_.jpg?fit=600%2C375</main_image>
</document>
