<?xml version="1.0" encoding="UTF-8"?>
<document>
<type>mainstream</type>
<forum>http://info.sibnet.ru/data/last.rss</forum>
<forum_title>Sibnet: Новости</forum_title>
<discussion_title>Супермодель Ратажковски разделась на греческом побережье</discussion_title>
<language>russian</language>
<gmt_offset></gmt_offset>
<topic_url>http://info.sibnet.ru/article/493192/</topic_url>
<topic_text>
Фото : © instagram.com/emrata 
Американская супермодель Эмили Ратажковски выложила в Instagram серию соблазнительных снимков с греческого побережья. 
Сейчас модель находится в отпуске в Греции, откуда и выкладывает в Instagram снимки. На очередной серии фото Ратажковски запечатлена на острове Крит. Модель показала своим поклонникам свою идеальную фигуру, едва прикрытую крошечным купальником. 
Эмили Ратажковски получила широкую известность после того, как снялась обнаженной в клипе американского певца Робина Тика Blurred Lines и Love Somebody группы Maroon 5. Она уже принимала участие в нескольких откровенных фотосессиях, снимок Ратаковски появился на обложке турецкого GQ. Модель начала делать карьеру в кино, самый известный фильм с ее участием — триллер Дэвида Финчера «Исчезнувшая». Фото опубликовано Emily Ratajkowski (@emrata) Авг 29 2016 в 1:03 PDT
</topic_text>
<spam_score>0.00</spam_score>
<post_num>1</post_num>
<post_id>post-1</post_id>
<post_url>http://info.sibnet.ru/article/493192/</post_url>
<post_date>20160830</post_date>
<post_time>1136</post_time>
<username></username>
<post>
Фото : © instagram.com/emrata 
Американская супермодель Эмили Ратажковски выложила в Instagram серию соблазнительных снимков с греческого побережья. 
Сейчас модель находится в отпуске в Греции, откуда и выкладывает в Instagram снимки. На очередной серии фото Ратажковски запечатлена на острове Крит. Модель показала своим поклонникам свою идеальную фигуру, едва прикрытую крошечным купальником. 
Эмили Ратажковски получила широкую известность после того, как снялась обнаженной в клипе американского певца Робина Тика Blurred Lines и Love Somebody группы Maroon 5. Она уже принимала участие в нескольких откровенных фотосессиях, снимок Ратаковски появился на обложке турецкого GQ. Модель начала делать карьеру в кино, самый известный фильм с ее участием — триллер Дэвида Финчера «Исчезнувшая». Фото опубликовано Emily Ratajkowski (@emrata) Авг 29 2016 в 1:03 PDT
</post>
<signature>

</signature>
<external_links>

</external_links>
<country>RU</country>
<main_image>http://info.sibnet.ru/article/493192/ni/493/493192w_1472557450.png</main_image>
</document>
