<?xml version="1.0" encoding="UTF-8"?>
<document>
<type>mainstream</type>
<forum>http://www.myrtlebeachonline.com/news/business/?widgetName=rssfeed&amp;widgetContentId=712015&amp;getXmlFeed=true</forum>
<forum_title>Business News | MyrtleBeachOnline.com &amp;</forum_title>
<discussion_title>Missouri audit: less state help hurt college affordability</discussion_title>
<language>english</language>
<gmt_offset></gmt_offset>
<topic_url>http://www.myrtlebeachonline.com/news/business/article98791927.html</topic_url>
<topic_text>
August 30, 2016 11:11 AM Missouri audit: less state help hurt college affordability 
A Missouri audit says less money from the state has meant students and families are shouldering more costs for public higher education. The Associated Press Order Reprint of this Story JEFFERSON CITY, Mo. 
A Missouri audit says less money from the state has meant students and families are shouldering more costs for public higher education. 
Auditor Nicole Galloway released a report Tuesday finding that fulltime students paid 25 percent more in net tuition and fees in fiscal year 2015 to go to public four-year schools than in 2009. 
That&apos;s partly because state appropriations for four-year schools declined 9 percent during that time. Missouri&apos;s public colleges and universities can&apos;t hike tuition above the rate of inflation, so Galloway&apos;s office says schools are turning to fees to raise money. 
The audit says supplemental fees have gone up more than 100 percent at four-year schools. 
According to the audit, schools also are recruiting more out-of-state and international students, who often pay more for tuition. Related content
</topic_text>
<spam_score>0.00</spam_score>
<post_num>1</post_num>
<post_id>post-1</post_id>
<post_url>http://www.myrtlebeachonline.com/news/business/article98791927.html</post_url>
<post_date>20160830</post_date>
<post_time>1511</post_time>
<username>The Associated Press</username>
<post>
August 30, 2016 11:11 AM Missouri audit: less state help hurt college affordability 
A Missouri audit says less money from the state has meant students and families are shouldering more costs for public higher education. The Associated Press Order Reprint of this Story JEFFERSON CITY, Mo. 
A Missouri audit says less money from the state has meant students and families are shouldering more costs for public higher education. 
Auditor Nicole Galloway released a report Tuesday finding that fulltime students paid 25 percent more in net tuition and fees in fiscal year 2015 to go to public four-year schools than in 2009. 
That&apos;s partly because state appropriations for four-year schools declined 9 percent during that time. Missouri&apos;s public colleges and universities can&apos;t hike tuition above the rate of inflation, so Galloway&apos;s office says schools are turning to fees to raise money. 
The audit says supplemental fees have gone up more than 100 percent at four-year schools. 
According to the audit, schools also are recruiting more out-of-state and international students, who often pay more for tuition. Related content
</post>
<signature>

</signature>
<external_links>

</external_links>
<country>US</country>
<main_image>http://www.myrtlebeachonline.com/static/images/myrtlebeachonline/facebook.jpg</main_image>
</document>
