<?xml version="1.0" encoding="UTF-8"?>
<document>
<type>mainstream</type>
<forum>http://feeds2.feedburner.com/ArtmajeurDaily</forum>
<forum_title>Artmajeur - Latest Artworks</forum_title>
<discussion_title>SA-014 Tree Without Leaves.jpg</discussion_title>
<language>english</language>
<gmt_offset></gmt_offset>
<topic_url>http://www.artmajeur.com/en/artist/clementbbstudio/collection/photography-botanical-and-food/1664614/artwork/sa-014-tree-without-leaves-jpg/9409576</topic_url>
<topic_text>
Photorealism , Paper , Botanic , tree , plant , plantation , botanical , wood , tree trunk , brances , leaves Other art by Clement Tsang : SA-012 A Single Dry Leaf.jpg - Photography ©2013 by Clement Tsang - Photorealism, Paper, Botanic, leaves, leaf, plant, grass, green, dry, brown SA-005 Red Flower V.jpg - Photography ©2010 by Clement Tsang - Photorealism, Paper, Botanic, Flower, flower, floral, plant, plantation, green, botanical, leaves, red SA-001 Red Flower I.jpg - Photography ©2010 by Clement Tsang - Photorealism, Paper, Botanic, Flower, floral, flower, plant, plantation, botanical, red, green HIST-002 The Trail of the Fox - Printmaking, 51x36x0.5 cm ©2000 by Clement Tsang - Classicism, Photorealism, Paper, People, people, person, soldiers, dinner, restaurant, collectible, photo-print, print, war, gun, fighting OP-046 Four Snow Owls - Painting, 81x61x2 cm ©2016 by Clement Tsang - Classicism, Realism, Canvas, Animals, owls, birds, animal, wildlife, family, snow, white, oil painting HIST-001 The Musicians - Printmaking, 92x61x2 cm ©2009 by Clement Tsang - Portraiture, Canvas, People, music, musician, performer, performance, violin, people, portrait, human, male, female, figure, figurative WC-006 Children playing (Enfants jouant sous l&apos;arbre) - Painting, 20x28x1 cm ©2012 by Clement Tsang - Classicism, Paper, Children, children, people, male, female, garden, tree, watercolor, girl, boy, landscape, nature, grass, wood, plant, plantation EC-002 Window I - Printmaking, 7.5x7.5 cm ©1988 by Clement Tsang - Surrealism, Paper, Landscape, house, room, farm, land, brick, tree, leaves, landscape OP-037 Lady with Red Lips (Dame avec des lèvres rouges) - Painting, 60x51 cm ©2015 by Clement Tsang - Contemporary painting, Modernism, Canvas, People, Women, face, lady, female, girl, lips, red lips, cloud, sky, blue, birds, flying Artmajeur ™
</topic_text>
<spam_score>0.00</spam_score>
<post_num>1</post_num>
<post_id>post-1</post_id>
<post_url>http://www.artmajeur.com/en/artist/clementbbstudio/collection/photography-botanical-and-food/1664614/artwork/sa-014-tree-without-leaves-jpg/9409576</post_url>
<post_date>20160830</post_date>
<post_time>1511</post_time>
<username>noreply+656467@artmajeur.com (Clement Tsang)</username>
<post>
Photorealism , Paper , Botanic , tree , plant , plantation , botanical , wood , tree trunk , brances , leaves Other art by Clement Tsang : SA-012 A Single Dry Leaf.jpg - Photography ©2013 by Clement Tsang - Photorealism, Paper, Botanic, leaves, leaf, plant, grass, green, dry, brown SA-005 Red Flower V.jpg - Photography ©2010 by Clement Tsang - Photorealism, Paper, Botanic, Flower, flower, floral, plant, plantation, green, botanical, leaves, red SA-001 Red Flower I.jpg - Photography ©2010 by Clement Tsang - Photorealism, Paper, Botanic, Flower, floral, flower, plant, plantation, botanical, red, green HIST-002 The Trail of the Fox - Printmaking, 51x36x0.5 cm ©2000 by Clement Tsang - Classicism, Photorealism, Paper, People, people, person, soldiers, dinner, restaurant, collectible, photo-print, print, war, gun, fighting OP-046 Four Snow Owls - Painting, 81x61x2 cm ©2016 by Clement Tsang - Classicism, Realism, Canvas, Animals, owls, birds, animal, wildlife, family, snow, white, oil painting HIST-001 The Musicians - Printmaking, 92x61x2 cm ©2009 by Clement Tsang - Portraiture, Canvas, People, music, musician, performer, performance, violin, people, portrait, human, male, female, figure, figurative WC-006 Children playing (Enfants jouant sous l&apos;arbre) - Painting, 20x28x1 cm ©2012 by Clement Tsang - Classicism, Paper, Children, children, people, male, female, garden, tree, watercolor, girl, boy, landscape, nature, grass, wood, plant, plantation EC-002 Window I - Printmaking, 7.5x7.5 cm ©1988 by Clement Tsang - Surrealism, Paper, Landscape, house, room, farm, land, brick, tree, leaves, landscape OP-037 Lady with Red Lips (Dame avec des lèvres rouges) - Painting, 60x51 cm ©2015 by Clement Tsang - Contemporary painting, Modernism, Canvas, People, Women, face, lady, female, girl, lips, red lips, cloud, sky, blue, birds, flying Artmajeur ™
</post>
<signature>

</signature>
<external_links>

</external_links>
<country>FR</country>
<main_image>http://www.artmajeur.com/medias/standard/c/l/clementbbstudio/artwork/9409576_019.jpg</main_image>
</document>
