<?xml version="1.0" encoding="UTF-8"?>
<document>
<type>mainstream</type>
<forum>http://auto.gasgoo.com/original-news/feed</forum>
<forum_title>盖世汽车立志打造专业人士最爱看的汽车资讯，提供：最新最全的国际、国内、零部件及后市场新闻，丰富的产业评论、数据分析及热点关注，对采购商、供应商、国际咨询公司、后市场等高层做一系列访谈，详尽介绍各主流汽车市场产业动态及市场销量。是专业人士了解与交流业内信息的最佳资讯平台。</forum_title>
<discussion_title>一言不合就推两款 “新能源车” 大陆集团要干啥？</discussion_title>
<language>chinese</language>
<gmt_offset></gmt_offset>
<topic_url>http://auto.gasgoo.com/News/2016/08/29022423242360366762521.shtml</topic_url>
<topic_text>
16-08-30 07:00 来源： 盖世汽车 作者：任慧娟 核心提示： 近日，大陆集团首次在国内推出了两辆分别搭载48V环保驾乘系统的微混演示车以及第3代电驱系统的纯电动演示汽车。据了解，两辆演示车均由大陆中国研发团队组装而成，当中所包含的创新性电气化解决方案中技术亦是专为中国市场量身打造。 
彭博新能源财经今年发布的一项研究称，未来新能源汽车的销量或将呈现井喷式增长，其幅度可能比各国政府和石油公司的预期更加猛烈。研究指出，即使油价保持低位，到2025年，选择新能源汽车的成本也将低于传统燃油车。到2040年，其销量将占当年乘用车新车总销量的35%。 
而对于中国市场来说，在政府扶持和政策助推下，截至2015年底，全国新能源汽车产销累计49.7万辆，成为全球保有量最大的国家。按照规划，到2020年，我国纯电动汽车和插电式混合动力汽车累计产销量预计将超过500万辆。虽然相关补贴逐步“退坡”，然随着节能降耗政策的不断缩紧和苛严，车企发展新能源已成大势所趋。 
作为电动交通领域的技术领导者，大陆集团凭借在动力和排放技术领域的强大实力，不断将其领先技术运用到丰富的产品线中，为步入电气化的新时代提供系统性的解决方案。而为了满足中国电动车和混合动力市场需求的日益渐长，大陆集团动力总成事业部特别针对本地市场推出定制化创新技术解决方案。 
近日，大陆集团首次在国内推出了两辆分别搭载48V环保驾乘系统的微混演示车以及第3代电驱系统的纯电动演示汽车。据了解，两辆演示车均由大陆中国研发团队组装而成，当中所包含的创新性电气化解决方案中技术亦是专为中国市场量身打造。 
创新型电驱系统 集成化设计使重量减轻约15% 
作为纯电动演示车上的亮点技术，第3代电驱系统的创新概念在于集电机、减速器和逆变器于一体，相对之前省去了许多部件如接头、线缆和液压连接件等，而此集成化紧凑的设计也使其重量减轻了约15%。 
盖世汽车记者分别对于搭载大陆第2代电驱系统和第3代电驱系统车辆进行了驾驶对比，在全力加速的情况下后者动力更加强劲，且驾驶感觉更加轻盈和舒适。“2代电驱已经量产5年有余，我们开发出3代集成化产品以更好的适应国内市场所需，这款产品除了驾驶愉悦感更强之外，扩展性能也较强，能应用于80 kW - 130 kW的所有性能水平，也即是可广泛用于各类车型包括插电式混合动力车以及大功率电动车等。”现场一位工程师告诉记者。 
据了解，这是大陆集团在世界最大市场上首次利用演示车向公众展示这一系统， 目前中国多家客户对该新型电机已提出供货要求，特定的客户应用由大陆集团中国团队进行开发，并和中国供应商合作生产新型电机。
</topic_text>
<spam_score>0.00</spam_score>
<post_num>1</post_num>
<post_id>post-1</post_id>
<post_url>http://auto.gasgoo.com/News/2016/08/29022423242360366762521.shtml</post_url>
<post_date>20160829</post_date>
<post_time>1424</post_time>
<username></username>
<post>
16-08-30 07:00 来源： 盖世汽车 作者：任慧娟 核心提示： 近日，大陆集团首次在国内推出了两辆分别搭载48V环保驾乘系统的微混演示车以及第3代电驱系统的纯电动演示汽车。据了解，两辆演示车均由大陆中国研发团队组装而成，当中所包含的创新性电气化解决方案中技术亦是专为中国市场量身打造。 
彭博新能源财经今年发布的一项研究称，未来新能源汽车的销量或将呈现井喷式增长，其幅度可能比各国政府和石油公司的预期更加猛烈。研究指出，即使油价保持低位，到2025年，选择新能源汽车的成本也将低于传统燃油车。到2040年，其销量将占当年乘用车新车总销量的35%。 
而对于中国市场来说，在政府扶持和政策助推下，截至2015年底，全国新能源汽车产销累计49.7万辆，成为全球保有量最大的国家。按照规划，到2020年，我国纯电动汽车和插电式混合动力汽车累计产销量预计将超过500万辆。虽然相关补贴逐步“退坡”，然随着节能降耗政策的不断缩紧和苛严，车企发展新能源已成大势所趋。 
作为电动交通领域的技术领导者，大陆集团凭借在动力和排放技术领域的强大实力，不断将其领先技术运用到丰富的产品线中，为步入电气化的新时代提供系统性的解决方案。而为了满足中国电动车和混合动力市场需求的日益渐长，大陆集团动力总成事业部特别针对本地市场推出定制化创新技术解决方案。 
近日，大陆集团首次在国内推出了两辆分别搭载48V环保驾乘系统的微混演示车以及第3代电驱系统的纯电动演示汽车。据了解，两辆演示车均由大陆中国研发团队组装而成，当中所包含的创新性电气化解决方案中技术亦是专为中国市场量身打造。 
创新型电驱系统 集成化设计使重量减轻约15% 
作为纯电动演示车上的亮点技术，第3代电驱系统的创新概念在于集电机、减速器和逆变器于一体，相对之前省去了许多部件如接头、线缆和液压连接件等，而此集成化紧凑的设计也使其重量减轻了约15%。 
盖世汽车记者分别对于搭载大陆第2代电驱系统和第3代电驱系统车辆进行了驾驶对比，在全力加速的情况下后者动力更加强劲，且驾驶感觉更加轻盈和舒适。“2代电驱已经量产5年有余，我们开发出3代集成化产品以更好的适应国内市场所需，这款产品除了驾驶愉悦感更强之外，扩展性能也较强，能应用于80 kW - 130 kW的所有性能水平，也即是可广泛用于各类车型包括插电式混合动力车以及大功率电动车等。”现场一位工程师告诉记者。 
据了解，这是大陆集团在世界最大市场上首次利用演示车向公众展示这一系统， 目前中国多家客户对该新型电机已提出供货要求，特定的客户应用由大陆集团中国团队进行开发，并和中国供应商合作生产新型电机。
</post>
<signature>

</signature>
<external_links>

</external_links>
<country>US</country>
<main_image></main_image>
</document>
