<?xml version="1.0" encoding="UTF-8"?>
<document>
<type>mainstream</type>
<forum>http://info.sibnet.ru/data/last.rss</forum>
<forum_title>Sibnet: Новости</forum_title>
<discussion_title>Boeing до Москвы экстренно сел в Братске</discussion_title>
<language>russian</language>
<gmt_offset></gmt_offset>
<topic_url>http://info.sibnet.ru/article/493123/</topic_url>
<topic_text>
Фото : Sergey Korovkin 84 / CC BY-SA 3.0 
Следовавший из Владивостока в Москву Boeing компании «ВИМ-авиа» совершил экстренную посадку в Братске Иркутской области из-за поломки, об этом сообщили во вторник городские власти. 
По данным мэрии, аварийная посадка Boeing-757 произошла в понедельник вечером. На борту самолёта находились 86 пассажиров и 14 членов экипажа. 
«На посадку самолёт пошел с неисправностью правого двигателя (отказ генератора)», — говорится в сообщении администрации города. Местный аэропорт привели в режим повышенной готовности. 
Утром пассажиров отправили в Москву резервным бортом, ночь они провели в гостиницах. Неисправность в Boeing также удалось быстро устранить, и во вторник он покинул Братск. 30 августа 2016, 15:10 НСК источник:
</topic_text>
<spam_score>0.00</spam_score>
<post_num>1</post_num>
<post_id>post-1</post_id>
<post_url>http://info.sibnet.ru/article/493123/</post_url>
<post_date>20160830</post_date>
<post_time>0810</post_time>
<username></username>
<post>
Фото : Sergey Korovkin 84 / CC BY-SA 3.0 
Следовавший из Владивостока в Москву Boeing компании «ВИМ-авиа» совершил экстренную посадку в Братске Иркутской области из-за поломки, об этом сообщили во вторник городские власти. 
По данным мэрии, аварийная посадка Boeing-757 произошла в понедельник вечером. На борту самолёта находились 86 пассажиров и 14 членов экипажа. 
«На посадку самолёт пошел с неисправностью правого двигателя (отказ генератора)», — говорится в сообщении администрации города. Местный аэропорт привели в режим повышенной готовности. 
Утром пассажиров отправили в Москву резервным бортом, ночь они провели в гостиницах. Неисправность в Boeing также удалось быстро устранить, и во вторник он покинул Братск. 30 августа 2016, 15:10 НСК источник:
</post>
<signature>

</signature>
<external_links>

</external_links>
<country>RU</country>
<main_image>http://info.sibnet.ru/article/493123/ni/493/493123w_1472544624.jpg</main_image>
</document>
