<?xml version="1.0" encoding="UTF-8"?>
<document>
<type>mainstream</type>
<forum>http://rss.dw.com/atom/rss-de-news</forum>
<forum_title>Deutsche Welle: DW.com - Nachrichten</forum_title>
<discussion_title>Frankreichs Wirtschaftsminister Macron tritt zurück</discussion_title>
<language>german</language>
<gmt_offset></gmt_offset>
<topic_url>http://www.dw.com/de/frankreichs-wirtschaftsminister-macron-tritt-zur%C3%BCck/a-19512784</topic_url>
<topic_text>
Frankreich Frankreichs Wirtschaftsminister Macron tritt zurück Acht Monate vor den Präsidentschaftswahlen in Frankreich tritt Wirtschaftsminister Macron zurück. Dem 38-Jährigen werden Ambitionen nachgesagt, gegen Amtsinhaber Hollande antreten zu wollen. 
Das Präsidalamt in Paris teilte mit, Wirtschaftsminister Emmanuel Macron habe offiiziell sein Ausscheiden aus dem Amt erklärt. Präsident Francois Hollande habe umgehend Finanzminister Michel Sapin beauftragt, das Wirtschaftsressort mit zu übenehmen. 
Unternehmerfreundliche Politik 
Dem bislang als Jungstar der sozialistischen Regierung geltenden 38-jährigen Macron werden Ambitionen auf eine Kandidatur bei den Präsidentschaftswahlen im kommenden Frühjahr nachgesagt. Er selbst hat die Spekulationen mit zweideutigen Äußerungen und Auftritten immer wieder angeheizt. Die Redaktion empfiehlt 
Der frühere Investmentbanker und Hollande-Berater war vor zwei Jahren überraschend zum Wirtschaftsminister ernannt worden und verfolgte eine unternehmerfreundliche Reformpolitik. Mit seiner sozialliberalen Linie war Macron wiederholt beim linken Flügel der sozialistischen Regierungspartei angeeckt. 
Eigene politische Bewegung 
Im April hatte der parteilose Minister dann seine eigene politische Bewegung &quot;En marche!&quot; (in etwa: Vorwärts!&quot;) gegründet. Sie versteht sich als &quot;weder rechts noch links&quot;. Nach einer Kundgebung von &quot;En marche&quot; Mitte Juli hatte Hollande hat eine deutliche Warnung an Macron gerichtet. Wer sich nicht an die &quot;Regeln&quot; halte, könne nicht in der Regierung bleiben, betonte der Präsident. Es gebe &quot;zwei Regeln&quot;, die &quot;Solidarität&quot; innerhalb der Regierung und die Notwendigkeit, &quot;uneingeschränkt zu dienen&quot;. Dies gilt für Macron jetzt nicht mehr. 
wl/jj (dpa, afp, rtr)
</topic_text>
<spam_score>0.00</spam_score>
<post_num>1</post_num>
<post_id>post-1</post_id>
<post_url>http://www.dw.com/de/frankreichs-wirtschaftsminister-macron-tritt-zur%C3%BCck/a-19512784</post_url>
<post_date>20160830</post_date>
<post_time>1208</post_time>
<username></username>
<post>
Frankreich Frankreichs Wirtschaftsminister Macron tritt zurück Acht Monate vor den Präsidentschaftswahlen in Frankreich tritt Wirtschaftsminister Macron zurück. Dem 38-Jährigen werden Ambitionen nachgesagt, gegen Amtsinhaber Hollande antreten zu wollen. 
Das Präsidalamt in Paris teilte mit, Wirtschaftsminister Emmanuel Macron habe offiiziell sein Ausscheiden aus dem Amt erklärt. Präsident Francois Hollande habe umgehend Finanzminister Michel Sapin beauftragt, das Wirtschaftsressort mit zu übenehmen. 
Unternehmerfreundliche Politik 
Dem bislang als Jungstar der sozialistischen Regierung geltenden 38-jährigen Macron werden Ambitionen auf eine Kandidatur bei den Präsidentschaftswahlen im kommenden Frühjahr nachgesagt. Er selbst hat die Spekulationen mit zweideutigen Äußerungen und Auftritten immer wieder angeheizt. Die Redaktion empfiehlt 
Der frühere Investmentbanker und Hollande-Berater war vor zwei Jahren überraschend zum Wirtschaftsminister ernannt worden und verfolgte eine unternehmerfreundliche Reformpolitik. Mit seiner sozialliberalen Linie war Macron wiederholt beim linken Flügel der sozialistischen Regierungspartei angeeckt. 
Eigene politische Bewegung 
Im April hatte der parteilose Minister dann seine eigene politische Bewegung &quot;En marche!&quot; (in etwa: Vorwärts!&quot;) gegründet. Sie versteht sich als &quot;weder rechts noch links&quot;. Nach einer Kundgebung von &quot;En marche&quot; Mitte Juli hatte Hollande hat eine deutliche Warnung an Macron gerichtet. Wer sich nicht an die &quot;Regeln&quot; halte, könne nicht in der Regierung bleiben, betonte der Präsident. Es gebe &quot;zwei Regeln&quot;, die &quot;Solidarität&quot; innerhalb der Regierung und die Notwendigkeit, &quot;uneingeschränkt zu dienen&quot;. Dies gilt für Macron jetzt nicht mehr. 
wl/jj (dpa, afp, rtr)
</post>
<signature>

</signature>
<external_links>

</external_links>
<country>DE</country>
<main_image>http://www.dw.com/image/0,,19512734_304,00.html</main_image>
</document>
