<?xml version="1.0" encoding="UTF-8"?>
<document>
<type>mainstream</type>
<forum>http://www.dailymail.co.uk/articles.rss</forum>
<forum_title>Articles | Mail Online</forum_title>
<discussion_title>Jeremy McConnell puts ongoing feud with pregnant Stephanie Davis to one side as he shares video of mystery blonde sucking his FINGERS</discussion_title>
<language>english</language>
<gmt_offset></gmt_offset>
<topic_url>http://www.dailymail.co.uk/tvshowbiz/article-3765198/Jeremy-McConnell-puts-ongoing-feud-pregnant-Stephanie-Davis-one-shares-video-mystery-blonde-sucking-FINGERS.html</topic_url>
<topic_text>
e-mail 
View 
comments
Jeremy MConnell’s ongoing feud with pregnant ex-girlfriend Stephanie Davis appeared to be forgotten during an intimate display with a mystery blonde on Monday evening. 
Posting on Snapchat, McConnell shared a short video of the attractive woman suggestively sucking his fingers during a night out. 
But after initially allowing the Irish model to put his fingers in her mouth she becomes visibly embarrassed and turns her face away from the camera as his tattooed hand looms into view for a second time. 
Scroll down for video 
There you go: Jeremy McConnell shared a short Snapchat video of the attractive woman suggestively sucking his fingers during a night out, before swiftly deleting it from the social media platform
Seated next to the blonde, a female friend is seen wagging a finger at McConnell, who can be heard laughing uproariously throughout the clip. 
RELATED ARTICLES Previous 1 Next &apos;It&apos;s time to move on&apos;: TOWIE&apos;s Danielle Armstrong splits... Ahoy there! Elizabeth Hurley, 51, shows off her jaw-dropping... Ex On The Beach&apos;s Jess Impiazzi dons a tiny pink bikini as... Geordie Score? Marnie Simpson hints she&apos;s finally had sex... Share this article Share Despite enjoying the single life following his split with former Hollyoaks star Stephanie, the model later deleted all trace of the video from his account on the social media platform. 
Its emergence comes shortly after McConnell branded his ex-girlfriend a &apos;freak&apos; on Twitter in response to her claim that being given a baby doll inside the Celebrity Big Brother house prompted her to want a child of her own with the model. 
In it for the craic: Irish model can be heard laughing uproariously throughout the short clip 
Round two: The attractive woman appears to be less forthcoming as he moves in for a second time
Not again: After initially allowing the Irish model to put his fingers in her mouth she becomes visibly embarrassed and turns her face away from the camera as his tattooed hand looms into view
Speaking to Loose Women, Stephanie - who met the Irishman while appearing on CBB - praised his paternal skills with the toy, telling the panel: &apos;He was really good with the baby. 
&apos;He was burping it and rubbing its back and I was like &quot;oh I want a baby with him,&quot; she explained. Then we watched back the clips and I wanted it.&apos; 
During her candid appearance, Stephanie also revealed that she hit an all-time low following her fall-out with McConnell. 
Meanwhile: The video comes shortly after McConnell branded his ex-girlfriend a &apos;freak&apos; in response to her claim that being given a baby doll inside the Celebrity Big Brother house prompted her to want a child of her own with the model.
Emotional: During her candid appearance, Stephanie also revealed that she hit an all-time low following her fall-out with McConnell
Broken: She broke down during the broadcast as she said: &apos;I honestly don&apos;t think I&apos;d be here if it wasn&apos;t for the baby. I was so down, I couldn&apos;t see a way out&apos;
The brunette beauty, who is 20-weeks pregnant with her first child, hinted that she felt suicidal after her screen antics disappointed her mother. 
She broke down during the broadcast as she said: &apos;I honestly don&apos;t think I&apos;d be here if it wasn&apos;t for the baby. I was so down, I couldn&apos;t see a way out.&apos; 
Her affair with Jeremy in the house ultimately led to the end of her relationship with model Sam Reece. 
Happier times: The former couple met during an appearance on Celebrity Big Brother in January 
Speaking of the tumultuous time she&apos;s had, she continued: &apos;I&apos;m 23. I feel like I&apos;m 80! It&apos;s been so difficult. Being pregnant for me was probably my life-changing milestone. At the time i was really down, in a toxic relationship. 
&apos;I was at a dead end, I was trying to block it out any way I could. I thought, that&apos;s it I&apos;m over. This baby saved me. 
&apos;I was so lost. I was like, &quot;I&apos;m selfish, I&apos;m heartbroken&quot;. I lashed out all that feeling on my mum. We were chatting last night in the hotel about how far I&apos;ve come and how I&apos;ve turned it around.&apos;
</topic_text>
<spam_score>0.00</spam_score>
<post_num>31</post_num>
<post_id>post-31</post_id>
<post_url>http://www.dailymail.co.uk/tvshowbiz/article-3765198/Jeremy-McConnell-puts-ongoing-feud-pregnant-Stephanie-Davis-one-shares-video-mystery-blonde-sucking-FINGERS.html</post_url>
<post_date>20160830</post_date>
<post_time>1612</post_time>
<username>Poppycpraomr</username>
<post>
Wow and there was me thinking only a hoe would go near a man who has another girl pregnant
</post>
<signature>

</signature>
<external_links>

</external_links>
<country>GB</country>
<main_image>http://i.dailymail.co.uk/i/pix/2016/08/30/14/37B6723700000578-0-image-a-60_1472565280365.jpg</main_image>
</document>
