<?xml version="1.0" encoding="UTF-8"?>
<document>
<type>mainstream</type>
<forum>http://info.sibnet.ru/data/last.rss</forum>
<forum_title>Sibnet: Новости</forum_title>
<discussion_title>Российский олимпиец объяснил продажу наградного BMW</discussion_title>
<language>russian</language>
<gmt_offset></gmt_offset>
<topic_url>http://info.sibnet.ru/article/493105/</topic_url>
<topic_text>
Российский олимпиец объяснил продажу наградного BMW ТЕМА: Фото : © www.instagram.com/dmitrievden 
Российский велосипедист Денис Дмитриев, завоевавший бронзовую медаль на Олимпиаде в Рио-де-Жанейро, сообщил о продаже подаренной ему руководством страны машины BMW X3. 
Спортсмен пояснил на своей странице в Instagram, что любимая машина — BMW «синий бегемот» — у него уже есть, а «олимпийский» автомобиль достался ему за спортивные достижения и упорный труд. Кроме того, Дмитриеву приходится куда чаще пользоваться велосипедом, чем автотранспортом. ЕЩЕ ПО ТЕМЕ: Путин подарил BMW российским олимпийцам 
«У каждого олимпийца есть планы на будущее — соревнования, семья и дети, ОИ-2020 в Токио, развитие олимпийского движения и общественная деятельность. На данный момент мы решили, что для нашей будущей семьи это решение наиболее верное», — написал бронзовый призёр Рио. 
Первое объявление о продаже «олимпийского» BMW появилось практически сразу после вручений победителям ключей. «Машина выдана самим президентом России В.В.Путиным! За достижения на Олимпийских играх в Рио-2016, а точнее за олимпийское золото!» — было написано в сообщении о продаже. Машина быстро нашла покупателя. 
Российские спортсмены, добывшие в Рио золотые медали, получили в награду белые BMW X6. Серебряным призёрам вручили более скромные модели — BMW X4, бронзовым — BMW X3. Кроме того, обладатели золота получили по 4 миллиона рублей, серебра — по 2,5 миллиона рублей, бронзы — по 1,7 миллиона рублей. Всего на Олимпиаде-2016 сборная России добыла 56 медалей — 19 золотых, 18 серебряных и 19 бронзовых. A photo posted by Denis Dmitriev (@dmitrievden) on Aug 29, 2016 at 2:39am PDT 30 августа 2016, 13:43 НСК источник:
</topic_text>
<spam_score>0.00</spam_score>
<post_num>1</post_num>
<post_id>post-1</post_id>
<post_url>http://info.sibnet.ru/article/493105/</post_url>
<post_date>20160830</post_date>
<post_time>0643</post_time>
<username></username>
<post>
Российский олимпиец объяснил продажу наградного BMW ТЕМА: Фото : © www.instagram.com/dmitrievden 
Российский велосипедист Денис Дмитриев, завоевавший бронзовую медаль на Олимпиаде в Рио-де-Жанейро, сообщил о продаже подаренной ему руководством страны машины BMW X3. 
Спортсмен пояснил на своей странице в Instagram, что любимая машина — BMW «синий бегемот» — у него уже есть, а «олимпийский» автомобиль достался ему за спортивные достижения и упорный труд. Кроме того, Дмитриеву приходится куда чаще пользоваться велосипедом, чем автотранспортом. ЕЩЕ ПО ТЕМЕ: Путин подарил BMW российским олимпийцам 
«У каждого олимпийца есть планы на будущее — соревнования, семья и дети, ОИ-2020 в Токио, развитие олимпийского движения и общественная деятельность. На данный момент мы решили, что для нашей будущей семьи это решение наиболее верное», — написал бронзовый призёр Рио. 
Первое объявление о продаже «олимпийского» BMW появилось практически сразу после вручений победителям ключей. «Машина выдана самим президентом России В.В.Путиным! За достижения на Олимпийских играх в Рио-2016, а точнее за олимпийское золото!» — было написано в сообщении о продаже. Машина быстро нашла покупателя. 
Российские спортсмены, добывшие в Рио золотые медали, получили в награду белые BMW X6. Серебряным призёрам вручили более скромные модели — BMW X4, бронзовым — BMW X3. Кроме того, обладатели золота получили по 4 миллиона рублей, серебра — по 2,5 миллиона рублей, бронзы — по 1,7 миллиона рублей. Всего на Олимпиаде-2016 сборная России добыла 56 медалей — 19 золотых, 18 серебряных и 19 бронзовых. A photo posted by Denis Dmitriev (@dmitrievden) on Aug 29, 2016 at 2:39am PDT 30 августа 2016, 13:43 НСК источник:
</post>
<signature>

</signature>
<external_links>

</external_links>
<country>RU</country>
<main_image>http://info.sibnet.ru/article/493105/ni/493/493105w_1472540150.jpg</main_image>
</document>
