<?xml version="1.0" encoding="UTF-8"?>
<document>
<type>mainstream</type>
<forum>http://rssfeeds.whas11.com/_/20/107069438/whas/entertainment</forum>
<forum_title>WHAS - Entertainment</forum_title>
<discussion_title>&apos;DWTS&apos; season 23 cast revealed</discussion_title>
<language>english</language>
<gmt_offset></gmt_offset>
<topic_url>http://rssfeeds.whas11.com/_/20/107069438/whas/http&amp;#x3a;&amp;#x2f;&amp;#x2f;www&amp;#x2e;whas11&amp;#x2e;com&amp;#x2f;entertainment&amp;#x2f;television&amp;#x2f;dancing-with-the-stars-season-23-cast-revealed&amp;#x2f;311201921</topic_url>
<topic_text>
&apos;Dancing with the Stars&apos; season 23 cast revealed ABC NEWS , WZZM 8:05   Ryan Lochte, Amber Rose and Laurie Hernandez are three of the stars set to compete on Season 23 of &quot;Dancing With the Stars.&quot; (Photo: Getty Images) CONNECT TWEET LINKEDIN GOOGLE+ PINTEREST Olympic gold medalists Ryan Lochte and Laurie Hernandez are joining the celebrity cast of season 23 of ABC’s “ Dancing With the Stars .” The pair appeared live on &quot;GMA&quot; this morning with their pro partners. Val Chmerkovskiy, whose partner last season was “ Good Morning America ” chief meteorologist Ginger Zee, will dance with Hernandez, while fan favorite pro Cheryl Burke returns this season to partner with Lochte. The rest of the celebrity cast includes talk show host Amber Rose, rapper Vanilla Ice and Rick Perry , the former governor of Texas and a former Republican presidential candidate. The others in the cast come from the worlds of TV, music and sports. They are “Brady Bunch” star Maureen McCormick , actress Marilu Henner, singer Kenneth “Babyface” Edmonds, “Little Women LA” star Terra Jolé, actor Jake T. Austin, former Detroit Lions receiver Calvin Johnson, race car driver James Hinchcliffe and country singer Jana Kramer. Also returning to the dance floor are fan favorite pros Derek Hough and Maksim Chmerkovskiy, the brother of Val Chmerkovskiy. Julianne Hough, a former “DWTS” pro dancer and Derek Hough&apos;s sister, will make her return to the ballroom as a judge. The new season of “Dancing With the Stars” premieres at 8 p.m. ET on Monday, Sept. 12, on ABC. — Good Morning America (@GMA) August 30, 2016 Season 23 couples: 
Ryan Lochte will be paired with Cheryl Burke 
Laurie Hernandez with Val Chmerkovskiy 
Maureen McCormick with Artem Chigvintsev 
Amber Rose with Maks Chmerkovskiy 
Terra Jole with Sasha Farber 
Marilu Henner with Derek Hough 
Gov. Rick Perry with Emma Slater 
Jake T. Austin with Jenna Johnson 
Calvin Johnson with Lindsay Arnold 
Kenny &quot;Babyface&quot; Edmonds with Allison Holker 
Vanilla Ice with Witney Carson 
James Hinchcliffe with Sharna Burgess 
Jana Kramer with Gleb Savchenko 
Copyright (c) 2016 ABC All Rights Reserved
</topic_text>
<spam_score>0.00</spam_score>
<post_num>1</post_num>
<post_id>post-1</post_id>
<post_url>http://rssfeeds.whas11.com/_/20/107069438/whas/http&amp;#x3a;&amp;#x2f;&amp;#x2f;www&amp;#x2e;whas11&amp;#x2e;com&amp;#x2f;entertainment&amp;#x2f;television&amp;#x2f;dancing-with-the-stars-season-23-cast-revealed&amp;#x2f;311201921</post_url>
<post_date>20160830</post_date>
<post_time>1305</post_time>
<username></username>
<post>
&apos;Dancing with the Stars&apos; season 23 cast revealed ABC NEWS , WZZM 8:05   Ryan Lochte, Amber Rose and Laurie Hernandez are three of the stars set to compete on Season 23 of &quot;Dancing With the Stars.&quot; (Photo: Getty Images) CONNECT TWEET LINKEDIN GOOGLE+ PINTEREST Olympic gold medalists Ryan Lochte and Laurie Hernandez are joining the celebrity cast of season 23 of ABC’s “ Dancing With the Stars .” The pair appeared live on &quot;GMA&quot; this morning with their pro partners. Val Chmerkovskiy, whose partner last season was “ Good Morning America ” chief meteorologist Ginger Zee, will dance with Hernandez, while fan favorite pro Cheryl Burke returns this season to partner with Lochte. The rest of the celebrity cast includes talk show host Amber Rose, rapper Vanilla Ice and Rick Perry , the former governor of Texas and a former Republican presidential candidate. The others in the cast come from the worlds of TV, music and sports. They are “Brady Bunch” star Maureen McCormick , actress Marilu Henner, singer Kenneth “Babyface” Edmonds, “Little Women LA” star Terra Jolé, actor Jake T. Austin, former Detroit Lions receiver Calvin Johnson, race car driver James Hinchcliffe and country singer Jana Kramer. Also returning to the dance floor are fan favorite pros Derek Hough and Maksim Chmerkovskiy, the brother of Val Chmerkovskiy. Julianne Hough, a former “DWTS” pro dancer and Derek Hough&apos;s sister, will make her return to the ballroom as a judge. The new season of “Dancing With the Stars” premieres at 8 p.m. ET on Monday, Sept. 12, on ABC. — Good Morning America (@GMA) August 30, 2016 Season 23 couples: 
Ryan Lochte will be paired with Cheryl Burke 
Laurie Hernandez with Val Chmerkovskiy 
Maureen McCormick with Artem Chigvintsev 
Amber Rose with Maks Chmerkovskiy 
Terra Jole with Sasha Farber 
Marilu Henner with Derek Hough 
Gov. Rick Perry with Emma Slater 
Jake T. Austin with Jenna Johnson 
Calvin Johnson with Lindsay Arnold 
Kenny &quot;Babyface&quot; Edmonds with Allison Holker 
Vanilla Ice with Witney Carson 
James Hinchcliffe with Sharna Burgess 
Jana Kramer with Gleb Savchenko 
Copyright (c) 2016 ABC All Rights Reserved
</post>
<signature>

</signature>
<external_links>

</external_links>
<country>US</country>
<main_image>http://content.wzzm13.com/photo/2016/08/30/download_1472560811517_5881311_ver1.0_640_360.jpg</main_image>
</document>
