<?xml version="1.0" encoding="UTF-8"?>
<document>
<type>mainstream</type>
<forum>http://www.direktbroker.de/rss/meldungen</forum>
<forum_title>direktbroker.de Nachrichtenfeed</forum_title>
<discussion_title>Bundespolizeiinspektion Flughafen Stuttgart / BPOLI-Flugh. STR: 535 Tage ...</discussion_title>
<language>german</language>
<gmt_offset></gmt_offset>
<topic_url>http://www.direktbroker.de/news/bundespolizeiinspektion-flughafen-stuttgart-bpoli-flugh-str-535-tage-50940638</topic_url>
<topic_text>
Bundespolizeiinspektion Flughafen Stuttgart / BPOLI-Flugh. STR: 535 Tage ... BPOLI-Flugh. STR: 535 Tage unerlaubt in Deutschland 
Bundespolizeiinspektion Flughafen Stuttgart - Im Rahmen der grenzpolizeilichen Ausreisekontrolle eines Fluges nach Belgrad wurden durch die Bundespolizeiinspektion Flughafen Stuttgart am gestrigen Montag (29.08.16) zwei albanische Staatsangehörige kontrolliert. Die beiden 18-Jährigen wiesen sich jeweils mit einem albanischen Reisepass aus, welcher zu einem visumsfreien Aufenthalt von 90 Tagen innerhalb eines Zeitraums von 180 Tagen im Schengen-Raum berechtigt. Nach abschließender Prüfung der Dokumente durch die Beamten stellte sich heraus, dass die beiden jungen Männer zuletzt am 14.12.2014 in die Bundesrepublik Deutschland eingereist waren. Da die Jugendlichen keine weiteren Dokumente vorlegen konnten, die einen Aufenthalt legalisiert hätten, hätten sie somit spätestens am 13.03.2015 das Schengen-Gebiet verlassen müssen. Mit ihrer geplanten Ausreise am 29.08.2016 hielten die 18-Jährigen sich daher jeweils insgesamt 535 Tage unerlaubt im Schengen-Raum auf. Die Männer erhielten eine Strafanzeige wegen unerlaubten Aufenthalts. Sie durften nach Abschluss der polizeilichen Maßnahmen die Rückreise antreten. 
OTS: Bundespolizeiinspektion Flughafen Stuttgart newsroom: http://www.presseportal.de/blaulicht/nr/116095 newsroom via RSS: http://www.presseportal.de/rss/dienststelle_116095.rss2 
Rückfragen bitte an:
</topic_text>
<spam_score>0.00</spam_score>
<post_num>1</post_num>
<post_id>post-1</post_id>
<post_url>http://www.direktbroker.de/news/bundespolizeiinspektion-flughafen-stuttgart-bpoli-flugh-str-535-tage-50940638</post_url>
<post_date>20160830</post_date>
<post_time>1405</post_time>
<username></username>
<post>
Bundespolizeiinspektion Flughafen Stuttgart / BPOLI-Flugh. STR: 535 Tage ... BPOLI-Flugh. STR: 535 Tage unerlaubt in Deutschland 
Bundespolizeiinspektion Flughafen Stuttgart - Im Rahmen der grenzpolizeilichen Ausreisekontrolle eines Fluges nach Belgrad wurden durch die Bundespolizeiinspektion Flughafen Stuttgart am gestrigen Montag (29.08.16) zwei albanische Staatsangehörige kontrolliert. Die beiden 18-Jährigen wiesen sich jeweils mit einem albanischen Reisepass aus, welcher zu einem visumsfreien Aufenthalt von 90 Tagen innerhalb eines Zeitraums von 180 Tagen im Schengen-Raum berechtigt. Nach abschließender Prüfung der Dokumente durch die Beamten stellte sich heraus, dass die beiden jungen Männer zuletzt am 14.12.2014 in die Bundesrepublik Deutschland eingereist waren. Da die Jugendlichen keine weiteren Dokumente vorlegen konnten, die einen Aufenthalt legalisiert hätten, hätten sie somit spätestens am 13.03.2015 das Schengen-Gebiet verlassen müssen. Mit ihrer geplanten Ausreise am 29.08.2016 hielten die 18-Jährigen sich daher jeweils insgesamt 535 Tage unerlaubt im Schengen-Raum auf. Die Männer erhielten eine Strafanzeige wegen unerlaubten Aufenthalts. Sie durften nach Abschluss der polizeilichen Maßnahmen die Rückreise antreten. 
OTS: Bundespolizeiinspektion Flughafen Stuttgart newsroom: http://www.presseportal.de/blaulicht/nr/116095 newsroom via RSS: http://www.presseportal.de/rss/dienststelle_116095.rss2 
Rückfragen bitte an:
</post>
<signature>

</signature>
<external_links>

</external_links>
<country>DE</country>
<main_image></main_image>
</document>
