<?xml version="1.0" encoding="UTF-8"?>
<document>
<type>mainstream</type>
<forum>http://feeds2.feedburner.com/Comunicativamente</forum>
<forum_title>Comunicativamente.com - Feed xml</forum_title>
<discussion_title>L&apos;agenzia viaggi Sahara Mon Amour presenta il catalogo con le attività 2016/17</discussion_title>
<language>italian</language>
<gmt_offset></gmt_offset>
<topic_url>http://www.comunicativamente.com/Turismo/55399/Lagenzia+viaggi+Sahara+Mon+Amour+presenta+il+catalogo+con+le+attivit+201617.html</topic_url>
<topic_text>
L&apos;agenzia viaggi Sahara Mon Amour presenta il catalogo con le attività 2016/17 
Presentate le prossime attività dell’operatore turistico specializzato in viaggi nella zona sahariana. 
Sono state presentate stamane a Torino , nel corso di un incontro, le attività del catalogo 2016/17 di “ Sahara Mon Amour ”. 
Sahara Mon Amour è l’ agenzia viaggi specializzata in “viaggi avventura” che opera prevalentemente (ma non solo) in Africa nell’area del Sahara . L’agenzia, che vede in Fabrizio Rovella * il suo referente italiano, è particolarmente conosciuta e apprezzata per la qualità tecnico-logistica e per la grande credibilità che i referenti hanno con le popolazioni locali. Credibilità che ha innalzato gli standard di sicurezza a livelli di assoluta eccellenza. 
Sono 6 le mete presentate nel corso dell’incontro da Fabrizio Rovella : 
- Algeria : dal 6 al 13 ottobre 2016 per la “ Festa della Sebeiba ” (ritrovo dei Tuareg del Tassili n&apos;Ajjer,con canti e musica tradizionale). 
- Marocco : dal 23 al 30 ottobre a Taragalte (l&apos;attuale M&apos;hamid ndr) per il “ Festival del deserto ” (Musiche,canti ed antichissimi poemi). 
- Etiopia : dal 12 al 20 novembre a Dancalia, per l’incontro con i nobili Afar,le carovane del sale e dei colori unici al mondo 
- Sudan : dal 24 novembre al 3 dicembre Lungo il Nilo “ Inseguendo i Faraoni Neri ” 
- Mauritania : dall&apos;8 al 16 dicembre per il “ Festival delle città carovaniere ”,dove nomadi di tutto il Sahara si ritrovano. 
- Ciad : dal 24 dicembre all&apos;8 gennaio a Ennedi, Archei e i laghi Ounianga (Le Dolomiti del Sahara,gli ultimi coccodrilli Sahariani e dei laghi in perfetto stile alpino, tutto nel cuore del Sahara). 
Per maggiori informazioni vi invitiamo a visitare il sito ufficiale di Sahara Mon Mour all’indirizzo www.saharamonamour.com
</topic_text>
<spam_score>0.00</spam_score>
<post_num>1</post_num>
<post_id>post-1</post_id>
<post_url>http://www.comunicativamente.com/Turismo/55399/Lagenzia+viaggi+Sahara+Mon+Amour+presenta+il+catalogo+con+le+attivit+201617.html</post_url>
<post_date>20160830</post_date>
<post_time>1507</post_time>
<username></username>
<post>
L&apos;agenzia viaggi Sahara Mon Amour presenta il catalogo con le attività 2016/17 
Presentate le prossime attività dell’operatore turistico specializzato in viaggi nella zona sahariana. 
Sono state presentate stamane a Torino , nel corso di un incontro, le attività del catalogo 2016/17 di “ Sahara Mon Amour ”. 
Sahara Mon Amour è l’ agenzia viaggi specializzata in “viaggi avventura” che opera prevalentemente (ma non solo) in Africa nell’area del Sahara . L’agenzia, che vede in Fabrizio Rovella * il suo referente italiano, è particolarmente conosciuta e apprezzata per la qualità tecnico-logistica e per la grande credibilità che i referenti hanno con le popolazioni locali. Credibilità che ha innalzato gli standard di sicurezza a livelli di assoluta eccellenza. 
Sono 6 le mete presentate nel corso dell’incontro da Fabrizio Rovella : 
- Algeria : dal 6 al 13 ottobre 2016 per la “ Festa della Sebeiba ” (ritrovo dei Tuareg del Tassili n&apos;Ajjer,con canti e musica tradizionale). 
- Marocco : dal 23 al 30 ottobre a Taragalte (l&apos;attuale M&apos;hamid ndr) per il “ Festival del deserto ” (Musiche,canti ed antichissimi poemi). 
- Etiopia : dal 12 al 20 novembre a Dancalia, per l’incontro con i nobili Afar,le carovane del sale e dei colori unici al mondo 
- Sudan : dal 24 novembre al 3 dicembre Lungo il Nilo “ Inseguendo i Faraoni Neri ” 
- Mauritania : dall&apos;8 al 16 dicembre per il “ Festival delle città carovaniere ”,dove nomadi di tutto il Sahara si ritrovano. 
- Ciad : dal 24 dicembre all&apos;8 gennaio a Ennedi, Archei e i laghi Ounianga (Le Dolomiti del Sahara,gli ultimi coccodrilli Sahariani e dei laghi in perfetto stile alpino, tutto nel cuore del Sahara). 
Per maggiori informazioni vi invitiamo a visitare il sito ufficiale di Sahara Mon Mour all’indirizzo www.saharamonamour.com
</post>
<signature>

</signature>
<external_links>

</external_links>
<country>IT</country>
<main_image></main_image>
</document>
