<?xml version="1.0" encoding="UTF-8"?>
<document>
<type>mainstream</type>
<forum>http://www.aljazeera.com/Services/Rss/?PostingId=2007731105943979989</forum>
<forum_title>Al Jazeera English</forum_title>
<discussion_title>Ireland: EU orders Apple to repay $14.5bn in taxes - News from</discussion_title>
<language>english</language>
<gmt_offset></gmt_offset>
<topic_url>http://www.aljazeera.com/news/2016/08/eu-orders-apple-repay-143bn-taxes-160830102201900.html</topic_url>
<topic_text>
The European Union has said that US tech company Apple must repay a record 13bn euros ($14.5bn) in taxes after ruling that a special scheme to route profits through Ireland was illegal state aid.
&quot;Ireland granted illegal tax benefits to Apple, which enabled it to pay substantially less tax than other businesses over many years,&quot; Margrethe Vestager, the EU competition commissioner , said on Tuesday.
Apple&apos;s &quot;selective treatment&quot; by the Irish government meant it paid an effective tax rate of only 1 percent on its European profits in 2003, which then fell to a bare 0.005 percent by 2014.
&quot;The tax treatment in Ireland enabled Apple to avoid taxation on almost all profits generated by sales of Apple products in the entire EU single market,&quot; Vestager said.
Vestager at EU headquarters in Brussels [Virginia Mayo/AP] Brussels launched an inquiry into Apple&apos;s tax arrangements in Ireland in 2014, one of a series of anti-trust cases targeting major US corporations that have angered the US administration.
The European Commission accused Ireland of dodging international tax rules by letting Apple shelter profits worth tens of billions of dollars from tax collectors in return for maintaining jobs.
&apos;An exercise in politics&apos; Apple and Ireland rejected the accusation, with the Irish Finance Minister Michael Noonan calling the ruling &quot;bizarre&quot;, and a political exercise by the EU&apos;s competition comission. 
&quot;As far as I am concerned there is no economic basis for this decision,&quot; Noonan told state broadcaster RTE. 
&quot;It&apos;s bizarre and its an exercise in politics by the Competition Commission,&quot; he said, according to Reuters news agency.
Noonan also issued a statement saying he disagreed &quot;profoundly with the Commission&quot;, and would seek cabinet approval to appeal the ruling.
&quot;This is necessary to defend the integrity of our tax system; to provide tax certainty to business; and to challenge the encroachment of EU state aid rules into the sovereign member state competence of taxation,&quot; he said.
&quot;It is important that we send a strong message that Ireland remains an attractive and stable location of choice for long-term substantive investment.&quot; 
Apple CEO Tim Cook said in a statement that the &quot;European Commission has launched an effort to rewrite Apple&apos;s history in Europe, ignore Ireland&apos;s tax laws and upend the international tax system in the process.
&quot;Beyond the obvious targeting of Apple, the most profound and harmful effect of this ruling will be on investment and job creation in Europe. Using the Commission’s theory, every company in Ireland and across Europe is suddenly at risk of being subjected to taxes under laws that never existed,&quot; Cook wrote. 
For Apple, whose earnings of $18bn last year were the biggest ever reported by a corporation, finding several billion dollars to repay Ireland should not be an insurmountable problem, Reuters reported. The 13bn euros represents about 6 percent of the firm&apos;s cash pile.
Source: Al Jazeera News and agencies 
Tell us what you think
</topic_text>
<spam_score>0.00</spam_score>
<post_num>5</post_num>
<post_id>post-5</post_id>
<post_url>http://www.aljazeera.com/news/2016/08/eu-orders-apple-repay-143bn-taxes-160830102201900.html</post_url>
<post_date>20160830</post_date>
<post_time>1556</post_time>
<username>Max Barry</username>
<post>
So now when all these companies see what is going on, they will leave and unemployment will soar effecting the whole EU.
</post>
<signature>

</signature>
<external_links>

</external_links>
<country>QA</country>
<main_image>http://www.aljazeera.com/mritems/Images/2013/1/15/201311512132283734_20.jpg</main_image>
</document>
