<?xml version="1.0" encoding="UTF-8"?>
<document>
<type>mainstream</type>
<forum>http://feeds2.feedburner.com/Hoofdpunten</forum>
<forum_title>Laatste hoofdpunten</forum_title>
<discussion_title>GPUpdate.net: Video: Raikkonen blikt vooruit op Grand Prix van Italië</discussion_title>
<language>dutch</language>
<gmt_offset></gmt_offset>
<topic_url>http://www.gpupdate.net/nl/videos/7924/</topic_url>
<topic_text>
Nieuwsbrief Raikkonen blikt vooruit op Grand Prix van Italië Het belangrijkste Grand Prix-weekend van het jaar staat voor de deur - in ieder geval voor Kimi Raikkonen. De Ferrari-coureur mag komende zondag zijn kunsten vertonen voor het overenthousiaste doch kritische Italiaanse publiek, dat ondanks de mogelijkheden van de wagen niets minder dan de overwinning eist. Een vooruitblik. 02:15
</topic_text>
<spam_score>0.00</spam_score>
<post_num>1</post_num>
<post_id>post-1</post_id>
<post_url>http://www.gpupdate.net/nl/videos/7924/</post_url>
<post_date>20160830</post_date>
<post_time>1500</post_time>
<username></username>
<post>
Nieuwsbrief Raikkonen blikt vooruit op Grand Prix van Italië Het belangrijkste Grand Prix-weekend van het jaar staat voor de deur - in ieder geval voor Kimi Raikkonen. De Ferrari-coureur mag komende zondag zijn kunsten vertonen voor het overenthousiaste doch kritische Italiaanse publiek, dat ondanks de mogelijkheden van de wagen niets minder dan de overwinning eist. Een vooruitblik. 02:15
</post>
<signature>

</signature>
<external_links>

</external_links>
<country>BE</country>
<main_image>http://img.youtube.com/vi/xodLyAdhe1c/0.jpg</main_image>
</document>
