<?xml version="1.0" encoding="UTF-8"?>
<document>
<type>mainstream</type>
<forum>http://feeds.feedburner.com/NDTV-LatestNews</forum>
<forum_title>NDTV News  -  Special</forum_title>
<discussion_title>Goodyear India&apos;s Net Profit At Rs 41 Crore In June Quarter</discussion_title>
<language>english</language>
<gmt_offset></gmt_offset>
<topic_url>http://profit.ndtv.com/news/earnings/article-goodyear-indias-net-profit-at-rs-41-crore-in-june-quarter-1452361</topic_url>
<topic_text>
Press Trust of India | Last Updated: August 30, 2016 20:32 (IST) EMAIL COMMENTS New Delhi: Tyre maker Goodyear India on Tuesday reported a standalone net profit of Rs 41.28 crore for the quarter ended June 30, 2016.The company had posted a net profit of Rs 37.07 crore for the April-June quarter a year ago, Goodyear India informed BSE.The company&apos;s net sales during the period was at Rs 450.54 crore, up from Rs 461.94 crore in the corresponding period of the previous fiscal.According to the company, the results are not comparable as it has changed its accounting year from January-December to April-March.Shares of the company today settled at Rs 555.75 on BSE, up 1.66 per cent from previous close. (This story has not been edited by NDTV staff and is auto-generated from a syndicated feed.) Story first published on : August 30, 2016 20:32 (IST) Trending
</topic_text>
<spam_score>0.00</spam_score>
<post_num>1</post_num>
<post_id>post-1</post_id>
<post_url>http://profit.ndtv.com/news/earnings/article-goodyear-indias-net-profit-at-rs-41-crore-in-june-quarter-1452361</post_url>
<post_date>20160830</post_date>
<post_time>1502</post_time>
<username></username>
<post>
Press Trust of India | Last Updated: August 30, 2016 20:32 (IST) EMAIL COMMENTS New Delhi: Tyre maker Goodyear India on Tuesday reported a standalone net profit of Rs 41.28 crore for the quarter ended June 30, 2016.The company had posted a net profit of Rs 37.07 crore for the April-June quarter a year ago, Goodyear India informed BSE.The company&apos;s net sales during the period was at Rs 450.54 crore, up from Rs 461.94 crore in the corresponding period of the previous fiscal.According to the company, the results are not comparable as it has changed its accounting year from January-December to April-March.Shares of the company today settled at Rs 555.75 on BSE, up 1.66 per cent from previous close. (This story has not been edited by NDTV staff and is auto-generated from a syndicated feed.) Story first published on : August 30, 2016 20:32 (IST) Trending
</post>
<signature>

</signature>
<external_links>

</external_links>
<country>US</country>
<main_image>http://i.ndtvimg.com/i/2015-09/goodyear_650x400_41443275093.jpg</main_image>
</document>
