<?xml version="1.0" encoding="UTF-8"?>
<document>
<type>mainstream</type>
<forum>http://info.sibnet.ru/data/last.rss</forum>
<forum_title>Sibnet: Новости</forum_title>
<discussion_title>Алтайская школьница стала первой красавицей страны</discussion_title>
<language>russian</language>
<gmt_offset></gmt_offset>
<topic_url>http://info.sibnet.ru/article/493108/</topic_url>
<topic_text>
Алтайская школьница стала первой красавицей страны Фото: © предоставлено Натальей Пашининой Шестиклассница из Барнаула Анастасия Пашинина победила на главном детском конкурсе красоты страны и стала «Маленькой мисс России-2016», сообщила Sibnet . ru мама девочки Наталья Пашинина. 
Ранее девочка уже победила в конкурсе «Маленькая красавица Алтая», после чего отправилась на всероссийский конкурс, который проходил в Сочи с 23 по 30 августа. Готовясь, Настя брала уроки актерского мастерства у профессионального актера театра, готовила творческий номер с руководителем школы танцев. Не сцене она представила три костюма: национальный, для творческого номера и еще один, сделанный своими руками. Барнаульская школьница может стать первой красавицей России 
На первом этапе конкурса, рассказала собеседница, отбирали лучшие творческие номера для финального шоу. Номер Насти вошел в семь сильнейших, по итогу его признали лучшим творческим номером конкурса. Девочку пригласили участвовать в съемках фильма, также она получила приглашение на международный конкурс и сертификат на 30 тысяч рублей для участия в следующем конкурсе. 
«Волнение, конечно же, было как у любого человека, выходящего на сцену и участвующего в конкурсе. Конкуренция была очень сильной, особенно сильными мне показались девочки из модельного агентства города Саратова и Екатеринбурга. Все конкурсантки очень талантливые, у всех были очень хорошие творческий номера, прекрасные визитки и просто незабываемые костюмы собственного дизайна», — сказала собеседница. 
Она добавила, что теперь Настя задумалась об участии в конкурсе международного уровня. 
Ранее сообщалось, что девочка учится в шестом классе 112 лицея в Барнауле, изучает английский язык, с четырех лет занимается танцами, ходит в модельную школу. Участвовала в нескольких танцевальных конкурсах и конкурсах красоты и таланта. В будущем она хочет стать экономистом или доктором, а модельным бизнесом планирует заниматься как хобби. Фото: © предоставлено Натальей Пашининой 30 августа 2016, 13:54 НСК источник:
</topic_text>
<spam_score>0.00</spam_score>
<post_num>1</post_num>
<post_id>post-1</post_id>
<post_url>http://info.sibnet.ru/article/493108/</post_url>
<post_date>20160830</post_date>
<post_time>0654</post_time>
<username></username>
<post>
Алтайская школьница стала первой красавицей страны Фото: © предоставлено Натальей Пашининой Шестиклассница из Барнаула Анастасия Пашинина победила на главном детском конкурсе красоты страны и стала «Маленькой мисс России-2016», сообщила Sibnet . ru мама девочки Наталья Пашинина. 
Ранее девочка уже победила в конкурсе «Маленькая красавица Алтая», после чего отправилась на всероссийский конкурс, который проходил в Сочи с 23 по 30 августа. Готовясь, Настя брала уроки актерского мастерства у профессионального актера театра, готовила творческий номер с руководителем школы танцев. Не сцене она представила три костюма: национальный, для творческого номера и еще один, сделанный своими руками. Барнаульская школьница может стать первой красавицей России 
На первом этапе конкурса, рассказала собеседница, отбирали лучшие творческие номера для финального шоу. Номер Насти вошел в семь сильнейших, по итогу его признали лучшим творческим номером конкурса. Девочку пригласили участвовать в съемках фильма, также она получила приглашение на международный конкурс и сертификат на 30 тысяч рублей для участия в следующем конкурсе. 
«Волнение, конечно же, было как у любого человека, выходящего на сцену и участвующего в конкурсе. Конкуренция была очень сильной, особенно сильными мне показались девочки из модельного агентства города Саратова и Екатеринбурга. Все конкурсантки очень талантливые, у всех были очень хорошие творческий номера, прекрасные визитки и просто незабываемые костюмы собственного дизайна», — сказала собеседница. 
Она добавила, что теперь Настя задумалась об участии в конкурсе международного уровня. 
Ранее сообщалось, что девочка учится в шестом классе 112 лицея в Барнауле, изучает английский язык, с четырех лет занимается танцами, ходит в модельную школу. Участвовала в нескольких танцевальных конкурсах и конкурсах красоты и таланта. В будущем она хочет стать экономистом или доктором, а модельным бизнесом планирует заниматься как хобби. Фото: © предоставлено Натальей Пашининой 30 августа 2016, 13:54 НСК источник:
</post>
<signature>

</signature>
<external_links>

</external_links>
<country>RU</country>
<main_image>http://info.sibnet.ru/article/493108/ni/493/493108w_1472540088.jpg</main_image>
</document>
