<?xml version="1.0" encoding="UTF-8"?>
<document>
<type>mainstream</type>
<forum>http://feeds2.feedburner.com/ArtmajeurDaily</forum>
<forum_title>Artmajeur - Latest Artworks</forum_title>
<discussion_title>la petite fille</discussion_title>
<language>french</language>
<gmt_offset></gmt_offset>
<topic_url>http://www.artmajeur.com/fr/artist/roxlauretta/collection/dernieres-oeuvres/1661710/artwork/la-petite-fille/9409579</topic_url>
<topic_text>
2016 38x52 cm ~ Peinture, Autre, Acrylique ~ Autre Vendu À propos de cette œuvre: Tu es apparue au moment où la solitude et l’incompréhension étaient difficiles à supporter; tu n’es qu’une enfant qui cherchait la compassion et l’amour, mais je t’ai rejetée. Tu es devenue noire à l’intérieur, remplie de colère.... Mais autant source d’inspiration, que de destruction. Malgré cela, au fond de moi, je sais que tu es toujours là, comme un ange gardien. Tu es apparue au moment où la solitude et l’incompréhension étaient difficiles à supporter; tu n’es qu’une enfant qui cherchait la compassion et l’amour, mais je t’ai rejetée. Tu es devenue noire à l’intérieur, remplie de colère.... Mais autant source d’inspiration, que de destruction. Malgré cela, au fond de moi, je sais que tu es toujours là, comme un ange gardien. 4 vues
</topic_text>
<spam_score>0.00</spam_score>
<post_num>1</post_num>
<post_id>post-1</post_id>
<post_url>http://www.artmajeur.com/fr/artist/roxlauretta/collection/dernieres-oeuvres/1661710/artwork/la-petite-fille/9409579</post_url>
<post_date>20160830</post_date>
<post_time>1512</post_time>
<username>noreply+881977@artmajeur.com (roxane lauretta)</username>
<post>
2016 38x52 cm ~ Peinture, Autre, Acrylique ~ Autre Vendu À propos de cette œuvre: Tu es apparue au moment où la solitude et l’incompréhension étaient difficiles à supporter; tu n’es qu’une enfant qui cherchait la compassion et l’amour, mais je t’ai rejetée. Tu es devenue noire à l’intérieur, remplie de colère.... Mais autant source d’inspiration, que de destruction. Malgré cela, au fond de moi, je sais que tu es toujours là, comme un ange gardien. Tu es apparue au moment où la solitude et l’incompréhension étaient difficiles à supporter; tu n’es qu’une enfant qui cherchait la compassion et l’amour, mais je t’ai rejetée. Tu es devenue noire à l’intérieur, remplie de colère.... Mais autant source d’inspiration, que de destruction. Malgré cela, au fond de moi, je sais que tu es toujours là, comme un ange gardien. 4 vues
</post>
<signature>

</signature>
<external_links>

</external_links>
<country>FR</country>
<main_image>http://www.artmajeur.com/medias/standard/r/o/roxlauretta/artwork/9409579_la-petite-fille.jpg</main_image>
</document>
