<?xml version="1.0" encoding="UTF-8"?>
<document>
<type>mainstream</type>
<forum>http://feeds.feedburner.com/NDTV-LatestNews</forum>
<forum_title>NDTV News  -  Special</forum_title>
<discussion_title>World&apos;s &apos;Largest&apos; Rhino Horn Found In Assam</discussion_title>
<language>english</language>
<gmt_offset></gmt_offset>
<topic_url>http://www.ndtv.com/india-news/worlds-largest-rhino-horn-found-in-assam-1452360</topic_url>
<topic_text>
All India | Press Trust of India | Updated: August 30, 2016 20:32 IST EMAIL COMMENTS The 36-cm horn weighed about 3.051 kg. (Representational photo) Guwahati: A rhino horn, regarded as the world&apos;s largest horn of one-horned rhinoceros, was today found in Nagaon treasury during verification process.The weight of the horn is 3.051 kg and has a height of 36 cm. The length of its outer curvature is 45 cm while that of inner curvature is 38 cm and base circumference is 60 cm, an official released said.The horn belonged to Bagori range of Kaziranga National Park and was found in August 1982.It was kept at the Nagon treasury and Rhino Verification Committee completed the verification process, it said.The only recorded horn bigger than this is a 60 cm rhino horn at the British Museum in London. The horn was found from Assam in 1909 but there is no mention of its weight.Altogether 210 rhino horns have been verified by the committee of which 206 were from Nagaon treasury, three from Jorhat and one from Diphu.The committee will move to Morigaon treasury on Wednesday where 22 horns are kept from nearby Pobitora wildlife sanctuary, the release added. Trending
</topic_text>
<spam_score>0.00</spam_score>
<post_num>1</post_num>
<post_id>post-1</post_id>
<post_url>http://www.ndtv.com/india-news/worlds-largest-rhino-horn-found-in-assam-1452360</post_url>
<post_date>20160830</post_date>
<post_time>1502</post_time>
<username></username>
<post>
All India | Press Trust of India | Updated: August 30, 2016 20:32 IST EMAIL COMMENTS The 36-cm horn weighed about 3.051 kg. (Representational photo) Guwahati: A rhino horn, regarded as the world&apos;s largest horn of one-horned rhinoceros, was today found in Nagaon treasury during verification process.The weight of the horn is 3.051 kg and has a height of 36 cm. The length of its outer curvature is 45 cm while that of inner curvature is 38 cm and base circumference is 60 cm, an official released said.The horn belonged to Bagori range of Kaziranga National Park and was found in August 1982.It was kept at the Nagon treasury and Rhino Verification Committee completed the verification process, it said.The only recorded horn bigger than this is a 60 cm rhino horn at the British Museum in London. The horn was found from Assam in 1909 but there is no mention of its weight.Altogether 210 rhino horns have been verified by the committee of which 206 were from Nagaon treasury, three from Jorhat and one from Diphu.The committee will move to Morigaon treasury on Wednesday where 22 horns are kept from nearby Pobitora wildlife sanctuary, the release added. Trending
</post>
<signature>

</signature>
<external_links>

</external_links>
<country>US</country>
<main_image>http://i.ndtvimg.com/i/2016-08/assam-rhino_650x400_81472378730.jpg</main_image>
</document>
