<?xml version="1.0" encoding="UTF-8"?>
<document>
<type>mainstream</type>
<forum>http://fr.sputniknews.com/export/rss2/archive/index.xml</forum>
<forum_title>Sputnik France - Actualités - Prises de Position - Radio</forum_title>
<discussion_title>Une représentation officielle de la DNR ouvre ces portes en Tchéquie</discussion_title>
<language>french</language>
<gmt_offset></gmt_offset>
<topic_url>https://fr.sputniknews.com/international/201608301027525360-dnr-repsentation-tchequie-donetsk/</topic_url>
<topic_text>
Une représentation officielle de la DNR ouvre ces portes en Tchéquie © Sputnik. Irina Gerashchenko (mis à jour 16:46 30.08.2016) URL courte 1 238 3 1 L&apos;inauguration de la représentation officielle de la République autoproclamée de Donetsk (DNR) aura lieu le 1er septembre dans la ville tchèque d&apos;Ostrava. 
Lors de sa visite de janvier dans la République autoproclamée de Donetsk (DNR), Nela Liskova, présidente de l&apos;organisation socio-politique tchèque &quot;Milice Populaire&quot;, a été frappée par ce qu&apos;elle a vu. Des personnes qui vivent sous les bombardements quotidiens dans des maisons délabrées, des enfants qui continuent à aller à l&apos;école aux sons des tirs… Cependant ils refusaient tous de partir, de quitter leur république natale. © REUTERS/ Edgar Su Interpol refuse de chercher les dirigeants des républiques DNR et LNR 
Selon la ministre intérimaire des Affaires étrangères de DNR Natalia Nikonorova interrogée par Sputnik, c&apos;est à ce moment que Mme Liskova a compris qu&apos;elle ne voulait pas rester à l&apos;écart. Elle est donc devenue initiatrice et fondatrice de la représentation officielle de la République autoproclamée de Donetsk (DNR) en République tchèque et a fait tout son possible pour l&apos;ouvrir cet automne. &quot;Cette représentation permettra de protéger les droits et les intérêts de nos compatriotes à l&apos;étranger ainsi que d&apos;attirer les investissements et créer une image positive de la République dans le monde&quot;, a-t-elle déclaré. © Sputnik. Mikhail Palinchak Savtchenko appelle les Ukrainiens à demander pardon aux habitants du Donbass 
D&apos;après Mme Liskova, la représentation favorisera également la coopération dans le domaine de l&apos;information, ce qui permettra, par conséquent, de fournir aux citoyens tchèques des nouvelles objectives de la région. En outre, elle rendra les Tchèques plus sensibles à la culture et la vie quotidienne de la DNR. 
Elle a également indiqué que des négociations sur l&apos;ouverture d&apos;autres représentations de la DNR dans les pays européens et de l&apos;Est étaient actuellement en cours. ... Commentaire Ajouter un commentaire Merci! Votre commentaire sera vérifié par un modérateur afin de vérifier sa conformité aux règles de publication des commentaires Rules | | Editer | Supprimer Sauvegarder Merci! Votre commentaire sera vérifié par un modérateur afin de vérifier sa conformité aux règles de publication des commentaires Rules Grands titres © 2016 Sputnik. Tous droits réservés S&apos;inscrire Veuillez entrer à nouveau votre mot de passe: Veuillez saisir les caractères de l&apos;image ci-dessous En cochant, vous confirmez votre accord avec la politique de confidentialité et vous confirmez également votre accord concernant le traitement de vos données personnelles, y compris en-dehors des frontières de l&apos;Union européenne (sur les territoires de la Fédération de Russie). S&apos;inscrire * Tous les champs sont obligatoires Veuillez confirmer votre email en suivant les instructions qui vous ont été envoyées à l&apos;adresse Réinitialiser le mot de passe Veuillez saisir votre adresse de messagerie Veuillez saisir les caractères de l&apos;image ci-dessous Réinitialiser Fermer Règles de conduite 
L&apos;enregistrement et l&apos;identification de l&apos;utilisateur sur les sites web Sputnik par le biais de l&apos;un de ses comptes sur les réseaux sociaux indique l&apos;acceptation de ces règles. 
L&apos;utilisateur est tenu de ne pas violer, par ses actions, la législation nationale et internationale. 
L&apos;utilisateur s&apos;engage à s&apos;adresser avec respect aux autres participants de la discussion, aux lecteurs et aux personnes mentionnées dans les articles. 
L&apos;administration se réserve le droit de supprimer les commentaires publiés dans des langues différentes de celle du contenu principal de l&apos;article. 
Sur toutes les versions linguistiques du site sputniknews.com, les commentaires publiés par l&apos;utilisateur peuvent être édités. 
Le commentaire de l&apos;utilisateur sera supprimé, s&apos;il: ne correspond pas au sujet de l&apos;article commenté; promeut la haine, la discrimination raciale, ethnique, sexuelle, religieuse, sociale et porte atteinte aux droits des minorités; viole les droits des mineurs, leur cause un préjudice sous toute forme, y compris morale; contient des idées de nature extrémiste et terroriste, appelle à tout type d’actions illégales; contient des insultes, des menaces à l&apos;égard d&apos;autres utilisateurs, des individus ou organisations spécifiques; porte atteinte à l&apos;honneur, à la dignité et à leur réputation professionnelle; contient des insultes ou des messages diffamatoires à l&apos;égard de Sputnik; viole la vie privée, divulgue les données personnelles de tierces personnes sans leur consentement, révèle le secret de la correspondance; contient une description ou des liens vers des scènes de violence et de cruauté envers les animaux; contient des informations sur les méthodes de suicide ou incite au suicide; poursuit des objectifs commerciaux, contient de la publicité abusive, de la publicité politique illégale ou des liens vers d&apos;autres ressources en ligne contenant ce genre d&apos;informations; promeut les produits ou services de tiers sans autorisations nécessaires; contient des expressions insultantes, un langage grossier et leurs dérivés, ainsi que des allusions à l&apos;utilisation d&apos;éléments lexicaux répondant à cette définition; contient du contenu spam, promeut la diffusion de spams, de services de publipostage et de ressources pour gagner de l&apos;argent sur Internet; promeut l&apos;utilisation de stupéfiants et de substances psychotropes, contient des informations sur leur production et leur utilisation; contient des liens vers des virus et des logiciels malveillants; fait partie d&apos;une action, lorsqu&apos;un grand nombre de commentaires au contenu identique ou similaire est posté (&quot;flash mob&quot;); l&apos;auteur abuse d&apos;un grand nombre de messages vides de sens, ou bien le sens du texte est difficile à comprendre (&quot;flood&quot;); l&apos;auteur viole l&apos;étiquette en ligne, en montrant différentes formes de comportement agressif, humiliant et diffamatoire (&quot;trolling&quot;); l&apos;auteur montre un manque de respect pour la langue; par exemple, tout le texte ou sa grande partie est tapé en lettres majuscules et n&apos;est pas divisé en phrases. 
L&apos;administration se réserve le droit de bloquer l&apos;accès de l&apos;utilisateur à la page ou de supprimer son compte sans avertissement préalable en cas de violation par l&apos;utilisateur des règles de rédaction des commentaires ou de détection dans les actions de l&apos;utilisateur de signes d&apos;une telle violation. 
L&apos;utilisateur peut lancer la procédure de recouvrement de son compte / de déblocage de l&apos;accès, en écrivant une lettre à l&apos;adresse électronique suivante: La lettre doit contenir: Le sujet – le recouvrement du compte/ le déblocage de l&apos;accès Le nom d&apos;utilisateur Les explications des raisons des actions qui constituaient la violation des règles mentionnées ci-dessus et ont conduit au blocage. 
Si les modérateurs jugent possible de restaurer le compte / d&apos;en débloquer l&apos;accès, il en sera ainsi. 
Dans le cas d&apos;une violation répétée des règles et d&apos;un blocage répété, l&apos;accès de l&apos;utilisateur ne peut pas être restauré. Le blocage, dans ce cas, est définitif. 
Pour contacter l&apos;équipe de modérateurs, utilisez l&apos;adresse électronique suivante: Identification
</topic_text>
<spam_score>0.00</spam_score>
<post_num>1</post_num>
<post_id>post-1</post_id>
<post_url>https://fr.sputniknews.com/international/201608301027525360-dnr-repsentation-tchequie-donetsk/</post_url>
<post_date>20160830</post_date>
<post_time>1442</post_time>
<username></username>
<post>
Une représentation officielle de la DNR ouvre ces portes en Tchéquie © Sputnik. Irina Gerashchenko (mis à jour 16:46 30.08.2016) URL courte 1 238 3 1 L&apos;inauguration de la représentation officielle de la République autoproclamée de Donetsk (DNR) aura lieu le 1er septembre dans la ville tchèque d&apos;Ostrava. 
Lors de sa visite de janvier dans la République autoproclamée de Donetsk (DNR), Nela Liskova, présidente de l&apos;organisation socio-politique tchèque &quot;Milice Populaire&quot;, a été frappée par ce qu&apos;elle a vu. Des personnes qui vivent sous les bombardements quotidiens dans des maisons délabrées, des enfants qui continuent à aller à l&apos;école aux sons des tirs… Cependant ils refusaient tous de partir, de quitter leur république natale. © REUTERS/ Edgar Su Interpol refuse de chercher les dirigeants des républiques DNR et LNR 
Selon la ministre intérimaire des Affaires étrangères de DNR Natalia Nikonorova interrogée par Sputnik, c&apos;est à ce moment que Mme Liskova a compris qu&apos;elle ne voulait pas rester à l&apos;écart. Elle est donc devenue initiatrice et fondatrice de la représentation officielle de la République autoproclamée de Donetsk (DNR) en République tchèque et a fait tout son possible pour l&apos;ouvrir cet automne. &quot;Cette représentation permettra de protéger les droits et les intérêts de nos compatriotes à l&apos;étranger ainsi que d&apos;attirer les investissements et créer une image positive de la République dans le monde&quot;, a-t-elle déclaré. © Sputnik. Mikhail Palinchak Savtchenko appelle les Ukrainiens à demander pardon aux habitants du Donbass 
D&apos;après Mme Liskova, la représentation favorisera également la coopération dans le domaine de l&apos;information, ce qui permettra, par conséquent, de fournir aux citoyens tchèques des nouvelles objectives de la région. En outre, elle rendra les Tchèques plus sensibles à la culture et la vie quotidienne de la DNR. 
Elle a également indiqué que des négociations sur l&apos;ouverture d&apos;autres représentations de la DNR dans les pays européens et de l&apos;Est étaient actuellement en cours. ... Commentaire Ajouter un commentaire Merci! Votre commentaire sera vérifié par un modérateur afin de vérifier sa conformité aux règles de publication des commentaires Rules | | Editer | Supprimer Sauvegarder Merci! Votre commentaire sera vérifié par un modérateur afin de vérifier sa conformité aux règles de publication des commentaires Rules Grands titres © 2016 Sputnik. Tous droits réservés S&apos;inscrire Veuillez entrer à nouveau votre mot de passe: Veuillez saisir les caractères de l&apos;image ci-dessous En cochant, vous confirmez votre accord avec la politique de confidentialité et vous confirmez également votre accord concernant le traitement de vos données personnelles, y compris en-dehors des frontières de l&apos;Union européenne (sur les territoires de la Fédération de Russie). S&apos;inscrire * Tous les champs sont obligatoires Veuillez confirmer votre email en suivant les instructions qui vous ont été envoyées à l&apos;adresse Réinitialiser le mot de passe Veuillez saisir votre adresse de messagerie Veuillez saisir les caractères de l&apos;image ci-dessous Réinitialiser Fermer Règles de conduite 
L&apos;enregistrement et l&apos;identification de l&apos;utilisateur sur les sites web Sputnik par le biais de l&apos;un de ses comptes sur les réseaux sociaux indique l&apos;acceptation de ces règles. 
L&apos;utilisateur est tenu de ne pas violer, par ses actions, la législation nationale et internationale. 
L&apos;utilisateur s&apos;engage à s&apos;adresser avec respect aux autres participants de la discussion, aux lecteurs et aux personnes mentionnées dans les articles. 
L&apos;administration se réserve le droit de supprimer les commentaires publiés dans des langues différentes de celle du contenu principal de l&apos;article. 
Sur toutes les versions linguistiques du site sputniknews.com, les commentaires publiés par l&apos;utilisateur peuvent être édités. 
Le commentaire de l&apos;utilisateur sera supprimé, s&apos;il: ne correspond pas au sujet de l&apos;article commenté; promeut la haine, la discrimination raciale, ethnique, sexuelle, religieuse, sociale et porte atteinte aux droits des minorités; viole les droits des mineurs, leur cause un préjudice sous toute forme, y compris morale; contient des idées de nature extrémiste et terroriste, appelle à tout type d’actions illégales; contient des insultes, des menaces à l&apos;égard d&apos;autres utilisateurs, des individus ou organisations spécifiques; porte atteinte à l&apos;honneur, à la dignité et à leur réputation professionnelle; contient des insultes ou des messages diffamatoires à l&apos;égard de Sputnik; viole la vie privée, divulgue les données personnelles de tierces personnes sans leur consentement, révèle le secret de la correspondance; contient une description ou des liens vers des scènes de violence et de cruauté envers les animaux; contient des informations sur les méthodes de suicide ou incite au suicide; poursuit des objectifs commerciaux, contient de la publicité abusive, de la publicité politique illégale ou des liens vers d&apos;autres ressources en ligne contenant ce genre d&apos;informations; promeut les produits ou services de tiers sans autorisations nécessaires; contient des expressions insultantes, un langage grossier et leurs dérivés, ainsi que des allusions à l&apos;utilisation d&apos;éléments lexicaux répondant à cette définition; contient du contenu spam, promeut la diffusion de spams, de services de publipostage et de ressources pour gagner de l&apos;argent sur Internet; promeut l&apos;utilisation de stupéfiants et de substances psychotropes, contient des informations sur leur production et leur utilisation; contient des liens vers des virus et des logiciels malveillants; fait partie d&apos;une action, lorsqu&apos;un grand nombre de commentaires au contenu identique ou similaire est posté (&quot;flash mob&quot;); l&apos;auteur abuse d&apos;un grand nombre de messages vides de sens, ou bien le sens du texte est difficile à comprendre (&quot;flood&quot;); l&apos;auteur viole l&apos;étiquette en ligne, en montrant différentes formes de comportement agressif, humiliant et diffamatoire (&quot;trolling&quot;); l&apos;auteur montre un manque de respect pour la langue; par exemple, tout le texte ou sa grande partie est tapé en lettres majuscules et n&apos;est pas divisé en phrases. 
L&apos;administration se réserve le droit de bloquer l&apos;accès de l&apos;utilisateur à la page ou de supprimer son compte sans avertissement préalable en cas de violation par l&apos;utilisateur des règles de rédaction des commentaires ou de détection dans les actions de l&apos;utilisateur de signes d&apos;une telle violation. 
L&apos;utilisateur peut lancer la procédure de recouvrement de son compte / de déblocage de l&apos;accès, en écrivant une lettre à l&apos;adresse électronique suivante: La lettre doit contenir: Le sujet – le recouvrement du compte/ le déblocage de l&apos;accès Le nom d&apos;utilisateur Les explications des raisons des actions qui constituaient la violation des règles mentionnées ci-dessus et ont conduit au blocage. 
Si les modérateurs jugent possible de restaurer le compte / d&apos;en débloquer l&apos;accès, il en sera ainsi. 
Dans le cas d&apos;une violation répétée des règles et d&apos;un blocage répété, l&apos;accès de l&apos;utilisateur ne peut pas être restauré. Le blocage, dans ce cas, est définitif. 
Pour contacter l&apos;équipe de modérateurs, utilisez l&apos;adresse électronique suivante: Identification
</post>
<signature>

</signature>
<external_links>

</external_links>
<country>RU</country>
<main_image>https://cdnfr2.img.sputniknews.com/images/102752/50/1027525093.jpg</main_image>
</document>
