<?xml version="1.0" encoding="UTF-8"?>
<document>
<type>mainstream</type>
<forum>http://www.direktbroker.de/rss/meldungen</forum>
<forum_title>direktbroker.de Nachrichtenfeed</forum_title>
<discussion_title>Unbewusste Vorverurteilung: In jedem steckt ein kleiner Rassist</discussion_title>
<language>german</language>
<gmt_offset></gmt_offset>
<topic_url>http://www.direktbroker.de/news/unbewusste-vorverurteilung-in-jedem-steckt-ein-kleiner-rassist-50940625</topic_url>
<topic_text>
30.08.2016 - 16:05 Uhr Unbewusste Vorverurteilung: In jedem steckt ein kleiner Rassist Die meisten Menschen sind fest davon überzeugt, keine Vorurteile gegen Schwarze oder Muslime zu haben. Doch stimmt das auch? Ein bewährter Psycho-Test zeigt, dass die Frage nicht lautet, ob jemand rassistisch ist, sondern wie sehr.
</topic_text>
<spam_score>0.00</spam_score>
<post_num>1</post_num>
<post_id>post-1</post_id>
<post_url>http://www.direktbroker.de/news/unbewusste-vorverurteilung-in-jedem-steckt-ein-kleiner-rassist-50940625</post_url>
<post_date>20160830</post_date>
<post_time>1405</post_time>
<username></username>
<post>
30.08.2016 - 16:05 Uhr Unbewusste Vorverurteilung: In jedem steckt ein kleiner Rassist Die meisten Menschen sind fest davon überzeugt, keine Vorurteile gegen Schwarze oder Muslime zu haben. Doch stimmt das auch? Ein bewährter Psycho-Test zeigt, dass die Frage nicht lautet, ob jemand rassistisch ist, sondern wie sehr.
</post>
<signature>

</signature>
<external_links>

</external_links>
<country>DE</country>
<main_image></main_image>
</document>
