<?xml version="1.0" encoding="UTF-8"?>
<document>
<type>mainstream</type>
<forum>http://feeds2.feedburner.com/Hoofdpunten</forum>
<forum_title>Laatste hoofdpunten</forum_title>
<discussion_title>Autowereld: Zo is het toeven in de Skoda Kodiaq</discussion_title>
<language>dutch</language>
<gmt_offset></gmt_offset>
<topic_url>http://www.autowereld.com/nieuws/autonieuws/id/24587/zo-is-het-toeven-in-de-skoda-kodiaq</topic_url>
<topic_text>
Zo is het toeven in de Skoda Kodiaq 30 augustus 2016 Overmorgen is de grote dag voor de Kodiaq. Dan wordt de grote, 7-persoons Skoda officieel onthuld. Een formaliteit slechts, want zijn grootste nog overgebleven geheim, zijn interieur, ligt inmiddels ook op straat. Skoda zet groots in met de Kodiaq. Dat begin al voordat de grote SUV officieel aan de wereld wordt voorgesteld. Met een omvangrijkste teasercampagne die de Tsjechen ooit op touw hebben gezet. Dat de nog te onthullen 7-zitter daardoor zowel van buiten als vanbinnen geen verrassing meer mag heten, zal Skoda een worst zijn. Vroegtijdige aandacht is immers ook aandacht. Skoda Kodiaq: alles dat we tot nu weten » Vertrouwd dashboard Om de originaliteitsprijs is het Skoda nooit te doen geweest. Enorm ruim moest de 4,7 meter lange Kodiaq zijn. Vandaar dat het interieur nogal bekend voorkomt. Het dashboard lijkt nog het meest op dat van de Superb , met als voornaamste verschil een nog grote infotainmentscherm. Bovendien zijn de ventilatorroosters aan weerszijden van dat centrale display geplaatst in plaats van erboven. Derde zitrij optioneel Nog even over de ruimte. Dat zit wel snor bij de Kodiaq. Indien nodig kan er dik 2.000 liter aan bagageruimte gecreëerd worden, wat een riante hoeveelheid is. Zowel de tweede als derde zitrij moet dan niet in gebruik zijn. Overigens is die laatste niet bij elke Kodiaq inbegrepen. Je betaalt ervoor bij, tenzij de keuze valt op een duurdere uitvoering. Maar daar dus overmorgen ongetwijfeld meer over. Eventjes geduld nog. Tags
</topic_text>
<spam_score>0.00</spam_score>
<post_num>1</post_num>
<post_id>post-1</post_id>
<post_url>http://www.autowereld.com/nieuws/autonieuws/id/24587/zo-is-het-toeven-in-de-skoda-kodiaq</post_url>
<post_date>20160830</post_date>
<post_time>1457</post_time>
<username></username>
<post>
Zo is het toeven in de Skoda Kodiaq 30 augustus 2016 Overmorgen is de grote dag voor de Kodiaq. Dan wordt de grote, 7-persoons Skoda officieel onthuld. Een formaliteit slechts, want zijn grootste nog overgebleven geheim, zijn interieur, ligt inmiddels ook op straat. Skoda zet groots in met de Kodiaq. Dat begin al voordat de grote SUV officieel aan de wereld wordt voorgesteld. Met een omvangrijkste teasercampagne die de Tsjechen ooit op touw hebben gezet. Dat de nog te onthullen 7-zitter daardoor zowel van buiten als vanbinnen geen verrassing meer mag heten, zal Skoda een worst zijn. Vroegtijdige aandacht is immers ook aandacht. Skoda Kodiaq: alles dat we tot nu weten » Vertrouwd dashboard Om de originaliteitsprijs is het Skoda nooit te doen geweest. Enorm ruim moest de 4,7 meter lange Kodiaq zijn. Vandaar dat het interieur nogal bekend voorkomt. Het dashboard lijkt nog het meest op dat van de Superb , met als voornaamste verschil een nog grote infotainmentscherm. Bovendien zijn de ventilatorroosters aan weerszijden van dat centrale display geplaatst in plaats van erboven. Derde zitrij optioneel Nog even over de ruimte. Dat zit wel snor bij de Kodiaq. Indien nodig kan er dik 2.000 liter aan bagageruimte gecreëerd worden, wat een riante hoeveelheid is. Zowel de tweede als derde zitrij moet dan niet in gebruik zijn. Overigens is die laatste niet bij elke Kodiaq inbegrepen. Je betaalt ervoor bij, tenzij de keuze valt op een duurdere uitvoering. Maar daar dus overmorgen ongetwijfeld meer over. Eventjes geduld nog. Tags
</post>
<signature>

</signature>
<external_links>

</external_links>
<country>BE</country>
<main_image>http://images.autowereld.com/high/128461-skoda-kodiaq-interieur-3.jpg</main_image>
</document>
