<?xml version="1.0" encoding="UTF-8"?>
<document>
<type>mainstream</type>
<forum>http://thetravelguideonline.com/feed</forum>
<forum_title>The Travel Guide</forum_title>
<discussion_title>احتفل بقضاء إجازة عيد الأضحى المبارك في فندق تلال ليوا</discussion_title>
<language>arabic</language>
<gmt_offset></gmt_offset>
<topic_url>http://thetravelguideonline.com/%d8%a7%d8%ad%d8%aa%d9%81%d9%84-%d8%a8%d9%82%d8%b6%d8%a7%d8%a1-%d8%a5%d8%ac%d8%a7%d8%b2%d8%a9-%d8%b9%d9%8a%d8%af-%d8%a7%d9%84%d8%a3%d8%b6%d8%ad%d9%89-%d8%a7%d9%84%d9%85%d8%a8%d8%a7%d8%b1%d9%83-%d9%81-2/</topic_url>
<topic_text>
الرئيسية / أخبار / احتفل بقضاء إجازة عيد الأضحى المبارك في فندق تلال ليوا احتفل بقضاء إجازة عيد الأضحى المبارك في فندق تلال ليوا 0 مشاركات تمتع بقضاء أروع الأوقات مع العائلة والأصدقاء بالإستفادة من عرض العيد ابتداءً من 749 درهم إماراتياً اقضي عطلة ممتعة خلال عيد الأضحى في فندق «تلال ليوا» الفاخر، الواحة الساحرة الواقعة على أطراف صحراء الربع الخالي في إمارة أبو ظبي، واحتفل بهذه المناسبة السعيدة مع العائلة والأصدقاء. يوفر لك فندق «تلال ليوا» أفضل مكان للاسترخاء والاستمتاع بعروض عيد الأضحى الخاصة التي تبدأ من 749 درهم وتشمل بوفيه إفطار شهي في مطعم البادية &lt;&lt;Al Badiya&gt;&gt; والذي يقدم مجموعة فاخرة من أشهى المأكولات العربية والعالمية. كما يشمل هذا العرض خدمات ترفيهية لشخصين بالغين وطفلين أقل من عمر 6 سنوات ومنها خدمة الإنترنت المجاني وأنشطة الصحراوية والعديد من المرافق الترفيهية الأخرى. تلال ليوا استمتع بالهدوء والاسترخاء في فندق الذي يضم 111 غرفة وجناح المصمم على الطراز العربي، مع شرفة خاصة تطل على حمام السباحة والمروج الخضراء كما يوجد ببعض الغرف مساحة للجلوس وكنب سرير. و يقدم فندق «تلال ليوا» تجربة فريدة لعشاق المغامرات ، حيث مجهز بجميع وسائل الراحة والترفيه مثل النادي الرياضي ونادي ‘Body &amp; Soul’ الصحي الذي يقدم العلاج بالتدليك، بالإضافة إلى الاستمتاع بالسباحة في حمام السباحة المتحكم بدرجة حرارته والمطل على الكثبان الذهبية الساحرة التي تعطيك طاقة للقيام بالمزيد من الأنشطة الممتعة في الفندق. فيما يمكن إجراء جولات لمشاهدة معالم المدينة ورحلات السفاري الصحراوية4×4 لاكتشاف الكثبان الرملية الشاهقة، بالإضافة إلى تنظيم حفلات خاصة تحت أضواء النجوم اللامعة . كما يمكنكم أيضاً الاستمتاع في الصباح بزيارة مزرعة الإبل أو حضور سباق الإبل. هذا العرض متاح للمواطنين والمقيمين في كل من دولة الإمارات العربية المتحدة ودول مجلس التعاون الخليجي من 8 سبتمبر حتى 12 سبتمبر 2016. تخضع الأسعار إلى 10% ضريبة خدمة و 6% ضريبة سياحة و4% ضريبة بلدية وإضافة 15 درهم إماراتي لليلة. لمعرفة المزيد عن هذا العرض أو الحجز يرجى الاتصال بفندق تلال ليوا على الرقم +971 2 894 6111 أو مراسلتنا على البريد التالي: [email protected] أو زيارة موقعنا www.danathotels.com . حول فندق تلال ليوا: فندق تلال ليوا تديرها مجموعة فنادق ومنتجعات دانات، وهي فرع من المؤسسة الوطنية للسياحة والفنادق ,ويقع الفندق على جانب صحراء الربع الخالي الساحرة.هذه الوجهة المميزة نالت استحسانا مميزا بين فنادق الأربع نجوم في دولة الأمارات العربية المتحدة. فندق تلال ليوا يقدم أفضل ما في التقاليد والثقافة العربية. يقع الفندق على حافة صحراء الربع الخالي (الربع الخالي، أكبر صحراء رملية دون انقطاع في العالم) في رمال ليوا وسط الكثبان الرملية والمناظر الطبيعية الصحراوية البكر. مع مبنى ذو طراز معماري تقليدي أنيق لتقديم تجربة صحراوية فريدة من نوعها بروح عربية حقيقية. تخيل أن تستيقظ في غرفة او جناح فاخر على مناظر خلابة وساحرة من بعض أعلى الكثبان الرملية الأجمل في العالم. أغمر نفسك في الأجواء العربية الاصيلة “واحة الضيافة” حيث المطاعم و حوض السباحة في الهواء الطلق و مجموعة كاملة من وسائل الراحة الفاخرة والتى توفر مواكبة رائعة للصحراء المحيطة بها. إذا كنت ترغب في رحلات سفاري صحراوية مبهجة وركوب الدراجات رباعية الدفع وأكتشاف المعالم التقليدية للمنطقة الغربية أو لمجرد الهروب والعزلة لبضعة أيام تضمن لك أسرة الفندق ذي الأربع نجوم تجربة فريدة لاتنسى.
</topic_text>
<spam_score>0.00</spam_score>
<post_num>1</post_num>
<post_id>post-1</post_id>
<post_url>http://thetravelguideonline.com/%d8%a7%d8%ad%d8%aa%d9%81%d9%84-%d8%a8%d9%82%d8%b6%d8%a7%d8%a1-%d8%a5%d8%ac%d8%a7%d8%b2%d8%a9-%d8%b9%d9%8a%d8%af-%d8%a7%d9%84%d8%a3%d8%b6%d8%ad%d9%89-%d8%a7%d9%84%d9%85%d8%a8%d8%a7%d8%b1%d9%83-%d9%81-2/</post_url>
<post_date>20160830</post_date>
<post_time>1427</post_time>
<username>همسة الحوراني</username>
<post>
الرئيسية / أخبار / احتفل بقضاء إجازة عيد الأضحى المبارك في فندق تلال ليوا احتفل بقضاء إجازة عيد الأضحى المبارك في فندق تلال ليوا 0 مشاركات تمتع بقضاء أروع الأوقات مع العائلة والأصدقاء بالإستفادة من عرض العيد ابتداءً من 749 درهم إماراتياً اقضي عطلة ممتعة خلال عيد الأضحى في فندق «تلال ليوا» الفاخر، الواحة الساحرة الواقعة على أطراف صحراء الربع الخالي في إمارة أبو ظبي، واحتفل بهذه المناسبة السعيدة مع العائلة والأصدقاء. يوفر لك فندق «تلال ليوا» أفضل مكان للاسترخاء والاستمتاع بعروض عيد الأضحى الخاصة التي تبدأ من 749 درهم وتشمل بوفيه إفطار شهي في مطعم البادية &lt;&lt;Al Badiya&gt;&gt; والذي يقدم مجموعة فاخرة من أشهى المأكولات العربية والعالمية. كما يشمل هذا العرض خدمات ترفيهية لشخصين بالغين وطفلين أقل من عمر 6 سنوات ومنها خدمة الإنترنت المجاني وأنشطة الصحراوية والعديد من المرافق الترفيهية الأخرى. تلال ليوا استمتع بالهدوء والاسترخاء في فندق الذي يضم 111 غرفة وجناح المصمم على الطراز العربي، مع شرفة خاصة تطل على حمام السباحة والمروج الخضراء كما يوجد ببعض الغرف مساحة للجلوس وكنب سرير. و يقدم فندق «تلال ليوا» تجربة فريدة لعشاق المغامرات ، حيث مجهز بجميع وسائل الراحة والترفيه مثل النادي الرياضي ونادي ‘Body &amp; Soul’ الصحي الذي يقدم العلاج بالتدليك، بالإضافة إلى الاستمتاع بالسباحة في حمام السباحة المتحكم بدرجة حرارته والمطل على الكثبان الذهبية الساحرة التي تعطيك طاقة للقيام بالمزيد من الأنشطة الممتعة في الفندق. فيما يمكن إجراء جولات لمشاهدة معالم المدينة ورحلات السفاري الصحراوية4×4 لاكتشاف الكثبان الرملية الشاهقة، بالإضافة إلى تنظيم حفلات خاصة تحت أضواء النجوم اللامعة . كما يمكنكم أيضاً الاستمتاع في الصباح بزيارة مزرعة الإبل أو حضور سباق الإبل. هذا العرض متاح للمواطنين والمقيمين في كل من دولة الإمارات العربية المتحدة ودول مجلس التعاون الخليجي من 8 سبتمبر حتى 12 سبتمبر 2016. تخضع الأسعار إلى 10% ضريبة خدمة و 6% ضريبة سياحة و4% ضريبة بلدية وإضافة 15 درهم إماراتي لليلة. لمعرفة المزيد عن هذا العرض أو الحجز يرجى الاتصال بفندق تلال ليوا على الرقم +971 2 894 6111 أو مراسلتنا على البريد التالي: [email protected] أو زيارة موقعنا www.danathotels.com . حول فندق تلال ليوا: فندق تلال ليوا تديرها مجموعة فنادق ومنتجعات دانات، وهي فرع من المؤسسة الوطنية للسياحة والفنادق ,ويقع الفندق على جانب صحراء الربع الخالي الساحرة.هذه الوجهة المميزة نالت استحسانا مميزا بين فنادق الأربع نجوم في دولة الأمارات العربية المتحدة. فندق تلال ليوا يقدم أفضل ما في التقاليد والثقافة العربية. يقع الفندق على حافة صحراء الربع الخالي (الربع الخالي، أكبر صحراء رملية دون انقطاع في العالم) في رمال ليوا وسط الكثبان الرملية والمناظر الطبيعية الصحراوية البكر. مع مبنى ذو طراز معماري تقليدي أنيق لتقديم تجربة صحراوية فريدة من نوعها بروح عربية حقيقية. تخيل أن تستيقظ في غرفة او جناح فاخر على مناظر خلابة وساحرة من بعض أعلى الكثبان الرملية الأجمل في العالم. أغمر نفسك في الأجواء العربية الاصيلة “واحة الضيافة” حيث المطاعم و حوض السباحة في الهواء الطلق و مجموعة كاملة من وسائل الراحة الفاخرة والتى توفر مواكبة رائعة للصحراء المحيطة بها. إذا كنت ترغب في رحلات سفاري صحراوية مبهجة وركوب الدراجات رباعية الدفع وأكتشاف المعالم التقليدية للمنطقة الغربية أو لمجرد الهروب والعزلة لبضعة أيام تضمن لك أسرة الفندق ذي الأربع نجوم تجربة فريدة لاتنسى.
</post>
<signature>

</signature>
<external_links>

</external_links>
<country>US</country>
<main_image>http://thetravelguideonline.com/wp-content/uploads/2016/08/eid-at-tilal-liwa-hotel-1-660x330.jpg</main_image>
</document>
