<?xml version="1.0" encoding="UTF-8"?>
<document>
<type>mainstream</type>
<forum>http://inter.ua/rss/channel_uk.xml</forum>
<forum_title>Телеканал &quot;Інтер&quot;: Новини каналу</forum_title>
<discussion_title>&quot;Стосується кожного&quot; допомагає відновити справедливість</discussion_title>
<language>ukrainian</language>
<gmt_offset></gmt_offset>
<topic_url>http://inter.ua/uk/news/2016/08/30/6105</topic_url>
<topic_text>
&quot;Стосується кожного&quot; допомагає відновити справедливість 30 серпня 2016 | 15:20 
У понеділок, 29 серпня, випуск програми &quot;Стосується кожного&quot; про трагічну подію в райцентрі Криве Озеро став беззаперечним лідером слоту серед всеукраїнської аудиторії 18+ . Його частка становить 17,5%, рейтинг - 4,3%. Випуск подивилися понад 3,8 млн осіб в Україні. ТОП-6 каналів 29 серпня 2016 року в слоті &quot;Стосується кожного&quot; (18:05-19:59)(частка 18+, Україна) 
В цілому за результатами дня &quot;Інтер&quot; став лідером серед українських телеканалів з часткою 13,2% за аудиторією 18+ (Україна). Проект &quot;Стосується кожного&quot; одним з перших опинився на місці подій, що сталися в ніч з 23 на 24 серпня у райцентрі Криве Озеро Миколаївської області. 
Місцеві мешканці стверджують, що шестеро поліцейських, які прибули за викликом, побили Олександра Цукермана під час затримання, а один з правоохоронців застосував травматичну зброю. В результаті чоловік помер від прямого попадання кулі в серце. 
Наступного ж ранку після випадку родичі загиблого зателефонували на гарячу лінію програми &quot;Стосується кожного&quot; з проханням про допомогу. Редакція програми запросила родину загиблого в Київ і допомогла отримати перші консультації від юристів, правозахисників, кримінологів, подати заяву в Генеральну прокуратуру з вимогою про проведення незалежної експертизи. 
Поліцейські, які били Олександра Цукермана, були затримані. Місцеві мешканці ледь втрималися від самосуду. Незважаючи на те, що про цю подію говорять в усіх новинах країни, рідні не вірять у справедливе розслідування в Миколаївській області. Мати Олександра стверджує, що їй видали документи з великою кількістю грубих помилок. 
На ефір програми &quot;Свавілля у Кривому Озері&quot; в студію приїхали найближчі родичі загиблого - мати Ольга і батько Борис Цукерман, дружина Алла, рідний брат Сергій, двоюрідний брат Василь, теща Наталя, друзі і сусіди. Тут вони вперше змогли розповісти свою версію подій, висловитися публічно і звернутися до відповідних інстанцій, в силах яких - допомогти в даній ситуації. Завдяки програмі постраждалі від свавілля змогли публічно висловити свою позицію. 
Безпосередньо в студії проекту рідні загиблого отримали професійні консультації криміналістів і юристів з приводу того, як діяти далі. Експерти і творці програми &quot;Стосується кожного&quot; сходяться на думці, що, стикаючись з бідою, не можна замикатися, потрібно звертатися по допомогу, спілкуватися зі ЗМІ, шукати підтримку у суспільства. На даний момент родичі Олександра Цукермана в повному розпачі, а в такому стані людина легко ламається, особливо - стикаючись із бюрократичною машиною. Хто здатний захистити простого українця, який стикається зі свавіллям? Відповідь на це питання і закликає знайти творча група &quot;Стосується кожного&quot;. І перший крок зроблений: справа Олександра Цукермана і позиція його родичів набули широкого розголосу. Ведучий Андрій Данілевич закликав усіх, хто може допомогти родині загиблого, підключитися до розслідування і пообіцяв, що програма &quot;Стосується кожного&quot; триматиме цю справу на контролі і всіляко допомагати рідним Олександра Цукермана домогтися справедливості. Журналісти проекту і зараз знаходяться на місці подій і готові у будь-яку мить підключитися до оперативного висвітлення нових подробиць цієї справи. Дані дослідження ТВ аудиторії належать ІТК. Оператор панелі - Nielsen; моніторинг - Комунікаційний Альянс. Дані надані телеканалом &quot;Інтер&quot;. Дані розраховані для цільової аудиторії 18+ (Україна). Дані розраховані для доби і слота події за 29.08.2016 (дані Overnight). Дані надані за показниками shr%, rat% і rch #. Детальніше за показниками і визначеннями цільових аудиторій у глосарії ІТК &lt;br class=&quot;Apple-interchange-newline&quot;&gt;&lt;div id=&quot;inner-editor&quot;&gt;&lt;/div&gt; Дані дослідження ТВ аудиторії належать ІТК. Оператор панелі - Nielsen;моніторинг - Комунікаційний Альянс. Дані надані телеканалом &quot;Інтер&quot;. Данірозраховані для цільової аудиторії 18+ (Україна). Дані розраховані для доби іслота події за 29.08.2016 (дані Overnight). Дані надані за показниками shr%, rat% і rch #. Детальніше за показниками і визначень цільових аудиторій &lt;&gt; Залишати коментарі можуть тільки зареєстровані користувачі. Будь ласка, авторизуйтеся: Логін
</topic_text>
<spam_score>0.00</spam_score>
<post_num>1</post_num>
<post_id>post-1</post_id>
<post_url>http://inter.ua/uk/news/2016/08/30/6105</post_url>
<post_date>20160830</post_date>
<post_time>1220</post_time>
<username></username>
<post>
&quot;Стосується кожного&quot; допомагає відновити справедливість 30 серпня 2016 | 15:20 
У понеділок, 29 серпня, випуск програми &quot;Стосується кожного&quot; про трагічну подію в райцентрі Криве Озеро став беззаперечним лідером слоту серед всеукраїнської аудиторії 18+ . Його частка становить 17,5%, рейтинг - 4,3%. Випуск подивилися понад 3,8 млн осіб в Україні. ТОП-6 каналів 29 серпня 2016 року в слоті &quot;Стосується кожного&quot; (18:05-19:59)(частка 18+, Україна) 
В цілому за результатами дня &quot;Інтер&quot; став лідером серед українських телеканалів з часткою 13,2% за аудиторією 18+ (Україна). Проект &quot;Стосується кожного&quot; одним з перших опинився на місці подій, що сталися в ніч з 23 на 24 серпня у райцентрі Криве Озеро Миколаївської області. 
Місцеві мешканці стверджують, що шестеро поліцейських, які прибули за викликом, побили Олександра Цукермана під час затримання, а один з правоохоронців застосував травматичну зброю. В результаті чоловік помер від прямого попадання кулі в серце. 
Наступного ж ранку після випадку родичі загиблого зателефонували на гарячу лінію програми &quot;Стосується кожного&quot; з проханням про допомогу. Редакція програми запросила родину загиблого в Київ і допомогла отримати перші консультації від юристів, правозахисників, кримінологів, подати заяву в Генеральну прокуратуру з вимогою про проведення незалежної експертизи. 
Поліцейські, які били Олександра Цукермана, були затримані. Місцеві мешканці ледь втрималися від самосуду. Незважаючи на те, що про цю подію говорять в усіх новинах країни, рідні не вірять у справедливе розслідування в Миколаївській області. Мати Олександра стверджує, що їй видали документи з великою кількістю грубих помилок. 
На ефір програми &quot;Свавілля у Кривому Озері&quot; в студію приїхали найближчі родичі загиблого - мати Ольга і батько Борис Цукерман, дружина Алла, рідний брат Сергій, двоюрідний брат Василь, теща Наталя, друзі і сусіди. Тут вони вперше змогли розповісти свою версію подій, висловитися публічно і звернутися до відповідних інстанцій, в силах яких - допомогти в даній ситуації. Завдяки програмі постраждалі від свавілля змогли публічно висловити свою позицію. 
Безпосередньо в студії проекту рідні загиблого отримали професійні консультації криміналістів і юристів з приводу того, як діяти далі. Експерти і творці програми &quot;Стосується кожного&quot; сходяться на думці, що, стикаючись з бідою, не можна замикатися, потрібно звертатися по допомогу, спілкуватися зі ЗМІ, шукати підтримку у суспільства. На даний момент родичі Олександра Цукермана в повному розпачі, а в такому стані людина легко ламається, особливо - стикаючись із бюрократичною машиною. Хто здатний захистити простого українця, який стикається зі свавіллям? Відповідь на це питання і закликає знайти творча група &quot;Стосується кожного&quot;. І перший крок зроблений: справа Олександра Цукермана і позиція його родичів набули широкого розголосу. Ведучий Андрій Данілевич закликав усіх, хто може допомогти родині загиблого, підключитися до розслідування і пообіцяв, що програма &quot;Стосується кожного&quot; триматиме цю справу на контролі і всіляко допомагати рідним Олександра Цукермана домогтися справедливості. Журналісти проекту і зараз знаходяться на місці подій і готові у будь-яку мить підключитися до оперативного висвітлення нових подробиць цієї справи. Дані дослідження ТВ аудиторії належать ІТК. Оператор панелі - Nielsen; моніторинг - Комунікаційний Альянс. Дані надані телеканалом &quot;Інтер&quot;. Дані розраховані для цільової аудиторії 18+ (Україна). Дані розраховані для доби і слота події за 29.08.2016 (дані Overnight). Дані надані за показниками shr%, rat% і rch #. Детальніше за показниками і визначеннями цільових аудиторій у глосарії ІТК &lt;br class=&quot;Apple-interchange-newline&quot;&gt;&lt;div id=&quot;inner-editor&quot;&gt;&lt;/div&gt; Дані дослідження ТВ аудиторії належать ІТК. Оператор панелі - Nielsen;моніторинг - Комунікаційний Альянс. Дані надані телеканалом &quot;Інтер&quot;. Данірозраховані для цільової аудиторії 18+ (Україна). Дані розраховані для доби іслота події за 29.08.2016 (дані Overnight). Дані надані за показниками shr%, rat% і rch #. Детальніше за показниками і визначень цільових аудиторій &lt;&gt; Залишати коментарі можуть тільки зареєстровані користувачі. Будь ласка, авторизуйтеся: Логін
</post>
<signature>

</signature>
<external_links>

</external_links>
<country>UA</country>
<main_image>http://inter.ua/uploads/news_oneday/2016/08/30/99913417cd0c33ce7be54a26c24b5ab182ffbafb.jpg</main_image>
</document>
