<?xml version="1.0" encoding="UTF-8"?>
<document>
<type>mainstream</type>
<forum>http://anibis.ch//fr/automobiles--4/rssexport.aspx</forum>
<forum_title>Petites annonces Automobiles</forum_title>
<discussion_title>Audi A3 Quattro S-Line 2.0 TDI 170ch 4x4, 2010, 153&apos;000 km, -</discussion_title>
<language>french</language>
<gmt_offset></gmt_offset>
<topic_url>http://www.anibis.ch/fr/automobiles--4/audi-a3-quattro-s-line-20-tdi-170ch-4x4,-2010,-153&apos;000-km,--12986137.aspx</topic_url>
<topic_text>
Description: 
Audi A3 Quattro S-Line de 2010 2.0 TDI 170ch 4x4 roues motrices, 
En excellent état. Service nettoyage climatisastion complète vient d&apos;être fait. Vente à regret, plus l&apos;utilité de cette voiture car je n&apos;utilise plus que mon autre voiture préparé course et slalom. 
Quasi toutes options. Avec 4 roues été Alu 18 pouces et 4 roue hiver en pneu continental Expertisé Boîte manuel 6 vitesses Très bien entretenue Economique consomme peu même sur trajet de montagne Sièges chauffant, clim bi-zone, GPS + Audi MMI multimedia avec prises Aux et prise connexion pour iPhone, Siège S-line Cuire Alcantara, vitres teintée, Phares Xenon + LED de jour,Avec crochet pour remorque (encore jamais servis). 
Valeur à l&apos;achat + de 60&apos;000Chf 
Echange possible contre : Subaru Gt , Subaru Impreza WRC , STI ect..
</topic_text>
<spam_score>0.00</spam_score>
<post_num>1</post_num>
<post_id>post-1</post_id>
<post_url>http://www.anibis.ch/fr/automobiles--4/audi-a3-quattro-s-line-20-tdi-170ch-4x4,-2010,-153&apos;000-km,--12986137.aspx</post_url>
<post_date>20160830</post_date>
<post_time>1520</post_time>
<username></username>
<post>
Description: 
Audi A3 Quattro S-Line de 2010 2.0 TDI 170ch 4x4 roues motrices, 
En excellent état. Service nettoyage climatisastion complète vient d&apos;être fait. Vente à regret, plus l&apos;utilité de cette voiture car je n&apos;utilise plus que mon autre voiture préparé course et slalom. 
Quasi toutes options. Avec 4 roues été Alu 18 pouces et 4 roue hiver en pneu continental Expertisé Boîte manuel 6 vitesses Très bien entretenue Economique consomme peu même sur trajet de montagne Sièges chauffant, clim bi-zone, GPS + Audi MMI multimedia avec prises Aux et prise connexion pour iPhone, Siège S-line Cuire Alcantara, vitres teintée, Phares Xenon + LED de jour,Avec crochet pour remorque (encore jamais servis). 
Valeur à l&apos;achat + de 60&apos;000Chf 
Echange possible contre : Subaru Gt , Subaru Impreza WRC , STI ect..
</post>
<signature>

</signature>
<external_links>

</external_links>
<country>CH</country>
<main_image>https://can01.anibis.ch/Voitures-de-tourisme-Audi-A3--Quattro-S-Line-2.0-TDI-170ch--4x4,-2010,-/?1024x728/3/90/anibis/137/986/012/tiZk5Q_FZUmNpg4uNFqxtA_1.jpg</main_image>
</document>
