<?xml version="1.0" encoding="UTF-8"?>
<document>
<type>mainstream</type>
<forum>http://anibis.ch//fr/automobiles--4/rssexport.aspx</forum>
<forum_title>Petites annonces Automobiles</forum_title>
<discussion_title>Audi A4, 2008, 107&apos;000 km, 14&apos;900.–</discussion_title>
<language>french</language>
<gmt_offset></gmt_offset>
<topic_url>http://www.anibis.ch/fr/automobiles--4/audi-a4,-2008,-107&apos;000-km,-14&apos;900%e2%80%93--16387968.aspx</topic_url>
<topic_text>
Audi A4, 2008, 107&apos;000 km, 14&apos;900.– Type d&apos;insertion: Cet utilisateur a confirmé son compte avec un numéro de mobile valable. Philippe.uldry Membre depuis le 30.08.2016 Êtes-vous intéressé par cette offre? Ecrivez un message à l’annonceur. Mon nom : Problèmes de contact? 
1) Exemple de calcul: crédit de CHF 10 000.–. Un taux d’intérêt annuel effectif entre 7,95% et 9,95% et une durée de 12 mois engendrent des intérêts totaux entre CHF 421.– et CHF 524.–. Le prêteur est Cembra Money Bank SA, dont le siège est à Zurich. L’octroi d’un crédit est interdit s’il entraîne le surendettement du consommateur. Transmettre l&apos;annonce par e-mail Vous connaissez quelqu&apos;un qui pourrait s&apos;intéresser à cette annonce ? Envoyez lui un e-mail grâce à ce formulaire. Expéditeur :
</topic_text>
<spam_score>0.00</spam_score>
<post_num>1</post_num>
<post_id>post-1</post_id>
<post_url>http://www.anibis.ch/fr/automobiles--4/audi-a4,-2008,-107&apos;000-km,-14&apos;900%e2%80%93--16387968.aspx</post_url>
<post_date>20160830</post_date>
<post_time>1509</post_time>
<username></username>
<post>
Audi A4, 2008, 107&apos;000 km, 14&apos;900.– Type d&apos;insertion: Cet utilisateur a confirmé son compte avec un numéro de mobile valable. Philippe.uldry Membre depuis le 30.08.2016 Êtes-vous intéressé par cette offre? Ecrivez un message à l’annonceur. Mon nom : Problèmes de contact? 
1) Exemple de calcul: crédit de CHF 10 000.–. Un taux d’intérêt annuel effectif entre 7,95% et 9,95% et une durée de 12 mois engendrent des intérêts totaux entre CHF 421.– et CHF 524.–. Le prêteur est Cembra Money Bank SA, dont le siège est à Zurich. L’octroi d’un crédit est interdit s’il entraîne le surendettement du consommateur. Transmettre l&apos;annonce par e-mail Vous connaissez quelqu&apos;un qui pourrait s&apos;intéresser à cette annonce ? Envoyez lui un e-mail grâce à ce formulaire. Expéditeur :
</post>
<signature>

</signature>
<external_links>

</external_links>
<country>CH</country>
<main_image>https://can01.anibis.ch/Voitures-de-tourisme-Audi-A4,-2008,-107000-km,-14900.–/?1024x728/3/90/anibis/968/387/016/C3gRfrv-oE-vmvgD5bAUPw_1.jpg</main_image>
</document>
