<?xml version="1.0" encoding="UTF-8"?>
<document>
<type>mainstream</type>
<forum>http://info.sibnet.ru/data/last.rss</forum>
<forum_title>Sibnet: Новости</forum_title>
<discussion_title>Неуязвимый истребитель будущего создадут в США</discussion_title>
<language>russian</language>
<gmt_offset></gmt_offset>
<topic_url>http://info.sibnet.ru/article/493207/</topic_url>
<topic_text>
Фото : gvgoebel / Attribution-ShareAlike License Работы над истребителем будущего стартовали в США — в настоящее время начинается проектный анализ, который ведется «Совместной группой по исследованию проблем завоевания господства в воздухе в 2030 году» на авиабазе Райт-Паттерсон. 
Подняться в воздух самолет под кодовым именем NGAD сможет не ранее 2040 года, пишет Defense News . Однако его создание можно форсировать за счет параллельного проектирования бортовых систем и широкого использования моделирования, отмечает специалисты. Российский «истребитель-невидимка» попал на видео 
«Я думаю, что реалистичные сроки создания истребителя 6-го поколения находятся где-то в районе 2028 года при наличии инвестиций в ключевые области необходимых технологий», —заявил бригадный генерал Алекс Гринкевич, участвующий в программе «Воздушное превосходство – 2030». 
По оценке американских экспертов, ключом к успеху будут одновременные работы в области разработки двигателя, бортового радиоэлектронного оборудования и оружия, которые затем будут интегрированы в истребителе будущего. 
При этом аналитики признают, что создать новую машину на базе многоцелевых истребителей Lockheed Martin F-22 Raptor и F-35 Lightning II будет невозможно, так как в этом случае она будет слишком сильно отставать от российских аналогов. 30 августа 2016, 20:32 НСК источник:
</topic_text>
<spam_score>0.00</spam_score>
<post_num>1</post_num>
<post_id>post-1</post_id>
<post_url>http://info.sibnet.ru/article/493207/</post_url>
<post_date>20160830</post_date>
<post_time>1332</post_time>
<username></username>
<post>
Фото : gvgoebel / Attribution-ShareAlike License Работы над истребителем будущего стартовали в США — в настоящее время начинается проектный анализ, который ведется «Совместной группой по исследованию проблем завоевания господства в воздухе в 2030 году» на авиабазе Райт-Паттерсон. 
Подняться в воздух самолет под кодовым именем NGAD сможет не ранее 2040 года, пишет Defense News . Однако его создание можно форсировать за счет параллельного проектирования бортовых систем и широкого использования моделирования, отмечает специалисты. Российский «истребитель-невидимка» попал на видео 
«Я думаю, что реалистичные сроки создания истребителя 6-го поколения находятся где-то в районе 2028 года при наличии инвестиций в ключевые области необходимых технологий», —заявил бригадный генерал Алекс Гринкевич, участвующий в программе «Воздушное превосходство – 2030». 
По оценке американских экспертов, ключом к успеху будут одновременные работы в области разработки двигателя, бортового радиоэлектронного оборудования и оружия, которые затем будут интегрированы в истребителе будущего. 
При этом аналитики признают, что создать новую машину на базе многоцелевых истребителей Lockheed Martin F-22 Raptor и F-35 Lightning II будет невозможно, так как в этом случае она будет слишком сильно отставать от российских аналогов. 30 августа 2016, 20:32 НСК источник:
</post>
<signature>

</signature>
<external_links>

</external_links>
<country>RU</country>
<main_image>http://info.sibnet.ru/article/493207/ni/493/493207w_1472565130.jpg</main_image>
</document>
