<?xml version="1.0" encoding="UTF-8"?>
<document>
<type>mainstream</type>
<forum>http://www.jasarat.org/feed</forum>
<forum_title>Jasarat Newspaper English</forum_title>
<discussion_title>President urges AJK govt to ensure basic facilities for public</discussion_title>
<language>english</language>
<gmt_offset></gmt_offset>
<topic_url>http://www.jasarat.org/2016/08/30/president-urges-ajk-govt-to-ensure-basic-facilities-for-public/</topic_url>
<topic_text>
  President urges AJK govt to ensure basic facilities for public By APP   8:02 PM ISLAMABAD: President Mamnoon Hussain on Tuesday urged upon the Azad Jammu and Kashmir government to focus on providing all basic facilities to the people and improve their living standard. Talking to AJK Prime Minister Raja Muhammad Farooq Haider Khan here at the Aiwan-e-Sadr, the President emphasized on ensuring good governance and transparency in carrying out all development projects and their timely completion. President Mamnoon Hussain reiterated Pakistan’s continued diplomatic, political and moral support to the oppressed Kashmiris in their struggle against foreign occupation. Strongly condemning the ongoing Indian brutalities in the held-Kashmir, the President said Pakistan would continue to use diplomatic channel to draw the attention of the international community towards grave human rights violations by the Indian security forces. The President stressed that peace would remain elusive in the region unless the decades old issue of Kashmir was resolved. The President congratulated Raja Muhammad Farooq Haider Khan on his election as Prime Minister of AJK and hoped that under his sagacious leadership, the newly elected public representatives would work with dedication for the well being of the people. The President expressed his satisfaction at the successful holding of recent election in AJK and smooth transition of power to the next elected government. The AJK Prime Minister apprised President Mamnoon Hussain about various development initiatives expressed commitment to work devotedly for the welfare of the people of the region.
</topic_text>
<spam_score>0.00</spam_score>
<post_num>1</post_num>
<post_id>post-1</post_id>
<post_url>http://www.jasarat.org/2016/08/30/president-urges-ajk-govt-to-ensure-basic-facilities-for-public/</post_url>
<post_date>20160830</post_date>
<post_time>1502</post_time>
<username>APP</username>
<post>
  President urges AJK govt to ensure basic facilities for public By APP   8:02 PM ISLAMABAD: President Mamnoon Hussain on Tuesday urged upon the Azad Jammu and Kashmir government to focus on providing all basic facilities to the people and improve their living standard. Talking to AJK Prime Minister Raja Muhammad Farooq Haider Khan here at the Aiwan-e-Sadr, the President emphasized on ensuring good governance and transparency in carrying out all development projects and their timely completion. President Mamnoon Hussain reiterated Pakistan’s continued diplomatic, political and moral support to the oppressed Kashmiris in their struggle against foreign occupation. Strongly condemning the ongoing Indian brutalities in the held-Kashmir, the President said Pakistan would continue to use diplomatic channel to draw the attention of the international community towards grave human rights violations by the Indian security forces. The President stressed that peace would remain elusive in the region unless the decades old issue of Kashmir was resolved. The President congratulated Raja Muhammad Farooq Haider Khan on his election as Prime Minister of AJK and hoped that under his sagacious leadership, the newly elected public representatives would work with dedication for the well being of the people. The President expressed his satisfaction at the successful holding of recent election in AJK and smooth transition of power to the next elected government. The AJK Prime Minister apprised President Mamnoon Hussain about various development initiatives expressed commitment to work devotedly for the welfare of the people of the region.
</post>
<signature>

</signature>
<external_links>

</external_links>
<country>DE</country>
<main_image>http://www.jasarat.org/wp-content/uploads/2016/08/President-2.jpg</main_image>
</document>
