<?xml version="1.0" encoding="UTF-8"?>
<document>
<type>mainstream</type>
<forum>http://feeds.benzinga.com/benzinga</forum>
<forum_title>Benzinga - Stock Market Quotes, Business News, Financial News, Trading Ideas, and Stock Research by Professionals</forum_title>
<discussion_title>Broadcom&apos;s Q3 Should At Least Meet Expectations, Says D.A. Davidson</discussion_title>
<language>english</language>
<gmt_offset></gmt_offset>
<topic_url>http://www.benzinga.com/analyst-ratings/analyst-color/16/08/8405205/broadcoms-q3-should-at-least-meet-expectations-says-d-a-</topic_url>
<topic_text>
Manikandan Raman , Benzinga Staff Writer {{following ? &quot;Following&quot; : &quot;Follow&quot;}} August 30, 2016 11:13am Comments Share:
</topic_text>
<spam_score>0.00</spam_score>
<post_num>1</post_num>
<post_id>post-1</post_id>
<post_url>http://www.benzinga.com/analyst-ratings/analyst-color/16/08/8405205/broadcoms-q3-should-at-least-meet-expectations-says-d-a-</post_url>
<post_date>20160830</post_date>
<post_time>1513</post_time>
<username>Manikandan Raman</username>
<post>
Manikandan Raman , Benzinga Staff Writer {{following ? &quot;Following&quot; : &quot;Follow&quot;}} August 30, 2016 11:13am Comments Share:
</post>
<signature>

</signature>
<external_links>

</external_links>
<country>US</country>
<main_image>http://cdn2.benzinga.com/files/imagecache/bz2_opengraph_meta_image_400x300/images/story/2012/apple-490485_1920_1.jpg</main_image>
</document>
