<?xml version="1.0" encoding="UTF-8"?>
<document>
<type>mainstream</type>
<forum>http://www.taz.de/rss.xml</forum>
<forum_title>taz.de - taz.de</forum_title>
<discussion_title>Kolumne Habibitus: Die Islamisierung des Hinterns</discussion_title>
<language>german</language>
<gmt_offset></gmt_offset>
<topic_url>http://www.taz.de/Kolumne-Habibitus/!5330884/</topic_url>
<topic_text>
Viele Kanaken erinnern sich an die Fragen von Almans, die nach dem Toilettengang bei ihnen Zuhause gerne wissen wollten, warum eigentlich eine Gießkanne neben dem Klo stünde. Viele von uns waren damals zu assimiliert für die Wahrheit und behaupteten, sie wäre für die Pflanzen bestimmt und stünde im Bad, weil dort der Wasserhahn war, kristallklar von Logistik-Logik her. Ich habe mich nicht getraut, ihnen zu sagen, dass das Ding namens „aftabeh“ dafür da ist, dass wir uns nach jedem Klogang mit Wasser waschen. Manche unserer Familienfreund_innen gingen sogar den Extrakilometer des Komforts und montierten kleine Wasserschläuche neben dem Klo, um sich lästiges Auffüllen zu sparen. Oft waren diese allerdings schlecht installiert und leakten. Ich wusste nie, ob Kanakenbadezimmer deswegen oft nasse Böden hatten oder weil wer beim Wud’u, dem Waschen vor dem Gebet, einfach fahrlässig mit dem Wasserstrahl des Waschbeckens um sich gespritzt hatte.
Die Regel war jedenfalls: Ohne Plastikschlappen betrat man kein Badezimmer. Hipster-Almans können mit ihrem Normcore-Style noch so sehr versuchen, sich Adiletten zu eigen zu machen, sie sind und bleiben die Signatur des Kanaken-Badezimmer-Looks. Ist einfach so.
Auf Reisen nahmen wir immer PET-Flaschen mit aufs Klo, unser aftabeh-2-go quasi. Auch heute noch ein obligatorischer Tascheninhalt für mich. Das war jedoch nicht immer so. Als ich frisch von Zuhause ausgezogen war und in unterschiedlichen Wohngemeinschaften mit Almans lebte, assimilierte ich mich an deren Klopapierpolitik. Ich fühlte mich in der Zeit immer unterschwellig dreckig.
Was ist das für 1 Lifestyle? Mir wurde auch bewusst, wie viel Papier verbraucht wird, wenn mehr als zwei Blätter pro Person pro Klogang benutzt werden. In meiner Drei-Personen-WG wurde fast eine Rolle pro Tag verbraucht. Ich finde das exzessiv. Liebe Almans, was ist das für 1 verschwenderischer Lifestyle? Kennt ihr Umweltschonung?
Die Papierindustrie schlägt natürlich viel Profit aus dieser Norm. DarkMatter, ein queeres Performance-Duo, sagten treffend: „Wenn wieder jemand fragt, wer den Regenwald zerstört, dann lautet die Antwort: weiße Arschlöcher!“
Jedes Mal, wenn 1 Alman behauptet, Ausländer seien dreckig, frag ich mich, in welchem Tunnel diese Person steckt. Weil ich weiß ganz genau, dass die Person mit großer Wahrscheinlichkeit nicht mal feuchtes Klopapier benutzt. Hat sie aus Geschichte nicht gelernt? Weiß sie nicht, was da los war bei Mittelalter und diese Pest? Was ist das für 1 Hygieneverständnis? Wenn ich irgendwo auf der Haut mit Scheiße beschmiert bin, tupfe ich es doch nicht nur sanft mit einem Tempo ab und erkläre den Job für erledigt! Nicht mal bei meinen Schuhen, eher würde ich sie verbrennen.
Meine Schwester ist seit Jahren auf einer Mission, sie ist eine absolute Gießkannen-Agentin. Allen ihren Freund*innen, die sich nur mit Klopapier abwischen, legt sie das Wasser ans Herz. Beziehungsweise an den Anus. Alle, die sich darauf einließen, sind ihr für das neue Lebensgefühl dankbar. Wir gönnen uns einfach hart von Islamisierung des Hinterns her.
  Gesellschaft Kolumnen 29. 8. 2016 Kolumne von Hengameh Yaghoobifarah Themen Kolumne Habibitus Toiletten Klopapier Hygiene mehr zum Thema Kolumne Habibitus Toiletten Klopapier Hygiene Artikel zum Thema Kolumne Habibitus Von Beyoncé lernen Kolumne Habibitus Sachlichkeit ist für Lauchs Kolumne Habibitus Wallah, Jörgie, mach nicht so!   Kolumne Lügenleser Burkinis für Brandenburg Kolumne Habibitus Die Islamisierung des Hinterns Kolumne Deutschland, was geht? Im Getränkekeller Die Woche Wie geht es uns, Herr Küppersbusch? Kolumne Macht Dieser Kandidat lügt mehr von Hengameh Yaghoobifarah Shop Ob Gewürze, Kräuter oder anderes Grünzeug – in unseren zeitlos schönen Apothekergläsern lässt sich Erntegut wasserdicht, lichtgeschützt und aromasicher lagern. 
Jetzt bestellen   
Leserkommentare Ebu Davud 30. 08. 2016, 13:58 Übung macht den Meister ;)
antworten melden Brigitte Sanders 30. 08. 2016, 11:17 Angesichts der Wirkung der Schwerkraft frage ich mich, in welcher Körperstellung dass Wasser aus der Gießkanne den Hintern reinigen soll. ich komme nicht drauf, ohne mir eine Riesenschweinerei auf dem Boden votzustellen, die dann, mit Aufnehmer oder Papier, wieder entfernt werden muss.
Wasser sparen kann auch gut sein ...
antworten melden Wuff 30. 08. 2016, 14:44 @Brigitte Sanders Sie brauchen Aufklärung, wie man Hygiene betreibt? Das kann ich nicht glauben. Sie sind doch nicht erst gestern geboren, oder? ;-)
antworten melden Dhimitry 30. 08. 2016, 09:59 Nehmen Sie feuchtes Toilettenpapier, dann haben Sie das Beste aus beiden Welten!
antworten melden Narrenfell 30. 08. 2016, 09:34 ...und dann greifen alle danach zur Kanne? Die Plastikgießkanne mit dem braunen Griff? Was man nicht sieht ist aber wohl gefährlicher.
antworten melden Torsten Rellinghausen 30. 08. 2016, 11:26 @Narrenfell Ich dachte ihr Schließmuskel könnte alleine.... sie pulen das heraus?
antworten melden Lowandorder 30. 08. 2016, 09:31 &quot;… dass das Ding namens „aftabeh“ dafür da ist, dass wir uns nach jedem Klogang mit Wasser waschen.…&quot;

Dabei hätte aus der - ja genau -
Deutschen Geschichte - &amp; der traditionellen deutsch-türkischen Freundschaft - Längst &amp; arschklar Die passenden Schlüsse - nunja Gezogen werden können.

Klar - SM - seine Majestät - 
Kaiser Wilhelm -
Die innovative Kraft seiner Zeit - 
Der wars! Arschklar!

Schonn - jedenfalls seine Kanonenbootpolitik - prä WK I.
Die wars - In Schuld!
Denn eins von diesen Deutschen Schlachtschiffen, Schlachtkreuzern oder Panzerschiffen machte zu freundlichem Besuch an der Pier in Istanbul fest &amp; es entstand gemäß Deutscher Großmannssucht - 
(&quot;Wir sind wieder wer!&quot; - 
Da hats Gerd her!) - entstand -

Der Wunsch nach einer beeindruckenden Demonstration Deutscher Freundschaft,
Was lag näher als ein 
&quot;Dreifaches Hipp Hipp Hurra!&quot;
Der längs der Reling angetretenen
Mannschaft. 
Klar mit einem deftigen 
Prosit - Wohl bekomm es Euch!
Auf das kemalistisch-türkische Volk. 
Allein es fehlte an ausreichend Vielzähligen Trinkgefäßen!;()

kurz - Lange Zeit konnten sich die 
Marineoffiziere nicht erklären -
Warum der Toast auf das 
Stolze Türkische Volk - 
Mittels der in den Souks für kleines Geld erworbenen Behältnisse - 
Ein derart homerisches Gelächter 
Bei dem vielzählig erschienen Türkischen Verbündeten auslöste! Fraumann hielten sich die Bäuche vor Lachen! 

Ja - manches geht schlicht verloren!
Verpufft - ohne Lerneffekte!
Trocken - Feucht - Hakle - aftabeh;)
Schade eigentlich!
antworten melden Louis Alz 30. 08. 2016, 00:12 Um mal auf ihr Beispiel zurückzukommen: &quot;Was ist das für 1 Hygieneverständnis? Wenn ich irgendwo auf der Haut mit Scheiße beschmiert bin, tupfe ich es doch nicht nur sanft mit einem Tempo ab und erkläre den Job für erledigt! Nicht mal bei meinen Schuhen, eher würde ich sie verbrennen&quot;. Sie würden es mit Wasser übergiessen und dann mit der blossen Hand abwischen? Und wie kriegen Sie ihre Hand sauber? Das halten Sie für hygienischer und ästhetisch ansprechender? Wussten Sie, dass 1 Gramm Stuhl 100 Milliarden Bakterien enthält? Das ist zwar ihre natürliche Darmflora, aber das heisst noch lange nicht, dass dieses Gemisch auch für ihre Nachbarn bekömmlich ist. Unsere Chirurgen haben mal eine Untersuchung gemacht, dass trockenes Klopapier zwar eine Barriere für diese Keime darstellt, aber immer noch soviel durchkommen, dass erst 9 Lagen übereinander auf der anderen Seite absolute Keimfreiheit erzeugen. Macht man das Papier nass, wird die Barrierefunktion komplett aufgehoben. Das nennt man eine &quot;feuchte Brücke&quot;. Keime, die auf ihren Händen kleben, kriegen Sie durch einfaches Waschen ohne Seife nicht wieder weg. Mit Seife und echter Reinigung wird es besser, noch besser ist dann desinfizieren. Dass das besser sein soll, als trockene Papierhygiene mit Wegwerfpapier, das könnenSie jedem erzählen, aber nicht mir.
antworten melden Quick Name 29. 08. 2016, 22:02 Gießkanne! Na, klar. Hab mich auf Asienreisen immer über die Schläuche und die tatsächlich unvergleichliche Reinheit gefreut.
Bye Bye Klabusterbeeren und Kanalpumpen verklumpende Feuchttücher. Ärschlich willkommen noch saubererer Anus.
antworten melden Marius 29. 08. 2016, 21:07 Sorgt sich die Autorin wirklich um Regenwälder, die vermeintlich von weißen Arschlöchern abgeholzt werden? Oder geht es ihr vielmehr um eine Salve gegen Menschen mit anderer Hautfarbe? Fällt ihr nichts besseres ein als der Bereich der Analhygiene, was man auf der Seite der &apos;Kanaken&apos; verbuchen könnte? Wenn es mit Umweltbewusstsein begründet sein soll, warum sind Kairo und Teheran so stinkende Molochs und warum basiert die Wirtschaft anderer islamischer Länder der Region auf Öl? Wäre diese Kolumne in der &apos;Bild&apos; nicht besser aufgehoben, wo es mehr Sinn machen würde, Rassismus mit Gegenrassismus zu vergelten?
antworten melden Mustardman 29. 08. 2016, 23:16 @Marius Seien Sie doch mal locker. So wird das nix.
antworten melden Ulrich Stähle 29. 08. 2016, 20:59 Also mein Tipp zu dem Thema: ein Dusch-Klo. Ein in den Toilettensitz eingebaute Dusche. Einfache Versionen sind nicht besonders teuer. Da wird von unten erwärmtes Wasser gesprüht. Nix mit den Händen, sehr angenehm und ein sehr sauberes Gefühl. Man muss auch keine neue Technik erlernen und das Badezimmer wird auch nicht überflutet.
antworten melden DEIN CHEF 29. 08. 2016, 20:41 Ja, nun: Gießkanne in Verbindung mit Waschlappen wäre diskutabel.
antworten melden Waage69 29. 08. 2016, 19:24 Kenne ich - die Technik. Nun ja, hat alles Vor- und Nachteile.
antworten melden Mustardman 29. 08. 2016, 19:03 Danke für den Artikel! Das mit dem Wasser oder/und dem Papier ist so ein Culture Clash, an dem man wunderbar die Mechaniken der Polarisierung, aber auch die Vorzüge des vornehmen Schweigens analysieren kann. Denn: Sowohl das Reinigen mit Wasser als auch das mit Papier will gelernt sein und wer nur das eine kennt und dann das andere probiert, überträgt seine Unbeholfenheit sehr leicht auf den anderen und denkt sich &quot;wie können die nur so bekloppt sein?&quot;. Dabei ist man selber nur ratlos.

Und zweitens: Erstmal nicht weiter drüber reden und diskret das tun, was einem richtig erscheint und womit man gross geworden ist, ist so verkehrt gar nicht. Diskretion ist auch eine Kulturtechnik. Auf der Toilette sieht einem selten jemand zu.
antworten melden the real günni 29. 08. 2016, 19:01 mal die kirche im dorf lassen hier. ich bin atheist und wehre mich gegen diese verumglimpfung einerseits, und gegen die vereinnahmung eines sauberen afters durch die juenger allahs. alles schoen und gut, soll jeder einen sauberen anus haben, aber die megachristen im rom machen das auch schon immer, und die franzosen mit ihrem bidet, und die griechen wohl auch, die hinduistischen inder und sowieso die halbe welt. 
trotzdem danke fuer diesen artikel, und ich bleibe dabei: anus und religion sind einfach privatsache!
antworten melden Brigitte Sanders 30. 08. 2016, 11:53 @the real günni hahaha, selten so gelacht.
antworten melden jhwh 29. 08. 2016, 18:04 Bin vor einiger Zeit mal mit einer Fischvergiftung auf einem sehr türkischen Campingplatz am Marmara Meer gestrandet. Das Klo (Singular) war eine fensterloser kleiner Raum mit einem Loch im Boden neben dem ein Plastik-Aftabeh stand. Ich will nicht in die Details gehen aber das Aftabeh und ich wurden keine Freunde, obwohl ich viel Gelegenheit zum Üben hatte. Der Eigentümer des Platzes meinte, jetzt würde ich verstehen, warum in islamischen Ländern die linke Hand als unrein gilt (aber vielleicht wollte er mich nur auf den Arm nehmen).
Zur Lektüre: http://iranian.com/S...4/December/PMS/ 
antworten melden Mustardman 29. 08. 2016, 19:11 @jhwh Ich bin mal bei einem Inder sehr angeeckt, als er mir genau so erklärt hat, warum man mit der linken Hand nicht isst und ich darauf nur sagen konnte &quot;Also, ICH wasche mir nach dem Toilettengang einfach die Hände, dann kann ich mit beiden Händen essen&quot; (War natürlich nur ein Witz, ich nehme auf sowas genau Rücksicht wie ich beim Japaner die Stäbchen nach dem Essen nicht in die Schüssel stecke, sondern sie flach drauflege).

Aber klar, das sind Dinge, die aus einer Zeit kommen, aus der Händewaschen vielleicht gar nicht so einfach war.
antworten melden Lena WC 29. 08. 2016, 17:11 Danke für den Einstieg, aber ich brauche noch mehr Aufklärung, um das nachmachen zu können:
Wie genau macht man sich mit dem Wasser den Arsch sauber? Muss man dann nicht die Hände zur Hilfe nehmen, aka sich mit den Finger den Po auswischen? Ist das nicht sehr eklig?
antworten melden Brigitte Sanders 30. 08. 2016, 11:56 @Lena WC Sie brauchen Aufklärung, wie man Hygiene betreibt? Das kann ich nicht glauben. Sie sind doch nicht erst gestern geboren, oder? ;-)
antworten melden Jürgen Decker 30. 08. 2016, 12:09 @Brigitte Sanders Na ja, man muß halt die Menschen dort &quot;abholen&quot;, wo sie gerade stehen... ;-)
antworten melden Brigitte Sanders 30. 08. 2016, 14:18 @Jürgen Decker na wenn&apos;s scheee macht ... ;-)
antworten melden humankapitalanlageberater 29. 08. 2016, 17:33 @Lena WC Man braucht die Finger/Hand dafür. Ist aber nicht eklig, weil direkt alles weggespült wird. Danach mit Seife Händewaschen, wie ja nach dem Papiergebrauch auch.
antworten melden fly 29. 08. 2016, 16:23 Jetzt ist Weltwasserwoche. 
Da fragt man sich, was es bringt, eine Ressource gegen die andere auszutauschen. Und ob wirklich weisse A.. für den Schwund des Tropenwalds zuständig sind. Abgesehen davon finde ich die Aussicht auf einen schwimmenden Badboden, den man nur mit Plastik (nächste Ressource) betreten kann, äußerst befremdlich. 
Das Gute zu Schluss: ja, es gibt Kompostklos. Ja, es gibt Luxusklos, die einem ohne Überschwemmung den HIntern waschen.
antworten melden mwanamke 29. 08. 2016, 16:43 @fly Von wegen: &quot;eine Ressource gegen die andere aus(zu)tauschen&quot;... Vielleicht mal nachrechnen, wie viel Wasser verbraucht wird bei der Klopapier-Herstellung und ob dieses, wie die Abwässer in deutschen Großstädten, wiederaufbereitet werden kann. Was die Plastiklatschen betrifft - okay, aber da wären auch durchaus Alternativen denkbar.
antworten melden Picard 29. 08. 2016, 15:52 Reinigung per Gießkann, kann ich mir so nicht vorstellen. Sind nicht doch irgendwie die Hände oder ein Lappen, oder einfach dreckiges Almans Klopapier notwendig?
antworten melden jhwh 29. 08. 2016, 18:15 @Picard ... kein Lappen und kein Klopapier ...
antworten melden popo 29. 08. 2016, 15:47 Was für ein weltfremder Kommentar!
Schon mal von Indien gehört? oder Japan?
Und die Giesskanne is doch eh ein Witz. Wenn man schon mit dem Argument Umweltfreundlichkeit kommt, dann doch bitte nen Schlauch, mit a bissl Druck hinter.
Uebrigens, gibt&apos;s solche Dinger auch: https://de.wikipedia.org/wiki/Bidet 

Als kleinen Tipp für die Schreiberin: in Zukunft bitte ein bisschen weniger Rassismus und mehr Weltoffenheit, des hilft oft Wunder!
antworten melden Nobodys Hero 30. 08. 2016, 09:43 @popo wo genau finden Sie denn Rassismus im Artikel?? :O

BTW: den Nick finde ich überaus passend für den Artikel! ;)
antworten melden Jim Hawkins 29. 08. 2016, 15:10 Nur mit Wasser kann man dasselbe Ergebnis erzielen?
antworten melden humankapitalanlageberater 29. 08. 2016, 17:28 @Jim Hawkins Sogar besser für die Haut, weil weicher als Papier. Gründlicher und schneller ist es auch.
antworten melden DEIN CHEF 29. 08. 2016, 20:44 @humankapitalanlageberater Gründlicher? Mit Hochdruckdüse, ja. Mit Gießkanne wohl kaum - es sei denn, man lege zusätzlich Hand an, aber dann ist die beschmutzt.
antworten melden Mustardman 29. 08. 2016, 19:20 @humankapitalanlageberater War es nicht Jean Pütz, der mal eine ganze Po-Sendung gemacht hat und dabei genau das Waschen mit Wasser gegen alle möglichen Anus-Beschwerden (Jucken etc.) empfohlen hat? Und er hat völlig recht, denn wenn man dort mit dem Papier zu ungeschickt unterwegs ist, reibt man sich die Haut wund und dort die Sch*ße rein.

Dass man unbedingt Seife zum Waschen braucht, ist auch so ein Gerücht.

Aber: Wer weiß was er tut, wird mit Papier auch unbeschadet sauber und wer nicht weiß was er tut, stellt nur mit Wasser eine entsetzliche Sauerei an...

(Wie weit ist es eigentlich gekommen, dass ich gerade denken muss &quot;endlich mal ein unverfänglicher Artikel&quot;?)
antworten melden Jim Hawkins 29. 08. 2016, 18:04 @humankapitalanlageberater Einen Versuch wäre es wohl wert.

In der Toilette der Moschee an der Skalitzer Straße ist übrigens an jedem Pissoir so ein kleiner Schlauch mit Hahn angebracht. Dieses Phänomen wäre somit auch geklärt.
antworten melden jetzt mitreden Ihren Kommentar hier eingeben
      Bundeskanzlerin Angela Merkel Die Verwandlung
</topic_text>
<spam_score>0.00</spam_score>
<post_num>7</post_num>
<post_id>post-7</post_id>
<post_url>http://www.taz.de/Kolumne-Habibitus/!5330884/#bb_message_3404737</post_url>
<post_date>20160830</post_date>
<post_time>1126</post_time>
<username>Torsten Rellinghausen</username>
<post>
@Narrenfell Ich dachte ihr Schließmuskel könnte alleine.... sie pulen das heraus?
</post>
<signature>

</signature>
<external_links>

</external_links>
<country>DE</country>
<main_image>http://www.taz.de/picture/1430643/948/klo.jpeg</main_image>
</document>
