<?xml version="1.0" encoding="UTF-8"?>
<document>
<type>mainstream</type>
<forum>http://digitalintellectuals.hypotheses.org/category/dariah/feed</forum>
<forum_title>DARIAH – Digital Intellectuals</forum_title>
<discussion_title>Thinking &amp; drafting &amp; drafting &amp; drafting</discussion_title>
<language>english</language>
<gmt_offset></gmt_offset>
<topic_url>https://digitalintellectuals.hypotheses.org/2987</topic_url>
<topic_text>
· Updated August 30, 2016 
In the midst of developing work on the Data Re-Use Charter I mentioned in the previous post , I am discovering a new way of developing ideas, which does not involve taking notes, reading long books, and writing complex argumentations. While the first idea of the Charter was tending towards a final product that would be a one-page paper one can physically sign, it soon evolved towards a web page, and then towards a modulable web page. On this web page, each of the different actors invited to join in the Charter partnership has to sign in and then select the blocks of text he/she wants to be identified with. Developing the Charter and its elements means developing a web page with bifurcations and options, trying to find a balance between transparency of interface structure and freedom of expression. Like my last post showed, this means going through a series of use cases. But it means also finding a strong theme and a way of presenting it that will lead the user through the different modules he/she has to pick from. 
Since I am staying in Paris this week, I have the pleasure to work on this in close cooperation with Dorian Seillier, who is developing the interface prototype (together with the rest of the team at the office at Inria Paris where we endured the heatwave in perfect coolness last week). I gave Dorian concrete text blocks or image ideas to start developing, and this turned out to be more iterative than I first thought. It took me a few days to find a balance between not too much text and not too cryptic images for him to work with. 
At first, I have been filling pages with isolated words as if this puzzle game could generate meaning: Working with keywords – in list shape 
Together with the webpage, we are also working on a poster on the same topic, which gave me an occasion to try and structure my keywords: First poster draft 
This looked pretty nice when structured properly in a clean digital format. At that point, I was pretty happy about my idea to intertwine the five key actors in 5 olympic rings, until we discovered the re-use conditions of olympic ring-related image (The French version of the Olympic Rings image re-use conditions sounds much more discouraging than the English version , but since we came across the French version first, we decided to stay cautious and abandoned this idea). Now that this option is off the table, we are considering other metaphorical registers, other shapes. 
I came up with a cereal motive today: Cereal motive 
While I am learning to structure my thoughts with much less text than usual, I am also learning a lot about the behaviour of internet users, from a design point of view. What do you need on a homepage, how can you structure it, where does it make sense to introduce bifurcations for each user to be able to find his/her path. Once you start seeing web pages from this point of view, similarities in structure are really striking. 
What is also striking me about drafting a web interface is how the relationship between abstract concept and concrete elaboration is so hard to grasp when you are used to draft a paper structure and then write paragraphs according to that plan. The linearity is more subterranean, and emerges from the work on the surface aspects. In terms of heuristics, it certainly opens new horizons to me. 
It still won’t make my drawing skills better, alas.   You may also like...
</topic_text>
<spam_score>0.00</spam_score>
<post_num>1</post_num>
<post_id>post-1</post_id>
<post_url>https://digitalintellectuals.hypotheses.org/2987</post_url>
<post_date>20160830</post_date>
<post_time>1501</post_time>
<username>Anne Baillot</username>
<post>
· Updated August 30, 2016 
In the midst of developing work on the Data Re-Use Charter I mentioned in the previous post , I am discovering a new way of developing ideas, which does not involve taking notes, reading long books, and writing complex argumentations. While the first idea of the Charter was tending towards a final product that would be a one-page paper one can physically sign, it soon evolved towards a web page, and then towards a modulable web page. On this web page, each of the different actors invited to join in the Charter partnership has to sign in and then select the blocks of text he/she wants to be identified with. Developing the Charter and its elements means developing a web page with bifurcations and options, trying to find a balance between transparency of interface structure and freedom of expression. Like my last post showed, this means going through a series of use cases. But it means also finding a strong theme and a way of presenting it that will lead the user through the different modules he/she has to pick from. 
Since I am staying in Paris this week, I have the pleasure to work on this in close cooperation with Dorian Seillier, who is developing the interface prototype (together with the rest of the team at the office at Inria Paris where we endured the heatwave in perfect coolness last week). I gave Dorian concrete text blocks or image ideas to start developing, and this turned out to be more iterative than I first thought. It took me a few days to find a balance between not too much text and not too cryptic images for him to work with. 
At first, I have been filling pages with isolated words as if this puzzle game could generate meaning: Working with keywords – in list shape 
Together with the webpage, we are also working on a poster on the same topic, which gave me an occasion to try and structure my keywords: First poster draft 
This looked pretty nice when structured properly in a clean digital format. At that point, I was pretty happy about my idea to intertwine the five key actors in 5 olympic rings, until we discovered the re-use conditions of olympic ring-related image (The French version of the Olympic Rings image re-use conditions sounds much more discouraging than the English version , but since we came across the French version first, we decided to stay cautious and abandoned this idea). Now that this option is off the table, we are considering other metaphorical registers, other shapes. 
I came up with a cereal motive today: Cereal motive 
While I am learning to structure my thoughts with much less text than usual, I am also learning a lot about the behaviour of internet users, from a design point of view. What do you need on a homepage, how can you structure it, where does it make sense to introduce bifurcations for each user to be able to find his/her path. Once you start seeing web pages from this point of view, similarities in structure are really striking. 
What is also striking me about drafting a web interface is how the relationship between abstract concept and concrete elaboration is so hard to grasp when you are used to draft a paper structure and then write paragraphs according to that plan. The linearity is more subterranean, and emerges from the work on the surface aspects. In terms of heuristics, it certainly opens new horizons to me. 
It still won’t make my drawing skills better, alas.   You may also like...
</post>
<signature>

</signature>
<external_links>

</external_links>
<country>FR</country>
<main_image></main_image>
</document>
