<?xml version="1.0" encoding="UTF-8"?>
<document>
<type>mainstream</type>
<forum>http://www.jasarat.org/feed</forum>
<forum_title>Jasarat Newspaper English</forum_title>
<discussion_title>SC adjourns suo-moto case regarding illegal transplantation of human organs</discussion_title>
<language>english</language>
<gmt_offset></gmt_offset>
<topic_url>http://www.jasarat.org/2016/08/30/sc-adjourns-suo-moto-case-regarding-illegal-transplantation-of-human-organs/</topic_url>
<topic_text>
  SC adjourns suo-moto case regarding illegal transplantation of human organs By APP   7:50 PM ISLAMABAD: The Supreme Court on Tuesday adjourned hearing of the suo-moto case regarding illegal transplantation of human organs till first week of October. The division bench of the apex court comprising Chief Justice Anwar Zaheer Jamali and Justice Qazi Faiz Essa heard the case and issued notices to respondents on application filed by Al-Syed Hospital Rawalpindi against law enforcing institutions for harassing hospital administration on the name of court orders. The chief justice remarked that the court had not issued any order for taking action against anyone. Advocate Aslam Khaki counsel for Al-Syed Hospital appeared before the court and alleged that police and other investigation agencies were harassing his client. He said that police was harassing his client on the name of court orders. He pleaded the court to issue orders for stoppage of investigation by police and other investigation institutions. On which the chief justice remarked that neither the court issued orders for investigation nor it would issue orders for stoppage of any investigation. Chief Justice Anwar Zaheer Jamali remarked that the court had sought report from the government over applications against alleged illegal transplantation of human organs in the country but we had not issued any order for investigation against anyone. Later, the court on the application of Al-Syed Hospital issued notices to Shifa International Hospital, Sheikh Zayed Hospital Lahore and Dr. Adeeb Rizvi and adjourned hearing of the case till first week of October.
</topic_text>
<spam_score>0.00</spam_score>
<post_num>1</post_num>
<post_id>post-1</post_id>
<post_url>http://www.jasarat.org/2016/08/30/sc-adjourns-suo-moto-case-regarding-illegal-transplantation-of-human-organs/</post_url>
<post_date>20160830</post_date>
<post_time>1450</post_time>
<username>APP</username>
<post>
  SC adjourns suo-moto case regarding illegal transplantation of human organs By APP   7:50 PM ISLAMABAD: The Supreme Court on Tuesday adjourned hearing of the suo-moto case regarding illegal transplantation of human organs till first week of October. The division bench of the apex court comprising Chief Justice Anwar Zaheer Jamali and Justice Qazi Faiz Essa heard the case and issued notices to respondents on application filed by Al-Syed Hospital Rawalpindi against law enforcing institutions for harassing hospital administration on the name of court orders. The chief justice remarked that the court had not issued any order for taking action against anyone. Advocate Aslam Khaki counsel for Al-Syed Hospital appeared before the court and alleged that police and other investigation agencies were harassing his client. He said that police was harassing his client on the name of court orders. He pleaded the court to issue orders for stoppage of investigation by police and other investigation institutions. On which the chief justice remarked that neither the court issued orders for investigation nor it would issue orders for stoppage of any investigation. Chief Justice Anwar Zaheer Jamali remarked that the court had sought report from the government over applications against alleged illegal transplantation of human organs in the country but we had not issued any order for investigation against anyone. Later, the court on the application of Al-Syed Hospital issued notices to Shifa International Hospital, Sheikh Zayed Hospital Lahore and Dr. Adeeb Rizvi and adjourned hearing of the case till first week of October.
</post>
<signature>

</signature>
<external_links>

</external_links>
<country>DE</country>
<main_image>http://www.jasarat.org/wp-content/uploads/2016/08/SC1.jpg</main_image>
</document>
