<?xml version="1.0" encoding="UTF-8"?>
<document>
<type>mainstream</type>
<forum>http://newsrss.bbc.co.uk/rss/newsplayer_uk_edition/england/rss.xml</forum>
<forum_title>BBC News - England</forum_title>
<discussion_title>Dead swimmer had warned of water danger</discussion_title>
<language>english</language>
<gmt_offset></gmt_offset>
<topic_url>http://www.bbc.co.uk/news/uk-england-shropshire-37223326</topic_url>
<topic_text>
  Swimmer Nick Thomas warned of open water danger before his death   14:17 BST 
A man who died after trying to swim across the English Channel warned of the dangers of open water swimming just days before his death. 
Nick Thomas, 45, from Ellesmere in Shropshire, gave an interview to BBC Radio Shropshire in which he said swimming in open water was &quot;totally different&quot; to a swimming pool. 
Mr Thomas was pulled unconscious from the sea as he neared the end of the 21-mile endurance feat. Read more
</topic_text>
<spam_score>0.00</spam_score>
<post_num>1</post_num>
<post_id>post-1</post_id>
<post_url>http://www.bbc.co.uk/news/uk-england-shropshire-37223326</post_url>
<post_date>20160830</post_date>
<post_time>1317</post_time>
<username></username>
<post>
  Swimmer Nick Thomas warned of open water danger before his death   14:17 BST 
A man who died after trying to swim across the English Channel warned of the dangers of open water swimming just days before his death. 
Nick Thomas, 45, from Ellesmere in Shropshire, gave an interview to BBC Radio Shropshire in which he said swimming in open water was &quot;totally different&quot; to a swimming pool. 
Mr Thomas was pulled unconscious from the sea as he neared the end of the 21-mile endurance feat. Read more
</post>
<signature>

</signature>
<external_links>

</external_links>
<country>GB</country>
<main_image>http://ichef.bbci.co.uk/news/1024/cpsprodpb/C361/production/_90971005_p0469vd8.jpg</main_image>
</document>
