<?xml version="1.0" encoding="UTF-8"?>
<document>
<type>mainstream</type>
<forum>http://www.loker.web.id/feed/</forum>
<forum_title>Loker.id</forum_title>
<discussion_title>Lowongan Tenaga Teknisi PT.Putra Binaswadaya Perkasa</discussion_title>
<language>indonesian</language>
<gmt_offset></gmt_offset>
<topic_url>http://www.loker.id/teknik/listrik/lowongan-tenaga-teknisi-pt-putra-binaswadaya-perkasa.html</topic_url>
<topic_text>
Beranda &gt; Teknik &gt; Listrik &gt; Lowongan Tenaga Teknisi PT.Putra Binaswadaya Perkasa Lowongan Tenaga Teknisi PT.Putra Binaswadaya Perkasa   Gaji: Negosiasi Industri: Konstruksi Bangunan 
PT.Putra Binaswadaya Perkasa, bergerak di bidang Kontraktor, Distributor Semen dan Pintu Garasi Otomatis, membutuhkan tenaga teknisi yang bisa listrik arus lemah 
Tanggung Jawab Pekerjaan : 
– Fabrikasi dan pemasangan pintu garasi– Servis ke customer untuk produk yang telah terpasang 
Persyaratan Pengalaman : 
Pengalaman minimal 1 tahun di bidang listrik 
Keahlian :
</topic_text>
<spam_score>0.00</spam_score>
<post_num>1</post_num>
<post_id>post-1</post_id>
<post_url>http://www.loker.id/teknik/listrik/lowongan-tenaga-teknisi-pt-putra-binaswadaya-perkasa.html</post_url>
<post_date>20160830</post_date>
<post_time>1505</post_time>
<username>PT.Putra Binaswadaya Perkasa</username>
<post>
Beranda &gt; Teknik &gt; Listrik &gt; Lowongan Tenaga Teknisi PT.Putra Binaswadaya Perkasa Lowongan Tenaga Teknisi PT.Putra Binaswadaya Perkasa   Gaji: Negosiasi Industri: Konstruksi Bangunan 
PT.Putra Binaswadaya Perkasa, bergerak di bidang Kontraktor, Distributor Semen dan Pintu Garasi Otomatis, membutuhkan tenaga teknisi yang bisa listrik arus lemah 
Tanggung Jawab Pekerjaan : 
– Fabrikasi dan pemasangan pintu garasi– Servis ke customer untuk produk yang telah terpasang 
Persyaratan Pengalaman : 
Pengalaman minimal 1 tahun di bidang listrik 
Keahlian :
</post>
<signature>

</signature>
<external_links>

</external_links>
<country>US</country>
<main_image>http://www.loker.id/images/lowi-loker160x132.png</main_image>
</document>
