<?xml version="1.0" encoding="UTF-8"?>
<document>
<type>mainstream</type>
<forum>http://info.sibnet.ru/data/last.rss</forum>
<forum_title>Sibnet: Новости</forum_title>
<discussion_title>Олланд пожалел о введении санкций против России</discussion_title>
<language>russian</language>
<gmt_offset></gmt_offset>
<topic_url>http://info.sibnet.ru/article/493195/</topic_url>
<topic_text>
Олланд пожалел о введении санкций против России Фото: © пресс-служба президента РФ Президент Франции Франсуа Олланд пожалел об ухудшении отношений с Россией и выразил надежду на отмену санкций, об этом политик заявил в ходе выступления перед послами на ежегодной конференции МИД Франции. 
«Украинский кризис оказал влияние на отношения России с европейскими странами. На мой взгляд, ситуация заслуживает сожаления, поскольку она наносит вред всем сторонам, в частности, совместным экономическим проектам из-за санкций. Поэтому мы все заинтересованы в том, чтобы как можно быстрее найти наилучший выход», — цитирует Олланда РИА Новости . 
Политик напомнил, что отношения Франции и России всегда были тесными и надёжными. По его словам, он верит в восстановление отношений с российской стороной после решения украинской проблемы в рамках «нормандского формата». 
Олланд также уточнил, что для восстановления европейского доверия Москва должна помогать Западу в разрешении конфликта в Сирии. 30 августа 2016, 18:42 НСК источник:
</topic_text>
<spam_score>0.00</spam_score>
<post_num>1</post_num>
<post_id>post-1</post_id>
<post_url>http://info.sibnet.ru/article/493195/</post_url>
<post_date>20160830</post_date>
<post_time>1142</post_time>
<username></username>
<post>
Олланд пожалел о введении санкций против России Фото: © пресс-служба президента РФ Президент Франции Франсуа Олланд пожалел об ухудшении отношений с Россией и выразил надежду на отмену санкций, об этом политик заявил в ходе выступления перед послами на ежегодной конференции МИД Франции. 
«Украинский кризис оказал влияние на отношения России с европейскими странами. На мой взгляд, ситуация заслуживает сожаления, поскольку она наносит вред всем сторонам, в частности, совместным экономическим проектам из-за санкций. Поэтому мы все заинтересованы в том, чтобы как можно быстрее найти наилучший выход», — цитирует Олланда РИА Новости . 
Политик напомнил, что отношения Франции и России всегда были тесными и надёжными. По его словам, он верит в восстановление отношений с российской стороной после решения украинской проблемы в рамках «нормандского формата». 
Олланд также уточнил, что для восстановления европейского доверия Москва должна помогать Западу в разрешении конфликта в Сирии. 30 августа 2016, 18:42 НСК источник:
</post>
<signature>

</signature>
<external_links>

</external_links>
<country>RU</country>
<main_image>http://info.sibnet.ru/article/493195/ni/493/493195w_1472557636.jpg</main_image>
</document>
