<?xml version="1.0" encoding="UTF-8"?>
<document>
<type>mainstream</type>
<forum>http://feeds2.feedburner.com/ArtmajeurDaily</forum>
<forum_title>Artmajeur - Latest Artworks</forum_title>
<discussion_title>Old magnesite mine in Kosice</discussion_title>
<language>english</language>
<gmt_offset></gmt_offset>
<topic_url>http://www.artmajeur.com/en/artist/lutkar/collection/landscapes/1649026/artwork/old-magnesite-mine-in-kosice/9409567</topic_url>
<topic_text>
Old magnesite mine in Kosice 1986 Painting, Oil ~ Canvas Not For Sale About this artwork: Oil on canvas Oil on canvas 2 views Other art by Lubomir Tkacik : Still-life with apple - Painting ©1983 by Lubomir Tkacik - Cubism, Other, Still life, apple, still life, cubism, table Still life with bottles (Zátišie s fľašami) - Painting ©1982 by Lubomir Tkacik - Expressionism, Other, Wood, Still life, bottles, still life, oil November - Painting ©2008 by Lubomir Tkacik - Impressionism, Other, Landscape, november, landscape, oil painting The Forest silence - Painting ©2008 by Lubomir Tkacik - Impressionism, Other, Landscape, landscape, forest, silence Outside the city Kosice - Painting ©2007 by Lubomir Tkacik - Impressionism, Other, Landscape, kosice, forest, landscape, autumn Flowering wild cherries - Painting ©2007 by Lubomir Tkacik - Impressionism, Other, Landscape, flowering cherries, spring Old House in Kosice - Painting, 30x55x2 cm ©1982 by Lubomir Tkacik - Impressionism, Canvas, Cityscape, old house, kosice Mlynska street in Kosice - Painting, 50x60 cm ©2015 by Lubomir Tkacik - Cubism, Fauvism, Canvas, Cities, Geometric, Places, kosice, mlynska On the way home - Painting, 30x40 cm ©2012 by Lubomir Tkacik - Abstract Expressionism, on the way home Artmajeur ™
</topic_text>
<spam_score>0.00</spam_score>
<post_num>1</post_num>
<post_id>post-1</post_id>
<post_url>http://www.artmajeur.com/en/artist/lutkar/collection/landscapes/1649026/artwork/old-magnesite-mine-in-kosice/9409567</post_url>
<post_date>20160830</post_date>
<post_time>1507</post_time>
<username>noreply+2921@artmajeur.com (Lubomir Tkacik)</username>
<post>
Old magnesite mine in Kosice 1986 Painting, Oil ~ Canvas Not For Sale About this artwork: Oil on canvas Oil on canvas 2 views Other art by Lubomir Tkacik : Still-life with apple - Painting ©1983 by Lubomir Tkacik - Cubism, Other, Still life, apple, still life, cubism, table Still life with bottles (Zátišie s fľašami) - Painting ©1982 by Lubomir Tkacik - Expressionism, Other, Wood, Still life, bottles, still life, oil November - Painting ©2008 by Lubomir Tkacik - Impressionism, Other, Landscape, november, landscape, oil painting The Forest silence - Painting ©2008 by Lubomir Tkacik - Impressionism, Other, Landscape, landscape, forest, silence Outside the city Kosice - Painting ©2007 by Lubomir Tkacik - Impressionism, Other, Landscape, kosice, forest, landscape, autumn Flowering wild cherries - Painting ©2007 by Lubomir Tkacik - Impressionism, Other, Landscape, flowering cherries, spring Old House in Kosice - Painting, 30x55x2 cm ©1982 by Lubomir Tkacik - Impressionism, Canvas, Cityscape, old house, kosice Mlynska street in Kosice - Painting, 50x60 cm ©2015 by Lubomir Tkacik - Cubism, Fauvism, Canvas, Cities, Geometric, Places, kosice, mlynska On the way home - Painting, 30x40 cm ©2012 by Lubomir Tkacik - Abstract Expressionism, on the way home Artmajeur ™
</post>
<signature>

</signature>
<external_links>

</external_links>
<country>FR</country>
<main_image>http://www.artmajeur.com/medias/standard/l/u/lutkar/artwork/9409567_20141009-200415-1-2.jpg</main_image>
</document>
