<?xml version="1.0" encoding="UTF-8"?>
<document>
<type>mainstream</type>
<forum>http://feeds2.feedburner.com/Hoofdpunten</forum>
<forum_title>Laatste hoofdpunten</forum_title>
<discussion_title>Het Nieuwsblad: &apos;Ex on The Beach: Double Dutch&apos; doet &apos;Temptation Island&apos; verbleken: dit was de eerste aflevering</discussion_title>
<language>dutch</language>
<gmt_offset></gmt_offset>
<topic_url>http://www.nieuwsblad.be/cnt/dmf20160830_02445565</topic_url>
<topic_text>
Mail Shares Nu &apos;Temptation Island&apos; achter de rug is, is er een nieuwe guilty pleasure op televisie: &apos;Ex on The Beach: Double Dutch&apos;. Het concept van het programma is eenvoudig. Acht Vlaamse en Nederlandse vrijgezellen vertrekken op reis voor een zomer vol liefde en alcohol, tot onverwachts ook hun exen opduiken op het strand. De ingrediënten voor drama, veel drama. 
De eerste aflevering van &apos;Ex on The Beach: Double Dutch&apos; - gebaseerd op het internationale succes van de Amerikaanse versie - was afgelopen zondag te zien op MTV. 
Acht Vlaamse en Nederlandse singles maken zich klaar om twee weken te feesten, te daten en te flirten onder broeierige temperaturen en in een tropische setting. De perfecte omstandigheden voor prille romances, een one-night-stand of misschien wel het vinden van de ware liefde. 

De singles 
De eerste vrijgezel die aankomt op de bestemming is Wayne (24) . De Nederlander is - naar eigen zeggen - vaak hard to get, maar soms een slet. Zijn aantal bedpartners telt hij niet meer. Zijn droomvrouw: een puur meisje dat van snoeiharde techno houdt, ballonnetjes voor hem maakt op de afterparty en een beetje psycho is. 
Nadien arriveert schoonheidsspecialiste Monja (21) op het strand. De jongedame uit Vlaams-Brabant vindt zichzelf geen Einstein, maar zoekt zeker geen domme jongen. Een bepaald type heeft ze niet, ze valt meer op het innerlijk. Eén criterium is wel heel belangrijk: hij moet groot zijn. 
De volgende in de rij is Puru (24) . Voor de Nederlander bestaat de droomvrouw uit een blend van alle windstreken met groene ogen, dikke billen en flinke borsten. Wat hij aan een dame kan geven, zijn &quot;zijn hart, een intelligent gesprek en zijn absurd grote spieren&quot;. 
De Oost-Vlaamse Gaga (22) vindt vooral dat je dingen moet doen waarvan je dacht dat je ze nooit zou doen. Van elke ervaring of fout word je tenslotte wijzer, toch? Gaga valt op donkere types, donker haar en lichte ogen. 
Dan duikt er plots een bekend gezicht op aan de villa: Shady (24) van &apos;Temptation Island&apos;. De Nederlandse levensgenieter hoopt zijn grote liefde eindelijk te vinden. Hij houdt van arrogante vrouwen met een &quot;grote muil&quot;. 
Oost-Vlaming Nick (26) is de laatste man in de rij. Het grootste deel van zijn leven staat in het teken van feesten. Hij is niet graag alleen, dus hoopt hij een leuk meisje te leren kennen. Nick wil vooral een langharige prinses in de keuken, een dame op straat en iemand die zijn hoge libido deelt. 
Ashley (20) houdt van mannen met een licht getinte huid en tattoos. Het iQ van de Nederlandse? &quot;Een 7,9, net geen 8&quot;, zo zegt ze zelf. 
De laatste single is Cherry (27) . Ze wil de perfecte man ontmoeten met brains, een vlotte babbel en een dikke, vette portemonnee. Meiden in haar buurt kunnen maar beter oppassen, want als ze haar zinnen heeft gezet op een man, is haar bijnaam &apos;Satan&apos; eerder van toepassing dan haar bijnaam &apos;Cherrybaby&apos;. 
v.l.n.r.: Ashley, Monja, Cherry, Shady, Gaga, Wayne, Nick en Puru 
Een nachtmerrie 
Tijdens de eerste 24 uur zit de sfeer er meteen goed in. De singles gaan met elkaar op date en tussen de meesten klikt het ook echt. De eerste tongen hebben elkaar alvast gekruist. Alleen bij Cherry en Puru lijkt de vonk niet over te slaan. 
De vrijgezellen laten het alleszins niet aan hun hart komen, en organiseren de eerste avond een stevig feestje. Ashley en Nick delen zelfs al het bed met elkaar. Ook al herinnert de Nederlandse er zich de volgende ochtend maar weinig van... 
Die ochtend slaat de sfeer echter om. Aan tafel weerklinkt een vreemd geluid vanonder een stolp: de Tablet of Terror. Pas dan ontdekken de kandidaten waaraan ze precies begonnen zijn. Een avontuur dat vooral bij Ashley paniek veroorzaakt. Terecht, want zij wordt ook als eerste geconfronteerd met haar ex. 
Haar voormalige vriendje Sokratis kijkt alvast uit naar het avontuur, maar voor Ashley is hij een onaangename aanvulling.
</topic_text>
<spam_score>0.00</spam_score>
<post_num>1</post_num>
<post_id>post-1</post_id>
<post_url>http://www.nieuwsblad.be/cnt/dmf20160830_02445565</post_url>
<post_date>20160830</post_date>
<post_time>1500</post_time>
<username></username>
<post>
Mail Shares Nu &apos;Temptation Island&apos; achter de rug is, is er een nieuwe guilty pleasure op televisie: &apos;Ex on The Beach: Double Dutch&apos;. Het concept van het programma is eenvoudig. Acht Vlaamse en Nederlandse vrijgezellen vertrekken op reis voor een zomer vol liefde en alcohol, tot onverwachts ook hun exen opduiken op het strand. De ingrediënten voor drama, veel drama. 
De eerste aflevering van &apos;Ex on The Beach: Double Dutch&apos; - gebaseerd op het internationale succes van de Amerikaanse versie - was afgelopen zondag te zien op MTV. 
Acht Vlaamse en Nederlandse singles maken zich klaar om twee weken te feesten, te daten en te flirten onder broeierige temperaturen en in een tropische setting. De perfecte omstandigheden voor prille romances, een one-night-stand of misschien wel het vinden van de ware liefde. 

De singles 
De eerste vrijgezel die aankomt op de bestemming is Wayne (24) . De Nederlander is - naar eigen zeggen - vaak hard to get, maar soms een slet. Zijn aantal bedpartners telt hij niet meer. Zijn droomvrouw: een puur meisje dat van snoeiharde techno houdt, ballonnetjes voor hem maakt op de afterparty en een beetje psycho is. 
Nadien arriveert schoonheidsspecialiste Monja (21) op het strand. De jongedame uit Vlaams-Brabant vindt zichzelf geen Einstein, maar zoekt zeker geen domme jongen. Een bepaald type heeft ze niet, ze valt meer op het innerlijk. Eén criterium is wel heel belangrijk: hij moet groot zijn. 
De volgende in de rij is Puru (24) . Voor de Nederlander bestaat de droomvrouw uit een blend van alle windstreken met groene ogen, dikke billen en flinke borsten. Wat hij aan een dame kan geven, zijn &quot;zijn hart, een intelligent gesprek en zijn absurd grote spieren&quot;. 
De Oost-Vlaamse Gaga (22) vindt vooral dat je dingen moet doen waarvan je dacht dat je ze nooit zou doen. Van elke ervaring of fout word je tenslotte wijzer, toch? Gaga valt op donkere types, donker haar en lichte ogen. 
Dan duikt er plots een bekend gezicht op aan de villa: Shady (24) van &apos;Temptation Island&apos;. De Nederlandse levensgenieter hoopt zijn grote liefde eindelijk te vinden. Hij houdt van arrogante vrouwen met een &quot;grote muil&quot;. 
Oost-Vlaming Nick (26) is de laatste man in de rij. Het grootste deel van zijn leven staat in het teken van feesten. Hij is niet graag alleen, dus hoopt hij een leuk meisje te leren kennen. Nick wil vooral een langharige prinses in de keuken, een dame op straat en iemand die zijn hoge libido deelt. 
Ashley (20) houdt van mannen met een licht getinte huid en tattoos. Het iQ van de Nederlandse? &quot;Een 7,9, net geen 8&quot;, zo zegt ze zelf. 
De laatste single is Cherry (27) . Ze wil de perfecte man ontmoeten met brains, een vlotte babbel en een dikke, vette portemonnee. Meiden in haar buurt kunnen maar beter oppassen, want als ze haar zinnen heeft gezet op een man, is haar bijnaam &apos;Satan&apos; eerder van toepassing dan haar bijnaam &apos;Cherrybaby&apos;. 
v.l.n.r.: Ashley, Monja, Cherry, Shady, Gaga, Wayne, Nick en Puru 
Een nachtmerrie 
Tijdens de eerste 24 uur zit de sfeer er meteen goed in. De singles gaan met elkaar op date en tussen de meesten klikt het ook echt. De eerste tongen hebben elkaar alvast gekruist. Alleen bij Cherry en Puru lijkt de vonk niet over te slaan. 
De vrijgezellen laten het alleszins niet aan hun hart komen, en organiseren de eerste avond een stevig feestje. Ashley en Nick delen zelfs al het bed met elkaar. Ook al herinnert de Nederlandse er zich de volgende ochtend maar weinig van... 
Die ochtend slaat de sfeer echter om. Aan tafel weerklinkt een vreemd geluid vanonder een stolp: de Tablet of Terror. Pas dan ontdekken de kandidaten waaraan ze precies begonnen zijn. Een avontuur dat vooral bij Ashley paniek veroorzaakt. Terecht, want zij wordt ook als eerste geconfronteerd met haar ex. 
Haar voormalige vriendje Sokratis kijkt alvast uit naar het avontuur, maar voor Ashley is hij een onaangename aanvulling.
</post>
<signature>

</signature>
<external_links>

</external_links>
<country>BE</country>
<main_image>http://s1.nieuwsbladcdn.be/Assets/Images_Upload/2016/08/30/5da40104-5fe3-11e6-8d86-ab496109714b_web_translate_-59.51667_-39.59921__scale_0.4643895_0.4643895__.jpg?maxheight=460&amp;maxwidth=629</main_image>
</document>
