<?xml version="1.0" encoding="UTF-8"?>
<document>
<type>mainstream</type>
<forum>http://feeds.feedburner.com/NDTV-LatestNews</forum>
<forum_title>NDTV News  -  Special</forum_title>
<discussion_title>Bihar Floods Claim 6 More; Lightning Kills Four In Assam</discussion_title>
<language>english</language>
<gmt_offset></gmt_offset>
<topic_url>http://www.ndtv.com/india-news/bihar-floods-claim-6-more-lightning-kills-four-in-assam-1452364</topic_url>
<topic_text>
All India | Press Trust of India | Updated: August 30, 2016 20:37 IST EMAIL PRINT COMMENTS 37.53 lakh people in 12 districts of Bihar are still affected by the floods. (PTI File) New Delhi: With six more deaths reported in Bihar today, the flood toll in the state this monsoon rose to 165, while four perished in lightning strike in Assam. Meanwhile, Uttar Pradesh braces up to tackle post-flood water-borne diseases as the Ganga waters recede.In Bihar, Bhojpur district witnessed six more flood- related deaths. In the swollen Ganga in the state, waters have started receding, but 37.53 lakh people in 12 districts are still affected by the floods.The receding trend was witnessed at Gandhi Ghat and Digha Ghat, thus reducing the threat of flood waters entering into Patna town. The river continues to flow above the danger mark at seven places in four districts.As many as 644 relief camps are being run in the flood- hit areas in which 3.92 lakh people have taken shelter. A total of 185 camps are being operated for cattle while the number of animal deaths has reached to 59 in the floods.The assessment of crop damage is also being made.Meanwhile, light to moderate rainfall occurred at a few places in north-central and north-eastern parts but weather remained mainly dry in southeast parts of the state.Rains lashed the national capital for the second consecutive day resulting in water-logging and slow vehicular movement.The Safdarjung observatory received 21 mm rainfall, while the reading at Palam observatory was 16.2 mm. The relative humidity levels oscillated between 97 and 69 per cent.In northeastern state of Assam, four fishermen were killed and three others critically injured in lightning strike in Morigaon district.In Uttar Pradesh, where a total of 8.7 lakh people in 987 villages in Varanasi, Allahabad, Ghazipur and Ballia, are affected due to flood, the state government has alerted health department to be ready for post-flood water-borne diseases.According to Central Water Commission, water in Ganga is receding everywhere in the state but the river is still flowing above danger mark in Ballia, while Sharda is above red mark at Palliakalan (Kheri).The state witnessed light to moderate rain at isolated places over East and few places over West UP.In West Bengal while almost all parts of the state remained dry, southern Kolkata received heavy showers, recording 78.6 mm rainfall at Alipore Met station in 24 hours since yesterday morning.Moderate to heavy rains occurred in parts of Rajasthan where Jalore recorded maximum of 11 cm precipitation followed by Bhadra in Hanumangarh where 7 cm rainfall was recorded till this morning since yesterday. (This story has not been edited by NDTV staff and is auto-generated from a syndicated feed.) Trending
</topic_text>
<spam_score>0.00</spam_score>
<post_num>1</post_num>
<post_id>post-1</post_id>
<post_url>http://www.ndtv.com/india-news/bihar-floods-claim-6-more-lightning-kills-four-in-assam-1452364</post_url>
<post_date>20160830</post_date>
<post_time>1507</post_time>
<username></username>
<post>
All India | Press Trust of India | Updated: August 30, 2016 20:37 IST EMAIL PRINT COMMENTS 37.53 lakh people in 12 districts of Bihar are still affected by the floods. (PTI File) New Delhi: With six more deaths reported in Bihar today, the flood toll in the state this monsoon rose to 165, while four perished in lightning strike in Assam. Meanwhile, Uttar Pradesh braces up to tackle post-flood water-borne diseases as the Ganga waters recede.In Bihar, Bhojpur district witnessed six more flood- related deaths. In the swollen Ganga in the state, waters have started receding, but 37.53 lakh people in 12 districts are still affected by the floods.The receding trend was witnessed at Gandhi Ghat and Digha Ghat, thus reducing the threat of flood waters entering into Patna town. The river continues to flow above the danger mark at seven places in four districts.As many as 644 relief camps are being run in the flood- hit areas in which 3.92 lakh people have taken shelter. A total of 185 camps are being operated for cattle while the number of animal deaths has reached to 59 in the floods.The assessment of crop damage is also being made.Meanwhile, light to moderate rainfall occurred at a few places in north-central and north-eastern parts but weather remained mainly dry in southeast parts of the state.Rains lashed the national capital for the second consecutive day resulting in water-logging and slow vehicular movement.The Safdarjung observatory received 21 mm rainfall, while the reading at Palam observatory was 16.2 mm. The relative humidity levels oscillated between 97 and 69 per cent.In northeastern state of Assam, four fishermen were killed and three others critically injured in lightning strike in Morigaon district.In Uttar Pradesh, where a total of 8.7 lakh people in 987 villages in Varanasi, Allahabad, Ghazipur and Ballia, are affected due to flood, the state government has alerted health department to be ready for post-flood water-borne diseases.According to Central Water Commission, water in Ganga is receding everywhere in the state but the river is still flowing above danger mark in Ballia, while Sharda is above red mark at Palliakalan (Kheri).The state witnessed light to moderate rain at isolated places over East and few places over West UP.In West Bengal while almost all parts of the state remained dry, southern Kolkata received heavy showers, recording 78.6 mm rainfall at Alipore Met station in 24 hours since yesterday morning.Moderate to heavy rains occurred in parts of Rajasthan where Jalore recorded maximum of 11 cm precipitation followed by Bhadra in Hanumangarh where 7 cm rainfall was recorded till this morning since yesterday. (This story has not been edited by NDTV staff and is auto-generated from a syndicated feed.) Trending
</post>
<signature>

</signature>
<external_links>

</external_links>
<country>US</country>
<main_image>http://i.ndtvimg.com/i/2016-08/chhapra-bihar-floods-pti_650x400_61472487052.jpg</main_image>
</document>
