<?xml version="1.0" encoding="UTF-8"?>
<document>
<type>mainstream</type>
<forum>http://info.sibnet.ru/data/last.rss</forum>
<forum_title>Sibnet: Новости</forum_title>
<discussion_title>Бронеодеяло для защиты от осколков разработали в России</discussion_title>
<language>russian</language>
<gmt_offset></gmt_offset>
<topic_url>http://info.sibnet.ru/article/493156/</topic_url>
<topic_text>
Бронеодеяло для защиты от осколков разработали в России Фото: © «НИИ Стали» 
Российские конструкторы из «НИИ Стали» разработали специальное бронированное одеяло, позволяющее защитить человека от пуль и осколков при обстреле, сообщает пресс-служба компании-производителя. 
«Одеяло предназначено для защиты от осколочного действия и вторичных факторов взрыва и обеспечивает как индивидуальную защиту человека, так и локальную защиту при закрытии одеялом дверных и оконных проемов и прочего», — говорится на сайте производителя. 
Одеяло представляет собой легкий пакет баллистической ткани. В упакованном виде изделие имеет довольно компактный вид, а в случае опасности быстро разворачивается и превращается в экран большой площади, передает телеканал «Звезда» . 
Масса одеяла — около 8 килограммов, размеры — метр на два метра, противоосколочная стойкость — не менее 450 м/с. Стоит отметить, что осколков, летящих с такой скоростью, при взрыве гранаты или снаряда образуется не менее 50-70%, и большая их часть является опасной для жизни. 
Эту и другие разработки «НИИ стали» можно будет увидеть на форуме «Армия-2016», который пройдет с 6 по 11 сентября в парке «Патриот». 30 августа 2016, 16:46 НСК источник:
</topic_text>
<spam_score>0.00</spam_score>
<post_num>1</post_num>
<post_id>post-1</post_id>
<post_url>http://info.sibnet.ru/article/493156/</post_url>
<post_date>20160830</post_date>
<post_time>0946</post_time>
<username></username>
<post>
Бронеодеяло для защиты от осколков разработали в России Фото: © «НИИ Стали» 
Российские конструкторы из «НИИ Стали» разработали специальное бронированное одеяло, позволяющее защитить человека от пуль и осколков при обстреле, сообщает пресс-служба компании-производителя. 
«Одеяло предназначено для защиты от осколочного действия и вторичных факторов взрыва и обеспечивает как индивидуальную защиту человека, так и локальную защиту при закрытии одеялом дверных и оконных проемов и прочего», — говорится на сайте производителя. 
Одеяло представляет собой легкий пакет баллистической ткани. В упакованном виде изделие имеет довольно компактный вид, а в случае опасности быстро разворачивается и превращается в экран большой площади, передает телеканал «Звезда» . 
Масса одеяла — около 8 килограммов, размеры — метр на два метра, противоосколочная стойкость — не менее 450 м/с. Стоит отметить, что осколков, летящих с такой скоростью, при взрыве гранаты или снаряда образуется не менее 50-70%, и большая их часть является опасной для жизни. 
Эту и другие разработки «НИИ стали» можно будет увидеть на форуме «Армия-2016», который пройдет с 6 по 11 сентября в парке «Патриот». 30 августа 2016, 16:46 НСК источник:
</post>
<signature>

</signature>
<external_links>

</external_links>
<country>RU</country>
<main_image>http://info.sibnet.ru/article/493156/ni/493/493156w_1472550849.png</main_image>
</document>
