<?xml version="1.0" encoding="UTF-8"?>
<document>
<type>mainstream</type>
<forum>http://feeds2.feedburner.com/Hoofdpunten</forum>
<forum_title>Laatste hoofdpunten</forum_title>
<discussion_title>Soccernews: &apos;Haller gaat Utrecht alsnog teleurstellen, overgang naar Engeland lonkt&apos;</discussion_title>
<language>dutch</language>
<gmt_offset></gmt_offset>
<topic_url>http://www.soccernews.nl/news/365978/Haller_gaat_Utrecht_alsnog_teleurstellen,_overgang_naar_Engeland_lonkt</topic_url>
<topic_text>
&apos;Haller gaat Utrecht alsnog teleurstellen, overgang naar Engeland lonkt&apos; 30 Augustus 2016 16:55 
FC Utrecht dreigt na Timo Letschert, Bart Ramselaar en Ruud Boymans toch nog een sterspeler kwijt te raken. Premier League-club Southampton heeft op de voorlaatste dag van de transferperiode concrete interesse in Sébastien Haller. Volgens Voetbal International voeren beide clubs momenteel gesprekken over een last-minute transfer van de Franse spits. Er is nog geen concreet bod neergelegd in de Domstad, maar dit lijkt slechts een kwestie van tijd. Southampton zal zeven tot tien miljoen moeten ophoesten om zijn in 2019 aflopende verbintenis af te kopen. Haller is bij Southampton in beeld als opvolger van oud-Feyenoorder Graziano Pellè, die eerder deze zomer in China tekende. Claude Puel is sinds deze zomer als manager verbonden aan de Saints en wil zijn landgenoot graag toevoegen aan de selectie. Zelf moet de 22-jarige aanvaller nog in onderhandeling met de club, maar hij staat er positief tegenover. De makelaar van Haller, Loïc Gustan, heeft al wel gesproken met Southampton en hield daar een positief gevoel aan over. Eerder wees de Utrecht-spits zelf AS Monaco en Newcastle United af, waar Sporting Portugal voor Bas Dost en Luc Castaignos koos. Lees ook:
</topic_text>
<spam_score>0.00</spam_score>
<post_num>1</post_num>
<post_id>post-1</post_id>
<post_url>http://www.soccernews.nl/news/365978/Haller_gaat_Utrecht_alsnog_teleurstellen,_overgang_naar_Engeland_lonkt</post_url>
<post_date>20160830</post_date>
<post_time>1500</post_time>
<username></username>
<post>
&apos;Haller gaat Utrecht alsnog teleurstellen, overgang naar Engeland lonkt&apos; 30 Augustus 2016 16:55 
FC Utrecht dreigt na Timo Letschert, Bart Ramselaar en Ruud Boymans toch nog een sterspeler kwijt te raken. Premier League-club Southampton heeft op de voorlaatste dag van de transferperiode concrete interesse in Sébastien Haller. Volgens Voetbal International voeren beide clubs momenteel gesprekken over een last-minute transfer van de Franse spits. Er is nog geen concreet bod neergelegd in de Domstad, maar dit lijkt slechts een kwestie van tijd. Southampton zal zeven tot tien miljoen moeten ophoesten om zijn in 2019 aflopende verbintenis af te kopen. Haller is bij Southampton in beeld als opvolger van oud-Feyenoorder Graziano Pellè, die eerder deze zomer in China tekende. Claude Puel is sinds deze zomer als manager verbonden aan de Saints en wil zijn landgenoot graag toevoegen aan de selectie. Zelf moet de 22-jarige aanvaller nog in onderhandeling met de club, maar hij staat er positief tegenover. De makelaar van Haller, Loïc Gustan, heeft al wel gesproken met Southampton en hield daar een positief gevoel aan over. Eerder wees de Utrecht-spits zelf AS Monaco en Newcastle United af, waar Sporting Portugal voor Bas Dost en Luc Castaignos koos. Lees ook:
</post>
<signature>

</signature>
<external_links>

</external_links>
<country>BE</country>
<main_image>http://www.soccernews.nl/uploads/sebastien-haller(fc-utrecht)(06-08-2016).jpg</main_image>
</document>
