<?xml version="1.0" encoding="UTF-8"?>
<document>
<type>mainstream</type>
<forum>http://www.dailymail.co.uk/articles.rss</forum>
<forum_title>Articles | Mail Online</forum_title>
<discussion_title>Leonardo DiCaprio goes incognito for a night out with The Revenant director Alejandro González Iñárritu</discussion_title>
<language>english</language>
<gmt_offset></gmt_offset>
<topic_url>http://www.dailymail.co.uk/tvshowbiz/article-3765257/Leonardo-DiCaprio-goes-incognito-night-Revenant-director-Alejandro-Gonz-lez-rritu.html</topic_url>
<topic_text>
e-mail 
View 
comments
Their 2015 movie The Revenant was nominated for 12 Academy Awards and took home Best Actor, Best Director and Best Cinematography at the Oscars earlier this year. 
And it seems that Leonardo DiCaprio and Alejandro González Iñárritu may be planning to join forces again. 
The actor and the director were spotted arriving separately to Soho House&apos;s Little Beach House in Malibu, California on Monday for an evening together. 
Together again: Leonardo DiCaprio (L) and Alejandro González Iñárritu met at Soho House&apos;s Little Beach House in Malibu, California on Monday evening 
Leonardo, 41, went for a typically incognito look in his trademark grey Gatsby cap. 
The star, who is dating model Nina Agdal, also sported a plaid shirt which was rolled up at the elbows, casual jeans and black trainers. 
RELATED ARTICLES Previous 1 Next A shamed Olympian, a former presidential candidate, Vanilla... Chris Brown under police investigation after &apos;threatening... Share this article Share Meanwhile 53-year-old Alejandro was clad in a baggy black shirt with matching jeans and sandals. 
Leonardo formed a close bond with the esteemed director during their time working together on the film that would finally get him his first Oscar. 
Sparking rumours: It seems the Revenant actor and director could be joining forces again
Incognito: As usual, Leonardo kept a low profile in his trademark grey Gatsby cap
The Titanic star said as he honoured Alejandro at the Directors Guild Awards earlier this year: &apos;He has created a groundbreaking cinematic achievement that is already part of our film history. 
&apos;The Revenant ultimately was, for everyone involved, a life-changing experience, and I want to thank you Alejandro for letting me be a part of it, for taking a chance on the film, and thank you for being an outsider who has and ultimately always will commit unconditionally to your vision. Congratulations on today&apos;s honour, my friend.&apos; 
And in his Best Director acceptance speech at the Golden Globes, Alejandro praised Leonardo as a &apos;hero&apos;. 
Casual customer: The 41-year-old dressed down in a plaid shirt, jeans and black trainers
Hot wheels: Leo, who is dating model Nina Agdal, was being driven around in a Porsche
It&apos;s unclear if the duo were discussing an upcoming project during their dinner on Monday, although Leo currently does not have any known movies in the works. 
Alejandro, who was also behind Birdman, meanwhile is working on The One Percent - a TV show he created which is due to premiere later this year. 
The series follows a dysfunctional family who are trying to keep their farm afloat as they face financial struggles, and stars Ed Harris, Ed Helms and Hilary Swank. 
Cheerful: Casually-clad Alejandro flashed a big smile as he left the hotspot with two pals
Coming soon: The 53-year-old is gearing up for his TV series The One Percent, which premieres later this year
</topic_text>
<spam_score>0.00</spam_score>
<post_num>2</post_num>
<post_id>post-2</post_id>
<post_url>http://www.dailymail.co.uk/tvshowbiz/article-3765257/Leonardo-DiCaprio-goes-incognito-night-Revenant-director-Alejandro-Gonz-lez-rritu.html</post_url>
<post_date>20160830</post_date>
<post_time>1607</post_time>
<username>C A R D</username>
<post>
Banged Maria simple as...
</post>
<signature>

</signature>
<external_links>

</external_links>
<country>GB</country>
<main_image>http://i.dailymail.co.uk/i/pix/2016/08/30/15/37B70C1600000578-0-image-a-27_1472567495664.jpg</main_image>
</document>
