<?xml version="1.0" encoding="UTF-8"?>
<document>
<type>mainstream</type>
<forum>http://info.sibnet.ru/data/last.rss</forum>
<forum_title>Sibnet: Новости</forum_title>
<discussion_title>Астрономы получили интригующие фото Юпитера</discussion_title>
<language>russian</language>
<gmt_offset></gmt_offset>
<topic_url>http://info.sibnet.ru/article/493210/</topic_url>
<topic_text>
Астрономы получили интригующие фото Юпитера Фото: © NASA Зонд Juno завершил первый облет Юпитера — миссия заняла долгих пять лет, однако в распоряжении ученых оказались уникальные снимки планеты-гиганта, сделанные с рекордно близкого расстояния, сообщает сайт NASA. 
«Мы уже получили очень интересные и интригующие данные в первых порциях, которые уже передал и сейчас передает Juno. Полная передача данных займет еще несколько дней, и нам потребуется гораздо больше времени для того, чтобы разгадать их», — заявил руководитель миссии из Юго-Западного исследовательского института в Боулдере Скотт Болтон. Ученые США намерены взорвать Меркурий 
Juno 27 августа приблизился на максимально близкое расстояние к Юпитеру — он пролетел всего в 4 тысячах километров от его верхних слоев атмосферы, двигаясь со скоростью в 208 тысяч километров в час. 
В конце минувшей недели зонд передал на Землю первые научные данные — к настоящему времени астрономы получили значительное количество уникальных фотографий, которые делались сразу девятью разными инструментами аппарата. 
NASA пока опубликовала единственный снимок, полученный при сближении с Юпитером, однако ученые уже пообещали, что остальные будут обнародованы в ближайшие дни. 30 августа 2016, 20:59 НСК источник:
</topic_text>
<spam_score>0.00</spam_score>
<post_num>1</post_num>
<post_id>post-1</post_id>
<post_url>http://info.sibnet.ru/article/493210/</post_url>
<post_date>20160830</post_date>
<post_time>1359</post_time>
<username></username>
<post>
Астрономы получили интригующие фото Юпитера Фото: © NASA Зонд Juno завершил первый облет Юпитера — миссия заняла долгих пять лет, однако в распоряжении ученых оказались уникальные снимки планеты-гиганта, сделанные с рекордно близкого расстояния, сообщает сайт NASA. 
«Мы уже получили очень интересные и интригующие данные в первых порциях, которые уже передал и сейчас передает Juno. Полная передача данных займет еще несколько дней, и нам потребуется гораздо больше времени для того, чтобы разгадать их», — заявил руководитель миссии из Юго-Западного исследовательского института в Боулдере Скотт Болтон. Ученые США намерены взорвать Меркурий 
Juno 27 августа приблизился на максимально близкое расстояние к Юпитеру — он пролетел всего в 4 тысячах километров от его верхних слоев атмосферы, двигаясь со скоростью в 208 тысяч километров в час. 
В конце минувшей недели зонд передал на Землю первые научные данные — к настоящему времени астрономы получили значительное количество уникальных фотографий, которые делались сразу девятью разными инструментами аппарата. 
NASA пока опубликовала единственный снимок, полученный при сближении с Юпитером, однако ученые уже пообещали, что остальные будут обнародованы в ближайшие дни. 30 августа 2016, 20:59 НСК источник:
</post>
<signature>

</signature>
<external_links>

</external_links>
<country>RU</country>
<main_image>http://info.sibnet.ru/article/493210/ni/493/493210w_1472568873.jpg</main_image>
</document>
