<?xml version="1.0" encoding="UTF-8"?>
<document>
<type>mainstream</type>
<forum>http://www.huffingtonpost.com/tag/@healthnews123/feed</forum>
<forum_title>healthnews123 on Huffington Post</forum_title>
<discussion_title>How Girls With Autism Are Being Shortchanged</discussion_title>
<language>english</language>
<gmt_offset></gmt_offset>
<topic_url>http://www.huffingtonpost.com/2013/11/26/girls-with-autism_n_4311015.html</topic_url>
<topic_text>
Suzanne Amara&apos;s daughter, Janey, was 3 years old when she was diagnosed with autism.
These days, no one would mistake that her daughter has the neuro-developmental disorder, Amara said. Janey, who is now 9, is nonverbal and has what is considered severe autism. But there were signs early on that Amara believes she may have overlooked simply because of her daughter&apos;s sex.
&quot;There might&apos;ve been things she was demonstrating that I didn&apos;t see because she was a girl,&quot; said the mother of three, who writes the blog Rarer In Girls ... My Daughter With Autism .
&quot;Maybe, I sort of comforted myself with thinking, &apos;Well, she&apos;s not autistic, because she&apos;s a girl,&apos;&quot; Amara said.
According to the Centers for Disease Control and Prevention , autism spectrum disorders, or ASDs, are five times more common among boys than girls. One in 54 boys in the U.S. has been diagnosed with autism, compared to just 1 in 252 girls. But a growing body of research hints that the significant sex-based differences in autism diagnoses are a result not just of biological differences, but of a failure to recognize ASD in girls.
One study, published in the November edition of the Journal of the American Academy of Child and Adolescent Psychiatry , analyzed data from more than 3,600 children, many of whom were considered to exhibit autism-like traits, according to a checklist scoring various social behaviors.
The children were then given two tests. In one, they were shown photos of other children and asked to identify whether those kids were happy, sad, angry or fearful. In a second, they were shown an animated triangle and circle that moved across a screen and asked to describe what the movement revealed about the shapes&apos; &quot;emotions.&quot; A triangle moving in a purposeful manner, for example, was meant to evoke a happy feeling.
Both girls and boys with autism-like traits struggled to identify the correct emotions in the triangle task, and boys with autism-like traits also struggled with the facial recognition task.
However, girls with autism-like traits were able to recognize emotions from photos just as well as girls without autism did. Because many experts believe failure to recognize facial expressions is one of the more direct signs of autism, the researchers argue that doctors may need to use more subtle assessments to accurately diagnose the disorder in girls.
&quot;If girls with ASD are developing strategies to compensate for ASD like traits (such as [difficulty with] emotion recognition), then it is possible that they are less likely to be diagnosed,&quot; study researcher Radha Kothari, a research associate with University College London&apos;s Institute of Child Health, wrote in an email to HuffPost.
&quot;Much of the research conducted on autism, which goes on to define our idea of the disorder, is conducted on males rather than females,&quot; Kothari wrote, adding, &quot;This creates a cyclical system, in which our understanding of ASD is mainly based upon presentation of it in males, which means that more males are likely to be diagnosed.&quot;
&quot;It&apos;s likely that we are missing girls who are high-functioning and don&apos;t have additional co-morbid problems,&quot; echoed Francesca Happe, a professor of cognitive neuroscience at King&apos;s College London and president of the International Society for Autism Research.
Happe cautioned against overstating the new study&apos;s potential implications but called it interesting. In February 2012, she was an author on another autism investigation , which found that girls who had similarly high levels of autism-like traits as their male counterparts, but who did not have additional intellectual or behavior problems, were less likely to meet diagnostic criteria. Those results suggested the girls might be &quot;fly[ing] under the radar,&quot; Happe said.
With so much about autism still a mystery and so many questions about its causes unanswered, experts warn that it is difficult to tell whether sex-based differences in autism rates are a reflection of biology, under-diagnosis or both. Evidence does suggest there is a &quot;female protective effect.&quot; In other words, it may take more genetic or environmental risk factors to &quot;tip [girls&apos;] brain development into the realm of autism,&quot; as the nonprofit Autism Speak&apos;s website puts it .
Whatever the reasons, parents of girls with autism, like Amara, say the experience can be a lonely one. &quot;I&apos;ve thought, &apos;Are there no other girls like Janey?&apos;&quot; she said. Amara has connected with families in similar situations online, but day-to-day she and Janey have never encountered another girl with similarly severe autism.
&quot;It&apos;s pretty isolating,&quot; Amara said. &quot;It&apos;s almost all parents of boys.&quot;
Related on HuffPost: Facts About Autism Facts About Autism 1 of 11 1 In 68 Children Are Identified As Having Autism Spectrum Disorder According to the most recent Centers for Disease Control and Prevention estimates, 1 in 68 children in the United States has an autism spectrum disorder, based on health and education records. That figure represents a significant increase from previous prevalence estimates, released in 2012, which estimated that 1 in 88 have an ASD. Share this slide:
Gettystock More: Autism Children With Autism Autism Diagnosis Comments Close SUBSCRIBE AND FOLLOW Get top stories and blog posts emailed to me each day. Newsletters may offer personalized content or advertisements.
Learn more 1.38 M 915 K 417 K Podcast Add us on Snapchat
</topic_text>
<spam_score>0.00</spam_score>
<post_num>3</post_num>
<post_id>post-3</post_id>
<post_url>http://www.huffingtonpost.com/2013/11/26/girls-with-autism_n_4311015.html</post_url>
<post_date>20160424</post_date>
<post_time>2038</post_time>
<username>Leslie Fisher Cuttino</username>
<post>
My daughter is know 18 years old ive been getting dead end anwers she has been more aggressive once i allow them to medicate her when she turn 16 teen because he behavior was intense. she recently was check in the hospital this stupid doctor is ramdomly given her medication that is for bipolar disoder some have really bad side effects. since she been on risperidone my baby hasn&apos;t been the same. i need clear anwers im seeking the Gemno test on May 19 she will be seen by a doctor...
</post>
<signature>

</signature>
<external_links>

</external_links>
<country>US</country>
<main_image>http://i.huffpost.com/gen/1474190/images/o-SAD-GIRL-WINDOW-facebook.jpg</main_image>
</document>
