<?xml version="1.0" encoding="UTF-8"?>
<document>
<type>mainstream</type>
<forum>http://feeds.feedburner.com/NDTV-LatestNews</forum>
<forum_title>NDTV News  -  Special</forum_title>
<discussion_title>Crompton Greaves Net Loss Narrows To Rs 9.51 Crore In June Quarter</discussion_title>
<language>english</language>
<gmt_offset></gmt_offset>
<topic_url>http://profit.ndtv.com/news/earnings/article-crompton-greaves-net-loss-narrows-to-rs-9-51-crore-in-june-quarter-1452363</topic_url>
<topic_text>
Press Trust of India | Last Updated: August 30, 2016 20:35 (IST) EMAIL COMMENTS New Delhi: Crompton Greaves&apos; consolidated net loss narrowed to Rs 9.51 crore in the quarter ended June 30, on the back of higher sales of power and industrial systems. &quot;The Group has posted a net loss after taxes, minority interest and share of profit of associates of Rs 9.51 crore for the quarter ended June 30, 2016 as compared to net loss of Rs 62.20 crore for the quarter ended June 30, 2015,&quot; Crompton Greaves said in a BSE filing on Tuesday.According to the statement, total income increased to Rs 1,441.34 crore for the quarter ended June 30, 2016 from Rs 1,070.01 crore in the year-ago period.The company&apos;s consolidated net loss was Rs 452.54 crore in the last financial year.It stated that revenue from power systems was Rs 702.53 crore in the first quarter of this fiscal compared to Rs 376.17 crore a year ago.Similarly, revenues from industrial systems also increased to Rs 508.61 crore in the quarter under review from Rs 456.75 crore in the year-ago period. (This story has not been edited by NDTV staff and is auto-generated from a syndicated feed.) Story first published on : August 30, 2016 20:35 (IST) Trending
</topic_text>
<spam_score>0.00</spam_score>
<post_num>1</post_num>
<post_id>post-1</post_id>
<post_url>http://profit.ndtv.com/news/earnings/article-crompton-greaves-net-loss-narrows-to-rs-9-51-crore-in-june-quarter-1452363</post_url>
<post_date>20160830</post_date>
<post_time>1505</post_time>
<username></username>
<post>
Press Trust of India | Last Updated: August 30, 2016 20:35 (IST) EMAIL COMMENTS New Delhi: Crompton Greaves&apos; consolidated net loss narrowed to Rs 9.51 crore in the quarter ended June 30, on the back of higher sales of power and industrial systems. &quot;The Group has posted a net loss after taxes, minority interest and share of profit of associates of Rs 9.51 crore for the quarter ended June 30, 2016 as compared to net loss of Rs 62.20 crore for the quarter ended June 30, 2015,&quot; Crompton Greaves said in a BSE filing on Tuesday.According to the statement, total income increased to Rs 1,441.34 crore for the quarter ended June 30, 2016 from Rs 1,070.01 crore in the year-ago period.The company&apos;s consolidated net loss was Rs 452.54 crore in the last financial year.It stated that revenue from power systems was Rs 702.53 crore in the first quarter of this fiscal compared to Rs 376.17 crore a year ago.Similarly, revenues from industrial systems also increased to Rs 508.61 crore in the quarter under review from Rs 456.75 crore in the year-ago period. (This story has not been edited by NDTV staff and is auto-generated from a syndicated feed.) Story first published on : August 30, 2016 20:35 (IST) Trending
</post>
<signature>

</signature>
<external_links>

</external_links>
<country>US</country>
<main_image>http://i.ndtvimg.com/i/2016-08/crompton-greaves-consumer-electricals_650x400_81470030247.jpg</main_image>
</document>
