<?xml version="1.0" encoding="UTF-8"?>
<document>
<type>mainstream</type>
<forum>http://www.dailymail.co.uk/articles.rss</forum>
<forum_title>Articles | Mail Online</forum_title>
<discussion_title>‘Be happy to be alive’, crew member tells passengers after 180 tourists are evacuated when yellow smoke starts pouring from plane during take-off</discussion_title>
<language>english</language>
<gmt_offset></gmt_offset>
<topic_url>http://www.dailymail.co.uk/news/article-3765222/Be-happy-alive-crew-member-tells-passengers-180-tourists-evacuated-yellow-smoke-starts-pouring-plane-off.html</topic_url>
<topic_text>
View 
comments
A Thomas Cook plane with 180 passengers on board had to be evacuated after yellow smoke began pouring from its side as it prepared to take off. 
Firefighters and paramedics were called to Heraklion airport on the Greek island of Crete after the incident on a flight to Brussels yesterday. 
The aircraft was forced to abandon the take off and there was panic on board when the pilot cut the lighting and ventilation. 
The plane was flying from Heraklion (pictured), the main town on the holiday island of Crete
Florence Brassart, from Lasne, Belgium said: &apos;When the pilot pushed the engine for take off the yellowish smoke came out of the right side of the reactor before catching fire. 
&apos;It suddenly slowed and we were all thrown forward.&apos; 
She said: &apos;There were many children on the plane. You can imagine the panic and stress for children.&apos; 
Ms Brassart said after the evacuation one crew member told her: &apos;Be happy to be alive.&apos; 
RELATED ARTICLES Previous 1 Next Terrified passengers look out of plane window to see this... Packed passenger plane forced to make emergency landing on... New York plane bound for Seattle is forced to divert after... Airlines whose pilots accidentally fly into British airspace... Share this article Share Another passenger, Fabien Herpers, said the heat on board became &apos;unbearable&apos; during the incident but cabin crew needed to keep the doors closed to stop the smoke getting inside. 
The pilot has just had time to stop the plane. A few metres later and he would have been impossible to go backwards Fabien Herpers Writing on Facebook, he said: &apos;Just after the thrust of the engine, a yellowish smoke came out. 
&apos;The pilot has just had time to stop the plane. A few metres later and he would have been impossible to go backwards.&apos; 
He said firefighters extinguished the fire as the passengers escaped. 
Thomas Cook Airlines Belgium insisted there was no fire onboard the plane. 
A spokesperson said: &apos;Flight HQ1513 from Heraklion to Brussels returned to the gate after an oil leak required its takeoff to be aborted. 
&apos;This is a standard procedure, with all customers and crew disembarking the aircraft in the usual fashion before being transferred and accommodated in local hotels for the night. 
&apos;We are very sorry for their inconvenience.&apos; 
They said there was &apos;no increased risk&apos; to passengers and crew during the incident. 
&apos;Our routine response is to carefully examine the aircraft and investigate before repair work is undertaken by maintenance experts,&apos; they said.
</topic_text>
<spam_score>0.00</spam_score>
<post_num>5</post_num>
<post_id>post-5</post_id>
<post_url>http://www.dailymail.co.uk/news/article-3765222/Be-happy-alive-crew-member-tells-passengers-180-tourists-evacuated-yellow-smoke-starts-pouring-plane-off.html</post_url>
<post_date>20160830</post_date>
<post_time>1529</post_time>
<username>rocco</username>
<post>
\&quot;yellowish smoke came out of the right side of the reactor\&quot;.\n\n\&quot;A few metres later and he would have been impossible to go backwards.\&quot;\n\nHaven&apos;t had such a laugh in ages.
</post>
<signature>

</signature>
<external_links>

</external_links>
<country>GB</country>
<main_image>http://i.dailymail.co.uk/i/pix/2016/08/30/14/16BD606E000005DC-0-image-a-106_1472564217887.jpg</main_image>
</document>
