<?xml version="1.0" encoding="UTF-8"?>
<document>
<type>mainstream</type>
<forum>http://feeds2.feedburner.com/Hoofdpunten</forum>
<forum_title>Laatste hoofdpunten</forum_title>
<discussion_title>Limburgnieuws.be: Lanaken: Discussie over nieuwe vestiging ALDI in Rekem</discussion_title>
<language>dutch</language>
<gmt_offset></gmt_offset>
<topic_url>http://www.limburgnieuws.be/lanaken/1472568547-discussie-over-nieuwe-vestiging-aldi-in-rekem-a.html</topic_url>
<topic_text>
Volg Limburgnieuws.be ook op Twitter Lanaken: Discussie over nieuwe vestiging ALDI in Rekem (30 augustus 2016) Op maandag 29 augustus werd op de gemeenteraad aan ALDI goedkeuring gegeven om een stukje grond in Rekem in erfpacht te nemen. De nieuwe locatie komt aan de Steenweg 190 (ter hoogte van de Peugeot garage). &quot;Op basis van het huidig inplantingsplan kan het college geen vergunning verlenen&quot;, zegt N-VA Lanaken. &quot;Om ALDI geen tijd te doen verliezen, kiest het schepencollege dan maar voor de gemakkelijke oplossing. En dat is een stuk grond in erfpacht geven tussen de Peugeot garage en de woonwijk aan de Pastoor Breemanslaan. Is er binnen dit schepencollege wel iemand met een duidelijke visie rond ruimtelijke ordening en inplanting van winkels? Waarom moet ALDI zich midden in een woonkern vestigen? Wordt er enigszins rekening gehouden met de buurtbewoners?&quot;, reageert Johan Pauly van N-VA Lanaken. Volgens N-VA wil de eigenaar van het winkelcentrum aan de Steenweg 50 geen verbouwingen of aanpassingen laten uitvoeren aan de bestaande panden. &quot;Hij laat de panden dan nog liever verkrotten. Zit hier misschien een strategie achter om op termijn een verkaveling met wooneenheden te maken? Dat brengt waarschijnlijk meer centen op.&quot; &quot;Nochtans zou ALDI op zijn huidige locatie perfect kunnen uitbreiden. Kan het college hier dan geen werk van maken? In Rekem zijn er daarnaast ongetwijfeld andere en betere locaties te vinden Verkeersveiligheid.&quot; N-VA Lanaken stelt zich ook vragen of er werd stilgestaan bij de verkeersveiligheid. &quot;De Steenweg in Rekem is nu reeds een verzadigde weg. Tijdens de piekuren staat er al dagelijks een file. Met alle negatieve gevolgen voor de omwonenden. De komst van de ALDI in de dorpskern zal het verkeer doen toenemen.&quot; N-VA vreest dat de buurtbewoners hinder zullen gaan ondervinden van de vestiging. &quot;Denk hierbij aan de vele extra auto&apos;s en het lawaai van koelinstallaties&quot;, besluit Pauly. 
Bekijk alle artikels uit Lanaken Limburgnieuws.be © 2001 - 2016 Limburgnieuws.be (Belgisch Limburg) is een gratis online nieuwskrant. Steeds meer lezers ontdekken Limburgnieuws.be. Een &apos;Goed Adres&apos; in de kijker zetten? Dat kan! Is uw zaak een hotspot in Limburg? Maak het nu wereldkundig. Alle info: Persberichten en foto&apos;s: GoedAdres.be op Twitter: @goedadres #goedadres Het weer in Limburg
</topic_text>
<spam_score>0.00</spam_score>
<post_num>1</post_num>
<post_id>post-1</post_id>
<post_url>http://www.limburgnieuws.be/lanaken/1472568547-discussie-over-nieuwe-vestiging-aldi-in-rekem-a.html</post_url>
<post_date>20160830</post_date>
<post_time>1500</post_time>
<username></username>
<post>
Volg Limburgnieuws.be ook op Twitter Lanaken: Discussie over nieuwe vestiging ALDI in Rekem (30 augustus 2016) Op maandag 29 augustus werd op de gemeenteraad aan ALDI goedkeuring gegeven om een stukje grond in Rekem in erfpacht te nemen. De nieuwe locatie komt aan de Steenweg 190 (ter hoogte van de Peugeot garage). &quot;Op basis van het huidig inplantingsplan kan het college geen vergunning verlenen&quot;, zegt N-VA Lanaken. &quot;Om ALDI geen tijd te doen verliezen, kiest het schepencollege dan maar voor de gemakkelijke oplossing. En dat is een stuk grond in erfpacht geven tussen de Peugeot garage en de woonwijk aan de Pastoor Breemanslaan. Is er binnen dit schepencollege wel iemand met een duidelijke visie rond ruimtelijke ordening en inplanting van winkels? Waarom moet ALDI zich midden in een woonkern vestigen? Wordt er enigszins rekening gehouden met de buurtbewoners?&quot;, reageert Johan Pauly van N-VA Lanaken. Volgens N-VA wil de eigenaar van het winkelcentrum aan de Steenweg 50 geen verbouwingen of aanpassingen laten uitvoeren aan de bestaande panden. &quot;Hij laat de panden dan nog liever verkrotten. Zit hier misschien een strategie achter om op termijn een verkaveling met wooneenheden te maken? Dat brengt waarschijnlijk meer centen op.&quot; &quot;Nochtans zou ALDI op zijn huidige locatie perfect kunnen uitbreiden. Kan het college hier dan geen werk van maken? In Rekem zijn er daarnaast ongetwijfeld andere en betere locaties te vinden Verkeersveiligheid.&quot; N-VA Lanaken stelt zich ook vragen of er werd stilgestaan bij de verkeersveiligheid. &quot;De Steenweg in Rekem is nu reeds een verzadigde weg. Tijdens de piekuren staat er al dagelijks een file. Met alle negatieve gevolgen voor de omwonenden. De komst van de ALDI in de dorpskern zal het verkeer doen toenemen.&quot; N-VA vreest dat de buurtbewoners hinder zullen gaan ondervinden van de vestiging. &quot;Denk hierbij aan de vele extra auto&apos;s en het lawaai van koelinstallaties&quot;, besluit Pauly. 
Bekijk alle artikels uit Lanaken Limburgnieuws.be © 2001 - 2016 Limburgnieuws.be (Belgisch Limburg) is een gratis online nieuwskrant. Steeds meer lezers ontdekken Limburgnieuws.be. Een &apos;Goed Adres&apos; in de kijker zetten? Dat kan! Is uw zaak een hotspot in Limburg? Maak het nu wereldkundig. Alle info: Persberichten en foto&apos;s: GoedAdres.be op Twitter: @goedadres #goedadres Het weer in Limburg
</post>
<signature>

</signature>
<external_links>

</external_links>
<country>BE</country>
<main_image></main_image>
</document>
