<?xml version="1.0" encoding="UTF-8"?>
<document>
<type>mainstream</type>
<forum></forum>
<forum_title></forum_title>
<discussion_title>【画像】声優・加藤英美里さん（32）、最新の姿にアップデートする。 | 2chまとめ速報-BUZZ・BUZZ・BUZZ</discussion_title>
<language>japanese</language>
<gmt_offset></gmt_offset>
<topic_url>http://sachikobabv.xyz/15033.html</topic_url>
<topic_text>
【画像】声優・加藤英美里さん（32）、最新の姿にアップデートする。 おすすめコンテンツ 1: 名無しのスコールさん 2016/08/28(日) 16:01:53.77 ID:ID:rGm9UL750.net 可愛いンゴ 
1: 名無しのスコールさん 2016/08/04(木) 19:56:23.36 ID:CakZyi8Z0.net はるかぜちゃん @harukazechan こないだTwitterみてたら はるかぜちゃん人妻感あるっていわれてて そんなはず！って思ってじぶんの写真みたら ちょっと人妻感あったw けっこんしてません！彼氏… PREV 
</topic_text>
<spam_score>0.00</spam_score>
<post_num>1</post_num>
<post_id>post-1</post_id>
<post_url>http://sachikobabv.xyz/15033.html</post_url>
<post_date>20160830</post_date>
<post_time></post_time>
<username></username>
<post>
【画像】声優・加藤英美里さん（32）、最新の姿にアップデートする。 おすすめコンテンツ 1: 名無しのスコールさん 2016/08/28(日) 16:01:53.77 ID:ID:rGm9UL750.net 可愛いンゴ 
1: 名無しのスコールさん 2016/08/04(木) 19:56:23.36 ID:CakZyi8Z0.net はるかぜちゃん @harukazechan こないだTwitterみてたら はるかぜちゃん人妻感あるっていわれてて そんなはず！って思ってじぶんの写真みたら ちょっと人妻感あったw けっこんしてません！彼氏… PREV 
</post>
<signature>

</signature>
<external_links>

</external_links>
<country>JP</country>
<main_image></main_image>
</document>
