<?xml version="1.0" encoding="UTF-8"?>
<document>
<type>mainstream</type>
<forum>http://info.sibnet.ru/data/last.rss</forum>
<forum_title>Sibnet: Новости</forum_title>
<discussion_title>Раскрыты алкогольные вкусы сибиряков</discussion_title>
<language>russian</language>
<gmt_offset></gmt_offset>
<topic_url>http://info.sibnet.ru/article/493120/</topic_url>
<topic_text>
Раскрыты алкогольные вкусы сибиряков Фото: © Андрей Кучеренко 
Самые пьющие регионы, а также их алкогольные предпочтения определили в Сибири. Данные об объемах продаж алкогольной продукции за 2015 год привели Федеральной службе Государственной статистики. 
Больше всех в Сибири пьют в Кемеровской области — 7,46 литра на душу населения, самая низкая продажа алкоголя на душу населения в целом — 4,72 литра — в Туве. 
Рейтинг продаж крепкого спиртного возглавляет Бурятия – 7,9 литра на душу населения, за ней идут Республика Алтай и Забайкальский край. Пива больше всех пьют жители Хакасии – 84,3 литра на душу населения, второе место у Кемеровской области, третье – у Иркутской. 
Вино больше других регионов предпочитают в Забайкальском крае – 6,6 литра на душу населения, также его много продают в Новосибирской области и Бурятии. Шампанское и игристые вина популярны в Красноярском крае – 1,6 литра на душу населения, а также Томской, Новосибирской и Иркутской областях и Хакасии. 
Алкогольные коктейли любят в Новосибирской области – 0,9 литра на душу населения, а пивные напитки с добавками – в Забайкальском крае (5,4 литра на душу населения). 30 августа 2016, 15:09 НСК источник:
</topic_text>
<spam_score>0.00</spam_score>
<post_num>1</post_num>
<post_id>post-1</post_id>
<post_url>http://info.sibnet.ru/article/493120/</post_url>
<post_date>20160830</post_date>
<post_time>0809</post_time>
<username></username>
<post>
Раскрыты алкогольные вкусы сибиряков Фото: © Андрей Кучеренко 
Самые пьющие регионы, а также их алкогольные предпочтения определили в Сибири. Данные об объемах продаж алкогольной продукции за 2015 год привели Федеральной службе Государственной статистики. 
Больше всех в Сибири пьют в Кемеровской области — 7,46 литра на душу населения, самая низкая продажа алкоголя на душу населения в целом — 4,72 литра — в Туве. 
Рейтинг продаж крепкого спиртного возглавляет Бурятия – 7,9 литра на душу населения, за ней идут Республика Алтай и Забайкальский край. Пива больше всех пьют жители Хакасии – 84,3 литра на душу населения, второе место у Кемеровской области, третье – у Иркутской. 
Вино больше других регионов предпочитают в Забайкальском крае – 6,6 литра на душу населения, также его много продают в Новосибирской области и Бурятии. Шампанское и игристые вина популярны в Красноярском крае – 1,6 литра на душу населения, а также Томской, Новосибирской и Иркутской областях и Хакасии. 
Алкогольные коктейли любят в Новосибирской области – 0,9 литра на душу населения, а пивные напитки с добавками – в Забайкальском крае (5,4 литра на душу населения). 30 августа 2016, 15:09 НСК источник:
</post>
<signature>

</signature>
<external_links>

</external_links>
<country>RU</country>
<main_image>http://info.sibnet.ru/article/493120/ni/493/493120w_1472544566.jpg</main_image>
</document>
