<?xml version="1.0" encoding="UTF-8"?>
<document>
<type>mainstream</type>
<forum>http://rssfeeds.kare11.com/_/20/109476748/KARE/local</forum>
<forum_title>KARE - Local</forum_title>
<discussion_title>Officer fired over violating media...</discussion_title>
<language>english</language>
<gmt_offset></gmt_offset>
<topic_url>http://rssfeeds.kare11.com/_/20/109476748/KARE/http&amp;#x3a;&amp;#x2f;&amp;#x2f;www&amp;#x2e;kare11&amp;#x2e;com&amp;#x2f;news&amp;#x2f;officer-fired-over-violating-media-policy-files-lawsuit&amp;#x2f;311214916</topic_url>
<topic_text>
Officer fired over violating media policy files lawsuit  13   Lakeville Police   
LAKEVILLE, Minn. - A Lakeville police officer who was fired for talking to the media without permission is suing the city, saying it violates his First Amendment rights. Rick Bussler argues the police department&apos;s media policy is flawed and that he didn&apos;t violate it before he was terminated in November 2014. The Star Tribune says Bussler has a media background and owns newspapers in southeastern Minnesota. A state arbitrator earlier ruled in favor of the city, saying Bussler released information about active police investigations. An attorney representing Lakeville, Patricia Beety, says the city stands by the arbitrator&apos;s ruling. Bussler is seeking damages of more than $50,000 in federal court.
</topic_text>
<spam_score>0.00</spam_score>
<post_num>1</post_num>
<post_id>post-1</post_id>
<post_url>http://rssfeeds.kare11.com/_/20/109476748/KARE/http&amp;#x3a;&amp;#x2f;&amp;#x2f;www&amp;#x2e;kare11&amp;#x2e;com&amp;#x2f;news&amp;#x2f;officer-fired-over-violating-media-policy-files-lawsuit&amp;#x2f;311214916</post_url>
<post_date>20160830</post_date>
<post_time>1413</post_time>
<username></username>
<post>
Officer fired over violating media policy files lawsuit  13   Lakeville Police   
LAKEVILLE, Minn. - A Lakeville police officer who was fired for talking to the media without permission is suing the city, saying it violates his First Amendment rights. Rick Bussler argues the police department&apos;s media policy is flawed and that he didn&apos;t violate it before he was terminated in November 2014. The Star Tribune says Bussler has a media background and owns newspapers in southeastern Minnesota. A state arbitrator earlier ruled in favor of the city, saying Bussler released information about active police investigations. An attorney representing Lakeville, Patricia Beety, says the city stands by the arbitrator&apos;s ruling. Bussler is seeking damages of more than $50,000 in federal court.
</post>
<signature>

</signature>
<external_links>

</external_links>
<country>US</country>
<main_image>http://content.kare11.com/photo/2016/08/30/Still0830_00000_1472566414293_5881368_ver1.0_640_360.jpg</main_image>
</document>
