<?xml version="1.0" encoding="UTF-8"?>
<document>
<type>mainstream</type>
<forum>http://www.myrtlebeachonline.com/news/business/?widgetName=rssfeed&amp;widgetContentId=712015&amp;getXmlFeed=true</forum>
<forum_title>Business News | MyrtleBeachOnline.com &amp;</forum_title>
<discussion_title>Obama coming to Pittsburgh for tech conference in October</discussion_title>
<language>english</language>
<gmt_offset></gmt_offset>
<topic_url>http://www.myrtlebeachonline.com/news/business/technology/article98784042.html</topic_url>
<topic_text>
August 30, 2016 11:17 AM Obama coming to Pittsburgh for tech conference in October 
President Barack Obama is scheduled to co-host a conference highlighting technical innovations along with the University of Pittsburgh and Carnegie Mellon University, the White House announced Tuesday. The Associated Press Order Reprint of this Story PITTSBURGH 
President Barack Obama is scheduled to co-host a conference highlighting technical innovations along with the University of Pittsburgh and Carnegie Mellon University, the White House announced Tuesday. 
The White House Frontiers Conference on Oct. 13 will focus on five &quot;frontiers&quot; of innovation: 
— Personal frontiers in health care and medical technology; 
— Local frontiers, involving the use of smart technologies in communities; 
— National frontiers, focusing on artificial intelligence, robotics and other developments that benefit all Americans; 
— Global frontiers, which include technologies for clean energy and tracking climate information; 
— Interplanetary frontiers, including future space exploration and plans to explore Mars. 
The conference will honor scientists, computer technicians and others at the forefront of such developments. 
Pittsburgh was chosen because of various technical innovations, including driverless cars developed by Google and Uber, being tested in the city. 
Also Tuesday, Wired, a popular science and technical magazine, announced that Obama will be guest editor of the November issue. The White House says this is the first time the president has guest-edited a publication. Related content
</topic_text>
<spam_score>0.00</spam_score>
<post_num>1</post_num>
<post_id>post-1</post_id>
<post_url>http://www.myrtlebeachonline.com/news/business/technology/article98784042.html</post_url>
<post_date>20160830</post_date>
<post_time>1517</post_time>
<username>The Associated Press</username>
<post>
August 30, 2016 11:17 AM Obama coming to Pittsburgh for tech conference in October 
President Barack Obama is scheduled to co-host a conference highlighting technical innovations along with the University of Pittsburgh and Carnegie Mellon University, the White House announced Tuesday. The Associated Press Order Reprint of this Story PITTSBURGH 
President Barack Obama is scheduled to co-host a conference highlighting technical innovations along with the University of Pittsburgh and Carnegie Mellon University, the White House announced Tuesday. 
The White House Frontiers Conference on Oct. 13 will focus on five &quot;frontiers&quot; of innovation: 
— Personal frontiers in health care and medical technology; 
— Local frontiers, involving the use of smart technologies in communities; 
— National frontiers, focusing on artificial intelligence, robotics and other developments that benefit all Americans; 
— Global frontiers, which include technologies for clean energy and tracking climate information; 
— Interplanetary frontiers, including future space exploration and plans to explore Mars. 
The conference will honor scientists, computer technicians and others at the forefront of such developments. 
Pittsburgh was chosen because of various technical innovations, including driverless cars developed by Google and Uber, being tested in the city. 
Also Tuesday, Wired, a popular science and technical magazine, announced that Obama will be guest editor of the November issue. The White House says this is the first time the president has guest-edited a publication. Related content
</post>
<signature>

</signature>
<external_links>

</external_links>
<country>US</country>
<main_image>http://www.myrtlebeachonline.com/static/images/myrtlebeachonline/facebook.jpg</main_image>
</document>
