<?xml version="1.0" encoding="UTF-8"?>
<document>
<type>mainstream</type>
<forum></forum>
<forum_title></forum_title>
<discussion_title>UBS says Apple&apos;s $14.6 billion tax bill take $3-$5 off share price - Business Insider</discussion_title>
<language>english</language>
<gmt_offset></gmt_offset>
<topic_url>http://www.businessinsider.com/apples-146-billion-tax-bill-take-3-5-dollars-off-share-price-ubs-2016-8</topic_url>
<topic_text>
print 
Getty 
The European Union announced on Tuesday that it will force Ireland to collect over $14 billion in back taxes from Apple. 
But what does this mean for Apple stock? 
UBS analyst Steven Milunovich took a look at the impact in a note distributed to clients on Tuesday. 
He concludes that taking out &quot; $14bn of net cash&quot; could have a &quot;$3-5 impact on share price&quot; on a discounted cash flow basis. This would amount to about $27 billion off of the company&apos;s $571 billion market cap. 
&quot;Certainly $14bn is toward the high end of expectations and could negatively affect the stock,&quot; Milunovich writes. 
There are lots of caveats. Apple says it will appeal the decision, and the proceedings could take years. However, the EU says that Ireland will still be forced to &quot;recover the illegal state aid&quot; in the meantime but that it could be placed into an escrow account pending an appeal. 
It&apos;s also possible that Apple might be able to reduce the total Irish bill if it pays more taxes in other EU jurisdictions. 
&quot;It&apos;s important to note the case does not call into question Ireland&apos;s tax rate or whether Apple violated any law. It&apos;s simply a matter of whether the tax treatment should be allowed,&quot; Milunovich writes. 
Apple currently holds $231 billion in cash and marketable securities, with over 90% of that held overseas. 
However, for now, UBS is still rating Apple as a &quot;buy&quot; with a price target of $115, but that could change as Apple is forced to restate its accounts in Ireland. 

</topic_text>
<spam_score>0.00</spam_score>
<post_num>1</post_num>
<post_id>post-1</post_id>
<post_url>http://www.businessinsider.com/apples-146-billion-tax-bill-take-3-5-dollars-off-share-price-ubs-2016-8</post_url>
<post_date>20160830</post_date>
<post_time></post_time>
<username>Kif Leswing</username>
<post>
print 
Getty 
The European Union announced on Tuesday that it will force Ireland to collect over $14 billion in back taxes from Apple. 
But what does this mean for Apple stock? 
UBS analyst Steven Milunovich took a look at the impact in a note distributed to clients on Tuesday. 
He concludes that taking out &quot; $14bn of net cash&quot; could have a &quot;$3-5 impact on share price&quot; on a discounted cash flow basis. This would amount to about $27 billion off of the company&apos;s $571 billion market cap. 
&quot;Certainly $14bn is toward the high end of expectations and could negatively affect the stock,&quot; Milunovich writes. 
There are lots of caveats. Apple says it will appeal the decision, and the proceedings could take years. However, the EU says that Ireland will still be forced to &quot;recover the illegal state aid&quot; in the meantime but that it could be placed into an escrow account pending an appeal. 
It&apos;s also possible that Apple might be able to reduce the total Irish bill if it pays more taxes in other EU jurisdictions. 
&quot;It&apos;s important to note the case does not call into question Ireland&apos;s tax rate or whether Apple violated any law. It&apos;s simply a matter of whether the tax treatment should be allowed,&quot; Milunovich writes. 
Apple currently holds $231 billion in cash and marketable securities, with over 90% of that held overseas. 
However, for now, UBS is still rating Apple as a &quot;buy&quot; with a price target of $115, but that could change as Apple is forced to restate its accounts in Ireland. 

</post>
<signature>

</signature>
<external_links>

</external_links>
<country>US</country>
<main_image>http://static4.businessinsider.com/image/57b20ff7ce38f298008b6cf9-1190-625/apples-tax-bill-could-shave-27-billion-off-its-worth.jpg</main_image>
</document>
