<?xml version="1.0" encoding="UTF-8"?>
<document>
<type>mainstream</type>
<forum>http://samara.bezformata.ru/rsstop.xml</forum>
<forum_title>Новости города БезФормата.Ru Самарская область Самара</forum_title>
<discussion_title>АвтоВАЗ начнет производство Lada Xcode в течение пяти лет</discussion_title>
<language>russian</language>
<gmt_offset></gmt_offset>
<topic_url>http://tolyatti.bezformata.ru/listnews/nachnet-proizvodstvo-lada-xcode/49987194/</topic_url>
<topic_text>
RSS О проекте Задать вопрос АвтоВАЗ начнет производство Lada Xcode в течение пяти лет 
Производство компактного кроссовера Lada Xcode, концепт которого представлен на Московском международном автосалоне (ММАС), начнется в течение пяти лет или &quot;чуть ранее&quot;, рассказал &quot;Ведомостям&quot; президент АвтоВАЗа Николя Мор. 
&quot; Это будет автомобиль между Kalina Cross (стоит от 512,1 тыс. руб. без учета акций) и Xray (от 589 тыс. руб.), и это будет старт следующего поколения автомобилей Lada &quot;. 
Решение о платформе для Xcode будет принято в течение одного года, продолжает Мор: &quot;В настоящий момент мы оце нива ем различные возможности&quot;. По его словам, стратегия компании предусматривает сокращение количества платформ, используемых при выпуске автомобилей Lada. Предполагается, что будет специальная платформа Lada 4x4 плюс одна-две платформы для других автомобилей, рассказал Мор, не поясняя деталей. &quot; Также мы хотели бы иметь синергию с альянсом Renault-Nissan для используемых платформ &quot;, – отметил он. В частности, будет происходить переход от платформы B0 (помимо моделей альянса Renault-Nissan ее имеют Lada Largus и Lada Xray) к новой глобальной модульной платформе – CMF-B.
</topic_text>
<spam_score>0.00</spam_score>
<post_num>1</post_num>
<post_id>post-1</post_id>
<post_url>http://tolyatti.bezformata.ru/listnews/nachnet-proizvodstvo-lada-xcode/49987194/</post_url>
<post_date>20160830</post_date>
<post_time>1230</post_time>
<username></username>
<post>
RSS О проекте Задать вопрос АвтоВАЗ начнет производство Lada Xcode в течение пяти лет 
Производство компактного кроссовера Lada Xcode, концепт которого представлен на Московском международном автосалоне (ММАС), начнется в течение пяти лет или &quot;чуть ранее&quot;, рассказал &quot;Ведомостям&quot; президент АвтоВАЗа Николя Мор. 
&quot; Это будет автомобиль между Kalina Cross (стоит от 512,1 тыс. руб. без учета акций) и Xray (от 589 тыс. руб.), и это будет старт следующего поколения автомобилей Lada &quot;. 
Решение о платформе для Xcode будет принято в течение одного года, продолжает Мор: &quot;В настоящий момент мы оце нива ем различные возможности&quot;. По его словам, стратегия компании предусматривает сокращение количества платформ, используемых при выпуске автомобилей Lada. Предполагается, что будет специальная платформа Lada 4x4 плюс одна-две платформы для других автомобилей, рассказал Мор, не поясняя деталей. &quot; Также мы хотели бы иметь синергию с альянсом Renault-Nissan для используемых платформ &quot;, – отметил он. В частности, будет происходить переход от платформы B0 (помимо моделей альянса Renault-Nissan ее имеют Lada Largus и Lada Xray) к новой глобальной модульной платформе – CMF-B.
</post>
<signature>

</signature>
<external_links>

</external_links>
<country>RU</country>
<main_image></main_image>
</document>
