<?xml version="1.0" encoding="UTF-8"?>
<document>
<type>mainstream</type>
<forum></forum>
<forum_title></forum_title>
<discussion_title>Mississippi woman bags record gator | KGW.com</discussion_title>
<language>english</language>
<gmt_offset></gmt_offset>
<topic_url>http://www.kgw.com/news/local/animal/mississippi-woman-bags-record-gator/http&amp;#x3a;&amp;#x2f;&amp;#x2f;www&amp;#x2e;kgw&amp;#x2e;com&amp;#x2f;news&amp;#x2f;local&amp;#x2f;animal&amp;#x2f;mississippi-woman-bags-record-gator&amp;#x2f;311236402</topic_url>
<topic_text>
Mississippi woman bags record gator Tiffany Wienke now holds the record for the biggest gator ever taken in Mississippi. WLBT , KGW 8:25 AM. PDT August 30, 2016 Tiffany Wienke bagged this 13-foot gator in Vickburg, Miss. (WLBT, Tiffany Wienke) CONNECT TWEET LINKEDIN GOOGLE+ PINTEREST 
VICKBURG, Miss. -- Tiffany Wienke had only been alligator hunting twice before she bagged a behemoth on Mississippi&apos;s Bayour Pierre. 
Wienke&apos;s alligator measured in at 13 feet, and 7/8 inches. The 686 pound beast that is just one-eighth of an inch longer than the previous record, but bigger is bigger, and Wienke is now the new state record-holder. 
&quot;We&apos;re completely content with the fact that this will probably be the biggest alligator that we&apos;ll ever catch,&quot; Wienke said. &quot;It&apos;s not gonna keep us from going back. But we&apos;re completely happy with this.&quot; 
With the help of her husband and four others on the boat, Wienke caught her prize after a two hour battle. 
&quot;He ran us - literally crashed us into some trees, and bank-to-bank,&quot; Wienke said. &quot;He was pulling this boat full of people like it was nothing.&quot; 
</topic_text>
<spam_score>0.35</spam_score>
<post_num>1</post_num>
<post_id>post-1</post_id>
<post_url>http://www.kgw.com/news/local/animal/mississippi-woman-bags-record-gator/http&amp;#x3a;&amp;#x2f;&amp;#x2f;www&amp;#x2e;kgw&amp;#x2e;com&amp;#x2f;news&amp;#x2f;local&amp;#x2f;animal&amp;#x2f;mississippi-woman-bags-record-gator&amp;#x2f;311236402</post_url>
<post_date>20160830</post_date>
<post_time></post_time>
<username></username>
<post>
Mississippi woman bags record gator Tiffany Wienke now holds the record for the biggest gator ever taken in Mississippi. WLBT , KGW 8:25 AM. PDT August 30, 2016 Tiffany Wienke bagged this 13-foot gator in Vickburg, Miss. (WLBT, Tiffany Wienke) CONNECT TWEET LINKEDIN GOOGLE+ PINTEREST 
VICKBURG, Miss. -- Tiffany Wienke had only been alligator hunting twice before she bagged a behemoth on Mississippi&apos;s Bayour Pierre. 
Wienke&apos;s alligator measured in at 13 feet, and 7/8 inches. The 686 pound beast that is just one-eighth of an inch longer than the previous record, but bigger is bigger, and Wienke is now the new state record-holder. 
&quot;We&apos;re completely content with the fact that this will probably be the biggest alligator that we&apos;ll ever catch,&quot; Wienke said. &quot;It&apos;s not gonna keep us from going back. But we&apos;re completely happy with this.&quot; 
With the help of her husband and four others on the boat, Wienke caught her prize after a two hour battle. 
&quot;He ran us - literally crashed us into some trees, and bank-to-bank,&quot; Wienke said. &quot;He was pulling this boat full of people like it was nothing.&quot; 
</post>
<signature>

</signature>
<external_links>

</external_links>
<country>US</country>
<main_image>http://content.kgw.com/photo/2016/08/30/NC_hugegator0830_1920x1080_1472570579208_5881669_ver1.0_640_360.jpg</main_image>
</document>
