<?xml version="1.0" encoding="UTF-8"?>
<document>
<type>mainstream</type>
<forum></forum>
<forum_title></forum_title>
<discussion_title>“The Leftovers” Margaret Qualley dances in the best perfume ad we’ve EVER SEEN</discussion_title>
<language>english</language>
<gmt_offset></gmt_offset>
<topic_url>http://hardcorecomedyentertainment.com/2016/08/the-leftovers-margaret-qualley-dances-in-the-best-perfume-ad-weve-ever-seen-2/</topic_url>
<topic_text>
“The Leftovers” Margaret Qualley dances in the best perfume ad we’ve EVER SEEN August 30, 2016 by hardcorecomedy Thanks for stopping by! You can find the full post where we found it HERE http://images.hellogiggles.com/uploads/2016/08/3 16/GettyImages-533969120.jpg 
Margaret Qualley of HBO’s The Leftovers was just featured in a BEAUTIFULLY bizarre perfume ad by writer and director Spike Jonze, and we’re seriously *so* about it. It’s so weird, so strange, and a true work of art . 
Take a look! 
[embedded content] 
Plus, she had a GREAT time. 
The fact that she enjoyed making the ad totally comes through in the video! She looks so free. We love it. 
We’re thinking (hoping) that this could also mean a general shift away from those super pretty, yet TOTALLY overdone perfume commercials (you know the ones — shadows, mystery, everything in black and white). In a world where femininity is suffocated into one definition , it’s so effing rad to see a woman being allowed to focus on her craft, rather than her appearance. It’s not about being delicate, or being soft, or being cutesy. It’s about being bold and sometimes scary Share this: 
</topic_text>
<spam_score>0.22</spam_score>
<post_num>1</post_num>
<post_id>post-1</post_id>
<post_url>http://hardcorecomedyentertainment.com/2016/08/the-leftovers-margaret-qualley-dances-in-the-best-perfume-ad-weve-ever-seen-2/</post_url>
<post_date>20160830</post_date>
<post_time></post_time>
<username></username>
<post>
“The Leftovers” Margaret Qualley dances in the best perfume ad we’ve EVER SEEN August 30, 2016 by hardcorecomedy Thanks for stopping by! You can find the full post where we found it HERE http://images.hellogiggles.com/uploads/2016/08/3 16/GettyImages-533969120.jpg 
Margaret Qualley of HBO’s The Leftovers was just featured in a BEAUTIFULLY bizarre perfume ad by writer and director Spike Jonze, and we’re seriously *so* about it. It’s so weird, so strange, and a true work of art . 
Take a look! 
[embedded content] 
Plus, she had a GREAT time. 
The fact that she enjoyed making the ad totally comes through in the video! She looks so free. We love it. 
We’re thinking (hoping) that this could also mean a general shift away from those super pretty, yet TOTALLY overdone perfume commercials (you know the ones — shadows, mystery, everything in black and white). In a world where femininity is suffocated into one definition , it’s so effing rad to see a woman being allowed to focus on her craft, rather than her appearance. It’s not about being delicate, or being soft, or being cutesy. It’s about being bold and sometimes scary Share this: 
</post>
<signature>

</signature>
<external_links>

</external_links>
<country>US</country>
<main_image>http://i1.wp.com/hardcorecomedyentertainment.com/wp-content/uploads/2015/07/cropped-HardcoreComedyFinalMain-1.jpg?fit=512%2C512</main_image>
</document>
