<?xml version="1.0" encoding="UTF-8"?>
<document>
<type>mainstream</type>
<forum>http://info.sibnet.ru/data/last.rss</forum>
<forum_title>Sibnet: Новости</forum_title>
<discussion_title>Алтайский селянин обстрелял магазин</discussion_title>
<language>russian</language>
<gmt_offset></gmt_offset>
<topic_url>http://info.sibnet.ru/article/493099/</topic_url>
<topic_text>
Алтайский селянин обстрелял магазин Фото Sibnet.ru Правоохранители арестовали мужчину, который в одном из сел Горного Алтая выстрелил по магазину, а потом открыл стрельбу внутри, сообщает пресс-служба прокуратуры региона. 
Инцидент произошел в селе Тихонькая Усть-Коксинского района республики. Мужчина выстрелил по магазину «Торговый дом Альянс», после чего зашел в магазин и уже там выстрелил еще несколько раз. 
Было возбуждено уголовное дело по факту угрозы убийством, поскольку, уточняет ведомство, «имелись основания опасаться осуществления этой угрозы», а также по факту хулиганства. Его заключили под стражу по решению суда. 30 августа 2016, 13:28 НСК источник:
</topic_text>
<spam_score>0.00</spam_score>
<post_num>1</post_num>
<post_id>post-1</post_id>
<post_url>http://info.sibnet.ru/article/493099/</post_url>
<post_date>20160830</post_date>
<post_time>0628</post_time>
<username></username>
<post>
Алтайский селянин обстрелял магазин Фото Sibnet.ru Правоохранители арестовали мужчину, который в одном из сел Горного Алтая выстрелил по магазину, а потом открыл стрельбу внутри, сообщает пресс-служба прокуратуры региона. 
Инцидент произошел в селе Тихонькая Усть-Коксинского района республики. Мужчина выстрелил по магазину «Торговый дом Альянс», после чего зашел в магазин и уже там выстрелил еще несколько раз. 
Было возбуждено уголовное дело по факту угрозы убийством, поскольку, уточняет ведомство, «имелись основания опасаться осуществления этой угрозы», а также по факту хулиганства. Его заключили под стражу по решению суда. 30 августа 2016, 13:28 НСК источник:
</post>
<signature>

</signature>
<external_links>

</external_links>
<country>RU</country>
<main_image>http://info.sibnet.ru/article/493099/ni/493/493099w_1472538494.jpg</main_image>
</document>
