<?xml version="1.0" encoding="UTF-8"?>
<document>
<type>mainstream</type>
<forum>http://www.direktbroker.de/rss/meldungen</forum>
<forum_title>direktbroker.de Nachrichtenfeed</forum_title>
<discussion_title>Guten Tag, Sir, ruhe in Frieden!: So sehr vermisst Hollywood Gene Wilder</discussion_title>
<language>german</language>
<gmt_offset></gmt_offset>
<topic_url>http://www.direktbroker.de/news/guten-tag-sir-ruhe-in-frieden-so-sehr-vermisst-hollywood-gene-wilder-50940620</topic_url>
<topic_text>
30.08.2016 - 16:05 Uhr Guten Tag, Sir, ruhe in Frieden!: So sehr vermisst Hollywood Gene Wilder Lange haben wir ihn nicht gesehen, denn Gene Wilder hatte sich zurückgezogen aus dem Showgeschäft. Sein Tod hinterlässt nun jedoch traurige Kollegen, die ihr Vorbild vermissen und mit rührenden Worten verabschieden.
</topic_text>
<spam_score>0.00</spam_score>
<post_num>1</post_num>
<post_id>post-1</post_id>
<post_url>http://www.direktbroker.de/news/guten-tag-sir-ruhe-in-frieden-so-sehr-vermisst-hollywood-gene-wilder-50940620</post_url>
<post_date>20160830</post_date>
<post_time>1405</post_time>
<username></username>
<post>
30.08.2016 - 16:05 Uhr Guten Tag, Sir, ruhe in Frieden!: So sehr vermisst Hollywood Gene Wilder Lange haben wir ihn nicht gesehen, denn Gene Wilder hatte sich zurückgezogen aus dem Showgeschäft. Sein Tod hinterlässt nun jedoch traurige Kollegen, die ihr Vorbild vermissen und mit rührenden Worten verabschieden.
</post>
<signature>

</signature>
<external_links>

</external_links>
<country>DE</country>
<main_image></main_image>
</document>
