<?xml version="1.0" encoding="UTF-8"?>
<document>
<type>mainstream</type>
<forum>http://www.eldiariomontanes.es/rss/atom/?seccion=gente-estilo</forum>
<forum_title>RSS de noticias de gente-estilo</forum_title>
<discussion_title>¿Por qué no fue Taylor Swift a los premios MTV?</discussion_title>
<language>spanish</language>
<gmt_offset></gmt_offset>
<topic_url>http://www.eldiariomontanes.es/gente-estilo/201608/30/taylor-swift-2016-20160830104627-rc.html</topic_url>
<topic_text>
Este sitio web utiliza cookies propias y de terceros para optimizar tu navegaciףn, adaptarse a tus preferencias y realizar labores analםticas. Al continuar navegando aceptas nuestra Polםtica de Cookies. Aceptar ¿Por qué no fue Taylor Swift a los premios MTV? / MujerHoy ó el año pasado, y estas son las razones de su ausencia | madrid 10:55 
ón 2016 de los MTV Video Music Awards. El baile se quedó sin su reina, pero lo cierto es que tuvo tantas candidatas a lucir su corona, que no se la echó demasiado de menos. Difícil de creer, sí, pero quizá uno de los motivos por los que Taylor faltó a su cita con la alfombra roja. 
ño, la cantante brilló (literalmente) con un original dos piezas de Ashish y, por si fuera poco, fue la gran triunfadora musical de la noche, que en definitiva es de lo que se trata. Sus actuaciones fueron las más aplaudidas, se hizo con todos los galardones a los que optaba, e incluso, se fundió en un abrazo con Kanye West. ( Más información en MujerHoy.com ) ás
</topic_text>
<spam_score>0.00</spam_score>
<post_num>1</post_num>
<post_id>post-1</post_id>
<post_url>http://www.eldiariomontanes.es/gente-estilo/201608/30/taylor-swift-2016-20160830104627-rc.html</post_url>
<post_date>20160830</post_date>
<post_time>1055</post_time>
<username></username>
<post>
Este sitio web utiliza cookies propias y de terceros para optimizar tu navegaciףn, adaptarse a tus preferencias y realizar labores analםticas. Al continuar navegando aceptas nuestra Polםtica de Cookies. Aceptar ¿Por qué no fue Taylor Swift a los premios MTV? / MujerHoy ó el año pasado, y estas son las razones de su ausencia | madrid 10:55 
ón 2016 de los MTV Video Music Awards. El baile se quedó sin su reina, pero lo cierto es que tuvo tantas candidatas a lucir su corona, que no se la echó demasiado de menos. Difícil de creer, sí, pero quizá uno de los motivos por los que Taylor faltó a su cita con la alfombra roja. 
ño, la cantante brilló (literalmente) con un original dos piezas de Ashish y, por si fuera poco, fue la gran triunfadora musical de la noche, que en definitiva es de lo que se trata. Sus actuaciones fueron las más aplaudidas, se hizo con todos los galardones a los que optaba, e incluso, se fundió en un abrazo con Kanye West. ( Más información en MujerHoy.com ) ás
</post>
<signature>

</signature>
<external_links>

</external_links>
<country>ES</country>
<main_image>http://www.eldiariomontanes.es/RC/201608/30/media/cortadas/taylor-swift-k0r-U202575975005TYF-575x323@RC.jpg</main_image>
</document>
