<?xml version="1.0" encoding="UTF-8"?>
<document>
<type>mainstream</type>
<forum>http://news.rambler.ru/rss/politics/</forum>
<forum_title>Политика — Рамблер/новости</forum_title>
<discussion_title>РФ получила на вооружение пластмассовые боеприпасы</discussion_title>
<language>russian</language>
<gmt_offset></gmt_offset>
<topic_url>https://news.rambler.ru/politics/34589203-rf-poluchila-na-vooruzhenie-plastmassovye-boepripasy/</topic_url>
<topic_text>
Фото: ТАСС Новые боеприпасы для 30-миллиметровых пушек приняты на вооружение в армии РФ. Главной особенностью новых снарядов станет специальная пластмассовая оболочка. Об этом сообщает ТАСС со ссылкой на пресс-центр концерна «Техмаш». По заявлениям разработчиков, боеприпасы нового поколения значительно повысят эффективность орудий. Особенно это скажется при стрельбе длинными очередями. В пресс-центре концерна заявили, что будут разрабатываться несколько типов боеприпасов. Для авиационных орудий патроны будут обладать бронебойно-трассирующими и многоэлементными снарядами. Для корабельных зенитных пушек будут поставляться осколочно-трассирующие и осколочно-фугасно-зажигательные снаряды.
</topic_text>
<spam_score>0.00</spam_score>
<post_num>1</post_num>
<post_id>post-1</post_id>
<post_url>https://news.rambler.ru/politics/34589203-rf-poluchila-na-vooruzhenie-plastmassovye-boepripasy/</post_url>
<post_date>20160830</post_date>
<post_time>1500</post_time>
<username>Рамблер/новости</username>
<post>
Фото: ТАСС Новые боеприпасы для 30-миллиметровых пушек приняты на вооружение в армии РФ. Главной особенностью новых снарядов станет специальная пластмассовая оболочка. Об этом сообщает ТАСС со ссылкой на пресс-центр концерна «Техмаш». По заявлениям разработчиков, боеприпасы нового поколения значительно повысят эффективность орудий. Особенно это скажется при стрельбе длинными очередями. В пресс-центре концерна заявили, что будут разрабатываться несколько типов боеприпасов. Для авиационных орудий патроны будут обладать бронебойно-трассирующими и многоэлементными снарядами. Для корабельных зенитных пушек будут поставляться осколочно-трассирующие и осколочно-фугасно-зажигательные снаряды.
</post>
<signature>

</signature>
<external_links>

</external_links>
<country>RU</country>
<main_image>https://news.rambler.ru/share/snippets/34589203/d989f7205620cf27cda03382e3aa4292.png</main_image>
</document>
