<?xml version="1.0" encoding="UTF-8"?>
<document>
<type>mainstream</type>
<forum>http://www.jasarat.org/feed</forum>
<forum_title>Jasarat Newspaper English</forum_title>
<discussion_title>Google team from Singapore visits IBA</discussion_title>
<language>english</language>
<gmt_offset></gmt_offset>
<topic_url>http://www.jasarat.org/2016/08/30/google-team-from-singapore-visits-iba/</topic_url>
<topic_text>
  Google team from Singapore visits IBA By APP   8:15 PM KARACHI: A Google team from Singapore visited the Institute of Business Administration (IBA) -Karachi, an official of the institute said on Tuesday. The visiting team held an informative session called `Google for Publishers’ and discussed their monetization products, AdSense and AdMob. The session took place at the IBA main campus. The large audience comprised of students, writers, bloggers, web developers/designers and app developers attended the event. The talk was Google’s first ever tech-talk in Pakistan. An IBA statement said that the speakers from Google were two bright young Pakistanis, Waqas Burney, Manager (Web) and Ahmed Nawaz, Manager (Apps) who have been working for the South Asia region, Google Singapore for over a year. Initiating the tech-talk, Burney informed the audience that the World of Google publishing has users, advertisers and AdSense facilitates publishers earn money in a seamless manner. Anything from 100 to 50,000 dollars can be generated monthly. A thorough introduction to the two monetization products Google AdSense, Google AdMob followed. There are 2,000,000 plus members on AdSense and 1,000,000 plus members on AdWords’. Through AdSense you can make money, if you’re a YouTube blogger, publisher etc. and only 20% publishers are brought on board by Google as they are stringent about selecting the best. Basically AdSense connects advertisers to users so that users can make money. Leading organizations like Dawn and Jang are working with Google in this domain. Placing of advertisements on various web content is how bloggers and publishers earn good money. The more traffic on your site, the more revenue you earn. One must first concentrate on generating traffic to your website and then think about monetizing it. Useful tips on making the most of AdSense were shared by Mr. Burney. Some heartwarming case studies in form of videos were also shared with the audience to show the impact AdSense has made in the lives of ordinary people by empowering them financially. Google tool, AdMob was introduced by Mr. Ahmed. He shed light on what makes a great app and what do users require in an app. The more user friendly and functional the app, the more popular it will be. Apps like Angry Bird, Muslim Pro and Uber are popular for that very reason. The first ever tech-talk by Google in Pakistan proved to be successful as 1,100 plus registrations were received for the session. The audience consisting of bloggers, web developers and publishers went home with a lot of information and asked many insightful questions, which were answered intricately by the dedicated Google team. Dr. Shakeel Khoja, Faculty Computer Science said that the tech-talk was a promising initiative of its kind and he hoped that Google will hold such informative sessions for the Pakistani youth in the future, he thanked the Google team profusely with mementos from IBA Karachi.
</topic_text>
<spam_score>0.00</spam_score>
<post_num>1</post_num>
<post_id>post-1</post_id>
<post_url>http://www.jasarat.org/2016/08/30/google-team-from-singapore-visits-iba/</post_url>
<post_date>20160830</post_date>
<post_time>1515</post_time>
<username>APP</username>
<post>
  Google team from Singapore visits IBA By APP   8:15 PM KARACHI: A Google team from Singapore visited the Institute of Business Administration (IBA) -Karachi, an official of the institute said on Tuesday. The visiting team held an informative session called `Google for Publishers’ and discussed their monetization products, AdSense and AdMob. The session took place at the IBA main campus. The large audience comprised of students, writers, bloggers, web developers/designers and app developers attended the event. The talk was Google’s first ever tech-talk in Pakistan. An IBA statement said that the speakers from Google were two bright young Pakistanis, Waqas Burney, Manager (Web) and Ahmed Nawaz, Manager (Apps) who have been working for the South Asia region, Google Singapore for over a year. Initiating the tech-talk, Burney informed the audience that the World of Google publishing has users, advertisers and AdSense facilitates publishers earn money in a seamless manner. Anything from 100 to 50,000 dollars can be generated monthly. A thorough introduction to the two monetization products Google AdSense, Google AdMob followed. There are 2,000,000 plus members on AdSense and 1,000,000 plus members on AdWords’. Through AdSense you can make money, if you’re a YouTube blogger, publisher etc. and only 20% publishers are brought on board by Google as they are stringent about selecting the best. Basically AdSense connects advertisers to users so that users can make money. Leading organizations like Dawn and Jang are working with Google in this domain. Placing of advertisements on various web content is how bloggers and publishers earn good money. The more traffic on your site, the more revenue you earn. One must first concentrate on generating traffic to your website and then think about monetizing it. Useful tips on making the most of AdSense were shared by Mr. Burney. Some heartwarming case studies in form of videos were also shared with the audience to show the impact AdSense has made in the lives of ordinary people by empowering them financially. Google tool, AdMob was introduced by Mr. Ahmed. He shed light on what makes a great app and what do users require in an app. The more user friendly and functional the app, the more popular it will be. Apps like Angry Bird, Muslim Pro and Uber are popular for that very reason. The first ever tech-talk by Google in Pakistan proved to be successful as 1,100 plus registrations were received for the session. The audience consisting of bloggers, web developers and publishers went home with a lot of information and asked many insightful questions, which were answered intricately by the dedicated Google team. Dr. Shakeel Khoja, Faculty Computer Science said that the tech-talk was a promising initiative of its kind and he hoped that Google will hold such informative sessions for the Pakistani youth in the future, he thanked the Google team profusely with mementos from IBA Karachi.
</post>
<signature>

</signature>
<external_links>

</external_links>
<country>DE</country>
<main_image>http://www.jasarat.org/wp-content/uploads/2016/01/Google.jpg</main_image>
</document>
