<?xml version="1.0" encoding="UTF-8"?>
<document>
<type>mainstream</type>
<forum>http://www.beautygeekuk.com/feeds/posts/default</forum>
<forum_title>Beauty Geek UK</forum_title>
<discussion_title>Palette Love: Urban Decay UD XX Vice Ltd Reloaded</discussion_title>
<language>english</language>
<gmt_offset></gmt_offset>
<topic_url>http://beautygeekuk.com/2016/08/palette-love-urban-decay-ud-xx-vice-ltd-reloaded.html</topic_url>
<topic_text>
Palette Love: Urban Decay UD XX Vice Ltd Reloaded   
It’d probably be easier to change the name of my Palette Love series to UD Palette Love at this rate, since it’s such an UD-heavy series…and quite rightly too, since Urban Decay are doing their usual amazing thing with eyeshadows, putting together stunning edits that’ll make you come over all funny and swoony. Exhibit A. is the new Urban Decay UD XX Vice Ltd Reloaded. 
I gave a brief intro to this palette in my feature on the upcoming UD palettes, but to give you a bit more background, the Urban Decay UD XX Vice Ltd Reloaded is a kind of homage to all Urban Decay palettes and features 20 shades from the brands’ 20 year reign as kings of the eyeshadow. Consequently there’s a great mix of vintage shades and three brand new shades, as well as some of the more recent favourites. Consequently, what you’re presented with is a truly eclectic mix of colour that gives you sooo much room to play and have fun. 
There are some strong and bold shades in the Urban Decay UD XX Vice Ltd Reloaded, but none are so overtly scary that I would say I wouldn’t go near, especially as Urban Decay have this great way of ensuring that there are safe colours to blend out the brighter shades with, so you can adapt and adjust your eye look until you have a finish you’re completely happy with. The case itself is a really lovely and classic box with a slow-release button that just adds a little more charisma to the palette, plus there’s a fabulously large mirror inside too. 
There are nudes, brights and smokies, all together in a beautifully presented box with the standard multi-use UD brush, which makes this a surprisingly essential palette since it offers a taste of everything you could need from a shadow colour collection. It’s £43 and of course it’s sold out on the UD site since it’s seriously limited edition, but it still appears to be available at Debenhams here – link . It is palette heaven from Urban Decay at the moment, as they’re releasing something for everyone, so if the XX Vice Ltd Reloaded   trust me when I say that another one will be along soon to get your pulse racing! 
*PR Sample
</topic_text>
<spam_score>0.00</spam_score>
<post_num>1</post_num>
<post_id>post-1</post_id>
<post_url>http://beautygeekuk.com/2016/08/palette-love-urban-decay-ud-xx-vice-ltd-reloaded.html</post_url>
<post_date>20160825</post_date>
<post_time>1845</post_time>
<username>Sascha</username>
<post>
Palette Love: Urban Decay UD XX Vice Ltd Reloaded   
It’d probably be easier to change the name of my Palette Love series to UD Palette Love at this rate, since it’s such an UD-heavy series…and quite rightly too, since Urban Decay are doing their usual amazing thing with eyeshadows, putting together stunning edits that’ll make you come over all funny and swoony. Exhibit A. is the new Urban Decay UD XX Vice Ltd Reloaded. 
I gave a brief intro to this palette in my feature on the upcoming UD palettes, but to give you a bit more background, the Urban Decay UD XX Vice Ltd Reloaded is a kind of homage to all Urban Decay palettes and features 20 shades from the brands’ 20 year reign as kings of the eyeshadow. Consequently there’s a great mix of vintage shades and three brand new shades, as well as some of the more recent favourites. Consequently, what you’re presented with is a truly eclectic mix of colour that gives you sooo much room to play and have fun. 
There are some strong and bold shades in the Urban Decay UD XX Vice Ltd Reloaded, but none are so overtly scary that I would say I wouldn’t go near, especially as Urban Decay have this great way of ensuring that there are safe colours to blend out the brighter shades with, so you can adapt and adjust your eye look until you have a finish you’re completely happy with. The case itself is a really lovely and classic box with a slow-release button that just adds a little more charisma to the palette, plus there’s a fabulously large mirror inside too. 
There are nudes, brights and smokies, all together in a beautifully presented box with the standard multi-use UD brush, which makes this a surprisingly essential palette since it offers a taste of everything you could need from a shadow colour collection. It’s £43 and of course it’s sold out on the UD site since it’s seriously limited edition, but it still appears to be available at Debenhams here – link . It is palette heaven from Urban Decay at the moment, as they’re releasing something for everyone, so if the XX Vice Ltd Reloaded   trust me when I say that another one will be along soon to get your pulse racing! 
*PR Sample
</post>
<signature>

</signature>
<external_links>

</external_links>
<country>US</country>
<main_image>http://beautygeekuk.com/wp-content/uploads/2016/08/Urban-Decay-UD-XX-Vice-Ltd-Reloaded-800x597.jpg</main_image>
</document>
