<?xml version="1.0" encoding="UTF-8"?>
<document>
<type>mainstream</type>
<forum>http://feeds.benzinga.com/benzinga</forum>
<forum_title>Benzinga - Stock Market Quotes, Business News, Financial News, Trading Ideas, and Stock Research by Professionals</forum_title>
<discussion_title>Top Performing Industries For August 30, 2016</discussion_title>
<language>english</language>
<gmt_offset></gmt_offset>
<topic_url>http://www.benzinga.com/news/16/08/8406001/top-performing-industries-for-august-30-2016</topic_url>
<topic_text>
At 10:30 am, the Dow fell 0.34 percent to 18,439.78, the broader Standard &amp; Poor&apos;s 500 index moved down 0.28 percent to 2,174.32 and the NASDAQ composite index dropped 0.27 percent to 5,218.17. 
The industries that are still afloat in the market today are: Internet Service Providers: This industry gained 1.3 percent by 10:30 am. The top stock within the industry was TrueCar Inc (NASDAQ: TRUE ), which gained 3.3 percent. B. Riley upgraded TrueCar from Sell to Neutral. Nonmetallic Mineral Mining: This industry rose 1.2 percent by 10:30 am ET. The top performer in this industry was Yanzhou Coal Mining Co Ltd (ADR) (NYSE: YZC ), which gained 3.4 percent. Yanzhou Coal Mining shares have surged 19.62 percent over the past 52 weeks, while the S&amp;P 500 index has gained 10.56 percent in the same period. Building Materials Wholesale: The industry gained 1 percent by 10:30 am. The top performer in this industry was Huttig Building Products Inc (NASDAQ: HBP ), which gained 3 percent. Huttig Building shares have climbed 101.59 percent over the past 52 weeks, while the S&amp;P 500 index has gained 10.56 percent in the same period. Regional Airlines: This industry moved up 1 percent by 10:30 am. The top performer in this industry was SkyWest, Inc. (NASDAQ: SKYW ), which rose 2.5 percent. © 2016 Benzinga.com. Benzinga does not provide investment advice. All rights reserved.
</topic_text>
<spam_score>0.00</spam_score>
<post_num>1</post_num>
<post_id>post-1</post_id>
<post_url>http://www.benzinga.com/news/16/08/8406001/top-performing-industries-for-august-30-2016</post_url>
<post_date>20160830</post_date>
<post_time>1502</post_time>
<username>Lisa Levin</username>
<post>
At 10:30 am, the Dow fell 0.34 percent to 18,439.78, the broader Standard &amp; Poor&apos;s 500 index moved down 0.28 percent to 2,174.32 and the NASDAQ composite index dropped 0.27 percent to 5,218.17. 
The industries that are still afloat in the market today are: Internet Service Providers: This industry gained 1.3 percent by 10:30 am. The top stock within the industry was TrueCar Inc (NASDAQ: TRUE ), which gained 3.3 percent. B. Riley upgraded TrueCar from Sell to Neutral. Nonmetallic Mineral Mining: This industry rose 1.2 percent by 10:30 am ET. The top performer in this industry was Yanzhou Coal Mining Co Ltd (ADR) (NYSE: YZC ), which gained 3.4 percent. Yanzhou Coal Mining shares have surged 19.62 percent over the past 52 weeks, while the S&amp;P 500 index has gained 10.56 percent in the same period. Building Materials Wholesale: The industry gained 1 percent by 10:30 am. The top performer in this industry was Huttig Building Products Inc (NASDAQ: HBP ), which gained 3 percent. Huttig Building shares have climbed 101.59 percent over the past 52 weeks, while the S&amp;P 500 index has gained 10.56 percent in the same period. Regional Airlines: This industry moved up 1 percent by 10:30 am. The top performer in this industry was SkyWest, Inc. (NASDAQ: SKYW ), which rose 2.5 percent. © 2016 Benzinga.com. Benzinga does not provide investment advice. All rights reserved.
</post>
<signature>

</signature>
<external_links>

</external_links>
<country>US</country>
<main_image></main_image>
</document>
