<?xml version="1.0" encoding="UTF-8"?>
<document>
<type>mainstream</type>
<forum>http://fr.sputniknews.com/export/rss2/archive/index.xml</forum>
<forum_title>Sputnik France - Actualités - Prises de Position - Radio</forum_title>
<discussion_title>Le plus gros vol de l’histoire: 500 vaches choppées en Nouvelle Zélande</discussion_title>
<language>french</language>
<gmt_offset></gmt_offset>
<topic_url>https://fr.sputniknews.com/societe/201608301027525833-vaches-vol-nouvelle-zelande/</topic_url>
<topic_text>
Le plus gros vol de l’histoire: 500 vaches choppées en Nouvelle Zélande © AFP 2016 (mis à jour 16:58 30.08.2016) URL courte Sacrées vaches indiennes: elles pissent de l&apos;or maintenant! Environ 500 vaches ont été volées en deux mois dans une ferme laitière d&apos;Ashburton en Nouvelle-Zélande. Le dégât causé est estiméà un million de dollars néo-zélandais, soit à peu près 650.000 euros, révèle The New Zealand Herald.
Le prix de chaque vache s&apos;élevant à 2.000 dollars néo-zélandais (environ 1.300 euros), il s&apos;agit du plus gros vol de bétail dans l&apos;histoire du pays, observe le média. 
Les malfaiteurs agissaient par étapes: un troupeau qui comptait en juillet 1.300 vaches se rétrécissait petit à petit… Il n&apos;en a restéà la fin de l&apos;été que 800. 
&quot;Je pense que ces vaches ont été le plus probablement abattues, la viande étant ensuite écoulée illégalement&quot;, a commenté Andrew Hoggard, président de la fédération des fermes laitières de la Nouvelle-Zélande, cité par The Guardian. 
La question de savoir si les malfaiteurs étaient en mesure de respecter les normes hygiéniques pendant la procédure de découpage reste toutefois sans réponse… ... Commentaire Ajouter un commentaire Merci! Votre commentaire sera vérifié par un modérateur afin de vérifier sa conformité aux règles de publication des commentaires Rules | | Editer | Supprimer Sauvegarder Merci! Votre commentaire sera vérifié par un modérateur afin de vérifier sa conformité aux règles de publication des commentaires Rules Grands titres © 2016 Sputnik. Tous droits réservés S&apos;inscrire Veuillez entrer à nouveau votre mot de passe: Veuillez saisir les caractères de l&apos;image ci-dessous En cochant, vous confirmez votre accord avec la politique de confidentialité et vous confirmez également votre accord concernant le traitement de vos données personnelles, y compris en-dehors des frontières de l&apos;Union européenne (sur les territoires de la Fédération de Russie). S&apos;inscrire * Tous les champs sont obligatoires Veuillez confirmer votre email en suivant les instructions qui vous ont été envoyées à l&apos;adresse Réinitialiser le mot de passe Veuillez saisir votre adresse de messagerie Veuillez saisir les caractères de l&apos;image ci-dessous Réinitialiser Fermer Règles de conduite 
L&apos;enregistrement et l&apos;identification de l&apos;utilisateur sur les sites web Sputnik par le biais de l&apos;un de ses comptes sur les réseaux sociaux indique l&apos;acceptation de ces règles. 
L&apos;utilisateur est tenu de ne pas violer, par ses actions, la législation nationale et internationale. 
L&apos;utilisateur s&apos;engage à s&apos;adresser avec respect aux autres participants de la discussion, aux lecteurs et aux personnes mentionnées dans les articles. 
L&apos;administration se réserve le droit de supprimer les commentaires publiés dans des langues différentes de celle du contenu principal de l&apos;article. 
Sur toutes les versions linguistiques du site sputniknews.com, les commentaires publiés par l&apos;utilisateur peuvent être édités. 
Le commentaire de l&apos;utilisateur sera supprimé, s&apos;il: ne correspond pas au sujet de l&apos;article commenté; promeut la haine, la discrimination raciale, ethnique, sexuelle, religieuse, sociale et porte atteinte aux droits des minorités; viole les droits des mineurs, leur cause un préjudice sous toute forme, y compris morale; contient des idées de nature extrémiste et terroriste, appelle à tout type d’actions illégales; contient des insultes, des menaces à l&apos;égard d&apos;autres utilisateurs, des individus ou organisations spécifiques; porte atteinte à l&apos;honneur, à la dignité et à leur réputation professionnelle; contient des insultes ou des messages diffamatoires à l&apos;égard de Sputnik; viole la vie privée, divulgue les données personnelles de tierces personnes sans leur consentement, révèle le secret de la correspondance; contient une description ou des liens vers des scènes de violence et de cruauté envers les animaux; contient des informations sur les méthodes de suicide ou incite au suicide; poursuit des objectifs commerciaux, contient de la publicité abusive, de la publicité politique illégale ou des liens vers d&apos;autres ressources en ligne contenant ce genre d&apos;informations; promeut les produits ou services de tiers sans autorisations nécessaires; contient des expressions insultantes, un langage grossier et leurs dérivés, ainsi que des allusions à l&apos;utilisation d&apos;éléments lexicaux répondant à cette définition; contient du contenu spam, promeut la diffusion de spams, de services de publipostage et de ressources pour gagner de l&apos;argent sur Internet; promeut l&apos;utilisation de stupéfiants et de substances psychotropes, contient des informations sur leur production et leur utilisation; contient des liens vers des virus et des logiciels malveillants; fait partie d&apos;une action, lorsqu&apos;un grand nombre de commentaires au contenu identique ou similaire est posté (&quot;flash mob&quot;); l&apos;auteur abuse d&apos;un grand nombre de messages vides de sens, ou bien le sens du texte est difficile à comprendre (&quot;flood&quot;); l&apos;auteur viole l&apos;étiquette en ligne, en montrant différentes formes de comportement agressif, humiliant et diffamatoire (&quot;trolling&quot;); l&apos;auteur montre un manque de respect pour la langue; par exemple, tout le texte ou sa grande partie est tapé en lettres majuscules et n&apos;est pas divisé en phrases. 
L&apos;administration se réserve le droit de bloquer l&apos;accès de l&apos;utilisateur à la page ou de supprimer son compte sans avertissement préalable en cas de violation par l&apos;utilisateur des règles de rédaction des commentaires ou de détection dans les actions de l&apos;utilisateur de signes d&apos;une telle violation. 
L&apos;utilisateur peut lancer la procédure de recouvrement de son compte / de déblocage de l&apos;accès, en écrivant une lettre à l&apos;adresse électronique suivante: La lettre doit contenir: Le sujet – le recouvrement du compte/ le déblocage de l&apos;accès Le nom d&apos;utilisateur Les explications des raisons des actions qui constituaient la violation des règles mentionnées ci-dessus et ont conduit au blocage. 
Si les modérateurs jugent possible de restaurer le compte / d&apos;en débloquer l&apos;accès, il en sera ainsi. 
Dans le cas d&apos;une violation répétée des règles et d&apos;un blocage répété, l&apos;accès de l&apos;utilisateur ne peut pas être restauré. Le blocage, dans ce cas, est définitif. 
Pour contacter l&apos;équipe de modérateurs, utilisez l&apos;adresse électronique suivante: Identification
</topic_text>
<spam_score>0.00</spam_score>
<post_num>1</post_num>
<post_id>post-1</post_id>
<post_url>https://fr.sputniknews.com/societe/201608301027525833-vaches-vol-nouvelle-zelande/</post_url>
<post_date>20160830</post_date>
<post_time>1455</post_time>
<username></username>
<post>
Le plus gros vol de l’histoire: 500 vaches choppées en Nouvelle Zélande © AFP 2016 (mis à jour 16:58 30.08.2016) URL courte Sacrées vaches indiennes: elles pissent de l&apos;or maintenant! Environ 500 vaches ont été volées en deux mois dans une ferme laitière d&apos;Ashburton en Nouvelle-Zélande. Le dégât causé est estiméà un million de dollars néo-zélandais, soit à peu près 650.000 euros, révèle The New Zealand Herald.
Le prix de chaque vache s&apos;élevant à 2.000 dollars néo-zélandais (environ 1.300 euros), il s&apos;agit du plus gros vol de bétail dans l&apos;histoire du pays, observe le média. 
Les malfaiteurs agissaient par étapes: un troupeau qui comptait en juillet 1.300 vaches se rétrécissait petit à petit… Il n&apos;en a restéà la fin de l&apos;été que 800. 
&quot;Je pense que ces vaches ont été le plus probablement abattues, la viande étant ensuite écoulée illégalement&quot;, a commenté Andrew Hoggard, président de la fédération des fermes laitières de la Nouvelle-Zélande, cité par The Guardian. 
La question de savoir si les malfaiteurs étaient en mesure de respecter les normes hygiéniques pendant la procédure de découpage reste toutefois sans réponse… ... Commentaire Ajouter un commentaire Merci! Votre commentaire sera vérifié par un modérateur afin de vérifier sa conformité aux règles de publication des commentaires Rules | | Editer | Supprimer Sauvegarder Merci! Votre commentaire sera vérifié par un modérateur afin de vérifier sa conformité aux règles de publication des commentaires Rules Grands titres © 2016 Sputnik. Tous droits réservés S&apos;inscrire Veuillez entrer à nouveau votre mot de passe: Veuillez saisir les caractères de l&apos;image ci-dessous En cochant, vous confirmez votre accord avec la politique de confidentialité et vous confirmez également votre accord concernant le traitement de vos données personnelles, y compris en-dehors des frontières de l&apos;Union européenne (sur les territoires de la Fédération de Russie). S&apos;inscrire * Tous les champs sont obligatoires Veuillez confirmer votre email en suivant les instructions qui vous ont été envoyées à l&apos;adresse Réinitialiser le mot de passe Veuillez saisir votre adresse de messagerie Veuillez saisir les caractères de l&apos;image ci-dessous Réinitialiser Fermer Règles de conduite 
L&apos;enregistrement et l&apos;identification de l&apos;utilisateur sur les sites web Sputnik par le biais de l&apos;un de ses comptes sur les réseaux sociaux indique l&apos;acceptation de ces règles. 
L&apos;utilisateur est tenu de ne pas violer, par ses actions, la législation nationale et internationale. 
L&apos;utilisateur s&apos;engage à s&apos;adresser avec respect aux autres participants de la discussion, aux lecteurs et aux personnes mentionnées dans les articles. 
L&apos;administration se réserve le droit de supprimer les commentaires publiés dans des langues différentes de celle du contenu principal de l&apos;article. 
Sur toutes les versions linguistiques du site sputniknews.com, les commentaires publiés par l&apos;utilisateur peuvent être édités. 
Le commentaire de l&apos;utilisateur sera supprimé, s&apos;il: ne correspond pas au sujet de l&apos;article commenté; promeut la haine, la discrimination raciale, ethnique, sexuelle, religieuse, sociale et porte atteinte aux droits des minorités; viole les droits des mineurs, leur cause un préjudice sous toute forme, y compris morale; contient des idées de nature extrémiste et terroriste, appelle à tout type d’actions illégales; contient des insultes, des menaces à l&apos;égard d&apos;autres utilisateurs, des individus ou organisations spécifiques; porte atteinte à l&apos;honneur, à la dignité et à leur réputation professionnelle; contient des insultes ou des messages diffamatoires à l&apos;égard de Sputnik; viole la vie privée, divulgue les données personnelles de tierces personnes sans leur consentement, révèle le secret de la correspondance; contient une description ou des liens vers des scènes de violence et de cruauté envers les animaux; contient des informations sur les méthodes de suicide ou incite au suicide; poursuit des objectifs commerciaux, contient de la publicité abusive, de la publicité politique illégale ou des liens vers d&apos;autres ressources en ligne contenant ce genre d&apos;informations; promeut les produits ou services de tiers sans autorisations nécessaires; contient des expressions insultantes, un langage grossier et leurs dérivés, ainsi que des allusions à l&apos;utilisation d&apos;éléments lexicaux répondant à cette définition; contient du contenu spam, promeut la diffusion de spams, de services de publipostage et de ressources pour gagner de l&apos;argent sur Internet; promeut l&apos;utilisation de stupéfiants et de substances psychotropes, contient des informations sur leur production et leur utilisation; contient des liens vers des virus et des logiciels malveillants; fait partie d&apos;une action, lorsqu&apos;un grand nombre de commentaires au contenu identique ou similaire est posté (&quot;flash mob&quot;); l&apos;auteur abuse d&apos;un grand nombre de messages vides de sens, ou bien le sens du texte est difficile à comprendre (&quot;flood&quot;); l&apos;auteur viole l&apos;étiquette en ligne, en montrant différentes formes de comportement agressif, humiliant et diffamatoire (&quot;trolling&quot;); l&apos;auteur montre un manque de respect pour la langue; par exemple, tout le texte ou sa grande partie est tapé en lettres majuscules et n&apos;est pas divisé en phrases. 
L&apos;administration se réserve le droit de bloquer l&apos;accès de l&apos;utilisateur à la page ou de supprimer son compte sans avertissement préalable en cas de violation par l&apos;utilisateur des règles de rédaction des commentaires ou de détection dans les actions de l&apos;utilisateur de signes d&apos;une telle violation. 
L&apos;utilisateur peut lancer la procédure de recouvrement de son compte / de déblocage de l&apos;accès, en écrivant une lettre à l&apos;adresse électronique suivante: La lettre doit contenir: Le sujet – le recouvrement du compte/ le déblocage de l&apos;accès Le nom d&apos;utilisateur Les explications des raisons des actions qui constituaient la violation des règles mentionnées ci-dessus et ont conduit au blocage. 
Si les modérateurs jugent possible de restaurer le compte / d&apos;en débloquer l&apos;accès, il en sera ainsi. 
Dans le cas d&apos;une violation répétée des règles et d&apos;un blocage répété, l&apos;accès de l&apos;utilisateur ne peut pas être restauré. Le blocage, dans ce cas, est définitif. 
Pour contacter l&apos;équipe de modérateurs, utilisez l&apos;adresse électronique suivante: Identification
</post>
<signature>

</signature>
<external_links>

</external_links>
<country>RU</country>
<main_image>https://cdnfr1.img.sputniknews.com/images/102573/56/1025735620.jpg</main_image>
</document>
