<?xml version="1.0" encoding="UTF-8"?>
<document>
<type>mainstream</type>
<forum>http://feeds.feedburner.com/rss_osc_headlines_en</forum>
<forum_title>OSC Headlines</forum_title>
<discussion_title>Notice from the Office of the Secretary: In the Matter of Douglas John Vermeeren</discussion_title>
<language>english</language>
<gmt_offset></gmt_offset>
<topic_url>http://www.osc.gov.on.ca/en/Proceedings_enr_20160829_vermeerend.htm</topic_url>
<topic_text>
  Douglas John Vermeeren Proceedings IN THE MATTER OF THE SECURITIES ACT R.S.O. 1990, C. S.5, AS AMENDED - AND – IN THE MATTER OF DOUGLAS JOHN VERMEEREN 
  pursuant to Subsections 127(1) and 127(10) of the Securities Act in the above noted matter.   w  
</topic_text>
<spam_score>0.00</spam_score>
<post_num>1</post_num>
<post_id>post-1</post_id>
<post_url>http://www.osc.gov.on.ca/en/Proceedings_enr_20160829_vermeerend.htm</post_url>
<post_date>20160829</post_date>
<post_time>1830</post_time>
<username></username>
<post>
  Douglas John Vermeeren Proceedings IN THE MATTER OF THE SECURITIES ACT R.S.O. 1990, C. S.5, AS AMENDED - AND – IN THE MATTER OF DOUGLAS JOHN VERMEEREN 
  pursuant to Subsections 127(1) and 127(10) of the Securities Act in the above noted matter.   w  
</post>
<signature>

</signature>
<external_links>

</external_links>
<country>US</country>
<main_image>http://www.osc.gov.on.ca/static/structure/img/android-chrome-192x192.png</main_image>
</document>
