<?xml version="1.0" encoding="UTF-8"?>
<document>
<type>mainstream</type>
<forum>http://info.sibnet.ru/data/last.rss</forum>
<forum_title>Sibnet: Новости</forum_title>
<discussion_title>Sony запустила производство флешек в России</discussion_title>
<language>russian</language>
<gmt_offset></gmt_offset>
<topic_url>http://info.sibnet.ru/article/493129/</topic_url>
<topic_text>
Фото : © WDnet / https://creativecommons.org/publicdomain/zero/1.0/deed.ru 
Sony Electronics открыла в Санкт-Петербурге производство карт памяти microSD и USB-накопителей для продажи в странах Евразийского экономического союза (ЕАЭС). 
Производство карт памяти будет осуществляться партнёром Sony на заводе с высокотехнологичным оборудованием, рассказал «Коммерсанту» руководитель отдела носителей информации и периферийного оборудования Sony Electronics в России и странах СНГ Кэнтаро Икэда. Объём производимых флешек будет варьироваться от 8 до 64 гигабайт. Seagate представила жёсткий диск на 60 терабайт 
Произведённая в Петербурге продукция появится в магазинах в сентябре. Она будет продаваться в странах ЕАЭС — России, Казахстане, Белоруссии и Армении. В Sony не уточнили, какие именно стадии производства будут осуществляться в Петербурге, но заверили, что речь идёт «не просто о финальной сборке», иначе компания «не смогла бы назвать карты сделанными в России». 
Маркировка Made in Russia позволит Sony заключать контракты с госструктурами. По словам главы департамента PR &amp; New Business «Тошиба Рус» Владимира Максимова, с экономической точки зрения иметь в России сборку microSD бессмысленно, так как модуль памяти составляет около 95% стоимости устройства, а готовая продукция импортируется в ЕАЭС по нулевой пошлине. Единственное объяснение шагов Sony Максимов видит в большом госконтракте, в котором планирует поучаствовать японская компания. 
По итогам первого полугодия 2016 года продажи USB-накопителей в России снизились на 8,6% по сравнению с тем же периодом в 2015 году (до 4 миллионов штук), следует из данных GfK. Объём рынка в денежном выражении уменьшился на 4% до 2,6 миллиарда рублей. Продажи карт памяти за тот же период снизились на 2% до 6,6 миллиона штук. Объём этого рынка уменьшился на 9% до 5,2 миллиарда рублей. 30 августа 2016, 15:36 НСК источник:
</topic_text>
<spam_score>0.00</spam_score>
<post_num>1</post_num>
<post_id>post-1</post_id>
<post_url>http://info.sibnet.ru/article/493129/</post_url>
<post_date>20160830</post_date>
<post_time>0836</post_time>
<username></username>
<post>
Фото : © WDnet / https://creativecommons.org/publicdomain/zero/1.0/deed.ru 
Sony Electronics открыла в Санкт-Петербурге производство карт памяти microSD и USB-накопителей для продажи в странах Евразийского экономического союза (ЕАЭС). 
Производство карт памяти будет осуществляться партнёром Sony на заводе с высокотехнологичным оборудованием, рассказал «Коммерсанту» руководитель отдела носителей информации и периферийного оборудования Sony Electronics в России и странах СНГ Кэнтаро Икэда. Объём производимых флешек будет варьироваться от 8 до 64 гигабайт. Seagate представила жёсткий диск на 60 терабайт 
Произведённая в Петербурге продукция появится в магазинах в сентябре. Она будет продаваться в странах ЕАЭС — России, Казахстане, Белоруссии и Армении. В Sony не уточнили, какие именно стадии производства будут осуществляться в Петербурге, но заверили, что речь идёт «не просто о финальной сборке», иначе компания «не смогла бы назвать карты сделанными в России». 
Маркировка Made in Russia позволит Sony заключать контракты с госструктурами. По словам главы департамента PR &amp; New Business «Тошиба Рус» Владимира Максимова, с экономической точки зрения иметь в России сборку microSD бессмысленно, так как модуль памяти составляет около 95% стоимости устройства, а готовая продукция импортируется в ЕАЭС по нулевой пошлине. Единственное объяснение шагов Sony Максимов видит в большом госконтракте, в котором планирует поучаствовать японская компания. 
По итогам первого полугодия 2016 года продажи USB-накопителей в России снизились на 8,6% по сравнению с тем же периодом в 2015 году (до 4 миллионов штук), следует из данных GfK. Объём рынка в денежном выражении уменьшился на 4% до 2,6 миллиарда рублей. Продажи карт памяти за тот же период снизились на 2% до 6,6 миллиона штук. Объём этого рынка уменьшился на 9% до 5,2 миллиарда рублей. 30 августа 2016, 15:36 НСК источник:
</post>
<signature>

</signature>
<external_links>

</external_links>
<country>RU</country>
<main_image>http://info.sibnet.ru/article/493129/ni/493/493129w_1472546598.jpg</main_image>
</document>
