<?xml version="1.0" encoding="UTF-8"?>
<document>
<type>mainstream</type>
<forum>http://info.sibnet.ru/data/last.rss</forum>
<forum_title>Sibnet: Новости</forum_title>
<discussion_title>Состоявшиеся звезды выступят на слепом прослушивании «Голоса»</discussion_title>
<language>russian</language>
<gmt_offset></gmt_offset>
<topic_url>http://info.sibnet.ru/article/493171/</topic_url>
<topic_text>
Фото : © instagram.com/bilanofficial Продюсер шоу «Голос» Юрий Аксюта назвал наставников пятого сезона музыкального проекта, а СМИ сообщили, что на слепое прослушивание придут звезды российского шоу-бизнеса, которые будут петь за спиной жюри.
В новом сезоне музыкального шоу наставниками станут Григорий Лепс, Леонид Агутин, Полина Гагарина и Дима Билан. 
В шоу планируют принять участие уже признанные звезды и просто известные личности, сообщает StarHit . Среди них, например, бывшие участницы «Фабрики звезд» Согдиана и Юлия Михальчик, Катя Гордон и внучка Григория Лепса. 
Проект состоит из нескольких этапов. Самый интригующий — слепое прослушивание. В нем наставники сидят спиной к сцене, а исполнитель должен спеть так, чтобы жюри повернулось к нему лицом. Если повернется сразу несколько наставников, исполнитель сам выбирает, к кому пойдет в команду. Далее наставники набирают команды, участники которых соревнуются между собой, а в финале зрители выбирают лучший голос.
</topic_text>
<spam_score>0.00</spam_score>
<post_num>1</post_num>
<post_id>post-1</post_id>
<post_url>http://info.sibnet.ru/article/493171/</post_url>
<post_date>20160830</post_date>
<post_time>1027</post_time>
<username></username>
<post>
Фото : © instagram.com/bilanofficial Продюсер шоу «Голос» Юрий Аксюта назвал наставников пятого сезона музыкального проекта, а СМИ сообщили, что на слепое прослушивание придут звезды российского шоу-бизнеса, которые будут петь за спиной жюри.
В новом сезоне музыкального шоу наставниками станут Григорий Лепс, Леонид Агутин, Полина Гагарина и Дима Билан. 
В шоу планируют принять участие уже признанные звезды и просто известные личности, сообщает StarHit . Среди них, например, бывшие участницы «Фабрики звезд» Согдиана и Юлия Михальчик, Катя Гордон и внучка Григория Лепса. 
Проект состоит из нескольких этапов. Самый интригующий — слепое прослушивание. В нем наставники сидят спиной к сцене, а исполнитель должен спеть так, чтобы жюри повернулось к нему лицом. Если повернется сразу несколько наставников, исполнитель сам выбирает, к кому пойдет в команду. Далее наставники набирают команды, участники которых соревнуются между собой, а в финале зрители выбирают лучший голос.
</post>
<signature>

</signature>
<external_links>

</external_links>
<country>RU</country>
<main_image>http://info.sibnet.ru/article/493171/ni/493/493171w_1472552837.jpg</main_image>
</document>
