<?xml version="1.0" encoding="UTF-8"?>
<document>
<type>mainstream</type>
<forum>http://deutschlandfunk.de/nachrichten.353.de.rss</forum>
<forum_title>Deutschlandfunk - Die Nachrichten</forum_title>
<discussion_title>Estland - Präsidentenwahl auch nach dritter Runde ohne Sieger</discussion_title>
<language>german</language>
<gmt_offset></gmt_offset>
<topic_url>http://www.deutschlandfunk.de/estland-praesidentenwahl-auch-nach-dritter-runde-ohne-sieger.447.de.html?drn:news_id=650842</topic_url>
<topic_text>
Auch im zweiten Versuch konnten sich die Abgeordneten des estnischen Parlaments nicht auf einen neuen Staatspräsidenten einigen. (picture alliance / dpa / Zentralbild / Peer Grimm) In Estland ist auch der dritte Anlauf für die Wahl eines neuen Staatspräsidenten erfolglos geblieben. 
Die Abgeordneten des Parlaments in Tallinn konnten sich nicht mit der notwendigen Zwei-Drittel-Mehrheit auf einen Kandidaten einigen. Zur Wahl hatten der ehemalige EU-Kommissar Kallas und die frühere Bildungsministerin Reps gestanden. Nun muss gemäß der Verfassung ein Wahlmännergremium einberufen werden, dem neben Parlamentsabgeordneten auch Kommunalpolitiker angehören. Bei der Wahl in dem Gremium genügt dann die einfache Mehrheit. Kallas und Reps sind automatisch für die Entscheidung im Wahlmännergremium aufgestellt, es können aber noch zusätzliche Kandidaten nominiert werden. Weitere Nachrichten
</topic_text>
<spam_score>0.00</spam_score>
<post_num>1</post_num>
<post_id>post-1</post_id>
<post_url>http://www.deutschlandfunk.de/estland-praesidentenwahl-auch-nach-dritter-runde-ohne-sieger.447.de.html?drn:news_id=650842</post_url>
<post_date>20160830</post_date>
<post_time>1508</post_time>
<username></username>
<post>
Auch im zweiten Versuch konnten sich die Abgeordneten des estnischen Parlaments nicht auf einen neuen Staatspräsidenten einigen. (picture alliance / dpa / Zentralbild / Peer Grimm) In Estland ist auch der dritte Anlauf für die Wahl eines neuen Staatspräsidenten erfolglos geblieben. 
Die Abgeordneten des Parlaments in Tallinn konnten sich nicht mit der notwendigen Zwei-Drittel-Mehrheit auf einen Kandidaten einigen. Zur Wahl hatten der ehemalige EU-Kommissar Kallas und die frühere Bildungsministerin Reps gestanden. Nun muss gemäß der Verfassung ein Wahlmännergremium einberufen werden, dem neben Parlamentsabgeordneten auch Kommunalpolitiker angehören. Bei der Wahl in dem Gremium genügt dann die einfache Mehrheit. Kallas und Reps sind automatisch für die Entscheidung im Wahlmännergremium aufgestellt, es können aber noch zusätzliche Kandidaten nominiert werden. Weitere Nachrichten
</post>
<signature>

</signature>
<external_links>

</external_links>
<country>DE</country>
<main_image>http://www.deutschlandfunk.de/media/thumbs/5/5fda3e1c634f6bd5abdb4cbfbd881fe4v1_max_555x312_b3535db83dc50e27c1bb1392364c95a2.jpg</main_image>
</document>
