<?xml version="1.0" encoding="UTF-8"?>
<document>
<type>mainstream</type>
<forum>http://feeds2.feedburner.com/Hoofdpunten</forum>
<forum_title>Laatste hoofdpunten</forum_title>
<discussion_title>Het Parool: KLM: Amerikanen, wij zijn geen melkproduct</discussion_title>
<language>dutch</language>
<gmt_offset></gmt_offset>
<topic_url>http://www.parool.nl/kunst-en-media/klm-amerikanen-wij-zijn-geen-melkproduct~a4367167/</topic_url>
<topic_text>
Buis De stroom tv-programma&apos;s en online video&apos;s groeit continu. In de rubriek Buis selecteren we de leukste, interessantste en ontroerendste fragmenten. Vandaag: KLM wil Amerikanen leren dat KLM geen melkproduct is. Door: Redactie 30 augustus 2016, 16:45 Is KLM een melkproduct of een bandnaam? Rare vraagt, denkt u waarschijnlijk. Maar niet voor Amerikanen. Uit onderzoek van de blijkt dat veel inwoners van het land geen flauw idee hebben dat de drie letters staan voor een luchtvaartmaatschappij. Voor KLM genoeg reden een online campagne te starten om wat aan de naamsbekendheid te doen. Acteur Ken Marino uit de NBC-serie &apos;Marry Me&apos; vertelt kijkers op ironische wat een &apos;airline&apos; is (spoiler: &apos;een vliegende buis met ramen waar je doorheen kunt kijken&apos;).Of dit echt werkt? Wie zal het zeggen. Is het grappig? Beoordeelt u dat zelf maar. Volg en lees meer over:
</topic_text>
<spam_score>0.00</spam_score>
<post_num>1</post_num>
<post_id>post-1</post_id>
<post_url>http://www.parool.nl/kunst-en-media/klm-amerikanen-wij-zijn-geen-melkproduct~a4367167/</post_url>
<post_date>20160830</post_date>
<post_time>1500</post_time>
<username></username>
<post>
Buis De stroom tv-programma&apos;s en online video&apos;s groeit continu. In de rubriek Buis selecteren we de leukste, interessantste en ontroerendste fragmenten. Vandaag: KLM wil Amerikanen leren dat KLM geen melkproduct is. Door: Redactie 30 augustus 2016, 16:45 Is KLM een melkproduct of een bandnaam? Rare vraagt, denkt u waarschijnlijk. Maar niet voor Amerikanen. Uit onderzoek van de blijkt dat veel inwoners van het land geen flauw idee hebben dat de drie letters staan voor een luchtvaartmaatschappij. Voor KLM genoeg reden een online campagne te starten om wat aan de naamsbekendheid te doen. Acteur Ken Marino uit de NBC-serie &apos;Marry Me&apos; vertelt kijkers op ironische wat een &apos;airline&apos; is (spoiler: &apos;een vliegende buis met ramen waar je doorheen kunt kijken&apos;).Of dit echt werkt? Wie zal het zeggen. Is het grappig? Beoordeelt u dat zelf maar. Volg en lees meer over:
</post>
<signature>

</signature>
<external_links>

</external_links>
<country>BE</country>
<main_image>http://static1.persgroep.net/parool/image/88d78e14-5a30-46cd-8234-626130144f51?width=700</main_image>
</document>
