<?xml version="1.0" encoding="UTF-8"?>
<document>
<type>mainstream</type>
<forum>http://info.sibnet.ru/data/last.rss</forum>
<forum_title>Sibnet: Новости</forum_title>
<discussion_title>США проиграли России битву за Арктику</discussion_title>
<language>russian</language>
<gmt_offset></gmt_offset>
<topic_url>http://info.sibnet.ru/article/493216/</topic_url>
<topic_text>
США проиграли России битву за Арктику Фото: © пресс-служба ПАО «Газпром нефть» Москва демонстрирует тотальное превосходство над Вашингтоном в Арктике — США практически не готовы к освоению ледяных земель, тогда как россияне успешно обживают арктические территории, заявил американский генерал Пол Сельва. 
«Мы не обладаем возможностью каким-либо материальным образом присутствовать в Арктике, и нам следует обратить на это особое внимание», — приводит слова военного чиновника издание Business Insider . Россия развернет дивизию у Аляски 
Аналитики отмечают, что только ледоколов у России более 20, тогда как у США всего лишь два — Cutter Healy и Polar Star. Без ледокольного флота освоение Арктики невозможно, признает Сильва, который указывает на необходимость строительства американских кораблей такого класса. 
По оценке специалистов, таяние ледников в Арктике открывает дополнительные транспортные маршруты, кроме этого облегчает освоение огромных залежей нефти и газа на шельфе — там могут находиться до четверти всех неразведанных мировых запасов углеводородов. 
Ранее на слушаниях в сенате председатель Объединенного комитета начальников штабов ВС США генерал Джозеф Данфорд заявил , что Россия в Арктике бросила вызов США . 30 августа 2016, 21:35 НСК источник:
</topic_text>
<spam_score>0.00</spam_score>
<post_num>1</post_num>
<post_id>post-1</post_id>
<post_url>http://info.sibnet.ru/article/493216/</post_url>
<post_date>20160830</post_date>
<post_time>1435</post_time>
<username></username>
<post>
США проиграли России битву за Арктику Фото: © пресс-служба ПАО «Газпром нефть» Москва демонстрирует тотальное превосходство над Вашингтоном в Арктике — США практически не готовы к освоению ледяных земель, тогда как россияне успешно обживают арктические территории, заявил американский генерал Пол Сельва. 
«Мы не обладаем возможностью каким-либо материальным образом присутствовать в Арктике, и нам следует обратить на это особое внимание», — приводит слова военного чиновника издание Business Insider . Россия развернет дивизию у Аляски 
Аналитики отмечают, что только ледоколов у России более 20, тогда как у США всего лишь два — Cutter Healy и Polar Star. Без ледокольного флота освоение Арктики невозможно, признает Сильва, который указывает на необходимость строительства американских кораблей такого класса. 
По оценке специалистов, таяние ледников в Арктике открывает дополнительные транспортные маршруты, кроме этого облегчает освоение огромных залежей нефти и газа на шельфе — там могут находиться до четверти всех неразведанных мировых запасов углеводородов. 
Ранее на слушаниях в сенате председатель Объединенного комитета начальников штабов ВС США генерал Джозеф Данфорд заявил , что Россия в Арктике бросила вызов США . 30 августа 2016, 21:35 НСК источник:
</post>
<signature>

</signature>
<external_links>

</external_links>
<country>RU</country>
<main_image>http://info.sibnet.ru/article/493216/ni/493/493216w_1472567813.jpg</main_image>
</document>
