<?xml version="1.0" encoding="UTF-8"?>
<document>
<type>mainstream</type>
<forum>http://www.vleesmagazine.nl/rss/feed/nieuws</forum>
<forum_title>Vleesmagazine - Laatste nieuws</forum_title>
<discussion_title>Doel verminderen voedselverspilling niet gehaald</discussion_title>
<language>dutch</language>
<gmt_offset></gmt_offset>
<topic_url>http://www.vleesmagazine.nl/nieuws/nieuws/2016/8/doel-verminderen-voedselverspilling-niet-gehaald-10141576</topic_url>
<topic_text>
Nieuws 
De overheidsdoelstelling om de voedselverspilling met 20 procent terug te dringen, is niet gehaald. 
Per Nederlander wordt jaarlijks tussen de 114 en 157 kilogram voedsel weggegooid, totaal circa 2 miljard kilo eten. Tussen 2009 en 2015 is die hoeveelheid niet verminderd, staat in een brief aan de Tweede Kamer van staatssecretaris van Dam van economische zaken over de Monitor Voedselverspilling. Onderzoeker Toine Timmermans van de Wageningen Universiteit zegt op de website van de NOS dat die hoeveelheid wel degelijk is terug te dringen. Houdbaarheidsdatum niet heilig 
Circa de helft van het voedsel wordt door consumenten weggegooid. Staatsecretaris Van Dam laat onderzoeken of de regelgeving rond de houdbaarheidsdatum kan worden versoepeld. Volgens Timmermans een goede zet want consumenten denken ten onrechte dat eten altijd bedorven is als de houdbaarheidsdatum op de verpakking is bereikt. Volgens hem staat die datum in de meeste gevallen voor een kwaliteitsgarantie en niet perse voor houdbaarheid. Zo is bijvoorbeeld yoghurt nog wel een week goed na het verstrijken van de datum. ‘Maar met vlees kan beter niet worden geëxperimenteerd’, zegt hij. Impulsaankopen leiden tot voedselverspilling 
Een andere oorzaak voor verspilling is volgens Timmermans dat consumenten zich in de supermarkt tot impulsaankopen laten verleiden. Die verdwijnen volgens hem regelmatig ongeopend in de vuilnisbak. Uit onderzoek blijkt dat consumenten die met een boodschappenlijst te winkelen minder impulsaankopen doen en daardoor minder weggooien. Verpakkingsgrootte variëren 
Bovendien kunnen supermarkten volgens Timmermans ook een rol spelen. Die moeten meer variëteit in de grootte van verpakkingen aanbieden. Nu worden ze vaak gedwongen om eten in grotere verpakkingen te kopen dan ze nodig hebben. Voedselverspilling niet op agenda consument 
Het belangrijkste is volgens Timmermans echter de mentaliteit van de meeste mensen. Voedselverspilling tegen gaan staat niet hoog op hun mentale agenda. ‘Mensen zien voedselverspilling nog niet als een heel groot probleem’, de onderzoeker. ‘Het gaat om een mentaliteit- en gedragsverandering en dat is het ingewikkeldste deel van het probleem.’ Timmermans’ vijf tips tegen verspilling: 
– Gebruik een boodschappenlijstje– Bewaar voedsel op de juiste manier – Deel de koelkast goed in – Proef of eten nog goed is – Hergebruik overgebleven maaltijden   Ron Jansen op 30   30 aug 2016 107 keer bekeken
</topic_text>
<spam_score>0.00</spam_score>
<post_num>1</post_num>
<post_id>post-1</post_id>
<post_url>http://www.vleesmagazine.nl/nieuws/nieuws/2016/8/doel-verminderen-voedselverspilling-niet-gehaald-10141576</post_url>
<post_date>20160830</post_date>
<post_time>0622</post_time>
<username></username>
<post>
Nieuws 
De overheidsdoelstelling om de voedselverspilling met 20 procent terug te dringen, is niet gehaald. 
Per Nederlander wordt jaarlijks tussen de 114 en 157 kilogram voedsel weggegooid, totaal circa 2 miljard kilo eten. Tussen 2009 en 2015 is die hoeveelheid niet verminderd, staat in een brief aan de Tweede Kamer van staatssecretaris van Dam van economische zaken over de Monitor Voedselverspilling. Onderzoeker Toine Timmermans van de Wageningen Universiteit zegt op de website van de NOS dat die hoeveelheid wel degelijk is terug te dringen. Houdbaarheidsdatum niet heilig 
Circa de helft van het voedsel wordt door consumenten weggegooid. Staatsecretaris Van Dam laat onderzoeken of de regelgeving rond de houdbaarheidsdatum kan worden versoepeld. Volgens Timmermans een goede zet want consumenten denken ten onrechte dat eten altijd bedorven is als de houdbaarheidsdatum op de verpakking is bereikt. Volgens hem staat die datum in de meeste gevallen voor een kwaliteitsgarantie en niet perse voor houdbaarheid. Zo is bijvoorbeeld yoghurt nog wel een week goed na het verstrijken van de datum. ‘Maar met vlees kan beter niet worden geëxperimenteerd’, zegt hij. Impulsaankopen leiden tot voedselverspilling 
Een andere oorzaak voor verspilling is volgens Timmermans dat consumenten zich in de supermarkt tot impulsaankopen laten verleiden. Die verdwijnen volgens hem regelmatig ongeopend in de vuilnisbak. Uit onderzoek blijkt dat consumenten die met een boodschappenlijst te winkelen minder impulsaankopen doen en daardoor minder weggooien. Verpakkingsgrootte variëren 
Bovendien kunnen supermarkten volgens Timmermans ook een rol spelen. Die moeten meer variëteit in de grootte van verpakkingen aanbieden. Nu worden ze vaak gedwongen om eten in grotere verpakkingen te kopen dan ze nodig hebben. Voedselverspilling niet op agenda consument 
Het belangrijkste is volgens Timmermans echter de mentaliteit van de meeste mensen. Voedselverspilling tegen gaan staat niet hoog op hun mentale agenda. ‘Mensen zien voedselverspilling nog niet als een heel groot probleem’, de onderzoeker. ‘Het gaat om een mentaliteit- en gedragsverandering en dat is het ingewikkeldste deel van het probleem.’ Timmermans’ vijf tips tegen verspilling: 
– Gebruik een boodschappenlijstje– Bewaar voedsel op de juiste manier – Deel de koelkast goed in – Proef of eten nog goed is – Hergebruik overgebleven maaltijden   Ron Jansen op 30   30 aug 2016 107 keer bekeken
</post>
<signature>

</signature>
<external_links>

</external_links>
<country>NL</country>
<main_image></main_image>
</document>
