<?xml version="1.0" encoding="UTF-8"?>
<document>
<type>mainstream</type>
<forum>http://feeds2.feedburner.com/ArtmajeurDaily</forum>
<forum_title>Artmajeur - Latest Artworks</forum_title>
<discussion_title>Vitrail</discussion_title>
<language>french</language>
<gmt_offset></gmt_offset>
<topic_url>http://www.artmajeur.com/fr/artist/chef/collection/collages/1048017/artwork/vitrail/9409570</topic_url>
<topic_text>
Autres œuvres de Monique CHEF : Duo fleuri - Painting, 55x46 cm ©2016 par Monique CHEF - Art figuratif, Toile, Nature morte, Nature morte, fleurs Composition - Mixed Media, 40x50 cm ©2015 par Monique CHEF - Art abstrait, Papier, Art abstrait, Techniques mixtes collages nature2-2014.jpg - Painting, 80x80 cm ©2014 par Monique CHEF - Art abstrait, Toile, Art abstrait, Abstrait, acrylique, technique mixte composition-2011.jpg - Painting, 80x80 cm ©2015 par Monique CHEF - Art abstrait, Toile Collage - Mixed Media, 30x40 cm ©2015 par Monique CHEF - Art abstrait, Papier Fenêtres 5 - Painting, 50x40 cm ©2015 par Monique CHEF - Art abstrait, Papier Vibrations - Painting, 40x40 cm ©2015 par Monique CHEF - Art abstrait, Papier Marionnette 2 - Painting, 30x40 cm ©2010 par Monique CHEF - Peinture contemporaine, Papier, Art contemporain, collage La naissance du monde - Painting, 81x100 cm ©2009 par Monique CHEF - Peinture acrylique, technique mixte Artmajeur ™
</topic_text>
<spam_score>0.00</spam_score>
<post_num>1</post_num>
<post_id>post-1</post_id>
<post_url>http://www.artmajeur.com/fr/artist/chef/collection/collages/1048017/artwork/vitrail/9409570</post_url>
<post_date>20160830</post_date>
<post_time>1508</post_time>
<username>noreply+4873@artmajeur.com (Monique CHEF)</username>
<post>
Autres œuvres de Monique CHEF : Duo fleuri - Painting, 55x46 cm ©2016 par Monique CHEF - Art figuratif, Toile, Nature morte, Nature morte, fleurs Composition - Mixed Media, 40x50 cm ©2015 par Monique CHEF - Art abstrait, Papier, Art abstrait, Techniques mixtes collages nature2-2014.jpg - Painting, 80x80 cm ©2014 par Monique CHEF - Art abstrait, Toile, Art abstrait, Abstrait, acrylique, technique mixte composition-2011.jpg - Painting, 80x80 cm ©2015 par Monique CHEF - Art abstrait, Toile Collage - Mixed Media, 30x40 cm ©2015 par Monique CHEF - Art abstrait, Papier Fenêtres 5 - Painting, 50x40 cm ©2015 par Monique CHEF - Art abstrait, Papier Vibrations - Painting, 40x40 cm ©2015 par Monique CHEF - Art abstrait, Papier Marionnette 2 - Painting, 30x40 cm ©2010 par Monique CHEF - Peinture contemporaine, Papier, Art contemporain, collage La naissance du monde - Painting, 81x100 cm ©2009 par Monique CHEF - Peinture acrylique, technique mixte Artmajeur ™
</post>
<signature>

</signature>
<external_links>

</external_links>
<country>FR</country>
<main_image>http://www.artmajeur.com/medias/standard_watermark/c/h/chef/artwork/9409570_003.jpg</main_image>
</document>
