<?xml version="1.0" encoding="UTF-8"?>
<document>
<type>mainstream</type>
<forum>http://info.sibnet.ru/data/last.rss</forum>
<forum_title>Sibnet: Новости</forum_title>
<discussion_title>Новосибирцы пожаловались на проблемы с отпуском</discussion_title>
<language>russian</language>
<gmt_offset></gmt_offset>
<topic_url>http://info.sibnet.ru/article/493147/</topic_url>
<topic_text>
Фото : Christopher Michel / CC BY 2.0 
Каждый второй новосибирец когда-либо сталкивался с отказом в предоставлении отпуска со стороны работодателя, а четверть горожан на отдыхе продолжают отвечать на звонки по работе. 
По данным сайта по поиску и подбору персонала HeadHunter, чаще всего в отпуске отказывали маркетологам, специалистам по рекламе и PR, юристам, строителям с продажникам. Реже всего с отказом сталкивались представители сферы «Административный персонал». 
Руководство в основном объясняло причину отказа большим количеством работы в тот период. Об этом заявили 36% опрошенных. При этом каждый десятый сотрудник уверен, что объективных причин для отказа не было. 
«Сталкиваясь с отказами в предоставлении отпусков, опрошенные в основном были вынуждены подчиниться решению начальства. Хотя почти каждый третий все же добивался отпуска несмотря ни на что. Больше всего таких людей среди молодых специалистов с опытом работы от 1 года до 3 лет», — говорится в сообщении. 
Большинство респондентов, добившихся отпуска вопреки желанию начальства, пожалели об этом, так как испортили отношения. Не сходившие в отпуск жители Новосибирска пожаловались на накопившуюся усталость, сорванные планы и тсутствие возможности провести побольше времени с семьёй. 
По данным сервиса Momondo, даже в отпускной период 25 % жителей города продолжают делать деловые звонки и отвечать на них, 22 % – отправляют письма, касающиеся рабочих вопросов, по электронной почте, 22 % – пишут сообщения, а 5 % – используют факс. Только 15 % новосибирцев полностью отключают мобильный телефон или планшет. 30 августа 2016, 16:37 НСК источник:
</topic_text>
<spam_score>0.00</spam_score>
<post_num>1</post_num>
<post_id>post-1</post_id>
<post_url>http://info.sibnet.ru/article/493147/</post_url>
<post_date>20160830</post_date>
<post_time>0937</post_time>
<username></username>
<post>
Фото : Christopher Michel / CC BY 2.0 
Каждый второй новосибирец когда-либо сталкивался с отказом в предоставлении отпуска со стороны работодателя, а четверть горожан на отдыхе продолжают отвечать на звонки по работе. 
По данным сайта по поиску и подбору персонала HeadHunter, чаще всего в отпуске отказывали маркетологам, специалистам по рекламе и PR, юристам, строителям с продажникам. Реже всего с отказом сталкивались представители сферы «Административный персонал». 
Руководство в основном объясняло причину отказа большим количеством работы в тот период. Об этом заявили 36% опрошенных. При этом каждый десятый сотрудник уверен, что объективных причин для отказа не было. 
«Сталкиваясь с отказами в предоставлении отпусков, опрошенные в основном были вынуждены подчиниться решению начальства. Хотя почти каждый третий все же добивался отпуска несмотря ни на что. Больше всего таких людей среди молодых специалистов с опытом работы от 1 года до 3 лет», — говорится в сообщении. 
Большинство респондентов, добившихся отпуска вопреки желанию начальства, пожалели об этом, так как испортили отношения. Не сходившие в отпуск жители Новосибирска пожаловались на накопившуюся усталость, сорванные планы и тсутствие возможности провести побольше времени с семьёй. 
По данным сервиса Momondo, даже в отпускной период 25 % жителей города продолжают делать деловые звонки и отвечать на них, 22 % – отправляют письма, касающиеся рабочих вопросов, по электронной почте, 22 % – пишут сообщения, а 5 % – используют факс. Только 15 % новосибирцев полностью отключают мобильный телефон или планшет. 30 августа 2016, 16:37 НСК источник:
</post>
<signature>

</signature>
<external_links>

</external_links>
<country>RU</country>
<main_image>http://info.sibnet.ru/article/493147/ni/493/493147w_1472549997.jpg</main_image>
</document>
