<?xml version="1.0" encoding="UTF-8"?>
<document>
<type>mainstream</type>
<forum>http://info.sibnet.ru/data/last.rss</forum>
<forum_title>Sibnet: Новости</forum_title>
<discussion_title>Рекордный по толщине ноутбук появился в России</discussion_title>
<language>russian</language>
<gmt_offset></gmt_offset>
<topic_url>http://info.sibnet.ru/article/493189/</topic_url>
<topic_text>
Рекордный по толщине ноутбук появился в России Фото: © HP 
Российские покупатели получили возможность купить самый тонкий в мире ноутбук — Hewlett-Packard Spectre 13, анонсированный в апреле 2016 года. 
Толщина корпуса HP Spectre 13, оснащённого 13-дюймовым экраном, составляет 10,4 миллиметра, вес — 1,1 килограмма. Его ближайший конкурент, 12-дюймовый MacBook с экраном Retina, заключён в корпус толщиной 13,1 миллиметра и весит 0,92 килограмма, сообщает «РГ» . ЕЩЕ ПО ТЕМЕ: Самый тонкий смартфон в мире выпустят китайцы 
Купить HP Spectre 13 с доставкой в течение недели можно только в модификации с процессором Intel Core i5-6200U и 256-гигабайтным накопителем SSD. Объём оперативной памяти такого ноутбука равен 8 гигабайт, объём видеопамяти — 8192 Мб. За эту версию придётся отдать 126 тысяч рублей. 
Более мощный вариант с процессором Intel Core i7-6500U и диском на 512 гигабайт будет стоить 146 тысяч рублей, однако сроки поставок неизвестны. На обе версии производитель даёт гарантию на три года. 30 августа 2016, 18:33 НСК источник:
</topic_text>
<spam_score>0.00</spam_score>
<post_num>1</post_num>
<post_id>post-1</post_id>
<post_url>http://info.sibnet.ru/article/493189/</post_url>
<post_date>20160830</post_date>
<post_time>1133</post_time>
<username></username>
<post>
Рекордный по толщине ноутбук появился в России Фото: © HP 
Российские покупатели получили возможность купить самый тонкий в мире ноутбук — Hewlett-Packard Spectre 13, анонсированный в апреле 2016 года. 
Толщина корпуса HP Spectre 13, оснащённого 13-дюймовым экраном, составляет 10,4 миллиметра, вес — 1,1 килограмма. Его ближайший конкурент, 12-дюймовый MacBook с экраном Retina, заключён в корпус толщиной 13,1 миллиметра и весит 0,92 килограмма, сообщает «РГ» . ЕЩЕ ПО ТЕМЕ: Самый тонкий смартфон в мире выпустят китайцы 
Купить HP Spectre 13 с доставкой в течение недели можно только в модификации с процессором Intel Core i5-6200U и 256-гигабайтным накопителем SSD. Объём оперативной памяти такого ноутбука равен 8 гигабайт, объём видеопамяти — 8192 Мб. За эту версию придётся отдать 126 тысяч рублей. 
Более мощный вариант с процессором Intel Core i7-6500U и диском на 512 гигабайт будет стоить 146 тысяч рублей, однако сроки поставок неизвестны. На обе версии производитель даёт гарантию на три года. 30 августа 2016, 18:33 НСК источник:
</post>
<signature>

</signature>
<external_links>

</external_links>
<country>RU</country>
<main_image>http://info.sibnet.ru/article/493189/ni/493/493189w_1472557017.jpg</main_image>
</document>
