<?xml version="1.0" encoding="UTF-8"?>
<document>
<type>mainstream</type>
<forum></forum>
<forum_title></forum_title>
<discussion_title>Økonomiminister går af i Frankrig | Nyheder | DR</discussion_title>
<language>danish</language>
<gmt_offset></gmt_offset>
<topic_url>http://www.dr.dk/nyheder/udland/oekonomiminister-gaar-af-i-frankrig</topic_url>
<topic_text>
kl. 15.14 Økonomiminister går af i Frankrig Økonomiminister Emmanuel Macron går af efter måneder med rygter om, at han vil gå efter præsidentposten i Frankrig. kl. 17.10 Emmanuel Macron ses her på vej tilbage til Økonomiministeriet, efter han har indgivet sin opsigelse. / AFP PHOTO / LIONEL BONAVENTURE (Foto: LIONEL BONAVENTURE © Scanpix) 
Af 
Den 38-årige Emmanuel Macron er gået af som økonomiminister, oplyser det franske præsidentskab ifølge nyhedsbureauet Reuters. 
Ifølge præsidentskabet har den nu forhenværende økonomiminister meddelt sin afgang for at dedikere sin tid fuldt ud til at følge sin egen politiske vej. 
Finansminister Michel Sapin udnævnes ifølge Reuters som efterfølger, og dermed lægges de to ministerposter sammen. Spekulationer om præsidentambitioner 
Allerede tidligere på dagen sagde en række forskellige kilder til franske medier, at Emmanuel Macron ville gå af. Det kommer efter måneders spekulationer i franske medier om, at han måske vil stille op ved næste års præsidentvalg. 
Emmanuel Macron skriver på det sociale medie Twitter, at han kommer med en offentlig udtalelse klokken 17.45. Je prononcerai une allocution depuis Bercy que vous pourrez regarder en direct à partir de 17h45 : https://t.co/9TdX3eHQBy — Emmanuel Macron (@EmmanuelMacron) August 30, 2016 Del artiklen: 
</topic_text>
<spam_score>0.18</spam_score>
<post_num>1</post_num>
<post_id>post-1</post_id>
<post_url>http://www.dr.dk/nyheder/udland/oekonomiminister-gaar-af-i-frankrig</post_url>
<post_date>20160830</post_date>
<post_time></post_time>
<username></username>
<post>
kl. 15.14 Økonomiminister går af i Frankrig Økonomiminister Emmanuel Macron går af efter måneder med rygter om, at han vil gå efter præsidentposten i Frankrig. kl. 17.10 Emmanuel Macron ses her på vej tilbage til Økonomiministeriet, efter han har indgivet sin opsigelse. / AFP PHOTO / LIONEL BONAVENTURE (Foto: LIONEL BONAVENTURE © Scanpix) 
Af 
Den 38-årige Emmanuel Macron er gået af som økonomiminister, oplyser det franske præsidentskab ifølge nyhedsbureauet Reuters. 
Ifølge præsidentskabet har den nu forhenværende økonomiminister meddelt sin afgang for at dedikere sin tid fuldt ud til at følge sin egen politiske vej. 
Finansminister Michel Sapin udnævnes ifølge Reuters som efterfølger, og dermed lægges de to ministerposter sammen. Spekulationer om præsidentambitioner 
Allerede tidligere på dagen sagde en række forskellige kilder til franske medier, at Emmanuel Macron ville gå af. Det kommer efter måneders spekulationer i franske medier om, at han måske vil stille op ved næste års præsidentvalg. 
Emmanuel Macron skriver på det sociale medie Twitter, at han kommer med en offentlig udtalelse klokken 17.45. Je prononcerai une allocution depuis Bercy que vous pourrez regarder en direct à partir de 17h45 : https://t.co/9TdX3eHQBy — Emmanuel Macron (@EmmanuelMacron) August 30, 2016 Del artiklen: 
</post>
<signature>

</signature>
<external_links>

</external_links>
<country>DK</country>
<main_image>http://asset.dr.dk/ImageScaler/?file=%2Fimages%2Fcrop%2F2016%2F08%2F30%2F1472570283_scanpix-20160830-160831-2.jpg&amp;amp;server=www.dr.dk</main_image>
</document>
