<?xml version="1.0" encoding="UTF-8"?>
<document>
<type>mainstream</type>
<forum>http://www.myrtlebeachonline.com/news/business/?widgetName=rssfeed&amp;widgetContentId=712015&amp;getXmlFeed=true</forum>
<forum_title>Business News | MyrtleBeachOnline.com &amp;</forum_title>
<discussion_title>Buffett&apos;s Berkshire Hathaway buys more Phillips 66 stock</discussion_title>
<language>english</language>
<gmt_offset></gmt_offset>
<topic_url>http://www.myrtlebeachonline.com/news/business/national-business/article98790012.html</topic_url>
<topic_text>
August 30, 2016 11:01 AM Buffett&apos;s Berkshire Hathaway buys more Phillips 66 stock 
Berkshire Hathaway has continued adding to its 15 percent stake in oil refiner Phillips 66. The Associated Press OMAHA, Neb. 
Berkshire Hathaway has continued adding to its 15 percent stake in oil refiner Phillips 66. 
Warren Buffett&apos;s company said in a regulatory filing Monday that it bought another 83,466 shares to give it roughly 79.6 million shares of Phillips 66 stock. 
The latest purchases worth roughly $6.5 million were made after Berkshire bought 414,065 Phillips 66 shares last week. 
Buffett first started buying Phillips 66 stock in 2012. Berkshire traded about $1.4 billion of its Phillips 66 stock for one of the refiner&apos;s additive businesses in 2013. 
Then it resumed buying stock in the Houston-based company when prices fell to attractive levels. Berkshire paid an average of $78.29 on its most-recent purchases. 
Besides investments, Berkshire owns about 90 subsidiaries in a variety of industries, including insurance, utilities, railroads, and manufacturing. Related content
</topic_text>
<spam_score>0.00</spam_score>
<post_num>1</post_num>
<post_id>post-1</post_id>
<post_url>http://www.myrtlebeachonline.com/news/business/national-business/article98790012.html</post_url>
<post_date>20160830</post_date>
<post_time>1501</post_time>
<username>The Associated Press</username>
<post>
August 30, 2016 11:01 AM Buffett&apos;s Berkshire Hathaway buys more Phillips 66 stock 
Berkshire Hathaway has continued adding to its 15 percent stake in oil refiner Phillips 66. The Associated Press OMAHA, Neb. 
Berkshire Hathaway has continued adding to its 15 percent stake in oil refiner Phillips 66. 
Warren Buffett&apos;s company said in a regulatory filing Monday that it bought another 83,466 shares to give it roughly 79.6 million shares of Phillips 66 stock. 
The latest purchases worth roughly $6.5 million were made after Berkshire bought 414,065 Phillips 66 shares last week. 
Buffett first started buying Phillips 66 stock in 2012. Berkshire traded about $1.4 billion of its Phillips 66 stock for one of the refiner&apos;s additive businesses in 2013. 
Then it resumed buying stock in the Houston-based company when prices fell to attractive levels. Berkshire paid an average of $78.29 on its most-recent purchases. 
Besides investments, Berkshire owns about 90 subsidiaries in a variety of industries, including insurance, utilities, railroads, and manufacturing. Related content
</post>
<signature>

</signature>
<external_links>

</external_links>
<country>US</country>
<main_image>http://www.myrtlebeachonline.com/static/images/myrtlebeachonline/facebook.jpg</main_image>
</document>
