<?xml version="1.0" encoding="UTF-8"?>
<document>
<type>mainstream</type>
<forum>http://info.sibnet.ru/data/last.rss</forum>
<forum_title>Sibnet: Новости</forum_title>
<discussion_title>Требование наказать Конькова-старшего разошлось по Сети</discussion_title>
<language>russian</language>
<gmt_offset></gmt_offset>
<topic_url>http://info.sibnet.ru/article/493153/</topic_url>
<topic_text>
Требование наказать Конькова-старшего разошлось по Сети ТЕМА: Убийство школьницы Карины Фото: © Sibnet.ru 
Общественники запустили в интернете обращённую в Следственный комитет петицию с просьбой привлечь к уголовной ответственности Игоря Конькова, отца обвиняемого в жестоком убийстве новосибирской школьницы Карины Залесовой. 
Десятиклассницу Карину нашли зарезанной год назад в доме её сверстника Марка Конькова, сына бизнесмена. Подростка и обвинили в убийстве. В минувший вторник на очередном митинге родные девочки потребовали привлечь к ответственности Игоря Конькова, который, якобы покрывая своего сына, давал неверные показания. 
«Преступная связь отца убийцы с должностными лицами чрезвычайно очевидна и вероятна. Цель петиции: привлечь отца к уголовной ответственности за дачу заведомо ложных показаний, за попытку скрыть улики, а также запутать следствие и оказать на него давление, путем вступления в преступный сговор с должностными лицами», — говорится в тексте обращения . 
По информации авторов петиции, Коньков-старший вызвал полицию только через несколько часов после того, как увидел мёртвую Карину. До этого он звонил знакомым в силовых структурах. Также он якобы высказывал версию о двойном самоубийстве и пытался инсценировать попытку суицида сына. 
На момент публикации новости под обращением подписалось более 200 человек. 
Во вторник состоялось очередное судебное заседание по делу, на котором дали показания брат и крёстная обвиняемого. Суды проходят в закрытом режиме, так как вероятный убийца — несовершеннолетний. Ему предоставят слово уже на следующем заседании. Оно состоится 22 сентября, когда ведущий дело судья Геннадий Громов выйдет из отпуска, сообщается на сайте Первомайского районного суда. 30 августа 2016, 16:40 НСК источник:
</topic_text>
<spam_score>0.00</spam_score>
<post_num>1</post_num>
<post_id>post-1</post_id>
<post_url>http://info.sibnet.ru/article/493153/</post_url>
<post_date>20160830</post_date>
<post_time>0940</post_time>
<username></username>
<post>
Требование наказать Конькова-старшего разошлось по Сети ТЕМА: Убийство школьницы Карины Фото: © Sibnet.ru 
Общественники запустили в интернете обращённую в Следственный комитет петицию с просьбой привлечь к уголовной ответственности Игоря Конькова, отца обвиняемого в жестоком убийстве новосибирской школьницы Карины Залесовой. 
Десятиклассницу Карину нашли зарезанной год назад в доме её сверстника Марка Конькова, сына бизнесмена. Подростка и обвинили в убийстве. В минувший вторник на очередном митинге родные девочки потребовали привлечь к ответственности Игоря Конькова, который, якобы покрывая своего сына, давал неверные показания. 
«Преступная связь отца убийцы с должностными лицами чрезвычайно очевидна и вероятна. Цель петиции: привлечь отца к уголовной ответственности за дачу заведомо ложных показаний, за попытку скрыть улики, а также запутать следствие и оказать на него давление, путем вступления в преступный сговор с должностными лицами», — говорится в тексте обращения . 
По информации авторов петиции, Коньков-старший вызвал полицию только через несколько часов после того, как увидел мёртвую Карину. До этого он звонил знакомым в силовых структурах. Также он якобы высказывал версию о двойном самоубийстве и пытался инсценировать попытку суицида сына. 
На момент публикации новости под обращением подписалось более 200 человек. 
Во вторник состоялось очередное судебное заседание по делу, на котором дали показания брат и крёстная обвиняемого. Суды проходят в закрытом режиме, так как вероятный убийца — несовершеннолетний. Ему предоставят слово уже на следующем заседании. Оно состоится 22 сентября, когда ведущий дело судья Геннадий Громов выйдет из отпуска, сообщается на сайте Первомайского районного суда. 30 августа 2016, 16:40 НСК источник:
</post>
<signature>

</signature>
<external_links>

</external_links>
<country>RU</country>
<main_image>http://info.sibnet.ru/article/493153/ni/493/493153w_1472550046.jpg</main_image>
</document>
