<?xml version="1.0" encoding="UTF-8"?>
<document>
<type>mainstream</type>
<forum>http://info.sibnet.ru/data/last.rss</forum>
<forum_title>Sibnet: Новости</forum_title>
<discussion_title>Китай забраковал урожай с Украины</discussion_title>
<language>russian</language>
<gmt_offset></gmt_offset>
<topic_url>http://info.sibnet.ru/article/493183/</topic_url>
<topic_text>
Китай забраковал урожай с Украины Фото: © Владимир Сараев, Sibnet.ru Купить иллюстрацию Китайские специалисты запретили ввоз экспортной сои, кукурузы и ячменя с Украины из-за наличия в них вредителей и нематод. 
«Все хозяйства, на полях которых обнаружены вредные организмы кукурузы, сои и ячменя, были оповещены о результатах проверок и экспертиз, им было отказано в будущем экспорте зерна», — сообщает пресс-служба Госинспекции по вопросам безопасности пищевых продуктов Украины. Лукашенко угостил Стивена Сигала морковкой 
Заболевания и вредители были обнаружены на посевах в Кировоградской, Ивано-Франковской, Тернопольской, Николаевской, Житомирской, Ровненской, Черниговской, Донецкой и Львовской областях, все оповещённые хозяйства не смогут экспортировать продукцию. 
Ранее Евросоюз отказался покупать украинскую молочную продукцию из-за повышенного содержания в ней антибиотиков, а производителей с Украины уличили в нарушении европейских стандартов качества. 
Провалом также закончилась попытка начать продажу украинских яиц в Израиле — первая же партия оказалась заражённой и после проверки была уничтожена израильскими надзорными ведомствами. 30 августа 2016, 18:12 НСК источник:
</topic_text>
<spam_score>0.00</spam_score>
<post_num>1</post_num>
<post_id>post-1</post_id>
<post_url>http://info.sibnet.ru/article/493183/</post_url>
<post_date>20160830</post_date>
<post_time>1112</post_time>
<username></username>
<post>
Китай забраковал урожай с Украины Фото: © Владимир Сараев, Sibnet.ru Купить иллюстрацию Китайские специалисты запретили ввоз экспортной сои, кукурузы и ячменя с Украины из-за наличия в них вредителей и нематод. 
«Все хозяйства, на полях которых обнаружены вредные организмы кукурузы, сои и ячменя, были оповещены о результатах проверок и экспертиз, им было отказано в будущем экспорте зерна», — сообщает пресс-служба Госинспекции по вопросам безопасности пищевых продуктов Украины. Лукашенко угостил Стивена Сигала морковкой 
Заболевания и вредители были обнаружены на посевах в Кировоградской, Ивано-Франковской, Тернопольской, Николаевской, Житомирской, Ровненской, Черниговской, Донецкой и Львовской областях, все оповещённые хозяйства не смогут экспортировать продукцию. 
Ранее Евросоюз отказался покупать украинскую молочную продукцию из-за повышенного содержания в ней антибиотиков, а производителей с Украины уличили в нарушении европейских стандартов качества. 
Провалом также закончилась попытка начать продажу украинских яиц в Израиле — первая же партия оказалась заражённой и после проверки была уничтожена израильскими надзорными ведомствами. 30 августа 2016, 18:12 НСК источник:
</post>
<signature>

</signature>
<external_links>

</external_links>
<country>RU</country>
<main_image>http://info.sibnet.ru/article/493183/ni/493/493183w_1472556409.jpg</main_image>
</document>
