<?xml version="1.0" encoding="UTF-8"?>
<document>
<type>mainstream</type>
<forum>http://feeds.feedburner.com/NDTV-LatestNews</forum>
<forum_title>NDTV News  -  Special</forum_title>
<discussion_title>Idris Ali Moves PIL Against All-India Strike Call On September 2</discussion_title>
<language>english</language>
<gmt_offset></gmt_offset>
<topic_url>http://www.ndtv.com/kolkata-news/trinamool-lawmaker-idris-ali-moves-pil-against-all-india-strike-call-on-september-2-1452357</topic_url>
<topic_text>
Kolkata | Press Trust of India | Updated: August 30, 2016 20:34 IST EMAIL COMMENTS Trade unions have given a call for a countrywide general strike on September 2. Kolkata: Trinamool Congress lawmaker Idris Ali today moved a PIL in the Calcutta High Court against an all-India general strike call given by Left and some other trade unions on September 2.Mr Ali, a practising lawyer, moved a division bench comprising acting Chief Justice Girish Gupta and Justice Arindam Sinha, seeking an injunction on the strike.He claimed that the strike call was illegal and could cause damage to public property apart from harassment to the public.The matter is likely to be taken up for hearing on Wednesday.The trade unions have given a call for a countrywide general strike on September 2 to protest the &quot;anti-people, anti-national and anti-worker&quot; policies of the NDA government at the centre. Trending
</topic_text>
<spam_score>0.00</spam_score>
<post_num>1</post_num>
<post_id>post-1</post_id>
<post_url>http://www.ndtv.com/kolkata-news/trinamool-lawmaker-idris-ali-moves-pil-against-all-india-strike-call-on-september-2-1452357</post_url>
<post_date>20160830</post_date>
<post_time>1447</post_time>
<username></username>
<post>
Kolkata | Press Trust of India | Updated: August 30, 2016 20:34 IST EMAIL COMMENTS Trade unions have given a call for a countrywide general strike on September 2. Kolkata: Trinamool Congress lawmaker Idris Ali today moved a PIL in the Calcutta High Court against an all-India general strike call given by Left and some other trade unions on September 2.Mr Ali, a practising lawyer, moved a division bench comprising acting Chief Justice Girish Gupta and Justice Arindam Sinha, seeking an injunction on the strike.He claimed that the strike call was illegal and could cause damage to public property apart from harassment to the public.The matter is likely to be taken up for hearing on Wednesday.The trade unions have given a call for a countrywide general strike on September 2 to protest the &quot;anti-people, anti-national and anti-worker&quot; policies of the NDA government at the centre. Trending
</post>
<signature>

</signature>
<external_links>

</external_links>
<country>US</country>
<main_image>http://i.ndtvimg.com/i/2016-01/idris-ali_650x400_61452097079.jpg</main_image>
</document>
