<?xml version="1.0" encoding="UTF-8"?>
<document>
<type>mainstream</type>
<forum>http://www.clarin.com/diario/hoy/sociedad.xml</forum>
<forum_title>Clarin.com - Sociedad</forum_title>
<discussion_title>Se infiltraron en una picada y detuvieron a 14 personas</discussion_title>
<language>spanish</language>
<gmt_offset></gmt_offset>
<topic_url>http://www.clarin.com/sociedad/infiltraron-picada-detuvieron-personas_0_1641435867.html</topic_url>
<topic_text>
Se infiltraron en una picada y detuvieron a 14 personas 
En Morón 
Fue un operativo que se montó a partir de una convocatoria en redes sociales. Policías lograron infiltrarse y grabar a los autos que participaron. Con esas pruebas, hicieron la denuncia en la Justicia, que ordenó los allanamientos. Secuestraron 14 vehículos. opiná shares 
En un operativo en el que policías se infiltraron para poder grabar las picadas que cada fin de semana tienen lugar en la localidad bonaerense de Morón, la Dirección de Automotores e Investigaciones logró detener a 14 personas y secuestrar el mismo número de autos. 
Los efectivos fueron el fin de semana del 20 de agosto a las picadas que se corrían en Gervasio Pavón, en Morón sur, donde lograron grabar y reunir las pruebas necesarias para poder contar con las órdenes de allanamiento necesarias. 
“Detectamos que se estaba convocando por redes sociales a las picadas”, contó el intendente de Morón, Ramiro Tagliaferro. Y destacó la celeridad con que se pudo actuar. “Instrumentamos la filmación de manera encubierta, tenemos videos donde se ven estos vehículos (secuestrados) y otros que todavía se están buscando”, detalló el secretario de seguridad municipal, Sebastián Cinquerruí. El intendente también destacó la celeridad con la que actuó la Justicia, ya que al contar con las filmaciones, radicaron la denuncia en la UFI 5, que dispuso los allanamientos que se concretaron este último fin de semana. 
Así fue que este último fin de semana se pudieron realizar 14 allanamientos en las localidades de Morón, Hurlingham, Merlo, Moreno y La Matanza. Fueron secuestrados 14 vehículos y detenidas 14 personas de entre 20 y 53 años. 
Los autos secuestrados fueron dos WV Bora, dos Fiat Palio, dos Chevrolet Corsa, un Fiat Duna, un Suzuki Swift y dos WV Gol. Y todavía buscan a otros vehículos que también fueron identificados en esa picada. 
RELACIONADAS comentarios nota COMENTARIOS (Para comentar, tu cuenta debe estar activa) 
Se deja expresamente aclarado que los comentarios realizados en los espacios de participación del Sitio son de exclusiva responsabilidad de sus autores, pudiendo estos ser pasibles de sanciones legales. Los comentarios que fueran violatorios de los Términos y Condiciones de Uso del Sitio y/o del ordenamiento legal vigente podrán ser eliminados e incluso podrá inhabilitarse a los Usuarios en cuestión para volver a comentar. Utilizar los espacios de participación implica la aceptación de los Términos y Condiciones de Uso del Sitio. lo más visto
</topic_text>
<spam_score>0.00</spam_score>
<post_num>1</post_num>
<post_id>post-1</post_id>
<post_url>http://www.clarin.com/sociedad/infiltraron-picada-detuvieron-personas_0_1641435867.html</post_url>
<post_date>20160830</post_date>
<post_time>1237</post_time>
<username>Clarin.com</username>
<post>
Se infiltraron en una picada y detuvieron a 14 personas 
En Morón 
Fue un operativo que se montó a partir de una convocatoria en redes sociales. Policías lograron infiltrarse y grabar a los autos que participaron. Con esas pruebas, hicieron la denuncia en la Justicia, que ordenó los allanamientos. Secuestraron 14 vehículos. opiná shares 
En un operativo en el que policías se infiltraron para poder grabar las picadas que cada fin de semana tienen lugar en la localidad bonaerense de Morón, la Dirección de Automotores e Investigaciones logró detener a 14 personas y secuestrar el mismo número de autos. 
Los efectivos fueron el fin de semana del 20 de agosto a las picadas que se corrían en Gervasio Pavón, en Morón sur, donde lograron grabar y reunir las pruebas necesarias para poder contar con las órdenes de allanamiento necesarias. 
“Detectamos que se estaba convocando por redes sociales a las picadas”, contó el intendente de Morón, Ramiro Tagliaferro. Y destacó la celeridad con que se pudo actuar. “Instrumentamos la filmación de manera encubierta, tenemos videos donde se ven estos vehículos (secuestrados) y otros que todavía se están buscando”, detalló el secretario de seguridad municipal, Sebastián Cinquerruí. El intendente también destacó la celeridad con la que actuó la Justicia, ya que al contar con las filmaciones, radicaron la denuncia en la UFI 5, que dispuso los allanamientos que se concretaron este último fin de semana. 
Así fue que este último fin de semana se pudieron realizar 14 allanamientos en las localidades de Morón, Hurlingham, Merlo, Moreno y La Matanza. Fueron secuestrados 14 vehículos y detenidas 14 personas de entre 20 y 53 años. 
Los autos secuestrados fueron dos WV Bora, dos Fiat Palio, dos Chevrolet Corsa, un Fiat Duna, un Suzuki Swift y dos WV Gol. Y todavía buscan a otros vehículos que también fueron identificados en esa picada. 
RELACIONADAS comentarios nota COMENTARIOS (Para comentar, tu cuenta debe estar activa) 
Se deja expresamente aclarado que los comentarios realizados en los espacios de participación del Sitio son de exclusiva responsabilidad de sus autores, pudiendo estos ser pasibles de sanciones legales. Los comentarios que fueran violatorios de los Términos y Condiciones de Uso del Sitio y/o del ordenamiento legal vigente podrán ser eliminados e incluso podrá inhabilitarse a los Usuarios en cuestión para volver a comentar. Utilizar los espacios de participación implica la aceptación de los Términos y Condiciones de Uso del Sitio. lo más visto
</post>
<signature>

</signature>
<external_links>

</external_links>
<country>AR</country>
<main_image>http://images.clarin.com/sociedad/secuestrados-Moron-Juan-Jose-Traverso_CLAIMA20160830_0142_4.jpg</main_image>
</document>
