<?xml version="1.0" encoding="UTF-8"?>
<document>
<type>mainstream</type>
<forum>http://info.sibnet.ru/data/last.rss</forum>
<forum_title>Sibnet: Новости</forum_title>
<discussion_title>«ВКонтакте» раскрыл секретные данные пользователей</discussion_title>
<language>russian</language>
<gmt_offset></gmt_offset>
<topic_url>http://info.sibnet.ru/article/493165/</topic_url>
<topic_text>
«ВКонтакте» раскрыл секретные данные пользователей Фото: © Владимир Сараев, Sibnet.ru Купить иллюстрацию Новая уязвимость найдена в новом дизайне социальной сети «ВКонтакте» — «дыра» позволяет легко узнавать скрытую информацию пользователей. 
О своём открытии сообщил пользователь под именем Алекс Ребл, утверждается в паблике «Код Дурова». Благодаря этому хакер узнал привязанные к аккаунтам номера телефонов и адреса электронной почты известных личностей, например, основателя соцсети Павла Дурова и российского премьер-министра Дмитрия Медведева. Найден способ вернуть старый дизайн «ВКонтакте» 
Ребл рассказал, что нашёл уязвимость, пытаясь помириться с девушкой — он добавил в закладки её подруг, после чего просмотрел исходный код страницы и обнаружил такие данные, как e-mail и номер телефона, связанный с профилем. 
«Нужно было всего лишь добавить человека в закладки, далее новый дизайн сам предоставлял номер. Мне удалось получить номер Павла Дурова — я не поверил. Затем получил номер Дмитрия Медведева — тут я понял, что это конкретный ляп», — уточнил хакер. 
По словам взломщика, администрация «ВКонтакте» подтвердила наличие «дыры», однако отказала в полагающейся ему денежной выплате. Операционный директор «ВКонтакте» Андрей Рогозов рассказал представителям паблика, что в настоящее время уязвимость устранена. 30 августа 2016, 17:09 НСК источник:
</topic_text>
<spam_score>0.00</spam_score>
<post_num>1</post_num>
<post_id>post-1</post_id>
<post_url>http://info.sibnet.ru/article/493165/</post_url>
<post_date>20160830</post_date>
<post_time>1009</post_time>
<username></username>
<post>
«ВКонтакте» раскрыл секретные данные пользователей Фото: © Владимир Сараев, Sibnet.ru Купить иллюстрацию Новая уязвимость найдена в новом дизайне социальной сети «ВКонтакте» — «дыра» позволяет легко узнавать скрытую информацию пользователей. 
О своём открытии сообщил пользователь под именем Алекс Ребл, утверждается в паблике «Код Дурова». Благодаря этому хакер узнал привязанные к аккаунтам номера телефонов и адреса электронной почты известных личностей, например, основателя соцсети Павла Дурова и российского премьер-министра Дмитрия Медведева. Найден способ вернуть старый дизайн «ВКонтакте» 
Ребл рассказал, что нашёл уязвимость, пытаясь помириться с девушкой — он добавил в закладки её подруг, после чего просмотрел исходный код страницы и обнаружил такие данные, как e-mail и номер телефона, связанный с профилем. 
«Нужно было всего лишь добавить человека в закладки, далее новый дизайн сам предоставлял номер. Мне удалось получить номер Павла Дурова — я не поверил. Затем получил номер Дмитрия Медведева — тут я понял, что это конкретный ляп», — уточнил хакер. 
По словам взломщика, администрация «ВКонтакте» подтвердила наличие «дыры», однако отказала в полагающейся ему денежной выплате. Операционный директор «ВКонтакте» Андрей Рогозов рассказал представителям паблика, что в настоящее время уязвимость устранена. 30 августа 2016, 17:09 НСК источник:
</post>
<signature>

</signature>
<external_links>

</external_links>
<country>RU</country>
<main_image>http://info.sibnet.ru/article/493165/ni/493/493165w_1472551823.jpg</main_image>
</document>
