<?xml version="1.0" encoding="UTF-8"?>
<document>
<type>mainstream</type>
<forum>http://www.clarin.com/diario/hoy/sociedad.xml</forum>
<forum_title>Clarin.com - Sociedad</forum_title>
<discussion_title>Dijeron que habían hecho cumbre en el Everest y era mentira</discussion_title>
<language>spanish</language>
<gmt_offset></gmt_offset>
<topic_url>http://www.clarin.com/sociedad/Dijeron-hecho-cumbre-Everest-mentira_0_1641435874.html</topic_url>
<topic_text>
Dijeron que habían hecho cumbre en el Everest y era mentira 
Nepal opiná shares 
Las autoridades de Nepal prohibieron a una pareja de policías indios subir al Everest en los próximos diez años por haber falsificado las pruebas de su ascenso a la montaña , anunció hoy el departamento de Turismo nepalés. 
Dinesh y Tarakeshwari Rathod habían afirmado que habían alcanzado la cumbre de 8.848 metros el 23 de mayo. Pero sus declaraciones fueron cuestionadas por otros alpinistas que los acusaron de haber falsificado sus fotos en la cima . 
Mirá también: Investigan por fraude a una pareja que asegura que rompió un récord en el Everest 
En un primer momento, el departamento de Turismo nepalí consideró que el ascenso era válido pero luego abrió una investigación . 
&quot;Nuestra investigación muestra que la pareja simuló haber realizado el ascenso . Les hemos impuesto una prohibición de hacer senderismo en todas las montañas de Nepal durante diez años&quot;, declaró el responsable del departamento de Turismo nepalés, Prasad Dhakal. 
El análisis de las fotos de los dos indios muestra que utilizaron imágenes tomadas por otros alpinistas y las distorsionaron , agregó. 
&quot;A pesar de haber intentado en varias ocasiones que aclararan lo sucedido, [los alpinistas] no cooperaron con nuestra investigación . Los dos sherpas (guías locales) que los ayudaron están en fuga&quot;, señaló Dhakal. 
&quot;Esta prohibición debe servir de advertencia para los alpinistas, para que cumplan con las normas éticas &quot;, dijo. 
Mirá también: Everest récord: llegaron más de 300 escaladores a la cumbre y 4 son argentinos 
Numerosos alpinistas han hecho carrera como conferenciantes o escritores tras haber coronado el techo del mundo. En total, 456 personas , más de 250 de ellas extranjeras, han alcanzado la cumbre del Everest en la última temporada, tras dos años marcados por catástrofes mortales. 
El alpinismo es una importante fuente de ingresos para Nepal, todavía afectado por las consecuencias del sismo que dejó casi 9.000 muertos en 2015 . 
Fuente: AFP.
</topic_text>
<spam_score>0.00</spam_score>
<post_num>1</post_num>
<post_id>post-1</post_id>
<post_url>http://www.clarin.com/sociedad/Dijeron-hecho-cumbre-Everest-mentira_0_1641435874.html</post_url>
<post_date>20160830</post_date>
<post_time>1311</post_time>
<username>Clarin.com</username>
<post>
Dijeron que habían hecho cumbre en el Everest y era mentira 
Nepal opiná shares 
Las autoridades de Nepal prohibieron a una pareja de policías indios subir al Everest en los próximos diez años por haber falsificado las pruebas de su ascenso a la montaña , anunció hoy el departamento de Turismo nepalés. 
Dinesh y Tarakeshwari Rathod habían afirmado que habían alcanzado la cumbre de 8.848 metros el 23 de mayo. Pero sus declaraciones fueron cuestionadas por otros alpinistas que los acusaron de haber falsificado sus fotos en la cima . 
Mirá también: Investigan por fraude a una pareja que asegura que rompió un récord en el Everest 
En un primer momento, el departamento de Turismo nepalí consideró que el ascenso era válido pero luego abrió una investigación . 
&quot;Nuestra investigación muestra que la pareja simuló haber realizado el ascenso . Les hemos impuesto una prohibición de hacer senderismo en todas las montañas de Nepal durante diez años&quot;, declaró el responsable del departamento de Turismo nepalés, Prasad Dhakal. 
El análisis de las fotos de los dos indios muestra que utilizaron imágenes tomadas por otros alpinistas y las distorsionaron , agregó. 
&quot;A pesar de haber intentado en varias ocasiones que aclararan lo sucedido, [los alpinistas] no cooperaron con nuestra investigación . Los dos sherpas (guías locales) que los ayudaron están en fuga&quot;, señaló Dhakal. 
&quot;Esta prohibición debe servir de advertencia para los alpinistas, para que cumplan con las normas éticas &quot;, dijo. 
Mirá también: Everest récord: llegaron más de 300 escaladores a la cumbre y 4 son argentinos 
Numerosos alpinistas han hecho carrera como conferenciantes o escritores tras haber coronado el techo del mundo. En total, 456 personas , más de 250 de ellas extranjeras, han alcanzado la cumbre del Everest en la última temporada, tras dos años marcados por catástrofes mortales. 
El alpinismo es una importante fuente de ingresos para Nepal, todavía afectado por las consecuencias del sismo que dejó casi 9.000 muertos en 2015 . 
Fuente: AFP.
</post>
<signature>

</signature>
<external_links>

</external_links>
<country>AR</country>
<main_image>http://images.clarin.com/sociedad/fotos-cuestionadas-pareja-india_CLAIMA20160830_0061_4.jpg</main_image>
</document>
