<?xml version="1.0" encoding="UTF-8"?>
<document>
<type>mainstream</type>
<forum>http://feeds.feedburner.com/ClubbingspaincomNoticias</forum>
<forum_title>Noticias (Clubbingspain.com)</forum_title>
<discussion_title>Michael Mayer y sus amigos</discussion_title>
<language>spanish</language>
<gmt_offset></gmt_offset>
<topic_url>http://www.clubbingspain.com/noticias/2016/michael-mayer-y-sus-amigos.html</topic_url>
<topic_text>
Publicado el 30.08.2016 Michael Mayer y sus amigos El veterano dj y productor Michael Mayer ha completado el que será el tercer álbum de su carrera: &amp; . El artista de Colonia es una de las figuras clave en el panorama electrónico internacional. No solo por sus producciones sino también por estar detrás de uno de los sellos más conocidos como es Kompakt y por sus siempre interesantes dj sets que se han podido escuchar en todos los continentes. En este tercer álbum, titulado &amp; , se ha rodeado de un buen ramillete de amigos con los que ha colaborado en alguno de los temas. Entre ellos están Roman Flügel , Prins Thomas , Joe Goddard , Miss Kittin , Agoria o Gui Boratto , entre otros. De hecho el álbum tiene ese titulo porque cada tema está hecho por Michael Mayer y alguien más. &quot;Todos aquellos involucrados son buenos amigos míos y no una selección aleatoria del top 100, comenta Mayer. &quot;Esta gente significa mucho para mi, y por ello la música que hemos producido juntos está hecha desde el corazón&quot;. El álbum no lo edita en su propio sello sino que saldrá a través de !K7 Records el próximo 28 de octubre. Saldrá tanto en vinilo como en CD y en digital y por ahora podemos escuchar dos de los temas. Tracklist A1 Michael Mayer &amp; Roman Flügel - We Like To Party A2 Michael Mayer &amp; Burger / Voigt &amp; Voigt - Disco Dancers A3 Michael Mayer &amp; Gui Boratto - State Of The Nation B1 Michael Mayer &amp; Ed Macfarlane - Mind Games B2 Michael Mayer &amp; Kölsch - Gemination B3 Michael Mayer &amp; Miss Kittin - Voyage Interieur C1 Michael Mayer &amp; Joe Goddard - For You C2 Michael Mayer &amp; Agoria - Blackbird Has Spoken C3 Michael Mayer &amp; Hauschka - La Compostela D1 Michael Mayer &amp; Prins Thomas / Irene Kalisvaart - Comfort Me D2 Michael Mayer &amp; Barnt - Und Da Stehen Fremde Menschen D3 Michael Mayer &amp; Andrew Thomas - Cicadelia Más información:
</topic_text>
<spam_score>0.00</spam_score>
<post_num>1</post_num>
<post_id>post-1</post_id>
<post_url>http://www.clubbingspain.com/noticias/2016/michael-mayer-y-sus-amigos.html</post_url>
<post_date>20160830</post_date>
<post_time>1505</post_time>
<username></username>
<post>
Publicado el 30.08.2016 Michael Mayer y sus amigos El veterano dj y productor Michael Mayer ha completado el que será el tercer álbum de su carrera: &amp; . El artista de Colonia es una de las figuras clave en el panorama electrónico internacional. No solo por sus producciones sino también por estar detrás de uno de los sellos más conocidos como es Kompakt y por sus siempre interesantes dj sets que se han podido escuchar en todos los continentes. En este tercer álbum, titulado &amp; , se ha rodeado de un buen ramillete de amigos con los que ha colaborado en alguno de los temas. Entre ellos están Roman Flügel , Prins Thomas , Joe Goddard , Miss Kittin , Agoria o Gui Boratto , entre otros. De hecho el álbum tiene ese titulo porque cada tema está hecho por Michael Mayer y alguien más. &quot;Todos aquellos involucrados son buenos amigos míos y no una selección aleatoria del top 100, comenta Mayer. &quot;Esta gente significa mucho para mi, y por ello la música que hemos producido juntos está hecha desde el corazón&quot;. El álbum no lo edita en su propio sello sino que saldrá a través de !K7 Records el próximo 28 de octubre. Saldrá tanto en vinilo como en CD y en digital y por ahora podemos escuchar dos de los temas. Tracklist A1 Michael Mayer &amp; Roman Flügel - We Like To Party A2 Michael Mayer &amp; Burger / Voigt &amp; Voigt - Disco Dancers A3 Michael Mayer &amp; Gui Boratto - State Of The Nation B1 Michael Mayer &amp; Ed Macfarlane - Mind Games B2 Michael Mayer &amp; Kölsch - Gemination B3 Michael Mayer &amp; Miss Kittin - Voyage Interieur C1 Michael Mayer &amp; Joe Goddard - For You C2 Michael Mayer &amp; Agoria - Blackbird Has Spoken C3 Michael Mayer &amp; Hauschka - La Compostela D1 Michael Mayer &amp; Prins Thomas / Irene Kalisvaart - Comfort Me D2 Michael Mayer &amp; Barnt - Und Da Stehen Fremde Menschen D3 Michael Mayer &amp; Andrew Thomas - Cicadelia Más información:
</post>
<signature>

</signature>
<external_links>

</external_links>
<country>GB</country>
<main_image>http://www.clubbingspain.com/imagenes/Michael-mayer-2016-600.jpg</main_image>
</document>
