<?xml version="1.0" encoding="UTF-8"?>
<document>
<type>mainstream</type>
<forum>http://anibis.ch//fr/automobiles--4/rssexport.aspx</forum>
<forum_title>Petites annonces Automobiles</forum_title>
<discussion_title>Renault Grand Scenic 7 places Expertisé 2016, 2007, 141&apos;000 km, -</discussion_title>
<language>french</language>
<gmt_offset></gmt_offset>
<topic_url>http://www.anibis.ch/fr/automobiles--4/renault-grand-scenic-7-places-expertis%c3%a9-2016,-2007,-141&apos;000-km,--16387930.aspx</topic_url>
<topic_text>
✓ Description: 
Economique et grand monospace familial de 7 places en très bon état général . Expertisé le 23 juin 2016. Sort d&apos;un service réalisé en juin 2016 . Très propre à l&apos;intérieur. Pas de frais à prévoir en prenant la route avec cette voiture. 
Economique et puissant moteur 2.0 litres 16V, developpant 140CV. Consommation moyenne de 6,3 litres aux 100 km. 
Boîte à 6 vitesses et embrayage en bon état. 
Régulièrement chez le garagiste pour le suivi mécanique comme l&apos;en atteste le carnet de service. Un service vient juste d&apos;être réalisé en juin 2016. La courroie et la pompe a eau ont été changés. Rotules de direction et de suspension changées. 
Ce monospace offre un joli volume intérieur. En deux temps trois mouvement et sans grand efforts, il est possible de retirer 1, 2 ou 3 sièges arrières et ainsi offrir un volume de chargement plat et volumineux. Ils sont montés sur un rail, il est donc possible de les avancer ou de les reculer pour jouer sur la modularités des genoux ou de l&apos;espace du coffre. Les sièges 6 et 7 sont logés dans le fond plat du coffre et se déploient rapidement. 
La voiture est équipée du système Isofix pour la fixation des sièges enfants. La voiture dispose de rideau pare soleil pour les passagers arrière. 
La voiture est très propre à l&apos;intérieur. Le tissu des sièges est en bon état. Pas d&apos;animaux. 
La carrosserie est en bon état général. Quelques marques dues à l&apos;utilisation ici ou là. 
Le monospace dispose de la climatisation, des vitres électriques avant et arrière, des rétrovieurs électriques et chauffants, des phares anti brouillard, de l&apos;ABS, ESP, airbag frontaux et latéraux, de la radio lecteur CD stéréo avec commande au volant, du volant réglable en hauteur et profondeur, d&apos;un ordinateur de bord etc... 
A venir voir et essayer à notre domicile. La carte grise est annulée. La voiture est disponible de suite
</topic_text>
<spam_score>0.00</spam_score>
<post_num>1</post_num>
<post_id>post-1</post_id>
<post_url>http://www.anibis.ch/fr/automobiles--4/renault-grand-scenic-7-places-expertis%c3%a9-2016,-2007,-141&apos;000-km,--16387930.aspx</post_url>
<post_date>20160830</post_date>
<post_time>1517</post_time>
<username></username>
<post>
✓ Description: 
Economique et grand monospace familial de 7 places en très bon état général . Expertisé le 23 juin 2016. Sort d&apos;un service réalisé en juin 2016 . Très propre à l&apos;intérieur. Pas de frais à prévoir en prenant la route avec cette voiture. 
Economique et puissant moteur 2.0 litres 16V, developpant 140CV. Consommation moyenne de 6,3 litres aux 100 km. 
Boîte à 6 vitesses et embrayage en bon état. 
Régulièrement chez le garagiste pour le suivi mécanique comme l&apos;en atteste le carnet de service. Un service vient juste d&apos;être réalisé en juin 2016. La courroie et la pompe a eau ont été changés. Rotules de direction et de suspension changées. 
Ce monospace offre un joli volume intérieur. En deux temps trois mouvement et sans grand efforts, il est possible de retirer 1, 2 ou 3 sièges arrières et ainsi offrir un volume de chargement plat et volumineux. Ils sont montés sur un rail, il est donc possible de les avancer ou de les reculer pour jouer sur la modularités des genoux ou de l&apos;espace du coffre. Les sièges 6 et 7 sont logés dans le fond plat du coffre et se déploient rapidement. 
La voiture est équipée du système Isofix pour la fixation des sièges enfants. La voiture dispose de rideau pare soleil pour les passagers arrière. 
La voiture est très propre à l&apos;intérieur. Le tissu des sièges est en bon état. Pas d&apos;animaux. 
La carrosserie est en bon état général. Quelques marques dues à l&apos;utilisation ici ou là. 
Le monospace dispose de la climatisation, des vitres électriques avant et arrière, des rétrovieurs électriques et chauffants, des phares anti brouillard, de l&apos;ABS, ESP, airbag frontaux et latéraux, de la radio lecteur CD stéréo avec commande au volant, du volant réglable en hauteur et profondeur, d&apos;un ordinateur de bord etc... 
A venir voir et essayer à notre domicile. La carte grise est annulée. La voiture est disponible de suite
</post>
<signature>

</signature>
<external_links>

</external_links>
<country>CH</country>
<main_image>https://can01.anibis.ch/Voitures-de-tourisme-Renault-Grand-Scenic-7-places-Expertise-2016,-2007/?1024x728/3/90/anibis/930/387/016/_U0ylSfLkUGSxNmW2TI6bg_1.jpg</main_image>
</document>
