<?xml version="1.0" encoding="UTF-8"?>
<document>
<type>mainstream</type>
<forum>http://info.sibnet.ru/data/last.rss</forum>
<forum_title>Sibnet: Новости</forum_title>
<discussion_title>Дореволюционный кафедральный собор воссоздадут на Алтае</discussion_title>
<language>russian</language>
<gmt_offset></gmt_offset>
<topic_url>http://info.sibnet.ru/article/493180/</topic_url>
<topic_text>
Дореволюционный кафедральный собор воссоздадут на Алтае Фото: © Горноалтайская епархия Храм Всемилостивого Спаса, который станет основным кафедральным собором Горного Алтая, построят в республиканском центре в память о разрушенном одноименном храме, до революции бывшем центром православной жизни региона, сообщает пресс-служба правительства республики. 
Патриарх Московский и всея Руси Кирилл, который в среду прибудет с рабочим визитом в Горно-Алтайск, освятит закладной камень будущего кафедрального собора, а также на месте проведет молебен. 
Храм будет вмещать до 500 прихожан и станет основным собором, в котором будет служить епископ Горноалтайский и Чемальский. Собор станет первым и единственным в регионе подобной вместимости. 
В рамках визита патриарх также привезет мощи святителя Макария (Невского), носившего пожизненный титул «митрополит Алтайский». Поклониться святыне смогут все желающие. Мощи впредь будут храниться в храме Преподобного Макария в Горно-Алтайске. 
Храм Всемилостивого Спаса был заложен в 1873 году в центре села на месте, где жил первый крещенный архимандритом Макарием алтаец — Элеска-Иоанн. Именно на строительстве этого храма зарождались традиции первой местной живописи и иконописи. 
В освящении храма 21 сентября 1875 года, помимо начальника миссии, принимали участие 12 священников, присутствовало около трех тысяч человек. На исторических снимках можно увидеть, что данное архитектурное сооружение являлось самым значимым в панораме села. 
Улалинский храм Всемилостивого Спаса закрыли в середине 1920-х годов. В 1924 году в подвале храма устроили склад военкомата. Когда в 1930 году в селе сгорел «Дом Ленина», в бывшем храме разместили кинотеатр. После сноса на месте храма построили кооперативный техникум. Фото: © Горноалтайская епархия 30 августа 2016, 18:10 НСК источник:
</topic_text>
<spam_score>0.00</spam_score>
<post_num>1</post_num>
<post_id>post-1</post_id>
<post_url>http://info.sibnet.ru/article/493180/</post_url>
<post_date>20160830</post_date>
<post_time>1110</post_time>
<username></username>
<post>
Дореволюционный кафедральный собор воссоздадут на Алтае Фото: © Горноалтайская епархия Храм Всемилостивого Спаса, который станет основным кафедральным собором Горного Алтая, построят в республиканском центре в память о разрушенном одноименном храме, до революции бывшем центром православной жизни региона, сообщает пресс-служба правительства республики. 
Патриарх Московский и всея Руси Кирилл, который в среду прибудет с рабочим визитом в Горно-Алтайск, освятит закладной камень будущего кафедрального собора, а также на месте проведет молебен. 
Храм будет вмещать до 500 прихожан и станет основным собором, в котором будет служить епископ Горноалтайский и Чемальский. Собор станет первым и единственным в регионе подобной вместимости. 
В рамках визита патриарх также привезет мощи святителя Макария (Невского), носившего пожизненный титул «митрополит Алтайский». Поклониться святыне смогут все желающие. Мощи впредь будут храниться в храме Преподобного Макария в Горно-Алтайске. 
Храм Всемилостивого Спаса был заложен в 1873 году в центре села на месте, где жил первый крещенный архимандритом Макарием алтаец — Элеска-Иоанн. Именно на строительстве этого храма зарождались традиции первой местной живописи и иконописи. 
В освящении храма 21 сентября 1875 года, помимо начальника миссии, принимали участие 12 священников, присутствовало около трех тысяч человек. На исторических снимках можно увидеть, что данное архитектурное сооружение являлось самым значимым в панораме села. 
Улалинский храм Всемилостивого Спаса закрыли в середине 1920-х годов. В 1924 году в подвале храма устроили склад военкомата. Когда в 1930 году в селе сгорел «Дом Ленина», в бывшем храме разместили кинотеатр. После сноса на месте храма построили кооперативный техникум. Фото: © Горноалтайская епархия 30 августа 2016, 18:10 НСК источник:
</post>
<signature>

</signature>
<external_links>

</external_links>
<country>RU</country>
<main_image>http://info.sibnet.ru/article/493180/ni/493/493180w_1472555913.png</main_image>
</document>
