<?xml version="1.0" encoding="UTF-8"?>
<document>
<type>mainstream</type>
<forum>http://info.sibnet.ru/data/last.rss</forum>
<forum_title>Sibnet: Новости</forum_title>
<discussion_title>Опубликовано видео взрыва у посольства Китая в Бишкеке</discussion_title>
<language>russian</language>
<gmt_offset></gmt_offset>
<topic_url>http://info.sibnet.ru/article/493135/</topic_url>
<topic_text>
Опубликовано видео взрыва у посольства Китая в Бишкеке Фото: © кадр из видео Очевидцы опубликовали видео взрыва в китайском посольстве в Бишкеке, который, по данным СМИ, устроил террорист-смертник. Эксперты смоделировали войну США против России и Китая 
Мощный взрыв прогремел у здания китайского посольства: один человек погиб, три охранника дипмиссии получили ранения. В пресс-службе главного управления внутренних дел Бишкека заявили, что информация о ЧП поступила около десяти часов утра (07.00 мск), передает РИА Новости . 
Как сообщил очевидец случившегося, автомобиль, начиненный взрывчаткой, протаранил ворота ограды и взорвался на территории дипмиссии неподалеку от резиденции посла. В результате взрыва в соседних домах выбиты стекла, а в магазинах повреждены витрины. 
«По сообщению главного врача станции скорой медицинской помощи Бишкека, прибывшая по вызову бригада оказала помощь двум сотрудникам посольства. На месте также находится тело погибшего, который, по предварительным данным, находился в автомобиле», — сообщила представитель пресс-службы Минздрава. 
&lt;br&gt; 30 августа 2016, 15:38 НСК источник:
</topic_text>
<spam_score>0.00</spam_score>
<post_num>1</post_num>
<post_id>post-1</post_id>
<post_url>http://info.sibnet.ru/article/493135/</post_url>
<post_date>20160830</post_date>
<post_time>0838</post_time>
<username></username>
<post>
Опубликовано видео взрыва у посольства Китая в Бишкеке Фото: © кадр из видео Очевидцы опубликовали видео взрыва в китайском посольстве в Бишкеке, который, по данным СМИ, устроил террорист-смертник. Эксперты смоделировали войну США против России и Китая 
Мощный взрыв прогремел у здания китайского посольства: один человек погиб, три охранника дипмиссии получили ранения. В пресс-службе главного управления внутренних дел Бишкека заявили, что информация о ЧП поступила около десяти часов утра (07.00 мск), передает РИА Новости . 
Как сообщил очевидец случившегося, автомобиль, начиненный взрывчаткой, протаранил ворота ограды и взорвался на территории дипмиссии неподалеку от резиденции посла. В результате взрыва в соседних домах выбиты стекла, а в магазинах повреждены витрины. 
«По сообщению главного врача станции скорой медицинской помощи Бишкека, прибывшая по вызову бригада оказала помощь двум сотрудникам посольства. На месте также находится тело погибшего, который, по предварительным данным, находился в автомобиле», — сообщила представитель пресс-службы Минздрава. 
&lt;br&gt; 30 августа 2016, 15:38 НСК источник:
</post>
<signature>

</signature>
<external_links>

</external_links>
<country>RU</country>
<main_image>http://info.sibnet.ru/article/493135/ni/493/493135w_1472546837.png</main_image>
</document>
