<?xml version="1.0" encoding="UTF-8"?>
<document>
<type>mainstream</type>
<forum>http://feeds2.feedburner.com/Hoofdpunten</forum>
<forum_title>Laatste hoofdpunten</forum_title>
<discussion_title>AD.nl: Oh Oh-Hagenees Wesley: &apos;Deze serie is nog gekker&apos;</discussion_title>
<language>dutch</language>
<gmt_offset></gmt_offset>
<topic_url>http://www.ad.nl/den-haag/oh-oh-hagenees-wesley-deze-serie-is-nog-gekker~a0b39797/</topic_url>
<topic_text>
Algemeen Dagblad AD maakt gebruik van cookies We zijn verplicht om je te informeren over en jouw toestemming te vragen voor het gebruik van cookies op onze website. Ja, ik accepteer cookies Via cookies verzamelen AD en derde partijen informatie over jouw bezoek en interesses. Daarmee dragen cookies bij aan een prettige website-ervaring. We zorgen dat jij niet telkens dezelfde artikelen of advertenties ziet en dat advertenties bij ons en op andere sites passen bij jouw interesses. Verder zorgen cookies van derde partijen dat je artikelen kunt delen via sociale media en dat je op onze website filmpjes kunt bekijken. Om de AD-artikelen te kunnen lezen, dien je de cookies te accepteren. Je doet dat door op ‘Ja, ik accepteer de cookies’ te klikken. We wensen je veel leesplezier! Meer informatie over cookies op AD.nl vind je in ons uitgebreide cookie-statement . De serviceafdeling is te bereiken op telefoonnummer 088 - 0505 050 of via de service-omgeving . Krant.ad.nl is gratis beschikbaar voor abonnees, ook zonder cookies te accepteren.
</topic_text>
<spam_score>0.00</spam_score>
<post_num>1</post_num>
<post_id>post-1</post_id>
<post_url>http://www.ad.nl/den-haag/oh-oh-hagenees-wesley-deze-serie-is-nog-gekker~a0b39797/</post_url>
<post_date>20160830</post_date>
<post_time>1500</post_time>
<username></username>
<post>
Algemeen Dagblad AD maakt gebruik van cookies We zijn verplicht om je te informeren over en jouw toestemming te vragen voor het gebruik van cookies op onze website. Ja, ik accepteer cookies Via cookies verzamelen AD en derde partijen informatie over jouw bezoek en interesses. Daarmee dragen cookies bij aan een prettige website-ervaring. We zorgen dat jij niet telkens dezelfde artikelen of advertenties ziet en dat advertenties bij ons en op andere sites passen bij jouw interesses. Verder zorgen cookies van derde partijen dat je artikelen kunt delen via sociale media en dat je op onze website filmpjes kunt bekijken. Om de AD-artikelen te kunnen lezen, dien je de cookies te accepteren. Je doet dat door op ‘Ja, ik accepteer de cookies’ te klikken. We wensen je veel leesplezier! Meer informatie over cookies op AD.nl vind je in ons uitgebreide cookie-statement . De serviceafdeling is te bereiken op telefoonnummer 088 - 0505 050 of via de service-omgeving . Krant.ad.nl is gratis beschikbaar voor abonnees, ook zonder cookies te accepteren.
</post>
<signature>

</signature>
<external_links>

</external_links>
<country>BE</country>
<main_image></main_image>
</document>
