<?xml version="1.0" encoding="UTF-8"?>
<document>
<type>mainstream</type>
<forum>http://news.rambler.ru/rss/politics/</forum>
<forum_title>Политика — Рамблер/новости</forum_title>
<discussion_title>Медведев заявил о росте пенсий в 15 раз</discussion_title>
<language>russian</language>
<gmt_offset></gmt_offset>
<topic_url>https://news.rambler.ru/politics/34588981-medvedev-zayavil-o-roste-pensiy-v-15-raz/</topic_url>
<topic_text>
Фото: ТАСС За прошедшие 15 лет пенсии в стране увеличились в 15 раз, заявил премьер-министр России Дмитрий Медведев. Свое заявление политик сделал на встрече с пенсионерами. Его слова приводит ТАСС . «За последние 15 лет, это относительно короткий срок, мы с вами это понимаем, пенсия в нашей стране выросла в 15 раз. Это легко забывается. Кажется, что так было и 10 лет назад, и 15 лет. Не так было! Было гораздо сложнее»,— заявил Медведев. Напомним, ранее СМИ сообщили об отказе правительства в 2016 году проводить доиндексацию пенсий. Было принято решение провести единоразовые выплаты в размере 5 тысяч рублей. Эти деньги российские пенсионеры получат 1 января 2017 года. Позднее вице-премьер Ольга Голодец заявила, что решение об индексации пенсий в форме единовременной выплаты по итогам нынешнего года является разовым, индексация в 2017 году будет проводиться в прежнем порядке. Медведев назвал единоразовую выплату «справедливой». В 2017 году, по словам премьера, индексация пенсий будет проведена в полном объеме.
</topic_text>
<spam_score>0.00</spam_score>
<post_num>1</post_num>
<post_id>post-1</post_id>
<post_url>https://news.rambler.ru/politics/34588981-medvedev-zayavil-o-roste-pensiy-v-15-raz/</post_url>
<post_date>20160830</post_date>
<post_time>1435</post_time>
<username>Рамблер/новости</username>
<post>
Фото: ТАСС За прошедшие 15 лет пенсии в стране увеличились в 15 раз, заявил премьер-министр России Дмитрий Медведев. Свое заявление политик сделал на встрече с пенсионерами. Его слова приводит ТАСС . «За последние 15 лет, это относительно короткий срок, мы с вами это понимаем, пенсия в нашей стране выросла в 15 раз. Это легко забывается. Кажется, что так было и 10 лет назад, и 15 лет. Не так было! Было гораздо сложнее»,— заявил Медведев. Напомним, ранее СМИ сообщили об отказе правительства в 2016 году проводить доиндексацию пенсий. Было принято решение провести единоразовые выплаты в размере 5 тысяч рублей. Эти деньги российские пенсионеры получат 1 января 2017 года. Позднее вице-премьер Ольга Голодец заявила, что решение об индексации пенсий в форме единовременной выплаты по итогам нынешнего года является разовым, индексация в 2017 году будет проводиться в прежнем порядке. Медведев назвал единоразовую выплату «справедливой». В 2017 году, по словам премьера, индексация пенсий будет проведена в полном объеме.
</post>
<signature>

</signature>
<external_links>

</external_links>
<country>RU</country>
<main_image>https://news.rambler.ru/share/snippets/34588981/6c0e74f77e35e38d3005682f9898fe43.png</main_image>
</document>
