<?xml version="1.0" encoding="UTF-8"?>
<document>
<type>mainstream</type>
<forum>http://thetravelguideonline.com/feed</forum>
<forum_title>The Travel Guide</forum_title>
<discussion_title>إختار جمهورية نيبال للسياحة خلال رحلتك القادمة بعيد الأضحى</discussion_title>
<language>arabic</language>
<gmt_offset></gmt_offset>
<topic_url>http://thetravelguideonline.com/%d8%a5%d8%ae%d8%aa%d8%a7%d8%b1-%d9%85%d8%af%d9%8a%d9%86%d8%a9-%d9%86%d9%8a%d8%a8%d8%a7%d9%84-%d9%84%d9%84%d8%b3%d9%8a%d8%a7%d8%ad%d8%a9-%d8%ae%d9%84%d8%a7%d9%84-%d8%b1%d8%ad%d9%84%d8%aa%d9%83-%d8%a7/</topic_url>
<topic_text>
الرئيسية / العالم / آسيا / إختار جمهورية نيبال للسياحة خلال رحلتك القادمة بعيد الأضحى نيبال إختار جمهورية نيبال للسياحة خلال رحلتك القادمة بعيد الأضحى 0 مشاركات جمهورية نيبال هي عبارة عن دولة تقع في جبال الهملايا بين الهند و الصين وهي دولة داخلية لا سواحل لها، كما أن نيبال واحدة من أكثر الوجهات الآسيوية روعة وجمالا، فضلا عن كونها وجهة آمنة للزيارة تدخر لزائريها فرص عديدة للاستمتاع والترفية، وذلك ما بين مسارات الرحلات المتعددة والمناظر الطبيعية الرائعة ومواقع التراث العالمي المتنوعة، واليوم إختار جمهورية نيبال للسياحة خلال رحلتك القادمة بعيد الأضحى : 1. زيارة عاصمة المغامرة في نيبال بوخارا بوخارا ثاني أكبر مدينة في نيبال تقع على قاع الوادي من الطريق التجاري التاريخي بين الهند والصين، فضلا عن كونها خطوة انطلاق لرحلات أنابورنا، حيث يمكنك رؤية اجمل المشاهد الطبيعية فضلا عن أروع مسارات السير في العالم ، علاوة على ذلك فقد رسخت بوخارا سمعتها لتكون عاصمة المغامرة في نيبال، إذ تتميز بتضاريسها المثالية، وأجوائها الملائمة لكافة الرياضات المثيرة والمشوقة. 2. وجهة مثالية للرحلات والمغامرة نيبال تعتبر نيبال الوجهة المثالية لمحبي الرحلات، مع العديد من الفرص لجميع عشاق السفر والمغامرة، بداية من الرحلات القصيرة والسهلة إلى المغامرة المثيرة، كالرحلات إلى جبل ايفرست ، والرحلات إلى جبال أنابورنا، وأعالي منطقة موستانج وانجتانج. 3. الحياة البرية في نيبال نيبال توفر السياحة في نبيال فرص رائعة لمراقبة الحيوانات والطيور، بما في ذلك مجموعة متنوعة من أنواع الحيوانات البرية النادرة مثل نمور البنغال، ووحيد القرن، غزال المسك، والتماسيح، فضلا عن أنواع فريدة من الطيور الرائعة، تصل إلى أكثر من 856 نوع. 4. الطبيعة الخلابة في مدينة نيبال نيبال تغطي 35٪ من الأراضي في نيبال الغابات، مع الكثير من التضاريس بما في ذلك حقول الأرز، ومزارع الخردل والجبال التي تحبس الأنفاس، فضلا عن البحيرات والأنهار المذهلة، ولعلك عند السياحة في نيبال ستلتقط الكثير من الصور الفوتغرافية الرائعة لذكريات لن تنساها.
</topic_text>
<spam_score>0.00</spam_score>
<post_num>1</post_num>
<post_id>post-1</post_id>
<post_url>http://thetravelguideonline.com/%d8%a5%d8%ae%d8%aa%d8%a7%d8%b1-%d9%85%d8%af%d9%8a%d9%86%d8%a9-%d9%86%d9%8a%d8%a8%d8%a7%d9%84-%d9%84%d9%84%d8%b3%d9%8a%d8%a7%d8%ad%d8%a9-%d8%ae%d9%84%d8%a7%d9%84-%d8%b1%d8%ad%d9%84%d8%aa%d9%83-%d8%a7/</post_url>
<post_date>20160830</post_date>
<post_time>1348</post_time>
<username>همسة الحوراني</username>
<post>
الرئيسية / العالم / آسيا / إختار جمهورية نيبال للسياحة خلال رحلتك القادمة بعيد الأضحى نيبال إختار جمهورية نيبال للسياحة خلال رحلتك القادمة بعيد الأضحى 0 مشاركات جمهورية نيبال هي عبارة عن دولة تقع في جبال الهملايا بين الهند و الصين وهي دولة داخلية لا سواحل لها، كما أن نيبال واحدة من أكثر الوجهات الآسيوية روعة وجمالا، فضلا عن كونها وجهة آمنة للزيارة تدخر لزائريها فرص عديدة للاستمتاع والترفية، وذلك ما بين مسارات الرحلات المتعددة والمناظر الطبيعية الرائعة ومواقع التراث العالمي المتنوعة، واليوم إختار جمهورية نيبال للسياحة خلال رحلتك القادمة بعيد الأضحى : 1. زيارة عاصمة المغامرة في نيبال بوخارا بوخارا ثاني أكبر مدينة في نيبال تقع على قاع الوادي من الطريق التجاري التاريخي بين الهند والصين، فضلا عن كونها خطوة انطلاق لرحلات أنابورنا، حيث يمكنك رؤية اجمل المشاهد الطبيعية فضلا عن أروع مسارات السير في العالم ، علاوة على ذلك فقد رسخت بوخارا سمعتها لتكون عاصمة المغامرة في نيبال، إذ تتميز بتضاريسها المثالية، وأجوائها الملائمة لكافة الرياضات المثيرة والمشوقة. 2. وجهة مثالية للرحلات والمغامرة نيبال تعتبر نيبال الوجهة المثالية لمحبي الرحلات، مع العديد من الفرص لجميع عشاق السفر والمغامرة، بداية من الرحلات القصيرة والسهلة إلى المغامرة المثيرة، كالرحلات إلى جبل ايفرست ، والرحلات إلى جبال أنابورنا، وأعالي منطقة موستانج وانجتانج. 3. الحياة البرية في نيبال نيبال توفر السياحة في نبيال فرص رائعة لمراقبة الحيوانات والطيور، بما في ذلك مجموعة متنوعة من أنواع الحيوانات البرية النادرة مثل نمور البنغال، ووحيد القرن، غزال المسك، والتماسيح، فضلا عن أنواع فريدة من الطيور الرائعة، تصل إلى أكثر من 856 نوع. 4. الطبيعة الخلابة في مدينة نيبال نيبال تغطي 35٪ من الأراضي في نيبال الغابات، مع الكثير من التضاريس بما في ذلك حقول الأرز، ومزارع الخردل والجبال التي تحبس الأنفاس، فضلا عن البحيرات والأنهار المذهلة، ولعلك عند السياحة في نيبال ستلتقط الكثير من الصور الفوتغرافية الرائعة لذكريات لن تنساها.
</post>
<signature>

</signature>
<external_links>

</external_links>
<country>US</country>
<main_image>http://thetravelguideonline.com/wp-content/uploads/2016/08/shutterstock_360405194-660x330.jpg</main_image>
</document>
