<?xml version="1.0" encoding="UTF-8"?>
<document>
<type>mainstream</type>
<forum>http://rssfeeds.whas11.com/_/20/107069438/whas/entertainment</forum>
<forum_title>WHAS - Entertainment</forum_title>
<discussion_title>Ice Road Trucker Darrell Ward dies at 52</discussion_title>
<language>english</language>
<gmt_offset></gmt_offset>
<topic_url>http://rssfeeds.whas11.com/_/20/107069438/whas/http&amp;#x3a;&amp;#x2f;&amp;#x2f;www&amp;#x2e;whas11&amp;#x2e;com&amp;#x2f;entertainment&amp;#x2f;darrell-ward-star-of-ice-road-truckers-dies-at-52&amp;#x2f;311196707</topic_url>
<topic_text>
Darrell Ward, Star of &apos;Ice Road Truckers,&apos; Dies at 52 Ricki Harris, ABC News , WHAS 7:48   Darrell Ward is seen here in an episode of &quot;Ice Road Truckers.&quot; (Photo: Original Productions via ABC News) 
Darrell Ward, star of the History Channel&apos;s reality show &quot;Ice Road Truckers,&quot; died Sunday in a small plane crash. 
The 52-year-old Ward was heading from the Great American Truck Show in Dallas to Missoula, Montana, to begin filming a pilot for a new show about the recovery of plane wrecks when his plane crashed. He and his co-pilot both lost their lives. 
The adventure-loving trucker was also a father and a grandfather. 
Ward, who lived by the motto, &quot;Any road, any load,&quot; rose to fame through his four-season documentary series, &quot;Ice Road Truckers,&quot; which followed him as he navigated icy roads. Season 5 of the show was set to begin filming in the winter. 
According to a press release posted to his Facebook page, the National Transportation Safety Board is investigating the crash.
</topic_text>
<spam_score>0.00</spam_score>
<post_num>1</post_num>
<post_id>post-1</post_id>
<post_url>http://rssfeeds.whas11.com/_/20/107069438/whas/http&amp;#x3a;&amp;#x2f;&amp;#x2f;www&amp;#x2e;whas11&amp;#x2e;com&amp;#x2f;entertainment&amp;#x2f;darrell-ward-star-of-ice-road-truckers-dies-at-52&amp;#x2f;311196707</post_url>
<post_date>20160830</post_date>
<post_time>1248</post_time>
<username></username>
<post>
Darrell Ward, Star of &apos;Ice Road Truckers,&apos; Dies at 52 Ricki Harris, ABC News , WHAS 7:48   Darrell Ward is seen here in an episode of &quot;Ice Road Truckers.&quot; (Photo: Original Productions via ABC News) 
Darrell Ward, star of the History Channel&apos;s reality show &quot;Ice Road Truckers,&quot; died Sunday in a small plane crash. 
The 52-year-old Ward was heading from the Great American Truck Show in Dallas to Missoula, Montana, to begin filming a pilot for a new show about the recovery of plane wrecks when his plane crashed. He and his co-pilot both lost their lives. 
The adventure-loving trucker was also a father and a grandfather. 
Ward, who lived by the motto, &quot;Any road, any load,&quot; rose to fame through his four-season documentary series, &quot;Ice Road Truckers,&quot; which followed him as he navigated icy roads. Season 5 of the show was set to begin filming in the winter. 
According to a press release posted to his Facebook page, the National Transportation Safety Board is investigating the crash.
</post>
<signature>

</signature>
<external_links>

</external_links>
<country>US</country>
<main_image>http://content.whas11.com/photo/2016/08/30/download%20_OP_3_CP__1472561217702_5880771_ver1.0_640_360.jpg</main_image>
</document>
