<?xml version="1.0" encoding="UTF-8"?>
<document>
<type>mainstream</type>
<forum>http://feeds2.feedburner.com/Hoofdpunten</forum>
<forum_title>Laatste hoofdpunten</forum_title>
<discussion_title>Soccernews: Officieel: Rosicky keert terug naar oude liefde</discussion_title>
<language>dutch</language>
<gmt_offset></gmt_offset>
<topic_url>http://www.soccernews.nl/news/365977/Officieel:_Rosicky_keert_terug_naar_oude_liefde</topic_url>
<topic_text>
Officieel: Rosicky keert terug naar oude liefde 30 Augustus 2016 17:00 
Tomas Rosicky heeft een nieuwe club gevonden. De technisch vaardige middenvelder was een transfervrij nadat zijn contract bij Arsenal was afgelopen. Hij keert terug naar zijn oude liefde. De 35-jarige speler tekende voor twee seizoenen bij Sparta Praag. In 2001 vertrok hij er voor vele miljoenen euro&apos;s naar Borussia Dortmund. Daar speelde hij zes seizoenen. Toen plukte Arsenal hem weg. In Engeland was hij lange tijd een vaste waarde, maar hij kreeg er te maken met veel blessureleed. The legend is back! — AC Sparta Prague (@ACSparta_EN) August 30, 2016 Lees ook:
</topic_text>
<spam_score>0.00</spam_score>
<post_num>1</post_num>
<post_id>post-1</post_id>
<post_url>http://www.soccernews.nl/news/365977/Officieel:_Rosicky_keert_terug_naar_oude_liefde</post_url>
<post_date>20160830</post_date>
<post_time>1500</post_time>
<username></username>
<post>
Officieel: Rosicky keert terug naar oude liefde 30 Augustus 2016 17:00 
Tomas Rosicky heeft een nieuwe club gevonden. De technisch vaardige middenvelder was een transfervrij nadat zijn contract bij Arsenal was afgelopen. Hij keert terug naar zijn oude liefde. De 35-jarige speler tekende voor twee seizoenen bij Sparta Praag. In 2001 vertrok hij er voor vele miljoenen euro&apos;s naar Borussia Dortmund. Daar speelde hij zes seizoenen. Toen plukte Arsenal hem weg. In Engeland was hij lange tijd een vaste waarde, maar hij kreeg er te maken met veel blessureleed. The legend is back! — AC Sparta Prague (@ACSparta_EN) August 30, 2016 Lees ook:
</post>
<signature>

</signature>
<external_links>

</external_links>
<country>BE</country>
<main_image>http://www.soccernews.nl/uploads/tomas-rosicky(tsjechie)(17-06-2016).jpg</main_image>
</document>
