<?xml version="1.0" encoding="UTF-8"?>
<document>
<type>mainstream</type>
<forum>http://feeds.benzinga.com/benzinga</forum>
<forum_title>Benzinga - Stock Market Quotes, Business News, Financial News, Trading Ideas, and Stock Research by Professionals</forum_title>
<discussion_title>Barclays Praises Fitbit&apos;s New Product Launches</discussion_title>
<language>english</language>
<gmt_offset></gmt_offset>
<topic_url>http://www.benzinga.com/analyst-ratings/analyst-color/16/08/8406045/barclays-praises-fitbits-new-product-launches</topic_url>
<topic_text>
Fitbit Debuts New Fitness Bands Ahead Of Holiday Shopping Season (Investor&apos;s Business Daily) 
Fitbit Inc (NYSE: FIT ) announced the launch of two new products - the Charge 2 and the Flex 2. The product launches reflect the company’s “continued focus on innovation,” and should support its strong growth outlook for the future, Barclays’ Matthew McClintock said in a report. He maintained an Overweight rating on Fitbit, with a price target of $24. Impressive Product Launches 
The new features in both products appear impressive and build upon the company’s most popular trackers, the Charge HR and Flex, respectively, analyst McClintock noted. 
While including all the features of Charge HR, the new Charge 2 product also includes multi-sport modes, connected GPS, interval workout mode, and SmartTrack. The company has improved its heart rate tracking technology, PurePulse, “by providing a cardio fitness level based on estimated VO2 Max, a metric used by high performing athletes,” McClintock mentioned. 
Another new feature added to the heart rate tracking is of guided breathing sessions. Charge 2 has a sleek design, a display that is four times larger than Charge HR and personalization options. 
Apart from the features of Flex, the new Flex 2 product includes SmartTrack, water-proof and automatic swim tracking, and a color coded LED display for notifications. Flex 2 also has interchangeable bands with a removable tracker, which is 30 percent smaller than Flex. Both the Charge 2 and Flex 2 provide smart notifications for calls and text, the analyst stated. 
Both products are slated to be available globally in fall this year. McClintock further commented, “Given its attractive valuation and a robust outlook for future growth supported by new product launches, we remain buyers of the shares of FIT.” 
Do you have ideas for articles/interviews you&apos;d like to see more of on Benzinga?Please email with your best article ideas. One person will be randomly selected to win a $20 Amazon gift card! Latest Ratings for FIT
</topic_text>
<spam_score>0.00</spam_score>
<post_num>1</post_num>
<post_id>post-1</post_id>
<post_url>http://www.benzinga.com/analyst-ratings/analyst-color/16/08/8406045/barclays-praises-fitbits-new-product-launches</post_url>
<post_date>20160830</post_date>
<post_time>1507</post_time>
<username>Monica Gerson</username>
<post>
Fitbit Debuts New Fitness Bands Ahead Of Holiday Shopping Season (Investor&apos;s Business Daily) 
Fitbit Inc (NYSE: FIT ) announced the launch of two new products - the Charge 2 and the Flex 2. The product launches reflect the company’s “continued focus on innovation,” and should support its strong growth outlook for the future, Barclays’ Matthew McClintock said in a report. He maintained an Overweight rating on Fitbit, with a price target of $24. Impressive Product Launches 
The new features in both products appear impressive and build upon the company’s most popular trackers, the Charge HR and Flex, respectively, analyst McClintock noted. 
While including all the features of Charge HR, the new Charge 2 product also includes multi-sport modes, connected GPS, interval workout mode, and SmartTrack. The company has improved its heart rate tracking technology, PurePulse, “by providing a cardio fitness level based on estimated VO2 Max, a metric used by high performing athletes,” McClintock mentioned. 
Another new feature added to the heart rate tracking is of guided breathing sessions. Charge 2 has a sleek design, a display that is four times larger than Charge HR and personalization options. 
Apart from the features of Flex, the new Flex 2 product includes SmartTrack, water-proof and automatic swim tracking, and a color coded LED display for notifications. Flex 2 also has interchangeable bands with a removable tracker, which is 30 percent smaller than Flex. Both the Charge 2 and Flex 2 provide smart notifications for calls and text, the analyst stated. 
Both products are slated to be available globally in fall this year. McClintock further commented, “Given its attractive valuation and a robust outlook for future growth supported by new product launches, we remain buyers of the shares of FIT.” 
Do you have ideas for articles/interviews you&apos;d like to see more of on Benzinga?Please email with your best article ideas. One person will be randomly selected to win a $20 Amazon gift card! Latest Ratings for FIT
</post>
<signature>

</signature>
<external_links>

</external_links>
<country>US</country>
<main_image></main_image>
</document>
