<?xml version="1.0" encoding="UTF-8"?>
<document>
<type>mainstream</type>
<forum>http://info.sibnet.ru/data/last.rss</forum>
<forum_title>Sibnet: Новости</forum_title>
<discussion_title>Грузовик аварийной службы упал в яму в Новосибирске</discussion_title>
<language>russian</language>
<gmt_offset></gmt_offset>
<topic_url>http://info.sibnet.ru/article/493162/</topic_url>
<topic_text>
Фото : © vk.com/incident_nsk 
Грузовик аварийной службы упал в яму на улице Владимирской в Новосибирске, самостоятельно он выбраться не смог, технику доставал из ямы кран. 
«На улице Владимировской грузовик попал в яму. Сам выбраться не смог. Вызвали кран», — написали очевидцы в группе «Индицидент.Новосибирск». 
Как сообщил Sibnet.ru представитель ГИБДД Новосибирска Сергей Страдымов, такие происшествия не попадают в сводку ведомства. 30 августа 2016, 16:59 НСК источник:
</topic_text>
<spam_score>0.00</spam_score>
<post_num>1</post_num>
<post_id>post-1</post_id>
<post_url>http://info.sibnet.ru/article/493162/</post_url>
<post_date>20160830</post_date>
<post_time>0959</post_time>
<username></username>
<post>
Фото : © vk.com/incident_nsk 
Грузовик аварийной службы упал в яму на улице Владимирской в Новосибирске, самостоятельно он выбраться не смог, технику доставал из ямы кран. 
«На улице Владимировской грузовик попал в яму. Сам выбраться не смог. Вызвали кран», — написали очевидцы в группе «Индицидент.Новосибирск». 
Как сообщил Sibnet.ru представитель ГИБДД Новосибирска Сергей Страдымов, такие происшествия не попадают в сводку ведомства. 30 августа 2016, 16:59 НСК источник:
</post>
<signature>

</signature>
<external_links>

</external_links>
<country>RU</country>
<main_image>http://info.sibnet.ru/article/493162/ni/493/493162w_1472551636.jpg</main_image>
</document>
