<?xml version="1.0" encoding="UTF-8"?>
<document>
<type>mainstream</type>
<forum>http://feeds2.feedburner.com/Hoofdpunten</forum>
<forum_title>Laatste hoofdpunten</forum_title>
<discussion_title>Nieuws.nl: ‘Nederland moet werk maken van TTIP’</discussion_title>
<language>dutch</language>
<gmt_offset></gmt_offset>
<topic_url>http://nieuws.nl/economie/20160830/nederland-moet-werk-maken-van-ttip/</topic_url>
<topic_text>
‘Nederland moet werk maken van TTIP’ Foto: ANP 
Het vrijhandelsverdrag tussen Europa en de Verenigde Staten is essentieel voor Nederland en daarom moet het kabinet zich in Europa hard blijven maken voor TTIP. Dat stellen ondernemersverenigingen EVO en Fenedex dinsdag in een reactie op de aanzwellende kritiek op het verdrag in onder meer Frankrijk en Duitsland. 
De organisaties benadrukken dat handelsverdragen essentieel zijn voor een handelsland als Nederland en dat bedrijven uit de VS de grootste investeerders zijn in ons land. Een goed verdrag vereenvoudigt volgens de organisaties de export en logistiek en zorgt voor lagere tarieven. Ook de werkgelegenheid in Nederland profiteert daarvan. 
De Franse staatssecretaris Matthias Fekl (Handel) zei dinsdag dat de EU moet ophouden met onderhandelen over het TTIP-verdrag. Afgelopen weekend zei de Duitse vicekanselier Sigmar Gabriel dat de onderhandelingen over het verdrag feitelijk zijn mislukt. EVO en Fenedex vragen van het kabinet desondanks om zich in te blijven zetten voor TTIP. Reageer
</topic_text>
<spam_score>0.00</spam_score>
<post_num>1</post_num>
<post_id>post-1</post_id>
<post_url>http://nieuws.nl/economie/20160830/nederland-moet-werk-maken-van-ttip/</post_url>
<post_date>20160830</post_date>
<post_time>1500</post_time>
<username></username>
<post>
‘Nederland moet werk maken van TTIP’ Foto: ANP 
Het vrijhandelsverdrag tussen Europa en de Verenigde Staten is essentieel voor Nederland en daarom moet het kabinet zich in Europa hard blijven maken voor TTIP. Dat stellen ondernemersverenigingen EVO en Fenedex dinsdag in een reactie op de aanzwellende kritiek op het verdrag in onder meer Frankrijk en Duitsland. 
De organisaties benadrukken dat handelsverdragen essentieel zijn voor een handelsland als Nederland en dat bedrijven uit de VS de grootste investeerders zijn in ons land. Een goed verdrag vereenvoudigt volgens de organisaties de export en logistiek en zorgt voor lagere tarieven. Ook de werkgelegenheid in Nederland profiteert daarvan. 
De Franse staatssecretaris Matthias Fekl (Handel) zei dinsdag dat de EU moet ophouden met onderhandelen over het TTIP-verdrag. Afgelopen weekend zei de Duitse vicekanselier Sigmar Gabriel dat de onderhandelingen over het verdrag feitelijk zijn mislukt. EVO en Fenedex vragen van het kabinet desondanks om zich in te blijven zetten voor TTIP. Reageer
</post>
<signature>

</signature>
<external_links>

</external_links>
<country>BE</country>
<main_image>http://cdn.nieuws.nl/media/2016/08/30184812/nederland-moet-werk-maken-van-ttip.jpg</main_image>
</document>
