<?xml version="1.0" encoding="UTF-8"?>
<document>
<type>mainstream</type>
<forum></forum>
<forum_title></forum_title>
<discussion_title>Administrativos de CPS definirán si continúan con el paro de indefinido | ATB Digital</discussion_title>
<language>spanish</language>
<gmt_offset></gmt_offset>
<topic_url>http://www.atb.com.bo/seccion/sociedad/administrativos-de-cps-definir%C3%A1n-si-contin%C3%BAan-con-el-paro-de-indefinido</topic_url>
<topic_text>
Martes 30 de agosto de 2016 Formulario de búsqueda Administrativos de CPS definirán si continúan con el paro de indefinido Sociedad | Martes 30/08/2016 - 10:58 &lt;a href=&quot;https://www.youtube.com/embed/ibjguGkQbhs?wmode=opaque&amp;amp;showinfo=0&quot;&gt;Embedded video for Administrativos de CPS definirán si continúan con el paro de indefinido&lt;/a&gt; 
Cochabamba, martes 30 de agosto (ATB Digital). - El paro indefinido de los trabajadores administrativos de la Caja Petrolera de Salud (CPS) en Cochabamba está en cuarto intermedio desde el pasado viernes y mañana se definirá si continúan con esta medida de presión. 
Sin embargo, la atención médica en este centro de salud es totalmente normal. Etiquetas: Zona Miraflores Av. Argentina Nº 2057 Tel: (591) 22229922 Av. Cristo Redentor entre tercer y cuarto anillo Nº 3355 Tel: (591) 33452000 Av. Pando esq. Tupiza Nº1140 Tel: (591) 44286004 Calle Junín esquina Quintana Nº 46 Tel: (591) 25252554 Zona Pocona Calle Eduardo Berdecio Nº525 Tel: (591) 46462179 Calle Ingavi Nº339 Edif. Tarija Tel: (591) 46632002 Zona Central Calle Cochabamba Nº 25 Edif. Entel 3er piso Tel: (591) 26222743 Redes Sociales 67005880 Los artículos así como su contenido, su estilo y las opiniones expresadas en ellos son responsabilidad de los autores firmantes y no necesariamente reflejan la opinión de ATB.Queda prohibida la reproducción total o parcial del contenido de esta web por cualquier medio o procedimiento, sin contar con la autorización previa, expresa y por escrito de Asociación Teledifusora Boliviana, Illimani de Comunicaciones. Toda forma de utilización no autorizada será perseguida con las leyes nacionales e internacionales del derecho de autor. Desarrollado por: 
</topic_text>
<spam_score>0.19</spam_score>
<post_num>1</post_num>
<post_id>post-1</post_id>
<post_url>http://www.atb.com.bo/seccion/sociedad/administrativos-de-cps-definir%C3%A1n-si-contin%C3%BAan-con-el-paro-de-indefinido</post_url>
<post_date>20160830</post_date>
<post_time></post_time>
<username></username>
<post>
Martes 30 de agosto de 2016 Formulario de búsqueda Administrativos de CPS definirán si continúan con el paro de indefinido Sociedad | Martes 30/08/2016 - 10:58 &lt;a href=&quot;https://www.youtube.com/embed/ibjguGkQbhs?wmode=opaque&amp;amp;showinfo=0&quot;&gt;Embedded video for Administrativos de CPS definirán si continúan con el paro de indefinido&lt;/a&gt; 
Cochabamba, martes 30 de agosto (ATB Digital). - El paro indefinido de los trabajadores administrativos de la Caja Petrolera de Salud (CPS) en Cochabamba está en cuarto intermedio desde el pasado viernes y mañana se definirá si continúan con esta medida de presión. 
Sin embargo, la atención médica en este centro de salud es totalmente normal. Etiquetas: Zona Miraflores Av. Argentina Nº 2057 Tel: (591) 22229922 Av. Cristo Redentor entre tercer y cuarto anillo Nº 3355 Tel: (591) 33452000 Av. Pando esq. Tupiza Nº1140 Tel: (591) 44286004 Calle Junín esquina Quintana Nº 46 Tel: (591) 25252554 Zona Pocona Calle Eduardo Berdecio Nº525 Tel: (591) 46462179 Calle Ingavi Nº339 Edif. Tarija Tel: (591) 46632002 Zona Central Calle Cochabamba Nº 25 Edif. Entel 3er piso Tel: (591) 26222743 Redes Sociales 67005880 Los artículos así como su contenido, su estilo y las opiniones expresadas en ellos son responsabilidad de los autores firmantes y no necesariamente reflejan la opinión de ATB.Queda prohibida la reproducción total o parcial del contenido de esta web por cualquier medio o procedimiento, sin contar con la autorización previa, expresa y por escrito de Asociación Teledifusora Boliviana, Illimani de Comunicaciones. Toda forma de utilización no autorizada será perseguida con las leyes nacionales e internacionales del derecho de autor. Desarrollado por: 
</post>
<signature>

</signature>
<external_links>

</external_links>
<country>BO</country>
<main_image>http://www.atb.com.bo/sites/default/files/Administrativos%20de%20CPS%20definir%C3%A1n%20si%20contin%C3%BAan%20con%20el%20paro%20de%20indefinido%202.jpg</main_image>
</document>
