<?xml version="1.0" encoding="UTF-8"?>
<document>
<type>mainstream</type>
<forum>http://www.trelleborgsallehanda.se/feed</forum>
<forum_title>Trelleborgs Allehanda</forum_title>
<discussion_title>Morganiseringen breder ut sig</discussion_title>
<language>swedish</language>
<gmt_offset></gmt_offset>
<topic_url>http://www.trelleborgsallehanda.se/ledare/morganiseringen-breder-ut-sig/</topic_url>
<topic_text>
Beskattad elproduktion. Foto: FREDRIK SANDBERG / TT Förnyelsebar energi och invandrare som klarar sin egen försörjning. Det ska uppmuntras, men det tycker inte regeringen. Text A A 
Så har det hänt igen, regeringen skyller på EU när Sverige egentligen äger en fråga. Det gäller den hårt kritiserade skatten på solel som infördes den 1 juli i år. Enligt regeringen infördes skatten på grund av EU-regler för konkurrens och statsstöd. Detta motsägs dock av EU-kommissionen i Stockholm som grundligt har utrett frågan och säger att det finns inga sådana krav. 
Den nya skatten på 30 öre per kilowattimme gäller solcellsanläggningar på mer än 255 kW och slår framför allt mot företag, landsting och bostadsrättsföreningar. I många fall kommer skatten göra det olönsamt att satsa på solenergi, vilket innebär mindre investeringar i förnyelsebar energi. 
Tidigare har justitie- och migrationsminister Morgan Johansson (S) skyllt på EU-regler i samband med att Syed Latif från Bangladesh utvisades från Sverige på grund av att han inte hade sökt sitt arbete på rätt sätt. Men enligt EU-kommissionen som utrett fallet hade inte Syed Latif behövt utvisas. Morgan Johansson hade alltså fel. 
När jag skrev om detta för ett par veckor sedan kallade jag det för Morganisering – att skylla på EU när det egentligen är Sverige som äger frågan. 
Morganiseringen tycks tyvärr breda ut sig i hela regeringen. Det är illa. Inte nog med att det var idioti att införa en skatt på solel eller att utvisa en invandrare som har ett arbete och kan svenska, regeringen vill inte stå för sina egna beslut. 
EU uppfattas ofta som fyrkantigt och får ofta skulden för impopulära beslut. Nu gör regeringen inte det lättare genom att beskylla EU för än det, än det andra. 
Regeringen med Stefan Löfven i spetsen bör därför rannsaka sig själva och ta ansvar för sin egen politik. Det gör den inte i dag.  
</topic_text>
<spam_score>0.00</spam_score>
<post_num>1</post_num>
<post_id>post-1</post_id>
<post_url>http://www.trelleborgsallehanda.se/ledare/morganiseringen-breder-ut-sig/</post_url>
<post_date>20160830</post_date>
<post_time>1500</post_time>
<username>mattias.karlsson@ystadsallehanda.se (Mattias Karlsson)</username>
<post>
Beskattad elproduktion. Foto: FREDRIK SANDBERG / TT Förnyelsebar energi och invandrare som klarar sin egen försörjning. Det ska uppmuntras, men det tycker inte regeringen. Text A A 
Så har det hänt igen, regeringen skyller på EU när Sverige egentligen äger en fråga. Det gäller den hårt kritiserade skatten på solel som infördes den 1 juli i år. Enligt regeringen infördes skatten på grund av EU-regler för konkurrens och statsstöd. Detta motsägs dock av EU-kommissionen i Stockholm som grundligt har utrett frågan och säger att det finns inga sådana krav. 
Den nya skatten på 30 öre per kilowattimme gäller solcellsanläggningar på mer än 255 kW och slår framför allt mot företag, landsting och bostadsrättsföreningar. I många fall kommer skatten göra det olönsamt att satsa på solenergi, vilket innebär mindre investeringar i förnyelsebar energi. 
Tidigare har justitie- och migrationsminister Morgan Johansson (S) skyllt på EU-regler i samband med att Syed Latif från Bangladesh utvisades från Sverige på grund av att han inte hade sökt sitt arbete på rätt sätt. Men enligt EU-kommissionen som utrett fallet hade inte Syed Latif behövt utvisas. Morgan Johansson hade alltså fel. 
När jag skrev om detta för ett par veckor sedan kallade jag det för Morganisering – att skylla på EU när det egentligen är Sverige som äger frågan. 
Morganiseringen tycks tyvärr breda ut sig i hela regeringen. Det är illa. Inte nog med att det var idioti att införa en skatt på solel eller att utvisa en invandrare som har ett arbete och kan svenska, regeringen vill inte stå för sina egna beslut. 
EU uppfattas ofta som fyrkantigt och får ofta skulden för impopulära beslut. Nu gör regeringen inte det lättare genom att beskylla EU för än det, än det andra. 
Regeringen med Stefan Löfven i spetsen bör därför rannsaka sig själva och ta ansvar för sin egen politik. Det gör den inte i dag.  
</post>
<signature>

</signature>
<external_links>

</external_links>
<country>SE</country>
<main_image>http://d6jf7ok6u1qis.cloudfront.net/imengine/image.php?uuid=127d8e8c-68f0-46f8-bf04-9479589f898e&amp;type=preview&amp;source=false&amp;function=cropresize&amp;width=768&amp;height=384&amp;q=40&amp;x=0&amp;y=138&amp;crop_w=1200&amp;crop_h=600&amp;z=1.4251781472684086</main_image>
</document>
