<?xml version="1.0" encoding="UTF-8"?>
<document>
<type>mainstream</type>
<forum>http://anibis.ch//fr/automobiles--4/rssexport.aspx</forum>
<forum_title>Petites annonces Automobiles</forum_title>
<discussion_title>Toyota Yaris 1.3 City GPS EXPERTISÉE DU JOUR, 2008, 42&apos;000 km, -</discussion_title>
<language>french</language>
<gmt_offset></gmt_offset>
<topic_url>http://www.anibis.ch/fr/automobiles--4/toyota-yaris-13-city-gps-expertis%c3%89e-du-jour,-2008,-42&apos;000-km,--16388087.aspx</topic_url>
<topic_text>
Problèmes de contact? 
1) Exemple de calcul: crédit de CHF 10 000.–. Un taux d’intérêt annuel effectif entre 7,95% et 9,95% et une durée de 12 mois engendrent des intérêts totaux entre CHF 421.– et CHF 524.–. Le prêteur est Cembra Money Bank SA, dont le siège est à Zurich. L’octroi d’un crédit est interdit s’il entraîne le surendettement du consommateur. Transmettre l&apos;annonce par e-mail Vous connaissez quelqu&apos;un qui pourrait s&apos;intéresser à cette annonce ? Envoyez lui un e-mail grâce à ce formulaire. Expéditeur :
</topic_text>
<spam_score>0.00</spam_score>
<post_num>1</post_num>
<post_id>post-1</post_id>
<post_url>http://www.anibis.ch/fr/automobiles--4/toyota-yaris-13-city-gps-expertis%c3%89e-du-jour,-2008,-42&apos;000-km,--16388087.aspx</post_url>
<post_date>20160830</post_date>
<post_time>1521</post_time>
<username></username>
<post>
Problèmes de contact? 
1) Exemple de calcul: crédit de CHF 10 000.–. Un taux d’intérêt annuel effectif entre 7,95% et 9,95% et une durée de 12 mois engendrent des intérêts totaux entre CHF 421.– et CHF 524.–. Le prêteur est Cembra Money Bank SA, dont le siège est à Zurich. L’octroi d’un crédit est interdit s’il entraîne le surendettement du consommateur. Transmettre l&apos;annonce par e-mail Vous connaissez quelqu&apos;un qui pourrait s&apos;intéresser à cette annonce ? Envoyez lui un e-mail grâce à ce formulaire. Expéditeur :
</post>
<signature>

</signature>
<external_links>

</external_links>
<country>CH</country>
<main_image>http://www.anibis.ch/img/anibis-logo-share.png</main_image>
</document>
