<?xml version="1.0" encoding="UTF-8"?>
<document>
<type>mainstream</type>
<forum>http://news.rambler.ru/rss/politics/</forum>
<forum_title>Политика — Рамблер/новости</forum_title>
<discussion_title>Полсотни самолетов атаковали «противника» на полигоне Ашулук</discussion_title>
<language>russian</language>
<gmt_offset></gmt_offset>
<topic_url>https://news.rambler.ru/politics/34589110-polsotni-samoletov-atakovali-protivnika-na-poligone-ashuluk/</topic_url>
<topic_text>
Главные события у вас в почте Самоубийство в день рождения Фото: Минобороны РФ В рамках проверки боеготовность войск более 50 самолетов нанесли ракетный удар по условному противнику. Учения проводились на полигоне Ашулук. Об этом сообщает пресс-служба Минобороны РФ. Цели, уничтоженные в ходе учений, имитировали колонны техники, а также огневые позиции условного врага. В массированной атаке участвовали истребители Су-27, Су-30СМ, а также бомбардировщики Су-24М и Су-34. Проверка боеготовности завершится 31 августа. В сентябре начнутся стратегические учения «Кавказ-2016». Во время активных учений на полигонах будут присутствовать иностранные атташе.
</topic_text>
<spam_score>0.00</spam_score>
<post_num>1</post_num>
<post_id>post-1</post_id>
<post_url>https://news.rambler.ru/politics/34589110-polsotni-samoletov-atakovali-protivnika-na-poligone-ashuluk/</post_url>
<post_date>20160830</post_date>
<post_time>1446</post_time>
<username>Рамблер/новости</username>
<post>
Главные события у вас в почте Самоубийство в день рождения Фото: Минобороны РФ В рамках проверки боеготовность войск более 50 самолетов нанесли ракетный удар по условному противнику. Учения проводились на полигоне Ашулук. Об этом сообщает пресс-служба Минобороны РФ. Цели, уничтоженные в ходе учений, имитировали колонны техники, а также огневые позиции условного врага. В массированной атаке участвовали истребители Су-27, Су-30СМ, а также бомбардировщики Су-24М и Су-34. Проверка боеготовности завершится 31 августа. В сентябре начнутся стратегические учения «Кавказ-2016». Во время активных учений на полигонах будут присутствовать иностранные атташе.
</post>
<signature>

</signature>
<external_links>

</external_links>
<country>RU</country>
<main_image>https://news.rambler.ru/share/snippets/34589110/9cc27391b86ba9862ad96e8efb239c32.png</main_image>
</document>
