<?xml version="1.0" encoding="UTF-8"?>
<document>
<type>mainstream</type>
<forum>http://www.loker.web.id/feed/</forum>
<forum_title>Loker.id</forum_title>
<discussion_title>Lowongan Pengajar Bahasa Indonesia Bimbel LBB Prof. BOB</discussion_title>
<language>indonesian</language>
<gmt_offset></gmt_offset>
<topic_url>http://www.loker.id/pendidikan-pelatihan/tutor-instruktur/lowongan-pengajar-bahasa-indonesia-bimbel-lbb-prof-bob.html</topic_url>
<topic_text>
Beranda &gt; Pendidikan Dan Pelatihan &gt; Tutor / Instruktur &gt; Lowongan Pengajar Bahasa Indonesia Bimbel LBB Prof. BOB Lowongan Pengajar Bahasa Indonesia Bimbel LBB Prof. BOB   
DIBUTUHKAN PENGAJAR BIMBEL MAPEL BAHASA INDONESIA 
MARI BERGABUNG DENGAN KAMI LBB Prof. BOB adalah bimbel yang sedang tumbuh pesat dan progresif, yang sudah berkiprah lebih dari 10 th mengabdi di dunia pendidikan dan sekarang memberikan kesempatan untuk kamu talenta-talenta muda yang ingin merintis jenjang karier dan meraih sukses sekaligus mengabdikan diri untuk memajukan bangsa melalui Dunia Pendidikan di Indonesia 
Kami membuka lowongan di POSISI TUTOR TETAP dan FREELANCE 
Tanggung Jawab Pekerjaan : 
Membuat peningkatan pada hasil belajar anak Membimbing anak dengan FUN 
1 tahun di bidang pendidikan 
Keahlian : 
menguasai materi Bahasa Indonesia SMP 
Kualifikasi : 
• Pendidikan min SMA sedrajat (S-1 jurusan pendidikan diutamakan) • Lebih disukai Memiliki pengalaman mengajar • Sangat menyukai Dunia Pendidikan dan dunia anak • Siap menjalani pelatihan • Dapat bekerja di bawah tekanan • Bersedia ditempatkan di semua cabang yang ada Silahkan Login untuk bisa melamar pekerjaan ini.. Jika anda belum memiliki account, registrasi terlebih dahulu sebagai pencari kerja di Loker.id Posisi / Nama Perusahaan:
</topic_text>
<spam_score>0.00</spam_score>
<post_num>1</post_num>
<post_id>post-1</post_id>
<post_url>http://www.loker.id/pendidikan-pelatihan/tutor-instruktur/lowongan-pengajar-bahasa-indonesia-bimbel-lbb-prof-bob.html</post_url>
<post_date>20160830</post_date>
<post_time>1445</post_time>
<username>LBB Prof BOB - Condet</username>
<post>
Beranda &gt; Pendidikan Dan Pelatihan &gt; Tutor / Instruktur &gt; Lowongan Pengajar Bahasa Indonesia Bimbel LBB Prof. BOB Lowongan Pengajar Bahasa Indonesia Bimbel LBB Prof. BOB   
DIBUTUHKAN PENGAJAR BIMBEL MAPEL BAHASA INDONESIA 
MARI BERGABUNG DENGAN KAMI LBB Prof. BOB adalah bimbel yang sedang tumbuh pesat dan progresif, yang sudah berkiprah lebih dari 10 th mengabdi di dunia pendidikan dan sekarang memberikan kesempatan untuk kamu talenta-talenta muda yang ingin merintis jenjang karier dan meraih sukses sekaligus mengabdikan diri untuk memajukan bangsa melalui Dunia Pendidikan di Indonesia 
Kami membuka lowongan di POSISI TUTOR TETAP dan FREELANCE 
Tanggung Jawab Pekerjaan : 
Membuat peningkatan pada hasil belajar anak Membimbing anak dengan FUN 
1 tahun di bidang pendidikan 
Keahlian : 
menguasai materi Bahasa Indonesia SMP 
Kualifikasi : 
• Pendidikan min SMA sedrajat (S-1 jurusan pendidikan diutamakan) • Lebih disukai Memiliki pengalaman mengajar • Sangat menyukai Dunia Pendidikan dan dunia anak • Siap menjalani pelatihan • Dapat bekerja di bawah tekanan • Bersedia ditempatkan di semua cabang yang ada Silahkan Login untuk bisa melamar pekerjaan ini.. Jika anda belum memiliki account, registrasi terlebih dahulu sebagai pencari kerja di Loker.id Posisi / Nama Perusahaan:
</post>
<signature>

</signature>
<external_links>

</external_links>
<country>US</country>
<main_image>http://d1hd2k8cxplek3.cloudfront.net/wp-content/uploads/2016/08/logo-bob3.png</main_image>
</document>
