<?xml version="1.0" encoding="UTF-8"?>
<document>
<type>mainstream</type>
<forum>http://info.sibnet.ru/data/last.rss</forum>
<forum_title>Sibnet: Новости</forum_title>
<discussion_title>Шпионы раскрыли данные iPhone 7 за неделю до презентации</discussion_title>
<language>russian</language>
<gmt_offset></gmt_offset>
<topic_url>http://info.sibnet.ru/article/493114/</topic_url>
<topic_text>
Фото : JoeInQueens / Attribution License Apple назначила дату своей следующей ежегодной презентации на 7 сентября, однако основные характеристики новых iPhone 7 и iPhone 7 Plus уже попали в Сеть. Названы самые ненадёжные смартфоны 
Корпорация Apple проведет новое мероприятие, посвященное презентации новинок, 7 сентября. Как говорится в приглашении, мероприятие состоится в Сан-Франциско в 10.00 утра по местному времени. Ожидается, что компания представит новый iPhone, который, скорее всего, получит название iPhone 7, а также другие новинки. Предположительно это могут быть Apple Watch 2 и новый MacBook Pro, передает РБК со ссылкой на американские СМИ. 
Тем временем, характеристики новых iPhone 7 и iPhone 7 уже утекли в Сеть. Практически все связанные с выходом новых флагманов Apple слухи указывают на то, что кардинально нового дизайна не будет. Только косметические изменения в виде смещенных антенн, новой камеры, отсутствия аудиопорта. 
Редизайн смартфонов от Apple теперь стоит ждать раз в три года. Но нечто новенькое в iPhone 7 и 7 Plus все же будет. Касаются эти изменения исключительно аппаратной части устройств — «внутренностей». 
Поклонников «яблочной» продукции ждет обновленный процессор A10. В этом году за «сердце» смартфонов отвечает чипмейкер TSMC. 16-нанометровый процесс изготовления и новая ступенька в эволюции мощности мобильных устройств Apple — процессор A10. Новая начинка 
Ему приписывают прирост производительности на уровне 20–30% (по сравнению с A9). Год назад переход с A8 на A9 привел к двукратному приросту мощности, пишет портал iPhone.ru . 
В iPhone 7 будет установлена более емкая батарея на 1960 мАч. В iPhone 6s установлен аккумулятор на 1715 мАч. Не стоит забывать, что Apple скорее всего откажется от аудиопорта, а это позволит освободить дополнительное пространство. Прибавка к батарее в 185 мАч становится реальностью. Прибавка емкости ждет и модель iPhone 7 Plus. С 2750 мАч Apple вполне может сделать скачок до 2910 мАч. 
Камеры останется прежней — все те же 12 мегапикселей. Вот только с более интересной апертурой: 1/2.6 F1.9 для iPhone 7 и 1/3 F1.9 для iPhone 7 Plus. А это свидетельствует о совершенно другом сенсоре, который установят в смартфон. Он несколько больше (в модели 7 Plus). Снимки в условиях низкого уровня освещенности будут значительно лучше. 
Если заявленные характеристики подтвердятся, то с выходом новых смартфонов Apple впервые возьмет планку в три гигабайта оперативной памяти в сегменте. Именно столько отведено iPhone 7 Plus. Все остальное, включая экраны, будет полностью позаимствовано из актуальной модельной линейки 4,7- и 5,5-дюймовых iPhone. 30 августа 2016, 14:20 НСК источник:
</topic_text>
<spam_score>0.00</spam_score>
<post_num>1</post_num>
<post_id>post-1</post_id>
<post_url>http://info.sibnet.ru/article/493114/</post_url>
<post_date>20160830</post_date>
<post_time>0720</post_time>
<username></username>
<post>
Фото : JoeInQueens / Attribution License Apple назначила дату своей следующей ежегодной презентации на 7 сентября, однако основные характеристики новых iPhone 7 и iPhone 7 Plus уже попали в Сеть. Названы самые ненадёжные смартфоны 
Корпорация Apple проведет новое мероприятие, посвященное презентации новинок, 7 сентября. Как говорится в приглашении, мероприятие состоится в Сан-Франциско в 10.00 утра по местному времени. Ожидается, что компания представит новый iPhone, который, скорее всего, получит название iPhone 7, а также другие новинки. Предположительно это могут быть Apple Watch 2 и новый MacBook Pro, передает РБК со ссылкой на американские СМИ. 
Тем временем, характеристики новых iPhone 7 и iPhone 7 уже утекли в Сеть. Практически все связанные с выходом новых флагманов Apple слухи указывают на то, что кардинально нового дизайна не будет. Только косметические изменения в виде смещенных антенн, новой камеры, отсутствия аудиопорта. 
Редизайн смартфонов от Apple теперь стоит ждать раз в три года. Но нечто новенькое в iPhone 7 и 7 Plus все же будет. Касаются эти изменения исключительно аппаратной части устройств — «внутренностей». 
Поклонников «яблочной» продукции ждет обновленный процессор A10. В этом году за «сердце» смартфонов отвечает чипмейкер TSMC. 16-нанометровый процесс изготовления и новая ступенька в эволюции мощности мобильных устройств Apple — процессор A10. Новая начинка 
Ему приписывают прирост производительности на уровне 20–30% (по сравнению с A9). Год назад переход с A8 на A9 привел к двукратному приросту мощности, пишет портал iPhone.ru . 
В iPhone 7 будет установлена более емкая батарея на 1960 мАч. В iPhone 6s установлен аккумулятор на 1715 мАч. Не стоит забывать, что Apple скорее всего откажется от аудиопорта, а это позволит освободить дополнительное пространство. Прибавка к батарее в 185 мАч становится реальностью. Прибавка емкости ждет и модель iPhone 7 Plus. С 2750 мАч Apple вполне может сделать скачок до 2910 мАч. 
Камеры останется прежней — все те же 12 мегапикселей. Вот только с более интересной апертурой: 1/2.6 F1.9 для iPhone 7 и 1/3 F1.9 для iPhone 7 Plus. А это свидетельствует о совершенно другом сенсоре, который установят в смартфон. Он несколько больше (в модели 7 Plus). Снимки в условиях низкого уровня освещенности будут значительно лучше. 
Если заявленные характеристики подтвердятся, то с выходом новых смартфонов Apple впервые возьмет планку в три гигабайта оперативной памяти в сегменте. Именно столько отведено iPhone 7 Plus. Все остальное, включая экраны, будет полностью позаимствовано из актуальной модельной линейки 4,7- и 5,5-дюймовых iPhone. 30 августа 2016, 14:20 НСК источник:
</post>
<signature>

</signature>
<external_links>

</external_links>
<country>RU</country>
<main_image>http://info.sibnet.ru/article/493114/ni/493/493114w_1472541824.jpg</main_image>
</document>
