<?xml version="1.0" encoding="UTF-8"?>
<document>
<type>mainstream</type>
<forum>http://info.sibnet.ru/data/last.rss</forum>
<forum_title>Sibnet: Новости</forum_title>
<discussion_title>Московский «хлам» запустят на новом трамвайном маршруте в Новосибирске</discussion_title>
<language>russian</language>
<gmt_offset></gmt_offset>
<topic_url>http://info.sibnet.ru/article/493102/</topic_url>
<topic_text>
Московский «хлам» запустят на новом трамвайном маршруте в Новосибирске Фото: © Владимир Сараев, Sibnet.ru Купить иллюстрацию 
Первые пять поддержанных трамваев из Москвы поступили в Новосибирск, местные жители назвали их хламом и возмутились стоимостью «бэушной» техники. Боевое крещение: «европеец» вышел на маршрут 
Как сообщается на сайте Госзакупок, мэрия Новосибирска через аукцион закупила за 4,5 миллиона рублей десять 18-летних трамваев из Москвы. За доставку техники в город мэрия также заплатит 4,5 миллиона рублей. Трамваи поступят на строящуюся трамвайную линию до микрорайона «Чистая слобода». 
Пять трамваев из десяти уже поступили в город, в соцсетях новосибирцы назвали их хламом. 
«Новые не судьба купить? Или весь хлам к нам», — написал пользователь Сергей Зарубин. 
«Что значит &quot;купили&quot;? Это они нам ещё должны утилизационный сбор заплатить за то, что приняли этот хлам в свой город», — написал пользователь Константин Фин. 
«Мосгортранс» списывает старые исправные вагоны и заменяет на более современные. В отличие от Новосибирска, Омску, Томску и Иркутску трамваи 90-х годов Москва отдает бесплатно. Сибирские города заплатят только за доставку из Москвы. Ранее «Госэлектротранспорт» купил пять десятилетних трамваев-«гармошек» производства фирмы Tatra менее чем в 20 миллионов рублей. Закупались чешские вагоны в Германии, которая купила их ранее. На потраченные деньги можно было приобрести всего один новый трамвай российского производства. 30 августа 2016, 13:35 НСК источник:
</topic_text>
<spam_score>0.00</spam_score>
<post_num>1</post_num>
<post_id>post-1</post_id>
<post_url>http://info.sibnet.ru/article/493102/</post_url>
<post_date>20160830</post_date>
<post_time>0635</post_time>
<username></username>
<post>
Московский «хлам» запустят на новом трамвайном маршруте в Новосибирске Фото: © Владимир Сараев, Sibnet.ru Купить иллюстрацию 
Первые пять поддержанных трамваев из Москвы поступили в Новосибирск, местные жители назвали их хламом и возмутились стоимостью «бэушной» техники. Боевое крещение: «европеец» вышел на маршрут 
Как сообщается на сайте Госзакупок, мэрия Новосибирска через аукцион закупила за 4,5 миллиона рублей десять 18-летних трамваев из Москвы. За доставку техники в город мэрия также заплатит 4,5 миллиона рублей. Трамваи поступят на строящуюся трамвайную линию до микрорайона «Чистая слобода». 
Пять трамваев из десяти уже поступили в город, в соцсетях новосибирцы назвали их хламом. 
«Новые не судьба купить? Или весь хлам к нам», — написал пользователь Сергей Зарубин. 
«Что значит &quot;купили&quot;? Это они нам ещё должны утилизационный сбор заплатить за то, что приняли этот хлам в свой город», — написал пользователь Константин Фин. 
«Мосгортранс» списывает старые исправные вагоны и заменяет на более современные. В отличие от Новосибирска, Омску, Томску и Иркутску трамваи 90-х годов Москва отдает бесплатно. Сибирские города заплатят только за доставку из Москвы. Ранее «Госэлектротранспорт» купил пять десятилетних трамваев-«гармошек» производства фирмы Tatra менее чем в 20 миллионов рублей. Закупались чешские вагоны в Германии, которая купила их ранее. На потраченные деньги можно было приобрести всего один новый трамвай российского производства. 30 августа 2016, 13:35 НСК источник:
</post>
<signature>

</signature>
<external_links>

</external_links>
<country>RU</country>
<main_image>http://info.sibnet.ru/article/493102/ni/493/493102w_1472539264.jpg</main_image>
</document>
