<?xml version="1.0" encoding="UTF-8"?>
<document>
<type>mainstream</type>
<forum>http://www.clarin.com/diario/hoy/sociedad.xml</forum>
<forum_title>Clarin.com - Sociedad</forum_title>
<discussion_title>Una camioneta municipal de Tigre ató y arrastró a un perro</discussion_title>
<language>spanish</language>
<gmt_offset></gmt_offset>
<topic_url>http://www.clarin.com/sociedad/camioneta-municipal-Tigre-arrastro-perro_0_1641435884.html</topic_url>
<topic_text>
Una camioneta municipal de Tigre ató y arrastró a un perro 
Video 
Un vecino logró grabar el momento y compartió el video en Facebook. El Municipio informó que los responsables fueron cesados en sus funciones. opiná shares 
Un vecino de Don Torcuato grabó el momento en el que una patrulla del Centro de Operaciones de Tigre arrastraba a un perro atado al paragolpes. El video fue publicado en las redes sociales. 
La noticia se difundió rápidamente entre los vecinos, que comenzaron a pedir que el Municipio tome cartas en el asunto. “Comparto la indignación que sufren al ver este video, he dispuesto el cese en sus funciones de los empleados intervinientes en este penoso y cruel suceso. Asimismo he instruido a la Secretaría Legal y Técnica del municipio para que evalúe y en su caso denuncie los eventuales ilícitos penales por este proceder”, dijo el intendente Julio Zamora en su perfil de Facebook. 
El perro es un pitbull que tiene puesta una correa, que luego fue atada a la camioneta con una soga. En las imágenes se puede ver cómo el animal primero intenta llevar el ritmo que le impone el vehículo, pero que no logra sostener y se cae. 
Mirá también: Arrastró a su perro hasta matarlo y casi lo linchan 
El video provocó toda una serie de reacciones entre los usuarios de Facebook, donde el video fue compartido casi 20.000 veces. &quot;Cómo puede ser que una camioneta de su municipio maltrata un animal&quot;, se pregunta un vecino. 
Según trascendió el animal se encuentra en buen estado, aunque sufrió algunas heridas menores. Todavía no lograron localizar a sus dueños. 
RELACIONADAS comentarios nota COMENTARIOS (Para comentar, tu cuenta debe estar activa) 
Se deja expresamente aclarado que los comentarios realizados en los espacios de participación del Sitio son de exclusiva responsabilidad de sus autores, pudiendo estos ser pasibles de sanciones legales. Los comentarios que fueran violatorios de los Términos y Condiciones de Uso del Sitio y/o del ordenamiento legal vigente podrán ser eliminados e incluso podrá inhabilitarse a los Usuarios en cuestión para volver a comentar. Utilizar los espacios de participación implica la aceptación de los Términos y Condiciones de Uso del Sitio. lo más visto
</topic_text>
<spam_score>0.00</spam_score>
<post_num>1</post_num>
<post_id>post-1</post_id>
<post_url>http://www.clarin.com/sociedad/camioneta-municipal-Tigre-arrastro-perro_0_1641435884.html</post_url>
<post_date>20160830</post_date>
<post_time>1348</post_time>
<username>Clarin.com</username>
<post>
Una camioneta municipal de Tigre ató y arrastró a un perro 
Video 
Un vecino logró grabar el momento y compartió el video en Facebook. El Municipio informó que los responsables fueron cesados en sus funciones. opiná shares 
Un vecino de Don Torcuato grabó el momento en el que una patrulla del Centro de Operaciones de Tigre arrastraba a un perro atado al paragolpes. El video fue publicado en las redes sociales. 
La noticia se difundió rápidamente entre los vecinos, que comenzaron a pedir que el Municipio tome cartas en el asunto. “Comparto la indignación que sufren al ver este video, he dispuesto el cese en sus funciones de los empleados intervinientes en este penoso y cruel suceso. Asimismo he instruido a la Secretaría Legal y Técnica del municipio para que evalúe y en su caso denuncie los eventuales ilícitos penales por este proceder”, dijo el intendente Julio Zamora en su perfil de Facebook. 
El perro es un pitbull que tiene puesta una correa, que luego fue atada a la camioneta con una soga. En las imágenes se puede ver cómo el animal primero intenta llevar el ritmo que le impone el vehículo, pero que no logra sostener y se cae. 
Mirá también: Arrastró a su perro hasta matarlo y casi lo linchan 
El video provocó toda una serie de reacciones entre los usuarios de Facebook, donde el video fue compartido casi 20.000 veces. &quot;Cómo puede ser que una camioneta de su municipio maltrata un animal&quot;, se pregunta un vecino. 
Según trascendió el animal se encuentra en buen estado, aunque sufrió algunas heridas menores. Todavía no lograron localizar a sus dueños. 
RELACIONADAS comentarios nota COMENTARIOS (Para comentar, tu cuenta debe estar activa) 
Se deja expresamente aclarado que los comentarios realizados en los espacios de participación del Sitio son de exclusiva responsabilidad de sus autores, pudiendo estos ser pasibles de sanciones legales. Los comentarios que fueran violatorios de los Términos y Condiciones de Uso del Sitio y/o del ordenamiento legal vigente podrán ser eliminados e incluso podrá inhabilitarse a los Usuarios en cuestión para volver a comentar. Utilizar los espacios de participación implica la aceptación de los Términos y Condiciones de Uso del Sitio. lo más visto
</post>
<signature>

</signature>
<external_links>

</external_links>
<country>AR</country>
<main_image>http://images.clarin.com/sociedad/Empleados-municipales-Tigre-camioneta-arrastraron_CLAIMA20160830_0099_4.jpg</main_image>
</document>
