<?xml version="1.0" encoding="UTF-8"?>
<document>
<type>mainstream</type>
<forum>http://info.sibnet.ru/data/last.rss</forum>
<forum_title>Sibnet: Новости</forum_title>
<discussion_title>Горячие фото звезд: морской twerk и Шварц с буренкой</discussion_title>
<language>russian</language>
<gmt_offset></gmt_offset>
<topic_url>http://info.sibnet.ru/article/492628/</topic_url>
<topic_text>
Фото опубликовано ANNA SEDOKOVA (@annasedokova) Авг 25 2016 в 8:04 PDT Фото опубликовано Black Star (@timatiofficial) Авг 18 2016 в 11:05 PDT Фото опубликовано Catherine Zeta-Jones (@catherinezetajones) Авг 20 2016 в 5:47 PDT Фото опубликовано Vin Diesel (@vindiesel) Июл 11 2016 в 4:26 PDT Фото опубликовано Victoria Beckham (@victoriabeckham) Авг 17 2016 в 7:19 PDT Фото опубликовано Taylor Swift (@taylorswift) Июл 5 2016 в 12:28 PDT Фото опубликовано Sergey Lazarev (@lazarevsergey) Авг 24 2016 в 12:42 PDT Видео опубликовано Kim Kardashian West (@kimkardashian) Авг 20 2016 в 7:47 PDT Видео опубликовано СЕРГЕЙ ЗВЕРЕВ (@zverevsuperstar) Авг 17 2016 в 2:47 PDT Фото опубликовано Miley Cyrus (@mileycyrus) Июл 30 2016 в 11:02 PDT Фото опубликовано Anya Khilkevich (@annakhilkevich) Авг 7 2016 в 5:10 PDT
</topic_text>
<spam_score>0.00</spam_score>
<post_num>1</post_num>
<post_id>post-1</post_id>
<post_url>http://info.sibnet.ru/article/492628/</post_url>
<post_date>20160830</post_date>
<post_time>1415</post_time>
<username></username>
<post>
Фото опубликовано ANNA SEDOKOVA (@annasedokova) Авг 25 2016 в 8:04 PDT Фото опубликовано Black Star (@timatiofficial) Авг 18 2016 в 11:05 PDT Фото опубликовано Catherine Zeta-Jones (@catherinezetajones) Авг 20 2016 в 5:47 PDT Фото опубликовано Vin Diesel (@vindiesel) Июл 11 2016 в 4:26 PDT Фото опубликовано Victoria Beckham (@victoriabeckham) Авг 17 2016 в 7:19 PDT Фото опубликовано Taylor Swift (@taylorswift) Июл 5 2016 в 12:28 PDT Фото опубликовано Sergey Lazarev (@lazarevsergey) Авг 24 2016 в 12:42 PDT Видео опубликовано Kim Kardashian West (@kimkardashian) Авг 20 2016 в 7:47 PDT Видео опубликовано СЕРГЕЙ ЗВЕРЕВ (@zverevsuperstar) Авг 17 2016 в 2:47 PDT Фото опубликовано Miley Cyrus (@mileycyrus) Июл 30 2016 в 11:02 PDT Фото опубликовано Anya Khilkevich (@annakhilkevich) Авг 7 2016 в 5:10 PDT
</post>
<signature>

</signature>
<external_links>

</external_links>
<country>RU</country>
<main_image>http://info.sibnet.ru/article/492628/ni/492/492628w_1472555179.png</main_image>
</document>
