<?xml version="1.0" encoding="UTF-8"?>
<document>
<type>mainstream</type>
<forum>http://info.sibnet.ru/data/last.rss</forum>
<forum_title>Sibnet: Новости</forum_title>
<discussion_title>Новосибирским школьникам бесплатно раздадут электронные учебники</discussion_title>
<language>russian</language>
<gmt_offset></gmt_offset>
<topic_url>http://info.sibnet.ru/article/493150/</topic_url>
<topic_text>
Новосибирским школьникам бесплатно раздадут электронные учебники Фото: © пресс-служба «Ростелекома» 
«Ростелеком» предоставит в пользование четырем школам города и области планшетные компьютеры с установленными на них электронными учебниками издательства «Просвещение» на 2016-2017 учебный год, сообщает пресс-служба «Ростелекома». 
«Современные школьники осваивают новые технологии очень быстро. Многие из них уже не могут представить свою повседневную жизнь без «гаджетов». Мы надеемся, что такая современная форма подачи материала вызовет интерес у школьников и станет дополнительной мотивацией в учебном процессе», — рассказал министр образования, науки и инновационной политики региона Сергей Нелюбов. 
Электронная версия учебников, в отличие от бумажной, содержит видео-, аудио- фрагменты, интерактивные карты, модели, тесты и задания с возможностью обмена информацией между участниками процесса обучения. Учебник можно обновлять и дополнять, создавать заметки и хранить дополнительные материалы. 
«В системе образования должны использоваться самые инновационные технологии, которые позволят сегодняшним школьникам вырасти грамотными и разносторонне развитыми людьми. Мы предоставим 105 планшетных компьютеров для учеников и учителей с целью апробации электронных учебников в образовательном процессе», — рассказал директор Новосибирского филиала ПАО «Ростелеком» Юрий Куприянов. 
Помимо проекта по обеспечению образовательных учреждений каналами связи «Ростелеком» также организовал в прошлом году видеонаблюдение и трансляцию проведения ЕГЭ для 9-11 классов. 30 августа 2016, 16:39 НСК источник:
</topic_text>
<spam_score>0.00</spam_score>
<post_num>1</post_num>
<post_id>post-1</post_id>
<post_url>http://info.sibnet.ru/article/493150/</post_url>
<post_date>20160830</post_date>
<post_time>0939</post_time>
<username></username>
<post>
Новосибирским школьникам бесплатно раздадут электронные учебники Фото: © пресс-служба «Ростелекома» 
«Ростелеком» предоставит в пользование четырем школам города и области планшетные компьютеры с установленными на них электронными учебниками издательства «Просвещение» на 2016-2017 учебный год, сообщает пресс-служба «Ростелекома». 
«Современные школьники осваивают новые технологии очень быстро. Многие из них уже не могут представить свою повседневную жизнь без «гаджетов». Мы надеемся, что такая современная форма подачи материала вызовет интерес у школьников и станет дополнительной мотивацией в учебном процессе», — рассказал министр образования, науки и инновационной политики региона Сергей Нелюбов. 
Электронная версия учебников, в отличие от бумажной, содержит видео-, аудио- фрагменты, интерактивные карты, модели, тесты и задания с возможностью обмена информацией между участниками процесса обучения. Учебник можно обновлять и дополнять, создавать заметки и хранить дополнительные материалы. 
«В системе образования должны использоваться самые инновационные технологии, которые позволят сегодняшним школьникам вырасти грамотными и разносторонне развитыми людьми. Мы предоставим 105 планшетных компьютеров для учеников и учителей с целью апробации электронных учебников в образовательном процессе», — рассказал директор Новосибирского филиала ПАО «Ростелеком» Юрий Куприянов. 
Помимо проекта по обеспечению образовательных учреждений каналами связи «Ростелеком» также организовал в прошлом году видеонаблюдение и трансляцию проведения ЕГЭ для 9-11 классов. 30 августа 2016, 16:39 НСК источник:
</post>
<signature>

</signature>
<external_links>

</external_links>
<country>RU</country>
<main_image>http://info.sibnet.ru/article/493150/ni/493/493150w_1472550072.jpg</main_image>
</document>
