<?xml version="1.0" encoding="UTF-8"?>
<document>
<type>mainstream</type>
<forum>http://www.dailymail.co.uk/articles.rss</forum>
<forum_title>Articles | Mail Online</forum_title>
<discussion_title>England captain Wayne Rooney says he will retire from international football after 2018 World Cup</discussion_title>
<language>english</language>
<gmt_offset></gmt_offset>
<topic_url>http://www.dailymail.co.uk/sport/football/article-3765062/Wayne-Rooney-says-end-England-career-2018-World-Cup.html</topic_url>
<topic_text>
7
View 
comments
Wayne Rooney has revealed he is likely to walk away from international football after England&apos;s World Cup 2018 campaign. 
The Manchester United star has been retained as captain by newly-appointed boss Sam Allardyce and is preparing for Sunday&apos;s qualifier against Slovakia. 
Rooney will be 32 when Russia 2018 comes around and the forward admits the tournament is likely to be his last. Rooney said: &apos;Russia will be my last opportunity to do anything with England. Hopefully I can end my time with England on a high.&apos; 
Wayne Rooney has revealed he will call time on his international career after Russia 2018
The Manchester United player says England are beginning a new era under Sam Allardyce
Rooney will retain the national team&apos;s captain&apos;s armband under new manager Allardyce
The Manchester United striker confessed it has been hard to consign England&apos;s dismal Euro 2016 exit to Iceland to the past. But he is excited by the team&apos;s prospects under Allardyce.
&apos;We have to ( move on ). You can&apos;t just forget it (Euro 2016) but it&apos;s a new era for us. A new manager. 
&apos;I seem to say that after every tournament. We have to work out how we can go one step further in tournament play.
Captain Rooney says he is looking forward to lining-up with an exciting group of players
Allardyce has overseen only one training session but will quickly begin to implement his ideas
&apos;I&apos;m looking forward to this new regime. I&apos;m excited by the players involved at the moment and, although there have been questions about my future, I said straight after the Euros that I wanted to still be involved. 
&apos;When Sam got the job I made that clear to him and here we are.&apos; 
&apos;Sam is a relaxed guy. The camp has been good, we have only had one session, but we are all excited about what ideas he can bring to us.&apos; 
Asked about Joe Hart&apos;s impending loan switch to Serie A club Torino, Rooney claimed the move could benefit the England keeper and his national team. 
He said: &apos;Joe has been in a difficult situation and knowing him like I do he wants to play and so he has gone somewhere where he can do that. This is the move that he wants and I wish him well and I am sure that it can benefit England. 
&apos;Joe is doing everything he can to make sure that Sam&apos;s decision sways his way.&apos;
</topic_text>
<spam_score>0.00</spam_score>
<post_num>13</post_num>
<post_id>post-13</post_id>
<post_url>http://www.dailymail.co.uk/sport/football/article-3765062/Wayne-Rooney-says-end-England-career-2018-World-Cup.html</post_url>
<post_date>20160830</post_date>
<post_time>1536</post_time>
<username>Fergus Sira-Lexon</username>
<post>
We&apos;re going to be in a sorry state if the past-it Wayne Rooney is still playing for England in 2018! He&apos;s been poor for three years now and is getting worse. How bad is he going to be in two years&apos; time? Jose will eventually realise what others knew ages ago and will drop Rooney once he sees that he really has lost most of the ability he had and has no business being a certain-starter at a club with United&apos;s ambitions. I can see Rooney ending the season on the bench and going to the MLS next year. Is Sam really going to pick a semi-retired player for the World Cup?
</post>
<signature>

</signature>
<external_links>

</external_links>
<country>GB</country>
<main_image>http://i.dailymail.co.uk/i/pix/2016/08/30/12/37B654EA00000578-0-image-a-15_1472558328610.jpg</main_image>
</document>
