<?xml version="1.0" encoding="UTF-8"?>
<document>
<type>mainstream</type>
<forum>http://www.jasarat.org/feed</forum>
<forum_title>Jasarat Newspaper English</forum_title>
<discussion_title>Putin to visit Japan in December: Kremlin</discussion_title>
<language>english</language>
<gmt_offset></gmt_offset>
<topic_url>http://www.jasarat.org/2016/08/30/putin-to-visit-japan-in-december-kremlin/</topic_url>
<topic_text>
  Putin to visit Japan in December: Kremlin By Agencies   8:23 PM MOSCOW: President Vladimir Putin will visit Japan in December as Moscow and Tokyo strive to ease lingering tensions over disputed islands, the Kremlin said Tuesday. “Vladimir Putin’s long-delayed visit to Japan will take place in December,” Kremlin aide Yury Ushakov told reporters. “The time and date have already been agreed to, but we will announce them with the approval of the Japanese side.” Tokyo-Moscow relations are hamstrung by a row dating back to the end of World War II when Soviet troops seized the four southernmost islands in the Pacific Kuril chain, known as the Northern Territories in Japan. The tensions have prevented the countries from signing a peace treaty formally ending wartime hostilities, hindering trade and investment ties. Putin — who last visited Japan in 2005 — is set to meet Japanese Prime Minister Shinzo Abe on Friday on the sidelines of an economic forum in the far eastern Russian city of Vladivostok. Abe made a visit to Russia in May and the Kremlin has been mooting a possible return trip by Putin before the end of the year as both sides look to rekindle talks aimed at resolving the territorial dispute. Tokyo is closely allied with Washington and has slapped sanctions against Moscow over its annexation of Crimea and the unrest in Ukraine. Over the years leaders from the two nations have tried to make headway on resolving their lingering dispute but a solution has proved elusive, and still looks some way off.
</topic_text>
<spam_score>0.00</spam_score>
<post_num>1</post_num>
<post_id>post-1</post_id>
<post_url>http://www.jasarat.org/2016/08/30/putin-to-visit-japan-in-december-kremlin/</post_url>
<post_date>20160830</post_date>
<post_time>1523</post_time>
<username>Agencies</username>
<post>
  Putin to visit Japan in December: Kremlin By Agencies   8:23 PM MOSCOW: President Vladimir Putin will visit Japan in December as Moscow and Tokyo strive to ease lingering tensions over disputed islands, the Kremlin said Tuesday. “Vladimir Putin’s long-delayed visit to Japan will take place in December,” Kremlin aide Yury Ushakov told reporters. “The time and date have already been agreed to, but we will announce them with the approval of the Japanese side.” Tokyo-Moscow relations are hamstrung by a row dating back to the end of World War II when Soviet troops seized the four southernmost islands in the Pacific Kuril chain, known as the Northern Territories in Japan. The tensions have prevented the countries from signing a peace treaty formally ending wartime hostilities, hindering trade and investment ties. Putin — who last visited Japan in 2005 — is set to meet Japanese Prime Minister Shinzo Abe on Friday on the sidelines of an economic forum in the far eastern Russian city of Vladivostok. Abe made a visit to Russia in May and the Kremlin has been mooting a possible return trip by Putin before the end of the year as both sides look to rekindle talks aimed at resolving the territorial dispute. Tokyo is closely allied with Washington and has slapped sanctions against Moscow over its annexation of Crimea and the unrest in Ukraine. Over the years leaders from the two nations have tried to make headway on resolving their lingering dispute but a solution has proved elusive, and still looks some way off.
</post>
<signature>

</signature>
<external_links>

</external_links>
<country>DE</country>
<main_image>http://www.jasarat.org/wp-content/uploads/2016/08/Putin-1.jpg</main_image>
</document>
