<?xml version="1.0" encoding="UTF-8"?>
<document>
<type>mainstream</type>
<forum>http://www.nbcphiladelphia.com/news/top-stories/?rss=y&amp;embedThumb=y&amp;summary=y</forum>
<forum_title>NBC 10 Philadelphia - Top Stories</forum_title>
<discussion_title>NBC10 Responds: Rio Trip Refund</discussion_title>
<language>english</language>
<gmt_offset></gmt_offset>
<topic_url>http://www.nbcphiladelphia.com/video/#!/news/business/NBC10-Responds_-Rio-Trip-Refund/391721241</topic_url>
<topic_text>
Close Embed this video &lt;script type=&quot;text/javascript&quot; charset=&quot;UTF-8&quot; src=&quot;http://www.nbcphiladelphia.com/portableplayer/?cmsID=391721241&amp;videoID=a_7MxB94_yUa&amp;origin=nbcphiladelphia.com&amp;sec=news&amp;subsec=business&amp;width=600&amp;height=360&quot;&gt;&lt;/script&gt; More videos (1 of 9) « » West Deptford, New Jersey&apos;s Emil Acolatse was set to board his flight to Rio for the Olympics when Jet Blue left him grounded in Newark. With hope of still making the games, he contacted Harry Hairston with NBC10 Responds. Published 3 hours ago
</topic_text>
<spam_score>0.00</spam_score>
<post_num>1</post_num>
<post_id>post-1</post_id>
<post_url>http://www.nbcphiladelphia.com/video/#!/news/business/NBC10-Responds_-Rio-Trip-Refund/391721241</post_url>
<post_date>20160830</post_date>
<post_time>1323</post_time>
<username></username>
<post>
Close Embed this video &lt;script type=&quot;text/javascript&quot; charset=&quot;UTF-8&quot; src=&quot;http://www.nbcphiladelphia.com/portableplayer/?cmsID=391721241&amp;videoID=a_7MxB94_yUa&amp;origin=nbcphiladelphia.com&amp;sec=news&amp;subsec=business&amp;width=600&amp;height=360&quot;&gt;&lt;/script&gt; More videos (1 of 9) « » West Deptford, New Jersey&apos;s Emil Acolatse was set to board his flight to Rio for the Olympics when Jet Blue left him grounded in Newark. With hope of still making the games, he contacted Harry Hairston with NBC10 Responds. Published 3 hours ago
</post>
<signature>

</signature>
<external_links>

</external_links>
<country>US</country>
<main_image>http://media.nbcphiladelphia.com/images/1200*675/WCAU_000000016878938_1200x675_754217027752.jpg</main_image>
</document>
