<?xml version="1.0" encoding="UTF-8"?>
<document>
<type>mainstream</type>
<forum></forum>
<forum_title></forum_title>
<discussion_title>Elementary school bans homework for a year | 6abc.com</discussion_title>
<language>english</language>
<gmt_offset></gmt_offset>
<topic_url>http://6abc.com/education/elementary-school-bans-homework-for-a-year-/1490964/</topic_url>
<topic_text>
Tuesday, August 30, 2016 11:25AM HOLYOKE, MA -- An elementary school in Massachusetts is eliminating homework for the entire school year. But there&apos;s a catch - instead of doing homework, kids will stay an extra two hours at school.Kelly Elementary School is part of the Holyoke School District and according to Western Mass News , the district was declared &quot;chronically under-performing.&quot;Jackie Glasheen, principal of Kelly Elementary School, came up with the idea to eliminate homework as one way to hopefully bring about improvement in the upcoming school year.&quot;I&apos;m a mom. We all are saying as we clean up the supper dishes &apos;Did you do your homework? Okay, take out your homework, I&apos;ll help you with it, let&apos;s go!&apos; So I don&apos;t know if always the responsibility was on the student as much as we&apos;d like to think it was, but you can look at the data both ways,&quot; Glasheen told Western Mass News .Glasheen&apos;s school is K-8 and like many other schools in the district, Kelly Elementary will be going to a longer day, beginning at 8:00 am with a 4:00 pm release. She believes the new schedule will fill in gaps and eliminate the need for homework.&quot;People watching this interview will say &apos;Geez.&apos; Kelly School may have some of the lowest performing numbers, they need to do more work.&apos; Well, we are! We are going two hours longer in our school day. We are providing specific instructional intervention to close those gaps,&quot; Glasheen told Western Mass News .The no-homework policy will be considered a pilot year and will be evaluated next summer according to standardized tests and other measures.This is not the first time a teacher has decided to ditch homework. A second grade teacher in Texas recently made national headlines for testing a similar policy. Related Topics: 
</topic_text>
<spam_score>0.02</spam_score>
<post_num>1</post_num>
<post_id>post-1</post_id>
<post_url>http://6abc.com/education/elementary-school-bans-homework-for-a-year-/1490964/</post_url>
<post_date>20160830</post_date>
<post_time></post_time>
<username></username>
<post>
Tuesday, August 30, 2016 11:25AM HOLYOKE, MA -- An elementary school in Massachusetts is eliminating homework for the entire school year. But there&apos;s a catch - instead of doing homework, kids will stay an extra two hours at school.Kelly Elementary School is part of the Holyoke School District and according to Western Mass News , the district was declared &quot;chronically under-performing.&quot;Jackie Glasheen, principal of Kelly Elementary School, came up with the idea to eliminate homework as one way to hopefully bring about improvement in the upcoming school year.&quot;I&apos;m a mom. We all are saying as we clean up the supper dishes &apos;Did you do your homework? Okay, take out your homework, I&apos;ll help you with it, let&apos;s go!&apos; So I don&apos;t know if always the responsibility was on the student as much as we&apos;d like to think it was, but you can look at the data both ways,&quot; Glasheen told Western Mass News .Glasheen&apos;s school is K-8 and like many other schools in the district, Kelly Elementary will be going to a longer day, beginning at 8:00 am with a 4:00 pm release. She believes the new schedule will fill in gaps and eliminate the need for homework.&quot;People watching this interview will say &apos;Geez.&apos; Kelly School may have some of the lowest performing numbers, they need to do more work.&apos; Well, we are! We are going two hours longer in our school day. We are providing specific instructional intervention to close those gaps,&quot; Glasheen told Western Mass News .The no-homework policy will be considered a pilot year and will be evaluated next summer according to standardized tests and other measures.This is not the first time a teacher has decided to ditch homework. A second grade teacher in Texas recently made national headlines for testing a similar policy. Related Topics: 
</post>
<signature>

</signature>
<external_links>

</external_links>
<country>US</country>
<main_image>http://cdn.abclocal.go.com/content/ktrk/images/cms/1490266_1280x720.jpg</main_image>
</document>
