<?xml version="1.0" encoding="UTF-8"?>
<document>
<type>mainstream</type>
<forum>http://info.sibnet.ru/data/last.rss</forum>
<forum_title>Sibnet: Новости</forum_title>
<discussion_title>Нано-коттедж с бункером и вертолетной площадкой построили на Алтае</discussion_title>
<language>russian</language>
<gmt_offset></gmt_offset>
<topic_url>http://info.sibnet.ru/article/493168/</topic_url>
<topic_text>
Нано-коттедж с бункером и вертолетной площадкой построили на Алтае Фото : DAVIDRADICH изанглийскийВикипедия Необычный коттедж, в который «не пробивается» телефонная и спутниковая связь, с вертолетной площадкой и бункером продают в Новоалтайске Алтайского края. 
Двухэтажный коттедж в стиле хай-тек имеет четко геометрическую форму. В отделке преобладают серые, черные и белые цвета. В здании прямоугольные большие, окна, а также другие черты, присущие данному стилю. Коттедж построен из бруса, который привезли из кемеровской тайги, а снаружи обшит металлопрофилем и металлокассетами. 
«Это современные и экологически чистые материалы, они создают экран дома, через который не пробивается ни одна спутниковая или телефонная сеть. У него своя медная стена внутри», — рассказал изданию «Недвижимость Алтай» проектировщик 
На террасе второго этажа находится вертолетная площадка в 100 квадратных метров. Конструкция рассчитана на посадку вертолета «Robinson» весом до 450 килограммов. К коттеджу прилегает участок в 6,5 сотки, на котором есть собственный бункер, находящийся в земле. В нем за раз могут поместиться четыре человека. Бункер можно использовать и как камеру хранения. 
По словам проектировщика, важной особенностью дома является множество нанотехнологий, значительно «упрощающих жизнь». Он утверждает, что коттедж экономичный, и если за подобные дома люди платят в месяц 10-12 тысяч рублей, то за этот коттедж плата якобы не превысит 5 тысяч в месяц из-за экономии в тепле и свете. Цена коттеджа – 7 миллионов рублей. 30 августа 2016, 17:19 НСК источник:
</topic_text>
<spam_score>0.00</spam_score>
<post_num>1</post_num>
<post_id>post-1</post_id>
<post_url>http://info.sibnet.ru/article/493168/</post_url>
<post_date>20160830</post_date>
<post_time>1019</post_time>
<username></username>
<post>
Нано-коттедж с бункером и вертолетной площадкой построили на Алтае Фото : DAVIDRADICH изанглийскийВикипедия Необычный коттедж, в который «не пробивается» телефонная и спутниковая связь, с вертолетной площадкой и бункером продают в Новоалтайске Алтайского края. 
Двухэтажный коттедж в стиле хай-тек имеет четко геометрическую форму. В отделке преобладают серые, черные и белые цвета. В здании прямоугольные большие, окна, а также другие черты, присущие данному стилю. Коттедж построен из бруса, который привезли из кемеровской тайги, а снаружи обшит металлопрофилем и металлокассетами. 
«Это современные и экологически чистые материалы, они создают экран дома, через который не пробивается ни одна спутниковая или телефонная сеть. У него своя медная стена внутри», — рассказал изданию «Недвижимость Алтай» проектировщик 
На террасе второго этажа находится вертолетная площадка в 100 квадратных метров. Конструкция рассчитана на посадку вертолета «Robinson» весом до 450 килограммов. К коттеджу прилегает участок в 6,5 сотки, на котором есть собственный бункер, находящийся в земле. В нем за раз могут поместиться четыре человека. Бункер можно использовать и как камеру хранения. 
По словам проектировщика, важной особенностью дома является множество нанотехнологий, значительно «упрощающих жизнь». Он утверждает, что коттедж экономичный, и если за подобные дома люди платят в месяц 10-12 тысяч рублей, то за этот коттедж плата якобы не превысит 5 тысяч в месяц из-за экономии в тепле и свете. Цена коттеджа – 7 миллионов рублей. 30 августа 2016, 17:19 НСК источник:
</post>
<signature>

</signature>
<external_links>

</external_links>
<country>RU</country>
<main_image>http://info.sibnet.ru/article/493168/ni/493/493168w_1472552394.jpg</main_image>
</document>
