<?xml version="1.0" encoding="UTF-8"?>
<document>
<type>mainstream</type>
<forum>http://feeds.releasewire.com/atom/latest</forum>
<forum_title>ReleaseWire - Latest Press Releases</forum_title>
<discussion_title>New Report on Global Bovine Lactoferrin Market 2016-2020 Available by 9Dimen Group</discussion_title>
<language>english</language>
<gmt_offset></gmt_offset>
<topic_url>http://www.sbwire.com/press-releases/new-report-on-global-bovine-lactoferrin-market-2016-2020-available-by-9dimen-group-717920.htm</topic_url>
<topic_text>
New Report on Global Bovine Lactoferrin Market 2016-2020 Available by 9Dimen Group Global Bovine Lactoferrin Market 2016 Review, Research, Statistics, and Analysis to 2020 
Deerfield Beach, FL   Depth Research on Global Bovine Lactoferrin Industry 2016 report introduced size, share, trends, conditions, including the product price, profit, capacity, production, capacity utilization, supply, demand and industry growth, SWOT analysis, investment feasibility analysis, and investment return analysis etc. Global Bovine Lactoferrin Industry 2016 presents an executive level blueprint of the global Bovine Lactoferrin market. This is an analytical research report that delves into evaluating the dynamics of the global Bovine Lactoferrin market drawing reference to the key trends shaping the supply-chain pattern of the industry. To study the exhaustive information sourced from detailed primary and secondary research, the analysts of the report have used industry leading analytical tools such as SWOT analysis and Porter&apos;s five forces. The observation made from the analysis not only helps analysts to compile a comprehensive report on the global Bovine Lactoferrin market, but the same also assists them to understand the prevailing competitive landscape of the market. Request for FREE SAMPLE Report @ http://www.9dimengroup.com/report/79146/request-sample For a study to be beneficial for stakeholders, it should constitute a detailed research on the market competitiveness. For the purpose of the same, the research report profiles the leading and prominent players in the Bovine Lactoferrin market. Information pertaining to key strategies adopted by these companies has been obtained from their respective financial reports, and a meticulous study on the market trends that has impacted their plan of action. Results achieved from the strategies is analyzed thoroughly in the report to update stakeholders about the trends impacting the market. Key findings of the report on the global Bovine Lactoferrin market will also help companies operating in the market to identify the growth opportunities to propel their operations. To provide a comprehensive report of the global Bovine Lactoferrin market, the study has segmented it on the basis of product types, applications, end-use industries, and geography. The leading geographic segments is identified in the report, which also studies the prospects exhibited by the emerging regional markets. With an aim of presenting a 360 degree overview of the market, the report studies the growth drivers, market restraints, and opportunities in detail. Based on in-depth study, the report presents refined growth forecasts for the Bovine Lactoferrin market. Browse Complete Report with TOC @ http://www.9dimengroup.com/market-analysis/bovine-lactoferrin-market-2016-global-industry-size-trends.html An exhaustive qualitative review of the factors accelerating and restraining the growth of the Bovine Lactoferrin market and approaching opportunities has been deployed. The Bovine Lactoferrin market has been analyzed based on applications, geographic distribution, and the substantial factors accountable for the rising demand of the Bovine Lactoferrin market globally have been detailed in this report. The report covers the global Bovine Lactoferrin market right from its definition to the numerous categorizations of the market as well as its key end-use applications. The elementary weaknesses and strengths of the leading vendors coupled with the rate of growth for each of the segments of the Bovine Lactoferrin worldwide market have been conferred after a complete analysis of past and prospective trends, regulatory needs, and technological innovations. Contact Us
</topic_text>
<spam_score>0.00</spam_score>
<post_num>1</post_num>
<post_id>post-1</post_id>
<post_url>http://www.sbwire.com/press-releases/new-report-on-global-bovine-lactoferrin-market-2016-2020-available-by-9dimen-group-717920.htm</post_url>
<post_date>20160830</post_date>
<post_time>1500</post_time>
<username>9D Research Group</username>
<post>
New Report on Global Bovine Lactoferrin Market 2016-2020 Available by 9Dimen Group Global Bovine Lactoferrin Market 2016 Review, Research, Statistics, and Analysis to 2020 
Deerfield Beach, FL   Depth Research on Global Bovine Lactoferrin Industry 2016 report introduced size, share, trends, conditions, including the product price, profit, capacity, production, capacity utilization, supply, demand and industry growth, SWOT analysis, investment feasibility analysis, and investment return analysis etc. Global Bovine Lactoferrin Industry 2016 presents an executive level blueprint of the global Bovine Lactoferrin market. This is an analytical research report that delves into evaluating the dynamics of the global Bovine Lactoferrin market drawing reference to the key trends shaping the supply-chain pattern of the industry. To study the exhaustive information sourced from detailed primary and secondary research, the analysts of the report have used industry leading analytical tools such as SWOT analysis and Porter&apos;s five forces. The observation made from the analysis not only helps analysts to compile a comprehensive report on the global Bovine Lactoferrin market, but the same also assists them to understand the prevailing competitive landscape of the market. Request for FREE SAMPLE Report @ http://www.9dimengroup.com/report/79146/request-sample For a study to be beneficial for stakeholders, it should constitute a detailed research on the market competitiveness. For the purpose of the same, the research report profiles the leading and prominent players in the Bovine Lactoferrin market. Information pertaining to key strategies adopted by these companies has been obtained from their respective financial reports, and a meticulous study on the market trends that has impacted their plan of action. Results achieved from the strategies is analyzed thoroughly in the report to update stakeholders about the trends impacting the market. Key findings of the report on the global Bovine Lactoferrin market will also help companies operating in the market to identify the growth opportunities to propel their operations. To provide a comprehensive report of the global Bovine Lactoferrin market, the study has segmented it on the basis of product types, applications, end-use industries, and geography. The leading geographic segments is identified in the report, which also studies the prospects exhibited by the emerging regional markets. With an aim of presenting a 360 degree overview of the market, the report studies the growth drivers, market restraints, and opportunities in detail. Based on in-depth study, the report presents refined growth forecasts for the Bovine Lactoferrin market. Browse Complete Report with TOC @ http://www.9dimengroup.com/market-analysis/bovine-lactoferrin-market-2016-global-industry-size-trends.html An exhaustive qualitative review of the factors accelerating and restraining the growth of the Bovine Lactoferrin market and approaching opportunities has been deployed. The Bovine Lactoferrin market has been analyzed based on applications, geographic distribution, and the substantial factors accountable for the rising demand of the Bovine Lactoferrin market globally have been detailed in this report. The report covers the global Bovine Lactoferrin market right from its definition to the numerous categorizations of the market as well as its key end-use applications. The elementary weaknesses and strengths of the leading vendors coupled with the rate of growth for each of the segments of the Bovine Lactoferrin worldwide market have been conferred after a complete analysis of past and prospective trends, regulatory needs, and technological innovations. Contact Us
</post>
<signature>

</signature>
<external_links>

</external_links>
<country>US</country>
<main_image>http://media.releasewire.com/photos/show/?id=91085</main_image>
</document>
