<?xml version="1.0" encoding="UTF-8"?>
<document>
<type>mainstream</type>
<forum>http://info.sibnet.ru/data/last.rss</forum>
<forum_title>Sibnet: Новости</forum_title>
<discussion_title>Жителей Алтая припугнули эпидемией малярии</discussion_title>
<language>russian</language>
<gmt_offset></gmt_offset>
<topic_url>http://info.sibnet.ru/article/493213/</topic_url>
<topic_text>
Фото : Jim Gathany Всего один больной малярией может спровоцировать эпидемию в Горном Алтае из-за огромного количества комаров, наблюдающегося в регионе в этом сезоне, сообщает пресс-служба Роспотребнадзора республики. 
Ранее федеральный Роспотребнадзор сообщил, что после посещения Замбии от тропической малярии умерла жительницы Москвы. Как уточняет региональное ведомство, последний случай малярии в Республике Алтай зарегистрирован в 2006 году, когда заболел ребенок, приехавший из Таджикистана. Комары из Арктики заполонят землю 
«Сохраняется вероятность завоза инфекции жителями Таджикистана, Азербайджана, Узбекистана, где сохранились очаги этой инфекции. Также малярию могут завести наши туристы, побывавшие в Таиланде, Индии, Китае, Вьетнаме, Африканских странах или странах Латинской Америки. При таком количестве комаров, которое наблюдается в текущем сезоне, достаточно одного больного, чтобы получить местную эпидемию малярии», – сказано в сообщении. Специалисты призывают граждан принимать специальные противомалярийные препараты, находясь в неблагополучных по этому заболеванию странах, а также использовать средства защиты от укусов комаров. 
Малярия передается человеку при укусах комаров, заболевание сопровождается лихорадкой и ознобом. От малярии в мире ежегодно погибает свыше 500 тысяч человек. Наибольший уровень заболеваемости и смертности приходится на регионы Африки, расположенные южнее Сахары. Значительно ухудшилась ситуация по малярии в Южной Америке, особенно в Венесуэле и Бразилии, уточняет ведомство. 30 августа 2016, 21:24 НСК источник:
</topic_text>
<spam_score>0.00</spam_score>
<post_num>1</post_num>
<post_id>post-1</post_id>
<post_url>http://info.sibnet.ru/article/493213/</post_url>
<post_date>20160830</post_date>
<post_time>1424</post_time>
<username></username>
<post>
Фото : Jim Gathany Всего один больной малярией может спровоцировать эпидемию в Горном Алтае из-за огромного количества комаров, наблюдающегося в регионе в этом сезоне, сообщает пресс-служба Роспотребнадзора республики. 
Ранее федеральный Роспотребнадзор сообщил, что после посещения Замбии от тропической малярии умерла жительницы Москвы. Как уточняет региональное ведомство, последний случай малярии в Республике Алтай зарегистрирован в 2006 году, когда заболел ребенок, приехавший из Таджикистана. Комары из Арктики заполонят землю 
«Сохраняется вероятность завоза инфекции жителями Таджикистана, Азербайджана, Узбекистана, где сохранились очаги этой инфекции. Также малярию могут завести наши туристы, побывавшие в Таиланде, Индии, Китае, Вьетнаме, Африканских странах или странах Латинской Америки. При таком количестве комаров, которое наблюдается в текущем сезоне, достаточно одного больного, чтобы получить местную эпидемию малярии», – сказано в сообщении. Специалисты призывают граждан принимать специальные противомалярийные препараты, находясь в неблагополучных по этому заболеванию странах, а также использовать средства защиты от укусов комаров. 
Малярия передается человеку при укусах комаров, заболевание сопровождается лихорадкой и ознобом. От малярии в мире ежегодно погибает свыше 500 тысяч человек. Наибольший уровень заболеваемости и смертности приходится на регионы Африки, расположенные южнее Сахары. Значительно ухудшилась ситуация по малярии в Южной Америке, особенно в Венесуэле и Бразилии, уточняет ведомство. 30 августа 2016, 21:24 НСК источник:
</post>
<signature>

</signature>
<external_links>

</external_links>
<country>RU</country>
<main_image>http://info.sibnet.ru/article/493213/ni/493/493213w_1472567088.jpg</main_image>
</document>
