<?xml version="1.0" encoding="UTF-8"?>
<document>
<type>mainstream</type>
<forum>http://info.sibnet.ru/data/last.rss</forum>
<forum_title>Sibnet: Новости</forum_title>
<discussion_title>Сирота сняла деньги подруги по фальшивому паспорту в Красноярском крае</discussion_title>
<language>russian</language>
<gmt_offset></gmt_offset>
<topic_url>http://info.sibnet.ru/article/493177/</topic_url>
<topic_text>
Сирота сняла деньги подруги по фальшивому паспорту в Красноярском крае Фото: © Владимир Сараев, Sibnet.ru 
Девушка-сирота сняла с банковского счета своей знакомой крупную сумму, предъявив в банке поддельный паспорт, сообщает СУ СК РФ по Красноярскому краю. 
По версии следствия, 19-летняя подозреваемая сама воспитывалась в детском доме и знала, что у 17-летней воспитанницы есть счет в банке, где лежит 295 тысяч рублей. Девушка изготовила поддельный паспорт на имя своей знакомой, вклеив туда собственную фотографию. 
По этому документу сирота пришла в банк и получила деньги. Девушку подозревают в аналогичном преступлении — она попросила у своей подруги банковскую и пин-код под предлогом, чтобы на нее перечислили деньги, а затем сняла 315 тысяч рублей. 
Возбуждено уголовное дело «Мошенничество, совершенное в крупном размере». Максимальное наказание — 6 лет лишения свободы. 30 августа 2016, 18:09 НСК источник:
</topic_text>
<spam_score>0.00</spam_score>
<post_num>1</post_num>
<post_id>post-1</post_id>
<post_url>http://info.sibnet.ru/article/493177/</post_url>
<post_date>20160830</post_date>
<post_time>1109</post_time>
<username></username>
<post>
Сирота сняла деньги подруги по фальшивому паспорту в Красноярском крае Фото: © Владимир Сараев, Sibnet.ru 
Девушка-сирота сняла с банковского счета своей знакомой крупную сумму, предъявив в банке поддельный паспорт, сообщает СУ СК РФ по Красноярскому краю. 
По версии следствия, 19-летняя подозреваемая сама воспитывалась в детском доме и знала, что у 17-летней воспитанницы есть счет в банке, где лежит 295 тысяч рублей. Девушка изготовила поддельный паспорт на имя своей знакомой, вклеив туда собственную фотографию. 
По этому документу сирота пришла в банк и получила деньги. Девушку подозревают в аналогичном преступлении — она попросила у своей подруги банковскую и пин-код под предлогом, чтобы на нее перечислили деньги, а затем сняла 315 тысяч рублей. 
Возбуждено уголовное дело «Мошенничество, совершенное в крупном размере». Максимальное наказание — 6 лет лишения свободы. 30 августа 2016, 18:09 НСК источник:
</post>
<signature>

</signature>
<external_links>

</external_links>
<country>RU</country>
<main_image>http://info.sibnet.ru/article/493177/ni/493/493177w_1472555371.jpg</main_image>
</document>
