<?xml version="1.0" encoding="UTF-8"?>
<document>
<type>mainstream</type>
<forum>http://deutschlandfunk.de/nachrichten.353.de.rss</forum>
<forum_title>Deutschlandfunk - Die Nachrichten</forum_title>
<discussion_title>Wasserverschmutzung - UNO sieht große Gefahren in Asien, Afrika und Südamerika</discussion_title>
<language>german</language>
<gmt_offset></gmt_offset>
<topic_url>http://www.deutschlandfunk.de/wasserverschmutzung-uno-sieht-grosse-gefahren-in-asien.447.de.html?drn:news_id=650841</topic_url>
<topic_text>
In vielen Regionen der Welt gibt es kein sauberes Trinkwasser. (picture alliance / dpa / Markus Scholz) Das UNO-Umweltprogramm warnt vor Gefahren durch verschmutztes Wasser in Asien, Afrika und Südamerika. 
Bis zu 320 Millionen Menschen liefen Gefahr, wegen Verunreinigungen an lebensgefährlichen Krankheiten wie Cholera oder Typhus zu erkranken, teilten die Vereinten Nationen in Nairobi mit. Den Angaben zufolge sterben weltweit jährlich rund 3,4 Millionen Menschen an den Folgen von Krankheiten, die über verschmutztes Wasser übertragen werden. Einer der Hauptgründe ist eine fehlende Kanalisation in vielen armen Regionen. Außerdem habe die schlechte Wasserqualität auch Auswirkungen auf die Landwirtschaft und damit auf die Produktion von Grundnahrungsmitteln. Weitere Nachrichten
</topic_text>
<spam_score>0.00</spam_score>
<post_num>1</post_num>
<post_id>post-1</post_id>
<post_url>http://www.deutschlandfunk.de/wasserverschmutzung-uno-sieht-grosse-gefahren-in-asien.447.de.html?drn:news_id=650841</post_url>
<post_date>20160830</post_date>
<post_time>1508</post_time>
<username></username>
<post>
In vielen Regionen der Welt gibt es kein sauberes Trinkwasser. (picture alliance / dpa / Markus Scholz) Das UNO-Umweltprogramm warnt vor Gefahren durch verschmutztes Wasser in Asien, Afrika und Südamerika. 
Bis zu 320 Millionen Menschen liefen Gefahr, wegen Verunreinigungen an lebensgefährlichen Krankheiten wie Cholera oder Typhus zu erkranken, teilten die Vereinten Nationen in Nairobi mit. Den Angaben zufolge sterben weltweit jährlich rund 3,4 Millionen Menschen an den Folgen von Krankheiten, die über verschmutztes Wasser übertragen werden. Einer der Hauptgründe ist eine fehlende Kanalisation in vielen armen Regionen. Außerdem habe die schlechte Wasserqualität auch Auswirkungen auf die Landwirtschaft und damit auf die Produktion von Grundnahrungsmitteln. Weitere Nachrichten
</post>
<signature>

</signature>
<external_links>

</external_links>
<country>DE</country>
<main_image>http://www.deutschlandfunk.de/media/thumbs/8/84797ba6babb94ad33a43291c202b1dev1_max_555x312_b3535db83dc50e27c1bb1392364c95a2.jpg</main_image>
</document>
