<?xml version="1.0" encoding="UTF-8"?>
<document>
<type>mainstream</type>
<forum>http://feeds.feedburner.com/rss_osc_headlines_en</forum>
<forum_title>OSC Headlines</forum_title>
<discussion_title>Notice from the Office of the Secretary: In the Matter of The Falls Capital Corp. et al.</discussion_title>
<language>english</language>
<gmt_offset></gmt_offset>
<topic_url>http://www.osc.gov.on.ca/en/Proceedings_enr_20160830_falls-capital-corp.htm</topic_url>
<topic_text>
  The Falls Capital Corp. et al. Proceedings THE SECURITIES ACT , RSO 1990, c S.5 - and - WEST KARMA LTD. and RODNEY JACK WHARRAM 
  in the above noted matter which provides that: Staff’s application to continue this proceeding by way of a written hearing is granted; Staff’s written materials shall be served and filed no later than September 8, 2016; The Respondents’ responding written materials, if any, shall be served and filed no later than October 6, 2016; and Staff’s reply written materials, if applicable, shall be served and filed no later than October 20, 2016.    
</topic_text>
<spam_score>0.00</spam_score>
<post_num>1</post_num>
<post_id>post-1</post_id>
<post_url>http://www.osc.gov.on.ca/en/Proceedings_enr_20160830_falls-capital-corp.htm</post_url>
<post_date>20160830</post_date>
<post_time>1530</post_time>
<username></username>
<post>
  The Falls Capital Corp. et al. Proceedings THE SECURITIES ACT , RSO 1990, c S.5 - and - WEST KARMA LTD. and RODNEY JACK WHARRAM 
  in the above noted matter which provides that: Staff’s application to continue this proceeding by way of a written hearing is granted; Staff’s written materials shall be served and filed no later than September 8, 2016; The Respondents’ responding written materials, if any, shall be served and filed no later than October 6, 2016; and Staff’s reply written materials, if applicable, shall be served and filed no later than October 20, 2016.    
</post>
<signature>

</signature>
<external_links>

</external_links>
<country>US</country>
<main_image>http://www.osc.gov.on.ca/static/structure/img/android-chrome-192x192.png</main_image>
</document>
