<?xml version="1.0" encoding="UTF-8"?>
<document>
<type>mainstream</type>
<forum>http://www.jasarat.org/feed</forum>
<forum_title>Jasarat Newspaper English</forum_title>
<discussion_title>President for active diplomacy on highlighting Kashmir issue</discussion_title>
<language>english</language>
<gmt_offset></gmt_offset>
<topic_url>http://www.jasarat.org/2016/08/30/president-for-active-diplomacy-on-highlighting-kashmir-issue/</topic_url>
<topic_text>
  President for active diplomacy on highlighting Kashmir issue By APP   8:03 PM ISLAMABAD: President Mamnoon Hussain on Tuesday underscored the need for proactive diplomacy to draw the attention of the world towards gross human rights violations and atrocities being committed by Indian security forces against innocent Kashmiris in Occupied Kashmir. The President said this while talking to Special Assistant to the Prime Minister on Foreign Affairs Tariq Fatemi, here at the Aiwan-e-Sadr. The President called for actively pursuing the Kashmir cause at various international forums and expressing Pakistan’s concern about the alarming situation in Indian-held Kashmir in the backdrop of extra-judicial killings by Indian forces. President Mamnoon Hussain hoped that the parliamentarians recently appointed as special envoys would effectively highlight the brutalities in Occupied Kashmir and would garner international support for the right to self-determination of Kashmiris in accordance with UN Security Council resolutions. Special Assistant to the Prime Minister on Foreign Affairs Tariq Fatemi briefed the President about international issues with particular reference to the regional situation.
</topic_text>
<spam_score>0.00</spam_score>
<post_num>1</post_num>
<post_id>post-1</post_id>
<post_url>http://www.jasarat.org/2016/08/30/president-for-active-diplomacy-on-highlighting-kashmir-issue/</post_url>
<post_date>20160830</post_date>
<post_time>1503</post_time>
<username>APP</username>
<post>
  President for active diplomacy on highlighting Kashmir issue By APP   8:03 PM ISLAMABAD: President Mamnoon Hussain on Tuesday underscored the need for proactive diplomacy to draw the attention of the world towards gross human rights violations and atrocities being committed by Indian security forces against innocent Kashmiris in Occupied Kashmir. The President said this while talking to Special Assistant to the Prime Minister on Foreign Affairs Tariq Fatemi, here at the Aiwan-e-Sadr. The President called for actively pursuing the Kashmir cause at various international forums and expressing Pakistan’s concern about the alarming situation in Indian-held Kashmir in the backdrop of extra-judicial killings by Indian forces. President Mamnoon Hussain hoped that the parliamentarians recently appointed as special envoys would effectively highlight the brutalities in Occupied Kashmir and would garner international support for the right to self-determination of Kashmiris in accordance with UN Security Council resolutions. Special Assistant to the Prime Minister on Foreign Affairs Tariq Fatemi briefed the President about international issues with particular reference to the regional situation.
</post>
<signature>

</signature>
<external_links>

</external_links>
<country>DE</country>
<main_image>http://www.jasarat.org/wp-content/uploads/2016/08/President-1.jpg</main_image>
</document>
