<?xml version="1.0" encoding="UTF-8"?>
<document>
<type>mainstream</type>
<forum>http://info.sibnet.ru/data/last.rss</forum>
<forum_title>Sibnet: Новости</forum_title>
<discussion_title>Россияне назвали нехватку денег главной проблемой</discussion_title>
<language>russian</language>
<gmt_offset></gmt_offset>
<topic_url>http://info.sibnet.ru/article/493174/</topic_url>
<topic_text>
Фото : © Maklay62 / CC0 1.0 
Две трети россиян (61%) признались, что больше всего их семейную жизнь осложняют низкие доходы и нехватка денег, говорится в результатах опроса «Левада-Центра». 
Фактор недостатка финансов является для жителей России самым значимым с 1994 года. Каждый пятый респондент (21%) испытывает бытовые трудности, в 2010 году таких было 28%. Доля тех, кто жалуется на плохое здоровье и трудности с лечением, также уменьшилось — 19% против 31% шесть лет назад. 
Кроме того, 17% россиян страшатся потерять работу, 16% страдают от усталости и переутомления, 15% — от недостатка свободного времени, 13% жалуются на плохое жильё, 11% — на безысходность и отсутствие перспектив в жизни. 
Реже россияне жалуются на невозможность дать детям хорошее образование (6%). Наименее всего жителей России волнуют плохие отношения в семьи и пьянство или наркомания близких людей. 30 августа 2016, 17:54 НСК источник:
</topic_text>
<spam_score>0.00</spam_score>
<post_num>1</post_num>
<post_id>post-1</post_id>
<post_url>http://info.sibnet.ru/article/493174/</post_url>
<post_date>20160830</post_date>
<post_time>1054</post_time>
<username></username>
<post>
Фото : © Maklay62 / CC0 1.0 
Две трети россиян (61%) признались, что больше всего их семейную жизнь осложняют низкие доходы и нехватка денег, говорится в результатах опроса «Левада-Центра». 
Фактор недостатка финансов является для жителей России самым значимым с 1994 года. Каждый пятый респондент (21%) испытывает бытовые трудности, в 2010 году таких было 28%. Доля тех, кто жалуется на плохое здоровье и трудности с лечением, также уменьшилось — 19% против 31% шесть лет назад. 
Кроме того, 17% россиян страшатся потерять работу, 16% страдают от усталости и переутомления, 15% — от недостатка свободного времени, 13% жалуются на плохое жильё, 11% — на безысходность и отсутствие перспектив в жизни. 
Реже россияне жалуются на невозможность дать детям хорошее образование (6%). Наименее всего жителей России волнуют плохие отношения в семьи и пьянство или наркомания близких людей. 30 августа 2016, 17:54 НСК источник:
</post>
<signature>

</signature>
<external_links>

</external_links>
<country>RU</country>
<main_image>http://info.sibnet.ru/article/493174/ni/493/493174w_1472555258.jpg</main_image>
</document>
