<?xml version="1.0" encoding="UTF-8"?>
<document>
<type>mainstream</type>
<forum>http://xml.corriereobjects.it/rss/homepage_napoli.xml</forum>
<forum_title>Corriere.it - Corriere del Mezzogiorno Napoli</forum_title>
<discussion_title>«Schettino tergiversò troppo a lungo, ritardo nefasto per i passeggeri»</discussion_title>
<language>italian</language>
<gmt_offset></gmt_offset>
<topic_url>http://xml.corriereobjects.it/napoli/cronaca/16_agosto_30/schettino-tergiverso-troppo-lungo-ritardo-nefasto-passeggeri-e00d5f12-6ec2-11e6-a6d4-6c8a8833d031.shtml</topic_url>
<topic_text>
NAPOLI - «Schettino era a conoscenza che con lo sbandamento della nave oltre un certo grado, le scialuppe non potevano più essere calate a mare», «è pertanto evidente che solo la tempestività della dichiarazione di emergenza generale e quindi dell’ordine di abbandonare la nave avrebbe consentito a tutti i passeggeri di essere imbarcati sui mezzi di salvataggio»: così i giudici di secondo grado, nelle loro motivazioni, hanno criticato il ritardo di Francesco Schettino - condannato a 16 anni - nel dare l’ordine di emergenza generale e di abbandono della Concordia nel naufragio del Giglio il 13 gennaio 2012. I giudici hanno argomentato contro l «L’attesa dell’incaglio» della nave che scarrocciava sugli scogli accanto al porto del Giglio, «il prendere tempo e ogni altra tergiversazione dell’imputato sono state assolutamente nefaste, frutto della mera illusione di poter salvare la Costa Concordia». Inoltre «il comandante non dava personalmente l’ordine di abbandono della nave e tantomeno tramite altoparlante, come previsto dalla procedura»; «l
</topic_text>
<spam_score>0.00</spam_score>
<post_num>1</post_num>
<post_id>post-1</post_id>
<post_url>http://xml.corriereobjects.it/napoli/cronaca/16_agosto_30/schettino-tergiverso-troppo-lungo-ritardo-nefasto-passeggeri-e00d5f12-6ec2-11e6-a6d4-6c8a8833d031.shtml</post_url>
<post_date>20160830</post_date>
<post_time>1509</post_time>
<username></username>
<post>
NAPOLI - «Schettino era a conoscenza che con lo sbandamento della nave oltre un certo grado, le scialuppe non potevano più essere calate a mare», «è pertanto evidente che solo la tempestività della dichiarazione di emergenza generale e quindi dell’ordine di abbandonare la nave avrebbe consentito a tutti i passeggeri di essere imbarcati sui mezzi di salvataggio»: così i giudici di secondo grado, nelle loro motivazioni, hanno criticato il ritardo di Francesco Schettino - condannato a 16 anni - nel dare l’ordine di emergenza generale e di abbandono della Concordia nel naufragio del Giglio il 13 gennaio 2012. I giudici hanno argomentato contro l «L’attesa dell’incaglio» della nave che scarrocciava sugli scogli accanto al porto del Giglio, «il prendere tempo e ogni altra tergiversazione dell’imputato sono state assolutamente nefaste, frutto della mera illusione di poter salvare la Costa Concordia». Inoltre «il comandante non dava personalmente l’ordine di abbandono della nave e tantomeno tramite altoparlante, come previsto dalla procedura»; «l
</post>
<signature>

</signature>
<external_links>

</external_links>
<country>IT</country>
<main_image>http://images.corrieredelmezzogiorno.corriereobjects.it/methode_image/socialshare/2016/08/30/5f6f806e-6ec3-11e6-a6d4-6c8a8833d031.jpg</main_image>
</document>
