<?xml version="1.0" encoding="UTF-8"?>
<document>
<type>mainstream</type>
<forum>http://feeds.benzinga.com/benzinga</forum>
<forum_title>Benzinga - Stock Market Quotes, Business News, Financial News, Trading Ideas, and Stock Research by Professionals</forum_title>
<discussion_title>Stockflare And DriveWealth Launch Their Partnership Connecting DriveWealth&apos;s Brokerage Service With Stockflare&apos;s Analytics Platform</discussion_title>
<language>english</language>
<gmt_offset></gmt_offset>
<topic_url>http://www.benzinga.com/press-releases/16/08/8406068/stockflare-and-drivewealth-launch-their-partnership-connecting-drivewea</topic_url>
<topic_text>
August 30, 2016 11:10am Comments Share: 
Chatham NJ / London UK, August 30th 2016 – Stockflare Limited, the London-based fintech startup that helps anyone improve how they invest and DriveWealth LLC, member of FINRA and SIPC, a mobile and global full carrying broker dealer for retail investors, launched their partnership to connect DriveWealth brokerage accounts with Stockflare’s innovative stock market data service. 
DriveWealth provides a low cost, easy-to-use U.S. equities investing platform to individuals worldwide, directly or via partners. Stockflare provides easy to understand analysis of 45,000+ stocks worldwide, based on authoritative data from Thomson Reuters. 
Launching the partnership, Stockflare users are now able to open U.S. brokerage accounts via DriveWealth LLC and connect them directly to Stockflare. Similarly any DriveWealth client, direct or via its partners, can connect their DriveWealth account to Stockflare. 
As part of the partnership, all DriveWealth users get free access to Stockflare’s powerful search tools that help any user find stocks for their portfolio. They also receive access to Stockflare’s suite of portfolio analytics, watch lists, smart alerts and notifications. 
Robert Cortright, Founder and CEO of DriveWealth LLC said: &quot;We are delighted to partner with Stockflare and provide a seamless investment service to both its users and all of DriveWealth’s clients. The access to high quality fundamentals data on any stock in the world in all major languages is a great benefit to our clients.&quot; 
Shane Leonard, CEO at Stockflare said, “DriveWealth is a key partner for Stockflare. Their technology and brokerage service are a remarkable tool for all our users. The speed of integration and quality of their service, available to any retail investor globally is second to none. With DriveWealth and its partners, retail investors can now use Stockflare to research their investment ideas, manage their portfolios and execute trades all at one location.” 
To celebrate the launch of the partnership, Stockflare is offering all DriveWealth users one month access to Stockflare’s premium service, Stockflare Plus for free. To active this free offer, DriveWealth users can visit: https://stockflare.com/gift/drive_wealth . 
For further information, please contact Shane Leonard of Stockflare on +44 78 0154 9537 or , or Nicole Dugan on +973 559 6754. 
About DriveWealth Holdings, Inc.: 
DriveWealth Holdings, Inc. is the parent company of DriveWealth Technologies, LLC and DriveWealth, LLC. DriveWealth Technologies, LLC is the technology service and financial education provider for DriveWealth, LLC. DriveWealth, LLC , member FINRA and SIPC, is a mobile and global full carrying broker dealer for retail investors. DriveWealth provides a low cost, easy-to-use US equities investing platform to individuals worldwide. DriveWealth also partners with businesses around the world to offer its Brokerage as a Service platform, which allows global financial institutions to give their clients access to US listed securities 
About Stockflare Limited: 
Stockflare Limited provides uniquely clear and insightful analysis on 45,000+ stocks listed on every major stock exchange in the world. Users access Stockflare via its website, mobile applications or automated bots. The service is available in 8 languages including English, Simplified Chinese, French, German, Italian, Japanese, Portuguese and Spanish. Stockflare’s mission is to help anyone to become a successful investor, by providing high quality fundamentals data, portfolio analytics and timely notifications. © 2016 Benzinga.com. Benzinga does not provide investment advice. All rights reserved.
</topic_text>
<spam_score>0.00</spam_score>
<post_num>1</post_num>
<post_id>post-1</post_id>
<post_url>http://www.benzinga.com/press-releases/16/08/8406068/stockflare-and-drivewealth-launch-their-partnership-connecting-drivewea</post_url>
<post_date>20160830</post_date>
<post_time>1510</post_time>
<username>Press Release</username>
<post>
August 30, 2016 11:10am Comments Share: 
Chatham NJ / London UK, August 30th 2016 – Stockflare Limited, the London-based fintech startup that helps anyone improve how they invest and DriveWealth LLC, member of FINRA and SIPC, a mobile and global full carrying broker dealer for retail investors, launched their partnership to connect DriveWealth brokerage accounts with Stockflare’s innovative stock market data service. 
DriveWealth provides a low cost, easy-to-use U.S. equities investing platform to individuals worldwide, directly or via partners. Stockflare provides easy to understand analysis of 45,000+ stocks worldwide, based on authoritative data from Thomson Reuters. 
Launching the partnership, Stockflare users are now able to open U.S. brokerage accounts via DriveWealth LLC and connect them directly to Stockflare. Similarly any DriveWealth client, direct or via its partners, can connect their DriveWealth account to Stockflare. 
As part of the partnership, all DriveWealth users get free access to Stockflare’s powerful search tools that help any user find stocks for their portfolio. They also receive access to Stockflare’s suite of portfolio analytics, watch lists, smart alerts and notifications. 
Robert Cortright, Founder and CEO of DriveWealth LLC said: &quot;We are delighted to partner with Stockflare and provide a seamless investment service to both its users and all of DriveWealth’s clients. The access to high quality fundamentals data on any stock in the world in all major languages is a great benefit to our clients.&quot; 
Shane Leonard, CEO at Stockflare said, “DriveWealth is a key partner for Stockflare. Their technology and brokerage service are a remarkable tool for all our users. The speed of integration and quality of their service, available to any retail investor globally is second to none. With DriveWealth and its partners, retail investors can now use Stockflare to research their investment ideas, manage their portfolios and execute trades all at one location.” 
To celebrate the launch of the partnership, Stockflare is offering all DriveWealth users one month access to Stockflare’s premium service, Stockflare Plus for free. To active this free offer, DriveWealth users can visit: https://stockflare.com/gift/drive_wealth . 
For further information, please contact Shane Leonard of Stockflare on +44 78 0154 9537 or , or Nicole Dugan on +973 559 6754. 
About DriveWealth Holdings, Inc.: 
DriveWealth Holdings, Inc. is the parent company of DriveWealth Technologies, LLC and DriveWealth, LLC. DriveWealth Technologies, LLC is the technology service and financial education provider for DriveWealth, LLC. DriveWealth, LLC , member FINRA and SIPC, is a mobile and global full carrying broker dealer for retail investors. DriveWealth provides a low cost, easy-to-use US equities investing platform to individuals worldwide. DriveWealth also partners with businesses around the world to offer its Brokerage as a Service platform, which allows global financial institutions to give their clients access to US listed securities 
About Stockflare Limited: 
Stockflare Limited provides uniquely clear and insightful analysis on 45,000+ stocks listed on every major stock exchange in the world. Users access Stockflare via its website, mobile applications or automated bots. The service is available in 8 languages including English, Simplified Chinese, French, German, Italian, Japanese, Portuguese and Spanish. Stockflare’s mission is to help anyone to become a successful investor, by providing high quality fundamentals data, portfolio analytics and timely notifications. © 2016 Benzinga.com. Benzinga does not provide investment advice. All rights reserved.
</post>
<signature>

</signature>
<external_links>

</external_links>
<country>US</country>
<main_image></main_image>
</document>
