<?xml version="1.0" encoding="UTF-8"?>
<document>
<type>mainstream</type>
<forum></forum>
<forum_title></forum_title>
<discussion_title>Volkswagen Supplier Dispute Might Foreshadow Deeper Industry Problem</discussion_title>
<language>english</language>
<gmt_offset></gmt_offset>
<topic_url>http://www.forbes.com/sites/neilwinton/2016/08/30/volkswagen-supplier-dispute-might-foreshadow-deeper-industry-problem/{{meta.canonical}}</topic_url>
<topic_text>

</topic_text>
<spam_score>0.49</spam_score>
<post_num>1</post_num>
<post_id>post-1</post_id>
<post_url>http://www.forbes.com/sites/neilwinton/2016/08/30/volkswagen-supplier-dispute-might-foreshadow-deeper-industry-problem/{{meta.canonical}}</post_url>
<post_date>20160830</post_date>
<post_time></post_time>
<username>Neil Winton</username>
<post>

</post>
<signature>

</signature>
<external_links>

</external_links>
<country>US</country>
<main_image>{{meta.image}}</main_image>
</document>
