<?xml version="1.0" encoding="UTF-8"?>
<document>
<type>mainstream</type>
<forum>http://newsrss.bbc.co.uk/rss/newsplayer_uk_edition/england/rss.xml</forum>
<forum_title>BBC News - England</forum_title>
<discussion_title>BBC had nuclear bunker tour ahead of drugs bust</discussion_title>
<language>english</language>
<gmt_offset></gmt_offset>
<topic_url>http://www.bbc.co.uk/news/uk-england-hereford-worcester-34603245</topic_url>
<topic_text>
  BBC had nuclear bunker tour ahead of drugs bust   14:17 BST 
The BBC was given access to a nuclear bunker in Worcestershire just days before police discovered a cannabis factory on the site. 
The guided tour was given by caretaker Sid Robinson. Also known as Wayne Robinson, he was one of two men sentenced for drugs-related offences after police discovered 885 cannabis plants in the tunnels , with an estimated street value of £78,000. 
On Tuesday, Robinson was jailed for 14 months after a retrial at Worcester Crown Court. 
This slideshow shows the three-mile long complex, near Kidderminster, which was used as a World War Two and Cold War bunker. 
At the time of filming in 2013, there were proposals to turn the massive underground complex into a museum. 
All copyrights acknowledged. Photos courtesy of Getty Images, Associated Press, Getty/AFP. 
Other pictures by Stephanie Barnard and Jerry Chester. Slideshow produced by Jerry Chester. Read more
</topic_text>
<spam_score>0.00</spam_score>
<post_num>1</post_num>
<post_id>post-1</post_id>
<post_url>http://www.bbc.co.uk/news/uk-england-hereford-worcester-34603245</post_url>
<post_date>20160830</post_date>
<post_time>1317</post_time>
<username></username>
<post>
  BBC had nuclear bunker tour ahead of drugs bust   14:17 BST 
The BBC was given access to a nuclear bunker in Worcestershire just days before police discovered a cannabis factory on the site. 
The guided tour was given by caretaker Sid Robinson. Also known as Wayne Robinson, he was one of two men sentenced for drugs-related offences after police discovered 885 cannabis plants in the tunnels , with an estimated street value of £78,000. 
On Tuesday, Robinson was jailed for 14 months after a retrial at Worcester Crown Court. 
This slideshow shows the three-mile long complex, near Kidderminster, which was used as a World War Two and Cold War bunker. 
At the time of filming in 2013, there were proposals to turn the massive underground complex into a museum. 
All copyrights acknowledged. Photos courtesy of Getty Images, Associated Press, Getty/AFP. 
Other pictures by Stephanie Barnard and Jerry Chester. Slideshow produced by Jerry Chester. Read more
</post>
<signature>

</signature>
<external_links>

</external_links>
<country>GB</country>
<main_image>http://ichef.bbci.co.uk/news/1024/cpsprodpb/129E/production/_86266740_86266738.jpg</main_image>
</document>
