<?xml version="1.0" encoding="UTF-8"?>
<document>
<type>mainstream</type>
<forum>http://www.jasarat.org/feed</forum>
<forum_title>Jasarat Newspaper English</forum_title>
<discussion_title>Vaping as bad for heart health as smoking cigarettes: study</discussion_title>
<language>english</language>
<gmt_offset></gmt_offset>
<topic_url>http://www.jasarat.org/2016/08/30/vaping-as-bad-for-heart-health-as-smoking-cigarettes-study/</topic_url>
<topic_text>
  Vaping as bad for heart health as smoking cigarettes: study By Monitoring Desk   8:18 PM Vaping may be as bad for heart health as smoking, according to a new study which suggests that electronic cigarettes are “far more dangerous” than previously thought. The study involved 24 adult smokers, whose hearts were monitored while they vaped, and when they smoked ordinary cigarettes. The findings showed that a typical vaping session had a similar impact on stiffness of the aorta – the main artery into the heart – as smoking one regular cigarette. “We measured aortic stiffness. If the aorta is stiff you multiply your risk of dying, either from heart diseases or from other causes,” said Charalambos Vlachopoulos from University of Athens in Greece. Researchers found that the effects of a 30 minute vaping session were similar to those from smoking a cigarette for five minutes, `The Telegraph’ reported. According to them, electronic cigarettes may be “far more dangerous” than was thought. “The aorta is like a balloon next to the heart. The more stiff the balloon is, the more difficult for the heart to pump,” said Vlachopoulos. “It is the most powerful biomarker we have for estimating cardiovascular risk,” he added.
</topic_text>
<spam_score>0.00</spam_score>
<post_num>1</post_num>
<post_id>post-1</post_id>
<post_url>http://www.jasarat.org/2016/08/30/vaping-as-bad-for-heart-health-as-smoking-cigarettes-study/</post_url>
<post_date>20160830</post_date>
<post_time>1518</post_time>
<username>Monitoring Desk</username>
<post>
  Vaping as bad for heart health as smoking cigarettes: study By Monitoring Desk   8:18 PM Vaping may be as bad for heart health as smoking, according to a new study which suggests that electronic cigarettes are “far more dangerous” than previously thought. The study involved 24 adult smokers, whose hearts were monitored while they vaped, and when they smoked ordinary cigarettes. The findings showed that a typical vaping session had a similar impact on stiffness of the aorta – the main artery into the heart – as smoking one regular cigarette. “We measured aortic stiffness. If the aorta is stiff you multiply your risk of dying, either from heart diseases or from other causes,” said Charalambos Vlachopoulos from University of Athens in Greece. Researchers found that the effects of a 30 minute vaping session were similar to those from smoking a cigarette for five minutes, `The Telegraph’ reported. According to them, electronic cigarettes may be “far more dangerous” than was thought. “The aorta is like a balloon next to the heart. The more stiff the balloon is, the more difficult for the heart to pump,” said Vlachopoulos. “It is the most powerful biomarker we have for estimating cardiovascular risk,” he added.
</post>
<signature>

</signature>
<external_links>

</external_links>
<country>DE</country>
<main_image>http://www.jasarat.org/wp-content/uploads/2016/08/Vaping-vs-Smoking.jpg</main_image>
</document>
