<?xml version="1.0" encoding="UTF-8"?>
<document>
<type>mainstream</type>
<forum>http://info.sibnet.ru/data/last.rss</forum>
<forum_title>Sibnet: Новости</forum_title>
<discussion_title>Раскрыта тайна пойманного в России внеземного сигнала</discussion_title>
<language>russian</language>
<gmt_offset></gmt_offset>
<topic_url>http://info.sibnet.ru/article/493198/</topic_url>
<topic_text>
Фото : stephenhanafin / Attribution-ShareAlike License Американский астроном Ник Сунцев из Техасского университета A&amp;M объяснил происхождение «внеземного» сигнала, зафиксированного российскими учеными. 
Ученый полагает, что источником сигнала, обнаруженного на частоте 11 гигагерц, могут быть военные передатчики, передает издание ArsTechnica . «Бог знает, кто или что вещает на 11 гигагерц. Есть значительный шанс того, что это может быть чем-то военным», — уточнил он. Внеземные элементы обнаружены на дне океана 
Американец посоветовал экспертам проекта SETI, который ранее заявили о желании изучить сигнал более подробно, учитывать возможное влияние военных на полученный в ходе наблюдения результат. 
Ранее любитель-астроном Пол Гилстер заявил, что российские ученые получили странный сигнал из космоса, после чего распространили его среди специалистов. Его источником являлась звездная система HD164595, находящаяся в созвездии Геркулеса. 
Сигнал наблюдался однажды, а его интенсивность превосходила излучение пульсара в 10 раз. Астрономы сразу же предположили, что источником странного сигнала могла быть инопланетная цивилизация. 30 августа 2016, 20:09 НСК источник:
</topic_text>
<spam_score>0.00</spam_score>
<post_num>1</post_num>
<post_id>post-1</post_id>
<post_url>http://info.sibnet.ru/article/493198/</post_url>
<post_date>20160830</post_date>
<post_time>1309</post_time>
<username></username>
<post>
Фото : stephenhanafin / Attribution-ShareAlike License Американский астроном Ник Сунцев из Техасского университета A&amp;M объяснил происхождение «внеземного» сигнала, зафиксированного российскими учеными. 
Ученый полагает, что источником сигнала, обнаруженного на частоте 11 гигагерц, могут быть военные передатчики, передает издание ArsTechnica . «Бог знает, кто или что вещает на 11 гигагерц. Есть значительный шанс того, что это может быть чем-то военным», — уточнил он. Внеземные элементы обнаружены на дне океана 
Американец посоветовал экспертам проекта SETI, который ранее заявили о желании изучить сигнал более подробно, учитывать возможное влияние военных на полученный в ходе наблюдения результат. 
Ранее любитель-астроном Пол Гилстер заявил, что российские ученые получили странный сигнал из космоса, после чего распространили его среди специалистов. Его источником являлась звездная система HD164595, находящаяся в созвездии Геркулеса. 
Сигнал наблюдался однажды, а его интенсивность превосходила излучение пульсара в 10 раз. Астрономы сразу же предположили, что источником странного сигнала могла быть инопланетная цивилизация. 30 августа 2016, 20:09 НСК источник:
</post>
<signature>

</signature>
<external_links>

</external_links>
<country>RU</country>
<main_image>http://info.sibnet.ru/article/493198/ni/493/493198w_1472566574.jpg</main_image>
</document>
