<?xml version="1.0" encoding="UTF-8"?>
<document>
<type>mainstream</type>
<forum>http://rssfeeds.kare11.com/_/20/109476748/KARE/local</forum>
<forum_title>KARE - Local</forum_title>
<discussion_title>Over 250 municipal positions in MN...</discussion_title>
<language>english</language>
<gmt_offset></gmt_offset>
<topic_url>http://rssfeeds.kare11.com/_/20/109476748/KARE/http&amp;#x3a;&amp;#x2f;&amp;#x2f;www&amp;#x2e;kare11&amp;#x2e;com&amp;#x2f;news&amp;#x2f;over-250-municipal-positions-in-mn-without-candidates&amp;#x2f;311215864</topic_url>
<topic_text>
Over 250 municipal positions in MN without candidates  18   Ramsey County elections office   
ST. PAUL, Minn. - Dozens of Minnesota city councils, township board and mayoral elections are without candidates this year. Minnesota Public Radio analyzed candidate filings and found more than 250 instances in which no one is seeking the job. A few of the undesired spots are in places with one thousand or more residents, but most affected cities have tiny populations. League of Minnesota Cities executive director David Unmacht says he hasn&apos;t studied the municipal ballot vacancies closely enough to declare this year&apos;s number a lapse or a trend. But he says each city tends to have a different explanation for its lack of candidates. Write-in votes could determine some municipal leaders. Most of the cities should be able to appoint leaders to fill any gaps after the election.
</topic_text>
<spam_score>0.00</spam_score>
<post_num>1</post_num>
<post_id>post-1</post_id>
<post_url>http://rssfeeds.kare11.com/_/20/109476748/KARE/http&amp;#x3a;&amp;#x2f;&amp;#x2f;www&amp;#x2e;kare11&amp;#x2e;com&amp;#x2f;news&amp;#x2f;over-250-municipal-positions-in-mn-without-candidates&amp;#x2f;311215864</post_url>
<post_date>20160830</post_date>
<post_time>1418</post_time>
<username></username>
<post>
Over 250 municipal positions in MN without candidates  18   Ramsey County elections office   
ST. PAUL, Minn. - Dozens of Minnesota city councils, township board and mayoral elections are without candidates this year. Minnesota Public Radio analyzed candidate filings and found more than 250 instances in which no one is seeking the job. A few of the undesired spots are in places with one thousand or more residents, but most affected cities have tiny populations. League of Minnesota Cities executive director David Unmacht says he hasn&apos;t studied the municipal ballot vacancies closely enough to declare this year&apos;s number a lapse or a trend. But he says each city tends to have a different explanation for its lack of candidates. Write-in votes could determine some municipal leaders. Most of the cities should be able to appoint leaders to fill any gaps after the election.
</post>
<signature>

</signature>
<external_links>

</external_links>
<country>US</country>
<main_image>http://content.kare11.com/photo/2015/11/09/635826951732389201-Ranked-choice-recount-freeze_31484_ver1.0_640_360.jpg</main_image>
</document>
