<?xml version="1.0" encoding="UTF-8"?>
<document>
<type>mainstream</type>
<forum>http://www.hd.se/rss.xml?id=929955</forum>
<forum_title>HD</forum_title>
<discussion_title>Bäst för Europa om Angela Merkel inte börjar tänka som Usain Bolt.</discussion_title>
<language>swedish</language>
<gmt_offset></gmt_offset>
<topic_url>http://www.hd.se/2016-08-30/bast-for-europa-om-angela-merkel-inte-borjar-tanka-som-usain-bolt</topic_url>
<topic_text>
Bäst för Europa om Angela Merkel inte börjar tänka som Usain Bolt. Sitter Angela Merkel kvar? Bild: Rainer Jensen Sprintern Usain Bolt fick sin &quot;trippel-trippel&quot;. I Rio lyckades han nå sitt mål om att ta tre guld i tre raka olympiska spel. Av tidigare intervjusvar att döma dröjer det nu inte alltför länge innan han rundar av karriären. Så tänker sig den jamaicanske suveränen gå till historien som oslagbar. Om det delats ut medaljer i politik hade Tyskland haft en given pristagare på pallen. Angela Merkels stordåd under elva år som förbundskansler har få motsvarigheter i modern tid. Hon har inte bara gjort avgörande skillnad för sitt land, utan för hela Europa. När skuldkrisen härjade som värst i sydeuropeiska länder var Merkel – en ofta kritiserad – centralfigur i räddningsarbetet. Utan hennes förhandlingskonst och beslutsamhet hade Grekland knappast klarat sig undan statsbankrutt. När den stora flyktingvågen från krigets Mellanöstern kom till Europa i fjol stramade många länder åt sin migrationspolitik. Men Merkel gick mot strömmen. &quot;Vi klarar det&quot;, förklarade hon för väljarna och såg till att Tyskland, liksom Sverige, tog ett mycket stort ansvar för flyktingarnas skyddsbehov. När britterna nu röstat för att lämna EU är det åter Merkel som tar initiativ för ett fortsatt unionssamarbete. Nyligen mötte hon femton europeiska ledare på sex dagar för att försöka staka ut en ny, gemensam väg framåt. Hon har också sett till att stå på talefot med Rysslands president Vladimir Putin, trots Krimkrisen. Gång på gång är det Merkel som tar de stora initiativen i Europa, avvärjer kriser, finner kompromisser och ser till att EU:s utveckling inte stannar av. Merkel saknar inte heller inrikespolitiska framgångar att peka på. Arbetslösheten är rekordlåg och skatteintäkterna höga. Men otack är den politiska världens lön. Såväl Merkels kristdemokratiska CDU som den socialdemokratiska koalitionspartnern SPD ser ut att backa rejält i de närmaste veckornas delstatsval i Mecklenburg-Vorpommern och Berlin. Det stärker naturligtvis inte Merkel och alltfler ställer sig frågan om hon kommer att kandidera till en ny mandatperiod i september 2017. Själv har Merkel inte gett något klart besked, men många väntar sig ändå att hon kommer att fortsätta. Dels för att de har svårt att se någon kandidat i CDU som skulle kunna axla hennes mantel, dels för att hon verkar fast besluten att slutföra arbetet med utmaningarna hon tagit sig an. Det senare ser Josef Janning, chef för tankesmedjan European council of foreign relation, som exempel på att Merkel har fastnat i &quot;kanslerfällan&quot;. &quot;Det finns aldrig en rätt tid för en kansler att avgå. De sitter för länge och deras sorti blir inte så snygg som den hade kunnat vara&quot;, säger han till Dagens industri . Det kan förstås inte uteslutas att Merkel börjar tänka som Bolt och slutar i avsikt att bli ihågkommen som en hjälte. Men till saken hör att hennes drivkraft snarare verkar vara idealism och pliktkänsla än ärelystnad. Förhoppningsvis orkar hon ett tag till.För det är inte bara i CDU som det är svårt att se någon fullgod ersättare till Angela Merkel. Europa behöver henne.
</topic_text>
<spam_score>0.00</spam_score>
<post_num>1</post_num>
<post_id>post-1</post_id>
<post_url>http://www.hd.se/2016-08-30/bast-for-europa-om-angela-merkel-inte-borjar-tanka-som-usain-bolt</post_url>
<post_date>20160830</post_date>
<post_time>1517</post_time>
<username></username>
<post>
Bäst för Europa om Angela Merkel inte börjar tänka som Usain Bolt. Sitter Angela Merkel kvar? Bild: Rainer Jensen Sprintern Usain Bolt fick sin &quot;trippel-trippel&quot;. I Rio lyckades han nå sitt mål om att ta tre guld i tre raka olympiska spel. Av tidigare intervjusvar att döma dröjer det nu inte alltför länge innan han rundar av karriären. Så tänker sig den jamaicanske suveränen gå till historien som oslagbar. Om det delats ut medaljer i politik hade Tyskland haft en given pristagare på pallen. Angela Merkels stordåd under elva år som förbundskansler har få motsvarigheter i modern tid. Hon har inte bara gjort avgörande skillnad för sitt land, utan för hela Europa. När skuldkrisen härjade som värst i sydeuropeiska länder var Merkel – en ofta kritiserad – centralfigur i räddningsarbetet. Utan hennes förhandlingskonst och beslutsamhet hade Grekland knappast klarat sig undan statsbankrutt. När den stora flyktingvågen från krigets Mellanöstern kom till Europa i fjol stramade många länder åt sin migrationspolitik. Men Merkel gick mot strömmen. &quot;Vi klarar det&quot;, förklarade hon för väljarna och såg till att Tyskland, liksom Sverige, tog ett mycket stort ansvar för flyktingarnas skyddsbehov. När britterna nu röstat för att lämna EU är det åter Merkel som tar initiativ för ett fortsatt unionssamarbete. Nyligen mötte hon femton europeiska ledare på sex dagar för att försöka staka ut en ny, gemensam väg framåt. Hon har också sett till att stå på talefot med Rysslands president Vladimir Putin, trots Krimkrisen. Gång på gång är det Merkel som tar de stora initiativen i Europa, avvärjer kriser, finner kompromisser och ser till att EU:s utveckling inte stannar av. Merkel saknar inte heller inrikespolitiska framgångar att peka på. Arbetslösheten är rekordlåg och skatteintäkterna höga. Men otack är den politiska världens lön. Såväl Merkels kristdemokratiska CDU som den socialdemokratiska koalitionspartnern SPD ser ut att backa rejält i de närmaste veckornas delstatsval i Mecklenburg-Vorpommern och Berlin. Det stärker naturligtvis inte Merkel och alltfler ställer sig frågan om hon kommer att kandidera till en ny mandatperiod i september 2017. Själv har Merkel inte gett något klart besked, men många väntar sig ändå att hon kommer att fortsätta. Dels för att de har svårt att se någon kandidat i CDU som skulle kunna axla hennes mantel, dels för att hon verkar fast besluten att slutföra arbetet med utmaningarna hon tagit sig an. Det senare ser Josef Janning, chef för tankesmedjan European council of foreign relation, som exempel på att Merkel har fastnat i &quot;kanslerfällan&quot;. &quot;Det finns aldrig en rätt tid för en kansler att avgå. De sitter för länge och deras sorti blir inte så snygg som den hade kunnat vara&quot;, säger han till Dagens industri . Det kan förstås inte uteslutas att Merkel börjar tänka som Bolt och slutar i avsikt att bli ihågkommen som en hjälte. Men till saken hör att hennes drivkraft snarare verkar vara idealism och pliktkänsla än ärelystnad. Förhoppningsvis orkar hon ett tag till.För det är inte bara i CDU som det är svårt att se någon fullgod ersättare till Angela Merkel. Europa behöver henne.
</post>
<signature>

</signature>
<external_links>

</external_links>
<country>SE</country>
<main_image>https://www.hd.se/assets/static/hd/fb.png</main_image>
</document>
