<?xml version="1.0" encoding="UTF-8"?>
<document>
<type>mainstream</type>
<forum>http://auto.gasgoo.com/original-news/feed</forum>
<forum_title>盖世汽车立志打造专业人士最爱看的汽车资讯，提供：最新最全的国际、国内、零部件及后市场新闻，丰富的产业评论、数据分析及热点关注，对采购商、供应商、国际咨询公司、后市场等高层做一系列访谈，详尽介绍各主流汽车市场产业动态及市场销量。是专业人士了解与交流业内信息的最佳资讯平台。</forum_title>
<discussion_title>e保养获C轮首笔1.5亿融资，实现盈利并布局全产业链</discussion_title>
<language>chinese</language>
<gmt_offset></gmt_offset>
<topic_url>http://auto.gasgoo.com/News/2016/08/2905095595560366783989.shtml</topic_url>
<topic_text>
2015年11月初，e保养召开媒体沟通会，其创始人高峰在会中指出要“撕掉”上门标签，并表示单纯依靠上门服务无法覆盖所有保养业务，“直营店可以进一步满足客户需求，e保养将通过‘上门 到店’的结合，从‘上门’概念切换到深挖汽车保养服务。 
此时，e保养已在北京完成4家线下店的布局。 
布局全产业链 
C轮融资过后，e保养将布局集“线上服务 连锁体系 超级供应链”于一体的全产业链业务。 
2015年开始，e保养持续打造连锁体系。目前已在北京、上海、广州、深圳等城市开设数十家直营 门店及一家培训中心，店面规模从200平米到1800平米不等。渠道类型分为旗舰店、中心店、社区店并提供上门服务，业务范围覆盖汽车保养维修、配件销 售、保险理赔、平行进口车、养车管家等多个领域。 
AC汽车还了解到，e保养将通过与汽车后市场配件电商企业的并购合作，打造针对B端的“超级供应链”，发力B2B业务，为终端门店提供配件、人才培养和供应等服务，此外还将通过网站、电话、微信、APP、电商平台等渠道，为连锁体系内的门店导流。据悉，e保养自营配件达7000多种，合作门店超过1600家。 
高峰表示：“跑通模式、持续创造价值比得到资本认可更重要。美国汽车后市场有4家百亿美金以上的公司，而国内超过10亿美金的公司都屈指可数。这个赛道很长，我们差距很大，还需要更加努力”。
</topic_text>
<spam_score>0.00</spam_score>
<post_num>1</post_num>
<post_id>post-1</post_id>
<post_url>http://auto.gasgoo.com/News/2016/08/2905095595560366783989.shtml</post_url>
<post_date>20160829</post_date>
<post_time>1709</post_time>
<username></username>
<post>
2015年11月初，e保养召开媒体沟通会，其创始人高峰在会中指出要“撕掉”上门标签，并表示单纯依靠上门服务无法覆盖所有保养业务，“直营店可以进一步满足客户需求，e保养将通过‘上门 到店’的结合，从‘上门’概念切换到深挖汽车保养服务。 
此时，e保养已在北京完成4家线下店的布局。 
布局全产业链 
C轮融资过后，e保养将布局集“线上服务 连锁体系 超级供应链”于一体的全产业链业务。 
2015年开始，e保养持续打造连锁体系。目前已在北京、上海、广州、深圳等城市开设数十家直营 门店及一家培训中心，店面规模从200平米到1800平米不等。渠道类型分为旗舰店、中心店、社区店并提供上门服务，业务范围覆盖汽车保养维修、配件销 售、保险理赔、平行进口车、养车管家等多个领域。 
AC汽车还了解到，e保养将通过与汽车后市场配件电商企业的并购合作，打造针对B端的“超级供应链”，发力B2B业务，为终端门店提供配件、人才培养和供应等服务，此外还将通过网站、电话、微信、APP、电商平台等渠道，为连锁体系内的门店导流。据悉，e保养自营配件达7000多种，合作门店超过1600家。 
高峰表示：“跑通模式、持续创造价值比得到资本认可更重要。美国汽车后市场有4家百亿美金以上的公司，而国内超过10亿美金的公司都屈指可数。这个赛道很长，我们差距很大，还需要更加努力”。
</post>
<signature>

</signature>
<external_links>

</external_links>
<country>US</country>
<main_image></main_image>
</document>
