<?xml version="1.0" encoding="UTF-8"?>
<document>
<type>mainstream</type>
<forum>http://nediyor.com/feed/</forum>
<forum_title>nediyor.com</forum_title>
<discussion_title>Büyük Zafer’in 94’üncü yıl dönümü kutlu olsun</discussion_title>
<language>turkish</language>
<gmt_offset></gmt_offset>
<topic_url>http://nediyor.com/buyuk-zaferin-94uncu-yil-donumu-kutlu-olsun/</topic_url>
<topic_text>
Tweet 
30 Ağustos Zafer Bayramı ve Türk Silahlı Kuvvetleri Günü, tüm yurtta, KKTC’de ve dış temsilciliklerde kutlanıyor. 
Ankara’da ilk tören devlet erkanının Anıtkabir ziyareti ile başlayacak. Ardından Cumhurbaşkanı Recep Tayyip Erdoğan, Cumhurbaşkanlığı Sarayı’nda tebrikleri kabul edecek. 
Atatürk Kültür Merkezi’nde (Hipodrom) devam edecek törenler, bu yıl farklı bir şekilde düzenlenecek. 
15 Temmuz darbe girişiminin ardından alınan karar neticesinde F-16’lar, helikopterler, tanklar, toplar, zırhlı askeri araçlar bu yıl törenlerde yer almayacak. Her yıl gerçekleştirilen Türk yıldızlarının gösterisi de bu yıl olmayacak. Harp okulu öğrencileri olmayacağı için yürüyüşte sadece Ankara Garnizonu’nunda görevli askerler ve sivil lise öğrencileri yer alacak. 
30 Ağustos resepsiyonu da terör olayları ve şehitlere saygı gerekçesiyle bu yıl yapılmayacak. 
Erdoğan bunun yerine 15 Temmuz’da şehit olanların yakınlarını ile terörle mücadelede şehit düşenlerin aileleri ve gazilere Cumhurbaşkanlığı Sarayı’nda yemek verecek. Ünlü yorumları
</topic_text>
<spam_score>0.00</spam_score>
<post_num>1</post_num>
<post_id>post-1</post_id>
<post_url>http://nediyor.com/buyuk-zaferin-94uncu-yil-donumu-kutlu-olsun/</post_url>
<post_date>20160830</post_date>
<post_time>0611</post_time>
<username>Ramazan Çelikel</username>
<post>
Tweet 
30 Ağustos Zafer Bayramı ve Türk Silahlı Kuvvetleri Günü, tüm yurtta, KKTC’de ve dış temsilciliklerde kutlanıyor. 
Ankara’da ilk tören devlet erkanının Anıtkabir ziyareti ile başlayacak. Ardından Cumhurbaşkanı Recep Tayyip Erdoğan, Cumhurbaşkanlığı Sarayı’nda tebrikleri kabul edecek. 
Atatürk Kültür Merkezi’nde (Hipodrom) devam edecek törenler, bu yıl farklı bir şekilde düzenlenecek. 
15 Temmuz darbe girişiminin ardından alınan karar neticesinde F-16’lar, helikopterler, tanklar, toplar, zırhlı askeri araçlar bu yıl törenlerde yer almayacak. Her yıl gerçekleştirilen Türk yıldızlarının gösterisi de bu yıl olmayacak. Harp okulu öğrencileri olmayacağı için yürüyüşte sadece Ankara Garnizonu’nunda görevli askerler ve sivil lise öğrencileri yer alacak. 
30 Ağustos resepsiyonu da terör olayları ve şehitlere saygı gerekçesiyle bu yıl yapılmayacak. 
Erdoğan bunun yerine 15 Temmuz’da şehit olanların yakınlarını ile terörle mücadelede şehit düşenlerin aileleri ve gazilere Cumhurbaşkanlığı Sarayı’nda yemek verecek. Ünlü yorumları
</post>
<signature>

</signature>
<external_links>

</external_links>
<country>TR</country>
<main_image>http://i1.wp.com/nediyor.com/wp-content/uploads/2014/08/30_agustos1.jpg?fit=650%2C463</main_image>
</document>
