<?xml version="1.0" encoding="UTF-8"?>
<document>
<type>mainstream</type>
<forum>http://info.sibnet.ru/data/last.rss</forum>
<forum_title>Sibnet: Новости</forum_title>
<discussion_title>Раскрыт секрет собачьей привязанности</discussion_title>
<language>russian</language>
<gmt_offset></gmt_offset>
<topic_url>http://info.sibnet.ru/article/493117/</topic_url>
<topic_text>
Фото: © Владимир Сараев, Sibnet.ru Купить иллюстрацию Собаки могут целенаправленно отказываться от пищи ради ласки и внимания хозяина, что означает наличие настоящей привязанности к человеку, выяснили учёные из университета Эмори в Атланте. 
Ранее ряд исследователей считали, что эти животные просто видят в человеке источник бесплатной еды, а сами они выступают в качестве «биороботов», которые воспринимали хозяина в качестве кормушки, пишет журнал Social, Cognitive and Affective Neuroscience. Создана простая технология возврата к жизни 
«Почти все 13 собак, которые участвовали в наших опытах, предпочитали получить похвалу от владельца и отказаться от пищи, или считали их равноценными. Только две собаки были настоящими обжорами», — отмечается в исследовании. 
В ходе эксперимента собак научили различать три разных предмета, выбор каждого из которых приводил к трём разным последствиям. Если псы выбирали розовый игрушечный паровоз, то получали пищу. Когда они брали в рот синюю фигурку рыцаря, их за это хвалил хозяин. Третья фигурка была нейтральной. 
Во время выбора учёные следили за мозгом собак с помощью магнитно-резонансного томографа — выяснилось, что все собаки испытывали удовольствие от похвал хозяев и поедания еды, при этом большинство предпочитали выслушивать похвалы хозяев. 
По мнению исследователей, эксперимент показывает, что похвалы и социальное признание являются важными вещами для собак, а наши взаимоотношения с ними являются уникальным примером установления и поддержания межвидовых социальных связей. 30 августа 2016, 14:42 НСК источник:
</topic_text>
<spam_score>0.00</spam_score>
<post_num>1</post_num>
<post_id>post-1</post_id>
<post_url>http://info.sibnet.ru/article/493117/</post_url>
<post_date>20160830</post_date>
<post_time>0742</post_time>
<username></username>
<post>
Фото: © Владимир Сараев, Sibnet.ru Купить иллюстрацию Собаки могут целенаправленно отказываться от пищи ради ласки и внимания хозяина, что означает наличие настоящей привязанности к человеку, выяснили учёные из университета Эмори в Атланте. 
Ранее ряд исследователей считали, что эти животные просто видят в человеке источник бесплатной еды, а сами они выступают в качестве «биороботов», которые воспринимали хозяина в качестве кормушки, пишет журнал Social, Cognitive and Affective Neuroscience. Создана простая технология возврата к жизни 
«Почти все 13 собак, которые участвовали в наших опытах, предпочитали получить похвалу от владельца и отказаться от пищи, или считали их равноценными. Только две собаки были настоящими обжорами», — отмечается в исследовании. 
В ходе эксперимента собак научили различать три разных предмета, выбор каждого из которых приводил к трём разным последствиям. Если псы выбирали розовый игрушечный паровоз, то получали пищу. Когда они брали в рот синюю фигурку рыцаря, их за это хвалил хозяин. Третья фигурка была нейтральной. 
Во время выбора учёные следили за мозгом собак с помощью магнитно-резонансного томографа — выяснилось, что все собаки испытывали удовольствие от похвал хозяев и поедания еды, при этом большинство предпочитали выслушивать похвалы хозяев. 
По мнению исследователей, эксперимент показывает, что похвалы и социальное признание являются важными вещами для собак, а наши взаимоотношения с ними являются уникальным примером установления и поддержания межвидовых социальных связей. 30 августа 2016, 14:42 НСК источник:
</post>
<signature>

</signature>
<external_links>

</external_links>
<country>RU</country>
<main_image>http://info.sibnet.ru/article/493117/ni/493/493117w_1472543871.jpg</main_image>
</document>
