<?xml version="1.0" encoding="UTF-8"?>
<document>
<type>mainstream</type>
<forum>http://info.sibnet.ru/data/last.rss</forum>
<forum_title>Sibnet: Новости</forum_title>
<discussion_title>Семья мигрантов из Таджикистана назвала сына Путиным</discussion_title>
<language>russian</language>
<gmt_offset></gmt_offset>
<topic_url>http://info.sibnet.ru/article/493204/</topic_url>
<topic_text>
Семья мигрантов из Таджикистана назвала сына Путиным Фото: © пресс-служба президента РФ Семья из Таджикистана, давно проживающая Владимирской области, решила дать сыну новое имя — Путин. Местные власти поддержали эту инициативу, сообщают местные СМИ. Золотого Путина на медведе подарили президенту на Алтае 
Семья Джураевых родом из Таджикистана, но уже давно живет в России — сначала они приехали в Москву, потом перебрались в деревню Легково (Александровский район). Их сыну Расулу сейчас полтора года. Поменять мальчику имя предложил его дедушка Рахмон Джураев. Он поклонник Владимира Путина, у него дома даже есть небольшой музей, посвященный российскому президенту, пишет газета «Новый город Александров» . 
«Я как-то прочитал, что в Египте ребенку дали имя Путин, и подумал, а почему в России этого нет», — сказал дедушка. Семейный совет его поддержал. Не были против и местные власти. Заместитель главы администрации района Светлана Поваляева заявила, что чиновники не нашли оснований для отказа, и скоро семье будет выдан документ, позволяющий смену имени, передает «Лента.ру» . 
В июне 2016 года египетский журналист и переводчик Моамен Мухтар назвал своего сына Путиным в честь российского президента. Выбор имени он объяснил тем, что «есть 100 Владимиров и всего один Путин». 30 августа 2016, 19:28 НСК источник:
</topic_text>
<spam_score>0.00</spam_score>
<post_num>1</post_num>
<post_id>post-1</post_id>
<post_url>http://info.sibnet.ru/article/493204/</post_url>
<post_date>20160830</post_date>
<post_time>1228</post_time>
<username></username>
<post>
Семья мигрантов из Таджикистана назвала сына Путиным Фото: © пресс-служба президента РФ Семья из Таджикистана, давно проживающая Владимирской области, решила дать сыну новое имя — Путин. Местные власти поддержали эту инициативу, сообщают местные СМИ. Золотого Путина на медведе подарили президенту на Алтае 
Семья Джураевых родом из Таджикистана, но уже давно живет в России — сначала они приехали в Москву, потом перебрались в деревню Легково (Александровский район). Их сыну Расулу сейчас полтора года. Поменять мальчику имя предложил его дедушка Рахмон Джураев. Он поклонник Владимира Путина, у него дома даже есть небольшой музей, посвященный российскому президенту, пишет газета «Новый город Александров» . 
«Я как-то прочитал, что в Египте ребенку дали имя Путин, и подумал, а почему в России этого нет», — сказал дедушка. Семейный совет его поддержал. Не были против и местные власти. Заместитель главы администрации района Светлана Поваляева заявила, что чиновники не нашли оснований для отказа, и скоро семье будет выдан документ, позволяющий смену имени, передает «Лента.ру» . 
В июне 2016 года египетский журналист и переводчик Моамен Мухтар назвал своего сына Путиным в честь российского президента. Выбор имени он объяснил тем, что «есть 100 Владимиров и всего один Путин». 30 августа 2016, 19:28 НСК источник:
</post>
<signature>

</signature>
<external_links>

</external_links>
<country>RU</country>
<main_image>http://info.sibnet.ru/article/493204/ni/493/493204w_1472559500.jpg</main_image>
</document>
