<?xml version="1.0" encoding="UTF-8"?>
<document>
<type>mainstream</type>
<forum>http://auto.gasgoo.com/original-news/feed</forum>
<forum_title>盖世汽车立志打造专业人士最爱看的汽车资讯，提供：最新最全的国际、国内、零部件及后市场新闻，丰富的产业评论、数据分析及热点关注，对采购商、供应商、国际咨询公司、后市场等高层做一系列访谈，详尽介绍各主流汽车市场产业动态及市场销量。是专业人士了解与交流业内信息的最佳资讯平台。</forum_title>
<discussion_title>说了你可能都不相信 瑞虎7噪音比合资轿车好</discussion_title>
<language>chinese</language>
<gmt_offset></gmt_offset>
<topic_url>http://auto.gasgoo.com/News/2016/08/2911162916296036675483.shtml</topic_url>
<topic_text>
16-08-30 09:00 来源： 盖世汽车 作者：崔磊 距离奇瑞全新紧凑级SUV瑞虎7上市不到半个月时间了，奇瑞公司也是卯足了力举办各种试驾活动，让媒体们全方位了解和体验这款全新的产品。大概20天前，小编我刚刚才对瑞虎7进行了高速道路体验，这不，又有机会来到浙江湖州，体验一下瑞虎7的城市道路表现。所有媒体都在写试驾文，所以小编我必须得出奇制胜，得拿点干货出来了！ 手动变速箱继续优化 为什么我还是要关注手动变速箱？因为这个技术看起来不复杂的手动变速箱，要把换挡感受做出有质感来，真的不容易。奇瑞此前车型所搭载的是自主开发的手动变速箱，可靠性确实没问题，但却欠缺一些换挡质感。在汽车之家给出的新车质量报告中，换挡生涩是消费者抱怨最多的问题，尤其是奇瑞产品整体质量表现优秀，这个换挡问题反而十分引人注目。 上图中艾瑞泽5的新车质量水平明显好于吉利帝豪，百车故障数少了30%。而消费者对艾瑞泽5品质抱怨最多的是手动挡的入挡难，换挡异响排在第五。 不过，艾瑞泽5毕竟是6万多元起步的产品，而奇瑞为了提升产品品质，10万元起步的瑞虎7档次就必须高一些，对变速箱的要求就不能仅仅停留在“能用”的水平，而是要上升到“好用”。因此在全新开发的瑞虎7上，奇瑞用了一台来自爱信公司的六速手动变速箱。在上一次的试驾中，我已经介绍过，这个变速箱已经给我留下了深刻的印象。而这次在城市道路上试驾，更加频繁地切换挡位，发现换挡品质有了进一步提升，所有的挡位都做到了丝般顺滑的入挡表现，简直让人欲罢不能。有理由相信，手动变速箱品质的提升，会让瑞虎7的质量表现比此前已经相当优秀的艾瑞泽5更好。 而且，上次试驾中急加速状态下4挡会脱挡的问题已经解决，高速下左侧外后视镜震动的问题也已经解决。
</topic_text>
<spam_score>0.00</spam_score>
<post_num>1</post_num>
<post_id>post-1</post_id>
<post_url>http://auto.gasgoo.com/News/2016/08/2911162916296036675483.shtml</post_url>
<post_date>20160829</post_date>
<post_time>1116</post_time>
<username></username>
<post>
16-08-30 09:00 来源： 盖世汽车 作者：崔磊 距离奇瑞全新紧凑级SUV瑞虎7上市不到半个月时间了，奇瑞公司也是卯足了力举办各种试驾活动，让媒体们全方位了解和体验这款全新的产品。大概20天前，小编我刚刚才对瑞虎7进行了高速道路体验，这不，又有机会来到浙江湖州，体验一下瑞虎7的城市道路表现。所有媒体都在写试驾文，所以小编我必须得出奇制胜，得拿点干货出来了！ 手动变速箱继续优化 为什么我还是要关注手动变速箱？因为这个技术看起来不复杂的手动变速箱，要把换挡感受做出有质感来，真的不容易。奇瑞此前车型所搭载的是自主开发的手动变速箱，可靠性确实没问题，但却欠缺一些换挡质感。在汽车之家给出的新车质量报告中，换挡生涩是消费者抱怨最多的问题，尤其是奇瑞产品整体质量表现优秀，这个换挡问题反而十分引人注目。 上图中艾瑞泽5的新车质量水平明显好于吉利帝豪，百车故障数少了30%。而消费者对艾瑞泽5品质抱怨最多的是手动挡的入挡难，换挡异响排在第五。 不过，艾瑞泽5毕竟是6万多元起步的产品，而奇瑞为了提升产品品质，10万元起步的瑞虎7档次就必须高一些，对变速箱的要求就不能仅仅停留在“能用”的水平，而是要上升到“好用”。因此在全新开发的瑞虎7上，奇瑞用了一台来自爱信公司的六速手动变速箱。在上一次的试驾中，我已经介绍过，这个变速箱已经给我留下了深刻的印象。而这次在城市道路上试驾，更加频繁地切换挡位，发现换挡品质有了进一步提升，所有的挡位都做到了丝般顺滑的入挡表现，简直让人欲罢不能。有理由相信，手动变速箱品质的提升，会让瑞虎7的质量表现比此前已经相当优秀的艾瑞泽5更好。 而且，上次试驾中急加速状态下4挡会脱挡的问题已经解决，高速下左侧外后视镜震动的问题也已经解决。
</post>
<signature>

</signature>
<external_links>

</external_links>
<country>US</country>
<main_image></main_image>
</document>
