<?xml version="1.0" encoding="UTF-8"?>
<document>
<type>mainstream</type>
<forum>http://www.dailymail.co.uk/articles.rss</forum>
<forum_title>Articles | Mail Online</forum_title>
<discussion_title>Bar Refaeli puts on a cheeky display in a skimpy black bikini as she shows off her incredible post-baby body just THREE WEEKS after giving birth</discussion_title>
<language>english</language>
<gmt_offset></gmt_offset>
<topic_url>http://www.dailymail.co.uk/tvshowbiz/article-3765258/Bar-Refaeli-puts-cheeky-display-skimpy-black-bikini-shows-incredible-post-baby-body-just-THREE-WEEKS-giving-birth.html</topic_url>
<topic_text>
e-mail 
View 
comments
She welcomed her first child a mere three weeks ago. 
But Bar Refaeli showed she&apos;d had no problem retaining her model figure as she headed out for a swim on Monday. 
Clad in a skimpy black two piece, the 31-year-old Israeli presenter looked tanned and toned as she got some exercise, flaunting her stunningly small waist. 
Scroll down for video 
Bottoms up! She welcomed her first daughter a mere three weeks ago. But Bar Refaeli showed she&apos;d had no problem retaining her model figure as she headed out for a swim on Monday
With her peachy posterior bursting through the water, Bar seemed to be powering through, keeping her head down as her long blonde locks trailed behind her. 
Making no reference to how she managed to snap back into shape so quickly, she merely captioned the image: &apos;Crystal clear&apos;. 
RELATED ARTICLES Previous 1 Next &apos;What an absolute thrill&apos;: Cancer survivors Delta Goodrem... &apos;I&apos;m into that!&apos; Stephen Bear gets spanked by Sherrie Hewson... Share this article Share It came as no surprise to see the star was back in her bikini, having snapped several shots in her two-piece whilst pregnant in a bid to combat the Israeli sun. 
Yummy mummy: It came as no surprise to see the 31-year-old was back in her bikini, having snapped several shots in her two-piece whilst pregnant in a bid to combat the Israeli sun
Bumping along: The star retained a small bump throughout her pregnancy and appears to have had no trouble snapping back into shape after the birth
One snap that garnered particular attention was taken when she was five-months pregnant, laying on her side in a striped bikini as she explained her little girl needed some &apos;vitamin D&apos;. 
With Bar showing a small baby bump, fans immediately took to social media to comment on her pregnancy curves. 
&apos;I have a similar belly but ... I am not pregnant. Is it normal?&apos; one fan asked, whilst another chipped in: &apos;at 5 months preggo looks like me after devouring a personal pizza. congrats on the girl! [sic]&apos; 
One confused fan also wrote: &apos;....this pic&apos;s just ruined my day....and I thought I was thin!!&apos; 
Pregnancy curves: One snap that garnered particular attention was taken when she was five-months pregnant, laying on her side in a striped bikini whilst sunbathing 
Seeking advice: With Bar showing a small baby bump, fans immediately took to social media to comment on her pregnancy curves
Pizza fan: One fan joked they looked that way when bloated 
Slender: One fan joked that seeing the snap had put them in a bad mood 
Bar and her husband Adi Ezra reportedly welcomed a daughter together on August 11 at Tel Aviv&apos;s Ichilov hospital. 
The little girl was said to weigh seven pounds even and have been named Liv, Israel&apos;s Chanel Two reported. 
Whilst Bar confirmed she had welcomed a daughter on social media, she has kept tight lipped about the details. 
Proud parents: Bar and her husband Adi Ezra reportedly welcomed a daughter together on August 11 at Tel Aviv&apos;s Ichilov hospital. The little girl was said to have been named Liv
</topic_text>
<spam_score>0.00</spam_score>
<post_num>1</post_num>
<post_id>post-1</post_id>
<post_url>http://www.dailymail.co.uk/tvshowbiz/article-3765258/Bar-Refaeli-puts-cheeky-display-skimpy-black-bikini-shows-incredible-post-baby-body-just-THREE-WEEKS-giving-birth.html</post_url>
<post_date>20160830</post_date>
<post_time>1525</post_time>
<username>Rebecca Lawrence For Mailonline</username>
<post>
e-mail 
View 
comments
She welcomed her first child a mere three weeks ago. 
But Bar Refaeli showed she&apos;d had no problem retaining her model figure as she headed out for a swim on Monday. 
Clad in a skimpy black two piece, the 31-year-old Israeli presenter looked tanned and toned as she got some exercise, flaunting her stunningly small waist. 
Scroll down for video 
Bottoms up! She welcomed her first daughter a mere three weeks ago. But Bar Refaeli showed she&apos;d had no problem retaining her model figure as she headed out for a swim on Monday
With her peachy posterior bursting through the water, Bar seemed to be powering through, keeping her head down as her long blonde locks trailed behind her. 
Making no reference to how she managed to snap back into shape so quickly, she merely captioned the image: &apos;Crystal clear&apos;. 
RELATED ARTICLES Previous 1 Next &apos;What an absolute thrill&apos;: Cancer survivors Delta Goodrem... &apos;I&apos;m into that!&apos; Stephen Bear gets spanked by Sherrie Hewson... Share this article Share It came as no surprise to see the star was back in her bikini, having snapped several shots in her two-piece whilst pregnant in a bid to combat the Israeli sun. 
Yummy mummy: It came as no surprise to see the 31-year-old was back in her bikini, having snapped several shots in her two-piece whilst pregnant in a bid to combat the Israeli sun
Bumping along: The star retained a small bump throughout her pregnancy and appears to have had no trouble snapping back into shape after the birth
One snap that garnered particular attention was taken when she was five-months pregnant, laying on her side in a striped bikini as she explained her little girl needed some &apos;vitamin D&apos;. 
With Bar showing a small baby bump, fans immediately took to social media to comment on her pregnancy curves. 
&apos;I have a similar belly but ... I am not pregnant. Is it normal?&apos; one fan asked, whilst another chipped in: &apos;at 5 months preggo looks like me after devouring a personal pizza. congrats on the girl! [sic]&apos; 
One confused fan also wrote: &apos;....this pic&apos;s just ruined my day....and I thought I was thin!!&apos; 
Pregnancy curves: One snap that garnered particular attention was taken when she was five-months pregnant, laying on her side in a striped bikini whilst sunbathing 
Seeking advice: With Bar showing a small baby bump, fans immediately took to social media to comment on her pregnancy curves
Pizza fan: One fan joked they looked that way when bloated 
Slender: One fan joked that seeing the snap had put them in a bad mood 
Bar and her husband Adi Ezra reportedly welcomed a daughter together on August 11 at Tel Aviv&apos;s Ichilov hospital. 
The little girl was said to weigh seven pounds even and have been named Liv, Israel&apos;s Chanel Two reported. 
Whilst Bar confirmed she had welcomed a daughter on social media, she has kept tight lipped about the details. 
Proud parents: Bar and her husband Adi Ezra reportedly welcomed a daughter together on August 11 at Tel Aviv&apos;s Ichilov hospital. The little girl was said to have been named Liv
</post>
<signature>

</signature>
<external_links>

</external_links>
<country>GB</country>
<main_image>http://i.dailymail.co.uk/i/pix/2016/08/30/15/37B6ECF000000578-0-image-a-91_1472567099673.jpg</main_image>
</document>
