<?xml version="1.0" encoding="UTF-8"?>
<document>
<type>mainstream</type>
<forum>http://feeds.feedburner.com/TelecompaperMobileWireless</forum>
<forum_title>Telecompaper Mobile &amp; Wireless</forum_title>
<discussion_title>NeuLion, Nokia offer live feeds from Ozo VR cameras</discussion_title>
<language>english</language>
<gmt_offset></gmt_offset>
<topic_url>http://www.telecompaper.com/news/neulion-nokia-offer-live-feeds-from-ozo-vr-cameras--1159903</topic_url>
<topic_text>
NeuLion, Nokia offer live feeds from Ozo VR cameras Tuesday 30 August 2016 | 16:56 CET | News NeuLion entered into a partnership with Nokia to deliver a professional platform using the NeuLion Digital Platform and Nokia&apos;s Ozo virtual reality camera and Ozo Player SDK. NeuLion and Nokia will offer content owners and content rights holders a jointly integrated platform. This integration will create a single stitched live video feed from Ozo cameras sent directly to NeuLion MC Encoders for the live encoding of sports and entertainment events. The encoded stream will then be packaged and delivered by the NeuLion Digital Platform adaptively over the internet to end-users on second screens Thank you for visiting Telecompaper 
We hope you&apos;ve enjoyed your free articles. Sign up below to get access to the rest of this article and all the telecom news you need. Register free and gain access to even more articles from Telecompaper. Register here Subscribe and get unlimited access to Telecompaper’s full coverage, with a customised choice of news, commentary, research and alerts.
</topic_text>
<spam_score>0.00</spam_score>
<post_num>1</post_num>
<post_id>post-1</post_id>
<post_url>http://www.telecompaper.com/news/neulion-nokia-offer-live-feeds-from-ozo-vr-cameras--1159903</post_url>
<post_date>20160830</post_date>
<post_time>1456</post_time>
<username></username>
<post>
NeuLion, Nokia offer live feeds from Ozo VR cameras Tuesday 30 August 2016 | 16:56 CET | News NeuLion entered into a partnership with Nokia to deliver a professional platform using the NeuLion Digital Platform and Nokia&apos;s Ozo virtual reality camera and Ozo Player SDK. NeuLion and Nokia will offer content owners and content rights holders a jointly integrated platform. This integration will create a single stitched live video feed from Ozo cameras sent directly to NeuLion MC Encoders for the live encoding of sports and entertainment events. The encoded stream will then be packaged and delivered by the NeuLion Digital Platform adaptively over the internet to end-users on second screens Thank you for visiting Telecompaper 
We hope you&apos;ve enjoyed your free articles. Sign up below to get access to the rest of this article and all the telecom news you need. Register free and gain access to even more articles from Telecompaper. Register here Subscribe and get unlimited access to Telecompaper’s full coverage, with a customised choice of news, commentary, research and alerts.
</post>
<signature>

</signature>
<external_links>

</external_links>
<country>NL</country>
<main_image>http://www.telecompaper.com/images/telecompaper_facebook.png</main_image>
</document>
