<?xml version="1.0" encoding="UTF-8"?>
<document>
<type>mainstream</type>
<forum>http://feeds2.feedburner.com/ArtmajeurDaily</forum>
<forum_title>Artmajeur - Latest Artworks</forum_title>
<discussion_title>Abstraction Aquatique</discussion_title>
<language>french</language>
<gmt_offset></gmt_offset>
<topic_url>http://www.artmajeur.com/fr/artist/asaphil/collection/neo-galerie-d-art-photographique/3439/artwork/abstraction-aquatique/9409573</topic_url>
<topic_text>
Autres œuvres de philippe berthier : Jouir - Photography, 60x57x0 cm ©2016 par philippe berthier - Modernisme, Expressionnisme, Autre, Femmes, surréaliste, corps, nu, oeuvre Les Alpes après L&apos;orage - Photography, 50x35x0 cm ©2016 par philippe berthier - Classicisme, Autre, Nature, Noir et blanc, Paysage, montagnes, ciel, nuages corps - Photography, 40x60 cm ©2014 par philippe berthier - Modernisme, Art nouveau, Surréalisme, Autre, Femmes, Corps, Nu, corps, femme, enlacement, traitement OMBRE ET LUMIERE.... - Photography, 60x40 cm ©2014 par philippe berthier - Réalisme, Autre, Nature, paysage, ombre, lumière, arbres, brume, chaleur, eau, nature, art, artistique, photographie, fine art what&apos;s - Digital Arts, 56x70 cm ©2013 par philippe berthier - Art nouveau, Modernisme, Autre, Fantaisie, Personnes, Portraits, portrait, femme, imaginaire, création, délire, fou, étrange, digital art, composition LOCKY - Digital Arts, 34x60 cm ©2004 par philippe berthier - Art nouveau, Autre, Corps, nu, corps, femme, reve, illusion, création, tableau, monstre, surréaliste une vue de toulouse - Photography, 60x43x0 cm ©2013 par philippe berthier - Autre, Villes, toulouse, city, urban, landscapes, light, color, sky, clouds ALONE.... - Photography, 60x52 cm ©2008 par philippe berthier - Art nouveau, Modernisme, Autre, Art abstrait, abstrait, surréaliste, création, oeuvre CADRE - Photography, 44x55 cm ©2009 par philippe berthier - Surréalisme, Autre, Nu, nu, surréaliste Artmajeur ™
</topic_text>
<spam_score>0.00</spam_score>
<post_num>1</post_num>
<post_id>post-1</post_id>
<post_url>http://www.artmajeur.com/fr/artist/asaphil/collection/neo-galerie-d-art-photographique/3439/artwork/abstraction-aquatique/9409573</post_url>
<post_date>20160830</post_date>
<post_time>1510</post_time>
<username>noreply+10829@artmajeur.com (philippe berthier)</username>
<post>
Autres œuvres de philippe berthier : Jouir - Photography, 60x57x0 cm ©2016 par philippe berthier - Modernisme, Expressionnisme, Autre, Femmes, surréaliste, corps, nu, oeuvre Les Alpes après L&apos;orage - Photography, 50x35x0 cm ©2016 par philippe berthier - Classicisme, Autre, Nature, Noir et blanc, Paysage, montagnes, ciel, nuages corps - Photography, 40x60 cm ©2014 par philippe berthier - Modernisme, Art nouveau, Surréalisme, Autre, Femmes, Corps, Nu, corps, femme, enlacement, traitement OMBRE ET LUMIERE.... - Photography, 60x40 cm ©2014 par philippe berthier - Réalisme, Autre, Nature, paysage, ombre, lumière, arbres, brume, chaleur, eau, nature, art, artistique, photographie, fine art what&apos;s - Digital Arts, 56x70 cm ©2013 par philippe berthier - Art nouveau, Modernisme, Autre, Fantaisie, Personnes, Portraits, portrait, femme, imaginaire, création, délire, fou, étrange, digital art, composition LOCKY - Digital Arts, 34x60 cm ©2004 par philippe berthier - Art nouveau, Autre, Corps, nu, corps, femme, reve, illusion, création, tableau, monstre, surréaliste une vue de toulouse - Photography, 60x43x0 cm ©2013 par philippe berthier - Autre, Villes, toulouse, city, urban, landscapes, light, color, sky, clouds ALONE.... - Photography, 60x52 cm ©2008 par philippe berthier - Art nouveau, Modernisme, Autre, Art abstrait, abstrait, surréaliste, création, oeuvre CADRE - Photography, 44x55 cm ©2009 par philippe berthier - Surréalisme, Autre, Nu, nu, surréaliste Artmajeur ™
</post>
<signature>

</signature>
<external_links>

</external_links>
<country>FR</country>
<main_image>http://www.artmajeur.com/medias/standard/a/s/asaphil/artwork/9409573_abstraction-aquatique.jpg</main_image>
</document>
