<?xml version="1.0" encoding="UTF-8"?>
<document>
<type>mainstream</type>
<forum>http://news.rambler.ru/rss/politics/</forum>
<forum_title>Политика — Рамблер/новости</forum_title>
<discussion_title>Список «Яблока» снят с выборов в горсовет Петрозаводска</discussion_title>
<language>russian</language>
<gmt_offset></gmt_offset>
<topic_url>https://news.rambler.ru/politics/34582722-spisok-yabloka-snyat-s-vyborov-v-gorsovet-petrozavodska/</topic_url>
<topic_text>
Фото: Коммерсантъ Суд снял с выборов в горсовет Петрозаводска список кандидатов партии «Яблоко», сообщили «Интерфаксу» в петрозаводском городском суде. Таким образом, суд удовлетворил иск регионального отделения партии «Родина». Лидер отделения партии «Родина» Николай Тараканов направил в суд исковое заявление, где указал, что предвыборный штаб «Яблока» не исполнил ряд обязательных норм при оформлении регистрационных документов кандидатов в депутаты горсовета, и на этом основании просил лишить регистрации весь партийный список. &quot;Яблоко&quot; намерено обжаловать решение суда, сообщила «Интерфаксу» лидер партии Эмилия Слабунова. «Естественно, что это без ответа не останется. Мы уже сообщили в ЦИК РФ. Будем обжаловать в Верховном суде РФ», - сказала она. Ранее ТИК Петрозаводска зарегистрировала список из 39 человек. Под первым номером значилась экс-мэр столицы Карелии Галина Ширшина. Депутаты горсовета 25 декабря 2015 г. отправили Ширшину в отставку, решив, что она не исполняла обязанности мэра в течение трех и более месяцев. Глава Карелии Александр Худилайнен выразил согласие на ее отставку. 29 декабря депутаты на внеочередной сессии назначили и. о. мэра Ирину Мирошник, которая ранее являлась замруководителя аппарата горсовета. В январе 2016 г. Петрозаводский городской суд подтвердил законность отставки мэра. 2 марта его решение подтвердил Верховный суд Карелии. 19 апреля горсовет Петрозаводска избрал Мирошник мэром города.
</topic_text>
<spam_score>0.00</spam_score>
<post_num>1</post_num>
<post_id>post-1</post_id>
<post_url>https://news.rambler.ru/politics/34582722-spisok-yabloka-snyat-s-vyborov-v-gorsovet-petrozavodska/</post_url>
<post_date>20160830</post_date>
<post_time>1428</post_time>
<username>Ведомости</username>
<post>
Фото: Коммерсантъ Суд снял с выборов в горсовет Петрозаводска список кандидатов партии «Яблоко», сообщили «Интерфаксу» в петрозаводском городском суде. Таким образом, суд удовлетворил иск регионального отделения партии «Родина». Лидер отделения партии «Родина» Николай Тараканов направил в суд исковое заявление, где указал, что предвыборный штаб «Яблока» не исполнил ряд обязательных норм при оформлении регистрационных документов кандидатов в депутаты горсовета, и на этом основании просил лишить регистрации весь партийный список. &quot;Яблоко&quot; намерено обжаловать решение суда, сообщила «Интерфаксу» лидер партии Эмилия Слабунова. «Естественно, что это без ответа не останется. Мы уже сообщили в ЦИК РФ. Будем обжаловать в Верховном суде РФ», - сказала она. Ранее ТИК Петрозаводска зарегистрировала список из 39 человек. Под первым номером значилась экс-мэр столицы Карелии Галина Ширшина. Депутаты горсовета 25 декабря 2015 г. отправили Ширшину в отставку, решив, что она не исполняла обязанности мэра в течение трех и более месяцев. Глава Карелии Александр Худилайнен выразил согласие на ее отставку. 29 декабря депутаты на внеочередной сессии назначили и. о. мэра Ирину Мирошник, которая ранее являлась замруководителя аппарата горсовета. В январе 2016 г. Петрозаводский городской суд подтвердил законность отставки мэра. 2 марта его решение подтвердил Верховный суд Карелии. 19 апреля горсовет Петрозаводска избрал Мирошник мэром города.
</post>
<signature>

</signature>
<external_links>

</external_links>
<country>RU</country>
<main_image>https://news.rambler.ru/share/snippets/34582722/79f8875f86b32ab69dde456849879765.png</main_image>
</document>
