<?xml version="1.0" encoding="UTF-8"?>
<document>
<type>mainstream</type>
<forum>http://www.nostalgica.cl/feed/</forum>
<forum_title>NOSTÁLGICA FM</forum_title>
<discussion_title>Ariel Levy se presenta esta noche con un sensual show en Antay Casino &amp; Hotel</discussion_title>
<language>spanish</language>
<gmt_offset></gmt_offset>
<topic_url>http://www.nostalgica.cl/ariel-levy-se-presenta-esta-noche-con-un-sensual-show-en-antay-casino-hotel/</topic_url>
<topic_text>
Usted está en: Home / Comunicados / Ariel Levy se presenta esta noche con un sensual show en Antay Casino &amp; Hotel Ariel Levy se presenta esta noche con un sensual show en Antay Casino &amp; Hotel 30 agosto, 2016 
El show tendrá sensuales bailes, entretenidos juegos y muchas sorpresas más. Hoy 30 de agosto se presenta en sala de juegos de Antay Casino &amp; Hotel, el actor y galán del momento, Ariel Levy, quien promete un espectáculo dedicado especialmente a las mujeres de la región, en una nueva versión de los “Martes Femeninos”. Ariel Levy, uno de los galanes más triunfadores del pasado 2015, llega a Copiapó con un cuerpo cada día más trabajado y dispuesto a mostrarlo para dejar a sus fanáticas con la boca abierta. El protagonista de la saga Que Pena se presenta esta noche desde las 22:00 horas en la sala de juegos del Casino. Finalmente señalar que el evento es gratuito para todos los clientes que estén dentro de la sala de juegos del Casino. Fuente: Casino Antay
</topic_text>
<spam_score>0.00</spam_score>
<post_num>1</post_num>
<post_id>post-1</post_id>
<post_url>http://www.nostalgica.cl/ariel-levy-se-presenta-esta-noche-con-un-sensual-show-en-antay-casino-hotel/</post_url>
<post_date>20160830</post_date>
<post_time>1435</post_time>
<username>ARTURO GUAITA</username>
<post>
Usted está en: Home / Comunicados / Ariel Levy se presenta esta noche con un sensual show en Antay Casino &amp; Hotel Ariel Levy se presenta esta noche con un sensual show en Antay Casino &amp; Hotel 30 agosto, 2016 
El show tendrá sensuales bailes, entretenidos juegos y muchas sorpresas más. Hoy 30 de agosto se presenta en sala de juegos de Antay Casino &amp; Hotel, el actor y galán del momento, Ariel Levy, quien promete un espectáculo dedicado especialmente a las mujeres de la región, en una nueva versión de los “Martes Femeninos”. Ariel Levy, uno de los galanes más triunfadores del pasado 2015, llega a Copiapó con un cuerpo cada día más trabajado y dispuesto a mostrarlo para dejar a sus fanáticas con la boca abierta. El protagonista de la saga Que Pena se presenta esta noche desde las 22:00 horas en la sala de juegos del Casino. Finalmente señalar que el evento es gratuito para todos los clientes que estén dentro de la sala de juegos del Casino. Fuente: Casino Antay
</post>
<signature>

</signature>
<external_links>

</external_links>
<country>CL</country>
<main_image></main_image>
</document>
