<?xml version="1.0" encoding="UTF-8"?>
<document>
<type>mainstream</type>
<forum>http://www.segodnya.ua/xml/rss/category/2009.html</forum>
<forum_title>СЕГОДНЯ | Самые актуальные новости, мнения, комментарии</forum_title>
<discussion_title>На Волыни врач-депутат больницы скорой помощи вымогал деньги</discussion_title>
<language>russian</language>
<gmt_offset></gmt_offset>
<topic_url>http://www.segodnya.ua/regions/lvov/na-volyni-vrach-bolnicy-skoroy-pomoshchi-treboval-10-tysyach--747356.html</topic_url>
<topic_text>
× E-mail: На Волыни врач-депутат больницы скорой помощи вымогал деньги Татьяна Самотый http://www.segodnya.ua/img/article/7473/56_main.jpg http://www.segodnya.ua/img/article/7473/56_tn.jpg 2016-08-30T18:01:00+03:00 Запад Медика задержали Все деньги полиция конфисковала. Фото: vl.npu.gov.ua. На Волыни врач-депутат больницы скорой помощи вымогал деньги Медика задержали В Волынкой области на взятке задержали главного врача районного центра первичной медико-санитарной помощи. Такую сумму медик, являющийся также депутатом райсовета, требовал за помощь в трудоустройстве в больницу. &quot;29 августа чиновник был задержан работниками при получении неправомерной выгоды в сумме 10 000 гривен от медицинской сестры, которая пыталась устроиться на работу в указанное медучреждение&quot;, – сообщает волынская полиция. По данному факту открыто уголовное производство. Врачу грозит лишение свободы от 5 до 10 лет с конфискацией имущества. Напомним, недавно в Черновцах на взятке погорел руководитель отдела областной полиции. По информации СБУ , подполковник требовал от подчиненного 500 долларов и 500 евро , угрожая увольнением. Читайте также:
</topic_text>
<spam_score>0.00</spam_score>
<post_num>1</post_num>
<post_id>post-1</post_id>
<post_url>http://www.segodnya.ua/regions/lvov/na-volyni-vrach-bolnicy-skoroy-pomoshchi-treboval-10-tysyach--747356.html</post_url>
<post_date>20160830</post_date>
<post_time>1501</post_time>
<username></username>
<post>
× E-mail: На Волыни врач-депутат больницы скорой помощи вымогал деньги Татьяна Самотый http://www.segodnya.ua/img/article/7473/56_main.jpg http://www.segodnya.ua/img/article/7473/56_tn.jpg 2016-08-30T18:01:00+03:00 Запад Медика задержали Все деньги полиция конфисковала. Фото: vl.npu.gov.ua. На Волыни врач-депутат больницы скорой помощи вымогал деньги Медика задержали В Волынкой области на взятке задержали главного врача районного центра первичной медико-санитарной помощи. Такую сумму медик, являющийся также депутатом райсовета, требовал за помощь в трудоустройстве в больницу. &quot;29 августа чиновник был задержан работниками при получении неправомерной выгоды в сумме 10 000 гривен от медицинской сестры, которая пыталась устроиться на работу в указанное медучреждение&quot;, – сообщает волынская полиция. По данному факту открыто уголовное производство. Врачу грозит лишение свободы от 5 до 10 лет с конфискацией имущества. Напомним, недавно в Черновцах на взятке погорел руководитель отдела областной полиции. По информации СБУ , подполковник требовал от подчиненного 500 долларов и 500 евро , угрожая увольнением. Читайте также:
</post>
<signature>

</signature>
<external_links>

</external_links>
<country>UA</country>
<main_image>http://www.segodnya.ua/img/article/7473/56_main.jpg</main_image>
</document>
