<?xml version="1.0" encoding="UTF-8"?>
<document>
<type>mainstream</type>
<forum></forum>
<forum_title></forum_title>
<discussion_title>Schmelter schließt Sägestandort Saalhausen</discussion_title>
<language>german</language>
<gmt_offset></gmt_offset>
<topic_url>http://www.fordaq.com/news/S%c3%a4gewerk_Schmelter_Saalhausen_48609.html</topic_url>
<topic_text>
78 text size 
Die Josef Schmelter GmbH in Lennestadt richtet sich neu aus. Zum 30. November 2016 wird das Familienunternehmen seinen Sägestandort in Saalhausen schließen und sich künftig auf die Weiterverarbeitung im Werk Oedingen konzentrieren. 
„Mit der Entscheidung stellen wir die Weichen für die Zukunft. Unsere Stärke sind hochwertige Produkte für den konstruktiven Holzbau. In diesem Bereich wollen wir unsere Position am Markt festigen“, erklärt Geschäftsführer Lutz Schmelter. Der moderne Holzbau, der für seine Niedrigenergiebauweise veredelte Holzprodukte verlangt, gewinne zunehmend an Bedeutung und biete großes Potenzial. Klassische Nadelschnittholzprodukte wie Kanthölzer oder Bohlen werden für diese Zwecke nicht mehr nachgefragt. Sich zu spezialisieren sei angesichts der schlechten Beschäftigungslage und Perspektive beim Holzeinschnitt daher ein konsequenter und der einzig zukunftsfähige Schritt, sagt Schmelter. 
Unveredelte Schnitthölzer können aufgrund des gewachsenen Qualitätsanspruchs im deutschen Holzbau praktisch nur noch außerhalb Deutschlands abgesetzt werden. Die Nachfrage in der europäischen Bauindustrie ist seit Jahren jedoch rückläufig. Hinzu komme, dass die deutschen Betriebe auf diesem Markt kaum wettbewerbsfähig sind. Seit Jahren kämpfe die Branche mit Rohstoffpreisen, die deutlich über denen im Ausland liegen und somit nicht auf dem internationalen Schnittholzmarkt weitergegeben werden können. Veränderte politische Rahmenbedingungen, wie beispielsweise durch Flächenstilllegungen, verschärften die Rohstofflage hierzulande zusätzlich. Zuletzt entwickelten sich zudem auch die Erlöse für Restholz stark negativ. „Für viele mittelständische Betriebe ist der Einschnitt unter diesen Voraussetzungen kaum mehr rentabel zu gestalten“, so Schmelter. 
Am Standort Oedingen produziert Schmelter derzeit ausschließlich die Produkte Konstruktionsvollholz (KVH®), Duo- und Triobalken® sowie Brettschichtholz (BSH). Die Verwaltung soll an den Produktionsort folgen. Bis zur Realisierung eines entsprechenden Neubaus verbleibt das Büro aber am alten Sägestandort in Saalhausen. 
Die Anlagen des Sägewerks in Saalhausen, ein Gatter und eine Spaner-Kreissägenanlage, beide im Rundlauf, sollen veräußert werden. Unklar ist derzeit noch, was mit dem Betriebsgelände passiert. Post comment 
</topic_text>
<spam_score>0.20</spam_score>
<post_num>1</post_num>
<post_id>post-1</post_id>
<post_url>http://www.fordaq.com/news/S%c3%a4gewerk_Schmelter_Saalhausen_48609.html</post_url>
<post_date>20160830</post_date>
<post_time></post_time>
<username></username>
<post>
78 text size 
Die Josef Schmelter GmbH in Lennestadt richtet sich neu aus. Zum 30. November 2016 wird das Familienunternehmen seinen Sägestandort in Saalhausen schließen und sich künftig auf die Weiterverarbeitung im Werk Oedingen konzentrieren. 
„Mit der Entscheidung stellen wir die Weichen für die Zukunft. Unsere Stärke sind hochwertige Produkte für den konstruktiven Holzbau. In diesem Bereich wollen wir unsere Position am Markt festigen“, erklärt Geschäftsführer Lutz Schmelter. Der moderne Holzbau, der für seine Niedrigenergiebauweise veredelte Holzprodukte verlangt, gewinne zunehmend an Bedeutung und biete großes Potenzial. Klassische Nadelschnittholzprodukte wie Kanthölzer oder Bohlen werden für diese Zwecke nicht mehr nachgefragt. Sich zu spezialisieren sei angesichts der schlechten Beschäftigungslage und Perspektive beim Holzeinschnitt daher ein konsequenter und der einzig zukunftsfähige Schritt, sagt Schmelter. 
Unveredelte Schnitthölzer können aufgrund des gewachsenen Qualitätsanspruchs im deutschen Holzbau praktisch nur noch außerhalb Deutschlands abgesetzt werden. Die Nachfrage in der europäischen Bauindustrie ist seit Jahren jedoch rückläufig. Hinzu komme, dass die deutschen Betriebe auf diesem Markt kaum wettbewerbsfähig sind. Seit Jahren kämpfe die Branche mit Rohstoffpreisen, die deutlich über denen im Ausland liegen und somit nicht auf dem internationalen Schnittholzmarkt weitergegeben werden können. Veränderte politische Rahmenbedingungen, wie beispielsweise durch Flächenstilllegungen, verschärften die Rohstofflage hierzulande zusätzlich. Zuletzt entwickelten sich zudem auch die Erlöse für Restholz stark negativ. „Für viele mittelständische Betriebe ist der Einschnitt unter diesen Voraussetzungen kaum mehr rentabel zu gestalten“, so Schmelter. 
Am Standort Oedingen produziert Schmelter derzeit ausschließlich die Produkte Konstruktionsvollholz (KVH®), Duo- und Triobalken® sowie Brettschichtholz (BSH). Die Verwaltung soll an den Produktionsort folgen. Bis zur Realisierung eines entsprechenden Neubaus verbleibt das Büro aber am alten Sägestandort in Saalhausen. 
Die Anlagen des Sägewerks in Saalhausen, ein Gatter und eine Spaner-Kreissägenanlage, beide im Rundlauf, sollen veräußert werden. Unklar ist derzeit noch, was mit dem Betriebsgelände passiert. Post comment 
</post>
<signature>

</signature>
<external_links>

</external_links>
<country>US</country>
<main_image>http://images.fordaq.com/images/logo_fordaq.gif</main_image>
</document>
