<?xml version="1.0" encoding="UTF-8"?>
<document>
<type>mainstream</type>
<forum></forum>
<forum_title></forum_title>
<discussion_title>Mitarbeiter (m/w) im Bereich Flugzeug- und Gepäckabfertigung – für die Be- und Entladung von Flugzeugen – - Stellenangebote - Forum-Speditionen | Das größte Forum der Transportbranche</discussion_title>
<language>german</language>
<gmt_offset></gmt_offset>
<topic_url>http://www.forum-speditionen.de/mitarbeiter-m-w-im-bereich-flugzeug-und-gepaeckabfertigung-fuer-die-be-und-entla-19012?s=61c5244909ac65d17a99b0826c208f0c0ba372de</topic_url>
<topic_text>

26. August 2016, 11:54 Swissport Losch, als Joint Venture von Swissport International und Losch Airport Service, ist ein Unternehmen für Bodenverkehrsdienstleistungen am Flughafen München. Swissport Losch befindet sich im mehrheitlichen Besitz von Swissport International, dem weltweilt größten Anbieter für Bodenverkehrsdienstleistungen. Wir beschäftigen in der Unternehmensgruppe über 61 000 Mitarbeiter an 279 Airports weltweit. Am Standort München ist Swissport Losch mit knapp 700 Mitarbeitern und 34 Fluggesellschaften als Kunden bei einem Marktanteil von 40 Prozent vertreten. Unsere Mitarbeiter betreuen das Flugzeug von der Landung bis zum Start. Die Tätigkeitsbereiche reichen von der Be- und Entladung, über Passagier-/Crewtransport bis hin zu Frachtdienstleistungen und speziellen Aufgaben für verschiedene Kunden. Zur Verstärkung unseres Teams am Flughafen München suchen wir ab sofort in Vollzeit Mitarbeiter (m/w) im Bereich Flugzeug- und Gepäckabfertigung – für die Be- und Entladung von Flugzeugen – IHR VERANTWORTUNGSBEREICH - Als Mitarbeiter/-in im Bereich Flugzeug- und Gepäckabfertigung sind Sie für die Be- und Entladung von Flugzeugen zuständig - Sie stellen den Transport von Gepäck, Fracht und Post sowie den Umschlag von Gepäck in den Förderanlagen der Terminals sicher - Das Bereitstellen von Fahrzeugen &amp; Abfertigungsgerätschaften liegt ebenso in Ihrer Verantwortung - Darüber hinaus bedienen Sie die Abfertigungsgeräte auf dem Vorfeld - Die Zusammenarbeit mit den einsatzkoordinierenden Stellen der Abfertigung rundet Ihren Aufgabenbereich ab IHRE VORAUSSETZUNGEN - Sie besitzen den Führerschein der Klasse 3/B - Sie beherrschen die deutsche Sprache in Wort und Schrift - Ihr einwandfreier Leumund ist erforderlicher Bestandteil des Sicherheitskonzeptes - Sie sind eine engagierte Persönlichkeit, die uneingeschränkt körperlich leistungsfähig, stressresistent sowie teamfähig ist - Sie bringen die Bereitschaft zu Wechselschichten und Wochenenddiensten mit UNSER ANGEBOT - Sie erwartet eine attraktive Tätigkeit am Flughafen München mit leistungsgerechter Bezahlung in geregeltem Schichtsystem bei hoher Planungssicherheit - Langfristige Beschäftigung mit unbefristetem Arbeitsvertrag - Wir bieten Ihnen eine 6-wöchige Abfertigungsgrundschulung sowie weitere Aufstiegs- und Entwicklungsmöglichkeiten - Kostenfreie Parkmöglichkeit, betriebliche Altersvorsorge sowie 50% Essenszuschuss in der Kantine - Steuerfreie Schichtzulagen sowie Urlaubs- und Weihnachtsgeld - Bei Bedarf Unterkunft mit geringer Eigenbeteiligung Haben wir Ihr Interesse geweckt? Dann freuen wir uns über Ihre aussagekräftigen Bewerbungsunterlagen online über unser Bewerbertool: bit.ly/2bTSUJT Swissport Losch München GmbH &amp; Co. KG Frau Ines Kremhöller oder Herr Milos Mijatovic Terminal 1 A/Raum 5309 Terminalstraße West 85356 München-Flughafen Bei Fragen wenden Sie sich bitte unter der Telefonnummer 0811 998 20115 an Frau Ines Kremhöller oder unter 0811 998 20114 an Herrn Milos Mijatovic. Weitere Informationen zu unserem Unternehmen finden Sie unter www.swissportlosch.com . 
</topic_text>
<spam_score>0.07</spam_score>
<post_num>1</post_num>
<post_id>post-1</post_id>
<post_url>http://www.forum-speditionen.de/mitarbeiter-m-w-im-bereich-flugzeug-und-gepaeckabfertigung-fuer-die-be-und-entla-19012?s=61c5244909ac65d17a99b0826c208f0c0ba372de</post_url>
<post_date>20160826</post_date>
<post_time></post_time>
<username></username>
<post>

26. August 2016, 11:54 Swissport Losch, als Joint Venture von Swissport International und Losch Airport Service, ist ein Unternehmen für Bodenverkehrsdienstleistungen am Flughafen München. Swissport Losch befindet sich im mehrheitlichen Besitz von Swissport International, dem weltweilt größten Anbieter für Bodenverkehrsdienstleistungen. Wir beschäftigen in der Unternehmensgruppe über 61 000 Mitarbeiter an 279 Airports weltweit. Am Standort München ist Swissport Losch mit knapp 700 Mitarbeitern und 34 Fluggesellschaften als Kunden bei einem Marktanteil von 40 Prozent vertreten. Unsere Mitarbeiter betreuen das Flugzeug von der Landung bis zum Start. Die Tätigkeitsbereiche reichen von der Be- und Entladung, über Passagier-/Crewtransport bis hin zu Frachtdienstleistungen und speziellen Aufgaben für verschiedene Kunden. Zur Verstärkung unseres Teams am Flughafen München suchen wir ab sofort in Vollzeit Mitarbeiter (m/w) im Bereich Flugzeug- und Gepäckabfertigung – für die Be- und Entladung von Flugzeugen – IHR VERANTWORTUNGSBEREICH - Als Mitarbeiter/-in im Bereich Flugzeug- und Gepäckabfertigung sind Sie für die Be- und Entladung von Flugzeugen zuständig - Sie stellen den Transport von Gepäck, Fracht und Post sowie den Umschlag von Gepäck in den Förderanlagen der Terminals sicher - Das Bereitstellen von Fahrzeugen &amp; Abfertigungsgerätschaften liegt ebenso in Ihrer Verantwortung - Darüber hinaus bedienen Sie die Abfertigungsgeräte auf dem Vorfeld - Die Zusammenarbeit mit den einsatzkoordinierenden Stellen der Abfertigung rundet Ihren Aufgabenbereich ab IHRE VORAUSSETZUNGEN - Sie besitzen den Führerschein der Klasse 3/B - Sie beherrschen die deutsche Sprache in Wort und Schrift - Ihr einwandfreier Leumund ist erforderlicher Bestandteil des Sicherheitskonzeptes - Sie sind eine engagierte Persönlichkeit, die uneingeschränkt körperlich leistungsfähig, stressresistent sowie teamfähig ist - Sie bringen die Bereitschaft zu Wechselschichten und Wochenenddiensten mit UNSER ANGEBOT - Sie erwartet eine attraktive Tätigkeit am Flughafen München mit leistungsgerechter Bezahlung in geregeltem Schichtsystem bei hoher Planungssicherheit - Langfristige Beschäftigung mit unbefristetem Arbeitsvertrag - Wir bieten Ihnen eine 6-wöchige Abfertigungsgrundschulung sowie weitere Aufstiegs- und Entwicklungsmöglichkeiten - Kostenfreie Parkmöglichkeit, betriebliche Altersvorsorge sowie 50% Essenszuschuss in der Kantine - Steuerfreie Schichtzulagen sowie Urlaubs- und Weihnachtsgeld - Bei Bedarf Unterkunft mit geringer Eigenbeteiligung Haben wir Ihr Interesse geweckt? Dann freuen wir uns über Ihre aussagekräftigen Bewerbungsunterlagen online über unser Bewerbertool: bit.ly/2bTSUJT Swissport Losch München GmbH &amp; Co. KG Frau Ines Kremhöller oder Herr Milos Mijatovic Terminal 1 A/Raum 5309 Terminalstraße West 85356 München-Flughafen Bei Fragen wenden Sie sich bitte unter der Telefonnummer 0811 998 20115 an Frau Ines Kremhöller oder unter 0811 998 20114 an Herrn Milos Mijatovic. Weitere Informationen zu unserem Unternehmen finden Sie unter www.swissportlosch.com . 
</post>
<signature>

</signature>
<external_links>

</external_links>
<country>DE</country>
<main_image></main_image>
</document>
