<?xml version="1.0" encoding="UTF-8"?>
<document>
<type>mainstream</type>
<forum>http://ensegundos.do/feed/</forum>
<forum_title>Ensegundos.do</forum_title>
<discussion_title>Piratas informáticos rusos sospechosos de atacar archivos electorales en EEUU</discussion_title>
<language>spanish</language>
<gmt_offset></gmt_offset>
<topic_url>http://ensegundos.do/2016/08/30/piratas-informaticos-rusos-sospechosos-de-atacar-archivos-electorales-en-eeuu/</topic_url>
<topic_text>
0 Anuncio Washington. Piratas informáticos rusos podrían ser responsables de dos recientes ataques a las bases de datos electorales en dos estados norteamericanos, informaron medios locales, aumentando los temores de que Rusia perturbe las próximas elecciones presidenciales de noviembre. A inicios de agosto, el FBI alertó a las autoridades electorales después de detectar intentos de ciberataques a archivos electorales, que fueron inicialmente revelados por Yahoo News. Anuncio La alerta de la Policía Federal no mencionó a Rusia, pero, según funcionarios de la inteligencia estadounidenses citados por NBC, las autoridades acusaron a las agencias de espionaje rusa. “Llegamos a la conclusión de que lo más probable es que el reciente pirateo esté vinculado al gobierno ruso”, dijo un funcionario, que agregó que hay “serias preocupaciones” de que Moscú busque trastornar el proceso electoral estadounidense. El FBI no identificó los estados que fueron blanco de los ataques, pero Yahoo News citó a funcionarios que se refirieron a Illinois y Arizona. Un alto funcionario de Illinois declaró el mes pasado que el estado cerró las inscripciones electorales después de un ciberataque, mientras Chicago Tribune citó a fuentes oficiales según las cuales los piratas robaron información de hasta 200.000 archivos electorales, aunque no resultaron borrados ni alterados. En Arizona, los hackers fracasaron al intentar atacar el sistema de registro de votantes con un software malicioso, según la prensa. Aunque el estado suspendió las inscripciones electorales durante nueve días, no hubo afectaciones en su funcionamiento, afirmaron autoridades. El secretario de Seguridad Interior, Jeh Johnson, mantuvo una teleconferencia a inicios de mes con las autoridades electorales para que aseguren sus sistemas. Estas nuevas denuncias ocurren luego de que la cadena CNN informó que ciberpiratas sospechosos de tener vínculos con Rusia realizaron ataques contra medios estadounidenses, entre ellos el The New York Times. Al mismo tiempo, funcionarios estadounidense dijeron que los servicios de inteligencia rusos están detrás de los recientes ataques a organismos del Partido Demócrata, incluyendo la campaña de su candidata a la Casa Blanca, Hillary Clinton. Anuncio
</topic_text>
<spam_score>0.00</spam_score>
<post_num>1</post_num>
<post_id>post-1</post_id>
<post_url>http://ensegundos.do/2016/08/30/piratas-informaticos-rusos-sospechosos-de-atacar-archivos-electorales-en-eeuu/</post_url>
<post_date>20160830</post_date>
<post_time>1447</post_time>
<username>AFP</username>
<post>
0 Anuncio Washington. Piratas informáticos rusos podrían ser responsables de dos recientes ataques a las bases de datos electorales en dos estados norteamericanos, informaron medios locales, aumentando los temores de que Rusia perturbe las próximas elecciones presidenciales de noviembre. A inicios de agosto, el FBI alertó a las autoridades electorales después de detectar intentos de ciberataques a archivos electorales, que fueron inicialmente revelados por Yahoo News. Anuncio La alerta de la Policía Federal no mencionó a Rusia, pero, según funcionarios de la inteligencia estadounidenses citados por NBC, las autoridades acusaron a las agencias de espionaje rusa. “Llegamos a la conclusión de que lo más probable es que el reciente pirateo esté vinculado al gobierno ruso”, dijo un funcionario, que agregó que hay “serias preocupaciones” de que Moscú busque trastornar el proceso electoral estadounidense. El FBI no identificó los estados que fueron blanco de los ataques, pero Yahoo News citó a funcionarios que se refirieron a Illinois y Arizona. Un alto funcionario de Illinois declaró el mes pasado que el estado cerró las inscripciones electorales después de un ciberataque, mientras Chicago Tribune citó a fuentes oficiales según las cuales los piratas robaron información de hasta 200.000 archivos electorales, aunque no resultaron borrados ni alterados. En Arizona, los hackers fracasaron al intentar atacar el sistema de registro de votantes con un software malicioso, según la prensa. Aunque el estado suspendió las inscripciones electorales durante nueve días, no hubo afectaciones en su funcionamiento, afirmaron autoridades. El secretario de Seguridad Interior, Jeh Johnson, mantuvo una teleconferencia a inicios de mes con las autoridades electorales para que aseguren sus sistemas. Estas nuevas denuncias ocurren luego de que la cadena CNN informó que ciberpiratas sospechosos de tener vínculos con Rusia realizaron ataques contra medios estadounidenses, entre ellos el The New York Times. Al mismo tiempo, funcionarios estadounidense dijeron que los servicios de inteligencia rusos están detrás de los recientes ataques a organismos del Partido Demócrata, incluyendo la campaña de su candidata a la Casa Blanca, Hillary Clinton. Anuncio
</post>
<signature>

</signature>
<external_links>

</external_links>
<country>DO</country>
<main_image>http://i2.wp.com/ensegundos.do/wp-content/uploads/2016/08/Piratas-informaticos-.jpg?fit=829%2C505</main_image>
</document>
