<?xml version="1.0" encoding="UTF-8"?>
<document>
<type>mainstream</type>
<forum>http://therightscoop.com/feed/</forum>
<forum_title>The Right Scoop</forum_title>
<discussion_title>REPORT: New Poll shows the race TIGHTENING in key battleground states</discussion_title>
<language>english</language>
<gmt_offset></gmt_offset>
<topic_url>http://therightscoop.com/report-new-poll-shows-the-race-tightening-in-key-battleground-states/</topic_url>
<topic_text>
When the averages begin tightening significantly in each state, then we’ll know that the race really is tightening. 
OR maybe it’s all those secret Trump voters that the Trump campaign swears are out there! Comment Policy: Please read our new comment policy before making a comment. In short, please be respectful of others and do not engage in personal attacks. Otherwise we will revoke your comment privileges. RELOAD DISQUS Trending
</topic_text>
<spam_score>0.00</spam_score>
<post_num>1</post_num>
<post_id>post-1</post_id>
<post_url>http://therightscoop.com/report-new-poll-shows-the-race-tightening-in-key-battleground-states/</post_url>
<post_date>20160830</post_date>
<post_time>1457</post_time>
<username>The Right Scoop</username>
<post>
When the averages begin tightening significantly in each state, then we’ll know that the race really is tightening. 
OR maybe it’s all those secret Trump voters that the Trump campaign swears are out there! Comment Policy: Please read our new comment policy before making a comment. In short, please be respectful of others and do not engage in personal attacks. Otherwise we will revoke your comment privileges. RELOAD DISQUS Trending
</post>
<signature>

</signature>
<external_links>

</external_links>
<country>US</country>
<main_image>http://therightscoop.com/wp-content/uploads/2016/08/trumphillary.jpg</main_image>
</document>
