<?xml version="1.0" encoding="UTF-8"?>
<document>
<type>mainstream</type>
<forum>http://jobs.guardian.co.uk/jobsrss/uk/england/south-west/gloucestershire/</forum>
<forum_title>Job Search RSS</forum_title>
<discussion_title>FRESHMINDS: Consultant</discussion_title>
<language>english</language>
<gmt_offset></gmt_offset>
<topic_url>https://jobs.theguardian.com/job/6378853/consultant-/</topic_url>
<topic_text>
Apply 
A consultancy is currently looking for fresh talent to join their growing team. They operate across multiple industries including water, utilities, transport and construction. They do both management and strategy consulting and regularly work on projects with c-suite executives. 
On a day-to-day you will be required to conduct various methods of research; compile information into the desired format, whether that is a presentation or report; liaise with various stakeholders, being able to provide progress updates and ensure projects stick to time and budget. 
They are looking for a new consultant who: Is comfortable working with complex data Has strong communication skills andcan confidently give presentations, with exposure to‘C’ level desirable Has experience delivering on projects with tight deadlines Is interested in helping to shape the growth and future strategy of the business
</topic_text>
<spam_score>0.00</spam_score>
<post_num>1</post_num>
<post_id>post-1</post_id>
<post_url>https://jobs.theguardian.com/job/6378853/consultant-/</post_url>
<post_date>20160830</post_date>
<post_time>0000</post_time>
<username></username>
<post>
Apply 
A consultancy is currently looking for fresh talent to join their growing team. They operate across multiple industries including water, utilities, transport and construction. They do both management and strategy consulting and regularly work on projects with c-suite executives. 
On a day-to-day you will be required to conduct various methods of research; compile information into the desired format, whether that is a presentation or report; liaise with various stakeholders, being able to provide progress updates and ensure projects stick to time and budget. 
They are looking for a new consultant who: Is comfortable working with complex data Has strong communication skills andcan confidently give presentations, with exposure to‘C’ level desirable Has experience delivering on projects with tight deadlines Is interested in helping to shape the growth and future strategy of the business
</post>
<signature>

</signature>
<external_links>

</external_links>
<country>GB</country>
<main_image>//d1mbyzj6lih1pj.cloudfront.net/assets/dist/images/logo-bluebg.png;v=7d22bbdb3883e1215bb601184e4fe013</main_image>
</document>
