<?xml version="1.0" encoding="UTF-8"?>
<document>
<type>mainstream</type>
<forum></forum>
<forum_title></forum_title>
<discussion_title>POLÉMICA: Joven de 15 años se casa con su maestra de 40 | EL DEBATE | Mundo</discussion_title>
<language>spanish</language>
<gmt_offset></gmt_offset>
<topic_url>http://www.debate.com.mx/mundo/POLEMICA-Joven-de-15-anos-se-casa-con-su-maestra-de-40-20160830-0023.html</topic_url>
<topic_text>
Publicada el 30/08/2016 - 07:48 HS POLÉMICA: Joven de 15 años se casa con su maestra de 40 Este es el cuarto matrimonio de la profesora y acaba de pasar por su tercer divorcio 
La feliz pareja. Foto: Prensa Libre CR Por: El Debate 0 0 
Costa Rica.- Una maestra de 40 años que se casó con un estudiante de tan sólo 15, podría ser condenada a una pena de 6 años de cárcel si se comprueba algún delito, en un caso que desató una gran polémica en Costa Rica, donde es legal un matrimonio de ese tipo si hay consentimiento del padre o custodio del menor. 
Según el portal Prensa Libre CR , este insólito hecho se conoció esta semana, cuando se supo que una docente de apellido Rojas Elizondo contrajo matrimonio con un joven llamado Hernández, circunstancia que llevó al Ministerio de Educación Pública de ese país centroamericano haya abierto una investigación. 
Es bien sabido que en Costa Rica un adulto puede casarse con un adolescente siempre y cuando exista el consentimiento de los padres. 
Matrimonio 
Este es el caso de una docente de apellidos Rojas Elizando que se casó con su alumno de 15 años causó indignación en varias partes del mundo. La mujer tiene 40 años. 
Los comentarios que surgieron en redes sociales llamaron la atención del Ministerio de Educación Pública del país, que abrió una investigación al respecto. 
Sin embargo, no todo es miel sobre hojuelas, pues si se determina que los enamorados tuvieron algún encuentro sexual previo al enlace, la maestra podría enfrentar un proceso judicial y una pena de 2 a 6 años de prisión, por lo que la docente de la localidad de Pérez Zeledón declaró que se comprometió en matrimonio con su alumno ya que contaba con el permiso de su madre. 
De acuerdo con la ministra costarricense de Educación Pública, Sonia Marta Mora, el caso es investigado por la Jefatura de Gestión Disciplinaria y en caso de que la profesora resulte culpable, puede ser declarada no idónea para la profesión. 
Por su parte, el padre del menor dijo no estar de acuerdo con la relación, pues su hijo es un &quot;niño&quot; y su ahora esposa lleva ya cuatro matrimonios y tres divorcios. 

Con información de Prensa Libre CR Lee También 
</topic_text>
<spam_score>0.02</spam_score>
<post_num>1</post_num>
<post_id>post-1</post_id>
<post_url>http://www.debate.com.mx/mundo/POLEMICA-Joven-de-15-anos-se-casa-con-su-maestra-de-40-20160830-0023.html</post_url>
<post_date>20160830</post_date>
<post_time></post_time>
<username>Por</username>
<post>
Publicada el 30/08/2016 - 07:48 HS POLÉMICA: Joven de 15 años se casa con su maestra de 40 Este es el cuarto matrimonio de la profesora y acaba de pasar por su tercer divorcio 
La feliz pareja. Foto: Prensa Libre CR Por: El Debate 0 0 
Costa Rica.- Una maestra de 40 años que se casó con un estudiante de tan sólo 15, podría ser condenada a una pena de 6 años de cárcel si se comprueba algún delito, en un caso que desató una gran polémica en Costa Rica, donde es legal un matrimonio de ese tipo si hay consentimiento del padre o custodio del menor. 
Según el portal Prensa Libre CR , este insólito hecho se conoció esta semana, cuando se supo que una docente de apellido Rojas Elizondo contrajo matrimonio con un joven llamado Hernández, circunstancia que llevó al Ministerio de Educación Pública de ese país centroamericano haya abierto una investigación. 
Es bien sabido que en Costa Rica un adulto puede casarse con un adolescente siempre y cuando exista el consentimiento de los padres. 
Matrimonio 
Este es el caso de una docente de apellidos Rojas Elizando que se casó con su alumno de 15 años causó indignación en varias partes del mundo. La mujer tiene 40 años. 
Los comentarios que surgieron en redes sociales llamaron la atención del Ministerio de Educación Pública del país, que abrió una investigación al respecto. 
Sin embargo, no todo es miel sobre hojuelas, pues si se determina que los enamorados tuvieron algún encuentro sexual previo al enlace, la maestra podría enfrentar un proceso judicial y una pena de 2 a 6 años de prisión, por lo que la docente de la localidad de Pérez Zeledón declaró que se comprometió en matrimonio con su alumno ya que contaba con el permiso de su madre. 
De acuerdo con la ministra costarricense de Educación Pública, Sonia Marta Mora, el caso es investigado por la Jefatura de Gestión Disciplinaria y en caso de que la profesora resulte culpable, puede ser declarada no idónea para la profesión. 
Por su parte, el padre del menor dijo no estar de acuerdo con la relación, pues su hijo es un &quot;niño&quot; y su ahora esposa lleva ya cuatro matrimonios y tres divorcios. 

Con información de Prensa Libre CR Lee También 
</post>
<signature>

</signature>
<external_links>

</external_links>
<country>US</country>
<main_image>http://www.debate.com.mx/__export/1472566219346/sites/debate/img/2016/08/30/asdfgw.jpg_1637213498.jpg</main_image>
</document>
