<?xml version="1.0" encoding="UTF-8"?>
<document>
<type>mainstream</type>
<forum></forum>
<forum_title></forum_title>
<discussion_title>Allgemeine Fragen aus der Speditionswelt - Forum-Speditionen | Das größte Forum der Transportbranche</discussion_title>
<language>german</language>
<gmt_offset></gmt_offset>
<topic_url>http://www.forum-speditionen.de/board/8-allgemeine-fragen-aus-der-speditionswelt/?s=86f3e820450f6e980822195b823f8c0d68a301b2</topic_url>
<topic_text>
Allgemeine Fragen aus der Speditionswelt 
Hier kann alles diskutiert werden. Diese Seite verwendet Cookies. Durch die Nutzung unserer Seite erklären Sie sich damit einverstanden, dass wir Cookies setzen. Weitere Informationen 1 Seite 1 von 78 
</topic_text>
<spam_score>0.03</spam_score>
<post_num>1</post_num>
<post_id>post-1</post_id>
<post_url>http://www.forum-speditionen.de/board/8-allgemeine-fragen-aus-der-speditionswelt/?s=86f3e820450f6e980822195b823f8c0d68a301b2</post_url>
<post_date>20160418</post_date>
<post_time></post_time>
<username></username>
<post>
Allgemeine Fragen aus der Speditionswelt 
Hier kann alles diskutiert werden. Diese Seite verwendet Cookies. Durch die Nutzung unserer Seite erklären Sie sich damit einverstanden, dass wir Cookies setzen. Weitere Informationen 1 Seite 1 von 78 
</post>
<signature>

</signature>
<external_links>

</external_links>
<country>DE</country>
<main_image></main_image>
</document>
