<?xml version="1.0" encoding="UTF-8"?>
<document>
<type>mainstream</type>
<forum>http://news.21.by/pub/rss/discuss.rss</forum>
<forum_title>Рейтинг обсуждаемых новостей 21.by</forum_title>
<discussion_title>Семилетняя американка нашла в мусоре золотую медаль Игр-1992</discussion_title>
<language>russian</language>
<gmt_offset></gmt_offset>
<topic_url>http://news.21.by/other-news/2016/08/30/1234684.html</topic_url>
<topic_text>
Семилетняя Хлое Смит, проживающая в Атланте (штат Джорджия, США), нашла в куче мусора золотую медаль Олимпийских игр 1992 года. Об этом во вторник, 30 августа, сообщает ABC News. Фото: Kimberly Green 
Девочка заметила что-то блестящее в груде мусора, когда проходила мимо с отцом неподалеку. Оказалось, она обнаружила золотую медаль Джо Джекоби, который в паре со Скоттом Стросбо победил в гонках на каноэ-двойке на Играх в Барселоне. Olympic Medalist &lt;&gt; @JoeJacobi visited &lt;&gt; @Woodson_Park 1st grader Chloe Smith 2 thank her 4 finding his lost
</topic_text>
<spam_score>0.00</spam_score>
<post_num>1</post_num>
<post_id>post-1</post_id>
<post_url>http://news.21.by/other-news/2016/08/30/1234684.html</post_url>
<post_date>20160830</post_date>
<post_time>1352</post_time>
<username></username>
<post>
Семилетняя Хлое Смит, проживающая в Атланте (штат Джорджия, США), нашла в куче мусора золотую медаль Олимпийских игр 1992 года. Об этом во вторник, 30 августа, сообщает ABC News. Фото: Kimberly Green 
Девочка заметила что-то блестящее в груде мусора, когда проходила мимо с отцом неподалеку. Оказалось, она обнаружила золотую медаль Джо Джекоби, который в паре со Скоттом Стросбо победил в гонках на каноэ-двойке на Играх в Барселоне. Olympic Medalist &lt;&gt; @JoeJacobi visited &lt;&gt; @Woodson_Park 1st grader Chloe Smith 2 thank her 4 finding his lost
</post>
<signature>

</signature>
<external_links>

</external_links>
<country>BY</country>
<main_image></main_image>
</document>
