<?xml version="1.0" encoding="UTF-8"?>
<document>
<type>mainstream</type>
<forum>http://www.intunemonthly.com/feed</forum>
<forum_title>In Tune Monthly</forum_title>
<discussion_title>Rachael Yamagata To Release Album On September 23</discussion_title>
<language>english</language>
<gmt_offset></gmt_offset>
<topic_url>http://www.intunemonthly.com/rachael-yamagata-to-release-album-on-september-23/</topic_url>
<topic_text>
Deb Galante Block 
Rachael Yamagata revels in the positive aftereffects of a breakup in the video for her new song, “Over,” according to RollingStone.com.In a video for the upbeat and orchestrally ornamented song, which will appear on her upcoming LP “Tightrope Walker,” due September 23 
In the video, Yamagata burns a letter from her lover, basks in the sunlight of an open field, stands in front of a sheet as white paint is thrown on her and gleefully pounds away at a piano. In the end, she pulls her hands off the instrument’s keys in relief. It’s a visual statement of liberation. 
“‘Over’ is that anthem of letting go and finally moving on with a wink and a healthy shrug of course,” she tells Rolling Stone. “Laura Crosta shot and directed the video in Woodstock, NY. The paint did come out … eventually.” 
She will be embarking on the “Tightrope Walker North American Tour” next month, shortly before she puts out the LP. It kicks off in Nashville on September 19th and wraps in Los Angeles on October 26, with stops in Canada and all across the U.S.  
</topic_text>
<spam_score>0.00</spam_score>
<post_num>1</post_num>
<post_id>post-1</post_id>
<post_url>http://www.intunemonthly.com/rachael-yamagata-to-release-album-on-september-23/</post_url>
<post_date>20160830</post_date>
<post_time>1405</post_time>
<username>Deb Galante Block</username>
<post>
Deb Galante Block 
Rachael Yamagata revels in the positive aftereffects of a breakup in the video for her new song, “Over,” according to RollingStone.com.In a video for the upbeat and orchestrally ornamented song, which will appear on her upcoming LP “Tightrope Walker,” due September 23 
In the video, Yamagata burns a letter from her lover, basks in the sunlight of an open field, stands in front of a sheet as white paint is thrown on her and gleefully pounds away at a piano. In the end, she pulls her hands off the instrument’s keys in relief. It’s a visual statement of liberation. 
“‘Over’ is that anthem of letting go and finally moving on with a wink and a healthy shrug of course,” she tells Rolling Stone. “Laura Crosta shot and directed the video in Woodstock, NY. The paint did come out … eventually.” 
She will be embarking on the “Tightrope Walker North American Tour” next month, shortly before she puts out the LP. It kicks off in Nashville on September 19th and wraps in Los Angeles on October 26, with stops in Canada and all across the U.S.  
</post>
<signature>

</signature>
<external_links>

</external_links>
<country>US</country>
<main_image></main_image>
</document>
