<?xml version="1.0" encoding="UTF-8"?>
<document>
<type>mainstream</type>
<forum>http://www.leonoticias.com/rss/atom/?seccion=ultima-hora</forum>
<forum_title>RSS de noticias de ultima-hora</forum_title>
<discussion_title>Vodafone y Orange, las mejores compañías en España</discussion_title>
<language>spanish</language>
<gmt_offset></gmt_offset>
<topic_url>http://www.leonoticias.com/tecnologia/internet/201608/30/vodafone-orange-mejores-companias-20160830165029-rc.html</topic_url>
<topic_text>
Vodafone y Orange, las mejores compañíña Madrid es la segunda ciudad más r La velocidad media de descarga en Madrid es má J. A. G. | € € 
Vodafone y Orange se alejan de Movistar como las mejores compañías de telefonía móvil en España en el primer semestre del año, segúña. 
En este nuevo informe, Rootmetrics ha analizado las redes de un total de seis ciudades españolas. A las ciudades habituales de anteriores trabajos (Madrid, Barcelona y Valencia), en esta ocasión se han sumado Bilbao, Mááragoza. 
Con la toma de 98.977 muestras, Vodafone y Orange han mejorado considerablemente en la mayoría de categorías analizadas, dejando en tercer lugar con cierta ventaja a la compañía presidida por José María Á 
En comparación con los datos del año pasado Orange mejoró mucho en Barcelona y Madrid y logró el primer lugar en las seis categorías (datos, fiabilidad de red, llamadas, velocidad mensajes de texto y rendimiento general). Movistar por vio cóías. 
Para evaluar la calidad de las redes de las cuatro operadoras, RootMetrics compra teléfonos de las distintas compañías telefónicas y les instala una aplicación móóvil. 
Más de 100.000 llamadas, datos y mensajes de texto tanto de día como de noche durante la primera mitad de 2016. Con teléfonos móviles comprados en las tiendas de las propias operadoras, las pruebas se llevaron a cabo en interiores de más de 200 lugares distintos, en zonas al aire libre y a lo largo de máómetros son los pasos previos al estudio de Rootmetrics. ña 
Una de las conclusiones del informe Rootscore es el liderazgo español en velocidad de descarga con los países de su entorno. Durante el anlisis, Vodafone registró una descarga media de 44,6 Mbps. 
Con esta velocidad, Madrid se sitúa como segunda ciudad del mundo en el ranking de rapidez en las descargas. La ciudad madrilea tan solo es superada por Seúl (Corea del Sur). 
La capital española supera asís o Nueva York.
</topic_text>
<spam_score>0.00</spam_score>
<post_num>1</post_num>
<post_id>post-1</post_id>
<post_url>http://www.leonoticias.com/tecnologia/internet/201608/30/vodafone-orange-mejores-companias-20160830165029-rc.html</post_url>
<post_date>20160830</post_date>
<post_time>1707</post_time>
<username></username>
<post>
Vodafone y Orange, las mejores compañíña Madrid es la segunda ciudad más r La velocidad media de descarga en Madrid es má J. A. G. | € € 
Vodafone y Orange se alejan de Movistar como las mejores compañías de telefonía móvil en España en el primer semestre del año, segúña. 
En este nuevo informe, Rootmetrics ha analizado las redes de un total de seis ciudades españolas. A las ciudades habituales de anteriores trabajos (Madrid, Barcelona y Valencia), en esta ocasión se han sumado Bilbao, Mááragoza. 
Con la toma de 98.977 muestras, Vodafone y Orange han mejorado considerablemente en la mayoría de categorías analizadas, dejando en tercer lugar con cierta ventaja a la compañía presidida por José María Á 
En comparación con los datos del año pasado Orange mejoró mucho en Barcelona y Madrid y logró el primer lugar en las seis categorías (datos, fiabilidad de red, llamadas, velocidad mensajes de texto y rendimiento general). Movistar por vio cóías. 
Para evaluar la calidad de las redes de las cuatro operadoras, RootMetrics compra teléfonos de las distintas compañías telefónicas y les instala una aplicación móóvil. 
Más de 100.000 llamadas, datos y mensajes de texto tanto de día como de noche durante la primera mitad de 2016. Con teléfonos móviles comprados en las tiendas de las propias operadoras, las pruebas se llevaron a cabo en interiores de más de 200 lugares distintos, en zonas al aire libre y a lo largo de máómetros son los pasos previos al estudio de Rootmetrics. ña 
Una de las conclusiones del informe Rootscore es el liderazgo español en velocidad de descarga con los países de su entorno. Durante el anlisis, Vodafone registró una descarga media de 44,6 Mbps. 
Con esta velocidad, Madrid se sitúa como segunda ciudad del mundo en el ranking de rapidez en las descargas. La ciudad madrilea tan solo es superada por Seúl (Corea del Sur). 
La capital española supera asís o Nueva York.
</post>
<signature>

</signature>
<external_links>

</external_links>
<country>ES</country>
<main_image>http://www.leonoticias.com/RC/201608/30/media/cortadas/fibra-reutersOK-kuvB-U202585836764lDB-575x323@RC.jpg</main_image>
</document>
