<?xml version="1.0" encoding="UTF-8"?>
<document>
<type>mainstream</type>
<forum>http://www.figyel.hu/rss.xml</forum>
<forum_title>[figyel.hu] - Hírek, percről percre. - RSS szolgáltatás</forum_title>
<discussion_title>Nem adták el a Népszabit</discussion_title>
<language>hungarian</language>
<gmt_offset></gmt_offset>
<topic_url>http://www.figyel.hu/hirek/nem-adtak-el-a-nepszabit</topic_url>
<topic_text>
Nem adták el a Népszabit   Közleményben cáfolta kedden a Mediaworks Zrt., hogy megállapodtak volna egyes médiumaik értékesítéséről; az előző napokban a hazai sajtóban több értesülés jelent meg arról, hogy a Duna Aszfalt Kft. vásárolná meg a Népszabadságot és a kiadó által nemrég megszerzett Pannon Lapok Társaságát. tovább&gt;&gt;
</topic_text>
<spam_score>0.00</spam_score>
<post_num>1</post_num>
<post_id>post-1</post_id>
<post_url>http://www.figyel.hu/hirek/nem-adtak-el-a-nepszabit</post_url>
<post_date>20160830</post_date>
<post_time>1453</post_time>
<username></username>
<post>
Nem adták el a Népszabit   Közleményben cáfolta kedden a Mediaworks Zrt., hogy megállapodtak volna egyes médiumaik értékesítéséről; az előző napokban a hazai sajtóban több értesülés jelent meg arról, hogy a Duna Aszfalt Kft. vásárolná meg a Népszabadságot és a kiadó által nemrég megszerzett Pannon Lapok Társaságát. tovább&gt;&gt;
</post>
<signature>

</signature>
<external_links>

</external_links>
<country>HU</country>
<main_image>http://www.figyel.hu/image/logo/logo_120x240.gif</main_image>
</document>
