<?xml version="1.0" encoding="UTF-8"?>
<document>
<type>mainstream</type>
<forum>http://www.st.nu/feed/</forum>
<forum_title>Senaste nyheterna på st.nu</forum_title>
<discussion_title>Nu blommar det i Elin Westmans trädgård – inspireras av gården runt stenhuset</discussion_title>
<language>swedish</language>
<gmt_offset></gmt_offset>
<topic_url>http://www.st.nu/bostadspuls/nu-blommar-det-i-elin-westmans-tradgard-inspireras-av-garden-runt-stenhuset</topic_url>
<topic_text>
Nu blommar det i Elin Westmans trädgård – inspireras av gården runt stenhuset + 0 delningar 
Nu står Casa Piedra i full blom. Trädgårdsinspiratören Elin Westman beskriver sin trädgård som mycket formstark och med en sparsmakad elegans med asiatisk touch. Gården runt stenhuset på Skönsmon har förvandlats till en vacker trädgård. Nu står de sista blommorna för säsongen i blom. En passionsblomma lyser med starka färger. Håkan Humla Queen Elisabeth är en klassiker bland trädgårdsrosor. Håkan Humla En uteplats med &quot;tryggt i ryggen&quot; för rofyllda stunder. Håkan Humla Månskensrummet. Vit singel lyser upp i skymningen. Tegelmuren kom till av en slump. Håkan Humla Stora och små blommor mot husväggen. Håkan Humla Elin Westmans trädgård innehåller färger och former. Håkan Humla En vattenspegel med blåsta glasbubblor är det senaste projektet. Håkan Humla
</topic_text>
<spam_score>0.00</spam_score>
<post_num>1</post_num>
<post_id>post-1</post_id>
<post_url>http://www.st.nu/bostadspuls/nu-blommar-det-i-elin-westmans-tradgard-inspireras-av-garden-runt-stenhuset</post_url>
<post_date>20160830</post_date>
<post_time>1503</post_time>
<username></username>
<post>
Nu blommar det i Elin Westmans trädgård – inspireras av gården runt stenhuset + 0 delningar 
Nu står Casa Piedra i full blom. Trädgårdsinspiratören Elin Westman beskriver sin trädgård som mycket formstark och med en sparsmakad elegans med asiatisk touch. Gården runt stenhuset på Skönsmon har förvandlats till en vacker trädgård. Nu står de sista blommorna för säsongen i blom. En passionsblomma lyser med starka färger. Håkan Humla Queen Elisabeth är en klassiker bland trädgårdsrosor. Håkan Humla En uteplats med &quot;tryggt i ryggen&quot; för rofyllda stunder. Håkan Humla Månskensrummet. Vit singel lyser upp i skymningen. Tegelmuren kom till av en slump. Håkan Humla Stora och små blommor mot husväggen. Håkan Humla Elin Westmans trädgård innehåller färger och former. Håkan Humla En vattenspegel med blåsta glasbubblor är det senaste projektet. Håkan Humla
</post>
<signature>

</signature>
<external_links>

</external_links>
<country>NU</country>
<main_image>http://images.mmcloud.se/api/v1/images/57ed287a-58bc-5aa1-82e3-d7844a3c4daf/1200.jpg</main_image>
</document>
