<?xml version="1.0" encoding="UTF-8"?>
<document>
<type>mainstream</type>
<forum>http://www.romandie.com/rss/flux.xml</forum>
<forum_title>Romandie</forum_title>
<discussion_title>Attention aux factures factices pour des logiciels de bureautique</discussion_title>
<language>french</language>
<gmt_offset></gmt_offset>
<topic_url>http://www.romandie.com/news/Attention-aux-factures-factices-pour-des-logiciels-de-bureautique/732447.rom</topic_url>
<topic_text>
Tweet Attention aux factures factices pour des logiciels de bureautique Le Secrétariat d’État à l’économie (SECO) reçoit actuellement un nombre croissant d’annonces concernant des supposées factures pour des commandes de logiciels. Les factures sont envoyées par courrier postal à des entreprises et des institutions en Suisse, alors que ces dernières n’ont pas passé de commande correspondante. Ces factures sont envoyées soit sous le nom «Office World» par une entreprise qui semble avoir son siège à Barcelone et renvoie au site internet www.officeworldonline.com, soit sous le nom de «Office Max», avec siège au Monténégro, site internet www.officemaxonline.com. Les courriers au format A4 comportent certes un numéro de référence ainsi que le nom d’une personne de référence dans l’entreprise destinataire, mais les factures sont fallacieuses et sans objet, les commandes n’ayant pas été passées ni les marchandises reçues. Selon les conditions générales au verso du courrier, la facture ne constitue en réalité qu’une offre, et le paiement de la facture équivaut à l’acceptation de cette offre. Le SECO recommande par conséquent aux personnes qui reçoivent ces factures de ne pas les payer. Renseignements: SECO, Organisation, droit et accréditation, secteur Droit, tél. +41 58 462 28 14(Admin.ch / 30.08.2016 16h59)Pour lire cette news dans son intégralité, veuillez cliquer ici .
</topic_text>
<spam_score>0.00</spam_score>
<post_num>1</post_num>
<post_id>post-1</post_id>
<post_url>http://www.romandie.com/news/Attention-aux-factures-factices-pour-des-logiciels-de-bureautique/732447.rom</post_url>
<post_date>20160830</post_date>
<post_time>1459</post_time>
<username></username>
<post>
Tweet Attention aux factures factices pour des logiciels de bureautique Le Secrétariat d’État à l’économie (SECO) reçoit actuellement un nombre croissant d’annonces concernant des supposées factures pour des commandes de logiciels. Les factures sont envoyées par courrier postal à des entreprises et des institutions en Suisse, alors que ces dernières n’ont pas passé de commande correspondante. Ces factures sont envoyées soit sous le nom «Office World» par une entreprise qui semble avoir son siège à Barcelone et renvoie au site internet www.officeworldonline.com, soit sous le nom de «Office Max», avec siège au Monténégro, site internet www.officemaxonline.com. Les courriers au format A4 comportent certes un numéro de référence ainsi que le nom d’une personne de référence dans l’entreprise destinataire, mais les factures sont fallacieuses et sans objet, les commandes n’ayant pas été passées ni les marchandises reçues. Selon les conditions générales au verso du courrier, la facture ne constitue en réalité qu’une offre, et le paiement de la facture équivaut à l’acceptation de cette offre. Le SECO recommande par conséquent aux personnes qui reçoivent ces factures de ne pas les payer. Renseignements: SECO, Organisation, droit et accréditation, secteur Droit, tél. +41 58 462 28 14(Admin.ch / 30.08.2016 16h59)Pour lire cette news dans son intégralité, veuillez cliquer ici .
</post>
<signature>

</signature>
<external_links>

</external_links>
<country>CH</country>
<main_image></main_image>
</document>
