<?xml version="1.0" encoding="UTF-8"?>
<document>
<type>mainstream</type>
<forum></forum>
<forum_title></forum_title>
<discussion_title>Forum für Spediteure - Transportunternehmer - Versender und Verlader - Forum-Speditionen | Das größte Forum der Transportbranche</discussion_title>
<language>german</language>
<gmt_offset></gmt_offset>
<topic_url>http://www.forum-speditionen.de/board/138-forum-fuer-spediteure-transportunternehmer-versender-und-verlader/?s=a236519138e27f775467ed84207524ad171cdfe8</topic_url>
<topic_text>
Forum für Spediteure - Transportunternehmer - Versender und Verlader 
Fragen und Meinungen im Bereich Landtransporte national und international Diese Seite verwendet Cookies. Durch die Nutzung unserer Seite erklären Sie sich damit einverstanden, dass wir Cookies setzen. Weitere Informationen 1 Seite 1 von 77 
</topic_text>
<spam_score>0.06</spam_score>
<post_num>1</post_num>
<post_id>post-1</post_id>
<post_url>http://www.forum-speditionen.de/board/138-forum-fuer-spediteure-transportunternehmer-versender-und-verlader/?s=a236519138e27f775467ed84207524ad171cdfe8</post_url>
<post_date>20160818</post_date>
<post_time></post_time>
<username></username>
<post>
Forum für Spediteure - Transportunternehmer - Versender und Verlader 
Fragen und Meinungen im Bereich Landtransporte national und international Diese Seite verwendet Cookies. Durch die Nutzung unserer Seite erklären Sie sich damit einverstanden, dass wir Cookies setzen. Weitere Informationen 1 Seite 1 von 77 
</post>
<signature>

</signature>
<external_links>

</external_links>
<country>DE</country>
<main_image></main_image>
</document>
