<?xml version="1.0" encoding="UTF-8"?>
<document>
<type>mainstream</type>
<forum>http://www.agencianova.com/rssnotas.asp?id=10</forum>
<forum_title>Agencia NOVA - Municipios</forum_title>
<discussion_title>Solicitan apertura de refugios para mujeres víctimas de Violencia de Género frente al municipio</discussion_title>
<language>spanish</language>
<gmt_offset></gmt_offset>
<topic_url>http://www.agencianova.com/nota.asp?n=2016_8_30&amp;id=52071&amp;id_tiponota=10</topic_url>
<topic_text>
Solicitan apertura de refugios para mujeres víctimas de Violencia de Género frente al municipio Vilma Ripoll, referente del Movimiento Socialista de los Trabajadores. (Foto: NOVA) Foto 1 de 4 Sabrina, la joven que busca recuperar a su hija. (Foto: NOVA) Foto 2 de 4 Vilma Ripoll, referente del Movimiento Socialista de los Trabajadores. (Foto: NOVA) Foto 3 de 4 Vilma Ripoll, referente del Movimiento Socialista de los Trabajadores. (Foto: NOVA) Foto 4 de 4 
El Movimiento Socialista de los Trabajadores y las mujeres de Juntas y a la Izquierda junto a la referente del MST, Vilma Ana Ripoll , pidieron frente a la Municipalidad de La Plata por refugios para mujeres víctimas de Violencia de Género y por una solución para Sabrina. 
En diálogo con NOVA , Ripoll indicó: “La frecuencia de los casos, incluso acá en La Plata, le tiene que hacer pensar al poder político si van a seguir mirando para otro lado o van a tomar resoluciones concretas que tienen que ver con presupuesto. Porque pueden sacar muchas leyes como sacaron de emergencia pero si no tiene presupuesto no sirve para nada”. 
Además y en esa misma línea “tiene que tener control social porque después los presupuestos van a parar a cualquier otro rubro aunque estén destinados al tema de Violencia de Género, se está muriendo por femicidio una mujer cada 26/30 horas. Esa situación nos tiene que hacer ver donde puede ir una mujer después de denunciar, porque si no tiene que volver a la casa del violento y ahí tiene más riesgo de femicidio que antes de ir”. 
Según lo que dice la ONU “tendría que haber un refugio cada diez mil habitantes, es decir que acá en La Plata tendría que haber 50 y no hay ninguno. Venimos a pedir que por lo menos hagan uno”. 
“Si vos no tenés a donde mandar a la gente después que atendés el caso, la dejas en la calle y hace lo que puede la mujer, y no podemos permitir eso porque lo que sigue es la muerte, para ellas y sus hijos”, remarcó Ripoll. 
Caso Sabrina 
Hubo reclamos por la situación de la joven Sabrina de 22 años, a la que le sacaron su hija y le dieron la tenencia al padre violente. “Nosotros vamos a pedir toda la colaboración porque en ella simbolizamos todos los casos que hay en La Plata y en el país”, sentenció Vilma Ripoll. 
En comunicación con NOVA , Sabrina dijo que “estoy pidiendo que el Estado y la Justicia de un poco más de bolilla a lo que es la Violencia de Género porque a través de eso la estoy pasando, y no puedo tener a mi nena con discapacidad. La tiene el padre y es una persona que estuvo presa por homicidio y hoy en día tiene un arresto domiciliario gracias a mi hija porque el Estado se la da. No la puedo ver porque la tiene él, me amenaza”. 
“Lo único que quiero es volver a tener a mi hija y que se empiecen a dar cuenta que la Violencia de Género se les está yendo de las manos hasta a la Justicia, porque la vienen defendiendo mucho”, afirmó Sabrina. Lectores: 1350
</topic_text>
<spam_score>0.00</spam_score>
<post_num>1</post_num>
<post_id>post-1</post_id>
<post_url>http://www.agencianova.com/nota.asp?n=2016_8_30&amp;id=52071&amp;id_tiponota=10</post_url>
<post_date>20160829</post_date>
<post_time>1513</post_time>
<username></username>
<post>
Solicitan apertura de refugios para mujeres víctimas de Violencia de Género frente al municipio Vilma Ripoll, referente del Movimiento Socialista de los Trabajadores. (Foto: NOVA) Foto 1 de 4 Sabrina, la joven que busca recuperar a su hija. (Foto: NOVA) Foto 2 de 4 Vilma Ripoll, referente del Movimiento Socialista de los Trabajadores. (Foto: NOVA) Foto 3 de 4 Vilma Ripoll, referente del Movimiento Socialista de los Trabajadores. (Foto: NOVA) Foto 4 de 4 
El Movimiento Socialista de los Trabajadores y las mujeres de Juntas y a la Izquierda junto a la referente del MST, Vilma Ana Ripoll , pidieron frente a la Municipalidad de La Plata por refugios para mujeres víctimas de Violencia de Género y por una solución para Sabrina. 
En diálogo con NOVA , Ripoll indicó: “La frecuencia de los casos, incluso acá en La Plata, le tiene que hacer pensar al poder político si van a seguir mirando para otro lado o van a tomar resoluciones concretas que tienen que ver con presupuesto. Porque pueden sacar muchas leyes como sacaron de emergencia pero si no tiene presupuesto no sirve para nada”. 
Además y en esa misma línea “tiene que tener control social porque después los presupuestos van a parar a cualquier otro rubro aunque estén destinados al tema de Violencia de Género, se está muriendo por femicidio una mujer cada 26/30 horas. Esa situación nos tiene que hacer ver donde puede ir una mujer después de denunciar, porque si no tiene que volver a la casa del violento y ahí tiene más riesgo de femicidio que antes de ir”. 
Según lo que dice la ONU “tendría que haber un refugio cada diez mil habitantes, es decir que acá en La Plata tendría que haber 50 y no hay ninguno. Venimos a pedir que por lo menos hagan uno”. 
“Si vos no tenés a donde mandar a la gente después que atendés el caso, la dejas en la calle y hace lo que puede la mujer, y no podemos permitir eso porque lo que sigue es la muerte, para ellas y sus hijos”, remarcó Ripoll. 
Caso Sabrina 
Hubo reclamos por la situación de la joven Sabrina de 22 años, a la que le sacaron su hija y le dieron la tenencia al padre violente. “Nosotros vamos a pedir toda la colaboración porque en ella simbolizamos todos los casos que hay en La Plata y en el país”, sentenció Vilma Ripoll. 
En comunicación con NOVA , Sabrina dijo que “estoy pidiendo que el Estado y la Justicia de un poco más de bolilla a lo que es la Violencia de Género porque a través de eso la estoy pasando, y no puedo tener a mi nena con discapacidad. La tiene el padre y es una persona que estuvo presa por homicidio y hoy en día tiene un arresto domiciliario gracias a mi hija porque el Estado se la da. No la puedo ver porque la tiene él, me amenaza”. 
“Lo único que quiero es volver a tener a mi hija y que se empiecen a dar cuenta que la Violencia de Género se les está yendo de las manos hasta a la Justicia, porque la vienen defendiendo mucho”, afirmó Sabrina. Lectores: 1350
</post>
<signature>

</signature>
<external_links>

</external_links>
<country>US</country>
<main_image>http://www.agencianova.com/data/fotos2/bbx_491031318_IMG_20160829_110636772.jpg</main_image>
</document>
