<?xml version="1.0" encoding="UTF-8"?>
<document>
<type>mainstream</type>
<forum>http://news.21.by/pub/rss/discuss.rss</forum>
<forum_title>Рейтинг обсуждаемых новостей 21.by</forum_title>
<discussion_title>На беларуска-польскай мяжы затрымалі расіяніна, які вёз небяспечныя наркотыкі</discussion_title>
<language>belarusian</language>
<gmt_offset></gmt_offset>
<topic_url>http://news.21.by/other-news/2016/08/30/1234702.html</topic_url>
<topic_text>
A Фота: brest.customs.gov.by 
На беларуска-польскай мяжы затрымалі расіяніна, які вёз асабліва небяспечныя наркотыкі. Здарэнне адбылося ў Рэспубліканскім пункце мытнага афармлення &quot;Варшаўскі мост&quot;. Беларускімі мытнікамі правяраўся пасажырскі аўтобус &quot;Аахен — Армавір&quot;. 
Як інфармуе &lt;&gt; прэс-служба Брэсцкай мытні, супрацоўнікі кіналагічнай службы знайшлі сярод асабістых рэчаў 37-гадовага грамадзяніна Расіі 7 пакецікаў з падазроным рэчывам. На іх зрэагаваў службовы сабака. Эксперты засведчылі, што выяўленыя асабліва небяспечныя наркалагічныя сродкі — гераін, монаацэтылмарфін і ацэтылкадэін. 
Распачатая крымінальная справа. За незаконнае перамяшчэнне праз мяжу наркотыкаў замежніку пагражае ад 5 да 10 гадоў пазбаўлення волі.
</topic_text>
<spam_score>0.00</spam_score>
<post_num>1</post_num>
<post_id>post-1</post_id>
<post_url>http://news.21.by/other-news/2016/08/30/1234702.html</post_url>
<post_date>20160830</post_date>
<post_time>1455</post_time>
<username></username>
<post>
A Фота: brest.customs.gov.by 
На беларуска-польскай мяжы затрымалі расіяніна, які вёз асабліва небяспечныя наркотыкі. Здарэнне адбылося ў Рэспубліканскім пункце мытнага афармлення &quot;Варшаўскі мост&quot;. Беларускімі мытнікамі правяраўся пасажырскі аўтобус &quot;Аахен — Армавір&quot;. 
Як інфармуе &lt;&gt; прэс-служба Брэсцкай мытні, супрацоўнікі кіналагічнай службы знайшлі сярод асабістых рэчаў 37-гадовага грамадзяніна Расіі 7 пакецікаў з падазроным рэчывам. На іх зрэагаваў службовы сабака. Эксперты засведчылі, што выяўленыя асабліва небяспечныя наркалагічныя сродкі — гераін, монаацэтылмарфін і ацэтылкадэін. 
Распачатая крымінальная справа. За незаконнае перамяшчэнне праз мяжу наркотыкаў замежніку пагражае ад 5 да 10 гадоў пазбаўлення волі.
</post>
<signature>

</signature>
<external_links>

</external_links>
<country>BY</country>
<main_image></main_image>
</document>
