<?xml version="1.0" encoding="UTF-8"?>
<document>
<type>mainstream</type>
<forum>http://ijevsk.bezformata.ru/rss.xml</forum>
<forum_title>Новости города БезФормата.Ru Удмуртская Республика Ижевск</forum_title>
<discussion_title>Дмитрий Медведев: решение о повышении пенсионного возраста еще не приняли</discussion_title>
<language>russian</language>
<gmt_offset></gmt_offset>
<topic_url>http://ijevsk.bezformata.ru/listnews/reshenie-o-povishenii-pensionnogo-vozrasta/49993461/</topic_url>
<topic_text>
  
Премьер-министр страны отметил, что необходимость этой меры всё ещё обсуждается. 
Москва. Россия. Премьер-министр России Дмитрий Медведев рассказал, что никаких решений о повышении пенсионного возраста в стране не принималось. Об этом пишет RT . 
При этом председатель правительства отметил, что повышение пенсионного возраста негативно оценивают 90% россиян, однако необходимость этой меры всё ещё обсуждается. 
В качестве одного из аргументов в защиту этих действий он привёл увеличение средней продолжительности жизни. Так, у мужчин она достигла уже 67 лет, хотя ранее не превышала 59.
</topic_text>
<spam_score>0.00</spam_score>
<post_num>1</post_num>
<post_id>post-1</post_id>
<post_url>http://ijevsk.bezformata.ru/listnews/reshenie-o-povishenii-pensionnogo-vozrasta/49993461/</post_url>
<post_date>20160830</post_date>
<post_time>1501</post_time>
<username></username>
<post>
  
Премьер-министр страны отметил, что необходимость этой меры всё ещё обсуждается. 
Москва. Россия. Премьер-министр России Дмитрий Медведев рассказал, что никаких решений о повышении пенсионного возраста в стране не принималось. Об этом пишет RT . 
При этом председатель правительства отметил, что повышение пенсионного возраста негативно оценивают 90% россиян, однако необходимость этой меры всё ещё обсуждается. 
В качестве одного из аргументов в защиту этих действий он привёл увеличение средней продолжительности жизни. Так, у мужчин она достигла уже 67 лет, хотя ранее не превышала 59.
</post>
<signature>

</signature>
<external_links>

</external_links>
<country>RU</country>
<main_image>http://ijevsk.bezformata.ru/content/image204334953.jpg</main_image>
</document>
