<?xml version="1.0" encoding="UTF-8"?>
<document>
<type>mainstream</type>
<forum>http://library.smu.edu.sg/news/rss/all</forum>
<forum_title>Latest News</forum_title>
<discussion_title>Thukhuma Collection @ Library</discussion_title>
<language>english</language>
<gmt_offset></gmt_offset>
<topic_url>http://library.smu.edu.sg/news/2016/aug/26/thukhuma-collection-library</topic_url>
<topic_text>
next › 26 Aug 2016 
A collection of contemporary paintings that explore art, culture, education and politics in Myanmar have been on display in the library since the start of Term 1, August 2016. 
The paintings are part of the Thukhuma collection and are on loan from Professor Ian Holliday, Vice-President and Pro-Vice-Chancellor (Teaching and Learning) at the University of Hong Kong. 
The paintings were officially launched at the annual Back to School Reception held at the Hive on 26 August 2016. 
Professor Ian Holliday with Shwe Thein&apos;s &quot;Rakhine Sailboats (2014)&quot;. 
The paintings are on a five-year loan to the university, and are on display on Level 4 of Li Ka Shing Library. Another selection from the collection is also on display at the School of Social Sciences . 
View the gallery here . Last updated on 30 Aug 2016 . SMU FACEBOOK
</topic_text>
<spam_score>0.00</spam_score>
<post_num>1</post_num>
<post_id>post-1</post_id>
<post_url>http://library.smu.edu.sg/news/2016/aug/26/thukhuma-collection-library</post_url>
<post_date>20160826</post_date>
<post_time>0800</post_time>
<username>[field_first_name] [field_last_name], [field_department]</username>
<post>
next › 26 Aug 2016 
A collection of contemporary paintings that explore art, culture, education and politics in Myanmar have been on display in the library since the start of Term 1, August 2016. 
The paintings are part of the Thukhuma collection and are on loan from Professor Ian Holliday, Vice-President and Pro-Vice-Chancellor (Teaching and Learning) at the University of Hong Kong. 
The paintings were officially launched at the annual Back to School Reception held at the Hive on 26 August 2016. 
Professor Ian Holliday with Shwe Thein&apos;s &quot;Rakhine Sailboats (2014)&quot;. 
The paintings are on a five-year loan to the university, and are on display on Level 4 of Li Ka Shing Library. Another selection from the collection is also on display at the School of Social Sciences . 
View the gallery here . Last updated on 30 Aug 2016 . SMU FACEBOOK
</post>
<signature>

</signature>
<external_links>

</external_links>
<country>SG</country>
<main_image></main_image>
</document>
