<?xml version="1.0" encoding="UTF-8"?>
<document>
<type>mainstream</type>
<forum>http://finegoldjewelry.org/feed</forum>
<forum_title></forum_title>
<discussion_title>How to make a MATCHBOX JEWELLERY DRAWERS – simplekidscrafts</discussion_title>
<language>english</language>
<gmt_offset></gmt_offset>
<topic_url>http://finegoldjewelry.org/how-to-make-a-matchbox-jewellery-drawers-simplekidscrafts/</topic_url>
<topic_text>
Home → Jewelry Videos → How to make a MATCHBOX JEWELLERY DRAWERS – simplekidscrafts Post navigation How to make a MATCHBOX JEWELLERY DRAWERS – simplekidscrafts Posted on 
In this episode we show you how to make a matchbox precious jewelry cabinet 
For additional information regarding this tutorial see: 
and also English: 
Basic Kids Crafts (www.simplekidscrafts.com) is a video blog dedicated to kids&apos;s arts and also crafts, along with sharing craft recipes and also experiments. We provide simple as well as simple crafts with step by step directions, coloring pages, institution resources, academic products, arts and scientific research jobs for children, moms and dads as well as educators … as well as all for FREE! 
with a concentrate on crafts for pre-school, preschool and elementary crafts. 
Make easy, simple crafts, specifically made for kids, with paper, pompoms, points easy to locate at home as well as recycled materials. ornamental as well as practical crafts, including paint, functional playthings, presents, cards, very easy jobs and also suggestions, puppet programs, albums, scrapbooking as well as fashion jewelry. In addition experiments for youngsters thinking about science. Basic Youngsters Crafts is a DIY video clip blog where we discuss General Do It Yourself, Crafts, Doll Crafts for (Beast High, Barbie, Winx, My Little Horse, American Woman, Ever before High, Polly Pocket and also Lalaloopsy), Teen/ Tween Do It Yourself Tutorials, Plaything Reviews, gifts, cards &amp; far more. We include crafts made out of recycled as well as Environment-friendly products, With numerous video clips that are 5 minutes or much less, simplekidscrafts is a YouTube network that has Do It Yourself for everyone. Most of the crafts are easy, quick, simple, inexpensive &amp; totally cost-free, so take a look at our other video clips !!! 
Follow me on:
</topic_text>
<spam_score>0.00</spam_score>
<post_num>1</post_num>
<post_id>post-1</post_id>
<post_url>http://finegoldjewelry.org/how-to-make-a-matchbox-jewellery-drawers-simplekidscrafts/</post_url>
<post_date>20160830</post_date>
<post_time>1044</post_time>
<username>Rolf Joho</username>
<post>
Home → Jewelry Videos → How to make a MATCHBOX JEWELLERY DRAWERS – simplekidscrafts Post navigation How to make a MATCHBOX JEWELLERY DRAWERS – simplekidscrafts Posted on 
In this episode we show you how to make a matchbox precious jewelry cabinet 
For additional information regarding this tutorial see: 
and also English: 
Basic Kids Crafts (www.simplekidscrafts.com) is a video blog dedicated to kids&apos;s arts and also crafts, along with sharing craft recipes and also experiments. We provide simple as well as simple crafts with step by step directions, coloring pages, institution resources, academic products, arts and scientific research jobs for children, moms and dads as well as educators … as well as all for FREE! 
with a concentrate on crafts for pre-school, preschool and elementary crafts. 
Make easy, simple crafts, specifically made for kids, with paper, pompoms, points easy to locate at home as well as recycled materials. ornamental as well as practical crafts, including paint, functional playthings, presents, cards, very easy jobs and also suggestions, puppet programs, albums, scrapbooking as well as fashion jewelry. In addition experiments for youngsters thinking about science. Basic Youngsters Crafts is a DIY video clip blog where we discuss General Do It Yourself, Crafts, Doll Crafts for (Beast High, Barbie, Winx, My Little Horse, American Woman, Ever before High, Polly Pocket and also Lalaloopsy), Teen/ Tween Do It Yourself Tutorials, Plaything Reviews, gifts, cards &amp; far more. We include crafts made out of recycled as well as Environment-friendly products, With numerous video clips that are 5 minutes or much less, simplekidscrafts is a YouTube network that has Do It Yourself for everyone. Most of the crafts are easy, quick, simple, inexpensive &amp; totally cost-free, so take a look at our other video clips !!! 
Follow me on:
</post>
<signature>

</signature>
<external_links>

</external_links>
<country>US</country>
<main_image></main_image>
</document>
