<?xml version="1.0" encoding="UTF-8"?>
<document>
<type>mainstream</type>
<forum></forum>
<forum_title></forum_title>
<discussion_title>Editorial cartoon of the day</discussion_title>
<language>english</language>
<gmt_offset></gmt_offset>
<topic_url>http://www.dailynews.com/opinion/20160830/editorial-cartoon-of-the-day</topic_url>
<topic_text>
Editorial cartoon of the day By Dave Granlund/PoliticalCartoons.com 
</topic_text>
<spam_score>0.76</spam_score>
<post_num>1</post_num>
<post_id>post-1</post_id>
<post_url>http://www.dailynews.com/opinion/20160830/editorial-cartoon-of-the-day</post_url>
<post_date>20160830</post_date>
<post_time></post_time>
<username></username>
<post>
Editorial cartoon of the day By Dave Granlund/PoliticalCartoons.com 
</post>
<signature>

</signature>
<external_links>

</external_links>
<country>US</country>
<main_image>http://www.dailynews.com/apps/pbcsi.dll/storyimage/LA/20160830/LOCAL1/160839992/AR/0/AR-160839992.jpg?Maxh=1500&amp;Maxw=1500</main_image>
</document>
