<?xml version="1.0" encoding="UTF-8"?>
<document>
<type>mainstream</type>
<forum>http://dwtonline.com/rss/rss-feed/</forum>
<forum_title>DWTonline.com</forum_title>
<discussion_title>Combé Markt weerspreekt woekertoeslag</discussion_title>
<language>dutch</language>
<gmt_offset></gmt_offset>
<topic_url>http://www.dwtonline.com/laatste-nieuws/2016/08/30/combe-markt-weerspreekt-woekertoeslag/</topic_url>
<topic_text>
30/08/2016 09:08 - Ivan Cairo 
PARAMARIBO - Combé Markt ontkent met klem ooit goederen aan het ministerie van Justitie en Politie (JusPol) of enig ander ministerie of overheidsinstantie voor een toeslag van meer dan 50 procent op de winkelprijs te hebben verkocht. In een rapport van de Centrale Landsaccountantsdienst (Clad) dat begin dit jaar naar de leiding van JusPol is gestuurd, staat dat dit ministerie gemiddeld 120 procent meer heeft betaald voor goederen die bij Combé Markt zijn gekocht. 
&quot;Dat is nog nooit gebeurd. Ondanks de zeer slechte situatie op dit moment hanteren we deze marge niet. Dit berust niet op waaarheid&quot;, zegt directielid Sharmila Lauthoe. Uit een scala aan facturen en bestelbonnen blijkt dat de gehanteerde toeslag tussen de 20 en 30 procent boven de winkelprijs ligt. &quot;We zijn maar één keer tot een marge van 50 procent gegaan, maar dat heeft slechts drie dagen geduurd&quot;, zegt het directielid. &quot;Daarom zit het ons dwars dat de Clad dit schrijft&quot;, voegt de manager eraan toe. 
De Clad stelt in het rapport dat negentien transacties van Combé Markt zijn getoetst op de verhouding winkel-/factuurprijs. Het gaat om de aankoop van onder andere airconditioningsapparaten, matrassen, een tv-toestel, locker en kopieerapparaat. Het prijsverschil bij het kopieerapparaat bedroeg 258 procent en bij de airco&apos;s varieerde dat tussen de 120 en 178 procent. 
Het onderzoek is gedaan in opdracht van minister Gillmore Hoefdraad van Financiën, &quot;omdat hij na analyse van de betaalinformatie tot de conclusie gekomen is dat er binnen de overheid abnormaal veel bestedingen worden gedaan voor bedragen beneden SRD. 4000&quot;. Hiervoor wordt gekozen om de gang naar de ministerraad te voorkomen. Voor aanschaf van goederen boven de SRSD 4000 is toestemming van de raad van ministers vereist.
</topic_text>
<spam_score>0.00</spam_score>
<post_num>1</post_num>
<post_id>post-1</post_id>
<post_url>http://www.dwtonline.com/laatste-nieuws/2016/08/30/combe-markt-weerspreekt-woekertoeslag/</post_url>
<post_date>20160830</post_date>
<post_time>0908</post_time>
<username></username>
<post>
30/08/2016 09:08 - Ivan Cairo 
PARAMARIBO - Combé Markt ontkent met klem ooit goederen aan het ministerie van Justitie en Politie (JusPol) of enig ander ministerie of overheidsinstantie voor een toeslag van meer dan 50 procent op de winkelprijs te hebben verkocht. In een rapport van de Centrale Landsaccountantsdienst (Clad) dat begin dit jaar naar de leiding van JusPol is gestuurd, staat dat dit ministerie gemiddeld 120 procent meer heeft betaald voor goederen die bij Combé Markt zijn gekocht. 
&quot;Dat is nog nooit gebeurd. Ondanks de zeer slechte situatie op dit moment hanteren we deze marge niet. Dit berust niet op waaarheid&quot;, zegt directielid Sharmila Lauthoe. Uit een scala aan facturen en bestelbonnen blijkt dat de gehanteerde toeslag tussen de 20 en 30 procent boven de winkelprijs ligt. &quot;We zijn maar één keer tot een marge van 50 procent gegaan, maar dat heeft slechts drie dagen geduurd&quot;, zegt het directielid. &quot;Daarom zit het ons dwars dat de Clad dit schrijft&quot;, voegt de manager eraan toe. 
De Clad stelt in het rapport dat negentien transacties van Combé Markt zijn getoetst op de verhouding winkel-/factuurprijs. Het gaat om de aankoop van onder andere airconditioningsapparaten, matrassen, een tv-toestel, locker en kopieerapparaat. Het prijsverschil bij het kopieerapparaat bedroeg 258 procent en bij de airco&apos;s varieerde dat tussen de 120 en 178 procent. 
Het onderzoek is gedaan in opdracht van minister Gillmore Hoefdraad van Financiën, &quot;omdat hij na analyse van de betaalinformatie tot de conclusie gekomen is dat er binnen de overheid abnormaal veel bestedingen worden gedaan voor bedragen beneden SRD. 4000&quot;. Hiervoor wordt gekozen om de gang naar de ministerraad te voorkomen. Voor aanschaf van goederen boven de SRSD 4000 is toestemming van de raad van ministers vereist.
</post>
<signature>

</signature>
<external_links>

</external_links>
<country>SR</country>
<main_image>http://www.dwtonline.com/media/6306520/dwt_online_Detailfoto.jpg</main_image>
</document>
