<?xml version="1.0" encoding="UTF-8"?>
<document>
<type>mainstream</type>
<forum>http://www.agencianova.com/rssnotas.asp?id=10</forum>
<forum_title>Agencia NOVA - Municipios</forum_title>
<discussion_title>El Partido Obrero de Lanús denuncia un caso de gatillo fácil en Villa Fiorito</discussion_title>
<language>spanish</language>
<gmt_offset></gmt_offset>
<topic_url>http://www.agencianova.com/nota.asp?n=2016_8_30&amp;id=52070&amp;id_tiponota=10</topic_url>
<topic_text>
Policía de civil disparó a un joven El Partido Obrero de Lanús denuncia un caso de gatillo fácil en Villa Fiorito Los casos de gatillo fácil en las barriadas de la Provincia son moneda común, pero son tapados con el hermetismo de la impunidad. 
El día martes cerca de las 14 sucedió un caso de gatillo fácil en el barrio Villa Fiorito de Lanús. El joven Raúl Ángel Gerez , de 26 años intentó ser detenido por un oficial de la Policía Bonaerense vestido de civil que, acusándolo de intento de robo, le disparó un tiro en la cara. 
Luego de ser abandonado durante horas desangrándose en el suelo, Ángel fue recatado y llevado al hospital por los vecinos que le salvaron la vida. Hoy se encuentra en el hospital Luisa Gandulfo fuera de peligro, con los órganos del oído y la nariz comprometidos por el impacto de la bala. El oficial de la policía está libre e impune. 
Los casos de gatillo fácil en las barriadas de la Provincia son moneda común, pero son tapados con el hermetismo de la impunidad. Hasta 2015 se registraron más de 4.600 asesinados en democracia por gatillo fácil y tortura a manos de la Policía. 
“A su vez durante los últimos meses, en el marco del ajuste de Mauricio Macri y los gobernadores, tanto desde el poder político como judicial se reforzaron las facultades policiales para detener arbitrariamente y requisar las pertenencias personales” señaló la agrupación mediante un comunicado. 
Y añadieron: “La pelea contra la mafia y la represión de la Policía en los barrios va unida a la lucha contra el Estado que sostiene y refuerza un aparato descompuesto como la Bonaerense, al cual María Eugenia Vidal ha dado todo su apoyo”. 
Desde el Partido Obrero denunciaron la brutalidad policial que sufrió Raúl Ángel Gerez, una víctima del gatillo fácil. Además, exigieron la inmediata detención del agresor, su separación de las fuerzas policiales y la investigación del caso expresando: “Basta de gatillo fácil y zonas liberadas. Toda nuestra solidaridad con la familia de Ángel”. Lectores: 1565
</topic_text>
<spam_score>0.00</spam_score>
<post_num>1</post_num>
<post_id>post-1</post_id>
<post_url>http://www.agencianova.com/nota.asp?n=2016_8_30&amp;id=52070&amp;id_tiponota=10</post_url>
<post_date>20160829</post_date>
<post_time>1505</post_time>
<username></username>
<post>
Policía de civil disparó a un joven El Partido Obrero de Lanús denuncia un caso de gatillo fácil en Villa Fiorito Los casos de gatillo fácil en las barriadas de la Provincia son moneda común, pero son tapados con el hermetismo de la impunidad. 
El día martes cerca de las 14 sucedió un caso de gatillo fácil en el barrio Villa Fiorito de Lanús. El joven Raúl Ángel Gerez , de 26 años intentó ser detenido por un oficial de la Policía Bonaerense vestido de civil que, acusándolo de intento de robo, le disparó un tiro en la cara. 
Luego de ser abandonado durante horas desangrándose en el suelo, Ángel fue recatado y llevado al hospital por los vecinos que le salvaron la vida. Hoy se encuentra en el hospital Luisa Gandulfo fuera de peligro, con los órganos del oído y la nariz comprometidos por el impacto de la bala. El oficial de la policía está libre e impune. 
Los casos de gatillo fácil en las barriadas de la Provincia son moneda común, pero son tapados con el hermetismo de la impunidad. Hasta 2015 se registraron más de 4.600 asesinados en democracia por gatillo fácil y tortura a manos de la Policía. 
“A su vez durante los últimos meses, en el marco del ajuste de Mauricio Macri y los gobernadores, tanto desde el poder político como judicial se reforzaron las facultades policiales para detener arbitrariamente y requisar las pertenencias personales” señaló la agrupación mediante un comunicado. 
Y añadieron: “La pelea contra la mafia y la represión de la Policía en los barrios va unida a la lucha contra el Estado que sostiene y refuerza un aparato descompuesto como la Bonaerense, al cual María Eugenia Vidal ha dado todo su apoyo”. 
Desde el Partido Obrero denunciaron la brutalidad policial que sufrió Raúl Ángel Gerez, una víctima del gatillo fácil. Además, exigieron la inmediata detención del agresor, su separación de las fuerzas policiales y la investigación del caso expresando: “Basta de gatillo fácil y zonas liberadas. Toda nuestra solidaridad con la familia de Ángel”. Lectores: 1565
</post>
<signature>

</signature>
<external_links>

</external_links>
<country>US</country>
<main_image>http://www.agencianova.com/data/fotos2/bbx_491031407_img_9809.jpg</main_image>
</document>
