<?xml version="1.0" encoding="UTF-8"?>
<document>
<type>mainstream</type>
<forum></forum>
<forum_title></forum_title>
<discussion_title>General Electric names Richard Laxer CEO of GE Capital</discussion_title>
<language>english</language>
<gmt_offset></gmt_offset>
<topic_url>http://www.cnbc.com/2016/08/30/general-electric-names-richard-laxer-ceo-of-ge-capital.html</topic_url>
<topic_text>
General Electric names Richard Laxer CEO of GE Capital 1 Min Ago Reuters SHARES 
General Electric on Tuesday named Richard Laxer chief executive of GE Capital, which the conglomerate began shrinking in 2015 as part of efforts to return to its industrial roots. 
Laxer, 55, will take over on Sept. 1 from company veteran Keith Sherin, who will retire at the end of the year after 35 years of service. 
Since April 2015, Sherin has led the transformation of GE Capital into a smaller, more focused business, GE Chief Executive Jeff Immelt said. 
GE, which had set a target of selling $200 billion in assets of its finance arm, said earlier this month it had signed deals worth about $192 billion. 
Sherin, who served as GE&apos;s finance chief for 15 years, is also vice chairman of the company and chairman of GE Capital. 
Laxer is currently chief executive of GE Capital International. 
GE also said GE Capital will now consist of three divisions: GE Capital Aviation Services, GE Energy Financial Services and GE Industrial Finance. Related Securities 
</topic_text>
<spam_score>0.00</spam_score>
<post_num>1</post_num>
<post_id>post-1</post_id>
<post_url>http://www.cnbc.com/2016/08/30/general-electric-names-richard-laxer-ceo-of-ge-capital.html</post_url>
<post_date>20160830</post_date>
<post_time></post_time>
<username></username>
<post>
General Electric names Richard Laxer CEO of GE Capital 1 Min Ago Reuters SHARES 
General Electric on Tuesday named Richard Laxer chief executive of GE Capital, which the conglomerate began shrinking in 2015 as part of efforts to return to its industrial roots. 
Laxer, 55, will take over on Sept. 1 from company veteran Keith Sherin, who will retire at the end of the year after 35 years of service. 
Since April 2015, Sherin has led the transformation of GE Capital into a smaller, more focused business, GE Chief Executive Jeff Immelt said. 
GE, which had set a target of selling $200 billion in assets of its finance arm, said earlier this month it had signed deals worth about $192 billion. 
Sherin, who served as GE&apos;s finance chief for 15 years, is also vice chairman of the company and chairman of GE Capital. 
Laxer is currently chief executive of GE Capital International. 
GE also said GE Capital will now consist of three divisions: GE Capital Aviation Services, GE Energy Financial Services and GE Industrial Finance. Related Securities 
</post>
<signature>

</signature>
<external_links>

</external_links>
<country>US</country>
<main_image>http://fm.cnbc.com/applications/cnbc.com/staticcontent/img/cnbc_logo.gif</main_image>
</document>
