<?xml version="1.0" encoding="UTF-8"?>
<document>
<type>mainstream</type>
<forum>http://www.tg3.rai.it/dl/tg3/Page-2e4c8408-c4ee-4eb3-abdb-86b4cc525b57.html</forum>
<forum_title>Tg3 - Homepage</forum_title>
<discussion_title>Video Bruxelles, incendio all&apos;Istituto di criminologia</discussion_title>
<language>italian</language>
<gmt_offset></gmt_offset>
<topic_url>http://www.tg3.rai.it/dl/RaiTV/programmi/media/ContentItem-335a49cc-2844-4f7c-b114-77134e1d92d9-tg3.html</topic_url>
<topic_text>
Bruxelles, incendio all&apos;Istituto di criminologia - In Belgio a Bruxelles nella notte espolosione e incendio accanto alla sede dell&apos;isituto di crimonologia. Nessun ferito, per ora le autorità tendono ad escludere la matrice terroristica. Da Bruxelles il corrispondente Gavino Moretti
</topic_text>
<spam_score>0.90</spam_score>
<post_num>1</post_num>
<post_id>post-1</post_id>
<post_url>http://www.tg3.rai.it/dl/RaiTV/programmi/media/ContentItem-335a49cc-2844-4f7c-b114-77134e1d92d9-tg3.html</post_url>
<post_date>20160829</post_date>
<post_time></post_time>
<username>tg3.rai.it</username>
<post>
Bruxelles, incendio all&apos;Istituto di criminologia - In Belgio a Bruxelles nella notte espolosione e incendio accanto alla sede dell&apos;isituto di crimonologia. Nessun ferito, per ora le autorità tendono ad escludere la matrice terroristica. Da Bruxelles il corrispondente Gavino Moretti
</post>
<signature>

</signature>
<external_links>

</external_links>
<country>IT</country>
<main_image>http://www.rai.it/resizegd/640x-/dl/img/2016/08/1472481796902cce5933cf5a8fc91b3fcd92197044bcf.jpg</main_image>
</document>
