<?xml version="1.0" encoding="UTF-8"?>
<document>
<type>mainstream</type>
<forum>http://www.ecuadorenvivo.com/index.php?format=feed&amp;type=rss</forum>
<forum_title>Noticias Ecuador - Ecuador en vivo - Portada</forum_title>
<discussion_title>&apos;El anticipo al impuesto a la renta es la fórmula para matar a las empresas&apos; | Pablo Arosemena, presidente de la Cámara de Comercio de Guayaquil</discussion_title>
<language>spanish</language>
<gmt_offset></gmt_offset>
<topic_url>http://www.ecuadorenvivo.com/economia/85-sp-651/51040-el-anticipo-al-impuesto-a-la-renta-es-la-formula-para-matar-a-las-empresas-pablo-arosemena-presidente-de-la-camara-de-comercio-de-guayaquil.html</topic_url>
<topic_text>
&apos;El anticipo al impuesto a la renta es la fórmula para matar a las empresas&apos; Pablo Arosemena, presidente de la Cámara de Comercio de Guayaquil Detalles   
Cruda realidad. &quot;El anticipo al impuesto a la renta es la fórmula para matar a las empresas&quot;, así piensa el presidente de la Cámara de Comercio de Guayaquil, Pablo Arosemena. Sobre las salvaguardias -dijo- hay que eliminarlas de raíz, agregó. 
Arosemena instó a los legisladores a aprovechar las reformas tributarias que se debaten en la Asamblea para introducir verdaderos incentivos que resuelvan los problemas de fondo. Una de las propuestas de los comerciantes es eliminar el anticipo del impuesto a la renta, que tiene una fórmula para matar a las empresas, en contrario proponemos la fórmula &quot;renta ganada, renta pagada&quot;. 
&quot;Tal como están las cosas nos están restando la liquidez, desincentivan las inversiones con impuestos tapiñados como el anticipo al impuesto a la renta, descapitaliza las empresas&quot;, acotó. 
Al referirse a la sobretasa arancelaria, dijo, que &quot;la economía nacional para recuperarse no necesita sobretasas, la dolarización para sostenerse no necesita sobretasas, el único que necesita sobretasas, o cualquier cosa, es el Gobierno Nacional&quot;. 
El dirigente gremial refirió que las sobretasas han sido perversas para el comercio, pues han restado liquidez, han achicado el capital de trabajo del comerciante, la plata que antes utilizaba para traer mercadería ahora la usa para pagar más impuestos. 
&quot;El ecuador no es un país caro, es carísimo, y en buen medida por cortesía de las salvaguardias&quot;, sentenció. (Ecuavisa) (0) Noticias relacionadas
</topic_text>
<spam_score>0.00</spam_score>
<post_num>1</post_num>
<post_id>post-1</post_id>
<post_url>http://www.ecuadorenvivo.com/economia/85-sp-651/51040-el-anticipo-al-impuesto-a-la-renta-es-la-formula-para-matar-a-las-empresas-pablo-arosemena-presidente-de-la-camara-de-comercio-de-guayaquil.html</post_url>
<post_date>20160830</post_date>
<post_time>1348</post_time>
<username>jaime.teran@ecuadorenvivo.com (Jaime Teran)</username>
<post>
&apos;El anticipo al impuesto a la renta es la fórmula para matar a las empresas&apos; Pablo Arosemena, presidente de la Cámara de Comercio de Guayaquil Detalles   
Cruda realidad. &quot;El anticipo al impuesto a la renta es la fórmula para matar a las empresas&quot;, así piensa el presidente de la Cámara de Comercio de Guayaquil, Pablo Arosemena. Sobre las salvaguardias -dijo- hay que eliminarlas de raíz, agregó. 
Arosemena instó a los legisladores a aprovechar las reformas tributarias que se debaten en la Asamblea para introducir verdaderos incentivos que resuelvan los problemas de fondo. Una de las propuestas de los comerciantes es eliminar el anticipo del impuesto a la renta, que tiene una fórmula para matar a las empresas, en contrario proponemos la fórmula &quot;renta ganada, renta pagada&quot;. 
&quot;Tal como están las cosas nos están restando la liquidez, desincentivan las inversiones con impuestos tapiñados como el anticipo al impuesto a la renta, descapitaliza las empresas&quot;, acotó. 
Al referirse a la sobretasa arancelaria, dijo, que &quot;la economía nacional para recuperarse no necesita sobretasas, la dolarización para sostenerse no necesita sobretasas, el único que necesita sobretasas, o cualquier cosa, es el Gobierno Nacional&quot;. 
El dirigente gremial refirió que las sobretasas han sido perversas para el comercio, pues han restado liquidez, han achicado el capital de trabajo del comerciante, la plata que antes utilizaba para traer mercadería ahora la usa para pagar más impuestos. 
&quot;El ecuador no es un país caro, es carísimo, y en buen medida por cortesía de las salvaguardias&quot;, sentenció. (Ecuavisa) (0) Noticias relacionadas
</post>
<signature>

</signature>
<external_links>

</external_links>
<country>US</country>
<main_image>http://www.ecuadorenvivo.com/images/2017_ENERO/WEB20160830PABLOAROSEMENA_19ac1.jpg</main_image>
</document>
