<?xml version="1.0" encoding="UTF-8"?>
<document>
<type>mainstream</type>
<forum>http://news.21.by/pub/rss/discuss.rss</forum>
<forum_title>Рейтинг обсуждаемых новостей 21.by</forum_title>
<discussion_title>В 2016 году в Беларуси планируется вырастить 500 тонн арбузов</discussion_title>
<language>russian</language>
<gmt_offset></gmt_offset>
<topic_url>http://news.21.by/economics/2016/08/30/1234689.html</topic_url>
<topic_text>
В 2016 году в Беларуси планируется вырастить 500 тонн арбузов, сообщила на пресс-конференции 30 августа заместитель начальника главного управления растениеводства — начальник отдела по производству плодоовощной продукции Минсельхозпрода Татьяна Карбанович. Фото: president.gov.by 
«Именно фермерские хозяйства смело идут вперед, и такие культуры, которые, казалось, вчера еще не выращивались в республике, на сегодняшний день выращиваемы, востребованы. Планируется произвести около 500 тонн арбузов, на уровне прошлогоднего объема урожая. Порядка 40 гектаров было отведено под эту культуру, и, учитывая сложившиеся погодные условия и изменение климата в последние годы, производство этой культуры, конечно, развивается», — сообщила она. 
По данным Минсельхозпрода, некоторые фермеры, занятые производством арбузов, реализуют продукцию по цене 50 копеек за килограмм, что в 3−4 раза ниже стоимости импортных арбузов в рознице. 
«Что касается арбузов, вы знаете, откуда пошел этот бум. В первую очередь, по заданию министерства институтом была разработана технология выращивания арбуза и дыни в условиях Беларуси. Затем, подключая ряд фермеров, практика начала распространяться. Ну и, естественно, и у президента страны результат был получен положительный» , — отметил заведующий лабораторией луковых овощных культур Института овощеводства НАН Беларуси Николай Купреенко. 
По его словам, выращивать в стране бахчевые экономически выгодно, рентабельность их производства в некоторых хозяйствах доходит до 200%. «Фермерские хозяйства, которые считают деньги, естественно, постепенно объем площадей увеличивают. Прибыль есть от этой культуры, качество высочайшее. Мы проводили в институте биохимическую оценку ягод арбузов — по качеству они гораздо лучше, чем завозные, потому что они вызревают естественным путем», — заявил Купреенко. 
Он также отметил успехи в выращивании в стране дыни, однако его технология сложнее. 
Еще одно направление, которое ученые-аграрии надеются развивать в ближайшие годы, — выращивание винограда промышленных и десертных сортов. «Уже заложены две крупные плантации винограда: в агрокомбинате „Восток“ в Гомельском районе, а также Пинским винзаводом — 20 и 70 гектаров соответственно. В первую очередь мы, конечно, ориентировались на то, что это будет виноград для переработки, подбирали сорта технического характера, которые могут вызревать без особого укрытия», — сообщил заместитель директора Института плодоводства НАНБ Анатолий Криворот.
</topic_text>
<spam_score>0.00</spam_score>
<post_num>1</post_num>
<post_id>post-1</post_id>
<post_url>http://news.21.by/economics/2016/08/30/1234689.html</post_url>
<post_date>20160830</post_date>
<post_time>1417</post_time>
<username></username>
<post>
В 2016 году в Беларуси планируется вырастить 500 тонн арбузов, сообщила на пресс-конференции 30 августа заместитель начальника главного управления растениеводства — начальник отдела по производству плодоовощной продукции Минсельхозпрода Татьяна Карбанович. Фото: president.gov.by 
«Именно фермерские хозяйства смело идут вперед, и такие культуры, которые, казалось, вчера еще не выращивались в республике, на сегодняшний день выращиваемы, востребованы. Планируется произвести около 500 тонн арбузов, на уровне прошлогоднего объема урожая. Порядка 40 гектаров было отведено под эту культуру, и, учитывая сложившиеся погодные условия и изменение климата в последние годы, производство этой культуры, конечно, развивается», — сообщила она. 
По данным Минсельхозпрода, некоторые фермеры, занятые производством арбузов, реализуют продукцию по цене 50 копеек за килограмм, что в 3−4 раза ниже стоимости импортных арбузов в рознице. 
«Что касается арбузов, вы знаете, откуда пошел этот бум. В первую очередь, по заданию министерства институтом была разработана технология выращивания арбуза и дыни в условиях Беларуси. Затем, подключая ряд фермеров, практика начала распространяться. Ну и, естественно, и у президента страны результат был получен положительный» , — отметил заведующий лабораторией луковых овощных культур Института овощеводства НАН Беларуси Николай Купреенко. 
По его словам, выращивать в стране бахчевые экономически выгодно, рентабельность их производства в некоторых хозяйствах доходит до 200%. «Фермерские хозяйства, которые считают деньги, естественно, постепенно объем площадей увеличивают. Прибыль есть от этой культуры, качество высочайшее. Мы проводили в институте биохимическую оценку ягод арбузов — по качеству они гораздо лучше, чем завозные, потому что они вызревают естественным путем», — заявил Купреенко. 
Он также отметил успехи в выращивании в стране дыни, однако его технология сложнее. 
Еще одно направление, которое ученые-аграрии надеются развивать в ближайшие годы, — выращивание винограда промышленных и десертных сортов. «Уже заложены две крупные плантации винограда: в агрокомбинате „Восток“ в Гомельском районе, а также Пинским винзаводом — 20 и 70 гектаров соответственно. В первую очередь мы, конечно, ориентировались на то, что это будет виноград для переработки, подбирали сорта технического характера, которые могут вызревать без особого укрытия», — сообщил заместитель директора Института плодоводства НАНБ Анатолий Криворот.
</post>
<signature>

</signature>
<external_links>

</external_links>
<country>BY</country>
<main_image></main_image>
</document>
