<?xml version="1.0" encoding="UTF-8"?>
<document>
<type>mainstream</type>
<forum></forum>
<forum_title></forum_title>
<discussion_title>コンビニ夜勤歴3年のOさんが目撃した「モンスターカスタマー」が強烈</discussion_title>
<language>english</language>
<gmt_offset></gmt_offset>
<topic_url>http://happyeveryday.biz/post-9881</topic_url>
<topic_text>

</topic_text>
<spam_score>0.00</spam_score>
<post_num>1</post_num>
<post_id>post-1</post_id>
<post_url>http://happyeveryday.biz/post-9881</post_url>
<post_date>20140901</post_date>
<post_time></post_time>
<username></username>
<post>

</post>
<signature>

</signature>
<external_links>

</external_links>
<country>JP</country>
<main_image>http://happyeveryday.biz/wp-content/uploads/2014/09/BwF836QCMAAk0hS.jpg</main_image>
</document>
