<?xml version="1.0" encoding="UTF-8"?>
<document>
<type>mainstream</type>
<forum>http://www.fox5vegas.com/category/210039/money?clienttype=rss</forum>
<forum_title>KVVU Las Vegas - Money</forum_title>
<discussion_title>SpaceX gets taker for 1st flight of recycled rocket</discussion_title>
<language>english</language>
<gmt_offset></gmt_offset>
<topic_url>http://www.fox5vegas.com/story/32884284/spacex-gets-taker-for-1st-flight-of-recycled-rocket</topic_url>
<topic_text>
SpaceX gets taker for 1st flight of recycled rocket Posted: Updated: (SpaceX via AP). This June 6, 2016 photo made available by SpaceX shows recovered Falcon rocket boosters in a hangar at the Kennedy Space Center on Merritt Island, Fla. The company says it can save considerable time and money by reusing the big, expens... (SpaceX via AP). In this May 27, 2016 photo made available by SpaceX, their Falcon rocket booster lands on a platform in the Atlantic Ocean after launching a satellite into orbit. The company says it can save considerable time and money by reusing the ... By MARCIA DUNNAP Aerospace Writer 
CAPE CANAVERAL, Fla. (AP) - SpaceX has a taker for the first flight of one of its recycled rockets. 
The Luxembourg-based company SES (S-E-S) - a longtime SpaceX launch customer - said Tuesday it will send its next communications satellite up on a previously flown Falcon rocket. It will be the first true reuse of a rocket previously used for an orbital mission. The launch will take place this fall. 
Every time its Falcon flies, SpaceX attempts to land the first-stage booster on an ocean barge or back at Cape Canaveral, Florida. The company says it can save considerable time and money by reusing the big, expensive parts normally left to sink at sea. Since December, SpaceX has recovered six boosters following liftoff. 
The first recovered booster now stands outside the company&apos;s Southern California headquarters. Copyright 2016 The Associated Press. All rights reserved. This material may not be published, broadcast, rewritten or redistributed.
</topic_text>
<spam_score>0.00</spam_score>
<post_num>1</post_num>
<post_id>post-1</post_id>
<post_url>http://www.fox5vegas.com/story/32884284/spacex-gets-taker-for-1st-flight-of-recycled-rocket</post_url>
<post_date>20160830</post_date>
<post_time>1512</post_time>
<username></username>
<post>
SpaceX gets taker for 1st flight of recycled rocket Posted: Updated: (SpaceX via AP). This June 6, 2016 photo made available by SpaceX shows recovered Falcon rocket boosters in a hangar at the Kennedy Space Center on Merritt Island, Fla. The company says it can save considerable time and money by reusing the big, expens... (SpaceX via AP). In this May 27, 2016 photo made available by SpaceX, their Falcon rocket booster lands on a platform in the Atlantic Ocean after launching a satellite into orbit. The company says it can save considerable time and money by reusing the ... By MARCIA DUNNAP Aerospace Writer 
CAPE CANAVERAL, Fla. (AP) - SpaceX has a taker for the first flight of one of its recycled rockets. 
The Luxembourg-based company SES (S-E-S) - a longtime SpaceX launch customer - said Tuesday it will send its next communications satellite up on a previously flown Falcon rocket. It will be the first true reuse of a rocket previously used for an orbital mission. The launch will take place this fall. 
Every time its Falcon flies, SpaceX attempts to land the first-stage booster on an ocean barge or back at Cape Canaveral, Florida. The company says it can save considerable time and money by reusing the big, expensive parts normally left to sink at sea. Since December, SpaceX has recovered six boosters following liftoff. 
The first recovered booster now stands outside the company&apos;s Southern California headquarters. Copyright 2016 The Associated Press. All rights reserved. This material may not be published, broadcast, rewritten or redistributed.
</post>
<signature>

</signature>
<external_links>

</external_links>
<country>US</country>
<main_image>http://images.worldnow.com/AP/images/11587176_G.jpg</main_image>
</document>
