<?xml version="1.0" encoding="UTF-8"?>
<document>
<type>mainstream</type>
<forum>http://www.menafn.com/rss/menafn_Pharmaceuticals_Health.xml</forum>
<forum_title>MENAFN.com Pharmaceuticals_Health</forum_title>
<discussion_title>Esteemed Physical Medicine &amp;Rehabilitation and Pain Management Physician, Paul I. Abend, DO, FAAPMR, will be Spotlighted in The Leading Physicians of the World</discussion_title>
<language>english</language>
<gmt_offset></gmt_offset>
<topic_url>http://www.menafn.com/1094918075/Esteemed-Physical-Medicine-Rehabilitation-and-Pain-Management-Physician-Paul-I-Abend-DO-FAAPMR-will-be-Spotlighted-in-The-Leading-Physicians-of-the-World&amp;src=RSS</topic_url>
<topic_text>
(MENAFN Press) Esteemed Physical Medicine &amp; Rehabilitation and Pain Management Physician, Paul I. Abend, DO, FAAPMR, will be Spotlighted in The Leading Physicians of the World Posted by admin on August 29, 2016 Bernardsville, New Jersey - The International Association of HealthCare Professionals is pleased to welcome Paul I. Abend, DO, FAAPMR, Physical Medicine &amp; Rehabilitation and Pain Management Physician, to their prestigious organization with his upcoming publication in The Leading Physicians of the World. He is a highly-trained and qualified Physical Medicine and Rehabilitation and Pain Management physician with a vast expertise inall facets of his work, including Parkinson&apos;s disease, Stroke, Neuropathy, and Orthopedic Neurology. Dr. Abend has been practicing for over twenty-five years and is currently practicing at Consultants in Rehabilitation and Pain Medicine in Bernardsville, New Jersey. Furthermore, he maintains his hospital privileges at Robert Wood Johnson University Hospital Rahway, New Jersey (Medical Director of Inpatient and Outpatient Services), Robert Wood Johnson University Hospital, Somerset, Robert Wood Johson Hospital University, New Brunswick, Saint Peter&apos;s University Hospital in New Brunswick, New Jersey, and JFK Medical Center in Edison, New Jersey.Dr. Abend is also on staff at Sanare Center for Integrative Medicine in Bernardsville, New Jersey, and acts as a Clinical Associate Professor at Kessler Institute, Newark Medical School, Department of Rehabilitation Medicine and Clinical Associate Professor at Rutgers Medical School Departments of Medicine and Family Medicine. He is also a Fellow of the Association of Academic Physiatrists. Dr. Abend attended Rowan University School of Osteopathic Medicine in New Jersey and graduated in 1987 with his doctor degree of Osteopathic Medicine, where he was President of the Student Body Government. He then went to Robert Wood Johnson University Hospital, where he completed a Family Medicine Residency and was Chief Resident. Then, he went on and completed a one year Sports Medicine Fellowship in the Department of Family Medicine. Following this, Dr. Abend did a second residency in Physical Medicine and Rehabilitation and was Chief Resident. He holds Board Certificationin Physical Medicine and Rehabilitation from the American Board of Physical Medicine and Rehabilitation as well as Board Certification in Family Medicine from the American Board of Family Medicine. A Fellow of the American Academy of Physical Medicine and Rehabilitation, he was honored with multiple awards, including Jefferson Award for Medicine (Autism), Citizen of the Year (Warren, New Jersey), Evelyn Aronow Dolan Citizen&apos;s Award is a Governor of NJ&apos;s Highest Award for the Promotion of Recreation for the Disabled, then in 2015 Dr. Margaret L. Bauman Award for Excellence by a Physician in the area of Autism (She is a world famous Pediatric Neurologist, and is a Professor at Massachusetts General Hospital/Harvard Medical School). Dr. Abend was also the Past President of The New Jersey Society of Physical Medicine and Rehabilitation, as well as The New Jersey Society of Medical Specialties. Dr. Abend credits his success to being a visionary and dedicates his spare time to the autism work. View Paul I. Abend&quot;;s Profile Here: https://www.findatopdoc.com/doctor/Paul-Abend-Physiatrist-Warren-New-Jersey-07059 Learn more about Dr. Abend here: http://sanareintegrativemedicine.com/paul-abend-d-o-faapmr/ and read his upcoming publication in The Leading Physicians of the World. About FindaTopDoc.com FindaTopDoc.com is a hub for all things medicine, featuring detailed descriptions of medical professionals across all areas of expertise, and information on thousands of healthcare topics. Each month, millions of patients use FindaTopDoc to find a doctor nearby and instantly book an appointment online or create a review. FindaTopDoc.com features each doctor&quot;;s full professional biography highlighting their achievements, experience, patient reviews and areas of expertise. A leading provider of valuable health information that helps empower patient and doctor alike, FindaTopDoc enables readers to live a happier and healthier life. For more information about FindaTopDoc, visit http://www.findatopdoc.com Media Contact 
Company Name: International Association of HealthCare Professionals 
Contact Person: Lauren 
Email: 
Phone: 877-447-8360 
Country: United States 
Website: www.findatopdoc.com 




About GetNews
</topic_text>
<spam_score>0.00</spam_score>
<post_num>1</post_num>
<post_id>post-1</post_id>
<post_url>http://www.menafn.com/1094918075/Esteemed-Physical-Medicine-Rehabilitation-and-Pain-Management-Physician-Paul-I-Abend-DO-FAAPMR-will-be-Spotlighted-in-The-Leading-Physicians-of-the-World&amp;src=RSS</post_url>
<post_date>20160830</post_date>
<post_time></post_time>
<username>Press</username>
<post>
(MENAFN Press) Esteemed Physical Medicine &amp; Rehabilitation and Pain Management Physician, Paul I. Abend, DO, FAAPMR, will be Spotlighted in The Leading Physicians of the World Posted by admin on August 29, 2016 Bernardsville, New Jersey - The International Association of HealthCare Professionals is pleased to welcome Paul I. Abend, DO, FAAPMR, Physical Medicine &amp; Rehabilitation and Pain Management Physician, to their prestigious organization with his upcoming publication in The Leading Physicians of the World. He is a highly-trained and qualified Physical Medicine and Rehabilitation and Pain Management physician with a vast expertise inall facets of his work, including Parkinson&apos;s disease, Stroke, Neuropathy, and Orthopedic Neurology. Dr. Abend has been practicing for over twenty-five years and is currently practicing at Consultants in Rehabilitation and Pain Medicine in Bernardsville, New Jersey. Furthermore, he maintains his hospital privileges at Robert Wood Johnson University Hospital Rahway, New Jersey (Medical Director of Inpatient and Outpatient Services), Robert Wood Johnson University Hospital, Somerset, Robert Wood Johson Hospital University, New Brunswick, Saint Peter&apos;s University Hospital in New Brunswick, New Jersey, and JFK Medical Center in Edison, New Jersey.Dr. Abend is also on staff at Sanare Center for Integrative Medicine in Bernardsville, New Jersey, and acts as a Clinical Associate Professor at Kessler Institute, Newark Medical School, Department of Rehabilitation Medicine and Clinical Associate Professor at Rutgers Medical School Departments of Medicine and Family Medicine. He is also a Fellow of the Association of Academic Physiatrists. Dr. Abend attended Rowan University School of Osteopathic Medicine in New Jersey and graduated in 1987 with his doctor degree of Osteopathic Medicine, where he was President of the Student Body Government. He then went to Robert Wood Johnson University Hospital, where he completed a Family Medicine Residency and was Chief Resident. Then, he went on and completed a one year Sports Medicine Fellowship in the Department of Family Medicine. Following this, Dr. Abend did a second residency in Physical Medicine and Rehabilitation and was Chief Resident. He holds Board Certificationin Physical Medicine and Rehabilitation from the American Board of Physical Medicine and Rehabilitation as well as Board Certification in Family Medicine from the American Board of Family Medicine. A Fellow of the American Academy of Physical Medicine and Rehabilitation, he was honored with multiple awards, including Jefferson Award for Medicine (Autism), Citizen of the Year (Warren, New Jersey), Evelyn Aronow Dolan Citizen&apos;s Award is a Governor of NJ&apos;s Highest Award for the Promotion of Recreation for the Disabled, then in 2015 Dr. Margaret L. Bauman Award for Excellence by a Physician in the area of Autism (She is a world famous Pediatric Neurologist, and is a Professor at Massachusetts General Hospital/Harvard Medical School). Dr. Abend was also the Past President of The New Jersey Society of Physical Medicine and Rehabilitation, as well as The New Jersey Society of Medical Specialties. Dr. Abend credits his success to being a visionary and dedicates his spare time to the autism work. View Paul I. Abend&quot;;s Profile Here: https://www.findatopdoc.com/doctor/Paul-Abend-Physiatrist-Warren-New-Jersey-07059 Learn more about Dr. Abend here: http://sanareintegrativemedicine.com/paul-abend-d-o-faapmr/ and read his upcoming publication in The Leading Physicians of the World. About FindaTopDoc.com FindaTopDoc.com is a hub for all things medicine, featuring detailed descriptions of medical professionals across all areas of expertise, and information on thousands of healthcare topics. Each month, millions of patients use FindaTopDoc to find a doctor nearby and instantly book an appointment online or create a review. FindaTopDoc.com features each doctor&quot;;s full professional biography highlighting their achievements, experience, patient reviews and areas of expertise. A leading provider of valuable health information that helps empower patient and doctor alike, FindaTopDoc enables readers to live a happier and healthier life. For more information about FindaTopDoc, visit http://www.findatopdoc.com Media Contact 
Company Name: International Association of HealthCare Professionals 
Contact Person: Lauren 
Email: 
Phone: 877-447-8360 
Country: United States 
Website: www.findatopdoc.com 




About GetNews
</post>
<signature>

</signature>
<external_links>

</external_links>
<country>US</country>
<main_image>http://menafn.com/images/shared/menafnlogo_sm.gif</main_image>
</document>
