<?xml version="1.0" encoding="UTF-8"?>
<document>
<type>mainstream</type>
<forum>http://news.21.by/pub/rss/discuss.rss</forum>
<forum_title>Рейтинг обсуждаемых новостей 21.by</forum_title>
<discussion_title>Motorola Moto Z Play прописался в базе GFXBench</discussion_title>
<language>russian</language>
<gmt_offset></gmt_offset>
<topic_url>http://news.21.by/hi-tech/2016/08/30/1234698.html</topic_url>
<topic_text>
A Описание нового смартфона Motorola Moto Z Play появилось на сайте бенчмарка GFXBench. Согласно источнику, новинка представляет собой аппарат с характеристиками выше средних. Moto Z Play имеет 5,5-дюймовый экран с разрешением 1920 х 1080 пикселей и восьмиядерный процессор Qualcomm Snapdragon 625 с графикой Adreno 506. Объем оперативной памяти составляет 3 ГБ, встроенной – 32 ГБ. Есть также 16-мегапиксельная тыльная камера и 5-мегапиксельная дополнительная. Еще устройству приписывают сканер отпечатков пальцев и аккумуляторную батарею емкостью 3500 мАч. В качестве операционной системы выступит Android 6.0.1 Marshmallow. Официальный анонс смартфона Motorola Moto Z Play ожидается 6 сентября. Стоимость устройства составит ориентировочно $446.
</topic_text>
<spam_score>0.00</spam_score>
<post_num>1</post_num>
<post_id>post-1</post_id>
<post_url>http://news.21.by/hi-tech/2016/08/30/1234698.html</post_url>
<post_date>20160830</post_date>
<post_time>1043</post_time>
<username></username>
<post>
A Описание нового смартфона Motorola Moto Z Play появилось на сайте бенчмарка GFXBench. Согласно источнику, новинка представляет собой аппарат с характеристиками выше средних. Moto Z Play имеет 5,5-дюймовый экран с разрешением 1920 х 1080 пикселей и восьмиядерный процессор Qualcomm Snapdragon 625 с графикой Adreno 506. Объем оперативной памяти составляет 3 ГБ, встроенной – 32 ГБ. Есть также 16-мегапиксельная тыльная камера и 5-мегапиксельная дополнительная. Еще устройству приписывают сканер отпечатков пальцев и аккумуляторную батарею емкостью 3500 мАч. В качестве операционной системы выступит Android 6.0.1 Marshmallow. Официальный анонс смартфона Motorola Moto Z Play ожидается 6 сентября. Стоимость устройства составит ориентировочно $446.
</post>
<signature>

</signature>
<external_links>

</external_links>
<country>BY</country>
<main_image></main_image>
</document>
