<?xml version="1.0" encoding="UTF-8"?>
<document>
<type>mainstream</type>
<forum></forum>
<forum_title></forum_title>
<discussion_title>Gov. LePage wants to make amends, doesn&apos;t rule out resigning</discussion_title>
<language>english</language>
<gmt_offset></gmt_offset>
<topic_url>http://www.fox34.com/story/32881752/gov-lepage-wants-to-make-amends-doesnt-rule-out-resigning</topic_url>
<topic_text>
Gov. LePage wants to make amends, doesn&apos;t rule out resigning Posted: Updated: (AP Photo/Michael Dwyer, File). FILE- In this June 7, 2016, file photo, Maine Gov. Paul LePage attends an opioid abuse conference in Boston. LePage is being accused again of making racially insensitive comments, this time by saying photos he&apos;s collecte... By MARINA VILLENEUVEAssociated Press 
AUGUSTA, Maine (AP) - Republican Gov. Paul LePage said Tuesday that he plans to meet with a Democratic lawmaker to try to make amends for leaving an obscene voicemail message and that he isn&apos;t ruling out resigning. 
Speaking on WVOM-FM radio, LePage apologized for the tirade directed at Rep. Drew Gattine and said it was &quot;unacceptable and totally my fault.&quot; 
He said he&apos;s going to meet with family and close advisers to decide what to do next. He said he hopes Maine residents will forgive him and say, &quot;You clean up your act and let&apos;s move forward.&apos;&quot; 
LePage also declined to say whether he will serve out the remainder of his term. &quot;Some things I&apos;ve been asked to do are beyond my ability,&quot; LePage said without elaborating. &quot;I&apos;m not going to say I&apos;m not going to finish it. I&apos;m not going to say I am going to finish it.&quot; 
Over the past two years in particular, he&apos;s sparred with lawmakers over issues like welfare reform and allegations that he is abusing his power. 
LePage said he still has the energy to tackle issues like wait lists for state services and solar policy, but if he&apos;s &quot;lost my ability to convince the Maine people that&apos;s what we need and that&apos;s the type of people we need in Augusta, you know, maybe it is the time to move on.&quot; 
LePage had been angry with Gattine because he thought Gattine called him a racist. Gattine denies it. 
Last week LePage apologized to &quot;the people of Maine&quot; - but not to Gattine - after he left a voicemail message that said, &quot;I am after you&quot; and then telling reporters he wished he could challenge Gattine to a duel and point a gun &quot;right between his eyes.&quot; He also called Gattine a vulgar name related to oral sex. 
The voicemail followed a controversy that bubbled up Wednesday when LePage, who&apos;s white, said at a town hall in North Berwick that photos he&apos;s collected in a binder of drug dealers arrested in the state showed that 90 percent of them &quot;are black and Hispanic people from Waterbury, Connecticut; the Bronx; and Brooklyn.&quot; 
Democratic lawmakers warned that LePage was coming unhinged and called for a political intervention with LePage. Some are calling for his resignation. Copyright 2016 The Associated Press. All rights reserved. This material may not be published, broadcast, rewritten or redistributed. Can&apos;t Find Something? 
</topic_text>
<spam_score>0.62</spam_score>
<post_num>1</post_num>
<post_id>post-1</post_id>
<post_url>http://www.fox34.com/story/32881752/gov-lepage-wants-to-make-amends-doesnt-rule-out-resigning</post_url>
<post_date>20160830</post_date>
<post_time></post_time>
<username></username>
<post>
Gov. LePage wants to make amends, doesn&apos;t rule out resigning Posted: Updated: (AP Photo/Michael Dwyer, File). FILE- In this June 7, 2016, file photo, Maine Gov. Paul LePage attends an opioid abuse conference in Boston. LePage is being accused again of making racially insensitive comments, this time by saying photos he&apos;s collecte... By MARINA VILLENEUVEAssociated Press 
AUGUSTA, Maine (AP) - Republican Gov. Paul LePage said Tuesday that he plans to meet with a Democratic lawmaker to try to make amends for leaving an obscene voicemail message and that he isn&apos;t ruling out resigning. 
Speaking on WVOM-FM radio, LePage apologized for the tirade directed at Rep. Drew Gattine and said it was &quot;unacceptable and totally my fault.&quot; 
He said he&apos;s going to meet with family and close advisers to decide what to do next. He said he hopes Maine residents will forgive him and say, &quot;You clean up your act and let&apos;s move forward.&apos;&quot; 
LePage also declined to say whether he will serve out the remainder of his term. &quot;Some things I&apos;ve been asked to do are beyond my ability,&quot; LePage said without elaborating. &quot;I&apos;m not going to say I&apos;m not going to finish it. I&apos;m not going to say I am going to finish it.&quot; 
Over the past two years in particular, he&apos;s sparred with lawmakers over issues like welfare reform and allegations that he is abusing his power. 
LePage said he still has the energy to tackle issues like wait lists for state services and solar policy, but if he&apos;s &quot;lost my ability to convince the Maine people that&apos;s what we need and that&apos;s the type of people we need in Augusta, you know, maybe it is the time to move on.&quot; 
LePage had been angry with Gattine because he thought Gattine called him a racist. Gattine denies it. 
Last week LePage apologized to &quot;the people of Maine&quot; - but not to Gattine - after he left a voicemail message that said, &quot;I am after you&quot; and then telling reporters he wished he could challenge Gattine to a duel and point a gun &quot;right between his eyes.&quot; He also called Gattine a vulgar name related to oral sex. 
The voicemail followed a controversy that bubbled up Wednesday when LePage, who&apos;s white, said at a town hall in North Berwick that photos he&apos;s collected in a binder of drug dealers arrested in the state showed that 90 percent of them &quot;are black and Hispanic people from Waterbury, Connecticut; the Bronx; and Brooklyn.&quot; 
Democratic lawmakers warned that LePage was coming unhinged and called for a political intervention with LePage. Some are calling for his resignation. Copyright 2016 The Associated Press. All rights reserved. This material may not be published, broadcast, rewritten or redistributed. Can&apos;t Find Something? 
</post>
<signature>

</signature>
<external_links>

</external_links>
<country>US</country>
<main_image>http://images.worldnow.com/AP/images/11585083_G.jpg</main_image>
</document>
