<?xml version="1.0" encoding="UTF-8"?>
<document>
<type>mainstream</type>
<forum>http://www.romandie.com/rss/flux.xml</forum>
<forum_title>Romandie</forum_title>
<discussion_title>Couche-Tard: hausse du bénéfice, recul des ventes</discussion_title>
<language>french</language>
<gmt_offset></gmt_offset>
<topic_url>http://www.romandie.com/news/CoucheTard-hausse-du-benefice-recul-des-ventes/732446.rom</topic_url>
<topic_text>
Tweet Couche-Tard: hausse du bénéfice, recul des ventes MONTRÉAL (awp/afp) - Les ventes de Couche-Tard, groupe canadien de distribution alimentaire et de carburants, ont reculé au cours du premier trimestre fiscal 2017 tandis que le bénéfice a progressé. Couche-Tard a dégagé un bénéfice de 324 millions de dollars américains pour les trois premiers mois de son exercice fiscal 2017 (clos le 17 juillet), en hausse de 9% par rapport aux trois mois correspondants l&apos;an dernier. Le chiffre d&apos;affaires a reculé de 6% sur le trimestre à 8,4 milliards USD sous l&apos;impact d&apos;une baisse des prix des carburants sur un an, même si les volumes ont légèrement progressé. A la pompe, les ventes ont baissé de 14% pour le réseau américain, de 11% au Canada et de près de 2% en Europe. En revanche, les ventes dans les magasins des stations-service ont nettement augmenté en Europe (+28%) avec l&apos;acquisition du réseau Dansk Shell et ses 127 sites au Danemark. A la fin du premier trimestre fiscal, le groupe Couche-Tard disposait de 10.571 points de vente dans le monde, un réseau qui va augmenter nettement avec l&apos;acquisition de l&apos;Américain CST Brands. Cet achat de 4,4 mds USD annoncé la semaine dernière viendra grossir d&apos;environ 2.000 stations-service et supérettes le réseau de Couche-Tard dans le sud des Etats-Unis, ainsi que dans l&apos;Etat de New York et dans l&apos;est du Canada. Couche-Tard a également acquis lundi 53 stations-service en Louisiane sous la marque Cracker-Barrel. Ces deux transactions, en attente des autorisations des autorités de la concurrence, devraient être bouclées au début de 2017 pour faire de Couche-Tard l&apos;un des réseaux de stations-service les plus importants au monde. Sur les trois premiers mois de son exercice fiscal, la marge brute s&apos;est montée à 1,5 milliard USD en progression de 7% sur un an. afp/jh
</topic_text>
<spam_score>0.00</spam_score>
<post_num>1</post_num>
<post_id>post-1</post_id>
<post_url>http://www.romandie.com/news/CoucheTard-hausse-du-benefice-recul-des-ventes/732446.rom</post_url>
<post_date>20160830</post_date>
<post_time>1456</post_time>
<username></username>
<post>
Tweet Couche-Tard: hausse du bénéfice, recul des ventes MONTRÉAL (awp/afp) - Les ventes de Couche-Tard, groupe canadien de distribution alimentaire et de carburants, ont reculé au cours du premier trimestre fiscal 2017 tandis que le bénéfice a progressé. Couche-Tard a dégagé un bénéfice de 324 millions de dollars américains pour les trois premiers mois de son exercice fiscal 2017 (clos le 17 juillet), en hausse de 9% par rapport aux trois mois correspondants l&apos;an dernier. Le chiffre d&apos;affaires a reculé de 6% sur le trimestre à 8,4 milliards USD sous l&apos;impact d&apos;une baisse des prix des carburants sur un an, même si les volumes ont légèrement progressé. A la pompe, les ventes ont baissé de 14% pour le réseau américain, de 11% au Canada et de près de 2% en Europe. En revanche, les ventes dans les magasins des stations-service ont nettement augmenté en Europe (+28%) avec l&apos;acquisition du réseau Dansk Shell et ses 127 sites au Danemark. A la fin du premier trimestre fiscal, le groupe Couche-Tard disposait de 10.571 points de vente dans le monde, un réseau qui va augmenter nettement avec l&apos;acquisition de l&apos;Américain CST Brands. Cet achat de 4,4 mds USD annoncé la semaine dernière viendra grossir d&apos;environ 2.000 stations-service et supérettes le réseau de Couche-Tard dans le sud des Etats-Unis, ainsi que dans l&apos;Etat de New York et dans l&apos;est du Canada. Couche-Tard a également acquis lundi 53 stations-service en Louisiane sous la marque Cracker-Barrel. Ces deux transactions, en attente des autorisations des autorités de la concurrence, devraient être bouclées au début de 2017 pour faire de Couche-Tard l&apos;un des réseaux de stations-service les plus importants au monde. Sur les trois premiers mois de son exercice fiscal, la marge brute s&apos;est montée à 1,5 milliard USD en progression de 7% sur un an. afp/jh
</post>
<signature>

</signature>
<external_links>

</external_links>
<country>CH</country>
<main_image></main_image>
</document>
