<?xml version="1.0" encoding="UTF-8"?>
<document>
<type>mainstream</type>
<forum>http://www.leonoticias.com/rss/atom/?seccion=ultima-hora</forum>
<forum_title>RSS de noticias de ultima-hora</forum_title>
<discussion_title>Se acabó lo bueno (para los diputados)</discussion_title>
<language>spanish</language>
<gmt_offset></gmt_offset>
<topic_url>http://www.leonoticias.com/nacional/201608/30/acabo-bueno-para-diputados-20160830165815-rc.html</topic_url>
<topic_text>
Este sitio web utiliza cookies propias y de terceros para optimizar tu navegaciσn, adaptarse a tus preferencias y realizar labores analνticas. Al continuar navegando aceptas nuestra Polνtica de Cookies. Se acabó Pedro Sánchez y Antonio Hernando escuchan la intervención de Rajoy. La sesió Rajoy llega con gesto serio y tranquilo al hemiciclo y S 34 2,40 
Tras un mes de actividad anodina, los pasillos del Congreso han vuelto a vuelto a funcionar esta tarde a pleno rendimiento. Lo han hecho tras un periodo vacacional que ha sido el objeto de conversación de muchos de los diputados, tanto por sus lugares de destino como por algunos de los bronceados. Incluso, varias de sus seorías han retomado el curso apoyadas en muletas o con aparatosas escayolas que invitan a pensar en percances veraniegos a cuenta de deportes de riesgo. 
Tras el periodo de asueto, a toca regresar a la realidad. Y, al menos la realidad política, es de bloqueo institucional . Pese al previsible resultado de la investidura de Mariano Rajoy, la Cámara baja ha sido un hervidero de políticos y periodistas entre los que ha sobrevolado la cuestión de si saltará y el candidato del PP logra arañar de algún lado los seis votos que le faltan hasta la mayoría absoluta. 
La mayoría de los diputados ha optado por el silencio al respecto. Sí se ha parado con la prensa el republicano Joan Tardá para dejar caer un &quot;vamos a ver que nos cuenta la derecha&quot;. La popular Celia Villlabos también se ha detenido. En su caso para vaticinar los “infartos” que originarían una abstención sorpresa de los socialistas , a los que el ministro en funciones José ” . 
El formato elegido para la investidura ha sido el mismo que el PP criticó tanto en su día para Pedro Sánchez por dar inicio a la sesión a las 16.00 horas. El inicio ha sido de lo más organizado. Cada uno de los principales líderes entrando en el momento justo para no pisarse con los otros. Solo Rivera, el primero en llegar, ha corrido el riesgo de arrollar al convergente Francesc Homs en su intento de regatear a los medios de comunicación que le esperaban. Tras el líder de Ciudadanos, el siguiente ha sido Pablo Iglesias, quien ha accedido al hemiciclo arropado por la cúpula de Podemos y Alberto Garzón. En Mareas y En Comú, eso sí, han entrado por su cuenta y riesgo. Pedro Sánchez ni ha tenido que sonreír a unos periodistas entretenidos con el jornalero Diego Cañamero , ataviado con una llamativa camiseta estampada con un “. Rajoy ha sido el último. El candidato ha llegado
</topic_text>
<spam_score>0.00</spam_score>
<post_num>1</post_num>
<post_id>post-1</post_id>
<post_url>http://www.leonoticias.com/nacional/201608/30/acabo-bueno-para-diputados-20160830165815-rc.html</post_url>
<post_date>20160830</post_date>
<post_time>1704</post_time>
<username></username>
<post>
Este sitio web utiliza cookies propias y de terceros para optimizar tu navegaciσn, adaptarse a tus preferencias y realizar labores analνticas. Al continuar navegando aceptas nuestra Polνtica de Cookies. Se acabó Pedro Sánchez y Antonio Hernando escuchan la intervención de Rajoy. La sesió Rajoy llega con gesto serio y tranquilo al hemiciclo y S 34 2,40 
Tras un mes de actividad anodina, los pasillos del Congreso han vuelto a vuelto a funcionar esta tarde a pleno rendimiento. Lo han hecho tras un periodo vacacional que ha sido el objeto de conversación de muchos de los diputados, tanto por sus lugares de destino como por algunos de los bronceados. Incluso, varias de sus seorías han retomado el curso apoyadas en muletas o con aparatosas escayolas que invitan a pensar en percances veraniegos a cuenta de deportes de riesgo. 
Tras el periodo de asueto, a toca regresar a la realidad. Y, al menos la realidad política, es de bloqueo institucional . Pese al previsible resultado de la investidura de Mariano Rajoy, la Cámara baja ha sido un hervidero de políticos y periodistas entre los que ha sobrevolado la cuestión de si saltará y el candidato del PP logra arañar de algún lado los seis votos que le faltan hasta la mayoría absoluta. 
La mayoría de los diputados ha optado por el silencio al respecto. Sí se ha parado con la prensa el republicano Joan Tardá para dejar caer un &quot;vamos a ver que nos cuenta la derecha&quot;. La popular Celia Villlabos también se ha detenido. En su caso para vaticinar los “infartos” que originarían una abstención sorpresa de los socialistas , a los que el ministro en funciones José ” . 
El formato elegido para la investidura ha sido el mismo que el PP criticó tanto en su día para Pedro Sánchez por dar inicio a la sesión a las 16.00 horas. El inicio ha sido de lo más organizado. Cada uno de los principales líderes entrando en el momento justo para no pisarse con los otros. Solo Rivera, el primero en llegar, ha corrido el riesgo de arrollar al convergente Francesc Homs en su intento de regatear a los medios de comunicación que le esperaban. Tras el líder de Ciudadanos, el siguiente ha sido Pablo Iglesias, quien ha accedido al hemiciclo arropado por la cúpula de Podemos y Alberto Garzón. En Mareas y En Comú, eso sí, han entrado por su cuenta y riesgo. Pedro Sánchez ni ha tenido que sonreír a unos periodistas entretenidos con el jornalero Diego Cañamero , ataviado con una llamativa camiseta estampada con un “. Rajoy ha sido el último. El candidato ha llegado
</post>
<signature>

</signature>
<external_links>

</external_links>
<country>ES</country>
<main_image>http://www.leonoticias.com/RC/201608/30/media/cortadas/sanchez-hernando-congreso-k0gE-U202586031942BlH-575x323@RC.jpg</main_image>
</document>
