<?xml version="1.0" encoding="UTF-8"?>
<document>
<type>mainstream</type>
<forum>http://www.jeuxactu.com/hardware.rss</forum>
<forum_title>Toute l&apos;actualité JeuxActu.com</forum_title>
<discussion_title>One Piece Burning Blood : un trailer pour le second DLC du film Gold</discussion_title>
<language>french</language>
<gmt_offset></gmt_offset>
<topic_url>http://www.jeuxactu.com/one-piece-burning-blood-un-trailer-pour-le-second-dlc-105622.htm</topic_url>
<topic_text>
One Piece : Burning Blood › Vidéos › One Piece Burning Blood : un trailer pour le second DLC du film Gold Bandai Namco nous dévoile aujourd&apos;hui un tout nouveau trailer pour One Piece : Burning Blood, le jeu de baston sorti au début de l&apos;été. La vidéo d&apos;une petite minute nous présente Rob Lucci qui arrive en tant que personnage jouable en DLC, avec un focus sur certaines de ses attaques les plus dévastatrices. On peut aussi découvrir trois nouveaux costumes issus du film Gold pour Koala, Sabo et Sakazuki. Rappelons que le jeu est déjà disponible sur PS4, PS Vita et Xbox One, tandis que la version PC sortira le premier septembre 2016. &lt;meta itemprop=&quot;name&quot; content=&quot;Vidéo One Piece Burning Blood : un trailer pour le second DLC du film Gold&quot; /&gt; &lt;meta itemprop=&quot;description&quot; content=&quot;One Piece : Burning Blood a droit à un nouveau trailer qui présente Rob Lucci et son attaque spéciale dans une vidéo d&apos;une petite minute. On y voit aussi les costumes issus du film Gold pour Koala, Sabo et Sakazuki.&quot;/&gt; &lt;meta itemprop=&quot;width&quot; content=&quot;630&quot; /&gt; &lt;meta itemprop=&quot;height&quot; content=&quot;360&quot; /&gt; &lt;meta itemprop=&quot;thumbnailURL&quot; content=&quot;http://i.jeuxactus.com/datas/jeux/o/n/one-piece-burning-blood/vv/one-piece-burning-blood-57c56a782bfc5.jpg&quot; /&gt; &lt;meta itemprop=&quot;associatedArticle&quot; content=&quot;http://www.jeuxactu.comone-piece-burning-blood-un-trailer-pour-le-second-dlc-105622.htm&quot; /&gt; &lt;meta itemprop=&quot;embedUrl&quot; content=&quot;http://www.jeuxactu.com/videos/player-24841.htm&quot; /&gt;&lt;meta itemprop=&quot;duration&quot; content=&quot;P0H01M02S&quot; /&gt; par Damien Greffet le mardi 30 août 2016, 14:54 Donnez votre avis
</topic_text>
<spam_score>0.00</spam_score>
<post_num>1</post_num>
<post_id>post-1</post_id>
<post_url>http://www.jeuxactu.com/one-piece-burning-blood-un-trailer-pour-le-second-dlc-105622.htm</post_url>
<post_date>20160830</post_date>
<post_time>1453</post_time>
<username></username>
<post>
One Piece : Burning Blood › Vidéos › One Piece Burning Blood : un trailer pour le second DLC du film Gold Bandai Namco nous dévoile aujourd&apos;hui un tout nouveau trailer pour One Piece : Burning Blood, le jeu de baston sorti au début de l&apos;été. La vidéo d&apos;une petite minute nous présente Rob Lucci qui arrive en tant que personnage jouable en DLC, avec un focus sur certaines de ses attaques les plus dévastatrices. On peut aussi découvrir trois nouveaux costumes issus du film Gold pour Koala, Sabo et Sakazuki. Rappelons que le jeu est déjà disponible sur PS4, PS Vita et Xbox One, tandis que la version PC sortira le premier septembre 2016. &lt;meta itemprop=&quot;name&quot; content=&quot;Vidéo One Piece Burning Blood : un trailer pour le second DLC du film Gold&quot; /&gt; &lt;meta itemprop=&quot;description&quot; content=&quot;One Piece : Burning Blood a droit à un nouveau trailer qui présente Rob Lucci et son attaque spéciale dans une vidéo d&apos;une petite minute. On y voit aussi les costumes issus du film Gold pour Koala, Sabo et Sakazuki.&quot;/&gt; &lt;meta itemprop=&quot;width&quot; content=&quot;630&quot; /&gt; &lt;meta itemprop=&quot;height&quot; content=&quot;360&quot; /&gt; &lt;meta itemprop=&quot;thumbnailURL&quot; content=&quot;http://i.jeuxactus.com/datas/jeux/o/n/one-piece-burning-blood/vv/one-piece-burning-blood-57c56a782bfc5.jpg&quot; /&gt; &lt;meta itemprop=&quot;associatedArticle&quot; content=&quot;http://www.jeuxactu.comone-piece-burning-blood-un-trailer-pour-le-second-dlc-105622.htm&quot; /&gt; &lt;meta itemprop=&quot;embedUrl&quot; content=&quot;http://www.jeuxactu.com/videos/player-24841.htm&quot; /&gt;&lt;meta itemprop=&quot;duration&quot; content=&quot;P0H01M02S&quot; /&gt; par Damien Greffet le mardi 30 août 2016, 14:54 Donnez votre avis
</post>
<signature>

</signature>
<external_links>

</external_links>
<country>FR</country>
<main_image>http://i.jeuxactus.com/datas/jeux/o/n/one-piece-burning-blood/xl/array-577fc73114f9c.jpg</main_image>
</document>
