<?xml version="1.0" encoding="UTF-8"?>
<document>
<type>mainstream</type>
<forum>http://www.figyel.hu/rss.xml</forum>
<forum_title>[figyel.hu] - Hírek, percről percre. - RSS szolgáltatás</forum_title>
<discussion_title>Férfi kosárlabda: a továbbjutás a cél az Eb-selejtezőkön</discussion_title>
<language>hungarian</language>
<gmt_offset></gmt_offset>
<topic_url>http://www.figyel.hu/hirek/ferfi-kosarlabda-a-tovabbjutas-a-cel-az-eb-selejtezokon</topic_url>
<topic_text>
Férfi kosárlabda: a továbbjutás a cél az Eb-selejtezőkön   A sérülések ellenére a csapat ebben az összetételében alkalmas arra, hogy elérje célját, a selejtezőcsoportból való továbbjutást – közölte Szalay Ferenc, a Magyar Kosárlabdázók Országos Szövetségének (MKOSZ) elnöke a férfi válogatott Európa-bajnoki selejtezősorozatának első mérkőzése előtti sajtótájékoztatón Kecskeméten. tovább&gt;&gt;
</topic_text>
<spam_score>0.00</spam_score>
<post_num>1</post_num>
<post_id>post-1</post_id>
<post_url>http://www.figyel.hu/hirek/ferfi-kosarlabda-a-tovabbjutas-a-cel-az-eb-selejtezokon</post_url>
<post_date>20160830</post_date>
<post_time>1447</post_time>
<username></username>
<post>
Férfi kosárlabda: a továbbjutás a cél az Eb-selejtezőkön   A sérülések ellenére a csapat ebben az összetételében alkalmas arra, hogy elérje célját, a selejtezőcsoportból való továbbjutást – közölte Szalay Ferenc, a Magyar Kosárlabdázók Országos Szövetségének (MKOSZ) elnöke a férfi válogatott Európa-bajnoki selejtezősorozatának első mérkőzése előtti sajtótájékoztatón Kecskeméten. tovább&gt;&gt;
</post>
<signature>

</signature>
<external_links>

</external_links>
<country>HU</country>
<main_image>http://www.figyel.hu/image/logo/logo_120x240.gif</main_image>
</document>
