<?xml version="1.0" encoding="UTF-8"?>
<document>
<type>mainstream</type>
<forum>https://www.abqjournal.com/category/biz/health-care-biz</forum>
<forum_title>Health &amp;amp; Safety | Albuquerque Journal</forum_title>
<discussion_title>Jaynes Corp. latest to offer on-site clinic</discussion_title>
<language>english</language>
<gmt_offset></gmt_offset>
<topic_url>https://www.abqjournal.com/830906/jaynes-corp-latest-to-offer-on-site-clinic.html</topic_url>
<topic_text>
Nurse practitioner Eleanor Miranda gets ready for an appointment after a client logs into the system. (COURTESY JAYNES CORP)
ALBUQUERQUE, N.M. — Albuquerque-based Jaynes Corp. has made its mark building almost anything that a public or private client wants: schools, churches, banks, laboratories and shopping centers.
But for its employees, one of the most popular spaces is a modest building on its campus that houses a medical clinic for metro-area Jaynes workers and their dependents.
Since opening a few months back, a certified nurse practitioner conducts yearly physicals, handles basic primary care needs and administers first aid and flu shots. She’ll also diagnose illnesses, prescribe and dispense medications and make referrals to their regular doctors and specialists.
After consulting with employees and assuring them that all information related to visits would be confidential as mandated by the Health Insurance Portability and Accountability Act, Jaynes built the clinic with its own crews to give its 300 employees — and 500 dependents — access to quality care but also to reduce lost employee productivity and to keep overall medical premium rates lower, said Tracy Utterback, chief financial officer for Jaynes.
Utterback counted down the reasons that other Albuquerque employers with as few as a couple hundred employees are considering on-site health care: “To keep people on the job, to reduce claims, and to give employees and dependents greater access to improve their health.”
Typically, workplace clinics are found at companies that are self-insured and have large numbers of geographically concentrated employees. Increasingly, relatively smaller companies like Jaynes, Don Chalmers Ford and TLC Plumbing &amp; Utility are launching on-site health clinics staffed by a nurse or a physician assistant.
“We consulted with them a bit” to see how it works out, said Utterback of Chalmers and TLC.
Confidentiality was critical if the effort was to be successful, said Utterback. “There has to be a firewall between the data and the employer,” he said of an employee benefit that is not free, but “is very low cost.” The 1,000-square-foot facility is located on a “remote part” of the Jaynes campus at 2906 Broadway NE.
He declined to say how much it cost to build and staff and clinic. “We felt that associated costs of the clinic could be offset by decreases in our self-insured medical plan costs,” said Utterback.
Appointments are handled on a computerized system, and the clinic’s certified nurse practioner, Eleanor Miranda, sees patients between 7 a.m. and 5 p.m.
“We are an ‘early” company,” said Utterback about the convenient hours. “We may be pouring concerete at a job site at four or five in the morning.”
He said management expected feedback to be positive. “Employees say it is one of the most throughtful benefits we’ve provided.”
</topic_text>
<spam_score>0.00</spam_score>
<post_num>1</post_num>
<post_id>post-1</post_id>
<post_url>https://www.abqjournal.com/830906/jaynes-corp-latest-to-offer-on-site-clinic.html</post_url>
<post_date>20160822</post_date>
<post_time>1550</post_time>
<username>Steve Sinovic / Journal Staff Writer</username>
<post>
Nurse practitioner Eleanor Miranda gets ready for an appointment after a client logs into the system. (COURTESY JAYNES CORP)
ALBUQUERQUE, N.M. — Albuquerque-based Jaynes Corp. has made its mark building almost anything that a public or private client wants: schools, churches, banks, laboratories and shopping centers.
But for its employees, one of the most popular spaces is a modest building on its campus that houses a medical clinic for metro-area Jaynes workers and their dependents.
Since opening a few months back, a certified nurse practitioner conducts yearly physicals, handles basic primary care needs and administers first aid and flu shots. She’ll also diagnose illnesses, prescribe and dispense medications and make referrals to their regular doctors and specialists.
After consulting with employees and assuring them that all information related to visits would be confidential as mandated by the Health Insurance Portability and Accountability Act, Jaynes built the clinic with its own crews to give its 300 employees — and 500 dependents — access to quality care but also to reduce lost employee productivity and to keep overall medical premium rates lower, said Tracy Utterback, chief financial officer for Jaynes.
Utterback counted down the reasons that other Albuquerque employers with as few as a couple hundred employees are considering on-site health care: “To keep people on the job, to reduce claims, and to give employees and dependents greater access to improve their health.”
Typically, workplace clinics are found at companies that are self-insured and have large numbers of geographically concentrated employees. Increasingly, relatively smaller companies like Jaynes, Don Chalmers Ford and TLC Plumbing &amp; Utility are launching on-site health clinics staffed by a nurse or a physician assistant.
“We consulted with them a bit” to see how it works out, said Utterback of Chalmers and TLC.
Confidentiality was critical if the effort was to be successful, said Utterback. “There has to be a firewall between the data and the employer,” he said of an employee benefit that is not free, but “is very low cost.” The 1,000-square-foot facility is located on a “remote part” of the Jaynes campus at 2906 Broadway NE.
He declined to say how much it cost to build and staff and clinic. “We felt that associated costs of the clinic could be offset by decreases in our self-insured medical plan costs,” said Utterback.
Appointments are handled on a computerized system, and the clinic’s certified nurse practioner, Eleanor Miranda, sees patients between 7 a.m. and 5 p.m.
“We are an ‘early” company,” said Utterback about the convenient hours. “We may be pouring concerete at a job site at four or five in the morning.”
He said management expected feedback to be positive. “Employees say it is one of the most throughtful benefits we’ve provided.”
</post>
<signature>

</signature>
<external_links>
<external_link>https://d3el53au0d7w62.cloudfront.net/wp-content/uploads/2016/08/22/217137-250x166.jpg</external_link><external_link>https://d3el53au0d7w62.cloudfront.net/wp-content/uploads/2016/08/22/217137-175x116.jpg</external_link><external_link>https://d3el53au0d7w62.cloudfront.net/wp-content/uploads/2016/08/22/217137-700x465.jpg</external_link><external_link>https://d3el53au0d7w62.cloudfront.net/wp-content/uploads/2016/08/22/217137-500x332.jpg</external_link><external_link>https://d3el53au0d7w62.cloudfront.net/wp-content/uploads/2016/08/22/217137-100x66.jpg</external_link><external_link>https://d3el53au0d7w62.cloudfront.net/wp-content/uploads/2016/08/22/217137-640x426.jpg</external_link><external_link>https://d3el53au0d7w62.cloudfront.net/wp-content/uploads/2016/08/22/217137-1000x665.jpg</external_link><external_link>https://d3el53au0d7w62.cloudfront.net/wp-content/uploads/2016/08/22/217137-150x100.jpg</external_link><external_link>https://d3el53au0d7w62.cloudfront.net/wp-content/uploads/2016/08/22/217137-850x565.jpg</external_link><external_link>https://d3el53au0d7w62.cloudfront.net/wp-content/uploads/2016/08/22/217137-350x233.jpg</external_link><external_link>https://d3el53au0d7w62.cloudfront.net/wp-content/uploads/2016/08/22/217137-768x511.jpg</external_link><external_link>https://d3el53au0d7w62.cloudfront.net/wp-content/uploads/2016/08/22/217137-400x266.jpg</external_link>
</external_links>
<country>US</country>
<main_image>http://www.abqjournal.com/wp-content/uploads/2016/08/22/217137-1000x665.jpg</main_image>
</document>
