<?xml version="1.0" encoding="UTF-8"?>
<document>
<type>mainstream</type>
<forum>http://www.figyel.hu/rss.xml</forum>
<forum_title>[figyel.hu] - Hírek, percről percre. - RSS szolgáltatás</forum_title>
<discussion_title>Eurofoci: hol mikor zár az átigazolási piac? Az összes fontos időpont!</discussion_title>
<language>hungarian</language>
<gmt_offset></gmt_offset>
<topic_url>http://www.figyel.hu/hirek/eurofoci-hol-mikor-zar-az-atigazolasi-piac-az-osszes-fontos-idopont</topic_url>
<topic_text>
Eurofoci: hol mikor zár az átigazolási piac? Az összes fontos időpont!   Európa legtöbb országában augusztus 31-én bezárul a nyári átigazolási piac, azaz szerdán van a klubok utolsó lehetősége, hogy új játékosokat szerződtessenek, vegyenek kölcsönbe vagy épp adjanak el. tovább&gt;&gt;
</topic_text>
<spam_score>0.00</spam_score>
<post_num>1</post_num>
<post_id>post-1</post_id>
<post_url>http://www.figyel.hu/hirek/eurofoci-hol-mikor-zar-az-atigazolasi-piac-az-osszes-fontos-idopont</post_url>
<post_date>20160830</post_date>
<post_time>1424</post_time>
<username></username>
<post>
Eurofoci: hol mikor zár az átigazolási piac? Az összes fontos időpont!   Európa legtöbb országában augusztus 31-én bezárul a nyári átigazolási piac, azaz szerdán van a klubok utolsó lehetősége, hogy új játékosokat szerződtessenek, vegyenek kölcsönbe vagy épp adjanak el. tovább&gt;&gt;
</post>
<signature>

</signature>
<external_links>

</external_links>
<country>HU</country>
<main_image>http://www.figyel.hu/image/logo/logo_120x240.gif</main_image>
</document>
