<?xml version="1.0" encoding="UTF-8"?>
<document>
<type>mainstream</type>
<forum>http://jobs.guardian.co.uk/jobsrss/uk/england/south-west/gloucestershire/</forum>
<forum_title>Job Search RSS</forum_title>
<discussion_title>LIFELINE PROJECT SOUTHERN DIRECTORATE: Hospital Liaison and Through Care Nurse</discussion_title>
<language>english</language>
<gmt_offset></gmt_offset>
<topic_url>https://jobs.theguardian.com/job/6378858/hospital-liaison-and-through-care-nurse/</topic_url>
<topic_text>
Job Title Hospital Liaison and Through Care Nurse 
Reports To Operations Manager 
Location London Borough of Waltham Forest 
Hours 35 hours per week, with flexibility required 
Salary Band 5/6 £26,556 to £42,474 (inclusive of London Weighting) 
Date Updated August 2016 
JOB PURPOSE 
The Hospital Liaison and Through Care Nurse (HLTCN) will work within Lifeline Waltham Forest’s integrated drug and alcohol service across the community treatment service site and Whipps Cross Hospital (WXH) Emergency Department (ED). The post-holder will provide a range of health and clinical interventions to service users accessing the community service and advise on treatment interventions for drug and alcohol users accessing the ED. The HLTCN will be involved in assessing, supporting and monitoring service users for community or inpatient drug and/or alcohol detoxification as well as managing a caseload of complex alcohol service users, through collaborative care planning and integrated working. 
MAIN DUTIES AND RESPONSIBILITIES 
Service provision: 
• To undertake specialist substance misuse and health care assessments in WXH ED and at the service base. 
• To provide appropriate healthcare interventions, including specialist alcohol treatments, ensuring options to meet different levels of need, risk and complexity. 
• To discuss health and drug/alcohol treatment options, including potential side effects, with service users. 
• To support and deputise for nurse colleagues within the service to maintain healthcare coverage. 
• To request blood tests for dependent alcohol users and interpret in order to inform of suitability for detoxification. 
• To provide appropriate advice and monitoring of those undergoing community detoxification. 
• To be responsible for ensuring that service users maintain regular health checks, especially in relation to alcohol related health issues e.g. liver function tests. 
• To work closely with internal teams and WXH ED to develop referral pathways and planning for drug alcohol interventions. 
• To attend community care panel and review meetings to provide professional opinion for those presenting for / engaged in community or inpatient detoxification. 
• To develop referral pathways with external specialist services for additional support. 
• To ensure smooth continuity of care (including medicines management) into primary / other care. 
• To act as a knowledge broker for professionals regarding problematic drug/alcohol use and detoxification. 
• To contribute to the development of health education in relation to substance misuse and detoxification. 
• To ensure interventions are of high standard in line with the evidence-base and recognised standards 
• To ensure interventions are needs-led, care-planned, time, recovery and outcome focused. 
Performance management: 
• To be responsible for individual performance management, through self-management, delivery of goals and tasks set, and reporting on progress. 
• To comply with workforce management systems of supervision, objectives and appraisal. 
• To engage in opportunities for induction, learning, and training, as part of individual development plans. 
• To ensure effective recording of clinical activity, service user information and performance monitoring, using required data and case management systems and processes. 
• To contribute to the continuous improvement of the service and interventions delivered, including evaluation and review, involving service users and other stakeholders. 
GENERAL DUTIES 
• To maintain a professional appearance, ethic, and environment, and uphold Lifeline’s reputation. 
• To ensure visitors to the service are welcomed in a responsive, helpful and professional manner. 
• To adopt a team approach to the running of the service, dealing promptly with calls and issues. 
• To attend meetings as required, meet deadlines, and maintain professional service records. 
• To comply with service and service user case management requirements and systems. 
• To proactively contribute to supervision, team meetings, and professional self-development. 
• To work both independently and as part of a team in carrying out the duties of the role. 
• To work within professional boundaries, maintaining safety and appropriate confidentiality at all times. 
• To ensure staff, adults and children are protected, through effective assessment of risk, need and safeguarding issues, following local and organisational procedures and reporting requirements. 
• To commit to, and embed Lifeline’s Mission, Values and strategies within working practices. 
• To ensure services are delivered in compliance with the law, and relevant national and local policies, standards and guidance. 
• To maintain awareness and compliance with Lifeline’s policies and procedures, as they are updated. 
• To carry out responsibilities with clear regard to Lifeline’s Equal Opportunities, Equality and Valuing Diversity, Health and Safety, and other employee focused policies and procedures. 
• To work flexibly, to undertake such other reasonable duties and responsibilities, across the whole services, and at any location within reasonable daily travel from your main place of work. 
• To work flexibly to provide late working and weekend cover as required. 
JOB DESCRIPTION AGREEMENT 
This is an outline job description and may be subject to change according to the needs of the job, in consultation with the post holder. 
Post Holder’s Signature
</topic_text>
<spam_score>0.00</spam_score>
<post_num>1</post_num>
<post_id>post-1</post_id>
<post_url>https://jobs.theguardian.com/job/6378858/hospital-liaison-and-through-care-nurse/</post_url>
<post_date>20160830</post_date>
<post_time>0000</post_time>
<username></username>
<post>
Job Title Hospital Liaison and Through Care Nurse 
Reports To Operations Manager 
Location London Borough of Waltham Forest 
Hours 35 hours per week, with flexibility required 
Salary Band 5/6 £26,556 to £42,474 (inclusive of London Weighting) 
Date Updated August 2016 
JOB PURPOSE 
The Hospital Liaison and Through Care Nurse (HLTCN) will work within Lifeline Waltham Forest’s integrated drug and alcohol service across the community treatment service site and Whipps Cross Hospital (WXH) Emergency Department (ED). The post-holder will provide a range of health and clinical interventions to service users accessing the community service and advise on treatment interventions for drug and alcohol users accessing the ED. The HLTCN will be involved in assessing, supporting and monitoring service users for community or inpatient drug and/or alcohol detoxification as well as managing a caseload of complex alcohol service users, through collaborative care planning and integrated working. 
MAIN DUTIES AND RESPONSIBILITIES 
Service provision: 
• To undertake specialist substance misuse and health care assessments in WXH ED and at the service base. 
• To provide appropriate healthcare interventions, including specialist alcohol treatments, ensuring options to meet different levels of need, risk and complexity. 
• To discuss health and drug/alcohol treatment options, including potential side effects, with service users. 
• To support and deputise for nurse colleagues within the service to maintain healthcare coverage. 
• To request blood tests for dependent alcohol users and interpret in order to inform of suitability for detoxification. 
• To provide appropriate advice and monitoring of those undergoing community detoxification. 
• To be responsible for ensuring that service users maintain regular health checks, especially in relation to alcohol related health issues e.g. liver function tests. 
• To work closely with internal teams and WXH ED to develop referral pathways and planning for drug alcohol interventions. 
• To attend community care panel and review meetings to provide professional opinion for those presenting for / engaged in community or inpatient detoxification. 
• To develop referral pathways with external specialist services for additional support. 
• To ensure smooth continuity of care (including medicines management) into primary / other care. 
• To act as a knowledge broker for professionals regarding problematic drug/alcohol use and detoxification. 
• To contribute to the development of health education in relation to substance misuse and detoxification. 
• To ensure interventions are of high standard in line with the evidence-base and recognised standards 
• To ensure interventions are needs-led, care-planned, time, recovery and outcome focused. 
Performance management: 
• To be responsible for individual performance management, through self-management, delivery of goals and tasks set, and reporting on progress. 
• To comply with workforce management systems of supervision, objectives and appraisal. 
• To engage in opportunities for induction, learning, and training, as part of individual development plans. 
• To ensure effective recording of clinical activity, service user information and performance monitoring, using required data and case management systems and processes. 
• To contribute to the continuous improvement of the service and interventions delivered, including evaluation and review, involving service users and other stakeholders. 
GENERAL DUTIES 
• To maintain a professional appearance, ethic, and environment, and uphold Lifeline’s reputation. 
• To ensure visitors to the service are welcomed in a responsive, helpful and professional manner. 
• To adopt a team approach to the running of the service, dealing promptly with calls and issues. 
• To attend meetings as required, meet deadlines, and maintain professional service records. 
• To comply with service and service user case management requirements and systems. 
• To proactively contribute to supervision, team meetings, and professional self-development. 
• To work both independently and as part of a team in carrying out the duties of the role. 
• To work within professional boundaries, maintaining safety and appropriate confidentiality at all times. 
• To ensure staff, adults and children are protected, through effective assessment of risk, need and safeguarding issues, following local and organisational procedures and reporting requirements. 
• To commit to, and embed Lifeline’s Mission, Values and strategies within working practices. 
• To ensure services are delivered in compliance with the law, and relevant national and local policies, standards and guidance. 
• To maintain awareness and compliance with Lifeline’s policies and procedures, as they are updated. 
• To carry out responsibilities with clear regard to Lifeline’s Equal Opportunities, Equality and Valuing Diversity, Health and Safety, and other employee focused policies and procedures. 
• To work flexibly, to undertake such other reasonable duties and responsibilities, across the whole services, and at any location within reasonable daily travel from your main place of work. 
• To work flexibly to provide late working and weekend cover as required. 
JOB DESCRIPTION AGREEMENT 
This is an outline job description and may be subject to change according to the needs of the job, in consultation with the post holder. 
Post Holder’s Signature
</post>
<signature>

</signature>
<external_links>

</external_links>
<country>GB</country>
<main_image>//d1mbyzj6lih1pj.cloudfront.net/assets/dist/images/logo-bluebg.png;v=7d22bbdb3883e1215bb601184e4fe013</main_image>
</document>
