<?xml version="1.0" encoding="UTF-8"?>
<document>
<type>mainstream</type>
<forum>http://www.ecuadorenvivo.com/index.php?format=feed&amp;type=rss</forum>
<forum_title>Noticias Ecuador - Ecuador en vivo - Portada</forum_title>
<discussion_title>Cualquier otra intervención fuera del Consejo de Disciplina Militar es abuso de poder, según exministro</discussion_title>
<language>spanish</language>
<gmt_offset></gmt_offset>
<topic_url>http://www.ecuadorenvivo.com/politica/83-videos/51042-cualquier-otra-intervencion-fuera-del-consejo-de-disciplina-militar-es-abuso-de-poder-segun-exministro.html</topic_url>
<topic_text>
Detalles   
&quot;Abuso del poder&quot;. Esa es la apreciación que tiene el ex comandante de la Armada, Hugo Unda, de la acción de amparo constitucional interpuesta por el presidente de la República en contra de las decisiones tomadas por el Consejo de Disciplina Militar que inadmitió sendas demandas en contra de varios oficiales de la institución, demandas auspiciadas por el Ejecutivo. 
Según el ex ministro de Defensa, &quot;en leyes y reglamentos está especificado claramente quienes son miembros de Fuerzas Armadas y quienes no lo son, quienes están sujetos a reglamentos internos como la Ley de Personal de las Fuerzas Armadas u otras relativas al personal. El Consejo de Disciplina es un órgano establecido interiormente dentro de Fuerzas Armadas para juzgar, sancionar si fuera del caso, a miembros se Fuerzas Armadas. Cualquier otra intervención fuera de estos organismos y del ámbito de estas leyes son abuso de poder&quot;. (Ecuavisa) (0) 0
</topic_text>
<spam_score>0.00</spam_score>
<post_num>1</post_num>
<post_id>post-1</post_id>
<post_url>http://www.ecuadorenvivo.com/politica/83-videos/51042-cualquier-otra-intervencion-fuera-del-consejo-de-disciplina-militar-es-abuso-de-poder-segun-exministro.html</post_url>
<post_date>20160830</post_date>
<post_time>1424</post_time>
<username>jaime.teran@ecuadorenvivo.com (Jaime Teran)</username>
<post>
Detalles   
&quot;Abuso del poder&quot;. Esa es la apreciación que tiene el ex comandante de la Armada, Hugo Unda, de la acción de amparo constitucional interpuesta por el presidente de la República en contra de las decisiones tomadas por el Consejo de Disciplina Militar que inadmitió sendas demandas en contra de varios oficiales de la institución, demandas auspiciadas por el Ejecutivo. 
Según el ex ministro de Defensa, &quot;en leyes y reglamentos está especificado claramente quienes son miembros de Fuerzas Armadas y quienes no lo son, quienes están sujetos a reglamentos internos como la Ley de Personal de las Fuerzas Armadas u otras relativas al personal. El Consejo de Disciplina es un órgano establecido interiormente dentro de Fuerzas Armadas para juzgar, sancionar si fuera del caso, a miembros se Fuerzas Armadas. Cualquier otra intervención fuera de estos organismos y del ámbito de estas leyes son abuso de poder&quot;. (Ecuavisa) (0) 0
</post>
<signature>

</signature>
<external_links>

</external_links>
<country>US</country>
<main_image>http://www.ecuadorenvivo.com/images/2017_ENERO/WEB20160830HUGOUNDA_08bdc.jpg</main_image>
</document>
