<?xml version="1.0" encoding="UTF-8"?>
<document>
<type>mainstream</type>
<forum>http://www.prairiebusinessmagazine.com/latest/rss</forum>
<forum_title>| Prairie Business magazine</forum_title>
<discussion_title>MARKETING: 3 Tips for Effective Planning</discussion_title>
<language>english</language>
<gmt_offset></gmt_offset>
<topic_url>http://www.prairiebusinessmagazine.com/magazine/current-issue/4104081-marketing-3-tips-effective-planning</topic_url>
<topic_text>
VIDEO: Banquet in a field experience great for ag, for urbanites 
What should be tracked? Total spend-to-sales ratio: Looking at the historical marketing investment correlation to sales allows planning ahead for marketing costs. The objective is to find the most cost-effective market-ing mix that brings in the most sales — know which channels have the greatest impact. Acquisition versus retention investment: Allocate and monitor the cost and tactics used to keep customers versus acquire them. Total reach by channel: Not all channels have an equally sized audience. Be sure vendors are providing audience sizes for the actual target audience, not a general number or age group. Cost-per-thousand (CPM) by channel: After determining how many people can be reached, find out how much it will cost to reach them. A CPM model allows a comparison of costs across all channels. Cost-per-conversion per channel: Divide the total spend for each channel by the total conversions for each channel. Multiple conversions (goals) can be set up in Google Analytics, so be sure to look at each one. Creative messaging: When measuring creative messaging, do it before the launch of the full campaign. Once it’s been determined which content (headline, images, etc.) resonates the most, use it in the campaign and compare one campaign against another. Web audience and content consumption: Google makes it easy to see where visitors come into a website, what their interests are, the volume and where they are spending their time before they convert (or exit without converting). This info is used to optimize sites for future visitors. 
2. Set Goals 
Once a baseline is established, set some goals. This is the most important part of marketing. Once the goals are set, forecast. 
3. Establish Accountability 
A marketing director should be man-dating performance reports or hiring someone to do it. The reports need to show sales trends by category, as well as the performance by channel. Marketing plans are not “set it and forget it” — they are in a constant state of optimization. 
Last, an accountant should be relied upon to help break out marketing in a chart of accounts, to tie marketing investments to the return by product or service. Recommended for you
</topic_text>
<spam_score>0.00</spam_score>
<post_num>1</post_num>
<post_id>post-1</post_id>
<post_url>http://www.prairiebusinessmagazine.com/magazine/current-issue/4104081-marketing-3-tips-effective-planning</post_url>
<post_date>20160830</post_date>
<post_time>1430</post_time>
<username>Tiffanie Honeyman, Special to Prairie Business</username>
<post>
VIDEO: Banquet in a field experience great for ag, for urbanites 
What should be tracked? Total spend-to-sales ratio: Looking at the historical marketing investment correlation to sales allows planning ahead for marketing costs. The objective is to find the most cost-effective market-ing mix that brings in the most sales — know which channels have the greatest impact. Acquisition versus retention investment: Allocate and monitor the cost and tactics used to keep customers versus acquire them. Total reach by channel: Not all channels have an equally sized audience. Be sure vendors are providing audience sizes for the actual target audience, not a general number or age group. Cost-per-thousand (CPM) by channel: After determining how many people can be reached, find out how much it will cost to reach them. A CPM model allows a comparison of costs across all channels. Cost-per-conversion per channel: Divide the total spend for each channel by the total conversions for each channel. Multiple conversions (goals) can be set up in Google Analytics, so be sure to look at each one. Creative messaging: When measuring creative messaging, do it before the launch of the full campaign. Once it’s been determined which content (headline, images, etc.) resonates the most, use it in the campaign and compare one campaign against another. Web audience and content consumption: Google makes it easy to see where visitors come into a website, what their interests are, the volume and where they are spending their time before they convert (or exit without converting). This info is used to optimize sites for future visitors. 
2. Set Goals 
Once a baseline is established, set some goals. This is the most important part of marketing. Once the goals are set, forecast. 
3. Establish Accountability 
A marketing director should be man-dating performance reports or hiring someone to do it. The reports need to show sales trends by category, as well as the performance by channel. Marketing plans are not “set it and forget it” — they are in a constant state of optimization. 
Last, an accountant should be relied upon to help break out marketing in a chart of accounts, to tie marketing investments to the return by product or service. Recommended for you
</post>
<signature>

</signature>
<external_links>

</external_links>
<country>US</country>
<main_image>http://www.prairiebusinessmagazine.com/sites/default/files/styles/square_300/public/fieldimages/25/0829/marketing-1.jpg?itok=RU6jbaWr</main_image>
</document>
