<?xml version="1.0" encoding="UTF-8"?>
<document>
<type>mainstream</type>
<forum>http://www.hawr-digital.de/News/Allgemein.rss</forum>
<forum_title></forum_title>
<discussion_title>Jojo-Sommer in NRW: Wenig Sonne und viel Regen</discussion_title>
<language>german</language>
<gmt_offset></gmt_offset>
<topic_url>http://www.hawr-digital.de/Nachrichten/Jojo-Sommer-in-NRW-Wenig-Sonne-und-viel-Regen-52613.html</topic_url>
<topic_text>
Jojo-Sommer in NRW: Wenig Sonne und viel Regen 30.08.2016, 16:28 Uhr 
Essen/Offenbach. 
Essen/Offenbach. 
Wenig Sonne, viele Gewitter, extreme Niederschläge, kurze Hitzewellen: Der meteorologische Jojo-Sommer von Juni bis August hatte in Nordrhein-Westfalen mehrere Gesichter. So war NRW mit 545 Stunden das sonnenscheinärmste Bundesland, wie aus den am Dienstag veröffentlichten Zahlen des Deutschen Wetterdienstes (DWD) hervorgeht. Trotzdem stieg die durchschnittliche Temperatur mit 17,7 Grad im Vergleich zum Vorjahr um 1,4 Grad. Der Rekordwert des Jahres wurde am 20. Juli in Duisburg-Baerl mit 35,9 Grad gemessen, die Tiefsttemperatur mit 2 Grad am 11. August in Eslohe (Hochsauerlandkreis). Die größte Menge an Regen fiel mit 120,3 Litern pro Quadratmeter am 1. Juni in Hamminkeln-Mühlenrott am Niederrhein (Kreis Wesel). dpa/lnw
</topic_text>
<spam_score>0.00</spam_score>
<post_num>1</post_num>
<post_id>post-1</post_id>
<post_url>http://www.hawr-digital.de/Nachrichten/Jojo-Sommer-in-NRW-Wenig-Sonne-und-viel-Regen-52613.html</post_url>
<post_date>20160830</post_date>
<post_time>1428</post_time>
<username></username>
<post>
Jojo-Sommer in NRW: Wenig Sonne und viel Regen 30.08.2016, 16:28 Uhr 
Essen/Offenbach. 
Essen/Offenbach. 
Wenig Sonne, viele Gewitter, extreme Niederschläge, kurze Hitzewellen: Der meteorologische Jojo-Sommer von Juni bis August hatte in Nordrhein-Westfalen mehrere Gesichter. So war NRW mit 545 Stunden das sonnenscheinärmste Bundesland, wie aus den am Dienstag veröffentlichten Zahlen des Deutschen Wetterdienstes (DWD) hervorgeht. Trotzdem stieg die durchschnittliche Temperatur mit 17,7 Grad im Vergleich zum Vorjahr um 1,4 Grad. Der Rekordwert des Jahres wurde am 20. Juli in Duisburg-Baerl mit 35,9 Grad gemessen, die Tiefsttemperatur mit 2 Grad am 11. August in Eslohe (Hochsauerlandkreis). Die größte Menge an Regen fiel mit 120,3 Litern pro Quadratmeter am 1. Juni in Hamminkeln-Mühlenrott am Niederrhein (Kreis Wesel). dpa/lnw
</post>
<signature>

</signature>
<external_links>

</external_links>
<country>DE</country>
<main_image>http://www.hawr-digital.de/Bilder/Pic-46868m.jpg</main_image>
</document>
