<?xml version="1.0" encoding="UTF-8"?>
<document>
<type>mainstream</type>
<forum></forum>
<forum_title></forum_title>
<discussion_title>岩手 軽米町で新たに避難勧告 | NHKニュース</discussion_title>
<language>japanese</language>
<gmt_offset></gmt_offset>
<topic_url>http://www3.nhk.or.jp/news/html/20160831/k10010660861000.html</topic_url>
<topic_text>
岩手県軽米町は、川の氾濫のおそれがあるとして、３０日午後１１時半に、新たに下円子上組地区の９世帯２８人に避難勧告を出しました。避難勧告の対象はこれで合わせて５２０世帯１４１９人になりました。 この記事の関連ワード 
</topic_text>
<spam_score>0.00</spam_score>
<post_num>1</post_num>
<post_id>post-1</post_id>
<post_url>http://www3.nhk.or.jp/news/html/20160831/k10010660861000.html</post_url>
<post_date>20160830</post_date>
<post_time></post_time>
<username></username>
<post>
岩手県軽米町は、川の氾濫のおそれがあるとして、３０日午後１１時半に、新たに下円子上組地区の９世帯２８人に避難勧告を出しました。避難勧告の対象はこれで合わせて５２０世帯１４１９人になりました。 この記事の関連ワード 
</post>
<signature>

</signature>
<external_links>

</external_links>
<country>US</country>
<main_image>http://www3.nhk.or.jp/news/img/fb_futa16_600px.png</main_image>
</document>
