<?xml version="1.0" encoding="UTF-8"?>
<document>
<type>mainstream</type>
<forum>http://www.ecuadorenvivo.com/index.php?format=feed&amp;type=rss</forum>
<forum_title>Noticias Ecuador - Ecuador en vivo - Portada</forum_title>
<discussion_title>Palacios: &apos;La existencia de la UNE no depende de tener un edificio (…) vamos a seguir existiendo&apos; | Proceso de disolución de la organización es ilegal, según su presidenta</discussion_title>
<language>spanish</language>
<gmt_offset></gmt_offset>
<topic_url>http://www.ecuadorenvivo.com/politica/83-videos/51046-palacios-la-existencia-de-la-une-no-depende-de-tener-un-edificio-vamos-a-seguir-existiendo.html</topic_url>
<topic_text>
Palacios: &apos;La existencia de la UNE no depende de tener un edificio (…) vamos a seguir existiendo&apos; Proceso de disolución de la organización es ilegal, según su presidenta   

Roxana Palacios, presidente de la UNE, organización que enfrente un proceso de disolución dispuesto por el Ministerio de Educación, se refirió a esta medida que sería injusta y sin fundamento legal, según indicó. 
Ante el allanamiento de sus instalaciones, que ocurrió el pasado lunes 29 de agosto, aseguró que fue un asalto, pero que no condiciona la continuación de sus operaciones, ya que habrían recibido ayuda de otras organizaciones sindicales para ocupar sus instalaciones. “La existencia de la UNE no depende de tener un edificio (…) vamos a seguir existiendo”, señaló. 
Descartó que la UNE ha hecho descuentos de salarios a los profesores. “Nosotros no tenemos denuncias, que nos las hagan llegar”, apuntó. Por el contrario, afirmó que se financian por apuntes voluntarios de maestros y que estos no sobrepasan los 3 dólares mensuales. 
Palacios también aclaró que van a acudir a todas las instancias legales para impedir que el proceso continúe. “Vamos a defender todo lo que hemos construido”, enfatizó. (SB/RTU) 0
</topic_text>
<spam_score>0.00</spam_score>
<post_num>1</post_num>
<post_id>post-1</post_id>
<post_url>http://www.ecuadorenvivo.com/politica/83-videos/51046-palacios-la-existencia-de-la-une-no-depende-de-tener-un-edificio-vamos-a-seguir-existiendo.html</post_url>
<post_date>20160830</post_date>
<post_time>1445</post_time>
<username>santiago.bazante@ecuadorenvivo.com (Sebastián Bazante)</username>
<post>
Palacios: &apos;La existencia de la UNE no depende de tener un edificio (…) vamos a seguir existiendo&apos; Proceso de disolución de la organización es ilegal, según su presidenta   

Roxana Palacios, presidente de la UNE, organización que enfrente un proceso de disolución dispuesto por el Ministerio de Educación, se refirió a esta medida que sería injusta y sin fundamento legal, según indicó. 
Ante el allanamiento de sus instalaciones, que ocurrió el pasado lunes 29 de agosto, aseguró que fue un asalto, pero que no condiciona la continuación de sus operaciones, ya que habrían recibido ayuda de otras organizaciones sindicales para ocupar sus instalaciones. “La existencia de la UNE no depende de tener un edificio (…) vamos a seguir existiendo”, señaló. 
Descartó que la UNE ha hecho descuentos de salarios a los profesores. “Nosotros no tenemos denuncias, que nos las hagan llegar”, apuntó. Por el contrario, afirmó que se financian por apuntes voluntarios de maestros y que estos no sobrepasan los 3 dólares mensuales. 
Palacios también aclaró que van a acudir a todas las instancias legales para impedir que el proceso continúe. “Vamos a defender todo lo que hemos construido”, enfatizó. (SB/RTU) 0
</post>
<signature>

</signature>
<external_links>

</external_links>
<country>US</country>
<main_image>http://www.ecuadorenvivo.com/images/2017_ENERO/RTU_Une_44f1f.jpg</main_image>
</document>
