<?xml version="1.0" encoding="UTF-8"?>
<document>
<type>mainstream</type>
<forum>http://www.figyel.hu/rss.xml</forum>
<forum_title>[figyel.hu] - Hírek, percről percre. - RSS szolgáltatás</forum_title>
<discussion_title>3 őszi frizuratrend, amit ki kell próbálnod</discussion_title>
<language>hungarian</language>
<gmt_offset></gmt_offset>
<topic_url>http://www.figyel.hu/hirek/3-oszi-frizuratrend-amit-ki-kell-probalnod</topic_url>
<topic_text>
3 őszi frizuratrend, amit ki kell próbálnod   Ősszel nem csak az öltözködésünk, de a hajunk is nagyon laza és természetes lesz, már ha hihetünk a trendelőrejelzéseknek. Az alábbi három frizuratrendet egyszerűen imádjuk, mert mind nagyon vagány és könnyen elkészíthető. tovább&gt;&gt;
</topic_text>
<spam_score>0.00</spam_score>
<post_num>1</post_num>
<post_id>post-1</post_id>
<post_url>http://www.figyel.hu/hirek/3-oszi-frizuratrend-amit-ki-kell-probalnod</post_url>
<post_date>20160830</post_date>
<post_time>1426</post_time>
<username></username>
<post>
3 őszi frizuratrend, amit ki kell próbálnod   Ősszel nem csak az öltözködésünk, de a hajunk is nagyon laza és természetes lesz, már ha hihetünk a trendelőrejelzéseknek. Az alábbi három frizuratrendet egyszerűen imádjuk, mert mind nagyon vagány és könnyen elkészíthető. tovább&gt;&gt;
</post>
<signature>

</signature>
<external_links>

</external_links>
<country>HU</country>
<main_image>http://www.figyel.hu/image/logo/logo_120x240.gif</main_image>
</document>
