<?xml version="1.0" encoding="UTF-8"?>
<document>
<type>mainstream</type>
<forum>http://www.laht.com/content.asp?CategoryId=10717</forum>
<forum_title>Latin American Herald Tribune - Newspapers</forum_title>
<discussion_title>Venezuela Names New Ambassador to Iran, Announces Fresh Dynamism in Relations</discussion_title>
<language>english</language>
<gmt_offset></gmt_offset>
<topic_url>http://www.laht.com/article.asp?CategoryId=10717&amp;ArticleId=2419683</topic_url>
<topic_text>
Venezuela Names New Ambassador to Iran, Announces Fresh Dynamism in Relations
CARACAS  Venezuelan named Chief General Jesus Gonzalez as the countrys new ambassador to Iran on Saturday, while announcing the beginning of a new dynamic era in Caracas-Tehran bilateral relations.
Maduro made these announcements at a Caracas meeting with Iranian Foreign Minister Mohammad Javad Zarif, who arrived in the country sooner than expected on the final leg of his South American tour, after having visited Cuba, Nicaragua, Ecuador, Chile and Bolivia.
We are advancing in our bilateral cooperation as well as in matters of mutual interest for economic development ... we are going to create a new dynamism in Venezuela-Iran relations, said the Venezuelan leader, who later announced the creation of a special commission to follow up on their bilateral deals.
Central bank authorities from the two countries also signed an agreement on financial matters and issued a joint declaration to strengthen links, the Venezuelan Foreign Ministry said in a tweet, without revealing details.
Caracas foreign affairs chief Delcy Rodriguez said the meeting was attended by a ministerial delegation spanning different areas and added that the two countries are working to continue strengthening strategic alliances.
Zarif, in turn, expressed Irans interest in deepening and broadening cooperation with Venezuela and other Latin American countries. He said he was glad to consolidate the economic ties between Caracas and Tehran, which have enjoyed friendly relations based on the independence and resistance of their respective peoples.
In June 2015, the Venezuelan government and a high-level delegation from the Islamic Republic of Iran inked six deals on scientific, technological, economic and health cooperation.
</topic_text>
<spam_score>0.08</spam_score>
<post_num>1</post_num>
<post_id>post-1</post_id>
<post_url>http://www.laht.com/article.asp?CategoryId=10717&amp;ArticleId=2419683</post_url>
<post_date>20160828</post_date>
<post_time></post_time>
<username>laht.com</username>
<post>
Venezuela Names New Ambassador to Iran, Announces Fresh Dynamism in Relations
CARACAS  Venezuelan named Chief General Jesus Gonzalez as the countrys new ambassador to Iran on Saturday, while announcing the beginning of a new dynamic era in Caracas-Tehran bilateral relations.
Maduro made these announcements at a Caracas meeting with Iranian Foreign Minister Mohammad Javad Zarif, who arrived in the country sooner than expected on the final leg of his South American tour, after having visited Cuba, Nicaragua, Ecuador, Chile and Bolivia.
We are advancing in our bilateral cooperation as well as in matters of mutual interest for economic development ... we are going to create a new dynamism in Venezuela-Iran relations, said the Venezuelan leader, who later announced the creation of a special commission to follow up on their bilateral deals.
Central bank authorities from the two countries also signed an agreement on financial matters and issued a joint declaration to strengthen links, the Venezuelan Foreign Ministry said in a tweet, without revealing details.
Caracas foreign affairs chief Delcy Rodriguez said the meeting was attended by a ministerial delegation spanning different areas and added that the two countries are working to continue strengthening strategic alliances.
Zarif, in turn, expressed Irans interest in deepening and broadening cooperation with Venezuela and other Latin American countries. He said he was glad to consolidate the economic ties between Caracas and Tehran, which have enjoyed friendly relations based on the independence and resistance of their respective peoples.
In June 2015, the Venezuelan government and a high-level delegation from the Islamic Republic of Iran inked six deals on scientific, technological, economic and health cooperation.
</post>
<signature>

</signature>
<external_links>
<external_link>http://mm.servidornoticias.com/photos/w_300/d22/12083392w.jpg</external_link>
</external_links>
<country>US</country>
<main_image></main_image>
</document>
