<?xml version="1.0" encoding="UTF-8"?>
<document>
<type>mainstream</type>
<forum>http://finegoldjewelry.org/feed</forum>
<forum_title></forum_title>
<discussion_title>How To Make Your Jewelry Work For You</discussion_title>
<language>english</language>
<gmt_offset></gmt_offset>
<topic_url>http://finegoldjewelry.org/how-to-make-your-jewelry-work-for-you/</topic_url>
<topic_text>
Home → Fine Gold Jewelry → How To Make Your Jewelry Work For You Post navigation How To Make Your Jewelry Work For You Posted on by Rolf Joho August 30, 2016 
Here are some pointers and tips about how to buy jewelry. 
Use a polishing cloth to keep your jewelry as often as you want. This is a natural way to make them shine and not have to use any type of your jewelry without relying on abrasives or other harsh chemicals. Use the two-sided cloth on your jewelry as you would clean a glass. Use one side for polishing and the other to polish it. 
Polish your jewelry regularly with a jeweler’s polishing cloth. This is a chemical-free method to maintain the appearance of your fine jewelry. You use the special cloth to polish your jewelry just like you would polish your silverware. Use one side to shine it and the other to polish it. Sterling Silver 
When shopping for sterling silver jewelry , you need both a discerning eye and a small magnet. If the piece you are examining is not silver and is made from non-precious metal, it is not sterling silver! Only non-precious metals can be drawn to a magnet.You can identify sterling silver by its markings, or alternately,”“ster, “STERLING”. If the item has no markings indicating its authenticity, it could be because it is not real! 
The metals in jewelry can tarnish if exposed to humid air, so you will want to store them in a way that protects them. Keep your jewelry in a drawstring bag or in a box that is made for jewelry. Both air and humidity can lead to tarnished metal. Precious metals can easily be polished, but non-precious metal needs a special polish. 
Look at what you like close up, and be sure to compare them to others. Be careful of tricks that jewelers use cheap tactics to make a diamond look bigger or better. 
Before adding a piece of jewelry to your collection, research the latest trends. The only thing that beats getting a fantastic piece of jewelry is getting it for a discounted price! 
If you are looking to purchase sterling silver jewelry make sure that you have a magnet with you and a good eye. If an item of jewelry is attracted by a magnet, it is not sterling silver! Only non-precious metals can be drawn to a magnet. There should be a stamp hallmarked that says something like .925 sterling or ster, on sterling silver If your silver is not marked, it could be because it is not real! 
Keep your jewelry pieces looking beautiful by protecting them from getting tarnished in order to keep it looking it’s best. Try not to wear jewelry away from water. Water can cause some types of metal if it is exposed to it too often. If you want to give your jewelry a measure of protection from this element, prepare it by adding some clear nail polish on the surface. 
You should wear it for a few days to see how it feels and if it is comfortable. This can also help you to determine if the piece is sufficiently durable. 
When buying a new piece of jewelry, be sure to check on the current fashion trends. The only thing better than picking up a gorgeous bauble is getting it on sale! 
Consider the stones when you are buying jewelry. The right stone will enhance your skin tone and suit your personality.Neutral colored stones will work well with many different outfits. Plastic Wrap 
When you buy a piece of jewelery, inquire about the jeweler’s insurance policy. Many stores offer a policy where you can bring broken or damaged jewelry back to the original jeweler for repair at little to no cost. Many jewelers also have insurance for lost or stolen pieces. 
Untangle your knotted messes of delicate loops. It’s easy to get frustrated when trying to get the knots out of a badly tangled necklace, you should instead use plastic wrap. Put the necklace on the plastic wrap and cover it with a little mineral oil or baby oil.Use small needles to untangle the knot.Wash it gently with a bit of dish soap and pat dry. 
A matched jewelry set makes an excellent present for any woman on your list. You can often get a great deal of stores offer discounts when you buy sets of jewelry. You could always break the sets up and give them to multiple recipients or on multiple occasions. This is a fabulous way to give something every holiday season without having to worry that you will forget. 
If you want to collect costume jewelry, concentrate on getting quality peices. Even though it is not as expensive as its precious counterpart, costume jewelry represents a significant investment, one that can be lost if the pieces are allowed to get worn and broken. An item in good condition holds its value better in the long run. 
The strength of chlorine in pool water will corrode your jewelry and decrease its life. Salt water can be equally damaging over time too. Taking it off before you swim will protect your jewelry and extend their life. 
Brand name should not be the primary concern when purchasing jewelry. It is easy to find quality jewelry that is made by different brands. 
You need to know how to care for each piece in your jewelry collection. Metals, gemstones and settings all have different storage and cleaning requirements. The best way to care for a particular piece of jewelry could be harmful to a different piece. Talk with a professional if you aren’t sure what sort of care each jewel requires. 
The high price of purchasing gold can be a hindrance to owning that piece you really desire. An 18 karat gold piece is made up of at least 75 percent pure gold, which is generally considered by many to be the most optimal combination of quality and price. Flea Markets 
Consider unique pieces of jewelry for unique individuals. This shows that you are both thoughtful and creative, traits that someone who would want a unique piece of jewelry is likely to value. 
When you make jewelry to sell at flea markets, holiday sales and flea markets, you may be at a loss for ways to display it beautifully. When you are shopping for materials to make your jewelry, remember to think about creative displays. You can use every day items to display your jewelery, baskets, mirrors, etc. 
There are very good reasons that rubies are among the most popular gems to be used in high quality jewelry. While it’s true that rubies are red, rubies also come in a variety of shades ranging from deep rose to almost maroon. Rubies are especially hardy and withstand exposure to most chemicals and tear. Their ability to last many years make them a wonderful choice for most people. 
Accent a belt with a brooch to add more visual interest instantly. Place the broach in the middle of your waist for the best effect. 
It is hard to tell a natural ruby or sapphire from a synthetic one. These fancy stones might look physically and chemically identical, but the artificial ones can be supplied for a fraction of the cost of natural flawless ones. 
Many people wear gold and silver jewelry together. The easiest way to try this trend is with a single piece that uses both metals. If you do not do this, this could look outdated or mismatched. 
If you are selling your jewelry online, make sure it is presented attractively. This is particularly important when selling jewelry online, since the buyer can’t inspect the piece in person. Take photos of your jewelry in a place where the focus is on the piece instead of the background. 
If you want to continue to wear necklaces you wore when you were a child, wear them layered with trendy, more modern necklaces to create a grouped look. 
Shopping for diamonds can be very emotional. 
Both steam and dry saunas are included. This is because the extreme heat and moisture can cause serious problems to the piece. 
You could also make a plan to receive an upgraded diamond ring on your wedding anniversary, such as an anniversary. 
Any time you want to buy an extra special gift, jewelry is an obvious choice. Follow the advice here to aid in making a good jewelry choice for your spouse, companion, mom or offspring. 
When you are purchasing diamonds, do some shopping around. All diamonds are unique and will have different types of imperfections. When you see the diamond in person, the flaws, of course, can become much less important. Also, jewelers can adjust prices based on a specific diamond’s particular condition. Shop around to find a great, high-quality diamond at an affordable price.
</topic_text>
<spam_score>0.00</spam_score>
<post_num>1</post_num>
<post_id>post-1</post_id>
<post_url>http://finegoldjewelry.org/how-to-make-your-jewelry-work-for-you/</post_url>
<post_date>20160830</post_date>
<post_time>0134</post_time>
<username>Rolf Joho</username>
<post>
Home → Fine Gold Jewelry → How To Make Your Jewelry Work For You Post navigation How To Make Your Jewelry Work For You Posted on by Rolf Joho August 30, 2016 
Here are some pointers and tips about how to buy jewelry. 
Use a polishing cloth to keep your jewelry as often as you want. This is a natural way to make them shine and not have to use any type of your jewelry without relying on abrasives or other harsh chemicals. Use the two-sided cloth on your jewelry as you would clean a glass. Use one side for polishing and the other to polish it. 
Polish your jewelry regularly with a jeweler’s polishing cloth. This is a chemical-free method to maintain the appearance of your fine jewelry. You use the special cloth to polish your jewelry just like you would polish your silverware. Use one side to shine it and the other to polish it. Sterling Silver 
When shopping for sterling silver jewelry , you need both a discerning eye and a small magnet. If the piece you are examining is not silver and is made from non-precious metal, it is not sterling silver! Only non-precious metals can be drawn to a magnet.You can identify sterling silver by its markings, or alternately,”“ster, “STERLING”. If the item has no markings indicating its authenticity, it could be because it is not real! 
The metals in jewelry can tarnish if exposed to humid air, so you will want to store them in a way that protects them. Keep your jewelry in a drawstring bag or in a box that is made for jewelry. Both air and humidity can lead to tarnished metal. Precious metals can easily be polished, but non-precious metal needs a special polish. 
Look at what you like close up, and be sure to compare them to others. Be careful of tricks that jewelers use cheap tactics to make a diamond look bigger or better. 
Before adding a piece of jewelry to your collection, research the latest trends. The only thing that beats getting a fantastic piece of jewelry is getting it for a discounted price! 
If you are looking to purchase sterling silver jewelry make sure that you have a magnet with you and a good eye. If an item of jewelry is attracted by a magnet, it is not sterling silver! Only non-precious metals can be drawn to a magnet. There should be a stamp hallmarked that says something like .925 sterling or ster, on sterling silver If your silver is not marked, it could be because it is not real! 
Keep your jewelry pieces looking beautiful by protecting them from getting tarnished in order to keep it looking it’s best. Try not to wear jewelry away from water. Water can cause some types of metal if it is exposed to it too often. If you want to give your jewelry a measure of protection from this element, prepare it by adding some clear nail polish on the surface. 
You should wear it for a few days to see how it feels and if it is comfortable. This can also help you to determine if the piece is sufficiently durable. 
When buying a new piece of jewelry, be sure to check on the current fashion trends. The only thing better than picking up a gorgeous bauble is getting it on sale! 
Consider the stones when you are buying jewelry. The right stone will enhance your skin tone and suit your personality.Neutral colored stones will work well with many different outfits. Plastic Wrap 
When you buy a piece of jewelery, inquire about the jeweler’s insurance policy. Many stores offer a policy where you can bring broken or damaged jewelry back to the original jeweler for repair at little to no cost. Many jewelers also have insurance for lost or stolen pieces. 
Untangle your knotted messes of delicate loops. It’s easy to get frustrated when trying to get the knots out of a badly tangled necklace, you should instead use plastic wrap. Put the necklace on the plastic wrap and cover it with a little mineral oil or baby oil.Use small needles to untangle the knot.Wash it gently with a bit of dish soap and pat dry. 
A matched jewelry set makes an excellent present for any woman on your list. You can often get a great deal of stores offer discounts when you buy sets of jewelry. You could always break the sets up and give them to multiple recipients or on multiple occasions. This is a fabulous way to give something every holiday season without having to worry that you will forget. 
If you want to collect costume jewelry, concentrate on getting quality peices. Even though it is not as expensive as its precious counterpart, costume jewelry represents a significant investment, one that can be lost if the pieces are allowed to get worn and broken. An item in good condition holds its value better in the long run. 
The strength of chlorine in pool water will corrode your jewelry and decrease its life. Salt water can be equally damaging over time too. Taking it off before you swim will protect your jewelry and extend their life. 
Brand name should not be the primary concern when purchasing jewelry. It is easy to find quality jewelry that is made by different brands. 
You need to know how to care for each piece in your jewelry collection. Metals, gemstones and settings all have different storage and cleaning requirements. The best way to care for a particular piece of jewelry could be harmful to a different piece. Talk with a professional if you aren’t sure what sort of care each jewel requires. 
The high price of purchasing gold can be a hindrance to owning that piece you really desire. An 18 karat gold piece is made up of at least 75 percent pure gold, which is generally considered by many to be the most optimal combination of quality and price. Flea Markets 
Consider unique pieces of jewelry for unique individuals. This shows that you are both thoughtful and creative, traits that someone who would want a unique piece of jewelry is likely to value. 
When you make jewelry to sell at flea markets, holiday sales and flea markets, you may be at a loss for ways to display it beautifully. When you are shopping for materials to make your jewelry, remember to think about creative displays. You can use every day items to display your jewelery, baskets, mirrors, etc. 
There are very good reasons that rubies are among the most popular gems to be used in high quality jewelry. While it’s true that rubies are red, rubies also come in a variety of shades ranging from deep rose to almost maroon. Rubies are especially hardy and withstand exposure to most chemicals and tear. Their ability to last many years make them a wonderful choice for most people. 
Accent a belt with a brooch to add more visual interest instantly. Place the broach in the middle of your waist for the best effect. 
It is hard to tell a natural ruby or sapphire from a synthetic one. These fancy stones might look physically and chemically identical, but the artificial ones can be supplied for a fraction of the cost of natural flawless ones. 
Many people wear gold and silver jewelry together. The easiest way to try this trend is with a single piece that uses both metals. If you do not do this, this could look outdated or mismatched. 
If you are selling your jewelry online, make sure it is presented attractively. This is particularly important when selling jewelry online, since the buyer can’t inspect the piece in person. Take photos of your jewelry in a place where the focus is on the piece instead of the background. 
If you want to continue to wear necklaces you wore when you were a child, wear them layered with trendy, more modern necklaces to create a grouped look. 
Shopping for diamonds can be very emotional. 
Both steam and dry saunas are included. This is because the extreme heat and moisture can cause serious problems to the piece. 
You could also make a plan to receive an upgraded diamond ring on your wedding anniversary, such as an anniversary. 
Any time you want to buy an extra special gift, jewelry is an obvious choice. Follow the advice here to aid in making a good jewelry choice for your spouse, companion, mom or offspring. 
When you are purchasing diamonds, do some shopping around. All diamonds are unique and will have different types of imperfections. When you see the diamond in person, the flaws, of course, can become much less important. Also, jewelers can adjust prices based on a specific diamond’s particular condition. Shop around to find a great, high-quality diamond at an affordable price.
</post>
<signature>

</signature>
<external_links>

</external_links>
<country>US</country>
<main_image></main_image>
</document>
