<?xml version="1.0" encoding="UTF-8"?>
<document>
<type>mainstream</type>
<forum>http://handelsblatt.com//contentexport/feed/top-themen/</forum>
<forum_title>Handelsblatt Online Top-Themen</forum_title>
<discussion_title>Rousseff vor dem Aus : Brasiliens Senat will Präsidentin offenbar mit Zweidrittel-Mehrheit absetzen</discussion_title>
<language>german</language>
<gmt_offset></gmt_offset>
<topic_url>http://www.handelsblatt.com/politik/international/rousseff-vor-dem-aus-brasiliens-senat-will-praesidentin-offenbar-mit-zweidrittel-mehrheit-absetzen/14475110.html</topic_url>
<topic_text>
Dilma Rousseff Wegen des Vorwurfs der Bilanzfälschung musste sich Rousseff vor dem brasilianischen Senat rechtfertigen – offenbar ohne Erfolg.
(Foto: Reuters) Brasília Brasiliens suspendierte Präsidentin Dilma Rousseff steht vor dem endgültigen Aus. Am Dienstag begannen im Senat die finalen Beratungen. Nach Angaben des Portals „Folha de S. Paulo“ ist die notwendige Zwei-Drittel-Mehrheit von 54 der 81 Senatoren für die Amtsenthebung der ersten Präsidentin des Landes sicher. 59 Senatoren hätten bereits eine Zustimmung signalisiert.
In dem Fall würde Interimspräsident Michel Temer neuer Präsident und könnte mit einer Mitte-Rechts-Regierung bis Ende 2018 im Amt bleiben. Er rechne mit der Abstimmung erst am Mittwochmorgen, sagte der die Verhandlungen leitete Präsident des Obersten Gerichtshofs, Ricardo Lewandowski, am Dienstag zum Auftakt.
Da zunächst wie in einem Gerichtsprozess Anklage und Verteidigung ihre Argumente vortragen und danach jeder Senator zehn Minuten reden darf, wird mit einer Marathonsitzung gerechnet. Rund 65 Senatoren planen bisher zu reden, allein das wird elf Stunden dauern. Rousseff werden unter anderem Bilanztricks zur Schönung des Defizits vorgeworfen - sie spricht von einem rein politisch motivierten Verfahren einer „Allianz von Putschisten“, die das linke Regierungsprojekt der Arbeiterpartei so stoppen wollen. 
Die Vorwürfe gegen Roussef Hintergrund Das Amtsenthebungsverfahren gegen Brasiliens Präsidentin Dilma Rousseff wird nicht mit Korruptionsvorwürfen begründet, sondern primär mit Bilanztricks im Staatshaushalt. 
Bilanztrick Eins Über staatliche Banken wie die Banco do Brasil werden Sozialprogramme wie die Familiensozialhilfe bezahlt. Die Regierung soll die Überweisung von 3,5 Milliarden Reais (knapp eine Milliarde Euro) für ein Hilfsprogramm für Bauern (Plano Safra) bewusst verzögert haben, um das Defizit zu verringern - das haben aber auch schon Vorgängerregierungen gemacht. Damit geben staatliche Banken der öffentlichen Hand aber sozusagen ein Darlehen, was verboten ist – auch für die Finanzmärkte kann so die wahre Haushaltslage einige Zeit verschleiert werden. 
Bilanztrick Zwei Zum anderen geht es um sechs Dekrete für milliardenschwere Kredite für staatliche Ausgaben, die ohne die Zustimmung des Kongresses erlassen worden seien. Doch ob Verstöße gegen ihre Verantwortung als Präsidentin („Crime de Responsabilidade“) vorliegen, ist auch hier umstritten. Zudem gilt der bisherige Vizepräsident Michel Temer, der sie beerben will, als mitverantwortlich, gerade bei der Frage möglicher Kreditverstöße. 
dpa dpa dpa Deutsche Presse-Agentur GmbH / Nachrichtenagentur Alle Beiträge von dpa anzeigen. Politik-News Kolumnen Special 16:57 Uhr Marineeinsatz „Sophia“ : EU startet neue Einsätze vor Libyens Küste 16:48 Uhr Gauck-Nachfolge : Steinmeier for President? 16:22 Uhr Jörg Meuthen : AfD-Bundeschef mit tiefgefrorener Torte beworfen 16:15 Uhr Rousseff vor dem Aus : Brasiliens Senat will Präsidentin offenbar mit Zweidrittel-Mehrheit absetzen 16:07 Uhr Integrationsgesetz : Bayern lehnt SPD-Pläne kategorisch ab 15:47 Uhr Einigung mit EU : Deutsche Industrie behält Privilegien bei Ökostrom 15:36 Uhr Urteil des Verfassungsgerichtshofs : Der „Kommunal-Soli“ ist verfassungskonform 15:34 Uhr Türkei nach dem Putschversuch : Die „schwarze Liste“ des Recep Tayyip Erdogan 15:21 Uhr Arbeitslosengeld II erhöht : Das ist im Hartz-IV-Regelsatz enthalten 15:19 Uhr TTIP droht das Scheitern : Sigmar Gabriel legt nochmal nach 15:14 Uhr Soziale Start-ups und die SPD : Premium Mehr Unterstützung für die „Sozialerfinder“ 14:09 Uhr Konjunktur : Deutsche Inflation zieht kaum an 13:59 Uhr EZB-Anleihenkäufe : Bundesanleihen für Kaufprogramm werden rar 13:56 Uhr TTIP-Verhandlungen vor dem Aus : Die Antiglobalisierer 13:42 Uhr Nach Lebenslauf-Affäre : Petra Hinz ist ab Donnerstag keine Abgeordnete mehr 13:39 Uhr Hartz-IV-Sätze steigen : Kinder ab sechs Jahren bekommen deutlich mehr 13:34 Uhr Forderungen nach Steuersenkungen : Wie Kleinverdiener wirksam entlastet werden könnten 13:20 Uhr Emmanuel Macron : Frankreichs Wirtschaftsminister kündigt Rücktritt an 13:15 Uhr Kampf gegen den IS : Obama will mit Erdogan über Differenzen sprechen 12:54 Uhr Horst Seehofer zu K-Frage : CSU-Chef dringt auf Ende der Kanzlerdebatte Alle Schlagzeilen Videos Bilder Politik : SPD-Spitzenkandidat Sellering besorgt über Erstarken der AfD Mögliches Kriegsverbrechen : Kollektivstrafe im Westjordanland Wahlkampf : „Wir müssen um die Wähler und Wählerinnen kämpfen“ Weitere Videos Immer informiert Konjunkturtermine : Wochenvorschau Die wichtigsten Ereignisse und Indikatoren in Europa und International mehr… 
Statistiken zum Thema Politik Statista : Altersstruktur der Bevölkerung in Deutschland 2015 Statista : Zahl der Einwohner in Deutschland bis 2015 Statista : Umfrage in Deutschland zum Anlegen von Vorräten für den Fall einer Katastrophe 2016
</topic_text>
<spam_score>0.00</spam_score>
<post_num>1</post_num>
<post_id>post-1</post_id>
<post_url>http://www.handelsblatt.com/politik/international/rousseff-vor-dem-aus-brasiliens-senat-will-praesidentin-offenbar-mit-zweidrittel-mehrheit-absetzen/14475110.html</post_url>
<post_date>20160830</post_date>
<post_time>1615</post_time>
<username>handelsblatt.com</username>
<post>
Dilma Rousseff Wegen des Vorwurfs der Bilanzfälschung musste sich Rousseff vor dem brasilianischen Senat rechtfertigen – offenbar ohne Erfolg.
(Foto: Reuters) Brasília Brasiliens suspendierte Präsidentin Dilma Rousseff steht vor dem endgültigen Aus. Am Dienstag begannen im Senat die finalen Beratungen. Nach Angaben des Portals „Folha de S. Paulo“ ist die notwendige Zwei-Drittel-Mehrheit von 54 der 81 Senatoren für die Amtsenthebung der ersten Präsidentin des Landes sicher. 59 Senatoren hätten bereits eine Zustimmung signalisiert.
In dem Fall würde Interimspräsident Michel Temer neuer Präsident und könnte mit einer Mitte-Rechts-Regierung bis Ende 2018 im Amt bleiben. Er rechne mit der Abstimmung erst am Mittwochmorgen, sagte der die Verhandlungen leitete Präsident des Obersten Gerichtshofs, Ricardo Lewandowski, am Dienstag zum Auftakt.
Da zunächst wie in einem Gerichtsprozess Anklage und Verteidigung ihre Argumente vortragen und danach jeder Senator zehn Minuten reden darf, wird mit einer Marathonsitzung gerechnet. Rund 65 Senatoren planen bisher zu reden, allein das wird elf Stunden dauern. Rousseff werden unter anderem Bilanztricks zur Schönung des Defizits vorgeworfen - sie spricht von einem rein politisch motivierten Verfahren einer „Allianz von Putschisten“, die das linke Regierungsprojekt der Arbeiterpartei so stoppen wollen. 
Die Vorwürfe gegen Roussef Hintergrund Das Amtsenthebungsverfahren gegen Brasiliens Präsidentin Dilma Rousseff wird nicht mit Korruptionsvorwürfen begründet, sondern primär mit Bilanztricks im Staatshaushalt. 
Bilanztrick Eins Über staatliche Banken wie die Banco do Brasil werden Sozialprogramme wie die Familiensozialhilfe bezahlt. Die Regierung soll die Überweisung von 3,5 Milliarden Reais (knapp eine Milliarde Euro) für ein Hilfsprogramm für Bauern (Plano Safra) bewusst verzögert haben, um das Defizit zu verringern - das haben aber auch schon Vorgängerregierungen gemacht. Damit geben staatliche Banken der öffentlichen Hand aber sozusagen ein Darlehen, was verboten ist – auch für die Finanzmärkte kann so die wahre Haushaltslage einige Zeit verschleiert werden. 
Bilanztrick Zwei Zum anderen geht es um sechs Dekrete für milliardenschwere Kredite für staatliche Ausgaben, die ohne die Zustimmung des Kongresses erlassen worden seien. Doch ob Verstöße gegen ihre Verantwortung als Präsidentin („Crime de Responsabilidade“) vorliegen, ist auch hier umstritten. Zudem gilt der bisherige Vizepräsident Michel Temer, der sie beerben will, als mitverantwortlich, gerade bei der Frage möglicher Kreditverstöße. 
dpa dpa dpa Deutsche Presse-Agentur GmbH / Nachrichtenagentur Alle Beiträge von dpa anzeigen. Politik-News Kolumnen Special 16:57 Uhr Marineeinsatz „Sophia“ : EU startet neue Einsätze vor Libyens Küste 16:48 Uhr Gauck-Nachfolge : Steinmeier for President? 16:22 Uhr Jörg Meuthen : AfD-Bundeschef mit tiefgefrorener Torte beworfen 16:15 Uhr Rousseff vor dem Aus : Brasiliens Senat will Präsidentin offenbar mit Zweidrittel-Mehrheit absetzen 16:07 Uhr Integrationsgesetz : Bayern lehnt SPD-Pläne kategorisch ab 15:47 Uhr Einigung mit EU : Deutsche Industrie behält Privilegien bei Ökostrom 15:36 Uhr Urteil des Verfassungsgerichtshofs : Der „Kommunal-Soli“ ist verfassungskonform 15:34 Uhr Türkei nach dem Putschversuch : Die „schwarze Liste“ des Recep Tayyip Erdogan 15:21 Uhr Arbeitslosengeld II erhöht : Das ist im Hartz-IV-Regelsatz enthalten 15:19 Uhr TTIP droht das Scheitern : Sigmar Gabriel legt nochmal nach 15:14 Uhr Soziale Start-ups und die SPD : Premium Mehr Unterstützung für die „Sozialerfinder“ 14:09 Uhr Konjunktur : Deutsche Inflation zieht kaum an 13:59 Uhr EZB-Anleihenkäufe : Bundesanleihen für Kaufprogramm werden rar 13:56 Uhr TTIP-Verhandlungen vor dem Aus : Die Antiglobalisierer 13:42 Uhr Nach Lebenslauf-Affäre : Petra Hinz ist ab Donnerstag keine Abgeordnete mehr 13:39 Uhr Hartz-IV-Sätze steigen : Kinder ab sechs Jahren bekommen deutlich mehr 13:34 Uhr Forderungen nach Steuersenkungen : Wie Kleinverdiener wirksam entlastet werden könnten 13:20 Uhr Emmanuel Macron : Frankreichs Wirtschaftsminister kündigt Rücktritt an 13:15 Uhr Kampf gegen den IS : Obama will mit Erdogan über Differenzen sprechen 12:54 Uhr Horst Seehofer zu K-Frage : CSU-Chef dringt auf Ende der Kanzlerdebatte Alle Schlagzeilen Videos Bilder Politik : SPD-Spitzenkandidat Sellering besorgt über Erstarken der AfD Mögliches Kriegsverbrechen : Kollektivstrafe im Westjordanland Wahlkampf : „Wir müssen um die Wähler und Wählerinnen kämpfen“ Weitere Videos Immer informiert Konjunkturtermine : Wochenvorschau Die wichtigsten Ereignisse und Indikatoren in Europa und International mehr… 
Statistiken zum Thema Politik Statista : Altersstruktur der Bevölkerung in Deutschland 2015 Statista : Zahl der Einwohner in Deutschland bis 2015 Statista : Umfrage in Deutschland zum Anlegen von Vorräten für den Fall einer Katastrophe 2016
</post>
<signature>

</signature>
<external_links>

</external_links>
<country>DE</country>
<main_image>http://www.handelsblatt.com/images/dilma-rousseff/14475142/2-format2010.jpg</main_image>
</document>
