<?xml version="1.0" encoding="UTF-8"?>
<document>
<type>mainstream</type>
<forum>http://www.lasicilia.it/sezioni/116/sport</forum>
<forum_title>Sport</forum_title>
<discussion_title>Sisma: asta benefica con maglie Cagliari</discussion_title>
<language>italian</language>
<gmt_offset></gmt_offset>
<topic_url>http://www.lasicilia.it/news/sport/24496/sisma-asta-benefica-con-maglie-cagliari.html</topic_url>
<topic_text>
CAGLIARI, 30 AGO - Sono le maglie di Storari, Sau, Padoin, Borriello e Bruno Alves le più gettonate nell&apos;asta delle casacche dei giocatori rossoblu utilizzate nella sfida con la Roma (terminata 2-2). La vendita - il cui ricavato sarà devoluto a favore delle popolazioni terremotate del centro Italia - è in corso sul sito Charitystars. Tutte le magliette sono autografate. Le offerte sono destinate a crescere già nelle prossime ore: c&apos;è tempo ancora una settimana per portarsi a casa la maglietta. Ci sono &apos;cimeli&apos; per tutti i prezzi: si possono acquistare anche le magliette indossate da chi era in panchina e non è entrato in campo. Un grande esempio di solidarietà dai tifosi sardi: domenica scorsa anche al Sant&apos;Elia è stato osservato un minuto di silenzio in onore delle vittime, con il pubblico in piedi in un lungo applauso.
 
</topic_text>
<spam_score>0.00</spam_score>
<post_num>1</post_num>
<post_id>post-1</post_id>
<post_url>http://www.lasicilia.it/news/sport/24496/sisma-asta-benefica-con-maglie-cagliari.html</post_url>
<post_date>20160830</post_date>
<post_time></post_time>
<username>lasicilia.it</username>
<post>
CAGLIARI, 30 AGO - Sono le maglie di Storari, Sau, Padoin, Borriello e Bruno Alves le più gettonate nell&apos;asta delle casacche dei giocatori rossoblu utilizzate nella sfida con la Roma (terminata 2-2). La vendita - il cui ricavato sarà devoluto a favore delle popolazioni terremotate del centro Italia - è in corso sul sito Charitystars. Tutte le magliette sono autografate. Le offerte sono destinate a crescere già nelle prossime ore: c&apos;è tempo ancora una settimana per portarsi a casa la maglietta. Ci sono &apos;cimeli&apos; per tutti i prezzi: si possono acquistare anche le magliette indossate da chi era in panchina e non è entrato in campo. Un grande esempio di solidarietà dai tifosi sardi: domenica scorsa anche al Sant&apos;Elia è stato osservato un minuto di silenzio in onore delle vittime, con il pubblico in piedi in un lungo applauso.
 
</post>
<signature>

</signature>
<external_links>

</external_links>
<country>IT</country>
<main_image>http://www.lasicilia.it/resizer/600/315/true/509c5d4d576cfa84f2719b70afc07b4b.jpg--.jpg</main_image>
</document>
