<?xml version="1.0" encoding="UTF-8"?>
<document>
<type>mainstream</type>
<forum>http://news.21.by/pub/rss/discuss.rss</forum>
<forum_title>Рейтинг обсуждаемых новостей 21.by</forum_title>
<discussion_title>В Италии кошка после землетрясения провела пять дней под завалами и выжила</discussion_title>
<language>russian</language>
<gmt_offset></gmt_offset>
<topic_url>http://news.21.by/culture/2016/08/30/1234700.html</topic_url>
<topic_text>
A Итальянские спасатели извлекли из-под обломков жилого дома в городе Аматриче домашнюю кошку, которая провела под развалинами пять дней. Об этом во вторник, 30 августа, пишет &lt;&gt; The Local . В ночь на 24 августа город пострадал от землетрясения. Хозяйка кошки по кличке Джойя (в переводе с итальянского — «Радость»), покидая дом, не смогла обнаружить спрятавшуюся куда-то питомицу. Женщина просила спасателей найти кошку, но первоначальные поиски не принесли результата. Джойю обнаружили только после того, как ручной разбор завалов закончился и к делу приступили бульдозеры. Спасатели освободили кошку. Осмотревшие Джойю ветеринары заключили, что животное здорово, хотя пережило стресс и страдает от обезвоживания. Как уточняет издание, из-под руин в Аматриче извлекли в общей сложности около 200 животных. Землетрясение в Италии магнитудой 6,0 произошло в ночь на 24 августа. Эпицентр находился в 113 километрах к северо-востоку от Рима. Погибли &lt;&gt; более 280 человек , большинство из которых были жителями Аматриче. В населенном пункте были разрушены 75 процентов зданий, уцелевшие стали непригодны для жилья.
</topic_text>
<spam_score>0.00</spam_score>
<post_num>1</post_num>
<post_id>post-1</post_id>
<post_url>http://news.21.by/culture/2016/08/30/1234700.html</post_url>
<post_date>20160830</post_date>
<post_time>1449</post_time>
<username></username>
<post>
A Итальянские спасатели извлекли из-под обломков жилого дома в городе Аматриче домашнюю кошку, которая провела под развалинами пять дней. Об этом во вторник, 30 августа, пишет &lt;&gt; The Local . В ночь на 24 августа город пострадал от землетрясения. Хозяйка кошки по кличке Джойя (в переводе с итальянского — «Радость»), покидая дом, не смогла обнаружить спрятавшуюся куда-то питомицу. Женщина просила спасателей найти кошку, но первоначальные поиски не принесли результата. Джойю обнаружили только после того, как ручной разбор завалов закончился и к делу приступили бульдозеры. Спасатели освободили кошку. Осмотревшие Джойю ветеринары заключили, что животное здорово, хотя пережило стресс и страдает от обезвоживания. Как уточняет издание, из-под руин в Аматриче извлекли в общей сложности около 200 животных. Землетрясение в Италии магнитудой 6,0 произошло в ночь на 24 августа. Эпицентр находился в 113 километрах к северо-востоку от Рима. Погибли &lt;&gt; более 280 человек , большинство из которых были жителями Аматриче. В населенном пункте были разрушены 75 процентов зданий, уцелевшие стали непригодны для жилья.
</post>
<signature>

</signature>
<external_links>

</external_links>
<country>BY</country>
<main_image></main_image>
</document>
