<?xml version="1.0" encoding="UTF-8"?>
<document>
<type>mainstream</type>
<forum>http://seattletimes.nwsource.com/rss/home.xml</forum>
<forum_title>The Seattle Times The Seattle Times</forum_title>
<discussion_title>National Democratic groups bailing on Ohio Senate race</discussion_title>
<language>english</language>
<gmt_offset></gmt_offset>
<topic_url>http://www.seattletimes.com/nation-world/nation-politics/national-democratic-groups-bailing-on-ohio-senate-race/</topic_url>
<topic_text>
National Democratic groups bailing on Ohio Senate race Originally published August 30, 2016 at 8:12 am Share story ERICA WERNER The Associated Press 
A leading Democratic political action committee is canceling ad buys in the Ohio Senate race. It’s the second major group to do so as Democrats increasingly appear to be losing hope of winning back the key state. 
The Senate Majority PAC has already spent about $10 million in Ohio on behalf of former Democratic Gov. Ted Strickland, his single biggest source of outside support. Now the group is canceling large buys that were set to run the second week of September. That’s according to an official with knowledge of the developments who requested anonymity because the information was not public. 
Republican Sen. Rob Portman is the incumbent, seeking a second term. 
The Washington Post reported that the Democratic Senatorial Campaign Committee, the campaign arm of Senate Democrats, was also pulling back on ad buys then. Most Read Stories
</topic_text>
<spam_score>0.00</spam_score>
<post_num>1</post_num>
<post_id>post-1</post_id>
<post_url>http://www.seattletimes.com/nation-world/nation-politics/national-democratic-groups-bailing-on-ohio-senate-race/</post_url>
<post_date>20160830</post_date>
<post_time>1512</post_time>
<username>ERICA WERNER</username>
<post>
National Democratic groups bailing on Ohio Senate race Originally published August 30, 2016 at 8:12 am Share story ERICA WERNER The Associated Press 
A leading Democratic political action committee is canceling ad buys in the Ohio Senate race. It’s the second major group to do so as Democrats increasingly appear to be losing hope of winning back the key state. 
The Senate Majority PAC has already spent about $10 million in Ohio on behalf of former Democratic Gov. Ted Strickland, his single biggest source of outside support. Now the group is canceling large buys that were set to run the second week of September. That’s according to an official with knowledge of the developments who requested anonymity because the information was not public. 
Republican Sen. Rob Portman is the incumbent, seeking a second term. 
The Washington Post reported that the Democratic Senatorial Campaign Committee, the campaign arm of Senate Democrats, was also pulling back on ad buys then. Most Read Stories
</post>
<signature>

</signature>
<external_links>

</external_links>
<country>US</country>
<main_image>http://www.seattletimes.com/wp-content/themes/st_refresh/img/st-meta-facebook.png</main_image>
</document>
