<?xml version="1.0" encoding="UTF-8"?>
<document>
<type>mainstream</type>
<forum></forum>
<forum_title></forum_title>
<discussion_title>В ЛНР и ДНР нет оккупации, там живут свободные люди на свободной земле, – наблюдатель из Италии - © News Front</discussion_title>
<language>russian</language>
<gmt_offset></gmt_offset>
<topic_url>http://news-front.info/2016/08/30/v-lnr-i-dnr-net-okkupacii-tam-zhivut-svobodnye-lyudi-na-svobodnoj-zemle-nablyudatel-iz-italii/</topic_url>
<topic_text>
В ЛНР и ДНР нет оккупации, там живут свободные люди на свободной земле, – наблюдатель из Италии Дата публикации: 30 Август 2016, 15:35 
Авторская съемка военкора команды News Front Александра Киевского. Руководитель регионального комитета итальянских антифашистов в Риме Фаусто Марини дал эксклюзивное интервью информационному агентству News Front в Луганске, где итальянец находится в качестве международного наблюдателя. 
«Мы решили приехать сюда, потому что у нас была информация о том, что Украина применяет ужасные средства борьбы против жителей этой земли. Для нас антифашизм не является позиций, для нас он смысл жизни», – сказал Фаусто Марини. 
«В ЛНР и ДНР, конечно же, нет никакой оккупации. Я был в разных местах ЛНР и видел там только свободных людей на свободной земле», – подчеркнул он. 
</topic_text>
<spam_score>0.10</spam_score>
<post_num>1</post_num>
<post_id>post-1</post_id>
<post_url>http://news-front.info/2016/08/30/v-lnr-i-dnr-net-okkupacii-tam-zhivut-svobodnye-lyudi-na-svobodnoj-zemle-nablyudatel-iz-italii/</post_url>
<post_date>20160830</post_date>
<post_time></post_time>
<username></username>
<post>
В ЛНР и ДНР нет оккупации, там живут свободные люди на свободной земле, – наблюдатель из Италии Дата публикации: 30 Август 2016, 15:35 
Авторская съемка военкора команды News Front Александра Киевского. Руководитель регионального комитета итальянских антифашистов в Риме Фаусто Марини дал эксклюзивное интервью информационному агентству News Front в Луганске, где итальянец находится в качестве международного наблюдателя. 
«Мы решили приехать сюда, потому что у нас была информация о том, что Украина применяет ужасные средства борьбы против жителей этой земли. Для нас антифашизм не является позиций, для нас он смысл жизни», – сказал Фаусто Марини. 
«В ЛНР и ДНР, конечно же, нет никакой оккупации. Я был в разных местах ЛНР и видел там только свободных людей на свободной земле», – подчеркнул он. 
</post>
<signature>

</signature>
<external_links>

</external_links>
<country>RU</country>
<main_image>http://news-front.info/wp-content/uploads/2016/08/1282.jpg</main_image>
</document>
