<?xml version="1.0" encoding="UTF-8"?>
<document>
<type>mainstream</type>
<forum></forum>
<forum_title></forum_title>
<discussion_title>Abkürzungen und Fachbegriffe in der Logistik - Forum-Speditionen | Das größte Forum der Transportbranche</discussion_title>
<language>german</language>
<gmt_offset></gmt_offset>
<topic_url>http://www.forum-speditionen.de/board/135-abkuerzungen-und-fachbegriffe-in-der-logistik/?s=e17c75daa7a9dde65ff26595788ee0b8314be12d</topic_url>
<topic_text>
Diese Seite verwendet Cookies. Durch die Nutzung unserer Seite erklären Sie sich damit einverstanden, dass wir Cookies setzen. Weitere Informationen Themen 
</topic_text>
<spam_score>0.18</spam_score>
<post_num>1</post_num>
<post_id>post-1</post_id>
<post_url>http://www.forum-speditionen.de/board/135-abkuerzungen-und-fachbegriffe-in-der-logistik/?s=e17c75daa7a9dde65ff26595788ee0b8314be12d</post_url>
<post_date>20140605</post_date>
<post_time></post_time>
<username></username>
<post>
Diese Seite verwendet Cookies. Durch die Nutzung unserer Seite erklären Sie sich damit einverstanden, dass wir Cookies setzen. Weitere Informationen Themen 
</post>
<signature>

</signature>
<external_links>

</external_links>
<country>DE</country>
<main_image></main_image>
</document>
