<?xml version="1.0" encoding="UTF-8"?>
<document>
<type>mainstream</type>
<forum></forum>
<forum_title></forum_title>
<discussion_title>Autohöfe - Truckstops - Rasthöfe - Bewertung - Information - Forum-Speditionen | Das größte Forum der Transportbranche</discussion_title>
<language>german</language>
<gmt_offset></gmt_offset>
<topic_url>http://www.forum-speditionen.de/board/119-autohoefe-truckstops-rasthoefe-bewertung-information/?s=40675345547b8d8d58e123714f882bb379613f75</topic_url>
<topic_text>
Autohöfe - Truckstops - Rasthöfe - Bewertung - Information 
Autohof Ihrer Wahl. Geben Sie Ihre Bewertung ab. Diese Seite verwendet Cookies. Durch die Nutzung unserer Seite erklären Sie sich damit einverstanden, dass wir Cookies setzen. Weitere Informationen Auflistung aller in Deutschland vorhandenen Autohöfe, inkl. ihrer Dienstleistungen Themen 
</topic_text>
<spam_score>0.47</spam_score>
<post_num>1</post_num>
<post_id>post-1</post_id>
<post_url>http://www.forum-speditionen.de/board/119-autohoefe-truckstops-rasthoefe-bewertung-information/?s=40675345547b8d8d58e123714f882bb379613f75</post_url>
<post_date>20160729</post_date>
<post_time></post_time>
<username></username>
<post>
Autohöfe - Truckstops - Rasthöfe - Bewertung - Information 
Autohof Ihrer Wahl. Geben Sie Ihre Bewertung ab. Diese Seite verwendet Cookies. Durch die Nutzung unserer Seite erklären Sie sich damit einverstanden, dass wir Cookies setzen. Weitere Informationen Auflistung aller in Deutschland vorhandenen Autohöfe, inkl. ihrer Dienstleistungen Themen 
</post>
<signature>

</signature>
<external_links>

</external_links>
<country>DE</country>
<main_image></main_image>
</document>
