<?xml version="1.0" encoding="UTF-8"?>
<document>
<type>mainstream</type>
<forum>http://board.janic.org/janicboard/xml-rss.php?blogid=2</forum>
<forum_title>NGO情報掲示板　国際協力NGOセンター（JANIC）</forum_title>
<discussion_title>9/22（木）【特別無料体験授業】「ビジネスプラン演習」体験講座 ?ビジネスプランが出来るまで?</discussion_title>
<language>japanese</language>
<gmt_offset></gmt_offset>
<topic_url>http://board.janic.org/janicboard/event/?itemid=21057</topic_url>
<topic_text>
9/22（木）【特別無料体験授業】「ビジネスプラン演習」体験講座 ?ビジネスプランが出来るまで? 主催団体 地下鉄有楽町線 麹町駅5番出口 徒歩3分 地下鉄半蔵門線 半蔵門駅5番出口 徒歩5分 最寄り駅からの道のり 1.5番出口から最寄りの交差点の信号を角にあるアジャンタ（インドカレー屋）側に渡る。 2.アジャンタ（インドカレー屋）を右手に、渡った信号を背中にし、直進します。 3.左手は、日本テレビ→グリーンパレス（ビジネスホテル）と見えてきます。 4.グリーンパレスの2軒先のビル「平田ビル」の1階が事務所です。 5.エントランスに「社会起業大学」と明記しております。 定員
</topic_text>
<spam_score>0.00</spam_score>
<post_num>1</post_num>
<post_id>post-1</post_id>
<post_url>http://board.janic.org/janicboard/event/?itemid=21057</post_url>
<post_date>20160830</post_date>
<post_time>1118</post_time>
<username></username>
<post>
9/22（木）【特別無料体験授業】「ビジネスプラン演習」体験講座 ?ビジネスプランが出来るまで? 主催団体 地下鉄有楽町線 麹町駅5番出口 徒歩3分 地下鉄半蔵門線 半蔵門駅5番出口 徒歩5分 最寄り駅からの道のり 1.5番出口から最寄りの交差点の信号を角にあるアジャンタ（インドカレー屋）側に渡る。 2.アジャンタ（インドカレー屋）を右手に、渡った信号を背中にし、直進します。 3.左手は、日本テレビ→グリーンパレス（ビジネスホテル）と見えてきます。 4.グリーンパレスの2軒先のビル「平田ビル」の1階が事務所です。 5.エントランスに「社会起業大学」と明記しております。 定員
</post>
<signature>

</signature>
<external_links>

</external_links>
<country>JP</country>
<main_image>http://www.janic.org/mt/img/common/logo.gif</main_image>
</document>
