<?xml version="1.0" encoding="UTF-8"?>
<document>
<type>mainstream</type>
<forum></forum>
<forum_title></forum_title>
<discussion_title>French police officer wounded by knife-wielding attacker</discussion_title>
<language>english</language>
<gmt_offset></gmt_offset>
<topic_url>http://www.fox34.com/story/32884290/french-police-officer-wounded-by-knife-wielding-attacker</topic_url>
<topic_text>
French police officer wounded by knife-wielding attacker Posted: By THOMAS ADAMSONAssociated Press 
PARIS (AP) - French officials say that a police officer in the southern city of Toulouse has been wounded by a knife-wielding assailant. 
Police spokesman David Delattre said the attack took place Tuesday afternoon when a person entered the Rempart Saint-Etienne police station and attacked the officer with a knife. 
Delattre said the officer had a minor neck injury and added that the attacker had been arrested, but he couldn&apos;t elaborate further on the cause of the attack or the identity of either individual. 
An Interior Ministry official, who wasn&apos;t authorized to speak to the media so spoke on condition of anonymity, said that it&apos;s too soon to say if the &quot;attack was of a terrorist nature,&quot; but the attacker was known to local authorities for having psychological issues. Copyright 2016 The Associated Press. All rights reserved. This material may not be published, broadcast, rewritten or redistributed. Can&apos;t Find Something? 
</topic_text>
<spam_score>0.03</spam_score>
<post_num>1</post_num>
<post_id>post-1</post_id>
<post_url>http://www.fox34.com/story/32884290/french-police-officer-wounded-by-knife-wielding-attacker</post_url>
<post_date>20160830</post_date>
<post_time></post_time>
<username></username>
<post>
French police officer wounded by knife-wielding attacker Posted: By THOMAS ADAMSONAssociated Press 
PARIS (AP) - French officials say that a police officer in the southern city of Toulouse has been wounded by a knife-wielding assailant. 
Police spokesman David Delattre said the attack took place Tuesday afternoon when a person entered the Rempart Saint-Etienne police station and attacked the officer with a knife. 
Delattre said the officer had a minor neck injury and added that the attacker had been arrested, but he couldn&apos;t elaborate further on the cause of the attack or the identity of either individual. 
An Interior Ministry official, who wasn&apos;t authorized to speak to the media so spoke on condition of anonymity, said that it&apos;s too soon to say if the &quot;attack was of a terrorist nature,&quot; but the attacker was known to local authorities for having psychological issues. Copyright 2016 The Associated Press. All rights reserved. This material may not be published, broadcast, rewritten or redistributed. Can&apos;t Find Something? 
</post>
<signature>

</signature>
<external_links>

</external_links>
<country>US</country>
<main_image></main_image>
</document>
