<?xml version="1.0" encoding="UTF-8"?>
<document>
<type>mainstream</type>
<forum></forum>
<forum_title></forum_title>
<discussion_title>Nur noch Idioten auf den LKWs - Seite 2 - Alles was den Truckerfahrer interessiert - Forum-Speditionen | Das größte Forum der Transportbranche</discussion_title>
<language>german</language>
<gmt_offset></gmt_offset>
<topic_url>http://www.forum-speditionen.de/nur-noch-idioten-auf-den-lk-ws-18712?pageNo=2&amp;amp;s=f8c2bc2a051806ecf41aaf838c8e0d06c74c2080</topic_url>
<topic_text>

20. Juli 2016, 13:18 Was erwartet ihr denn ? In Rumänien werden von Regierungs Seite jegliche EU Gesetze unterlaufen damir sie ihre Fahrer und Unternehmer an dem Start kriegen , überlegt doch doch mal was der Lappen ,mit 95 hier kostet , teil es durch 2 und dann frag mal wer das in Rumänien bezahlen kann , ich sag keiner , da muß das ganze Dorf zusammen schmeißen das einer den Lappen kriegt , die sond dpch nur in der Eu zum Abzocken , währ ja auch ungerecht gewesen wenn Nokia mach dem Umzug von Bochum auch noch Einfuhrsteuern für die Handys bezahlen müßten . Die Supertrucker die sich hier bei vorstellen kommen , na ja , die kennen die Sozialvorschriften aus dem FF , das amn mal Räder nachziehen muß hat denen keiner gesagt , ich hatte mal einen der hat 7 fahrmin. vor dem Hof Pause gemacht obwohl der der Kollege für den Schichtwechsel auf das Auto gewartet hat , einen Anruf war ihm das auch nicht wert . Ortnungsbehörden : Zum Studieren zu doof , als Handwerker zu ungeschickt und Bundeswehr gibst nicht mehr , wat nu ? Bleibt nich viel über Und kuckt euch die Vögel von Achtung Kontrolle an Feuerwehr oder Schützenverein Blaue oder Grüne Joppe wo ist da der Unterschied ? Feuerwehr ist klasse , gut mußte zu nem Unfall ist dopof , könnte Sauerrei geben so mir Leichenteilen , aber sonst , hier ne Fete , da ein Umtrunk , Uniform , selbst beim Osterfeuer biste großer Boss . Keine Lust zum Malochen ab in die Werksfeuerwehr , so geht das . Dann geh mal oben kucken , Diebesbanden können wir nicht fangen , nein nich weil wir zu blöd oder zu faul währen , nein wegen Überlastung , Überstunden , Schichtdienst , aber Blitzerday das muß sagt der Minister . Wie hat das füher geklappt als noch solche Chaoten wie ich unterwegs waren , diese Hilfsarbeiter mit Führerschein 
</topic_text>
<spam_score>0.07</spam_score>
<post_num>1</post_num>
<post_id>post-1</post_id>
<post_url>http://www.forum-speditionen.de/nur-noch-idioten-auf-den-lk-ws-18712?pageNo=2&amp;amp;s=f8c2bc2a051806ecf41aaf838c8e0d06c74c2080</post_url>
<post_date>20160717</post_date>
<post_time></post_time>
<username></username>
<post>

20. Juli 2016, 13:18 Was erwartet ihr denn ? In Rumänien werden von Regierungs Seite jegliche EU Gesetze unterlaufen damir sie ihre Fahrer und Unternehmer an dem Start kriegen , überlegt doch doch mal was der Lappen ,mit 95 hier kostet , teil es durch 2 und dann frag mal wer das in Rumänien bezahlen kann , ich sag keiner , da muß das ganze Dorf zusammen schmeißen das einer den Lappen kriegt , die sond dpch nur in der Eu zum Abzocken , währ ja auch ungerecht gewesen wenn Nokia mach dem Umzug von Bochum auch noch Einfuhrsteuern für die Handys bezahlen müßten . Die Supertrucker die sich hier bei vorstellen kommen , na ja , die kennen die Sozialvorschriften aus dem FF , das amn mal Räder nachziehen muß hat denen keiner gesagt , ich hatte mal einen der hat 7 fahrmin. vor dem Hof Pause gemacht obwohl der der Kollege für den Schichtwechsel auf das Auto gewartet hat , einen Anruf war ihm das auch nicht wert . Ortnungsbehörden : Zum Studieren zu doof , als Handwerker zu ungeschickt und Bundeswehr gibst nicht mehr , wat nu ? Bleibt nich viel über Und kuckt euch die Vögel von Achtung Kontrolle an Feuerwehr oder Schützenverein Blaue oder Grüne Joppe wo ist da der Unterschied ? Feuerwehr ist klasse , gut mußte zu nem Unfall ist dopof , könnte Sauerrei geben so mir Leichenteilen , aber sonst , hier ne Fete , da ein Umtrunk , Uniform , selbst beim Osterfeuer biste großer Boss . Keine Lust zum Malochen ab in die Werksfeuerwehr , so geht das . Dann geh mal oben kucken , Diebesbanden können wir nicht fangen , nein nich weil wir zu blöd oder zu faul währen , nein wegen Überlastung , Überstunden , Schichtdienst , aber Blitzerday das muß sagt der Minister . Wie hat das füher geklappt als noch solche Chaoten wie ich unterwegs waren , diese Hilfsarbeiter mit Führerschein 
</post>
<signature>

</signature>
<external_links>

</external_links>
<country>DE</country>
<main_image></main_image>
</document>
