<?xml version="1.0" encoding="UTF-8"?>
<document>
<type>mainstream</type>
<forum>http://www.hawr-digital.de/News/Allgemein.rss</forum>
<forum_title></forum_title>
<discussion_title>Zum 30. Todesjahr: Große Henry-Moore-Schau in Münster</discussion_title>
<language>german</language>
<gmt_offset></gmt_offset>
<topic_url>http://www.hawr-digital.de/Nachrichten/Zum-30-TodesjahrGrosse-Henry-Moore-Schau-in-Muenster-52611.html</topic_url>
<topic_text>
Zum 30. Todesjahr: Große Henry-Moore-Schau in Münster 30.08.2016, 16:28 Uhr 
Münster. 
Münster. Dreißig Jahre nach dem Tod des Bildhauers Henry Moore widmet das LWL-Museum dem britischen Künstler im Herbst eine große Ausstellung. Wie das Museum für Kunst und Kultur anlässlich des 30. Todestages des Künstlers am 31. August mitteilte, wird auf der umfassenden Werkschau auch eine erstmals gezeigte Zeichnung aus dem Museumsbestand zu sehen sein. Die Arbeit «Two Reclining Figures» aus dem Jahr 1980 zeigt Moores typische Frauenfiguren als abstrakte Liegende mit charakteristisch kleinen Köpfen. Neben rund 60 Arbeiten aus dem grafischen Werk haben die Kuratoren für die Ausstellung «Henry Moore. Impuls für Europa» 61 Skulpturen und Plastiken zusammengetragen. Die Schau wird am 11. November eröffnet und bis zum 19. März 2017 zu sehen sein. 
Henry Moore (1898 -1986) gehört zu den bekanntesten britischen Künstlern des 20. Jahrhunderts. Seine langen, kurvigen Bronzeskulpturen stehen in mehr als drei Dutzend Ländern der Welt. dpa/lnw
</topic_text>
<spam_score>0.00</spam_score>
<post_num>1</post_num>
<post_id>post-1</post_id>
<post_url>http://www.hawr-digital.de/Nachrichten/Zum-30-TodesjahrGrosse-Henry-Moore-Schau-in-Muenster-52611.html</post_url>
<post_date>20160830</post_date>
<post_time>1428</post_time>
<username></username>
<post>
Zum 30. Todesjahr: Große Henry-Moore-Schau in Münster 30.08.2016, 16:28 Uhr 
Münster. 
Münster. Dreißig Jahre nach dem Tod des Bildhauers Henry Moore widmet das LWL-Museum dem britischen Künstler im Herbst eine große Ausstellung. Wie das Museum für Kunst und Kultur anlässlich des 30. Todestages des Künstlers am 31. August mitteilte, wird auf der umfassenden Werkschau auch eine erstmals gezeigte Zeichnung aus dem Museumsbestand zu sehen sein. Die Arbeit «Two Reclining Figures» aus dem Jahr 1980 zeigt Moores typische Frauenfiguren als abstrakte Liegende mit charakteristisch kleinen Köpfen. Neben rund 60 Arbeiten aus dem grafischen Werk haben die Kuratoren für die Ausstellung «Henry Moore. Impuls für Europa» 61 Skulpturen und Plastiken zusammengetragen. Die Schau wird am 11. November eröffnet und bis zum 19. März 2017 zu sehen sein. 
Henry Moore (1898 -1986) gehört zu den bekanntesten britischen Künstlern des 20. Jahrhunderts. Seine langen, kurvigen Bronzeskulpturen stehen in mehr als drei Dutzend Ländern der Welt. dpa/lnw
</post>
<signature>

</signature>
<external_links>

</external_links>
<country>DE</country>
<main_image>http://www.hawr-digital.de/Bilder/Pic-46866m.jpg</main_image>
</document>
