<?xml version="1.0" encoding="UTF-8"?>
<document>
<type>mainstream</type>
<forum>https://www.abqjournal.com/category/biz/health-care-biz</forum>
<forum_title>Health &amp;amp; Safety | Albuquerque Journal</forum_title>
<discussion_title>Ford recalls over 88K vehicles due to stalling problem</discussion_title>
<language>english</language>
<gmt_offset></gmt_offset>
<topic_url>https://www.abqjournal.com/832308/ford-recalls-over-88k-vehicles-due-to-stalling-problem.html</topic_url>
<topic_text>
DETROIT — Ford is recalling more than 88,000 cars and SUVs in North America because the engines can stall without warning due to a fuel pump problem.
The recall covers certain Ford Taurus and Police Interceptor sedans, Ford Flex wagons, Lincoln MKS sedans and Lincoln MKT SUVs from the 2013 through 2015 model years. All have 3.5-liter turbocharged six-cylinder engines.
Ford says the fuel pump control modules can fail, and the engines may not start, or they could stall, leaving drivers without the ability to restart them. The company says it’s not aware of any crashes or injuries from the problem.
Dealers will replace the control module at no cost to owners.
Ford says it’s working with parts makers to ship new modules quickly. The company will notify customers to bring their vehicles in for repairs starting the week of Oct. 17.
Concerned owners can go to Ford.com and click on “safety recalls” near the bottom of the page to see if their vehicles are part of the recall. They’ll have to key in the vehicle identification number. Those whose vehicles are in the recalled and are concerned about stalling should contact their local dealer, the company says.
 
</topic_text>
<spam_score>0.00</spam_score>
<post_num>1</post_num>
<post_id>post-1</post_id>
<post_url>https://www.abqjournal.com/832308/ford-recalls-over-88k-vehicles-due-to-stalling-problem.html</post_url>
<post_date>20160824</post_date>
<post_time>0840</post_time>
<username>Associated Press</username>
<post>
DETROIT — Ford is recalling more than 88,000 cars and SUVs in North America because the engines can stall without warning due to a fuel pump problem.
The recall covers certain Ford Taurus and Police Interceptor sedans, Ford Flex wagons, Lincoln MKS sedans and Lincoln MKT SUVs from the 2013 through 2015 model years. All have 3.5-liter turbocharged six-cylinder engines.
Ford says the fuel pump control modules can fail, and the engines may not start, or they could stall, leaving drivers without the ability to restart them. The company says it’s not aware of any crashes or injuries from the problem.
Dealers will replace the control module at no cost to owners.
Ford says it’s working with parts makers to ship new modules quickly. The company will notify customers to bring their vehicles in for repairs starting the week of Oct. 17.
Concerned owners can go to Ford.com and click on “safety recalls” near the bottom of the page to see if their vehicles are part of the recall. They’ll have to key in the vehicle identification number. Those whose vehicles are in the recalled and are concerned about stalling should contact their local dealer, the company says.
 
</post>
<signature>

</signature>
<external_links>

</external_links>
<country>US</country>
<main_image>http://www.abqjournal.com/wp-content/uploads/2016/08/24/BC-US-Ford-Recall-IMG-jpg.jpg</main_image>
</document>
