<?xml version="1.0" encoding="UTF-8"?>
<document>
<type>mainstream</type>
<forum></forum>
<forum_title></forum_title>
<discussion_title>Rücktritt in Paris - Französischer Wirtschaftsminister Macron legt Amt nieder</discussion_title>
<language>german</language>
<gmt_offset></gmt_offset>
<topic_url>http://www.deutschlandfunk.de/ruecktritt-in-paris-franzoesischer-wirtschaftsminister.447.de.html?drn:news_id=650852</topic_url>
<topic_text>
Will nicht mehr: Frankreichs Wirtschaftminister Emmanuel Macron. (afp / Alain Jocard) Frankreichs Wirtschaftsminister Macron legt sein Amt nieder. 
Er reichte sein Rücktrittsgesuch im Pariser Élyséepalast bei Staatspräsident Hollande ein. Dieser hatte den früheren Investmentbanker vor rund zwei Jahren zum Chef des Wirtschaftsressorts ernannt. Macron gilt als Anhänger einer unternehmensfreundlichen Wirtschaftspolitik, die beim linken Flügel der sozialistischen Regierungspartei auf Widerstand stieß. Im April gründete der 38-jährige eine eigene politische Bewegung. Macron werden Ambitionen auf eine Kandidatur bei den Präsidentschaftswahlen im kommenden Frühjahr nachgesagt. Weitere Nachrichten 
</topic_text>
<spam_score>0.22</spam_score>
<post_num>1</post_num>
<post_id>post-1</post_id>
<post_url>http://www.deutschlandfunk.de/ruecktritt-in-paris-franzoesischer-wirtschaftsminister.447.de.html?drn:news_id=650852</post_url>
<post_date>20160830</post_date>
<post_time></post_time>
<username></username>
<post>
Will nicht mehr: Frankreichs Wirtschaftminister Emmanuel Macron. (afp / Alain Jocard) Frankreichs Wirtschaftsminister Macron legt sein Amt nieder. 
Er reichte sein Rücktrittsgesuch im Pariser Élyséepalast bei Staatspräsident Hollande ein. Dieser hatte den früheren Investmentbanker vor rund zwei Jahren zum Chef des Wirtschaftsressorts ernannt. Macron gilt als Anhänger einer unternehmensfreundlichen Wirtschaftspolitik, die beim linken Flügel der sozialistischen Regierungspartei auf Widerstand stieß. Im April gründete der 38-jährige eine eigene politische Bewegung. Macron werden Ambitionen auf eine Kandidatur bei den Präsidentschaftswahlen im kommenden Frühjahr nachgesagt. Weitere Nachrichten 
</post>
<signature>

</signature>
<external_links>

</external_links>
<country>DE</country>
<main_image>http://www.deutschlandfunk.de/media/thumbs/d/d1ab2ed293cad72ac8c19d41b5d22a96v1_max_555x312_b3535db83dc50e27c1bb1392364c95a2.jpg</main_image>
</document>
