<?xml version="1.0" encoding="UTF-8"?>
<document>
<type>mainstream</type>
<forum>http://www.prairiebusinessmagazine.com/latest/rss</forum>
<forum_title>| Prairie Business magazine</forum_title>
<discussion_title>HOME BUYING: A Changing Market</discussion_title>
<language>english</language>
<gmt_offset></gmt_offset>
<topic_url>http://www.prairiebusinessmagazine.com/magazine/current-issue/4104078-home-buying-changing-market</topic_url>
<topic_text>
Minnesota quilter, costume designer come to Gene Simmons&apos; aid 
As sellers are adjusting to a market with additional inventory, Realtors are providing more counseling and perspective to align sellers’ expectations. Depending on property types and price ranges, some listings will be on the market longer than others. We always keep in mind, however, that all it takes is the right buyer at the right time — and that could come within hours after a property hits the market, or six months later. 
On the flip side, buyers also require guidance on finding homes and making offers. With additional inventory, buyers might think offers well below asking price are acceptable. These “low ball” offers can offend sellers and cause them to reject the offer entirely without considering negotiating. Using comparable property sales and other statistics should be the basis for presenting serious offers to sellers. 
A diverse economy has spared Bismarck-Mandan from the market fluctuations happening in western North Dakota. An employment base that encompasses medical, education (at all lev-els), manufacturing, government, utilities and other businesses has allowed the area’s real estate market to maintain average sale prices on par with 2015 and a 5 percent increase in the number of residential properties sold through July 31. 
On the new construction spectrum, building permits are up 5 percent from last year. Valuations of the permits are at $77.6 million for this year, a 10 percent increase from 2015. 
While affordable housing continues to be a challenge in much of North Dakota, all buyers have options. First-time buyers can struggle with find-ing properties in line with their budgets and their expectations. It’s critically important for buyers to visit with a mortgage loan officer to see how much they will be qualified to spend on a home before beginning to shop. Current listings range from $23,000 to $2.8 million. Interest rates continue to be running historically low, which is a plus for buyers. 
When we hear national reports on real estate and housing markets, we cannot assume the same is true for our own communities. All real estate is local. 
Yes, there are changes in the market. The good news is that it’s not bad, it’s just change. Recommended for you
</topic_text>
<spam_score>0.00</spam_score>
<post_num>1</post_num>
<post_id>post-1</post_id>
<post_url>http://www.prairiebusinessmagazine.com/magazine/current-issue/4104078-home-buying-changing-market</post_url>
<post_date>20160830</post_date>
<post_time>1430</post_time>
<username>Amy Hullet, Special to Prairie Business</username>
<post>
Minnesota quilter, costume designer come to Gene Simmons&apos; aid 
As sellers are adjusting to a market with additional inventory, Realtors are providing more counseling and perspective to align sellers’ expectations. Depending on property types and price ranges, some listings will be on the market longer than others. We always keep in mind, however, that all it takes is the right buyer at the right time — and that could come within hours after a property hits the market, or six months later. 
On the flip side, buyers also require guidance on finding homes and making offers. With additional inventory, buyers might think offers well below asking price are acceptable. These “low ball” offers can offend sellers and cause them to reject the offer entirely without considering negotiating. Using comparable property sales and other statistics should be the basis for presenting serious offers to sellers. 
A diverse economy has spared Bismarck-Mandan from the market fluctuations happening in western North Dakota. An employment base that encompasses medical, education (at all lev-els), manufacturing, government, utilities and other businesses has allowed the area’s real estate market to maintain average sale prices on par with 2015 and a 5 percent increase in the number of residential properties sold through July 31. 
On the new construction spectrum, building permits are up 5 percent from last year. Valuations of the permits are at $77.6 million for this year, a 10 percent increase from 2015. 
While affordable housing continues to be a challenge in much of North Dakota, all buyers have options. First-time buyers can struggle with find-ing properties in line with their budgets and their expectations. It’s critically important for buyers to visit with a mortgage loan officer to see how much they will be qualified to spend on a home before beginning to shop. Current listings range from $23,000 to $2.8 million. Interest rates continue to be running historically low, which is a plus for buyers. 
When we hear national reports on real estate and housing markets, we cannot assume the same is true for our own communities. All real estate is local. 
Yes, there are changes in the market. The good news is that it’s not bad, it’s just change. Recommended for you
</post>
<signature>

</signature>
<external_links>

</external_links>
<country>US</country>
<main_image>http://www.prairiebusinessmagazine.com/sites/default/files/styles/square_300/public/fieldimages/25/0829/home-buying.jpg?itok=_A-9Y5AH</main_image>
</document>
