<?xml version="1.0" encoding="UTF-8"?>
<document>
<type>mainstream</type>
<forum>http://boot.style-n.net/feed/</forum>
<forum_title>JOURNAL StyleN</forum_title>
<discussion_title>LAST GMS106</discussion_title>
<language>japanese</language>
<gmt_offset></gmt_offset>
<topic_url>http://boot.style-n.net/2016/08/last-gms106/</topic_url>
<topic_text>
しかし私から見て、作り込みと品質を両立している海外ブランドは殆ど皆無で、例えばDITAやTOM BROWNのようなMADE IN JAPANで生産しているブランドが近い存在です。 かと言って自爆的とも言える驚きデザインのブランドも出てこない昨今は、バランス重視型のアワードになるのは仕方ないと思います。
</topic_text>
<spam_score>0.00</spam_score>
<post_num>1</post_num>
<post_id>post-1</post_id>
<post_url>http://boot.style-n.net/2016/08/last-gms106/</post_url>
<post_date>20160830</post_date>
<post_time>1358</post_time>
<username>Nakajima</username>
<post>
しかし私から見て、作り込みと品質を両立している海外ブランドは殆ど皆無で、例えばDITAやTOM BROWNのようなMADE IN JAPANで生産しているブランドが近い存在です。 かと言って自爆的とも言える驚きデザインのブランドも出てこない昨今は、バランス重視型のアワードになるのは仕方ないと思います。
</post>
<signature>

</signature>
<external_links>

</external_links>
<country>JP</country>
<main_image></main_image>
</document>
