<?xml version="1.0" encoding="UTF-8"?>
<document>
<type>mainstream</type>
<forum>http://expreso.press/feed/</forum>
<forum_title>Expreso</forum_title>
<discussion_title>Se recrudece la guerra Osorio Videgaray</discussion_title>
<language>spanish</language>
<gmt_offset></gmt_offset>
<topic_url>http://expreso.press/2016/08/30/se-recrudece-la-guerra-osorio-videgaray/</topic_url>
<topic_text>
Estás en: Inicio &gt; Opinión &gt; Se recrudece la guerra Osorio Videgaray Columnas: Cuadrante Político Se recrudece la guerra Osorio Videgaray  10:12 AM La CNTE y la verdadera lucha de clases 
A solamente 24 horas de que se produzca el cuarto informe presidencial, la sorda guerra entre los dos principales hombres del gabinete peñista, se ha tornado más virulenta que nunca. Basta con ver los misilazos en los espacios nacionales de opinión, y en cientos de páginas de internet, en las que se difunden versiones maniqueas y saturadas de tenebra. 
Una de estas últimas, da por hecho la renuncia del secretario de Hacienda, Luis Videgaray Caso y de la secretaria de SEDATU, Rosario Robles Berlanga. Al mismo tiempo, pronostican que el secretario de Gobernación, Miguel Ángel Osorio Chong, iría a la Secretaría de Desarrollo Social, en lugar de José Antonio Meade, quien ocuparía la hipotética vacante de Videgaray en Hacienda. 
De ser verdad dicha versión, estaríamos hablando del desmantelamiento del poderoso grupo Videgaray, mismo que hasta ahora ha llevado la batuta en dictar el rumbo a seguir en su calidad de ser el más cercano al oído del presidente Peña. 
Otros rumores descartan lo anterior, y en cambio señalan que los dos únicos cambios se darán en la Secretaría de Energìa de Pedro Joaquín Coldwell, y en Agricultura con Eduardo Calzada Rovirosa. 
El golpeteo entre los grupos de Osorio y Videgaray está a todo lo que da. A tal grado que al “Príncipe” de Hacienda ya lo ubican fuera del gabinete, y como formal prospecto a la gubernatura del Estado de México. 
Pareciera que el Grupo Osorio contraataca, después de que hace algunos meses era Osorio el candidato a la renuncia. 
El enfrentamiento, entre ambos personajes del poder peñista, debe de ser sofocado por su jefe, el presidente, mismo que finalmente tiene que alzarle el brazo a uno de ellos. 
O bien… despedir a los dos. ¿Cuál va a ser la solución de Peña Nieto, justo cuando enfrenta la mayor crisis de confianza ciudadana en el país? 
Aquí en Tamaulipas, esta guerra entre Osorio y Videgaray, ya cobó las primeras víctimas políticas durante la elección por la gubernatura del cinco de junio. 
Pero, el siguiente capítulo tamaulipeco de este choque de trenes peñistas es la lucha por las delegaciones federales y por la Presidencia del PRI estatal. Hagan sus apuestas.. ¿Quién visitará la lona primero? ¿El Chino o el tecnócrata? 
Televisa, Peña Nieto y Juan Gabriel Televisa había vetado a Juanga a inicios de los noventa, y volvió a bloquearlo a principios de este año, luego de que el artista estrenó una serie autobiográfica en Televisión Azteca. 
Ayer, la empresa de la estrella, colocó un moño negro en su pantalla, en señal de duelo. Los noticieros de Loret y de la sobrina de Felipe Calderón, Paola Rojas, le dedicaron al divo grandes espacios. 
La pregunta es, si en los próximos tres años, la televisora abandonará a EPN, o bien seguirá apoyándolo como en un inicio, a costa de caer también en el gusto y la credibilidad de la sociedad mexicana. 
El Presidente llegará a su cuarto informe bajo una atmósfera de desamor, el ángulo psicológico preferido del autor de “No Tengo Dinero”. 
Peña Nieto llega a esta cita, sin presupuesto social, sin poder resolver la inseguridad, sin popularidad y sin posibilidades de retener el poder en el 2018. 
¿Con cuál de las siguientes canciones del Divo de Juárez, se cerrará el ciclo entre Peña Nieto y Televisa? ¿Podría ser… Querida’… Yo no nací para amar…? Fue un Placer Conocerte?… Se me olvidó otra vez?… Ya lo sé que tú te vas…? La farsante…? o…Te sigo amando…? 
Cabeza Y Egidio. La transición en marcha La foto publicada ayer, es reveladora y profética: los hombres del poder político en Tamaulipas, el que se va y el que lo sucede en la primera silla de palacio, pasan revista al pasado, al presente y al futuro, acompañados por las fuerzas armadas. 
En estos dos personajes, se resume lo que se ha hecho, lo que no se pudo hacer, lo que seguramente se hará, y lo que tendrá que cambiarse en términos de estrategia y de tácticas de seguridad. 
En México y Tamaulipas, todos sabemos que los hombres que tienen la sartén por el mango, en el abrupto terreno del combate a la violencia, son los del Ejército y la Marina. 
No se trata de cuadros políticos, sino de jefes militares, adiestrados y forjados en la disciplina de los mandos jerárquicos. 
Los secretarios de Defensa y Marina, le rinden cuentas, sólo al poder civil del Presidente de la República. 
Si el titular del Ejecutivo federal tiene la voluntad política de someter al narco en Tamaulipas, no dude usted, en que esto se dará. 
Si por el contrario, desde lo más alto del poder, se tiene la intención de seguir podando el jardín de la inseguridad tamaulipeca, lo constaremos puntualmente. Encuéntranos en Facebook
</topic_text>
<spam_score>0.00</spam_score>
<post_num>1</post_num>
<post_id>post-1</post_id>
<post_url>http://expreso.press/2016/08/30/se-recrudece-la-guerra-osorio-videgaray/</post_url>
<post_date>20160830</post_date>
<post_time>1512</post_time>
<username>Redacción</username>
<post>
Estás en: Inicio &gt; Opinión &gt; Se recrudece la guerra Osorio Videgaray Columnas: Cuadrante Político Se recrudece la guerra Osorio Videgaray  10:12 AM La CNTE y la verdadera lucha de clases 
A solamente 24 horas de que se produzca el cuarto informe presidencial, la sorda guerra entre los dos principales hombres del gabinete peñista, se ha tornado más virulenta que nunca. Basta con ver los misilazos en los espacios nacionales de opinión, y en cientos de páginas de internet, en las que se difunden versiones maniqueas y saturadas de tenebra. 
Una de estas últimas, da por hecho la renuncia del secretario de Hacienda, Luis Videgaray Caso y de la secretaria de SEDATU, Rosario Robles Berlanga. Al mismo tiempo, pronostican que el secretario de Gobernación, Miguel Ángel Osorio Chong, iría a la Secretaría de Desarrollo Social, en lugar de José Antonio Meade, quien ocuparía la hipotética vacante de Videgaray en Hacienda. 
De ser verdad dicha versión, estaríamos hablando del desmantelamiento del poderoso grupo Videgaray, mismo que hasta ahora ha llevado la batuta en dictar el rumbo a seguir en su calidad de ser el más cercano al oído del presidente Peña. 
Otros rumores descartan lo anterior, y en cambio señalan que los dos únicos cambios se darán en la Secretaría de Energìa de Pedro Joaquín Coldwell, y en Agricultura con Eduardo Calzada Rovirosa. 
El golpeteo entre los grupos de Osorio y Videgaray está a todo lo que da. A tal grado que al “Príncipe” de Hacienda ya lo ubican fuera del gabinete, y como formal prospecto a la gubernatura del Estado de México. 
Pareciera que el Grupo Osorio contraataca, después de que hace algunos meses era Osorio el candidato a la renuncia. 
El enfrentamiento, entre ambos personajes del poder peñista, debe de ser sofocado por su jefe, el presidente, mismo que finalmente tiene que alzarle el brazo a uno de ellos. 
O bien… despedir a los dos. ¿Cuál va a ser la solución de Peña Nieto, justo cuando enfrenta la mayor crisis de confianza ciudadana en el país? 
Aquí en Tamaulipas, esta guerra entre Osorio y Videgaray, ya cobó las primeras víctimas políticas durante la elección por la gubernatura del cinco de junio. 
Pero, el siguiente capítulo tamaulipeco de este choque de trenes peñistas es la lucha por las delegaciones federales y por la Presidencia del PRI estatal. Hagan sus apuestas.. ¿Quién visitará la lona primero? ¿El Chino o el tecnócrata? 
Televisa, Peña Nieto y Juan Gabriel Televisa había vetado a Juanga a inicios de los noventa, y volvió a bloquearlo a principios de este año, luego de que el artista estrenó una serie autobiográfica en Televisión Azteca. 
Ayer, la empresa de la estrella, colocó un moño negro en su pantalla, en señal de duelo. Los noticieros de Loret y de la sobrina de Felipe Calderón, Paola Rojas, le dedicaron al divo grandes espacios. 
La pregunta es, si en los próximos tres años, la televisora abandonará a EPN, o bien seguirá apoyándolo como en un inicio, a costa de caer también en el gusto y la credibilidad de la sociedad mexicana. 
El Presidente llegará a su cuarto informe bajo una atmósfera de desamor, el ángulo psicológico preferido del autor de “No Tengo Dinero”. 
Peña Nieto llega a esta cita, sin presupuesto social, sin poder resolver la inseguridad, sin popularidad y sin posibilidades de retener el poder en el 2018. 
¿Con cuál de las siguientes canciones del Divo de Juárez, se cerrará el ciclo entre Peña Nieto y Televisa? ¿Podría ser… Querida’… Yo no nací para amar…? Fue un Placer Conocerte?… Se me olvidó otra vez?… Ya lo sé que tú te vas…? La farsante…? o…Te sigo amando…? 
Cabeza Y Egidio. La transición en marcha La foto publicada ayer, es reveladora y profética: los hombres del poder político en Tamaulipas, el que se va y el que lo sucede en la primera silla de palacio, pasan revista al pasado, al presente y al futuro, acompañados por las fuerzas armadas. 
En estos dos personajes, se resume lo que se ha hecho, lo que no se pudo hacer, lo que seguramente se hará, y lo que tendrá que cambiarse en términos de estrategia y de tácticas de seguridad. 
En México y Tamaulipas, todos sabemos que los hombres que tienen la sartén por el mango, en el abrupto terreno del combate a la violencia, son los del Ejército y la Marina. 
No se trata de cuadros políticos, sino de jefes militares, adiestrados y forjados en la disciplina de los mandos jerárquicos. 
Los secretarios de Defensa y Marina, le rinden cuentas, sólo al poder civil del Presidente de la República. 
Si el titular del Ejecutivo federal tiene la voluntad política de someter al narco en Tamaulipas, no dude usted, en que esto se dará. 
Si por el contrario, desde lo más alto del poder, se tiene la intención de seguir podando el jardín de la inseguridad tamaulipeca, lo constaremos puntualmente. Encuéntranos en Facebook
</post>
<signature>

</signature>
<external_links>

</external_links>
<country>US</country>
<main_image>http://expreso.press/wp-content/uploads/2014/11/Cuadrante-politico.jpg</main_image>
</document>
