<?xml version="1.0" encoding="UTF-8"?>
<document>
<type>mainstream</type>
<forum>http://board.janic.org/janicboard/xml-rss.php?blogid=2</forum>
<forum_title>NGO情報掲示板　国際協力NGOセンター（JANIC）</forum_title>
<discussion_title>【9/14(水)開催】現場からの声で知る！少人数イベントPLASRoom</discussion_title>
<language>japanese</language>
<gmt_offset></gmt_offset>
<topic_url>http://board.janic.org/janicboard/event/?itemid=21059</topic_url>
<topic_text>
＜講演者：門田からのメッセージ＞ 門田瑠衣子(もんだるいこ) エイズ孤児支援NGO・PLAS／代表理事 「9年前の活動開始時、私を含めた立ち上げメンバーは全員学生で、経験も人脈もない中でのスタートでした。 知って、自分にできることを考え始めるところから、すべてが始まります。 PLASRoomで知ることから始めてみませんか？」 ＜プロフィール＞ 1981年熊本県生まれ。2006年、武蔵野女子大学人間関係学部卒。 明治学院大学大学院国際学修士課程修了。 フィリピンの孤児院や国際協力NGOでのボランティアを経験し2005年、 大学院在学中にケニア共和国で現地NGOでボランティア活動に参加。 それをきっかけに、2005年にエイズ孤児支援ＮＧＯ・ＰＬＡＳの 立ち上げに携わり、同団体事務局長を経て、現在代表理事を務める。 現在は、海外事業及び国内のキャンペーン事業、 ファンドレイジングなどを中心に活躍中。 2013年7月に長男、2015年9月に次男を出産。現在育児に奮闘中！
</topic_text>
<spam_score>0.00</spam_score>
<post_num>1</post_num>
<post_id>post-1</post_id>
<post_url>http://board.janic.org/janicboard/event/?itemid=21059</post_url>
<post_date>20160830</post_date>
<post_time>1226</post_time>
<username></username>
<post>
＜講演者：門田からのメッセージ＞ 門田瑠衣子(もんだるいこ) エイズ孤児支援NGO・PLAS／代表理事 「9年前の活動開始時、私を含めた立ち上げメンバーは全員学生で、経験も人脈もない中でのスタートでした。 知って、自分にできることを考え始めるところから、すべてが始まります。 PLASRoomで知ることから始めてみませんか？」 ＜プロフィール＞ 1981年熊本県生まれ。2006年、武蔵野女子大学人間関係学部卒。 明治学院大学大学院国際学修士課程修了。 フィリピンの孤児院や国際協力NGOでのボランティアを経験し2005年、 大学院在学中にケニア共和国で現地NGOでボランティア活動に参加。 それをきっかけに、2005年にエイズ孤児支援ＮＧＯ・ＰＬＡＳの 立ち上げに携わり、同団体事務局長を経て、現在代表理事を務める。 現在は、海外事業及び国内のキャンペーン事業、 ファンドレイジングなどを中心に活躍中。 2013年7月に長男、2015年9月に次男を出産。現在育児に奮闘中！
</post>
<signature>

</signature>
<external_links>

</external_links>
<country>JP</country>
<main_image>http://www.janic.org/mt/img/common/logo.gif</main_image>
</document>
