<?xml version="1.0" encoding="UTF-8"?>
<document>
<type>mainstream</type>
<forum>http://expreso.press/feed/</forum>
<forum_title>Expreso</forum_title>
<discussion_title>La crisis del PRI</discussion_title>
<language>spanish</language>
<gmt_offset></gmt_offset>
<topic_url>http://expreso.press/2016/08/30/la-crisis-del-pri/</topic_url>
<topic_text>
Más trampa que bonito… 
De qué tamaño será la crisis del PRI en México que sus dos principales propuestos para la presidencia de la República son al mismo tiempo los responsables de los dos más grandes problemas que vive el país y también son los dos que acaparan los rumores como posibles bajas del gabinete de Enrique Peña Nieto en la mismísima víspera del Cuarto Informe de Gobierno. 
Así es mis queridos boes, Luis Videgaray y Miguel Ángel Osorio Chong, el primero titular de la Secretaría de Hacienda y el segundo de la de Gobernación son los protagonistas de lo más malo de este gobierno, pero al mismo tiempo son los menos peores, ya se imaginarán como está el resto. 
De Videgaray se dice que lo bajaran de la carrera presidencial y que hasta lo tumbarán del gabinete peñista para perfilarlo como candidato a gobernador del Estado de México y de Osorio Chong hay quienes lo hacen fuera de la estructura federal y quienes lo ven en Sedesol para ver si así pinta un poco para la presidencia porque ahora anda en tonos grises muy opacos. 
Y es que fuera de los dos mencionados, el resto del gabinete es la pura ‘pedacera’, con personajes que no atraen a los medios, desconocidos y de muy mediana estatura política. 
Ahí está el caso de José Antonio Meade que andará esta semana por Tamaulipas, al que por más campaña que le hacen en televisión gracias a su encargo en Sedesol simplemente no figura en las encuestas, del resto ni siquiera vale la pena mencionar. 
Reitero, son Videgaray y Osorio Chong los menos peores del PRI para el 2018, pero los pecados que cargan por la incapacidad para cumplir con el encargo que aún tienen en Hacienda y Gobernación los convierten rivales muy débiles ante las figuras panistas de Margarita Zavala y Ricardo Anaya e incluso contra la de Andrés Manuel López Obrador de Morena. 
Hay que decirlo, los ‘mejores’ gallos del PRI para el 2018 son relativamente populares con los niveles de su jefe político Peña Nieto, quien podría pasar a la historia como el presidente peor evaluado desde que se miden popularidades políticas en este país. 
Estamos hablando que Peña Nieto trae por ahí del 23 por ciento de aprobación, mientras que caja do se mide a Videgaray y a Osorio Chong con Margarita y Andrés Manuel, los tricolores no pasan del tercer sitio. 
No podrían estar mejor los dos personajes en comento, porque la economía mexicana está en franca picada, con una calificación internacional de negativa y ajustes a la baja, con aumentos considerables a la energía eléctrica y a las gasolinas y con el tema de seguridad en sus peores niveles. 
Ni modo que Osorio Chong se va a atrever a salir en el Time como ‘el salvador’ de México como lo hizo Peña Nieto en una más de sus promesas incumplidas y que a la postre sirvió para decenas de memes en las redes. 
Siendo el más adelantado de los priistas en la ruta a la candidatura Osorio tiene incendiado el suroeste del país con carreteras tomadas desde hace varias semanas, la frontera sur colapsado por los mismos cierres de la CNTE, la CDMX con días estrangulados por las manifestaciones y el centro y norte del país con la víbora de la inseguridad chillando ante el abandono del que quiere ser presidente. 
Tremendamente complicado para el PRI, porque la campaña para elegir sucesor de Peña Nieto empezará en 20 meses, tiempo en el que se antoja imposible que mejore la imagen del inquilino de Los Pinos y menos que se construya una figura alterna a los dos secretarios a los que se les ve el perfil de candidato tricolor. 
Tan crítico se le ve al PRI que hay quienes no descartan que Manlio Fabio Beltrones sea el ‘hijo desobediente’ como Felipe Calderón lo fue en los tiempos de Vicente Fox y arrebate la candidatura. 
A quienes le apuestan por esta vía, se les olvida que Manlio es el depositario de la derrota de 7 de 12 gubernaturas para el PRI el pasado 5 de junio y que padece el desprecio unánime del gabinete peñista. 
CV en los búnkers… Ayer el gobernador electo Francisco Javier García Cabeza de Vaca estuvo de nueva cuenta en la primera línea del poder en Tamaulipas acompañando al gobernador Egidio Torre Cantú y todos los mandos de las fuerzas estatales y federales, además de Gobernación de quienes escuchó los logros de los últimos días de la estrategia que se aplica en la entidad. 
El ‘empape’ del gobernador del cambio no paró en el Complejo de Seguridad Pública, luego estuvo con Egidio en el Centro de Comando, Control, Comunicaciones y Cómputo (C4) donde le mostraron el manejo del ‘BigBrother’ cuerudo que usan las corporaciones de seguridad, luego en su gira por los búnkers de la seguridad estatal se trasladó al C3; Centro Estatal de Evaluación y Control de Confianza. 
Hoy por cierto se instala la mesa de transición de Comunicación Social, por los que entregan estarán: Guillermo Martínez, titular del área, acompañado de José Manuel Flores, Nora Domínguez, Rodolfo Peña y Blanca Rosa García Galván 
Por los que llegan hasta anoche había algunas especulaciones, por lo que mejor nos esperamos a ver quién se aparece por ahí de las 10:00 en la sala de juntas de la Contraloría. 
Comentarios:
</topic_text>
<spam_score>0.00</spam_score>
<post_num>1</post_num>
<post_id>post-1</post_id>
<post_url>http://expreso.press/2016/08/30/la-crisis-del-pri/</post_url>
<post_date>20160830</post_date>
<post_time>1508</post_time>
<username>Redacción</username>
<post>
Más trampa que bonito… 
De qué tamaño será la crisis del PRI en México que sus dos principales propuestos para la presidencia de la República son al mismo tiempo los responsables de los dos más grandes problemas que vive el país y también son los dos que acaparan los rumores como posibles bajas del gabinete de Enrique Peña Nieto en la mismísima víspera del Cuarto Informe de Gobierno. 
Así es mis queridos boes, Luis Videgaray y Miguel Ángel Osorio Chong, el primero titular de la Secretaría de Hacienda y el segundo de la de Gobernación son los protagonistas de lo más malo de este gobierno, pero al mismo tiempo son los menos peores, ya se imaginarán como está el resto. 
De Videgaray se dice que lo bajaran de la carrera presidencial y que hasta lo tumbarán del gabinete peñista para perfilarlo como candidato a gobernador del Estado de México y de Osorio Chong hay quienes lo hacen fuera de la estructura federal y quienes lo ven en Sedesol para ver si así pinta un poco para la presidencia porque ahora anda en tonos grises muy opacos. 
Y es que fuera de los dos mencionados, el resto del gabinete es la pura ‘pedacera’, con personajes que no atraen a los medios, desconocidos y de muy mediana estatura política. 
Ahí está el caso de José Antonio Meade que andará esta semana por Tamaulipas, al que por más campaña que le hacen en televisión gracias a su encargo en Sedesol simplemente no figura en las encuestas, del resto ni siquiera vale la pena mencionar. 
Reitero, son Videgaray y Osorio Chong los menos peores del PRI para el 2018, pero los pecados que cargan por la incapacidad para cumplir con el encargo que aún tienen en Hacienda y Gobernación los convierten rivales muy débiles ante las figuras panistas de Margarita Zavala y Ricardo Anaya e incluso contra la de Andrés Manuel López Obrador de Morena. 
Hay que decirlo, los ‘mejores’ gallos del PRI para el 2018 son relativamente populares con los niveles de su jefe político Peña Nieto, quien podría pasar a la historia como el presidente peor evaluado desde que se miden popularidades políticas en este país. 
Estamos hablando que Peña Nieto trae por ahí del 23 por ciento de aprobación, mientras que caja do se mide a Videgaray y a Osorio Chong con Margarita y Andrés Manuel, los tricolores no pasan del tercer sitio. 
No podrían estar mejor los dos personajes en comento, porque la economía mexicana está en franca picada, con una calificación internacional de negativa y ajustes a la baja, con aumentos considerables a la energía eléctrica y a las gasolinas y con el tema de seguridad en sus peores niveles. 
Ni modo que Osorio Chong se va a atrever a salir en el Time como ‘el salvador’ de México como lo hizo Peña Nieto en una más de sus promesas incumplidas y que a la postre sirvió para decenas de memes en las redes. 
Siendo el más adelantado de los priistas en la ruta a la candidatura Osorio tiene incendiado el suroeste del país con carreteras tomadas desde hace varias semanas, la frontera sur colapsado por los mismos cierres de la CNTE, la CDMX con días estrangulados por las manifestaciones y el centro y norte del país con la víbora de la inseguridad chillando ante el abandono del que quiere ser presidente. 
Tremendamente complicado para el PRI, porque la campaña para elegir sucesor de Peña Nieto empezará en 20 meses, tiempo en el que se antoja imposible que mejore la imagen del inquilino de Los Pinos y menos que se construya una figura alterna a los dos secretarios a los que se les ve el perfil de candidato tricolor. 
Tan crítico se le ve al PRI que hay quienes no descartan que Manlio Fabio Beltrones sea el ‘hijo desobediente’ como Felipe Calderón lo fue en los tiempos de Vicente Fox y arrebate la candidatura. 
A quienes le apuestan por esta vía, se les olvida que Manlio es el depositario de la derrota de 7 de 12 gubernaturas para el PRI el pasado 5 de junio y que padece el desprecio unánime del gabinete peñista. 
CV en los búnkers… Ayer el gobernador electo Francisco Javier García Cabeza de Vaca estuvo de nueva cuenta en la primera línea del poder en Tamaulipas acompañando al gobernador Egidio Torre Cantú y todos los mandos de las fuerzas estatales y federales, además de Gobernación de quienes escuchó los logros de los últimos días de la estrategia que se aplica en la entidad. 
El ‘empape’ del gobernador del cambio no paró en el Complejo de Seguridad Pública, luego estuvo con Egidio en el Centro de Comando, Control, Comunicaciones y Cómputo (C4) donde le mostraron el manejo del ‘BigBrother’ cuerudo que usan las corporaciones de seguridad, luego en su gira por los búnkers de la seguridad estatal se trasladó al C3; Centro Estatal de Evaluación y Control de Confianza. 
Hoy por cierto se instala la mesa de transición de Comunicación Social, por los que entregan estarán: Guillermo Martínez, titular del área, acompañado de José Manuel Flores, Nora Domínguez, Rodolfo Peña y Blanca Rosa García Galván 
Por los que llegan hasta anoche había algunas especulaciones, por lo que mejor nos esperamos a ver quién se aparece por ahí de las 10:00 en la sala de juntas de la Contraloría. 
Comentarios:
</post>
<signature>

</signature>
<external_links>

</external_links>
<country>US</country>
<main_image>http://expreso.press/wp-content/uploads/2014/11/Confesionario.jpg</main_image>
</document>
