<?xml version="1.0" encoding="UTF-8"?>
<document>
<type>mainstream</type>
<forum>http://elbashayeronline.com/rss</forum>
<forum_title>elbashayeronline.com</forum_title>
<discussion_title>سلطنة عُمان من أفضل 10 دول عربية في إيرادات السياحة</discussion_title>
<language>arabic</language>
<gmt_offset></gmt_offset>
<topic_url>http://elbashayeronline.com/news-699277.html</topic_url>
<topic_text>
سلطنة عُمان من أفضل 10 دول عربية في إيرادات السياحة   4:46:01 م - عدد القراء 1 أكدت منظمة السياحة العالمية أن سلطنة عُمان جاءت في المركز الثامن بين أفضل 10 دول عربية من حيث الإيرادات السياحية في عام 2015، إذ شكلت هذه الدول من حيث العائدات السياحية ما مجموعه 43.73% من إجمالي القطاع السياحي حول العالم بعائدات مالية بلغت 655.9 مليار دولار. لم يأتي ذلك من فراغ وإنما وفق الجهود العُمانية لتنمية وتطوير القطاع السياحي في باعتباره أحد أهم القطاعات الحيوية الخمسة لتحقيق التنويع الاقتصادي في الخطة الخمسية 2016 ـ 2020. وتهدف الاستراتيجية السياحية إلى جعل السلطنة وجهة سياحية عالمية بجانب العمل على رفع نسبة مساهمة القطاع في الناتج الإجمالي المحلي، وذلك من خلال تطبيق استراتيجية تنمية وتطوير القطاع التي تضع في اعتبارها عدة مبادئ رئيسية أهمها المحافظة على الإرث التاريخي والحضاري والثقافي للمجتمع العماني والحفاظ على البيئة والمقومات الطبيعية للسلطنة والتطوير الدائم للبنى الأساسية للمواقع السياحية وإيجاد سياحة نوعية منتقاة، إضافة إلى زيادة معدل الوعي السياحي ودعم المشروعات السياحية المتوسطة والصغيرة وتشجيع السياحة الداخلية وجذب الاستثمارات الخارجية. وفي سبيل تحقيقها للرؤية المستقبلية للقطاع السياحي تعمل الحكومة العمانية على إقامة مشروعات استثمارية كبرى على أراض سياحية حكومية بنظام حق الانتفاع، وتهدف هذه المشروعات إلى تنشيط الحركة السياحة في السلطنة وتنشيط الاستثمارات السياحية وأهم هذه المشروعات: منتجع شاطئ النخيل في ولاية بركاء، ومشروع منتجع رأس الحد والذي يقع بنيابة رأس الحد بولاية صور، ومشروع أوماجن السياحي والذي يقع بشمال الحيل بولاية السيب، ومجمع سياحي ترفيهي بولاية السيب ومنتجع نسيم الصباح ومنتجع قريات ومنتجع جبل السيفة ومنتجع جنوت (مجمع سياحي متكامل) ومنتجع شاطئ صلالة ومنتجع تجاري سياحي (بالم مول) بولاية السيب. والمأمول أن يسهم تنفيذ استراتيجية السياحة في زيادة عدد الوظائف المرتبطة بالقطاع حتى عام 2040م لتصل إلى أكثر من 500 ألف فرصة عمل، وزيادة حجم الاستثمارات المتوقعة في الفترة من 2016 إلى 2040 لتصل إلى 19 مليار ريال عماني 12% منها استثمارات من القطاع العام، وزيادة مساهمتها في الناتج المحلي الإجمالي كحد أدنى 6 % بحلول عام 2040م، بالإضافة إلى تنمية الاقتصاد المحلي وتطوير المؤسسات الصغيرة والمتوسطة لتصل إلى 1200 مؤسسة حتى عام 2040م، حيث يبلغ عددها حاليا 99 مؤسسة، وتحسين نوعية الحياة لمستقبل أفضل وتقوية الاعتزاز بالهوية العمانية. اخبار متعلقة
</topic_text>
<spam_score>0.00</spam_score>
<post_num>1</post_num>
<post_id>post-1</post_id>
<post_url>http://elbashayeronline.com/news-699277.html</post_url>
<post_date>20160830</post_date>
<post_time>1646</post_time>
<username></username>
<post>
سلطنة عُمان من أفضل 10 دول عربية في إيرادات السياحة   4:46:01 م - عدد القراء 1 أكدت منظمة السياحة العالمية أن سلطنة عُمان جاءت في المركز الثامن بين أفضل 10 دول عربية من حيث الإيرادات السياحية في عام 2015، إذ شكلت هذه الدول من حيث العائدات السياحية ما مجموعه 43.73% من إجمالي القطاع السياحي حول العالم بعائدات مالية بلغت 655.9 مليار دولار. لم يأتي ذلك من فراغ وإنما وفق الجهود العُمانية لتنمية وتطوير القطاع السياحي في باعتباره أحد أهم القطاعات الحيوية الخمسة لتحقيق التنويع الاقتصادي في الخطة الخمسية 2016 ـ 2020. وتهدف الاستراتيجية السياحية إلى جعل السلطنة وجهة سياحية عالمية بجانب العمل على رفع نسبة مساهمة القطاع في الناتج الإجمالي المحلي، وذلك من خلال تطبيق استراتيجية تنمية وتطوير القطاع التي تضع في اعتبارها عدة مبادئ رئيسية أهمها المحافظة على الإرث التاريخي والحضاري والثقافي للمجتمع العماني والحفاظ على البيئة والمقومات الطبيعية للسلطنة والتطوير الدائم للبنى الأساسية للمواقع السياحية وإيجاد سياحة نوعية منتقاة، إضافة إلى زيادة معدل الوعي السياحي ودعم المشروعات السياحية المتوسطة والصغيرة وتشجيع السياحة الداخلية وجذب الاستثمارات الخارجية. وفي سبيل تحقيقها للرؤية المستقبلية للقطاع السياحي تعمل الحكومة العمانية على إقامة مشروعات استثمارية كبرى على أراض سياحية حكومية بنظام حق الانتفاع، وتهدف هذه المشروعات إلى تنشيط الحركة السياحة في السلطنة وتنشيط الاستثمارات السياحية وأهم هذه المشروعات: منتجع شاطئ النخيل في ولاية بركاء، ومشروع منتجع رأس الحد والذي يقع بنيابة رأس الحد بولاية صور، ومشروع أوماجن السياحي والذي يقع بشمال الحيل بولاية السيب، ومجمع سياحي ترفيهي بولاية السيب ومنتجع نسيم الصباح ومنتجع قريات ومنتجع جبل السيفة ومنتجع جنوت (مجمع سياحي متكامل) ومنتجع شاطئ صلالة ومنتجع تجاري سياحي (بالم مول) بولاية السيب. والمأمول أن يسهم تنفيذ استراتيجية السياحة في زيادة عدد الوظائف المرتبطة بالقطاع حتى عام 2040م لتصل إلى أكثر من 500 ألف فرصة عمل، وزيادة حجم الاستثمارات المتوقعة في الفترة من 2016 إلى 2040 لتصل إلى 19 مليار ريال عماني 12% منها استثمارات من القطاع العام، وزيادة مساهمتها في الناتج المحلي الإجمالي كحد أدنى 6 % بحلول عام 2040م، بالإضافة إلى تنمية الاقتصاد المحلي وتطوير المؤسسات الصغيرة والمتوسطة لتصل إلى 1200 مؤسسة حتى عام 2040م، حيث يبلغ عددها حاليا 99 مؤسسة، وتحسين نوعية الحياة لمستقبل أفضل وتقوية الاعتزاز بالهوية العمانية. اخبار متعلقة
</post>
<signature>

</signature>
<external_links>

</external_links>
<country>US</country>
<main_image>http://elbashayeronline.com/upload/img/elbashayer_image_1472568351.jpg</main_image>
</document>
