<?xml version="1.0" encoding="UTF-8"?>
<document>
<type>mainstream</type>
<forum>http://www.agencianova.com/rssnotas.asp?id=10</forum>
<forum_title>Agencia NOVA - Municipios</forum_title>
<discussion_title>Realizarán obras en Exaltación de la Cruz para evitar inundaciones</discussion_title>
<language>spanish</language>
<gmt_offset></gmt_offset>
<topic_url>http://www.agencianova.com/nota.asp?n=2016_8_30&amp;id=52069&amp;id_tiponota=10</topic_url>
<topic_text>
Invertirán 72 millones de pesos Realizarán obras en Exaltación de la Cruz para evitar inundaciones Adrián Sánchez, intendente de Exaltación de la Cruz. (Foto:NOVA) 
El municipio de Exaltación de la Cruz informó que se llevará a cabo la licitación de las obras que tienen como objetivo principal bajar el nivel de agua de los arroyos cercanos a la región y así poder impedir futuras inundaciones. Esto se da luego del convenio firmado la semana pasada entre el intendente Adrián Sánchez y el ministro de Infraestructura y Servicios Públicos de la provincia, Edgardo Cenzón . 
En este sentido, se construirá la apertura de dos bocas en el terraplén del Ferrocarril Mitre que facilitará el desagüe mucho más rápido y además se prevé un proyecto de un terraplén costero que va a bordear todo el arroyo. En diálogo con NOVA , Sánchez explicó que también “estamos ampliando en 1200 metros el hospital, vamos a llegar a 80 habitaciones, a hacer comedor y cocina nueva y todo el nuevo ingreso. Eso va a ser una inversión de 25 millones de pesos donde vamos a ampliar además la unidad sanitaria de Los Cardales y la delegación de Pavón”. 
Así mismo, afirmó que “estamos haciendo un nuevo centro de vigilancia urbana, más luminosidad y distintas obras para tener mejor seguridad, el hospital y el centro de vigilancia ya están iniciadas las obras y lo del terraplén, ya firmamos el convenio y en muy pocos días vamos a llamar a licitación”. 
En cuanto al cambio de gobierno y el acercamiento con María Eugenia Vidal , sostuvo que “la relación con la gobernadora y sus ministros es muy buena, yo pedí una entrevista, me la dieron rápidamente, le llevamos muchas propuestas, me atendió y nos dijo que nos iba a venir a visitar, además recibimos el apoyo constante de todos los ministerios. Así que tenemos una nueva modalidad de trabajo”. 
Por otra parte, Sánchez se refirió a las elecciones legislativas del año próximo y expresó que “Es muy prematuro para hablar, yo tengo una muy buena relación con la línea política que hoy dirige la provincia y la nación, se verá en su momento que decide mi partido lo que tiene que hacer o cuál es la conveniencia” y agregó que “nosotros estamos dentro de la línea del jefe político nuestro que es Ricardo Bozzani , fue senador de Daniel Scioli en dos períodos, el cual a nosotros nos ayudó mucho en cuanto a obras”. 
Sobre la posible postulación del ex gobernador de la provincia, afirmó que “será una decisión personal de él o del grupo que lo acompaña pero me parece que es un representante y un dirigente político de muy alta valía”. En esa misma línea, se refirió a la ex presidenta de la nación, Cristina Fernández de Kirchner , y manifestó que “es una dirigente que debe tener un gran apoyo, tiene un núcleo duro muy importante. Que ella se presente como candidata dependerá de las decisiones y la estrategia política de su grupo político”. 
En cuanto a lo personal y la región que conduce, Adrián Sánchez expresó que “el partido es muy grande, la obra que vamos a ser del saneamiento del terraplén va a ser algo por lo cual me van a recordar, pero quiero que me recuerden como el intendente de la educación, por eso estoy llevando adelante la construcción de ocho escuelas más pero además, acompañado por provincia y nación, de un programa municipal para mejorar la educación en los distintos aspectos y en hacer móviles que recorran el distrito para estar al lado del vecino todos los días y poder mejorar”. Lectores: 1475
</topic_text>
<spam_score>0.00</spam_score>
<post_num>1</post_num>
<post_id>post-1</post_id>
<post_url>http://www.agencianova.com/nota.asp?n=2016_8_30&amp;id=52069&amp;id_tiponota=10</post_url>
<post_date>20160829</post_date>
<post_time>1500</post_time>
<username></username>
<post>
Invertirán 72 millones de pesos Realizarán obras en Exaltación de la Cruz para evitar inundaciones Adrián Sánchez, intendente de Exaltación de la Cruz. (Foto:NOVA) 
El municipio de Exaltación de la Cruz informó que se llevará a cabo la licitación de las obras que tienen como objetivo principal bajar el nivel de agua de los arroyos cercanos a la región y así poder impedir futuras inundaciones. Esto se da luego del convenio firmado la semana pasada entre el intendente Adrián Sánchez y el ministro de Infraestructura y Servicios Públicos de la provincia, Edgardo Cenzón . 
En este sentido, se construirá la apertura de dos bocas en el terraplén del Ferrocarril Mitre que facilitará el desagüe mucho más rápido y además se prevé un proyecto de un terraplén costero que va a bordear todo el arroyo. En diálogo con NOVA , Sánchez explicó que también “estamos ampliando en 1200 metros el hospital, vamos a llegar a 80 habitaciones, a hacer comedor y cocina nueva y todo el nuevo ingreso. Eso va a ser una inversión de 25 millones de pesos donde vamos a ampliar además la unidad sanitaria de Los Cardales y la delegación de Pavón”. 
Así mismo, afirmó que “estamos haciendo un nuevo centro de vigilancia urbana, más luminosidad y distintas obras para tener mejor seguridad, el hospital y el centro de vigilancia ya están iniciadas las obras y lo del terraplén, ya firmamos el convenio y en muy pocos días vamos a llamar a licitación”. 
En cuanto al cambio de gobierno y el acercamiento con María Eugenia Vidal , sostuvo que “la relación con la gobernadora y sus ministros es muy buena, yo pedí una entrevista, me la dieron rápidamente, le llevamos muchas propuestas, me atendió y nos dijo que nos iba a venir a visitar, además recibimos el apoyo constante de todos los ministerios. Así que tenemos una nueva modalidad de trabajo”. 
Por otra parte, Sánchez se refirió a las elecciones legislativas del año próximo y expresó que “Es muy prematuro para hablar, yo tengo una muy buena relación con la línea política que hoy dirige la provincia y la nación, se verá en su momento que decide mi partido lo que tiene que hacer o cuál es la conveniencia” y agregó que “nosotros estamos dentro de la línea del jefe político nuestro que es Ricardo Bozzani , fue senador de Daniel Scioli en dos períodos, el cual a nosotros nos ayudó mucho en cuanto a obras”. 
Sobre la posible postulación del ex gobernador de la provincia, afirmó que “será una decisión personal de él o del grupo que lo acompaña pero me parece que es un representante y un dirigente político de muy alta valía”. En esa misma línea, se refirió a la ex presidenta de la nación, Cristina Fernández de Kirchner , y manifestó que “es una dirigente que debe tener un gran apoyo, tiene un núcleo duro muy importante. Que ella se presente como candidata dependerá de las decisiones y la estrategia política de su grupo político”. 
En cuanto a lo personal y la región que conduce, Adrián Sánchez expresó que “el partido es muy grande, la obra que vamos a ser del saneamiento del terraplén va a ser algo por lo cual me van a recordar, pero quiero que me recuerden como el intendente de la educación, por eso estoy llevando adelante la construcción de ocho escuelas más pero además, acompañado por provincia y nación, de un programa municipal para mejorar la educación en los distintos aspectos y en hacer móviles que recorran el distrito para estar al lado del vecino todos los días y poder mejorar”. Lectores: 1475
</post>
<signature>

</signature>
<external_links>

</external_links>
<country>US</country>
<main_image>http://www.agencianova.com/data/fotos2/bbx_491031137_IMG-20160829-WA0000.jpg</main_image>
</document>
