<?xml version="1.0" encoding="UTF-8"?>
<document>
<type>mainstream</type>
<forum>http://news.21.by/pub/rss/discuss.rss</forum>
<forum_title>Рейтинг обсуждаемых новостей 21.by</forum_title>
<discussion_title>4,6-дюймовый смартфон Sony Xperia X Compact получит процессор Snapdragon 820</discussion_title>
<language>russian</language>
<gmt_offset></gmt_offset>
<topic_url>http://news.21.by/hi-tech/2016/08/30/1234705.html</topic_url>
<topic_text>
A Компания Sony готовит к выпуску смартфон Xperia X Compact. Новинка порадует компактными размерами и флагманскими характеристиками. Об этом свидетельствует описание устройства на сайте GFXBench. Xperia X Compact получил 4,6-дюймовый экран с разрешением 1920 х 1080 пикселей, мощный четырехъядерный процессор Qualcomm Snapdragon 820, 4 ГБ оперативной памяти, 64 ГБ встроенной флэш-памяти, 12-мегапиксельную тыльную камеру и 8-мегапиксельную дополнительную. Тестовый образец работал под управлением операционной системы Android 6.0.1 Marshmallow. Также устройству приписывают симметричный порт USB Type-C и аккумуляторную батарею емкостью 2700 мАч. Будет ли сканер отпечатков пальцев, неизвестно. Официальный анонс смартфона Sony Xperia X Compact ожидается 1 сентября в преддверии выставки IFA 2016.
</topic_text>
<spam_score>0.00</spam_score>
<post_num>1</post_num>
<post_id>post-1</post_id>
<post_url>http://news.21.by/hi-tech/2016/08/30/1234705.html</post_url>
<post_date>20160830</post_date>
<post_time>1107</post_time>
<username></username>
<post>
A Компания Sony готовит к выпуску смартфон Xperia X Compact. Новинка порадует компактными размерами и флагманскими характеристиками. Об этом свидетельствует описание устройства на сайте GFXBench. Xperia X Compact получил 4,6-дюймовый экран с разрешением 1920 х 1080 пикселей, мощный четырехъядерный процессор Qualcomm Snapdragon 820, 4 ГБ оперативной памяти, 64 ГБ встроенной флэш-памяти, 12-мегапиксельную тыльную камеру и 8-мегапиксельную дополнительную. Тестовый образец работал под управлением операционной системы Android 6.0.1 Marshmallow. Также устройству приписывают симметричный порт USB Type-C и аккумуляторную батарею емкостью 2700 мАч. Будет ли сканер отпечатков пальцев, неизвестно. Официальный анонс смартфона Sony Xperia X Compact ожидается 1 сентября в преддверии выставки IFA 2016.
</post>
<signature>

</signature>
<external_links>

</external_links>
<country>BY</country>
<main_image></main_image>
</document>
