<?xml version="1.0" encoding="UTF-8"?>
<document>
<type>mainstream</type>
<forum>http://donna.fanpage.it/feed/</forum>
<forum_title>Donna FanpageDonna Fanpage</forum_title>
<discussion_title>“Mini”: gli accessori mamma-figlia per avere un look abbinato</discussion_title>
<language>italian</language>
<gmt_offset></gmt_offset>
<topic_url>http://donna.fanpage.it/mini-gli-accessori-mamma-figlia-per-avere-un-look-abbinato/</topic_url>
<topic_text>
di Valeria Paglionico 
Siete degli appassionati di moda e avete sempre sognato di sfoggiare un look abbinato genitore-figlio? Per voi è arrivata la soluzione ideale. Salvatore Ferragamo ha lanciato &quot;Mini&quot;, una capsule collection di calzature e accessori per bambini dai 3 agli 8 anni, che presenta delle rivisitazioni in versione mini di modelli solitamente pensati per gli adulti. 
La linea riesce a esaltare il fascino romantico e moderno della Maison, esplorando con eleganza e spirito giocoso il patrimonio iconico del brand. Sneakers, zainetti, borse, sono solo alcuni dei prodotti della collezione &quot;Mini&quot; che possono essere indossati dai bambini ma anche dalla mamma e dal papà, visto che riproducono gli stessi modelli per adulti ma in versione mini. L&apos;obiettivo è dimostrare che l&apos;eleganza non ha età e che può essere anche sinonimo di divertimento. Naturalmente, Ferragamo non ha dimenticato le caratteristiche che hanno sempre contraddistinto il suo brand ed è infatti riuscito ancora una volta a fondere bellezza, artigianalità e creatività, ma questa volta con un pizzico di ironia. 
La capsule collection era stata presentata in anteprima alla scorsa edizione di Pitti Bimbo, il salone internazionale delle nuove tendenze del lifestyle legate alla moda per i più piccoli, e a partire dal 29 di agosto è stata messa in vendita. Tutti quelli che vogliono sfoggiare dei look abbinati con quelli del proprio figlio finalmente potranno farlo. Chissà in quanti cominceranno a scattarsi una foto con la didascalia &quot;Mini Me&quot;. A giudicare dagli scatti della campagna pubblicitaria di Ferragamo, il risultato finale sarà di sicuro dolcissimo e glamour. Vota l&apos;articolo:
</topic_text>
<spam_score>0.00</spam_score>
<post_num>1</post_num>
<post_id>post-1</post_id>
<post_url>http://donna.fanpage.it/mini-gli-accessori-mamma-figlia-per-avere-un-look-abbinato/</post_url>
<post_date>20160830</post_date>
<post_time>0901</post_time>
<username>Valeria Paglionico</username>
<post>
di Valeria Paglionico 
Siete degli appassionati di moda e avete sempre sognato di sfoggiare un look abbinato genitore-figlio? Per voi è arrivata la soluzione ideale. Salvatore Ferragamo ha lanciato &quot;Mini&quot;, una capsule collection di calzature e accessori per bambini dai 3 agli 8 anni, che presenta delle rivisitazioni in versione mini di modelli solitamente pensati per gli adulti. 
La linea riesce a esaltare il fascino romantico e moderno della Maison, esplorando con eleganza e spirito giocoso il patrimonio iconico del brand. Sneakers, zainetti, borse, sono solo alcuni dei prodotti della collezione &quot;Mini&quot; che possono essere indossati dai bambini ma anche dalla mamma e dal papà, visto che riproducono gli stessi modelli per adulti ma in versione mini. L&apos;obiettivo è dimostrare che l&apos;eleganza non ha età e che può essere anche sinonimo di divertimento. Naturalmente, Ferragamo non ha dimenticato le caratteristiche che hanno sempre contraddistinto il suo brand ed è infatti riuscito ancora una volta a fondere bellezza, artigianalità e creatività, ma questa volta con un pizzico di ironia. 
La capsule collection era stata presentata in anteprima alla scorsa edizione di Pitti Bimbo, il salone internazionale delle nuove tendenze del lifestyle legate alla moda per i più piccoli, e a partire dal 29 di agosto è stata messa in vendita. Tutti quelli che vogliono sfoggiare dei look abbinati con quelli del proprio figlio finalmente potranno farlo. Chissà in quanti cominceranno a scattarsi una foto con la didascalia &quot;Mini Me&quot;. A giudicare dagli scatti della campagna pubblicitaria di Ferragamo, il risultato finale sarà di sicuro dolcissimo e glamour. Vota l&apos;articolo:
</post>
<signature>

</signature>
<external_links>

</external_links>
<country>IT</country>
<main_image>http://static.fanpage.it/wp-content/uploads/sites/11/2016/08/mamma-figlia.jpg</main_image>
</document>
