<?xml version="1.0" encoding="UTF-8"?>
<document>
<type>mainstream</type>
<forum>http://www.abendblatt.de/?service=Rss</forum>
<forum_title>Hamburger Abendblatt</forum_title>
<discussion_title>Hamburg: Über das Leben mit einer bipolaren Störung</discussion_title>
<language>german</language>
<gmt_offset></gmt_offset>
<topic_url>http://www.abendblatt.de/kultur-live/buecher/article208152961/Ueber-das-Leben-mit-einer-bipolaren-Stoerung.html</topic_url>
<topic_text>
Über das Leben mit einer bipolaren Störung 30.08.16 Über das Leben mit einer bipolaren Störung Von Thomas Andre 
Thomas Melle, Jahrgang 1975, ist mit seinem neuen Buch für den Deutschen Buchpreis nominiert 0 0 Erfolgsautor Thomas Melle ist manisch-depressiv. Jetzt hat er darüber ein Buch geschrieben. Hamburg. Wenn er in eine seiner manischen Phasen gerät, wenn sich die Psychose seiner bemächtigt, dann quatscht Thomas Melle jeden an, steigt mit einer Frau nach der anderen ins Bett, produziert sich permanent im Internet. Das sind die harmloseren Episoden. Sein Ich und die Anbindung an das, was wir die reale Welt nennen, zerbröseln aber noch viel stärker als lediglich in diesen Akten der Übergriffigkeit. Melle fühlt sich wie der Heiland und immer angesprochen, im Positiven wie im Negativen. Jeder kennt ihn. Jeder beobachtet ihn. Er denkt er sei für 9/11 verantwortlich Dieser manische Melle schläft kaum, trinkt, ist unentwegt unterwegs, setzt sich in Züge, Hauptsache weg. Der manische Melle ist größenwahnsinnig, aggressiv und getrieben. Er ist vor allem auch paranoid. Er denkt dann, er sei für 9/11 verantwortlich. Und nach den manischen Phasen kommt die Depression, das Hinabsinken in die Unterwelt der Bedeutungslosigkeit. Nichts mehr ergibt Sinn, weder das vorher hektisch und erhitzt verfolgte Ziel, die Wirklichkeit und ihre Möglichkeiten zu ergreifen, noch der Alltag mit seinen Verrichtungen, Liebeleien, Kulturangeboten. Thomas Melle, 1975 in Bonn geboren und seit Jahren in Berlin lebend, hat bisher zwei erfolgreiche Romane (&quot;Sickster&quot;, 2011, und &quot;3000 Euro&quot;, 2014) geschrieben. Er hat Preise gewonnen, war für den Deutschen Buchpreis nominiert. Er ist dies auch mit seinem neuen Buch &quot;Die Welt im Rücken&quot;. So lässt sich eine schöne Karriere im Literaturbetrieb an. Was nur Eingeweihten bekannt war, spricht Melle nun in diesem Bekenntnistext aus: unter welch schwierigen Bedingungen seine literarische Produktion stattfand und stattfindet. Seine Werke sind dem Alltag mit der Bi-Polarität – früher lautete die Diagnose auf manisch-depressive Erkrankung – abgerungen. Eine Seelenschau und Selbstanklage Wer mag, kann nun in den derangierten und problembehafteten ­Zu­ständen von Melles Helden den Autoren selbst erkennen. Wobei man ­natürlich nie den Autor mit seinen ­Figuren verwechseln sollte. &quot;Die Welt im Rücken&quot; ist eine Seelenschau, eine Beichte, in Teilen auch eine (Selbst-)Anklage. Es geht um ­Katharsis und, auch das, den therapeutischen Gedanken. &quot;Die Welt im ­Rücken&quot; reiht sich neben die literarischen Selbstentblößungen, die derzeit en vogue sind. Erst im Frühjahr veröffentlichte Benjamin von Stuckrad-Barre sein Kotz- und Drogengeständnis &quot;Panikherz&quot;, es wurde zum Bestseller. Man könnte also geneigt sein, angesichts einer grassierenden Ästhetik der Psychomacke bei Melle gelangweilt abzuwinken. Wären da nicht dessen stilistische Brillanz und das Faszinosum, wie hier einer mit sich ringt und die Krise, die sonst so wenig beherrschbar ist, in Sprache zwingt. Es ist eine biografische Katastrophe, die Melle ausbreitet; die Krankheit ist wie ein- bis jetzt dreimal aus einem Verlies ausgebrochenes Monster, ohne dass Melle die Angelegenheit so nennen würde. Er schreibt vom &quot;gescheiterten Bildungsroman&quot;, den sein Buch erzähle – und referiert in eindringlichem und trotzdem abgeklärtem Ton die Psychiatrieaufenthalte, das Angewiesensein auf Medikamente, die (halben) Suizidversuche. Die Krankheit ist nicht nur seiner Karriere im Weg, sondern seinem Status als soziales Wesen. Seine Freunde sind irgendwann nur noch Rettungsschirme, die darauf achten, dass Melle nicht aus der Rolle fällt. Unsympathischer Zeitgenosse Das Outing Melles ist bemerkenswert, denn die Wahrnehmung, es hier mit einem nicht immer sympathischen Zeitgenossen zu tun zu haben, stellt sich automatisch ein. Bei aller Formulierungskunst Melles weiß man jedoch nicht mal annäherungsweise, wie sich Wahn und Depression anfühlen. Man bleibt staunender Beobachter. Hamburg ist für den zwischen Suff, Austicken und hochtouriger Kommunikation besonders im Netz, zwischen kreativer Phase und lähmendem Niedergedrücktsein, zwischen stationären Aufenthalten und Rastlosigkeit wechselnden Melle immer ein Sehnsuchtsort. Einmal durchzecht er mit Freunden eine Hamburger Nacht. Die am Großmarkt gekauften Bananen werden danach am Hauptbahnhof (&quot;Bananen gegen Schill&quot;) an Fahrgäste verteilt. Eine Gaga-Aktion im Rausch, die bei Melle in einem tieferen Loch endet als bei anderen: Er hat einen Lebenskater, der sich nur schwer bezähmen lässt. &quot;Die Welt im Rücken&quot; ist ein fesselndes Buch, wohl auch, weil der purer Existenznot, aber auch dem Künstlerwillen geschuldete Exhibitionismus auf einen durchaus voyeuristischen Leser hoffen darf. Das Niveau von Melles Selbstreflexion ist hoch, man darf wohl eine weitgehende Ehrlichkeit in der Beschreibung der Abstürze und Realitätsverweigerungen annehmen. Er glaubt Knausgård kein Wort Melle weiß, wie er die Worte, Sätze und Szenen zu setzen hat. Als versierter Romancier und auch Bühnenautor hat er einen Sinn für Dramaturgie, nicht alles ist chronologisch, wie auch, bei dem Wirbel der Erinnerungen. Einmal schreibt Melle, dass er Karl Ove Knausgård, der minutiös seine Autobiografie in sechs Bänden zu Papier ­gebracht hat, &quot;kein Wort glaubt&quot;. Weil Knausgård sein wahres Leben ja tatsächlich erdichtet; aber ähnlich romanhaft ist auch Melles Buch. So hat Melle in sehr guter Prosa, die sich das eigene Leid immer auch zurechtschnitzt, sein Lebensbuch geschrieben. Es fängt die Angst vor dem nächsten Schub ein und könnte die Wahrnehmung seiner Person und seiner Bücher verändern. Vielleicht kann es die Krankheit auch in Schach halten. Man solle ihm, schreibt Melle einmal, wenn er wieder am Abdrehen ist, dieses, sein eigenes Buch zeigen. Lesung Di 22.11., 20 Uhr, Nochtspeicher Links zum Artikel
</topic_text>
<spam_score>0.00</spam_score>
<post_num>1</post_num>
<post_id>post-1</post_id>
<post_url>http://www.abendblatt.de/kultur-live/buecher/article208152961/Ueber-das-Leben-mit-einer-bipolaren-Stoerung.html</post_url>
<post_date>20160830</post_date>
<post_time>1032</post_time>
<username></username>
<post>
Über das Leben mit einer bipolaren Störung 30.08.16 Über das Leben mit einer bipolaren Störung Von Thomas Andre 
Thomas Melle, Jahrgang 1975, ist mit seinem neuen Buch für den Deutschen Buchpreis nominiert 0 0 Erfolgsautor Thomas Melle ist manisch-depressiv. Jetzt hat er darüber ein Buch geschrieben. Hamburg. Wenn er in eine seiner manischen Phasen gerät, wenn sich die Psychose seiner bemächtigt, dann quatscht Thomas Melle jeden an, steigt mit einer Frau nach der anderen ins Bett, produziert sich permanent im Internet. Das sind die harmloseren Episoden. Sein Ich und die Anbindung an das, was wir die reale Welt nennen, zerbröseln aber noch viel stärker als lediglich in diesen Akten der Übergriffigkeit. Melle fühlt sich wie der Heiland und immer angesprochen, im Positiven wie im Negativen. Jeder kennt ihn. Jeder beobachtet ihn. Er denkt er sei für 9/11 verantwortlich Dieser manische Melle schläft kaum, trinkt, ist unentwegt unterwegs, setzt sich in Züge, Hauptsache weg. Der manische Melle ist größenwahnsinnig, aggressiv und getrieben. Er ist vor allem auch paranoid. Er denkt dann, er sei für 9/11 verantwortlich. Und nach den manischen Phasen kommt die Depression, das Hinabsinken in die Unterwelt der Bedeutungslosigkeit. Nichts mehr ergibt Sinn, weder das vorher hektisch und erhitzt verfolgte Ziel, die Wirklichkeit und ihre Möglichkeiten zu ergreifen, noch der Alltag mit seinen Verrichtungen, Liebeleien, Kulturangeboten. Thomas Melle, 1975 in Bonn geboren und seit Jahren in Berlin lebend, hat bisher zwei erfolgreiche Romane (&quot;Sickster&quot;, 2011, und &quot;3000 Euro&quot;, 2014) geschrieben. Er hat Preise gewonnen, war für den Deutschen Buchpreis nominiert. Er ist dies auch mit seinem neuen Buch &quot;Die Welt im Rücken&quot;. So lässt sich eine schöne Karriere im Literaturbetrieb an. Was nur Eingeweihten bekannt war, spricht Melle nun in diesem Bekenntnistext aus: unter welch schwierigen Bedingungen seine literarische Produktion stattfand und stattfindet. Seine Werke sind dem Alltag mit der Bi-Polarität – früher lautete die Diagnose auf manisch-depressive Erkrankung – abgerungen. Eine Seelenschau und Selbstanklage Wer mag, kann nun in den derangierten und problembehafteten ­Zu­ständen von Melles Helden den Autoren selbst erkennen. Wobei man ­natürlich nie den Autor mit seinen ­Figuren verwechseln sollte. &quot;Die Welt im Rücken&quot; ist eine Seelenschau, eine Beichte, in Teilen auch eine (Selbst-)Anklage. Es geht um ­Katharsis und, auch das, den therapeutischen Gedanken. &quot;Die Welt im ­Rücken&quot; reiht sich neben die literarischen Selbstentblößungen, die derzeit en vogue sind. Erst im Frühjahr veröffentlichte Benjamin von Stuckrad-Barre sein Kotz- und Drogengeständnis &quot;Panikherz&quot;, es wurde zum Bestseller. Man könnte also geneigt sein, angesichts einer grassierenden Ästhetik der Psychomacke bei Melle gelangweilt abzuwinken. Wären da nicht dessen stilistische Brillanz und das Faszinosum, wie hier einer mit sich ringt und die Krise, die sonst so wenig beherrschbar ist, in Sprache zwingt. Es ist eine biografische Katastrophe, die Melle ausbreitet; die Krankheit ist wie ein- bis jetzt dreimal aus einem Verlies ausgebrochenes Monster, ohne dass Melle die Angelegenheit so nennen würde. Er schreibt vom &quot;gescheiterten Bildungsroman&quot;, den sein Buch erzähle – und referiert in eindringlichem und trotzdem abgeklärtem Ton die Psychiatrieaufenthalte, das Angewiesensein auf Medikamente, die (halben) Suizidversuche. Die Krankheit ist nicht nur seiner Karriere im Weg, sondern seinem Status als soziales Wesen. Seine Freunde sind irgendwann nur noch Rettungsschirme, die darauf achten, dass Melle nicht aus der Rolle fällt. Unsympathischer Zeitgenosse Das Outing Melles ist bemerkenswert, denn die Wahrnehmung, es hier mit einem nicht immer sympathischen Zeitgenossen zu tun zu haben, stellt sich automatisch ein. Bei aller Formulierungskunst Melles weiß man jedoch nicht mal annäherungsweise, wie sich Wahn und Depression anfühlen. Man bleibt staunender Beobachter. Hamburg ist für den zwischen Suff, Austicken und hochtouriger Kommunikation besonders im Netz, zwischen kreativer Phase und lähmendem Niedergedrücktsein, zwischen stationären Aufenthalten und Rastlosigkeit wechselnden Melle immer ein Sehnsuchtsort. Einmal durchzecht er mit Freunden eine Hamburger Nacht. Die am Großmarkt gekauften Bananen werden danach am Hauptbahnhof (&quot;Bananen gegen Schill&quot;) an Fahrgäste verteilt. Eine Gaga-Aktion im Rausch, die bei Melle in einem tieferen Loch endet als bei anderen: Er hat einen Lebenskater, der sich nur schwer bezähmen lässt. &quot;Die Welt im Rücken&quot; ist ein fesselndes Buch, wohl auch, weil der purer Existenznot, aber auch dem Künstlerwillen geschuldete Exhibitionismus auf einen durchaus voyeuristischen Leser hoffen darf. Das Niveau von Melles Selbstreflexion ist hoch, man darf wohl eine weitgehende Ehrlichkeit in der Beschreibung der Abstürze und Realitätsverweigerungen annehmen. Er glaubt Knausgård kein Wort Melle weiß, wie er die Worte, Sätze und Szenen zu setzen hat. Als versierter Romancier und auch Bühnenautor hat er einen Sinn für Dramaturgie, nicht alles ist chronologisch, wie auch, bei dem Wirbel der Erinnerungen. Einmal schreibt Melle, dass er Karl Ove Knausgård, der minutiös seine Autobiografie in sechs Bänden zu Papier ­gebracht hat, &quot;kein Wort glaubt&quot;. Weil Knausgård sein wahres Leben ja tatsächlich erdichtet; aber ähnlich romanhaft ist auch Melles Buch. So hat Melle in sehr guter Prosa, die sich das eigene Leid immer auch zurechtschnitzt, sein Lebensbuch geschrieben. Es fängt die Angst vor dem nächsten Schub ein und könnte die Wahrnehmung seiner Person und seiner Bücher verändern. Vielleicht kann es die Krankheit auch in Schach halten. Man solle ihm, schreibt Melle einmal, wenn er wieder am Abdrehen ist, dieses, sein eigenes Buch zeigen. Lesung Di 22.11., 20 Uhr, Nochtspeicher Links zum Artikel
</post>
<signature>

</signature>
<external_links>

</external_links>
<country>DE</country>
<main_image>http://img.abendblatt.de/img/kultur-live/crop208152959/3122605884-w820-cv16_9-q85/melle-thomas-c-dagmar-morath-003.jpg</main_image>
</document>
