<?xml version="1.0" encoding="UTF-8"?>
<document>
<type>mainstream</type>
<forum>http://www.agencianova.com/rssnotas.asp?id=10</forum>
<forum_title>Agencia NOVA - Municipios</forum_title>
<discussion_title>En Chacabuco apuestan al cambio en el medioambiente</discussion_title>
<language>spanish</language>
<gmt_offset></gmt_offset>
<topic_url>http://www.agencianova.com/nota.asp?n=2016_8_30&amp;id=52073&amp;id_tiponota=10</topic_url>
<topic_text>
Política ambiental En Chacabuco apuestan al cambio en el medioambiente El reciclado de la basura y el aprovechamiento de la planta municipal es prioridad en Chacabuco. 
La semana pasada, en el marco del trabajo que realiza la Red Argentina de Municipios frente al cambio climático, el subsecretario de Medio Ambiente y Desarrollo Urbano de la municipalidad de Chacabuco, Pablo Atencio , participó del Taller de “Cambio Climático e Inventario de Gases de Efecto Invernadero” que tuvo lugar en la localidad de Daireaux. 
Durante el encuentro, Atencio presentó su &quot;Inventario de Gases Efecto Invernadero&quot; de Chacabuco. Estuvieron presentes funcionarios de los Municipios de Pellegrini; Henderson; Salliqueló; Tandil; Rojas; Bolívar; Guaminí, y tutores ambientales del Organismo Provincial de Desarrollo Sostenible (OPDS). 
Esto forma parte de una política ambiental que llevan adelante desde el distrito que conduce Victor Aiola . Hace unos días, se llevó a cabo una charla convocada por el director de servicios públicos y residuos de la Municipalidad de Chivilcoy, Jorge Guggiana , de la que formaron parte trabajadores de la cooperativa que funciona en la planta de reciclado de residuos local. 
El disertante de dicha charla fue el licenciado Pablo Atencio, quién estuvo acompañado por Darío Panelo , presidente de la empresa Sur Ecology con quiénes se realizará una prueba de tres meses para el tratamiento de los residuos en Chacabuco. Lectores: 1373
</topic_text>
<spam_score>0.00</spam_score>
<post_num>1</post_num>
<post_id>post-1</post_id>
<post_url>http://www.agencianova.com/nota.asp?n=2016_8_30&amp;id=52073&amp;id_tiponota=10</post_url>
<post_date>20160829</post_date>
<post_time>1636</post_time>
<username></username>
<post>
Política ambiental En Chacabuco apuestan al cambio en el medioambiente El reciclado de la basura y el aprovechamiento de la planta municipal es prioridad en Chacabuco. 
La semana pasada, en el marco del trabajo que realiza la Red Argentina de Municipios frente al cambio climático, el subsecretario de Medio Ambiente y Desarrollo Urbano de la municipalidad de Chacabuco, Pablo Atencio , participó del Taller de “Cambio Climático e Inventario de Gases de Efecto Invernadero” que tuvo lugar en la localidad de Daireaux. 
Durante el encuentro, Atencio presentó su &quot;Inventario de Gases Efecto Invernadero&quot; de Chacabuco. Estuvieron presentes funcionarios de los Municipios de Pellegrini; Henderson; Salliqueló; Tandil; Rojas; Bolívar; Guaminí, y tutores ambientales del Organismo Provincial de Desarrollo Sostenible (OPDS). 
Esto forma parte de una política ambiental que llevan adelante desde el distrito que conduce Victor Aiola . Hace unos días, se llevó a cabo una charla convocada por el director de servicios públicos y residuos de la Municipalidad de Chivilcoy, Jorge Guggiana , de la que formaron parte trabajadores de la cooperativa que funciona en la planta de reciclado de residuos local. 
El disertante de dicha charla fue el licenciado Pablo Atencio, quién estuvo acompañado por Darío Panelo , presidente de la empresa Sur Ecology con quiénes se realizará una prueba de tres meses para el tratamiento de los residuos en Chacabuco. Lectores: 1373
</post>
<signature>

</signature>
<external_links>

</external_links>
<country>US</country>
<main_image>http://www.agencianova.com/data/fotos2/bbx_491035922_ATENCIO-EN-CHIVILCO.jpg</main_image>
</document>
