<?xml version="1.0" encoding="UTF-8"?>
<document>
<type>mainstream</type>
<forum>http://news.21.by/pub/rss/discuss.rss</forum>
<forum_title>Рейтинг обсуждаемых новостей 21.by</forum_title>
<discussion_title>Каля помніка Дзяржынскаму ў Мінску на аўтамабіль звалілася дрэва (фота)</discussion_title>
<language>belarusian</language>
<gmt_offset></gmt_offset>
<topic_url>http://news.21.by/other-news/2016/08/30/1234703.html</topic_url>
<topic_text>
A Фота: Еўрарадыё 
Каля помніка Дзяржынскаму ў Мінску на аўтамабіль звалілася дрэва. Здарэнне ў скверы па вуліцы Камсамольскай адбылося ўдзень 30 жніўня. Рух транспарту быў часова перакрыты. 
Дрэва ўпала з-за моцнага ветру. Сур&apos;ёзныя пашкоджанні атрымаў адзін легкавік — Nissan. У ім праломлены дах, разбітае шкло. Рабочыя, якія працавалі на месцы здарэння, кажуць, што гаспадар аўтамабіля &quot;не вельмі засмучаны&quot;, бо Nissan застрахаваны комплексным відам страхавання.
</topic_text>
<spam_score>0.00</spam_score>
<post_num>1</post_num>
<post_id>post-1</post_id>
<post_url>http://news.21.by/other-news/2016/08/30/1234703.html</post_url>
<post_date>20160830</post_date>
<post_time>1441</post_time>
<username></username>
<post>
A Фота: Еўрарадыё 
Каля помніка Дзяржынскаму ў Мінску на аўтамабіль звалілася дрэва. Здарэнне ў скверы па вуліцы Камсамольскай адбылося ўдзень 30 жніўня. Рух транспарту быў часова перакрыты. 
Дрэва ўпала з-за моцнага ветру. Сур&apos;ёзныя пашкоджанні атрымаў адзін легкавік — Nissan. У ім праломлены дах, разбітае шкло. Рабочыя, якія працавалі на месцы здарэння, кажуць, што гаспадар аўтамабіля &quot;не вельмі засмучаны&quot;, бо Nissan застрахаваны комплексным відам страхавання.
</post>
<signature>

</signature>
<external_links>

</external_links>
<country>BY</country>
<main_image></main_image>
</document>
