<?xml version="1.0" encoding="UTF-8"?>
<document>
<type>mainstream</type>
<forum>http://www.investors.com/rss.axd?path=InternetAndTechRSS.xml</forum>
<forum_title>Technology - Investor&apos;s Business Daily</forum_title>
<discussion_title>Fiber-Optic Stocks Continue To Rally; Ciena Earnings Loom</discussion_title>
<language>english</language>
<gmt_offset></gmt_offset>
<topic_url>http://www.investors.com/news/technology/fiber-optic-stocks-continue-to-rally-ciena-earnings-loom/</topic_url>
<topic_text>
Red-hot fiber-optic components makers such as Acacia Communications ( ACIA ) and Lumentum ( LITE ) rallied Monday, as telecoms and internet giants boost speeds to homes, businesses and data centers.
Acacia Communications rose 5.2% to 113.50 on the stock market today , its second straight strong gain after pulling back from its Aug. 18 peak of 124.90. Acacia is up 393% from its May IPO, which priced at $23 a share.
Lumentum climbed 1.9% to 34.53 in light volume, close to its all-time high of 34.79.
Fiber-optic components makers are benefiting from a major last-mile rollout of 100-gigabit networks. Verizon Communications ( VZ ) has tapped Ciena ( CIEN ) and Cisco Systems ( CSCO ) as its lead vendors for its 100-gigabit efforts. They, in turn, are buying up components from many of the companies whose stocks are booming today. U.S. internet giants and Chinese techs also are bidding up demand for fiber-optic gear, contributing to a so-called fiber-optic &quot;super cycle.&quot;
Cisco Systems, which reported on Aug. 17, rose 0.7%. Ciena, which edged up 0.1%, is due to report earnings before the opening bell Thursday. Analysts will listening for anything about Ciena&apos;s Verizon efforts and other 100-gigabit news.
Among other fiber-optic component stocks, Oclaro ( OCLR ) rose 2.9% to a new high Monday. NeoPhotonics ( NPTN ) climbed 1.3%, and Fabrinet ( FN ) 0.6%. Inphi ( IPHI ) fell 0.4%. Finisar ( FNSR ) rose 2.6% to 21.03, its highest close since June 2015.
IBD&apos;S TAKE: For a deep dive into how telecoms and major internet giants are expanding the 100-gigabit networks to homes and businesses, check out this week&apos;s Industry Snapshot: Raising The Speed Limit On The Giagabahn&apos;s Last Mile .
</topic_text>
<spam_score>0.00</spam_score>
<post_num>1</post_num>
<post_id>post-1</post_id>
<post_url>http://www.investors.com/news/technology/fiber-optic-stocks-continue-to-rally-ciena-earnings-loom/</post_url>
<post_date>20160829</post_date>
<post_time></post_time>
<username>ED CARSON</username>
<post>
Red-hot fiber-optic components makers such as Acacia Communications ( ACIA ) and Lumentum ( LITE ) rallied Monday, as telecoms and internet giants boost speeds to homes, businesses and data centers.
Acacia Communications rose 5.2% to 113.50 on the stock market today , its second straight strong gain after pulling back from its Aug. 18 peak of 124.90. Acacia is up 393% from its May IPO, which priced at $23 a share.
Lumentum climbed 1.9% to 34.53 in light volume, close to its all-time high of 34.79.
Fiber-optic components makers are benefiting from a major last-mile rollout of 100-gigabit networks. Verizon Communications ( VZ ) has tapped Ciena ( CIEN ) and Cisco Systems ( CSCO ) as its lead vendors for its 100-gigabit efforts. They, in turn, are buying up components from many of the companies whose stocks are booming today. U.S. internet giants and Chinese techs also are bidding up demand for fiber-optic gear, contributing to a so-called fiber-optic &quot;super cycle.&quot;
Cisco Systems, which reported on Aug. 17, rose 0.7%. Ciena, which edged up 0.1%, is due to report earnings before the opening bell Thursday. Analysts will listening for anything about Ciena&apos;s Verizon efforts and other 100-gigabit news.
Among other fiber-optic component stocks, Oclaro ( OCLR ) rose 2.9% to a new high Monday. NeoPhotonics ( NPTN ) climbed 1.3%, and Fabrinet ( FN ) 0.6%. Inphi ( IPHI ) fell 0.4%. Finisar ( FNSR ) rose 2.6% to 21.03, its highest close since June 2015.
IBD&apos;S TAKE: For a deep dive into how telecoms and major internet giants are expanding the 100-gigabit networks to homes and businesses, check out this week&apos;s Industry Snapshot: Raising The Speed Limit On The Giagabahn&apos;s Last Mile .
</post>
<signature>

</signature>
<external_links>

</external_links>
<country>US</country>
<main_image>http://www.investors.com/wp-content/uploads/2016/08/IT02_fiber_082916_adobe.jpeg</main_image>
</document>
