<?xml version="1.0" encoding="UTF-8"?>
<document>
<type>mainstream</type>
<forum></forum>
<forum_title></forum_title>
<discussion_title>Discounter Läger die man meiden sollte - Seite 21 - Ladestellen die man meiden sollte - Forum-Speditionen | Das größte Forum der Transportbranche</discussion_title>
<language>german</language>
<gmt_offset></gmt_offset>
<topic_url>http://www.forum-speditionen.de/discounter-laeger-die-man-meiden-sollte-6941?pageNo=21&amp;amp;s=2ca552c4e93de0f608f9d0ebf8b447f9a0139969</topic_url>
<topic_text>
Bin mal gespannt,wenn einer mit Leiche ausgraben kommt,da Thema schon über 2 Jahre alt. Erster: da habt ihr aber eine Leiche ausgegraben Nein im Ernst: Erstens ist sowas auch immer wieder unterhaltsam (man schaut sich gute Filme gelegentlich ja auch öfter an), und zweitens bin auch ich gerade erst hierüber gefallen. Man hat ja gelegentlich auch zu arbeiten.... &quot;Qualität zu wählen, ist auch eine Art zu sparen&quot; 
</topic_text>
<spam_score>0.19</spam_score>
<post_num>1</post_num>
<post_id>post-1</post_id>
<post_url>http://www.forum-speditionen.de/discounter-laeger-die-man-meiden-sollte-6941?pageNo=21&amp;amp;s=2ca552c4e93de0f608f9d0ebf8b447f9a0139969</post_url>
<post_date>20160510</post_date>
<post_time></post_time>
<username></username>
<post>
Bin mal gespannt,wenn einer mit Leiche ausgraben kommt,da Thema schon über 2 Jahre alt. Erster: da habt ihr aber eine Leiche ausgegraben Nein im Ernst: Erstens ist sowas auch immer wieder unterhaltsam (man schaut sich gute Filme gelegentlich ja auch öfter an), und zweitens bin auch ich gerade erst hierüber gefallen. Man hat ja gelegentlich auch zu arbeiten.... &quot;Qualität zu wählen, ist auch eine Art zu sparen&quot; 
</post>
<signature>

</signature>
<external_links>

</external_links>
<country>DE</country>
<main_image></main_image>
</document>
