<?xml version="1.0" encoding="UTF-8"?>
<document>
<type>mainstream</type>
<forum>http://expreso.press/feed/</forum>
<forum_title>Expreso</forum_title>
<discussion_title>Laura Alicia y Juan Gabriel</discussion_title>
<language>spanish</language>
<gmt_offset></gmt_offset>
<topic_url>http://expreso.press/2016/08/30/laura-alicia-y-juan-gabriel/</topic_url>
<topic_text>
Estás en: Inicio &gt; Opinión &gt; Laura Alicia y Juan Gabriel Columnas: El Patinadero Laura Alicia y Juan Gabriel  10:13 AM Dos tamaulipecos en Los Pinos 
En ciudad Victoria privaba el desencanto por el trabajo de MANUEL CAVAZOS LERMA como gobernador y el enamoramiento que tenían con GUSTAVO CÁRDENAS GUTIÉRREZ, quien se encontraba en la cima de su poder político. 
Eran los años noventa y al menos en ciudad Victoria existía mucha preocupación; el PRI había perdido muchos seccionales ante el PAN. 
Los tricolores tan acostumbrados a encabezar una aplanadora electoral, empezaron a diseñar nuevas estrategias, por lo que disfrazaban eventos masivos con artistas de renombre para financiamiento de sus candidatos. 
En el CEN del PRI y en los mismos Pinos cerraban un acuerdo de complicidad mutua, pues brindaban ayuda fiscal a los artistas a cambio de simpatías. 
Es por eso que idearon un evento en ciudad Victoria para atraer simpatizantes, que fueron convocados para un gran cierre de campaña. El estadio Marte R. Gómez, fue el escenario para la presentación del divo de Juárez, el señor JUAN GABRIEL, quien logró un lleno total. 
El evento era a favor de la candidata a diputada federal por el PRI LAURA ALICIA GARZA GALINDO, en el año 1997. 
Como es tradición en esta capital tamaulipeca en primera fila se encontraba toda la clase política en turno, y entre tanto rostro poco agraciado, resaltaba la belleza de la victorense REBECA TAMEZ JONES, Nuestra Belleza México y quien llegaba del certamen Miss Universo. 
El favor para que se presentara un cantante de la talla de JUAN GABRIEL se logró mediante la intervención de la senadora MARÍA DE LOS ÁNGELES MORENO, con altos vuelos en la política nacional y lideresa nacional del CEN del PRI en el sexenio del presidente ERNESTO ZEDILLO PONCE DE LEÓN. MARÍA DE LOS ÁNGELES y LAURA ALICIA eran amigas íntimas. 
La presentación de JUAN GABRIEL gustó tanto a la militancia que no dudaron en agradecer con su voto a LAURA ALICIA, quien ganó el proceso sin perder un solo seccional. 
Posterior al concierto se ofreció una cena privada, en donde no asistió el ex gobernador MANUEL CAVAZOS LERMA, por su complejo social, pues al saber que la cena era en el casino victorense, lugar al que tenía prohibido entrar con sombrero, hizo un gran berrinche y canceló su asistencia, la que pasó inadvertida frente a la figura emblemática de JUAN GABRIEL quién también de origen humilde jamás se minimizó ante nadie. 
Ahí reunidos durante esa noche estaban empresarios, líderes de sectores y organizaciones del PRI, y alcaldes encabezados por el anfitrión PASCUAL RUIZ GARCÍA. 
Todo se desarrolló en total armonía, aún y contra las malas vibras de la pirámide, las relaciones de LAURA ALICIA en ese momento pudieron más. JUANGA estaba feliz, esa noche se sintió como en casa y fue de mesa en mesa para intercambiar saludos con todos los presentes y les permitió incluso cantar varias de sus famosas canciones como el Noa Noa, y Querida, por mencionar algunas. 
El efecto de Juanga en ciudad Victoria se sintió, durante su memorable concierto provocó a los asistentes mostrar su real expresión, fuera poses y caretas, la conexión que lograba con su público era única e irrepetible. 
Su trascendencia radicó en romper siempre las reglas, más allá de los convencionalismos, motivo por el cual LAURA ALICIA logró ganar todos los seccionales de la capital, aún en las zonas con presencia de bastiones panistas. 
Como pago LAURA ALICIA fungió como intermediaria entre los representantes de JUAN GABRIEL y Hacienda, cosechando una relación afectiva que se prolongó por varios años. 
Bueno, por hoy es todo. Adiós y aguas con los patinazos… Contacto: patinadero@hotmail.com
</topic_text>
<spam_score>0.00</spam_score>
<post_num>1</post_num>
<post_id>post-1</post_id>
<post_url>http://expreso.press/2016/08/30/laura-alicia-y-juan-gabriel/</post_url>
<post_date>20160830</post_date>
<post_time>1513</post_time>
<username>Redacción</username>
<post>
Estás en: Inicio &gt; Opinión &gt; Laura Alicia y Juan Gabriel Columnas: El Patinadero Laura Alicia y Juan Gabriel  10:13 AM Dos tamaulipecos en Los Pinos 
En ciudad Victoria privaba el desencanto por el trabajo de MANUEL CAVAZOS LERMA como gobernador y el enamoramiento que tenían con GUSTAVO CÁRDENAS GUTIÉRREZ, quien se encontraba en la cima de su poder político. 
Eran los años noventa y al menos en ciudad Victoria existía mucha preocupación; el PRI había perdido muchos seccionales ante el PAN. 
Los tricolores tan acostumbrados a encabezar una aplanadora electoral, empezaron a diseñar nuevas estrategias, por lo que disfrazaban eventos masivos con artistas de renombre para financiamiento de sus candidatos. 
En el CEN del PRI y en los mismos Pinos cerraban un acuerdo de complicidad mutua, pues brindaban ayuda fiscal a los artistas a cambio de simpatías. 
Es por eso que idearon un evento en ciudad Victoria para atraer simpatizantes, que fueron convocados para un gran cierre de campaña. El estadio Marte R. Gómez, fue el escenario para la presentación del divo de Juárez, el señor JUAN GABRIEL, quien logró un lleno total. 
El evento era a favor de la candidata a diputada federal por el PRI LAURA ALICIA GARZA GALINDO, en el año 1997. 
Como es tradición en esta capital tamaulipeca en primera fila se encontraba toda la clase política en turno, y entre tanto rostro poco agraciado, resaltaba la belleza de la victorense REBECA TAMEZ JONES, Nuestra Belleza México y quien llegaba del certamen Miss Universo. 
El favor para que se presentara un cantante de la talla de JUAN GABRIEL se logró mediante la intervención de la senadora MARÍA DE LOS ÁNGELES MORENO, con altos vuelos en la política nacional y lideresa nacional del CEN del PRI en el sexenio del presidente ERNESTO ZEDILLO PONCE DE LEÓN. MARÍA DE LOS ÁNGELES y LAURA ALICIA eran amigas íntimas. 
La presentación de JUAN GABRIEL gustó tanto a la militancia que no dudaron en agradecer con su voto a LAURA ALICIA, quien ganó el proceso sin perder un solo seccional. 
Posterior al concierto se ofreció una cena privada, en donde no asistió el ex gobernador MANUEL CAVAZOS LERMA, por su complejo social, pues al saber que la cena era en el casino victorense, lugar al que tenía prohibido entrar con sombrero, hizo un gran berrinche y canceló su asistencia, la que pasó inadvertida frente a la figura emblemática de JUAN GABRIEL quién también de origen humilde jamás se minimizó ante nadie. 
Ahí reunidos durante esa noche estaban empresarios, líderes de sectores y organizaciones del PRI, y alcaldes encabezados por el anfitrión PASCUAL RUIZ GARCÍA. 
Todo se desarrolló en total armonía, aún y contra las malas vibras de la pirámide, las relaciones de LAURA ALICIA en ese momento pudieron más. JUANGA estaba feliz, esa noche se sintió como en casa y fue de mesa en mesa para intercambiar saludos con todos los presentes y les permitió incluso cantar varias de sus famosas canciones como el Noa Noa, y Querida, por mencionar algunas. 
El efecto de Juanga en ciudad Victoria se sintió, durante su memorable concierto provocó a los asistentes mostrar su real expresión, fuera poses y caretas, la conexión que lograba con su público era única e irrepetible. 
Su trascendencia radicó en romper siempre las reglas, más allá de los convencionalismos, motivo por el cual LAURA ALICIA logró ganar todos los seccionales de la capital, aún en las zonas con presencia de bastiones panistas. 
Como pago LAURA ALICIA fungió como intermediaria entre los representantes de JUAN GABRIEL y Hacienda, cosechando una relación afectiva que se prolongó por varios años. 
Bueno, por hoy es todo. Adiós y aguas con los patinazos… Contacto: patinadero@hotmail.com
</post>
<signature>

</signature>
<external_links>

</external_links>
<country>US</country>
<main_image>http://expreso.press/wp-content/uploads/2014/11/Patinadero.jpg</main_image>
</document>
