<?xml version="1.0" encoding="UTF-8"?>
<document>
<type>mainstream</type>
<forum></forum>
<forum_title></forum_title>
<discussion_title>Auswanderer für Goodbye Deutschland gesucht - Seite 2 - Arbeiten im Ausland - Forum-Speditionen | Das größte Forum der Transportbranche</discussion_title>
<language>german</language>
<gmt_offset></gmt_offset>
<topic_url>http://www.forum-speditionen.de/auswanderer-fuer-goodbye-deutschland-gesucht-18496?pageNo=2&amp;amp;s=9d12fa5eff327db1f10179d04c9db6a85ed141fe</topic_url>
<topic_text>

17. Juli 2016, 17:40 Und dann haben wir hier auch noch die selben probleme wie in Deutschland. Nagelneuen Truck gekauft und nach 3 wochen die erste rueckrufaktion aktion. Nichts schlimmer, es bestand nur die moeglichkeit dass die zweiteilige lenksaeule auseinander faellt. Zum glueck gab der turbo seinen dienst nach 17 000 km auch noch auf. Ging alles in einem aufwasch. Schoene neue welt 
</topic_text>
<spam_score>0.56</spam_score>
<post_num>1</post_num>
<post_id>post-1</post_id>
<post_url>http://www.forum-speditionen.de/auswanderer-fuer-goodbye-deutschland-gesucht-18496?pageNo=2&amp;amp;s=9d12fa5eff327db1f10179d04c9db6a85ed141fe</post_url>
<post_date>20160717</post_date>
<post_time></post_time>
<username></username>
<post>

17. Juli 2016, 17:40 Und dann haben wir hier auch noch die selben probleme wie in Deutschland. Nagelneuen Truck gekauft und nach 3 wochen die erste rueckrufaktion aktion. Nichts schlimmer, es bestand nur die moeglichkeit dass die zweiteilige lenksaeule auseinander faellt. Zum glueck gab der turbo seinen dienst nach 17 000 km auch noch auf. Ging alles in einem aufwasch. Schoene neue welt 
</post>
<signature>

</signature>
<external_links>

</external_links>
<country>DE</country>
<main_image></main_image>
</document>
