<?xml version="1.0" encoding="UTF-8"?>
<document>
<type>mainstream</type>
<forum>http://www.ft.com/rss/markets/us</forum>
<forum_title>US Equities Market Data - FT.com</forum_title>
<discussion_title>Quiet Wall Street and record net Vix shorts</discussion_title>
<language>english</language>
<gmt_offset></gmt_offset>
<topic_url>http://www.ft.com/cms/s/0/f7aca94e-6e85-11e6-9ac1-1055824ca907.html</topic_url>
<topic_text>
Quiet market accompanied by record net Vix shorts Jamie Chisholm Comments Strong demand for long Vix ETFs points to divergent view between retail investors and fund managers 
You have viewed your allowance of free articles. If you wish to view more, click the button below. • Cookie policy 
© The Financial Times Ltd 2016 FT and &apos;Financial Times&apos; are trademarks of The Financial Times Ltd.The Financial Times and its journalism are subject to a self-regulation regime under the FT Editorial Code of Practice . SHARE THIS QUOTE Tweet this quote Printed from: http://www.ft.com/cms/s/0/f7aca94e-6e85-11e6-9ac1-1055824ca907.html 
Print a single copy of this article for personal use. Contact us if you wish to print more to distribute to others. 
© The Financial Times Ltd 2016 FT and ‘Financial Times’ are trademarks of The Financial Times Ltd. Privacy policy | Terms | Copyright
</topic_text>
<spam_score>0.00</spam_score>
<post_num>1</post_num>
<post_id>post-1</post_id>
<post_url>http://www.ft.com/cms/s/0/f7aca94e-6e85-11e6-9ac1-1055824ca907.html</post_url>
<post_date>20160830</post_date>
<post_time>1108</post_time>
<username></username>
<post>
Quiet market accompanied by record net Vix shorts Jamie Chisholm Comments Strong demand for long Vix ETFs points to divergent view between retail investors and fund managers 
You have viewed your allowance of free articles. If you wish to view more, click the button below. • Cookie policy 
© The Financial Times Ltd 2016 FT and &apos;Financial Times&apos; are trademarks of The Financial Times Ltd.The Financial Times and its journalism are subject to a self-regulation regime under the FT Editorial Code of Practice . SHARE THIS QUOTE Tweet this quote Printed from: http://www.ft.com/cms/s/0/f7aca94e-6e85-11e6-9ac1-1055824ca907.html 
Print a single copy of this article for personal use. Contact us if you wish to print more to distribute to others. 
© The Financial Times Ltd 2016 FT and ‘Financial Times’ are trademarks of The Financial Times Ltd. Privacy policy | Terms | Copyright
</post>
<signature>

</signature>
<external_links>

</external_links>
<country>US</country>
<main_image>http://im.ft-static.com/content/images/8a7d35ad-d40b-44eb-8004-9013859a9f77.img</main_image>
</document>
