<?xml version="1.0" encoding="UTF-8"?>
<document>
<type>mainstream</type>
<forum>http://seattletimes.nwsource.com/rss/home.xml</forum>
<forum_title>The Seattle Times The Seattle Times</forum_title>
<discussion_title>Court: Gays can seek parental rights for nonbiological kids</discussion_title>
<language>english</language>
<gmt_offset></gmt_offset>
<topic_url>http://www.seattletimes.com/nation-world/ccourt-gays-can-seek-parental-rights-for-nonbiological-kids/</topic_url>
<topic_text>
Court: Gays can seek parental rights for nonbiological kids Originally published August 30, 2016 at 8:08 am Updated August 30, 2016 at 8:20 am Share story The Associated Press 
ALBANY, N.Y. (AP) — New York’s highest court has expanded the definition of parenthood by ruling that former same-sex couples have the right to seek visitation and custody of children even when they aren’t the biological or adoptive parent. 
The Court of Appeals decision Tuesday resolves two cases of former same-sex couples in which the biological mothers kept the children and their ex-partners sought legal standing to see them. 
In one case, lower courts ruled the ex-partner had no standing. In the other, the ex-partner pays child support and was later granted visitation. 
The earlier definition of parenthood required a person seeking custody or visitation to have a biological or adoptive connection to the child. Most Read Stories
</topic_text>
<spam_score>0.00</spam_score>
<post_num>1</post_num>
<post_id>post-1</post_id>
<post_url>http://www.seattletimes.com/nation-world/ccourt-gays-can-seek-parental-rights-for-nonbiological-kids/</post_url>
<post_date>20160830</post_date>
<post_time>1508</post_time>
<username>The Associated Press</username>
<post>
Court: Gays can seek parental rights for nonbiological kids Originally published August 30, 2016 at 8:08 am Updated August 30, 2016 at 8:20 am Share story The Associated Press 
ALBANY, N.Y. (AP) — New York’s highest court has expanded the definition of parenthood by ruling that former same-sex couples have the right to seek visitation and custody of children even when they aren’t the biological or adoptive parent. 
The Court of Appeals decision Tuesday resolves two cases of former same-sex couples in which the biological mothers kept the children and their ex-partners sought legal standing to see them. 
In one case, lower courts ruled the ex-partner had no standing. In the other, the ex-partner pays child support and was later granted visitation. 
The earlier definition of parenthood required a person seeking custody or visitation to have a biological or adoptive connection to the child. Most Read Stories
</post>
<signature>

</signature>
<external_links>

</external_links>
<country>US</country>
<main_image>http://www.seattletimes.com/wp-content/themes/st_refresh/img/st-meta-facebook.png</main_image>
</document>
