<?xml version="1.0" encoding="UTF-8"?>
<document>
<type>mainstream</type>
<forum>http://online5.esakal.com/Section.aspx?SectionId=13&amp;PageNo=694&amp;SectionName=उत्तर</forum>
<forum_title>उत्तर महाराष्ट्र: Latest Marathi News Online | Sakal </forum_title>
<discussion_title>कामगार संघटनेची सत्ता अबाधित</discussion_title>
<language>ignore</language>
<gmt_offset></gmt_offset>
<topic_url>http://online5.esakal.com/NewsDetails.aspx?NewsId=5547099055003852665&amp;SectionId=13&amp;SectionName=उत्तर महाराष्ट्र&amp;NewsDate=20150804&amp;Provider=-&amp;NewsTitle=कामगार संघटनेची सत्ता अबाधित</topic_url>
<topic_text>
एसटी पतसंस्था निवडणूक - सर्व १७ जागांवर विजय; क्रांती पॅनलचा धुव्वा जळगाव - एसटी कर्मचारी पतसंस्थेच्या संचालकपदासाठी झालेल्या निवडणुकीचा निकाल आज जाहीर झाला. त्यात कामगार संघटनेने सर्व १७ जागांवर विजय मिळवत एकहाती सत्ता मिळविली. निवडणुकीत भरघोस मतांनी विजय मिळवत गेल्या पंधरा वर्षांपासूनची पतसंस्थेवरील सत्ता अबाधित राखली आहे.
एसटी कर्मचारी पतसंस्थेवर गेल्या अनेक वर्षांपासून मान्यताप्राप्त एसटी कामगार संघटनेचे वर्चस्व होते. संघटनेचे हे वर्चस्व मोडीत काढण्यासाठी यंदाच्या निवडणुकीत इंटकसह पाच संघटना मिळून तयार झालेल्या क्रांती पॅनल विरोधात होते. विभाग क्षेत्रीय असलेल्या या पतसंस्थेच्या १७ संचालकपदासाठी काल मतदान झाले होते. याची मतमोजणीची प्रक्रिया आज (३ ऑगस्ट) गणेश कॉलनीतील शेतकरी संघ कार्यालयात पार पडली. निवडणूक निर्णय अधिकारी म्हणून अशोक बागल यांनी काम पाहिले.
सर्व जागांवरील विजयानंतर जल्लोष मान्यताप्राप्त कामगार संघटनेने एसटी सोसायटीच्या निवडणुकीत देखील राज्यातून सर्वच्या सर्व २१ जागांवर विजय मिळवत एकहाती सत्ता प्रस्थापित केली होती. त्यानुसार पतसंस्थेच्या निवडणुकीत देखील सर्वच्या सर्व १७ जागांवर संघटनेच्या उमेदवार विजयी झाल्याने पुन्हा एकदा एकहाती सत्ता बसविण्यात संघटनेला यश मिळाले आहे. यामध्ये सर्वसाधारण मतदारसंघातून १२ (२१ हजार ३५३ मते), महिला राखीवमधून २ (३ हजार ६५४), इतर मागासवर्गीय संघातून १ (१ हजार ९२४), अनुसूचित जाती- जमाती संघ १ (१ हजार ९७२), विमुक्‍त जाती भटक्‍या जमाती संघ १ (१ हजार ९५२) उमेदवार बहुमताने विजयी झाले. यामध्ये ७६१ मतपत्रिका अवैध ठरल्या. सर्वच्या सर्व जागांवर विजय मिळाल्याने कामगार संघटनेच्या सर्व उमेदवार व सदस्यांनी जल्लोष केला.
बूथनुसार झाली मतमोजणी मतमोजणीची प्रक्रिया सकाळी साडेआठपासून सुरू झाली. मतमोजणीच्या सुरवातीला कामगार संघटना व इंटक संघटनेकडून मतमोजणीची प्रक्रिया बूथनुसार करण्याची मागणी लेखी अर्जाद्वारे केली. त्यानुसार निवडणूक निर्णय अधिकारी बागल यांनी बूथनुसार मतमोजणी करण्यास सुरवात केली. मतमोजणीसाठी दहा टेबलांवर ३५ कर्मचाऱ्यांची नियुक्‍ती होती. सकाळी साडेआठला सुरू झालेली मतमोजणीची प्रक्रिया सायंकाळी साडेपाचला पूर्ण झाली.
</topic_text>
<spam_score>0.20</spam_score>
<post_num>1</post_num>
<post_id>post-1</post_id>
<post_url>http://online5.esakal.com/NewsDetails.aspx?NewsId=5547099055003852665&amp;SectionId=13&amp;SectionName=उत्तर महाराष्ट्र&amp;NewsDate=20150804&amp;Provider=-&amp;NewsTitle=कामगार संघटनेची सत्ता अबाधित</post_url>
<post_date>20150804</post_date>
<post_time></post_time>
<username>- -</username>
<post>
एसटी पतसंस्था निवडणूक - सर्व १७ जागांवर विजय; क्रांती पॅनलचा धुव्वा जळगाव - एसटी कर्मचारी पतसंस्थेच्या संचालकपदासाठी झालेल्या निवडणुकीचा निकाल आज जाहीर झाला. त्यात कामगार संघटनेने सर्व १७ जागांवर विजय मिळवत एकहाती सत्ता मिळविली. निवडणुकीत भरघोस मतांनी विजय मिळवत गेल्या पंधरा वर्षांपासूनची पतसंस्थेवरील सत्ता अबाधित राखली आहे.
एसटी कर्मचारी पतसंस्थेवर गेल्या अनेक वर्षांपासून मान्यताप्राप्त एसटी कामगार संघटनेचे वर्चस्व होते. संघटनेचे हे वर्चस्व मोडीत काढण्यासाठी यंदाच्या निवडणुकीत इंटकसह पाच संघटना मिळून तयार झालेल्या क्रांती पॅनल विरोधात होते. विभाग क्षेत्रीय असलेल्या या पतसंस्थेच्या १७ संचालकपदासाठी काल मतदान झाले होते. याची मतमोजणीची प्रक्रिया आज (३ ऑगस्ट) गणेश कॉलनीतील शेतकरी संघ कार्यालयात पार पडली. निवडणूक निर्णय अधिकारी म्हणून अशोक बागल यांनी काम पाहिले.
सर्व जागांवरील विजयानंतर जल्लोष मान्यताप्राप्त कामगार संघटनेने एसटी सोसायटीच्या निवडणुकीत देखील राज्यातून सर्वच्या सर्व २१ जागांवर विजय मिळवत एकहाती सत्ता प्रस्थापित केली होती. त्यानुसार पतसंस्थेच्या निवडणुकीत देखील सर्वच्या सर्व १७ जागांवर संघटनेच्या उमेदवार विजयी झाल्याने पुन्हा एकदा एकहाती सत्ता बसविण्यात संघटनेला यश मिळाले आहे. यामध्ये सर्वसाधारण मतदारसंघातून १२ (२१ हजार ३५३ मते), महिला राखीवमधून २ (३ हजार ६५४), इतर मागासवर्गीय संघातून १ (१ हजार ९२४), अनुसूचित जाती- जमाती संघ १ (१ हजार ९७२), विमुक्‍त जाती भटक्‍या जमाती संघ १ (१ हजार ९५२) उमेदवार बहुमताने विजयी झाले. यामध्ये ७६१ मतपत्रिका अवैध ठरल्या. सर्वच्या सर्व जागांवर विजय मिळाल्याने कामगार संघटनेच्या सर्व उमेदवार व सदस्यांनी जल्लोष केला.
बूथनुसार झाली मतमोजणी मतमोजणीची प्रक्रिया सकाळी साडेआठपासून सुरू झाली. मतमोजणीच्या सुरवातीला कामगार संघटना व इंटक संघटनेकडून मतमोजणीची प्रक्रिया बूथनुसार करण्याची मागणी लेखी अर्जाद्वारे केली. त्यानुसार निवडणूक निर्णय अधिकारी बागल यांनी बूथनुसार मतमोजणी करण्यास सुरवात केली. मतमोजणीसाठी दहा टेबलांवर ३५ कर्मचाऱ्यांची नियुक्‍ती होती. सकाळी साडेआठला सुरू झालेली मतमोजणीची प्रक्रिया सायंकाळी साडेपाचला पूर्ण झाली.
</post>
<signature>

</signature>
<external_links>

</external_links>
<country>US</country>
<main_image></main_image>
</document>
