<?xml version="1.0" encoding="UTF-8"?>
<document>
<type>mainstream</type>
<forum>http://www.yeniasya.com.tr/rss/manset</forum>
<forum_title>Yeni Asya - Haberler</forum_title>
<discussion_title>Türkiye&apos;den Apple&apos;a cazip davet</discussion_title>
<language>turkish</language>
<gmt_offset></gmt_offset>
<topic_url>http://www.yeniasya.com.tr/bilim-teknoloji/turkiye-den-apple-a-cazip-davet_408508</topic_url>
<topic_text>
Tweet  35 AB&apos;nin çıkardığı 13 milyar euroluk fatura ile zor günler geçiren Apple&apos;a Türkiye&apos;den davet geldi. Başbakan Yardımcısı Mehmet Şimşek, &apos;Apple Türkiye&apos;ye taşınmalı&apos; dedi. 
Avrupa Birliği Komisyonu tarafından, İrlanda&apos;da eksik vergi ödediği gerekçesiyle 13 milyar euroluk vergi cezası alan Apple&apos;a Başbakan Yardımcısı Mehmet Şimşek&apos;ten çağrı geldi. 
Twitter hesabından haberin linkini paylaşan Şimşek, Apple&apos;ı Türkiye&apos;ye davet etti. Şimşek mesajında şunları söyledi: Apple Türkiye&apos;ye taşınmalı. Avrupa Birliği&apos;nin bürokrasisi ile uğraşmadan daha cömert vergi teşvikleri sağlamaktan mutluluk duyarız.
</topic_text>
<spam_score>0.00</spam_score>
<post_num>1</post_num>
<post_id>post-1</post_id>
<post_url>http://www.yeniasya.com.tr/bilim-teknoloji/turkiye-den-apple-a-cazip-davet_408508</post_url>
<post_date>20160830</post_date>
<post_time>1435</post_time>
<username></username>
<post>
Tweet  35 AB&apos;nin çıkardığı 13 milyar euroluk fatura ile zor günler geçiren Apple&apos;a Türkiye&apos;den davet geldi. Başbakan Yardımcısı Mehmet Şimşek, &apos;Apple Türkiye&apos;ye taşınmalı&apos; dedi. 
Avrupa Birliği Komisyonu tarafından, İrlanda&apos;da eksik vergi ödediği gerekçesiyle 13 milyar euroluk vergi cezası alan Apple&apos;a Başbakan Yardımcısı Mehmet Şimşek&apos;ten çağrı geldi. 
Twitter hesabından haberin linkini paylaşan Şimşek, Apple&apos;ı Türkiye&apos;ye davet etti. Şimşek mesajında şunları söyledi: Apple Türkiye&apos;ye taşınmalı. Avrupa Birliği&apos;nin bürokrasisi ile uğraşmadan daha cömert vergi teşvikleri sağlamaktan mutluluk duyarız.
</post>
<signature>

</signature>
<external_links>

</external_links>
<country>TR</country>
<main_image>http://www.yeniasya.com.tr/Sites/YeniAsya/Upload/images/Content/2016/08/30/davet.jpg</main_image>
</document>
