<?xml version="1.0" encoding="UTF-8"?>
<document>
<type>mainstream</type>
<forum></forum>
<forum_title></forum_title>
<discussion_title>Se registran unos 70 asesinatos en el sector transporte durante el 2016 | ULTIMA HORA | HONDURAS :: Los Jóvenes de Honduras Se Informan Aquí |</discussion_title>
<language>spanish</language>
<gmt_offset></gmt_offset>
<topic_url>http://ultimahora.hn/content/se-registran-unos-70-asesinatos-en-el-sector-transporte-durante-el-2016-0</topic_url>
<topic_text>
Se registran unos 70 asesinatos en el sector transporte durante el 2016 Enviado por Redacción 1 el Mar, 08/30/2016 - 09:22. Titulares 
Unos 70 trabajadores del sector transporte han sido asesinados durante el 2016, lo que causa preocupación en la dirigencia y el gobierno central. 
Es por eso que el presidente de los transportistas pide al Estado medidas fuertes para contrarrestar la inseguridad que abate este sector. 
Por su parte, el titular del Poder Ejecutivo, Juan Orlando Hernández asegura que se está trabajando en ese sentido y que no retrocederá ningún milímetro en la lucha contra la criminalidad. » 
</topic_text>
<spam_score>0.71</spam_score>
<post_num>1</post_num>
<post_id>post-1</post_id>
<post_url>http://ultimahora.hn/content/se-registran-unos-70-asesinatos-en-el-sector-transporte-durante-el-2016-0</post_url>
<post_date>20160830</post_date>
<post_time></post_time>
<username></username>
<post>
Se registran unos 70 asesinatos en el sector transporte durante el 2016 Enviado por Redacción 1 el Mar, 08/30/2016 - 09:22. Titulares 
Unos 70 trabajadores del sector transporte han sido asesinados durante el 2016, lo que causa preocupación en la dirigencia y el gobierno central. 
Es por eso que el presidente de los transportistas pide al Estado medidas fuertes para contrarrestar la inseguridad que abate este sector. 
Por su parte, el titular del Poder Ejecutivo, Juan Orlando Hernández asegura que se está trabajando en ese sentido y que no retrocederá ningún milímetro en la lucha contra la criminalidad. » 
</post>
<signature>

</signature>
<external_links>

</external_links>
<country>US</country>
<main_image></main_image>
</document>
