<?xml version="1.0" encoding="UTF-8"?>
<document>
<type>mainstream</type>
<forum>http://www.allgemeine-zeitung.de/ratgeber/ausbildung-und-beruf/index.rss</forum>
<forum_title>Allgemeine Zeitung - Nachrichten und Tipps zu Beruf, Bildung, Schule und Studium</forum_title>
<discussion_title>Die Firmen-Urgesteine: Jahrzehnte beim selben Arbeitgeber</discussion_title>
<language>german</language>
<gmt_offset></gmt_offset>
<topic_url>http://www.allgemeine-zeitung.de/ratgeber/ausbildung-und-beruf/beruf/die-firmen-urgesteine-jahrzehnte-beim-selben-arbeitgeber_17248745.htm</topic_url>
<topic_text>
Rund um den Beruf 29.08.2016 Die Firmen-Urgesteine: Jahrzehnte beim selben Arbeitgeber 
Alberto Lombardo ist seinem Arbeitgeber, der Freudenberg Gruppe in Weinheim, 50 Jahre lang treu geblieben. Die Firma habe ihm immer neue Herausforderungen geboten und er hat die gute Stimmung unter den Kollegen geschätzt. Foto: Freudenberg Gruppe (Bild: dpa) 
Alberto Lombardo (M) hat 50 Jahre lang bei der Freudenberg Gruppe in Weinheim gearbeitet. Er fing dort als Auszubildender an und wurde schließlich Geschäftsführer einer Gesellschaft des Unternehmens. Foto: Freudenberg Gruppe (Bild: dpa) 
Manche Kunden kommen nur wegen ihr: Veronika Asam arbeitet seit 34 Jahren in der Fleischerei Eberl in Hattenhofen in Bayern. Foto: Moritz Hoffmann (Bild: dpa) 
Veronika Asam arbeitet seit 34 Jahren in der Fleischerei Eberl in Hattenhofen in Bayern. Ihre Chefin kennt sie, seit diese 12 Jahre alt war - später war sie deren Ausbilderin. Foto: Moritz Hoffmann (Bild: dpa) 
Supermarkt, Großhandel, Logistik, Verwaltung: Ilona Becker ist seit 38 Jahren bei Rewe und hat in ihrer Zeit dort schon viele unterschiedliche Positionen inne gehabt. Foto: Rewe West (Bild: dpa) 
Ilona Becker ist seit 38 Jahren bei Rewe. Sie hat dort Verkäuferin gelernt, inzwischen arbeitet sie in der Personalabteilung. Foto: Rewe West (Bild: dpa) 
Hier hat Zugführer Bernd Blank das Kommando. Seit 44 Jahren arbeitet er bei den Berliner Verkehrsbetrieben (BVG). Langweilig wird ihm seine Stammstrecke auf der U6 zwischen Tegel und Mariendorf trotzdem nicht. Foto: Inga Kjer (Bild: dpa) 
Zurücktreten bitte! Als Zugführer arbeitet Bernd Blank für die BVG. Für eine Strecke braucht er 38 Minuten. Maximale Geschwindigkeit sind 70 km/h. Foto: Inga Kjer (Bild: dpa)
</topic_text>
<spam_score>0.00</spam_score>
<post_num>1</post_num>
<post_id>post-1</post_id>
<post_url>http://www.allgemeine-zeitung.de/ratgeber/ausbildung-und-beruf/beruf/die-firmen-urgesteine-jahrzehnte-beim-selben-arbeitgeber_17248745.htm</post_url>
<post_date>20160829</post_date>
<post_time>0231</post_time>
<username></username>
<post>
Rund um den Beruf 29.08.2016 Die Firmen-Urgesteine: Jahrzehnte beim selben Arbeitgeber 
Alberto Lombardo ist seinem Arbeitgeber, der Freudenberg Gruppe in Weinheim, 50 Jahre lang treu geblieben. Die Firma habe ihm immer neue Herausforderungen geboten und er hat die gute Stimmung unter den Kollegen geschätzt. Foto: Freudenberg Gruppe (Bild: dpa) 
Alberto Lombardo (M) hat 50 Jahre lang bei der Freudenberg Gruppe in Weinheim gearbeitet. Er fing dort als Auszubildender an und wurde schließlich Geschäftsführer einer Gesellschaft des Unternehmens. Foto: Freudenberg Gruppe (Bild: dpa) 
Manche Kunden kommen nur wegen ihr: Veronika Asam arbeitet seit 34 Jahren in der Fleischerei Eberl in Hattenhofen in Bayern. Foto: Moritz Hoffmann (Bild: dpa) 
Veronika Asam arbeitet seit 34 Jahren in der Fleischerei Eberl in Hattenhofen in Bayern. Ihre Chefin kennt sie, seit diese 12 Jahre alt war - später war sie deren Ausbilderin. Foto: Moritz Hoffmann (Bild: dpa) 
Supermarkt, Großhandel, Logistik, Verwaltung: Ilona Becker ist seit 38 Jahren bei Rewe und hat in ihrer Zeit dort schon viele unterschiedliche Positionen inne gehabt. Foto: Rewe West (Bild: dpa) 
Ilona Becker ist seit 38 Jahren bei Rewe. Sie hat dort Verkäuferin gelernt, inzwischen arbeitet sie in der Personalabteilung. Foto: Rewe West (Bild: dpa) 
Hier hat Zugführer Bernd Blank das Kommando. Seit 44 Jahren arbeitet er bei den Berliner Verkehrsbetrieben (BVG). Langweilig wird ihm seine Stammstrecke auf der U6 zwischen Tegel und Mariendorf trotzdem nicht. Foto: Inga Kjer (Bild: dpa) 
Zurücktreten bitte! Als Zugführer arbeitet Bernd Blank für die BVG. Für eine Strecke braucht er 38 Minuten. Maximale Geschwindigkeit sind 70 km/h. Foto: Inga Kjer (Bild: dpa)
</post>
<signature>

</signature>
<external_links>

</external_links>
<country>DE</country>
<main_image>http://www.allgemeine-zeitung.de/pics/edition/az/logo_facebook.jpg</main_image>
</document>
