<?xml version="1.0" encoding="UTF-8"?>
<document>
<type>mainstream</type>
<forum>http://news.21.by/pub/rss/discuss.rss</forum>
<forum_title>Рейтинг обсуждаемых новостей 21.by</forum_title>
<discussion_title>Россиянина с &quot;набором&quot; наркотиков задержали на границе в Бресте</discussion_title>
<language>russian</language>
<gmt_offset></gmt_offset>
<topic_url>http://news.21.by/incident/2016/08/30/1234690.html</topic_url>
<topic_text>
МИНСК , 30 авг – Sputnik. Сотрудники Брестской таможни обнаружили у гражданина России, пересекавшего польско-белорусскую границу, &quot;набор&quot; наркотических средств, среди которых был героин, сообщили Sputnik в понедельник пресс-службе таможни. © Sputnik/ Татьяна Полякова &lt;&gt; Нарколог: одна закладка насвая за губу приравнивается к 5-10 сигаретам 
Мужчину с нелегальным грузом выявили в республиканском пункте таможенного оформления &quot;Варшавский мост&quot;. 
&quot;В ходе таможенного контроля товаров, перемещаемых через границу пассажирами рейсового автобуса сообщением &quot;Аахен-Армавир&quot;, сотрудниками отдела кинологической службы среди личных вещей у одного из граждан обнаружено 7 пакетиков с порошкообразным веществом светло-коричневого цвета&quot;, – сказали в таможне. 
Определить, что в автобусе перевозятся наркотические вещества, таможенникам помогла служебная собака. По заключению эксперта Государственного комитета судэкспертиз по Брестской области, мужчина вез с собой героин, моноацетилморфин и ацетилкодеин. 
В настоящее время в отношении 37-летнего россиянина возбуждено уголовное дело по ч. 2 ст. 328 Уголовного кодекса Беларуси: за перемещение через границу наркотиков он может быть лишен свободы на срок от пяти до десяти лет.
</topic_text>
<spam_score>0.00</spam_score>
<post_num>1</post_num>
<post_id>post-1</post_id>
<post_url>http://news.21.by/incident/2016/08/30/1234690.html</post_url>
<post_date>20160830</post_date>
<post_time>1401</post_time>
<username></username>
<post>
МИНСК , 30 авг – Sputnik. Сотрудники Брестской таможни обнаружили у гражданина России, пересекавшего польско-белорусскую границу, &quot;набор&quot; наркотических средств, среди которых был героин, сообщили Sputnik в понедельник пресс-службе таможни. © Sputnik/ Татьяна Полякова &lt;&gt; Нарколог: одна закладка насвая за губу приравнивается к 5-10 сигаретам 
Мужчину с нелегальным грузом выявили в республиканском пункте таможенного оформления &quot;Варшавский мост&quot;. 
&quot;В ходе таможенного контроля товаров, перемещаемых через границу пассажирами рейсового автобуса сообщением &quot;Аахен-Армавир&quot;, сотрудниками отдела кинологической службы среди личных вещей у одного из граждан обнаружено 7 пакетиков с порошкообразным веществом светло-коричневого цвета&quot;, – сказали в таможне. 
Определить, что в автобусе перевозятся наркотические вещества, таможенникам помогла служебная собака. По заключению эксперта Государственного комитета судэкспертиз по Брестской области, мужчина вез с собой героин, моноацетилморфин и ацетилкодеин. 
В настоящее время в отношении 37-летнего россиянина возбуждено уголовное дело по ч. 2 ст. 328 Уголовного кодекса Беларуси: за перемещение через границу наркотиков он может быть лишен свободы на срок от пяти до десяти лет.
</post>
<signature>

</signature>
<external_links>

</external_links>
<country>BY</country>
<main_image></main_image>
</document>
