<?xml version="1.0" encoding="UTF-8"?>
<document>
<type>mainstream</type>
<forum></forum>
<forum_title></forum_title>
<discussion_title>Once Noticias</discussion_title>
<language>spanish</language>
<gmt_offset></gmt_offset>
<topic_url>http://oncenoticias.tv/index.php?modulo=interior&amp;nota=15&amp;dt=2016-08-30</topic_url>
<topic_text>
Saltillo 10:23 hrs Mexicali 08:23 hrs Buenos Aires 12:23 hrs Caracas 10:53 hrs Sao Paulo 12:23 hrs Santiago 11:23 hrs Los Angeles 08:23 hrs Nueva York 11:23 hrs Washington 11:23 hrs Houston 10:23 hrs Vancouver 08:23 hrs Toronto 11:23 hrs París 17:23 hrs Berlín 17:23 hrs Madrid 17:23 hrs Lisboa 16:23 hrs Londres 16:23 hrs Dublín 16:23 hrs Moscú 19:23 hrs Roma 17:23 hrs Ámsterdam 17:23 hrs Bruselas 17:23 hrs Beijíng 23:23 hrs Tokio 00:23 hrs Singapur 23:23 hrs Sydney 01:23 hrs Johannesburgo 18:23 hrs Cairo 17:23 hrs Ciudad de México 10:23 hrs 30/08/2016 aña El jefe del gobierno español en funciones, Mariano Rajoy, iniciará hoy el debate de investidura en el Congreso de los Diputados, ante el que intervendrá para presentar su programa ante el pleno.Rajoy se presenta a este debate como el candidato propuesto por el rey Felipe VI, tras haber encabezado al Partido Popular (PP) que ganó las elecciones del 26 de junio sin mayoría, por lo que necesita del apoyo de otras formaciones para ser investido.De acuerdo con la ley española, tras las elecciones es el Congreso de los Diputados el que elige presidente del gobierno con el voto de al menos 176 (la mitad más uno) de los 350 escaños, y el PP cuenta con 137.Para este debate de investidura, Rajoy se presentará con el respaldo de la centroderecha Ciudadanos, que cuenta con 32 diputados y un voto más de Coalición Canaria (CC), por lo que suma 170 respaldos.En contra de la investidura de Rajoy se han manifestado el Partido Socialista Obrero Español (PSOE) con 85 escaños; la coalición Unidos Podemos con 71 y el resto de formaciones nacionalistas e independentistas.El debate de investidura iniciará este martes con la única intervención de Rajoy y el miércoles a primera hora iniciará los posicionamientos del resto de partidos políticos, y a última hora de la jornada se realizará la votación de investidura.En caso de que la cámara no apruebe la investidura con al menos 176 votos a favor, 48 horas después (2 de septiembre) se realizaría una nueva ronda con una intervención de 10 minutos de Rajoy, y cinco minutos de los representantes de las demás fuerzas parlamentarias.Tras ello se procede a una segunda votación para la que Rajoy podría ganar con mayoría simple (más votos a favor que en contra).Si tras esta segunda votación no se aprueba la investidura, se abre un plazo de dos meses que empieza a contar desde la fecha de la primera votación (el 31 de agosto) para tratar de alcanzar un acuerdo de investidura, o de lo contrario se convocaría a nuevas elecciones.España ha celebrado dos elecciones (el 20 de diciembre y 26 de junio) en el que ninguna formación logra la mayoría absoluta para gobernar por sí sola, debido a la fragmentación del voto entre varios partidos políticos, pero la falta de acuerdo por diferencias ideológicas y de programa ha impedido el acuerdo. 
</topic_text>
<spam_score>0.20</spam_score>
<post_num>1</post_num>
<post_id>post-1</post_id>
<post_url>http://oncenoticias.tv/index.php?modulo=interior&amp;nota=15&amp;dt=2016-08-30</post_url>
<post_date>20160830</post_date>
<post_time></post_time>
<username></username>
<post>
Saltillo 10:23 hrs Mexicali 08:23 hrs Buenos Aires 12:23 hrs Caracas 10:53 hrs Sao Paulo 12:23 hrs Santiago 11:23 hrs Los Angeles 08:23 hrs Nueva York 11:23 hrs Washington 11:23 hrs Houston 10:23 hrs Vancouver 08:23 hrs Toronto 11:23 hrs París 17:23 hrs Berlín 17:23 hrs Madrid 17:23 hrs Lisboa 16:23 hrs Londres 16:23 hrs Dublín 16:23 hrs Moscú 19:23 hrs Roma 17:23 hrs Ámsterdam 17:23 hrs Bruselas 17:23 hrs Beijíng 23:23 hrs Tokio 00:23 hrs Singapur 23:23 hrs Sydney 01:23 hrs Johannesburgo 18:23 hrs Cairo 17:23 hrs Ciudad de México 10:23 hrs 30/08/2016 aña El jefe del gobierno español en funciones, Mariano Rajoy, iniciará hoy el debate de investidura en el Congreso de los Diputados, ante el que intervendrá para presentar su programa ante el pleno.Rajoy se presenta a este debate como el candidato propuesto por el rey Felipe VI, tras haber encabezado al Partido Popular (PP) que ganó las elecciones del 26 de junio sin mayoría, por lo que necesita del apoyo de otras formaciones para ser investido.De acuerdo con la ley española, tras las elecciones es el Congreso de los Diputados el que elige presidente del gobierno con el voto de al menos 176 (la mitad más uno) de los 350 escaños, y el PP cuenta con 137.Para este debate de investidura, Rajoy se presentará con el respaldo de la centroderecha Ciudadanos, que cuenta con 32 diputados y un voto más de Coalición Canaria (CC), por lo que suma 170 respaldos.En contra de la investidura de Rajoy se han manifestado el Partido Socialista Obrero Español (PSOE) con 85 escaños; la coalición Unidos Podemos con 71 y el resto de formaciones nacionalistas e independentistas.El debate de investidura iniciará este martes con la única intervención de Rajoy y el miércoles a primera hora iniciará los posicionamientos del resto de partidos políticos, y a última hora de la jornada se realizará la votación de investidura.En caso de que la cámara no apruebe la investidura con al menos 176 votos a favor, 48 horas después (2 de septiembre) se realizaría una nueva ronda con una intervención de 10 minutos de Rajoy, y cinco minutos de los representantes de las demás fuerzas parlamentarias.Tras ello se procede a una segunda votación para la que Rajoy podría ganar con mayoría simple (más votos a favor que en contra).Si tras esta segunda votación no se aprueba la investidura, se abre un plazo de dos meses que empieza a contar desde la fecha de la primera votación (el 31 de agosto) para tratar de alcanzar un acuerdo de investidura, o de lo contrario se convocaría a nuevas elecciones.España ha celebrado dos elecciones (el 20 de diciembre y 26 de junio) en el que ninguna formación logra la mayoría absoluta para gobernar por sí sola, debido a la fragmentación del voto entre varios partidos políticos, pero la falta de acuerdo por diferencias ideológicas y de programa ha impedido el acuerdo. 
</post>
<signature>

</signature>
<external_links>

</external_links>
<country>US</country>
<main_image></main_image>
</document>
