<?xml version="1.0" encoding="UTF-8"?>
<document>
<type>mainstream</type>
<forum>http://www.ecuadorenvivo.com/index.php?format=feed&amp;type=rss</forum>
<forum_title>Noticias Ecuador - Ecuador en vivo - Portada</forum_title>
<discussion_title>Aprobado informe para primer debate de reformas a la ley de seguridad social de FFAA</discussion_title>
<language>spanish</language>
<gmt_offset></gmt_offset>
<topic_url>http://www.ecuadorenvivo.com/politica/24-politica/51039-aprobado-informe-para-primer-debate-de-reformas-a-la-ley-de-seguridad-social-de-ffaa.html</topic_url>
<topic_text>
Detalles   
La Comisión de los Derechos de los Trabajadores, aprobó ayer con siete votos el informe para primer debate del proyecto de Ley Reformatoria de la Ley de Seguridad Social de las Fuerzas Armadas, Ley de Seguridad Social de la Policía Nacional y Ley de Pensiones de las Fuerzas Armadas. La normativa busca un sistema de seguridad social sostenible en el tiempo y para lograrlo se realizan ajustes a las pensiones de los servidores públicos de estos sectores, que son parte de un régimen especial de la seguridad social. 
El documento plantea cuatro reformas: de 20 a 25 años el tiempo de servicio, el incremento se estipulará según el índice de inflación. La pensión de retiro será sobre la base de las 60 mejores remuneraciones y además se establece un techo de las pensiones jubilares. 
El cálculo del valor de la pensión de retiro ya no será del último salario del policía o militar. El primer año, una vez que entre en vigencia la Ley, será de las mejores 12 remuneraciones, el segundo de 24, el tercero 36, hasta llegar al quinto, que será de los 60 mejores haberes que recibe el militar o policía. 
Se incluye una transitoria, tanto en la Ley de Seguridad Social de las Fuerzas Armadas como también ISSPOL que establece que no se reducirán las pensiones que a la fecha de vigencia de la Ley Reformatoria se encuentren en curso de pago. 
El incremento de las pensiones no será a partir del incremento de la remuneración, sino anualmente a través de la inflación; se sube de 20 a 25 años los años de servicio, los 20 años es obligatorio y los 25 será voluntario, lo que permitirá que no se afecte la pensión jubilar. 
Se recomienda el cambio de la denominación del nombre por proyecto de la Ley Reformatoria a la Ley de Seguridad Social de las Fuerzas Armadas y la Ley de Seguridad Social de la Policía Nacional. 
Se plantea la derogación de la Ley de 1961, que exige cambiar la estructura del proyecto que regule con claridad la seguridad social de la Policía y de las Fuerzas Armadas. 
El documento fue trabajado con los actores inmersos en la temática como ministros, representantes de la oficialidad militar y policial, el personal de tropa y especialistas en el tema. 0
</topic_text>
<spam_score>0.00</spam_score>
<post_num>1</post_num>
<post_id>post-1</post_id>
<post_url>http://www.ecuadorenvivo.com/politica/24-politica/51039-aprobado-informe-para-primer-debate-de-reformas-a-la-ley-de-seguridad-social-de-ffaa.html</post_url>
<post_date>20160830</post_date>
<post_time>1344</post_time>
<username>jaime.teran@ecuadorenvivo.com (Jaime Teran)</username>
<post>
Detalles   
La Comisión de los Derechos de los Trabajadores, aprobó ayer con siete votos el informe para primer debate del proyecto de Ley Reformatoria de la Ley de Seguridad Social de las Fuerzas Armadas, Ley de Seguridad Social de la Policía Nacional y Ley de Pensiones de las Fuerzas Armadas. La normativa busca un sistema de seguridad social sostenible en el tiempo y para lograrlo se realizan ajustes a las pensiones de los servidores públicos de estos sectores, que son parte de un régimen especial de la seguridad social. 
El documento plantea cuatro reformas: de 20 a 25 años el tiempo de servicio, el incremento se estipulará según el índice de inflación. La pensión de retiro será sobre la base de las 60 mejores remuneraciones y además se establece un techo de las pensiones jubilares. 
El cálculo del valor de la pensión de retiro ya no será del último salario del policía o militar. El primer año, una vez que entre en vigencia la Ley, será de las mejores 12 remuneraciones, el segundo de 24, el tercero 36, hasta llegar al quinto, que será de los 60 mejores haberes que recibe el militar o policía. 
Se incluye una transitoria, tanto en la Ley de Seguridad Social de las Fuerzas Armadas como también ISSPOL que establece que no se reducirán las pensiones que a la fecha de vigencia de la Ley Reformatoria se encuentren en curso de pago. 
El incremento de las pensiones no será a partir del incremento de la remuneración, sino anualmente a través de la inflación; se sube de 20 a 25 años los años de servicio, los 20 años es obligatorio y los 25 será voluntario, lo que permitirá que no se afecte la pensión jubilar. 
Se recomienda el cambio de la denominación del nombre por proyecto de la Ley Reformatoria a la Ley de Seguridad Social de las Fuerzas Armadas y la Ley de Seguridad Social de la Policía Nacional. 
Se plantea la derogación de la Ley de 1961, que exige cambiar la estructura del proyecto que regule con claridad la seguridad social de la Policía y de las Fuerzas Armadas. 
El documento fue trabajado con los actores inmersos en la temática como ministros, representantes de la oficialidad militar y policial, el personal de tropa y especialistas en el tema. 0
</post>
<signature>

</signature>
<external_links>

</external_links>
<country>US</country>
<main_image></main_image>
</document>
