<?xml version="1.0" encoding="UTF-8"?>
<document>
<type>mainstream</type>
<forum></forum>
<forum_title></forum_title>
<discussion_title>Los escándalos de Enrique Galindo al frente de la Policía Federal | Programas | Despierta, con Carlos Loret de Mola | Noticieros Televisa</discussion_title>
<language>spanish</language>
<gmt_offset></gmt_offset>
<topic_url>http://noticieros.televisa.com/programas-despierta-carlos-loret-mola/2016-08-30/escandalos-enrique-galindo-frente-policia-federal/</topic_url>
<topic_text>
Los escándalos de Enrique Galindo al frente de la Policía Federal Tue Aug 30 06:30:00 CDT 2016 Los escándalos de Enrique Galindo al frente de la Policía Federal Entre los principales escándalos de Enrique Galindo al mando de la PF contamos Ajuchitlán, en Guerrero; Apatzingán y Tanhuato, en Michoacán; Nochixtlán, en Oaxaca Duración: 00:02:30 
</topic_text>
<spam_score>0.17</spam_score>
<post_num>1</post_num>
<post_id>post-1</post_id>
<post_url>http://noticieros.televisa.com/programas-despierta-carlos-loret-mola/2016-08-30/escandalos-enrique-galindo-frente-policia-federal/</post_url>
<post_date>20160830</post_date>
<post_time></post_time>
<username>Noticieros Televisa</username>
<post>
Los escándalos de Enrique Galindo al frente de la Policía Federal Tue Aug 30 06:30:00 CDT 2016 Los escándalos de Enrique Galindo al frente de la Policía Federal Entre los principales escándalos de Enrique Galindo al mando de la PF contamos Ajuchitlán, en Guerrero; Apatzingán y Tanhuato, en Michoacán; Nochixtlán, en Oaxaca Duración: 00:02:30 
</post>
<signature>

</signature>
<external_links>

</external_links>
<country>US</country>
<main_image>http://noticieros.televisa.com/noticieros/fotos/2016/08/30/los-escandalos-de-enrique-galindo-al-frente-de-la-policia-fe.jpg/jcr:content/renditions/cq5dam.thumbnail.624.351.jpg</main_image>
</document>
