<?xml version="1.0" encoding="UTF-8"?>
<document>
<type>mainstream</type>
<forum>http://rssfeeds.wtsp.com/_/20/110249146/wtsp/home</forum>
<forum_title>WTSP - News</forum_title>
<discussion_title>FSU biologist on front line of Zika...</discussion_title>
<language>english</language>
<gmt_offset></gmt_offset>
<topic_url>http://rssfeeds.wtsp.com/_/20/110249146/wtsp/http&amp;#x3a;&amp;#x2f;&amp;#x2f;www&amp;#x2e;wtsp&amp;#x2e;com&amp;#x2f;news&amp;#x2f;local&amp;#x2f;florida&amp;#x2f;fsu-biologist-on-front-line-of-zika-fight&amp;#x2f;311226436</topic_url>
<topic_text>
FSU biologist on front line of Zika fight James Call, Democrat Capitol Reporter , WTSP 9:56 AM. EST August 30, 2016 Doctoral students Emily Lee, Yichen Cheng and Sarah Ogden played a key role in conducting Zika research in Professor Hengli Tang’s laboratory. Tang is at the far right. (Photo: FSU Photography Services) CONNECT TWEET PINTEREST 
A Florida State University professor is part of a research team that may have taken the first steps in creating a vaccine to stop Zika. Hengli Tang, a biological science professor in the FSU College of Arts and Science, worked with scientists from Johns Hopkins University and the National Institute of Health on repositioning drugs already approved or undergoing clinical trials. The team reported it has identified nine compounds, medicinal mixtures, that appear to stop the virus from killing fetal brain cells and from reproducing. 
The findings were first reported Monday by Nature Medicine. 
Little is known about Zika, a mosquito-borne disease first discovered in 1947. The virus has crossed four continents in nine years. It was first reported in the Americas in Brazil in 2014 and has since spread to the United States. 
Florida reported its first case in February. As of Monday, the state documented 588 residents with infections, including 75 pregnant women. The virus can lead to catastrophic birth defects including microcephaly – incomplete brain development. 
“The probability of Zika-induced microcephaly occurring doesn’t appear to be that high, but when it does, the damage is horrible,” said Tang. 
The World Health Organization reports that since 2015, 53 countries have reported Zika infections. Eleven countries have reported sexual transmission of the disease since February. WHO had declared Zika a public health emergency of international concern in February. 
Tang and researcher Hongjun Song of Johns Hopkins explained repurposing already-approved drugs is a quicker alternative than developing a new medicine. 
“In this sort of global health emergency, we don’t have time,” said Song. “In this way, we hope to create a therapy much more quickly.” 
Of the 6,000 compounds tested, one already on the market showed the ability to inhibit the infection from spreading and reproducing. Nicolsamide has been used for 50 years to treat tapeworm. When applied to the Zika strand that infected Puerto Rico in 2015, it appeared to stop the virus in its tracks. 
Tang said tests are still needed to determine a specific treatment regimen for treating the infection.
</topic_text>
<spam_score>0.00</spam_score>
<post_num>1</post_num>
<post_id>post-1</post_id>
<post_url>http://rssfeeds.wtsp.com/_/20/110249146/wtsp/http&amp;#x3a;&amp;#x2f;&amp;#x2f;www&amp;#x2e;wtsp&amp;#x2e;com&amp;#x2f;news&amp;#x2f;local&amp;#x2f;florida&amp;#x2f;fsu-biologist-on-front-line-of-zika-fight&amp;#x2f;311226436</post_url>
<post_date>20160830</post_date>
<post_time>1456</post_time>
<username></username>
<post>
FSU biologist on front line of Zika fight James Call, Democrat Capitol Reporter , WTSP 9:56 AM. EST August 30, 2016 Doctoral students Emily Lee, Yichen Cheng and Sarah Ogden played a key role in conducting Zika research in Professor Hengli Tang’s laboratory. Tang is at the far right. (Photo: FSU Photography Services) CONNECT TWEET PINTEREST 
A Florida State University professor is part of a research team that may have taken the first steps in creating a vaccine to stop Zika. Hengli Tang, a biological science professor in the FSU College of Arts and Science, worked with scientists from Johns Hopkins University and the National Institute of Health on repositioning drugs already approved or undergoing clinical trials. The team reported it has identified nine compounds, medicinal mixtures, that appear to stop the virus from killing fetal brain cells and from reproducing. 
The findings were first reported Monday by Nature Medicine. 
Little is known about Zika, a mosquito-borne disease first discovered in 1947. The virus has crossed four continents in nine years. It was first reported in the Americas in Brazil in 2014 and has since spread to the United States. 
Florida reported its first case in February. As of Monday, the state documented 588 residents with infections, including 75 pregnant women. The virus can lead to catastrophic birth defects including microcephaly – incomplete brain development. 
“The probability of Zika-induced microcephaly occurring doesn’t appear to be that high, but when it does, the damage is horrible,” said Tang. 
The World Health Organization reports that since 2015, 53 countries have reported Zika infections. Eleven countries have reported sexual transmission of the disease since February. WHO had declared Zika a public health emergency of international concern in February. 
Tang and researcher Hongjun Song of Johns Hopkins explained repurposing already-approved drugs is a quicker alternative than developing a new medicine. 
“In this sort of global health emergency, we don’t have time,” said Song. “In this way, we hope to create a therapy much more quickly.” 
Of the 6,000 compounds tested, one already on the market showed the ability to inhibit the infection from spreading and reproducing. Nicolsamide has been used for 50 years to treat tapeworm. When applied to the Zika strand that infected Puerto Rico in 2015, it appeared to stop the virus in its tracks. 
Tang said tests are still needed to determine a specific treatment regimen for treating the infection.
</post>
<signature>

</signature>
<external_links>

</external_links>
<country>US</country>
<main_image>http://content.wtsp.com/photo/2016/08/30/zika_1472568964346_5881816_ver1.0_640_360.jpg</main_image>
</document>
