<?xml version="1.0" encoding="UTF-8"?>
<document>
<type>mainstream</type>
<forum></forum>
<forum_title></forum_title>
<discussion_title>Neue User stellen sich vor - Forum-Speditionen | Das größte Forum der Transportbranche</discussion_title>
<language>german</language>
<gmt_offset></gmt_offset>
<topic_url>http://www.forum-speditionen.de/board/122-neue-user-stellen-sich-vor/?s=16ec836355a6dae197af47a6b29e232d230a605d</topic_url>
<topic_text>
Neue User stellen sich vor 
Vor dem Posten im Forum sollte man sich hier kurz vorstellen. Diese Seite verwendet Cookies. Durch die Nutzung unserer Seite erklären Sie sich damit einverstanden, dass wir Cookies setzen. Weitere Informationen 1 Seite 1 von 28 
</topic_text>
<spam_score>0.02</spam_score>
<post_num>1</post_num>
<post_id>post-1</post_id>
<post_url>http://www.forum-speditionen.de/board/122-neue-user-stellen-sich-vor/?s=16ec836355a6dae197af47a6b29e232d230a605d</post_url>
<post_date>20160812</post_date>
<post_time></post_time>
<username></username>
<post>
Neue User stellen sich vor 
Vor dem Posten im Forum sollte man sich hier kurz vorstellen. Diese Seite verwendet Cookies. Durch die Nutzung unserer Seite erklären Sie sich damit einverstanden, dass wir Cookies setzen. Weitere Informationen 1 Seite 1 von 28 
</post>
<signature>

</signature>
<external_links>

</external_links>
<country>DE</country>
<main_image></main_image>
</document>
