<?xml version="1.0" encoding="UTF-8"?>
<document>
<type>mainstream</type>
<forum>http://feeds.foxnews.com/foxnews/section/lifestyle</forum>
<forum_title>FOX News</forum_title>
<discussion_title>San Diego Chargers&apos; Antonio Gates Lists Renovated Hollywood Home</discussion_title>
<language>english</language>
<gmt_offset></gmt_offset>
<topic_url>http://www.realtor.com/news/celebrity-real-estate/antonio-gates-and-wife-sasha-selling-hollywood-home/</topic_url>
<topic_text>
Published August 30, 2016 Realtor.com   Email Print The Gates family: Antonio, Sasha, daughter Ayla and son Aven 
Hollywood Hills home exterior 
Antonio Gates  (2010 Getty Images) 
Remodeled kitchen 
The Gates&apos; Hollywood Hills exterior 
Previous Next 
After having two babies in two years, San Diego Charger Antonio Gates and his wife, Sasha , have outgrown their four-story, Hollywood hillside home and have put it on the market for $2,999,000. Before they put up the &quot;For Sale&quot; sign, the couple completely renovated the five-bedroom, 4.5 bathroom house.
Sasha renovated the 4,428-square-foot home from top to bottom, with the help of Urban Interior Designs and Landscapes. She was also busy caring for her two children -- 2-year-old Ayla and 7-month-old Aven -- and starring on the reality TV show &quot;WAGS&quot; on E!.
The Gates&apos; beautiful home was featured on a number of episodes of the show. But as lovely as the home is, two babies, a pool, and multiple staircases don&apos;t mix.
So, they&apos;re selling the home they purchased in 2014 for $1,660,000. The remodel includes white oak hardwood floors throughout, custom window treatments, and a striking aqua glass front fireplace. The kitchen is also new -- it features stainless-steel appliances and a wine cooler. In addition, Sasha freshened up the master suite, which occupies the entire fourth floor and has its own balcony. And last but not least, they added a pool and spa out back.
While they wait for offers on their Hollywood home, the growing family will chill in their San Diego -- area residence, which is more convenient during the season. They might buy another L.A.-area home if the Chargers relocate to Los Angeles or if E! orders a third season of &quot;WAGS.&quot;
Antonio, a star tight end and an eight-time Pro Bowler, has played for the Chargers since 2003, when he began his football career. The future Hall of Famer was a basketball star at Kent State and didn&apos;t play a down of college football.
Although Sasha has finished the renovation and &quot;WAGS&quot; has wrapped up filming, she isn&apos;t sitting still. She&apos;s working on the release of her debut R&amp;B album and volunteering with her favorite charity, The Dolling Foundation , which provides high-quality wigs to women surviving hair loss due to illness.
</topic_text>
<spam_score>0.00</spam_score>
<post_num>1</post_num>
<post_id>post-1</post_id>
<post_url>http://www.realtor.com/news/celebrity-real-estate/antonio-gates-and-wife-sasha-selling-hollywood-home/</post_url>
<post_date>20160830</post_date>
<post_time></post_time>
<username>Realtor.com</username>
<post>
Published August 30, 2016 Realtor.com   Email Print The Gates family: Antonio, Sasha, daughter Ayla and son Aven 
Hollywood Hills home exterior 
Antonio Gates  (2010 Getty Images) 
Remodeled kitchen 
The Gates&apos; Hollywood Hills exterior 
Previous Next 
After having two babies in two years, San Diego Charger Antonio Gates and his wife, Sasha , have outgrown their four-story, Hollywood hillside home and have put it on the market for $2,999,000. Before they put up the &quot;For Sale&quot; sign, the couple completely renovated the five-bedroom, 4.5 bathroom house.
Sasha renovated the 4,428-square-foot home from top to bottom, with the help of Urban Interior Designs and Landscapes. She was also busy caring for her two children -- 2-year-old Ayla and 7-month-old Aven -- and starring on the reality TV show &quot;WAGS&quot; on E!.
The Gates&apos; beautiful home was featured on a number of episodes of the show. But as lovely as the home is, two babies, a pool, and multiple staircases don&apos;t mix.
So, they&apos;re selling the home they purchased in 2014 for $1,660,000. The remodel includes white oak hardwood floors throughout, custom window treatments, and a striking aqua glass front fireplace. The kitchen is also new -- it features stainless-steel appliances and a wine cooler. In addition, Sasha freshened up the master suite, which occupies the entire fourth floor and has its own balcony. And last but not least, they added a pool and spa out back.
While they wait for offers on their Hollywood home, the growing family will chill in their San Diego -- area residence, which is more convenient during the season. They might buy another L.A.-area home if the Chargers relocate to Los Angeles or if E! orders a third season of &quot;WAGS.&quot;
Antonio, a star tight end and an eight-time Pro Bowler, has played for the Chargers since 2003, when he began his football career. The future Hall of Famer was a basketball star at Kent State and didn&apos;t play a down of college football.
Although Sasha has finished the renovation and &quot;WAGS&quot; has wrapped up filming, she isn&apos;t sitting still. She&apos;s working on the release of her debut R&amp;B album and volunteering with her favorite charity, The Dolling Foundation , which provides high-quality wigs to women surviving hair loss due to illness.
</post>
<signature>

</signature>
<external_links>

</external_links>
<country>IT</country>
<main_image>http://a57.foxnews.com/global.fncstatic.com/static/managed/img/fn2/feeds/Misc/2016/08/30/0/0/IMG_8309-Edit-Newborn-Session-1024x-7711f61da6bd6510VgnVCM100000d7c1a8c0____.jpg</main_image>
</document>
