<?xml version="1.0" encoding="UTF-8"?>
<document>
<type>mainstream</type>
<forum>http://www.menafn.com/rss/menafn_Pharmaceuticals_Health.xml</forum>
<forum_title>MENAFN.com Pharmaceuticals_Health</forum_title>
<discussion_title>First Versa Climber Fitness Studio Opens in Boston</discussion_title>
<language>english</language>
<gmt_offset></gmt_offset>
<topic_url>http://www.menafn.com/1094918104/First-Versa-Climber-Fitness-Studio-Opens-in-Boston&amp;src=RSS</topic_url>
<topic_text>
(MENAFN Press) BOSTON, MA - 29 Aug, 2016 - Certified Fitness Trainer Will Byrd has opened the first and only fitness studio in Boston to feature the Versa Climber. Byrd offers group and individual Versa Climber classes, nutrition counseling, and personal training sessions at his new Elite Training Boston studio. With over 10,000 hour of training and experience, Byrd is a genuine fitness guru, and though his Elite Training Studio does have traditional gym equipment like free weights and treadmills, he knew he wanted to offer his clients the very best workout on the planet. Byrd traveled to L.A. to learn more about the Versa Climber, and what he discovered is there&quot;;s no other single piece of equipment that can provide such a vigorous, complete workout. The Versa Climber was created based on the science of movement. The very first way humans move around is by crawling, and the vertical climbing motion of the Versa Climber uses just that sort of natural, basic movement. Offering both a standard climbing motion as well as a contra-lateral option, the Versa Climber is simple to use, requiring no complicated instructions or learning curve to master. In addition to being easy to use, the Versa Climber is zero impact. While treadmill use can lead to painful injuries and stress to joints and connective tissue, the VersaClimber protects your joints from impact. But does Versa Climber provide a good workout? Science shows no single piece of exercise equipment is better. The Versa Climber works quadriceps, hamstrings, glutes, hip flexors, calves, back, chest, shoulders, and arms all in a single session. It provides a strenuous cardio workout at the same time, and in studies of the Versa Climber, users demonstrate clear improvement in both strength and endurance levels. Versa Climber builds muscle, burns fat, improves oxygen uptake, and it does it all in less time than a treadmill or elliptical trainer. Because Versa Climber is such an efficient workout, the amount of time required for a full, beneficial workout is dramatically reduced. The Versa Climber delivers better results in less time. Will Byrd studied the Versa Climber and knew it was the perfect equipment for his new studio. Byrd&quot;;s passion for helping his clients achieve their fitness goals meant he had to offer something Boston had never seen. How certain is Byrd that Elite Training Boston and the Versa Climber will deliver optimum results? So sure that Byrd offers a money-back guarantee. Boston&quot;;s Will Byrd isn&quot;;t the only expert trainer to recommend the Versa Climber for clients who wnt to ramp up their fitness. Personal trainer to the stars, Jason Walsh explains why he believes in the Versa Climber: &apos;&apos;The Versa Climber reinforces primitive movements, namely the natural crawl motion, which is superior for strengthening the body effectively and safely. It demands the whole body to work as one unit, recruiting more muscles, oxygen, and ultimately more calories.” When Walsh needed to get client Matt Damon into phenomenal, completely ripped shape for his latest Jason Bourne movie, he put together a brutal workout regimen featuring the Versa Climber. Photos of a shirtless Damon from the Bourne movie have gone viral, and the Versa Climber – along with Damon&quot;;s dedication – get the glory. Dr. Dennis Collenello, team doctor for the L.A. Clippers understands how effective and safe the Versa Climber is, and said it&quot;;s &apos;&apos;the only cardio machine I approve for our players, because the no-impact, contralateral motion mimics natural human motion without an injury risk.” The Versa Climber is wildly popular in L.A., but Will Byrd&quot;;s dream was to bring it to the East Coast. He knew the Versa Climber would produce amazing results for his clients, too. In his Elite Training Boston studio, Byrd offers eighteen different challenging interval workouts. He pairs the workouts with a variety of music played on a state-of-the-art Bang &amp; Olufsen sound system. Byrd designed the workouts and the format of his classes to keep clients motivated and to help get them in the best shape of their lives. And while Byrd is certainly motivated to get Elite Training Boston members into shape, he knows there&quot;;s more to life than muscles. He focuses on a healthy body-mind connection with his clients. He wants to help members be prepared for the inevitable curveballs life presents. Elite Training Boston is located at 150 Belmont Street in Watertown, Massachusetts. To learn more about the studio or about the Versa Climber, visit the website athttps://www.elitetrainingboston.com/home.html 
About William Byrd: Will Byrd hold certifications from the International Sports Sciences Association, Functional Movement Systems, and the National Academy of Sports Medicine. He is a Certified Fitness Trainer and a Performance Enhancement Specialist. Byrd holds a B.A. in Philosophy from Green Mountain College. 
Video Link: https://www.youtube.com/watch?v=IbJJX8V35S8 Full News Story: http://pressreleasejet.com/news/first-versa-climber-fitness-studio-opens-in-boston.html Distributed by Press Release Jet 



About ABN
</topic_text>
<spam_score>0.00</spam_score>
<post_num>1</post_num>
<post_id>post-1</post_id>
<post_url>http://www.menafn.com/1094918104/First-Versa-Climber-Fitness-Studio-Opens-in-Boston&amp;src=RSS</post_url>
<post_date>20160830</post_date>
<post_time></post_time>
<username>Press</username>
<post>
(MENAFN Press) BOSTON, MA - 29 Aug, 2016 - Certified Fitness Trainer Will Byrd has opened the first and only fitness studio in Boston to feature the Versa Climber. Byrd offers group and individual Versa Climber classes, nutrition counseling, and personal training sessions at his new Elite Training Boston studio. With over 10,000 hour of training and experience, Byrd is a genuine fitness guru, and though his Elite Training Studio does have traditional gym equipment like free weights and treadmills, he knew he wanted to offer his clients the very best workout on the planet. Byrd traveled to L.A. to learn more about the Versa Climber, and what he discovered is there&quot;;s no other single piece of equipment that can provide such a vigorous, complete workout. The Versa Climber was created based on the science of movement. The very first way humans move around is by crawling, and the vertical climbing motion of the Versa Climber uses just that sort of natural, basic movement. Offering both a standard climbing motion as well as a contra-lateral option, the Versa Climber is simple to use, requiring no complicated instructions or learning curve to master. In addition to being easy to use, the Versa Climber is zero impact. While treadmill use can lead to painful injuries and stress to joints and connective tissue, the VersaClimber protects your joints from impact. But does Versa Climber provide a good workout? Science shows no single piece of exercise equipment is better. The Versa Climber works quadriceps, hamstrings, glutes, hip flexors, calves, back, chest, shoulders, and arms all in a single session. It provides a strenuous cardio workout at the same time, and in studies of the Versa Climber, users demonstrate clear improvement in both strength and endurance levels. Versa Climber builds muscle, burns fat, improves oxygen uptake, and it does it all in less time than a treadmill or elliptical trainer. Because Versa Climber is such an efficient workout, the amount of time required for a full, beneficial workout is dramatically reduced. The Versa Climber delivers better results in less time. Will Byrd studied the Versa Climber and knew it was the perfect equipment for his new studio. Byrd&quot;;s passion for helping his clients achieve their fitness goals meant he had to offer something Boston had never seen. How certain is Byrd that Elite Training Boston and the Versa Climber will deliver optimum results? So sure that Byrd offers a money-back guarantee. Boston&quot;;s Will Byrd isn&quot;;t the only expert trainer to recommend the Versa Climber for clients who wnt to ramp up their fitness. Personal trainer to the stars, Jason Walsh explains why he believes in the Versa Climber: &apos;&apos;The Versa Climber reinforces primitive movements, namely the natural crawl motion, which is superior for strengthening the body effectively and safely. It demands the whole body to work as one unit, recruiting more muscles, oxygen, and ultimately more calories.” When Walsh needed to get client Matt Damon into phenomenal, completely ripped shape for his latest Jason Bourne movie, he put together a brutal workout regimen featuring the Versa Climber. Photos of a shirtless Damon from the Bourne movie have gone viral, and the Versa Climber – along with Damon&quot;;s dedication – get the glory. Dr. Dennis Collenello, team doctor for the L.A. Clippers understands how effective and safe the Versa Climber is, and said it&quot;;s &apos;&apos;the only cardio machine I approve for our players, because the no-impact, contralateral motion mimics natural human motion without an injury risk.” The Versa Climber is wildly popular in L.A., but Will Byrd&quot;;s dream was to bring it to the East Coast. He knew the Versa Climber would produce amazing results for his clients, too. In his Elite Training Boston studio, Byrd offers eighteen different challenging interval workouts. He pairs the workouts with a variety of music played on a state-of-the-art Bang &amp; Olufsen sound system. Byrd designed the workouts and the format of his classes to keep clients motivated and to help get them in the best shape of their lives. And while Byrd is certainly motivated to get Elite Training Boston members into shape, he knows there&quot;;s more to life than muscles. He focuses on a healthy body-mind connection with his clients. He wants to help members be prepared for the inevitable curveballs life presents. Elite Training Boston is located at 150 Belmont Street in Watertown, Massachusetts. To learn more about the studio or about the Versa Climber, visit the website athttps://www.elitetrainingboston.com/home.html 
About William Byrd: Will Byrd hold certifications from the International Sports Sciences Association, Functional Movement Systems, and the National Academy of Sports Medicine. He is a Certified Fitness Trainer and a Performance Enhancement Specialist. Byrd holds a B.A. in Philosophy from Green Mountain College. 
Video Link: https://www.youtube.com/watch?v=IbJJX8V35S8 Full News Story: http://pressreleasejet.com/news/first-versa-climber-fitness-studio-opens-in-boston.html Distributed by Press Release Jet 



About ABN
</post>
<signature>

</signature>
<external_links>

</external_links>
<country>US</country>
<main_image>http://menafn.com/images/shared/menafnlogo_sm.gif</main_image>
</document>
