<?xml version="1.0" encoding="UTF-8"?>
<document>
<type>mainstream</type>
<forum></forum>
<forum_title></forum_title>
<discussion_title>Treibstoff-Verbrauch bei unterschiedlichen SANH-Typen - Tankstelle - Forum-Speditionen | Das größte Forum der Transportbranche</discussion_title>
<language>german</language>
<gmt_offset></gmt_offset>
<topic_url>http://www.forum-speditionen.de/treibstoff-verbrauch-bei-unterschiedlichen-sanh-typen-18870?s=ca280e028a9874e7b33e1eb9b47f5db4114a84f8</topic_url>
<topic_text>
Hallo und guten Morgen zusammen, hab da mal ´ne kurze Frage an die erfahrenen Chauffeure und Flottillen-Manager: Inwiefern verändert sich der Dieselverbrauch einer SZM (Standard, 440-460 PS) beim Einsatz unterschiedlicher Auflieger / Aufbauten, wenn ich einen handelsüblichen Tautliner mit einem Plattform-Auflieger, der zufällig mit Beton-Fertigteilen beladen ist, vergleiche? Irgendwo hab ich mal gelesen, dass ein Plattform-Dingens mit &quot;unterschiedlich aerodynamischen&quot; Bauteilen obendrauf, eine ganze Ecke (mehrerere Liter) den Verbrauch nach oben treiben würde... Beste Grüße, &quot;...soll ein Jeder nach seiner Fasson glücklich werden!&quot; - Der alte Fritz - 
</topic_text>
<spam_score>0.19</spam_score>
<post_num>1</post_num>
<post_id>post-1</post_id>
<post_url>http://www.forum-speditionen.de/treibstoff-verbrauch-bei-unterschiedlichen-sanh-typen-18870?s=ca280e028a9874e7b33e1eb9b47f5db4114a84f8</post_url>
<post_date>20160706</post_date>
<post_time></post_time>
<username></username>
<post>
Hallo und guten Morgen zusammen, hab da mal ´ne kurze Frage an die erfahrenen Chauffeure und Flottillen-Manager: Inwiefern verändert sich der Dieselverbrauch einer SZM (Standard, 440-460 PS) beim Einsatz unterschiedlicher Auflieger / Aufbauten, wenn ich einen handelsüblichen Tautliner mit einem Plattform-Auflieger, der zufällig mit Beton-Fertigteilen beladen ist, vergleiche? Irgendwo hab ich mal gelesen, dass ein Plattform-Dingens mit &quot;unterschiedlich aerodynamischen&quot; Bauteilen obendrauf, eine ganze Ecke (mehrerere Liter) den Verbrauch nach oben treiben würde... Beste Grüße, &quot;...soll ein Jeder nach seiner Fasson glücklich werden!&quot; - Der alte Fritz - 
</post>
<signature>

</signature>
<external_links>

</external_links>
<country>DE</country>
<main_image></main_image>
</document>
