<?xml version="1.0" encoding="UTF-8"?>
<document>
<type>mainstream</type>
<forum>http://rssfeeds.cincinnati.com/cincinnati-opinion</forum>
<forum_title>Cincinnati - Opinion</forum_title>
<discussion_title>Payday loan regulations under review</discussion_title>
<language>english</language>
<gmt_offset></gmt_offset>
<topic_url>http://www.cincinnati.com/story/opinion/contributors/2016/08/30/payday-loan-regulations-under-review/89366278/</topic_url>
<topic_text>
Payday loan regulations under review Emily Houh and Kristin Kalsem 10:25 a.m. EDT August 30, 2016 Buy Photo Federal authorities are accepting public comments on proposed new rules for payday loans until November. (Photo: Enquirer file) Buy Photo 
Emily Houh and Kristin Kalsem are law professors and co-directors of the Center for Race, Gender and Social Justice at the University of Cincinnati. 
This summer, the local and national media have been paying a lot of attention to payday and car title loans. 
From the front pages of The Enquirer to church pulpits and late night talk shows, payday and car title loans are big news. Why now? Because on June 2 the federal Consumer Financial Protection Bureau issued a proposed rule aimed at regulating these types of loans and asked the public to respond. 
As law professors who have been doing community-based research in Cincinnati for years on consumer short-term lending, we’ve been approached by many people who understand the importance of what is happening but who honestly have no idea what it means that a rule has been proposed for public comment. This brought to our attention just how little the general public knows about this essential form of lawmaking. The work of administrative agencies isn’t exactly a hot topic in high school civics. While we came to this realization in connection with the CFPB proposed rule, we want to seize this opportunity to explain more generally how the rulemaking process, by design, invites everyday people to help shape policy. 
So, what is an “administrative agency,” anyway? Generally, it’s a lawmaking body with a particular area of expertise. The Environmental Protection Agency is an administrative agency, as is the Internal Revenue Service. At the federal level, Congress passes broad legislation – such as the 2010 Dodd-Frank Wall Street Reform and Consumer Protection Act – that gives authority to a designated administrative agency – like the CFPB –to make the law function. The agency does this, in part, by generating specific rules (after conducting extensive research) that, once finalized, have the force of law. The public, however, has an opportunity to review and comment on every proposed rule first. The CFPB’s “Payday, Vehicle Title, and Certain High-Cost Installment Loans” rule, which proposes various consumer protections, is at that stage now. 
To make our democracy work as it should, we encourage every person who has used or been impacted by these types of loans to get involved. Here’s how: This proposed agency rule, like all others, is published in the Federal Register. You can go to http://bit.ly/2a5uMVE to read the rule and submit your comments. Comments also can be mailed to Monica Jackson, Office of the Executive Secretary, CFPB, 1700 G Street NW., Washington, DC 20552. All comments must be submitted, either electronically or by mail, by Oct. 7. 
The administrative rulemaking process gives each of us a meaningful way to become informed and make sure our experiences and perspectives are taken into account. But this vital democratic process only works if we engage individually and collectively to make our voices heard.  //cin.ci/2bOvPGY TOP VIDEOS
</topic_text>
<spam_score>0.00</spam_score>
<post_num>1</post_num>
<post_id>post-1</post_id>
<post_url>http://www.cincinnati.com/story/opinion/contributors/2016/08/30/payday-loan-regulations-under-review/89366278/</post_url>
<post_date>20160830</post_date>
<post_time>1425</post_time>
<username></username>
<post>
Payday loan regulations under review Emily Houh and Kristin Kalsem 10:25 a.m. EDT August 30, 2016 Buy Photo Federal authorities are accepting public comments on proposed new rules for payday loans until November. (Photo: Enquirer file) Buy Photo 
Emily Houh and Kristin Kalsem are law professors and co-directors of the Center for Race, Gender and Social Justice at the University of Cincinnati. 
This summer, the local and national media have been paying a lot of attention to payday and car title loans. 
From the front pages of The Enquirer to church pulpits and late night talk shows, payday and car title loans are big news. Why now? Because on June 2 the federal Consumer Financial Protection Bureau issued a proposed rule aimed at regulating these types of loans and asked the public to respond. 
As law professors who have been doing community-based research in Cincinnati for years on consumer short-term lending, we’ve been approached by many people who understand the importance of what is happening but who honestly have no idea what it means that a rule has been proposed for public comment. This brought to our attention just how little the general public knows about this essential form of lawmaking. The work of administrative agencies isn’t exactly a hot topic in high school civics. While we came to this realization in connection with the CFPB proposed rule, we want to seize this opportunity to explain more generally how the rulemaking process, by design, invites everyday people to help shape policy. 
So, what is an “administrative agency,” anyway? Generally, it’s a lawmaking body with a particular area of expertise. The Environmental Protection Agency is an administrative agency, as is the Internal Revenue Service. At the federal level, Congress passes broad legislation – such as the 2010 Dodd-Frank Wall Street Reform and Consumer Protection Act – that gives authority to a designated administrative agency – like the CFPB –to make the law function. The agency does this, in part, by generating specific rules (after conducting extensive research) that, once finalized, have the force of law. The public, however, has an opportunity to review and comment on every proposed rule first. The CFPB’s “Payday, Vehicle Title, and Certain High-Cost Installment Loans” rule, which proposes various consumer protections, is at that stage now. 
To make our democracy work as it should, we encourage every person who has used or been impacted by these types of loans to get involved. Here’s how: This proposed agency rule, like all others, is published in the Federal Register. You can go to http://bit.ly/2a5uMVE to read the rule and submit your comments. Comments also can be mailed to Monica Jackson, Office of the Executive Secretary, CFPB, 1700 G Street NW., Washington, DC 20552. All comments must be submitted, either electronically or by mail, by Oct. 7. 
The administrative rulemaking process gives each of us a meaningful way to become informed and make sure our experiences and perspectives are taken into account. But this vital democratic process only works if we engage individually and collectively to make our voices heard.  //cin.ci/2bOvPGY TOP VIDEOS
</post>
<signature>

</signature>
<external_links>

</external_links>
<country>EU</country>
<main_image>http://www.gannett-cdn.com/-mm-/34a9881489cb5fd62394207374ce38b2d947d7cd/c=0-23-3888-2216&amp;amp;r=x1683&amp;amp;c=3200x1680/local/-/media/Cincinnati/Cincinnati/2014/06/11//1402522153000-payday-loans-3.jpg</main_image>
</document>
