<?xml version="1.0" encoding="UTF-8"?>
<document>
<type>mainstream</type>
<forum>http://www.hawr-digital.de/News/Allgemein.rss</forum>
<forum_title></forum_title>
<discussion_title>Auf Mallorca verunglückte Familie stammt aus Bayern</discussion_title>
<language>german</language>
<gmt_offset></gmt_offset>
<topic_url>http://www.hawr-digital.de/Nachrichten/Auf-Mallorca-verunglueckte-Familie-stammt-aus-Bayern-52610.html</topic_url>
<topic_text>
Auf Mallorca verunglückte Familie stammt aus Bayern 30.08.2016, 16:28 Uhr 
Palma de Mallorca. 
Palma de Mallorca. 
Die auf Mallorca bei einem Verkehrsunfall getötete Familie stammt aus Bayern. Das bestätigte das bayerische Innenministerium in München, es wollte sich zum genauen Wohnort aber nicht äußern. Zuvor hatte «Bild» berichtet. Das Ehepaar und die beiden Töchter waren gestern bei einem Frontalzusammenstoß mit dem Auto im Nordosten der spanischen Ferieninsel ums Leben gekommen. Ihr Wagen sei mit einem Lieferwagen kollidiert, sagte eine Polizeisprecherin. Vater, Mutter und die sieben und zehn Jahre alten Töchter starben. dpa
</topic_text>
<spam_score>0.00</spam_score>
<post_num>1</post_num>
<post_id>post-1</post_id>
<post_url>http://www.hawr-digital.de/Nachrichten/Auf-Mallorca-verunglueckte-Familie-stammt-aus-Bayern-52610.html</post_url>
<post_date>20160830</post_date>
<post_time>1428</post_time>
<username></username>
<post>
Auf Mallorca verunglückte Familie stammt aus Bayern 30.08.2016, 16:28 Uhr 
Palma de Mallorca. 
Palma de Mallorca. 
Die auf Mallorca bei einem Verkehrsunfall getötete Familie stammt aus Bayern. Das bestätigte das bayerische Innenministerium in München, es wollte sich zum genauen Wohnort aber nicht äußern. Zuvor hatte «Bild» berichtet. Das Ehepaar und die beiden Töchter waren gestern bei einem Frontalzusammenstoß mit dem Auto im Nordosten der spanischen Ferieninsel ums Leben gekommen. Ihr Wagen sei mit einem Lieferwagen kollidiert, sagte eine Polizeisprecherin. Vater, Mutter und die sieben und zehn Jahre alten Töchter starben. dpa
</post>
<signature>

</signature>
<external_links>

</external_links>
<country>DE</country>
<main_image>http://www.hawr-digital.de/Layout/Custom/Images/logo_HA_90.png</main_image>
</document>
