<?xml version="1.0" encoding="UTF-8"?>
<document>
<type>mainstream</type>
<forum>http://www.romandie.com/rss/flux.xml</forum>
<forum_title>Romandie</forum_title>
<discussion_title>Afrique du Sud: un lycée contraint de suspendre un réglement contre les coupes afro</discussion_title>
<language>french</language>
<gmt_offset></gmt_offset>
<topic_url>http://www.romandie.com/news/Afrique-du-Sud-un-lycee-contraint-de-suspendre-un-reglement-contre-les-coupes-afro/732450.rom</topic_url>
<topic_text>
Tweet Afrique du Sud: un lycée contraint de suspendre un réglement contre les coupes afro Johannesburg - Les autorités locales sud-africaines ont ordonné mardi à un prestigieux lycée de Pretoria de suspendre son règlement intérieur en matière de coupes de cheveux, des élèves noires affirmant avoir été traitées de singes à cause de leurs cheveux portés au naturel.Le Lycée pour filles de Pretoria, un établissement huppé privé, dispose de 21 jours pour revoir sa politique jugée raciste, alors que des élèves ont déclaré avoir été contraintes de lisser artificiellement leurs cheveux et ne pas porter de coupes afro.Le ministre provincial de l&apos;Education, Panyaza Lesufi, s&apos;est rendu dans l&apos;établissement lundi pour discuter avec le personnel et les élèves. Des jeunes filles ont le sentiment de ne pas être autorisées à porter des coupes de cheveux de Noirs, comme les coupes afro. Spécifiquement, la politique de l&apos;établissement limite la longueur de la coupe, a déclaré le ministère de l&apos;Education dans un communiqué mardi.Des enseignants leur disent qu&apos;elles ressemblent à des singes ou ont des nids sur la tête, a-t-il ajouté. Le règlement intérieur (...) doit être revu et dans l&apos;immédiat, le paragraphe sur le style de cheveux doit être suspendu. Lors de leur rencontre lundi avec les autorités provinciales, des élèves ont aussi affirmé ne pas être autorisées à parler dans l&apos;établissement leur langue locale et être victimes de discrimination de la part d&apos;enseignants et d&apos;élèves blancs. Le ministère a également dénoncé l&apos;attitude du lycée qui a fait appel ce week-end à la police et à des gardes armés lors d&apos;une manifestation d&apos;élèves noires coiffées de coupes afro et de tresses. Vingt-deux ans après l&apos;avènement de la démocratie, les tensions raciales restent très élevées en Afrique du Sud, où sont régulièrement proférés des commentaires racistes notamment dans les médias sociaux.La classe politique s&apos;est rapidement emparée de ce débat brûlant: Mmusi Maimane, chef du principal parti d&apos;opposition, l&apos;Alliance démocratique (DA), s&apos;est ainsi demandé si sa fille, qui arbore une coiffure afro, serait autorisée à suivre les cours dans cet établissement. Le lycée accueillait seulement des Blancs jusqu&apos;à la fin officielle du régime raciste d&apos;apartheid en 1994. Depuis, les élèves noirs et métis y sont admis.Une ancienne lycéenne, Mishka Wazar, qui a quitté l&apos;établissement l&apos;an dernier, a expliquéà l&apos;AFP que le lycée connaissait depuis plusieurs années des problèmes sur des sujets similaires. Nous avons écrit des lettres, et nos doléances ont été généralement ignorées, a déclaré cette étudiante de 19 ans. Elle a affirmé avoir vu des jeunes filles réprimandées pour leurs cheveux. L&apos;enseignant leur disait de (...) lisser leurs cheveux (...). Certaines de ces règles sont très difficiles à appliquer si vos cheveux n&apos;ont pas une certaine texture. D&apos;anciennes élèves du lycée ont également écrit à un journal universitaire en ligne pour dénoncer le racisme, les intimidations et les humiliations, manifestement basées sur la race, infligées par le personnel de l&apos;établissement aux jeunes femmes noires. (©AFP / 30 août 2016 16h59)
</topic_text>
<spam_score>0.00</spam_score>
<post_num>1</post_num>
<post_id>post-1</post_id>
<post_url>http://www.romandie.com/news/Afrique-du-Sud-un-lycee-contraint-de-suspendre-un-reglement-contre-les-coupes-afro/732450.rom</post_url>
<post_date>20160830</post_date>
<post_time>1501</post_time>
<username></username>
<post>
Tweet Afrique du Sud: un lycée contraint de suspendre un réglement contre les coupes afro Johannesburg - Les autorités locales sud-africaines ont ordonné mardi à un prestigieux lycée de Pretoria de suspendre son règlement intérieur en matière de coupes de cheveux, des élèves noires affirmant avoir été traitées de singes à cause de leurs cheveux portés au naturel.Le Lycée pour filles de Pretoria, un établissement huppé privé, dispose de 21 jours pour revoir sa politique jugée raciste, alors que des élèves ont déclaré avoir été contraintes de lisser artificiellement leurs cheveux et ne pas porter de coupes afro.Le ministre provincial de l&apos;Education, Panyaza Lesufi, s&apos;est rendu dans l&apos;établissement lundi pour discuter avec le personnel et les élèves. Des jeunes filles ont le sentiment de ne pas être autorisées à porter des coupes de cheveux de Noirs, comme les coupes afro. Spécifiquement, la politique de l&apos;établissement limite la longueur de la coupe, a déclaré le ministère de l&apos;Education dans un communiqué mardi.Des enseignants leur disent qu&apos;elles ressemblent à des singes ou ont des nids sur la tête, a-t-il ajouté. Le règlement intérieur (...) doit être revu et dans l&apos;immédiat, le paragraphe sur le style de cheveux doit être suspendu. Lors de leur rencontre lundi avec les autorités provinciales, des élèves ont aussi affirmé ne pas être autorisées à parler dans l&apos;établissement leur langue locale et être victimes de discrimination de la part d&apos;enseignants et d&apos;élèves blancs. Le ministère a également dénoncé l&apos;attitude du lycée qui a fait appel ce week-end à la police et à des gardes armés lors d&apos;une manifestation d&apos;élèves noires coiffées de coupes afro et de tresses. Vingt-deux ans après l&apos;avènement de la démocratie, les tensions raciales restent très élevées en Afrique du Sud, où sont régulièrement proférés des commentaires racistes notamment dans les médias sociaux.La classe politique s&apos;est rapidement emparée de ce débat brûlant: Mmusi Maimane, chef du principal parti d&apos;opposition, l&apos;Alliance démocratique (DA), s&apos;est ainsi demandé si sa fille, qui arbore une coiffure afro, serait autorisée à suivre les cours dans cet établissement. Le lycée accueillait seulement des Blancs jusqu&apos;à la fin officielle du régime raciste d&apos;apartheid en 1994. Depuis, les élèves noirs et métis y sont admis.Une ancienne lycéenne, Mishka Wazar, qui a quitté l&apos;établissement l&apos;an dernier, a expliquéà l&apos;AFP que le lycée connaissait depuis plusieurs années des problèmes sur des sujets similaires. Nous avons écrit des lettres, et nos doléances ont été généralement ignorées, a déclaré cette étudiante de 19 ans. Elle a affirmé avoir vu des jeunes filles réprimandées pour leurs cheveux. L&apos;enseignant leur disait de (...) lisser leurs cheveux (...). Certaines de ces règles sont très difficiles à appliquer si vos cheveux n&apos;ont pas une certaine texture. D&apos;anciennes élèves du lycée ont également écrit à un journal universitaire en ligne pour dénoncer le racisme, les intimidations et les humiliations, manifestement basées sur la race, infligées par le personnel de l&apos;établissement aux jeunes femmes noires. (©AFP / 30 août 2016 16h59)
</post>
<signature>

</signature>
<external_links>

</external_links>
<country>CH</country>
<main_image></main_image>
</document>
