<?xml version="1.0" encoding="UTF-8"?>
<document>
<type>mainstream</type>
<forum></forum>
<forum_title></forum_title>
<discussion_title>Injured, drunken man sitting in roadway resists medical help, cops say | lehighvalleylive.com</discussion_title>
<language>english</language>
<gmt_offset></gmt_offset>
<topic_url>http://www.lehighvalleylive.com/warren-county/index.ssf/2016/08/drunken_man_sitting_in_roadway.html</topic_url>
<topic_text>
comments 
A drunken 56-year-old man with a wounded forehead refused to be treated by Hackettstown rescue squad workers after officers found him sitting in the middle of the roadway, police said. 
Michael Tansey of Hackettstown at 3:20 a.m. Saturday allegedly was sitting in the middle of the roadway in the 100 block of Harvey Street with a bleeding wound to the head. He refused to comply with officers and began using profanities, police said. 
Tansey then resisted help from the Hackettstown Rescue Squad and eventually was taken to Hackettstown Medical Center for treatment. He is charged with disorderly conduct. 
Tansey later was released pending a court appearance. 
Pamela Sroka-Holzmann may be reached at . Follow her on Twitter @pamholzmann . Find lehighvalleylive.com on Facebook . 
</topic_text>
<spam_score>0.01</spam_score>
<post_num>1</post_num>
<post_id>post-1</post_id>
<post_url>http://www.lehighvalleylive.com/warren-county/index.ssf/2016/08/drunken_man_sitting_in_roadway.html</post_url>
<post_date>20160830</post_date>
<post_time></post_time>
<username>Pamela Sroka-Holzmann</username>
<post>
comments 
A drunken 56-year-old man with a wounded forehead refused to be treated by Hackettstown rescue squad workers after officers found him sitting in the middle of the roadway, police said. 
Michael Tansey of Hackettstown at 3:20 a.m. Saturday allegedly was sitting in the middle of the roadway in the 100 block of Harvey Street with a bleeding wound to the head. He refused to comply with officers and began using profanities, police said. 
Tansey then resisted help from the Hackettstown Rescue Squad and eventually was taken to Hackettstown Medical Center for treatment. He is charged with disorderly conduct. 
Tansey later was released pending a court appearance. 
Pamela Sroka-Holzmann may be reached at . Follow her on Twitter @pamholzmann . Find lehighvalleylive.com on Facebook . 
</post>
<signature>

</signature>
<external_links>

</external_links>
<country>US</country>
<main_image>http://image.lehighvalleylive.com/home/advance-media/width620/img/warren_county_lvl-nj_syndication/photo/2016/08/30/21013163-standard.jpg</main_image>
</document>
