<?xml version="1.0" encoding="UTF-8"?>
<document>
<type>mainstream</type>
<forum></forum>
<forum_title></forum_title>
<discussion_title>Horóscopo del 30 de agosto del 2016</discussion_title>
<language>spanish</language>
<gmt_offset></gmt_offset>
<topic_url>http://us.emedemujer.com/astros/horoscopo/horoscopo-del-30-de-agosto-del-2016/</topic_url>
<topic_text>
0 Aries 
Si bien está muy creativo y le rendirá lo que haga, no lo verá reflejado en su entorno laboral sino en emprendimientos personales donde puede ser exitoso. Tauro 
Así como estará bien para la casa, el hogar y todo lo doméstico, no lo estará tanto a nivel familiar y afectivo. Trate de compatibilizar y armonizar las cosas. Géminis 
Rendidor en gestiones, contactos, negocios, sociedades, viajes cortos y movilidad. Complicado para alcanzar hoy sus objetivos, planifique con cuidado. Cáncer 
Oportuno en lo financiero, puede haber proyectos o ideas respecto a ese ámbito que cristalizarán de manera provechosa si sabe encaminarlos bien. Leo Un buen día. Tal vez esté usted mismo algo volátil pero no mal y podrá encararlo sacando provecho de lo bueno y manejando con inteligencia lo complejo. Virgo 
Profundo bienestar interior que lo ayuda y mucho a enfrentar la jornada con buen ánimo. Una sicología muy positiva que le servirá de impulso durante el día. Libra 
Aprovechable al máximo el ámbito social y público, este entorno le permite brillar con luz propia y se sentirá muy a gusto interrelacionándose con los demás. Escorpio 
Aunque no será un camino fácil, es día de perseverar, organizarse, manejar situaciones y entorno de una manera más fluida, ecuánime y provechosa. Sagitario 
Sigue muy bien para los viajes. Igual es un día de desafíos, de obstáculos y de necesitar cierta combatividad para encarar todo lo que él traiga consigo. Capricornio 
Aunque esté un poco caótico emocionalmente, su entorno lentamente irá resultando más positivo y eso le servirá para sentirse más liberado y con autonomía. Acuario 
Un muy buen plano vincular aconseja volcarse a él en busca de apoyo, aportes, siendo el momento ideal para emprendimientos en común con quienes lo conforman. Piscis 
Está con las pilas puestas en materia laboral, para el desempeño de sus actividades habituales; lo que haga lo hará con gusto y además le rendirá muy bien. Comentarios 
</topic_text>
<spam_score>0.00</spam_score>
<post_num>1</post_num>
<post_id>post-1</post_id>
<post_url>http://us.emedemujer.com/astros/horoscopo/horoscopo-del-30-de-agosto-del-2016/</post_url>
<post_date>20160830</post_date>
<post_time></post_time>
<username></username>
<post>
0 Aries 
Si bien está muy creativo y le rendirá lo que haga, no lo verá reflejado en su entorno laboral sino en emprendimientos personales donde puede ser exitoso. Tauro 
Así como estará bien para la casa, el hogar y todo lo doméstico, no lo estará tanto a nivel familiar y afectivo. Trate de compatibilizar y armonizar las cosas. Géminis 
Rendidor en gestiones, contactos, negocios, sociedades, viajes cortos y movilidad. Complicado para alcanzar hoy sus objetivos, planifique con cuidado. Cáncer 
Oportuno en lo financiero, puede haber proyectos o ideas respecto a ese ámbito que cristalizarán de manera provechosa si sabe encaminarlos bien. Leo Un buen día. Tal vez esté usted mismo algo volátil pero no mal y podrá encararlo sacando provecho de lo bueno y manejando con inteligencia lo complejo. Virgo 
Profundo bienestar interior que lo ayuda y mucho a enfrentar la jornada con buen ánimo. Una sicología muy positiva que le servirá de impulso durante el día. Libra 
Aprovechable al máximo el ámbito social y público, este entorno le permite brillar con luz propia y se sentirá muy a gusto interrelacionándose con los demás. Escorpio 
Aunque no será un camino fácil, es día de perseverar, organizarse, manejar situaciones y entorno de una manera más fluida, ecuánime y provechosa. Sagitario 
Sigue muy bien para los viajes. Igual es un día de desafíos, de obstáculos y de necesitar cierta combatividad para encarar todo lo que él traiga consigo. Capricornio 
Aunque esté un poco caótico emocionalmente, su entorno lentamente irá resultando más positivo y eso le servirá para sentirse más liberado y con autonomía. Acuario 
Un muy buen plano vincular aconseja volcarse a él en busca de apoyo, aportes, siendo el momento ideal para emprendimientos en común con quienes lo conforman. Piscis 
Está con las pilas puestas en materia laboral, para el desempeño de sus actividades habituales; lo que haga lo hará con gusto y además le rendirá muy bien. Comentarios 
</post>
<signature>

</signature>
<external_links>

</external_links>
<country>EU</country>
<main_image>http://us.emedemujer.com/wp-content/uploads/sites/3/2015/09/Horóscopo-Horizontal-300x242.jpg</main_image>
</document>
