<?xml version="1.0" encoding="UTF-8"?>
<document>
<type>mainstream</type>
<forum>http://seattletimes.nwsource.com/rss/home.xml</forum>
<forum_title>The Seattle Times The Seattle Times</forum_title>
<discussion_title>French police officer wounded by knife-wielding attacker</discussion_title>
<language>english</language>
<gmt_offset></gmt_offset>
<topic_url>http://www.seattletimes.com/nation-world/french-police-officer-wounded-by-knife-wielding-attacker/</topic_url>
<topic_text>
French police officer wounded by knife-wielding attacker Originally published August 30, 2016 at 8:17 am Share story THOMAS ADAMSON The Associated Press 
PARIS (AP) — French officials say that a police officer in the southern city of Toulouse has been wounded by a knife-wielding assailant. 
Police spokesman David Delattre said the attack took place Tuesday afternoon when a person entered the Rempart Saint-Etienne police station and attacked the officer with a knife. 
Delattre said the officer had a minor neck injury and added that the attacker had been arrested, but he couldn’t elaborate further on the cause of the attack or the identity of either individual. 
An Interior Ministry official, who wasn’t authorized to speak to the media so spoke on condition of anonymity, said that it’s too soon to say if the “attack was of a terrorist nature,” but the attacker was known to local authorities for having psychological issues. Most Read Stories
</topic_text>
<spam_score>0.00</spam_score>
<post_num>1</post_num>
<post_id>post-1</post_id>
<post_url>http://www.seattletimes.com/nation-world/french-police-officer-wounded-by-knife-wielding-attacker/</post_url>
<post_date>20160830</post_date>
<post_time>1517</post_time>
<username>THOMAS ADAMSON</username>
<post>
French police officer wounded by knife-wielding attacker Originally published August 30, 2016 at 8:17 am Share story THOMAS ADAMSON The Associated Press 
PARIS (AP) — French officials say that a police officer in the southern city of Toulouse has been wounded by a knife-wielding assailant. 
Police spokesman David Delattre said the attack took place Tuesday afternoon when a person entered the Rempart Saint-Etienne police station and attacked the officer with a knife. 
Delattre said the officer had a minor neck injury and added that the attacker had been arrested, but he couldn’t elaborate further on the cause of the attack or the identity of either individual. 
An Interior Ministry official, who wasn’t authorized to speak to the media so spoke on condition of anonymity, said that it’s too soon to say if the “attack was of a terrorist nature,” but the attacker was known to local authorities for having psychological issues. Most Read Stories
</post>
<signature>

</signature>
<external_links>

</external_links>
<country>US</country>
<main_image>http://www.seattletimes.com/wp-content/themes/st_refresh/img/st-meta-facebook.png</main_image>
</document>
