<?xml version="1.0" encoding="UTF-8"?>
<document>
<type>mainstream</type>
<forum>http://www.figyel.hu/rss.xml</forum>
<forum_title>[figyel.hu] - Hírek, percről percre. - RSS szolgáltatás</forum_title>
<discussion_title>Nem emberi, ami az albérletpiacon megy: bármit kivesznek bármennyiért</discussion_title>
<language>hungarian</language>
<gmt_offset></gmt_offset>
<topic_url>http://www.figyel.hu/hirek/nem-emberi-ami-az-alberletpiacon-megy-barmit-kivesznek-barmennyiert</topic_url>
<topic_text>
Nem emberi, ami az albérletpiacon megy: bármit kivesznek bármennyiért   Az már nem hír, hogy óriási a kereslet a bérlakások iránt, különösen az egyetemisták nyár végi rohama miatt. Ami érdekesebb, hogy sokan a belvárosban egyáltalán nem találnak lakást, de a külső kerületekben is jóval drágábban, mint két-három éve. Nem mondható, hogy enyhült volna a helyzet a budapesti bérlakás-piacon a tavalyi év óta. tovább&gt;&gt;
</topic_text>
<spam_score>0.00</spam_score>
<post_num>1</post_num>
<post_id>post-1</post_id>
<post_url>http://www.figyel.hu/hirek/nem-emberi-ami-az-alberletpiacon-megy-barmit-kivesznek-barmennyiert</post_url>
<post_date>20160830</post_date>
<post_time>1440</post_time>
<username></username>
<post>
Nem emberi, ami az albérletpiacon megy: bármit kivesznek bármennyiért   Az már nem hír, hogy óriási a kereslet a bérlakások iránt, különösen az egyetemisták nyár végi rohama miatt. Ami érdekesebb, hogy sokan a belvárosban egyáltalán nem találnak lakást, de a külső kerületekben is jóval drágábban, mint két-három éve. Nem mondható, hogy enyhült volna a helyzet a budapesti bérlakás-piacon a tavalyi év óta. tovább&gt;&gt;
</post>
<signature>

</signature>
<external_links>

</external_links>
<country>HU</country>
<main_image>http://www.figyel.hu/image/logo/logo_120x240.gif</main_image>
</document>
