<?xml version="1.0" encoding="UTF-8"?>
<document>
<type>mainstream</type>
<forum>http://trends.levif.be/economie/entreprises/feed.rss</forum>
<forum_title>Entreprises - Trends-Tendances.be</forum_title>
<discussion_title>En images: les 26 pays les moins visités au monde</discussion_title>
<language>french</language>
<gmt_offset></gmt_offset>
<topic_url>http://weekend.levif.be/lifestyle/voyage/en-images-les-26-pays-les-moins-visites-au-monde/diaporama-normal-544471.html</topic_url>
<topic_text>
Redactie Knack Weekend 30/08/16 à 10:35 - Mise à jour à 10:34 Obtenir des chiffres de la part des pays accueillant le moins de touristes au monde est n&apos;est pas une mince affaire. Le célèbre globe-trotter norvégien Gunnar est parvenu àétablir un classement fiable, en combinant différentes données : celles de l&apos;Organisation mondiale du tourisme, des Nations Unies, les numéros de vol, les chiffres des voyagistes entre autres. Voici ces résultats. 62 Fois partagé
</topic_text>
<spam_score>0.00</spam_score>
<post_num>1</post_num>
<post_id>post-1</post_id>
<post_url>http://weekend.levif.be/lifestyle/voyage/en-images-les-26-pays-les-moins-visites-au-monde/diaporama-normal-544471.html</post_url>
<post_date>20160830</post_date>
<post_time>0834</post_time>
<username></username>
<post>
Redactie Knack Weekend 30/08/16 à 10:35 - Mise à jour à 10:34 Obtenir des chiffres de la part des pays accueillant le moins de touristes au monde est n&apos;est pas une mince affaire. Le célèbre globe-trotter norvégien Gunnar est parvenu àétablir un classement fiable, en combinant différentes données : celles de l&apos;Organisation mondiale du tourisme, des Nations Unies, les numéros de vol, les chiffres des voyagistes entre autres. Voici ces résultats. 62 Fois partagé
</post>
<signature>

</signature>
<external_links>

</external_links>
<country>BE</country>
<main_image>http://weekend.levif.be/medias/6665/3412535.jpg</main_image>
</document>
