<?xml version="1.0" encoding="UTF-8"?>
<document>
<type>mainstream</type>
<forum></forum>
<forum_title></forum_title>
<discussion_title>SABC News - EU demands Apple pay Ireland up to 13 bln euros in tax:Tuesday 30 August 2016</discussion_title>
<language>english</language>
<gmt_offset></gmt_offset>
<topic_url>http://www.sabc.co.za/news/a/e3104e004e0dd5cb86acb749e1a112b8/EU-demands-Apple-pay-Ireland-up-to-13-bln-euros-in-tax-20160830</topic_url>
<topic_text>
Michael Noonan 
European Union (EU) antitrust regulators ordered Apple on Tuesday to pay up to 13 billion euros (R210 billion) in taxes plus interest to the Irish government after ruling that a special scheme to route profits through Ireland was illegal state aid. The massive sum is 40 times larger than the previous one demanded by the European Commission to a company in such a case. The Commission executive said in a statement that the fine could be reduced if other countries sought more tax themselves from the US tech giant The EU said Apple, which will appeal the decision along with Ireland, paid tax rates on European profits on sales of iPhones, other devices and services of between just 0.005 percent in 2014 and 1 percent in 2003. &quot;Ireland granted illegal tax benefits to Apple, which enabled it to pay substantially less tax than other businesses over many years,&quot; said EU Competition Commissioner Margrethe Vestager. Vestager whose crackdown on mainly US multinationals has angered Washington DC, which in turn accuses Brussels of protectionism. Online retailer Amazon.com Inc and hamburger group McDonald&apos;s Corp face probes over taxes in Luxembourg, while coffee chain Starbucks Corp has been ordered to pay up to 30 million euros (R483 million) to the Dutch state. A bill of 300 million euros (R4.8 billion) this year for Swedish engineer Atlas Copco AB to pay Belgian tax is the current known record. Other companies ordered to pay back taxes in Belgium, many of them European, have not disclosed figures. For Apple, whose earnings of $18 billion (R260 billion) last year were the biggest ever reported by a corporation, finding several billion dollars should not be an insurmountable problem. The 13 billion euros (R209 billion) represents about 6 percent of the firm&apos;s cash pile. Apple reported, as of June, it had cash equivalents and marketable securities of $231.5 billion (R3.3 trillion) of which 92.8 percent, or $214.9 billion (R3 trillion), were held in foreign subsidiaries. It paid $2.67 billion (R39 billion) in taxes during its latest quarter at an effective tax rate of 26 percent, leaving it with net income of $7.8 billion (R112 billion) according to company filings. This is necessary to defend the integrity of our tax system; to provide tax certainty to business; and to challenge the encroachment of EU state aid rules into the sovereign member state competence of taxation 
The European Commission in 2014 accused Ireland of dodging international tax rules by letting Apple shelter profits worth tens of billions of dollars from tax collectors in return for maintaining jobs. Apple and Ireland rejected the accusation. &quot;I disagree profoundly with the Commission,&quot; Irish Finance Minister Michael Noonan said in a statement. &quot;The decision leaves me with no choice but to seek cabinet approval to appeal.&quot; “This is necessary to defend the integrity of our tax system; to provide tax certainty to business; and to challenge the encroachment of EU state aid rules into the sovereign member state competence of taxation.&quot; Ireland also said the disputed tax system used in the Apple case no longer applied and that the decision had no effect on Ireland&apos;s 12.5 percent corporate tax rate or on any other company with operations in the country. Apple said in a statement it was confident of winning an appeal. &quot;The European Commission has launched an effort to rewrite Apple&apos;s history in Europe, ignore Ireland&apos;s tax laws and upend the international tax system in the process. The Commission&apos;s case is not about how much Apple pays in taxes, it&apos;s about which government collects the money. It will have a profound and harmful effect on investment and job creation in Europe.&quot; When it opened the Apple investigation in 2014, the Commission told the Irish government that tax rulings it agreed in 1991 and 2007 with the company amounted to state aid and might have broken EU laws. The Commission said the rulings were &quot;reverse engineered&quot; to ensure Apple had a minimal Irish bill and that minutes of meetings between Apple representatives and Irish tax officials showed the company&apos;s tax treatment had been &quot;motivated by employment considerations.&quot; Apple employs 5 500 workers, or about a quarter of its Europe-based staff, in the Irish city of Cork where it is the largest private sector employer. It has said it paid Ireland&apos;s 12.5 percent rate on all the income that it generates in the country. Ireland&apos;s low corporate tax rate has been a cornerstone of economic policy for 20 years, drawing investors from multinational companies whose staff account for almost one in 10 workers in Ireland. Some opposition Irish lawmakers have urged Dublin to collect whatever tax the Commission orders it to. But the main opposition party Fianna Fail, whose support the minority administration relies on to pass laws, said it would support an appeal based on reassurances it had been given by the government. The US Treasury Department published a white paper last week that said the EU executive&apos;s tax investigations departed from international taxation norms and would have an out sized impact on US companies. The Commission said it treated all companies equally. Share this page: 
</topic_text>
<spam_score>0.31</spam_score>
<post_num>1</post_num>
<post_id>post-1</post_id>
<post_url>http://www.sabc.co.za/news/a/e3104e004e0dd5cb86acb749e1a112b8/EU-demands-Apple-pay-Ireland-up-to-13-bln-euros-in-tax-20160830</post_url>
<post_date>20160830</post_date>
<post_time></post_time>
<username></username>
<post>
Michael Noonan 
European Union (EU) antitrust regulators ordered Apple on Tuesday to pay up to 13 billion euros (R210 billion) in taxes plus interest to the Irish government after ruling that a special scheme to route profits through Ireland was illegal state aid. The massive sum is 40 times larger than the previous one demanded by the European Commission to a company in such a case. The Commission executive said in a statement that the fine could be reduced if other countries sought more tax themselves from the US tech giant The EU said Apple, which will appeal the decision along with Ireland, paid tax rates on European profits on sales of iPhones, other devices and services of between just 0.005 percent in 2014 and 1 percent in 2003. &quot;Ireland granted illegal tax benefits to Apple, which enabled it to pay substantially less tax than other businesses over many years,&quot; said EU Competition Commissioner Margrethe Vestager. Vestager whose crackdown on mainly US multinationals has angered Washington DC, which in turn accuses Brussels of protectionism. Online retailer Amazon.com Inc and hamburger group McDonald&apos;s Corp face probes over taxes in Luxembourg, while coffee chain Starbucks Corp has been ordered to pay up to 30 million euros (R483 million) to the Dutch state. A bill of 300 million euros (R4.8 billion) this year for Swedish engineer Atlas Copco AB to pay Belgian tax is the current known record. Other companies ordered to pay back taxes in Belgium, many of them European, have not disclosed figures. For Apple, whose earnings of $18 billion (R260 billion) last year were the biggest ever reported by a corporation, finding several billion dollars should not be an insurmountable problem. The 13 billion euros (R209 billion) represents about 6 percent of the firm&apos;s cash pile. Apple reported, as of June, it had cash equivalents and marketable securities of $231.5 billion (R3.3 trillion) of which 92.8 percent, or $214.9 billion (R3 trillion), were held in foreign subsidiaries. It paid $2.67 billion (R39 billion) in taxes during its latest quarter at an effective tax rate of 26 percent, leaving it with net income of $7.8 billion (R112 billion) according to company filings. This is necessary to defend the integrity of our tax system; to provide tax certainty to business; and to challenge the encroachment of EU state aid rules into the sovereign member state competence of taxation 
The European Commission in 2014 accused Ireland of dodging international tax rules by letting Apple shelter profits worth tens of billions of dollars from tax collectors in return for maintaining jobs. Apple and Ireland rejected the accusation. &quot;I disagree profoundly with the Commission,&quot; Irish Finance Minister Michael Noonan said in a statement. &quot;The decision leaves me with no choice but to seek cabinet approval to appeal.&quot; “This is necessary to defend the integrity of our tax system; to provide tax certainty to business; and to challenge the encroachment of EU state aid rules into the sovereign member state competence of taxation.&quot; Ireland also said the disputed tax system used in the Apple case no longer applied and that the decision had no effect on Ireland&apos;s 12.5 percent corporate tax rate or on any other company with operations in the country. Apple said in a statement it was confident of winning an appeal. &quot;The European Commission has launched an effort to rewrite Apple&apos;s history in Europe, ignore Ireland&apos;s tax laws and upend the international tax system in the process. The Commission&apos;s case is not about how much Apple pays in taxes, it&apos;s about which government collects the money. It will have a profound and harmful effect on investment and job creation in Europe.&quot; When it opened the Apple investigation in 2014, the Commission told the Irish government that tax rulings it agreed in 1991 and 2007 with the company amounted to state aid and might have broken EU laws. The Commission said the rulings were &quot;reverse engineered&quot; to ensure Apple had a minimal Irish bill and that minutes of meetings between Apple representatives and Irish tax officials showed the company&apos;s tax treatment had been &quot;motivated by employment considerations.&quot; Apple employs 5 500 workers, or about a quarter of its Europe-based staff, in the Irish city of Cork where it is the largest private sector employer. It has said it paid Ireland&apos;s 12.5 percent rate on all the income that it generates in the country. Ireland&apos;s low corporate tax rate has been a cornerstone of economic policy for 20 years, drawing investors from multinational companies whose staff account for almost one in 10 workers in Ireland. Some opposition Irish lawmakers have urged Dublin to collect whatever tax the Commission orders it to. But the main opposition party Fianna Fail, whose support the minority administration relies on to pass laws, said it would support an appeal based on reassurances it had been given by the government. The US Treasury Department published a white paper last week that said the EU executive&apos;s tax investigations departed from international taxation norms and would have an out sized impact on US companies. The Commission said it treated all companies equally. Share this page: 
</post>
<signature>

</signature>
<external_links>

</external_links>
<country>ZA</country>
<main_image></main_image>
</document>
