<?xml version="1.0" encoding="UTF-8"?>
<document>
<type>mainstream</type>
<forum></forum>
<forum_title></forum_title>
<discussion_title>Stellplatz für eine Szm + Auflieger im Raum Solingen,Hilden und Langenfeld gesucht - Vermieten - Verpachten - Verkaufen von Logistikflächen - Forum-Speditionen | Das größte Forum der Transportbranche</discussion_title>
<language>german</language>
<gmt_offset></gmt_offset>
<topic_url>http://www.forum-speditionen.de/stellplatz-fuer-eine-szm-auflieger-im-raum-solingen-hilden-und-langenfeld-gesucht-18024?s=817b7a958ad06dca90ec4703dde2c97636bc3963</topic_url>
<topic_text>

16. Oktober 2015, 12:23 Hallo, ich weiß nicht, ob ihr inzwischen fündig geworden seid oder nach wie vor einen Lagerplatz mieten wollt. Aus eigener Erfahrung kann ich empfehlen. Die vermieten hauptsächlich Lager-/Stellplätze im Großraum Bochum... keine Ahnung, ob euch das schon zu weit weg ist. Ansonsten kannst du dir die Website ja mal näher anschauen. Ganz liebe Grüße Dieser Beitrag wurde bereits 1 mal editiert, zuletzt von Moderator-1 ( 16. Oktober 2015, 14:56 
</topic_text>
<spam_score>0.08</spam_score>
<post_num>1</post_num>
<post_id>post-1</post_id>
<post_url>http://www.forum-speditionen.de/stellplatz-fuer-eine-szm-auflieger-im-raum-solingen-hilden-und-langenfeld-gesucht-18024?s=817b7a958ad06dca90ec4703dde2c97636bc3963</post_url>
<post_date>20150203</post_date>
<post_time></post_time>
<username></username>
<post>

16. Oktober 2015, 12:23 Hallo, ich weiß nicht, ob ihr inzwischen fündig geworden seid oder nach wie vor einen Lagerplatz mieten wollt. Aus eigener Erfahrung kann ich empfehlen. Die vermieten hauptsächlich Lager-/Stellplätze im Großraum Bochum... keine Ahnung, ob euch das schon zu weit weg ist. Ansonsten kannst du dir die Website ja mal näher anschauen. Ganz liebe Grüße Dieser Beitrag wurde bereits 1 mal editiert, zuletzt von Moderator-1 ( 16. Oktober 2015, 14:56 
</post>
<signature>

</signature>
<external_links>

</external_links>
<country>DE</country>
<main_image></main_image>
</document>
