<?xml version="1.0" encoding="UTF-8"?>
<document>
<type>mainstream</type>
<forum>http://amarillodiocese.org/newsRSS</forum>
<forum_title>Catholic Diocese of Amarillo</forum_title>
<discussion_title>Annual 40 Days, 40 Churches Observation To Begin Sept. 24</discussion_title>
<language>english</language>
<gmt_offset></gmt_offset>
<topic_url>http://amarillodiocese.org/news/annual-40-days-40-churches-observation-to-begin-sept-24</topic_url>
<topic_text>
West Texas Catholic August 29, 2016 Amarillo—The first list of parishes who have announced plans to offer prayer during this year’s 40 Days, 40 Churches event have been announced by Stephanie Frausto, director of the diocesan Office of Family Life. The 40 Days, 40 Churches observance begins Saturday, Sept. 24. Parishes who have announced dates for prayer and Adoration of the Blessed Sacrament are: • Sacred Heart Church, Canadian, on Sunday, Sept. 25; • St. Laurence Church, Amarillo, and St. Mary’s Cathedral School, Amarillo, both on Monday, Sept. 26; • Divine Mercy Cenacle Group at St. Thomas the Apostle Church, Amarillo, on Tuesday, Sept. 27, Tuesday, Oct. 4, Tuesday, Oct. 11, Tuesday, Oct. 18, Tuesday, Oct. 25 and Tuesday, Nov. 1; • St. Mary’s Church, Wheeler, on Wednesday, Sept. 28; • St. John the Evangelist Church, Borger, on Thursday, Sept. 29, Thursday, Oct. 6, Thursday, Oct. 13, Thursday, Oct. 20 and Thursday, Oct. 27; • San Damiano Convent, Amarillo, on Friday, Sept. 30 and Friday, Oct. 21; • St. Joseph’s Church, Amarillo, on Wednesday, Sept. 30; • Sancta Maria Convent, Panhandle, on Monday, Oct. 3; • St. Mary’s Church, Umbarger, on Tuesday, Oct. 4; • Divine Mercy Cenacle Group at St. Mary’s Cathedral, Amarillo, on Thursday, Oct. 6; • St. Theresa’s Church, Panhandle and Immaculate Conception Church, Vega, both on Friday, Oct. 7; • Immaculate Conception Church, Perryton, on Saturday, Oct. 8; • St. Peter’s Church, Booker, on Tuesday, Oct. 11; • Holy Family Church, Nazareth, on Wednesday, Oct. 12; and, • St. Benedict Monastery, Canyon, on Friday, Oct. 14. Additional dates for the 40-day period, which ends Wednesday, Nov. 2, will be announced in subsequent issues of The West Texas Catholic . “The greatest gift we have received is prayer,” said Frausto. “Since 40 Days, 40 Churches has been established in our diocese, we have reaped so many blessings and God continues to provide wisdom, direction and strength for these ministries. We cannot thank everyone enough for the prayers and participation in 40 Days, 40 Churches .” For additional information or to reserve a date for a parish or organization to participate, contact Frausto at 383-2243, ext. 129, or via email, respectlife@dioama.org, with the subject line, 40 Days, 40 Churches . ©2016 Roman Catholic Diocese of Amarillo | All Rights Reserved Login
</topic_text>
<spam_score>0.00</spam_score>
<post_num>1</post_num>
<post_id>post-1</post_id>
<post_url>http://amarillodiocese.org/news/annual-40-days-40-churches-observation-to-begin-sept-24</post_url>
<post_date>20160829</post_date>
<post_time>0500</post_time>
<username></username>
<post>
West Texas Catholic August 29, 2016 Amarillo—The first list of parishes who have announced plans to offer prayer during this year’s 40 Days, 40 Churches event have been announced by Stephanie Frausto, director of the diocesan Office of Family Life. The 40 Days, 40 Churches observance begins Saturday, Sept. 24. Parishes who have announced dates for prayer and Adoration of the Blessed Sacrament are: • Sacred Heart Church, Canadian, on Sunday, Sept. 25; • St. Laurence Church, Amarillo, and St. Mary’s Cathedral School, Amarillo, both on Monday, Sept. 26; • Divine Mercy Cenacle Group at St. Thomas the Apostle Church, Amarillo, on Tuesday, Sept. 27, Tuesday, Oct. 4, Tuesday, Oct. 11, Tuesday, Oct. 18, Tuesday, Oct. 25 and Tuesday, Nov. 1; • St. Mary’s Church, Wheeler, on Wednesday, Sept. 28; • St. John the Evangelist Church, Borger, on Thursday, Sept. 29, Thursday, Oct. 6, Thursday, Oct. 13, Thursday, Oct. 20 and Thursday, Oct. 27; • San Damiano Convent, Amarillo, on Friday, Sept. 30 and Friday, Oct. 21; • St. Joseph’s Church, Amarillo, on Wednesday, Sept. 30; • Sancta Maria Convent, Panhandle, on Monday, Oct. 3; • St. Mary’s Church, Umbarger, on Tuesday, Oct. 4; • Divine Mercy Cenacle Group at St. Mary’s Cathedral, Amarillo, on Thursday, Oct. 6; • St. Theresa’s Church, Panhandle and Immaculate Conception Church, Vega, both on Friday, Oct. 7; • Immaculate Conception Church, Perryton, on Saturday, Oct. 8; • St. Peter’s Church, Booker, on Tuesday, Oct. 11; • Holy Family Church, Nazareth, on Wednesday, Oct. 12; and, • St. Benedict Monastery, Canyon, on Friday, Oct. 14. Additional dates for the 40-day period, which ends Wednesday, Nov. 2, will be announced in subsequent issues of The West Texas Catholic . “The greatest gift we have received is prayer,” said Frausto. “Since 40 Days, 40 Churches has been established in our diocese, we have reaped so many blessings and God continues to provide wisdom, direction and strength for these ministries. We cannot thank everyone enough for the prayers and participation in 40 Days, 40 Churches .” For additional information or to reserve a date for a parish or organization to participate, contact Frausto at 383-2243, ext. 129, or via email, respectlife@dioama.org, with the subject line, 40 Days, 40 Churches . ©2016 Roman Catholic Diocese of Amarillo | All Rights Reserved Login
</post>
<signature>

</signature>
<external_links>

</external_links>
<country>US</country>
<main_image></main_image>
</document>
