<?xml version="1.0" encoding="UTF-8"?>
<document>
<type>mainstream</type>
<forum>http://dwtonline.com/rss/rss-feed/</forum>
<forum_title>DWTonline.com</forum_title>
<discussion_title>COMMENTAAR: Kinderen bestolen</discussion_title>
<language>dutch</language>
<gmt_offset></gmt_offset>
<topic_url>http://www.dwtonline.com/laatste-nieuws/2016/08/30/commentaar-kinderen-bestolen/</topic_url>
<topic_text>
30/08/2016 12:00 
PARAMARIBO - SCHRIKBARENDE BEDRAGEN OVER het gerommel bij de naschoolse opvang zijn aan het licht gekomen en hebben een smet gelegd op het project. Een duizelingwekkend bedrag van SRD 128 miljoen Surinaamse dollar is verdampt. Het kan niet worden verantwoord. De onthulling is een trailer. De film moet nog komen. Valsspelers moeten nog in beeld worden gebracht, dan valt te bezien wie in de film dood gaat. De situatie is zo erg dat personen die over informatie beschikken angstvallig hun lippen op elkaar houden of anoniem willen blijven. Informanten en klokkenluiders bewijzen de samenleving een dienst, door volledig een boekje open te doen over malversaties en iedere vorm van knoeierij bij het project naschoolse opvang. Om te voorkomen dat bewijzen worden weggemaakt heeft de regering de plicht op korte termijn het onderzoek af te ronden en de schuldigen aan wanbeleid en verrijking, strafrechtelijk te vervolgen. 
Dat een commissie vooralsnog onderzoek heeft gedaan naar de zwaarwichtige zaak is niet verstandig. De Centrale Landsaccountantsdienst (Clad) is de autoriteit. Met alle respect voor de commissie, ze draagt geen verantwoordelijkheid als de Clad die tot taak heeft dergelijke werkzaamheden te doen. Het beroepsmatig karakter van de Clad houdt in dat er groot vertrouwen in de dienst bestaat over de geheimhoudingsplicht en de uitkomst van het onderzoek. 
Na het uiten van vermoedens door president Desi Bouterse over frauduleuze handelingen bij de naschoolse opvang is de zaak verheven tot een van grotere zaken en ernstige allure. Als de president wat hij te weten is gekomen over malversaties bij de naschoolse opvang breed uitmeet en zijn bezorgdheid er over uitspreekt, beseft het staatshoofd dat een van de baby&apos;s van de regering, naschoolse opvang, en de noodzakelijke hulp aan kinderen van arme ouders een dolksteek is toegebracht. 
De president heeft eens in een boze bui de retorische vraag gesteld wat sommige mensen in dit land mankeert en of zij er wel van houden. Het onderzoek naar gebeurtenissen rond Carifesta en de naschoolse opvang hebben onfrisse zaken aan het licht gebracht. Het redelijke vermoeden bestaat dat personen van wie verwacht wordt dat zij het beleid van de regering ondersteunen, het regiem in verlegenheid hebben gebracht. De vinger van de president wijst in de richting van personen die geen intentie hebben welk beleid dan ook te ondersteunen, maar er op uit zijn geweest hun zak te vullen. Beantwoording op de retorische vraag van de president is gegeven. 
De regering doet er goed aan de zaak niet met de mantel der liefde te bedekken of in de doofpot te stoppen, want het geeft kriebels dat het onderzoeksrapport 8 maanden geleden is ingediend bij het ministerie van Onderwijs, Wetenschappen en Cultuur en nu pas melding van is gemaakt. Het is zuur dat geen haast wordt gemaakt met de afronding van het onderzoek. Als er zo&apos;n lange tijd overeen is gegaan, is de vrees gerechtvaardigd dat stukken verdwijnen of de hele zaak in de doofpot wordt gestopt. 
De belastingdienst heeft in elk geval geen behoefte te wachten op afronding van het Clad onderzoek maar het rechtmatige deel dat de overheid toekomt bij de keukenhouders en anderen te gaan halen,waarvan de mofinawan kunnen profiteren. Juristen moeten zich er over buigen op welke manier de miljoenen die zijn verdampt teruggehaald kunnen worden bij de verantwoordelijke personen.
</topic_text>
<spam_score>0.00</spam_score>
<post_num>1</post_num>
<post_id>post-1</post_id>
<post_url>http://www.dwtonline.com/laatste-nieuws/2016/08/30/commentaar-kinderen-bestolen/</post_url>
<post_date>20160830</post_date>
<post_time>1200</post_time>
<username></username>
<post>
30/08/2016 12:00 
PARAMARIBO - SCHRIKBARENDE BEDRAGEN OVER het gerommel bij de naschoolse opvang zijn aan het licht gekomen en hebben een smet gelegd op het project. Een duizelingwekkend bedrag van SRD 128 miljoen Surinaamse dollar is verdampt. Het kan niet worden verantwoord. De onthulling is een trailer. De film moet nog komen. Valsspelers moeten nog in beeld worden gebracht, dan valt te bezien wie in de film dood gaat. De situatie is zo erg dat personen die over informatie beschikken angstvallig hun lippen op elkaar houden of anoniem willen blijven. Informanten en klokkenluiders bewijzen de samenleving een dienst, door volledig een boekje open te doen over malversaties en iedere vorm van knoeierij bij het project naschoolse opvang. Om te voorkomen dat bewijzen worden weggemaakt heeft de regering de plicht op korte termijn het onderzoek af te ronden en de schuldigen aan wanbeleid en verrijking, strafrechtelijk te vervolgen. 
Dat een commissie vooralsnog onderzoek heeft gedaan naar de zwaarwichtige zaak is niet verstandig. De Centrale Landsaccountantsdienst (Clad) is de autoriteit. Met alle respect voor de commissie, ze draagt geen verantwoordelijkheid als de Clad die tot taak heeft dergelijke werkzaamheden te doen. Het beroepsmatig karakter van de Clad houdt in dat er groot vertrouwen in de dienst bestaat over de geheimhoudingsplicht en de uitkomst van het onderzoek. 
Na het uiten van vermoedens door president Desi Bouterse over frauduleuze handelingen bij de naschoolse opvang is de zaak verheven tot een van grotere zaken en ernstige allure. Als de president wat hij te weten is gekomen over malversaties bij de naschoolse opvang breed uitmeet en zijn bezorgdheid er over uitspreekt, beseft het staatshoofd dat een van de baby&apos;s van de regering, naschoolse opvang, en de noodzakelijke hulp aan kinderen van arme ouders een dolksteek is toegebracht. 
De president heeft eens in een boze bui de retorische vraag gesteld wat sommige mensen in dit land mankeert en of zij er wel van houden. Het onderzoek naar gebeurtenissen rond Carifesta en de naschoolse opvang hebben onfrisse zaken aan het licht gebracht. Het redelijke vermoeden bestaat dat personen van wie verwacht wordt dat zij het beleid van de regering ondersteunen, het regiem in verlegenheid hebben gebracht. De vinger van de president wijst in de richting van personen die geen intentie hebben welk beleid dan ook te ondersteunen, maar er op uit zijn geweest hun zak te vullen. Beantwoording op de retorische vraag van de president is gegeven. 
De regering doet er goed aan de zaak niet met de mantel der liefde te bedekken of in de doofpot te stoppen, want het geeft kriebels dat het onderzoeksrapport 8 maanden geleden is ingediend bij het ministerie van Onderwijs, Wetenschappen en Cultuur en nu pas melding van is gemaakt. Het is zuur dat geen haast wordt gemaakt met de afronding van het onderzoek. Als er zo&apos;n lange tijd overeen is gegaan, is de vrees gerechtvaardigd dat stukken verdwijnen of de hele zaak in de doofpot wordt gestopt. 
De belastingdienst heeft in elk geval geen behoefte te wachten op afronding van het Clad onderzoek maar het rechtmatige deel dat de overheid toekomt bij de keukenhouders en anderen te gaan halen,waarvan de mofinawan kunnen profiteren. Juristen moeten zich er over buigen op welke manier de miljoenen die zijn verdampt teruggehaald kunnen worden bij de verantwoordelijke personen.
</post>
<signature>

</signature>
<external_links>

</external_links>
<country>SR</country>
<main_image>http://www.dwtonline.com/media/6308146/hoofdredactie_Detailfoto.jpg</main_image>
</document>
