<?xml version="1.0" encoding="UTF-8"?>
<document>
<type>mainstream</type>
<forum></forum>
<forum_title></forum_title>
<discussion_title>Speditionsmarkt - der härteste und wettbewerbsintensivste Markt .... HAHAHA - Preise – Marktverhalten – Kalkulationen - Forum-Speditionen | Das größte Forum der Transportbranche</discussion_title>
<language>german</language>
<gmt_offset></gmt_offset>
<topic_url>http://www.forum-speditionen.de/speditionsmarkt-der-haerteste-und-wettbewerbsintensivste-markt-hahaha-18969?s=7604c251a6c834fc6f64679e466df37e255f44fa</topic_url>
<topic_text>

12. August 2016, 06:11 Hallo Havenborn, der &quot;Startup&quot; Chemiehändler aus dem westlichen Ruhrgebiet, richtig? Du bist also immer noch damit beschäftigt, die Preisbildungs- und Marktmechanismen des Frachtmarktes zu analysieren und hast als Testobjekt nun eine palletierte Privatkundensendung Möbel und Gedöns ausgesucht? Und angefragt bei einem Sammelgut- oder LKW Sped. ? Mit Firmenfarben &quot;gelb-schwarz&quot; In deinem Umkreis fällt mir ein Sammelgut-Sped. bei Düsseldorf ein, der vor zwei Jahren von einem grösseren südwestdeutschen Sped. aufgekauft wurde und jetzt langsam auf dessen Firmenfarben gelb/schwarz umflaggt. Aber egal wen du angefragt hast, für solche Sendungen gibt es bei einen Spediteur für Kaufmanns- bzw. Industriegüter keinen Wettbewerbsdruck bei der Kalkulation. Der Aufwand für eine Privatkundensendung ist bekannt. Wenn nicht von vorherein abgewunken wird, wird eben ein Abwehrpreis kalkuliert, wenn der Auftrag dann wirklich kommt, müssen schon ein paar blaue Scheine übrigbleiben. Solche Sendungen sind, auch wenn der Privatkunde das anderst sieht, i.d.R. nicht sammelgut-systemfähig, in den Standard-Haftungspolicen sind Umzugsgüter /persönliche Effekten von der Beförderung im Sammelgut- bzw. Teilladungsverkehr ausgeschlossen, die Anliefer- und Abholsituation bei Privaten ist fast immer speziell.. havenborn schrieb: Aufwand 30 Minuten Träume weiter, ich habe vor ein paar Monaten einem sehr guten Bekannten einen Gefallen getan und dessen sperriges E-bay-Schnäppchen privat an privat quer durch Deutschland befördert , leider konnte ich da preislich nicht voll zulangen Reine Beschäftigungstherapie, wenn man nicht von vornherein einen Mondpreis angeboten hat, mit den Erlebnissen rund um diesen Transport könnte ich eine lustig-skurrile Geschichte schreiben. havenborn schrieb: Ich dachte die Duzend Transportbörsen führen solche Transport zu einem sinnvollen Preis Wenn Du bei einer solchen Sendung einen &quot;Wettbewerb&quot; erleben willst, dann verauktioniere sie auf den einschlägigen Portalen wie shiply oder anyvan, da trifft der Privatkunde der &quot;günstig&quot; will auf ein buntes Volk halbprofessioneller &quot;Transporteure&quot;, die sich um solche Aufträge schlagen. Oder wenn es solider sein soll, dann frage gezielt einen Spediteur , der die Nische Privatkunden-Transporte macht. Emons bietet das z.B. in eine separaten Firma &quot;Cargo International&quot; an. Aber da wird sich der Preis für 2 Paletten &quot;Privat&quot; eklatant von dem für 2 Paletten Industriegut auf der selben Strecke unterscheiden. Insofern ist dein reißerischer Threadtitel ungefähr genauso treffsicher wie wenn wenn Du texten würdest SKANDAL!!! Mediziner konnte meine Kniearthrose nicht behandeln! UNFÄHIG!!!! und dann zwei Zeilen weiter unten schilderst, daß Du mit deinem Knieproblem zum Zahnarzt statt zum Orthopäden gegangen bist Aber mal was anderes: Was macht denn deine Suche nach einem Spediteur für deine Chemiehandels - Streckengeschäfte verpackt und Tank? Bist Du da schon weiter gekommen? forum-speditionen.de - hier werden Sie geholfen ! Dieser Beitrag wurde bereits 4 mal editiert, zuletzt von Ahnungslos 3.0 ( 12. August 2016, 07:05 
</topic_text>
<spam_score>0.19</spam_score>
<post_num>1</post_num>
<post_id>post-1</post_id>
<post_url>http://www.forum-speditionen.de/speditionsmarkt-der-haerteste-und-wettbewerbsintensivste-markt-hahaha-18969?s=7604c251a6c834fc6f64679e466df37e255f44fa</post_url>
<post_date>20160811</post_date>
<post_time></post_time>
<username></username>
<post>

12. August 2016, 06:11 Hallo Havenborn, der &quot;Startup&quot; Chemiehändler aus dem westlichen Ruhrgebiet, richtig? Du bist also immer noch damit beschäftigt, die Preisbildungs- und Marktmechanismen des Frachtmarktes zu analysieren und hast als Testobjekt nun eine palletierte Privatkundensendung Möbel und Gedöns ausgesucht? Und angefragt bei einem Sammelgut- oder LKW Sped. ? Mit Firmenfarben &quot;gelb-schwarz&quot; In deinem Umkreis fällt mir ein Sammelgut-Sped. bei Düsseldorf ein, der vor zwei Jahren von einem grösseren südwestdeutschen Sped. aufgekauft wurde und jetzt langsam auf dessen Firmenfarben gelb/schwarz umflaggt. Aber egal wen du angefragt hast, für solche Sendungen gibt es bei einen Spediteur für Kaufmanns- bzw. Industriegüter keinen Wettbewerbsdruck bei der Kalkulation. Der Aufwand für eine Privatkundensendung ist bekannt. Wenn nicht von vorherein abgewunken wird, wird eben ein Abwehrpreis kalkuliert, wenn der Auftrag dann wirklich kommt, müssen schon ein paar blaue Scheine übrigbleiben. Solche Sendungen sind, auch wenn der Privatkunde das anderst sieht, i.d.R. nicht sammelgut-systemfähig, in den Standard-Haftungspolicen sind Umzugsgüter /persönliche Effekten von der Beförderung im Sammelgut- bzw. Teilladungsverkehr ausgeschlossen, die Anliefer- und Abholsituation bei Privaten ist fast immer speziell.. havenborn schrieb: Aufwand 30 Minuten Träume weiter, ich habe vor ein paar Monaten einem sehr guten Bekannten einen Gefallen getan und dessen sperriges E-bay-Schnäppchen privat an privat quer durch Deutschland befördert , leider konnte ich da preislich nicht voll zulangen Reine Beschäftigungstherapie, wenn man nicht von vornherein einen Mondpreis angeboten hat, mit den Erlebnissen rund um diesen Transport könnte ich eine lustig-skurrile Geschichte schreiben. havenborn schrieb: Ich dachte die Duzend Transportbörsen führen solche Transport zu einem sinnvollen Preis Wenn Du bei einer solchen Sendung einen &quot;Wettbewerb&quot; erleben willst, dann verauktioniere sie auf den einschlägigen Portalen wie shiply oder anyvan, da trifft der Privatkunde der &quot;günstig&quot; will auf ein buntes Volk halbprofessioneller &quot;Transporteure&quot;, die sich um solche Aufträge schlagen. Oder wenn es solider sein soll, dann frage gezielt einen Spediteur , der die Nische Privatkunden-Transporte macht. Emons bietet das z.B. in eine separaten Firma &quot;Cargo International&quot; an. Aber da wird sich der Preis für 2 Paletten &quot;Privat&quot; eklatant von dem für 2 Paletten Industriegut auf der selben Strecke unterscheiden. Insofern ist dein reißerischer Threadtitel ungefähr genauso treffsicher wie wenn wenn Du texten würdest SKANDAL!!! Mediziner konnte meine Kniearthrose nicht behandeln! UNFÄHIG!!!! und dann zwei Zeilen weiter unten schilderst, daß Du mit deinem Knieproblem zum Zahnarzt statt zum Orthopäden gegangen bist Aber mal was anderes: Was macht denn deine Suche nach einem Spediteur für deine Chemiehandels - Streckengeschäfte verpackt und Tank? Bist Du da schon weiter gekommen? forum-speditionen.de - hier werden Sie geholfen ! Dieser Beitrag wurde bereits 4 mal editiert, zuletzt von Ahnungslos 3.0 ( 12. August 2016, 07:05 
</post>
<signature>

</signature>
<external_links>

</external_links>
<country>DE</country>
<main_image></main_image>
</document>
