<?xml version="1.0" encoding="UTF-8"?>
<document>
<type>mainstream</type>
<forum>http://www.welt.de/motor/?service=Rss</forum>
<forum_title>DIE WELT - Motor</forum_title>
<discussion_title>Test: So gut ist das E-Bike Flyer FloGo 7.60 SE</discussion_title>
<language>german</language>
<gmt_offset></gmt_offset>
<topic_url>http://www.welt.de/motor/article157867460/Mit-diesem-E-Bike-fuehlt-man-sich-wie-ein-Elfjaehriger.html</topic_url>
<topic_text>
Ein E-Bike? Braucht doch kein Mensch, schon gar nicht in einer Stadt wie Berlin, wo die Stadtteile zwar Lichtenberg, Kreuzberg und Schöneberg heißen, es in Wirklichkeit aber gar keine nennenswerten Steigungen gibt. 
Ein ganz normales Fahrrad tut es da doch völlig. Das habe ich gedacht, als wir das Angebot bekamen, ein E-Bike zu testen, das sich besonders gut für den Gebrauch in der Stadt eignen sollte. Als das Ding dann tatsächlich angeliefert wurde, nahm meine Skepsis erst mal zu. 
Ich hatte mir das Gefährt irgendwie größer vorgestellt, seine Proportionen erinnerten mich an die beiden klapprigen Klappräder, die meine Eltern schon Anfang der 80er-Jahre ausgemustert und durch Hollandräder ersetzt hatten. Und dann heißt es auch noch Flogo.
Vorsicht bei den Scheibenbremsen 
Doch schon nach ein paar Minuten im Sattel hat der Fahrtwind alle Vorbehalte weggeweht. Ich komme mir vor wie ein Elfjähriger, der auf seinem BMX-Rad durch die Vorstädte schießt, als könnte ihn nichts aufhalten – schon gar nicht die Erwachsenen mit ihren unsinnigen Vorschriften. 
Foto: Jakob Hoff Bei 25 km/h steigt die elektrische Unterstützung aus
</topic_text>
<spam_score>0.00</spam_score>
<post_num>2</post_num>
<post_id>post-2</post_id>
<post_url>http://www.welt.de/motor/article157867460/Mit-diesem-E-Bike-fuehlt-man-sich-wie-ein-Elfjaehriger.html</post_url>
<post_date>20160830</post_date>
<post_time>1227</post_time>
<username>gast15987</username>
<post>
Im Urlaub war ich mit dem E-Rad meiner Mutter unterwegs. Ich (37j, männlich) habe   geerntet, was mir allerdings herzlich egal war, da ich mich viel freier gefühlt habe und viel mehr gesehen habe. Mal eben einen kleinen Umweg? Klar, kein Problem. So war ich bei geringster Unterstützung rund 50km unterwegs, habe Berge erklommen und bin auch ordentlich ins Schwitzen geraten. Ohne Unterstützung hätte ich wahrscheinlich nicht mal die Hälfte gemacht, da meine Eltern auch noch auf einem Berg wohnen, den man am Ende der Tour erklimmen muss.
So hatte ich viel Spaß und habe mich ordentlich bewegt. Kann E-Räder wirklich jedem Bewegungsmuffel empfehlen.
</post>
<signature>

</signature>
<external_links>

</external_links>
<country>DE</country>
<main_image>http://img.welt.de/img/motor/crop157867455/9366939396-ci3x2l-w900/das-neue-Flogo-FLYER-E-Bikes-Lustg-23-.jpg</main_image>
</document>
