<?xml version="1.0" encoding="UTF-8"?>
<document>
<type>mainstream</type>
<forum>http://www.fb.org/newsroom/currentnewsRSS.php</forum>
<forum_title>American Farm Bureau News</forum_title>
<discussion_title>American Farm Bureau Newsline - August 30, 2016</discussion_title>
<language>english</language>
<gmt_offset></gmt_offset>
<topic_url>http://www.fb.org/newsroom/newsclip/083016/</topic_url>
<topic_text>
Time to Push for TPP A top U.S. trade official says now is the time for farmers to press their lawmakers to pass the Trans-Pacific Partnership trade agreement. Micheal Clements has more. Clements: The Trans-Pacific Partnership, supported by the American Farm Bureau Federation, promises billions of dollars of new agriculture exports and farm income if approved by Congress and other countries. Chief Agricultural Negotiator for the U.S. Trade Representative, Darci Vetter, says the trade deal could be considered by Congress soon. Vetter says President Obama believes the best chance for passing TPP through Congress is during the lame-duck session following the November elections. Vetter: Both candidates have been raising TPP as an issue, there were individuals who were concerned about primaries, that kind of thing and so he felt it would be easier to consider TPP post-election. Clements: She says trade is vital to agriculture, but not everyone understands the importance of trade. Vetter: Farmers get that. You listen to the price reports in the morning; they’re talking about a drought or a flood in Brazil because it ripples through the commodity prices that farmers pay. But it’s not clear that the average American, when they get up in the morning and eat their breakfast is thinking about what part of my meal or what part of my day is better because of trade. Clements: Vetter says farmers are unique experts when it comes to trade and now is the time for them to make their case in support of the TPP. Vetter: And not just one that TPP is critical for us to have, but that without TPP we continue to fall behind. So this is not even about a new opportunity, it’s that TPP is essential to maintaining our position in the global marketplace. Clements:
</topic_text>
<spam_score>0.00</spam_score>
<post_num>1</post_num>
<post_id>post-1</post_id>
<post_url>http://www.fb.org/newsroom/newsclip/083016/</post_url>
<post_date>20160830</post_date>
<post_time>1700</post_time>
<username></username>
<post>
Time to Push for TPP A top U.S. trade official says now is the time for farmers to press their lawmakers to pass the Trans-Pacific Partnership trade agreement. Micheal Clements has more. Clements: The Trans-Pacific Partnership, supported by the American Farm Bureau Federation, promises billions of dollars of new agriculture exports and farm income if approved by Congress and other countries. Chief Agricultural Negotiator for the U.S. Trade Representative, Darci Vetter, says the trade deal could be considered by Congress soon. Vetter says President Obama believes the best chance for passing TPP through Congress is during the lame-duck session following the November elections. Vetter: Both candidates have been raising TPP as an issue, there were individuals who were concerned about primaries, that kind of thing and so he felt it would be easier to consider TPP post-election. Clements: She says trade is vital to agriculture, but not everyone understands the importance of trade. Vetter: Farmers get that. You listen to the price reports in the morning; they’re talking about a drought or a flood in Brazil because it ripples through the commodity prices that farmers pay. But it’s not clear that the average American, when they get up in the morning and eat their breakfast is thinking about what part of my meal or what part of my day is better because of trade. Clements: Vetter says farmers are unique experts when it comes to trade and now is the time for them to make their case in support of the TPP. Vetter: And not just one that TPP is critical for us to have, but that without TPP we continue to fall behind. So this is not even about a new opportunity, it’s that TPP is essential to maintaining our position in the global marketplace. Clements:
</post>
<signature>

</signature>
<external_links>

</external_links>
<country>US</country>
<main_image>/assets/images/site/VOA.png</main_image>
</document>
