<?xml version="1.0" encoding="UTF-8"?>
<document>
<type>mainstream</type>
<forum>http://retailnet.pl/feed/</forum>
<forum_title>Retailnet.pl</forum_title>
<discussion_title>Smyk Outlet w Outlet Center Białystok</discussion_title>
<language>polish</language>
<gmt_offset></gmt_offset>
<topic_url>http://retailnet.pl/2016/08/30/109423-smyk-outlet-w-outlet-center-bialystok/</topic_url>
<topic_text>
Ewelina Nawrot 30/08/2016 Najemcy 
Największa w Polsce sieć sklepów specjalistycznych dla dzieci otworzyła kolejny salon w formacie wyprzedażowym. 
W centrum handlowym Outlet Center w Białymstoku został otwarty nowy sklep Smyk. Na klientów czeka szeroka oferta zabawek, artykułów szkolnych i ubrań w obniżonych cenach. 
Sieć Smyk otworzyła już czwarty firmowy sklep w Białymstoku, jednak po raz pierwszy mieszkańcy tego miasta będą mieli możliwość zakupów w salonie w formacie wyprzedażowym. Lokal zajmuje powierzchnię 535 mkw. i mieści się w atrakcyjnej lokalizacji niedaleko centrum miasta. 
– Salon Outlet w Białymstoku to odpowiedź na rosnące potrzeby naszych klientów – mówi Marek Łebek, przedstawiciel sieci sklepów Smyk. – Jesteśmy przekonani, że formuła wyprzedażowa będzie cieszyła się ogromną popularnością i umożliwi zakup produktów nie tylko atrakcyjnych cenowo, ale i o świetnej jakości. Bardzo cieszymy się z powodu inauguracji nowego sklepu i chcemy tą radością podzielić się z naszymi klientami. Dlatego w pierwszy weekend po otwarciu rodzice będą mogli kupować jeszcze taniej, gdyż cały asortyment zostanie objęty dodatkową, 20 proc. zniżką, a najmłodsi będą mieli możliwość mile spędzić czas w specjalnym kąciku zabaw. 
Zobacz również: Przybywa najemców Galerii Grodovej 
Nowy salon Smyk w Białymstoku należy do sieci sklepów oferujących najszerszy w Polsce wybór zabawek, akcesoriów oraz ubranek dla dzieci w wieku 0-14 lat. Klienci będą mogli znaleźć tu produkty znanych i cenionych marek, w tym marek własnych Smyk – Cool Club i Smiki. 
Cool Club to wysokiej jakości ubranka oraz obuwie dla dzieci w wieku 0-14 lat projektowane przez zespół projektantów Smyka. 
Smiki to z kolei znane i lubiane zabawki dla dzieci w każdym wieku, które mają za zadanie wprowadzać maluchy w świat wyobraźni i przygody. Można wśród nich znaleźć między innymi popularne dziś zabawki edukacyjne i kreatywne, a także pluszowe maskotki, które w każdym wieku cieszą się sympatią najmłodszych. 
Obecnie sieć sklepów Smyk obejmuje ponad 120 punktów sprzedaży zlokalizowanych w najatrakcyjniejszych centrach handlowych w Polsce oraz sklep internetowy smyk.com. Sklepy Smyk działają również w Rosji, na Ukrainie i w Rumunii.  
</topic_text>
<spam_score>0.00</spam_score>
<post_num>1</post_num>
<post_id>post-1</post_id>
<post_url>http://retailnet.pl/2016/08/30/109423-smyk-outlet-w-outlet-center-bialystok/</post_url>
<post_date>20160830</post_date>
<post_time>1417</post_time>
<username>Ewelina Nawrot</username>
<post>
Ewelina Nawrot 30/08/2016 Najemcy 
Największa w Polsce sieć sklepów specjalistycznych dla dzieci otworzyła kolejny salon w formacie wyprzedażowym. 
W centrum handlowym Outlet Center w Białymstoku został otwarty nowy sklep Smyk. Na klientów czeka szeroka oferta zabawek, artykułów szkolnych i ubrań w obniżonych cenach. 
Sieć Smyk otworzyła już czwarty firmowy sklep w Białymstoku, jednak po raz pierwszy mieszkańcy tego miasta będą mieli możliwość zakupów w salonie w formacie wyprzedażowym. Lokal zajmuje powierzchnię 535 mkw. i mieści się w atrakcyjnej lokalizacji niedaleko centrum miasta. 
– Salon Outlet w Białymstoku to odpowiedź na rosnące potrzeby naszych klientów – mówi Marek Łebek, przedstawiciel sieci sklepów Smyk. – Jesteśmy przekonani, że formuła wyprzedażowa będzie cieszyła się ogromną popularnością i umożliwi zakup produktów nie tylko atrakcyjnych cenowo, ale i o świetnej jakości. Bardzo cieszymy się z powodu inauguracji nowego sklepu i chcemy tą radością podzielić się z naszymi klientami. Dlatego w pierwszy weekend po otwarciu rodzice będą mogli kupować jeszcze taniej, gdyż cały asortyment zostanie objęty dodatkową, 20 proc. zniżką, a najmłodsi będą mieli możliwość mile spędzić czas w specjalnym kąciku zabaw. 
Zobacz również: Przybywa najemców Galerii Grodovej 
Nowy salon Smyk w Białymstoku należy do sieci sklepów oferujących najszerszy w Polsce wybór zabawek, akcesoriów oraz ubranek dla dzieci w wieku 0-14 lat. Klienci będą mogli znaleźć tu produkty znanych i cenionych marek, w tym marek własnych Smyk – Cool Club i Smiki. 
Cool Club to wysokiej jakości ubranka oraz obuwie dla dzieci w wieku 0-14 lat projektowane przez zespół projektantów Smyka. 
Smiki to z kolei znane i lubiane zabawki dla dzieci w każdym wieku, które mają za zadanie wprowadzać maluchy w świat wyobraźni i przygody. Można wśród nich znaleźć między innymi popularne dziś zabawki edukacyjne i kreatywne, a także pluszowe maskotki, które w każdym wieku cieszą się sympatią najmłodszych. 
Obecnie sieć sklepów Smyk obejmuje ponad 120 punktów sprzedaży zlokalizowanych w najatrakcyjniejszych centrach handlowych w Polsce oraz sklep internetowy smyk.com. Sklepy Smyk działają również w Rosji, na Ukrainie i w Rumunii.  
</post>
<signature>

</signature>
<external_links>

</external_links>
<country>PL</country>
<main_image>http://cdn1.retailnet.pl/wp-content/uploads/2015/04/salon-smyk.jpg</main_image>
</document>
