<?xml version="1.0" encoding="UTF-8"?>
<document>
<type>mainstream</type>
<forum>http://elpais.com/tag/rss/comunicacion/a</forum>
<forum_title>Noticias sobre Comunicación</forum_title>
<discussion_title>Los perros comprenden lo que decimos y cómo lo decimos | Ciencia</discussion_title>
<language>spanish</language>
<gmt_offset></gmt_offset>
<topic_url>http://elpais.com/elpais/2016/08/30/ciencia/1472548512_509383.html</topic_url>
<topic_text>
Los perros tienen la capacidad de distinguir las palabras que empleamos cuando nos dirigimos a ellos y la entonación que usamos, según indica un nuevo estudio publicado en la revista Science . Además, los perros utilizan regiones del cerebro similares a los que usan los humanos, por lo que los investigadores concluyen que la capacidad de aprendizaje del vocabulario no es exclusivamente humana. Para realizar el estudio, los científicos introdujeron a trece perros de diferentes razas en una máquina de resonancia magnética funcional para estudiar sus reacciones al lenguaje. Los resultados revelan que los perros reconocieron cada palabra como algo distinto, independientemente de la entonación, y que lo hicieron utilizando el hemisferio izquierdo del cerebro, al igual que los humanos.
Los perros reconocieron cada palabra como algo distinto y lo hicieron utilizando el hemisferio izquierdo del cerebro, al igual que los humanos
&quot;Este estudio es el primer paso para comprender cómo los perros interpretan el habla humana y puede ayudar a entender la comunicación entre los perros y los humanos y así hacerla más eficiente&quot;, explica Attila Andics, investigador principal del estudio y profesor en la Universidad de Loránd, en Budapest.
Las palabras son el elemento principal del lenguaje y de la comunicación. La entonación es otra forma con la que se transmite información. &quot;Los seres humanos entienden el habla a través del vocabulario y la entonación&quot;, cuenta Andics. El objetivo de los investigadores era comprobar si en los perros también funcionan estos dos mecanismos por separado y cómo lo hacen. Para ello, los perros escucharon unas grabaciones con las voces de sus instructores que combinaban distintas palabras de elogio y neutras con varios tipos de entonación. Mientras, los investigadores estudiaban las reacciones en su cerebro. 
ampliar foto Uno de los perros junto a una de las investigadoras durante el estudio. Enikó Kubinyi 
El equipo comprobó que los perros distinguieron tanto el significado de las palabras como la entonación con que se expresaban y que además lo hacían con el hemisferio izquierdo. Además, los perros procesan la entonación por separado del vocabulario, al igual que hacen los humanos. Por tanto, Andics y su equipo concluyen que los perros no solo diferencian lo que decimos y cómo lo decimos, sino que pueden combinar ambos elementos para interpretar correctamente lo que esas palabras significan. &quot;Una vez más, esto es muy similar a lo que hacen los cerebros humanos&quot;, añade.
Pero los resultados no solo hablan de la comprensión canina del lenguaje humano sino que también se pueden extraer importantes conclusiones acerca de los humanos. Andics asegura que su investigación arroja una nueva luz sobre la aparición de las palabras durante la evolución del lenguaje.
Los científicos aseguran que su investigación arroja una nueva luz sobre la aparición de las palabras durante la evolución del lenguaje
Para explicar la compensión del habla por parte de los perros, los autores señalan que la domesticación canina ha podido influir en la aparición de una estructura cerebral que les permite esta capacidad. Sin embargo, añaden que es muy poco probable que desarrollen las capacidades necesarias relacionadas con el habla. &quot;Los seres humanos siguen siendo únicos en la posibilidad de inventar palabras&quot;, concluye Andics.
Archivado en: Perros Interacciones humano-animal Sociología Mascotas Animales compañía Ciencias sociales Animales Fauna Especies Medio ambiente Comunicación Sociedad Ciencia Más información Desvelado el mecanismo del amor entre los perros y sus dueños Primer caso de comunicación entre humanos y animales salvajes Vídeos Newsletters
</topic_text>
<spam_score>0.00</spam_score>
<post_num>101</post_num>
<post_id>post-101</post_id>
<post_url>http://elpais.com/elpais/2016/08/30/ciencia/1472548512_509383.html</post_url>
<post_date>20160830</post_date>
<post_time>1330</post_time>
<username>xabihondo</username>
<post>
Los dueños de los perros van hablando con ellos como si se tratara de personas. Por ejemplo una mujer el otro día en el parque le dijo al suyo: \&quot;¡No te metas por la hierba, que te pones perdidas las patas con las cacas!\&quot;. Pero es que los perros lo entienden todo. No hace mucho iba yo por la calle y detrás de mí uno con su perrito y le oí que le decía: \&quot;Ahora vamos a tomar un aperitivillo\&quot;. Lo juro. Sólo faltó que el perro le respondiera \&quot;¡Guau, guauau au!\&quot; (que en el lenguaje perruno significa: \&quot;para mí una patata alioli\&quot;).
</post>
<signature>

</signature>
<external_links>

</external_links>
<country>ES</country>
<main_image>http://ep00.epimg.net/elpais/imagenes/2016/08/30/ciencia/1472548512_509383_1472554036_noticia_fotograma.jpg</main_image>
</document>
