<?xml version="1.0" encoding="UTF-8"?>
<document>
<type>mainstream</type>
<forum>http://www.romandie.com/rss/flux.xml</forum>
<forum_title>Romandie</forum_title>
<discussion_title>USA: hausse inattendue du moral des ménages en août (Conference Board)</discussion_title>
<language>french</language>
<gmt_offset></gmt_offset>
<topic_url>http://www.romandie.com/news/USA-hausse-inattendue-du-moral-des-menages-en-aout-Conference-Board/732440.rom</topic_url>
<topic_text>
Tweet USA: hausse inattendue du moral des ménages en août (Conference Board) Washington (awp/afp) - Le moral des ménages aux Etats-Unis s&apos;est amélioré de façon inattendue, selon l&apos;indice publié mardi par le Conference Board. L&apos;indice a gagné 4,4 points pour grimper à 101,1 en août contre 96,7 le mois d&apos;avant (chiffre révisé en baisse). Les analystes s&apos;attendaient seulement à un indice à 97 points.&quot;La confiance des consommateurs s&apos;est améliorée en août pour atteindre son plus haut niveau en presque un an&quot;, a relevé Lynn Franco, responsable des indicateurs de l&apos;institut Conference Board. &quot;Leur évaluation des conditions d&apos;affaires actuelles comme des conditions sur le marché du travail ont été considérablement plus favorables que le mois dernier&quot;, a-t-elle indiqué.&quot;Les attentes à court terme concernant les conditions d&apos;emplois et d&apos;affaires, de même que les aspirations en termes de revenus, sont aussi en progrès ce qui suggère la possibilité d&apos;une accélération modérée de la croissance dans les mois qui viennent&quot;, a ajouté la responsable. L&apos;indice concurrent de l&apos;Université du Michigan, publié le 26 août, montrait au contraire une légère dégradation de la confiance des consommateurs. afp/rq
</topic_text>
<spam_score>0.00</spam_score>
<post_num>1</post_num>
<post_id>post-1</post_id>
<post_url>http://www.romandie.com/news/USA-hausse-inattendue-du-moral-des-menages-en-aout-Conference-Board/732440.rom</post_url>
<post_date>20160830</post_date>
<post_time>1431</post_time>
<username></username>
<post>
Tweet USA: hausse inattendue du moral des ménages en août (Conference Board) Washington (awp/afp) - Le moral des ménages aux Etats-Unis s&apos;est amélioré de façon inattendue, selon l&apos;indice publié mardi par le Conference Board. L&apos;indice a gagné 4,4 points pour grimper à 101,1 en août contre 96,7 le mois d&apos;avant (chiffre révisé en baisse). Les analystes s&apos;attendaient seulement à un indice à 97 points.&quot;La confiance des consommateurs s&apos;est améliorée en août pour atteindre son plus haut niveau en presque un an&quot;, a relevé Lynn Franco, responsable des indicateurs de l&apos;institut Conference Board. &quot;Leur évaluation des conditions d&apos;affaires actuelles comme des conditions sur le marché du travail ont été considérablement plus favorables que le mois dernier&quot;, a-t-elle indiqué.&quot;Les attentes à court terme concernant les conditions d&apos;emplois et d&apos;affaires, de même que les aspirations en termes de revenus, sont aussi en progrès ce qui suggère la possibilité d&apos;une accélération modérée de la croissance dans les mois qui viennent&quot;, a ajouté la responsable. L&apos;indice concurrent de l&apos;Université du Michigan, publié le 26 août, montrait au contraire une légère dégradation de la confiance des consommateurs. afp/rq
</post>
<signature>

</signature>
<external_links>

</external_links>
<country>CH</country>
<main_image></main_image>
</document>
