<?xml version="1.0" encoding="UTF-8"?>
<document>
<type>mainstream</type>
<forum></forum>
<forum_title></forum_title>
<discussion_title>Incêndio compromete estrutura da Ursa em Palmas</discussion_title>
<language>portuguese</language>
<gmt_offset></gmt_offset>
<topic_url>http://www.jornaldotocantins.com.br/editorias/vida-urbana/inc%C3%AAndio-compromete-estrutura-da-ursa-em-palmas-1.1140410</topic_url>
<topic_text>
Incêndio compromete estrutura da Ursa em Palmas Fogo teria começado por volta das 9 horas, mas já foi controlado 30/08/2016 10:25 Fogo comprometeu estrutura Talita Melz 
A estrutura da Unidade de Regime Semiaberto (Ursa), em Palmas, ficou comprometida após um incêndio na manhã de hoje. O fogo teria começado por volta das 9 horas e foi controlado após cerca de uma hora de trabalho do Corpo de Bombeiros. 
Conforme a corporação, cerca de 40 pessoas estavam no local no momento do acidente, mas ninguém ficou ferido. A aérea foi isolada. Os bombeiros ainda não sabem quais as possíveis causas do incêndio. 
A informação que houve uma rebelião não foi confirmada. 
A Polícia Militar informou que acompanhou a contenção do fogo e que realiza o policiamento da área. Já a Secretaria de Cidadania e Justiça (Seciju) disse que ainda hoje se manifestará sobre o assunto e que está apurando as informações. 

</topic_text>
<spam_score>0.20</spam_score>
<post_num>1</post_num>
<post_id>post-1</post_id>
<post_url>http://www.jornaldotocantins.com.br/editorias/vida-urbana/inc%C3%AAndio-compromete-estrutura-da-ursa-em-palmas-1.1140410</post_url>
<post_date>20160830</post_date>
<post_time></post_time>
<username>Talita Melz</username>
<post>
Incêndio compromete estrutura da Ursa em Palmas Fogo teria começado por volta das 9 horas, mas já foi controlado 30/08/2016 10:25 Fogo comprometeu estrutura Talita Melz 
A estrutura da Unidade de Regime Semiaberto (Ursa), em Palmas, ficou comprometida após um incêndio na manhã de hoje. O fogo teria começado por volta das 9 horas e foi controlado após cerca de uma hora de trabalho do Corpo de Bombeiros. 
Conforme a corporação, cerca de 40 pessoas estavam no local no momento do acidente, mas ninguém ficou ferido. A aérea foi isolada. Os bombeiros ainda não sabem quais as possíveis causas do incêndio. 
A informação que houve uma rebelião não foi confirmada. 
A Polícia Militar informou que acompanhou a contenção do fogo e que realiza o policiamento da área. Já a Secretaria de Cidadania e Justiça (Seciju) disse que ainda hoje se manifestará sobre o assunto e que está apurando as informações. 

</post>
<signature>

</signature>
<external_links>

</external_links>
<country>BR</country>
<main_image>http://www.jornaldotocantins.com.br/polopoly_fs/1.1140451.1472568792!/image/image.jpg_gen/derivatives/landscape_800/image.jpg</main_image>
</document>
