<?xml version="1.0" encoding="UTF-8"?>
<document>
<type>mainstream</type>
<forum>http://feeds.mercurynews.com/mngi/rss/CustomRssServlet/568/200224.xml</forum>
<forum_title></forum_title>
<discussion_title>Cartoons: More Hillary Clinton emails</discussion_title>
<language>english</language>
<gmt_offset></gmt_offset>
<topic_url>http://www.mercurynews.com/president/ci_30301675/cartoons-more-hillary-clinton-emails?source=rss</topic_url>
<topic_text>
As more emails are being released, Democratic presidential candidate Hillary Clinton is having a more difficult time fending off controversy and funny cartoon slideshows. So here&apos;s to the latter, check it out. Advertisement
</topic_text>
<spam_score>0.00</spam_score>
<post_num>1</post_num>
<post_id>post-1</post_id>
<post_url>http://www.mercurynews.com/president/ci_30301675/cartoons-more-hillary-clinton-emails?source=rss</post_url>
<post_date>20160829</post_date>
<post_time>1001</post_time>
<username>From the Mercury News</username>
<post>
As more emails are being released, Democratic presidential candidate Hillary Clinton is having a more difficult time fending off controversy and funny cartoon slideshows. So here&apos;s to the latter, check it out. Advertisement
</post>
<signature>

</signature>
<external_links>

</external_links>
<country>US</country>
<main_image>http://extras.mnginteractive.com/live/media/site568/2016/0829/20160829_110330_hillarytoon10.jpg</main_image>
</document>
