<?xml version="1.0" encoding="UTF-8"?>
<document>
<type>mainstream</type>
<forum>http://feeds.foxnews.com/foxnews/world?format=xml</forum>
<forum_title>FOX News</forum_title>
<discussion_title>EU authorizes new maritime operations in Mediterranean</discussion_title>
<language>english</language>
<gmt_offset></gmt_offset>
<topic_url>http://www.foxnews.com/world/2016/08/30/eu-authorizes-new-maritime-operations-in-mediterranean.html</topic_url>
<topic_text>
  Associated Press   Email Print BRUSSELS –   An EU naval mission in the Mediterranean has been authorized to start enforcing a UN arms embargo designed to choke off weapon supplies to extremists in Libya.
The EU said ambassadors from the bloc&apos;s 28 member countries also voted Tuesday for the EU&apos;s maritime force, known as Operation Sophia, to begin training the Libyan coast guard and navy.
Operation Sophia was launched to disrupt human smuggling operations in the Central Mediterranean. EU leaders decided to add new duties to its mission in June.
The EU&apos;s maritime unit is now authorized to stop and search vessels in international waters off Libya that are suspected of carrying arms to the Islamic State and other extremist groups active in the North African nation. The EU flotilla may also seize contraband weapons cargoes.
</topic_text>
<spam_score>0.00</spam_score>
<post_num>1</post_num>
<post_id>post-1</post_id>
<post_url>http://www.foxnews.com/world/2016/08/30/eu-authorizes-new-maritime-operations-in-mediterranean.html</post_url>
<post_date>20160830</post_date>
<post_time></post_time>
<username>Associated Press</username>
<post>
  Associated Press   Email Print BRUSSELS –   An EU naval mission in the Mediterranean has been authorized to start enforcing a UN arms embargo designed to choke off weapon supplies to extremists in Libya.
The EU said ambassadors from the bloc&apos;s 28 member countries also voted Tuesday for the EU&apos;s maritime force, known as Operation Sophia, to begin training the Libyan coast guard and navy.
Operation Sophia was launched to disrupt human smuggling operations in the Central Mediterranean. EU leaders decided to add new duties to its mission in June.
The EU&apos;s maritime unit is now authorized to stop and search vessels in international waters off Libya that are suspected of carrying arms to the Islamic State and other extremist groups active in the North African nation. The EU flotilla may also seize contraband weapons cargoes.
</post>
<signature>

</signature>
<external_links>

</external_links>
<country>US</country>
<main_image>http://www.foxnews.com/content/dam/fox-news/logo/og-fn-foxnews.jpg</main_image>
</document>
