<?xml version="1.0" encoding="UTF-8"?>
<document>
<type>mainstream</type>
<forum>http://www.r10.net/external.php?type=RSS2&amp;forumids=178</forum>
<forum_title>Google Fan Webmaster Forum - Hosting Arıyorum</forum_title>
<discussion_title>sunucu kiralanıcaktır,</discussion_title>
<language>turkish</language>
<gmt_offset></gmt_offset>
<topic_url>http://www.r10.net/hosting-ariyorum/1636146-sunucu-kiralanicaktir.html</topic_url>
<topic_text>
permalink arkadaşlar merhaba, uzun süredir firmamiz için bir sanal sunucu kir
</topic_text>
<spam_score>0.00</spam_score>
<post_num>1</post_num>
<post_id>post-1</post_id>
<post_url>http://www.r10.net/hosting-ariyorum/1636146-sunucu-kiralanicaktir.html</post_url>
<post_date>20160828</post_date>
<post_time>1540</post_time>
<username>AkarTaahhut</username>
<post>
permalink arkadaşlar merhaba, uzun süredir firmamiz için bir sanal sunucu kir
</post>
<signature>

</signature>
<external_links>

</external_links>
<country>US</country>
<main_image>//www.r10.net/ogmeta.jpg</main_image>
</document>
