<?xml version="1.0" encoding="UTF-8"?>
<document>
<type>mainstream</type>
<forum>http://rssfeeds.wfmynews2.com/_/20/109880666/wfmynews2-local</forum>
<forum_title>WFMY -Local</forum_title>
<discussion_title>Large Drug Bust At Davidson Co. Mansion</discussion_title>
<language>english</language>
<gmt_offset></gmt_offset>
<topic_url>http://rssfeeds.wfmynews2.com/_/20/109880666/http&amp;#x3a;&amp;#x2f;&amp;#x2f;www&amp;#x2e;wfmynews2&amp;#x2e;com&amp;#x2f;news&amp;#x2f;crime&amp;#x2f;sheriff-grice-large-drug-bust-at-mansion-in-davidson-county&amp;#x2f;310739283</topic_url>
<topic_text>
17 Bags Full Of Marijuana Found At Mansion In Davidson Co. 17 Bags Full of Marijuana Found at Mansion Hope Ford and  40   Hong Nguyen of Lexington, left, and Hai Nguyen of Duluth, Ga. were arrested Monday night. (Davidson Co. Sherriff&apos;s Office photo) 
DAVIDSON COUNTY, N.C. – The Davidson County Sheriff’s Office is investigating a large drug bust at a mansion in Lexington. 
The house is located off Sapona Ridge Country Club on Indian Wells Circle. 
On Monday, investigators discovered 17 trash bags full of marijuana worth an estimated $828,000. 510 pounds found inside the house, rented by Hong Nguyen and Hai Nguyen. Hong Nguyen was charged with Trafficking Marijuana by Possession, Trafficking Marijuana by Manufacturing and Felony Maintaining a Dwelling for Controlled Substances. Hai Nguyen was charged with Trafficking Marijuana by Possession, Trafficking Marijuana by Manufacturing. The two are scheduled in court on Oct. 27. 
Inside the mansion, no furniture except a couple of couches in the living room. Grice said the house was gutted and as estimated $100,000 worth of modifications were made to support the marijuana growing operation. Seven grow rooms and a machine to help separate the leaves from the bud were found, along with chemicals and dozens of planters. 
Investigators said the renters not only were allegedly growing marijuana but Grice said they were also stealing electricity. 
Davidson County Sheriff&apos;s Office investigates drug growing operartion in Lexington 
&quot;The power was an exorbitant amount of power and 40 power inverters were set up to run grow, with lights and heat pumps and so forth,&quot; said Grice. 
A surge in power blew a transmitter in the neighborhood two days prior to investigators receiving a tip about the operation. 
The homeowner looked surprised and upset about what was found in his house and thanked the sheriff for letting him know. 
It&apos;s unclear if Hong and Haih were related and how long they have been renting the house. Loading... The Davidson County Sheriff’s Office is investigating a drug bust at a mansion in Lexington. WFMY The Davidson County Sheriff’s Office is investigating a drug bust at a mansion in Lexington. WFMY The Davidson County Sheriff’s Office is investigating a drug bust at a mansion in Lexington. WFMY The Davidson County Sheriff’s Office is investigating a drug bust at a mansion in Lexington. WFMY The Davidson County Sheriff’s Office is investigating a drug bust at a mansion in Lexington. WFMY The Davidson County Sheriff’s Office is investigating a drug bust at a mansion in Lexington. WFMY The Davidson County Sheriff’s Office is investigating a drug bust at a mansion in Lexington. WFMY The Davidson County Sheriff’s Office is investigating a drug bust at a mansion in Lexington. WFMY The Davidson County Sheriff’s Office is investigating a drug bust at a mansion in Lexington. WFMY The Davidson County Sheriff’s Office is investigating a drug bust at a mansion in Lexington. WFMY
</topic_text>
<spam_score>0.00</spam_score>
<post_num>1</post_num>
<post_id>post-1</post_id>
<post_url>http://rssfeeds.wfmynews2.com/_/20/109880666/http&amp;#x3a;&amp;#x2f;&amp;#x2f;www&amp;#x2e;wfmynews2&amp;#x2e;com&amp;#x2f;news&amp;#x2f;crime&amp;#x2f;sheriff-grice-large-drug-bust-at-mansion-in-davidson-county&amp;#x2f;310739283</post_url>
<post_date>20160830</post_date>
<post_time>1440</post_time>
<username>Hope Ford</username>
<post>
17 Bags Full Of Marijuana Found At Mansion In Davidson Co. 17 Bags Full of Marijuana Found at Mansion Hope Ford and  40   Hong Nguyen of Lexington, left, and Hai Nguyen of Duluth, Ga. were arrested Monday night. (Davidson Co. Sherriff&apos;s Office photo) 
DAVIDSON COUNTY, N.C. – The Davidson County Sheriff’s Office is investigating a large drug bust at a mansion in Lexington. 
The house is located off Sapona Ridge Country Club on Indian Wells Circle. 
On Monday, investigators discovered 17 trash bags full of marijuana worth an estimated $828,000. 510 pounds found inside the house, rented by Hong Nguyen and Hai Nguyen. Hong Nguyen was charged with Trafficking Marijuana by Possession, Trafficking Marijuana by Manufacturing and Felony Maintaining a Dwelling for Controlled Substances. Hai Nguyen was charged with Trafficking Marijuana by Possession, Trafficking Marijuana by Manufacturing. The two are scheduled in court on Oct. 27. 
Inside the mansion, no furniture except a couple of couches in the living room. Grice said the house was gutted and as estimated $100,000 worth of modifications were made to support the marijuana growing operation. Seven grow rooms and a machine to help separate the leaves from the bud were found, along with chemicals and dozens of planters. 
Investigators said the renters not only were allegedly growing marijuana but Grice said they were also stealing electricity. 
Davidson County Sheriff&apos;s Office investigates drug growing operartion in Lexington 
&quot;The power was an exorbitant amount of power and 40 power inverters were set up to run grow, with lights and heat pumps and so forth,&quot; said Grice. 
A surge in power blew a transmitter in the neighborhood two days prior to investigators receiving a tip about the operation. 
The homeowner looked surprised and upset about what was found in his house and thanked the sheriff for letting him know. 
It&apos;s unclear if Hong and Haih were related and how long they have been renting the house. Loading... The Davidson County Sheriff’s Office is investigating a drug bust at a mansion in Lexington. WFMY The Davidson County Sheriff’s Office is investigating a drug bust at a mansion in Lexington. WFMY The Davidson County Sheriff’s Office is investigating a drug bust at a mansion in Lexington. WFMY The Davidson County Sheriff’s Office is investigating a drug bust at a mansion in Lexington. WFMY The Davidson County Sheriff’s Office is investigating a drug bust at a mansion in Lexington. WFMY The Davidson County Sheriff’s Office is investigating a drug bust at a mansion in Lexington. WFMY The Davidson County Sheriff’s Office is investigating a drug bust at a mansion in Lexington. WFMY The Davidson County Sheriff’s Office is investigating a drug bust at a mansion in Lexington. WFMY The Davidson County Sheriff’s Office is investigating a drug bust at a mansion in Lexington. WFMY The Davidson County Sheriff’s Office is investigating a drug bust at a mansion in Lexington. WFMY
</post>
<signature>

</signature>
<external_links>

</external_links>
<country>US</country>
<main_image>http://content.wfmynews2.com/photo/2016/08/30/drugbust_1472567640152_5881383_ver1.0_640_360.jpg</main_image>
</document>
