<?xml version="1.0" encoding="UTF-8"?>
<document>
<type>mainstream</type>
<forum>http://www.allgemeine-zeitung.de/ratgeber/ausbildung-und-beruf/index.rss</forum>
<forum_title>Allgemeine Zeitung - Nachrichten und Tipps zu Beruf, Bildung, Schule und Studium</forum_title>
<discussion_title>Gehen oder bleiben: Wann es Zeit für die Kündigung ist</discussion_title>
<language>german</language>
<gmt_offset></gmt_offset>
<topic_url>http://www.allgemeine-zeitung.de/ratgeber/ausbildung-und-beruf/beruf/gehen-oder-bleiben-wann-es-zeit-fuer-die-kuendigung-ist_17252948.htm</topic_url>
<topic_text>
Rund um den Beruf 30.08.2016 Gehen oder bleiben: Wann es Zeit für die Kündigung ist 
Manchmal ist ein harter Schnitt notwendig. Der sollte aber gut überlegt sein. Foto: Peter Endig (Bild: dpa) 
Berlin (dpa/tmn) - An manchen Tagen wird alles zu viel, an anderen scheint die Arbeit so mitreißend wie eine Scheibe trockenes Brot. Dann fragen sich viele Berufstätige: Ist es Zeit zu gehen? Kündigen - das ist ein großes Wort und auch eine große Entscheidung. 
Wann ist der richtige Zeitpunkt? «Wer jeden morgen aufwacht und denkt «Oh Gott, ich muss wieder zu dieser schrecklichen Arbeit», muss die Reißleine ziehen», sagt Karriereberaterin Christina Panhoff aus Berlin. 
Wer nicht ganz so extreme Gefühle hat, sich aber trotzdem unsicher ist, sucht am besten das Gespräch mit dem Chef. Berufstätige sollten sagen, dass ihnen die Arbeit Freunde bereitet und sie gern im Unternehmen sind. Trotzdem gebe es aber Probleme. Ob fachlich unter- oder überfordert, zu viel oder zu wenig Arbeit - das sollte man dem Chef mitteilen und dann gemeinsam nach Lösungen suchen. «Lieber agieren statt reagieren», rät Panhoff. 
Ein absolutes No-Go ist es, dem Vorgesetzten mit Kündigung zu drohen. «Das kommt nicht gut an», warnt die Expertin. Und es sei nicht fair, den anderen derart unter Druck zu setzen. Deshalb sollten Mitarbeiter das Thema Kündigung in diesem Gespräch noch gar nicht erwähnen. Auch mit den Kollegen sollten Mitarbeiter nicht über ihre Pläne reden. «So eine Mitwisserschaft ist für sie nur unangenehm.» 
Gleichzeitig sollten sich Berufstätige aber schon nach neuen Stellen umgucken. «Es ist immer besser, sich aus dieser Position einen neuen Job zu suchen, als wenn man bereits ohne dasteht.» Panhoff rät, die Bewerbungsunterlagen aufzufrischen und die entsprechenden Newsletter mit Stellenangeboten zu abonnieren. «Dann fühlt man sich auch schon mal besser.» 
Nach zwei Monaten ziehen Mitarbeiter dann ein Resümee - hat sich nach dem Gespräch tatsächlich etwas getan? Ist das nicht der Fall, ist es Zeit für Veränderung. Auch wenn die Forderungen erfüllt werden, sollten sich Mitarbeiter erneut fragen: Will ich dennoch bleiben? Denn neben den Fakten zählt immer auch das Gefühl.
</topic_text>
<spam_score>0.00</spam_score>
<post_num>1</post_num>
<post_id>post-1</post_id>
<post_url>http://www.allgemeine-zeitung.de/ratgeber/ausbildung-und-beruf/beruf/gehen-oder-bleiben-wann-es-zeit-fuer-die-kuendigung-ist_17252948.htm</post_url>
<post_date>20160830</post_date>
<post_time>0246</post_time>
<username></username>
<post>
Rund um den Beruf 30.08.2016 Gehen oder bleiben: Wann es Zeit für die Kündigung ist 
Manchmal ist ein harter Schnitt notwendig. Der sollte aber gut überlegt sein. Foto: Peter Endig (Bild: dpa) 
Berlin (dpa/tmn) - An manchen Tagen wird alles zu viel, an anderen scheint die Arbeit so mitreißend wie eine Scheibe trockenes Brot. Dann fragen sich viele Berufstätige: Ist es Zeit zu gehen? Kündigen - das ist ein großes Wort und auch eine große Entscheidung. 
Wann ist der richtige Zeitpunkt? «Wer jeden morgen aufwacht und denkt «Oh Gott, ich muss wieder zu dieser schrecklichen Arbeit», muss die Reißleine ziehen», sagt Karriereberaterin Christina Panhoff aus Berlin. 
Wer nicht ganz so extreme Gefühle hat, sich aber trotzdem unsicher ist, sucht am besten das Gespräch mit dem Chef. Berufstätige sollten sagen, dass ihnen die Arbeit Freunde bereitet und sie gern im Unternehmen sind. Trotzdem gebe es aber Probleme. Ob fachlich unter- oder überfordert, zu viel oder zu wenig Arbeit - das sollte man dem Chef mitteilen und dann gemeinsam nach Lösungen suchen. «Lieber agieren statt reagieren», rät Panhoff. 
Ein absolutes No-Go ist es, dem Vorgesetzten mit Kündigung zu drohen. «Das kommt nicht gut an», warnt die Expertin. Und es sei nicht fair, den anderen derart unter Druck zu setzen. Deshalb sollten Mitarbeiter das Thema Kündigung in diesem Gespräch noch gar nicht erwähnen. Auch mit den Kollegen sollten Mitarbeiter nicht über ihre Pläne reden. «So eine Mitwisserschaft ist für sie nur unangenehm.» 
Gleichzeitig sollten sich Berufstätige aber schon nach neuen Stellen umgucken. «Es ist immer besser, sich aus dieser Position einen neuen Job zu suchen, als wenn man bereits ohne dasteht.» Panhoff rät, die Bewerbungsunterlagen aufzufrischen und die entsprechenden Newsletter mit Stellenangeboten zu abonnieren. «Dann fühlt man sich auch schon mal besser.» 
Nach zwei Monaten ziehen Mitarbeiter dann ein Resümee - hat sich nach dem Gespräch tatsächlich etwas getan? Ist das nicht der Fall, ist es Zeit für Veränderung. Auch wenn die Forderungen erfüllt werden, sollten sich Mitarbeiter erneut fragen: Will ich dennoch bleiben? Denn neben den Fakten zählt immer auch das Gefühl.
</post>
<signature>

</signature>
<external_links>

</external_links>
<country>DE</country>
<main_image>http://www.allgemeine-zeitung.de/pics/edition/az/logo_facebook.jpg</main_image>
</document>
