<?xml version="1.0" encoding="UTF-8"?>
<document>
<type>mainstream</type>
<forum>https://www.abqjournal.com/category/biz/health-care-biz</forum>
<forum_title>Health &amp;amp; Safety | Albuquerque Journal</forum_title>
<discussion_title>McDonald’s recalls millions of Happy Meals fitness bands</discussion_title>
<language>english</language>
<gmt_offset></gmt_offset>
<topic_url>https://www.abqjournal.com/831160/mcdonalds-recalls-millions-of-happy-meals-fitness-bands.html</topic_url>
<topic_text>
NEW YORK — McDonald’s is recalling millions of fitness bands that had been given away in Happy Meals because they might cause skin irritation or burns to children.
The fast-food chain said last week that it would stop distributing the bands in Happy Meals. Now it’s recalling 29 million of them in the U.S., and 3.6 million in Canada.
The company, based in Oak Brook, Illinois, received more than 70 reports of incidents after children wore the bands, including seven reports of blisters, according to the Consumer Product Safety Commission. The Step-It Fitness plastic wristbands, in blue, green, purple, orange and red, look like watches and are supposed to track physical activity.
Customers should return the wristbands to McDonald’s for a free replacement toy, and either a yogurt tube or bag of apple slices, the CPSC said. The wristbands, which were made in China and distributed exclusively by McDonald’s, were sold between Aug. 9 and Aug. 17.
The promotion had turned heads even before the recall, given the reputation of McDonald’s Corp. as a seller of junk food. The company has been trying to change that reputation over the years, in part by including fruit in its Happy Meals.
The company has also been running TV ads saying its Chicken McNuggets are now made without artificial preservatives.
 
</topic_text>
<spam_score>0.00</spam_score>
<post_num>1</post_num>
<post_id>post-1</post_id>
<post_url>https://www.abqjournal.com/831160/mcdonalds-recalls-millions-of-happy-meals-fitness-bands.html</post_url>
<post_date>20160823</post_date>
<post_time>0732</post_time>
<username>Associated Press</username>
<post>
NEW YORK — McDonald’s is recalling millions of fitness bands that had been given away in Happy Meals because they might cause skin irritation or burns to children.
The fast-food chain said last week that it would stop distributing the bands in Happy Meals. Now it’s recalling 29 million of them in the U.S., and 3.6 million in Canada.
The company, based in Oak Brook, Illinois, received more than 70 reports of incidents after children wore the bands, including seven reports of blisters, according to the Consumer Product Safety Commission. The Step-It Fitness plastic wristbands, in blue, green, purple, orange and red, look like watches and are supposed to track physical activity.
Customers should return the wristbands to McDonald’s for a free replacement toy, and either a yogurt tube or bag of apple slices, the CPSC said. The wristbands, which were made in China and distributed exclusively by McDonald’s, were sold between Aug. 9 and Aug. 17.
The promotion had turned heads even before the recall, given the reputation of McDonald’s Corp. as a seller of junk food. The company has been trying to change that reputation over the years, in part by including fruit in its Happy Meals.
The company has also been running TV ads saying its Chicken McNuggets are now made without artificial preservatives.
 
</post>
<signature>

</signature>
<external_links>

</external_links>
<country>US</country>
<main_image>http://www.abqjournal.com/wp-content/plugins/journal-open-graph/img/albuquerque-journal.jpg</main_image>
</document>
