<?xml version="1.0" encoding="UTF-8"?>
<document>
<type>mainstream</type>
<forum>http://www.trentonian.com/section?template=RSS&amp;profile=4002301&amp;mime=xml</forum>
<forum_title>RSS Feed from The Trentonian: http://www.trentonian.com</forum_title>
<discussion_title>Wife of retired Trenton Police officer charged with murder</discussion_title>
<language>english</language>
<gmt_offset></gmt_offset>
<topic_url>http://www.trentonian.com/article/TT/20160830/NEWS/160839988</topic_url>
<topic_text>
Wife of retired Trenton Police officer charged with murder Henry “Butch” Sochalski (right) with his wife Jan in 2014. FACEBOOK IMAGE By Penny Ray , The Trentonian Posted: # Comments Henry “Butch” Sochalski FACEBOOK IMAGE 
DAYTONA BEACH, FLA &gt;&gt; The wife of a retired Trenton Police Officer has been charged with murder in connection with his death. 
Jan Sochalski, 61, was arrested Monday and charged with second-degree murder in connection with the death of 64-year-old Henry “Butch” Sochalski Jr., who passed away in Florida Memorial Hospital in Daytona Beach on May 19. 
Henry, who served as a patrolman with the Trenton Police Department for 25 years before retiring in 2003, had been a patient at the hospital since the beginning of April, according to arrest documents in the case. He was expected to “make a full recovery,” after having elective back surgery — the second such surgery within a two-month period. 
On the morning of May 19, nurses at the hospital received an alert from Henry’s heart monitor, and then found him lying in his hospital bed unresponsive without a pulse. Arrest documents say he “was pale in color and his nose was bright red.” Advertisement 
A nurse at the hospital, identified as Lindsey Cole, told investigators she entered the room with a crash cart and found Jan Sochalski lying on top of her husband, “hovering” over his head and neck. Cole said Henry’s oxygen piece had been taken off of his trachea, and that his bed was flat. 
“The bed should never be flat when dealing with a ‘trach patient,’” she told police. 
Cole further stated that Jan seemed “very rushed” after her husband’s death, and that she immediately said she needed Henry’s paperwork and requested a copy of the death certificate. 
Cole told police she met the Sochalskis about a week prior to Henry’s death, while caring for him in the Intensive Care Unit. At that time, Cole said, Jan requested specific medications for her husband, such as Dilaudid (a pain narcotic), Versed (a sedative) and Morphine. But, according to Cole, Jan would not allow nurses to give Henry any of his prescribed medications, including antibiotics. 
Cole also told police Jan asked her to request medications from a doctor that would decrease Henry’s respiratory status. According to arrest documents, Cole told police that “such a request was basically asking her to kill the patient” because not being able to breathe is incompatible with life. 
Cole said she never requested those medications from the doctor. 
A nurse identified as Debra Walburg told police that after his back surgery, she saw Jan administering Dilaudid to Henry, and asked her to stop doing so because the pain medication is supposed to be administered by the patient pushing a button. 
Walburg further stated that she checked the medication machine and found that it had been pressed 264 times within an 8-hour period, whereas it should’ve only been pressed six times per hour. Walburg said the machine has a safety mechanism that prevents it from dispensing more medication than the doctor prescribed, even if the button is pressed multiple times. 
Henry suffered respiratory and cardiac arrest two days after his back surgery and had been unresponsive since that date. 
Henry was switched to a level of care known as “comfort care” on May 11, according to court documents. He was moved to the Medical Progressive Unit on May 13. 
On May 16, Jan signed a Full Active Treatment (FAT) order, and on May 18 she signed a Do Not Resuscitate (DNR). 
Later that day after signing the DNR, documents state, there was an incident in which Jan “would not allow the nursing staff into Henry’s room.” 
Jan Sochalski is a retired nurse with more than 40 years of professional experience, according to court documents. 
Henry was a lifelong New Jersey resident before moving to Palm Coast, FL thirteen years ago, according to his obituary. He graduated from Notre Dame High School in Lawrence (Class of 1969) and attended both the Mercer County Sheriff’s Department Academy and the Trenton Police Academy. He was a lifetime member of the PBA and a member of The Blue Knights International Law Enforcement Motorcycle Club, for which he was an Executive Officer. 
After learning of his death in May, a current Trenton police officer took to social media to express condolences. 
“RIP Henry “Butch” Sochalski, my first partner; my training partner,” officer Moe Crosby posted on Facebook on May 19 with a picture of Butch. “You have a lot of partners during your career, but only one training partner.” Subscribe to Home Delivery for only $2.50 per week! About the Author 
Penny Ray has worked in media for the past 14 years. His career began in radio broadcasting, and most recently he served as editor of Homicide Watch D.C. Reach the author at or follow Penny on Twitter: @Penny_Ray .
</topic_text>
<spam_score>0.00</spam_score>
<post_num>1</post_num>
<post_id>post-1</post_id>
<post_url>http://www.trentonian.com/article/TT/20160830/NEWS/160839988</post_url>
<post_date>20160830</post_date>
<post_time>1508</post_time>
<username>Penny Ray</username>
<post>
Wife of retired Trenton Police officer charged with murder Henry “Butch” Sochalski (right) with his wife Jan in 2014. FACEBOOK IMAGE By Penny Ray , The Trentonian Posted: # Comments Henry “Butch” Sochalski FACEBOOK IMAGE 
DAYTONA BEACH, FLA &gt;&gt; The wife of a retired Trenton Police Officer has been charged with murder in connection with his death. 
Jan Sochalski, 61, was arrested Monday and charged with second-degree murder in connection with the death of 64-year-old Henry “Butch” Sochalski Jr., who passed away in Florida Memorial Hospital in Daytona Beach on May 19. 
Henry, who served as a patrolman with the Trenton Police Department for 25 years before retiring in 2003, had been a patient at the hospital since the beginning of April, according to arrest documents in the case. He was expected to “make a full recovery,” after having elective back surgery — the second such surgery within a two-month period. 
On the morning of May 19, nurses at the hospital received an alert from Henry’s heart monitor, and then found him lying in his hospital bed unresponsive without a pulse. Arrest documents say he “was pale in color and his nose was bright red.” Advertisement 
A nurse at the hospital, identified as Lindsey Cole, told investigators she entered the room with a crash cart and found Jan Sochalski lying on top of her husband, “hovering” over his head and neck. Cole said Henry’s oxygen piece had been taken off of his trachea, and that his bed was flat. 
“The bed should never be flat when dealing with a ‘trach patient,’” she told police. 
Cole further stated that Jan seemed “very rushed” after her husband’s death, and that she immediately said she needed Henry’s paperwork and requested a copy of the death certificate. 
Cole told police she met the Sochalskis about a week prior to Henry’s death, while caring for him in the Intensive Care Unit. At that time, Cole said, Jan requested specific medications for her husband, such as Dilaudid (a pain narcotic), Versed (a sedative) and Morphine. But, according to Cole, Jan would not allow nurses to give Henry any of his prescribed medications, including antibiotics. 
Cole also told police Jan asked her to request medications from a doctor that would decrease Henry’s respiratory status. According to arrest documents, Cole told police that “such a request was basically asking her to kill the patient” because not being able to breathe is incompatible with life. 
Cole said she never requested those medications from the doctor. 
A nurse identified as Debra Walburg told police that after his back surgery, she saw Jan administering Dilaudid to Henry, and asked her to stop doing so because the pain medication is supposed to be administered by the patient pushing a button. 
Walburg further stated that she checked the medication machine and found that it had been pressed 264 times within an 8-hour period, whereas it should’ve only been pressed six times per hour. Walburg said the machine has a safety mechanism that prevents it from dispensing more medication than the doctor prescribed, even if the button is pressed multiple times. 
Henry suffered respiratory and cardiac arrest two days after his back surgery and had been unresponsive since that date. 
Henry was switched to a level of care known as “comfort care” on May 11, according to court documents. He was moved to the Medical Progressive Unit on May 13. 
On May 16, Jan signed a Full Active Treatment (FAT) order, and on May 18 she signed a Do Not Resuscitate (DNR). 
Later that day after signing the DNR, documents state, there was an incident in which Jan “would not allow the nursing staff into Henry’s room.” 
Jan Sochalski is a retired nurse with more than 40 years of professional experience, according to court documents. 
Henry was a lifelong New Jersey resident before moving to Palm Coast, FL thirteen years ago, according to his obituary. He graduated from Notre Dame High School in Lawrence (Class of 1969) and attended both the Mercer County Sheriff’s Department Academy and the Trenton Police Academy. He was a lifetime member of the PBA and a member of The Blue Knights International Law Enforcement Motorcycle Club, for which he was an Executive Officer. 
After learning of his death in May, a current Trenton police officer took to social media to express condolences. 
“RIP Henry “Butch” Sochalski, my first partner; my training partner,” officer Moe Crosby posted on Facebook on May 19 with a picture of Butch. “You have a lot of partners during your career, but only one training partner.” Subscribe to Home Delivery for only $2.50 per week! About the Author 
Penny Ray has worked in media for the past 14 years. His career began in radio broadcasting, and most recently he served as editor of Homicide Watch D.C. Reach the author at or follow Penny on Twitter: @Penny_Ray .
</post>
<signature>

</signature>
<external_links>

</external_links>
<country>US</country>
<main_image>http://www.trentonian.com/apps/pbcsi.dll/storyimage/TT/20160830/NEWS/160839988/AR/0/AR-160839988.jpg?Maxh=1500&amp;Maxw=1500</main_image>
</document>
