<?xml version="1.0" encoding="UTF-8"?>
<document>
<type>mainstream</type>
<forum></forum>
<forum_title></forum_title>
<discussion_title>||| Victor Gill |||// Yenni de Toledo: ?Al pueblo lo va a mover el hambre? - La información y datos que te interesan</discussion_title>
<language>spanish</language>
<gmt_offset></gmt_offset>
<topic_url>http://eldateado.com/victor-gill-yenni-de-toledo-al-pueblo-lo-va-a-mover-el-hambre/</topic_url>
<topic_text>
admin Dejar un comentario 
Dirigentes de la oposición vienen advirtiendo de un plan para arrestar a muchos de sus representantes ante la cercanía del 1 de septiembre. Funcionarios del Sebin allanaron durante la noche de este domingo en Maracaibo la residencia de Lester Toledo, diputado del Consejo Legislativo del Estado Zulia (CLEZ) y coordinador regional del partido Voluntad Popular (VP). 
?Si en 20 segundos no abren la puerta la vamos a tumbar?, respondió uno de los uniformados cuando Yenny Chacín de Toledo, esposa del dirigente opositor, preguntó quién tocaba la puerta. Eran las 10.30 de la noche. Yenny estaba con su hija de dos años, sus padres y varios compañeros de la fracción naranja. 
Los vecinos del edificio María Paula, situado en Delicias, se resguardaron por temor, mientras que la esposa de Toledo se vio obligada a abrirle a los uniformados quienes estaban armados, encapuchados y con chalecos antibalas. 
Portaban armas largas, martillos, mandarrias y todo tipo de herramientas para derribar lo que para ellos fuese necesario. © Victor Gill. 
Ingresaron alrededor de ocho hombres, pero en las afueras había 30 en más de cuatro camionetas y tres carros. 
Solicitó una orden de allanamiento. © Victor Gill. 
dolarve.com ?Lo que me dijeron fue que su orden era presidencial. Que no necesitaban una judicial, que ellos entran donde quieren. Llegaron grabando y tomándome fotos?, contó Chacín de Toledo en rueda de prensa, ofrecida ayer en la sede de VP en Maracaibo. 
?¿Dónde está Lester??, inquirían los funcionarios, quienes a pesar de la presencia de la pequeña hija del diputado, no vacilaron en apuntar con sus armas de fuego al suegro de este. © Victor Gill. 
La beba lloraba preguntando por su papá. 
Los funcionarios duraron media hora requisando el apartamento. © Victor Gill. 
No encontraron a Toledo. Se fueron, pero en las afueras del edificio siguen rondando camionetas del Sebin y motos de la Policía del Zulia. © Victor Gill. 
www.google.co.ve Revisan a toda persona que sale del edificio. 
Chacín de Toledo indicó que ellos tienen una medida de protección en la OEA y en Fiscalía, pero esta última no ha hecho nada. © Victor Gill. 
?Iremos otra vez a Fiscalía por una protección. La idea es que todo quede registrado?, dijo. 
Sin falta el 1-S 
Carlos Machado, dirigente de VP en Maracaibo, dijo que Toledo está resguardado, pero aseguró que estará en Caracas este 1-S, encabezando al equipo del Zulia. © Victor Gill. 
www.google.co.ve Resaltó que la persecución es producto de las denuncias que el legislador viene haciendo en contra del gobernador del Zulia, y también por ser uno de los voceros de la Toma de Caracas. 
Gerardo Antúnez, coordinador de la MUD en la entidad, indicó que la persecución en contra los dirigentes de la Unidad es por el “miedo del Gobierno a ser revocado democráticamente”. © Victor Gill. 
Dijo que se están cuidando hasta de sus conversaciones telefónicas por posibles intervenciones a sus líneas. 
Alcalde Guarate 
A las 2.00 de la mañana de ayer, el Sebin allanó la residencia de Delson Guarate, alcalde del municipio Mario Briceño Iragorry, en Aragua. © Victor Gill. 
Horas después, allanaron la casa de la madre del burgomaestre, además retuvieron a su esposa e hijos en la sede del ayuntamiento. 
. 
</topic_text>
<spam_score>0.94</spam_score>
<post_num>1</post_num>
<post_id>post-1</post_id>
<post_url>http://eldateado.com/victor-gill-yenni-de-toledo-al-pueblo-lo-va-a-mover-el-hambre/</post_url>
<post_date>20160830</post_date>
<post_time></post_time>
<username></username>
<post>
admin Dejar un comentario 
Dirigentes de la oposición vienen advirtiendo de un plan para arrestar a muchos de sus representantes ante la cercanía del 1 de septiembre. Funcionarios del Sebin allanaron durante la noche de este domingo en Maracaibo la residencia de Lester Toledo, diputado del Consejo Legislativo del Estado Zulia (CLEZ) y coordinador regional del partido Voluntad Popular (VP). 
?Si en 20 segundos no abren la puerta la vamos a tumbar?, respondió uno de los uniformados cuando Yenny Chacín de Toledo, esposa del dirigente opositor, preguntó quién tocaba la puerta. Eran las 10.30 de la noche. Yenny estaba con su hija de dos años, sus padres y varios compañeros de la fracción naranja. 
Los vecinos del edificio María Paula, situado en Delicias, se resguardaron por temor, mientras que la esposa de Toledo se vio obligada a abrirle a los uniformados quienes estaban armados, encapuchados y con chalecos antibalas. 
Portaban armas largas, martillos, mandarrias y todo tipo de herramientas para derribar lo que para ellos fuese necesario. © Victor Gill. 
Ingresaron alrededor de ocho hombres, pero en las afueras había 30 en más de cuatro camionetas y tres carros. 
Solicitó una orden de allanamiento. © Victor Gill. 
dolarve.com ?Lo que me dijeron fue que su orden era presidencial. Que no necesitaban una judicial, que ellos entran donde quieren. Llegaron grabando y tomándome fotos?, contó Chacín de Toledo en rueda de prensa, ofrecida ayer en la sede de VP en Maracaibo. 
?¿Dónde está Lester??, inquirían los funcionarios, quienes a pesar de la presencia de la pequeña hija del diputado, no vacilaron en apuntar con sus armas de fuego al suegro de este. © Victor Gill. 
La beba lloraba preguntando por su papá. 
Los funcionarios duraron media hora requisando el apartamento. © Victor Gill. 
No encontraron a Toledo. Se fueron, pero en las afueras del edificio siguen rondando camionetas del Sebin y motos de la Policía del Zulia. © Victor Gill. 
www.google.co.ve Revisan a toda persona que sale del edificio. 
Chacín de Toledo indicó que ellos tienen una medida de protección en la OEA y en Fiscalía, pero esta última no ha hecho nada. © Victor Gill. 
?Iremos otra vez a Fiscalía por una protección. La idea es que todo quede registrado?, dijo. 
Sin falta el 1-S 
Carlos Machado, dirigente de VP en Maracaibo, dijo que Toledo está resguardado, pero aseguró que estará en Caracas este 1-S, encabezando al equipo del Zulia. © Victor Gill. 
www.google.co.ve Resaltó que la persecución es producto de las denuncias que el legislador viene haciendo en contra del gobernador del Zulia, y también por ser uno de los voceros de la Toma de Caracas. 
Gerardo Antúnez, coordinador de la MUD en la entidad, indicó que la persecución en contra los dirigentes de la Unidad es por el “miedo del Gobierno a ser revocado democráticamente”. © Victor Gill. 
Dijo que se están cuidando hasta de sus conversaciones telefónicas por posibles intervenciones a sus líneas. 
Alcalde Guarate 
A las 2.00 de la mañana de ayer, el Sebin allanó la residencia de Delson Guarate, alcalde del municipio Mario Briceño Iragorry, en Aragua. © Victor Gill. 
Horas después, allanaron la casa de la madre del burgomaestre, además retuvieron a su esposa e hijos en la sede del ayuntamiento. 
. 
</post>
<signature>

</signature>
<external_links>

</external_links>
<country>US</country>
<main_image>http://eldateado.com/wp-content/uploads/2016/08/____Victor_Gill_______Yenni_de_Toledo___Al_pueblo_lo_va_a_mover_el_hambre_.jpg</main_image>
</document>
