<?xml version="1.0" encoding="UTF-8"?>
<document>
<type>mainstream</type>
<forum></forum>
<forum_title></forum_title>
<discussion_title>Alicia Keys, ödül törenine makyajsız katılınca eleştiri aldı</discussion_title>
<language>turkish</language>
<gmt_offset></gmt_offset>
<topic_url>http://www.detaykibris.com/alicia-keys-odul-torenine-makyajsiz-katilinca-elestiri-aldi-131571h.htm</topic_url>
<topic_text>
30.08.2016 17:59 MTV Video Müzik Ödülleri törenine makyajsız katılan Alicia Keys, eleştiri yağmuruna tutuldu. Pazar gecesi düzenenlenen MTV Video Müzik Ödülleri’ne majyajsız katılan Alicia Keys’e sosyal medyadan pek çok eleştiri geldi. Çoğu kişi 35 yaşındaki yıldızın gittiği töreni önemsemediği için makyaj yapmadığını söyleyince, Alicia Keys de sosyal medya hesabından yine makyajsız bir fotoğrafını “Millet, makyajsız gitmem makyaj düşmanı olduğum anlamına gelmiyor. Değil mi?” notuyla paylaşarak yanıt verdi. Alicia Keys, geçtiğimiz aylarda bundan böyle makyaj yapmayacağını ve kendini makyajsız daha iyi hissettiğini açıklamıştı. 
</topic_text>
<spam_score>0.20</spam_score>
<post_num>1</post_num>
<post_id>post-1</post_id>
<post_url>http://www.detaykibris.com/alicia-keys-odul-torenine-makyajsiz-katilinca-elestiri-aldi-131571h.htm</post_url>
<post_date>20160830</post_date>
<post_time></post_time>
<username></username>
<post>
30.08.2016 17:59 MTV Video Müzik Ödülleri törenine makyajsız katılan Alicia Keys, eleştiri yağmuruna tutuldu. Pazar gecesi düzenenlenen MTV Video Müzik Ödülleri’ne majyajsız katılan Alicia Keys’e sosyal medyadan pek çok eleştiri geldi. Çoğu kişi 35 yaşındaki yıldızın gittiği töreni önemsemediği için makyaj yapmadığını söyleyince, Alicia Keys de sosyal medya hesabından yine makyajsız bir fotoğrafını “Millet, makyajsız gitmem makyaj düşmanı olduğum anlamına gelmiyor. Değil mi?” notuyla paylaşarak yanıt verdi. Alicia Keys, geçtiğimiz aylarda bundan böyle makyaj yapmayacağını ve kendini makyajsız daha iyi hissettiğini açıklamıştı. 
</post>
<signature>

</signature>
<external_links>

</external_links>
<country>US</country>
<main_image>http://www.detaykibris.com/d/news/35495.jpg</main_image>
</document>
