<?xml version="1.0" encoding="UTF-8"?>
<document>
<type>mainstream</type>
<forum>http://www.tauschgnom.de/wicket/resource/org.apache.wicket.Application/new-products-feed</forum>
<forum_title>Tauschgnom.de - Tauschbörse für Bücher, Filme, Musik, Kleidung, Spiele und Verschiedenes</forum_title>
<discussion_title>dicker hochwertiger Fleecepullover XL</discussion_title>
<language>german</language>
<gmt_offset></gmt_offset>
<topic_url>http://www.tauschgnom.de/product/dicker-hochwertiger-fleecepullover-xl/936157</topic_url>
<topic_text>
sehr schöner Fleecepullover in XL. Warmes Weinrot. Mit zwei Taschen und Gummizug unten. Stichworte
</topic_text>
<spam_score>0.00</spam_score>
<post_num>1</post_num>
<post_id>post-1</post_id>
<post_url>http://www.tauschgnom.de/product/dicker-hochwertiger-fleecepullover-xl/936157</post_url>
<post_date>20160830</post_date>
<post_time>1502</post_time>
<username></username>
<post>
sehr schöner Fleecepullover in XL. Warmes Weinrot. Mit zwei Taschen und Gummizug unten. Stichworte
</post>
<signature>

</signature>
<external_links>

</external_links>
<country>DE</country>
<main_image></main_image>
</document>
