<?xml version="1.0" encoding="UTF-8"?>
<document>
<type>mainstream</type>
<forum>http://www.telemundo47.com/noticias/mundo/?rss=y&amp;embedThumb=y&amp;summary=y</forum>
<forum_title>Telemundo 47 - Mundo</forum_title>
<discussion_title>AP: Estado Islámico enterró a miles en fosas comunes</discussion_title>
<language>spanish</language>
<gmt_offset></gmt_offset>
<topic_url>http://www.telemundo47.com/noticias/mundo/AP-Estado-Islamico-enterro-a-miles-en-fosas-comunes-391704701.html</topic_url>
<topic_text>
  El hallazgo se produjo tras entrevistas exclusivas, fotos e investigación, y podrían aparecer más a medida que la milicia radical retrocede. HARDAN, Irak - The Associated Press documentó 72 fosas comunes dejadas por el grupo extremista Estado Islámico en su retirada de Siria e Irak. El hallazgo se produjo tras entrevistas exclusivas, fotos e investigación, y podrían aparecer más a medida que la milicia radical retrocede. En Siria, AP obtuvo la ubicación de 17 fosas comunes, incluyendo una con cientos de cuerpos de una única tribu. FBI alerta a webs electorales sobre ataque de piratas En total, el número de fallecidos oscila entre 5,200 a más de 15,000 personas. La tierra removida muestra el lugar de la prisión de Badoush, cerca de Mosul, en Irak, donde habrían muerto más de 600 reos, según imágenes exclusivas tomadas por satélite por la empresa AllSource Analysis. Las peores catástrofes y tragedias en el mundo Getty Images En al menos una ocasión, los autores de estos crímenes rindieron cuentas ante la justicia, por las muertes de unos 1,700 soldados iraquíes ametrallados en Camp Speicher. El 21 de agosto, 36 hombres fueron ahorcados por estos asesinatos. Publicado hace 3 horas
</topic_text>
<spam_score>0.00</spam_score>
<post_num>1</post_num>
<post_id>post-1</post_id>
<post_url>http://www.telemundo47.com/noticias/mundo/AP-Estado-Islamico-enterro-a-miles-en-fosas-comunes-391704701.html</post_url>
<post_date>20160830</post_date>
<post_time>1234</post_time>
<username>AP</username>
<post>
  El hallazgo se produjo tras entrevistas exclusivas, fotos e investigación, y podrían aparecer más a medida que la milicia radical retrocede. HARDAN, Irak - The Associated Press documentó 72 fosas comunes dejadas por el grupo extremista Estado Islámico en su retirada de Siria e Irak. El hallazgo se produjo tras entrevistas exclusivas, fotos e investigación, y podrían aparecer más a medida que la milicia radical retrocede. En Siria, AP obtuvo la ubicación de 17 fosas comunes, incluyendo una con cientos de cuerpos de una única tribu. FBI alerta a webs electorales sobre ataque de piratas En total, el número de fallecidos oscila entre 5,200 a más de 15,000 personas. La tierra removida muestra el lugar de la prisión de Badoush, cerca de Mosul, en Irak, donde habrían muerto más de 600 reos, según imágenes exclusivas tomadas por satélite por la empresa AllSource Analysis. Las peores catástrofes y tragedias en el mundo Getty Images En al menos una ocasión, los autores de estos crímenes rindieron cuentas ante la justicia, por las muertes de unos 1,700 soldados iraquíes ametrallados en Camp Speicher. El 21 de agosto, 36 hombres fueron ahorcados por estos asesinatos. Publicado hace 3 horas
</post>
<signature>

</signature>
<external_links>

</external_links>
<country>US</country>
<main_image>http://media.telemundo47.com/images/1200*675/isis-generico.jpg</main_image>
</document>
