<?xml version="1.0" encoding="UTF-8"?>
<document>
<type>mainstream</type>
<forum>http://www.welt.de/motor/?service=Rss</forum>
<forum_title>DIE WELT - Motor</forum_title>
<discussion_title>Lange Roadster-Pause in München: Produktionsende für BMW Z4 - Nachrichten</discussion_title>
<language>german</language>
<gmt_offset></gmt_offset>
<topic_url>http://www.welt.de/motor/news/article157906945/Produktionsende-fuer-BMW-Z4.html</topic_url>
<topic_text>
Nach sieben Jahren Bauzeit hat BMW nun die Produktion des Stahldach-Roadsters Z4 eingestellt. Seit der Markteinführung im Mai 2009 wurden weltweit mehr als 115.000 Einheiten verkauft. Zuletzt hatte es der Zweisitzer gegen jüngere Konkurrenten wie Audi TT, Porsche Boxster oder Mercedes SLK/SLC jedoch schwer; in Deutschland fanden sich im laufenden Jahr lediglich noch 102 Kunden für den geräumigen und vergleichsweise komfortablen Roadster mit der extralangen Motorhaube. Die Preise starteten bei 34.250 Euro für das 115 kW/156 PS starke Vierzylindermodell 18i, die Top-Version 35 is wurde von einem Turbo-Sechszylinder mit 250 kW/340 PS angetrieben. Eine besonders sportliche M-Version gab es von dem Hardtop- Cabrio nicht.


Auf einen Nachfolger müssen Interessenten noch rund zwei Jahre warten. Der für 2018 erwartete neue Roadster wird zusammen mit Toyota entwickelt und soll wohl im österreichischen Graz gebaut werden. Details sind noch nicht bekannt; allerdings gilt es als sicher, dass das noch namenlose Modell wieder auf ein Stoff- anstelle des Stahldachs setzt. So wie der erste Z4 Roadster (2002 bis 2008) und sein direkter Vorgänger Z3 (1995 bis 2002).
</topic_text>
<spam_score>0.00</spam_score>
<post_num>1</post_num>
<post_id>post-1</post_id>
<post_url>http://www.welt.de/motor/news/article157906945/Produktionsende-fuer-BMW-Z4.html</post_url>
<post_date>20160830</post_date>
<post_time></post_time>
<username>welt.de</username>
<post>
Nach sieben Jahren Bauzeit hat BMW nun die Produktion des Stahldach-Roadsters Z4 eingestellt. Seit der Markteinführung im Mai 2009 wurden weltweit mehr als 115.000 Einheiten verkauft. Zuletzt hatte es der Zweisitzer gegen jüngere Konkurrenten wie Audi TT, Porsche Boxster oder Mercedes SLK/SLC jedoch schwer; in Deutschland fanden sich im laufenden Jahr lediglich noch 102 Kunden für den geräumigen und vergleichsweise komfortablen Roadster mit der extralangen Motorhaube. Die Preise starteten bei 34.250 Euro für das 115 kW/156 PS starke Vierzylindermodell 18i, die Top-Version 35 is wurde von einem Turbo-Sechszylinder mit 250 kW/340 PS angetrieben. Eine besonders sportliche M-Version gab es von dem Hardtop- Cabrio nicht.


Auf einen Nachfolger müssen Interessenten noch rund zwei Jahre warten. Der für 2018 erwartete neue Roadster wird zusammen mit Toyota entwickelt und soll wohl im österreichischen Graz gebaut werden. Details sind noch nicht bekannt; allerdings gilt es als sicher, dass das noch namenlose Modell wieder auf ein Stoff- anstelle des Stahldachs setzt. So wie der erste Z4 Roadster (2002 bis 2008) und sein direkter Vorgänger Z3 (1995 bis 2002).
</post>
<signature>

</signature>
<external_links>

</external_links>
<country>DE</country>
<main_image>http://img.welt.de/img/news/crop157906944/2576938233-ci3x2l-w900/Der-BMW-Z4-ist-Geschichte.jpg</main_image>
</document>
