<?xml version="1.0" encoding="UTF-8"?>
<document>
<type>mainstream</type>
<forum>http://www.poynter.org/rss</forum>
<forum_title>Poynter</forum_title>
<discussion_title>Facebook should hire fact-checkers. Here’s what they would do</discussion_title>
<language>english</language>
<gmt_offset></gmt_offset>
<topic_url>http://www.poynter.org/2016/facebook-should-hire-fact-checkers-heres-what-they-would-do/428118/</topic_url>
<topic_text>
Media criticism of Facebook is pouring in after a lack of editorial oversight on Monday led to a new Trending Topics-related hiccup (in case you missed it, the social network highlighted a totally fake story about Fox News host Megyn Kelly ). 
While the previous brouhaha erupted over the tricky ethical issue of whether Facebook should balance political perspectives in its highlighted news stories, the current problem seems much more straightforward, with an obvious fix. 
Facebook just needs to hire a team of fact-checkers. No need to splurge, either: A team of 10 or so would do the trick. 
The fact-checkers would steer away from personal posts and pages. Your crazy uncle&apos;s tirades would be outside the remit of the Facebook Fact Team (that&apos;s your job). But public pages and posts would be fair game. Priority would be given to the pages categorizing themselves in the &quot;Media/News/Publishing&quot; sector and any high engagement or high reach posts. 
So what would the Facebook Fact Team do, specifically? Here are three possible tasks: Weed out sources of information that consistently peddle fake news. Facebook could introduce a &quot;three strikes and you&apos;re out&quot; policy that would decrease the reach of pages that consistently share links to fake stories on their own site. Once you&apos;ve shared enough fake stories, your reach automatically gets cut to one-tenth of its potential size. As Buzzfeed hoaxbuster Craig Silverman noted recently , fake news websites are experimenting with business models just like legitimate news outlets. Reducing the traffic they&apos;re granted by Facebook would dramatically decrease the incentive to publish fake stories. Aggressively reduce the reach of posts that are discovered to be false. Facebook is doing so already , but there are at least two problems with the current system. First, the stimulus originates from readers rather than professional fact-checkers, and readers may be imprecise or have other motivations to flag the content. And Facebook isn&apos;t transparent about how powerful the reach penalty for fake news is, or why de-emphasized stories have been taken down a peg. The current annotation, &quot;many people on Facebook have reported that this story contains false information,&quot; should be spelled out in shiny red letters and made far more prominent. Spot claims and articles that have been fact-checked elsewhere and offer a &quot;related fact check&quot; underneath the original article just like it currently shares related pages or stories. This could be deployed only in the most extreme cases, where the story was reported entirely false by established fact-checkers. 
Is Facebook game? In Rome earlier this week, Zuckerberg repeated that he did not want Facebook to become a media organization. Regardless of whether that ship has sailed or not, hiring fact-checkers does not have to compromise his vision. It would, in fact, reinforce Facebook&apos;s stated &quot; News Feed Values ,&quot; which say the network&apos;s experience should be &quot;informative.&quot; 
And it would represent a private company responding to concerns from its users about the trustworthiness of the information available on the network. Most importantly, it would have the added benefit of helping reduce misinformation. What to read next Alexios Mantzarlis Alexios Mantzarlis joined Poynter to lead the International Fact-Checking Network in September of 2015. In this capacity he writes about fact-checking, trains fact-checkers (online and offline) and organizes conferences on fact-checking. He previously served as Managing Editor of Pagella Politica and FactCheckEU, respectively Italy&apos;s main political fact-checking website and the EU&apos;s first multilingual crowd-checking project. He has presented fact-checking segments on Italian TV and led seminars on fact-checking around the world. Before becoming a fact-checker he worked for the United Nations and the Italian Institute for International Political Studies. Tags
</topic_text>
<spam_score>0.00</spam_score>
<post_num>1</post_num>
<post_id>post-1</post_id>
<post_url>http://www.poynter.org/2016/facebook-should-hire-fact-checkers-heres-what-they-would-do/428118/</post_url>
<post_date>20160830</post_date>
<post_time>1501</post_time>
<username>Alexios Mantzarlis</username>
<post>
Media criticism of Facebook is pouring in after a lack of editorial oversight on Monday led to a new Trending Topics-related hiccup (in case you missed it, the social network highlighted a totally fake story about Fox News host Megyn Kelly ). 
While the previous brouhaha erupted over the tricky ethical issue of whether Facebook should balance political perspectives in its highlighted news stories, the current problem seems much more straightforward, with an obvious fix. 
Facebook just needs to hire a team of fact-checkers. No need to splurge, either: A team of 10 or so would do the trick. 
The fact-checkers would steer away from personal posts and pages. Your crazy uncle&apos;s tirades would be outside the remit of the Facebook Fact Team (that&apos;s your job). But public pages and posts would be fair game. Priority would be given to the pages categorizing themselves in the &quot;Media/News/Publishing&quot; sector and any high engagement or high reach posts. 
So what would the Facebook Fact Team do, specifically? Here are three possible tasks: Weed out sources of information that consistently peddle fake news. Facebook could introduce a &quot;three strikes and you&apos;re out&quot; policy that would decrease the reach of pages that consistently share links to fake stories on their own site. Once you&apos;ve shared enough fake stories, your reach automatically gets cut to one-tenth of its potential size. As Buzzfeed hoaxbuster Craig Silverman noted recently , fake news websites are experimenting with business models just like legitimate news outlets. Reducing the traffic they&apos;re granted by Facebook would dramatically decrease the incentive to publish fake stories. Aggressively reduce the reach of posts that are discovered to be false. Facebook is doing so already , but there are at least two problems with the current system. First, the stimulus originates from readers rather than professional fact-checkers, and readers may be imprecise or have other motivations to flag the content. And Facebook isn&apos;t transparent about how powerful the reach penalty for fake news is, or why de-emphasized stories have been taken down a peg. The current annotation, &quot;many people on Facebook have reported that this story contains false information,&quot; should be spelled out in shiny red letters and made far more prominent. Spot claims and articles that have been fact-checked elsewhere and offer a &quot;related fact check&quot; underneath the original article just like it currently shares related pages or stories. This could be deployed only in the most extreme cases, where the story was reported entirely false by established fact-checkers. 
Is Facebook game? In Rome earlier this week, Zuckerberg repeated that he did not want Facebook to become a media organization. Regardless of whether that ship has sailed or not, hiring fact-checkers does not have to compromise his vision. It would, in fact, reinforce Facebook&apos;s stated &quot; News Feed Values ,&quot; which say the network&apos;s experience should be &quot;informative.&quot; 
And it would represent a private company responding to concerns from its users about the trustworthiness of the information available on the network. Most importantly, it would have the added benefit of helping reduce misinformation. What to read next Alexios Mantzarlis Alexios Mantzarlis joined Poynter to lead the International Fact-Checking Network in September of 2015. In this capacity he writes about fact-checking, trains fact-checkers (online and offline) and organizes conferences on fact-checking. He previously served as Managing Editor of Pagella Politica and FactCheckEU, respectively Italy&apos;s main political fact-checking website and the EU&apos;s first multilingual crowd-checking project. He has presented fact-checking segments on Italian TV and led seminars on fact-checking around the world. Before becoming a fact-checker he worked for the United Nations and the Italian Institute for International Political Studies. Tags
</post>
<signature>

</signature>
<external_links>

</external_links>
<country>US</country>
<main_image>http://i1.wp.com/www.poynter.org/wp-content/uploads/2016/08/AP_16137608329269.jpg?fit=1200%2C800</main_image>
</document>
