<?xml version="1.0" encoding="UTF-8"?>
<document>
<type>mainstream</type>
<forum>http://www.romandie.com/rss/flux.xml</forum>
<forum_title>Romandie</forum_title>
<discussion_title>Police VD : AVIS DE DISPARITION - 30.08.2016</discussion_title>
<language>french</language>
<gmt_offset></gmt_offset>
<topic_url>http://www.romandie.com/news/Police-VD--AVIS-DE-DISPARITION--30082016/732451.rom</topic_url>
<topic_text>
Tweet Police VD : AVIS DE DISPARITION - 30.08.2016 
Madame Narguesse Nouri, âgée de 26 ans, domiciliée à Nyon, a disparu depuis le 23 août 2016 en fin de matinée. Elle a quitté le domicile familial, à pieds ou en transport public. Ses proches n’ont plus de nouvelles depuis lors. Les nombreuses recherches entreprises par la police n’ont toujours pas permis de la retrouver. Mme Nouri parle difficilement le français, mais s’exprime en afghan. 
Madame Narguesse Nouri correspond au signalement suivant: 
155 cm, corpulence mince, cheveux longs et raides, yeux bruns. Serait vêtue de foulards de couleur inconnue, d’une tunique longue en tissu vert foncé, d’un pantalon de type leggings et d’un t-shirt, tous deux de de couleur foncée, ainsi que de chaussures en tissu noir. 
Toutes les personnes ayant remarqué cette femme ou qui auraient des renseignements au sujet de sa disparition sont priées de prendre contact avec la centrale de la Police cantonale vaudoise au 021 644 44 44 ou avec le poste de police le plus proche. 
Avec nos remerciements pour votre précieuse collaboration. Pour lire cette news dans son intégralité, veuillez cliquer ici .
</topic_text>
<spam_score>0.00</spam_score>
<post_num>1</post_num>
<post_id>post-1</post_id>
<post_url>http://www.romandie.com/news/Police-VD--AVIS-DE-DISPARITION--30082016/732451.rom</post_url>
<post_date>20160830</post_date>
<post_time>1502</post_time>
<username></username>
<post>
Tweet Police VD : AVIS DE DISPARITION - 30.08.2016 
Madame Narguesse Nouri, âgée de 26 ans, domiciliée à Nyon, a disparu depuis le 23 août 2016 en fin de matinée. Elle a quitté le domicile familial, à pieds ou en transport public. Ses proches n’ont plus de nouvelles depuis lors. Les nombreuses recherches entreprises par la police n’ont toujours pas permis de la retrouver. Mme Nouri parle difficilement le français, mais s’exprime en afghan. 
Madame Narguesse Nouri correspond au signalement suivant: 
155 cm, corpulence mince, cheveux longs et raides, yeux bruns. Serait vêtue de foulards de couleur inconnue, d’une tunique longue en tissu vert foncé, d’un pantalon de type leggings et d’un t-shirt, tous deux de de couleur foncée, ainsi que de chaussures en tissu noir. 
Toutes les personnes ayant remarqué cette femme ou qui auraient des renseignements au sujet de sa disparition sont priées de prendre contact avec la centrale de la Police cantonale vaudoise au 021 644 44 44 ou avec le poste de police le plus proche. 
Avec nos remerciements pour votre précieuse collaboration. Pour lire cette news dans son intégralité, veuillez cliquer ici .
</post>
<signature>

</signature>
<external_links>

</external_links>
<country>CH</country>
<main_image></main_image>
</document>
