<?xml version="1.0" encoding="UTF-8"?>
<document>
<type>mainstream</type>
<forum>http://www.duquoin.com/entertainment/celebrity-news?template=rss&amp;mime=xml</forum>
<forum_title>Celebrity News - Du Quoin Evening Call - Du Quoin, IL</forum_title>
<discussion_title>Mega Buzz: Nashville Eyes a Trans Character for Season 5</discussion_title>
<language>english</language>
<gmt_offset></gmt_offset>
<topic_url>http://www.duquoin.com/entertainment/20160829/mega-buzz-nashville-eyes-trans-character-for-season-5?rssfeed=true</topic_url>
<topic_text>
Mega Buzz: Nashville Eyes a Trans Character for Season 5   29, 2016 at 12:01 am Updated Aug 29, 2016 at 4:24 PM Nashville is set to shake things up in a major way in Season 5. We hear that the show is looking to cast a transgender character for its upcoming season, Nashville &apos;s first on CMT. Further details on the role are scarce, but we know the character is a trans woman who will play a significant role in - spoiler alert! - Juliette&apos;s ( Hayden Panettiere ) recovery from a plane crash. Catch up on all this week&apos;s Mega Buzz! Based on the fact that Panettiere has already signed on for Season 5, you may have already guessed that Juliette didn&apos;t die after her plane went missing at the end of Season 4. But don&apos;t expect her road to recovery to be a quick one. The crash landing has left her with a lot more than just scrapes and bruises... and her injuries are going to have a significant impact on her personal life and career. Don&apos;t be surprised if the starlet never steps onto another stage ever again. Crave scoop on your favorite TV shows? E-mail questions to or drop us a line at Twitter.com/TVGuide . Other Links From TVGuide.com
</topic_text>
<spam_score>0.00</spam_score>
<post_num>1</post_num>
<post_id>post-1</post_id>
<post_url>http://www.duquoin.com/entertainment/20160829/mega-buzz-nashville-eyes-trans-character-for-season-5?rssfeed=true</post_url>
<post_date>20160830</post_date>
<post_time>0124</post_time>
<username>TV Guide</username>
<post>
Mega Buzz: Nashville Eyes a Trans Character for Season 5   29, 2016 at 12:01 am Updated Aug 29, 2016 at 4:24 PM Nashville is set to shake things up in a major way in Season 5. We hear that the show is looking to cast a transgender character for its upcoming season, Nashville &apos;s first on CMT. Further details on the role are scarce, but we know the character is a trans woman who will play a significant role in - spoiler alert! - Juliette&apos;s ( Hayden Panettiere ) recovery from a plane crash. Catch up on all this week&apos;s Mega Buzz! Based on the fact that Panettiere has already signed on for Season 5, you may have already guessed that Juliette didn&apos;t die after her plane went missing at the end of Season 4. But don&apos;t expect her road to recovery to be a quick one. The crash landing has left her with a lot more than just scrapes and bruises... and her injuries are going to have a significant impact on her personal life and career. Don&apos;t be surprised if the starlet never steps onto another stage ever again. Crave scoop on your favorite TV shows? E-mail questions to or drop us a line at Twitter.com/TVGuide . Other Links From TVGuide.com
</post>
<signature>

</signature>
<external_links>

</external_links>
<country>US</country>
<main_image>http://www.duquoin.com/storyimage/ZZ/20160829/ENTERTAINMENT/308299881/AR/0/AR-308299881.jpg</main_image>
</document>
