<?xml version="1.0" encoding="UTF-8"?>
<document>
<type>mainstream</type>
<forum>http://expreso.press/feed/</forum>
<forum_title>Expreso</forum_title>
<discussion_title>“Horóscopo para vencedores”</discussion_title>
<language>spanish</language>
<gmt_offset></gmt_offset>
<topic_url>http://expreso.press/2016/08/30/horoscopo-para-vencedores-3/</topic_url>
<topic_text>
“Los amores del cura Hidalgo” 
ARIES: No espere novedades o emociones importantes. Aquí no pasa nada, y lo poco que pasa no sirve para componer un chisme. Su vida continuará siendo de segunda mano. 
TAURO: Acepte el concejo de un hombre lleno de cicatrices. Tome usted las decisiones, pero haga que otro asuma la responsabilidad. Tire la piedra y esconda la mano y la cartera. Saque del clóset su uniforme de camaleón, porque la lucha por las próximas Senadurías será un choque brutal de máscaras contra cabelleras. 
GÉMINIS: No permita que su tranquilidad dependa de las lenguas de otros, de sus chismes y habladurías. Demuéstreles que en este perro mundo hay alguien a quien deben respetar. Si usted asiste a las discotecas es porque le gusta mover la colita, y no porque ande buscando amores de ocasión. 
CÁNCER: La Senaduría está en la cola de un venado. Persígala pero con estrategia. Ya deje de usar la vida como si fuera un trapo viejo. Usted ha trotado demasiado tiempo tras el carro de los vencedores, pero si no puede llegar al poder o al cielo más que en grupo, mejor no llegue. 
LEO: Si sigue así de “catarrín”, el hígado se le hará chicharrón. Ha tomado usted tanto alcohol como para embalsamar a un faraón, y la verdad es que ninguna de sus penas vale una copa de Chivas Regal. Como dijo el campirano. “Y por esa mula lloras, ni yo que perdí el atajo”. 
VIRGO: ¡Ánimo! Usted no es cobarde, simplemente no ha encontrado aún la veta de su coraje. Viva con realismo la crisis y olvídese de su partido. El dilema de esta época no reside en ser héroe o cucaracha. El dilema es abolir todas las esperanzas o quedarse con una como muestra. 
LIBRA: En enredos de amor usted es tan tempestuoso como un brazo de mar. No se controle y déjese arrastrar por las musas. Lleve al papel los latidos de su corazón, y convenza a esa “Cleopatra de Ejido” con un poema de amor tan desgarrador, que la haga llorar de felicidad hasta hacer “pis”. 
ESCORPIÓN: A parir de hoy la justicia federal continuará ensañándose con ciertas gentes, y tendrá usted más amigos dentro de la cárcel que fuera de ella. Aproveche la ocasión para ayudarlos y despójelos de todo lo que ya no necesiten. 
SAGITARIO: Definitivamente su sangre no es azul. Los análisis revelan que es usted 30% patriota, 16% político, 14% narco, 20% sacadólares, 12% priista, y 8% cornudo. ¡Anímese!. 
CAPRICORNIO: Si va a comprar el resultado de las elecciones para la Senaduría, tenga cuidado, porque si usted paga a quien no debe, tendrá que pagar dos veces. 
ACUARIO: En la duda, mejor absténgase, porque no se sabe si en las pasadas elecciones el sistema traicionó al pueblo, o fue el pueblo quien traicionó al sistema. Convénzase, la “banca fría” es una necesidad del Partido. Sin el pavor de quedar fuera de la nómina, el PRI tendría que cerrar la tienda. 
PISCIS: Si va a traicionar al régimen, no pierda el estilo y la figura de Judas. Si corre delante de los demás, hágalo con clase, para que sepan todos claramente que usted es un desertor. Si se porta como una rata, que sea como una rata veloz. Encuéntranos en Facebook
</topic_text>
<spam_score>0.00</spam_score>
<post_num>1</post_num>
<post_id>post-1</post_id>
<post_url>http://expreso.press/2016/08/30/horoscopo-para-vencedores-3/</post_url>
<post_date>20160830</post_date>
<post_time>1515</post_time>
<username>Redacción</username>
<post>
“Los amores del cura Hidalgo” 
ARIES: No espere novedades o emociones importantes. Aquí no pasa nada, y lo poco que pasa no sirve para componer un chisme. Su vida continuará siendo de segunda mano. 
TAURO: Acepte el concejo de un hombre lleno de cicatrices. Tome usted las decisiones, pero haga que otro asuma la responsabilidad. Tire la piedra y esconda la mano y la cartera. Saque del clóset su uniforme de camaleón, porque la lucha por las próximas Senadurías será un choque brutal de máscaras contra cabelleras. 
GÉMINIS: No permita que su tranquilidad dependa de las lenguas de otros, de sus chismes y habladurías. Demuéstreles que en este perro mundo hay alguien a quien deben respetar. Si usted asiste a las discotecas es porque le gusta mover la colita, y no porque ande buscando amores de ocasión. 
CÁNCER: La Senaduría está en la cola de un venado. Persígala pero con estrategia. Ya deje de usar la vida como si fuera un trapo viejo. Usted ha trotado demasiado tiempo tras el carro de los vencedores, pero si no puede llegar al poder o al cielo más que en grupo, mejor no llegue. 
LEO: Si sigue así de “catarrín”, el hígado se le hará chicharrón. Ha tomado usted tanto alcohol como para embalsamar a un faraón, y la verdad es que ninguna de sus penas vale una copa de Chivas Regal. Como dijo el campirano. “Y por esa mula lloras, ni yo que perdí el atajo”. 
VIRGO: ¡Ánimo! Usted no es cobarde, simplemente no ha encontrado aún la veta de su coraje. Viva con realismo la crisis y olvídese de su partido. El dilema de esta época no reside en ser héroe o cucaracha. El dilema es abolir todas las esperanzas o quedarse con una como muestra. 
LIBRA: En enredos de amor usted es tan tempestuoso como un brazo de mar. No se controle y déjese arrastrar por las musas. Lleve al papel los latidos de su corazón, y convenza a esa “Cleopatra de Ejido” con un poema de amor tan desgarrador, que la haga llorar de felicidad hasta hacer “pis”. 
ESCORPIÓN: A parir de hoy la justicia federal continuará ensañándose con ciertas gentes, y tendrá usted más amigos dentro de la cárcel que fuera de ella. Aproveche la ocasión para ayudarlos y despójelos de todo lo que ya no necesiten. 
SAGITARIO: Definitivamente su sangre no es azul. Los análisis revelan que es usted 30% patriota, 16% político, 14% narco, 20% sacadólares, 12% priista, y 8% cornudo. ¡Anímese!. 
CAPRICORNIO: Si va a comprar el resultado de las elecciones para la Senaduría, tenga cuidado, porque si usted paga a quien no debe, tendrá que pagar dos veces. 
ACUARIO: En la duda, mejor absténgase, porque no se sabe si en las pasadas elecciones el sistema traicionó al pueblo, o fue el pueblo quien traicionó al sistema. Convénzase, la “banca fría” es una necesidad del Partido. Sin el pavor de quedar fuera de la nómina, el PRI tendría que cerrar la tienda. 
PISCIS: Si va a traicionar al régimen, no pierda el estilo y la figura de Judas. Si corre delante de los demás, hágalo con clase, para que sepan todos claramente que usted es un desertor. Si se porta como una rata, que sea como una rata veloz. Encuéntranos en Facebook
</post>
<signature>

</signature>
<external_links>

</external_links>
<country>US</country>
<main_image>http://expreso.press/wp-content/uploads/2015/10/ruben-narvaez-diagnostico-politico.jpg</main_image>
</document>
