<?xml version="1.0" encoding="UTF-8"?>
<document>
<type>mainstream</type>
<forum>http://www.washingtonpost.com/news/morning-mix/feed/</forum>
<forum_title>Morning Mix</forum_title>
<discussion_title>So you show up for jury duty and there’s Taylor Swift</discussion_title>
<language>english</language>
<gmt_offset></gmt_offset>
<topic_url>https://www.washingtonpost.com/news/morning-mix/wp/2016/08/30/so-you-show-up-for-jury-duty-and-theres-taylor-swift/</topic_url>
<topic_text>
By Fred Barbash August 30 at 8:30 AM Follow @fbarbash Taylor taking photos with the people in her jury duty group today in Nashville pic.twitter.com/DT1R1kvLJC 
— Taylor Swift News (@TSwiftNZ) August 29, 2016 

Taylor was kind enough to take photos with the fans in her jury duty group and sign autographs for them pic.twitter.com/jhIDpYtU2g 
— Taylor Swift News (@TSwiftNZ) August 29, 2016 

Met @taylorswift13 today at jury duty. She is so nice. #civicduty pic.twitter.com/07rg0cYgW6 
— Ƞ₳₮ĦȺ₦ ĦɄ฿Ƀ₳ɌÐ (@n8foo) August 29, 2016 

Taylor Swift got summoned for jury duty Monday in Nashville and showed up like everyone else, with her little badge that said “juror” and her bar code.
But while the regular folk no doubt relished the thought of serving with her in a long trial, maybe becoming friends, who knows, it wasn’t to be.
According to the Associated Press , the trial for which a jury was required was an aggravated rape and kidnapping case.
A spokesman for the Davidson County district attorney said, “She asked to be left off” the jury selection “out of concern for an upcoming trial in Denver where she was — she used the term ‘groped’ — by a fan at a meet-and-greet.”
Swift, the AP reported, told the judge she would be more than willing to serve otherwise.
The AP reported: “In the Denver case, Swift filed a counterclaim last year after a former radio host sued her. David Mueller claimed he lost his job after a member of Swift’s security team falsely accused him of grabbing the singer’s buttocks backstage during a 2013 photo session. Mueller claimed the person who assaulted Swift was actually one of his superiors.”
She was allowed to leave, but not before posing for selfies with the members of the pool.
Taylor Swift looks really happy to be at jury duty right now https://t.co/NPPS2kQcYs pic.twitter.com/dO572kt0gr 
— BuzzFeed (@BuzzFeed) August 29, 2016 

Relatable pop star Taylor Swift was at jury duty instead of the VMAs https://t.co/NPPS2kQcYs pic.twitter.com/0lr3o6T8E4 
— BuzzFeed (@BuzzFeed) August 29, 2016
</topic_text>
<spam_score>0.00</spam_score>
<post_num>1</post_num>
<post_id>post-1</post_id>
<post_url>https://www.washingtonpost.com/news/morning-mix/wp/2016/08/30/so-you-show-up-for-jury-duty-and-theres-taylor-swift/</post_url>
<post_date>20160830</post_date>
<post_time></post_time>
<username>&lt;a href=&quot;http://www.washingtonpost.com/people/fred-barbash&quot;&gt;&lt;span itemprop=&quot;name&quot;&gt;Fred Barbash</username>
<post>
By Fred Barbash August 30 at 8:30 AM Follow @fbarbash Taylor taking photos with the people in her jury duty group today in Nashville pic.twitter.com/DT1R1kvLJC 
— Taylor Swift News (@TSwiftNZ) August 29, 2016 

Taylor was kind enough to take photos with the fans in her jury duty group and sign autographs for them pic.twitter.com/jhIDpYtU2g 
— Taylor Swift News (@TSwiftNZ) August 29, 2016 

Met @taylorswift13 today at jury duty. She is so nice. #civicduty pic.twitter.com/07rg0cYgW6 
— Ƞ₳₮ĦȺ₦ ĦɄ฿Ƀ₳ɌÐ (@n8foo) August 29, 2016 

Taylor Swift got summoned for jury duty Monday in Nashville and showed up like everyone else, with her little badge that said “juror” and her bar code.
But while the regular folk no doubt relished the thought of serving with her in a long trial, maybe becoming friends, who knows, it wasn’t to be.
According to the Associated Press , the trial for which a jury was required was an aggravated rape and kidnapping case.
A spokesman for the Davidson County district attorney said, “She asked to be left off” the jury selection “out of concern for an upcoming trial in Denver where she was — she used the term ‘groped’ — by a fan at a meet-and-greet.”
Swift, the AP reported, told the judge she would be more than willing to serve otherwise.
The AP reported: “In the Denver case, Swift filed a counterclaim last year after a former radio host sued her. David Mueller claimed he lost his job after a member of Swift’s security team falsely accused him of grabbing the singer’s buttocks backstage during a 2013 photo session. Mueller claimed the person who assaulted Swift was actually one of his superiors.”
She was allowed to leave, but not before posing for selfies with the members of the pool.
Taylor Swift looks really happy to be at jury duty right now https://t.co/NPPS2kQcYs pic.twitter.com/dO572kt0gr 
— BuzzFeed (@BuzzFeed) August 29, 2016 

Relatable pop star Taylor Swift was at jury duty instead of the VMAs https://t.co/NPPS2kQcYs pic.twitter.com/0lr3o6T8E4 
— BuzzFeed (@BuzzFeed) August 29, 2016
</post>
<signature>

</signature>
<external_links>

</external_links>
<country>US</country>
<main_image>https://images.washingtonpost.com/?url=http://img.washingtonpost.com/news/morning-mix/wp-content/uploads/sites/21/2016/08/CrChv9VW8AAz8US.png&amp;amp;w=1484&amp;amp;op=resize&amp;amp;opt=1&amp;amp;filter=antialias</main_image>
</document>
