<?xml version="1.0" encoding="UTF-8"?>
<document>
<type>mainstream</type>
<forum>http://www.allgemeine-zeitung.de/ratgeber/ausbildung-und-beruf/index.rss</forum>
<forum_title>Allgemeine Zeitung - Nachrichten und Tipps zu Beruf, Bildung, Schule und Studium</forum_title>
<discussion_title>Traumjob Pilot: Einsatz im Rettungshubschrauber</discussion_title>
<language>german</language>
<gmt_offset></gmt_offset>
<topic_url>http://www.allgemeine-zeitung.de/ratgeber/ausbildung-und-beruf/beruf/traumjob-pilot-einsatz-im-rettungshubschrauber_17248728.htm</topic_url>
<topic_text>
Rund um den Beruf 29.08.2016 Traumjob Pilot: Einsatz im Rettungshubschrauber 
Sebastian Hilliger, Hubschrauberpilot der Deutschen Luftrettung. Foto: Axel Heimken (Bild: dpa) 
Michael Schoenfeldt, Notarzt der Deutschen Luftrettung (DRF), bereitet sich auf den Abflug des Rettungshubschraubers &quot;Christoph 42&quot; vor. Foto: Axel Heimken (Bild: dpa) 
Sebastian Hilliger, Hubschrauberpilot der Deutschen Luftrettung (DRF), steht vor dem Rettungshubschrauber &quot;Christoph 42&quot;. Foto: Axel Heimken (Bild: dpa) 
Sebastian Hilliger, Hubschrauberpilot der Deutschen Luftrettung im Rettungshubschrauber &quot;Christoph 42&quot;. Foto: Axel Heimken (Bild: dpa) 
Sebastian Hilliger, Hubschrauberpilot der Deutschen Luftrettung (DRF, l-r), Notarzt Michael Schoenfeldt und Notfallsanitäter Frank Schmelzkopf verlassen nach einem Einsatz den Rettungshubschrauber. Foto: Axel Heimken (Bild: dpa) 
Sebastian Hilliger (r), Hubschrauberpilot der Deutschen Luftrettung (DRF, verdeckt), Notfallsanitäter Frank Schmelzkopf (r) und Notarzt Michael Schoenfeldt (l) verladen einen Intensivpatienten in den Rettungshubschrauber. Foto: Axel Heimken (Bild: dpa) 
Sebastian Hilliger (r), Hubschrauberpilot der Deutschen Luftrettung (DRF), verlädt gemeinsam mit externen Notfallsanitätern einen Intensivpatienten in den Rettungshubschrauber Christoph 42, einer Maschine vom Typ BK 117 B2. Foto: Axel Heimken (Bild: dpa)
</topic_text>
<spam_score>0.00</spam_score>
<post_num>1</post_num>
<post_id>post-1</post_id>
<post_url>http://www.allgemeine-zeitung.de/ratgeber/ausbildung-und-beruf/beruf/traumjob-pilot-einsatz-im-rettungshubschrauber_17248728.htm</post_url>
<post_date>20160829</post_date>
<post_time>0231</post_time>
<username></username>
<post>
Rund um den Beruf 29.08.2016 Traumjob Pilot: Einsatz im Rettungshubschrauber 
Sebastian Hilliger, Hubschrauberpilot der Deutschen Luftrettung. Foto: Axel Heimken (Bild: dpa) 
Michael Schoenfeldt, Notarzt der Deutschen Luftrettung (DRF), bereitet sich auf den Abflug des Rettungshubschraubers &quot;Christoph 42&quot; vor. Foto: Axel Heimken (Bild: dpa) 
Sebastian Hilliger, Hubschrauberpilot der Deutschen Luftrettung (DRF), steht vor dem Rettungshubschrauber &quot;Christoph 42&quot;. Foto: Axel Heimken (Bild: dpa) 
Sebastian Hilliger, Hubschrauberpilot der Deutschen Luftrettung im Rettungshubschrauber &quot;Christoph 42&quot;. Foto: Axel Heimken (Bild: dpa) 
Sebastian Hilliger, Hubschrauberpilot der Deutschen Luftrettung (DRF, l-r), Notarzt Michael Schoenfeldt und Notfallsanitäter Frank Schmelzkopf verlassen nach einem Einsatz den Rettungshubschrauber. Foto: Axel Heimken (Bild: dpa) 
Sebastian Hilliger (r), Hubschrauberpilot der Deutschen Luftrettung (DRF, verdeckt), Notfallsanitäter Frank Schmelzkopf (r) und Notarzt Michael Schoenfeldt (l) verladen einen Intensivpatienten in den Rettungshubschrauber. Foto: Axel Heimken (Bild: dpa) 
Sebastian Hilliger (r), Hubschrauberpilot der Deutschen Luftrettung (DRF), verlädt gemeinsam mit externen Notfallsanitätern einen Intensivpatienten in den Rettungshubschrauber Christoph 42, einer Maschine vom Typ BK 117 B2. Foto: Axel Heimken (Bild: dpa)
</post>
<signature>

</signature>
<external_links>

</external_links>
<country>DE</country>
<main_image>http://www.allgemeine-zeitung.de/pics/edition/az/logo_facebook.jpg</main_image>
</document>
