<?xml version="1.0" encoding="UTF-8"?>
<document>
<type>mainstream</type>
<forum>http://donna.fanpage.it/feed/</forum>
<forum_title>Donna FanpageDonna Fanpage</forum_title>
<discussion_title>Margareth Madè elegantissima in bianco: Armani ha firmato i suoi due abiti da sposa</discussion_title>
<language>italian</language>
<gmt_offset></gmt_offset>
<topic_url>http://donna.fanpage.it/margareth-made-elegantissima-in-bianco-armani-ha-firmato-i-suoi-due-abiti-da-sposa/</topic_url>
<topic_text>
di Valeria Paglionico 
Margareth Madè e Giuseppe Zeno si sono sposati lo scorso 20 agosto in gran segreto nella chiesa di San Giovanello a Ortigia, nella parte più vecchia di Siracusa. I due attori sono apparsi in splendida forma e hanno percorso la navata sfoggiando dei look elegantissimi, firmati e realizzati appositamente per l&apos;occasione da Giorgio Armani. 
Per la cerimonia religiosa, Margareth Madè ha indossato un abito bustier della collezione Armani Privè in pizzo color bianco seta, caratterizzato da alcune trasparenze sulle spalle e da una gonna morbida con una leggera coda. A completare il tutto, un lungo velo in tulle, un&apos;acconciatura raccolta e un bouquet di fiori bianchi. Durante i festeggiamenti serali, la sposa ha sfoggiato invece un abito sottoveste con ricamo floreale nei toni del platino, con una profonda scollatura sulla schiena, sempre della collezione Giorgio Armani Privè. 
Anche Giuseppe Zeno è apparso elegantissimo in uno smoking in lana e cachemire della collezione Made to Measure color blu navy, caratterizzato da dei dettagli in gros grain di seta in tinta, giacca con revers a scialle e pantaloni dalla vestibilità asciutta. Insomma, a giudicare dalla cura dei dettagli del look di entrambi gli sposi, è evidente che avevano programmato già da molto il loro matrimonio, anche se sono stati ben attenti a non far trapelare nulla fino al giorno della cerimonia. Vota l&apos;articolo:
</topic_text>
<spam_score>0.00</spam_score>
<post_num>1</post_num>
<post_id>post-1</post_id>
<post_url>http://donna.fanpage.it/margareth-made-elegantissima-in-bianco-armani-ha-firmato-i-suoi-due-abiti-da-sposa/</post_url>
<post_date>20160830</post_date>
<post_time>1014</post_time>
<username>Valeria Paglionico</username>
<post>
di Valeria Paglionico 
Margareth Madè e Giuseppe Zeno si sono sposati lo scorso 20 agosto in gran segreto nella chiesa di San Giovanello a Ortigia, nella parte più vecchia di Siracusa. I due attori sono apparsi in splendida forma e hanno percorso la navata sfoggiando dei look elegantissimi, firmati e realizzati appositamente per l&apos;occasione da Giorgio Armani. 
Per la cerimonia religiosa, Margareth Madè ha indossato un abito bustier della collezione Armani Privè in pizzo color bianco seta, caratterizzato da alcune trasparenze sulle spalle e da una gonna morbida con una leggera coda. A completare il tutto, un lungo velo in tulle, un&apos;acconciatura raccolta e un bouquet di fiori bianchi. Durante i festeggiamenti serali, la sposa ha sfoggiato invece un abito sottoveste con ricamo floreale nei toni del platino, con una profonda scollatura sulla schiena, sempre della collezione Giorgio Armani Privè. 
Anche Giuseppe Zeno è apparso elegantissimo in uno smoking in lana e cachemire della collezione Made to Measure color blu navy, caratterizzato da dei dettagli in gros grain di seta in tinta, giacca con revers a scialle e pantaloni dalla vestibilità asciutta. Insomma, a giudicare dalla cura dei dettagli del look di entrambi gli sposi, è evidente che avevano programmato già da molto il loro matrimonio, anche se sono stati ben attenti a non far trapelare nulla fino al giorno della cerimonia. Vota l&apos;articolo:
</post>
<signature>

</signature>
<external_links>

</external_links>
<country>IT</country>
<main_image>http://static.fanpage.it/wp-content/uploads/sites/11/2016/08/matr.png</main_image>
</document>
