<?xml version="1.0" encoding="UTF-8"?>
<document>
<type>mainstream</type>
<forum>http://jobs.guardian.co.uk/jobsrss/uk/england/south-west/gloucestershire/</forum>
<forum_title>Job Search RSS</forum_title>
<discussion_title>MVV: Application Management Support Teamcenter/NX</discussion_title>
<language>english</language>
<gmt_offset></gmt_offset>
<topic_url>https://jobs.theguardian.com/job/6378856/application-management-support-teamcenter-nx/</topic_url>
<topic_text>
Application Management Support Teamcenter/NX 
Company description 
MVV was founded in 1990 as a software company with focus on balancing manufacturing processes. We are a fast growing consulting company with approximately 50 employees and a broad experience in both product and production development. Primarily, MVV:s customers are in the areas of automotive, offshore, oil/gas and manufacturing. 
To suit the role as a consultant at MVV, we believe that you are positive, driven and outgoing. Since almost all of our assignments are on site it is important to be humble and able to listen to the customer’s needs. You are also independent and solution-oriented. 
Position description 
The IT department at Product Development are now looking for assisting resource to the Application Managers Teamcenter/NX focusing on Collaboration and TcIF (Integration Framework). We are primarily looking for one (1) FTE. 
Background 
The company´s PDM backbone system is based on Teamcenter and the core CAD-system in NX. There is currently approx. 200 users and they are still ramping up. 
Current versions are Tc 10.1.2.2 and NX 9.0.3 
Assignment 
Below is listed key tasks Teamcenter Administration, under leadership of the Application Manager NX Administration, under leadership of the Application Manager Assist in implementing 4-Tier architecture Assist in preparing and deployment of version Tc11 Assist in implementing Teamcenter Integration Framework (TcIF) Assist in Developing Digital Factory Road Map, based on Siemens PLM Portfolio 
Skills and required experience Relevant experience in the work area, minimum 5 years B.Sc or equivalent experience. Knowledge of tools: Teamcenter vers10/11, NX vers 9/10, XML, Databases (SQL/Oracle), Cutting-edge expertise in a specific field: System Development and Application Management 
To succeed as a consultant at MVV International, your personal qualities are very important. We believe you are a good teamplayer who easily blends into a group. Furthermore, you are result-oriented, good at deliver on time and you enjoy a high work rate. 
MVV offers good opportunities to develop your skills by introducing you to challenging assignments, We are proud to say that MVV by many people, is considered to be synonymous with security, career development, solidarity and loyalty. 
How to apply 
Are you looking for an exciting job with challenging and stimulating tasks? Do not hesitate to apply for this job today. 
To apply, please visit our website via the button below. 
For questions or further information, please contact Daniel Hermansson by email or by phone 070-852 60 79
</topic_text>
<spam_score>0.00</spam_score>
<post_num>1</post_num>
<post_id>post-1</post_id>
<post_url>https://jobs.theguardian.com/job/6378856/application-management-support-teamcenter-nx/</post_url>
<post_date>20160830</post_date>
<post_time>0800</post_time>
<username></username>
<post>
Application Management Support Teamcenter/NX 
Company description 
MVV was founded in 1990 as a software company with focus on balancing manufacturing processes. We are a fast growing consulting company with approximately 50 employees and a broad experience in both product and production development. Primarily, MVV:s customers are in the areas of automotive, offshore, oil/gas and manufacturing. 
To suit the role as a consultant at MVV, we believe that you are positive, driven and outgoing. Since almost all of our assignments are on site it is important to be humble and able to listen to the customer’s needs. You are also independent and solution-oriented. 
Position description 
The IT department at Product Development are now looking for assisting resource to the Application Managers Teamcenter/NX focusing on Collaboration and TcIF (Integration Framework). We are primarily looking for one (1) FTE. 
Background 
The company´s PDM backbone system is based on Teamcenter and the core CAD-system in NX. There is currently approx. 200 users and they are still ramping up. 
Current versions are Tc 10.1.2.2 and NX 9.0.3 
Assignment 
Below is listed key tasks Teamcenter Administration, under leadership of the Application Manager NX Administration, under leadership of the Application Manager Assist in implementing 4-Tier architecture Assist in preparing and deployment of version Tc11 Assist in implementing Teamcenter Integration Framework (TcIF) Assist in Developing Digital Factory Road Map, based on Siemens PLM Portfolio 
Skills and required experience Relevant experience in the work area, minimum 5 years B.Sc or equivalent experience. Knowledge of tools: Teamcenter vers10/11, NX vers 9/10, XML, Databases (SQL/Oracle), Cutting-edge expertise in a specific field: System Development and Application Management 
To succeed as a consultant at MVV International, your personal qualities are very important. We believe you are a good teamplayer who easily blends into a group. Furthermore, you are result-oriented, good at deliver on time and you enjoy a high work rate. 
MVV offers good opportunities to develop your skills by introducing you to challenging assignments, We are proud to say that MVV by many people, is considered to be synonymous with security, career development, solidarity and loyalty. 
How to apply 
Are you looking for an exciting job with challenging and stimulating tasks? Do not hesitate to apply for this job today. 
To apply, please visit our website via the button below. 
For questions or further information, please contact Daniel Hermansson by email or by phone 070-852 60 79
</post>
<signature>

</signature>
<external_links>

</external_links>
<country>GB</country>
<main_image>//d1mbyzj6lih1pj.cloudfront.net/assets/dist/images/logo-bluebg.png;v=7d22bbdb3883e1215bb601184e4fe013</main_image>
</document>
