<?xml version="1.0" encoding="UTF-8"?>
<document>
<type>mainstream</type>
<forum></forum>
<forum_title></forum_title>
<discussion_title>An image made with flower petals depicting Saint...Spain</discussion_title>
<language>english</language>
<gmt_offset></gmt_offset>
<topic_url>http://es.ustravelapp.com/post/149688082025/an-image-made-with-flower-petals-depicting-saint</topic_url>
<topic_text>

</topic_text>
<spam_score>0.81</spam_score>
<post_num>1</post_num>
<post_id>post-1</post_id>
<post_url>http://es.ustravelapp.com/post/149688082025/an-image-made-with-flower-petals-depicting-saint</post_url>
<post_date>20160830</post_date>
<post_time></post_time>
<username></username>
<post>

</post>
<signature>

</signature>
<external_links>

</external_links>
<country>US</country>
<main_image>http://67.media.tumblr.com/be58350b9e40a7c9e86dd0480c88324f/tumblr_ocpko5JsDQ1uf1au1o1_1280.jpg</main_image>
</document>
