<?xml version="1.0" encoding="UTF-8"?>
<document>
<type>mainstream</type>
<forum>http://retailnet.pl/feed/</forum>
<forum_title>Retailnet.pl</forum_title>
<discussion_title>Grupa Saller planuje nową inwestycję handlową</discussion_title>
<language>polish</language>
<gmt_offset></gmt_offset>
<topic_url>http://retailnet.pl/2016/08/30/109406-grupa-saller-grupa-saller-planuje-nowa-inwestycje-handlowa/</topic_url>
<topic_text>
Katarzyna Łabuz 30/08/2016 Deweloperzy Park handlowy w Oławie 
Grupa Saller niebawem rozpocznie budowę nowego parku handlowego w Oławie. Projekt zostanie zaprezentowany podczas jesiennej edycji Shopping Center Forum 2016 
Obiekt powstanie w Oławie przy ul. 3. Maja bezpośrednio przy Tesco. Inwestor przewiduje budowę parku handlowego o łącznej powierzchni najmu ponad 7,5 tys. mkw. Wraz z Tesco powstanie w tej lokalizacji jedno z największych skupisk handlu detalicznego z około dwudziestoma nowymi lokalami. 
Zobacz również: Saller zainwestuje w nowe parki handlowe 
– Skomunikowanie z Tesco zostało tak przygotowane, aby klienci mogli czerpać korzyści z dogodnego rozmieszczenia wszystkich sklepów. Oława otrzyma teraz również atrakcyjną ofertę handlu detalicznego i tym samym przyciągnie nowych klientów tak, że podróż do większych miast po bogatszy asortyment nie będzie już konieczna. Park handlowy w Oławie będzie wyróżniał się ciekawą architekturą i starannym wykonaniem – poinformował zarząd Grupy Saller. 
Otwarcie obiektu planowane jest na trzeci kwartał 2017 roku. 
Przypomnijmy, Saller planuje również budowę parków handlowych m.in. w Brzegu, Gryfinie i Pruszczu Gdańskim, a także rozbudowę obiektów w Głogowie oraz Lubaniu. 
Wszystkie projekty Grupy Saller zostaną zaprezentowane na stoisku 3.8 podczas jesiennej edycji Shopping Center Forum 2016  
</topic_text>
<spam_score>0.00</spam_score>
<post_num>1</post_num>
<post_id>post-1</post_id>
<post_url>http://retailnet.pl/2016/08/30/109406-grupa-saller-grupa-saller-planuje-nowa-inwestycje-handlowa/</post_url>
<post_date>20160830</post_date>
<post_time>1319</post_time>
<username>Katarzyna Łabuz</username>
<post>
Katarzyna Łabuz 30/08/2016 Deweloperzy Park handlowy w Oławie 
Grupa Saller niebawem rozpocznie budowę nowego parku handlowego w Oławie. Projekt zostanie zaprezentowany podczas jesiennej edycji Shopping Center Forum 2016 
Obiekt powstanie w Oławie przy ul. 3. Maja bezpośrednio przy Tesco. Inwestor przewiduje budowę parku handlowego o łącznej powierzchni najmu ponad 7,5 tys. mkw. Wraz z Tesco powstanie w tej lokalizacji jedno z największych skupisk handlu detalicznego z około dwudziestoma nowymi lokalami. 
Zobacz również: Saller zainwestuje w nowe parki handlowe 
– Skomunikowanie z Tesco zostało tak przygotowane, aby klienci mogli czerpać korzyści z dogodnego rozmieszczenia wszystkich sklepów. Oława otrzyma teraz również atrakcyjną ofertę handlu detalicznego i tym samym przyciągnie nowych klientów tak, że podróż do większych miast po bogatszy asortyment nie będzie już konieczna. Park handlowy w Oławie będzie wyróżniał się ciekawą architekturą i starannym wykonaniem – poinformował zarząd Grupy Saller. 
Otwarcie obiektu planowane jest na trzeci kwartał 2017 roku. 
Przypomnijmy, Saller planuje również budowę parków handlowych m.in. w Brzegu, Gryfinie i Pruszczu Gdańskim, a także rozbudowę obiektów w Głogowie oraz Lubaniu. 
Wszystkie projekty Grupy Saller zostaną zaprezentowane na stoisku 3.8 podczas jesiennej edycji Shopping Center Forum 2016  
</post>
<signature>

</signature>
<external_links>

</external_links>
<country>PL</country>
<main_image>http://cdn1.retailnet.pl/wp-content/uploads/2016/08/ph-olawa-saller.jpg</main_image>
</document>
