<?xml version="1.0" encoding="UTF-8"?>
<document>
<type>mainstream</type>
<forum>http://www.figyel.hu/rss.xml</forum>
<forum_title>[figyel.hu] - Hírek, percről percre. - RSS szolgáltatás</forum_title>
<discussion_title>ELTE-s lesz a Márton Áron Szakkollégium</discussion_title>
<language>hungarian</language>
<gmt_offset></gmt_offset>
<topic_url>http://www.figyel.hu/hirek/elte-s-lesz-a-marton-aron-szakkollegium</topic_url>
<topic_text>
ELTE-s lesz a Márton Áron Szakkollégium   A Márton Áron Szakkollégium (MÁSZ) az Eötvös Loránd Tudományegyetem (ELTE) részeként működik tovább a jövőben a kormány döntése alapján – közölte a felsőoktatási intézmény. A szakkollégium – amely a Balassi Intézet megszűnése után talál új otthont – a jövőben még magasabb színvonalon kívánja ellátni a külhoni magyar hallgatók és a minőségi magyar felsőoktatás kialakítása érdekében végzett tevékenységét. tovább&gt;&gt;
</topic_text>
<spam_score>0.00</spam_score>
<post_num>1</post_num>
<post_id>post-1</post_id>
<post_url>http://www.figyel.hu/hirek/elte-s-lesz-a-marton-aron-szakkollegium</post_url>
<post_date>20160830</post_date>
<post_time>1442</post_time>
<username></username>
<post>
ELTE-s lesz a Márton Áron Szakkollégium   A Márton Áron Szakkollégium (MÁSZ) az Eötvös Loránd Tudományegyetem (ELTE) részeként működik tovább a jövőben a kormány döntése alapján – közölte a felsőoktatási intézmény. A szakkollégium – amely a Balassi Intézet megszűnése után talál új otthont – a jövőben még magasabb színvonalon kívánja ellátni a külhoni magyar hallgatók és a minőségi magyar felsőoktatás kialakítása érdekében végzett tevékenységét. tovább&gt;&gt;
</post>
<signature>

</signature>
<external_links>

</external_links>
<country>HU</country>
<main_image>http://www.figyel.hu/image/logo/logo_120x240.gif</main_image>
</document>
