<?xml version="1.0" encoding="UTF-8"?>
<document>
<type>mainstream</type>
<forum></forum>
<forum_title></forum_title>
<discussion_title>Weight Loss Healthy Protein Shakes Smoothie Nutrition - Weight Loss Pills</discussion_title>
<language>english</language>
<gmt_offset></gmt_offset>
<topic_url>http://weightlosspills.dieta.one/weight-loss-healthy-protein-shakes-smoothie-nutrition/</topic_url>
<topic_text>
Weight Loss Healthy Protein Shakes Smoothie Nutrition May 27, 2016 Alex 0 Comments 
Weight Loss Healthy Protein Shakes Smoothie Nutrition How to lose weight fast and easy Formula 1 Herbalife Protein DIRECT LINK to this Product information: https://www.goherbalife.com/alexrojas/en-US/Catalog/Weight-Management/Formula-1/Formula-1-Healthy-Meal-Nutritional-Shake-Mix 
Find Catalog of Herbalife Products and prices here: http://www.weightlossnutritionshakes.com 
Formula 1 Healthy Meal Nutritional Shake Mix 
Overview Treat your body to a healthy, balanced meal in no time! Not only are these shakes easy to make, they’re also delicious. With up to 21 essential vitamins and minerals – and in a variety of flavors – weight management never tasted so good! Part of the Herbalife Nutrition. 
Key Benefits A healthy meal with up to 21 vitamins and minerals and essential nutrients. 9 g of protein and fiber help support weight management. 0 cholesterol; 0 trans fats Formula 1 gives you protein and balanced nutrition. Herbalife Nutrition 
Details Formula 1 shakes include protein, fiber and essential nutrients that can help support metabolic function at the cellular level. Usage Blend or stir 2 scoops (25 g) of Formula 1 with 8 fl. oz. of nonfat milk or soy milk. Be sure to add fresh fruit and ice. 
Find Catalog of Herbalife Products and prices here: http://www.weightlossnutritionshakes.com 
————– If you wish to have more information about how you can benefit from the Herbalife Business Opportunity locally, nationwide or worldwide. 
– Part Time Supplemental Income– Six Figure Career Level Income– Financial Independence and Ultimate Lifestyle 
I will be very happy to assist you and sponsor you anywhere in the world, contact me to provide you an Access Code and Sponsor Number. 
Contact me here: 
</topic_text>
<spam_score>0.01</spam_score>
<post_num>1</post_num>
<post_id>post-1</post_id>
<post_url>http://weightlosspills.dieta.one/weight-loss-healthy-protein-shakes-smoothie-nutrition/</post_url>
<post_date>20160527</post_date>
<post_time></post_time>
<username></username>
<post>
Weight Loss Healthy Protein Shakes Smoothie Nutrition May 27, 2016 Alex 0 Comments 
Weight Loss Healthy Protein Shakes Smoothie Nutrition How to lose weight fast and easy Formula 1 Herbalife Protein DIRECT LINK to this Product information: https://www.goherbalife.com/alexrojas/en-US/Catalog/Weight-Management/Formula-1/Formula-1-Healthy-Meal-Nutritional-Shake-Mix 
Find Catalog of Herbalife Products and prices here: http://www.weightlossnutritionshakes.com 
Formula 1 Healthy Meal Nutritional Shake Mix 
Overview Treat your body to a healthy, balanced meal in no time! Not only are these shakes easy to make, they’re also delicious. With up to 21 essential vitamins and minerals – and in a variety of flavors – weight management never tasted so good! Part of the Herbalife Nutrition. 
Key Benefits A healthy meal with up to 21 vitamins and minerals and essential nutrients. 9 g of protein and fiber help support weight management. 0 cholesterol; 0 trans fats Formula 1 gives you protein and balanced nutrition. Herbalife Nutrition 
Details Formula 1 shakes include protein, fiber and essential nutrients that can help support metabolic function at the cellular level. Usage Blend or stir 2 scoops (25 g) of Formula 1 with 8 fl. oz. of nonfat milk or soy milk. Be sure to add fresh fruit and ice. 
Find Catalog of Herbalife Products and prices here: http://www.weightlossnutritionshakes.com 
————– If you wish to have more information about how you can benefit from the Herbalife Business Opportunity locally, nationwide or worldwide. 
– Part Time Supplemental Income– Six Figure Career Level Income– Financial Independence and Ultimate Lifestyle 
I will be very happy to assist you and sponsor you anywhere in the world, contact me to provide you an Access Code and Sponsor Number. 
Contact me here: 
</post>
<signature>

</signature>
<external_links>

</external_links>
<country>US</country>
<main_image>http://weightlosspills.dieta.one/wp-content/uploads/2016/07/weight-loss-healthy-protein-shak.jpg</main_image>
</document>
