<?xml version="1.0" encoding="UTF-8"?>
<document>
<type>mainstream</type>
<forum>http://jobs.guardian.co.uk/jobsrss/uk/england/south-west/gloucestershire/</forum>
<forum_title>Job Search RSS</forum_title>
<discussion_title>ACADEMICS : Graduate - East London - Teaching Assistant - Primary- Sept &apos;16</discussion_title>
<language>english</language>
<gmt_offset></gmt_offset>
<topic_url>https://jobs.theguardian.com/job/6378852/graduate-east-london-teaching-assistant-primary-sept-16/</topic_url>
<topic_text>
** EAST LONDON PRIMARY SCHOOL - NEEDS GRADUATE TEACHING ASSISTANTS!!** 
Graduates - Teaching Assistant - East London - Primary - Full time - September 2016 start - 2x positions available Fixed contract Graduate Teaching Assistant positions Full academic year Graduate Teaching Assistant positions Full time Graduate Teaching Assistant positions £65 per day!! 
An outstanding Primary School in East London is currently looking for 2 Graduates to join their support team as Teaching Assistants as of the new academic year. 
This Primary School is considered to be of a high standard within East London. Working alongside the local community and Parents/Guardians, the Primary Schools Teachers and support staff strive to ensure that their pupils are consistently achieving well both academically and as a member of society. 
The Teaching Assistant positions available require Graduates who possess friendly, supportive and nurturing personalities. Graduates will need to be adaptable as working with children means activities and plans can often change quickly and without warning. Additionally, Graduates who are committed and reliable are preferred as these individuals will be relied on by the Teacher within the classroom environment on a day to day basis. Activities a Graduate Teaching Assistant will partake in range from helping children in a 1:1 scenario, to overseeing classroom exercises, to setting up the classroom. Working within a Teaching Assistant position is something that can be busy and demanding, but ultimately the right Graduate will benefit hugely from the great experience this role has to offer. 
The right Graduate will have the following for these Teaching Assistant roles; 
. A recent Degree (2.1 or above) 
. Experience working with children (preferable) 
. Be able to commit to full time 
. Be able to commit to the full academic year as of September 1st 2016 
. Be committed to a Teaching Assistant position 
For all Graduate Teaching Assistant applications please send a detailed CV to the attention of Becki Dedman at Academics.
</topic_text>
<spam_score>0.00</spam_score>
<post_num>1</post_num>
<post_id>post-1</post_id>
<post_url>https://jobs.theguardian.com/job/6378852/graduate-east-london-teaching-assistant-primary-sept-16/</post_url>
<post_date>20160830</post_date>
<post_time>1604</post_time>
<username></username>
<post>
** EAST LONDON PRIMARY SCHOOL - NEEDS GRADUATE TEACHING ASSISTANTS!!** 
Graduates - Teaching Assistant - East London - Primary - Full time - September 2016 start - 2x positions available Fixed contract Graduate Teaching Assistant positions Full academic year Graduate Teaching Assistant positions Full time Graduate Teaching Assistant positions £65 per day!! 
An outstanding Primary School in East London is currently looking for 2 Graduates to join their support team as Teaching Assistants as of the new academic year. 
This Primary School is considered to be of a high standard within East London. Working alongside the local community and Parents/Guardians, the Primary Schools Teachers and support staff strive to ensure that their pupils are consistently achieving well both academically and as a member of society. 
The Teaching Assistant positions available require Graduates who possess friendly, supportive and nurturing personalities. Graduates will need to be adaptable as working with children means activities and plans can often change quickly and without warning. Additionally, Graduates who are committed and reliable are preferred as these individuals will be relied on by the Teacher within the classroom environment on a day to day basis. Activities a Graduate Teaching Assistant will partake in range from helping children in a 1:1 scenario, to overseeing classroom exercises, to setting up the classroom. Working within a Teaching Assistant position is something that can be busy and demanding, but ultimately the right Graduate will benefit hugely from the great experience this role has to offer. 
The right Graduate will have the following for these Teaching Assistant roles; 
. A recent Degree (2.1 or above) 
. Experience working with children (preferable) 
. Be able to commit to full time 
. Be able to commit to the full academic year as of September 1st 2016 
. Be committed to a Teaching Assistant position 
For all Graduate Teaching Assistant applications please send a detailed CV to the attention of Becki Dedman at Academics.
</post>
<signature>

</signature>
<external_links>

</external_links>
<country>GB</country>
<main_image>//d1mbyzj6lih1pj.cloudfront.net/assets/dist/images/logo-bluebg.png;v=7d22bbdb3883e1215bb601184e4fe013</main_image>
</document>
