<?xml version="1.0" encoding="UTF-8"?>
<document>
<type>mainstream</type>
<forum>http://actu.cotetoulouse.fr/feed</forum>
<forum_title>Côté Toulouse</forum_title>
<discussion_title>Policier agressé au couteau à Toulouse : ce que l’on sait</discussion_title>
<language>french</language>
<gmt_offset></gmt_offset>
<topic_url>http://actu.cotetoulouse.fr/policier-agresse-couteau-toulouse-ce-que-on-sait_44246/</topic_url>
<topic_text>
Accueil › Faits-divers Policier agressé au couteau à Toulouse : ce que l&apos;on sait Après l&apos;agression au couteau d&apos;un adjoint de sécurité dans un commissariat de Toulouse, on en sait un peu plus sur le déroulement des faits. Le point. Publié le : 30/08/2016 à 16:53 partages Le commissariat où se sont déroulés les faits a été fermé dans l&apos;après-midi (Photo Côté Toulouse Delphine Russeil) 
Un adjoint de sécurité a été agressé mardi 30 août dans l’accueil du commissariat de la rue du Rempart-Saint-Etienne à Toulouse. Les faits se sont déroulés peu après 14h30 au moment ou un individu, prétextant un dépôt de plainte, a pénétré dans l’enceinte du commissariat. 
Selon Luc Escoda, du syndicat de police Alliance, l’homme, âgé d’une trentaine d’années, s’en serait alors pris immédiatement à un adjoint de sécurité. Il se serait jeté sur lui pour tenter de lui subtiliser son arme jetant les deux hommes dans une violente mêlée. Pronostic vital non engagé 
Devant la résistance de l’adjoint de sécurité, l’individu aurait alors saisi un couteau de cuisine qu’il dissimulait dans son dos et aurait porté un coup à la gorge du fonctionnaire de police avant d’être maitrisé par d’autres policiers. 
Pris en charge rapidement par les secours, l’adjoint de sécurité a été transporté au CHU pour recevoir des points de suture. Ses jours ne sont pas en danger. 
Afin de faciliter les premières constatations effectués par la police judiciaire saisie de l’enquête, le secteur a été bouclé pendant près de deux heures. La rue du Rempart St Étienne bouclée à #Toulouse après l’ #agression au couteau d’un #policier dans le commissariat. pic.twitter.com/aAEws9RBeP — Delphine Russeil (@DRusseil) August 30, 2016 
Peu avant 16h30, la circulation a pu reprendre sur cet axe proche de la préfecture de Haute-Garonne. Des déclarations confuses 
D’après Didier Martinez, le secrétaire général régional du syndicat SGP-Police, sollicité par Côté Toulouse, « l’agresseur n’aurait pas parlé au moment des faits. Ce n’est qu’une fois interpellé qu’il se serait exprimé mais ces premières déclarations étaient très confuses ». 
Une conférence de presse du procureur de Toulouse Pierre-Yves Couilleau est prévue à 17h. Le commissariat a quant lui fermé ses portes dans l’après-midi. Xavier Lalu
</topic_text>
<spam_score>0.00</spam_score>
<post_num>1</post_num>
<post_id>post-1</post_id>
<post_url>http://actu.cotetoulouse.fr/policier-agresse-couteau-toulouse-ce-que-on-sait_44246/</post_url>
<post_date>20160830</post_date>
<post_time>1453</post_time>
<username>Xavier Lalu</username>
<post>
Accueil › Faits-divers Policier agressé au couteau à Toulouse : ce que l&apos;on sait Après l&apos;agression au couteau d&apos;un adjoint de sécurité dans un commissariat de Toulouse, on en sait un peu plus sur le déroulement des faits. Le point. Publié le : 30/08/2016 à 16:53 partages Le commissariat où se sont déroulés les faits a été fermé dans l&apos;après-midi (Photo Côté Toulouse Delphine Russeil) 
Un adjoint de sécurité a été agressé mardi 30 août dans l’accueil du commissariat de la rue du Rempart-Saint-Etienne à Toulouse. Les faits se sont déroulés peu après 14h30 au moment ou un individu, prétextant un dépôt de plainte, a pénétré dans l’enceinte du commissariat. 
Selon Luc Escoda, du syndicat de police Alliance, l’homme, âgé d’une trentaine d’années, s’en serait alors pris immédiatement à un adjoint de sécurité. Il se serait jeté sur lui pour tenter de lui subtiliser son arme jetant les deux hommes dans une violente mêlée. Pronostic vital non engagé 
Devant la résistance de l’adjoint de sécurité, l’individu aurait alors saisi un couteau de cuisine qu’il dissimulait dans son dos et aurait porté un coup à la gorge du fonctionnaire de police avant d’être maitrisé par d’autres policiers. 
Pris en charge rapidement par les secours, l’adjoint de sécurité a été transporté au CHU pour recevoir des points de suture. Ses jours ne sont pas en danger. 
Afin de faciliter les premières constatations effectués par la police judiciaire saisie de l’enquête, le secteur a été bouclé pendant près de deux heures. La rue du Rempart St Étienne bouclée à #Toulouse après l’ #agression au couteau d’un #policier dans le commissariat. pic.twitter.com/aAEws9RBeP — Delphine Russeil (@DRusseil) August 30, 2016 
Peu avant 16h30, la circulation a pu reprendre sur cet axe proche de la préfecture de Haute-Garonne. Des déclarations confuses 
D’après Didier Martinez, le secrétaire général régional du syndicat SGP-Police, sollicité par Côté Toulouse, « l’agresseur n’aurait pas parlé au moment des faits. Ce n’est qu’une fois interpellé qu’il se serait exprimé mais ces premières déclarations étaient très confuses ». 
Une conférence de presse du procureur de Toulouse Pierre-Yves Couilleau est prévue à 17h. Le commissariat a quant lui fermé ses portes dans l’après-midi. Xavier Lalu
</post>
<signature>

</signature>
<external_links>

</external_links>
<country>FR</country>
<main_image>http://actu.cotetoulouse.fr/files/2016/08/IMG_20160830_161431.jpg</main_image>
</document>
