<?xml version="1.0" encoding="UTF-8"?>
<document>
<type>mainstream</type>
<forum>http://rssfeeds.wzzm13.com/_/20/107904770/wzzm13-education</forum>
<forum_title>WZZM - Education</forum_title>
<discussion_title>Which schools had the top SAT scores?</discussion_title>
<language>english</language>
<gmt_offset></gmt_offset>
<topic_url>http://rssfeeds.wzzm13.com/_/20/107904770/http&amp;#x3a;&amp;#x2f;&amp;#x2f;www&amp;#x2e;wzzm13&amp;#x2e;com&amp;#x2f;news&amp;#x2f;education&amp;#x2f;which-michigan-high-schools-had-the-top-sat-scores&amp;#x2f;311218348</topic_url>
<topic_text>
Which Michigan high schools had the top SAT scores? Lori Higgins, Detroit Free Press , WZZM 10:36   Stack of school books and apple on desk in empty classroom (Photo: Thinkstock) CONNECT TWEET LINKEDIN GOOGLE+ PINTEREST 
MICHIGAN - It’s no surprise that the high schools with the top SAT scores in the state have some of the most rigorous, college preparatory programs. 
Among the top 10 are schools such as the Bloomfield Hills-based International Academy, a school that draws students from across Oakland County. It uses the tough International Baccalaureate Organization curriculum, which is based on world-class standards. 
The schools also tend to have wealthier populations than the average school in Michigan. 
► Database : Find SAT and M-STEP scores for your school 
Overall, there was little change in test scores for students in grades 3-8. Statewide, 47% of students were proficient in English language arts in grades 3-8, while 37% were proficient in math. In science, just 24% were proficient, and 30% were proficient in social studies. 
The M-STEP also included the SAT. On that exam, the statewide average score was 1001. The top total score on the SAT is 1600; the lowest is 400. The exam covers two subjects, evidence-based reading and writing, and math. The SAT was completely revamped this year to better assess readiness for college and careers. Therefore, scores can&apos;t be compared to previous years. 
Here are the top scoring schools, with their average SAT score and the number of students tested: International Academy, Bloomfield Hills, 1334, 350 Washtenaw International High School, Ypsilanti, 1302, 94 International Academy of Macomb, Clinton Township, 1296, 112 City Middle/High School, Grand Rapids, 1246, 76 Northville High School, 1192, 552 Rochester Adams High School, 1188, 403 Troy High School, 1187, 485 Saginaw Arts and Sciences Academy, 1186, 55 East Grand Rapids High School, 1184, 238 Saline High School, 1177, 424
</topic_text>
<spam_score>0.00</spam_score>
<post_num>1</post_num>
<post_id>post-1</post_id>
<post_url>http://rssfeeds.wzzm13.com/_/20/107904770/http&amp;#x3a;&amp;#x2f;&amp;#x2f;www&amp;#x2e;wzzm13&amp;#x2e;com&amp;#x2f;news&amp;#x2f;education&amp;#x2f;which-michigan-high-schools-had-the-top-sat-scores&amp;#x2f;311218348</post_url>
<post_date>20160830</post_date>
<post_time>1436</post_time>
<username></username>
<post>
Which Michigan high schools had the top SAT scores? Lori Higgins, Detroit Free Press , WZZM 10:36   Stack of school books and apple on desk in empty classroom (Photo: Thinkstock) CONNECT TWEET LINKEDIN GOOGLE+ PINTEREST 
MICHIGAN - It’s no surprise that the high schools with the top SAT scores in the state have some of the most rigorous, college preparatory programs. 
Among the top 10 are schools such as the Bloomfield Hills-based International Academy, a school that draws students from across Oakland County. It uses the tough International Baccalaureate Organization curriculum, which is based on world-class standards. 
The schools also tend to have wealthier populations than the average school in Michigan. 
► Database : Find SAT and M-STEP scores for your school 
Overall, there was little change in test scores for students in grades 3-8. Statewide, 47% of students were proficient in English language arts in grades 3-8, while 37% were proficient in math. In science, just 24% were proficient, and 30% were proficient in social studies. 
The M-STEP also included the SAT. On that exam, the statewide average score was 1001. The top total score on the SAT is 1600; the lowest is 400. The exam covers two subjects, evidence-based reading and writing, and math. The SAT was completely revamped this year to better assess readiness for college and careers. Therefore, scores can&apos;t be compared to previous years. 
Here are the top scoring schools, with their average SAT score and the number of students tested: International Academy, Bloomfield Hills, 1334, 350 Washtenaw International High School, Ypsilanti, 1302, 94 International Academy of Macomb, Clinton Township, 1296, 112 City Middle/High School, Grand Rapids, 1246, 76 Northville High School, 1192, 552 Rochester Adams High School, 1188, 403 Troy High School, 1187, 485 Saginaw Arts and Sciences Academy, 1186, 55 East Grand Rapids High School, 1184, 238 Saline High School, 1177, 424
</post>
<signature>

</signature>
<external_links>

</external_links>
<country>US</country>
<main_image>http://content.wzzm13.com/photo/2016/03/08/desk%20in%20classroom_1457448516185_913409_ver1.0_640_360.jpg</main_image>
</document>
