<?xml version="1.0" encoding="UTF-8"?>
<document>
<type>mainstream</type>
<forum>http://donna.fanpage.it/feed/</forum>
<forum_title>Donna FanpageDonna Fanpage</forum_title>
<discussion_title>Da Nicole Kidman a Penelope Cruz: le star di Hollywood nel Calendario Pirelli 2017</discussion_title>
<language>italian</language>
<gmt_offset></gmt_offset>
<topic_url>http://donna.fanpage.it/da-nicole-kidman-a-penelope-cruz-le-star-di-hollywood-nel-calendario-pirelli-2017/</topic_url>
<topic_text>
di Valeria Paglionico 
Con l&apos;avvicinarsi della fine dell&apos;anno, cresce il desiderio di conoscere tutti i dettagli del nuovo Calendario Pirelli, uno degli appuntamenti più attesi, nonché un iconico simbolo di sensualità e bellezza. Qualche mese fa, era già stato comunicato che gli scatti sarebbero stati realizzati per la terza volta nella storia da Peter Lindbergh , fotografo tedesco di 72 anni che ha contribuito a far emergere le top model degli anni Novanta , ma solo di recente stanno cominciando a trapelare i primi dettagli su quelle che saranno le protagoniste. 
L&apos;edizione 2017 del Calendario Pirelli sarà dedicata alle grandi star del cinema e dirà addio al nudo artistico. Nicole Kidman, Penelope Cruz, Uma Thurman e Kate Winslet sono solo alcune delle attrici hollywoodiane che, con le loro forme sensuali e con la loro capacità di lasciare senza fiato il pubblico con un solo sguardo, accompagneranno il passare dei mesi. 
Ad essere state immortalate tra maggio e luglio sui diversi set di New York, Los Angeles, Berlino, Londra e Le Toquet, anche altri nomi noti nel mondo del cinema come Julianne Moore, Rooney Mara, Charlotte Rampling, Helen Mirren, Alicia Vikander, Zhang Ziyi, Robin Wright, Jessica Chastain, Lupita Nyong&apos;o, Lea Seydoux e Anastasia Ignatova. Facendo riferimento alle foto realizzate per il Calendario più atteso dell&apos;anno, il fotografo Peter Lindbergh ha spiegato 
Il mio Pirelli è un calendario non nudo, che spoglia l’anima delle attrici: quindi è più nudo del nudo. The Cal 2017 sarà un calendario sulla sensibilità, sull’emozione, non certo sui corpi perfetti. 
Lindbergh, scelto per la terza volta per realizzare il Calendario, dopo l&apos;edizione del 1996 e quella del 2002, ambientate in set cinematografici, ha rinnovato la sua passione per il cinema scegliendo le donne che ne fanno parte. Questa volta non ha puntato su giovani modelle e su immagini di nudo ma sulla bellezza e sulla sensualità di donne che hanno superato i 40 anni, che, nonostante l&apos;età, conservano ancora il fascino irresistibile che le ha sempre contraddistinte. Tutti quelli che non vedono l&apos;ora di vedere le dive in versione sensuale, dovranno aspettare ancora: l’edizione 2017 di The Cal sarà svelata a Parigi il prossimo 29 novembre. Vota l&apos;articolo:
</topic_text>
<spam_score>0.00</spam_score>
<post_num>1</post_num>
<post_id>post-1</post_id>
<post_url>http://donna.fanpage.it/da-nicole-kidman-a-penelope-cruz-le-star-di-hollywood-nel-calendario-pirelli-2017/</post_url>
<post_date>20160830</post_date>
<post_time>1125</post_time>
<username>Valeria Paglionico</username>
<post>
di Valeria Paglionico 
Con l&apos;avvicinarsi della fine dell&apos;anno, cresce il desiderio di conoscere tutti i dettagli del nuovo Calendario Pirelli, uno degli appuntamenti più attesi, nonché un iconico simbolo di sensualità e bellezza. Qualche mese fa, era già stato comunicato che gli scatti sarebbero stati realizzati per la terza volta nella storia da Peter Lindbergh , fotografo tedesco di 72 anni che ha contribuito a far emergere le top model degli anni Novanta , ma solo di recente stanno cominciando a trapelare i primi dettagli su quelle che saranno le protagoniste. 
L&apos;edizione 2017 del Calendario Pirelli sarà dedicata alle grandi star del cinema e dirà addio al nudo artistico. Nicole Kidman, Penelope Cruz, Uma Thurman e Kate Winslet sono solo alcune delle attrici hollywoodiane che, con le loro forme sensuali e con la loro capacità di lasciare senza fiato il pubblico con un solo sguardo, accompagneranno il passare dei mesi. 
Ad essere state immortalate tra maggio e luglio sui diversi set di New York, Los Angeles, Berlino, Londra e Le Toquet, anche altri nomi noti nel mondo del cinema come Julianne Moore, Rooney Mara, Charlotte Rampling, Helen Mirren, Alicia Vikander, Zhang Ziyi, Robin Wright, Jessica Chastain, Lupita Nyong&apos;o, Lea Seydoux e Anastasia Ignatova. Facendo riferimento alle foto realizzate per il Calendario più atteso dell&apos;anno, il fotografo Peter Lindbergh ha spiegato 
Il mio Pirelli è un calendario non nudo, che spoglia l’anima delle attrici: quindi è più nudo del nudo. The Cal 2017 sarà un calendario sulla sensibilità, sull’emozione, non certo sui corpi perfetti. 
Lindbergh, scelto per la terza volta per realizzare il Calendario, dopo l&apos;edizione del 1996 e quella del 2002, ambientate in set cinematografici, ha rinnovato la sua passione per il cinema scegliendo le donne che ne fanno parte. Questa volta non ha puntato su giovani modelle e su immagini di nudo ma sulla bellezza e sulla sensualità di donne che hanno superato i 40 anni, che, nonostante l&apos;età, conservano ancora il fascino irresistibile che le ha sempre contraddistinte. Tutti quelli che non vedono l&apos;ora di vedere le dive in versione sensuale, dovranno aspettare ancora: l’edizione 2017 di The Cal sarà svelata a Parigi il prossimo 29 novembre. Vota l&apos;articolo:
</post>
<signature>

</signature>
<external_links>

</external_links>
<country>IT</country>
<main_image>http://static.fanpage.it/wp-content/uploads/sites/11/2016/08/NICOLE_KIDMAN_433-MEDIUM-Res.jpg</main_image>
</document>
