<?xml version="1.0" encoding="UTF-8"?>
<document>
<type>mainstream</type>
<forum>http://handelsblatt.com//contentexport/feed/top-themen/</forum>
<forum_title>Handelsblatt Online Top-Themen</forum_title>
<discussion_title>Börse Frankfurt: Dax zeigt sich von seiner starken Seite</discussion_title>
<language>german</language>
<gmt_offset></gmt_offset>
<topic_url>http://www.handelsblatt.com/finanzen/maerkte/marktberichte/boerse-frankfurt-dax-zeigt-sich-von-seiner-starken-seite/14472316.html</topic_url>
<topic_text>
Play Börse am Mittag : Der Dax schwimmt in seinem Sommerloch Frankfurt Der Rückenwind von der Wall Street hat dem deutschen Aktienmarkt am Dienstag wieder auf die Beine geholfen. Der Dax schaffte gleich zu Handelsbeginn den Sprung über die psychologisch wichtige Marke von 10 600 Punkten. Am Nachmittag notierte der deutsche Leitindex 0,99 Prozent im Plus bei 10 648,59 Zählern, womit er den schwachen Wochenauftakt ausbügelte.
Jochen Stanzl von CMC Markets machte auch den weiter schwächelnden Euro als Triebfeder für die hiesigen Notierungen aus. Ein schwacher Euro verbessert die Exportaussichten deutscher Konzerne außerhalb der Eurozone.
Starinvestor : Apple und andere Riesen in Warren Buffetts Portfolio Chartanalyse American Express 
Die vier wichtigsten Titel (1/4) 

Fast 60 Prozent des Aktienwerts in Warren Buffetts Portfolio geht auf vier Einzeltitel zurück. Dazu zählt der Kreditkartenanbieter American Express. An der Beteiligung hat sich auch im zweiten Quartal nichts geändert.
Buffetts Anteile: mehr als 151 Millionen Stück
Veränderung im zweiten Quartal 2016 : unverändert
Quelle aller Angaben: 13-F-Pflichtveröffentlichungen bei der US-Börsenaufsicht SEC für das zweite Quartal 2016 (nur US-Aktien). Stand: 16. August 2016. 
Bild 1 von 44 Für den MDax der mittelgroßen Unternehmen ging es um 0,53 Prozent auf 21 631,76 Punkte hoch und der Technologiewerte-Index TecDax rückte um 0,97 Prozent auf 1742,25 Punkte vor. Klare Gewinne verbuchten auch Europas Börsen: Der Eurozonen-Leitindex EuroStoxx 50 stieg um 1,00 Prozent auf 3028,41 Punkte.
An der Wall Street hatte die Aussicht auf steigende Zinsen am Montag etwas von ihrem Schrecken verloren: Die wichtigsten US-Aktienindizes schlossen nach einer an den Vortagen verhaltenen Entwicklung allesamt in der Gewinnzone. Nun warten die Anleger auf Nachrichten aus der US-Konjunktur.
Im Dax gehörten Banktitel zu den größten Gewinnern: Deutsche Bank und Commerzbank legten um 3,02 beziehungsweise 1,89 Prozent zu. Sie profitierten laut Börsianern von den zuletzt gestiegenen Kursen der Finanztitel an der Wall Street und Nachrichten zur Unicredit . Einem bisher unbestätigten Pressebericht zufolge könnte die italienische Bank vor dem Verkauf eines milliardenschweren Pakets mit ausfallbedrohten Krediten stehen.
</topic_text>
<spam_score>0.00</spam_score>
<post_num>1</post_num>
<post_id>post-1</post_id>
<post_url>http://www.handelsblatt.com/finanzen/maerkte/marktberichte/boerse-frankfurt-dax-zeigt-sich-von-seiner-starken-seite/14472316.html</post_url>
<post_date>20160830</post_date>
<post_time>0748</post_time>
<username>handelsblatt.com</username>
<post>
Play Börse am Mittag : Der Dax schwimmt in seinem Sommerloch Frankfurt Der Rückenwind von der Wall Street hat dem deutschen Aktienmarkt am Dienstag wieder auf die Beine geholfen. Der Dax schaffte gleich zu Handelsbeginn den Sprung über die psychologisch wichtige Marke von 10 600 Punkten. Am Nachmittag notierte der deutsche Leitindex 0,99 Prozent im Plus bei 10 648,59 Zählern, womit er den schwachen Wochenauftakt ausbügelte.
Jochen Stanzl von CMC Markets machte auch den weiter schwächelnden Euro als Triebfeder für die hiesigen Notierungen aus. Ein schwacher Euro verbessert die Exportaussichten deutscher Konzerne außerhalb der Eurozone.
Starinvestor : Apple und andere Riesen in Warren Buffetts Portfolio Chartanalyse American Express 
Die vier wichtigsten Titel (1/4) 

Fast 60 Prozent des Aktienwerts in Warren Buffetts Portfolio geht auf vier Einzeltitel zurück. Dazu zählt der Kreditkartenanbieter American Express. An der Beteiligung hat sich auch im zweiten Quartal nichts geändert.
Buffetts Anteile: mehr als 151 Millionen Stück
Veränderung im zweiten Quartal 2016 : unverändert
Quelle aller Angaben: 13-F-Pflichtveröffentlichungen bei der US-Börsenaufsicht SEC für das zweite Quartal 2016 (nur US-Aktien). Stand: 16. August 2016. 
Bild 1 von 44 Für den MDax der mittelgroßen Unternehmen ging es um 0,53 Prozent auf 21 631,76 Punkte hoch und der Technologiewerte-Index TecDax rückte um 0,97 Prozent auf 1742,25 Punkte vor. Klare Gewinne verbuchten auch Europas Börsen: Der Eurozonen-Leitindex EuroStoxx 50 stieg um 1,00 Prozent auf 3028,41 Punkte.
An der Wall Street hatte die Aussicht auf steigende Zinsen am Montag etwas von ihrem Schrecken verloren: Die wichtigsten US-Aktienindizes schlossen nach einer an den Vortagen verhaltenen Entwicklung allesamt in der Gewinnzone. Nun warten die Anleger auf Nachrichten aus der US-Konjunktur.
Im Dax gehörten Banktitel zu den größten Gewinnern: Deutsche Bank und Commerzbank legten um 3,02 beziehungsweise 1,89 Prozent zu. Sie profitierten laut Börsianern von den zuletzt gestiegenen Kursen der Finanztitel an der Wall Street und Nachrichten zur Unicredit . Einem bisher unbestätigten Pressebericht zufolge könnte die italienische Bank vor dem Verkauf eines milliardenschweren Pakets mit ausfallbedrohten Krediten stehen.
</post>
<signature>

</signature>
<external_links>

</external_links>
<country>DE</country>
<main_image>http://www.handelsblatt.com/images/was-macht-der-dax/14472350/2-format2010.jpg</main_image>
</document>
