<?xml version="1.0" encoding="UTF-8"?>
<document>
<type>mainstream</type>
<forum>http://www.tauschgnom.de/wicket/resource/org.apache.wicket.Application/new-products-feed</forum>
<forum_title>Tauschgnom.de - Tauschbörse für Bücher, Filme, Musik, Kleidung, Spiele und Verschiedenes</forum_title>
<discussion_title>Tschick</discussion_title>
<language>german</language>
<gmt_offset></gmt_offset>
<topic_url>http://www.tauschgnom.de/product/tschick/936144</topic_url>
<topic_text>
Cover wie neu,gering nachgedunkelt Beschreibung 
«Ein klappriges Auto kam die Straße runtergefahren. Es fuhr langsam auf unser Haus zu und bog in die Garagenauffahrt ein. Eine Minute stand der hellblaue Lada Niva mit laufendem Motor vor unserer Garage, dann wurde der Motor abgestellt. Die Fahrertür ging auf, Tschick stieg aus. Er legte beide Ellenbogen aufs Autodach und sah zu, wie ich den Rasen sprengte. ‹Ah›, sagte er, und dann sagte er lange nichts mehr. ‹Macht das Spaß?›» Mutter in der Entzugsklinik, Vater mit Assistentin auf Geschäftsreise: Maik Klingenberg wird die großen Ferien allein am Pool der elterlichen Villa verbringen. Doch dann kreuzt Tschick auf. Tschick, eigentlich Andrej Tschichatschow, kommt aus einem der Asi-Hochhäuser in Hellersdorf, hat es von der Förderschule irgendwie bis aufs Gymnasium geschafft und wirkt doch nicht gerade wie das Musterbeispiel der Integration. Außerdem hat er einen geklauten Wagen zur Hand. Und damit beginnt eine Reise ohne Karte und Kompass durch die sommerglühende deutsche Provinz, unvergesslich wie die Flussfahrt von Tom Sawyer und Huck Finn.
</topic_text>
<spam_score>0.00</spam_score>
<post_num>1</post_num>
<post_id>post-1</post_id>
<post_url>http://www.tauschgnom.de/product/tschick/936144</post_url>
<post_date>20160830</post_date>
<post_time>1458</post_time>
<username></username>
<post>
Cover wie neu,gering nachgedunkelt Beschreibung 
«Ein klappriges Auto kam die Straße runtergefahren. Es fuhr langsam auf unser Haus zu und bog in die Garagenauffahrt ein. Eine Minute stand der hellblaue Lada Niva mit laufendem Motor vor unserer Garage, dann wurde der Motor abgestellt. Die Fahrertür ging auf, Tschick stieg aus. Er legte beide Ellenbogen aufs Autodach und sah zu, wie ich den Rasen sprengte. ‹Ah›, sagte er, und dann sagte er lange nichts mehr. ‹Macht das Spaß?›» Mutter in der Entzugsklinik, Vater mit Assistentin auf Geschäftsreise: Maik Klingenberg wird die großen Ferien allein am Pool der elterlichen Villa verbringen. Doch dann kreuzt Tschick auf. Tschick, eigentlich Andrej Tschichatschow, kommt aus einem der Asi-Hochhäuser in Hellersdorf, hat es von der Förderschule irgendwie bis aufs Gymnasium geschafft und wirkt doch nicht gerade wie das Musterbeispiel der Integration. Außerdem hat er einen geklauten Wagen zur Hand. Und damit beginnt eine Reise ohne Karte und Kompass durch die sommerglühende deutsche Provinz, unvergesslich wie die Flussfahrt von Tom Sawyer und Huck Finn.
</post>
<signature>

</signature>
<external_links>

</external_links>
<country>DE</country>
<main_image></main_image>
</document>
