<?xml version="1.0" encoding="UTF-8"?>
<document>
<type>mainstream</type>
<forum>http://brandonsun.com//rss?path=/business/breaking-news</forum>
<forum_title>Business Breaking News</forum_title>
<discussion_title>ICE Futures Canada Tuesday morning: Canola prices lower, barley unchanged</discussion_title>
<language>english</language>
<gmt_offset></gmt_offset>
<topic_url>http://www.brandonsun.com/business/breaking-news/ice-futures-canada-tuesday-morning-canola-prices-lower-barley-unchanged-391742481.html</topic_url>
<topic_text>
 
</topic_text>
<spam_score>0.00</spam_score>
<post_num>1</post_num>
<post_id>post-1</post_id>
<post_url>http://www.brandonsun.com/business/breaking-news/ice-futures-canada-tuesday-morning-canola-prices-lower-barley-unchanged-391742481.html</post_url>
<post_date>20160830</post_date>
<post_time>1455</post_time>
<username></username>
<post>
 
</post>
<signature>

</signature>
<external_links>

</external_links>
<country>US</country>
<main_image>http://media.winnipegfreepress.com/designimages/squaresun_web+(1).jpg</main_image>
</document>
