<?xml version="1.0" encoding="UTF-8"?>
<document>
<type>mainstream</type>
<forum></forum>
<forum_title></forum_title>
<discussion_title>I-49 and Peculiar Way Interchange Ribbon Cutting Celebration September 13th – 921News KMAM-KMOE</discussion_title>
<language>english</language>
<gmt_offset></gmt_offset>
<topic_url>http://921news.com/i-49-and-peculiar-way-interchange-ribbon-cutting-celebration-september-13th/</topic_url>
<topic_text>
Home Local News I-49 and Peculiar Way Interchange Ribbon Cutting Celebration September 13th I-49 and Peculiar Way Interchange Ribbon Cutting Celebration September 13th 921News.com with all your news, sports, &amp; weather. We have been dedicated to serving you since 1962. 
Click Here to view map of new interchange ﻿ About KMAM-KMOE FM92 News Room 5250 Articles The FM-92 News Desk has been keeping you and our community informed since 1962! 
</topic_text>
<spam_score>0.38</spam_score>
<post_num>1</post_num>
<post_id>post-1</post_id>
<post_url>http://921news.com/i-49-and-peculiar-way-interchange-ribbon-cutting-celebration-september-13th/</post_url>
<post_date>20160830</post_date>
<post_time></post_time>
<username>Kmam-Kmoe News Room</username>
<post>
Home Local News I-49 and Peculiar Way Interchange Ribbon Cutting Celebration September 13th I-49 and Peculiar Way Interchange Ribbon Cutting Celebration September 13th 921News.com with all your news, sports, &amp; weather. We have been dedicated to serving you since 1962. 
Click Here to view map of new interchange ﻿ About KMAM-KMOE FM92 News Room 5250 Articles The FM-92 News Desk has been keeping you and our community informed since 1962! 
</post>
<signature>

</signature>
<external_links>

</external_links>
<country>SG</country>
<main_image>http://i1.wp.com/921news.com/N19621530/news/wp-content/uploads/2016/07/IMG_6262.jpg?fit=600%2C305</main_image>
</document>
