<?xml version="1.0" encoding="UTF-8"?>
<document>
<type>mainstream</type>
<forum>http://www.leonoticias.com/rss/atom/?seccion=ultima-hora</forum>
<forum_title>RSS de noticias de ultima-hora</forum_title>
<discussion_title>Una apuesta por la tradición</discussion_title>
<language>spanish</language>
<gmt_offset></gmt_offset>
<topic_url>http://www.leonoticias.com/comarcas/201608/30/apuesta-tradicion-20160830170811.html</topic_url>
<topic_text>
Llיvatelo 
La Diputación de León ha otorgado la declaración de &apos;Manifestaciones de Interés Turístico Provincial&apos; a 36 fiestas de toda la provincia durante los últimos años. Se trata de un reconocimiento a través del que la institución provincial intenta poner en valor la singularidad de las celebraciones populares leonesas que se siguen llevando a cabo y que suponen un atractivo más en las diferentes comarcas. 
Con este título, la Diputación garantiza su apoyo a las manifestaciones culturales en las que se encuentran reflejadas la civilización y la herencia histórica, social y cultural de la provincia. Entre ellas se encuentran romerías, celebraciones religiosas o carnavales, entre otras. 
ón, existen unos requisitos obligatorios que deben reunir todas las celebraciones que quieran optar a él. Así, en primer lugar, las celebraciones deberán superar los 30 de años de antigüedad, o suponer la recuperación de una tradición centenaria. Además deben de ser originales, es decir, que los elementos en los que se basan hagan de la celebración un acontecimiento singular respecto a las que se celebren en otras localidades. También deben tener una marcada tradición popular, siendo el motivo exclusivamente de arraigo popular. La institución provincial verificará durante los próximos cuatro años el contenido de las celebraciones que reciban la declaración. 
ño la Diputación ha declarado Manifestaciones de &apos;Interés Turístico Provincial&apos; a nueve celebraciones que han sido: 
Romería de Nuestra Señora de la Virgen del Villar en Carrizo de la Ribera. 
Romería de San Guillermo en Peñacorada. 
Magosto de Páramo del Sil. 
Romería de San Marcos de Sahagún. 
Rogativa de Pascua en Valdesamario. 
Procesión del entierro el Viernes Santo en la Semana Santa de Valencia de Don Juan. 
El Antruido de la Montaña de Riaño. 
El Antruejo de Carrizo de la Ribera. 
Los Campaneiros en Truchas 
• 
• 
•ón de la Virgen de Gracia en Mansilla de las Mulas 
•ía del Buen Suceso en Huergas de Gordón 
Las Trashumancia en Prioro 
La Zafarronada de Omaña en Riello 
La Romería de Camposagrado 
Los Mayos Artísticos de Santa Elena de Jamuz 
Romería de San Froilán en Valverde 
Las Candelas de Cea 
Vía Crucis Viviente en Jiménez de Jamuz 
El Antruejo Tradicional de Llamas de la Ribera 
El Encuentro de Campaneros en Villavante 
Romería de Villasfrías de Villanueva del Condado 
El Antruejo de Velilla de la Reina 
Fiesta de la Cañamona de Matanza de los Oteros 
Romería del Pan y del Queso de Valderas 
Feria del Ajo de Santa Marina del Rey 
Romería de la Virgen de Trascastro 
Romería de San Froilán de Valdorria 
El Santo Potajero de La Bañeza 
Los Pastores de Joarilla de las Matas 
Salida del Santo en Bembibre 
Festival Nacional de Exaltación del Botillo de Bembibre 
Belén artesano de Folgoso de la Ribera 
Fiesta Carballeda del Val del San Lorenzo 
Romería Popular de Carrasconte 
El Corpus de Laguna de Negrillos 
Romería de Riosol en Maraña 
Nuestra Señora y San Roque de POsda de Omaña 
Festa do Maio de Villafranca del Bierzo 
Romería de Fombasallá de Paradaseca (Villafranca del Bierzo) 
Festividad de la Virgen de la Corona en el Valle de Valdeón 
Romería de la Virgen de las Angustias en La Milla del Páramo 
• s lo m
</topic_text>
<spam_score>0.00</spam_score>
<post_num>1</post_num>
<post_id>post-1</post_id>
<post_url>http://www.leonoticias.com/comarcas/201608/30/apuesta-tradicion-20160830170811.html</post_url>
<post_date>20160830</post_date>
<post_time>1715</post_time>
<username></username>
<post>
Llיvatelo 
La Diputación de León ha otorgado la declaración de &apos;Manifestaciones de Interés Turístico Provincial&apos; a 36 fiestas de toda la provincia durante los últimos años. Se trata de un reconocimiento a través del que la institución provincial intenta poner en valor la singularidad de las celebraciones populares leonesas que se siguen llevando a cabo y que suponen un atractivo más en las diferentes comarcas. 
Con este título, la Diputación garantiza su apoyo a las manifestaciones culturales en las que se encuentran reflejadas la civilización y la herencia histórica, social y cultural de la provincia. Entre ellas se encuentran romerías, celebraciones religiosas o carnavales, entre otras. 
ón, existen unos requisitos obligatorios que deben reunir todas las celebraciones que quieran optar a él. Así, en primer lugar, las celebraciones deberán superar los 30 de años de antigüedad, o suponer la recuperación de una tradición centenaria. Además deben de ser originales, es decir, que los elementos en los que se basan hagan de la celebración un acontecimiento singular respecto a las que se celebren en otras localidades. También deben tener una marcada tradición popular, siendo el motivo exclusivamente de arraigo popular. La institución provincial verificará durante los próximos cuatro años el contenido de las celebraciones que reciban la declaración. 
ño la Diputación ha declarado Manifestaciones de &apos;Interés Turístico Provincial&apos; a nueve celebraciones que han sido: 
Romería de Nuestra Señora de la Virgen del Villar en Carrizo de la Ribera. 
Romería de San Guillermo en Peñacorada. 
Magosto de Páramo del Sil. 
Romería de San Marcos de Sahagún. 
Rogativa de Pascua en Valdesamario. 
Procesión del entierro el Viernes Santo en la Semana Santa de Valencia de Don Juan. 
El Antruido de la Montaña de Riaño. 
El Antruejo de Carrizo de la Ribera. 
Los Campaneiros en Truchas 
• 
• 
•ón de la Virgen de Gracia en Mansilla de las Mulas 
•ía del Buen Suceso en Huergas de Gordón 
Las Trashumancia en Prioro 
La Zafarronada de Omaña en Riello 
La Romería de Camposagrado 
Los Mayos Artísticos de Santa Elena de Jamuz 
Romería de San Froilán en Valverde 
Las Candelas de Cea 
Vía Crucis Viviente en Jiménez de Jamuz 
El Antruejo Tradicional de Llamas de la Ribera 
El Encuentro de Campaneros en Villavante 
Romería de Villasfrías de Villanueva del Condado 
El Antruejo de Velilla de la Reina 
Fiesta de la Cañamona de Matanza de los Oteros 
Romería del Pan y del Queso de Valderas 
Feria del Ajo de Santa Marina del Rey 
Romería de la Virgen de Trascastro 
Romería de San Froilán de Valdorria 
El Santo Potajero de La Bañeza 
Los Pastores de Joarilla de las Matas 
Salida del Santo en Bembibre 
Festival Nacional de Exaltación del Botillo de Bembibre 
Belén artesano de Folgoso de la Ribera 
Fiesta Carballeda del Val del San Lorenzo 
Romería Popular de Carrasconte 
El Corpus de Laguna de Negrillos 
Romería de Riosol en Maraña 
Nuestra Señora y San Roque de POsda de Omaña 
Festa do Maio de Villafranca del Bierzo 
Romería de Fombasallá de Paradaseca (Villafranca del Bierzo) 
Festividad de la Virgen de la Corona en el Valle de Valdeón 
Romería de la Virgen de las Angustias en La Milla del Páramo 
• s lo m
</post>
<signature>

</signature>
<external_links>

</external_links>
<country>ES</country>
<main_image>http://www.leonoticias.com/noticias/201608/30/media/mascara.jpg</main_image>
</document>
