<?xml version="1.0" encoding="UTF-8"?>
<document>
<type>mainstream</type>
<forum></forum>
<forum_title></forum_title>
<discussion_title>Dringend gesucht Renault Premium 460. - Seite 3 - LKW und Auflieger mieten und leasen - Forum-Speditionen | Das größte Forum der Transportbranche</discussion_title>
<language>german</language>
<gmt_offset></gmt_offset>
<topic_url>http://www.forum-speditionen.de/dringend-gesucht-renault-premium-460-18148?pageNo=3&amp;amp;s=d5d9c830889e88441718886410af10b4dfe1fbf9</topic_url>
<topic_text>
68erChris schrieb: Was hier einige für OT schreiben ist schon unglaublich....Keinen anderen Platz zum austoben? Z.B. ein anderes Forum ? Ich würde dem TE raten es in Frankreich zu versuchen. Dort ist der Premium recht beliebt, speziell bei großen Firmen wie ND. Beliebt ist nicht der richtige Ausdruck . ND Polen fährt Daimler , der französische Retmann ableger fährt Renault , hier haben die nur Daimler . Hat wohl was mit dem Staat zutun , wenn du früher Renault gekauft hast , nur Michi bereift und nur Elf und Total Öl freigegeben . also... ich habe mit so einem &quot;Fahrzeug&quot; mal eine Panne in Frankreich gehabt....Schaltkulisse gebrochen!! Hat nur 24h gedauert...war total schön beim Kunden auf dem Parkplatz auf sein Ersatzteil zu warten! Aber das tollste war das der Monteur aus Antwerpen erstmal 2,5h anfahrt hatte zu meinem havarierten LKW.... Ich dachte immer Antwerpen liegt in Belgien ? 
</topic_text>
<spam_score>0.05</spam_score>
<post_num>1</post_num>
<post_id>post-1</post_id>
<post_url>http://www.forum-speditionen.de/dringend-gesucht-renault-premium-460-18148?pageNo=3&amp;amp;s=d5d9c830889e88441718886410af10b4dfe1fbf9</post_url>
<post_date>20150501</post_date>
<post_time></post_time>
<username></username>
<post>
68erChris schrieb: Was hier einige für OT schreiben ist schon unglaublich....Keinen anderen Platz zum austoben? Z.B. ein anderes Forum ? Ich würde dem TE raten es in Frankreich zu versuchen. Dort ist der Premium recht beliebt, speziell bei großen Firmen wie ND. Beliebt ist nicht der richtige Ausdruck . ND Polen fährt Daimler , der französische Retmann ableger fährt Renault , hier haben die nur Daimler . Hat wohl was mit dem Staat zutun , wenn du früher Renault gekauft hast , nur Michi bereift und nur Elf und Total Öl freigegeben . also... ich habe mit so einem &quot;Fahrzeug&quot; mal eine Panne in Frankreich gehabt....Schaltkulisse gebrochen!! Hat nur 24h gedauert...war total schön beim Kunden auf dem Parkplatz auf sein Ersatzteil zu warten! Aber das tollste war das der Monteur aus Antwerpen erstmal 2,5h anfahrt hatte zu meinem havarierten LKW.... Ich dachte immer Antwerpen liegt in Belgien ? 
</post>
<signature>

</signature>
<external_links>

</external_links>
<country>DE</country>
<main_image></main_image>
</document>
