<?xml version="1.0" encoding="UTF-8"?>
<document>
<type>mainstream</type>
<forum>http://expreso.press/feed/</forum>
<forum_title>Expreso</forum_title>
<discussion_title>¡Súper Tito!</discussion_title>
<language>spanish</language>
<gmt_offset></gmt_offset>
<topic_url>http://expreso.press/2016/08/30/super-tito/</topic_url>
<topic_text>
Estás en: Expreso &gt; Deportes &gt; ¡Súper Tito! ¡Súper Tito! La escuadra de Tito López se impuso en el tercer duelo de la serie a Cerveceros por pizarra de 7-5 y es el nuevo campeón de la Liga Regional de Béisbol en su categoría Primera...  10:06 AM  Comparte en Facebook  Comparte en Twitter 
CIUDAD VICTORIA, Tamaulipas.- En el tercero y último juego de la serie de la Liga Regional de Béisbol de la categoría Primera Fuerza, la escuadra de Tito López se impuso a los Cerveceros y así se quedaron con el título al sumar dos triunfos en los tres cotejos disputados en el nuevo Parque de Béisbol. 
Los Cerveceros iban de nuevo por el campeonato, pues eran los jefes del torneo desde hace par de temporadas pero con el 7-5 en la pizarra la novena de Tito López terminó con la hegemonía de los Cerveceros y quedaron el campeonato de la te Liga Regional de Béisbol. 
Una buena asistencia fue la que presentó las gradas del nuevo Parque de Béisbol, aficionados de ambos equipos se hicieron presentes haciendo una buena asistencia al nueva sede de la capital del ‘Rey de los Deportes’. 
En el primer encuentro la novena de Tito López había tomado ventaja por pizarra de 5-3 pero en el segundo encuentro de la serie, Cerveceros se había impuesto por tanteador de 5-4. 
En el tercer duelo se iba a decidir todo, por lo que se esperaba un gran partido y así fue pues ambas escuadras dejaron todo en el diamante demostrando que fueron los mejores conjuntos de toda la temporada. 
Por parte de los Tito López quien guió al triunfo de su equipo fue el pitcher Isaac Martínez quien estuvo en siete entradas permitiendo 12 hits, eliminando a cuatro bateadores; entró de relevo Sergio López y Albín Sánchez. 
Fue en la última entrada donde los Cerveceros perdieron el juego pues recibieron cuatro carreras pues su pitcher Luis Juárez no pudo mantener la buena participación que tenía hasta antes del octavo episodio y la novena de Tito López aprovechó para tomar buena ventaja la misma que perduraría hasta el último y así quedó campeón. 
Cabe hacer mención que la escuadra de Tito López tuvo un fin de temporada redondo, pues se convirtió en el primer equipo de la Liga Regional de Béisbol que se corona en el Praxedis Balboa, además de tener en su fila al primer bateador que sacó la pelota de dicho inmueble, Noé Rodríguez. 
LOS CAMPEONES
</topic_text>
<spam_score>0.00</spam_score>
<post_num>1</post_num>
<post_id>post-1</post_id>
<post_url>http://expreso.press/2016/08/30/super-tito/</post_url>
<post_date>20160830</post_date>
<post_time>1506</post_time>
<username>Redacción</username>
<post>
Estás en: Expreso &gt; Deportes &gt; ¡Súper Tito! ¡Súper Tito! La escuadra de Tito López se impuso en el tercer duelo de la serie a Cerveceros por pizarra de 7-5 y es el nuevo campeón de la Liga Regional de Béisbol en su categoría Primera...  10:06 AM  Comparte en Facebook  Comparte en Twitter 
CIUDAD VICTORIA, Tamaulipas.- En el tercero y último juego de la serie de la Liga Regional de Béisbol de la categoría Primera Fuerza, la escuadra de Tito López se impuso a los Cerveceros y así se quedaron con el título al sumar dos triunfos en los tres cotejos disputados en el nuevo Parque de Béisbol. 
Los Cerveceros iban de nuevo por el campeonato, pues eran los jefes del torneo desde hace par de temporadas pero con el 7-5 en la pizarra la novena de Tito López terminó con la hegemonía de los Cerveceros y quedaron el campeonato de la te Liga Regional de Béisbol. 
Una buena asistencia fue la que presentó las gradas del nuevo Parque de Béisbol, aficionados de ambos equipos se hicieron presentes haciendo una buena asistencia al nueva sede de la capital del ‘Rey de los Deportes’. 
En el primer encuentro la novena de Tito López había tomado ventaja por pizarra de 5-3 pero en el segundo encuentro de la serie, Cerveceros se había impuesto por tanteador de 5-4. 
En el tercer duelo se iba a decidir todo, por lo que se esperaba un gran partido y así fue pues ambas escuadras dejaron todo en el diamante demostrando que fueron los mejores conjuntos de toda la temporada. 
Por parte de los Tito López quien guió al triunfo de su equipo fue el pitcher Isaac Martínez quien estuvo en siete entradas permitiendo 12 hits, eliminando a cuatro bateadores; entró de relevo Sergio López y Albín Sánchez. 
Fue en la última entrada donde los Cerveceros perdieron el juego pues recibieron cuatro carreras pues su pitcher Luis Juárez no pudo mantener la buena participación que tenía hasta antes del octavo episodio y la novena de Tito López aprovechó para tomar buena ventaja la misma que perduraría hasta el último y así quedó campeón. 
Cabe hacer mención que la escuadra de Tito López tuvo un fin de temporada redondo, pues se convirtió en el primer equipo de la Liga Regional de Béisbol que se corona en el Praxedis Balboa, además de tener en su fila al primer bateador que sacó la pelota de dicho inmueble, Noé Rodríguez. 
LOS CAMPEONES
</post>
<signature>

</signature>
<external_links>

</external_links>
<country>US</country>
<main_image>http://expreso.press/wp-content/uploads/2016/08/8-1A-3.jpg</main_image>
</document>
