<?xml version="1.0" encoding="UTF-8"?>
<document>
<type>mainstream</type>
<forum></forum>
<forum_title></forum_title>
<discussion_title>Man&apos;s body discovered on grounds of Liberton High School | Forth 1 - Number 1 for Edinburgh. Your Music, Your Life.</discussion_title>
<language>english</language>
<gmt_offset></gmt_offset>
<topic_url>http://www.forth1.com/localnews/mans-body-discovered-on-grounds-of-liberton-high-school/</topic_url>
<topic_text>
Man&apos;s body discovered on grounds of Liberton High School Posted on Tuesday 30 August 2016 
A man&apos;s body has been discovered in the grounds of Liberton High School in Edinburgh. 
The remains were found in a wooded area by the playing fields in the city&apos;s Gilmerton area this afternoon (30th August). 
The death is currently being treated as unexplained. 
A Police Scotland spokesman said: ``A man&apos;s body was discovered in a wooded area at Liberton High School. 
``It was reported around 1.30pm on Tuesday August 30. 
``The death is being treated as unexplained and enquiries to establish the full circumstances are at an early stage.&apos;&apos; 

</topic_text>
<spam_score>0.13</spam_score>
<post_num>1</post_num>
<post_id>post-1</post_id>
<post_url>http://www.forth1.com/localnews/mans-body-discovered-on-grounds-of-liberton-high-school/</post_url>
<post_date>20160830</post_date>
<post_time></post_time>
<username></username>
<post>
Man&apos;s body discovered on grounds of Liberton High School Posted on Tuesday 30 August 2016 
A man&apos;s body has been discovered in the grounds of Liberton High School in Edinburgh. 
The remains were found in a wooded area by the playing fields in the city&apos;s Gilmerton area this afternoon (30th August). 
The death is currently being treated as unexplained. 
A Police Scotland spokesman said: ``A man&apos;s body was discovered in a wooded area at Liberton High School. 
``It was reported around 1.30pm on Tuesday August 30. 
``The death is being treated as unexplained and enquiries to establish the full circumstances are at an early stage.&apos;&apos; 

</post>
<signature>

</signature>
<external_links>

</external_links>
<country>US</country>
<main_image>http://mediastorage.bauermedia.co.uk/36/c261f/174ed/09a5b/b7ac9/e202b/32864/IMG_1216_778x436.JPG?1472566775</main_image>
</document>
