<?xml version="1.0" encoding="UTF-8"?>
<document>
<type>mainstream</type>
<forum>http://www.marler-zeitung.de/staedte/recklinghausen/?_XML=rss</forum>
<forum_title>Recklinghausen | www.marler-zeitung.de</forum_title>
<discussion_title>Polizei sucht Fahrraddieb</discussion_title>
<language>german</language>
<gmt_offset></gmt_offset>
<topic_url>http://www.recklinghaeuser-zeitung.de/staedte/recklinghausen/45657-Recklinghausen~/Gymnasium-Petrinum-Polizei-sucht-Fahrraddieb;art1000,1861343</topic_url>
<topic_text>
Anmeldung über Cookie merken Gymnasium Petrinum : Polizei sucht Fahrraddieb RECKLINGHAUSEN Der Besitzer war im Unterricht, da schlug der Täter zu: Die Polizei sucht per Öffentlichkeitsfahndung nach einem Mann, der auf dem Fahrrad-Parkplatz am Gymnasium Petrinum das Rad eines 15-jährigen Recklinghäusers gestohlen hat. Artikel drucken 
Die Polizei fragt: Wer kennt diesen Mann? Foto: Polizei Recklinghausen Es passierte am 22. Juni: Gegen 8.20 Uhr machte sich der Gesuchte an dem Rad seines Opfers auf dem Fahrrad-Parkplatz an der Heilige-Geist-Straße zu schaffen. Was der Täter nicht ahnte: Ein Zeuge beobachtete sein Treiben und fotografierte den Fahrraddieb mit seiner Handykamera. &quot;Da es ansonsten wenig Ermittlungsansätze gibt, ist das für uns natürlich ein Glücksfall&quot;, sagt Polizeisprecher Michael Franz. Nach einem richterlichen Beschluss darf dieses Handy-Foto nun veröffentlicht werden - in der Hoffnung, dass Bürger den Mann wiedererkennen. Wer Hinweise zu der Identität des Gesuchten machen kann, sollte sich bei der Polizei unter Tel. 0800/2361111 melden.
</topic_text>
<spam_score>0.00</spam_score>
<post_num>1</post_num>
<post_id>post-1</post_id>
<post_url>http://www.recklinghaeuser-zeitung.de/staedte/recklinghausen/45657-Recklinghausen~/Gymnasium-Petrinum-Polizei-sucht-Fahrraddieb;art1000,1861343</post_url>
<post_date>20160830</post_date>
<post_time>1401</post_time>
<username></username>
<post>
Anmeldung über Cookie merken Gymnasium Petrinum : Polizei sucht Fahrraddieb RECKLINGHAUSEN Der Besitzer war im Unterricht, da schlug der Täter zu: Die Polizei sucht per Öffentlichkeitsfahndung nach einem Mann, der auf dem Fahrrad-Parkplatz am Gymnasium Petrinum das Rad eines 15-jährigen Recklinghäusers gestohlen hat. Artikel drucken 
Die Polizei fragt: Wer kennt diesen Mann? Foto: Polizei Recklinghausen Es passierte am 22. Juni: Gegen 8.20 Uhr machte sich der Gesuchte an dem Rad seines Opfers auf dem Fahrrad-Parkplatz an der Heilige-Geist-Straße zu schaffen. Was der Täter nicht ahnte: Ein Zeuge beobachtete sein Treiben und fotografierte den Fahrraddieb mit seiner Handykamera. &quot;Da es ansonsten wenig Ermittlungsansätze gibt, ist das für uns natürlich ein Glücksfall&quot;, sagt Polizeisprecher Michael Franz. Nach einem richterlichen Beschluss darf dieses Handy-Foto nun veröffentlicht werden - in der Hoffnung, dass Bürger den Mann wiedererkennen. Wer Hinweise zu der Identität des Gesuchten machen kann, sollte sich bei der Polizei unter Tel. 0800/2361111 melden.
</post>
<signature>

</signature>
<external_links>

</external_links>
<country>DE</country>
<main_image>http://www.marler-zeitung.de/storage/pic/lokales/recklinghausen/1403469_2_rzl_fahrraddieb_internet.jpg?version=1472565104</main_image>
</document>
