<?xml version="1.0" encoding="UTF-8"?>
<document>
<type>mainstream</type>
<forum>http://www.noticiascyl.com/feed</forum>
<forum_title>Noticiascyl</forum_title>
<discussion_title>Cortes en Isabel la Católica para pintar los pasos de peatones</discussion_title>
<language>spanish</language>
<gmt_offset></gmt_offset>
<topic_url>http://www.noticiascyl.com/valladolid/2016/08/30/cortes-en-isabel-la-catolica-para-pintar-los-pasos-de-peatones/</topic_url>
<topic_text>
Cortes en Isabel la Católica para pintar los pasos de peatones 30 agosto, 2016 0 El paseo Isabel la Católica de Valladolid. 
El paseo de Isabel la Católica sufrirá cortes en el tráfico este miércoles, entre las 10.00 y las 18.00 horas, y el jueves entre las 10.00 y las 16.00 horas para pintar los pasos de peatones, según ha informado hoy el Ayuntamiento de Valladolid. Los trabajos de adecuación de la señalización de los pasos para peatones a la normativa en vigor que se están llevando a cabo esta semana en la céntrica avenida obliga a los cortes de tráfico. 
Se prohibirá el giro hacia la derecha desde el puente de Poniente hacia el paseo de Isabel la Católica sentido San Ildefonso, el resto de movimientos permitidos hacia la plaza de Poniente y hacia el paseo de Isabel la Católica sentido Puente Mayor se podrán realizar como de costumbre, así como la circulación de vehículos por Isabel la Católica sentido Puente Mayor- San Ildefonso pero por un solo carril de forma alternativa en función del carril ocupado para realizar el fresado de la pintura azul, de la misma forma a la que se vienen realizando los trabajos en los pasos para peatones de esta misma vía durante esta semana. 
Jueves entre las 10 y las 14 horas 
Se cortará totalmente al tráfico rodado el acceso al paseo de Isabel la Católica desde la plaza de San Nicolás, de forma que los vehículos procedentes de la calle Mirabel solo podrán continuar de frente hacia el Puente Mayor o girar a la derecha hacia el paseo del Renacimiento. 
Estas circunstancias ya han sido puestas en conocimiento del Jefe de la Sala del Centro de Operaciones de la Policía Municipal para al mismo tiempo solicitar apoyo por parte de dicho servicio para la realización de las reordenaciones de tráfico descritas anteriormente, y de la empresa municipal de transporte AUVASA a los efectos oportunos. Compartir
</topic_text>
<spam_score>0.00</spam_score>
<post_num>1</post_num>
<post_id>post-1</post_id>
<post_url>http://www.noticiascyl.com/valladolid/2016/08/30/cortes-en-isabel-la-catolica-para-pintar-los-pasos-de-peatones/</post_url>
<post_date>20160830</post_date>
<post_time>1436</post_time>
<username>Isaac Barrientos</username>
<post>
Cortes en Isabel la Católica para pintar los pasos de peatones 30 agosto, 2016 0 El paseo Isabel la Católica de Valladolid. 
El paseo de Isabel la Católica sufrirá cortes en el tráfico este miércoles, entre las 10.00 y las 18.00 horas, y el jueves entre las 10.00 y las 16.00 horas para pintar los pasos de peatones, según ha informado hoy el Ayuntamiento de Valladolid. Los trabajos de adecuación de la señalización de los pasos para peatones a la normativa en vigor que se están llevando a cabo esta semana en la céntrica avenida obliga a los cortes de tráfico. 
Se prohibirá el giro hacia la derecha desde el puente de Poniente hacia el paseo de Isabel la Católica sentido San Ildefonso, el resto de movimientos permitidos hacia la plaza de Poniente y hacia el paseo de Isabel la Católica sentido Puente Mayor se podrán realizar como de costumbre, así como la circulación de vehículos por Isabel la Católica sentido Puente Mayor- San Ildefonso pero por un solo carril de forma alternativa en función del carril ocupado para realizar el fresado de la pintura azul, de la misma forma a la que se vienen realizando los trabajos en los pasos para peatones de esta misma vía durante esta semana. 
Jueves entre las 10 y las 14 horas 
Se cortará totalmente al tráfico rodado el acceso al paseo de Isabel la Católica desde la plaza de San Nicolás, de forma que los vehículos procedentes de la calle Mirabel solo podrán continuar de frente hacia el Puente Mayor o girar a la derecha hacia el paseo del Renacimiento. 
Estas circunstancias ya han sido puestas en conocimiento del Jefe de la Sala del Centro de Operaciones de la Policía Municipal para al mismo tiempo solicitar apoyo por parte de dicho servicio para la realización de las reordenaciones de tráfico descritas anteriormente, y de la empresa municipal de transporte AUVASA a los efectos oportunos. Compartir
</post>
<signature>

</signature>
<external_links>

</external_links>
<country>ES</country>
<main_image>http://www.noticiascyl.com/wp-content/uploads/2016/08/avenida-isabel-la-catolica-valladolid-1.jpg</main_image>
</document>
