<?xml version="1.0" encoding="UTF-8"?>
<document>
<type>mainstream</type>
<forum>http://feeds.foxnews.com/foxnews/section/lifestyle</forum>
<forum_title>FOX News</forum_title>
<discussion_title>Michigan restaurant admits to recycling old chips and salsa</discussion_title>
<language>english</language>
<gmt_offset></gmt_offset>
<topic_url>http://www.foxnews.com/leisure/2016/08/30/michigan-restaurant-admits-to-recycling-old-chips-and-salsa/</topic_url>
<topic_text>
Published August 30, 2016 FoxNews.com   livefyre Email Print A Mexican restaurant owner admitted to reserving chips and salsa to multiple guests.  (iStock) 
A Mexican restaurant in Michigan is under investigation by local health officials after a former waitress accused the eatery of routinely reserving food to customers. 
On Aug. 23, Kristie Bowie, who says she is the mother of a 16-year-old former server, posted on Facebook that her daughter had been ordered not to throw away salsa, chips or any food items that appeared untouched, even if they had been previously served to customers.
“She was told not to throw away the salsa, chips, etc that come back that &quot;looked&quot; like they haven&apos;t been touched! She did not feel comfortable with this so asked the owner if it was true. He said is was true so she put her notice in and worked her shift. The owner belittled my daughter telling her she had no common sense and asked her if she is such a clean freak why is her apron dirty!” Bowie posted.

The post has since been shared almost 3,000 times.
Former Su Casa worker Anthony Rigozzi confirmed Su Casa’s reusable food practice to West Michigan’s WWMT. 
“They will have used meat out and just hang it back up after the health department tells them to take it down,” says Rigozzi. “They will put it right back up as soon as they leave.&quot;
When contacted by WWMT, Su Casa’s owner Edgar Suarez admitted that he does in fact re-serve food—but he just didn’t know any better.
“I thought it was okay and the health department said it&apos;s not possible, you cannot do that,” Suarez, who has owned the restaurant for six years, told the station. “I didn&apos;t realize that even if people did not touch them or they were still in the tray, I thought everything was good.&quot;
Su Casa has previously received a citation from the Van Buren County Health Department for malfunctioning dishwasher and “exposed roast pork.” The restaurant has received another citation for reserving food.
Suarez says he’s now learned his lesson and will stop dishing out pre-picked over chips and salsa.
Says the restaurant owner, “Now we ask people before we bring anything out, we ask them would you like chips and salsa so there&apos;s no confusion in the near future.”
FoxNews.com has contacted the Van Buren Health Department about its policy on restaurant citations and closures but Su Casa is still open for business.
</topic_text>
<spam_score>0.00</spam_score>
<post_num>2</post_num>
<post_id>post-2</post_id>
<post_url>http://www.foxnews.com/leisure/2016/08/30/michigan-restaurant-admits-to-recycling-old-chips-and-salsa/</post_url>
<post_date>20160830</post_date>
<post_time>1322</post_time>
<username>nessie</username>
<post>
We have a Mexican restaurant in Coushatta LA that does the same thing. I found out when a friend of mine went to work there and quit over this exact situation and the health department just over looks it. I no longer eat there!
</post>
<signature>

</signature>
<external_links>

</external_links>
<country>IT</country>
<main_image>http://a57.foxnews.com/global.fncstatic.com/static/managed/img/0/0/werwer5345sdfdsf654.jpg</main_image>
</document>
