<?xml version="1.0" encoding="UTF-8"?>
<document>
<type>mainstream</type>
<forum></forum>
<forum_title></forum_title>
<discussion_title>Separated B.C. seniors now one step closer together, says family - British Columbia - CBC News</discussion_title>
<language>english</language>
<gmt_offset></gmt_offset>
<topic_url>http://www.cbc.ca/news/canada/british-columbia/separated-b-c-seniors-now-one-step-closer-together-says-family-1.3741125</topic_url>
<topic_text>
New Separated B.C. seniors now one step closer together, says family Photo of couple separated by health officials after 62 year of marriage provoked reaction around the world The Canadian Press Posted: Aug 30, 2016 7:55 AM PT Last Updated: Aug 30, 2016 7:55 AM PT Ashley Bartyik snapped this photo of her grandparents as they met for a visit at a transition house for people waiting to get into nursing homes. The couple has been separated for eight months. (Facebook/Ashley Bartyik) Related Stories Surrey couple, married 62 years, now forced to live in separate homes 
The family of an elderly husband and wife in British Columbia who were forced to live in separate care homes say the health authority overseeing the couples&apos; care is moving forward with plans to reunite them. 
Ashley Bartyik says her family met with Fraser Health and has decided to move her 83-year-old grandfather into a facility in Surrey, B.C., that&apos;s closer to his wife of 62 years. 
Her grandfather, Wolfram Gottschalk, has dementia and lymphoma and is on a wait list to be transferred into the facility where Anita lives, but they currently live about a half-hour drive apart and cry whenever they see each other. 
Bartyik captured their emotions in a photo last week and posted the picture online, where it has been shared thousands of times and made headlines around the world. 
The family spoke with representatives from Fraser Health on Monday and Bartyik says they were given a number of options, including moving Wolfram to a facility just blocks from Anita while he waits for a spot to open up in the care home where she lives. &apos;A huge step&apos; 
Bartyik says the move is &quot;a huge step in the right direction&quot; because it will allow Wolfram to get the care he needs while he waits, and that it will make the situation easier for the entire family. 
&quot;We are that much closer to having them under one roof! Progress!&quot; she says in an email to The Canadian Press. 
Fraser Health spokeswoman Tasleem Juma says in a statement that reunification is a priority for the health authority, but there is always room for improvement. 
When the photo of her grandparents made waves online, Bartyik said she hoped it would draw attention to the shortage of publicly funded beds for seniors in B.C. 
Now she says the family is happy to hear that Fraser Health is working to help other families who are in similar situations. 
Juma says the health authority has had a lot of success in bringing people back together. 
</topic_text>
<spam_score>0.00</spam_score>
<post_num>1</post_num>
<post_id>post-1</post_id>
<post_url>http://www.cbc.ca/news/canada/british-columbia/separated-b-c-seniors-now-one-step-closer-together-says-family-1.3741125</post_url>
<post_date>20160830</post_date>
<post_time></post_time>
<username></username>
<post>
New Separated B.C. seniors now one step closer together, says family Photo of couple separated by health officials after 62 year of marriage provoked reaction around the world The Canadian Press Posted: Aug 30, 2016 7:55 AM PT Last Updated: Aug 30, 2016 7:55 AM PT Ashley Bartyik snapped this photo of her grandparents as they met for a visit at a transition house for people waiting to get into nursing homes. The couple has been separated for eight months. (Facebook/Ashley Bartyik) Related Stories Surrey couple, married 62 years, now forced to live in separate homes 
The family of an elderly husband and wife in British Columbia who were forced to live in separate care homes say the health authority overseeing the couples&apos; care is moving forward with plans to reunite them. 
Ashley Bartyik says her family met with Fraser Health and has decided to move her 83-year-old grandfather into a facility in Surrey, B.C., that&apos;s closer to his wife of 62 years. 
Her grandfather, Wolfram Gottschalk, has dementia and lymphoma and is on a wait list to be transferred into the facility where Anita lives, but they currently live about a half-hour drive apart and cry whenever they see each other. 
Bartyik captured their emotions in a photo last week and posted the picture online, where it has been shared thousands of times and made headlines around the world. 
The family spoke with representatives from Fraser Health on Monday and Bartyik says they were given a number of options, including moving Wolfram to a facility just blocks from Anita while he waits for a spot to open up in the care home where she lives. &apos;A huge step&apos; 
Bartyik says the move is &quot;a huge step in the right direction&quot; because it will allow Wolfram to get the care he needs while he waits, and that it will make the situation easier for the entire family. 
&quot;We are that much closer to having them under one roof! Progress!&quot; she says in an email to The Canadian Press. 
Fraser Health spokeswoman Tasleem Juma says in a statement that reunification is a priority for the health authority, but there is always room for improvement. 
When the photo of her grandparents made waves online, Bartyik said she hoped it would draw attention to the shortage of publicly funded beds for seniors in B.C. 
Now she says the family is happy to hear that Fraser Health is working to help other families who are in similar situations. 
Juma says the health authority has had a lot of success in bringing people back together. 
</post>
<signature>

</signature>
<external_links>

</external_links>
<country>US</country>
<main_image>http://i.cbc.ca/1.3735016.1472104411!/fileImage/httpImage/image.jpg_gen/derivatives/16x9_1180/wolfram-and-anita-gottschalk.jpg</main_image>
</document>
