<?xml version="1.0" encoding="UTF-8"?>
<document>
<type>mainstream</type>
<forum>http://www.lfpress.com/news/local/rss.xml</forum>
<forum_title>Local Stories</forum_title>
<discussion_title>Overnight parking passes: new system takes effect starting Labour Day</discussion_title>
<language>english</language>
<gmt_offset></gmt_offset>
<topic_url>http://www.lfpress.com/2016/08/30/overnight-parking-passes-new-system-takes-effect-starting-labour-day</topic_url>
<topic_text>
Overnight parking passes: new system takes effect starting Labour Day 
By Hala Ghonaim , The London Free Press Tuesday, August 30, 2016 10:39:38 EDT AM Change text size for the story Print 
Report an error 
London drivers won’t have to worry about overnight parking -- even in the fall and winter -- as the city rolls out a parking pass system launching next week. 
Starting Labour Day and going until Victoria Day in May, drivers can receive up to 15 free passes per car for overnight parking on most city streets, which can be registered and obtained in advance or on the day they&apos;re needed. 
However, parking passes will not be issued more than 48 hours in advance between Nov. 1 and April 15 as weather conditions become more precarious. 
Drivers are still restricted from parking in prohibited areas such as in front of fire hydrants, and on boulevards. 
“Drivers are reminded that all other parking restrictions remain in effect, including prohibited parking and stopping areas, fire routes and the requirement to remove all vehicles from the street during snow clearing operations,” said Annette Drost, the city’s manager of Municipal Law Enforcement Services, in a news release Monday. 
Passes can be obtained through the city’s website, by phone, or in person at the parking services office on Dundas Street, until Victoria Day, at which time overnight parking restriction are be lifted. 
MORE TO COME
</topic_text>
<spam_score>0.00</spam_score>
<post_num>1</post_num>
<post_id>post-1</post_id>
<post_url>http://www.lfpress.com/2016/08/30/overnight-parking-passes-new-system-takes-effect-starting-labour-day</post_url>
<post_date>20160830</post_date>
<post_time>1439</post_time>
<username></username>
<post>
Overnight parking passes: new system takes effect starting Labour Day 
By Hala Ghonaim , The London Free Press Tuesday, August 30, 2016 10:39:38 EDT AM Change text size for the story Print 
Report an error 
London drivers won’t have to worry about overnight parking -- even in the fall and winter -- as the city rolls out a parking pass system launching next week. 
Starting Labour Day and going until Victoria Day in May, drivers can receive up to 15 free passes per car for overnight parking on most city streets, which can be registered and obtained in advance or on the day they&apos;re needed. 
However, parking passes will not be issued more than 48 hours in advance between Nov. 1 and April 15 as weather conditions become more precarious. 
Drivers are still restricted from parking in prohibited areas such as in front of fire hydrants, and on boulevards. 
“Drivers are reminded that all other parking restrictions remain in effect, including prohibited parking and stopping areas, fire routes and the requirement to remove all vehicles from the street during snow clearing operations,” said Annette Drost, the city’s manager of Municipal Law Enforcement Services, in a news release Monday. 
Passes can be obtained through the city’s website, by phone, or in person at the parking services office on Dundas Street, until Victoria Day, at which time overnight parking restriction are be lifted. 
MORE TO COME
</post>
<signature>

</signature>
<external_links>

</external_links>
<country>CA</country>
<main_image>http://storage.lfpress.com/v1/dynamic_resize/sws_path/suns-prod-images/1297772020552_ORIGINAL.jpg?quality=80&amp;size=320x&amp;stmp=1447519673759</main_image>
</document>
