<?xml version="1.0" encoding="UTF-8"?>
<document>
<type>mainstream</type>
<forum></forum>
<forum_title></forum_title>
<discussion_title>Ausbildung Kaufmann für Speditions- und Logistikdienstleistungen HH - Aus- und Weiterbildung - Forum-Speditionen | Das größte Forum der Transportbranche</discussion_title>
<language>german</language>
<gmt_offset></gmt_offset>
<topic_url>http://www.forum-speditionen.de/ausbildung-kaufmann-fuer-speditions-und-logistikdienstleistungen-hh-18628?s=08e0d2bd2c0bb1c2601af60e324fb4a1cfed6a78</topic_url>
<topic_text>

30. Januar 2016, 10:15 Moin liebe Kollegen und Kolleginnen Ich wollte fragen ob jemand zufällig einen guten Draht zu jemanden hat der zum Kaufmann für Speditions-und Logistikdienstleistungen ausbildet, am besten in HH. Vielen Dank Fals jemand einen guten Verlader in und um Hamburg kennt kann sich gern bei mir melden. Transport bis max 3,5t. Rundläufe willkommen Dein Partner bei 3,5T innerhalb und rundum Hamburg. 
</topic_text>
<spam_score>0.05</spam_score>
<post_num>1</post_num>
<post_id>post-1</post_id>
<post_url>http://www.forum-speditionen.de/ausbildung-kaufmann-fuer-speditions-und-logistikdienstleistungen-hh-18628?s=08e0d2bd2c0bb1c2601af60e324fb4a1cfed6a78</post_url>
<post_date>20160130</post_date>
<post_time></post_time>
<username></username>
<post>

30. Januar 2016, 10:15 Moin liebe Kollegen und Kolleginnen Ich wollte fragen ob jemand zufällig einen guten Draht zu jemanden hat der zum Kaufmann für Speditions-und Logistikdienstleistungen ausbildet, am besten in HH. Vielen Dank Fals jemand einen guten Verlader in und um Hamburg kennt kann sich gern bei mir melden. Transport bis max 3,5t. Rundläufe willkommen Dein Partner bei 3,5T innerhalb und rundum Hamburg. 
</post>
<signature>

</signature>
<external_links>

</external_links>
<country>DE</country>
<main_image></main_image>
</document>
