<?xml version="1.0" encoding="UTF-8"?>
<document>
<type>mainstream</type>
<forum>http://brandonsun.com//rss?path=/business/breaking-news</forum>
<forum_title>Business Breaking News</forum_title>
<discussion_title>French economy chief Macron, eyeing presidential bid, quits</discussion_title>
<language>english</language>
<gmt_offset></gmt_offset>
<topic_url>http://www.brandonsun.com/business/breaking-news/french-economy-chief-macron-eyeing-presidential-bid-quits-391746141.html</topic_url>
<topic_text>
The Canadian Press - ONLINE EDITION French economy chief Macron, eyeing presidential bid, quits By: Sylvie Corbet, The Associated Press Tuesday, Aug. 30, 2016 at 10:20 AM | Comments: 0 Tweet 
PARIS - French Economy Minister Emmanuel Macron, an outspoken former investment banker who has encouraged start-ups and more labour flexibility, has quit the socialist government amid speculation that he is considering a presidential bid. 
An official in President Francois Hollande&apos;s office announced Tuesday that Finance Minister Michel Sapin will take over Macron&apos;s responsibilities. The official was not authorized to be publicly named. 
Macron started a political movement this year but hasn&apos;t said whether he&apos;ll run for president. While polls show he enjoys wide popularity, it&apos;s unclear whether he could translate that into votes. 
Critics in Hollande&apos;s Socialist Party say Macron has betrayed leftist ideals by pushing France toward an American-style business model with laws loosening labour rules. 
Macron, 38, argues that France needs change to stay competitive internationally. He has never held elected office.  
</topic_text>
<spam_score>0.00</spam_score>
<post_num>1</post_num>
<post_id>post-1</post_id>
<post_url>http://www.brandonsun.com/business/breaking-news/french-economy-chief-macron-eyeing-presidential-bid-quits-391746141.html</post_url>
<post_date>20160830</post_date>
<post_time>1520</post_time>
<username></username>
<post>
The Canadian Press - ONLINE EDITION French economy chief Macron, eyeing presidential bid, quits By: Sylvie Corbet, The Associated Press Tuesday, Aug. 30, 2016 at 10:20 AM | Comments: 0 Tweet 
PARIS - French Economy Minister Emmanuel Macron, an outspoken former investment banker who has encouraged start-ups and more labour flexibility, has quit the socialist government amid speculation that he is considering a presidential bid. 
An official in President Francois Hollande&apos;s office announced Tuesday that Finance Minister Michel Sapin will take over Macron&apos;s responsibilities. The official was not authorized to be publicly named. 
Macron started a political movement this year but hasn&apos;t said whether he&apos;ll run for president. While polls show he enjoys wide popularity, it&apos;s unclear whether he could translate that into votes. 
Critics in Hollande&apos;s Socialist Party say Macron has betrayed leftist ideals by pushing France toward an American-style business model with laws loosening labour rules. 
Macron, 38, argues that France needs change to stay competitive internationally. He has never held elected office.  
</post>
<signature>

</signature>
<external_links>

</external_links>
<country>US</country>
<main_image>http://media.winnipegfreepress.com/designimages/squaresun_web+(1).jpg</main_image>
</document>
