<?xml version="1.0" encoding="UTF-8"?>
<document>
<type>mainstream</type>
<forum>http://www.romandie.com/rss/flux.xml</forum>
<forum_title>Romandie</forum_title>
<discussion_title>Principales informations de l&apos;après-midi</discussion_title>
<language>french</language>
<gmt_offset></gmt_offset>
<topic_url>http://www.romandie.com/news/Principales-informations-de-lapresmidi/732441.rom</topic_url>
<topic_text>
- Swiss Life: le CFO pour la Suisse démissionne - Bâloise S1: volume d&apos;affaires 5,62 (5,62) mrd CHF bénéfice net 223,6 mio CHF (cons. AWP: 235,6 mio) ratio combiné net 92,5% (cons. AWP: 92,7%) fonds propres 5436 mio CHF (cons. AWP: 5440 mio) sur la voie pour réaliser une excellente performance opérationnelle nouveaux objectifs seront communiqués le 26 octobre Baloise Bank SoBa enregistre une stagnation du bénéfice net semestriel CEO: la politique de dividende attrayante sera maintenue CFO: rendement des fonds propres à 8-12% devrait être atteint en 2016 nous sommes dans la &quot;zone verte&quot; par rapport au SST SPI: - Tamedia: lancement du Matin du Soir cet automne - Santhera obtient une subvention de la FDA pour étude sur Omigapil - Valartis S1: perte de groupe 46,5 (21,4) mio CHF perte activités poursuivies 7,5 (11,1) mio CHF - Sulzer finalise l&apos;acquisition de Geka - VP Bank S1: bénéfice de groupe 24,4 (40,9) mio CHF afflux net argent frais 0,2 (6,2) mrd CHF masse sous gestion clientèle 34,0 mrd CHF (fin 2015: 34,8 mrd) engagement d&apos;au moins 25 nouveaux conseillers dans les trois ans CEO: le flux d&apos;argent frais bientôt positif - Alpiq annonce un troisième rachat d&apos;emprunts - Huber+Suhner S1: chiffre d&apos;affaires 381,2 mio CHF (cons. AWP: 375,4 mio) Ebit 38,4 mio CHF (cons. AWP: 34,8 mio) marge Ebit légèrement supérieure à l&apos;objectif 6-9% bénéfice net 29,9 mio CHF (cons. AWP: 24,8 mio) 2016: croissance d&apos;au moins 5%ç du chiffre d&apos;affaires attendue - Vetropack S1: chiffre d&apos;affaires net 310,8 mio CHF (cons. AWP: 306 mio) EBIT 30,7 mio CHF (cons. AWP: 25,0 mio) bénéfice net 24,4 mio CHF (cons. AWP: 20,4 mio) 2016: recettes nettes plus élevées, rentabilité plus faible - Allreal S1: bénéfice net hors revalorisation 61,4 (59,1) mio CHF produit des loyers 86,5 (88,5) mio CHF Ebit hors revalorisation 100,1 (93,2) mio CHF 2016: objectifs confirmés, résultat &quot;à peu près&quot; stable CEO: à l&apos;avenir, la vente de portefeuilles sera une exception nous sommes en très bonne voie pour verser un dividende PME/SOCIÉTÉS NON COTÉES: - BlackRock gère 100 mrd CHF en Suisse, croissance à deux chiffres attendue - Partenariat au Vietnam pour le téléphérique du Schilthorn - ArcInfo: Nicolas Willemin cèdera la rédaction en chef au 1er semestre 2017 - Deloitte Suisse: chiffre d&apos;affaires 2015/16 en hausse d&apos;un quart à 660 mio CHF - Wasserwerke Zug baisse les prix du courant pour les privés et les artisans - Les services industriels d&apos;Altdorf baissent les prix de l&apos;électricité - Moneypark ouvre une filiale dans le Fricktal - Banque CIC (Suisse): bond du bénéfice net semestriel - Artemis a progressé au 1er semestre et cela devrait continuer - Mirabaud S1: bénéfice net consolidé 17,29 (19,62) mio CHF total avoirs administrés 31,6 (31,4) mrd CHF - Acrevis Bank boucle le 1er semestre sur des résultats en légère hausse - Le courtier breton Verlingue rachète un homologue suisse, Advantis NOUVELLES D&apos;ENTREPRISES/ÉCONOMIQUES/ASSEMBLÉES GÉNÉRALES 18:00 Edmond de Rothschild: résultats S1 18:00 Altin: résultats S1
</topic_text>
<spam_score>0.00</spam_score>
<post_num>1</post_num>
<post_id>post-1</post_id>
<post_url>http://www.romandie.com/news/Principales-informations-de-lapresmidi/732441.rom</post_url>
<post_date>20160830</post_date>
<post_time>1431</post_time>
<username></username>
<post>
- Swiss Life: le CFO pour la Suisse démissionne - Bâloise S1: volume d&apos;affaires 5,62 (5,62) mrd CHF bénéfice net 223,6 mio CHF (cons. AWP: 235,6 mio) ratio combiné net 92,5% (cons. AWP: 92,7%) fonds propres 5436 mio CHF (cons. AWP: 5440 mio) sur la voie pour réaliser une excellente performance opérationnelle nouveaux objectifs seront communiqués le 26 octobre Baloise Bank SoBa enregistre une stagnation du bénéfice net semestriel CEO: la politique de dividende attrayante sera maintenue CFO: rendement des fonds propres à 8-12% devrait être atteint en 2016 nous sommes dans la &quot;zone verte&quot; par rapport au SST SPI: - Tamedia: lancement du Matin du Soir cet automne - Santhera obtient une subvention de la FDA pour étude sur Omigapil - Valartis S1: perte de groupe 46,5 (21,4) mio CHF perte activités poursuivies 7,5 (11,1) mio CHF - Sulzer finalise l&apos;acquisition de Geka - VP Bank S1: bénéfice de groupe 24,4 (40,9) mio CHF afflux net argent frais 0,2 (6,2) mrd CHF masse sous gestion clientèle 34,0 mrd CHF (fin 2015: 34,8 mrd) engagement d&apos;au moins 25 nouveaux conseillers dans les trois ans CEO: le flux d&apos;argent frais bientôt positif - Alpiq annonce un troisième rachat d&apos;emprunts - Huber+Suhner S1: chiffre d&apos;affaires 381,2 mio CHF (cons. AWP: 375,4 mio) Ebit 38,4 mio CHF (cons. AWP: 34,8 mio) marge Ebit légèrement supérieure à l&apos;objectif 6-9% bénéfice net 29,9 mio CHF (cons. AWP: 24,8 mio) 2016: croissance d&apos;au moins 5%ç du chiffre d&apos;affaires attendue - Vetropack S1: chiffre d&apos;affaires net 310,8 mio CHF (cons. AWP: 306 mio) EBIT 30,7 mio CHF (cons. AWP: 25,0 mio) bénéfice net 24,4 mio CHF (cons. AWP: 20,4 mio) 2016: recettes nettes plus élevées, rentabilité plus faible - Allreal S1: bénéfice net hors revalorisation 61,4 (59,1) mio CHF produit des loyers 86,5 (88,5) mio CHF Ebit hors revalorisation 100,1 (93,2) mio CHF 2016: objectifs confirmés, résultat &quot;à peu près&quot; stable CEO: à l&apos;avenir, la vente de portefeuilles sera une exception nous sommes en très bonne voie pour verser un dividende PME/SOCIÉTÉS NON COTÉES: - BlackRock gère 100 mrd CHF en Suisse, croissance à deux chiffres attendue - Partenariat au Vietnam pour le téléphérique du Schilthorn - ArcInfo: Nicolas Willemin cèdera la rédaction en chef au 1er semestre 2017 - Deloitte Suisse: chiffre d&apos;affaires 2015/16 en hausse d&apos;un quart à 660 mio CHF - Wasserwerke Zug baisse les prix du courant pour les privés et les artisans - Les services industriels d&apos;Altdorf baissent les prix de l&apos;électricité - Moneypark ouvre une filiale dans le Fricktal - Banque CIC (Suisse): bond du bénéfice net semestriel - Artemis a progressé au 1er semestre et cela devrait continuer - Mirabaud S1: bénéfice net consolidé 17,29 (19,62) mio CHF total avoirs administrés 31,6 (31,4) mrd CHF - Acrevis Bank boucle le 1er semestre sur des résultats en légère hausse - Le courtier breton Verlingue rachète un homologue suisse, Advantis NOUVELLES D&apos;ENTREPRISES/ÉCONOMIQUES/ASSEMBLÉES GÉNÉRALES 18:00 Edmond de Rothschild: résultats S1 18:00 Altin: résultats S1
</post>
<signature>

</signature>
<external_links>

</external_links>
<country>CH</country>
<main_image></main_image>
</document>
