<?xml version="1.0" encoding="UTF-8"?>
<document>
<type>mainstream</type>
<forum></forum>
<forum_title></forum_title>
<discussion_title>LKW- Sprinter / Hersteller und Händler - Forum-Speditionen | Das größte Forum der Transportbranche</discussion_title>
<language>german</language>
<gmt_offset></gmt_offset>
<topic_url>http://www.forum-speditionen.de/board/41-lkw-sprinter-hersteller-und-haendler/?s=0a704c30c611685cb71e33ecf44f6da0289b6dbb</topic_url>
<topic_text>
LKW- Sprinter / Hersteller und Händler 
Hier schreiben Sie über das &quot;Für&quot; und &quot;Wieder&quot; der Hersteller Diese Seite verwendet Cookies. Durch die Nutzung unserer Seite erklären Sie sich damit einverstanden, dass wir Cookies setzen. Weitere Informationen 1 Seite 1 von 9 
</topic_text>
<spam_score>0.19</spam_score>
<post_num>1</post_num>
<post_id>post-1</post_id>
<post_url>http://www.forum-speditionen.de/board/41-lkw-sprinter-hersteller-und-haendler/?s=0a704c30c611685cb71e33ecf44f6da0289b6dbb</post_url>
<post_date>20140209</post_date>
<post_time></post_time>
<username></username>
<post>
LKW- Sprinter / Hersteller und Händler 
Hier schreiben Sie über das &quot;Für&quot; und &quot;Wieder&quot; der Hersteller Diese Seite verwendet Cookies. Durch die Nutzung unserer Seite erklären Sie sich damit einverstanden, dass wir Cookies setzen. Weitere Informationen 1 Seite 1 von 9 
</post>
<signature>

</signature>
<external_links>

</external_links>
<country>DE</country>
<main_image></main_image>
</document>
