<?xml version="1.0" encoding="UTF-8"?>
<document>
<type>mainstream</type>
<forum>http://mddailyrecord.com/feed/</forum>
<forum_title>Maryland Daily Record</forum_title>
<discussion_title>US consumer confidence in August highest in 11 months</discussion_title>
<language>english</language>
<gmt_offset></gmt_offset>
<topic_url>http://thedailyrecord.com/2016/08/30/consumer-confidence-economy-august/</topic_url>
<topic_text>
US consumer confidence in August highest in 11 months By: Associated Press Martin Crutsinger August 30, 2016 WASHINGTON — U.S. consumer confidence increased in August to its highest level in nearly a year, suggesting economic growth could pick up in the second half of the year. The Conference Board says that its consumer confidence index rose to a reading of 101.1, up from 96.7 in July. It was the highest level for confidence ...  
</topic_text>
<spam_score>0.00</spam_score>
<post_num>1</post_num>
<post_id>post-1</post_id>
<post_url>http://thedailyrecord.com/2016/08/30/consumer-confidence-economy-august/</post_url>
<post_date>20160830</post_date>
<post_time>1438</post_time>
<username>Associated Press</username>
<post>
US consumer confidence in August highest in 11 months By: Associated Press Martin Crutsinger August 30, 2016 WASHINGTON — U.S. consumer confidence increased in August to its highest level in nearly a year, suggesting economic growth could pick up in the second half of the year. The Conference Board says that its consumer confidence index rose to a reading of 101.1, up from 96.7 in July. It was the highest level for confidence ...  
</post>
<signature>

</signature>
<external_links>

</external_links>
<country>US</country>
<main_image>http://thedailyrecord.com/files/2015/05/Consumer-Confidence_Whon-copy-200x200.jpg</main_image>
</document>
