<?xml version="1.0" encoding="UTF-8"?>
<document>
<type>mainstream</type>
<forum>http://rss.tmcnet.com/rss/Medical Devices</forum>
<forum_title>TMCnet.com RSS Service: Medical Devices</forum_title>
<discussion_title>Smiths Medical&apos;s PharmGuard Interoperability Software Now Fully Tested with EMR for Smart Pump Programming</discussion_title>
<language>english</language>
<gmt_offset></gmt_offset>
<topic_url>http://www.tmcnet.com/usubmit/2016/08/30/8411581.htm</topic_url>
<topic_text>
Smiths Medical&apos;s PharmGuard Interoperability Software Now Fully Tested with EMR for Smart Pump Programming [August 30, 2016] Tweet 
Smiths Medical, a leading global medical device manufacturer, announced today that its Medfusion ® 4000 wireless syringe infusion pumps and PharmGuard ® interoperability software successfully completed bidirectional integration testing with Epic&apos;s electronic medical records (EMR) system. 
Working with Epic allowed testing and validation to be completed for smart pump programming, a new feature being added to the PharmGuard ® interoperability software platform. The addition of smart pump programming is designed to allow a clinician order to be sent directly to the Medfusion ® 4000 pump allowing nurses to validate the programmed information with less manual entry, while keeping the nurse in control. 
PharmGuard ® interoperability software, released in 2015, already allows infusion data to be sent wirelessly directly into patient records in the hospital&apos;s EMR system, saving clinicians&apos; time in daily workflow, increasing documentation accuracy, and improving patient safety by reducing manual data entry error. 
Smart pump programming and auto-documentation is supported by Integrating the Healthcare Enterprise (IHE), an initiative by healthcare professionals and the industry to improve the way computer systems in healthcare share information. IHE promotes the coordinated use of established standards such as DICOM and HL7 to address specific clinical needs in support of optimal patient care. Systems developed in accordance with IHE communicate effectively with one another, are easier to implement, and enable more effective use of information by care providers. 
Smart pump programming with PharmGuard ® interoperability will soon be commercially available in the USA. 
About Smiths Medical Smiths Medical www.smiths-medical.com is a leading supplier of specialized medical devices and equipment for global markets, focusing on the medication delivery, vital care and safety devices market segments. It is part of Smiths Group www.smiths.com , a global leader in applying advanced technologies for markets in threat and contraband detection, energy, medical devices, communications and engineered components. Smiths Group employs around 23,000 people in more than 50 countries. View source version on businesswire.com: http://www.businesswire.com/news/home/20160830005261/en/
</topic_text>
<spam_score>0.00</spam_score>
<post_num>1</post_num>
<post_id>post-1</post_id>
<post_url>http://www.tmcnet.com/usubmit/2016/08/30/8411581.htm</post_url>
<post_date>20160830</post_date>
<post_time>1336</post_time>
<username></username>
<post>
Smiths Medical&apos;s PharmGuard Interoperability Software Now Fully Tested with EMR for Smart Pump Programming [August 30, 2016] Tweet 
Smiths Medical, a leading global medical device manufacturer, announced today that its Medfusion ® 4000 wireless syringe infusion pumps and PharmGuard ® interoperability software successfully completed bidirectional integration testing with Epic&apos;s electronic medical records (EMR) system. 
Working with Epic allowed testing and validation to be completed for smart pump programming, a new feature being added to the PharmGuard ® interoperability software platform. The addition of smart pump programming is designed to allow a clinician order to be sent directly to the Medfusion ® 4000 pump allowing nurses to validate the programmed information with less manual entry, while keeping the nurse in control. 
PharmGuard ® interoperability software, released in 2015, already allows infusion data to be sent wirelessly directly into patient records in the hospital&apos;s EMR system, saving clinicians&apos; time in daily workflow, increasing documentation accuracy, and improving patient safety by reducing manual data entry error. 
Smart pump programming and auto-documentation is supported by Integrating the Healthcare Enterprise (IHE), an initiative by healthcare professionals and the industry to improve the way computer systems in healthcare share information. IHE promotes the coordinated use of established standards such as DICOM and HL7 to address specific clinical needs in support of optimal patient care. Systems developed in accordance with IHE communicate effectively with one another, are easier to implement, and enable more effective use of information by care providers. 
Smart pump programming with PharmGuard ® interoperability will soon be commercially available in the USA. 
About Smiths Medical Smiths Medical www.smiths-medical.com is a leading supplier of specialized medical devices and equipment for global markets, focusing on the medication delivery, vital care and safety devices market segments. It is part of Smiths Group www.smiths.com , a global leader in applying advanced technologies for markets in threat and contraband detection, energy, medical devices, communications and engineered components. Smiths Group employs around 23,000 people in more than 50 countries. View source version on businesswire.com: http://www.businesswire.com/news/home/20160830005261/en/
</post>
<signature>

</signature>
<external_links>

</external_links>
<country>US</country>
<main_image></main_image>
</document>
