<?xml version="1.0" encoding="UTF-8"?>
<document>
<type>mainstream</type>
<forum>http://www.hawr-digital.de/News/Allgemein.rss</forum>
<forum_title></forum_title>
<discussion_title>Kinder lernen schnitzen</discussion_title>
<language>german</language>
<gmt_offset></gmt_offset>
<topic_url>http://www.hawr-digital.de/Nachrichten/Kinder-lernen-schnitzen-52617.html</topic_url>
<topic_text>
Auf der Öko-Station lernen Kinder schnitzen. 
Auf der Öko-Station lernen Kinder schnitzen. 
Lustige Tiere selber schnitzen – das kann man am 30. September an der Ökologie-Station in Heil lernen. Der Kurs richtet sich allerdings schon an etwas fortgeschrittene Kinder. Mitmachen können nur Mädchen und Jungen, die bereits einen Grundkurs im Schnitzen besucht haben. 
Der Kurs läuft von 16 bis 19 Uhr, die Teilnahme kostet 25 Euro. Anmeldungen sind unter 02389/980913 oder per E-Mail umweltzentrum_westfalen@t-online.de möglich. In diesem Kurs werden die Kinder die Fähigkeiten, die sie im Grundkurs gelernt haben, verfeinern. 
Die Teilnehmer des Kurses treffen sich an der Öko-Station am Westenhellweg. Da der Schnitz-Unterricht draußen in einem Unterstand stattfindet, sollte man feste und geschlossene Schuhe und eine lange Hose tragen. An dem Kurs können maximal zwölf Kinder teilnehmen.
</topic_text>
<spam_score>0.00</spam_score>
<post_num>1</post_num>
<post_id>post-1</post_id>
<post_url>http://www.hawr-digital.de/Nachrichten/Kinder-lernen-schnitzen-52617.html</post_url>
<post_date>20160830</post_date>
<post_time>1439</post_time>
<username></username>
<post>
Auf der Öko-Station lernen Kinder schnitzen. 
Auf der Öko-Station lernen Kinder schnitzen. 
Lustige Tiere selber schnitzen – das kann man am 30. September an der Ökologie-Station in Heil lernen. Der Kurs richtet sich allerdings schon an etwas fortgeschrittene Kinder. Mitmachen können nur Mädchen und Jungen, die bereits einen Grundkurs im Schnitzen besucht haben. 
Der Kurs läuft von 16 bis 19 Uhr, die Teilnahme kostet 25 Euro. Anmeldungen sind unter 02389/980913 oder per E-Mail umweltzentrum_westfalen@t-online.de möglich. In diesem Kurs werden die Kinder die Fähigkeiten, die sie im Grundkurs gelernt haben, verfeinern. 
Die Teilnehmer des Kurses treffen sich an der Öko-Station am Westenhellweg. Da der Schnitz-Unterricht draußen in einem Unterstand stattfindet, sollte man feste und geschlossene Schuhe und eine lange Hose tragen. An dem Kurs können maximal zwölf Kinder teilnehmen.
</post>
<signature>

</signature>
<external_links>

</external_links>
<country>DE</country>
<main_image>http://www.hawr-digital.de/Bilder/Auf-der-Oeko-Station-lernen-Kinder-schnitzen-46874m.jpg</main_image>
</document>
