<?xml version="1.0" encoding="UTF-8"?>
<document>
<type>mainstream</type>
<forum>http://elbashayeronline.com/rss</forum>
<forum_title>elbashayeronline.com</forum_title>
<discussion_title>كهف صحور بسلطنه عمان لوحة فنية طبيعية.. تعرف عليها</discussion_title>
<language>arabic</language>
<gmt_offset></gmt_offset>
<topic_url>http://elbashayeronline.com/news-699286.html</topic_url>
<topic_text>
كهف صحور بسلطنه عمان لوحة فنية طبيعية.. تعرف عليها   4:56:19 م - عدد القراء 1 

تحتضن محافظة ظفار بسلطنه عمان عددا من الكهوف متنوعة التكوين سواء كان جيولوجيا أو على حسب الحقب التي تكونت فيها، وتنتشر الكهوف على امتداد سلسلة جبال ظفار التي استغرق تكوينها آلاف السنين.وكان سكان ظفار يستخدمون كهوف الجبال كمساكن خصوصا مع الطقس الاستثنائي الذي تحظى به محافظة ظفار على مستوى الوطن العربي. 
ومن الكهوف المعروفة في محافظة ظفار كهف صحور وهو كهف يتكون من الأحجار الجيرية في وادي نحيز التابع لولاية صلالة ، ويقع الكهف على أحد جبال وادي نحيز ، ويوجد في الكهف ممر ضيق يوصل إلى غرفة كبيرة عبارة عن متحف طبيعي من التكونات الجيرية وأعمدة حجرية تتدفق قطرات المياه بينها كلوحة فنية طبيعية. 
يحتوي الكهف أيضا على بقايا بحيرة مائية حيث يبدو أن الكهف كان مغمورا بالمياه قبل سنوات طويلة ، ويبلغ طول البحيرة حوالي 8 أمتار وفي أعلاها شواهد حجرية تثبت أن الشلالات كانت تنساب إلى الكهف قديما.ويقع كهف صحور على بعد حوالي 6 كيلومترات من شمال ولاية صلالة اخبار متعلقة
</topic_text>
<spam_score>0.00</spam_score>
<post_num>1</post_num>
<post_id>post-1</post_id>
<post_url>http://elbashayeronline.com/news-699286.html</post_url>
<post_date>20160830</post_date>
<post_time>1656</post_time>
<username></username>
<post>
كهف صحور بسلطنه عمان لوحة فنية طبيعية.. تعرف عليها   4:56:19 م - عدد القراء 1 

تحتضن محافظة ظفار بسلطنه عمان عددا من الكهوف متنوعة التكوين سواء كان جيولوجيا أو على حسب الحقب التي تكونت فيها، وتنتشر الكهوف على امتداد سلسلة جبال ظفار التي استغرق تكوينها آلاف السنين.وكان سكان ظفار يستخدمون كهوف الجبال كمساكن خصوصا مع الطقس الاستثنائي الذي تحظى به محافظة ظفار على مستوى الوطن العربي. 
ومن الكهوف المعروفة في محافظة ظفار كهف صحور وهو كهف يتكون من الأحجار الجيرية في وادي نحيز التابع لولاية صلالة ، ويقع الكهف على أحد جبال وادي نحيز ، ويوجد في الكهف ممر ضيق يوصل إلى غرفة كبيرة عبارة عن متحف طبيعي من التكونات الجيرية وأعمدة حجرية تتدفق قطرات المياه بينها كلوحة فنية طبيعية. 
يحتوي الكهف أيضا على بقايا بحيرة مائية حيث يبدو أن الكهف كان مغمورا بالمياه قبل سنوات طويلة ، ويبلغ طول البحيرة حوالي 8 أمتار وفي أعلاها شواهد حجرية تثبت أن الشلالات كانت تنساب إلى الكهف قديما.ويقع كهف صحور على بعد حوالي 6 كيلومترات من شمال ولاية صلالة اخبار متعلقة
</post>
<signature>

</signature>
<external_links>

</external_links>
<country>US</country>
<main_image>http://elbashayeronline.com/upload/img/elbashayer_image_1472568962.jpg</main_image>
</document>
