<?xml version="1.0" encoding="UTF-8"?>
<document>
<type>mainstream</type>
<forum>http://www.figyel.hu/rss.xml</forum>
<forum_title>[figyel.hu] - Hírek, percről percre. - RSS szolgáltatás</forum_title>
<discussion_title>Újra együtt Jennifer Lopez és Marc Anthony? Furcsa családi fotók készültek róluk a hétvégén</discussion_title>
<language>hungarian</language>
<gmt_offset></gmt_offset>
<topic_url>http://www.figyel.hu/hirek/ujra-egyutt-jennifer-lopez-es-marc-anthony-furcsa-csaladi-fotok-keszultek-roluk-a-hetvegen</topic_url>
<topic_text>
Újra együtt Jennifer Lopez és Marc Anthony? Furcsa családi fotók készültek róluk a hétvégén   Jennifer Lopez augusztus elején szakított huszonéves barátjával, Casper Smarttal, most pedig volt férjével, gyerekei apjával mutatkozott. A családi fotókon rajtuk és ikergyerekeiken kívül szerepel egy ötödik személy, akinek az arcára fagyott a mosoly. tovább&gt;&gt;
</topic_text>
<spam_score>0.00</spam_score>
<post_num>1</post_num>
<post_id>post-1</post_id>
<post_url>http://www.figyel.hu/hirek/ujra-egyutt-jennifer-lopez-es-marc-anthony-furcsa-csaladi-fotok-keszultek-roluk-a-hetvegen</post_url>
<post_date>20160830</post_date>
<post_time>1436</post_time>
<username></username>
<post>
Újra együtt Jennifer Lopez és Marc Anthony? Furcsa családi fotók készültek róluk a hétvégén   Jennifer Lopez augusztus elején szakított huszonéves barátjával, Casper Smarttal, most pedig volt férjével, gyerekei apjával mutatkozott. A családi fotókon rajtuk és ikergyerekeiken kívül szerepel egy ötödik személy, akinek az arcára fagyott a mosoly. tovább&gt;&gt;
</post>
<signature>

</signature>
<external_links>

</external_links>
<country>HU</country>
<main_image>http://www.figyel.hu/image/logo/logo_120x240.gif</main_image>
</document>
