<?xml version="1.0" encoding="UTF-8"?>
<document>
<type>mainstream</type>
<forum>http://expreso.press/feed/</forum>
<forum_title>Expreso</forum_title>
<discussion_title>Pasando la estafeta</discussion_title>
<language>spanish</language>
<gmt_offset></gmt_offset>
<topic_url>http://expreso.press/2016/08/30/pasando-la-estafeta/</topic_url>
<topic_text>
Plagiar o no plaiar 
El mandatario electo de Tamaulipas fue invitado a la reunión del grupo de seguridad por primera vez, no está mal, ese es el reto más visible que tiene ante sí la nueva administración que encabezará en breve. 
Ahí verá cómo están las cosas en el estado, aunque ya dijo que no las desconoce y atribuye al gobierno saliente y sus antecesores la situación de violencia e inseguridad que vive Tamaulipas desde hace una década. Coincidentemente le asigna la responsabilidad a las personas con las que este lunes se reunió en Ciudad Victoria. 
Precisamente en el tema de seguridad en la columna Trascendió del grupo Milenio escribieron este lunes: “El sábado hubo fiesta de agentes ministeriales festejando supuestamente que su jefe, el contralmirante Augusto Cruz Morales se va como secretario de Seguridad Pública en el nuevo gobierno de Tamaulipas de Francisco García Cabeza de Vaca”. 
Eso dice la edición de Nuevo León de ese diario, aunque aquí el susodicho no suelta prenda respecto a quiénes finalmente formarán parte de su equipo de trabajo, se limita a decir que habrá señalamientos en contra cuando dé a conocer nombres. 
En ese mismo tema de los nombramientos, el periódico El Norte, también en su edición del lunes, menciona que Rogelio Benavides Pintos, ex subsecretario de Administración de la Tesorería del gobierno que encabeza Jaime Rodríguez, y responsable de la compra de cobijas al triple de su valor comercial (acto de corrupción por el que tuvo que dejar el cargo y está siendo investigado), “hoy día el interfecto tiene cobijo con el Gobernador electo de Tamaulipas, de quien fue asesor de campaña y ahora está a la espera de que le caiga un hueso en el nuevo Gobierno”. Esos anuncios periodísticos nos indican que hay mucha gente de Nuevo León interesada en venir a asentarse a Tamaulipas porque supuestamente ayudaron al texano-reynosense a ganar la gubernatura y no importa que hayan actuado deshonestamente, al cabo que los tamaulipecos ni cuenta se darán de sus fallas en otras administraciones. 
Guardando la debida distancia, a ver si no le pasa a García Cabeza de Vaca como al escritor Gabriel García Márquez cuando ganó el premio Nobel de Literatura, en su biografía dice que después de obtener este premio muchas personas salieron a decir que lo habían ayudado, lo cierto es que el colombiano cuenta que hasta desperdicios tuvo que comer en París porque no tenía dinero. 
Pareciera que ahora le saldrán muchos padrinos y apoyadores al mandatario electo, quienes argumentan a quien los quiera oír que ellos le forjaron el triunfo. 
Todos y todas se olvidan que Tamaulipas estaba en su punto para dejar de ser priista, fue la opción panista y por añadidura García Cabeza de Vaca la ganadora, pero si hubiese habido otro u otra candidata más fuerte, esa persona hubiera ganado la elección, pues las cosas ya eran insostenibles, el PRI no tenía manera de quedarse otros seis años en la gubernatura. 
Y como el hubiera no existe, pues ahora estará el texano-reynosense en el cargo que, hay que reconocer, muchos no le envidiarán por aquello del nivel de complejidad que tiene manejar Tamaulipas en las condiciones en que actualmente se encuentra. 
Por lo pronto enterarse de cómo anda la inseguridad es un comienzo para empezar a asentarse en la realidad estatal, el resto de las responsabilidades le irán cayendo conforme llegue el día de tomar formalmente posesión del cargo. 
Echándole a perder la fiesta El día primero de septiembre Enrique Peña Nieto se reunirá con jóvenes a quienes les hablará de su gobierno con motivo de su cuarto informe, ese mismo día en el Colegio de México estará la periodista Carmen Aristegui dictando una conferencia acerca de la persecución de que es objeto por sus investigaciones relacionadas con la compra de residencias a empresas ligadas con el gobierno federal y el plagio de la tesis de licenciatura del mexiquense. 
Aristegui le echará a perder la fiesta a Peña Nieto una vez más, seguramente la conferencia que impartirá en el Colmex será muy reveladora y los medios no alineados al gobierno peñista darán vuelo a lo que diga, esta es la primera vez, después del escándalo por la tesis plagiada, que ella estará hablando en un foro acerca de sus experiencias por la incomodidad que su periodismo de investigación provoca en el poder central. 
Entonces y con mayor razón, Peña Nieto insistirá que los medios se empeñan en difundir malas noticias, una vez más, los periodistas son los responsables de la mala actuación de los gobiernos. Maten al mensajero. 
Correo electrónico:
</topic_text>
<spam_score>0.00</spam_score>
<post_num>1</post_num>
<post_id>post-1</post_id>
<post_url>http://expreso.press/2016/08/30/pasando-la-estafeta/</post_url>
<post_date>20160830</post_date>
<post_time>1510</post_time>
<username>Redacción</username>
<post>
Plagiar o no plaiar 
El mandatario electo de Tamaulipas fue invitado a la reunión del grupo de seguridad por primera vez, no está mal, ese es el reto más visible que tiene ante sí la nueva administración que encabezará en breve. 
Ahí verá cómo están las cosas en el estado, aunque ya dijo que no las desconoce y atribuye al gobierno saliente y sus antecesores la situación de violencia e inseguridad que vive Tamaulipas desde hace una década. Coincidentemente le asigna la responsabilidad a las personas con las que este lunes se reunió en Ciudad Victoria. 
Precisamente en el tema de seguridad en la columna Trascendió del grupo Milenio escribieron este lunes: “El sábado hubo fiesta de agentes ministeriales festejando supuestamente que su jefe, el contralmirante Augusto Cruz Morales se va como secretario de Seguridad Pública en el nuevo gobierno de Tamaulipas de Francisco García Cabeza de Vaca”. 
Eso dice la edición de Nuevo León de ese diario, aunque aquí el susodicho no suelta prenda respecto a quiénes finalmente formarán parte de su equipo de trabajo, se limita a decir que habrá señalamientos en contra cuando dé a conocer nombres. 
En ese mismo tema de los nombramientos, el periódico El Norte, también en su edición del lunes, menciona que Rogelio Benavides Pintos, ex subsecretario de Administración de la Tesorería del gobierno que encabeza Jaime Rodríguez, y responsable de la compra de cobijas al triple de su valor comercial (acto de corrupción por el que tuvo que dejar el cargo y está siendo investigado), “hoy día el interfecto tiene cobijo con el Gobernador electo de Tamaulipas, de quien fue asesor de campaña y ahora está a la espera de que le caiga un hueso en el nuevo Gobierno”. Esos anuncios periodísticos nos indican que hay mucha gente de Nuevo León interesada en venir a asentarse a Tamaulipas porque supuestamente ayudaron al texano-reynosense a ganar la gubernatura y no importa que hayan actuado deshonestamente, al cabo que los tamaulipecos ni cuenta se darán de sus fallas en otras administraciones. 
Guardando la debida distancia, a ver si no le pasa a García Cabeza de Vaca como al escritor Gabriel García Márquez cuando ganó el premio Nobel de Literatura, en su biografía dice que después de obtener este premio muchas personas salieron a decir que lo habían ayudado, lo cierto es que el colombiano cuenta que hasta desperdicios tuvo que comer en París porque no tenía dinero. 
Pareciera que ahora le saldrán muchos padrinos y apoyadores al mandatario electo, quienes argumentan a quien los quiera oír que ellos le forjaron el triunfo. 
Todos y todas se olvidan que Tamaulipas estaba en su punto para dejar de ser priista, fue la opción panista y por añadidura García Cabeza de Vaca la ganadora, pero si hubiese habido otro u otra candidata más fuerte, esa persona hubiera ganado la elección, pues las cosas ya eran insostenibles, el PRI no tenía manera de quedarse otros seis años en la gubernatura. 
Y como el hubiera no existe, pues ahora estará el texano-reynosense en el cargo que, hay que reconocer, muchos no le envidiarán por aquello del nivel de complejidad que tiene manejar Tamaulipas en las condiciones en que actualmente se encuentra. 
Por lo pronto enterarse de cómo anda la inseguridad es un comienzo para empezar a asentarse en la realidad estatal, el resto de las responsabilidades le irán cayendo conforme llegue el día de tomar formalmente posesión del cargo. 
Echándole a perder la fiesta El día primero de septiembre Enrique Peña Nieto se reunirá con jóvenes a quienes les hablará de su gobierno con motivo de su cuarto informe, ese mismo día en el Colegio de México estará la periodista Carmen Aristegui dictando una conferencia acerca de la persecución de que es objeto por sus investigaciones relacionadas con la compra de residencias a empresas ligadas con el gobierno federal y el plagio de la tesis de licenciatura del mexiquense. 
Aristegui le echará a perder la fiesta a Peña Nieto una vez más, seguramente la conferencia que impartirá en el Colmex será muy reveladora y los medios no alineados al gobierno peñista darán vuelo a lo que diga, esta es la primera vez, después del escándalo por la tesis plagiada, que ella estará hablando en un foro acerca de sus experiencias por la incomodidad que su periodismo de investigación provoca en el poder central. 
Entonces y con mayor razón, Peña Nieto insistirá que los medios se empeñan en difundir malas noticias, una vez más, los periodistas son los responsables de la mala actuación de los gobiernos. Maten al mensajero. 
Correo electrónico:
</post>
<signature>

</signature>
<external_links>

</external_links>
<country>US</country>
<main_image>http://expreso.press/wp-content/uploads/2014/11/Derrotero.jpg</main_image>
</document>
