<?xml version="1.0" encoding="UTF-8"?>
<document>
<type>mainstream</type>
<forum></forum>
<forum_title></forum_title>
<discussion_title>Inran Na Hebihime 3D (video) - 3D Porn Animations</discussion_title>
<language>indonesian</language>
<gmt_offset></gmt_offset>
<topic_url>http://3dpornart.sexxbuzz.com/animation/inran-na-hebihime-3d-video/</topic_url>
<topic_text>
Inran Na Hebihime 3D (video) May 31, 2016 
</topic_text>
<spam_score>0.95</spam_score>
<post_num>1</post_num>
<post_id>post-1</post_id>
<post_url>http://3dpornart.sexxbuzz.com/animation/inran-na-hebihime-3d-video/</post_url>
<post_date>20160502</post_date>
<post_time></post_time>
<username></username>
<post>
Inran Na Hebihime 3D (video) May 31, 2016 
</post>
<signature>

</signature>
<external_links>

</external_links>
<country>NL</country>
<main_image>http://3dpornart.sexxbuzz.com/wp-content/uploads/sites/66/2016/05/2d1b9ba2339ad489caaf7c2e7c505126.11.jpg</main_image>
</document>
