<?xml version="1.0" encoding="UTF-8"?>
<document>
<type>mainstream</type>
<forum></forum>
<forum_title></forum_title>
<discussion_title>Prevenzione rischio sismico | alla Regione Abruzzo oltre 10milioni per privati</discussion_title>
<language>italian</language>
<gmt_offset></gmt_offset>
<topic_url>http://www.zazoom.it/2016-08-30/prevenzione-rischio-sismico-alla-regione-abruzzo-oltre-10milioni-per-privati/1832583/</topic_url>
<topic_text>
Prevenzione rischio sismico | alla Regione Abruzzo oltre 10milioni per privati L&apos;AQUILA - Con Decreto della presidenza del Consiglio dei ministri del 21 giugno 2016 (pubblicato ... Segnalato da : abruzzo24ore.tv Commenta Prevenzione rischio sismico, alla Regione Abruzzo oltre 10milioni per privati (Di martedì 30 agosto 2016) L&apos;AQUILA - Con Decreto della presidenza del Consiglio dei ministri del 21 giugno 2016 (pubblicato sulla Gazzetta Ufficiale del 18 agosto 2016), e&apos; stata assegnata all&apos; Abruzzo la somma di 10 milioni e 90 mila euro per interventi di Prevenzione del rischio sismico . Ne ha dato notizia oggi il presidente della Regione , Luciano D&apos;Alfonso, nel corso della seduta di Giunta. Nell&apos;ambito del finanziamento statale, la Regione individuera&apos; la somma da destinare ai contributi per gli interventi strutturali degli edifici privati dandone comunicazione al Dipartimento nazionale di Protezione civile entro il termine di 45 giorni d alla data di pubblicazione del Decreto. leggi tutto l&apos;articolo La notizia completa su abruzzo24ore.tv Terremoto - 24mila scuole sono a rischio : dal 2010 solo 1 miliardo di fondi per la Prevenzione : ROMA L&apos;onda emotiva suscitata dal Terremoto dell&apos;Aquila che nel 2009 spinse il governo Berlusconi ad istituire il Fondo (gestito dal ministero dell&apos;Economia) per la prevenzione del rischio sismico non ... Terremoti : Italia a rischio - ma i soldi per la Prevenzione non vengono spesi : Sono 21,5 milioni gli Italia ni che vivono in aree ad alto o elevato rischio sismico. Quindici milioni gli edifici costruiti prima della legge antisismica del 1974 Terremoti : Italia a rischio - ma i soldi per la Prevenzione non vengono spesi : Sono 21,5 milioni gli Italia ni che vivono in aree ad alto o elevato rischio sismico. Quindici milioni gli edifici costruiti prima della legge antisismica del 1974 L&apos;allarme dei geologi : &quot;In Italia 24 milioni vivono in zone a rischio sismico - siamo lontani dalla cultura della Prevenzione &quot; : In Italia almeno 24 milioni di persone vivono in zone ad elevato rischio sismico . E&apos; la stima fornita dal presidente del Consiglio nazionale dei geologi , Francesco Peduto, che sottolinea come la zona dell&apos; Italia centrale, colpita nella notte dal terremoto, &quot;è riconosciuta come ad alto rischio sismico , come la quasi totalità della catena appenninica, da Nord a Sud&quot;. &quot;Questa notte - spiega Peduto - si è mossa una faglia appenninica di tipo distensivo, ma l&apos; Italia intera (come è noto) è ad alto rischio , proprio perché è un paese geologi camente giovane e di frontiera. In generale il rischio è più spinto lungo l&apos;Appennino e poi meno eclatante man mano che ci si allontana da esso. Ma non ci sono territori totalmente esenti&quot;. Peduto avverte sulla necessità di lavorare sul fronte della prevenzione. &quot;Noi geologi da anni diciamo che in Italia siamo ben lontani da una cultura di prevenzione. ... Tumore della cervice uterina : sintomi - fattori di rischio - diagnosi - cura e Prevenzione : Il Tumore della cervice uterina , dovuto alla moltiplicazione incontrollata di alcune cellule situate a livello della giunzione squamo-colonnare che si trasformano in maligne, è tra i tumori più diffusi nel sesso femminile. sintomi : Tra i sintomi : perdite ematiche vaginali anomale (es. nell’intervallo tra le due mestruazioni, dopo un rapporto sessuale o in menopausa), dolore durante i rapporti sessuali. Se il Tumore si diffonde ai tessuti vicini, possono manifestarsi: difficoltà a urinare o dolore nella minzione, blocco renale, mal di schiena sordo, gonfiore alle gambe, diarrea, perdita di peso, sensazione di malessere generalizzata. fattori DI rischio : I fattori di rischio del Tumore della cervice uterina sono: infezione da HPV (Human Papilloma Virus), precoce inizio dell’attività sessuale, promiscuità sessuale propria e del partner, infezioni da Clamidia o Herpes simplex, insufficiente ... Terrorismo - Alfano : &apos;La Prevenzione funziona - rischio radicalizzazione in carcere&apos; : Roma - &apos; Il nostro Paese non ha nulla a che invidiare a nessun paese al mondo &apos; e &apos;il sistema di prevenzione anti Terrorismo sin qui ha retto&apos;. Lo ha detto il ministro dell&apos;Interno Angiolino Alfano nella tradizionale conferenza stampa di Ferragosto. Contro il pericolo ... Alfano : &quot;La Prevenzione al terrorismo funziona e si lavora sul rischio radicalizzazione nelle carceri&quot; : &apos;Il nostro Paese non ha nulla a che invidiare a nessun paese al mondo&apos; e &apos;il sistema di prevenzione anti terrorismo sin qui ha retto&apos;. Lo ha detto il ministro dell&apos;Interno Angiolino Alfano nella tradizionale conferenza stampa di Ferragosto. Contro il pericolo ... 
</topic_text>
<spam_score>0.20</spam_score>
<post_num>1</post_num>
<post_id>post-1</post_id>
<post_url>http://www.zazoom.it/2016-08-30/prevenzione-rischio-sismico-alla-regione-abruzzo-oltre-10milioni-per-privati/1832583/</post_url>
<post_date>20160830</post_date>
<post_time></post_time>
<username>Segnalato Da</username>
<post>
Prevenzione rischio sismico | alla Regione Abruzzo oltre 10milioni per privati L&apos;AQUILA - Con Decreto della presidenza del Consiglio dei ministri del 21 giugno 2016 (pubblicato ... Segnalato da : abruzzo24ore.tv Commenta Prevenzione rischio sismico, alla Regione Abruzzo oltre 10milioni per privati (Di martedì 30 agosto 2016) L&apos;AQUILA - Con Decreto della presidenza del Consiglio dei ministri del 21 giugno 2016 (pubblicato sulla Gazzetta Ufficiale del 18 agosto 2016), e&apos; stata assegnata all&apos; Abruzzo la somma di 10 milioni e 90 mila euro per interventi di Prevenzione del rischio sismico . Ne ha dato notizia oggi il presidente della Regione , Luciano D&apos;Alfonso, nel corso della seduta di Giunta. Nell&apos;ambito del finanziamento statale, la Regione individuera&apos; la somma da destinare ai contributi per gli interventi strutturali degli edifici privati dandone comunicazione al Dipartimento nazionale di Protezione civile entro il termine di 45 giorni d alla data di pubblicazione del Decreto. leggi tutto l&apos;articolo La notizia completa su abruzzo24ore.tv Terremoto - 24mila scuole sono a rischio : dal 2010 solo 1 miliardo di fondi per la Prevenzione : ROMA L&apos;onda emotiva suscitata dal Terremoto dell&apos;Aquila che nel 2009 spinse il governo Berlusconi ad istituire il Fondo (gestito dal ministero dell&apos;Economia) per la prevenzione del rischio sismico non ... Terremoti : Italia a rischio - ma i soldi per la Prevenzione non vengono spesi : Sono 21,5 milioni gli Italia ni che vivono in aree ad alto o elevato rischio sismico. Quindici milioni gli edifici costruiti prima della legge antisismica del 1974 Terremoti : Italia a rischio - ma i soldi per la Prevenzione non vengono spesi : Sono 21,5 milioni gli Italia ni che vivono in aree ad alto o elevato rischio sismico. Quindici milioni gli edifici costruiti prima della legge antisismica del 1974 L&apos;allarme dei geologi : &quot;In Italia 24 milioni vivono in zone a rischio sismico - siamo lontani dalla cultura della Prevenzione &quot; : In Italia almeno 24 milioni di persone vivono in zone ad elevato rischio sismico . E&apos; la stima fornita dal presidente del Consiglio nazionale dei geologi , Francesco Peduto, che sottolinea come la zona dell&apos; Italia centrale, colpita nella notte dal terremoto, &quot;è riconosciuta come ad alto rischio sismico , come la quasi totalità della catena appenninica, da Nord a Sud&quot;. &quot;Questa notte - spiega Peduto - si è mossa una faglia appenninica di tipo distensivo, ma l&apos; Italia intera (come è noto) è ad alto rischio , proprio perché è un paese geologi camente giovane e di frontiera. In generale il rischio è più spinto lungo l&apos;Appennino e poi meno eclatante man mano che ci si allontana da esso. Ma non ci sono territori totalmente esenti&quot;. Peduto avverte sulla necessità di lavorare sul fronte della prevenzione. &quot;Noi geologi da anni diciamo che in Italia siamo ben lontani da una cultura di prevenzione. ... Tumore della cervice uterina : sintomi - fattori di rischio - diagnosi - cura e Prevenzione : Il Tumore della cervice uterina , dovuto alla moltiplicazione incontrollata di alcune cellule situate a livello della giunzione squamo-colonnare che si trasformano in maligne, è tra i tumori più diffusi nel sesso femminile. sintomi : Tra i sintomi : perdite ematiche vaginali anomale (es. nell’intervallo tra le due mestruazioni, dopo un rapporto sessuale o in menopausa), dolore durante i rapporti sessuali. Se il Tumore si diffonde ai tessuti vicini, possono manifestarsi: difficoltà a urinare o dolore nella minzione, blocco renale, mal di schiena sordo, gonfiore alle gambe, diarrea, perdita di peso, sensazione di malessere generalizzata. fattori DI rischio : I fattori di rischio del Tumore della cervice uterina sono: infezione da HPV (Human Papilloma Virus), precoce inizio dell’attività sessuale, promiscuità sessuale propria e del partner, infezioni da Clamidia o Herpes simplex, insufficiente ... Terrorismo - Alfano : &apos;La Prevenzione funziona - rischio radicalizzazione in carcere&apos; : Roma - &apos; Il nostro Paese non ha nulla a che invidiare a nessun paese al mondo &apos; e &apos;il sistema di prevenzione anti Terrorismo sin qui ha retto&apos;. Lo ha detto il ministro dell&apos;Interno Angiolino Alfano nella tradizionale conferenza stampa di Ferragosto. Contro il pericolo ... Alfano : &quot;La Prevenzione al terrorismo funziona e si lavora sul rischio radicalizzazione nelle carceri&quot; : &apos;Il nostro Paese non ha nulla a che invidiare a nessun paese al mondo&apos; e &apos;il sistema di prevenzione anti terrorismo sin qui ha retto&apos;. Lo ha detto il ministro dell&apos;Interno Angiolino Alfano nella tradizionale conferenza stampa di Ferragosto. Contro il pericolo ... 
</post>
<signature>

</signature>
<external_links>

</external_links>
<country>IT</country>
<main_image>http://www.abruzzo24ore.tv/img/3bcda8f2aed2c8f1fdea1c020dadcf39/w/100/h/100/thumb/174934.jpg</main_image>
</document>
