<?xml version="1.0" encoding="UTF-8"?>
<document>
<type>mainstream</type>
<forum></forum>
<forum_title></forum_title>
<discussion_title>Finanzkrise - Wirtschaftskrise – Preisdruck – Zukunft - Politik - Forum-Speditionen | Das größte Forum der Transportbranche</discussion_title>
<language>german</language>
<gmt_offset></gmt_offset>
<topic_url>http://www.forum-speditionen.de/board/93-finanzkrise-wirtschaftskrise-preisdruck-zukunft-politik/?s=26065b8e208fe8bbd9803b155e259bb8b3025219</topic_url>
<topic_text>
Diese Seite verwendet Cookies. Durch die Nutzung unserer Seite erklären Sie sich damit einverstanden, dass wir Cookies setzen. Weitere Informationen 1 Seite 1 von 12 
</topic_text>
<spam_score>0.18</spam_score>
<post_num>1</post_num>
<post_id>post-1</post_id>
<post_url>http://www.forum-speditionen.de/board/93-finanzkrise-wirtschaftskrise-preisdruck-zukunft-politik/?s=26065b8e208fe8bbd9803b155e259bb8b3025219</post_url>
<post_date>20160624</post_date>
<post_time></post_time>
<username></username>
<post>
Diese Seite verwendet Cookies. Durch die Nutzung unserer Seite erklären Sie sich damit einverstanden, dass wir Cookies setzen. Weitere Informationen 1 Seite 1 von 12 
</post>
<signature>

</signature>
<external_links>

</external_links>
<country>DE</country>
<main_image></main_image>
</document>
