<?xml version="1.0" encoding="UTF-8"?>
<document>
<type>mainstream</type>
<forum>http://www.hawr-digital.de/News/Allgemein.rss</forum>
<forum_title></forum_title>
<discussion_title>Studenten-Oscar-Gewinner «stolz und überwältigt»</discussion_title>
<language>german</language>
<gmt_offset></gmt_offset>
<topic_url>http://www.hawr-digital.de/Nachrichten/Studenten-Oscar-Gewinner-stolz-und-ueberwaeltigt-52618.html</topic_url>
<topic_text>
30.08.2016, 16:38 Uhr 
Köln. 
Köln. Ahmad Saleh (35), Absolvent der Kölner Kunsthochschule für Medien, ist «stolz und überwältigt» vom Gewinn des Studenten-Oscars. Der 35 Jahre alte Jordanier wurde für seinen Kurzfilm «Ayny - My Second Eye» in der Kategorie «Bester Ausländischer Animationsfilm» von der Oscar-Akademie ausgezeichnet. Saleh, der zurzeit in den Palästinensergebieten filmt, sagte am Dienstag der Deutschen Presse-Agentur, sein Film sei ein Porträt von Menschen, die in Kriegsgebieten lebten. «Er zeigt, wie stark diese Menschen oft sind.» 
Saleh hatte vor zehn Jahren in Askar, einem Flüchtlingslager in den palästinensischen Autonomiegebieten, erlebt, wie zwei Jungen bei einer Explosion verletzt worden waren. «Was mich wirklich faszinierte, war, wie alle darauf reagierten, wie etwa die Nachbarn alles Menschenmögliche unternahmen, um das Krankenhaus zu erreichen. Das war es, was ich in dem Film darstellen wollte.» Es sei kein Film über ein furchtbares Ereignis, sondern über Stärke und Hilfsbereitschaft. 
Saleh wurde 1980 in Saudi Arabien als Sohn palästinensischer Eltern geboren. Er absolvierte ein Ingenieurstudium, begann dann aber, Kurzgeschichten zu schreiben. Nachdem er als Art Director gearbeitet hatte, begann er 2013 ein Postgraduiertenstudium an der Kunsthochschule für Medien in Köln mit Schwerpunkt Animation. dpa
</topic_text>
<spam_score>0.00</spam_score>
<post_num>1</post_num>
<post_id>post-1</post_id>
<post_url>http://www.hawr-digital.de/Nachrichten/Studenten-Oscar-Gewinner-stolz-und-ueberwaeltigt-52618.html</post_url>
<post_date>20160830</post_date>
<post_time>1438</post_time>
<username></username>
<post>
30.08.2016, 16:38 Uhr 
Köln. 
Köln. Ahmad Saleh (35), Absolvent der Kölner Kunsthochschule für Medien, ist «stolz und überwältigt» vom Gewinn des Studenten-Oscars. Der 35 Jahre alte Jordanier wurde für seinen Kurzfilm «Ayny - My Second Eye» in der Kategorie «Bester Ausländischer Animationsfilm» von der Oscar-Akademie ausgezeichnet. Saleh, der zurzeit in den Palästinensergebieten filmt, sagte am Dienstag der Deutschen Presse-Agentur, sein Film sei ein Porträt von Menschen, die in Kriegsgebieten lebten. «Er zeigt, wie stark diese Menschen oft sind.» 
Saleh hatte vor zehn Jahren in Askar, einem Flüchtlingslager in den palästinensischen Autonomiegebieten, erlebt, wie zwei Jungen bei einer Explosion verletzt worden waren. «Was mich wirklich faszinierte, war, wie alle darauf reagierten, wie etwa die Nachbarn alles Menschenmögliche unternahmen, um das Krankenhaus zu erreichen. Das war es, was ich in dem Film darstellen wollte.» Es sei kein Film über ein furchtbares Ereignis, sondern über Stärke und Hilfsbereitschaft. 
Saleh wurde 1980 in Saudi Arabien als Sohn palästinensischer Eltern geboren. Er absolvierte ein Ingenieurstudium, begann dann aber, Kurzgeschichten zu schreiben. Nachdem er als Art Director gearbeitet hatte, begann er 2013 ein Postgraduiertenstudium an der Kunsthochschule für Medien in Köln mit Schwerpunkt Animation. dpa
</post>
<signature>

</signature>
<external_links>

</external_links>
<country>DE</country>
<main_image>http://www.hawr-digital.de/Bilder/Pic-46875m.jpg</main_image>
</document>
