<?xml version="1.0" encoding="UTF-8"?>
<document>
<type>mainstream</type>
<forum>http://rssfeeds.wzzm13.com/_/20/107904770/wzzm13-education</forum>
<forum_title>WZZM - Education</forum_title>
<discussion_title>Catholic students return to class in G.R</discussion_title>
<language>english</language>
<gmt_offset></gmt_offset>
<topic_url>http://rssfeeds.wzzm13.com/_/20/107904770/http&amp;#x3a;&amp;#x2f;&amp;#x2f;www&amp;#x2e;wzzm13&amp;#x2e;com&amp;#x2f;news&amp;#x2f;education&amp;#x2f;thousands-of-catholic-students-return-to-class-today&amp;#x2f;311203760</topic_url>
<topic_text>
Close Thousands of Catholic students return to class Tuesday Angela Cunningham tells us what&apos;s new at schools within the Grand Rapids Catholic Diocese, including an expansion at West Catholic and an observatory there. Angela Cunningham, WZZM 11:03   
Enrollment for the 30 schools under the Diocese are up for 2016-2017. 
Yesterday, the Diocese held its annual Back-to-School mass and celebrated to kick off the school year. 
West Catholic principal, Cindy Kneibel, says it is a big part of getting students excited about the year ahead. 
There will be roughly 500 students attending West Catholic this year. 
They have a lot to look forward to, including the school&apos;s continued progress with expansion plans that include building a new main entrance and a state-of-the-art academic learning center. 
West Catholic also offers students a unique educational opportunity with the school&apos;s observatory. 
A few years ago, the school bought a telescope with the help of grant money. Pre-engineering designed the observatory that houses the telescope and other state-of-the-art technology to study astronomy. 
(© 2016 WZZM)
</topic_text>
<spam_score>0.00</spam_score>
<post_num>1</post_num>
<post_id>post-1</post_id>
<post_url>http://rssfeeds.wzzm13.com/_/20/107904770/http&amp;#x3a;&amp;#x2f;&amp;#x2f;www&amp;#x2e;wzzm13&amp;#x2e;com&amp;#x2f;news&amp;#x2f;education&amp;#x2f;thousands-of-catholic-students-return-to-class-today&amp;#x2f;311203760</post_url>
<post_date>20160830</post_date>
<post_time>1503</post_time>
<username>Angela Cunningham</username>
<post>
Close Thousands of Catholic students return to class Tuesday Angela Cunningham tells us what&apos;s new at schools within the Grand Rapids Catholic Diocese, including an expansion at West Catholic and an observatory there. Angela Cunningham, WZZM 11:03   
Enrollment for the 30 schools under the Diocese are up for 2016-2017. 
Yesterday, the Diocese held its annual Back-to-School mass and celebrated to kick off the school year. 
West Catholic principal, Cindy Kneibel, says it is a big part of getting students excited about the year ahead. 
There will be roughly 500 students attending West Catholic this year. 
They have a lot to look forward to, including the school&apos;s continued progress with expansion plans that include building a new main entrance and a state-of-the-art academic learning center. 
West Catholic also offers students a unique educational opportunity with the school&apos;s observatory. 
A few years ago, the school bought a telescope with the help of grant money. Pre-engineering designed the observatory that houses the telescope and other state-of-the-art technology to study astronomy. 
(© 2016 WZZM)
</post>
<signature>

</signature>
<external_links>

</external_links>
<country>US</country>
<main_image>http://content.wzzm13.com/photo/2016/08/30/download%20_OP_3_CP__1472569335421_5881850_ver1.0_640_360.jpg</main_image>
</document>
