<?xml version="1.0" encoding="UTF-8"?>
<document>
<type>mainstream</type>
<forum>http://jobs.guardian.co.uk/jobsrss/uk/england/south-west/gloucestershire/</forum>
<forum_title>Job Search RSS</forum_title>
<discussion_title>SHELTER: Project Worker</discussion_title>
<language>english</language>
<gmt_offset></gmt_offset>
<topic_url>https://jobs.theguardian.com/job/6378850/project-worker/</topic_url>
<topic_text>
Fixed term contract until March 2018 
Closing date: Tuesday 13 th September 2016 at 11.30 pm 
Shelter Scotland is looking for a client focused individual with experience of supporting the needs of vulnerable young people, children and families, to join us as Project Worker . The ‘Safe &amp; Sound’ Project has been running since 2012 and we have secured additional funding from the Big Lottery Fund until March 2018. The project aims to benefit children &amp; young people aged 8 to 24 who have run away from home or are at risk of doing so, and their siblings and families. We also hope to prevent homelessness before it happens and offer practical and emotional support for young people, as well as longer term tenancy sustainment and housing support. Operating across Dundee, Fife, Angus and Perth and Kinross, the project is delivered in partnership with Relationship Scotland. Benefits include 30 days annual leave, the possibility of flexible working and significant opportunities for learning and development. Your key responsibilities: Deliver outcome focussed support, based on SHANARRI indicators, that offers advice and advocacy for young people who have ran away or are considering doing so, to make informed choices about the options available to them now and in the future Providing support to families on approaches to ease pressures within the home environment Working closely with our project partners to make sure service users’ needs are met and the project operates effectively. 
And what you’ll need: A qualification, or to be working towards a qualification, as deemed suitable by the Scottish Social Services Council Knowledge of homelessness; housing; the issues faced by young runaways; welfare benefits and the social issues that affect families Experience of supporting parents and carers to develop communication and parenting skills Knowledge and experience of the protection of vulnerable children and adults. 
For further information about the role, the benefits of working for Shelter Scotland and to apply please visit our website. At Shelter Scotland, we welcome and encourage applications from everyone regardless of age, disability, gender, ethnicity, religion and sexual orientation. We are facing diverse problems, so need diverse people to tackle them. Shelter Scotland helps over half a million people every year struggling with bad housing or homelessness – and we campaign to prevent it in the first place. We’re here so no-one has to fight bad housing or homelessness on their own.
</topic_text>
<spam_score>0.00</spam_score>
<post_num>1</post_num>
<post_id>post-1</post_id>
<post_url>https://jobs.theguardian.com/job/6378850/project-worker/</post_url>
<post_date>20160830</post_date>
<post_time>0000</post_time>
<username></username>
<post>
Fixed term contract until March 2018 
Closing date: Tuesday 13 th September 2016 at 11.30 pm 
Shelter Scotland is looking for a client focused individual with experience of supporting the needs of vulnerable young people, children and families, to join us as Project Worker . The ‘Safe &amp; Sound’ Project has been running since 2012 and we have secured additional funding from the Big Lottery Fund until March 2018. The project aims to benefit children &amp; young people aged 8 to 24 who have run away from home or are at risk of doing so, and their siblings and families. We also hope to prevent homelessness before it happens and offer practical and emotional support for young people, as well as longer term tenancy sustainment and housing support. Operating across Dundee, Fife, Angus and Perth and Kinross, the project is delivered in partnership with Relationship Scotland. Benefits include 30 days annual leave, the possibility of flexible working and significant opportunities for learning and development. Your key responsibilities: Deliver outcome focussed support, based on SHANARRI indicators, that offers advice and advocacy for young people who have ran away or are considering doing so, to make informed choices about the options available to them now and in the future Providing support to families on approaches to ease pressures within the home environment Working closely with our project partners to make sure service users’ needs are met and the project operates effectively. 
And what you’ll need: A qualification, or to be working towards a qualification, as deemed suitable by the Scottish Social Services Council Knowledge of homelessness; housing; the issues faced by young runaways; welfare benefits and the social issues that affect families Experience of supporting parents and carers to develop communication and parenting skills Knowledge and experience of the protection of vulnerable children and adults. 
For further information about the role, the benefits of working for Shelter Scotland and to apply please visit our website. At Shelter Scotland, we welcome and encourage applications from everyone regardless of age, disability, gender, ethnicity, religion and sexual orientation. We are facing diverse problems, so need diverse people to tackle them. Shelter Scotland helps over half a million people every year struggling with bad housing or homelessness – and we campaign to prevent it in the first place. We’re here so no-one has to fight bad housing or homelessness on their own.
</post>
<signature>

</signature>
<external_links>

</external_links>
<country>GB</country>
<main_image>//d1mbyzj6lih1pj.cloudfront.net/assets/dist/images/logo-bluebg.png;v=7d22bbdb3883e1215bb601184e4fe013</main_image>
</document>
