<?xml version="1.0" encoding="UTF-8"?>
<document>
<type>mainstream</type>
<forum>http://feeds.ficpa.org/AllUpcomingFicpaEvents</forum>
<forum_title>All Upcoming FICPA Events</forum_title>
<discussion_title>Key Tax Update for Business - 9/1/2016 - Online</discussion_title>
<language>english</language>
<gmt_offset></gmt_offset>
<topic_url>http://www.ficpa.org/Public/catalog/eventdetails.aspx?courseID=16ACKTUB11</topic_url>
<topic_text>
Credits ONLINE 
The 2015 and 2016 impact of numerous recent tax acts is discussed, with a focus on important provisions, rules and concepts relative to business tax returns. Objectives 
*To provide an update of the latest tax developments, rules and regulations affecting businesses Major Topics *2015 tax legislation and developments related to business provisions, including: Section 179 immediate expense deduction; bonus depreciation; update on tax return preparer standards; estate and gift tax changes; and other legislative changes. *Miscellaneous business developments, including regulations and rulings affecting depreciation, accounting method changes, and other business tax issues. Designed For CPAs in public practice and industry seeking an update on the latest tax developments affecting businesses. Prerequisite
</topic_text>
<spam_score>0.00</spam_score>
<post_num>1</post_num>
<post_id>post-1</post_id>
<post_url>http://www.ficpa.org/Public/catalog/eventdetails.aspx?courseID=16ACKTUB11</post_url>
<post_date>20160901</post_date>
<post_time>0400</post_time>
<username></username>
<post>
Credits ONLINE 
The 2015 and 2016 impact of numerous recent tax acts is discussed, with a focus on important provisions, rules and concepts relative to business tax returns. Objectives 
*To provide an update of the latest tax developments, rules and regulations affecting businesses Major Topics *2015 tax legislation and developments related to business provisions, including: Section 179 immediate expense deduction; bonus depreciation; update on tax return preparer standards; estate and gift tax changes; and other legislative changes. *Miscellaneous business developments, including regulations and rulings affecting depreciation, accounting method changes, and other business tax issues. Designed For CPAs in public practice and industry seeking an update on the latest tax developments affecting businesses. Prerequisite
</post>
<signature>

</signature>
<external_links>

</external_links>
<country>US</country>
<main_image></main_image>
</document>
