<?xml version="1.0" encoding="UTF-8"?>
<document>
<type>mainstream</type>
<forum>http://www.intunemonthly.com/feed</forum>
<forum_title>In Tune Monthly</forum_title>
<discussion_title>“Beauty And The Beast” Live Action Teasers Released</discussion_title>
<language>english</language>
<gmt_offset></gmt_offset>
<topic_url>http://www.intunemonthly.com/beauty-and-the-beast-live-action-teasers-released/</topic_url>
<topic_text>
Deb Galante Block 
Behind-the-scenes photos from the upcoming live-action “Beauty and the Beast” have been released., according to usatoday.com. 
Unlike “Maleficent” and “Cinderella” before it, the film will follow in the footsteps of its animated counterpart by being a musical. 
While we don’t have a look at Emma Watson as Belle yet, we do get to see Luke Evans as Gaston, Josh Gad as LeFou and Dan Stevens as the Prince. Fans of the original animated movie will immediately identify the snap of Evans and Gad, who appear to be performing Gaston. Morrissey captioned the photo, “‘I use antlers in all of my dec-o-rating…’.” 
Morrissey also shared a photo of Stevens in his Princely attire, rather than his beastly outfit. His hair is much longer than Matthew Crawley would have dared to wear his. And he’s smiling. Who would have known? 
The final snap features your favorite candlestick and clock, aka Ewan McGregor as Lumière and Ian McKellen as Cogsworth. The photo is only concept art and Morrissey noted that “These designs are close but may not be final.” 
You can see all the photos on Morrissey’s Facebook page here (https://www.facebook.com/therealjackmorrissey/media_set?set=a.10156125550465508.1073741854.704140507&amp;type=3) 
Watch the teaser for Beauty and the Beast below, which hits theaters March 17, 2017.  
</topic_text>
<spam_score>0.00</spam_score>
<post_num>1</post_num>
<post_id>post-1</post_id>
<post_url>http://www.intunemonthly.com/beauty-and-the-beast-live-action-teasers-released/</post_url>
<post_date>20160830</post_date>
<post_time>1433</post_time>
<username>Deb Galante Block</username>
<post>
Deb Galante Block 
Behind-the-scenes photos from the upcoming live-action “Beauty and the Beast” have been released., according to usatoday.com. 
Unlike “Maleficent” and “Cinderella” before it, the film will follow in the footsteps of its animated counterpart by being a musical. 
While we don’t have a look at Emma Watson as Belle yet, we do get to see Luke Evans as Gaston, Josh Gad as LeFou and Dan Stevens as the Prince. Fans of the original animated movie will immediately identify the snap of Evans and Gad, who appear to be performing Gaston. Morrissey captioned the photo, “‘I use antlers in all of my dec-o-rating…’.” 
Morrissey also shared a photo of Stevens in his Princely attire, rather than his beastly outfit. His hair is much longer than Matthew Crawley would have dared to wear his. And he’s smiling. Who would have known? 
The final snap features your favorite candlestick and clock, aka Ewan McGregor as Lumière and Ian McKellen as Cogsworth. The photo is only concept art and Morrissey noted that “These designs are close but may not be final.” 
You can see all the photos on Morrissey’s Facebook page here (https://www.facebook.com/therealjackmorrissey/media_set?set=a.10156125550465508.1073741854.704140507&amp;type=3) 
Watch the teaser for Beauty and the Beast below, which hits theaters March 17, 2017.  
</post>
<signature>

</signature>
<external_links>

</external_links>
<country>US</country>
<main_image></main_image>
</document>
