<?xml version="1.0" encoding="UTF-8"?>
<document>
<type>mainstream</type>
<forum></forum>
<forum_title></forum_title>
<discussion_title>Autohöfe die man meiden sollte! - Seite 4 - Autohöfe/Rasthöfe die man meiden sollte - Forum-Speditionen | Das größte Forum der Transportbranche</discussion_title>
<language>german</language>
<gmt_offset></gmt_offset>
<topic_url>http://www.forum-speditionen.de/autohoefe-die-man-meiden-sollte-11824?pageNo=4&amp;amp;s=6727ccfeb85f081129671fba1f1f74df0fc61464</topic_url>
<topic_text>

25. Juli 2015, 08:47 Es fällt immer mehr auf, dass die guten Autohöfe in den letzten Jahren stark an Qualität verloren haben. Das liegt aber nicht am Personal, sondern daran, dass diese Autohöfe in den letzten Jahren neu verpachtet wurden und die neuen Pächter erstmal sehen wollen wie schnell sie reich werden können. Aufgrund der Parkplatznot in Deutschland können sie es sich auch NOCH leisten. Da ist es doch erfeulich, wenn es Unternehmer wie Hoyer gibt, die einen anderen Weg gehen und auf Qualität und vor allem auf Sauberkeit setzten. Die Zeit wird ihm Recht geben. Ein gutes Beispiel für &quot;selbst an die Wand gefahren&quot; ist der Autohof in Sittensen. Neuer Pächter, hohe Preise, schlechte Qualität und nichts mehr los. Wo sich früher die LKW gestapelt haben, kannste heute auf dem Parkplatz Rennen fahren. War vor kurzem im Autohof Regensburg und wollte bei 28 Grad nicht im Restaurant, sonder auf der Terasse sitzten. Da die Tür nach draußen verschlossen war, habe ich bei der Bedinung gefragt, warum man bei der tollen Wetter da nicht sitzten kann. Als Antwort kam dann nur: &quot;Nee, keine Lust und ist außerdem auch noch zu kalt&quot;. So macht man sich alllerdings auch Freunde und hat einen lauen Arbeitstag. Bedenke bei jeder Entscheidung welche Auswirkung Dein Verhalten auf Deine Mitmenschen hat . 
</topic_text>
<spam_score>0.19</spam_score>
<post_num>1</post_num>
<post_id>post-1</post_id>
<post_url>http://www.forum-speditionen.de/autohoefe-die-man-meiden-sollte-11824?pageNo=4&amp;amp;s=6727ccfeb85f081129671fba1f1f74df0fc61464</post_url>
<post_date>20150613</post_date>
<post_time></post_time>
<username></username>
<post>

25. Juli 2015, 08:47 Es fällt immer mehr auf, dass die guten Autohöfe in den letzten Jahren stark an Qualität verloren haben. Das liegt aber nicht am Personal, sondern daran, dass diese Autohöfe in den letzten Jahren neu verpachtet wurden und die neuen Pächter erstmal sehen wollen wie schnell sie reich werden können. Aufgrund der Parkplatznot in Deutschland können sie es sich auch NOCH leisten. Da ist es doch erfeulich, wenn es Unternehmer wie Hoyer gibt, die einen anderen Weg gehen und auf Qualität und vor allem auf Sauberkeit setzten. Die Zeit wird ihm Recht geben. Ein gutes Beispiel für &quot;selbst an die Wand gefahren&quot; ist der Autohof in Sittensen. Neuer Pächter, hohe Preise, schlechte Qualität und nichts mehr los. Wo sich früher die LKW gestapelt haben, kannste heute auf dem Parkplatz Rennen fahren. War vor kurzem im Autohof Regensburg und wollte bei 28 Grad nicht im Restaurant, sonder auf der Terasse sitzten. Da die Tür nach draußen verschlossen war, habe ich bei der Bedinung gefragt, warum man bei der tollen Wetter da nicht sitzten kann. Als Antwort kam dann nur: &quot;Nee, keine Lust und ist außerdem auch noch zu kalt&quot;. So macht man sich alllerdings auch Freunde und hat einen lauen Arbeitstag. Bedenke bei jeder Entscheidung welche Auswirkung Dein Verhalten auf Deine Mitmenschen hat . 
</post>
<signature>

</signature>
<external_links>

</external_links>
<country>DE</country>
<main_image></main_image>
</document>
