<?xml version="1.0" encoding="UTF-8"?>
<document>
<type>mainstream</type>
<forum>http://www.intunemonthly.com/feed</forum>
<forum_title>In Tune Monthly</forum_title>
<discussion_title>Miranda Lambert To Receive ACM’s Spirit Of Country Award</discussion_title>
<language>english</language>
<gmt_offset></gmt_offset>
<topic_url>http://www.intunemonthly.com/miranda-lambert-to-receive-acms-spirit-of-country-award/</topic_url>
<topic_text>
Deb Galante Block 
The 10th Annual ACM Honors will take place today in Nashville, and with it comes a brand new award celebrating the spirit of country music legend Merle Haggard. Miranda Lambert will be its first recipient, according to radio.com. 
Selecting Lambert came down to a double voting process. Her name was approved as a possibility by the ACM Special Awards Panel and then voted on by the ACM Board. “Merle was an integral part of the Academy’s history, and it was important to us that we honor his legacy. We couldn’t imagine anyone better suited to receive the first ever ACM Merle Haggard Spirit Award than Miranda,” said ACM Executive Vice President and Managing Director Tiffany Moon in a press release. 
Lambert was judged based on specific criteria relating to Haggard’s contribution to country music. The ACM stated it “will be awarded to a singer-songwriter and performer whose career reflects the uncompromising integrity and steadfastness of spirit embodied by the late Merle Haggard. Beyond crafting iconic songs and delivering genuine performances, this deserving artist—like Haggard—is characterized by their singular vision in carving an indelible path in country music.” 
Lambert is also slated to perform at the ceremony, which will also feature performances from Alicia Keys, Maren Morris, Luke Bryan, hosts Lady Antebellum and many more. 
The 10th Annual ACM Honors will air on September 9 on CBS.  
</topic_text>
<spam_score>0.00</spam_score>
<post_num>1</post_num>
<post_id>post-1</post_id>
<post_url>http://www.intunemonthly.com/miranda-lambert-to-receive-acms-spirit-of-country-award/</post_url>
<post_date>20160830</post_date>
<post_time>1419</post_time>
<username>Deb Galante Block</username>
<post>
Deb Galante Block 
The 10th Annual ACM Honors will take place today in Nashville, and with it comes a brand new award celebrating the spirit of country music legend Merle Haggard. Miranda Lambert will be its first recipient, according to radio.com. 
Selecting Lambert came down to a double voting process. Her name was approved as a possibility by the ACM Special Awards Panel and then voted on by the ACM Board. “Merle was an integral part of the Academy’s history, and it was important to us that we honor his legacy. We couldn’t imagine anyone better suited to receive the first ever ACM Merle Haggard Spirit Award than Miranda,” said ACM Executive Vice President and Managing Director Tiffany Moon in a press release. 
Lambert was judged based on specific criteria relating to Haggard’s contribution to country music. The ACM stated it “will be awarded to a singer-songwriter and performer whose career reflects the uncompromising integrity and steadfastness of spirit embodied by the late Merle Haggard. Beyond crafting iconic songs and delivering genuine performances, this deserving artist—like Haggard—is characterized by their singular vision in carving an indelible path in country music.” 
Lambert is also slated to perform at the ceremony, which will also feature performances from Alicia Keys, Maren Morris, Luke Bryan, hosts Lady Antebellum and many more. 
The 10th Annual ACM Honors will air on September 9 on CBS.  
</post>
<signature>

</signature>
<external_links>

</external_links>
<country>US</country>
<main_image></main_image>
</document>
