<?xml version="1.0" encoding="UTF-8"?>
<document>
<type>mainstream</type>
<forum>http://ijevsk.bezformata.ru/rss.xml</forum>
<forum_title>Новости города БезФормата.Ru Удмуртская Республика Ижевск</forum_title>
<discussion_title>Программу по созданию нового кластера утвердят в Удмуртии</discussion_title>
<language>russian</language>
<gmt_offset></gmt_offset>
<topic_url>http://ijevsk.bezformata.ru/listnews/novogo-klastera-utverdyat-v-udmurtii/49993479/</topic_url>
<topic_text>
  
Речь идет о нефтегазопромысловом оборудовании в регионе. 
Ижевск. Удмуртия. Программу по созданию нового кластера утвердят в Удмуртии в ближайшее время. Как сообщает Интерфакс со ссылкой на премьер-министра региона Виктора Савельева, речь идет о нефтегазопромысловом оборудовании в регионе. 
« Мы сейчас программу по развитию кластера нефтегазопромыслового оборудования подготовили, в ближайшее время ее рассмотрим на правительстве. Уже проскользнула информация, что подобной проблематикой занимается Астраханская область. У них там, в основном, конечно, на газ ориентация, на газовое оборудование, поэтому нам нужно здесь даже поспешить, чтобы нас не опередили », - сказал Виктор Савельев. 
По его словам, в Удмуртской Республике есть все условия для создания кластера: 28 производителей нефтегазопромыслового оборудования, в том числе, крупные предприятия ОПК, такие как «Ижевский электромеханический завод « Купол », а также десятки фирм, выпускающих узлы для этого оборудования. 
« Самое главное нам - заинтересовать нефтяников, чтобы они становились участниками этого кластера. Я думаю, что получится », - отметил Савельев. 
Главной задачей кластера региональные власти видят кооперацию между производителями нефтегазопромыслового оборудования и «выход на комплексные заказы». 
Премьер также отметил, что заинтересованность заказчиков в производимом в Удмуртии нефтегазопромысловом оборудовании растет. 
«Сейчас вот Казахстан, Иран очень активно интересуются нашей продукцией, ряд других стран. В основном, конечно, понимая, что сейчас идет импортозамещение, неплохой спрос на наше оборудование внутри. Но есть одно «но». Мы сейчас уже дошли до того, что конкурируем внутри республики. Почему мы и поставили задачу: все-таки создать кластер нефтегазопромыслового оборудования - чтобы самим с собой не конкурировать. Есть еще ниши, которые надо занимать. Единственно что - эти процессы нужно так или иначе регулировать», - уточнил Савельев.
</topic_text>
<spam_score>0.00</spam_score>
<post_num>1</post_num>
<post_id>post-1</post_id>
<post_url>http://ijevsk.bezformata.ru/listnews/novogo-klastera-utverdyat-v-udmurtii/49993479/</post_url>
<post_date>20160830</post_date>
<post_time>1502</post_time>
<username></username>
<post>
  
Речь идет о нефтегазопромысловом оборудовании в регионе. 
Ижевск. Удмуртия. Программу по созданию нового кластера утвердят в Удмуртии в ближайшее время. Как сообщает Интерфакс со ссылкой на премьер-министра региона Виктора Савельева, речь идет о нефтегазопромысловом оборудовании в регионе. 
« Мы сейчас программу по развитию кластера нефтегазопромыслового оборудования подготовили, в ближайшее время ее рассмотрим на правительстве. Уже проскользнула информация, что подобной проблематикой занимается Астраханская область. У них там, в основном, конечно, на газ ориентация, на газовое оборудование, поэтому нам нужно здесь даже поспешить, чтобы нас не опередили », - сказал Виктор Савельев. 
По его словам, в Удмуртской Республике есть все условия для создания кластера: 28 производителей нефтегазопромыслового оборудования, в том числе, крупные предприятия ОПК, такие как «Ижевский электромеханический завод « Купол », а также десятки фирм, выпускающих узлы для этого оборудования. 
« Самое главное нам - заинтересовать нефтяников, чтобы они становились участниками этого кластера. Я думаю, что получится », - отметил Савельев. 
Главной задачей кластера региональные власти видят кооперацию между производителями нефтегазопромыслового оборудования и «выход на комплексные заказы». 
Премьер также отметил, что заинтересованность заказчиков в производимом в Удмуртии нефтегазопромысловом оборудовании растет. 
«Сейчас вот Казахстан, Иран очень активно интересуются нашей продукцией, ряд других стран. В основном, конечно, понимая, что сейчас идет импортозамещение, неплохой спрос на наше оборудование внутри. Но есть одно «но». Мы сейчас уже дошли до того, что конкурируем внутри республики. Почему мы и поставили задачу: все-таки создать кластер нефтегазопромыслового оборудования - чтобы самим с собой не конкурировать. Есть еще ниши, которые надо занимать. Единственно что - эти процессы нужно так или иначе регулировать», - уточнил Савельев.
</post>
<signature>

</signature>
<external_links>

</external_links>
<country>RU</country>
<main_image>http://ijevsk.bezformata.ru/content/image204335034.jpg</main_image>
</document>
