<?xml version="1.0" encoding="UTF-8"?>
<document>
<type>mainstream</type>
<forum>http://www.menafn.com/rss/menafn_Pharmaceuticals_Health.xml</forum>
<forum_title>MENAFN.com Pharmaceuticals_Health</forum_title>
<discussion_title>Esteemed Dentist, Eric Derovanessian, DDS, will be featured in The Leading Physicians of the World</discussion_title>
<language>english</language>
<gmt_offset></gmt_offset>
<topic_url>http://www.menafn.com/1094918074/Esteemed-Dentist-Eric-Derovanessian-DDS-will-be-featured-in-The-Leading-Physicians-of-the-World&amp;src=RSS</topic_url>
<topic_text>
(MENAFN Press) Esteemed Dentist, Eric Derovanessian, DDS, will be featured in The Leading Physicians of the World Posted by admin on August 29, 2016 Belleview, Washington - The International Association of HealthCare Professionals is pleased to welcome Eric Derovanessian, DDS, Dentist, to their prestigious organization with his upcoming publication in the The Leading Physicians of the World. Dr. Derovanessian is a highly-trained and qualified dentist with a vast expertise inall facets of his work, especially general and cosmetic surgery. Dr. Derovanessian has been in practice for over 25 years and is currently serving patients at the Northwest Institute of Cosmetic Dentistry in Bellevue, Washington. The combination of continued education and state-of-the-art equipment allows him to provide patients with the high level of care they are looking for. Dr. Derovanessian attended the Herman Ostrow School of Dentistry in Los Angeles, California and earned his Doctor of Dental Surgery degree. In order to maintain a forefront position in the challenging dentistry field, Dr. Derovanessian maintains a professional membership with the American Dental Association, the Mid-America Orthodontic Society, the Internet Dental Alliance, the Dental Organization for Conscious Sedation, and the Armenian Dental Society of California. In his spare time, Dr. Derovanessian enjoys going to the theater, hunting, playing golf, fishing, and playing tennis. Learn more about Dr. Derovanessian here: http://www.familydentistbellevue.com/dr-derovanessian-bellevue-dentistry and read his upcoming publication in the Leading Physicians of the World. 
About FindaTopDoc.com FindaTopDoc.com is a hub for all things medicine, featuring detailed descriptions of medical professionals across all areas of expertise, and information on thousands of healthcare topics. Each month, millions of patients use FindaTopDoc to find a doctor nearby and instantly book an appointment online or create a review. FindaTopDoc.com features each doctor&quot;;s full professional biography highlighting their achievements, experience, patient reviews and areas of expertise. A leading provider of valuable health information that helps empower patient and doctor alike, FindaTopDoc enables readers to live a happier and healthier life. For more information about FindaTopDoc, visit http://www.findatopdoc.com Media Contact 
Company Name: International Association of HealthCare Professionals 
Contact Person: Lauren 
Email: 
Phone: 877-447-8360 
Country: United States 
Website: www.findatopdoc.com 




About GetNews
</topic_text>
<spam_score>0.00</spam_score>
<post_num>1</post_num>
<post_id>post-1</post_id>
<post_url>http://www.menafn.com/1094918074/Esteemed-Dentist-Eric-Derovanessian-DDS-will-be-featured-in-The-Leading-Physicians-of-the-World&amp;src=RSS</post_url>
<post_date>20160830</post_date>
<post_time></post_time>
<username>Press</username>
<post>
(MENAFN Press) Esteemed Dentist, Eric Derovanessian, DDS, will be featured in The Leading Physicians of the World Posted by admin on August 29, 2016 Belleview, Washington - The International Association of HealthCare Professionals is pleased to welcome Eric Derovanessian, DDS, Dentist, to their prestigious organization with his upcoming publication in the The Leading Physicians of the World. Dr. Derovanessian is a highly-trained and qualified dentist with a vast expertise inall facets of his work, especially general and cosmetic surgery. Dr. Derovanessian has been in practice for over 25 years and is currently serving patients at the Northwest Institute of Cosmetic Dentistry in Bellevue, Washington. The combination of continued education and state-of-the-art equipment allows him to provide patients with the high level of care they are looking for. Dr. Derovanessian attended the Herman Ostrow School of Dentistry in Los Angeles, California and earned his Doctor of Dental Surgery degree. In order to maintain a forefront position in the challenging dentistry field, Dr. Derovanessian maintains a professional membership with the American Dental Association, the Mid-America Orthodontic Society, the Internet Dental Alliance, the Dental Organization for Conscious Sedation, and the Armenian Dental Society of California. In his spare time, Dr. Derovanessian enjoys going to the theater, hunting, playing golf, fishing, and playing tennis. Learn more about Dr. Derovanessian here: http://www.familydentistbellevue.com/dr-derovanessian-bellevue-dentistry and read his upcoming publication in the Leading Physicians of the World. 
About FindaTopDoc.com FindaTopDoc.com is a hub for all things medicine, featuring detailed descriptions of medical professionals across all areas of expertise, and information on thousands of healthcare topics. Each month, millions of patients use FindaTopDoc to find a doctor nearby and instantly book an appointment online or create a review. FindaTopDoc.com features each doctor&quot;;s full professional biography highlighting their achievements, experience, patient reviews and areas of expertise. A leading provider of valuable health information that helps empower patient and doctor alike, FindaTopDoc enables readers to live a happier and healthier life. For more information about FindaTopDoc, visit http://www.findatopdoc.com Media Contact 
Company Name: International Association of HealthCare Professionals 
Contact Person: Lauren 
Email: 
Phone: 877-447-8360 
Country: United States 
Website: www.findatopdoc.com 




About GetNews
</post>
<signature>

</signature>
<external_links>

</external_links>
<country>US</country>
<main_image>http://menafn.com/images/shared/menafnlogo_sm.gif</main_image>
</document>
