<?xml version="1.0" encoding="UTF-8"?>
<document>
<type>mainstream</type>
<forum>http://elclarinweb.com/feed/</forum>
<forum_title>El Clarín | Diario venezolano de la región central</forum_title>
<discussion_title>Paro comercial en Guacamaya por extorsiones</discussion_title>
<language>spanish</language>
<gmt_offset></gmt_offset>
<topic_url>http://elclarinweb.com/aragua/paro-comercial-en-guacamaya-por-extorsiones</topic_url>
<topic_text>
Paro comercial en Guacamaya por extorsiones   La Victoria Comerciantes del sector Guacamaya, municipio Ribas, están amenazados por el hampa. Ayer, al igual que los últimos días, decidieron en conjunto no abrir las puertas de sus establecimientos, por miedo y como mecanismo de rechazo al cobro de extorsiones que intentan practicar bandas delictivas que hacen vida en la zona. Propietarios de establecimientos y habitantes de la comunidad denunciaron que muchos se han visto en la necesidad de no abrir sus locales por temor a su seguridad, por lo que clamaron por presencia de funcionarios de la Policía del estado Aragua, así como la respuesta de otros entes oficiales vinculados al área de seguridad, para que colaboren con la resolución del problema. Se conoció por testimonio de varios comerciantes, que prefieren mantener el anonimato por temor a represalias, que se repartió un panfleto donde se les indicaba la suma a pagar, por lo que los comerciantes se atemorizaron y decidieron bajar sus santamarías. Mientras la incertidumbre colma a los dueños de comercios, los consumidores deben trasladarse a otras zonas para poder adquirir diferentes productos. La ciudadana Lucía Díaz expresó que la delincuencia tiene azotada la zona y por ello “todos los negocios están cerrados”. Entre tanto, Javier Rodríguez calificó de “increíble” como “los cobra vacunas hacen de las suyas en Guacamaya” . Exhortó a la policía para que se acerque hasta el lugar y realice operativos, además de trabajos de inteligencia que conlleven a la desarticulación de las redes hamponiles que imponen una especie de toque de queda.
</topic_text>
<spam_score>0.00</spam_score>
<post_num>1</post_num>
<post_id>post-1</post_id>
<post_url>http://elclarinweb.com/aragua/paro-comercial-en-guacamaya-por-extorsiones</post_url>
<post_date>20160830</post_date>
<post_time>1447</post_time>
<username>Katherine Dona Cumana</username>
<post>
Paro comercial en Guacamaya por extorsiones   La Victoria Comerciantes del sector Guacamaya, municipio Ribas, están amenazados por el hampa. Ayer, al igual que los últimos días, decidieron en conjunto no abrir las puertas de sus establecimientos, por miedo y como mecanismo de rechazo al cobro de extorsiones que intentan practicar bandas delictivas que hacen vida en la zona. Propietarios de establecimientos y habitantes de la comunidad denunciaron que muchos se han visto en la necesidad de no abrir sus locales por temor a su seguridad, por lo que clamaron por presencia de funcionarios de la Policía del estado Aragua, así como la respuesta de otros entes oficiales vinculados al área de seguridad, para que colaboren con la resolución del problema. Se conoció por testimonio de varios comerciantes, que prefieren mantener el anonimato por temor a represalias, que se repartió un panfleto donde se les indicaba la suma a pagar, por lo que los comerciantes se atemorizaron y decidieron bajar sus santamarías. Mientras la incertidumbre colma a los dueños de comercios, los consumidores deben trasladarse a otras zonas para poder adquirir diferentes productos. La ciudadana Lucía Díaz expresó que la delincuencia tiene azotada la zona y por ello “todos los negocios están cerrados”. Entre tanto, Javier Rodríguez calificó de “increíble” como “los cobra vacunas hacen de las suyas en Guacamaya” . Exhortó a la policía para que se acerque hasta el lugar y realice operativos, además de trabajos de inteligencia que conlleven a la desarticulación de las redes hamponiles que imponen una especie de toque de queda.
</post>
<signature>

</signature>
<external_links>

</external_links>
<country>US</country>
<main_image>http://elclarinweb.com/wp-content/uploads/2016/08/Comercios.jpg</main_image>
</document>
