<?xml version="1.0" encoding="UTF-8"?>
<document>
<type>mainstream</type>
<forum>http://news.21.by/pub/rss/discuss.rss</forum>
<forum_title>Рейтинг обсуждаемых новостей 21.by</forum_title>
<discussion_title>Как найти работу, если вам за 50</discussion_title>
<language>russian</language>
<gmt_offset></gmt_offset>
<topic_url>http://news.21.by/other-news/2016/08/30/1234686.html</topic_url>
<topic_text>
― А на даче у вас как собственность организована? 
― Дачный кооператив. 
― Нет там уже полгода управляющего. Прошлого выгнали, а нового найти не могут. 
― Алевтина? 
― Что? 
― Вы любите дачу, разбираетесь в бухгалтерии, любите порядок. Вы честны. Вы умеете собирать финансы и отчитываться о них. Вы хотели больше времени проводить с внучкой за городом. Мне кажется, вам нужно пробоваться на эту позицию. 
- Да? ― у Алевтины явно шок. ― Но меня ж не выберут. Я ничего не понимаю. Я не знаю. Я не умею. 
― Стоп. Давайте так. Мы сейчас найдем вам эксперта, который проверит ваши навыки и умения под эту позицию, и одновременно проконсультирует вас о характере работы. Это просто консультация, пока не нужно ничего решать. Вы просто поговорите с ним и подумаете над таким вариантом трудоустройства. Хорошо? 
Мы нашли эксперта, который поговорил с Алевтиной. Его вердикт был непреклонен ― Алевтина подходит для этой позиции. Алевтина тоже загорелась этой идеей. Но оставалась одна проблема – должность выборная. Нужно было сделать так, чтобы выбрали именно Алевтину, а не другого кандидата. А в кооперативе разгорелись настоящие бои: кроме Алевтины на эту позицию претендовала жена бывшего председателя и еще отставной военный. Шансов у жены бывшего председателя не было, а вот бывший военный был серьезным конкурентом. 
― Меня не выберут. Все выберут мужика, ― впала в отчаяние Алевтина 
― Может и не выберут. Это не единственный кооператив. В Подмосковье много кооперативов. А в Москве много ТСЖ, – говорили мы. ― Но перед тем, как сдаваться, давайте попробуем. 
Легкое отступление: 
Меня поражает, с какой легкостью люди сдаются при поиске работы, увидев первую мифическую преграду. Я всегда всем говорю – пробуйте. Даже если не получится получить позицию, вы приобретете бесценный опыт собеседований, и в результате, проанализировав что не получилось, вы приблизитесь к мечте. 
Очень важно периодически ходить на внешние собеседования, чтобы оценить свою конкурентоспособность – что сейчас работодатели ждут от человека на этой позиции и насколько я этим ожиданиям соответствую. 
― Алевтина, что на ваш взгляд, ждут ваши соседи от нового председателя? 
― Газопровода. 
― А еще ? 
― Ну чтобы деньги не воровал. 
― Ну вот на это и будем ставить. Вы в прошлом главный бухгалтер с безупречной репутацией, вы в этом кооперативе уже более десяти лет и знаете всех. Поэтому вы не просто собираете деньги, а будете ежемесячно присылать полный отчет всем по тратам, плюс вы найдете, как перекроить и улучшить бюджет ТСЖ, чтобы у всех взнос на газопровод был чуть меньше, чем они планировали. Плюс, поскольку вы всех знаете, то сможете найти рычаги к тем, кто не платит и уговорить сдать сумму, чтобы она не легла на тех, кто платит. Вы же это сможете? 
― Думаю, да. 
Алевтина выиграла выборы. Девять месяцев она была председателем дачного кооператива и действительно добилась того, что в ближайшее время газопровод будет проведен. Она собрала на него деньги со всех (а это подвиг). 
Сейчас обстоятельства жизни Алевтины изменились – ее дочь вышла замуж и уехала с внучкой в Германию. Алевтина поехала с ними. Но те девять месяцев, пока Алевтина работала, она была абсолютно счастлива, и кооператив был крайне доволен. 
*** 
Выводы: возраст и работа: как найти работу, когда тебе за 50 (это выводы главы подзаголовок нужно выделить) 
Довольно часто люди старшего поколения смотрят на свой опыт работы однобоко: я всю жизнь работал инженером, значит, и сейчас мне быть инженером. Но давайте будем честны – мест для людей старшего возраста немного. Что бы не писали в наших законах об одинаковых правах людей разных возрастов, в реалии все не так – предпочтения отдают более молодым. Поэтому, оказавшись без работы в старшем возрасте, попробуйте «переупаковать» свой опыт: 
― подумайте, чем вы любите заниматься (ваше хобби). Возможно, там ваши навыки будут нужны? 
― «переупакуйте» свой опыт из найма в другие формы: возможно, вы не найдете работу в штате на полный день в крупной компании. Но, вероятнее всего, ваши навыки будут нужны в почасовой работе более мелким компаниям (особенно это полезно для юристов, бухгалтеров, экономистов). Сходите на те мероприятия, где часто собирается малый бизнес и стартапы и расскажите там о своих навыках. У этих компаний нет денег взять на постоянную работу профессионального бухгалтера или юриста, но у них возникают такие потребности. Таких компаний много. Вероятнее всего, вам предложат несколько заказов, и, конечно, каждый из них будет много ниже в оплате, чем ваша предыдущая постоянная работа, но в совокупности вы сможете выйти на приемлемый доход. И главное: вы почувствуете себя востребованным 
– презентуя себя, продавайте не возраст, не количество отработанных лет, а опыт (количество сделанных проектов, знания, которые позволят этим компаниям избежать ошибок).
</topic_text>
<spam_score>0.00</spam_score>
<post_num>1</post_num>
<post_id>post-1</post_id>
<post_url>http://news.21.by/other-news/2016/08/30/1234686.html</post_url>
<post_date>20160830</post_date>
<post_time>1415</post_time>
<username></username>
<post>
― А на даче у вас как собственность организована? 
― Дачный кооператив. 
― Нет там уже полгода управляющего. Прошлого выгнали, а нового найти не могут. 
― Алевтина? 
― Что? 
― Вы любите дачу, разбираетесь в бухгалтерии, любите порядок. Вы честны. Вы умеете собирать финансы и отчитываться о них. Вы хотели больше времени проводить с внучкой за городом. Мне кажется, вам нужно пробоваться на эту позицию. 
- Да? ― у Алевтины явно шок. ― Но меня ж не выберут. Я ничего не понимаю. Я не знаю. Я не умею. 
― Стоп. Давайте так. Мы сейчас найдем вам эксперта, который проверит ваши навыки и умения под эту позицию, и одновременно проконсультирует вас о характере работы. Это просто консультация, пока не нужно ничего решать. Вы просто поговорите с ним и подумаете над таким вариантом трудоустройства. Хорошо? 
Мы нашли эксперта, который поговорил с Алевтиной. Его вердикт был непреклонен ― Алевтина подходит для этой позиции. Алевтина тоже загорелась этой идеей. Но оставалась одна проблема – должность выборная. Нужно было сделать так, чтобы выбрали именно Алевтину, а не другого кандидата. А в кооперативе разгорелись настоящие бои: кроме Алевтины на эту позицию претендовала жена бывшего председателя и еще отставной военный. Шансов у жены бывшего председателя не было, а вот бывший военный был серьезным конкурентом. 
― Меня не выберут. Все выберут мужика, ― впала в отчаяние Алевтина 
― Может и не выберут. Это не единственный кооператив. В Подмосковье много кооперативов. А в Москве много ТСЖ, – говорили мы. ― Но перед тем, как сдаваться, давайте попробуем. 
Легкое отступление: 
Меня поражает, с какой легкостью люди сдаются при поиске работы, увидев первую мифическую преграду. Я всегда всем говорю – пробуйте. Даже если не получится получить позицию, вы приобретете бесценный опыт собеседований, и в результате, проанализировав что не получилось, вы приблизитесь к мечте. 
Очень важно периодически ходить на внешние собеседования, чтобы оценить свою конкурентоспособность – что сейчас работодатели ждут от человека на этой позиции и насколько я этим ожиданиям соответствую. 
― Алевтина, что на ваш взгляд, ждут ваши соседи от нового председателя? 
― Газопровода. 
― А еще ? 
― Ну чтобы деньги не воровал. 
― Ну вот на это и будем ставить. Вы в прошлом главный бухгалтер с безупречной репутацией, вы в этом кооперативе уже более десяти лет и знаете всех. Поэтому вы не просто собираете деньги, а будете ежемесячно присылать полный отчет всем по тратам, плюс вы найдете, как перекроить и улучшить бюджет ТСЖ, чтобы у всех взнос на газопровод был чуть меньше, чем они планировали. Плюс, поскольку вы всех знаете, то сможете найти рычаги к тем, кто не платит и уговорить сдать сумму, чтобы она не легла на тех, кто платит. Вы же это сможете? 
― Думаю, да. 
Алевтина выиграла выборы. Девять месяцев она была председателем дачного кооператива и действительно добилась того, что в ближайшее время газопровод будет проведен. Она собрала на него деньги со всех (а это подвиг). 
Сейчас обстоятельства жизни Алевтины изменились – ее дочь вышла замуж и уехала с внучкой в Германию. Алевтина поехала с ними. Но те девять месяцев, пока Алевтина работала, она была абсолютно счастлива, и кооператив был крайне доволен. 
*** 
Выводы: возраст и работа: как найти работу, когда тебе за 50 (это выводы главы подзаголовок нужно выделить) 
Довольно часто люди старшего поколения смотрят на свой опыт работы однобоко: я всю жизнь работал инженером, значит, и сейчас мне быть инженером. Но давайте будем честны – мест для людей старшего возраста немного. Что бы не писали в наших законах об одинаковых правах людей разных возрастов, в реалии все не так – предпочтения отдают более молодым. Поэтому, оказавшись без работы в старшем возрасте, попробуйте «переупаковать» свой опыт: 
― подумайте, чем вы любите заниматься (ваше хобби). Возможно, там ваши навыки будут нужны? 
― «переупакуйте» свой опыт из найма в другие формы: возможно, вы не найдете работу в штате на полный день в крупной компании. Но, вероятнее всего, ваши навыки будут нужны в почасовой работе более мелким компаниям (особенно это полезно для юристов, бухгалтеров, экономистов). Сходите на те мероприятия, где часто собирается малый бизнес и стартапы и расскажите там о своих навыках. У этих компаний нет денег взять на постоянную работу профессионального бухгалтера или юриста, но у них возникают такие потребности. Таких компаний много. Вероятнее всего, вам предложат несколько заказов, и, конечно, каждый из них будет много ниже в оплате, чем ваша предыдущая постоянная работа, но в совокупности вы сможете выйти на приемлемый доход. И главное: вы почувствуете себя востребованным 
– презентуя себя, продавайте не возраст, не количество отработанных лет, а опыт (количество сделанных проектов, знания, которые позволят этим компаниям избежать ошибок).
</post>
<signature>

</signature>
<external_links>

</external_links>
<country>BY</country>
<main_image></main_image>
</document>
