<?xml version="1.0" encoding="UTF-8"?>
<document>
<type>mainstream</type>
<forum>http://www.laverdad.es/murcia/rss/atom?seccion=ultima-hora</forum>
<forum_title>RSS de noticias de ultima-hora</forum_title>
<discussion_title>San Vicente retira «elementos de amianto» en edificios de varios colegios</discussion_title>
<language>spanish</language>
<gmt_offset></gmt_offset>
<topic_url>http://www.laverdad.es/alicante/201608/30/vicente-retira-elementos-amianto-20160830165209.html</topic_url>
<topic_text>
El Ayuntamiento de San Vicente del Raspeig estáuras&quot; que &quot;contienen amianto&quot; de los edificios de varios colegios&quot; del municipio, según un comunicado del consistorio. 
La edil de Educación, Begoña Monllor, y el concejal de Mantenimiento de Edificios Municipales, Bienvenido Gómez, han informado de esta actuacióún la primera, era necesaria desde hace mucho tiempo. 
También ha explicado que &quot;en el colegio Azorín se están sustituyendo trece tuberíástico PVC&quot;. 
En este centro docente se llevan a cabo también la retirada de un techado situado en la antigua vivienda del conserje, su reemplazo por otro de acero galvanizado y la supresióósito de agua en desuso. 
La actuacióá a finales de esta semana. 
En la misma línea de actuación, en el colegio Reyes Católicos se suprimió la pasada semana &quot;un panel de fibrocemento&quot; que servía como cubierta en un almacéálica que cuenta con una capa de aislamiento&quot;, lo que ha supuesto un gasto de 2.500 euros. 
El edil Bienvenido Góón expresa de los padres&quot;. 
Estos trabajos los realiza &quot;el personal de una empresa especializada siguiendo un plan de seguridad especíón Territorial del Ministerio de Trabajo y el Instituto Valenciano de Seguridad y Salud en el Trabajo (Invassat), afirma la nota de prensa. 
También se encarga del desmontaje de las piezas, su embalaje y transporte hasta un vertedero autorizado. 
Tras esta operación, las concejalías implicadas realizarán una inspeccin en los colegios para detectar si existe algún elemento estructural que contenga amianto. 
&quot;No hemos recibido ninguna notificación al respecto, pero queremos estar seguros&quot;, han dicho los ediles.
</topic_text>
<spam_score>0.00</spam_score>
<post_num>1</post_num>
<post_id>post-1</post_id>
<post_url>http://www.laverdad.es/alicante/201608/30/vicente-retira-elementos-amianto-20160830165209.html</post_url>
<post_date>20160830</post_date>
<post_time>1659</post_time>
<username></username>
<post>
El Ayuntamiento de San Vicente del Raspeig estáuras&quot; que &quot;contienen amianto&quot; de los edificios de varios colegios&quot; del municipio, según un comunicado del consistorio. 
La edil de Educación, Begoña Monllor, y el concejal de Mantenimiento de Edificios Municipales, Bienvenido Gómez, han informado de esta actuacióún la primera, era necesaria desde hace mucho tiempo. 
También ha explicado que &quot;en el colegio Azorín se están sustituyendo trece tuberíástico PVC&quot;. 
En este centro docente se llevan a cabo también la retirada de un techado situado en la antigua vivienda del conserje, su reemplazo por otro de acero galvanizado y la supresióósito de agua en desuso. 
La actuacióá a finales de esta semana. 
En la misma línea de actuación, en el colegio Reyes Católicos se suprimió la pasada semana &quot;un panel de fibrocemento&quot; que servía como cubierta en un almacéálica que cuenta con una capa de aislamiento&quot;, lo que ha supuesto un gasto de 2.500 euros. 
El edil Bienvenido Góón expresa de los padres&quot;. 
Estos trabajos los realiza &quot;el personal de una empresa especializada siguiendo un plan de seguridad especíón Territorial del Ministerio de Trabajo y el Instituto Valenciano de Seguridad y Salud en el Trabajo (Invassat), afirma la nota de prensa. 
También se encarga del desmontaje de las piezas, su embalaje y transporte hasta un vertedero autorizado. 
Tras esta operación, las concejalías implicadas realizarán una inspeccin en los colegios para detectar si existe algún elemento estructural que contenga amianto. 
&quot;No hemos recibido ninguna notificación al respecto, pero queremos estar seguros&quot;, han dicho los ediles.
</post>
<signature>

</signature>
<external_links>

</external_links>
<country>ES</country>
<main_image>http://www.laverdad.es/img/2014/logoC-200.png</main_image>
</document>
