<?xml version="1.0" encoding="UTF-8"?>
<document>
<type>mainstream</type>
<forum></forum>
<forum_title></forum_title>
<discussion_title>US says will look into India’s visa concerns - Livemint</discussion_title>
<language>english</language>
<gmt_offset></gmt_offset>
<topic_url>http://www.livemint.com/Politics/CKSNQbP7Kd8xafEhADQ1nL/US-says-will-look-into-Indias-visa-concerns.html</topic_url>
<topic_text>
Last Modified: Tue, Aug 30 2016. 08 45 PM IST US says will look into India’s visa concerns New Delhi has protested against the hike in visa fee for professionals, which it says is a barrier to the movement of workers Subscribe to our newsletter. To continue reading, we request you to support us by disabling your Ad Blocker OR by signing up In order to serve content on our website, we rely on advertising revenue which helps us to ensure that we continue to serve high quality, unbiased journalism. To learn how to disable your Ad Blocker, please click here x Steps to disable Ad Blocker on your browser 
In order to serve content on our website, we rely on advertising revenue which helps us ensure that we continue to serve high quality, unbiased journalism. From our end, we will aim to show clean and unobtrusive ads to provide you with a great browsing experience. Please follow the steps below, and once done, please refresh your page. Google Chrome Click on the AdBlock Plus icon on the top right of your browser A drop-down menu will appear with a check mark followed by Enabled on this site Click the button to until the text reads Disabled on this site Refresh the page or click Refresh , to access LiveMint.com Using Chrome adblock extension Click on the hand icon for adblock extension, on the top right corner of your browser A drop-down menu will appear Click the Don&apos;t run on pages on this domain option on the drop down Once clicked a settings popup will appear. Click Exclude Refresh the page or click Refresh , to access LiveMint.com Firefox Click on the AdBlock Plus icon on the top right of your browser A drop-down menu will appear Click the Disabled on LiveMint.com option on the drop down Refresh the page or click Refresh , to access Times of India Firefox &quot;Private Window&quot; runs its own version of adblock. You will receive an adblock detection screen on private window, even if you are not running any adblock plugins. In this case, you will need to open LiveMint.com on your standard Firefox window. Safari Go to the Settings app on the main screen Click on the Safari button From Menu click Content Blockers You will see your blocker enabled. Slide button to the left to disable. Return to your Safari browser and refresh the page or click Refresh , to access LiveMint.com Internet Explorer Click on the AdBlock Plus icon on the bottom right hand side of your browser A drop-down menu will appear Click the Disable on LiveMint.com option on the drop down Refresh the page or click Refresh , to access LiveMint.com iOS 9 and above Go to the Settings app on the main screen Click on the Safari button From Menu click Content Blockers You will see your blocker enabled. Slide button to the left to disable Return to the Safari browser and refresh the page or click Refresh, to access LiveMint.com Please refresh your page, once Ad Blocker is disabled OR 
</topic_text>
<spam_score>0.23</spam_score>
<post_num>1</post_num>
<post_id>post-1</post_id>
<post_url>http://www.livemint.com/Politics/CKSNQbP7Kd8xafEhADQ1nL/US-says-will-look-into-Indias-visa-concerns.html</post_url>
<post_date>20160830</post_date>
<post_time></post_time>
<username>Lesley Wroughton</username>
<post>
Last Modified: Tue, Aug 30 2016. 08 45 PM IST US says will look into India’s visa concerns New Delhi has protested against the hike in visa fee for professionals, which it says is a barrier to the movement of workers Subscribe to our newsletter. To continue reading, we request you to support us by disabling your Ad Blocker OR by signing up In order to serve content on our website, we rely on advertising revenue which helps us to ensure that we continue to serve high quality, unbiased journalism. To learn how to disable your Ad Blocker, please click here x Steps to disable Ad Blocker on your browser 
In order to serve content on our website, we rely on advertising revenue which helps us ensure that we continue to serve high quality, unbiased journalism. From our end, we will aim to show clean and unobtrusive ads to provide you with a great browsing experience. Please follow the steps below, and once done, please refresh your page. Google Chrome Click on the AdBlock Plus icon on the top right of your browser A drop-down menu will appear with a check mark followed by Enabled on this site Click the button to until the text reads Disabled on this site Refresh the page or click Refresh , to access LiveMint.com Using Chrome adblock extension Click on the hand icon for adblock extension, on the top right corner of your browser A drop-down menu will appear Click the Don&apos;t run on pages on this domain option on the drop down Once clicked a settings popup will appear. Click Exclude Refresh the page or click Refresh , to access LiveMint.com Firefox Click on the AdBlock Plus icon on the top right of your browser A drop-down menu will appear Click the Disabled on LiveMint.com option on the drop down Refresh the page or click Refresh , to access Times of India Firefox &quot;Private Window&quot; runs its own version of adblock. You will receive an adblock detection screen on private window, even if you are not running any adblock plugins. In this case, you will need to open LiveMint.com on your standard Firefox window. Safari Go to the Settings app on the main screen Click on the Safari button From Menu click Content Blockers You will see your blocker enabled. Slide button to the left to disable. Return to your Safari browser and refresh the page or click Refresh , to access LiveMint.com Internet Explorer Click on the AdBlock Plus icon on the bottom right hand side of your browser A drop-down menu will appear Click the Disable on LiveMint.com option on the drop down Refresh the page or click Refresh , to access LiveMint.com iOS 9 and above Go to the Settings app on the main screen Click on the Safari button From Menu click Content Blockers You will see your blocker enabled. Slide button to the left to disable Return to the Safari browser and refresh the page or click Refresh, to access LiveMint.com Please refresh your page, once Ad Blocker is disabled OR 
</post>
<signature>

</signature>
<external_links>

</external_links>
<country>IN</country>
<main_image>http://www.livemint.com/rf/Image-621x414/LiveMint/Period2/2016/08/31/Photos/Processed/pennypritzker1-kBbB--621x414@LiveMint.jpg</main_image>
</document>
