<?xml version="1.0" encoding="UTF-8"?>
<document>
<type>mainstream</type>
<forum>http://www.laprovince.be/feed/6516//</forum>
<forum_title>Diables Rouges - laprovince.be</forum_title>
<discussion_title>Kevin Mirallas n’est pas déçu par l’arrivée de Roberto Martinez malgré leurs tensions à Everton: &quot;Je sais qu’il me fait confiance&quot;</discussion_title>
<language>french</language>
<gmt_offset></gmt_offset>
<topic_url>http://www.sudinfo.be/1657585/article/2016-08-30/kevin-mirallas-n-est-pas-decu-par-l-arrivee-de-roberto-martinez-malgre-leurs-ten</topic_url>
<topic_text>
Kevin Mirallas n&apos;est pas déçu par l&apos;arrivée de Roberto Martinez malgré leurs tensions à Everton: &quot;Je sais qu&apos;il me fait confiance&quot; Belga | Publié le Mardi 30 Août 2016 à 17h11 Sudfoot | Coupe du monde 2014 Kevin Mirallas espère retrouver une place chez les Diables. © Photo News/Nico Vereecken 
L’attaquant d’Everton, qui a retrouvé un poste de titulaire chez les Toffees après le départ… de Roberto Martinez, affirme toutefois que le onze de base du nouveau sélectionneur ne devrait pas être « fort » différent de celui de Wilmots. Tweet 
Kevin Mirallas a réfuté mardi avoir ressenti de la déception à l’annonce de la désignation de Roberto Martinez en tant que sélectionneur national. « Ce n’est pas le cas. La saison dernière j’ai connu une période difficile mais Martinez connaît mes qualités » , a indiqué le Liégeois. 
« Je ne suis pas déçu par le choix de Martinez » , assène Mirallas avec conviction. « Je sais qu’il me fait confiance. Il connaît mes qualités. Il ne m’aurait pas sélectionné, sinon » . 
Kevin Mirallas se montre par ailleurs positif en ce qui concerne l’ancien sélectionneur, Marc Wilmots. « J’ai toujours entretenu une bonne relation avec Marc. La fin fut malheureusement moins glorieuse mais il a bien et énormément travaillé pour l’équipe nationale. Il revient maintenant à Roberto Martinez d’apporter sa touche personnelle. Martinez apprécie le jeu basé sur la possession de balle et le pressing. Son onze de base ne devrait pas différer très fort de celui de Wilmots, je pense » . 
Kevin Mirallas a débuté la saison en force avec Everton et pour cause. « J’ai perdu quelques kilos » , avoue-t-il. « La préparation avec Everton fut ardue et j’en ressens maintenant les effets. Je me sens plus fort sur le terrain. Je mange moins de pâtes, ce qui m’aide à perdre du poids » . L&apos;actu de nos stars du foot
</topic_text>
<spam_score>0.00</spam_score>
<post_num>1</post_num>
<post_id>post-1</post_id>
<post_url>http://www.sudinfo.be/1657585/article/2016-08-30/kevin-mirallas-n-est-pas-decu-par-l-arrivee-de-roberto-martinez-malgre-leurs-ten</post_url>
<post_date>20160830</post_date>
<post_time>1511</post_time>
<username>Belga</username>
<post>
Kevin Mirallas n&apos;est pas déçu par l&apos;arrivée de Roberto Martinez malgré leurs tensions à Everton: &quot;Je sais qu&apos;il me fait confiance&quot; Belga | Publié le Mardi 30 Août 2016 à 17h11 Sudfoot | Coupe du monde 2014 Kevin Mirallas espère retrouver une place chez les Diables. © Photo News/Nico Vereecken 
L’attaquant d’Everton, qui a retrouvé un poste de titulaire chez les Toffees après le départ… de Roberto Martinez, affirme toutefois que le onze de base du nouveau sélectionneur ne devrait pas être « fort » différent de celui de Wilmots. Tweet 
Kevin Mirallas a réfuté mardi avoir ressenti de la déception à l’annonce de la désignation de Roberto Martinez en tant que sélectionneur national. « Ce n’est pas le cas. La saison dernière j’ai connu une période difficile mais Martinez connaît mes qualités » , a indiqué le Liégeois. 
« Je ne suis pas déçu par le choix de Martinez » , assène Mirallas avec conviction. « Je sais qu’il me fait confiance. Il connaît mes qualités. Il ne m’aurait pas sélectionné, sinon » . 
Kevin Mirallas se montre par ailleurs positif en ce qui concerne l’ancien sélectionneur, Marc Wilmots. « J’ai toujours entretenu une bonne relation avec Marc. La fin fut malheureusement moins glorieuse mais il a bien et énormément travaillé pour l’équipe nationale. Il revient maintenant à Roberto Martinez d’apporter sa touche personnelle. Martinez apprécie le jeu basé sur la possession de balle et le pressing. Son onze de base ne devrait pas différer très fort de celui de Wilmots, je pense » . 
Kevin Mirallas a débuté la saison en force avec Everton et pour cause. « J’ai perdu quelques kilos » , avoue-t-il. « La préparation avec Everton fut ardue et j’en ressens maintenant les effets. Je me sens plus fort sur le terrain. Je mange moins de pâtes, ce qui m’aide à perdre du poids » . L&apos;actu de nos stars du foot
</post>
<signature>

</signature>
<external_links>

</external_links>
<country>BE</country>
<main_image>http://si.rosselcdn.net/sites/default/files/imagecache/facebook_og_image/2016/08/30/1622668514_B979570184Z.1_20160830171116_000_G9P7GL764.3-0.jpg</main_image>
</document>
