<?xml version="1.0" encoding="UTF-8"?>
<document>
<type>mainstream</type>
<forum>http://www.bisherbashi.com/feed</forum>
<forum_title>Get The Daily Latest News</forum_title>
<discussion_title>সরিষাবাড়ীতে আদালতের নির্দেশে সংখ্যলঘু পরিবার উচ্ছেদ</discussion_title>
<language>bengali</language>
<gmt_offset></gmt_offset>
<topic_url>http://www.bisherbashi.com/2016/08/30/%e0%a6%b8%e0%a6%b0%e0%a6%bf%e0%a6%b7%e0%a6%be%e0%a6%ac%e0%a6%be%e0%a7%9c%e0%a7%80%e0%a6%a4%e0%a7%87-%e0%a6%86%e0%a6%a6%e0%a6%be%e0%a6%b2%e0%a6%a4%e0%a7%87%e0%a6%b0-%e0%a6%a8%e0%a6%bf%e0%a6%b0%e0%a7%8d/</topic_url>
<topic_text>
৪৭ views 0 কাজী ইয়াছিন ইকবাল সরিষাবাড়ী প্রতিনিধি জামালপুরের সরিষাবাড়ীতে আদালতের নির্দেশে গতকাল ৮টি সংখ্যলঘু পরিবারকে উচ্ছেদ করা হয়েছে। যুগ্ম জেলা জজ ১ম আদালতের আদেশ মোতাবেক নির্বাহী ম্যাজিস্ট্রেট জ্যোতিশ্বর পাল উচ্ছেদ অভিযান পরিচালনা করেন। এ সময় সংখ্যালঘু ৮টি পরিবারের সদস্যরা রাস্তায় শুয়ে সকাল থেকে দুপুর পর্যন্ত ঢাকা-তারাকান্দি-সরিষাবাড়ী রাস্তাটি অবরোধ করে রাখে। জানা যায়, সরিষাবাড়ীর ঝালুপাড়া রোডের সরকার পাশা ওয়েলফেয়ার ট্রাস্ট অবস্থিত। সরকার পাশা ওয়েলফেয়ার ট্রাস্টের সম্মুখে ১৫ শতাংশ জমি নিয়ে ট্রাস্ট ও গনেশ রাজভরসহ ৮টি পরিবারের মধ্যে বিরোধ চলে আসছিল। এক পর্যায়ে ট্রাস্টের পক্ষে এবিএম জহুরুল হাসান ২০১৩ সালে জামালপুর জজ কোর্টে স্থানীয় গনেশ রাজভরসহ ৮টি পরিবারের বিরুদ্ধে উচ্ছেদ মামলা দায়ের করেন। এবিএম জহুরুল হাসান ওই জমি ট্রাস্টের বলে দাবী করেন। অপর পক্ষে স্থানীয় গনেশ রাজভরসহ ৮টি পরিবারের দাবী ওই জমিতে বৃটিশ আমল থেকে তাদের পূর্ব পুরুষসহ তারা বসত করে আসছে। বিজ্ঞ আদালত গত ২২ আগস্ট বাদীর পক্ষে রায় দেয়। ইতোমধ্যে সরকার পাশা ওয়েলফেয়ার ট্রাস্ট পক্ষ থেকে উচ্ছেদকৃত পরিবারদের পুনর্বাসনের জন্য অন্যত্র ১৫ শতাংশ জমি কিনে দিয়েছে। কিন্তু ওই জমি উচ্ছেদকৃত পরিবারদের নামে রেজিষ্ট্রী না হওয়ায় তারা সেখানে যেথে আপত্তি করে। গতকাল মঙ্গলবার সকালে নির্বাহী ম্যাজিস্ট্রেট জ্যোতিশ্বর পাল উচ্ছেদ অভিযান পরিচালনা করতে আসেন। এ সময় সংখ্যলঘু ৮টি পরিবারের সদস্যরা রাস্তায় শুয়ে সকাল থেকে দুপুর পর্যন্ত ঢাকা-তারাকান্দি-সরিষাবাড়ী রাস্তাটি অবরোধ করে রাখে। পরে সরিষাবাড়ী উপজেলা নির্বাহী কর্মকর্তা সাইয়েদ এ জেড মোরশেদ আলী, থানা ভারপ্রাপ্ত কর্মকর্তা রেজাউল ইসলাম খান সংখ্যলঘু পরিবারদের পুনর্বাসনের জন্য নিধারিত স্থানে সকল ব্যবস্থার আশ্বাস দেন। পরে তারা অবরোধ তুলে নেয়। অবশেষে যুগ্ম জেলা জজ ১ম আদালতের আদেশ মোতাবেক দখলীয় পরওয়ানা ইস্যুর ভিত্তিতে এ উচ্ছেদ অভিযান চলে। এ সময় জজ কোর্টের নায়েব নাজির এস এম রহিম উদ্দিন, জারী কারক গোলাম মোস্তফা, মঞ্জুরুর হক, প্রকল্প বাস্তবায়ন কর্মকর্তা হামিদুল হক উপস্থিত ছিলেন। বি.বা/ফারুক/ক্যানি
</topic_text>
<spam_score>0.00</spam_score>
<post_num>1</post_num>
<post_id>post-1</post_id>
<post_url>http://www.bisherbashi.com/2016/08/30/%e0%a6%b8%e0%a6%b0%e0%a6%bf%e0%a6%b7%e0%a6%be%e0%a6%ac%e0%a6%be%e0%a7%9c%e0%a7%80%e0%a6%a4%e0%a7%87-%e0%a6%86%e0%a6%a6%e0%a6%be%e0%a6%b2%e0%a6%a4%e0%a7%87%e0%a6%b0-%e0%a6%a8%e0%a6%bf%e0%a6%b0%e0%a7%8d/</post_url>
<post_date>20160830</post_date>
<post_time>1211</post_time>
<username>কাজী ইয়াছিন ইকবাল</username>
<post>
৪৭ views 0 কাজী ইয়াছিন ইকবাল সরিষাবাড়ী প্রতিনিধি জামালপুরের সরিষাবাড়ীতে আদালতের নির্দেশে গতকাল ৮টি সংখ্যলঘু পরিবারকে উচ্ছেদ করা হয়েছে। যুগ্ম জেলা জজ ১ম আদালতের আদেশ মোতাবেক নির্বাহী ম্যাজিস্ট্রেট জ্যোতিশ্বর পাল উচ্ছেদ অভিযান পরিচালনা করেন। এ সময় সংখ্যালঘু ৮টি পরিবারের সদস্যরা রাস্তায় শুয়ে সকাল থেকে দুপুর পর্যন্ত ঢাকা-তারাকান্দি-সরিষাবাড়ী রাস্তাটি অবরোধ করে রাখে। জানা যায়, সরিষাবাড়ীর ঝালুপাড়া রোডের সরকার পাশা ওয়েলফেয়ার ট্রাস্ট অবস্থিত। সরকার পাশা ওয়েলফেয়ার ট্রাস্টের সম্মুখে ১৫ শতাংশ জমি নিয়ে ট্রাস্ট ও গনেশ রাজভরসহ ৮টি পরিবারের মধ্যে বিরোধ চলে আসছিল। এক পর্যায়ে ট্রাস্টের পক্ষে এবিএম জহুরুল হাসান ২০১৩ সালে জামালপুর জজ কোর্টে স্থানীয় গনেশ রাজভরসহ ৮টি পরিবারের বিরুদ্ধে উচ্ছেদ মামলা দায়ের করেন। এবিএম জহুরুল হাসান ওই জমি ট্রাস্টের বলে দাবী করেন। অপর পক্ষে স্থানীয় গনেশ রাজভরসহ ৮টি পরিবারের দাবী ওই জমিতে বৃটিশ আমল থেকে তাদের পূর্ব পুরুষসহ তারা বসত করে আসছে। বিজ্ঞ আদালত গত ২২ আগস্ট বাদীর পক্ষে রায় দেয়। ইতোমধ্যে সরকার পাশা ওয়েলফেয়ার ট্রাস্ট পক্ষ থেকে উচ্ছেদকৃত পরিবারদের পুনর্বাসনের জন্য অন্যত্র ১৫ শতাংশ জমি কিনে দিয়েছে। কিন্তু ওই জমি উচ্ছেদকৃত পরিবারদের নামে রেজিষ্ট্রী না হওয়ায় তারা সেখানে যেথে আপত্তি করে। গতকাল মঙ্গলবার সকালে নির্বাহী ম্যাজিস্ট্রেট জ্যোতিশ্বর পাল উচ্ছেদ অভিযান পরিচালনা করতে আসেন। এ সময় সংখ্যলঘু ৮টি পরিবারের সদস্যরা রাস্তায় শুয়ে সকাল থেকে দুপুর পর্যন্ত ঢাকা-তারাকান্দি-সরিষাবাড়ী রাস্তাটি অবরোধ করে রাখে। পরে সরিষাবাড়ী উপজেলা নির্বাহী কর্মকর্তা সাইয়েদ এ জেড মোরশেদ আলী, থানা ভারপ্রাপ্ত কর্মকর্তা রেজাউল ইসলাম খান সংখ্যলঘু পরিবারদের পুনর্বাসনের জন্য নিধারিত স্থানে সকল ব্যবস্থার আশ্বাস দেন। পরে তারা অবরোধ তুলে নেয়। অবশেষে যুগ্ম জেলা জজ ১ম আদালতের আদেশ মোতাবেক দখলীয় পরওয়ানা ইস্যুর ভিত্তিতে এ উচ্ছেদ অভিযান চলে। এ সময় জজ কোর্টের নায়েব নাজির এস এম রহিম উদ্দিন, জারী কারক গোলাম মোস্তফা, মঞ্জুরুর হক, প্রকল্প বাস্তবায়ন কর্মকর্তা হামিদুল হক উপস্থিত ছিলেন। বি.বা/ফারুক/ক্যানি
</post>
<signature>

</signature>
<external_links>

</external_links>
<country>DE</country>
<main_image>http://www.bisherbashi.com/wp-content/uploads/2016/08/pic-1-300x225.jpg</main_image>
</document>
