<?xml version="1.0" encoding="UTF-8"?>
<document>
<type>mainstream</type>
<forum>http://www.romandie.com/rss/flux.xml</forum>
<forum_title>Romandie</forum_title>
<discussion_title>Dernières prévisions Météo pour la Suisse Romande</discussion_title>
<language>french</language>
<gmt_offset></gmt_offset>
<topic_url>http://www.romandie.com/news/Dernieres-previsions-Meteo-pour-la-Suisse-Romande_ROM/732448.rom</topic_url>
<topic_text>
Dernières prévisions Météo pour la Suisse Romande Situation actuelle en Suisse Romande Ce mardi, temps ensoleillé avec quelques formations nuageuses, plus étendues en journée le long du Jura et des Préalpes. Dans les Alpes, soleil voilé le matin puis ciel partagé l&apos;après-midi avec quelques averses parfois orageuses probables, avant tout sur le sud du Valais. Températures de saison. Températures prévues pour ce mardi: 14 à 17°à l&apos;aube à basse altitude, 22 à 25° l&apos;après-midi sur le Moyen-Pays, jusqu&apos;à 27 degrés en Valais central. Dans le Jura à 1000m: minimales 9 à 12°, maximales 21°. En montagne: 8/13°à 2000m, 5/7°à 3000m. Bise modérée sur l&apos;ouest lémanique et au pied du Jura, parfois forte sur les crêtes du Jura. Dans les Alpes, vent faible de secteur Est en moyenne montagne, du sud en haute montagne. (©MeteoNews, 30 août, 7h) Prévisions Mercredi, en général ensoleillé malgré des formations nuageuses présentes dès la matinée. Averses locales voire un coup de tonnerre sous les cumulus les plus imposants l&apos;après-midi. Risque présent notamment sur le Haut-Léman ainsi que le Chablais, et plus marqué dans les Alpes valaisannes. Températures estivales. Jeudi, temps ensoleillé et chaud. Développement de cumulus sur les reliefs l&apos;après-midi. Quelques cellules orageuses attendues dans les Alpes. 26 à 28 degrés. Vendredi, ensoleillé et chaud, quelques voiles de cirrus. Cumulus en montagne l&apos;après-midi, mais risque orageux faible. 26 à 28 degrés. Samedi, poursuite d&apos;un temps chaud mais avec davantage de passages nuageux de haute et moyenne altitude. Impression restant toutefois positive. 27 à 28 degrés. Dimanche, temps probablement changeant et venteux. Quelques averses envisagées, plus fréquentes et à caractère orageux dans les Alpes l&apos;après-midi. 24 à 25 degrés. Météo plus fraÎche et variable en début de semaine prochaine. Averses touchant surtout les Préalpes. Evolution toutefois encore incertaine et à confirmer. (MétéoNews / 30.08.2016 05h00) Pour suivre en direct l&apos;évolution des pluies en Suisse romande, consultez notre Météoscan !
</topic_text>
<spam_score>0.00</spam_score>
<post_num>1</post_num>
<post_id>post-1</post_id>
<post_url>http://www.romandie.com/news/Dernieres-previsions-Meteo-pour-la-Suisse-Romande_ROM/732448.rom</post_url>
<post_date>20160830</post_date>
<post_time>1500</post_time>
<username></username>
<post>
Dernières prévisions Météo pour la Suisse Romande Situation actuelle en Suisse Romande Ce mardi, temps ensoleillé avec quelques formations nuageuses, plus étendues en journée le long du Jura et des Préalpes. Dans les Alpes, soleil voilé le matin puis ciel partagé l&apos;après-midi avec quelques averses parfois orageuses probables, avant tout sur le sud du Valais. Températures de saison. Températures prévues pour ce mardi: 14 à 17°à l&apos;aube à basse altitude, 22 à 25° l&apos;après-midi sur le Moyen-Pays, jusqu&apos;à 27 degrés en Valais central. Dans le Jura à 1000m: minimales 9 à 12°, maximales 21°. En montagne: 8/13°à 2000m, 5/7°à 3000m. Bise modérée sur l&apos;ouest lémanique et au pied du Jura, parfois forte sur les crêtes du Jura. Dans les Alpes, vent faible de secteur Est en moyenne montagne, du sud en haute montagne. (©MeteoNews, 30 août, 7h) Prévisions Mercredi, en général ensoleillé malgré des formations nuageuses présentes dès la matinée. Averses locales voire un coup de tonnerre sous les cumulus les plus imposants l&apos;après-midi. Risque présent notamment sur le Haut-Léman ainsi que le Chablais, et plus marqué dans les Alpes valaisannes. Températures estivales. Jeudi, temps ensoleillé et chaud. Développement de cumulus sur les reliefs l&apos;après-midi. Quelques cellules orageuses attendues dans les Alpes. 26 à 28 degrés. Vendredi, ensoleillé et chaud, quelques voiles de cirrus. Cumulus en montagne l&apos;après-midi, mais risque orageux faible. 26 à 28 degrés. Samedi, poursuite d&apos;un temps chaud mais avec davantage de passages nuageux de haute et moyenne altitude. Impression restant toutefois positive. 27 à 28 degrés. Dimanche, temps probablement changeant et venteux. Quelques averses envisagées, plus fréquentes et à caractère orageux dans les Alpes l&apos;après-midi. 24 à 25 degrés. Météo plus fraÎche et variable en début de semaine prochaine. Averses touchant surtout les Préalpes. Evolution toutefois encore incertaine et à confirmer. (MétéoNews / 30.08.2016 05h00) Pour suivre en direct l&apos;évolution des pluies en Suisse romande, consultez notre Météoscan !
</post>
<signature>

</signature>
<external_links>

</external_links>
<country>CH</country>
<main_image></main_image>
</document>
