<?xml version="1.0" encoding="UTF-8"?>
<document>
<type>mainstream</type>
<forum>http://donna.fanpage.it/feed/</forum>
<forum_title>Donna FanpageDonna Fanpage</forum_title>
<discussion_title>“Non indossate le gonne”: i consigli shock del ministro indiano per evitare gli stupri</discussion_title>
<language>italian</language>
<gmt_offset></gmt_offset>
<topic_url>http://donna.fanpage.it/non-indossate-le-gonne-i-consigli-shock-del-ministro-indiano-per-evitare-gli-stupri/</topic_url>
<topic_text>
di Valeria Paglionico 
Credevate che nel 2016 le donne avessero finalmente la libertà di vestirsi come meglio credono? Probabilmente vi sbagliavate. Dopo che in Francia è stato imposto il divieto di indossare il burkini in spiaggia, l’abbigliamento femminile è finito ancora una volta al centro delle polemiche. In India, il ministro del Turismo, Mahesh Sharma, ha indicato qual è l&apos;outfit ideale per essere al sicuro all&apos;interno del paese. 
Le turiste straniere sono state invitate a non indossare le gonne, così da preservare la loro sicurezza. “ Non indossate gonne o abiti succinti, non camminare da sole di notte e fotografate le targhe delle auto sulle quali salute e inviatele a un amico fidato. La cultura indiana è diversa da quello occidentale ”, questi sono solo alcuni dei consigli dati al sesso femminile dal ministro, che ha voluto ideare un vero e proprio “kit di benvenuto” per le donne che arrivano nella città di Agra, dove ha sede il Taj Mahal, una meta turistica che ogni anno attira milioni di visitatori. 
L’obiettivo è quello di elencare le cose che una donna deve e non deve fare per evitare di essere vittima di molestie. In questo modo, si intende combattere il calo di presenze femminili in India, dopo che la lunga scia di stupri e omicidi aveva fatto sì che molte donne rinunciassero a visitare il paese. Mahesh Sharma ci ha tenuto a precisare che i suoi sono solo dei consigli e non delle imposizioni ma le sue parole hanno dimostrato per l&apos;ennesima volta che l&apos;abbigliamento femminile viene considerato il principale responsabile dei fenomeni di violenza. Inutile dunque fingere che esista realmente una parità tra i due sessi: le convenzioni sociali impongono alle donne di rispettare un preciso codice di abbigliamento quando camminano in strada. Vota l&apos;articolo:
</topic_text>
<spam_score>0.00</spam_score>
<post_num>1</post_num>
<post_id>post-1</post_id>
<post_url>http://donna.fanpage.it/non-indossate-le-gonne-i-consigli-shock-del-ministro-indiano-per-evitare-gli-stupri/</post_url>
<post_date>20160830</post_date>
<post_time>0837</post_time>
<username>Valeria Paglionico</username>
<post>
di Valeria Paglionico 
Credevate che nel 2016 le donne avessero finalmente la libertà di vestirsi come meglio credono? Probabilmente vi sbagliavate. Dopo che in Francia è stato imposto il divieto di indossare il burkini in spiaggia, l’abbigliamento femminile è finito ancora una volta al centro delle polemiche. In India, il ministro del Turismo, Mahesh Sharma, ha indicato qual è l&apos;outfit ideale per essere al sicuro all&apos;interno del paese. 
Le turiste straniere sono state invitate a non indossare le gonne, così da preservare la loro sicurezza. “ Non indossate gonne o abiti succinti, non camminare da sole di notte e fotografate le targhe delle auto sulle quali salute e inviatele a un amico fidato. La cultura indiana è diversa da quello occidentale ”, questi sono solo alcuni dei consigli dati al sesso femminile dal ministro, che ha voluto ideare un vero e proprio “kit di benvenuto” per le donne che arrivano nella città di Agra, dove ha sede il Taj Mahal, una meta turistica che ogni anno attira milioni di visitatori. 
L’obiettivo è quello di elencare le cose che una donna deve e non deve fare per evitare di essere vittima di molestie. In questo modo, si intende combattere il calo di presenze femminili in India, dopo che la lunga scia di stupri e omicidi aveva fatto sì che molte donne rinunciassero a visitare il paese. Mahesh Sharma ci ha tenuto a precisare che i suoi sono solo dei consigli e non delle imposizioni ma le sue parole hanno dimostrato per l&apos;ennesima volta che l&apos;abbigliamento femminile viene considerato il principale responsabile dei fenomeni di violenza. Inutile dunque fingere che esista realmente una parità tra i due sessi: le convenzioni sociali impongono alle donne di rispettare un preciso codice di abbigliamento quando camminano in strada. Vota l&apos;articolo:
</post>
<signature>

</signature>
<external_links>

</external_links>
<country>IT</country>
<main_image>http://static.fanpage.it/wp-content/uploads/sites/11/2016/08/stupro.jpg</main_image>
</document>
