<?xml version="1.0" encoding="UTF-8"?>
<document>
<type>mainstream</type>
<forum></forum>
<forum_title></forum_title>
<discussion_title>Fans plead with Vicky Pattison not to ‘airbrush’ her photos after latest selfie | Forth 1 - Number 1 for Edinburgh. Your Music, Your Life.</discussion_title>
<language>english</language>
<gmt_offset></gmt_offset>
<topic_url>http://www.forth1.com/showbiz/the-buzz/fans-plead-with-vicky-pattison-not-to-airbrush-her-photos-after-latest-selfie-/</topic_url>
<topic_text>
Fans plead with Vicky Pattison not to ‘airbrush’ her photos after latest selfie 
Vicky Pattison | © PA Images Posted on Tuesday 30 August 2016 
It’s no secret Vicky Pattison has worked hard over the last few years on her body image, so when the reality star uploaded her latest shot fans were quick to remind her she doesn’t need to airbrush herself. 
The Loose Women panellist was accused by some eagled eyed fans of &apos;airbrushing&apos; her waist when they noticed something didn’t look right in the background. Fans spotted the staircase Vicky was stood in front of appeared to be bending, sparking concern that the reality star had edited her photo to the extreme. A photo posted by Vicky Pattison (@vickypattison) on Aug 28, 2016 at 1:55pm PDT 
Fans of the 28-year-old were quick to tell Vicky she didn’t need to edit her snaps and pleaded with her to love her body that she has worked so hard for. 
One user wrote ‘You don’t need to photoshop Vicky. You are beautiful’ with another adding ‘A lot of photoshopping on this picture. The stairs are too bendy. You don’t need to photoshop Vicky. You’ve worked hard for your figure just show it how it is’. 
Another user added ‘Aw @vickypattison you don’t need photoshop! You are beautiful anyway and you already have a figure to die for!’ whilst @jessp0t wrote ‘A seriously gorgeous woman with a fantastic figure, no need for this at all. Sends the completely wrong message to women about what is a realistic and achievable body image&apos;. 
The current queen of the jungle has been working hard over the years to shed the pounds and recently shared a before and after shot with fans. Vicky captioned the snap with ‘#TransformationTuesday Lasses be happy, be confident and be YOU!’ A photo posted by Vicky Pattison (@vickypattison) on Aug 23, 2016 at 3:35am PDT 
Back in April Vicky spoke to her Loose Women panellists about how happy she is with her weight. The 28-year-old opened up admitting her ‘weight is directly correlated’ to her happiness and revealed she likes her body to be at a size 8. 
Watch her full interview below: 
</topic_text>
<spam_score>0.48</spam_score>
<post_num>1</post_num>
<post_id>post-1</post_id>
<post_url>http://www.forth1.com/showbiz/the-buzz/fans-plead-with-vicky-pattison-not-to-airbrush-her-photos-after-latest-selfie-/</post_url>
<post_date>20160830</post_date>
<post_time></post_time>
<username></username>
<post>
Fans plead with Vicky Pattison not to ‘airbrush’ her photos after latest selfie 
Vicky Pattison | © PA Images Posted on Tuesday 30 August 2016 
It’s no secret Vicky Pattison has worked hard over the last few years on her body image, so when the reality star uploaded her latest shot fans were quick to remind her she doesn’t need to airbrush herself. 
The Loose Women panellist was accused by some eagled eyed fans of &apos;airbrushing&apos; her waist when they noticed something didn’t look right in the background. Fans spotted the staircase Vicky was stood in front of appeared to be bending, sparking concern that the reality star had edited her photo to the extreme. A photo posted by Vicky Pattison (@vickypattison) on Aug 28, 2016 at 1:55pm PDT 
Fans of the 28-year-old were quick to tell Vicky she didn’t need to edit her snaps and pleaded with her to love her body that she has worked so hard for. 
One user wrote ‘You don’t need to photoshop Vicky. You are beautiful’ with another adding ‘A lot of photoshopping on this picture. The stairs are too bendy. You don’t need to photoshop Vicky. You’ve worked hard for your figure just show it how it is’. 
Another user added ‘Aw @vickypattison you don’t need photoshop! You are beautiful anyway and you already have a figure to die for!’ whilst @jessp0t wrote ‘A seriously gorgeous woman with a fantastic figure, no need for this at all. Sends the completely wrong message to women about what is a realistic and achievable body image&apos;. 
The current queen of the jungle has been working hard over the years to shed the pounds and recently shared a before and after shot with fans. Vicky captioned the snap with ‘#TransformationTuesday Lasses be happy, be confident and be YOU!’ A photo posted by Vicky Pattison (@vickypattison) on Aug 23, 2016 at 3:35am PDT 
Back in April Vicky spoke to her Loose Women panellists about how happy she is with her weight. The 28-year-old opened up admitting her ‘weight is directly correlated’ to her happiness and revealed she likes her body to be at a size 8. 
Watch her full interview below: 
</post>
<signature>

</signature>
<external_links>

</external_links>
<country>US</country>
<main_image>http://mediastorage.bauermedia.co.uk/33/999d8/7abbc/e894b/987f7/d8a42/e88e3/VICKY%20PATTISON_778x436.jpg?1461236076</main_image>
</document>
