<?xml version="1.0" encoding="UTF-8"?>
<document>
<type>mainstream</type>
<forum></forum>
<forum_title></forum_title>
<discussion_title>Trio allegedly strangled overdosing man, dressed up his body and drove around with it | WGN-TV</discussion_title>
<language>english</language>
<gmt_offset></gmt_offset>
<topic_url>http://wgntv.com/2016/08/30/trio-allegedly-strangled-overdosing-man-dressed-up-his-body-and-drove-around-with-it/</topic_url>
<topic_text>
Email 
SCRANTON, Pa. - Two Pennsylvania men and a woman are locked up, charged with strangling a man in a vehicle. Investigators in Lackawanna County say they later dressed up the body to make him look alive before dumping the body in Susquehanna County. 
Prosecutors said they have never seen a case like this before. 
State police say on Thursday two men and a woman took a man who was overdosing on drugs for a ride from Scranton to Susquehanna County. They strangled him with jumper cables while they were traveling on the highway before dumping the victim in the woods. 
Tyler Mirabelli&apos;s friends called him for a ride to the hospital when they believed Joshua Rose was overdosing on drugs in Scranton, State Police say. 
“Bottom line, they drove right past a hospital and continued north on I-81.&quot; Instead, troopers say Mirabelli drove his truck north on Interstate 81 towards Susquehanna County with the victim, Preston Layfield, and Amanda Wayda on board. 
“Bottom line, they drove right past a hospital and continued north on I-81. At this time, we are not sure why they did that,” said Pennsylvania State Police Corporal Mark Prushinski. 
According to court papers, as the group reached northern Lackawanna County Layfield used jumper cables to strangle Rose. 
Troopers say before the trio stopped for gas, they placed a hat and sunglasses on the victim. 
“If someone is OD&apos;ing you should help them, right? To the hospital is the number one thing, not strangle them and dump their body. It&apos;s absolutely terrible,” said Brandon Ritter of Lenoxville. Amanda Wayda 
Detectives say the group then made another stop near on Glenwood Road in Hop Bottom where they heaved the body near some railroad tracks. 
Tammy Carey lives right up the hill and heard a train whistle blow as police arrived. 
“I thought it was a deer or something on the tracks, but it turns out it was something different,” Carey said. 
An arrest warrant was issued for Wayda. State police say she called police on Sunday and told them she had witnessed a murder. 
Wayda was taken into custody by troopers from the Frackville station and is locked up in the Lackawanna County Prison. 
The two men are charged with aggravated assault and conspiracy. 
An autopsy for Joshua Rose is scheduled for Tuesday. Prosecutors say after that they expect to file more serious charges. 41.408969 -75.662412 
</topic_text>
<spam_score>0.04</spam_score>
<post_num>1</post_num>
<post_id>post-1</post_id>
<post_url>http://wgntv.com/2016/08/30/trio-allegedly-strangled-overdosing-man-dressed-up-his-body-and-drove-around-with-it/</post_url>
<post_date>20160830</post_date>
<post_time></post_time>
<username>Tribune Media Wire</username>
<post>
Email 
SCRANTON, Pa. - Two Pennsylvania men and a woman are locked up, charged with strangling a man in a vehicle. Investigators in Lackawanna County say they later dressed up the body to make him look alive before dumping the body in Susquehanna County. 
Prosecutors said they have never seen a case like this before. 
State police say on Thursday two men and a woman took a man who was overdosing on drugs for a ride from Scranton to Susquehanna County. They strangled him with jumper cables while they were traveling on the highway before dumping the victim in the woods. 
Tyler Mirabelli&apos;s friends called him for a ride to the hospital when they believed Joshua Rose was overdosing on drugs in Scranton, State Police say. 
“Bottom line, they drove right past a hospital and continued north on I-81.&quot; Instead, troopers say Mirabelli drove his truck north on Interstate 81 towards Susquehanna County with the victim, Preston Layfield, and Amanda Wayda on board. 
“Bottom line, they drove right past a hospital and continued north on I-81. At this time, we are not sure why they did that,” said Pennsylvania State Police Corporal Mark Prushinski. 
According to court papers, as the group reached northern Lackawanna County Layfield used jumper cables to strangle Rose. 
Troopers say before the trio stopped for gas, they placed a hat and sunglasses on the victim. 
“If someone is OD&apos;ing you should help them, right? To the hospital is the number one thing, not strangle them and dump their body. It&apos;s absolutely terrible,” said Brandon Ritter of Lenoxville. Amanda Wayda 
Detectives say the group then made another stop near on Glenwood Road in Hop Bottom where they heaved the body near some railroad tracks. 
Tammy Carey lives right up the hill and heard a train whistle blow as police arrived. 
“I thought it was a deer or something on the tracks, but it turns out it was something different,” Carey said. 
An arrest warrant was issued for Wayda. State police say she called police on Sunday and told them she had witnessed a murder. 
Wayda was taken into custody by troopers from the Frackville station and is locked up in the Lackawanna County Prison. 
The two men are charged with aggravated assault and conspiracy. 
An autopsy for Joshua Rose is scheduled for Tuesday. Prosecutors say after that they expect to file more serious charges. 41.408969 -75.662412 
</post>
<signature>

</signature>
<external_links>

</external_links>
<country>US</country>
<main_image>https://tribwgntv.files.wordpress.com/2016/08/overdose1quality85stripall.jpg?quality=85&amp;amp;strip=all</main_image>
</document>
