<?xml version="1.0" encoding="UTF-8"?>
<document>
<type>mainstream</type>
<forum>http://news.21.by/pub/rss/discuss.rss</forum>
<forum_title>Рейтинг обсуждаемых новостей 21.by</forum_title>
<discussion_title>&quot;Малиновка&quot;, &quot;Варшавский&quot;, &quot;Суворовский&quot;. Как брестчане предлагали назвать новый район города</discussion_title>
<language>russian</language>
<gmt_offset></gmt_offset>
<topic_url>http://news.21.by/other-news/2016/08/30/1234696.html</topic_url>
<topic_text>
A 
Новый район жилой застройки с проектным названием ЮВМР-4 будет назван «Лагуной», &lt;&gt; сообщает брестский горисполком. 
Имя району определялось в рамках открытого конкурса. Свои предложения названия территории мог прислать любой желающий. Всего участники в адрес горисполкома направили 123 предложения. ЮВМР-4 предлагали назвать Чайкой, Солнечным, Варшавским, Малиновкой, но большинством голосов победило название «Лагуна». 
По правилам конкурса, если победителем становится название, предложенное несколькими авторами, победителем конкурса признается то, которое поступило первым - в этом случае выиграла Мария Ковальчук . В ближайшее время ей вручат памятный подарок Брестского городского исполнительного комитета.
</topic_text>
<spam_score>0.00</spam_score>
<post_num>1</post_num>
<post_id>post-1</post_id>
<post_url>http://news.21.by/other-news/2016/08/30/1234696.html</post_url>
<post_date>20160830</post_date>
<post_time>1431</post_time>
<username></username>
<post>
A 
Новый район жилой застройки с проектным названием ЮВМР-4 будет назван «Лагуной», &lt;&gt; сообщает брестский горисполком. 
Имя району определялось в рамках открытого конкурса. Свои предложения названия территории мог прислать любой желающий. Всего участники в адрес горисполкома направили 123 предложения. ЮВМР-4 предлагали назвать Чайкой, Солнечным, Варшавским, Малиновкой, но большинством голосов победило название «Лагуна». 
По правилам конкурса, если победителем становится название, предложенное несколькими авторами, победителем конкурса признается то, которое поступило первым - в этом случае выиграла Мария Ковальчук . В ближайшее время ей вручат памятный подарок Брестского городского исполнительного комитета.
</post>
<signature>

</signature>
<external_links>

</external_links>
<country>BY</country>
<main_image></main_image>
</document>
