<?xml version="1.0" encoding="UTF-8"?>
<document>
<type>mainstream</type>
<forum>http://ijevsk.bezformata.ru/rss.xml</forum>
<forum_title>Новости города БезФормата.Ru Удмуртская Республика Ижевск</forum_title>
<discussion_title>10 любителей «Цезаря» с креветками попали в больницу в Уфе</discussion_title>
<language>russian</language>
<gmt_offset></gmt_offset>
<topic_url>http://ijevsk.bezformata.ru/listnews/lyubitelej-tcezarya-s-krevetkami-popali/49993448/</topic_url>
<topic_text>
  
Отравившимся посетителям ресторана поставили диагноз «острая кишечная инфекция». 
Уфа. Башкирия. 10 любителей « Цезаря » с креветками попали в больницу в Уфе. Как сообщает пресс-служба Следственного управления СК России по Республике Башкортостан, по факту произошедшего проводится проверка. 
По данным Allufa.ru , всего с жалобами в медучреждения обратились 15 клиентов одного из столичных ресторанов. Им поставили диагноз «острая кишечная инфекция». 
Тем временем в самом заведении общественного питания отрицают обвинения. Здесь говорят о том, что обслужили 400 человек, и никто больше не заявлял о недомоганиях. 
Тем временем ресторан, в котором отравились уфимцы, продолжает работать в штатном режиме. Здесь в качестве предлагаемых клиентам блюд и напитков уверены. Объясняют произошедшее инфекцией, которая распространяется среди жителей города после наступления холодов. 
Причины инцидента выясняет и республиканский Роспотребнадзор.
</topic_text>
<spam_score>0.00</spam_score>
<post_num>1</post_num>
<post_id>post-1</post_id>
<post_url>http://ijevsk.bezformata.ru/listnews/lyubitelej-tcezarya-s-krevetkami-popali/49993448/</post_url>
<post_date>20160830</post_date>
<post_time>1501</post_time>
<username></username>
<post>
  
Отравившимся посетителям ресторана поставили диагноз «острая кишечная инфекция». 
Уфа. Башкирия. 10 любителей « Цезаря » с креветками попали в больницу в Уфе. Как сообщает пресс-служба Следственного управления СК России по Республике Башкортостан, по факту произошедшего проводится проверка. 
По данным Allufa.ru , всего с жалобами в медучреждения обратились 15 клиентов одного из столичных ресторанов. Им поставили диагноз «острая кишечная инфекция». 
Тем временем в самом заведении общественного питания отрицают обвинения. Здесь говорят о том, что обслужили 400 человек, и никто больше не заявлял о недомоганиях. 
Тем временем ресторан, в котором отравились уфимцы, продолжает работать в штатном режиме. Здесь в качестве предлагаемых клиентам блюд и напитков уверены. Объясняют произошедшее инфекцией, которая распространяется среди жителей города после наступления холодов. 
Причины инцидента выясняет и республиканский Роспотребнадзор.
</post>
<signature>

</signature>
<external_links>

</external_links>
<country>RU</country>
<main_image>http://ijevsk.bezformata.ru/content/image204334886.jpg</main_image>
</document>
