<?xml version="1.0" encoding="UTF-8"?>
<document>
<type>mainstream</type>
<forum>http://amarillodiocese.org/newsRSS</forum>
<forum_title>Catholic Diocese of Amarillo</forum_title>
<discussion_title>Dalhart Oktoberfest</discussion_title>
<language>english</language>
<gmt_offset></gmt_offset>
<topic_url>http://amarillodiocese.org/news/dalhart-oktoberfest</topic_url>
<topic_text>
West Texas Catholic August 29, 2016 Dalhart—The 35 th annual Oktoberfest to benefit St. Anthony of Padua School is set for Sunday, Oct. 16 from 11:00am to 2:00pm at Rita Blanca Coliseum, 1219 West FM 281. Tickets for the meal are $10.00 per person and can be purchased in advance from any St. Anthony of Padua School student or at the door the day of the meal. Oktoberfest was first celebrated at St. Anthony of Padua School in 1982 and has been used to raise money for everything from the School Sisters of St. Francis Retirement Fund to purchasing desks and other school needs. Seven years ago, the St. Anthony Home and School Association added a new element to Oktoberfest: a live and silent auction. Among the items that have been auctioned the last five years include farm and ranch supplies, seed, trips, dinners, meat, jewelry, home décor and gift certificates. The auctions have helped to pay for a gym floor in the new Parish Life Center, new playground equipment for the school and field turf for the playground. The silent auction will take place during the dinner, with the live auction beginning at 1:30. Proceeds from this year’s auction will go toward science curriculum and technology for St. Anthony of Padua School students. For more information about Oktoberfest or to donate items for the live and silent auctions, please call the school at 806-244-4811. ©2016 Roman Catholic Diocese of Amarillo | All Rights Reserved Login
</topic_text>
<spam_score>0.00</spam_score>
<post_num>1</post_num>
<post_id>post-1</post_id>
<post_url>http://amarillodiocese.org/news/dalhart-oktoberfest</post_url>
<post_date>20160829</post_date>
<post_time>0500</post_time>
<username></username>
<post>
West Texas Catholic August 29, 2016 Dalhart—The 35 th annual Oktoberfest to benefit St. Anthony of Padua School is set for Sunday, Oct. 16 from 11:00am to 2:00pm at Rita Blanca Coliseum, 1219 West FM 281. Tickets for the meal are $10.00 per person and can be purchased in advance from any St. Anthony of Padua School student or at the door the day of the meal. Oktoberfest was first celebrated at St. Anthony of Padua School in 1982 and has been used to raise money for everything from the School Sisters of St. Francis Retirement Fund to purchasing desks and other school needs. Seven years ago, the St. Anthony Home and School Association added a new element to Oktoberfest: a live and silent auction. Among the items that have been auctioned the last five years include farm and ranch supplies, seed, trips, dinners, meat, jewelry, home décor and gift certificates. The auctions have helped to pay for a gym floor in the new Parish Life Center, new playground equipment for the school and field turf for the playground. The silent auction will take place during the dinner, with the live auction beginning at 1:30. Proceeds from this year’s auction will go toward science curriculum and technology for St. Anthony of Padua School students. For more information about Oktoberfest or to donate items for the live and silent auctions, please call the school at 806-244-4811. ©2016 Roman Catholic Diocese of Amarillo | All Rights Reserved Login
</post>
<signature>

</signature>
<external_links>

</external_links>
<country>US</country>
<main_image></main_image>
</document>
