<?xml version="1.0" encoding="UTF-8"?>
<document>
<type>mainstream</type>
<forum>http://www.pcworld.com/index.rss</forum>
<forum_title>PCWorld</forum_title>
<discussion_title>LG&apos;s enormous new ultrawide displays pack FreeSync, USB-C, Google Cast, and more</discussion_title>
<language>english</language>
<gmt_offset></gmt_offset>
<topic_url>http://www.pcworld.com/article/3113760/displays/lgs-enormous-new-ultrawide-displays-pack-freesync-usb-c-google-cast-and-more.html#tk.rss_all</topic_url>
<topic_text>
If you’re looking for a top-tier curved monitor capable of displaying the highest quality pixels, LG’s introducing premium 21:9 ultrawide models at IFA that might just scratch your itch, no matter if you’re into gaming, editing, or just watching videos.
First up: The 38UC99. Don’t let that horribly bland name fool you—this 38-inch ultrawide is brimming with cutting-edge features.
The massive screen rocks an impressive 3840x1600 resolution, and it’s powered by IPS technology that delivers “wide color gamut covering 99 percent of the sRGB color space,” according to LG. A pair of integrated 10W Bluetooth-compatible speakers with enhanced bass give the monitor basic audio chops to complement the on-screen beauty. The 38UC99 also includes a USB-C port for transferring data or charging devices.
To read this article in full or to leave a comment, please click here
</topic_text>
<spam_score>0.00</spam_score>
<post_num>1</post_num>
<post_id>post-1</post_id>
<post_url>http://www.pcworld.com/article/3113760/displays/lgs-enormous-new-ultrawide-displays-pack-freesync-usb-c-google-cast-and-more.html#tk.rss_all</post_url>
<post_date>20160830</post_date>
<post_time></post_time>
<username>pcworld.com</username>
<post>
If you’re looking for a top-tier curved monitor capable of displaying the highest quality pixels, LG’s introducing premium 21:9 ultrawide models at IFA that might just scratch your itch, no matter if you’re into gaming, editing, or just watching videos.
First up: The 38UC99. Don’t let that horribly bland name fool you—this 38-inch ultrawide is brimming with cutting-edge features.
The massive screen rocks an impressive 3840x1600 resolution, and it’s powered by IPS technology that delivers “wide color gamut covering 99 percent of the sRGB color space,” according to LG. A pair of integrated 10W Bluetooth-compatible speakers with enhanced bass give the monitor basic audio chops to complement the on-screen beauty. The 38UC99 also includes a USB-C port for transferring data or charging devices.
To read this article in full or to leave a comment, please click here
</post>
<signature>

</signature>
<external_links>

</external_links>
<country>US</country>
<main_image></main_image>
</document>
