<?xml version="1.0" encoding="UTF-8"?>
<document>
<type>mainstream</type>
<forum>http://ra-scheidung.de/feed</forum>
<forum_title>RA Scheidung – Das Scheidungsblog</forum_title>
<discussion_title>Keinen Unterhalt gezahlt: Droht der Führerscheinentzug?</discussion_title>
<language>german</language>
<gmt_offset></gmt_offset>
<topic_url>http://ra-scheidung.de/2016/keinen-unterhalt-gezahlt-droht-der-fuehrerscheinentzug/</topic_url>
<topic_text>
Lediglich jede vierte Mutter erhält einer Studie nach regelmäßig Kindesunterhalt vom Kindesvater. Droht nun als Sanktion Väter der Entzug des Führerscheins? Härtere Maßnahmen für zahlungsunwillige Väter Die Bundesfamilienministerin hat angekündigt gegen die schlechte Zahlungsmoral der zum Kindesunterhalt verpflichteten Väter vorgehen zu wollen. Dabei scheinen ihr die bisher bestehenden Sanktionen gegen säumige Väter nicht ausreichen zu wollen. Vielmehr forderte sie den Entzug des Führerscheins, wenn kein Unterhalt für das Kind gezahlt wird SPD-Parteikollege Sigmar Gabriel schloss sich dieser Forderung seiner Parteikollegin vehement an. Denn er wisse wovon er rede: nach eigenen Angaben litt er als Kind selbst darunter, dass sein Vater für ihn und seine Schwester keinen Unterhalt an seine Mutter gezahlt hätte. Der Führerschein müsse säumigen Vätern als Sanktion für das Nichtzahlen des Unterhalts entzogen werden Kritik an der Verfassungsmäßigkeit Bereits jetzt wurden an diesem Vorschlag Kritik laut. Justizsenator Heilmann hält eine solche Regelung für evident verfassungswidrig, da ein massives Gerechtigkeitsproblem bestünde. Berufskraftfahrer würden viel härter getroffen als andere. Außerdem müsste der Führerscheinentzug viel flächendeckender als geplant eingesetzt werden. Politisches Ablenkungsmanöver? Der Kindesschutzbund hält die Anregung des Führerscheinentzugs für ein politisches Ablenkungsmanöver. Es solle davon ablenken, dass Alleinerziehende steuerlich und finanziell sowieso massiv benachteiligt würden. Ausblick Erst einmal handelt es sich lediglich um eine Ankündigung. Wie ein Gesetzesvorschlag dann aussehen könnte und ob eine solche Regelung wirklich umsetzbar ist, bleibt abzuwarten. Richtig erscheint allerdings der Ansatz, dass der derzeitige Zustand bezüglich der Unterhaltszahlungen verbessert werden muss. 
Quellen:
</topic_text>
<spam_score>0.00</spam_score>
<post_num>1</post_num>
<post_id>post-1</post_id>
<post_url>http://ra-scheidung.de/2016/keinen-unterhalt-gezahlt-droht-der-fuehrerscheinentzug/</post_url>
<post_date>20160830</post_date>
<post_time>1349</post_time>
<username>Julian Rosenfeld</username>
<post>
Lediglich jede vierte Mutter erhält einer Studie nach regelmäßig Kindesunterhalt vom Kindesvater. Droht nun als Sanktion Väter der Entzug des Führerscheins? Härtere Maßnahmen für zahlungsunwillige Väter Die Bundesfamilienministerin hat angekündigt gegen die schlechte Zahlungsmoral der zum Kindesunterhalt verpflichteten Väter vorgehen zu wollen. Dabei scheinen ihr die bisher bestehenden Sanktionen gegen säumige Väter nicht ausreichen zu wollen. Vielmehr forderte sie den Entzug des Führerscheins, wenn kein Unterhalt für das Kind gezahlt wird SPD-Parteikollege Sigmar Gabriel schloss sich dieser Forderung seiner Parteikollegin vehement an. Denn er wisse wovon er rede: nach eigenen Angaben litt er als Kind selbst darunter, dass sein Vater für ihn und seine Schwester keinen Unterhalt an seine Mutter gezahlt hätte. Der Führerschein müsse säumigen Vätern als Sanktion für das Nichtzahlen des Unterhalts entzogen werden Kritik an der Verfassungsmäßigkeit Bereits jetzt wurden an diesem Vorschlag Kritik laut. Justizsenator Heilmann hält eine solche Regelung für evident verfassungswidrig, da ein massives Gerechtigkeitsproblem bestünde. Berufskraftfahrer würden viel härter getroffen als andere. Außerdem müsste der Führerscheinentzug viel flächendeckender als geplant eingesetzt werden. Politisches Ablenkungsmanöver? Der Kindesschutzbund hält die Anregung des Führerscheinentzugs für ein politisches Ablenkungsmanöver. Es solle davon ablenken, dass Alleinerziehende steuerlich und finanziell sowieso massiv benachteiligt würden. Ausblick Erst einmal handelt es sich lediglich um eine Ankündigung. Wie ein Gesetzesvorschlag dann aussehen könnte und ob eine solche Regelung wirklich umsetzbar ist, bleibt abzuwarten. Richtig erscheint allerdings der Ansatz, dass der derzeitige Zustand bezüglich der Unterhaltszahlungen verbessert werden muss. 
Quellen:
</post>
<signature>

</signature>
<external_links>

</external_links>
<country>DE</country>
<main_image>http://ra-scheidung.de/wp-content/uploads/führerschein19.jpg</main_image>
</document>
