<?xml version="1.0" encoding="UTF-8"?>
<document>
<type>mainstream</type>
<forum></forum>
<forum_title></forum_title>
<discussion_title>Youtubekanal zu den Arbeitsbedingungen der BKF - Seite 11 - Brummi | Trucker Forum - Forum-Speditionen | Das größte Forum der Transportbranche</discussion_title>
<language>german</language>
<gmt_offset></gmt_offset>
<topic_url>http://www.forum-speditionen.de/youtubekanal-zu-den-arbeitsbedingungen-der-bkf-11062?pageNo=11&amp;amp;s=bd297cc0308252ab29667a02f955b4ef5804a948</topic_url>
<topic_text>

17. September 2014, 15:48 Und die wollen, dass wir zu denen kommen; wenn es doch bei ihnen genauso mau aussieht. Neenee, wo soll das nur alles hinführen. Zusammenhalt ist gut. Wäre schön wenn das in D auch ein paar Egomanen endlich verstehen würden und nicht immer nur sich selbst im Rampenlicht sehen wollen. Statt mir mit Dresche zu drohen und mich in einer Tour zu beleidigen und zu demütigen. Traurig. 
</topic_text>
<spam_score>0.18</spam_score>
<post_num>1</post_num>
<post_id>post-1</post_id>
<post_url>http://www.forum-speditionen.de/youtubekanal-zu-den-arbeitsbedingungen-der-bkf-11062?pageNo=11&amp;amp;s=bd297cc0308252ab29667a02f955b4ef5804a948</post_url>
<post_date>20140917</post_date>
<post_time></post_time>
<username></username>
<post>

17. September 2014, 15:48 Und die wollen, dass wir zu denen kommen; wenn es doch bei ihnen genauso mau aussieht. Neenee, wo soll das nur alles hinführen. Zusammenhalt ist gut. Wäre schön wenn das in D auch ein paar Egomanen endlich verstehen würden und nicht immer nur sich selbst im Rampenlicht sehen wollen. Statt mir mit Dresche zu drohen und mich in einer Tour zu beleidigen und zu demütigen. Traurig. 
</post>
<signature>

</signature>
<external_links>

</external_links>
<country>DE</country>
<main_image></main_image>
</document>
