<?xml version="1.0" encoding="UTF-8"?>
<document>
<type>mainstream</type>
<forum>http://www.hdnumerique.com/actualite/articles/feed/</forum>
<forum_title>Actualité sur HD-Numérique</forum_title>
<discussion_title>Insaisissables 2 : Une malette Blu-ray collector en précommande</discussion_title>
<language>french</language>
<gmt_offset></gmt_offset>
<topic_url>http://www.hdnumerique.com/actualite/articles/15803-insaisissables-2-une-malette-blu-ray-collector-en-precommande.html</topic_url>
<topic_text>
Insaisissables 2 : Une malette Blu-ray collector en précommande Mardi 30 Aout 2016 à 16h35 par la Rédaction 
La suite d&apos;Insaisissables réalisée par Jon M. Chu se précise en édition Blu-ray. Porté notamment par Jesse Einsenberg et Mark Ruffalo, le film fera l&apos;objet d&apos;une édition Blu-ray Disc en date du 30 novembre prochain chez l&apos;éditeur Warner Home Vidéo. 
Avis aux collectionneurs : de belles éditions spéciales sont à prévoir. L&apos;éditeur a programmé la sortie d&apos;un coffret collector contenant le Blu-ray Steelbook et une malette &quot;magique&quot;. 
Une édition &quot;simple&quot; Steelbook sortira en date du 30 novembre contenant le DVD et le Blu-ray du film. 
Un coffret réunissant les deux volets est également à prévoir. 
Précommandes disponibles dès à présent.
</topic_text>
<spam_score>0.00</spam_score>
<post_num>1</post_num>
<post_id>post-1</post_id>
<post_url>http://www.hdnumerique.com/actualite/articles/15803-insaisissables-2-une-malette-blu-ray-collector-en-precommande.html</post_url>
<post_date>20160830</post_date>
<post_time>1535</post_time>
<username></username>
<post>
Insaisissables 2 : Une malette Blu-ray collector en précommande Mardi 30 Aout 2016 à 16h35 par la Rédaction 
La suite d&apos;Insaisissables réalisée par Jon M. Chu se précise en édition Blu-ray. Porté notamment par Jesse Einsenberg et Mark Ruffalo, le film fera l&apos;objet d&apos;une édition Blu-ray Disc en date du 30 novembre prochain chez l&apos;éditeur Warner Home Vidéo. 
Avis aux collectionneurs : de belles éditions spéciales sont à prévoir. L&apos;éditeur a programmé la sortie d&apos;un coffret collector contenant le Blu-ray Steelbook et une malette &quot;magique&quot;. 
Une édition &quot;simple&quot; Steelbook sortira en date du 30 novembre contenant le DVD et le Blu-ray du film. 
Un coffret réunissant les deux volets est également à prévoir. 
Précommandes disponibles dès à présent.
</post>
<signature>

</signature>
<external_links>

</external_links>
<country>FR</country>
<main_image>http://res.cloudinary.com/hd-numerique/image/upload/c_scale,w_700/c_lpad,h_500,w_500/v1472567712/actualite/juin%202015/713gj1UgYnL._SL1294__1.jpg</main_image>
</document>
