<?xml version="1.0" encoding="UTF-8"?>
<document>
<type>mainstream</type>
<forum>http://news.21.by/pub/rss/discuss.rss</forum>
<forum_title>Рейтинг обсуждаемых новостей 21.by</forum_title>
<discussion_title>Концерты Queen и Rolling Stones покажут на киноэкране в Минске</discussion_title>
<language>russian</language>
<gmt_offset></gmt_offset>
<topic_url>http://news.21.by/other-news/2016/08/30/1234697.html</topic_url>
<topic_text>
«&lt;&gt; The Rolling Stones. Havana Moon » 
Знаменитая британская группа The Rolling Stones приехала на Кубу, чтобы 25 марта 2016 года сыграть первый рок-концерт на «острове Свободы». Тысячи людей собрались, чтобы послушать бессмертные хиты Jumpin&apos; Jack Flash, It&apos;s Only Rock-n-Roll, Paint It Black, Honky Tonk Women, Start Me Up, You Can’t Always Get What You Want, Gimme Shelter, Brown Sugar, Satisfaction и новые песни. 
Британские рокеры устроили потрясающее шоу для миллиона кубинцев. Их белорусские поклонники смогут услышать настоящий рок-н-ролл 23 и 25 сентября в кинотеатре «Центральный». Внимание! У вас отключен JavaScript, ваш браузер не поддерживает HTML5, или установлена старая версия проигрывателя Adobe Flash Player. 
Цена билетов на концерты: 10,00 — 11,00 руб. 
Расписание показов смотрите на AFISHA.TUT.BY.
</topic_text>
<spam_score>0.00</spam_score>
<post_num>1</post_num>
<post_id>post-1</post_id>
<post_url>http://news.21.by/other-news/2016/08/30/1234697.html</post_url>
<post_date>20160830</post_date>
<post_time>1420</post_time>
<username></username>
<post>
«&lt;&gt; The Rolling Stones. Havana Moon » 
Знаменитая британская группа The Rolling Stones приехала на Кубу, чтобы 25 марта 2016 года сыграть первый рок-концерт на «острове Свободы». Тысячи людей собрались, чтобы послушать бессмертные хиты Jumpin&apos; Jack Flash, It&apos;s Only Rock-n-Roll, Paint It Black, Honky Tonk Women, Start Me Up, You Can’t Always Get What You Want, Gimme Shelter, Brown Sugar, Satisfaction и новые песни. 
Британские рокеры устроили потрясающее шоу для миллиона кубинцев. Их белорусские поклонники смогут услышать настоящий рок-н-ролл 23 и 25 сентября в кинотеатре «Центральный». Внимание! У вас отключен JavaScript, ваш браузер не поддерживает HTML5, или установлена старая версия проигрывателя Adobe Flash Player. 
Цена билетов на концерты: 10,00 — 11,00 руб. 
Расписание показов смотрите на AFISHA.TUT.BY.
</post>
<signature>

</signature>
<external_links>

</external_links>
<country>BY</country>
<main_image></main_image>
</document>
