<?xml version="1.0" encoding="UTF-8"?>
<document>
<type>mainstream</type>
<forum>https://www.abqjournal.com/category/biz/health-care-biz</forum>
<forum_title>Health &amp;amp; Safety | Albuquerque Journal</forum_title>
<discussion_title>Lawmakers demand information on EpiPen price increase</discussion_title>
<language>english</language>
<gmt_offset></gmt_offset>
<topic_url>https://www.abqjournal.com/831317/lawmakers-demand-information-on-epipen-price-increase.html</topic_url>
<topic_text>
WASHINGTON — Members of Congress are demanding more information on why the price for lifesaving EpiPens has skyrocketed. EpiPens are injection devices used to ward off potentially fatal allergic reactions, and the price has surged in recent years. A two-dose package cost around $94 nine years ago. The average cost was more than six times that in May, according to the Elsevier Clinical Solutions’ Gold Standard Drug Database.
Sen. Charles Grassley, R-Iowa, wrote Mylan, the company that manufactures the devices, and asked for more information on why the prices have increased. He cited the cost to parents whose children need them and also to schools that keep the EpiPens on hand. He noted the costs can also be passed on to taxpayers when children are covered by Medicaid or other government programs.
Two other senators, Democrats Mark Warner of Virginia and Richard Blumenthal of Connecticut, also wrote the company about the high prices. Warner said in a letter Tuesday that the issue is personal for him.
“As the parent of a child with severe allergies, I am all too familiar with the life-or-death importance of these devices,” Warner wrote.
Rep. Grace Meng, D-N.Y., on Tuesday asked the House Oversight and Government Reform Committee to hold a hearing on the issue. She is a co-chair of the Congressional Kids Safety Caucus.
“Thousands of Americans rely on EpiPens in a given year, and perhaps no time is more important in the purchasing of these devices than the beginning of a new school year,” Meng wrote in a letter to committee chairman Jason Chaffetz, R-Utah, and top Democrat Elijah Cummings of Maryland.
A two-dose package sold for an average $608 in May, according to the Elsevier database, and has possibly risen since then.
In a statement issued Monday, Mylan said it has savings programs for patients and is also offering free EpiPens to schools. The company said around half of U.S. schools are participating in that program.
Recent changes in health insurance have resulted in higher deductible costs for many families, the company said. “This current and ongoing shift has presented new challenges for consumers, and now they are bearing more of the cost” of the devices, the statement said.
___
This story has been corrected with accurate numbers from the Elsevier drug database.
</topic_text>
<spam_score>1.00</spam_score>
<post_num>1</post_num>
<post_id>post-1</post_id>
<post_url>https://www.abqjournal.com/831317/lawmakers-demand-information-on-epipen-price-increase.html</post_url>
<post_date>20160823</post_date>
<post_time>0917</post_time>
<username>Mary Clare Jalonick / Associated Press</username>
<post>
WASHINGTON — Members of Congress are demanding more information on why the price for lifesaving EpiPens has skyrocketed. EpiPens are injection devices used to ward off potentially fatal allergic reactions, and the price has surged in recent years. A two-dose package cost around $94 nine years ago. The average cost was more than six times that in May, according to the Elsevier Clinical Solutions’ Gold Standard Drug Database.
Sen. Charles Grassley, R-Iowa, wrote Mylan, the company that manufactures the devices, and asked for more information on why the prices have increased. He cited the cost to parents whose children need them and also to schools that keep the EpiPens on hand. He noted the costs can also be passed on to taxpayers when children are covered by Medicaid or other government programs.
Two other senators, Democrats Mark Warner of Virginia and Richard Blumenthal of Connecticut, also wrote the company about the high prices. Warner said in a letter Tuesday that the issue is personal for him.
“As the parent of a child with severe allergies, I am all too familiar with the life-or-death importance of these devices,” Warner wrote.
Rep. Grace Meng, D-N.Y., on Tuesday asked the House Oversight and Government Reform Committee to hold a hearing on the issue. She is a co-chair of the Congressional Kids Safety Caucus.
“Thousands of Americans rely on EpiPens in a given year, and perhaps no time is more important in the purchasing of these devices than the beginning of a new school year,” Meng wrote in a letter to committee chairman Jason Chaffetz, R-Utah, and top Democrat Elijah Cummings of Maryland.
A two-dose package sold for an average $608 in May, according to the Elsevier database, and has possibly risen since then.
In a statement issued Monday, Mylan said it has savings programs for patients and is also offering free EpiPens to schools. The company said around half of U.S. schools are participating in that program.
Recent changes in health insurance have resulted in higher deductible costs for many families, the company said. “This current and ongoing shift has presented new challenges for consumers, and now they are bearing more of the cost” of the devices, the statement said.
___
This story has been corrected with accurate numbers from the Elsevier drug database.
</post>
<signature>

</signature>
<external_links>

</external_links>
<country>US</country>
<main_image>http://www.abqjournal.com/wp-content/uploads/2016/08/23/AP-BC-US-Congress-EpiPens-IMG-jpg-WX105-1000x654.jpg</main_image>
</document>
