<?xml version="1.0" encoding="UTF-8"?>
<document>
<type>mainstream</type>
<forum>http://feeds.ficpa.org/AllUpcomingFicpaEvents</forum>
<forum_title>All Upcoming FICPA Events</forum_title>
<discussion_title>Statement of Cash Flows: Preparation, Presentation, and Use - 9/1/2016 - Online</discussion_title>
<language>english</language>
<gmt_offset></gmt_offset>
<topic_url>http://www.ficpa.org/Public/catalog/eventdetails.aspx?courseID=16AISCFPP5</topic_url>
<topic_text>
Credits ONLINE 
Top off your knowledge of the statement of cash flows. Review statement of cash flows preparation and presentation options and improve cash flow analysis. Explore the requirements of the statement of cash flows guidance and related standards, and learn how to make appropriate classifications of transactions and events. This course introduces you to, and helps boil down, the intricacies of the overall cash flow statement and its three major sections. Objectives 
When you complete this course you will be able to Identify the requirements of the statement of cash flows guidance and related standards. Select appropriate classifications of transactions. Recall key points relating to technical considerations for cash equivalents, net presentation, and noncash transactions. Recall proposed changes from the FASB and IASB. Major Topics Operating section options and reporting issues Cash equivalents-issues and examples Ongoing developments and proposed changes Statement of cash flow worksheets
</topic_text>
<spam_score>0.00</spam_score>
<post_num>1</post_num>
<post_id>post-1</post_id>
<post_url>http://www.ficpa.org/Public/catalog/eventdetails.aspx?courseID=16AISCFPP5</post_url>
<post_date>20160901</post_date>
<post_time>0400</post_time>
<username></username>
<post>
Credits ONLINE 
Top off your knowledge of the statement of cash flows. Review statement of cash flows preparation and presentation options and improve cash flow analysis. Explore the requirements of the statement of cash flows guidance and related standards, and learn how to make appropriate classifications of transactions and events. This course introduces you to, and helps boil down, the intricacies of the overall cash flow statement and its three major sections. Objectives 
When you complete this course you will be able to Identify the requirements of the statement of cash flows guidance and related standards. Select appropriate classifications of transactions. Recall key points relating to technical considerations for cash equivalents, net presentation, and noncash transactions. Recall proposed changes from the FASB and IASB. Major Topics Operating section options and reporting issues Cash equivalents-issues and examples Ongoing developments and proposed changes Statement of cash flow worksheets
</post>
<signature>

</signature>
<external_links>

</external_links>
<country>US</country>
<main_image></main_image>
</document>
