<?xml version="1.0" encoding="UTF-8"?>
<document>
<type>mainstream</type>
<forum>http://www.mypharma-editions.com/feed/</forum>
<forum_title>MyPharma Editions</forum_title>
<discussion_title>Alexion : l’ALXN1007 obtient la désignation de médicament orphelin dans l’UE</discussion_title>
<language>french</language>
<gmt_offset></gmt_offset>
<topic_url>https://www.mypharma-editions.com/alexion-lalxn1007-obtient-la-designation-de-medicament-orphelin-dans-lue</topic_url>
<topic_text>
Alexion : l’ALXN1007 obtient la désignation de médicament orphelin dans l’UE Publié le 30 août 2016 
Alexion Pharmaceuticals a annoncé mardi que la Commission européenne avait accordé la désignation de médicament orphelin (ODD) à l’ALXN1007, un anticorps anti-inflammatoire novateur ciblant la protéine du complément C5a pour le traitement de patients atteints de la réaction du greffon contre l’hôte (RGCH, GVHD en anglais pour « graft versus host disease »). Le bilan 2015 des entreprises du médicament en France Publié le 30 août 2016 
Le Leem vient de publier son bilan économique des entreprises du médicament pour 2015. À l’échelle mondiale, la part de marché pharmaceutique de la France diminue de manière significative : elle représentait 5,4% en 2005, 3,9% en 2014 et ne représente plus que 3,5% en 2015. Cerenis Therapeutics: fin du recrutement des patients dans l’étude CARAT Publié le 30 août 2016 
Cerenis Therapeutics, société biopharmaceutique dédiée à la découverte et au développement de nouvelles thérapies HDL (« bon cholestérol ») pour le traitement des maladies cardiovasculaires et métaboliques, a annoncé mardi la fin du recrutement des patients dans l’étude CARAT, destinée à tester l’efficacité thérapeutique de CER-001 chez les patients à la suite d’un Syndrome Coronarien Aigu (SCA). Fusion Quintiles IMS : plusieurs nominations pour la future équipe de direction Publié le 30 août 2016 
IMS Health et Quintiles viennent d’annoncer plusieurs nominations pour la future équipe dirigeante de Quintiles IMS, sous réserve de la réalisation de la fusion. Parmi les responsables fonctionnels supérieurs qui relèveront du président-directeur général Ari Bousbib figureront Michael McDonnell, vice-président exécutif et directeur financier ; James Erlinger, vice-président exécutif et directeur du service juridique ; et Trudy Stein, vice-présidente exécutive et directrice des ressources humaines. Synthelis : Paul Bonnabel nommé Directeur Général Publié le 29 août 2016 
Synthelis, société française de biotechnologie spécialisée dans la production, la purification et la caractérisation de protéines basées sur sa technologie d’expression acellulaire, vient d’annoncer l’arrivée de Paul Bonnabel dans son équipe de direction. Vaccins contre la grippe : PaxVax signe un accord de distribution en Suisse avec Seqirus Publié le 29 août 2016 
PaxVax, société américaine qui commercialise des vaccins innovants contre les maladies infectieuses, a annoncé aujourd’hui la signature d’un accord de marketing et de distribution en Suisse concernant deux des produits de vaccination contre la grippe de Seqirus : Agrippal® (antigène de surface, inactivé) et Fluad™ (vaccin antigrippal, avec adjuvant). La Fondation BMS pour la Recherche en Immuno-Oncologie lance son deuxième appel à projet Publié le 29 août 2016 
La Fondation d’entreprise Bristol-Myers Squibb pour la Recherche en Immuno-Oncologie lance son 2ème Appel à Projet national destiné à tous les professionnels de santé ou chercheurs, travaillant en France, dans un établissement hospitalier français, un établissement public de recherche ou d’enseignement supérieur français, et aux organismes français à but non lucratif poursuivant un but similaire à la Fondation BMS. Et aussi
</topic_text>
<spam_score>0.00</spam_score>
<post_num>1</post_num>
<post_id>post-1</post_id>
<post_url>https://www.mypharma-editions.com/alexion-lalxn1007-obtient-la-designation-de-medicament-orphelin-dans-lue</post_url>
<post_date>20160830</post_date>
<post_time>1330</post_time>
<username>morgdave</username>
<post>
Alexion : l’ALXN1007 obtient la désignation de médicament orphelin dans l’UE Publié le 30 août 2016 
Alexion Pharmaceuticals a annoncé mardi que la Commission européenne avait accordé la désignation de médicament orphelin (ODD) à l’ALXN1007, un anticorps anti-inflammatoire novateur ciblant la protéine du complément C5a pour le traitement de patients atteints de la réaction du greffon contre l’hôte (RGCH, GVHD en anglais pour « graft versus host disease »). Le bilan 2015 des entreprises du médicament en France Publié le 30 août 2016 
Le Leem vient de publier son bilan économique des entreprises du médicament pour 2015. À l’échelle mondiale, la part de marché pharmaceutique de la France diminue de manière significative : elle représentait 5,4% en 2005, 3,9% en 2014 et ne représente plus que 3,5% en 2015. Cerenis Therapeutics: fin du recrutement des patients dans l’étude CARAT Publié le 30 août 2016 
Cerenis Therapeutics, société biopharmaceutique dédiée à la découverte et au développement de nouvelles thérapies HDL (« bon cholestérol ») pour le traitement des maladies cardiovasculaires et métaboliques, a annoncé mardi la fin du recrutement des patients dans l’étude CARAT, destinée à tester l’efficacité thérapeutique de CER-001 chez les patients à la suite d’un Syndrome Coronarien Aigu (SCA). Fusion Quintiles IMS : plusieurs nominations pour la future équipe de direction Publié le 30 août 2016 
IMS Health et Quintiles viennent d’annoncer plusieurs nominations pour la future équipe dirigeante de Quintiles IMS, sous réserve de la réalisation de la fusion. Parmi les responsables fonctionnels supérieurs qui relèveront du président-directeur général Ari Bousbib figureront Michael McDonnell, vice-président exécutif et directeur financier ; James Erlinger, vice-président exécutif et directeur du service juridique ; et Trudy Stein, vice-présidente exécutive et directrice des ressources humaines. Synthelis : Paul Bonnabel nommé Directeur Général Publié le 29 août 2016 
Synthelis, société française de biotechnologie spécialisée dans la production, la purification et la caractérisation de protéines basées sur sa technologie d’expression acellulaire, vient d’annoncer l’arrivée de Paul Bonnabel dans son équipe de direction. Vaccins contre la grippe : PaxVax signe un accord de distribution en Suisse avec Seqirus Publié le 29 août 2016 
PaxVax, société américaine qui commercialise des vaccins innovants contre les maladies infectieuses, a annoncé aujourd’hui la signature d’un accord de marketing et de distribution en Suisse concernant deux des produits de vaccination contre la grippe de Seqirus : Agrippal® (antigène de surface, inactivé) et Fluad™ (vaccin antigrippal, avec adjuvant). La Fondation BMS pour la Recherche en Immuno-Oncologie lance son deuxième appel à projet Publié le 29 août 2016 
La Fondation d’entreprise Bristol-Myers Squibb pour la Recherche en Immuno-Oncologie lance son 2ème Appel à Projet national destiné à tous les professionnels de santé ou chercheurs, travaillant en France, dans un établissement hospitalier français, un établissement public de recherche ou d’enseignement supérieur français, et aux organismes français à but non lucratif poursuivant un but similaire à la Fondation BMS. Et aussi
</post>
<signature>

</signature>
<external_links>

</external_links>
<country>FR</country>
<main_image></main_image>
</document>
