<?xml version="1.0" encoding="UTF-8"?>
<document>
<type>mainstream</type>
<forum>http://jobs.guardian.co.uk/jobsrss/uk/england/south-west/gloucestershire/</forum>
<forum_title>Job Search RSS</forum_title>
<discussion_title>TPP RECRUITMENT: Corporate Partnerships Manager</discussion_title>
<language>english</language>
<gmt_offset></gmt_offset>
<topic_url>https://jobs.theguardian.com/job/6378859/corporate-partnerships-manager/</topic_url>
<topic_text>
Apply 
This prestigious is military organisation looking for their new Corporate Partnerships Manager to manage their corporate prospect pipeline. The organisation has an ambitious plan to grow their income from corporate partners over the next three years, and you will lead on bringing in new business as well as working with existing partners such as Aston Martin and BAE Systems . 
With your past track record of securing significant income through corporate partnerships, you will lead on implementing the organisations corporate partnership strategy and identify opportunities for developing new income streams . A strong communicator with the ability to engage stakeholders of all levels, you will build long lasting and sustainable relationships to continually grow the income of the organisation . You will manage the Corporate Partnerships Executive and work across all aspects of corporate fundraising to include employee fundraising, corporate events and strategic partnerships.
</topic_text>
<spam_score>0.00</spam_score>
<post_num>1</post_num>
<post_id>post-1</post_id>
<post_url>https://jobs.theguardian.com/job/6378859/corporate-partnerships-manager/</post_url>
<post_date>20160830</post_date>
<post_time>1612</post_time>
<username></username>
<post>
Apply 
This prestigious is military organisation looking for their new Corporate Partnerships Manager to manage their corporate prospect pipeline. The organisation has an ambitious plan to grow their income from corporate partners over the next three years, and you will lead on bringing in new business as well as working with existing partners such as Aston Martin and BAE Systems . 
With your past track record of securing significant income through corporate partnerships, you will lead on implementing the organisations corporate partnership strategy and identify opportunities for developing new income streams . A strong communicator with the ability to engage stakeholders of all levels, you will build long lasting and sustainable relationships to continually grow the income of the organisation . You will manage the Corporate Partnerships Executive and work across all aspects of corporate fundraising to include employee fundraising, corporate events and strategic partnerships.
</post>
<signature>

</signature>
<external_links>

</external_links>
<country>GB</country>
<main_image>//d1mbyzj6lih1pj.cloudfront.net/assets/dist/images/logo-bluebg.png;v=7d22bbdb3883e1215bb601184e4fe013</main_image>
</document>
