<?xml version="1.0" encoding="UTF-8"?>
<document>
<type>mainstream</type>
<forum></forum>
<forum_title></forum_title>
<discussion_title>Trucks mieten, Leasen, mit und ohne Selbstfahrervertrag + Disponierug - Forum-Speditionen | Das größte Forum der Transportbranche</discussion_title>
<language>german</language>
<gmt_offset></gmt_offset>
<topic_url>http://www.forum-speditionen.de/board/63-trucks-mieten-leasen-mit-und-ohne-selbstfahrervertrag-disponierug/?s=99ba4256fd4e5c4da572c5337ccecc9a813f2c7c</topic_url>
<topic_text>
Trucks mieten, Leasen, mit und ohne Selbstfahrervertrag + Disponierug 
Achtung: nur faire Diskussionen ohne Beleidigungen zulässig Diese Seite verwendet Cookies. Durch die Nutzung unserer Seite erklären Sie sich damit einverstanden, dass wir Cookies setzen. Weitere Informationen 1 Seite 1 von 2 
</topic_text>
<spam_score>0.17</spam_score>
<post_num>1</post_num>
<post_id>post-1</post_id>
<post_url>http://www.forum-speditionen.de/board/63-trucks-mieten-leasen-mit-und-ohne-selbstfahrervertrag-disponierug/?s=99ba4256fd4e5c4da572c5337ccecc9a813f2c7c</post_url>
<post_date>20150615</post_date>
<post_time></post_time>
<username></username>
<post>
Trucks mieten, Leasen, mit und ohne Selbstfahrervertrag + Disponierug 
Achtung: nur faire Diskussionen ohne Beleidigungen zulässig Diese Seite verwendet Cookies. Durch die Nutzung unserer Seite erklären Sie sich damit einverstanden, dass wir Cookies setzen. Weitere Informationen 1 Seite 1 von 2 
</post>
<signature>

</signature>
<external_links>

</external_links>
<country>DE</country>
<main_image></main_image>
</document>
