<?xml version="1.0" encoding="UTF-8"?>
<document>
<type>mainstream</type>
<forum></forum>
<forum_title></forum_title>
<discussion_title>Segundo ataque a El Nacional en los últimos dos meses</discussion_title>
<language>spanish</language>
<gmt_offset></gmt_offset>
<topic_url>http://www.el-nacional.com/libertad_de_expresion/Segundo-ataque-Nacionalb-ultimos-meses_0_912508780.html</topic_url>
<topic_text>
Segundo ataque a El Nacional en los últimos dos meses 
Entrada del diario El Nacional cubierta de heces | Archivo El atentado fue condenado por líderes de la oposición y dirigentes del Colegio Nacional de Periodistas (CNP). Señalaron que este tipo de agresiones trata de coartar la libertad de expresión Tweet: Yazmely Labrador 30 de agosto 2016 - 10:15 am Durante los últimos dos meses, la sede de El Nacional ha sido violentada por el mismo grupo pro oficialista identificado como &quot;Chama, pueblo en rebelión&quot;. El primero de estos ataques ocurrió el pasado 17 de junio. En esa ocasión, el colectivo llegó a la sede del periódico, ubicada en Los Cortijos, a las 2:00 de la madrugada. Los sujetos se estacionaron frente a las instalaciones e intentaron violentar las cerraduras. U no de ellos escribió con spray “Chama Pueblo Rebelde” en la caseta de vigilancia y los otros arrojaron excremento. El ataque fue condenado por el Sindicato Nacional de Trabajadores de la Prensa (SNTP): señaló que este tipo de ataques trata de coartar la libertad de expresión. Dos meses después la historia se repite: en horas de la madrugada de este martes, el mismo grupo pro oficialista atacó la sede de El Nacional . En esta oportunidad lanzaron excremento en llamas y bombas molotov. Al igual que la vez pasada, los sujetos dejaron un panfleto en el cual critican la labor que realiza el medio de comunicación Miguel Henrique Otero, presidente editor de El Nacional , condenó los hechos. Aseguró que el diario se mantendrá firme y dará la cara por el país con valentía frente a los ataques de grupos afectos al gobierno actual. 
</topic_text>
<spam_score>0.03</spam_score>
<post_num>1</post_num>
<post_id>post-1</post_id>
<post_url>http://www.el-nacional.com/libertad_de_expresion/Segundo-ataque-Nacionalb-ultimos-meses_0_912508780.html</post_url>
<post_date>20160830</post_date>
<post_time></post_time>
<username>Yazmely Labrador</username>
<post>
Segundo ataque a El Nacional en los últimos dos meses 
Entrada del diario El Nacional cubierta de heces | Archivo El atentado fue condenado por líderes de la oposición y dirigentes del Colegio Nacional de Periodistas (CNP). Señalaron que este tipo de agresiones trata de coartar la libertad de expresión Tweet: Yazmely Labrador 30 de agosto 2016 - 10:15 am Durante los últimos dos meses, la sede de El Nacional ha sido violentada por el mismo grupo pro oficialista identificado como &quot;Chama, pueblo en rebelión&quot;. El primero de estos ataques ocurrió el pasado 17 de junio. En esa ocasión, el colectivo llegó a la sede del periódico, ubicada en Los Cortijos, a las 2:00 de la madrugada. Los sujetos se estacionaron frente a las instalaciones e intentaron violentar las cerraduras. U no de ellos escribió con spray “Chama Pueblo Rebelde” en la caseta de vigilancia y los otros arrojaron excremento. El ataque fue condenado por el Sindicato Nacional de Trabajadores de la Prensa (SNTP): señaló que este tipo de ataques trata de coartar la libertad de expresión. Dos meses después la historia se repite: en horas de la madrugada de este martes, el mismo grupo pro oficialista atacó la sede de El Nacional . En esta oportunidad lanzaron excremento en llamas y bombas molotov. Al igual que la vez pasada, los sujetos dejaron un panfleto en el cual critican la labor que realiza el medio de comunicación Miguel Henrique Otero, presidente editor de El Nacional , condenó los hechos. Aseguró que el diario se mantendrá firme y dará la cara por el país con valentía frente a los ataques de grupos afectos al gobierno actual. 
</post>
<signature>

</signature>
<external_links>

</external_links>
<country>US</country>
<main_image></main_image>
</document>
