<?xml version="1.0" encoding="UTF-8"?>
<document>
<type>mainstream</type>
<forum>http://elclarinweb.com/feed/</forum>
<forum_title>El Clarín | Diario venezolano de la región central</forum_title>
<discussion_title>Santos revela pregunta para el plebiscito</discussion_title>
<language>spanish</language>
<gmt_offset></gmt_offset>
<topic_url>http://elclarinweb.com/internacionales/santos-revela-pregunta-para-el-plebiscito</topic_url>
<topic_text>
Santos revela pregunta para el plebiscito   EFE Los colombianos responderán a la pregunta ¿Apoya usted el acuerdo final para la terminación del conflicto y la construcción de una paz estable y duradera? en el plebiscito del próximo 2 de octubre, luego de que este martes el presidente Juan Manuel Santos firmara el decreto para convocarlo. “ Hoy damos un paso más hacia la paz. Gracias al Congreso de la República que por abrumadora mayoría y en tiempo récord avaló la convocatoria del plebiscito que le informé el jueves pasado. El plebiscito es ahora una realidad”, dijo el mandatario en la Casa de Nariño, sede del Ejecutivo. Acompañado por los ministros del Gabinete, que también firmaron el decreto, el mandatario indicó que la pregunta que responderán los colombianos con un “Sí” o un “No” es: “¿Apoya usted el acuerdo final para la terminación del conflicto y la construcción de una paz estable y duradera?” . Esta consulta, que se realizará el domingo 2 de octubre, “es clara, sencilla y no da lugar a ninguna confusión”, precisó. El presidente Santos aseveró que con la pregunta se busca saber si “el pueblo aprueba o no exactamente las palabras que aparecen en el título de los acuerdos”. Además, aclaró, “no hay lugar a ninguna confusión. No es una pregunta sobre si los colombianos quieren o no la paz sino que es muy concreta sobre si apoyan o no el acuerdo final”. El Congreso de Colombia aprobó ayer que Santos convoque a un plebiscito para refrendar el acuerdo de paz con las FARC, que busca acabar con un conflicto armado de 52 años. Si el acuerdo de paz es refrendado en las urnas, llegará al Congreso un paquete legislativo que se tramitará por medio del procedimiento especial que permitirá la aplicación de lo acordado en La Habana. En el plebiscito, cuya realización fue avalada el pasado 18 de julio por la Corte Constitucional, la opción del “sí” debe obtener al menos el 13 % del censo electoral, lo que significa que necesitará como mínimo 4.396.626 votos para ser aprobado.
</topic_text>
<spam_score>0.00</spam_score>
<post_num>1</post_num>
<post_id>post-1</post_id>
<post_url>http://elclarinweb.com/internacionales/santos-revela-pregunta-para-el-plebiscito</post_url>
<post_date>20160830</post_date>
<post_time>1502</post_time>
<username>Katherine Dona Cumana</username>
<post>
Santos revela pregunta para el plebiscito   EFE Los colombianos responderán a la pregunta ¿Apoya usted el acuerdo final para la terminación del conflicto y la construcción de una paz estable y duradera? en el plebiscito del próximo 2 de octubre, luego de que este martes el presidente Juan Manuel Santos firmara el decreto para convocarlo. “ Hoy damos un paso más hacia la paz. Gracias al Congreso de la República que por abrumadora mayoría y en tiempo récord avaló la convocatoria del plebiscito que le informé el jueves pasado. El plebiscito es ahora una realidad”, dijo el mandatario en la Casa de Nariño, sede del Ejecutivo. Acompañado por los ministros del Gabinete, que también firmaron el decreto, el mandatario indicó que la pregunta que responderán los colombianos con un “Sí” o un “No” es: “¿Apoya usted el acuerdo final para la terminación del conflicto y la construcción de una paz estable y duradera?” . Esta consulta, que se realizará el domingo 2 de octubre, “es clara, sencilla y no da lugar a ninguna confusión”, precisó. El presidente Santos aseveró que con la pregunta se busca saber si “el pueblo aprueba o no exactamente las palabras que aparecen en el título de los acuerdos”. Además, aclaró, “no hay lugar a ninguna confusión. No es una pregunta sobre si los colombianos quieren o no la paz sino que es muy concreta sobre si apoyan o no el acuerdo final”. El Congreso de Colombia aprobó ayer que Santos convoque a un plebiscito para refrendar el acuerdo de paz con las FARC, que busca acabar con un conflicto armado de 52 años. Si el acuerdo de paz es refrendado en las urnas, llegará al Congreso un paquete legislativo que se tramitará por medio del procedimiento especial que permitirá la aplicación de lo acordado en La Habana. En el plebiscito, cuya realización fue avalada el pasado 18 de julio por la Corte Constitucional, la opción del “sí” debe obtener al menos el 13 % del censo electoral, lo que significa que necesitará como mínimo 4.396.626 votos para ser aprobado.
</post>
<signature>

</signature>
<external_links>

</external_links>
<country>US</country>
<main_image>http://elclarinweb.com/wp-content/uploads/2016/08/juan_manuel_santos_121.jpg</main_image>
</document>
