<?xml version="1.0" encoding="UTF-8"?>
<document>
<type>mainstream</type>
<forum></forum>
<forum_title></forum_title>
<discussion_title>Sex doesn&apos;t always sell — Abercrombie moves toward more wholesome image</discussion_title>
<language>english</language>
<gmt_offset></gmt_offset>
<topic_url>http://www.cnbc.com/2016/08/30/sex-doesnt-always-sell--abercrombie-moves-toward-more-wholesome-image.html</topic_url>
<topic_text>
Fall fashions from Abercrombie &amp; Fitch. 
Abercrombie &amp; Fitch is taking another step further from its sexy, cool-kids-only reputation. 
As part of the about-face underway at its namesake label, Abercrombie&apos;s designs and marketing will now focus on its shopper&apos;s &quot;best self and inner confidence,&quot; Chief Merchandising Officer Fran Horowitz said Tuesday. 
That&apos;s a marked shift from the brand&apos;s heyday in the 1990s, when the label defined itself through overtly sexy imagery and said its clothes were meant exclusively for the popular crowd. 
The stock was down 20 percent Tuesday after the company said it expects a challenging second half of the year. Click here for the latest price. 
The marketing change comes as Abercrombie is in the midst of reworking its assortment to cater toward 20-something shoppers who are chasing well-made yet affordable clothing, in an attempt to recapture market share it has lost to fast-fashion and other retailers. 
&quot;Image is less important than character,&quot; Horowitz told analysts. 
Abercrombie has gradually been leaving its bad boy (and girl) reputation in the dust, including last year&apos;s decision to stop using shirtless models in its marketing . The brand is also reworking its aesthetic, by channeling a &quot;casual luxury&quot; vibe. Getty Images Abercrombie &amp; Fitch has stepped away from overtly sexy marketing. 
The retailer plans to ramp up its marketing budget in the second half to communicate this new image, and plans to test a new store format early next year. The company&apos;s Hollister label is in the process of remodeling its fleet, which has led to double-digit increases in sales and traffic, management said. 
After showing signs of stabilization, Abercrombie&apos;s recovery took another step back during the second quarter . The company posted a wider-than-expected loss of 25 cents a share during the period. Though its $783 million in revenue came in slightly above Wall Street&apos;s expectations, the company said it now expects the second half of the year to remain challenging, after previously calling for an improvement in comparable sales. 
Along with pressure from competitors including H&amp;M and a rebounding American Eagle , a strong U.S. dollar and sluggish tourism have weighed on the company&apos;s sales. This has been particularly troublesome for the Abercrombie label, which has more flagship stores in tourist locations than Hollister. 
During the quarter, comparable sales at Abercrombie fell 7 percent, while those at Hollister dipped 2 percent. 
</topic_text>
<spam_score>0.76</spam_score>
<post_num>1</post_num>
<post_id>post-1</post_id>
<post_url>http://www.cnbc.com/2016/08/30/sex-doesnt-always-sell--abercrombie-moves-toward-more-wholesome-image.html</post_url>
<post_date>20160830</post_date>
<post_time></post_time>
<username>Krystina Gustafson</username>
<post>
Fall fashions from Abercrombie &amp; Fitch. 
Abercrombie &amp; Fitch is taking another step further from its sexy, cool-kids-only reputation. 
As part of the about-face underway at its namesake label, Abercrombie&apos;s designs and marketing will now focus on its shopper&apos;s &quot;best self and inner confidence,&quot; Chief Merchandising Officer Fran Horowitz said Tuesday. 
That&apos;s a marked shift from the brand&apos;s heyday in the 1990s, when the label defined itself through overtly sexy imagery and said its clothes were meant exclusively for the popular crowd. 
The stock was down 20 percent Tuesday after the company said it expects a challenging second half of the year. Click here for the latest price. 
The marketing change comes as Abercrombie is in the midst of reworking its assortment to cater toward 20-something shoppers who are chasing well-made yet affordable clothing, in an attempt to recapture market share it has lost to fast-fashion and other retailers. 
&quot;Image is less important than character,&quot; Horowitz told analysts. 
Abercrombie has gradually been leaving its bad boy (and girl) reputation in the dust, including last year&apos;s decision to stop using shirtless models in its marketing . The brand is also reworking its aesthetic, by channeling a &quot;casual luxury&quot; vibe. Getty Images Abercrombie &amp; Fitch has stepped away from overtly sexy marketing. 
The retailer plans to ramp up its marketing budget in the second half to communicate this new image, and plans to test a new store format early next year. The company&apos;s Hollister label is in the process of remodeling its fleet, which has led to double-digit increases in sales and traffic, management said. 
After showing signs of stabilization, Abercrombie&apos;s recovery took another step back during the second quarter . The company posted a wider-than-expected loss of 25 cents a share during the period. Though its $783 million in revenue came in slightly above Wall Street&apos;s expectations, the company said it now expects the second half of the year to remain challenging, after previously calling for an improvement in comparable sales. 
Along with pressure from competitors including H&amp;M and a rebounding American Eagle , a strong U.S. dollar and sluggish tourism have weighed on the company&apos;s sales. This has been particularly troublesome for the Abercrombie label, which has more flagship stores in tourist locations than Hollister. 
During the quarter, comparable sales at Abercrombie fell 7 percent, while those at Hollister dipped 2 percent. 
</post>
<signature>

</signature>
<external_links>

</external_links>
<country>US</country>
<main_image>http://fm.cnbc.com/applications/cnbc.com/resources/img/editorial/2016/08/30/103902304-14114866_10153612454165378_1996338208678936914_o.1910x1000.jpg</main_image>
</document>
