<?xml version="1.0" encoding="UTF-8"?>
<document>
<type>mainstream</type>
<forum></forum>
<forum_title></forum_title>
<discussion_title>Bolton pub Ye Olde Man and Scythe&apos;s ghost ‘stolen’ by Chinese artist Lu Pingyuan | Metro News</discussion_title>
<language>english</language>
<gmt_offset></gmt_offset>
<topic_url>http://metro.co.uk/2016/08/30/bolton-pubs-ghost-stolen-by-chinese-artist-6098593/</topic_url>
<topic_text>
Bolton pub’s ghost ‘stolen’ by Chinese artist Harry Readhead Tuesday 30 Aug 2016 2:17 pm Richard Greenwood would like his ghost back (Picture: Cascade News) 
A pub in Bolton is demanding the return of the ghost that haunts the premises after it was ‘stolen’ by a Chinese artist. Creepy ‘ghost’ man caught smearing poo on woman’s door 
James Stanley, the seventh Earl of Derby, is said to haunt the Ye Olde Man and Scythe, in Churchgate, which is Bolton’s oldest pub. 
Mr Stanley (or perhaps that should be The Rt Hon Stanley James Stanley?) is now housed, however – because it appears you can house a spirit – in a sealed metal cannister at the Centre for Chinese Contemporary Art. 
It transpired that Lu Pingyuan travelled from Shanghai to Bolton after he learned of the pub phantom and ‘stole’ it. Ye Olde Man and Scythe (Picture: Cascade News) 
‘I would have liked to have been privy to your actions and indeed to the exhibition before the ghost of James Stanley was taken out of Bolton, his ties to the town and to Ye Olde Man and Scythe run very deeply,’ the pub’s owner, Richard Greenword, wrote in a letter to Mr Lu, reports the Bolton News . Mummified sailor’s body found at controls of ghost ship 
‘I feel very strongly that James Stanley’s ghost should remain in Bolton and at Ye Olde Man and Scythe to preserve the natural order of things. 
‘That said I do believe that your exhibition should travel and be seen by many people around the world and I would like to contribute to this as long as at the end of your exhibition it returns home.’ 
Mr Greenwood has offered to donate to the exhibition the chair that the Earl sat at for his last meal on the grounds that both the chair and the ghost are returned at the end of the tour. 
</topic_text>
<spam_score>0.01</spam_score>
<post_num>1</post_num>
<post_id>post-1</post_id>
<post_url>http://metro.co.uk/2016/08/30/bolton-pubs-ghost-stolen-by-chinese-artist-6098593/</post_url>
<post_date>20160830</post_date>
<post_time></post_time>
<username>Harry Readhead</username>
<post>
Bolton pub’s ghost ‘stolen’ by Chinese artist Harry Readhead Tuesday 30 Aug 2016 2:17 pm Richard Greenwood would like his ghost back (Picture: Cascade News) 
A pub in Bolton is demanding the return of the ghost that haunts the premises after it was ‘stolen’ by a Chinese artist. Creepy ‘ghost’ man caught smearing poo on woman’s door 
James Stanley, the seventh Earl of Derby, is said to haunt the Ye Olde Man and Scythe, in Churchgate, which is Bolton’s oldest pub. 
Mr Stanley (or perhaps that should be The Rt Hon Stanley James Stanley?) is now housed, however – because it appears you can house a spirit – in a sealed metal cannister at the Centre for Chinese Contemporary Art. 
It transpired that Lu Pingyuan travelled from Shanghai to Bolton after he learned of the pub phantom and ‘stole’ it. Ye Olde Man and Scythe (Picture: Cascade News) 
‘I would have liked to have been privy to your actions and indeed to the exhibition before the ghost of James Stanley was taken out of Bolton, his ties to the town and to Ye Olde Man and Scythe run very deeply,’ the pub’s owner, Richard Greenword, wrote in a letter to Mr Lu, reports the Bolton News . Mummified sailor’s body found at controls of ghost ship 
‘I feel very strongly that James Stanley’s ghost should remain in Bolton and at Ye Olde Man and Scythe to preserve the natural order of things. 
‘That said I do believe that your exhibition should travel and be seen by many people around the world and I would like to contribute to this as long as at the end of your exhibition it returns home.’ 
Mr Greenwood has offered to donate to the exhibition the chair that the Earl sat at for his last meal on the grounds that both the chair and the ghost are returned at the end of the tour. 
</post>
<signature>

</signature>
<external_links>

</external_links>
<country>US</country>
<main_image></main_image>
</document>
