<?xml version="1.0" encoding="UTF-8"?>
<document>
<type>mainstream</type>
<forum>http://rssfeeds.democratandchronicle.com/Democratandchronicle/BreakingNewsAndTopStories</forum>
<forum_title>Democratandchronicle - Breaking News and Top Stories</forum_title>
<discussion_title>East Irondequoit sued over sexual harassment on bus</discussion_title>
<language>english</language>
<gmt_offset></gmt_offset>
<topic_url>http://www.democratandchronicle.com/story/news/local/communities/irondequoit/2016/08/30/east-irondequoit-renaldo-vega-lawsuit/89577690/</topic_url>
<topic_text>
East Irondequoit sued over sexual harassment on bus Justin Murphy , @citizenmurphy 11:07 a.m. EDT August 30, 2016 Renaldo Vega (Photo: Provided by Irondequoit Police Department) 
The East Irondequoit Central School District faces a lawsuit from the family of a girl with disabilities who, according to her lawyer, was sexually abused by a school bus driver in 2014. 
The lawsuit, filed Aug. 25, names as defendants the district, its school board, several top administrators and Renaldo Vega, the bus driver who was arrested in 2014 on charges of forcible touching and endangering the welfare of a child. 
Vega was fired upon his arrest in December 2014. The lawsuit, however, alleges the district should have prevented the sexual contact in the first place — especially since Vega had been arrested the previous year on similar charges. 
According to the lawsuit, Vega drove the school bus that took the girl (identified only as Jane Doe) to her daily program at BOCES. There were originally two students on the bus, but the other student was suspended in early December 2014. 
Over the next week, &quot;Vega began a pattern of conduct that included sexual grooming, intimidating, inappropriately touching, sexually harassing, sexually abusing and sexually assaulting Jane Doe,&quot; according to the lawsuit. 
The girl began to cut and mutilate herself, at which point she told her parents about Vega. They called the police Dec. 10, and Vega was arrested and fired. He later pleaded guilty to endangering the welfare of a child but not to the forcible touching charges. 
In October 2015, Vega was sentenced to three years probation, with some sex offender provisions, Assistant District Attorney Joseph Plukas said. 
Previous arrest 
The girl, according to the lawsuit, suffered &quot;severe emotional trauma&quot; and &quot;exacerbation of pre-existing mental health and emotional health issues.&quot; 
The lawsuit alleges the district and school board failed in their oversight duties. In particular, it points out that Vega was arrested in October 2013 for &quot;(acting) in a manner injurious to a child.&quot; 
Robert King, the girl&apos;s lawyer, said that incident took place in the city of Rochester, and that charges eventually were dropped. 
Vega was already a bus driver for East Irondequoit at that point, and he was suspended for a week after the 2013 arrest. The lawsuit alleges the district had a responsibility to investigate that incident further before giving Vega his job back. It also cites shortcomings in the hiring, training and oversight procedures that resulted in Vega being alone with the girl on the school bus. 
The district declined comment on the case but released a statement: &quot;The school district strongly denies each and every allegation made against the school district and its employees. The school district shall vigorously defend itself and its employees in this litigation.&quot; 
Vega is not the only former East Irondequoit employee in trouble for alleged misconduct with students. A former teacher&apos;s aide, Jennifer Kennard, was convicted in February 2015 of raping a boy with disabilities several times over four years. 
That conviction was overturned last December, however, after an appellate judge ruled that inadmissible evidence had been allowed in the initial trial. 
JMURPHY7@Gannett.com Read or Share this story: http://on.rocne.ws/2bOCeBH TOP VIDEOS
</topic_text>
<spam_score>0.00</spam_score>
<post_num>1</post_num>
<post_id>post-1</post_id>
<post_url>http://www.democratandchronicle.com/story/news/local/communities/irondequoit/2016/08/30/east-irondequoit-renaldo-vega-lawsuit/89577690/</post_url>
<post_date>20160830</post_date>
<post_time>1507</post_time>
<username></username>
<post>
East Irondequoit sued over sexual harassment on bus Justin Murphy , @citizenmurphy 11:07 a.m. EDT August 30, 2016 Renaldo Vega (Photo: Provided by Irondequoit Police Department) 
The East Irondequoit Central School District faces a lawsuit from the family of a girl with disabilities who, according to her lawyer, was sexually abused by a school bus driver in 2014. 
The lawsuit, filed Aug. 25, names as defendants the district, its school board, several top administrators and Renaldo Vega, the bus driver who was arrested in 2014 on charges of forcible touching and endangering the welfare of a child. 
Vega was fired upon his arrest in December 2014. The lawsuit, however, alleges the district should have prevented the sexual contact in the first place — especially since Vega had been arrested the previous year on similar charges. 
According to the lawsuit, Vega drove the school bus that took the girl (identified only as Jane Doe) to her daily program at BOCES. There were originally two students on the bus, but the other student was suspended in early December 2014. 
Over the next week, &quot;Vega began a pattern of conduct that included sexual grooming, intimidating, inappropriately touching, sexually harassing, sexually abusing and sexually assaulting Jane Doe,&quot; according to the lawsuit. 
The girl began to cut and mutilate herself, at which point she told her parents about Vega. They called the police Dec. 10, and Vega was arrested and fired. He later pleaded guilty to endangering the welfare of a child but not to the forcible touching charges. 
In October 2015, Vega was sentenced to three years probation, with some sex offender provisions, Assistant District Attorney Joseph Plukas said. 
Previous arrest 
The girl, according to the lawsuit, suffered &quot;severe emotional trauma&quot; and &quot;exacerbation of pre-existing mental health and emotional health issues.&quot; 
The lawsuit alleges the district and school board failed in their oversight duties. In particular, it points out that Vega was arrested in October 2013 for &quot;(acting) in a manner injurious to a child.&quot; 
Robert King, the girl&apos;s lawyer, said that incident took place in the city of Rochester, and that charges eventually were dropped. 
Vega was already a bus driver for East Irondequoit at that point, and he was suspended for a week after the 2013 arrest. The lawsuit alleges the district had a responsibility to investigate that incident further before giving Vega his job back. It also cites shortcomings in the hiring, training and oversight procedures that resulted in Vega being alone with the girl on the school bus. 
The district declined comment on the case but released a statement: &quot;The school district strongly denies each and every allegation made against the school district and its employees. The school district shall vigorously defend itself and its employees in this litigation.&quot; 
Vega is not the only former East Irondequoit employee in trouble for alleged misconduct with students. A former teacher&apos;s aide, Jennifer Kennard, was convicted in February 2015 of raping a boy with disabilities several times over four years. 
That conviction was overturned last December, however, after an appellate judge ruled that inadmissible evidence had been allowed in the initial trial. 
JMURPHY7@Gannett.com Read or Share this story: http://on.rocne.ws/2bOCeBH TOP VIDEOS
</post>
<signature>

</signature>
<external_links>

</external_links>
<country>US</country>
<main_image>http://www.gannett-cdn.com/-mm-/d2888630a0a77820ee70a663035412554ed82fd2/c=0-53-141-132&amp;amp;r=x633&amp;amp;c=1200x630/local/-/media/Rochester/2014/12/17/B9315533844Z.1_20141217102951_000_GRS9EED9K.1-0.jpg</main_image>
</document>
