<?xml version="1.0" encoding="UTF-8"?>
<document>
<type>mainstream</type>
<forum>http://www.devilslakejournal.com/entertainment?template=rss&amp;mime=xml</forum>
<forum_title>Entertainment - Devils Lake Journal - Devils Lake, ND</forum_title>
<discussion_title>Shayne Looper: The astonishingly complex process</discussion_title>
<language>english</language>
<gmt_offset></gmt_offset>
<topic_url>http://www.devilslakejournal.com/news/20160830/shayne-looper-astonishingly-complex-process</topic_url>
<topic_text>
log in 
I came back from school one day in early September and went to my grandparents house. I didnt go to our house because my parents were shuttling between home and University Hospital, where my older brother was being treated. The leukemia had been in remission for months, and he had been doing better. But when it came back, it was overwhelming.My grandmother called, Your mom and dad are here, so I came out to the sitting room to meet them. One look at their haggard faces and weary eyes told me that something had happened. My dad explained that my older brother  my protector, example and closest friend  had died. I still remember the chair I was sitting in, and how I couldnt stop crying.Fast-forward 30 years. Our family had visited my mother in my home town, and before we returned to southern Michigan we stopped at a used video game and music store so my sons could buy a used Nintendo system. While they were shopping, I was browsing the used recordings and saw a James Taylors Greatest Hits CD. I hadnt listened to J.T. in two decades, so I bought the CD and played it on the way home.I sang along with the first three tracks, but when Fire and Rain played, I was surprised by the emotion that welled up at the words,  but I always thought Id see you again. I was back in that chair in my grandparents sitting room, unable to stop the tears.I had not thought of that day for many years, yet it was a part of me. All my experiences, good and bad, the ones I remember, the ones I do not, and the ones Ive tried to forget are a part of me. Humans do not outgrow what theyve been, any more than a tree outgrows its trunk. We grow from what weve been and, in many ways, still are.In his insightful book, What Does God Do from 9 to 5? Ronald R. Johnson makes the point that  we are who we are because of the entire story of all that weve experienced so far, even though we cannot retrieve most of it from memory. Johnsons all that weve experienced includes big things like the death of a brother, but also small things like the look someone gave us on the bus, and the word we once looked up in a dictionary, and the hazy thought we had 12 years ago as we drifted off to sleep. These experiences, the vast majority of which are unremembered, are still a part of us.There is more to a human being, every human being, than we know or have ever imagined. But God knows, and he does not forget. God was there when we looked up that word and when that hazy thought lodged in our brain, and knows how it has shaped us. What Johnson calls the immensity of it is staggering.Think of it. God has been and will be present and aware of every experience I have ever had or will have, from the awful presentation I made in speech class to the first kiss I gave my wife, to the last breath I shall haltingly take. He has been present at every beat of my heart, as each neuron in my brain has fired, and every time a nerve ending has pulsed.If this is true, God has been present for all of my experiences (the vast percentage of which I know nothing about), and has been with billions of other people in their billions of experiences. Does this then mean that God has formed us in a certain way, for good or bad, and we bear no responsibility for who weve become?Not at all. Within this astonishingly complex human development process, God has provided a remarkably powerful instrument by which humans can exercise some control over their own formation. He has given them the power of choice. Each adult has made untold numbers  perhaps millions  of choices, and these are what make a person uniquely his or her self. And God is present and available in the choices too, not to compel but to aid, to encourage and to help. Shayne Looper is the pastor of Lockwood Community Church in Branch County, Michigan. Read more at shaynelooper.com. 


About Us
</topic_text>
<spam_score>0.00</spam_score>
<post_num>1</post_num>
<post_id>post-1</post_id>
<post_url>http://www.devilslakejournal.com/news/20160830/shayne-looper-astonishingly-complex-process</post_url>
<post_date>20160830</post_date>
<post_time>1424</post_time>
<username>Shayne Looper More Content Now</username>
<post>
log in 
I came back from school one day in early September and went to my grandparents house. I didnt go to our house because my parents were shuttling between home and University Hospital, where my older brother was being treated. The leukemia had been in remission for months, and he had been doing better. But when it came back, it was overwhelming.My grandmother called, Your mom and dad are here, so I came out to the sitting room to meet them. One look at their haggard faces and weary eyes told me that something had happened. My dad explained that my older brother  my protector, example and closest friend  had died. I still remember the chair I was sitting in, and how I couldnt stop crying.Fast-forward 30 years. Our family had visited my mother in my home town, and before we returned to southern Michigan we stopped at a used video game and music store so my sons could buy a used Nintendo system. While they were shopping, I was browsing the used recordings and saw a James Taylors Greatest Hits CD. I hadnt listened to J.T. in two decades, so I bought the CD and played it on the way home.I sang along with the first three tracks, but when Fire and Rain played, I was surprised by the emotion that welled up at the words,  but I always thought Id see you again. I was back in that chair in my grandparents sitting room, unable to stop the tears.I had not thought of that day for many years, yet it was a part of me. All my experiences, good and bad, the ones I remember, the ones I do not, and the ones Ive tried to forget are a part of me. Humans do not outgrow what theyve been, any more than a tree outgrows its trunk. We grow from what weve been and, in many ways, still are.In his insightful book, What Does God Do from 9 to 5? Ronald R. Johnson makes the point that  we are who we are because of the entire story of all that weve experienced so far, even though we cannot retrieve most of it from memory. Johnsons all that weve experienced includes big things like the death of a brother, but also small things like the look someone gave us on the bus, and the word we once looked up in a dictionary, and the hazy thought we had 12 years ago as we drifted off to sleep. These experiences, the vast majority of which are unremembered, are still a part of us.There is more to a human being, every human being, than we know or have ever imagined. But God knows, and he does not forget. God was there when we looked up that word and when that hazy thought lodged in our brain, and knows how it has shaped us. What Johnson calls the immensity of it is staggering.Think of it. God has been and will be present and aware of every experience I have ever had or will have, from the awful presentation I made in speech class to the first kiss I gave my wife, to the last breath I shall haltingly take. He has been present at every beat of my heart, as each neuron in my brain has fired, and every time a nerve ending has pulsed.If this is true, God has been present for all of my experiences (the vast percentage of which I know nothing about), and has been with billions of other people in their billions of experiences. Does this then mean that God has formed us in a certain way, for good or bad, and we bear no responsibility for who weve become?Not at all. Within this astonishingly complex human development process, God has provided a remarkably powerful instrument by which humans can exercise some control over their own formation. He has given them the power of choice. Each adult has made untold numbers  perhaps millions  of choices, and these are what make a person uniquely his or her self. And God is present and available in the choices too, not to compel but to aid, to encourage and to help. Shayne Looper is the pastor of Lockwood Community Church in Branch County, Michigan. Read more at shaynelooper.com. 


About Us
</post>
<signature>

</signature>
<external_links>

</external_links>
<country>US</country>
<main_image>http://www.devilslakejournal.com/storyimage/MO/20160830/NEWS/160839972/AR/0/AR-160839972.jpg</main_image>
</document>
