<?xml version="1.0" encoding="UTF-8"?>
<document>
<type>mainstream</type>
<forum></forum>
<forum_title></forum_title>
<discussion_title>Globovision</discussion_title>
<language>spanish</language>
<gmt_offset></gmt_offset>
<topic_url>http://globovision.com/article/iggy-azalea-y-ex-de-khloe-kardashian-vistos-muy-acaramelados-en-mexico</topic_url>
<topic_text>
Iggy Azalea y ex de Khloé Kardashian vistos &quot;muy acaramelados&quot; en México 
Fuente: People en Español 30-08-2016 10:51AM Agencias El ex de Khloé Kardashian, French Montana, y la cantante Iggy Azalea se fueron de vacaciones a México. 
Azalea, de 26 años, y el rapero de 31, han divulgado varias imágenes de su viaje a Cabo San Lucas en donde se los ve en actitud muy cariñosa. “Iggy y French están pasando tiempo juntos y disfrutando por el momento. No es una relación seria”, reveló una fuente a la revista People ante los rumores de un posible romance entre la australiana y el ex de Khloé. 
En junio, Azalea terminó su compromiso con el basquetbolista Nick Young luego que el atleta se viera envuelto en un escándalo de infidelidad. “Desafortunadamente aunque amo a Nick y he intentado recuperar mi confianza en él – se ha hecho aparente en las últimas semanas, no lo he logrado. Genuinamente le deseo a Nick lo mejor. Nunca es fácil partir [de] la persona con quien planeaste todo tu futuro, pero los futuros se pueden volver a escribir y a partir de hoy, el mío es una página en blanco”, escribió Iggy en su cuenta de Instagram. Notas Relacionadas 
</topic_text>
<spam_score>0.20</spam_score>
<post_num>1</post_num>
<post_id>post-1</post_id>
<post_url>http://globovision.com/article/iggy-azalea-y-ex-de-khloe-kardashian-vistos-muy-acaramelados-en-mexico</post_url>
<post_date>20160830</post_date>
<post_time></post_time>
<username></username>
<post>
Iggy Azalea y ex de Khloé Kardashian vistos &quot;muy acaramelados&quot; en México 
Fuente: People en Español 30-08-2016 10:51AM Agencias El ex de Khloé Kardashian, French Montana, y la cantante Iggy Azalea se fueron de vacaciones a México. 
Azalea, de 26 años, y el rapero de 31, han divulgado varias imágenes de su viaje a Cabo San Lucas en donde se los ve en actitud muy cariñosa. “Iggy y French están pasando tiempo juntos y disfrutando por el momento. No es una relación seria”, reveló una fuente a la revista People ante los rumores de un posible romance entre la australiana y el ex de Khloé. 
En junio, Azalea terminó su compromiso con el basquetbolista Nick Young luego que el atleta se viera envuelto en un escándalo de infidelidad. “Desafortunadamente aunque amo a Nick y he intentado recuperar mi confianza en él – se ha hecho aparente en las últimas semanas, no lo he logrado. Genuinamente le deseo a Nick lo mejor. Nunca es fácil partir [de] la persona con quien planeaste todo tu futuro, pero los futuros se pueden volver a escribir y a partir de hoy, el mío es una página en blanco”, escribió Iggy en su cuenta de Instagram. Notas Relacionadas 
</post>
<signature>

</signature>
<external_links>

</external_links>
<country>US</country>
<main_image>http://imgs.globovision.com/x3Ua1w64Up4s3kihX4hp--83LZo=/847x0/smart/108571aedf3a4e5cade738e82ace00f0</main_image>
</document>
