<?xml version="1.0" encoding="UTF-8"?>
<document>
<type>mainstream</type>
<forum>http://www.yeniasya.com.tr/rss/manset</forum>
<forum_title>Yeni Asya - Haberler</forum_title>
<discussion_title>Türk hakim Yunanistan&apos;a botla kaçtı!</discussion_title>
<language>turkish</language>
<gmt_offset></gmt_offset>
<topic_url>http://www.yeniasya.com.tr/gundem/turk-hakim-yunanistan-a-botla-kacti_408509</topic_url>
<topic_text>
 58 Bir Türk hakimin, yasa dışı yollarla Yunanistan&apos;ın Sakız Adası&apos;na geçerek sığınma talebinde bulunduğu bildirildi. 
Sakız Adası Sahil Güvenlik biriminden edinilen bilgiye göre, 50 yaşındaki hakim, sabah 06.00&apos;da, 6 Suriyeli göçmeni taşıyan bir botla adanın Aya Eleni sahiline vardı. 
Sahil Güvenlik ekiplerince merkeze getirilen hakimin, siyasi sığınma talebinde bulunmak istediği kaydedildi. 
Yetkililer hakimin, ülkeye yasa dışı giriş yapmak suçlamasıyla savcılığa sevk edildiğini belirtti. 
Yunan basınına göre hakim, sığınma talebi işlemleri sebebiyle başkent Atina&apos;ya getirilecek. 
AA
</topic_text>
<spam_score>0.00</spam_score>
<post_num>1</post_num>
<post_id>post-1</post_id>
<post_url>http://www.yeniasya.com.tr/gundem/turk-hakim-yunanistan-a-botla-kacti_408509</post_url>
<post_date>20160830</post_date>
<post_time>1458</post_time>
<username></username>
<post>
 58 Bir Türk hakimin, yasa dışı yollarla Yunanistan&apos;ın Sakız Adası&apos;na geçerek sığınma talebinde bulunduğu bildirildi. 
Sakız Adası Sahil Güvenlik biriminden edinilen bilgiye göre, 50 yaşındaki hakim, sabah 06.00&apos;da, 6 Suriyeli göçmeni taşıyan bir botla adanın Aya Eleni sahiline vardı. 
Sahil Güvenlik ekiplerince merkeze getirilen hakimin, siyasi sığınma talebinde bulunmak istediği kaydedildi. 
Yetkililer hakimin, ülkeye yasa dışı giriş yapmak suçlamasıyla savcılığa sevk edildiğini belirtti. 
Yunan basınına göre hakim, sığınma talebi işlemleri sebebiyle başkent Atina&apos;ya getirilecek. 
AA
</post>
<signature>

</signature>
<external_links>

</external_links>
<country>TR</country>
<main_image>http://www.yeniasya.com.tr/Sites/YeniAsya/Upload/images/Content/2016/08/30/57c58248c03c0e1d4cf998a9.jpg</main_image>
</document>
