<?xml version="1.0" encoding="UTF-8"?>
<document>
<type>mainstream</type>
<forum></forum>
<forum_title></forum_title>
<discussion_title>Sicherheitsfragen - Technik - Beschaffenheit von Trucks - Forum-Speditionen | Das größte Forum der Transportbranche</discussion_title>
<language>german</language>
<gmt_offset></gmt_offset>
<topic_url>http://www.forum-speditionen.de/board/72-sicherheitsfragen-technik-beschaffenheit-von-trucks/?s=34e337642557180546887301455531461e3cd521</topic_url>
<topic_text>
Diese Seite verwendet Cookies. Durch die Nutzung unserer Seite erklären Sie sich damit einverstanden, dass wir Cookies setzen. Weitere Informationen 1 Seite 1 von 17 
</topic_text>
<spam_score>0.05</spam_score>
<post_num>1</post_num>
<post_id>post-1</post_id>
<post_url>http://www.forum-speditionen.de/board/72-sicherheitsfragen-technik-beschaffenheit-von-trucks/?s=34e337642557180546887301455531461e3cd521</post_url>
<post_date>20160703</post_date>
<post_time></post_time>
<username></username>
<post>
Diese Seite verwendet Cookies. Durch die Nutzung unserer Seite erklären Sie sich damit einverstanden, dass wir Cookies setzen. Weitere Informationen 1 Seite 1 von 17 
</post>
<signature>

</signature>
<external_links>

</external_links>
<country>DE</country>
<main_image></main_image>
</document>
