<?xml version="1.0" encoding="UTF-8"?>
<document>
<type>mainstream</type>
<forum>https://www.youcaring.com/fundraisers/nonprofits</forum>
<forum_title>Nonprofits Fundraisers | YouCaring</forum_title>
<discussion_title>Bacardi Needs Speciality Surgery on a Bilateral Hernia</discussion_title>
<language>english</language>
<gmt_offset></gmt_offset>
<topic_url>https://www.youcaring.com/bacardi-giggles-635952</topic_url>
<topic_text>
0 shares The Story Okay guys....here&apos;s the deal....we&apos;ve two medical cases that have taken a turn and we need some help to save these dogs.
First is Bacardi who came to us a seemingly healthy dog and it was discovered that he has a severe and rare bilateral hernia that is massive and requires a very specialized surgery. We got the estimate for that surgery today and it is $2600. So, I was going to do a fundraiser for that tonight....then the phone rang.
This Saturday we brought in Yachi, who was emaciated and had scabies....not an expensive combo to treat, just takes time, patience and some serious TLC....however, this evening she bottomed out and began seizing and is now in critical condition at the emergency clinic with a low end estimate of $1600 just for 24 hours of care.
I don&apos;t have time for stories to capture your heart tonight. It&apos;s late and this was all unexpected and we need to raise the money for these two. I&apos;m going to start our fundraiser off at $5k for the both of them and if Yachi&apos;s bill continues to grow we will keep you updated and raise the goal.
Let&apos;s show them what Snooty Strong means and how when a virtual family comes together....single dollars add up to miracles!!!!
</topic_text>
<spam_score>0.51</spam_score>
<post_num>1</post_num>
<post_id>post-1</post_id>
<post_url>https://www.youcaring.com/bacardi-giggles-635952</post_url>
<post_date>20150831</post_date>
<post_time></post_time>
<username>Snooty Giggles Dog Rescue</username>
<post>
0 shares The Story Okay guys....here&apos;s the deal....we&apos;ve two medical cases that have taken a turn and we need some help to save these dogs.
First is Bacardi who came to us a seemingly healthy dog and it was discovered that he has a severe and rare bilateral hernia that is massive and requires a very specialized surgery. We got the estimate for that surgery today and it is $2600. So, I was going to do a fundraiser for that tonight....then the phone rang.
This Saturday we brought in Yachi, who was emaciated and had scabies....not an expensive combo to treat, just takes time, patience and some serious TLC....however, this evening she bottomed out and began seizing and is now in critical condition at the emergency clinic with a low end estimate of $1600 just for 24 hours of care.
I don&apos;t have time for stories to capture your heart tonight. It&apos;s late and this was all unexpected and we need to raise the money for these two. I&apos;m going to start our fundraiser off at $5k for the both of them and if Yachi&apos;s bill continues to grow we will keep you updated and raise the goal.
Let&apos;s show them what Snooty Strong means and how when a virtual family comes together....single dollars add up to miracles!!!!
</post>
<signature>

</signature>
<external_links>
<external_link>https://twitter.com/intent/tweet?text=Bacardi</external_link><external_link>https://www.facebook.com/sharer/sharer.php?u=https%3a%2f%2fwww.youcaring.com%2fbacardi-giggles-635952</external_link>
</external_links>
<country>US</country>
<main_image>https://static.youcaring.com/api/uploads/fundraisers/635952/7940b3bf-0c83-41a8-b986-bc0813fab3ca_profile.jpg</main_image>
</document>
