<?xml version="1.0" encoding="UTF-8"?>
<document>
<type>mainstream</type>
<forum>http://www.figyel.hu/rss.xml</forum>
<forum_title>[figyel.hu] - Hírek, percről percre. - RSS szolgáltatás</forum_title>
<discussion_title>A brit kereskedők visszatérnének a &quot;birodalmi&quot; mértékegységekhez</discussion_title>
<language>hungarian</language>
<gmt_offset></gmt_offset>
<topic_url>http://www.figyel.hu/hirek/a-brit-kereskedok-visszaternenek-a-birodalmi-mertekegysegekhez</topic_url>
<topic_text>
A brit kereskedők visszatérnének a &quot;birodalmi&quot; mértékegységekhez   Egyre több brit kereskedő szeretne visszatérni a régi, &quot;birodalmi&quot; mértékegységek - többek között a font, az uncia, a pint, a láb vagy a hüvelyk - kizárólagos használatához, miután a brit EU-tagságról június végén tartott népszavazáson a választók többsége a kilépésre voksolt. tovább&gt;&gt;
</topic_text>
<spam_score>0.00</spam_score>
<post_num>1</post_num>
<post_id>post-1</post_id>
<post_url>http://www.figyel.hu/hirek/a-brit-kereskedok-visszaternenek-a-birodalmi-mertekegysegekhez</post_url>
<post_date>20160830</post_date>
<post_time>1424</post_time>
<username></username>
<post>
A brit kereskedők visszatérnének a &quot;birodalmi&quot; mértékegységekhez   Egyre több brit kereskedő szeretne visszatérni a régi, &quot;birodalmi&quot; mértékegységek - többek között a font, az uncia, a pint, a láb vagy a hüvelyk - kizárólagos használatához, miután a brit EU-tagságról június végén tartott népszavazáson a választók többsége a kilépésre voksolt. tovább&gt;&gt;
</post>
<signature>

</signature>
<external_links>

</external_links>
<country>HU</country>
<main_image>http://www.figyel.hu/image/logo/logo_120x240.gif</main_image>
</document>
