<?xml version="1.0" encoding="UTF-8"?>
<document>
<type>mainstream</type>
<forum>http://mddailyrecord.com/feed/</forum>
<forum_title>Maryland Daily Record</forum_title>
<discussion_title>August 30, 2016</discussion_title>
<language>english</language>
<gmt_offset></gmt_offset>
<topic_url>http://thedailyrecord.com/2016/08/30/august-30-2016/</topic_url>
<topic_text>
By: Daily Record Staff August 30, 2016  
</topic_text>
<spam_score>0.00</spam_score>
<post_num>1</post_num>
<post_id>post-1</post_id>
<post_url>http://thedailyrecord.com/2016/08/30/august-30-2016/</post_url>
<post_date>20160830</post_date>
<post_time>1425</post_time>
<username>Daily Record Staff</username>
<post>
By: Daily Record Staff August 30, 2016  
</post>
<signature>

</signature>
<external_links>

</external_links>
<country>US</country>
<main_image>http://thedailyrecord.com/files/2016/08/083016-146x200.jpg</main_image>
</document>
