<?xml version="1.0" encoding="UTF-8"?>
<document>
<type>mainstream</type>
<forum></forum>
<forum_title></forum_title>
<discussion_title>M6 : &quot;Chasseurs d&apos;apart&quot;, avec Stéphane Plaza, lance un casting à Bordeaux - SudOuest.fr</discussion_title>
<language>french</language>
<gmt_offset></gmt_offset>
<topic_url>http://www.sudouest.fr/2016/08/30/m6-chasseurs-d-apart-avec-stephane-plaza-lance-un-casting-a-bordeaux-2483163-2780.php</topic_url>
<topic_text>
Stéphane Plaza © Cyril Plotnikoff/M6 La quotidienne de M6 est en quête de personnes recherchant un bien immobilier à Bordeaux et ses alentours 
L &apos;émission &quot;Chasseurs d&apos;appart&quot; , sur M6 , propose à des particuliers de bénéficier dans leur recherche d&apos;un bien immobilier du précieux concours de l&apos;animateur et agent immobilier Stéphane Plaza . En échange, bien sûr, d&apos;un passage à la télévision à une heure de grande écoute. 
Publicité 
Régulièrement délocalisé dans les grandes villes de province, le programme revient à Bordeaux et ses alentours (30 km) pour y tourner une série d&apos;épisodes. Sans doute de quoi une nouvelle fois constater que les prix de l&apos;immobilier explosent dans la capitale de la Nouvelle Aquitaine... 
Pour y participer , il faut envoyer un mail à chasseursdappart.bordeaux@gmail.com en y précisant nom, prénom, âge, ville, n° de téléphone et joindre une photo. La rédaction vous conseille 
</topic_text>
<spam_score>0.01</spam_score>
<post_num>1</post_num>
<post_id>post-1</post_id>
<post_url>http://www.sudouest.fr/2016/08/30/m6-chasseurs-d-apart-avec-stephane-plaza-lance-un-casting-a-bordeaux-2483163-2780.php</post_url>
<post_date>20160830</post_date>
<post_time></post_time>
<username></username>
<post>
Stéphane Plaza © Cyril Plotnikoff/M6 La quotidienne de M6 est en quête de personnes recherchant un bien immobilier à Bordeaux et ses alentours 
L &apos;émission &quot;Chasseurs d&apos;appart&quot; , sur M6 , propose à des particuliers de bénéficier dans leur recherche d&apos;un bien immobilier du précieux concours de l&apos;animateur et agent immobilier Stéphane Plaza . En échange, bien sûr, d&apos;un passage à la télévision à une heure de grande écoute. 
Publicité 
Régulièrement délocalisé dans les grandes villes de province, le programme revient à Bordeaux et ses alentours (30 km) pour y tourner une série d&apos;épisodes. Sans doute de quoi une nouvelle fois constater que les prix de l&apos;immobilier explosent dans la capitale de la Nouvelle Aquitaine... 
Pour y participer , il faut envoyer un mail à chasseursdappart.bordeaux@gmail.com en y précisant nom, prénom, âge, ville, n° de téléphone et joindre une photo. La rédaction vous conseille 
</post>
<signature>

</signature>
<external_links>

</external_links>
<country>FR</country>
<main_image></main_image>
</document>
