<?xml version="1.0" encoding="UTF-8"?>
<document>
<type>mainstream</type>
<forum>http://www.abendblatt.de/?service=Rss</forum>
<forum_title>Hamburger Abendblatt</forum_title>
<discussion_title>Attacke: AfD-Sprecher in Hittfeld mit gefrorener Torte beworfen</discussion_title>
<language>german</language>
<gmt_offset></gmt_offset>
<topic_url>http://www.abendblatt.de/hamburg/harburg/article208154257/AfD-Sprecher-in-Hittfeld-mit-gefrorener-Torte-beworfen.html</topic_url>
<topic_text>
AfD-Sprecher in Hittfeld mit gefrorener Torte beworfen Von Christiane Tauer Foto: Christoph Schmidt / picture alliance / dpa 
Jörg Meuthen, Fraktionsvorsitzender der Partei Alternative für Deutschland (AfD) 0 0 Der Angreifer konnte identifiziert werden. Laut Polizei handelt es sich um einen 17-Jährigen, der der linken Szene angehört. Jetzt bestellen und flexibel weiterlesen Im Digital-Komplett-Paket App für Tablet und Smartphone Auf allen Geräten verfügbar
</topic_text>
<spam_score>0.00</spam_score>
<post_num>1</post_num>
<post_id>post-1</post_id>
<post_url>http://www.abendblatt.de/hamburg/harburg/article208154257/AfD-Sprecher-in-Hittfeld-mit-gefrorener-Torte-beworfen.html</post_url>
<post_date>20160830</post_date>
<post_time>1343</post_time>
<username></username>
<post>
AfD-Sprecher in Hittfeld mit gefrorener Torte beworfen Von Christiane Tauer Foto: Christoph Schmidt / picture alliance / dpa 
Jörg Meuthen, Fraktionsvorsitzender der Partei Alternative für Deutschland (AfD) 0 0 Der Angreifer konnte identifiziert werden. Laut Polizei handelt es sich um einen 17-Jährigen, der der linken Szene angehört. Jetzt bestellen und flexibel weiterlesen Im Digital-Komplett-Paket App für Tablet und Smartphone Auf allen Geräten verfügbar
</post>
<signature>

</signature>
<external_links>

</external_links>
<country>DE</country>
<main_image>http://img.abendblatt.de/img/harburg/crop208154255/2622603919-w820-cv16_9-q85/81829161-a654dc3d-77e6-4fd3-a269-b91736751482-021.jpg</main_image>
</document>
