<?xml version="1.0" encoding="UTF-8"?>
<document>
<type>mainstream</type>
<forum>http://www.ecuadorenvivo.com/index.php?format=feed&amp;type=rss</forum>
<forum_title>Noticias Ecuador - Ecuador en vivo - Portada</forum_title>
<discussion_title>Político paquistaní preso jura como alcalde de Karachi y regresa a prisión</discussion_title>
<language>spanish</language>
<gmt_offset></gmt_offset>
<topic_url>http://www.ecuadorenvivo.com/internacional/37-/51043-politico-paquistani-preso-jura-como-alcalde-de-karachi-y-regresa-a-prision.html</topic_url>
<topic_text>
Detalles   
El político paquistaní Waseen Akhtar, preso desde hace un mes por unas revueltas sucedidas hace nueve años, juró hoy como alcalde de Karachi, la mayor ciudad de Pakistán, en un acto al que fue llevado entre fuertes medidas de seguridad por la Policía y a cuyo término regresó a la cárcel. 
Akhtar, del partido Muttahida Qaumi Movement (MQM), juró su cargo en un acto al que asistieron diplomáticos, empresarios y líderes políticos en el que aprovechó para defender su inocencia, mientras continúan las operaciones policiales contra su partido. 
&quot;Desafortunadamente estoy en prisión, pero lo cargos son falsos. Presentaré una apelación contra mi detención&quot;, afirmó el alcalde en una rueda de prensa. 
La mayoría de los representantes de los 308 consejos municipales de Karachi, la capital económica y la urbe más rica de Pakistán, eligieron el pasado miércoles a Akhtar, gracias a los 204 apoyos que logró en las elecciones municipales de diciembre. 
Akhtar fue detenido hace un mes acusado de instigar los disturbios que en 2007 causaron alrededor de 40 muertos en Karachi y de supuestamente ofrecer cuidados médicos a terroristas buscados por la justicia, unos cargos que el nuevo alcalde atribuye a &quot;motivos políticos&quot;. 
El Ejército lanzó en 2013 una operación contra el crimen en Karachi, ciudad con una alta criminalidad y donde, de acuerdo con el Gobierno, organizaciones criminales se habían infiltrado en agrupaciones políticas. 
El MQM sostiene que esa operación está dirigida contra ellos y ha denunciado asesinatos extrajudiciales y detenciones injustificadas. 
Las fuerzas de seguridad acusan al partido de ser una organización delictiva, infiltrada por organizaciones criminales y de cometer asesinatos. 
En los últimos días, la Policía ha cerrado 200 oficinas del MQM y demolido otras 32 por estar supuestamente construidas de forma ilegal. 
Karachi, capital de la provincia de Sindh, acoge a unos 20 millones de personas, una tercera parte de la industria del país, la bolsa, los principales aeropuerto y puerto, y genera en torno a un 25 % del PIB nacional. 
La ciudad no contaba con un alcalde desde 2010, cuando tras el fin del mandato de un burgomaestre del MQM no se volvieron a celebrar elecciones y desde entonces la urbe ha estado regida por autoridades elegidas desde Islamabad. (Islamabad/EFE) 0
</topic_text>
<spam_score>0.00</spam_score>
<post_num>1</post_num>
<post_id>post-1</post_id>
<post_url>http://www.ecuadorenvivo.com/internacional/37-/51043-politico-paquistani-preso-jura-como-alcalde-de-karachi-y-regresa-a-prision.html</post_url>
<post_date>20160830</post_date>
<post_time>1429</post_time>
<username>jaime.teran@ecuadorenvivo.com (Jaime Teran)</username>
<post>
Detalles   
El político paquistaní Waseen Akhtar, preso desde hace un mes por unas revueltas sucedidas hace nueve años, juró hoy como alcalde de Karachi, la mayor ciudad de Pakistán, en un acto al que fue llevado entre fuertes medidas de seguridad por la Policía y a cuyo término regresó a la cárcel. 
Akhtar, del partido Muttahida Qaumi Movement (MQM), juró su cargo en un acto al que asistieron diplomáticos, empresarios y líderes políticos en el que aprovechó para defender su inocencia, mientras continúan las operaciones policiales contra su partido. 
&quot;Desafortunadamente estoy en prisión, pero lo cargos son falsos. Presentaré una apelación contra mi detención&quot;, afirmó el alcalde en una rueda de prensa. 
La mayoría de los representantes de los 308 consejos municipales de Karachi, la capital económica y la urbe más rica de Pakistán, eligieron el pasado miércoles a Akhtar, gracias a los 204 apoyos que logró en las elecciones municipales de diciembre. 
Akhtar fue detenido hace un mes acusado de instigar los disturbios que en 2007 causaron alrededor de 40 muertos en Karachi y de supuestamente ofrecer cuidados médicos a terroristas buscados por la justicia, unos cargos que el nuevo alcalde atribuye a &quot;motivos políticos&quot;. 
El Ejército lanzó en 2013 una operación contra el crimen en Karachi, ciudad con una alta criminalidad y donde, de acuerdo con el Gobierno, organizaciones criminales se habían infiltrado en agrupaciones políticas. 
El MQM sostiene que esa operación está dirigida contra ellos y ha denunciado asesinatos extrajudiciales y detenciones injustificadas. 
Las fuerzas de seguridad acusan al partido de ser una organización delictiva, infiltrada por organizaciones criminales y de cometer asesinatos. 
En los últimos días, la Policía ha cerrado 200 oficinas del MQM y demolido otras 32 por estar supuestamente construidas de forma ilegal. 
Karachi, capital de la provincia de Sindh, acoge a unos 20 millones de personas, una tercera parte de la industria del país, la bolsa, los principales aeropuerto y puerto, y genera en torno a un 25 % del PIB nacional. 
La ciudad no contaba con un alcalde desde 2010, cuando tras el fin del mandato de un burgomaestre del MQM no se volvieron a celebrar elecciones y desde entonces la urbe ha estado regida por autoridades elegidas desde Islamabad. (Islamabad/EFE) 0
</post>
<signature>

</signature>
<external_links>

</external_links>
<country>US</country>
<main_image></main_image>
</document>
