<?xml version="1.0" encoding="UTF-8"?>
<document>
<type>mainstream</type>
<forum>http://www.wcax.com/category/13536/technology-news</forum>
<forum_title>Technology &amp;amp; Science News - WCAX.COM Local Vermont News, Weather and Sports-</forum_title>
<discussion_title>Poland investigates massive download of personal data</discussion_title>
<language>english</language>
<gmt_offset></gmt_offset>
<topic_url>http://www.wcax.com/story/32877623/poland-investigates-massive-download-of-personal-data</topic_url>
<topic_text>
WARSAW, Poland (AP) - Prosecutors and other state security officials in Poland are investigating unprecedented massive night downloading by bailiffs of personal data of some 1.4 million Poles.
Officials say so far they have found no evidence of crime or of a hacking attack on the so-called PESEL state-run data base that stores the names, addresses and personal ID numbers of every Polish citizen. The data is needed for official procedures but also to draw bank loans. Lawyers were advising people to check for any suspicious transactions.
Digital Affairs Minister Anna Strezynska was meeting Tuesday with bailiffs&apos; authorities to ask for an explanation for the massive downloads. Bailiffs are authorized to access the PESEL data base.
Strezynska said she was treating the matter seriously but there were no indications yet of any crime.
 
</topic_text>
<spam_score>0.00</spam_score>
<post_num>1</post_num>
<post_id>post-1</post_id>
<post_url>http://www.wcax.com/story/32877623/poland-investigates-massive-download-of-personal-data</post_url>
<post_date>20160830</post_date>
<post_time></post_time>
<username>wcax.com</username>
<post>
WARSAW, Poland (AP) - Prosecutors and other state security officials in Poland are investigating unprecedented massive night downloading by bailiffs of personal data of some 1.4 million Poles.
Officials say so far they have found no evidence of crime or of a hacking attack on the so-called PESEL state-run data base that stores the names, addresses and personal ID numbers of every Polish citizen. The data is needed for official procedures but also to draw bank loans. Lawyers were advising people to check for any suspicious transactions.
Digital Affairs Minister Anna Strezynska was meeting Tuesday with bailiffs&apos; authorities to ask for an explanation for the massive downloads. Bailiffs are authorized to access the PESEL data base.
Strezynska said she was treating the matter seriously but there were no indications yet of any crime.
 
</post>
<signature>

</signature>
<external_links>

</external_links>
<country>US</country>
<main_image></main_image>
</document>
