<?xml version="1.0" encoding="UTF-8"?>
<document>
<type>mainstream</type>
<forum>http://handelsblatt.com//contentexport/feed/top-themen/</forum>
<forum_title>Handelsblatt Online Top-Themen</forum_title>
<discussion_title>Verwaltungsratschef Urs Rohner: „Operation am offenen Herzen der Credit Suisse“</discussion_title>
<language>german</language>
<gmt_offset></gmt_offset>
<topic_url>http://www.handelsblatt.com/my/unternehmen/banken-versicherungen/verwaltungsratschef-urs-rohner-operation-am-offenen-herzen-der-credit-suisse/14475446.html?ticket=ST-34713-QrZxPmNe1vbNn3OZ7DNR-ap2</topic_url>
<topic_text>
Play Credit-Suisse-Verwaltungsrat Urs Rohner : „Niedrigzinsen sind per se nicht gut“ Gebräunt, gut gelaunt und gesprächsfreudig präsentiert sich Urs Rohner in der Credit-Suisse-Zentrale am Züricher Paradeplatz. Munter plaudert der Verwaltungsratschef darüber, dass seine Branche vielen wohl auch deshalb fremd sei, weil sie vor Anglizismen nur so strotze. Meistens suche er selbst verzweifelt nach einem deutschen Fachbegriff, der nicht zu bürokratisch klingt. Allerdings sei die Sprache noch das geringste Problem der mit Vertrauensverlusten, Negativzinsen und einer schärferen Regulierung kämpfenden Banken, räumt der 56 Jahre alte Fan von Filmklassikern ein. 
Herr Rohner, die Stadtverwaltung im schweizerischen Zug hat angekündigt, dass die Bewohner der Stadt ihre Rechnungen künftig auch in der Digitalwährung Bitcoin bezahlen... 
News Kolumnen Bilanzcheck 16:53 Uhr Verwaltungsratschef Urs Rohner : Premium „Operation am offenen Herzen der Credit Suisse“ 16:43 Uhr Neue Mobilitätskonzepte : Premium Wie Chinas Autohersteller Audi, BMW und Mercedes angreifen 16:26 Uhr Mitsubishi : Sprit-Skandal betrifft acht weitere Modelle 16:06 Uhr Rheinmetall : Rüstungskonzern will auch die Polizei ausrüsten 15:51 Uhr Musik-Streaming : Besser hören mit Amazon? 15:26 Uhr Versicherungen : Europäer zahlen 1,2 Billionen Euro Prämien im Jahr 15:10 Uhr Hartmut Mehdorn : Ex-Bahnchef bestreitet Einmischung beim Schienenkartell 13:42 Uhr Valley Voice : Uber gegen Google – ein Duell auf der Straße 13:08 Uhr Nach Lieferstreit mit Prevent : VW stellt den Einkauf auf den Prüfstand 12:38 Uhr Goldman Sachs und José Manuel Barroso : „Nicht in unserem Namen“ 12:34 Uhr Ephy-Mess-Chef Andreas Becker : Premium Glaube, Ehre, Pflicht 11:56 Uhr Mängel bei Tank &amp; Rast : „Wir nehmen die Wurst noch mal für die Soljanka“ 11:40 Uhr Marianne Burmester : Premium Die Hüterin des Familienerbes 11:39 Uhr VTG : Waggonvermieter senkt die Umsatzprognose 11:33 Uhr Strafzinsen : Hält die Wagenburg der Sparkassen? 10:43 Uhr Deutsche Wirtschaft : Tourismus keine Alleinlösung für strukturschwache Regionen 10:41 Uhr Fintech-Ticker : Frisches Geld für Finanz-Start-ups 10:07 Uhr Obskure Produkte bei Facebook : Kugelsichere Turnbeutel und Economy-Schlafstützen 10:04 Uhr VW und Dieselgate : Müller sieht nur die Fehler der anderen 08:54 Uhr Mondelez scheitert bei Hershey : Schoko-Tradition verpflichtet Alle Schlagzeilen Videos Bilder Umweltschutz und Kreuzfahrten : Wie umweltschädlich sind deutsche Kreuzfahrtschiffe? EU bittet Apple zur Kasse : 13 Milliarden Euro Steuernachzahlung für Apple Weitere Videos Mehr zu: Verwaltungsratschef Urs Rohner - „Operation am offenen Herzen der Credit Suisse“ Organisation Themen Branchen Deutsche Bank verliert China-Experten : Credit Suisse verstärkt Asien-Team Stichwort: Deutsche Bank Japanische Lebensversicherer : Premium Pioniere wider Willen Stichwort: Deutsche Bank Credit Suisse : Ex-Mitarbeiter bekennt sich im US-Steuerprozess für schuldig Stichwort: Credit Suisse Bankgehälter in London : Exoten-Händler verdienen am besten Stichwort: Credit Suisse Umbau bei der Credit Suisse : Premium Schweizer Misstöne Stichwort: Credit Suisse
</topic_text>
<spam_score>0.00</spam_score>
<post_num>1</post_num>
<post_id>post-1</post_id>
<post_url>http://www.handelsblatt.com/my/unternehmen/banken-versicherungen/verwaltungsratschef-urs-rohner-operation-am-offenen-herzen-der-credit-suisse/14475446.html?ticket=ST-34713-QrZxPmNe1vbNn3OZ7DNR-ap2</post_url>
<post_date>20160830</post_date>
<post_time>1653</post_time>
<username>handelsblatt.com</username>
<post>
Play Credit-Suisse-Verwaltungsrat Urs Rohner : „Niedrigzinsen sind per se nicht gut“ Gebräunt, gut gelaunt und gesprächsfreudig präsentiert sich Urs Rohner in der Credit-Suisse-Zentrale am Züricher Paradeplatz. Munter plaudert der Verwaltungsratschef darüber, dass seine Branche vielen wohl auch deshalb fremd sei, weil sie vor Anglizismen nur so strotze. Meistens suche er selbst verzweifelt nach einem deutschen Fachbegriff, der nicht zu bürokratisch klingt. Allerdings sei die Sprache noch das geringste Problem der mit Vertrauensverlusten, Negativzinsen und einer schärferen Regulierung kämpfenden Banken, räumt der 56 Jahre alte Fan von Filmklassikern ein. 
Herr Rohner, die Stadtverwaltung im schweizerischen Zug hat angekündigt, dass die Bewohner der Stadt ihre Rechnungen künftig auch in der Digitalwährung Bitcoin bezahlen... 
News Kolumnen Bilanzcheck 16:53 Uhr Verwaltungsratschef Urs Rohner : Premium „Operation am offenen Herzen der Credit Suisse“ 16:43 Uhr Neue Mobilitätskonzepte : Premium Wie Chinas Autohersteller Audi, BMW und Mercedes angreifen 16:26 Uhr Mitsubishi : Sprit-Skandal betrifft acht weitere Modelle 16:06 Uhr Rheinmetall : Rüstungskonzern will auch die Polizei ausrüsten 15:51 Uhr Musik-Streaming : Besser hören mit Amazon? 15:26 Uhr Versicherungen : Europäer zahlen 1,2 Billionen Euro Prämien im Jahr 15:10 Uhr Hartmut Mehdorn : Ex-Bahnchef bestreitet Einmischung beim Schienenkartell 13:42 Uhr Valley Voice : Uber gegen Google – ein Duell auf der Straße 13:08 Uhr Nach Lieferstreit mit Prevent : VW stellt den Einkauf auf den Prüfstand 12:38 Uhr Goldman Sachs und José Manuel Barroso : „Nicht in unserem Namen“ 12:34 Uhr Ephy-Mess-Chef Andreas Becker : Premium Glaube, Ehre, Pflicht 11:56 Uhr Mängel bei Tank &amp; Rast : „Wir nehmen die Wurst noch mal für die Soljanka“ 11:40 Uhr Marianne Burmester : Premium Die Hüterin des Familienerbes 11:39 Uhr VTG : Waggonvermieter senkt die Umsatzprognose 11:33 Uhr Strafzinsen : Hält die Wagenburg der Sparkassen? 10:43 Uhr Deutsche Wirtschaft : Tourismus keine Alleinlösung für strukturschwache Regionen 10:41 Uhr Fintech-Ticker : Frisches Geld für Finanz-Start-ups 10:07 Uhr Obskure Produkte bei Facebook : Kugelsichere Turnbeutel und Economy-Schlafstützen 10:04 Uhr VW und Dieselgate : Müller sieht nur die Fehler der anderen 08:54 Uhr Mondelez scheitert bei Hershey : Schoko-Tradition verpflichtet Alle Schlagzeilen Videos Bilder Umweltschutz und Kreuzfahrten : Wie umweltschädlich sind deutsche Kreuzfahrtschiffe? EU bittet Apple zur Kasse : 13 Milliarden Euro Steuernachzahlung für Apple Weitere Videos Mehr zu: Verwaltungsratschef Urs Rohner - „Operation am offenen Herzen der Credit Suisse“ Organisation Themen Branchen Deutsche Bank verliert China-Experten : Credit Suisse verstärkt Asien-Team Stichwort: Deutsche Bank Japanische Lebensversicherer : Premium Pioniere wider Willen Stichwort: Deutsche Bank Credit Suisse : Ex-Mitarbeiter bekennt sich im US-Steuerprozess für schuldig Stichwort: Credit Suisse Bankgehälter in London : Exoten-Händler verdienen am besten Stichwort: Credit Suisse Umbau bei der Credit Suisse : Premium Schweizer Misstöne Stichwort: Credit Suisse
</post>
<signature>

</signature>
<external_links>

</external_links>
<country>DE</country>
<main_image>http://www.handelsblatt.com/images/urs-rohner/14475456/3-format2010.jpg</main_image>
</document>
