<?xml version="1.0" encoding="UTF-8"?>
<document>
<type>mainstream</type>
<forum>http://www.intunemonthly.com/feed</forum>
<forum_title>In Tune Monthly</forum_title>
<discussion_title>Telly Leung, Justin Guarini Among Cast of A Cappella Broadway Musical</discussion_title>
<language>english</language>
<gmt_offset></gmt_offset>
<topic_url>http://www.intunemonthly.com/telly-leung-justin-guarini-among-cast-of-a-cappella-broadway-musical/</topic_url>
<topic_text>
Deb Galante Block 
“In Transit,’ the incoming a cappella Broadway musical about the intertwining paths of eleven young New Yorkers, has announced a cast that includes Justin Guarini (Women on the Verge of a Nervous Breakdown; American Idol), Telly Leung (Allegiance) and Erin Mackey (Amazing Grace), according to Playbill.com. 
The show, whose creative team includes Academy Award winner Kristen Anderson-Lopez (Frozen), also stars David Abeles (Once), 2016 America’s Got Talent contestant Moya Angela (Ghost The Musical), 2012 American Beatbox Vice Champion Steven “HeaveN” Cantor (Broadway debut), Gerianne Pérez (Broadway debut), Margo Seibert (Rocky), Chesney Snow (Broadway debut), James Snyder (If/Then), Mariand Torres (Broadway debut), Nicholas Ward (On the Town), Adam Bashian (Broadway debut), Laurel Harris (Beautiful) and Aurelia Williams (Broadway debut). 
With a book, music and lyrics by Anderson-Lopez, James-Allen Ford, Russ Kaplan and Sara Wordsworth, vocal arrangements by Deke Sharon (Pitch Perfect, The Sing-Off) and musical supervision by Rick Hip-Flores (Rocky), In Transit will be directed and choreographed by three-time Tony Award winner Kathleen Marshall (Anything Goes, Nice Work If You Can Get It). 
Featuring an a cappella score, “In Transit,” according to press notes, is a “new, modern musical bringing to life a vivid tapestry of characters and music in the city that never sleeps…or stands still. Inspired by the vibrant rhythms of life on the subway, In Transit follows the intertwining lives of eleven New Yorkers, all hoping to catch the express train to success, love and happiness…and the stops they make along the way.” 
Visit InTransitBroadway.com.  
</topic_text>
<spam_score>0.00</spam_score>
<post_num>1</post_num>
<post_id>post-1</post_id>
<post_url>http://www.intunemonthly.com/telly-leung-justin-guarini-among-cast-of-a-cappella-broadway-musical/</post_url>
<post_date>20160830</post_date>
<post_time>1424</post_time>
<username>Deb Galante Block</username>
<post>
Deb Galante Block 
“In Transit,’ the incoming a cappella Broadway musical about the intertwining paths of eleven young New Yorkers, has announced a cast that includes Justin Guarini (Women on the Verge of a Nervous Breakdown; American Idol), Telly Leung (Allegiance) and Erin Mackey (Amazing Grace), according to Playbill.com. 
The show, whose creative team includes Academy Award winner Kristen Anderson-Lopez (Frozen), also stars David Abeles (Once), 2016 America’s Got Talent contestant Moya Angela (Ghost The Musical), 2012 American Beatbox Vice Champion Steven “HeaveN” Cantor (Broadway debut), Gerianne Pérez (Broadway debut), Margo Seibert (Rocky), Chesney Snow (Broadway debut), James Snyder (If/Then), Mariand Torres (Broadway debut), Nicholas Ward (On the Town), Adam Bashian (Broadway debut), Laurel Harris (Beautiful) and Aurelia Williams (Broadway debut). 
With a book, music and lyrics by Anderson-Lopez, James-Allen Ford, Russ Kaplan and Sara Wordsworth, vocal arrangements by Deke Sharon (Pitch Perfect, The Sing-Off) and musical supervision by Rick Hip-Flores (Rocky), In Transit will be directed and choreographed by three-time Tony Award winner Kathleen Marshall (Anything Goes, Nice Work If You Can Get It). 
Featuring an a cappella score, “In Transit,” according to press notes, is a “new, modern musical bringing to life a vivid tapestry of characters and music in the city that never sleeps…or stands still. Inspired by the vibrant rhythms of life on the subway, In Transit follows the intertwining lives of eleven New Yorkers, all hoping to catch the express train to success, love and happiness…and the stops they make along the way.” 
Visit InTransitBroadway.com.  
</post>
<signature>

</signature>
<external_links>

</external_links>
<country>US</country>
<main_image></main_image>
</document>
