<?xml version="1.0" encoding="UTF-8"?>
<document>
<type>mainstream</type>
<forum></forum>
<forum_title></forum_title>
<discussion_title>Werkstätten die man meiden sollte - Sicherheitsfragen - Technik - Beschaffenheit von Trucks - Forum-Speditionen | Das größte Forum der Transportbranche</discussion_title>
<language>german</language>
<gmt_offset></gmt_offset>
<topic_url>http://www.forum-speditionen.de/werkstaetten-die-man-meiden-sollte-18864?s=d47f4dd10eba5da45ccad5383bc17f970e8bca26</topic_url>
<topic_text>
Ist der echt? Denke schon, kannst ja seine Beiträge hier nachlesen... Gestartet mit der Suche nach einen Ausbildungsplatz als Sped.kaufmann, wohl nix draus geworden , ist nun anscheinend selbst mit einem LKW ins Transportbusiness eingestiegen (Scania , eh klar, drunter geht&apos;s nicht, die richtige Marke mit &quot;Status&quot; muss sein..) Dazwischen mal das Die Ratschläge zum geschäftlichen Kommunikationsstil waren wohl umsonst, wenn ich das neueste Posting lese... forum-speditionen.de - hier werden Sie geholfen ! 
</topic_text>
<spam_score>0.05</spam_score>
<post_num>1</post_num>
<post_id>post-1</post_id>
<post_url>http://www.forum-speditionen.de/werkstaetten-die-man-meiden-sollte-18864?s=d47f4dd10eba5da45ccad5383bc17f970e8bca26</post_url>
<post_date>20160703</post_date>
<post_time></post_time>
<username></username>
<post>
Ist der echt? Denke schon, kannst ja seine Beiträge hier nachlesen... Gestartet mit der Suche nach einen Ausbildungsplatz als Sped.kaufmann, wohl nix draus geworden , ist nun anscheinend selbst mit einem LKW ins Transportbusiness eingestiegen (Scania , eh klar, drunter geht&apos;s nicht, die richtige Marke mit &quot;Status&quot; muss sein..) Dazwischen mal das Die Ratschläge zum geschäftlichen Kommunikationsstil waren wohl umsonst, wenn ich das neueste Posting lese... forum-speditionen.de - hier werden Sie geholfen ! 
</post>
<signature>

</signature>
<external_links>

</external_links>
<country>DE</country>
<main_image></main_image>
</document>
