<?xml version="1.0" encoding="UTF-8"?>
<document>
<type>mainstream</type>
<forum>http://brandonsun.com//rss?path=/business/breaking-news</forum>
<forum_title>Business Breaking News</forum_title>
<discussion_title>PotashCorp, Agrium shares halted following report on merger talks</discussion_title>
<language>english</language>
<gmt_offset></gmt_offset>
<topic_url>http://www.brandonsun.com/business/breaking-news/potashcorp-agrium-shares-halted-following-report-on-merger-talks-391742531.html</topic_url>
<topic_text>
The Canadian Press - ONLINE EDITION PotashCorp, Agrium shares halted following report on merger talks By: The Canadian Press Tweet 
CALGARY - Shares of Potash Corp. of Saskatchewan and Agrium were halted on the Toronto Stock Exchange today following a report that the two companies were in merger talks. 
Bloomberg News reported that the two were in advanced talks with an announcement possible as early as next week, citing people it said were familiar with the matter. 
PotashCorp (TSX:POT) and Agrium (TSX:AGU) didn&apos;t immediately respond to requests for comment. 
Bloomberg cited the sources as saying no final decisions have been made and the companies could reject a deal. 
Before the companies&apos; shares were halted, PotashCorp stock had climbed $2.40 or 11.48 per cent to $23.30 on the day and Agrium was up $8.28 or 7.1 per cent to $124.81.  
</topic_text>
<spam_score>0.00</spam_score>
<post_num>1</post_num>
<post_id>post-1</post_id>
<post_url>http://www.brandonsun.com/business/breaking-news/potashcorp-agrium-shares-halted-following-report-on-merger-talks-391742531.html</post_url>
<post_date>20160830</post_date>
<post_time>1455</post_time>
<username></username>
<post>
The Canadian Press - ONLINE EDITION PotashCorp, Agrium shares halted following report on merger talks By: The Canadian Press Tweet 
CALGARY - Shares of Potash Corp. of Saskatchewan and Agrium were halted on the Toronto Stock Exchange today following a report that the two companies were in merger talks. 
Bloomberg News reported that the two were in advanced talks with an announcement possible as early as next week, citing people it said were familiar with the matter. 
PotashCorp (TSX:POT) and Agrium (TSX:AGU) didn&apos;t immediately respond to requests for comment. 
Bloomberg cited the sources as saying no final decisions have been made and the companies could reject a deal. 
Before the companies&apos; shares were halted, PotashCorp stock had climbed $2.40 or 11.48 per cent to $23.30 on the day and Agrium was up $8.28 or 7.1 per cent to $124.81.  
</post>
<signature>

</signature>
<external_links>

</external_links>
<country>US</country>
<main_image>http://media.winnipegfreepress.com/designimages/squaresun_web+(1).jpg</main_image>
</document>
