<?xml version="1.0" encoding="UTF-8"?>
<document>
<type>mainstream</type>
<forum></forum>
<forum_title></forum_title>
<discussion_title>Fresh new #dance #fitness class w simple routines &amp; #rave g… | English Twitter Search</discussion_title>
<language>english</language>
<gmt_offset></gmt_offset>
<topic_url>http://twitter.com/statuses/767683056010420225/</topic_url>
<topic_text>
Tv Fresh new #dance #fitness class w simple routines &amp; #rave g… 
RT @clubbercise: Fresh new #dance #fitness class w simple routines &amp; #rave glowsticks to club anthems from the 90s-now! https://t.co/jCSw8h… Your email address will not be published. Required fields are marked * Comment Notify me of follow-up comments by email. Notify me of new posts by email. Post navigation Post was not sent - check your email addresses! Email check failed, please try again Sorry, your blog cannot share posts by email. We use cookies to ensure that we give you the best experience on our website. If you continue to use this site we will assume that you are happy with it. Ok 
</topic_text>
<spam_score>0.07</spam_score>
<post_num>1</post_num>
<post_id>post-1</post_id>
<post_url>http://twitter.com/statuses/767683056010420225/</post_url>
<post_date>20160830</post_date>
<post_time></post_time>
<username>Author Admin</username>
<post>
Tv Fresh new #dance #fitness class w simple routines &amp; #rave g… 
RT @clubbercise: Fresh new #dance #fitness class w simple routines &amp; #rave glowsticks to club anthems from the 90s-now! https://t.co/jCSw8h… Your email address will not be published. Required fields are marked * Comment Notify me of follow-up comments by email. Notify me of new posts by email. Post navigation Post was not sent - check your email addresses! Email check failed, please try again Sorry, your blog cannot share posts by email. We use cookies to ensure that we give you the best experience on our website. If you continue to use this site we will assume that you are happy with it. Ok 
</post>
<signature>

</signature>
<external_links>

</external_links>
<country>US</country>
<main_image>https://s0.wp.com/i/blank.jpg</main_image>
</document>
