<?xml version="1.0" encoding="UTF-8"?>
<document>
<type>mainstream</type>
<forum>http://www.figyel.hu/rss.xml</forum>
<forum_title>[figyel.hu] - Hírek, percről percre. - RSS szolgáltatás</forum_title>
<discussion_title>A szabadkereskedelmi szerződés a koalíció szakítópróbája Németországban?</discussion_title>
<language>hungarian</language>
<gmt_offset></gmt_offset>
<topic_url>http://www.figyel.hu/hirek/a-szabadkereskedelmi-szerzodes-a-koalicio-szakitoprobaja-nemetorszagban</topic_url>
<topic_text>
A szabadkereskedelmi szerződés a koalíció szakítópróbája Németországban?   Németországban ugyan csak egy év lesz választás, a jelek szerint a berlini koalícióban résztvevő pártok máris megkezdték kampányukat, amihez kiváló alapnak tűnik az Egyesült Államok és az Európai Unió között immár három esztendeje tartó szabadkereskedelmi tárgyalás. tovább&gt;&gt;
</topic_text>
<spam_score>0.00</spam_score>
<post_num>1</post_num>
<post_id>post-1</post_id>
<post_url>http://www.figyel.hu/hirek/a-szabadkereskedelmi-szerzodes-a-koalicio-szakitoprobaja-nemetorszagban</post_url>
<post_date>20160830</post_date>
<post_time>1414</post_time>
<username></username>
<post>
A szabadkereskedelmi szerződés a koalíció szakítópróbája Németországban?   Németországban ugyan csak egy év lesz választás, a jelek szerint a berlini koalícióban résztvevő pártok máris megkezdték kampányukat, amihez kiváló alapnak tűnik az Egyesült Államok és az Európai Unió között immár három esztendeje tartó szabadkereskedelmi tárgyalás. tovább&gt;&gt;
</post>
<signature>

</signature>
<external_links>

</external_links>
<country>HU</country>
<main_image>http://www.figyel.hu/image/logo/logo_120x240.gif</main_image>
</document>
