<?xml version="1.0" encoding="UTF-8"?>
<document>
<type>mainstream</type>
<forum></forum>
<forum_title></forum_title>
<discussion_title>Software für Dispo und Spedition - Disposition - Forum-Speditionen | Das größte Forum der Transportbranche</discussion_title>
<language>german</language>
<gmt_offset></gmt_offset>
<topic_url>http://www.forum-speditionen.de/software-fuer-dispo-und-spedition-18872?s=8dcda07adada698ab4d4e1bf63fcf55a195d89df</topic_url>
<topic_text>
Hallo Wir sind auf der Suche nach einer Speditionssoftware. In der sollte man Die Fahrzeuge Disponieren können, Erstellte Aufträge den Aufliegern zuordnen können, die dann wiederum den Fahrzeugen zuordnen können. Ich hoffe ihr wisst was ich meine.. Zur zeit arbeiten wir mit der Software BNS (Ältere version) 
</topic_text>
<spam_score>0.18</spam_score>
<post_num>1</post_num>
<post_id>post-1</post_id>
<post_url>http://www.forum-speditionen.de/software-fuer-dispo-und-spedition-18872?s=8dcda07adada698ab4d4e1bf63fcf55a195d89df</post_url>
<post_date>20160706</post_date>
<post_time></post_time>
<username></username>
<post>
Hallo Wir sind auf der Suche nach einer Speditionssoftware. In der sollte man Die Fahrzeuge Disponieren können, Erstellte Aufträge den Aufliegern zuordnen können, die dann wiederum den Fahrzeugen zuordnen können. Ich hoffe ihr wisst was ich meine.. Zur zeit arbeiten wir mit der Software BNS (Ältere version) 
</post>
<signature>

</signature>
<external_links>

</external_links>
<country>DE</country>
<main_image></main_image>
</document>
