<?xml version="1.0" encoding="UTF-8"?>
<document>
<type>mainstream</type>
<forum>http://www.abendblatt.de/?service=Rss</forum>
<forum_title>Hamburger Abendblatt</forum_title>
<discussion_title>Hamburger Hafen: Röntgenanlage entdeckte Drogen für Hunderte Millionen</discussion_title>
<language>german</language>
<gmt_offset></gmt_offset>
<topic_url>http://www.abendblatt.de/wirtschaft/hafen-und-schifffahrt/article208154247/Roentgenanlage-entdeckte-Drogen-fuer-Hunderte-Millionen.html</topic_url>
<topic_text>
Röntgenanlage entdeckte Drogen für Hunderte Millionen 30.08.16 Röntgenanlage entdeckte Drogen für Hunderte Millionen 0 0 Der Zoll spürt mit seiner Container-Durchleuchtung Waffen, Rauschgift und gefälschtes Parfüm auf. 100 Lkw werden pro Tag geröntgt. Jetzt bestellen und flexibel weiterlesen Im Digital-Komplett-Paket App für Tablet und Smartphone Auf allen Geräten verfügbar
</topic_text>
<spam_score>0.00</spam_score>
<post_num>1</post_num>
<post_id>post-1</post_id>
<post_url>http://www.abendblatt.de/wirtschaft/hafen-und-schifffahrt/article208154247/Roentgenanlage-entdeckte-Drogen-fuer-Hunderte-Millionen.html</post_url>
<post_date>20160830</post_date>
<post_time>1418</post_time>
<username></username>
<post>
Röntgenanlage entdeckte Drogen für Hunderte Millionen 30.08.16 Röntgenanlage entdeckte Drogen für Hunderte Millionen 0 0 Der Zoll spürt mit seiner Container-Durchleuchtung Waffen, Rauschgift und gefälschtes Parfüm auf. 100 Lkw werden pro Tag geröntgt. Jetzt bestellen und flexibel weiterlesen Im Digital-Komplett-Paket App für Tablet und Smartphone Auf allen Geräten verfügbar
</post>
<signature>

</signature>
<external_links>

</external_links>
<country>DE</country>
<main_image>http://img.abendblatt.de/img/incoming/crop208153347/249260139-w820-cv16_9-q85/zoll-sammelgutscan.jpg</main_image>
</document>
