<?xml version="1.0" encoding="UTF-8"?>
<document>
<type>mainstream</type>
<forum>http://amarillodiocese.org/newsRSS</forum>
<forum_title>Catholic Diocese of Amarillo</forum_title>
<discussion_title>Faithful Citizenship</discussion_title>
<language>english</language>
<gmt_offset></gmt_offset>
<topic_url>http://amarillodiocese.org/news/faithful-citizenship</topic_url>
<topic_text>
August 30, 2016 Introduction As we prepare for the November General Elections, let us remind ourselves that Catholic Social Teaching speaks of the obligation of the Christian to exercise our right to vote. Even though this election year presents the conscientious voter with many challenges, the decision to not vote is not an option! As your bishop I would like to present you with some guidelines for voting. The clearest, and most obvious criteria is go vote for the Common Good of all people and not just for the good of some segment of society. The Life and Dignity of the Human Person is another significant criteria to consider before entering the voting booth. The sustaining and strengthening of Freedom of Religion is also quite significant. Freedom of Worship is not enough, one must have the right to worship publically and let one&apos;s Faith witness act as a leavening within a given society. This year&apos;s choice of candidates may well call us to do more homework than ever. The conscientious voter must study the issues, know what each candidate stands for, review the basic tenants of our Catholic Christian Faith, and weighing these facts decide, through prayer and the inspiration of the Holy Spirit, which one will do the most to further the Common Good of our country. Check the sources of your facts. Social Media is not the best place to obtain true facts; this is true of candidates positions and the teachings of the Catholic Church. This is the first installation of Faithful Citizenship to help you in your decision. I invite you to read these excerpts from the Second Vatican Council. They begin to lay the foundation for a good and solid foundation for your choice. May God bless us all and our country as well. + Patrick J. Zurek Excerpts from the Pastoral Constitution of the Church Gaudium et Spes # 38-40 38. For God&apos;s Word, through Whom all things were made, was Himself made flesh and dwelt on the earth of men. Thus He entered the world&apos;s history as a perfect man, taking that history up into Himself and summarizing it. He Himself revealed to us that &quot;God is love&quot; (1 John 4:8) and at the same time taught us that the new command of love was the basic law of human perfection and hence of the worlds transformation. Christians proclaim that all human activity, constantly imperiled by man&apos;s pride and deranged self-love, must be purified and perfected by the power of Christ&apos;s cross and resurrection. Christ gives assurance that the way of love lies open to all men and that the effort to establish a universal brotherhood is not a hopeless one. He cautions them at the same time that this charity is not something to be reserved for important matters, but must be pursued chiefly in the ordinary circumstances of life. Christ is now at work in the hearts of men through the energy of His Holy Spirit. 40. Everything we have said about the dignity of the human person, and about the human community and the profound meaning of human activity, lays the foundation for the relationship between the Church and the world, and provides the basis for dialogue between them. In this chapter, presupposing everything which has already been said by this council concerning the mystery of the Church, we must now consider this same Church inasmuch as she exists in the world, living and acting with it. Coming forth from the eternal Father&apos;s love, founded in time by Christ the Redeemer and made one in the Holy Spirit, the Church has a saving and an eschatological purpose which can be fully attained only in the future world. But she is already present in this world, and is composed of human persons, that is, of members of the earthly city who have a call to form the family of God&apos;s children during the present history of the human race, and to keep increasing it until the Lord returns. United on behalf of heavenly values and enriched by them, this family has been &quot;constituted and structured as a society in this world&quot; by Christ, and is equipped &quot;by appropriate means for visible and social union.&quot; Thus the Church, at once &quot;a visible association and a spiritual community,&quot; goes forward together with humanity and experiences the same earthly lot which the world does. She serves as a leaven and as a kind of soul for human society as it is to be renewed in Christ and transformed into God&apos;s family. That the earthly and the heavenly city penetrate each other is a fact accessible to faith alone; it remains a mystery of human history, which sin will keep in great disarray until the splendor of God&apos;s children, is fully revealed. Pursuing the saving purpose which is proper to her, the Church does not only communicate divine life to people but in some way casts the reflected light of that life over the entire earth, most of all by its healing and elevating impact on the dignity of the person, by the way in which it strengthens the seams of human society and imbues the everyday activity of men with a deeper meaning and importance. Thus through her individual matters and her whole community, the Church believes she can contribute greatly toward making the family of mankind and its history more human. 41. Modern man is on the road to a more thorough development of his own personality, and to a growing discovery and vindication of his own rights. Since it has been entrusted to the Church to reveal the mystery of God, Who is the ultimate goal of human persons, she opens up to man and woman at the same time the meaning of their own existence; that is, the innermost truth about themselves. The Church truly knows that only God, Whom she serves, meets the deepest longings of the human heart, which is never fully satisfied by what this world has to offer. She also knows that man is constantly worked upon by God&apos;s spirit, and hence can never be altogether indifferent to the problems of religion. Mankind will always yearn to know, at least in an obscure way, what is the meaning of his life, of his activity, of his death. The very presence of the Church recalls these problems to his mind. But only God, Who created man to His own image and ransomed him from sin, provides the most adequate answer to the questions, and this He does through what He has revealed in Christ His Son, Who became man. Whoever follows after Christ, the perfect man, becomes himself more of a human person. For by His incarnation the Father&apos;s Word assumed, and sanctified through His cross and resurrection, the whole of man, body and soul, and through that totality the whole of nature created by God for man&apos;s use. By no human law can the personal dignity and liberty of man be so aptly safeguarded as by the Gospel of Christ which has been entrusted to the Church. For this Gospel announces and proclaims the freedom of the sons of God, and repudiates all the bondage which ultimately results from sin. (cf. Rom. 8:14-17); it has a sacred reverence for the dignity of conscience and its freedom of choice (Founded on the Truth of the Gospel, love of neighbor and deep friendship with God through prayer.) Though the same God is Savior and Creator, Lord of human history as well as of salvation history, the rightful autonomy of the creature, and particularly of man and woman is not withdrawn, but is rather re-established in its own dignity and strengthened in it. ©2016 Roman Catholic Diocese of Amarillo | All Rights Reserved Login
</topic_text>
<spam_score>0.00</spam_score>
<post_num>1</post_num>
<post_id>post-1</post_id>
<post_url>http://amarillodiocese.org/news/faithful-citizenship</post_url>
<post_date>20160830</post_date>
<post_time>0500</post_time>
<username></username>
<post>
August 30, 2016 Introduction As we prepare for the November General Elections, let us remind ourselves that Catholic Social Teaching speaks of the obligation of the Christian to exercise our right to vote. Even though this election year presents the conscientious voter with many challenges, the decision to not vote is not an option! As your bishop I would like to present you with some guidelines for voting. The clearest, and most obvious criteria is go vote for the Common Good of all people and not just for the good of some segment of society. The Life and Dignity of the Human Person is another significant criteria to consider before entering the voting booth. The sustaining and strengthening of Freedom of Religion is also quite significant. Freedom of Worship is not enough, one must have the right to worship publically and let one&apos;s Faith witness act as a leavening within a given society. This year&apos;s choice of candidates may well call us to do more homework than ever. The conscientious voter must study the issues, know what each candidate stands for, review the basic tenants of our Catholic Christian Faith, and weighing these facts decide, through prayer and the inspiration of the Holy Spirit, which one will do the most to further the Common Good of our country. Check the sources of your facts. Social Media is not the best place to obtain true facts; this is true of candidates positions and the teachings of the Catholic Church. This is the first installation of Faithful Citizenship to help you in your decision. I invite you to read these excerpts from the Second Vatican Council. They begin to lay the foundation for a good and solid foundation for your choice. May God bless us all and our country as well. + Patrick J. Zurek Excerpts from the Pastoral Constitution of the Church Gaudium et Spes # 38-40 38. For God&apos;s Word, through Whom all things were made, was Himself made flesh and dwelt on the earth of men. Thus He entered the world&apos;s history as a perfect man, taking that history up into Himself and summarizing it. He Himself revealed to us that &quot;God is love&quot; (1 John 4:8) and at the same time taught us that the new command of love was the basic law of human perfection and hence of the worlds transformation. Christians proclaim that all human activity, constantly imperiled by man&apos;s pride and deranged self-love, must be purified and perfected by the power of Christ&apos;s cross and resurrection. Christ gives assurance that the way of love lies open to all men and that the effort to establish a universal brotherhood is not a hopeless one. He cautions them at the same time that this charity is not something to be reserved for important matters, but must be pursued chiefly in the ordinary circumstances of life. Christ is now at work in the hearts of men through the energy of His Holy Spirit. 40. Everything we have said about the dignity of the human person, and about the human community and the profound meaning of human activity, lays the foundation for the relationship between the Church and the world, and provides the basis for dialogue between them. In this chapter, presupposing everything which has already been said by this council concerning the mystery of the Church, we must now consider this same Church inasmuch as she exists in the world, living and acting with it. Coming forth from the eternal Father&apos;s love, founded in time by Christ the Redeemer and made one in the Holy Spirit, the Church has a saving and an eschatological purpose which can be fully attained only in the future world. But she is already present in this world, and is composed of human persons, that is, of members of the earthly city who have a call to form the family of God&apos;s children during the present history of the human race, and to keep increasing it until the Lord returns. United on behalf of heavenly values and enriched by them, this family has been &quot;constituted and structured as a society in this world&quot; by Christ, and is equipped &quot;by appropriate means for visible and social union.&quot; Thus the Church, at once &quot;a visible association and a spiritual community,&quot; goes forward together with humanity and experiences the same earthly lot which the world does. She serves as a leaven and as a kind of soul for human society as it is to be renewed in Christ and transformed into God&apos;s family. That the earthly and the heavenly city penetrate each other is a fact accessible to faith alone; it remains a mystery of human history, which sin will keep in great disarray until the splendor of God&apos;s children, is fully revealed. Pursuing the saving purpose which is proper to her, the Church does not only communicate divine life to people but in some way casts the reflected light of that life over the entire earth, most of all by its healing and elevating impact on the dignity of the person, by the way in which it strengthens the seams of human society and imbues the everyday activity of men with a deeper meaning and importance. Thus through her individual matters and her whole community, the Church believes she can contribute greatly toward making the family of mankind and its history more human. 41. Modern man is on the road to a more thorough development of his own personality, and to a growing discovery and vindication of his own rights. Since it has been entrusted to the Church to reveal the mystery of God, Who is the ultimate goal of human persons, she opens up to man and woman at the same time the meaning of their own existence; that is, the innermost truth about themselves. The Church truly knows that only God, Whom she serves, meets the deepest longings of the human heart, which is never fully satisfied by what this world has to offer. She also knows that man is constantly worked upon by God&apos;s spirit, and hence can never be altogether indifferent to the problems of religion. Mankind will always yearn to know, at least in an obscure way, what is the meaning of his life, of his activity, of his death. The very presence of the Church recalls these problems to his mind. But only God, Who created man to His own image and ransomed him from sin, provides the most adequate answer to the questions, and this He does through what He has revealed in Christ His Son, Who became man. Whoever follows after Christ, the perfect man, becomes himself more of a human person. For by His incarnation the Father&apos;s Word assumed, and sanctified through His cross and resurrection, the whole of man, body and soul, and through that totality the whole of nature created by God for man&apos;s use. By no human law can the personal dignity and liberty of man be so aptly safeguarded as by the Gospel of Christ which has been entrusted to the Church. For this Gospel announces and proclaims the freedom of the sons of God, and repudiates all the bondage which ultimately results from sin. (cf. Rom. 8:14-17); it has a sacred reverence for the dignity of conscience and its freedom of choice (Founded on the Truth of the Gospel, love of neighbor and deep friendship with God through prayer.) Though the same God is Savior and Creator, Lord of human history as well as of salvation history, the rightful autonomy of the creature, and particularly of man and woman is not withdrawn, but is rather re-established in its own dignity and strengthened in it. ©2016 Roman Catholic Diocese of Amarillo | All Rights Reserved Login
</post>
<signature>

</signature>
<external_links>

</external_links>
<country>US</country>
<main_image></main_image>
</document>
