<?xml version="1.0" encoding="UTF-8"?>
<document>
<type>mainstream</type>
<forum>http://rssfeeds.freep.com/freep/wolverines</forum>
<forum_title>Detroit Free Press - Wolverines</forum_title>
<discussion_title>Harbaugh&apos;s NFL survey from 2011 is pretty good</discussion_title>
<language>english</language>
<gmt_offset></gmt_offset>
<topic_url>http://www.freep.com/story/sports/college/university-michigan/wolverines/2016/08/30/jim-harbaugh-nfl-questionnaire/89580368/</topic_url>
<topic_text>
Let friends in your social network know what you are reading about Facebook Email Jim Harbaugh&apos;s NFL coach survey from 2011 is pretty good When Jim Harbaugh was a first-year NFL coach, he filled out a questionnaire. And the Boston Globe obtained a copy. Post to Facebook Jim Harbaugh&apos;s NFL coach survey from 2011 is pretty good When Jim Harbaugh was a first-year NFL coach, he filled out a questionnaire. And the Boston Globe obtained a copy. Check out this story on Freep.com: http://on.freep.com/2bOBz3m Cancel Send A link has been sent to your friend&apos;s email address. Posted! A link has been posted to your Facebook feed. Join the Conversation To find out more about Facebook commenting please read the Conversation Guidelines and FAQs Jim Harbaugh&apos;s NFL coach survey from 2011 is pretty good Mark Snyder , Detroit Free Press 11:03 a.m. EDT August 30, 2016 San Francisco 49ers coach Jim Harbaugh stands for the national anthem Dec. 28, 2014. (Photo: Kyle Terada, USA TODAY Sports) 
When Jim Harbaugh was a first-year NFL coach, he filled out a questionnaire. 
And Ben Volin of the Boston Globe obtained a copy of it. 
Some of the answers might change if Harbaugh had to do it again today. But some of them -- for example, when asked for his favorite vacation spot, he responded: &quot;I don&apos;t vacation&quot; -- sound like the focused coach we hear in Ann Arbor . 
The final answer also was interesting, as Harbaugh pondered what he would do if he weren&apos;t coaching. Groundskeeper? 
Here&apos;s the full survey:
</topic_text>
<spam_score>0.00</spam_score>
<post_num>1</post_num>
<post_id>post-1</post_id>
<post_url>http://www.freep.com/story/sports/college/university-michigan/wolverines/2016/08/30/jim-harbaugh-nfl-questionnaire/89580368/</post_url>
<post_date>20160830</post_date>
<post_time>1503</post_time>
<username></username>
<post>
Let friends in your social network know what you are reading about Facebook Email Jim Harbaugh&apos;s NFL coach survey from 2011 is pretty good When Jim Harbaugh was a first-year NFL coach, he filled out a questionnaire. And the Boston Globe obtained a copy. Post to Facebook Jim Harbaugh&apos;s NFL coach survey from 2011 is pretty good When Jim Harbaugh was a first-year NFL coach, he filled out a questionnaire. And the Boston Globe obtained a copy. Check out this story on Freep.com: http://on.freep.com/2bOBz3m Cancel Send A link has been sent to your friend&apos;s email address. Posted! A link has been posted to your Facebook feed. Join the Conversation To find out more about Facebook commenting please read the Conversation Guidelines and FAQs Jim Harbaugh&apos;s NFL coach survey from 2011 is pretty good Mark Snyder , Detroit Free Press 11:03 a.m. EDT August 30, 2016 San Francisco 49ers coach Jim Harbaugh stands for the national anthem Dec. 28, 2014. (Photo: Kyle Terada, USA TODAY Sports) 
When Jim Harbaugh was a first-year NFL coach, he filled out a questionnaire. 
And Ben Volin of the Boston Globe obtained a copy of it. 
Some of the answers might change if Harbaugh had to do it again today. But some of them -- for example, when asked for his favorite vacation spot, he responded: &quot;I don&apos;t vacation&quot; -- sound like the focused coach we hear in Ann Arbor . 
The final answer also was interesting, as Harbaugh pondered what he would do if he weren&apos;t coaching. Groundskeeper? 
Here&apos;s the full survey:
</post>
<signature>

</signature>
<external_links>

</external_links>
<country>US</country>
<main_image>http://www.gannett-cdn.com/-mm-/c06e5d5c10a70cab754d8ef2d515b31a6b610146/c=0-119-2743-1669&amp;amp;r=x633&amp;amp;c=1200x630/local/-/media/2016/08/30/DetroitFreePress/DetroitFreePress/636081511789352674-DFP-1229-harbaugh-br-1-1-GH9HAM8Q-L540541056.JPG</main_image>
</document>
