<?xml version="1.0" encoding="UTF-8"?>
<document>
<type>mainstream</type>
<forum></forum>
<forum_title></forum_title>
<discussion_title>Off road trials for “electric highways” technology - Press releases - GOV.UK</discussion_title>
<language>english</language>
<gmt_offset></gmt_offset>
<topic_url>https://www.gov.uk/government/news/off-road-trials-for-electric-highways-technology</topic_url>
<topic_text>
Off road trials for “electric highways” technology From: Road network and traffic 
Off road trials of the technology needed to power electric and hybrid vehicles on England’s major roads are due to take place later this year. 
The trials are the first of their kind and will test how the technology would work safely and effectively on the country’s motorways and major A roads, allowing drivers of ultra-low emission vehicles to travel long distances without needing to stop and charge the car’s battery. 
The trials follow the completion of the feasibility study commissioned by Highways England into ‘dynamic wireless power transfer’ technologies. 
Transport Minister Andrew Jones said: The potential to recharge low emission vehicles on the move offers exciting possibilities. The government is already committing £500 million over the next five years to keep Britain at the forefront of this technology, which will help boost jobs and growth in the sector. As this study shows, we continue to explore options on how to improve journeys and make low-emission vehicles accessible to families and businesses. 
Highways England Chief Highways Engineer Mike Wilson said: 
Vehicle technologies are advancing at an ever increasing pace and we’re committed to supporting the growth of ultra-low emissions vehicles on our England’s motorways and major A roads. The off road trials of wireless power technology will help to create a more sustainable road network for England and open up new opportunities for businesses that transport goods across the country. 
The trials are expected to begin later this year following the completion of an ongoing procurement process. The trials will involve fitting vehicles with wireless technology and testing the equipment, installed underneath the road, to replicate motorway conditions. Full details of the trials will be publicised when a successful contractor has been appointed. 
The trials are expected to last for approximately 18 months and, subject to the results, could be followed by on road trials. 
As well as investigating the potential to install technology to wirelessly power ultra-low emission vehicles, Highways England is also committed in the longer term to installing plug-in charging points every 20 miles on the motorway network as part of the government’s Road Investment Strategy . General enquiries 
Members of the public should contact the Highways England customer contact centre on 0300 123 5000. Media enquiries 
Journalists should contact the Highways England press office on 0844 693 1448 and use the menu to speak to the most appropriate press officer. Share this page 
</topic_text>
<spam_score>0.53</spam_score>
<post_num>1</post_num>
<post_id>post-1</post_id>
<post_url>https://www.gov.uk/government/news/off-road-trials-for-electric-highways-technology</post_url>
<post_date>20150811</post_date>
<post_time></post_time>
<username></username>
<post>
Off road trials for “electric highways” technology From: Road network and traffic 
Off road trials of the technology needed to power electric and hybrid vehicles on England’s major roads are due to take place later this year. 
The trials are the first of their kind and will test how the technology would work safely and effectively on the country’s motorways and major A roads, allowing drivers of ultra-low emission vehicles to travel long distances without needing to stop and charge the car’s battery. 
The trials follow the completion of the feasibility study commissioned by Highways England into ‘dynamic wireless power transfer’ technologies. 
Transport Minister Andrew Jones said: The potential to recharge low emission vehicles on the move offers exciting possibilities. The government is already committing £500 million over the next five years to keep Britain at the forefront of this technology, which will help boost jobs and growth in the sector. As this study shows, we continue to explore options on how to improve journeys and make low-emission vehicles accessible to families and businesses. 
Highways England Chief Highways Engineer Mike Wilson said: 
Vehicle technologies are advancing at an ever increasing pace and we’re committed to supporting the growth of ultra-low emissions vehicles on our England’s motorways and major A roads. The off road trials of wireless power technology will help to create a more sustainable road network for England and open up new opportunities for businesses that transport goods across the country. 
The trials are expected to begin later this year following the completion of an ongoing procurement process. The trials will involve fitting vehicles with wireless technology and testing the equipment, installed underneath the road, to replicate motorway conditions. Full details of the trials will be publicised when a successful contractor has been appointed. 
The trials are expected to last for approximately 18 months and, subject to the results, could be followed by on road trials. 
As well as investigating the potential to install technology to wirelessly power ultra-low emission vehicles, Highways England is also committed in the longer term to installing plug-in charging points every 20 miles on the motorway network as part of the government’s Road Investment Strategy . General enquiries 
Members of the public should contact the Highways England customer contact centre on 0300 123 5000. Media enquiries 
Journalists should contact the Highways England press office on 0844 693 1448 and use the menu to speak to the most appropriate press officer. Share this page 
</post>
<signature>

</signature>
<external_links>

</external_links>
<country>US</country>
<main_image>https://assets.publishing.service.gov.uk/static/opengraph-image-a1f7d89ffd0782738b1aeb0da37842d8bd0addbd724b8e58c3edbc7287cc11de.png</main_image>
</document>
