<?xml version="1.0" encoding="UTF-8"?>
<document>
<type>mainstream</type>
<forum>http://www.lasicilia.it/sezioni/116/sport</forum>
<forum_title>Sport</forum_title>
<discussion_title>Caos Olanda, lascia Van Basten</discussion_title>
<language>italian</language>
<gmt_offset></gmt_offset>
<topic_url>http://www.lasicilia.it/news/sport/24476/caos-olanda-lascia-van-basten.html</topic_url>
<topic_text>
ROMA, 30 AGO - Il matrimonio fra la Nazionale olandese e Marco Van Basten sembra essere giunto ormai ai titoli di coda. Il &apos;Cigno di Utrecht&apos;, come veniva chiamato a suo tempo il centravanti dell&apos;Ajax e del Milan, che attualmente ricopre il ruolo di collaboratore del ct Danny Blind, non avrebbe digerito la mancata assunzione dell&apos;amico Ruud Gullit. Secondo il sito &apos;nrc.nl&apos;, il tre volte Pallone d&apos;Oro sarebbe sul punto di accettare un incarico in seno alla Fifa, ma sarà ancora al fianco di Blind per le prossime due partite. La notizia dell&apos;addio di Van Basten è stata confermata dal diretto interessato al sito Voetbal international. Gullit era in predicato di prendere il posto Advocaat, che si è trasferito in Turchia per allenatore il Fenerbahce. Adesso il direttore tecnico della Nazionale &apos;orange&apos;, l&apos;ex portiere Van Breukelen, dovrà trovare un sostituto di Van Basten, suo ex compagno di squadra nella Nazionale che trionfò nell&apos;Europeo 1988 battendo per 2-0 in finale l&apos;Urss, con gol del duo milanista Gullit-Van Basten.
 
</topic_text>
<spam_score>0.00</spam_score>
<post_num>1</post_num>
<post_id>post-1</post_id>
<post_url>http://www.lasicilia.it/news/sport/24476/caos-olanda-lascia-van-basten.html</post_url>
<post_date>20160830</post_date>
<post_time></post_time>
<username>lasicilia.it</username>
<post>
ROMA, 30 AGO - Il matrimonio fra la Nazionale olandese e Marco Van Basten sembra essere giunto ormai ai titoli di coda. Il &apos;Cigno di Utrecht&apos;, come veniva chiamato a suo tempo il centravanti dell&apos;Ajax e del Milan, che attualmente ricopre il ruolo di collaboratore del ct Danny Blind, non avrebbe digerito la mancata assunzione dell&apos;amico Ruud Gullit. Secondo il sito &apos;nrc.nl&apos;, il tre volte Pallone d&apos;Oro sarebbe sul punto di accettare un incarico in seno alla Fifa, ma sarà ancora al fianco di Blind per le prossime due partite. La notizia dell&apos;addio di Van Basten è stata confermata dal diretto interessato al sito Voetbal international. Gullit era in predicato di prendere il posto Advocaat, che si è trasferito in Turchia per allenatore il Fenerbahce. Adesso il direttore tecnico della Nazionale &apos;orange&apos;, l&apos;ex portiere Van Breukelen, dovrà trovare un sostituto di Van Basten, suo ex compagno di squadra nella Nazionale che trionfò nell&apos;Europeo 1988 battendo per 2-0 in finale l&apos;Urss, con gol del duo milanista Gullit-Van Basten.
 
</post>
<signature>

</signature>
<external_links>

</external_links>
<country>IT</country>
<main_image>http://www.lasicilia.it/resizer/600/315/true/9741d7a645b641ae6a4d788fbc80b986.jpg--.jpg</main_image>
</document>
