<?xml version="1.0" encoding="UTF-8"?>
<document>
<type>mainstream</type>
<forum>http://www.ecuadorenvivo.com/index.php?format=feed&amp;type=rss</forum>
<forum_title>Noticias Ecuador - Ecuador en vivo - Portada</forum_title>
<discussion_title>&apos;Si por mí fuera la UNE, por todo el daño que se le ha hecho al país, habría desaparecido el día en que yo me posesioné&apos; | Augusto Espinosa, ministro de Educación</discussion_title>
<language>spanish</language>
<gmt_offset></gmt_offset>
<topic_url>http://www.ecuadorenvivo.com/politica/83-videos/51041-si-por-mi-fuera-la-une-por-todo-el-dano-que-se-le-ha-hecho-al-pais-habria-desaparecido-el-dia-en-que-yo-me-posesione-augusto-espinosa-ministro-de-educacion.html</topic_url>
<topic_text>
&apos;Si por mí fuera la UNE, por todo el daño que se le ha hecho al país, habría desaparecido el día en que yo me posesioné&apos; Augusto Espinosa, ministro de Educación Detalles   
El ministro de Educación, Augusto Espinosa, a propósito de la disolución de Unión Nacional de Educadores (UNE) y el allanamiento a la sede magisteril, aclaró que la UNE no es un sindicato, es una organización que desde que fue secuestrada por el Movimiento Popular Democrático (MPD), le ha hecho mucho daños al país. 
Según el funcionario, el problema con la UNE surge en el 2013 cuando supuestamente se elige una directiva a través del voto universal de sus miembros, y en diciembre nos envían el resultado de esas elecciones en hojas simples, copias simples, en donde nos dicen que votaron alrededor de 50.000 miembros de la UNE. 
Iniciado el proceso de revisión, el 12 de mayo de 2014, la Subsecretaría del Distrito Metropiltano de Quito responde a la UNE de cuál es la documentación que tiene que entregar para registrar la directiva. La UNE no entregó la documentación solicitada. 
&quot;Presumimos que esas elecciones o no de dieron o no se dieron como esas copias simples decían&quot;, acotó. 
&quot;Si por mí fuera la UNE, por todo el daño que se le ha hecho al país durante las últimas décadas, habría desaparecido el día en que yo me posesioné&quot;, sentenció el ministro. (Ecuavisa) (0) 
&quot;Si por mí fuera la UNE, por todo el daño que se le ha hecho al país durante las últimas décadas, habría desaparecido el día en que yo me posesioné&quot;, sentenció el ministro. (Ecuavisa) (0) 0
</topic_text>
<spam_score>0.00</spam_score>
<post_num>1</post_num>
<post_id>post-1</post_id>
<post_url>http://www.ecuadorenvivo.com/politica/83-videos/51041-si-por-mi-fuera-la-une-por-todo-el-dano-que-se-le-ha-hecho-al-pais-habria-desaparecido-el-dia-en-que-yo-me-posesione-augusto-espinosa-ministro-de-educacion.html</post_url>
<post_date>20160830</post_date>
<post_time>1408</post_time>
<username>jaime.teran@ecuadorenvivo.com (Jaime Teran)</username>
<post>
&apos;Si por mí fuera la UNE, por todo el daño que se le ha hecho al país, habría desaparecido el día en que yo me posesioné&apos; Augusto Espinosa, ministro de Educación Detalles   
El ministro de Educación, Augusto Espinosa, a propósito de la disolución de Unión Nacional de Educadores (UNE) y el allanamiento a la sede magisteril, aclaró que la UNE no es un sindicato, es una organización que desde que fue secuestrada por el Movimiento Popular Democrático (MPD), le ha hecho mucho daños al país. 
Según el funcionario, el problema con la UNE surge en el 2013 cuando supuestamente se elige una directiva a través del voto universal de sus miembros, y en diciembre nos envían el resultado de esas elecciones en hojas simples, copias simples, en donde nos dicen que votaron alrededor de 50.000 miembros de la UNE. 
Iniciado el proceso de revisión, el 12 de mayo de 2014, la Subsecretaría del Distrito Metropiltano de Quito responde a la UNE de cuál es la documentación que tiene que entregar para registrar la directiva. La UNE no entregó la documentación solicitada. 
&quot;Presumimos que esas elecciones o no de dieron o no se dieron como esas copias simples decían&quot;, acotó. 
&quot;Si por mí fuera la UNE, por todo el daño que se le ha hecho al país durante las últimas décadas, habría desaparecido el día en que yo me posesioné&quot;, sentenció el ministro. (Ecuavisa) (0) 
&quot;Si por mí fuera la UNE, por todo el daño que se le ha hecho al país durante las últimas décadas, habría desaparecido el día en que yo me posesioné&quot;, sentenció el ministro. (Ecuavisa) (0) 0
</post>
<signature>

</signature>
<external_links>

</external_links>
<country>US</country>
<main_image>http://www.ecuadorenvivo.com/images/2017_ENERO/WEB20160930AUGUSTOESPINOSA_a518a.jpg</main_image>
</document>
