<?xml version="1.0" encoding="UTF-8"?>
<document>
<type>mainstream</type>
<forum>http://www.dailymail.co.uk/tvshowbiz/nicki_minaj/index.rss</forum>
<forum_title>Nicki Minaj News, Pictures and Boyfriend Updates | Mail Online</forum_title>
<discussion_title>covers up in leather jacket after eye-popping outfits at MTV VMAs</discussion_title>
<language>english</language>
<gmt_offset></gmt_offset>
<topic_url>http://www.dailymail.co.uk/tvshowbiz/article-3764279/Nicki-Minaj-covers-leather-jacket-wearing-two-eye-popping-outfits-MTV-VMAs.html</topic_url>
<topic_text>
e-mail 328 shares 18
View
comments
She stunned in a jaw-dropping number on the carpet of MTV&apos;s Video Music Awards Sunday evening.
But shortly after, Nicki Minaj snuck into something more casual as she headed to dinner in the SoHo neighborhood of New York City .
Keeping a low profile, the 33-year-old singer wore an all-black outfit, with pops of pink peeking out and oversize sunglasses.
Scroll down for video
Dressing it down: After two eye-popping outfits during Sunday evening&apos;s MTV Video Music Awards, Nicki Minaj went casual in a jacket and jeans as she headed to dinner in New York
Though less dressy than her revealing VMAs dress, the Anaconda singer was still stylish nonetheless in a short, fitted leather jacket that was puffed at the shoulders and cinched at the waist.
She paired it with dark blue metallic pants, ripped along the knees and gathered at the bottom.
A bright pink shirt was spotted underneath her jacket as Nicki added white sneakers to her outfit - decorated with red fruit patterns along the side.
She carried a black-and-gold studded Chanel purse under her arm while flaunting her large diamond ring - gifted by her boyfriend Meek Mill.
Low-profile: The 33-year-old rapper and singer threw on her large black shades as she made her way to her ride while wearing less make-up from her earlier look
Somber: After a thrilling performance with her and Ariana Grande during the VMAs, the Bang Bang singer appeared exhausted while heading to her destination
Though her sleek black locks were pin straight for the awards show, it appeared wavier later in the night, while her make-up was minimal.
While the rapper appeared to have a tired expression, it doesn&apos;t come as a surprise given her sweaty performance with Ariana Grande just mere hours earlier where the duo teased audiences with their new collaborative track, Side By Side.
Dressed in a hot pink leotard with thigh-high boots, Nicki and the 23-year-old singer created a spin class on stage, seductively riding bicycles with back-up dancers and male models.
The music video - which was released exclusively by Guess on Monday- was not far off from the VMAs number, showing the half-Trinidadian singer sitting pretty in a sauna as Ariana did a dance number in a Soul Cycle-inspired class.
The not-so-little mermaid: She showcased her generous curves in the daringly tight dress on the VMAs carpet
Dynamic duo: The pop sensations gave a racy performance during the awards show, giving fans a preview of their reggae-infused track Side By Side that released on Monday
Directed by Hannah Lux-Davis, the Side By Side music video is the third collaboration between the two pop sensations since Bang Bang and Get On Your Knees.
While Nicki&apos;s last album, The Pinkprint, dropped in 2014, it appears the singer is focusing on her acting career since making her feature film debut in The Other Woman.
She recently played a sassy hairdresser in April&apos;s release of Barbershop: The Next Cut and announced via Instagram an upcoming television series.
The girlfriend of Meek Mill will executive produce and star in a single-camera comedy series based on her life growing up in Queens, New York with Whoopi Goldberg guest starring.
Hot! The Super Bass rapper showed off her incredible figure in a skintight pink bodysuit and kinky thigh high boots
</topic_text>
<spam_score>0.02</spam_score>
<post_num>3</post_num>
<post_id>post-3</post_id>
<post_url>http://www.dailymail.co.uk/tvshowbiz/article-3764279/Nicki-Minaj-covers-leather-jacket-wearing-two-eye-popping-outfits-MTV-VMAs.html</post_url>
<post_date>20160830</post_date>
<post_time>1406</post_time>
<username>Voltron_Strong</username>
<post>
That is NOT Nicki!!!
</post>
<signature>

</signature>
<external_links>

</external_links>
<country>GB</country>
<main_image>http://i.dailymail.co.uk/i/pix/2016/08/30/01/37B32C5E00000578-0-image-a-29_1472515309489.jpg</main_image>
</document>
