<?xml version="1.0" encoding="UTF-8"?>
<document>
<type>mainstream</type>
<forum>http://www.romandie.com/rss/flux.xml</forum>
<forum_title>Romandie</forum_title>
<discussion_title>Syrie: forces turques et milices kurdes acceptent d&apos;arrêter les hostilités</discussion_title>
<language>french</language>
<gmt_offset></gmt_offset>
<topic_url>http://www.romandie.com/news/Syrie-forces-turques-et-milices-kurdes-acceptent-darreter-les-hostilites/732443.rom</topic_url>
<topic_text>
Tweet Syrie: forces turques et milices kurdes acceptent d&apos;arrêter les hostilités Washington - Les forces turques qui interviennent dans le nord de la Syrie et les milices kurdes sur place ont accepté d&apos;arrêter les hostilités, selon le porte-parole du Centcom, le commandement militaire américain au Moyen-Orient. Ces dernières heures, nous avons reçu l&apos;assurance que toutes les parties impliquées vont arrêter de se tirer dessus et se concentrer sur la menace du groupe Etat islamique, a indiqué mardi à l&apos;AFP le colonel John Thomas. Depuis le lancement la semaine dernière d&apos;une opération militaire turque dans le nord de la Syrie, les Etats-Unis cherchent àéviter un embrasement des combats entre les forces turques et les milices kurdes syriennes, deux de leurs alliés cruciaux dans le combat contre le groupe Etat islamique (EI).Le président américain Barack Obama doit rencontrer dimanche son homologue turc Recep Tayyip Erdogan pour évoquer la situation en Syrie, en marge d&apos;un sommet du G20 en Chine.Les Turcs et les Forces démocratiques syriennes (coalition arabo-kurde dominée par les milices kurdes) ont ouvert des canaux de discussion avec nous et entre eux dans le but de limiter les hostilités, a déclaré le colonel Thomas.C&apos;est un accord de principe pour au moins les deux prochains jours et nous espérons qu&apos;il va se consolider par la suite, a-t-il affirmé.La Turquie a lancé mercredi dans le nord de la Syrie l&apos;opération Bouclier de l&apos;Euphrate, visant à la fois les combattants kurdes et les jihadistes de l&apos;EI.Ankara affirme que cette opération sans précédent vise à débarrasser la frontière à la fois du groupe jihadiste et des milices kurdes YPG (Unités de protection du peuple kurde), qu&apos;elle considère comme une organisation terroriste.Mais depuis mercredi, date de la reprise facile à l&apos;EI de la localité syrienne de Jarablos par des rebelles syriens soutenus par Ankara, les efforts de la Turquie se sont majoritairement portés sur les YPG.La Turquie, en conflit avec les Kurdes sur son propre territoire, veut éviter que les Kurdes syriens ne forment une frontière continue le long de sa frontière avec la Syrie.Mais les Kurdes syriens sont par ailleurs les alliés les plus efficaces des Etats-Unis et de la coalition internationale contre le groupe Etat islamique. (©AFP / 30 août 2016 16h48)
</topic_text>
<spam_score>0.00</spam_score>
<post_num>1</post_num>
<post_id>post-1</post_id>
<post_url>http://www.romandie.com/news/Syrie-forces-turques-et-milices-kurdes-acceptent-darreter-les-hostilites/732443.rom</post_url>
<post_date>20160830</post_date>
<post_time>1451</post_time>
<username></username>
<post>
Tweet Syrie: forces turques et milices kurdes acceptent d&apos;arrêter les hostilités Washington - Les forces turques qui interviennent dans le nord de la Syrie et les milices kurdes sur place ont accepté d&apos;arrêter les hostilités, selon le porte-parole du Centcom, le commandement militaire américain au Moyen-Orient. Ces dernières heures, nous avons reçu l&apos;assurance que toutes les parties impliquées vont arrêter de se tirer dessus et se concentrer sur la menace du groupe Etat islamique, a indiqué mardi à l&apos;AFP le colonel John Thomas. Depuis le lancement la semaine dernière d&apos;une opération militaire turque dans le nord de la Syrie, les Etats-Unis cherchent àéviter un embrasement des combats entre les forces turques et les milices kurdes syriennes, deux de leurs alliés cruciaux dans le combat contre le groupe Etat islamique (EI).Le président américain Barack Obama doit rencontrer dimanche son homologue turc Recep Tayyip Erdogan pour évoquer la situation en Syrie, en marge d&apos;un sommet du G20 en Chine.Les Turcs et les Forces démocratiques syriennes (coalition arabo-kurde dominée par les milices kurdes) ont ouvert des canaux de discussion avec nous et entre eux dans le but de limiter les hostilités, a déclaré le colonel Thomas.C&apos;est un accord de principe pour au moins les deux prochains jours et nous espérons qu&apos;il va se consolider par la suite, a-t-il affirmé.La Turquie a lancé mercredi dans le nord de la Syrie l&apos;opération Bouclier de l&apos;Euphrate, visant à la fois les combattants kurdes et les jihadistes de l&apos;EI.Ankara affirme que cette opération sans précédent vise à débarrasser la frontière à la fois du groupe jihadiste et des milices kurdes YPG (Unités de protection du peuple kurde), qu&apos;elle considère comme une organisation terroriste.Mais depuis mercredi, date de la reprise facile à l&apos;EI de la localité syrienne de Jarablos par des rebelles syriens soutenus par Ankara, les efforts de la Turquie se sont majoritairement portés sur les YPG.La Turquie, en conflit avec les Kurdes sur son propre territoire, veut éviter que les Kurdes syriens ne forment une frontière continue le long de sa frontière avec la Syrie.Mais les Kurdes syriens sont par ailleurs les alliés les plus efficaces des Etats-Unis et de la coalition internationale contre le groupe Etat islamique. (©AFP / 30 août 2016 16h48)
</post>
<signature>

</signature>
<external_links>

</external_links>
<country>CH</country>
<main_image></main_image>
</document>
