<?xml version="1.0" encoding="UTF-8"?>
<document>
<type>mainstream</type>
<forum></forum>
<forum_title></forum_title>
<discussion_title>African press review 30 August 2016 - Africa - RFI</discussion_title>
<language>english</language>
<gmt_offset></gmt_offset>
<topic_url>http://en.rfi.fr/africa/20160830-african-press-review-30-august-2016</topic_url>
<topic_text>
Issued on 30-08-2016 Modified 30-08-2016 to 16:26 
An internal war looms in South Africa&apos;s ruling ANC party as the investigation of Finance Minister Pravin Gordhan continues. Meanwhile, Nigeria applauds Niger Delta ceasefire but the atmosphere is poisoned by allegations of fresh petrol price increases. 
We begin in South Africa where the fate of Finance Minister Pravin Gordhan hangs in the balance. Several papers report that he is facing dismissal and prosecution for refusing to appear before the country&apos;s Directorate for Priority Crime Investigation (Hawks) over allegations that he set up an illicit investigative unit when he ran the South African Revenue Service. 
Mail and Guardian 
According to the paper, the Hawks mainly handle serious cases referred to it by the President or the South African Police Service. 
It also points out that the Hawks have again illustrated the danger of state institutions that do the political bidding of their political masters and fail to follow the law . 
It reports that already some ANC officials, including the party&apos;s deputy secretary general, Jessie Duarte, claimed that he had put himself above the law by failing to present himself to the Hawks.This, while Deputy President Cyril Ramaphosa, a leading candidate to succeed Zuma as party leader lamented the arrest threat hanging over Gordhan, to whom he pledged “his total confidence&quot; 
The Mail and Guardian says splits in the ANC over the Hawks’ investigation of the Finance Minister are marking the battle lines for control of the party after President Jacob Zuma steps down as its leader next year. 
Johannesburg Star 
The paper says that more than 30 witnesses have been lined up to testify against Pravin Gordhan who faces a charge of corruption for granting former South African Revenue Service commissioner Ivan Pillay, early retirement and later extending his contract. 
Cape Times 
According to the publication, the impending arrest of the Finance Minister has escalated into a verbal sparring match, with President Jacob Zuma and his deputy, Cyril Ramaphosa, sending conflicting messages. 
The Cape Times says Ramaphosa contradicted Zuma&apos;s claims that he had no power to stop the investigation, when he suggested that Gordhan&apos;s possible arrest “should concern them”. 
Business Day 
Business Day relays a warning from the Goldman Sachs Group that South Africa’s credit rating would be cut and the rand would &quot;buckle&quot; if Finance Minister Pravin Gordhan was removed from his post. 
The publication quotes the global investment Bank as saying that his dismissal will be very badly taken by the rating agencies and will probably result in South Africa being downgraded. BusinessDay reports that the Rand slipped 0.8% to R14.4817 per dollar by noon on Monday in Johannesburg, heading for the weakest close since July 15. 
In Nigeria, that the military and Niger Delta militants on Monday agreed to a ceasefire deal to stop hostilities in the region. 
The Sun 
According to the newspaper the deal means all the groups will henceforth stop bombing of oil pipelines which have resulted in a dramatic drop in the country&apos;s revenues. 
The Guardian 
The publication expresses consternation at reports that oil marketers are canvassing for new oil price of hikes, of 151.87 Naira per litre barely three months after the Buhari administration, increased the pump price of petrol from 86.50 to 145 naira, the highest ever according to the newspaper. 
The Guardian holds that against the background of arguably the worst economic hardship in Nigeria ever, the mere thought of the increase smacks of gross insensitivity and callousness on the part of those contemplating it. 

</topic_text>
<spam_score>0.10</spam_score>
<post_num>1</post_num>
<post_id>post-1</post_id>
<post_url>http://en.rfi.fr/africa/20160830-african-press-review-30-august-2016</post_url>
<post_date>20160830</post_date>
<post_time></post_time>
<username>William Niba</username>
<post>
Issued on 30-08-2016 Modified 30-08-2016 to 16:26 
An internal war looms in South Africa&apos;s ruling ANC party as the investigation of Finance Minister Pravin Gordhan continues. Meanwhile, Nigeria applauds Niger Delta ceasefire but the atmosphere is poisoned by allegations of fresh petrol price increases. 
We begin in South Africa where the fate of Finance Minister Pravin Gordhan hangs in the balance. Several papers report that he is facing dismissal and prosecution for refusing to appear before the country&apos;s Directorate for Priority Crime Investigation (Hawks) over allegations that he set up an illicit investigative unit when he ran the South African Revenue Service. 
Mail and Guardian 
According to the paper, the Hawks mainly handle serious cases referred to it by the President or the South African Police Service. 
It also points out that the Hawks have again illustrated the danger of state institutions that do the political bidding of their political masters and fail to follow the law . 
It reports that already some ANC officials, including the party&apos;s deputy secretary general, Jessie Duarte, claimed that he had put himself above the law by failing to present himself to the Hawks.This, while Deputy President Cyril Ramaphosa, a leading candidate to succeed Zuma as party leader lamented the arrest threat hanging over Gordhan, to whom he pledged “his total confidence&quot; 
The Mail and Guardian says splits in the ANC over the Hawks’ investigation of the Finance Minister are marking the battle lines for control of the party after President Jacob Zuma steps down as its leader next year. 
Johannesburg Star 
The paper says that more than 30 witnesses have been lined up to testify against Pravin Gordhan who faces a charge of corruption for granting former South African Revenue Service commissioner Ivan Pillay, early retirement and later extending his contract. 
Cape Times 
According to the publication, the impending arrest of the Finance Minister has escalated into a verbal sparring match, with President Jacob Zuma and his deputy, Cyril Ramaphosa, sending conflicting messages. 
The Cape Times says Ramaphosa contradicted Zuma&apos;s claims that he had no power to stop the investigation, when he suggested that Gordhan&apos;s possible arrest “should concern them”. 
Business Day 
Business Day relays a warning from the Goldman Sachs Group that South Africa’s credit rating would be cut and the rand would &quot;buckle&quot; if Finance Minister Pravin Gordhan was removed from his post. 
The publication quotes the global investment Bank as saying that his dismissal will be very badly taken by the rating agencies and will probably result in South Africa being downgraded. BusinessDay reports that the Rand slipped 0.8% to R14.4817 per dollar by noon on Monday in Johannesburg, heading for the weakest close since July 15. 
In Nigeria, that the military and Niger Delta militants on Monday agreed to a ceasefire deal to stop hostilities in the region. 
The Sun 
According to the newspaper the deal means all the groups will henceforth stop bombing of oil pipelines which have resulted in a dramatic drop in the country&apos;s revenues. 
The Guardian 
The publication expresses consternation at reports that oil marketers are canvassing for new oil price of hikes, of 151.87 Naira per litre barely three months after the Buhari administration, increased the pump price of petrol from 86.50 to 145 naira, the highest ever according to the newspaper. 
The Guardian holds that against the background of arguably the worst economic hardship in Nigeria ever, the mere thought of the increase smacks of gross insensitivity and callousness on the part of those contemplating it. 

</post>
<signature>

</signature>
<external_links>

</external_links>
<country>FR</country>
<main_image>http://scd.en.rfi.fr/sites/english.filesrfi/imagecache/rfi_16x9_1024_578/sites/images.rfi.fr/files/aef_image/african_press_review_right2.jpg</main_image>
</document>
