<?xml version="1.0" encoding="UTF-8"?>
<document>
<type>mainstream</type>
<forum>http://handelsblatt.com//contentexport/feed/top-themen/</forum>
<forum_title>Handelsblatt Online Top-Themen</forum_title>
<discussion_title>Jörg Meuthen: AfD-Bundeschef mit tiefgefrorener Torte beworfen</discussion_title>
<language>german</language>
<gmt_offset></gmt_offset>
<topic_url>http://www.handelsblatt.com/politik/deutschland/joerg-meuthen-afd-bundeschef-mit-tiefgefrorener-torte-beworfen/14475068.html</topic_url>
<topic_text>
Jörg Meuthen und Frauke Petry Der AfD-Parteivorsitzende Meuthen wurde nach einem Tortenwurf von einen Arzt versorgt und hat dann seine Rede fortgesetzt.
(Foto: dpa) Seevetal Mit einer tiefgefrorenen Torte hat ein 17-Jähriger den AfD-Bundeschef Jörg Meuthen bei einer Versammlung seiner Partei im niedersächsischen Landkreis Harburg beworfen. Meuthen sei dabei am Montag in Seevetal leicht am Kopf verletzt worden, teilte die Polizei am Dienstag mit. Der Politiker sei durch einen Arzt versorgt worden, er habe seine Rede nach wenigen Minuten fortsetzen können.
Die Polizei konnte den Tortenwerfer mittels einer Videoaufzeichnung identifizieren. Der 17-Jährige sei den Beamten im Kreis Harburg als Angehöriger der linken Szene bekannt, hieß es. Der Staatsschutz ermittelt nun gegen den Jugendlichen wegen gefährlicher Körperverletzung.
image Studie über die AfD : Durchmarsch der „Wohlstands-Chauvinisten“ 
Premium Die AfD wird auch bei den Landtagswahlen in Mecklenburg-Vorpommern und Berlin erfolgreich sein. Wissenschaftler haben nun deren Anhänger analysiert – und Erklärungen für den Triumphzug der Partei gefunden. mehr… 
„Ich habe Glück gehabt, dass der Straftäter mich nicht richtig getroffen hat, sonst läge ich mit Sicherheit im Krankenhaus“, sagte Meuthen laut Mitteilung. „Diese feige und gefährliche Tat ist nur ein weiteres Beispiel für die unzähligen Attacken auf unsere Mitglieder und Wahlkämpfer.“ Es sei ein Skandal, dass die Politiker der alteingesessenen Parteien nichts gegen solche massiven Behinderungen und Straftaten unternähmen, kritisierte Meuthen.
dpa dpa dpa Deutsche Presse-Agentur GmbH / Nachrichtenagentur Alle Beiträge von dpa anzeigen. Politik-News Kolumnen Special 16:57 Uhr Marineeinsatz „Sophia“ : EU startet neue Einsätze vor Libyens Küste 16:48 Uhr Gauck-Nachfolge : Steinmeier for President? 16:22 Uhr Jörg Meuthen : AfD-Bundeschef mit tiefgefrorener Torte beworfen 16:15 Uhr Rousseff vor dem Aus : Brasiliens Senat will Präsidentin offenbar mit Zweidrittel-Mehrheit absetzen 16:07 Uhr Integrationsgesetz : Bayern lehnt SPD-Pläne kategorisch ab 15:47 Uhr Einigung mit EU : Deutsche Industrie behält Privilegien bei Ökostrom 15:36 Uhr Urteil des Verfassungsgerichtshofs : Der „Kommunal-Soli“ ist verfassungskonform 15:34 Uhr Türkei nach dem Putschversuch : Die „schwarze Liste“ des Recep Tayyip Erdogan 15:21 Uhr Arbeitslosengeld II erhöht : Das ist im Hartz-IV-Regelsatz enthalten 15:19 Uhr TTIP droht das Scheitern : Sigmar Gabriel legt nochmal nach 15:14 Uhr Soziale Start-ups und die SPD : Premium Mehr Unterstützung für die „Sozialerfinder“ 14:09 Uhr Konjunktur : Deutsche Inflation zieht kaum an 13:59 Uhr EZB-Anleihenkäufe : Bundesanleihen für Kaufprogramm werden rar 13:56 Uhr TTIP-Verhandlungen vor dem Aus : Die Antiglobalisierer 13:42 Uhr Nach Lebenslauf-Affäre : Petra Hinz ist ab Donnerstag keine Abgeordnete mehr 13:39 Uhr Hartz-IV-Sätze steigen : Kinder ab sechs Jahren bekommen deutlich mehr 13:34 Uhr Forderungen nach Steuersenkungen : Wie Kleinverdiener wirksam entlastet werden könnten 13:20 Uhr Emmanuel Macron : Frankreichs Wirtschaftsminister kündigt Rücktritt an 13:15 Uhr Kampf gegen den IS : Obama will mit Erdogan über Differenzen sprechen 12:54 Uhr Horst Seehofer zu K-Frage : CSU-Chef dringt auf Ende der Kanzlerdebatte Alle Schlagzeilen Videos Bilder Politik : SPD-Spitzenkandidat Sellering besorgt über Erstarken der AfD Mögliches Kriegsverbrechen : Kollektivstrafe im Westjordanland Wahlkampf : „Wir müssen um die Wähler und Wählerinnen kämpfen“ Weitere Videos Statistiken zum Thema Politik Statista : Altersstruktur der Bevölkerung in Deutschland 2015 Statista : Zahl der Einwohner in Deutschland bis 2015 Statista : Umfrage in Deutschland zum Anlegen von Vorräten für den Fall einer Katastrophe 2016
</topic_text>
<spam_score>0.00</spam_score>
<post_num>1</post_num>
<post_id>post-1</post_id>
<post_url>http://www.handelsblatt.com/politik/deutschland/joerg-meuthen-afd-bundeschef-mit-tiefgefrorener-torte-beworfen/14475068.html</post_url>
<post_date>20160830</post_date>
<post_time>1622</post_time>
<username>handelsblatt.com</username>
<post>
Jörg Meuthen und Frauke Petry Der AfD-Parteivorsitzende Meuthen wurde nach einem Tortenwurf von einen Arzt versorgt und hat dann seine Rede fortgesetzt.
(Foto: dpa) Seevetal Mit einer tiefgefrorenen Torte hat ein 17-Jähriger den AfD-Bundeschef Jörg Meuthen bei einer Versammlung seiner Partei im niedersächsischen Landkreis Harburg beworfen. Meuthen sei dabei am Montag in Seevetal leicht am Kopf verletzt worden, teilte die Polizei am Dienstag mit. Der Politiker sei durch einen Arzt versorgt worden, er habe seine Rede nach wenigen Minuten fortsetzen können.
Die Polizei konnte den Tortenwerfer mittels einer Videoaufzeichnung identifizieren. Der 17-Jährige sei den Beamten im Kreis Harburg als Angehöriger der linken Szene bekannt, hieß es. Der Staatsschutz ermittelt nun gegen den Jugendlichen wegen gefährlicher Körperverletzung.
image Studie über die AfD : Durchmarsch der „Wohlstands-Chauvinisten“ 
Premium Die AfD wird auch bei den Landtagswahlen in Mecklenburg-Vorpommern und Berlin erfolgreich sein. Wissenschaftler haben nun deren Anhänger analysiert – und Erklärungen für den Triumphzug der Partei gefunden. mehr… 
„Ich habe Glück gehabt, dass der Straftäter mich nicht richtig getroffen hat, sonst läge ich mit Sicherheit im Krankenhaus“, sagte Meuthen laut Mitteilung. „Diese feige und gefährliche Tat ist nur ein weiteres Beispiel für die unzähligen Attacken auf unsere Mitglieder und Wahlkämpfer.“ Es sei ein Skandal, dass die Politiker der alteingesessenen Parteien nichts gegen solche massiven Behinderungen und Straftaten unternähmen, kritisierte Meuthen.
dpa dpa dpa Deutsche Presse-Agentur GmbH / Nachrichtenagentur Alle Beiträge von dpa anzeigen. Politik-News Kolumnen Special 16:57 Uhr Marineeinsatz „Sophia“ : EU startet neue Einsätze vor Libyens Küste 16:48 Uhr Gauck-Nachfolge : Steinmeier for President? 16:22 Uhr Jörg Meuthen : AfD-Bundeschef mit tiefgefrorener Torte beworfen 16:15 Uhr Rousseff vor dem Aus : Brasiliens Senat will Präsidentin offenbar mit Zweidrittel-Mehrheit absetzen 16:07 Uhr Integrationsgesetz : Bayern lehnt SPD-Pläne kategorisch ab 15:47 Uhr Einigung mit EU : Deutsche Industrie behält Privilegien bei Ökostrom 15:36 Uhr Urteil des Verfassungsgerichtshofs : Der „Kommunal-Soli“ ist verfassungskonform 15:34 Uhr Türkei nach dem Putschversuch : Die „schwarze Liste“ des Recep Tayyip Erdogan 15:21 Uhr Arbeitslosengeld II erhöht : Das ist im Hartz-IV-Regelsatz enthalten 15:19 Uhr TTIP droht das Scheitern : Sigmar Gabriel legt nochmal nach 15:14 Uhr Soziale Start-ups und die SPD : Premium Mehr Unterstützung für die „Sozialerfinder“ 14:09 Uhr Konjunktur : Deutsche Inflation zieht kaum an 13:59 Uhr EZB-Anleihenkäufe : Bundesanleihen für Kaufprogramm werden rar 13:56 Uhr TTIP-Verhandlungen vor dem Aus : Die Antiglobalisierer 13:42 Uhr Nach Lebenslauf-Affäre : Petra Hinz ist ab Donnerstag keine Abgeordnete mehr 13:39 Uhr Hartz-IV-Sätze steigen : Kinder ab sechs Jahren bekommen deutlich mehr 13:34 Uhr Forderungen nach Steuersenkungen : Wie Kleinverdiener wirksam entlastet werden könnten 13:20 Uhr Emmanuel Macron : Frankreichs Wirtschaftsminister kündigt Rücktritt an 13:15 Uhr Kampf gegen den IS : Obama will mit Erdogan über Differenzen sprechen 12:54 Uhr Horst Seehofer zu K-Frage : CSU-Chef dringt auf Ende der Kanzlerdebatte Alle Schlagzeilen Videos Bilder Politik : SPD-Spitzenkandidat Sellering besorgt über Erstarken der AfD Mögliches Kriegsverbrechen : Kollektivstrafe im Westjordanland Wahlkampf : „Wir müssen um die Wähler und Wählerinnen kämpfen“ Weitere Videos Statistiken zum Thema Politik Statista : Altersstruktur der Bevölkerung in Deutschland 2015 Statista : Zahl der Einwohner in Deutschland bis 2015 Statista : Umfrage in Deutschland zum Anlegen von Vorräten für den Fall einer Katastrophe 2016
</post>
<signature>

</signature>
<external_links>

</external_links>
<country>DE</country>
<main_image>http://www.handelsblatt.com/images/joerg-meuthen-und-frauke-petry/14475084/2-format2010.jpg</main_image>
</document>
