<?xml version="1.0" encoding="UTF-8"?>
<document>
<type>mainstream</type>
<forum>http://www.marler-zeitung.de/staedte/recklinghausen/?_XML=rss</forum>
<forum_title>Recklinghausen | www.marler-zeitung.de</forum_title>
<discussion_title>Halterner Straße halbseitig gesperrt</discussion_title>
<language>german</language>
<gmt_offset></gmt_offset>
<topic_url>http://www.recklinghaeuser-zeitung.de/staedte/recklinghausen/45657-Nordviertel~/Fluechtlingsunterkunft-Halterner-Strasse-halbseitig-gesperrt;art1000,1861233</topic_url>
<topic_text>
Lieber Leser, 
wir freuen uns, dass Sie Interesse an unserem Online-Angebot haben. 
Mit einer kostenlosen Registrierung können Sie bis zu zehn Freiartikel lesen. Wenn Sie darüber hinaus das Online-Angebot nutzen möchten, bieten wir Ihnen für 6,90 Euro monatlich einen freien Zugang. Sind Sie bereits Vollabonnent unserer Tageszeitung oder besitzen Sie ein ePaper-Abonnement? Dann erhalten Sie diesen Service kostenlos. Dazu geben Sie bei der Registrierung bitte Ihre siebenstellige Kundennummer an. JETZT REGISTRIEREN und monatlich 10 Freiartikel sichern. Sie sind bereits registriert oder Digital-Abonnent? Melden Sie sich einfach hier an, um den Artikel zu lesen. EINLOGGEN Flüchtlingsunterkunft : Halterner Straße halbseitig gesperrt RECKLINGHAUSEN An der Josef-Wulff-Straße laufen derzeit die Vorarbeiten für den Bau einer neuen Flüchtlingsunterkunft. Das hat auch Auswirkungen auf den Verkehr auf der angrenzenden Halterner Straße. 
Lieber Leser, 
wir freuen uns, dass Sie Interesse an unserem Online-Angebot haben. 
Mit einer kostenlosen Registrierung können Sie monatlich zehn Freiartikel lesen. Wenn Sie darüber hinaus das Online-Angebot nutzen möchten, bieten wir Ihnen für 6,90 Euro monatlich einen freien Zugang. Sind Sie bereits Abonnent unserer Tageszeitung oder besitzen ein ePaper-Abonnement? Dann erhalten Sie diesen Service kostenlos. Dazu geben Sie bei der Registrierung bitte Ihre siebenstellige Kundennummer an.
</topic_text>
<spam_score>0.00</spam_score>
<post_num>1</post_num>
<post_id>post-1</post_id>
<post_url>http://www.recklinghaeuser-zeitung.de/staedte/recklinghausen/45657-Nordviertel~/Fluechtlingsunterkunft-Halterner-Strasse-halbseitig-gesperrt;art1000,1861233</post_url>
<post_date>20160830</post_date>
<post_time>1129</post_time>
<username></username>
<post>
Lieber Leser, 
wir freuen uns, dass Sie Interesse an unserem Online-Angebot haben. 
Mit einer kostenlosen Registrierung können Sie bis zu zehn Freiartikel lesen. Wenn Sie darüber hinaus das Online-Angebot nutzen möchten, bieten wir Ihnen für 6,90 Euro monatlich einen freien Zugang. Sind Sie bereits Vollabonnent unserer Tageszeitung oder besitzen Sie ein ePaper-Abonnement? Dann erhalten Sie diesen Service kostenlos. Dazu geben Sie bei der Registrierung bitte Ihre siebenstellige Kundennummer an. JETZT REGISTRIEREN und monatlich 10 Freiartikel sichern. Sie sind bereits registriert oder Digital-Abonnent? Melden Sie sich einfach hier an, um den Artikel zu lesen. EINLOGGEN Flüchtlingsunterkunft : Halterner Straße halbseitig gesperrt RECKLINGHAUSEN An der Josef-Wulff-Straße laufen derzeit die Vorarbeiten für den Bau einer neuen Flüchtlingsunterkunft. Das hat auch Auswirkungen auf den Verkehr auf der angrenzenden Halterner Straße. 
Lieber Leser, 
wir freuen uns, dass Sie Interesse an unserem Online-Angebot haben. 
Mit einer kostenlosen Registrierung können Sie monatlich zehn Freiartikel lesen. Wenn Sie darüber hinaus das Online-Angebot nutzen möchten, bieten wir Ihnen für 6,90 Euro monatlich einen freien Zugang. Sind Sie bereits Abonnent unserer Tageszeitung oder besitzen ein ePaper-Abonnement? Dann erhalten Sie diesen Service kostenlos. Dazu geben Sie bei der Registrierung bitte Ihre siebenstellige Kundennummer an.
</post>
<signature>

</signature>
<external_links>

</external_links>
<country>DE</country>
<main_image>https://www.marler-zeitung.de/storage/pic/logos/sonstiges/871285_0_urn-newsml-dpa-com-20090101-140401-99-08267_large_4_3.jpg?version=1465569885</main_image>
</document>
