<?xml version="1.0" encoding="UTF-8"?>
<document>
<type>mainstream</type>
<forum>http://rssfeeds.wfmynews2.com/_/20/109880666/wfmynews2-local</forum>
<forum_title>WFMY -Local</forum_title>
<discussion_title>Greensboro Joining Water Campaign Day</discussion_title>
<language>english</language>
<gmt_offset></gmt_offset>
<topic_url>http://rssfeeds.wfmynews2.com/_/20/109880666/http&amp;#x3a;&amp;#x2f;&amp;#x2f;www&amp;#x2e;wfmynews2&amp;#x2e;com&amp;#x2f;news&amp;#x2f;community&amp;#x2f;greensboro-to-join-water-campaign-day&amp;#x2f;311226442</topic_url>
<topic_text>
Greensboro To Join Water Campaign Day  56   Sink CONNECT TWEET LINKEDIN GOOGLE+ PINTEREST 
Greensboro is hoping to bring awareness to water resources by taking part in an annual national campaign. 
On Sept. 15, the town will participate in &quot;Imagine a Day Without Water,&quot; a campaign to raise awareness about the challenges water systems face. A release from the city says the country&apos;s infrastructure that brings water to homes and businesses is aging and needs investment. 
The release states most water pipes have an average shelf life of 50 years, but in some cities pipes are over 100 years old. Greensboro&apos;s distribution system of treatment facilities, pumping stations and over 3,000 miles of buried pipe date back to the early 1900s. 
The town plans to acknowledge the initiative through social media. Earlier this month, nearby High Point issued a Boil Water Advisory for a isolated finding of E.coli in its water. 
Copyright 2016 WFMY
</topic_text>
<spam_score>0.00</spam_score>
<post_num>1</post_num>
<post_id>post-1</post_id>
<post_url>http://rssfeeds.wfmynews2.com/_/20/109880666/http&amp;#x3a;&amp;#x2f;&amp;#x2f;www&amp;#x2e;wfmynews2&amp;#x2e;com&amp;#x2f;news&amp;#x2f;community&amp;#x2f;greensboro-to-join-water-campaign-day&amp;#x2f;311226442</post_url>
<post_date>20160830</post_date>
<post_time>1456</post_time>
<username></username>
<post>
Greensboro To Join Water Campaign Day  56   Sink CONNECT TWEET LINKEDIN GOOGLE+ PINTEREST 
Greensboro is hoping to bring awareness to water resources by taking part in an annual national campaign. 
On Sept. 15, the town will participate in &quot;Imagine a Day Without Water,&quot; a campaign to raise awareness about the challenges water systems face. A release from the city says the country&apos;s infrastructure that brings water to homes and businesses is aging and needs investment. 
The release states most water pipes have an average shelf life of 50 years, but in some cities pipes are over 100 years old. Greensboro&apos;s distribution system of treatment facilities, pumping stations and over 3,000 miles of buried pipe date back to the early 1900s. 
The town plans to acknowledge the initiative through social media. Earlier this month, nearby High Point issued a Boil Water Advisory for a isolated finding of E.coli in its water. 
Copyright 2016 WFMY
</post>
<signature>

</signature>
<external_links>

</external_links>
<country>US</country>
<main_image>http://content.wfmynews2.com/photo/2016/08/23/watersink_1472007552212_5777666_ver1.0_640_360.jpg</main_image>
</document>
