<?xml version="1.0" encoding="UTF-8"?>
<document>
<type>mainstream</type>
<forum>http://www.ultimahora.com/rss/UltimoMomento.xml</forum>
<forum_title>Ultima Hora - RSS Último Momento</forum_title>
<discussion_title>Luis Villasanti: &quot;La ARP es defensora de la FTC&quot;</discussion_title>
<language>spanish</language>
<gmt_offset></gmt_offset>
<topic_url>http://www.ultimahora.com/luis-villasanti-la-arp-es-defensora-la-ftc-n1019987.html</topic_url>
<topic_text>
  
&quot;La ARP es defensora de la Fuerzas de Tarea Conjunta, no queremos que salgan de los tres departamentos, nos dan tranquilidad&quot;, manifestó Luis Villasanti. 
Expresó que llegaron hasta Mburuvicha Róga para exigir más seguridad y que no hablará de estrategia militar porque eso sería irresponsable de su parte, según informó el periodista de ÚH, Roberto Santander. 
&quot;Vinimos con mucho recelo y desconfianza a esta reunión, pero nos vamos muy esperanzados al encontrar un presidente muy proactivo&quot;, agregó el titular de la ARP. 
Por su parte, Beltrán Macchi, de Cerneco, pidió a la clase política que sea clara en sus respuestas y en sus actos. 
Eduardo Felippo, de la UIP, aclaró que la posición de los gremios de la producción no puede tener una posición política sino que piden resultados. 
El representante de la UGP, Héctor Cristaldo, dijo que &quot;esto no es para estar peleándonos entre nosotros cuando tenemos una situación así&quot;. 
Finalmente, indicaron que ya se reunieron con todos los poderes del Estado, y que solo les falta reunirse con el representante de la Fiscalía General del Estado.
</topic_text>
<spam_score>0.00</spam_score>
<post_num>1</post_num>
<post_id>post-1</post_id>
<post_url>http://www.ultimahora.com/luis-villasanti-la-arp-es-defensora-la-ftc-n1019987.html</post_url>
<post_date>20160830</post_date>
<post_time>1433</post_time>
<username></username>
<post>
  
&quot;La ARP es defensora de la Fuerzas de Tarea Conjunta, no queremos que salgan de los tres departamentos, nos dan tranquilidad&quot;, manifestó Luis Villasanti. 
Expresó que llegaron hasta Mburuvicha Róga para exigir más seguridad y que no hablará de estrategia militar porque eso sería irresponsable de su parte, según informó el periodista de ÚH, Roberto Santander. 
&quot;Vinimos con mucho recelo y desconfianza a esta reunión, pero nos vamos muy esperanzados al encontrar un presidente muy proactivo&quot;, agregó el titular de la ARP. 
Por su parte, Beltrán Macchi, de Cerneco, pidió a la clase política que sea clara en sus respuestas y en sus actos. 
Eduardo Felippo, de la UIP, aclaró que la posición de los gremios de la producción no puede tener una posición política sino que piden resultados. 
El representante de la UGP, Héctor Cristaldo, dijo que &quot;esto no es para estar peleándonos entre nosotros cuando tenemos una situación así&quot;. 
Finalmente, indicaron que ya se reunieron con todos los poderes del Estado, y que solo les falta reunirse con el representante de la Fiscalía General del Estado.
</post>
<signature>

</signature>
<external_links>

</external_links>
<country>PY</country>
<main_image>http://www.ultimahora.com/adjuntos/161/imagenes/006/062/0006062841.jpg</main_image>
</document>
