<?xml version="1.0" encoding="UTF-8"?>
<document>
<type>mainstream</type>
<forum></forum>
<forum_title></forum_title>
<discussion_title>Vídeo mostra Hope Solo em prantos ao ser banida da seleção | VEJA.com</discussion_title>
<language>portuguese</language>
<gmt_offset></gmt_offset>
<topic_url>http://veja.abril.com.br/esporte/video-mostra-hope-solo-em-prantos-ao-ser-banida-da-selecao/</topic_url>
<topic_text>
6 Após crime, assassino posta no Facebook: &apos;Acabo de matar alguém&apos; Vídeo mostra Hope Solo em prantos ao ser banida da seleção Ela é uma das personagens de um documentário que mostra três estrelas esportivas dos Estados Unidos antes e durante a Olimpíada do Rio de Janeiro Por Da redação chat_bubble_outline more_horiz Cena do documentário Keeping Score, que mostra Hope Solo chorando ao saber de banimento da seleção americana (Youtube/Reprodução) 
A goleira americana Hope Solo, estrela do futebol feminino e desafeto da torcida brasileira na Rio-2016 por suas piadas sobre o zika vírus , foi flagrada em prantos no mesmo momento em que soube da suspensão de seis meses da seleção de futebol dos Estados Unidos . Ela é uma das personagens do documentário Keeping Score , da produtora americana Fullscreen, que acompanhou a trajetória de três grandes atletas do país antes e durante a Olimpíada do Rio de Janeiro. 
LEIA TAMBÉM: Zicada? Hope Solo leva frango e EUA só empatam 
No trecho do documentário, ela grita visivelmente chateada com a punição: “17 malditos anos e acabou!”, disse a jogadora de 35 anos, acompanhada de seu marido Jerramy Stevens, ex-jogador da NFL. Hope foi banida pela Federação de Futebol dos Estados Unidos por ter chamado as jogadoras da seleção sueca de “covardes” , após a eliminação de sua equipe nas quartas de final do Jogos Olímpicos do Rio de Janeiro. 
</topic_text>
<spam_score>0.58</spam_score>
<post_num>1</post_num>
<post_id>post-1</post_id>
<post_url>http://veja.abril.com.br/esporte/video-mostra-hope-solo-em-prantos-ao-ser-banida-da-selecao/</post_url>
<post_date>20160830</post_date>
<post_time></post_time>
<username></username>
<post>
6 Após crime, assassino posta no Facebook: &apos;Acabo de matar alguém&apos; Vídeo mostra Hope Solo em prantos ao ser banida da seleção Ela é uma das personagens de um documentário que mostra três estrelas esportivas dos Estados Unidos antes e durante a Olimpíada do Rio de Janeiro Por Da redação chat_bubble_outline more_horiz Cena do documentário Keeping Score, que mostra Hope Solo chorando ao saber de banimento da seleção americana (Youtube/Reprodução) 
A goleira americana Hope Solo, estrela do futebol feminino e desafeto da torcida brasileira na Rio-2016 por suas piadas sobre o zika vírus , foi flagrada em prantos no mesmo momento em que soube da suspensão de seis meses da seleção de futebol dos Estados Unidos . Ela é uma das personagens do documentário Keeping Score , da produtora americana Fullscreen, que acompanhou a trajetória de três grandes atletas do país antes e durante a Olimpíada do Rio de Janeiro. 
LEIA TAMBÉM: Zicada? Hope Solo leva frango e EUA só empatam 
No trecho do documentário, ela grita visivelmente chateada com a punição: “17 malditos anos e acabou!”, disse a jogadora de 35 anos, acompanhada de seu marido Jerramy Stevens, ex-jogador da NFL. Hope foi banida pela Federação de Futebol dos Estados Unidos por ter chamado as jogadoras da seleção sueca de “covardes” , após a eliminação de sua equipe nas quartas de final do Jogos Olímpicos do Rio de Janeiro. 
</post>
<signature>

</signature>
<external_links>

</external_links>
<country>US</country>
<main_image>https://abrilveja.files.wordpress.com/2016/08/esporte-hope-solo.jpg?quality=70&amp;#038;strip=all&amp;#038;w=1024</main_image>
</document>
