<?xml version="1.0" encoding="UTF-8"?>
<document>
<type>mainstream</type>
<forum>http://news.21.by/pub/rss/discuss.rss</forum>
<forum_title>Рейтинг обсуждаемых новостей 21.by</forum_title>
<discussion_title>Под Ошмянами лоб в лоб столкнулись Volkswagen и Opel: пострадали два человека</discussion_title>
<language>russian</language>
<gmt_offset></gmt_offset>
<topic_url>http://news.21.by/other-news/2016/08/30/1234685.html</topic_url>
<topic_text>
A 
Авария произошла 30 августа, около 08.00, вблизи деревни Людвиковщина Ошмянского района. Об этом &lt;&gt; сообщили в ГАИ Гродно . 
Двадцатилетний водитель Volkswagen со стажем вождения чуть более года на закруглении дороги вправо не справился с управлением, допустил выезд на встречную полосу, где врезался во встречный Opel. 
В результате ДТП оба водителя получили травмы различной степени тяжести. 
«Виновник ДТП не был пристегнут ремнем безопасности — с травмой головы его госпитализировали. Второй водитель был пристегнут, поэтому получил только перелом голени», — рассказали в ГАИ. 
Причины и обстоятельства аварии выясняются.
</topic_text>
<spam_score>0.00</spam_score>
<post_num>1</post_num>
<post_id>post-1</post_id>
<post_url>http://news.21.by/other-news/2016/08/30/1234685.html</post_url>
<post_date>20160830</post_date>
<post_time>1400</post_time>
<username></username>
<post>
A 
Авария произошла 30 августа, около 08.00, вблизи деревни Людвиковщина Ошмянского района. Об этом &lt;&gt; сообщили в ГАИ Гродно . 
Двадцатилетний водитель Volkswagen со стажем вождения чуть более года на закруглении дороги вправо не справился с управлением, допустил выезд на встречную полосу, где врезался во встречный Opel. 
В результате ДТП оба водителя получили травмы различной степени тяжести. 
«Виновник ДТП не был пристегнут ремнем безопасности — с травмой головы его госпитализировали. Второй водитель был пристегнут, поэтому получил только перелом голени», — рассказали в ГАИ. 
Причины и обстоятельства аварии выясняются.
</post>
<signature>

</signature>
<external_links>

</external_links>
<country>BY</country>
<main_image></main_image>
</document>
