<?xml version="1.0" encoding="UTF-8"?>
<document>
<type>mainstream</type>
<forum>http://www.advocatenblad.nl/?feed=rss2</forum>
<forum_title>Advocatenblad</forum_title>
<discussion_title>Vanaf 1 september één landelijk procesreglement voor hoven</discussion_title>
<language>dutch</language>
<gmt_offset></gmt_offset>
<topic_url>http://www.advocatenblad.nl/?p=89045</topic_url>
<topic_text>
Vanaf 1 september één landelijk procesreglement voor hoven 30 augustus 2016 
Per 1 september geldt een nieuw landelijk procesreglement voor civiele dagvaardingszaken bij de gerechtshoven. Hiermee komt een einde aan de pilotreglementen in Den Bosch en Amsterdam. Met de zesde versie van het procesreglement voor hoven streeft de Rechtspraak naar een verkorting van de doorlooptijden. Termijnen worden strenger gehandhaafd en de mogelijkheden om uitstel te vragen veranderen. 
Veel ruchtbaarheid heeft de Rechtspraak nog niet gegeven aan het nieuwe landelijke procesreglement bij de gerechtshoven, maar de nieuwe versie is vanaf 1 september van toepassing op zowel oude als nieuwe zaken, blijkt uit artikel 10.1 van het reglement. Het nieuwe reglement vervangt dan de vorige (vijfde) versie én de pilotprocesreglementen bij het Hof Amsterdam en het Hof ‘s-Hertogenbosch. 
Met de terugkeer naar landelijke uniformiteit bereidt de Rechtspraak zich voor op de invoering van het programma Kwaliteit en Innovatie (KEI). Dit heeft zijn weerslag in de termijnen en verdere beperking van mogelijkheden om uitstel te vragen, zo staat te lezen in de considerans. Zo worden voortaan alle termijnen ambtshalve gehandhaafd. Ook vervalt het recht om een proceshandeling te verrichten als die niet verricht is binnen de daarvoor gestelde termijn en er ook geen uitstel voor kan worden verkregen. In bodemzaken geldt een termijn van zes weken; in kort geding vier. Slechts éénmaal wordt ambtshalve uitstel verleend (vier weken in bodemzaken en twee in kort geding). Een eerste eenstemmig verzoek van partijen tot uitstel wordt verleend, tenzij uitstel zou leiden tot onredelijke vertraging. Bij een tweede en volgend eenstemmig verzoek moeten partijen de wens schriftelijk toelichten én motiveren waarom de zaak niet doorgehaald zou moeten worden. 
De Rechtspraak streeft met dit nieuwe reglement naar verkorting van de doorlooptijden. ‘Hierbij is geprofiteerd van de ervaringen die zijn opgedaan vanuit de pilots die de afgelopen tijd hebben gedraaid bij de gerechtshoven Amsterdam en ’s-Hertogenbosch,’ vermeldt de considerans. Opvallend genoeg leken de pilots eerder juist te lijden tot achterstanden . 
Nathalie Gloudemans-Voogd  
</topic_text>
<spam_score>0.00</spam_score>
<post_num>1</post_num>
<post_id>post-1</post_id>
<post_url>http://www.advocatenblad.nl/?p=89045</post_url>
<post_date>20160830</post_date>
<post_time>1414</post_time>
<username>Nathalie Gloudemans-Voogd</username>
<post>
Vanaf 1 september één landelijk procesreglement voor hoven 30 augustus 2016 
Per 1 september geldt een nieuw landelijk procesreglement voor civiele dagvaardingszaken bij de gerechtshoven. Hiermee komt een einde aan de pilotreglementen in Den Bosch en Amsterdam. Met de zesde versie van het procesreglement voor hoven streeft de Rechtspraak naar een verkorting van de doorlooptijden. Termijnen worden strenger gehandhaafd en de mogelijkheden om uitstel te vragen veranderen. 
Veel ruchtbaarheid heeft de Rechtspraak nog niet gegeven aan het nieuwe landelijke procesreglement bij de gerechtshoven, maar de nieuwe versie is vanaf 1 september van toepassing op zowel oude als nieuwe zaken, blijkt uit artikel 10.1 van het reglement. Het nieuwe reglement vervangt dan de vorige (vijfde) versie én de pilotprocesreglementen bij het Hof Amsterdam en het Hof ‘s-Hertogenbosch. 
Met de terugkeer naar landelijke uniformiteit bereidt de Rechtspraak zich voor op de invoering van het programma Kwaliteit en Innovatie (KEI). Dit heeft zijn weerslag in de termijnen en verdere beperking van mogelijkheden om uitstel te vragen, zo staat te lezen in de considerans. Zo worden voortaan alle termijnen ambtshalve gehandhaafd. Ook vervalt het recht om een proceshandeling te verrichten als die niet verricht is binnen de daarvoor gestelde termijn en er ook geen uitstel voor kan worden verkregen. In bodemzaken geldt een termijn van zes weken; in kort geding vier. Slechts éénmaal wordt ambtshalve uitstel verleend (vier weken in bodemzaken en twee in kort geding). Een eerste eenstemmig verzoek van partijen tot uitstel wordt verleend, tenzij uitstel zou leiden tot onredelijke vertraging. Bij een tweede en volgend eenstemmig verzoek moeten partijen de wens schriftelijk toelichten én motiveren waarom de zaak niet doorgehaald zou moeten worden. 
De Rechtspraak streeft met dit nieuwe reglement naar verkorting van de doorlooptijden. ‘Hierbij is geprofiteerd van de ervaringen die zijn opgedaan vanuit de pilots die de afgelopen tijd hebben gedraaid bij de gerechtshoven Amsterdam en ’s-Hertogenbosch,’ vermeldt de considerans. Opvallend genoeg leken de pilots eerder juist te lijden tot achterstanden . 
Nathalie Gloudemans-Voogd  
</post>
<signature>

</signature>
<external_links>

</external_links>
<country>NL</country>
<main_image></main_image>
</document>
