<?xml version="1.0" encoding="UTF-8"?>
<document>
<type>mainstream</type>
<forum>http://www.noticiascyl.com/feed</forum>
<forum_title>Noticiascyl</forum_title>
<discussion_title>Detenido tras robar joyas, perfumes, material informático y 2340€ en metálico</discussion_title>
<language>spanish</language>
<gmt_offset></gmt_offset>
<topic_url>http://www.noticiascyl.com/avila/2016/08/30/detenido-tras-robar-joyas-perfumes-material-informatico-y-2340e-en-metalico/</topic_url>
<topic_text>
Detenido tras robar joyas, perfumes, material informático y 2340€ en metálico Tiene 47 años 0 Efectivos de la Guardia Civil de Ávila ha detenido a un hombre de 47 años como presunto autor de ocho delitos de robo con fuerza ocurridos en viviendas de la zona de Navalperal de Pinares (Ávila). La detención se produjo a raíz de una denuncia por robo el 24 de agosto, que inició una investigación para el esclarecimiento del ilícito, obteniendo como resultado la determinación de la presunta autoría de los hechos, han informado a Europa Press fuentes del Instituto Armado. Al detenido se le atribuye robos cometidos en julio y agosto, en los que se denunció la sustracción de diversas joyas, perfumes, material informático y un total de efectivo de 2.340 euros. Por parte de la Guardia Civil de Ávila se continúan las gestiones para la recuperación de los efectos sustraídos
</topic_text>
<spam_score>0.00</spam_score>
<post_num>1</post_num>
<post_id>post-1</post_id>
<post_url>http://www.noticiascyl.com/avila/2016/08/30/detenido-tras-robar-joyas-perfumes-material-informatico-y-2340e-en-metalico/</post_url>
<post_date>20160830</post_date>
<post_time>1508</post_time>
<username>Alvar Salvador</username>
<post>
Detenido tras robar joyas, perfumes, material informático y 2340€ en metálico Tiene 47 años 0 Efectivos de la Guardia Civil de Ávila ha detenido a un hombre de 47 años como presunto autor de ocho delitos de robo con fuerza ocurridos en viviendas de la zona de Navalperal de Pinares (Ávila). La detención se produjo a raíz de una denuncia por robo el 24 de agosto, que inició una investigación para el esclarecimiento del ilícito, obteniendo como resultado la determinación de la presunta autoría de los hechos, han informado a Europa Press fuentes del Instituto Armado. Al detenido se le atribuye robos cometidos en julio y agosto, en los que se denunció la sustracción de diversas joyas, perfumes, material informático y un total de efectivo de 2.340 euros. Por parte de la Guardia Civil de Ávila se continúan las gestiones para la recuperación de los efectos sustraídos
</post>
<signature>

</signature>
<external_links>

</external_links>
<country>ES</country>
<main_image>http://www.noticiascyl.com/wp-content/uploads/2016/03/guardia-civil-1.jpg</main_image>
</document>
