<?xml version="1.0" encoding="UTF-8"?>
<document>
<type>mainstream</type>
<forum>http://www.figyel.hu/rss.xml</forum>
<forum_title>[figyel.hu] - Hírek, percről percre. - RSS szolgáltatás</forum_title>
<discussion_title>Elbocsátotta a dubaji városi kormányzat több vezetőjét az uralkodó, mert nem talált senkit az irodákban</discussion_title>
<language>hungarian</language>
<gmt_offset></gmt_offset>
<topic_url>http://www.figyel.hu/hirek/elbocsatotta-a-dubaji-varosi-kormanyzat-tobb-vezetojet-az-uralkodo-mert-nem-talalt-senkit-az-irodakban</topic_url>
<topic_text>
No Férfi Elbocsátotta a dubaji városi kormányzat több vezetőjét az uralkodó, mert nem talált senkit az irodákban   A dubaji városi kormányzat több vezetőjét elbocsátotta Sejk Mohamed bin Rasíd Ál-Maktúm, Dubaj uralkodója és az Egyesült Arab Emírségek miniszterelnöke, miután meglepetésszerű látogatásakor nem találta őket a hivatalban. tovább&gt;&gt;
</topic_text>
<spam_score>0.00</spam_score>
<post_num>1</post_num>
<post_id>post-1</post_id>
<post_url>http://www.figyel.hu/hirek/elbocsatotta-a-dubaji-varosi-kormanyzat-tobb-vezetojet-az-uralkodo-mert-nem-talalt-senkit-az-irodakban</post_url>
<post_date>20160830</post_date>
<post_time>1413</post_time>
<username></username>
<post>
No Férfi Elbocsátotta a dubaji városi kormányzat több vezetőjét az uralkodó, mert nem talált senkit az irodákban   A dubaji városi kormányzat több vezetőjét elbocsátotta Sejk Mohamed bin Rasíd Ál-Maktúm, Dubaj uralkodója és az Egyesült Arab Emírségek miniszterelnöke, miután meglepetésszerű látogatásakor nem találta őket a hivatalban. tovább&gt;&gt;
</post>
<signature>

</signature>
<external_links>

</external_links>
<country>HU</country>
<main_image>http://www.figyel.hu/image/logo/logo_120x240.gif</main_image>
</document>
