<?xml version="1.0" encoding="UTF-8"?>
<document>
<type>mainstream</type>
<forum>http://www.prairiebusinessmagazine.com/latest/rss</forum>
<forum_title>| Prairie Business magazine</forum_title>
<discussion_title>BUSINESS ADVICE: Maintain Updated Information Systems</discussion_title>
<language>english</language>
<gmt_offset></gmt_offset>
<topic_url>http://www.prairiebusinessmagazine.com/magazine/current-issue/4104008-business-advice-maintain-updated-information-systems</topic_url>
<topic_text>
By Matthew D. Mohr, Special to Prairie Business Today at 9:30 a.m. 
Most people are aware of the disaster faced in August by Delta Airlines’ computer system malfunction. Almost every business faces the potential of a system crash. Packaged systems or internally developed programs all run the risk of errors and unanticipated operating problems both minor and major, so we all work diligently to avoid a business interruption caused by our computer system. 
I am acquainted with a business owner from Chicago whose family has owned and operated many businesses over the years. The man has a strong personality and fights to dominate any industry he is involved with. Over time, he bought six different operating entities in the same industry across the Midwest, and in the pro-cess decided to keep each operation separate, allowing them to keep their systems in place. Unfortunately, none of the computer systems were consolidated or set up to “talk” to each other. The sales strategy employed was to cut prices and offer low margins and alternate goods to grow to a dominant market player. Market share was gained, and as a result of uncoordinated systems, many sales were made at profit margins below actual operating costs. The businesses in combination grew to be rather large and eventually went bankrupt. To the best of my knowledge, the businesses did not face excessive daily operating challenges or system malfunctions, but attempting to run six related organizations on six different computer systems created a losing scenario. Recommended for you
</topic_text>
<spam_score>0.00</spam_score>
<post_num>1</post_num>
<post_id>post-1</post_id>
<post_url>http://www.prairiebusinessmagazine.com/magazine/current-issue/4104008-business-advice-maintain-updated-information-systems</post_url>
<post_date>20160830</post_date>
<post_time>1430</post_time>
<username>Matthew D. Mohr, Special to Prairie Business</username>
<post>
By Matthew D. Mohr, Special to Prairie Business Today at 9:30 a.m. 
Most people are aware of the disaster faced in August by Delta Airlines’ computer system malfunction. Almost every business faces the potential of a system crash. Packaged systems or internally developed programs all run the risk of errors and unanticipated operating problems both minor and major, so we all work diligently to avoid a business interruption caused by our computer system. 
I am acquainted with a business owner from Chicago whose family has owned and operated many businesses over the years. The man has a strong personality and fights to dominate any industry he is involved with. Over time, he bought six different operating entities in the same industry across the Midwest, and in the pro-cess decided to keep each operation separate, allowing them to keep their systems in place. Unfortunately, none of the computer systems were consolidated or set up to “talk” to each other. The sales strategy employed was to cut prices and offer low margins and alternate goods to grow to a dominant market player. Market share was gained, and as a result of uncoordinated systems, many sales were made at profit margins below actual operating costs. The businesses in combination grew to be rather large and eventually went bankrupt. To the best of my knowledge, the businesses did not face excessive daily operating challenges or system malfunctions, but attempting to run six related organizations on six different computer systems created a losing scenario. Recommended for you
</post>
<signature>

</signature>
<external_links>

</external_links>
<country>US</country>
<main_image>http://www.prairiebusinessmagazine.com/sites/default/files/styles/square_300/public/fieldimages/25/0829/business-advice.jpg?itok=3TdXHF2e</main_image>
</document>
