<?xml version="1.0" encoding="UTF-8"?>
<document>
<type>mainstream</type>
<forum>http://finegoldjewelry.org/feed</forum>
<forum_title></forum_title>
<discussion_title>My Jewellery Collection &amp; Storage</discussion_title>
<language>english</language>
<gmt_offset></gmt_offset>
<topic_url>http://finegoldjewelry.org/my-jewellery-collection-storage/</topic_url>
<topic_text>
FACEBOOK: INSTAGRAM: 
* Please keep in mind: This is exactly how we lead to &apos;Jewellery&apos; in the UK – I knew it is spelt Precious jewelry in the U.S.A:-RRB- *. 
WHAT I &apos;M WEARING:. Nails: Rimmel in Nude Colour + Cheeky in Disco Fever. 
Please note: This video is not sponsored. Share this:
</topic_text>
<spam_score>0.00</spam_score>
<post_num>1</post_num>
<post_id>post-1</post_id>
<post_url>http://finegoldjewelry.org/my-jewellery-collection-storage/</post_url>
<post_date>20160830</post_date>
<post_time>1320</post_time>
<username>Rolf Joho</username>
<post>
FACEBOOK: INSTAGRAM: 
* Please keep in mind: This is exactly how we lead to &apos;Jewellery&apos; in the UK – I knew it is spelt Precious jewelry in the U.S.A:-RRB- *. 
WHAT I &apos;M WEARING:. Nails: Rimmel in Nude Colour + Cheeky in Disco Fever. 
Please note: This video is not sponsored. Share this:
</post>
<signature>

</signature>
<external_links>

</external_links>
<country>US</country>
<main_image></main_image>
</document>
