<?xml version="1.0" encoding="UTF-8"?>
<document>
<type>mainstream</type>
<forum>http://www.lasicilia.it/sezioni/116/sport</forum>
<forum_title>Sport</forum_title>
<discussion_title>Tavecchio, stop polemiche sui singoli</discussion_title>
<language>italian</language>
<gmt_offset></gmt_offset>
<topic_url>http://www.lasicilia.it/news/sport/24480/tavecchio-stop-polemiche-sui-singoli.html</topic_url>
<topic_text>
FIRENZE, 30 AGO - &quot;Non bisogna fare polemiche spicciole su un giocatore piuttosto che su un altro, i giocatori vanno e vengono, nel sistema Italia contano l&apos;organizzazione e la scientificità, sono questi che creano i risultati&quot;. Così il presidente federale Carlo Tavecchio replicando alle critiche, anche da parte dello stesso patron del Sassuolo Squinzi, su quanto annunciato ieri dal ct Ventura, ovvero che nel suo 3-5-2 non troverebbero spazio elementi di talento come Berardi, gioiello della squadra emiliana. Tavecchio è arrivato oggi a Coverciano per salutare gli azzurri e presentare insieme al dg federale Michele Uva il nuovo Club Italia al servizio delle squadre nazionali &quot;col quale vogliamo diventare un&apos;eccellenza&quot;.
 
</topic_text>
<spam_score>0.00</spam_score>
<post_num>1</post_num>
<post_id>post-1</post_id>
<post_url>http://www.lasicilia.it/news/sport/24480/tavecchio-stop-polemiche-sui-singoli.html</post_url>
<post_date>20160830</post_date>
<post_time></post_time>
<username>lasicilia.it</username>
<post>
FIRENZE, 30 AGO - &quot;Non bisogna fare polemiche spicciole su un giocatore piuttosto che su un altro, i giocatori vanno e vengono, nel sistema Italia contano l&apos;organizzazione e la scientificità, sono questi che creano i risultati&quot;. Così il presidente federale Carlo Tavecchio replicando alle critiche, anche da parte dello stesso patron del Sassuolo Squinzi, su quanto annunciato ieri dal ct Ventura, ovvero che nel suo 3-5-2 non troverebbero spazio elementi di talento come Berardi, gioiello della squadra emiliana. Tavecchio è arrivato oggi a Coverciano per salutare gli azzurri e presentare insieme al dg federale Michele Uva il nuovo Club Italia al servizio delle squadre nazionali &quot;col quale vogliamo diventare un&apos;eccellenza&quot;.
 
</post>
<signature>

</signature>
<external_links>

</external_links>
<country>IT</country>
<main_image>http://www.lasicilia.it/resizer/600/315/true/177077001dddd8c58ee75b85badbcffb.jpg--.jpg</main_image>
</document>
