<?xml version="1.0" encoding="UTF-8"?>
<document>
<type>mainstream</type>
<forum>http://www.newsvine.com/_feeds/rss2/index</forum>
<forum_title>Newsvine - Get Smarter Here</forum_title>
<discussion_title>Top Democrat urges FBI probe of allegations Russia seeking to influence U.S. vote| Reuters</discussion_title>
<language>english</language>
<gmt_offset></gmt_offset>
<topic_url>http://kenm77.newsvine.com/_news/2016/08/30/36025757-top-democrat-urges-fbi-probe-of-allegations-russia-seeking-to-influence-us-vote-reuters</topic_url>
<topic_text>
! 
Reuters reports; 
Senate Democratic leader Harry Reid is calling on the FBI to conduct a quick and thorough investigation into concerns the Russian government is trying to undermine the U.S. presidential election, including by tampering with official election results. 
&quot;The prospect of a hostile government actively seeking to undermine our free and fair elections represents one of the gravest threats to our democracy since the Cold War,&quot; Reid said in a letter to FBI Director James Comey. 
&quot;It is critical for the Federal Bureau of Investigation to use every resource available to investigate this matter thoroughly and in a timely fashion,&quot; Reid added. The letter, dated Aug. 27, was obtained by The New York Times and posted on its website on Monday. 
Comey, speaking at a cyber security conference on Tuesday, declined to give details about what the FBI was investigating in connection with the political hacking but indicated the agency was closely watching what foreign countries are doing. 
&quot;We take very seriously any effort by any actor, ... especially nation states, that moves beyond the collection of information ... and offers the prospect of an effort to influence the conduct of affairs in our country, whether that is an election or something else,&quot; he said. 
Reid&apos;s letter follows a spate of hacking attacks targeting U.S. political databases, including some that officials and cyber security experts have blamed on hackers with links to the Russian government. 
Full story in article.   In these nations:
</topic_text>
<spam_score>0.00</spam_score>
<post_num>1</post_num>
<post_id>post-1</post_id>
<post_url>http://kenm77.newsvine.com/_news/2016/08/30/36025757-top-democrat-urges-fbi-probe-of-allegations-russia-seeking-to-influence-us-vote-reuters</post_url>
<post_date>20160830</post_date>
<post_time>1436</post_time>
<username>Kenm77</username>
<post>
! 
Reuters reports; 
Senate Democratic leader Harry Reid is calling on the FBI to conduct a quick and thorough investigation into concerns the Russian government is trying to undermine the U.S. presidential election, including by tampering with official election results. 
&quot;The prospect of a hostile government actively seeking to undermine our free and fair elections represents one of the gravest threats to our democracy since the Cold War,&quot; Reid said in a letter to FBI Director James Comey. 
&quot;It is critical for the Federal Bureau of Investigation to use every resource available to investigate this matter thoroughly and in a timely fashion,&quot; Reid added. The letter, dated Aug. 27, was obtained by The New York Times and posted on its website on Monday. 
Comey, speaking at a cyber security conference on Tuesday, declined to give details about what the FBI was investigating in connection with the political hacking but indicated the agency was closely watching what foreign countries are doing. 
&quot;We take very seriously any effort by any actor, ... especially nation states, that moves beyond the collection of information ... and offers the prospect of an effort to influence the conduct of affairs in our country, whether that is an election or something else,&quot; he said. 
Reid&apos;s letter follows a spate of hacking attacks targeting U.S. political databases, including some that officials and cyber security experts have blamed on hackers with links to the Russian government. 
Full story in article.   In these nations:
</post>
<signature>

</signature>
<external_links>

</external_links>
<country>US</country>
<main_image>http://m.static.newsvine.com/servista/imagesizer?file=kenm77C4368F95-BC97-1D22-84D3-2B6A25D789C6.jpg&amp;width=original</main_image>
</document>
