<?xml version="1.0" encoding="UTF-8"?>
<document>
<type>mainstream</type>
<forum>http://www.figyel.hu/rss.xml</forum>
<forum_title>[figyel.hu] - Hírek, percről percre. - RSS szolgáltatás</forum_title>
<discussion_title>Fotó: orális szex ábrázolásával üzentek a meccsen, nyomoznak utánuk</discussion_title>
<language>hungarian</language>
<gmt_offset></gmt_offset>
<topic_url>http://www.figyel.hu/hirek/foto-oralis-szex-abrazolasaval-uzentek-a-meccsen-nyomoznak-utanuk</topic_url>
<topic_text>
Fotó: orális szex ábrázolásával üzentek a meccsen, nyomoznak utánuk   Az észak-amerikai profi labdarúgóligában (MLS) szereplő Toronto FC vezetősége nagyban nyomoz egy vagy több szurkolója után, akik sértő tartalmú transzparenssel üzentek a rivális Montreal Impact játékosainak és drukkereinek a két csapat hétvégi, egymás elleni mérkőzésén. tovább&gt;&gt;
</topic_text>
<spam_score>0.00</spam_score>
<post_num>1</post_num>
<post_id>post-1</post_id>
<post_url>http://www.figyel.hu/hirek/foto-oralis-szex-abrazolasaval-uzentek-a-meccsen-nyomoznak-utanuk</post_url>
<post_date>20160830</post_date>
<post_time>1429</post_time>
<username></username>
<post>
Fotó: orális szex ábrázolásával üzentek a meccsen, nyomoznak utánuk   Az észak-amerikai profi labdarúgóligában (MLS) szereplő Toronto FC vezetősége nagyban nyomoz egy vagy több szurkolója után, akik sértő tartalmú transzparenssel üzentek a rivális Montreal Impact játékosainak és drukkereinek a két csapat hétvégi, egymás elleni mérkőzésén. tovább&gt;&gt;
</post>
<signature>

</signature>
<external_links>

</external_links>
<country>HU</country>
<main_image>http://www.figyel.hu/image/logo/logo_120x240.gif</main_image>
</document>
