<?xml version="1.0" encoding="UTF-8"?>
<document>
<type>mainstream</type>
<forum></forum>
<forum_title></forum_title>
<discussion_title>Police on lookout for suspect who kidnapped, sexually assaulted young girl - Story | KTBC</discussion_title>
<language>english</language>
<gmt_offset></gmt_offset>
<topic_url>http://www.fox7austin.com/news/local-news/http&amp;#x3a;&amp;#x2f;&amp;#x2f;www&amp;#x2e;fox7austin&amp;#x2e;com&amp;#x2f;news&amp;#x2f;local-news&amp;#x2f;197312537-story</topic_url>
<topic_text>
Police on lookout for suspect who kidnapped, sexually assaulted young girl Posted: Aug 30 2016 10:03AM CDT Updated: Aug 30 2016 10:03AM CDT Related Stories 49er QB says he will continue his Sit-down protest 
San Marcos police are on the lookout for a man who they say kidnapped and sexually assaulted an elementary school aged girl. It happened on August 29 in the 800 block of Bracewood Circle. 
Police say the girl was outside her home when a white car pulled up to the apartments. The victim says the man driving the car asked her for help because his back was hurt and pulled her into the car when went over to help. 
The suspect drove to and parked in a nearby parking lot where he exposed himself to the girl and assaulted her. 
Police say the girl told the suspect she needed to go home and he let her out of the car. She walked home in the rain and told her mother what happened. The victim&apos;s mother then contacted police. 
The time frame for the incident is around 5:30 p.m. to 6 p.m. 
The suspect is described as a skinny white or Hispanic male with short black hair and a short black beard, possibly a goatee. No age range was given. 
The car is described by the victim as looking similar to a 2011 Nissan Sentra with a possible dent on the driver&apos;s side. 
The San Marcos Police Department is asking for anyone who has information to contact the San Marcos Police Department at 512-753-2300 8 a.m. - 5 p.m. Monday through Friday or 512-753-2108 after hours. Tips can be made to www.citizenobserver.com or Crime Stoppers of Hays County at www.callcrimestoppers.com . 

</topic_text>
<spam_score>0.26</spam_score>
<post_num>1</post_num>
<post_id>post-1</post_id>
<post_url>http://www.fox7austin.com/news/local-news/http&amp;#x3a;&amp;#x2f;&amp;#x2f;www&amp;#x2e;fox7austin&amp;#x2e;com&amp;#x2f;news&amp;#x2f;local-news&amp;#x2f;197312537-story</post_url>
<post_date>20160830</post_date>
<post_time></post_time>
<username></username>
<post>
Police on lookout for suspect who kidnapped, sexually assaulted young girl Posted: Aug 30 2016 10:03AM CDT Updated: Aug 30 2016 10:03AM CDT Related Stories 49er QB says he will continue his Sit-down protest 
San Marcos police are on the lookout for a man who they say kidnapped and sexually assaulted an elementary school aged girl. It happened on August 29 in the 800 block of Bracewood Circle. 
Police say the girl was outside her home when a white car pulled up to the apartments. The victim says the man driving the car asked her for help because his back was hurt and pulled her into the car when went over to help. 
The suspect drove to and parked in a nearby parking lot where he exposed himself to the girl and assaulted her. 
Police say the girl told the suspect she needed to go home and he let her out of the car. She walked home in the rain and told her mother what happened. The victim&apos;s mother then contacted police. 
The time frame for the incident is around 5:30 p.m. to 6 p.m. 
The suspect is described as a skinny white or Hispanic male with short black hair and a short black beard, possibly a goatee. No age range was given. 
The car is described by the victim as looking similar to a 2011 Nissan Sentra with a possible dent on the driver&apos;s side. 
The San Marcos Police Department is asking for anyone who has information to contact the San Marcos Police Department at 512-753-2300 8 a.m. - 5 p.m. Monday through Friday or 512-753-2108 after hours. Tips can be made to www.citizenobserver.com or Crime Stoppers of Hays County at www.callcrimestoppers.com . 

</post>
<signature>

</signature>
<external_links>

</external_links>
<country>US</country>
<main_image>http://static.lakana.com/media.fox7austin.com/photo/2016/02/05/San_Marcos_First_Murder_2016_1_813305_ver1.0_640_360.jpg</main_image>
</document>
