<?xml version="1.0" encoding="UTF-8"?>
<document>
<type>mainstream</type>
<forum>http://elpais.com/tag/rss/comunicacion/a</forum>
<forum_title>Noticias sobre Comunicación</forum_title>
<discussion_title>Víctor Arribas, María Casado y Sergio Martín: baile de caras en TVE | Televisión</discussion_title>
<language>spanish</language>
<gmt_offset></gmt_offset>
<topic_url>http://cultura.elpais.com/cultura/2016/08/30/television/1472567650_387248.html</topic_url>
<topic_text>
Tras diversos rumores, ya ha llegado la confirmación a la redacción de Televisión Española de los cambios que afectan a los programas matinales de La 1 y a la noche del Canal 24 Horas.
MÁS INFORMACIÓN Mariló Montero abandona TVE TVE perfila cambios en la mañana Javier Cárdenas ficha por TVE para presentar un ‘talk show’ Como anuncia ya la cadena en autopromociones, María Casado se hará cargo de la Las mañanas de La 1 tras la marcha de Mariló Montero de la pública. Como ha podido saber EL PAÍS, ya se ha comunicado de forma oficial dentro de Televisión Española que el hueco que deja Casado en Los desayunos de La 1 será ocupado por Sergio Martín, anterior presentador de La noche en 24 horas y director del Canal 24 Horas. Por su parte, Víctor Arribas se incorpora a la cadena pública como presentador de La noche en 24 horas .
Arribas se pone al frente del programa de tertulia política del Canal 24 Horas tras haber colaborado con la cadena pública como tertuliano en diversos programas de actualidad política. Anteriormente, fue director de Informativos de Telemadrid desde 2004 hasta 2012.
Por su parte, la dirección del Canal 24 Horas queda vacante. Se trata de un cargo que debe decidir el Consejo de Administración, que hasta finales de septiembre no se vuelve a reunir. Hasta que se tome una decisión al respecto, José Antonio Álvarez Gundín , director de Informativos de TVE, asumirá su dirección.
Archivado en: María Casado Victor Arribas TVE Televisión pública Cadenas televisión RTVE Grupo comunicación Televisión Medios comunicación Comunicación Más información Mariló Montero abandona TVE Vídeos Newsletters
</topic_text>
<spam_score>0.00</spam_score>
<post_num>1</post_num>
<post_id>post-1</post_id>
<post_url>http://cultura.elpais.com/cultura/2016/08/30/television/1472567650_387248.html</post_url>
<post_date>20160830</post_date>
<post_time>1654</post_time>
<username>Natalia Marcos</username>
<post>
Tras diversos rumores, ya ha llegado la confirmación a la redacción de Televisión Española de los cambios que afectan a los programas matinales de La 1 y a la noche del Canal 24 Horas.
MÁS INFORMACIÓN Mariló Montero abandona TVE TVE perfila cambios en la mañana Javier Cárdenas ficha por TVE para presentar un ‘talk show’ Como anuncia ya la cadena en autopromociones, María Casado se hará cargo de la Las mañanas de La 1 tras la marcha de Mariló Montero de la pública. Como ha podido saber EL PAÍS, ya se ha comunicado de forma oficial dentro de Televisión Española que el hueco que deja Casado en Los desayunos de La 1 será ocupado por Sergio Martín, anterior presentador de La noche en 24 horas y director del Canal 24 Horas. Por su parte, Víctor Arribas se incorpora a la cadena pública como presentador de La noche en 24 horas .
Arribas se pone al frente del programa de tertulia política del Canal 24 Horas tras haber colaborado con la cadena pública como tertuliano en diversos programas de actualidad política. Anteriormente, fue director de Informativos de Telemadrid desde 2004 hasta 2012.
Por su parte, la dirección del Canal 24 Horas queda vacante. Se trata de un cargo que debe decidir el Consejo de Administración, que hasta finales de septiembre no se vuelve a reunir. Hasta que se tome una decisión al respecto, José Antonio Álvarez Gundín , director de Informativos de TVE, asumirá su dirección.
Archivado en: María Casado Victor Arribas TVE Televisión pública Cadenas televisión RTVE Grupo comunicación Televisión Medios comunicación Comunicación Más información Mariló Montero abandona TVE Vídeos Newsletters
</post>
<signature>

</signature>
<external_links>

</external_links>
<country>ES</country>
<main_image>http://ep00.epimg.net/cultura/imagenes/2016/08/30/television/1472567650_387248_1472568097_noticia_normal.jpg</main_image>
</document>
