<?xml version="1.0" encoding="UTF-8"?>
<document>
<type>mainstream</type>
<forum>http://news.21.by/pub/rss/discuss.rss</forum>
<forum_title>Рейтинг обсуждаемых новостей 21.by</forum_title>
<discussion_title>Активисты запустили мобильное приложение для сообщений о нарушениях на выборах</discussion_title>
<language>russian</language>
<gmt_offset></gmt_offset>
<topic_url>http://news.21.by/politics/2016/08/30/1234706.html</topic_url>
<topic_text>
A 
К парламентским выборам активисты сразу нескольких кампаний наблюдения выпустили новую версию &lt;&gt; мобильного приложения «Вочы» . Программа позволит избирателям оперативно сообщить о нарушениях на выборах независимым наблюдателям. 
Приложение родилось как продукт сотрудничества кампаний ElectBy, «Наблюдение за выборами: теория и практика», «Право выбора» и «Правозащитники за свободные выборы». 
Мобильное приложение «Вочы» работает на операционной системе Android. После установки программы на смартфон пользователь может сообщить наблюдателям информацию о нарушениях, которые он или она заметит на избирательном участке. Приложение передать не только текстовое описание, но и фото/видео или аудиоматериалы, «что особенно важно для верификации наблюдателями факта нарушения», пишут разработчики программы. 
— «Вочы» практически не собирают информацию о пользователях, кроме их местоположения во время информирования о нарушении и технических характеристиках их телефона. Даже если пользователь добровольно дает свою контактную информацию наблюдателям для обратной связи, эта информация не раскрывается и не передается третьим лицам. 
По данным разработчиков, на президентских выборах 2015 года пользователи «Вочы» «обнаружили в минском ЦУМе футболки с лозунгом за одного из кандидатов, продававшихся в отделе одежды с национальной символикой, помогли раскрыть манипуляцию с явкой избирателей, сфотографировав пустой протокол с подписями членов участковой избирательной комиссии, и сообщали о множестве случаев принуждения к досрочному голосованию студентов ВУЗов». 
Информация о нарушениях, присланная пользователями приложения, после модерации отражается на онлайн-карте на сайте ElectBy.org. Она может быть использована миссиями по наблюдению для оценки того, насколько честными, свободными и справедливыми были выборы, отмечают авторы приложения. 
Парламентские выборы в Беларуси пройдут 11 сентября. Досрочное голосование начнется 6 сентября.
</topic_text>
<spam_score>0.00</spam_score>
<post_num>1</post_num>
<post_id>post-1</post_id>
<post_url>http://news.21.by/politics/2016/08/30/1234706.html</post_url>
<post_date>20160830</post_date>
<post_time>1457</post_time>
<username></username>
<post>
A 
К парламентским выборам активисты сразу нескольких кампаний наблюдения выпустили новую версию &lt;&gt; мобильного приложения «Вочы» . Программа позволит избирателям оперативно сообщить о нарушениях на выборах независимым наблюдателям. 
Приложение родилось как продукт сотрудничества кампаний ElectBy, «Наблюдение за выборами: теория и практика», «Право выбора» и «Правозащитники за свободные выборы». 
Мобильное приложение «Вочы» работает на операционной системе Android. После установки программы на смартфон пользователь может сообщить наблюдателям информацию о нарушениях, которые он или она заметит на избирательном участке. Приложение передать не только текстовое описание, но и фото/видео или аудиоматериалы, «что особенно важно для верификации наблюдателями факта нарушения», пишут разработчики программы. 
— «Вочы» практически не собирают информацию о пользователях, кроме их местоположения во время информирования о нарушении и технических характеристиках их телефона. Даже если пользователь добровольно дает свою контактную информацию наблюдателям для обратной связи, эта информация не раскрывается и не передается третьим лицам. 
По данным разработчиков, на президентских выборах 2015 года пользователи «Вочы» «обнаружили в минском ЦУМе футболки с лозунгом за одного из кандидатов, продававшихся в отделе одежды с национальной символикой, помогли раскрыть манипуляцию с явкой избирателей, сфотографировав пустой протокол с подписями членов участковой избирательной комиссии, и сообщали о множестве случаев принуждения к досрочному голосованию студентов ВУЗов». 
Информация о нарушениях, присланная пользователями приложения, после модерации отражается на онлайн-карте на сайте ElectBy.org. Она может быть использована миссиями по наблюдению для оценки того, насколько честными, свободными и справедливыми были выборы, отмечают авторы приложения. 
Парламентские выборы в Беларуси пройдут 11 сентября. Досрочное голосование начнется 6 сентября.
</post>
<signature>

</signature>
<external_links>

</external_links>
<country>BY</country>
<main_image></main_image>
</document>
