<?xml version="1.0" encoding="UTF-8"?>
<document>
<type>mainstream</type>
<forum></forum>
<forum_title></forum_title>
<discussion_title>Somerset County Libraries To Close For Labor Day - Bernardsville, NJ Patch</discussion_title>
<language>english</language>
<gmt_offset></gmt_offset>
<topic_url>http://patch.com/new-jersey/baskingridge/somerset-county-libraries-close-labor-day</topic_url>
<topic_text>
Somerset County Libraries To Close For Labor Day All branches of Somerset County Library System of New Jersey will be closed on Labor Day. By Alexis Tarrazi (Patch Staff) - August 30, 2016 11:09 am ET 
BASKING RIDGE, NJ — All branches of Somerset County Library System of New Jersey will be closed on Monday, Sept. 5 for the Labor Day holiday. 
All branches will open regular hours on Tuesday, Sept. 6. 
Branches include: SCLSNJ Bound Brook Memorial Library branch SCLSNJ Hillsborough Library branch SCLSNJ North Plainfield Memorial Library branch SCLSNJ Peapack &amp; Gladstone Library branch SCLSNJ Mary Jacobs Memorial Library branch SCLSNJ Somerville Library branch SCLSNJ Warren Township Library branch SCLSNJ Watchung Library branch 
For more information visit http://www.sclsnj.org/locationlist.html . 
(Image via Shutterstock) 
Have a news tip? Email . Get free real-time news alerts from the Bernardsville-Bedminster Patch. Subscribe 
</topic_text>
<spam_score>0.06</spam_score>
<post_num>1</post_num>
<post_id>post-1</post_id>
<post_url>http://patch.com/new-jersey/baskingridge/somerset-county-libraries-close-labor-day</post_url>
<post_date>20160830</post_date>
<post_time></post_time>
<username></username>
<post>
Somerset County Libraries To Close For Labor Day All branches of Somerset County Library System of New Jersey will be closed on Labor Day. By Alexis Tarrazi (Patch Staff) - August 30, 2016 11:09 am ET 
BASKING RIDGE, NJ — All branches of Somerset County Library System of New Jersey will be closed on Monday, Sept. 5 for the Labor Day holiday. 
All branches will open regular hours on Tuesday, Sept. 6. 
Branches include: SCLSNJ Bound Brook Memorial Library branch SCLSNJ Hillsborough Library branch SCLSNJ North Plainfield Memorial Library branch SCLSNJ Peapack &amp; Gladstone Library branch SCLSNJ Mary Jacobs Memorial Library branch SCLSNJ Somerville Library branch SCLSNJ Warren Township Library branch SCLSNJ Watchung Library branch 
For more information visit http://www.sclsnj.org/locationlist.html . 
(Image via Shutterstock) 
Have a news tip? Email . Get free real-time news alerts from the Bernardsville-Bedminster Patch. Subscribe 
</post>
<signature>

</signature>
<external_links>

</external_links>
<country>US</country>
<main_image>http://cdn20.patch.com/users/22871539/20160830/110939/styles/T800x600/public/article_images/closed_sign-1472569763-8135.jpg</main_image>
</document>
