<?xml version="1.0" encoding="UTF-8"?>
<document>
<type>mainstream</type>
<forum>http://feeds.ficpa.org/AllUpcomingFicpaEvents</forum>
<forum_title>All Upcoming FICPA Events</forum_title>
<discussion_title>ACPEN Signature: 2016 Financial Statement Preparation, Compilation, and Review - 9/1/2016 - Online</discussion_title>
<language>english</language>
<gmt_offset></gmt_offset>
<topic_url>http://www.ficpa.org/Public/catalog/eventdetails.aspx?courseID=16ACFSP7</topic_url>
<topic_text>
Credits ONLINE 
This course is designed to assist CPAs who perform financial statement preparation, compilation, or review engagements. SSARS No. 21 is effective for financial statement periods ending on or after December 15, 2016. SSARS No. 21 is the biggest change to the Standards since they were issued over 30 years ago, and introduces a new level of service - the financial statement preparation service. Our panelists will discuss all four sections of SSARS No. 21 and explain the requirements of each. The course will also point out the changes in practice resulting from the new SSARS, and will discuss best practices when implementing SSARS No. 21. Objectives 
*Explain the requirements of all four sections of the new SSARS 
*Clarify the changes in practice as a result of the new SSARS implementation 
*Share best practices for the implementation of SSARS No. 21 Major Topics
</topic_text>
<spam_score>0.00</spam_score>
<post_num>1</post_num>
<post_id>post-1</post_id>
<post_url>http://www.ficpa.org/Public/catalog/eventdetails.aspx?courseID=16ACFSP7</post_url>
<post_date>20160901</post_date>
<post_time>0400</post_time>
<username></username>
<post>
Credits ONLINE 
This course is designed to assist CPAs who perform financial statement preparation, compilation, or review engagements. SSARS No. 21 is effective for financial statement periods ending on or after December 15, 2016. SSARS No. 21 is the biggest change to the Standards since they were issued over 30 years ago, and introduces a new level of service - the financial statement preparation service. Our panelists will discuss all four sections of SSARS No. 21 and explain the requirements of each. The course will also point out the changes in practice resulting from the new SSARS, and will discuss best practices when implementing SSARS No. 21. Objectives 
*Explain the requirements of all four sections of the new SSARS 
*Clarify the changes in practice as a result of the new SSARS implementation 
*Share best practices for the implementation of SSARS No. 21 Major Topics
</post>
<signature>

</signature>
<external_links>

</external_links>
<country>US</country>
<main_image></main_image>
</document>
