<?xml version="1.0" encoding="UTF-8"?>
<document>
<type>mainstream</type>
<forum>http://dwtonline.com/rss/rss-feed/</forum>
<forum_title>DWTonline.com</forum_title>
<discussion_title>‘SLM kan binnen twee jaar weer winst maken’</discussion_title>
<language>dutch</language>
<gmt_offset></gmt_offset>
<topic_url>http://www.dwtonline.com/laatste-nieuws/2016/08/30/slm-kan-binnen-twee-jaar-weer-winst-maken/</topic_url>
<topic_text>
‘SLM kan binnen twee jaar weer winst maken’ ‘SLM kan binnen twee jaar weer winst maken’ 30/08/2016 11:09 - Eliézer Pross Foto: dWT Archief 
PARAMARIBO - De Surinaamse Luchtvaart Maatschappij (SLM) kan al binnen twee jaar uit de rode cijfers klimmen. Hiervan is algemeen directeur Robbi Lachmising overtuigd na zich te hebben georiënteerd binnen de onderneming. Hij heeft sinds ongeveer twee maanden weer de leiding over het bedrijf. &quot;Als ik de gelegenheid krijg, zullen wij het met dit bedrijf kunnen maken&quot;, stelt hij optimistisch. Het staatsbedrijf viert dinsdag zijn 54ste jaardag. Lachmising was zondag te gast bij een informeel samenzijn van de Kennis Kring, de discussieclub voor ondernemers en deskundigen. Hij heeft daar om begrip van het bedrijfsleven gevraagd voor de recente problemen met vertragingen waarmee het bedrijf kampte. De directeur deed een beroep op ondernemers om ook zoveel mogelijk te kiezen voor de SLM, na de inspanningen van de afgelopen jaren om het bedrijf te verbeteren. Hij wil met de Anton De Kom Universiteit van Suriname overleggen, om de opleiding luchtvaartingenieur toe te voegen aan de Faculteit der Technologische Wetenschappen. &quot;Het kost de SLM te veel geld om technici in te vliegen voor het oplossen van technische problemen en vertragingen te voorkomen&quot;, stelt Kennis Kring woordvoerder Bhagwan Gangaram Panday. Lachmising zegt verder dat zoveel mogelijk gewerkt zal worden aan de mogelijkheden die het bedrijf heeft om vertragingen te voorkomen. Tijdens de discussies kreeg de SLM-directeur ook het voorstel mee om de krachten te verenigen met de Stichting Toerisme Suriname en haar Nederlandse tegenhangers om na te gaan hoe meer gasten naar het land gehaald kunnen worden. Minister Andy Rusland van Transport, Communicatie en Toerisme zei onlangs in het parlement dat de leiding van het bedrijf de ruimte moet krijgen om strategische samenwerkingen aan te gaan. Hierdoor zou het bedrijf hulp kunnen krijgen om meer toeristen naar het land te halen.
</topic_text>
<spam_score>0.00</spam_score>
<post_num>1</post_num>
<post_id>post-1</post_id>
<post_url>http://www.dwtonline.com/laatste-nieuws/2016/08/30/slm-kan-binnen-twee-jaar-weer-winst-maken/</post_url>
<post_date>20160830</post_date>
<post_time>1109</post_time>
<username></username>
<post>
‘SLM kan binnen twee jaar weer winst maken’ ‘SLM kan binnen twee jaar weer winst maken’ 30/08/2016 11:09 - Eliézer Pross Foto: dWT Archief 
PARAMARIBO - De Surinaamse Luchtvaart Maatschappij (SLM) kan al binnen twee jaar uit de rode cijfers klimmen. Hiervan is algemeen directeur Robbi Lachmising overtuigd na zich te hebben georiënteerd binnen de onderneming. Hij heeft sinds ongeveer twee maanden weer de leiding over het bedrijf. &quot;Als ik de gelegenheid krijg, zullen wij het met dit bedrijf kunnen maken&quot;, stelt hij optimistisch. Het staatsbedrijf viert dinsdag zijn 54ste jaardag. Lachmising was zondag te gast bij een informeel samenzijn van de Kennis Kring, de discussieclub voor ondernemers en deskundigen. Hij heeft daar om begrip van het bedrijfsleven gevraagd voor de recente problemen met vertragingen waarmee het bedrijf kampte. De directeur deed een beroep op ondernemers om ook zoveel mogelijk te kiezen voor de SLM, na de inspanningen van de afgelopen jaren om het bedrijf te verbeteren. Hij wil met de Anton De Kom Universiteit van Suriname overleggen, om de opleiding luchtvaartingenieur toe te voegen aan de Faculteit der Technologische Wetenschappen. &quot;Het kost de SLM te veel geld om technici in te vliegen voor het oplossen van technische problemen en vertragingen te voorkomen&quot;, stelt Kennis Kring woordvoerder Bhagwan Gangaram Panday. Lachmising zegt verder dat zoveel mogelijk gewerkt zal worden aan de mogelijkheden die het bedrijf heeft om vertragingen te voorkomen. Tijdens de discussies kreeg de SLM-directeur ook het voorstel mee om de krachten te verenigen met de Stichting Toerisme Suriname en haar Nederlandse tegenhangers om na te gaan hoe meer gasten naar het land gehaald kunnen worden. Minister Andy Rusland van Transport, Communicatie en Toerisme zei onlangs in het parlement dat de leiding van het bedrijf de ruimte moet krijgen om strategische samenwerkingen aan te gaan. Hierdoor zou het bedrijf hulp kunnen krijgen om meer toeristen naar het land te halen.
</post>
<signature>

</signature>
<external_links>

</external_links>
<country>SR</country>
<main_image>http://www.dwtonline.com/media/6707288/slm-nieuw_detailfoto_Detailfoto.jpg</main_image>
</document>
