<?xml version="1.0" encoding="UTF-8"?>
<document>
<type>mainstream</type>
<forum>http://www.yeniasya.com.tr/rss/manset</forum>
<forum_title>Yeni Asya - Haberler</forum_title>
<discussion_title>Erdoğan ve Putin görüşmesi 3 Eylül&apos;de</discussion_title>
<language>turkish</language>
<gmt_offset></gmt_offset>
<topic_url>http://www.yeniasya.com.tr/politika/erdogan-ve-putin-gorusmesi-3-eylul-de_408510</topic_url>
<topic_text>
Tweet  59 Kremlin, Cumhurbaşkanı Recep Tayyip Erdoğan ve Rusya Devlet Başkanı Vladimir Putin&apos;in Çin&apos;de düzenlenecek G20 Zirvesi kapsamında 3 Eylül&apos;de gerçekleşeceğini açıkladı. Erdoğan-Obama görüşmesi bundan bir gün sonra. 
Cumhurbaşkanı Recep Tayyip Erdoğan ve Rusya Devlet Başkanı Vladimir Putin&apos;in Çin&apos;de düzenlenecek G20 Zirvesi kapsamında 3 Eylül&apos;de ikili görüşme gerçekleştireceği bildirildi. Kremlin Basın Merkezi&apos;nden yapılan yazılı açıklamada, Erdoğan ve Putin&apos;in Çin&apos;de yapacağı görüşmenin içeriğine dair bilgi verildi. 
Açıklamaya göre, zirve çerçevesinde 3 Eylül&apos;de yapılacak görüşmede, Türkiye-Rusya ilişkilerinin normalleşme süreci, iki üke arasındaki üst düzeyli işbirliği mekanizmalarının yeniden canlandırılması ile ekonomi, ticaret ve enerji alanları başta olmak üzere karşılıklı işbirliğinin görüşülmesi bekleniyor. 
Erdoğan-Putin görüşmesinde, Suriye ve uluslararası terörizm tehdidiyle mücadele gibi konuların da değerlendirileceği belirtildi. 
Öte yandan konuyla ilgili Rus basınına açıklama yapan Kremlin Danışmanı Yuriy Uşakov, Türkiye ve Rusya arasında normalleşme sürecinin devam ettiğine vurgu yaparak, &quot;Kısa bir süre önce charter uçuşlara yönelik yasağı kaldırdık. Yani kasım ayındaki uçak olayından sonra normal işbirliğine geri dönme süreci yoğun tempoda devam ediyor.&quot; dedi. 
ABD&apos;den yapılan açıklamada Erdoğan ile ABD Başkanı Barack Obama&apos;nın Çin&apos;de 4 Eylül&apos;de görüşeceğini açıklamıştı. 
AA
</topic_text>
<spam_score>0.00</spam_score>
<post_num>1</post_num>
<post_id>post-1</post_id>
<post_url>http://www.yeniasya.com.tr/politika/erdogan-ve-putin-gorusmesi-3-eylul-de_408510</post_url>
<post_date>20160830</post_date>
<post_time>1459</post_time>
<username></username>
<post>
Tweet  59 Kremlin, Cumhurbaşkanı Recep Tayyip Erdoğan ve Rusya Devlet Başkanı Vladimir Putin&apos;in Çin&apos;de düzenlenecek G20 Zirvesi kapsamında 3 Eylül&apos;de gerçekleşeceğini açıkladı. Erdoğan-Obama görüşmesi bundan bir gün sonra. 
Cumhurbaşkanı Recep Tayyip Erdoğan ve Rusya Devlet Başkanı Vladimir Putin&apos;in Çin&apos;de düzenlenecek G20 Zirvesi kapsamında 3 Eylül&apos;de ikili görüşme gerçekleştireceği bildirildi. Kremlin Basın Merkezi&apos;nden yapılan yazılı açıklamada, Erdoğan ve Putin&apos;in Çin&apos;de yapacağı görüşmenin içeriğine dair bilgi verildi. 
Açıklamaya göre, zirve çerçevesinde 3 Eylül&apos;de yapılacak görüşmede, Türkiye-Rusya ilişkilerinin normalleşme süreci, iki üke arasındaki üst düzeyli işbirliği mekanizmalarının yeniden canlandırılması ile ekonomi, ticaret ve enerji alanları başta olmak üzere karşılıklı işbirliğinin görüşülmesi bekleniyor. 
Erdoğan-Putin görüşmesinde, Suriye ve uluslararası terörizm tehdidiyle mücadele gibi konuların da değerlendirileceği belirtildi. 
Öte yandan konuyla ilgili Rus basınına açıklama yapan Kremlin Danışmanı Yuriy Uşakov, Türkiye ve Rusya arasında normalleşme sürecinin devam ettiğine vurgu yaparak, &quot;Kısa bir süre önce charter uçuşlara yönelik yasağı kaldırdık. Yani kasım ayındaki uçak olayından sonra normal işbirliğine geri dönme süreci yoğun tempoda devam ediyor.&quot; dedi. 
ABD&apos;den yapılan açıklamada Erdoğan ile ABD Başkanı Barack Obama&apos;nın Çin&apos;de 4 Eylül&apos;de görüşeceğini açıklamıştı. 
AA
</post>
<signature>

</signature>
<external_links>

</external_links>
<country>TR</country>
<main_image>http://www.yeniasya.com.tr/Sites/YeniAsya/Upload/images/Content/2016/08/30/CrHZt6LWAAAvxuj.jpg</main_image>
</document>
