<?xml version="1.0" encoding="UTF-8"?>
<document>
<type>mainstream</type>
<forum>http://www.ultimahora.com/rss/UltimoMomento.xml</forum>
<forum_title>Ultima Hora - RSS Último Momento</forum_title>
<discussion_title>Espionaje: Investigan destino de información</discussion_title>
<language>spanish</language>
<gmt_offset></gmt_offset>
<topic_url>http://www.ultimahora.com/espionaje-investigan-destino-informacion-n1019988.html</topic_url>
<topic_text>
martes 30 de agosto de 2016, 10:35 Espionaje: Investigan destino de información El Ministerio Público, tras comprobar el espionaje a una periodista que investigaba supuestas irregularidades en las Fuerzas Militares, ahora busca saber a dónde iba a parar ,tal &quot;robo&quot; de información.   En la mañana de este martes, el fiscal Francisco Torres confirmó la extracción de información de teléfonos celulares de una periodista que investigaba supuestas irregularidades en las Fuerzas Militares. Ahora desean conocer el destino de las informaciones adquiridas tras espiar líneas telefónicas. El agente aseguró que la persona encargada de espiar a la periodista ya fue identificada. Los datos fueron extraídos de forma irregular, sin autorización alguna, de las llamadas entrantes y salientes. &quot;Existe una violación de la comunicación, por eso ahora buscamos el destino y utilización de lo recabado clandestinamente&quot;, expresó el fiscal, informó la 970 AM. Según el fiscal, el cruce de llamadas fue realizado por un ex empleado de la empresa Núcleo SA, quien aseguró que ningún uniformado tiene que ver con tal trabajo. &quot;Se debe sostener esos extremos, estamos tratando de reunir los elementos para que podamos afirmar para qué se utilizó los datos&quot;, sostuvo Torres este martes. El dato fue revelado luego de que el Ministerio Público haya solicitado informaciones a una empresa telefónica del número particular de la comunicadora y de su corporativo. La periodista habló con varias autoridades de las Fuerzas Militares investigando supuestas irregularidades relacionadas, entre otras cosas, a corrupción en las Fuerza de Tarea Conjunta (FTC) ante la sospecha de que en algunos atentados (muerte del capitán Enrique Piñánez) no haya accionado el EPP y sino las propias autoridades de la FTC, según relataron en la misma emisora de radio. Las acusaciones señalan como responsable de la corrupción en la institución al general Luis Garcete, Comando de las Fuerzas Militares.
</topic_text>
<spam_score>0.00</spam_score>
<post_num>1</post_num>
<post_id>post-1</post_id>
<post_url>http://www.ultimahora.com/espionaje-investigan-destino-informacion-n1019988.html</post_url>
<post_date>20160830</post_date>
<post_time>1435</post_time>
<username></username>
<post>
martes 30 de agosto de 2016, 10:35 Espionaje: Investigan destino de información El Ministerio Público, tras comprobar el espionaje a una periodista que investigaba supuestas irregularidades en las Fuerzas Militares, ahora busca saber a dónde iba a parar ,tal &quot;robo&quot; de información.   En la mañana de este martes, el fiscal Francisco Torres confirmó la extracción de información de teléfonos celulares de una periodista que investigaba supuestas irregularidades en las Fuerzas Militares. Ahora desean conocer el destino de las informaciones adquiridas tras espiar líneas telefónicas. El agente aseguró que la persona encargada de espiar a la periodista ya fue identificada. Los datos fueron extraídos de forma irregular, sin autorización alguna, de las llamadas entrantes y salientes. &quot;Existe una violación de la comunicación, por eso ahora buscamos el destino y utilización de lo recabado clandestinamente&quot;, expresó el fiscal, informó la 970 AM. Según el fiscal, el cruce de llamadas fue realizado por un ex empleado de la empresa Núcleo SA, quien aseguró que ningún uniformado tiene que ver con tal trabajo. &quot;Se debe sostener esos extremos, estamos tratando de reunir los elementos para que podamos afirmar para qué se utilizó los datos&quot;, sostuvo Torres este martes. El dato fue revelado luego de que el Ministerio Público haya solicitado informaciones a una empresa telefónica del número particular de la comunicadora y de su corporativo. La periodista habló con varias autoridades de las Fuerzas Militares investigando supuestas irregularidades relacionadas, entre otras cosas, a corrupción en las Fuerza de Tarea Conjunta (FTC) ante la sospecha de que en algunos atentados (muerte del capitán Enrique Piñánez) no haya accionado el EPP y sino las propias autoridades de la FTC, según relataron en la misma emisora de radio. Las acusaciones señalan como responsable de la corrupción en la institución al general Luis Garcete, Comando de las Fuerzas Militares.
</post>
<signature>

</signature>
<external_links>

</external_links>
<country>PY</country>
<main_image>http://www.ultimahora.com/adjuntos/161/imagenes/006/063/0006063024.jpg</main_image>
</document>
