<?xml version="1.0" encoding="UTF-8"?>
<document>
<type>mainstream</type>
<forum></forum>
<forum_title></forum_title>
<discussion_title>柴田阿弥♬卒業感謝祭４｜SKE48オフィシャルブログ Powered by Ameba</discussion_title>
<language>english</language>
<gmt_offset></gmt_offset>
<topic_url>http://ameblo.jp/ske48official/entry-12195274125.html</topic_url>
<topic_text>

</topic_text>
<spam_score>0.01</spam_score>
<post_num>1</post_num>
<post_id>post-1</post_id>
<post_url>http://ameblo.jp/ske48official/entry-12195274125.html</post_url>
<post_date>20160831</post_date>
<post_time></post_time>
<username></username>
<post>

</post>
<signature>

</signature>
<external_links>

</external_links>
<country>JP</country>
<main_image>http://stat.ameba.jp/user_images/20160831/00/ske48official/55/e3/j/o0960072013736410025.jpg</main_image>
</document>
