<?xml version="1.0" encoding="UTF-8"?>
<document>
<type>mainstream</type>
<forum></forum>
<forum_title></forum_title>
<discussion_title>Violence in Chicago - in five shocking stats - BBC News</discussion_title>
<language>english</language>
<gmt_offset></gmt_offset>
<topic_url>http://www.bbc.com/news/world-us-canada-37216025</topic_url>
<topic_text>
Image copyright Getty Images Image caption Family and friends remembered Nykea Aldridge, shot and killed in Chicago Chicago has experienced one of its deadliest August months in 20 years, with 11 people murdered last weekend, including Nykea Aldridge, cousin of NBA star Dwyane Wade. 
While two men have been arrested in connection with her murder, many of Chicago&apos;s killings go unsolved. 
The city has been beset by high numbers of shootings and homicides by gun violence, over many years. 
Here is a look into what the numbers say about Chicago&apos;s violence. Image copyright Getty Images Image caption Source: Los Angeles Times, New York Police Department, City of Chicago, DNA Info Chicago 
While Chicago is on track to see as many as 600 murders this year, it does not have the highest murder rate per capita in the US. 
But shootings have often been concentrated in gang-heavy neighbourhoods, making the risk of being caught in the crossfire a very real one for people who live there. Image copyright Getty Images Image caption Source: FBI Uniform Crime Reporting data Image copyright Getty Images Image caption Source: USA Today 
A large majority of homicides in Chicago are from gunfire, and occur within a half-mile of the victim&apos;s home, according to data collected by local online news source DNAInfo . Image copyright Getty Images Image caption Source: Census data, 2011 Chicago Police Department analysis Image copyright Getty Images Image caption Source: Chicago Tribune Related Topics Share this story About sharing More on this story 
</topic_text>
<spam_score>0.87</spam_score>
<post_num>1</post_num>
<post_id>post-1</post_id>
<post_url>http://www.bbc.com/news/world-us-canada-37216025</post_url>
<post_date>20160830</post_date>
<post_time></post_time>
<username></username>
<post>
Image copyright Getty Images Image caption Family and friends remembered Nykea Aldridge, shot and killed in Chicago Chicago has experienced one of its deadliest August months in 20 years, with 11 people murdered last weekend, including Nykea Aldridge, cousin of NBA star Dwyane Wade. 
While two men have been arrested in connection with her murder, many of Chicago&apos;s killings go unsolved. 
The city has been beset by high numbers of shootings and homicides by gun violence, over many years. 
Here is a look into what the numbers say about Chicago&apos;s violence. Image copyright Getty Images Image caption Source: Los Angeles Times, New York Police Department, City of Chicago, DNA Info Chicago 
While Chicago is on track to see as many as 600 murders this year, it does not have the highest murder rate per capita in the US. 
But shootings have often been concentrated in gang-heavy neighbourhoods, making the risk of being caught in the crossfire a very real one for people who live there. Image copyright Getty Images Image caption Source: FBI Uniform Crime Reporting data Image copyright Getty Images Image caption Source: USA Today 
A large majority of homicides in Chicago are from gunfire, and occur within a half-mile of the victim&apos;s home, according to data collected by local online news source DNAInfo . Image copyright Getty Images Image caption Source: Census data, 2011 Chicago Police Department analysis Image copyright Getty Images Image caption Source: Chicago Tribune Related Topics Share this story About sharing More on this story 
</post>
<signature>

</signature>
<external_links>

</external_links>
<country>GB</country>
<main_image>http://ichef-1.bbci.co.uk/news/1024/cpsprodpb/15C8A/production/_90962298_hi034994560.jpg</main_image>
</document>
