<?xml version="1.0" encoding="UTF-8"?>
<document>
<type>mainstream</type>
<forum>http://www.clashmusic.com//feed/features</forum>
<forum_title>Clash Features feed</forum_title>
<discussion_title>Influences: WILDERADO</discussion_title>
<language>english</language>
<gmt_offset></gmt_offset>
<topic_url>http://www.clashmusic.com/features/influences-wilderado</topic_url>
<topic_text>
  
WILDERADO know their music. 
After all, the band&apos;s initial moniker Bird Dog was half-inched from a song by the Everly Brothers. 
New EP &apos;Latigo&apos; is a graceful work, full of gently maturing sounds and a lyrical touch that is devastating in its under-stated nature. 
Produced by James McAlister - a frequent Sufjan Stevens collaborator - the material has a gilded edge, a rich melodic-ism hewn to palpable emotion. 
Heading back into the studio to work on fresh material, WILDERADO took time out to reveal a few of their Influences. 
- - - 
- - - 
The Beatles - &apos;Getting Better&apos; (Sgt. Pepper’s) , &apos;She Said She Said&apos; (&apos;Revolver&apos;) 
When we were making the first two EP’s (&apos;Misty Shrub&apos;, &apos;Latigo&apos;), &apos;Sgt. Pepper’s...&apos; and &apos;Revolver&apos; were all we listened to. There was no real motive to it, we just loved the songs and the tone they set in the house we were living in. We all fell in love with our songs through writing them together. Whether a tune was written alone or as a group, everyone took the time to understand where the song was coming from and how to engage it on a personal level. We are really quite novice at songwriting at this point, and especially were two years ago, so we put a lot of weight on the energy behind a song, using our collective excitement about how it made us feel as the only calibre for whether or not we are headed in the right direction. 
All that to say, &apos;Revolver&apos; and &apos;Sgt. Pepper’s...&apos; put us in the mood — still does, to be fair. 
- - - 
Cotton Jones — &apos;I’m The Changer&apos; 
We are all heavily into Cotton Jones right now. Michael Nau has a perfect way of making peculiarity familiar. I can’t help but relate to certain things that he says, even the ones I cant quite follow. It always feels like he is telling you the truth (I&apos;ve always felt I can trust people most when they admit their natural dishonesty). He has a way of going from vagueness to blunt specificity that we find impactful. He is also doing an awesome job of bringing this psychedelic aspect to folk/country music that is very inspiring. 
A lot of what we do is grounded in country music, given where we grew up and what we were around, however none of us really connect to the genre itself. Purely assumption, but it feels like Cotton Jones has a similar drug-induced lens on their roots. Maybe we just want to party with them. Anyone have a lead on that? 
- - - 
Andy Shauf - &apos;Drink My Rivers&apos;, &apos;I&apos;m Not Falling Asleep&apos; (from &apos;The Bearer Of Bad News&apos;) 
&apos;The Bearer Of Bad News&apos; is the most beautiful record I can think of. There is something soothing about songs that make you feel a sadness you don&apos;t often admit to. &apos;Drink My Rivers&apos; introduces these woodwinds that appear through the whole record. They sound drone like and so heavy, it’s amazing! You somehow leave the track wanting oboes and flutes all over your music. Then, &apos;I’m Not Falling Asleep&apos; starts and you&apos;re just like how in the hell is this even happening — I’m falling in love with woodwinds, but will never get them to sound the way he does. 
It’s like seeing a beautiful person that you know will never be anything but someone else’s. But dammit, it’s so inspiring because it’s so specific and perfect for this record. Any time we are in the studio we aim to create something as perfect for that particular time and those particular songs as Andy did in &apos;The Bearer Of Bad News&apos;. 
- - - 
Sam Cohen - &apos;Let The Mountain Come To You&apos; 
Everything we’ve worked on so far has been with James McAlister, he&apos;s responsible for combining synths with our more straight forward guitar songwriting. Its something we initially knew very little about, but are now very much into. Sam Cohen has this classic rock n’ roll sound that these crazy synth textures explode out of. He does a really cool job of creating these changes and turn-arounds that fall into massive synth parts. 
I recently read an article he was interviewed in where he gave a lot of insight into his recording techniques and revealed that a lot of his synth sounds are actually guitars. After learning that we have become very curious with de-constructing the guitar and getting it to sound like synthesizers. Needless to say, he is a strong inspiration on us. Plus, his &apos;Cool It&apos; record as a whole is pretty genius. 
- - - 
John Prine - &apos;Pretty Good&apos; 
There is not a whole lot of explanation for our love for John Prine. We simply just enjoy listening to him and his quirky, blunt songs. He is a good reminder that nothing will ever beat a well written song. No matter what gimmicks or crazy sounds you construct or stumble upon its all for nothing if the song is shit. There is also something to be said about how everything doesn’t always need to be so serious. “Pretty good, not bad, I can’t complain, but actually everything is about the same”. 
- - -
</topic_text>
<spam_score>0.00</spam_score>
<post_num>1</post_num>
<post_id>post-1</post_id>
<post_url>http://www.clashmusic.com/features/influences-wilderado</post_url>
<post_date>20160830</post_date>
<post_time>1308</post_time>
<username>Robin Murray</username>
<post>
  
WILDERADO know their music. 
After all, the band&apos;s initial moniker Bird Dog was half-inched from a song by the Everly Brothers. 
New EP &apos;Latigo&apos; is a graceful work, full of gently maturing sounds and a lyrical touch that is devastating in its under-stated nature. 
Produced by James McAlister - a frequent Sufjan Stevens collaborator - the material has a gilded edge, a rich melodic-ism hewn to palpable emotion. 
Heading back into the studio to work on fresh material, WILDERADO took time out to reveal a few of their Influences. 
- - - 
- - - 
The Beatles - &apos;Getting Better&apos; (Sgt. Pepper’s) , &apos;She Said She Said&apos; (&apos;Revolver&apos;) 
When we were making the first two EP’s (&apos;Misty Shrub&apos;, &apos;Latigo&apos;), &apos;Sgt. Pepper’s...&apos; and &apos;Revolver&apos; were all we listened to. There was no real motive to it, we just loved the songs and the tone they set in the house we were living in. We all fell in love with our songs through writing them together. Whether a tune was written alone or as a group, everyone took the time to understand where the song was coming from and how to engage it on a personal level. We are really quite novice at songwriting at this point, and especially were two years ago, so we put a lot of weight on the energy behind a song, using our collective excitement about how it made us feel as the only calibre for whether or not we are headed in the right direction. 
All that to say, &apos;Revolver&apos; and &apos;Sgt. Pepper’s...&apos; put us in the mood — still does, to be fair. 
- - - 
Cotton Jones — &apos;I’m The Changer&apos; 
We are all heavily into Cotton Jones right now. Michael Nau has a perfect way of making peculiarity familiar. I can’t help but relate to certain things that he says, even the ones I cant quite follow. It always feels like he is telling you the truth (I&apos;ve always felt I can trust people most when they admit their natural dishonesty). He has a way of going from vagueness to blunt specificity that we find impactful. He is also doing an awesome job of bringing this psychedelic aspect to folk/country music that is very inspiring. 
A lot of what we do is grounded in country music, given where we grew up and what we were around, however none of us really connect to the genre itself. Purely assumption, but it feels like Cotton Jones has a similar drug-induced lens on their roots. Maybe we just want to party with them. Anyone have a lead on that? 
- - - 
Andy Shauf - &apos;Drink My Rivers&apos;, &apos;I&apos;m Not Falling Asleep&apos; (from &apos;The Bearer Of Bad News&apos;) 
&apos;The Bearer Of Bad News&apos; is the most beautiful record I can think of. There is something soothing about songs that make you feel a sadness you don&apos;t often admit to. &apos;Drink My Rivers&apos; introduces these woodwinds that appear through the whole record. They sound drone like and so heavy, it’s amazing! You somehow leave the track wanting oboes and flutes all over your music. Then, &apos;I’m Not Falling Asleep&apos; starts and you&apos;re just like how in the hell is this even happening — I’m falling in love with woodwinds, but will never get them to sound the way he does. 
It’s like seeing a beautiful person that you know will never be anything but someone else’s. But dammit, it’s so inspiring because it’s so specific and perfect for this record. Any time we are in the studio we aim to create something as perfect for that particular time and those particular songs as Andy did in &apos;The Bearer Of Bad News&apos;. 
- - - 
Sam Cohen - &apos;Let The Mountain Come To You&apos; 
Everything we’ve worked on so far has been with James McAlister, he&apos;s responsible for combining synths with our more straight forward guitar songwriting. Its something we initially knew very little about, but are now very much into. Sam Cohen has this classic rock n’ roll sound that these crazy synth textures explode out of. He does a really cool job of creating these changes and turn-arounds that fall into massive synth parts. 
I recently read an article he was interviewed in where he gave a lot of insight into his recording techniques and revealed that a lot of his synth sounds are actually guitars. After learning that we have become very curious with de-constructing the guitar and getting it to sound like synthesizers. Needless to say, he is a strong inspiration on us. Plus, his &apos;Cool It&apos; record as a whole is pretty genius. 
- - - 
John Prine - &apos;Pretty Good&apos; 
There is not a whole lot of explanation for our love for John Prine. We simply just enjoy listening to him and his quirky, blunt songs. He is a good reminder that nothing will ever beat a well written song. No matter what gimmicks or crazy sounds you construct or stumble upon its all for nothing if the song is shit. There is also something to be said about how everything doesn’t always need to be so serious. “Pretty good, not bad, I can’t complain, but actually everything is about the same”. 
- - -
</post>
<signature>

</signature>
<external_links>

</external_links>
<country>GB</country>
<main_image>http://www.clashmusic.com/sites/default/files/field/image/13701129_869746969823393_8746138795221230020_o.jpg</main_image>
</document>
