<?xml version="1.0" encoding="UTF-8"?>
<document>
<type>mainstream</type>
<forum>http://www.newsvine.com/_feeds/rss2/index</forum>
<forum_title>Newsvine - Get Smarter Here</forum_title>
<discussion_title>Trump&apos;s financial records, depositions and interview transcripts: The documents behind &apos;Trump Revealed&apos; - Washington Post</discussion_title>
<language>english</language>
<gmt_offset></gmt_offset>
<topic_url>http://kenm77.newsvine.com/_news/2016/08/30/36025691-trumps-financial-records-depositions-and-interview-transcripts-the-documents-behind-trump-revealed-washington-post</topic_url>
<topic_text>
! 
WaPo reports; 
The Post is making public today a sizable portion of the raw reporting used in the development of “Trump Revealed,” a biography of the Republican presidential nominee published August 23 by Scribner. Drawn from the work of more than two dozen Post journalists, the archive contains 397 documents , comprising thousands of pages of interview transcripts, court filings, financial reports, immigration records and other material. Interviews conducted off the record were removed, as was other material The Post did not have the right to publish. The archive is searchable and navigable in a number of ways. It is meant as a resource for other journalists and a trove to explore for our many readers fascinated by original documents. 
Full story and documents in article.   In these nations:
</topic_text>
<spam_score>0.00</spam_score>
<post_num>1</post_num>
<post_id>post-1</post_id>
<post_url>http://kenm77.newsvine.com/_news/2016/08/30/36025691-trumps-financial-records-depositions-and-interview-transcripts-the-documents-behind-trump-revealed-washington-post</post_url>
<post_date>20160830</post_date>
<post_time>1426</post_time>
<username>Kenm77</username>
<post>
! 
WaPo reports; 
The Post is making public today a sizable portion of the raw reporting used in the development of “Trump Revealed,” a biography of the Republican presidential nominee published August 23 by Scribner. Drawn from the work of more than two dozen Post journalists, the archive contains 397 documents , comprising thousands of pages of interview transcripts, court filings, financial reports, immigration records and other material. Interviews conducted off the record were removed, as was other material The Post did not have the right to publish. The archive is searchable and navigable in a number of ways. It is meant as a resource for other journalists and a trove to explore for our many readers fascinated by original documents. 
Full story and documents in article.   In these nations:
</post>
<signature>

</signature>
<external_links>

</external_links>
<country>US</country>
<main_image>http://m.static.newsvine.com/servista/imagesizer?file=kenm77D4F865E7-543D-83F3-CFBA-B39518C66061.jpg&amp;width=original</main_image>
</document>
