<?xml version="1.0" encoding="UTF-8"?>
<document>
<type>mainstream</type>
<forum>http://a1.ro/rss/</forum>
<forum_title>A1.RO</forum_title>
<discussion_title>Ai curaj să încerci? Ce se întâmplă dacă agăţi un cârlig de lobul urechii</discussion_title>
<language>romanian</language>
<gmt_offset></gmt_offset>
<topic_url>http://a1.ro/lifestyle/health/ai-curaj-sa-incerci-ce-se-intampla-daca-agati-un-carlig-de-lobul-urechii-id523789.html</topic_url>
<topic_text>
HOME LIFESTYLE HEALTH Ai curaj să încerci? Ce se întâmplă dacă agăţi un cârlig de lobul urechii Ai curaj să încerci? Ce se întâmplă dacă agăţi un cârlig de lobul urechii   17:32 
Metoda de mai jos face parte din reflexologie şi este una pe cât de simplă, pe atât de eficientă. Dacă nu eşti în apele tale, este de ajuns să asculţi sfatul lui Richard Randing   INCREDIBIL! Un cuplu din România își vinde...NUNTA! Cu totul: restaurant, fotografii, filmări, lăutari. ”Viața a avut alt plan cu noi!” 
Reflexologul susţine că tot ce trebuie să faci este să te concentrezi pe o tehnică simplă pentru a-ţi recăpăta starea de bine în diferite regiuni ale corpului. 
Masarea urechii poate ajuta în stările de anxietate şi de nelinişte. Poţi executa şi tu aceste mişcări la tine acasă. 
Pentru început, aşază-te într-un scaun confortabil şi incepe să masezi uşor lobii urechilor, trăngând de ei în partea de jos. Foloseşte mişcări delicate, care să nu doară. Apoi urmăreşte cu degetele partea externă a urechii de câteva ori. 
Apasă apoi uşor cu degetele lobii urechilor, punând presiune timp de 5 secunde. Repetă de cinci ori înainte de a trece la cealaltă ureche. 
În plus, poţi folosi cârlige de rufe pentru a te concentra pe urechi. Aplicând presiune cu ajutorul lor, timp de 5 secunde, vei obţine calmarea durerilor de cap, a infecţiilor sinusale şi durerilor de spate. mai poti citi si
</topic_text>
<spam_score>0.00</spam_score>
<post_num>1</post_num>
<post_id>post-1</post_id>
<post_url>http://a1.ro/lifestyle/health/ai-curaj-sa-incerci-ce-se-intampla-daca-agati-un-carlig-de-lobul-urechii-id523789.html</post_url>
<post_date>20160830</post_date>
<post_time>1533</post_time>
<username></username>
<post>
HOME LIFESTYLE HEALTH Ai curaj să încerci? Ce se întâmplă dacă agăţi un cârlig de lobul urechii Ai curaj să încerci? Ce se întâmplă dacă agăţi un cârlig de lobul urechii   17:32 
Metoda de mai jos face parte din reflexologie şi este una pe cât de simplă, pe atât de eficientă. Dacă nu eşti în apele tale, este de ajuns să asculţi sfatul lui Richard Randing   INCREDIBIL! Un cuplu din România își vinde...NUNTA! Cu totul: restaurant, fotografii, filmări, lăutari. ”Viața a avut alt plan cu noi!” 
Reflexologul susţine că tot ce trebuie să faci este să te concentrezi pe o tehnică simplă pentru a-ţi recăpăta starea de bine în diferite regiuni ale corpului. 
Masarea urechii poate ajuta în stările de anxietate şi de nelinişte. Poţi executa şi tu aceste mişcări la tine acasă. 
Pentru început, aşază-te într-un scaun confortabil şi incepe să masezi uşor lobii urechilor, trăngând de ei în partea de jos. Foloseşte mişcări delicate, care să nu doară. Apoi urmăreşte cu degetele partea externă a urechii de câteva ori. 
Apasă apoi uşor cu degetele lobii urechilor, punând presiune timp de 5 secunde. Repetă de cinci ori înainte de a trece la cealaltă ureche. 
În plus, poţi folosi cârlige de rufe pentru a te concentra pe urechi. Aplicând presiune cu ajutorul lor, timp de 5 secunde, vei obţine calmarea durerilor de cap, a infecţiilor sinusale şi durerilor de spate. mai poti citi si
</post>
<signature>

</signature>
<external_links>

</external_links>
<country>RO</country>
<main_image>http://a1.ro/uploads/modules/news/0/2016/8/30/523789/1472569175e53026e4.jpg</main_image>
</document>
