<?xml version="1.0" encoding="UTF-8"?>
<document>
<type>mainstream</type>
<forum>http://seattletimes.nwsource.com/rss/home.xml</forum>
<forum_title>The Seattle Times The Seattle Times</forum_title>
<discussion_title>Defense asks for venue change in ex-preacher’s murder trial</discussion_title>
<language>english</language>
<gmt_offset></gmt_offset>
<topic_url>http://www.seattletimes.com/nation-world/defense-asks-for-venue-change-in-ex-preachers-murder-trial/</topic_url>
<topic_text>
Defense asks for venue change in ex-preacher’s murder trial Originally published August 30, 2016 at 8:16 am Share story The Associated Press 
DANVILLE, Ky. (AP) — Attorneys for a former Kentucky preacher accused of killing three people are seeking a change of venue for their client’s trial. 
News outlets report that during a Monday hearing on a request to move the trial, attorneys for 51-year-old Kenneth Allen Keith cited a telephone survey as evidence that Keith can’t receive a fair trial in Boyle County. 
Of the 401 surveyed by a Louisville polling firm, 65 percent said they thought Keith was guilty of the crimes. 
Prosecutors said the survey also showed that 74 percent of respondents said they think Keith can receive a fair trial. Most Read Stories
</topic_text>
<spam_score>0.00</spam_score>
<post_num>1</post_num>
<post_id>post-1</post_id>
<post_url>http://www.seattletimes.com/nation-world/defense-asks-for-venue-change-in-ex-preachers-murder-trial/</post_url>
<post_date>20160830</post_date>
<post_time>1516</post_time>
<username>The Associated Press</username>
<post>
Defense asks for venue change in ex-preacher’s murder trial Originally published August 30, 2016 at 8:16 am Share story The Associated Press 
DANVILLE, Ky. (AP) — Attorneys for a former Kentucky preacher accused of killing three people are seeking a change of venue for their client’s trial. 
News outlets report that during a Monday hearing on a request to move the trial, attorneys for 51-year-old Kenneth Allen Keith cited a telephone survey as evidence that Keith can’t receive a fair trial in Boyle County. 
Of the 401 surveyed by a Louisville polling firm, 65 percent said they thought Keith was guilty of the crimes. 
Prosecutors said the survey also showed that 74 percent of respondents said they think Keith can receive a fair trial. Most Read Stories
</post>
<signature>

</signature>
<external_links>

</external_links>
<country>US</country>
<main_image>http://www.seattletimes.com/wp-content/themes/st_refresh/img/st-meta-facebook.png</main_image>
</document>
