<?xml version="1.0" encoding="UTF-8"?>
<document>
<type>mainstream</type>
<forum></forum>
<forum_title></forum_title>
<discussion_title>Marktplatz| Frachtforum Transporte - Verkäufe und Gesuche - Forum-Speditionen | Das größte Forum der Transportbranche</discussion_title>
<language>german</language>
<gmt_offset></gmt_offset>
<topic_url>http://www.forum-speditionen.de/board/35-marktplatz-frachtforum-transporte-verkaeufe-und-gesuche/?s=40675345547b8d8d58e123714f882bb379613f75</topic_url>
<topic_text>
Diskutieren Sie über das „Für und Wieder“ von Leasingkosten. Tauschen Sie Preise aus. Auch Anbieter kommen hier zu Wort. Themen 
</topic_text>
<spam_score>0.18</spam_score>
<post_num>1</post_num>
<post_id>post-1</post_id>
<post_url>http://www.forum-speditionen.de/board/35-marktplatz-frachtforum-transporte-verkaeufe-und-gesuche/?s=40675345547b8d8d58e123714f882bb379613f75</post_url>
<post_date>20160825</post_date>
<post_time></post_time>
<username></username>
<post>
Diskutieren Sie über das „Für und Wieder“ von Leasingkosten. Tauschen Sie Preise aus. Auch Anbieter kommen hier zu Wort. Themen 
</post>
<signature>

</signature>
<external_links>

</external_links>
<country>DE</country>
<main_image></main_image>
</document>
