<?xml version="1.0" encoding="UTF-8"?>
<document>
<type>mainstream</type>
<forum>http://feeds.ficpa.org/AllUpcomingFicpaEvents</forum>
<forum_title>All Upcoming FICPA Events</forum_title>
<discussion_title>Financial Accounting for LLCs and Partnerships: Contributed Property, Capital Accounts, and the Form 1065 - 9/1/2016 - Online</discussion_title>
<language>english</language>
<gmt_offset></gmt_offset>
<topic_url>http://www.ficpa.org/Public/catalog/eventdetails.aspx?courseID=16ACFALP11</topic_url>
<topic_text>
Credits ONLINE 
This program compares and contrasts the financial accounting for partnerships/LLCs and the tax accounting for these entities and covers the relationship between partnerships and financial accounting, with a focus on the relation of tax accounting to financial accounting for partnership capital accounts. Objectives 
*To help understand how financial accounting applies in the partnership setting with special emphasis on accounting for capital accounts Major Topics *Review of the Accounting Standards Codification and its application to partnerships and LLCs. *Review of the Other Comprehensive Bases of Accounting and its application to partnerships and LLCs. *Review of the new AICPA Financial Reporting Framework for Small- and Medium-Sized Entities *Integration of these financial reporting approaches with accounting for issues in the formation of partnerships and LLCs. *Financial accounting issues arising from changes in ownership of partnerships and LLCs. *Financial vs. tax accounting for partnership/LLC capital accounts. *Review of the Sec. 704(b) substantial economic effect rules and their relation to financial accounting. Designed For CPAs working with partnerships and LLCs and members in business and industry seeking to keep their knowledge current. Prerequisite
</topic_text>
<spam_score>0.00</spam_score>
<post_num>1</post_num>
<post_id>post-1</post_id>
<post_url>http://www.ficpa.org/Public/catalog/eventdetails.aspx?courseID=16ACFALP11</post_url>
<post_date>20160901</post_date>
<post_time>0400</post_time>
<username></username>
<post>
Credits ONLINE 
This program compares and contrasts the financial accounting for partnerships/LLCs and the tax accounting for these entities and covers the relationship between partnerships and financial accounting, with a focus on the relation of tax accounting to financial accounting for partnership capital accounts. Objectives 
*To help understand how financial accounting applies in the partnership setting with special emphasis on accounting for capital accounts Major Topics *Review of the Accounting Standards Codification and its application to partnerships and LLCs. *Review of the Other Comprehensive Bases of Accounting and its application to partnerships and LLCs. *Review of the new AICPA Financial Reporting Framework for Small- and Medium-Sized Entities *Integration of these financial reporting approaches with accounting for issues in the formation of partnerships and LLCs. *Financial accounting issues arising from changes in ownership of partnerships and LLCs. *Financial vs. tax accounting for partnership/LLC capital accounts. *Review of the Sec. 704(b) substantial economic effect rules and their relation to financial accounting. Designed For CPAs working with partnerships and LLCs and members in business and industry seeking to keep their knowledge current. Prerequisite
</post>
<signature>

</signature>
<external_links>

</external_links>
<country>US</country>
<main_image></main_image>
</document>
