<?xml version="1.0" encoding="UTF-8"?>
<document>
<type>mainstream</type>
<forum>http://www.figyel.hu/rss.xml</forum>
<forum_title>[figyel.hu] - Hírek, percről percre. - RSS szolgáltatás</forum_title>
<discussion_title>Elpusztult egy fókabébi, miután négyezer kilométerre kóborolt el otthonától</discussion_title>
<language>hungarian</language>
<gmt_offset></gmt_offset>
<topic_url>http://www.figyel.hu/hirek/elpusztult-egy-fokabebi-miutan-negyezer-kilometerre-koborolt-el-otthonatol</topic_url>
<topic_text>
Elpusztult egy fókabébi, miután négyezer kilométerre kóborolt el otthonától   Akár négyezer kilométerre is elkóborolhatott otthonától az az oroszlánfóka-borjú, amelyik Francia Polinézia egyik szigetén kötött ki több mint egy héttel ezelőtt. Hiába küzdöttek napokig az életéért, az állat az úton túlságosan legyengült és elpusztult. tovább&gt;&gt;
</topic_text>
<spam_score>0.00</spam_score>
<post_num>1</post_num>
<post_id>post-1</post_id>
<post_url>http://www.figyel.hu/hirek/elpusztult-egy-fokabebi-miutan-negyezer-kilometerre-koborolt-el-otthonatol</post_url>
<post_date>20160830</post_date>
<post_time>1435</post_time>
<username></username>
<post>
Elpusztult egy fókabébi, miután négyezer kilométerre kóborolt el otthonától   Akár négyezer kilométerre is elkóborolhatott otthonától az az oroszlánfóka-borjú, amelyik Francia Polinézia egyik szigetén kötött ki több mint egy héttel ezelőtt. Hiába küzdöttek napokig az életéért, az állat az úton túlságosan legyengült és elpusztult. tovább&gt;&gt;
</post>
<signature>

</signature>
<external_links>

</external_links>
<country>HU</country>
<main_image>http://www.figyel.hu/image/logo/logo_120x240.gif</main_image>
</document>
