<?xml version="1.0" encoding="UTF-8"?>
<document>
<type>mainstream</type>
<forum>http://www.eetimes.com/rss.xml</forum>
<forum_title>EETimes:</forum_title>
<discussion_title>ON Semi to Sell Automotive IGBT Biz to Littelfuse</discussion_title>
<language>english</language>
<gmt_offset></gmt_offset>
<topic_url>http://www.eetimes.com/document.asp?doc_id=1330375</topic_url>
<topic_text>
Tweet LONDON—ON Semiconductor (Phoenix, AZ) has agreed to sell its ignition IGBT power device business to Littelfuse (Chicago, IL) for $104 million to allow its acquisition of Fairchild Semiconductor to go ahead. 
ON Semiconductor made the approach to Fairchild back in November last year but has had regulatory problems in the $2.4 billion deal. 
The merged company would have a combined share of over 60 percent in the worldwide market for Insulated-Gate Bipolar Transistors specifically designed and calibrated for automotive ignition systems, or Ignition IGBTs. Without a sell off, the Federal Trade Comssion (FTC) in the US believed the merger would substantially lessen competition in the worldwide market for Ignition IGBTs, resulting in higher prices and reduced innovation. 
ON Semiconductor has agreed to sell the Ignition IGBT business to Chicago-based manufacturer Littelfuse within 10 days of the close of the transaction. This includes design files and intellectual property that Littelfuse needs to manufacture ON’s Ignition IGBTs. ON must also support the transfer of its customer relationships to Littelfuse, and supply Ignition IGBTs for Littlefuse to sell to customers while Littelfuse sets up its manufacturing operations. 
The portfolio has annualized sales of approximately $55 million and is expected to close in late August, 2016. &quot;The acquisition of this portfolio aligns with our strategy to expand in power semiconductor applications as well as increase our presence in the automotive electronics market,&quot; said Ian Highley, senior vice president and general manager, semiconductor products and chief technology officer for Littelfuse. &quot;These products have strong synergies with our existing circuit protection business, will strengthen our channel partnerships and customer engagement, and expand our power semiconductor portfolio.&quot; 
Littelfuse also plans to invest approximately $30 million in its semiconductor fabrication locations to enhance its production capabilities, add significant capacity to its China fabrication facility and transfer the production of the ignition IGBT devices over the next few years, as the company works with customers on their timing and requirements. &quot;Once we complete the transfer of these products, we expect this acquisition to have margins of more than 30 percent,&quot; said Meenal Sethna, executive vice president and chief financial officer. 
The agreement with ON Semiconductor is subject to public comment for 30 days, finishing on September 26, 2016, after which the Commission will decide whether to make the proposed consent order final. 
-- This article was originally published on EE Times Europe.
</topic_text>
<spam_score>0.00</spam_score>
<post_num>1</post_num>
<post_id>post-1</post_id>
<post_url>http://www.eetimes.com/document.asp?doc_id=1330375</post_url>
<post_date>20160830</post_date>
<post_time>0400</post_time>
<username></username>
<post>
Tweet LONDON—ON Semiconductor (Phoenix, AZ) has agreed to sell its ignition IGBT power device business to Littelfuse (Chicago, IL) for $104 million to allow its acquisition of Fairchild Semiconductor to go ahead. 
ON Semiconductor made the approach to Fairchild back in November last year but has had regulatory problems in the $2.4 billion deal. 
The merged company would have a combined share of over 60 percent in the worldwide market for Insulated-Gate Bipolar Transistors specifically designed and calibrated for automotive ignition systems, or Ignition IGBTs. Without a sell off, the Federal Trade Comssion (FTC) in the US believed the merger would substantially lessen competition in the worldwide market for Ignition IGBTs, resulting in higher prices and reduced innovation. 
ON Semiconductor has agreed to sell the Ignition IGBT business to Chicago-based manufacturer Littelfuse within 10 days of the close of the transaction. This includes design files and intellectual property that Littelfuse needs to manufacture ON’s Ignition IGBTs. ON must also support the transfer of its customer relationships to Littelfuse, and supply Ignition IGBTs for Littlefuse to sell to customers while Littelfuse sets up its manufacturing operations. 
The portfolio has annualized sales of approximately $55 million and is expected to close in late August, 2016. &quot;The acquisition of this portfolio aligns with our strategy to expand in power semiconductor applications as well as increase our presence in the automotive electronics market,&quot; said Ian Highley, senior vice president and general manager, semiconductor products and chief technology officer for Littelfuse. &quot;These products have strong synergies with our existing circuit protection business, will strengthen our channel partnerships and customer engagement, and expand our power semiconductor portfolio.&quot; 
Littelfuse also plans to invest approximately $30 million in its semiconductor fabrication locations to enhance its production capabilities, add significant capacity to its China fabrication facility and transfer the production of the ignition IGBT devices over the next few years, as the company works with customers on their timing and requirements. &quot;Once we complete the transfer of these products, we expect this acquisition to have margins of more than 30 percent,&quot; said Meenal Sethna, executive vice president and chief financial officer. 
The agreement with ON Semiconductor is subject to public comment for 30 days, finishing on September 26, 2016, after which the Commission will decide whether to make the proposed consent order final. 
-- This article was originally published on EE Times Europe.
</post>
<signature>

</signature>
<external_links>

</external_links>
<country>US</country>
<main_image>http://cdn.electronics-eetimes.com/electronics-eetimes.com/sites/default/files/styles/inner_article/public/images/01-picture-library/business-merger-men.jpg?itok=zX6oXbMw</main_image>
</document>
