<?xml version="1.0" encoding="UTF-8"?>
<document>
<type>mainstream</type>
<forum>http://rssfeeds.democratandchronicle.com/Democratandchronicle/BreakingNewsAndTopStories</forum>
<forum_title>Democratandchronicle - Breaking News and Top Stories</forum_title>
<discussion_title>Hearing tonight on Webster greenhouse project</discussion_title>
<language>english</language>
<gmt_offset></gmt_offset>
<topic_url>http://www.democratandchronicle.com/story/news/2016/08/30/hearing-tonight-webster-greenhouse-project/89579016/</topic_url>
<topic_text>
Let friends in your social network know what you are reading about Facebook Email Hearing tonight on Webster greenhouse project Residents will get another chance to hear plans for controversial tomato greenhouse proposal. Post to Facebook Hearing tonight on Webster greenhouse project Residents will get another chance to hear plans for controversial tomato greenhouse proposal. Check out this story on DemocratandChronicle.com: http://on.rocne.ws/2bOya4w Cancel Send A link has been sent to your friend&apos;s email address. Posted! A link has been posted to your Facebook feed. Join the Conversation x Share A meeting in Webster about an Intergrow Greenhouses Inc. development was postponed until Aug. 30 due to the capacity crowd that gathered Tuesday night. (August 17, 2016) Video by Sarah Taddeo. Sarah Taddeo Sarah Taddeo , @sjtaddeo 11:11 a.m. EDT August 30, 2016 Buy Photo A few residential homes are in the immediate area of proposed greenhouses that will grow tomatoes. The land is adjacent to a corn field. (Photo: TINA MACINTYRE-YEE/ @tyee23/File photo) Buy Photo 
Webster residents will get another chance to hear plans for a controversial tomato greenhouse proposed at the corner of State and Salt roads in the town. 
A hearing on the proposal is scheduled for 7 p.m. today (Aug. 30) at the Webster Parks and Recreation Center, 1350 Chiyoda Drive. 
Owners of Intergrow Greenhouses Inc. , a tomato growing firm that has other greenhouse sites in Gaines, Orleans County, near Albion, and Fillmore, Allegany County, is proposing to build a 25-acre greenhouse at the site, with the possibility of additional greenhouses in the future, plus 150 parking spaces and a management building on the 114-acre site. MORE: Webster greenhouse proposal has neighbors seeing red 
Neighbors of the proposed greenhouse said they feel the project is not the right location because the facility may impact nearby neighborhoods with noise and light. 
Residents packed the seats at a Webster planning board meeting Tuesday, August 16, to hear or speak about a proposed tomato greenhouse project. (Photo: Provided by Jason Jugovic) 
Earlier this month, residents packed a planning board meeting that was supposed to include a full presentation about the project and a public comment period. 
That meeting was postponed until tonight after the room reached fire capacity.
</topic_text>
<spam_score>0.00</spam_score>
<post_num>1</post_num>
<post_id>post-1</post_id>
<post_url>http://www.democratandchronicle.com/story/news/2016/08/30/hearing-tonight-webster-greenhouse-project/89579016/</post_url>
<post_date>20160830</post_date>
<post_time>1511</post_time>
<username></username>
<post>
Let friends in your social network know what you are reading about Facebook Email Hearing tonight on Webster greenhouse project Residents will get another chance to hear plans for controversial tomato greenhouse proposal. Post to Facebook Hearing tonight on Webster greenhouse project Residents will get another chance to hear plans for controversial tomato greenhouse proposal. Check out this story on DemocratandChronicle.com: http://on.rocne.ws/2bOya4w Cancel Send A link has been sent to your friend&apos;s email address. Posted! A link has been posted to your Facebook feed. Join the Conversation x Share A meeting in Webster about an Intergrow Greenhouses Inc. development was postponed until Aug. 30 due to the capacity crowd that gathered Tuesday night. (August 17, 2016) Video by Sarah Taddeo. Sarah Taddeo Sarah Taddeo , @sjtaddeo 11:11 a.m. EDT August 30, 2016 Buy Photo A few residential homes are in the immediate area of proposed greenhouses that will grow tomatoes. The land is adjacent to a corn field. (Photo: TINA MACINTYRE-YEE/ @tyee23/File photo) Buy Photo 
Webster residents will get another chance to hear plans for a controversial tomato greenhouse proposed at the corner of State and Salt roads in the town. 
A hearing on the proposal is scheduled for 7 p.m. today (Aug. 30) at the Webster Parks and Recreation Center, 1350 Chiyoda Drive. 
Owners of Intergrow Greenhouses Inc. , a tomato growing firm that has other greenhouse sites in Gaines, Orleans County, near Albion, and Fillmore, Allegany County, is proposing to build a 25-acre greenhouse at the site, with the possibility of additional greenhouses in the future, plus 150 parking spaces and a management building on the 114-acre site. MORE: Webster greenhouse proposal has neighbors seeing red 
Neighbors of the proposed greenhouse said they feel the project is not the right location because the facility may impact nearby neighborhoods with noise and light. 
Residents packed the seats at a Webster planning board meeting Tuesday, August 16, to hear or speak about a proposed tomato greenhouse project. (Photo: Provided by Jason Jugovic) 
Earlier this month, residents packed a planning board meeting that was supposed to include a full presentation about the project and a public comment period. 
That meeting was postponed until tonight after the room reached fire capacity.
</post>
<signature>

</signature>
<external_links>

</external_links>
<country>US</country>
<main_image>http://www.gannett-cdn.com/-mm-/03288ae84f60ca22a32913a1855bf1a7dc9f56e8/c=0-110-2167-1334&amp;amp;r=x633&amp;amp;c=1200x630/local/-/media/2016/08/17/Rochester/Rochester/636070381866544116-TY-081716-TOMATO-GROWER-C.jpg</main_image>
</document>
