<?xml version="1.0" encoding="UTF-8"?>
<document>
<type>mainstream</type>
<forum>http://www.business-standard.com/rss/market.rss</forum>
<forum_title>Markets</forum_title>
<discussion_title>Fifth tranche of sovereign gold bonds from Sept 1 | Business Standard News</discussion_title>
<language>english</language>
<gmt_offset></gmt_offset>
<topic_url>http://www.business-standard.com/article/markets/fifth-tranche-of-sovereign-gold-bonds-from-sept-1-116083000830_1.html</topic_url>
<topic_text>
Government on Tuesday has announced fifth tranche of sovereign gold bond issue today. Issue will be open from September 01, 2016 to September 09, 2016. The bonds will be issued on September 23, 2016. This will be second issue in financial year 2016-17. In past 4 issue government sold bonds 7.785 tons gold for total Rs 2,240 crore. This latest bond issue will be at Rs 3,150 per gram, compared to fourth issue made at Rs 3,119. First three n=bond issues have been listed on the stock exchanges under debt segment and first one is trading at around 2-3 per cent premium while last 2nd and 3rd issues that were listed from yesterday are trading around market price.
Minimum one gram of gold worth bonds can be purchased and annually 2.75 per cent interest will be paid. Banks are also offering ASBA facility for investing on sovereign gold bonds.
As three bond issues have been listed, government has ensured liquidity and now to encash festival mood fifth issue has been announced. Onam, a festival is south India is considered most important for gold buying and rural demand with good monsoon is also expected to be better. Onam festival in Kerala is on 13th to 15th September.
 
 
BS Reporter Business Standard http://bsmedia.business-standard.com/_media/bs/wap/images/bs_logo_amp.png 177 22 Corn prices in India firms up on supply crunch, rise in demand: USGC Business Standard
</topic_text>
<spam_score>0.00</spam_score>
<post_num>1</post_num>
<post_id>post-1</post_id>
<post_url>http://www.business-standard.com/article/markets/fifth-tranche-of-sovereign-gold-bonds-from-sept-1-116083000830_1.html</post_url>
<post_date>20160830</post_date>
<post_time></post_time>
<username>BS Reporter</username>
<post>
Government on Tuesday has announced fifth tranche of sovereign gold bond issue today. Issue will be open from September 01, 2016 to September 09, 2016. The bonds will be issued on September 23, 2016. This will be second issue in financial year 2016-17. In past 4 issue government sold bonds 7.785 tons gold for total Rs 2,240 crore. This latest bond issue will be at Rs 3,150 per gram, compared to fourth issue made at Rs 3,119. First three n=bond issues have been listed on the stock exchanges under debt segment and first one is trading at around 2-3 per cent premium while last 2nd and 3rd issues that were listed from yesterday are trading around market price.
Minimum one gram of gold worth bonds can be purchased and annually 2.75 per cent interest will be paid. Banks are also offering ASBA facility for investing on sovereign gold bonds.
As three bond issues have been listed, government has ensured liquidity and now to encash festival mood fifth issue has been announced. Onam, a festival is south India is considered most important for gold buying and rural demand with good monsoon is also expected to be better. Onam festival in Kerala is on 13th to 15th September.
 
 
BS Reporter Business Standard http://bsmedia.business-standard.com/_media/bs/wap/images/bs_logo_amp.png 177 22 Corn prices in India firms up on supply crunch, rise in demand: USGC Business Standard
</post>
<signature>

</signature>
<external_links>

</external_links>
<country>IN</country>
<main_image>http://bsmedia.business-standard.com/_media/bs/img/article/2016-01/30/full/1454175576-6509.jpg</main_image>
</document>
