<?xml version="1.0" encoding="UTF-8"?>
<document>
<type>mainstream</type>
<forum>http://en.trend.az/feeds/business.rss</forum>
<forum_title>Trend – News from Azerbaijan, Georgia, Kazakhstan, Turkmenistan, Uzbekistan, Iran and Turkey.</forum_title>
<discussion_title>Why Iran&apos;s new oil contract model is vital</discussion_title>
<language>english</language>
<gmt_offset></gmt_offset>
<topic_url>http://en.trend.az/iran/business/2654640.html</topic_url>
<topic_text>
Why Iran&apos;s new oil contract model is vital 30 August 2016 18:51 (UTC+04:00) Access to paid information is limited News on the website Trend.az marked as , is available ONLY to subscribers of TREND International News Agency. 
If you are a subscriber of TREND News Agency, enter your login and password: 
If you are not a subscriber Sign up The username or password you entered is incorrect. User with this login is already authorized in the electronic system of TREND Get the news now You can read the article by sending an SMS from your mobile phone. 
For this, you must first select the country of your mobile operator: 
Select your provider: 
To obtain the password , send a message to .SMS costs - . Pay attention to the format of the message and the space between words.All the letters are in latin.In case of error, the service is still considered to be paid. 
A password will come in reply SMS. Server connetction error. If you have already received the password, enter it here and click to continue to read the article: SMS-services are being provided by SmsCoin | Report a problem Subscription Information To subscribe to the publication TREND, getting paid access to the news agency, advertising and purchasing photos, please contact us:Phone: (+994 50) 669-48-84E-mail: sales@trend.az To subscribe to the products of Trend, you can also send an email to , or by filling the form below you will receive full information from sales managers to enter a paid subscription: Full name*
</topic_text>
<spam_score>0.00</spam_score>
<post_num>1</post_num>
<post_id>post-1</post_id>
<post_url>http://en.trend.az/iran/business/2654640.html</post_url>
<post_date>20160830</post_date>
<post_time>1451</post_time>
<username></username>
<post>
Why Iran&apos;s new oil contract model is vital 30 August 2016 18:51 (UTC+04:00) Access to paid information is limited News on the website Trend.az marked as , is available ONLY to subscribers of TREND International News Agency. 
If you are a subscriber of TREND News Agency, enter your login and password: 
If you are not a subscriber Sign up The username or password you entered is incorrect. User with this login is already authorized in the electronic system of TREND Get the news now You can read the article by sending an SMS from your mobile phone. 
For this, you must first select the country of your mobile operator: 
Select your provider: 
To obtain the password , send a message to .SMS costs - . Pay attention to the format of the message and the space between words.All the letters are in latin.In case of error, the service is still considered to be paid. 
A password will come in reply SMS. Server connetction error. If you have already received the password, enter it here and click to continue to read the article: SMS-services are being provided by SmsCoin | Report a problem Subscription Information To subscribe to the publication TREND, getting paid access to the news agency, advertising and purchasing photos, please contact us:Phone: (+994 50) 669-48-84E-mail: sales@trend.az To subscribe to the products of Trend, you can also send an email to , or by filling the form below you will receive full information from sales managers to enter a paid subscription: Full name*
</post>
<signature>

</signature>
<external_links>

</external_links>
<country>AZ</country>
<main_image>http://www.trend.az/assets/images/white.jpg</main_image>
</document>
