<?xml version="1.0" encoding="UTF-8"?>
<document>
<type>mainstream</type>
<forum>http://www.abendblatt.de/?service=Rss</forum>
<forum_title>Hamburger Abendblatt</forum_title>
<discussion_title>Hamburg: Schüsse im Streit um Prostituierte – Urteil verzögert sich</discussion_title>
<language>german</language>
<gmt_offset></gmt_offset>
<topic_url>http://www.abendblatt.de/hamburg/article208154353/Schuesse-im-Streit-um-Prostituierte-Urteil-verzoegert-sich.html</topic_url>
<topic_text>
Schüsse im Streit um Prostituierte – Urteil verzögert sich 0 0 Kurz vor der Urteilsverkündung gegen einen 35-Jährigen meldete sich der Zwillingsbruder und erklärte, der Beschuldigte sei unschuldig. Jetzt bestellen und flexibel weiterlesen Im Digital-Komplett-Paket App für Tablet und Smartphone Auf allen Geräten verfügbar
</topic_text>
<spam_score>0.00</spam_score>
<post_num>1</post_num>
<post_id>post-1</post_id>
<post_url>http://www.abendblatt.de/hamburg/article208154353/Schuesse-im-Streit-um-Prostituierte-Urteil-verzoegert-sich.html</post_url>
<post_date>20160830</post_date>
<post_time>1358</post_time>
<username></username>
<post>
Schüsse im Streit um Prostituierte – Urteil verzögert sich 0 0 Kurz vor der Urteilsverkündung gegen einen 35-Jährigen meldete sich der Zwillingsbruder und erklärte, der Beschuldigte sei unschuldig. Jetzt bestellen und flexibel weiterlesen Im Digital-Komplett-Paket App für Tablet und Smartphone Auf allen Geräten verfügbar
</post>
<signature>

</signature>
<external_links>

</external_links>
<country>DE</country>
<main_image>http://img.abendblatt.de/img/incoming/crop207989713/5562608246-w820-cv16_9-q85/Eine-Statue-der-roemischen-Goettin-der-Gerechtigkeit-Justitia.jpg</main_image>
</document>
