<?xml version="1.0" encoding="UTF-8"?>
<document>
<type>mainstream</type>
<forum>http://www.martindale.com/rss/services/ArticlesRSS.ashx?tp=all</forum>
<forum_title>All Articles on Martindale.com</forum_title>
<discussion_title>Social Media, the First Amendment, and the Rules of Professional Conduct</discussion_title>
<language>english</language>
<gmt_offset></gmt_offset>
<topic_url>http://www.martindale.com/professional-services/article_Deutsch-Kerrigan-LLP_2233840.htm</topic_url>
<topic_text>
August 30, 2016 A recent ruling by the Louisiana Supreme Court provides guidance as whether a lawyer’s postings on social media pertaining to an ongoing judicial proceeding did fall within the category of First Amendment Free Speech. Specifically, the Louisiana Supreme Court ruled in 2015 that an attorney’s online and social media activity violated numerous Rules of Professional Conduct and was not free speech protected by the First Amendment. Joyce Nanine McCool, in what she proclaimed was an effort to protect two young girls from alleged abuse by their father, engaged in a social media campaign including Twitter, change.org, her blog site and online articles she authored criticizing the judges and expressing her opinions about cases pending before courts in Mississippi and Louisiana. McCool then drafted an online petition, encouraged the public to sign the petition and posted contact information for the judges’ offices and the Louisiana Supreme Court. In addition, she posted comments encouraging others to contact the judges and the Court about the cases. McCool also used her personal Twitter account to post numerous messages criticizing the judges and encouraging the public to act. As a result, both judges received numerous communication from the public regarding the cases, and eventually recused themselves from the pending cases as well as others involving McCool. The Louisiana Supreme Court held that McCool’s conduct fell into three categories 1) improper ex parte communications; 2) dissemination of false and misleading information; and 3) conduct prejudicial to the administration of justice. The court held that use of social media and the internet to “marshal public opinion against these judges and attention from this Court” violated Rules 3.5(a) and (b) and 8.4(a) of the Rules of Professional Conduct. Rule 3.5 prohibits a lawyer from seeking to influence a judge, . . .or other official by means prohibited by law and to communicate ex parte with such a person during the proceeding unless authorized to do so by law or court order. Rule 8.4 (a) holds that it is professional misconduct for a lawyer to violate the RPC or knowingly assist or induce another to do so, or do so through the acts of another. The Court also found that McCool violated Rule 8.4(c) prohibiting a lawyer from engaging in conduct involving dishonesty, fraud, deceit or misrepresentation, largely due to the clear and admitted “mistakes” in her statement of the facts. Finally, the Court held that McCool had violated Rule 8.4 (d) prohibiting a lawyer from engaging in conduct prejudicial to the administration of justice. McCool argued that her statements were free speech protected by the First Amendment. The Court held that attorneys in pending cases are subject to ethical restrictions on free speech not applicable to ordinary citizens. The Court held that “By holding the privilege of a law license, respondent, along with all members of the bar, is expected to act accordingly. . . . Respondent in this instance ‘is not merely a person and not even merely a lawyer. [She] is an intimate and trusted and essential part of the machinery of justice, an officer of the court’ in the most compelling sense.” The court ultimately found that the online and social media campaign was intended to inflame the public sensibility and influence the Court and was not protected free speech. For further discussions of the effect of social media on judicial proceedings, see State v. Madden , 2014 WL 931031, (not reported) concerning a criminal judge’s Facebook activity noting that in spite of privacy settings, “[I]n today’s world, posting information to Facebook is the very definition of making it public.”See also, United States v. Bowen , 969 F.Supp. 2d 546, 625-27 (E.D. La. 2013), granting motion for new trial on the grounds of prosecutors’ misconduct in posting anonymous comments regarding the trial on nola.com; Domville v. State , 103 So.3d 184, 185-86 (Fla Dist. Ct. App. 2012), rehearing denied , 125 So.3d 178, (Fla.App. 4 Dist., Jan. 16, 2013), Judge disqualified after defendant alleged that the prosecutor handling the case and the trial judge are Facebook “friends.” This relationship caused Domville to believe that the judge could not “be fair and impartial.” The views expressed in this document are solely the views of the author and not Martindale-Hubbell. This document is intended for informational purposes only and is not legal advice or a substitute for consultation with a licensed legal professional in a particular case or circumstance. View More Library Documents By...
</topic_text>
<spam_score>0.00</spam_score>
<post_num>1</post_num>
<post_id>post-1</post_id>
<post_url>http://www.martindale.com/professional-services/article_Deutsch-Kerrigan-LLP_2233840.htm</post_url>
<post_date>20160830</post_date>
<post_time>0000</post_time>
<username></username>
<post>
August 30, 2016 A recent ruling by the Louisiana Supreme Court provides guidance as whether a lawyer’s postings on social media pertaining to an ongoing judicial proceeding did fall within the category of First Amendment Free Speech. Specifically, the Louisiana Supreme Court ruled in 2015 that an attorney’s online and social media activity violated numerous Rules of Professional Conduct and was not free speech protected by the First Amendment. Joyce Nanine McCool, in what she proclaimed was an effort to protect two young girls from alleged abuse by their father, engaged in a social media campaign including Twitter, change.org, her blog site and online articles she authored criticizing the judges and expressing her opinions about cases pending before courts in Mississippi and Louisiana. McCool then drafted an online petition, encouraged the public to sign the petition and posted contact information for the judges’ offices and the Louisiana Supreme Court. In addition, she posted comments encouraging others to contact the judges and the Court about the cases. McCool also used her personal Twitter account to post numerous messages criticizing the judges and encouraging the public to act. As a result, both judges received numerous communication from the public regarding the cases, and eventually recused themselves from the pending cases as well as others involving McCool. The Louisiana Supreme Court held that McCool’s conduct fell into three categories 1) improper ex parte communications; 2) dissemination of false and misleading information; and 3) conduct prejudicial to the administration of justice. The court held that use of social media and the internet to “marshal public opinion against these judges and attention from this Court” violated Rules 3.5(a) and (b) and 8.4(a) of the Rules of Professional Conduct. Rule 3.5 prohibits a lawyer from seeking to influence a judge, . . .or other official by means prohibited by law and to communicate ex parte with such a person during the proceeding unless authorized to do so by law or court order. Rule 8.4 (a) holds that it is professional misconduct for a lawyer to violate the RPC or knowingly assist or induce another to do so, or do so through the acts of another. The Court also found that McCool violated Rule 8.4(c) prohibiting a lawyer from engaging in conduct involving dishonesty, fraud, deceit or misrepresentation, largely due to the clear and admitted “mistakes” in her statement of the facts. Finally, the Court held that McCool had violated Rule 8.4 (d) prohibiting a lawyer from engaging in conduct prejudicial to the administration of justice. McCool argued that her statements were free speech protected by the First Amendment. The Court held that attorneys in pending cases are subject to ethical restrictions on free speech not applicable to ordinary citizens. The Court held that “By holding the privilege of a law license, respondent, along with all members of the bar, is expected to act accordingly. . . . Respondent in this instance ‘is not merely a person and not even merely a lawyer. [She] is an intimate and trusted and essential part of the machinery of justice, an officer of the court’ in the most compelling sense.” The court ultimately found that the online and social media campaign was intended to inflame the public sensibility and influence the Court and was not protected free speech. For further discussions of the effect of social media on judicial proceedings, see State v. Madden , 2014 WL 931031, (not reported) concerning a criminal judge’s Facebook activity noting that in spite of privacy settings, “[I]n today’s world, posting information to Facebook is the very definition of making it public.”See also, United States v. Bowen , 969 F.Supp. 2d 546, 625-27 (E.D. La. 2013), granting motion for new trial on the grounds of prosecutors’ misconduct in posting anonymous comments regarding the trial on nola.com; Domville v. State , 103 So.3d 184, 185-86 (Fla Dist. Ct. App. 2012), rehearing denied , 125 So.3d 178, (Fla.App. 4 Dist., Jan. 16, 2013), Judge disqualified after defendant alleged that the prosecutor handling the case and the trial judge are Facebook “friends.” This relationship caused Domville to believe that the judge could not “be fair and impartial.” The views expressed in this document are solely the views of the author and not Martindale-Hubbell. This document is intended for informational purposes only and is not legal advice or a substitute for consultation with a licensed legal professional in a particular case or circumstance. View More Library Documents By...
</post>
<signature>

</signature>
<external_links>

</external_links>
<country>US</country>
<main_image></main_image>
</document>
