<?xml version="1.0" encoding="UTF-8"?>
<document>
<type>mainstream</type>
<forum>http://rssfeeds.kare11.com/_/20/109243624/KARE/sports</forum>
<forum_title>KARE - Sports</forum_title>
<discussion_title>Vikings shop veteran center Sullivan</discussion_title>
<language>english</language>
<gmt_offset></gmt_offset>
<topic_url>http://rssfeeds.kare11.com/_/20/109243624/KARE/http&amp;#x3a;&amp;#x2f;&amp;#x2f;www&amp;#x2e;kare11&amp;#x2e;com&amp;#x2f;sports&amp;#x2f;nfl&amp;#x2f;vikings&amp;#x2f;vikings-shop-veteran-center-sullivan&amp;#x2f;311211929</topic_url>
<topic_text>
Vikings shop veteran center Sullivan KARE Staff , KARE 9:19 AM. CDT August 30, 2016 Sources are reporting that the Minnesota Vikings are shopping veteran center John Sullivan, apparently having settled on Joe Berger as the starter. (Photo: USA Today Sports Images, Bruce Kluckhohn) CONNECT TWEET LINKEDIN GOOGLE+ PINTEREST 
EDEN PRAIRIE, Minn. - He&apos;s healthy, playing well... and apparently on the market. 
Sources are reporting that the Minnesota Vikings are shopping veteran center John Sullivan, apparently having settled on Joe Berger as the starter. USA Today football insider Tom Pelissero says Berger&apos;s relationship with new offensive line coach Tony Sparano, which dates back to their days in Miami, had an impact on how things played out. 
That&apos;s why Sullivan didn&apos;t play yesterday. Joe Berger goes back to Miami days with new OL coach Tony Sparano and has lower price tag. — Tom Pelissero (@TomPelissero) August 29, 2016 

The fact that Sullivan carries a higher price tag also figures into the equation. 
Drafted by the Vikings in 2008 (6th round), Sullivan has anchored the Vikings offensive line, and helped pave the way for Adrian Peterson to become one of the great running backs of all time. In recent years he has struggled with back problems, missing the entire 2015 season after a pair of back surgeries. 
Sullivan is healthy now and playing at a high level. If he is dealt Nick Easton, acquired from the San Francisco 49ers last year, could provide backup at both center and guard.
</topic_text>
<spam_score>0.00</spam_score>
<post_num>1</post_num>
<post_id>post-1</post_id>
<post_url>http://rssfeeds.kare11.com/_/20/109243624/KARE/http&amp;#x3a;&amp;#x2f;&amp;#x2f;www&amp;#x2e;kare11&amp;#x2e;com&amp;#x2f;sports&amp;#x2f;nfl&amp;#x2f;vikings&amp;#x2f;vikings-shop-veteran-center-sullivan&amp;#x2f;311211929</post_url>
<post_date>20160830</post_date>
<post_time>1419</post_time>
<username></username>
<post>
Vikings shop veteran center Sullivan KARE Staff , KARE 9:19 AM. CDT August 30, 2016 Sources are reporting that the Minnesota Vikings are shopping veteran center John Sullivan, apparently having settled on Joe Berger as the starter. (Photo: USA Today Sports Images, Bruce Kluckhohn) CONNECT TWEET LINKEDIN GOOGLE+ PINTEREST 
EDEN PRAIRIE, Minn. - He&apos;s healthy, playing well... and apparently on the market. 
Sources are reporting that the Minnesota Vikings are shopping veteran center John Sullivan, apparently having settled on Joe Berger as the starter. USA Today football insider Tom Pelissero says Berger&apos;s relationship with new offensive line coach Tony Sparano, which dates back to their days in Miami, had an impact on how things played out. 
That&apos;s why Sullivan didn&apos;t play yesterday. Joe Berger goes back to Miami days with new OL coach Tony Sparano and has lower price tag. — Tom Pelissero (@TomPelissero) August 29, 2016 

The fact that Sullivan carries a higher price tag also figures into the equation. 
Drafted by the Vikings in 2008 (6th round), Sullivan has anchored the Vikings offensive line, and helped pave the way for Adrian Peterson to become one of the great running backs of all time. In recent years he has struggled with back problems, missing the entire 2015 season after a pair of back surgeries. 
Sullivan is healthy now and playing at a high level. If he is dealt Nick Easton, acquired from the San Francisco 49ers last year, could provide backup at both center and guard.
</post>
<signature>

</signature>
<external_links>

</external_links>
<country>US</country>
<main_image>http://content.kare11.com/photo/2016/08/30/John%20Sullivan%20Vikings_1472566720792_5881629_ver1.0_640_360.jpg</main_image>
</document>
