<?xml version="1.0" encoding="UTF-8"?>
<document>
<type>mainstream</type>
<forum>http://feeds.feedburner.com/shipandbunker</forum>
<forum_title>Ship &amp; Bunker</forum_title>
<discussion_title>Wärtsilä and Gasum Partner to Develop Marine LNG Markets</discussion_title>
<language>english</language>
<gmt_offset></gmt_offset>
<topic_url>http://shipandbunker.com/news/world/908942-wartsila-and-gasum-partner-to-develop-marine-lng-markets</topic_url>
<topic_text>
Wärtsilä and Gasum Partner to Develop Marine LNG Markets Tuesday August 30, 2016   
Wärtsilä and Gasum have signed a cooperation agreement to develop LNG markets. 
Wärtsilä Corporation (Wärtsilä) Monday announced that it has signed a cooperation agreement with Gasum Oy (Gasum) intended to develop the use, distribution, and service solutions for natural gas in marine and onshore applications. 
Jaakko Eskola , Wärtsilä President and CEO , says the cooperation agreement will help speed the transition to gas fuel and advance environmental sustainability. 
&quot;Natural gas fuel is increasingly being used for marine engines and in power plant generators, primarily for reasons of environmental compliance,&quot; said Wärtsilä. 
&quot;Exhaust emissions from gas fuelled engines are notably lower than from diesel and coal-fired prime movers.&quot; 
The project that will be carried out under the agreement is said to be divided into separate work streams, which include gas as a marine fuel, LNG and liquefied biogas (LBG), Smart Power Generation, operations and maintenance, and biogas. “ 
The project will specifically focus on developing LNG infrastructure where gas is currently not available 
&quot;By improving the availability of LNG, the present and future needs of both the shipping sector and industrial clients currently outside the natural gas grids will be served,&quot; said Wärtsilä, noting that improved LNG utilisation will also enable the increased use of LBG without the need for additional investment, as the two can be used across the same infrastructure. 
The project will specifically focus on developing LNG infrastructure where gas is currently not available, as well as using business development cooperation to increase sales. 
In July, Ship &amp; Bunker reported that Wärtsilä and 13 other LNG industry players had come together to form a cross-industry coalition known SEA\LNG , intended accelerate the adoption of LNG as marine fuel . 
Ship &amp; Bunker News Team
</topic_text>
<spam_score>0.00</spam_score>
<post_num>1</post_num>
<post_id>post-1</post_id>
<post_url>http://shipandbunker.com/news/world/908942-wartsila-and-gasum-partner-to-develop-marine-lng-markets</post_url>
<post_date>20160830</post_date>
<post_time>0043</post_time>
<username></username>
<post>
Wärtsilä and Gasum Partner to Develop Marine LNG Markets Tuesday August 30, 2016   
Wärtsilä and Gasum have signed a cooperation agreement to develop LNG markets. 
Wärtsilä Corporation (Wärtsilä) Monday announced that it has signed a cooperation agreement with Gasum Oy (Gasum) intended to develop the use, distribution, and service solutions for natural gas in marine and onshore applications. 
Jaakko Eskola , Wärtsilä President and CEO , says the cooperation agreement will help speed the transition to gas fuel and advance environmental sustainability. 
&quot;Natural gas fuel is increasingly being used for marine engines and in power plant generators, primarily for reasons of environmental compliance,&quot; said Wärtsilä. 
&quot;Exhaust emissions from gas fuelled engines are notably lower than from diesel and coal-fired prime movers.&quot; 
The project that will be carried out under the agreement is said to be divided into separate work streams, which include gas as a marine fuel, LNG and liquefied biogas (LBG), Smart Power Generation, operations and maintenance, and biogas. “ 
The project will specifically focus on developing LNG infrastructure where gas is currently not available 
&quot;By improving the availability of LNG, the present and future needs of both the shipping sector and industrial clients currently outside the natural gas grids will be served,&quot; said Wärtsilä, noting that improved LNG utilisation will also enable the increased use of LBG without the need for additional investment, as the two can be used across the same infrastructure. 
The project will specifically focus on developing LNG infrastructure where gas is currently not available, as well as using business development cooperation to increase sales. 
In July, Ship &amp; Bunker reported that Wärtsilä and 13 other LNG industry players had come together to form a cross-industry coalition known SEA\LNG , intended accelerate the adoption of LNG as marine fuel . 
Ship &amp; Bunker News Team
</post>
<signature>

</signature>
<external_links>

</external_links>
<country>US</country>
<main_image>http://s.shipandbunker.com/806F6B/sab/a/img/_mt_f997b982a2605340051fe4b10e1626a3.jpg</main_image>
</document>
