<?xml version="1.0" encoding="UTF-8"?>
<document>
<type>mainstream</type>
<forum>http://feeds.feedburner.com/sharenet_news_eubiz</forum>
<forum_title>Sharenet News Headlines</forum_title>
<discussion_title>Oil falls as dollar rallies again; storm fears limit downside</discussion_title>
<language>english</language>
<gmt_offset></gmt_offset>
<topic_url>http://www.sharenet.co.za/news/Oil_falls_as_dollar_rallies_again_storm_fears_limit_downside/6d6d53649a168200a0d257306df579cd</topic_url>
<topic_text>
Oil falls as dollar rallies again; storm fears limit downside (New throughout, updates activity and prices as market turns negative, changes byline, dateline from LONDON) By Barani Krishnan NEW YORK, Aug 30 (Reuters) - Oil prices fell for a second day in a row on Tuesday as the dollar rose on stronger U.S. economic data, but the downside was limited by production suspensions in the U.S. Gulf due to an expected tropical storm. Brent crude futures were down 31 cents, or 0.6 percent, at $48.96 per barrel by 10:27 a.m. EDT (1427 GMT). U.S. West Texas Intermediate (WTI) crude slid 20 cents, or 0.4 percent, to $46.78. Both Brent and WTI fell more than 1 percent on Monday on a stronger dollar and on renewed concerns about an oil glut. The dollar index, which measures the greenback against a basket of currencies, hit session highs after the U.S. Consumer Expectations Index hit its highest since October. A stronger dollar tends to make greenback-denominated commodities such as oil costlier for holders of euro and other currencies. Energy operators in the U.S. Gulf of Mexico have shut output equal to 168,334 barrels per day (bpd) of oil and 190 million cubic feet per day of natural gas as a precaution against a tropical storm, the U.S. Bureau of Safety and Environmental Enforcement said on Monday. Shell said it had shut production at its Coulomb field in the region after BP shut its Na Kika platform ahead of Tropical Depression Nine. (Additional reporting by Ahmad Ghaddar in LONDON and Roslan Khasawneh in SINGAPORE; Editing by Jon Boyle and Marguerita Choy)   03:52:00  48:07©  
</topic_text>
<spam_score>0.00</spam_score>
<post_num>1</post_num>
<post_id>post-1</post_id>
<post_url>http://www.sharenet.co.za/news/Oil_falls_as_dollar_rallies_again_storm_fears_limit_downside/6d6d53649a168200a0d257306df579cd</post_url>
<post_date>20160830</post_date>
<post_time>1448</post_time>
<username></username>
<post>
Oil falls as dollar rallies again; storm fears limit downside (New throughout, updates activity and prices as market turns negative, changes byline, dateline from LONDON) By Barani Krishnan NEW YORK, Aug 30 (Reuters) - Oil prices fell for a second day in a row on Tuesday as the dollar rose on stronger U.S. economic data, but the downside was limited by production suspensions in the U.S. Gulf due to an expected tropical storm. Brent crude futures were down 31 cents, or 0.6 percent, at $48.96 per barrel by 10:27 a.m. EDT (1427 GMT). U.S. West Texas Intermediate (WTI) crude slid 20 cents, or 0.4 percent, to $46.78. Both Brent and WTI fell more than 1 percent on Monday on a stronger dollar and on renewed concerns about an oil glut. The dollar index, which measures the greenback against a basket of currencies, hit session highs after the U.S. Consumer Expectations Index hit its highest since October. A stronger dollar tends to make greenback-denominated commodities such as oil costlier for holders of euro and other currencies. Energy operators in the U.S. Gulf of Mexico have shut output equal to 168,334 barrels per day (bpd) of oil and 190 million cubic feet per day of natural gas as a precaution against a tropical storm, the U.S. Bureau of Safety and Environmental Enforcement said on Monday. Shell said it had shut production at its Coulomb field in the region after BP shut its Na Kika platform ahead of Tropical Depression Nine. (Additional reporting by Ahmad Ghaddar in LONDON and Roslan Khasawneh in SINGAPORE; Editing by Jon Boyle and Marguerita Choy)   03:52:00  48:07©  
</post>
<signature>

</signature>
<external_links>

</external_links>
<country>ZA</country>
<main_image></main_image>
</document>
