<?xml version="1.0" encoding="UTF-8"?>
<document>
<type>mainstream</type>
<forum>http://feeds.feedburner.com/shipandbunker</forum>
<forum_title>Ship &amp; Bunker</forum_title>
<discussion_title>Crude Down as US Dollar Pressures Prices</discussion_title>
<language>english</language>
<gmt_offset></gmt_offset>
<topic_url>http://shipandbunker.com/news/world/170186-crude-down-as-us-dollar-pressures-prices</topic_url>
<topic_text>
Crude Down as US Dollar Pressures Prices by Tim Bonett,   
All momentum from the tailwind crude experienced at the end of last week fizzled out as the stronger US dollar pressured prices throughout the day. 
Speculators are anticipating an uptick in interest rates from the Federal Reserve in the coming months, if not weeks. 
A rise in interests rate would boost the dollar further eroding greenback based oil prices. 
Bunker prices were softening in the primary ports. 
Tim Bonett , Broker &amp; Trader, KPI Bridge Oil 
About KPI Bridge Oil 
KPI Bridge Oil is one of the world&apos;s leading international bunker broking and trading firms. With a network of offices that covers every major time zone, we have an in-depth knowledge of ports and bunker markets around the world. Our access to real-time market information and long-established credit lines with suppliers means we use our buying power in the right place and at the right time. All this ensures our customers enjoy competitive prices - and on favourable terms. 
To contact the editor responsible for this story email us at
</topic_text>
<spam_score>0.00</spam_score>
<post_num>1</post_num>
<post_id>post-1</post_id>
<post_url>http://shipandbunker.com/news/world/170186-crude-down-as-us-dollar-pressures-prices</post_url>
<post_date>20160829</post_date>
<post_time>2359</post_time>
<username></username>
<post>
Crude Down as US Dollar Pressures Prices by Tim Bonett,   
All momentum from the tailwind crude experienced at the end of last week fizzled out as the stronger US dollar pressured prices throughout the day. 
Speculators are anticipating an uptick in interest rates from the Federal Reserve in the coming months, if not weeks. 
A rise in interests rate would boost the dollar further eroding greenback based oil prices. 
Bunker prices were softening in the primary ports. 
Tim Bonett , Broker &amp; Trader, KPI Bridge Oil 
About KPI Bridge Oil 
KPI Bridge Oil is one of the world&apos;s leading international bunker broking and trading firms. With a network of offices that covers every major time zone, we have an in-depth knowledge of ports and bunker markets around the world. Our access to real-time market information and long-established credit lines with suppliers means we use our buying power in the right place and at the right time. All this ensures our customers enjoy competitive prices - and on favourable terms. 
To contact the editor responsible for this story email us at
</post>
<signature>

</signature>
<external_links>

</external_links>
<country>US</country>
<main_image>http://s.shipandbunker.com/806F6B/sab/a/img/_mt_450b0ea55d7156451683f1305bb6a80e.jpg</main_image>
</document>
