<?xml version="1.0" encoding="UTF-8"?>
<document>
<type>mainstream</type>
<forum>http://www.perugiatoday.it/rss</forum>
<forum_title>PerugiaToday</forum_title>
<discussion_title>Anche “La Romantica” sposa la mission di Super Leo: nasce la pizza Avanti Tutta</discussion_title>
<language>italian</language>
<gmt_offset></gmt_offset>
<topic_url>http://www.perugiatoday.it/eventi/avanti-tutta-pizza-inaugurazione-pizzeria-romantica.html</topic_url>
<topic_text>
30 agosto 2016 05:00 Condivisioni 
Anche la pizzeria “La Romantica” dei fratelli Caio e Graziano Vece sposa la mission di Avanti Tutta onlus. Lo farà da venerdì 2 settembre con la pizza “Avanti Tutta” nel locale di Borgo XX Giugno a Perugia e dal lunedì successivo anche in quelli di San Sisto e Santa Maria degli Angeli. Per ogni pizza ordinata un euro andrà all’associazione. “Avanti Tutta” come ingredienti avrà la salsa di pomodoro, le verdure grigliate (zucchine, melanzane e peperoni), la rucola ed i pomodori secchi. 
Nel frattempo “La Romantica” di Borgo XX Giugno si è trasformata e ha un nuovo look. La sua inaugurazione, alla quale prenderà parte anche Leonardo Cenci, è in programma giovedì primo settembre alle ore 19. Sarà offerto un aperipizza a tutti i presenti accompagnato da musica dj Set. L’ingresso è libero. Caricamento in corso...
</topic_text>
<spam_score>0.00</spam_score>
<post_num>1</post_num>
<post_id>post-1</post_id>
<post_url>http://www.perugiatoday.it/eventi/avanti-tutta-pizza-inaugurazione-pizzeria-romantica.html</post_url>
<post_date>20160830</post_date>
<post_time>1500</post_time>
<username></username>
<post>
30 agosto 2016 05:00 Condivisioni 
Anche la pizzeria “La Romantica” dei fratelli Caio e Graziano Vece sposa la mission di Avanti Tutta onlus. Lo farà da venerdì 2 settembre con la pizza “Avanti Tutta” nel locale di Borgo XX Giugno a Perugia e dal lunedì successivo anche in quelli di San Sisto e Santa Maria degli Angeli. Per ogni pizza ordinata un euro andrà all’associazione. “Avanti Tutta” come ingredienti avrà la salsa di pomodoro, le verdure grigliate (zucchine, melanzane e peperoni), la rucola ed i pomodori secchi. 
Nel frattempo “La Romantica” di Borgo XX Giugno si è trasformata e ha un nuovo look. La sua inaugurazione, alla quale prenderà parte anche Leonardo Cenci, è in programma giovedì primo settembre alle ore 19. Sarà offerto un aperipizza a tutti i presenti accompagnato da musica dj Set. L’ingresso è libero. Caricamento in corso...
</post>
<signature>

</signature>
<external_links>

</external_links>
<country>IT</country>
<main_image>http://www.perugiatoday.it/~media/horizontal-hi/42659935900197/leonardo-corsa-foligno-2.jpg</main_image>
</document>
