<?xml version="1.0" encoding="UTF-8"?>
<document>
<type>mainstream</type>
<forum>http://www.dailymail.co.uk/home/index.rss</forum>
<forum_title>Home | Mail Online</forum_title>
<discussion_title>Why are men more likely to die from cancer?</discussion_title>
<language>english</language>
<gmt_offset></gmt_offset>
<topic_url>http://www.dailymail.co.uk/health/article-3763977/Why-men-likely-die-cancer-fear-doctor-ignore-symptoms.html</topic_url>
<topic_text>
e-mail 46 shares 38
View 
comments
Men are more likely to develop cancer then women, according to the latest figures. 
Each year 179,000 men receive a cancer diagnosis, compared with 173,00 women, says Cancer Research UK. 
Yet the fact remains that if a woman found a lump she would most likely seek urgent medical advice, while if the same happens to a man, all too often he will ignore it. 
Men don’t seem to like going to the doctor — even when it comes to something as potentially serious as cancer. 
A study of over 2,300 people with 15 different cancers found that men were most likely to delay going to the doctor. 
If a woman found a lump she would most likely seek urgent medical advice, while if the same happens to a man, all too often he will ignore it
According to the results, published in the British Journal of Cancer, 44 per cent of men with prostate cancer delayed visiting their GP about their symptoms for three months or more, while only 8 per cent of women with breast cancer symptoms put off getting help. 
But some men are paying for delaying that visit with their lives. Men are 15 per cent more likely to develop cancer but are 36 per cent more likely to die from it than women, according to figures from Cancer Research UK. 
‘Malignant melanoma is a type of cancer that is more common in women than men but still more men die of it even though more women have it,’ says Dr John Chisholm, a former GP and chair of the Men’s Health Forum. 
RELATED ARTICLES Previous 1 Next Is this the end of fiddly eye drops? New contact lenses... Teenager was just &apos;weeks from death&apos; after health experts... Want to get fit? Have sex! Researchers reveal the 5 best... Excess packaging on fruit and vegetables is putting... Share this article Share 46 shares ‘There are various reasons for this — men are not as aware of the symptoms of cancer as women — such as swelling, unexplained weight loss or bleeding. 
‘Men also tend to delay going to get their symptoms checked out — they are perhaps more worried about the diagnosis then women and are less familiar with the healthcare system. 
‘When I was a GP, men tended to apologise for coming — they would often say they had been pushed into attending by their wife or partner.’ 
And when men are diagnosed it hits them harder. Figures from Macmillan cancer care show that 50 per cent of newly diagnosed cancer patients have levels of anxiety or depression that adversely affect their quality of life. 
When men are diagnosed it hits them harder. Figures from Macmillan cancer care show that 50 per cent of newly diagnosed cancer patients have levels of anxiety or depression
Yet men suffer higher levels of depression, anxiety and feelings of hopelessness than women, according to cancer charity Tenovus. 
However, there is little support on hand. A study in the British Journal of Cancer in 2013, involving 1,000 men across Europe and the UK who had been treated for prostate cancer, concluded that eight in ten were not getting the care they need to prevent psychological or sexual problems. 
Dr Frances Goodhart, a consultant clinical psychologist in independent practice in London and author of The Cancer Survivor’s Companion says the support services that are in place are not aimed at men: ‘They are aimed towards discussion about hair loss, fertility post treatment — it all very much focuses on women,’ she says. 
Furthermore, she says, there may be stereotypical attitudes about men’s emotional needs during treatment. 
‘There is clear evidence that women find it easier to express their needs and talk about their concerns and to accept help,’ she says. 
‘Yet men are different and people need to give them permission to talk about their feelings so they feel they can say: “I’m feeling down, vulnerable etc”.&apos; 
‘There is clear evidence that women find it easier to express their needs and talk about their concerns and to accept help,’ says Dr Frances Goodhart
The benefits of emotional support during cancer treatment should not be underestimated. 
Initial results from an ongoing study published in the journal of Clinical Oncology in 2013 found that married people tend to live longer than single people after cancer diagnosis — partly due to the emotional support a partner brings. 
Peter Jackson, 55, the former player and manager for teams such as Lincoln City and Bradford City, is a prime example. 
Not only did he delay going to the doctor for months before he was diagnosed with cancer of the throat in 2008 at the age of 46, but he also became hugely dependent on his wife Alison, who is now 58. 
‘I had never seen him look the way he did in the hospital when he had just been told about the cancer,’ says Alison. 
Former football player and manager Peter Jackson, 55, was diagnosed with cancer in the throat in 2008 
‘He was usually full of confidence — he was used to being adored by fans and as a manager he liked swaggering up and down the sidelines in his Hugo Boss suit. 
Yet he was sitting there in a white theatre gown and looked suddenly so vulnerable and he started to cry in front of me for the first time in almost 30 years of marriage.’ 
As he went through radiotherapy in March 2007 at times Peter’s frustration at the situation became so bad that he refused medical help — as some men do. 
‘I used to think ‘does he think it’s a sign of weakness to have painkillers?’ says Alison. 
‘Once we were on a break in Scarborough and he developed a fever and I said “I’m calling an ambulance” and he said “no, don’t” but I just ignored him.’ 
Happily he is now cancer free but whether he would have made it through without the emotional support and perseverance of his wife pushing him on to persist with his treatment is open to question. 
Dr Goodhart says the situation for men is improving with resources such as the distress thermometer, a question and answer scale to allow people to mark their feelings on a scale from one to ten. 
‘It’s a way of opening up a conversation for either sex — but men especially may benefit,’ she says. 
Dr Chisholm believes men could also benefit from being taught at school about how to access healthcare so that it is less daunting to them as adults. 
Living With Jacko by Alison and Peter Jackson is published by Great Northern Books.
</topic_text>
<spam_score>0.00</spam_score>
<post_num>29</post_num>
<post_id>post-29</post_id>
<post_url>http://www.dailymail.co.uk/health/article-3763977/Why-men-likely-die-cancer-fear-doctor-ignore-symptoms.html</post_url>
<post_date>20160830</post_date>
<post_time>0902</post_time>
<username>e6400ultra</username>
<post>
My experience is that doctors tend not to do as thorough an examination or take concerns as seriously with men.
</post>
<signature>

</signature>
<external_links>

</external_links>
<country>GB</country>
<main_image>http://i.dailymail.co.uk/i/pix/2016/08/30/02/37B33D2F00000578-0-image-a-35_1472519553373.jpg</main_image>
</document>
