<?xml version="1.0" encoding="UTF-8"?>
<document>
<type>mainstream</type>
<forum>http://feeds.feedburner.com/shipandbunker</forum>
<forum_title>Ship &amp; Bunker</forum_title>
<discussion_title>Decision on Sri Lanka Bunkering Project Depends on China Talks, Says Minister</discussion_title>
<language>english</language>
<gmt_offset></gmt_offset>
<topic_url>http://shipandbunker.com/news/apac/787107-decision-on-sri-lanka-bunkering-project-depends-on-china-talks-says-minister</topic_url>
<topic_text>
Decision on Sri Lanka Bunkering Project Depends on China Talks, Says Minister Tuesday August 30, 2016   
Sri Lanka Ports Minister Arjuna Ranatunga 
Sri Lanka Ports Minister Arjuna Ranatunga says a decision over who will operate the bunkering facility at Sri Lanka&apos;s Hambantota port will be dependant on the outcome of talks with China , local media reports. 
&quot;We need to see what China is looking at,&quot; Minister Ranatunga told foreign correspondents in Colombo. 
&quot;We are awaiting proper advice from the government regarding the Chinese.&quot; 
China is understood to have already provided the bulk of the port&apos;s $1.5 billion development costs, with the bunkering aspect the only part owned by the Sri Lanka Ports Authority (SLPA). “ 
SLPA&apos;s earlier efforts to run the bunkering operation were short lived 
SLPA&apos;s earlier efforts to run the bunkering operation were short lived and ultimately ended in failure , and the new regime has since been looking for a new party to provide bunkering. 
As Ship &amp; Bunker reported yesterday, the government has received four bids in response to its request for proposals (RFP). 
But the port is also struggling as a whole, and earlier this month Malik Samarawickrema , Minister for Sri Lanka&apos;s Strategic Development and International Trade, said that the government was once again in talks with China over assistance to help develop Hambantota . 
Ship &amp; Bunker News Team
</topic_text>
<spam_score>0.00</spam_score>
<post_num>1</post_num>
<post_id>post-1</post_id>
<post_url>http://shipandbunker.com/news/apac/787107-decision-on-sri-lanka-bunkering-project-depends-on-china-talks-says-minister</post_url>
<post_date>20160830</post_date>
<post_time>0408</post_time>
<username></username>
<post>
Decision on Sri Lanka Bunkering Project Depends on China Talks, Says Minister Tuesday August 30, 2016   
Sri Lanka Ports Minister Arjuna Ranatunga 
Sri Lanka Ports Minister Arjuna Ranatunga says a decision over who will operate the bunkering facility at Sri Lanka&apos;s Hambantota port will be dependant on the outcome of talks with China , local media reports. 
&quot;We need to see what China is looking at,&quot; Minister Ranatunga told foreign correspondents in Colombo. 
&quot;We are awaiting proper advice from the government regarding the Chinese.&quot; 
China is understood to have already provided the bulk of the port&apos;s $1.5 billion development costs, with the bunkering aspect the only part owned by the Sri Lanka Ports Authority (SLPA). “ 
SLPA&apos;s earlier efforts to run the bunkering operation were short lived 
SLPA&apos;s earlier efforts to run the bunkering operation were short lived and ultimately ended in failure , and the new regime has since been looking for a new party to provide bunkering. 
As Ship &amp; Bunker reported yesterday, the government has received four bids in response to its request for proposals (RFP). 
But the port is also struggling as a whole, and earlier this month Malik Samarawickrema , Minister for Sri Lanka&apos;s Strategic Development and International Trade, said that the government was once again in talks with China over assistance to help develop Hambantota . 
Ship &amp; Bunker News Team
</post>
<signature>

</signature>
<external_links>

</external_links>
<country>US</country>
<main_image>http://s.shipandbunker.com/806F6B/sab/a/img/_mt_b72fafa8043f90056df3906c8ae1e503.jpg</main_image>
</document>
