<?xml version="1.0" encoding="UTF-8"?>
<document>
<type>mainstream</type>
<forum>http://www.aktualne.cz/rss</forum>
<forum_title>Aktuálně.cz</forum_title>
<discussion_title>Servery už si za rychlejší stahování nepřiplatí, operátory čekají přísnější pravidla pro připojení</discussion_title>
<language>czech</language>
<gmt_offset></gmt_offset>
<topic_url>http://zpravy.aktualne.cz/ekonomika/servery-uz-si-za-rychlejsi-stahovani-nepriplati-operatory-ce/r~2e4ceafe6ebd11e6a77e002590604f2e/</topic_url>
<topic_text>
Servery už si za rychlejší stahování nepřiplatí, operátory čekají přísnější pravidla pro připojení před 35 minutami Ilustrační foto. | Foto: Thinkstock Evropské operátory, včetně těch z Česka, čekají přísnější pravidla pro poskytování přenosu dat po internetu. Zákazníci by díky tomu měli získat rovnocenný přístup k obsahovým službám. V praxi to znamená, že texty, obrázky i videa by se z různých serverů měly stahovat stejně rychle.To doposud neplatilo, poskytovatelé si mohli připlatit za rychlejší přenos. Hlavní zprávy Živě: Šafářová vs. Gavrilovová, Češka rozjíždí US Open se svou pronásledovatelkou 
Praha - Evropské operátory , včetně těch z Česka, čekají přísnější pravidla pro poskytování přenosu dat po internetu. Zákazníci by díky tomu měli získat rovnocenný přístup k obsahovým službám . Vyplývá to z pokynů Sdružení evropských regulačních orgánů v oblasti elektronických komunikací BEREC pro oblast takzvané síťové neutrality. Řekl to mluvčí Českého telekomunikačního úřadu Martin Drtina. 
Uživatelé se dosud v praxi setkávali s tím, že se jim obsah, tedy texty, obrázky nebo videa z různých serverů stahovaly rozdílnou rychlostí. Poskytovatelé obsahu si totiž u operátorů mohli zaplatit za rychlejší přenos. 
&quot;Pro zákazníky to bude znamenat garanci rovnocenného přístupu ke službám různých poskytovatelů obsahu. Větší společnost si již nebude moci zaplatit zvýhodnění svých služeb v síti operátora, což si ta menší dovolit nemohla. A pro operátory to bude znamenat přísnější pravidla pro poskytování služeb, na která bude ČTÚ dohlížet,&quot; uvedl Drtina. 
Sankce za porušování principu síťové neutrality by do zákona o elektronických komunikacích měly být začleněny novelou, na jejímž návrhu pracuje ministerstvo průmyslu a obchodu .
</topic_text>
<spam_score>0.00</spam_score>
<post_num>1</post_num>
<post_id>post-1</post_id>
<post_url>http://zpravy.aktualne.cz/ekonomika/servery-uz-si-za-rychlejsi-stahovani-nepriplati-operatory-ce/r~2e4ceafe6ebd11e6a77e002590604f2e/</post_url>
<post_date>20160830</post_date>
<post_time>1440</post_time>
<username></username>
<post>
Servery už si za rychlejší stahování nepřiplatí, operátory čekají přísnější pravidla pro připojení před 35 minutami Ilustrační foto. | Foto: Thinkstock Evropské operátory, včetně těch z Česka, čekají přísnější pravidla pro poskytování přenosu dat po internetu. Zákazníci by díky tomu měli získat rovnocenný přístup k obsahovým službám. V praxi to znamená, že texty, obrázky i videa by se z různých serverů měly stahovat stejně rychle.To doposud neplatilo, poskytovatelé si mohli připlatit za rychlejší přenos. Hlavní zprávy Živě: Šafářová vs. Gavrilovová, Češka rozjíždí US Open se svou pronásledovatelkou 
Praha - Evropské operátory , včetně těch z Česka, čekají přísnější pravidla pro poskytování přenosu dat po internetu. Zákazníci by díky tomu měli získat rovnocenný přístup k obsahovým službám . Vyplývá to z pokynů Sdružení evropských regulačních orgánů v oblasti elektronických komunikací BEREC pro oblast takzvané síťové neutrality. Řekl to mluvčí Českého telekomunikačního úřadu Martin Drtina. 
Uživatelé se dosud v praxi setkávali s tím, že se jim obsah, tedy texty, obrázky nebo videa z různých serverů stahovaly rozdílnou rychlostí. Poskytovatelé obsahu si totiž u operátorů mohli zaplatit za rychlejší přenos. 
&quot;Pro zákazníky to bude znamenat garanci rovnocenného přístupu ke službám různých poskytovatelů obsahu. Větší společnost si již nebude moci zaplatit zvýhodnění svých služeb v síti operátora, což si ta menší dovolit nemohla. A pro operátory to bude znamenat přísnější pravidla pro poskytování služeb, na která bude ČTÚ dohlížet,&quot; uvedl Drtina. 
Sankce za porušování principu síťové neutrality by do zákona o elektronických komunikacích měly být začleněny novelou, na jejímž návrhu pracuje ministerstvo průmyslu a obchodu .
</post>
<signature>

</signature>
<external_links>

</external_links>
<country>CZ</country>
<main_image>http://cdn.i0.cz/src/public-data/4e/70/d18abc1833a6b35aeb7f0b04ffca_base_optimal.jpg</main_image>
</document>
