<?xml version="1.0" encoding="UTF-8"?>
<document>
<type>mainstream</type>
<forum>http://feeds.feedburner.com/shipandbunker</forum>
<forum_title>Ship &amp; Bunker</forum_title>
<discussion_title>Iraq, Not Saudis, Earmarked As The Likely Heavy In The September Freeze Talks</discussion_title>
<language>english</language>
<gmt_offset></gmt_offset>
<topic_url>http://shipandbunker.com/news/world/505473-iraq-not-saudis-earmarked-as-the-likely-heavy-in-the-september-freeze-talks</topic_url>
<topic_text>
Iraq, Not Saudis, Earmarked As The Likely Heavy In The September Freeze Talks Tuesday August 30, 2016   
Bloomberg&apos;s Julian Lee says Iraq is in full-tilt expansion mode. 
As the September date for the Organization of the Petroleum Exporting Countries &apos; (OPEC) freeze talks draw nearer, another analyst has predicted their failure – but not due to proven gadflies like Saudi Arabia or Iran ; instead, Iraq has been earmarked as the culprit. 
Writing for Bloomberg, Julian Lee , oil strategist for Bloomberg First word, reasons that the Saudis are already pumping at record volumes, and given their kingdom&apos;s domestic demand will begin to fall in line with its normal seasonal pattern in September, &quot;freezing output at a seasonal high point is much more attractive than doing it at the seasonal low.&quot; 
In Iran&apos;s case, the Islamic republic&apos;s growth to near pre-sanction levels will likely continue until it reaches the 4 million barrel per day mark by the end of next month, &quot;And if its production reaches a point where it can&apos;t be raised further without significant investment and a long lead-time, it might, just might, agree to a freeze to call the Saudis&apos; bluff,&quot; theorizes Lee. “ 
Don&apos;t expect to wake up in late-September to a world in which OPEC and Russia have reached a credible agreement on a cap Julian Lee, oil strategist, Bloomberg First word 
On the other hand, Iraq is in the early stages of aggressive growth, with that nation&apos;s oil minister, Jabbar Al-Luaibi , asking oil companies operating in the south of the country to revive spending plans and boost output; Lee writes, &quot;The results won&apos;t be immediate, but they could come soon enough to conflict with any undertaking by Iraq to freeze production at the current level.&quot; 
Lee&apos;s remarks coincide with Iraq once more proving its determination to prevail in the international market: Reuters reports that Iraq&apos;s State Oil Marketing Organization will consider selling its crude through Iran should impending talks with Turkey fall through. 
Fayadh al-Nema , deputy oil minister for Iraq, told the news agency, &quot;We will start to find a way in order to sell our oil because we need money, either to Iran or other countries.&quot; 
For his part, Lee doesn&apos;t hold any false hope that his insight will gain traction in the trading world: &quot;This won&apos;t stop others in OPEC from continuing to promote the idea of a freeze; nor will it prevent the oil price from jumping on every hint of a deal, no matter how absurd. 
&quot;Just don&apos;t expect to wake up in late-September to a world in which OPEC and Russia have reached a credible agreement on a cap.&quot; 
True to Lee&apos;s word, OPEC members Venezuela and Iran seem bent on some sort of freeze taking place, with officials of the two countries meeting over the weekend to determine ways to stabilize the oil markets. 
Ship &amp; Bunker News Team
</topic_text>
<spam_score>0.00</spam_score>
<post_num>1</post_num>
<post_id>post-1</post_id>
<post_url>http://shipandbunker.com/news/world/505473-iraq-not-saudis-earmarked-as-the-likely-heavy-in-the-september-freeze-talks</post_url>
<post_date>20160830</post_date>
<post_time>0337</post_time>
<username></username>
<post>
Iraq, Not Saudis, Earmarked As The Likely Heavy In The September Freeze Talks Tuesday August 30, 2016   
Bloomberg&apos;s Julian Lee says Iraq is in full-tilt expansion mode. 
As the September date for the Organization of the Petroleum Exporting Countries &apos; (OPEC) freeze talks draw nearer, another analyst has predicted their failure – but not due to proven gadflies like Saudi Arabia or Iran ; instead, Iraq has been earmarked as the culprit. 
Writing for Bloomberg, Julian Lee , oil strategist for Bloomberg First word, reasons that the Saudis are already pumping at record volumes, and given their kingdom&apos;s domestic demand will begin to fall in line with its normal seasonal pattern in September, &quot;freezing output at a seasonal high point is much more attractive than doing it at the seasonal low.&quot; 
In Iran&apos;s case, the Islamic republic&apos;s growth to near pre-sanction levels will likely continue until it reaches the 4 million barrel per day mark by the end of next month, &quot;And if its production reaches a point where it can&apos;t be raised further without significant investment and a long lead-time, it might, just might, agree to a freeze to call the Saudis&apos; bluff,&quot; theorizes Lee. “ 
Don&apos;t expect to wake up in late-September to a world in which OPEC and Russia have reached a credible agreement on a cap Julian Lee, oil strategist, Bloomberg First word 
On the other hand, Iraq is in the early stages of aggressive growth, with that nation&apos;s oil minister, Jabbar Al-Luaibi , asking oil companies operating in the south of the country to revive spending plans and boost output; Lee writes, &quot;The results won&apos;t be immediate, but they could come soon enough to conflict with any undertaking by Iraq to freeze production at the current level.&quot; 
Lee&apos;s remarks coincide with Iraq once more proving its determination to prevail in the international market: Reuters reports that Iraq&apos;s State Oil Marketing Organization will consider selling its crude through Iran should impending talks with Turkey fall through. 
Fayadh al-Nema , deputy oil minister for Iraq, told the news agency, &quot;We will start to find a way in order to sell our oil because we need money, either to Iran or other countries.&quot; 
For his part, Lee doesn&apos;t hold any false hope that his insight will gain traction in the trading world: &quot;This won&apos;t stop others in OPEC from continuing to promote the idea of a freeze; nor will it prevent the oil price from jumping on every hint of a deal, no matter how absurd. 
&quot;Just don&apos;t expect to wake up in late-September to a world in which OPEC and Russia have reached a credible agreement on a cap.&quot; 
True to Lee&apos;s word, OPEC members Venezuela and Iran seem bent on some sort of freeze taking place, with officials of the two countries meeting over the weekend to determine ways to stabilize the oil markets. 
Ship &amp; Bunker News Team
</post>
<signature>

</signature>
<external_links>

</external_links>
<country>US</country>
<main_image>http://s.shipandbunker.com/806F6B/sab/a/img/_mt_5f401d35e614f06b3e930daebc060a19.jpg</main_image>
</document>
