<?xml version="1.0" encoding="UTF-8"?>
<document>
<type>mainstream</type>
<forum>http://www.cbc.ca/cmlink/rss-politics</forum>
<forum_title>CBC | Politics News</forum_title>
<discussion_title>Gary Doer, former Manitoba premier, joins global law firm Dentons</discussion_title>
<language>english</language>
<gmt_offset></gmt_offset>
<topic_url>http://www.cbc.ca/news/canada/manitoba/gary-doer-former-manitoba-premier-new-job-law-firm-1.3741141?cmp=rss</topic_url>
<topic_text>
Gary Doer, a former Manitoba premier and Canadian ambassador to the United States, is joining the Toronto office of the global law firm Dentons.
The firm says in a release that Doer will be senior business adviser and will work with clients on Canada-U.S. trans-border matters, as well as global public policy initiatives.
Doer was premier of Manitoba from 1999 to 2009 and led the NDP to three consecutive majority governments.
He served as ambassador from October 2009 to March of this year.
Gary Doer leaves the building: Long career in public life ends for U.S. ambassador  Chris Pinnington, CEO of Dentons Canada, says in a statement that Doer&apos;s experience and widely-respected stature in public service, in government and with cross-border diplomatic and business relations in North America, will be &quot;invaluable&quot; to clients.
Doer joins a number of former political figures who now work at Dentons, including former prime minister Jean Chretien, who joined the firm in 2014.
</topic_text>
<spam_score>0.00</spam_score>
<post_num>1</post_num>
<post_id>post-1</post_id>
<post_url>http://www.cbc.ca/news/canada/manitoba/gary-doer-former-manitoba-premier-new-job-law-firm-1.3741141?cmp=rss</post_url>
<post_date>20160830</post_date>
<post_time>0853</post_time>
<username>cbc</username>
<post>
Gary Doer, a former Manitoba premier and Canadian ambassador to the United States, is joining the Toronto office of the global law firm Dentons.
The firm says in a release that Doer will be senior business adviser and will work with clients on Canada-U.S. trans-border matters, as well as global public policy initiatives.
Doer was premier of Manitoba from 1999 to 2009 and led the NDP to three consecutive majority governments.
He served as ambassador from October 2009 to March of this year.
Gary Doer leaves the building: Long career in public life ends for U.S. ambassador  Chris Pinnington, CEO of Dentons Canada, says in a statement that Doer&apos;s experience and widely-respected stature in public service, in government and with cross-border diplomatic and business relations in North America, will be &quot;invaluable&quot; to clients.
Doer joins a number of former political figures who now work at Dentons, including former prime minister Jean Chretien, who joined the firm in 2014.
</post>
<signature>

</signature>
<external_links>

</external_links>
<country>CA</country>
<main_image>http://i.cbc.ca/1.3289789.1445898536!/fileImage/httpImage/image.jpg_gen/derivatives/16x9_1180/transcanada-keystone-20150211.jpg</main_image>
</document>
