<?xml version="1.0" encoding="UTF-8"?>
<document>
<type>mainstream</type>
<forum></forum>
<forum_title></forum_title>
<discussion_title>Menkeu jelaskan alasan asumsi makro RAPBN 2017 - ANTARA News</discussion_title>
<language>indonesian</language>
<gmt_offset></gmt_offset>
<topic_url>http://www.antaranews.com/berita/581691/menkeu-jelaskan-alasan-asumsi-makro-rapbn-2017</topic_url>
<topic_text>
Menkeu jelaskan alasan asumsi makro RAPBN 2017 Selasa, 30 Agustus 2016 22:01 WIB | 414 Views id menkeu, sri mulyani, rapbn, asumsi makro Pewarta: Aditya Ramadhan Menteri Keuangan Sri Mulyani (ANTARA /Puspa Perwitasari) Jakarta (ANTARA News) - Menteri Keuangan Sri Mulyani Indrawati menyampaikan penjelasan mengenai asumsi makro dalam Rancangan Anggaran Pendapatan dan Belanja Negara (RAPBN) 2017 dengan mempertimbangkan kondisi perekonomian dunia.Sri Mulyani dalam penyampaian pokok-pokok RAPBN 2017 di Badan Anggaran DPR RI, Jakarta, Selasa, mengatakan target pertumbuhan ekonomi sebesar 5,3 persen pada 2017 dipertimbangkan dari proyeksi pertumbuhan ekonomi dunia yang lebih baik.&quot;Pertumbuhan ekonomi tahun depan sama dengan proyeksi seluruh dunia diperkirakan relatif lebh baik. Meskipun saya memberikan catatan kaki kalau proyeksi 2017 pada Agustus, nanti mungkin Desember akan direvisi, moga-moga tidak turun. Kami tetap menganggap 5,3 (persen) cukup mencerminkan konsensus dari berbagai lembaga dan pemerintah sendiri,&quot; kata Sri Mulyani.Komposisi yang membentuk pertumbuhan ekonomi sebesar 5,3 persen dikarenakan konsumsi rumah tangga yang diperkirakan meningkat 5,1 persen, konsumsi pemerintah 5,4 persen, investasi yaitu pembentukan modal bruto 6,4 persen, dan ekspor impor yang dalam kisaran positif yaitu 1,1 persen dan 2,2 persen.Sri yang akrab disapa Ani tersebut memberikan catatan bahwa pertumbuhan ekspor impor dari negatif ke positif harus juga melihat kondisi perdagangan dunia yang masih sangat lemah.Dia menjelaskan bahwa banyak lembaga ekonomi yang memperkirakan kenaikan dalam industri perdagangan tidak akan meningkat secara segera.Sementara untuk inflasi yang diasumsikan pada level 4,0 persen dilakukan dengan mengeluarkan kebijakan strategis oleh pemerintah.&quot;Tentu dengan menjaga pasokan barang. Presiden meminta Bank Indonesia bertemu dengan seluruh kepala daerah untuk menurunkan berbagai macam faktor kenaikan inflasi yang berasal dari transaction cost,&quot; jelas dia.Sri Mulyani memberikan catatan bahwa proyeksi tersebut memiliki risiko yang mendorong kenaikan atau &quot;upside risk&quot; karena penyesuaian tarif listrik dan harga gas LPG 3 kilogram, dan kemungkinan terjadinya iklim basah atau La Nina yang memengaruhi suplai bahan makanan. Sementara &quot;downside risk&quot;-nya ialah proyek-proyek infrastruktur dan ketersediaan pasokan yang lebih stabil.Untuk asumsi nilai tukar rupiah terhadap dollar AS sebesar Rp13.300 dikarenakan potensi adanya aliran dana masuk dari kebijakan amnesti pajak yang berpotensi untuk menguatkan rupiah. Selain itu kinerja pertumbuhan Indonesia yang relatif lebih tinggi dibandingkan negara-negara mitra dagang juga diperkirakan akan memengaruhi nilai tukar.Asumsi suku bunga SPN tiga bulan pada rata-rata 5,3 persen dikarenakan faktor kontributor dari nilai tukar yang stabil, &quot;capital flow&quot; yang diperkirakan berasal dari amnesti pajak dan kebijakan investasi yang diwajibkan bagi wajib pajak untuk repatriasi selama tiga tahun dan inflasi yang relatif rendah dan stabil.&quot;Ini akan menyebabkan barangkali suku bunga kita ada di 5,3 persen,&quot; jelas Sri Mulyani.Sementara untuk asumsi rata-rata harga minyak 45 dolar AS per barel dipertimbangkan dengan kemungkinan naiknya harga minyak dunia pada 2017.&quot;Negara-negara penghasil minyak selama ini gunakan asumsi lebih tinggi, sehingga fiskal defisit mereka mengalami penurunan. Ini yang mungkin sebenarnya menjadi pendorong bahwa secara bersama-sama negara penghasil minyak akan lebih berkoordinasi untuk menjaga suplainya. Sehingga penguatan harga minyak diperkirakan akan terjadi perlahan, meski tidak secepat yang diperkirakan,&quot; kata Sri. Editor: Tasrief Tarmizi 
</topic_text>
<spam_score>0.19</spam_score>
<post_num>1</post_num>
<post_id>post-1</post_id>
<post_url>http://www.antaranews.com/berita/581691/menkeu-jelaskan-alasan-asumsi-makro-rapbn-2017</post_url>
<post_date>20160830</post_date>
<post_time></post_time>
<username>Aditya Ramadhan</username>
<post>
Menkeu jelaskan alasan asumsi makro RAPBN 2017 Selasa, 30 Agustus 2016 22:01 WIB | 414 Views id menkeu, sri mulyani, rapbn, asumsi makro Pewarta: Aditya Ramadhan Menteri Keuangan Sri Mulyani (ANTARA /Puspa Perwitasari) Jakarta (ANTARA News) - Menteri Keuangan Sri Mulyani Indrawati menyampaikan penjelasan mengenai asumsi makro dalam Rancangan Anggaran Pendapatan dan Belanja Negara (RAPBN) 2017 dengan mempertimbangkan kondisi perekonomian dunia.Sri Mulyani dalam penyampaian pokok-pokok RAPBN 2017 di Badan Anggaran DPR RI, Jakarta, Selasa, mengatakan target pertumbuhan ekonomi sebesar 5,3 persen pada 2017 dipertimbangkan dari proyeksi pertumbuhan ekonomi dunia yang lebih baik.&quot;Pertumbuhan ekonomi tahun depan sama dengan proyeksi seluruh dunia diperkirakan relatif lebh baik. Meskipun saya memberikan catatan kaki kalau proyeksi 2017 pada Agustus, nanti mungkin Desember akan direvisi, moga-moga tidak turun. Kami tetap menganggap 5,3 (persen) cukup mencerminkan konsensus dari berbagai lembaga dan pemerintah sendiri,&quot; kata Sri Mulyani.Komposisi yang membentuk pertumbuhan ekonomi sebesar 5,3 persen dikarenakan konsumsi rumah tangga yang diperkirakan meningkat 5,1 persen, konsumsi pemerintah 5,4 persen, investasi yaitu pembentukan modal bruto 6,4 persen, dan ekspor impor yang dalam kisaran positif yaitu 1,1 persen dan 2,2 persen.Sri yang akrab disapa Ani tersebut memberikan catatan bahwa pertumbuhan ekspor impor dari negatif ke positif harus juga melihat kondisi perdagangan dunia yang masih sangat lemah.Dia menjelaskan bahwa banyak lembaga ekonomi yang memperkirakan kenaikan dalam industri perdagangan tidak akan meningkat secara segera.Sementara untuk inflasi yang diasumsikan pada level 4,0 persen dilakukan dengan mengeluarkan kebijakan strategis oleh pemerintah.&quot;Tentu dengan menjaga pasokan barang. Presiden meminta Bank Indonesia bertemu dengan seluruh kepala daerah untuk menurunkan berbagai macam faktor kenaikan inflasi yang berasal dari transaction cost,&quot; jelas dia.Sri Mulyani memberikan catatan bahwa proyeksi tersebut memiliki risiko yang mendorong kenaikan atau &quot;upside risk&quot; karena penyesuaian tarif listrik dan harga gas LPG 3 kilogram, dan kemungkinan terjadinya iklim basah atau La Nina yang memengaruhi suplai bahan makanan. Sementara &quot;downside risk&quot;-nya ialah proyek-proyek infrastruktur dan ketersediaan pasokan yang lebih stabil.Untuk asumsi nilai tukar rupiah terhadap dollar AS sebesar Rp13.300 dikarenakan potensi adanya aliran dana masuk dari kebijakan amnesti pajak yang berpotensi untuk menguatkan rupiah. Selain itu kinerja pertumbuhan Indonesia yang relatif lebih tinggi dibandingkan negara-negara mitra dagang juga diperkirakan akan memengaruhi nilai tukar.Asumsi suku bunga SPN tiga bulan pada rata-rata 5,3 persen dikarenakan faktor kontributor dari nilai tukar yang stabil, &quot;capital flow&quot; yang diperkirakan berasal dari amnesti pajak dan kebijakan investasi yang diwajibkan bagi wajib pajak untuk repatriasi selama tiga tahun dan inflasi yang relatif rendah dan stabil.&quot;Ini akan menyebabkan barangkali suku bunga kita ada di 5,3 persen,&quot; jelas Sri Mulyani.Sementara untuk asumsi rata-rata harga minyak 45 dolar AS per barel dipertimbangkan dengan kemungkinan naiknya harga minyak dunia pada 2017.&quot;Negara-negara penghasil minyak selama ini gunakan asumsi lebih tinggi, sehingga fiskal defisit mereka mengalami penurunan. Ini yang mungkin sebenarnya menjadi pendorong bahwa secara bersama-sama negara penghasil minyak akan lebih berkoordinasi untuk menjaga suplainya. Sehingga penguatan harga minyak diperkirakan akan terjadi perlahan, meski tidak secepat yang diperkirakan,&quot; kata Sri. Editor: Tasrief Tarmizi 
</post>
<signature>

</signature>
<external_links>

</external_links>
<country>ID</country>
<main_image>http://img.antaranews.com/new/2016/08/ori/20160826767.jpg</main_image>
</document>
