<?xml version="1.0" encoding="UTF-8"?>
<document>
<type>mainstream</type>
<forum>http://www.martindale.com/rss/services/ArticlesRSS.ashx?tp=all</forum>
<forum_title>All Articles on Martindale.com</forum_title>
<discussion_title>Election In Focus: The Veepstakes!</discussion_title>
<language>english</language>
<gmt_offset></gmt_offset>
<topic_url>http://www.martindale.com/government-law/article_McDonald-Hopkins-LLC_2233834.htm</topic_url>
<topic_text>
Election In Focus: The Veepstakes! by: McDonald Hopkins LLC - Cleveland Office August 30, 2016 Previously published on June 24, 2016 With both of the presidential nominations secured, attention now turns to who each of the candidates will tap as their vice presidential running mate. Here is a quick look at the leading names being considered by both candidates. REPUBLICANS Newt Gingrich (R-GA) - Former Speaker of the House Newt Gingrich is at - or near the top - of almost every list of possible running mates for Donald Trump. Gingrich would bring extensive legislative experience and a deep well of policy knowledge to the ticket. Gingrich has been one of the most high profile defenders of Trump during his run for president. While Gingrich does have his share of personal baggage, Gingrich is an accomplished debater, comfortable on television, well connected in the Republican establishment, and a nationally known commodity. Chris Christie (R-NJ) - New Jersey Governor Chris Christie was the first big name supporter of Trump after he ended his own presidential bid. Christie is the former head of the Republican Governors Association and shares Trump&apos;s blunt-spoken style. Christie might be able to attract independents and moderates given his own record. Christie, who is deeply unpopular in New Jersey, probably doesn&apos;t help Trump bring a state to his column electorally. Some analysts wonder if Trump should consider a candidate who balances the ticket temperamentally - something Christie certainly would not do. Jeff Sessions (R-AL) - Senator Jeff Sessions, a leading proponent of cracking down on illegal immigration, was the first sitting U.S. Senator to endorse Trump. Sessions is the only sitting member of the House or Senate who is considered a potential pick by Trump. Selecting Sessions would result in Trump doubling-down on illegal immigration as his signature issue. Sessions is a regular on the political talk shows. Sessions, from deep red Alabama, does not help Trump electorally or geographically. Some worry that Sessions’ incredibly conservative positions on other issues - particularly social issues - could turn off women, independents and swing voters. Other names in the mix: Governor Mary Fallin (R-OK), former Governor Jan Brewer (R-AZ). DEMOCRATS Elizabeth Warren (D-MA) - Senator Elizabeth Warren is a favorite among liberals and progressives. She is an outspoken and harsh critic of Donald Trump. Selecting Warren is probably the best way for Clinton to motivate Bernie Sanders’ voters (short of actually selecting Sanders). While Sanders fires up the Democratic base, many analysts wonder whether the country is ready for an all-female ticket. Additionally, Massachusetts currently has a Republican Governor who would have the ability to select Warren&apos;s Senate replacement in the event Clinton won, something that is concerning to Democrats who hope to retake the Senate in November. Tim Kaine (D-VA) - Senator Tim Kaine is a popular politician and former Governor of the electorally key purple state of Virginia. Selecting Kaine would certainly help to lock down Virginia for the Democratic ticket. Kaine has a far more moderate profile than many others on Clinton&apos;s short list - something that could be helpful in winning over independents and swing voters but a fact that might not sit well with the progressive Democratic base. Kaine, while not the most exciting political figure, comes with no personal baggage. Julian Castro (D-TX) - Castro, Secretary of Housing and Urban Development, is young, telegenic and - most importantly to Clinton - Hispanic. Selecting Castro would draw a huge divide over immigration with the Trump campaign and would certainly excite the politically important and growing Hispanic voting bloc. Castro is a relative unknown nationally, and comes with a thin profile experience-wise. What Castro lacks in experience, however, could more than be made up with his ability to appeal to Hispanics. Castro could help put several keys states with growing Hispanic populations in play for the Clinton campaign. Other names in the mix: Senator Sherrod Brown (D-OH), Rep. Xavier Becerra (D-CA). The views expressed in this document are solely the views of the author and not Martindale-Hubbell. This document is intended for informational purposes only and is not legal advice or a substitute for consultation with a licensed legal professional in a particular case or circumstance. View More Library Documents By...
</topic_text>
<spam_score>0.00</spam_score>
<post_num>1</post_num>
<post_id>post-1</post_id>
<post_url>http://www.martindale.com/government-law/article_McDonald-Hopkins-LLC_2233834.htm</post_url>
<post_date>20160830</post_date>
<post_time>0000</post_time>
<username></username>
<post>
Election In Focus: The Veepstakes! by: McDonald Hopkins LLC - Cleveland Office August 30, 2016 Previously published on June 24, 2016 With both of the presidential nominations secured, attention now turns to who each of the candidates will tap as their vice presidential running mate. Here is a quick look at the leading names being considered by both candidates. REPUBLICANS Newt Gingrich (R-GA) - Former Speaker of the House Newt Gingrich is at - or near the top - of almost every list of possible running mates for Donald Trump. Gingrich would bring extensive legislative experience and a deep well of policy knowledge to the ticket. Gingrich has been one of the most high profile defenders of Trump during his run for president. While Gingrich does have his share of personal baggage, Gingrich is an accomplished debater, comfortable on television, well connected in the Republican establishment, and a nationally known commodity. Chris Christie (R-NJ) - New Jersey Governor Chris Christie was the first big name supporter of Trump after he ended his own presidential bid. Christie is the former head of the Republican Governors Association and shares Trump&apos;s blunt-spoken style. Christie might be able to attract independents and moderates given his own record. Christie, who is deeply unpopular in New Jersey, probably doesn&apos;t help Trump bring a state to his column electorally. Some analysts wonder if Trump should consider a candidate who balances the ticket temperamentally - something Christie certainly would not do. Jeff Sessions (R-AL) - Senator Jeff Sessions, a leading proponent of cracking down on illegal immigration, was the first sitting U.S. Senator to endorse Trump. Sessions is the only sitting member of the House or Senate who is considered a potential pick by Trump. Selecting Sessions would result in Trump doubling-down on illegal immigration as his signature issue. Sessions is a regular on the political talk shows. Sessions, from deep red Alabama, does not help Trump electorally or geographically. Some worry that Sessions’ incredibly conservative positions on other issues - particularly social issues - could turn off women, independents and swing voters. Other names in the mix: Governor Mary Fallin (R-OK), former Governor Jan Brewer (R-AZ). DEMOCRATS Elizabeth Warren (D-MA) - Senator Elizabeth Warren is a favorite among liberals and progressives. She is an outspoken and harsh critic of Donald Trump. Selecting Warren is probably the best way for Clinton to motivate Bernie Sanders’ voters (short of actually selecting Sanders). While Sanders fires up the Democratic base, many analysts wonder whether the country is ready for an all-female ticket. Additionally, Massachusetts currently has a Republican Governor who would have the ability to select Warren&apos;s Senate replacement in the event Clinton won, something that is concerning to Democrats who hope to retake the Senate in November. Tim Kaine (D-VA) - Senator Tim Kaine is a popular politician and former Governor of the electorally key purple state of Virginia. Selecting Kaine would certainly help to lock down Virginia for the Democratic ticket. Kaine has a far more moderate profile than many others on Clinton&apos;s short list - something that could be helpful in winning over independents and swing voters but a fact that might not sit well with the progressive Democratic base. Kaine, while not the most exciting political figure, comes with no personal baggage. Julian Castro (D-TX) - Castro, Secretary of Housing and Urban Development, is young, telegenic and - most importantly to Clinton - Hispanic. Selecting Castro would draw a huge divide over immigration with the Trump campaign and would certainly excite the politically important and growing Hispanic voting bloc. Castro is a relative unknown nationally, and comes with a thin profile experience-wise. What Castro lacks in experience, however, could more than be made up with his ability to appeal to Hispanics. Castro could help put several keys states with growing Hispanic populations in play for the Clinton campaign. Other names in the mix: Senator Sherrod Brown (D-OH), Rep. Xavier Becerra (D-CA). The views expressed in this document are solely the views of the author and not Martindale-Hubbell. This document is intended for informational purposes only and is not legal advice or a substitute for consultation with a licensed legal professional in a particular case or circumstance. View More Library Documents By...
</post>
<signature>

</signature>
<external_links>

</external_links>
<country>US</country>
<main_image></main_image>
</document>
