<?xml version="1.0" encoding="UTF-8"?>
<document>
<type>mainstream</type>
<forum>http://www.twcnews.com/services/contentfeed.nys.rochester.full.rss</forum>
<forum_title>TWC News</forum_title>
<discussion_title>2 Indicted in Connection With Burned Body Found in Caledonia</discussion_title>
<language>english</language>
<gmt_offset></gmt_offset>
<topic_url>http://www.twcnews.com/nys/rochester/news/2016/08/30/caledonia-livingston-county-burned-body-indictment-.html</topic_url>
<topic_text>
2 Indicted in Connection With Burned Body Found in Caledonia By TWC News Web StaffTuesday, August 30, 2016 at 07:34 AM EDT Related Stories Updated 07/07/2016 10:37 PM 
Two people have been indicted in connection with a burning body found in Livingston County last month. 
Aykut Ozkaynak and Mary Neverett are both charged with felony tampering with physical evidence, so far. But, District Attorney Greg McCaffrey said he hopes to present more charges to the grand jury soon. 
The pair is accused of killing their roommate, Patricia Miller. Police say she was found along Lacey Road in Caledonia the night of July 4. She had been burned beyond recognition. 
Ozkaynak and Neverett are being held in the Livingston County Jail on $500,000 cash or $750,000 bond. Now you can view more of our   with no login required. 
Reproduction in whole or in part without permission is prohibited. 
© 1999-2016 Time Warner Cable Enterprises LLC. All Rights Reserved. OUT OF Access to our   is now open to all users. However, full shows and archive clips are limited to TWC video subscribers.You can sample this extended content with 10 free views over the next 30 days. TWC video subscribers get unlimited access to all videos and local live streams by logging in with their TWC ID. Want to get TWC? Sign up below. Time Warner Cable offers all users 10 free videos every 30 days, but you&apos;ve used upall your complimentary views for the month.Login with your TWC ID,or sign up with TWC for full access below. If you&apos;re a Time Warner Cable video customer, sign in with your TWC ID for full access.
</topic_text>
<spam_score>0.00</spam_score>
<post_num>1</post_num>
<post_id>post-1</post_id>
<post_url>http://www.twcnews.com/nys/rochester/news/2016/08/30/caledonia-livingston-county-burned-body-indictment-.html</post_url>
<post_date>20160830</post_date>
<post_time>1134</post_time>
<username>TWC News Web Staff</username>
<post>
2 Indicted in Connection With Burned Body Found in Caledonia By TWC News Web StaffTuesday, August 30, 2016 at 07:34 AM EDT Related Stories Updated 07/07/2016 10:37 PM 
Two people have been indicted in connection with a burning body found in Livingston County last month. 
Aykut Ozkaynak and Mary Neverett are both charged with felony tampering with physical evidence, so far. But, District Attorney Greg McCaffrey said he hopes to present more charges to the grand jury soon. 
The pair is accused of killing their roommate, Patricia Miller. Police say she was found along Lacey Road in Caledonia the night of July 4. She had been burned beyond recognition. 
Ozkaynak and Neverett are being held in the Livingston County Jail on $500,000 cash or $750,000 bond. Now you can view more of our   with no login required. 
Reproduction in whole or in part without permission is prohibited. 
© 1999-2016 Time Warner Cable Enterprises LLC. All Rights Reserved. OUT OF Access to our   is now open to all users. However, full shows and archive clips are limited to TWC video subscribers.You can sample this extended content with 10 free views over the next 30 days. TWC video subscribers get unlimited access to all videos and local live streams by logging in with their TWC ID. Want to get TWC? Sign up below. Time Warner Cable offers all users 10 free videos every 30 days, but you&apos;ve used upall your complimentary views for the month.Login with your TWC ID,or sign up with TWC for full access below. If you&apos;re a Time Warner Cable video customer, sign in with your TWC ID for full access.
</post>
<signature>

</signature>
<external_links>

</external_links>
<country>US</country>
<main_image>http://s7d2.scene7.com/is/image/TWCNews/caledonia-body-indictmentjpg?wid=640</main_image>
</document>
