<?xml version="1.0" encoding="UTF-8"?>
<document>
<type>mainstream</type>
<forum></forum>
<forum_title></forum_title>
<discussion_title>Michael Moore: Donald Trump &apos;Played Me&apos;</discussion_title>
<language>english</language>
<gmt_offset></gmt_offset>
<topic_url>http://time.com/4472307/michael-moore-donald-trump-played/</topic_url>
<topic_text>
&quot;I felt sorry for him&quot; + READ ARTICLE 
Documentary filmmaker Michael Moore said he was “played” by Donald Trump the first time they met, almost 20 years ago. 
In an interview on Late Night with Seth Meyers on Monday, Moore said he first met Trump in 1998, when both men appeared as guests on Roseanne Barr’s talk show. 
A producer pulled Moore aside before the show and asked him to help calm Trump, who was nervous about appearing alongside Moore, who was already developing a reputation for going after big business. 
“It’s 1998, I don’t even know the guy. I’m from Michigan, you know. So I walk over to him, and I said, ‘Mr. Trump, it’s Michael Moore.’ And I shook his hand, and it’s all clammy,” Moore said. 
“I don’t remember the size of the hand,” he added. 
Read more: Portland Man Creates ‘Trump Has Tiny Hands PAC’ 
Moore said he assured Trump he had nothing to worry about, saying they were just going to “go out there and have some fun with Roseanne.” 
“In the years since, I’ve thought, jeez, he is good—because he played me,” Moore said. “I didn’t go after him or his real estate here or any of that stuff.” 
Moore—who originally endorsed former Democratic candidate Bernie Sanders and has since voiced concern that Trump will win—said he was much nicer to Trump during their Roseanne appearance than he otherwise might have been. 
“I felt sorry for him,” he said, “and the hands were so wet.” 
</topic_text>
<spam_score>0.62</spam_score>
<post_num>1</post_num>
<post_id>post-1</post_id>
<post_url>http://time.com/4472307/michael-moore-donald-trump-played/</post_url>
<post_date>20160830</post_date>
<post_time></post_time>
<username>Katie Reilly</username>
<post>
&quot;I felt sorry for him&quot; + READ ARTICLE 
Documentary filmmaker Michael Moore said he was “played” by Donald Trump the first time they met, almost 20 years ago. 
In an interview on Late Night with Seth Meyers on Monday, Moore said he first met Trump in 1998, when both men appeared as guests on Roseanne Barr’s talk show. 
A producer pulled Moore aside before the show and asked him to help calm Trump, who was nervous about appearing alongside Moore, who was already developing a reputation for going after big business. 
“It’s 1998, I don’t even know the guy. I’m from Michigan, you know. So I walk over to him, and I said, ‘Mr. Trump, it’s Michael Moore.’ And I shook his hand, and it’s all clammy,” Moore said. 
“I don’t remember the size of the hand,” he added. 
Read more: Portland Man Creates ‘Trump Has Tiny Hands PAC’ 
Moore said he assured Trump he had nothing to worry about, saying they were just going to “go out there and have some fun with Roseanne.” 
“In the years since, I’ve thought, jeez, he is good—because he played me,” Moore said. “I didn’t go after him or his real estate here or any of that stuff.” 
Moore—who originally endorsed former Democratic candidate Bernie Sanders and has since voiced concern that Trump will win—said he was much nicer to Trump during their Roseanne appearance than he otherwise might have been. 
“I felt sorry for him,” he said, “and the hands were so wet.” 
</post>
<signature>

</signature>
<external_links>

</external_links>
<country>US</country>
<main_image>https://timedotcom.files.wordpress.com/2016/08/michael-moore-donald-trump.jpg?quality=75&amp;amp;strip=color&amp;amp;w=1012</main_image>
</document>
