<?xml version="1.0" encoding="UTF-8"?>
<document>
<type>mainstream</type>
<forum>http://www.southburnetttimes.com.au/feeds/rss/homepage</forum>
<forum_title>southburnetttimes.com.au: South Burnett Times Homepage</forum_title>
<discussion_title>Car and truck collide on North Burnett road</discussion_title>
<language>english</language>
<gmt_offset></gmt_offset>
<topic_url>http://www.centralnorthburnetttimes.com.au/news/car-and-truck-collide-on-north-burnett-road/3083815/</topic_url>
<topic_text>
Car and truck collide on North Burnett road Adam McCleery | 30th Aug 2016 4:23 PM Adam McCleery Local Real Estate Cars For Sale 
EMERGENCY services are at the scene of a serious road traffic crash on Bania Road outside Mt Perry. 
A Queensland Ambulance Service spokesperson said a car and a truck collided on the road about 3.45pm. 
Paramedics are assisting two patients at the scene. 
A QAS spokeswoman said drivers should avoid the area. 
MORE TO COME Second man extradited from NSW over Mundubbera stabbing fronts court Latest deals and offers 23 Bass Street, Cabarlah 4352 House 5 2 2 $575,000 
Master built, one owner home, circular drive entrance greets you on arrival, northern verandah, 9&apos; ceilings add to the spacious feeling of this home. Bamboo... 27 Buckland Street, Harristown 4350 House 5 2 5 Interest Above... 
Front house has 3 bedroom and large office. Relined internally, new plumbing, rewired, new kitchen with Caesar-stone bench tops, 900 gas cooker, 9&quot; ceilings... 3 Rosella Street, Rangeville 4350 House 5 2 2 $589,000 
One owner home with stunning street appeal. Shingle tile roof, timeless cream brick exterior, wide entrance door, formal lounge has cavity sliding doors for quiet... 96 Shoesmith Road, Westbrook 4350 Residential Land With land 200m down the road asking from $176 a square metre, ... Under Offer 
With land 200m down the road asking from $176 a square metre, this may be the best vacant land buy in Westbrook! At 1153m2 in size and land becoming smaller in... 9 Melody Drive, Harristown 4350 House 4 2 2 Interest Above... 
This fabulous family home nestled in a very neat pocket of similar properties is your solution, just waiting to be found! TICKING EVERY BOX and with a brilliant... 5 Kauri Street, Kearneys Spring 4350 House 3 2 2 Best Offer Over... 
A comfortable and stylish three bedroom modern brick home in a central South-side location is now ready to go! Close to all facilities, shops and parks and... 42 Lotus Crescent, Centenary Heights 4350 House 3 1 2 Offers Over... 
Classy and stylish, clean and fresh, spacious and comfortable and a home with feeling! The wait is over for you. This is IT! Proudly Featuring: *Stylish... 57 Knockator Crescent, Centenary Heights 4350 House 4 2 2 $399,000 PLUS 
A perfect 4 bedroom family home with comfortable features, layout and feel, with a spacious NORTHERN rear yard to play - plenty of reasons for you to be excited... 7/2-6 Roser Close, Kearneys Spring 4350 Town House 3 2 1 Offers Over... 
This stylish and comfortable Townhouse is positioned a short walk to K-Mart Plaza and offers great lifestyle and beautiful park lands all within walking... 13 Kratzman Court, Kearneys Spring 4350 House 3 1 1 Under Offer 
A fantastic three bedroom brick home with air conditioning, parquetry and tile floors in the spacious dual living areas awaits you. With a good sized northern...
</topic_text>
<spam_score>0.00</spam_score>
<post_num>1</post_num>
<post_id>post-1</post_id>
<post_url>http://www.centralnorthburnetttimes.com.au/news/car-and-truck-collide-on-north-burnett-road/3083815/</post_url>
<post_date>20160829</post_date>
<post_time>1400</post_time>
<username></username>
<post>
Car and truck collide on North Burnett road Adam McCleery | 30th Aug 2016 4:23 PM Adam McCleery Local Real Estate Cars For Sale 
EMERGENCY services are at the scene of a serious road traffic crash on Bania Road outside Mt Perry. 
A Queensland Ambulance Service spokesperson said a car and a truck collided on the road about 3.45pm. 
Paramedics are assisting two patients at the scene. 
A QAS spokeswoman said drivers should avoid the area. 
MORE TO COME Second man extradited from NSW over Mundubbera stabbing fronts court Latest deals and offers 23 Bass Street, Cabarlah 4352 House 5 2 2 $575,000 
Master built, one owner home, circular drive entrance greets you on arrival, northern verandah, 9&apos; ceilings add to the spacious feeling of this home. Bamboo... 27 Buckland Street, Harristown 4350 House 5 2 5 Interest Above... 
Front house has 3 bedroom and large office. Relined internally, new plumbing, rewired, new kitchen with Caesar-stone bench tops, 900 gas cooker, 9&quot; ceilings... 3 Rosella Street, Rangeville 4350 House 5 2 2 $589,000 
One owner home with stunning street appeal. Shingle tile roof, timeless cream brick exterior, wide entrance door, formal lounge has cavity sliding doors for quiet... 96 Shoesmith Road, Westbrook 4350 Residential Land With land 200m down the road asking from $176 a square metre, ... Under Offer 
With land 200m down the road asking from $176 a square metre, this may be the best vacant land buy in Westbrook! At 1153m2 in size and land becoming smaller in... 9 Melody Drive, Harristown 4350 House 4 2 2 Interest Above... 
This fabulous family home nestled in a very neat pocket of similar properties is your solution, just waiting to be found! TICKING EVERY BOX and with a brilliant... 5 Kauri Street, Kearneys Spring 4350 House 3 2 2 Best Offer Over... 
A comfortable and stylish three bedroom modern brick home in a central South-side location is now ready to go! Close to all facilities, shops and parks and... 42 Lotus Crescent, Centenary Heights 4350 House 3 1 2 Offers Over... 
Classy and stylish, clean and fresh, spacious and comfortable and a home with feeling! The wait is over for you. This is IT! Proudly Featuring: *Stylish... 57 Knockator Crescent, Centenary Heights 4350 House 4 2 2 $399,000 PLUS 
A perfect 4 bedroom family home with comfortable features, layout and feel, with a spacious NORTHERN rear yard to play - plenty of reasons for you to be excited... 7/2-6 Roser Close, Kearneys Spring 4350 Town House 3 2 1 Offers Over... 
This stylish and comfortable Townhouse is positioned a short walk to K-Mart Plaza and offers great lifestyle and beautiful park lands all within walking... 13 Kratzman Court, Kearneys Spring 4350 House 3 1 1 Under Offer 
A fantastic three bedroom brick home with air conditioning, parquetry and tile floors in the spacious dual living areas awaits you. With a good sized northern...
</post>
<signature>

</signature>
<external_links>

</external_links>
<country>AU</country>
<main_image>https://media.apnarm.net.au/img/media/images/2016/08/30/b88296883z1_20160830163120_000g329ttpo1-0-qs8dlq28geog49v2tm2_ct300x300.jpg</main_image>
</document>
