<?xml version="1.0" encoding="UTF-8"?>
<document>
<type>mainstream</type>
<forum>http://www.aktualne.cz/rss</forum>
<forum_title>Aktuálně.cz</forum_title>
<discussion_title>Rovnost na bojišti i v soukromí. Norská armáda nedělá rozdíly, ženy s muži sdílejí i pokoje</discussion_title>
<language>czech</language>
<gmt_offset></gmt_offset>
<topic_url>http://zpravy.aktualne.cz/zahranici/norska-armada-nedela-rozdily-mezi-muzi-a-zenami/r~b69920a06b9611e682470025900fea04/</topic_url>
<topic_text>
Rovnost na bojišti i v soukromí. Norská armáda nedělá rozdíly, ženy s muži sdílejí i pokoje před 51 minutami Během povinného vojenského výcviku v Norsku ženy i muži společně cvičí i bydlí na jednom pokoji. Podle studií, které si armáda nechala vypracovat, to účastnice vojenské služby v naprosté většině případů vítají. Společné soužití má zvyšovat vzájemnou toleranci a porozumění. Hlavní zprávy Schaffen wir das? Zvládneme to? Do Česka dorazilo osm uprchlíků. Hravě zvládneme 11 tisíc 
Oslo – V pokoji je vedle kovových skříněk pět postelí a na nich vedle složeného vojenského oblečení i jedna podprsenka. Patří 18leté dívce, která právě nastoupila na vojnu. Na norské vojenské základně Setermoen bydlí spolu se svou kolegyní a čtyřmi chlapci. 
V souladu s rovností pohlaví se v Norsku během vojenského výcviku nedělají rozdíly mezi muži a ženami. A to ani v soukromé rovině. Společné soužití má zvyšovat vzájemnou toleranci a porozumění. Němci zvažují obnovení branné povinnosti. Verbování by spustili například při obraně hranic NATO číst článek 
&quot;Nejdřív jsme se trochu styděli,&quot; přiznáváčerstvý rekrut Kasper. &quot;Moc jsme nevěděli, jak se máme vedle holek chovat. Ale jakmile počáteční rozpaky pominuly, uklidnili jsme se a holky se brzo staly jedněmi z nás.&quot; 
&quot;Pokud jde o výkon, musím rozhodně posunout vlastní hranice a tvrdě pracovat, abych udržela krok,&quot; hodnotí společnýživot v kasárnách jeho spolubydlící. &quot;Co se týče společenského hlediska, kluci se k nám chovají dobře a respektují nás. Je jich tu několik, kteří nejsou zvyklí být s dívkami, ale myslím, že to bude v pohodě.&quot; Sourozenecké vztahy 
Přestože teprve dosáhli plnoletosti a ještě před nedávnem byli na školních výletech pravděpodobně striktně rozdělováni do čistě chlapeckých a dívčích ubikací, armáda se komplikací neobává. 
Opírá se o studii z roku 2014, ve které autoři dokazují, že společné ubytování napomáhá boji proti sexuálnímu obtěžování. Vysvětlují to takzvaným fenoménem &quot;degenderizace&quot;, tedy mazáním tradičního rozdělení mužských a ženských rolí ve společnosti. Tvrdí, že při sdílení ubikace jsou obě pohlaví nucena věnovat větší pozornost svému chování a díky tomu jsou spolubydlící schopni vytvořit si přátelský až sourozenecký vztah. 
&quot;Nechceš mít sex a sbližovat se hned s každým, kdo s tebou bydlí v jednom pokoji, protože pak je to soužití docela trapné,&quot; tvrdí ve svých výpovědích pro agenturu AFP sami rekruti. 
Nedávný průzkum, který nechala vypracovat přímo norská armáda , ukazuje, že naprostá většina účastnic vojenského výcviku upřednostňuje společné pokoje. Přesto 18 procent z dotázaných uvedlo, že zažilo nevhodné chování nebo poznámky ze strany svých kolegů. 
Brannou povinnost pro obě pohlaví schválil parlament v roce 2013, kdy byl premiérem současný generální tajemník NATO Jens Stoltenberg. Tímto krokem vstoupilo Norsko jako první evropský stát do klubu několika málo zemí světa, ve kterých majíženy povinnost projít si vojenskou službou stejně jako muži. 
Norská armáda každoročně nabírá méně než 10 000 rekrutů, což je zlomek počtu mladých lidí, kteří jsou schopni výcvik podstoupit. Proto se nakonec dostane řada jen ta ty nejvíce motivované. 
&quot;Stále hledám ty samé schopnosti, jako jsem hledal vždycky,&quot; komentuje povinnou brannou služby pro ženy podplukovník Pal Berglund. &quot;A je mi naprosto jasné, že takové schopnosti jsou přítomné také ve velkéčásti ženské populace Norska.&quot; 
Dobrovolně majíženy přístup do norské armády již 40 let. Již na počátku 90. let měla ve svých řadách pilotku vrtulníku, stíhací pilotku nebo velitelku ponorky.
</topic_text>
<spam_score>0.00</spam_score>
<post_num>1</post_num>
<post_id>post-1</post_id>
<post_url>http://zpravy.aktualne.cz/zahranici/norska-armada-nedela-rozdily-mezi-muzi-a-zenami/r~b69920a06b9611e682470025900fea04/</post_url>
<post_date>20160830</post_date>
<post_time>1425</post_time>
<username></username>
<post>
Rovnost na bojišti i v soukromí. Norská armáda nedělá rozdíly, ženy s muži sdílejí i pokoje před 51 minutami Během povinného vojenského výcviku v Norsku ženy i muži společně cvičí i bydlí na jednom pokoji. Podle studií, které si armáda nechala vypracovat, to účastnice vojenské služby v naprosté většině případů vítají. Společné soužití má zvyšovat vzájemnou toleranci a porozumění. Hlavní zprávy Schaffen wir das? Zvládneme to? Do Česka dorazilo osm uprchlíků. Hravě zvládneme 11 tisíc 
Oslo – V pokoji je vedle kovových skříněk pět postelí a na nich vedle složeného vojenského oblečení i jedna podprsenka. Patří 18leté dívce, která právě nastoupila na vojnu. Na norské vojenské základně Setermoen bydlí spolu se svou kolegyní a čtyřmi chlapci. 
V souladu s rovností pohlaví se v Norsku během vojenského výcviku nedělají rozdíly mezi muži a ženami. A to ani v soukromé rovině. Společné soužití má zvyšovat vzájemnou toleranci a porozumění. Němci zvažují obnovení branné povinnosti. Verbování by spustili například při obraně hranic NATO číst článek 
&quot;Nejdřív jsme se trochu styděli,&quot; přiznáváčerstvý rekrut Kasper. &quot;Moc jsme nevěděli, jak se máme vedle holek chovat. Ale jakmile počáteční rozpaky pominuly, uklidnili jsme se a holky se brzo staly jedněmi z nás.&quot; 
&quot;Pokud jde o výkon, musím rozhodně posunout vlastní hranice a tvrdě pracovat, abych udržela krok,&quot; hodnotí společnýživot v kasárnách jeho spolubydlící. &quot;Co se týče společenského hlediska, kluci se k nám chovají dobře a respektují nás. Je jich tu několik, kteří nejsou zvyklí být s dívkami, ale myslím, že to bude v pohodě.&quot; Sourozenecké vztahy 
Přestože teprve dosáhli plnoletosti a ještě před nedávnem byli na školních výletech pravděpodobně striktně rozdělováni do čistě chlapeckých a dívčích ubikací, armáda se komplikací neobává. 
Opírá se o studii z roku 2014, ve které autoři dokazují, že společné ubytování napomáhá boji proti sexuálnímu obtěžování. Vysvětlují to takzvaným fenoménem &quot;degenderizace&quot;, tedy mazáním tradičního rozdělení mužských a ženských rolí ve společnosti. Tvrdí, že při sdílení ubikace jsou obě pohlaví nucena věnovat větší pozornost svému chování a díky tomu jsou spolubydlící schopni vytvořit si přátelský až sourozenecký vztah. 
&quot;Nechceš mít sex a sbližovat se hned s každým, kdo s tebou bydlí v jednom pokoji, protože pak je to soužití docela trapné,&quot; tvrdí ve svých výpovědích pro agenturu AFP sami rekruti. 
Nedávný průzkum, který nechala vypracovat přímo norská armáda , ukazuje, že naprostá většina účastnic vojenského výcviku upřednostňuje společné pokoje. Přesto 18 procent z dotázaných uvedlo, že zažilo nevhodné chování nebo poznámky ze strany svých kolegů. 
Brannou povinnost pro obě pohlaví schválil parlament v roce 2013, kdy byl premiérem současný generální tajemník NATO Jens Stoltenberg. Tímto krokem vstoupilo Norsko jako první evropský stát do klubu několika málo zemí světa, ve kterých majíženy povinnost projít si vojenskou službou stejně jako muži. 
Norská armáda každoročně nabírá méně než 10 000 rekrutů, což je zlomek počtu mladých lidí, kteří jsou schopni výcvik podstoupit. Proto se nakonec dostane řada jen ta ty nejvíce motivované. 
&quot;Stále hledám ty samé schopnosti, jako jsem hledal vždycky,&quot; komentuje povinnou brannou služby pro ženy podplukovník Pal Berglund. &quot;A je mi naprosto jasné, že takové schopnosti jsou přítomné také ve velkéčásti ženské populace Norska.&quot; 
Dobrovolně majíženy přístup do norské armády již 40 let. Již na počátku 90. let měla ve svých řadách pilotku vrtulníku, stíhací pilotku nebo velitelku ponorky.
</post>
<signature>

</signature>
<external_links>

</external_links>
<country>CZ</country>
<main_image>http://cdn.i0.cz/src/public-data/e3/aa/b0721461396790e17e6a352a9ca4_base_optimal.jpg</main_image>
</document>
