<?xml version="1.0" encoding="UTF-8"?>
<document>
<type>mainstream</type>
<forum>http://www.celebfanforum.com/external.php?type=RSS2</forum>
<forum_title>CelebFanForum</forum_title>
<discussion_title>Keiser Report: Coddled Banking Class (E960)</discussion_title>
<language>english</language>
<gmt_offset></gmt_offset>
<topic_url>http://www.celebfanforum.com/showthread.php?235284-Keiser-Report-Coddled-Banking-Class-(E960)</topic_url>
<topic_text>
NEWS Headlines Keiser Report: Coddled Banking Class (E960) Welcome to Celebfanforum. If this is your first visit feel free to take a look around. You may have to register   Results 1 to 1 of 1
</topic_text>
<spam_score>0.00</spam_score>
<post_num>1</post_num>
<post_id>post-1</post_id>
<post_url>http://www.celebfanforum.com/showthread.php?235284-Keiser-Report-Coddled-Banking-Class-(E960)</post_url>
<post_date>20160830</post_date>
<post_time>1430</post_time>
<username>celebfanforum</username>
<post>
NEWS Headlines Keiser Report: Coddled Banking Class (E960) Welcome to Celebfanforum. If this is your first visit feel free to take a look around. You may have to register   Results 1 to 1 of 1
</post>
<signature>

</signature>
<external_links>

</external_links>
<country>US</country>
<main_image></main_image>
</document>
