<?xml version="1.0" encoding="UTF-8"?>
<document>
<type>mainstream</type>
<forum>http://www.newsfiber.com/p/s/r?rv=2&amp;amp;lang=eng&amp;amp;r=10&amp;amp;a=0&amp;amp;dl=-1&amp;amp;i=1&amp;amp;v=Epo%2FjnXcu%2BRI%3D+oXj%2B2OSLxu8%3D&amp;amp;y=</forum>
<forum_title>News - NewsFiber</forum_title>
<discussion_title>IPC назвал условия восстановления членства Паралимпийского комитета России</discussion_title>
<language>russian</language>
<gmt_offset></gmt_offset>
<topic_url>http://www.newsfiber.com/p/s/m?msg=CZZd2R9iM3E%3D</topic_url>
<topic_text>
IPC назвал условия восстановления членства Паралимпийского комитета России Международный паралимпийский комитет назвал те условия, при которых российский Паралимпийский комитет сможет снова стать членом организации. Это станет возможным, когда ПКР будет готов выполнять обязательства. Крэйг Спенс, глава пресс-службы Международного паралимпийского комитета (IPC), заявил, что членство российского Паралимпийского комитета может быть восстановлена. Это станет возможным только в том случае, заявляет IPC, если ПКР сможет выполнить ряд условий. Но пока Владимир Лукин, президент ПКР, подчеркнул, что пока непонятно, каким критериям должен соответствовать ПКР, чтобы быть восстановленным в членстве. Читайте также: CAS отклонил апелляцию ПКР, россияне не примут участие в Паралимпиаде Паралимпиец РФ получил письмо о личной непричастности к применению допинга
</topic_text>
<spam_score>0.00</spam_score>
<post_num>1</post_num>
<post_id>post-1</post_id>
<post_url>http://www.newsfiber.com/p/s/m?msg=CZZd2R9iM3E%3D</post_url>
<post_date>20160830</post_date>
<post_time>1501</post_time>
<username></username>
<post>
IPC назвал условия восстановления членства Паралимпийского комитета России Международный паралимпийский комитет назвал те условия, при которых российский Паралимпийский комитет сможет снова стать членом организации. Это станет возможным, когда ПКР будет готов выполнять обязательства. Крэйг Спенс, глава пресс-службы Международного паралимпийского комитета (IPC), заявил, что членство российского Паралимпийского комитета может быть восстановлена. Это станет возможным только в том случае, заявляет IPC, если ПКР сможет выполнить ряд условий. Но пока Владимир Лукин, президент ПКР, подчеркнул, что пока непонятно, каким критериям должен соответствовать ПКР, чтобы быть восстановленным в членстве. Читайте также: CAS отклонил апелляцию ПКР, россияне не примут участие в Паралимпиаде Паралимпиец РФ получил письмо о личной непричастности к применению допинга
</post>
<signature>

</signature>
<external_links>

</external_links>
<country>DE</country>
<main_image>http://www.newsfiber.com/thumb/20160830-7133621FD95D9609-0-0-508DF15C-CB7787E8D3133B99.jpeg</main_image>
</document>
