<?xml version="1.0" encoding="UTF-8"?>
<document>
<type>mainstream</type>
<forum>http://www.wrestlinginc.com/wi/rss/pro-wrestling-news.xml</forum>
<forum_title>WrestlingInc.com Pro Wrestling News</forum_title>
<discussion_title>Kevin Owens Comments On WWE Title Win And Responds To Finn Balor, Mick Foley On Fans Ripping Belt</discussion_title>
<language>english</language>
<gmt_offset></gmt_offset>
<topic_url>http://www.WrestlingInc.com/wi/news/2016/0830/617064/kevin-owens-comments-on-wwe-title-win-and-responds-to-finn-balor/</topic_url>
<topic_text>
By Raj Giri | August 30, 2016 
- Kevin Owens issued his first public comments on Twitter since winning the WWE Universal Championship. He simply wrote: I win. — Kevin Owens (@FightOwensFight) August 30, 2016 
He also replied to Finn Balor&apos;s tweet congratulating him: We have been through it all together. I&apos;ve no doubt we will go through it all again pic.twitter.com/I7P7wqgFHy — Finn Bálor (@FinnBalor) August 30, 2016 I look forward to it. https://t.co/xlIoG71s95 pic.twitter.com/eO1VajSnu3 — Kevin Owens (@FightOwensFight) August 30, 2016 
- Mick Foley posted a Facebook page looking at Owens&apos; winning the Universal Championship, noting that Owens &quot;is a very deserving Universal champion.&quot; He also again addressed fans ripping on the color of the new WWE Universal Championship belt, writing that the color of the belt &quot;really did not mean anything to any of the four guys in the ring last night, and still strikes me as an incredibly silly thing for fans to have been upset about during #SummerSlam&quot; 
Below is his full post: WHAT JUST HAPPENED?I will get into the hows, whys, and whats at another time. For now, I will just give you my four takeaways from last nights episode of Monday Night Raw.1) Despite Triple H&apos;s help, Kevin Owens is a very deserving Universal champion.2) The color of the #UniversalChampionship really did not mean anything to any of the four guys in the ring last night, and still strikes me as an incredibly silly thing for fans to have been upset about during #SummerSlam3) Big Cass wrestled the match of his life and didn&apos;t seem out of place AT ALL in a huge main event. This guy is going to be a BIG player in #WWE for a long time.4) I really like watching matches from ringside. Remember, I used to hitchhike and take buses and trains to get to Madison Square Garden. Now I get paid to be a fan!
So...do you think Triple H acted alone? Should I take Stephanie at her word - that she had no knowledge of her husband&apos;s actions? 
Follow Raj Giri on Twitter at @RajGiri_303 . Got a news tip or correction? Send it to us by clicking here .
</topic_text>
<spam_score>0.00</spam_score>
<post_num>1</post_num>
<post_id>post-1</post_id>
<post_url>http://www.WrestlingInc.com/wi/news/2016/0830/617064/kevin-owens-comments-on-wwe-title-win-and-responds-to-finn-balor/</post_url>
<post_date>20160830</post_date>
<post_time>1744</post_time>
<username></username>
<post>
By Raj Giri | August 30, 2016 
- Kevin Owens issued his first public comments on Twitter since winning the WWE Universal Championship. He simply wrote: I win. — Kevin Owens (@FightOwensFight) August 30, 2016 
He also replied to Finn Balor&apos;s tweet congratulating him: We have been through it all together. I&apos;ve no doubt we will go through it all again pic.twitter.com/I7P7wqgFHy — Finn Bálor (@FinnBalor) August 30, 2016 I look forward to it. https://t.co/xlIoG71s95 pic.twitter.com/eO1VajSnu3 — Kevin Owens (@FightOwensFight) August 30, 2016 
- Mick Foley posted a Facebook page looking at Owens&apos; winning the Universal Championship, noting that Owens &quot;is a very deserving Universal champion.&quot; He also again addressed fans ripping on the color of the new WWE Universal Championship belt, writing that the color of the belt &quot;really did not mean anything to any of the four guys in the ring last night, and still strikes me as an incredibly silly thing for fans to have been upset about during #SummerSlam&quot; 
Below is his full post: WHAT JUST HAPPENED?I will get into the hows, whys, and whats at another time. For now, I will just give you my four takeaways from last nights episode of Monday Night Raw.1) Despite Triple H&apos;s help, Kevin Owens is a very deserving Universal champion.2) The color of the #UniversalChampionship really did not mean anything to any of the four guys in the ring last night, and still strikes me as an incredibly silly thing for fans to have been upset about during #SummerSlam3) Big Cass wrestled the match of his life and didn&apos;t seem out of place AT ALL in a huge main event. This guy is going to be a BIG player in #WWE for a long time.4) I really like watching matches from ringside. Remember, I used to hitchhike and take buses and trains to get to Madison Square Garden. Now I get paid to be a fan!
So...do you think Triple H acted alone? Should I take Stephanie at her word - that she had no knowledge of her husband&apos;s actions? 
Follow Raj Giri on Twitter at @RajGiri_303 . Got a news tip or correction? Send it to us by clicking here .
</post>
<signature>

</signature>
<external_links>

</external_links>
<country>US</country>
<main_image>http://i1.ytimg.com/vi/SoSeLW2pT-M/mqdefault.jpg</main_image>
</document>
