<?xml version="1.0" encoding="UTF-8"?>
<document>
<type>mainstream</type>
<forum>http://www.cnetfrance.fr/feeds/rss/news</forum>
<forum_title>CNETFrance.fr</forum_title>
<discussion_title>Optimisation fiscale : Apple va devoir rembourser 13 milliards d’euros à l’Irlande</discussion_title>
<language>french</language>
<gmt_offset></gmt_offset>
<topic_url>http://www.cnetfrance.fr/news/optimisation-fiscale-apple-va-devoir-rembourser-13-milliards-d-euros-a-l-irlande-39841228.htm</topic_url>
<topic_text>
Optimisation fiscale : Apple va devoir rembourser 13 milliards d’euros à l’Irlande Optimisation fiscale : Apple va devoir rembourser 13 milliards d’euros à l’Irlande 
La Commission européenne a demandé à l’Irlande de récupérer les impôts impayés par Apple sur son territoire entre 2003 et 2014, soit 13 milliards d’euros. Dublin et la firme californienne ont d’ores et déjà annoncé leur intention de faire appel de la décision.
</topic_text>
<spam_score>0.00</spam_score>
<post_num>1</post_num>
<post_id>post-1</post_id>
<post_url>http://www.cnetfrance.fr/news/optimisation-fiscale-apple-va-devoir-rembourser-13-milliards-d-euros-a-l-irlande-39841228.htm</post_url>
<post_date>20160830</post_date>
<post_time>1503</post_time>
<username>Karyl AIT-KACI-ALI</username>
<post>
Optimisation fiscale : Apple va devoir rembourser 13 milliards d’euros à l’Irlande Optimisation fiscale : Apple va devoir rembourser 13 milliards d’euros à l’Irlande 
La Commission européenne a demandé à l’Irlande de récupérer les impôts impayés par Apple sur son territoire entre 2003 et 2014, soit 13 milliards d’euros. Dublin et la firme californienne ont d’ores et déjà annoncé leur intention de faire appel de la décision.
</post>
<signature>

</signature>
<external_links>

</external_links>
<country>FR</country>
<main_image>http://www.cnetfrance.fr/i/edit/2016/02/apple-21-mars-ipad-pro-iphone-se-270x202.jpg</main_image>
</document>
