<?xml version="1.0" encoding="UTF-8"?>
<document>
<type>mainstream</type>
<forum>http://www.wrestlinginc.com/wi/rss/pro-wrestling-news.xml</forum>
<forum_title>WrestlingInc.com Pro Wrestling News</forum_title>
<discussion_title>News For Tonight&apos;s WWE SmackDown - Backlash Hype, Daniel Bryan - Miz, Carmella - Nikki Bella, More</discussion_title>
<language>english</language>
<gmt_offset></gmt_offset>
<topic_url>http://www.WrestlingInc.com/wi/news/2016/0830/617065/news-for-tonight-wwe-smackdown-backlash-hype/</topic_url>
<topic_text>
By Marc Middleton | August 30, 2016 
Tonight&apos;s WWE SmackDown will air live from the American Airlines Center in Dallas, Texas with more hype for the September 11th Backlash pay-per-view. Tonight&apos;s show will feature Heath Slater and Rhyno competing in the tag team tournament to crown the first SmackDown Tag Team Champions, possibly against former WWE Tag Team Champions The Headbangers. SmackDown will also feature Daniel Bryan responding to WWE Intercontinental Champion The Miz after their heated &quot;Talking Smack&quot; confrontation last Tuesday night.
WWE is focusing on the following points for tonight: 
* Will The A-Lister suffer for &apos;Talking Smack&apos;? 
* Who will advance as the SmackDown Tag Team Tournament rages on? 
* Will Randy Orton look to take The New Face of Fear to Viperville? 
* Is Styles too big for Backlash? 
* Is Carmella due for a Bella bustin&apos;? 
Got a news tip or correction? Send it to us by clicking here .
</topic_text>
<spam_score>0.00</spam_score>
<post_num>1</post_num>
<post_id>post-1</post_id>
<post_url>http://www.WrestlingInc.com/wi/news/2016/0830/617065/news-for-tonight-wwe-smackdown-backlash-hype/</post_url>
<post_date>20160830</post_date>
<post_time>1811</post_time>
<username></username>
<post>
By Marc Middleton | August 30, 2016 
Tonight&apos;s WWE SmackDown will air live from the American Airlines Center in Dallas, Texas with more hype for the September 11th Backlash pay-per-view. Tonight&apos;s show will feature Heath Slater and Rhyno competing in the tag team tournament to crown the first SmackDown Tag Team Champions, possibly against former WWE Tag Team Champions The Headbangers. SmackDown will also feature Daniel Bryan responding to WWE Intercontinental Champion The Miz after their heated &quot;Talking Smack&quot; confrontation last Tuesday night.
WWE is focusing on the following points for tonight: 
* Will The A-Lister suffer for &apos;Talking Smack&apos;? 
* Who will advance as the SmackDown Tag Team Tournament rages on? 
* Will Randy Orton look to take The New Face of Fear to Viperville? 
* Is Styles too big for Backlash? 
* Is Carmella due for a Bella bustin&apos;? 
Got a news tip or correction? Send it to us by clicking here .
</post>
<signature>

</signature>
<external_links>

</external_links>
<country>US</country>
<main_image>http://www.wrestlinginc.com/wi/images/pics/daniel-bryan-f2.jpg</main_image>
</document>
