<?xml version="1.0" encoding="UTF-8"?>
<document>
<type>mainstream</type>
<forum>http://www.sint-niklaas.be/feed/nieuws</forum>
<forum_title>Nieuws</forum_title>
<discussion_title>Derde Intercultureel Forum - Maandag 24 oktober – 17u30 – 21u30 – Welzijnshuis</discussion_title>
<language>dutch</language>
<gmt_offset></gmt_offset>
<topic_url>http://www.sint-niklaas.be/nieuws/derde-intercultureel-forum-maandag-24-oktober-17u30-21u30-welzijnshuis</topic_url>
<topic_text>
Start &gt; Nieuws &gt; Derde Intercultureel Forum - Maandag 24 oktober – 17u30 – 21u30 – Welzijnshuis Derde Intercultureel Forum - Maandag 24 oktober – 17u30 – 21u30 – Welzijnshuis Nieuws Op het Intercultureel forum vragen we feedback van de burgers over het beleid. Burgers, verenigingen, diensten en beleidsmakers krijgen de kans om elkaar in een ontspannen sfeer te ontmoeten. 
Het Intercultureel Forum is gericht naar alle burgers, ouders, jongeren, verenigingen, beleidsmakers en het onderwijsveld. 
Programma 
- 17u30 – 18u00: onthaal met hartige hapjes en infomarkt met standen over schoolkosten, ouderparticipatie, volwassenenonderwijs, Odisee, de stedelijke academie, studiekeuze, gelijkschakeling van diploma’s. De standhouders geven graag toelichting over hun werking. 
- 18u00 – 19u15: lezing door Professor Orhan Agirdag, Doctor in de Sociologie. Orhan Agirdag bestudeert hoe brede maatschappelijke tendensen zoals groeiende etnische diversiteit en technologische ontwikkelingen een invloed hebben op verschillende onderwijsprocessen. In deze lezing staat hij stil bij een aantal uitdagingen en kansen van etnische diversiteit in het onderwijs. Meer informatie over onze gastspreker op www.orhanagirdag.com 
- 19u15 – 19u30: pauze 
- 19u30 – 20u30: workshops 
In interactieve workshops bespreken onderwijsdeskundigen samen met u thema’s als diversiteit, gelijke onderwijskansen en ouderparticipatie. Kies uit volgende workshops: Workshop basisonderwijs
</topic_text>
<spam_score>0.00</spam_score>
<post_num>1</post_num>
<post_id>post-1</post_id>
<post_url>http://www.sint-niklaas.be/nieuws/derde-intercultureel-forum-maandag-24-oktober-17u30-21u30-welzijnshuis</post_url>
<post_date>20160830</post_date>
<post_time>1107</post_time>
<username></username>
<post>
Start &gt; Nieuws &gt; Derde Intercultureel Forum - Maandag 24 oktober – 17u30 – 21u30 – Welzijnshuis Derde Intercultureel Forum - Maandag 24 oktober – 17u30 – 21u30 – Welzijnshuis Nieuws Op het Intercultureel forum vragen we feedback van de burgers over het beleid. Burgers, verenigingen, diensten en beleidsmakers krijgen de kans om elkaar in een ontspannen sfeer te ontmoeten. 
Het Intercultureel Forum is gericht naar alle burgers, ouders, jongeren, verenigingen, beleidsmakers en het onderwijsveld. 
Programma 
- 17u30 – 18u00: onthaal met hartige hapjes en infomarkt met standen over schoolkosten, ouderparticipatie, volwassenenonderwijs, Odisee, de stedelijke academie, studiekeuze, gelijkschakeling van diploma’s. De standhouders geven graag toelichting over hun werking. 
- 18u00 – 19u15: lezing door Professor Orhan Agirdag, Doctor in de Sociologie. Orhan Agirdag bestudeert hoe brede maatschappelijke tendensen zoals groeiende etnische diversiteit en technologische ontwikkelingen een invloed hebben op verschillende onderwijsprocessen. In deze lezing staat hij stil bij een aantal uitdagingen en kansen van etnische diversiteit in het onderwijs. Meer informatie over onze gastspreker op www.orhanagirdag.com 
- 19u15 – 19u30: pauze 
- 19u30 – 20u30: workshops 
In interactieve workshops bespreken onderwijsdeskundigen samen met u thema’s als diversiteit, gelijke onderwijskansen en ouderparticipatie. Kies uit volgende workshops: Workshop basisonderwijs
</post>
<signature>

</signature>
<external_links>

</external_links>
<country>BE</country>
<main_image></main_image>
</document>
