<?xml version="1.0" encoding="UTF-8"?>
<document>
<type>mainstream</type>
<forum>http://www.aktualne.cz/rss</forum>
<forum_title>Aktuálně.cz</forum_title>
<discussion_title>Na Letné se bude jezdit jen třicítkou. Časem bude rychlost omezená v celé Praze 7</discussion_title>
<language>czech</language>
<gmt_offset></gmt_offset>
<topic_url>http://zpravy.aktualne.cz/regiony/praha/v-ulicich-prahy-7-se-bude-jezdit-rychlosti-maximalne-30-km-h/r~f7a4b09c6ebf11e68d00002590604f2e/</topic_url>
<topic_text>
Na Letné se bude jezdit jen třicítkou. Časem bude rychlost omezená v celé Praze 7 před 15 minutami V okolí Letné klesne maximální povolená rychlost na 30 km/h. | Foto: Ludvík Hradilek Radnice Prahy 7 chce snížit maximální povolenou rychlost na 30 km/h. Změna se dotkne nejdříve okolí Letné s výjimkou hlavních tahů jako například Milady Horákové či Korunovační. V minulosti se již povolená rychlost snížila v Praze 5 a 8. Od zpomalení vozidel si radnice slibuje zvýšení bezpečnosti v kritických místech. &quot;Po vzoru západních měst chceme snížit rychlost na tu, kterou se v oblasti většinou stejně jezdí,&quot; řekl místostarosta městské části Ondřej Mirovský. Hlavní zprávy Zeman na Rhodos? Česko to nepoškodí, kdyby to byla obskurní akce, nikdo tam nejezdí, říká Kmoníček 
Praha - Řidiči na území Prahy 7 budou muset zpomalit. Radnice se totiž rozhodla snížit nejvyšší povolenou rychlost na maximálně 30 kilometrů v hodině. Nejdříve se zóna objeví v okolí Letné , řekl místostarosta městskéčásti Ondřej Mirovský (SZ/Trojkoalice). Postupně bude snížená rychlost zavedena na celém území s výjimkou hlavních ulic jako například Milady Horákové na Letné. Přesný termín zavedení zatím nebyl určen. Rychlost letos snížila také Praha 5 a v minulosti Praha 8. 
&quot;Po vzoru západních měst chceme snížit rychlost na tu, kterou se v oblasti většinou stejně jezdí, plus chceme zvýšit bezpečnost v kritických místech. Jsme přesvědčeni, že je to krok správným směrem,&quot; řekl Mirovský. 
V první fázi chce radnice zónu vytvořit v horních Holešovicích v okolí Letné. Do zóny by pak měla být zahrnuta převážná většina komunikací od ulice Bubenská směrem na Letnou. &quot;Vyjmuty z ní budou hlavní komunikace, jako jsou ulice Veletržní, Milady Horákové a Korunovační,&quot; uvedl Mirovský. 
Vedení městskéčásti v současné době projekt připravuje a jedná například s Technickou správou komunikací (TSK) a dalšími odbornými organizacemi. V září pak chce projekt představit veřejnosti k připomínkování. &quot;Pokud by se vše dařilo podle našich představ a nezaznamenáme velké množství připomínek, v první fázi by zóna mohla být zavedena ještě letos,&quot; řekl Mirovský. 
Praha 7 kromě zavedení zón začala rovněž se zklidňováním křižovatky Bubenské a Heřmanovy ulice. Ubyl tady jízdní pruh, přibude pruh pro cyklisty a zároveň vzniknou nová parkovací stání. Rozšířeny mají být chodníky a zkrácen přechod přes Heřmanovu ulici. 
Rychlost snížila minulý týden v souvislosti se zavedením parkovacích zón radnice Prahy 5. &quot;Třicítkou&quot; se tu jezdí ve vybraných lokalitách, mezi nimi třeba na Smíchově. Nejvyšší povolenou rychlost snížila před několika lety také radnice Prahy 8 v Karlíně. DISKUSE Související články
</topic_text>
<spam_score>0.00</spam_score>
<post_num>1</post_num>
<post_id>post-1</post_id>
<post_url>http://zpravy.aktualne.cz/regiony/praha/v-ulicich-prahy-7-se-bude-jezdit-rychlosti-maximalne-30-km-h/r~f7a4b09c6ebf11e68d00002590604f2e/</post_url>
<post_date>20160830</post_date>
<post_time>1500</post_time>
<username></username>
<post>
Na Letné se bude jezdit jen třicítkou. Časem bude rychlost omezená v celé Praze 7 před 15 minutami V okolí Letné klesne maximální povolená rychlost na 30 km/h. | Foto: Ludvík Hradilek Radnice Prahy 7 chce snížit maximální povolenou rychlost na 30 km/h. Změna se dotkne nejdříve okolí Letné s výjimkou hlavních tahů jako například Milady Horákové či Korunovační. V minulosti se již povolená rychlost snížila v Praze 5 a 8. Od zpomalení vozidel si radnice slibuje zvýšení bezpečnosti v kritických místech. &quot;Po vzoru západních měst chceme snížit rychlost na tu, kterou se v oblasti většinou stejně jezdí,&quot; řekl místostarosta městské části Ondřej Mirovský. Hlavní zprávy Zeman na Rhodos? Česko to nepoškodí, kdyby to byla obskurní akce, nikdo tam nejezdí, říká Kmoníček 
Praha - Řidiči na území Prahy 7 budou muset zpomalit. Radnice se totiž rozhodla snížit nejvyšší povolenou rychlost na maximálně 30 kilometrů v hodině. Nejdříve se zóna objeví v okolí Letné , řekl místostarosta městskéčásti Ondřej Mirovský (SZ/Trojkoalice). Postupně bude snížená rychlost zavedena na celém území s výjimkou hlavních ulic jako například Milady Horákové na Letné. Přesný termín zavedení zatím nebyl určen. Rychlost letos snížila také Praha 5 a v minulosti Praha 8. 
&quot;Po vzoru západních měst chceme snížit rychlost na tu, kterou se v oblasti většinou stejně jezdí, plus chceme zvýšit bezpečnost v kritických místech. Jsme přesvědčeni, že je to krok správným směrem,&quot; řekl Mirovský. 
V první fázi chce radnice zónu vytvořit v horních Holešovicích v okolí Letné. Do zóny by pak měla být zahrnuta převážná většina komunikací od ulice Bubenská směrem na Letnou. &quot;Vyjmuty z ní budou hlavní komunikace, jako jsou ulice Veletržní, Milady Horákové a Korunovační,&quot; uvedl Mirovský. 
Vedení městskéčásti v současné době projekt připravuje a jedná například s Technickou správou komunikací (TSK) a dalšími odbornými organizacemi. V září pak chce projekt představit veřejnosti k připomínkování. &quot;Pokud by se vše dařilo podle našich představ a nezaznamenáme velké množství připomínek, v první fázi by zóna mohla být zavedena ještě letos,&quot; řekl Mirovský. 
Praha 7 kromě zavedení zón začala rovněž se zklidňováním křižovatky Bubenské a Heřmanovy ulice. Ubyl tady jízdní pruh, přibude pruh pro cyklisty a zároveň vzniknou nová parkovací stání. Rozšířeny mají být chodníky a zkrácen přechod přes Heřmanovu ulici. 
Rychlost snížila minulý týden v souvislosti se zavedením parkovacích zón radnice Prahy 5. &quot;Třicítkou&quot; se tu jezdí ve vybraných lokalitách, mezi nimi třeba na Smíchově. Nejvyšší povolenou rychlost snížila před několika lety také radnice Prahy 8 v Karlíně. DISKUSE Související články
</post>
<signature>

</signature>
<external_links>

</external_links>
<country>CZ</country>
<main_image>http://cdn.i0.cz/src/public-data/e6/19/014bdff9389d83c8d65f421183cc_base_optimal.jpg</main_image>
</document>
