<?xml version="1.0" encoding="UTF-8"?>
<document>
<type>mainstream</type>
<forum>http://www.gazzettadelsud.it/rss.jsp?sezione=28</forum>
<forum_title>Gazzetta del Sud online</forum_title>
<discussion_title>Sisma, le testimonianze dei protagonisti nei soccorsi</discussion_title>
<language>italian</language>
<gmt_offset></gmt_offset>
<topic_url>http://www.gazzettadelsud.it/video/mediagallery/210521/sisma-le-testimonianze-dei-protagonisti-nei-soccorsi.html</topic_url>
<topic_text>
Sisma, le testimonianze dei protagonisti nei soccorsi 30/08/2016 Condividi le tue opinioni su Gazzetta del Sud online Testo
</topic_text>
<spam_score>0.00</spam_score>
<post_num>1</post_num>
<post_id>post-1</post_id>
<post_url>http://www.gazzettadelsud.it/video/mediagallery/210521/sisma-le-testimonianze-dei-protagonisti-nei-soccorsi.html</post_url>
<post_date>20160830</post_date>
<post_time>1218</post_time>
<username></username>
<post>
Sisma, le testimonianze dei protagonisti nei soccorsi 30/08/2016 Condividi le tue opinioni su Gazzetta del Sud online Testo
</post>
<signature>

</signature>
<external_links>

</external_links>
<country>IT</country>
<main_image>http://www.gazzettadelsud.it/resizer/600/315/true/i201608301418.jpg--.jpg</main_image>
</document>
