<?xml version="1.0" encoding="UTF-8"?>
<document>
<type>mainstream</type>
<forum>http://www.wsj.com/xml/rss/3_7201.xml</forum>
<forum_title>WSJ.com: Lifestyle</forum_title>
<discussion_title>Late Republican Adviser’s Palm Beach, Fla., Property Seeks $26 Million</discussion_title>
<language>english</language>
<gmt_offset></gmt_offset>
<topic_url>http://www.wsj.com/articles/late-republican-advisers-palm-beach-fla-property-seeks-26-million-1472567483?mod=WSJ_GoogleNews</topic_url>
<topic_text>
0 COMMENTS The Palm Beach, Fla., home and guest house of the late Max M. Fisher, a wealthy philanthropist who advised a number of Republican presidents, will list for roughly $26 million, according to his son Phillip Fisher.
The mansion, a 9,841-square-foot French Regency-style home on the Intracoastal Waterway, will list for $19.95 million, while a 5,780-square-foot guest house across the street will list for $6.2 million.
Related Reading 
Internet Entrepreneur Jim Clark Lists Palm Beach Estate for $137 Million Palm Beach Home With an Oceanfront Soccer Field Seeks $27.5 Million Nixon’s Western White House Is Listed for $75 Million The main home, built in 1976 by Robert Gottfried, noted for his Regency-style designs, includes eight bedrooms, 7½ bathrooms and a deep water dock on 134 feet of frontage. The Georgian-style guest house, built in 1996, has an additional six bedrooms and 7½ baths.
Mr. Fisher made his fortune in oil reclamation and real estate, but spent much of his later life involved in philanthropy and in guiding U.S. policy on Israel and other issues. Mr. Fisher died in 2005. His wife, Marjorie Fisher, died in June. 
The homes are being sold by a family trust, said the junior Mr. Fisher, because he and his sisters live elsewhere.
Listing agent Jim McCann of Corcoran said the home is priced to allow for a renovation of the interior, which some buyers consider dated. Modernist homes are in high demand in the area, he said, and the Regency style, with its high ceilings and large rooms, lends itself to a contemporary facelift. A buyer might also tear down the home to start over, he said.
“I really view these homes as iconic, because of the people that visited,” said Mr. Fisher, who wouldn’t like to see the homes demolished, but accepts that prospect.
Mr. McCann shares the listing with Suzanne Frisbie and Allison Wren, also of Corcoran.
Write to Stefanos Chen at stefanos.chen@wsj.com
</topic_text>
<spam_score>0.00</spam_score>
<post_num>1</post_num>
<post_id>post-1</post_id>
<post_url>http://www.wsj.com/articles/late-republican-advisers-palm-beach-fla-property-seeks-26-million-1472567483?mod=WSJ_GoogleNews</post_url>
<post_date>20160830</post_date>
<post_time>1031</post_time>
<username>Stefanos Chen</username>
<post>
0 COMMENTS The Palm Beach, Fla., home and guest house of the late Max M. Fisher, a wealthy philanthropist who advised a number of Republican presidents, will list for roughly $26 million, according to his son Phillip Fisher.
The mansion, a 9,841-square-foot French Regency-style home on the Intracoastal Waterway, will list for $19.95 million, while a 5,780-square-foot guest house across the street will list for $6.2 million.
Related Reading 
Internet Entrepreneur Jim Clark Lists Palm Beach Estate for $137 Million Palm Beach Home With an Oceanfront Soccer Field Seeks $27.5 Million Nixon’s Western White House Is Listed for $75 Million The main home, built in 1976 by Robert Gottfried, noted for his Regency-style designs, includes eight bedrooms, 7½ bathrooms and a deep water dock on 134 feet of frontage. The Georgian-style guest house, built in 1996, has an additional six bedrooms and 7½ baths.
Mr. Fisher made his fortune in oil reclamation and real estate, but spent much of his later life involved in philanthropy and in guiding U.S. policy on Israel and other issues. Mr. Fisher died in 2005. His wife, Marjorie Fisher, died in June. 
The homes are being sold by a family trust, said the junior Mr. Fisher, because he and his sisters live elsewhere.
Listing agent Jim McCann of Corcoran said the home is priced to allow for a renovation of the interior, which some buyers consider dated. Modernist homes are in high demand in the area, he said, and the Regency style, with its high ceilings and large rooms, lends itself to a contemporary facelift. A buyer might also tear down the home to start over, he said.
“I really view these homes as iconic, because of the people that visited,” said Mr. Fisher, who wouldn’t like to see the homes demolished, but accepts that prospect.
Mr. McCann shares the listing with Suzanne Frisbie and Allison Wren, also of Corcoran.
Write to Stefanos Chen at stefanos.chen@wsj.com
</post>
<signature>

</signature>
<external_links>

</external_links>
<country>US</country>
<main_image>https://si.wsj.net/public/resources/images/BN-PP447_0901pp_G_20160829145714.jpg</main_image>
</document>
