<?xml version="1.0" encoding="UTF-8"?>
<document>
<type>mainstream</type>
<forum>https://www.inese.es/rss.xml</forum>
<forum_title>Inese.es la página de información del sector seguros</forum_title>
<discussion_title>Recomendaciones de CIGNA para evitar el ‘síndrome postvacacional’</discussion_title>
<language>spanish</language>
<gmt_offset></gmt_offset>
<topic_url>https://www.inese.es/noticias/recomendaciones-de-cigna-para-evitar-el-sindrome-postvacacional</topic_url>
<topic_text>
Inicio » Noticias » Entorno » Recomendaciones de CIGNA para evitar el ‘síndrome postvacacional’ Recomendaciones de CIGNA para evitar el ‘síndrome postvacacional’ BDS 
La vuelta al trabajo puede desembocar en el llamado‘síndrome o depresión postvacacional’si no se consigue una rápida adaptación a la vida cotidiana. La situación personal y el entorno de trabajo son los factores más decisivos a la hora de sufrir estos síntomas. 
  
“Aquellas personas con menor resistencia a la frustración , que conciben su entorno laboral como algo desagradable o que no les motiva su trabajo, son más propensas a sufrirlo ”, afirma Vicente Gil, director Médico de CIGNA. 
Desde la aseguradora se ofrecen una serie de medidas a seguir , tanto durante el primer día de incorporación, como antes y durante las vacaciones, para prevenir o combatir este síndrome. Así, se aconseja no cargarse de trabajo el primer día; planificar actividades de ocio; mejorar aquello que no nos guste en el trabajo; buena alimentación y practicar deporte; dejar los deberes hechos antes de nuestra marcha; no cogerse periodos vacacionales muy largos; disfrutar al máximo las vacaciones; planificar el regreso con tiempo; y tomarse la vuelta con filosofía.
</topic_text>
<spam_score>0.00</spam_score>
<post_num>1</post_num>
<post_id>post-1</post_id>
<post_url>https://www.inese.es/noticias/recomendaciones-de-cigna-para-evitar-el-sindrome-postvacacional</post_url>
<post_date>20160830</post_date>
<post_time>1032</post_time>
<username>marketing1_20365</username>
<post>
Inicio » Noticias » Entorno » Recomendaciones de CIGNA para evitar el ‘síndrome postvacacional’ Recomendaciones de CIGNA para evitar el ‘síndrome postvacacional’ BDS 
La vuelta al trabajo puede desembocar en el llamado‘síndrome o depresión postvacacional’si no se consigue una rápida adaptación a la vida cotidiana. La situación personal y el entorno de trabajo son los factores más decisivos a la hora de sufrir estos síntomas. 
  
“Aquellas personas con menor resistencia a la frustración , que conciben su entorno laboral como algo desagradable o que no les motiva su trabajo, son más propensas a sufrirlo ”, afirma Vicente Gil, director Médico de CIGNA. 
Desde la aseguradora se ofrecen una serie de medidas a seguir , tanto durante el primer día de incorporación, como antes y durante las vacaciones, para prevenir o combatir este síndrome. Así, se aconseja no cargarse de trabajo el primer día; planificar actividades de ocio; mejorar aquello que no nos guste en el trabajo; buena alimentación y practicar deporte; dejar los deberes hechos antes de nuestra marcha; no cogerse periodos vacacionales muy largos; disfrutar al máximo las vacaciones; planificar el regreso con tiempo; y tomarse la vuelta con filosofía.
</post>
<signature>

</signature>
<external_links>

</external_links>
<country>ES</country>
<main_image></main_image>
</document>
