<?xml version="1.0" encoding="UTF-8"?>
<document>
<type>mainstream</type>
<forum>http://www.gazzettadelsud.it/rss.jsp?sezione=28</forum>
<forum_title>Gazzetta del Sud online</forum_title>
<discussion_title>Parroco Amatrice: ai funerali portero&apos; la Madonna di Filetta</discussion_title>
<language>english</language>
<gmt_offset></gmt_offset>
<topic_url>http://www.gazzettadelsud.it/video/mediagallery/210499/parroco-amatrice-ai-funerali-portero-la-madonna-di-filetta.html</topic_url>
<topic_text>
Parroco Amatrice: ai funerali portero&apos; la Madonna di Filetta 30/08/2016
</topic_text>
<spam_score>0.00</spam_score>
<post_num>1</post_num>
<post_id>post-1</post_id>
<post_url>http://www.gazzettadelsud.it/video/mediagallery/210499/parroco-amatrice-ai-funerali-portero-la-madonna-di-filetta.html</post_url>
<post_date>20160830</post_date>
<post_time>1011</post_time>
<username></username>
<post>
Parroco Amatrice: ai funerali portero&apos; la Madonna di Filetta 30/08/2016
</post>
<signature>

</signature>
<external_links>

</external_links>
<country>IT</country>
<main_image>http://www.gazzettadelsud.it/resizer/600/315/true/i201608301211.jpg--.jpg</main_image>
</document>
