<?xml version="1.0" encoding="UTF-8"?>
<document>
<type>mainstream</type>
<forum>http://www.theguardian.com/technology/internet/rss</forum>
<forum_title>Internet | The Guardian</forum_title>
<discussion_title>Coalition agrees senators should decide if material seized by police is privileged | Australia news</discussion_title>
<language>english</language>
<gmt_offset></gmt_offset>
<topic_url>https://www.theguardian.com/australia-news/2016/aug/30/coalition-senate-labor-material-seized-police-nbn-leaks-raid-privilege</topic_url>
<topic_text>
The Coalition has agreed to allow parliament’s powerful privileges committee to determine whether material obtained by the Australian federal police in controversial raids during and after the election campaign will be protected by privilege.

The government had looked to be positioning to avoid that outcome but in one of the first gestures of the new Senate, the leader of the government, George Brandis , said he would support the reference to privileges because it was the “appropriate course of action.”
The action in the Senate has been triggered by raids following an embarrassing leak of confidential information from NBN Co. Labor says the leak revealed cost blow outs and delays in the NBN rollout under Malcolm Turnbull, the former communications minister.
NBN: the trouble with Coalition&apos;s plan for quicker and cheaper broadband Read more 
Police raided the office of Labor’s deputy Senate leader, Stephen Conroy, and the home of a Labor staffer, Andy Byrne, during the first week of the election campaign , in search of the confidential material, which surfaced during parliamentary committees of inquiry, and was published by some news outlets.
Police then came to Parliament House last week for a second raid. During the second raid, which involved AFP officers accessing the parliamentary server, the AFP invoked national security grounds to prevent opposition staff from recording the investigation that stretched into the night last Wednesday.
The activity perturbed parliamentarians across party lines, given the precedents being set. Ahead of Tuesday night’s deliberations in the Senate, the Liberal senator Cory Bernardi signalled he could side with Labor in sending the matter off to the privileges committee.
Conroy invoked privilege during the first police raid, which means all the material taken by the AFP in relation to the NBN Co leaks has been locked in the safe of the clerk of the Senate until the chamber makes a determination about how to proceed.
The Coalition’s decision to back Labor’s motion referring the case to privileges followed an offer by the Senate president, Stephen Parry, to broker talks between Brandis and the Labor Senate leader, Penny Wong, to determine a way forward.
Parry later withdrew the offer after it became clear the Coalition would back the motion.
Speaking to the motion, Conroy told the Senate all parliamentarians needed to stand up to defend their work with whistleblowers rather than serve short-term partisan interests, and he said journalists also needed to defend their professional imperative to publish material in the public interest.
“What is at stake here is not simply a question of the prime minister’s legacy as communications minister, much as that legacy deserves close scrutiny,” Conroy said Tuesday night. “What this is about is the proper functioning of the parliament and our democratic system.”
“It is, at its core, about the constitutional right of the people of Australia, through their parliament, to hold the executive to account without fear or recrimination.”
“There must be no place for politics when it comes to such fundamental democratic principles.”
Federal police raids over NBN leak should ring alarm bells for journalists Read more 
In accepting the referral Brandis told the chamber there were competing interests to balance and it would now be up to the privileges committee to determine how to proceed.
“The issue raises not one, but two important principles. Senator Conroy has rightly said it raises the matter of privilege of the Senate. It is not the privilege of individual senators, it is the privilege of the Senate, as Senator Conroy has rightly said,” Brandis said.
He noted that interest was set in tension with another principle. “That is the due and proper administration of the criminal justice system by those officers charged with its administration, in this case officers of the AFP.”
</topic_text>
<spam_score>0.00</spam_score>
<post_num>12</post_num>
<post_id>post-12</post_id>
<post_url>https://www.theguardian.com/australia-news/2016/aug/30/coalition-senate-labor-material-seized-police-nbn-leaks-raid-privilege#comment-82169236</post_url>
<post_date>20160830</post_date>
<post_time>1113</post_time>
<username>Wheelspinner</username>
<post>
I think that&apos;s ho wit will go IAn Having seen the cops raid the offices of elected members, I don&apos;t think they&apos;ll have too much trouble concluding that they don&apos;t want that happening to them.
Does anybody know who will be the Senators sitting on the Privileges Committee in the new Parliament?
</post>
<signature>

</signature>
<external_links>

</external_links>
<country>US</country>
<main_image>https://i.guim.co.uk/img/media/e61902909710a4ba5d6095c3d9c1aebb3c82c55b/0_239_4928_2959/4928.jpg?w=1200&amp;amp;h=630&amp;amp;q=55&amp;amp;auto=format&amp;amp;usm=12&amp;amp;fit=crop&amp;amp;bm=normal&amp;amp;ba=bottom%2Cleft&amp;amp;blend64=aHR0cHM6Ly91cGxvYWRzLmd1aW0uY28udWsvMjAxNi8wNS8yNS9vdmVybGF5LWxvZ28tMTIwMC05MF9vcHQucG5n&amp;amp;s=725ee87eeaf04b51387cbf9691e848e6</main_image>
</document>
