<?xml version="1.0" encoding="UTF-8"?>
<document>
<type>mainstream</type>
<forum>https://www.dealdoktor.de/feed/</forum>
<forum_title>Schnäppchen Blog mit Doktortitel • DealDoktor •</forum_title>
<discussion_title>Kostenloses SciFi-eBook bei Amazon: Alien Job – Die Trilogie – Alle drei Bände in einem eBook!</discussion_title>
<language>german</language>
<gmt_offset></gmt_offset>
<topic_url>https://www.dealdoktor.de/user-deals/deals/gratisartikel-kostenlos/kostenloses-scifi-ebook-bei-amazon-alien-job-die-trilogie-alle-drei-baende-zin-einem-ebook/</topic_url>
<topic_text>
Heute gibt es bei Amazon ein kostenloses eBook für alle SciFi-Fans… Und nicht nur das, sondern heute sind alle drei Bände der Trilogie in einem eBook zusammengefasst kostenlos erhältlich. 
Der Klappentext liest sich knapp und cliffhanger-lastig… 
Sie denken, Sie kennen das Universum bereits wie Ihre Westentasche? Sie glauben, Sie wissen einfach alles über intelligente Lebensformen, was es zu wissen gibt? Sie sind der Meinung, viel herumgekommen zu sein und schon so ziemlich alles gesehen zu haben? 
Falsch. Ganz falsch. 
Jagen Sie Ihr peinliches Unwissen zur Tür hinaus, und begeben Sie sich auf eine abenteuerliche Reise durch Raum und Zeit. Manchmal erschreckend, manchmal ernüchternd, oft haarscharf vorbei an der Grenze zum Wahnsinn, doch zumeist innerhalb der Grenzen des guten Geschmacks. 
Sie werden staunen, wie die Welt da draußen wirklich ist 
Ich bin auf jeden Fall gespannt… Ihr auch? Viel Spaß
</topic_text>
<spam_score>0.00</spam_score>
<post_num>1</post_num>
<post_id>post-1</post_id>
<post_url>https://www.dealdoktor.de/user-deals/deals/gratisartikel-kostenlos/kostenloses-scifi-ebook-bei-amazon-alien-job-die-trilogie-alle-drei-baende-zin-einem-ebook/</post_url>
<post_date>20160830</post_date>
<post_time>1427</post_time>
<username></username>
<post>
Heute gibt es bei Amazon ein kostenloses eBook für alle SciFi-Fans… Und nicht nur das, sondern heute sind alle drei Bände der Trilogie in einem eBook zusammengefasst kostenlos erhältlich. 
Der Klappentext liest sich knapp und cliffhanger-lastig… 
Sie denken, Sie kennen das Universum bereits wie Ihre Westentasche? Sie glauben, Sie wissen einfach alles über intelligente Lebensformen, was es zu wissen gibt? Sie sind der Meinung, viel herumgekommen zu sein und schon so ziemlich alles gesehen zu haben? 
Falsch. Ganz falsch. 
Jagen Sie Ihr peinliches Unwissen zur Tür hinaus, und begeben Sie sich auf eine abenteuerliche Reise durch Raum und Zeit. Manchmal erschreckend, manchmal ernüchternd, oft haarscharf vorbei an der Grenze zum Wahnsinn, doch zumeist innerhalb der Grenzen des guten Geschmacks. 
Sie werden staunen, wie die Welt da draußen wirklich ist 
Ich bin auf jeden Fall gespannt… Ihr auch? Viel Spaß
</post>
<signature>

</signature>
<external_links>

</external_links>
<country>DE</country>
<main_image>https://www.dealdoktor.de/app/uploads/user_deals/41FVjnHtRFL.jpg</main_image>
</document>
