<?xml version="1.0" encoding="UTF-8"?>
<document>
<type>mainstream</type>
<forum>http://www.elmogaz.com/rss.xml</forum>
<forum_title>Front page feed</forum_title>
<discussion_title>مؤسس مبادرة صندوق النقد: حمدين صباحى يرفض مساندة الدولة</discussion_title>
<language>arabic</language>
<gmt_offset></gmt_offset>
<topic_url>http://www.elmogaz.com/node/318363</topic_url>
<topic_text>
مؤسس مبادرة صندوق النقد: حمدين صباحى يرفض مساندة الدولة   4:52 مساء، كتب أمل غريب 
استنكر مؤسسو مبادرة صندوق النقد المصرى، فى بيان لهم اليوم، تصريحات حمدين صباحى، المرشح الرئاسى السابق، التى نفى فيها مساندته للمبادرة التى تهدف لدعم الإقتصاد المصرى، وقال البيان&quot; من منطلق حرص القائمين على مبادرة صندوق النقد المصرى الذى يهدف إلى دعم الاقتصاد المصرى وإنقاذه من الأزمة التى تحيط به فى هذه الأوقات الحالكة الظلام برغبة صادقة فى جمع شمل وشتات كل القوى الوطنية المخلصة التى تريد وتعمل من أجل خير مصر والشعب المصرى بعيدا عن اختلاف الايدولوجيات والتوجهات و بدافع وطني خالص بنابع من ضميرأبناء مصر . لذا تواصلت مبادرة صندوق النقد المصرى مع المرشح الرئاسى السابق، حمدين صباحى من أجل انضمامه للمبادرة ومن أجل إعطاءه الفرصة كاملة لإثبات وطنيته على أرض الواقع من خلال دعمه للأزمة الطاحنة التى يمر بها الاقتصاد الوطنى ، إلا أن المرشح الرئاسى السابق بعد أن أكد على دعمه للمبادرة فى تصريح صحفي تم نشره على جميع المواقع الاخبارية ، ثم أصدر حزب الكرامة بيان ينفى به دعم صباحى والحزب للمبادرة الوطنية. ولذلك فإن القائمين على المبادرة ومؤسسها بشير حمد، أصدروا بيان يؤكدون فيه ترحيبهم بكل القوي الوطنية والأحزاب ورجال الأعمال والمصريين بالخارج والفنانين و الرياضيين اللتي أعلنت تأييدها للمبادرة . وأكد بشير حمد، مؤسس المبادرة، أن مصر لن تستجدى احدا لمساندتها والعمل على إخراجها من كبوتها، وحاولنا ان نكون منصفين مع مدعى الوطنيه لكن لا يعرف الحق بالرجال بل يعرف الرجال بالحق&quot; التعليقات &lt;a href=&quot;http://openx.elmogaz.com/www/delivery/ck.php?n=a26d0cf0&amp;cb=INSERT_RANDOM_NUMBER_HERE&quot; target=&quot;_blank&quot;&gt;&lt;img src=&quot;http://openx.elmogaz.com/www/delivery/avw.php?zoneid=8&amp;cb=INSERT_RANDOM_NUMBER_HERE&amp;n=a26d0cf0&quot; border=&quot;0&quot; alt=&quot;&quot;/&gt;&lt;/a&gt; رشحنا لك
</topic_text>
<spam_score>0.00</spam_score>
<post_num>1</post_num>
<post_id>post-1</post_id>
<post_url>http://www.elmogaz.com/node/318363</post_url>
<post_date>20160830</post_date>
<post_time>1352</post_time>
<username></username>
<post>
مؤسس مبادرة صندوق النقد: حمدين صباحى يرفض مساندة الدولة   4:52 مساء، كتب أمل غريب 
استنكر مؤسسو مبادرة صندوق النقد المصرى، فى بيان لهم اليوم، تصريحات حمدين صباحى، المرشح الرئاسى السابق، التى نفى فيها مساندته للمبادرة التى تهدف لدعم الإقتصاد المصرى، وقال البيان&quot; من منطلق حرص القائمين على مبادرة صندوق النقد المصرى الذى يهدف إلى دعم الاقتصاد المصرى وإنقاذه من الأزمة التى تحيط به فى هذه الأوقات الحالكة الظلام برغبة صادقة فى جمع شمل وشتات كل القوى الوطنية المخلصة التى تريد وتعمل من أجل خير مصر والشعب المصرى بعيدا عن اختلاف الايدولوجيات والتوجهات و بدافع وطني خالص بنابع من ضميرأبناء مصر . لذا تواصلت مبادرة صندوق النقد المصرى مع المرشح الرئاسى السابق، حمدين صباحى من أجل انضمامه للمبادرة ومن أجل إعطاءه الفرصة كاملة لإثبات وطنيته على أرض الواقع من خلال دعمه للأزمة الطاحنة التى يمر بها الاقتصاد الوطنى ، إلا أن المرشح الرئاسى السابق بعد أن أكد على دعمه للمبادرة فى تصريح صحفي تم نشره على جميع المواقع الاخبارية ، ثم أصدر حزب الكرامة بيان ينفى به دعم صباحى والحزب للمبادرة الوطنية. ولذلك فإن القائمين على المبادرة ومؤسسها بشير حمد، أصدروا بيان يؤكدون فيه ترحيبهم بكل القوي الوطنية والأحزاب ورجال الأعمال والمصريين بالخارج والفنانين و الرياضيين اللتي أعلنت تأييدها للمبادرة . وأكد بشير حمد، مؤسس المبادرة، أن مصر لن تستجدى احدا لمساندتها والعمل على إخراجها من كبوتها، وحاولنا ان نكون منصفين مع مدعى الوطنيه لكن لا يعرف الحق بالرجال بل يعرف الرجال بالحق&quot; التعليقات &lt;a href=&quot;http://openx.elmogaz.com/www/delivery/ck.php?n=a26d0cf0&amp;cb=INSERT_RANDOM_NUMBER_HERE&quot; target=&quot;_blank&quot;&gt;&lt;img src=&quot;http://openx.elmogaz.com/www/delivery/avw.php?zoneid=8&amp;cb=INSERT_RANDOM_NUMBER_HERE&amp;n=a26d0cf0&quot; border=&quot;0&quot; alt=&quot;&quot;/&gt;&lt;/a&gt; رشحنا لك
</post>
<signature>

</signature>
<external_links>

</external_links>
<country>US</country>
<main_image></main_image>
</document>
