<?xml version="1.0" encoding="UTF-8"?>
<document>
<type>mainstream</type>
<forum>http://www.wrestlinginc.com/wi/rss/pro-wrestling-news.xml</forum>
<forum_title>WrestlingInc.com Pro Wrestling News</forum_title>
<discussion_title>Luke Gallows&apos; Wife Tears Into Dana Brooke During Last Night&apos;s WWE RAW</discussion_title>
<language>english</language>
<gmt_offset></gmt_offset>
<topic_url>http://www.WrestlingInc.com/wi/news/2016/0830/617063/luke-gallows-wife-tears-into-dana-brooke-during-last-night-wwe/</topic_url>
<topic_text>
By Raj Giri | August 30, 2016 
Luke Gallows&apos; wife, independent wrestler Amber O&apos;Neal Gallows, didn&apos;t appear to be too happy with the segment on RAW last night between Dana Brooke, Luke Gallows and Karl Anderson. In the segment, Gallows and Anderson enlisted the help of Nurse Brooke for their match against The New Day and Bayley. Amber replied to a fan and Twitter about her thoughts and posted a series of tweets ripping on Dana, that have since been deleted: Hey @amberoneal1 , you don&apos;t have a problem with @DanaBrookeWWE joining up with the Club do you?? #RAW — Soul Cool (@DashingSoulJay) August 30, 2016 I will kill a b---h t.co/Gt6rqCDRgR 
 Amber O&apos;neal Gallows (@amberoneal1) August 30, 2016 Actually let me rephrase that.... I would kill a b---h if I cared enough to do it but in this case I&apos;ll just let them have her.. #trash
 Amber O&apos;neal Gallows (@amberoneal1) August 30, 2016 Well once I thought about it.. #misspiggy is a much better fit for him.... t.co/jiVbIbIzrK 
 Amber O&apos;neal Gallows (@amberoneal1) August 30, 2016 
Dana Brooke responded to Amber&apos;s Twitter tirade, simply writing:
</topic_text>
<spam_score>0.00</spam_score>
<post_num>1</post_num>
<post_id>post-1</post_id>
<post_url>http://www.WrestlingInc.com/wi/news/2016/0830/617063/luke-gallows-wife-tears-into-dana-brooke-during-last-night-wwe/</post_url>
<post_date>20160830</post_date>
<post_time>1730</post_time>
<username></username>
<post>
By Raj Giri | August 30, 2016 
Luke Gallows&apos; wife, independent wrestler Amber O&apos;Neal Gallows, didn&apos;t appear to be too happy with the segment on RAW last night between Dana Brooke, Luke Gallows and Karl Anderson. In the segment, Gallows and Anderson enlisted the help of Nurse Brooke for their match against The New Day and Bayley. Amber replied to a fan and Twitter about her thoughts and posted a series of tweets ripping on Dana, that have since been deleted: Hey @amberoneal1 , you don&apos;t have a problem with @DanaBrookeWWE joining up with the Club do you?? #RAW — Soul Cool (@DashingSoulJay) August 30, 2016 I will kill a b---h t.co/Gt6rqCDRgR 
 Amber O&apos;neal Gallows (@amberoneal1) August 30, 2016 Actually let me rephrase that.... I would kill a b---h if I cared enough to do it but in this case I&apos;ll just let them have her.. #trash
 Amber O&apos;neal Gallows (@amberoneal1) August 30, 2016 Well once I thought about it.. #misspiggy is a much better fit for him.... t.co/jiVbIbIzrK 
 Amber O&apos;neal Gallows (@amberoneal1) August 30, 2016 
Dana Brooke responded to Amber&apos;s Twitter tirade, simply writing:
</post>
<signature>

</signature>
<external_links>

</external_links>
<country>US</country>
<main_image>http://i1.ytimg.com/vi/JY_ZF2fRVUw/mqdefault.jpg</main_image>
</document>
