<?xml version="1.0" encoding="UTF-8"?>
<document>
<type>mainstream</type>
<forum>http://feeds.feedburner.com/jornalreporterdiario</forum>
<forum_title>RD – Jornal Repórter Diário</forum_title>
<discussion_title>França critica intervenção militar da Turquia na Síria</discussion_title>
<language>portuguese</language>
<gmt_offset></gmt_offset>
<topic_url>http://www.reporterdiario.com.br/noticia/2228632/franca-critica-intervencao-militar-da-turquia-na-siria/</topic_url>
<topic_text>
Da Redação há 50 minutos Internacional 
O presidente francês, François Hollande, criticou nesta terça-feira a intervenção militar “contraditória” da Turquia na Síria e advertiu que a Rússia não deve se tornar “protagonista” nessa guerra. Em discurso, Hollande disse que “intervenções múltiplas, contraditórias geram o risco de uma inflamação geral” nos confrontos que já devastaram o território sírio. 
O líder francês disse que entende a preocupação da Turquia em proteger suas fronteiras e lutar contra o Estado Islâmico, mas criticou ações de Ancara contra rebeldes curdos aliados da coalizão liderada pelos EUA que enfrentam os extremistas. A França é parte dessa coalizão. 
Hollande pediu que a Rússia coopere com a coalizão liderada pelos EUA e disse que convidará o presidente russo, Vladimir Putin, a visitar a França em outubro. Segundo ele, a Rússia deve ser “um ator nas negociações, não um protagonista na ação”. Para Hollande, o regime de Bashar al-Assad usa o apoio militar russo para atacar civis. 
O político disse que é preciso interromper com urgência os confrontos para a retomada das negociações. Ele pediu um “cessar-fogo imediato” na cidade de Alepo, após cinco anos de guerra civil na Síria. 
A Turquia aumentou bastante seu envolvimento na guerra civil síria na semana passada. A campanha militar do país tem como objetivo ajudar os rebeldes sírios contra o Estado Islâmico, mas é também contra as forças curdas – estas são apoiadas pela coalizão liderada pelos EUA. Fonte: Associated Press.
</topic_text>
<spam_score>0.00</spam_score>
<post_num>1</post_num>
<post_id>post-1</post_id>
<post_url>http://www.reporterdiario.com.br/noticia/2228632/franca-critica-intervencao-militar-da-turquia-na-siria/</post_url>
<post_date>20160830</post_date>
<post_time>1507</post_time>
<username>Da Redação</username>
<post>
Da Redação há 50 minutos Internacional 
O presidente francês, François Hollande, criticou nesta terça-feira a intervenção militar “contraditória” da Turquia na Síria e advertiu que a Rússia não deve se tornar “protagonista” nessa guerra. Em discurso, Hollande disse que “intervenções múltiplas, contraditórias geram o risco de uma inflamação geral” nos confrontos que já devastaram o território sírio. 
O líder francês disse que entende a preocupação da Turquia em proteger suas fronteiras e lutar contra o Estado Islâmico, mas criticou ações de Ancara contra rebeldes curdos aliados da coalizão liderada pelos EUA que enfrentam os extremistas. A França é parte dessa coalizão. 
Hollande pediu que a Rússia coopere com a coalizão liderada pelos EUA e disse que convidará o presidente russo, Vladimir Putin, a visitar a França em outubro. Segundo ele, a Rússia deve ser “um ator nas negociações, não um protagonista na ação”. Para Hollande, o regime de Bashar al-Assad usa o apoio militar russo para atacar civis. 
O político disse que é preciso interromper com urgência os confrontos para a retomada das negociações. Ele pediu um “cessar-fogo imediato” na cidade de Alepo, após cinco anos de guerra civil na Síria. 
A Turquia aumentou bastante seu envolvimento na guerra civil síria na semana passada. A campanha militar do país tem como objetivo ajudar os rebeldes sírios contra o Estado Islâmico, mas é também contra as forças curdas – estas são apoiadas pela coalizão liderada pelos EUA. Fonte: Associated Press.
</post>
<signature>

</signature>
<external_links>

</external_links>
<country>BR</country>
<main_image>http://www.reporterdiario.com.br/wp-content/uploads/2015/12/logoRD.png</main_image>
</document>
