<?xml version="1.0" encoding="UTF-8"?>
<document>
<type>mainstream</type>
<forum>http://www.perugiatoday.it/rss</forum>
<forum_title>PerugiaToday</forum_title>
<discussion_title>Accordo Regione e Comune contro le infiltrazioni mafiose: i sindaci chiedono più poteri e uomini</discussion_title>
<language>italian</language>
<gmt_offset></gmt_offset>
<topic_url>http://www.perugiatoday.it/politica/accordo-regione-comune-anti-infiltrazioni-mafiose-richieste-sindaci.html</topic_url>
<topic_text>
Accordo Regione e Comune contro le infiltrazioni mafiose: i sindaci chiedono più poteri e uomini 
La strategia per individuare i traffici illeciti, gli appalti sospetti e le acquisizioni di aziende del territorio da gruppi sconosciuti e con sede fuori regione - tutti campanelli che possono indicare gli investimenti della mafie sul territori - passerà a breve da un nuovo rapporto tra la Commissione regionale sulle infiltrazioni mafiose e l&apos;Anci, l&apos;associazione dei comuni. Obiettivo: sindaci e amministrazioni sentinelle contro le associazioni criminali e allo stesso tempo promotrici dal basso delle campagne per la legalità e la tutela del benessere dell&apos;Umbria. 
La strategia porta la firma del presidente della Commissione Giacomo Leonelli che oggi ha incontrati i sindaci umbri: &quot;Con le Amministrazioni comunali – ha detto il presidente Leonelli - vanno concertate le azioni da mettere in campo. Insieme dobbiamo puntare al rafforzamento dell&apos;identità dell&apos;Umbria quale terra di legalità e contrasto ad ogni tipo di infiltrazioni malavitose e mafiose”. Queste le richieste di intervento che sono emerse dagli interventi del presidente di Anci Umbria, De Rebotti, e di alcuni Sindaci e amministratori locali invitati in audizione presso la Commissione d&apos;inchiesta su criminalità e infiltrazioni mafiose. 
“Puntare sulla prevenzione, prevedendo risorse utili per la formazione del personale che opera nelle istituzioni. Necessario un più diffuso ed ampio confronto a livello territoriale. Oltre a monitorare il fenomeno delle infiltrazioni malavitose e mafiose, fare anche attenzione all&apos;alcolismo giovanile, alle ludopatie e alla microcriminalità. Le Forze dell&apos;ordine, per il presidio del territorio, avrebbero bisogno di ulteriore personale e mezzi. Massimo coinvolgimento del prezioso mondo dell&apos;associazionismo. Guardare con estrema attenzione ai reati ambientali”. Argomenti:
</topic_text>
<spam_score>0.00</spam_score>
<post_num>1</post_num>
<post_id>post-1</post_id>
<post_url>http://www.perugiatoday.it/politica/accordo-regione-comune-anti-infiltrazioni-mafiose-richieste-sindaci.html</post_url>
<post_date>20160830</post_date>
<post_time>1451</post_time>
<username></username>
<post>
Accordo Regione e Comune contro le infiltrazioni mafiose: i sindaci chiedono più poteri e uomini 
La strategia per individuare i traffici illeciti, gli appalti sospetti e le acquisizioni di aziende del territorio da gruppi sconosciuti e con sede fuori regione - tutti campanelli che possono indicare gli investimenti della mafie sul territori - passerà a breve da un nuovo rapporto tra la Commissione regionale sulle infiltrazioni mafiose e l&apos;Anci, l&apos;associazione dei comuni. Obiettivo: sindaci e amministrazioni sentinelle contro le associazioni criminali e allo stesso tempo promotrici dal basso delle campagne per la legalità e la tutela del benessere dell&apos;Umbria. 
La strategia porta la firma del presidente della Commissione Giacomo Leonelli che oggi ha incontrati i sindaci umbri: &quot;Con le Amministrazioni comunali – ha detto il presidente Leonelli - vanno concertate le azioni da mettere in campo. Insieme dobbiamo puntare al rafforzamento dell&apos;identità dell&apos;Umbria quale terra di legalità e contrasto ad ogni tipo di infiltrazioni malavitose e mafiose”. Queste le richieste di intervento che sono emerse dagli interventi del presidente di Anci Umbria, De Rebotti, e di alcuni Sindaci e amministratori locali invitati in audizione presso la Commissione d&apos;inchiesta su criminalità e infiltrazioni mafiose. 
“Puntare sulla prevenzione, prevedendo risorse utili per la formazione del personale che opera nelle istituzioni. Necessario un più diffuso ed ampio confronto a livello territoriale. Oltre a monitorare il fenomeno delle infiltrazioni malavitose e mafiose, fare anche attenzione all&apos;alcolismo giovanile, alle ludopatie e alla microcriminalità. Le Forze dell&apos;ordine, per il presidio del territorio, avrebbero bisogno di ulteriore personale e mezzi. Massimo coinvolgimento del prezioso mondo dell&apos;associazionismo. Guardare con estrema attenzione ai reati ambientali”. Argomenti:
</post>
<signature>

</signature>
<external_links>

</external_links>
<country>IT</country>
<main_image>http://www.perugiatoday.it/~media/horizontal-hi/27385816319711/img_no-mafia-2.jpg</main_image>
</document>
