<?xml version="1.0" encoding="UTF-8"?>
<document>
<type>mainstream</type>
<forum>http://feeds.feedburner.com/shipandbunker</forum>
<forum_title>Ship &amp; Bunker</forum_title>
<discussion_title>Pre Freeze Talk Weeks Will See Turbulent Oil Market And 10 Percent Swings: Analyst</discussion_title>
<language>english</language>
<gmt_offset></gmt_offset>
<topic_url>http://shipandbunker.com/news/world/200306-pre-freeze-talk-weeks-will-see-turbulent-oil-market-and-10-percent-swings-analyst</topic_url>
<topic_text>
Pre Freeze Talk Weeks Will See Turbulent Oil Market And 10 Percent Swings: Analyst Tuesday August 30, 2016   
The roller coaster oil market plunged downward again on Monday, dropping nearly 2 percent after two consecutive days of gains, with Brent settling at $49.26 (down 0.66 cents ) and West Texas Intermediary settling at $46.98 , down 64 cents . 
While a much stronger U.S. dollar was cited as the cause for the losses, Bob Iaccino , co-founder of Path Trading Partners , told Bloomberg television that so many countries either ramping up production or trying to make up for lost output will be one reason for a bumpy market going into the Organization of the Petroleum Exporting Countries &apos; freeze talks in late September. 
He said, &quot;It&apos;s going to be a bumpy ride these next four weeks while we wait for that meeting, and I don&apos;t think anything&apos;s going to happen at that meeting.&quot; “ 
It&apos;s going to be a bumpy ride these next four weeks while we wait for that meeting Bob Iaccino, co-founder, Path Trading Partners 
Iaccino went on to point out that with the national average of gasoline at $2.20 and impending falling demand, &quot;We&apos;re looking at $45 on the downside as being the support that I honestly think won&apos;t hold.&quot; 
Alluding to a trading range that occurred in June of 10 percent , he added, &quot;I think that&apos;s what&apos;s going to happen here&quot;: trading back and forth between $45 and $50 &quot;with no real direction.&quot; 
Ryan Lance , chief executive officer for ConocoPhillips , also thinks the market is in for a rough ride - but for longer than four weeks: &quot;The volatility is here to stay,&quot; he said, adding that market rebalancing &quot;will extend into 2017; the inventory levels are still quite high.&quot; 
To which Scott Sheffield , CEO of Pioneer Natural Resources Co ., remarked, &quot;The question is, how long do we stay in a $45 to $50 oil-price scenario?&quot; 
&quot;I think 2017 could be another tough year; I&apos;m a firm believer that in 2018 it could turn around.&quot; 
But for every realist there&apos;s an eternal optimist, and Lukas Lundin, director of Lundin Petroleum , is confident that crude could return to $100 because the two-year market downturn has curbed investment. 
Speaking with The Financial Post, he confessed that this magnitude of rebound won&apos;t be good for industry and that &quot;I think between $50 and $80 is probably better for our business: it keeps it more stable and all the good projects would work.&quot; 
As far out as Lundin&apos;s crystal ball gazing may seem, it&apos;s hardly without precedent: in June, Robert Johnston , CEO of the Eurasia Group , argued that given the continued rise in global energy demand $100-plus oil is possible; 
Ship &amp; Bunker News Team
</topic_text>
<spam_score>0.00</spam_score>
<post_num>1</post_num>
<post_id>post-1</post_id>
<post_url>http://shipandbunker.com/news/world/200306-pre-freeze-talk-weeks-will-see-turbulent-oil-market-and-10-percent-swings-analyst</post_url>
<post_date>20160830</post_date>
<post_time>0327</post_time>
<username></username>
<post>
Pre Freeze Talk Weeks Will See Turbulent Oil Market And 10 Percent Swings: Analyst Tuesday August 30, 2016   
The roller coaster oil market plunged downward again on Monday, dropping nearly 2 percent after two consecutive days of gains, with Brent settling at $49.26 (down 0.66 cents ) and West Texas Intermediary settling at $46.98 , down 64 cents . 
While a much stronger U.S. dollar was cited as the cause for the losses, Bob Iaccino , co-founder of Path Trading Partners , told Bloomberg television that so many countries either ramping up production or trying to make up for lost output will be one reason for a bumpy market going into the Organization of the Petroleum Exporting Countries &apos; freeze talks in late September. 
He said, &quot;It&apos;s going to be a bumpy ride these next four weeks while we wait for that meeting, and I don&apos;t think anything&apos;s going to happen at that meeting.&quot; “ 
It&apos;s going to be a bumpy ride these next four weeks while we wait for that meeting Bob Iaccino, co-founder, Path Trading Partners 
Iaccino went on to point out that with the national average of gasoline at $2.20 and impending falling demand, &quot;We&apos;re looking at $45 on the downside as being the support that I honestly think won&apos;t hold.&quot; 
Alluding to a trading range that occurred in June of 10 percent , he added, &quot;I think that&apos;s what&apos;s going to happen here&quot;: trading back and forth between $45 and $50 &quot;with no real direction.&quot; 
Ryan Lance , chief executive officer for ConocoPhillips , also thinks the market is in for a rough ride - but for longer than four weeks: &quot;The volatility is here to stay,&quot; he said, adding that market rebalancing &quot;will extend into 2017; the inventory levels are still quite high.&quot; 
To which Scott Sheffield , CEO of Pioneer Natural Resources Co ., remarked, &quot;The question is, how long do we stay in a $45 to $50 oil-price scenario?&quot; 
&quot;I think 2017 could be another tough year; I&apos;m a firm believer that in 2018 it could turn around.&quot; 
But for every realist there&apos;s an eternal optimist, and Lukas Lundin, director of Lundin Petroleum , is confident that crude could return to $100 because the two-year market downturn has curbed investment. 
Speaking with The Financial Post, he confessed that this magnitude of rebound won&apos;t be good for industry and that &quot;I think between $50 and $80 is probably better for our business: it keeps it more stable and all the good projects would work.&quot; 
As far out as Lundin&apos;s crystal ball gazing may seem, it&apos;s hardly without precedent: in June, Robert Johnston , CEO of the Eurasia Group , argued that given the continued rise in global energy demand $100-plus oil is possible; 
Ship &amp; Bunker News Team
</post>
<signature>

</signature>
<external_links>

</external_links>
<country>US</country>
<main_image>http://s.shipandbunker.com/806F6B/sab/a/img/_mt_c85ea9c7f0d37e76c3e03a62ed73a533.jpg</main_image>
</document>
