<?xml version="1.0" encoding="UTF-8"?>
<document>
<type>mainstream</type>
<forum>http://www.elmogaz.com/rss.xml</forum>
<forum_title>Front page feed</forum_title>
<discussion_title>رونى يعلن عن موعد اعتزاله الدولى</discussion_title>
<language>arabic</language>
<gmt_offset></gmt_offset>
<topic_url>http://www.elmogaz.com/node/318366</topic_url>
<topic_text>
رونى يعلن عن موعد اعتزاله الدولى   4:59 مساء، كتب فادى عبد الشافى 
أعلن واين روني لاعب منتخب انجلترا عن الموعد الذى سيعتزل فيه اللعب الدولي . 
وأكد اللاعب أن كأس العالم 2018 في روسيا سيكون آخر ظهور له دوليا. موضوعات ذات صله
</topic_text>
<spam_score>0.00</spam_score>
<post_num>1</post_num>
<post_id>post-1</post_id>
<post_url>http://www.elmogaz.com/node/318366</post_url>
<post_date>20160830</post_date>
<post_time>1359</post_time>
<username></username>
<post>
رونى يعلن عن موعد اعتزاله الدولى   4:59 مساء، كتب فادى عبد الشافى 
أعلن واين روني لاعب منتخب انجلترا عن الموعد الذى سيعتزل فيه اللعب الدولي . 
وأكد اللاعب أن كأس العالم 2018 في روسيا سيكون آخر ظهور له دوليا. موضوعات ذات صله
</post>
<signature>

</signature>
<external_links>

</external_links>
<country>US</country>
<main_image></main_image>
</document>
