<?xml version="1.0" encoding="UTF-8"?>
<document>
<type>mainstream</type>
<forum>http://feeds.feedburner.com/ewallstreeter/OWxp</forum>
<forum_title>eWallstreeter</forum_title>
<discussion_title>How Four 20-Somethings With Student Loan Debt Spend Their Money</discussion_title>
<language>english</language>
<gmt_offset></gmt_offset>
<topic_url>http://ewallstreeter.com/how-four-somethings-with-student-loan-debt-spend-their-money-5668/</topic_url>
<topic_text>
How Four 20-Somethings With Student Loan Debt Spend Their Money From Forbes - Personal Finance A look at the day-to-day tricks and trade-offs that come with paying down student loans.  
</topic_text>
<spam_score>0.00</spam_score>
<post_num>1</post_num>
<post_id>post-1</post_id>
<post_url>http://ewallstreeter.com/how-four-somethings-with-student-loan-debt-spend-their-money-5668/</post_url>
<post_date>20160830</post_date>
<post_time>1200</post_time>
<username></username>
<post>
How Four 20-Somethings With Student Loan Debt Spend Their Money From Forbes - Personal Finance A look at the day-to-day tricks and trade-offs that come with paying down student loans.  
</post>
<signature>

</signature>
<external_links>

</external_links>
<country>US</country>
<main_image></main_image>
</document>
