<?xml version="1.0" encoding="UTF-8"?>
<document>
<type>mainstream</type>
<forum>http://www.martindale.com/rss/services/ArticlesRSS.ashx?tp=all</forum>
<forum_title>All Articles on Martindale.com</forum_title>
<discussion_title>Pipelines the Key to Growth for Natural Gas</discussion_title>
<language>english</language>
<gmt_offset></gmt_offset>
<topic_url>http://www.martindale.com/natural-resources-law/article_McDonald-Hopkins-LLC_2233822.htm</topic_url>
<topic_text>
Pipelines the Key to Growth for Natural Gas by: McDonald Hopkins LLC - Cleveland Office August 30, 2016 Previously published on July 13, 2016 While natural gas production experienced somewhat of a “slump” over the past few years, new federal data from the United States Energy Information Administration indicates that growth is on the horizon as natural gas producers expand capacity by laying new pipeline infrastructure to transport natural gas from the Utica and Marcellus shale plays in the Appalachian basin to the Atlantic Coast. Producers have begun to focus on the production of “wet gas,” which contains a higher percentage of natural gas liquids (NGLs) and less methane than “dry gas.” The ethane, butane and propane found in wet gas is potentially more valuable to industry than dry gas if it can be separated from the methane and transported to the users in a cost effective manner. New pipeline infrastructure in the Appalachian basin is required to get the NGLs to facilities that separate the NGLs from the methane and then to the industries that use them. Producers are interested in developing cost-effective and safe ways in which to transport NGLs out of the Appalachian basin to areas of the country where it is most in-demand. Various solutions are under evaluation. The views expressed in this document are solely the views of the author and not Martindale-Hubbell. This document is intended for informational purposes only and is not legal advice or a substitute for consultation with a licensed legal professional in a particular case or circumstance. View More Library Documents By...
</topic_text>
<spam_score>0.00</spam_score>
<post_num>1</post_num>
<post_id>post-1</post_id>
<post_url>http://www.martindale.com/natural-resources-law/article_McDonald-Hopkins-LLC_2233822.htm</post_url>
<post_date>20160830</post_date>
<post_time>0000</post_time>
<username></username>
<post>
Pipelines the Key to Growth for Natural Gas by: McDonald Hopkins LLC - Cleveland Office August 30, 2016 Previously published on July 13, 2016 While natural gas production experienced somewhat of a “slump” over the past few years, new federal data from the United States Energy Information Administration indicates that growth is on the horizon as natural gas producers expand capacity by laying new pipeline infrastructure to transport natural gas from the Utica and Marcellus shale plays in the Appalachian basin to the Atlantic Coast. Producers have begun to focus on the production of “wet gas,” which contains a higher percentage of natural gas liquids (NGLs) and less methane than “dry gas.” The ethane, butane and propane found in wet gas is potentially more valuable to industry than dry gas if it can be separated from the methane and transported to the users in a cost effective manner. New pipeline infrastructure in the Appalachian basin is required to get the NGLs to facilities that separate the NGLs from the methane and then to the industries that use them. Producers are interested in developing cost-effective and safe ways in which to transport NGLs out of the Appalachian basin to areas of the country where it is most in-demand. Various solutions are under evaluation. The views expressed in this document are solely the views of the author and not Martindale-Hubbell. This document is intended for informational purposes only and is not legal advice or a substitute for consultation with a licensed legal professional in a particular case or circumstance. View More Library Documents By...
</post>
<signature>

</signature>
<external_links>

</external_links>
<country>US</country>
<main_image></main_image>
</document>
