<?xml version="1.0" encoding="UTF-8"?>
<document>
<type>mainstream</type>
<forum>http://prikol.ruphotos.xxlive.ru/atom.aspx</forum>
<forum_title>Приколы</forum_title>
<discussion_title>Россия стала крупнейшим экспортёром пшеницы в мире</discussion_title>
<language>russian</language>
<gmt_offset></gmt_offset>
<topic_url>http://prikol.ruphotos.xxlive.ru/archive/2016/08/30/2454568.aspx</topic_url>
<topic_text>
  Россия стала крупнейшим экспортёром пшеницы в мире 
&lt;&gt; http://kvedomosti.ru/news/rossiya-rastolkala-konkurentov-iz-es-i-ssha-na-pshenichnom-rynke.html 
И посчитали нас не наш госстат, а американцы: по прогнозам Министерства сельского хозяйства США, (USDA), &lt;&gt; Россия продаст за границу в сезоне 2016–17 гг. примерно 30 млн тонн пшеницы . Это позволит ей легко обойти весь Евросоюз, экспорт которого составит 27 млн тонн, и стать главным экспортером пшеницы в мире.Спросите, почему пост на политическом подсайте? Сейчас будет вам политика :–)Итак: &lt;&gt; Китай отказывается от урожая зерна , купленного было им на Украине, поскольку на изрядной части полей, с которых планировался экспорт, найдены вредители, ввоз зерна с которыми запрещён карантинной политикой Китая.
</topic_text>
<spam_score>0.00</spam_score>
<post_num>1</post_num>
<post_id>post-1</post_id>
<post_url>http://prikol.ruphotos.xxlive.ru/archive/2016/08/30/2454568.aspx</post_url>
<post_date>20160830</post_date>
<post_time>1508</post_time>
<username>Anonymous</username>
<post>
  Россия стала крупнейшим экспортёром пшеницы в мире 
&lt;&gt; http://kvedomosti.ru/news/rossiya-rastolkala-konkurentov-iz-es-i-ssha-na-pshenichnom-rynke.html 
И посчитали нас не наш госстат, а американцы: по прогнозам Министерства сельского хозяйства США, (USDA), &lt;&gt; Россия продаст за границу в сезоне 2016–17 гг. примерно 30 млн тонн пшеницы . Это позволит ей легко обойти весь Евросоюз, экспорт которого составит 27 млн тонн, и стать главным экспортером пшеницы в мире.Спросите, почему пост на политическом подсайте? Сейчас будет вам политика :–)Итак: &lt;&gt; Китай отказывается от урожая зерна , купленного было им на Украине, поскольку на изрядной части полей, с которых планировался экспорт, найдены вредители, ввоз зерна с которыми запрещён карантинной политикой Китая.
</post>
<signature>

</signature>
<external_links>

</external_links>
<country>RU</country>
<main_image></main_image>
</document>
