<?xml version="1.0" encoding="UTF-8"?>
<document>
<type>mainstream</type>
<forum>https://www.inese.es/rss.xml</forum>
<forum_title>Inese.es la página de información del sector seguros</forum_title>
<discussion_title>Hoy finaliza la octava edición de Allianz Junior Football Camp</discussion_title>
<language>spanish</language>
<gmt_offset></gmt_offset>
<topic_url>https://www.inese.es/noticias/hoy-finaliza-la-octava-edicion-de-allianz-junior-football-camp</topic_url>
<topic_text>
Inicio » Noticias » Internacional » Hoy finaliza la octava edición de Allianz Junior Football Camp Hoy finaliza la octava edición de Allianz Junior Football Camp BDS 
La octava edición del Allianz Junior Football Camp, que ha tenido lugar desde el 25 al 30 de agosto en los campos de entrenamiento del FC Bayern Munich, ha reunido a un total de 73 entusiastas del fútbol de entre 14 y 16 años de 30 países diferentes, que han podido disfrutar de una experiencia inolvidable. Los nuevos países representados en esta edición son Argentina, Bélgica y Arabia Saudí. Debido a las numerosas solicitudes cualificadas recibidas de Asia, en esta ocasión se ha desarrollado un campo de preselección regional en Indonesia en julio. 
  
&quot;Durante los últimos ocho años, el Allianz Junior Football Camp ha recibido más de 450.000 solicitantes . Hemos dado la bienvenida a más de 500 participantes procedentes de 35 países en total. El campamento se ha convertido en el mayor éxito del programa de jóvenes talentos de todo el mundo&quot;, ha declarado Oliver Kraus , Global Sponsoring Manager de ALLIANZ SE. 
Durante seis días, los 73 niños y niñas afortunados han sido formados por los entrenadores de los jóvenes del FC Bayern , quienes no sólo han ayudado a mejorar sus habilidades técnicas, sino también su fuerza mental y su espíritu de equipo. Además del entrenamiento de fútbol intenso y torneos, a los participantes del Allianz Junior Football Camp se les ofrece un programa de entretenimiento, que incluye un recorrido detrás de las escenas del Allianz Arena y una visita a la apertura de partido de la Bundesliga FC Bayern Munich vs Werder Bremen. Asimismo, uno de los aspectos más destacados para los entusiastas del fútbol es conocer a sus héroes FC Bayern Múnich, como Xabi Alonso, Franck Ribéry, Arjen Robben y Renato Sanches, que buscan inspirar a las 14 niñas y 59 niños a confiar en ellos y perseguir sus objetivos con valor y perseverancia. 
Al igual que en las ediciones anteriores, los niños y niñas, entre ellas dos adolescentes de una Aldea Infantil SOS , se entrenan juntos. ALLIANZ es socio global de Aldeas Infantiles SOS desde principios de año.
</topic_text>
<spam_score>0.00</spam_score>
<post_num>1</post_num>
<post_id>post-1</post_id>
<post_url>https://www.inese.es/noticias/hoy-finaliza-la-octava-edicion-de-allianz-junior-football-camp</post_url>
<post_date>20160830</post_date>
<post_time>1022</post_time>
<username>marketing1_20365</username>
<post>
Inicio » Noticias » Internacional » Hoy finaliza la octava edición de Allianz Junior Football Camp Hoy finaliza la octava edición de Allianz Junior Football Camp BDS 
La octava edición del Allianz Junior Football Camp, que ha tenido lugar desde el 25 al 30 de agosto en los campos de entrenamiento del FC Bayern Munich, ha reunido a un total de 73 entusiastas del fútbol de entre 14 y 16 años de 30 países diferentes, que han podido disfrutar de una experiencia inolvidable. Los nuevos países representados en esta edición son Argentina, Bélgica y Arabia Saudí. Debido a las numerosas solicitudes cualificadas recibidas de Asia, en esta ocasión se ha desarrollado un campo de preselección regional en Indonesia en julio. 
  
&quot;Durante los últimos ocho años, el Allianz Junior Football Camp ha recibido más de 450.000 solicitantes . Hemos dado la bienvenida a más de 500 participantes procedentes de 35 países en total. El campamento se ha convertido en el mayor éxito del programa de jóvenes talentos de todo el mundo&quot;, ha declarado Oliver Kraus , Global Sponsoring Manager de ALLIANZ SE. 
Durante seis días, los 73 niños y niñas afortunados han sido formados por los entrenadores de los jóvenes del FC Bayern , quienes no sólo han ayudado a mejorar sus habilidades técnicas, sino también su fuerza mental y su espíritu de equipo. Además del entrenamiento de fútbol intenso y torneos, a los participantes del Allianz Junior Football Camp se les ofrece un programa de entretenimiento, que incluye un recorrido detrás de las escenas del Allianz Arena y una visita a la apertura de partido de la Bundesliga FC Bayern Munich vs Werder Bremen. Asimismo, uno de los aspectos más destacados para los entusiastas del fútbol es conocer a sus héroes FC Bayern Múnich, como Xabi Alonso, Franck Ribéry, Arjen Robben y Renato Sanches, que buscan inspirar a las 14 niñas y 59 niños a confiar en ellos y perseguir sus objetivos con valor y perseverancia. 
Al igual que en las ediciones anteriores, los niños y niñas, entre ellas dos adolescentes de una Aldea Infantil SOS , se entrenan juntos. ALLIANZ es socio global de Aldeas Infantiles SOS desde principios de año.
</post>
<signature>

</signature>
<external_links>

</external_links>
<country>ES</country>
<main_image></main_image>
</document>
