<?xml version="1.0" encoding="UTF-8"?>
<document>
<type>mainstream</type>
<forum></forum>
<forum_title></forum_title>
<discussion_title>ティラミスヒーローが新作「チョコバナナヒーロー」を引っさげて、柏高島屋と銀座松屋に期間限定オープン！ － えん食べ</discussion_title>
<language>japanese</language>
<gmt_offset></gmt_offset>
<topic_url>http://entabe.jp/news/gourmet/13239/tiramisu-hero-chocolate-banana-hero</topic_url>
<topic_text>
シンガポールのティラミス専門店「ティラミスヒーロー」が、柏高島屋と松屋銀座に期間限定で出店。人気のフレーバーに加え、新商品の「チョコバナナヒーロー」が販売される。 柏高島屋の出店期間は8月31日～9月6日。一方、松屋銀座の出店期間は9月7日～9月13日。 販売商品には、リキュールを使った人気の「ママヒーロー」をはじめ、「チョコヒーロー」や「レモンヒーロー」「抹茶ヒーロー」（各735円、税込）などがラインナップされる。 また、新商品のチョコバナナヒーローは、相性の良いチョコとバナナがたっぷり入ったバナナのティラミス。濃厚なティラミスのホワイトクリームとバナナ果肉の味わいがそれぞれしっかり楽しめるよう、クリームとバナナを別々に重ね、大きめのビターチョコチップをたっぷり加えて仕上げられているそうだ。価格は735円（税込）。 チョコとバナナは相性抜群！ 
</topic_text>
<spam_score>0.00</spam_score>
<post_num>1</post_num>
<post_id>post-1</post_id>
<post_url>http://entabe.jp/news/gourmet/13239/tiramisu-hero-chocolate-banana-hero</post_url>
<post_date>20160831</post_date>
<post_time></post_time>
<username></username>
<post>
シンガポールのティラミス専門店「ティラミスヒーロー」が、柏高島屋と松屋銀座に期間限定で出店。人気のフレーバーに加え、新商品の「チョコバナナヒーロー」が販売される。 柏高島屋の出店期間は8月31日～9月6日。一方、松屋銀座の出店期間は9月7日～9月13日。 販売商品には、リキュールを使った人気の「ママヒーロー」をはじめ、「チョコヒーロー」や「レモンヒーロー」「抹茶ヒーロー」（各735円、税込）などがラインナップされる。 また、新商品のチョコバナナヒーローは、相性の良いチョコとバナナがたっぷり入ったバナナのティラミス。濃厚なティラミスのホワイトクリームとバナナ果肉の味わいがそれぞれしっかり楽しめるよう、クリームとバナナを別々に重ね、大きめのビターチョコチップをたっぷり加えて仕上げられているそうだ。価格は735円（税込）。 チョコとバナナは相性抜群！ 
</post>
<signature>

</signature>
<external_links>

</external_links>
<country>JP</country>
<main_image>http://image.entabe.jp/imgs/13239/tiramisu-hero-chocolate-banana-hero.jpg</main_image>
</document>
