<?xml version="1.0" encoding="UTF-8"?>
<document>
<type>mainstream</type>
<forum></forum>
<forum_title></forum_title>
<discussion_title>Cuba dice que vuelos desde EEUU solo alcanzarán real potencial sin el bloqueo | Radio HRN</discussion_title>
<language>spanish</language>
<gmt_offset></gmt_offset>
<topic_url>http://www.radiohrn.hn/l/noticias/cuba-dice-que-vuelos-desde-eeuu-solo-alcanzar%C3%A1n-real-potencial-sin-el-bloqueo</topic_url>
<topic_text>
Internacionales 
Mañana se restablecerá la comunicación aérea regular entre ambas naciones con la llegada a la isla del primer vuelo comercial desde EE.UU en más de 50 años. 
Cuba considera que el restablecimiento de los vuelos regulares desde Estados Unidos solo alcanzará su &quot;real potencial&quot; cuando el Gobierno estadounidense levante las restricciones del embargo que aún mantiene sobre la isla, afirmó hoy la directora para EE.UU. de la Cancillería cubana, Josefina Vidal. 
&quot;Vuelos regulares (desde) EE.UU. alcanzarán real potencial solo cuando termine prohibición de viajes (a) Cuba aún vigente (por el) bloqueo&quot;, publicó este martes en su cuenta oficial de Twitter la funcionaria, la cara más visible del país caribeño en las negociaciones tras el &quot;deshielo&quot; en las relaciones bilaterales. 
Mañana se restablecerá la comunicación aérea regular entre ambas naciones con la llegada a la isla del primer vuelo comercial desde EE.UU en más de 50 años. 
La aerolínea estadounidense JetBlue será la que rompa la veda, en vigor desde 1963, con el vuelo Fort Lauderlade (Florida)-Santa Clara (centro de la isla), que será recibido en suelo cubano por el secretario de Transporte de EE.UU., Anthony Foxx. 
Tras JetBlue, las próximas en aterrizar en Cuba serán las aerolíneas Silver, que también conectará a partir del 1 de septiembre Santa Clara con Fort Lauderdale, y American Airlines, que viajará desde el 7 de septiembre a Camagüey y Holguín, en el oriente de la isla, y desde el 11 de septiembre a Varadero. 
El restablecimiento de los vuelos regulares ha sido uno de los acuerdos más importantes alcanzados en la nueva etapa de normalización de relaciones, tras la reanudación oficial de vínculos bilaterales en julio de 2015. 
A pesar de los avances, los viajes a Cuba por motivos turísticos permanecen prohibidos para los ciudadanos estadounidenses, aunque varias de las medidas que el presidente de EE.UU., Barack Obama, emitió para relajar el embargo han aumentado exponencialmente las posibilidades de viajar a la isla. Log in to post comments Siguenos en FaceBook 
</topic_text>
<spam_score>0.05</spam_score>
<post_num>1</post_num>
<post_id>post-1</post_id>
<post_url>http://www.radiohrn.hn/l/noticias/cuba-dice-que-vuelos-desde-eeuu-solo-alcanzar%C3%A1n-real-potencial-sin-el-bloqueo</post_url>
<post_date>20160830</post_date>
<post_time></post_time>
<username></username>
<post>
Internacionales 
Mañana se restablecerá la comunicación aérea regular entre ambas naciones con la llegada a la isla del primer vuelo comercial desde EE.UU en más de 50 años. 
Cuba considera que el restablecimiento de los vuelos regulares desde Estados Unidos solo alcanzará su &quot;real potencial&quot; cuando el Gobierno estadounidense levante las restricciones del embargo que aún mantiene sobre la isla, afirmó hoy la directora para EE.UU. de la Cancillería cubana, Josefina Vidal. 
&quot;Vuelos regulares (desde) EE.UU. alcanzarán real potencial solo cuando termine prohibición de viajes (a) Cuba aún vigente (por el) bloqueo&quot;, publicó este martes en su cuenta oficial de Twitter la funcionaria, la cara más visible del país caribeño en las negociaciones tras el &quot;deshielo&quot; en las relaciones bilaterales. 
Mañana se restablecerá la comunicación aérea regular entre ambas naciones con la llegada a la isla del primer vuelo comercial desde EE.UU en más de 50 años. 
La aerolínea estadounidense JetBlue será la que rompa la veda, en vigor desde 1963, con el vuelo Fort Lauderlade (Florida)-Santa Clara (centro de la isla), que será recibido en suelo cubano por el secretario de Transporte de EE.UU., Anthony Foxx. 
Tras JetBlue, las próximas en aterrizar en Cuba serán las aerolíneas Silver, que también conectará a partir del 1 de septiembre Santa Clara con Fort Lauderdale, y American Airlines, que viajará desde el 7 de septiembre a Camagüey y Holguín, en el oriente de la isla, y desde el 11 de septiembre a Varadero. 
El restablecimiento de los vuelos regulares ha sido uno de los acuerdos más importantes alcanzados en la nueva etapa de normalización de relaciones, tras la reanudación oficial de vínculos bilaterales en julio de 2015. 
A pesar de los avances, los viajes a Cuba por motivos turísticos permanecen prohibidos para los ciudadanos estadounidenses, aunque varias de las medidas que el presidente de EE.UU., Barack Obama, emitió para relajar el embargo han aumentado exponencialmente las posibilidades de viajar a la isla. Log in to post comments Siguenos en FaceBook 
</post>
<signature>

</signature>
<external_links>

</external_links>
<country>US</country>
<main_image></main_image>
</document>
