<?xml version="1.0" encoding="UTF-8"?>
<document>
<type>mainstream</type>
<forum>http://www.sint-niklaas.be/feed/nieuws</forum>
<forum_title>Nieuws</forum_title>
<discussion_title>Standenmarkt voor senioren</discussion_title>
<language>dutch</language>
<gmt_offset></gmt_offset>
<topic_url>http://www.sint-niklaas.be/nieuws/standenmarkt-voor-senioren</topic_url>
<topic_text>
Start &gt; Nieuws &gt; Standenmarkt voor senioren Standenmarkt voor senioren Pers Kom langs op dinsdag 8 november op de standenmarkt voor senioren in het Waasland Shopping Center in Sint-Niklaas! 
Snuister eens in het aanbod van de talrijke seniorenverenigingen in Sint-Niklaas. Laat je ook goed informeren op de standen van het stadsbestuur en het OCMW. Daarnaast gaan er verschillende demonstraties door van o.a. linedance, tai chi en het sportpromotieteam. 
Kom naar de stand van de seniorenwerking en maak kans op een waardebon van het Waasland Shopping Center van 50 EUR. 
Je bent welkom van 10.00 uur tot 18.00 uur. 
Waar:
</topic_text>
<spam_score>0.00</spam_score>
<post_num>1</post_num>
<post_id>post-1</post_id>
<post_url>http://www.sint-niklaas.be/nieuws/standenmarkt-voor-senioren</post_url>
<post_date>20160830</post_date>
<post_time>1057</post_time>
<username></username>
<post>
Start &gt; Nieuws &gt; Standenmarkt voor senioren Standenmarkt voor senioren Pers Kom langs op dinsdag 8 november op de standenmarkt voor senioren in het Waasland Shopping Center in Sint-Niklaas! 
Snuister eens in het aanbod van de talrijke seniorenverenigingen in Sint-Niklaas. Laat je ook goed informeren op de standen van het stadsbestuur en het OCMW. Daarnaast gaan er verschillende demonstraties door van o.a. linedance, tai chi en het sportpromotieteam. 
Kom naar de stand van de seniorenwerking en maak kans op een waardebon van het Waasland Shopping Center van 50 EUR. 
Je bent welkom van 10.00 uur tot 18.00 uur. 
Waar:
</post>
<signature>

</signature>
<external_links>

</external_links>
<country>BE</country>
<main_image></main_image>
</document>
