<?xml version="1.0" encoding="UTF-8"?>
<document>
<type>mainstream</type>
<forum>http://rssfeeds.wltx.com/_/20/63682670/wltx-local</forum>
<forum_title>WLTX - Local</forum_title>
<discussion_title>USC Researchers Looking for Diet...</discussion_title>
<language>english</language>
<gmt_offset></gmt_offset>
<topic_url>http://rssfeeds.wltx.com/_/20/63682670/http&amp;#x3a;&amp;#x2f;&amp;#x2f;www&amp;#x2e;wltx&amp;#x2e;com&amp;#x2f;news&amp;#x2f;usc-researchers-looking-for-diet-study-participants&amp;#x2f;311220043</topic_url>
<topic_text>
USC Researchers Looking for Diet Study Participants This study includes something else. Robert Kittle , wltx 9:45   USC introduces food tracking diet to help people lose weight.   
COLUMBIA, S.C. (WSPA) – The University of South Carolina is looking for participants in a new study on weight loss that will have dieters post photos of their food as a way to keep track of it and to get feedback from other participants in the study. 
Researcher Brie Turner-McGrievy says, &quot;We know that tracking diet is one of the number one predictors of weight loss success, but we also know that, even with the best apps out there, people tend to stop using them after a while. You have to log everything you eat and drink still, and so we want to see if using food photos with their phone can help with tracking your diet, making it easier, and giving some feedback on what you&apos;re eating and keeping you on track with weight loss.&quot; 
She says researchers know that people love to post photos of their food on Instagram and other social media sites, so this study will see if that can be harnessed to help them lose weight. Participants will interact by looking at each other’s photos and giving feedback. 
&quot;We usually use a stoplight approach, with red, yellow, and green, which is sort of the slow-go-and-whoa approach. So the red foods would be you shouldn&apos;t really be eating those at all, yellow in moderation, and green, eat as much as you want, so that&apos;s things like fruits and vegetables,&quot; Turner-McGrievy says. 
She recently finished another study that compared people who used a diet app on their phones to people who used a “bite counter”, which looks like a watch or a Fitbit. It counts how many times participants raised their hands to their mouths to eat. Since the study just ended last week she’s still analyzing results. 
Anna Stiglbauer was part of that study and used a diet app alone, not the bite counter. She lost almost 50 pounds. &quot;It enabled me to plan my meals and it would give me instant feedback on calories, grams of protein, carbs, and fat, and so it would let me know the nutritional value of what I&apos;d just eaten and what I was about to eat,&quot; she says. 
In order to take part in this new study, participants need to be overweight or obese, between the ages of 18 and 65, have an Android phone or iPhone, and be able to come to the USC campus for two face-to-face meetings. 
You can get more information, including a questionnaire you would need to fill out, at http://uscweightresearch.com/ 
The next step after this study would be a larger study, possibly comparing the use of photos to traditional weight-loss methods or building in photo use to traditional methods, or possibly coming up with a new weight loss app that uses the photos and feedback, Turner-McGrievy says. 
WSPA
</topic_text>
<spam_score>0.00</spam_score>
<post_num>1</post_num>
<post_id>post-1</post_id>
<post_url>http://rssfeeds.wltx.com/_/20/63682670/http&amp;#x3a;&amp;#x2f;&amp;#x2f;www&amp;#x2e;wltx&amp;#x2e;com&amp;#x2f;news&amp;#x2f;usc-researchers-looking-for-diet-study-participants&amp;#x2f;311220043</post_url>
<post_date>20160830</post_date>
<post_time>1433</post_time>
<username></username>
<post>
USC Researchers Looking for Diet Study Participants This study includes something else. Robert Kittle , wltx 9:45   USC introduces food tracking diet to help people lose weight.   
COLUMBIA, S.C. (WSPA) – The University of South Carolina is looking for participants in a new study on weight loss that will have dieters post photos of their food as a way to keep track of it and to get feedback from other participants in the study. 
Researcher Brie Turner-McGrievy says, &quot;We know that tracking diet is one of the number one predictors of weight loss success, but we also know that, even with the best apps out there, people tend to stop using them after a while. You have to log everything you eat and drink still, and so we want to see if using food photos with their phone can help with tracking your diet, making it easier, and giving some feedback on what you&apos;re eating and keeping you on track with weight loss.&quot; 
She says researchers know that people love to post photos of their food on Instagram and other social media sites, so this study will see if that can be harnessed to help them lose weight. Participants will interact by looking at each other’s photos and giving feedback. 
&quot;We usually use a stoplight approach, with red, yellow, and green, which is sort of the slow-go-and-whoa approach. So the red foods would be you shouldn&apos;t really be eating those at all, yellow in moderation, and green, eat as much as you want, so that&apos;s things like fruits and vegetables,&quot; Turner-McGrievy says. 
She recently finished another study that compared people who used a diet app on their phones to people who used a “bite counter”, which looks like a watch or a Fitbit. It counts how many times participants raised their hands to their mouths to eat. Since the study just ended last week she’s still analyzing results. 
Anna Stiglbauer was part of that study and used a diet app alone, not the bite counter. She lost almost 50 pounds. &quot;It enabled me to plan my meals and it would give me instant feedback on calories, grams of protein, carbs, and fat, and so it would let me know the nutritional value of what I&apos;d just eaten and what I was about to eat,&quot; she says. 
In order to take part in this new study, participants need to be overweight or obese, between the ages of 18 and 65, have an Android phone or iPhone, and be able to come to the USC campus for two face-to-face meetings. 
You can get more information, including a questionnaire you would need to fill out, at http://uscweightresearch.com/ 
The next step after this study would be a larger study, possibly comparing the use of photos to traditional weight-loss methods or building in photo use to traditional methods, or possibly coming up with a new weight loss app that uses the photos and feedback, Turner-McGrievy says. 
WSPA
</post>
<signature>

</signature>
<external_links>

</external_links>
<country>US</country>
<main_image>http://content.wltx.com/photo/2016/08/30/food%20photo%20on%20phone_1472567414009_5881638_ver1.0_640_360.jpg</main_image>
</document>
