<?xml version="1.0" encoding="UTF-8"?>
<document>
<type>mainstream</type>
<forum>http://www.martindale.com/rss/services/ArticlesRSS.ashx?tp=all</forum>
<forum_title>All Articles on Martindale.com</forum_title>
<discussion_title>Price of Natural Gas Rising Steadily</discussion_title>
<language>english</language>
<gmt_offset></gmt_offset>
<topic_url>http://www.martindale.com/energy-law/article_McDonald-Hopkins-LLC_2233820.htm</topic_url>
<topic_text>
Price of Natural Gas Rising Steadily by: McDonald Hopkins LLC - Cleveland Office August 30, 2016 Previously published on July 18, 2016 While oil prices continue to fluctuate, the price of natural gas has risen at a relatively steady rate since the beginning of March. Nevertheless, natural gas is likely to maintain its current competitive advantage over coal when it comes to the production of electricity. Why? Gas emits about half the amount of carbon dioxide as coal. This fact has helped reduce U.S. carbon dioxide emissions to levels that are 21 percent below those produced in 2005. Recognizing this fact, the EPA has promulgated new rules that have substantially added to the cost of burning coal to produce electricity. And as gas prices move higher, gas exploration and production companies in the Appalachian basin will put more rigs back to work, keeping the price of natural gas from moving too high, thus continuing the advantage of natural gas fired plants over coal plants. In a recent article for the Pittsburgh Post-Gazette , Jonathan Crawford describes in detail how coal fired plants are being replaced by gas fired plants. See the chart below for today’s energy commodity prices. ENERGY COMMODITY PRICES
</topic_text>
<spam_score>0.00</spam_score>
<post_num>1</post_num>
<post_id>post-1</post_id>
<post_url>http://www.martindale.com/energy-law/article_McDonald-Hopkins-LLC_2233820.htm</post_url>
<post_date>20160830</post_date>
<post_time>0000</post_time>
<username></username>
<post>
Price of Natural Gas Rising Steadily by: McDonald Hopkins LLC - Cleveland Office August 30, 2016 Previously published on July 18, 2016 While oil prices continue to fluctuate, the price of natural gas has risen at a relatively steady rate since the beginning of March. Nevertheless, natural gas is likely to maintain its current competitive advantage over coal when it comes to the production of electricity. Why? Gas emits about half the amount of carbon dioxide as coal. This fact has helped reduce U.S. carbon dioxide emissions to levels that are 21 percent below those produced in 2005. Recognizing this fact, the EPA has promulgated new rules that have substantially added to the cost of burning coal to produce electricity. And as gas prices move higher, gas exploration and production companies in the Appalachian basin will put more rigs back to work, keeping the price of natural gas from moving too high, thus continuing the advantage of natural gas fired plants over coal plants. In a recent article for the Pittsburgh Post-Gazette , Jonathan Crawford describes in detail how coal fired plants are being replaced by gas fired plants. See the chart below for today’s energy commodity prices. ENERGY COMMODITY PRICES
</post>
<signature>

</signature>
<external_links>

</external_links>
<country>US</country>
<main_image></main_image>
</document>
