<?xml version="1.0" encoding="UTF-8"?>
<document>
<type>mainstream</type>
<forum>http://www.newsfiber.com/p/s/r?rv=2&amp;amp;lang=eng&amp;amp;r=10&amp;amp;a=0&amp;amp;dl=-1&amp;amp;i=1&amp;amp;v=Epo%2FjnXcu%2BRI%3D+oXj%2B2OSLxu8%3D&amp;amp;y=</forum>
<forum_title>News - NewsFiber</forum_title>
<discussion_title>Состояние Ислама Каримова стабильно: данные о его смерти не подтвердились</discussion_title>
<language>russian</language>
<gmt_offset></gmt_offset>
<topic_url>http://www.newsfiber.com/p/s/m?msg=L0IaWkWpSGY%3D</topic_url>
<topic_text>
Состояние Ислама Каримова стабильно: данные о его смерти не подтвердились Более суток прошло с момента, когда стало известно, что 78-летний президент Узбекистана Ислам Каримов находится в реанимации после кровоизлияния в мозг. На данный момент никакой новой подтвержденной информации о состоянии узбекского лидера нет, появившиеся накануне сообщения в СМИ о смерти Каримова пока не подтверждаются, передает Vesti.Az со ссылкой на РИА Новости. Источник в аппарате президента Узбекистана сообщил РИА Новости, что состояние Каримова стабильно, данные о его смерти не соответствуют действительности. В Кремле в свою очередь заявили, что не располагают новыми данными о здоровье главы Узбекистана. Как сообщил корреспондент РИА Новости, обстановка в Ташкенте наутро после появившихся в понедельник в СМИ сообщений о возможной смерти президента Узбекистана остается спокойной. Перед празднованием Дня независимости, который отмечается в Узбекистане 1 сентября, Ташкент украшен флагами и праздничными панно. В столице не наблюдается какого бы то ни было усиления сил правопорядка или присутствия ...
</topic_text>
<spam_score>0.00</spam_score>
<post_num>1</post_num>
<post_id>post-1</post_id>
<post_url>http://www.newsfiber.com/p/s/m?msg=L0IaWkWpSGY%3D</post_url>
<post_date>20160830</post_date>
<post_time>1345</post_time>
<username></username>
<post>
Состояние Ислама Каримова стабильно: данные о его смерти не подтвердились Более суток прошло с момента, когда стало известно, что 78-летний президент Узбекистана Ислам Каримов находится в реанимации после кровоизлияния в мозг. На данный момент никакой новой подтвержденной информации о состоянии узбекского лидера нет, появившиеся накануне сообщения в СМИ о смерти Каримова пока не подтверждаются, передает Vesti.Az со ссылкой на РИА Новости. Источник в аппарате президента Узбекистана сообщил РИА Новости, что состояние Каримова стабильно, данные о его смерти не соответствуют действительности. В Кремле в свою очередь заявили, что не располагают новыми данными о здоровье главы Узбекистана. Как сообщил корреспондент РИА Новости, обстановка в Ташкенте наутро после появившихся в понедельник в СМИ сообщений о возможной смерти президента Узбекистана остается спокойной. Перед празднованием Дня независимости, который отмечается в Узбекистане 1 сентября, Ташкент украшен флагами и праздничными панно. В столице не наблюдается какого бы то ни было усиления сил правопорядка или присутствия ...
</post>
<signature>

</signature>
<external_links>

</external_links>
<country>DE</country>
<main_image>http://www.newsfiber.com/thumb/20160830-6648A9455A1A422F-0-1-13EA6436-2D15CFA7E6FF6FDF.jpeg</main_image>
</document>
