<?xml version="1.0" encoding="UTF-8"?>
<document>
<type>mainstream</type>
<forum></forum>
<forum_title></forum_title>
<discussion_title>INVERSION EXTRANJERA EN COLOMBIA | Gane dinero en internet</discussion_title>
<language>english</language>
<gmt_offset></gmt_offset>
<topic_url>http://carlosriosskinner.xyz/inversion-extranjera-en-colombia/</topic_url>
<topic_text>
Notify me of follow-up comments by email. Notify me of new posts by email. Search for: 
</topic_text>
<spam_score>0.20</spam_score>
<post_num>1</post_num>
<post_id>post-1</post_id>
<post_url>http://carlosriosskinner.xyz/inversion-extranjera-en-colombia/</post_url>
<post_date>20160830</post_date>
<post_time></post_time>
<username>Posted Carlosadmin</username>
<post>
Notify me of follow-up comments by email. Notify me of new posts by email. Search for: 
</post>
<signature>

</signature>
<external_links>

</external_links>
<country>US</country>
<main_image>https://s0.wp.com/i/blank.jpg</main_image>
</document>
