<?xml version="1.0" encoding="UTF-8"?>
<document>
<type>mainstream</type>
<forum>http://www.elmogaz.com/rss.xml</forum>
<forum_title>Front page feed</forum_title>
<discussion_title>هوما عابدين ..فضيحة العشق الممنوع فى بلاط هيلارى والجواسيس</discussion_title>
<language>arabic</language>
<gmt_offset></gmt_offset>
<topic_url>http://www.elmogaz.com/node/318365</topic_url>
<topic_text>
هوما عابدين ..فضيحة العشق الممنوع فى بلاط هيلارى والجواسيس   4:57 مساء، كتب محمد صلاح 
لا زالت فضائح خادمة الاخوان هوما عابدين مستمرة فى بلاط هيلارى كينتون حيث انفصلت هوما عابدين، مستشارة هيلارى كلينتون، التى نشأت فى السعودية، عن زوجها أنتونى وينر، عضو الكونجرس السابق عن ولاية نيويورك، بعد تورطه فى فضيحة دردشة جنسية جديدة. وذكرت عابدين فى بيان أصدرته حملة كلينتون: &quot;بعد تفكير طويل وشاق، اتخذت قرارًا بالانفصال عن زوجى&quot;، وأضافت: &quot;لا نزال، أنا وزوجى، قادرين على القيام بالأفضل لابننا، الذى يضىء حياتنا خلال هذا الوقت العصيب، أطلب من الجميع احترام خصوصيتنا&quot;. وكانت صحيفة &quot;نيويورك بوست&quot;، قالت إن وينر أرسل العام الماضى لسيدة مطلقة تبلغ من العمر 40 عامًا، صورًا ومحادثات جنسية له، ونشرت بعضا منها. وغادر الديمقراطى الكونجرس عام 2011 عقب الكشف عن إرساله رسائل جنسية صريحة إلى سيدات، وفق ما ذكرت وكالة &quot;رويترز&quot; للأنباء. التعليقات &lt;a href=&quot;http://openx.elmogaz.com/www/delivery/ck.php?n=a26d0cf0&amp;cb=INSERT_RANDOM_NUMBER_HERE&quot; target=&quot;_blank&quot;&gt;&lt;img src=&quot;http://openx.elmogaz.com/www/delivery/avw.php?zoneid=8&amp;cb=INSERT_RANDOM_NUMBER_HERE&amp;n=a26d0cf0&quot; border=&quot;0&quot; alt=&quot;&quot;/&gt;&lt;/a&gt; رشحنا لك
</topic_text>
<spam_score>0.00</spam_score>
<post_num>1</post_num>
<post_id>post-1</post_id>
<post_url>http://www.elmogaz.com/node/318365</post_url>
<post_date>20160830</post_date>
<post_time>1357</post_time>
<username></username>
<post>
هوما عابدين ..فضيحة العشق الممنوع فى بلاط هيلارى والجواسيس   4:57 مساء، كتب محمد صلاح 
لا زالت فضائح خادمة الاخوان هوما عابدين مستمرة فى بلاط هيلارى كينتون حيث انفصلت هوما عابدين، مستشارة هيلارى كلينتون، التى نشأت فى السعودية، عن زوجها أنتونى وينر، عضو الكونجرس السابق عن ولاية نيويورك، بعد تورطه فى فضيحة دردشة جنسية جديدة. وذكرت عابدين فى بيان أصدرته حملة كلينتون: &quot;بعد تفكير طويل وشاق، اتخذت قرارًا بالانفصال عن زوجى&quot;، وأضافت: &quot;لا نزال، أنا وزوجى، قادرين على القيام بالأفضل لابننا، الذى يضىء حياتنا خلال هذا الوقت العصيب، أطلب من الجميع احترام خصوصيتنا&quot;. وكانت صحيفة &quot;نيويورك بوست&quot;، قالت إن وينر أرسل العام الماضى لسيدة مطلقة تبلغ من العمر 40 عامًا، صورًا ومحادثات جنسية له، ونشرت بعضا منها. وغادر الديمقراطى الكونجرس عام 2011 عقب الكشف عن إرساله رسائل جنسية صريحة إلى سيدات، وفق ما ذكرت وكالة &quot;رويترز&quot; للأنباء. التعليقات &lt;a href=&quot;http://openx.elmogaz.com/www/delivery/ck.php?n=a26d0cf0&amp;cb=INSERT_RANDOM_NUMBER_HERE&quot; target=&quot;_blank&quot;&gt;&lt;img src=&quot;http://openx.elmogaz.com/www/delivery/avw.php?zoneid=8&amp;cb=INSERT_RANDOM_NUMBER_HERE&amp;n=a26d0cf0&quot; border=&quot;0&quot; alt=&quot;&quot;/&gt;&lt;/a&gt; رشحنا لك
</post>
<signature>

</signature>
<external_links>

</external_links>
<country>US</country>
<main_image></main_image>
</document>
