<?xml version="1.0" encoding="UTF-8"?>
<document>
<type>mainstream</type>
<forum>http://www.aktualne.cz/rss</forum>
<forum_title>Aktuálně.cz</forum_title>
<discussion_title>Živě: Šafářová vs. Gavrilovová, Češka rozjíždí US Open se svou pronásledovatelkou</discussion_title>
<language>czech</language>
<gmt_offset></gmt_offset>
<topic_url>https://sport.aktualne.cz/tenis/zive-safarova-vs-gavrilovova-prvni-kolo-us-open/r~deaf13146e8011e6bc7c0025900fea04/</topic_url>
<topic_text>
Třetí dvojchyba australské tenistky v zápase. Brejkbol . 40:40 
To je škoda. Vzápětí přišla druhá nevynucená chyba, když Lucka nedostala míček forhendem přes pásku. 30:40 
Příliš dlouhýčop Gavrilovové. Je tu další brejkbol pro Šafářovou. 30:30 
Vůbec první nevynucená chyba české hráčky. Australanka má oproti tomu čtyři. 15:30 
Až teď Gavrilovová zastavila dlouhou šňůru českých fiftýnů. 0:30 
Češka trefila odkrytý dvorec a opět sahá po brejkbolech. 0:15 
Naopak Australanka se vůbec nemůže dostat do hry. 2:0 Šafářová získala gem. 
Čistou hrou česká tenistka potvrzuje brejk a vede 2:0. Takhle by se nám to líbilo. 40:0 
Česká tenistka pokračuje v agresivní hře od základníčáry a zatím to nese ovoce. 30:0 
Lucka se zatím výborně pohybuje a především nechybuje. 15:0
</topic_text>
<spam_score>0.00</spam_score>
<post_num>1</post_num>
<post_id>post-1</post_id>
<post_url>https://sport.aktualne.cz/tenis/zive-safarova-vs-gavrilovova-prvni-kolo-us-open/r~deaf13146e8011e6bc7c0025900fea04/</post_url>
<post_date>20160830</post_date>
<post_time>1445</post_time>
<username></username>
<post>
Třetí dvojchyba australské tenistky v zápase. Brejkbol . 40:40 
To je škoda. Vzápětí přišla druhá nevynucená chyba, když Lucka nedostala míček forhendem přes pásku. 30:40 
Příliš dlouhýčop Gavrilovové. Je tu další brejkbol pro Šafářovou. 30:30 
Vůbec první nevynucená chyba české hráčky. Australanka má oproti tomu čtyři. 15:30 
Až teď Gavrilovová zastavila dlouhou šňůru českých fiftýnů. 0:30 
Češka trefila odkrytý dvorec a opět sahá po brejkbolech. 0:15 
Naopak Australanka se vůbec nemůže dostat do hry. 2:0 Šafářová získala gem. 
Čistou hrou česká tenistka potvrzuje brejk a vede 2:0. Takhle by se nám to líbilo. 40:0 
Česká tenistka pokračuje v agresivní hře od základníčáry a zatím to nese ovoce. 30:0 
Lucka se zatím výborně pohybuje a především nechybuje. 15:0
</post>
<signature>

</signature>
<external_links>

</external_links>
<country>CZ</country>
<main_image>http://cdn.i0.cz/src/public-data/6c/29/c3faf5423f998abbedf1eff6bb73_base_optimal.jpg</main_image>
</document>
