<?xml version="1.0" encoding="UTF-8"?>
<document>
<type>mainstream</type>
<forum>http://www.newsfiber.com/p/s/r?rv=2&amp;amp;lang=eng&amp;amp;r=10&amp;amp;a=0&amp;amp;dl=-1&amp;amp;i=1&amp;amp;v=Epo%2FjnXcu%2BRI%3D+oXj%2B2OSLxu8%3D&amp;amp;y=</forum>
<forum_title>News - NewsFiber</forum_title>
<discussion_title>Авиация России отрабатывает массированный ракетный удар</discussion_title>
<language>russian</language>
<gmt_offset></gmt_offset>
<topic_url>http://www.newsfiber.com/p/s/m?msg=pg%2FYtTF4y80%3D</topic_url>
<topic_text>
Авиация России отрабатывает массированный ракетный удар Published 31 minute ago by Yoki.Ru - Новости (Russia)
</topic_text>
<spam_score>0.00</spam_score>
<post_num>1</post_num>
<post_id>post-1</post_id>
<post_url>http://www.newsfiber.com/p/s/m?msg=pg%2FYtTF4y80%3D</post_url>
<post_date>20160830</post_date>
<post_time>1446</post_time>
<username></username>
<post>
Авиация России отрабатывает массированный ракетный удар Published 31 minute ago by Yoki.Ru - Новости (Russia)
</post>
<signature>

</signature>
<external_links>

</external_links>
<country>DE</country>
<main_image>http://www.newsfiber.com/thumb/20160830-CDCB7831B5D80FA6-0-1-198A42D5-130EFE26716C0E10.jpeg</main_image>
</document>
