<?xml version="1.0" encoding="UTF-8"?>
<document>
<type>mainstream</type>
<forum>http://www.henriettapost.com/entertainment?template=rss&amp;mime=xml</forum>
<forum_title>Entertainment - Henrietta Post</forum_title>
<discussion_title>Pretty Little Liars: Who Is Charlotte&apos;s Missing Sibling?</discussion_title>
<language>english</language>
<gmt_offset></gmt_offset>
<topic_url>http://www.henriettapost.com/entertainment/20160830/pretty-little-liars-who-is-charlottes-missing-sibling?rssfeed=true</topic_url>
<topic_text>
Pretty Little Liars: Who Is Charlotte&apos;s Missing Sibling? Comment By TV Guide Posted Aug. 30, 2016 @ 10:10 am There are a lot of burning questions that need to be answered on Pretty Little Liars , but the most pressing mystery heading into the Season 7 summer finale is: Who is Mary Drake&apos;s ( Andrea Parker ) missing child? There have been several clues dropped in the first half of Season 7 about who the missing Drake child could be. We know that Mary&apos;s second child is younger than her oldest, Charlotte ( Vanessa Ray ), and was adopted after Mary gave birth in Radley Sanitarium -- making him or her about the Liars&apos; age. Noel Kahn&apos;s ( Brant Daughtery ) father is also the judge that approved the adoption. We&apos;ve compiled the evidence and put together our best guesses as to who &quot;the missing Drake&quot; could be. Pretty Little Liars will end with Season 7 4. Noel Kahn Why it could be: Noel Kahn has been the main suspect as the missing Drake since he arrived back in Rosewood. His allegiance with Jenna ( Tammin Sursok ) and the video evidence that he helped Charlotte with the doll house doesn&apos;t help things either. It would also be convenient since his father is the one that approved the adoption. Since we know he&apos;ll be tormenting the girls once again in the summer finale, could it all be to confirm that he&apos;s Mary&apos;s missing son? Why he&apos;s not it: Pretty Little Liars lives for the misdirect, and all signs pointing to Noel Kahn is the biggest indication that it&apos;s not him. How lame would it be if the reveal was something we&apos;ve basically already been told? 3. Jenna Marshall Why it could be: Jenna will be helping Noel stalk the Liars, and she&apos;s had it out for the girls since Day 1. It was revealed earlier in the season that she had mysteriously become friends with Charlotte while the former-A was in the hospital. In fact, Jenna is the one that helped Charlotte get with Archer Dunhill ( Huw Collins ). Why would she strike up a relationship with Charlotte unless she had found out they had a familial connection? Why she&apos;s not it : The first tell is that Jenna has no physical resemblance to the Drakes or the DiLaurentis family. The black hair and green eyes would make her stick out like a sore thumb. She&apos;s also too close to obvious to be a real shocker for the fans to find out. Does Jenna have a secret? Most definitely, but it&apos;s just hard to believe that it&apos;s this one. Pretty Little Liars: Troian Bellisario once got into a fight with a fan over who really plays Spencer Hastings 2. Spencer Hastings Why it could be: After the Liars found out that Mary Drake had a second baby while she was in Radley, Spencer ( Troian Bellisario ) decided to go flipping through her family photo album. At first, it just seemed like a stroll down memory lane, but as Spencer flipped through the pages, there were no obvious photos of Spencer as a baby. Let&apos;s face it, this wouldn&apos;t be the first time that the Hastings have kept a secret about their children. Plus, we already know that Spencer&apos;s father had a child with Jessica DiLaurentis -- Mary&apos;s twin sister. Maybe he hooked up with Mary, thinking it was Jessica, and then adopted the child since he&apos;d already given up being Jason&apos;s ( Drew Van Acker ) father. Why she&apos;s not it: The logistics make sense, but would PLL go back to the same story well if the DiLaurentis/Drake and Hastings family already have a sordid history when it comes to biological children? This definitely feels like the type of thing Melissa ( Torrey DeVitto ) would have brought up or rubbed in Spencer&apos;s face in the past. Pretty Little Liars : Aria and Jason&apos;s secret revealed! 1. Aria Montgomery Why it could be : A.D. took two files the night they burned Jessica DiLaurentis&apos; secret basement hideout on fire -- Noel Kahn&apos;s and Aria Montgomery&apos;s ( Lucy Hale ). We have yet to find out why Aria would be of special importance to A.D. over the other girls. If that folder confirmed that Aria was really the daughter of Mary Darke, it&apos;d make a lot of sense why A.D. would go to such extreme lengths to stop the girls from finding out. Why she&apos;s not it : There&apos;s really not a lot of argument for why Aria couldn&apos;t be the missing Drake. It would be a huge reveal that no one saw coming -- and a heartbreaking twist heading into the second half of the season. Will she still feel like walking down the aisle with Ezra ( Ian Harding ) if she suddenly has doubts about who she really is? That&apos;s a delicious conundrum, and why we think she&apos;d be the best possible choice to be the missing Drake. Pretty Little Liars&apos; summer finale airs Tuesday, Aug. 30 at 8/7c on Freeform. Other Links From TVGuide.com
</topic_text>
<spam_score>0.00</spam_score>
<post_num>1</post_num>
<post_id>post-1</post_id>
<post_url>http://www.henriettapost.com/entertainment/20160830/pretty-little-liars-who-is-charlottes-missing-sibling?rssfeed=true</post_url>
<post_date>20160830</post_date>
<post_time>1510</post_time>
<username>TV Guide</username>
<post>
Pretty Little Liars: Who Is Charlotte&apos;s Missing Sibling? Comment By TV Guide Posted Aug. 30, 2016 @ 10:10 am There are a lot of burning questions that need to be answered on Pretty Little Liars , but the most pressing mystery heading into the Season 7 summer finale is: Who is Mary Drake&apos;s ( Andrea Parker ) missing child? There have been several clues dropped in the first half of Season 7 about who the missing Drake child could be. We know that Mary&apos;s second child is younger than her oldest, Charlotte ( Vanessa Ray ), and was adopted after Mary gave birth in Radley Sanitarium -- making him or her about the Liars&apos; age. Noel Kahn&apos;s ( Brant Daughtery ) father is also the judge that approved the adoption. We&apos;ve compiled the evidence and put together our best guesses as to who &quot;the missing Drake&quot; could be. Pretty Little Liars will end with Season 7 4. Noel Kahn Why it could be: Noel Kahn has been the main suspect as the missing Drake since he arrived back in Rosewood. His allegiance with Jenna ( Tammin Sursok ) and the video evidence that he helped Charlotte with the doll house doesn&apos;t help things either. It would also be convenient since his father is the one that approved the adoption. Since we know he&apos;ll be tormenting the girls once again in the summer finale, could it all be to confirm that he&apos;s Mary&apos;s missing son? Why he&apos;s not it: Pretty Little Liars lives for the misdirect, and all signs pointing to Noel Kahn is the biggest indication that it&apos;s not him. How lame would it be if the reveal was something we&apos;ve basically already been told? 3. Jenna Marshall Why it could be: Jenna will be helping Noel stalk the Liars, and she&apos;s had it out for the girls since Day 1. It was revealed earlier in the season that she had mysteriously become friends with Charlotte while the former-A was in the hospital. In fact, Jenna is the one that helped Charlotte get with Archer Dunhill ( Huw Collins ). Why would she strike up a relationship with Charlotte unless she had found out they had a familial connection? Why she&apos;s not it : The first tell is that Jenna has no physical resemblance to the Drakes or the DiLaurentis family. The black hair and green eyes would make her stick out like a sore thumb. She&apos;s also too close to obvious to be a real shocker for the fans to find out. Does Jenna have a secret? Most definitely, but it&apos;s just hard to believe that it&apos;s this one. Pretty Little Liars: Troian Bellisario once got into a fight with a fan over who really plays Spencer Hastings 2. Spencer Hastings Why it could be: After the Liars found out that Mary Drake had a second baby while she was in Radley, Spencer ( Troian Bellisario ) decided to go flipping through her family photo album. At first, it just seemed like a stroll down memory lane, but as Spencer flipped through the pages, there were no obvious photos of Spencer as a baby. Let&apos;s face it, this wouldn&apos;t be the first time that the Hastings have kept a secret about their children. Plus, we already know that Spencer&apos;s father had a child with Jessica DiLaurentis -- Mary&apos;s twin sister. Maybe he hooked up with Mary, thinking it was Jessica, and then adopted the child since he&apos;d already given up being Jason&apos;s ( Drew Van Acker ) father. Why she&apos;s not it: The logistics make sense, but would PLL go back to the same story well if the DiLaurentis/Drake and Hastings family already have a sordid history when it comes to biological children? This definitely feels like the type of thing Melissa ( Torrey DeVitto ) would have brought up or rubbed in Spencer&apos;s face in the past. Pretty Little Liars : Aria and Jason&apos;s secret revealed! 1. Aria Montgomery Why it could be : A.D. took two files the night they burned Jessica DiLaurentis&apos; secret basement hideout on fire -- Noel Kahn&apos;s and Aria Montgomery&apos;s ( Lucy Hale ). We have yet to find out why Aria would be of special importance to A.D. over the other girls. If that folder confirmed that Aria was really the daughter of Mary Darke, it&apos;d make a lot of sense why A.D. would go to such extreme lengths to stop the girls from finding out. Why she&apos;s not it : There&apos;s really not a lot of argument for why Aria couldn&apos;t be the missing Drake. It would be a huge reveal that no one saw coming -- and a heartbreaking twist heading into the second half of the season. Will she still feel like walking down the aisle with Ezra ( Ian Harding ) if she suddenly has doubts about who she really is? That&apos;s a delicious conundrum, and why we think she&apos;d be the best possible choice to be the missing Drake. Pretty Little Liars&apos; summer finale airs Tuesday, Aug. 30 at 8/7c on Freeform. Other Links From TVGuide.com
</post>
<signature>

</signature>
<external_links>

</external_links>
<country>US</country>
<main_image>http://www.henriettapost.com/storyimage/ZZ/20160830/ENTERTAINMENT/308309982/AR/0/AR-308309982.jpg</main_image>
</document>
