<?xml version="1.0" encoding="UTF-8"?>
<document>
<type>mainstream</type>
<forum>http://anonhq.com/category/ecology-environment/</forum>
<forum_title>Environment Archives - AnonHQ Archive - AnonHQ</forum_title>
<discussion_title>3 Scientific Reasons Why You Must STOP Fall Leaf Raking</discussion_title>
<language>english</language>
<gmt_offset></gmt_offset>
<topic_url>http://anonhq.com/3-scientific-reasons-must-stop-fall-leaf-raking/</topic_url>
<topic_text>
There are thousands of websites on the World Wide Web today that offer amateurs ‘tips’ for raking leaves like professionals. But according to the National Wildlife Foundation (NWF), you shouldn’t feel obligated to rake up every last leaf in your yard. Instead, you must leave leaves on the ground this fall and never look back; leaf raking destroys wildlife habitat, harms the environment, as well as deprives your yard of natural nutrients. Here are three reasons the naturalists at the NWF give for why you must skip the whole raking leaves process — forever. 1. Leaves Disposal Isn’t Good For The Earth To make your yard look tidier, you spend hours each fall raking leaves, collecting them in plastic bags, and then sending them off in a truck to dump somewhere, most likely in a landfill. According to the United States Environmental Protection Agency, leaves and other yard debris — which account for more than 13% of the nation’s solid waste, a whopping 33 million tons a year — help make solid-waste landfills the largest producers of man-made methane in the United States. Leaf blowers and trucks used to haul away the leaves rely on fossil fuels and generate carbon dioxide, which pollutes the air and contributes to global warming along with methane.
2. Leaves Are Natural Fertilizers Artificial fertilizers pollute; too much fertilizer also pollutes. When artificial fertilizer seeps into water supplies in large quantities, it leads to Eutrophication — a situation where there is not enough oxygen dissolved in the water for aquatic organisms to survive. Hardwood and dyed mulches typically cost $30 to $36 per yard , or $3 to $6 per bag. Therefore, polluting the environment comes at a cost, quite literally.
National Wildlife Federation Naturalist David Mizejewski says fallen leaves create natural mulch that stops weeds from growing while also fertilizing the soil, as they decompose. When the fall leaves decompose, the grass in your yard grows healthier in the spring. So, why spend money on mulch and fertilizer when you can make your own naturally?
3. Leaves Are Habitats For Wildlife The leaf layer is its own mini ecosystem, says the NWF. Many wildlife species — including salamanders, chipmunks, turtles, toads, shrews, earthworms, and various insects — live in or rely on the leaf layer for food and other habitat. Many moths and butterfly caterpillars overwinter in fallen leaves before emerging in spring, adds the NWF. Raking up the leaves could destroy the seasonal housing accommodations that these species need for survival. Fewer moth and butterfly caterpillars mean less food for birds, because moth and butterfly caterpillars are an important food source for birds in the spring when they are lactating.
</topic_text>
<spam_score>0.00</spam_score>
<post_num>1</post_num>
<post_id>post-1</post_id>
<post_url>http://anonhq.com/3-scientific-reasons-must-stop-fall-leaf-raking/</post_url>
<post_date>20160827</post_date>
<post_time></post_time>
<username>Vandita</username>
<post>
There are thousands of websites on the World Wide Web today that offer amateurs ‘tips’ for raking leaves like professionals. But according to the National Wildlife Foundation (NWF), you shouldn’t feel obligated to rake up every last leaf in your yard. Instead, you must leave leaves on the ground this fall and never look back; leaf raking destroys wildlife habitat, harms the environment, as well as deprives your yard of natural nutrients. Here are three reasons the naturalists at the NWF give for why you must skip the whole raking leaves process — forever. 1. Leaves Disposal Isn’t Good For The Earth To make your yard look tidier, you spend hours each fall raking leaves, collecting them in plastic bags, and then sending them off in a truck to dump somewhere, most likely in a landfill. According to the United States Environmental Protection Agency, leaves and other yard debris — which account for more than 13% of the nation’s solid waste, a whopping 33 million tons a year — help make solid-waste landfills the largest producers of man-made methane in the United States. Leaf blowers and trucks used to haul away the leaves rely on fossil fuels and generate carbon dioxide, which pollutes the air and contributes to global warming along with methane.
2. Leaves Are Natural Fertilizers Artificial fertilizers pollute; too much fertilizer also pollutes. When artificial fertilizer seeps into water supplies in large quantities, it leads to Eutrophication — a situation where there is not enough oxygen dissolved in the water for aquatic organisms to survive. Hardwood and dyed mulches typically cost $30 to $36 per yard , or $3 to $6 per bag. Therefore, polluting the environment comes at a cost, quite literally.
National Wildlife Federation Naturalist David Mizejewski says fallen leaves create natural mulch that stops weeds from growing while also fertilizing the soil, as they decompose. When the fall leaves decompose, the grass in your yard grows healthier in the spring. So, why spend money on mulch and fertilizer when you can make your own naturally?
3. Leaves Are Habitats For Wildlife The leaf layer is its own mini ecosystem, says the NWF. Many wildlife species — including salamanders, chipmunks, turtles, toads, shrews, earthworms, and various insects — live in or rely on the leaf layer for food and other habitat. Many moths and butterfly caterpillars overwinter in fallen leaves before emerging in spring, adds the NWF. Raking up the leaves could destroy the seasonal housing accommodations that these species need for survival. Fewer moth and butterfly caterpillars mean less food for birds, because moth and butterfly caterpillars are an important food source for birds in the spring when they are lactating.
</post>
<signature>

</signature>
<external_links>
<external_link>https://www.angieslist.com/articles/how-much-mulch-do-i-need.htm</external_link><external_link>http://www.bbc.co.uk/schools/gcsebitesize/science/ocr_gateway/chemical_resources/fertilisers_cropsrev1.shtml</external_link><external_link>http://www.epa.gov/wastes/conserve/materials/yardwoodwaste.htm</external_link><external_link>http://blog.nwf.org/2014/11/what-to-do-with-fallen-leaves/</external_link><external_link>http://www.upworthy.com/3-reasons-why-you-should-stop-raking-leaves-this-fall-and-never-look-back</external_link>
</external_links>
<country>US</country>
<main_image>http://anonhq.com/wp-content/uploads/2016/08/leaves.jpg</main_image>
</document>
