<?xml version="1.0" encoding="UTF-8"?>
<document>
<type>mainstream</type>
<forum>http://feeds.feedburner.com/stages</forum>
<forum_title>Stagemotor.nl: nieuwe stages</forum_title>
<discussion_title>Stage: Assistent Projectleider in Utrecht</discussion_title>
<language>dutch</language>
<gmt_offset></gmt_offset>
<topic_url>http://www.stagemotor.nl/studenten/vacdetails/39430/32020/assistent-projectleider-in-utrecht.html</topic_url>
<topic_text>
Omschrijving stageplaats 
Wij zijn op zoek naar jou! 
Wij zoeken een stagiaire assistent-projectleider. Jouw taak is om onze projectleiders te ondersteunen in hun dagelijkse werkzaamheden. Jij bent enthousiast en iemand die plezier haalt uit het projectmatig en technisch inhoudelijk ondersteunen van een projectleider. Belangrijk in de functie als assistent -projectleider is dat je communicatief sterk bent. Dit heb je nodig in de voorlichting, inplanning, verslaglegging en overige communicatie met huurders, woningcorporaties, leveranciers, installateurs en andere medewerkers. 
Wie zijn wij? 
Wij zijn een stichting, zonder winstdoelstelling, die bestaande woningen duurzamer maakt. Wij hebben één doel, sociale huurders laten profiteren van goedkope zonnestroom. In samenwerking met Stichting Doen, lokale energiefondsen, provincies en gemeenten probeert het elke huurder in Nederland te laten profiteren van de voordelen van zonnestroom. 
Taakomschrijving: 
Om alle woningen te voorzien van zonnepanelen werken wij samen met lokale installateurs. Jij zal in samenwerking met de projectmanagers de spil in het web zijn tussen de huurder, de woningcorporatie, de installateur en de leveranciers. Je zal je bezighouden met bouw- en projectmanagement waaronder de communicatie, planning, begroting, inkoop en uitvoering van de werkzaamheden. Vereisten
</topic_text>
<spam_score>0.00</spam_score>
<post_num>1</post_num>
<post_id>post-1</post_id>
<post_url>http://www.stagemotor.nl/studenten/vacdetails/39430/32020/assistent-projectleider-in-utrecht.html</post_url>
<post_date>20160830</post_date>
<post_time>1434</post_time>
<username></username>
<post>
Omschrijving stageplaats 
Wij zijn op zoek naar jou! 
Wij zoeken een stagiaire assistent-projectleider. Jouw taak is om onze projectleiders te ondersteunen in hun dagelijkse werkzaamheden. Jij bent enthousiast en iemand die plezier haalt uit het projectmatig en technisch inhoudelijk ondersteunen van een projectleider. Belangrijk in de functie als assistent -projectleider is dat je communicatief sterk bent. Dit heb je nodig in de voorlichting, inplanning, verslaglegging en overige communicatie met huurders, woningcorporaties, leveranciers, installateurs en andere medewerkers. 
Wie zijn wij? 
Wij zijn een stichting, zonder winstdoelstelling, die bestaande woningen duurzamer maakt. Wij hebben één doel, sociale huurders laten profiteren van goedkope zonnestroom. In samenwerking met Stichting Doen, lokale energiefondsen, provincies en gemeenten probeert het elke huurder in Nederland te laten profiteren van de voordelen van zonnestroom. 
Taakomschrijving: 
Om alle woningen te voorzien van zonnepanelen werken wij samen met lokale installateurs. Jij zal in samenwerking met de projectmanagers de spil in het web zijn tussen de huurder, de woningcorporatie, de installateur en de leveranciers. Je zal je bezighouden met bouw- en projectmanagement waaronder de communicatie, planning, begroting, inkoop en uitvoering van de werkzaamheden. Vereisten
</post>
<signature>

</signature>
<external_links>

</external_links>
<country>NL</country>
<main_image></main_image>
</document>
