<?xml version="1.0" encoding="UTF-8"?>
<document>
<type>mainstream</type>
<forum>http://www.henriettapost.com/entertainment?template=rss&amp;mime=xml</forum>
<forum_title>Entertainment - Henrietta Post</forum_title>
<discussion_title>The Fosters&apos; Heartbreaking Finale: What Will Happen to Jesus?</discussion_title>
<language>english</language>
<gmt_offset></gmt_offset>
<topic_url>http://www.henriettapost.com/entertainment/20160830/fosters-heartbreaking-finale-what-will-happen-to-jesus?rssfeed=true</topic_url>
<topic_text>
The Fosters&apos; Heartbreaking Finale: What Will Happen to Jesus? Comment By TV Guide Posted Aug. 30, 2016 @ 10:11 am The summer finale of The Fosters brought devastating news for almost every member of the Adams-Foster family. The final moments saw Jesus ( Noah Centineo ) collapsing after Nick ( Louis Hunter ) punched him in the face, landing his fist squarely on Jesus&apos; forehead where he accidentally shot a nail only a few episodes ago. Meanwhile, Callie ( Maia Mitchell ) finds herself trapped in a car with Mrs. Johnson&apos;s true murderer and Brandon&apos;s ( David Lambert ) dreams of Juilliard are dashed now that the College Board has discovered his SAT cheating scandal. It was an action-packed hour for the Freeform drama, and TVGuide.com talked to executive producer Peter Paige about how everything went down, plus what to expect when The Fosters returns in the spring. First things first: Why did this happen to Jesus? Peter Paige: I don&apos;t think of it as Jesus saying goodbye. I think of it as 10 episodes of Jesus&apos; actions coming back to haunt him. So we should still have hope, right? Paige: Yes. You should have hope that there will be more Jesus. I&apos;m not sure that Jesus will be the same person. He&apos;ll be the same actor. He&apos;s had a traumatic brain injury and then he got hit square in the of the head. He was lucky enough to avoid major consequences to the nail in the head, but I&apos;m not sure he&apos;s going to escape those consequences this time. Callie is also in a very dangerous situation at the end of this finale because she violated the rules of Stranger Danger 101. What are going to be the ramifications of her getting into the car with a murderer? Paige: God bless her. Callie&apos;s decision making is always, &quot;What can I do to help somebody?&quot; and she&apos;ll do it, even when she knows it&apos;s not exactly the right thing for her. It&apos;s a huge character flaw in her that just continues to haunt her. Right now, she&apos;s in a car with someone she shouldn&apos;t be in a car with and she&apos;s got to figure out how to change that as quickly as possible. How she does that will come with consequences of their own. Who should we be the most afraid for after this episode? Paige: I don&apos;t know! There are a lot of people in a lot of trouble. Jesus is probably the most you should be the most worried about, but I don&apos;t like where Calle is either. Mariana is having a breakdown of her own. It&apos;s a pretty, pretty messy time. Brandon has lost his life dream and Jude is finally in full-on rebellion. They&apos;ve got their hands full. Fall preview: Where are your favorite shows picking up? Speaking of Jude, should we be concerned that smoking pot has become such an issue? Is it an addiction or is he just being a teenager and testing boundaries? Paige: He&apos;s a teenager. He&apos;s exploring and testing boundaries. He&apos;s trying to figure out who he is. He&apos;s sassy and a little mouthy. He doesn&apos;t want to be told what to do or who to see. It&apos;s all of those things we experience as we&apos;re coming into our own power as adolescents. I don&apos;t think Jude&apos;s decision making is great, but at the same time I don&apos;t think we&apos;re telling a &quot;He&apos;s addicted to pot!&quot; story. Stef and Lena have also hit a rough patch lately, and in this episode Stef goes directly against Lena&apos;s advice when she pushes for the detective job. Is there still trouble in paradise for them when we return next season? Paige: Stef and Lena are an extraordinary couple and extraordinary women. Like every relationship I&apos;ve ever witnessed or been apart of, there are these things that will never change, the things that you are constantly having to make peace with in order to be happy in the context of your relationship. I think that&apos;s true for our moms. Stef is an impulsive person, by nature and definition. Lena is a considered person, by nature and definition. That is going to be a constant source of challenge for them. What did you think of T he Fosters&apos; summer finale? Other Links From TVGuide.com
</topic_text>
<spam_score>0.00</spam_score>
<post_num>1</post_num>
<post_id>post-1</post_id>
<post_url>http://www.henriettapost.com/entertainment/20160830/fosters-heartbreaking-finale-what-will-happen-to-jesus?rssfeed=true</post_url>
<post_date>20160830</post_date>
<post_time>1511</post_time>
<username>TV Guide</username>
<post>
The Fosters&apos; Heartbreaking Finale: What Will Happen to Jesus? Comment By TV Guide Posted Aug. 30, 2016 @ 10:11 am The summer finale of The Fosters brought devastating news for almost every member of the Adams-Foster family. The final moments saw Jesus ( Noah Centineo ) collapsing after Nick ( Louis Hunter ) punched him in the face, landing his fist squarely on Jesus&apos; forehead where he accidentally shot a nail only a few episodes ago. Meanwhile, Callie ( Maia Mitchell ) finds herself trapped in a car with Mrs. Johnson&apos;s true murderer and Brandon&apos;s ( David Lambert ) dreams of Juilliard are dashed now that the College Board has discovered his SAT cheating scandal. It was an action-packed hour for the Freeform drama, and TVGuide.com talked to executive producer Peter Paige about how everything went down, plus what to expect when The Fosters returns in the spring. First things first: Why did this happen to Jesus? Peter Paige: I don&apos;t think of it as Jesus saying goodbye. I think of it as 10 episodes of Jesus&apos; actions coming back to haunt him. So we should still have hope, right? Paige: Yes. You should have hope that there will be more Jesus. I&apos;m not sure that Jesus will be the same person. He&apos;ll be the same actor. He&apos;s had a traumatic brain injury and then he got hit square in the of the head. He was lucky enough to avoid major consequences to the nail in the head, but I&apos;m not sure he&apos;s going to escape those consequences this time. Callie is also in a very dangerous situation at the end of this finale because she violated the rules of Stranger Danger 101. What are going to be the ramifications of her getting into the car with a murderer? Paige: God bless her. Callie&apos;s decision making is always, &quot;What can I do to help somebody?&quot; and she&apos;ll do it, even when she knows it&apos;s not exactly the right thing for her. It&apos;s a huge character flaw in her that just continues to haunt her. Right now, she&apos;s in a car with someone she shouldn&apos;t be in a car with and she&apos;s got to figure out how to change that as quickly as possible. How she does that will come with consequences of their own. Who should we be the most afraid for after this episode? Paige: I don&apos;t know! There are a lot of people in a lot of trouble. Jesus is probably the most you should be the most worried about, but I don&apos;t like where Calle is either. Mariana is having a breakdown of her own. It&apos;s a pretty, pretty messy time. Brandon has lost his life dream and Jude is finally in full-on rebellion. They&apos;ve got their hands full. Fall preview: Where are your favorite shows picking up? Speaking of Jude, should we be concerned that smoking pot has become such an issue? Is it an addiction or is he just being a teenager and testing boundaries? Paige: He&apos;s a teenager. He&apos;s exploring and testing boundaries. He&apos;s trying to figure out who he is. He&apos;s sassy and a little mouthy. He doesn&apos;t want to be told what to do or who to see. It&apos;s all of those things we experience as we&apos;re coming into our own power as adolescents. I don&apos;t think Jude&apos;s decision making is great, but at the same time I don&apos;t think we&apos;re telling a &quot;He&apos;s addicted to pot!&quot; story. Stef and Lena have also hit a rough patch lately, and in this episode Stef goes directly against Lena&apos;s advice when she pushes for the detective job. Is there still trouble in paradise for them when we return next season? Paige: Stef and Lena are an extraordinary couple and extraordinary women. Like every relationship I&apos;ve ever witnessed or been apart of, there are these things that will never change, the things that you are constantly having to make peace with in order to be happy in the context of your relationship. I think that&apos;s true for our moms. Stef is an impulsive person, by nature and definition. Lena is a considered person, by nature and definition. That is going to be a constant source of challenge for them. What did you think of T he Fosters&apos; summer finale? Other Links From TVGuide.com
</post>
<signature>

</signature>
<external_links>

</external_links>
<country>US</country>
<main_image>http://www.henriettapost.com/storyimage/ZZ/20160830/ENTERTAINMENT/308309991/AR/0/AR-308309991.jpg</main_image>
</document>
