<?xml version="1.0" encoding="UTF-8"?>
<document>
<type>mainstream</type>
<forum>http://www.wsj.com/xml/rss/3_7201.xml</forum>
<forum_title>WSJ.com: Lifestyle</forum_title>
<discussion_title>Soccer Star Hope Powell’s Musical Haven</discussion_title>
<language>english</language>
<gmt_offset></gmt_offset>
<topic_url>http://www.wsj.com/articles/soccer-star-hope-powells-musical-haven-1472566442?mod=WSJ_GoogleNews</topic_url>
<topic_text>
Hope Powell, 49, is a former player and manager for the England Women’s National Football Team (in the U.S., soccer) and now works for the U.K.’s Professional Football Association. She is author of “Hope: My Life in Football” (Bloomsbury). She spoke with Marc Myers. 

My family wasn’t well off, so we didn’t have money for albums. Growing up in London, I had to rely on friends’ mix cassette tapes to play on my Sony Walkman. In 1982, a... To Read the Full Story, Subscribe or Sign In
</topic_text>
<spam_score>0.00</spam_score>
<post_num>1</post_num>
<post_id>post-1</post_id>
<post_url>http://www.wsj.com/articles/soccer-star-hope-powells-musical-haven-1472566442?mod=WSJ_GoogleNews</post_url>
<post_date>20160830</post_date>
<post_time>1014</post_time>
<username>wsjcom</username>
<post>
Hope Powell, 49, is a former player and manager for the England Women’s National Football Team (in the U.S., soccer) and now works for the U.K.’s Professional Football Association. She is author of “Hope: My Life in Football” (Bloomsbury). She spoke with Marc Myers. 

My family wasn’t well off, so we didn’t have money for albums. Growing up in London, I had to rely on friends’ mix cassette tapes to play on my Sony Walkman. In 1982, a... To Read the Full Story, Subscribe or Sign In
</post>
<signature>

</signature>
<external_links>

</external_links>
<country>US</country>
<main_image>https://si.wsj.net/public/resources/images/BN-PO872_PLAYLI_G_20160826154157.jpg</main_image>
</document>
