<?xml version="1.0" encoding="UTF-8"?>
<document>
<type>mainstream</type>
<forum>http://feeds.feedburner.com/jornalreporterdiario</forum>
<forum_title>RD – Jornal Repórter Diário</forum_title>
<discussion_title>Sobe para 12 número de mortos em ataque suicida na capital da Somália</discussion_title>
<language>portuguese</language>
<gmt_offset></gmt_offset>
<topic_url>http://www.reporterdiario.com.br/noticia/2228636/sobe-para-12-numero-de-mortos-em-ataque-suicida-na-capital-da-somalia/</topic_url>
<topic_text>
Da Redação há 31 minutos Internacional 
Um suicida detonou os explosivos que levava em um caminhão perto do portão do palácio presidencial da Somália em Mogadiscio e matou pelo menos 12 pessoas, segundo a polícia. A explosão ocorreu durante a hora do rush da manhã, segundo o capitão Mohamed Hussein, graduada autoridade policial do país. Pelo menos 31 pessoas se feriram, entre elas alguns ministros do governo. 
O ataque também deixou dez feridos e causou estragos em hotéis próximos, em geral frequentados por autoridades do governo e executivos, disse Hussein. A explosão foi ouvida em toda a capital somali e a fumaça podia ser vista por sobre o complexo presidencial. 
O grupo extremista islâmico al-Shabab reivindicou a autoria do ataque, segundo a emissora de rádio dos rebeldes Andalus. O grupo foi expulso da maior parte das cidades da Somália, mas continua a realizar ataques suicidas e com bombas, muitas vezes na capital. 
Os feridos foram levados ao Hospital Madina, de Mogadiscio, segundo o diretor do local, o médico Mohamed Yusuf. Fonte: Associated Press.
</topic_text>
<spam_score>0.00</spam_score>
<post_num>1</post_num>
<post_id>post-1</post_id>
<post_url>http://www.reporterdiario.com.br/noticia/2228636/sobe-para-12-numero-de-mortos-em-ataque-suicida-na-capital-da-somalia/</post_url>
<post_date>20160830</post_date>
<post_time>1508</post_time>
<username>Da Redação</username>
<post>
Da Redação há 31 minutos Internacional 
Um suicida detonou os explosivos que levava em um caminhão perto do portão do palácio presidencial da Somália em Mogadiscio e matou pelo menos 12 pessoas, segundo a polícia. A explosão ocorreu durante a hora do rush da manhã, segundo o capitão Mohamed Hussein, graduada autoridade policial do país. Pelo menos 31 pessoas se feriram, entre elas alguns ministros do governo. 
O ataque também deixou dez feridos e causou estragos em hotéis próximos, em geral frequentados por autoridades do governo e executivos, disse Hussein. A explosão foi ouvida em toda a capital somali e a fumaça podia ser vista por sobre o complexo presidencial. 
O grupo extremista islâmico al-Shabab reivindicou a autoria do ataque, segundo a emissora de rádio dos rebeldes Andalus. O grupo foi expulso da maior parte das cidades da Somália, mas continua a realizar ataques suicidas e com bombas, muitas vezes na capital. 
Os feridos foram levados ao Hospital Madina, de Mogadiscio, segundo o diretor do local, o médico Mohamed Yusuf. Fonte: Associated Press.
</post>
<signature>

</signature>
<external_links>

</external_links>
<country>BR</country>
<main_image>http://www.reporterdiario.com.br/wp-content/uploads/2015/12/logoRD.png</main_image>
</document>
