<?xml version="1.0" encoding="UTF-8"?>
<document>
<type>mainstream</type>
<forum>http://www.martindale.com/rss/services/ArticlesRSS.ashx?tp=all</forum>
<forum_title>All Articles on Martindale.com</forum_title>
<discussion_title>Senate Bill Would Incentivize Carbon Capture</discussion_title>
<language>english</language>
<gmt_offset></gmt_offset>
<topic_url>http://www.martindale.com/taxation-law/article_McDonald-Hopkins-LLC_2233832.htm</topic_url>
<topic_text>
Senate Bill Would Incentivize Carbon Capture by: McDonald Hopkins LLC - Cleveland Office August 30, 2016 Previously published on July 14, 2016 On Wednesday, a group of centrist Senate Democrats introduced legislation that would extend and expand tax credits aimed at incentivizing carbon capture. The bill was introduced by Senator Heidi Heitkamp (D-ND) and is co-sponsored by Senators Jon Tester (D-MT), Brian Schatz (D-HI), Tim Kaine (D-VA), Sheldon Whitehouse (D-RI) and Cory Booker (D-NJ). The legislation would incentivize the development and use of carbon capture utilization and storage technologies and processes by extending the 45Q tax credit for carbon capture, utilization and sequestration and encouraging the use of CO2 in enhanced oil recovery. The bill also seeks to increase the “commence construction” window for carbon capture projects from five to seven years and would increase the number of years to claim credits from 10 to 12 years. Lawmakers said the legislation comes months after a group of industry, environmental, and labor groups sent an April letter to Senate Finance Committee leadership in support of extending the 45Q tax credit. Carbon capture technology could also help the U.S. reduce emissions and meet goals set within the Paris Agreement. The views expressed in this document are solely the views of the author and not Martindale-Hubbell. This document is intended for informational purposes only and is not legal advice or a substitute for consultation with a licensed legal professional in a particular case or circumstance. View More Library Documents By...
</topic_text>
<spam_score>0.00</spam_score>
<post_num>1</post_num>
<post_id>post-1</post_id>
<post_url>http://www.martindale.com/taxation-law/article_McDonald-Hopkins-LLC_2233832.htm</post_url>
<post_date>20160830</post_date>
<post_time>0000</post_time>
<username></username>
<post>
Senate Bill Would Incentivize Carbon Capture by: McDonald Hopkins LLC - Cleveland Office August 30, 2016 Previously published on July 14, 2016 On Wednesday, a group of centrist Senate Democrats introduced legislation that would extend and expand tax credits aimed at incentivizing carbon capture. The bill was introduced by Senator Heidi Heitkamp (D-ND) and is co-sponsored by Senators Jon Tester (D-MT), Brian Schatz (D-HI), Tim Kaine (D-VA), Sheldon Whitehouse (D-RI) and Cory Booker (D-NJ). The legislation would incentivize the development and use of carbon capture utilization and storage technologies and processes by extending the 45Q tax credit for carbon capture, utilization and sequestration and encouraging the use of CO2 in enhanced oil recovery. The bill also seeks to increase the “commence construction” window for carbon capture projects from five to seven years and would increase the number of years to claim credits from 10 to 12 years. Lawmakers said the legislation comes months after a group of industry, environmental, and labor groups sent an April letter to Senate Finance Committee leadership in support of extending the 45Q tax credit. Carbon capture technology could also help the U.S. reduce emissions and meet goals set within the Paris Agreement. The views expressed in this document are solely the views of the author and not Martindale-Hubbell. This document is intended for informational purposes only and is not legal advice or a substitute for consultation with a licensed legal professional in a particular case or circumstance. View More Library Documents By...
</post>
<signature>

</signature>
<external_links>

</external_links>
<country>US</country>
<main_image></main_image>
</document>
