<?xml version="1.0" encoding="UTF-8"?>
<document>
<type>mainstream</type>
<forum>http://www.twcnews.com/services/contentfeed.nys.rochester.full.rss</forum>
<forum_title>TWC News</forum_title>
<discussion_title>Photo Shows Greece PD Vehicle in Handicap Spot, Chief Apologizes</discussion_title>
<language>english</language>
<gmt_offset></gmt_offset>
<topic_url>http://www.twcnews.com/nys/rochester/news/2016/08/30/greece-police-chief-apologizes-police-car-in-handicap-spot-.html</topic_url>
<topic_text>
Photo Shows Greece PD Vehicle in Handicap Spot, Chief Apologizes By TWC News Web StaffTuesday, August 30, 2016 at 07:34 AM EDT 
The Greece police chief is apologizing after a picture on social media showed one of his officers&apos; vehicles parked in a handicap spot. 
This image posted online last month apparently shows the department SUV in a parking space reserved for handicap drivers. The original poster did not state where in town it was taken, but Chief Patrick Phelan apologized on Facebook. 
&quot;This is obviously unacceptable. I can assure you that our officers are repeatedly reminded that integrity, professionalism and service are of the utmost importance. This action is not in line with those values,&quot; he wrote. 
Chief Phelan asks that such incidents in the future be properly reported to authorities so it can be investigated, rather than posted on social media. Now you can view more of our   with no login required.
</topic_text>
<spam_score>0.00</spam_score>
<post_num>1</post_num>
<post_id>post-1</post_id>
<post_url>http://www.twcnews.com/nys/rochester/news/2016/08/30/greece-police-chief-apologizes-police-car-in-handicap-spot-.html</post_url>
<post_date>20160830</post_date>
<post_time>1134</post_time>
<username>TWC News Web Staff</username>
<post>
Photo Shows Greece PD Vehicle in Handicap Spot, Chief Apologizes By TWC News Web StaffTuesday, August 30, 2016 at 07:34 AM EDT 
The Greece police chief is apologizing after a picture on social media showed one of his officers&apos; vehicles parked in a handicap spot. 
This image posted online last month apparently shows the department SUV in a parking space reserved for handicap drivers. The original poster did not state where in town it was taken, but Chief Patrick Phelan apologized on Facebook. 
&quot;This is obviously unacceptable. I can assure you that our officers are repeatedly reminded that integrity, professionalism and service are of the utmost importance. This action is not in line with those values,&quot; he wrote. 
Chief Phelan asks that such incidents in the future be properly reported to authorities so it can be investigated, rather than posted on social media. Now you can view more of our   with no login required.
</post>
<signature>

</signature>
<external_links>

</external_links>
<country>US</country>
<main_image>http://s7d2.scene7.com/is/image/TWCNews/greece-pd-handicap-spotjpg?wid=640</main_image>
</document>
