<?xml version="1.0" encoding="UTF-8"?>
<document>
<type>mainstream</type>
<forum>http://www.martindale.com/rss/services/ArticlesRSS.ashx?tp=all</forum>
<forum_title>All Articles on Martindale.com</forum_title>
<discussion_title>Is Getting Certified Worth It? Part 2: Disadvantaged Business Enterprise</discussion_title>
<language>english</language>
<gmt_offset></gmt_offset>
<topic_url>http://www.martindale.com/business-law/article_McDonald-Hopkins-LLC_2233790.htm</topic_url>
<topic_text>
Is Getting Certified Worth It? Part 2: Disadvantaged Business Enterprise by: McDonald Hopkins LLC - Cleveland Office August 30, 2016 Previously published on June 30, 2016 Does attracting potentially millions of dollars’ worth of new business interest you? With government contracting work, you can open the doors to additional business that larger companies are not eligible to receive. For instance, government agencies and corporations that do business with the government are mandated by law or corporate policies to spend approximately 20 percent of their budget with small, disadvantaged companies. Many federal, state, and city contracts that are set aside for certified small businesses go unclaimed because those businesses do not know how to be recognized as a small business. Certification is a review process designed by the certifying agencies to ensure that the business is actually owned, controlled, and operated by applicants that are an underserved group such as women, minorities, or veterans. Each program, however, comes with unique rules and compliance hurdles. Be cautioned that the Small Business Administration (SBA), the agency responsible for approving four of the five programs we will discuss in this series, denies a large percentage of the applications it receives. For example, the SBA rejects approximately 70 percent of applications under the 8(a) Business Development Program. If your application is rejected, all of the programs require that you wait a mandated time period before reapplying, in many cases one full year. Moreover, once you do reapply, your application will likely receive closer scrutiny the second time around. To have the best chance of getting certified, your application must be fully and correctly completed, with all proper documentation accompanying the application. Below is the second of five main federal certification programs we will discuss in this small business series. DISADVANTAGED BUSINESS ENTERPRISE A program similar to SBA’s 8(A) program is the Department of Transportation (DOT) Disadvantaged Business Enterprise Program (DBE). This is a federal program that is administered by each state’s DOT. The DBE program provides contracting appointments for small businesses owned and controlled by socially and economically disadvantaged individuals. Since 1983, a statutory program requires DOT to ensure that 10 percent of the funds authorized for the highway and transportation financial assistance program are to be expended with DBEs. Each DOT assisted state and local transportation agency is required to establish annual DBE goals. Most qualifications for participation in the 8(a) program and the DBE program are the same. The DBE program, however, has a few differences from the 8(a) program, including the presumption that women-owned-businesses are disadvantaged. The DBE program also sets different limits on owners’ net worth and firm’s gross revenue. The views expressed in this document are solely the views of the author and not Martindale-Hubbell. This document is intended for informational purposes only and is not legal advice or a substitute for consultation with a licensed legal professional in a particular case or circumstance. View More Library Documents By...
</topic_text>
<spam_score>0.00</spam_score>
<post_num>1</post_num>
<post_id>post-1</post_id>
<post_url>http://www.martindale.com/business-law/article_McDonald-Hopkins-LLC_2233790.htm</post_url>
<post_date>20160830</post_date>
<post_time>0000</post_time>
<username></username>
<post>
Is Getting Certified Worth It? Part 2: Disadvantaged Business Enterprise by: McDonald Hopkins LLC - Cleveland Office August 30, 2016 Previously published on June 30, 2016 Does attracting potentially millions of dollars’ worth of new business interest you? With government contracting work, you can open the doors to additional business that larger companies are not eligible to receive. For instance, government agencies and corporations that do business with the government are mandated by law or corporate policies to spend approximately 20 percent of their budget with small, disadvantaged companies. Many federal, state, and city contracts that are set aside for certified small businesses go unclaimed because those businesses do not know how to be recognized as a small business. Certification is a review process designed by the certifying agencies to ensure that the business is actually owned, controlled, and operated by applicants that are an underserved group such as women, minorities, or veterans. Each program, however, comes with unique rules and compliance hurdles. Be cautioned that the Small Business Administration (SBA), the agency responsible for approving four of the five programs we will discuss in this series, denies a large percentage of the applications it receives. For example, the SBA rejects approximately 70 percent of applications under the 8(a) Business Development Program. If your application is rejected, all of the programs require that you wait a mandated time period before reapplying, in many cases one full year. Moreover, once you do reapply, your application will likely receive closer scrutiny the second time around. To have the best chance of getting certified, your application must be fully and correctly completed, with all proper documentation accompanying the application. Below is the second of five main federal certification programs we will discuss in this small business series. DISADVANTAGED BUSINESS ENTERPRISE A program similar to SBA’s 8(A) program is the Department of Transportation (DOT) Disadvantaged Business Enterprise Program (DBE). This is a federal program that is administered by each state’s DOT. The DBE program provides contracting appointments for small businesses owned and controlled by socially and economically disadvantaged individuals. Since 1983, a statutory program requires DOT to ensure that 10 percent of the funds authorized for the highway and transportation financial assistance program are to be expended with DBEs. Each DOT assisted state and local transportation agency is required to establish annual DBE goals. Most qualifications for participation in the 8(a) program and the DBE program are the same. The DBE program, however, has a few differences from the 8(a) program, including the presumption that women-owned-businesses are disadvantaged. The DBE program also sets different limits on owners’ net worth and firm’s gross revenue. The views expressed in this document are solely the views of the author and not Martindale-Hubbell. This document is intended for informational purposes only and is not legal advice or a substitute for consultation with a licensed legal professional in a particular case or circumstance. View More Library Documents By...
</post>
<signature>

</signature>
<external_links>

</external_links>
<country>US</country>
<main_image></main_image>
</document>
