<?xml version="1.0" encoding="UTF-8"?>
<document>
<type>mainstream</type>
<forum>http://feeds.feedburner.com/jornalreporterdiario</forum>
<forum_title>RD – Jornal Repórter Diário</forum_title>
<discussion_title>Motorista do Uber é esfaqueado por taxista em Belo Horizonte</discussion_title>
<language>portuguese</language>
<gmt_offset></gmt_offset>
<topic_url>http://www.reporterdiario.com.br/noticia/2228630/motorista-do-uber-e-esfaqueado-por-taxista-em-belo-horizonte/</topic_url>
<topic_text>
Da Redação há 55 minutos Cidades 
O motorista do aplicativo Uber Rodrigo Henrique Fraga, de 24 anos, foi esfaqueado no braço na noite desta segunda-feira, 29, no bairro União, na região nordeste de Belo Horizonte. O agressor, um taxista, fugiu e ainda não foi localizado pela Polícia Militar. 
Outros dois taxistas, João de Souza Lima, de 39, e Ronei Caldeira de Paula, de 43, atingiram Rodrigo com socos e foram levados para prestar depoimento. 
Encaminhado para o Hospital de Pronto Socorro João XXIII, o motorista do Uber deverá ser liberado na manhã desta terça-feira, 30. 
Conforme a Polícia Militar, Fraga estava parado próximo ao Minas Shopping quando foi abordado pelos taxistas. O motorista do aplicativo foi retirado do veículo e então agredido. Fraga foi levado para o hospital em ambulância do centro de compras.
</topic_text>
<spam_score>0.00</spam_score>
<post_num>1</post_num>
<post_id>post-1</post_id>
<post_url>http://www.reporterdiario.com.br/noticia/2228630/motorista-do-uber-e-esfaqueado-por-taxista-em-belo-horizonte/</post_url>
<post_date>20160830</post_date>
<post_time>1507</post_time>
<username>Da Redação</username>
<post>
Da Redação há 55 minutos Cidades 
O motorista do aplicativo Uber Rodrigo Henrique Fraga, de 24 anos, foi esfaqueado no braço na noite desta segunda-feira, 29, no bairro União, na região nordeste de Belo Horizonte. O agressor, um taxista, fugiu e ainda não foi localizado pela Polícia Militar. 
Outros dois taxistas, João de Souza Lima, de 39, e Ronei Caldeira de Paula, de 43, atingiram Rodrigo com socos e foram levados para prestar depoimento. 
Encaminhado para o Hospital de Pronto Socorro João XXIII, o motorista do Uber deverá ser liberado na manhã desta terça-feira, 30. 
Conforme a Polícia Militar, Fraga estava parado próximo ao Minas Shopping quando foi abordado pelos taxistas. O motorista do aplicativo foi retirado do veículo e então agredido. Fraga foi levado para o hospital em ambulância do centro de compras.
</post>
<signature>

</signature>
<external_links>

</external_links>
<country>BR</country>
<main_image>http://www.reporterdiario.com.br/wp-content/uploads/2015/12/logoRD.png</main_image>
</document>
