<?xml version="1.0" encoding="UTF-8"?>
<document>
<type>mainstream</type>
<forum>http://feeds.mwnewsroom.com/fb/MW-New-York-City/rss</forum>
<forum_title>MW-New York City</forum_title>
<discussion_title>Silverline Further Strengthens Industry Expertise and Appoints Matt Gretczko to Vice President of Industry Strategy</discussion_title>
<language>english</language>
<gmt_offset></gmt_offset>
<topic_url>http://www.marketwired.com/press-release/-2154349.htm</topic_url>
<topic_text>
August 30, 2016 11:14 ET Silverline Further Strengthens Industry Expertise and Appoints Matt Gretczko to Vice President of Industry Strategy 
  Silverline, a Salesforce Platinum Consulting Firm headquartered in New York City, further strengthens its industry focus by promoting Matt Gretczko to Vice President of Industry Strategy. 
With this appointment, Matt will continue to lead Silverline&apos;s Healthcare Practice, and will be taking on expanded responsibility to reinforce Silverline&apos;s differentiation in the market by emphasizing the value of its industry vertical expertise. Silverline provides specific industry solutions, offerings, and assets to accelerate Salesforce implementations and extend the platform&apos;s capabilities.
</topic_text>
<spam_score>0.00</spam_score>
<post_num>1</post_num>
<post_id>post-1</post_id>
<post_url>http://www.marketwired.com/press-release/-2154349.htm</post_url>
<post_date>20160830</post_date>
<post_time>1514</post_time>
<username></username>
<post>
August 30, 2016 11:14 ET Silverline Further Strengthens Industry Expertise and Appoints Matt Gretczko to Vice President of Industry Strategy 
  Silverline, a Salesforce Platinum Consulting Firm headquartered in New York City, further strengthens its industry focus by promoting Matt Gretczko to Vice President of Industry Strategy. 
With this appointment, Matt will continue to lead Silverline&apos;s Healthcare Practice, and will be taking on expanded responsibility to reinforce Silverline&apos;s differentiation in the market by emphasizing the value of its industry vertical expertise. Silverline provides specific industry solutions, offerings, and assets to accelerate Salesforce implementations and extend the platform&apos;s capabilities.
</post>
<signature>

</signature>
<external_links>

</external_links>
<country>CA</country>
<main_image>http://www.marketwire.com/library/MwGo/2016/8/30/11G112301/Silverline_hi-respdf-1144636976040.jpg</main_image>
</document>
