<?xml version="1.0" encoding="UTF-8"?>
<document>
<type>mainstream</type>
<forum>http://www.dailymail.co.uk/home/index.rss</forum>
<forum_title>Home | Mail Online</forum_title>
<discussion_title>Russell Crowe leads Australian celebrity tributes to Gene Wilder</discussion_title>
<language>english</language>
<gmt_offset></gmt_offset>
<topic_url>http://www.dailymail.co.uk/tvshowbiz/article-3764402/Russell-Crowe-leads-Australian-celebrity-tributes-Gene-Wilder.html</topic_url>
<topic_text>
e-mail 53 shares 14
View 
comments
The news of Gene Wilder&apos;s death on Sunday night, aged 83, has left many reminiscing about their favourite movie moments. 
This included Australian Oscar winner Russell Crowe, who took to twitter to pay tribute to the Hollywood great and also re-told a story of his youth in Sydney. 
&apos;I saw Blazing Saddles 7 times at the cinema with my school friends. George St. Cows outside,&apos; he told fans. 
Scroll down for video 
&apos;I saw Blazing Saddles 7 times at the cinema with my school friends&apos;: Russell Crowe took to Twitter on Monday to reminisce about his memories of acting legend Gene Wilder
&apos;You were a genius&apos;: The Gladiator star paid tribute to the star who died on Sunday, aged 83
Adding: &apos;Gene Wilder you were a genius. Rest in Peace.&apos; 
RELATED ARTICLES Previous 1 Next &apos;If there&apos;s a heaven, he has a Golden Ticket!&apos; Tributes... Geek chic! Model Megan Blake Irwin looks flawless as she... Pretty as a petal! Former Miss USA 2012 Olivia Culpo makes a... If looks could kill! Cover girl Shanina Shaik smoulders in a... Share this article Share 53 shares While the actors never seemed to star alongside one another, the Gladiator star appeared to have great affection and admiration for the acting legend. 
The Charlie and The Chocolate Factory star passed away on Sunday night in his home in Stamford, Connecticut following a secret and lengthy battle with Alzheimer&apos;s disease. 
Russell wasn&apos;t the only one paying tribute to the comedic actor on social media. 
Great affection: While the actors never seemed to star alongside one another, the Gladiator star appeared to have great affection and admiration for the acting legend
Secret battle: The Charlie and The Chocolate Factory star passed away on Sunday night in his home in Stamford, Connecticut following a secret and lengthy battle with Alzheimer&apos;s disease
Singer Lorde also told fans her memories of the actor, revealing: &apos;always loved gene wilder as a funny, fathoms-deep mock turtle in that slept on alice in wonderland adaptation from 1999&apos;. 
Comedian Adam Hills posted not one but two quotes to express his awe, telling fans: &apos;From &quot;We are the music makers, and we are the dreamers of dreams&quot; to &quot;Little bastard shot me in the a**&quot;. RIP Gene Wilder&apos;. 
Just hours later, The Last Leg host revealed he had just watched one of the actor&apos;s films in tribute: &apos;Just watched Blazing Saddles. Farewell Gene Wilder. &quot;Nowhere special? I always wanted to go there&quot;&apos;. 
&apos;Always loved Gene Wilder in the Alice in Wonderland adaptation&apos;: Singer Lorde also told fans her memories of the actor included that of the &apos;funny, fathoms-deep mock turtle in that slept on alice in wonderland adaptation from 1999&apos;
&apos;I always wanted to go there&apos;: Comedian Adam Hills posted not one but two quotes to express his awe, quoting the actor in one, before telling fans he just watched back the comedy Blazing Saddles
&apos;Thanks for the magic&apos;: Pia Miller re-posted a silhouette of the actor as Willy Wonka, which was doing the rounds on social media
While Pia Miller re-posted a silhouette of the actor as Willy Wonka, which was doing the rounds on social media. 
The Home And Away actress added: &apos;Thanks for the magic&apos;. 
Today Show host Sylvia Jeffreys also took to Twitter to pay tribute, tweeting: &apos;RIP Gene Wilder. He brought magic to the screen. We&apos;re looking back on his many memorable performances this morning.&apos; 
&apos;He brought magic to the screen&apos;: Today Show host Sylvia Jeffreys also took to Twitter to let fans know the show would be making an on-air tribute to the star
</topic_text>
<spam_score>0.00</spam_score>
<post_num>18</post_num>
<post_id>post-18</post_id>
<post_url>http://www.dailymail.co.uk/tvshowbiz/article-3764402/Russell-Crowe-leads-Australian-celebrity-tributes-Gene-Wilder.html</post_url>
<post_date>20160830</post_date>
<post_time>1355</post_time>
<username>POB POBBINGTON</username>
<post>
It&apos;s pronounced fronkunsteen....
</post>
<signature>

</signature>
<external_links>

</external_links>
<country>GB</country>
<main_image>http://i.dailymail.co.uk/i/pix/2016/08/30/03/37B38ACA00000578-0-image-a-14_1472522835166.jpg</main_image>
</document>
