<?xml version="1.0" encoding="UTF-8"?>
<document>
<type>mainstream</type>
<forum>http://www.dailymail.co.uk/home/index.rss</forum>
<forum_title>Home | Mail Online</forum_title>
<discussion_title>Doctors failing to spot thousands of heart attacks in women with fatal results</discussion_title>
<language>english</language>
<gmt_offset></gmt_offset>
<topic_url>http://www.dailymail.co.uk/health/article-3763909/Doctors-failing-spot-thousands-heart-attacks-women-fatal-results.html</topic_url>
<topic_text>
e-mail 303 shares 128
View 
comments

Doctors are failing to spot thousands of heart attacks suffered by women every year, a major study warns today. 
According to an analysis of 600,000 British patients, women are 50 per cent more likely than men to have a heart attack misdiagnosed. 
Experts said this &apos;alarming&apos; disparity in diagnosis may be because doctors wrongly think of heart disease as a problem that only affects middle-aged overweight men. 
As a result, they are more likely to incorrectly diagnose women heart attack sufferers as having a less serious problem - such as indigestion or muscle pain. 
Staggering: Women are 50 per cent more likely than men to have a heart attack misdiagnosed
That mistake can be fatal, delaying treatment and driving up death rates by as much as 70 per cent. 
Some 69,000 women have a heart attack in Britain each year - nearly 20,000 more than are diagnosed with breast cancer. 
Today&apos;s study, led by the University of Leeds, may explain why women are more likely than men to die after a heart attack. 
Dr Chris Gale, a consultant cardiologist at the university, said: &apos;We need to work harder to shift the perception that heart attacks only affect a certain type of person. 
&apos;Typically, when we think of a person with a heart attack, we envisage a middle aged man who is overweight, has diabetes and smokes. 
&apos;This is not always the case. Heart attacks affect the wider spectrum of the population – including women.&apos; 
&apos;I THOUGHT IT WAS INDIGESTION&apos;: EX-NURSE REVEALS HOW SHE DISMISSED HER OWN SYMPTOMS BEFORE HEART ATTACK When Alison Fillingham (pictured) suffered a heart attack in June, she initially dismissed the symptoms as merely indigestion
When Alison Fillingham suffered a heart attack in June, she initially dismissed the symptoms. 
&apos;I had this really bad pain near my collarbone and neck – and it spread to my jaw,&apos; the 49-year-old from Bolton said. 
&apos;But it never occurred to me it was a heart attack. I keep fit, I do lots of walking with my dog and do yoga two or three times a week. 
&apos;You think of someone having a heart attack as a portly man – I never thought it would happen to me. 
&apos;I thought it was indigestion, maybe gallstones.&apos; 
When the pain got so bad her sister Jennifer made her call an ambulance, the emergency medics were also dismissive. 
Mrs Fillingham, mother to a 24-year-old son, said: &apos;When the paramedics arrived they told me I was just having a panic attack, so I was taken to the hospital with no urgency.&apos; 
Even when she arrived at the Royal Bolton, there was little concern. 
&apos;Because I look fit and well nobody thought it was a heart attack, said Mrs Fillingham. 
&apos;They did an ECG, but that didn&apos;t show anything, but then a few hours later, some blood tests came back and showed it was a heart attack.&apos; 
Mrs Fillingham, who works as a home carer for elderly people after a 24-year career as a nurse, was taken to Wythenshawe Hospital in Manchester, where an angiogram showed she had a blocked artery. 
She had a heart bypass procedure and has been recovering for the past 11 weeks. 
&apos;Knowing how much this delayed diagnosis could have put my life at risk, I wish I&apos;d recognised the symptoms and called the ambulance immediately,&apos; she said. 
Doctors warn that not enough people know the symptoms of a heart attack - and often mistake the warning signs for indigestion or muscle pain. 
Many people assume that a heart attack strikes suddenly, with someone clutching their chest and keeling over. 
Instead, it happens gradually, with people typically complaining of nausea and an aching chest, jaw or arms. 
Rapid treatment is essential, with nearly half of the salvageable heart muscle being lost in the first hour of the attack starting. 
Yet only one in four attack victims get treated within this short window. 
RELATED ARTICLES Previous 1 Next Is Med diet better than statins for cutting heart risk?... Could the Paleo diet save YOU from a heart attack? Just 8... Share this article Share To accurately diagnose a heart attack doctors have to conduct a set of blood tests and scans – but too often the patient is misdiagnosed with another problem, and the tests are not done until their condition has deteriorated. 
Women themselves also ofetn view heart issues as a typically &apos;male disease&apos;, scientists think. This means that when they start noticing symptoms they often do not seek help. 
Dr Gale&apos;s research team examined records gathered over nine years at 243 NHS hospitals in England and Wales between April 2004 and March 2013. 
They found that overall, 198,534 men and women – a third of all heart attack patients - were initially misdiagnosed, before doctors later gave a correct diagnosis. 
But the data revealed that women were 59 per cent more likely than men to receive an initial misdiagnosis for the most severe type of heart attack - a STEMI attack in which there is a total blockage of the main artery. 
For NSTEMI attacks, in which there is a partial blockage, women were 41 per cent more likely than men to be misdiagnosed at first. 
Looking across all types of heart attack, women were 50 per cent more likely than men to have their heart attack misdiagnosed, according to the study in the European heart journal Acute Cardiovascular Care, 
Women are more likely to complain of indigestion or a &apos;funny turn&apos;, while men get chest pains
Speaking at the European Society of Cardiology congress in Rome, Dr Gale added: &apos;This research clearly shows that women are at a higher risk of being misdiagnosed following a heart attack than men.&apos; 
Some 69,000 women have a heart attack in the UK every year, compared to 119,000 men. But women are more likely to die as a result of the attack. 
A separate study based on Swedish data, also presented by Dr Gale at the conference, suggested women are between 13 per cent and 53 per cent more likely than men to die following a heart attack, depending on the type of attack. 
He said that UK data might be slightly different, but added: &apos;This would perhaps serve as an example of how big the problem is.&apos; 
Dr Gale said one problem is that women have different symptoms to men – they are more likely to complain of indigestion, palpitations or a &apos;funny turn&apos;, for example. 
Women also more likely to be elderly and suffer from other complications such as diabetes, which makes spotting the problems harder. 
More research is urgently needed to enable more accurate diagnosis of a heart attack, particularly in women 
Dr Mike Knapton, British Heart Foundation assoc medical director But he said doctors and patients alike have to be taught that heart attacks can strike men as well as women – and can present in a variety of different symptoms. 
&apos;It&apos;s not necessarily 20 minutes of crushing chest pain, it may be some chest pain and a funny turn, or a feeling of palpitations and a bit of chest pain. 
&apos;It can be difficult but we have to work in an urgent environment and we have to work quickly,&apos; he said. 
&apos;Heart attack care is all about speed. 
&apos;They come in from the ambulance clutching their chest and someone says, &apos;I think you&apos;ve got gallstones, or pancreatitis, or I think you&apos;re having a heart attack.&apos; 
His team found that women who were initially diagnosed with a heart attack had a 2.5 per cent of dying within 30 days. If they were initially misdiagnosed, their risk of death went up 70 per cent, to 4.2 per cent. 
Men, in comparison, had an initial 1.8 per cent risk of death, which rose to 3.2 per cent if they were misdiagnosed. 
Dr Gale said: &apos;Healthcare professionals need to be aware that we need to give all eligible treatments to females and we need to all be aware that females who suffer a heart attack are at risk of death. 
&apos;It&apos;s about educating the public but it is also about ensuring we have continual professional development for healthcare professionals. 
&apos;In A&amp;E it&apos;s not just doctors, it&apos;s emergency nurses, it&apos;s ambulance staff, paramedics. 
&apos;It&apos;s not just me as the cardiologist, it&apos;s the whole system.&apos; 
Previous research shows women are less likely to receive standard medications for heart disease and less likely to get on rehabilitation programmes. 
Dr Mike Knapton, associate medical director at the British Heart Foundation, which funded the research, said: &apos;Thanks to this study we now have a better understanding of the experiences of both men and women when they are diagnosed as having suffered a heart attack. 
&apos;The difference is alarmingly high.&apos; 
He said blood tests to rapidly diagnose heart attacks – which are currently being tested – could help solve the problem. 
Experts said this &apos;alarming&apos; disparity in diagnosis may be because doctors wrongly think of heart disease as a problem that only affects middle-aged overweight men
&apos;This new study highlights the current scale of the issue and confirms more research is urgently needed into tests that will enable earlier and more accurate diagnosis of a heart attack, particularly in women.&apos; 
An NHS England spokesman said: &apos;Survival rates for heart attacks are the best they have ever been and swift diagnosis and treatment is key to this. 
&apos;We are working hard to continually improve tests for accurately diagnosing heart attacks in both men and women so that correct treatment can begin without delay, ensuring the best possible recovery for patients. 
&apos;We are also working to increase awareness of signs and symptoms of heart attack amongst both the public and healthcare professionals as this will help speed up diagnosis.&apos;
</topic_text>
<spam_score>0.00</spam_score>
<post_num>72</post_num>
<post_id>post-72</post_id>
<post_url>http://www.dailymail.co.uk/health/article-3763909/Doctors-failing-spot-thousands-heart-attacks-women-fatal-results.html</post_url>
<post_date>20160830</post_date>
<post_time>0207</post_time>
<username>Jen</username>
<post>
I have had two angioplasties(having stents put in my arteries) My angina pain is an ache in my RIGHT shoulder. It took me several months to get diagnosed initially - three doctors said it couldn&apos;t be angina but finally I got sent to a cardiac clinic for the treadmill test - which confirmed it! It is about time that it was realised that there is a LOT of variation in how, and how strongly , people experience pain.
</post>
<signature>

</signature>
<external_links>

</external_links>
<country>GB</country>
<main_image>http://i.dailymail.co.uk/i/pix/2016/08/29/22/37B148CA00000578-0-image-a-40_1472505841124.jpg</main_image>
</document>
