<?xml version="1.0" encoding="UTF-8"?>
<document>
<type>mainstream</type>
<forum>http://feeds.feedburner.com/sharenet_news_eubiz</forum>
<forum_title>Sharenet News Headlines</forum_title>
<discussion_title>Denmark, Sweden toughen up asylum rules despite falling numbers</discussion_title>
<language>english</language>
<gmt_offset></gmt_offset>
<topic_url>http://www.sharenet.co.za/news/Denmark_Sweden_toughen_up_asylum_rules_despite_falling_numbers/03fe3a570c89456945ca0bf61be9336a</topic_url>
<topic_text>
International Denmark, Sweden toughen up asylum rules despite falling numbers COPENHAGEN/STOCKHOLM (Reuters) - Denmark and Sweden will toughen up asylum rules further as the two countries look to prevent a repeat of last year&apos;s record numbers and calm public fears about the financial burden on traditionally generous welfare states. Around 250,000 people sought asylum in the Nordic region last year, most of them in Sweden, straining tolerance and pressuring government budgets. Tougher rules, along with efforts by the European Union to make its external borders less porous, have slashed asylum applications this year. But Denmark, which has taken a tougher line on immigration than its Nordic neighbours in recent years including a &quot;jewelry bill&quot; that allows police to confiscate refugees&apos; valuables, and Sweden want to go further. Denmark said on Tuesday it would introduce a law to enable police to reject asylum seekers at the borders in times of crisis. &quot;We are getting the flow of refugees under control. But we cannot relax,&quot; the Ministry for Immigration, Integration and Housing said in a report. &quot;The pressure on Europe and Denmark could intensify again.&quot; In Denmark, applications have fallen to 5,305 in the first seven months of this year from 21,300 in 2015. Sweden&apos;s centre-left government said on Tuesday it would cut grants given to local authorities to house young asylum seekers who arrive in the country without their parents. &quot;Last year Sweden took 40 percent of all the unaccompanied minors who came to the EU,&quot; Integration Minister Ylva Johansson said. &quot;That is an unsustainable allocation.&quot; The new rules, which cut subsidies to 1,350 crowns per day will be introduced in the middle of next year and will save Sweden around 7 billion Swedish crowns ($820 million) annually from 2018, the government said. EMERGENCY BRAKE More than one million migrants and refugees crossed into Europe last year, putting pressure on the Dublin rules under which the member state where asylum seekers first apply for protection is responsible for examining their claims. Inspired by neighbour Norway, where a similar law was adopted in June, the Danish government said it needed to prepare for a situation where the Dublin agreement ceased to work. &quot;If and when we do pull the emergency brake, it is because we believe the Dublin cooperation genuinely has fallen apart,&quot; Minister of Integration Inger Stojberg told a news conference. The government also wants faster extradition of asylum seekers who have had their applications rejected, tougher standards to qualify for benefits and increased security at asylum centres. The proposals have yet to be adopted by the parliament, where the governing Liberal Party holds only 34 out of 179 seats and depends on three other parties to pass laws. In a U-turn on decades of generous asylum policies, Sweden has introduced border controls and restrictions on family reunions, and introduced temporary residence permits. Asylum numbers are expected to drop to around 35,000 this year from more than 160,000 in 2015. The government has said it expects to save around 100 billion Swedish crowns over the next four years as a result of tighter asylum policies. (Reporting by Nikolaj Skydsgaard and Simon Johnson; Editing by Catherine Evans)   13:58:19  53:57©  
</topic_text>
<spam_score>0.00</spam_score>
<post_num>1</post_num>
<post_id>post-1</post_id>
<post_url>http://www.sharenet.co.za/news/Denmark_Sweden_toughen_up_asylum_rules_despite_falling_numbers/03fe3a570c89456945ca0bf61be9336a</post_url>
<post_date>20160830</post_date>
<post_time>1453</post_time>
<username></username>
<post>
International Denmark, Sweden toughen up asylum rules despite falling numbers COPENHAGEN/STOCKHOLM (Reuters) - Denmark and Sweden will toughen up asylum rules further as the two countries look to prevent a repeat of last year&apos;s record numbers and calm public fears about the financial burden on traditionally generous welfare states. Around 250,000 people sought asylum in the Nordic region last year, most of them in Sweden, straining tolerance and pressuring government budgets. Tougher rules, along with efforts by the European Union to make its external borders less porous, have slashed asylum applications this year. But Denmark, which has taken a tougher line on immigration than its Nordic neighbours in recent years including a &quot;jewelry bill&quot; that allows police to confiscate refugees&apos; valuables, and Sweden want to go further. Denmark said on Tuesday it would introduce a law to enable police to reject asylum seekers at the borders in times of crisis. &quot;We are getting the flow of refugees under control. But we cannot relax,&quot; the Ministry for Immigration, Integration and Housing said in a report. &quot;The pressure on Europe and Denmark could intensify again.&quot; In Denmark, applications have fallen to 5,305 in the first seven months of this year from 21,300 in 2015. Sweden&apos;s centre-left government said on Tuesday it would cut grants given to local authorities to house young asylum seekers who arrive in the country without their parents. &quot;Last year Sweden took 40 percent of all the unaccompanied minors who came to the EU,&quot; Integration Minister Ylva Johansson said. &quot;That is an unsustainable allocation.&quot; The new rules, which cut subsidies to 1,350 crowns per day will be introduced in the middle of next year and will save Sweden around 7 billion Swedish crowns ($820 million) annually from 2018, the government said. EMERGENCY BRAKE More than one million migrants and refugees crossed into Europe last year, putting pressure on the Dublin rules under which the member state where asylum seekers first apply for protection is responsible for examining their claims. Inspired by neighbour Norway, where a similar law was adopted in June, the Danish government said it needed to prepare for a situation where the Dublin agreement ceased to work. &quot;If and when we do pull the emergency brake, it is because we believe the Dublin cooperation genuinely has fallen apart,&quot; Minister of Integration Inger Stojberg told a news conference. The government also wants faster extradition of asylum seekers who have had their applications rejected, tougher standards to qualify for benefits and increased security at asylum centres. The proposals have yet to be adopted by the parliament, where the governing Liberal Party holds only 34 out of 179 seats and depends on three other parties to pass laws. In a U-turn on decades of generous asylum policies, Sweden has introduced border controls and restrictions on family reunions, and introduced temporary residence permits. Asylum numbers are expected to drop to around 35,000 this year from more than 160,000 in 2015. The government has said it expects to save around 100 billion Swedish crowns over the next four years as a result of tighter asylum policies. (Reporting by Nikolaj Skydsgaard and Simon Johnson; Editing by Catherine Evans)   13:58:19  53:57©  
</post>
<signature>

</signature>
<external_links>

</external_links>
<country>ZA</country>
<main_image></main_image>
</document>
