<?xml version="1.0" encoding="UTF-8"?>
<document>
<type>mainstream</type>
<forum>http://feeds.feedburner.com/ewallstreeter/OWxp</forum>
<forum_title>eWallstreeter</forum_title>
<discussion_title>101 Ways To Save Money</discussion_title>
<language>english</language>
<gmt_offset></gmt_offset>
<topic_url>http://ewallstreeter.com/ways-to-save-money-1808/</topic_url>
<topic_text>
101 Ways To Save Money From Forbes - Personal FinanceAugust 30, 2016 - 8:00am Cutting costs isn&apos;t about depriving yourself. It&apos;s about making sure your spending aligns with your values. Here are ways to save money on the expenses that bring you least joy.  
</topic_text>
<spam_score>0.00</spam_score>
<post_num>1</post_num>
<post_id>post-1</post_id>
<post_url>http://ewallstreeter.com/ways-to-save-money-1808/</post_url>
<post_date>20160830</post_date>
<post_time>1200</post_time>
<username></username>
<post>
101 Ways To Save Money From Forbes - Personal FinanceAugust 30, 2016 - 8:00am Cutting costs isn&apos;t about depriving yourself. It&apos;s about making sure your spending aligns with your values. Here are ways to save money on the expenses that bring you least joy.  
</post>
<signature>

</signature>
<external_links>

</external_links>
<country>US</country>
<main_image></main_image>
</document>
