<?xml version="1.0" encoding="UTF-8"?>
<document>
<type>mainstream</type>
<forum>http://rssfeeds.wkyc.com/_/20/63681813/WKYC/AkronCantonNews</forum>
<forum_title>WKYC - Akron</forum_title>
<discussion_title>#Rising preview: Akron pain &amp; triumph</discussion_title>
<language>english</language>
<gmt_offset></gmt_offset>
<topic_url>http://rssfeeds.wkyc.com/_/20/63681813/WKYC/http&amp;#x3a;&amp;#x2f;&amp;#x2f;www&amp;#x2e;wkyc&amp;#x2e;com&amp;#x2f;entertainment&amp;#x2f;television&amp;#x2f;programs&amp;#x2f;rising&amp;#x2f;rising-preview-of-an-akrons-family-story-of-pain-and-triumph&amp;#x2f;311225806</topic_url>
<topic_text>
Close #Rising preview: Akron family&apos;s story of pain and triumph Reporter Danielle Wiggins previews the first episode in WKYC&apos;s new series #Rising. #Rising will air Tuesdays within our 7 p.m. newscast. Danielle Wiggins , WKYC 10:02 AM. EST August 30, 2016 
AKRON, Ohio -- Everyone faces obstacles. 
The trials of life can leave some broken and others unmoved. 
But instead of being crushed or unchanged, some choose to rise. This is the premise of WKYC&apos;s new series #Rising. 
On Tuesday&apos;s WKYC morning show, traffic reporter Danielle Wiggins shared a preview of what the audience can expect from #Rising. 
The first episode chronicles the personal and heartbreaking story of Morgan Riley Bishop, an Akron toddler diagnosed with a rare genetic disorder. Her parents, Kenan and DeNica Bishop, say the trials they faced with Morgan strengthened their family and their marriage. 
&quot;Their family says that Morgan Riley is really an inspiration to them and everyone they&apos;ve met,&quot; Wiggins explains. &quot;They&apos;re ready to share their story and pass on the lessons they&apos;ve learned to help others in our community.&quot; 
#Rising will air on Tuesdays within WKYC&apos;s 7 p.m. newscast. 
(© 2016 WKYC)
</topic_text>
<spam_score>0.00</spam_score>
<post_num>1</post_num>
<post_id>post-1</post_id>
<post_url>http://rssfeeds.wkyc.com/_/20/63681813/WKYC/http&amp;#x3a;&amp;#x2f;&amp;#x2f;www&amp;#x2e;wkyc&amp;#x2e;com&amp;#x2f;entertainment&amp;#x2f;television&amp;#x2f;programs&amp;#x2f;rising&amp;#x2f;rising-preview-of-an-akrons-family-story-of-pain-and-triumph&amp;#x2f;311225806</post_url>
<post_date>20160830</post_date>
<post_time>1514</post_time>
<username></username>
<post>
Close #Rising preview: Akron family&apos;s story of pain and triumph Reporter Danielle Wiggins previews the first episode in WKYC&apos;s new series #Rising. #Rising will air Tuesdays within our 7 p.m. newscast. Danielle Wiggins , WKYC 10:02 AM. EST August 30, 2016 
AKRON, Ohio -- Everyone faces obstacles. 
The trials of life can leave some broken and others unmoved. 
But instead of being crushed or unchanged, some choose to rise. This is the premise of WKYC&apos;s new series #Rising. 
On Tuesday&apos;s WKYC morning show, traffic reporter Danielle Wiggins shared a preview of what the audience can expect from #Rising. 
The first episode chronicles the personal and heartbreaking story of Morgan Riley Bishop, an Akron toddler diagnosed with a rare genetic disorder. Her parents, Kenan and DeNica Bishop, say the trials they faced with Morgan strengthened their family and their marriage. 
&quot;Their family says that Morgan Riley is really an inspiration to them and everyone they&apos;ve met,&quot; Wiggins explains. &quot;They&apos;re ready to share their story and pass on the lessons they&apos;ve learned to help others in our community.&quot; 
#Rising will air on Tuesdays within WKYC&apos;s 7 p.m. newscast. 
(© 2016 WKYC)
</post>
<signature>

</signature>
<external_links>

</external_links>
<country>US</country>
<main_image>http://content.wkyc.com/photo/2016/08/30/%23Rising%20moment_1472568452505_5881650_ver1.0_640_360.png</main_image>
</document>
