<?xml version="1.0" encoding="UTF-8"?>
<document>
<type>mainstream</type>
<forum>http://www.southburnetttimes.com.au/feeds/rss/homepage</forum>
<forum_title>southburnetttimes.com.au: South Burnett Times Homepage</forum_title>
<discussion_title>Two drink drivers charged on South Burnett roads</discussion_title>
<language>english</language>
<gmt_offset></gmt_offset>
<topic_url>http://www.southburnetttimes.com.au/news/two-drink-drivers-charged-on-south-burnett-roads/3083853/</topic_url>
<topic_text>
Two drink drivers charged on South Burnett roads 30th Aug 2016 10:57 AM Local Real Estate Cars For Sale 
SOUTH Burnett police have charged a man driving with a blood alcohol level more than four times the legal limit. 
Murgon police charged the 45-year-old Brisbane man allegedly with driving with blood alcohol concentration of 0.215 at the weekend. 
Police pulled the driver over at the corner Stephen and Macalister Streets in Murgon. 
The man was arrested and granted bail to appear in Murgon Magistrate&apos;s Court on September 20. 
Police have also charged a 20-year-old P-plate driver with drink driving. 
Police pulled over a Kingaroy man driving on Fisher St at 11.30pm on Thursday, September 25. 
Police will allege he was driving with a blood alcohol level of 0.041. 
He was given a notice to appear in the Kingaroy Magistrates Court in September. drink driving
</topic_text>
<spam_score>0.00</spam_score>
<post_num>1</post_num>
<post_id>post-1</post_id>
<post_url>http://www.southburnetttimes.com.au/news/two-drink-drivers-charged-on-south-burnett-roads/3083853/</post_url>
<post_date>20160829</post_date>
<post_time>1400</post_time>
<username></username>
<post>
Two drink drivers charged on South Burnett roads 30th Aug 2016 10:57 AM Local Real Estate Cars For Sale 
SOUTH Burnett police have charged a man driving with a blood alcohol level more than four times the legal limit. 
Murgon police charged the 45-year-old Brisbane man allegedly with driving with blood alcohol concentration of 0.215 at the weekend. 
Police pulled the driver over at the corner Stephen and Macalister Streets in Murgon. 
The man was arrested and granted bail to appear in Murgon Magistrate&apos;s Court on September 20. 
Police have also charged a 20-year-old P-plate driver with drink driving. 
Police pulled over a Kingaroy man driving on Fisher St at 11.30pm on Thursday, September 25. 
Police will allege he was driving with a blood alcohol level of 0.041. 
He was given a notice to appear in the Kingaroy Magistrates Court in September. drink driving
</post>
<signature>

</signature>
<external_links>

</external_links>
<country>AU</country>
<main_image>https://media.apnarm.net.au/img/media/images/2016/08/30/b88295362z1_20160830174555_000g0t9su261-0-uwj5b3iu8wqheo83tm2_fct3836x2848_ct300x300.jpg</main_image>
</document>
