<?xml version="1.0" encoding="UTF-8"?>
<document>
<type>mainstream</type>
<forum></forum>
<forum_title></forum_title>
<discussion_title>Elecciones Generales 2016: La investidura de Mariano Rajoy, en imágenes - El candidato a presidente de Gobierno propuesto... | Espana | EL MUNDO</discussion_title>
<language>spanish</language>
<gmt_offset></gmt_offset>
<topic_url>http://www.elmundo.es/album/espana/2016/08/30/57c59c32468aebda178b466b.html</topic_url>
<topic_text>
Jornada de investidura La investidura de Mariano Rajoy, en imágenes El candidato a presidente de Gobierno propuesto por el Rey, Mariano Rajoy, afronta hoy la primera jornada del debate de investidura, con el único apoyo hasta el momento de Ciudadanos y de Coalición Canaria Actualizado: 30/08/2016 17:17 horas 
</topic_text>
<spam_score>0.91</spam_score>
<post_num>1</post_num>
<post_id>post-1</post_id>
<post_url>http://www.elmundo.es/album/espana/2016/08/30/57c59c32468aebda178b466b.html</post_url>
<post_date>20160830</post_date>
<post_time></post_time>
<username>Juan Carlos Hidalgo</username>
<post>
Jornada de investidura La investidura de Mariano Rajoy, en imágenes El candidato a presidente de Gobierno propuesto por el Rey, Mariano Rajoy, afronta hoy la primera jornada del debate de investidura, con el único apoyo hasta el momento de Ciudadanos y de Coalición Canaria Actualizado: 30/08/2016 17:17 horas 
</post>
<signature>

</signature>
<external_links>

</external_links>
<country>ES</country>
<main_image>http://estaticos.elmundo.es/assets/multimedia/imagenes/2016/08/30/14725689599278.jpg</main_image>
</document>
