<?xml version="1.0" encoding="UTF-8"?>
<document>
<type>mainstream</type>
<forum>http://www.wsj.com/xml/rss/3_7201.xml</forum>
<forum_title>WSJ.com: Lifestyle</forum_title>
<discussion_title>Daily Swims for a 90-Year-Old</discussion_title>
<language>english</language>
<gmt_offset></gmt_offset>
<topic_url>http://www.wsj.com/articles/daily-swims-for-a-90-year-old-1472475601?mod=WSJ_GoogleNews</topic_url>
<topic_text>
25 COMMENTS When Leo Shliselberg was diagnosed with prostate cancer in 2001, he requested that his radiation appointments be scheduled around his daily swim routine. “The first day I had radiation, I went out and walked 2 miles afterward to prove to myself I was still strong,” says Mr. Shliselberg, 90.
He has undergone 45 rounds of radiation and never missed a day in the pool due to treatment. He still has small traces of cancer in his body and takes an oral chemotherapy drug daily. 
Mr. Shliselberg started his regular workout routine only after he retired in 1991 after 20 years at New York Telephone Co., checking wires and connections from 8 a.m. to 9 p.m. “When I retired, I needed to find purpose. I had to keep working my mind and body, because if you don’t use it, as they say, you lose it.” 
ENLARGE “When I am alone in the pool, it is my time to think,” says Mr. Shliselberg. He arrives at the pool at the Hebrew Home in Riverdale, N.Y., when it opens each day at 1 p.m. Photo: Benjamin Hoste for The Wall Street Journal This past March, he and his wife, Rita, 85, moved to an apartment at RiverWalk, an independent senior residence on the campus of the Hebrew Home in Riverdale, N.Y. The campus has an indoor pool a five-minute walk from his apartment, so he can swim year round. 
Related Reading More on people and their exercise routines from The Wall Street Journal’s “What’s Your Workout?” column
Tips for Exercising While Sick Aug. 29, 2016 Fashion Designer Is Always Making Waves Aug. 22, 2016 Once an Olympic Hopeful, Always Staying Fit Aug. 15, 2016 Achieving Fitness, Inspired by Prison Aug. 1, 2016 The Challenge of a Good Climb July 25, 2016 “Leo prides himself on how great of a shape he’s in,” says David Nanus, chief of the division of hematology and medical oncology at Weill Cornell Medical College in New York City. Dr. Nanus has been taking care of Mr. Shliselberg since 2005 and sees him every six months. “There is no question in my mind that swimming has contributed to how extremely well he is doing and his positive attitude.” 
Even on days when he feels tired, Mr. Shliselberg says he gets re-energized just thinking about swimming. “You have to make an effort in life if we want to live the fullest life. Time in the pool really isn’t that much effort.”
The Workout Mr. Shliselberg is at the pool like clockwork, five days a week. “He’s always the first one waiting at the door just before we open at 1 p.m.,” says Ivan Pineiro, a lifeguard at the pool. “He’ll chat when he first comes in, but when he gets in the pool, he is in the zone.” 
“I like doing my workout the first chance I get so I don’t have any excuse,” Mr. Shliselberg says. “I build my schedule around when the pool opens.” During radiation, on days when he felt tired or sick, he says he would take his swim slowly and take breaks between laps.
He swims 21 laps in the 36-foot-long pool, always breaststroke. It usually takes him about an hour. He prefers breaststroke because he says it feels like he’s stretching out his body as he swims and he finds it easier to breathe. While many people use their workout to socialize or for camaraderie, Mr. Shliselberg says he prefers to work out on his own.
ENLARGE Mr. Shliselberg looks out at the Hudson River near his home. Photo: Benjamin Hoste for The Wall Street Journal “When I am alone in the pool, it is my time to think,” he says. Mr. Shliselberg is Jewish and recites readings from the Book of Moses in his head to keep from getting bored. He says he dedicates a lap to his wife and each of his four children and seven grandchildren. 
The Diet Mr. Shliselberg’s eating habits changed dramatically in March, when he was diagnosed as prediabetic with high cholesterol. His doctor ordered him to curb his sweet tooth.
“I used to eat a half-gallon of ice cream each night and a chocolate bar a day,” he says. He quit his sugary indulgences cold turkey and now sticks to a low-fat diet. He eats Special K cereal with milk, whole-grain toast and coffee for breakfast and he always drinks a glass of milk and a glass of tomato juice. Twice a week he’ll add an egg.
ENLARGE Mr. Shliselberg flips through an family photo album in his home. After meeting and marrying his wife in Israel, although she grew up in Albany, N.Y., they moved to the New York City in 1962 where Mr. Shliselberg worked for the phone company until he retired at the age of 65. Photo: Benjamin Hoste for The Wall Street Journal Lunch is usually low-fat cottage cheese, apple sauce and tomato soup. Sometimes he’ll make a sandwich of lox, onion, tomato and farmer’s cheese. When he is hungry, he’ll eat roast chicken or fish for dinner. Most nights he has a light meal of applesauce and cottage cheese or a lox sandwich. He always has a cup of tea in the evening.
Gear Part of the appeal to Mr. Shliselberg of swimming is that it requires minimal gear. “Ear plugs, goggles and swim trunks are all I need,” he says.
</topic_text>
<spam_score>0.00</spam_score>
<post_num>5</post_num>
<post_id>post-5</post_id>
<post_url>http://www.wsj.com/articles/daily-swims-for-a-90-year-old-1472475601?mod=WSJ_GoogleNews</post_url>
<post_date>20160829</post_date>
<post_time>2029</post_time>
<username>andrew young</username>
<post>
Virtually all 90-year old men have prostate cancer, many without knowing it, and could be considered prostate cancer survivors. As noted by medical professor Nortin Hadler of the University of North Carolina, a significant number of men in the United States each year are treated for slow-growing forms of prostate cancer, enduring permanent harm from the treatment, when doing nothing would have been the wiser decision. Nonetheless, I trust that the gentleman in this story had a particularly aggressive form of the disease and that his treatment was necessary and life-saving.
</post>
<signature>

</signature>
<external_links>

</external_links>
<country>US</country>
<main_image>https://si.wsj.net/public/resources/images/BN-PO724_WORKOU_G_20160826114204.jpg</main_image>
</document>
