<?xml version="1.0" encoding="UTF-8"?>
<document>
<type>mainstream</type>
<forum></forum>
<forum_title></forum_title>
<discussion_title>Google discontinues the Chromebook Pixel 2 without replacing it | Ars Technica</discussion_title>
<language>english</language>
<gmt_offset></gmt_offset>
<topic_url>http://arstechnica.com/gadgets/2016/08/google-discontinues-the-chromebook-pixel-2-without-replacing-it/</topic_url>
<topic_text>
Google discontinues the Chromebook Pixel 2 without replacing it Google remains &quot;committed to the Pixel program,&quot; but there&apos;s no replacement yet. Aug 30, 2016 3:00 pm UTC Enlarge / The Chromebook Pixel 2. Andrew Cunningham reader comments 3 Share this story 
Since it was introduced in 2013, Google&apos;s Chromebook Pixel line has always been an option for people who love Chrome OS and high-quality hardware and aren&apos;t worried about paying money to get both. But according to a statement from Google given to VentureBeat , Google has discontinued 2015&apos;s Chromebook Pixel 2 , and there&apos;s no replacement in sight. 
“We’re committed to the Pixel program but we don’t have plans to restock the Pixel 2,” a Google spokesperson said. 
The team that developed the Pixel and Pixel 2 also designed the more recent Pixel C, an Android tablet that almost definitely began life as a Chrome OS device . It&apos;s possible that Google intends to refocus the Pixel brand around Android rather than Chrome OS, given that Android will soon have a very desktop-y windowed multitasking mode . Google is also said to be merging Android and Chrome OS at some point in the future. 
People looking for a high-quality Chromebook in the same general neighborhood as the Pixel should look to HP&apos;s Chromebook 13, an all-aluminum Chromebook that starts at $499 for a dual-core Pentium CPU, 4GB of RAM, 32GB of storage, and a 3200×1800 display. An $819 version with 8GB of RAM and a Core m5 CPU will come closer to the Pixel&apos;s performance. Andrew Cunningham Andrew has a B.A. in Classics from Kenyon College and has over five years of experience in IT. His work has appeared on Charge Shot!!! and AnandTech, and he records a weekly book podcast called Overdue . 
</topic_text>
<spam_score>0.00</spam_score>
<post_num>1</post_num>
<post_id>post-1</post_id>
<post_url>http://arstechnica.com/gadgets/2016/08/google-discontinues-the-chromebook-pixel-2-without-replacing-it/</post_url>
<post_date>20160830</post_date>
<post_time></post_time>
<username>Andrew Cunningham</username>
<post>
Google discontinues the Chromebook Pixel 2 without replacing it Google remains &quot;committed to the Pixel program,&quot; but there&apos;s no replacement yet. Aug 30, 2016 3:00 pm UTC Enlarge / The Chromebook Pixel 2. Andrew Cunningham reader comments 3 Share this story 
Since it was introduced in 2013, Google&apos;s Chromebook Pixel line has always been an option for people who love Chrome OS and high-quality hardware and aren&apos;t worried about paying money to get both. But according to a statement from Google given to VentureBeat , Google has discontinued 2015&apos;s Chromebook Pixel 2 , and there&apos;s no replacement in sight. 
“We’re committed to the Pixel program but we don’t have plans to restock the Pixel 2,” a Google spokesperson said. 
The team that developed the Pixel and Pixel 2 also designed the more recent Pixel C, an Android tablet that almost definitely began life as a Chrome OS device . It&apos;s possible that Google intends to refocus the Pixel brand around Android rather than Chrome OS, given that Android will soon have a very desktop-y windowed multitasking mode . Google is also said to be merging Android and Chrome OS at some point in the future. 
People looking for a high-quality Chromebook in the same general neighborhood as the Pixel should look to HP&apos;s Chromebook 13, an all-aluminum Chromebook that starts at $499 for a dual-core Pentium CPU, 4GB of RAM, 32GB of storage, and a 3200×1800 display. An $819 version with 8GB of RAM and a Core m5 CPU will come closer to the Pixel&apos;s performance. Andrew Cunningham Andrew has a B.A. in Classics from Kenyon College and has over five years of experience in IT. His work has appeared on Charge Shot!!! and AnandTech, and he records a weekly book podcast called Overdue . 
</post>
<signature>

</signature>
<external_links>

</external_links>
<country>US</country>
<main_image>http://cdn.arstechnica.net/wp-content/uploads/2016/08/DSC00261-760x380.jpg</main_image>
</document>
