<?xml version="1.0" encoding="UTF-8"?>
<document>
<type>mainstream</type>
<forum>http://www.martindale.com/rss/services/ArticlesRSS.ashx?tp=all</forum>
<forum_title>All Articles on Martindale.com</forum_title>
<discussion_title>Lawyers Can Make Charitable Donations and Lawyers Can Advertise, Just Not Together</discussion_title>
<language>english</language>
<gmt_offset></gmt_offset>
<topic_url>http://www.martindale.com/professional-services/article_Deutsch-Kerrigan-LLP_2233842.htm</topic_url>
<topic_text>
August 30, 2016 Lawyers and law firms often make charitable donations. Said donations often involve a listing of the lawyer’s name or the fact of the donation. Similarly, law firms and lawyers advertise their services. The Ethics Committee of the Mississippi Bar (“Committee”) determined that it was unethical for a lawyer to advertise that a portion of the fees a lawyer received would be shared with a charitable organization. As the Mississippi Rules of Professional Conduct on which the Committee relied are nearly identical to the respective ABA Model Rules of Professional Conduct, other states that have adopted similar ethical rules would likely come to the same conclusion. According to Mississippi Rule of Professional Conduct 7.1, in attracting new clients, lawyers cannot make statements that are “false, misleading, deceptive or unfair communication about the lawyer or lawyer’s services.” Comment 2 to Model Rule 7.1 clarifies that “a truthful statement is also misleading if there is a substantial likelihood that it will lead a reasonable person to formulate a specific conclusion about the lawyer or the lawyer’s services for which there is no reasonable factual foundation.” The Committee determined that an advertisement which promised that proceeds would be charitably donated violated Rule 7.1 by implying the lawyer is more charitable or honest than others. Furthermore, the Committee found that such a promise contradicts Rule 5.4, which prohibits lawyers from sharing legal fees with non-lawyers. Similarly, the Comment to Rule 7.2 prohibits lawyers from paying benefits to another person or organization for procuring professional work. The Committee determined that if a charitable organization received donations as a result of the lawyer’s professional services, that organization would exclusively refer potential clients to that lawyer. Although lawyers are always encouraged to make charitable donations and can advise the public of this practice, a promise to do so in connection with questing for a new client violates ethical standards. The views expressed in this document are solely the views of the author and not Martindale-Hubbell. This document is intended for informational purposes only and is not legal advice or a substitute for consultation with a licensed legal professional in a particular case or circumstance. View More Library Documents By...
</topic_text>
<spam_score>0.00</spam_score>
<post_num>1</post_num>
<post_id>post-1</post_id>
<post_url>http://www.martindale.com/professional-services/article_Deutsch-Kerrigan-LLP_2233842.htm</post_url>
<post_date>20160830</post_date>
<post_time>0000</post_time>
<username></username>
<post>
August 30, 2016 Lawyers and law firms often make charitable donations. Said donations often involve a listing of the lawyer’s name or the fact of the donation. Similarly, law firms and lawyers advertise their services. The Ethics Committee of the Mississippi Bar (“Committee”) determined that it was unethical for a lawyer to advertise that a portion of the fees a lawyer received would be shared with a charitable organization. As the Mississippi Rules of Professional Conduct on which the Committee relied are nearly identical to the respective ABA Model Rules of Professional Conduct, other states that have adopted similar ethical rules would likely come to the same conclusion. According to Mississippi Rule of Professional Conduct 7.1, in attracting new clients, lawyers cannot make statements that are “false, misleading, deceptive or unfair communication about the lawyer or lawyer’s services.” Comment 2 to Model Rule 7.1 clarifies that “a truthful statement is also misleading if there is a substantial likelihood that it will lead a reasonable person to formulate a specific conclusion about the lawyer or the lawyer’s services for which there is no reasonable factual foundation.” The Committee determined that an advertisement which promised that proceeds would be charitably donated violated Rule 7.1 by implying the lawyer is more charitable or honest than others. Furthermore, the Committee found that such a promise contradicts Rule 5.4, which prohibits lawyers from sharing legal fees with non-lawyers. Similarly, the Comment to Rule 7.2 prohibits lawyers from paying benefits to another person or organization for procuring professional work. The Committee determined that if a charitable organization received donations as a result of the lawyer’s professional services, that organization would exclusively refer potential clients to that lawyer. Although lawyers are always encouraged to make charitable donations and can advise the public of this practice, a promise to do so in connection with questing for a new client violates ethical standards. The views expressed in this document are solely the views of the author and not Martindale-Hubbell. This document is intended for informational purposes only and is not legal advice or a substitute for consultation with a licensed legal professional in a particular case or circumstance. View More Library Documents By...
</post>
<signature>

</signature>
<external_links>

</external_links>
<country>US</country>
<main_image></main_image>
</document>
