<?xml version="1.0" encoding="UTF-8"?>
<document>
<type>mainstream</type>
<forum>http://www.wsj.com/xml/rss/3_7201.xml</forum>
<forum_title>WSJ.com: Lifestyle</forum_title>
<discussion_title>How Pat LaFrieda Finds Peace 20 Feet Up a Tree</discussion_title>
<language>english</language>
<gmt_offset></gmt_offset>
<topic_url>http://www.wsj.com/articles/how-pat-lafrieda-finds-peace-20-feet-up-a-tree-1472563801?mod=WSJ_GoogleNews</topic_url>
<topic_text>
The beef, game, pork and fowl Pat LaFrieda sells are on the menus of big-name restaurants in New York, Las Vegas and Miami like Babbo, Porter House, Eleven Madison Park and NoMad—not to mention Shake Shack, Danny Meyer’s burger chain, for which he developed the patty blend.

But the New York native and former Wall Street broker finds solace not in his meatpacking factory or at the white-clothed tables of the restaurants he serves, but... To Read the Full Story, Subscribe or Sign In
</topic_text>
<spam_score>0.00</spam_score>
<post_num>1</post_num>
<post_id>post-1</post_id>
<post_url>http://www.wsj.com/articles/how-pat-lafrieda-finds-peace-20-feet-up-a-tree-1472563801?mod=WSJ_GoogleNews</post_url>
<post_date>20160830</post_date>
<post_time>0936</post_time>
<username>Heidi Mitchell</username>
<post>
The beef, game, pork and fowl Pat LaFrieda sells are on the menus of big-name restaurants in New York, Las Vegas and Miami like Babbo, Porter House, Eleven Madison Park and NoMad—not to mention Shake Shack, Danny Meyer’s burger chain, for which he developed the patty blend.

But the New York native and former Wall Street broker finds solace not in his meatpacking factory or at the white-clothed tables of the restaurants he serves, but... To Read the Full Story, Subscribe or Sign In
</post>
<signature>

</signature>
<external_links>

</external_links>
<country>US</country>
<main_image>https://si.wsj.net/public/resources/images/BN-PO809_FIXSPA_G_20160826140344.jpg</main_image>
</document>
