<?xml version="1.0" encoding="UTF-8"?>
<document>
<type>mainstream</type>
<forum>http://www.celebfanforum.com/external.php?type=RSS2</forum>
<forum_title>CelebFanForum</forum_title>
<discussion_title>&apos;De-confliction, Unity’: US in balancing act as Turkish, Kurdish forces clash in Syria</discussion_title>
<language>english</language>
<gmt_offset></gmt_offset>
<topic_url>http://www.celebfanforum.com/showthread.php?235285-De-confliction-Unity-US-in-balancing-act-as-Turkish-Kurdish-forces-clash-in-Syria</topic_url>
<topic_text>
register  
</topic_text>
<spam_score>0.00</spam_score>
<post_num>1</post_num>
<post_id>post-1</post_id>
<post_url>http://www.celebfanforum.com/showthread.php?235285-De-confliction-Unity-US-in-balancing-act-as-Turkish-Kurdish-forces-clash-in-Syria</post_url>
<post_date>20160830</post_date>
<post_time>1430</post_time>
<username>celebfanforum</username>
<post>
register  
</post>
<signature>

</signature>
<external_links>

</external_links>
<country>US</country>
<main_image></main_image>
</document>
