<?xml version="1.0" encoding="UTF-8"?>
<document>
<type>mainstream</type>
<forum>http://www.elmogaz.com/rss.xml</forum>
<forum_title>Front page feed</forum_title>
<discussion_title>دنيا سمير غانم تنتهي قريباً من &quot;ألماظ حر&quot;</discussion_title>
<language>arabic</language>
<gmt_offset></gmt_offset>
<topic_url>http://www.elmogaz.com/node/318364</topic_url>
<topic_text>
دنيا سمير غانم تنتهي قريباً من &quot;ألماظ حر&quot;   4:52 مساء، كتب فاروق لطفى 
أوشكت الفنانة دنيا سمير غانم على الانتهاء من تصوير مشاهدها فى فيلمها الجديد &quot;ألماظ حر&quot; حيث يتبقى لها يومان وتنتهى من العمل نهائياً, المنتظر طرحه فى دور العرض السينمائي خلال سباق أفلام عيد الأضحى . فيلم &quot;ألماظ حر&quot; بطولة مجموعة من النجوم منهم, أحمد حلمى وصابرين ودنيا سمير غانم وبيومى فؤاد, وإخراج خالد مرعى . موضوعات ذات صله
</topic_text>
<spam_score>0.00</spam_score>
<post_num>1</post_num>
<post_id>post-1</post_id>
<post_url>http://www.elmogaz.com/node/318364</post_url>
<post_date>20160830</post_date>
<post_time>1352</post_time>
<username></username>
<post>
دنيا سمير غانم تنتهي قريباً من &quot;ألماظ حر&quot;   4:52 مساء، كتب فاروق لطفى 
أوشكت الفنانة دنيا سمير غانم على الانتهاء من تصوير مشاهدها فى فيلمها الجديد &quot;ألماظ حر&quot; حيث يتبقى لها يومان وتنتهى من العمل نهائياً, المنتظر طرحه فى دور العرض السينمائي خلال سباق أفلام عيد الأضحى . فيلم &quot;ألماظ حر&quot; بطولة مجموعة من النجوم منهم, أحمد حلمى وصابرين ودنيا سمير غانم وبيومى فؤاد, وإخراج خالد مرعى . موضوعات ذات صله
</post>
<signature>

</signature>
<external_links>

</external_links>
<country>US</country>
<main_image></main_image>
</document>
