<?xml version="1.0" encoding="UTF-8"?>
<document>
<type>mainstream</type>
<forum>http://www.sint-niklaas.be/feed/nieuws</forum>
<forum_title>Nieuws</forum_title>
<discussion_title>KunstdoetLeven! De Vrije Ateliers - 13 september</discussion_title>
<language>dutch</language>
<gmt_offset></gmt_offset>
<topic_url>http://www.sint-niklaas.be/nieuws/kunstdoetleven-de-vrije-ateliers-13-september</topic_url>
<topic_text>
Start &gt; Nieuws &gt; KunstdoetLeven! De Vrije Ateliers - 13 september KunstdoetLeven! De Vrije Ateliers - 13 september Nieuws Pers De Vrije Ateliers nodigt senioren uit op dinsdag 13 september van 14 tot 17 uur. Gratis. 
De Vrije Ateliers werken mee aan KUNSTDOETLEVEN!, het stadsproject dat ouderen wil warm maken voor kunst en cultuur. Daarom inviteren we iedereen, om bij koffie en taart en de nodige gezelligheid, kennis te maken met ons nieuw aanbod voor senioren. Er zijn demonstraties van verschillende cursussen. 
Je hoeft geen kunstenaar of ervaren danser te zijn, onze cursussen eisen geen ervaring of speciale kennis. iedereen die iets nieuws wil leren en zijn talenten ontdekken, is welkom. Een greep uit het aanbod: Chakra Yoga, Aquarel, Musical 60+, Continentaal breien met rondbreinaalden, Zumba gold, Met pensioen, Juwelen met koper en tin, Stronger longer, Versier met papier, Zilverklei, Haak je potje, Powertex, Aromatische verwennamiddag, Fotografie,... 
Schrijf je in voor deze KUNSTDOETLEVEN!-namiddag, tel 03 778 33 70 of 
Datum: dinsdag 13 september, van 14 tot 17 uur 
Plaats: Vrije Ateliers, lokaal 2, Rode Kruisstraat 25, 9100 Sint-Niklaas 
Inkom: gratis
</topic_text>
<spam_score>0.00</spam_score>
<post_num>1</post_num>
<post_id>post-1</post_id>
<post_url>http://www.sint-niklaas.be/nieuws/kunstdoetleven-de-vrije-ateliers-13-september</post_url>
<post_date>20160830</post_date>
<post_time>1445</post_time>
<username></username>
<post>
Start &gt; Nieuws &gt; KunstdoetLeven! De Vrije Ateliers - 13 september KunstdoetLeven! De Vrije Ateliers - 13 september Nieuws Pers De Vrije Ateliers nodigt senioren uit op dinsdag 13 september van 14 tot 17 uur. Gratis. 
De Vrije Ateliers werken mee aan KUNSTDOETLEVEN!, het stadsproject dat ouderen wil warm maken voor kunst en cultuur. Daarom inviteren we iedereen, om bij koffie en taart en de nodige gezelligheid, kennis te maken met ons nieuw aanbod voor senioren. Er zijn demonstraties van verschillende cursussen. 
Je hoeft geen kunstenaar of ervaren danser te zijn, onze cursussen eisen geen ervaring of speciale kennis. iedereen die iets nieuws wil leren en zijn talenten ontdekken, is welkom. Een greep uit het aanbod: Chakra Yoga, Aquarel, Musical 60+, Continentaal breien met rondbreinaalden, Zumba gold, Met pensioen, Juwelen met koper en tin, Stronger longer, Versier met papier, Zilverklei, Haak je potje, Powertex, Aromatische verwennamiddag, Fotografie,... 
Schrijf je in voor deze KUNSTDOETLEVEN!-namiddag, tel 03 778 33 70 of 
Datum: dinsdag 13 september, van 14 tot 17 uur 
Plaats: Vrije Ateliers, lokaal 2, Rode Kruisstraat 25, 9100 Sint-Niklaas 
Inkom: gratis
</post>
<signature>

</signature>
<external_links>

</external_links>
<country>BE</country>
<main_image></main_image>
</document>
