<?xml version="1.0" encoding="UTF-8"?>
<document>
<type>mainstream</type>
<forum>https://www.inese.es/rss.xml</forum>
<forum_title>Inese.es la página de información del sector seguros</forum_title>
<discussion_title>Bajan las ganancias de las aseguradoras de No Vida en el semestre</discussion_title>
<language>spanish</language>
<gmt_offset></gmt_offset>
<topic_url>https://www.inese.es/noticias/bajan-las-ganancias-de-las-aseguradoras-de-no-vida-en-el-semestre</topic_url>
<topic_text>
Inicio » Noticias » Internacional » Bajan las ganancias de las aseguradoras de No Vida en el semestre Norteamérica Bajan las ganancias de las aseguradoras de No Vida en el semestre BDS 
Los beneficios de explotación de las aseguradoras de No Vida de Norteamérica disminuyeron en el primer semestre del año, debido a un deterioro modesto de suscripción y unos bajos rendimientos de las inversiones , según refleja un informe de Fitch. Concretamente, los 44 grupos de la región analizados por la agencia presentaron en la primera mitad del año unas ganancias operativas totales de 21.600 millones de dólares (19.280 millones de euros), un 10,8% menos que un año antes. El ROE operativo se redujo al 7%, frente al 8% de un año antes. 
  
“El mantenimiento o la mejora de los resultados de suscripción será la clave para generar de cara a futuro un rendimiento adecuado sobre el capital, pero puede resultar difícil ya que las fuerzas competitivas están promoviendo una disminución o estabilidad en los precios en muchos segmentos de mercado”, comenta Christopher Grimes, director de la agencia. 
El ratio combinado para el grupo de entidades analizadas quedó en el 95,7% , aumentando en 1,5 puntos porcentuales respecto al mismo periodo de 2015. En este sentido, las pérdidas por catástrofes añadieron 4,9 puntos al ratio combinado general, por encima de los 3,4 puntos del año anterior, impulsado en gran medida por la actividad fuertes tormentas en Texas y en los estados vecinos
</topic_text>
<spam_score>0.00</spam_score>
<post_num>1</post_num>
<post_id>post-1</post_id>
<post_url>https://www.inese.es/noticias/bajan-las-ganancias-de-las-aseguradoras-de-no-vida-en-el-semestre</post_url>
<post_date>20160830</post_date>
<post_time>1012</post_time>
<username>marketing1_20365</username>
<post>
Inicio » Noticias » Internacional » Bajan las ganancias de las aseguradoras de No Vida en el semestre Norteamérica Bajan las ganancias de las aseguradoras de No Vida en el semestre BDS 
Los beneficios de explotación de las aseguradoras de No Vida de Norteamérica disminuyeron en el primer semestre del año, debido a un deterioro modesto de suscripción y unos bajos rendimientos de las inversiones , según refleja un informe de Fitch. Concretamente, los 44 grupos de la región analizados por la agencia presentaron en la primera mitad del año unas ganancias operativas totales de 21.600 millones de dólares (19.280 millones de euros), un 10,8% menos que un año antes. El ROE operativo se redujo al 7%, frente al 8% de un año antes. 
  
“El mantenimiento o la mejora de los resultados de suscripción será la clave para generar de cara a futuro un rendimiento adecuado sobre el capital, pero puede resultar difícil ya que las fuerzas competitivas están promoviendo una disminución o estabilidad en los precios en muchos segmentos de mercado”, comenta Christopher Grimes, director de la agencia. 
El ratio combinado para el grupo de entidades analizadas quedó en el 95,7% , aumentando en 1,5 puntos porcentuales respecto al mismo periodo de 2015. En este sentido, las pérdidas por catástrofes añadieron 4,9 puntos al ratio combinado general, por encima de los 3,4 puntos del año anterior, impulsado en gran medida por la actividad fuertes tormentas en Texas y en los estados vecinos
</post>
<signature>

</signature>
<external_links>

</external_links>
<country>ES</country>
<main_image></main_image>
</document>
