<?xml version="1.0" encoding="UTF-8"?>
<document>
<type>mainstream</type>
<forum></forum>
<forum_title></forum_title>
<discussion_title>Jessie Graff becomes first woman to complete Stage 1 on &apos;American Ninja Warrior&apos; | Fitness Athlet</discussion_title>
<language>english</language>
<gmt_offset></gmt_offset>
<topic_url>http://fitnessathlet.com/jessie-graff-becomes-first-woman-to-complete-stage-1-on-american-ninja-warrior/</topic_url>
<topic_text>
Menu Jessie Graff becomes first woman to complete Stage 1 on &apos;American Ninja Warrior&apos; 
Stuntwoman Jessie Graff made “American Ninja Warrior” history when she became the first women to complete the Stage 1 course. 
The competitor took on (and won) the challenge on Monday night’s episode on the hit NBC show. 
She previously became the first women to complete a city finals course two years in a row. 
Watch her impressive performance below. 
… 
</topic_text>
<spam_score>0.01</spam_score>
<post_num>1</post_num>
<post_id>post-1</post_id>
<post_url>http://fitnessathlet.com/jessie-graff-becomes-first-woman-to-complete-stage-1-on-american-ninja-warrior/</post_url>
<post_date>20160830</post_date>
<post_time></post_time>
<username></username>
<post>
Menu Jessie Graff becomes first woman to complete Stage 1 on &apos;American Ninja Warrior&apos; 
Stuntwoman Jessie Graff made “American Ninja Warrior” history when she became the first women to complete the Stage 1 course. 
The competitor took on (and won) the challenge on Monday night’s episode on the hit NBC show. 
She previously became the first women to complete a city finals course two years in a row. 
Watch her impressive performance below. 
… 
</post>
<signature>

</signature>
<external_links>

</external_links>
<country>US</country>
<main_image>https://s0.wp.com/i/blank.jpg</main_image>
</document>
