<?xml version="1.0" encoding="UTF-8"?>
<document>
<type>mainstream</type>
<forum>http://www.sectorpublishingintelligence.co.uk/news-rss.php</forum>
<forum_title>SPi News Feed</forum_title>
<discussion_title>iQor’s Richardson Texas Contact Center Seeks 150 New Hires to Support Media and Wireless, Healthcare and Retail Client Growth</discussion_title>
<language>english</language>
<gmt_offset></gmt_offset>
<topic_url>http://www.sectorpublishingintelligence.co.uk/news/1482110/iqors+richardson+texas+contact+center+seeks+150+new+hires+to+support+media++wireless+healthcare+and+retail+client+growth</topic_url>
<topic_text>
News for 2016-08-30 iQor’s Richardson Texas Contact Center Seeks 150 New Hires to Support Media &amp; Wireless, Healthcare and Retail Client Growth 
iQor, a global provider of customer contact solutions and product support services, announced its contact center located in Richardson, Texas is seeking 150 new customer service agents to support major clients in Media &amp; Wireless, Healthcare and Retail. Currently, the company is accepting applications on-line or in person for full-time and part-time positions. Who Are We Looking for: 150+ customer service call center agents (Competitive pay and flexible schedules including; multiple day and evening shifts. Inquire about our College Student shift schedules!) Great attitude and goal oriented! iQor Richardson Center of Excellence 1122 Alma Road, Suite 200 Richardson, TX 75081 Easily Apply from Any PC, Tablet or Mobile Device: Interested candidates may apply online using iQor’s mobile responsive application at https://eapt.iqor.com/ 
“We are seeing incredible growth across the board here in Richardson due to the outstanding performance we are delivering as a team,” said, Saurabh Bhaskar, SVP, iQor Operations. “One of the best opportunities in iQor is the award-winning leadership training employees receive. You can begin as an agent and quickly find yourself in a high paying and rewarding career.” 
About iQor 
iQor is a global provider of customer interaction solutions and product support services with 35,000 employees in 18 countries. Our award-winning technology, logistics and analytics platforms enable us to measure, monitor, and analyze brand interactions, improve business processes, and find operational efficiencies that lead to superior outcomes for our partners across the customer and product lifecycles. For more information, please visit us at www.iqor.com or follow us at www.twitter.com/iqor. View source version on businesswire.com: http://www.businesswire.com/news/home/20160830005958/en/
</topic_text>
<spam_score>0.00</spam_score>
<post_num>1</post_num>
<post_id>post-1</post_id>
<post_url>http://www.sectorpublishingintelligence.co.uk/news/1482110/iqors+richardson+texas+contact+center+seeks+150+new+hires+to+support+media++wireless+healthcare+and+retail+client+growth</post_url>
<post_date>20160830</post_date>
<post_time>1432</post_time>
<username></username>
<post>
News for 2016-08-30 iQor’s Richardson Texas Contact Center Seeks 150 New Hires to Support Media &amp; Wireless, Healthcare and Retail Client Growth 
iQor, a global provider of customer contact solutions and product support services, announced its contact center located in Richardson, Texas is seeking 150 new customer service agents to support major clients in Media &amp; Wireless, Healthcare and Retail. Currently, the company is accepting applications on-line or in person for full-time and part-time positions. Who Are We Looking for: 150+ customer service call center agents (Competitive pay and flexible schedules including; multiple day and evening shifts. Inquire about our College Student shift schedules!) Great attitude and goal oriented! iQor Richardson Center of Excellence 1122 Alma Road, Suite 200 Richardson, TX 75081 Easily Apply from Any PC, Tablet or Mobile Device: Interested candidates may apply online using iQor’s mobile responsive application at https://eapt.iqor.com/ 
“We are seeing incredible growth across the board here in Richardson due to the outstanding performance we are delivering as a team,” said, Saurabh Bhaskar, SVP, iQor Operations. “One of the best opportunities in iQor is the award-winning leadership training employees receive. You can begin as an agent and quickly find yourself in a high paying and rewarding career.” 
About iQor 
iQor is a global provider of customer interaction solutions and product support services with 35,000 employees in 18 countries. Our award-winning technology, logistics and analytics platforms enable us to measure, monitor, and analyze brand interactions, improve business processes, and find operational efficiencies that lead to superior outcomes for our partners across the customer and product lifecycles. For more information, please visit us at www.iqor.com or follow us at www.twitter.com/iqor. View source version on businesswire.com: http://www.businesswire.com/news/home/20160830005958/en/
</post>
<signature>

</signature>
<external_links>

</external_links>
<country>GB</country>
<main_image></main_image>
</document>
