<?xml version="1.0" encoding="UTF-8"?>
<document>
<type>mainstream</type>
<forum>http://www.martindale.com/rss/services/ArticlesRSS.ashx?tp=all</forum>
<forum_title>All Articles on Martindale.com</forum_title>
<discussion_title>Democrats Push Gun Issue</discussion_title>
<language>english</language>
<gmt_offset></gmt_offset>
<topic_url>http://www.martindale.com/government-law/article_McDonald-Hopkins-LLC_2233836.htm</topic_url>
<topic_text>
McDonald Hopkins LLC - Cleveland Office August 30, 2016 Previously published on June 17, 2016 In the wake of the terrorist attack in Orlando on Sunday Democrats and gun control advocates are once again pushing for new restrictions on gun ownership. After a 15-hour filibuster by Senator Chris Murphy (D-CT), a leading gun control advocate, and allies, the Senate is now poised to vote on Monday on four separate gun proposals (two offered by Democrats and two offered by Republicans). All four will be offered as amendments to the Commerce, Justice and Science appropriations bill and none of the four are expected to garner the 60 votes necessary to proceed in the Senate. One amendment is authored by Senator Dianne Feinstein (D-CA) that would ban gun sales from a suspected terrorist or someone who has been suspected of terrorism in the past five years. It would also provide an avenue for appeal if someone were erroneously denied a gun purchase. Senator John Cornyn (R-TX) is proposing an alternative to the Feinstein amendment that would give the Justice Department a 72-hour timeline to go through the court system to bar a gun sale. Murphy himself is offering an amendment to expand background checks for gun purchases. In particular, the Murphy amendment would enhance background checks for guns purchased online as well as at gun shows. An alternative to the Murphy amendment is being offered by Senator Chuck Grassley (R-IA). The Grassley amendment would increase the authorization for the National Instant Criminal Background Check System and give law enforcement a notification if a person who was on a terrorist watch list up to five years ago tries to purchase a firearm. The views expressed in this document are solely the views of the author and not Martindale-Hubbell. This document is intended for informational purposes only and is not legal advice or a substitute for consultation with a licensed legal professional in a particular case or circumstance. View More Library Documents By...
</topic_text>
<spam_score>0.00</spam_score>
<post_num>1</post_num>
<post_id>post-1</post_id>
<post_url>http://www.martindale.com/government-law/article_McDonald-Hopkins-LLC_2233836.htm</post_url>
<post_date>20160830</post_date>
<post_time>0000</post_time>
<username></username>
<post>
McDonald Hopkins LLC - Cleveland Office August 30, 2016 Previously published on June 17, 2016 In the wake of the terrorist attack in Orlando on Sunday Democrats and gun control advocates are once again pushing for new restrictions on gun ownership. After a 15-hour filibuster by Senator Chris Murphy (D-CT), a leading gun control advocate, and allies, the Senate is now poised to vote on Monday on four separate gun proposals (two offered by Democrats and two offered by Republicans). All four will be offered as amendments to the Commerce, Justice and Science appropriations bill and none of the four are expected to garner the 60 votes necessary to proceed in the Senate. One amendment is authored by Senator Dianne Feinstein (D-CA) that would ban gun sales from a suspected terrorist or someone who has been suspected of terrorism in the past five years. It would also provide an avenue for appeal if someone were erroneously denied a gun purchase. Senator John Cornyn (R-TX) is proposing an alternative to the Feinstein amendment that would give the Justice Department a 72-hour timeline to go through the court system to bar a gun sale. Murphy himself is offering an amendment to expand background checks for gun purchases. In particular, the Murphy amendment would enhance background checks for guns purchased online as well as at gun shows. An alternative to the Murphy amendment is being offered by Senator Chuck Grassley (R-IA). The Grassley amendment would increase the authorization for the National Instant Criminal Background Check System and give law enforcement a notification if a person who was on a terrorist watch list up to five years ago tries to purchase a firearm. The views expressed in this document are solely the views of the author and not Martindale-Hubbell. This document is intended for informational purposes only and is not legal advice or a substitute for consultation with a licensed legal professional in a particular case or circumstance. View More Library Documents By...
</post>
<signature>

</signature>
<external_links>

</external_links>
<country>US</country>
<main_image></main_image>
</document>
