<?xml version="1.0" encoding="UTF-8"?>
<document>
<type>mainstream</type>
<forum>http://www.perugiatoday.it/rss</forum>
<forum_title>PerugiaToday</forum_title>
<discussion_title>Strade a ostacoli in Umbria, cantieri lungo tutta la E45: la mappa dei lavori</discussion_title>
<language>italian</language>
<gmt_offset></gmt_offset>
<topic_url>http://www.perugiatoday.it/cronaca/e45-lavori-anas-cantieri-mappa-svincoli-chiusi.html</topic_url>
<topic_text>
Strade a ostacoli in Umbria, cantieri lungo tutta la E45: la mappa dei lavori L&apos;operazione #bastabuche da 15 milioni di euro riprende: cantieri e svincoli chiusi Redazione I più letti di oggi 1 L&apos;estate fa fiorire nuovi cantieri, lavori lungo la E45 e ancora disagi: la mappa 4 agosto 2016 
Disagi e cantieri, cantieri e disagi. Ancora lavori targati Anas lungo la E45. “In particolare spiega una nota del progetto #bastabuche da 15 milioni di euro in Umbria - , da domani (mercoledì 31 agosto) gli interventi interesseranno un tratto di circa 2 km tra gli svincoli di Città di Castello e Promano. Il transito sarà consentito a doppio senso di marcia su una carreggiata fino al completamento previsto entro il 16 settembre”. 
E ancora: “ Analoghi interventi di ripristino del piano viabile sono in corso in corrispondenza dello svincolo di Casalina. Per consentire lo svolgimento dei lavori il transito è consentito a doppio senso di marcia su una carreggiata mentre lo svincolo di Casalina è chiuso in ingresso e in uscita in direzione Cesena fino al completamento degli interventi previsto entro sabato 3 settembre”. 
Infine, sulla strada statale 675 “Umbro Laziale”, “da giovedì 1 settembre i lavori riguarderanno un tratto di circa 2 km tra San Liberato e Orte, in provincia di Terni. Il transito sarà consentito a doppio senso di marcia su unica carreggiata, mentre lo svincolo denominato “Centrale idroelettrica Acea” sarà chiuso fino al completamento dei lavori previsto entro il 7 ottobre”. Approfondimenti
</topic_text>
<spam_score>0.00</spam_score>
<post_num>1</post_num>
<post_id>post-1</post_id>
<post_url>http://www.perugiatoday.it/cronaca/e45-lavori-anas-cantieri-mappa-svincoli-chiusi.html</post_url>
<post_date>20160830</post_date>
<post_time>1503</post_time>
<username></username>
<post>
Strade a ostacoli in Umbria, cantieri lungo tutta la E45: la mappa dei lavori L&apos;operazione #bastabuche da 15 milioni di euro riprende: cantieri e svincoli chiusi Redazione I più letti di oggi 1 L&apos;estate fa fiorire nuovi cantieri, lavori lungo la E45 e ancora disagi: la mappa 4 agosto 2016 
Disagi e cantieri, cantieri e disagi. Ancora lavori targati Anas lungo la E45. “In particolare spiega una nota del progetto #bastabuche da 15 milioni di euro in Umbria - , da domani (mercoledì 31 agosto) gli interventi interesseranno un tratto di circa 2 km tra gli svincoli di Città di Castello e Promano. Il transito sarà consentito a doppio senso di marcia su una carreggiata fino al completamento previsto entro il 16 settembre”. 
E ancora: “ Analoghi interventi di ripristino del piano viabile sono in corso in corrispondenza dello svincolo di Casalina. Per consentire lo svolgimento dei lavori il transito è consentito a doppio senso di marcia su una carreggiata mentre lo svincolo di Casalina è chiuso in ingresso e in uscita in direzione Cesena fino al completamento degli interventi previsto entro sabato 3 settembre”. 
Infine, sulla strada statale 675 “Umbro Laziale”, “da giovedì 1 settembre i lavori riguarderanno un tratto di circa 2 km tra San Liberato e Orte, in provincia di Terni. Il transito sarà consentito a doppio senso di marcia su unica carreggiata, mentre lo svincolo denominato “Centrale idroelettrica Acea” sarà chiuso fino al completamento dei lavori previsto entro il 7 ottobre”. Approfondimenti
</post>
<signature>

</signature>
<external_links>

</external_links>
<country>IT</country>
<main_image>http://www.perugiatoday.it/~media/horizontal-hi/59366942211021/incidente-anas-2.jpg</main_image>
</document>
