<?xml version="1.0" encoding="UTF-8"?>
<document>
<type>mainstream</type>
<forum>http://prikol.ruphotos.xxlive.ru/atom.aspx</forum>
<forum_title>Приколы</forum_title>
<discussion_title>Робот, художник, метамодернизм</discussion_title>
<language>russian</language>
<gmt_offset></gmt_offset>
<topic_url>http://prikol.ruphotos.xxlive.ru/archive/2016/08/30/2454590.aspx</topic_url>
<topic_text>
  Робот, художник, метамодернизм
</topic_text>
<spam_score>0.00</spam_score>
<post_num>1</post_num>
<post_id>post-1</post_id>
<post_url>http://prikol.ruphotos.xxlive.ru/archive/2016/08/30/2454590.aspx</post_url>
<post_date>20160830</post_date>
<post_time>1508</post_time>
<username>Anonymous</username>
<post>
  Робот, художник, метамодернизм
</post>
<signature>

</signature>
<external_links>

</external_links>
<country>RU</country>
<main_image></main_image>
</document>
