<?xml version="1.0" encoding="UTF-8"?>
<document>
<type>mainstream</type>
<forum>http://rssfeeds.wltx.com/_/20/63682670/wltx-local</forum>
<forum_title>WLTX - Local</forum_title>
<discussion_title>More Clowns Reported in Woods in...</discussion_title>
<language>english</language>
<gmt_offset></gmt_offset>
<topic_url>http://rssfeeds.wltx.com/_/20/63682670/http&amp;#x3a;&amp;#x2f;&amp;#x2f;www&amp;#x2e;wltx&amp;#x2e;com&amp;#x2f;news&amp;#x2f;local&amp;#x2f;more-clowns-reported-reports-of-clowns-in-woods-in-south-carolina&amp;#x2f;311225430</topic_url>
<topic_text>
More Clowns Reported in Woods in South Carolina wltx 9:50   The wooded area where the clown was spotted. (Photo: WSPA)   
GREENVILLE, S.C. (AP) - Deputies in South Carolina have increased patrols after getting new reports of people dressed as clowns trying to lure children into the woods. 
News outlets report that Greenville County sheriff&apos;s deputies were called to an apartment complex about 8:20 p.m. Monday that is about 20 minutes from a complex where people reporting seeing clowns last week. 
Deputies responding to the report last week said they found no evidence of anyone in the woods behind Fleetwood Manor Apartments. 
A family who called Monday night from Emerald Commons apartments said a child saw a man wearing a clown mask in woods near the complex. 
Deputies said there was a third report of someone dressed as a clown about 10 p.m. at Shemwood Apartments. 
A 12-year-old told deputies that two clowns were in the backyard area.
</topic_text>
<spam_score>0.00</spam_score>
<post_num>1</post_num>
<post_id>post-1</post_id>
<post_url>http://rssfeeds.wltx.com/_/20/63682670/http&amp;#x3a;&amp;#x2f;&amp;#x2f;www&amp;#x2e;wltx&amp;#x2e;com&amp;#x2f;news&amp;#x2f;local&amp;#x2f;more-clowns-reported-reports-of-clowns-in-woods-in-south-carolina&amp;#x2f;311225430</post_url>
<post_date>20160830</post_date>
<post_time>1450</post_time>
<username></username>
<post>
More Clowns Reported in Woods in South Carolina wltx 9:50   The wooded area where the clown was spotted. (Photo: WSPA)   
GREENVILLE, S.C. (AP) - Deputies in South Carolina have increased patrols after getting new reports of people dressed as clowns trying to lure children into the woods. 
News outlets report that Greenville County sheriff&apos;s deputies were called to an apartment complex about 8:20 p.m. Monday that is about 20 minutes from a complex where people reporting seeing clowns last week. 
Deputies responding to the report last week said they found no evidence of anyone in the woods behind Fleetwood Manor Apartments. 
A family who called Monday night from Emerald Commons apartments said a child saw a man wearing a clown mask in woods near the complex. 
Deputies said there was a third report of someone dressed as a clown about 10 p.m. at Shemwood Apartments. 
A 12-year-old told deputies that two clowns were in the backyard area.
</post>
<signature>

</signature>
<external_links>

</external_links>
<country>US</country>
<main_image>http://content.wltx.com/photo/2016/08/30/clown-woods_1472568597456_5881651_ver1.0_640_360.jpg</main_image>
</document>
