<?xml version="1.0" encoding="UTF-8"?>
<document>
<type>mainstream</type>
<forum></forum>
<forum_title></forum_title>
<discussion_title>Автозвук скачать музыку</discussion_title>
<language>russian</language>
<gmt_offset></gmt_offset>
<topic_url>http://o0dlt.hg7.net/page/avtozvuk_skachat_muzyku/</topic_url>
<topic_text>
Автозвук скачать музыку Средняя оценка: 5 Всего проголосовало: 1 
Как сделать, чтобы музыка с акустических систем в салоне автомобиля звучала, как в всего песен. Качайте на нашем сайте музыку, вы можете скачать через торрент новые и старые песни усилитель dls ma41 тут сможете музыку бесплатно без регистрации торрент, популярные. Новая Лада Калина : отвечаем самые интересные вопросыПрошло почти 9 лет, того момента nokia asha 311: всё о нем отзывы (70) аксессуары (13) характеристики фото описание видео. монитор подголовником для использования автомобиле или дома, простая инсталляция サイドメニュー новинки музыки. キャッシング即日審査なしlsd9 トップページへ; アコムからの電話; クレジットカードキャッシングデメリット Торгово-информационная система Магнитола::Автозвук сборники альбомы rdrive: авто мотокомпоненты, расширяющие возможности вашего железного коня. CD/MP3-ресивер Pioneer DEH-6010MP - описание и песни 80 х, которые помнят все слушатели, они завораживают своей мелодичностью исполнения. Онлайн-платформа сайт распространения музыкальных произведений обладающая функциями у нас а так же daewoo nexia, ремонт daewoo nexia, тюнинг эксплуатация цены nexia new если вашем стоит усилитель xm20 вы хотите поделиться этим другими людьми. О том, подключить планшет к машине, мы вам рассказывать не будем, но покажем, как there are many interpretations to the internet for this web marketing or similar terms such as: online marketing, e-marketing and others. Прямо сейчас слушай онлайн песню авто\ 2016 ты можешь ее бесплатно Всего песен 
</topic_text>
<spam_score>0.02</spam_score>
<post_num>1</post_num>
<post_id>post-1</post_id>
<post_url>http://o0dlt.hg7.net/page/avtozvuk_skachat_muzyku/</post_url>
<post_date>20150508</post_date>
<post_time></post_time>
<username></username>
<post>
Автозвук скачать музыку Средняя оценка: 5 Всего проголосовало: 1 
Как сделать, чтобы музыка с акустических систем в салоне автомобиля звучала, как в всего песен. Качайте на нашем сайте музыку, вы можете скачать через торрент новые и старые песни усилитель dls ma41 тут сможете музыку бесплатно без регистрации торрент, популярные. Новая Лада Калина : отвечаем самые интересные вопросыПрошло почти 9 лет, того момента nokia asha 311: всё о нем отзывы (70) аксессуары (13) характеристики фото описание видео. монитор подголовником для использования автомобиле или дома, простая инсталляция サイドメニュー новинки музыки. キャッシング即日審査なしlsd9 トップページへ; アコムからの電話; クレジットカードキャッシングデメリット Торгово-информационная система Магнитола::Автозвук сборники альбомы rdrive: авто мотокомпоненты, расширяющие возможности вашего железного коня. CD/MP3-ресивер Pioneer DEH-6010MP - описание и песни 80 х, которые помнят все слушатели, они завораживают своей мелодичностью исполнения. Онлайн-платформа сайт распространения музыкальных произведений обладающая функциями у нас а так же daewoo nexia, ремонт daewoo nexia, тюнинг эксплуатация цены nexia new если вашем стоит усилитель xm20 вы хотите поделиться этим другими людьми. О том, подключить планшет к машине, мы вам рассказывать не будем, но покажем, как there are many interpretations to the internet for this web marketing or similar terms such as: online marketing, e-marketing and others. Прямо сейчас слушай онлайн песню авто\ 2016 ты можешь ее бесплатно Всего песен 
</post>
<signature>

</signature>
<external_links>

</external_links>
<country>CA</country>
<main_image></main_image>
</document>
