<?xml version="1.0" encoding="UTF-8"?>
<document>
<type>mainstream</type>
<forum>http://www.presseportal.de/rss/auto.rss</forum>
<forum_title>Presseportal.de - Branche Auto</forum_title>
<discussion_title>Grüne bleiben beim Nein zum A-100-Ausbau</discussion_title>
<language>german</language>
<gmt_offset></gmt_offset>
<topic_url>http://www.presseportal.de/pm/51580/3416819</topic_url>
<topic_text>
Grüne bleiben beim Nein zum A-100-Ausbau 30.08.2016 – 16:33 
Berlin (ots) - Die Berliner Grünen lehnen einen Weiterbau der Stadtautobahn A 100 ab. 
Das hat die Fraktionschefin im Abgeordnetenhaus, Antje Kapek, klargestellt. Der geplante 17. Bauabschnitt sei &quot;teilweise wirklich derart absurd, dass man sich fragt, wie man eigentlich je so einen verkehrspolitischen Unsinn planen konnte&quot;, sagte Kapek am Dienstag im rbb-inforadio. 
&quot;Wenn es um große Infrastrukturprojekte geht, müssen wir erstmal den BER fertig bauen oder die vielen Schulen, die zu sanieren sind, in den Griff bekommen.&quot; Kapek betonte, ihre Partei setze andere verkehrspolitische Schwerpunkte wie etwa die Stärkung des öffentlichen Nahverkehrs und den Ausbau der Radwege. 
Kapek reagierte damit auf Äußerungen des Regierenden Bürgermeisters Müller. Der SPD-Politiker hatte mit Blick auf mögliche Koalitionsverhandlungen nach der Abgeordnetenhauswahl ebenfalls im rbb-inforadio gesagt, anders als vor fünf Jahren verweigerten sich die Grünen nicht mehr pauschal wichtigen Infrastruktur-Projekten. Als Beispiel nannte Müller den Ausbau der A 100, an dem die Sondierungsgespräche 2011 gescheitert waren. 
Pressekontakt:
</topic_text>
<spam_score>0.00</spam_score>
<post_num>1</post_num>
<post_id>post-1</post_id>
<post_url>http://www.presseportal.de/pm/51580/3416819</post_url>
<post_date>20160830</post_date>
<post_time>1433</post_time>
<username></username>
<post>
Grüne bleiben beim Nein zum A-100-Ausbau 30.08.2016 – 16:33 
Berlin (ots) - Die Berliner Grünen lehnen einen Weiterbau der Stadtautobahn A 100 ab. 
Das hat die Fraktionschefin im Abgeordnetenhaus, Antje Kapek, klargestellt. Der geplante 17. Bauabschnitt sei &quot;teilweise wirklich derart absurd, dass man sich fragt, wie man eigentlich je so einen verkehrspolitischen Unsinn planen konnte&quot;, sagte Kapek am Dienstag im rbb-inforadio. 
&quot;Wenn es um große Infrastrukturprojekte geht, müssen wir erstmal den BER fertig bauen oder die vielen Schulen, die zu sanieren sind, in den Griff bekommen.&quot; Kapek betonte, ihre Partei setze andere verkehrspolitische Schwerpunkte wie etwa die Stärkung des öffentlichen Nahverkehrs und den Ausbau der Radwege. 
Kapek reagierte damit auf Äußerungen des Regierenden Bürgermeisters Müller. Der SPD-Politiker hatte mit Blick auf mögliche Koalitionsverhandlungen nach der Abgeordnetenhauswahl ebenfalls im rbb-inforadio gesagt, anders als vor fünf Jahren verweigerten sich die Grünen nicht mehr pauschal wichtigen Infrastruktur-Projekten. Als Beispiel nannte Müller den Ausbau der A 100, an dem die Sondierungsgespräche 2011 gescheitert waren. 
Pressekontakt:
</post>
<signature>

</signature>
<external_links>

</external_links>
<country>DE</country>
<main_image>http://www.presseportal.de/images/logos/logo-de-250.jpg</main_image>
</document>
