<?xml version="1.0" encoding="UTF-8"?>
<document>
<type>mainstream</type>
<forum>http://www.dailymail.co.uk/articles.rss</forum>
<forum_title>Articles | Mail Online</forum_title>
<discussion_title>Legendary receiver Jerry Rice prompts fury after he weighs into Colin Kaepernick anthem controversy saying ‘All lives matter’</discussion_title>
<language>english</language>
<gmt_offset></gmt_offset>
<topic_url>http://www.dailymail.co.uk/news/article-3764790/Legendary-receiver-Jerry-Rice-prompts-fury-weighs-Colin-Kaepernick-anthem-controversy-saying-lives-matter.html</topic_url>
<topic_text>
View 
comments
Legendary wide receiver Jerry Rice has weighed into the controversy over San Francisco 49ers quarter-back Colin Kaepernick sitting out the national anthem. 
Rice, who played 15 seasons for the 49ers, tweeted yesterday: &apos;All lives matter. So much going on in this world today. Can we all just get along! Colin, I respect your stance, but don&apos;t disrespect the flag.&apos; 
His comments follow criticism from Minnesota Vikings guard Alex Boone, who called Kaepernick&apos;s refusal to participate in the national anthem before games &apos;shameful&apos;. 
Kaepernick, who is mixed race, has been sitting on the bench during the Star-Spangled Banner at pre-season games to &apos;bring awareness&apos; to the country&apos;s civil rights issues - specifically for the African-American community. 
Another NFL legend, Jim Brown, said he did not support Kaepernick&apos;s protest but agreed with him &apos;100 percent&apos; on his overall message. 
Colin Kaepernick (left) says he is sitting down during the national anthem protest to highlight the treatment of African-Americans but Jerry Rice (right) says he should not &apos;disrespect the flag&apos;
Kaepernick sparked huge controversy by staying seated during the pre-game ritual before he took to the field against the Green Bay Packers on Friday night
&apos;You should have some f respect for people who served, especially people that lost their life to protect our freedom,&apos; Boone told ESPN. &apos;We&apos;re out here playing a game, making millions of dollars. People are losing their life, and you don&apos;t have the common courtesy to do that. That just drove me nuts.&apos; 
Respect for the military is an area that hits close to home for Boone, whose brother J.J. served in the Marines in Iraq. 
Boone was dropped by the 49ers after last season and he left to join the Minnesota Vikings. He says if he were still Kaepernick&apos;s teammate, they &apos;would have had a problem on the sideline&apos; this season. 
He admits that Kaepernick &apos;can do whatever he wants&apos; but he feels the national anthem is not the time or place for a protest. 
Kaepernick says he is sitting down during the national anthem to &apos;bring awareness&apos; to the country&apos;s civil rights issues, especially as they relate to African-Americans. Kaepernick (right) is pictured above with Boone (left) at a game in September 2012


Despite criticisms from Boone and others from both inside and outside the NFL, Kaepernick says he will continue to sit during the national anthem until he sees significant progress in America. 
&apos;I&apos;ll continue to stand with the people who are being oppressed. To me, this is something that has to change. When there&apos;s significant change, and I feel like that flag represents what it&apos;s supposed to represent, and this country is representing people the way it&apos;s supposed to, I&apos;ll stand,&apos; he said. 
He knows he could be cut by San Francisco and lose sponsors as a result of his stand, but remains defiant. 


Kaepernick also realizes he might be treated poorly in some road cities, and he&apos;s ready for that, too, saying he&apos;s not overly concerned about his safety, but &apos;if something happens that&apos;s only proving my point.&apos; 
Kaepernick insists whatever the consequences, he will know &apos;I did what&apos;s right.&apos; He said he hasn&apos;t heard from the NFL or anyone else about his actions — and it won&apos;t matter if he does. 
&apos;No one&apos;s tried to quiet me and, to be honest, it&apos;s not something I&apos;m going to be quiet about,&apos; he said. &apos;I&apos;m going to speak the truth when I&apos;m asked about it. This isn&apos;t for look. 
The San Francisco 49ers quarterback said he will not stand to honor The Star Spangled Banner, unless he feels the flag &apos;represents what it&apos;s supposed to represent&apos;. He is pictured greeting Green Bay Packers quarterback Aaron Rodgers after Friday&apos;s game 
Players and fans have slammed his decision as disrespectful and there have been calls to be dropped by his franchise. Some angry supporters uploaded pictures of his jersey being burned in the aftermath 
Another furious fan is seen setting one of Kapernick&apos;s jerseys alight in his yard 
&apos;This isn&apos;t for publicity or anything like that. This is for people that don&apos;t have the voice. And this is for people that are being oppressed and need to have equal opportunities to be successful. To provide for families and not live in poor circumstances.&apos; 
&apos;You can become a cop in six months and don&apos;t have to have the same amount of training as a cosmetologist,&apos; Kaepernick said. &apos;That&apos;s insane. Someone that&apos;s holding a curling iron has more education and more training than people that have a gun and are going out on the street to protect us.&apos; 
In college at Nevada, Kaepernick said, police were called one day &apos;because we were the only black people in that neighborhood.&apos; Officers entered without knocking and drew guns on him and his teammates and roommates as they were moving their belongings, he said. 
RELATED ARTICLES Previous 1 Next &apos;I will continue to sit&apos;: Colin Kaepernick stays defiant and... &apos;I couldn&apos;t tell you even if there was a gun to my head&apos;:... Michael Phelps reveals that he was listening to Future when... &apos;One of the most repugnant, hateful b
</topic_text>
<spam_score>0.00</spam_score>
<post_num>23</post_num>
<post_id>post-23</post_id>
<post_url>http://www.dailymail.co.uk/news/article-3764790/Legendary-receiver-Jerry-Rice-prompts-fury-weighs-Colin-Kaepernick-anthem-controversy-saying-lives-matter.html</post_url>
<post_date>20160830</post_date>
<post_time>1326</post_time>
<username>GiGi</username>
<post>
RESPECT! Jerry Rice, Loved you then Adore you now!
</post>
<signature>

</signature>
<external_links>

</external_links>
<country>GB</country>
<main_image>http://i.dailymail.co.uk/i/pix/2016/08/30/11/0BCFA89B000005DC-0-image-a-42_1472551641071.jpg</main_image>
</document>
