<?xml version="1.0" encoding="UTF-8"?>
<document>
<type>mainstream</type>
<forum>http://www.dailymail.co.uk/articles.rss</forum>
<forum_title>Articles | Mail Online</forum_title>
<discussion_title>Planet Nine could wreak havoc on our solar system</discussion_title>
<language>english</language>
<gmt_offset></gmt_offset>
<topic_url>http://www.dailymail.co.uk/sciencetech/article-3764998/Planet-Nine-wreak-havoc-solar-Mystery-world-eject-one-gas-giants-warns-expert.html</topic_url>
<topic_text>
e-mail 
View 
comments
For several years, scientists have speculated that a mysterious planet, dubbed Planet Nine, lies beyond Pluto. 
While the planet is yet to be found, new research suggests that the possible world could spell disaster for our solar system. 
Researchers say that when the sun dies, Planet Nine could cause the elimination of at least one of the planets. 
Scroll down for video 
New research suggests that Planet Nine could spell disaster for our solar system. Researchers say that when the sun dies, Planet Nine (artist&apos;s impression pictured) could cause the elimination of at least one of the planets
WHAT IS PLANET NINE? A study published earlier this years revealed a peculiar clustering of six objects orbiting beyond Neptune. 
It found there is only a 0.007% chance, or about one in 15,000, that the clustering could be a coincidence. 
Instead, they say, a planet with the mass of between 10 and 15 Earths has shepherded the six objects into their strange elliptical orbits, tilted out of the plane of the solar system. 
The findings seem to back up claims made in the 1960s that there might be an undiscovered planet - then called Planet X - on the outskirts of the solar system. 
The mysterious world has now been named Planet Nine in a nod by Professor Mike Brown, a planetary scientist at the California Institute of Technology, to the declassification of Pluto as the ninth planet in the solar system. 
Pluto is know known as a dwarf planet, a lesser category of planets that fail to meet all the criteria needed to be classed as a full planet. 
The research comes from the University of Warwick, where scientists have suggested that when the sun dies, Planet Nine could hurl one or more planet out of the solar system, in a sort of &apos;pinball&apos; effect. 
The sun is expected to start to die in around seven billion years, at which point it will blow away half of its own mass and swell up, swallowing the Earth in the process. 
It will then fade away into an ember, known as a white dwarf. 
This mass ejection will push Jupiter, Saturn, Uranus and Neptune out to what was previously assumed to be a safe distance. 
But researchers now suggest that the existence of Planet Nine could change this theory. 
Their new theory suggests that Planet Nine, which is thought to lie in the outer solar system, might not be pushed out in the same way. 
Instead, it might be thrust inwards into a &apos;death dance&apos; with the four giant planets – Jupiter, Saturn, Uranus and Neptune. 
The most likely result of this will be an ejection of one or more of the planets from the solar system. 
RELATED ARTICLES Previous 1 Next A solar storm could destroy the planet unless we create a... A rock far, far away: Hunt for mysterious Planet Nine... Is Earth being contacted by ALIENS? Mystery radio signals... Plants are more resilient to climate change than thought:... Share this article Share Dr Dimitri Veras, who led the study, said: &apos;The existence of a distant massive planet could fundamentally change the fate of the solar system. 
&apos;Uranus and Neptune in particular may no longer be safe from the death throes of the Sun.&apos; 
Mapping the numerous different positions where Planet Nine (artist&apos;s impression) is thought to lie, the researchers showed that the further away and more massive the planet is, the higher the chance that it will wreak havoc on the solar system
The researchers used a unique code that can simulate the death of planetary systems. 
Mapping the numerous different positions where Planet Nine is thought to lie, the researchers showed that the further away and more massive the planet is, the higher the chance that it will wreak havoc on the solar system. 
Dr Veras added: &apos;The fate of the solar system would depend on the mass and orbital properties of Planet Nine, if it exists.&apos; 
The researchers hope that their study will aid understanding of planetary architectures in different solar systems. 
NASA CANNOT CONFIRM IF PLANET NINE REALLY EXISTS In January, Nasa warned claims of a new planet lurking in our solar system are premature. 
The space agency said the controversial Caltech paper claiming a ninth planet exists beyond Pluto was &apos;just a prediction&apos;. 
It called for caution - but pledged &apos;if it&apos;s there, we&apos;ll find it.&apos; 
In January, astronomers Professor Konstantin Batygin and Professor Mike Brown predicted the existence of an undiscovered planet on the edge of the solar system, which they called Planet Nine (artist&apos;s impression pictured)
In a YouTube video, Jim Green, director of planetary science at Nasa addressed the new findings. 
&apos;The January 20 paper in the Astronomical Journal is fueling our interest in planetary exploration,&apos; Green said. &apos;Stimulating a healthy debate that&apos;s part of the scientific process. 
&apos;It is not, however, the detection of a new planet. It&apos;s too early to say with certainty that there&apos;s a so-called &apos;Planet X&apos; out there. 
He pledged Nasa experts would take part in the process to try and find it. 
&apos;It&apos;s all about starting the process that could lead to an exiting result. 
&apos;If Planet X is out there, we&apos;ll find it together.&apos;
</topic_text>
<spam_score>0.00</spam_score>
<post_num>13</post_num>
<post_id>post-13</post_id>
<post_url>http://www.dailymail.co.uk/sciencetech/article-3764998/Planet-Nine-wreak-havoc-solar-Mystery-world-eject-one-gas-giants-warns-expert.html</post_url>
<post_date>20160830</post_date>
<post_time>1456</post_time>
<username>Romeo16</username>
<post>
We need to get right on this. (eyeroll)
</post>
<signature>

</signature>
<external_links>

</external_links>
<country>GB</country>
<main_image>http://i.dailymail.co.uk/i/pix/2016/08/30/12/37B6181300000578-0-image-a-16_1472556154969.jpg</main_image>
</document>
