<?xml version="1.0" encoding="UTF-8"?>
<document>
<type>mainstream</type>
<forum>http://www.martindale.com/rss/services/ArticlesRSS.ashx?tp=all</forum>
<forum_title>All Articles on Martindale.com</forum_title>
<discussion_title>401(K) Plan Recordkeepers: Concerns about Cyberattacks and Data Breaches</discussion_title>
<language>english</language>
<gmt_offset></gmt_offset>
<topic_url>http://www.martindale.com/employee-benefits-law/article_McDonald-Hopkins-LLC_2233798.htm</topic_url>
<topic_text>
401(k) account and transactional information Investment information Designated beneficiary information (and that individual’s personal information) Websites are also maintained for employees to review their 401(k) balances and to make transfers. Employee 401(k) statements are also often made available through these websites. While case law and federal regulations flowing from the Employee Retirement Income Security Act (ERISA) are heightening the duties and standards for plan fiduciaries in many ways, plan advisors cannot overlook the issue of data security when it comes to their 401(k) plan recordkeepers. In choosing a plan recordkeeper, plan sponsors and advisors should be focusing on the data security protection measures that these recordkeepers have in place or should have in place. Detailed questioning on data security is now a must and it cannot be ignored. Similarly, 401(k) plan recordkeepers must make sure that they have detailed data security plans and protocols in place. The recordkeepers must be prepared to provide answers to a myriad of data security questions that plan advisors should be asking them. The treasure trove of sensitive personal information that is contained in 401(k) records is an appealing target. Data security measures must be heightened by 401(k) plan recordkeepers, and plan advisors must be diligent in obtaining information about the data security protections in plans. The views expressed in this document are solely the views of the author and not Martindale-Hubbell. This document is intended for informational purposes only and is not legal advice or a substitute for consultation with a licensed legal professional in a particular case or circumstance. View More Library Documents By...
</topic_text>
<spam_score>0.00</spam_score>
<post_num>1</post_num>
<post_id>post-1</post_id>
<post_url>http://www.martindale.com/employee-benefits-law/article_McDonald-Hopkins-LLC_2233798.htm</post_url>
<post_date>20160830</post_date>
<post_time>0000</post_time>
<username></username>
<post>
401(k) account and transactional information Investment information Designated beneficiary information (and that individual’s personal information) Websites are also maintained for employees to review their 401(k) balances and to make transfers. Employee 401(k) statements are also often made available through these websites. While case law and federal regulations flowing from the Employee Retirement Income Security Act (ERISA) are heightening the duties and standards for plan fiduciaries in many ways, plan advisors cannot overlook the issue of data security when it comes to their 401(k) plan recordkeepers. In choosing a plan recordkeeper, plan sponsors and advisors should be focusing on the data security protection measures that these recordkeepers have in place or should have in place. Detailed questioning on data security is now a must and it cannot be ignored. Similarly, 401(k) plan recordkeepers must make sure that they have detailed data security plans and protocols in place. The recordkeepers must be prepared to provide answers to a myriad of data security questions that plan advisors should be asking them. The treasure trove of sensitive personal information that is contained in 401(k) records is an appealing target. Data security measures must be heightened by 401(k) plan recordkeepers, and plan advisors must be diligent in obtaining information about the data security protections in plans. The views expressed in this document are solely the views of the author and not Martindale-Hubbell. This document is intended for informational purposes only and is not legal advice or a substitute for consultation with a licensed legal professional in a particular case or circumstance. View More Library Documents By...
</post>
<signature>

</signature>
<external_links>

</external_links>
<country>US</country>
<main_image></main_image>
</document>
