<?xml version="1.0" encoding="UTF-8"?>
<document>
<type>mainstream</type>
<forum>http://feeds.dailykos.com/dailykos/index.xml</forum>
<forum_title>Daily Kos</forum_title>
<discussion_title>LePage suggests he may step down as Maine governor</discussion_title>
<language>english</language>
<gmt_offset></gmt_offset>
<topic_url>http://www.dailykos.com/story/2016/8/30/1565145/-LePage-suggests-he-may-step-down-as-Maine-governor</topic_url>
<topic_text>
16 
Maine Gov. Paul LePage is suggesting he may resign in the wake of his latest scandal, saying “ I think some things I’ve been asked to do are beyond my ability. I’m not going to say that I’m not going to finish it. I’m not saying that I am going to finish it.” Why has his profanity-laced voicemail tirade to a Democratic state legislator gotten him thinking about this step when so many outrageous things before it just led to LePage digging in? Maybe it’s this: 
He said his impression from Monday’s meeting was that House Republicans want to “salvage what we can and move forward.” Senate Republicans, he said, are “making demands.” [...] 
“It’s not about me. It’s about making sure that we can move the state forward,” he said. “It’s one thing to have one party behind (you), it’s another thing to not have any party behind you.” 
Gov. LePage, Maine hasn’t been able to move forward since you were elected, but that’s nothing new—again, “since you were elected” is the key phrase. But if it’s a string of racist comments about black people being drug dealers followed by calling a state representative a “ little son-of-a-bitch, socialist (expletive)” followed by telling reporters he’d like to duel said state representative that finally rids Maine of LePage, good enough.
</topic_text>
<spam_score>0.00</spam_score>
<post_num>1</post_num>
<post_id>post-1</post_id>
<post_url>http://www.dailykos.com/story/2016/8/30/1565145/-LePage-suggests-he-may-step-down-as-Maine-governor</post_url>
<post_date>20160830</post_date>
<post_time>1451</post_time>
<username>rss@dailykos.com (Laura Clawson)</username>
<post>
16 
Maine Gov. Paul LePage is suggesting he may resign in the wake of his latest scandal, saying “ I think some things I’ve been asked to do are beyond my ability. I’m not going to say that I’m not going to finish it. I’m not saying that I am going to finish it.” Why has his profanity-laced voicemail tirade to a Democratic state legislator gotten him thinking about this step when so many outrageous things before it just led to LePage digging in? Maybe it’s this: 
He said his impression from Monday’s meeting was that House Republicans want to “salvage what we can and move forward.” Senate Republicans, he said, are “making demands.” [...] 
“It’s not about me. It’s about making sure that we can move the state forward,” he said. “It’s one thing to have one party behind (you), it’s another thing to not have any party behind you.” 
Gov. LePage, Maine hasn’t been able to move forward since you were elected, but that’s nothing new—again, “since you were elected” is the key phrase. But if it’s a string of racist comments about black people being drug dealers followed by calling a state representative a “ little son-of-a-bitch, socialist (expletive)” followed by telling reporters he’d like to duel said state representative that finally rids Maine of LePage, good enough.
</post>
<signature>

</signature>
<external_links>

</external_links>
<country>US</country>
<main_image>http://images.dailykos.com/images/190944/story_image/LePageMicrophone.jpg?1453980877</main_image>
</document>
