<?xml version="1.0" encoding="UTF-8"?>
<document>
<type>mainstream</type>
<forum></forum>
<forum_title></forum_title>
<discussion_title>【悲報】1000年に一人の橋本環奈。もはやただの雑魚キャラだった… | ２ちゃん まとめアンテナ</discussion_title>
<language>english</language>
<gmt_offset></gmt_offset>
<topic_url>http://himasoku.com/archives/51968125.html</topic_url>
<topic_text>

</topic_text>
<spam_score>0.00</spam_score>
<post_num>1</post_num>
<post_id>post-1</post_id>
<post_url>http://himasoku.com/archives/51968125.html</post_url>
<post_date>20160830</post_date>
<post_time></post_time>
<username></username>
<post>

</post>
<signature>

</signature>
<external_links>

</external_links>
<country>JP</country>
<main_image>http://antena2000.info/wp-content/uploads/2016/08/617d1fb9-s.jpg</main_image>
</document>
