<?xml version="1.0" encoding="UTF-8"?>
<document>
<type>mainstream</type>
<forum>http://www.aqmat.org/feed</forum>
<forum_title>Association québecoise de la quincaillerie et des matériaux de construction</forum_title>
<discussion_title>LE GROUPE BMR SE LANCE SUR LES MÉDIAS SOCIAUX</discussion_title>
<language>french</language>
<gmt_offset></gmt_offset>
<topic_url>http://www.aqmat.org/groupe-bmr-se-lance-medias-sociaux/</topic_url>
<topic_text>
Accueil &gt; Nouvelles &gt; LE GROUPE BMR SE LANCE SUR LES MÉDIAS SOCIAUX LE GROUPE BMR SE LANCE SUR LES MÉDIAS SOCIAUX 30 août 2016 - 9 h 
Il est désormais possible de suivre BMR sur Facebook , Pinterest et YouTube . Au menu : des capsules vidéo, des tableaux d’inspiration, des concours, des promotions spéciales, des nouvelles des ambassadeurs Hugo Girard et Valérie Taillefer, etc. 
Groupe BMR (l’entité mère) sera pour sa part sur Twitter et LinkedIn , pour parler des dernières nouvelles de l’organisation et pour recruter les meilleurs talents! 
En ce qui concerne la bannière Unimat, nos collègues de Groupe BMR relance la page Facebook précédemment créée par La Coop fédérée, qui compte déjà plus de 3 600 adeptes.
</topic_text>
<spam_score>0.00</spam_score>
<post_num>1</post_num>
<post_id>post-1</post_id>
<post_url>http://www.aqmat.org/groupe-bmr-se-lance-medias-sociaux/</post_url>
<post_date>20160830</post_date>
<post_time>1357</post_time>
<username>Claudy St-Jean</username>
<post>
Accueil &gt; Nouvelles &gt; LE GROUPE BMR SE LANCE SUR LES MÉDIAS SOCIAUX LE GROUPE BMR SE LANCE SUR LES MÉDIAS SOCIAUX 30 août 2016 - 9 h 
Il est désormais possible de suivre BMR sur Facebook , Pinterest et YouTube . Au menu : des capsules vidéo, des tableaux d’inspiration, des concours, des promotions spéciales, des nouvelles des ambassadeurs Hugo Girard et Valérie Taillefer, etc. 
Groupe BMR (l’entité mère) sera pour sa part sur Twitter et LinkedIn , pour parler des dernières nouvelles de l’organisation et pour recruter les meilleurs talents! 
En ce qui concerne la bannière Unimat, nos collègues de Groupe BMR relance la page Facebook précédemment créée par La Coop fédérée, qui compte déjà plus de 3 600 adeptes.
</post>
<signature>

</signature>
<external_links>

</external_links>
<country>CA</country>
<main_image>http://www.aqmat.org/wp-content/uploads/2016/08/médias-sociaux-copie.jpg</main_image>
</document>
