<?xml version="1.0" encoding="UTF-8"?>
<document>
<type>mainstream</type>
<forum>https://slon.ru/export/fast.xml</forum>
<forum_title>Новости на Slon.ru</forum_title>
<discussion_title>Более сотни мигрантов под Сочи объявили голодовку</discussion_title>
<language>russian</language>
<gmt_offset></gmt_offset>
<topic_url>https://slon.ru/posts/72720</topic_url>
<topic_text>
Более сотни мигрантов под Сочи объявили голодовку 18:12 129 просмотров 
В центре временного содержания для иностранцев в поселке Вардане под Сочи 108 мигрантов объявили голодовку, рассказал «Медиазоне» представитель «Южного правозащитного центра Семен Симонов. 
Он пояснил, что из-за передачи функций Федеральной миграционной службы Министерству внутренних дел затруднилась работа спецучреждения, появились задержки в процедуре депортации. 
Многие, по словам Симонова, изъявили желание покинуть Россию за свой счет, но их не могут довезти до аэропорта. Правозащитник отметил жалобы на питание и отказ обработать камеры от клопов. 
Центр под Сочи заработал в сентябре 2013 года, он рассчитан на 120 человек. Это режимный объект, иностранцы не могут покидать его по собственному желанию. В 2015 году для изучения данных о нарушениях в этот центр приезжали члены Совета по правам человека при президенте. Также по теме
</topic_text>
<spam_score>0.00</spam_score>
<post_num>1</post_num>
<post_id>post-1</post_id>
<post_url>https://slon.ru/posts/72720</post_url>
<post_date>20160830</post_date>
<post_time>1512</post_time>
<username>Дмитрий Швец</username>
<post>
Более сотни мигрантов под Сочи объявили голодовку 18:12 129 просмотров 
В центре временного содержания для иностранцев в поселке Вардане под Сочи 108 мигрантов объявили голодовку, рассказал «Медиазоне» представитель «Южного правозащитного центра Семен Симонов. 
Он пояснил, что из-за передачи функций Федеральной миграционной службы Министерству внутренних дел затруднилась работа спецучреждения, появились задержки в процедуре депортации. 
Многие, по словам Симонова, изъявили желание покинуть Россию за свой счет, но их не могут довезти до аэропорта. Правозащитник отметил жалобы на питание и отказ обработать камеры от клопов. 
Центр под Сочи заработал в сентябре 2013 года, он рассчитан на 120 человек. Это режимный объект, иностранцы не могут покидать его по собственному желанию. В 2015 году для изучения данных о нарушениях в этот центр приезжали члены Совета по правам человека при президенте. Также по теме
</post>
<signature>

</signature>
<external_links>

</external_links>
<country>RU</country>
<main_image>https://slon.ru/uploads/og-image/72720.jpg?t=1472569968</main_image>
</document>
