<?xml version="1.0" encoding="UTF-8"?>
<document>
<type>mainstream</type>
<forum>http://www.gazzettadelsud.it/rss.jsp?sezione=28</forum>
<forum_title>Gazzetta del Sud online</forum_title>
<discussion_title>Protezione civile: nessuno sforzo in piu&apos; per aver spostato funerali</discussion_title>
<language>italian</language>
<gmt_offset></gmt_offset>
<topic_url>http://www.gazzettadelsud.it/video/mediagallery/210498/protezione-civile-nessuno-sforzo-in-piu-per-aver-spostato-funerali.html</topic_url>
<topic_text>
Protezione civile: nessuno sforzo in piu&apos; per aver spostato funerali 30/08/2016
</topic_text>
<spam_score>0.00</spam_score>
<post_num>1</post_num>
<post_id>post-1</post_id>
<post_url>http://www.gazzettadelsud.it/video/mediagallery/210498/protezione-civile-nessuno-sforzo-in-piu-per-aver-spostato-funerali.html</post_url>
<post_date>20160830</post_date>
<post_time>1021</post_time>
<username></username>
<post>
Protezione civile: nessuno sforzo in piu&apos; per aver spostato funerali 30/08/2016
</post>
<signature>

</signature>
<external_links>

</external_links>
<country>IT</country>
<main_image>http://www.gazzettadelsud.it/resizer/600/315/true/i201608301221.jpg--.jpg</main_image>
</document>
