<?xml version="1.0" encoding="UTF-8"?>
<document>
<type>mainstream</type>
<forum>http://feeds.feedburner.com/ewallstreeter/OWxp</forum>
<forum_title>eWallstreeter</forum_title>
<discussion_title>Are Life Insurance Proceeds Subject to Taxes?</discussion_title>
<language>english</language>
<gmt_offset></gmt_offset>
<topic_url>http://ewallstreeter.com/are-life-insurance-proceeds-subject-to-taxes-4140/</topic_url>
<topic_text>
Are Life Insurance Proceeds Subject to Taxes? From Forbes - Personal FinanceAugust 30, 2016 - 8:33am When you purchase life insurance, the money your beneficiary receives when you pass away are referred to as death benefits (unlike the cash available from a whole life policy, whether it is accessed before and after death.)  
</topic_text>
<spam_score>0.00</spam_score>
<post_num>1</post_num>
<post_id>post-1</post_id>
<post_url>http://ewallstreeter.com/are-life-insurance-proceeds-subject-to-taxes-4140/</post_url>
<post_date>20160830</post_date>
<post_time>1233</post_time>
<username></username>
<post>
Are Life Insurance Proceeds Subject to Taxes? From Forbes - Personal FinanceAugust 30, 2016 - 8:33am When you purchase life insurance, the money your beneficiary receives when you pass away are referred to as death benefits (unlike the cash available from a whole life policy, whether it is accessed before and after death.)  
</post>
<signature>

</signature>
<external_links>

</external_links>
<country>US</country>
<main_image></main_image>
</document>
