<?xml version="1.0" encoding="UTF-8"?>
<document>
<type>mainstream</type>
<forum>http://feeds.feedburner.com/obs-ultimas</forum>
<forum_title>Observador</forum_title>
<discussion_title>Como ficar em forma sem sair da cama</discussion_title>
<language>portuguese</language>
<gmt_offset></gmt_offset>
<topic_url>http://observador.pt/2016/08/30/como-ficar-em-forma-sem-sair-da-cama/</topic_url>
<topic_text>
Lifestyle 
Acordar cedo para ir ao ginásio pode ser uma missão impossível, mesmo no verão. A preguiça, o conforto e o cansaço levam muitas vezes a melhor do que uma rotina pesada de exercícios de manhã ou à noite. Mas não precisa. Porque bastam duas almofadas para manter um estilo de vida ativo, sem abdicar do pijama. Só tem de se certificar que o seu colchão é firme o suficiente e pode exercitar os glúteos, braços, pernas e barriga com estes 10 exercícios localizados. No fim, dê uma boa espreguiçadela e alongue a região lombar ao abraçar as pernas pelos joelhos. 
Estenda-se ao comprido na cama e, durante três a cinco vezes por semana , junte-se aos desenhos animados na fotogaleria do Observador. O pijama é opcional. Texto de Sílvia Silva, ilustração de Andreia Reisinho Costa. Continuar a ler
</topic_text>
<spam_score>0.00</spam_score>
<post_num>1</post_num>
<post_id>post-1</post_id>
<post_url>http://observador.pt/2016/08/30/como-ficar-em-forma-sem-sair-da-cama/</post_url>
<post_date>20160830</post_date>
<post_time>1509</post_time>
<username>Observador</username>
<post>
Lifestyle 
Acordar cedo para ir ao ginásio pode ser uma missão impossível, mesmo no verão. A preguiça, o conforto e o cansaço levam muitas vezes a melhor do que uma rotina pesada de exercícios de manhã ou à noite. Mas não precisa. Porque bastam duas almofadas para manter um estilo de vida ativo, sem abdicar do pijama. Só tem de se certificar que o seu colchão é firme o suficiente e pode exercitar os glúteos, braços, pernas e barriga com estes 10 exercícios localizados. No fim, dê uma boa espreguiçadela e alongue a região lombar ao abraçar as pernas pelos joelhos. 
Estenda-se ao comprido na cama e, durante três a cinco vezes por semana , junte-se aos desenhos animados na fotogaleria do Observador. O pijama é opcional. Texto de Sílvia Silva, ilustração de Andreia Reisinho Costa. Continuar a ler
</post>
<signature>

</signature>
<external_links>

</external_links>
<country>PT</country>
<main_image>http://cdn2.obsnocookie.com/wp-content/uploads/2016/08/30113511/exerciciocama_770x433.gif</main_image>
</document>
