<?xml version="1.0" encoding="UTF-8"?>
<document>
<type>mainstream</type>
<forum>http://www.southburnetttimes.com.au/feeds/rss/homepage</forum>
<forum_title>southburnetttimes.com.au: South Burnett Times Homepage</forum_title>
<discussion_title>Mundubbera Landmark has new agent</discussion_title>
<language>english</language>
<gmt_offset></gmt_offset>
<topic_url>http://www.centralnorthburnetttimes.com.au/news/mundubbera-landmark-has-new-agent/3081216/</topic_url>
<topic_text>
Mundubbera Landmark has new agent Tobi Loftus | 30th Aug 2016 7:28 PM Tobi Loftus NEW AGENT: Andrew Costello and Ashley Doessel. Tobi Loftus 
ANDREW Costello will soon become a familiar face around Mundubbera. 
Landmark Mundubbera has welcomed Mr Costello as a new stock agent for the town. 
Branch manager Ashley Doessel said the company saw an opportunity to fill a hole in the local market. 
&quot;There was strong demand for it,” Mr Doessel said. 
&quot;Andrew became available and he was keen. 
&quot;We&apos;ll do our best for clients and establish something beneficial for both parties.” 
Mr Costello said he had been an agent for eight months, though knew the industry well. 
&quot;I&apos;m originally from a property at Charters Towers,” he said. 
&quot;I&apos;m excited to work with the region.” 
He said he hoped to change the perception people have of stock agents. 
&quot;I want to be there for the client... (and) look after property owners,” he said. 
&quot;It&apos;s about creating a bigger loyalty from the small communities.” 
Mr Costello said he would also be able to sell cattle through new mediums, such as online auctions, opening up new opportunities for producers. 
He said the local cattle market was currently performing well and he could not wait to get deeper into the market. 
&quot;It&apos;s very strong,” he said. 
&quot;It&apos;s strong everywhere due to high demand.” 
He said there were many new market avenues local producers in the area could enter. 
&quot;The live export industry (is one avenue),” he said. 
&quot;Cattle in this area could be used for exports. 
&quot;We can offer access to many different markets.” 
Welcoming a new stock agent is just one of many ways Landmark Mundubbera has recently connected with the community. 
&quot;We ran a competition from May to June for purchases of Dalgety products,” Mr Doessel said. 
&quot;Customers went into the draw to the win a Gallagher reader worth $2000. 
&quot;John and Leonie Bourke (won it). 
Mr Doessel said the competition was successful in building hype around the products. 
&quot;The Dalgety Animal Health brand is exclusive to Landmark with a range of animal health products that offer value and performance,” Mr Doessel said. 
&quot;Our quality promise is backed by research, technology, knowledge and expertise that is available through the Landmark Global network.” agriculture
</topic_text>
<spam_score>0.00</spam_score>
<post_num>1</post_num>
<post_id>post-1</post_id>
<post_url>http://www.centralnorthburnetttimes.com.au/news/mundubbera-landmark-has-new-agent/3081216/</post_url>
<post_date>20160829</post_date>
<post_time>1400</post_time>
<username></username>
<post>
Mundubbera Landmark has new agent Tobi Loftus | 30th Aug 2016 7:28 PM Tobi Loftus NEW AGENT: Andrew Costello and Ashley Doessel. Tobi Loftus 
ANDREW Costello will soon become a familiar face around Mundubbera. 
Landmark Mundubbera has welcomed Mr Costello as a new stock agent for the town. 
Branch manager Ashley Doessel said the company saw an opportunity to fill a hole in the local market. 
&quot;There was strong demand for it,” Mr Doessel said. 
&quot;Andrew became available and he was keen. 
&quot;We&apos;ll do our best for clients and establish something beneficial for both parties.” 
Mr Costello said he had been an agent for eight months, though knew the industry well. 
&quot;I&apos;m originally from a property at Charters Towers,” he said. 
&quot;I&apos;m excited to work with the region.” 
He said he hoped to change the perception people have of stock agents. 
&quot;I want to be there for the client... (and) look after property owners,” he said. 
&quot;It&apos;s about creating a bigger loyalty from the small communities.” 
Mr Costello said he would also be able to sell cattle through new mediums, such as online auctions, opening up new opportunities for producers. 
He said the local cattle market was currently performing well and he could not wait to get deeper into the market. 
&quot;It&apos;s very strong,” he said. 
&quot;It&apos;s strong everywhere due to high demand.” 
He said there were many new market avenues local producers in the area could enter. 
&quot;The live export industry (is one avenue),” he said. 
&quot;Cattle in this area could be used for exports. 
&quot;We can offer access to many different markets.” 
Welcoming a new stock agent is just one of many ways Landmark Mundubbera has recently connected with the community. 
&quot;We ran a competition from May to June for purchases of Dalgety products,” Mr Doessel said. 
&quot;Customers went into the draw to the win a Gallagher reader worth $2000. 
&quot;John and Leonie Bourke (won it). 
Mr Doessel said the competition was successful in building hype around the products. 
&quot;The Dalgety Animal Health brand is exclusive to Landmark with a range of animal health products that offer value and performance,” Mr Doessel said. 
&quot;Our quality promise is backed by research, technology, knowledge and expertise that is available through the Landmark Global network.” agriculture
</post>
<signature>

</signature>
<external_links>

</external_links>
<country>AU</country>
<main_image>https://media.apnarm.net.au/img/media/images/2016/08/24/b88277478z1_20160824110345_000ggu9h10h2-0-776j8adpf9a45zytrm2_ct300x300.jpg</main_image>
</document>
