<?xml version="1.0" encoding="UTF-8"?>
<document>
<type>mainstream</type>
<forum>http://luxlibertas.com/feed</forum>
<forum_title></forum_title>
<discussion_title>Higher Education in Disarray, but a Glimmer of Hope One college dean advises students to leave their safe spaces at home. James Shott · Aug. 30, 2016</discussion_title>
<language>english</language>
<gmt_offset></gmt_offset>
<topic_url>http://luxlibertas.com/higher-education-in-disarray-but-a-glimmer-of-hope-one-college-dean-advises-students-to-leave-their-safe-spaces-at-home-james-shott-%c2%b7-aug-30-2016/</topic_url>
<topic_text>
 
</topic_text>
<spam_score>0.00</spam_score>
<post_num>1</post_num>
<post_id>post-1</post_id>
<post_url>http://luxlibertas.com/higher-education-in-disarray-but-a-glimmer-of-hope-one-college-dean-advises-students-to-leave-their-safe-spaces-at-home-james-shott-%c2%b7-aug-30-2016/</post_url>
<post_date>20160830</post_date>
<post_time>1453</post_time>
<username>John Frisby</username>
<post>
 
</post>
<signature>

</signature>
<external_links>

</external_links>
<country>US</country>
<main_image></main_image>
</document>
