<?xml version="1.0" encoding="UTF-8"?>
<document>
<type>mainstream</type>
<forum>http://feeds.feedburner.com/stara</forum>
<forum_title>Stara</forum_title>
<discussion_title>StaraTV: Teit meistä kauniin -elokuvan Tuukka ja Olga Temonen haastattelussa</discussion_title>
<language>finnish</language>
<gmt_offset></gmt_offset>
<topic_url>https://www.stara.fi/2016/08/30/staratv-teit-meista-kauniin-elokuvan-tuukka-ja-olga-temonen/</topic_url>
<topic_text>
· Stara.fi 
Apulanta-yhtyeen alkutaipaleesta kertova elokuva Teit meistä kauniin saa pian ensi-iltansa. Kyseessä on musiikkielokuvan lisäksi poikkeuksellisen näyttävä ajankuva 1990-luvun alkupuolen Suomesta, joka kamppailee laman kourissa ja sen seurauksista kärsien. Tuon ajan Heinolassa syntyi suosikkiyhtye Apulanta. 
Stara kävi katsastamassa elokuvan etukäteen, ja tapasimme samalla elokuvan ohjaaja-tuottaja -pariskunnan. Nyt haastattelussa ovat Tuukka Temonen ja Olga Temonen, jotka kertovat elokuvan tekemisestä ja valottavat hieman myös kulissien takaisia tapahtumia.
</topic_text>
<spam_score>0.00</spam_score>
<post_num>1</post_num>
<post_id>post-1</post_id>
<post_url>https://www.stara.fi/2016/08/30/staratv-teit-meista-kauniin-elokuvan-tuukka-ja-olga-temonen/</post_url>
<post_date>20160830</post_date>
<post_time>1500</post_time>
<username>Stara.fi</username>
<post>
· Stara.fi 
Apulanta-yhtyeen alkutaipaleesta kertova elokuva Teit meistä kauniin saa pian ensi-iltansa. Kyseessä on musiikkielokuvan lisäksi poikkeuksellisen näyttävä ajankuva 1990-luvun alkupuolen Suomesta, joka kamppailee laman kourissa ja sen seurauksista kärsien. Tuon ajan Heinolassa syntyi suosikkiyhtye Apulanta. 
Stara kävi katsastamassa elokuvan etukäteen, ja tapasimme samalla elokuvan ohjaaja-tuottaja -pariskunnan. Nyt haastattelussa ovat Tuukka Temonen ja Olga Temonen, jotka kertovat elokuvan tekemisestä ja valottavat hieman myös kulissien takaisia tapahtumia.
</post>
<signature>

</signature>
<external_links>

</external_links>
<country>FI</country>
<main_image>https://www.stara.fi/wp-content/uploads/2016/08/tuukkatemonenolgatemonen30082016.jpg</main_image>
</document>
