<?xml version="1.0" encoding="UTF-8"?>
<document>
<type>mainstream</type>
<forum>http://www.wall-street.ro/</forum>
<forum_title>Wall-Street.ro: ultimele stiri online din economie si afaceri</forum_title>
<discussion_title>Telekom Romania: Noua taxa de 1% pentru Fondul Cinematografic este arb</discussion_title>
<language>romanian</language>
<gmt_offset></gmt_offset>
<topic_url>http://www.wall-street.ro/articol/Companii/202396/telekom-romania-noua-taxa-de-1-pentru-fondul-cinematografic-este-arbitrara-consultarea-publica-a-fost-insuficienta.html</topic_url>
<topic_text>
Telekom Romania considera ca noua taxa de 1% pentru Fondul Cinematografic, propusa de Ministerul Culturii intr-un proiect de act normativ, este arbitrara, ca initiatorii nu au respectat termenul legal pentru consultarea publica si ca efectul masurii va fi cresterea tarifelor in piata si incalcarea dreptului la viata privata. Compania solicita initierea procedurii de consultare conform legii, de cel putin zece zile.
0 0 0 0 0 0
</topic_text>
<spam_score>0.05</spam_score>
<post_num>1</post_num>
<post_id>post-1</post_id>
<post_url>http://www.wall-street.ro/articol/Companii/202396/telekom-romania-noua-taxa-de-1-pentru-fondul-cinematografic-este-arbitrara-consultarea-publica-a-fost-insuficienta.html</post_url>
<post_date>20160830</post_date>
<post_time>1730</post_time>
<username>wall-street.ro</username>
<post>
Telekom Romania considera ca noua taxa de 1% pentru Fondul Cinematografic, propusa de Ministerul Culturii intr-un proiect de act normativ, este arbitrara, ca initiatorii nu au respectat termenul legal pentru consultarea publica si ca efectul masurii va fi cresterea tarifelor in piata si incalcarea dreptului la viata privata. Compania solicita initierea procedurii de consultare conform legii, de cel putin zece zile.
0 0 0 0 0 0
</post>
<signature>

</signature>
<external_links>

</external_links>
<country>RO</country>
<main_image>http://img.wall-street.ro/article_pictures/202396_articol.jpg?v=1472567393</main_image>
</document>
