<?xml version="1.0" encoding="UTF-8"?>
<document>
<type>mainstream</type>
<forum>http://www.martindale.com/rss/services/ArticlesRSS.ashx?tp=all</forum>
<forum_title>All Articles on Martindale.com</forum_title>
<discussion_title>Are Physician Non-Competition Agreements Under Attack?</discussion_title>
<language>english</language>
<gmt_offset></gmt_offset>
<topic_url>http://www.martindale.com/labor-employment-law/article_McDonald-Hopkins-LLC_2233810.htm</topic_url>
<topic_text>
August 30, 2016 Previously published on August 2, 2016 On July 12, 2016, Rhode Island Gov. Gina Raimomdo signed into law a bill prohibiting non-competition language in most physician agreements. The law prohibits virtually all restrictions on a physician’s ability to practice medicine post-employment with his/her private practice, hospital employer, laboratories, etc., absent restrictions that are attendant with the purchase of the practice. Rhode Island joins a growing number of states prohibiting physician restrictive covenants, such as, by way of example, Delaware and Massachusetts, under the auspice that the “public interest” is not served in prohibiting physicians to continue treating their former patients. While this trend is gaining momentum, there are still several jurisdictions that will enforce reasonably tailored covenants (i.e., reasonable in duration and geographical scope) against physicians in order to protect the “good will” of the practice at issue. The lesson for both physicians and healthcare institutions is that restrictive covenant law is very state specific and it is imperative that all interested parties consult with counsel to understand what is and is not permissible in their respective jurisdictions. The views expressed in this document are solely the views of the author and not Martindale-Hubbell. This document is intended for informational purposes only and is not legal advice or a substitute for consultation with a licensed legal professional in a particular case or circumstance. View More Library Documents By...
</topic_text>
<spam_score>0.00</spam_score>
<post_num>1</post_num>
<post_id>post-1</post_id>
<post_url>http://www.martindale.com/labor-employment-law/article_McDonald-Hopkins-LLC_2233810.htm</post_url>
<post_date>20160830</post_date>
<post_time>0000</post_time>
<username></username>
<post>
August 30, 2016 Previously published on August 2, 2016 On July 12, 2016, Rhode Island Gov. Gina Raimomdo signed into law a bill prohibiting non-competition language in most physician agreements. The law prohibits virtually all restrictions on a physician’s ability to practice medicine post-employment with his/her private practice, hospital employer, laboratories, etc., absent restrictions that are attendant with the purchase of the practice. Rhode Island joins a growing number of states prohibiting physician restrictive covenants, such as, by way of example, Delaware and Massachusetts, under the auspice that the “public interest” is not served in prohibiting physicians to continue treating their former patients. While this trend is gaining momentum, there are still several jurisdictions that will enforce reasonably tailored covenants (i.e., reasonable in duration and geographical scope) against physicians in order to protect the “good will” of the practice at issue. The lesson for both physicians and healthcare institutions is that restrictive covenant law is very state specific and it is imperative that all interested parties consult with counsel to understand what is and is not permissible in their respective jurisdictions. The views expressed in this document are solely the views of the author and not Martindale-Hubbell. This document is intended for informational purposes only and is not legal advice or a substitute for consultation with a licensed legal professional in a particular case or circumstance. View More Library Documents By...
</post>
<signature>

</signature>
<external_links>

</external_links>
<country>US</country>
<main_image></main_image>
</document>
