<?xml version="1.0" encoding="UTF-8"?>
<document>
<type>mainstream</type>
<forum>http://www.vh1.com/news/feed</forum>
<forum_title>VH1</forum_title>
<discussion_title>James Corden Working out With Teyana Taylor in Kanye’s “Fade” Video Is Gut-Busting</discussion_title>
<language>english</language>
<gmt_offset></gmt_offset>
<topic_url>http://www.vh1.com/news/280191/james-corden-teyana-taylor-fade/</topic_url>
<topic_text>
James Corden Working out With Teyana Taylor in Kanye’s “Fade” Video Is Gut-Busting Yes, that is a &quot;No Sheep in Gym&quot; sign. by Alexa Tietjen 8m ago 
Teyana Taylor is the gym coach you didn’t know you had. Her stellar performance and snatched as hell body in Kanye’s “Fade” video, which debuted at the 2016 VMAs, inspired many to at least think about going to the gym. Late Late Show host James Corden was apparently one of the many, as he actually went to the gym to do a fake workout with Teyana in the “Fade” video. 
James parodied Kanye’s now-iconic music video and pretended to be in the room with Teyana as she was busting those next-level moves. “Sorry, do you mind? It’s sort of a public gym,” he fake asked Teyana while lifting a single weight. “There’s actually a dance place next door,” he continued, adding, “It would be better than doing it amongst the equipment.” By “doing it,” we’re 99% sure he means, “gyrating so hard, your grandmother falls off her rocker.”
</topic_text>
<spam_score>0.00</spam_score>
<post_num>1</post_num>
<post_id>post-1</post_id>
<post_url>http://www.vh1.com/news/280191/james-corden-teyana-taylor-fade/</post_url>
<post_date>20160830</post_date>
<post_time>1506</post_time>
<username>Alexa Tietjen</username>
<post>
James Corden Working out With Teyana Taylor in Kanye’s “Fade” Video Is Gut-Busting Yes, that is a &quot;No Sheep in Gym&quot; sign. by Alexa Tietjen 8m ago 
Teyana Taylor is the gym coach you didn’t know you had. Her stellar performance and snatched as hell body in Kanye’s “Fade” video, which debuted at the 2016 VMAs, inspired many to at least think about going to the gym. Late Late Show host James Corden was apparently one of the many, as he actually went to the gym to do a fake workout with Teyana in the “Fade” video. 
James parodied Kanye’s now-iconic music video and pretended to be in the room with Teyana as she was busting those next-level moves. “Sorry, do you mind? It’s sort of a public gym,” he fake asked Teyana while lifting a single weight. “There’s actually a dance place next door,” he continued, adding, “It would be better than doing it amongst the equipment.” By “doing it,” we’re 99% sure he means, “gyrating so hard, your grandmother falls off her rocker.”
</post>
<signature>

</signature>
<external_links>

</external_links>
<country>US</country>
<main_image>http://vh1.mtvnimages.com/uri/mgid:uma:image:vh1.com:12078869?quality=0.8&amp;amp;format=jpg&amp;amp;width=1440&amp;amp;height=810&amp;amp;.jpg</main_image>
</document>
