<?xml version="1.0" encoding="UTF-8"?>
<document>
<type>mainstream</type>
<forum>http://oncevatan.com.tr//rss.php</forum>
<forum_title>Önce Vatan | Günlük Ulusal Gazete</forum_title>
<discussion_title>Skolyoz ergenlikte ortaya çıkıyor</discussion_title>
<language>turkish</language>
<gmt_offset></gmt_offset>
<topic_url>http://www.oncevatan.com.tr/saglik/skolyoz-ergenlikte-ortaya-cikiyor-h98322.html</topic_url>
<topic_text>
A Milli Takım aday kadrosundan... &apos;Skolyoz ergenlikte ortaya çıkıyor&apos; Medicana International Ankara Hastanesi Omurga Cerrahisi Uzmanı Prof. Dr. Şenköylü, omurga eğriliğinin (skolyoz) en çok ergenlik çağında, 10-14 yaş aralığında görüldüğünü bildirdi. 29 Ağustos 2016 Pazartesi 15:11 Bu haber 224 kez okundu Medicana International Ankara Hastanesi Omurga Cerrahisi Uzmanı Prof. Dr. Alpaslan Şenköylü , omurga eğriliğinin (skolyoz) en çok ergenlik çağında, 10-14 yaş aralığında görüldüğünü bildirdi. Şenköylü, yaptığı yazılı açıklamada, omurganın üç boyutlu deformitesine skolyoz adı verildiğini hatırlatarak, dünya rekortmeni atlet Usain Bolt&apos;un bir skolyoz hastası olmasının dikkatleri bu hastalığa yönelttiğini, skolyozu olan bir kişinin spor yapmasında hiçbir sakınca bulunmadığını belirtti. Şenköylü, &quot;Skolyoz dediğimiz rahatsızlık, ön arka planda omurganın S ya da C şeklinde olması ve beraberinde dönüklük olması durumudur. Belirtileri omuz asimetrisi, bel kavsinin asimetrisi ve kaburga kamburluğudur. Doğuştan olan olgularda omurlarda oluşum veya ayrılma sorunları görülebilir. Nöromuskuler olgular kas hastalıkları ya da sinirsel hastalıklara bağlı olabilir. En sık görüleni, nedeni belli olmayan tiptir. Erken tanı için ebeveynler, ergenlik dönemine girmek üzere olan veya ergenliğe henüz girmiş olan çocukların sırtında asimetri olup olmadığını ayda bir kontrol etmeli.&quot; ifadelerini kullandı. Eğri oturmanın ya da okul çantasını asimetrik taşımanın skolyoz değil, ancak sırt ağrısına neden olabildiğini vurgulayan Şenköylü, şunları kaydetti: &quot;Skolyozun tanısı için öne eğilme testi kullanılır. Eğer asimetri varsa skolyoz olduğu düşünülür. Ama daha sağlıklı bilgi alabilmek için bir deformite cerrahına başvurmak gerekir. Skolyoz en çok ergenlik çağında, 10-14 yaş aralığında görülüyor. Özellikle kız çocuklarında adet görmeye başlamadan hemen önceki hızlı boy atma döneminde ortaya çıkıyor. Bu dönemde verilecek olan korse belki ameliyata gidişi engelleyebilir. Skolyoz, önlenemez ancak ilerlemesi durdurulabilir bir hastalıktır. İleri eğriliklerde, yani 45 derecenin üzerinde cerrahi tedavi önerilir. Cerrahi tedavi, omurlara yerleştirilen vidalar ve bunları birleştiren çubuklarla yapılır. Skolyoz ameliyatında risk, bu işte uzmanlaşmış cerrahlar tarafından yapıldığında azalmaktadır. Ayrıca gelişen teknoloji de bu konuda biz cerrahlara önemli imkanlar sunuyor. Omurga ameliyatlarında artık vidaların doğru yerleştirilmesiyle çevredeki hayati dokulara zarar verilmesini önlemek amacıyla üç boyutlu yazıcı teknolojisinden faydalanıyoruz.&quot; AA
</topic_text>
<spam_score>0.00</spam_score>
<post_num>1</post_num>
<post_id>post-1</post_id>
<post_url>http://www.oncevatan.com.tr/saglik/skolyoz-ergenlikte-ortaya-cikiyor-h98322.html</post_url>
<post_date>20160829</post_date>
<post_time>1311</post_time>
<username></username>
<post>
A Milli Takım aday kadrosundan... &apos;Skolyoz ergenlikte ortaya çıkıyor&apos; Medicana International Ankara Hastanesi Omurga Cerrahisi Uzmanı Prof. Dr. Şenköylü, omurga eğriliğinin (skolyoz) en çok ergenlik çağında, 10-14 yaş aralığında görüldüğünü bildirdi. 29 Ağustos 2016 Pazartesi 15:11 Bu haber 224 kez okundu Medicana International Ankara Hastanesi Omurga Cerrahisi Uzmanı Prof. Dr. Alpaslan Şenköylü , omurga eğriliğinin (skolyoz) en çok ergenlik çağında, 10-14 yaş aralığında görüldüğünü bildirdi. Şenköylü, yaptığı yazılı açıklamada, omurganın üç boyutlu deformitesine skolyoz adı verildiğini hatırlatarak, dünya rekortmeni atlet Usain Bolt&apos;un bir skolyoz hastası olmasının dikkatleri bu hastalığa yönelttiğini, skolyozu olan bir kişinin spor yapmasında hiçbir sakınca bulunmadığını belirtti. Şenköylü, &quot;Skolyoz dediğimiz rahatsızlık, ön arka planda omurganın S ya da C şeklinde olması ve beraberinde dönüklük olması durumudur. Belirtileri omuz asimetrisi, bel kavsinin asimetrisi ve kaburga kamburluğudur. Doğuştan olan olgularda omurlarda oluşum veya ayrılma sorunları görülebilir. Nöromuskuler olgular kas hastalıkları ya da sinirsel hastalıklara bağlı olabilir. En sık görüleni, nedeni belli olmayan tiptir. Erken tanı için ebeveynler, ergenlik dönemine girmek üzere olan veya ergenliğe henüz girmiş olan çocukların sırtında asimetri olup olmadığını ayda bir kontrol etmeli.&quot; ifadelerini kullandı. Eğri oturmanın ya da okul çantasını asimetrik taşımanın skolyoz değil, ancak sırt ağrısına neden olabildiğini vurgulayan Şenköylü, şunları kaydetti: &quot;Skolyozun tanısı için öne eğilme testi kullanılır. Eğer asimetri varsa skolyoz olduğu düşünülür. Ama daha sağlıklı bilgi alabilmek için bir deformite cerrahına başvurmak gerekir. Skolyoz en çok ergenlik çağında, 10-14 yaş aralığında görülüyor. Özellikle kız çocuklarında adet görmeye başlamadan hemen önceki hızlı boy atma döneminde ortaya çıkıyor. Bu dönemde verilecek olan korse belki ameliyata gidişi engelleyebilir. Skolyoz, önlenemez ancak ilerlemesi durdurulabilir bir hastalıktır. İleri eğriliklerde, yani 45 derecenin üzerinde cerrahi tedavi önerilir. Cerrahi tedavi, omurlara yerleştirilen vidalar ve bunları birleştiren çubuklarla yapılır. Skolyoz ameliyatında risk, bu işte uzmanlaşmış cerrahlar tarafından yapıldığında azalmaktadır. Ayrıca gelişen teknoloji de bu konuda biz cerrahlara önemli imkanlar sunuyor. Omurga ameliyatlarında artık vidaların doğru yerleştirilmesiyle çevredeki hayati dokulara zarar verilmesini önlemek amacıyla üç boyutlu yazıcı teknolojisinden faydalanıyoruz.&quot; AA
</post>
<signature>

</signature>
<external_links>

</external_links>
<country>TR</country>
<main_image>http://www.oncevatan.com.tr/images/haberler/skolyoz_ergenlikte_ortaya_cikiyor_h98322.jpg</main_image>
</document>
