<?xml version="1.0" encoding="UTF-8"?>
<document>
<type>mainstream</type>
<forum>http://feeds.feedburner.com/Wect-News</forum>
<forum_title>WECT-TV6 - Local</forum_title>
<discussion_title>Take a literary walking tour through Wilmington</discussion_title>
<language>english</language>
<gmt_offset></gmt_offset>
<topic_url>http://www.wect.com/story/32868004/take-a-literary-walking-tour-through-wilmington</topic_url>
<topic_text>
Take a literary walking tour through Wilmington 2016-08-29T22:21:41Z Old Books on Front invites you to take a literary walking tour through Wilmington.   
Take a walk on the Wilde side, that&apos;s what Old Books on Front is invited you to do. 
The owner of the bookstore, Gwenyfar Rohler, has organized a literary history walking tour of Wilmington. 
The tour takes place every Saturday at 1:30 p.m. 
The two-hour tour will take guests on a more than two mile walk, discussing Wilmington&apos;s place in literary history from 1595 to today. 
The tour will include a stop at Thalian Hall, which Oscar Wilde, Irish playwright and novelist, included on his tour of America. 
Others who stopped by Thalian Hall include Booker T. Washington, Frederick Douglass and Williams Jennings Bryan. 
Rohler also said she will be sharing stories about Stephen King, who has spent time in Wilmington filming movies and TV shows based on his books, and Inglis Fletcher, who wrote the &quot;Carolina Series&quot; based on early North Carolina History. 
For more details about the tour and tickets, go to www.OldBooksonFrontSt.com . 
 
</topic_text>
<spam_score>0.00</spam_score>
<post_num>1</post_num>
<post_id>post-1</post_id>
<post_url>http://www.wect.com/story/32868004/take-a-literary-walking-tour-through-wilmington</post_url>
<post_date>20160829</post_date>
<post_time>2221</post_time>
<username>Ashlea Kosikowski</username>
<post>
Take a literary walking tour through Wilmington 2016-08-29T22:21:41Z Old Books on Front invites you to take a literary walking tour through Wilmington.   
Take a walk on the Wilde side, that&apos;s what Old Books on Front is invited you to do. 
The owner of the bookstore, Gwenyfar Rohler, has organized a literary history walking tour of Wilmington. 
The tour takes place every Saturday at 1:30 p.m. 
The two-hour tour will take guests on a more than two mile walk, discussing Wilmington&apos;s place in literary history from 1595 to today. 
The tour will include a stop at Thalian Hall, which Oscar Wilde, Irish playwright and novelist, included on his tour of America. 
Others who stopped by Thalian Hall include Booker T. Washington, Frederick Douglass and Williams Jennings Bryan. 
Rohler also said she will be sharing stories about Stephen King, who has spent time in Wilmington filming movies and TV shows based on his books, and Inglis Fletcher, who wrote the &quot;Carolina Series&quot; based on early North Carolina History. 
For more details about the tour and tickets, go to www.OldBooksonFrontSt.com . 
 
</post>
<signature>

</signature>
<external_links>

</external_links>
<country>US</country>
<main_image>http://WECT.images.worldnow.com/images/11567455_G.jpg</main_image>
</document>
