<?xml version="1.0" encoding="UTF-8"?>
<document>
<type>mainstream</type>
<forum>http://oncevatan.com.tr//rss.php</forum>
<forum_title>Önce Vatan | Günlük Ulusal Gazete</forum_title>
<discussion_title>Mete Yarara silahlı saldırı düzenlendi</discussion_title>
<language>turkish</language>
<gmt_offset></gmt_offset>
<topic_url>http://www.oncevatan.com.tr/guncel/mete-yarara-silahli-saldiri-duzenlendi-h98321.html</topic_url>
<topic_text>
Mete Yarar&apos;a silahlı saldırı düzenlendi Güvenlik uzmanı Mete Yarar, Kadıköy&apos;de silahlı saldırıya uğradı. 29 Ağustos 2016 Pazartesi 14:49 Bu haber 205 kez okundu Güvenlik uzmanı Mete Yarar , Kadıköy&apos;de silahlı saldırıya uğradı. Alınan bilgiye göre, Yarar&apos;a Suadiye Bağdat Caddesi&apos;nde oturduğu kafeden ayrıldığı sırada silahla ateş edildi. Olayda yaralanmayan Mete Yarar da saldırıya silahıyla karşılık verdi. Saldırı sonrasında bölgeden kaçan kişi ya da kişilerin yakalanması için çalışma başlatıldı. AA Yorumunuz onaylanmak üzere yöneticiye iletilmiştir, teşekkür ederiz. Bu habere yorum yapan ilk siz olun! Ad Soyad: 
Yorum yazmak için bu alanı kullanabilirsiniz. Yorum yazarken lütfen aşağıda yazılan uyarıları göz önünde bulundurunuz! @name x UYARI: Küfür, hakaret, rencide edici cümleler veya imalar, inançlara saldırı içeren, imla kuralları ile yazılmamış, Türkçe karakter kullanılmayan ve tamamı büyük harflerle yazılmış yorumlar onaylanmamaktadır. Ayrıca suç teşkil edecek hakaret içerikli yorumlar hakkında muhatapları tarafından dava açılabilmektedir. İLGİLİ HABERLER
</topic_text>
<spam_score>0.00</spam_score>
<post_num>1</post_num>
<post_id>post-1</post_id>
<post_url>http://www.oncevatan.com.tr/guncel/mete-yarara-silahli-saldiri-duzenlendi-h98321.html</post_url>
<post_date>20160829</post_date>
<post_time>1249</post_time>
<username></username>
<post>
Mete Yarar&apos;a silahlı saldırı düzenlendi Güvenlik uzmanı Mete Yarar, Kadıköy&apos;de silahlı saldırıya uğradı. 29 Ağustos 2016 Pazartesi 14:49 Bu haber 205 kez okundu Güvenlik uzmanı Mete Yarar , Kadıköy&apos;de silahlı saldırıya uğradı. Alınan bilgiye göre, Yarar&apos;a Suadiye Bağdat Caddesi&apos;nde oturduğu kafeden ayrıldığı sırada silahla ateş edildi. Olayda yaralanmayan Mete Yarar da saldırıya silahıyla karşılık verdi. Saldırı sonrasında bölgeden kaçan kişi ya da kişilerin yakalanması için çalışma başlatıldı. AA Yorumunuz onaylanmak üzere yöneticiye iletilmiştir, teşekkür ederiz. Bu habere yorum yapan ilk siz olun! Ad Soyad: 
Yorum yazmak için bu alanı kullanabilirsiniz. Yorum yazarken lütfen aşağıda yazılan uyarıları göz önünde bulundurunuz! @name x UYARI: Küfür, hakaret, rencide edici cümleler veya imalar, inançlara saldırı içeren, imla kuralları ile yazılmamış, Türkçe karakter kullanılmayan ve tamamı büyük harflerle yazılmış yorumlar onaylanmamaktadır. Ayrıca suç teşkil edecek hakaret içerikli yorumlar hakkında muhatapları tarafından dava açılabilmektedir. İLGİLİ HABERLER
</post>
<signature>

</signature>
<external_links>

</external_links>
<country>TR</country>
<main_image>http://www.oncevatan.com.tr/images/haberler/mete_yarara_silahli_saldiri_duzenlendi_h98321.jpg</main_image>
</document>
