<?xml version="1.0" encoding="UTF-8"?>
<document>
<type>mainstream</type>
<forum>http://bangka.tribunnews.com/rss</forum>
<forum_title>Bangka Pos</forum_title>
<discussion_title>Kenali 10 Rahasia Tentang Penerbangan yang Jarang Diketahui: Sambaran Petir hingga Angkut Jenazah</discussion_title>
<language>malay</language>
<gmt_offset></gmt_offset>
<topic_url>http://bangka.tribunnews.com/2016/08/30/kenali-10-rahasia-tentang-penerbangan-yang-jarang-diketahui-sambaran-petir-hingga-angkut-jenazah</topic_url>
<topic_text>
Kenali 10 Rahasia Tentang Penerbangan yang Jarang Diketahui: Sambaran Petir hingga Angkut Jenazah Berpergian menggunakan pesawat merupakan pilihan transportasi yang saat ini sedang banyak digemari para treveler  55 net 
BANGKAPOS.COM --Berpergian menggunakan pesawat merupakan pilihan transportasi yang saat ini sedang banyak digemari para treveler. 
Selain cepat dan lebih efisien, nampaknya harga tiket pesawat saat ini juga mulai terjangkau. 
Namun, tahukah Anda, ada banyak hal yang masyarakat belum ketahui tentang sarana transportasi udara ini. 
Dilansir dari Independent, beberapa hal tersembunyi di balik transportasi udara. 
1. Headphone yang dibungkus bukan barang baru 
Entah apa alasannya, namun headphone yang disediakan di pesawat bukan benda baru di tiap penerbangan.Namun, semuanya sudah dibersihkan dan dibungkus kembali. 
2. Lampu harus mati saat mendarat
</topic_text>
<spam_score>0.00</spam_score>
<post_num>1</post_num>
<post_id>post-1</post_id>
<post_url>http://bangka.tribunnews.com/2016/08/30/kenali-10-rahasia-tentang-penerbangan-yang-jarang-diketahui-sambaran-petir-hingga-angkut-jenazah</post_url>
<post_date>20160829</post_date>
<post_time>2155</post_time>
<username></username>
<post>
Kenali 10 Rahasia Tentang Penerbangan yang Jarang Diketahui: Sambaran Petir hingga Angkut Jenazah Berpergian menggunakan pesawat merupakan pilihan transportasi yang saat ini sedang banyak digemari para treveler  55 net 
BANGKAPOS.COM --Berpergian menggunakan pesawat merupakan pilihan transportasi yang saat ini sedang banyak digemari para treveler. 
Selain cepat dan lebih efisien, nampaknya harga tiket pesawat saat ini juga mulai terjangkau. 
Namun, tahukah Anda, ada banyak hal yang masyarakat belum ketahui tentang sarana transportasi udara ini. 
Dilansir dari Independent, beberapa hal tersembunyi di balik transportasi udara. 
1. Headphone yang dibungkus bukan barang baru 
Entah apa alasannya, namun headphone yang disediakan di pesawat bukan benda baru di tiap penerbangan.Namun, semuanya sudah dibersihkan dan dibungkus kembali. 
2. Lampu harus mati saat mendarat
</post>
<signature>

</signature>
<external_links>

</external_links>
<country>US</country>
<main_image>http://cdn-2.tstatic.net/bangka/foto/bank/images/ilustrasi-pesawat_20160709_133329.jpg</main_image>
</document>
