<?xml version="1.0" encoding="UTF-8"?>
<document>
<type>mainstream</type>
<forum>http://oncevatan.com.tr//rss.php</forum>
<forum_title>Önce Vatan | Günlük Ulusal Gazete</forum_title>
<discussion_title>Mete Yarara yönelik saldırının nedeni belli oldu</discussion_title>
<language>turkish</language>
<gmt_offset></gmt_offset>
<topic_url>http://www.oncevatan.com.tr/guncel/mete-yarara-yonelik-saldirinin-nedeni-belli-oldu-h98324.html</topic_url>
<topic_text>
Mete Yarar&apos;a yönelik saldırının nedeni belli oldu Güvenlik uzmanı Mete Yarar&apos;a yönelik saldırının oğlunun alacak verecek meselesi nedeniyle gerçekleştiği iddia edildi. 29 Ağustos 2016 Pazartesi 16:18 Bu haber 212 kez okundu Güvenlik uzmanı Mete Yarar &apos;a yönelik saldırının oğlunun alacak verecek meselesi nedeniyle gerçekleştiği iddia edildi. Alınan bilgiye göre, Yarar&apos;ın oğlu Gurur Zafer Yarar &apos;ın Suadiye&apos;de bulunan mimarlık ofisinde eski ortağından 100 bin lira alacağı olduğu ve bu borca karşılık senet aldığı öğrenildi. Yarar&apos;ın oğlunu arayan kişilerin borçlarını ödeyeceklerini söyledikleri ve senetleri geri istedikleri, oğlu yerine görüşmeye gelen Mete Yarar ile Suadiye&apos;de buluştukları belirtildi. Bir kafede gerçekleşen görüşmenin ardından iki şüphelinin Yarar&apos;ın elindeki senetleri alıp masadan kalkarak kaçmaya çalıştıkları, kaçarken de Yarar&apos;a ateş ettikleri tespit edildi. Havaya ateş iddiası Yarar&apos;ın ise kovalamaca esnasında havaya ateş ettiği iddia edildi. Mete Yarar&apos;ın Kadıköy İlçe Emniyet Müdürlüğü ekiplerince ifadesi alındı. Olay yerinden kaçan ve kimlikleri tespit edilen şüphelileri yakalama çalışmaları sürüyor. AA
</topic_text>
<spam_score>0.00</spam_score>
<post_num>1</post_num>
<post_id>post-1</post_id>
<post_url>http://www.oncevatan.com.tr/guncel/mete-yarara-yonelik-saldirinin-nedeni-belli-oldu-h98324.html</post_url>
<post_date>20160829</post_date>
<post_time>1418</post_time>
<username></username>
<post>
Mete Yarar&apos;a yönelik saldırının nedeni belli oldu Güvenlik uzmanı Mete Yarar&apos;a yönelik saldırının oğlunun alacak verecek meselesi nedeniyle gerçekleştiği iddia edildi. 29 Ağustos 2016 Pazartesi 16:18 Bu haber 212 kez okundu Güvenlik uzmanı Mete Yarar &apos;a yönelik saldırının oğlunun alacak verecek meselesi nedeniyle gerçekleştiği iddia edildi. Alınan bilgiye göre, Yarar&apos;ın oğlu Gurur Zafer Yarar &apos;ın Suadiye&apos;de bulunan mimarlık ofisinde eski ortağından 100 bin lira alacağı olduğu ve bu borca karşılık senet aldığı öğrenildi. Yarar&apos;ın oğlunu arayan kişilerin borçlarını ödeyeceklerini söyledikleri ve senetleri geri istedikleri, oğlu yerine görüşmeye gelen Mete Yarar ile Suadiye&apos;de buluştukları belirtildi. Bir kafede gerçekleşen görüşmenin ardından iki şüphelinin Yarar&apos;ın elindeki senetleri alıp masadan kalkarak kaçmaya çalıştıkları, kaçarken de Yarar&apos;a ateş ettikleri tespit edildi. Havaya ateş iddiası Yarar&apos;ın ise kovalamaca esnasında havaya ateş ettiği iddia edildi. Mete Yarar&apos;ın Kadıköy İlçe Emniyet Müdürlüğü ekiplerince ifadesi alındı. Olay yerinden kaçan ve kimlikleri tespit edilen şüphelileri yakalama çalışmaları sürüyor. AA
</post>
<signature>

</signature>
<external_links>

</external_links>
<country>TR</country>
<main_image>http://www.oncevatan.com.tr/images/haberler/mete_yarara_yonelik_saldirinin_nedeni_belli_oldu_h98324.jpg</main_image>
</document>
