<?xml version="1.0" encoding="UTF-8"?>
<document>
<type>mainstream</type>
<forum></forum>
<forum_title></forum_title>
<discussion_title>Cabello: Detuvieron a Goicoechea por contener material explosivo - Noticias Calabozo</discussion_title>
<language>spanish</language>
<gmt_offset></gmt_offset>
<topic_url>http://www.noticiascalabozo.com.ve/cabello-detuvieron-goicoechea-contener-material-explosivo/</topic_url>
<topic_text>

La moderación de comentarios está activada. Su comentario podría tardar cierto tiempo en aparecer. Recibir un email con los siguientes comentarios a esta entrada. Recibir un email con cada nueva entrada. – Publicidad – Suscríbete al blog por correo electrónico 
Introduce tu correo electrónico para suscribirte a este blog y recibir notificaciones de las noticias de último momento. 
Únete a otros 20 suscriptores Dirección de email 
</topic_text>
<spam_score>0.19</spam_score>
<post_num>1</post_num>
<post_id>post-1</post_id>
<post_url>http://www.noticiascalabozo.com.ve/cabello-detuvieron-goicoechea-contener-material-explosivo/</post_url>
<post_date>20160825</post_date>
<post_time></post_time>
<username>Zulay Carrillo</username>
<post>

La moderación de comentarios está activada. Su comentario podría tardar cierto tiempo en aparecer. Recibir un email con los siguientes comentarios a esta entrada. Recibir un email con cada nueva entrada. – Publicidad – Suscríbete al blog por correo electrónico 
Introduce tu correo electrónico para suscribirte a este blog y recibir notificaciones de las noticias de último momento. 
Únete a otros 20 suscriptores Dirección de email 
</post>
<signature>

</signature>
<external_links>

</external_links>
<country>VE</country>
<main_image>http://i1.wp.com/www.noticiascalabozo.com.ve/wp-content/uploads/2016/08/25261145965_62f8997b2a_k.jpg?fit=2048%2C1365</main_image>
</document>
