<?xml version="1.0" encoding="UTF-8"?>
<document>
<type>mainstream</type>
<forum>http://audioboom.com/boos/everyone.rss</forum>
<forum_title>audioBoom</forum_title>
<discussion_title>The Inner Sanctum with Western Bulldog&apos;s Matthew Boyd on RSN927am</discussion_title>
<language>english</language>
<gmt_offset></gmt_offset>
<topic_url>https://audioboom.com/boos/4988334-the-inner-sanctum-with-western-bulldog-s-matthew-boyd-on-rsn927am</topic_url>
<topic_text>
&lt;iframe width=&quot;100%&quot; height=&quot;300&quot; style=&quot;background-color:transparent; display:block; max-width: 700px;&quot; frameborder=&quot;0&quot; allowtransparency=&quot;allowtransparency&quot; scrolling=&quot;no&quot; src=&quot;//embeds.audioboom.com/boos/4988334-the-inner-sanctum-with-western-bulldog-s-matthew-boyd-on-rsn927am/embed/v4?eid=AQAAAEu1xFeuHUwA&quot; title=&quot;audioBoom player&quot;&gt;&lt;/iframe&gt; Share on 
Western Bulldog&apos;s Matthew Boyd joined Chrisso and Mick on RSN927am Sports Heaven in the Inner Sanctum to discus - How&apos;s the injuries going? Has the bye come at a good time? 
- Jake Stringer&apos;s progress, do you think he&apos;ll play? Is he in your best 22? 
- Awkward timing with the VFL side playing this week and Thursday night final 
- How early will you go over? 
- How excited are you?
</topic_text>
<spam_score>0.00</spam_score>
<post_num>1</post_num>
<post_id>post-1</post_id>
<post_url>https://audioboom.com/boos/4988334-the-inner-sanctum-with-western-bulldog-s-matthew-boyd-on-rsn927am</post_url>
<post_date>20160829</post_date>
<post_time>2156</post_time>
<username>RSN Sports Heaven with Chrisso and McGuane</username>
<post>
&lt;iframe width=&quot;100%&quot; height=&quot;300&quot; style=&quot;background-color:transparent; display:block; max-width: 700px;&quot; frameborder=&quot;0&quot; allowtransparency=&quot;allowtransparency&quot; scrolling=&quot;no&quot; src=&quot;//embeds.audioboom.com/boos/4988334-the-inner-sanctum-with-western-bulldog-s-matthew-boyd-on-rsn927am/embed/v4?eid=AQAAAEu1xFeuHUwA&quot; title=&quot;audioBoom player&quot;&gt;&lt;/iframe&gt; Share on 
Western Bulldog&apos;s Matthew Boyd joined Chrisso and Mick on RSN927am Sports Heaven in the Inner Sanctum to discus - How&apos;s the injuries going? Has the bye come at a good time? 
- Jake Stringer&apos;s progress, do you think he&apos;ll play? Is he in your best 22? 
- Awkward timing with the VFL side playing this week and Thursday night final 
- How early will you go over? 
- How excited are you?
</post>
<signature>

</signature>
<external_links>

</external_links>
<country>GB</country>
<main_image>https://d15mj6e6qmt1na.cloudfront.net/files/images/2398/9767/Matthew_Boyd_in_studio_august_17_2016.JPG</main_image>
</document>
