<?xml version="1.0" encoding="UTF-8"?>
<document>
<type>mainstream</type>
<forum>http://audioboom.com/boos/everyone.rss</forum>
<forum_title>audioBoom</forum_title>
<discussion_title>[Agenda] Cancelación del sello pictórico del artista Marcos Juan Alegría del Valle en Dorado.</discussion_title>
<language>spanish</language>
<gmt_offset></gmt_offset>
<topic_url>https://audioboom.com/boos/4988317-agenda-cancelacion-del-sello-pictorico-del-artista-marcos-juan-alegria-del-valle-en-dorado</topic_url>
<topic_text>
&lt;iframe width=&quot;100%&quot; height=&quot;300&quot; style=&quot;background-color:transparent; display:block; max-width: 700px;&quot; frameborder=&quot;0&quot; allowtransparency=&quot;allowtransparency&quot; scrolling=&quot;no&quot; src=&quot;//embeds.audioboom.com/boos/4988317-agenda-cancelacion-del-sello-pictorico-del-artista-marcos-juan-alegria-del-valle-en-dorado/embed/v4?eid=AQAAAKe1xFedHUwA&quot; title=&quot;audioBoom player&quot;&gt;&lt;/iframe&gt; Share on Facebook twitter 
Para celebrar el centenario del artista Don Marcos Juan Alegría del Valle, el municipio de Dorado realizará la cancelación de su sello pictórico, el miércoles 31 de agosto. El diseño del sello postal estuvo a cargo del artista Marcos Alegría y está basado en una de las obras preferidas de don Marcos titulada: &quot;Los necesitados&quot;. Alegría expresó sentirse privilegiado de poder honrar a su padre, ya que además fue además fue su primer maestro de pintura.
</topic_text>
<spam_score>0.00</spam_score>
<post_num>1</post_num>
<post_id>post-1</post_id>
<post_url>https://audioboom.com/boos/4988317-agenda-cancelacion-del-sello-pictorico-del-artista-marcos-juan-alegria-del-valle-en-dorado</post_url>
<post_date>20160829</post_date>
<post_time>2147</post_time>
<username>hoyenlasnoticias</username>
<post>
&lt;iframe width=&quot;100%&quot; height=&quot;300&quot; style=&quot;background-color:transparent; display:block; max-width: 700px;&quot; frameborder=&quot;0&quot; allowtransparency=&quot;allowtransparency&quot; scrolling=&quot;no&quot; src=&quot;//embeds.audioboom.com/boos/4988317-agenda-cancelacion-del-sello-pictorico-del-artista-marcos-juan-alegria-del-valle-en-dorado/embed/v4?eid=AQAAAKe1xFedHUwA&quot; title=&quot;audioBoom player&quot;&gt;&lt;/iframe&gt; Share on Facebook twitter 
Para celebrar el centenario del artista Don Marcos Juan Alegría del Valle, el municipio de Dorado realizará la cancelación de su sello pictórico, el miércoles 31 de agosto. El diseño del sello postal estuvo a cargo del artista Marcos Alegría y está basado en una de las obras preferidas de don Marcos titulada: &quot;Los necesitados&quot;. Alegría expresó sentirse privilegiado de poder honrar a su padre, ya que además fue además fue su primer maestro de pintura.
</post>
<signature>

</signature>
<external_links>

</external_links>
<country>GB</country>
<main_image>https://d15mj6e6qmt1na.cloudfront.net/files/images/2398/9664/sellos_postales.jpg</main_image>
</document>
