<?xml version="1.0" encoding="UTF-8"?>
<document>
<type>mainstream</type>
<forum></forum>
<forum_title></forum_title>
<discussion_title>Pilots bailed after being charged with being under influence of alcohol | Northsound 1- Number 1 for The North East of Scotland. Your Music, Your Life</discussion_title>
<language>english</language>
<gmt_offset></gmt_offset>
<topic_url>http://www.northsound1.com/scottish-news/pilots-bailed-after-being-charged-with-being-under-influence-of-alcohol/</topic_url>
<topic_text>
Pilots bailed after being charged with being under influence of alcohol 
Steve Parsons/PA Wir Posted on Monday 29 August 2016 
Two American airline pilots have been released on bail and charged with being under the influence of alcohol as they prepared to fly a passenger jet from Scotland to the US. 
Paul Brady Grebenc, 35, and Carlos Roberto Licona, 45, were held by police following the alleged incident at Glasgow Airport on Saturday. 
The United Airlines flight to Newark, New Jersey, took off later that day with a new crew and 141 passengers on board. 
On Monday, both men appeared in private at Paisley Sheriff Court, where they were charged under section 93 of the Railways and Transport Safety Act 2003, which covers alcohol limits in aviation. 
That section of the Act states: &apos;&apos;A person commits an offence if he performs an aviation function at a time when the proportion of alcohol in his breath, blood or urine exceeds the prescribed limit, or he carries out an activity which is ancillary to an aviation function at a time when the proportion of alcohol in his breath, blood or urine exceeds the prescribed limit.&apos;&apos; 
Grebenc, from Columbus, Mississippi, and Licona, from Humble, Texas, made no plea or declaration and were released on bail ahead of a further court date to be set. 
United Airlines said the pilots have been removed from service and their flying duties pending an investigation. 
A spokesman said the safety of its customers and crew is its &quot;highest priority&quot;. 
For pilots, the alcohol breath limit is nine microgrammes in 100 millilitres, and 20 milligrammes of alcohol in 100 millilitres of blood, according to the legislation. 
The short, private hearing followed the appearance in court last month of two Canadian pilots on the same charge as they prepared to fly a passenger jet from Scotland to Toronto. 
Jean-Francois Perreault, 39, and Imran Zafar Syed, 37, were arrested on Monday July 18 before they were due to take off on the Air Transat flight from Glasgow Airport. 
The men were remanded in custody when they first appeared at Paisley Sheriff Court, also charged under section 93 of the same Act. 
At a second hearing at the same court, they were granted bail on condition they surrender their passports. 
</topic_text>
<spam_score>0.58</spam_score>
<post_num>1</post_num>
<post_id>post-1</post_id>
<post_url>http://www.northsound1.com/scottish-news/pilots-bailed-after-being-charged-with-being-under-influence-of-alcohol/</post_url>
<post_date>20160829</post_date>
<post_time></post_time>
<username></username>
<post>
Pilots bailed after being charged with being under influence of alcohol 
Steve Parsons/PA Wir Posted on Monday 29 August 2016 
Two American airline pilots have been released on bail and charged with being under the influence of alcohol as they prepared to fly a passenger jet from Scotland to the US. 
Paul Brady Grebenc, 35, and Carlos Roberto Licona, 45, were held by police following the alleged incident at Glasgow Airport on Saturday. 
The United Airlines flight to Newark, New Jersey, took off later that day with a new crew and 141 passengers on board. 
On Monday, both men appeared in private at Paisley Sheriff Court, where they were charged under section 93 of the Railways and Transport Safety Act 2003, which covers alcohol limits in aviation. 
That section of the Act states: &apos;&apos;A person commits an offence if he performs an aviation function at a time when the proportion of alcohol in his breath, blood or urine exceeds the prescribed limit, or he carries out an activity which is ancillary to an aviation function at a time when the proportion of alcohol in his breath, blood or urine exceeds the prescribed limit.&apos;&apos; 
Grebenc, from Columbus, Mississippi, and Licona, from Humble, Texas, made no plea or declaration and were released on bail ahead of a further court date to be set. 
United Airlines said the pilots have been removed from service and their flying duties pending an investigation. 
A spokesman said the safety of its customers and crew is its &quot;highest priority&quot;. 
For pilots, the alcohol breath limit is nine microgrammes in 100 millilitres, and 20 milligrammes of alcohol in 100 millilitres of blood, according to the legislation. 
The short, private hearing followed the appearance in court last month of two Canadian pilots on the same charge as they prepared to fly a passenger jet from Scotland to Toronto. 
Jean-Francois Perreault, 39, and Imran Zafar Syed, 37, were arrested on Monday July 18 before they were due to take off on the Air Transat flight from Glasgow Airport. 
The men were remanded in custody when they first appeared at Paisley Sheriff Court, also charged under section 93 of the same Act. 
At a second hearing at the same court, they were granted bail on condition they surrender their passports. 
</post>
<signature>

</signature>
<external_links>

</external_links>
<country>US</country>
<main_image>http://mediastorage.bauermedia.co.uk/43/bedba/452f9/f0467/8b6c9/ac95b/9cf5f/13046075-1_778x436.jpg?1472492344</main_image>
</document>
