<?xml version="1.0" encoding="UTF-8"?>
<document>
<type>mainstream</type>
<forum>http://audioboom.com/boos/everyone.rss</forum>
<forum_title>audioBoom</forum_title>
<discussion_title>East Timor takes Australia to The Hague over oil and gas treaties</discussion_title>
<language>english</language>
<gmt_offset></gmt_offset>
<topic_url>https://audioboom.com/boos/4988350-east-timor-takes-australia-to-the-hague-over-oil-and-gas-treaties</topic_url>
<topic_text>
&lt;iframe width=&quot;100%&quot; height=&quot;150&quot; style=&quot;background-color:transparent; display:block; min-width:300px; max-width:700px;&quot; frameborder=&quot;0&quot; allowtransparency=&quot;allowtransparency&quot; scrolling=&quot;no&quot; src=&quot;//embeds.audioboom.com/boos/4988350-east-timor-takes-australia-to-the-hague-over-oil-and-gas-treaties/embed/v3?eid=AQAAALq2xFe-HUwA&quot; title=&quot;audioBoom player&quot;&gt;&lt;/iframe&gt; Share on Facebook twitter 
In the first case of its kind, East Timor has taken Australia to compulsory conciliation in The Hague in an attempt to resolve the bitter dispute over maritime boundaries in the Timor Sea. Xanana Gusmao, the former president of East Timor told the hearing that Australia exploited a vulnerable nation while negotiating treaties over oil and gas revenue in the disputed territory, but Australia says that East Timor has benefited from the revenue sharing treaties and that the hearing is beyond the jurisdiction of the commission.
</topic_text>
<spam_score>0.00</spam_score>
<post_num>1</post_num>
<post_id>post-1</post_id>
<post_url>https://audioboom.com/boos/4988350-east-timor-takes-australia-to-the-hague-over-oil-and-gas-treaties</post_url>
<post_date>20160829</post_date>
<post_time>2125</post_time>
<username>AM - Individual Items</username>
<post>
&lt;iframe width=&quot;100%&quot; height=&quot;150&quot; style=&quot;background-color:transparent; display:block; min-width:300px; max-width:700px;&quot; frameborder=&quot;0&quot; allowtransparency=&quot;allowtransparency&quot; scrolling=&quot;no&quot; src=&quot;//embeds.audioboom.com/boos/4988350-east-timor-takes-australia-to-the-hague-over-oil-and-gas-treaties/embed/v3?eid=AQAAALq2xFe-HUwA&quot; title=&quot;audioBoom player&quot;&gt;&lt;/iframe&gt; Share on Facebook twitter 
In the first case of its kind, East Timor has taken Australia to compulsory conciliation in The Hague in an attempt to resolve the bitter dispute over maritime boundaries in the Timor Sea. Xanana Gusmao, the former president of East Timor told the hearing that Australia exploited a vulnerable nation while negotiating treaties over oil and gas revenue in the disputed territory, but Australia says that East Timor has benefited from the revenue sharing treaties and that the hearing is beyond the jurisdiction of the commission.
</post>
<signature>

</signature>
<external_links>

</external_links>
<country>GB</country>
<main_image>https://d15mj6e6qmt1na.cloudfront.net/files/images/0835/7858/mza_8590048800730497910.600x600-75.jpg</main_image>
</document>
