<?xml version="1.0" encoding="UTF-8"?>
<document>
<type>mainstream</type>
<forum>http://stackoverflow.com/feeds</forum>
<forum_title>Recent Questions - Stack Overflow</forum_title>
<discussion_title>How to get the 200 response from the server in POST request</discussion_title>
<language>english</language>
<gmt_offset></gmt_offset>
<topic_url>http://stackoverflow.com/questions/39216358/how-to-get-the-200-response-from-the-server-in-post-request</topic_url>
<topic_text>
I have a method to make the post request to my server. 
This is the function: public static String performPostCall(String requestURL, HashMap&lt;String, String&gt; postDataParams) { URL url; StringBuffer response = new StringBuffer(); try { url = new URL(requestURL); TLSSocketFactory tlsSocketFactory = new TLSSocketFactory(); HttpsURLConnection conn = (HttpsURLConnection) url.openConnection(); conn.setSSLSocketFactory(tlsSocketFactory); conn.setReadTimeout(20000); conn.setConnectTimeout(15000); conn.setRequestMethod(&quot;POST&quot;); conn.setDoInput(true); conn.setDoOutput(true); OutputStream os = conn.getOutputStream(); BufferedWriter writer = new BufferedWriter( new OutputStreamWriter(os, &quot;UTF-8&quot;)); writer.write(getPostDataString(postDataParams)); writer.flush(); writer.close(); os.close(); int responseCode=conn.getResponseCode(); if (responseCode == HttpsURLConnection.HTTP_OK) { String line; BufferedReader br=new BufferedReader(new InputStreamReader(conn.getInputStream())); while ((line=br.readLine()) != null) { response.append(line); } br.close(); } else { response.append(&quot;&quot;); } } catch (Exception e) { e.printStackTrace(); } return response.toString(); } private static String getPostDataString(HashMap&lt;String, String&gt; params) throws UnsupportedEncodingException { StringBuilder result = new StringBuilder(); boolean first = true; for(Map.Entry&lt;String, String&gt; entry : params.entrySet()){ if (first) first = false; else result.append(&quot;&amp;&quot;); result.append(URLEncoder.encode(entry.getKey(), &quot;UTF-8&quot;)); result.append(&quot;=&quot;); result.append(URLEncoder.encode(entry.getValue(), &quot;UTF-8&quot;)); } return result.toString(); } 
The problem is that I don&apos;t know how to get the response from the server. I want to make something like this. if(performPostCall.response = 200){ //do something } 
But the function return a string. 
How can I make what I want?
</topic_text>
<spam_score>0.00</spam_score>
<post_num>1</post_num>
<post_id>post-1</post_id>
<post_url>http://stackoverflow.com/questions/39216358/how-to-get-the-200-response-from-the-server-in-post-request</post_url>
<post_date>20160829</post_date>
<post_time>2253</post_time>
<username>Federick Jons</username>
<post>
I have a method to make the post request to my server. 
This is the function: public static String performPostCall(String requestURL, HashMap&lt;String, String&gt; postDataParams) { URL url; StringBuffer response = new StringBuffer(); try { url = new URL(requestURL); TLSSocketFactory tlsSocketFactory = new TLSSocketFactory(); HttpsURLConnection conn = (HttpsURLConnection) url.openConnection(); conn.setSSLSocketFactory(tlsSocketFactory); conn.setReadTimeout(20000); conn.setConnectTimeout(15000); conn.setRequestMethod(&quot;POST&quot;); conn.setDoInput(true); conn.setDoOutput(true); OutputStream os = conn.getOutputStream(); BufferedWriter writer = new BufferedWriter( new OutputStreamWriter(os, &quot;UTF-8&quot;)); writer.write(getPostDataString(postDataParams)); writer.flush(); writer.close(); os.close(); int responseCode=conn.getResponseCode(); if (responseCode == HttpsURLConnection.HTTP_OK) { String line; BufferedReader br=new BufferedReader(new InputStreamReader(conn.getInputStream())); while ((line=br.readLine()) != null) { response.append(line); } br.close(); } else { response.append(&quot;&quot;); } } catch (Exception e) { e.printStackTrace(); } return response.toString(); } private static String getPostDataString(HashMap&lt;String, String&gt; params) throws UnsupportedEncodingException { StringBuilder result = new StringBuilder(); boolean first = true; for(Map.Entry&lt;String, String&gt; entry : params.entrySet()){ if (first) first = false; else result.append(&quot;&amp;&quot;); result.append(URLEncoder.encode(entry.getKey(), &quot;UTF-8&quot;)); result.append(&quot;=&quot;); result.append(URLEncoder.encode(entry.getValue(), &quot;UTF-8&quot;)); } return result.toString(); } 
The problem is that I don&apos;t know how to get the response from the server. I want to make something like this. if(performPostCall.response = 200){ //do something } 
But the function return a string. 
How can I make what I want?
</post>
<signature>

</signature>
<external_links>

</external_links>
<country>US</country>
<main_image>http://cdn.sstatic.net/Sites/stackoverflow/img/apple-touch-icon@2.png?v=73d79a89bded&amp;a</main_image>
</document>
