<?xml version="1.0" encoding="UTF-8"?>
<document>
<type>mainstream</type>
<forum>http://www.mittelstand-nachrichten.de/feed/</forum>
<forum_title>Mittelstand-Nachrichten</forum_title>
<discussion_title>Außenwerbespezialist 1-2-3-Plakat.de unterstützt Fußball-Bundesligist FC Schalke 04 bei neuen Kampagnen</discussion_title>
<language>german</language>
<gmt_offset></gmt_offset>
<topic_url>http://www.mittelstand-nachrichten.de/verschiedenes/aussenwerbespezialist-1-2-3-plakat-de-unterstuetzt-fussball-bundesligist-fc-schalke-04-bei-neuen-kampagnen-20160829.html</topic_url>
<topic_text>
Außenwerbespezialist 1-2-3-Plakat.de unterstützt Fußball-Bundesligist FC Schalke 04 bei neuen Kampagnen 29. August 2016   Unternehmen , Verschiedenes Bünde/Gelsenkirchen – 2016 steht ganz im Zeichen der sportlichen Großereignisse. Nach der Fußball-WM in Frankreich und dem Abschluss der Olympischen Spiele in Rio ist jetzt die Fußball-Bundesligasaison 2016/17 gestartet. Der Gelsenkirchener Traditionsverein FC Schalke 04 setzt in den kommenden Monaten erneut auf den Werbepartner 1-2-3-Plakat.de. Deutschlands erster Online-Vermarkter für Außenwerbung aus dem ostwestfälischen Bünde konzeptioniert und plant seit nunmehr drei Jahren verschiedene Out-of-Home-Kampagnen für den Verein. Quelle: 1-2-3-Plakat.de/Rossner-Relations Zuletzt warben die Königsblauen in mehr als 12 Ruhrgebietsstädten für ihr neues Heimtrikot. Die Spieler waren auf den Großflächenmotiven wie Superhelden in einem Comic dargestellt und mit knalligen Farben eingerahmt. Der Name der Kampagne „#04EVERYDAY“ prangte als Ausruf quer über dem Plakat. Der eigentliche Clou dieser großangelegten Außenwerbekampagne waren aber die digitalen Flächen. In Bochum, Essen und Gelsenkirchen kamen erstmals Medien unter Tage zum Einsatz – die bekannten Infoscreens an S- und U-Bahnhaltestellen. Hier wurden Minispots gezeigt, während die Fahrgäste auf den nächsten Zug warteten und damit offen für Unterhaltung waren. „In diesem Jahr planten wir als Schalker Sponsor erstmals digitale Außenwerbemedien. Infoscreens sind besonders aufmerksamkeitsstark, weil sie die Wartezeiten am Bahnsteig optimal überbrücken“, erklärt Markus John, Geschäftsführer von 1-2-3-Plakat.de. „Der Name des neuen Heimtrikots kam wie ein Hashtag daher. Passanten brauchten so nur noch zum Smartphone zu greifen und konnten gleich mit dem Stichwort online gehen. Im besten Fall sicherten sich die Fans das neue Heimtrikot sogar direkt mobil. So geht Trikottausch heute, ganz einfach am Bahnsteig.“ Auch in der kommenden Saison wird 1-2-3-Plakat.de wieder neue Kampagnen für die Schalker Kicker realisieren. „Unsere Aufgabe wird es sein, die Schalker Botschaften an den richtigen Stellen zu platzieren und Touchpoints mit den Fans zu schaffen“, so John. Quelle: 1-2-3-Plakat.de/Rossner-Relations
</topic_text>
<spam_score>0.00</spam_score>
<post_num>1</post_num>
<post_id>post-1</post_id>
<post_url>http://www.mittelstand-nachrichten.de/verschiedenes/aussenwerbespezialist-1-2-3-plakat-de-unterstuetzt-fussball-bundesligist-fc-schalke-04-bei-neuen-kampagnen-20160829.html</post_url>
<post_date>20160829</post_date>
<post_time>1242</post_time>
<username>Despina Tagkalidou</username>
<post>
Außenwerbespezialist 1-2-3-Plakat.de unterstützt Fußball-Bundesligist FC Schalke 04 bei neuen Kampagnen 29. August 2016   Unternehmen , Verschiedenes Bünde/Gelsenkirchen – 2016 steht ganz im Zeichen der sportlichen Großereignisse. Nach der Fußball-WM in Frankreich und dem Abschluss der Olympischen Spiele in Rio ist jetzt die Fußball-Bundesligasaison 2016/17 gestartet. Der Gelsenkirchener Traditionsverein FC Schalke 04 setzt in den kommenden Monaten erneut auf den Werbepartner 1-2-3-Plakat.de. Deutschlands erster Online-Vermarkter für Außenwerbung aus dem ostwestfälischen Bünde konzeptioniert und plant seit nunmehr drei Jahren verschiedene Out-of-Home-Kampagnen für den Verein. Quelle: 1-2-3-Plakat.de/Rossner-Relations Zuletzt warben die Königsblauen in mehr als 12 Ruhrgebietsstädten für ihr neues Heimtrikot. Die Spieler waren auf den Großflächenmotiven wie Superhelden in einem Comic dargestellt und mit knalligen Farben eingerahmt. Der Name der Kampagne „#04EVERYDAY“ prangte als Ausruf quer über dem Plakat. Der eigentliche Clou dieser großangelegten Außenwerbekampagne waren aber die digitalen Flächen. In Bochum, Essen und Gelsenkirchen kamen erstmals Medien unter Tage zum Einsatz – die bekannten Infoscreens an S- und U-Bahnhaltestellen. Hier wurden Minispots gezeigt, während die Fahrgäste auf den nächsten Zug warteten und damit offen für Unterhaltung waren. „In diesem Jahr planten wir als Schalker Sponsor erstmals digitale Außenwerbemedien. Infoscreens sind besonders aufmerksamkeitsstark, weil sie die Wartezeiten am Bahnsteig optimal überbrücken“, erklärt Markus John, Geschäftsführer von 1-2-3-Plakat.de. „Der Name des neuen Heimtrikots kam wie ein Hashtag daher. Passanten brauchten so nur noch zum Smartphone zu greifen und konnten gleich mit dem Stichwort online gehen. Im besten Fall sicherten sich die Fans das neue Heimtrikot sogar direkt mobil. So geht Trikottausch heute, ganz einfach am Bahnsteig.“ Auch in der kommenden Saison wird 1-2-3-Plakat.de wieder neue Kampagnen für die Schalker Kicker realisieren. „Unsere Aufgabe wird es sein, die Schalker Botschaften an den richtigen Stellen zu platzieren und Touchpoints mit den Fans zu schaffen“, so John. Quelle: 1-2-3-Plakat.de/Rossner-Relations
</post>
<signature>

</signature>
<external_links>

</external_links>
<country>DE</country>
<main_image>http://www.mittelstand-nachrichten.de/wp-content/uploads/2016/08/Bildschirmfoto-2016-08-29-um-12.44.57.png</main_image>
</document>
