<?xml version="1.0" encoding="UTF-8"?>
<document>
<type>mainstream</type>
<forum>https://www.promiflash.de/feed</forum>
<forum_title>Promiflash</forum_title>
<discussion_title>Scheidung von Lamar: Khloe Kardashian kann nicht mehr!</discussion_title>
<language>german</language>
<gmt_offset></gmt_offset>
<topic_url>https://www.promiflash.de/news/2016/08/29/scheidung-von-lamar-khloe-kardashian-kann-nicht-mehr.html</topic_url>
<topic_text>
Scheidung von Lamar: Khloe Kardashian kann nicht mehr! 30. August, 00:31 – Melanie Ha. 
Es war ein ewig langes Hin und Her zwischen Khloe Kardashian (32) und Lamar Odom (36): Als der ehemalige Basketball-Star seinen schwerwiegenden Drogen-Unfall hatte, legte die TV-Beauty ihre Scheinungspläne auf Eis und half ihrem Noch-Ehemann durch die schwere Zeit. Doch nach der Genesung des Sportlers scheint die Trennung nun endgültig. Im Fernsehen erklärt Khloe , warum sie einfach keine Hoffnung für ihre Beziehung mit Lamar hat. Instagram/cityscapes_nyc Lamar Odom mit dem Besitzer des Cityscapes Gentlemens Club 
Seitdem Lamar Odom aus der Reha entlassen wurde, konnten seine Fans beobachten, wie es dem Sportstar immer besser ging. Doch dann verfiel er in alte Verhaltensmuster: Ging viel feiern, trank jede Menge Alkohol und auch den Drogen schien er erneut nicht abgeneigt zu sein. Daher zieht nun auch seine Noch-Ehefrau Khloe Kardashian endgültig die Reißleine. &quot;Ich habe wirklich lange versucht, ihm zu helfen. Aber solange er sich nicht selbst hilft, muss ich das tun, was für mich am besten ist. Und daher schaue ich jetzt nach vorne und schließe mit der Sache ab&quot; , begründet sie in der aktuellen Keeping up with the Kardashians -Folge ihren Entschluss. Instagram / Khloe Kardashian Khloe Kardashian, Realitystar 
Doch ganz so leicht fällt es Khloe dann doch nicht, mit ihrer einstigen großen Liebe abzuschließen. &quot;Es wird immer Liebe sein und ich werde als Freund immer für ihn da sein. Aber ich muss einfach ein neues Kapitel beginnen&quot; , gesteht die 32-Jährige ihrer Schwester Kourtney (37). Auch vom Rest ihrer Familie erhält die Kardashian-Beauty Rückendeckung. Schaut euch im Clip an, wie ähnlich sich die Schwestern sehen. Kevin Mazur/Getty Images for Yeezy Season 3 Khloe Kardashian und ihr baldiger Ex-Mann Lamar Odom Welche Kardashian-Schwester postet das heißeste Bikini-Bild? 
 
</topic_text>
<spam_score>0.00</spam_score>
<post_num>1</post_num>
<post_id>post-1</post_id>
<post_url>https://www.promiflash.de/news/2016/08/29/scheidung-von-lamar-khloe-kardashian-kann-nicht-mehr.html</post_url>
<post_date>20160829</post_date>
<post_time>2231</post_time>
<username></username>
<post>
Scheidung von Lamar: Khloe Kardashian kann nicht mehr! 30. August, 00:31 – Melanie Ha. 
Es war ein ewig langes Hin und Her zwischen Khloe Kardashian (32) und Lamar Odom (36): Als der ehemalige Basketball-Star seinen schwerwiegenden Drogen-Unfall hatte, legte die TV-Beauty ihre Scheinungspläne auf Eis und half ihrem Noch-Ehemann durch die schwere Zeit. Doch nach der Genesung des Sportlers scheint die Trennung nun endgültig. Im Fernsehen erklärt Khloe , warum sie einfach keine Hoffnung für ihre Beziehung mit Lamar hat. Instagram/cityscapes_nyc Lamar Odom mit dem Besitzer des Cityscapes Gentlemens Club 
Seitdem Lamar Odom aus der Reha entlassen wurde, konnten seine Fans beobachten, wie es dem Sportstar immer besser ging. Doch dann verfiel er in alte Verhaltensmuster: Ging viel feiern, trank jede Menge Alkohol und auch den Drogen schien er erneut nicht abgeneigt zu sein. Daher zieht nun auch seine Noch-Ehefrau Khloe Kardashian endgültig die Reißleine. &quot;Ich habe wirklich lange versucht, ihm zu helfen. Aber solange er sich nicht selbst hilft, muss ich das tun, was für mich am besten ist. Und daher schaue ich jetzt nach vorne und schließe mit der Sache ab&quot; , begründet sie in der aktuellen Keeping up with the Kardashians -Folge ihren Entschluss. Instagram / Khloe Kardashian Khloe Kardashian, Realitystar 
Doch ganz so leicht fällt es Khloe dann doch nicht, mit ihrer einstigen großen Liebe abzuschließen. &quot;Es wird immer Liebe sein und ich werde als Freund immer für ihn da sein. Aber ich muss einfach ein neues Kapitel beginnen&quot; , gesteht die 32-Jährige ihrer Schwester Kourtney (37). Auch vom Rest ihrer Familie erhält die Kardashian-Beauty Rückendeckung. Schaut euch im Clip an, wie ähnlich sich die Schwestern sehen. Kevin Mazur/Getty Images for Yeezy Season 3 Khloe Kardashian und ihr baldiger Ex-Mann Lamar Odom Welche Kardashian-Schwester postet das heißeste Bikini-Bild? 
 
</post>
<signature>

</signature>
<external_links>

</external_links>
<country>DE</country>
<main_image>https://content2.promiflash.de/article-images/video_1080/khloe-kardashian-im-bauchfreien-outfit-und-mit-sonnenbrille.jpg</main_image>
</document>
