<?xml version="1.0" encoding="UTF-8"?>
<document>
<type>mainstream</type>
<forum>http://stackoverflow.com/feeds</forum>
<forum_title>Recent Questions - Stack Overflow</forum_title>
<discussion_title>localhost node server can&apos;t load bundle.js from webpack</discussion_title>
<language>english</language>
<gmt_offset></gmt_offset>
<topic_url>http://stackoverflow.com/questions/39216293/localhost-node-server-cant-load-bundle-js-from-webpack</topic_url>
<topic_text>
I&apos;m learning react following Isomorphic App tutorial . 
Since i&apos;m really new to react, I strictly followed the tutorial, writing every single script as described. When I launch the server with npm start , the browser on localhost:3000 doesn&apos;t render the page as expected, showing only the title without the input field and the button for adding a new todo. Opening the Dev Console, comes out that bundle.js can&apos;t get loaded and i really can&apos;t understand why. 
If I point the browser to localhost:3000/home , on the other hand, it renders the input field and the button, but again bundle.js is not loaded, and the &quot;app&quot; doesn&apos;t work (i.e. doesn&apos;t add a new todo). 
i&apos;m new to react, webpack and node, i googled a lot but i really can&apos;t get it through, i don&apos;t know what&apos;s happening. package.json and webpack.config too have been created following the tutorial indications. 
I&apos;m banging my head against the wall since a few days, please ease my pain, i beg you :D 
here&apos;s my config: 
package.json : { &quot;name&quot;: &quot;isomorphic-redux&quot;, &quot;version&quot;: &quot;1.0.0&quot;, &quot;repository&quot;: &quot;https://github.com/bananaoomarang/isomorphic-redux&quot;, &quot;description&quot;: &quot;&quot;, &quot;main&quot;: &quot;index.js&quot;, &quot;scripts&quot;: { &quot;start&quot;: &quot;NODE_PATH=$NODE_PATH:./shared node --harmony .&quot;, &quot;dev&quot;: &quot;npm run start &amp; webpack-dev-server --progress --color&quot;, &quot;build&quot;: &quot;NODE_ENV=production webpack --progress --color -p --config webpack.prod.config.js&quot; }, &quot;author&quot;: &quot;Milo Mordaunt &lt;milomord@gmail.com&gt;&quot;, &quot;license&quot;: &quot;MIT&quot;, &quot;dependencies&quot;: { &quot;axios&quot;: &quot;^0.7.0&quot;, &quot;express&quot;: &quot;^4.13.3&quot;, &quot;history&quot;: &quot;^1.9.1&quot;, &quot;immutable&quot;: &quot;^3.7.5&quot;, &quot;object-assign&quot;: &quot;^4.0.1&quot;, &quot;react&quot;: &quot;^0.14.0&quot;, &quot;react-dom&quot;: &quot;^0.14.0&quot;, &quot;react-redux&quot;: &quot;^4.0.0&quot;, &quot;react-router&quot;: &quot;1.0.0-rc3&quot;, &quot;redux&quot;: &quot;^3.0.0&quot;, &quot;webpack&quot;: &quot;^1.13.2&quot; }, &quot;devDependencies&quot;: { &quot;babel&quot;: &quot;latest&quot;, &quot;babel-eslint&quot;: &quot;^4.1.2&quot;, &quot;babel-loader&quot;: &quot;^5.3.2&quot;, &quot;eslint&quot;: &quot;^1.4.3&quot;, &quot;eslint-plugin-react&quot;: &quot;^3.3.2&quot;, &quot;react-hot-loader&quot;: &quot;^1.3.0&quot;, &quot;webpack&quot;: &quot;^1.12.1&quot;, &quot;webpack-dev-server&quot;: &quot;^1.11.0&quot; } } 
webpack.config var path = require(&apos;path&apos;); var webpack = require(&apos;webpack&apos;); module.exports = { entry: [ &apos;webpack-dev-server/client?http://127.0.0.1:8080/&apos;, &apos;webpack/hot/only-dev-server&apos;, &apos;./client&apos; ], output: { path: path.join(__dirname, &apos;dist&apos;), filename: &apos;bundle.js&apos; }, resolve: { modulesDirectories: [&apos;node_modules&apos;, &apos;shared&apos;], extensions: [&apos;&apos;, &apos;.js&apos;, &apos;.jsx&apos;] }, module: { loaders: [ { test: /\.jsx?$/, exclude: /node_modules/, loaders: [&apos;react-hot&apos;, &apos;babel&apos;] } ] }, plugins: [ new webpack.HotModuleReplacementPlugin(), new webpack.NoErrorsPlugin() ], devtool: &apos;inline-source-map&apos;, devServer: { hot: true, proxy: { &apos;*&apos;: &apos;http://127.0.0.1:&apos; + (process.env.PORT || 3000) }, host: &apos;127.0.0.1&apos; } }; 
the project structure is the following: client/ ---index.jsx shared/ ---actions/ ---components/ ... -
</topic_text>
<spam_score>0.00</spam_score>
<post_num>1</post_num>
<post_id>post-1</post_id>
<post_url>http://stackoverflow.com/questions/39216293/localhost-node-server-cant-load-bundle-js-from-webpack</post_url>
<post_date>20160829</post_date>
<post_time>2254</post_time>
<username>Francesco Paoletti</username>
<post>
I&apos;m learning react following Isomorphic App tutorial . 
Since i&apos;m really new to react, I strictly followed the tutorial, writing every single script as described. When I launch the server with npm start , the browser on localhost:3000 doesn&apos;t render the page as expected, showing only the title without the input field and the button for adding a new todo. Opening the Dev Console, comes out that bundle.js can&apos;t get loaded and i really can&apos;t understand why. 
If I point the browser to localhost:3000/home , on the other hand, it renders the input field and the button, but again bundle.js is not loaded, and the &quot;app&quot; doesn&apos;t work (i.e. doesn&apos;t add a new todo). 
i&apos;m new to react, webpack and node, i googled a lot but i really can&apos;t get it through, i don&apos;t know what&apos;s happening. package.json and webpack.config too have been created following the tutorial indications. 
I&apos;m banging my head against the wall since a few days, please ease my pain, i beg you :D 
here&apos;s my config: 
package.json : { &quot;name&quot;: &quot;isomorphic-redux&quot;, &quot;version&quot;: &quot;1.0.0&quot;, &quot;repository&quot;: &quot;https://github.com/bananaoomarang/isomorphic-redux&quot;, &quot;description&quot;: &quot;&quot;, &quot;main&quot;: &quot;index.js&quot;, &quot;scripts&quot;: { &quot;start&quot;: &quot;NODE_PATH=$NODE_PATH:./shared node --harmony .&quot;, &quot;dev&quot;: &quot;npm run start &amp; webpack-dev-server --progress --color&quot;, &quot;build&quot;: &quot;NODE_ENV=production webpack --progress --color -p --config webpack.prod.config.js&quot; }, &quot;author&quot;: &quot;Milo Mordaunt &lt;milomord@gmail.com&gt;&quot;, &quot;license&quot;: &quot;MIT&quot;, &quot;dependencies&quot;: { &quot;axios&quot;: &quot;^0.7.0&quot;, &quot;express&quot;: &quot;^4.13.3&quot;, &quot;history&quot;: &quot;^1.9.1&quot;, &quot;immutable&quot;: &quot;^3.7.5&quot;, &quot;object-assign&quot;: &quot;^4.0.1&quot;, &quot;react&quot;: &quot;^0.14.0&quot;, &quot;react-dom&quot;: &quot;^0.14.0&quot;, &quot;react-redux&quot;: &quot;^4.0.0&quot;, &quot;react-router&quot;: &quot;1.0.0-rc3&quot;, &quot;redux&quot;: &quot;^3.0.0&quot;, &quot;webpack&quot;: &quot;^1.13.2&quot; }, &quot;devDependencies&quot;: { &quot;babel&quot;: &quot;latest&quot;, &quot;babel-eslint&quot;: &quot;^4.1.2&quot;, &quot;babel-loader&quot;: &quot;^5.3.2&quot;, &quot;eslint&quot;: &quot;^1.4.3&quot;, &quot;eslint-plugin-react&quot;: &quot;^3.3.2&quot;, &quot;react-hot-loader&quot;: &quot;^1.3.0&quot;, &quot;webpack&quot;: &quot;^1.12.1&quot;, &quot;webpack-dev-server&quot;: &quot;^1.11.0&quot; } } 
webpack.config var path = require(&apos;path&apos;); var webpack = require(&apos;webpack&apos;); module.exports = { entry: [ &apos;webpack-dev-server/client?http://127.0.0.1:8080/&apos;, &apos;webpack/hot/only-dev-server&apos;, &apos;./client&apos; ], output: { path: path.join(__dirname, &apos;dist&apos;), filename: &apos;bundle.js&apos; }, resolve: { modulesDirectories: [&apos;node_modules&apos;, &apos;shared&apos;], extensions: [&apos;&apos;, &apos;.js&apos;, &apos;.jsx&apos;] }, module: { loaders: [ { test: /\.jsx?$/, exclude: /node_modules/, loaders: [&apos;react-hot&apos;, &apos;babel&apos;] } ] }, plugins: [ new webpack.HotModuleReplacementPlugin(), new webpack.NoErrorsPlugin() ], devtool: &apos;inline-source-map&apos;, devServer: { hot: true, proxy: { &apos;*&apos;: &apos;http://127.0.0.1:&apos; + (process.env.PORT || 3000) }, host: &apos;127.0.0.1&apos; } }; 
the project structure is the following: client/ ---index.jsx shared/ ---actions/ ---components/ ... -
</post>
<signature>

</signature>
<external_links>

</external_links>
<country>US</country>
<main_image>http://cdn.sstatic.net/Sites/stackoverflow/img/apple-touch-icon@2.png?v=73d79a89bded&amp;a</main_image>
</document>
