<?xml version="1.0" encoding="UTF-8"?>
<document>
<type>mainstream</type>
<forum></forum>
<forum_title></forum_title>
<discussion_title>Damage - New Songs, Playlists, Videos &amp; Tours - BBC Music</discussion_title>
<language>english</language>
<gmt_offset></gmt_offset>
<topic_url>http://www.bbc.co.uk/music/artists/a2b9f1ba-dfc5-421e-a03b-1571c09ffbc6</topic_url>
<topic_text>
Read more about sharing. Damage Biography (Wikipedia) 
Damage are a British R&amp;B boy band who achieved success in the 1990s with eleven hit singles, including four Top 10 successes on the UK Singles Chart. They have sold 2.5 million records worldwide. The band consists of Jade Jones, Rahsaan J Bromfield, Andrez Harriott, and Noel Simpson. This entry is from Wikipedia , the user-contributed encyclopedia. It may not have been reviewed by professional editors and is licensed under an Attribution-ShareAlike Creative Commons License . If you find the biography content factually incorrect or highly offensive you can edit this article at Wikipedia . Find out more about our use of this data. Show more 
</topic_text>
<spam_score>0.00</spam_score>
<post_num>1</post_num>
<post_id>post-1</post_id>
<post_url>http://www.bbc.co.uk/music/artists/a2b9f1ba-dfc5-421e-a03b-1571c09ffbc6</post_url>
<post_date>20160208</post_date>
<post_time></post_time>
<username></username>
<post>
Read more about sharing. Damage Biography (Wikipedia) 
Damage are a British R&amp;B boy band who achieved success in the 1990s with eleven hit singles, including four Top 10 successes on the UK Singles Chart. They have sold 2.5 million records worldwide. The band consists of Jade Jones, Rahsaan J Bromfield, Andrez Harriott, and Noel Simpson. This entry is from Wikipedia , the user-contributed encyclopedia. It may not have been reviewed by professional editors and is licensed under an Attribution-ShareAlike Creative Commons License . If you find the biography content factually incorrect or highly offensive you can edit this article at Wikipedia . Find out more about our use of this data. Show more 
</post>
<signature>

</signature>
<external_links>

</external_links>
<country>GB</country>
<main_image>http://static.bbci.co.uk/music_clips/2.7.5.2/img/default_artist_images/pop1.jpg</main_image>
</document>
