<?xml version="1.0" encoding="UTF-8"?>
<document>
<type>mainstream</type>
<forum></forum>
<forum_title></forum_title>
<discussion_title>Don&apos;t quit when your business fails! Bounce back ~ Soaring higher</discussion_title>
<language>english</language>
<gmt_offset></gmt_offset>
<topic_url>http://www.soarhia.com/2016/08/dont-quit-when-your-business-fails.html</topic_url>
<topic_text>
19:03:00 No comments Let me start by asking when a business fails who has the most to lose? I will answer that for you, You of course and no one else. Its normal and expected for entrepreneurs and business owners to head south along the way in their business endeavours some times, and if that doesn&apos;t happen, do check your business well. It’s being shown statistically that seven or more out of new businesses or new business ideas folds up between their first five - seven years of start-up as a result of heading south. This statistics figures are somewhat depressing because some are usually hyped. 80% of new business owners usually survive their first few years but they might experience hardship that can make them quit. what happens when a business fails? it loses it worth if not worked on If your business is heading south as a result of it not yielding profits, no zeal to continue or it takes so much time and energy---- giving out a few tips on how to bounce back. But the need to identify the cause should first be treated. Here are a few points: Starting a business for wrong reasons: I have heard people say, they want to start a business because someone else owns the same business and is flourishing or cause of the fast profit. Yeah, I have done this before and I somewhat regretted it. No proper plan: Yes, most people did not even table out their business plans and future out before starting. Lack of motivation: When you have great motives for something, it blossoms. It’s like going to college without having nothing to look up to as an achievement. Having listed a few reasons why a business fails; Lets dwell on what to do if business fails 1. Feel bad : It’s okay to feel bad, feel regret and remorse but do not dwell too much on it. Move on to the next step 2. Check out the damages done : Check the level of damage to business reputation. What went wrong with the business? Unpaid wages? Business mistakes made? Business decisions that went wrong? 3. Pick the most valued assets left of the business : After checking and knowing the level of damages done to the failed business, pick up what is left of the business. These includes but not limited to your ego, business plan if you had one, your business partners or team and the most important one, pick up the lessons learnt from the failed business. Financial failure is coming again and fast if you moved on while leaving the lessons learnt behind. 4. Seek avenues on how to move forward : This step involve brainstorming and crucial thinking of the best way forward. Mistakes have been acknowledged, there have been crying and lessons have also been learnt. The best solutions should be sought after at this point. 5. Do you start entirely start a new business or just recreate the failed business : You can make up your mind yourself at this point to do what is best for you and your business. It&apos;s either you take to steps backward and figure out your way or take another route entirely. Personally, if there seems not to be a cleared vision for the failed business, I would start a new one. When next you fail in a business venture, Don&apos;t Quit. Rather, let the failure lead you to a stronger motive to succeed. This is what keeps me going when I fail. I give a personal story on how I survived a failed business soon on this blog. WAIT FOR IT! Hope you have learnt something as always from this new post. Don&apos;t forget to share with your loved ones and most importantly, we love reading your comments, drop them below 
</topic_text>
<spam_score>0.02</spam_score>
<post_num>1</post_num>
<post_id>post-1</post_id>
<post_url>http://www.soarhia.com/2016/08/dont-quit-when-your-business-fails.html</post_url>
<post_date>20160830</post_date>
<post_time></post_time>
<username></username>
<post>
19:03:00 No comments Let me start by asking when a business fails who has the most to lose? I will answer that for you, You of course and no one else. Its normal and expected for entrepreneurs and business owners to head south along the way in their business endeavours some times, and if that doesn&apos;t happen, do check your business well. It’s being shown statistically that seven or more out of new businesses or new business ideas folds up between their first five - seven years of start-up as a result of heading south. This statistics figures are somewhat depressing because some are usually hyped. 80% of new business owners usually survive their first few years but they might experience hardship that can make them quit. what happens when a business fails? it loses it worth if not worked on If your business is heading south as a result of it not yielding profits, no zeal to continue or it takes so much time and energy---- giving out a few tips on how to bounce back. But the need to identify the cause should first be treated. Here are a few points: Starting a business for wrong reasons: I have heard people say, they want to start a business because someone else owns the same business and is flourishing or cause of the fast profit. Yeah, I have done this before and I somewhat regretted it. No proper plan: Yes, most people did not even table out their business plans and future out before starting. Lack of motivation: When you have great motives for something, it blossoms. It’s like going to college without having nothing to look up to as an achievement. Having listed a few reasons why a business fails; Lets dwell on what to do if business fails 1. Feel bad : It’s okay to feel bad, feel regret and remorse but do not dwell too much on it. Move on to the next step 2. Check out the damages done : Check the level of damage to business reputation. What went wrong with the business? Unpaid wages? Business mistakes made? Business decisions that went wrong? 3. Pick the most valued assets left of the business : After checking and knowing the level of damages done to the failed business, pick up what is left of the business. These includes but not limited to your ego, business plan if you had one, your business partners or team and the most important one, pick up the lessons learnt from the failed business. Financial failure is coming again and fast if you moved on while leaving the lessons learnt behind. 4. Seek avenues on how to move forward : This step involve brainstorming and crucial thinking of the best way forward. Mistakes have been acknowledged, there have been crying and lessons have also been learnt. The best solutions should be sought after at this point. 5. Do you start entirely start a new business or just recreate the failed business : You can make up your mind yourself at this point to do what is best for you and your business. It&apos;s either you take to steps backward and figure out your way or take another route entirely. Personally, if there seems not to be a cleared vision for the failed business, I would start a new one. When next you fail in a business venture, Don&apos;t Quit. Rather, let the failure lead you to a stronger motive to succeed. This is what keeps me going when I fail. I give a personal story on how I survived a failed business soon on this blog. WAIT FOR IT! Hope you have learnt something as always from this new post. Don&apos;t forget to share with your loved ones and most importantly, we love reading your comments, drop them below 
</post>
<signature>

</signature>
<external_links>

</external_links>
<country>US</country>
<main_image></main_image>
</document>
