<?xml version="1.0" encoding="UTF-8"?>
<document>
<type>mainstream</type>
<forum>http://feeds.news24.com.ng/articles/nigeria/sport/rss</forum>
<forum_title>Nigeria Sport</forum_title>
<discussion_title>News24.com.ng | Super Eagles open camp for Tanzania</discussion_title>
<language>english</language>
<gmt_offset></gmt_offset>
<topic_url>http://www.news24.com.ng/Sport/Football/super-eagles-open-camp-for-tanzania-20160829</topic_url>
<topic_text>
Super Eagles open camp for Tanzania 29 August 2016, 12:04 
Abuja - Super Eagles will open camp in Uyo, capital of Akwa Ibom State on Monday for Saturday’s 2017 Africa Cup of Nations qualifying match against Tanzania. 
The team’s assistant coaches and backroom staff are due in town on Monday morning. 
Home –boys Emmanuel Daniel, Ikechukwu Ezenwa (goalkeepers) and Jamiu Alimi (defender) are also expected in Uyo on Monday alongside a number of overseas –based professionals, including defender William Troost-Ekong and forward Odion Ighalo. 
Team captain Mikel John Obi, fresh from leading the Nigeria U23 to Olympic bronze in Brazil, is expected to arrive at the team’s Le Meridien Hotel on Tuesday. 
Both the Super Eagles and Taifa Stars have little other than pride to battle for in Saturday’s game, as Egypt’s Pharaohs have already picked the lone ticket from the group to Gabon. But the Eagles and their new Technical Adviser Gernot Rohr will use the match as a rehearsal for the 2018 FIFA World Cup Qualifying Series Matchday 1 clash with Zambia in Ndola on 8th October. 
The result at the Akwa Ibom International Stadium on Saturday will not count, but the outcome of the encounter at the Levy Nwanawasa Stadium in Ndola five weeks later will set the tone for the Super Eagles’ World Cup qualifying campaign. 
Team officials confirmed on Sunday that Franco-German Rohr, who keenly followed Nigeria’s campaign at the Rio 2016 Olympics and travelled to Spain to see the country’s domestic stars in a couple of friendly matches against Spanish La Liga sides, will also be in Uyo on Monday. 
News24 had reported that Rohr had invited 23 players, including Captain Mikel John Obi and goalkeeper Carl Ikeme, for next month’s 2017 Africa Cup of Nations qualifying match against the Taifa Stars of Tanzania. 
FULL LIST: 
Goalkeepers: Carl Ikeme (Wolverhampton Wanderers, England); Emmanuel Daniel (Enugu Rangers); Ikechukwu Ezenwa (FC IfeanyiUbah) 
Defenders: Leon Balogun (FSV Mainz 05, Germany); William Troost-Ekong (Haugesund FC, Norway); Chidozie Awaziem (FC Porto, Portugal); Jamiu Alimi (Kano Pillars); Abdullahi Shehu (Uniao da Madeira, Portugal); Musa Muhammed (Istanbul Basaksehir, Turkey); Elderson Echiejile (AS Monaco, France), Kingsley Madu (AS Trencin, Slovakia) 
Midfielders: Mikel John Obi (Chelsea FC, England); Ogenyi Onazi (Trabzonspor, Turkey); Wilfred Ndidi (KRC Genk, Belgium); Nosa Igiebor (Maccabi Tel Aviv, Israel) 
Forwards: Ahmed Musa (Leicester City, England); Kelechi Iheanacho (Manchester City, England); Moses Simon (KAA Gent, Belgium); Victor Moses (Chelsea FC, England); Imoh Ezekiel (Al-Arabi Sporting Club, Qatar), Odion Ighalo (Watford FC, England); Brown Ideye (Olympiacos FC, Greece); Victor Osimhen (Wolfsburg FC, Germany). 
  page. - News24 Nigeria
</topic_text>
<spam_score>0.00</spam_score>
<post_num>1</post_num>
<post_id>post-1</post_id>
<post_url>http://www.news24.com.ng/Sport/Football/super-eagles-open-camp-for-tanzania-20160829</post_url>
<post_date>20160829</post_date>
<post_time>1104</post_time>
<username></username>
<post>
Super Eagles open camp for Tanzania 29 August 2016, 12:04 
Abuja - Super Eagles will open camp in Uyo, capital of Akwa Ibom State on Monday for Saturday’s 2017 Africa Cup of Nations qualifying match against Tanzania. 
The team’s assistant coaches and backroom staff are due in town on Monday morning. 
Home –boys Emmanuel Daniel, Ikechukwu Ezenwa (goalkeepers) and Jamiu Alimi (defender) are also expected in Uyo on Monday alongside a number of overseas –based professionals, including defender William Troost-Ekong and forward Odion Ighalo. 
Team captain Mikel John Obi, fresh from leading the Nigeria U23 to Olympic bronze in Brazil, is expected to arrive at the team’s Le Meridien Hotel on Tuesday. 
Both the Super Eagles and Taifa Stars have little other than pride to battle for in Saturday’s game, as Egypt’s Pharaohs have already picked the lone ticket from the group to Gabon. But the Eagles and their new Technical Adviser Gernot Rohr will use the match as a rehearsal for the 2018 FIFA World Cup Qualifying Series Matchday 1 clash with Zambia in Ndola on 8th October. 
The result at the Akwa Ibom International Stadium on Saturday will not count, but the outcome of the encounter at the Levy Nwanawasa Stadium in Ndola five weeks later will set the tone for the Super Eagles’ World Cup qualifying campaign. 
Team officials confirmed on Sunday that Franco-German Rohr, who keenly followed Nigeria’s campaign at the Rio 2016 Olympics and travelled to Spain to see the country’s domestic stars in a couple of friendly matches against Spanish La Liga sides, will also be in Uyo on Monday. 
News24 had reported that Rohr had invited 23 players, including Captain Mikel John Obi and goalkeeper Carl Ikeme, for next month’s 2017 Africa Cup of Nations qualifying match against the Taifa Stars of Tanzania. 
FULL LIST: 
Goalkeepers: Carl Ikeme (Wolverhampton Wanderers, England); Emmanuel Daniel (Enugu Rangers); Ikechukwu Ezenwa (FC IfeanyiUbah) 
Defenders: Leon Balogun (FSV Mainz 05, Germany); William Troost-Ekong (Haugesund FC, Norway); Chidozie Awaziem (FC Porto, Portugal); Jamiu Alimi (Kano Pillars); Abdullahi Shehu (Uniao da Madeira, Portugal); Musa Muhammed (Istanbul Basaksehir, Turkey); Elderson Echiejile (AS Monaco, France), Kingsley Madu (AS Trencin, Slovakia) 
Midfielders: Mikel John Obi (Chelsea FC, England); Ogenyi Onazi (Trabzonspor, Turkey); Wilfred Ndidi (KRC Genk, Belgium); Nosa Igiebor (Maccabi Tel Aviv, Israel) 
Forwards: Ahmed Musa (Leicester City, England); Kelechi Iheanacho (Manchester City, England); Moses Simon (KAA Gent, Belgium); Victor Moses (Chelsea FC, England); Imoh Ezekiel (Al-Arabi Sporting Club, Qatar), Odion Ighalo (Watford FC, England); Brown Ideye (Olympiacos FC, Greece); Victor Osimhen (Wolfsburg FC, Germany). 
  page. - News24 Nigeria
</post>
<signature>

</signature>
<external_links>

</external_links>
<country>NG</country>
<main_image>http://cdn.24.co.za/files/Cms/General/d/3886/adfb98716be04b828a6f17c300ff21f0.jpg</main_image>
</document>
