<?xml version="1.0" encoding="UTF-8"?>
<document>
<type>mainstream</type>
<forum>http://14march.org/rss.php?type=MTMwODk3</forum>
<forum_title>أخبار 14 آذار</forum_title>
<discussion_title>سوريا.. هدنة في حي الوعر الحمصي لـ48 ساعة</discussion_title>
<language>arabic</language>
<gmt_offset></gmt_offset>
<topic_url>http://www.14march.org/news-details.php?nid=NzcyNDcy&amp;2016/08/29</topic_url>
<topic_text>
أفادت مصادر لقناة &quot;الحدث&quot; بحدوث اتفاق عن هدنة في حي الوعر المحاصر في مدينة حمص وسط سوريا لمدة 48 ساعة.
وكان المرصد السوري لحقوق الإنسان أعلن، في وقت سابق، أن طائرات يُعتقد أنها سورية قصفت حي الوعر المحاصر في مدينة حمص، وذلك بعد يوم واحد من إجلاء سكان ومقاتلين من بلدة داريا.
كما ذكر أن 12 غارة جوية على حي الوعر أدت إلى سقوط ما لا يقل عن سبعة مدنيين، بينهم امرأة وطفل وعشرات الجرحى.
وأظهرت تسجيلات مصورة أطفالاً مصابين بحروق، بسبب ما وصفه ناشطون بقنابل حارقة. المصدر : العربية
</topic_text>
<spam_score>0.20</spam_score>
<post_num>1</post_num>
<post_id>post-1</post_id>
<post_url>http://www.14march.org/news-details.php?nid=NzcyNDcy&amp;2016/08/29</post_url>
<post_date>20160829</post_date>
<post_time></post_time>
<username>14march</username>
<post>
أفادت مصادر لقناة &quot;الحدث&quot; بحدوث اتفاق عن هدنة في حي الوعر المحاصر في مدينة حمص وسط سوريا لمدة 48 ساعة.
وكان المرصد السوري لحقوق الإنسان أعلن، في وقت سابق، أن طائرات يُعتقد أنها سورية قصفت حي الوعر المحاصر في مدينة حمص، وذلك بعد يوم واحد من إجلاء سكان ومقاتلين من بلدة داريا.
كما ذكر أن 12 غارة جوية على حي الوعر أدت إلى سقوط ما لا يقل عن سبعة مدنيين، بينهم امرأة وطفل وعشرات الجرحى.
وأظهرت تسجيلات مصورة أطفالاً مصابين بحروق، بسبب ما وصفه ناشطون بقنابل حارقة. المصدر : العربية
</post>
<signature>

</signature>
<external_links>

</external_links>
<country>US</country>
<main_image></main_image>
</document>
