<?xml version="1.0" encoding="UTF-8"?>
<document>
<type>mainstream</type>
<forum>http://oncevatan.com.tr//rss.php</forum>
<forum_title>Önce Vatan | Günlük Ulusal Gazete</forum_title>
<discussion_title>AB önce kendini yargılamalıdır</discussion_title>
<language>turkish</language>
<gmt_offset></gmt_offset>
<topic_url>http://www.oncevatan.com.tr/dunya/ab-once-kendini-yargilamalidir-h98320.html</topic_url>
<topic_text>
A Milli Takım aday kadrosundan... &quot;AB önce kendini yargılamalıdır&quot; AB Bakanı ve Başmüzakereci Çelik, &quot;AB, ayrımcılığın, yabancı düşmanlığının ve islamofobinin tırmanışa geçtiği bu dönemde önce kendisini dürüstçe ve tarafsız olarak yargılamalıdır.&quot; dedi. 29 Ağustos 2016 Pazartesi 14:44 Bu haber 172 kez okundu Avrupa Birliği (AB ) Bakanı ve Başmüzakereci Ömer Çelik , &quot; AB , ayrımcılığın, yabancı düşmanlığının ve islamofobinin tırmanışa geçtiği bu dönemde önce kendisini dürüstçe ve tarafsız olarak yargılamalıdır .&quot; dedi. Bakan Çelik, Almanya Başbakan Yardımcısı, Ekonomi ve Enerji Bakanı Sigmar Gabriel&apos;in &quot;siyasi hayatı boyunca Türkiye&apos;nin AB&apos;ye üye olduğunu görmeyeceği&quot; yönündeki açıklamalarına, Twitter hesabından yanıt verdi. Gabriel&apos;in, AB&apos;ye katılım sürecinde Türkiye bütün gereklilikleri yerine getirse bile Avrupa&apos;nın Türkiye&apos;yi kabul etmeyeceği yönündeki değerlendirmesini de hatırlatan Çelik, mesajında şu ifadelere yer verdi: &quot;Böylesi görüşler AB&apos;yi, geleceğine ilişkin ciddi risklere açık hale getiriyor. Böyle görüşler karşısında Türkiye&apos;yle ilgili endişelenecek bir durum yok. Ancak AB&apos;nin geleceği için endişelenmek doğru olacaktır. Bir politikacının, siyasi kariyerini her şeyin merkezine koyarak oradan hareketle yorum yapması doğru değildir. AB, ayrımcılığın, yabancı düşmanlığının ve islamofobinin tırmanışa geçtiği bu dönemde önce kendisini dürüstçe ve tarafsız olarak yargılamalıdır.&quot; AA
</topic_text>
<spam_score>0.00</spam_score>
<post_num>1</post_num>
<post_id>post-1</post_id>
<post_url>http://www.oncevatan.com.tr/dunya/ab-once-kendini-yargilamalidir-h98320.html</post_url>
<post_date>20160829</post_date>
<post_time>1244</post_time>
<username></username>
<post>
A Milli Takım aday kadrosundan... &quot;AB önce kendini yargılamalıdır&quot; AB Bakanı ve Başmüzakereci Çelik, &quot;AB, ayrımcılığın, yabancı düşmanlığının ve islamofobinin tırmanışa geçtiği bu dönemde önce kendisini dürüstçe ve tarafsız olarak yargılamalıdır.&quot; dedi. 29 Ağustos 2016 Pazartesi 14:44 Bu haber 172 kez okundu Avrupa Birliği (AB ) Bakanı ve Başmüzakereci Ömer Çelik , &quot; AB , ayrımcılığın, yabancı düşmanlığının ve islamofobinin tırmanışa geçtiği bu dönemde önce kendisini dürüstçe ve tarafsız olarak yargılamalıdır .&quot; dedi. Bakan Çelik, Almanya Başbakan Yardımcısı, Ekonomi ve Enerji Bakanı Sigmar Gabriel&apos;in &quot;siyasi hayatı boyunca Türkiye&apos;nin AB&apos;ye üye olduğunu görmeyeceği&quot; yönündeki açıklamalarına, Twitter hesabından yanıt verdi. Gabriel&apos;in, AB&apos;ye katılım sürecinde Türkiye bütün gereklilikleri yerine getirse bile Avrupa&apos;nın Türkiye&apos;yi kabul etmeyeceği yönündeki değerlendirmesini de hatırlatan Çelik, mesajında şu ifadelere yer verdi: &quot;Böylesi görüşler AB&apos;yi, geleceğine ilişkin ciddi risklere açık hale getiriyor. Böyle görüşler karşısında Türkiye&apos;yle ilgili endişelenecek bir durum yok. Ancak AB&apos;nin geleceği için endişelenmek doğru olacaktır. Bir politikacının, siyasi kariyerini her şeyin merkezine koyarak oradan hareketle yorum yapması doğru değildir. AB, ayrımcılığın, yabancı düşmanlığının ve islamofobinin tırmanışa geçtiği bu dönemde önce kendisini dürüstçe ve tarafsız olarak yargılamalıdır.&quot; AA
</post>
<signature>

</signature>
<external_links>

</external_links>
<country>TR</country>
<main_image>http://www.oncevatan.com.tr/images/haberler/ab_once_kendini_yargilamalidir_h98320.jpg</main_image>
</document>
