<?xml version="1.0" encoding="UTF-8"?>
<document>
<type>mainstream</type>
<forum>http://it.i88.ca/feeds/posts/default</forum>
<forum_title>i88.ca</forum_title>
<discussion_title>[HDGEM] SEO tips: Submit all of your pages to the Google index - for free.</discussion_title>
<language>english</language>
<gmt_offset></gmt_offset>
<topic_url>http://it.i88.ca/2016/08/hdgem-seo-tips-submit-all-of-your-pages.html</topic_url>
<topic_text>
August 29, 2016 [HDGEM] SEO tips: Submit all of your pages to the Google index - for free. By using Google Search Console to submit your URLs , you help Google&apos;s web crawler do a more complete and efficient job of crawling your site. Search Console enables you to submit all of your pages to the Google index, and it&apos;s particularly useful for making sure that we know about all dynamically generated URLs or pages that are not adequately linked to on your site. But please note: submitting a page to the index will not guarantee inclusion or influence your PageRank, and isn&apos;t a replacement for creating compelling and useful content. -- Posted By Blogger to HDGEM at 8/29/2016 12:30:00 PM Reactions:
</topic_text>
<spam_score>0.00</spam_score>
<post_num>1</post_num>
<post_id>post-1</post_id>
<post_url>http://it.i88.ca/2016/08/hdgem-seo-tips-submit-all-of-your-pages.html</post_url>
<post_date>20160829</post_date>
<post_time>1930</post_time>
<username>Peter Li (noreply@blogger.com)</username>
<post>
August 29, 2016 [HDGEM] SEO tips: Submit all of your pages to the Google index - for free. By using Google Search Console to submit your URLs , you help Google&apos;s web crawler do a more complete and efficient job of crawling your site. Search Console enables you to submit all of your pages to the Google index, and it&apos;s particularly useful for making sure that we know about all dynamically generated URLs or pages that are not adequately linked to on your site. But please note: submitting a page to the index will not guarantee inclusion or influence your PageRank, and isn&apos;t a replacement for creating compelling and useful content. -- Posted By Blogger to HDGEM at 8/29/2016 12:30:00 PM Reactions:
</post>
<signature>

</signature>
<external_links>

</external_links>
<country>CA</country>
<main_image></main_image>
</document>
