<?xml version="1.0" encoding="UTF-8"?>
<document>
<type>mainstream</type>
<forum>http://kctv5.com//category/208603/sports?clienttype=rss</forum>
<forum_title>KCTV Kansas City - Sports</forum_title>
<discussion_title>Blue Springs RB Jaylen Ivey suspended 2 games for kicking defend</discussion_title>
<language>english</language>
<gmt_offset></gmt_offset>
<topic_url>http://www.kctv5.com/story/32867967/blue-springs-rb-jaylen-ivey-suspended-2-games-for-kicking-defender</topic_url>
<topic_text>
BLUE SPRINGS, MO (KCTV) - A Blue Springs High School football coach is talking about the play that&apos;s getting national attention after one of his players was seen kicking another player while he was down.
Yellow flags flew as the clock ticked down Friday night as running back Jaylen Ivey had shoved, then kicked Lee’s Summit West&apos;s Joey Fredrickson.
Referees quickly ejected Ivey.
 
Blue Springs head coach Kelly Donohoe says he was disappointed in Ivey, his star athlete, who had rushed for seven touchdowns the week before. Ivey&apos;s last run sealed up the win for Blue Springs, but the angry outburst tarnished his entire game.
&quot;He knew he made a big mistake. Sometimes kids&apos; emotions get the best of them. That&apos;s what happened with our young man. He&apos;s horribly remorseful for it,&quot; Donohoe said.
Donohoe coaches sportsmanship on his field and that&apos;s why he says Ivey&apos;s behavior was inexcusable. He was suspended two games and will not travel with the team to Fayetteville, AR for the school&apos;s first ever out-of-state game.
Ivey admitted on Twitter that he was out of line and apologized, saying, &quot;I lost my cool completely which was totally uncalled for. I hope this didn&apos;t change your guy&apos;s perspective of me as an athlete and most importantly as a person.”
I just like to apologize to everyone tonight most importantly my teammates and coaches and @LSWTitanFB fans and anyone who witnessed
— JIvey (@jayiv21) August 27, 2016 Tonight&apos;s game I lost my cool complete which was totally uncalled for and is completely out of my nature. And is still not acceptable after
— JIvey (@jayiv21) August 27, 2016 And I hope this didn&apos;t change your guy&apos;s perspective of me as a athlete and most importantly as a person. And I&apos;ll work as hard as possible
— JIvey (@jayiv21) August 27, 2016 To keep my anger inside me and turn it into better play on the field and not negative play which resulted in my suspension next week
— JIvey (@jayiv21) August 27, 2016 Sport psychologist Andrew Jacobs calls the expulsion a teachable moment for all athletes.
&quot;This is the type of situation parents need to take and coaches need to take and use an example as, &apos;What can you do during an emotional game? How can you handle that better?&apos;&quot; Jacobs said.
 
Blue Springs beat Lee’s Summit by just one point, but Donohoe said it didn’t feel like a win. He hopes Ivey can keep his temper in check before he takes the field again.
&quot;He knew from the moment it happened that he messed up. I don&apos;t foresee that happening again. It&apos;s going to be painful for him not to play,&quot; Donohoe said. &quot;He feels worse than anybody about this. He&apos;s devastated.&quot;
As for the player who was kicked, he was not seriously hurt.
His mom says they do not plan to press any charges against Ivey.
Copyright 2016 KCTV (Meredith Corp.)  
</topic_text>
<spam_score>0.00</spam_score>
<post_num>1</post_num>
<post_id>post-1</post_id>
<post_url>http://www.kctv5.com/story/32867967/blue-springs-rb-jaylen-ivey-suspended-2-games-for-kicking-defender</post_url>
<post_date>20160829</post_date>
<post_time>1812</post_time>
<username>Chris Oberholtz, Digital Content Manager</username>
<post>
BLUE SPRINGS, MO (KCTV) - A Blue Springs High School football coach is talking about the play that&apos;s getting national attention after one of his players was seen kicking another player while he was down.
Yellow flags flew as the clock ticked down Friday night as running back Jaylen Ivey had shoved, then kicked Lee’s Summit West&apos;s Joey Fredrickson.
Referees quickly ejected Ivey.
 
Blue Springs head coach Kelly Donohoe says he was disappointed in Ivey, his star athlete, who had rushed for seven touchdowns the week before. Ivey&apos;s last run sealed up the win for Blue Springs, but the angry outburst tarnished his entire game.
&quot;He knew he made a big mistake. Sometimes kids&apos; emotions get the best of them. That&apos;s what happened with our young man. He&apos;s horribly remorseful for it,&quot; Donohoe said.
Donohoe coaches sportsmanship on his field and that&apos;s why he says Ivey&apos;s behavior was inexcusable. He was suspended two games and will not travel with the team to Fayetteville, AR for the school&apos;s first ever out-of-state game.
Ivey admitted on Twitter that he was out of line and apologized, saying, &quot;I lost my cool completely which was totally uncalled for. I hope this didn&apos;t change your guy&apos;s perspective of me as an athlete and most importantly as a person.”
I just like to apologize to everyone tonight most importantly my teammates and coaches and @LSWTitanFB fans and anyone who witnessed
— JIvey (@jayiv21) August 27, 2016 Tonight&apos;s game I lost my cool complete which was totally uncalled for and is completely out of my nature. And is still not acceptable after
— JIvey (@jayiv21) August 27, 2016 And I hope this didn&apos;t change your guy&apos;s perspective of me as a athlete and most importantly as a person. And I&apos;ll work as hard as possible
— JIvey (@jayiv21) August 27, 2016 To keep my anger inside me and turn it into better play on the field and not negative play which resulted in my suspension next week
— JIvey (@jayiv21) August 27, 2016 Sport psychologist Andrew Jacobs calls the expulsion a teachable moment for all athletes.
&quot;This is the type of situation parents need to take and coaches need to take and use an example as, &apos;What can you do during an emotional game? How can you handle that better?&apos;&quot; Jacobs said.
 
Blue Springs beat Lee’s Summit by just one point, but Donohoe said it didn’t feel like a win. He hopes Ivey can keep his temper in check before he takes the field again.
&quot;He knew from the moment it happened that he messed up. I don&apos;t foresee that happening again. It&apos;s going to be painful for him not to play,&quot; Donohoe said. &quot;He feels worse than anybody about this. He&apos;s devastated.&quot;
As for the player who was kicked, he was not seriously hurt.
His mom says they do not plan to press any charges against Ivey.
Copyright 2016 KCTV (Meredith Corp.)  
</post>
<signature>

</signature>
<external_links>

</external_links>
<country>US</country>
<main_image>http://kctv.images.worldnow.com/images/11567318_G.jpg</main_image>
</document>
