<?xml version="1.0" encoding="UTF-8"?>
<document>
<type>mainstream</type>
<forum>http://www.cinetivu.com/feed/</forum>
<forum_title>CineTivu</forum_title>
<discussion_title>Atlantide, anticipazioni puntata 29 Agosto 2016</discussion_title>
<language>italian</language>
<gmt_offset></gmt_offset>
<topic_url>http://www.cinetivu.com/anticipazioni-tv/atlantide-anticipazioni-puntata-29-agosto-2016/</topic_url>
<topic_text>
di Maris Matteucci 29 agosto 2016 Commenta Lunedì 29 Agosto su La 7 andrà in onda una nuova puntata di Atlantide. L&apos;appuntamento è per le 21.10 circa: ecco le anticipazioni 0 CONDIVISIONI 
Lunedì 29 Agosto su La 7 andrà in onda una nuova puntata di Atlantide : l’appuntamento è per le 21.10 circa con un altro avvincente appuntamento nel quale la padrona di casa Greta Mauro accompagnerà gli spettatori in un viaggio dentro la storia. 
300 milioni di anni, una serie di documentari che rivelano fatti legati alla nostra storia, al nostro ambiente, alle origini della nostra società. Il programma sta riscuotendo discreto successo di pubblico nonostante il periodo dell’anno non proprio favorevole per gli ascolti tv. L’estate infatti non regala mai picchi record, tuttavia il programma Atlantide , finora, è riuscito a calamitare la curiosità di coloro che amano conoscere la storia, le tradizioni e le leggende più misteriose che si sono tramandate fino fino ai giorni nostri.
</topic_text>
<spam_score>0.00</spam_score>
<post_num>1</post_num>
<post_id>post-1</post_id>
<post_url>http://www.cinetivu.com/anticipazioni-tv/atlantide-anticipazioni-puntata-29-agosto-2016/</post_url>
<post_date>20160829</post_date>
<post_time>0814</post_time>
<username>Maris Matteucci</username>
<post>
di Maris Matteucci 29 agosto 2016 Commenta Lunedì 29 Agosto su La 7 andrà in onda una nuova puntata di Atlantide. L&apos;appuntamento è per le 21.10 circa: ecco le anticipazioni 0 CONDIVISIONI 
Lunedì 29 Agosto su La 7 andrà in onda una nuova puntata di Atlantide : l’appuntamento è per le 21.10 circa con un altro avvincente appuntamento nel quale la padrona di casa Greta Mauro accompagnerà gli spettatori in un viaggio dentro la storia. 
300 milioni di anni, una serie di documentari che rivelano fatti legati alla nostra storia, al nostro ambiente, alle origini della nostra società. Il programma sta riscuotendo discreto successo di pubblico nonostante il periodo dell’anno non proprio favorevole per gli ascolti tv. L’estate infatti non regala mai picchi record, tuttavia il programma Atlantide , finora, è riuscito a calamitare la curiosità di coloro che amano conoscere la storia, le tradizioni e le leggende più misteriose che si sono tramandate fino fino ai giorni nostri.
</post>
<signature>

</signature>
<external_links>

</external_links>
<country>US</country>
<main_image>http://www.cinetivu.com/wp-content/uploads/2016/08/Atlantide.png</main_image>
</document>
