<?xml version="1.0" encoding="UTF-8"?>
<document>
<type>mainstream</type>
<forum>http://lbpost.com/?format=feed&amp;type=atom</forum>
<forum_title>Long Beach Post | Long Beach, CA News, Life, Business, Sports, Food and LGBT Issues | LBPOST.com</forum_title>
<discussion_title>THE IMPORTANCE OF BEING EARNEST Heads to Long Beach Playhouse with All-Female Cast</discussion_title>
<language>english</language>
<gmt_offset></gmt_offset>
<topic_url>https://lbpost.com/news/2000009487-the-importance-of-being-ernest-heads-to-long-beach-playhouse-with-all-female-cast</topic_url>
<topic_text>
THE IMPORTANCE OF BEING EARNEST Heads to Long Beach Playhouse with All-Female Cast Details 

Photo courtesy of Long Beach Playhouse. 
Oscar Wilde’s The Importance of Being Earnest is heading to the Long Beach Playhouse this weekend, giving the play a twist with an all-female cast that sheds light to gender stereotypes.   S P O N S O R 
The play, directed by Phie Mura, follows two bachelors in love with two ladies who believe each man is named Ernest, giving way to a case of mistaken identity and elaborate deception by the men in their attempt to win over the women. At the same time, the bachelors must deal with a young lady who starts investigating their far-fetched truth. 
“This classic satire is brought to new life in this all-woman production, as the female sensibilities of the performers bring new light to the gender stereotypes so crucial to the convoluted machinations of this comedy of manners,” according to the playhouse. 
Performances will run from September 3 to October 1, 2016. 
The cast, a mix of newcomers and playhouse veterans, includes: Fiona Austin (ALGERNON MONCRIEFF) Deva Marie Gregory (JOHN WORTHING, JD) Jazmine Ramay (HON. GWENDOLEN FAIRFAX) Gaelyn Wilkie (LADY BRACKNELL)
</topic_text>
<spam_score>0.00</spam_score>
<post_num>1</post_num>
<post_id>post-1</post_id>
<post_url>https://lbpost.com/news/2000009487-the-importance-of-being-ernest-heads-to-long-beach-playhouse-with-all-female-cast</post_url>
<post_date>20160829</post_date>
<post_time>2342</post_time>
<username>Stephanie Rivera (stephanie@lbpost.com)</username>
<post>
THE IMPORTANCE OF BEING EARNEST Heads to Long Beach Playhouse with All-Female Cast Details 

Photo courtesy of Long Beach Playhouse. 
Oscar Wilde’s The Importance of Being Earnest is heading to the Long Beach Playhouse this weekend, giving the play a twist with an all-female cast that sheds light to gender stereotypes.   S P O N S O R 
The play, directed by Phie Mura, follows two bachelors in love with two ladies who believe each man is named Ernest, giving way to a case of mistaken identity and elaborate deception by the men in their attempt to win over the women. At the same time, the bachelors must deal with a young lady who starts investigating their far-fetched truth. 
“This classic satire is brought to new life in this all-woman production, as the female sensibilities of the performers bring new light to the gender stereotypes so crucial to the convoluted machinations of this comedy of manners,” according to the playhouse. 
Performances will run from September 3 to October 1, 2016. 
The cast, a mix of newcomers and playhouse veterans, includes: Fiona Austin (ALGERNON MONCRIEFF) Deva Marie Gregory (JOHN WORTHING, JD) Jazmine Ramay (HON. GWENDOLEN FAIRFAX) Gaelyn Wilkie (LADY BRACKNELL)
</post>
<signature>

</signature>
<external_links>

</external_links>
<country>US</country>
<main_image>https://lbpost.com/images/stephanie/ernestallfemale/The-Importance-Of-Being-Earnest-Preview-Photo-3-819x1024.jpg</main_image>
</document>
