<?xml version="1.0" encoding="UTF-8"?>
<document>
<type>mainstream</type>
<forum>http://www.cinetivu.com/feed/</forum>
<forum_title>CineTivu</forum_title>
<discussion_title>Per Sempre, la nuova soap opera spagnola nel pomeriggio di Rai 3</discussion_title>
<language>italian</language>
<gmt_offset></gmt_offset>
<topic_url>http://www.cinetivu.com/canali-televisivi/rai-canali-televisivi/per-sempre-soap-opera-spagnola-rai-3/</topic_url>
<topic_text>
di Felice Catozzi 29 agosto 2016 felicecatozzi Commenta Arriva nel primo pomeriggio di Rai 3, a partire da lunedì 29 agosto alle 15.00, Per Sempre (Amar Es Para Siempre), la nuova soap opera di grande successo spagnola 0 CONDIVISIONI 
Al via lunedì 29 agosto alle 15.00 su Rai 3 la prima stagione della telenovela Per Sempre (Amar Es Para Siempre), record di ascolti in Spagna e sequel di Amar En Tiempos Revueltos. 
Per Sempre è ambientata in Spagna agli inizi degli anni ’60 e riflette il momento storico caratterizzato da una grande volontà di rinascita economica e sociale, nel contesto però di un regime dittatoriale. 
Come già circa dieci anni fa con le due stagioni della telenovela Terra Nostra , ambientata nell’ America latina della fine 800, nel pieno dell’emigrazione italiana, Rai 3 torna a proporre un genere di successo popolare, incentrato tradizionalmente sugli amori, le passioni, gli intrighi, per cercare di raccontare sullo sfondo momenti della grande storia. 
La trama della prima stagione: Maria Ines Saavedra Bermejo ( Barbara Goenaga ) e Mauro Jimenez de Banos Penafiel ( Marc Clotet ) sono la coppia protagonista. 
Inés è una giovane orfana i cui genitori sono morti in un incidente d’auto e viene adottata da Arturo Olazabal ( Josep Linuesa ), un avvocato collega del padre. 
Inés è una bella ragazza, studiosa e molto seria, che intraprende la carriera di avvocato . 
Mauro è un giovane affascinante, allegro e benestante, ma è un tipo irresponsabile che ama divertirsi e non prende sul serio i suoi studi alla facoltà di ingegneria , tanto da venir poi espulso per cattiva condotta. 
Tra i due giovani, così diversi, inizialmente nasce un’ antipatia che col tempo si trasforma in attrazione e poi in amore . 
I due si conoscono nello studio legale del padre di Ines, perché Mauro viene condannato alla pena di morte per aver ucciso i genitori. 
In realtà è innocente, ma non vuole utilizzare il suo alibi perché il giorno dell’assassinio si trovava con la sua amante, una donna aristocratica sposata.
</topic_text>
<spam_score>0.00</spam_score>
<post_num>1</post_num>
<post_id>post-1</post_id>
<post_url>http://www.cinetivu.com/canali-televisivi/rai-canali-televisivi/per-sempre-soap-opera-spagnola-rai-3/</post_url>
<post_date>20160829</post_date>
<post_time>1120</post_time>
<username>Felice Catozzi</username>
<post>
di Felice Catozzi 29 agosto 2016 felicecatozzi Commenta Arriva nel primo pomeriggio di Rai 3, a partire da lunedì 29 agosto alle 15.00, Per Sempre (Amar Es Para Siempre), la nuova soap opera di grande successo spagnola 0 CONDIVISIONI 
Al via lunedì 29 agosto alle 15.00 su Rai 3 la prima stagione della telenovela Per Sempre (Amar Es Para Siempre), record di ascolti in Spagna e sequel di Amar En Tiempos Revueltos. 
Per Sempre è ambientata in Spagna agli inizi degli anni ’60 e riflette il momento storico caratterizzato da una grande volontà di rinascita economica e sociale, nel contesto però di un regime dittatoriale. 
Come già circa dieci anni fa con le due stagioni della telenovela Terra Nostra , ambientata nell’ America latina della fine 800, nel pieno dell’emigrazione italiana, Rai 3 torna a proporre un genere di successo popolare, incentrato tradizionalmente sugli amori, le passioni, gli intrighi, per cercare di raccontare sullo sfondo momenti della grande storia. 
La trama della prima stagione: Maria Ines Saavedra Bermejo ( Barbara Goenaga ) e Mauro Jimenez de Banos Penafiel ( Marc Clotet ) sono la coppia protagonista. 
Inés è una giovane orfana i cui genitori sono morti in un incidente d’auto e viene adottata da Arturo Olazabal ( Josep Linuesa ), un avvocato collega del padre. 
Inés è una bella ragazza, studiosa e molto seria, che intraprende la carriera di avvocato . 
Mauro è un giovane affascinante, allegro e benestante, ma è un tipo irresponsabile che ama divertirsi e non prende sul serio i suoi studi alla facoltà di ingegneria , tanto da venir poi espulso per cattiva condotta. 
Tra i due giovani, così diversi, inizialmente nasce un’ antipatia che col tempo si trasforma in attrazione e poi in amore . 
I due si conoscono nello studio legale del padre di Ines, perché Mauro viene condannato alla pena di morte per aver ucciso i genitori. 
In realtà è innocente, ma non vuole utilizzare il suo alibi perché il giorno dell’assassinio si trovava con la sua amante, una donna aristocratica sposata.
</post>
<signature>

</signature>
<external_links>

</external_links>
<country>US</country>
<main_image>http://www.cinetivu.com/wp-content/uploads/2016/08/Per-Sempre-Rai-3.jpeg</main_image>
</document>
