<?xml version="1.0" encoding="UTF-8"?>
<document>
<type>mainstream</type>
<forum></forum>
<forum_title></forum_title>
<discussion_title>Mother uses &apos;whiteface&apos; to address racism in Australia - 9news.com.au</discussion_title>
<language>english</language>
<gmt_offset></gmt_offset>
<topic_url>http://www.9news.com.au/national/2016/08/30/07/56/mother-uses-whiteface-to-address-racism-in-australia</topic_url>
<topic_text>
Mother uses &apos;whiteface&apos; to address racism in Australia By nine.com.au staff Bec Bee painted her daughter&apos;s face white to look like her favourite Dr Seuss character. (Source: Facebook) 
An Aboriginal mother has shared a photo of her daughter in whiteface makeup to address an issue of &quot;double standards&quot; in Australia. 
Bec Bee from the north Queensland town of Cairns posted the photo of her daughter which was taken in 2013 dressed as a Dr Seuss character, complete with whiteface makeup and a red wig to highlight what she considers to be &quot;double standards&quot;. 
Her post comes in response to online backlash after a Perth mother on Friday showed an image of her son dressed up as his hero, AFL star Nic Naitanui, with blackface. 
Ms Bee insists there is nothing racist about &quot;idolising&quot; your hero. 
&quot;The little boy in the centre of last week&apos;s book week did not suffer from racism or discrimination, he idolised a man who has achieved great successes even during pain,&quot; she wrote on Facebook. 
&quot;Unfortunately now this little boy who has been shown by the dark skinned community that his admiration for a black man is unacceptable and has learnt racism.&quot; Young Perth boy who went dressed as his idol Nic Naitanui, with blackface. (Source: Facebook) 
The mother who painted her son&apos;s skin brown received a tirade of abuse when she shared the photo online. 
In response to the post, Naitanui said he did not believe the mother or son intended to offend anyone, she simply &quot;wanted her kid to be Nic Nat&quot;. 
&quot;The young bloods (sic) innocence merely attempting to emulate his hero hurts my heart. Especially when it&apos;s me,&quot; he wrote. 
In the Perth mother&apos;s post, she admitted she was initially worried about painting her son but didn&apos;t want to deny him the chance to look like his idol. 
&quot;I was a little worried about painting him. (So many politically correct extremists these days) he is pastey White and if I just sent him in a wig and footy gear, no one would tell who he was,&quot; she wrote. 
&quot;So I grew a set of balls and painted my boy brown and he looked fanf--ingtastic.&quot; © Nine Digital Pty Ltd 2016 
</topic_text>
<spam_score>0.87</spam_score>
<post_num>1</post_num>
<post_id>post-1</post_id>
<post_url>http://www.9news.com.au/national/2016/08/30/07/56/mother-uses-whiteface-to-address-racism-in-australia</post_url>
<post_date>20160829</post_date>
<post_time></post_time>
<username>Nine.Com.Au Staff</username>
<post>
Mother uses &apos;whiteface&apos; to address racism in Australia By nine.com.au staff Bec Bee painted her daughter&apos;s face white to look like her favourite Dr Seuss character. (Source: Facebook) 
An Aboriginal mother has shared a photo of her daughter in whiteface makeup to address an issue of &quot;double standards&quot; in Australia. 
Bec Bee from the north Queensland town of Cairns posted the photo of her daughter which was taken in 2013 dressed as a Dr Seuss character, complete with whiteface makeup and a red wig to highlight what she considers to be &quot;double standards&quot;. 
Her post comes in response to online backlash after a Perth mother on Friday showed an image of her son dressed up as his hero, AFL star Nic Naitanui, with blackface. 
Ms Bee insists there is nothing racist about &quot;idolising&quot; your hero. 
&quot;The little boy in the centre of last week&apos;s book week did not suffer from racism or discrimination, he idolised a man who has achieved great successes even during pain,&quot; she wrote on Facebook. 
&quot;Unfortunately now this little boy who has been shown by the dark skinned community that his admiration for a black man is unacceptable and has learnt racism.&quot; Young Perth boy who went dressed as his idol Nic Naitanui, with blackface. (Source: Facebook) 
The mother who painted her son&apos;s skin brown received a tirade of abuse when she shared the photo online. 
In response to the post, Naitanui said he did not believe the mother or son intended to offend anyone, she simply &quot;wanted her kid to be Nic Nat&quot;. 
&quot;The young bloods (sic) innocence merely attempting to emulate his hero hurts my heart. Especially when it&apos;s me,&quot; he wrote. 
In the Perth mother&apos;s post, she admitted she was initially worried about painting her son but didn&apos;t want to deny him the chance to look like his idol. 
&quot;I was a little worried about painting him. (So many politically correct extremists these days) he is pastey White and if I just sent him in a wig and footy gear, no one would tell who he was,&quot; she wrote. 
&quot;So I grew a set of balls and painted my boy brown and he looked fanf--ingtastic.&quot; © Nine Digital Pty Ltd 2016 
</post>
<signature>

</signature>
<external_links>

</external_links>
<country>US</country>
<main_image>http://prod.static9.net.au/_/media/2016/08/30/08/08/30816whitefaceart2.ashx</main_image>
</document>
