<?xml version="1.0" encoding="UTF-8"?>
<document>
<type>mainstream</type>
<forum>http://audioboom.com/boos/everyone.rss</forum>
<forum_title>audioBoom</forum_title>
<discussion_title>The Messiah is Coming</discussion_title>
<language>english</language>
<gmt_offset></gmt_offset>
<topic_url>https://audioboom.com/boos/4988220-the-messiah-is-coming</topic_url>
<topic_text>
&lt;iframe width=&quot;100%&quot; height=&quot;300&quot; style=&quot;background-color:transparent; display:block; max-width: 700px;&quot; frameborder=&quot;0&quot; allowtransparency=&quot;allowtransparency&quot; scrolling=&quot;no&quot; src=&quot;//embeds.audioboom.com/boos/4988220-the-messiah-is-coming/embed/v4?eid=AQAAADO3xFc8HUwA&quot; title=&quot;audioBoom player&quot;&gt;&lt;/iframe&gt; Share on Facebook twitter 
Based on Daniel 7-12; Zechariah 10-14; Matthew 24 and 1 Corinthians 15:51-5 
With the news [ http://goo.gl/IVDlOj ] that the High Priest has been put into office for the temple, the third temple, it signifies the return of Messiah Yeshua (Jesus) is near. 
Just a few more items to assemble and with a shift in political will in Israel and the third temple will be erected! 
Keep looking up my friends because Jesus is coming back soon! 
Live out your faith,
</topic_text>
<spam_score>0.00</spam_score>
<post_num>1</post_num>
<post_id>post-1</post_id>
<post_url>https://audioboom.com/boos/4988220-the-messiah-is-coming</post_url>
<post_date>20160829</post_date>
<post_time>2118</post_time>
<username>BroStef</username>
<post>
&lt;iframe width=&quot;100%&quot; height=&quot;300&quot; style=&quot;background-color:transparent; display:block; max-width: 700px;&quot; frameborder=&quot;0&quot; allowtransparency=&quot;allowtransparency&quot; scrolling=&quot;no&quot; src=&quot;//embeds.audioboom.com/boos/4988220-the-messiah-is-coming/embed/v4?eid=AQAAADO3xFc8HUwA&quot; title=&quot;audioBoom player&quot;&gt;&lt;/iframe&gt; Share on Facebook twitter 
Based on Daniel 7-12; Zechariah 10-14; Matthew 24 and 1 Corinthians 15:51-5 
With the news [ http://goo.gl/IVDlOj ] that the High Priest has been put into office for the temple, the third temple, it signifies the return of Messiah Yeshua (Jesus) is near. 
Just a few more items to assemble and with a shift in political will in Israel and the third temple will be erected! 
Keep looking up my friends because Jesus is coming back soon! 
Live out your faith,
</post>
<signature>

</signature>
<external_links>

</external_links>
<country>GB</country>
<main_image>https://d15mj6e6qmt1na.cloudfront.net/files/images/2398/9253/04495020-D5C3-4D7B-8B1A-104C34F5D02D-567-000000B0311F425E.jpg</main_image>
</document>
