<?xml version="1.0" encoding="UTF-8"?>
<document>
<type>mainstream</type>
<forum>http://hihi2.com/category/football-news/feed</forum>
<forum_title>هاي كورةالأخبار – هاي كورة</forum_title>
<discussion_title>هارت يقترب بشدة من الدوري الانجليزي</discussion_title>
<language>arabic</language>
<gmt_offset></gmt_offset>
<topic_url>http://hihi2.com/2016/08/29/p715009.html</topic_url>
<topic_text>
كتب في 2016/08/29 - 11:48 م - في قسم [ أخبار مانشستر سيتي , اخبار سوق الانتقالات ] هارت يقترب بشدة من الدوري الانجليزي 

هاي كورة – اصبح نادي تورينو الايطالي على مقربة من الحصول على خدمات الانجليزي جو هارت حارس مرمى مانشستر سيتي خلال فترة الانتقالات الصيفية الحالية ولكي يعزز صفوف الفريق بالموسم الحالي. 
واوضحت التقارير الواردة من بريطانيا الى ان هارت سينتقل الى صفوف تورينو الايطالي على سبيل الاعارة لمدة موسم واحد. 
ومن المتوقع ان يتم حسم هذه الصفقة خلال الوقت القادم.
</topic_text>
<spam_score>0.00</spam_score>
<post_num>1</post_num>
<post_id>post-1</post_id>
<post_url>http://hihi2.com/2016/08/29/p715009.html</post_url>
<post_date>20160829</post_date>
<post_time>2048</post_time>
<username></username>
<post>
كتب في 2016/08/29 - 11:48 م - في قسم [ أخبار مانشستر سيتي , اخبار سوق الانتقالات ] هارت يقترب بشدة من الدوري الانجليزي 

هاي كورة – اصبح نادي تورينو الايطالي على مقربة من الحصول على خدمات الانجليزي جو هارت حارس مرمى مانشستر سيتي خلال فترة الانتقالات الصيفية الحالية ولكي يعزز صفوف الفريق بالموسم الحالي. 
واوضحت التقارير الواردة من بريطانيا الى ان هارت سينتقل الى صفوف تورينو الايطالي على سبيل الاعارة لمدة موسم واحد. 
ومن المتوقع ان يتم حسم هذه الصفقة خلال الوقت القادم.
</post>
<signature>

</signature>
<external_links>

</external_links>
<country>FR</country>
<main_image>http://hihi2.com/wp-content/uploads/2016/08/hihi2_2016-08-29_20-47-07-200x150.jpg</main_image>
</document>
