<?xml version="1.0" encoding="UTF-8"?>
<document>
<type>mainstream</type>
<forum>http://audioboom.com/boos/everyone.rss</forum>
<forum_title>audioBoom</forum_title>
<discussion_title>I&apos;m a mad fan of Craig Charles well known for his role as Dave Lister in Red Drawf and recently Coronation Street. I&apos;m a massive fan.</discussion_title>
<language>english</language>
<gmt_offset></gmt_offset>
<topic_url>https://audioboom.com/boos/4988252-i-m-a-mad-fan-of-craig-charles-well-known-for-his-role-as-dave-lister-in-red-drawf-and-recently-coronation-street-i-m-a-massive-fan</topic_url>
<topic_text>
&lt;iframe width=&quot;100%&quot; height=&quot;300&quot; style=&quot;background-color:transparent; display:block; max-width: 700px;&quot; frameborder=&quot;0&quot; allowtransparency=&quot;allowtransparency&quot; scrolling=&quot;no&quot; src=&quot;//embeds.audioboom.com/boos/4988252-i-m-a-mad-fan-of-craig-charles-well-known-for-his-role-as-dave-lister-in-red-drawf-and-recently-coronation-street-i-m-a-massive-fan/embed/v4?eid=AQAAAK-2xFdcHUwA&quot; title=&quot;audioBoom player&quot;&gt;&lt;/iframe&gt; Share on
</topic_text>
<spam_score>0.00</spam_score>
<post_num>1</post_num>
<post_id>post-1</post_id>
<post_url>https://audioboom.com/boos/4988252-i-m-a-mad-fan-of-craig-charles-well-known-for-his-role-as-dave-lister-in-red-drawf-and-recently-coronation-street-i-m-a-massive-fan</post_url>
<post_date>20160829</post_date>
<post_time>2125</post_time>
<username>Delores</username>
<post>
&lt;iframe width=&quot;100%&quot; height=&quot;300&quot; style=&quot;background-color:transparent; display:block; max-width: 700px;&quot; frameborder=&quot;0&quot; allowtransparency=&quot;allowtransparency&quot; scrolling=&quot;no&quot; src=&quot;//embeds.audioboom.com/boos/4988252-i-m-a-mad-fan-of-craig-charles-well-known-for-his-role-as-dave-lister-in-red-drawf-and-recently-coronation-street-i-m-a-massive-fan/embed/v4?eid=AQAAAK-2xFdcHUwA&quot; title=&quot;audioBoom player&quot;&gt;&lt;/iframe&gt; Share on
</post>
<signature>

</signature>
<external_links>

</external_links>
<country>GB</country>
<main_image>https://d15mj6e6qmt1na.cloudfront.net/files/images/2398/9381/C114CD8F-F2BC-4192-84C7-9C8E79C5D39F-345-0000002CC1C9FEBE.jpg</main_image>
</document>
