<?xml version="1.0" encoding="UTF-8"?>
<document>
<type>mainstream</type>
<forum>http://audioboom.com/boos/everyone.rss</forum>
<forum_title>audioBoom</forum_title>
<discussion_title>August 29, 2016: Colin Kapernick&apos;s Controversy, Joe Hughes from KNBR joins Ethan For A Conversation About Colin&apos;s Actions And Motives.</discussion_title>
<language>english</language>
<gmt_offset></gmt_offset>
<topic_url>https://audioboom.com/boos/4988135-august-29-2016-colin-kapernick-s-controversy-joe-hughes-from-knbr-joins-ethan-for-a-conversation-about-colin-s-actions-and-motives</topic_url>
<topic_text>
&lt;iframe width=&quot;100%&quot; height=&quot;300&quot; style=&quot;background-color:transparent; display:block; max-width: 700px;&quot; frameborder=&quot;0&quot; allowtransparency=&quot;allowtransparency&quot; scrolling=&quot;no&quot; src=&quot;//embeds.audioboom.com/boos/4988135-august-29-2016-colin-kapernick-s-controversy-joe-hughes-from-knbr-joins-ethan-for-a-conversation-about-colin-s-actions-and-motives/embed/v4?eid=AQAAAOG4xFfnHEwA&quot; title=&quot;audioBoom player&quot;&gt;&lt;/iframe&gt; Share on Facebook twitter 
This weekend in a pre-season game 49ers Quarterback, Colin Kapernick refused to stand during the National Anthem, and he had a reason. Find out what went down, and the backlash. Joe Hughes from KNBR, the official station for the Niners, joins Ethan to talk through it and talk with KGO radio.
</topic_text>
<spam_score>0.00</spam_score>
<post_num>1</post_num>
<post_id>post-1</post_id>
<post_url>https://audioboom.com/boos/4988135-august-29-2016-colin-kapernick-s-controversy-joe-hughes-from-knbr-joins-ethan-for-a-conversation-about-colin-s-actions-and-motives</post_url>
<post_date>20160829</post_date>
<post_time>2045</post_time>
<username>Ethan Bearman</username>
<post>
&lt;iframe width=&quot;100%&quot; height=&quot;300&quot; style=&quot;background-color:transparent; display:block; max-width: 700px;&quot; frameborder=&quot;0&quot; allowtransparency=&quot;allowtransparency&quot; scrolling=&quot;no&quot; src=&quot;//embeds.audioboom.com/boos/4988135-august-29-2016-colin-kapernick-s-controversy-joe-hughes-from-knbr-joins-ethan-for-a-conversation-about-colin-s-actions-and-motives/embed/v4?eid=AQAAAOG4xFfnHEwA&quot; title=&quot;audioBoom player&quot;&gt;&lt;/iframe&gt; Share on Facebook twitter 
This weekend in a pre-season game 49ers Quarterback, Colin Kapernick refused to stand during the National Anthem, and he had a reason. Find out what went down, and the backlash. Joe Hughes from KNBR, the official station for the Niners, joins Ethan to talk through it and talk with KGO radio.
</post>
<signature>

</signature>
<external_links>

</external_links>
<country>GB</country>
<main_image>https://d15mj6e6qmt1na.cloudfront.net/files/images/2398/8812/ethanbearman.png</main_image>
</document>
