<?xml version="1.0" encoding="UTF-8"?>
<document>
<type>mainstream</type>
<forum>http://www.ilkleygazette.co.uk/leisure/showbiz/rss</forum>
<forum_title>Ilkley Gazette | National Entertainment News</forum_title>
<discussion_title>Phew! Justin Bieber has returned to Instagram</discussion_title>
<language>english</language>
<gmt_offset></gmt_offset>
<topic_url>http://www.ilkleygazette.co.uk/leisure/showbiz/14710869.Phew__Justin_Bieber_has_returned_to_Instagram/</topic_url>
<topic_text>
Have you got a local story, picture or video you would like to send to us? Send it to us now for a chance to get published. Services Phew! Justin Bieber has returned to Instagram Phew! Justin Bieber has returned to Instagram 
Well hello again Justin! 
Yes, the Biebs is back on Instagram two weeks after making his account private. 
The singer disappeared from the site after trolls made nasty comments about his rumoured new flame Sofia Richie. 
He warned his fans before he left: “I’m gonna make my Instagram private if you guys don’t stop the hate, this is getting out of hand. If you guys are really fans you wouldn’t be so mean to people that I like.” 
How sad we felt to be met with the message: “Sorry, this page isn’t available.” 
But today, in the early hours, Justin logged back on. 
So what have we missed? 
Not much, it seems. Mainly cute pics and a video of Justin’s dog Todd. 
But hey, at least he’s back. Promoted stories
</topic_text>
<spam_score>0.00</spam_score>
<post_num>1</post_num>
<post_id>post-1</post_id>
<post_url>http://www.ilkleygazette.co.uk/leisure/showbiz/14710869.Phew__Justin_Bieber_has_returned_to_Instagram/</post_url>
<post_date>20160829</post_date>
<post_time>1522</post_time>
<username></username>
<post>
Have you got a local story, picture or video you would like to send to us? Send it to us now for a chance to get published. Services Phew! Justin Bieber has returned to Instagram Phew! Justin Bieber has returned to Instagram 
Well hello again Justin! 
Yes, the Biebs is back on Instagram two weeks after making his account private. 
The singer disappeared from the site after trolls made nasty comments about his rumoured new flame Sofia Richie. 
He warned his fans before he left: “I’m gonna make my Instagram private if you guys don’t stop the hate, this is getting out of hand. If you guys are really fans you wouldn’t be so mean to people that I like.” 
How sad we felt to be met with the message: “Sorry, this page isn’t available.” 
But today, in the early hours, Justin logged back on. 
So what have we missed? 
Not much, it seems. Mainly cute pics and a video of Justin’s dog Todd. 
But hey, at least he’s back. Promoted stories
</post>
<signature>

</signature>
<external_links>

</external_links>
<country>GB</country>
<main_image>http://www.ilkleygazette.co.uk/resources/images/5372732/</main_image>
</document>
