<?xml version="1.0" encoding="UTF-8"?>
<document>
<type>mainstream</type>
<forum>http://audioboom.com/boos/everyone.rss</forum>
<forum_title>audioBoom</forum_title>
<discussion_title>S2, Episode 8 - Enter Sutton</discussion_title>
<language>english</language>
<gmt_offset></gmt_offset>
<topic_url>https://audioboom.com/boos/4987706-s2-episode-8-enter-sutton</topic_url>
<topic_text>
&lt;iframe width=&quot;100%&quot; height=&quot;300&quot; style=&quot;background-color:transparent; display:block; max-width: 700px;&quot; frameborder=&quot;0&quot; allowtransparency=&quot;allowtransparency&quot; scrolling=&quot;no&quot; src=&quot;//embeds.audioboom.com/boos/4987706-s2-episode-8-enter-sutton/embed/v4?eid=AQAAAFC1xFc6G0wA&quot; title=&quot;audioBoom player&quot;&gt;&lt;/iframe&gt; Share on 
August 29, 2016 / When the Floyd County Police Department took over, Stanley Sutton was assigned to the case. His new methods of investigation would have immediate results. 
Episode scoring music by Alex Fitch, AnimalWeapon, Blue Dot Sessions, Chris Zabriskie, Julian Sartorius and Uncanny Valleys.
</topic_text>
<spam_score>0.00</spam_score>
<post_num>1</post_num>
<post_id>post-1</post_id>
<post_url>https://audioboom.com/boos/4987706-s2-episode-8-enter-sutton</post_url>
<post_date>20160829</post_date>
<post_time>2156</post_time>
<username>Undisclosed</username>
<post>
&lt;iframe width=&quot;100%&quot; height=&quot;300&quot; style=&quot;background-color:transparent; display:block; max-width: 700px;&quot; frameborder=&quot;0&quot; allowtransparency=&quot;allowtransparency&quot; scrolling=&quot;no&quot; src=&quot;//embeds.audioboom.com/boos/4987706-s2-episode-8-enter-sutton/embed/v4?eid=AQAAAFC1xFc6G0wA&quot; title=&quot;audioBoom player&quot;&gt;&lt;/iframe&gt; Share on 
August 29, 2016 / When the Floyd County Police Department took over, Stanley Sutton was assigned to the case. His new methods of investigation would have immediate results. 
Episode scoring music by Alex Fitch, AnimalWeapon, Blue Dot Sessions, Chris Zabriskie, Julian Sartorius and Uncanny Valleys.
</post>
<signature>

</signature>
<external_links>

</external_links>
<country>GB</country>
<main_image>https://d15mj6e6qmt1na.cloudfront.net/files/images/2398/6771/image_2_copy.jpg</main_image>
</document>
