<?xml version="1.0" encoding="UTF-8"?>
<document>
<type>mainstream</type>
<forum>http://www.morningjournal.com/section?template=RSS&amp;profile=4001082&amp;mime=xml</forum>
<forum_title>RSS Feed from The Morning Journal: http://www.morningjournal.com</forum_title>
<discussion_title>Births at area hospitals</discussion_title>
<language>english</language>
<gmt_offset></gmt_offset>
<topic_url>http://www.morningjournal.com/article/MJ/20160829/NEWS/160829490</topic_url>
<topic_text>
Bobbie McKinney and Dexter Murphy of Lorain, a boy, May 23 
Shawnta DeChant and Vernon Huston of Lorain, a girl, May 27 
Meliza and James Ancog of Vermilion, a girl, May 28 
Erica and Ronald Schramm of Lorain, a boy, May 29 Advertisement 
Tera Dean and Jerry Boone Jr. of Elyria, a boy, May 29 
Amanda and Jason Denney of Vermilion, a boy, May 29 
Kelsey Gallaher and Zachary Deidesheimer of Lorain, a boy, May 30 
Marguerite Capucini-Krumnow and Gregory Krumnow of Berlin Heights, a boy, June 1 
Andrea and William Driver II of Sheffield Village, a girl, June 2 
Jessica Maynard and Roberto Horvath of Lorain, a girl, June 3 
Melissa and Chad Buchanan of Lorain, a girl, June 3 
Jennifer and Timothy Ernst of Sandusky, a boy, June 4 
Stacie and Dwayne Cunningham of Elyria, a girl, June 7 
Samantha Withrow of Sheffield Lake, a girl, June 8 
Lourie and Recario Edwards of Lorain, a girl, June 8 
Briana Burress of Lorain, a boy, June 15 
Valerie Thompson of Lorain, a girl, June 15 
Natassia and Omar Seymore of Vermilion, a girl, June 16 
Kaylyn McKern and Andre Jones of Elyria, a girl, June 20 
Nikita and Devon McCann of Wakeman, a boy, June 21 
Lisa Bailey and Isiah Noble of Lorain, a boy, June 21 
Courtney Redel and Tyler Ivey of North Ridgeville, a girl, June 23 
Ondreya Flores and Branden Danks of Lorain, a girl, June 24 
Lauren and Kevin Diedrick of Wellington, a girl, June 27 
Hannah and David Pletcher of Elyria, a girl, June 28 
Natasha Diaz of Lorain, a boy, June 30 
Jessica Nolan and Reno Donofrio of Lorain, a boy, July 2 
Michelle and James Fertig of Wakeman, a boy, July 8 
Heather Ford of North Ridgeville, a boy, July 10 
LaToya Edwards and Marvin Sims of Lorain, a girl, July 11 
Amanda and Randy Terry of Vermilion, a boy, July 13 
Danielle Riggs and Jeffrey Chapman of Wakeman, a boy, July 13 
Tiffani Mead and Ryan Leckey of North Ridgeville, a girl, July 14 
Erica and Alex Weinbroer of Lorain, a girl, July 15 
Sara Dawn Page of Lorain, a girl, July 27 
LaQuenta and Darryl Massey of Lorain, a boy, July 27 
Abbie Strauser and Gregory Clucas of Lorain, a boy, July 27 
Brenna Dean and Antonio Tinskey of Elyria, a boy, July 31 
Denexxus McGee of Lorain, a girl, July 28 
Rebecca Craigo and James Wright Sr. of Lorain, a girl, Aug. 2 
Leni Washington of Oberlin, a boy, Aug. 6 
Hope Dieterich and Deven Latak of North Ridgeville, a boy, Aug. 7 
Courtney Hohn and Donald Ritchie, a boy, Aug. 7 
Savannah Moore of Lorain, a girl, Aug. 9 
Michell Jamerson and Andre James of Lorain, a girl, Aug. 12 
Heather and Edward Charlton of Spencer, a girl, Aug. 15 
Sadie Gambrel and Matthew Neff of Wellington, a girl, Aug. 16 
Briana Seitz of Lorain, a girl, Aug. 16 
Amy and Joshua Broske of Wakeman, a boy, Aug. 16 
Sienna Steible and James Romero of Lorain, a girl, Aug. 17 
Alexis McCoy of Sheffield Village, a girl, Aug. 18 
Brigitte and Adam Barefoot of Lorain, a girl, Aug. 19 
Melissa and James Lennerth of LaGrange, a boy, Aug. 22 
Firelands Regional Medical Center 
Danielle and Zachary Wise of Huron, a boy, July 28 
Erika and Kyle Milner of Sandusky, a boy, July 29 
Jessica Gonzales and David Miller of Sandusky, a girl, Aug. 1 
Ameila and Scott Renfro of Monroeville, a boy, Aug. 3 
Kaitlyn and Christopher Arnold of Sandusky, a boy, Aug. 4 
Jan Marie and John Miller of Castalia, a girl, Aug. 4 
Nicole and Michael Protzman of Sandusky, a boy, Aug. 5 
Jaycee and Bryan Mitchell of Sandusky, a girl, Aug. 5 
Ashley Isaac and Ernest Isaac II of Port Clinton, a boy, Aug. 5 
Diana Knerr and Michael McClellan of Sandusky, a boy, Aug. 7 
Sarah Moore and Robert W. Moore II of Sandusky, a girl, Aug. 8 
Allison Stevens and Trevor Epperson of Findlay, a boy, Aug. 9 
April and Alex Michel of Sandusky, a boy, Aug. 10 
Erin Jensen and Brian Skeel of Bloomville, a boy, Aug. 11 
Essence Jones of Sandusky, a boy, Aug. 14 
Britney and Chris Miller of Sandusky, a boy, Aug. 15 
JaVonda Williams and Lorenzo Moncure of Sandusky, a boy, Aug. 15 
Tamra Dawes and Cody Ritchey of Sandusky, a girl, Aug. 16 
Lindsay and David Dunn of Port Clinton, a girl, Aug. 16 
LeAna and Andrew Hall of Sandusky, a girl, Aug. 17 
Alaina Gibson and Zac Drury of Huron, a boy, Aug. 17 
Jaida and Mark Hackney of Sandusky, a boy, Aug. 18 
Jonacee Strauder and Diangelo Tiller of Columbus, a boy, Aug. 19 
Carrie and Logan Turner of Monroeville,a girl, Aug. 19 
Alyssa and Ryan Morter of Port Clinton,a boy, Aug. 22 
Daphne and Dustin Dearth of Clyde, a girl, Aug. 22 
Ashley and Eric Johnston of Vermilion, a boy, Aug. 22 
Melissa and Joseph Gioffredo of Castalia, a boy, Aug. 22 
Cheryl Drake and Jonathan Kane of Sandusky, a boy, Aug. 23 
Angela and Kyle Wagner of Bellevue, a girl, Aug. 23 
Mariah and Kevin Gonzales of Sandusky, a girl, Aug. 23 
Kimberly and Cody Balogh of Clyde, a girl, Aug. 24 
Nykyta Hunter and Malic Young of Sandusky, a girl, Aug. 25
</topic_text>
<spam_score>0.00</spam_score>
<post_num>1</post_num>
<post_id>post-1</post_id>
<post_url>http://www.morningjournal.com/article/MJ/20160829/NEWS/160829490</post_url>
<post_date>20160829</post_date>
<post_time>1807</post_time>
<username></username>
<post>
Bobbie McKinney and Dexter Murphy of Lorain, a boy, May 23 
Shawnta DeChant and Vernon Huston of Lorain, a girl, May 27 
Meliza and James Ancog of Vermilion, a girl, May 28 
Erica and Ronald Schramm of Lorain, a boy, May 29 Advertisement 
Tera Dean and Jerry Boone Jr. of Elyria, a boy, May 29 
Amanda and Jason Denney of Vermilion, a boy, May 29 
Kelsey Gallaher and Zachary Deidesheimer of Lorain, a boy, May 30 
Marguerite Capucini-Krumnow and Gregory Krumnow of Berlin Heights, a boy, June 1 
Andrea and William Driver II of Sheffield Village, a girl, June 2 
Jessica Maynard and Roberto Horvath of Lorain, a girl, June 3 
Melissa and Chad Buchanan of Lorain, a girl, June 3 
Jennifer and Timothy Ernst of Sandusky, a boy, June 4 
Stacie and Dwayne Cunningham of Elyria, a girl, June 7 
Samantha Withrow of Sheffield Lake, a girl, June 8 
Lourie and Recario Edwards of Lorain, a girl, June 8 
Briana Burress of Lorain, a boy, June 15 
Valerie Thompson of Lorain, a girl, June 15 
Natassia and Omar Seymore of Vermilion, a girl, June 16 
Kaylyn McKern and Andre Jones of Elyria, a girl, June 20 
Nikita and Devon McCann of Wakeman, a boy, June 21 
Lisa Bailey and Isiah Noble of Lorain, a boy, June 21 
Courtney Redel and Tyler Ivey of North Ridgeville, a girl, June 23 
Ondreya Flores and Branden Danks of Lorain, a girl, June 24 
Lauren and Kevin Diedrick of Wellington, a girl, June 27 
Hannah and David Pletcher of Elyria, a girl, June 28 
Natasha Diaz of Lorain, a boy, June 30 
Jessica Nolan and Reno Donofrio of Lorain, a boy, July 2 
Michelle and James Fertig of Wakeman, a boy, July 8 
Heather Ford of North Ridgeville, a boy, July 10 
LaToya Edwards and Marvin Sims of Lorain, a girl, July 11 
Amanda and Randy Terry of Vermilion, a boy, July 13 
Danielle Riggs and Jeffrey Chapman of Wakeman, a boy, July 13 
Tiffani Mead and Ryan Leckey of North Ridgeville, a girl, July 14 
Erica and Alex Weinbroer of Lorain, a girl, July 15 
Sara Dawn Page of Lorain, a girl, July 27 
LaQuenta and Darryl Massey of Lorain, a boy, July 27 
Abbie Strauser and Gregory Clucas of Lorain, a boy, July 27 
Brenna Dean and Antonio Tinskey of Elyria, a boy, July 31 
Denexxus McGee of Lorain, a girl, July 28 
Rebecca Craigo and James Wright Sr. of Lorain, a girl, Aug. 2 
Leni Washington of Oberlin, a boy, Aug. 6 
Hope Dieterich and Deven Latak of North Ridgeville, a boy, Aug. 7 
Courtney Hohn and Donald Ritchie, a boy, Aug. 7 
Savannah Moore of Lorain, a girl, Aug. 9 
Michell Jamerson and Andre James of Lorain, a girl, Aug. 12 
Heather and Edward Charlton of Spencer, a girl, Aug. 15 
Sadie Gambrel and Matthew Neff of Wellington, a girl, Aug. 16 
Briana Seitz of Lorain, a girl, Aug. 16 
Amy and Joshua Broske of Wakeman, a boy, Aug. 16 
Sienna Steible and James Romero of Lorain, a girl, Aug. 17 
Alexis McCoy of Sheffield Village, a girl, Aug. 18 
Brigitte and Adam Barefoot of Lorain, a girl, Aug. 19 
Melissa and James Lennerth of LaGrange, a boy, Aug. 22 
Firelands Regional Medical Center 
Danielle and Zachary Wise of Huron, a boy, July 28 
Erika and Kyle Milner of Sandusky, a boy, July 29 
Jessica Gonzales and David Miller of Sandusky, a girl, Aug. 1 
Ameila and Scott Renfro of Monroeville, a boy, Aug. 3 
Kaitlyn and Christopher Arnold of Sandusky, a boy, Aug. 4 
Jan Marie and John Miller of Castalia, a girl, Aug. 4 
Nicole and Michael Protzman of Sandusky, a boy, Aug. 5 
Jaycee and Bryan Mitchell of Sandusky, a girl, Aug. 5 
Ashley Isaac and Ernest Isaac II of Port Clinton, a boy, Aug. 5 
Diana Knerr and Michael McClellan of Sandusky, a boy, Aug. 7 
Sarah Moore and Robert W. Moore II of Sandusky, a girl, Aug. 8 
Allison Stevens and Trevor Epperson of Findlay, a boy, Aug. 9 
April and Alex Michel of Sandusky, a boy, Aug. 10 
Erin Jensen and Brian Skeel of Bloomville, a boy, Aug. 11 
Essence Jones of Sandusky, a boy, Aug. 14 
Britney and Chris Miller of Sandusky, a boy, Aug. 15 
JaVonda Williams and Lorenzo Moncure of Sandusky, a boy, Aug. 15 
Tamra Dawes and Cody Ritchey of Sandusky, a girl, Aug. 16 
Lindsay and David Dunn of Port Clinton, a girl, Aug. 16 
LeAna and Andrew Hall of Sandusky, a girl, Aug. 17 
Alaina Gibson and Zac Drury of Huron, a boy, Aug. 17 
Jaida and Mark Hackney of Sandusky, a boy, Aug. 18 
Jonacee Strauder and Diangelo Tiller of Columbus, a boy, Aug. 19 
Carrie and Logan Turner of Monroeville,a girl, Aug. 19 
Alyssa and Ryan Morter of Port Clinton,a boy, Aug. 22 
Daphne and Dustin Dearth of Clyde, a girl, Aug. 22 
Ashley and Eric Johnston of Vermilion, a boy, Aug. 22 
Melissa and Joseph Gioffredo of Castalia, a boy, Aug. 22 
Cheryl Drake and Jonathan Kane of Sandusky, a boy, Aug. 23 
Angela and Kyle Wagner of Bellevue, a girl, Aug. 23 
Mariah and Kevin Gonzales of Sandusky, a girl, Aug. 23 
Kimberly and Cody Balogh of Clyde, a girl, Aug. 24 
Nykyta Hunter and Malic Young of Sandusky, a girl, Aug. 25
</post>
<signature>

</signature>
<external_links>

</external_links>
<country>US</country>
<main_image>http://www.morningjournal.com/apps/pbcsi.dll/storyimage/MJ/20160829/NEWS/160829490/AR/0/AR-160829490.jpg?Maxh=1500&amp;Maxw=1500</main_image>
</document>
