<?xml version="1.0" encoding="UTF-8"?>
<document>
<type>mainstream</type>
<forum>http://feeds.news24.com.ng/articles/nigeria/sport/rss</forum>
<forum_title>Nigeria Sport</forum_title>
<discussion_title>News24.com.ng | Loew eyes young blood for Confederations Cup</discussion_title>
<language>english</language>
<gmt_offset></gmt_offset>
<topic_url>http://www.news24.com.ng/Sport/Football/loew-eyes-young-blood-for-confederations-cup-20160829</topic_url>
<topic_text>
Loew eyes young blood for Confederations Cup 29 August 2016, 21:33 Germany&apos;s Loew relishing business end of Euro 2016 
Berlin - Germany coach Joachim Loew is aiming to blood some younger players at next year&apos;s Confederations Cup with an eye on defending the World Cup in 2018. 
&quot;I would like to use the Confederations Cup as a tournament based on the future,&quot; said Loew, hinting that some of his senior players would be rested for the competition. 
&quot;For the Confederations Cup, not all our players will be available. That&apos;s why I see that tournament based on the future, one in which I&apos;ll be able to bring in young players.&quot; 
Loew has already brought in three inexperienced players who lost to Brazil on penalties in the final of the Rio Olympics for Wednesday&apos;s friendly against Finland and World Cup qualifier against Norway in Oslo on Sunday. 
Also read : Beaten Loew keeps Germany future open 
Attacking midfielders Julian Brandt (Bayer Leverkusen) and Max Meyer (Schalke 04), and Hoffenheim defender Niklas Suele &quot;will definitely have the chance of playing Wednesday&quot;, Loew said. 
The Moenchengladbach run-out against the Finns will be Manchester United reject Bastian Schweinsteiger&apos;s 121st -- and final -- appearance for die Mannschaft. 
For his swansong, Schweinsteiger will captain the side against Finland, Loew saying he would name his captain for Norway on Thursday, goalkeeper Manuel Neuer having worn the skipper&apos;s armband during the European championships. 
&quot;I want to first speak with the team, I want to announce it to them,&quot; he said. 
&quot;I&apos;ve already made my decision. I&apos;ll tell you it after the match against Finland.&quot;   page. - AFP
</topic_text>
<spam_score>0.00</spam_score>
<post_num>1</post_num>
<post_id>post-1</post_id>
<post_url>http://www.news24.com.ng/Sport/Football/loew-eyes-young-blood-for-confederations-cup-20160829</post_url>
<post_date>20160829</post_date>
<post_time>2033</post_time>
<username></username>
<post>
Loew eyes young blood for Confederations Cup 29 August 2016, 21:33 Germany&apos;s Loew relishing business end of Euro 2016 
Berlin - Germany coach Joachim Loew is aiming to blood some younger players at next year&apos;s Confederations Cup with an eye on defending the World Cup in 2018. 
&quot;I would like to use the Confederations Cup as a tournament based on the future,&quot; said Loew, hinting that some of his senior players would be rested for the competition. 
&quot;For the Confederations Cup, not all our players will be available. That&apos;s why I see that tournament based on the future, one in which I&apos;ll be able to bring in young players.&quot; 
Loew has already brought in three inexperienced players who lost to Brazil on penalties in the final of the Rio Olympics for Wednesday&apos;s friendly against Finland and World Cup qualifier against Norway in Oslo on Sunday. 
Also read : Beaten Loew keeps Germany future open 
Attacking midfielders Julian Brandt (Bayer Leverkusen) and Max Meyer (Schalke 04), and Hoffenheim defender Niklas Suele &quot;will definitely have the chance of playing Wednesday&quot;, Loew said. 
The Moenchengladbach run-out against the Finns will be Manchester United reject Bastian Schweinsteiger&apos;s 121st -- and final -- appearance for die Mannschaft. 
For his swansong, Schweinsteiger will captain the side against Finland, Loew saying he would name his captain for Norway on Thursday, goalkeeper Manuel Neuer having worn the skipper&apos;s armband during the European championships. 
&quot;I want to first speak with the team, I want to announce it to them,&quot; he said. 
&quot;I&apos;ve already made my decision. I&apos;ll tell you it after the match against Finland.&quot;   page. - AFP
</post>
<signature>

</signature>
<external_links>

</external_links>
<country>NG</country>
<main_image>http://cdn.24.co.za/files/Cms/General/d/2561/9ce295a15e8d45e7a0ddfb98f4e0d4b6.gif</main_image>
</document>
