<?xml version="1.0" encoding="UTF-8"?>
<document>
<type>mainstream</type>
<forum>http://www.scharf-links.de/</forum>
<forum_title>TopNews</forum_title>
<discussion_title>LINKE informierte in Idar-Oberstein über Änderungen bei Hartz IV</discussion_title>
<language>german</language>
<gmt_offset></gmt_offset>
<topic_url>http://www.scharf-links.de/63.0.html?&amp;tx_ttnews[tt_news]=57280&amp;tx_ttnews[backPid]=56&amp;cHash=0eaf04de98</topic_url>
<topic_text>
Von DIE LINKE. Kreis Birkenfeld
In Kooperation mit der Landesarbeitsgemeinschaft gegen Hartz IV Rheinland-Pfalz, vertreten durch die Landesvorsitzende Manuela Holz und den stellvertretenden Vorsitzenden Christian Nowak informierte der Kreisverband DIE LINKE Birkenfeld in Idar-Oberstein im Rahmen der bundesweiten &quot;Das-muss-Drin-sein-Kampagne&quot; über das am 01. August in Kraft getretene Bundes-Gesetz zur sogenannten &quot;Rechtsvereinfachung bei Hartz IV&quot;.
Am Stand beteiligten sich auch Ursula Mathern (ebenfalls LAG gegen Hartz IV) und von den LINKEN der stellvertretende Kreisvorsitzende Rainer Böß , die Idar-Obersteiner Ortsverbands-Vorsitzende Gabriele Flink und ihr Stellvertreter Bernhard Bohnsack sowie Mitglied Paul Bornschein.
Manuela Holz:&quot; Die von Sozialministerin Nahles (SPD) in den Bundestag eingebrachte und dort gegen den Widerstand der LINKEN mit den Stimmen von CDU und SPD beschlossene Gesetzesänderung ist im wesentlichen eine Rechtsverschärfung und führt zu noch weniger Rechten für Erwerbslose, mehr Unsicherheit und auch Mehrbelastungen für Beschäftigte der Jobcenter. Etliche der Änderungen weichen zudem deutlich von der Rechtsprechung des Bundessozialgerichtes ab.&quot;
So wird u.a. durch die neuen Regelungen bei der Ersatzpflicht bei sogenanntem sozialwidrigen Verhalten eine zweite Sanktionsebene eingezogen, denn neben der 3monatigen Kürzung des ALG II muss der Betroffene künftig auch das ALG II erstatten, welches er weniger erhalten hätte, wenn er z.B. einen angebotenen Job angenommen hätte.
Neu ist auch, dass ein einheitliches Handeln eines jeweiligen Jobcenters ausreicht, um rückwirkende Korrekturen infolge von Überprüfungsanträgen bezüglich bestandskräftiger rechtswidriger Bescheide durch dieses Jobcenter auszuschließen. Das heißt, auch wenn ein Leistungsberechtigter vor Gericht gegen das Jobcenter Recht bekommt, muss ihm das Jobcenter das an ihn zu wenig ausgezahlte Geld nicht nachzahlen.
Ebenso wurde eine Gesamtangemessenheitsgrenze für die Bruttowarmmiete eingeführt. DIE LINKE befürchtet, dass dieses Instrument angesichts der kritischen Haushaltslage durch die Kommunen zum Nachteil der Betroffenen eher restriktiv ausgestaltet wird.
Bei getrennt lebenden Eltern wollte die Bundesregierung Kürzungen gesetzlich festschreiben. Dies konnte durch Proteste der Betroffenen und der LINKEN verhindert werden.
Rainer Böß rät allen Betroffenen sich über die von CDU, SPD und Grünen beschlossenen ALG-II-Änderungen zu informieren.
Böß weiter: &quot;Im Gegensatz zu allen anderen im Bundestag vertretenen Parteien fordert DIE LINKE dass Hartz IV durch eine sanktionsfreie Mindestsicherung und gute Arbeit ersetzt wird. Dies beinhaltet die Abschaffung aller Sanktionen, einen zuverlässigen Schutz gegen Armut und soziale Ausgrenzung sowie Respekt und Unterstützung statt Bevormundung.&quot;
(RaB)
</topic_text>
<spam_score>0.00</spam_score>
<post_num>1</post_num>
<post_id>post-1</post_id>
<post_url>http://www.scharf-links.de/63.0.html?&amp;tx_ttnews[tt_news]=57280&amp;tx_ttnews[backPid]=56&amp;cHash=0eaf04de98</post_url>
<post_date>20160829</post_date>
<post_time></post_time>
<username>DIE LINKE. Kreis Birkenfeld</username>
<post>
Von DIE LINKE. Kreis Birkenfeld
In Kooperation mit der Landesarbeitsgemeinschaft gegen Hartz IV Rheinland-Pfalz, vertreten durch die Landesvorsitzende Manuela Holz und den stellvertretenden Vorsitzenden Christian Nowak informierte der Kreisverband DIE LINKE Birkenfeld in Idar-Oberstein im Rahmen der bundesweiten &quot;Das-muss-Drin-sein-Kampagne&quot; über das am 01. August in Kraft getretene Bundes-Gesetz zur sogenannten &quot;Rechtsvereinfachung bei Hartz IV&quot;.
Am Stand beteiligten sich auch Ursula Mathern (ebenfalls LAG gegen Hartz IV) und von den LINKEN der stellvertretende Kreisvorsitzende Rainer Böß , die Idar-Obersteiner Ortsverbands-Vorsitzende Gabriele Flink und ihr Stellvertreter Bernhard Bohnsack sowie Mitglied Paul Bornschein.
Manuela Holz:&quot; Die von Sozialministerin Nahles (SPD) in den Bundestag eingebrachte und dort gegen den Widerstand der LINKEN mit den Stimmen von CDU und SPD beschlossene Gesetzesänderung ist im wesentlichen eine Rechtsverschärfung und führt zu noch weniger Rechten für Erwerbslose, mehr Unsicherheit und auch Mehrbelastungen für Beschäftigte der Jobcenter. Etliche der Änderungen weichen zudem deutlich von der Rechtsprechung des Bundessozialgerichtes ab.&quot;
So wird u.a. durch die neuen Regelungen bei der Ersatzpflicht bei sogenanntem sozialwidrigen Verhalten eine zweite Sanktionsebene eingezogen, denn neben der 3monatigen Kürzung des ALG II muss der Betroffene künftig auch das ALG II erstatten, welches er weniger erhalten hätte, wenn er z.B. einen angebotenen Job angenommen hätte.
Neu ist auch, dass ein einheitliches Handeln eines jeweiligen Jobcenters ausreicht, um rückwirkende Korrekturen infolge von Überprüfungsanträgen bezüglich bestandskräftiger rechtswidriger Bescheide durch dieses Jobcenter auszuschließen. Das heißt, auch wenn ein Leistungsberechtigter vor Gericht gegen das Jobcenter Recht bekommt, muss ihm das Jobcenter das an ihn zu wenig ausgezahlte Geld nicht nachzahlen.
Ebenso wurde eine Gesamtangemessenheitsgrenze für die Bruttowarmmiete eingeführt. DIE LINKE befürchtet, dass dieses Instrument angesichts der kritischen Haushaltslage durch die Kommunen zum Nachteil der Betroffenen eher restriktiv ausgestaltet wird.
Bei getrennt lebenden Eltern wollte die Bundesregierung Kürzungen gesetzlich festschreiben. Dies konnte durch Proteste der Betroffenen und der LINKEN verhindert werden.
Rainer Böß rät allen Betroffenen sich über die von CDU, SPD und Grünen beschlossenen ALG-II-Änderungen zu informieren.
Böß weiter: &quot;Im Gegensatz zu allen anderen im Bundestag vertretenen Parteien fordert DIE LINKE dass Hartz IV durch eine sanktionsfreie Mindestsicherung und gute Arbeit ersetzt wird. Dies beinhaltet die Abschaffung aller Sanktionen, einen zuverlässigen Schutz gegen Armut und soziale Ausgrenzung sowie Respekt und Unterstützung statt Bevormundung.&quot;
(RaB)
</post>
<signature>

</signature>
<external_links>

</external_links>
<country>DE</country>
<main_image></main_image>
</document>
