<?xml version="1.0" encoding="UTF-8"?>
<document>
<type>mainstream</type>
<forum>http://stackoverflow.com/feeds</forum>
<forum_title>Recent Questions - Stack Overflow</forum_title>
<discussion_title>Localizing UIImages</discussion_title>
<language>english</language>
<gmt_offset></gmt_offset>
<topic_url>http://stackoverflow.com/questions/33396891/localizing-uiimages</topic_url>
<topic_text>
up vote 0 down vote favorite 1 
After reading similar questions about localization in iOS - Everybody is talking about .strings files but i have different UIImage with different sizes for each country and they spread all over the app. 
If I&apos;m using the old method of several storyboards the localized storyboards will not get synced with future changes on the BASE storyboard 
what is the best practice for localizing UIImages?
</topic_text>
<spam_score>0.00</spam_score>
<post_num>1</post_num>
<post_id>post-1</post_id>
<post_url>http://stackoverflow.com/questions/33396891/localizing-uiimages</post_url>
<post_date>20160829</post_date>
<post_time>2252</post_time>
<username>ozd</username>
<post>
up vote 0 down vote favorite 1 
After reading similar questions about localization in iOS - Everybody is talking about .strings files but i have different UIImage with different sizes for each country and they spread all over the app. 
If I&apos;m using the old method of several storyboards the localized storyboards will not get synced with future changes on the BASE storyboard 
what is the best practice for localizing UIImages?
</post>
<signature>

</signature>
<external_links>

</external_links>
<country>US</country>
<main_image>http://cdn.sstatic.net/Sites/stackoverflow/img/apple-touch-icon@2.png?v=73d79a89bded&amp;a</main_image>
</document>
