<?xml version="1.0" encoding="UTF-8"?>
<document>
<type>mainstream</type>
<forum>http://www.lifehacker.co.in/rss_section_feeds/2147477990.cms</forum>
<forum_title>Lifehacker India</forum_title>
<discussion_title>Build a Better Relationship With Your Roommate by Having Monthly Outings</discussion_title>
<language>english</language>
<gmt_offset></gmt_offset>
<topic_url>http://www.lifehacker.co.in/others/Build-a-Better-Relationship-With-Your-Roommate-by-Having-Monthly-Outings/articleshow/53919736.cms</topic_url>
<topic_text>
Build a Better Relationship With Your Roommate by Having Monthly Outings Patrick Allan   03.30 AM IST You don&apos;t always get to choose your roommates, and you might not be best friends with them , but that doesn&apos;t mean you can&apos;t build some kind of bond. Planning an occasional roommate &quot;date night&quot; is a great way to get to know each other and make dealing with each other a lot easier. 
When you barely know a roommate, every little thing that doesn&apos;t go your way can be extra frustrating because you don&apos;t feel comfortable broaching the subject. The only way to get on better terms with them is to spend some more time together so you get a better feel for how they operate. That&apos;s why Caroline Biggs at Apartment Therapy suggests you schedule a couple hours every month as a &quot;roomie-only&quot; outing. Go somewhere fun for dinner, see a movie, grab some coffee, or just take a walk in an interesting neighborhood. If you show them that you want to be get to know them and become friends, they&apos;ll likely reciprocate-and make your life a lot easier in the process.
</topic_text>
<spam_score>0.00</spam_score>
<post_num>1</post_num>
<post_id>post-1</post_id>
<post_url>http://www.lifehacker.co.in/others/Build-a-Better-Relationship-With-Your-Roommate-by-Having-Monthly-Outings/articleshow/53919736.cms</post_url>
<post_date>20160829</post_date>
<post_time>2200</post_time>
<username></username>
<post>
Build a Better Relationship With Your Roommate by Having Monthly Outings Patrick Allan   03.30 AM IST You don&apos;t always get to choose your roommates, and you might not be best friends with them , but that doesn&apos;t mean you can&apos;t build some kind of bond. Planning an occasional roommate &quot;date night&quot; is a great way to get to know each other and make dealing with each other a lot easier. 
When you barely know a roommate, every little thing that doesn&apos;t go your way can be extra frustrating because you don&apos;t feel comfortable broaching the subject. The only way to get on better terms with them is to spend some more time together so you get a better feel for how they operate. That&apos;s why Caroline Biggs at Apartment Therapy suggests you schedule a couple hours every month as a &quot;roomie-only&quot; outing. Go somewhere fun for dinner, see a movie, grab some coffee, or just take a walk in an interesting neighborhood. If you show them that you want to be get to know them and become friends, they&apos;ll likely reciprocate-and make your life a lot easier in the process.
</post>
<signature>

</signature>
<external_links>

</external_links>
<country>IN</country>
<main_image>http://www.lifehacker.co.in/photo/53919736.cms</main_image>
</document>
