<?xml version="1.0" encoding="UTF-8"?>
<document>
<type>mainstream</type>
<forum>http://www.cinetivu.com/feed/</forum>
<forum_title>CineTivu</forum_title>
<discussion_title>Maggie &amp; Bianca, prima puntata su Rai Gulp</discussion_title>
<language>italian</language>
<gmt_offset></gmt_offset>
<topic_url>http://www.cinetivu.com/canali-televisivi/rai-canali-televisivi/maggie-bianca-puntata-rai-gulp/</topic_url>
<topic_text>
di Maris Matteucci 29 agosto 2016 Commenta Ecco le prime anticipazioni sulla serie tv Maggie &amp; Bianca che andrà in onda su Rai Gulp... 0 CONDIVISIONI 
E’ tutto pronto per la messa in onda della prima puntata di Maggie &amp; Bianca , la fashion friends di Rai Gulp pronta a divertire tutti gli adolescenti con i suoi tanti protagonisti, ognuno con caratteristiche ben diverse dall’altro. 
Ecco quello che succederà nella prima puntata (in onda lunedì 29 Agosto) di Maggie &amp; Bianca – Fashion Friends , stando a quanto anticipato dagli addetti ai lavori. 
Maggie arriva dall’America quando vince una borsa di studio per frequentare la Fashion Academy di Milano , una delle più prestigiose scuole di moda a livello internazionale. 
È un sogno che diventa realtà: infatti la sua più grande aspirazione è affermarsi come stilista e per questo motivo è disposta anche a fare sacrifici, pur di vedere realizzato il suo sogno. La strada sarà lunga e tortuosa, ci riuscirà?
</topic_text>
<spam_score>0.00</spam_score>
<post_num>1</post_num>
<post_id>post-1</post_id>
<post_url>http://www.cinetivu.com/canali-televisivi/rai-canali-televisivi/maggie-bianca-puntata-rai-gulp/</post_url>
<post_date>20160829</post_date>
<post_time>0807</post_time>
<username>Maris Matteucci</username>
<post>
di Maris Matteucci 29 agosto 2016 Commenta Ecco le prime anticipazioni sulla serie tv Maggie &amp; Bianca che andrà in onda su Rai Gulp... 0 CONDIVISIONI 
E’ tutto pronto per la messa in onda della prima puntata di Maggie &amp; Bianca , la fashion friends di Rai Gulp pronta a divertire tutti gli adolescenti con i suoi tanti protagonisti, ognuno con caratteristiche ben diverse dall’altro. 
Ecco quello che succederà nella prima puntata (in onda lunedì 29 Agosto) di Maggie &amp; Bianca – Fashion Friends , stando a quanto anticipato dagli addetti ai lavori. 
Maggie arriva dall’America quando vince una borsa di studio per frequentare la Fashion Academy di Milano , una delle più prestigiose scuole di moda a livello internazionale. 
È un sogno che diventa realtà: infatti la sua più grande aspirazione è affermarsi come stilista e per questo motivo è disposta anche a fare sacrifici, pur di vedere realizzato il suo sogno. La strada sarà lunga e tortuosa, ci riuscirà?
</post>
<signature>

</signature>
<external_links>

</external_links>
<country>US</country>
<main_image>http://www.cinetivu.com/wp-content/uploads/2016/07/Maggie-e-Bianca-Fashion-Friends.png</main_image>
</document>
