<?xml version="1.0" encoding="UTF-8"?>
<document>
<type>mainstream</type>
<forum>http://stackoverflow.com/feeds</forum>
<forum_title>Recent Questions - Stack Overflow</forum_title>
<discussion_title>TemplateDoesNotExist at /</discussion_title>
<language>english</language>
<gmt_offset></gmt_offset>
<topic_url>http://stackoverflow.com/questions/22909010/templatedoesnotexist-at</topic_url>
<topic_text>
up vote 4 down vote favorite 
Hej! Many threads here had the same caption, but none of them solved my problem. I have a Django site an can access /admin (but it looks ugly). But on / there appears the following error page ( DEBUG = True in settings.py ): TemplateDoesNotExist at / index.html Request Method: GET Request URL: http://iecl.uni-potsdam.de/ Django Version: 1.4.5 Exception Type: TemplateDoesNotExist Exception Value: index.html Exception Location: /usr/lib/python2.7/dist-packages/django/template/loader.py in find_template, line 138 Python Executable: /usr/bin/python Python Version: 2.7.3 Python Path: [&apos;/home/python/iecl/lib/python2.7/site-packages/distribute-0.6.28-py2.7.egg&apos;, &apos;/home/python/iecl/lib/python2.7/site-packages/pip-1.2.1-py2.7.egg&apos;, &apos;/usr/lib/python2.7&apos;, &apos;/usr/lib/python2.7/plat-linux2&apos;, &apos;/usr/lib/python2.7/lib-tk&apos;, &apos;/usr/lib/python2.7/lib-old&apos;, &apos;/usr/lib/python2.7/lib-dynload&apos;, &apos;/usr/local/lib/python2.7/dist-packages&apos;, &apos;/usr/lib/python2.7/dist-packages&apos;, &apos;/usr/lib/pymodules/python2.7&apos;, &apos;/home/python/iecl/lib/python2.7/site-packages&apos;, &apos;/home/django/django&apos;] Server time: Mon, 7 Apr 2014 11:28:46 +0200 Template-loader postmortem Django tried loading these templates, in this order: Using loader django.template.loaders.filesystem.Loader: /home/django/django/templates/iecl_dev/index.html (File does not exist) Using loader django.template.loaders.app_directories.Loader: /usr/lib/python2.7/dist-packages/django/contrib/auth/templates/index.html (File does not exist) /usr/lib/python2.7/dist-packages/django/contrib/admin/templates/index.html (File does not exist) 
In fact, the file /home/django/django/templates/iecl_dev/index.html does exist and I also tried chmod o+r index.html without success. 
The output of python iecl_dev/manage.py runserver 0.0.0.0:0 is Validating models... 0 errors found Django version 1.4.5, using settings &apos;iecl_dev.settings&apos; Development server is running at http://0.0.0.0:0/ Quit the server with CONTROL-C. 
so everything seems fine here. 
What perplexes me: The *.pyc files are created automatically when *.py files are run, right? After python iecl_dev/manage.py runserver 0.0.0.0:0 there is a file /home/django/django/iecl_dev/settings.pyc created. But it is not created, when I load the page in my web browser. Does that mean, the settings.py is never loaded? And how can Django say, a file, which exists, would not exist? 
Edit¹: My settings.py looks as follows: import django.conf.global_settings as DEFAULT_SETTINGS import os DEBUG = True TEMPLATE_DEBUG = DEBUG ADMINS = ( ) SETTINGS_PATH = os.path.realpath(os.path.dirname(__file__)) MANAGERS = ADMINS DATABASES = { $ &apos;default&apos;: { $ &apos;ENGINE&apos;: &apos;django.db.backends.mysql&apos;, # Add &apos;postgresql_psycopg2&apos;, &apos;postgresql&apos;, &apos;mysql&apos;, &apos;sqlite3&apos; or &apos;oracle&apos;. &apos;NAME&apos;: &apos;iecl&apos;, # Or path to database file if using sqlite3. &apos;USER&apos;: &apos;iecl&apos;, # Not used with sqlite3. &apos;PASSWORD&apos;: &apos;&lt;xxx&gt;&apos;, # Not used with sqlite3. &apos;HOST&apos;: &apos;&apos;, # Set to empty string for localhost. Not used with sqlite3. $ &apos;PORT&apos;: &apos;&apos;, # Set to empty string for default. Not used with sqlite3. } } TIME_ZONE = &apos;Europe/Berlin&apos; LANGUAGE_CODE = &apos;en-us&apos; SITE_ID = 1 USE_I18N = True MEDIA_ROOT = &apos;/var/www/django_media/iecl_dev/media/&apos; MEDIA_URL = &apos;&apos; ADMIN_MEDIA_PREFIX = &apos;/media/admin_media/&apos; SECRET_KEY = &apos;&lt;xxx&gt;&apos; TEMPLATE_LOADERS = ( &apos;django.template.loaders.filesystem.Loader&apos;, &apos;django.template.loaders.app_directories.Loader&apos;, ) MIDDLEWARE_CLASSES = ( &apos;django.middleware.csrf.CsrfViewMiddleware&apos;, &apos;django.middleware.common.CommonMiddleware&apos;, &apos;django.contrib.sessions.middleware.SessionMiddleware&apos;, &apos;django.contrib.auth.middleware.AuthenticationMiddleware&apos;, &apos;django.contrib.messages.middleware.MessageMiddleware&apos;, ) ROOT_URLCONF = &apos;iecl_dev.urls&apos; TEMPLATE_DIRS = ( os.path.join(SETTINGS_PATH, &apos;templates&apos;), ) INSTALLED_APPS = ( &apos;django.contrib.auth&apos;, &apos;django.contrib.contenttypes&apos;, &apos;django.contrib.sessions&apos;, &apos;django.contrib.sites&apos;, &apos;iecl_dev.showStudents&apos;, &apos;django.contrib.admin&apos;, ) TEMPLATE_CONTEXT_PROCESSORS = DEFAULT_SETTINGS.TEMPLATE_CONTEXT_PROCESSORS + ( ) 
Edit²: The contents of `/home/django/django/` are as follows: /home/django/django/: iecl2 iecl_dev templates /home/django/django/iecl2: __init__.py __init__.pyc manage.py settings.py settings.pyc showStudents urls.py urls.pyc /home/django/django/iecl2/showStudents: __init__.py __init__.pyc admin.py context_processors.py models.py models.pyc views.py views.pyc /home/django/django/iecl_dev: __init__.py __init__.pyc manage.py piwik settings.py settings.pyc showStudents urls.py urls.pyc /home/django/django/iecl_dev/piwik: __init__.py app_settings.py context_processors.py models.py tests.py urls.py views.py /home/django/django/iecl_dev/showStudents: __init__.py __init__.pyc admin.py context_processors.py models.py models.pyc views.py /home/django/django/templates: iecl iecl_dev /home/django/django/templates/iecl: 500.html admin changePW.html editStudent.html feedback.html feedback_thanks.html index.html location.html login.html page.html password_changed.html showStudent.html studentsOverview.html /home/django/django/templates/iecl/admin: 404.html 500.html actions.html app_index.html auth base.html base_site.html change_form.html change_list.html change_list_results.html date_hierarchy.html delete_confirmation.html delete_selected_confirmation.html edit_inline filter.html includes index.html invalid_setup.html login.html object_history.html pagination.html prepopulated_fields_js.html search_form.html showStudents submit_line.html /home/django/django/templates/iecl/admin/auth: user /home/django/django/templates/iecl/admin/auth/user: add_form.html change_password.html /home/django/django/templates/iecl/admin/edit_inline: stacked.html tabular.html /home/django/django/templates/iecl/admin/includes: fieldset.html /home/django/django/templates/iecl/admin/showStudents: pagecontent userpagecontent /home/django/django/templates/iecl/admin/showStudents/pagecontent: change_form.html /home/django/django/templates/iecl/admin/showStudents/userpagecontent: change_form.html /home/django/django/templates/iecl_dev: 500.html __init__.py admin changePW.html editStudent.html feedback.html feedback_thanks.html index.html location.html login.html page.html password_changed.html piwik showStudent.html studentsOverview.html /home/django/django/templates/iecl_dev/admin: 404.html 500.html actions.html app_index.html auth base.html base_site.html change_form.html change_list.html change_list_results.html date_hierarchy.html delete_confirmation.html delete_selected_confirmation.html edit_inline filter.html includes index.html invalid_setup.html login.html object_history.html pagination.html prepopulated_fields_js.html search_form.html showStudents submit_line.html /home/django/django/templates/iecl_dev/admin/auth: user /home/django/django/templates/iecl_dev/admin/auth/user: add_form.html change_password.html /home/django/django/templates/iecl_dev/admin/edit_inline: stacked.html tabular.html /home/django/django/templates/iecl_dev/admin/includes: fieldset.html /home/django/django/templates/iecl_dev/admin/showStudents: pagecontent userpagecontent /home/django/django/templates/iecl_dev/admin/showStudents/pagecontent: change_form.html /home/django/django/templates/iecl_dev/admin/showStudents/userpagecontent: change_form.html /home/django/django/templates/iecl_dev/piwik: tracking.html 
Edit³: Ok. This is solved for me now. The solution was a conglomerate of different things. One of the problems was the missing rights. The user that executes Django, could not list the contents of the templates/ directory. chmod o+x templates/ did the job. Then there were some settings in the settings.py, that changed the place to look for the templates from templates/iecl_dev/ to iecl_dev/templates/. I saw this wrong path in the error message in my web browser. But simply reverting the settings.py to the old version, was not enough. Some service(s) needed to be restarted. I simply rebooted the machine and everything was fine. Miraculously, the /admin/ page now looks nice as well. 
Many thanks for all your tips.
</topic_text>
<spam_score>0.00</spam_score>
<post_num>1</post_num>
<post_id>post-1</post_id>
<post_url>http://stackoverflow.com/questions/22909010/templatedoesnotexist-at</post_url>
<post_date>20160829</post_date>
<post_time>2252</post_time>
<username>user3506025</username>
<post>
up vote 4 down vote favorite 
Hej! Many threads here had the same caption, but none of them solved my problem. I have a Django site an can access /admin (but it looks ugly). But on / there appears the following error page ( DEBUG = True in settings.py ): TemplateDoesNotExist at / index.html Request Method: GET Request URL: http://iecl.uni-potsdam.de/ Django Version: 1.4.5 Exception Type: TemplateDoesNotExist Exception Value: index.html Exception Location: /usr/lib/python2.7/dist-packages/django/template/loader.py in find_template, line 138 Python Executable: /usr/bin/python Python Version: 2.7.3 Python Path: [&apos;/home/python/iecl/lib/python2.7/site-packages/distribute-0.6.28-py2.7.egg&apos;, &apos;/home/python/iecl/lib/python2.7/site-packages/pip-1.2.1-py2.7.egg&apos;, &apos;/usr/lib/python2.7&apos;, &apos;/usr/lib/python2.7/plat-linux2&apos;, &apos;/usr/lib/python2.7/lib-tk&apos;, &apos;/usr/lib/python2.7/lib-old&apos;, &apos;/usr/lib/python2.7/lib-dynload&apos;, &apos;/usr/local/lib/python2.7/dist-packages&apos;, &apos;/usr/lib/python2.7/dist-packages&apos;, &apos;/usr/lib/pymodules/python2.7&apos;, &apos;/home/python/iecl/lib/python2.7/site-packages&apos;, &apos;/home/django/django&apos;] Server time: Mon, 7 Apr 2014 11:28:46 +0200 Template-loader postmortem Django tried loading these templates, in this order: Using loader django.template.loaders.filesystem.Loader: /home/django/django/templates/iecl_dev/index.html (File does not exist) Using loader django.template.loaders.app_directories.Loader: /usr/lib/python2.7/dist-packages/django/contrib/auth/templates/index.html (File does not exist) /usr/lib/python2.7/dist-packages/django/contrib/admin/templates/index.html (File does not exist) 
In fact, the file /home/django/django/templates/iecl_dev/index.html does exist and I also tried chmod o+r index.html without success. 
The output of python iecl_dev/manage.py runserver 0.0.0.0:0 is Validating models... 0 errors found Django version 1.4.5, using settings &apos;iecl_dev.settings&apos; Development server is running at http://0.0.0.0:0/ Quit the server with CONTROL-C. 
so everything seems fine here. 
What perplexes me: The *.pyc files are created automatically when *.py files are run, right? After python iecl_dev/manage.py runserver 0.0.0.0:0 there is a file /home/django/django/iecl_dev/settings.pyc created. But it is not created, when I load the page in my web browser. Does that mean, the settings.py is never loaded? And how can Django say, a file, which exists, would not exist? 
Edit¹: My settings.py looks as follows: import django.conf.global_settings as DEFAULT_SETTINGS import os DEBUG = True TEMPLATE_DEBUG = DEBUG ADMINS = ( ) SETTINGS_PATH = os.path.realpath(os.path.dirname(__file__)) MANAGERS = ADMINS DATABASES = { $ &apos;default&apos;: { $ &apos;ENGINE&apos;: &apos;django.db.backends.mysql&apos;, # Add &apos;postgresql_psycopg2&apos;, &apos;postgresql&apos;, &apos;mysql&apos;, &apos;sqlite3&apos; or &apos;oracle&apos;. &apos;NAME&apos;: &apos;iecl&apos;, # Or path to database file if using sqlite3. &apos;USER&apos;: &apos;iecl&apos;, # Not used with sqlite3. &apos;PASSWORD&apos;: &apos;&lt;xxx&gt;&apos;, # Not used with sqlite3. &apos;HOST&apos;: &apos;&apos;, # Set to empty string for localhost. Not used with sqlite3. $ &apos;PORT&apos;: &apos;&apos;, # Set to empty string for default. Not used with sqlite3. } } TIME_ZONE = &apos;Europe/Berlin&apos; LANGUAGE_CODE = &apos;en-us&apos; SITE_ID = 1 USE_I18N = True MEDIA_ROOT = &apos;/var/www/django_media/iecl_dev/media/&apos; MEDIA_URL = &apos;&apos; ADMIN_MEDIA_PREFIX = &apos;/media/admin_media/&apos; SECRET_KEY = &apos;&lt;xxx&gt;&apos; TEMPLATE_LOADERS = ( &apos;django.template.loaders.filesystem.Loader&apos;, &apos;django.template.loaders.app_directories.Loader&apos;, ) MIDDLEWARE_CLASSES = ( &apos;django.middleware.csrf.CsrfViewMiddleware&apos;, &apos;django.middleware.common.CommonMiddleware&apos;, &apos;django.contrib.sessions.middleware.SessionMiddleware&apos;, &apos;django.contrib.auth.middleware.AuthenticationMiddleware&apos;, &apos;django.contrib.messages.middleware.MessageMiddleware&apos;, ) ROOT_URLCONF = &apos;iecl_dev.urls&apos; TEMPLATE_DIRS = ( os.path.join(SETTINGS_PATH, &apos;templates&apos;), ) INSTALLED_APPS = ( &apos;django.contrib.auth&apos;, &apos;django.contrib.contenttypes&apos;, &apos;django.contrib.sessions&apos;, &apos;django.contrib.sites&apos;, &apos;iecl_dev.showStudents&apos;, &apos;django.contrib.admin&apos;, ) TEMPLATE_CONTEXT_PROCESSORS = DEFAULT_SETTINGS.TEMPLATE_CONTEXT_PROCESSORS + ( ) 
Edit²: The contents of `/home/django/django/` are as follows: /home/django/django/: iecl2 iecl_dev templates /home/django/django/iecl2: __init__.py __init__.pyc manage.py settings.py settings.pyc showStudents urls.py urls.pyc /home/django/django/iecl2/showStudents: __init__.py __init__.pyc admin.py context_processors.py models.py models.pyc views.py views.pyc /home/django/django/iecl_dev: __init__.py __init__.pyc manage.py piwik settings.py settings.pyc showStudents urls.py urls.pyc /home/django/django/iecl_dev/piwik: __init__.py app_settings.py context_processors.py models.py tests.py urls.py views.py /home/django/django/iecl_dev/showStudents: __init__.py __init__.pyc admin.py context_processors.py models.py models.pyc views.py /home/django/django/templates: iecl iecl_dev /home/django/django/templates/iecl: 500.html admin changePW.html editStudent.html feedback.html feedback_thanks.html index.html location.html login.html page.html password_changed.html showStudent.html studentsOverview.html /home/django/django/templates/iecl/admin: 404.html 500.html actions.html app_index.html auth base.html base_site.html change_form.html change_list.html change_list_results.html date_hierarchy.html delete_confirmation.html delete_selected_confirmation.html edit_inline filter.html includes index.html invalid_setup.html login.html object_history.html pagination.html prepopulated_fields_js.html search_form.html showStudents submit_line.html /home/django/django/templates/iecl/admin/auth: user /home/django/django/templates/iecl/admin/auth/user: add_form.html change_password.html /home/django/django/templates/iecl/admin/edit_inline: stacked.html tabular.html /home/django/django/templates/iecl/admin/includes: fieldset.html /home/django/django/templates/iecl/admin/showStudents: pagecontent userpagecontent /home/django/django/templates/iecl/admin/showStudents/pagecontent: change_form.html /home/django/django/templates/iecl/admin/showStudents/userpagecontent: change_form.html /home/django/django/templates/iecl_dev: 500.html __init__.py admin changePW.html editStudent.html feedback.html feedback_thanks.html index.html location.html login.html page.html password_changed.html piwik showStudent.html studentsOverview.html /home/django/django/templates/iecl_dev/admin: 404.html 500.html actions.html app_index.html auth base.html base_site.html change_form.html change_list.html change_list_results.html date_hierarchy.html delete_confirmation.html delete_selected_confirmation.html edit_inline filter.html includes index.html invalid_setup.html login.html object_history.html pagination.html prepopulated_fields_js.html search_form.html showStudents submit_line.html /home/django/django/templates/iecl_dev/admin/auth: user /home/django/django/templates/iecl_dev/admin/auth/user: add_form.html change_password.html /home/django/django/templates/iecl_dev/admin/edit_inline: stacked.html tabular.html /home/django/django/templates/iecl_dev/admin/includes: fieldset.html /home/django/django/templates/iecl_dev/admin/showStudents: pagecontent userpagecontent /home/django/django/templates/iecl_dev/admin/showStudents/pagecontent: change_form.html /home/django/django/templates/iecl_dev/admin/showStudents/userpagecontent: change_form.html /home/django/django/templates/iecl_dev/piwik: tracking.html 
Edit³: Ok. This is solved for me now. The solution was a conglomerate of different things. One of the problems was the missing rights. The user that executes Django, could not list the contents of the templates/ directory. chmod o+x templates/ did the job. Then there were some settings in the settings.py, that changed the place to look for the templates from templates/iecl_dev/ to iecl_dev/templates/. I saw this wrong path in the error message in my web browser. But simply reverting the settings.py to the old version, was not enough. Some service(s) needed to be restarted. I simply rebooted the machine and everything was fine. Miraculously, the /admin/ page now looks nice as well. 
Many thanks for all your tips.
</post>
<signature>

</signature>
<external_links>

</external_links>
<country>US</country>
<main_image>http://cdn.sstatic.net/Sites/stackoverflow/img/apple-touch-icon@2.png?v=73d79a89bded&amp;a</main_image>
</document>
