<?xml version="1.0" encoding="UTF-8"?>
<document>
<type>mainstream</type>
<forum>http://bleacherreport.com/articles/feed#</forum>
<forum_title>Bleacher Report - Front Page</forum_title>
<discussion_title>The Question: How Should UFC Handle Paige VanZant Amid Growing Star Power?</discussion_title>
<language>english</language>
<gmt_offset></gmt_offset>
<topic_url>http://bleacherreport.com/articles/2660432-the-question-how-should-ufc-handle-paige-vanzant-amid-growing-star-power</topic_url>
<topic_text>
Paige VanZant had a pretty productive weekend, picking up a technical knockout win in her return to action at UFC on FOX last Saturday night. Living up to her exciting style, she blasted Bec Rawlings with a jumping switch kick that made the rounds across the news world. She made SportsCenter . She was featured in London’s the  Daily Mail . Even Forbes wrote about it . 
That’s the kind of treatment stars get, and VanZant is certainly raising her profile with every appearance. She’s already told us Hollywood was interested. She’s held them off for now, but there are definitely going to be distractions and temptations coming her way. That’s the nature of stardom. 
For now, though, VanZant is saying all the right things. She wants to focus on her fight career and wasted no time saying she’d like to compete on the next UFC on Fox show in December. That’s great.  
From the UFC’s side, how exactly does it handle her next few steps? On one hand, VanZant is 7-2 and ranked No. 10 in the strawweight division. On the other, she’s still just 22 years old. 
Joining me to discuss the promotion’s conundrum is MMA Lead Writer Chad Dundas.
</topic_text>
<spam_score>0.00</spam_score>
<post_num>1</post_num>
<post_id>post-1</post_id>
<post_url>http://bleacherreport.com/articles/2660432-the-question-how-should-ufc-handle-paige-vanzant-amid-growing-star-power</post_url>
<post_date>20160829</post_date>
<post_time></post_time>
<username>Mike  Chiappetta</username>
<post>
Paige VanZant had a pretty productive weekend, picking up a technical knockout win in her return to action at UFC on FOX last Saturday night. Living up to her exciting style, she blasted Bec Rawlings with a jumping switch kick that made the rounds across the news world. She made SportsCenter . She was featured in London’s the  Daily Mail . Even Forbes wrote about it . 
That’s the kind of treatment stars get, and VanZant is certainly raising her profile with every appearance. She’s already told us Hollywood was interested. She’s held them off for now, but there are definitely going to be distractions and temptations coming her way. That’s the nature of stardom. 
For now, though, VanZant is saying all the right things. She wants to focus on her fight career and wasted no time saying she’d like to compete on the next UFC on Fox show in December. That’s great.  
From the UFC’s side, how exactly does it handle her next few steps? On one hand, VanZant is 7-2 and ranked No. 10 in the strawweight division. On the other, she’s still just 22 years old. 
Joining me to discuss the promotion’s conundrum is MMA Lead Writer Chad Dundas.
</post>
<signature>

</signature>
<external_links>

</external_links>
<country>US</country>
<main_image>http://img.bleacherreport.net/img/images/photos/003/621/602/hi-res-c5774046a94e958786a5a8eb89146783_crop_exact.jpg?w=1500&amp;h=1500&amp;q=85</main_image>
</document>
