<?xml version="1.0" encoding="UTF-8"?>
<document>
<type>mainstream</type>
<forum>http://www.jdsupra.com/resources/syndication/docsRSSfeed.aspx?ftype=SecuritiesLaw&amp;premium=1</forum>
<forum_title>Securities Law RSS Feed | JD Supra Law News</forum_title>
<discussion_title>GAO Says Companies Face Continuing Challenges in Determining Whether Their Conflict Minerals Benefit Armed Groups</discussion_title>
<language>english</language>
<gmt_offset></gmt_offset>
<topic_url>http://www.jdsupra.com/legalnews/gao-says-companies-face-continuing-80078/</topic_url>
<topic_text>
GAO Says Companies Face Continuing Challenges in Determining Whether Their Conflict Minerals Benefit Armed Groups more+ Contact 
To embed, copy and paste the code into your website or blog: &lt;iframe src=&quot;http://www.jdsupra.com/post/contentViewerEmbed.aspx?fid=77be9cdb-0bde-428d-9a5e-c1c22649bb6b&quot; width=&quot;100%&quot; height=&quot;620&quot; frameborder=&quot;1&quot; style=&quot;border: 2px solid #ccc; overflow-x:hidden !important; overflow:hidden;&quot; scrolling=&quot;auto&quot;&gt;&lt;/iframe&gt; 
GAO noted in a recent report that as a result of country-of-origin inquiries, an estimated 19 percent more companies that filed Form SD with the SEC reported that they knew or had reason to believe they knew the source of the conflict minerals in their products in 2015 than in 2014, based on a generalizable sample of filings GAO reviewed. However, after an estimated 79 percent of the companies that filed a Form SD performed due diligence, an estimated 67 percent of them reported they were unable to confirm the source of the conflict minerals in their products, and about 97 percent of them reported that they could not determine whether the conflict minerals financed or benefited armed groups in the Democratic Republic of the Congo (DRC) and adjoining countries. 
According to GAO facilities that process conflict minerals pose challenges to the disclosure efforts of companies filing a Form SD because: these facilities generally rely on documentary evidence about the origin of conflict minerals, which may be susceptible to fraud; and multiple levels of processing operations introduce fraud risk and may increase the cost associated with disclosures. 
Industry and other stakeholders have developed or are pursuing efforts to mitigate these risks, such as chemical “fingerprinting” to verify documentary evidence. 
The GAO reported highlighted that as of July 2016, the Department of Commerce had not submitted a report that was required in January 2013, assessing the accuracy of the Independent Private Sector Audits, referred to as an IPSA, filed by some companies that filed a Form SD, nor had it developed a plan to do so. Ten companies filed the audits between 2014 and 2015 as part of their Conflict Minerals Reports, none of which Commerce has assessed. Commerce officials said they established a team in March 2016, but they noted that they did not have the knowledge, skills, or expertise to conduct IPSA reviews or to establish best practices. As a result, Congress lacks information on the accuracy of the IPSAs and other due diligence processes used by filing companies. 
DISCLAIMER: Because of the generality of this update, the information provided herein may not be applicable in all situations and should not be acted upon without specific legal advice based on particular situations. 
© Stinson Leonard Street - Dodd-Frank and the Jobs Act | Attorney Advertising Stinson Leonard Street - Dodd-Frank and the Jobs Act on: &quot;My best business intelligence, in one easy email…&quot; Your first step to building a free, personalized, morning email brief covering pertinent authors and topics on JD Supra: * By using the service, you signify your acceptance of JD Supra&apos;s Privacy Policy. - hide Privacy Policy (Updated: October 8, 2015) : 
JD Supra provides users with access to its legal industry publishing services (the &quot;Service&quot;) through its website (the &quot;Website&quot;) as well as through other sources. Our policies with regard to data collection and use of personal information of users of the Service, regardless of the manner in which users access the Service, and visitors to the Website are set forth in this statement (&quot;Policy&quot;). By using the Service, you signify your acceptance of this Policy. Information Collection and Use by JD Supra 
JD Supra collects users&apos; names, companies, titles, e-mail address and industry. JD Supra also tracks the pages that users visit, logs IP addresses and aggregates non-personally identifiable user data and browser type. This data is gathered using cookies and other technologies. 
The information and data collected is used to authenticate users and to send notifications relating to the Service, including email alerts to which users have subscribed; to manage the Service and Website, to improve the Service and to customize the user&apos;s experience. This information is also provided to the authors of the content to give them insight into their readership and help them to improve their content, so that it is most useful for our users. 
JD Supra does not sell, rent or otherwise provide your details to third parties, other than to the authors of the content on JD Supra. 
If you prefer not to enable cookies, you may change your browser settings to disable cookies; however, please note that rejecting cookies while visiting the Website may result in certain parts of the Website not operating correctly or as efficiently as if cookies were allowed. Email Choice/Opt-out 
Users who opt in to receive emails may choose to no longer receive e-mail updates and newsletters by selecting the &quot;opt-out of future email&quot; option in the email they receive from JD Supra or in their JD Supra account management screen. Security 
JD Supra takes reasonable precautions to insure that user information is kept private. We restrict access to user information to those individuals who reasonably need access to perform their job functions, such as our third party email service, customer service personnel and technical staff. However, please note that no method of transmitting or storing data is completely secure and we cannot guarantee the security of user information. Unauthorized entry or use, hardware or software failure, and other factors may compromise the security of user information at any time. 
If you have reason to believe that your interaction with us is no longer secure, you must immediately notify us of the problem by contacting us at . In the unlikely event that we believe that the security of your user information in our possession or control may have been compromised, we may seek to notify you of that development and, if so, will endeavor to do so as promptly as practicable under the circumstances. Sharing and Disclosure of Information JD Supra Collects 
Except as otherwise described in this privacy statement, JD Supra will not disclose personal information to any third party unless we believe that disclosure is necessary to: (1) comply with applicable laws; (2) respond to governmental inquiries or requests; (3) comply with valid legal process; (4) protect the rights, privacy, safety or property of JD Supra, users of the Service, Website visitors or the public; (5) permit us to pursue available remedies or limit the damages that we may sustain; and (6) enforce our Terms &amp; Conditions of Use. 
In the event there is a change in the corporate structure of JD Supra such as, but not limited to, merger, consolidation, sale, liquidation or transfer of substantial assets, JD Supra may, in its sole discretion, transfer, sell or assign information collected on and through the Service to one or more affiliated or unaffiliated third parties. Links to Other Websites 
This Website and the Service may contain links to other websites. The operator of such other websites may collect information about you, including through cookies or other technologies. If you are using the Service through the Website and link to another site, you will leave the Website and this Policy will not apply to your use of and activity on those other sites. We encourage you to read the legal notices posted on those sites, including their privacy policies. We shall have no responsibility or liability for your visitation to, and the data collection and use practices of, such other sites. This Policy applies solely to the information collected in connection with your use of this Website and does not apply to any practices conducted offline or in connection with any other websites. Changes in Our Privacy Policy 
We reserve the right to change this Policy at any time. Please refer to the date at the top of this page to determine when this Policy was last revised. Any changes to our privacy policy will become effective upon posting of the revised policy on the Website. By continuing to use the Service or Website following such changes, you will be deemed to have agreed to such changes. If you do not agree with the terms of this Policy, as it may be amended from time to time, in whole or part, please do not continue using the Service or the Website. Contacting JD Supra 
If you have any questions about this privacy statement, the practices of this site, your dealings with this Web site, or if you would like to change any of the information you have provided to us, please contact us at: . - hide Already signed up? Log in here * With LinkedIn, you don&apos;t need to create a separate login to manage your free JD Supra account, and we can make suggestions based on your needs and interests. We will not post anything on LinkedIn in your name. Or, sign up using your email address. This is a preview of your email. Not all subjects or topics are updated every day. If you see no results for a particular subject or topic, consider broadening your interests. Loading...
</topic_text>
<spam_score>0.00</spam_score>
<post_num>1</post_num>
<post_id>post-1</post_id>
<post_url>http://www.jdsupra.com/legalnews/gao-says-companies-face-continuing-80078/</post_url>
<post_date>20160829</post_date>
<post_time>2203</post_time>
<username>Stinson Leonard Street - Dodd-Frank and the</username>
<post>
GAO Says Companies Face Continuing Challenges in Determining Whether Their Conflict Minerals Benefit Armed Groups more+ Contact 
To embed, copy and paste the code into your website or blog: &lt;iframe src=&quot;http://www.jdsupra.com/post/contentViewerEmbed.aspx?fid=77be9cdb-0bde-428d-9a5e-c1c22649bb6b&quot; width=&quot;100%&quot; height=&quot;620&quot; frameborder=&quot;1&quot; style=&quot;border: 2px solid #ccc; overflow-x:hidden !important; overflow:hidden;&quot; scrolling=&quot;auto&quot;&gt;&lt;/iframe&gt; 
GAO noted in a recent report that as a result of country-of-origin inquiries, an estimated 19 percent more companies that filed Form SD with the SEC reported that they knew or had reason to believe they knew the source of the conflict minerals in their products in 2015 than in 2014, based on a generalizable sample of filings GAO reviewed. However, after an estimated 79 percent of the companies that filed a Form SD performed due diligence, an estimated 67 percent of them reported they were unable to confirm the source of the conflict minerals in their products, and about 97 percent of them reported that they could not determine whether the conflict minerals financed or benefited armed groups in the Democratic Republic of the Congo (DRC) and adjoining countries. 
According to GAO facilities that process conflict minerals pose challenges to the disclosure efforts of companies filing a Form SD because: these facilities generally rely on documentary evidence about the origin of conflict minerals, which may be susceptible to fraud; and multiple levels of processing operations introduce fraud risk and may increase the cost associated with disclosures. 
Industry and other stakeholders have developed or are pursuing efforts to mitigate these risks, such as chemical “fingerprinting” to verify documentary evidence. 
The GAO reported highlighted that as of July 2016, the Department of Commerce had not submitted a report that was required in January 2013, assessing the accuracy of the Independent Private Sector Audits, referred to as an IPSA, filed by some companies that filed a Form SD, nor had it developed a plan to do so. Ten companies filed the audits between 2014 and 2015 as part of their Conflict Minerals Reports, none of which Commerce has assessed. Commerce officials said they established a team in March 2016, but they noted that they did not have the knowledge, skills, or expertise to conduct IPSA reviews or to establish best practices. As a result, Congress lacks information on the accuracy of the IPSAs and other due diligence processes used by filing companies. 
DISCLAIMER: Because of the generality of this update, the information provided herein may not be applicable in all situations and should not be acted upon without specific legal advice based on particular situations. 
© Stinson Leonard Street - Dodd-Frank and the Jobs Act | Attorney Advertising Stinson Leonard Street - Dodd-Frank and the Jobs Act on: &quot;My best business intelligence, in one easy email…&quot; Your first step to building a free, personalized, morning email brief covering pertinent authors and topics on JD Supra: * By using the service, you signify your acceptance of JD Supra&apos;s Privacy Policy. - hide Privacy Policy (Updated: October 8, 2015) : 
JD Supra provides users with access to its legal industry publishing services (the &quot;Service&quot;) through its website (the &quot;Website&quot;) as well as through other sources. Our policies with regard to data collection and use of personal information of users of the Service, regardless of the manner in which users access the Service, and visitors to the Website are set forth in this statement (&quot;Policy&quot;). By using the Service, you signify your acceptance of this Policy. Information Collection and Use by JD Supra 
JD Supra collects users&apos; names, companies, titles, e-mail address and industry. JD Supra also tracks the pages that users visit, logs IP addresses and aggregates non-personally identifiable user data and browser type. This data is gathered using cookies and other technologies. 
The information and data collected is used to authenticate users and to send notifications relating to the Service, including email alerts to which users have subscribed; to manage the Service and Website, to improve the Service and to customize the user&apos;s experience. This information is also provided to the authors of the content to give them insight into their readership and help them to improve their content, so that it is most useful for our users. 
JD Supra does not sell, rent or otherwise provide your details to third parties, other than to the authors of the content on JD Supra. 
If you prefer not to enable cookies, you may change your browser settings to disable cookies; however, please note that rejecting cookies while visiting the Website may result in certain parts of the Website not operating correctly or as efficiently as if cookies were allowed. Email Choice/Opt-out 
Users who opt in to receive emails may choose to no longer receive e-mail updates and newsletters by selecting the &quot;opt-out of future email&quot; option in the email they receive from JD Supra or in their JD Supra account management screen. Security 
JD Supra takes reasonable precautions to insure that user information is kept private. We restrict access to user information to those individuals who reasonably need access to perform their job functions, such as our third party email service, customer service personnel and technical staff. However, please note that no method of transmitting or storing data is completely secure and we cannot guarantee the security of user information. Unauthorized entry or use, hardware or software failure, and other factors may compromise the security of user information at any time. 
If you have reason to believe that your interaction with us is no longer secure, you must immediately notify us of the problem by contacting us at . In the unlikely event that we believe that the security of your user information in our possession or control may have been compromised, we may seek to notify you of that development and, if so, will endeavor to do so as promptly as practicable under the circumstances. Sharing and Disclosure of Information JD Supra Collects 
Except as otherwise described in this privacy statement, JD Supra will not disclose personal information to any third party unless we believe that disclosure is necessary to: (1) comply with applicable laws; (2) respond to governmental inquiries or requests; (3) comply with valid legal process; (4) protect the rights, privacy, safety or property of JD Supra, users of the Service, Website visitors or the public; (5) permit us to pursue available remedies or limit the damages that we may sustain; and (6) enforce our Terms &amp; Conditions of Use. 
In the event there is a change in the corporate structure of JD Supra such as, but not limited to, merger, consolidation, sale, liquidation or transfer of substantial assets, JD Supra may, in its sole discretion, transfer, sell or assign information collected on and through the Service to one or more affiliated or unaffiliated third parties. Links to Other Websites 
This Website and the Service may contain links to other websites. The operator of such other websites may collect information about you, including through cookies or other technologies. If you are using the Service through the Website and link to another site, you will leave the Website and this Policy will not apply to your use of and activity on those other sites. We encourage you to read the legal notices posted on those sites, including their privacy policies. We shall have no responsibility or liability for your visitation to, and the data collection and use practices of, such other sites. This Policy applies solely to the information collected in connection with your use of this Website and does not apply to any practices conducted offline or in connection with any other websites. Changes in Our Privacy Policy 
We reserve the right to change this Policy at any time. Please refer to the date at the top of this page to determine when this Policy was last revised. Any changes to our privacy policy will become effective upon posting of the revised policy on the Website. By continuing to use the Service or Website following such changes, you will be deemed to have agreed to such changes. If you do not agree with the terms of this Policy, as it may be amended from time to time, in whole or part, please do not continue using the Service or the Website. Contacting JD Supra 
If you have any questions about this privacy statement, the practices of this site, your dealings with this Web site, or if you would like to change any of the information you have provided to us, please contact us at: . - hide Already signed up? Log in here * With LinkedIn, you don&apos;t need to create a separate login to manage your free JD Supra account, and we can make suggestions based on your needs and interests. We will not post anything on LinkedIn in your name. Or, sign up using your email address. This is a preview of your email. Not all subjects or topics are updated every day. If you see no results for a particular subject or topic, consider broadening your interests. Loading...
</post>
<signature>

</signature>
<external_links>

</external_links>
<country>US</country>
<main_image>http://www.jdsupra.com/showThumbnail.aspx?img=13891_4439.jpg&amp;size=og</main_image>
</document>
