<?xml version="1.0" encoding="UTF-8"?>
<document>
<type>mainstream</type>
<forum></forum>
<forum_title></forum_title>
<discussion_title>Mikä ihmeen yhteismetsä? Nyt kuullaan kuntia asiasta- Nokian Uutiset</discussion_title>
<language>finnish</language>
<gmt_offset></gmt_offset>
<topic_url>http://www.nokianuutiset.fi/uutiset/mika-ihmeen-yhteismetsa-nyt-kuullaan-kuntia-asiasta/</topic_url>
<topic_text>

Verkkopalvelun käyttöön liittyvät kysymykset: 010 665 8987 Numero palvelee arkisin klo 8-17. Puhelun hinta: 0,088€/min, myös jonotusaika on maksullinen. Lisää uutisia: 
</topic_text>
<spam_score>0.20</spam_score>
<post_num>1</post_num>
<post_id>post-1</post_id>
<post_url>http://www.nokianuutiset.fi/uutiset/mika-ihmeen-yhteismetsa-nyt-kuullaan-kuntia-asiasta/</post_url>
<post_date>20160829</post_date>
<post_time></post_time>
<username></username>
<post>

Verkkopalvelun käyttöön liittyvät kysymykset: 010 665 8987 Numero palvelee arkisin klo 8-17. Puhelun hinta: 0,088€/min, myös jonotusaika on maksullinen. Lisää uutisia: 
</post>
<signature>

</signature>
<external_links>

</external_links>
<country>FI</country>
<main_image>http://d25ictfprz3vis.cloudfront.net/nokianuutiset/content/uploads/2016/08/29201650/6202255.jpg</main_image>
</document>
