<?xml version="1.0" encoding="UTF-8"?>
<document>
<type>mainstream</type>
<forum>http://ntv.nation.co.ke/-/2720202/2720202/-/view/asFeed/-/19eifw/-/index.xml</forum>
<forum_title>NTV</forum_title>
<discussion_title>Seven applicants added to CJ shortlist of 6 on High Court&apos;s order</discussion_title>
<language>english</language>
<gmt_offset></gmt_offset>
<topic_url>http://ntv.nation.co.ke/news/national/2725528-3362322-ihckh7z/index.html</topic_url>
<topic_text>
Comments Posted 1 hour ago 
Prof. Makau Mutua and retired judge Aaron Ringera still have a chance of becoming the next chief justice.The Judicial Service Commission has reversed its More National News
</topic_text>
<spam_score>0.00</spam_score>
<post_num>1</post_num>
<post_id>post-1</post_id>
<post_url>http://ntv.nation.co.ke/news/national/2725528-3362322-ihckh7z/index.html</post_url>
<post_date>20160829</post_date>
<post_time>2036</post_time>
<username></username>
<post>
Comments Posted 1 hour ago 
Prof. Makau Mutua and retired judge Aaron Ringera still have a chance of becoming the next chief justice.The Judicial Service Commission has reversed its More National News
</post>
<signature>

</signature>
<external_links>

</external_links>
<country>KE</country>
<main_image>http://img.youtube.com/vi/-28HYru-XPA/hqdefault.jpg</main_image>
</document>
