<?xml version="1.0" encoding="UTF-8"?>
<document>
<type>mainstream</type>
<forum>http://stackoverflow.com/feeds</forum>
<forum_title>Recent Questions - Stack Overflow</forum_title>
<discussion_title>Abort Capistrano deploy bundler:install</discussion_title>
<language>english</language>
<gmt_offset></gmt_offset>
<topic_url>http://stackoverflow.com/questions/39216353/abort-capistrano-deploy-bundlerinstall</topic_url>
<topic_text>
Following this tutorial from GoRails I&apos;m getting this error when I try to deploy on Ubuntu 16.04 on Digital Ocean. 
$ cap production deploy --trace 
Trace Here ** DEPLOY FAILED ** Refer to log/capistrano.log for details. Here are the last 20 lines: DEBUG [9a2c15d9] Command: [ -d /home/deployer/RMG_rodeobest/releases/20160829222734/public/system ] DEBUG [9a2c15d9] Finished in 0.181 seconds with exit status 1 (failed). INFO [86a233a2] Running /usr/bin/env ln -s /home/deployer/RMG_rodeobest/shared/public/system /home/deployer/RMG_rodeobest/releases/20160829222734/public/system as deployer@138.68.8.2… DEBUG [86a233a2] Command: ( export RBENV_ROOT=&quot;$HOME/.rbenv&quot; RBENV_VERSION=&quot;2.3.1&quot; ; /usr/bin/env ln -s /home/deployer/RMG_rodeobest/shared/public/system /home/deployer/RMG_rodeobest/… INFO [86a233a2] Finished in 0.166 seconds with exit status 0 (successful). DEBUG [07f5e5a2] Running [ -L /home/deployer/RMG_rodeobest/releases/20160829222734/public/assets ] as deployer@138.68.8.255 DEBUG [07f5e5a2] Command: [ -L /home/deployer/RMG_rodeobest/releases/20160829222734/public/assets ] DEBUG [07f5e5a2] Finished in 0.166 seconds with exit status 1 (failed). DEBUG [5e61eaf3] Running [ -d /home/deployer/RMG_rodeobest/releases/20160829222734/public/assets ] as deployer@138.68.8.255 DEBUG [5e61eaf3] Command: [ -d /home/deployer/RMG_rodeobest/releases/20160829222734/public/assets ] DEBUG [5e61eaf3] Finished in 0.168 seconds with exit status 1 (failed). INFO [52076052] Running /usr/bin/env ln -s /home/deployer/RMG_rodeobest/shared/public/assets /home/deployer/RMG_rodeobest/releases/20160829222734/public/assets as deployer@138.68.8.2… DEBUG [52076052] Command: ( export RBENV_ROOT=&quot;$HOME/.rbenv&quot; RBENV_VERSION=&quot;2.3.1&quot; ; /usr/bin/env ln -s /home/deployer/RMG_rodeobest/shared/public/assets /home/deployer/RMG_rodeobest/… INFO [52076052] Finished in 0.167 seconds with exit status 0 (successful). DEBUG [2a6bf02b] Running if test ! -d /home/deployer/RMG_rodeobest/releases/20160829222734; then echo &quot;Directory does not exist &apos;/home/deployer/RMG_rodeobest/releases/20160829222734&apos;&quot;… DEBUG [2a6bf02b] Command: if test ! -d /home/deployer/RMG_rodeobest/releases/20160829222734; then echo &quot;Directory does not exist &apos;/home/deployer/RMG_rodeobest/releases/20160829222734&apos;… DEBUG [2a6bf02b] Finished in 0.164 seconds with exit status 0 (successful). INFO [f4b636e3] Running $HOME/.rbenv/bin/rbenv exec bundle install --path /home/deployer/RMG_rodeobest/shared/bundle --without development test --deployment --quiet as deployer@138.6… DEBUG [f4b636e3] Command: cd /home/deployer/RMG_rodeobest/releases/20160829222734 &amp;&amp; ( export RBENV_ROOT=&quot;$HOME/.rbenv&quot; RBENV_VERSION=&quot;2.3.1&quot; ; $HOME/.rbenv/bin/rbenv exec bundle inst… DEBUG [f4b636e3] bash: line 1: 3509 Killed $HOME/.rbenv/bin/rbenv exec bundle install --path /home/deployer/RMG_rodeobest/shared/bundle --without development test -… 
My Capfile: # Load DSL and Setup Up Stages require &apos;capistrano/setup&apos; # Includes default deployment tasks require &apos;capistrano/deploy&apos; # Includes tasks from other gems included in your Gemfile # If you are using rbenv add these lines: require &apos;capistrano/rbenv&apos; set :rbenv_type, :user # or :system, depends on your rbenv setup set :rbenv_ruby, &apos;2.3.1&apos; require &apos;capistrano/bundler&apos; require &apos;capistrano/rails&apos; # require &apos;capistrano/passenger&apos; # Loads custom tasks from `lib/capistrano/tasks&apos; if you have any defined. Dir.glob(&apos;lib/capistrano/tasks/*.cap&apos;).each { |r| import r } 
I&apos;m stuck, don&apos;t know why is aborting cap. 
Any idea?
</topic_text>
<spam_score>0.00</spam_score>
<post_num>1</post_num>
<post_id>post-1</post_id>
<post_url>http://stackoverflow.com/questions/39216353/abort-capistrano-deploy-bundlerinstall</post_url>
<post_date>20160829</post_date>
<post_time>2252</post_time>
<username>Carlos Gómez</username>
<post>
Following this tutorial from GoRails I&apos;m getting this error when I try to deploy on Ubuntu 16.04 on Digital Ocean. 
$ cap production deploy --trace 
Trace Here ** DEPLOY FAILED ** Refer to log/capistrano.log for details. Here are the last 20 lines: DEBUG [9a2c15d9] Command: [ -d /home/deployer/RMG_rodeobest/releases/20160829222734/public/system ] DEBUG [9a2c15d9] Finished in 0.181 seconds with exit status 1 (failed). INFO [86a233a2] Running /usr/bin/env ln -s /home/deployer/RMG_rodeobest/shared/public/system /home/deployer/RMG_rodeobest/releases/20160829222734/public/system as deployer@138.68.8.2… DEBUG [86a233a2] Command: ( export RBENV_ROOT=&quot;$HOME/.rbenv&quot; RBENV_VERSION=&quot;2.3.1&quot; ; /usr/bin/env ln -s /home/deployer/RMG_rodeobest/shared/public/system /home/deployer/RMG_rodeobest/… INFO [86a233a2] Finished in 0.166 seconds with exit status 0 (successful). DEBUG [07f5e5a2] Running [ -L /home/deployer/RMG_rodeobest/releases/20160829222734/public/assets ] as deployer@138.68.8.255 DEBUG [07f5e5a2] Command: [ -L /home/deployer/RMG_rodeobest/releases/20160829222734/public/assets ] DEBUG [07f5e5a2] Finished in 0.166 seconds with exit status 1 (failed). DEBUG [5e61eaf3] Running [ -d /home/deployer/RMG_rodeobest/releases/20160829222734/public/assets ] as deployer@138.68.8.255 DEBUG [5e61eaf3] Command: [ -d /home/deployer/RMG_rodeobest/releases/20160829222734/public/assets ] DEBUG [5e61eaf3] Finished in 0.168 seconds with exit status 1 (failed). INFO [52076052] Running /usr/bin/env ln -s /home/deployer/RMG_rodeobest/shared/public/assets /home/deployer/RMG_rodeobest/releases/20160829222734/public/assets as deployer@138.68.8.2… DEBUG [52076052] Command: ( export RBENV_ROOT=&quot;$HOME/.rbenv&quot; RBENV_VERSION=&quot;2.3.1&quot; ; /usr/bin/env ln -s /home/deployer/RMG_rodeobest/shared/public/assets /home/deployer/RMG_rodeobest/… INFO [52076052] Finished in 0.167 seconds with exit status 0 (successful). DEBUG [2a6bf02b] Running if test ! -d /home/deployer/RMG_rodeobest/releases/20160829222734; then echo &quot;Directory does not exist &apos;/home/deployer/RMG_rodeobest/releases/20160829222734&apos;&quot;… DEBUG [2a6bf02b] Command: if test ! -d /home/deployer/RMG_rodeobest/releases/20160829222734; then echo &quot;Directory does not exist &apos;/home/deployer/RMG_rodeobest/releases/20160829222734&apos;… DEBUG [2a6bf02b] Finished in 0.164 seconds with exit status 0 (successful). INFO [f4b636e3] Running $HOME/.rbenv/bin/rbenv exec bundle install --path /home/deployer/RMG_rodeobest/shared/bundle --without development test --deployment --quiet as deployer@138.6… DEBUG [f4b636e3] Command: cd /home/deployer/RMG_rodeobest/releases/20160829222734 &amp;&amp; ( export RBENV_ROOT=&quot;$HOME/.rbenv&quot; RBENV_VERSION=&quot;2.3.1&quot; ; $HOME/.rbenv/bin/rbenv exec bundle inst… DEBUG [f4b636e3] bash: line 1: 3509 Killed $HOME/.rbenv/bin/rbenv exec bundle install --path /home/deployer/RMG_rodeobest/shared/bundle --without development test -… 
My Capfile: # Load DSL and Setup Up Stages require &apos;capistrano/setup&apos; # Includes default deployment tasks require &apos;capistrano/deploy&apos; # Includes tasks from other gems included in your Gemfile # If you are using rbenv add these lines: require &apos;capistrano/rbenv&apos; set :rbenv_type, :user # or :system, depends on your rbenv setup set :rbenv_ruby, &apos;2.3.1&apos; require &apos;capistrano/bundler&apos; require &apos;capistrano/rails&apos; # require &apos;capistrano/passenger&apos; # Loads custom tasks from `lib/capistrano/tasks&apos; if you have any defined. Dir.glob(&apos;lib/capistrano/tasks/*.cap&apos;).each { |r| import r } 
I&apos;m stuck, don&apos;t know why is aborting cap. 
Any idea?
</post>
<signature>

</signature>
<external_links>

</external_links>
<country>US</country>
<main_image>http://cdn.sstatic.net/Sites/stackoverflow/img/apple-touch-icon@2.png?v=73d79a89bded&amp;a</main_image>
</document>
