<?xml version="1.0" encoding="UTF-8"?>
<document>
<type>mainstream</type>
<forum></forum>
<forum_title></forum_title>
<discussion_title>Man whose loader was lost files complaint against BCI agent | North Dakota News | bismarcktribune.com</discussion_title>
<language>english</language>
<gmt_offset></gmt_offset>
<topic_url>http://bismarcktribune.com/news/state-and-regional/man-whose-loader-was-lost-files-complaint-against-bci-agent/article_6ae801f8-c6f7-56db-8555-6744087bae0b.html</topic_url>
<topic_text>
Man whose loader was lost files complaint against BCI agent Updated 1 hr ago 
FARGO, N.D. (AP) — A man whose pay loader was confiscated by a North Dakota Bureau of Criminal Investigation agent has filed a federal civil complaint against the agent and others involved in transporting the loader. 
The loader was seized in May 2014 from Darrell Schrum&apos;s shop in Forbes after it was found to be stolen. Schrum says he didn&apos;t know the loader was stolen and bought it in good faith. 
The complaint against BCI agent Arnie Rummel and four other defendants says the search and seizure was illegal and the actions violated Schrum&apos;s right to due process. It seeks unspecified damages, including cost of the loader and repairs. 
A state judge had ordered Rummel to pay Schrum for the loader for not returning it. That order was overturned by the state Supreme Court. Tags 
</topic_text>
<spam_score>0.19</spam_score>
<post_num>1</post_num>
<post_id>post-1</post_id>
<post_url>http://bismarcktribune.com/news/state-and-regional/man-whose-loader-was-lost-files-complaint-against-bci-agent/article_6ae801f8-c6f7-56db-8555-6744087bae0b.html</post_url>
<post_date>20160829</post_date>
<post_time></post_time>
<username></username>
<post>
Man whose loader was lost files complaint against BCI agent Updated 1 hr ago 
FARGO, N.D. (AP) — A man whose pay loader was confiscated by a North Dakota Bureau of Criminal Investigation agent has filed a federal civil complaint against the agent and others involved in transporting the loader. 
The loader was seized in May 2014 from Darrell Schrum&apos;s shop in Forbes after it was found to be stolen. Schrum says he didn&apos;t know the loader was stolen and bought it in good faith. 
The complaint against BCI agent Arnie Rummel and four other defendants says the search and seizure was illegal and the actions violated Schrum&apos;s right to due process. It seeks unspecified damages, including cost of the loader and repairs. 
A state judge had ordered Rummel to pay Schrum for the loader for not returning it. That order was overturned by the state Supreme Court. Tags 
</post>
<signature>

</signature>
<external_links>

</external_links>
<country>US</country>
<main_image>http://bloximages.chicago2.vip.townnews.com/bismarcktribune.com/content/tncms/custom/image/df247404-a5d3-11e5-af10-a3b3002902cc.jpg?_dc=1450476510</main_image>
</document>
