<?xml version="1.0" encoding="UTF-8"?>
<document>
<type>mainstream</type>
<forum>http://audioboom.com/boos/everyone.rss</forum>
<forum_title>audioBoom</forum_title>
<discussion_title>IS Claims Attack in Yemen</discussion_title>
<language>english</language>
<gmt_offset></gmt_offset>
<topic_url>https://audioboom.com/boos/4988240-is-claims-attack-in-yemen</topic_url>
<topic_text>
&lt;iframe width=&quot;100%&quot; height=&quot;150&quot; style=&quot;background-color:transparent; display:block; min-width:300px; max-width:700px;&quot; frameborder=&quot;0&quot; allowtransparency=&quot;allowtransparency&quot; scrolling=&quot;no&quot; src=&quot;//embeds.audioboom.com/boos/4988240-is-claims-attack-in-yemen/embed/v3?eid=AQAAAES3xFdQHUwA&quot; title=&quot;audioBoom player&quot;&gt;&lt;/iframe&gt; Share on 
Dozens killed in attack on pro-government militia compound in Aden, Dilma Rousseff addresses the senate in her impeachment trial, West Bengal&apos;s change of name. 
(Photo: Aftermath of attack in Aden, Yemen Credit: European Photopress Agency)
</topic_text>
<spam_score>0.00</spam_score>
<post_num>1</post_num>
<post_id>post-1</post_id>
<post_url>https://audioboom.com/boos/4988240-is-claims-attack-in-yemen</post_url>
<post_date>20160829</post_date>
<post_time>2117</post_time>
<username>Newshour</username>
<post>
&lt;iframe width=&quot;100%&quot; height=&quot;150&quot; style=&quot;background-color:transparent; display:block; min-width:300px; max-width:700px;&quot; frameborder=&quot;0&quot; allowtransparency=&quot;allowtransparency&quot; scrolling=&quot;no&quot; src=&quot;//embeds.audioboom.com/boos/4988240-is-claims-attack-in-yemen/embed/v3?eid=AQAAAES3xFdQHUwA&quot; title=&quot;audioBoom player&quot;&gt;&lt;/iframe&gt; Share on 
Dozens killed in attack on pro-government militia compound in Aden, Dilma Rousseff addresses the senate in her impeachment trial, West Bengal&apos;s change of name. 
(Photo: Aftermath of attack in Aden, Yemen Credit: European Photopress Agency)
</post>
<signature>

</signature>
<external_links>

</external_links>
<country>GB</country>
<main_image>https://d15mj6e6qmt1na.cloudfront.net/files/images/1044/2589/mza_2460697691324160227.600x600-75.jpg</main_image>
</document>
