<?xml version="1.0" encoding="UTF-8"?>
<document>
<type>mainstream</type>
<forum>http://feeds.news24.com.ng/articles/nigeria/sport/rss</forum>
<forum_title>Nigeria Sport</forum_title>
<discussion_title>News24.com.ng | Maradona grounded after passport mix-up</discussion_title>
<language>english</language>
<gmt_offset></gmt_offset>
<topic_url>http://www.news24.com.ng/Sport/Football/maradona-grounded-after-passport-mix-up-20160829</topic_url>
<topic_text>
Maradona grounded after passport mix-up 29 August 2016, 20:15 
&quot;It&apos;s a very rare occurence,&quot; said Diego Morla, the double World Cup winner&apos;s lawyer, Diego Morla. 
&quot;They told him his passport had been reported as stolen despite Diego holding it in his hands!&quot; 
Also read : Maradona not alone in World Cup controversy 
Morla hinted that there must have have been a fake report which triggered the situation. 
&quot;Diego is really surprised by this saga, which has strangely happened right after he criticised the government,&quot; said Morla. 
The former Napoli and Argentina legend last month condemned the new Argentinian government saying that since they had come to power Argentina had fallen to its &quot;knees&quot;.   page.
</topic_text>
<spam_score>0.00</spam_score>
<post_num>1</post_num>
<post_id>post-1</post_id>
<post_url>http://www.news24.com.ng/Sport/Football/maradona-grounded-after-passport-mix-up-20160829</post_url>
<post_date>20160829</post_date>
<post_time>1915</post_time>
<username></username>
<post>
Maradona grounded after passport mix-up 29 August 2016, 20:15 
&quot;It&apos;s a very rare occurence,&quot; said Diego Morla, the double World Cup winner&apos;s lawyer, Diego Morla. 
&quot;They told him his passport had been reported as stolen despite Diego holding it in his hands!&quot; 
Also read : Maradona not alone in World Cup controversy 
Morla hinted that there must have have been a fake report which triggered the situation. 
&quot;Diego is really surprised by this saga, which has strangely happened right after he criticised the government,&quot; said Morla. 
The former Napoli and Argentina legend last month condemned the new Argentinian government saying that since they had come to power Argentina had fallen to its &quot;knees&quot;.   page.
</post>
<signature>

</signature>
<external_links>

</external_links>
<country>NG</country>
<main_image>http://cdn.24.co.za/files/Cms/General/d/3982/935aaf715a544694b097f2db6b8a734a.jpg</main_image>
</document>
