<?xml version="1.0" encoding="UTF-8"?>
<document>
<type>mainstream</type>
<forum>http://elgraficotam.com.mx/feed/</forum>
<forum_title>El Gráfico de Tamaulipas</forum_title>
<discussion_title>Invierten 400 mdp en hospital de Matamoros</discussion_title>
<language>spanish</language>
<gmt_offset></gmt_offset>
<topic_url>http://elgraficotam.com.mx/2016/08/29/invierten-400-mdp-en-hospital-de-matamoros/</topic_url>
<topic_text>
Finanzas Home › Regional › Invierten 400 mdp en hospital de Matamoros El Gobernador Egidio Torre Cantú y la Alcaldesa Leticia Salazar Vázquez, en su recorrido por el nuevo Hospital General “Alfredo Pumarejo”. Invierten 400 mdp en hospital de Matamoros 


El Gobernador Egidio Torre y la Alcaldesa Leticia Salazar, hicieron un recorrido por el nuevo Hospital ‘Alfredo Pumarejo’. 
Matamoros, Tam.- En gira de trabajo por esta frontera, el Gobernador Egidio Torre Cantú acompañado de la Alcaldesa Leticia Salazar Vázquez, supervisó los avances en la construcción del nuevo Hospital General “Alfredo Pumarejo”, en el que se invierten más de 400 millones de pesos. Constará de 28 consultorios, 6 salas quirúrgicas, salas de expulsión, electrodiagnóstico, endoscopía y más de un centenar de camas censables entre otros. Presenta un avance del 45 por ciento y forma parte de uno de los compromisos del Presidente Enrique Peña Nieto. 
A lo largo de la actual administración, Tamaulipas ha fortalecido su infraestructura de salud que permite tener una de las redes hospitalarias más importantes del país. Destacan unidades construidas como el Hospital “Carlos Canseco” de Tampico, Hospital Integral de Camargo, los Hospitales Generales de Río Bravo, Valle Hermoso, el Integral de González, Ocampo, el General de Subzona del IMSS de Miguel Alemán, el General Regional No. 15 del IMSS en Reynosa, los Navales de Matamoros, La Pesca y el Hospital “Dr. Heriberto Espinosa” de Madero actualmente en proceso. 
Entre los Hospitales rehabilitados o ampliados se encuentra el Integral de Jaumave, los Generales de Reynosa y Ciudad Victoria, el Hospital Materno Infantil de Reynosa, la Unidad de Quemados, la Unidad de la Mujer, el Hospital Civil en la capital y el Hospital Integral de Aldama. A ello se suman 300 Centros de Salud modernizados y unidades especializadas como el Centro Oncológico de Nuevo Laredo, el Centro Oncológico Tamaulipas, la UNEME DEDICAM en Victoria y otra más que está en proceso en la zona conurbada para la detección y atención del cáncer de mama. 2016-08-29
</topic_text>
<spam_score>0.00</spam_score>
<post_num>1</post_num>
<post_id>post-1</post_id>
<post_url>http://elgraficotam.com.mx/2016/08/29/invierten-400-mdp-en-hospital-de-matamoros/</post_url>
<post_date>20160829</post_date>
<post_time>1418</post_time>
<username>Gilda Garza</username>
<post>
Finanzas Home › Regional › Invierten 400 mdp en hospital de Matamoros El Gobernador Egidio Torre Cantú y la Alcaldesa Leticia Salazar Vázquez, en su recorrido por el nuevo Hospital General “Alfredo Pumarejo”. Invierten 400 mdp en hospital de Matamoros 


El Gobernador Egidio Torre y la Alcaldesa Leticia Salazar, hicieron un recorrido por el nuevo Hospital ‘Alfredo Pumarejo’. 
Matamoros, Tam.- En gira de trabajo por esta frontera, el Gobernador Egidio Torre Cantú acompañado de la Alcaldesa Leticia Salazar Vázquez, supervisó los avances en la construcción del nuevo Hospital General “Alfredo Pumarejo”, en el que se invierten más de 400 millones de pesos. Constará de 28 consultorios, 6 salas quirúrgicas, salas de expulsión, electrodiagnóstico, endoscopía y más de un centenar de camas censables entre otros. Presenta un avance del 45 por ciento y forma parte de uno de los compromisos del Presidente Enrique Peña Nieto. 
A lo largo de la actual administración, Tamaulipas ha fortalecido su infraestructura de salud que permite tener una de las redes hospitalarias más importantes del país. Destacan unidades construidas como el Hospital “Carlos Canseco” de Tampico, Hospital Integral de Camargo, los Hospitales Generales de Río Bravo, Valle Hermoso, el Integral de González, Ocampo, el General de Subzona del IMSS de Miguel Alemán, el General Regional No. 15 del IMSS en Reynosa, los Navales de Matamoros, La Pesca y el Hospital “Dr. Heriberto Espinosa” de Madero actualmente en proceso. 
Entre los Hospitales rehabilitados o ampliados se encuentra el Integral de Jaumave, los Generales de Reynosa y Ciudad Victoria, el Hospital Materno Infantil de Reynosa, la Unidad de Quemados, la Unidad de la Mujer, el Hospital Civil en la capital y el Hospital Integral de Aldama. A ello se suman 300 Centros de Salud modernizados y unidades especializadas como el Centro Oncológico de Nuevo Laredo, el Centro Oncológico Tamaulipas, la UNEME DEDICAM en Victoria y otra más que está en proceso en la zona conurbada para la detección y atención del cáncer de mama. 2016-08-29
</post>
<signature>

</signature>
<external_links>

</external_links>
<country>MX</country>
<main_image>http://elgraficotam.com.mx/wp-content/uploads/2016/08/3-Portada-Hospital-620x330.jpg</main_image>
</document>
