<?xml version="1.0" encoding="UTF-8"?>
<document>
<type>mainstream</type>
<forum>http://telekom-presse.at/telekom-presse.at/rss.asp</forum>
<forum_title>Telekom-Presse</forum_title>
<discussion_title>Neue Aktion für das HTC 10 mit 100 Euro Rabatt</discussion_title>
<language>german</language>
<gmt_offset></gmt_offset>
<topic_url>http://www.telekom-presse.at/smartphones/neue_aktion_fuer_das_htc_10_mit_100_euro_rabatt.id.35815.htm</topic_url>
<topic_text>
  F.   Smartphones HTC 10 in Schwarz Die Preise fallen bei so ziemlich allen Smartphones mit der Zeit. Egal, ob der Preis gesenkt wird oder die Aktion Rabatt genannt wird, billiger wird es allemal. 
(29.08.2016, 14:20) Wir kennen den Schweinezyklus bei Smartphones mittlerweile ganz gut: Egal ob der Preis zu Beginn fair oder überzogen ist, er beginnt schon nach einigen Wochen zu fallen. Das trifft auf so gut wie jedes Smartphone zu, mit Ausnahme des iPhone, dessen Preis Apple immer bis zum Schluss konstant hält, weshalb die Verkaufsziffern deutlich stärkeren Fluktuationen unterworfen sind als bei anderen Marken. 
HTC, zuletzt nicht unbedingt von Erfolgen verwöhnt, versucht sich mit einer anderen Variante: Man hält den Preis hoch, bietet aber 100 Euro Rabatt beim Kauf, ab heute und begrenzt bis 14. September. Mit anderen Worten - der Preis wird von 699 auf 599 Euro gesenkt, wenn man direkt bei htc.com kauft. Um von dem 100 Euro Rabattangebot zu profitieren, ist lediglich die Eingabe des Codes „HTC100“ bei der Bestellung notwendig. Die Eingabemaske erscheint direkt nachdem das HTC 10 zum Einkaufswagen hinzugefügt wurde, anschließend wird der Betrag gutgeschrieben. 
Wer das nicht möchte bekommt das HTC 10 übrigens auch bei Amazon um 599 Euro: 
  Verwandte Themen
</topic_text>
<spam_score>0.00</spam_score>
<post_num>1</post_num>
<post_id>post-1</post_id>
<post_url>http://www.telekom-presse.at/smartphones/neue_aktion_fuer_das_htc_10_mit_100_euro_rabatt.id.35815.htm</post_url>
<post_date>20160829</post_date>
<post_time>1247</post_time>
<username></username>
<post>
  F.   Smartphones HTC 10 in Schwarz Die Preise fallen bei so ziemlich allen Smartphones mit der Zeit. Egal, ob der Preis gesenkt wird oder die Aktion Rabatt genannt wird, billiger wird es allemal. 
(29.08.2016, 14:20) Wir kennen den Schweinezyklus bei Smartphones mittlerweile ganz gut: Egal ob der Preis zu Beginn fair oder überzogen ist, er beginnt schon nach einigen Wochen zu fallen. Das trifft auf so gut wie jedes Smartphone zu, mit Ausnahme des iPhone, dessen Preis Apple immer bis zum Schluss konstant hält, weshalb die Verkaufsziffern deutlich stärkeren Fluktuationen unterworfen sind als bei anderen Marken. 
HTC, zuletzt nicht unbedingt von Erfolgen verwöhnt, versucht sich mit einer anderen Variante: Man hält den Preis hoch, bietet aber 100 Euro Rabatt beim Kauf, ab heute und begrenzt bis 14. September. Mit anderen Worten - der Preis wird von 699 auf 599 Euro gesenkt, wenn man direkt bei htc.com kauft. Um von dem 100 Euro Rabattangebot zu profitieren, ist lediglich die Eingabe des Codes „HTC100“ bei der Bestellung notwendig. Die Eingabemaske erscheint direkt nachdem das HTC 10 zum Einkaufswagen hinzugefügt wurde, anschließend wird der Betrag gutgeschrieben. 
Wer das nicht möchte bekommt das HTC 10 übrigens auch bei Amazon um 599 Euro: 
  Verwandte Themen
</post>
<signature>

</signature>
<external_links>

</external_links>
<country>AT</country>
<main_image>http://www.telekom-presse.at/bilder/0010HTCschwarz.jpg</main_image>
</document>
