<?xml version="1.0" encoding="UTF-8"?>
<document>
<type>mainstream</type>
<forum>http://stackoverflow.com/feeds</forum>
<forum_title>Recent Questions - Stack Overflow</forum_title>
<discussion_title>PHP create file with specific name</discussion_title>
<language>english</language>
<gmt_offset></gmt_offset>
<topic_url>http://stackoverflow.com/questions/39216363/php-create-file-with-specific-name</topic_url>
<topic_text>
up vote 0 down vote favorite 
this code for create new file works well: &lt;?php $myfile = fopen(&quot;newfile.txt&quot;, &quot;w&quot;) or die(&quot;Unable to open file!&quot;); $txt = &quot;John Doe\n&quot;; fwrite($myfile, $txt); $txt = &quot;Jane Doe\n&quot;; fwrite($myfile, $txt); fclose($myfile); ?&gt; 
But when I want create files with names like: LMS-001.txt, LMS-002.txt, LMS-003.txt etc.? Filenames can be LMS-1.txt, LMS-2.txt, LMS-3.txt too. Important numbers at the end of the name. 
Thanks
</topic_text>
<spam_score>0.00</spam_score>
<post_num>1</post_num>
<post_id>post-1</post_id>
<post_url>http://stackoverflow.com/questions/39216363/php-create-file-with-specific-name</post_url>
<post_date>20160829</post_date>
<post_time>2253</post_time>
<username>Tlumic</username>
<post>
up vote 0 down vote favorite 
this code for create new file works well: &lt;?php $myfile = fopen(&quot;newfile.txt&quot;, &quot;w&quot;) or die(&quot;Unable to open file!&quot;); $txt = &quot;John Doe\n&quot;; fwrite($myfile, $txt); $txt = &quot;Jane Doe\n&quot;; fwrite($myfile, $txt); fclose($myfile); ?&gt; 
But when I want create files with names like: LMS-001.txt, LMS-002.txt, LMS-003.txt etc.? Filenames can be LMS-1.txt, LMS-2.txt, LMS-3.txt too. Important numbers at the end of the name. 
Thanks
</post>
<signature>

</signature>
<external_links>

</external_links>
<country>US</country>
<main_image>http://cdn.sstatic.net/Sites/stackoverflow/img/apple-touch-icon@2.png?v=73d79a89bded&amp;a</main_image>
</document>
