<?xml version="1.0" encoding="UTF-8"?>
<document>
<type>mainstream</type>
<forum></forum>
<forum_title></forum_title>
<discussion_title>La Curva Sud ha raccolto 1578 euro per i terremotati. Continuano le donazioni - Normanno.com</discussion_title>
<language>italian</language>
<gmt_offset></gmt_offset>
<topic_url>http://www.normanno.com/sport/la-curva-sud-raccolto-1578-euro-terremotati-continuano-le-donazioni/</topic_url>
<topic_text>
La Curva Sud ha raccolto 1578 euro per i terremotati. Continuano le donazioni 9 di Redazione Primo piano , Sport lunedì, 29 agosto 2016, 19:43 
Grande successo per l’ iniziativa annunciata venerdì scorso dalla Curva Sud. I gruppi organizzati hanno infatti raccolto 1578 euro, da devolvere in favore delle popolazioni colpite dal terremoto del Centro Italia. 
Disposti ieri, durante la partita Messina-Siracusa, dei punti raccolta dove gli sportivi hanno potuto dare il proprio contributo. La somma però è destinata a crescere, in quanto molti tifosi sono desiderosi di poter partecipare all’atto di solidarietà. 
A chiusura della raccolta verrà comunicata la somma raggiunta. 

</topic_text>
<spam_score>0.25</spam_score>
<post_num>1</post_num>
<post_id>post-1</post_id>
<post_url>http://www.normanno.com/sport/la-curva-sud-raccolto-1578-euro-terremotati-continuano-le-donazioni/</post_url>
<post_date>20160829</post_date>
<post_time></post_time>
<username>Di Redazione</username>
<post>
La Curva Sud ha raccolto 1578 euro per i terremotati. Continuano le donazioni 9 di Redazione Primo piano , Sport lunedì, 29 agosto 2016, 19:43 
Grande successo per l’ iniziativa annunciata venerdì scorso dalla Curva Sud. I gruppi organizzati hanno infatti raccolto 1578 euro, da devolvere in favore delle popolazioni colpite dal terremoto del Centro Italia. 
Disposti ieri, durante la partita Messina-Siracusa, dei punti raccolta dove gli sportivi hanno potuto dare il proprio contributo. La somma però è destinata a crescere, in quanto molti tifosi sono desiderosi di poter partecipare all’atto di solidarietà. 
A chiusura della raccolta verrà comunicata la somma raggiunta. 

</post>
<signature>

</signature>
<external_links>

</external_links>
<country>IT</country>
<main_image>http://www.normanno.com/N0rm4nn0/wp-content/uploads/2015/03/images_Cronaca_2015_gen-apr_acr_messina_tifosi_2.jpg</main_image>
</document>
