<?xml version="1.0" encoding="UTF-8"?>
<document>
<type>mainstream</type>
<forum>http://stackoverflow.com/feeds</forum>
<forum_title>Recent Questions - Stack Overflow</forum_title>
<discussion_title>input not saving when using custom ids in rails</discussion_title>
<language>english</language>
<gmt_offset></gmt_offset>
<topic_url>http://stackoverflow.com/questions/39215942/input-not-saving-when-using-custom-ids-in-rails</topic_url>
<topic_text>
I have a form that uses a bit of javascript so I wanted to give it a unique ID. When I give my textarea a unique ID, however, the data from the input is not saved. &lt;%= form_for([proposed_good, proposed_good.proposed_good_comments.build], remote:true) do |f| %&gt;&lt;%= f.text_area :body, placeholder:&quot;Enter comment&quot;, class:&quot;form-control comment-textarea&quot;, id:&quot;comment-textarea-&quot;+index.to_s %&gt;&lt;% end %&gt; 
EDIT: 
I noticed that the form also works when I remove the &quot;onclick&quot; function in the submit button &lt;%= f.submit id:&quot;comment-submit-&quot;+index.to_s, onclick:&quot;comment_submit(&quot; + index.to_s + &quot;, \&quot;&quot;+current_user.username+&quot;\&quot;)&quot; %&gt;
</topic_text>
<spam_score>0.00</spam_score>
<post_num>1</post_num>
<post_id>post-1</post_id>
<post_url>http://stackoverflow.com/questions/39215942/input-not-saving-when-using-custom-ids-in-rails</post_url>
<post_date>20160829</post_date>
<post_time>2251</post_time>
<username>suavocado</username>
<post>
I have a form that uses a bit of javascript so I wanted to give it a unique ID. When I give my textarea a unique ID, however, the data from the input is not saved. &lt;%= form_for([proposed_good, proposed_good.proposed_good_comments.build], remote:true) do |f| %&gt;&lt;%= f.text_area :body, placeholder:&quot;Enter comment&quot;, class:&quot;form-control comment-textarea&quot;, id:&quot;comment-textarea-&quot;+index.to_s %&gt;&lt;% end %&gt; 
EDIT: 
I noticed that the form also works when I remove the &quot;onclick&quot; function in the submit button &lt;%= f.submit id:&quot;comment-submit-&quot;+index.to_s, onclick:&quot;comment_submit(&quot; + index.to_s + &quot;, \&quot;&quot;+current_user.username+&quot;\&quot;)&quot; %&gt;
</post>
<signature>

</signature>
<external_links>

</external_links>
<country>US</country>
<main_image>http://cdn.sstatic.net/Sites/stackoverflow/img/apple-touch-icon@2.png?v=73d79a89bded&amp;a</main_image>
</document>
