<?xml version="1.0" encoding="UTF-8"?>
<document>
<type>mainstream</type>
<forum>http://audioboom.com/boos/everyone.rss</forum>
<forum_title>audioBoom</forum_title>
<discussion_title>8-29 Kluwe says people need to view players as members of society not just NFL</discussion_title>
<language>english</language>
<gmt_offset></gmt_offset>
<topic_url>https://audioboom.com/boos/4988223-8-29-kluwe-says-people-need-to-view-players-as-members-of-society-not-just-nfl</topic_url>
<topic_text>
&lt;iframe width=&quot;100%&quot; height=&quot;300&quot; style=&quot;background-color:transparent; display:block; max-width: 700px;&quot; frameborder=&quot;0&quot; allowtransparency=&quot;allowtransparency&quot; scrolling=&quot;no&quot; src=&quot;//embeds.audioboom.com/boos/4988223-8-29-kluwe-says-people-need-to-view-players-as-members-of-society-not-just-nfl/embed/v4?eid=AQAAACK3xFc_HUwA&quot; title=&quot;audioBoom player&quot;&gt;&lt;/iframe&gt; Share on Facebook twitter 
Chris Kluwe joins Gary and Larry to chat about his view on Colin Kaepernick&apos;s protest, why he thinks this could put Kaep&apos;s career and future earnings in jeopardy, comparing Ali tributes to Kaepernick detractors and if he thinks this dialogue will last throughout the season.
</topic_text>
<spam_score>0.00</spam_score>
<post_num>1</post_num>
<post_id>post-1</post_id>
<post_url>https://audioboom.com/boos/4988223-8-29-kluwe-says-people-need-to-view-players-as-members-of-society-not-just-nfl</post_url>
<post_date>20160829</post_date>
<post_time>2119</post_time>
<username>Gary &amp;amp; Larry Podcast</username>
<post>
&lt;iframe width=&quot;100%&quot; height=&quot;300&quot; style=&quot;background-color:transparent; display:block; max-width: 700px;&quot; frameborder=&quot;0&quot; allowtransparency=&quot;allowtransparency&quot; scrolling=&quot;no&quot; src=&quot;//embeds.audioboom.com/boos/4988223-8-29-kluwe-says-people-need-to-view-players-as-members-of-society-not-just-nfl/embed/v4?eid=AQAAACK3xFc_HUwA&quot; title=&quot;audioBoom player&quot;&gt;&lt;/iframe&gt; Share on Facebook twitter 
Chris Kluwe joins Gary and Larry to chat about his view on Colin Kaepernick&apos;s protest, why he thinks this could put Kaep&apos;s career and future earnings in jeopardy, comparing Ali tributes to Kaepernick detractors and if he thinks this dialogue will last throughout the season.
</post>
<signature>

</signature>
<external_links>

</external_links>
<country>GB</country>
<main_image>https://d15mj6e6qmt1na.cloudfront.net/files/images/2398/9036/player-garylarry.png</main_image>
</document>
