<?xml version="1.0" encoding="UTF-8"?>
<document>
<type>mainstream</type>
<forum>http://hihi2.com/category/football-news/feed</forum>
<forum_title>هاي كورةالأخبار – هاي كورة</forum_title>
<discussion_title>مانشستر يونايتد يرفض رحيل لاعبه</discussion_title>
<language>arabic</language>
<gmt_offset></gmt_offset>
<topic_url>http://hihi2.com/2016/08/30/p715025.html</topic_url>
<topic_text>
كتب في 2016/08/30 - 12:14 ص - في قسم [ أخبار مانشستر يونايتد ] مانشستر يونايتد يرفض رحيل لاعبه 

هاي كورة – وفقاً للتقارير الواردة من بريطانيا فان نادي مانشستر يونايتد الانجليزي لن يوافق على رحيل اللاعب الارجنتيني ماركو روخو خلال فترة الانتقالات الصيفية الحالية. 
ويوجد العديد من الاندية الاوروبية والتي تطمح في الحصول على خدمات الدولي الأرجنتيني خلال فترة الانتقالات الصيفية الحالية. 
وقد شارك اللاعب في 53 مباراة رفقة مانشستر يونايتد تحت قيادة الهولندي لويس فان جال.
</topic_text>
<spam_score>0.00</spam_score>
<post_num>1</post_num>
<post_id>post-1</post_id>
<post_url>http://hihi2.com/2016/08/30/p715025.html</post_url>
<post_date>20160829</post_date>
<post_time>2114</post_time>
<username></username>
<post>
كتب في 2016/08/30 - 12:14 ص - في قسم [ أخبار مانشستر يونايتد ] مانشستر يونايتد يرفض رحيل لاعبه 

هاي كورة – وفقاً للتقارير الواردة من بريطانيا فان نادي مانشستر يونايتد الانجليزي لن يوافق على رحيل اللاعب الارجنتيني ماركو روخو خلال فترة الانتقالات الصيفية الحالية. 
ويوجد العديد من الاندية الاوروبية والتي تطمح في الحصول على خدمات الدولي الأرجنتيني خلال فترة الانتقالات الصيفية الحالية. 
وقد شارك اللاعب في 53 مباراة رفقة مانشستر يونايتد تحت قيادة الهولندي لويس فان جال.
</post>
<signature>

</signature>
<external_links>

</external_links>
<country>FR</country>
<main_image>http://hihi2.com/wp-content/uploads/2016/08/hihi2_2016-08-29_21-08-16-200x150.jpg</main_image>
</document>
