<?xml version="1.0" encoding="UTF-8"?>
<document>
<type>mainstream</type>
<forum>http://audioboom.com/boos/everyone.rss</forum>
<forum_title>audioBoom</forum_title>
<discussion_title>[Agenda] ICP presentará mañana libro &apos;San Juan Gay: Conquista de un espacio urbano 1948-1991&apos;.</discussion_title>
<language>spanish</language>
<gmt_offset></gmt_offset>
<topic_url>https://audioboom.com/boos/4988271-agenda-icp-presentara-manana-libro-san-juan-gay-conquista-de-un-espacio-urbano-1948-1991</topic_url>
<topic_text>
&lt;iframe width=&quot;100%&quot; height=&quot;300&quot; style=&quot;background-color:transparent; display:block; max-width: 700px;&quot; frameborder=&quot;0&quot; allowtransparency=&quot;allowtransparency&quot; scrolling=&quot;no&quot; src=&quot;//embeds.audioboom.com/boos/4988271-agenda-icp-presentara-manana-libro-san-juan-gay-conquista-de-un-espacio-urbano-1948-1991/embed/v4?eid=AQAAAH-2xFdvHUwA&quot; title=&quot;audioBoom player&quot;&gt;&lt;/iframe&gt; Share on Facebook twitter 
El Instituto de Cultura Puertorriqueña presentará el libro, &quot;San Juan Gay: Conquista de un espacio urbano de 1948 a 1991&quot;, del historiador Javier Laureano. La actividad se llevará a cabo en el Museo de Historia de San Juan, mañana martes a las siete de la noche.
</topic_text>
<spam_score>0.00</spam_score>
<post_num>1</post_num>
<post_id>post-1</post_id>
<post_url>https://audioboom.com/boos/4988271-agenda-icp-presentara-manana-libro-san-juan-gay-conquista-de-un-espacio-urbano-1948-1991</post_url>
<post_date>20160829</post_date>
<post_time>2130</post_time>
<username>hoyenlasnoticias</username>
<post>
&lt;iframe width=&quot;100%&quot; height=&quot;300&quot; style=&quot;background-color:transparent; display:block; max-width: 700px;&quot; frameborder=&quot;0&quot; allowtransparency=&quot;allowtransparency&quot; scrolling=&quot;no&quot; src=&quot;//embeds.audioboom.com/boos/4988271-agenda-icp-presentara-manana-libro-san-juan-gay-conquista-de-un-espacio-urbano-1948-1991/embed/v4?eid=AQAAAH-2xFdvHUwA&quot; title=&quot;audioBoom player&quot;&gt;&lt;/iframe&gt; Share on Facebook twitter 
El Instituto de Cultura Puertorriqueña presentará el libro, &quot;San Juan Gay: Conquista de un espacio urbano de 1948 a 1991&quot;, del historiador Javier Laureano. La actividad se llevará a cabo en el Museo de Historia de San Juan, mañana martes a las siete de la noche.
</post>
<signature>

</signature>
<external_links>

</external_links>
<country>GB</country>
<main_image>https://d15mj6e6qmt1na.cloudfront.net/files/images/2398/9432/gay_flag.jpg</main_image>
</document>
