<?xml version="1.0" encoding="UTF-8"?>
<document>
<type>mainstream</type>
<forum>http://www.vetogate.com/list/115/Assiut</forum>
<forum_title>بوابة فيتو | أسيوط </forum_title>
<discussion_title>النيابة تكشف لغز العثور على جثة شاب في بولاق الدكرور</discussion_title>
<language>arabic</language>
<gmt_offset></gmt_offset>
<topic_url>http://www.vetogate.com/2342995</topic_url>
<topic_text>
كشفت تحقيقات نيابة حوادث جنوب الجيزة، في واقعة العثور على جثة شاب داخل غرفة نومه ببولاق الدكرور، أن المتوفى انتحر عقب إطلاق الرصاص على نفسه من فرد خرطوش.
وتبين من التحقيقات التي باشرها عبد الرحمن أشرف وكيل أول نيابة جنوب الجيزة الكلية أن المتوفى أقدم على الانتحار بعد مروره بأزمة نفسية، فاستل سكينًا محاولا ذبح نفسه، إلا أنه فشل بعدما أحدث جروحًا قطعية بالرقبة، فأطلق النيران على رقبته ولقي مصرعه في الحال.
وأمرت النيابة بانتداب الطب الشرعي لتشريح جثة المتوفى لبيان سبب الوفاة، وطلبت أسرته لسماع أقوالهم.
كانت الأجهزة الأمنية بالجيزة عثرت على جثة شاب داخل غرفة نومه في منزله ببولاق الدكرور.
تلقى اللواء هشام العراقي مدير أمن الجيزة، إخطار بعثور الأهالي على جثة شاب في العقد الثالث من العمر، مذبوح داخل غرفة نومه بالشقة التي يقيم فيها بمفرده، بالفحص تبين أن جثة المجني عليه بها عدة طعنات بالرقبة.
وأمر مساعد وزير الداخلية لأمن الجيزة بتشكيل فريق بحث جنائي لكشف ملابسات الواقعة وضبط المتهم، تم تحرير محضر بالواقعة، وإحالته إلى النيابة لمباشرة التحقيق. نسخة للطباعة
</topic_text>
<spam_score>0.20</spam_score>
<post_num>1</post_num>
<post_id>post-1</post_id>
<post_url>http://www.vetogate.com/2342995</post_url>
<post_date>20160830</post_date>
<post_time>1248</post_time>
<username>vetogate.com</username>
<post>
كشفت تحقيقات نيابة حوادث جنوب الجيزة، في واقعة العثور على جثة شاب داخل غرفة نومه ببولاق الدكرور، أن المتوفى انتحر عقب إطلاق الرصاص على نفسه من فرد خرطوش.
وتبين من التحقيقات التي باشرها عبد الرحمن أشرف وكيل أول نيابة جنوب الجيزة الكلية أن المتوفى أقدم على الانتحار بعد مروره بأزمة نفسية، فاستل سكينًا محاولا ذبح نفسه، إلا أنه فشل بعدما أحدث جروحًا قطعية بالرقبة، فأطلق النيران على رقبته ولقي مصرعه في الحال.
وأمرت النيابة بانتداب الطب الشرعي لتشريح جثة المتوفى لبيان سبب الوفاة، وطلبت أسرته لسماع أقوالهم.
كانت الأجهزة الأمنية بالجيزة عثرت على جثة شاب داخل غرفة نومه في منزله ببولاق الدكرور.
تلقى اللواء هشام العراقي مدير أمن الجيزة، إخطار بعثور الأهالي على جثة شاب في العقد الثالث من العمر، مذبوح داخل غرفة نومه بالشقة التي يقيم فيها بمفرده، بالفحص تبين أن جثة المجني عليه بها عدة طعنات بالرقبة.
وأمر مساعد وزير الداخلية لأمن الجيزة بتشكيل فريق بحث جنائي لكشف ملابسات الواقعة وضبط المتهم، تم تحرير محضر بالواقعة، وإحالته إلى النيابة لمباشرة التحقيق. نسخة للطباعة
</post>
<signature>

</signature>
<external_links>

</external_links>
<country>US</country>
<main_image>http://www.vetogate.com/upload/photo/news/234/2/500x500o/995.jpg</main_image>
</document>
