<?xml version="1.0" encoding="UTF-8"?>
<document>
<type>mainstream</type>
<forum>http://stackoverflow.com/feeds</forum>
<forum_title>Recent Questions - Stack Overflow</forum_title>
<discussion_title>Calling a function returning a String within the main method</discussion_title>
<language>english</language>
<gmt_offset></gmt_offset>
<topic_url>http://stackoverflow.com/questions/39216352/calling-a-function-returning-a-string-within-the-main-method</topic_url>
<topic_text>
up vote 0 down vote favorite 
I am new to C++ and am writing a simple program to test out working with strings. I have defined a separate function that returns a string and want to call it within the main method. The same code works within the main method but I need to define it as a separate function. 
My code is below: 7 #include &lt;cstdlib&gt; 8 #include &lt;iostream&gt; 9 #include &lt;string&gt; 10 11 using namespace std; 12 13 // function declaration 14 string hi(); 15 16 int main(int argc, char** argv) { 17 // call method 18 string hi; 19 hi = hi(); 20 cout &lt;&lt; hi &lt;&lt; endl; 21 } 22 23 string hi() { 24 //simple string function 25 return &quot;Hello World&quot;; 26 } 
And below is the error returned to the console when I try to compile with g++: test.cpp: In function ‘int main(int, char**)’: test.cpp:19:13: error: no match for call to ‘(std::__cxx11::string {aka std::__cxx11::basic_string&lt;char&gt;}) ()’ hi = hi(); ^
</topic_text>
<spam_score>0.00</spam_score>
<post_num>1</post_num>
<post_id>post-1</post_id>
<post_url>http://stackoverflow.com/questions/39216352/calling-a-function-returning-a-string-within-the-main-method</post_url>
<post_date>20160829</post_date>
<post_time>2252</post_time>
<username>Jason Drain</username>
<post>
up vote 0 down vote favorite 
I am new to C++ and am writing a simple program to test out working with strings. I have defined a separate function that returns a string and want to call it within the main method. The same code works within the main method but I need to define it as a separate function. 
My code is below: 7 #include &lt;cstdlib&gt; 8 #include &lt;iostream&gt; 9 #include &lt;string&gt; 10 11 using namespace std; 12 13 // function declaration 14 string hi(); 15 16 int main(int argc, char** argv) { 17 // call method 18 string hi; 19 hi = hi(); 20 cout &lt;&lt; hi &lt;&lt; endl; 21 } 22 23 string hi() { 24 //simple string function 25 return &quot;Hello World&quot;; 26 } 
And below is the error returned to the console when I try to compile with g++: test.cpp: In function ‘int main(int, char**)’: test.cpp:19:13: error: no match for call to ‘(std::__cxx11::string {aka std::__cxx11::basic_string&lt;char&gt;}) ()’ hi = hi(); ^
</post>
<signature>

</signature>
<external_links>

</external_links>
<country>US</country>
<main_image>http://cdn.sstatic.net/Sites/stackoverflow/img/apple-touch-icon@2.png?v=73d79a89bded&amp;a</main_image>
</document>
