<?xml version="1.0" encoding="UTF-8"?>
<document>
<type>mainstream</type>
<forum>http://elgraficotam.com.mx/feed/</forum>
<forum_title>El Gráfico de Tamaulipas</forum_title>
<discussion_title>A la baja circulación de billetes falsos</discussion_title>
<language>spanish</language>
<gmt_offset></gmt_offset>
<topic_url>http://elgraficotam.com.mx/2016/08/29/a-la-baja-circulacion-de-billetes-falsos/</topic_url>
<topic_text>
Home › Finanzas › A la baja circulación de billetes falsos De enero a junio de este año han sido decomisados 151 mil 740 billetes falsos. A la baja circulación de billetes falsos 


A la fecha se han sido decomisados 151 mil 740 billetes falsos, lo que significa una tendencia a la baja de circulación de 3%. 
Agencias. 
México.- De enero a junio de este año han sido decomisados 151 mil 740 billetes falsos, lo que significa una tendencia a la baja de circulación de 3% en comparación con el mismo periodo de 2015, informó Alejandro Alegre Ramírez, director general de emisión del Banco de México, en conferencia de medios en la Procuraduría General de la República. 
“La circulación de billetes falsos se ha disminuido este año si consideramos las piezas falsas dictaminadas por cada millón de billetes auténticos en circulación. En 2016, la cifra es de 63.2 piezas falsas por cada millón de billetes auténticos en circulación, mientras que en el mismo periodo del año anterior fueron 69 piezas falsas por cada millón de billetes auténticos”, puntualizó. 
De la denominación de 50 pesos, están relacionadas con una falsificación identificada por las autoridades federales desde enero de 2016; esta falsificación representa aproximadamente el 30% de la falsificación de la denominación de 50 pesos que principalmente ha circulado en la Ciudad de México y el Estado de México, agregó. 
Se dio a conocer que como resultado del trabajo de inteligencia de la Policía Federal, y del intercambio de información con el Banco de México, Fuerzas federales de la División de Seguridad Regional detuvieron en la delegación Venustiano Carranza a Francisco Gabriel Zetina Vargas, acusado de falsificación de moneda en la modalidad de producción, en la Ciudad de México.
</topic_text>
<spam_score>0.00</spam_score>
<post_num>1</post_num>
<post_id>post-1</post_id>
<post_url>http://elgraficotam.com.mx/2016/08/29/a-la-baja-circulacion-de-billetes-falsos/</post_url>
<post_date>20160829</post_date>
<post_time>1507</post_time>
<username>Gilda Garza</username>
<post>
Home › Finanzas › A la baja circulación de billetes falsos De enero a junio de este año han sido decomisados 151 mil 740 billetes falsos. A la baja circulación de billetes falsos 


A la fecha se han sido decomisados 151 mil 740 billetes falsos, lo que significa una tendencia a la baja de circulación de 3%. 
Agencias. 
México.- De enero a junio de este año han sido decomisados 151 mil 740 billetes falsos, lo que significa una tendencia a la baja de circulación de 3% en comparación con el mismo periodo de 2015, informó Alejandro Alegre Ramírez, director general de emisión del Banco de México, en conferencia de medios en la Procuraduría General de la República. 
“La circulación de billetes falsos se ha disminuido este año si consideramos las piezas falsas dictaminadas por cada millón de billetes auténticos en circulación. En 2016, la cifra es de 63.2 piezas falsas por cada millón de billetes auténticos en circulación, mientras que en el mismo periodo del año anterior fueron 69 piezas falsas por cada millón de billetes auténticos”, puntualizó. 
De la denominación de 50 pesos, están relacionadas con una falsificación identificada por las autoridades federales desde enero de 2016; esta falsificación representa aproximadamente el 30% de la falsificación de la denominación de 50 pesos que principalmente ha circulado en la Ciudad de México y el Estado de México, agregó. 
Se dio a conocer que como resultado del trabajo de inteligencia de la Policía Federal, y del intercambio de información con el Banco de México, Fuerzas federales de la División de Seguridad Regional detuvieron en la delegación Venustiano Carranza a Francisco Gabriel Zetina Vargas, acusado de falsificación de moneda en la modalidad de producción, en la Ciudad de México.
</post>
<signature>

</signature>
<external_links>

</external_links>
<country>MX</country>
<main_image>http://elgraficotam.com.mx/wp-content/uploads/2016/08/1-23-620x330.jpg</main_image>
</document>
