<?xml version="1.0" encoding="UTF-8"?>
<document>
<type>mainstream</type>
<forum>http://oncevatan.com.tr//rss.php</forum>
<forum_title>Önce Vatan | Günlük Ulusal Gazete</forum_title>
<discussion_title>Üçüncü köprü çevresine değer kattı</discussion_title>
<language>turkish</language>
<gmt_offset></gmt_offset>
<topic_url>http://www.oncevatan.com.tr/ekonomi/ucuncu-kopru-cevresine-deger-katti-h98316.html</topic_url>
<topic_text>
A Milli Takım aday kadrosundan... Üçüncü köprü çevresine değer kattı İstanbul Boğazı&apos;na inşa edilen &quot;dünyanın en geniş köprüsü&quot; Yavuz Sultan Selim Köprüsü ve Kuzey Marmara Otoyolu ile üçüncü havalimanı gibi büyük projeler, çevresindeki yerleşim yerlerine değer katıyor. 29 Ağustos 2016 Pazartesi 13:40 Bu haber 144 kez okundu Yavuz Sultan Selim Köprüsü ve Kuzey Marmara Otoyol u ile İstanbul Yeni Havaliman ı gibi büyük projeler, çevresinde zaten varolan yerleşim birimlerine değer katıyor. Eyüp, Çatalca, Arnavutköy, Sarıyer, Beykoz ve Çekmeköy&apos;de yerleşim yerlerinde konu t ve arsal arın değeri projelerin başlangıcından bu yana 3-4 kat yükselirken, Sancaktepe gibi bölgelerde de konut stokunun kalitesinde yaşanan artış dikkati çekiyor. TSKB Gayrimenkul Değerleme Genel Müdürü Makbule Yönel Maya, AA muhabirine yaptığı açıklamada, köprü inşaatının başlaması, hatta güzergahının açıklanması ile birlikte Avrupa yakasında Halkalı-Başakşehir-Arnavutköy-Kayabaşı aksı ile Zekeriyaköy&apos;de, Anadolu yakasında ise özellikle Beykoz, Çekmeköy ve Sancaktepe bölgelerinde konut piyasasında hareketlilik yaşandığını ifade etti. Maya, üçüncü köprüyü de içerisinde bulunduran Kuzey Marmara Otoyolu ile bağlantı yollarına yakın çevredeki arsa ve tarla fiyatlarının özellikle Eyüp, Çatalca, Arnavutköy, Sarıyer, Beykoz ve Çekmeköy&apos;de değerlendiğini belirterek, &quot;Arnavutköy ve Çatalca için bu artışta İstanbul Yeni Havalimanı&apos;nın etkisinin bulunduğuna da dikkat etmek gerek.&quot; dedi. Üçüncü köprünün en çok değer artışı sağladığı bölgelerin Arnavutköy Karaburun, Beykoz Riva, Sarıyer Uskumruköy ve Çekmeköy Nişantepe olduğunu vurgulayan Maya, söz konusu bölgelerde yaklaşık 3-4 kata varan artışlar yaşandığını bildirdi. &quot;Köprü sonrası konut projelerine hız verildi&quot; Makbule Yönel Maya, Kuzey Marmara Otoyolu güzergahı üzerinde ve bağlantı yollarının yakınlarındaki konut projelerine değinirken de özellikle Sancaktepe&apos;nin kentsel dönüşüm ve yeni konut projeleri ile dikkati çektiğini söyledi. Birçoğu inşaat aşamasında olmak üzere planlama aşamasındaki projeler de dikkate alındığında 4 bin yeni konut stokunun 2018&apos;e kadar ilçeye kazandırılacağını ifade eden Maya, Sancaktepe&apos;yi takip eden Çekmeköy ilçesinde ise bu sayının yaklaşık 930 civarında olduğunu bildirdi. Maya, Çekmeköy&apos;deki konut projelerinde bu yıl teslim edilmesi planlananlar da bulunduğunu belirterek, &quot;Anadolu yakasında üçüncü köprü bağlantı yollarına yakın bölgelere bakıldığında, Sultanbeyli&apos;de de yaklaşık 650 konutluk yeni stokta 2017 başına kadar hayatın başlaması planlanıyor.&quot; ifadesini kullandı. Avrupa yakasında Kuzey Marmara Otoyolu ve bağlantı yollarının yakın noktalarına bakıldığında Sarıyer&apos;de yaklaşık 300 yeni konut stokuyla Zekeriyaköy ve Uskumruköy bölgelerinin dikkati çektiğini belirten Maya, &quot;Köprü çevresinde yeni imara açılacak alan olmayacağını düşündüğümüzde, mevcut imara sahip ve özelikle köprü çıkış ve bağlantı yollarına yakın konut alanlarında yeni projelere bu süreçte hız verildiğini, gayrimenkul geliştiricilerinin bu bölgelerde yeni projeler için önemli adımlar attıklarını görüyoruz.&quot; diye konuştu. Maya, konut fiyatlarında köprü dolayısıyla artış yaşandığına işaret ederek, Göktürk, Zekeriyaköy, Başakşehir, Çekmeköy, Sancaktepe ve Beykoz bölgelerinde üçüncü köprüye bağlı konut fiyat artışı yaşandığını, ancak bu yükselişin arsalardaki oranlar kadar olmadığını bildirdi. Bu tarz mega projelerde 2 farklı dönemde artış yaşandığının görüldüğünü aktaran Maya, ilkinin projenin ilan edilip inşasının başladığı dönem, ikincisinin ise projenin bitirilip hayata geçirildiği dönem olduğunu söyledi. Bu arada, Ulaştırma, Denizcilik ve Haberleşme Bakanı Ahmet Arslan, geçen hafta yaptığı açıklamada, üçüncü köprü güzergahında yeni imar alanı oluşturulmasının söz konusu olmadığını bildirmişti. Kuzey Marmara Otoyolu Projesi kapsamında inşa edilen Yavuz Sultan Selim Köprüsü, 148 kilometre uzunluğundaki Odayeri-Paşaköy kesimi üzerinde yer alıyor. Temeli 29 Mayıs 2013&apos;te atılan ve &quot;dünyanın en geniş köprüsü&quot; unvanını kazanan eser, Cumhurbaşkanı Recep Tayyip Erdoğan, TBMM Başkanı İsmail Kahraman, Başbakan Binali Yıldırım ve farklı ülkelerden liderlerin katılımıyla 26 Ağustos Cuma günü açılmıştı. AA
</topic_text>
<spam_score>0.00</spam_score>
<post_num>1</post_num>
<post_id>post-1</post_id>
<post_url>http://www.oncevatan.com.tr/ekonomi/ucuncu-kopru-cevresine-deger-katti-h98316.html</post_url>
<post_date>20160829</post_date>
<post_time>1140</post_time>
<username></username>
<post>
A Milli Takım aday kadrosundan... Üçüncü köprü çevresine değer kattı İstanbul Boğazı&apos;na inşa edilen &quot;dünyanın en geniş köprüsü&quot; Yavuz Sultan Selim Köprüsü ve Kuzey Marmara Otoyolu ile üçüncü havalimanı gibi büyük projeler, çevresindeki yerleşim yerlerine değer katıyor. 29 Ağustos 2016 Pazartesi 13:40 Bu haber 144 kez okundu Yavuz Sultan Selim Köprüsü ve Kuzey Marmara Otoyol u ile İstanbul Yeni Havaliman ı gibi büyük projeler, çevresinde zaten varolan yerleşim birimlerine değer katıyor. Eyüp, Çatalca, Arnavutköy, Sarıyer, Beykoz ve Çekmeköy&apos;de yerleşim yerlerinde konu t ve arsal arın değeri projelerin başlangıcından bu yana 3-4 kat yükselirken, Sancaktepe gibi bölgelerde de konut stokunun kalitesinde yaşanan artış dikkati çekiyor. TSKB Gayrimenkul Değerleme Genel Müdürü Makbule Yönel Maya, AA muhabirine yaptığı açıklamada, köprü inşaatının başlaması, hatta güzergahının açıklanması ile birlikte Avrupa yakasında Halkalı-Başakşehir-Arnavutköy-Kayabaşı aksı ile Zekeriyaköy&apos;de, Anadolu yakasında ise özellikle Beykoz, Çekmeköy ve Sancaktepe bölgelerinde konut piyasasında hareketlilik yaşandığını ifade etti. Maya, üçüncü köprüyü de içerisinde bulunduran Kuzey Marmara Otoyolu ile bağlantı yollarına yakın çevredeki arsa ve tarla fiyatlarının özellikle Eyüp, Çatalca, Arnavutköy, Sarıyer, Beykoz ve Çekmeköy&apos;de değerlendiğini belirterek, &quot;Arnavutköy ve Çatalca için bu artışta İstanbul Yeni Havalimanı&apos;nın etkisinin bulunduğuna da dikkat etmek gerek.&quot; dedi. Üçüncü köprünün en çok değer artışı sağladığı bölgelerin Arnavutköy Karaburun, Beykoz Riva, Sarıyer Uskumruköy ve Çekmeköy Nişantepe olduğunu vurgulayan Maya, söz konusu bölgelerde yaklaşık 3-4 kata varan artışlar yaşandığını bildirdi. &quot;Köprü sonrası konut projelerine hız verildi&quot; Makbule Yönel Maya, Kuzey Marmara Otoyolu güzergahı üzerinde ve bağlantı yollarının yakınlarındaki konut projelerine değinirken de özellikle Sancaktepe&apos;nin kentsel dönüşüm ve yeni konut projeleri ile dikkati çektiğini söyledi. Birçoğu inşaat aşamasında olmak üzere planlama aşamasındaki projeler de dikkate alındığında 4 bin yeni konut stokunun 2018&apos;e kadar ilçeye kazandırılacağını ifade eden Maya, Sancaktepe&apos;yi takip eden Çekmeköy ilçesinde ise bu sayının yaklaşık 930 civarında olduğunu bildirdi. Maya, Çekmeköy&apos;deki konut projelerinde bu yıl teslim edilmesi planlananlar da bulunduğunu belirterek, &quot;Anadolu yakasında üçüncü köprü bağlantı yollarına yakın bölgelere bakıldığında, Sultanbeyli&apos;de de yaklaşık 650 konutluk yeni stokta 2017 başına kadar hayatın başlaması planlanıyor.&quot; ifadesini kullandı. Avrupa yakasında Kuzey Marmara Otoyolu ve bağlantı yollarının yakın noktalarına bakıldığında Sarıyer&apos;de yaklaşık 300 yeni konut stokuyla Zekeriyaköy ve Uskumruköy bölgelerinin dikkati çektiğini belirten Maya, &quot;Köprü çevresinde yeni imara açılacak alan olmayacağını düşündüğümüzde, mevcut imara sahip ve özelikle köprü çıkış ve bağlantı yollarına yakın konut alanlarında yeni projelere bu süreçte hız verildiğini, gayrimenkul geliştiricilerinin bu bölgelerde yeni projeler için önemli adımlar attıklarını görüyoruz.&quot; diye konuştu. Maya, konut fiyatlarında köprü dolayısıyla artış yaşandığına işaret ederek, Göktürk, Zekeriyaköy, Başakşehir, Çekmeköy, Sancaktepe ve Beykoz bölgelerinde üçüncü köprüye bağlı konut fiyat artışı yaşandığını, ancak bu yükselişin arsalardaki oranlar kadar olmadığını bildirdi. Bu tarz mega projelerde 2 farklı dönemde artış yaşandığının görüldüğünü aktaran Maya, ilkinin projenin ilan edilip inşasının başladığı dönem, ikincisinin ise projenin bitirilip hayata geçirildiği dönem olduğunu söyledi. Bu arada, Ulaştırma, Denizcilik ve Haberleşme Bakanı Ahmet Arslan, geçen hafta yaptığı açıklamada, üçüncü köprü güzergahında yeni imar alanı oluşturulmasının söz konusu olmadığını bildirmişti. Kuzey Marmara Otoyolu Projesi kapsamında inşa edilen Yavuz Sultan Selim Köprüsü, 148 kilometre uzunluğundaki Odayeri-Paşaköy kesimi üzerinde yer alıyor. Temeli 29 Mayıs 2013&apos;te atılan ve &quot;dünyanın en geniş köprüsü&quot; unvanını kazanan eser, Cumhurbaşkanı Recep Tayyip Erdoğan, TBMM Başkanı İsmail Kahraman, Başbakan Binali Yıldırım ve farklı ülkelerden liderlerin katılımıyla 26 Ağustos Cuma günü açılmıştı. AA
</post>
<signature>

</signature>
<external_links>

</external_links>
<country>TR</country>
<main_image>http://www.oncevatan.com.tr/images/haberler/ucuncu_kopru_cevresine_deger_katti_h98316.jpg</main_image>
</document>
