<?xml version="1.0" encoding="UTF-8"?>
<document>
<type>mainstream</type>
<forum>http://stackoverflow.com/feeds</forum>
<forum_title>Recent Questions - Stack Overflow</forum_title>
<discussion_title>Counting files with metadata in a GridFS</discussion_title>
<language>english</language>
<gmt_offset></gmt_offset>
<topic_url>http://stackoverflow.com/questions/39216344/counting-files-with-metadata-in-a-gridfs</topic_url>
<topic_text>
up vote 0 down vote favorite 
I&apos;ve been trying to implement a feature into a website that displays the number of unread files in a GridFS. Each file, when stored, is defined with the metadata completed: &quot;false&quot; . In the following helper function, I try to find the number of files that are still labeled with this data. incomplete_diagnostics_count: function() { return Diagnostics.find({metadata: {completed: &quot;false&quot;}}).count(); }, 
As of now, this code doesn&apos;t work. How would I go about fixing this?
</topic_text>
<spam_score>0.00</spam_score>
<post_num>1</post_num>
<post_id>post-1</post_id>
<post_url>http://stackoverflow.com/questions/39216344/counting-files-with-metadata-in-a-gridfs</post_url>
<post_date>20160829</post_date>
<post_time>2251</post_time>
<username>david3de</username>
<post>
up vote 0 down vote favorite 
I&apos;ve been trying to implement a feature into a website that displays the number of unread files in a GridFS. Each file, when stored, is defined with the metadata completed: &quot;false&quot; . In the following helper function, I try to find the number of files that are still labeled with this data. incomplete_diagnostics_count: function() { return Diagnostics.find({metadata: {completed: &quot;false&quot;}}).count(); }, 
As of now, this code doesn&apos;t work. How would I go about fixing this?
</post>
<signature>

</signature>
<external_links>

</external_links>
<country>US</country>
<main_image>http://cdn.sstatic.net/Sites/stackoverflow/img/apple-touch-icon@2.png?v=73d79a89bded&amp;a</main_image>
</document>
