<?xml version="1.0" encoding="UTF-8"?>
<document>
<type>mainstream</type>
<forum>http://audioboom.com/boos/everyone.rss</forum>
<forum_title>audioBoom</forum_title>
<discussion_title>The Chris Mannix Show - Chris opens the show talking Colin Kaepernick</discussion_title>
<language>english</language>
<gmt_offset></gmt_offset>
<topic_url>https://audioboom.com/boos/4988214-the-chris-mannix-show-chris-opens-the-show-talking-colin-kaepernick</topic_url>
<topic_text>
&lt;iframe width=&quot;100%&quot; height=&quot;300&quot; style=&quot;background-color:transparent; display:block; max-width: 700px;&quot; frameborder=&quot;0&quot; allowtransparency=&quot;allowtransparency&quot; scrolling=&quot;no&quot; src=&quot;//embeds.audioboom.com/boos/4988214-the-chris-mannix-show-chris-opens-the-show-talking-colin-kaepernick/embed/v4?eid=AQAAAFu3xFc2HUwA&quot; title=&quot;audioBoom player&quot;&gt;&lt;/iframe&gt; Share on
</topic_text>
<spam_score>0.00</spam_score>
<post_num>1</post_num>
<post_id>post-1</post_id>
<post_url>https://audioboom.com/boos/4988214-the-chris-mannix-show-chris-opens-the-show-talking-colin-kaepernick</post_url>
<post_date>20160829</post_date>
<post_time>2115</post_time>
<username>The Chris Mannix Show</username>
<post>
&lt;iframe width=&quot;100%&quot; height=&quot;300&quot; style=&quot;background-color:transparent; display:block; max-width: 700px;&quot; frameborder=&quot;0&quot; allowtransparency=&quot;allowtransparency&quot; scrolling=&quot;no&quot; src=&quot;//embeds.audioboom.com/boos/4988214-the-chris-mannix-show-chris-opens-the-show-talking-colin-kaepernick/embed/v4?eid=AQAAAFu3xFc2HUwA&quot; title=&quot;audioBoom player&quot;&gt;&lt;/iframe&gt; Share on
</post>
<signature>

</signature>
<external_links>

</external_links>
<country>GB</country>
<main_image>https://d15mj6e6qmt1na.cloudfront.net/files/images/2242/2335/Mannix-iTunes-Thumb.jpg</main_image>
</document>
