<?xml version="1.0" encoding="UTF-8"?>
<document>
<type>mainstream</type>
<forum>http://www.cinetivu.com/feed/</forum>
<forum_title>CineTivu</forum_title>
<discussion_title>Ascolti tv, classifica domenica 28 agosto 2016</discussion_title>
<language>italian</language>
<gmt_offset></gmt_offset>
<topic_url>http://www.cinetivu.com/share/ascolti-tv-classifica-domenica-28-agosto-2016/</topic_url>
<topic_text>
di Maris Matteucci 29 agosto 2016 Commenta E&apos; la fiction di Rai 1, Provaci Ancora Prof 5, a vincere la classifica degli ascolti tv di domenica 28 Agosto. Ecco i cinque programmi più seguiti della serata… 0 CONDIVISIONI 
E’ la fiction di Rai 1 , Provaci Ancora Prof 5 , a vincere la classifica degli ascolti tv di domenica 28 Agosto. In una serata in cui la concorrenza di certo non era spietata, la replica della fiction con Veronica Pivetti protagonista incolla alla tv circa due milioni di telespettatori facendo registrare uno share del 12% spaccato. La miniserie di Canale 5 , II delitto del lago , ottiene solo il terzo posto, preceduta da Rai 2 e il Gp di Formula 1 . Dopo il salto ecco la classifica dei cinque programmi più seguiti della serata con numero di telespettatori e percentuali di share raggiunte. 
1 | Provaci ancora Prof. 5 (Rai 1) – 2.107.000 spettatori – share 12.00% 
2 | GP F1 Belgio (Rai 2) – 1.747.000 spettatori – share 9.70% 
3| II delitto del lago (Canale 5) – 1.572.000 telespettatori – share 9.90% 
4 | Per qualche dollaro in più (Rai 3) – 1.270.000 milione di spettatori – share 7.30% 
5| Footloose (Italia 1) – 720mila spettatori – share 4.20%
</topic_text>
<spam_score>0.00</spam_score>
<post_num>1</post_num>
<post_id>post-1</post_id>
<post_url>http://www.cinetivu.com/share/ascolti-tv-classifica-domenica-28-agosto-2016/</post_url>
<post_date>20160829</post_date>
<post_time>0927</post_time>
<username>Maris Matteucci</username>
<post>
di Maris Matteucci 29 agosto 2016 Commenta E&apos; la fiction di Rai 1, Provaci Ancora Prof 5, a vincere la classifica degli ascolti tv di domenica 28 Agosto. Ecco i cinque programmi più seguiti della serata… 0 CONDIVISIONI 
E’ la fiction di Rai 1 , Provaci Ancora Prof 5 , a vincere la classifica degli ascolti tv di domenica 28 Agosto. In una serata in cui la concorrenza di certo non era spietata, la replica della fiction con Veronica Pivetti protagonista incolla alla tv circa due milioni di telespettatori facendo registrare uno share del 12% spaccato. La miniserie di Canale 5 , II delitto del lago , ottiene solo il terzo posto, preceduta da Rai 2 e il Gp di Formula 1 . Dopo il salto ecco la classifica dei cinque programmi più seguiti della serata con numero di telespettatori e percentuali di share raggiunte. 
1 | Provaci ancora Prof. 5 (Rai 1) – 2.107.000 spettatori – share 12.00% 
2 | GP F1 Belgio (Rai 2) – 1.747.000 spettatori – share 9.70% 
3| II delitto del lago (Canale 5) – 1.572.000 telespettatori – share 9.90% 
4 | Per qualche dollaro in più (Rai 3) – 1.270.000 milione di spettatori – share 7.30% 
5| Footloose (Italia 1) – 720mila spettatori – share 4.20%
</post>
<signature>

</signature>
<external_links>

</external_links>
<country>US</country>
<main_image>http://www.cinetivu.com/wp-content/uploads/2016/08/Provaci-Ancora-Prof-6.jpg</main_image>
</document>
