<?xml version="1.0" encoding="UTF-8"?>
<document>
<type>mainstream</type>
<forum></forum>
<forum_title></forum_title>
<discussion_title>Protestaron vecinos del Casco de Maturín | Actualidad Venezuela</discussion_title>
<language>spanish</language>
<gmt_offset></gmt_offset>
<topic_url>http://actualidadvenezuela.org/2016/08/29/protestaron-vecinos-del-casco-de-maturin/</topic_url>
<topic_text>
Protestaron vecinos del Casco de Maturín 29.08.16, 5:45 pm / Diario La Voz / 
Por segunda vez los manifestantes obstaculizaron el tránsito vehicular como presión a las autoridades del municipio para que llegue el beneficio 
El pasado Sábado vecinos del casco central de la comunidad de Maturín , municipio Brión del estado Miranda trancaron la carretera nacional , como protesta ante la ausencia de las bolsas de alimentación que nacieron como respuestas a la guerra económica que atraviesa el país. 
Por segunda vez los manifestantes obstaculizaron el tránsito vehicular como presión a las autoridades del municipio para que llegue el beneficio que se ha hecho invisible para los vecinos integrantes del Consejo Comunal Maturín Circuito 1. 
Ya se había hecho una TrancaDías atrás, los mismos habitantes realizaron una protesta como acción directa de ser tomados en cuenta para los operativos de alimentación que dirigen las autoridades. En esta oportunidad fueron atendidos por representantes del gobierno municipal según declaraciones de los manifestantes, los mismos se comprometieron a realizar el operativo este sábado y nuevamente se incumplió. 
Los vecinos hacen el llamado público a la alcaldesa del Municipio Liliana González, jefe de gobierno parroquial y demás autoridades a que se tome en cuenta a un pueblo que también necesita el beneficio. 
Carlos J. García M 
</topic_text>
<spam_score>0.75</spam_score>
<post_num>1</post_num>
<post_id>post-1</post_id>
<post_url>http://actualidadvenezuela.org/2016/08/29/protestaron-vecinos-del-casco-de-maturin/</post_url>
<post_date>20160829</post_date>
<post_time></post_time>
<username></username>
<post>
Protestaron vecinos del Casco de Maturín 29.08.16, 5:45 pm / Diario La Voz / 
Por segunda vez los manifestantes obstaculizaron el tránsito vehicular como presión a las autoridades del municipio para que llegue el beneficio 
El pasado Sábado vecinos del casco central de la comunidad de Maturín , municipio Brión del estado Miranda trancaron la carretera nacional , como protesta ante la ausencia de las bolsas de alimentación que nacieron como respuestas a la guerra económica que atraviesa el país. 
Por segunda vez los manifestantes obstaculizaron el tránsito vehicular como presión a las autoridades del municipio para que llegue el beneficio que se ha hecho invisible para los vecinos integrantes del Consejo Comunal Maturín Circuito 1. 
Ya se había hecho una TrancaDías atrás, los mismos habitantes realizaron una protesta como acción directa de ser tomados en cuenta para los operativos de alimentación que dirigen las autoridades. En esta oportunidad fueron atendidos por representantes del gobierno municipal según declaraciones de los manifestantes, los mismos se comprometieron a realizar el operativo este sábado y nuevamente se incumplió. 
Los vecinos hacen el llamado público a la alcaldesa del Municipio Liliana González, jefe de gobierno parroquial y demás autoridades a que se tome en cuenta a un pueblo que también necesita el beneficio. 
Carlos J. García M 
</post>
<signature>

</signature>
<external_links>

</external_links>
<country>DE</country>
<main_image>http://actualidadvenezuela.org/wp-content/uploads/2016/08/blank-248.jpg</main_image>
</document>
