<?xml version="1.0" encoding="UTF-8"?>
<document>
<type>mainstream</type>
<forum>http://www.rp-online.de/nrw/staedte/kaarst/feed.atom</forum>
<forum_title>Kaarst | RP ONLINE</forum_title>
<discussion_title>Kaarst - Lehrer wehrt sich gegen Urteilsspruch</discussion_title>
<language>german</language>
<gmt_offset></gmt_offset>
<topic_url>http://www.rp-online.de/nrw/staedte/kaarst/lehrer-wehrt-sich-gegen-urteilsspruch-aid-1.6223819</topic_url>
<topic_text>
Kaarst Lehrer wehrt sich gegen Urteilsspruch Phillip Parusel (l.) und sein Andreas Vorster nach der Verkündung des Urteils, gegen das sie nun Berufung eingelegt haben. NGZ-Foto: Woi FOTO: Strafverteidiger Phillip Parusel (l.) und sein Andreas Vorster nach der Verkündung des Urteils, gegen das sie nun Berufung eingelegt haben. NGZ-Foto: Woi FOTO: Strafverteidiger Kaarst. Der wegen Freiheitsberaubung verwarnte Phillip Parusel findet den Spruch des Amtsgerichts &quot;nicht nachvollziehbar&quot;. Von Susanne Niemöhlmann 
Das Schreiben ist raus. Gestern Nachmittag ist die Berufungsschrift im Verfahren des wegen Freiheitsberaubung und Körperverletzung angeklagten Kaarster Realschullehrers Phillip Parusel in die Post gegangen. Das bestätigten Parusel und sein Verteidiger, der Duisburger Anwalt Andreas Vorster. &quot;Mit der Quasi-Verurteilung wegen Freiheitsberaubung kann ich mich nicht zufriedengeben&quot;, sagte Parusel gestern auf Nachfrage unserer Redaktion, &quot;auch war die Urteilsbegründung des Richters an einigen Punkten für mich nicht nachvollziehbar, zumal nicht mit dem Schulrecht argumentiert wurde.&quot; 
Der Fall, der für bundesweites Aufsehen gesorgt hatte, war am vergangenen Mittwoch, 24. August, mit dem Urteilsspruch vor dem Neusser Amtsgericht vorläufig zu Ende gegangen. Richter Heiner Cöllen hatte zwar dem Vorwurf der Körperverletzung nicht stattgegeben, den Pädagogen allerdings wegen der Freiheitsberaubung verwarnt - mit der Auflage, an einer Fortbildungsmaßnahme zum richtigen Umgang mit schwierigen Schülern teilzunehmen. Doch offenbar wollen Parusel und sein Anwalt nun gegen den Spruch vorgehen. &quot;Das ,Strafmaß&apos; bewegt sich in einem fairen Rahmen&quot;, begründet Parusel das, &quot;aber dass es sich um ein Strafmaß handelt, stört mich ungeheuerlich.&quot; 
Anwalt Andreas Vorster hält das Urteil für &quot;extrem angreifbar: Das kann nicht so stehenbleiben&quot;, sagt der Jurist und weist auf die Signalwirkung hin: &quot;Das geht über den Einzelfall weit hinaus.&quot; Das führt auch Parusel an: &quot;Jeder Lehrer-Kollege ist nun absolut verunsichert, wie er mit dieser alltäglichen Situation umgehen soll, wenn Schüler den Unterricht verlassen wollen, bevor eine Aufgabe erledigt ist&quot;, schildert er, welche Folgen sich aus seiner Sicht aus dem Urteil ergeben. &quot;Ich muss ja auch damit rechnen, dass ein Schüler versuchen möchte, dieses Urteil gegen mich zu verwenden&quot;, führt er an. 
Parusel musste sich seit Anfang des Monats vor Gericht verantworten, weil gegen ihn eine Anzeige wegen Freiheitsberaubung und Körperverletzung vorlag. Im April 2015 hatte er den Schülern einer sechsten Klasse der Realschule an der Halestraße in der Musikstunde eine Strafarbeit aufgegeben, weil sie den Unterricht seiner Meinung nach nachhaltig gestört hatten. Der Lehrer hatte sich dann mit einer Gitarre vor die Tür gesetzt und die Schüler auch nach Ende der Unterrichtsstunde erst aus dem Klassenraum gehen lassen, wenn sie die fertige Strafarbeit vorlegen konnten. Daraufhin hatten Schüler per Handy die Polizei verständigt, die dann auch kurze Zeit später mit drei Einsatzkräften erschien. 
Nach dem Urteilsspruch am Mittwoch hatte sich Parusel vor allem erleichtert gezeigt, dass der Vorwurf der Körperverletzung - ein Schüler hatte angegeben, von ihm in den Magen geboxt worden zu sein - fallengelassen wurde. Quelle: NGZ Ihre Meinung zum Thema ist gefragt 
Schreiben Sie jetzt Ihre Meinung zu: Kaarst: Lehrer wehrt sich gegen Urteilsspruch 
Mich über weitere Kommentare per Mail benachrichtigen Kommentar senden Vielen Dank für Ihren Beitrag! Ihr Kommentar wird nun gesichtet. Im Anschluss erhalten Sie eine E-Mail von uns. Bitte beachten Sie, dass es bei einem großen Kommentaraufkommen zu längeren Wartezeiten kommen kann. Wir sichten die Kommentare werktags zwischen 09 und 22 Uhr. Samstags und sonntags sind wir in der Regel von 10 bis 18 Uhr für Sie da.
</topic_text>
<spam_score>0.00</spam_score>
<post_num>1</post_num>
<post_id>post-1</post_id>
<post_url>http://www.rp-online.de/nrw/staedte/kaarst/lehrer-wehrt-sich-gegen-urteilsspruch-aid-1.6223819</post_url>
<post_date>20160829</post_date>
<post_time>2200</post_time>
<username></username>
<post>
Kaarst Lehrer wehrt sich gegen Urteilsspruch Phillip Parusel (l.) und sein Andreas Vorster nach der Verkündung des Urteils, gegen das sie nun Berufung eingelegt haben. NGZ-Foto: Woi FOTO: Strafverteidiger Phillip Parusel (l.) und sein Andreas Vorster nach der Verkündung des Urteils, gegen das sie nun Berufung eingelegt haben. NGZ-Foto: Woi FOTO: Strafverteidiger Kaarst. Der wegen Freiheitsberaubung verwarnte Phillip Parusel findet den Spruch des Amtsgerichts &quot;nicht nachvollziehbar&quot;. Von Susanne Niemöhlmann 
Das Schreiben ist raus. Gestern Nachmittag ist die Berufungsschrift im Verfahren des wegen Freiheitsberaubung und Körperverletzung angeklagten Kaarster Realschullehrers Phillip Parusel in die Post gegangen. Das bestätigten Parusel und sein Verteidiger, der Duisburger Anwalt Andreas Vorster. &quot;Mit der Quasi-Verurteilung wegen Freiheitsberaubung kann ich mich nicht zufriedengeben&quot;, sagte Parusel gestern auf Nachfrage unserer Redaktion, &quot;auch war die Urteilsbegründung des Richters an einigen Punkten für mich nicht nachvollziehbar, zumal nicht mit dem Schulrecht argumentiert wurde.&quot; 
Der Fall, der für bundesweites Aufsehen gesorgt hatte, war am vergangenen Mittwoch, 24. August, mit dem Urteilsspruch vor dem Neusser Amtsgericht vorläufig zu Ende gegangen. Richter Heiner Cöllen hatte zwar dem Vorwurf der Körperverletzung nicht stattgegeben, den Pädagogen allerdings wegen der Freiheitsberaubung verwarnt - mit der Auflage, an einer Fortbildungsmaßnahme zum richtigen Umgang mit schwierigen Schülern teilzunehmen. Doch offenbar wollen Parusel und sein Anwalt nun gegen den Spruch vorgehen. &quot;Das ,Strafmaß&apos; bewegt sich in einem fairen Rahmen&quot;, begründet Parusel das, &quot;aber dass es sich um ein Strafmaß handelt, stört mich ungeheuerlich.&quot; 
Anwalt Andreas Vorster hält das Urteil für &quot;extrem angreifbar: Das kann nicht so stehenbleiben&quot;, sagt der Jurist und weist auf die Signalwirkung hin: &quot;Das geht über den Einzelfall weit hinaus.&quot; Das führt auch Parusel an: &quot;Jeder Lehrer-Kollege ist nun absolut verunsichert, wie er mit dieser alltäglichen Situation umgehen soll, wenn Schüler den Unterricht verlassen wollen, bevor eine Aufgabe erledigt ist&quot;, schildert er, welche Folgen sich aus seiner Sicht aus dem Urteil ergeben. &quot;Ich muss ja auch damit rechnen, dass ein Schüler versuchen möchte, dieses Urteil gegen mich zu verwenden&quot;, führt er an. 
Parusel musste sich seit Anfang des Monats vor Gericht verantworten, weil gegen ihn eine Anzeige wegen Freiheitsberaubung und Körperverletzung vorlag. Im April 2015 hatte er den Schülern einer sechsten Klasse der Realschule an der Halestraße in der Musikstunde eine Strafarbeit aufgegeben, weil sie den Unterricht seiner Meinung nach nachhaltig gestört hatten. Der Lehrer hatte sich dann mit einer Gitarre vor die Tür gesetzt und die Schüler auch nach Ende der Unterrichtsstunde erst aus dem Klassenraum gehen lassen, wenn sie die fertige Strafarbeit vorlegen konnten. Daraufhin hatten Schüler per Handy die Polizei verständigt, die dann auch kurze Zeit später mit drei Einsatzkräften erschien. 
Nach dem Urteilsspruch am Mittwoch hatte sich Parusel vor allem erleichtert gezeigt, dass der Vorwurf der Körperverletzung - ein Schüler hatte angegeben, von ihm in den Magen geboxt worden zu sein - fallengelassen wurde. Quelle: NGZ Ihre Meinung zum Thema ist gefragt 
Schreiben Sie jetzt Ihre Meinung zu: Kaarst: Lehrer wehrt sich gegen Urteilsspruch 
Mich über weitere Kommentare per Mail benachrichtigen Kommentar senden Vielen Dank für Ihren Beitrag! Ihr Kommentar wird nun gesichtet. Im Anschluss erhalten Sie eine E-Mail von uns. Bitte beachten Sie, dass es bei einem großen Kommentaraufkommen zu längeren Wartezeiten kommen kann. Wir sichten die Kommentare werktags zwischen 09 und 22 Uhr. Samstags und sonntags sind wir in der Regel von 10 bis 18 Uhr für Sie da.
</post>
<signature>

</signature>
<external_links>

</external_links>
<country>DE</country>
<main_image>http://bc02.rp-online.de/polopoly_fs/phillip-parusel-l-andreas-vorster-verkuendung-1.6223820.1472492585!httpImage/2175782371.jpg_gen/derivatives/d950x950/2175782371.jpg</main_image>
</document>
