<?xml version="1.0" encoding="UTF-8"?>
<document>
<type>mainstream</type>
<forum>http://www.allgemeine-zeitung.de/lokales/alzey/landkreis-alzey-worms/index.rss</forum>
<forum_title>Allgemeine Zeitung - Lokalnachrichten aus dem Landkreis Alzey-Worms</forum_title>
<discussion_title>Der Kreis sucht Pflegeeltern</discussion_title>
<language>german</language>
<gmt_offset></gmt_offset>
<topic_url>http://www.allgemeine-zeitung.de/lokales/alzey/landkreis-alzey-worms/der-kreis-sucht-pflegeeltern_17249968.htm</topic_url>
<topic_text>
Burkini-Ärger im Bad Kreuznacher Thermalbad: Gast verärgert über neue Kleiderordnung 
BAD KREUZNACH - Nun ist die Burkini-Debatte auch in Bad Kreuznach angekommen. Nach der Anfrage einer muslimischen Frau, ob sie das Thermalbad mit einem Burkini nutzen dürfe, wurde daraufhin die Kleiderordnung geändert: Das Tragen von Burkinis ist demnach in der Crucenia-Therme erlaubt. Das führt aber zu Unmut bei anderen Gästen. Ein Stammgast wandte sich mit einer Beschwerde an Oberbürgermeisterin Dr. Heike Kaster-Meurer.
</topic_text>
<spam_score>0.00</spam_score>
<post_num>1</post_num>
<post_id>post-1</post_id>
<post_url>http://www.allgemeine-zeitung.de/lokales/alzey/landkreis-alzey-worms/der-kreis-sucht-pflegeeltern_17249968.htm</post_url>
<post_date>20160829</post_date>
<post_time>2200</post_time>
<username></username>
<post>
Burkini-Ärger im Bad Kreuznacher Thermalbad: Gast verärgert über neue Kleiderordnung 
BAD KREUZNACH - Nun ist die Burkini-Debatte auch in Bad Kreuznach angekommen. Nach der Anfrage einer muslimischen Frau, ob sie das Thermalbad mit einem Burkini nutzen dürfe, wurde daraufhin die Kleiderordnung geändert: Das Tragen von Burkinis ist demnach in der Crucenia-Therme erlaubt. Das führt aber zu Unmut bei anderen Gästen. Ein Stammgast wandte sich mit einer Beschwerde an Oberbürgermeisterin Dr. Heike Kaster-Meurer.
</post>
<signature>

</signature>
<external_links>

</external_links>
<country>DE</country>
<main_image>http://www.allgemeine-zeitung.de/pics/edition/az/logo_facebook.jpg</main_image>
</document>
