<?xml version="1.0" encoding="UTF-8"?>
<document>
<type>mainstream</type>
<forum>http://lbpost.com/?format=feed&amp;type=atom</forum>
<forum_title>Long Beach Post | Long Beach, CA News, Life, Business, Sports, Food and LGBT Issues | LBPOST.com</forum_title>
<discussion_title>Two Men Injured, Vehicle Damaged During Three Separate Long Beach Shootings</discussion_title>
<language>english</language>
<gmt_offset></gmt_offset>
<topic_url>https://lbpost.com/news/crime/2000009490-two-men-injured-vehicle-damaged-during-three-separate-long-beach-shootings</topic_url>
<topic_text>
Two Men Injured, Vehicle Damaged During Three Separate Long Beach Shootings Details Comment 
Map created through mapcustomizer.com. 
Two men were injured and a vehicle was damaged during three separate gang-related shootings in Long Beach over the weekend, authorities said. All shootings occurred near MacArthur Park.   S P O N S O R 
First Shooting 
Officers were near Anaheim Street and Newport Avenue at about 12:30AM on Saturday, Aug. 28 when they heard gunshots being fired and a vehicle speeding from the area, according to Long Beach Police Department (LBPD) spokeswoman Nancy Pratt. 
Police then pulled the vehicle over and were told by the occupants that they were driving by a business when an unknown person began shooting at their vehicle, Pratt said. Officers were able to find evidence that the vehicle was struck by gunfire. None of the occupants were injured. 
Second Shooting 
At 1:10AM on Sunday, Aug. 29, officers responded to a local hospital where a shooting victim walked in, Pratt said. The man told officers he was near 15th Street and Walnut Avenue when he was approached by a male subject who attempted to rob him and then shot him, she added. 
The victim sustained a non-life threatening injury. Officers were not able to locate a crime scene. 
Third Shooting 
At 1:45AM, less than an hour after the second shooting and only a few blocks away, officers responded to a shots fired call near 15th Street and Gundry Avenue where they found a gunshot victim. The man was transported to a local hospital with a non-life threatening injury, Pratt said. 
“According to the preliminary investigation, a vehicle drove by and fired upon the victim,” she said. 
All three shootings are being investigated as possibly gang-related. 
Anyone with information regarding the incident is asked to contact the Gang Enforcement Section at 562. 570.7370. Anonymous tips may be submitted through “LA Crime Stoppers” by calling 1.800.222.TIPS (8477), downloading the “P3 Tips” app to your smart phone (available at the Apple App store and Google Play), or visiting www.lacrimestoppers.org .
</topic_text>
<spam_score>0.00</spam_score>
<post_num>1</post_num>
<post_id>post-1</post_id>
<post_url>https://lbpost.com/news/crime/2000009490-two-men-injured-vehicle-damaged-during-three-separate-long-beach-shootings</post_url>
<post_date>20160830</post_date>
<post_time>0020</post_time>
<username>Stephanie Rivera (stephanie@lbpost.com)</username>
<post>
Two Men Injured, Vehicle Damaged During Three Separate Long Beach Shootings Details Comment 
Map created through mapcustomizer.com. 
Two men were injured and a vehicle was damaged during three separate gang-related shootings in Long Beach over the weekend, authorities said. All shootings occurred near MacArthur Park.   S P O N S O R 
First Shooting 
Officers were near Anaheim Street and Newport Avenue at about 12:30AM on Saturday, Aug. 28 when they heard gunshots being fired and a vehicle speeding from the area, according to Long Beach Police Department (LBPD) spokeswoman Nancy Pratt. 
Police then pulled the vehicle over and were told by the occupants that they were driving by a business when an unknown person began shooting at their vehicle, Pratt said. Officers were able to find evidence that the vehicle was struck by gunfire. None of the occupants were injured. 
Second Shooting 
At 1:10AM on Sunday, Aug. 29, officers responded to a local hospital where a shooting victim walked in, Pratt said. The man told officers he was near 15th Street and Walnut Avenue when he was approached by a male subject who attempted to rob him and then shot him, she added. 
The victim sustained a non-life threatening injury. Officers were not able to locate a crime scene. 
Third Shooting 
At 1:45AM, less than an hour after the second shooting and only a few blocks away, officers responded to a shots fired call near 15th Street and Gundry Avenue where they found a gunshot victim. The man was transported to a local hospital with a non-life threatening injury, Pratt said. 
“According to the preliminary investigation, a vehicle drove by and fired upon the victim,” she said. 
All three shootings are being investigated as possibly gang-related. 
Anyone with information regarding the incident is asked to contact the Gang Enforcement Section at 562. 570.7370. Anonymous tips may be submitted through “LA Crime Stoppers” by calling 1.800.222.TIPS (8477), downloading the “P3 Tips” app to your smart phone (available at the Apple App store and Google Play), or visiting www.lacrimestoppers.org .
</post>
<signature>

</signature>
<external_links>

</external_links>
<country>US</country>
<main_image>https://lbpost.com/images/stephanie/aug._27_shootings.JPG</main_image>
</document>
