<?xml version="1.0" encoding="UTF-8"?>
<document>
<type>mainstream</type>
<forum>http://stackoverflow.com/feeds</forum>
<forum_title>Recent Questions - Stack Overflow</forum_title>
<discussion_title>JQuery: Equal Heights not working</discussion_title>
<language>english</language>
<gmt_offset></gmt_offset>
<topic_url>http://stackoverflow.com/questions/39216355/jquery-equal-heights-not-working</topic_url>
<topic_text>
I&apos;m trying to equalise the heights of some content in a div. When I load the page, it looks like this: 
I get this output in the console: Content loop no.0 177 Content loop no.1 177 Content loop no.2 177 DONE 
In the above output im logging the heights of each element when they loop. However, the second and third elements are 203px tall, not 177. When I resize my browser window, it corrects itself, and all works as expected. When I set breakpoints and step through the code, it works as expected. It only seems to happen when I refresh my browser??? 
I&apos;m trying to only equalise the heights if the column is NOT full width. 
Here is my code: var c, Cards = { //Settings settings: { row: $(&apos;.row&apos;), card: $(&apos;.card&apos;) }, //Initialising Function init: function() { c = this.settings; this.resizeCard(); }, resize: function() { c = this.settings; this.resizeCard(); }, resizeCard: function() { // Reset height $(&apos;.card-content&apos;).css(&apos;height&apos;,&apos;&apos;); // Iterate through each &quot;Row&quot; element c.row.each(function(i) { var rowWidth = c.row.width(), columns = $(this).find(&apos;.grid-column&apos;), cards = $(this).find(&apos;.card&apos;), contentHeight = 0; // If there&apos;s more than one card in this row... if(cards.length &gt; 1) { // Iterate through each column, check the width columns.each(function() { if(rowWidth &gt; $(this).outerWidth()) {// If the card is in a row of cards $(this).find(&apos;.card&apos;).addClass(&apos;equal-height&apos;); // Add the equal height class } }); } // Iterate through each content div under &quot;Equal Height&quot; cards $(this).find(&apos;.equal-height .card-content&apos;).each(function(i) { console.log(&quot;Content loop no.&quot; + i) if($(this).height() &gt; contentHeight) { contentHeight = $(this).height(); } console.log(contentHeight) }) // Set the final height of the content if(contentHeight &gt; 0) { console.log(&quot;DONE&quot;); $(this).find(&apos;.equal-height .card-content&apos;).css(&apos;height&apos;,contentHeight); } }); } }
</topic_text>
<spam_score>0.00</spam_score>
<post_num>1</post_num>
<post_id>post-1</post_id>
<post_url>http://stackoverflow.com/questions/39216355/jquery-equal-heights-not-working</post_url>
<post_date>20160829</post_date>
<post_time>2252</post_time>
<username>Dallby</username>
<post>
I&apos;m trying to equalise the heights of some content in a div. When I load the page, it looks like this: 
I get this output in the console: Content loop no.0 177 Content loop no.1 177 Content loop no.2 177 DONE 
In the above output im logging the heights of each element when they loop. However, the second and third elements are 203px tall, not 177. When I resize my browser window, it corrects itself, and all works as expected. When I set breakpoints and step through the code, it works as expected. It only seems to happen when I refresh my browser??? 
I&apos;m trying to only equalise the heights if the column is NOT full width. 
Here is my code: var c, Cards = { //Settings settings: { row: $(&apos;.row&apos;), card: $(&apos;.card&apos;) }, //Initialising Function init: function() { c = this.settings; this.resizeCard(); }, resize: function() { c = this.settings; this.resizeCard(); }, resizeCard: function() { // Reset height $(&apos;.card-content&apos;).css(&apos;height&apos;,&apos;&apos;); // Iterate through each &quot;Row&quot; element c.row.each(function(i) { var rowWidth = c.row.width(), columns = $(this).find(&apos;.grid-column&apos;), cards = $(this).find(&apos;.card&apos;), contentHeight = 0; // If there&apos;s more than one card in this row... if(cards.length &gt; 1) { // Iterate through each column, check the width columns.each(function() { if(rowWidth &gt; $(this).outerWidth()) {// If the card is in a row of cards $(this).find(&apos;.card&apos;).addClass(&apos;equal-height&apos;); // Add the equal height class } }); } // Iterate through each content div under &quot;Equal Height&quot; cards $(this).find(&apos;.equal-height .card-content&apos;).each(function(i) { console.log(&quot;Content loop no.&quot; + i) if($(this).height() &gt; contentHeight) { contentHeight = $(this).height(); } console.log(contentHeight) }) // Set the final height of the content if(contentHeight &gt; 0) { console.log(&quot;DONE&quot;); $(this).find(&apos;.equal-height .card-content&apos;).css(&apos;height&apos;,contentHeight); } }); } }
</post>
<signature>

</signature>
<external_links>

</external_links>
<country>US</country>
<main_image>http://cdn.sstatic.net/Sites/stackoverflow/img/apple-touch-icon@2.png?v=73d79a89bded&amp;a</main_image>
</document>
