<?xml version="1.0" encoding="UTF-8"?>
<document>
<type>mainstream</type>
<forum>http://rssfeeds.nwcn.com/_/20/107185488/nwcn/health</forum>
<forum_title>NWCN - Health</forum_title>
<discussion_title>Spokane man tests positive for West...</discussion_title>
<language>english</language>
<gmt_offset></gmt_offset>
<topic_url>http://rssfeeds.nwcn.com/_/20/107185488/nwcn/http&amp;#x3a;&amp;#x2f;&amp;#x2f;www&amp;#x2e;nwcn&amp;#x2e;com&amp;#x2f;news&amp;#x2f;local&amp;#x2f;spokane-county&amp;#x2f;spokane-man-tests-positive-for-west-nile-virus&amp;#x2f;310662937</topic_url>
<topic_text>
Spokane man tests positive for West Nile virus Staff , KREM 2:47 PM. PDT August 29, 2016 082412-west-nile.jpg CONNECT TWEET LINKEDIN GOOGLE+ PINTEREST 
SPOKANE, Wash. --- A 40-year-old man tested positive for West Nile virus in Spokane County. Spokane Regional Health District reported Monday the man, as well as four horses, had become infected. 
The Washington State Public Health Laboratory confirmed the case, though the man has since recovered and left the hospital. Two of the four infected horses in Spokane County died from the virus. 
West Nile virus activity has been confirmed in several counties in eastern Washington this year. One Benton County woman died from the virus, and another Benton man was infected. Nine horses across the area have been infected along with one pet bird in Spokane County. 
Health officials warned residents to be on the lookout for standing water and drain it at least twice a week to prevent mosquitos from breeding. They also said if residents find dead birds, they should not handle them with bare hands. 
For more information on West Nile virus, click here . 
KREM
</topic_text>
<spam_score>0.00</spam_score>
<post_num>1</post_num>
<post_id>post-1</post_id>
<post_url>http://rssfeeds.nwcn.com/_/20/107185488/nwcn/http&amp;#x3a;&amp;#x2f;&amp;#x2f;www&amp;#x2e;nwcn&amp;#x2e;com&amp;#x2f;news&amp;#x2f;local&amp;#x2f;spokane-county&amp;#x2f;spokane-man-tests-positive-for-west-nile-virus&amp;#x2f;310662937</post_url>
<post_date>20160829</post_date>
<post_time>2147</post_time>
<username></username>
<post>
Spokane man tests positive for West Nile virus Staff , KREM 2:47 PM. PDT August 29, 2016 082412-west-nile.jpg CONNECT TWEET LINKEDIN GOOGLE+ PINTEREST 
SPOKANE, Wash. --- A 40-year-old man tested positive for West Nile virus in Spokane County. Spokane Regional Health District reported Monday the man, as well as four horses, had become infected. 
The Washington State Public Health Laboratory confirmed the case, though the man has since recovered and left the hospital. Two of the four infected horses in Spokane County died from the virus. 
West Nile virus activity has been confirmed in several counties in eastern Washington this year. One Benton County woman died from the virus, and another Benton man was infected. Nine horses across the area have been infected along with one pet bird in Spokane County. 
Health officials warned residents to be on the lookout for standing water and drain it at least twice a week to prevent mosquitos from breeding. They also said if residents find dead birds, they should not handle them with bare hands. 
For more information on West Nile virus, click here . 
KREM
</post>
<signature>

</signature>
<external_links>

</external_links>
<country>US</country>
<main_image>http://content.krem.com/photo/2014/10/02/082412-west-nile_1962643_ver1.0_640_360.jpg</main_image>
</document>
