<?xml version="1.0" encoding="UTF-8"?>
<document>
<type>mainstream</type>
<forum>http://it.i88.ca/feeds/posts/default</forum>
<forum_title>i88.ca</forum_title>
<discussion_title>[HDGEM] Oracle added NoSQL capabilities to the InnoDB engine in MySQL 5.6, providing a 9x improvement in transaction performance. Here&apos;s how to use the NoSQL features.</discussion_title>
<language>english</language>
<gmt_offset></gmt_offset>
<topic_url>http://it.i88.ca/2016/08/hdgem-oracle-added-nosql-capabilities.html</topic_url>
<topic_text>
Disclaimers August 29, 2016 [HDGEM] Oracle added NoSQL capabilities to the InnoDB engine in MySQL 5.6, providing a 9x improvement in transaction performance. Here&apos;s how to use the NoSQL features. Oracle has implemented NoSQL interfaces to the MySQL database and MySQL Cluster. They bypass the SQL layer completely. Without SQL parsing and optimization, data can be written directly to MySQL tables up to nine-times faster, while maintaining ACID guarantees. Moreover, users can still run complex SQL queries across the same data set. -- Posted By Blogger to HDGEM at 8/29/2016 12:42:00 PM Reactions:
</topic_text>
<spam_score>0.00</spam_score>
<post_num>1</post_num>
<post_id>post-1</post_id>
<post_url>http://it.i88.ca/2016/08/hdgem-oracle-added-nosql-capabilities.html</post_url>
<post_date>20160829</post_date>
<post_time>1942</post_time>
<username>Peter Li (noreply@blogger.com)</username>
<post>
Disclaimers August 29, 2016 [HDGEM] Oracle added NoSQL capabilities to the InnoDB engine in MySQL 5.6, providing a 9x improvement in transaction performance. Here&apos;s how to use the NoSQL features. Oracle has implemented NoSQL interfaces to the MySQL database and MySQL Cluster. They bypass the SQL layer completely. Without SQL parsing and optimization, data can be written directly to MySQL tables up to nine-times faster, while maintaining ACID guarantees. Moreover, users can still run complex SQL queries across the same data set. -- Posted By Blogger to HDGEM at 8/29/2016 12:42:00 PM Reactions:
</post>
<signature>

</signature>
<external_links>

</external_links>
<country>CA</country>
<main_image></main_image>
</document>
