<?xml version="1.0" encoding="UTF-8"?>
<document>
<type>mainstream</type>
<forum>http://lbpost.com/?format=feed&amp;type=atom</forum>
<forum_title>Long Beach Post | Long Beach, CA News, Life, Business, Sports, Food and LGBT Issues | LBPOST.com</forum_title>
<discussion_title>Drugs, Firearms Seized During Investigation Into Recent Home Robberies in Long Beach</discussion_title>
<language>english</language>
<gmt_offset></gmt_offset>
<topic_url>https://lbpost.com/news/crime/2000009491-drugs-firearms-seized-during-investigation-at-long-beach-home</topic_url>
<topic_text>
Drugs, Firearms Seized During Investigation Into Recent Home Robberies in Long Beach Details Comment 

An investigation into recent residential burglaries in Long Beach’s West Side that involved stolen firearms led to a SWAT call Friday night and the seizure of firearms and narcotics, authorities said.   S P O N S O R 
“Due to the nature and circumstances of the investigation, SWAT was activated to search a residence in the 1400 block of West 20th Street,” said Long Beach Police Department (LBPD) spokeswoman Nancy Pratt. 
The investigation, which began at about 9:15PM on Friday, Aug. 26, resulted in police recovering an unspecified amount of firearms and narcotics, she said. 
No arrests were made at the residence and the investigation remains ongoing. 
Anyone with information regarding the incident is asked to contact the Gang Enforcement Section at 562.570.7370. Anonymous tips may be submitted through “LA Crime Stoppers” by calling 1.800.222.TIPS (8477), downloading the “P3 Tips” app to your smart phone (available at the Apple App store and Google Play), or visiting www.lacrimestoppers.org . Share this:
</topic_text>
<spam_score>0.00</spam_score>
<post_num>1</post_num>
<post_id>post-1</post_id>
<post_url>https://lbpost.com/news/crime/2000009491-drugs-firearms-seized-during-investigation-at-long-beach-home</post_url>
<post_date>20160830</post_date>
<post_time>0350</post_time>
<username>Stephanie Rivera (stephanie@lbpost.com)</username>
<post>
Drugs, Firearms Seized During Investigation Into Recent Home Robberies in Long Beach Details Comment 

An investigation into recent residential burglaries in Long Beach’s West Side that involved stolen firearms led to a SWAT call Friday night and the seizure of firearms and narcotics, authorities said.   S P O N S O R 
“Due to the nature and circumstances of the investigation, SWAT was activated to search a residence in the 1400 block of West 20th Street,” said Long Beach Police Department (LBPD) spokeswoman Nancy Pratt. 
The investigation, which began at about 9:15PM on Friday, Aug. 26, resulted in police recovering an unspecified amount of firearms and narcotics, she said. 
No arrests were made at the residence and the investigation remains ongoing. 
Anyone with information regarding the incident is asked to contact the Gang Enforcement Section at 562.570.7370. Anonymous tips may be submitted through “LA Crime Stoppers” by calling 1.800.222.TIPS (8477), downloading the “P3 Tips” app to your smart phone (available at the Apple App store and Google Play), or visiting www.lacrimestoppers.org . Share this:
</post>
<signature>

</signature>
<external_links>

</external_links>
<country>US</country>
<main_image>https://lbpost.com/images/stock/police-lights.png</main_image>
</document>
