<?xml version="1.0" encoding="UTF-8"?>
<document>
<type>mainstream</type>
<forum>http://www.rp-online.de/nrw/staedte/kaarst/feed.atom</forum>
<forum_title>Kaarst | RP ONLINE</forum_title>
<discussion_title>Kaarst - Kunst mit Hammer und Meißel</discussion_title>
<language>german</language>
<gmt_offset></gmt_offset>
<topic_url>http://www.rp-online.de/nrw/staedte/kaarst/kunst-mit-hammer-und-meissel-aid-1.6223769</topic_url>
<topic_text>
Kaarst Kunst mit Hammer und Meißel Hanna Brinkmann (M.) leitet den 19-jährigen Abdullah Hasani an. Teilnehmerin Tatjana Shem-shiri schaut zu. FOTO: A. Tinter Hanna Brinkmann (M.) leitet den 19-jährigen Abdullah Hasani an. Teilnehmerin Tatjana Shem-shiri schaut zu. FOTO: A. Tinter Kaarst. Bei einem Projekt von Bildhauerin Hanna Brinkmann ist am Wochenende ein Gemeinschafts-Kunstwerk entstanden. Von Rudolf Barnholt 
&quot;Wenn Steine sprechen könnten&quot;, lautet der Titel des Projekts, das die Vorster Bildhauerin Hanna Brinkmann am Wochenende im Stadtpark gestartet hat. Interessierte konnten mit Hammer und Meißel an einer Stele mitarbeiten, die später im öffentlichen Raum ausgestellt wird. Obwohl sich rund 20 Flüchtlinge an der Aktion beteiligten, stellte Hanna Brinkmann klar: &quot;Das ist hier kein Hilfsprojekt für Flüchtlinge, das ist ein Projekt für uns alle.&quot; 
Alles war bestens vorbereitet gewesen. Es gab Getränke und Knabbereien zur Erfrischung beziehungsweise Stärkung, Sitzbänke und Tische - und Sonnenschein satt, der unter den Bäumen aber durchaus erträglich war. Wie können möglichst viele Menschen gleichzeitig an einer Stele arbeiten? Ganz einfach: Hanna Brinkmann hat auf der Stelen-Vorderseite Räume ausgespart, in die die jetzt individuell gefertigten Elemente aus rotem Sandstein eingepasst werden können. Nadeem aus Afghanistan griff beherzt zum hölzernen Knüpfel und schlug eine Blume in den vergleichsweise weichen Tuffstein. &quot;Blumen stehen in Afghanistan unter anderem für Liebe und Glück&quot;, erklärte der 24-jährige Flüchtling, der seit neun Monaten in Kaarst lebt. Er wechselte sich als Hobby-Steinmetz mit seinem Landsmann Abdullah (19) ab. Projekt-Teilnehmerin Josefa Sott war 1965 aus Andalusien nach Deutschland gekommen, weil der Vater hier ein Jahr zuvor Arbeit gefunden hatte. Die gelernte Groß- und Einzelhandelskauffrau, die an einem Mosaik für die Stele mitarbeitete, kennt das Gefühl, sich fremd zu fühlen. &quot;Vor Flüchtlingen sollte man keine Angst haben&quot;, sagte die 55-Jährige. Allerdings erwartet sie, dass sich die Fremden den hiesigen Gepflogenheiten anpassen so wie sie und ihre Eltern es getan hätten. Sie sprach sich beispielsweise gegen eine Verschleierung aus. 
Dirk Hibben hatte einen wichtigen Entschluss gefasst: &quot;Ich werde meinen kaufmännischen Beruf an den Nagel hängen und ab September eine Ausbildung zum Steinmetzgesellen absolvieren mit der Perspektive, Bildhauer zu werden&quot;, sagte der 35-Jährige. Das alles wird in Südtirol geschehen, dort, wo auch Hanna Brinkmann ihr Handwerk erlernt hat. 
Die hatte fast ihre gesamte Familie um sich versammelt. Schwester Theresa war ebenso aktiv wie Mutter Gudrun, während es sich Großmutter Margarete Brinkmann mit ihren 85 Jahren in einem Campingstuhl bequem gemacht hatte und die Aktion ihrer Enkelin lobte. Neun &quot;Arbeitsplätze&quot; in Form von Holzböcken waren eingerichtet worden, kaum einer davon blieb längere Zeit unbenutzt. Von weitem hörte es sich an, als seien Spechte am Rande des Stadtparks aktiv. Für die Rückseite der Stele hat sich Hanna Brinkmann etwas Besonderes einfallen lassen: &quot;Dort soll ein kurzer Auszug eines Gebets von Papst Franziskus in den Stein gemeißelt werden.&quot; Quelle: NGZ Ihre Meinung zum Thema ist gefragt 
Schreiben Sie jetzt Ihre Meinung zu: Kaarst: Kunst mit Hammer und Meißel 
Mich über weitere Kommentare per Mail benachrichtigen Kommentar senden Vielen Dank für Ihren Beitrag! Ihr Kommentar wird nun gesichtet. Im Anschluss erhalten Sie eine E-Mail von uns. Bitte beachten Sie, dass es bei einem großen Kommentaraufkommen zu längeren Wartezeiten kommen kann. Wir sichten die Kommentare werktags zwischen 09 und 22 Uhr. Samstags und sonntags sind wir in der Regel von 10 bis 18 Uhr für Sie da.
</topic_text>
<spam_score>0.00</spam_score>
<post_num>1</post_num>
<post_id>post-1</post_id>
<post_url>http://www.rp-online.de/nrw/staedte/kaarst/kunst-mit-hammer-und-meissel-aid-1.6223769</post_url>
<post_date>20160829</post_date>
<post_time>2200</post_time>
<username></username>
<post>
Kaarst Kunst mit Hammer und Meißel Hanna Brinkmann (M.) leitet den 19-jährigen Abdullah Hasani an. Teilnehmerin Tatjana Shem-shiri schaut zu. FOTO: A. Tinter Hanna Brinkmann (M.) leitet den 19-jährigen Abdullah Hasani an. Teilnehmerin Tatjana Shem-shiri schaut zu. FOTO: A. Tinter Kaarst. Bei einem Projekt von Bildhauerin Hanna Brinkmann ist am Wochenende ein Gemeinschafts-Kunstwerk entstanden. Von Rudolf Barnholt 
&quot;Wenn Steine sprechen könnten&quot;, lautet der Titel des Projekts, das die Vorster Bildhauerin Hanna Brinkmann am Wochenende im Stadtpark gestartet hat. Interessierte konnten mit Hammer und Meißel an einer Stele mitarbeiten, die später im öffentlichen Raum ausgestellt wird. Obwohl sich rund 20 Flüchtlinge an der Aktion beteiligten, stellte Hanna Brinkmann klar: &quot;Das ist hier kein Hilfsprojekt für Flüchtlinge, das ist ein Projekt für uns alle.&quot; 
Alles war bestens vorbereitet gewesen. Es gab Getränke und Knabbereien zur Erfrischung beziehungsweise Stärkung, Sitzbänke und Tische - und Sonnenschein satt, der unter den Bäumen aber durchaus erträglich war. Wie können möglichst viele Menschen gleichzeitig an einer Stele arbeiten? Ganz einfach: Hanna Brinkmann hat auf der Stelen-Vorderseite Räume ausgespart, in die die jetzt individuell gefertigten Elemente aus rotem Sandstein eingepasst werden können. Nadeem aus Afghanistan griff beherzt zum hölzernen Knüpfel und schlug eine Blume in den vergleichsweise weichen Tuffstein. &quot;Blumen stehen in Afghanistan unter anderem für Liebe und Glück&quot;, erklärte der 24-jährige Flüchtling, der seit neun Monaten in Kaarst lebt. Er wechselte sich als Hobby-Steinmetz mit seinem Landsmann Abdullah (19) ab. Projekt-Teilnehmerin Josefa Sott war 1965 aus Andalusien nach Deutschland gekommen, weil der Vater hier ein Jahr zuvor Arbeit gefunden hatte. Die gelernte Groß- und Einzelhandelskauffrau, die an einem Mosaik für die Stele mitarbeitete, kennt das Gefühl, sich fremd zu fühlen. &quot;Vor Flüchtlingen sollte man keine Angst haben&quot;, sagte die 55-Jährige. Allerdings erwartet sie, dass sich die Fremden den hiesigen Gepflogenheiten anpassen so wie sie und ihre Eltern es getan hätten. Sie sprach sich beispielsweise gegen eine Verschleierung aus. 
Dirk Hibben hatte einen wichtigen Entschluss gefasst: &quot;Ich werde meinen kaufmännischen Beruf an den Nagel hängen und ab September eine Ausbildung zum Steinmetzgesellen absolvieren mit der Perspektive, Bildhauer zu werden&quot;, sagte der 35-Jährige. Das alles wird in Südtirol geschehen, dort, wo auch Hanna Brinkmann ihr Handwerk erlernt hat. 
Die hatte fast ihre gesamte Familie um sich versammelt. Schwester Theresa war ebenso aktiv wie Mutter Gudrun, während es sich Großmutter Margarete Brinkmann mit ihren 85 Jahren in einem Campingstuhl bequem gemacht hatte und die Aktion ihrer Enkelin lobte. Neun &quot;Arbeitsplätze&quot; in Form von Holzböcken waren eingerichtet worden, kaum einer davon blieb längere Zeit unbenutzt. Von weitem hörte es sich an, als seien Spechte am Rande des Stadtparks aktiv. Für die Rückseite der Stele hat sich Hanna Brinkmann etwas Besonderes einfallen lassen: &quot;Dort soll ein kurzer Auszug eines Gebets von Papst Franziskus in den Stein gemeißelt werden.&quot; Quelle: NGZ Ihre Meinung zum Thema ist gefragt 
Schreiben Sie jetzt Ihre Meinung zu: Kaarst: Kunst mit Hammer und Meißel 
Mich über weitere Kommentare per Mail benachrichtigen Kommentar senden Vielen Dank für Ihren Beitrag! Ihr Kommentar wird nun gesichtet. Im Anschluss erhalten Sie eine E-Mail von uns. Bitte beachten Sie, dass es bei einem großen Kommentaraufkommen zu längeren Wartezeiten kommen kann. Wir sichten die Kommentare werktags zwischen 09 und 22 Uhr. Samstags und sonntags sind wir in der Regel von 10 bis 18 Uhr für Sie da.
</post>
<signature>

</signature>
<external_links>

</external_links>
<country>DE</country>
<main_image>http://bc01.rp-online.de/polopoly_fs/hanna-brinkmann-m-leitet-19-jaehrigen-1.6223770.1472491986!httpImage/4031158644.jpg_gen/derivatives/d950x950/4031158644.jpg</main_image>
</document>
