<?xml version="1.0" encoding="UTF-8"?>
<document>
<type>mainstream</type>
<forum>http://www.jdsupra.com/resources/syndication/docsRSSfeed.aspx?ftype=SecuritiesLaw&amp;premium=1</forum>
<forum_title>Securities Law RSS Feed | JD Supra Law News</forum_title>
<discussion_title>SEC Requests Comment on Corporate Governance, Management and Security Holder Matters</discussion_title>
<language>english</language>
<gmt_offset></gmt_offset>
<topic_url>http://www.jdsupra.com/legalnews/sec-requests-comment-on-corporate-80344/</topic_url>
<topic_text>
SEC Requests Comment on Corporate Governance, Management and Security Holder Matters more+ Contact 
To embed, copy and paste the code into your website or blog: &lt;iframe src=&quot;http://www.jdsupra.com/post/contentViewerEmbed.aspx?fid=65e1fe9e-11a6-4945-bd9c-c402f47a9817&quot; width=&quot;100%&quot; height=&quot;620&quot; frameborder=&quot;1&quot; style=&quot;border: 2px solid #ccc; overflow-x:hidden !important; overflow:hidden;&quot; scrolling=&quot;auto&quot;&gt;&lt;/iframe&gt; 
The SEC is requesting public comment on certain disclosure requirements in Regulation S-K relating to management, certain security holders, and corporate governance matters contained in Subpart 400. This request is part of the Division of Corporation Finance’s disclosure effectiveness initiative. Comments received in response to the request for comment will also be used in the SEC’s study on Regulation S-K, which is required by Section 72003 of the Fixing America’s Surface Transportation Act, or FAST Act. 
The request is short, and does not ask for a lot of specifics. The request notes “[T]he purpose of this request for comment is to solicit public input on Subpart 400 of Regulation S-K, which requires certain disclosures about a registrant’s management, certain security holders, and corporate governance matters. The input can include comments on existing requirements in these rules as well as on potential disclosure issues that commenters believe the rules should address.” 
John Jenkins holds the pen at TheCorporateCounsel.net while Broc Romanek is on an email free vacation. John notes “As Broc has blogged before, we have no idea why this is a “request for comment”– and not a “concept release”– but given the short length of the “request for comment,” the difference must allow the SEC to avoid the regulatory trappings of a full-blown concept release.” 
© &quot;My best business intelligence, in one easy email…&quot; Your first step to building a free, personalized, morning email brief covering pertinent authors and topics on JD Supra: * By using the service, you signify your acceptance of JD Supra&apos;s Privacy Policy. - hide Privacy Policy (Updated: October 8, 2015) : 
JD Supra provides users with access to its legal industry publishing services (the &quot;Service&quot;) through its website (the &quot;Website&quot;) as well as through other sources. Our policies with regard to data collection and use of personal information of users of the Service, regardless of the manner in which users access the Service, and visitors to the Website are set forth in this statement (&quot;Policy&quot;). By using the Service, you signify your acceptance of this Policy. Information Collection and Use by JD Supra 
JD Supra collects users&apos; names, companies, titles, e-mail address and industry. JD Supra also tracks the pages that users visit, logs IP addresses and aggregates non-personally identifiable user data and browser type. This data is gathered using cookies and other technologies. 
The information and data collected is used to authenticate users and to send notifications relating to the Service, including email alerts to which users have subscribed; to manage the Service and Website, to improve the Service and to customize the user&apos;s experience. This information is also provided to the authors of the content to give them insight into their readership and help them to improve their content, so that it is most useful for our users. 
JD Supra does not sell, rent or otherwise provide your details to third parties, other than to the authors of the content on JD Supra. 
If you prefer not to enable cookies, you may change your browser settings to disable cookies; however, please note that rejecting cookies while visiting the Website may result in certain parts of the Website not operating correctly or as efficiently as if cookies were allowed. Email Choice/Opt-out 
Users who opt in to receive emails may choose to no longer receive e-mail updates and newsletters by selecting the &quot;opt-out of future email&quot; option in the email they receive from JD Supra or in their JD Supra account management screen. Security 
JD Supra takes reasonable precautions to insure that user information is kept private. We restrict access to user information to those individuals who reasonably need access to perform their job functions, such as our third party email service, customer service personnel and technical staff. However, please note that no method of transmitting or storing data is completely secure and we cannot guarantee the security of user information. Unauthorized entry or use, hardware or software failure, and other factors may compromise the security of user information at any time. 
If you have reason to believe that your interaction with us is no longer secure, you must immediately notify us of the problem by contacting us at . In the unlikely event that we believe 
Except as otherwise described in this privacy statement, JD Supra will not disclose personal information to any third party unless we believe that disclosure is necessary to: (1) comply with applicable laws; (2) respond to governmental inquiries or requests; (3) comply with valid legal process; (4) protect the rights, privacy, safety or property of JD Supra, users of the Service, Website visitors or the public; (5) permit us to pursue available remedies or limit the damages that we may sustain; and (6) enforce our Terms &amp; Conditions of Use. 
In the event there is a change in the corporate structure of JD Supra such as, but not limited to, merger, consolidation, sale, liquidation or transfer of substantial assets, JD Supra may, in its sole discretion, transfer, sell or assign information collected on and through the Service to one or more affiliated or unaffiliated third parties. Links to Other Websites 
This Website and the Service may contain links to other websites. The operator of such other websites may collect information about you, including through cookies or other technologies. If you are using the Service through the Website and link to another site, you will leave the Website and this Policy will not apply to your use of and activity on those other sites. We encourage you to read the legal notices posted on those sites, including their privacy policies. We shall have no responsibility or liability for your visitation to, and the data collection and use practices of, such other sites. This Policy applies solely to 
If you have any questions about this privacy statement, the practices of this site, your dealings with this Web site, or if you would like to change any of the information you have provided to us, please contact us at: . - hide Already signed up? Log in here * With LinkedIn, you don&apos;t need to create a separate login to manage your free JD Supra account, and we can make suggestions based on your needs and interests. We will not post anything on LinkedIn in your name. Or, sign up using your email address. This is a preview of your email. Not all subjects or topics are updated every day. If you see no results for a particular subject or topic, consider broadening your interests. Loading...
</topic_text>
<spam_score>0.00</spam_score>
<post_num>1</post_num>
<post_id>post-1</post_id>
<post_url>http://www.jdsupra.com/legalnews/sec-requests-comment-on-corporate-80344/</post_url>
<post_date>20160829</post_date>
<post_time>2240</post_time>
<username>Stinson Leonard Street - Dodd-Frank and the</username>
<post>
SEC Requests Comment on Corporate Governance, Management and Security Holder Matters more+ Contact 
To embed, copy and paste the code into your website or blog: &lt;iframe src=&quot;http://www.jdsupra.com/post/contentViewerEmbed.aspx?fid=65e1fe9e-11a6-4945-bd9c-c402f47a9817&quot; width=&quot;100%&quot; height=&quot;620&quot; frameborder=&quot;1&quot; style=&quot;border: 2px solid #ccc; overflow-x:hidden !important; overflow:hidden;&quot; scrolling=&quot;auto&quot;&gt;&lt;/iframe&gt; 
The SEC is requesting public comment on certain disclosure requirements in Regulation S-K relating to management, certain security holders, and corporate governance matters contained in Subpart 400. This request is part of the Division of Corporation Finance’s disclosure effectiveness initiative. Comments received in response to the request for comment will also be used in the SEC’s study on Regulation S-K, which is required by Section 72003 of the Fixing America’s Surface Transportation Act, or FAST Act. 
The request is short, and does not ask for a lot of specifics. The request notes “[T]he purpose of this request for comment is to solicit public input on Subpart 400 of Regulation S-K, which requires certain disclosures about a registrant’s management, certain security holders, and corporate governance matters. The input can include comments on existing requirements in these rules as well as on potential disclosure issues that commenters believe the rules should address.” 
John Jenkins holds the pen at TheCorporateCounsel.net while Broc Romanek is on an email free vacation. John notes “As Broc has blogged before, we have no idea why this is a “request for comment”– and not a “concept release”– but given the short length of the “request for comment,” the difference must allow the SEC to avoid the regulatory trappings of a full-blown concept release.” 
© &quot;My best business intelligence, in one easy email…&quot; Your first step to building a free, personalized, morning email brief covering pertinent authors and topics on JD Supra: * By using the service, you signify your acceptance of JD Supra&apos;s Privacy Policy. - hide Privacy Policy (Updated: October 8, 2015) : 
JD Supra provides users with access to its legal industry publishing services (the &quot;Service&quot;) through its website (the &quot;Website&quot;) as well as through other sources. Our policies with regard to data collection and use of personal information of users of the Service, regardless of the manner in which users access the Service, and visitors to the Website are set forth in this statement (&quot;Policy&quot;). By using the Service, you signify your acceptance of this Policy. Information Collection and Use by JD Supra 
JD Supra collects users&apos; names, companies, titles, e-mail address and industry. JD Supra also tracks the pages that users visit, logs IP addresses and aggregates non-personally identifiable user data and browser type. This data is gathered using cookies and other technologies. 
The information and data collected is used to authenticate users and to send notifications relating to the Service, including email alerts to which users have subscribed; to manage the Service and Website, to improve the Service and to customize the user&apos;s experience. This information is also provided to the authors of the content to give them insight into their readership and help them to improve their content, so that it is most useful for our users. 
JD Supra does not sell, rent or otherwise provide your details to third parties, other than to the authors of the content on JD Supra. 
If you prefer not to enable cookies, you may change your browser settings to disable cookies; however, please note that rejecting cookies while visiting the Website may result in certain parts of the Website not operating correctly or as efficiently as if cookies were allowed. Email Choice/Opt-out 
Users who opt in to receive emails may choose to no longer receive e-mail updates and newsletters by selecting the &quot;opt-out of future email&quot; option in the email they receive from JD Supra or in their JD Supra account management screen. Security 
JD Supra takes reasonable precautions to insure that user information is kept private. We restrict access to user information to those individuals who reasonably need access to perform their job functions, such as our third party email service, customer service personnel and technical staff. However, please note that no method of transmitting or storing data is completely secure and we cannot guarantee the security of user information. Unauthorized entry or use, hardware or software failure, and other factors may compromise the security of user information at any time. 
If you have reason to believe that your interaction with us is no longer secure, you must immediately notify us of the problem by contacting us at . In the unlikely event that we believe 
Except as otherwise described in this privacy statement, JD Supra will not disclose personal information to any third party unless we believe that disclosure is necessary to: (1) comply with applicable laws; (2) respond to governmental inquiries or requests; (3) comply with valid legal process; (4) protect the rights, privacy, safety or property of JD Supra, users of the Service, Website visitors or the public; (5) permit us to pursue available remedies or limit the damages that we may sustain; and (6) enforce our Terms &amp; Conditions of Use. 
In the event there is a change in the corporate structure of JD Supra such as, but not limited to, merger, consolidation, sale, liquidation or transfer of substantial assets, JD Supra may, in its sole discretion, transfer, sell or assign information collected on and through the Service to one or more affiliated or unaffiliated third parties. Links to Other Websites 
This Website and the Service may contain links to other websites. The operator of such other websites may collect information about you, including through cookies or other technologies. If you are using the Service through the Website and link to another site, you will leave the Website and this Policy will not apply to your use of and activity on those other sites. We encourage you to read the legal notices posted on those sites, including their privacy policies. We shall have no responsibility or liability for your visitation to, and the data collection and use practices of, such other sites. This Policy applies solely to 
If you have any questions about this privacy statement, the practices of this site, your dealings with this Web site, or if you would like to change any of the information you have provided to us, please contact us at: . - hide Already signed up? Log in here * With LinkedIn, you don&apos;t need to create a separate login to manage your free JD Supra account, and we can make suggestions based on your needs and interests. We will not post anything on LinkedIn in your name. Or, sign up using your email address. This is a preview of your email. Not all subjects or topics are updated every day. If you see no results for a particular subject or topic, consider broadening your interests. Loading...
</post>
<signature>

</signature>
<external_links>

</external_links>
<country>US</country>
<main_image>http://www.jdsupra.com/showThumbnail.aspx?img=13891_4439.jpg&amp;size=og</main_image>
</document>
