<?xml version="1.0" encoding="UTF-8"?>
<document>
<type>mainstream</type>
<forum>http://feeds.news24.com.ng/articles/nigeria/sport/rss</forum>
<forum_title>Nigeria Sport</forum_title>
<discussion_title>News24.com.ng | Okon to coach Australian club</discussion_title>
<language>english</language>
<gmt_offset></gmt_offset>
<topic_url>http://www.news24.com.ng/Sport/Football/okon-to-coach-australian-club-20160829</topic_url>
<topic_text>
Okon to coach Australian club 29 August 2016, 14:43 Brazil&apos;s men face do-or-die Olympic soccer match 
Sydney - Australia&apos;s Central Coast Mariners have appointed former Socceroo and national youth coach Paul Okon as head coach for the next two A-League seasons, the club said Monday. 
Okon, 44, who had playing spells with Club Brugge, Leeds United and Lazio in Europe, replaces Tony Walmsley, who was sacked earlier this month. 
Midfielder Okon, who played 28 times for Australia, has spent the last four years as the national under-20s head coach. 
Also read : Messi says he will again play for Argentina&apos;s national team 
&quot;In Paul we have an outstanding candidate that covers all areas for us,&quot; Mariners executive Peter Storrie said ahead of the new season kick-off on October 7. 
&quot;His extensive knowledge of young players across the country, understanding of the A-League and understanding of the Central Coast Mariners were crucial decision making factors.&quot; 
The Mariners, A-League champions just three years ago, are looking to reverse their fortunes after winning just three games and finishing bottom last season.   page. - AFP
</topic_text>
<spam_score>0.00</spam_score>
<post_num>1</post_num>
<post_id>post-1</post_id>
<post_url>http://www.news24.com.ng/Sport/Football/okon-to-coach-australian-club-20160829</post_url>
<post_date>20160829</post_date>
<post_time>1343</post_time>
<username></username>
<post>
Okon to coach Australian club 29 August 2016, 14:43 Brazil&apos;s men face do-or-die Olympic soccer match 
Sydney - Australia&apos;s Central Coast Mariners have appointed former Socceroo and national youth coach Paul Okon as head coach for the next two A-League seasons, the club said Monday. 
Okon, 44, who had playing spells with Club Brugge, Leeds United and Lazio in Europe, replaces Tony Walmsley, who was sacked earlier this month. 
Midfielder Okon, who played 28 times for Australia, has spent the last four years as the national under-20s head coach. 
Also read : Messi says he will again play for Argentina&apos;s national team 
&quot;In Paul we have an outstanding candidate that covers all areas for us,&quot; Mariners executive Peter Storrie said ahead of the new season kick-off on October 7. 
&quot;His extensive knowledge of young players across the country, understanding of the A-League and understanding of the Central Coast Mariners were crucial decision making factors.&quot; 
The Mariners, A-League champions just three years ago, are looking to reverse their fortunes after winning just three games and finishing bottom last season.   page. - AFP
</post>
<signature>

</signature>
<external_links>

</external_links>
<country>NG</country>
<main_image>http://cdn.24.co.za/files/Cms/General/d/2945/03c90afdf8924733888a0e1f0c5da95c.jpg</main_image>
</document>
