<?xml version="1.0" encoding="UTF-8"?>
<document>
<type>mainstream</type>
<forum>http://zetaestaticos.com/cordoba/rss/8_es.xml</forum>
<forum_title>RSS de Área blanquiverde - Diario Córdoba</forum_title>
<discussion_title>La soledad del palco</discussion_title>
<language>spanish</language>
<gmt_offset></gmt_offset>
<topic_url>http://www.diariocordoba.com/noticias/deportes/soledad-palco_1073040.html</topic_url>
<topic_text>
0:05 h. 
Una distorsión só 
Progresivamente, este Córdoba se ha ido transformando en un producto con mucho envoltorio pero de poca enjundia. Y lo refleja en todos los órdenes, que en realidad, en el Córdoba dependen única y exclusivamente de uno. Del mismo. A las labores de presidencia, dirección deportiva, dirección técnica, de márketing y de relaciones (ejem) institucionales, se ha añadido la de director de comunicación. Ya lo intentó antes. Ahora sí, por fin. Posiblemente de ahí parta esa distorsión de que haya mucha gente trabajando aunque, en realidad, con poca (o nula) capacidad de decisin. Y no porque no quieran hacerlo. 
¿Transmitir qué? Transmitir! 
De ahí que las redes sociales se hayan convertido en el vehículo para transmitir. ¿El qué? Da igual. Todo lo vacuo se dice y exclama, todo lo importante se calla y se disimula. Si hay que lanzar una revista se repite hasta la extenuación. Si se llega a un acuerdo vía judicial con Teo Lázaro para que por fin reciba al menos parte de lo acordado por Borja García (años han pasado), se obvía. Y son alrededor de 250.000 del ala. Todo positivo, nunca negativo, al contrario que Van Gaal. Porque lógicamente todo se hace bien. Nadie puede contestar lo contrario cuando se est completamente solo en un palco privado de cristales tintados. 
Del silln al vestuario 
Y tras el partido, del sillón al vestuario. Pasillo directo para comentar con los protagonistas de verdad lo sucedido. Es la obligación de cualquier director deportivo/entrenador/director de comunicación/jefe de relaciones (ejem) institucionales. Todo en uno. Ah, y presidente. Definitivamente, sobra mucha gente. En septiembre llega la asamblea de la LFP, un momento que será importante para algunos clubs, entre ellos el Córdoba. Y mientras, del sillón al vestuario, montañas rusas diarias. De apestado a idolatrado. De hombre de confianza a despedido. Del mejor en su gremio a uno que no vale para nada. Un pasillo que es el t 
ABAJO 
El «modelo» 
Otro puesto solapado desde el palco privado de lunas tintadas es el de director deportivo o secretario técnico. Ya lo estuvo antes. Quizás aquellos play-offs, aquel ascenso dejaran un poso amargo al tener que compartirse con los verdaderos coprotagonistas. Quizás. De ahí esa premisa prostituida que se ha instalado en El Arcángel desde hace tiempo: «Este fichaje es de... Aquel otro de...». Pero nada. «A transmitir». Y el director deportivo se siente dolido por una valoración, por lo que salta en redes sociales hablando de tauromaquia. A 48 horas del cierre de mercado. Y del alambre en el que est --duro-- ya cayeron otros. 
Un alambre muy resbaladizo 
Otro puesto solapado desde el palco privado de lunas tintadas es el de director deportivo o secretario técnico. Ya lo estuvo antes. Quizás aquellos play-offs, aquel ascenso dejaran un poso amargo al tener que compartirse con los verdaderos coprotagonistas. Quizás. De ahí esa premisa prostituida que se ha instalado en El Arcángel desde hace tiempo: «Este fichaje es de... Aquel otro de...». Pero nada. «A transmitir». Y el director deportivo se siente dolido por una valoración, por lo que salta en redes sociales hablando de tauromaquia. A 48 horas del cierre de mercado. Y del alambre en el que est --duro-- ya cayeron otros. 
Las manías y los ‘’ 
Obviamente, si no todo es positivo se recurre al chiste del niño y del profesor, que siempre le tenía manía. Y nada mejor para instalar una idea en un colectivo cercano como un grupo de ‘whatsapp’, con trabajadores --capitanes incluidos-- que escuchan la voz de arriba casi a diario. Como las epístolas de Pablo a los Corintios pero en el siglo XXI: «Sin vuestro amor no soy nada». Y si no hay enemigos se inventan, que de eso ya hubo experiencia en el siglo XX y acabó como acabó. Mientras tanto, en la soledad del palco privado, se seguirá sin escuchar un «no» y sonarán los avisos del ‘whatsapp’
</topic_text>
<spam_score>0.00</spam_score>
<post_num>1</post_num>
<post_id>post-1</post_id>
<post_url>http://www.diariocordoba.com/noticias/deportes/soledad-palco_1073040.html</post_url>
<post_date>20160829</post_date>
<post_time>2205</post_time>
<username>Ignacio Luque</username>
<post>
0:05 h. 
Una distorsión só 
Progresivamente, este Córdoba se ha ido transformando en un producto con mucho envoltorio pero de poca enjundia. Y lo refleja en todos los órdenes, que en realidad, en el Córdoba dependen única y exclusivamente de uno. Del mismo. A las labores de presidencia, dirección deportiva, dirección técnica, de márketing y de relaciones (ejem) institucionales, se ha añadido la de director de comunicación. Ya lo intentó antes. Ahora sí, por fin. Posiblemente de ahí parta esa distorsión de que haya mucha gente trabajando aunque, en realidad, con poca (o nula) capacidad de decisin. Y no porque no quieran hacerlo. 
¿Transmitir qué? Transmitir! 
De ahí que las redes sociales se hayan convertido en el vehículo para transmitir. ¿El qué? Da igual. Todo lo vacuo se dice y exclama, todo lo importante se calla y se disimula. Si hay que lanzar una revista se repite hasta la extenuación. Si se llega a un acuerdo vía judicial con Teo Lázaro para que por fin reciba al menos parte de lo acordado por Borja García (años han pasado), se obvía. Y son alrededor de 250.000 del ala. Todo positivo, nunca negativo, al contrario que Van Gaal. Porque lógicamente todo se hace bien. Nadie puede contestar lo contrario cuando se est completamente solo en un palco privado de cristales tintados. 
Del silln al vestuario 
Y tras el partido, del sillón al vestuario. Pasillo directo para comentar con los protagonistas de verdad lo sucedido. Es la obligación de cualquier director deportivo/entrenador/director de comunicación/jefe de relaciones (ejem) institucionales. Todo en uno. Ah, y presidente. Definitivamente, sobra mucha gente. En septiembre llega la asamblea de la LFP, un momento que será importante para algunos clubs, entre ellos el Córdoba. Y mientras, del sillón al vestuario, montañas rusas diarias. De apestado a idolatrado. De hombre de confianza a despedido. Del mejor en su gremio a uno que no vale para nada. Un pasillo que es el t 
ABAJO 
El «modelo» 
Otro puesto solapado desde el palco privado de lunas tintadas es el de director deportivo o secretario técnico. Ya lo estuvo antes. Quizás aquellos play-offs, aquel ascenso dejaran un poso amargo al tener que compartirse con los verdaderos coprotagonistas. Quizás. De ahí esa premisa prostituida que se ha instalado en El Arcángel desde hace tiempo: «Este fichaje es de... Aquel otro de...». Pero nada. «A transmitir». Y el director deportivo se siente dolido por una valoración, por lo que salta en redes sociales hablando de tauromaquia. A 48 horas del cierre de mercado. Y del alambre en el que est --duro-- ya cayeron otros. 
Un alambre muy resbaladizo 
Otro puesto solapado desde el palco privado de lunas tintadas es el de director deportivo o secretario técnico. Ya lo estuvo antes. Quizás aquellos play-offs, aquel ascenso dejaran un poso amargo al tener que compartirse con los verdaderos coprotagonistas. Quizás. De ahí esa premisa prostituida que se ha instalado en El Arcángel desde hace tiempo: «Este fichaje es de... Aquel otro de...». Pero nada. «A transmitir». Y el director deportivo se siente dolido por una valoración, por lo que salta en redes sociales hablando de tauromaquia. A 48 horas del cierre de mercado. Y del alambre en el que est --duro-- ya cayeron otros. 
Las manías y los ‘’ 
Obviamente, si no todo es positivo se recurre al chiste del niño y del profesor, que siempre le tenía manía. Y nada mejor para instalar una idea en un colectivo cercano como un grupo de ‘whatsapp’, con trabajadores --capitanes incluidos-- que escuchan la voz de arriba casi a diario. Como las epístolas de Pablo a los Corintios pero en el siglo XXI: «Sin vuestro amor no soy nada». Y si no hay enemigos se inventan, que de eso ya hubo experiencia en el siglo XX y acabó como acabó. Mientras tanto, en la soledad del palco privado, se seguirá sin escuchar un «no» y sonarán los avisos del ‘whatsapp’
</post>
<signature>

</signature>
<external_links>

</external_links>
<country>ES</country>
<main_image>http://zetaestaticos.com/cordoba/img/noticias/1/073/1073040_1.jpg</main_image>
</document>
