<?xml version="1.0" encoding="UTF-8"?>
<document>
<type>mainstream</type>
<forum>http://stackoverflow.com/feeds</forum>
<forum_title>Recent Questions - Stack Overflow</forum_title>
<discussion_title>Visual Studio - How to set properties before running MSBuild on a project?</discussion_title>
<language>english</language>
<gmt_offset></gmt_offset>
<topic_url>http://stackoverflow.com/questions/39216132/visual-studio-how-to-set-properties-before-running-msbuild-on-a-project</topic_url>
<topic_text>
Do you consider it a feasible option to edit the csproj files manually? – mike z 23 mins ago @mikez I&apos;m fine with that, but is it really not possible to pass properties to the project from within Visual Studio? – James Ko 21 mins ago AFAIK it is not possible to have &quot;global&quot; msbuild properties for a solution. If it is possible, then I would love to see how its done. – mike z 19 mins ago @mikez This isn&apos;t for the entire solution, just for one 1 csproj file. – James Ko 17 mins ago
</topic_text>
<spam_score>0.00</spam_score>
<post_num>1</post_num>
<post_id>post-1</post_id>
<post_url>http://stackoverflow.com/questions/39216132/visual-studio-how-to-set-properties-before-running-msbuild-on-a-project</post_url>
<post_date>20160829</post_date>
<post_time>2252</post_time>
<username>James Ko</username>
<post>
Do you consider it a feasible option to edit the csproj files manually? – mike z 23 mins ago @mikez I&apos;m fine with that, but is it really not possible to pass properties to the project from within Visual Studio? – James Ko 21 mins ago AFAIK it is not possible to have &quot;global&quot; msbuild properties for a solution. If it is possible, then I would love to see how its done. – mike z 19 mins ago @mikez This isn&apos;t for the entire solution, just for one 1 csproj file. – James Ko 17 mins ago
</post>
<signature>

</signature>
<external_links>

</external_links>
<country>US</country>
<main_image>http://cdn.sstatic.net/Sites/stackoverflow/img/apple-touch-icon@2.png?v=73d79a89bded&amp;a</main_image>
</document>
