<?xml version="1.0" encoding="UTF-8"?>
<document>
<type>mainstream</type>
<forum>http://news.nigeriannation.com/feed/</forum>
<forum_title>NigerianNation.com News</forum_title>
<discussion_title>Rooney Is Right Choice To Lead England – Allardyce</discussion_title>
<language>english</language>
<gmt_offset></gmt_offset>
<topic_url>http://news.nigeriannation.com/rooney-is-right-choice-to-lead-england-allardyce/</topic_url>
<topic_text>
Home » News » Rooney Is Right Choice To Lead England – Allardyce Rooney Is Right Choice To Lead England – Allardyce in News 50 mins ago 
England’s national team manager, Sam Allardyce, says Wayne Rooney is the right choice to lead the team. Coach Allardyce said that the Manchester United skipper was hugely respected by his peers and has enjoyed the responsibility as captain. “You would hope the captain would make a decision on the pitch if he felt it needed … Continue reading Rooney Is Right Choice To Lead England – Allardyce
</topic_text>
<spam_score>0.00</spam_score>
<post_num>1</post_num>
<post_id>post-1</post_id>
<post_url>http://news.nigeriannation.com/rooney-is-right-choice-to-lead-england-allardyce/</post_url>
<post_date>20160829</post_date>
<post_time>2208</post_time>
<username>NigerianNation</username>
<post>
Home » News » Rooney Is Right Choice To Lead England – Allardyce Rooney Is Right Choice To Lead England – Allardyce in News 50 mins ago 
England’s national team manager, Sam Allardyce, says Wayne Rooney is the right choice to lead the team. Coach Allardyce said that the Manchester United skipper was hugely respected by his peers and has enjoyed the responsibility as captain. “You would hope the captain would make a decision on the pitch if he felt it needed … Continue reading Rooney Is Right Choice To Lead England – Allardyce
</post>
<signature>

</signature>
<external_links>

</external_links>
<country>US</country>
<main_image>https://s0.wp.com/i/blank.jpg</main_image>
</document>
