<?xml version="1.0" encoding="UTF-8"?>
<document>
<type>mainstream</type>
<forum>http://www.jdsupra.com/resources/syndication/docsRSSfeed.aspx?ftype=SecuritiesLaw&amp;premium=1</forum>
<forum_title>Securities Law RSS Feed | JD Supra Law News</forum_title>
<discussion_title>Your daily dose of financial news - The Brief – 8.29.16</discussion_title>
<language>english</language>
<gmt_offset></gmt_offset>
<topic_url>http://www.jdsupra.com/legalnews/your-daily-dose-of-financial-news-the-48586/</topic_url>
<topic_text>
One of the big themes running through the Fed’s Jackson Hole conference that wrapped last weekend: whoa, there. Just take it easy. It’s time for legislatures to kick government spending into high gear— not interest rates any more – NYTimes and Bloomberg 
Insiders are expecting a “flood of share debuts” around Labor Day to help give a shot in the arm to the otherwise “”– WSJ 
If you’ve been watching much of any TV these days, you’ve likely seen GE’s efforts to recast itself as a tech start-up as much as it is a manufacturing company. ’– NYTimes 
PwCs reportedly reached a midtrial settlement over claims brought by the trustee for Taylor Bean accusing the accounting giant of enabling a $5.5 billion fraud at the bankrupt mortgage lender – Law360 and WSJ 
anticipating a crash – NYTimes 
News last week that activist archrivals Carl Icahn and Bill Ackman were in talks over the sale of Icahn’s Herbalife shares raised more than a few eyebrows given the rocky history between the two. ’s even more intrigue, with Icahn denying the offer was made in the first place – NYTimes and WSJ 
’– NYTimes 
Big Data’s serious threat to free will may prove more intense than any religious belief or government surveillance. The main takeaway: “Once Big Data systems know me better than I know myself, authority will shift from humans to algorithms. 
DISCLAIMER: Because of the generality of this update, the information provided herein may not be applicable in all situations and should not be acted upon without specific legal advice based on particular situa … Or, sign up using your email address » - hide : 
JD Supra provides users with access to its legal industry publishing services (the &quot;Service&quot;) through (the &quot;Website&quot;) as well as through other sources. Our policies with regard to data collection and use of personal information of users of the Service, regardless of the manner in which users access the Service, and visitors to the Website are set forth in this statement (&quot;Policy&quot;). By using the Service, y Security 
JD Supra takes reasonable precautions to insure that user information is kept private. We restrict access to user information to those individuals who reasonably need access to perform their job functions, such as our third party email service, customer se Sharing and Disclosure of Information JD Supra Collects 
&amp; Links to Other Websites 
This Website and the Service may contain links to other websites. The operator of such ot - hide * This is a preview of your email. Not all subjects or topics are updated every day. If you see no results for a particular subject or topic, consider broadening your interests.
</topic_text>
<spam_score>0.00</spam_score>
<post_num>1</post_num>
<post_id>post-1</post_id>
<post_url>http://www.jdsupra.com/legalnews/your-daily-dose-of-financial-news-the-48586/</post_url>
<post_date>20160829</post_date>
<post_time>2204</post_time>
<username>Robins Kaplan LLP</username>
<post>
One of the big themes running through the Fed’s Jackson Hole conference that wrapped last weekend: whoa, there. Just take it easy. It’s time for legislatures to kick government spending into high gear— not interest rates any more – NYTimes and Bloomberg 
Insiders are expecting a “flood of share debuts” around Labor Day to help give a shot in the arm to the otherwise “”– WSJ 
If you’ve been watching much of any TV these days, you’ve likely seen GE’s efforts to recast itself as a tech start-up as much as it is a manufacturing company. ’– NYTimes 
PwCs reportedly reached a midtrial settlement over claims brought by the trustee for Taylor Bean accusing the accounting giant of enabling a $5.5 billion fraud at the bankrupt mortgage lender – Law360 and WSJ 
anticipating a crash – NYTimes 
News last week that activist archrivals Carl Icahn and Bill Ackman were in talks over the sale of Icahn’s Herbalife shares raised more than a few eyebrows given the rocky history between the two. ’s even more intrigue, with Icahn denying the offer was made in the first place – NYTimes and WSJ 
’– NYTimes 
Big Data’s serious threat to free will may prove more intense than any religious belief or government surveillance. The main takeaway: “Once Big Data systems know me better than I know myself, authority will shift from humans to algorithms. 
DISCLAIMER: Because of the generality of this update, the information provided herein may not be applicable in all situations and should not be acted upon without specific legal advice based on particular situa … Or, sign up using your email address » - hide : 
JD Supra provides users with access to its legal industry publishing services (the &quot;Service&quot;) through (the &quot;Website&quot;) as well as through other sources. Our policies with regard to data collection and use of personal information of users of the Service, regardless of the manner in which users access the Service, and visitors to the Website are set forth in this statement (&quot;Policy&quot;). By using the Service, y Security 
JD Supra takes reasonable precautions to insure that user information is kept private. We restrict access to user information to those individuals who reasonably need access to perform their job functions, such as our third party email service, customer se Sharing and Disclosure of Information JD Supra Collects 
&amp; Links to Other Websites 
This Website and the Service may contain links to other websites. The operator of such ot - hide * This is a preview of your email. Not all subjects or topics are updated every day. If you see no results for a particular subject or topic, consider broadening your interests.
</post>
<signature>

</signature>
<external_links>

</external_links>
<country>US</country>
<main_image>http://www.jdsupra.com/showThumbnail.aspx?img=15392_053.jpg&amp;size=og</main_image>
</document>
