<?xml version="1.0" encoding="UTF-8"?>
<document>
<type>mainstream</type>
<forum>http://audioboom.com/boos/everyone.rss</forum>
<forum_title>audioBoom</forum_title>
<discussion_title>IMTalk Episode 531 - Jordan Rapp and Mary Beth Ellis</discussion_title>
<language>english</language>
<gmt_offset></gmt_offset>
<topic_url>https://audioboom.com/boos/4988292-imtalk-episode-531-jordan-rapp-and-mary-beth-ellis</topic_url>
<topic_text>
&lt;iframe width=&quot;100%&quot; height=&quot;150&quot; style=&quot;background-color:transparent; display:block; min-width:300px; max-width:700px;&quot; frameborder=&quot;0&quot; allowtransparency=&quot;allowtransparency&quot; scrolling=&quot;no&quot; src=&quot;//embeds.audioboom.com/boos/4988292-imtalk-episode-531-jordan-rapp-and-mary-beth-ellis/embed/v3?eid=AQAAAHK4xFeEHUwA&quot; title=&quot;audioBoom player&quot;&gt;&lt;/iframe&gt; Share on Facebook twitter 
News: Results from Challenge Penticton and IM Vitchy; 70.3 World Champs are coming up; Other Races; John&apos;s ITU update. 
This Weeks Discussion: The 70.3 World Champs are happening this weekend. We want to know your top three picks for both the mens and womens field. Can anyone pick all six? Comment here. 
This Weeks Photo: Here&apos;s the photo of the deer hitting at cyclist at a race in Dublin. 
Interview: John catches up with Jordan Rapp to talk about his season, why he didn&apos;t take his Kona slot, and his thoughts on this years Kona race. As always Jordan shares some deep insight into what is happening in the Ironman world right now. You can check out Jordan&apos;s work here: http://blog.rappstar.com Remember that Jordan always does good work on SlowTwitch.com as well. 
Interview: We get Mary Beth Ellis back on the show. She talks about her two last wins, what she learnt from last years Kona race, and what the goal is for this years race. You can check out all Mary&apos;s work here: http://marybethellisracing.com
</topic_text>
<spam_score>0.00</spam_score>
<post_num>1</post_num>
<post_id>post-1</post_id>
<post_url>https://audioboom.com/boos/4988292-imtalk-episode-531-jordan-rapp-and-mary-beth-ellis</post_url>
<post_date>20160829</post_date>
<post_time>2052</post_time>
<username>IMTalk</username>
<post>
&lt;iframe width=&quot;100%&quot; height=&quot;150&quot; style=&quot;background-color:transparent; display:block; min-width:300px; max-width:700px;&quot; frameborder=&quot;0&quot; allowtransparency=&quot;allowtransparency&quot; scrolling=&quot;no&quot; src=&quot;//embeds.audioboom.com/boos/4988292-imtalk-episode-531-jordan-rapp-and-mary-beth-ellis/embed/v3?eid=AQAAAHK4xFeEHUwA&quot; title=&quot;audioBoom player&quot;&gt;&lt;/iframe&gt; Share on Facebook twitter 
News: Results from Challenge Penticton and IM Vitchy; 70.3 World Champs are coming up; Other Races; John&apos;s ITU update. 
This Weeks Discussion: The 70.3 World Champs are happening this weekend. We want to know your top three picks for both the mens and womens field. Can anyone pick all six? Comment here. 
This Weeks Photo: Here&apos;s the photo of the deer hitting at cyclist at a race in Dublin. 
Interview: John catches up with Jordan Rapp to talk about his season, why he didn&apos;t take his Kona slot, and his thoughts on this years Kona race. As always Jordan shares some deep insight into what is happening in the Ironman world right now. You can check out Jordan&apos;s work here: http://blog.rappstar.com Remember that Jordan always does good work on SlowTwitch.com as well. 
Interview: We get Mary Beth Ellis back on the show. She talks about her two last wins, what she learnt from last years Kona race, and what the goal is for this years race. You can check out all Mary&apos;s work here: http://marybethellisracing.com
</post>
<signature>

</signature>
<external_links>

</external_links>
<country>GB</country>
<main_image>https://d15mj6e6qmt1na.cloudfront.net/files/images/2398/9571/XSiPUq.jpg</main_image>
</document>
