<?xml version="1.0" encoding="UTF-8"?>
<document>
<type>mainstream</type>
<forum>http://it.i88.ca/feeds/posts/default</forum>
<forum_title>i88.ca</forum_title>
<discussion_title>[HDGEM] Token authentication is a more modern approach than server-side session IDs</discussion_title>
<language>english</language>
<gmt_offset></gmt_offset>
<topic_url>http://it.i88.ca/2016/08/hdgem-token-authentication-is-more.html</topic_url>
<topic_text>
August 29, 2016 [HDGEM] Token authentication is a more modern approach than server-side session IDs Traditionally, applications have persisted identity through session cookies which rely on session IDs stored server-side. In this structure, developers are forced to create session storage that is either unique and server-specific, or implemented as a completely separate session storage layer. Token authentication is a more modern approach to solve problems server-side session IDs can&apos;t. Using tokens in place of session IDs can lower your server load, streamline permission management, and provide better tools for supporting a distributed or cloud-based infrastructure. In this method, tokens are generated for your users after they present verifiable credentials. The initial authentication could be by username/password credentials, API keys or even tokens from another service. -- Posted By Blogger to HDGEM at 8/29/2016 01:53:00 PM Reactions:
</topic_text>
<spam_score>0.00</spam_score>
<post_num>1</post_num>
<post_id>post-1</post_id>
<post_url>http://it.i88.ca/2016/08/hdgem-token-authentication-is-more.html</post_url>
<post_date>20160829</post_date>
<post_time>2053</post_time>
<username>Peter Li (noreply@blogger.com)</username>
<post>
August 29, 2016 [HDGEM] Token authentication is a more modern approach than server-side session IDs Traditionally, applications have persisted identity through session cookies which rely on session IDs stored server-side. In this structure, developers are forced to create session storage that is either unique and server-specific, or implemented as a completely separate session storage layer. Token authentication is a more modern approach to solve problems server-side session IDs can&apos;t. Using tokens in place of session IDs can lower your server load, streamline permission management, and provide better tools for supporting a distributed or cloud-based infrastructure. In this method, tokens are generated for your users after they present verifiable credentials. The initial authentication could be by username/password credentials, API keys or even tokens from another service. -- Posted By Blogger to HDGEM at 8/29/2016 01:53:00 PM Reactions:
</post>
<signature>

</signature>
<external_links>

</external_links>
<country>CA</country>
<main_image></main_image>
</document>
