<?xml version="1.0" encoding="UTF-8"?>
<document>
<type>mainstream</type>
<forum>http://audioboom.com/boos/everyone.rss</forum>
<forum_title>audioBoom</forum_title>
<discussion_title>Top Stories for Tuesday 30 August 2016</discussion_title>
<language>english</language>
<gmt_offset></gmt_offset>
<topic_url>https://audioboom.com/boos/4988359-top-stories-for-tuesday-30-august-2016</topic_url>
<topic_text>
&lt;iframe width=&quot;100%&quot; height=&quot;300&quot; style=&quot;background-color:transparent; display:block; max-width: 700px;&quot; frameborder=&quot;0&quot; allowtransparency=&quot;allowtransparency&quot; scrolling=&quot;no&quot; src=&quot;//embeds.audioboom.com/boos/4988359-top-stories-for-tuesday-30-august-2016/embed/v4?eid=AQAAADK4xFfHHUwA&quot; title=&quot;audioBoom player&quot;&gt;&lt;/iframe&gt; Share on Facebook twitter 
Police investigate cause of massive brawl at KFC; criminologist says new burglary policy won&apos;t reduce crimes; stark warning police resources will be stretched; Ministry defends tiny number of fish dumping prosecutions; Downer pulls out of nationwide fibre contract; new political party to focus on immigrants; Labour&apos;s Andrew Little says Auckland staff move key; kidnapped Australian aid worker rescued after four months.
</topic_text>
<spam_score>0.00</spam_score>
<post_num>1</post_num>
<post_id>post-1</post_id>
<post_url>https://audioboom.com/boos/4988359-top-stories-for-tuesday-30-august-2016</post_url>
<post_date>20160829</post_date>
<post_time>2059</post_time>
<username>RNZ: Morning Report</username>
<post>
&lt;iframe width=&quot;100%&quot; height=&quot;300&quot; style=&quot;background-color:transparent; display:block; max-width: 700px;&quot; frameborder=&quot;0&quot; allowtransparency=&quot;allowtransparency&quot; scrolling=&quot;no&quot; src=&quot;//embeds.audioboom.com/boos/4988359-top-stories-for-tuesday-30-august-2016/embed/v4?eid=AQAAADK4xFfHHUwA&quot; title=&quot;audioBoom player&quot;&gt;&lt;/iframe&gt; Share on Facebook twitter 
Police investigate cause of massive brawl at KFC; criminologist says new burglary policy won&apos;t reduce crimes; stark warning police resources will be stretched; Ministry defends tiny number of fish dumping prosecutions; Downer pulls out of nationwide fibre contract; new political party to focus on immigrants; Labour&apos;s Andrew Little says Auckland staff move key; kidnapped Australian aid worker rescued after four months.
</post>
<signature>

</signature>
<external_links>

</external_links>
<country>GB</country>
<main_image>https://d15mj6e6qmt1na.cloudfront.net/files/images/1141/4560/mza_4217760317242451116.600x600-75.jpg</main_image>
</document>
