<?xml version="1.0" encoding="UTF-8"?>
<document>
<type>mainstream</type>
<forum>http://www.busbyway.com/feed/</forum>
<forum_title>Busbyway.com</forum_title>
<discussion_title>Homewood Suites by Hilton Anaheim Main Gate Welcomes Guests to Experience Tower of Terror™ This Fall</discussion_title>
<language>english</language>
<gmt_offset></gmt_offset>
<topic_url>http://www.busbyway.com/2016/08/29/homewood-suites-by-hilton-anaheim-main-gate-welcomes-guests-to-experience-tower-of-terror-this-fall/</topic_url>
<topic_text>
Privacy Policy Homewood Suites by Hilton Anaheim Main Gate Welcomes Guests to Experience Tower of Terror™ This Fall 
All-suite hotel in Anaheim invites guests to enjoy their last rides at Tower of Terror™ before the attraction closes in January for launch of Guardians of the Galaxy® attraction Anaheim, Cali. (PRWEB) August 29, 2016 
Homewood Suites by Hilton Anaheim Main Gate, a Disney® Good Neighbor hotel, welcomes guests to ride Tower of Terror™ for the last time this fall. This popular Disney® California Adventure™ attraction will close in January 2017 to transform into a Guardians of the Galaxy® attraction, opening summer 2017. The transformed attraction will be an updated version of the previous one, featuring multiple random, unique ride profiles to surprise and delight each guest with their unique free fall sensation. 
For more information on this attraction transformation, please visit https://disneyparks.disney.go.com/blog/2016/07/guardians-of-the-galaxy-mission-breakout-coming-to-disney-california-adventure-park-summer-2017/?CMP=SOC-Twitter.GuardiansoftheGalaxy . 
Homewood Suites by Hilton Anaheim Main Gate is perfect for business travelers, families, extended-stay vacationers and everyone in between. Within easy walking distance to various dining and entertainment options, Homewood Suites is just one short mile to Disneyland®, ideal for guests looking to explore Anaheim’s entertainment options. 
With amazing amenities, comfortable suites and much more, the Homewood Suites works to ensure guest satisfaction in all areas. Guest amenities include: full kitchen in all suites, complimentary hot full breakfast daily, evening social Monday through Thursday nights, business center, free Wi-Fi, Disney Shuttle service and more. A guest favorite, the Welcome Home® reception, Monday through Thursday nights, is complimentary and offers a variety of light appetizers and drinks, subject to legal drinking age. Guests may relax in this all-suite hotel, with king or dual queen suites, as well as, accessible rooms available upon request. 
For more information or to make reservations, guests may call (714) 740-1800 or visit http://www.homewoodsuitesanaheim.com . The Homewood Suites by Hilton Anaheim Main Gate hotel is proudly managed by Stonebridge Companies in Denver, Colo. 
Founded in 1991 by Navin C. Dimond, Stonebridge Companies is a privately owned, innovative hotel owner, operator and developer headquartered near Denver. Its diverse listing of properties includes select-service, extended-stay, mid-scale and full-service hotels in markets throughout the U.S. For detailed information, visit http://www.sbcos.com . 
For the original version on PRWeb visit: http://www.prweb.com/releases/2016/08/prweb13646348.htm
</topic_text>
<spam_score>0.00</spam_score>
<post_num>1</post_num>
<post_id>post-1</post_id>
<post_url>http://www.busbyway.com/2016/08/29/homewood-suites-by-hilton-anaheim-main-gate-welcomes-guests-to-experience-tower-of-terror-this-fall/</post_url>
<post_date>20160829</post_date>
<post_time>2145</post_time>
<username>Benzinga Full Feed</username>
<post>
Privacy Policy Homewood Suites by Hilton Anaheim Main Gate Welcomes Guests to Experience Tower of Terror™ This Fall 
All-suite hotel in Anaheim invites guests to enjoy their last rides at Tower of Terror™ before the attraction closes in January for launch of Guardians of the Galaxy® attraction Anaheim, Cali. (PRWEB) August 29, 2016 
Homewood Suites by Hilton Anaheim Main Gate, a Disney® Good Neighbor hotel, welcomes guests to ride Tower of Terror™ for the last time this fall. This popular Disney® California Adventure™ attraction will close in January 2017 to transform into a Guardians of the Galaxy® attraction, opening summer 2017. The transformed attraction will be an updated version of the previous one, featuring multiple random, unique ride profiles to surprise and delight each guest with their unique free fall sensation. 
For more information on this attraction transformation, please visit https://disneyparks.disney.go.com/blog/2016/07/guardians-of-the-galaxy-mission-breakout-coming-to-disney-california-adventure-park-summer-2017/?CMP=SOC-Twitter.GuardiansoftheGalaxy . 
Homewood Suites by Hilton Anaheim Main Gate is perfect for business travelers, families, extended-stay vacationers and everyone in between. Within easy walking distance to various dining and entertainment options, Homewood Suites is just one short mile to Disneyland®, ideal for guests looking to explore Anaheim’s entertainment options. 
With amazing amenities, comfortable suites and much more, the Homewood Suites works to ensure guest satisfaction in all areas. Guest amenities include: full kitchen in all suites, complimentary hot full breakfast daily, evening social Monday through Thursday nights, business center, free Wi-Fi, Disney Shuttle service and more. A guest favorite, the Welcome Home® reception, Monday through Thursday nights, is complimentary and offers a variety of light appetizers and drinks, subject to legal drinking age. Guests may relax in this all-suite hotel, with king or dual queen suites, as well as, accessible rooms available upon request. 
For more information or to make reservations, guests may call (714) 740-1800 or visit http://www.homewoodsuitesanaheim.com . The Homewood Suites by Hilton Anaheim Main Gate hotel is proudly managed by Stonebridge Companies in Denver, Colo. 
Founded in 1991 by Navin C. Dimond, Stonebridge Companies is a privately owned, innovative hotel owner, operator and developer headquartered near Denver. Its diverse listing of properties includes select-service, extended-stay, mid-scale and full-service hotels in markets throughout the U.S. For detailed information, visit http://www.sbcos.com . 
For the original version on PRWeb visit: http://www.prweb.com/releases/2016/08/prweb13646348.htm
</post>
<signature>

</signature>
<external_links>

</external_links>
<country>US</country>
<main_image></main_image>
</document>
