<?xml version="1.0" encoding="UTF-8"?>
<document>
<type>mainstream</type>
<forum></forum>
<forum_title></forum_title>
<discussion_title>José Guerra: Gobierno entregó economía a los militares y causó crisis</discussion_title>
<language>spanish</language>
<gmt_offset></gmt_offset>
<topic_url>http://www.el-nacional.com/politica/Jose-Guerra-Gobierno-economia-militares_0_911909059.html</topic_url>
<topic_text>
José Guerra: Gobierno entregó economía a los militares y causó crisis 
José Guerra, diputado de la MUD | Referencial Acusó al ministro de Alimentación, Rodolfo Marcos Torres, de distribuir dólares sin notificar al presidente del Banco Central de Venezuela, Nelson Merentes Tweet: el nacional web 29 de agosto 2016 - 06:58 pm José Guerra, diputado a la Asamblea Nacional por la Mesa de Unidad Democrática, denunció que el gobierno entregó la economía del país a unos militares que “tomaron por asalto” las principales instituciones estratégicas para controlar las divisas y la importación. “La inseguridad de Nicolás Maduro lo ha llevado a rodearse de ese grupo de la Fuerza Armada Nacional para darse fuerza, cree que captando y poniendo a militares en esos grupos claves estará seguro”, argumentó Guerra durante una entrevista de radio. Acusó al ministro de Alimentación, Rodolfo Marcos Torres, de distribuir dólares sin notificar al presidente del Banco Central de Venezuela, Nelson Merentes. Criticó que el control cambiario lo manejan burócratas que deciden “quiénes viajan y quiénes importan rubros al país”. “PDVSA ha sido la reina de estos mecanismos de corrupción amparándose en el control de cambio para importar a través de PDVAL”, sumó el parlamentario. 
</topic_text>
<spam_score>0.03</spam_score>
<post_num>1</post_num>
<post_id>post-1</post_id>
<post_url>http://www.el-nacional.com/politica/Jose-Guerra-Gobierno-economia-militares_0_911909059.html</post_url>
<post_date>20160829</post_date>
<post_time></post_time>
<username>El Nacional Web</username>
<post>
José Guerra: Gobierno entregó economía a los militares y causó crisis 
José Guerra, diputado de la MUD | Referencial Acusó al ministro de Alimentación, Rodolfo Marcos Torres, de distribuir dólares sin notificar al presidente del Banco Central de Venezuela, Nelson Merentes Tweet: el nacional web 29 de agosto 2016 - 06:58 pm José Guerra, diputado a la Asamblea Nacional por la Mesa de Unidad Democrática, denunció que el gobierno entregó la economía del país a unos militares que “tomaron por asalto” las principales instituciones estratégicas para controlar las divisas y la importación. “La inseguridad de Nicolás Maduro lo ha llevado a rodearse de ese grupo de la Fuerza Armada Nacional para darse fuerza, cree que captando y poniendo a militares en esos grupos claves estará seguro”, argumentó Guerra durante una entrevista de radio. Acusó al ministro de Alimentación, Rodolfo Marcos Torres, de distribuir dólares sin notificar al presidente del Banco Central de Venezuela, Nelson Merentes. Criticó que el control cambiario lo manejan burócratas que deciden “quiénes viajan y quiénes importan rubros al país”. “PDVSA ha sido la reina de estos mecanismos de corrupción amparándose en el control de cambio para importar a través de PDVAL”, sumó el parlamentario. 
</post>
<signature>

</signature>
<external_links>

</external_links>
<country>US</country>
<main_image></main_image>
</document>
