<?xml version="1.0" encoding="UTF-8"?>
<document>
<type>mainstream</type>
<forum></forum>
<forum_title></forum_title>
<discussion_title>狛犬さんのプレイログ【パズドラ】</discussion_title>
<language>english</language>
<gmt_offset></gmt_offset>
<topic_url>http://hiroba.party/playlog/982436</topic_url>
<topic_text>

</topic_text>
<spam_score>0.00</spam_score>
<post_num>1</post_num>
<post_id>post-1</post_id>
<post_url>http://hiroba.party/playlog/982436</post_url>
<post_date>20160830</post_date>
<post_time></post_time>
<username></username>
<post>

</post>
<signature>

</signature>
<external_links>

</external_links>
<country>US</country>
<main_image>http://img-hiroba.appbank.net/playlog_thumb/20160830/12a46918a78d6cace4b2998450808f53900d42bd.png</main_image>
</document>
