<?xml version="1.0" encoding="UTF-8"?>
<document>
<type>mainstream</type>
<forum>http://stackoverflow.com/feeds</forum>
<forum_title>Recent Questions - Stack Overflow</forum_title>
<discussion_title>I can&apos;t send data to the next UIViewController</discussion_title>
<language>english</language>
<gmt_offset></gmt_offset>
<topic_url>http://stackoverflow.com/questions/39215795/i-cant-send-data-to-the-next-uiviewcontroller</topic_url>
<topic_text>
I need to send this data(id and status) to the next UIViewController {&quot;success&quot;:true,&quot;id&quot;:37,&quot;status&quot;:&quot;WAITING&quot;} 
but happens this in output.... id: nil // Nextview status try: nil // nextView ID NEXT VIEW 37 // the present view status NEXT VIEW WAITING // the present view id: Optional(37) // the next view status try: Optional(&quot;WAITING&quot;) // the next view 
This is my method to get a json and parse, and after, with method, send to the next view controller. func sendOrder(jsonOrder: AnyObject){ let request = NSMutableURLRequest(URL: NSURL(string: &quot;http://192.168.0.21:8080/easy-coffee/get-order/&quot;)!) request.HTTPMethod = &quot;POST&quot; let postString = jsonOrder print(postString) request.HTTPBody = postString.dataUsingEncoding(NSUTF8StringEncoding) let task = NSURLSession.sharedSession().dataTaskWithRequest(request) { data, response, error in guard error == nil &amp;&amp; data != nil else { print(&quot;error=\(error)&quot;) return } if let httpStatus = response as? NSHTTPURLResponse where httpStatus.statusCode != 200 { print(&quot;statusCode should be 200, but is \(httpStatus.statusCode)&quot;) print(&quot;response = \(response)&quot;) } let responseString = NSString(data: data!, encoding: NSUTF8StringEncoding)! print(responseString) do{ let OrderDict = try NSJSONSerialization.JSONObjectWithData(data!, options: NSJSONReadingOptions.AllowFragments) as! NSDictionary self.orderId = OrderDict[&quot;id&quot;] as? Int self.orderStatus = OrderDict[&quot;status&quot;] as? String self.nextView(self.orderId, orderStatus: self.orderStatus) }catch{ } } task.resume() } 
Method to send data to the next UIView Controller func nextView(orderId: Int, orderStatus: String){ if let waitingController = storyboard!.instantiateViewControllerWithIdentifier(&quot;waitingOrder&quot;) as? WaitingOrderViewController { print(&quot;ID NEXT VIEW \(orderId)&quot;) print(&quot;status NEXT VIEW \(orderStatus)&quot;) waitingController.id = orderId waitingController.status = orderStatus self.presentViewController(waitingController, animated: true, completion: nil) } 
Thank you guys
</topic_text>
<spam_score>0.00</spam_score>
<post_num>1</post_num>
<post_id>post-1</post_id>
<post_url>http://stackoverflow.com/questions/39215795/i-cant-send-data-to-the-next-uiviewcontroller</post_url>
<post_date>20160829</post_date>
<post_time>2252</post_time>
<username>Guilherme Abreu</username>
<post>
I need to send this data(id and status) to the next UIViewController {&quot;success&quot;:true,&quot;id&quot;:37,&quot;status&quot;:&quot;WAITING&quot;} 
but happens this in output.... id: nil // Nextview status try: nil // nextView ID NEXT VIEW 37 // the present view status NEXT VIEW WAITING // the present view id: Optional(37) // the next view status try: Optional(&quot;WAITING&quot;) // the next view 
This is my method to get a json and parse, and after, with method, send to the next view controller. func sendOrder(jsonOrder: AnyObject){ let request = NSMutableURLRequest(URL: NSURL(string: &quot;http://192.168.0.21:8080/easy-coffee/get-order/&quot;)!) request.HTTPMethod = &quot;POST&quot; let postString = jsonOrder print(postString) request.HTTPBody = postString.dataUsingEncoding(NSUTF8StringEncoding) let task = NSURLSession.sharedSession().dataTaskWithRequest(request) { data, response, error in guard error == nil &amp;&amp; data != nil else { print(&quot;error=\(error)&quot;) return } if let httpStatus = response as? NSHTTPURLResponse where httpStatus.statusCode != 200 { print(&quot;statusCode should be 200, but is \(httpStatus.statusCode)&quot;) print(&quot;response = \(response)&quot;) } let responseString = NSString(data: data!, encoding: NSUTF8StringEncoding)! print(responseString) do{ let OrderDict = try NSJSONSerialization.JSONObjectWithData(data!, options: NSJSONReadingOptions.AllowFragments) as! NSDictionary self.orderId = OrderDict[&quot;id&quot;] as? Int self.orderStatus = OrderDict[&quot;status&quot;] as? String self.nextView(self.orderId, orderStatus: self.orderStatus) }catch{ } } task.resume() } 
Method to send data to the next UIView Controller func nextView(orderId: Int, orderStatus: String){ if let waitingController = storyboard!.instantiateViewControllerWithIdentifier(&quot;waitingOrder&quot;) as? WaitingOrderViewController { print(&quot;ID NEXT VIEW \(orderId)&quot;) print(&quot;status NEXT VIEW \(orderStatus)&quot;) waitingController.id = orderId waitingController.status = orderStatus self.presentViewController(waitingController, animated: true, completion: nil) } 
Thank you guys
</post>
<signature>

</signature>
<external_links>

</external_links>
<country>US</country>
<main_image>http://cdn.sstatic.net/Sites/stackoverflow/img/apple-touch-icon@2.png?v=73d79a89bded&amp;a</main_image>
</document>
