<?xml version="1.0" encoding="UTF-8"?>
<document>
<type>mainstream</type>
<forum>http://elgraficotam.com.mx/feed/</forum>
<forum_title>El Gráfico de Tamaulipas</forum_title>
<discussion_title>‘Extravía’ Salud a 100 pacientes son SIDA</discussion_title>
<language>spanish</language>
<gmt_offset></gmt_offset>
<topic_url>http://elgraficotam.com.mx/2016/08/29/extravia-salud-a-100-pacientes-son-sida/</topic_url>
<topic_text>
Home › Locales › ‘Extravía’ Salud a 100 pacientes son SIDA La Secretaría de Salud en Tamaulipas, desconoce el paradero de al menos 100 personas con SIDA. ‘Extravía’ Salud a 100 pacientes son SIDA 


La Secretaría de Salud busca a los enfermos hasta en sus propios domicilios, sin embargo hay ocasiones en que no los vuelve a encontrar. 
La Secretaría de Salud en Tamaulipas, desconoce el paradero de al menos 100 personas que fueron detectadas con el virus del Síndrome de Inmuno Deficiencia Adquirida. En entrevista, el titular del programa, Alejandro Cortés Calderón, reconoció que es en el municipio de Reynosa donde más enfermos de SIDA tienen extraviados, lo cual argumentó, se debe a la gran movilidad poblacional que registra este municipio. “En Reynosa tenemos mucha movilización, tenemos gente de San Luis Potosí, Veracruz, de la mayor parte de la República, es un municipio de paso, es donde más se nos extravían las personas”, reconoció el responsable del programa. Aseveró que la Secretaría de Salud busca a los enfermos hasta en sus propios domicilios, sin embargo no los vuelve a encontrar por lo que abandonan el tratamiento, siendo aproximadamente unos 100 los que están en esta situación. “Detectamos a las personas y ya no regresan a nuestras clínicas, en los domicilios que nos dejó ya no las encontramos, se nos complica mucho sobre todo Reynosa por esta situación”, dijo, tras exhortarlos a retomar el tratamiento. Cortés Calderón reconoció además que por cada paciente que detectan con el Síndrome de Inmuno Deficiencia Adquirida, puede haber cuatro o hasta cinco personas que podrían estar enfermos, pero que lo desconocen porque no acuden con el médico.
</topic_text>
<spam_score>0.00</spam_score>
<post_num>1</post_num>
<post_id>post-1</post_id>
<post_url>http://elgraficotam.com.mx/2016/08/29/extravia-salud-a-100-pacientes-son-sida/</post_url>
<post_date>20160829</post_date>
<post_time>1500</post_time>
<username>Gilda Garza</username>
<post>
Home › Locales › ‘Extravía’ Salud a 100 pacientes son SIDA La Secretaría de Salud en Tamaulipas, desconoce el paradero de al menos 100 personas con SIDA. ‘Extravía’ Salud a 100 pacientes son SIDA 


La Secretaría de Salud busca a los enfermos hasta en sus propios domicilios, sin embargo hay ocasiones en que no los vuelve a encontrar. 
La Secretaría de Salud en Tamaulipas, desconoce el paradero de al menos 100 personas que fueron detectadas con el virus del Síndrome de Inmuno Deficiencia Adquirida. En entrevista, el titular del programa, Alejandro Cortés Calderón, reconoció que es en el municipio de Reynosa donde más enfermos de SIDA tienen extraviados, lo cual argumentó, se debe a la gran movilidad poblacional que registra este municipio. “En Reynosa tenemos mucha movilización, tenemos gente de San Luis Potosí, Veracruz, de la mayor parte de la República, es un municipio de paso, es donde más se nos extravían las personas”, reconoció el responsable del programa. Aseveró que la Secretaría de Salud busca a los enfermos hasta en sus propios domicilios, sin embargo no los vuelve a encontrar por lo que abandonan el tratamiento, siendo aproximadamente unos 100 los que están en esta situación. “Detectamos a las personas y ya no regresan a nuestras clínicas, en los domicilios que nos dejó ya no las encontramos, se nos complica mucho sobre todo Reynosa por esta situación”, dijo, tras exhortarlos a retomar el tratamiento. Cortés Calderón reconoció además que por cada paciente que detectan con el Síndrome de Inmuno Deficiencia Adquirida, puede haber cuatro o hasta cinco personas que podrían estar enfermos, pero que lo desconocen porque no acuden con el médico.
</post>
<signature>

</signature>
<external_links>

</external_links>
<country>MX</country>
<main_image>http://elgraficotam.com.mx/wp-content/uploads/2016/08/4-1-5-620x330.jpg</main_image>
</document>
