<?xml version="1.0" encoding="UTF-8"?>
<document>
<type>mainstream</type>
<forum>http://www.dailystar.com.lb/News/Lebanon-News.ashx</forum>
<forum_title>News , Lebanon News | THE DAILY STAR </forum_title>
<discussion_title>U.S. Defense Secretary calls on Turkey not to target Syria rebels | News , Middle East</discussion_title>
<language>english</language>
<gmt_offset></gmt_offset>
<topic_url>http://www.dailystar.com.lb/News/Middle-East/2016/Aug-29/369575-us-defense-secretary-calls-on-turkey-not-to-target-syria-rebels.ashx</topic_url>
<topic_text>

 Recommended Related Articles Turkey signals no quick end to Syria incursion as truck bomb kills 11
Turkey indicates Syria incursion will endure for now
Syria’s Kurds: Embattled U.S. allies in a complex civil war
Entities People Ash Carter Joseph Dunford Countries U.S. Syria Turkey Locations &amp; natural formations Islamic state Political group ISIL Agencies Joint Chiefs of Staff Advertisement
</topic_text>
<spam_score>0.00</spam_score>
<post_num>1</post_num>
<post_id>post-1</post_id>
<post_url>http://www.dailystar.com.lb/News/Middle-East/2016/Aug-29/369575-us-defense-secretary-calls-on-turkey-not-to-target-syria-rebels.ashx</post_url>
<post_date>20160829</post_date>
<post_time>2235</post_time>
<username>dailystar</username>
<post>

 Recommended Related Articles Turkey signals no quick end to Syria incursion as truck bomb kills 11
Turkey indicates Syria incursion will endure for now
Syria’s Kurds: Embattled U.S. allies in a complex civil war
Entities People Ash Carter Joseph Dunford Countries U.S. Syria Turkey Locations &amp; natural formations Islamic state Political group ISIL Agencies Joint Chiefs of Staff Advertisement
</post>
<signature>

</signature>
<external_links>

</external_links>
<country>LB</country>
<main_image>http://www.dailystar.com.lb//dailystar/Pictures/2016/08/29/551628_img650x420_img650x420_crop.jpg</main_image>
</document>
