<?xml version="1.0" encoding="UTF-8"?>
<document>
<type>mainstream</type>
<forum>http://audioboom.com/boos/everyone.rss</forum>
<forum_title>audioBoom</forum_title>
<discussion_title>08/29: Tips for picking against the spread + Week 1 freebies</discussion_title>
<language>english</language>
<gmt_offset></gmt_offset>
<topic_url>https://audioboom.com/boos/4988248-08-29-tips-for-picking-against-the-spread-week-1-freebies</topic_url>
<topic_text>
&lt;iframe width=&quot;100%&quot; height=&quot;150&quot; style=&quot;background-color:transparent; display:block; min-width:300px; max-width:700px;&quot; frameborder=&quot;0&quot; allowtransparency=&quot;allowtransparency&quot; scrolling=&quot;no&quot; src=&quot;//embeds.audioboom.com/boos/4988248-08-29-tips-for-picking-against-the-spread-week-1-freebies/embed/v3?eid=AQAAAOy2xFdYHUwA&quot; title=&quot;audioBoom player&quot;&gt;&lt;/iframe&gt; Share on
</topic_text>
<spam_score>0.00</spam_score>
<post_num>1</post_num>
<post_id>post-1</post_id>
<post_url>https://audioboom.com/boos/4988248-08-29-tips-for-picking-against-the-spread-week-1-freebies</post_url>
<post_date>20160829</post_date>
<post_time>2122</post_time>
<username>CBSSports.com Eye On College Football Podcast</username>
<post>
&lt;iframe width=&quot;100%&quot; height=&quot;150&quot; style=&quot;background-color:transparent; display:block; min-width:300px; max-width:700px;&quot; frameborder=&quot;0&quot; allowtransparency=&quot;allowtransparency&quot; scrolling=&quot;no&quot; src=&quot;//embeds.audioboom.com/boos/4988248-08-29-tips-for-picking-against-the-spread-week-1-freebies/embed/v3?eid=AQAAAOy2xFdYHUwA&quot; title=&quot;audioBoom player&quot;&gt;&lt;/iframe&gt; Share on
</post>
<signature>

</signature>
<external_links>

</external_links>
<country>GB</country>
<main_image>https://d15mj6e6qmt1na.cloudfront.net/files/images/0856/0743/mza_2730063193952673979.600x600-75.jpg</main_image>
</document>
