<?xml version="1.0" encoding="UTF-8"?>
<document>
<type>mainstream</type>
<forum>http://kctv5.com//category/208603/sports?clienttype=rss</forum>
<forum_title>KCTV Kansas City - Sports</forum_title>
<discussion_title>Chiefs&apos; Eric Berry back in camp, ready to get back to work</discussion_title>
<language>english</language>
<gmt_offset></gmt_offset>
<topic_url>http://www.kctv5.com/story/32866542/chiefs-eric-berry-back-in-camp-ready-to-get-back-to-work</topic_url>
<topic_text>
KANSAS CITY, MO (AP) - Eric Berry insists he left the business side of professional football in the parking lot when the All-Pro safety walked through the doors of the Kansas City Chiefs&apos; practice facility.
That stuff had consumed enough time the past six months.
&quot;Everybody in this building knows how I am about business. I handle my business like a professional,&quot; Berry said, and &quot;aside from that I&apos;m going to give everything I&apos;ve got every snap.
&quot;Regards to what happened in the offseason, that&apos;s the offseason.&quot;
The Chiefs made Berry their franchise player after his stirring comeback from cancer, then began negotiations on a long-term deal. But the sides were never close to an agreement by the July 15 deadline, and Berry refused to sign his franchise tender until this past weekend.
That meant he could skip training camp without being fined.
&quot;It was a different situation. I&apos;ve never been a part of that,&quot; Berry said, &quot;but at the end of the day I know that my teammates and my coaches, that we are all in it together.&quot;
Now with his name on a one-year, $10.806 million contract, Berry can redirect his attention toward getting ready for the regular season.
He is not expected to play in the Chiefs&apos; preseason finale Thursday night against Green Bay, so his first game action since Kansas City was eliminated by New England in the playoffs will come Sept. 11 against San Diego.
Not that the seventh-year pro needs much time to get up to speed.
Berry played in every game last season, less than a year after he was diagnosed with cancer, and proved to be the emotional leader of the Kansas City defense. He made 55 tackles, had a pair of interceptions and was rewarded for his play with his fourth Pro Bowl appearance.
&quot;We all like to think practice is important, but you have a really unique player,&quot; Chiefs defensive coordinator Bob Sutton said. &quot;He&apos;s very talented. He&apos;s a guy that takes great pride in the way he conditions. So there&apos;s none of that you&apos;re going through.
&quot;He&apos;s always been a guy that was passionate, loved football and then to be in the position he was two years ago,&quot; Sutton said, &quot;I just think he&apos;s going to be excited to get back out there.&quot;
The close-knit Chiefs sure sound excited to have him back.
Alex Smith was one of the first players to see Berry when he walked through the door, the quarterback welcoming him with open arms. Berry also had a sit-down meeting with coach Andy Reid where they discussed just about everything but football.
Berry said he watched the Chiefs&apos; first three preseason games and took down notes, and now the challenge is to put all of them into practice in less than two weeks.
&quot;I had a lot of questions, just because some things tend to change in camp,&quot; he said. &quot;They cleared that up for me and just going through the walk-through this morning, seems like everything is ready to go.&quot;
That&apos;s welcome news to a Chiefs defense that has been uneven in the preseason.
The Chiefs struggled against the run in games against the Seahawks and Rams, where Berry&apos;s ability to plug holes at the line of scrimmage would have come in handy. They fared better against the Bears over the weekend, an encouraging sign once Berry is back in the mix.
&quot;We just have to hope that it works the way we think it can,&quot; Sutton said. &quot;There may be some bumps in the road, but I&apos;m pretty confident that he can do this. I think he&apos;ll do a great job.&quot;
NOTES: CB Kenneth Acker spoke for the first time since joining the Chiefs in a weekend trade from San Francisco. &quot;I don&apos;t know much about the city,&quot; he said, &quot;but I know this is a pretty good team. I feel like I bring a lot.&quot; ... Special teams coach Dave Toub continued to praise WR Tyreek Hill, who should figure prominently in the return game. &quot;He&apos;s getting closer,&quot; Toub said. &quot;He really does a good job when he hits the edge. You can see that he changes everybody&apos;s angles when he hits that corner. It&apos;s just a matter of time before we get him a really big one.&quot;
Copyright 2016 The Associated Press.   This material may not be published, broadcast, rewritten or redistributed.
</topic_text>
<spam_score>0.00</spam_score>
<post_num>1</post_num>
<post_id>post-1</post_id>
<post_url>http://www.kctv5.com/story/32866542/chiefs-eric-berry-back-in-camp-ready-to-get-back-to-work</post_url>
<post_date>20160829</post_date>
<post_time>1709</post_time>
<username>Posted by Chris Oberholtz, Digital Content Manager</username>
<post>
KANSAS CITY, MO (AP) - Eric Berry insists he left the business side of professional football in the parking lot when the All-Pro safety walked through the doors of the Kansas City Chiefs&apos; practice facility.
That stuff had consumed enough time the past six months.
&quot;Everybody in this building knows how I am about business. I handle my business like a professional,&quot; Berry said, and &quot;aside from that I&apos;m going to give everything I&apos;ve got every snap.
&quot;Regards to what happened in the offseason, that&apos;s the offseason.&quot;
The Chiefs made Berry their franchise player after his stirring comeback from cancer, then began negotiations on a long-term deal. But the sides were never close to an agreement by the July 15 deadline, and Berry refused to sign his franchise tender until this past weekend.
That meant he could skip training camp without being fined.
&quot;It was a different situation. I&apos;ve never been a part of that,&quot; Berry said, &quot;but at the end of the day I know that my teammates and my coaches, that we are all in it together.&quot;
Now with his name on a one-year, $10.806 million contract, Berry can redirect his attention toward getting ready for the regular season.
He is not expected to play in the Chiefs&apos; preseason finale Thursday night against Green Bay, so his first game action since Kansas City was eliminated by New England in the playoffs will come Sept. 11 against San Diego.
Not that the seventh-year pro needs much time to get up to speed.
Berry played in every game last season, less than a year after he was diagnosed with cancer, and proved to be the emotional leader of the Kansas City defense. He made 55 tackles, had a pair of interceptions and was rewarded for his play with his fourth Pro Bowl appearance.
&quot;We all like to think practice is important, but you have a really unique player,&quot; Chiefs defensive coordinator Bob Sutton said. &quot;He&apos;s very talented. He&apos;s a guy that takes great pride in the way he conditions. So there&apos;s none of that you&apos;re going through.
&quot;He&apos;s always been a guy that was passionate, loved football and then to be in the position he was two years ago,&quot; Sutton said, &quot;I just think he&apos;s going to be excited to get back out there.&quot;
The close-knit Chiefs sure sound excited to have him back.
Alex Smith was one of the first players to see Berry when he walked through the door, the quarterback welcoming him with open arms. Berry also had a sit-down meeting with coach Andy Reid where they discussed just about everything but football.
Berry said he watched the Chiefs&apos; first three preseason games and took down notes, and now the challenge is to put all of them into practice in less than two weeks.
&quot;I had a lot of questions, just because some things tend to change in camp,&quot; he said. &quot;They cleared that up for me and just going through the walk-through this morning, seems like everything is ready to go.&quot;
That&apos;s welcome news to a Chiefs defense that has been uneven in the preseason.
The Chiefs struggled against the run in games against the Seahawks and Rams, where Berry&apos;s ability to plug holes at the line of scrimmage would have come in handy. They fared better against the Bears over the weekend, an encouraging sign once Berry is back in the mix.
&quot;We just have to hope that it works the way we think it can,&quot; Sutton said. &quot;There may be some bumps in the road, but I&apos;m pretty confident that he can do this. I think he&apos;ll do a great job.&quot;
NOTES: CB Kenneth Acker spoke for the first time since joining the Chiefs in a weekend trade from San Francisco. &quot;I don&apos;t know much about the city,&quot; he said, &quot;but I know this is a pretty good team. I feel like I bring a lot.&quot; ... Special teams coach Dave Toub continued to praise WR Tyreek Hill, who should figure prominently in the return game. &quot;He&apos;s getting closer,&quot; Toub said. &quot;He really does a good job when he hits the edge. You can see that he changes everybody&apos;s angles when he hits that corner. It&apos;s just a matter of time before we get him a really big one.&quot;
Copyright 2016 The Associated Press.   This material may not be published, broadcast, rewritten or redistributed.
</post>
<signature>

</signature>
<external_links>

</external_links>
<country>US</country>
<main_image>http://kctv.images.worldnow.com/images/11566313_G.jpg</main_image>
</document>
