<?xml version="1.0" encoding="UTF-8"?>
<document>
<type>mainstream</type>
<forum>http://it.i88.ca/feeds/posts/default</forum>
<forum_title>i88.ca</forum_title>
<discussion_title>[HDGEM] The microservices architecture is generally accepted as a better way to build apps these days.</discussion_title>
<language>english</language>
<gmt_offset></gmt_offset>
<topic_url>http://it.i88.ca/2016/08/hdgem-microservices-architecture-is.html</topic_url>
<topic_text>
[HDGEM] The microservices architecture is generally accepted as a better way to build apps these days. -- Posted By Blogger to HDGEM at 8/29/2016 01:45:00 PM Reactions:
</topic_text>
<spam_score>0.00</spam_score>
<post_num>1</post_num>
<post_id>post-1</post_id>
<post_url>http://it.i88.ca/2016/08/hdgem-microservices-architecture-is.html</post_url>
<post_date>20160829</post_date>
<post_time>2045</post_time>
<username>Peter Li (noreply@blogger.com)</username>
<post>
[HDGEM] The microservices architecture is generally accepted as a better way to build apps these days. -- Posted By Blogger to HDGEM at 8/29/2016 01:45:00 PM Reactions:
</post>
<signature>

</signature>
<external_links>

</external_links>
<country>CA</country>
<main_image></main_image>
</document>
