<?xml version="1.0" encoding="UTF-8"?>
<document>
<type>mainstream</type>
<forum>http://www.rp-online.de/nrw/staedte/kaarst/feed.atom</forum>
<forum_title>Kaarst | RP ONLINE</forum_title>
<discussion_title>Kaarst - Auto fährt gegen Fassade des Husemeshofs</discussion_title>
<language>german</language>
<gmt_offset></gmt_offset>
<topic_url>http://www.rp-online.de/nrw/staedte/kaarst/auto-faehrt-gegen-fassade-des-husemeshofs-aid-1.6223767</topic_url>
<topic_text>
Kaarst Auto fährt gegen Fassade des Husemeshofs Kaarst. Gegen die Fassade des Husemeshofes an der Kreuzung Neusser Straße/Mittelstraße ist am gestrigen Montag, 29. August, ein 82-jähriger Kaarster mit seinem Auto gefahren. Nach Angaben von Zeugen war der Audi gegen 11.55 Uhr in langsamer Geschwindigkeit in den Kreuzungsbereich eingefahren, als der Fahrer plötzlich nach links steuerte und dann gegen die Hauswand prallte. Rettungskräfte brachten den verletzten Senior in ein Krankenhaus. Der Wagen musste abgeschleppt werden; auslaufende Betriebsstoffe entsorgte die Feuerwehr. Nach ersten Erkenntnissen der Polizei führte ein medizinischer Notfall beim Fahrer zu der Kollision. Quelle: NGZ Ihre Meinung zum Thema ist gefragt 
Schreiben Sie jetzt Ihre Meinung zu: Kaarst: Auto fährt gegen Fassade des Husemeshofs 
Mich über weitere Kommentare per Mail benachrichtigen Kommentar senden Vielen Dank für Ihren Beitrag! Ihr Kommentar wird nun gesichtet. Im Anschluss erhalten Sie eine E-Mail von uns. Bitte beachten Sie, dass es bei einem großen Kommentaraufkommen zu längeren Wartezeiten kommen kann. Wir sichten die Kommentare werktags zwischen 09 und 22 Uhr. Samstags und sonntags sind wir in der Regel von 10 bis 18 Uhr für Sie da.
</topic_text>
<spam_score>0.00</spam_score>
<post_num>1</post_num>
<post_id>post-1</post_id>
<post_url>http://www.rp-online.de/nrw/staedte/kaarst/auto-faehrt-gegen-fassade-des-husemeshofs-aid-1.6223767</post_url>
<post_date>20160829</post_date>
<post_time>2200</post_time>
<username></username>
<post>
Kaarst Auto fährt gegen Fassade des Husemeshofs Kaarst. Gegen die Fassade des Husemeshofes an der Kreuzung Neusser Straße/Mittelstraße ist am gestrigen Montag, 29. August, ein 82-jähriger Kaarster mit seinem Auto gefahren. Nach Angaben von Zeugen war der Audi gegen 11.55 Uhr in langsamer Geschwindigkeit in den Kreuzungsbereich eingefahren, als der Fahrer plötzlich nach links steuerte und dann gegen die Hauswand prallte. Rettungskräfte brachten den verletzten Senior in ein Krankenhaus. Der Wagen musste abgeschleppt werden; auslaufende Betriebsstoffe entsorgte die Feuerwehr. Nach ersten Erkenntnissen der Polizei führte ein medizinischer Notfall beim Fahrer zu der Kollision. Quelle: NGZ Ihre Meinung zum Thema ist gefragt 
Schreiben Sie jetzt Ihre Meinung zu: Kaarst: Auto fährt gegen Fassade des Husemeshofs 
Mich über weitere Kommentare per Mail benachrichtigen Kommentar senden Vielen Dank für Ihren Beitrag! Ihr Kommentar wird nun gesichtet. Im Anschluss erhalten Sie eine E-Mail von uns. Bitte beachten Sie, dass es bei einem großen Kommentaraufkommen zu längeren Wartezeiten kommen kann. Wir sichten die Kommentare werktags zwischen 09 und 22 Uhr. Samstags und sonntags sind wir in der Regel von 10 bis 18 Uhr für Sie da.
</post>
<signature>

</signature>
<external_links>

</external_links>
<country>DE</country>
<main_image>http://bc03.rp-online.de/polopoly_fs/beschaedigte-wagen-musste-abgeschleppt-werden-1.6223768.1472491985!httpImage/279041054.jpg_gen/derivatives/d950x950/279041054.jpg</main_image>
</document>
