<?xml version="1.0" encoding="UTF-8"?>
<document>
<type>mainstream</type>
<forum>http://it.i88.ca/feeds/posts/default</forum>
<forum_title>i88.ca</forum_title>
<discussion_title>[HDGEM] Unlock the power of your emails</discussion_title>
<language>english</language>
<gmt_offset></gmt_offset>
<topic_url>http://it.i88.ca/2016/08/hdgem-unlock-power-of-your-emails.html</topic_url>
<topic_text>
August 29, 2016 [HDGEM] Unlock the power of your emails Email is an important part of how we get things done -- from planning an event with friends to organizing a trip to Paris. So much information is contained inside emails -- like the details of a dinner party or travel itinerary -- and so many emails require action -- like RSVP, or flight checkin. By adding schema.org markup to the emails you send your users, you can make that information available across their Google experience, and make it easy for users to take quick action. Inbox, Gmail, Google Calendar, Google Search, and Google Now all already use this structured data. Schema.org is a markup vocabulary that is standardized and managed as a collaboration of Google and other companies. By working with schema.org, we are creating an open standard, so that the markup you embed can be used by any email product that receives them.
</topic_text>
<spam_score>0.00</spam_score>
<post_num>1</post_num>
<post_id>post-1</post_id>
<post_url>http://it.i88.ca/2016/08/hdgem-unlock-power-of-your-emails.html</post_url>
<post_date>20160829</post_date>
<post_time>1938</post_time>
<username>Peter Li (noreply@blogger.com)</username>
<post>
August 29, 2016 [HDGEM] Unlock the power of your emails Email is an important part of how we get things done -- from planning an event with friends to organizing a trip to Paris. So much information is contained inside emails -- like the details of a dinner party or travel itinerary -- and so many emails require action -- like RSVP, or flight checkin. By adding schema.org markup to the emails you send your users, you can make that information available across their Google experience, and make it easy for users to take quick action. Inbox, Gmail, Google Calendar, Google Search, and Google Now all already use this structured data. Schema.org is a markup vocabulary that is standardized and managed as a collaboration of Google and other companies. By working with schema.org, we are creating an open standard, so that the markup you embed can be used by any email product that receives them.
</post>
<signature>

</signature>
<external_links>

</external_links>
<country>CA</country>
<main_image></main_image>
</document>
