<?xml version="1.0" encoding="UTF-8"?>
<document>
<type>mainstream</type>
<forum></forum>
<forum_title></forum_title>
<discussion_title>£512m cocaine smugglers to appeal conviction | Northsound 1- Number 1 for The North East of Scotland. Your Music, Your Life</discussion_title>
<language>english</language>
<gmt_offset></gmt_offset>
<topic_url>http://www.northsound1.com/scottish-news/512m-cocaine-smugglers-to-appeal-conviction/</topic_url>
<topic_text>
£512m cocaine smugglers to appeal conviction Posted on Monday 29 August 2016 
Two Turkish sailors convicted of smuggling a record £512 million worth of cocaine aboard a tug boat are to appeal against their conviction. 
Mumin Sahin and Emin Ozmen were each jailed for at least 20 years following trial after three tonnes of the Class A drug were discovered inside the MV Hamal about 100 miles off the coast of Aberdeen in the North Sea. 
The 2015 seizure is said to be the biggest single cocaine haul ever recovered at sea in Europe. 
Ship&apos;s captain Sahin, 47, was sentenced to 22 years while second captain Ozmen, 51, was given a 20-year term at the High Court in Glasgow earlier in August. 
Charges against four other men were found not proven. 
A High Court official confirmed Sahin has intimated his intention to appeal against conviction and sentence, and Ozmen against conviction. 
The drugs were found hidden in a secret hold in the Tanzanian-registered tugboat, which was sailing from Istanbul to Guyana via Tenerife and then to the North Sea, when it was stopped by the Royal Navy frigate HMS Somerset and Border Force cutter HMC Valiant following a tip-off from French intelligence. 
Investigators drilled through a steel plate into a secret compartment to find 128 bales of cocaine weighing 3.2 tonnes which took nearly three days to remove. 
The entrance was found under a wardrobe with the opening cemented over - one of the most intricate concealments the Border Force has ever encountered. 
Judge Lord Kinclaven told the men the quantity of drugs was &apos;&apos;not only significant but massive&apos;&apos; and drugs trafficking had a &apos;&apos;devastating impact&apos;&apos; on people and communities. 
</topic_text>
<spam_score>0.18</spam_score>
<post_num>1</post_num>
<post_id>post-1</post_id>
<post_url>http://www.northsound1.com/scottish-news/512m-cocaine-smugglers-to-appeal-conviction/</post_url>
<post_date>20160829</post_date>
<post_time></post_time>
<username></username>
<post>
£512m cocaine smugglers to appeal conviction Posted on Monday 29 August 2016 
Two Turkish sailors convicted of smuggling a record £512 million worth of cocaine aboard a tug boat are to appeal against their conviction. 
Mumin Sahin and Emin Ozmen were each jailed for at least 20 years following trial after three tonnes of the Class A drug were discovered inside the MV Hamal about 100 miles off the coast of Aberdeen in the North Sea. 
The 2015 seizure is said to be the biggest single cocaine haul ever recovered at sea in Europe. 
Ship&apos;s captain Sahin, 47, was sentenced to 22 years while second captain Ozmen, 51, was given a 20-year term at the High Court in Glasgow earlier in August. 
Charges against four other men were found not proven. 
A High Court official confirmed Sahin has intimated his intention to appeal against conviction and sentence, and Ozmen against conviction. 
The drugs were found hidden in a secret hold in the Tanzanian-registered tugboat, which was sailing from Istanbul to Guyana via Tenerife and then to the North Sea, when it was stopped by the Royal Navy frigate HMS Somerset and Border Force cutter HMC Valiant following a tip-off from French intelligence. 
Investigators drilled through a steel plate into a secret compartment to find 128 bales of cocaine weighing 3.2 tonnes which took nearly three days to remove. 
The entrance was found under a wardrobe with the opening cemented over - one of the most intricate concealments the Border Force has ever encountered. 
Judge Lord Kinclaven told the men the quantity of drugs was &apos;&apos;not only significant but massive&apos;&apos; and drugs trafficking had a &apos;&apos;devastating impact&apos;&apos; on people and communities. 
</post>
<signature>

</signature>
<external_links>

</external_links>
<country>US</country>
<main_image>http://mediastorage.bauermedia.co.uk/05/7f3bd/31954/f6807/0dc3d/11b44/24ad6/court_778x436.png?1444920996</main_image>
</document>
