<?xml version="1.0" encoding="UTF-8"?>
<document>
<type>mainstream</type>
<forum>http://feeds.feedburner.com/Wect-News</forum>
<forum_title>WECT-TV6 - Local</forum_title>
<discussion_title>Wilmington traffic leaders: urgent need to replace Cape Fear Memorial Bridge</discussion_title>
<language>english</language>
<gmt_offset></gmt_offset>
<topic_url>http://www.wect.com/story/32868036/wilmington-traffic-leaders-urgent-need-to-replace-cape-fear-memorial-bridge</topic_url>
<topic_text>
Wilmington traffic leaders: urgent need to replace Cape Fear Mem - WECT TV6-WECT.com:News, weather &amp; sports Wilmington, NC Member Center: Wilmington traffic leaders: urgent need to replace Cape Fear Memorial Bridge 2016-08-29T22:25:40Z Traffic leaders say frequent lane closures on bridge creating safety hazard.   
There’s been talk for at least a decade about the need for a new bridge over the Northeast Cape Fear River. But despite the growing need, plans for a new bridge haven&apos;t made much progress.Now, Wilmington area traffic leaders are asking the Department of Transportation to stop doing maintenance work on the bridge during peak travel times, or during the busy summer months. They’re also asking the DOT to expedite plans to replace the Cape Fear Memorial Bridge. 
The Wilmington Metropolitan Planning Organization is drafting a resolution to send to the DOT. The latest version says the DOT’s “frequent lane closures for maintenance have created a severe safety hazard to those using the bridge” and asks the DOT for advance notice of lane closures to mitigate those hazards. 
The resolution draft says a new bridge is “critical to safety, economic development, and efficient flow of commerce.” 
Leland Town Councilwoman Pat Battleman is a vocal member of the MPO, and says some of her constituents are in danger of losing their jobs because they struggle to get to work on time with the sometimes standstill traffic. 
She&apos;s also worried someone trying to get the hospital could die if they can&apos;t get across the bridge in time. 
The MPO is expected to finalize the language and pass the resolution to send to the DOT on Wednesday. 
 
</topic_text>
<spam_score>0.00</spam_score>
<post_num>1</post_num>
<post_id>post-1</post_id>
<post_url>http://www.wect.com/story/32868036/wilmington-traffic-leaders-urgent-need-to-replace-cape-fear-memorial-bridge</post_url>
<post_date>20160829</post_date>
<post_time>2225</post_time>
<username>Ann McAdams</username>
<post>
Wilmington traffic leaders: urgent need to replace Cape Fear Mem - WECT TV6-WECT.com:News, weather &amp; sports Wilmington, NC Member Center: Wilmington traffic leaders: urgent need to replace Cape Fear Memorial Bridge 2016-08-29T22:25:40Z Traffic leaders say frequent lane closures on bridge creating safety hazard.   
There’s been talk for at least a decade about the need for a new bridge over the Northeast Cape Fear River. But despite the growing need, plans for a new bridge haven&apos;t made much progress.Now, Wilmington area traffic leaders are asking the Department of Transportation to stop doing maintenance work on the bridge during peak travel times, or during the busy summer months. They’re also asking the DOT to expedite plans to replace the Cape Fear Memorial Bridge. 
The Wilmington Metropolitan Planning Organization is drafting a resolution to send to the DOT. The latest version says the DOT’s “frequent lane closures for maintenance have created a severe safety hazard to those using the bridge” and asks the DOT for advance notice of lane closures to mitigate those hazards. 
The resolution draft says a new bridge is “critical to safety, economic development, and efficient flow of commerce.” 
Leland Town Councilwoman Pat Battleman is a vocal member of the MPO, and says some of her constituents are in danger of losing their jobs because they struggle to get to work on time with the sometimes standstill traffic. 
She&apos;s also worried someone trying to get the hospital could die if they can&apos;t get across the bridge in time. 
The MPO is expected to finalize the language and pass the resolution to send to the DOT on Wednesday. 
 
</post>
<signature>

</signature>
<external_links>

</external_links>
<country>US</country>
<main_image>http://WECT.images.worldnow.com/images/5466092_G.jpg</main_image>
</document>
