<?xml version="1.0" encoding="UTF-8"?>
<document>
<type>mainstream</type>
<forum>http://www.uthm.edu.my/v2/component/option,com_rd_rss/id,2/lang,en</forum>
<forum_title>Berita UTHM</forum_title>
<discussion_title>UTHM terima 2285 Pelajar Baharu Program Ijazah Sarjana Muda</discussion_title>
<language>malay</language>
<gmt_offset></gmt_offset>
<topic_url>http://www.uthm.edu.my/v2/index.php?option=com_content&amp;task=view&amp;id=1811&amp;Itemid=229</topic_url>
<topic_text>
UTHM terima 2285 Pelajar Baharu Program Ijazah Sarjana Muda UTHM terima 2285 Pelajar Baharu Program Ijazah Sarjana Muda   menerima seramai 2285orang pelajar baharu bagi program Ijazah Sarjana Muda sesi 2016/2017 pada hari pertama pendaftaran yang berlangsung pada 28 Ogos baru-baru ini. Daripada jumlah tersebut, 1039 terdiri daripada pelajar lelaki manakala 1246 lagi adalah pelajar perempuan. Kesemua pelajar yang mendaftarkan diri ini akan mengikuti pelbagai kursus yang ditawarkan oleh lapan fakulti iaitu Fakulti Kejuruteraan Awam dan Alam Sekitar, Fakulti Kejuruteraan Elektrik dan Elektronik, Fakulti Kejuruteraan Mekanikal dan Pembuatan, Fakulti Pengurusan Teknologi dan Perniagaan, Fakulti Sains Komputer dan Teknologi Maklumat, Fakulti Pendidikan Teknikal dan Vokasional, Fakulti Teknologi Kejuruteraan dan Fakulti Sains, Teknologi dan Pembangunan Insan. Bagaimanapun, jumlah pendaftaran pelajar dijangka akan terus meningkat sehingga tempoh rayuan berakhir. Pelajar-pelajar baharu tersebut akan menginap di kolej-kolej kediaman yang disediakan oleh pihak universiti dan mereka diwajibkan mengikuti Minggu Haluan Siswa (MHS) yang dijadual berlangsung selama seminggu bermula 28 Ogos hingga 3 September ini. Last Updated ( Isnin, 29 Ogos 2016 )
</topic_text>
<spam_score>0.00</spam_score>
<post_num>1</post_num>
<post_id>post-1</post_id>
<post_url>http://www.uthm.edu.my/v2/index.php?option=com_content&amp;task=view&amp;id=1811&amp;Itemid=229</post_url>
<post_date>20160829</post_date>
<post_time>0940</post_time>
<username></username>
<post>
UTHM terima 2285 Pelajar Baharu Program Ijazah Sarjana Muda UTHM terima 2285 Pelajar Baharu Program Ijazah Sarjana Muda   menerima seramai 2285orang pelajar baharu bagi program Ijazah Sarjana Muda sesi 2016/2017 pada hari pertama pendaftaran yang berlangsung pada 28 Ogos baru-baru ini. Daripada jumlah tersebut, 1039 terdiri daripada pelajar lelaki manakala 1246 lagi adalah pelajar perempuan. Kesemua pelajar yang mendaftarkan diri ini akan mengikuti pelbagai kursus yang ditawarkan oleh lapan fakulti iaitu Fakulti Kejuruteraan Awam dan Alam Sekitar, Fakulti Kejuruteraan Elektrik dan Elektronik, Fakulti Kejuruteraan Mekanikal dan Pembuatan, Fakulti Pengurusan Teknologi dan Perniagaan, Fakulti Sains Komputer dan Teknologi Maklumat, Fakulti Pendidikan Teknikal dan Vokasional, Fakulti Teknologi Kejuruteraan dan Fakulti Sains, Teknologi dan Pembangunan Insan. Bagaimanapun, jumlah pendaftaran pelajar dijangka akan terus meningkat sehingga tempoh rayuan berakhir. Pelajar-pelajar baharu tersebut akan menginap di kolej-kolej kediaman yang disediakan oleh pihak universiti dan mereka diwajibkan mengikuti Minggu Haluan Siswa (MHS) yang dijadual berlangsung selama seminggu bermula 28 Ogos hingga 3 September ini. Last Updated ( Isnin, 29 Ogos 2016 )
</post>
<signature>

</signature>
<external_links>

</external_links>
<country>MY</country>
<main_image></main_image>
</document>
