<?xml version="1.0" encoding="UTF-8"?>
<document>
<type>mainstream</type>
<forum>http://rss.forexfactory.net/news/all.xml</forum>
<forum_title>FF All News</forum_title>
<discussion_title>Global Growth – Still Made in China</discussion_title>
<language>english</language>
<gmt_offset></gmt_offset>
<topic_url>http://www.forexfactory.com/news.php?do=news&amp;id=604615</topic_url>
<topic_text>
From project-syndicate.org Despite all the hand-wringing over the vaunted China slowdown, the Chinese economy remains the single largest contributor to world GDP growth. For a global economy limping along at stall speed  and most likely unable to withstand a significant shock without toppling into renewed recession  that contribution is all the more important. A few numbers bear this out. If Chinese GDP growth reaches 6.7% in 2016  in line with the governments official target and only slightly above the International Monetary Funds latest prediction (6.6%)  China would account for 1.2 percentage points of world GDP growth. With the IMF currently expecting only ... (
</topic_text>
<spam_score>0.00</spam_score>
<post_num>1</post_num>
<post_id>post-1</post_id>
<post_url>http://www.forexfactory.com/news.php?do=news&amp;id=604615</post_url>
<post_date>20160829</post_date>
<post_time>2221</post_time>
<username>From project-syndicate.org</username>
<post>
From project-syndicate.org Despite all the hand-wringing over the vaunted China slowdown, the Chinese economy remains the single largest contributor to world GDP growth. For a global economy limping along at stall speed  and most likely unable to withstand a significant shock without toppling into renewed recession  that contribution is all the more important. A few numbers bear this out. If Chinese GDP growth reaches 6.7% in 2016  in line with the governments official target and only slightly above the International Monetary Funds latest prediction (6.6%)  China would account for 1.2 percentage points of world GDP growth. With the IMF currently expecting only ... (
</post>
<signature>

</signature>
<external_links>

</external_links>
<country>US</country>
<main_image>http://assets.forexfactory.net/images/misc/ff_fb_logo.gif?v=0.1</main_image>
</document>
