<?xml version="1.0" encoding="UTF-8"?>
<document>
<type>mainstream</type>
<forum>http://news.nigeriannation.com/feed/</forum>
<forum_title>NigerianNation.com News</forum_title>
<discussion_title>NHRC Tasks West African Countries On Human Rights Protection</discussion_title>
<language>english</language>
<gmt_offset></gmt_offset>
<topic_url>http://news.nigeriannation.com/nhrc-tasks-west-african-countries-on-human-rights-protection/</topic_url>
<topic_text>
Home » News » NHRC Tasks West African Countries On Human Rights Protection NHRC Tasks West African Countries On Human Rights Protection in News 2 hours ago 
The National Human Rights Commission in Nigeria (NHRC) has blamed the incessant violation of human rights in West Africa on the failure of most member countries to implement the Paris Principle on Human Rights, 23 years after its adoption. The observation was made in Abuja, Nigeria’s capital on Monday by the Executive Secretary of NHRC, … Continue reading NHRC Tasks West African Countries On Human Rights Protection
</topic_text>
<spam_score>0.00</spam_score>
<post_num>1</post_num>
<post_id>post-1</post_id>
<post_url>http://news.nigeriannation.com/nhrc-tasks-west-african-countries-on-human-rights-protection/</post_url>
<post_date>20160829</post_date>
<post_time>2127</post_time>
<username>NigerianNation</username>
<post>
Home » News » NHRC Tasks West African Countries On Human Rights Protection NHRC Tasks West African Countries On Human Rights Protection in News 2 hours ago 
The National Human Rights Commission in Nigeria (NHRC) has blamed the incessant violation of human rights in West Africa on the failure of most member countries to implement the Paris Principle on Human Rights, 23 years after its adoption. The observation was made in Abuja, Nigeria’s capital on Monday by the Executive Secretary of NHRC, … Continue reading NHRC Tasks West African Countries On Human Rights Protection
</post>
<signature>

</signature>
<external_links>

</external_links>
<country>US</country>
<main_image>https://s0.wp.com/i/blank.jpg</main_image>
</document>
