<?xml version="1.0" encoding="UTF-8"?>
<document>
<type>mainstream</type>
<forum>http://www.justjared.com/feed/</forum>
<forum_title>Just Jared</forum_title>
<discussion_title>Eva Longoria Will Direct an Episode of &apos;Jane the Virgin&apos;</discussion_title>
<language>english</language>
<gmt_offset></gmt_offset>
<topic_url>http://www.justjared.com/2016/08/29/eva-longoria-will-direct-an-episode-of-jane-the-virgin/</topic_url>
<topic_text>
Tweet Eva Longoria Will Direct an Episode of &apos;Jane the Virgin&apos; 
Eva Longoria looks pretty in florals while grabbing a bite to eat at Nobu on Friday night (August 26) in Malibu, Calif. 
The 41-year-old actress was joined by her husband Jose Baston . 
Meanwhile, Eva is set to direct an upcoming episode of Jane the Virgin ! 
Eva confirmed that she’ll direct the third episode of season three, “Chapter Forty-Seven.” 
“O can’t wait! Jane The Virgin get ready!” she tweeted . O can&apos;t wait! Jane The Virgin get ready! pic.twitter.com/qI2iAW6cim 
— Eva Longoria Baston (@EvaLongoria) August 25, 2016 
35+ pictures inside of Eva Longoria and Jose Baston out in Malibu…  
</topic_text>
<spam_score>0.00</spam_score>
<post_num>1</post_num>
<post_id>post-1</post_id>
<post_url>http://www.justjared.com/2016/08/29/eva-longoria-will-direct-an-episode-of-jane-the-virgin/</post_url>
<post_date>20160829</post_date>
<post_time>2245</post_time>
<username>Just Jared</username>
<post>
Tweet Eva Longoria Will Direct an Episode of &apos;Jane the Virgin&apos; 
Eva Longoria looks pretty in florals while grabbing a bite to eat at Nobu on Friday night (August 26) in Malibu, Calif. 
The 41-year-old actress was joined by her husband Jose Baston . 
Meanwhile, Eva is set to direct an upcoming episode of Jane the Virgin ! 
Eva confirmed that she’ll direct the third episode of season three, “Chapter Forty-Seven.” 
“O can’t wait! Jane The Virgin get ready!” she tweeted . O can&apos;t wait! Jane The Virgin get ready! pic.twitter.com/qI2iAW6cim 
— Eva Longoria Baston (@EvaLongoria) August 25, 2016 
35+ pictures inside of Eva Longoria and Jose Baston out in Malibu…  
</post>
<signature>

</signature>
<external_links>

</external_links>
<country>US</country>
<main_image>http://cdn01.cdn.justjared.com/wp-content/uploads/headlines/2016/08/eva-jane.jpg</main_image>
</document>
