<?xml version="1.0" encoding="UTF-8"?>
<document>
<type>mainstream</type>
<forum>http://feeds.news24.com.ng/articles/nigeria/sport/rss</forum>
<forum_title>Nigeria Sport</forum_title>
<discussion_title>News24.com.ng | Lescott joins AEK Athens</discussion_title>
<language>english</language>
<gmt_offset></gmt_offset>
<topic_url>http://www.news24.com.ng/Sport/Football/lescott-joins-aek-athens-20160829</topic_url>
<topic_text>
AEK docked three points for fans trouble 
Athens - Former England defender Joleon Lescott has joined AEK Athens on a two-year contract, the Greek Super League club announced Monday. 
Lescott, 34, last season played for Aston Villa but had not played for the Championship side yet this season. The Greek club did not say whether a transfer fee was paid. 
Also read : Lescott agrees West Brom move 
&quot;Certainly I want to win trophies with AEK. I&apos;ve done it in the past and want to continue,&quot; said the former Manchester City defender who has 26 England caps. 
&quot;It is a great opportunity and challenge for me to be eligible to win titles. I would not be here if I thought it was a risk coming to Greece,&quot; Lescott said. 
  page. - AFP
</topic_text>
<spam_score>0.00</spam_score>
<post_num>1</post_num>
<post_id>post-1</post_id>
<post_url>http://www.news24.com.ng/Sport/Football/lescott-joins-aek-athens-20160829</post_url>
<post_date>20160829</post_date>
<post_time>2033</post_time>
<username></username>
<post>
AEK docked three points for fans trouble 
Athens - Former England defender Joleon Lescott has joined AEK Athens on a two-year contract, the Greek Super League club announced Monday. 
Lescott, 34, last season played for Aston Villa but had not played for the Championship side yet this season. The Greek club did not say whether a transfer fee was paid. 
Also read : Lescott agrees West Brom move 
&quot;Certainly I want to win trophies with AEK. I&apos;ve done it in the past and want to continue,&quot; said the former Manchester City defender who has 26 England caps. 
&quot;It is a great opportunity and challenge for me to be eligible to win titles. I would not be here if I thought it was a risk coming to Greece,&quot; Lescott said. 
  page. - AFP
</post>
<signature>

</signature>
<external_links>

</external_links>
<country>NG</country>
<main_image>http://cdn.24.co.za/files/Cms/General/d/2896/d223508071d844de8a269f5d3630476c.jpg</main_image>
</document>
