<?xml version="1.0" encoding="UTF-8"?>
<document>
<type>mainstream</type>
<forum>http://elgraficotam.com.mx/feed/</forum>
<forum_title>El Gráfico de Tamaulipas</forum_title>
<discussion_title>De buenas</discussion_title>
<language>spanish</language>
<gmt_offset></gmt_offset>
<topic_url>http://elgraficotam.com.mx/2016/08/29/de-buenas/</topic_url>
<topic_text>
Su dirección de correo electrónico no será publicada.Los campos necesarios están marcados * Comentario
</topic_text>
<spam_score>0.00</spam_score>
<post_num>1</post_num>
<post_id>post-1</post_id>
<post_url>http://elgraficotam.com.mx/2016/08/29/de-buenas/</post_url>
<post_date>20160829</post_date>
<post_time>1538</post_time>
<username>Gilda Garza</username>
<post>
Su dirección de correo electrónico no será publicada.Los campos necesarios están marcados * Comentario
</post>
<signature>

</signature>
<external_links>

</external_links>
<country>MX</country>
<main_image>http://elgraficotam.com.mx/wp-content/uploads/2016/08/hernandez-3-310x330.jpg</main_image>
</document>
