<?xml version="1.0" encoding="UTF-8"?>
<document>
<type>mainstream</type>
<forum>http://www.lifehacker.co.in/rss_section_feeds/2147477990.cms</forum>
<forum_title>Lifehacker India</forum_title>
<discussion_title>Remains of the Day: Google Cast is Now Built-In to Chrome</discussion_title>
<language>english</language>
<gmt_offset></gmt_offset>
<topic_url>http://www.lifehacker.co.in/technology/Remains-of-the-Day-Google-Cast-is-Now-Built-In-to-Chrome/articleshow/53919918.cms</topic_url>
<topic_text>
Remains of the Day: Google Cast is Now Built-In to Chrome Andy Orin   04.00 AM IST Now when you want &quot;cast&quot; your browser to a Google Chromecast device, you don&apos;t even need to download an extension. They&apos;re baking the feature right into Chrome. It&apos;s been in development for a while -you could actually have enabled the feature as far back as January -but now you can cast your tabs to your TV or wherever to your heart&apos;s content, no extension required. For thirty bucks, the Chromecast is still one of the easiest ways to beam content to your TV. [Chrome Blog] In other news, Google has quietly launched a new app called Crowdsource . It&apos;s designed to help improve the quality of Google&apos;s translations and text transcription by having users suggest corrections. That&apos;s all it does for now-there&apos;s no game aspect, nor are there any micro-payments like Amazon&apos;s Mechanical Turk. You just volunteer your time. They tell TechCrunch it&apos;s just a pilot program. [Android Police] Apple has finally sent out invitations to their next press event where they&apos;re expected to unveil the iPhone 7. It&apos;s scheduled for September 7th. The invitation features out-of-focus lights creating a bokeh effect-suggesting, perhaps, that the new phone&apos;s camera will be a point of interest. Or not! Maybe it&apos;s just pretty lights! [Gizmodo]
</topic_text>
<spam_score>0.00</spam_score>
<post_num>1</post_num>
<post_id>post-1</post_id>
<post_url>http://www.lifehacker.co.in/technology/Remains-of-the-Day-Google-Cast-is-Now-Built-In-to-Chrome/articleshow/53919918.cms</post_url>
<post_date>20160829</post_date>
<post_time>2230</post_time>
<username></username>
<post>
Remains of the Day: Google Cast is Now Built-In to Chrome Andy Orin   04.00 AM IST Now when you want &quot;cast&quot; your browser to a Google Chromecast device, you don&apos;t even need to download an extension. They&apos;re baking the feature right into Chrome. It&apos;s been in development for a while -you could actually have enabled the feature as far back as January -but now you can cast your tabs to your TV or wherever to your heart&apos;s content, no extension required. For thirty bucks, the Chromecast is still one of the easiest ways to beam content to your TV. [Chrome Blog] In other news, Google has quietly launched a new app called Crowdsource . It&apos;s designed to help improve the quality of Google&apos;s translations and text transcription by having users suggest corrections. That&apos;s all it does for now-there&apos;s no game aspect, nor are there any micro-payments like Amazon&apos;s Mechanical Turk. You just volunteer your time. They tell TechCrunch it&apos;s just a pilot program. [Android Police] Apple has finally sent out invitations to their next press event where they&apos;re expected to unveil the iPhone 7. It&apos;s scheduled for September 7th. The invitation features out-of-focus lights creating a bokeh effect-suggesting, perhaps, that the new phone&apos;s camera will be a point of interest. Or not! Maybe it&apos;s just pretty lights! [Gizmodo]
</post>
<signature>

</signature>
<external_links>

</external_links>
<country>IN</country>
<main_image>http://www.lifehacker.co.in/photo/53919918.cms</main_image>
</document>
