<?xml version="1.0" encoding="UTF-8"?>
<document>
<type>mainstream</type>
<forum></forum>
<forum_title></forum_title>
<discussion_title>Flash Flood Warning | | Rockford Scanner</discussion_title>
<language>english</language>
<gmt_offset></gmt_offset>
<topic_url>http://rockfordscanner.com/2016/08/29/flash-flood-warning-3/</topic_url>
<topic_text>
by Rockford Scanner August 29, 2016 
The National Weather Service in Chicago has issued a 
* Flash Flood Warning for… Winnebago County in north central Illinois… 
* until 1115 PM CDT 
* at 543 PM CDT… Doppler radar indicated slow moving thunderstorms producing torrential rain across the warned area. Up to one and a half inches of rain have already fallen with reports of flooding beginning in the Rockford area. Further flash flooding is expected to begin shortly. 
* Some locations that will experience flooding include… Rockford… Loves Park… Machesney Park… Rockford Airport… Roscoe… Cherry Valley… Davis Junction and new Millford. 
Including the following interstates… I-39 between mile markers 115 and 123. I-90 between mile markers 61 and 71. 
This includes… Rock Cut State Park… Rock Valley College… Rockford aviators baseball… and Rockford Speedway. 
Precautionary/preparedness actions… 
Turn around… dont drown when encountering flooded roads. Most flood deaths occur in vehicles. Posted in Uncategorized permalink About Rockford Scanner 
Hi, Thank you for visiting my website Rockford Scanner . Follow me at my website RickieTraeger.com Contact me directly at Rickie@RockfordScanner.com 
</topic_text>
<spam_score>0.00</spam_score>
<post_num>1</post_num>
<post_id>post-1</post_id>
<post_url>http://rockfordscanner.com/2016/08/29/flash-flood-warning-3/</post_url>
<post_date>20160829</post_date>
<post_time></post_time>
<username>Rockford Scanner</username>
<post>
by Rockford Scanner August 29, 2016 
The National Weather Service in Chicago has issued a 
* Flash Flood Warning for… Winnebago County in north central Illinois… 
* until 1115 PM CDT 
* at 543 PM CDT… Doppler radar indicated slow moving thunderstorms producing torrential rain across the warned area. Up to one and a half inches of rain have already fallen with reports of flooding beginning in the Rockford area. Further flash flooding is expected to begin shortly. 
* Some locations that will experience flooding include… Rockford… Loves Park… Machesney Park… Rockford Airport… Roscoe… Cherry Valley… Davis Junction and new Millford. 
Including the following interstates… I-39 between mile markers 115 and 123. I-90 between mile markers 61 and 71. 
This includes… Rock Cut State Park… Rock Valley College… Rockford aviators baseball… and Rockford Speedway. 
Precautionary/preparedness actions… 
Turn around… dont drown when encountering flooded roads. Most flood deaths occur in vehicles. Posted in Uncategorized permalink About Rockford Scanner 
Hi, Thank you for visiting my website Rockford Scanner . Follow me at my website RickieTraeger.com Contact me directly at Rickie@RockfordScanner.com 
</post>
<signature>

</signature>
<external_links>

</external_links>
<country>US</country>
<main_image></main_image>
</document>
