<?xml version="1.0" encoding="UTF-8"?>
<document>
<type>mainstream</type>
<forum>http://hihi2.com/category/football-news/feed</forum>
<forum_title>هاي كورةالأخبار – هاي كورة</forum_title>
<discussion_title>ستوك سيتي يدخل سباق التعاقد مع لاعب مانشستر سيتي</discussion_title>
<language>arabic</language>
<gmt_offset></gmt_offset>
<topic_url>http://hihi2.com/2016/08/29/p715006.html</topic_url>
<topic_text>
كتب في 2016/08/29 - 11:45 م - في قسم [ أخبار مانشستر سيتي ] ستوك سيتي يدخل سباق التعاقد مع لاعب مانشستر سيتي 

هاي كورة – ابدى نادي ستوك سيتي الانجليزي اهتمامه بالحصول على خدمات اللاعب الايفواري ويلفريد بوني مهاجم مانشستر سيتي خلال فترة الانتقالات الصيفية الحالية ولكي يعزز صفوف الفريق. 
واوضحت التقارير الواردة من بريطانيا الى ان ادارة ستوك سيتي ستعمل بكل قوة من اجل الحصول على خدمات المهاجم وتعزيز الخط الامامي بأفضل شكل ممكن. 
وكان بوني قد انضم الى صفوف مانشستر سيتي عام 2015 قادماً من سوانسي سيتي
</topic_text>
<spam_score>0.00</spam_score>
<post_num>1</post_num>
<post_id>post-1</post_id>
<post_url>http://hihi2.com/2016/08/29/p715006.html</post_url>
<post_date>20160829</post_date>
<post_time>2045</post_time>
<username></username>
<post>
كتب في 2016/08/29 - 11:45 م - في قسم [ أخبار مانشستر سيتي ] ستوك سيتي يدخل سباق التعاقد مع لاعب مانشستر سيتي 

هاي كورة – ابدى نادي ستوك سيتي الانجليزي اهتمامه بالحصول على خدمات اللاعب الايفواري ويلفريد بوني مهاجم مانشستر سيتي خلال فترة الانتقالات الصيفية الحالية ولكي يعزز صفوف الفريق. 
واوضحت التقارير الواردة من بريطانيا الى ان ادارة ستوك سيتي ستعمل بكل قوة من اجل الحصول على خدمات المهاجم وتعزيز الخط الامامي بأفضل شكل ممكن. 
وكان بوني قد انضم الى صفوف مانشستر سيتي عام 2015 قادماً من سوانسي سيتي
</post>
<signature>

</signature>
<external_links>

</external_links>
<country>FR</country>
<main_image>http://hihi2.com/wp-content/uploads/2016/08/hihi2_2016-08-29_20-44-06-200x150.jpg</main_image>
</document>
