<?xml version="1.0" encoding="UTF-8"?>
<document>
<type>mainstream</type>
<forum>http://newenglandarts.wickedlocal.com/lifestyle?template=rss&amp;mime=xml</forum>
<forum_title>Lifestyle - newenglandarts</forum_title>
<discussion_title>Kent Bush: Sometimes the small things aren’t so small</discussion_title>
<language>english</language>
<gmt_offset></gmt_offset>
<topic_url>http://newenglandarts.wickedlocal.com/news/20160829/kent-bush-sometimes-small-things-arent-so-small</topic_url>
<topic_text>
subscribe 
I’m 45 years old.I have worked for newspapers for more than 20 years. During that time I have written more than 2,000 columns. Last year alone I won a national award within our corporation and two statewide awards for my work.But Saturday I received the best award I have ever won.My mother needed to trade in her car and buy a new one so I went down to offer my assistance.We drove a few cars and mom made her decision. After we finished the process, we had to clean out her car and get all of her stuff from the old car into the new car.That was a fun trip back into history. There were Statler Brothers cassette tapes, old CDs and enough unfolded and refolded maps to get the Nina, the Pinta and the Santa Maria to the new world.But there were a couple of things under that center console that I didn’t expect to find — copies of a few of my old columns.I can’t explain how that felt. I mean, sure, I send her a free copy of the paper every day. I knew she probably read the columns. I knew for certain that she would finish every Sudoku and Crossword puzzle.When I asked her about why she carried them, she said she often shares my columns with her friends that don’t already read them online.Normally I would tell you I hate buying a car almost as much as I hate moving.Both are worth the hassle in the long run, but neither process is fun at the time.But Saturday was really nice.When you are a kid, your parents putting your homework on the refrigerator is a good feeling. At 45, it still feels pretty nice.Mom sharing my columns with her friends cancels out all of the angry readers from across the country who share their less favorable opinions with me.Sometimes, the small things aren’t so small.— Kent Bush is publisher of Shawnee (Oklahoma) News-Star and can be reached at kent.bush@news-star.com. 


About Us
</topic_text>
<spam_score>0.00</spam_score>
<post_num>1</post_num>
<post_id>post-1</post_id>
<post_url>http://newenglandarts.wickedlocal.com/news/20160829/kent-bush-sometimes-small-things-arent-so-small</post_url>
<post_date>20160829</post_date>
<post_time>1816</post_time>
<username>Kent Bush More Content Now</username>
<post>
subscribe 
I’m 45 years old.I have worked for newspapers for more than 20 years. During that time I have written more than 2,000 columns. Last year alone I won a national award within our corporation and two statewide awards for my work.But Saturday I received the best award I have ever won.My mother needed to trade in her car and buy a new one so I went down to offer my assistance.We drove a few cars and mom made her decision. After we finished the process, we had to clean out her car and get all of her stuff from the old car into the new car.That was a fun trip back into history. There were Statler Brothers cassette tapes, old CDs and enough unfolded and refolded maps to get the Nina, the Pinta and the Santa Maria to the new world.But there were a couple of things under that center console that I didn’t expect to find — copies of a few of my old columns.I can’t explain how that felt. I mean, sure, I send her a free copy of the paper every day. I knew she probably read the columns. I knew for certain that she would finish every Sudoku and Crossword puzzle.When I asked her about why she carried them, she said she often shares my columns with her friends that don’t already read them online.Normally I would tell you I hate buying a car almost as much as I hate moving.Both are worth the hassle in the long run, but neither process is fun at the time.But Saturday was really nice.When you are a kid, your parents putting your homework on the refrigerator is a good feeling. At 45, it still feels pretty nice.Mom sharing my columns with her friends cancels out all of the angry readers from across the country who share their less favorable opinions with me.Sometimes, the small things aren’t so small.— Kent Bush is publisher of Shawnee (Oklahoma) News-Star and can be reached at kent.bush@news-star.com. 


About Us
</post>
<signature>

</signature>
<external_links>

</external_links>
<country>US</country>
<main_image>http://newenglandarts.wickedlocal.com/storyimage/WL/20160829/NEWS/160826872/AR/0/AR-160826872.jpg</main_image>
</document>
