<?xml version="1.0" encoding="UTF-8"?>
<document>
<type>mainstream</type>
<forum></forum>
<forum_title></forum_title>
<discussion_title>El primer entrenamiento de Bauza en la Selección - Yahoo Deportes</discussion_title>
<language>spanish</language>
<gmt_offset></gmt_offset>
<topic_url>https://es-us.deportes.yahoo.com/noticias/entrenamiento-bauza-selecci%c3%b3n-220300470.html</topic_url>
<topic_text>
El primer entrenamiento de Bauza en la Selección Goal.com Latam – Hace 56 minutos Ver foto 
Comenzó oficialmente la era del Patón al frente de la Albiceleste. El técnico conversó … Comenzó oficialmente el trabajo de Edgardo Bauza al frente de la Selección argentina . El entrenador se encontró con sus jugadores convocado en el predio de Ezeiza por primera vez pensando en el partido del jueves ante Uruguay por las Eliminatorias, en la que será presentación del Patón en un partido. 
Después de conversar con los jugadores que ya se sumaron al plantel, los futbolistas realizaron una entrada en calor y luego hicieron ejercicios de fútbol reducido. Eso sí, aquellos que jugaron este fin de semana realizaron trabajos diferenciados: Pablo Zabaleta, Nicolás Otamendi, Lucas Biglia, Lucas Pratto y Paulo Dybala. 
Los que comenzarán su trabajo el martes, cuando se dará el primer doble turno del Patón , serán Lionel Messi, Ángel Di María, Javier Mascherano, Matías Kranevitter, Gabriel Mercado, Mateo Musacchio y Éver Banega. Sigue a Yahoo Deportes en Twitter y hazte fan Yahoo En Español en Facebook 
</topic_text>
<spam_score>0.19</spam_score>
<post_num>1</post_num>
<post_id>post-1</post_id>
<post_url>https://es-us.deportes.yahoo.com/noticias/entrenamiento-bauza-selecci%c3%b3n-220300470.html</post_url>
<post_date>20160829</post_date>
<post_time></post_time>
<username>Fabi N Induti</username>
<post>
El primer entrenamiento de Bauza en la Selección Goal.com Latam – Hace 56 minutos Ver foto 
Comenzó oficialmente la era del Patón al frente de la Albiceleste. El técnico conversó … Comenzó oficialmente el trabajo de Edgardo Bauza al frente de la Selección argentina . El entrenador se encontró con sus jugadores convocado en el predio de Ezeiza por primera vez pensando en el partido del jueves ante Uruguay por las Eliminatorias, en la que será presentación del Patón en un partido. 
Después de conversar con los jugadores que ya se sumaron al plantel, los futbolistas realizaron una entrada en calor y luego hicieron ejercicios de fútbol reducido. Eso sí, aquellos que jugaron este fin de semana realizaron trabajos diferenciados: Pablo Zabaleta, Nicolás Otamendi, Lucas Biglia, Lucas Pratto y Paulo Dybala. 
Los que comenzarán su trabajo el martes, cuando se dará el primer doble turno del Patón , serán Lionel Messi, Ángel Di María, Javier Mascherano, Matías Kranevitter, Gabriel Mercado, Mateo Musacchio y Éver Banega. Sigue a Yahoo Deportes en Twitter y hazte fan Yahoo En Español en Facebook 
</post>
<signature>

</signature>
<external_links>

</external_links>
<country>IE</country>
<main_image>https://s.yimg.com/bt/api/res/1.2/xBnj7LLk5TmcaTv7dkO5Nw--/YXBwaWQ9eW5ld3NfbGVnbztxPTc1O3c9NjAw/http://media.zenfs.com/es-US/homerun/esus.goal.com/21b90ca864b9b3fbeeffeb4bbd6cc2d0.cf.png</main_image>
</document>
