<?xml version="1.0" encoding="UTF-8"?>
<document>
<type>mainstream</type>
<forum>http://elgraficotam.com.mx/feed/</forum>
<forum_title>El Gráfico de Tamaulipas</forum_title>
<discussion_title>Consumo de agua se incrementa 30%</discussion_title>
<language>spanish</language>
<gmt_offset></gmt_offset>
<topic_url>http://elgraficotam.com.mx/2016/08/29/consumo-de-agua-se-incrementa-30/</topic_url>
<topic_text>
Home › Destacadas › Consumo de agua se incrementa 30% El consumo de agua potable se ha incrementado en un 30%, estima Comapa. Consumo de agua se incrementa 30% 


Reconoce la Comapa Victoria dificultades para atender la demanda del suministro en colonias populares. 
Debido a las altas temperaturas, el consumo de agua potable se ha incrementado en un 30 por ciento, por lo cual en algunas colonias populares se tienen dificultades para atender la demanda, ya que baja la presión en la red de distribución. 
Eliseo García Leal, gerente de la Comisión Municipal de Agua Potable y Alcantarillado, indicó que durante esta temporada aumenta el consumo de agua potable en un 30 por ciento promedio, pero puede llegar a más durante algunas horas del día. 
Explicó que esta situación provoca que haya variación en la presión de la red de distribución y por tanto en algunos sectores como son las partes altas, se tengan dificultades para poder satisfacer la demanda del vital líquido. 
Colonias como El Mezquite, El Palmar, Enrique Lara, Esfuerzo Popular, Evelin, Fraternidad Antorcha Campesina, Hacienda El Santuario, Huertas del Río, Integración Familiar, La Gloria, Loma Alta 1 y 2, Los Prados y Palomas. 
Así como Parque Industrial Nuevo Santander, Paseo de los Olivos 1, 2, 3 y 4, Poder Popular, Primavera, Unión Democrática, Viento Huasteco y Vista Hermosa, son algunas que enfrentan el problema de disminución del vital líquido. 
Insistió en que por ahora el suministro no se ha agravado y la demanda se cubre. 
Pero no descartó que se puedan presentar problemas, por lo cual insistió en exhortar a la población hacer un uso racional del vital líquido, además de reparar las fugas de agua que existan al interior de los domicilios, así como evitar desperdiciarla. 2016-08-29
</topic_text>
<spam_score>0.00</spam_score>
<post_num>1</post_num>
<post_id>post-1</post_id>
<post_url>http://elgraficotam.com.mx/2016/08/29/consumo-de-agua-se-incrementa-30/</post_url>
<post_date>20160829</post_date>
<post_time>1413</post_time>
<username>Gilda Garza</username>
<post>
Home › Destacadas › Consumo de agua se incrementa 30% El consumo de agua potable se ha incrementado en un 30%, estima Comapa. Consumo de agua se incrementa 30% 


Reconoce la Comapa Victoria dificultades para atender la demanda del suministro en colonias populares. 
Debido a las altas temperaturas, el consumo de agua potable se ha incrementado en un 30 por ciento, por lo cual en algunas colonias populares se tienen dificultades para atender la demanda, ya que baja la presión en la red de distribución. 
Eliseo García Leal, gerente de la Comisión Municipal de Agua Potable y Alcantarillado, indicó que durante esta temporada aumenta el consumo de agua potable en un 30 por ciento promedio, pero puede llegar a más durante algunas horas del día. 
Explicó que esta situación provoca que haya variación en la presión de la red de distribución y por tanto en algunos sectores como son las partes altas, se tengan dificultades para poder satisfacer la demanda del vital líquido. 
Colonias como El Mezquite, El Palmar, Enrique Lara, Esfuerzo Popular, Evelin, Fraternidad Antorcha Campesina, Hacienda El Santuario, Huertas del Río, Integración Familiar, La Gloria, Loma Alta 1 y 2, Los Prados y Palomas. 
Así como Parque Industrial Nuevo Santander, Paseo de los Olivos 1, 2, 3 y 4, Poder Popular, Primavera, Unión Democrática, Viento Huasteco y Vista Hermosa, son algunas que enfrentan el problema de disminución del vital líquido. 
Insistió en que por ahora el suministro no se ha agravado y la demanda se cubre. 
Pero no descartó que se puedan presentar problemas, por lo cual insistió en exhortar a la población hacer un uso racional del vital líquido, además de reparar las fugas de agua que existan al interior de los domicilios, así como evitar desperdiciarla. 2016-08-29
</post>
<signature>

</signature>
<external_links>

</external_links>
<country>MX</country>
<main_image>http://elgraficotam.com.mx/wp-content/uploads/2016/08/6-Portada-Agua-620x330.jpg</main_image>
</document>
