<?xml version="1.0" encoding="UTF-8"?>
<document>
<type>mainstream</type>
<forum></forum>
<forum_title></forum_title>
<discussion_title>6 Things That Aren&apos;t Dealbreakers Now But Could Be in the Future</discussion_title>
<language>english</language>
<gmt_offset></gmt_offset>
<topic_url>http://www.cosmopolitan.com/sex-love/news/a63474/future-relationship-dealbreakers/</topic_url>
<topic_text>
6 Things That Aren&apos;t Dealbreakers Now But Could Be in the Future 
No. 3 doesn&apos;t seem like a big deal now, but it is. Most Popular By Frank Kobola Aug 29, 2016 Some deal breakers are immediate and obvious. They&apos;re the kind of deal breakers that send you scrambling to come up with an excuse to cut the date short; you throw some cash (way too much cash) on the bar and literally sprint for the door. Maybe they&apos;re rude to the wait-staff, or their B.O. is eye-wateringly bad. Maybe they hit your one &quot;no-way-in-hell&quot; pet peeve and chew too loud or say &quot;like&quot; too much or whatever it is that causes you to irrationally lose your mind. Advertisement - Continue Reading Below But there are plenty of things that, at first, seem like little problems you can ignore. There might be little things you notice that you dislike but you think, &quot;Well, that&apos;s not too bad.&quot; And that&apos;s a healthy attitude: no one is perfect. But maybe, just maybe there was an addendum to that initial thought. A modifier that you pushed to the back of your mind: &quot;...for now.&quot; Of course, these aren&apos;t deal breakers for everyone. Some people could care less about what&apos;s on this list. These are the things that could bother you deeply, but that can also get easily dismissed. And really, none of these have to be deal breakers as long as you really talk through them and try to reach a compromise here. If neither one of you want to budge (and you shouldn&apos;t feel like you have to compromise), they could spell the end of your relationship. Most Popular 1. Their attitudes on kids . This one is really easy to ignore, but rest assured, it&apos;s a ticking time bomb that weighs 7 pounds, 8 ounces and is swaddled in a cute, fuzzy blanket. The idea of kids can come up pretty early in a relationship, and it&apos;s easy to decide to revisit that conversation years later, when it doesn&apos;t seem so hypothetical. But chances are, if you didn&apos;t agree on whether or not to have kids then, you never will. Don&apos;t act so surprised when your partner doubles down on wanting/not wanting kids once you&apos;re ready to seriously talk about it. Of course, people can change their minds, but they won&apos;t necessarily hit a certain age and decide, &quot;Well, my life is basically halfway over, let&apos;s pop out a kid.&quot; 2. Their career goals. Some people place a huge emphasis on furthering their career, and others just see it as a means to an end. There&apos;s no right or wrong answer here, but if your partner&apos;s work ethic bothers you somewhat now, it&apos;ll be a major problem years from now. If you hate how much they work, you&apos;ll be having lots of dinners by yourself when you move in together. And don&apos;t expect someone who is happy and content to keep their head down at work to suddenly become CEO of their company. 3. That hard-partying lifestyle. Opposites attract. Your partner might love going out to clubs, stumbling home in time for breakfast, or rolling face, or just smoking tons of weed. And you&apos;re more of a homebody. It&apos;s easy for you to have the attitude that they&apos;ll &quot;just grow out of it&quot; initially. Maybe they&apos;re a lot of fun, and you occasionally even enjoy going out with them. But you can&apos;t go into a relationship thinking &quot;well, this would be perfect if only they changed this one aspect of themselves.&quot; Maybe it is just a phase, or maybe things are going to go downhill hard for them and they&apos;re really going to to hit rock bottom. It&apos;s something you need to take seriously at the top of the relationship: is this something you&apos;re OK living with? Advertisement - Continue Reading Below 4. Drastically different sex drives. Stop me if you&apos;ve heard this one before, it&apos;s the premise of basically every rom-com out right now: &quot;She loves fucking 24/7. He sometimes forgets he even has a dick. Will they ever solve their problems and fall in love?&quot; Alright, so it might not be that common of a problem, but people have wildly different sexual expectations and appetites. And sex isn&apos;t the sole pillar of a relationship, but a healthy sex life is important for lots of people. You don&apos;t necessarily need a partner that lines up exactly with you, but you do want a partner that&apos;s open and honest and talkative about sex. If you&apos;re butting heads about how much sex is expected or how little sex you&apos;re having, it can cause real problems. But differing sex drives might not come into play for weeks or months, especially when things are hot and new at the beginning. 5. Past relationships (or total lack thereof). It&apos;s easy to start dating someone and decide their past doesn&apos;t matter, all that&apos;s important is how you are together, now. And that&apos;s true, to some extent. But if your partner has a history of cheating, or jumping from relationship to relationship, it&apos;s possible there&apos;s a deeply-rooted pattern there. Things might be going great for you now, but if there&apos;s a pattern that shows they&apos;re commitment-phobic or serial cheaters... odds are you&apos;re going to wind up the same way. 6. Religious views. You can tiptoe around this one for a while. But what about when it&apos;s time get married? Will you just be reigniting old fights about whether or not to get married in a church? How will you raise your kids? If you both feel very strongly about your religious views, you can avoid the conversation for a long time, but at a certain point, it can really turn the screws and cause a lot of stress for you. Make sure it&apos;s something you discuss early on, and keep in mind that you probably can&apos;t change your partner&apos;s mind. Follow Frank on Twitter . 
</topic_text>
<spam_score>0.07</spam_score>
<post_num>1</post_num>
<post_id>post-1</post_id>
<post_url>http://www.cosmopolitan.com/sex-love/news/a63474/future-relationship-dealbreakers/</post_url>
<post_date>20160829</post_date>
<post_time></post_time>
<username>Frank Kobola</username>
<post>
6 Things That Aren&apos;t Dealbreakers Now But Could Be in the Future 
No. 3 doesn&apos;t seem like a big deal now, but it is. Most Popular By Frank Kobola Aug 29, 2016 Some deal breakers are immediate and obvious. They&apos;re the kind of deal breakers that send you scrambling to come up with an excuse to cut the date short; you throw some cash (way too much cash) on the bar and literally sprint for the door. Maybe they&apos;re rude to the wait-staff, or their B.O. is eye-wateringly bad. Maybe they hit your one &quot;no-way-in-hell&quot; pet peeve and chew too loud or say &quot;like&quot; too much or whatever it is that causes you to irrationally lose your mind. Advertisement - Continue Reading Below But there are plenty of things that, at first, seem like little problems you can ignore. There might be little things you notice that you dislike but you think, &quot;Well, that&apos;s not too bad.&quot; And that&apos;s a healthy attitude: no one is perfect. But maybe, just maybe there was an addendum to that initial thought. A modifier that you pushed to the back of your mind: &quot;...for now.&quot; Of course, these aren&apos;t deal breakers for everyone. Some people could care less about what&apos;s on this list. These are the things that could bother you deeply, but that can also get easily dismissed. And really, none of these have to be deal breakers as long as you really talk through them and try to reach a compromise here. If neither one of you want to budge (and you shouldn&apos;t feel like you have to compromise), they could spell the end of your relationship. Most Popular 1. Their attitudes on kids . This one is really easy to ignore, but rest assured, it&apos;s a ticking time bomb that weighs 7 pounds, 8 ounces and is swaddled in a cute, fuzzy blanket. The idea of kids can come up pretty early in a relationship, and it&apos;s easy to decide to revisit that conversation years later, when it doesn&apos;t seem so hypothetical. But chances are, if you didn&apos;t agree on whether or not to have kids then, you never will. Don&apos;t act so surprised when your partner doubles down on wanting/not wanting kids once you&apos;re ready to seriously talk about it. Of course, people can change their minds, but they won&apos;t necessarily hit a certain age and decide, &quot;Well, my life is basically halfway over, let&apos;s pop out a kid.&quot; 2. Their career goals. Some people place a huge emphasis on furthering their career, and others just see it as a means to an end. There&apos;s no right or wrong answer here, but if your partner&apos;s work ethic bothers you somewhat now, it&apos;ll be a major problem years from now. If you hate how much they work, you&apos;ll be having lots of dinners by yourself when you move in together. And don&apos;t expect someone who is happy and content to keep their head down at work to suddenly become CEO of their company. 3. That hard-partying lifestyle. Opposites attract. Your partner might love going out to clubs, stumbling home in time for breakfast, or rolling face, or just smoking tons of weed. And you&apos;re more of a homebody. It&apos;s easy for you to have the attitude that they&apos;ll &quot;just grow out of it&quot; initially. Maybe they&apos;re a lot of fun, and you occasionally even enjoy going out with them. But you can&apos;t go into a relationship thinking &quot;well, this would be perfect if only they changed this one aspect of themselves.&quot; Maybe it is just a phase, or maybe things are going to go downhill hard for them and they&apos;re really going to to hit rock bottom. It&apos;s something you need to take seriously at the top of the relationship: is this something you&apos;re OK living with? Advertisement - Continue Reading Below 4. Drastically different sex drives. Stop me if you&apos;ve heard this one before, it&apos;s the premise of basically every rom-com out right now: &quot;She loves fucking 24/7. He sometimes forgets he even has a dick. Will they ever solve their problems and fall in love?&quot; Alright, so it might not be that common of a problem, but people have wildly different sexual expectations and appetites. And sex isn&apos;t the sole pillar of a relationship, but a healthy sex life is important for lots of people. You don&apos;t necessarily need a partner that lines up exactly with you, but you do want a partner that&apos;s open and honest and talkative about sex. If you&apos;re butting heads about how much sex is expected or how little sex you&apos;re having, it can cause real problems. But differing sex drives might not come into play for weeks or months, especially when things are hot and new at the beginning. 5. Past relationships (or total lack thereof). It&apos;s easy to start dating someone and decide their past doesn&apos;t matter, all that&apos;s important is how you are together, now. And that&apos;s true, to some extent. But if your partner has a history of cheating, or jumping from relationship to relationship, it&apos;s possible there&apos;s a deeply-rooted pattern there. Things might be going great for you now, but if there&apos;s a pattern that shows they&apos;re commitment-phobic or serial cheaters... odds are you&apos;re going to wind up the same way. 6. Religious views. You can tiptoe around this one for a while. But what about when it&apos;s time get married? Will you just be reigniting old fights about whether or not to get married in a church? How will you raise your kids? If you both feel very strongly about your religious views, you can avoid the conversation for a long time, but at a certain point, it can really turn the screws and cause a lot of stress for you. Make sure it&apos;s something you discuss early on, and keep in mind that you probably can&apos;t change your partner&apos;s mind. Follow Frank on Twitter . 
</post>
<signature>

</signature>
<external_links>

</external_links>
<country>US</country>
<main_image>http://cos.h-cdn.co/assets/16/35/1600x800/landscape-1472510895-neighbors-seth-rogen.jpg</main_image>
</document>
