<?xml version="1.0" encoding="UTF-8"?>
<document>
<type>mainstream</type>
<forum>http://radioamericahn.net/feed/</forum>
<forum_title>Radio América</forum_title>
<discussion_title>Deslizamiento del lempira frente al dólar cerraría este año en 23.50, según BCH</discussion_title>
<language>spanish</language>
<gmt_offset></gmt_offset>
<topic_url>http://radioamericahn.net/2016/08/29/deslizamiento-del-lempira-frente-al-dolar-cerraria-este-ano-en-23-50-segun-bch/</topic_url>
<topic_text>
Deslizamiento del lempira frente al dólar cerraría este año en 23.50, según BCH 29 agosto, 2016 | 4:45 PM | Imprimir 
Radio América. A criterio del presidente del Banco Central de Honduras (BCH), Manuel de Jesús Bautista, a finales de este año el deslizamiento del lempira frente al dólar será de un 4.2 por ciento, lo que representaría un cierre en 23.50 lempiras en promedio, pero todo dependerá de los movimientos que se den con los principales socios comerciales. 
Bautista manifestó que Honduras y Nicaragua son los dos países de Centroamérica son los que tienen mayor déficit en cuenta corriente, siendo de 15% (siendo un cierre de 6.2% el año pasado y se espera un 5.8% en el presente), pero los niveles de devaluación de la moneda se dan de acuerdo a las condiciones de cada país. 
En el caso, Costa Rica y Guatemala tienen un déficit en cuenta corriente de un 1%, sin embargo la devaluación es mucho mayor a la registrada en Honduras, pero se reporta más en Nicaragua, con un esquema definido y al final de año tiene una devaluación de 5%, la más alta en la región, expresó. 
En ese sentido, dijo que la devaluación del lempira frente al dólar en Honduras andará en un 4 a 4.2% pero no debe superar el 5%, y al cierre del presente año la moneda extranjera valdrá internamente 23.50 lempiras. 
MH
</topic_text>
<spam_score>0.00</spam_score>
<post_num>1</post_num>
<post_id>post-1</post_id>
<post_url>http://radioamericahn.net/2016/08/29/deslizamiento-del-lempira-frente-al-dolar-cerraria-este-ano-en-23-50-segun-bch/</post_url>
<post_date>20160829</post_date>
<post_time>2245</post_time>
<username>mmedina</username>
<post>
Deslizamiento del lempira frente al dólar cerraría este año en 23.50, según BCH 29 agosto, 2016 | 4:45 PM | Imprimir 
Radio América. A criterio del presidente del Banco Central de Honduras (BCH), Manuel de Jesús Bautista, a finales de este año el deslizamiento del lempira frente al dólar será de un 4.2 por ciento, lo que representaría un cierre en 23.50 lempiras en promedio, pero todo dependerá de los movimientos que se den con los principales socios comerciales. 
Bautista manifestó que Honduras y Nicaragua son los dos países de Centroamérica son los que tienen mayor déficit en cuenta corriente, siendo de 15% (siendo un cierre de 6.2% el año pasado y se espera un 5.8% en el presente), pero los niveles de devaluación de la moneda se dan de acuerdo a las condiciones de cada país. 
En el caso, Costa Rica y Guatemala tienen un déficit en cuenta corriente de un 1%, sin embargo la devaluación es mucho mayor a la registrada en Honduras, pero se reporta más en Nicaragua, con un esquema definido y al final de año tiene una devaluación de 5%, la más alta en la región, expresó. 
En ese sentido, dijo que la devaluación del lempira frente al dólar en Honduras andará en un 4 a 4.2% pero no debe superar el 5%, y al cierre del presente año la moneda extranjera valdrá internamente 23.50 lempiras. 
MH
</post>
<signature>

</signature>
<external_links>

</external_links>
<country>US</country>
<main_image></main_image>
</document>
