<?xml version="1.0" encoding="UTF-8"?>
<document>
<type>mainstream</type>
<forum>http://stackoverflow.com/feeds</forum>
<forum_title>Recent Questions - Stack Overflow</forum_title>
<discussion_title>Display/Update Breadcrumb when using ASp.Net MVC MVCSiteMapProvider with AngularJS Routing (SPA)</discussion_title>
<language>english</language>
<gmt_offset></gmt_offset>
<topic_url>http://stackoverflow.com/questions/39216346/display-update-breadcrumb-when-using-asp-net-mvc-mvcsitemapprovider-with-angular</topic_url>
<topic_text>
up vote 0 down vote favorite 
I am building an app built using ASP.Net MVC and AngularJS. I use MVCSiteMapProvider for building the site map and building Breadcrumb. I use Hybrid-SPA approach where part of the routing is handled by MVC and part by AngularJS. Switching between each module is handled by MVC and navigating with in the Module is handled by AngularJS (Similar to but with some modifications http://www.codemag.com/article/1605081 ). 
My problem is with the Breadcrumb. 1) When I reload the page when in a route that is handled by Angular, the Breadcrumb is not built since the URL is not handled by MVC. 2) Is it possible to update the breadcrumb with the inner pages links when navigating through SPA handled by AngularJS.
</topic_text>
<spam_score>0.00</spam_score>
<post_num>1</post_num>
<post_id>post-1</post_id>
<post_url>http://stackoverflow.com/questions/39216346/display-update-breadcrumb-when-using-asp-net-mvc-mvcsitemapprovider-with-angular</post_url>
<post_date>20160829</post_date>
<post_time>2251</post_time>
<username>Siva</username>
<post>
up vote 0 down vote favorite 
I am building an app built using ASP.Net MVC and AngularJS. I use MVCSiteMapProvider for building the site map and building Breadcrumb. I use Hybrid-SPA approach where part of the routing is handled by MVC and part by AngularJS. Switching between each module is handled by MVC and navigating with in the Module is handled by AngularJS (Similar to but with some modifications http://www.codemag.com/article/1605081 ). 
My problem is with the Breadcrumb. 1) When I reload the page when in a route that is handled by Angular, the Breadcrumb is not built since the URL is not handled by MVC. 2) Is it possible to update the breadcrumb with the inner pages links when navigating through SPA handled by AngularJS.
</post>
<signature>

</signature>
<external_links>

</external_links>
<country>US</country>
<main_image>http://cdn.sstatic.net/Sites/stackoverflow/img/apple-touch-icon@2.png?v=73d79a89bded&amp;a</main_image>
</document>
