<?xml version="1.0" encoding="UTF-8"?>
<document>
<type>mainstream</type>
<forum></forum>
<forum_title></forum_title>
<discussion_title>How Often Should You Clean Your Keyboard? The Answer.</discussion_title>
<language>english</language>
<gmt_offset></gmt_offset>
<topic_url>http://www.shefinds.com/2016/how-often-should-you-clean-your-keyboard-the-answer/</topic_url>
<topic_text>
Kim Flashed A Giant Rock--And Essie Nail Polish--At The VMAs Beauty Once And For All, This Is The Right Way To Clean Your Sunglasses Style The 12 MAC Products Every Diehard Fan Owns Beauty How Often Should You Clean Your Keyboard? The Answer. Style Beauty Junkies Know That THESE Are The Best Drugstore Brushes Beauty TOMS x Rock The Vote Team Up Again! Beauty today Calvin Harris Thanks Everyone Except Taylor Swift After Winning A VMA For &apos;This Is What You Came For&apos; Celebrity The One Exercise Everyone Should Stop Doing, According To Jillian Michaels Style Watch Drake Declare His Love For Rihanna At The 2016 MTV VMAs Celebrity How To Say &apos;No&apos; More (It&apos;s One Of The Secrets Of Successful People!) Style We&apos;re Warning You Now--These Old Navy &quot;Naked&quot; Leggings Are About To Blow Up Shop Beyoncé Just Shut Down The VMA&apos;s Red Carpet Celebrity Nordstrom&apos;s Sale Section Is Seriously A Treasure Trove For Fall Right Now Shop Wait Until You See What This $15 Mascara Can Do... Beauty Everything You Want To Know About The Kardashian-Jenners&apos; Glam Rooms Celebrity 3 days Everything I Use In The Shower Costs $30 And Comes From The Drugstore--Here&apos;s What I Buy Beauty The One Topping Everyone Puts In Their Salad That&apos;s Actually Super Unhealthy Style Kendra Scott Just Released A Nail Polish Collection And We Want Every Color! Beauty 5 Common Contouring Mistakes--And How To Fix Them Beauty VIDEO: Britney Spears Reveals A Lot About Herself On Carpool Karaoke Celebrity Topshop&apos;s New Season Collection Is Here--Shop It First Now! Style How To Make Yourself Get Out Of Bed When Your Alarm Goes Off Style 4 days The One Makeup Product You Should Never Buy At The Drugstore, According To A Beauty Exec Beauty Can You Tell Which Saddle Bag Is Chloe And Costs $1,000 More? Style 10 Ways To Save Even MORE When You Shop At Target Style If You Only Buy One New Pair Of Shoes For Fall, Make Them Backless Loafers Style How To Wear Eyeliner In Colors Other Than Black And Brown Beauty Kylie Jenner Just Announced Three New Lip Kits--Find Out When You Can Shop Them Beauty Jennifer Lopez And Casper Smart Split After 5 Years Together Celebrity 2 Things You Should Never Buy At Whole Foods, According To A Former Employee Style Better Hurry And Buy Your Bodyography Lip Kit Now Before There&apos;s A Wait List Beauty Courteney Cox Opens Up About Her Plastic Surgery Regrets And Aging Beauty How To Have A Better Relationship With Your Boss Style 
</topic_text>
<spam_score>0.01</spam_score>
<post_num>1</post_num>
<post_id>post-1</post_id>
<post_url>http://www.shefinds.com/2016/how-often-should-you-clean-your-keyboard-the-answer/</post_url>
<post_date>20160829</post_date>
<post_time></post_time>
<username>Justine Ingersoll Schwartz</username>
<post>
Kim Flashed A Giant Rock--And Essie Nail Polish--At The VMAs Beauty Once And For All, This Is The Right Way To Clean Your Sunglasses Style The 12 MAC Products Every Diehard Fan Owns Beauty How Often Should You Clean Your Keyboard? The Answer. Style Beauty Junkies Know That THESE Are The Best Drugstore Brushes Beauty TOMS x Rock The Vote Team Up Again! Beauty today Calvin Harris Thanks Everyone Except Taylor Swift After Winning A VMA For &apos;This Is What You Came For&apos; Celebrity The One Exercise Everyone Should Stop Doing, According To Jillian Michaels Style Watch Drake Declare His Love For Rihanna At The 2016 MTV VMAs Celebrity How To Say &apos;No&apos; More (It&apos;s One Of The Secrets Of Successful People!) Style We&apos;re Warning You Now--These Old Navy &quot;Naked&quot; Leggings Are About To Blow Up Shop Beyoncé Just Shut Down The VMA&apos;s Red Carpet Celebrity Nordstrom&apos;s Sale Section Is Seriously A Treasure Trove For Fall Right Now Shop Wait Until You See What This $15 Mascara Can Do... Beauty Everything You Want To Know About The Kardashian-Jenners&apos; Glam Rooms Celebrity 3 days Everything I Use In The Shower Costs $30 And Comes From The Drugstore--Here&apos;s What I Buy Beauty The One Topping Everyone Puts In Their Salad That&apos;s Actually Super Unhealthy Style Kendra Scott Just Released A Nail Polish Collection And We Want Every Color! Beauty 5 Common Contouring Mistakes--And How To Fix Them Beauty VIDEO: Britney Spears Reveals A Lot About Herself On Carpool Karaoke Celebrity Topshop&apos;s New Season Collection Is Here--Shop It First Now! Style How To Make Yourself Get Out Of Bed When Your Alarm Goes Off Style 4 days The One Makeup Product You Should Never Buy At The Drugstore, According To A Beauty Exec Beauty Can You Tell Which Saddle Bag Is Chloe And Costs $1,000 More? Style 10 Ways To Save Even MORE When You Shop At Target Style If You Only Buy One New Pair Of Shoes For Fall, Make Them Backless Loafers Style How To Wear Eyeliner In Colors Other Than Black And Brown Beauty Kylie Jenner Just Announced Three New Lip Kits--Find Out When You Can Shop Them Beauty Jennifer Lopez And Casper Smart Split After 5 Years Together Celebrity 2 Things You Should Never Buy At Whole Foods, According To A Former Employee Style Better Hurry And Buy Your Bodyography Lip Kit Now Before There&apos;s A Wait List Beauty Courteney Cox Opens Up About Her Plastic Surgery Regrets And Aging Beauty How To Have A Better Relationship With Your Boss Style 
</post>
<signature>

</signature>
<external_links>

</external_links>
<country>US</country>
<main_image>http://www.shefinds.com/files/2016/08/how-often-should-you-clean-your-keyboard-mouse.jpg</main_image>
</document>
