<?xml version="1.0" encoding="UTF-8"?>
<document>
<type>mainstream</type>
<forum>http://audioboom.com/boos/everyone.rss</forum>
<forum_title>audioBoom</forum_title>
<discussion_title>082916 Dennis &amp; Friedo Hour 4</discussion_title>
<language>english</language>
<gmt_offset></gmt_offset>
<topic_url>https://audioboom.com/boos/4988197-082916-dennis-friedo-hour-4</topic_url>
<topic_text>
&lt;iframe width=&quot;100%&quot; height=&quot;300&quot; style=&quot;background-color:transparent; display:block; max-width: 700px;&quot; frameborder=&quot;0&quot; allowtransparency=&quot;allowtransparency&quot; scrolling=&quot;no&quot; src=&quot;//embeds.audioboom.com/boos/4988197-082916-dennis-friedo-hour-4/embed/v4?eid=AQAAAOC3xFclHUwA&quot; title=&quot;audioBoom player&quot;&gt;&lt;/iframe&gt; Share on Facebook twitter 
In the fourth hour Dennis &amp; Friedo continued to discuss the impact of one athlete&apos;s stand, then the future of the Cowboys during our daily Two Thirty Takes. The show then finished as we discussed whether or not Zeke Elliott really had anything to apologize for after visiting a marijuana shop.
</topic_text>
<spam_score>0.00</spam_score>
<post_num>1</post_num>
<post_id>post-1</post_id>
<post_url>https://audioboom.com/boos/4988197-082916-dennis-friedo-hour-4</post_url>
<post_date>20160829</post_date>
<post_time>2108</post_time>
<username>Dennis &amp;amp; Friedo</username>
<post>
&lt;iframe width=&quot;100%&quot; height=&quot;300&quot; style=&quot;background-color:transparent; display:block; max-width: 700px;&quot; frameborder=&quot;0&quot; allowtransparency=&quot;allowtransparency&quot; scrolling=&quot;no&quot; src=&quot;//embeds.audioboom.com/boos/4988197-082916-dennis-friedo-hour-4/embed/v4?eid=AQAAAOC3xFclHUwA&quot; title=&quot;audioBoom player&quot;&gt;&lt;/iframe&gt; Share on Facebook twitter 
In the fourth hour Dennis &amp; Friedo continued to discuss the impact of one athlete&apos;s stand, then the future of the Cowboys during our daily Two Thirty Takes. The show then finished as we discussed whether or not Zeke Elliott really had anything to apologize for after visiting a marijuana shop.
</post>
<signature>

</signature>
<external_links>

</external_links>
<country>GB</country>
<main_image>https://d15mj6e6qmt1na.cloudfront.net/files/images/2398/9091/D_F_Podcast.jpg</main_image>
</document>
