<?xml version="1.0" encoding="UTF-8"?>
<document>
<type>mainstream</type>
<forum>http://www.travelandtourworld.com/news/article/category/hotels/</forum>
<forum_title>Hotel News| Travel and Tour World | Online Hotel Industry News| Hospitality Industry News| Hotel Market TrendsTravelandtourworld.com</forum_title>
<discussion_title>Fireworks Celebration At Mandarin Oriental, Macau</discussion_title>
<language>english</language>
<gmt_offset></gmt_offset>
<topic_url>http://www.travelandtourworld.com/news/article/fireworks-celebration-at-mandarin-oriental-macau/</topic_url>
<topic_text>
Fireworks Celebration At Mandarin Oriental, Macau Published on : Monday, August 29, 2016
Mandarin Oriental, Macau is delighted to offer aFireworks Celebration package, allowing guests to enjoy the 28th Macau International Fireworks Display Contest with their families and loved ones in an exclusive setting with fantastic views of Macau’s evening skyline.
The Fireworks Celebration package is available on 3, 10, 15, 24 September and 1 October 2016, with rates starting from MOP 3,888 per night, and includes:
One night’s accommodation in a luxurious guestroom or suite with views of the fireworks display through floor-to-ceiling windows Four-course fireworks degustation dinner at Vida Rica Restaurant for two Complimentary Internet access at the hotel
Package rates are subject to 10% service charge and 5% government tax. Three days’ advance reservation is required, and offer is subject to availability.
From 1 September to 1 October 2016, an exquisite fireworks degustation menu is available at Vida Rica Restaurant. The menu is priced at MOP 988 and MOP 1,288 for four and six courses, respectively. Set against a stylish design with stunning waterfront views, Vida Rica Bar is the best place to watch the magnificent fireworks with its double-height floor-to-ceiling windows. Savour a dazzling variety of international delicacies including an oyster and seafood bar, assorted sushi and sashimi, Portuguese specialities, all-time Chinese favourites and a delectable selection of desserts served between 7:30pm and 10pm on 3, 10, 15, 24 September and 1 October 2016. The Vida Rica fireworks buffet is priced at MOP 518 per person. As an extra indulgence, guests can enjoy a two-hour beverage package at an additional charge. Prices are subject to 10% service charge.
Source:- Mandarin Oriental
Related Posts 40% reduction in room rates in Grand Hyatt Taipei in July and August This Christmas, Mandarin Oriental Hyde Park, London welcomes Paddington Mandarin Oriental, Taipei’s Tips For Things To Do This Summer Ranked First On Tripadvisor For Second Year Running, Mandarin Oriental, Guangzhou Promotes Oriental Club Experience Offer Statement Relating To Credit Card Breach Update
</topic_text>
<spam_score>0.98</spam_score>
<post_num>1</post_num>
<post_id>post-1</post_id>
<post_url>http://www.travelandtourworld.com/news/article/fireworks-celebration-at-mandarin-oriental-macau/</post_url>
<post_date>20160829</post_date>
<post_time></post_time>
<username>travelandtourworld.com</username>
<post>
Fireworks Celebration At Mandarin Oriental, Macau Published on : Monday, August 29, 2016
Mandarin Oriental, Macau is delighted to offer aFireworks Celebration package, allowing guests to enjoy the 28th Macau International Fireworks Display Contest with their families and loved ones in an exclusive setting with fantastic views of Macau’s evening skyline.
The Fireworks Celebration package is available on 3, 10, 15, 24 September and 1 October 2016, with rates starting from MOP 3,888 per night, and includes:
One night’s accommodation in a luxurious guestroom or suite with views of the fireworks display through floor-to-ceiling windows Four-course fireworks degustation dinner at Vida Rica Restaurant for two Complimentary Internet access at the hotel
Package rates are subject to 10% service charge and 5% government tax. Three days’ advance reservation is required, and offer is subject to availability.
From 1 September to 1 October 2016, an exquisite fireworks degustation menu is available at Vida Rica Restaurant. The menu is priced at MOP 988 and MOP 1,288 for four and six courses, respectively. Set against a stylish design with stunning waterfront views, Vida Rica Bar is the best place to watch the magnificent fireworks with its double-height floor-to-ceiling windows. Savour a dazzling variety of international delicacies including an oyster and seafood bar, assorted sushi and sashimi, Portuguese specialities, all-time Chinese favourites and a delectable selection of desserts served between 7:30pm and 10pm on 3, 10, 15, 24 September and 1 October 2016. The Vida Rica fireworks buffet is priced at MOP 518 per person. As an extra indulgence, guests can enjoy a two-hour beverage package at an additional charge. Prices are subject to 10% service charge.
Source:- Mandarin Oriental
Related Posts 40% reduction in room rates in Grand Hyatt Taipei in July and August This Christmas, Mandarin Oriental Hyde Park, London welcomes Paddington Mandarin Oriental, Taipei’s Tips For Things To Do This Summer Ranked First On Tripadvisor For Second Year Running, Mandarin Oriental, Guangzhou Promotes Oriental Club Experience Offer Statement Relating To Credit Card Breach Update
</post>
<signature>

</signature>
<external_links>

</external_links>
<country>US</country>
<main_image>http://www.travelandtourworld.com/wp-content/uploads/2013/03/Mandarin-Oriental.jpg</main_image>
</document>
