<?xml version="1.0" encoding="UTF-8"?>
<document>
<type>mainstream</type>
<forum>http://stackoverflow.com/feeds</forum>
<forum_title>Recent Questions - Stack Overflow</forum_title>
<discussion_title>New Resource with default ownership of current user</discussion_title>
<language>english</language>
<gmt_offset></gmt_offset>
<topic_url>http://stackoverflow.com/questions/39216351/new-resource-with-default-ownership-of-current-user</topic_url>
<topic_text>
up vote 0 down vote favorite 
How can i add some additional checking with the Resource Bundle to allow me to auto assign the new resource to the current User (also check they are logged in) and when editing check that the current user owns the resource? 
Is this possible through settings or do i need to override each action in the controller? 
Originally posted here - https://github.com/Sylius/Sylius/issues/5907
</topic_text>
<spam_score>0.00</spam_score>
<post_num>1</post_num>
<post_id>post-1</post_id>
<post_url>http://stackoverflow.com/questions/39216351/new-resource-with-default-ownership-of-current-user</post_url>
<post_date>20160829</post_date>
<post_time>2251</post_time>
<username>Brett</username>
<post>
up vote 0 down vote favorite 
How can i add some additional checking with the Resource Bundle to allow me to auto assign the new resource to the current User (also check they are logged in) and when editing check that the current user owns the resource? 
Is this possible through settings or do i need to override each action in the controller? 
Originally posted here - https://github.com/Sylius/Sylius/issues/5907
</post>
<signature>

</signature>
<external_links>

</external_links>
<country>US</country>
<main_image>http://cdn.sstatic.net/Sites/stackoverflow/img/apple-touch-icon@2.png?v=73d79a89bded&amp;a</main_image>
</document>
