<?xml version="1.0" encoding="UTF-8"?>
<document>
<type>mainstream</type>
<forum></forum>
<forum_title></forum_title>
<discussion_title>Top Highlights of PM Modi&apos;s Mann Ki Baat August 28, 2016 Listen Speech</discussion_title>
<language>english</language>
<gmt_offset></gmt_offset>
<topic_url>http://www.mastersaheb.com/highlights-of-pm-modis-mann-ki-baat-august-28-2016-listen/</topic_url>
<topic_text>
PM Narendra Modi, in his “Mann Ki Baat” his innovative yet simple to communicate with Common Public of India, has shared his views and Various future action plans on Radio, Dated August 28, 2016. 
PM Modi began Mann Ki Baat by mentioning birth anniversary of hockey wizard Dhyan Chand. 
“Tomorrow, 29 th August is the birth anniversary of hockey wizard Dhyan Chand. This occasion is celebrated as ‘National Sports Day’ throughout the country. I offer my tributes to Dhyan Chand ji and wish to remind you all about his invaluable contribution. He played a pivotal role in helping India win Hockey Gold Medals in Olympic Games of 1928, 1932 and 1936. All of us cricket lovers know Bradman’s name very well. He had complimented Dhyan Chand ji by saying that ‘he scores goals like runs’.” 
Top Highlights of PM Modi’s “Mann Ki Baat” 
13 On Rio Olympics and Indian Olympians performance people had asked me to say something about the Rio Olympics. I find it a very positive sign that our common people have such attachment and awareness about Rio Olympics and they are insisting that the Prime Minister of the country says something on this matter. It shows that besides Cricket, our people have so much involvement in and awareness and knowledge about other sports and games also. For me, even reading these messages proved to be a source of inspiration. One Shri Ajit Singh ji has written on NarendraModiApp – “Please, this time in ‘Mann Ki Baat’ do talk about the education of our daughters, our ‘Betis’ and their participation in sports because they have brought laurels for the country by winning medals at the Rio Olympics.” One Shri Sachin has written to urge that in ‘Mann Ki Baat’ this time a mention may please be made about Sindhu, Saakshi and Deepa Karmakar. 12 was our performance really good in Rio Olympics? 

the answer is ‘No’. We have to go a long way in the field of sports. Our parents, even today, insist on focusing on studies and academics. Sports are considered a waste of time in our society. We need to change this mindset. Society needs motivation for this. And, no one can do this better than you.” 
11 on 5 th September ‘Teachers Day’ 

My dear countrymen, 5 th September is ‘Teachers Day’. For many years, I have been spending a lot of time with students on Teachers Day and that too as a student myself. I used to learn quite a lot from those young children. For me, 5 th September was Teachers Day as well as an Education Day. But, this time I have to leave for G-20 Summit and so felt in my heart that I should express my feelings in this regard in ‘Mann Ki Baat’ today. 
10 On Ganesh Utsav 

My dear countrymen, Ganesh Utsav is drawing near. Ganesh ji removes all obstacles and let us all wish that our country, our society, our families, and each one of us may lead a life free of obstacles. But, when we mention Ganesh Utsav, it is natural to remember Lokmanya Tilak ji. The tradition of public celebration of Ganesh Utsav is Lokmanya Tilak’s gift to us. By publicly celebrating Ganesh Utsav, he turned this religious occasion into a festival of national awakening and social refinement. These Ganesh festivities included holding wide-ranging discussions on the issues that touched our lives and society, and comprised such programmes which provided a new vigour and vitality to our social fabric. Also, his mantra “Swaraj, that is, freedom is my birthright” should have the main focus thereby strengthening the freedom movement. Now, not in Maharashtra alone but in each corner of India, Ganesh Utsav is celebrated publicly. 
9 should not use Ganesh idols made of Plaster of Paris. 

Why should we not use Ganeshji idols made of the clay from the village pond. POP idols are not environment friendly”. He has expressed a great pain, others have also. I request you all as to why should we not use clay in making Ganesh and Durga idols and revert to our old tradition. This will help in environment preservation, prevent pollution of our rivers and ponds and also provide protection to small creatures living in water. This is also the service of God. Ganesh ji removes obstacles. So, we should not make such Ganeshji idols. 
8 On Bharat Ratna Mother Teresa 

Bharat Ratna Mother Teresa will be canonized, that is, accorded sainthood on 4 th September. Mother Teresa devoted her entire life to the service of the poor in India. Though she was born in Albania and her mother tongue was not English, yet she transformed her life and did everything to be able to serve the poor. When Mother Teresa, who served the poor in India all through her life, is accorded Sainthood, it is quite natural for we Indians to feel proud. Indian government will send an official delegation under the leadership of our External Affairs Minister Sushma Swaraj to represent 125 crore Indians at the canonization ceremony to be held on 4 th September. 
7 On Swachha Bharat 

Swachha Bharat has become the dream of each Indian. Some Indians have made it their resolve. Some Indians have made it their aim and purpose. But, each one is connected to it in one or the other way and everyone is making a contribution. Daily we hear about the various innovative efforts in this direction. Acting on one such idea, the Government of India has called upon the people to make short films of 2 to 3 minutes duration on Swachhta, that is, cleanliness and send these to the Government. You can find details of this plan on website. A competition will be held and the winners will be awarded prizes on Gandhi Jayanti Day on 2 nd October. 
6 On relations with its neighbours 

India has always tried its best to have close, cordial and vibrant relations with its neighbours. A very important event took place recently. The Honourable President of India Shri Pranab Mukherjee inaugurated a new radio channel named ‘Akashvani Maitree Channel’ at Kolkata. Now, some people may wonder whether Honourable President should inaugurate a Radio Channel? But this is no ordinary Radio Channel, it is a very big and very important step. We have Bangladesh as our neighbour. We know that both Bangladesh and West Bengal continue to have a common cultural heritage. So, Akashvani Maitree on this side and Bangladesh Betaar on that side will mutually share the content and Bengali speaking people on both sides will enjoy the programmes of Akashvani, that is, All India Radio. 
5 On Disastrous situation in India due to floods 

we were struggling with drought-like conditions last year but this August we have been facing the fury of floods all through. In some parts of the country, there have been repetitive floods. State governments, Union government, local self-government bodies, social organisations and the citizens did whatever best could be done. Yet, even amidst the reports of these floods, some such events happened which should be remembered. Which show the power of unity, and how big results can be achieved by working together? The month of August this year has become memorable. 
4 On GST Act 

In August 2016, about 90 political parties in the country, many of these parties in the Parliament, which were staunch opponents of each other and which do not miss the slightest opportunity against each other, all these parties got united and passed the GST Act. The credit for this goes to all the parties. And, this is an example which shows that great tasks can be accomplished by working in unison to move ahead. 
3 On Kashmir 

about the incidents that took place in Kashmir and all that happened in Kashmir, all political parties in the country collectively expressed their views in one voice. A massage was sent to the whole world, a massage also went to the separatist forces and our sympathy was expressed towards the people of Kashmir. Whatever interaction with whomsoever I had on Kashmir resounded with these views quite prominently and if I may try to summarise these views and comments, the gist and essence were unity and affection; these two were the fundamental points. And, we all are of the view, and this is the view of all 125 crore Indians, right from the village Pradhan to the Prime Minister that every loss of life in Kashmir – whether it is of a young man or of a security personnel – it is our own loss, a loss of our people, a loss for the nation! Those trying to disturb peace in Kashmir by putting small children in the front and hiding behind them will have to be answerable to these very innocent children some day. 


Send your suggestions on Narendra Modi App for branding India on global scale, Give a missed call to 81908-81908 &amp; listen to PM Modi’s #MannKiBaat in your regional language on the go! 

</topic_text>
<spam_score>0.00</spam_score>
<post_num>1</post_num>
<post_id>post-1</post_id>
<post_url>http://www.mastersaheb.com/highlights-of-pm-modis-mann-ki-baat-august-28-2016-listen/</post_url>
<post_date>20160829</post_date>
<post_time></post_time>
<username>Master Editor</username>
<post>
PM Narendra Modi, in his “Mann Ki Baat” his innovative yet simple to communicate with Common Public of India, has shared his views and Various future action plans on Radio, Dated August 28, 2016. 
PM Modi began Mann Ki Baat by mentioning birth anniversary of hockey wizard Dhyan Chand. 
“Tomorrow, 29 th August is the birth anniversary of hockey wizard Dhyan Chand. This occasion is celebrated as ‘National Sports Day’ throughout the country. I offer my tributes to Dhyan Chand ji and wish to remind you all about his invaluable contribution. He played a pivotal role in helping India win Hockey Gold Medals in Olympic Games of 1928, 1932 and 1936. All of us cricket lovers know Bradman’s name very well. He had complimented Dhyan Chand ji by saying that ‘he scores goals like runs’.” 
Top Highlights of PM Modi’s “Mann Ki Baat” 
13 On Rio Olympics and Indian Olympians performance people had asked me to say something about the Rio Olympics. I find it a very positive sign that our common people have such attachment and awareness about Rio Olympics and they are insisting that the Prime Minister of the country says something on this matter. It shows that besides Cricket, our people have so much involvement in and awareness and knowledge about other sports and games also. For me, even reading these messages proved to be a source of inspiration. One Shri Ajit Singh ji has written on NarendraModiApp – “Please, this time in ‘Mann Ki Baat’ do talk about the education of our daughters, our ‘Betis’ and their participation in sports because they have brought laurels for the country by winning medals at the Rio Olympics.” One Shri Sachin has written to urge that in ‘Mann Ki Baat’ this time a mention may please be made about Sindhu, Saakshi and Deepa Karmakar. 12 was our performance really good in Rio Olympics? 

the answer is ‘No’. We have to go a long way in the field of sports. Our parents, even today, insist on focusing on studies and academics. Sports are considered a waste of time in our society. We need to change this mindset. Society needs motivation for this. And, no one can do this better than you.” 
11 on 5 th September ‘Teachers Day’ 

My dear countrymen, 5 th September is ‘Teachers Day’. For many years, I have been spending a lot of time with students on Teachers Day and that too as a student myself. I used to learn quite a lot from those young children. For me, 5 th September was Teachers Day as well as an Education Day. But, this time I have to leave for G-20 Summit and so felt in my heart that I should express my feelings in this regard in ‘Mann Ki Baat’ today. 
10 On Ganesh Utsav 

My dear countrymen, Ganesh Utsav is drawing near. Ganesh ji removes all obstacles and let us all wish that our country, our society, our families, and each one of us may lead a life free of obstacles. But, when we mention Ganesh Utsav, it is natural to remember Lokmanya Tilak ji. The tradition of public celebration of Ganesh Utsav is Lokmanya Tilak’s gift to us. By publicly celebrating Ganesh Utsav, he turned this religious occasion into a festival of national awakening and social refinement. These Ganesh festivities included holding wide-ranging discussions on the issues that touched our lives and society, and comprised such programmes which provided a new vigour and vitality to our social fabric. Also, his mantra “Swaraj, that is, freedom is my birthright” should have the main focus thereby strengthening the freedom movement. Now, not in Maharashtra alone but in each corner of India, Ganesh Utsav is celebrated publicly. 
9 should not use Ganesh idols made of Plaster of Paris. 

Why should we not use Ganeshji idols made of the clay from the village pond. POP idols are not environment friendly”. He has expressed a great pain, others have also. I request you all as to why should we not use clay in making Ganesh and Durga idols and revert to our old tradition. This will help in environment preservation, prevent pollution of our rivers and ponds and also provide protection to small creatures living in water. This is also the service of God. Ganesh ji removes obstacles. So, we should not make such Ganeshji idols. 
8 On Bharat Ratna Mother Teresa 

Bharat Ratna Mother Teresa will be canonized, that is, accorded sainthood on 4 th September. Mother Teresa devoted her entire life to the service of the poor in India. Though she was born in Albania and her mother tongue was not English, yet she transformed her life and did everything to be able to serve the poor. When Mother Teresa, who served the poor in India all through her life, is accorded Sainthood, it is quite natural for we Indians to feel proud. Indian government will send an official delegation under the leadership of our External Affairs Minister Sushma Swaraj to represent 125 crore Indians at the canonization ceremony to be held on 4 th September. 
7 On Swachha Bharat 

Swachha Bharat has become the dream of each Indian. Some Indians have made it their resolve. Some Indians have made it their aim and purpose. But, each one is connected to it in one or the other way and everyone is making a contribution. Daily we hear about the various innovative efforts in this direction. Acting on one such idea, the Government of India has called upon the people to make short films of 2 to 3 minutes duration on Swachhta, that is, cleanliness and send these to the Government. You can find details of this plan on website. A competition will be held and the winners will be awarded prizes on Gandhi Jayanti Day on 2 nd October. 
6 On relations with its neighbours 

India has always tried its best to have close, cordial and vibrant relations with its neighbours. A very important event took place recently. The Honourable President of India Shri Pranab Mukherjee inaugurated a new radio channel named ‘Akashvani Maitree Channel’ at Kolkata. Now, some people may wonder whether Honourable President should inaugurate a Radio Channel? But this is no ordinary Radio Channel, it is a very big and very important step. We have Bangladesh as our neighbour. We know that both Bangladesh and West Bengal continue to have a common cultural heritage. So, Akashvani Maitree on this side and Bangladesh Betaar on that side will mutually share the content and Bengali speaking people on both sides will enjoy the programmes of Akashvani, that is, All India Radio. 
5 On Disastrous situation in India due to floods 

we were struggling with drought-like conditions last year but this August we have been facing the fury of floods all through. In some parts of the country, there have been repetitive floods. State governments, Union government, local self-government bodies, social organisations and the citizens did whatever best could be done. Yet, even amidst the reports of these floods, some such events happened which should be remembered. Which show the power of unity, and how big results can be achieved by working together? The month of August this year has become memorable. 
4 On GST Act 

In August 2016, about 90 political parties in the country, many of these parties in the Parliament, which were staunch opponents of each other and which do not miss the slightest opportunity against each other, all these parties got united and passed the GST Act. The credit for this goes to all the parties. And, this is an example which shows that great tasks can be accomplished by working in unison to move ahead. 
3 On Kashmir 

about the incidents that took place in Kashmir and all that happened in Kashmir, all political parties in the country collectively expressed their views in one voice. A massage was sent to the whole world, a massage also went to the separatist forces and our sympathy was expressed towards the people of Kashmir. Whatever interaction with whomsoever I had on Kashmir resounded with these views quite prominently and if I may try to summarise these views and comments, the gist and essence were unity and affection; these two were the fundamental points. And, we all are of the view, and this is the view of all 125 crore Indians, right from the village Pradhan to the Prime Minister that every loss of life in Kashmir – whether it is of a young man or of a security personnel – it is our own loss, a loss of our people, a loss for the nation! Those trying to disturb peace in Kashmir by putting small children in the front and hiding behind them will have to be answerable to these very innocent children some day. 


Send your suggestions on Narendra Modi App for branding India on global scale, Give a missed call to 81908-81908 &amp; listen to PM Modi’s #MannKiBaat in your regional language on the go! 

</post>
<signature>

</signature>
<external_links>

</external_links>
<country>US</country>
<main_image>http://i1.wp.com/www.mastersaheb.com/wp-content/uploads/2016/08/maxresdefault-7.jpg?fit=1280%2C720</main_image>
</document>
