<?xml version="1.0" encoding="UTF-8"?>
<document>
<type>mainstream</type>
<forum>http://audioboom.com/boos/everyone.rss</forum>
<forum_title>audioBoom</forum_title>
<discussion_title>CBC News: World at Six for 2016/08/29 at 17:30 EDT</discussion_title>
<language>english</language>
<gmt_offset></gmt_offset>
<topic_url>https://audioboom.com/boos/4988351-cbc-news-world-at-six-for-2016-08-29-at-17-30-edt</topic_url>
<topic_text>
&lt;iframe width=&quot;100%&quot; height=&quot;150&quot; style=&quot;background-color:transparent; display:block; min-width:300px; max-width:700px;&quot; frameborder=&quot;0&quot; allowtransparency=&quot;allowtransparency&quot; scrolling=&quot;no&quot; src=&quot;//embeds.audioboom.com/boos/4988351-cbc-news-world-at-six-for-2016-08-29-at-17-30-edt/embed/v3?eid=AQAAAIu2xFe_HUwA&quot; title=&quot;audioBoom player&quot;&gt;&lt;/iframe&gt; Share on
</topic_text>
<spam_score>0.00</spam_score>
<post_num>1</post_num>
<post_id>post-1</post_id>
<post_url>https://audioboom.com/boos/4988351-cbc-news-world-at-six-for-2016-08-29-at-17-30-edt</post_url>
<post_date>20160829</post_date>
<post_time>2130</post_time>
<username>CBC News: World at Six</username>
<post>
&lt;iframe width=&quot;100%&quot; height=&quot;150&quot; style=&quot;background-color:transparent; display:block; min-width:300px; max-width:700px;&quot; frameborder=&quot;0&quot; allowtransparency=&quot;allowtransparency&quot; scrolling=&quot;no&quot; src=&quot;//embeds.audioboom.com/boos/4988351-cbc-news-world-at-six-for-2016-08-29-at-17-30-edt/embed/v3?eid=AQAAAIu2xFe_HUwA&quot; title=&quot;audioBoom player&quot;&gt;&lt;/iframe&gt; Share on
</post>
<signature>

</signature>
<external_links>

</external_links>
<country>GB</country>
<main_image>https://d15mj6e6qmt1na.cloudfront.net/files/images/0842/9107/mza_4992922222949955845.600x600-75.jpg</main_image>
</document>
