<?xml version="1.0" encoding="UTF-8"?>
<document>
<type>mainstream</type>
<forum>http://rssfeeds.wzzm13.com/wzzm13-local</forum>
<forum_title>WZZM - Local</forum_title>
<discussion_title>Catholic Schools begin Tuesday</discussion_title>
<language>english</language>
<gmt_offset></gmt_offset>
<topic_url>http://rssfeeds.wzzm13.com/http&amp;#x3a;&amp;#x2f;&amp;#x2f;www&amp;#x2e;wzzm13&amp;#x2e;com&amp;#x2f;news&amp;#x2f;mass-held-for-start-of-the-schol-year&amp;#x2f;310691198</topic_url>
<topic_text>
Mass held for start of the schol year Staff , WZZM 6:36 PM. EDT August 29, 2016 
GRAND RAPIDS, MICH - Grand Rapids Catholic Schools welcomed their students back for the new year, with a celebration mass this morning. 
More than 500 Catholic school leaders and faculty attended the service at the Cathedral of Saint Andrew. 
All 30 catholic elementary and high schools in the diocese were represented. 
The first day of school officially starts Tuesday, August 29. 
(© 2016 WZZM)
</topic_text>
<spam_score>0.00</spam_score>
<post_num>1</post_num>
<post_id>post-1</post_id>
<post_url>http://rssfeeds.wzzm13.com/http&amp;#x3a;&amp;#x2f;&amp;#x2f;www&amp;#x2e;wzzm13&amp;#x2e;com&amp;#x2f;news&amp;#x2f;mass-held-for-start-of-the-schol-year&amp;#x2f;310691198</post_url>
<post_date>20160829</post_date>
<post_time>2236</post_time>
<username></username>
<post>
Mass held for start of the schol year Staff , WZZM 6:36 PM. EDT August 29, 2016 
GRAND RAPIDS, MICH - Grand Rapids Catholic Schools welcomed their students back for the new year, with a celebration mass this morning. 
More than 500 Catholic school leaders and faculty attended the service at the Cathedral of Saint Andrew. 
All 30 catholic elementary and high schools in the diocese were represented. 
The first day of school officially starts Tuesday, August 29. 
(© 2016 WZZM)
</post>
<signature>

</signature>
<external_links>

</external_links>
<country>US</country>
<main_image>http://content.tegna-media.com/photo/2016/03/05/635927707396043571-030516detroit-catholic_799476_ver1.0_640_360.jpg</main_image>
</document>
