<?xml version="1.0" encoding="UTF-8"?>
<document>
<type>mainstream</type>
<forum>http://kctv5.com//category/208603/sports?clienttype=rss</forum>
<forum_title>KCTV Kansas City - Sports</forum_title>
<discussion_title>Kaepernick&apos;s decision to sit through anthem scrutinized</discussion_title>
<language>english</language>
<gmt_offset></gmt_offset>
<topic_url>http://www.kctv5.com/story/32867408/kaepernicks-decision-to-sit-through-anthem-scrutinized</topic_url>
<topic_text>
By JANIE McCAULEY
AP Sports Writer SAN FRANCISCO (AP) - From the White House to San Francisco police union headquarters and the Veterans of Foreign Wars, Colin Kaepernick&apos;s name came up Monday as his decision to sit down during the national anthem reached far beyond football.
And many aren&apos;t thrilled with the 49ers quarterback&apos;s strong words about why he is doing it : To instigate change and challenge authority when it comes to race relations and what he considers police brutality.
Even his former coach, outspoken Michigan leader Jim Harbaugh, chimed in from afar in disagreement with Kaepernick&apos;s tactics - clarifying some earlier remarks that questioned the quarterback&apos;s motivation.
&quot;I apologize for misspeaking my true sentiments. To clarify, I support Colin&apos;s motivation. It&apos;s his method of action that I take exception to,&quot; Harbaugh posted on Twitter.
Kaepernick, who has sat through the anthem at all three 49ers preseason games so far, is prepared to keep fighting for what he believes in, even alone.
&quot;The fact that it has blown up like this, I think it&apos;s a good thing. It brings awareness,&quot; Kaepernick said Sunday. &quot;Now, I think people are really talking about it. Having conversations about how to make change. What&apos;s really going on in this country. And we can move forward. ...There is police brutality. People of color have been targeted by police. So that&apos;s a large part of it and they&apos;re government officials. They are put in place by the government. So that&apos;s something that this country has to change. There&apos;s things we can do to hold them more accountable. Make those standards higher.&quot;
Martin Halloran, the San Francisco Police Officers Association president, sent a letter Monday to NFL Commissioner Roger Goodell and 49ers CEO Jed York denouncing Kaepernick&apos;s &quot;ill-advised&quot; statements and a &quot;naiveté&quot; and &quot;total lack of sensitivity&quot; toward police, along with an &quot;incredible lack of knowledge&quot; about officer-involved shootings.
The police union invited Kaepernick or anyone else from the league to visit the San Francisco police academy to build communication and understanding about the profession.
&quot;I only wish Mr. Kaepernick could see the emotional and psychological challenges that our officers face following a fatal encounter,&quot; Halloran wrote. &quot;Some are so affected they never return to the streets. In short, Mr. Kaepernick has embarrassed himself, the 49er organization, and the NFL based on a false narrative and misinformation that lacks any factual basis.&quot;
White House spokesman Josh Earnest said he was confident President Barack Obama is aware of Kaepernick&apos;s actions but hadn&apos;t spoken directly with the president about it.
&quot;In general, what I can say is that I certainly don&apos;t share the views that Mr. Kaepernick expressed after the game in explaining his reasoning for his actions, but we surely would all acknowledge and even defend his right to express those views in the settings that he chooses,&quot; Earnest said. &quot;That&apos;s what he&apos;s done, and even as objectionable as we find his perspective, he certainly is entitled to express it.&quot;
Kaepernick&apos;s stance about sitting through the anthem, which he further explained Sunday after he was shown sitting on the bench for &quot;The Star-Spangled Banner&quot; before Friday&apos;s preseason loss to the Packers, was still the chatter around the NFL, too.
Steelers left tackle Alejandro Villanueva, who played at Army and served in Afghanistan before forging a job in the NFL, said he agrees that the U.S. &quot;is not perfect&quot; but insists it is the best country and he is unsure how he would react if one of his teammates sat down for the anthem.
&quot;I just know that I am very thankful to be an American. I will stand very proudly, and I will sing every single line in the national anthem every single time I hear it,&quot; Villanueva said. &quot;I will stop whatever I am doing, because I recognize that I have to be very thankful to be in this country.&quot;
As some of Kaepernick&apos;s teammates noted Sunday, many are offended by his bold move - one he plans to continue indefinitely.
&quot;The American flag and our national anthem stand for something, and the Veterans of Foreign Wars of the United States salutes all who stand with us,&quot; said Veterans of Foreign Wars National Commander Brian Duffy.
___
AP Sports Writers Will Graves and Larry Lage, and Associated Press Writers Kevin Freking and Paul Elias contributed to this report.
___
AP NFL website: www.pro32.ap.org and www.twitter.com/AP_NFL
Copyright 2016 The Associated Press.   This material may not be published, broadcast, rewritten or redistributed.
</topic_text>
<spam_score>0.00</spam_score>
<post_num>1</post_num>
<post_id>post-1</post_id>
<post_url>http://www.kctv5.com/story/32867408/kaepernicks-decision-to-sit-through-anthem-scrutinized</post_url>
<post_date>20160829</post_date>
<post_time>1721</post_time>
<username>cbs8</username>
<post>
By JANIE McCAULEY
AP Sports Writer SAN FRANCISCO (AP) - From the White House to San Francisco police union headquarters and the Veterans of Foreign Wars, Colin Kaepernick&apos;s name came up Monday as his decision to sit down during the national anthem reached far beyond football.
And many aren&apos;t thrilled with the 49ers quarterback&apos;s strong words about why he is doing it : To instigate change and challenge authority when it comes to race relations and what he considers police brutality.
Even his former coach, outspoken Michigan leader Jim Harbaugh, chimed in from afar in disagreement with Kaepernick&apos;s tactics - clarifying some earlier remarks that questioned the quarterback&apos;s motivation.
&quot;I apologize for misspeaking my true sentiments. To clarify, I support Colin&apos;s motivation. It&apos;s his method of action that I take exception to,&quot; Harbaugh posted on Twitter.
Kaepernick, who has sat through the anthem at all three 49ers preseason games so far, is prepared to keep fighting for what he believes in, even alone.
&quot;The fact that it has blown up like this, I think it&apos;s a good thing. It brings awareness,&quot; Kaepernick said Sunday. &quot;Now, I think people are really talking about it. Having conversations about how to make change. What&apos;s really going on in this country. And we can move forward. ...There is police brutality. People of color have been targeted by police. So that&apos;s a large part of it and they&apos;re government officials. They are put in place by the government. So that&apos;s something that this country has to change. There&apos;s things we can do to hold them more accountable. Make those standards higher.&quot;
Martin Halloran, the San Francisco Police Officers Association president, sent a letter Monday to NFL Commissioner Roger Goodell and 49ers CEO Jed York denouncing Kaepernick&apos;s &quot;ill-advised&quot; statements and a &quot;naiveté&quot; and &quot;total lack of sensitivity&quot; toward police, along with an &quot;incredible lack of knowledge&quot; about officer-involved shootings.
The police union invited Kaepernick or anyone else from the league to visit the San Francisco police academy to build communication and understanding about the profession.
&quot;I only wish Mr. Kaepernick could see the emotional and psychological challenges that our officers face following a fatal encounter,&quot; Halloran wrote. &quot;Some are so affected they never return to the streets. In short, Mr. Kaepernick has embarrassed himself, the 49er organization, and the NFL based on a false narrative and misinformation that lacks any factual basis.&quot;
White House spokesman Josh Earnest said he was confident President Barack Obama is aware of Kaepernick&apos;s actions but hadn&apos;t spoken directly with the president about it.
&quot;In general, what I can say is that I certainly don&apos;t share the views that Mr. Kaepernick expressed after the game in explaining his reasoning for his actions, but we surely would all acknowledge and even defend his right to express those views in the settings that he chooses,&quot; Earnest said. &quot;That&apos;s what he&apos;s done, and even as objectionable as we find his perspective, he certainly is entitled to express it.&quot;
Kaepernick&apos;s stance about sitting through the anthem, which he further explained Sunday after he was shown sitting on the bench for &quot;The Star-Spangled Banner&quot; before Friday&apos;s preseason loss to the Packers, was still the chatter around the NFL, too.
Steelers left tackle Alejandro Villanueva, who played at Army and served in Afghanistan before forging a job in the NFL, said he agrees that the U.S. &quot;is not perfect&quot; but insists it is the best country and he is unsure how he would react if one of his teammates sat down for the anthem.
&quot;I just know that I am very thankful to be an American. I will stand very proudly, and I will sing every single line in the national anthem every single time I hear it,&quot; Villanueva said. &quot;I will stop whatever I am doing, because I recognize that I have to be very thankful to be in this country.&quot;
As some of Kaepernick&apos;s teammates noted Sunday, many are offended by his bold move - one he plans to continue indefinitely.
&quot;The American flag and our national anthem stand for something, and the Veterans of Foreign Wars of the United States salutes all who stand with us,&quot; said Veterans of Foreign Wars National Commander Brian Duffy.
___
AP Sports Writers Will Graves and Larry Lage, and Associated Press Writers Kevin Freking and Paul Elias contributed to this report.
___
AP NFL website: www.pro32.ap.org and www.twitter.com/AP_NFL
Copyright 2016 The Associated Press.   This material may not be published, broadcast, rewritten or redistributed.
</post>
<signature>

</signature>
<external_links>

</external_links>
<country>US</country>
<main_image>http://images.worldnow.com/AP/images/11566817_G.jpg</main_image>
</document>
