<?xml version="1.0" encoding="UTF-8"?>
<document>
<type>mainstream</type>
<forum>http://audioboom.com/boos/everyone.rss</forum>
<forum_title>audioBoom</forum_title>
<discussion_title>142: Deep Slant to Chicken Feather</discussion_title>
<language>english</language>
<gmt_offset></gmt_offset>
<topic_url>https://audioboom.com/boos/4988301-142-deep-slant-to-chicken-feather</topic_url>
<topic_text>
&lt;iframe width=&quot;100%&quot; height=&quot;300&quot; style=&quot;background-color:transparent; display:block; max-width: 700px;&quot; frameborder=&quot;0&quot; allowtransparency=&quot;allowtransparency&quot; scrolling=&quot;no&quot; src=&quot;//embeds.audioboom.com/boos/4988301-142-deep-slant-to-chicken-feather/embed/v4?eid=AQAAAA24xFeNHUwA&quot; title=&quot;audioBoom player&quot;&gt;&lt;/iframe&gt; Share on Facebook twitter 
Jeff and Christian welcome official DLC sport correspondent, Rich Grisham, CMO of Out of the Park Developments and co-founder of Hit The Pass, to the show this week to discuss Nintendo&apos;s latest NX comments, misinformation about No Man&apos;s Sky, positive reinforcement in Overwatch, and more! 
00:43:22 - The Playlist: Madden 17, FiFA 17, Deus Ex: Mankind Divided 
01:26:17 - VR Talk: Edge of Nowhere, To the Top 
01:34:41 - Tabletop Time: Uno and No Thanks 
01:44:19 - Parting Gifts!
</topic_text>
<spam_score>0.00</spam_score>
<post_num>1</post_num>
<post_id>post-1</post_id>
<post_url>https://audioboom.com/boos/4988301-142-deep-slant-to-chicken-feather</post_url>
<post_date>20160829</post_date>
<post_time>2100</post_time>
<username>DLC</username>
<post>
&lt;iframe width=&quot;100%&quot; height=&quot;300&quot; style=&quot;background-color:transparent; display:block; max-width: 700px;&quot; frameborder=&quot;0&quot; allowtransparency=&quot;allowtransparency&quot; scrolling=&quot;no&quot; src=&quot;//embeds.audioboom.com/boos/4988301-142-deep-slant-to-chicken-feather/embed/v4?eid=AQAAAA24xFeNHUwA&quot; title=&quot;audioBoom player&quot;&gt;&lt;/iframe&gt; Share on Facebook twitter 
Jeff and Christian welcome official DLC sport correspondent, Rich Grisham, CMO of Out of the Park Developments and co-founder of Hit The Pass, to the show this week to discuss Nintendo&apos;s latest NX comments, misinformation about No Man&apos;s Sky, positive reinforcement in Overwatch, and more! 
00:43:22 - The Playlist: Madden 17, FiFA 17, Deus Ex: Mankind Divided 
01:26:17 - VR Talk: Edge of Nowhere, To the Top 
01:34:41 - Tabletop Time: Uno and No Thanks 
01:44:19 - Parting Gifts!
</post>
<signature>

</signature>
<external_links>

</external_links>
<country>GB</country>
<main_image>https://d15mj6e6qmt1na.cloudfront.net/files/images/2398/9607/cover.jpg</main_image>
</document>
