<?xml version="1.0" encoding="UTF-8"?>
<document>
<type>mainstream</type>
<forum>http://stackoverflow.com/feeds</forum>
<forum_title>Recent Questions - Stack Overflow</forum_title>
<discussion_title>How to rank a record with same weight in MySQL</discussion_title>
<language>english</language>
<gmt_offset></gmt_offset>
<topic_url>http://stackoverflow.com/questions/39214022/how-to-rank-a-record-with-same-weight-in-mysql</topic_url>
<topic_text>
What is your current result? What are you doing to get it? What is your desired result? – Patrick Q 3 hours ago I am using a variable and then every time I increment by 1, but there are two 85 in the data which share the same rank so how to handle that? – komal sarvaiya 3 hours ago what you really want? – Wasiq Muhammad 3 hours ago I want that the rank should be shared if there are equal weights, like here in case of 85, studentB and studentC will share the same rank i.e. 2 – komal sarvaiya 3 hours ago
</topic_text>
<spam_score>0.00</spam_score>
<post_num>1</post_num>
<post_id>post-1</post_id>
<post_url>http://stackoverflow.com/questions/39214022/how-to-rank-a-record-with-same-weight-in-mysql</post_url>
<post_date>20160829</post_date>
<post_time>2253</post_time>
<username>komal sarvaiya</username>
<post>
What is your current result? What are you doing to get it? What is your desired result? – Patrick Q 3 hours ago I am using a variable and then every time I increment by 1, but there are two 85 in the data which share the same rank so how to handle that? – komal sarvaiya 3 hours ago what you really want? – Wasiq Muhammad 3 hours ago I want that the rank should be shared if there are equal weights, like here in case of 85, studentB and studentC will share the same rank i.e. 2 – komal sarvaiya 3 hours ago
</post>
<signature>

</signature>
<external_links>

</external_links>
<country>US</country>
<main_image>http://cdn.sstatic.net/Sites/stackoverflow/img/apple-touch-icon@2.png?v=73d79a89bded&amp;a</main_image>
</document>
