<?xml version="1.0" encoding="UTF-8"?>
<document>
<type>mainstream</type>
<forum>http://it.i88.ca/feeds/posts/default</forum>
<forum_title>i88.ca</forum_title>
<discussion_title>[HDGEM] How to enable Memcached plugin for MySQL server</discussion_title>
<language>english</language>
<gmt_offset></gmt_offset>
<topic_url>http://it.i88.ca/2016/08/hdgem-how-to-enable-memcached-plugin.html</topic_url>
<topic_text>
[HDGEM] How to enable Memcached plugin for MySQL server To begin using the Memcached interface, you will need to take the following steps: Load the Memcached plugin at startup time by adding this option to your my.cnf file: plugin-load = daemon_memcached=libmemcached.so You can also load it at runtime this way: mysql&gt; install plugin daemon_memcached soname &quot;libmemcached.so&quot;; Load the Memcached-specific system schema, where the custom storage mappings between InnoDB and Memcached, along with some behavior configuration, are defined: mysql&gt; source /usr/share/mysql/innodb_memcached_config.sql Posted By Blogger to HDGEM at 8/29/2016 12:53:00 PM Reactions:
</topic_text>
<spam_score>0.00</spam_score>
<post_num>1</post_num>
<post_id>post-1</post_id>
<post_url>http://it.i88.ca/2016/08/hdgem-how-to-enable-memcached-plugin.html</post_url>
<post_date>20160829</post_date>
<post_time>1953</post_time>
<username>Peter Li (noreply@blogger.com)</username>
<post>
[HDGEM] How to enable Memcached plugin for MySQL server To begin using the Memcached interface, you will need to take the following steps: Load the Memcached plugin at startup time by adding this option to your my.cnf file: plugin-load = daemon_memcached=libmemcached.so You can also load it at runtime this way: mysql&gt; install plugin daemon_memcached soname &quot;libmemcached.so&quot;; Load the Memcached-specific system schema, where the custom storage mappings between InnoDB and Memcached, along with some behavior configuration, are defined: mysql&gt; source /usr/share/mysql/innodb_memcached_config.sql Posted By Blogger to HDGEM at 8/29/2016 12:53:00 PM Reactions:
</post>
<signature>

</signature>
<external_links>

</external_links>
<country>CA</country>
<main_image></main_image>
</document>
