<?xml version="1.0" encoding="UTF-8"?>
<document>
<type>mainstream</type>
<forum>http://hihi2.com/category/football-news/feed</forum>
<forum_title>هاي كورةالأخبار – هاي كورة</forum_title>
<discussion_title>اجويرو يغيب عن منتخب الارجنتين للاصابة</discussion_title>
<language>arabic</language>
<gmt_offset></gmt_offset>
<topic_url>http://hihi2.com/2016/08/30/p715015.html</topic_url>
<topic_text>
كتب في 2016/08/30 - 12:02 ص - في قسم [ أخبار مانشستر سيتي ] اجويرو يغيب عن منتخب الارجنتين للاصابة 
هاي كورة – سيغيب اللاعب الارجنتيني سيرجيو اجويرو مهاجم مانشستر سيتي ومنتخب الارجنتين عن مباراتي اوروجواي وفنزويلا ضمن تصفيات كاس العالم لروسيا 2018. 
وقد تعرض اجويرو للاصابة خلال مباراة ناديه مساء الاحد امام وست هام وذلك ضمن مباريات الجولة الثالثة من الدوري الانجليزي الممتاز لكرة القدم. 
وقد استطاع مانشستر سيتي ان يحقق الفوز في هذه المباراة بثلاثة اهداف مقابل هدف وحيد.
</topic_text>
<spam_score>0.00</spam_score>
<post_num>1</post_num>
<post_id>post-1</post_id>
<post_url>http://hihi2.com/2016/08/30/p715015.html</post_url>
<post_date>20160829</post_date>
<post_time>2102</post_time>
<username></username>
<post>
كتب في 2016/08/30 - 12:02 ص - في قسم [ أخبار مانشستر سيتي ] اجويرو يغيب عن منتخب الارجنتين للاصابة 
هاي كورة – سيغيب اللاعب الارجنتيني سيرجيو اجويرو مهاجم مانشستر سيتي ومنتخب الارجنتين عن مباراتي اوروجواي وفنزويلا ضمن تصفيات كاس العالم لروسيا 2018. 
وقد تعرض اجويرو للاصابة خلال مباراة ناديه مساء الاحد امام وست هام وذلك ضمن مباريات الجولة الثالثة من الدوري الانجليزي الممتاز لكرة القدم. 
وقد استطاع مانشستر سيتي ان يحقق الفوز في هذه المباراة بثلاثة اهداف مقابل هدف وحيد.
</post>
<signature>

</signature>
<external_links>

</external_links>
<country>FR</country>
<main_image>http://hihi2.com/wp-content/uploads/2016/08/hihi2_2016-08-29_20-56-50-200x150.jpg</main_image>
</document>
