<?xml version="1.0" encoding="UTF-8"?>
<document>
<type>mainstream</type>
<forum>http://www.ilkleygazette.co.uk/leisure/showbiz/rss</forum>
<forum_title>Ilkley Gazette | National Entertainment News</forum_title>
<discussion_title>Robot Wars winners don&apos;t get chance to celebrate success</discussion_title>
<language>english</language>
<gmt_offset></gmt_offset>
<topic_url>http://www.ilkleygazette.co.uk/leisure/showbiz/14710867.Robot_Wars_winners_don_t_get_chance_to_celebrate_success/</topic_url>
<topic_text>
Have you got a local story, picture or video you would like to send to us? Send it to us now for a chance to get published. Services Robot Wars winners don&apos;t get chance to celebrate success Robot Wars winners don&apos;t get chance to celebrate success 
/ Press Association 2014 
The winner of Robot Wars said his teammates were not able to celebrate their success because they had to get back to their jobs at Pontins. 
Dave Young, Marc Dermott and Ben Bacon made up the Apollo team and were dubbed “the boyband of Robot Wars”. 
They won the BBC2 show, which was rebooted this year after 12 years. 
The trio met at a Pontins holiday camp. Robot Wars presenters (Alan Peebles/BBC/Mentorn Media S/Press Association Images) 
Dave, 28, said that his teammates still work at Pontins and had to get back to work. 
“They managed to get a few hours off… but had to get back to the holiday park,” he said. 
Dave, who left Pontins five years ago, said: “I’ve got my fingers crossed that they’ll bring back the TV show and that we can defend the title.” 
The trio were presented with the prestigious trophy by hosts Dara O Briain and Angela Scanlon. Promoted stories
</topic_text>
<spam_score>0.00</spam_score>
<post_num>1</post_num>
<post_id>post-1</post_id>
<post_url>http://www.ilkleygazette.co.uk/leisure/showbiz/14710867.Robot_Wars_winners_don_t_get_chance_to_celebrate_success/</post_url>
<post_date>20160829</post_date>
<post_time>1522</post_time>
<username></username>
<post>
Have you got a local story, picture or video you would like to send to us? Send it to us now for a chance to get published. Services Robot Wars winners don&apos;t get chance to celebrate success Robot Wars winners don&apos;t get chance to celebrate success 
/ Press Association 2014 
The winner of Robot Wars said his teammates were not able to celebrate their success because they had to get back to their jobs at Pontins. 
Dave Young, Marc Dermott and Ben Bacon made up the Apollo team and were dubbed “the boyband of Robot Wars”. 
They won the BBC2 show, which was rebooted this year after 12 years. 
The trio met at a Pontins holiday camp. Robot Wars presenters (Alan Peebles/BBC/Mentorn Media S/Press Association Images) 
Dave, 28, said that his teammates still work at Pontins and had to get back to work. 
“They managed to get a few hours off… but had to get back to the holiday park,” he said. 
Dave, who left Pontins five years ago, said: “I’ve got my fingers crossed that they’ll bring back the TV show and that we can defend the title.” 
The trio were presented with the prestigious trophy by hosts Dara O Briain and Angela Scanlon. Promoted stories
</post>
<signature>

</signature>
<external_links>

</external_links>
<country>GB</country>
<main_image>http://www.ilkleygazette.co.uk/resources/images/5427908/</main_image>
</document>
