<?xml version="1.0" encoding="UTF-8"?>
<document>
<type>mainstream</type>
<forum></forum>
<forum_title></forum_title>
<discussion_title>Marta Mattaglia e Andrea Roccella, i vincitori del contest &quot;Noi e gli Altri&quot; organizzato da Taobuk - Normanno.com</discussion_title>
<language>italian</language>
<gmt_offset></gmt_offset>
<topic_url>http://www.normanno.com/cultura-e-spettacolo/marta-mattaglia-andrea-roccella-vincitori-del-contest-gli-altri-organizzato-taobuk/</topic_url>
<topic_text>
Marta Mattaglia e Andrea Roccella, i vincitori del contest “Noi e gli Altri” organizzato da Taobuk 0 di Redazione Cultura , Primo piano lunedì, 29 agosto 2016, 17:10 
Oltre duecento elaborati tra reportage giornalistici e racconti brevi. I giovani hanno voglia di raccontare le loro esperienze, i loro momenti di confronto con culture diverse. E soprattutto vogliono superare qualsiasi barriera ideologica e pregiudizio. Era questo lo spirito che animava il contest “Noi e Gli altri”, bandito in maggio dall’Agenzia Nazionale per i Giovani e da Taobuk-Taormina International Book Festival. L’obiettivo è stato raggiunto. Sul tavolo della commissione istituita dal Festival, di cui è presidente Antonella Ferrara, e dall’Agenzia diretta da Giacomo D’Arrigo, sono arrivati tantissimi testi da valutare. L’argomento del contest era molto affine a quello che sarà il filo conduttore di Taobuk 2016, in programma dal 10 al 17 settembre e dedicato al tema “Gli Altri”, per un approfondimento a largo spettro sull’alterità e l’altrove. 
Due i vincitori: Marta Mattalia di Savigliano (Cuneo) per il racconto “Human Library” e Andrea Roncella di Roma con il reportage “Gli occhi di Mashtoz”. Dando voce all’esperienza di Human Library come matrice e strumento del confronto con l’altro, Marta Mattalia riesce a trasferire il portato di condivisione allo scopo di creare “coesione, comunità”. Un microcosmo ricco di valori e identità multiple che trovano ciascuna una ragion d’essere e un’affermazione proprio nella tutela della diversità. Questo si evince dalle stesse parole dell’autrice, che spiega appunto l’ingranaggio del racconto di sé nella pratica di Human Library. 
Prendendo spunto da un viaggio compiuto nel 2011 in Armenia, Georgia e Nagorno Karaback, nell’ambito di uno scambio culturale con la Comunità Armena, Andrea Roncella, invece, tratteggia la complessa identità culturale di quella striscia di terra tra Europa e Asia che si chiama Caucaso. Nella sua visione il confronto con l’altro non prescinde dalle “radici”. Uno sguardo alla nostra Europa dalle vette di quelle montagne di confine, all’insegna di un sentire comune. 
Tra i dieci partecipanti che riceveranno una menzione speciale c’è anche una giovane russa, Natalia Dushkina, e poi nove italiani: Laura Alfino, Sara Cadoni, Cinzia Maria Caserio, Martina Dei Cas, Giulia Gobbi, Tawfik Kawlab, Sara Micello, Andrea Giovanni Taietti, Simone Vespa. 
Il contest stabilisce che la coppia dei premiati sia ospitata da Taobuk per i primi due giorni del festival. Nel corso della serata inaugurale, sabato 10 settembre, quando Marta e Andrea saliranno sul palco del Teatro Antico, sarà il direttore nazionale di Ang, Giacomo D’Arrigo, a consegnare loro le targhe e ad indicare le menzioni speciali. 
L’indomani, 11 settembre, i due giovani avranno la possibilità di assistere alla tavola rotonda dell’editoria. Taobuk darà dunque loro l’opportunità di conoscere alcuni tra i rappresentanti più autorevoli del mondo del libro. I lavori dei vincitori e di coloro che hanno ottenuto le menzioni saranno pubblicati sul sito di Taobuk e di Ang. 
Il contest prevedeva due sezioni e che quindi venissero redatti un reportage giornalistico o un racconto breve, prendendo spunto da esperienze compiute, anche in prima persona, nell’ambito di progetti di mobilità europea come “Erasmus Plus”. Nei primi anni del programma “Erasmus Plus” (2014-2020), solo per i progetti del settore Gioventù finanziati dall’Ang, sono stati oltre 40 mila i giovani che hanno fatto un’esperienza di mobilità (scambi, volontariato europeo, partenariati, dialogo strutturato), arricchendo il proprio bagaglio culturale e il loro curriculum, in nome dei valori di accoglienza, tolleranza e fratellanza su cui si fonda l’Unione Europea. 
“Il tema dell’integrazione- osserva Giacomo D’Arrigo, direttore nazionale dell’Agenzia Nazionale Giovani- è quanto mai attuale. Solo attraverso la condivisione e la comprensione tra popoli, che parte proprio dalle esperienze di mobilità, possiamo pensare di costruire un mondo dove l’altro, come il migrante o rifugiato, non venga rifiutato. Ed è significativo che negli elaborati sia emerso un profondo spirito di solidarietà”. 
“Siamo molto soddisfatti del risultato ottenuto”, sottolinea Antonella Ferrara, presidente di Taobuk. “Dall’attenta lettura degli scritti che hanno partecipato al contest abbiamo avuto la conferma di quanto le nuove generazioni siano aperte all’integrazione. E in che modo, attraverso le esperienze di mobilità, i giovani riescano ad accogliere e assimilare le diversità, superando steccati che non dovrebbero esistere”. Tags 
</topic_text>
<spam_score>0.05</spam_score>
<post_num>1</post_num>
<post_id>post-1</post_id>
<post_url>http://www.normanno.com/cultura-e-spettacolo/marta-mattaglia-andrea-roccella-vincitori-del-contest-gli-altri-organizzato-taobuk/</post_url>
<post_date>20160829</post_date>
<post_time></post_time>
<username>Di Redazione</username>
<post>
Marta Mattaglia e Andrea Roccella, i vincitori del contest “Noi e gli Altri” organizzato da Taobuk 0 di Redazione Cultura , Primo piano lunedì, 29 agosto 2016, 17:10 
Oltre duecento elaborati tra reportage giornalistici e racconti brevi. I giovani hanno voglia di raccontare le loro esperienze, i loro momenti di confronto con culture diverse. E soprattutto vogliono superare qualsiasi barriera ideologica e pregiudizio. Era questo lo spirito che animava il contest “Noi e Gli altri”, bandito in maggio dall’Agenzia Nazionale per i Giovani e da Taobuk-Taormina International Book Festival. L’obiettivo è stato raggiunto. Sul tavolo della commissione istituita dal Festival, di cui è presidente Antonella Ferrara, e dall’Agenzia diretta da Giacomo D’Arrigo, sono arrivati tantissimi testi da valutare. L’argomento del contest era molto affine a quello che sarà il filo conduttore di Taobuk 2016, in programma dal 10 al 17 settembre e dedicato al tema “Gli Altri”, per un approfondimento a largo spettro sull’alterità e l’altrove. 
Due i vincitori: Marta Mattalia di Savigliano (Cuneo) per il racconto “Human Library” e Andrea Roncella di Roma con il reportage “Gli occhi di Mashtoz”. Dando voce all’esperienza di Human Library come matrice e strumento del confronto con l’altro, Marta Mattalia riesce a trasferire il portato di condivisione allo scopo di creare “coesione, comunità”. Un microcosmo ricco di valori e identità multiple che trovano ciascuna una ragion d’essere e un’affermazione proprio nella tutela della diversità. Questo si evince dalle stesse parole dell’autrice, che spiega appunto l’ingranaggio del racconto di sé nella pratica di Human Library. 
Prendendo spunto da un viaggio compiuto nel 2011 in Armenia, Georgia e Nagorno Karaback, nell’ambito di uno scambio culturale con la Comunità Armena, Andrea Roncella, invece, tratteggia la complessa identità culturale di quella striscia di terra tra Europa e Asia che si chiama Caucaso. Nella sua visione il confronto con l’altro non prescinde dalle “radici”. Uno sguardo alla nostra Europa dalle vette di quelle montagne di confine, all’insegna di un sentire comune. 
Tra i dieci partecipanti che riceveranno una menzione speciale c’è anche una giovane russa, Natalia Dushkina, e poi nove italiani: Laura Alfino, Sara Cadoni, Cinzia Maria Caserio, Martina Dei Cas, Giulia Gobbi, Tawfik Kawlab, Sara Micello, Andrea Giovanni Taietti, Simone Vespa. 
Il contest stabilisce che la coppia dei premiati sia ospitata da Taobuk per i primi due giorni del festival. Nel corso della serata inaugurale, sabato 10 settembre, quando Marta e Andrea saliranno sul palco del Teatro Antico, sarà il direttore nazionale di Ang, Giacomo D’Arrigo, a consegnare loro le targhe e ad indicare le menzioni speciali. 
L’indomani, 11 settembre, i due giovani avranno la possibilità di assistere alla tavola rotonda dell’editoria. Taobuk darà dunque loro l’opportunità di conoscere alcuni tra i rappresentanti più autorevoli del mondo del libro. I lavori dei vincitori e di coloro che hanno ottenuto le menzioni saranno pubblicati sul sito di Taobuk e di Ang. 
Il contest prevedeva due sezioni e che quindi venissero redatti un reportage giornalistico o un racconto breve, prendendo spunto da esperienze compiute, anche in prima persona, nell’ambito di progetti di mobilità europea come “Erasmus Plus”. Nei primi anni del programma “Erasmus Plus” (2014-2020), solo per i progetti del settore Gioventù finanziati dall’Ang, sono stati oltre 40 mila i giovani che hanno fatto un’esperienza di mobilità (scambi, volontariato europeo, partenariati, dialogo strutturato), arricchendo il proprio bagaglio culturale e il loro curriculum, in nome dei valori di accoglienza, tolleranza e fratellanza su cui si fonda l’Unione Europea. 
“Il tema dell’integrazione- osserva Giacomo D’Arrigo, direttore nazionale dell’Agenzia Nazionale Giovani- è quanto mai attuale. Solo attraverso la condivisione e la comprensione tra popoli, che parte proprio dalle esperienze di mobilità, possiamo pensare di costruire un mondo dove l’altro, come il migrante o rifugiato, non venga rifiutato. Ed è significativo che negli elaborati sia emerso un profondo spirito di solidarietà”. 
“Siamo molto soddisfatti del risultato ottenuto”, sottolinea Antonella Ferrara, presidente di Taobuk. “Dall’attenta lettura degli scritti che hanno partecipato al contest abbiamo avuto la conferma di quanto le nuove generazioni siano aperte all’integrazione. E in che modo, attraverso le esperienze di mobilità, i giovani riescano ad accogliere e assimilare le diversità, superando steccati che non dovrebbero esistere”. Tags 
</post>
<signature>

</signature>
<external_links>

</external_links>
<country>IT</country>
<main_image>http://www.normanno.com/N0rm4nn0/wp-content/uploads/2016/08/Schermata-2016-08-29-alle-17.10.03.png</main_image>
</document>
