<?xml version="1.0" encoding="UTF-8"?>
<document>
<type>mainstream</type>
<forum>http://stackoverflow.com/feeds</forum>
<forum_title>Recent Questions - Stack Overflow</forum_title>
<discussion_title>Matching and Replacing values of a column in a dataframe by date in r</discussion_title>
<language>english</language>
<gmt_offset></gmt_offset>
<topic_url>http://stackoverflow.com/questions/39216200/matching-and-replacing-values-of-a-column-in-a-dataframe-by-date-in-r</topic_url>
<topic_text>
up vote -1 down vote favorite 
Cheers, I have two data frames with the following structure. DF1: Airlines HeadQ Date Cost_Index American PHX 07-31-2016 220 American ATL 08-31-2016 150 American ATL 10-31-2016 150 Delta ATL 10-31-2016 180 American ATL 08-31-2017 200 
Second data frame DF2 has the following structure: DF2: Airlines HeadQ Date American ATL 09-30-2016 Delta ATL 03-31-2017 
Now looking up with data frames DF1 and DF2, I would like to alter DF1 to the following data frame. DF1: Airlines HeadQ Date Cost_Index American PHX 07-31-2016 220 American ATL 08-31-2016 0 American ATL 10-31-2016 150 Delta ATL 10-31-2016 180 American ATL 08-31-2017 200 
The condition is, lookup for Airlines and HeadQ of DF1 from DF2 and if DF1$Date &lt; DF2$Date then make Cost_Index as 0 or else continue with Cost_Index. 
I tried, unsuccessfully, with: DF1$Cost_Index &lt;- ifelse(DF1$Airlines == DF2$Airlines &amp; DF1$HeadQ == DF2$HeadQ &amp; DF1$Date &lt; DF2$Date, 0, DF1$Cost_Index) Warning: 1: In DF1$Airlines == DF2$Airlines : longer object length is not a multiple of shorter object length&quot;. 2: In&lt;=.default(DF1$Date, DF2$Date) : longer object length is not a multiple of shorter object length DF1: Airlines HeadQ Date Cost_Index American PHX 07-31-2016 220 American ATL 08-31-2016 0 American ATL 10-31-2016 0 Delta ATL 10-31-2016 0 American ATL 08-31-2017 200 
Can anyone point me to right direction? 
Note:
</topic_text>
<spam_score>0.00</spam_score>
<post_num>1</post_num>
<post_id>post-1</post_id>
<post_url>http://stackoverflow.com/questions/39216200/matching-and-replacing-values-of-a-column-in-a-dataframe-by-date-in-r</post_url>
<post_date>20160829</post_date>
<post_time>2253</post_time>
<username>Sairam Reddy</username>
<post>
up vote -1 down vote favorite 
Cheers, I have two data frames with the following structure. DF1: Airlines HeadQ Date Cost_Index American PHX 07-31-2016 220 American ATL 08-31-2016 150 American ATL 10-31-2016 150 Delta ATL 10-31-2016 180 American ATL 08-31-2017 200 
Second data frame DF2 has the following structure: DF2: Airlines HeadQ Date American ATL 09-30-2016 Delta ATL 03-31-2017 
Now looking up with data frames DF1 and DF2, I would like to alter DF1 to the following data frame. DF1: Airlines HeadQ Date Cost_Index American PHX 07-31-2016 220 American ATL 08-31-2016 0 American ATL 10-31-2016 150 Delta ATL 10-31-2016 180 American ATL 08-31-2017 200 
The condition is, lookup for Airlines and HeadQ of DF1 from DF2 and if DF1$Date &lt; DF2$Date then make Cost_Index as 0 or else continue with Cost_Index. 
I tried, unsuccessfully, with: DF1$Cost_Index &lt;- ifelse(DF1$Airlines == DF2$Airlines &amp; DF1$HeadQ == DF2$HeadQ &amp; DF1$Date &lt; DF2$Date, 0, DF1$Cost_Index) Warning: 1: In DF1$Airlines == DF2$Airlines : longer object length is not a multiple of shorter object length&quot;. 2: In&lt;=.default(DF1$Date, DF2$Date) : longer object length is not a multiple of shorter object length DF1: Airlines HeadQ Date Cost_Index American PHX 07-31-2016 220 American ATL 08-31-2016 0 American ATL 10-31-2016 0 Delta ATL 10-31-2016 0 American ATL 08-31-2017 200 
Can anyone point me to right direction? 
Note:
</post>
<signature>

</signature>
<external_links>

</external_links>
<country>US</country>
<main_image>http://cdn.sstatic.net/Sites/stackoverflow/img/apple-touch-icon@2.png?v=73d79a89bded&amp;a</main_image>
</document>
