<?xml version="1.0" encoding="UTF-8"?>
<document>
<type>mainstream</type>
<forum>http://www.urgente24.com/rss.xml</forum>
<forum_title>Urgente24</forum_title>
<discussion_title>En Salta, piden destituir a un Defensor del Pueblo por comentarios antisemitas</discussion_title>
<language>spanish</language>
<gmt_offset></gmt_offset>
<topic_url>http://www.urgente24.com/256170-en-salta-piden-destituir-a-un-defensor-del-pueblo-por-comentarios-antisemitas</topic_url>
<topic_text>
  GRAVE ACUSACIÓN En Salta, piden destituir a un Defensor del Pueblo por comentarios antisemitas Un escándalo político desataron las declaraciones del Defensor del Pueblo de la localidad salteña de Cerrillos, cuando en su cuenta personal de Facebook realizó comentarios antisemitas. El hecho tuvo repercusiones nacionales, ya que la misma DAIA se pronunció en contra de los dichos de Carlos Paz. Piden su destitución por la figura de &quot;delito de odio&quot;. Carlos Paz, defensor del pueblo de la localidad salteña de Cerrillos 
Sumado a los casos de manifestaciones antisemitas, como la de los alumnos en su viaje de egresados a Bariloche, se conoció el caso de un funcionario que tuvo expresiones de discriminación a través de las redes sociales. 
Se trata del Defensor del Pueblo de Cerrillos (provincia de Salta), llamado Carlos Paz que escribió una serie de mensajes de estas características en su cuenta personal de Facebook. 
“Los judíos me tienen harto con la victimización, son ellos quienes hoy segregan racialmente a millones de palestinos. Crean muros, tienen leyes totalmente racistas, matan, asesoran militarmente a organizaciones terroristas y a Estados asesinos, como por ejemplo hicieron con el Apartheid en Sudáfrica&quot;, sostuvo en su cuenta de Facebook, Carlos Paz. 
A raíz de estas manifestaciones es que próximamente fue denunciado por discriminación ante el INADI local, según detalló el titular de ese organismo en Salta, Álvaro Ulloa, quien además dijo que en caso de que la comunidad judía no presente una denuncia formal, él actuará de oficio “pero esto no debe quedar así, por su calidad de funcionario y docente”. 
No es la primera vez que Carlos Paz manifiesta su opinión en las redes sociales, ya lo había hecho, cuando denunció a Vicky Xipolitakis por un aparente ultraje de la bandera nacional, en el momento que salió desnuda con la insignia patria. 
Ulloa aseveró que es “inconcebible” que un funcionario se exprese de esa manera, cuando ante todo, su cargo de Defensor del Pueblo, “debe garantizar la defensa de los derechos humanos”. 
Explicó que antisemitismo es catalogado como un delito de odio en todas las legislaciones del mundo, por lo debe recibir la pena correspondiente, sentenció. 
En tanto, la ministra de Justicia y Derechos Humanos de la Provincia, Pamela Calletti, anunció que hicieron presentaciones ante el Inadi, Ministerio de Educación, Concejo Deliberante y la Fiscalía Penal de Cerrillos. 
El Concejo Deliberante de Cerrillos deberá activar los mecanismos constitucionales pertinentes por tratarse de un funcionario público. 
Lo mismo hará el Ministerio de Educación de Salta, que aplicará una suspensión preventiva, ya que Paz ejerce como profesor de Filosofía, además de las actuaciones que iniciará el INADI. 
En tanto, la Fiscalía Penal deberá determinar si corresponden las imputaciones por delitos de odio contempladas en la ley vigente.
</topic_text>
<spam_score>0.00</spam_score>
<post_num>1</post_num>
<post_id>post-1</post_id>
<post_url>http://www.urgente24.com/256170-en-salta-piden-destituir-a-un-defensor-del-pueblo-por-comentarios-antisemitas</post_url>
<post_date>20160829</post_date>
<post_time>2232</post_time>
<username>lmaravilla</username>
<post>
  GRAVE ACUSACIÓN En Salta, piden destituir a un Defensor del Pueblo por comentarios antisemitas Un escándalo político desataron las declaraciones del Defensor del Pueblo de la localidad salteña de Cerrillos, cuando en su cuenta personal de Facebook realizó comentarios antisemitas. El hecho tuvo repercusiones nacionales, ya que la misma DAIA se pronunció en contra de los dichos de Carlos Paz. Piden su destitución por la figura de &quot;delito de odio&quot;. Carlos Paz, defensor del pueblo de la localidad salteña de Cerrillos 
Sumado a los casos de manifestaciones antisemitas, como la de los alumnos en su viaje de egresados a Bariloche, se conoció el caso de un funcionario que tuvo expresiones de discriminación a través de las redes sociales. 
Se trata del Defensor del Pueblo de Cerrillos (provincia de Salta), llamado Carlos Paz que escribió una serie de mensajes de estas características en su cuenta personal de Facebook. 
“Los judíos me tienen harto con la victimización, son ellos quienes hoy segregan racialmente a millones de palestinos. Crean muros, tienen leyes totalmente racistas, matan, asesoran militarmente a organizaciones terroristas y a Estados asesinos, como por ejemplo hicieron con el Apartheid en Sudáfrica&quot;, sostuvo en su cuenta de Facebook, Carlos Paz. 
A raíz de estas manifestaciones es que próximamente fue denunciado por discriminación ante el INADI local, según detalló el titular de ese organismo en Salta, Álvaro Ulloa, quien además dijo que en caso de que la comunidad judía no presente una denuncia formal, él actuará de oficio “pero esto no debe quedar así, por su calidad de funcionario y docente”. 
No es la primera vez que Carlos Paz manifiesta su opinión en las redes sociales, ya lo había hecho, cuando denunció a Vicky Xipolitakis por un aparente ultraje de la bandera nacional, en el momento que salió desnuda con la insignia patria. 
Ulloa aseveró que es “inconcebible” que un funcionario se exprese de esa manera, cuando ante todo, su cargo de Defensor del Pueblo, “debe garantizar la defensa de los derechos humanos”. 
Explicó que antisemitismo es catalogado como un delito de odio en todas las legislaciones del mundo, por lo debe recibir la pena correspondiente, sentenció. 
En tanto, la ministra de Justicia y Derechos Humanos de la Provincia, Pamela Calletti, anunció que hicieron presentaciones ante el Inadi, Ministerio de Educación, Concejo Deliberante y la Fiscalía Penal de Cerrillos. 
El Concejo Deliberante de Cerrillos deberá activar los mecanismos constitucionales pertinentes por tratarse de un funcionario público. 
Lo mismo hará el Ministerio de Educación de Salta, que aplicará una suspensión preventiva, ya que Paz ejerce como profesor de Filosofía, además de las actuaciones que iniciará el INADI. 
En tanto, la Fiscalía Penal deberá determinar si corresponden las imputaciones por delitos de odio contempladas en la ley vigente.
</post>
<signature>

</signature>
<external_links>

</external_links>
<country>US</country>
<main_image>http://cdn.urgente24.com/sites/default/files/styles/medium/public/notas/2016/08/29/carlospaz.jpg</main_image>
</document>
