<?xml version="1.0" encoding="UTF-8"?>
<document>
<type>mainstream</type>
<forum>http://audioboom.com/boos/everyone.rss</forum>
<forum_title>audioBoom</forum_title>
<discussion_title>REALationships - Keeping It Real</discussion_title>
<language>english</language>
<gmt_offset></gmt_offset>
<topic_url>https://audioboom.com/boos/4988300-realationships-keeping-it-real</topic_url>
<topic_text>
&lt;iframe width=&quot;100%&quot; height=&quot;150&quot; style=&quot;background-color:transparent; display:block; min-width:300px; max-width:700px;&quot; frameborder=&quot;0&quot; allowtransparency=&quot;allowtransparency&quot; scrolling=&quot;no&quot; src=&quot;//embeds.audioboom.com/boos/4988300-realationships-keeping-it-real/embed/v3?eid=AQAAABS2xFeMHUwA&quot; title=&quot;audioBoom player&quot;&gt;&lt;/iframe&gt; Share on Facebook twitter 
Join us again this week in our REALationship series as Pastor Neli is Keeping It Real. We take a look at the story of Ruth and Boas and compare our love in relationships with that which C.S Lewis describes in his book “The Four Loves”. Whether we display love for family, brotherly love, love for ourselves or a boundless love that only God can have, how are we bringing honor to God in our relationships? What does it mean to have God in our relationships? 
“For God so loved the world, that he gave his only Son, that whoever believes in him should not perish but have eternal life. 
- John 3:16 (ESV)
</topic_text>
<spam_score>0.00</spam_score>
<post_num>1</post_num>
<post_id>post-1</post_id>
<post_url>https://audioboom.com/boos/4988300-realationships-keeping-it-real</post_url>
<post_date>20160829</post_date>
<post_time>2138</post_time>
<username>Every Nation Brisbane::Sunday Service</username>
<post>
&lt;iframe width=&quot;100%&quot; height=&quot;150&quot; style=&quot;background-color:transparent; display:block; min-width:300px; max-width:700px;&quot; frameborder=&quot;0&quot; allowtransparency=&quot;allowtransparency&quot; scrolling=&quot;no&quot; src=&quot;//embeds.audioboom.com/boos/4988300-realationships-keeping-it-real/embed/v3?eid=AQAAABS2xFeMHUwA&quot; title=&quot;audioBoom player&quot;&gt;&lt;/iframe&gt; Share on Facebook twitter 
Join us again this week in our REALationship series as Pastor Neli is Keeping It Real. We take a look at the story of Ruth and Boas and compare our love in relationships with that which C.S Lewis describes in his book “The Four Loves”. Whether we display love for family, brotherly love, love for ourselves or a boundless love that only God can have, how are we bringing honor to God in our relationships? What does it mean to have God in our relationships? 
“For God so loved the world, that he gave his only Son, that whoever believes in him should not perish but have eternal life. 
- John 3:16 (ESV)
</post>
<signature>

</signature>
<external_links>

</external_links>
<country>GB</country>
<main_image>https://d15mj6e6qmt1na.cloudfront.net/files/images/2398/9603/ENBrisbane.jpg</main_image>
</document>
