<?xml version="1.0" encoding="UTF-8"?>
<document>
<type>mainstream</type>
<forum>http://rssfeeds.ktvb.com/_/20/109765760/ktvb/local</forum>
<forum_title>KTVB - Local</forum_title>
<discussion_title>Ridgevue High School opens for its...</discussion_title>
<language>english</language>
<gmt_offset></gmt_offset>
<topic_url>http://rssfeeds.ktvb.com/_/20/109765760/ktvb/http&amp;#x3a;&amp;#x2f;&amp;#x2f;www&amp;#x2e;ktvb&amp;#x2e;com&amp;#x2f;news&amp;#x2f;education&amp;#x2f;ridgevue-high-school-opens-for-its-inngaural-day-of-classes&amp;#x2f;310587729</topic_url>
<topic_text>
Ridgevue High School opens for its first day of classes A special ceremony was held on the football field Monday morning. Joe Parris, KTVB 4:26   The new Ridgevue High School kicked of the school year with an special assembly Monday morning. (Photo: Adam Worthington/KTVB) CONNECT TWEET LINKEDIN GOOGLE+ PINTEREST 
NAMPA - For many students it&apos;s back to school and back to the routine, but for a group of Nampa high schoolers today was a little different. Students, faculty, and staff lined the bleachers this morning and looked to the sky as a Warhawk plane soared over Ridgevue High School to kick off the new school year. 
A little more than a thousand students attended a special assembly before their first classes this morning to welcome in the inaugural school year. The school decided to name its mascot after the Warhawk plane, an iconic piece of American history. 
Student body president Chance Royce says today&apos;s assembly was a great way to start the first day of school and that he is excited for the year ahead. Loading... The new Ridgevue High School held a special ceremony before its first day of school Monday. Adam Worthington/KTVB The new Ridgevue High School held a special ceremony before its first day of school Monday. Adam Worthington/KTVB The new Ridgevue High School held a special ceremony before its first day of school Monday. Adam Worthington/KTVB The new Ridgevue High School held a special ceremony before its first day of school Monday. Adam Worthington/KTVB The new Ridgevue High School held a special ceremony before its first day of school Monday. Adam Worthington/KTVB The new Ridgevue High School held a special ceremony before its first day of school Monday. Adam Worthington/KTVB The new Ridgevue High School held a special ceremony before its first day of school Monday. Adam Worthington/KTVB The new Ridgevue High School held a special ceremony before its first day of school Monday. Adam Worthington/KTVB The new Ridgevue High School held a special ceremony before its first day of school Monday. Adam Worthington/KTVB The new Ridgevue High School held a special ceremony before its first day of school Monday. Adam Worthington/KTVB The new Ridgevue High School held a special ceremony before its first day of school Monday. Adam Worthington/KTVB The new Ridgevue High School held a special ceremony before its first day of school Monday. Adam Worthington/KTVB The new Ridgevue High School held a special ceremony before its first day of school Monday. Adam Worthington/KTVB The new Ridgevue High School held a special ceremony before its first day of school Monday. Adam Worthington/KTVB The new Ridgevue High School kicked of the school year with an special assembly Monday morning. Adam Worthington/KTVB Autoplay Pause Show Thumbnails Show Captions 
&quot;Today&apos;s our first day of school, we did an RHS on the field, we had a flyby of the P-40 Warhawk plane, we had all the staff and students on the field to take a cool picture, now we&apos;re off to school,” said Royce. 
The new 250,000 square foot school has 68 classrooms, four computer labs, and a 750-seat auditorium. 
The construction of the building started in the spring of 2014, but the vision started in 2013 when voters approved a $50 million bond to finance the new school to supplement an overcrowded Vallivue High School. 
Ridgevue hired 24 new teachers and 31 transferred from Vallivue High. The school has the capacity to hold up to 1,800 students as it grows over the next few years. 
Copyright 2016 KTVB
</topic_text>
<spam_score>0.00</spam_score>
<post_num>1</post_num>
<post_id>post-1</post_id>
<post_url>http://rssfeeds.ktvb.com/_/20/109765760/ktvb/http&amp;#x3a;&amp;#x2f;&amp;#x2f;www&amp;#x2e;ktvb&amp;#x2e;com&amp;#x2f;news&amp;#x2f;education&amp;#x2f;ridgevue-high-school-opens-for-its-inngaural-day-of-classes&amp;#x2f;310587729</post_url>
<post_date>20160829</post_date>
<post_time>2226</post_time>
<username>Joe Parris</username>
<post>
Ridgevue High School opens for its first day of classes A special ceremony was held on the football field Monday morning. Joe Parris, KTVB 4:26   The new Ridgevue High School kicked of the school year with an special assembly Monday morning. (Photo: Adam Worthington/KTVB) CONNECT TWEET LINKEDIN GOOGLE+ PINTEREST 
NAMPA - For many students it&apos;s back to school and back to the routine, but for a group of Nampa high schoolers today was a little different. Students, faculty, and staff lined the bleachers this morning and looked to the sky as a Warhawk plane soared over Ridgevue High School to kick off the new school year. 
A little more than a thousand students attended a special assembly before their first classes this morning to welcome in the inaugural school year. The school decided to name its mascot after the Warhawk plane, an iconic piece of American history. 
Student body president Chance Royce says today&apos;s assembly was a great way to start the first day of school and that he is excited for the year ahead. Loading... The new Ridgevue High School held a special ceremony before its first day of school Monday. Adam Worthington/KTVB The new Ridgevue High School held a special ceremony before its first day of school Monday. Adam Worthington/KTVB The new Ridgevue High School held a special ceremony before its first day of school Monday. Adam Worthington/KTVB The new Ridgevue High School held a special ceremony before its first day of school Monday. Adam Worthington/KTVB The new Ridgevue High School held a special ceremony before its first day of school Monday. Adam Worthington/KTVB The new Ridgevue High School held a special ceremony before its first day of school Monday. Adam Worthington/KTVB The new Ridgevue High School held a special ceremony before its first day of school Monday. Adam Worthington/KTVB The new Ridgevue High School held a special ceremony before its first day of school Monday. Adam Worthington/KTVB The new Ridgevue High School held a special ceremony before its first day of school Monday. Adam Worthington/KTVB The new Ridgevue High School held a special ceremony before its first day of school Monday. Adam Worthington/KTVB The new Ridgevue High School held a special ceremony before its first day of school Monday. Adam Worthington/KTVB The new Ridgevue High School held a special ceremony before its first day of school Monday. Adam Worthington/KTVB The new Ridgevue High School held a special ceremony before its first day of school Monday. Adam Worthington/KTVB The new Ridgevue High School held a special ceremony before its first day of school Monday. Adam Worthington/KTVB The new Ridgevue High School kicked of the school year with an special assembly Monday morning. Adam Worthington/KTVB Autoplay Pause Show Thumbnails Show Captions 
&quot;Today&apos;s our first day of school, we did an RHS on the field, we had a flyby of the P-40 Warhawk plane, we had all the staff and students on the field to take a cool picture, now we&apos;re off to school,” said Royce. 
The new 250,000 square foot school has 68 classrooms, four computer labs, and a 750-seat auditorium. 
The construction of the building started in the spring of 2014, but the vision started in 2013 when voters approved a $50 million bond to finance the new school to supplement an overcrowded Vallivue High School. 
Ridgevue hired 24 new teachers and 31 transferred from Vallivue High. The school has the capacity to hold up to 1,800 students as it grows over the next few years. 
Copyright 2016 KTVB
</post>
<signature>

</signature>
<external_links>

</external_links>
<country>US</country>
<main_image>http://content.ktvb.com/photo/2016/08/29/ridgevue%2015_1472505460379_5872883_ver1.0_640_360.JPG</main_image>
</document>
