<?xml version="1.0" encoding="UTF-8"?>
<document>
<type>mainstream</type>
<forum>http://stackoverflow.com/feeds</forum>
<forum_title>Recent Questions - Stack Overflow</forum_title>
<discussion_title>Convert SQL dump to JSON?</discussion_title>
<language>english</language>
<gmt_offset></gmt_offset>
<topic_url>http://stackoverflow.com/questions/39216133/convert-sql-dump-to-json</topic_url>
<topic_text>
up vote -1 down vote favorite 
I have a SQL dump from MediaWiki and I want to export it to JSON - I&apos;ve tried different ways but I can&apos;t seem to find any solution. The sql-file looks like this: DROP TABLE IF EXISTS `geo_tags`; /*!40101 SET @saved_cs_client = @@character_set_client */; /*!40101 SET character_set_client = utf8 */; CREATE TABLE `geo_tags` ( `gt_id` int(10) unsigned NOT NULL AUTO_INCREMENT, `gt_page_id` int(10) unsigned NOT NULL, `gt_globe` varbinary(32) NOT NULL, `gt_primary` tinyint(1) NOT NULL, `gt_lat` decimal(11,8) DEFAULT NULL, `gt_lon` decimal(11,8) DEFAULT NULL, `gt_dim` int(11) DEFAULT NULL, `gt_type` varbinary(32) DEFAULT NULL, `gt_name` varbinary(255) DEFAULT NULL, `gt_country` binary(2) DEFAULT NULL, `gt_region` varbinary(3) DEFAULT NULL, PRIMARY KEY (`gt_id`), KEY `gt_page_primary` (`gt_page_id`,`gt_primary`), KEY `gt_page_id_id` (`gt_page_id`,`gt_id`) ) ENGINE=InnoDB AUTO_INCREMENT=4507036 DEFAULT CHARSET=binary ROW_FORMAT=DYNAMIC; 
Followed by a few lines with INSERT INTO . INSERT INTO `geo_tags` VALUES (3,487781,&apos;earth&apos;,1,59. ,10. ,1000,NULL,NULL,NULL,NULL) 
Whenever I try to import the sql file into an SQL nothing happens. Is there any easy solution to convert my data to JSON?
</topic_text>
<spam_score>0.00</spam_score>
<post_num>1</post_num>
<post_id>post-1</post_id>
<post_url>http://stackoverflow.com/questions/39216133/convert-sql-dump-to-json</post_url>
<post_date>20160829</post_date>
<post_time>2253</post_time>
<username>Ivan Le Hjelmeland</username>
<post>
up vote -1 down vote favorite 
I have a SQL dump from MediaWiki and I want to export it to JSON - I&apos;ve tried different ways but I can&apos;t seem to find any solution. The sql-file looks like this: DROP TABLE IF EXISTS `geo_tags`; /*!40101 SET @saved_cs_client = @@character_set_client */; /*!40101 SET character_set_client = utf8 */; CREATE TABLE `geo_tags` ( `gt_id` int(10) unsigned NOT NULL AUTO_INCREMENT, `gt_page_id` int(10) unsigned NOT NULL, `gt_globe` varbinary(32) NOT NULL, `gt_primary` tinyint(1) NOT NULL, `gt_lat` decimal(11,8) DEFAULT NULL, `gt_lon` decimal(11,8) DEFAULT NULL, `gt_dim` int(11) DEFAULT NULL, `gt_type` varbinary(32) DEFAULT NULL, `gt_name` varbinary(255) DEFAULT NULL, `gt_country` binary(2) DEFAULT NULL, `gt_region` varbinary(3) DEFAULT NULL, PRIMARY KEY (`gt_id`), KEY `gt_page_primary` (`gt_page_id`,`gt_primary`), KEY `gt_page_id_id` (`gt_page_id`,`gt_id`) ) ENGINE=InnoDB AUTO_INCREMENT=4507036 DEFAULT CHARSET=binary ROW_FORMAT=DYNAMIC; 
Followed by a few lines with INSERT INTO . INSERT INTO `geo_tags` VALUES (3,487781,&apos;earth&apos;,1,59. ,10. ,1000,NULL,NULL,NULL,NULL) 
Whenever I try to import the sql file into an SQL nothing happens. Is there any easy solution to convert my data to JSON?
</post>
<signature>

</signature>
<external_links>

</external_links>
<country>US</country>
<main_image>http://cdn.sstatic.net/Sites/stackoverflow/img/apple-touch-icon@2.png?v=73d79a89bded&amp;a</main_image>
</document>
