<?xml version="1.0" encoding="UTF-8"?>
<document>
<type>mainstream</type>
<forum></forum>
<forum_title></forum_title>
<discussion_title>WeRoar to challenge Clemson&apos;s ban on public prayer - Spartanburg Tea Party</discussion_title>
<language>english</language>
<gmt_offset></gmt_offset>
<topic_url>http://www.spartanburgteaparty.com/2016/08/29/weroar-challenge-clemsons-ban-public-prayer/</topic_url>
<topic_text>
Contact Us WeRoar to challenge Clemson’s ban on public prayer 
Did you hear … unless you are in a “free speech area” you can no longer pray publicly at Clemson University. Jennifer Kabbany, reports at The College Fix.com : 
Visiting Clemson University to seek prayer with students has been deemed “solicitation” only allowed in the campus free-speech zone and only after the proper paperwork has been filled out and approved. 
It’s a policy that’s been thrust into the spotlight after a polite but terse confrontation recently between a Clemson grad student, a local man known to pray with students, and a campus official. 
On Thursday afternoon, Clemson grad student Kyra Palange walked across campus after class and noticed a man sitting in a folding chair with another chair next to him holding a sign saying “PRAYER.” 
“I approached him and we sat down to pray for a few minutes,” Palange told Young Americans for Freedom, of which she is a member. “When we finished, a man from the university approached us and said he could not be praying there because it was not a ‘designated free speech area’ and presented the person who [I] was praying with a form for the procedures for applying for ‘solicitation’ on campus. He told him he had to leave.” 
Well … the group WeRoar at Clemson is challenging this … according to their Facebook page: 
We’ve established that this policy is not only unconstitutional, but offensive to all Americans. Sometimes, however, talking about what is wrong with our campus isn’t enough. Sometimes, action is needed. 
WeRoar issues a call to action: # RallyWithRobby on Friday, Sept. 2nd from 2-4 PM in Trustee Park. Come to pray or stand up for your First Amendment rights and those of the community as a whole. 
We can only succeed in reforming this policy with YOUR help. 
I encourage anyone interested in this free speech issue to join WeRoar on Friday. I would love to hear your first hand account, please send it to me and I’ll post it as a guest blog. 
By Karen Martin | 2016-08-29T18:58:25+00:00 August 29th, 2016 | Uncategorized | 0 Comments Share This Story, Choose Your Platform! Related Posts 
</topic_text>
<spam_score>0.17</spam_score>
<post_num>1</post_num>
<post_id>post-1</post_id>
<post_url>http://www.spartanburgteaparty.com/2016/08/29/weroar-challenge-clemsons-ban-public-prayer/</post_url>
<post_date>20160829</post_date>
<post_time></post_time>
<username>Karen Martin</username>
<post>
Contact Us WeRoar to challenge Clemson’s ban on public prayer 
Did you hear … unless you are in a “free speech area” you can no longer pray publicly at Clemson University. Jennifer Kabbany, reports at The College Fix.com : 
Visiting Clemson University to seek prayer with students has been deemed “solicitation” only allowed in the campus free-speech zone and only after the proper paperwork has been filled out and approved. 
It’s a policy that’s been thrust into the spotlight after a polite but terse confrontation recently between a Clemson grad student, a local man known to pray with students, and a campus official. 
On Thursday afternoon, Clemson grad student Kyra Palange walked across campus after class and noticed a man sitting in a folding chair with another chair next to him holding a sign saying “PRAYER.” 
“I approached him and we sat down to pray for a few minutes,” Palange told Young Americans for Freedom, of which she is a member. “When we finished, a man from the university approached us and said he could not be praying there because it was not a ‘designated free speech area’ and presented the person who [I] was praying with a form for the procedures for applying for ‘solicitation’ on campus. He told him he had to leave.” 
Well … the group WeRoar at Clemson is challenging this … according to their Facebook page: 
We’ve established that this policy is not only unconstitutional, but offensive to all Americans. Sometimes, however, talking about what is wrong with our campus isn’t enough. Sometimes, action is needed. 
WeRoar issues a call to action: # RallyWithRobby on Friday, Sept. 2nd from 2-4 PM in Trustee Park. Come to pray or stand up for your First Amendment rights and those of the community as a whole. 
We can only succeed in reforming this policy with YOUR help. 
I encourage anyone interested in this free speech issue to join WeRoar on Friday. I would love to hear your first hand account, please send it to me and I’ll post it as a guest blog. 
By Karen Martin | 2016-08-29T18:58:25+00:00 August 29th, 2016 | Uncategorized | 0 Comments Share This Story, Choose Your Platform! Related Posts 
</post>
<signature>

</signature>
<external_links>

</external_links>
<country>US</country>
<main_image>http://50.87.200.62/wp-content/uploads/2015/06/STP-1.21.png</main_image>
</document>
