<?xml version="1.0" encoding="UTF-8"?>
<document>
<type>mainstream</type>
<forum></forum>
<forum_title></forum_title>
<discussion_title>La Moneda llegó a acuerdo con la oposición para elección de intendentes | soychile.cl</discussion_title>
<language>spanish</language>
<gmt_offset></gmt_offset>
<topic_url>http://www.soychile.cl/Santiago/Politica/2016/08/29/414886/La-Moneda-llego-a-acuerdo-con-la-oposicion-para-eleccion-de-intendentes.aspx</topic_url>
<topic_text>
La Moneda llegó a acuerdo con la oposición para elección de intendentes 19:56 Nueva Mayoría y Chile Vamos acordaron que autoridades regionales se elegirán con el 40% de los votos y si estos no se alcanzan, habrá segunda vuelta. Un acuerdo logrado entre el Gobierno y la oposición permitirá sacar adelante la iniciativa que permitirá la elección de intendentes, que ahora pasarán a llamarse &quot;gobernadores regionales&quot;.La iniciativa es una de las reformas comprometidas por Michelle Bachelet y en el acuerdo se determinó que las autoridades serán elegidas con un 40% de los votos, generando una segunda vuelta si la cifra no se alcanza.El proyectó avanzará a pesar que desde la Nueva Mayoría pedían un quórum de 51%.Sobe esta materia, el vocero Marcelo Díaz aseguró que &quot;una prioridad para el Gobierno es que el próximo año los ciudadanos puedan elegir directamente a los gobernadores regionales que van a reemplazar a los intendentes&quot;.En este sentido el portavoz detalló que &quot;esperamos que mañana podamos concretar en la Comisión de Gobierno Interior del Senado un acuerdo que luego se materialice en la Sala, con el quórum que esta reforma exige&quot;.Para aprobar esta reforma se requería el voto afirmativo de dos tercios de los senadores, situación que obligó al Gobierno a buscar acuerdo con la oposición. Tendencia en Facebook 
</topic_text>
<spam_score>0.20</spam_score>
<post_num>1</post_num>
<post_id>post-1</post_id>
<post_url>http://www.soychile.cl/Santiago/Politica/2016/08/29/414886/La-Moneda-llego-a-acuerdo-con-la-oposicion-para-eleccion-de-intendentes.aspx</post_url>
<post_date>20160829</post_date>
<post_time></post_time>
<username></username>
<post>
La Moneda llegó a acuerdo con la oposición para elección de intendentes 19:56 Nueva Mayoría y Chile Vamos acordaron que autoridades regionales se elegirán con el 40% de los votos y si estos no se alcanzan, habrá segunda vuelta. Un acuerdo logrado entre el Gobierno y la oposición permitirá sacar adelante la iniciativa que permitirá la elección de intendentes, que ahora pasarán a llamarse &quot;gobernadores regionales&quot;.La iniciativa es una de las reformas comprometidas por Michelle Bachelet y en el acuerdo se determinó que las autoridades serán elegidas con un 40% de los votos, generando una segunda vuelta si la cifra no se alcanza.El proyectó avanzará a pesar que desde la Nueva Mayoría pedían un quórum de 51%.Sobe esta materia, el vocero Marcelo Díaz aseguró que &quot;una prioridad para el Gobierno es que el próximo año los ciudadanos puedan elegir directamente a los gobernadores regionales que van a reemplazar a los intendentes&quot;.En este sentido el portavoz detalló que &quot;esperamos que mañana podamos concretar en la Comisión de Gobierno Interior del Senado un acuerdo que luego se materialice en la Sala, con el quórum que esta reforma exige&quot;.Para aprobar esta reforma se requería el voto afirmativo de dos tercios de los senadores, situación que obligó al Gobierno a buscar acuerdo con la oposición. Tendencia en Facebook 
</post>
<signature>

</signature>
<external_links>

</external_links>
<country>CL</country>
<main_image>http://img.soy-chile.cl/Fotos/2016/08/29/file_20160829195309.jpg</main_image>
</document>
