<?xml version="1.0" encoding="UTF-8"?>
<document>
<type>mainstream</type>
<forum>http://rssfeeds.ktvb.com/_/20/109765760/ktvb/local</forum>
<forum_title>KTVB - Local</forum_title>
<discussion_title>Air quality cancels local high school...</discussion_title>
<language>english</language>
<gmt_offset></gmt_offset>
<topic_url>http://rssfeeds.ktvb.com/_/20/109765760/ktvb/http&amp;#x3a;&amp;#x2f;&amp;#x2f;www&amp;#x2e;ktvb&amp;#x2e;com&amp;#x2f;sports&amp;#x2f;high-school&amp;#x2f;air-quality-cancels-local-high-school-games-monday&amp;#x2f;310652580</topic_url>
<topic_text>
Poor air quality forces high school event cancelations KTVB 4:50   
BOISE -- Heavy smoke from the Pioneer Fire and from the Boise recycling center fire has significantly impacted air quality in the Treasure Valley Monday. 
Local High Schools have taken to social media to announce cancelations of outdoor events. 
Below is a current list of games that have been canceled due to poor air quality: Meridian at Timberline girls soccer Borah at Mountain View girls soccer - moved to TOMORROW (8/30) at 6 p.m. at MVHS 
Both FC Nova and Idaho Rush Soccer Clubs have also canceled outdoor trainings tonight. 
We will continue to update this story as more cancelations are announced.
</topic_text>
<spam_score>0.00</spam_score>
<post_num>1</post_num>
<post_id>post-1</post_id>
<post_url>http://rssfeeds.ktvb.com/_/20/109765760/ktvb/http&amp;#x3a;&amp;#x2f;&amp;#x2f;www&amp;#x2e;ktvb&amp;#x2e;com&amp;#x2f;sports&amp;#x2f;high-school&amp;#x2f;air-quality-cancels-local-high-school-games-monday&amp;#x2f;310652580</post_url>
<post_date>20160829</post_date>
<post_time>2154</post_time>
<username></username>
<post>
Poor air quality forces high school event cancelations KTVB 4:50   
BOISE -- Heavy smoke from the Pioneer Fire and from the Boise recycling center fire has significantly impacted air quality in the Treasure Valley Monday. 
Local High Schools have taken to social media to announce cancelations of outdoor events. 
Below is a current list of games that have been canceled due to poor air quality: Meridian at Timberline girls soccer Borah at Mountain View girls soccer - moved to TOMORROW (8/30) at 6 p.m. at MVHS 
Both FC Nova and Idaho Rush Soccer Clubs have also canceled outdoor trainings tonight. 
We will continue to update this story as more cancelations are announced.
</post>
<signature>

</signature>
<external_links>

</external_links>
<country>US</country>
<main_image>http://content.ktvb.com/photo/2016/08/29/smoky_1472505883904_5873201_ver1.0_640_360.JPG</main_image>
</document>
