<?xml version="1.0" encoding="UTF-8"?>
<document>
<type>mainstream</type>
<forum>http://www.cinetivu.com/feed/</forum>
<forum_title>CineTivu</forum_title>
<discussion_title>Box Office Italia, 22-28 Agosto 2016: L’era Glaciale in vetta alla classifica</discussion_title>
<language>italian</language>
<gmt_offset></gmt_offset>
<topic_url>http://www.cinetivu.com/cinema/box-office-italia-22-28-agosto-2016-lera-glaciale-vetta-alla-classifica/</topic_url>
<topic_text>
di Maris Matteucci 29 agosto 2016 Commenta L&apos;era Glaciale - In Rotta Di Collisione balza in vetta alla classifica del Box Office Italia che premia i film più visti nella settimana che va dal 22 al 28 Agosto 2016 0 CONDIVISIONI 
L’era Glaciale – In Rotta Di Collisione balza in vetta alla classifica del Box Office Italia che premia i film più visti nella settimana che va dal 22 al 28 Agosto 2016. Quasi due milioni di incasso negli ultimi sette giorni per un totale di 3.753.470 milione di euro. Dopo il salto ecco l’elenco dei film più visti al botteghino. 
1| L’era Glaciale – In Rotta Di Collisione – Incasso Settimanale: 1.846.816 milione di euro per un totale di 3.753.470 milione di euro 
2| Suicide Squad – Inizio Incasso Settimanale: 1.293.970 milione di euro per un totale di 9.388.853 milione di euro 
3|Paradise Beach – Dentro L’incubo – Incasso Settimanale 775.908mila euro pari al totale di 775.908mila di euro 
4 | Escobar – Incasso Settimanale: 249.929mila euro per un totale di 255.589mila di euro 
5| Il Drago Invisibile – Incasso Settimanale: 247.670mila euro per un totale di 2.992.590 milioni di euro
</topic_text>
<spam_score>0.00</spam_score>
<post_num>1</post_num>
<post_id>post-1</post_id>
<post_url>http://www.cinetivu.com/cinema/box-office-italia-22-28-agosto-2016-lera-glaciale-vetta-alla-classifica/</post_url>
<post_date>20160829</post_date>
<post_time>0934</post_time>
<username>Maris Matteucci</username>
<post>
di Maris Matteucci 29 agosto 2016 Commenta L&apos;era Glaciale - In Rotta Di Collisione balza in vetta alla classifica del Box Office Italia che premia i film più visti nella settimana che va dal 22 al 28 Agosto 2016 0 CONDIVISIONI 
L’era Glaciale – In Rotta Di Collisione balza in vetta alla classifica del Box Office Italia che premia i film più visti nella settimana che va dal 22 al 28 Agosto 2016. Quasi due milioni di incasso negli ultimi sette giorni per un totale di 3.753.470 milione di euro. Dopo il salto ecco l’elenco dei film più visti al botteghino. 
1| L’era Glaciale – In Rotta Di Collisione – Incasso Settimanale: 1.846.816 milione di euro per un totale di 3.753.470 milione di euro 
2| Suicide Squad – Inizio Incasso Settimanale: 1.293.970 milione di euro per un totale di 9.388.853 milione di euro 
3|Paradise Beach – Dentro L’incubo – Incasso Settimanale 775.908mila euro pari al totale di 775.908mila di euro 
4 | Escobar – Incasso Settimanale: 249.929mila euro per un totale di 255.589mila di euro 
5| Il Drago Invisibile – Incasso Settimanale: 247.670mila euro per un totale di 2.992.590 milioni di euro
</post>
<signature>

</signature>
<external_links>

</external_links>
<country>US</country>
<main_image>http://www.cinetivu.com/wp-content/uploads/2016/08/LEra-Glaciale.jpg</main_image>
</document>
