<?xml version="1.0" encoding="UTF-8"?>
<document>
<type>mainstream</type>
<forum>http://feeds.news24.com.ng/articles/nigeria/sport/rss</forum>
<forum_title>Nigeria Sport</forum_title>
<discussion_title>News24.com.ng | 3SC’s Ogunbote excited after Kano Pillars mauling</discussion_title>
<language>english</language>
<gmt_offset></gmt_offset>
<topic_url>http://www.news24.com.ng/Sport/Football/3scs-ogunbote-excited-after-kano-pillars-mauling-20160829</topic_url>
<topic_text>
Ibadan - 3SC coach Gbenga Ogunbote is proud of his side after a 4-0 victory over Kano Pillars. 
Shooting Stars Sports Club (3SC) of Ibadan on Sunday thrashed Kano Pillars Football Club by 4-0 in the Nigeria Professional Football League (NPFL) match day 33. 
3SC scored first through Ifegwu Ojukwu and Ajani Ibrahim in the 8th and 29th minutes respectively 
Sunday Adetunji scored a brace in the 48th and 64th minute bringing the tally to four by the home team. 
Coach Gbenga Ogunbote of 3SC said the result reflected his team&apos;s hard work and preparedness. 
“We have to double-up our efforts not to lose. The players are aware that they must win the match. The team was psychologically motivated to win,’’ he said. 
Ogunbote said that his team was attack-minded because they really needed to win the match. 
He said that they still have five games left and must finish the season in a comfortable position. 
According to him, the team is looking forward to their next away match with Plateau United. 
Tolu Olaifa, a 3SC player who spoke on behalf of his colleagues said they were motivated to win 
Also read: Rivers United were more matured than 3SC, Ogunbote admits 
He said that when they drew their last match against El-Kanemi Warriors of Maiduguri in Ibadan, they resolved to turn-around that ``bad day&apos;&apos; in subsequent matches. 
“3SC is a big team that should not be relegated and that is why we must not finish badly,&quot; he said. 
However, Coach Baba Ganaru of Kano Pillars told newsmen that it was not their day, adding that his players made costly mistakes during the match. 
Ganaru said he had told the players to brave up for what he predicted a tough game against 3SC in Ibadan. 
He was optimistic that the club&apos;s new signing of Joseph Yobo, an ex-Nigerian international would make a good impact on the club. 
“You know Yobo is an Ambassador of the Nigerian league and would definitely play the role very well,&quot; he said. 
- NAN 
 
</topic_text>
<spam_score>0.00</spam_score>
<post_num>1</post_num>
<post_id>post-1</post_id>
<post_url>http://www.news24.com.ng/Sport/Football/3scs-ogunbote-excited-after-kano-pillars-mauling-20160829</post_url>
<post_date>20160829</post_date>
<post_time>1012</post_time>
<username></username>
<post>
Ibadan - 3SC coach Gbenga Ogunbote is proud of his side after a 4-0 victory over Kano Pillars. 
Shooting Stars Sports Club (3SC) of Ibadan on Sunday thrashed Kano Pillars Football Club by 4-0 in the Nigeria Professional Football League (NPFL) match day 33. 
3SC scored first through Ifegwu Ojukwu and Ajani Ibrahim in the 8th and 29th minutes respectively 
Sunday Adetunji scored a brace in the 48th and 64th minute bringing the tally to four by the home team. 
Coach Gbenga Ogunbote of 3SC said the result reflected his team&apos;s hard work and preparedness. 
“We have to double-up our efforts not to lose. The players are aware that they must win the match. The team was psychologically motivated to win,’’ he said. 
Ogunbote said that his team was attack-minded because they really needed to win the match. 
He said that they still have five games left and must finish the season in a comfortable position. 
According to him, the team is looking forward to their next away match with Plateau United. 
Tolu Olaifa, a 3SC player who spoke on behalf of his colleagues said they were motivated to win 
Also read: Rivers United were more matured than 3SC, Ogunbote admits 
He said that when they drew their last match against El-Kanemi Warriors of Maiduguri in Ibadan, they resolved to turn-around that ``bad day&apos;&apos; in subsequent matches. 
“3SC is a big team that should not be relegated and that is why we must not finish badly,&quot; he said. 
However, Coach Baba Ganaru of Kano Pillars told newsmen that it was not their day, adding that his players made costly mistakes during the match. 
Ganaru said he had told the players to brave up for what he predicted a tough game against 3SC in Ibadan. 
He was optimistic that the club&apos;s new signing of Joseph Yobo, an ex-Nigerian international would make a good impact on the club. 
“You know Yobo is an Ambassador of the Nigerian league and would definitely play the role very well,&quot; he said. 
- NAN 
 
</post>
<signature>

</signature>
<external_links>

</external_links>
<country>NG</country>
<main_image>http://cdn.24.co.za/files/Cms/General/d/2945/03c90afdf8924733888a0e1f0c5da95c.jpg</main_image>
</document>
