<?xml version="1.0" encoding="UTF-8"?>
<document>
<type>mainstream</type>
<forum>http://audioboom.com/boos/everyone.rss</forum>
<forum_title>audioBoom</forum_title>
<discussion_title>Week 2: Duncanville&apos;s Reggie Samples on rebuilding the program, friends not believing in his team</discussion_title>
<language>english</language>
<gmt_offset></gmt_offset>
<topic_url>https://audioboom.com/boos/4988165-week-2-duncanville-s-reggie-samples-on-rebuilding-the-program-friends-not-believing-in-his-team</topic_url>
<topic_text>
&lt;iframe width=&quot;100%&quot; height=&quot;300&quot; style=&quot;background-color:transparent; display:block; max-width: 700px;&quot; frameborder=&quot;0&quot; allowtransparency=&quot;allowtransparency&quot; scrolling=&quot;no&quot; src=&quot;//embeds.audioboom.com/boos/4988165-week-2-duncanville-s-reggie-samples-on-rebuilding-the-program-friends-not-believing-in-his-team/embed/v4?eid=AQAAAES4xFcFHUwA&quot; title=&quot;audioBoom player&quot;&gt;&lt;/iframe&gt; Share on Facebook twitter 
The SportsDayHS crew talks with fall intern Joe about his first Texas high school football experience, then Duncanville&apos;s Reggie Samples reflects about rebuilding the program and his journey through 2015&apos;s 3-7 season (10:53). Finally then the gang looks to Week 2 (21:30) and plays another round of the &quot;Nobody Believes in Us Game&quot; (29:53). (Music: &quot;District Four&quot;, Kevin MacLeod (incompetech.com))
</topic_text>
<spam_score>0.00</spam_score>
<post_num>1</post_num>
<post_id>post-1</post_id>
<post_url>https://audioboom.com/boos/4988165-week-2-duncanville-s-reggie-samples-on-rebuilding-the-program-friends-not-believing-in-his-team</post_url>
<post_date>20160829</post_date>
<post_time>2057</post_time>
<username>SportsDay HS</username>
<post>
&lt;iframe width=&quot;100%&quot; height=&quot;300&quot; style=&quot;background-color:transparent; display:block; max-width: 700px;&quot; frameborder=&quot;0&quot; allowtransparency=&quot;allowtransparency&quot; scrolling=&quot;no&quot; src=&quot;//embeds.audioboom.com/boos/4988165-week-2-duncanville-s-reggie-samples-on-rebuilding-the-program-friends-not-believing-in-his-team/embed/v4?eid=AQAAAES4xFcFHUwA&quot; title=&quot;audioBoom player&quot;&gt;&lt;/iframe&gt; Share on Facebook twitter 
The SportsDayHS crew talks with fall intern Joe about his first Texas high school football experience, then Duncanville&apos;s Reggie Samples reflects about rebuilding the program and his journey through 2015&apos;s 3-7 season (10:53). Finally then the gang looks to Week 2 (21:30) and plays another round of the &quot;Nobody Believes in Us Game&quot; (29:53). (Music: &quot;District Four&quot;, Kevin MacLeod (incompetech.com))
</post>
<signature>

</signature>
<external_links>

</external_links>
<country>GB</country>
<main_image>https://d15mj6e6qmt1na.cloudfront.net/files/images/2398/8928/hs_logo.jpg</main_image>
</document>
