<?xml version="1.0" encoding="UTF-8"?>
<document>
<type>mainstream</type>
<forum>https://feeds.feedblitz.com/detroit/entertainment</forum>
<forum_title>Detroit News - Entertainment</forum_title>
<discussion_title>Grapevine: Coney-eating contest returns to American Coney Island</discussion_title>
<language>english</language>
<gmt_offset></gmt_offset>
<topic_url>http://www.detroitnews.com/story/entertainment/people/2016/08/29/grapevine-coney-eating-contest-returns-american-coney-island/89563750/</topic_url>
<topic_text>
Champion hot dog eater Matt Holowicki, right, also has been crowned the champ of local pierogi- and paczki-eating contests. (Photo: Jose Juarez / Special to The Detroit News) 
American Coney Island coney dog challenge returns 
For the sixth year in a row, the Detroit Police Department and Detroit Fire Department will square off to see which team can eat the most coney dogs in 10 minutes. The challenge takes place at 5:30 p.m. Thursday at American Coney Island, 114 W. Lafayette in Detroit. Following that heat, members of the public can try to be the one who eats the most Detroit dogs at 5:45 p.m. The last two years the champion has been Matt Holowicki of Plymouth. His record is 19 and a half coney dogs. Holowicki also has been crowned the champ of local pierogi- and paczki-eating contests over the years. Those who wish to compete Thursday can call (586) 219-0995 to register (the fee is $10 in advance, $15 day of). Celebrity judges for the public contest include Les Gold and Seth Gold from American Jewelry &amp; Loan and Jim O’Brien from WCSX-FM.
2016 Hatch Detroit winner announced 
Meta Physica Massage &amp; Sauna beat out more than 150 businesses competing for this year’s Comerica Hatch Detroit contest. The prize is $50,000, which will help them build a wellness center in Detroit offering therapeutic bodywork, full spectrum infrared saunas, a raw juice bar, plus retail services and classes. Meta Physica Massage &amp; Sauna also will receive $200,000 in services from local marketing, business and legal experts to help them thrive.
Homeless shelter for LGBTQ youth named after Bea Arthur 
After her death in 2009, “Golden Girls” actress Bea Arthur bequeathed $300,000 to the nonprofit Ali Forney Center in New York City. This week, the center revealed some details of the new Bea Arthur Residence, an 18-bed shelter for homeless gay and transgendered young adults in New York City. It’s expected to open next year. According to reports, there are an estimated 4,000 homeless teens in New York, and up to 40 percent are LGBTQ.
Alicia Keys hits VMAs red carpet sans makeup 
Singer and songwriter Alicia Keys is sticking to her vow to no longer cover her face with makeup. She arrived at the MTV Video Music Awards fresh-faced. People on both sides of the issue spoke out on Twitter, and Jezebel writer Kara Brown even piped up to tweet that Keys was wearing makeup. New York Magazine is going along with it, though, and reported that “it wasn’t no-makeup makeup or just a little makeup or just a little contouring or concealer — but a true bare face.”
Compiled by Melody Baetens 
mbaetens@detroitnews.com 

Tuesday’s birthdays 
Lewis Black, 68
Michael Michele, 50
Cameron Diaz, 44
Angel Coulby, 36
</topic_text>
<spam_score>0.00</spam_score>
<post_num>1</post_num>
<post_id>post-1</post_id>
<post_url>http://www.detroitnews.com/story/entertainment/people/2016/08/29/grapevine-coney-eating-contest-returns-american-coney-island/89563750/</post_url>
<post_date>20160829</post_date>
<post_time>1841</post_time>
<username>detroitnews.com</username>
<post>
Champion hot dog eater Matt Holowicki, right, also has been crowned the champ of local pierogi- and paczki-eating contests. (Photo: Jose Juarez / Special to The Detroit News) 
American Coney Island coney dog challenge returns 
For the sixth year in a row, the Detroit Police Department and Detroit Fire Department will square off to see which team can eat the most coney dogs in 10 minutes. The challenge takes place at 5:30 p.m. Thursday at American Coney Island, 114 W. Lafayette in Detroit. Following that heat, members of the public can try to be the one who eats the most Detroit dogs at 5:45 p.m. The last two years the champion has been Matt Holowicki of Plymouth. His record is 19 and a half coney dogs. Holowicki also has been crowned the champ of local pierogi- and paczki-eating contests over the years. Those who wish to compete Thursday can call (586) 219-0995 to register (the fee is $10 in advance, $15 day of). Celebrity judges for the public contest include Les Gold and Seth Gold from American Jewelry &amp; Loan and Jim O’Brien from WCSX-FM.
2016 Hatch Detroit winner announced 
Meta Physica Massage &amp; Sauna beat out more than 150 businesses competing for this year’s Comerica Hatch Detroit contest. The prize is $50,000, which will help them build a wellness center in Detroit offering therapeutic bodywork, full spectrum infrared saunas, a raw juice bar, plus retail services and classes. Meta Physica Massage &amp; Sauna also will receive $200,000 in services from local marketing, business and legal experts to help them thrive.
Homeless shelter for LGBTQ youth named after Bea Arthur 
After her death in 2009, “Golden Girls” actress Bea Arthur bequeathed $300,000 to the nonprofit Ali Forney Center in New York City. This week, the center revealed some details of the new Bea Arthur Residence, an 18-bed shelter for homeless gay and transgendered young adults in New York City. It’s expected to open next year. According to reports, there are an estimated 4,000 homeless teens in New York, and up to 40 percent are LGBTQ.
Alicia Keys hits VMAs red carpet sans makeup 
Singer and songwriter Alicia Keys is sticking to her vow to no longer cover her face with makeup. She arrived at the MTV Video Music Awards fresh-faced. People on both sides of the issue spoke out on Twitter, and Jezebel writer Kara Brown even piped up to tweet that Keys was wearing makeup. New York Magazine is going along with it, though, and reported that “it wasn’t no-makeup makeup or just a little makeup or just a little contouring or concealer — but a true bare face.”
Compiled by Melody Baetens 
mbaetens@detroitnews.com 

Tuesday’s birthdays 
Lewis Black, 68
Michael Michele, 50
Cameron Diaz, 44
Angel Coulby, 36
</post>
<signature>

</signature>
<external_links>

</external_links>
<country>US</country>
<main_image>http://www.gannett-cdn.com/-mm-/128af1e87daed0a629f259e0bb64ad959ce017c2/c=0-82-2000-1207&amp;amp;r=x633&amp;amp;c=1200x630/local/-/media/2016/08/29/DetroitNews/B99434010Z.1_20160829184131_000_GLC13UBA1.1-0.jpg</main_image>
</document>
