<?xml version="1.0" encoding="UTF-8"?>
<document>
<type>mainstream</type>
<forum>http://www.livetradingnews.com/feed</forum>
<forum_title>Live Trading News</forum_title>
<discussion_title>China Construction Bank (HKG:0939) Forecasts a Bullish Trend</discussion_title>
<language>english</language>
<gmt_offset></gmt_offset>
<topic_url>http://www.livetradingnews.com/china-construction-bank-hkg0939-forecasts-bullish-trend-13363.html</topic_url>
<topic_text>
China Construction Bank (HKG:0939) Forecasts a Bullish Trend 
Overall, the bias in prices is: Upwards. 
Short term: Prices are stalling. 
Intermediate term: Prices are trending. 
Note: this chart shows extraordinary price action to the upside. 
By the way, prices are vulnerable to a correction towards 5.43. 
The projected upper bound is: 5.97. 
The projected lower bound is: 5.54. 
The projected closing price is: 5.75. 
Candlesticks 
A black body occurred (because prices closed lower than they opened). During the past 10 bars, there have been 3 white candles and 6 black candles for a net of 3 black candles. During the past 50 bars, there have been 29 white candles and 18 black candles for a net of 11 white candles. 
Momentum Indicators 
Momentum is a general term used to describe the speed at which prices move over a given time period. Generally, changes in momentum tend to lead to changes in prices. This expert shows the current values of four popular momentum indicators. 
Stochastic Oscillator 
One method of interpreting the Stochastic Oscillator is looking for overbought areas (above 80) and oversold areas (below 20). The Stochastic Oscillator is 59.2593. This is not an overbought or oversold reading. The last signal was a sell 3 period(s) ago. 
Relative Strength Index (RSI) 
The RSI shows overbought (above 70) and oversold (below 30) areas. The current value of the RSI is 62.68. This is not a topping or bottoming area. A buy or sell signal is generated when the RSI moves out of an overbought/oversold area. The last signal was a sell 1 period(s) ago. 
Commodity Channel Index (CCI) 
The CCI shows overbought (above 100) and oversold (below -100) areas. The current value of the CCI is 37. This is not a topping or bottoming area. The last signal was a sell 7 period(s) ago. 
MACD 
The Moving Average Convergence/Divergence indicator (MACD) gives signals when it crosses its 9 period signal line. The last signal was a sell 1 period(s) ago. 
Rex Takasugi – TD Profile 
CCB closed down -0.030 at 5.740. Volume was 4% below average (neutral) and Bollinger Bands were 28% wider than normal. 
Open High Low Close Volume___ 5.770 5.800 5.720 5.740 295,328,864 
Technical Outlook
</topic_text>
<spam_score>0.00</spam_score>
<post_num>1</post_num>
<post_id>post-1</post_id>
<post_url>http://www.livetradingnews.com/china-construction-bank-hkg0939-forecasts-bullish-trend-13363.html</post_url>
<post_date>20160829</post_date>
<post_time>2252</post_time>
<username>HEFFX Australia</username>
<post>
China Construction Bank (HKG:0939) Forecasts a Bullish Trend 
Overall, the bias in prices is: Upwards. 
Short term: Prices are stalling. 
Intermediate term: Prices are trending. 
Note: this chart shows extraordinary price action to the upside. 
By the way, prices are vulnerable to a correction towards 5.43. 
The projected upper bound is: 5.97. 
The projected lower bound is: 5.54. 
The projected closing price is: 5.75. 
Candlesticks 
A black body occurred (because prices closed lower than they opened). During the past 10 bars, there have been 3 white candles and 6 black candles for a net of 3 black candles. During the past 50 bars, there have been 29 white candles and 18 black candles for a net of 11 white candles. 
Momentum Indicators 
Momentum is a general term used to describe the speed at which prices move over a given time period. Generally, changes in momentum tend to lead to changes in prices. This expert shows the current values of four popular momentum indicators. 
Stochastic Oscillator 
One method of interpreting the Stochastic Oscillator is looking for overbought areas (above 80) and oversold areas (below 20). The Stochastic Oscillator is 59.2593. This is not an overbought or oversold reading. The last signal was a sell 3 period(s) ago. 
Relative Strength Index (RSI) 
The RSI shows overbought (above 70) and oversold (below 30) areas. The current value of the RSI is 62.68. This is not a topping or bottoming area. A buy or sell signal is generated when the RSI moves out of an overbought/oversold area. The last signal was a sell 1 period(s) ago. 
Commodity Channel Index (CCI) 
The CCI shows overbought (above 100) and oversold (below -100) areas. The current value of the CCI is 37. This is not a topping or bottoming area. The last signal was a sell 7 period(s) ago. 
MACD 
The Moving Average Convergence/Divergence indicator (MACD) gives signals when it crosses its 9 period signal line. The last signal was a sell 1 period(s) ago. 
Rex Takasugi – TD Profile 
CCB closed down -0.030 at 5.740. Volume was 4% below average (neutral) and Bollinger Bands were 28% wider than normal. 
Open High Low Close Volume___ 5.770 5.800 5.720 5.740 295,328,864 
Technical Outlook
</post>
<signature>

</signature>
<external_links>

</external_links>
<country>US</country>
<main_image>http://www.livetradingnews.com/wp-content/uploads/2016/08/0939.hk_-1.png</main_image>
</document>
