<?xml version="1.0" encoding="UTF-8"?>
<document>
<type>mainstream</type>
<forum>http://chelmsford.wickedlocal.com/news/community?template=rss&amp;mime=xml</forum>
<forum_title>Community - Chelmsford Independent</forum_title>
<discussion_title>‘Chefs’ Table’ to air on local access TV stations</discussion_title>
<language>english</language>
<gmt_offset></gmt_offset>
<topic_url>http://chelmsford.wickedlocal.com/news/20160829/chefs-table-to-air-on-local-access-tv-stations</topic_url>
<topic_text>
subscribe 
Airing the week of Aug. 29, “The Chefs’ Table Series” features chef/owner Jim Solomon of the Fireplace Restaurant in Brookline. He demonstrates how to make fresh pasta and explains how to make rough cut pasta with Allandale Farm heirloom tomatoes, Stillman’s native corn, fava beans with fresh herbs, roasted garlic and cheese. Co-host Carol O’Connor interviews Solomon on how he was inspired to create The Fireplace, and how his passion for history influences his menu and the events he holds at the restaurant. “The Chefs’ Table Series” is an educational cooking show produced by Chefs Table Foundation,   whose mission is to support homeless U.S. veterans and underprivileged youth with a scholarship to a culinary program. Viewership will help the foundation attain its mission. The weekly show is aired on local access TV stations in Belmont, Bedford, Arlington, Burlington, Lexington, Concord and Woburn. For information: chefstablefoundation.org. For information on attending a live taping and tasting: 617-645-9043; thechefstableseries.tv. 


About Us
</topic_text>
<spam_score>0.00</spam_score>
<post_num>1</post_num>
<post_id>post-1</post_id>
<post_url>http://chelmsford.wickedlocal.com/news/20160829/chefs-table-to-air-on-local-access-tv-stations</post_url>
<post_date>20160829</post_date>
<post_time>2332</post_time>
<username></username>
<post>
subscribe 
Airing the week of Aug. 29, “The Chefs’ Table Series” features chef/owner Jim Solomon of the Fireplace Restaurant in Brookline. He demonstrates how to make fresh pasta and explains how to make rough cut pasta with Allandale Farm heirloom tomatoes, Stillman’s native corn, fava beans with fresh herbs, roasted garlic and cheese. Co-host Carol O’Connor interviews Solomon on how he was inspired to create The Fireplace, and how his passion for history influences his menu and the events he holds at the restaurant. “The Chefs’ Table Series” is an educational cooking show produced by Chefs Table Foundation,   whose mission is to support homeless U.S. veterans and underprivileged youth with a scholarship to a culinary program. Viewership will help the foundation attain its mission. The weekly show is aired on local access TV stations in Belmont, Bedford, Arlington, Burlington, Lexington, Concord and Woburn. For information: chefstablefoundation.org. For information on attending a live taping and tasting: 617-645-9043; thechefstableseries.tv. 


About Us
</post>
<signature>

</signature>
<external_links>

</external_links>
<country>US</country>
<main_image>http://chelmsford.wickedlocal.com/Global/images/head/nameplate/chelmsford_logo.png</main_image>
</document>
