<?xml version="1.0" encoding="UTF-8"?>
<document>
<type>mainstream</type>
<forum>http://audioboom.com/boos/everyone.rss</forum>
<forum_title>audioBoom</forum_title>
<discussion_title>Ronn Owens - Colin Kaepernick sits during National Anthem</discussion_title>
<language>english</language>
<gmt_offset></gmt_offset>
<topic_url>https://audioboom.com/boos/4988175-ronn-owens-colin-kaepernick-sits-during-national-anthem</topic_url>
<topic_text>
&lt;iframe width=&quot;100%&quot; height=&quot;300&quot; style=&quot;background-color:transparent; display:block; max-width: 700px;&quot; frameborder=&quot;0&quot; allowtransparency=&quot;allowtransparency&quot; scrolling=&quot;no&quot; src=&quot;//embeds.audioboom.com/boos/4988175-ronn-owens-colin-kaepernick-sits-during-national-anthem/embed/v4?eid=AQAAAPG3xFcPHUwA&quot; title=&quot;audioBoom player&quot;&gt;&lt;/iframe&gt; Share on Facebook twitter 
It is what everyone is talking about . . . the action that 49er Quarterback Colin Kaepernick has now taken, twice. Sitting during the playing of the National Anthem before the game. Kaepernick tells the media that he is protesting that while our country and flag stand for equal rights for everyone, not everyone is enjoying all the privileges of this country equally. 
What does Ronn think? 
&gt; At first, his reaction was outrage. What is this guy thinking? 
&gt; Then, upon reflection, Kaepernick&apos;s action IS what America stands for. And, of course, Kaepernick now has to deal with the reaction as everyone else exercises their First Amendment right to state their opinion. 
&gt; Ronn agrees with callers that feel Kaepernick could have chosen a better way and better time to advocate for the underprivileged in our country. 
Follow Ronn on Twitter @ronnowens
</topic_text>
<spam_score>0.00</spam_score>
<post_num>1</post_num>
<post_id>post-1</post_id>
<post_url>https://audioboom.com/boos/4988175-ronn-owens-colin-kaepernick-sits-during-national-anthem</post_url>
<post_date>20160829</post_date>
<post_time>2104</post_time>
<username>Ronn Owens</username>
<post>
&lt;iframe width=&quot;100%&quot; height=&quot;300&quot; style=&quot;background-color:transparent; display:block; max-width: 700px;&quot; frameborder=&quot;0&quot; allowtransparency=&quot;allowtransparency&quot; scrolling=&quot;no&quot; src=&quot;//embeds.audioboom.com/boos/4988175-ronn-owens-colin-kaepernick-sits-during-national-anthem/embed/v4?eid=AQAAAPG3xFcPHUwA&quot; title=&quot;audioBoom player&quot;&gt;&lt;/iframe&gt; Share on Facebook twitter 
It is what everyone is talking about . . . the action that 49er Quarterback Colin Kaepernick has now taken, twice. Sitting during the playing of the National Anthem before the game. Kaepernick tells the media that he is protesting that while our country and flag stand for equal rights for everyone, not everyone is enjoying all the privileges of this country equally. 
What does Ronn think? 
&gt; At first, his reaction was outrage. What is this guy thinking? 
&gt; Then, upon reflection, Kaepernick&apos;s action IS what America stands for. And, of course, Kaepernick now has to deal with the reaction as everyone else exercises their First Amendment right to state their opinion. 
&gt; Ronn agrees with callers that feel Kaepernick could have chosen a better way and better time to advocate for the underprivileged in our country. 
Follow Ronn on Twitter @ronnowens
</post>
<signature>

</signature>
<external_links>

</external_links>
<country>GB</country>
<main_image>https://d15mj6e6qmt1na.cloudfront.net/files/images/2091/8478/feed-kgo-ronnowens.png</main_image>
</document>
