<?xml version="1.0" encoding="UTF-8"?>
<document>
<type>mainstream</type>
<forum>http://kctv5.com//category/208603/sports?clienttype=rss</forum>
<forum_title>KCTV Kansas City - Sports</forum_title>
<discussion_title>Big 12 coaches preparing for some high-profile opening games</discussion_title>
<language>english</language>
<gmt_offset></gmt_offset>
<topic_url>http://www.kctv5.com/story/32867866/big-12-coaches-preparing-for-some-high-profile-opening-games</topic_url>
<topic_text>
By STEPHEN HAWKINS
AP Sports Writer Kansas State&apos;s Bill Snyder let a slight chuckle when asked if playing a season opener at No. 8 Stanford was the sign of a change in scheduling philosophy for the veteran coach.
&quot;Well, not in mine,&quot; Snyder said Monday. &quot;But it&apos;s kind of the nature of the conference wanting everybody to play Power Five conference schools. So we&apos;ve fallen in line with that.&quot;
The Wildcats are one of three Big 12 teams opening against a top-15 opponent, making the smallest of the Power Five leagues the only one with so many high-ranked non-conference openers. K-State&apos;s opener is Friday night, with third-ranked Oklahoma against No. 15 Houston in the home stadium of the NFL&apos;s Texans on Saturday, and Texas at home Sunday night against No. 10 Notre Dame.
Plus, West Virginia is home against SEC member Missouri, a former Big 12 team.
&quot;It&apos;s a high-profile game. There&apos;s a lot of high-profile games here this weekend, and I think that&apos;s where college football is headed,&quot; Mountaineers coach Dana Holgorsen said during the first Big 12 coaches teleconference. &quot;We&apos;re going to continue to do that kind of scheduling here. And hopefully everyone else does that kind of scheduling as well.&quot;
The Big 12 late last year said its teams would be required to play at least one non-conference game each season against a team from one of the other Power Five leagues (ACC, Big Ten, Pac-12 or SEC) or Notre Dame, though the requirement didn&apos;t affect existing non-conference game contracts at the time. Still, No. 23 Baylor and Kansas are the only Big 12 teams that won&apos;t play against one of the peer conferences this season.
Kansas State is playing a true road non-conference game against a Power Five school for only the seventh time since 1989, Snyder&apos;s first season with the Wildcats in a tenure that included a three-season gap (2006-08) when he retired before returning to coach again. Stanford is the highest-ranked non-conference opponent K-State has ever played in a season-opening road game.
&quot;My only issue with it is the fact that in all reality, you don&apos;t get to play all the younger guys that you have. We&apos;re a program that&apos;s going to need every guy we&apos;ve got,&quot; Snyder said. &quot;When you play a team like Stanford, in all reality, that&apos;s not going to take place.&quot;
Some other notes from the first Big 12 teleconference of the season:
- Oklahoma is the overwhelming favorite to win its 10th Big 12 title after last season becoming the league&apos;s first team to make it to the four-team College Football Playoff.
But is there any added motivation for the Sooners after losing 37-17 to Clemson in one of the national semifinals?
&quot;That&apos;s a long time ago, man, we&apos;re on to 2016,&quot; Oklahoma coach Bob Stoops said. &quot;You want to win them all. That&apos;s what you try to do at Oklahoma.&quot;
- While Texas Tech has lost its top rusher (DeAndre Washington, 1,492 yards and 14 TDs) and top receiver from a year ago (Jakeem Grant, 1268 yards and 10 TDs), coach Kliff Kingsbury sounds confident about the skill players that will be around quarterback Patrick Mahomes.
Kingsbury said junior running back Justin Stockton (five TDs on 61 carries last season) is an explosive back. And he said he&apos;s got the most depth at receiver he&apos;s ever had as a play-caller with some talented youngsters looking to show what they can do.
- Snyder announced Jesse Ertz as K-State&apos;s quarterback after a three-man race in preseason camp, but Texas coach Charlie Strong and Kansas coach David Beaty wouldn&apos;t say who would take the first snaps in their openers.
Strong said he knows will start for the Longhorns, but isn&apos;t saying yet if it will be freshman Shane Buechele or senior Tyrone Swoopes. Strong said both will play against Notre Dame.
At Kansas, sophomore Ryan Willis started eight games as a true freshman last season after taking over when Montell Cozart got hurt. Beaty said Monday that the Jayhawks are &quot;still in competition mode&quot; with those guys and the starter would be revealed when one of them runs out on the field against Rhode Island.
Copyright 2016 The Associated Press.   This material may not be published, broadcast, rewritten or redistributed.
</topic_text>
<spam_score>0.00</spam_score>
<post_num>1</post_num>
<post_id>post-1</post_id>
<post_url>http://www.kctv5.com/story/32867866/big-12-coaches-preparing-for-some-high-profile-opening-games</post_url>
<post_date>20160829</post_date>
<post_time>1801</post_time>
<username>cbs8</username>
<post>
By STEPHEN HAWKINS
AP Sports Writer Kansas State&apos;s Bill Snyder let a slight chuckle when asked if playing a season opener at No. 8 Stanford was the sign of a change in scheduling philosophy for the veteran coach.
&quot;Well, not in mine,&quot; Snyder said Monday. &quot;But it&apos;s kind of the nature of the conference wanting everybody to play Power Five conference schools. So we&apos;ve fallen in line with that.&quot;
The Wildcats are one of three Big 12 teams opening against a top-15 opponent, making the smallest of the Power Five leagues the only one with so many high-ranked non-conference openers. K-State&apos;s opener is Friday night, with third-ranked Oklahoma against No. 15 Houston in the home stadium of the NFL&apos;s Texans on Saturday, and Texas at home Sunday night against No. 10 Notre Dame.
Plus, West Virginia is home against SEC member Missouri, a former Big 12 team.
&quot;It&apos;s a high-profile game. There&apos;s a lot of high-profile games here this weekend, and I think that&apos;s where college football is headed,&quot; Mountaineers coach Dana Holgorsen said during the first Big 12 coaches teleconference. &quot;We&apos;re going to continue to do that kind of scheduling here. And hopefully everyone else does that kind of scheduling as well.&quot;
The Big 12 late last year said its teams would be required to play at least one non-conference game each season against a team from one of the other Power Five leagues (ACC, Big Ten, Pac-12 or SEC) or Notre Dame, though the requirement didn&apos;t affect existing non-conference game contracts at the time. Still, No. 23 Baylor and Kansas are the only Big 12 teams that won&apos;t play against one of the peer conferences this season.
Kansas State is playing a true road non-conference game against a Power Five school for only the seventh time since 1989, Snyder&apos;s first season with the Wildcats in a tenure that included a three-season gap (2006-08) when he retired before returning to coach again. Stanford is the highest-ranked non-conference opponent K-State has ever played in a season-opening road game.
&quot;My only issue with it is the fact that in all reality, you don&apos;t get to play all the younger guys that you have. We&apos;re a program that&apos;s going to need every guy we&apos;ve got,&quot; Snyder said. &quot;When you play a team like Stanford, in all reality, that&apos;s not going to take place.&quot;
Some other notes from the first Big 12 teleconference of the season:
- Oklahoma is the overwhelming favorite to win its 10th Big 12 title after last season becoming the league&apos;s first team to make it to the four-team College Football Playoff.
But is there any added motivation for the Sooners after losing 37-17 to Clemson in one of the national semifinals?
&quot;That&apos;s a long time ago, man, we&apos;re on to 2016,&quot; Oklahoma coach Bob Stoops said. &quot;You want to win them all. That&apos;s what you try to do at Oklahoma.&quot;
- While Texas Tech has lost its top rusher (DeAndre Washington, 1,492 yards and 14 TDs) and top receiver from a year ago (Jakeem Grant, 1268 yards and 10 TDs), coach Kliff Kingsbury sounds confident about the skill players that will be around quarterback Patrick Mahomes.
Kingsbury said junior running back Justin Stockton (five TDs on 61 carries last season) is an explosive back. And he said he&apos;s got the most depth at receiver he&apos;s ever had as a play-caller with some talented youngsters looking to show what they can do.
- Snyder announced Jesse Ertz as K-State&apos;s quarterback after a three-man race in preseason camp, but Texas coach Charlie Strong and Kansas coach David Beaty wouldn&apos;t say who would take the first snaps in their openers.
Strong said he knows will start for the Longhorns, but isn&apos;t saying yet if it will be freshman Shane Buechele or senior Tyrone Swoopes. Strong said both will play against Notre Dame.
At Kansas, sophomore Ryan Willis started eight games as a true freshman last season after taking over when Montell Cozart got hurt. Beaty said Monday that the Jayhawks are &quot;still in competition mode&quot; with those guys and the starter would be revealed when one of them runs out on the field against Rhode Island.
Copyright 2016 The Associated Press.   This material may not be published, broadcast, rewritten or redistributed.
</post>
<signature>

</signature>
<external_links>

</external_links>
<country>US</country>
<main_image>http://images.worldnow.com/AP/images/11567324_G.jpg</main_image>
</document>
