<?xml version="1.0" encoding="UTF-8"?>
<document>
<type>mainstream</type>
<forum>http://audioboom.com/boos/everyone.rss</forum>
<forum_title>audioBoom</forum_title>
<discussion_title>La Decisión Dividida Ep 111: ¿Quién peleará en México?</discussion_title>
<language>spanish</language>
<gmt_offset></gmt_offset>
<topic_url>https://audioboom.com/boos/4988310-la-decision-dividida-ep-111-quien-peleara-en-mexico</topic_url>
<topic_text>
&lt;iframe width=&quot;100%&quot; height=&quot;300&quot; style=&quot;background-color:transparent; display:block; max-width: 700px;&quot; frameborder=&quot;0&quot; allowtransparency=&quot;allowtransparency&quot; scrolling=&quot;no&quot; src=&quot;//embeds.audioboom.com/boos/4988310-la-decision-dividida-ep-111-quien-peleara-en-mexico/embed/v4?eid=AQAAAKi2xFeWHUwA&quot; title=&quot;audioBoom player&quot;&gt;&lt;/iframe&gt; Share on Facebook twitter 
Carlos Contreras Legaspi y Rodrigo Del Campo están de luto en una edición mexicana de #LaDecisiónDividida . 
Carlos y Rodrigo analizan UFC Vancouver, incluyendo la controversial derrota de Enrique Barzola, lo que viene en UFC Hamburgo este sábado, y ponemos atención especial a la venta de boletos de UFC México, donde solo hay hasta el momento tres peleas anunciadas. 
Agradeciendo su paciencia durante los Juegos Olímpicos, Carlos y Rodrigos responden (casi) todas sus preguntas para cerrar esta larga edición. 
Pueden suscribirse a nuestro Podcast La Decisión Dividida en iTunes en esta liga:
</topic_text>
<spam_score>0.00</spam_score>
<post_num>1</post_num>
<post_id>post-1</post_id>
<post_url>https://audioboom.com/boos/4988310-la-decision-dividida-ep-111-quien-peleara-en-mexico</post_url>
<post_date>20160829</post_date>
<post_time>2125</post_time>
<username>La Decisión Dividida con Carlos Contreras Legaspi y Rodrigo Del Campo</username>
<post>
&lt;iframe width=&quot;100%&quot; height=&quot;300&quot; style=&quot;background-color:transparent; display:block; max-width: 700px;&quot; frameborder=&quot;0&quot; allowtransparency=&quot;allowtransparency&quot; scrolling=&quot;no&quot; src=&quot;//embeds.audioboom.com/boos/4988310-la-decision-dividida-ep-111-quien-peleara-en-mexico/embed/v4?eid=AQAAAKi2xFeWHUwA&quot; title=&quot;audioBoom player&quot;&gt;&lt;/iframe&gt; Share on Facebook twitter 
Carlos Contreras Legaspi y Rodrigo Del Campo están de luto en una edición mexicana de #LaDecisiónDividida . 
Carlos y Rodrigo analizan UFC Vancouver, incluyendo la controversial derrota de Enrique Barzola, lo que viene en UFC Hamburgo este sábado, y ponemos atención especial a la venta de boletos de UFC México, donde solo hay hasta el momento tres peleas anunciadas. 
Agradeciendo su paciencia durante los Juegos Olímpicos, Carlos y Rodrigos responden (casi) todas sus preguntas para cerrar esta larga edición. 
Pueden suscribirse a nuestro Podcast La Decisión Dividida en iTunes en esta liga:
</post>
<signature>

</signature>
<external_links>

</external_links>
<country>GB</country>
<main_image>https://d15mj6e6qmt1na.cloudfront.net/files/images/2398/9630/La_DD_Negro_3_C.jpg</main_image>
</document>
