<?xml version="1.0" encoding="UTF-8"?>
<document>
<type>mainstream</type>
<forum>http://www.fft.ie/feed</forum>
<forum_title>FFT.ie</forum_title>
<discussion_title>Supervalu’s ‘Piece of Fresh Finger’ Recipe Ingredient Raises Eyebrows</discussion_title>
<language>english</language>
<gmt_offset></gmt_offset>
<topic_url>http://www.fft.ie/supervalus-piece-of-fresh-finger-recipe-ingredient-raises-eyebrows/13129</topic_url>
<topic_text>
SHARE The recipe erroneously called for finger instead of ginger. Picture: supervalu.ie. 
Supervalu had eyebrows raised and fingers wagging recently when a recipe typo asked for a ‘piece of fresh finger’ in a Thai massaman curry dish. 
Eagle-eyed readers were quick to spot the mistake, which appeared in a recipe booklet for the Good Food Good Karma campaign. The recipe, by David and Stephen Flynn of The Happy Pear, listed a ‘piece of fresh finger’ in the ingredients list. Of course, the ingredient is a typo, and was meant to say ginger instead of finger. 
Supervalu was quick on the case and posted a clarification online. “We would like to apologise for our little human error on our most recent recipe leaflets in store. 
“We made a tiny mistake on The Happy Pear’s massaman curry recipe. We seriously do not condone putting a ½ thumb sized piece of fresh finger, peeled and finely sliced into your dish! We of course meant GINGER! We also highly recommend that you are careful when slicing and dicing your ingredients – so watch your fingers please!” TAGS
</topic_text>
<spam_score>0.00</spam_score>
<post_num>1</post_num>
<post_id>post-1</post_id>
<post_url>http://www.fft.ie/supervalus-piece-of-fresh-finger-recipe-ingredient-raises-eyebrows/13129</post_url>
<post_date>20160829</post_date>
<post_time>1234</post_time>
<username>Mark Murphy</username>
<post>
SHARE The recipe erroneously called for finger instead of ginger. Picture: supervalu.ie. 
Supervalu had eyebrows raised and fingers wagging recently when a recipe typo asked for a ‘piece of fresh finger’ in a Thai massaman curry dish. 
Eagle-eyed readers were quick to spot the mistake, which appeared in a recipe booklet for the Good Food Good Karma campaign. The recipe, by David and Stephen Flynn of The Happy Pear, listed a ‘piece of fresh finger’ in the ingredients list. Of course, the ingredient is a typo, and was meant to say ginger instead of finger. 
Supervalu was quick on the case and posted a clarification online. “We would like to apologise for our little human error on our most recent recipe leaflets in store. 
“We made a tiny mistake on The Happy Pear’s massaman curry recipe. We seriously do not condone putting a ½ thumb sized piece of fresh finger, peeled and finely sliced into your dish! We of course meant GINGER! We also highly recommend that you are careful when slicing and dicing your ingredients – so watch your fingers please!” TAGS
</post>
<signature>

</signature>
<external_links>

</external_links>
<country>IE</country>
<main_image>http://www.fft.ie/wp-content/uploads/2016/08/thaimassamancurrysupervalu.jpg</main_image>
</document>
