<?xml version="1.0" encoding="UTF-8"?>
<document>
<type>mainstream</type>
<forum>http://www.ilkleygazette.co.uk/leisure/showbiz/rss</forum>
<forum_title>Ilkley Gazette | National Entertainment News</forum_title>
<discussion_title>Agyness Deyn shares romantic picture as she ties the knot for the second time</discussion_title>
<language>english</language>
<gmt_offset></gmt_offset>
<topic_url>http://www.ilkleygazette.co.uk/leisure/showbiz/14710884.Agyness_Deyn_shares_romantic_picture_as_she_ties_the_knot_for_the_second_time/</topic_url>
<topic_text>
Have you got a local story, picture or video you would like to send to us? Send it to us now for a chance to get published. Services Agyness Deyn shares romantic picture as she ties the knot for the second time Agyness Deyn shares romantic picture as she ties the knot for the second time 
/ Press Association 2014 
Agyness Deyn looked every inch the model bride as she exchanged vows with fiance Joel McAndrew. 
The British cover girl – who was previously married to actor Giovanni Ribisi – tied the knot with the hedge fund manager in the US. 
She shared a sweet snap of the pair on Instagram prior to the nuptials, writing: “I get to marry my best friend today.” 
Then her pal Henry Holland posted some snaps from the big day on his account, showing Aggy in a pale pink dress and blue shoes. 
Awww! Congrats Aggy.
</topic_text>
<spam_score>0.00</spam_score>
<post_num>1</post_num>
<post_id>post-1</post_id>
<post_url>http://www.ilkleygazette.co.uk/leisure/showbiz/14710884.Agyness_Deyn_shares_romantic_picture_as_she_ties_the_knot_for_the_second_time/</post_url>
<post_date>20160829</post_date>
<post_time>1532</post_time>
<username></username>
<post>
Have you got a local story, picture or video you would like to send to us? Send it to us now for a chance to get published. Services Agyness Deyn shares romantic picture as she ties the knot for the second time Agyness Deyn shares romantic picture as she ties the knot for the second time 
/ Press Association 2014 
Agyness Deyn looked every inch the model bride as she exchanged vows with fiance Joel McAndrew. 
The British cover girl – who was previously married to actor Giovanni Ribisi – tied the knot with the hedge fund manager in the US. 
She shared a sweet snap of the pair on Instagram prior to the nuptials, writing: “I get to marry my best friend today.” 
Then her pal Henry Holland posted some snaps from the big day on his account, showing Aggy in a pale pink dress and blue shoes. 
Awww! Congrats Aggy.
</post>
<signature>

</signature>
<external_links>

</external_links>
<country>GB</country>
<main_image>http://www.ilkleygazette.co.uk/resources/images/5427987/</main_image>
</document>
