<?xml version="1.0" encoding="UTF-8"?>
<document>
<type>mainstream</type>
<forum>http://hihi2.com/category/football-news/feed</forum>
<forum_title>هاي كورةالأخبار – هاي كورة</forum_title>
<discussion_title>لاتسيو يقترب من ضم لاعب ليفربول</discussion_title>
<language>arabic</language>
<gmt_offset></gmt_offset>
<topic_url>http://hihi2.com/2016/08/29/p715012.html</topic_url>
<topic_text>
كتب في 2016/08/29 - 11:55 م - في قسم [ أخبار ليفربول , اخبار سوق الانتقالات ] لاتسيو يقترب من ضم لاعب ليفربول 

هاي كورة – اصبح لاتسيو على مقربة من الحصول على خدمات اللاعب لويس البرتو لاعب ليفربول خلال فترة الانتقالات الصيفية الحالية ولكي يعزز صفوف الفريق بالموسم الحالي. 
واوضحت التقارير الواردة من بريطانيا الى ان ادارة النسور اصبحت على مقربة من الحصول على خدمات اللاعب. 
وقد شارك اللاعب مع الريدز خلال 12 مباراة رفقة الريدز في جميع البطولات.
</topic_text>
<spam_score>0.00</spam_score>
<post_num>1</post_num>
<post_id>post-1</post_id>
<post_url>http://hihi2.com/2016/08/29/p715012.html</post_url>
<post_date>20160829</post_date>
<post_time>2055</post_time>
<username></username>
<post>
كتب في 2016/08/29 - 11:55 م - في قسم [ أخبار ليفربول , اخبار سوق الانتقالات ] لاتسيو يقترب من ضم لاعب ليفربول 

هاي كورة – اصبح لاتسيو على مقربة من الحصول على خدمات اللاعب لويس البرتو لاعب ليفربول خلال فترة الانتقالات الصيفية الحالية ولكي يعزز صفوف الفريق بالموسم الحالي. 
واوضحت التقارير الواردة من بريطانيا الى ان ادارة النسور اصبحت على مقربة من الحصول على خدمات اللاعب. 
وقد شارك اللاعب مع الريدز خلال 12 مباراة رفقة الريدز في جميع البطولات.
</post>
<signature>

</signature>
<external_links>

</external_links>
<country>FR</country>
<main_image>http://hihi2.com/wp-content/uploads/2016/08/hihi2_2016-08-29_20-51-11-200x150.jpg</main_image>
</document>
