<?xml version="1.0" encoding="UTF-8"?>
<document>
<type>mainstream</type>
<forum>http://hihi2.com/category/football-news/feed</forum>
<forum_title>هاي كورةالأخبار – هاي كورة</forum_title>
<discussion_title>سيلتا فيغو يقترب من حسم صفقة الصربي الكساندر !</discussion_title>
<language>arabic</language>
<gmt_offset></gmt_offset>
<topic_url>http://hihi2.com/2016/08/29/p715005.html</topic_url>
<topic_text>
كتب في 2016/08/29 - 11:58 م - في قسم [ اخبار سوق الانتقالات ] سيلتا فيغو يقترب من حسم صفقة الصربي الكساندر ! هاي كورة – وفقا لمصادر اعلامية عن الصحافة الاسبانية فإن نادي سيلتا فيغو يسعى للتعاقد مع أحد النجوم البارزة بالدوري الصربي الممتاز لتعزيز صفوف الفريق بسوق الانتقالات الصيفية الجارية .. واكدت نفس المصادر بأن النادي الاسباني دخل في مفاوضات جادة مع لاعب النجمة الحمراء لبلغراد الكسندر كيتاي لاعب وسط الميدان الذي ابدى رغبته الكبيرة باللعب في الدوري الاسباني ومن المرشح ان تتم الصفقة في قادم ساعات الميركاتو ..
</topic_text>
<spam_score>0.00</spam_score>
<post_num>1</post_num>
<post_id>post-1</post_id>
<post_url>http://hihi2.com/2016/08/29/p715005.html</post_url>
<post_date>20160829</post_date>
<post_time>2058</post_time>
<username></username>
<post>
كتب في 2016/08/29 - 11:58 م - في قسم [ اخبار سوق الانتقالات ] سيلتا فيغو يقترب من حسم صفقة الصربي الكساندر ! هاي كورة – وفقا لمصادر اعلامية عن الصحافة الاسبانية فإن نادي سيلتا فيغو يسعى للتعاقد مع أحد النجوم البارزة بالدوري الصربي الممتاز لتعزيز صفوف الفريق بسوق الانتقالات الصيفية الجارية .. واكدت نفس المصادر بأن النادي الاسباني دخل في مفاوضات جادة مع لاعب النجمة الحمراء لبلغراد الكسندر كيتاي لاعب وسط الميدان الذي ابدى رغبته الكبيرة باللعب في الدوري الاسباني ومن المرشح ان تتم الصفقة في قادم ساعات الميركاتو ..
</post>
<signature>

</signature>
<external_links>

</external_links>
<country>FR</country>
<main_image>http://hihi2.com/wp-content/uploads/2016/08/hihi2_2016-08-29_20-56-00-200x143.jpg</main_image>
</document>
