<?xml version="1.0" encoding="UTF-8"?>
<document>
<type>mainstream</type>
<forum>http://dailynewsglobal.com/feed/</forum>
<forum_title>Daily News Global</forum_title>
<discussion_title>Fishermen relieved Atlantic bluefin tuna dodges endangered species label</discussion_title>
<language>english</language>
<gmt_offset></gmt_offset>
<topic_url>http://dailynewsglobal.com/fishermen-relieved-atlantic-bluefin-tuna-dodges-endangered-species-label/</topic_url>
<topic_text>
  Fishermen relieved Atlantic bluefin tuna dodges endangered species label Fishermen relieved Atlantic bluefin tuna dodges endangered species label   
Canada’s Department of Fisheries and Oceans has rejected advice to list the Atlantic Bluefin tuna as an endangered species. Share This Post
</topic_text>
<spam_score>0.00</spam_score>
<post_num>1</post_num>
<post_id>post-1</post_id>
<post_url>http://dailynewsglobal.com/fishermen-relieved-atlantic-bluefin-tuna-dodges-endangered-species-label/</post_url>
<post_date>20160829</post_date>
<post_time>2047</post_time>
<username>John Mewrick</username>
<post>
  Fishermen relieved Atlantic bluefin tuna dodges endangered species label Fishermen relieved Atlantic bluefin tuna dodges endangered species label   
Canada’s Department of Fisheries and Oceans has rejected advice to list the Atlantic Bluefin tuna as an endangered species. Share This Post
</post>
<signature>

</signature>
<external_links>

</external_links>
<country>US</country>
<main_image></main_image>
</document>
