<?xml version="1.0" encoding="UTF-8"?>
<document>
<type>mainstream</type>
<forum>http://www.justjared.com/feed/</forum>
<forum_title>Just Jared</forum_title>
<discussion_title>NBC&apos;s Grimm to End After Season 6</discussion_title>
<language>english</language>
<gmt_offset></gmt_offset>
<topic_url>http://www.justjared.com/2016/08/29/nbcs-grimm-to-end-after-season-6/</topic_url>
<topic_text>
NBC&apos;s Grimm to End After Season 6 
NBC’s Grimm will end with the sixth season, TV Line reports. 
Season six of the show is set to debut mid-season on Friday (January 6) at 8/7c, and will only have 13 episodes for the last season. NBC trimmed the episode order from 22 to 13 back in April. Each of the previous five seasons contained 22 episodes. 
David Giuntoli, Sasha Roiz, Claire Coffee, Silas Weir Mitchell, Bree Turner, Bitsie Tulloch, Russell Hornsby and Reggie Lee star in the show. 
ARE YOU SAD to see Grimm cancelled at NBC after season 6??  
</topic_text>
<spam_score>0.00</spam_score>
<post_num>1</post_num>
<post_id>post-1</post_id>
<post_url>http://www.justjared.com/2016/08/29/nbcs-grimm-to-end-after-season-6/</post_url>
<post_date>20160829</post_date>
<post_time>2215</post_time>
<username>Just Jared</username>
<post>
NBC&apos;s Grimm to End After Season 6 
NBC’s Grimm will end with the sixth season, TV Line reports. 
Season six of the show is set to debut mid-season on Friday (January 6) at 8/7c, and will only have 13 episodes for the last season. NBC trimmed the episode order from 22 to 13 back in April. Each of the previous five seasons contained 22 episodes. 
David Giuntoli, Sasha Roiz, Claire Coffee, Silas Weir Mitchell, Bree Turner, Bitsie Tulloch, Russell Hornsby and Reggie Lee star in the show. 
ARE YOU SAD to see Grimm cancelled at NBC after season 6??  
</post>
<signature>

</signature>
<external_links>

</external_links>
<country>US</country>
<main_image>http://cdn01.cdn.justjared.com/wp-content/uploads/headlines/2016/08/grimm-cancelled.jpg</main_image>
</document>
