<?xml version="1.0" encoding="UTF-8"?>
<document>
<type>mainstream</type>
<forum>http://feeds.news24.com.ng/articles/nigeria/sport/rss</forum>
<forum_title>Nigeria Sport</forum_title>
<discussion_title>News24.com.ng | Kaka double gives Orlando 2-1 win, costs NYC top East spot</discussion_title>
<language>english</language>
<gmt_offset></gmt_offset>
<topic_url>http://www.news24.com.ng/Sport/Football/kaka-double-gives-orlando-2-1-win-costs-nyc-top-east-spot-20160829</topic_url>
<topic_text>
Kaka double gives Orlando 2-1 win, costs NYC top East spot 29 August 2016, 13:38 Liverpool can build team around Coutinho, says Kaka 
Orlando, Fla. — Kaka scored both goals as Orlando City beat New York City 2-1 on Sunday, preventing the Big Apple team from going top of Major League Soccer&apos;s Eastern Conference. 
NYC stayed two points behind East leader Toronto and is now only a point ahead of local rival New York after the Red Bulls defeated New England. 
Kaka opened the scoring in the 32nd minute but Steven Mendoza equalized for the visitors in the 55th minute when he knocked in a rebound from a saved shot. 
Kaka drew a penalty in the 63rd minute and the former Brazil star converted it himself to secure a win that moved Orlando within a point of the last playoff-yielding spot in the East. 
Also read : Kaka denied on penalty as Orlando draw with Union 
The Red Bulls moved onto NYC&apos;s tail by beating New England 1-0. 
The winner came in the 55th minute when Revolution goalkeeper parried a shot back into play and Bradley Wright-Phillips half-volleyed the rebound into the net for his 166th goal of the season. Wright-Phillips has 61 goals in 100 career MLS games. 
New York is undefeated in nine games while the Revolution has gone six games without a win. 
Portland beat regional rival Seattle 4-2, with all the Timbers goals coming in the first half. Portland now has sole possession of sixth place — the last playoff berth — in the West, four points ahead of the Sounders. 
  page. - AP
</topic_text>
<spam_score>0.00</spam_score>
<post_num>1</post_num>
<post_id>post-1</post_id>
<post_url>http://www.news24.com.ng/Sport/Football/kaka-double-gives-orlando-2-1-win-costs-nyc-top-east-spot-20160829</post_url>
<post_date>20160829</post_date>
<post_time>1238</post_time>
<username></username>
<post>
Kaka double gives Orlando 2-1 win, costs NYC top East spot 29 August 2016, 13:38 Liverpool can build team around Coutinho, says Kaka 
Orlando, Fla. — Kaka scored both goals as Orlando City beat New York City 2-1 on Sunday, preventing the Big Apple team from going top of Major League Soccer&apos;s Eastern Conference. 
NYC stayed two points behind East leader Toronto and is now only a point ahead of local rival New York after the Red Bulls defeated New England. 
Kaka opened the scoring in the 32nd minute but Steven Mendoza equalized for the visitors in the 55th minute when he knocked in a rebound from a saved shot. 
Kaka drew a penalty in the 63rd minute and the former Brazil star converted it himself to secure a win that moved Orlando within a point of the last playoff-yielding spot in the East. 
Also read : Kaka denied on penalty as Orlando draw with Union 
The Red Bulls moved onto NYC&apos;s tail by beating New England 1-0. 
The winner came in the 55th minute when Revolution goalkeeper parried a shot back into play and Bradley Wright-Phillips half-volleyed the rebound into the net for his 166th goal of the season. Wright-Phillips has 61 goals in 100 career MLS games. 
New York is undefeated in nine games while the Revolution has gone six games without a win. 
Portland beat regional rival Seattle 4-2, with all the Timbers goals coming in the first half. Portland now has sole possession of sixth place — the last playoff berth — in the West, four points ahead of the Sounders. 
  page. - AP
</post>
<signature>

</signature>
<external_links>

</external_links>
<country>NG</country>
<main_image>http://cdn.24.co.za/files/Cms/General/d/2701/3fd64b18db1948929c46f565586c9078.jpg</main_image>
</document>
