<?xml version="1.0" encoding="UTF-8"?>
<document>
<type>mainstream</type>
<forum>http://feeds.news24.com.ng/articles/nigeria/sport/rss</forum>
<forum_title>Nigeria Sport</forum_title>
<discussion_title>News24.com.ng | Madrid city demands 18.4 million euros from Real</discussion_title>
<language>english</language>
<gmt_offset></gmt_offset>
<topic_url>http://www.news24.com.ng/Sport/Football/madrid-city-demands-184-million-euros-from-real-20160829</topic_url>
<topic_text>
Madrid city demands 18.4 million euros from Real 29 August 2016, 21:33 Barcelona, Madrid set to tour Nigeria 
Madrid - The Madrid city government said Monday it will pursue Real Madrid for 18.4 million euros ($20.6 million) in illegal state aid that the European Commission ordered the club to repay. 
Real, Spanish champions Barcelona and other clubs were found to have received an &quot;unfair advantage&quot; by the commission in July due to tax breaks and overpriced land deals. 
&quot;The city hall will establish the measures necessary to carry out the decision of the European Commission to recover the aid of 18.4 million euros granted to Real Madrid,&quot; the local government said in a statement. 
&quot;At the start of September a two-month period given by Brussels to the city hall to present to the commission the total amount (total owed plus interest) to be recouped, a description of the measures adopted and the documents that show the club has been ordered to reimburse the aid will expire.&quot; 
Also read: Barcelona, Madrid set to tour Nigeria 
The club agreed to sell a plot of land to Madrid&apos;s government in 1998, a transaction that eventually was not completed. 
As compensation for failure to complete the deal, Real received 22.7 million euros from the state in 2011. 
The value of the land at the time of the initial agreement in 1998 was just 595,000 euros. 
The commission&apos;s investigation showed that Real Madrid were entitled to compensation of just 4.3 million euros, therefore obtaining an advantage of 18.4 million. 
The club have already signalled their intention to appeal the Commission&apos;s ruling to the European Court of Justice.   page. - AFP
</topic_text>
<spam_score>0.00</spam_score>
<post_num>1</post_num>
<post_id>post-1</post_id>
<post_url>http://www.news24.com.ng/Sport/Football/madrid-city-demands-184-million-euros-from-real-20160829</post_url>
<post_date>20160829</post_date>
<post_time>2033</post_time>
<username></username>
<post>
Madrid city demands 18.4 million euros from Real 29 August 2016, 21:33 Barcelona, Madrid set to tour Nigeria 
Madrid - The Madrid city government said Monday it will pursue Real Madrid for 18.4 million euros ($20.6 million) in illegal state aid that the European Commission ordered the club to repay. 
Real, Spanish champions Barcelona and other clubs were found to have received an &quot;unfair advantage&quot; by the commission in July due to tax breaks and overpriced land deals. 
&quot;The city hall will establish the measures necessary to carry out the decision of the European Commission to recover the aid of 18.4 million euros granted to Real Madrid,&quot; the local government said in a statement. 
&quot;At the start of September a two-month period given by Brussels to the city hall to present to the commission the total amount (total owed plus interest) to be recouped, a description of the measures adopted and the documents that show the club has been ordered to reimburse the aid will expire.&quot; 
Also read: Barcelona, Madrid set to tour Nigeria 
The club agreed to sell a plot of land to Madrid&apos;s government in 1998, a transaction that eventually was not completed. 
As compensation for failure to complete the deal, Real received 22.7 million euros from the state in 2011. 
The value of the land at the time of the initial agreement in 1998 was just 595,000 euros. 
The commission&apos;s investigation showed that Real Madrid were entitled to compensation of just 4.3 million euros, therefore obtaining an advantage of 18.4 million. 
The club have already signalled their intention to appeal the Commission&apos;s ruling to the European Court of Justice.   page. - AFP
</post>
<signature>

</signature>
<external_links>

</external_links>
<country>NG</country>
<main_image>http://cdn.24.co.za/files/Cms/General/d/2766/28c52f3b722e4bbcaa41abc3240a8ee7.jpg</main_image>
</document>
