<?xml version="1.0" encoding="UTF-8"?>
<document>
<type>mainstream</type>
<forum>http://feeds.news24.com.ng/articles/nigeria/sport/rss</forum>
<forum_title>Nigeria Sport</forum_title>
<discussion_title>News24.com.ng | West Brom pay record fee to land Chadli</discussion_title>
<language>english</language>
<gmt_offset></gmt_offset>
<topic_url>http://www.news24.com.ng/Sport/Football/west-brom-pay-record-fee-to-land-chadli-20160829</topic_url>
<topic_text>
West Brom pay record fee to land Chadli 29 August 2016, 21:33 West Brom too soon for Wilshere - Wenger 
London - West Bromwich Albion signed Tottenham winger Nacer Chadli for a reported club record fee of 13 million ($17 million, 15 million euros) on Monday. 
Chadli agreed a four-year contract at the Premier League club, but the Belgium international&apos;s fee is set to be eclipsed shortly if Albion complete their proposed 15 million deal for Malaga&apos;s Ignacio Camacho. 
Chadli, who spent three years struggling to hold down a first team berth at Tottenham, becomes only Albion manager Tony Pulis&apos;s third signing since the end of last season. 
&quot;I feel very good to be here. It came very quickly but I spoke to the club and they have a good team, a good manager and I am very pleased to be here,&quot; Chadli told Albion&apos;s website. 
&quot;My ambitions? I just want to help the team win as many games as possible.&quot; 
Also read : Tottenham&apos;s Chadli out for six weeks 
Pulis added: &quot;He&apos;s a top, top player and I&apos;m delighted we&apos;ve got him. I said last week that these signings all had to be about players who would improve our squad - and Nacer does precisely that.&quot; 
Chadli, 27, arrives after making 119 appearances and scoring 25 goals for Tottenham after joining from Twente for 7million. 
He played 40 times for Spurs last season but has not featured for Mauricio Pochettino&apos;s men this term. 
Albion have suffered transfer difficulties in recent weeks, with Pulis voicing his concerns over a lack of players several times. 
They pulled out of a 15 million deal for West Ham&apos;s Diafra Sakho in July over fears with his fitness, had several bids rejected by Leicester for Jeff Schlupp and have been chasing Southampton&apos;s Jay Rodriguez on loan. 
Chadli&apos;s arrival paves the way for Callum McManaman to leave, with Newcastle linked with the winger after Pulis confirmed he expects the former Wigan man to depart before Wednesday&apos;s transfer deadline.   page. - AFP
</topic_text>
<spam_score>0.00</spam_score>
<post_num>1</post_num>
<post_id>post-1</post_id>
<post_url>http://www.news24.com.ng/Sport/Football/west-brom-pay-record-fee-to-land-chadli-20160829</post_url>
<post_date>20160829</post_date>
<post_time>2033</post_time>
<username></username>
<post>
West Brom pay record fee to land Chadli 29 August 2016, 21:33 West Brom too soon for Wilshere - Wenger 
London - West Bromwich Albion signed Tottenham winger Nacer Chadli for a reported club record fee of 13 million ($17 million, 15 million euros) on Monday. 
Chadli agreed a four-year contract at the Premier League club, but the Belgium international&apos;s fee is set to be eclipsed shortly if Albion complete their proposed 15 million deal for Malaga&apos;s Ignacio Camacho. 
Chadli, who spent three years struggling to hold down a first team berth at Tottenham, becomes only Albion manager Tony Pulis&apos;s third signing since the end of last season. 
&quot;I feel very good to be here. It came very quickly but I spoke to the club and they have a good team, a good manager and I am very pleased to be here,&quot; Chadli told Albion&apos;s website. 
&quot;My ambitions? I just want to help the team win as many games as possible.&quot; 
Also read : Tottenham&apos;s Chadli out for six weeks 
Pulis added: &quot;He&apos;s a top, top player and I&apos;m delighted we&apos;ve got him. I said last week that these signings all had to be about players who would improve our squad - and Nacer does precisely that.&quot; 
Chadli, 27, arrives after making 119 appearances and scoring 25 goals for Tottenham after joining from Twente for 7million. 
He played 40 times for Spurs last season but has not featured for Mauricio Pochettino&apos;s men this term. 
Albion have suffered transfer difficulties in recent weeks, with Pulis voicing his concerns over a lack of players several times. 
They pulled out of a 15 million deal for West Ham&apos;s Diafra Sakho in July over fears with his fitness, had several bids rejected by Leicester for Jeff Schlupp and have been chasing Southampton&apos;s Jay Rodriguez on loan. 
Chadli&apos;s arrival paves the way for Callum McManaman to leave, with Newcastle linked with the winger after Pulis confirmed he expects the former Wigan man to depart before Wednesday&apos;s transfer deadline.   page. - AFP
</post>
<signature>

</signature>
<external_links>

</external_links>
<country>NG</country>
<main_image>http://cdn.24.co.za/files/Cms/General/d/2887/f77887e9642d4380bcc956605e049afa.jpg</main_image>
</document>
