<?xml version="1.0" encoding="UTF-8"?>
<document>
<type>mainstream</type>
<forum>http://feeds.news24.com.ng/articles/nigeria/sport/rss</forum>
<forum_title>Nigeria Sport</forum_title>
<discussion_title>News24.com.ng | Eguma says Rivers United better than Plateau</discussion_title>
<language>english</language>
<gmt_offset></gmt_offset>
<topic_url>http://www.news24.com.ng/Sport/Football/eguma-says-rivers-united-better-than-plateau-20160829</topic_url>
<topic_text>
Eguma says Rivers United better than Plateau 29 August 2016, 16:04 Rivers United coach wants 3SC scalp in Fed Cup 
Port Harcourt - Rivers United coach Stanley Eguma has said his side’s 2-0 win over Plateau United was because they were better than their opponent. 
Goals in either side of half time by Bernard Ovoke and Daniel Israel gave Rivers United a 2-0 victory over Plateau United on match day 33 of the Nigeria Professional Football League (NPFL). 
Ovoke converted a penalty in the 31st minute after Salomon Junior handled Guy Kuemian’s goal-bound effort in the 25th minute of the game played on Sunday. 
Substitute, Daniel Israel completed the scoring for the hosts at the Yakubu Gowon Stadium, Port Harcourt in the 84th minute to seal maximum points for the ‘Pride of Rivers’. 
Afterwards, the Plateau United head coach, Zachary Baraje said he was satisfied with the result. 
“Fantastic. It was a good game. The result stands no matter what I say and I take it. The result is okay,” Baraje said. 
The Rivers United technical manager, Stanley Eguma also spoke after the game. 
“I believe that the league is not over. If we keep working hard, we will maintain our position at the top till the end of the season. 
“For today, it was a hard fought victory but my players did well under the circumstance. 
“One side had to win and we were the better side,” he said. 
Rivers United is now in second place on the NPFL standings with 53 points from 32 matches. 
News24 reported that Coach of Shooting Stars Sports Club Gbenga Ogunbote admitted that Rivers United showed more maturity than his side in the Federation Cup Round of 16 tie. 
  page.
</topic_text>
<spam_score>0.00</spam_score>
<post_num>1</post_num>
<post_id>post-1</post_id>
<post_url>http://www.news24.com.ng/Sport/Football/eguma-says-rivers-united-better-than-plateau-20160829</post_url>
<post_date>20160829</post_date>
<post_time>1504</post_time>
<username></username>
<post>
Eguma says Rivers United better than Plateau 29 August 2016, 16:04 Rivers United coach wants 3SC scalp in Fed Cup 
Port Harcourt - Rivers United coach Stanley Eguma has said his side’s 2-0 win over Plateau United was because they were better than their opponent. 
Goals in either side of half time by Bernard Ovoke and Daniel Israel gave Rivers United a 2-0 victory over Plateau United on match day 33 of the Nigeria Professional Football League (NPFL). 
Ovoke converted a penalty in the 31st minute after Salomon Junior handled Guy Kuemian’s goal-bound effort in the 25th minute of the game played on Sunday. 
Substitute, Daniel Israel completed the scoring for the hosts at the Yakubu Gowon Stadium, Port Harcourt in the 84th minute to seal maximum points for the ‘Pride of Rivers’. 
Afterwards, the Plateau United head coach, Zachary Baraje said he was satisfied with the result. 
“Fantastic. It was a good game. The result stands no matter what I say and I take it. The result is okay,” Baraje said. 
The Rivers United technical manager, Stanley Eguma also spoke after the game. 
“I believe that the league is not over. If we keep working hard, we will maintain our position at the top till the end of the season. 
“For today, it was a hard fought victory but my players did well under the circumstance. 
“One side had to win and we were the better side,” he said. 
Rivers United is now in second place on the NPFL standings with 53 points from 32 matches. 
News24 reported that Coach of Shooting Stars Sports Club Gbenga Ogunbote admitted that Rivers United showed more maturity than his side in the Federation Cup Round of 16 tie. 
  page.
</post>
<signature>

</signature>
<external_links>

</external_links>
<country>NG</country>
<main_image>http://cdn.24.co.za/files/Cms/General/d/3863/834732dda4b14782b59b419c3f239540.jpg</main_image>
</document>
