<?xml version="1.0" encoding="UTF-8"?>
<document>
<type>mainstream</type>
<forum>http://sports.espn.go.com/espn/rss/news</forum>
<forum_title></forum_title>
<discussion_title>2016 US Open -- Men&apos;s first-round matches at National Tennis Center</discussion_title>
<language>english</language>
<gmt_offset></gmt_offset>
<topic_url>http://www.espn.com/tennis/usopen16/story/_/id/17416072/2016-us-open-men-first-round-matches-national-tennis-center</topic_url>
<topic_text>
2:11 PM ET ESPN.com news services NEW YORK -- Marin Cilic , the 2014 US Open champ, beat 108th-ranked Rogerio Dutra Silva on Monday and is through to the second round with a straight-set win.
The seventh-seeded Cilic won 6-4, 7-5, 6-1 despite posting more unforced errors than winners (24-23). Cilic is coming off his first Masters title, beating Andy Murray in the final at Cincinnati.
Dutra Silva is now 0-3 against top-10 players. He came in 3-3 in his career at the US Open and 0-5 in the other majors.
In another early match, Britain&apos;s Kyle Edmund , making his US Open debut, upset 13th-seeded Richard Gasquet 6-2, 6-2, 6-3.
The 21-year-old Edmund, ranked 84th, had 40 winners, 21 on his forehand. He has twice made it to the second round at the French Open.
Said Gasquet, the 2013 US Open semifinalist, hadn&apos;t lost in the first round at a major since 2010 at Roland Garros: &quot;Not sure I could do worse.&quot;
The Associated Press contributed to this report.
</topic_text>
<spam_score>0.00</spam_score>
<post_num>2</post_num>
<post_id>post-2</post_id>
<post_url>http://www.espn.com/tennis/usopen16/story/_/id/17416072/2016-us-open-men-first-round-matches-national-tennis-center</post_url>
<post_date>20160829</post_date>
<post_time>2220</post_time>
<username>Boriqua de Fajardo</username>
<post>
At 100% &amp; on point no one can beat Nadal. He is the scariest player when fully healthy.
</post>
<signature>

</signature>
<external_links>

</external_links>
<country>US</country>
<main_image>http://a2.espncdn.com/combiner/i?img=%2Fphoto%2F2016%2F0821%2Fr117475_1296x729_16%2D9.jpg</main_image>
</document>
