<?xml version="1.0" encoding="UTF-8"?>
<document>
<type>mainstream</type>
<forum>http://telekom-presse.at/telekom-presse.at/rss.asp</forum>
<forum_title>Telekom-Presse</forum_title>
<discussion_title>Samsung Game Tuner App verlängert Akkulaufzeit bei Games wie Pokemon GO</discussion_title>
<language>german</language>
<gmt_offset></gmt_offset>
<topic_url>http://www.telekom-presse.at/apps/samsung_game_tuner_app_verlaengert_akkulaufzeit_bei_games_wie_pokemon_go.id.35813.htm</topic_url>
<topic_text>
  F.   Apps Samsung Game Tuner reduziert Akkuverbrauch mit Pokemon GO Augmented Reality Games wie Pokemon GO oder Ingress sind wahre Akkufresser. Mit einer eigenen App hilft Samsung nun den Akkuverbrauch zu reduzieren. 
(29.08.2016, 10:50) Manche Games sind regelrechte Akku-Vernichter, ganz besonders alles was von Niantic Labs kommt. Der jüngste Spiele-Hit Pokémon GO kann einen Akku in zwei bis drei Stunden leer saugen, so man die Helligkeit wegen Sonnenlicht voll aufdrehen muss und die ganze Zeit unterwegs ist, also sowohl mobile Daten als auch GPS permanent beschäftigt. Auch das ältere Niantic AR Game Ingress ist berüchtigt für seine Fähigkeit den Akku blitzschnell zu leeren. 
Samsung hat das offenbar spitzgekriegt und empfiehlt nun die Verwendung der Game Tuner App. Richtig eingesetzt, verlängert diese die Akkulaufzeit beträchtlich. 
Der Game Tuner ist ein Paradoxon jüngster Smartphone Entwicklungen, vor allem bei den Flaggschiff Phones. Nicht zuletzt wegen der Spiele wurde die Auflösung der Displays gesteigert, QuadHD mit 1440 x 2560 ist bereits der Standard für Top Android Phones. 
Was macht der Game Tuner? Er setzt genau diese sinnlos hohe Auflösung herab, zum Beispiel auf HD mit 720 x 1280 Pixel und die Bildwiederholfrequenz von 60 auf 30 fps. Man kann das aus einer Reihe von vordefinierten Sparprofilen auswählen oder selbst welche definieren. 
Die App erkennt, welche Spiele am Phone gespeichert sind und schlägt diese vor. Aber nicht nur das, man kann grundsätzlich jede App in den Sparmodus einbeziehen. Sinnvoll ist das natürlich bei allen, wo die hohe Auflösung und Bildfrequenz genau gar nichts bringt, also fast bei jeder App. Ich habe bloß die Kamera und alles was mit Fotos zu tun hat nicht einbezogen. Dem Akku tut es gut, und das ist auch der einzige Unterschied, den zumindest ich feststellen kann. 
Der Game Tuner ist hier im Play Store zu finden. 
  Verwandte Themen
</topic_text>
<spam_score>0.00</spam_score>
<post_num>1</post_num>
<post_id>post-1</post_id>
<post_url>http://www.telekom-presse.at/apps/samsung_game_tuner_app_verlaengert_akkulaufzeit_bei_games_wie_pokemon_go.id.35813.htm</post_url>
<post_date>20160829</post_date>
<post_time>0900</post_time>
<username></username>
<post>
  F.   Apps Samsung Game Tuner reduziert Akkuverbrauch mit Pokemon GO Augmented Reality Games wie Pokemon GO oder Ingress sind wahre Akkufresser. Mit einer eigenen App hilft Samsung nun den Akkuverbrauch zu reduzieren. 
(29.08.2016, 10:50) Manche Games sind regelrechte Akku-Vernichter, ganz besonders alles was von Niantic Labs kommt. Der jüngste Spiele-Hit Pokémon GO kann einen Akku in zwei bis drei Stunden leer saugen, so man die Helligkeit wegen Sonnenlicht voll aufdrehen muss und die ganze Zeit unterwegs ist, also sowohl mobile Daten als auch GPS permanent beschäftigt. Auch das ältere Niantic AR Game Ingress ist berüchtigt für seine Fähigkeit den Akku blitzschnell zu leeren. 
Samsung hat das offenbar spitzgekriegt und empfiehlt nun die Verwendung der Game Tuner App. Richtig eingesetzt, verlängert diese die Akkulaufzeit beträchtlich. 
Der Game Tuner ist ein Paradoxon jüngster Smartphone Entwicklungen, vor allem bei den Flaggschiff Phones. Nicht zuletzt wegen der Spiele wurde die Auflösung der Displays gesteigert, QuadHD mit 1440 x 2560 ist bereits der Standard für Top Android Phones. 
Was macht der Game Tuner? Er setzt genau diese sinnlos hohe Auflösung herab, zum Beispiel auf HD mit 720 x 1280 Pixel und die Bildwiederholfrequenz von 60 auf 30 fps. Man kann das aus einer Reihe von vordefinierten Sparprofilen auswählen oder selbst welche definieren. 
Die App erkennt, welche Spiele am Phone gespeichert sind und schlägt diese vor. Aber nicht nur das, man kann grundsätzlich jede App in den Sparmodus einbeziehen. Sinnvoll ist das natürlich bei allen, wo die hohe Auflösung und Bildfrequenz genau gar nichts bringt, also fast bei jeder App. Ich habe bloß die Kamera und alles was mit Fotos zu tun hat nicht einbezogen. Dem Akku tut es gut, und das ist auch der einzige Unterschied, den zumindest ich feststellen kann. 
Der Game Tuner ist hier im Play Store zu finden. 
  Verwandte Themen
</post>
<signature>

</signature>
<external_links>

</external_links>
<country>AT</country>
<main_image>http://www.telekom-presse.at/bilder/00aapqy95nlu_0.jpg</main_image>
</document>
