<?xml version="1.0" encoding="UTF-8"?>
<document>
<type>mainstream</type>
<forum>http://audioboom.com/boos/everyone.rss</forum>
<forum_title>audioBoom</forum_title>
<discussion_title>Episode 237: Tony Romo&apos;s Bones Are Peeled Bananas</discussion_title>
<language>english</language>
<gmt_offset></gmt_offset>
<topic_url>https://audioboom.com/boos/4988258-episode-237-tony-romo-s-bones-are-peeled-bananas</topic_url>
<topic_text>
&lt;iframe width=&quot;100%&quot; height=&quot;300&quot; style=&quot;background-color:transparent; display:block; max-width: 700px;&quot; frameborder=&quot;0&quot; allowtransparency=&quot;allowtransparency&quot; scrolling=&quot;no&quot; src=&quot;//embeds.audioboom.com/boos/4988258-episode-237-tony-romo-s-bones-are-peeled-bananas/embed/v4?eid=AQAAAPK2xFdiHUwA&quot; title=&quot;audioBoom player&quot;&gt;&lt;/iframe&gt; Share on Facebook twitter 
Andy Ruther &amp; Joe Praino open the show by describing Venice Beach and what it&apos;s like to live there. Then they have a lengthy conversation about Colin Kaepernick&apos;s refusal to stand for the National Anthem. Next they discuss Tony Romo&apos;s broken back and Dak Prescot&apos;s potential. They continue the NFL talk by discussing Odell Beckham Jr&apos;s latest video, Trevor Siemian being named the Broncos starting QB, and Joey Bosa signing with the Chargers. Then Andy &amp; Joe discuss the running clock that Ohio HS football is now using for blowouts. Next they talk MLB and which franchise player they&apos;d build their team around. They finish the show with DirtBall calls. 
Watch Ruther Pitch tickets (Section 110): www.reds.com/rutherpitch 
T-shirts are available at: www.districtlines.com/Dirty-Sports-Podcast 
Check out the website at www.dirtysports.com 
Seat Geek - Promo Code &quot;Dirty&quot; 
Follow us on Twitter/Instagram/Snapchat/Periscope - @thedirtysports 
Follow Andy Ruther on Twitter - @andyruther 
Follow Joe Praino on Twitter - @fixyourlife
</topic_text>
<spam_score>0.00</spam_score>
<post_num>1</post_num>
<post_id>post-1</post_id>
<post_url>https://audioboom.com/boos/4988258-episode-237-tony-romo-s-bones-are-peeled-bananas</post_url>
<post_date>20160829</post_date>
<post_time>2121</post_time>
<username>Dirty Sports Podcast</username>
<post>
&lt;iframe width=&quot;100%&quot; height=&quot;300&quot; style=&quot;background-color:transparent; display:block; max-width: 700px;&quot; frameborder=&quot;0&quot; allowtransparency=&quot;allowtransparency&quot; scrolling=&quot;no&quot; src=&quot;//embeds.audioboom.com/boos/4988258-episode-237-tony-romo-s-bones-are-peeled-bananas/embed/v4?eid=AQAAAPK2xFdiHUwA&quot; title=&quot;audioBoom player&quot;&gt;&lt;/iframe&gt; Share on Facebook twitter 
Andy Ruther &amp; Joe Praino open the show by describing Venice Beach and what it&apos;s like to live there. Then they have a lengthy conversation about Colin Kaepernick&apos;s refusal to stand for the National Anthem. Next they discuss Tony Romo&apos;s broken back and Dak Prescot&apos;s potential. They continue the NFL talk by discussing Odell Beckham Jr&apos;s latest video, Trevor Siemian being named the Broncos starting QB, and Joey Bosa signing with the Chargers. Then Andy &amp; Joe discuss the running clock that Ohio HS football is now using for blowouts. Next they talk MLB and which franchise player they&apos;d build their team around. They finish the show with DirtBall calls. 
Watch Ruther Pitch tickets (Section 110): www.reds.com/rutherpitch 
T-shirts are available at: www.districtlines.com/Dirty-Sports-Podcast 
Check out the website at www.dirtysports.com 
Seat Geek - Promo Code &quot;Dirty&quot; 
Follow us on Twitter/Instagram/Snapchat/Periscope - @thedirtysports 
Follow Andy Ruther on Twitter - @andyruther 
Follow Joe Praino on Twitter - @fixyourlife
</post>
<signature>

</signature>
<external_links>

</external_links>
<country>GB</country>
<main_image>https://d15mj6e6qmt1na.cloudfront.net/files/images/2398/9406/artworks-000179411583-elwbha-original.jpg</main_image>
</document>
