<?xml version="1.0" encoding="UTF-8"?>
<document>
<type>mainstream</type>
<forum>http://www.seguromedico.es/feed/</forum>
<forum_title>Seguro Médico</forum_title>
<discussion_title>Alimentos para las agujetas</discussion_title>
<language>spanish</language>
<gmt_offset></gmt_offset>
<topic_url>http://www.seguromedico.es/alimentos-para-las-agujetas/</topic_url>
<topic_text>
Alimentos para las agujetas Publicado el 26/08/2016 Cuando empezamos a practicar algún deporte o después de tomarnos un tiempo muerto en nuestra rutina deportiva y retomarla después de un período de inactividad, pasadas unas horas tras el ejercicio aparecen las temidas agujetas que nos causan dolor al movernos, reírnos e incluso al toser o estornudar. Aunque sólo sintamos el dolor pocos días, con una alimentación adecuada podemos conseguir que sea más llevadero y no tan molesto. Las agujetas… Le damos este nombre al dolor muscular que aparece como consecuencia del sobreesfuerzo en los músculos, que provoca micro-roturas en el tejido muscular, dando lugar a un proceso inflamatorio que es el que provoca el dolor. Las agujetas son de aparición tardía, a las 24-48 horas después de un ejercicio de intensidad no habitual. Cómo mitigarlas mediante alimentos Al causar una inflamación y activar los receptores del dolor, lo principal en la alimentación es escoger aquellos alimentos con propiedades antiinflamatorias. Asimismo, potenciar los que aportan antioxidantes para contrarrestar los efectos oxidativos de la inflamación. Para reparar las fibras musculares y favorecer la síntesis proteica, se han de proporcionar cantidades adecuadas de hidratos de carbono y proteínas y, por último, hidratar correctamente el cuerpo, pues la deshidratación y pérdida de electrolitos y magnesio genera debilidad muscular y calambres. Los alimentos más aconsejados: Antiinflamatorios: alimentos ricos en omega-3 (atún, salmón, sardina, nueces, semillas de lino y chía…), jengibre, canela, cúrcuma… Evitar aquellos proinflamatorios ricos en grasas saturadas y trans (productos industriales, embutidos, mantequilla…). Antioxidantes (vitamina C y E): naranja, limón, fresa, papaya, kiwi, albaricoque, mango, aguacate, semillas de girasol, almendras, aceite de oliva virgen, huevo… Hidratos de carbono y proteínas: pan, pasta, arroz, patata, pescado blanco y azul, carnes magras (pollo, pavo, lomo de cerdo, conejo), huevo… Hidratación y mineralización: agua, bebidas isotónicas, plátano, hierbas aromáticas secas, acelgas, espinacas, patata, frutos secos y semillas… Cómo prevenirlas Para prevenir las agujetas hay que evitar los entrenamientos de mucha intensidad en las primeras sesiones y realizar ejercicio de forma suave y progresiva, calentando antes del ejercicio y estirando los músculos después. Es importante practicarlo con regularidad e hidratarse bien en cada sesión, además de seguir una correcta alimentación.
</topic_text>
<spam_score>0.00</spam_score>
<post_num>1</post_num>
<post_id>post-1</post_id>
<post_url>http://www.seguromedico.es/alimentos-para-las-agujetas/</post_url>
<post_date>20160826</post_date>
<post_time>0612</post_time>
<username>anagarcia</username>
<post>
Alimentos para las agujetas Publicado el 26/08/2016 Cuando empezamos a practicar algún deporte o después de tomarnos un tiempo muerto en nuestra rutina deportiva y retomarla después de un período de inactividad, pasadas unas horas tras el ejercicio aparecen las temidas agujetas que nos causan dolor al movernos, reírnos e incluso al toser o estornudar. Aunque sólo sintamos el dolor pocos días, con una alimentación adecuada podemos conseguir que sea más llevadero y no tan molesto. Las agujetas… Le damos este nombre al dolor muscular que aparece como consecuencia del sobreesfuerzo en los músculos, que provoca micro-roturas en el tejido muscular, dando lugar a un proceso inflamatorio que es el que provoca el dolor. Las agujetas son de aparición tardía, a las 24-48 horas después de un ejercicio de intensidad no habitual. Cómo mitigarlas mediante alimentos Al causar una inflamación y activar los receptores del dolor, lo principal en la alimentación es escoger aquellos alimentos con propiedades antiinflamatorias. Asimismo, potenciar los que aportan antioxidantes para contrarrestar los efectos oxidativos de la inflamación. Para reparar las fibras musculares y favorecer la síntesis proteica, se han de proporcionar cantidades adecuadas de hidratos de carbono y proteínas y, por último, hidratar correctamente el cuerpo, pues la deshidratación y pérdida de electrolitos y magnesio genera debilidad muscular y calambres. Los alimentos más aconsejados: Antiinflamatorios: alimentos ricos en omega-3 (atún, salmón, sardina, nueces, semillas de lino y chía…), jengibre, canela, cúrcuma… Evitar aquellos proinflamatorios ricos en grasas saturadas y trans (productos industriales, embutidos, mantequilla…). Antioxidantes (vitamina C y E): naranja, limón, fresa, papaya, kiwi, albaricoque, mango, aguacate, semillas de girasol, almendras, aceite de oliva virgen, huevo… Hidratos de carbono y proteínas: pan, pasta, arroz, patata, pescado blanco y azul, carnes magras (pollo, pavo, lomo de cerdo, conejo), huevo… Hidratación y mineralización: agua, bebidas isotónicas, plátano, hierbas aromáticas secas, acelgas, espinacas, patata, frutos secos y semillas… Cómo prevenirlas Para prevenir las agujetas hay que evitar los entrenamientos de mucha intensidad en las primeras sesiones y realizar ejercicio de forma suave y progresiva, calentando antes del ejercicio y estirando los músculos después. Es importante practicarlo con regularidad e hidratarse bien en cada sesión, además de seguir una correcta alimentación.
</post>
<signature>

</signature>
<external_links>

</external_links>
<country>ES</country>
<main_image>http://www.seguromedico.es/wp-content/uploads/2016/07/hombre_deporte.jpg</main_image>
</document>
