<?xml version="1.0" encoding="UTF-8"?>
<document>
<type>mainstream</type>
<forum>http://feeds.news24.com.ng/articles/nigeria/sport/rss</forum>
<forum_title>Nigeria Sport</forum_title>
<discussion_title>News24.com.ng | Adedipe’s late strike secures point for Sunshine Stars</discussion_title>
<language>english</language>
<gmt_offset></gmt_offset>
<topic_url>http://www.news24.com.ng/Sport/Football/adedipes-late-strike-secures-point-for-sunshine-stars-20160829</topic_url>
<topic_text>
Sunshine Stars beat visiting Wikki Tourists 3-1 
Akure - Sunshine Stars of Akure utility player, Kehinde Adedipe saved his side from home defeat by scoring in stoppage time against Heartland of Owerri to secure a 1-1 draw in a week 33 Nigeria Professional League match. 
The visiting Heartland had scored few minutes to the end of the game through Chidiebere Ajoku and looked good to get the three points. 
Also read : Sunshine Stars beat visiting Wikki Tourists 3-1 
However, Adedipe, a graduate of Rising Stars football academy, rose to the occasion and got the needed equaliser for his side at stoppage time. 
Sunshine Stars will now play Kano Pillars in the week 34 of the NPFL at the Sani Abacha Stadium, Kano. 
- NAN 
  page. - NAN
</topic_text>
<spam_score>0.00</spam_score>
<post_num>1</post_num>
<post_id>post-1</post_id>
<post_url>http://www.news24.com.ng/Sport/Football/adedipes-late-strike-secures-point-for-sunshine-stars-20160829</post_url>
<post_date>20160829</post_date>
<post_time>1238</post_time>
<username></username>
<post>
Sunshine Stars beat visiting Wikki Tourists 3-1 
Akure - Sunshine Stars of Akure utility player, Kehinde Adedipe saved his side from home defeat by scoring in stoppage time against Heartland of Owerri to secure a 1-1 draw in a week 33 Nigeria Professional League match. 
The visiting Heartland had scored few minutes to the end of the game through Chidiebere Ajoku and looked good to get the three points. 
Also read : Sunshine Stars beat visiting Wikki Tourists 3-1 
However, Adedipe, a graduate of Rising Stars football academy, rose to the occasion and got the needed equaliser for his side at stoppage time. 
Sunshine Stars will now play Kano Pillars in the week 34 of the NPFL at the Sani Abacha Stadium, Kano. 
- NAN 
  page. - NAN
</post>
<signature>

</signature>
<external_links>

</external_links>
<country>NG</country>
<main_image>http://cdn.24.co.za/files/Cms/General/d/204/f3d27e79910c420c86fecaee05a0b402.gif</main_image>
</document>
