<?xml version="1.0" encoding="UTF-8"?>
<document>
<type>mainstream</type>
<forum></forum>
<forum_title></forum_title>
<discussion_title>EVA Air: World&apos;s 3rd Most Loved Airline - Cheese Traveller</discussion_title>
<language>english</language>
<gmt_offset></gmt_offset>
<topic_url>http://www.cheesetraveller.com/eva-air-worlds-3rd-loved-airline/</topic_url>
<topic_text>
EVA Air: World’s 3rd Most Loved Airline EVA Air: World’s 3rd Most Loved Airline by Epaminondas Dimitriadis August 29, 2016 Airlines 0 37 
The world’s third Most Loved Airline is EVA Air , Taiwan’s first privately owned international airline according to the global airline quality ratings website SKYTRAX . Travelers were invited to rate overall flight experiences among more than 420 carriers worldwide and ranked the Most Loved Airlines on an aggregate of those passenger scores. Of the World’s Top-10 Most Loved Airlines , eight are Asia -based. All 80 of the airlines on SKYTRAX’s Most Loved list received a minimum of 225 reviews and traveler scores. Using a scale of one-to-10, travelers rated their flights in eight categories, including seat comfort, onboard services, food and beverages, inflight entertainment, onboard Wi-Fi, airport services and value for the money spent. Garuda Indonesia is number one based on an 85% satisfaction score, Asiana Airlines second with 83% and EVA third at 81%. 
Quality service with emphasis on passenger comfort is an EVA priority. It makes consideration, interaction and mindfulness key to frontline delivery on the ground and in the air. SKYTRAX elevated EVA to the elite ranks of the world’s 5-Star Airlines earlier this summer. The quality-focused website began rating EVA in 2008, immediately awarding it four stars and recognizing the airline’s high product standards and staff services across different cabin classes inflight and at the airline’s main hub, Taoyuan International Airport near Taipei . SKYTRAX also ranked EVA number one for Best Airline Cabin Cleanliness in 2015, Best Trans-Pacific Airline and Best Business Class Comforts and Amenities for 2016, and one of the World’s Top-10 Best Airlines for 2015 and 2016. 
AirlineRatings.com recognized it as a carrier of choice among the World’s Top-10 Airlines for 2015 and 2016 and rated its Elite and Economy Classes in the world’s top-10 “best for economy plus and economy class travel for 2015.” Travel + Leisure readers ranked it among the World’s Best Top 10 International Airlines in 2012 and 2016. 
About EVA Air EVA Air , a Star Alliance member, is known for high service and safety standards. The carrier was established in 1989 as Taiwan’s first privately owned international airline. It is part of the respected Evergreen Group and a sister company to global container-shipping leader Evergreen Line. It flies a fleet of more than 70 Boeing and Airbus aircraft to over 60 destinations throughout Asia , Oceania, Europe and North America where gateways are Houston , Los Angeles , New York , San Francisco , Seattle , Toronto , Vancouver and, starting on Nov. 3 , Chicago . With just one easy stop in Taipei , travelers can connect onward to most major cities throughout Asia , including 30 destinations in Mainland China. Travelers can learn more about EVA’s schedule and book and buy tickets at www.evaair.com . 

</topic_text>
<spam_score>0.05</spam_score>
<post_num>1</post_num>
<post_id>post-1</post_id>
<post_url>http://www.cheesetraveller.com/eva-air-worlds-3rd-loved-airline/</post_url>
<post_date>20160829</post_date>
<post_time></post_time>
<username></username>
<post>
EVA Air: World’s 3rd Most Loved Airline EVA Air: World’s 3rd Most Loved Airline by Epaminondas Dimitriadis August 29, 2016 Airlines 0 37 
The world’s third Most Loved Airline is EVA Air , Taiwan’s first privately owned international airline according to the global airline quality ratings website SKYTRAX . Travelers were invited to rate overall flight experiences among more than 420 carriers worldwide and ranked the Most Loved Airlines on an aggregate of those passenger scores. Of the World’s Top-10 Most Loved Airlines , eight are Asia -based. All 80 of the airlines on SKYTRAX’s Most Loved list received a minimum of 225 reviews and traveler scores. Using a scale of one-to-10, travelers rated their flights in eight categories, including seat comfort, onboard services, food and beverages, inflight entertainment, onboard Wi-Fi, airport services and value for the money spent. Garuda Indonesia is number one based on an 85% satisfaction score, Asiana Airlines second with 83% and EVA third at 81%. 
Quality service with emphasis on passenger comfort is an EVA priority. It makes consideration, interaction and mindfulness key to frontline delivery on the ground and in the air. SKYTRAX elevated EVA to the elite ranks of the world’s 5-Star Airlines earlier this summer. The quality-focused website began rating EVA in 2008, immediately awarding it four stars and recognizing the airline’s high product standards and staff services across different cabin classes inflight and at the airline’s main hub, Taoyuan International Airport near Taipei . SKYTRAX also ranked EVA number one for Best Airline Cabin Cleanliness in 2015, Best Trans-Pacific Airline and Best Business Class Comforts and Amenities for 2016, and one of the World’s Top-10 Best Airlines for 2015 and 2016. 
AirlineRatings.com recognized it as a carrier of choice among the World’s Top-10 Airlines for 2015 and 2016 and rated its Elite and Economy Classes in the world’s top-10 “best for economy plus and economy class travel for 2015.” Travel + Leisure readers ranked it among the World’s Best Top 10 International Airlines in 2012 and 2016. 
About EVA Air EVA Air , a Star Alliance member, is known for high service and safety standards. The carrier was established in 1989 as Taiwan’s first privately owned international airline. It is part of the respected Evergreen Group and a sister company to global container-shipping leader Evergreen Line. It flies a fleet of more than 70 Boeing and Airbus aircraft to over 60 destinations throughout Asia , Oceania, Europe and North America where gateways are Houston , Los Angeles , New York , San Francisco , Seattle , Toronto , Vancouver and, starting on Nov. 3 , Chicago . With just one easy stop in Taipei , travelers can connect onward to most major cities throughout Asia , including 30 destinations in Mainland China. Travelers can learn more about EVA’s schedule and book and buy tickets at www.evaair.com . 

</post>
<signature>

</signature>
<external_links>

</external_links>
<country>US</country>
<main_image>http://www.cheesetraveller.com/wp-content/uploads/2016/08/EVA-Air.jpg</main_image>
</document>
