<?xml version="1.0" encoding="UTF-8"?>
<document>
<type>mainstream</type>
<forum>http://www.prweb.com/rss2/lsfashion.xml</forum>
<forum_title>Lifestyle: Fashion</forum_title>
<discussion_title>A Bead In Time Jewelry to Participate in Luxury Celebrity Gift Lounge in Honor of the 2016 Primetime Emmys Nominees and Presenters</discussion_title>
<language>english</language>
<gmt_offset></gmt_offset>
<topic_url>http://www.prweb.com/releases/2016/08/prweb13629241.htm</topic_url>
<topic_text>
We are pleased to announce A Bead In Time Jewelry, in association with The Artisan Group, will participate in an invitation-only luxury celebrity gift lounge hosted by GBK Productions on September 16-17, 2016 at an exclusive location in Beverly Hills, California in honor of the Primetime Emmys nominees and presenters. Select press and media attendees will receive our Mother-of-Pearl necklace in their swag bags.
To learn more about A Bead In Time Jewelry and our products, visit http://www.etsy.com/shop/ABeadInTimeJewelry or email delli10(at)aol(dot)com.
Dale A. Ellison, A Bead In Time Jewelry&apos;s sole proprietor, is a resident of Austin, Texas.
ABOUT THE ARTISAN GROUP
The Artisan Group® ( http://www.theartisangroup.org ) is a premier entertainment marketing group dedicated to representing small business artisans at the best celebrity gift lounges and press events. The organization provides a collective sampling of handcrafted products to celebrities and members of the press at top luxury gift lounges such as those leading up to The Academy Awards, The Golden Globes, The MTV Movie Awards and The Primetime Emmys.
The Artisan Group also coordinates product placement of its member&apos;s handcrafted products on such hit television shows as Scandal, The Voice, The Vampire Diaries, Days of Our Lives, The Young &amp; the Restless, Modern Family, Jane The Virgin and Law &amp; Order: SVU, among others. Membership in The Artisan Group is juried and by invitation only.
For press inquiries regarding The Artisan Group, please visit http://www.theartisangroup.org or email press(at)theartisangroup(dot)org.
Neither A Bead In Time Jewelry, nor The Artisan Group are officially affiliated with The Academy of Television Arts &amp; Sciences (The Emmys or The Primetime Emmys).
</topic_text>
<spam_score>1.00</spam_score>
<post_num>1</post_num>
<post_id>post-1</post_id>
<post_url>http://www.prweb.com/releases/2016/08/prweb13629241.htm</post_url>
<post_date>20160823</post_date>
<post_time></post_time>
<username>Dale Ellison</username>
<post>
We are pleased to announce A Bead In Time Jewelry, in association with The Artisan Group, will participate in an invitation-only luxury celebrity gift lounge hosted by GBK Productions on September 16-17, 2016 at an exclusive location in Beverly Hills, California in honor of the Primetime Emmys nominees and presenters. Select press and media attendees will receive our Mother-of-Pearl necklace in their swag bags.
To learn more about A Bead In Time Jewelry and our products, visit http://www.etsy.com/shop/ABeadInTimeJewelry or email delli10(at)aol(dot)com.
Dale A. Ellison, A Bead In Time Jewelry&apos;s sole proprietor, is a resident of Austin, Texas.
ABOUT THE ARTISAN GROUP
The Artisan Group® ( http://www.theartisangroup.org ) is a premier entertainment marketing group dedicated to representing small business artisans at the best celebrity gift lounges and press events. The organization provides a collective sampling of handcrafted products to celebrities and members of the press at top luxury gift lounges such as those leading up to The Academy Awards, The Golden Globes, The MTV Movie Awards and The Primetime Emmys.
The Artisan Group also coordinates product placement of its member&apos;s handcrafted products on such hit television shows as Scandal, The Voice, The Vampire Diaries, Days of Our Lives, The Young &amp; the Restless, Modern Family, Jane The Virgin and Law &amp; Order: SVU, among others. Membership in The Artisan Group is juried and by invitation only.
For press inquiries regarding The Artisan Group, please visit http://www.theartisangroup.org or email press(at)theartisangroup(dot)org.
Neither A Bead In Time Jewelry, nor The Artisan Group are officially affiliated with The Academy of Television Arts &amp; Sciences (The Emmys or The Primetime Emmys).
</post>
<signature>

</signature>
<external_links>
<external_link>http://www.prweb.net/Redirect.aspx?id=aHR0cDovL3d3dy5ldHN5LmNvbS9zaG9wL0FCZWFkSW5UaW1lSmV3ZWxyeQ==</external_link><external_link>http://www.prweb.net/Redirect.aspx?id=aHR0cDovL3d3dy50aGVhcnRpc2FuZ3JvdXAub3Jn</external_link><external_link>http://www.etsy.com/shop/ABeadInTimeJewelry</external_link>
</external_links>
<country>US</country>
<main_image></main_image>
</document>
