<?xml version="1.0" encoding="UTF-8"?>
<document>
<type>mainstream</type>
<forum>http://www.mittelstand-nachrichten.de/feed/</forum>
<forum_title>Mittelstand-Nachrichten</forum_title>
<discussion_title>Längste smart Parade zieht mit über 1.600 Fahrzeugen durch Hamburg</discussion_title>
<language>german</language>
<gmt_offset></gmt_offset>
<topic_url>http://www.mittelstand-nachrichten.de/mobil/laengste-smart-parade-zieht-mit-ueber-1-600-fahrzeugen-durch-hamburg-20160829.html</topic_url>
<topic_text>
Längste smart Parade zieht mit über 1.600... Längste smart Parade zieht mit über 1.600 Fahrzeugen durch Hamburg 29. August 2016   Mobil Hamburg / Stuttgart – Roadster, Coupé oder Cabrio? Benziner, Diesel oder Elektroantrieb? Zwei- oder Viersitzer? Sonder- oder Serienmodell? Die Vielfalt der smart Fahrzeuge kennt keine Grenzen. Das zeigten 3.167 smart Fans aus aller Welt eindrucksvoll bei den 16. smart times, die erstmals in Deutschland stattfanden. Vom 26. bis 27. August 2016 feierte die weltweite smart Fangemeinde ihre Kultmarke in Hamburg und verwandelte das Gelände des Großmarkts dabei in ein Festival des urbanen Lifestyles – mit Musik, Streetfood, smart Flohmarkt, einem Fahrzeug-Parcours und einem Besuch der beiden Beachvolleyball-Goldmädels Laura Ludwig und Kira Walkenhorst. Höhepunkt war die traditionelle Schlussparade; 1.635 smart Fahrzeuge fuhren in einem Korso durch die Straßen der Hansestadt. Das ist nicht nur viel – das ist der neue Rekord der smart times. Geschlagen wurde damit der bisherige Höchststand von 1.427 Fahrzeugen in Cascais, Portugal vor zwei Jahren. Die Chance auf neue Rekorde hat im nächsten Jahr die spanische Stadt Salou : denn dort wird die smart times 2017 ihre Pforten für die smart Community öffnen. Quelle: Daimler AG Seit 2001 lockt das einzigartige Treffen smart Freunde aus aller Welt jedes Jahr in eine andere europäische Stadt. Ein Wochenende lang können sie ihre Leidenschaft für das perfekte Stadtauto und den Spirit der Marke miteinander teilen, sich mit Designern, Tunern und Experten austauschen, gemeinsam die Stadt erkunden, Ausflüge in die Region unternehmen und verschiedene Music-Acts live erleben. Die diesjährigen smart times in Hamburg begeisterten die Fans beispielsweise durch Testfahrten mit den aktuellen smart Modellen, der Vorstellung neuer Serviceangebote wie „smart ready to drop“, Ausflüge an den Strand von Sankt Peter-Ording, einen erlebnisreichen Fahrzeug-Parcours, abendliche Partys und Live-Auftritte von lokalen und internationalen Künstlern. Einen glänzenden und überraschenden Auftritt gab es am Freitagabend. Mit einem goldenen smart cabrio fuhr das erfolgreiche deutsche Beachvolleyballteam Laura Ludwig und Kira Walkenhorst auf die smart times Bühne – danach konnten sich Fans außerdem noch Autogramme der beiden „Golden Girls“ sichern. Besonders spannend für die Teilnehmer und für interessierte Besucher aus der Stadt: Die Gegend rund um den Hamburger Großmarkt präsentierte sich als Flaniermeile für automobile Leidenschaft und Kreativität. Vom smart als „Papa-Mobil“ über den Stadtflitzer in knalligem Pink oder in Holzoptik bis hin zum rassigen Renn- und zum vielseitigen Gelände-smart zeigten 2.053 Fahrzeuge vor Ort eindrucksvoll die schier unendlichen Möglichkeiten zur Individualisierung des Kultautos. Den Höhepunkt der Veranstaltung bildete wie in jedem Jahr die smart Parade am Samstag: Mit 1.635 smart Fahrzeugen fuhren die Fans durch die Hansestadt und wurden von den Hamburgern bejubelt. Auf der abschließenden Abendveranstaltung gab es dann vor allem für die smart Fans aus Spanien einen zusätzlichen Grund zum Feiern: Im nächsten Jahr trifft sich die weltweite Fangemeinde in ihrem Land in Salou, um den kleinen Stadtflitzer ein Wochenende lang ganz groß zu feiern. Quelle: Daimler AG
</topic_text>
<spam_score>0.00</spam_score>
<post_num>1</post_num>
<post_id>post-1</post_id>
<post_url>http://www.mittelstand-nachrichten.de/mobil/laengste-smart-parade-zieht-mit-ueber-1-600-fahrzeugen-durch-hamburg-20160829.html</post_url>
<post_date>20160829</post_date>
<post_time>1312</post_time>
<username>Despina Tagkalidou</username>
<post>
Längste smart Parade zieht mit über 1.600... Längste smart Parade zieht mit über 1.600 Fahrzeugen durch Hamburg 29. August 2016   Mobil Hamburg / Stuttgart – Roadster, Coupé oder Cabrio? Benziner, Diesel oder Elektroantrieb? Zwei- oder Viersitzer? Sonder- oder Serienmodell? Die Vielfalt der smart Fahrzeuge kennt keine Grenzen. Das zeigten 3.167 smart Fans aus aller Welt eindrucksvoll bei den 16. smart times, die erstmals in Deutschland stattfanden. Vom 26. bis 27. August 2016 feierte die weltweite smart Fangemeinde ihre Kultmarke in Hamburg und verwandelte das Gelände des Großmarkts dabei in ein Festival des urbanen Lifestyles – mit Musik, Streetfood, smart Flohmarkt, einem Fahrzeug-Parcours und einem Besuch der beiden Beachvolleyball-Goldmädels Laura Ludwig und Kira Walkenhorst. Höhepunkt war die traditionelle Schlussparade; 1.635 smart Fahrzeuge fuhren in einem Korso durch die Straßen der Hansestadt. Das ist nicht nur viel – das ist der neue Rekord der smart times. Geschlagen wurde damit der bisherige Höchststand von 1.427 Fahrzeugen in Cascais, Portugal vor zwei Jahren. Die Chance auf neue Rekorde hat im nächsten Jahr die spanische Stadt Salou : denn dort wird die smart times 2017 ihre Pforten für die smart Community öffnen. Quelle: Daimler AG Seit 2001 lockt das einzigartige Treffen smart Freunde aus aller Welt jedes Jahr in eine andere europäische Stadt. Ein Wochenende lang können sie ihre Leidenschaft für das perfekte Stadtauto und den Spirit der Marke miteinander teilen, sich mit Designern, Tunern und Experten austauschen, gemeinsam die Stadt erkunden, Ausflüge in die Region unternehmen und verschiedene Music-Acts live erleben. Die diesjährigen smart times in Hamburg begeisterten die Fans beispielsweise durch Testfahrten mit den aktuellen smart Modellen, der Vorstellung neuer Serviceangebote wie „smart ready to drop“, Ausflüge an den Strand von Sankt Peter-Ording, einen erlebnisreichen Fahrzeug-Parcours, abendliche Partys und Live-Auftritte von lokalen und internationalen Künstlern. Einen glänzenden und überraschenden Auftritt gab es am Freitagabend. Mit einem goldenen smart cabrio fuhr das erfolgreiche deutsche Beachvolleyballteam Laura Ludwig und Kira Walkenhorst auf die smart times Bühne – danach konnten sich Fans außerdem noch Autogramme der beiden „Golden Girls“ sichern. Besonders spannend für die Teilnehmer und für interessierte Besucher aus der Stadt: Die Gegend rund um den Hamburger Großmarkt präsentierte sich als Flaniermeile für automobile Leidenschaft und Kreativität. Vom smart als „Papa-Mobil“ über den Stadtflitzer in knalligem Pink oder in Holzoptik bis hin zum rassigen Renn- und zum vielseitigen Gelände-smart zeigten 2.053 Fahrzeuge vor Ort eindrucksvoll die schier unendlichen Möglichkeiten zur Individualisierung des Kultautos. Den Höhepunkt der Veranstaltung bildete wie in jedem Jahr die smart Parade am Samstag: Mit 1.635 smart Fahrzeugen fuhren die Fans durch die Hansestadt und wurden von den Hamburgern bejubelt. Auf der abschließenden Abendveranstaltung gab es dann vor allem für die smart Fans aus Spanien einen zusätzlichen Grund zum Feiern: Im nächsten Jahr trifft sich die weltweite Fangemeinde in ihrem Land in Salou, um den kleinen Stadtflitzer ein Wochenende lang ganz groß zu feiern. Quelle: Daimler AG
</post>
<signature>

</signature>
<external_links>

</external_links>
<country>DE</country>
<main_image>http://www.mittelstand-nachrichten.de/wp-content/uploads/2016/08/16C721_273_lowres.jpg</main_image>
</document>
