<?xml version="1.0" encoding="UTF-8"?>
<document>
<type>mainstream</type>
<forum>http://news.nigeriannation.com/feed/</forum>
<forum_title>NigerianNation.com News</forum_title>
<discussion_title>UN Calls For Urgent Life-Saving Measures In Nigeria’s Northeast</discussion_title>
<language>english</language>
<gmt_offset></gmt_offset>
<topic_url>http://news.nigeriannation.com/un-calls-for-urgent-life-saving-measures-in-nigerias-northeast/</topic_url>
<topic_text>
Home » News » UN Calls For Urgent Life-Saving Measures In Nigeria’s Northeast UN Calls For Urgent Life-Saving Measures In Nigeria’s Northeast in News 2 hours ago 
The United Nations is asking the Nigerian government and the international community to take urgent humanitarian measures to save lives and ensure the protection of hundreds of thousands of Internally Displaced Persons (IDPs) in the nation’s northeast. The United Nations expert on IDPs, Chaloka Beyani, made the call on Monday after a four-day visit to … Continue reading UN Calls For Urgent Life-Saving Measures In Nigeria’s Northeast
</topic_text>
<spam_score>0.00</spam_score>
<post_num>1</post_num>
<post_id>post-1</post_id>
<post_url>http://news.nigeriannation.com/un-calls-for-urgent-life-saving-measures-in-nigerias-northeast/</post_url>
<post_date>20160829</post_date>
<post_time>2114</post_time>
<username>NigerianNation</username>
<post>
Home » News » UN Calls For Urgent Life-Saving Measures In Nigeria’s Northeast UN Calls For Urgent Life-Saving Measures In Nigeria’s Northeast in News 2 hours ago 
The United Nations is asking the Nigerian government and the international community to take urgent humanitarian measures to save lives and ensure the protection of hundreds of thousands of Internally Displaced Persons (IDPs) in the nation’s northeast. The United Nations expert on IDPs, Chaloka Beyani, made the call on Monday after a four-day visit to … Continue reading UN Calls For Urgent Life-Saving Measures In Nigeria’s Northeast
</post>
<signature>

</signature>
<external_links>

</external_links>
<country>US</country>
<main_image>https://s0.wp.com/i/blank.jpg</main_image>
</document>
