<?xml version="1.0" encoding="UTF-8"?>
<document>
<type>mainstream</type>
<forum>http://audioboom.com/boos/everyone.rss</forum>
<forum_title>audioBoom</forum_title>
<discussion_title>08/29/16 Christian Bruey-WFTV Sports Interview</discussion_title>
<language>english</language>
<gmt_offset></gmt_offset>
<topic_url>https://audioboom.com/boos/4988319-08-29-16-christian-bruey-wftv-sports-interview</topic_url>
<topic_text>
&lt;iframe width=&quot;100%&quot; height=&quot;300&quot; style=&quot;background-color:transparent; display:block; max-width: 700px;&quot; frameborder=&quot;0&quot; allowtransparency=&quot;allowtransparency&quot; scrolling=&quot;no&quot; src=&quot;//embeds.audioboom.com/boos/4988319-08-29-16-christian-bruey-wftv-sports-interview/embed/v4?eid=AQAAAJu1xFefHUwA&quot; title=&quot;audioBoom player&quot;&gt;&lt;/iframe&gt; Share on Facebook twitter 
The Mark Moses Show is joined by Christian Bruey of WFTV Sports to recap week 1 of the High School Football schedule, preview the new college football season in the state of Florida and get his thoughts on the 2016 Jacksonville Jags. 
Listen to The Mark Moses Show weekday afternoons from 3-6pm on Sports Radio 1560 The Fan &amp; sportsradio1560.com.
</topic_text>
<spam_score>0.00</spam_score>
<post_num>1</post_num>
<post_id>post-1</post_id>
<post_url>https://audioboom.com/boos/4988319-08-29-16-christian-bruey-wftv-sports-interview</post_url>
<post_date>20160829</post_date>
<post_time>2149</post_time>
<username>The Mark Moses Show</username>
<post>
&lt;iframe width=&quot;100%&quot; height=&quot;300&quot; style=&quot;background-color:transparent; display:block; max-width: 700px;&quot; frameborder=&quot;0&quot; allowtransparency=&quot;allowtransparency&quot; scrolling=&quot;no&quot; src=&quot;//embeds.audioboom.com/boos/4988319-08-29-16-christian-bruey-wftv-sports-interview/embed/v4?eid=AQAAAJu1xFefHUwA&quot; title=&quot;audioBoom player&quot;&gt;&lt;/iframe&gt; Share on Facebook twitter 
The Mark Moses Show is joined by Christian Bruey of WFTV Sports to recap week 1 of the High School Football schedule, preview the new college football season in the state of Florida and get his thoughts on the 2016 Jacksonville Jags. 
Listen to The Mark Moses Show weekday afternoons from 3-6pm on Sports Radio 1560 The Fan &amp; sportsradio1560.com.
</post>
<signature>

</signature>
<external_links>

</external_links>
<country>GB</country>
<main_image>https://d15mj6e6qmt1na.cloudfront.net/files/images/2398/9683/MarkMoses_Logo_Promo.jpg</main_image>
</document>
