<?xml version="1.0" encoding="UTF-8"?>
<document>
<type>mainstream</type>
<forum></forum>
<forum_title></forum_title>
<discussion_title>【画像】始球式で“スジ”がモロ見え！岡副麻希、これはエロすぎだろ・・・ | 気になる３秒ニュース！</discussion_title>
<language>japanese</language>
<gmt_offset></gmt_offset>
<topic_url>http://news4vip.livedoor.biz/archives/52180055.html</topic_url>
<topic_text>
【画像】始球式で“スジ”がモロ見え！岡副麻希、これはエロすぎだろ・・・ 本日の人気記事 
</topic_text>
<spam_score>0.00</spam_score>
<post_num>1</post_num>
<post_id>post-1</post_id>
<post_url>http://news4vip.livedoor.biz/archives/52180055.html</post_url>
<post_date>20160805</post_date>
<post_time></post_time>
<username></username>
<post>
【画像】始球式で“スジ”がモロ見え！岡副麻希、これはエロすぎだろ・・・ 本日の人気記事 
</post>
<signature>

</signature>
<external_links>

</external_links>
<country>JP</country>
<main_image>http://3secnews.xyz/wp-content/uploads/2016/08/5776e9bb.png</main_image>
</document>
