<?xml version="1.0" encoding="UTF-8"?>
<document>
<type>mainstream</type>
<forum></forum>
<forum_title></forum_title>
<discussion_title>Take a listen to Juan Gabriel’s top 10 songs on Billboard</discussion_title>
<language>english</language>
<gmt_offset></gmt_offset>
<topic_url>http://www.dailynews.com/arts-and-entertainment/20160829/take-a-listen-to-juan-gabriels-top-10-songs-on-billboard</topic_url>
<topic_text>
Latin music Take a listen to Juan Gabriel’s top 10 songs on Billboard FILE - In this Nov. 4, 2009, file photo, Juan Gabriel performs at the Latin Recording Academy Person of The Year event in his honor in Las Vegas. Representatives of Juan Gabriel have reported Sunday, Aug. 28, 2016, that he has died. Gabriel was Mexico’s leading singer-songwriter and top-selling artist with sales of more than 100 million albums. The statement says he died Sunday, but did not say where. (AP Photo/Matt Sayles, File) By Here are Juan Gabriel’s top 10 songs, according to his rankings on Billboard’s Hot Latin Songs chart: Posted: 
</topic_text>
<spam_score>0.62</spam_score>
<post_num>1</post_num>
<post_id>post-1</post_id>
<post_url>http://www.dailynews.com/arts-and-entertainment/20160829/take-a-listen-to-juan-gabriels-top-10-songs-on-billboard</post_url>
<post_date>20160829</post_date>
<post_time></post_time>
<username>Here Are Juan Gabriel S Top Songs</username>
<post>
Latin music Take a listen to Juan Gabriel’s top 10 songs on Billboard FILE - In this Nov. 4, 2009, file photo, Juan Gabriel performs at the Latin Recording Academy Person of The Year event in his honor in Las Vegas. Representatives of Juan Gabriel have reported Sunday, Aug. 28, 2016, that he has died. Gabriel was Mexico’s leading singer-songwriter and top-selling artist with sales of more than 100 million albums. The statement says he died Sunday, but did not say where. (AP Photo/Matt Sayles, File) By Here are Juan Gabriel’s top 10 songs, according to his rankings on Billboard’s Hot Latin Songs chart: Posted: 
</post>
<signature>

</signature>
<external_links>

</external_links>
<country>US</country>
<main_image>http://www.dailynews.com/apps/pbcsi.dll/storyimage/LA/20160829/NEWS/160829447/AR/0/AR-160829447.jpg?Maxh=1500&amp;Maxw=1500</main_image>
</document>
