<?xml version="1.0" encoding="UTF-8"?>
<document>
<type>mainstream</type>
<forum>http://www.livetradingnews.com/feed</forum>
<forum_title>Live Trading News</forum_title>
<discussion_title>Dubai Expo 2020 to Allocate $1.36-B of Contracts to SMEs</discussion_title>
<language>english</language>
<gmt_offset></gmt_offset>
<topic_url>http://www.livetradingnews.com/dubai-expo-2020-allocate-1-36-b-contracts-smes-13362.html</topic_url>
<topic_text>
Dubai Expo 2020 to Allocate $1.36-B of Contracts to SMEs 
Opportunities for SME participation extend beyond the physical expo site and six-month duration of the event, according to Expo 2020 
Dubai has announced that 20% of direct and indirect spending on the Expo 2020 event will be allocated to small and medium enterprises. 
Under the plans, more than $1.36-B of contracts will be allocated to local and international SMEs in the coming years. 
Reem Al Hashimy, UAE minister of state for international cooperation and director general of Bureau Expo Dubai 2020, said 2,418 of the 6,196 suppliers registered on the government’s e-sourcing portal were SMEs. 
Of the 787 contracts awarded so far, 320 have been won by SMEs, she added. 
“SMEs are already playing a central role in the UAE’s drive towards cultivating a thriving private sector and diversified economy, which makes SME empowerment a strategic priority for the government,” said Sultan bin Saeed Al Mansoori, minister of economy and chairman of the UAE SME Council. 
“This effort is also aligned with the UAE Vision 2021 to transition to a knowledge-based economy that fosters creativity and innovation.” 
The country’s Federal Law No 2, introduced in 2014, stipulates that 10% of all federal government contracts are allocated to SMEs. 
In addition, firms in which the government owns a 25% stake must contract SMEs for at least 5% of their total purchasing, servicing and consulting needs. 
SMEs are estimated to comprise almost 94% of companies operating in the UAE. The 400,000 SMEs also account for 60% of the country’s GDP and are expected to account for 70% by Y 2021. 
“The integration of SMEs into the delivery of Expo 2020 Dubai is set to continue to stimulate employment, strengthen existing industries, improve SME competitiveness and ultimately contribute to sustainable economic growth. This will be an important part of Expo 2020 Dubai’s legacy for the UAE and wider region,” Al Hashimy said. 
She added that opportunities for SME participation extend beyond the physical Expo site and 6-month duration of the event itself. 
“From the needs of our 30,000 strong force of volunteers, to the services required by international participants developing self-built pavilions, and the transfer of knowledge in the legacy phase, we are committed to working with the most innovative businesses of all sizes, spreading the opportunity as far as possible and capturing the spirit of the event.” 
The expo procurement process has been modified to allow SMEs to bid more competitively including a proposal validity of 60 days, no tender bonds required, no advanced payment guarantee required, 50% advanced payment for goods/materials, 25% advanced payment for services, and a commitment to 30 days’ payment from receipt of an approved invoice, according to Expo 2020. 
In June, Al Hashimy confirmed that infrastructure work on the Dubai Expo 2020 site was set to begin this Summer and is due to be completed in October 2019. 
By Robert Anderson
</topic_text>
<spam_score>0.00</spam_score>
<post_num>1</post_num>
<post_id>post-1</post_id>
<post_url>http://www.livetradingnews.com/dubai-expo-2020-allocate-1-36-b-contracts-smes-13362.html</post_url>
<post_date>20160829</post_date>
<post_time>2246</post_time>
<username>Paul Ebeling</username>
<post>
Dubai Expo 2020 to Allocate $1.36-B of Contracts to SMEs 
Opportunities for SME participation extend beyond the physical expo site and six-month duration of the event, according to Expo 2020 
Dubai has announced that 20% of direct and indirect spending on the Expo 2020 event will be allocated to small and medium enterprises. 
Under the plans, more than $1.36-B of contracts will be allocated to local and international SMEs in the coming years. 
Reem Al Hashimy, UAE minister of state for international cooperation and director general of Bureau Expo Dubai 2020, said 2,418 of the 6,196 suppliers registered on the government’s e-sourcing portal were SMEs. 
Of the 787 contracts awarded so far, 320 have been won by SMEs, she added. 
“SMEs are already playing a central role in the UAE’s drive towards cultivating a thriving private sector and diversified economy, which makes SME empowerment a strategic priority for the government,” said Sultan bin Saeed Al Mansoori, minister of economy and chairman of the UAE SME Council. 
“This effort is also aligned with the UAE Vision 2021 to transition to a knowledge-based economy that fosters creativity and innovation.” 
The country’s Federal Law No 2, introduced in 2014, stipulates that 10% of all federal government contracts are allocated to SMEs. 
In addition, firms in which the government owns a 25% stake must contract SMEs for at least 5% of their total purchasing, servicing and consulting needs. 
SMEs are estimated to comprise almost 94% of companies operating in the UAE. The 400,000 SMEs also account for 60% of the country’s GDP and are expected to account for 70% by Y 2021. 
“The integration of SMEs into the delivery of Expo 2020 Dubai is set to continue to stimulate employment, strengthen existing industries, improve SME competitiveness and ultimately contribute to sustainable economic growth. This will be an important part of Expo 2020 Dubai’s legacy for the UAE and wider region,” Al Hashimy said. 
She added that opportunities for SME participation extend beyond the physical Expo site and 6-month duration of the event itself. 
“From the needs of our 30,000 strong force of volunteers, to the services required by international participants developing self-built pavilions, and the transfer of knowledge in the legacy phase, we are committed to working with the most innovative businesses of all sizes, spreading the opportunity as far as possible and capturing the spirit of the event.” 
The expo procurement process has been modified to allow SMEs to bid more competitively including a proposal validity of 60 days, no tender bonds required, no advanced payment guarantee required, 50% advanced payment for goods/materials, 25% advanced payment for services, and a commitment to 30 days’ payment from receipt of an approved invoice, according to Expo 2020. 
In June, Al Hashimy confirmed that infrastructure work on the Dubai Expo 2020 site was set to begin this Summer and is due to be completed in October 2019. 
By Robert Anderson
</post>
<signature>

</signature>
<external_links>

</external_links>
<country>US</country>
<main_image>http://www.livetradingnews.com/wp-content/uploads/2016/08/AlWaslPlaza-Day.jpg</main_image>
</document>
