<?xml version="1.0" encoding="UTF-8"?>
<document>
<type>mainstream</type>
<forum></forum>
<forum_title></forum_title>
<discussion_title>Guidavano sotto effetto di alcool e droga, tre denunciati nel weekend - Normanno.com</discussion_title>
<language>italian</language>
<gmt_offset></gmt_offset>
<topic_url>http://www.normanno.com/primo-piano/guidavano-effetto-alcool-droga-tre-denunciati-nel-weekend/</topic_url>
<topic_text>
Guidavano sotto effetto di alcool e droga, tre denunciati nel weekend 9 lunedì, 29 agosto 2016, 13:36 

Tre persone denunciate per guida in stato d’ebbrezza e sotto effetto di droghe, quattro patenti ritirate, 50 punti decurtati, sette infrazioni accertate. E’ il bilancio dell’ intensa attività di controllo e prevenzione, svolta dalla Polizia lo scorso fine settimana a Messina. 
Gli accertamenti sono stati effettuati dalla Stradale e dalle Volanti soprattutto nelle zone maggiormente frequentate dai giovani, vicino a discoteche, lidi e altri centri di aggregazione, alla presenza di un team cinofili antidroga. 
Per una verifica ancora più approfondita sullo stato degli automobilisti, gli agenti si sono avvalsi del supporto di un’equipe composta da medico e personale paramedico dell’ufficio sanitario della Questura di Messina. L’attività di accertamento delle condizioni psico-fisiche dei conducenti è stata infatti svolta attraverso test qualitativi monouso forniti dalla Fondazione Ania per la sicurezza stradale, a bordo di un automezzo sanitario della Polizia di Stato per garantire la dovuta riservatezza. Sono stati utilizzati i precursori per lo screening veloce per verificare la positività derivante dall’assunzione di sostanze alcoliche e stupefacenti, nonché gli etilometri per l’accertamento della guida in stato di ebbrezza. 
Tanti i veicoli controllati e le persone sottoposte ad alcool e drug test. Dei tre automobilisti denunciati, risultati positivi al drug test, uno aveva anche assunto alcool. Ulteriori accertamenti hanno dimostrato che due dei tre denunciati avevano fatto uso di marijuana, il terzo di marijuana e cocaina. Sequestrati anche 1,93 grammi di marijuana, che i tre detenevano, e un tritaerba. 
I servizi specifici, di contrasto al fenomeno della guida in stato di ebbrezza alcolica o dopo aver assunto sostanze stupefacenti, proseguiranno nelle prossime settimane. 

</topic_text>
<spam_score>0.53</spam_score>
<post_num>1</post_num>
<post_id>post-1</post_id>
<post_url>http://www.normanno.com/primo-piano/guidavano-effetto-alcool-droga-tre-denunciati-nel-weekend/</post_url>
<post_date>20160829</post_date>
<post_time></post_time>
<username>Di Redazione</username>
<post>
Guidavano sotto effetto di alcool e droga, tre denunciati nel weekend 9 lunedì, 29 agosto 2016, 13:36 

Tre persone denunciate per guida in stato d’ebbrezza e sotto effetto di droghe, quattro patenti ritirate, 50 punti decurtati, sette infrazioni accertate. E’ il bilancio dell’ intensa attività di controllo e prevenzione, svolta dalla Polizia lo scorso fine settimana a Messina. 
Gli accertamenti sono stati effettuati dalla Stradale e dalle Volanti soprattutto nelle zone maggiormente frequentate dai giovani, vicino a discoteche, lidi e altri centri di aggregazione, alla presenza di un team cinofili antidroga. 
Per una verifica ancora più approfondita sullo stato degli automobilisti, gli agenti si sono avvalsi del supporto di un’equipe composta da medico e personale paramedico dell’ufficio sanitario della Questura di Messina. L’attività di accertamento delle condizioni psico-fisiche dei conducenti è stata infatti svolta attraverso test qualitativi monouso forniti dalla Fondazione Ania per la sicurezza stradale, a bordo di un automezzo sanitario della Polizia di Stato per garantire la dovuta riservatezza. Sono stati utilizzati i precursori per lo screening veloce per verificare la positività derivante dall’assunzione di sostanze alcoliche e stupefacenti, nonché gli etilometri per l’accertamento della guida in stato di ebbrezza. 
Tanti i veicoli controllati e le persone sottoposte ad alcool e drug test. Dei tre automobilisti denunciati, risultati positivi al drug test, uno aveva anche assunto alcool. Ulteriori accertamenti hanno dimostrato che due dei tre denunciati avevano fatto uso di marijuana, il terzo di marijuana e cocaina. Sequestrati anche 1,93 grammi di marijuana, che i tre detenevano, e un tritaerba. 
I servizi specifici, di contrasto al fenomeno della guida in stato di ebbrezza alcolica o dopo aver assunto sostanze stupefacenti, proseguiranno nelle prossime settimane. 

</post>
<signature>

</signature>
<external_links>

</external_links>
<country>IT</country>
<main_image>http://www.normanno.com/N0rm4nn0/wp-content/uploads/2016/04/polizia-alt-nuovo.jpg</main_image>
</document>
