<?xml version="1.0" encoding="UTF-8"?>
<document>
<type>mainstream</type>
<forum>http://stackoverflow.com/feeds</forum>
<forum_title>Recent Questions - Stack Overflow</forum_title>
<discussion_title>How to refer to a .jrtx template file from Jasper Report (.jrxml)?</discussion_title>
<language>english</language>
<gmt_offset></gmt_offset>
<topic_url>http://stackoverflow.com/questions/39216354/how-to-refer-to-a-jrtx-template-file-from-jasper-report-jrxml</topic_url>
<topic_text>
up vote 0 down vote favorite 
I am using this example to apply a jasper template to jasper report. I am not able to find out how can I refer to jasper template from .jrxml file. The .jrxml file and .jrtx file are at the same location. In the Jasper I am referring to the template using following syntax. &lt;jasperReport xmlns=&quot;http://jasperreports.sourceforge.net/jasperreports&quot; xmlns:xsi=&quot;http://www.w3.org/2001/XMLSchema-instance&quot; xsi:schemaLocation=&quot;http://jasperreports.sourceforge.net/jasperreports http://jasperreports.sourceforge.net/xsd/jasperreport.xsd&quot; name=&quot;QCReport&quot; pageWidth=&quot;595&quot; pageHeight=&quot;842&quot; columnWidth=&quot;555&quot; leftMargin=&quot;20&quot; rightMargin=&quot;20&quot; topMargin=&quot;20&quot; bottomMargin=&quot;20&quot; uuid=&quot;0ea707c5-78f5-4f37-a065-a228202cb59e&quot;&gt;&lt;property name=&quot;com.jaspersoft.studio.data.defaultdataadapter&quot; value=&quot;One Empty Record&quot;/&gt;&lt;import value=&quot;org.apache.commons.lang.StringUtils&quot;/&gt; .. &lt;template&gt;&lt;![CDATA[&quot;JasperCustomStyle.jrtx&quot;]]&gt;&lt;/template&gt; .. 
But it gives me Byte data not found at: JasperCustomStyle.jrtx. exception. Can someone please help me figure out how to refer to a jasper template from .jrxml file? 
Detailed Exception Caused by: net.sf.jasperreports.engine.JRException: Byte data not found at: JasperCustomStyle.jrtx. at net.sf.jasperreports.repo.RepositoryUtil.getBytesFromLocation(RepositoryUtil.java:210) at net.sf.jasperreports.engine.xml.JRXmlTemplateLoader.loadTemplate(JRXmlTemplateLoader.java:106) at net.sf.jasperreports.engine.fill.JRFillReportTemplate.loadTemplate(JRFillReportTemplate.java:111) at net.sf.jasperreports.engine.fill.JRFillReportTemplate.evaluate(JRFillReportTemplate.java:89) at net.sf.jasperreports.engine.fill.JRBaseFiller.collectTemplates(JRBaseFiller.java:740) 
The jrtx file looks like below. &lt;?xml version=&quot;1.0&quot; encoding=&quot;UTF-8&quot;?&gt;&lt;!DOCTYPE jasperTemplate PUBLIC &quot;-//JasperReports//DTD Template//EN&quot; &quot;http://jasperreports.sourceforge.net/dtds/jaspertemplate.dtd&quot;&gt;&lt;jasperTemplate&gt;&lt;style name=&quot;New style&quot; mode=&quot;Opaque&quot; forecolor=&quot;# &quot; backcolor=&quot;#FFC800&quot; fill=&quot;Solid&quot; hAlign=&quot;Center&quot; vAlign=&quot;Middle&quot; isBold=&quot;true&quot; isUnderline=&quot;true&quot;&gt;&lt;box&gt;&lt;topPen lineWidth=&quot;1.0&quot;/&gt;&lt;leftPen lineWidth=&quot;1.0&quot;/&gt;&lt;bottomPen lineWidth=&quot;1.0&quot;/&gt;&lt;rightPen lineWidth=&quot;1.0&quot;/&gt;&lt;/box&gt;&lt;/style&gt;&lt;/jasperTemplate&gt;
</topic_text>
<spam_score>0.00</spam_score>
<post_num>1</post_num>
<post_id>post-1</post_id>
<post_url>http://stackoverflow.com/questions/39216354/how-to-refer-to-a-jrtx-template-file-from-jasper-report-jrxml</post_url>
<post_date>20160829</post_date>
<post_time>2252</post_time>
<username>D3_GXT_Java</username>
<post>
up vote 0 down vote favorite 
I am using this example to apply a jasper template to jasper report. I am not able to find out how can I refer to jasper template from .jrxml file. The .jrxml file and .jrtx file are at the same location. In the Jasper I am referring to the template using following syntax. &lt;jasperReport xmlns=&quot;http://jasperreports.sourceforge.net/jasperreports&quot; xmlns:xsi=&quot;http://www.w3.org/2001/XMLSchema-instance&quot; xsi:schemaLocation=&quot;http://jasperreports.sourceforge.net/jasperreports http://jasperreports.sourceforge.net/xsd/jasperreport.xsd&quot; name=&quot;QCReport&quot; pageWidth=&quot;595&quot; pageHeight=&quot;842&quot; columnWidth=&quot;555&quot; leftMargin=&quot;20&quot; rightMargin=&quot;20&quot; topMargin=&quot;20&quot; bottomMargin=&quot;20&quot; uuid=&quot;0ea707c5-78f5-4f37-a065-a228202cb59e&quot;&gt;&lt;property name=&quot;com.jaspersoft.studio.data.defaultdataadapter&quot; value=&quot;One Empty Record&quot;/&gt;&lt;import value=&quot;org.apache.commons.lang.StringUtils&quot;/&gt; .. &lt;template&gt;&lt;![CDATA[&quot;JasperCustomStyle.jrtx&quot;]]&gt;&lt;/template&gt; .. 
But it gives me Byte data not found at: JasperCustomStyle.jrtx. exception. Can someone please help me figure out how to refer to a jasper template from .jrxml file? 
Detailed Exception Caused by: net.sf.jasperreports.engine.JRException: Byte data not found at: JasperCustomStyle.jrtx. at net.sf.jasperreports.repo.RepositoryUtil.getBytesFromLocation(RepositoryUtil.java:210) at net.sf.jasperreports.engine.xml.JRXmlTemplateLoader.loadTemplate(JRXmlTemplateLoader.java:106) at net.sf.jasperreports.engine.fill.JRFillReportTemplate.loadTemplate(JRFillReportTemplate.java:111) at net.sf.jasperreports.engine.fill.JRFillReportTemplate.evaluate(JRFillReportTemplate.java:89) at net.sf.jasperreports.engine.fill.JRBaseFiller.collectTemplates(JRBaseFiller.java:740) 
The jrtx file looks like below. &lt;?xml version=&quot;1.0&quot; encoding=&quot;UTF-8&quot;?&gt;&lt;!DOCTYPE jasperTemplate PUBLIC &quot;-//JasperReports//DTD Template//EN&quot; &quot;http://jasperreports.sourceforge.net/dtds/jaspertemplate.dtd&quot;&gt;&lt;jasperTemplate&gt;&lt;style name=&quot;New style&quot; mode=&quot;Opaque&quot; forecolor=&quot;# &quot; backcolor=&quot;#FFC800&quot; fill=&quot;Solid&quot; hAlign=&quot;Center&quot; vAlign=&quot;Middle&quot; isBold=&quot;true&quot; isUnderline=&quot;true&quot;&gt;&lt;box&gt;&lt;topPen lineWidth=&quot;1.0&quot;/&gt;&lt;leftPen lineWidth=&quot;1.0&quot;/&gt;&lt;bottomPen lineWidth=&quot;1.0&quot;/&gt;&lt;rightPen lineWidth=&quot;1.0&quot;/&gt;&lt;/box&gt;&lt;/style&gt;&lt;/jasperTemplate&gt;
</post>
<signature>

</signature>
<external_links>

</external_links>
<country>US</country>
<main_image>http://cdn.sstatic.net/Sites/stackoverflow/img/apple-touch-icon@2.png?v=73d79a89bded&amp;a</main_image>
</document>
