<?xml version="1.0" encoding="UTF-8"?>
<document>
<type>mainstream</type>
<forum>http://www.tribuneindia.com/news/chandigarh/</forum>
<forum_title>The Tribune, Chandigarh, Mohali, Panchkula news </forum_title>
<discussion_title>Virender Chaudhary gets additional charge of AEO</discussion_title>
<language>english</language>
<gmt_offset></gmt_offset>
<topic_url>http://www.tribuneindia.com/news/chandigarh/community/virender-chaudhary-gets-additional-charge-of-aeo/287597.html</topic_url>
<topic_text>
Chandigarh, August 29
The Chandigarh Administration has given the additional charge of Assistant Estate Officer (AEO) to Virender Chaudhary, Joint Commissioner, MC. The post of the AEO was lying vacant after the relieving of Prince Dhawan on August 18. Jitender Yadav has been given the charge of Director, Information Technology, while Kriti Garg will look after the charge of SDM (Central) in addition to her duties. The Administration has also given the charge of Amit Talwar, Director, Transport, to Capt Karnail Singh, Additional Director (Admn), GMCH, during the period of a training programme from August 27 to September 3. Rakesh Kumar Popli, has been appointed as AETC-cum-Deputy Excise and Taxation Commissioner to assist the Excise and Taxation Commissioner, UT, for carrying out the purpose of the Excise Act.— TNS
</topic_text>
<spam_score>0.00</spam_score>
<post_num>1</post_num>
<post_id>post-1</post_id>
<post_url>http://www.tribuneindia.com/news/chandigarh/community/virender-chaudhary-gets-additional-charge-of-aeo/287597.html</post_url>
<post_date>20160830</post_date>
<post_time>0156</post_time>
<username>tribuneindia.com</username>
<post>
Chandigarh, August 29
The Chandigarh Administration has given the additional charge of Assistant Estate Officer (AEO) to Virender Chaudhary, Joint Commissioner, MC. The post of the AEO was lying vacant after the relieving of Prince Dhawan on August 18. Jitender Yadav has been given the charge of Director, Information Technology, while Kriti Garg will look after the charge of SDM (Central) in addition to her duties. The Administration has also given the charge of Amit Talwar, Director, Transport, to Capt Karnail Singh, Additional Director (Admn), GMCH, during the period of a training programme from August 27 to September 3. Rakesh Kumar Popli, has been appointed as AETC-cum-Deputy Excise and Taxation Commissioner to assist the Excise and Taxation Commissioner, UT, for carrying out the purpose of the Excise Act.— TNS
</post>
<signature>

</signature>
<external_links>

</external_links>
<country>SG</country>
<main_image></main_image>
</document>
