<?xml version="1.0" encoding="UTF-8"?>
<document>
<type>mainstream</type>
<forum>http://www.randolphcountyheraldtribune.com/lifestyle/family?template=rss&amp;mime=xml</forum>
<forum_title>Family - Randolph County Herald Tribune - Chester, IL</forum_title>
<discussion_title>Nine back-to-school tips to help parents bridge the chasm between home and classroom</discussion_title>
<language>english</language>
<gmt_offset></gmt_offset>
<topic_url>http://www.randolphcountyheraldtribune.com/zz/lifestyle/20160829/nine-back-to-school-tips-to-help-parents-bridge-chasm-between-home-and-classroom?rssfeed=true</topic_url>
<topic_text>
Randolph County Herald Tribune - Chester, IL By Eric Schulzke Posted Aug. 29, 2016 at 3:00 PM By Eric SchulzkeDeseret News Service Posted Aug. 29, 2016 at 3:00 PM Whether its coming back after a long summer or starting kindergarten or preschool, children are often full of school-driven angst at the end of August. To help out, the education faculty at National Louis University , a nonprofit founded in 1886 with seven locations in Illinois, Florida and Wisconsin, put together nine suggestions for parents to minimize stress in the first weeks of school and the months that follow. 1. Email the teacher Call, text or email the teacher at the start of the school year, says Seema Imam, associate professor of elementary and middle level teacher education. &quot;I always teach my teachers about keeping their door open,&quot; Imam says, &quot;But I don&apos;t think parents realize that they could knock.&quot; Reaching out to introduce yourself establishes a relationship, puts your child more firmly on the teacher&apos;s radar, and lets them know you care and how to best reach you. &quot;Letting the teacher know you are approachable is reassuring,&quot; Imam says. 2. Plan the night before It&apos;s easy for school mornings to get crazy. Don&apos;t let your child be the one who&apos;s late to school because he couldn&apos;t find his shoes. Instead, minimize chaos by having a place for each child to put his or her things, including the backpack. Get kids to sleep early enough so they have time in the morning to eat breakfast without rushing. &quot;Younger children need 9 to 11 hours of sleep due to the increasing demands on their time from school, sports and extracurricular activities, says Ayn Keneman, associate professor of education at NLU. &quot;It takes energy to remember what you learned.&quot; 3. Tackle not wanting to go Getting to the heart of the child&apos;s reluctance to go to school is key in hard cases, says Leslie Katch, assistant professor of education at NLU. Find out what the child is worried about, whether it be bullies, sitting alone at lunch, the academic work, or just not wanting summer to end. &quot;Asking questions can reveal important intel into the feelings and emotions around going back to school,&quot; she says. &quot;If you can pinpoint an issue, talking through the problem and acknowledging your child&apos;s concerns can help provide the confidence needed to enter the first day of school.&quot; 4. Role play with younger children Role playing is especially key for young children, Katch says. Helping kids anticipate routines will help everything seem less scary. Start with the first day of school. &quot;You will have your backpack, we will put it in your cubby, and then mommy will kiss you goodbye.&quot; Katch also suggests useful reassuring mantras: &quot;Mommy always comes back after we eat lunch.&quot; 5. Take turns reading Routinely reading together makes literacy work at school feel less foreign, Imam says. Pick out a book and read a paragraph, then let your child read a paragraph, and take turns. Page 2 of 2 - Kids seeing parents reading and responding to books brought from school helps establish their importance, Imam says. Your child also gets the practice of encountering unfamiliar words and learning them, plus the bonus of doing something with you. 6. Reduce anxiety Anxiety is normal for a child starting school, says Jennifer Cooper, assistant professor in NLU&apos;s School Psychology program. Dialogue, coping techniques and realistic goals can all help. &quot;Parents and other caregivers can teach their children simple strategies to help with anxiety, such as organizing materials and time, developing short scripts of what to do and say when anxiety increases, and learning coping strategies to relax under stressful conditions,&quot; Cooper says. She also recommends parents and caregivers look for warning signs, including excessive worrying, health problems, irritability, difficulty concentrating, change in sleeping patterns and get qualified professional help if the problem persists or deepens. 7. Volunteer at your child&apos;s school Volunteering is a great way to bridge school and home, Imam says, helping your child sense your connection to his or her school. Having mom and dad be a part of the classroom reduces the strangeness of the new experience, Imam says. Even if parents work during the day, Imam says, there are valuable contributions they can make, such as preparing materials for bulletin boards or helping with evening or weekend events. Email your teacher to find out what you can do to help. 8. Reconnect with friends With summer activities and travel, children can lose touch with the friends that they made during the school year. Seeing a friend can make children more comfortable, so schedule a playdate with a few friends before school starts. &quot;Going back to school is stressful for children of all ages, so reconnecting with friends is a great way to help reduce a child&apos;s anxiety for the upcoming school year, &quot; says Keneman. 9. Talk with your children daily With both children and parents much busier than previous generations, Imam says it is critical to have structured time when the child can recount their day with the parent. These conversations develop communication skills, strengthen parent-child relationships, and help the parent spot problems as they emerge. Here are conversation starters Imam suggests: &quot;Tell me about the best and/or worst part of your day.&quot; &quot;Did any of your classmates do anything funny?&quot; &quot;Tell me about what you read in class.&quot; &quot;What&apos;s the biggest difference between this year and last year?&quot; &quot;What rules are different at school than our rules at home? Do you think they&apos;re fair?&quot; By Eric Schulzke Randolph County Herald Tribune - Chester, IL By Eric Schulzke
</topic_text>
<spam_score>0.00</spam_score>
<post_num>1</post_num>
<post_id>post-1</post_id>
<post_url>http://www.randolphcountyheraldtribune.com/zz/lifestyle/20160829/nine-back-to-school-tips-to-help-parents-bridge-chasm-between-home-and-classroom?rssfeed=true</post_url>
<post_date>20160829</post_date>
<post_time>2000</post_time>
<username>Eric Schulzke Deseret News Service</username>
<post>
Randolph County Herald Tribune - Chester, IL By Eric Schulzke Posted Aug. 29, 2016 at 3:00 PM By Eric SchulzkeDeseret News Service Posted Aug. 29, 2016 at 3:00 PM Whether its coming back after a long summer or starting kindergarten or preschool, children are often full of school-driven angst at the end of August. To help out, the education faculty at National Louis University , a nonprofit founded in 1886 with seven locations in Illinois, Florida and Wisconsin, put together nine suggestions for parents to minimize stress in the first weeks of school and the months that follow. 1. Email the teacher Call, text or email the teacher at the start of the school year, says Seema Imam, associate professor of elementary and middle level teacher education. &quot;I always teach my teachers about keeping their door open,&quot; Imam says, &quot;But I don&apos;t think parents realize that they could knock.&quot; Reaching out to introduce yourself establishes a relationship, puts your child more firmly on the teacher&apos;s radar, and lets them know you care and how to best reach you. &quot;Letting the teacher know you are approachable is reassuring,&quot; Imam says. 2. Plan the night before It&apos;s easy for school mornings to get crazy. Don&apos;t let your child be the one who&apos;s late to school because he couldn&apos;t find his shoes. Instead, minimize chaos by having a place for each child to put his or her things, including the backpack. Get kids to sleep early enough so they have time in the morning to eat breakfast without rushing. &quot;Younger children need 9 to 11 hours of sleep due to the increasing demands on their time from school, sports and extracurricular activities, says Ayn Keneman, associate professor of education at NLU. &quot;It takes energy to remember what you learned.&quot; 3. Tackle not wanting to go Getting to the heart of the child&apos;s reluctance to go to school is key in hard cases, says Leslie Katch, assistant professor of education at NLU. Find out what the child is worried about, whether it be bullies, sitting alone at lunch, the academic work, or just not wanting summer to end. &quot;Asking questions can reveal important intel into the feelings and emotions around going back to school,&quot; she says. &quot;If you can pinpoint an issue, talking through the problem and acknowledging your child&apos;s concerns can help provide the confidence needed to enter the first day of school.&quot; 4. Role play with younger children Role playing is especially key for young children, Katch says. Helping kids anticipate routines will help everything seem less scary. Start with the first day of school. &quot;You will have your backpack, we will put it in your cubby, and then mommy will kiss you goodbye.&quot; Katch also suggests useful reassuring mantras: &quot;Mommy always comes back after we eat lunch.&quot; 5. Take turns reading Routinely reading together makes literacy work at school feel less foreign, Imam says. Pick out a book and read a paragraph, then let your child read a paragraph, and take turns. Page 2 of 2 - Kids seeing parents reading and responding to books brought from school helps establish their importance, Imam says. Your child also gets the practice of encountering unfamiliar words and learning them, plus the bonus of doing something with you. 6. Reduce anxiety Anxiety is normal for a child starting school, says Jennifer Cooper, assistant professor in NLU&apos;s School Psychology program. Dialogue, coping techniques and realistic goals can all help. &quot;Parents and other caregivers can teach their children simple strategies to help with anxiety, such as organizing materials and time, developing short scripts of what to do and say when anxiety increases, and learning coping strategies to relax under stressful conditions,&quot; Cooper says. She also recommends parents and caregivers look for warning signs, including excessive worrying, health problems, irritability, difficulty concentrating, change in sleeping patterns and get qualified professional help if the problem persists or deepens. 7. Volunteer at your child&apos;s school Volunteering is a great way to bridge school and home, Imam says, helping your child sense your connection to his or her school. Having mom and dad be a part of the classroom reduces the strangeness of the new experience, Imam says. Even if parents work during the day, Imam says, there are valuable contributions they can make, such as preparing materials for bulletin boards or helping with evening or weekend events. Email your teacher to find out what you can do to help. 8. Reconnect with friends With summer activities and travel, children can lose touch with the friends that they made during the school year. Seeing a friend can make children more comfortable, so schedule a playdate with a few friends before school starts. &quot;Going back to school is stressful for children of all ages, so reconnecting with friends is a great way to help reduce a child&apos;s anxiety for the upcoming school year, &quot; says Keneman. 9. Talk with your children daily With both children and parents much busier than previous generations, Imam says it is critical to have structured time when the child can recount their day with the parent. These conversations develop communication skills, strengthen parent-child relationships, and help the parent spot problems as they emerge. Here are conversation starters Imam suggests: &quot;Tell me about the best and/or worst part of your day.&quot; &quot;Did any of your classmates do anything funny?&quot; &quot;Tell me about what you read in class.&quot; &quot;What&apos;s the biggest difference between this year and last year?&quot; &quot;What rules are different at school than our rules at home? Do you think they&apos;re fair?&quot; By Eric Schulzke Randolph County Herald Tribune - Chester, IL By Eric Schulzke
</post>
<signature>

</signature>
<external_links>

</external_links>
<country>US</country>
<main_image>http://www.randolphcountyheraldtribune.com/storyimage/ZZ/20160829/LIFESTYLE/160829781/AR/0/family-kids-going-back-to-school-help-with-homework-classwork.jpg</main_image>
</document>
