<?xml version="1.0" encoding="UTF-8"?>
<document>
<type>mainstream</type>
<forum>http://oncevatan.com.tr//rss.php</forum>
<forum_title>Önce Vatan | Günlük Ulusal Gazete</forum_title>
<discussion_title>Rakiticten Ardaya teşekkür</discussion_title>
<language>turkish</language>
<gmt_offset></gmt_offset>
<topic_url>http://www.oncevatan.com.tr/spor/rakiticten-ardaya-tesekkur-h98319.html</topic_url>
<topic_text>
A Milli Takım aday kadrosundan... Rakitic&apos;ten Arda&apos;ya teşekkür İspanya 1. Futbol Ligi&apos;nin 2. haftasında deplasmanda Athletic Bilbao&apos;yu 1-0 yenen Barcelona&apos;nın golünü atan Ivan Rakitic, asist yapan Arda Turan&apos;a teşekkür etti. 29 Ağustos 2016 Pazartesi 14:28 Bu haber 212 kez okundu İspanya 1. Futbol Ligi&apos;nin (La Liga) 2. haftasında deplasmanda Athletic Bilbao&apos;yu 1-0 yenen Barcelona&apos;nın golünü atan Ivan Rakitic, asist yapan Arda Turan&apos;a teşekkür etti. Rakitic, maçın ardından İspanyol basınına yaptığı açıklamada &quot;Arda&apos;ya teşekkür ettim. Şimdi de ona bir şey ısmarlayacağım.&quot; ifadelerini kullandı. Öte yandan sezona iyi bir başlangıç yapan Arda Turan, İspanyol basınında dikkatleri üzerine çekmeye devam etti. Marca gazetesinde &quot;Arda büyüyor ve Barcelona&apos;yı uyandırıyor&quot; başlığı altındaki haberde, &quot;Arda, geçtiğimiz sezona nazaran neredeyse tanınmaz bir halde. Türk futbolcu, Barcelona&apos;nın geçen sene Atletico Madrid&apos;e ödediği 34 milyon avro artı 7 milyon avroluk bonservis bedeline değer olduğunu gösteriyor. İyi bir dönemden geçen Arda, golleri ve asistleriyle Barcelona&apos;yı ateşliyor.&quot; değerlendirmelerinde bulunuldu. Geçen sezon 18 lig, 4 Kral Kupası ve 3 Şampiyonlar Ligi maçında 2 gol atan Arda&apos;nın bu sezon şimdiden 3 gol ve 2 asiste ulaştığını vurgulayan İspanyol spor gazetesi, Türk futbolcunun Barcelona&apos;da belirleyici olmaya başladığını öne sürdü. Geçen sezonu saymayarak Arda&apos;yı &quot;Barcelona&apos;da sezonun en iyi transferi&quot; olarak tanımlayan El Mundo Deportivo gazetesi de Athletic Bilbao deplasmanında zorlanan Barcelona&apos;nın Arda&apos;nın güzel asisti sonrasında gelen golle 3 puanı aldığına vurgu yaptı. AA
</topic_text>
<spam_score>0.00</spam_score>
<post_num>1</post_num>
<post_id>post-1</post_id>
<post_url>http://www.oncevatan.com.tr/spor/rakiticten-ardaya-tesekkur-h98319.html</post_url>
<post_date>20160829</post_date>
<post_time>1228</post_time>
<username></username>
<post>
A Milli Takım aday kadrosundan... Rakitic&apos;ten Arda&apos;ya teşekkür İspanya 1. Futbol Ligi&apos;nin 2. haftasında deplasmanda Athletic Bilbao&apos;yu 1-0 yenen Barcelona&apos;nın golünü atan Ivan Rakitic, asist yapan Arda Turan&apos;a teşekkür etti. 29 Ağustos 2016 Pazartesi 14:28 Bu haber 212 kez okundu İspanya 1. Futbol Ligi&apos;nin (La Liga) 2. haftasında deplasmanda Athletic Bilbao&apos;yu 1-0 yenen Barcelona&apos;nın golünü atan Ivan Rakitic, asist yapan Arda Turan&apos;a teşekkür etti. Rakitic, maçın ardından İspanyol basınına yaptığı açıklamada &quot;Arda&apos;ya teşekkür ettim. Şimdi de ona bir şey ısmarlayacağım.&quot; ifadelerini kullandı. Öte yandan sezona iyi bir başlangıç yapan Arda Turan, İspanyol basınında dikkatleri üzerine çekmeye devam etti. Marca gazetesinde &quot;Arda büyüyor ve Barcelona&apos;yı uyandırıyor&quot; başlığı altındaki haberde, &quot;Arda, geçtiğimiz sezona nazaran neredeyse tanınmaz bir halde. Türk futbolcu, Barcelona&apos;nın geçen sene Atletico Madrid&apos;e ödediği 34 milyon avro artı 7 milyon avroluk bonservis bedeline değer olduğunu gösteriyor. İyi bir dönemden geçen Arda, golleri ve asistleriyle Barcelona&apos;yı ateşliyor.&quot; değerlendirmelerinde bulunuldu. Geçen sezon 18 lig, 4 Kral Kupası ve 3 Şampiyonlar Ligi maçında 2 gol atan Arda&apos;nın bu sezon şimdiden 3 gol ve 2 asiste ulaştığını vurgulayan İspanyol spor gazetesi, Türk futbolcunun Barcelona&apos;da belirleyici olmaya başladığını öne sürdü. Geçen sezonu saymayarak Arda&apos;yı &quot;Barcelona&apos;da sezonun en iyi transferi&quot; olarak tanımlayan El Mundo Deportivo gazetesi de Athletic Bilbao deplasmanında zorlanan Barcelona&apos;nın Arda&apos;nın güzel asisti sonrasında gelen golle 3 puanı aldığına vurgu yaptı. AA
</post>
<signature>

</signature>
<external_links>

</external_links>
<country>TR</country>
<main_image>http://www.oncevatan.com.tr/images/haberler/rakiticten_ardaya_tesekkur_h98319.jpg</main_image>
</document>
