<?xml version="1.0" encoding="UTF-8"?>
<document>
<type>mainstream</type>
<forum>http://www.justjared.com/feed/</forum>
<forum_title>Just Jared</forum_title>
<discussion_title>Anthony Weiner Documentary Trailer Debuts Amid His Scandal</discussion_title>
<language>english</language>
<gmt_offset></gmt_offset>
<topic_url>http://www.justjared.com/2016/08/29/anthony-weiner-documentary-trailer-debuts-amid-his-scandal/</topic_url>
<topic_text>
Tweet Anthony Weiner Documentary Trailer Debuts Amid His Scandal 
The trailer for the upcoming documentary Weiner , which gives an inside look at Anthony Weiner ‘s campaign to become the mayor of New York City, has debuted amid the former congressman’s latest scandal . 
Showtime is releasing the documentary, which premiered at the 2016 Sundance Film Festival earlier this year. It will air on Saturday, October 22 at 9pm. 
Here is the synopsis: Anthony Weiner was a young congressman on the cusp of higher office when a sexting scandal forced a humiliating resignation. Just two years later, he ran for mayor of New York City, betting that his ideas would trump his indiscretions. He was wrong. With unprecedented access to Weiner , his family and his campaign team, Weiner is a thrilling look inside a political comeback-turned-meltdown. What begins as an unexpected surge to the top of the polls takes a sharp turn once Weiner is forced to admit to new sexting allegations. As the media descends and dissects his every move, Weiner desperately tries to forge ahead, but the increasing pressure and crippling 24-hour news coverage halt his political aspirations. 
A new sexting scandal just hit Anthony and his wife Huma Abedin announced that they are separating following the revelation. Weiner (2016) | Official Trailer | Anthony Weiner SHOWTIME Documentary  
</topic_text>
<spam_score>0.00</spam_score>
<post_num>1</post_num>
<post_id>post-1</post_id>
<post_url>http://www.justjared.com/2016/08/29/anthony-weiner-documentary-trailer-debuts-amid-his-scandal/</post_url>
<post_date>20160829</post_date>
<post_time>2145</post_time>
<username>Just Jared</username>
<post>
Tweet Anthony Weiner Documentary Trailer Debuts Amid His Scandal 
The trailer for the upcoming documentary Weiner , which gives an inside look at Anthony Weiner ‘s campaign to become the mayor of New York City, has debuted amid the former congressman’s latest scandal . 
Showtime is releasing the documentary, which premiered at the 2016 Sundance Film Festival earlier this year. It will air on Saturday, October 22 at 9pm. 
Here is the synopsis: Anthony Weiner was a young congressman on the cusp of higher office when a sexting scandal forced a humiliating resignation. Just two years later, he ran for mayor of New York City, betting that his ideas would trump his indiscretions. He was wrong. With unprecedented access to Weiner , his family and his campaign team, Weiner is a thrilling look inside a political comeback-turned-meltdown. What begins as an unexpected surge to the top of the polls takes a sharp turn once Weiner is forced to admit to new sexting allegations. As the media descends and dissects his every move, Weiner desperately tries to forge ahead, but the increasing pressure and crippling 24-hour news coverage halt his political aspirations. 
A new sexting scandal just hit Anthony and his wife Huma Abedin announced that they are separating following the revelation. Weiner (2016) | Official Trailer | Anthony Weiner SHOWTIME Documentary  
</post>
<signature>

</signature>
<external_links>

</external_links>
<country>US</country>
<main_image>http://cdn01.cdn.justjared.com/wp-content/uploads/headlines/2016/08/weiner-doc.jpg</main_image>
</document>
