<?xml version="1.0" encoding="UTF-8"?>
<document>
<type>mainstream</type>
<forum>http://hihi2.com/category/football-news/feed</forum>
<forum_title>هاي كورةالأخبار – هاي كورة</forum_title>
<discussion_title>ميدلزبره يقترب من ضم لاعب ارسنال</discussion_title>
<language>arabic</language>
<gmt_offset></gmt_offset>
<topic_url>http://hihi2.com/2016/08/30/p715022.html</topic_url>
<topic_text>
كتب في 2016/08/30 - 12:07 ص - في قسم [ أخبار ارسنال ] ميدلزبره يقترب من ضم لاعب ارسنال 
هاي كورة – اقترب نادي ميدلزبره الانجليزي من الحصول على خدمات اللاعب كالوم شامبرز لاعب ارسنال خلال فترة الانتقالات الصيفية الحالية ولكي يعزز صفوف الفريق بالموسم الحالي. 
واوضحت التقارير الواردة من بريطانيا الى ان ادارة ميدلزبره ستتعاقد مع اللاعب على سبيل الاعارة لمدة موسم واحد. 
وقد انضم اللاعب الى صفوف ارسنال خلال عام 2014 قادماً من صفوف ساوثهامبتون الانجليزي.
</topic_text>
<spam_score>0.00</spam_score>
<post_num>1</post_num>
<post_id>post-1</post_id>
<post_url>http://hihi2.com/2016/08/30/p715022.html</post_url>
<post_date>20160829</post_date>
<post_time>2107</post_time>
<username></username>
<post>
كتب في 2016/08/30 - 12:07 ص - في قسم [ أخبار ارسنال ] ميدلزبره يقترب من ضم لاعب ارسنال 
هاي كورة – اقترب نادي ميدلزبره الانجليزي من الحصول على خدمات اللاعب كالوم شامبرز لاعب ارسنال خلال فترة الانتقالات الصيفية الحالية ولكي يعزز صفوف الفريق بالموسم الحالي. 
واوضحت التقارير الواردة من بريطانيا الى ان ادارة ميدلزبره ستتعاقد مع اللاعب على سبيل الاعارة لمدة موسم واحد. 
وقد انضم اللاعب الى صفوف ارسنال خلال عام 2014 قادماً من صفوف ساوثهامبتون الانجليزي.
</post>
<signature>

</signature>
<external_links>

</external_links>
<country>FR</country>
<main_image>http://hihi2.com/wp-content/uploads/2016/08/hihi2_2016-08-29_21-06-00-200x150.jpg</main_image>
</document>
