<?xml version="1.0" encoding="UTF-8"?>
<document>
<type>mainstream</type>
<forum></forum>
<forum_title></forum_title>
<discussion_title>MOL bouwt reuzentrucks voor oliewinning</discussion_title>
<language>dutch</language>
<gmt_offset></gmt_offset>
<topic_url>http://www.agoria.be/www.wsc/NL/MOL-bouwt-reuzentrucks-voor-oliewinning-in-de-Sahara-en-India?SessionLID=1&amp;amp;enewsid=111292</topic_url>
<topic_text>
Contact MOL bouwt reuzentrucks voor oliewinning in de Sahara en India 
MOL CY NV, Agorialid en onafhankelijk constructeur van trucks, trailers en vuilniswagens, heeft contracten afgesloten met ENAFOR en OIL INDIA, voor de bouw van 48 reuze Oilfield trucks en 82 Oilfield trailers. 
Deze trucks en trailers zullen ingezet worden voor het transport van boortorens op olievelden respectievelijk in de Sahara en in Assam (India). Ze zijn 6x6 aangedreven, hebben een lang en breed platform bovenop het sterke chassis en zijn uitgerust met een sterke lier opgesteld achter de rug van de stuurhut. Een bijzondere eis aan deze trucks is hun capaciteit om in tropische omstandigheden te werken. Ook bij temperaturen boven 50°C kan er verder naar olie geboord worden. 
De eerste voertuigen zullen geleverd worden vanaf het eerste kwartaal 2017 en de productie loopt over een periode van 30 maanden. De overeenkomsten hebben een contractwaarde van ruim 25 miljoen euro. 
Alle voertuigen zullen gebouwd worden in de werkplaatsen van Staden, West-Vlaanderen. Deze orders komen bovenop het al goed gevuld orderboek. Daarom wordt er 4000 m² hallen bijgebouwd en wordt er actief gezocht naar extra werknemers, voornamelijk lassers en monteurs. 
MOL CY is een Belgisch onafhankelijke constructeur van trucks, trailers, vuilniswagens en toelevering. Het bedrijf, opgericht in 1944, is gevestigd in Staden (België) en behoort tot de MOL Groep. De productie vindt plaats in Staden en bij ITK in Kachtem, eveneens een bedrijf binnen de MOL Groep, samen goed voor een 400-tal medewerkers. Lid van Agoria en goed nieuws? Laat het ons weten! U opent een nieuwe vestiging? Nieuwe investeringen? 
Stuur een mail naar om het ons te melden. 
Na evaluatie en, als het nodig is, op basis van een kort interview schrijven we een korte tekst die we gratis publiceren in onze rubriek &apos;Good News&apos; op www.agoria.be en op Agoria Online! AGORIA, federatie van de technologische industrie Agoria verenigt de bedrijven uit de technologische industrie. De federatie zet zich in voor de toekomst van die bedrijven en de 275.000 mensen die er werken. Snellinks 
</topic_text>
<spam_score>0.03</spam_score>
<post_num>1</post_num>
<post_id>post-1</post_id>
<post_url>http://www.agoria.be/www.wsc/NL/MOL-bouwt-reuzentrucks-voor-oliewinning-in-de-Sahara-en-India?SessionLID=1&amp;amp;enewsid=111292</post_url>
<post_date>20160830</post_date>
<post_time></post_time>
<username></username>
<post>
Contact MOL bouwt reuzentrucks voor oliewinning in de Sahara en India 
MOL CY NV, Agorialid en onafhankelijk constructeur van trucks, trailers en vuilniswagens, heeft contracten afgesloten met ENAFOR en OIL INDIA, voor de bouw van 48 reuze Oilfield trucks en 82 Oilfield trailers. 
Deze trucks en trailers zullen ingezet worden voor het transport van boortorens op olievelden respectievelijk in de Sahara en in Assam (India). Ze zijn 6x6 aangedreven, hebben een lang en breed platform bovenop het sterke chassis en zijn uitgerust met een sterke lier opgesteld achter de rug van de stuurhut. Een bijzondere eis aan deze trucks is hun capaciteit om in tropische omstandigheden te werken. Ook bij temperaturen boven 50°C kan er verder naar olie geboord worden. 
De eerste voertuigen zullen geleverd worden vanaf het eerste kwartaal 2017 en de productie loopt over een periode van 30 maanden. De overeenkomsten hebben een contractwaarde van ruim 25 miljoen euro. 
Alle voertuigen zullen gebouwd worden in de werkplaatsen van Staden, West-Vlaanderen. Deze orders komen bovenop het al goed gevuld orderboek. Daarom wordt er 4000 m² hallen bijgebouwd en wordt er actief gezocht naar extra werknemers, voornamelijk lassers en monteurs. 
MOL CY is een Belgisch onafhankelijke constructeur van trucks, trailers, vuilniswagens en toelevering. Het bedrijf, opgericht in 1944, is gevestigd in Staden (België) en behoort tot de MOL Groep. De productie vindt plaats in Staden en bij ITK in Kachtem, eveneens een bedrijf binnen de MOL Groep, samen goed voor een 400-tal medewerkers. Lid van Agoria en goed nieuws? Laat het ons weten! U opent een nieuwe vestiging? Nieuwe investeringen? 
Stuur een mail naar om het ons te melden. 
Na evaluatie en, als het nodig is, op basis van een kort interview schrijven we een korte tekst die we gratis publiceren in onze rubriek &apos;Good News&apos; op www.agoria.be en op Agoria Online! AGORIA, federatie van de technologische industrie Agoria verenigt de bedrijven uit de technologische industrie. De federatie zet zich in voor de toekomst van die bedrijven en de 275.000 mensen die er werken. Snellinks 
</post>
<signature>

</signature>
<external_links>

</external_links>
<country>BE</country>
<main_image>http://www.agoria.be/upload/Upl37617743.jpg</main_image>
</document>
