<?xml version="1.0" encoding="UTF-8"?>
<document>
<type>mainstream</type>
<forum></forum>
<forum_title></forum_title>
<discussion_title>ジャンパー | 食べても太れない</discussion_title>
<language>japanese</language>
<gmt_offset></gmt_offset>
<topic_url>http://ueno.nu/tgnet5/?p=48407</topic_url>
<topic_text>
ASIN: B00AA9W6IU講談社禁断の（!?）父と娘のSFラブコメ、ときめいちゃったら未来が変わる？ 降ってきたのは“未来の娘”！ ――少女チマは、母の病気を絶つために“17年前の両親（＝弘樹＆恋人）”を探すタイム・ジャンパー。彼女に“父”として甘えられ戸惑う弘樹だけれど、モ.. フィッシャープライス レインフォレスト・ジャンパルー 2016 【日本正規品】 (CCT41) ￥ 9,800 
</topic_text>
<spam_score>0.00</spam_score>
<post_num>1</post_num>
<post_id>post-1</post_id>
<post_url>http://ueno.nu/tgnet5/?p=48407</post_url>
<post_date>20160829</post_date>
<post_time></post_time>
<username></username>
<post>
ASIN: B00AA9W6IU講談社禁断の（!?）父と娘のSFラブコメ、ときめいちゃったら未来が変わる？ 降ってきたのは“未来の娘”！ ――少女チマは、母の病気を絶つために“17年前の両親（＝弘樹＆恋人）”を探すタイム・ジャンパー。彼女に“父”として甘えられ戸惑う弘樹だけれど、モ.. フィッシャープライス レインフォレスト・ジャンパルー 2016 【日本正規品】 (CCT41) ￥ 9,800 
</post>
<signature>

</signature>
<external_links>

</external_links>
<country>JP</country>
<main_image>https://s0.wp.com/i/blank.jpg</main_image>
</document>
