<?xml version="1.0" encoding="UTF-8"?>
<document>
<type>mainstream</type>
<forum>http://oncevatan.com.tr//rss.php</forum>
<forum_title>Önce Vatan | Günlük Ulusal Gazete</forum_title>
<discussion_title>Sınır kapısında dönüş yoğunluğu</discussion_title>
<language>turkish</language>
<gmt_offset></gmt_offset>
<topic_url>http://www.oncevatan.com.tr/guncel/sinir-kapisinda-donus-yogunlugu-h98323.html</topic_url>
<topic_text>
A Milli Takım aday kadrosundan... Sınır kapısında &apos;dönüş&apos; yoğunluğu Memleketlerindeki tatilin ardından, Avrupa&apos;da çalıştıkları ülkelere gitmek için Kapıkule Sınır Kapısı&apos;na gelen yurt dışında yaşan Türk vatandaşları, gümrük sahasında uzun kuyruklar oluşturdu. 29 Ağustos 2016 Pazartesi 15:28 Bu haber 132 kez okundu Avrupa &apos;nın çeşitli ülkelerinde çalışan ve tatillerini memleketlerinde geçiren yurt dışında yaşayan Türk vatandaşları nın geldikleri ülkelere dönüş yolculukları devam ediyor. Yolculuk için hafta içini tercih eden yurt dışında yaşayan Türk vatandaşları, gümrük sahasında uzun kuyruklar oluşturdu. Polis ekipleri ve yetkililer ise bölgede otomobilleri sıralara dizerek kontrollü geçiş sağlıyor. &quot;Tatil bitti dönüşe geçiyoruz&quot; Ankara&apos;da tatilini geçiren Kamber Alıcı, yaptığı açıklamada, Almanya&apos;ya gitmek için yola çıktıklarını söyledi. Tatilde ailesi ve yakınlarıyla hasret giderdiklerini ifade eden Alıcı, &quot;Tatilimiz çok güzel geçti. Bir hafta Ankara&apos;da kaldım. Antalya&apos;ya gittim, her şey çok güzeldi, tatil bitti dönüşe geçiyoruz&quot; diye konuştu. AA
</topic_text>
<spam_score>0.00</spam_score>
<post_num>1</post_num>
<post_id>post-1</post_id>
<post_url>http://www.oncevatan.com.tr/guncel/sinir-kapisinda-donus-yogunlugu-h98323.html</post_url>
<post_date>20160829</post_date>
<post_time>1328</post_time>
<username></username>
<post>
A Milli Takım aday kadrosundan... Sınır kapısında &apos;dönüş&apos; yoğunluğu Memleketlerindeki tatilin ardından, Avrupa&apos;da çalıştıkları ülkelere gitmek için Kapıkule Sınır Kapısı&apos;na gelen yurt dışında yaşan Türk vatandaşları, gümrük sahasında uzun kuyruklar oluşturdu. 29 Ağustos 2016 Pazartesi 15:28 Bu haber 132 kez okundu Avrupa &apos;nın çeşitli ülkelerinde çalışan ve tatillerini memleketlerinde geçiren yurt dışında yaşayan Türk vatandaşları nın geldikleri ülkelere dönüş yolculukları devam ediyor. Yolculuk için hafta içini tercih eden yurt dışında yaşayan Türk vatandaşları, gümrük sahasında uzun kuyruklar oluşturdu. Polis ekipleri ve yetkililer ise bölgede otomobilleri sıralara dizerek kontrollü geçiş sağlıyor. &quot;Tatil bitti dönüşe geçiyoruz&quot; Ankara&apos;da tatilini geçiren Kamber Alıcı, yaptığı açıklamada, Almanya&apos;ya gitmek için yola çıktıklarını söyledi. Tatilde ailesi ve yakınlarıyla hasret giderdiklerini ifade eden Alıcı, &quot;Tatilimiz çok güzel geçti. Bir hafta Ankara&apos;da kaldım. Antalya&apos;ya gittim, her şey çok güzeldi, tatil bitti dönüşe geçiyoruz&quot; diye konuştu. AA
</post>
<signature>

</signature>
<external_links>

</external_links>
<country>TR</country>
<main_image>http://www.oncevatan.com.tr/images/haberler/sinir_kapisinda_donus_yogunlugu_h98323.jpg</main_image>
</document>
