<?xml version="1.0" encoding="UTF-8"?>
<document>
<type>mainstream</type>
<forum>http://rssfeeds.ktvb.com/_/20/109765760/ktvb/local</forum>
<forum_title>KTVB - Local</forum_title>
<discussion_title>Nampa man arrested on rape charge</discussion_title>
<language>english</language>
<gmt_offset></gmt_offset>
<topic_url>http://rssfeeds.ktvb.com/_/20/109765760/ktvb/http&amp;#x3a;&amp;#x2f;&amp;#x2f;www&amp;#x2e;ktvb&amp;#x2e;com&amp;#x2f;news&amp;#x2f;crime&amp;#x2f;nampa-man-arrested-on-rape-charge&amp;#x2f;310596697</topic_url>
<topic_text>
Nampa man arrested on rape charge KTVB , KTVB 1:22   Austin Michael Brown 
NAMPA -- A Nampa man is in the Canyon County Jail after police say a woman told officers he sexually assaulted her in June. 
Austin Michael Brown, 22, was arrested Wednesday on a felony rape charge. 
According to court documents, the woman told officers on June 15 that Brown had raped her days prior after inviting her over to his house. The woman said once she arrived at the home, Brown picked her up and carried her upstairs before forcibly removing her clothing and having sex with her against her will. 
The woman said she repeatedly told Brown to stop and tried to fight him off, but he held her down. In an interview with detectives in July, Brown at first denied that he had had sex with the woman, then admitted to the incident, police say. He later said he had thought the encounter was consensual, telling police the woman had told him &quot;no&quot; but that it wasn&apos;t a &quot;hard no,&quot; according to court documents. 
A warrant was issued for Brown&apos;s arrest Aug. 19. He was taken into custody Wednesday, and remains held on a $75,000 bond. If convicted of rape, he could face up to life in prison. 
Brown is due back in court Sept. 21.
</topic_text>
<spam_score>0.00</spam_score>
<post_num>1</post_num>
<post_id>post-1</post_id>
<post_url>http://rssfeeds.ktvb.com/_/20/109765760/ktvb/http&amp;#x3a;&amp;#x2f;&amp;#x2f;www&amp;#x2e;ktvb&amp;#x2e;com&amp;#x2f;news&amp;#x2f;crime&amp;#x2f;nampa-man-arrested-on-rape-charge&amp;#x2f;310596697</post_url>
<post_date>20160829</post_date>
<post_time>1922</post_time>
<username></username>
<post>
Nampa man arrested on rape charge KTVB , KTVB 1:22   Austin Michael Brown 
NAMPA -- A Nampa man is in the Canyon County Jail after police say a woman told officers he sexually assaulted her in June. 
Austin Michael Brown, 22, was arrested Wednesday on a felony rape charge. 
According to court documents, the woman told officers on June 15 that Brown had raped her days prior after inviting her over to his house. The woman said once she arrived at the home, Brown picked her up and carried her upstairs before forcibly removing her clothing and having sex with her against her will. 
The woman said she repeatedly told Brown to stop and tried to fight him off, but he held her down. In an interview with detectives in July, Brown at first denied that he had had sex with the woman, then admitted to the incident, police say. He later said he had thought the encounter was consensual, telling police the woman had told him &quot;no&quot; but that it wasn&apos;t a &quot;hard no,&quot; according to court documents. 
A warrant was issued for Brown&apos;s arrest Aug. 19. He was taken into custody Wednesday, and remains held on a $75,000 bond. If convicted of rape, he could face up to life in prison. 
Brown is due back in court Sept. 21.
</post>
<signature>

</signature>
<external_links>

</external_links>
<country>US</country>
<main_image>http://content.ktvb.com/photo/2016/08/29/austin%20brown_1472498367434_5872075_ver1.0_640_360.jpg</main_image>
</document>
