<?xml version="1.0" encoding="UTF-8"?>
<document>
<type>mainstream</type>
<forum>http://feeds.news24.com.ng/articles/nigeria/sport/rss</forum>
<forum_title>Nigeria Sport</forum_title>
<discussion_title>News24.com.ng | South Sudan supporter of Infantino runs in FIFA Council vote</discussion_title>
<language>english</language>
<gmt_offset></gmt_offset>
<topic_url>http://www.news24.com.ng/Sport/Football/south-sudan-supporter-of-infantino-runs-in-fifa-council-vote-20160829-12</topic_url>
<topic_text>
South Sudan supporter of Infantino runs in FIFA Council vote 29 August 2016, 21:33 Senate president Saraki wants peace in Nigeria football 
Cairo — The only African voter to publicly support FIFA President Gianni Infantino&apos;s election campaign is competing for a seat on FIFA&apos;s ruling council. 
The Confederation for African Football (CAF) says South Sudan federation president Chabur Goc is among seven entries for two vacant FIFA Council seats in a Sept. 29 election in Cairo. The seats have initial mandates until March. 
CAF says all candidates are undergoing FIFA integrity checks. 
South Sudan hosted Infantino during his campaign in February, and was later the first member federation he visited as president. 
Goc&apos;s rivals include four CAF executive committee members aiming to join the recently expanded FIFA Council. 
They are: Ahmad (Madagascar), Almamy Kabele Camara (Guinea), Kwesi Nyantakyi (Ghana), Suketu Patel (Seychelles). 
The other contenders are: Djibrilla Hima Hamidou (Niger), Augustin Senghor (Senegal).   page. - AP
</topic_text>
<spam_score>0.00</spam_score>
<post_num>1</post_num>
<post_id>post-1</post_id>
<post_url>http://www.news24.com.ng/Sport/Football/south-sudan-supporter-of-infantino-runs-in-fifa-council-vote-20160829-12</post_url>
<post_date>20160829</post_date>
<post_time>2033</post_time>
<username></username>
<post>
South Sudan supporter of Infantino runs in FIFA Council vote 29 August 2016, 21:33 Senate president Saraki wants peace in Nigeria football 
Cairo — The only African voter to publicly support FIFA President Gianni Infantino&apos;s election campaign is competing for a seat on FIFA&apos;s ruling council. 
The Confederation for African Football (CAF) says South Sudan federation president Chabur Goc is among seven entries for two vacant FIFA Council seats in a Sept. 29 election in Cairo. The seats have initial mandates until March. 
CAF says all candidates are undergoing FIFA integrity checks. 
South Sudan hosted Infantino during his campaign in February, and was later the first member federation he visited as president. 
Goc&apos;s rivals include four CAF executive committee members aiming to join the recently expanded FIFA Council. 
They are: Ahmad (Madagascar), Almamy Kabele Camara (Guinea), Kwesi Nyantakyi (Ghana), Suketu Patel (Seychelles). 
The other contenders are: Djibrilla Hima Hamidou (Niger), Augustin Senghor (Senegal).   page. - AP
</post>
<signature>

</signature>
<external_links>

</external_links>
<country>NG</country>
<main_image>http://cdn.24.co.za/files/Cms/General/d/1159/1e7053f2937a42db8c9a861957314f43.jpg</main_image>
</document>
