<?xml version="1.0" encoding="UTF-8"?>
<document>
<type>mainstream</type>
<forum>http://audioboom.com/boos/everyone.rss</forum>
<forum_title>audioBoom</forum_title>
<discussion_title>Yo La Tengo - Don&apos;t Worry Kyoko (Mummy&apos;s Only Looking for Her Hand in the Snow)</discussion_title>
<language>english</language>
<gmt_offset></gmt_offset>
<topic_url>https://audioboom.com/boos/4988225-yo-la-tengo-don-t-worry-kyoko-mummy-s-only-looking-for-her-hand-in-the-snow</topic_url>
<topic_text>
&lt;iframe width=&quot;100%&quot; height=&quot;300&quot; style=&quot;background-color:transparent; display:block; max-width: 700px;&quot; frameborder=&quot;0&quot; allowtransparency=&quot;allowtransparency&quot; scrolling=&quot;no&quot; src=&quot;//embeds.audioboom.com/boos/4988225-yo-la-tengo-don-t-worry-kyoko-mummy-s-only-looking-for-her-hand-in-the-snow/embed/v4?eid=AQAAABa3xFdBHUwA&quot; title=&quot;audioBoom player&quot;&gt;&lt;/iframe&gt; Share on
</topic_text>
<spam_score>0.00</spam_score>
<post_num>1</post_num>
<post_id>post-1</post_id>
<post_url>https://audioboom.com/boos/4988225-yo-la-tengo-don-t-worry-kyoko-mummy-s-only-looking-for-her-hand-in-the-snow</post_url>
<post_date>20160829</post_date>
<post_time>2120</post_time>
<username>hornachuelos12</username>
<post>
&lt;iframe width=&quot;100%&quot; height=&quot;300&quot; style=&quot;background-color:transparent; display:block; max-width: 700px;&quot; frameborder=&quot;0&quot; allowtransparency=&quot;allowtransparency&quot; scrolling=&quot;no&quot; src=&quot;//embeds.audioboom.com/boos/4988225-yo-la-tengo-don-t-worry-kyoko-mummy-s-only-looking-for-her-hand-in-the-snow/embed/v4?eid=AQAAABa3xFdBHUwA&quot; title=&quot;audioBoom player&quot;&gt;&lt;/iframe&gt; Share on
</post>
<signature>

</signature>
<external_links>

</external_links>
<country>GB</country>
<main_image>https://d15mj6e6qmt1na.cloudfront.net/files/images/0659/0451/DSCN8804.jpg</main_image>
</document>
