<?xml version="1.0" encoding="UTF-8"?>
<document>
<type>mainstream</type>
<forum>http://www.ilkleygazette.co.uk/leisure/showbiz/rss</forum>
<forum_title>Ilkley Gazette | National Entertainment News</forum_title>
<discussion_title>Swizz Beatz shares amazing picture of the stars partying after the VMAs</discussion_title>
<language>english</language>
<gmt_offset></gmt_offset>
<topic_url>http://www.ilkleygazette.co.uk/leisure/showbiz/14711015.Swizz_Beatz_shares_amazing_picture_of_the_stars_partying_after_the_VMAs/</topic_url>
<topic_text>
Have you got a local story, picture or video you would like to send to us? Send it to us now for a chance to get published. Services Swizz Beatz shares amazing picture of the stars partying after the VMAs Swizz Beatz shares amazing picture of the stars partying after the VMAs 
/ Press Association 2014 
It’s a case of spot the A-lister in the epic snap Swizz Beatz shared on Instagram. 
Hours after the MTV Video Music Awards had wrapped, he posted the image of one of the most star-studded after-parties ever. 
His wife Alicia Keys is there, alongside the likes of Beyonce and Jay Z, Kim Kardashian and Kanye West and Diddy. 
He captioned the shot: “Family Zone.” Promoted stories
</topic_text>
<spam_score>0.00</spam_score>
<post_num>1</post_num>
<post_id>post-1</post_id>
<post_url>http://www.ilkleygazette.co.uk/leisure/showbiz/14711015.Swizz_Beatz_shares_amazing_picture_of_the_stars_partying_after_the_VMAs/</post_url>
<post_date>20160829</post_date>
<post_time>1702</post_time>
<username></username>
<post>
Have you got a local story, picture or video you would like to send to us? Send it to us now for a chance to get published. Services Swizz Beatz shares amazing picture of the stars partying after the VMAs Swizz Beatz shares amazing picture of the stars partying after the VMAs 
/ Press Association 2014 
It’s a case of spot the A-lister in the epic snap Swizz Beatz shared on Instagram. 
Hours after the MTV Video Music Awards had wrapped, he posted the image of one of the most star-studded after-parties ever. 
His wife Alicia Keys is there, alongside the likes of Beyonce and Jay Z, Kim Kardashian and Kanye West and Diddy. 
He captioned the shot: “Family Zone.” Promoted stories
</post>
<signature>

</signature>
<external_links>

</external_links>
<country>GB</country>
<main_image>http://www.ilkleygazette.co.uk/resources/images/5428339/</main_image>
</document>
