<?xml version="1.0" encoding="UTF-8"?>
<document>
<type>mainstream</type>
<forum>http://elmundo.com.sv/feed/</forum>
<forum_title>Diario El Mundo</forum_title>
<discussion_title>Declaran alerta verde en 14 departamentos de Honduras por depresión 9</discussion_title>
<language>spanish</language>
<gmt_offset></gmt_offset>
<topic_url>http://elmundo.sv/declaran-alerta-verde-en-14-departamentos-de-honduras-por-depresion-9/</topic_url>
<topic_text>
&gt; Declaran alerta verde en 14 departamentos de Honduras por depresión 9 Declaran alerta verde en 14 departamentos de Honduras por depresión 9 EFE por Erika Ventura &amp; archivado en Centroamérica , Internacionales , Ultima Hora . Cortesía @COPECO_HONDURAS La Comisión Permanente de Contingencias (Copeco) de Honduras declaró hoy “alerta verde” (preventiva) en 14 de los 18 departamentos del país ante la evolución de la novena depresión tropical del Atlántico. 
La alerta verde, por 48 horas, regirá en los departamentos occidentales de La Paz, Intibucá, Lempira, Ocotepeque, Santa Bárbara, lo mismo que Olancho y El Paraíso (oriente); Valle y Choluteca (sur); Francisco Morazán y Comayagua (centro); Yoro y Cortés (norte); y Colón, en el Caribe hondureño, indicó la Copeco en un comunicado. publicidad 
El Centro de Estudios Atmosféricos, Oceanográficos y Sísmicos de la Copeco señaló que la novena depresión se localiza al noroeste de Cuba, registra un movimiento hacia el oeste, con una velocidad de 18 kilómetros por hora y vientos de 70 kilómetros por hora. 
El fenómeno atmosférico experimentará hoy un giro hacia el oeste-noroeste seguido de un cambió hacia el norte en la noche del martes, según el Centro Nacional de Huracanes (NHC) de Estados Unidos. 
La depresión se desplaza hacia el oeste, arrastra vientos máximos sostenidos 55 kilómetros por hora y “es probable que se convierta en una tormenta tropical en las próximas horas o esta noche”, señalaron los meteorólogos del NHC. 
La depresión generaría “una vaguada” en Honduras que dejará “abundante nubosidad y lluvias de moderadas a fuertes” durante las próximas 48 horas, con acumulados que podrían superar los 50 milímetros por metro cuadrado, señaló la Copeco. 
El organismo de protección civil indicó que la alerta obedece “al alto nivel de saturación del suelo” en esos departamentos, lo cual podría causar “deslizamientos, derrumbes y desprendimiento de rocas”. 
Las lluvias de las últimas horas han dejado una mujer muerta, 39 familias afectadas, más de una veintena evacuadas y albergadas, inundaciones y daños materiales, según un informe de la Copeco y el Cuerpo de Bomberos. Más Noticias El huracán Lester sigue su trayecto por el Pacífico   17 [name] =&gt; Centroamérica [slug] =&gt; centroamerica   17   19 [count] =&gt; 816 [filter] =&gt; raw [object_id] =&gt; 687781 [cat_ID] =&gt; 17 [category_count] =&gt; 816   Centroamérica [category_nicename] =&gt; centroamerica [category_parent] =&gt; 19   19 [name] =&gt; Internacionales [slug] =&gt; internacionales   19   5580 [filter] =&gt; raw [object_id] =&gt; 687781 [cat_ID] =&gt; 19 [category_count] =&gt; 5580   Internacionales [category_nicename] =&gt; internacionales [category_parent] =&gt; 0 ) [2] =&gt; WP_Term Object ( [term_id] =&gt; 503 [name] =&gt; Ultima Hora [slug] =&gt; ultima-hora   503   12838 [filter] =&gt; raw [object_id] =&gt; 687781 [cat_ID] =&gt; 503 [category_count] =&gt; 12838   Ultima Hora [category_nicename] =&gt; ultima-hora [category_parent] =&gt; 0 ) ) 1 WP_Term Object ( [term_id] =&gt; 503 [name] =&gt; Ultima Hora [slug] =&gt; ultima-hora   503   12838 [filter] =&gt; raw [object_id] =&gt; 687781 [cat_ID] =&gt; 503 [category_count] =&gt; 12838   Ultima Hora [category_nicename] =&gt; ultima-hora [category_parent] =&gt; 0 ) 1 WP_Term Object ( [term_id] =&gt; 503 [name] =&gt; Ultima Hora [slug] =&gt; ultima-hora   503   12838 [filter] =&gt; raw [object_id] =&gt; 687781 [cat_ID] =&gt; 503 [category_count] =&gt; 12838   Ultima Hora [category_nicename] =&gt; ultima-hora [category_parent] =&gt; 0 ) 1 RECIBE NUESTRAS ÚLTIMAS NOTICIAS EN TU eMAIL Suscríbete a nuestro boletín Titulares Diario El Mundo Agenda Arte&amp;Relax Array ( [0] =&gt; WP_Term Object ( [term_id] =&gt; 17 [name] =&gt; Centroamérica [slug] =&gt; centroamerica   17   19 [count] =&gt; 816 [filter] =&gt; raw [object_id] =&gt; 687781 [cat_ID] =&gt; 17 [category_count] =&gt; 816   Centroamérica [category_nicename] =&gt; centroamerica [category_parent] =&gt; 19   19 [name] =&gt; Internacionales [slug] =&gt; internacionales   19   5580 [filter] =&gt; raw [object_id] =&gt; 687781 [cat_ID] =&gt; 19 [category_count] =&gt; 5580   Internacionales [category_nicename] =&gt; internacionales [category_parent] =&gt; 0 ) [2] =&gt; WP_Term Object ( [term_id] =&gt; 503 [name] =&gt; Ultima Hora [slug] =&gt; deportes   503   12838 [filter] =&gt; raw [object_id] =&gt; 687781 [cat_ID] =&gt; 503 [category_count] =&gt; 12838   Ultima Hora [category_nicename] =&gt; deportes [category_parent] =&gt; 0 ) ) 1 WP_Term Object ( [term_id] =&gt; 503 [name] =&gt; Ultima Hora [slug] =&gt; deportes   503   12838 [filter] =&gt; raw [object_id] =&gt; 687781 [cat_ID] =&gt; 503 [category_count] =&gt; 12838   Ultima Hora [category_nicename] =&gt; deportes [category_parent] =&gt; 0 ) 1 WP_Term Object ( [term_id] =&gt; 503 [name] =&gt; Ultima Hora [slug] =&gt; deportes   503   12838 [filter] =&gt; raw [object_id] =&gt; 687781 [cat_ID] =&gt; 503 [category_count] =&gt; 12838   Ultima Hora [category_nicename] =&gt; deportes [category_parent] =&gt; 0 ) 1
</topic_text>
<spam_score>0.00</spam_score>
<post_num>1</post_num>
<post_id>post-1</post_id>
<post_url>http://elmundo.sv/declaran-alerta-verde-en-14-departamentos-de-honduras-por-depresion-9/</post_url>
<post_date>20160829</post_date>
<post_time>2248</post_time>
<username>Erika Ventura</username>
<post>
&gt; Declaran alerta verde en 14 departamentos de Honduras por depresión 9 Declaran alerta verde en 14 departamentos de Honduras por depresión 9 EFE por Erika Ventura &amp; archivado en Centroamérica , Internacionales , Ultima Hora . Cortesía @COPECO_HONDURAS La Comisión Permanente de Contingencias (Copeco) de Honduras declaró hoy “alerta verde” (preventiva) en 14 de los 18 departamentos del país ante la evolución de la novena depresión tropical del Atlántico. 
La alerta verde, por 48 horas, regirá en los departamentos occidentales de La Paz, Intibucá, Lempira, Ocotepeque, Santa Bárbara, lo mismo que Olancho y El Paraíso (oriente); Valle y Choluteca (sur); Francisco Morazán y Comayagua (centro); Yoro y Cortés (norte); y Colón, en el Caribe hondureño, indicó la Copeco en un comunicado. publicidad 
El Centro de Estudios Atmosféricos, Oceanográficos y Sísmicos de la Copeco señaló que la novena depresión se localiza al noroeste de Cuba, registra un movimiento hacia el oeste, con una velocidad de 18 kilómetros por hora y vientos de 70 kilómetros por hora. 
El fenómeno atmosférico experimentará hoy un giro hacia el oeste-noroeste seguido de un cambió hacia el norte en la noche del martes, según el Centro Nacional de Huracanes (NHC) de Estados Unidos. 
La depresión se desplaza hacia el oeste, arrastra vientos máximos sostenidos 55 kilómetros por hora y “es probable que se convierta en una tormenta tropical en las próximas horas o esta noche”, señalaron los meteorólogos del NHC. 
La depresión generaría “una vaguada” en Honduras que dejará “abundante nubosidad y lluvias de moderadas a fuertes” durante las próximas 48 horas, con acumulados que podrían superar los 50 milímetros por metro cuadrado, señaló la Copeco. 
El organismo de protección civil indicó que la alerta obedece “al alto nivel de saturación del suelo” en esos departamentos, lo cual podría causar “deslizamientos, derrumbes y desprendimiento de rocas”. 
Las lluvias de las últimas horas han dejado una mujer muerta, 39 familias afectadas, más de una veintena evacuadas y albergadas, inundaciones y daños materiales, según un informe de la Copeco y el Cuerpo de Bomberos. Más Noticias El huracán Lester sigue su trayecto por el Pacífico   17 [name] =&gt; Centroamérica [slug] =&gt; centroamerica   17   19 [count] =&gt; 816 [filter] =&gt; raw [object_id] =&gt; 687781 [cat_ID] =&gt; 17 [category_count] =&gt; 816   Centroamérica [category_nicename] =&gt; centroamerica [category_parent] =&gt; 19   19 [name] =&gt; Internacionales [slug] =&gt; internacionales   19   5580 [filter] =&gt; raw [object_id] =&gt; 687781 [cat_ID] =&gt; 19 [category_count] =&gt; 5580   Internacionales [category_nicename] =&gt; internacionales [category_parent] =&gt; 0 ) [2] =&gt; WP_Term Object ( [term_id] =&gt; 503 [name] =&gt; Ultima Hora [slug] =&gt; ultima-hora   503   12838 [filter] =&gt; raw [object_id] =&gt; 687781 [cat_ID] =&gt; 503 [category_count] =&gt; 12838   Ultima Hora [category_nicename] =&gt; ultima-hora [category_parent] =&gt; 0 ) ) 1 WP_Term Object ( [term_id] =&gt; 503 [name] =&gt; Ultima Hora [slug] =&gt; ultima-hora   503   12838 [filter] =&gt; raw [object_id] =&gt; 687781 [cat_ID] =&gt; 503 [category_count] =&gt; 12838   Ultima Hora [category_nicename] =&gt; ultima-hora [category_parent] =&gt; 0 ) 1 WP_Term Object ( [term_id] =&gt; 503 [name] =&gt; Ultima Hora [slug] =&gt; ultima-hora   503   12838 [filter] =&gt; raw [object_id] =&gt; 687781 [cat_ID] =&gt; 503 [category_count] =&gt; 12838   Ultima Hora [category_nicename] =&gt; ultima-hora [category_parent] =&gt; 0 ) 1 RECIBE NUESTRAS ÚLTIMAS NOTICIAS EN TU eMAIL Suscríbete a nuestro boletín Titulares Diario El Mundo Agenda Arte&amp;Relax Array ( [0] =&gt; WP_Term Object ( [term_id] =&gt; 17 [name] =&gt; Centroamérica [slug] =&gt; centroamerica   17   19 [count] =&gt; 816 [filter] =&gt; raw [object_id] =&gt; 687781 [cat_ID] =&gt; 17 [category_count] =&gt; 816   Centroamérica [category_nicename] =&gt; centroamerica [category_parent] =&gt; 19   19 [name] =&gt; Internacionales [slug] =&gt; internacionales   19   5580 [filter] =&gt; raw [object_id] =&gt; 687781 [cat_ID] =&gt; 19 [category_count] =&gt; 5580   Internacionales [category_nicename] =&gt; internacionales [category_parent] =&gt; 0 ) [2] =&gt; WP_Term Object ( [term_id] =&gt; 503 [name] =&gt; Ultima Hora [slug] =&gt; deportes   503   12838 [filter] =&gt; raw [object_id] =&gt; 687781 [cat_ID] =&gt; 503 [category_count] =&gt; 12838   Ultima Hora [category_nicename] =&gt; deportes [category_parent] =&gt; 0 ) ) 1 WP_Term Object ( [term_id] =&gt; 503 [name] =&gt; Ultima Hora [slug] =&gt; deportes   503   12838 [filter] =&gt; raw [object_id] =&gt; 687781 [cat_ID] =&gt; 503 [category_count] =&gt; 12838   Ultima Hora [category_nicename] =&gt; deportes [category_parent] =&gt; 0 ) 1 WP_Term Object ( [term_id] =&gt; 503 [name] =&gt; Ultima Hora [slug] =&gt; deportes   503   12838 [filter] =&gt; raw [object_id] =&gt; 687781 [cat_ID] =&gt; 503 [category_count] =&gt; 12838   Ultima Hora [category_nicename] =&gt; deportes [category_parent] =&gt; 0 ) 1
</post>
<signature>

</signature>
<external_links>

</external_links>
<country>SV</country>
<main_image>http://cdn.elmundo.sv/wp-content/themes/wp_bs/images/default-post.png</main_image>
</document>
