<?xml version="1.0" encoding="UTF-8"?>
<document>
<type>mainstream</type>
<forum></forum>
<forum_title></forum_title>
<discussion_title>Smart Logistiek Centrum voor Dewulf</discussion_title>
<language>dutch</language>
<gmt_offset></gmt_offset>
<topic_url>http://www.agoria.be/www.wsc/NL/Dewulf-bouwt-aan-langetermijnvisie-via-Smart-Logistiek-Centrum?SessionLID=1&amp;amp;enewsid=111303</topic_url>
<topic_text>
Contact Dewulf bouwt aan langetermijnvisie via Smart Logistiek Centrum 
Agoria-lidbedrijf Dewulf , specialist op het gebied van rooitechnologie voor aardappelen en wortelen, breidt de capaciteit van zijn vestiging in Roeselare verder uit. Aan de overkant van de bestaande gebouwen aan de Moorseelsesteenweg wordt een volledig nieuw Smart Logistiek Centrum opgetrokken. 
De kick-off van het bouwproject, waarmee Dewulf zijn lokale verankering in het hart van Europa&apos;s grootste aardappel- en groenteregio bestendigt, vindt plaats op donderdag 1 september. Op die datum wordt aangevangen met de afbraak van de gebouwen die vroeger dienst deden als vlasloodsen. Tegen eind 2017 komt op diezelfde plaats een 7.800 m² groot Smart Logistiek Centrum dat werkgelegenheid zal bieden aan minstens een 8-tal logistieke medewerkers. 
Dit miljoenenproject zal een katalysator zijn voor de verdere groei en toekomst van Dewulf, zo stelt het bedrijf zelf in een persbericht: &quot;Uniek in de streek wordt de verbinding tussen de huidige productiesite en de nieuwbouw door middel van een brug over de weg. Zo behoort het oversteken van vorkheftrucks definitief tot het verleden. Deze significante efficiëntieverbeteringen en just-in-time aflevering in de montagelijnen zullen leiden tot voorraadoptimalisaties en bijdragen tot het bereiken van een hogere productiecapaciteit. Op deze manier kunnen klanten blijven rekenen op een uitstekende service en betrouwbaarheid voor, tijdens en na de meest veeleisende periode van het jaar.&quot; 
Het logistiek centrum werd op een weldoordachte manier ontworpen, waarbij zijn modulaire bouw het toelaat om in de toekomst een extra verdieping op de bestaande infrastructuur te realiseren. Ook ecologie, met de nadruk op o.a. energiebesparing, was één van de belangrijkste aspecten in het ontwerp van het Smart Logistiek Centrum. 
</topic_text>
<spam_score>0.02</spam_score>
<post_num>1</post_num>
<post_id>post-1</post_id>
<post_url>http://www.agoria.be/www.wsc/NL/Dewulf-bouwt-aan-langetermijnvisie-via-Smart-Logistiek-Centrum?SessionLID=1&amp;amp;enewsid=111303</post_url>
<post_date>20160830</post_date>
<post_time></post_time>
<username></username>
<post>
Contact Dewulf bouwt aan langetermijnvisie via Smart Logistiek Centrum 
Agoria-lidbedrijf Dewulf , specialist op het gebied van rooitechnologie voor aardappelen en wortelen, breidt de capaciteit van zijn vestiging in Roeselare verder uit. Aan de overkant van de bestaande gebouwen aan de Moorseelsesteenweg wordt een volledig nieuw Smart Logistiek Centrum opgetrokken. 
De kick-off van het bouwproject, waarmee Dewulf zijn lokale verankering in het hart van Europa&apos;s grootste aardappel- en groenteregio bestendigt, vindt plaats op donderdag 1 september. Op die datum wordt aangevangen met de afbraak van de gebouwen die vroeger dienst deden als vlasloodsen. Tegen eind 2017 komt op diezelfde plaats een 7.800 m² groot Smart Logistiek Centrum dat werkgelegenheid zal bieden aan minstens een 8-tal logistieke medewerkers. 
Dit miljoenenproject zal een katalysator zijn voor de verdere groei en toekomst van Dewulf, zo stelt het bedrijf zelf in een persbericht: &quot;Uniek in de streek wordt de verbinding tussen de huidige productiesite en de nieuwbouw door middel van een brug over de weg. Zo behoort het oversteken van vorkheftrucks definitief tot het verleden. Deze significante efficiëntieverbeteringen en just-in-time aflevering in de montagelijnen zullen leiden tot voorraadoptimalisaties en bijdragen tot het bereiken van een hogere productiecapaciteit. Op deze manier kunnen klanten blijven rekenen op een uitstekende service en betrouwbaarheid voor, tijdens en na de meest veeleisende periode van het jaar.&quot; 
Het logistiek centrum werd op een weldoordachte manier ontworpen, waarbij zijn modulaire bouw het toelaat om in de toekomst een extra verdieping op de bestaande infrastructuur te realiseren. Ook ecologie, met de nadruk op o.a. energiebesparing, was één van de belangrijkste aspecten in het ontwerp van het Smart Logistiek Centrum. 
</post>
<signature>

</signature>
<external_links>

</external_links>
<country>BE</country>
<main_image>http://www.agoria.be/upload/Upl50124426.jpg</main_image>
</document>
