<?xml version="1.0" encoding="UTF-8"?>
<document>
<type>mainstream</type>
<forum>http://audioboom.com/boos/everyone.rss</forum>
<forum_title>audioBoom</forum_title>
<discussion_title>The Curious Cases of Rutherford &amp; Fry: Tea &amp; Tears</discussion_title>
<language>english</language>
<gmt_offset></gmt_offset>
<topic_url>https://audioboom.com/boos/4988299-the-curious-cases-of-rutherford-fry-tea-tears</topic_url>
<topic_text>
&lt;iframe width=&quot;100%&quot; height=&quot;150&quot; style=&quot;background-color:transparent; display:block; min-width:300px; max-width:700px;&quot; frameborder=&quot;0&quot; allowtransparency=&quot;allowtransparency&quot; scrolling=&quot;no&quot; src=&quot;//embeds.audioboom.com/boos/4988299-the-curious-cases-of-rutherford-fry-tea-tears/embed/v3?eid=AQAAAG22xFeLHUwA&quot; title=&quot;audioBoom player&quot;&gt;&lt;/iframe&gt; Share on 
A story of sorrow and comfort today, as Drs Adam Rutherford &amp; Hannah Fry investigate two mysteries sent in by listeners to curiouscases@bbc.co.uk: 
THE PSYCHIC TEAR 
Edith Calman challenges our scientific sleuths to answer the following question: 
“What is it about extreme pain, emotional shock or the sight of a three year old stumbling their way through an off-key rendition of &apos;Away in a Manger&apos; that makes the brain send messages to the lacrimal glands to chuck out water?&quot; 
Hannah discovers how the eye produces tears, with the help of Dr Nick Knight. Broadcaster Claudia Hammond, author of &apos;Emotional Rollercoaster&apos;, describes why Darwin experimented on his children until they cried. 
Adam watches a tearjerker to take part in a psychological study, but ends up getting angry instead. 
THE TEA LEAF MYSTERY 
The team examine how to make the perfect cup of British tea, in response to Fred Rickaby from North Carolina: 
&quot;When we are preparing a cup of tea and the cup contains nothing but hot, brewed tea we need to add milk and sugar. My wife always adds the sugar first, stirs the cup to make sure it is dissolved and then add the milk. So, is that an optimum strategy for adding milk and sugar to a cup of tea?&quot; 
Adam consults Prof Andrea Sella from University College London about the chemistry of tea. Hannah visits a tea factory in Kent where Master Blender Alex Probyn teaches her an unusual method for tasting tea. 
They conclude with the most important question: should you add the milk first or last? And can tea professionals really tell the difference? 
If you have any everyday mysteries for the team to investigate using the power of science, please email curiouscases@bbc.co.uk 
Image: © BBC 
Presenters: Dr Hannah Fry, Dr Adam Rutherford 
Producer: Michelle Martin
</topic_text>
<spam_score>0.00</spam_score>
<post_num>1</post_num>
<post_id>post-1</post_id>
<post_url>https://audioboom.com/boos/4988299-the-curious-cases-of-rutherford-fry-tea-tears</post_url>
<post_date>20160829</post_date>
<post_time>2132</post_time>
<username>Discovery</username>
<post>
&lt;iframe width=&quot;100%&quot; height=&quot;150&quot; style=&quot;background-color:transparent; display:block; min-width:300px; max-width:700px;&quot; frameborder=&quot;0&quot; allowtransparency=&quot;allowtransparency&quot; scrolling=&quot;no&quot; src=&quot;//embeds.audioboom.com/boos/4988299-the-curious-cases-of-rutherford-fry-tea-tears/embed/v3?eid=AQAAAG22xFeLHUwA&quot; title=&quot;audioBoom player&quot;&gt;&lt;/iframe&gt; Share on 
A story of sorrow and comfort today, as Drs Adam Rutherford &amp; Hannah Fry investigate two mysteries sent in by listeners to curiouscases@bbc.co.uk: 
THE PSYCHIC TEAR 
Edith Calman challenges our scientific sleuths to answer the following question: 
“What is it about extreme pain, emotional shock or the sight of a three year old stumbling their way through an off-key rendition of &apos;Away in a Manger&apos; that makes the brain send messages to the lacrimal glands to chuck out water?&quot; 
Hannah discovers how the eye produces tears, with the help of Dr Nick Knight. Broadcaster Claudia Hammond, author of &apos;Emotional Rollercoaster&apos;, describes why Darwin experimented on his children until they cried. 
Adam watches a tearjerker to take part in a psychological study, but ends up getting angry instead. 
THE TEA LEAF MYSTERY 
The team examine how to make the perfect cup of British tea, in response to Fred Rickaby from North Carolina: 
&quot;When we are preparing a cup of tea and the cup contains nothing but hot, brewed tea we need to add milk and sugar. My wife always adds the sugar first, stirs the cup to make sure it is dissolved and then add the milk. So, is that an optimum strategy for adding milk and sugar to a cup of tea?&quot; 
Adam consults Prof Andrea Sella from University College London about the chemistry of tea. Hannah visits a tea factory in Kent where Master Blender Alex Probyn teaches her an unusual method for tasting tea. 
They conclude with the most important question: should you add the milk first or last? And can tea professionals really tell the difference? 
If you have any everyday mysteries for the team to investigate using the power of science, please email curiouscases@bbc.co.uk 
Image: © BBC 
Presenters: Dr Hannah Fry, Dr Adam Rutherford 
Producer: Michelle Martin
</post>
<signature>

</signature>
<external_links>

</external_links>
<country>GB</country>
<main_image>https://d15mj6e6qmt1na.cloudfront.net/files/images/1039/4814/mza_3906063621319113960.600x600-75.jpg</main_image>
</document>
