<?xml version="1.0" encoding="UTF-8"?>
<document>
<type>mainstream</type>
<forum>http://audioboom.com/boos/everyone.rss</forum>
<forum_title>audioBoom</forum_title>
<discussion_title>Ronn Owens - Cat and Dog Behaviorists!</discussion_title>
<language>english</language>
<gmt_offset></gmt_offset>
<topic_url>https://audioboom.com/boos/4988288-ronn-owens-cat-and-dog-behaviorists</topic_url>
<topic_text>
&lt;iframe width=&quot;100%&quot; height=&quot;300&quot; style=&quot;background-color:transparent; display:block; max-width: 700px;&quot; frameborder=&quot;0&quot; allowtransparency=&quot;allowtransparency&quot; scrolling=&quot;no&quot; src=&quot;//embeds.audioboom.com/boos/4988288-ronn-owens-cat-and-dog-behaviorists/embed/v4?eid=AQAAAAG2xFeAHUwA&quot; title=&quot;audioBoom player&quot;&gt;&lt;/iframe&gt; Share on 
Ronn welcomes a #cat and a #dog behaviorist into the studio to answer all your feline and canine questions! 
MIKEL DELGADO - Certified Cat Behavior Consultant and founder of www.FelineMinds.com 
JEAN DONALDSON - Dog Trainer, Instructor, and founder of www.AcademyforDogTrainers.com 
Many areas covered . . . 
&gt; How to handle separation anxiety in your dog. 
&gt; What to do if your cat is scratching up the rugs or furniture. 
&gt; Why some cats won&apos;t drink water from a bowl (and the instinctual reason they prefer running water). 
&gt; With the kids returning to school after summer break ... that impacts your pets. What&apos;s the key? Enrichment! 
&gt; If your cat is more active at night and interrupting your sleep, is there something you can do about that? Yes!
</topic_text>
<spam_score>0.00</spam_score>
<post_num>1</post_num>
<post_id>post-1</post_id>
<post_url>https://audioboom.com/boos/4988288-ronn-owens-cat-and-dog-behaviorists</post_url>
<post_date>20160829</post_date>
<post_time>2140</post_time>
<username>Ronn Owens</username>
<post>
&lt;iframe width=&quot;100%&quot; height=&quot;300&quot; style=&quot;background-color:transparent; display:block; max-width: 700px;&quot; frameborder=&quot;0&quot; allowtransparency=&quot;allowtransparency&quot; scrolling=&quot;no&quot; src=&quot;//embeds.audioboom.com/boos/4988288-ronn-owens-cat-and-dog-behaviorists/embed/v4?eid=AQAAAAG2xFeAHUwA&quot; title=&quot;audioBoom player&quot;&gt;&lt;/iframe&gt; Share on 
Ronn welcomes a #cat and a #dog behaviorist into the studio to answer all your feline and canine questions! 
MIKEL DELGADO - Certified Cat Behavior Consultant and founder of www.FelineMinds.com 
JEAN DONALDSON - Dog Trainer, Instructor, and founder of www.AcademyforDogTrainers.com 
Many areas covered . . . 
&gt; How to handle separation anxiety in your dog. 
&gt; What to do if your cat is scratching up the rugs or furniture. 
&gt; Why some cats won&apos;t drink water from a bowl (and the instinctual reason they prefer running water). 
&gt; With the kids returning to school after summer break ... that impacts your pets. What&apos;s the key? Enrichment! 
&gt; If your cat is more active at night and interrupting your sleep, is there something you can do about that? Yes!
</post>
<signature>

</signature>
<external_links>

</external_links>
<country>GB</country>
<main_image>https://d15mj6e6qmt1na.cloudfront.net/files/images/2091/8478/feed-kgo-ronnowens.png</main_image>
</document>
