<?xml version="1.0" encoding="UTF-8"?>
<document>
<type>mainstream</type>
<forum>http://chelmsford.wickedlocal.com/news/community?template=rss&amp;mime=xml</forum>
<forum_title>Community - Chelmsford Independent</forum_title>
<discussion_title>Acton Community Chorus appoints new music director, accompanist</discussion_title>
<language>english</language>
<gmt_offset></gmt_offset>
<topic_url>http://chelmsford.wickedlocal.com/news/20160824/acton-community-chorus-appoints-new-music-director-accompanist</topic_url>
<topic_text>
subscribe 
Acton Community Chorus,   dedicated to bringing choral music to area communities since 1984, has appointed new music director Jennifer Cooper and accompanist Ed Rosser for its next season to begin in September.Cooper is the director of music at Lawrence Academy. She holds a Master of Music in choral conducting from the University of Southern Maine and a Bachelor of Arts in vocal performance and pedagogy from Plymouth State University. In the spring of 2013, Cooper served as the director of the Plymouth State University Chamber Singers in preparation for performances of “Mass in B minor&quot; by Johann Sebastian Bach. Since 2008, she has sung with the New Hampshire Master Chorale as both a soloist and choir member, and served on the NHMC board from 2009 to 2013. Cooper is the co-founder of the NHMC Children’s Chorus Festival. From 2011 to 2013, she was the adjunct voice teacher at the New Hampton School, and from 2009 to 2012, she was the choral music teacher at Gould Academy in Bethel, Maine.Rosser, who sang with ACC in past years and performed occasionally at concerts, is the ballet accompanist at Dean College in Franklin and at Jose Mateo Ballet in Cambridge, as well as accompanist for several school choruses.To begin the next season, ACC will hold open rehearsals from 7:30 to 9:30 p.m. Sept. 19 and 26 at Faith Evangelical Free Church, 54 Hosmer St., Acton. During these rehearsals, residents may sing with the group before they decide to join. The chorus is open, without audition, to all singers 18 and older. ACC is supported, in part, by grants from the Acton-Boxborough, Bedford, Chelmsford, Concord, Hudson, Littleton and Stow cultural councils, which are supported by the Massachusetts Cultural Council, a state agency.Chorus members include singers from Acton, Chelmsford, Dunstable, Groton, Harvard, Hudson, Lincoln, Littleton, Marlboro, Maynard, Stow and Westford.For information, visit actoncommunitychorus.org.
</topic_text>
<spam_score>0.00</spam_score>
<post_num>1</post_num>
<post_id>post-1</post_id>
<post_url>http://chelmsford.wickedlocal.com/news/20160824/acton-community-chorus-appoints-new-music-director-accompanist</post_url>
<post_date>20160829</post_date>
<post_time>1451</post_time>
<username></username>
<post>
subscribe 
Acton Community Chorus,   dedicated to bringing choral music to area communities since 1984, has appointed new music director Jennifer Cooper and accompanist Ed Rosser for its next season to begin in September.Cooper is the director of music at Lawrence Academy. She holds a Master of Music in choral conducting from the University of Southern Maine and a Bachelor of Arts in vocal performance and pedagogy from Plymouth State University. In the spring of 2013, Cooper served as the director of the Plymouth State University Chamber Singers in preparation for performances of “Mass in B minor&quot; by Johann Sebastian Bach. Since 2008, she has sung with the New Hampshire Master Chorale as both a soloist and choir member, and served on the NHMC board from 2009 to 2013. Cooper is the co-founder of the NHMC Children’s Chorus Festival. From 2011 to 2013, she was the adjunct voice teacher at the New Hampton School, and from 2009 to 2012, she was the choral music teacher at Gould Academy in Bethel, Maine.Rosser, who sang with ACC in past years and performed occasionally at concerts, is the ballet accompanist at Dean College in Franklin and at Jose Mateo Ballet in Cambridge, as well as accompanist for several school choruses.To begin the next season, ACC will hold open rehearsals from 7:30 to 9:30 p.m. Sept. 19 and 26 at Faith Evangelical Free Church, 54 Hosmer St., Acton. During these rehearsals, residents may sing with the group before they decide to join. The chorus is open, without audition, to all singers 18 and older. ACC is supported, in part, by grants from the Acton-Boxborough, Bedford, Chelmsford, Concord, Hudson, Littleton and Stow cultural councils, which are supported by the Massachusetts Cultural Council, a state agency.Chorus members include singers from Acton, Chelmsford, Dunstable, Groton, Harvard, Hudson, Lincoln, Littleton, Marlboro, Maynard, Stow and Westford.For information, visit actoncommunitychorus.org.
</post>
<signature>

</signature>
<external_links>

</external_links>
<country>US</country>
<main_image>http://chelmsford.wickedlocal.com/Global/images/head/nameplate/chelmsford_logo.png</main_image>
</document>
