<?xml version="1.0" encoding="UTF-8"?>
<document>
<type>mainstream</type>
<forum>http://ilmattino.it/SPECIALI/GIUBILEO/</forum>
<forum_title>Il Mattino</forum_title>
<discussion_title>Ambulanti in rivolta: con la liberalizzazione rischiano in 200mila</discussion_title>
<language>italian</language>
<gmt_offset></gmt_offset>
<topic_url>http://ilmattino.it/SPECIALI/GIUBILEO/pay/edicola/ambulanti_in_rivolta_con_la_liberalizzazione_rischiano_in_200mila-1935575.html</topic_url>
<topic_text>
Commercianti ambulanti in piazza il 28 settembre a a Roma. Circa 200mila le imprese che si sentono minacciate dall’applicazione della direttiva Bolkestein che liberalizza i servizi nei Paesi Ue. Con la nuova norma dal 5 luglio 2017 le concessioni per suolo pubblico di mercati, mercatini, strade, quartieri, andranno in gara per essere assegnate, con bandi pubblici a scadenze di 7, 9 e 12 anni. Una manifestazione è prevista a Napoli al mercato Caramanico il 5 settembre. La protesta ha per epicentro Campania e Lazio, regioni dove, si... CONTINUA A LEGGERE L&apos;ARTICOLO: Accesso illimitato agli articoli
selezionati dal quotidiano Le edizioni del giornale ogni giorno
su PC, smartphone e tablet PROVA GRATIS Se sei già un cliente accedi con le tue credenziali: USERNAME PASSWORD
</topic_text>
<spam_score>0.00</spam_score>
<post_num>1</post_num>
<post_id>post-1</post_id>
<post_url>http://ilmattino.it/SPECIALI/GIUBILEO/pay/edicola/ambulanti_in_rivolta_con_la_liberalizzazione_rischiano_in_200mila-1935575.html</post_url>
<post_date>20160829</post_date>
<post_time>2327</post_time>
<username>ilmattino.it</username>
<post>
Commercianti ambulanti in piazza il 28 settembre a a Roma. Circa 200mila le imprese che si sentono minacciate dall’applicazione della direttiva Bolkestein che liberalizza i servizi nei Paesi Ue. Con la nuova norma dal 5 luglio 2017 le concessioni per suolo pubblico di mercati, mercatini, strade, quartieri, andranno in gara per essere assegnate, con bandi pubblici a scadenze di 7, 9 e 12 anni. Una manifestazione è prevista a Napoli al mercato Caramanico il 5 settembre. La protesta ha per epicentro Campania e Lazio, regioni dove, si... CONTINUA A LEGGERE L&apos;ARTICOLO: Accesso illimitato agli articoli
selezionati dal quotidiano Le edizioni del giornale ogni giorno
su PC, smartphone e tablet PROVA GRATIS Se sei già un cliente accedi con le tue credenziali: USERNAME PASSWORD
</post>
<signature>

</signature>
<external_links>
<external_link>https://www.facebook.com/mattino.it</external_link><external_link>http://shop.ilmessaggero.it/php/WS/serviceGatewayWWW.php?param=%7B%22app%22%3A%22it.ilmattino.www%22%2C%22ssid%22%3A%22SSID%22%2C%22userid%22%3Anull%2C%22pwd%22%3Anull%2C%22hashcode%22%3A%22Re7nYz2u5TdksN0VTqjsxw%3D%3D%22%2C%22idSito%22%3A14%2C%22idCampagna%22%3A29%2C%22backUrl%22%3A%22http%3A%5C%2F%5C%2Filmattino.it%5C%2Fpay%5C%2Fedicola%5C%2Fambulanti_in_rivolta_con_la_liberalizzazione_rischiano_in_200mila-1935575.html%22%7D</external_link>
</external_links>
<country>IT</country>
<main_image>http://ilmattino.it/photos/MED/55/75/1935575_ambulanti.jpg</main_image>
</document>
