<?xml version="1.0" encoding="UTF-8"?>
<document>
<type>mainstream</type>
<forum></forum>
<forum_title></forum_title>
<discussion_title>Akshay Kumar Invites Hollywood Hero Will Smith to Rustom Party- Images</discussion_title>
<language>english</language>
<gmt_offset></gmt_offset>
<topic_url>http://www.mastersaheb.com/akshay-kumar-invites-hollywood-star-will-smith-to-rustom-success-bash/</topic_url>
<topic_text>
Please enter an answer in digits: one × 3 = Notify me of follow-up comments by email. Notify me of new posts by email. Subscribe to Blog via Email 
Enter your email address to subscribe to this blog and receive notifications of new posts by email. 
Join 10 other subscribers 
</topic_text>
<spam_score>0.23</spam_score>
<post_num>1</post_num>
<post_id>post-1</post_id>
<post_url>http://www.mastersaheb.com/akshay-kumar-invites-hollywood-star-will-smith-to-rustom-success-bash/</post_url>
<post_date>20160830</post_date>
<post_time></post_time>
<username>Master Editor</username>
<post>
Please enter an answer in digits: one × 3 = Notify me of follow-up comments by email. Notify me of new posts by email. Subscribe to Blog via Email 
Enter your email address to subscribe to this blog and receive notifications of new posts by email. 
Join 10 other subscribers 
</post>
<signature>

</signature>
<external_links>

</external_links>
<country>US</country>
<main_image>http://i1.wp.com/www.mastersaheb.com/wp-content/uploads/2016/08/maxresdefault-8.jpg?fit=1920%2C1080</main_image>
</document>
