<?xml version="1.0" encoding="UTF-8"?>
<document>
<type>mainstream</type>
<forum>http://audioboom.com/boos/everyone.rss</forum>
<forum_title>audioBoom</forum_title>
<discussion_title>01 - RITES OF PASSAGE</discussion_title>
<language>english</language>
<gmt_offset></gmt_offset>
<topic_url>https://audioboom.com/boos/4988270-01-rites-of-passage</topic_url>
<topic_text>
&lt;iframe width=&quot;100%&quot; height=&quot;300&quot; style=&quot;background-color:transparent; display:block; max-width: 700px;&quot; frameborder=&quot;0&quot; allowtransparency=&quot;allowtransparency&quot; scrolling=&quot;no&quot; src=&quot;//embeds.audioboom.com/boos/4988270-01-rites-of-passage/embed/v4?eid=AQAAAIW2xFduHUwA&quot; title=&quot;audioBoom player&quot;&gt;&lt;/iframe&gt; Share on Facebook twitter 
Series 1, episode 1 of Goodnight Sweetheart aired on November 18th 1993. Here we get to meet the characters we&apos;ll be sharing the next 58 episodes with - Gary Sparrow, Yvonne from the nineties, Phoebe from the forties, Ron the Enabler and police constables Deadman and Deadman. Listen in for our Joke of the Episode, hypothesising about Sparrow&apos;s hyperactive pheromone gland, as we try to get a handle on the most self-absorbed character in sitcom history. Please let us now how&apos;d you&apos;d like the podcast to progress, and we&apos;d really like your contributions to The Garylery™ via podcast@wikishuffle.co.uk or Wikishuffle HQ, 1b Headlands, Kettering NN15 7ER.
</topic_text>
<spam_score>0.00</spam_score>
<post_num>1</post_num>
<post_id>post-1</post_id>
<post_url>https://audioboom.com/boos/4988270-01-rites-of-passage</post_url>
<post_date>20160829</post_date>
<post_time>2130</post_time>
<username>gnscast</username>
<post>
&lt;iframe width=&quot;100%&quot; height=&quot;300&quot; style=&quot;background-color:transparent; display:block; max-width: 700px;&quot; frameborder=&quot;0&quot; allowtransparency=&quot;allowtransparency&quot; scrolling=&quot;no&quot; src=&quot;//embeds.audioboom.com/boos/4988270-01-rites-of-passage/embed/v4?eid=AQAAAIW2xFduHUwA&quot; title=&quot;audioBoom player&quot;&gt;&lt;/iframe&gt; Share on Facebook twitter 
Series 1, episode 1 of Goodnight Sweetheart aired on November 18th 1993. Here we get to meet the characters we&apos;ll be sharing the next 58 episodes with - Gary Sparrow, Yvonne from the nineties, Phoebe from the forties, Ron the Enabler and police constables Deadman and Deadman. Listen in for our Joke of the Episode, hypothesising about Sparrow&apos;s hyperactive pheromone gland, as we try to get a handle on the most self-absorbed character in sitcom history. Please let us now how&apos;d you&apos;d like the podcast to progress, and we&apos;d really like your contributions to The Garylery™ via podcast@wikishuffle.co.uk or Wikishuffle HQ, 1b Headlands, Kettering NN15 7ER.
</post>
<signature>

</signature>
<external_links>

</external_links>
<country>GB</country>
<main_image>https://d15mj6e6qmt1na.cloudfront.net/files/images/2398/8922/01_Opener.png</main_image>
</document>
