<?xml version="1.0" encoding="UTF-8"?>
<document>
<type>mainstream</type>
<forum>http://dailynewsglobal.com/feed/</forum>
<forum_title>Daily News Global</forum_title>
<discussion_title>Justin Trudeau turns to Weibo and WeChat to reach Chinese audience</discussion_title>
<language>english</language>
<gmt_offset></gmt_offset>
<topic_url>http://dailynewsglobal.com/justin-trudeau-turns-to-weibo-and-wechat-to-reach-chinese-audience/</topic_url>
<topic_text>
  Justin Trudeau turns to Weibo and WeChat to reach Chinese audience Justin Trudeau turns to Weibo and WeChat to reach Chinese audience   
Prime Minister Justin Trudeau is well-known for his use of social media in Canada, but what will he do in China, where social media services are heavily monitored and censored? Share This Post
</topic_text>
<spam_score>0.00</spam_score>
<post_num>1</post_num>
<post_id>post-1</post_id>
<post_url>http://dailynewsglobal.com/justin-trudeau-turns-to-weibo-and-wechat-to-reach-chinese-audience/</post_url>
<post_date>20160829</post_date>
<post_time>2211</post_time>
<username>John Mewrick</username>
<post>
  Justin Trudeau turns to Weibo and WeChat to reach Chinese audience Justin Trudeau turns to Weibo and WeChat to reach Chinese audience   
Prime Minister Justin Trudeau is well-known for his use of social media in Canada, but what will he do in China, where social media services are heavily monitored and censored? Share This Post
</post>
<signature>

</signature>
<external_links>

</external_links>
<country>US</country>
<main_image></main_image>
</document>
