<?xml version="1.0" encoding="UTF-8"?>
<document>
<type>mainstream</type>
<forum>http://telekom-presse.at/telekom-presse.at/rss.asp</forum>
<forum_title>Telekom-Presse</forum_title>
<discussion_title>HTC Nexus Sailfish im Bild und die Specs</discussion_title>
<language>german</language>
<gmt_offset></gmt_offset>
<topic_url>http://www.telekom-presse.at/smartphones/htc_nexus_sailfish_im_bild_und_die_specs.id.35812.htm</topic_url>
<topic_text>
    Smartphones HTC Nexus Sailfish Die neuen Nexus Smartphones mit Android 7.0 werden bald vorgestellt werden. Ein neuer Leak zeigt das Mittelklasse Phone Sailfish im Bild. 
(29.08.2016, 09:50) Wir wissen, dass es heuer zwei neue Nexus Smartphones geben wird, die von HTC entwickelt und auch produziert werden. Nachdem nun auch Android 7.0 Nougat offiziell freigegeben ist, werden auch die neuen Nexus Phones nicht mehr lange auf sich warten lassen. Dazu passen gut die neuen Foto-Leaks des kleineren Modells mit Codenamen Sailfish. 
Es wird neben dem großen Top-Modell mit Codenamen Marlin auch eines der mittleren Preiskategorie mit Codenamen Sailfish geben, das nun über die chinesische Weibo auch im Bild geleakt wurde. Es soll mit einem 5 Zoll Display mit 1080 x 1920 Pixel Auflösung ausgestattet sein. Ein mit 2 GHz getakteter Quad-Core Prozessor soll im Verein mit 4 GB RAM für ordentliche Performance sorgen, für den User stehen 32 GB Speicher zur Verfügung. 
An Kameras werden 12 MP hinten und 8 MP vorne erwartet. Unter der Kamera findet sich an der Rückseite auch der Fingerprint Sensor. Der Akku soll 2770 mAh Kapazität haben, geladen via einem UCB C Port. Android 7.0 ist natürlich vorinstalliert. 
Das HTC Nexus Sailfish ist praktisch der Nachfolger des Nexus 5X. 
Google Nexus 5X Smartphone (5,2 Zoll (13,2 cm) Touch-Display, 16 GB interner Speicher, Android 6.0) anthrazit 

 
</topic_text>
<spam_score>0.00</spam_score>
<post_num>1</post_num>
<post_id>post-1</post_id>
<post_url>http://www.telekom-presse.at/smartphones/htc_nexus_sailfish_im_bild_und_die_specs.id.35812.htm</post_url>
<post_date>20160829</post_date>
<post_time>0819</post_time>
<username></username>
<post>
    Smartphones HTC Nexus Sailfish Die neuen Nexus Smartphones mit Android 7.0 werden bald vorgestellt werden. Ein neuer Leak zeigt das Mittelklasse Phone Sailfish im Bild. 
(29.08.2016, 09:50) Wir wissen, dass es heuer zwei neue Nexus Smartphones geben wird, die von HTC entwickelt und auch produziert werden. Nachdem nun auch Android 7.0 Nougat offiziell freigegeben ist, werden auch die neuen Nexus Phones nicht mehr lange auf sich warten lassen. Dazu passen gut die neuen Foto-Leaks des kleineren Modells mit Codenamen Sailfish. 
Es wird neben dem großen Top-Modell mit Codenamen Marlin auch eines der mittleren Preiskategorie mit Codenamen Sailfish geben, das nun über die chinesische Weibo auch im Bild geleakt wurde. Es soll mit einem 5 Zoll Display mit 1080 x 1920 Pixel Auflösung ausgestattet sein. Ein mit 2 GHz getakteter Quad-Core Prozessor soll im Verein mit 4 GB RAM für ordentliche Performance sorgen, für den User stehen 32 GB Speicher zur Verfügung. 
An Kameras werden 12 MP hinten und 8 MP vorne erwartet. Unter der Kamera findet sich an der Rückseite auch der Fingerprint Sensor. Der Akku soll 2770 mAh Kapazität haben, geladen via einem UCB C Port. Android 7.0 ist natürlich vorinstalliert. 
Das HTC Nexus Sailfish ist praktisch der Nachfolger des Nexus 5X. 
Google Nexus 5X Smartphone (5,2 Zoll (13,2 cm) Touch-Display, 16 GB interner Speicher, Android 6.0) anthrazit 

 
</post>
<signature>

</signature>
<external_links>

</external_links>
<country>AT</country>
<main_image>http://www.telekom-presse.at/bilder/00aaHTC_S1-weibo-0.jpg</main_image>
</document>
