<?xml version="1.0" encoding="UTF-8"?>
<document>
<type>mainstream</type>
<forum>http://stackoverflow.com/feeds</forum>
<forum_title>Recent Questions - Stack Overflow</forum_title>
<discussion_title>Cannot get any projects using the Cinder-KCB2 block working, including the samples</discussion_title>
<language>english</language>
<gmt_offset></gmt_offset>
<topic_url>http://stackoverflow.com/questions/39216349/cannot-get-any-projects-using-the-cinder-kcb2-block-working-including-the-sampl</topic_url>
<topic_text>
up vote 0 down vote favorite 
I&apos;ve tried many variations but every time I run the program I get &quot;Cannot find source file Kinect.h&quot;. I&apos;m on the master branch of the Cinder-KCB2 block and the master branch for Cinder. I&apos;ve also tried adding $(KINECTSDK20_DIR)inc; to the include directories but that doesn&apos;t work either. Any ideas?
</topic_text>
<spam_score>0.00</spam_score>
<post_num>1</post_num>
<post_id>post-1</post_id>
<post_url>http://stackoverflow.com/questions/39216349/cannot-get-any-projects-using-the-cinder-kcb2-block-working-including-the-sampl</post_url>
<post_date>20160829</post_date>
<post_time>2251</post_time>
<username>Kat</username>
<post>
up vote 0 down vote favorite 
I&apos;ve tried many variations but every time I run the program I get &quot;Cannot find source file Kinect.h&quot;. I&apos;m on the master branch of the Cinder-KCB2 block and the master branch for Cinder. I&apos;ve also tried adding $(KINECTSDK20_DIR)inc; to the include directories but that doesn&apos;t work either. Any ideas?
</post>
<signature>

</signature>
<external_links>

</external_links>
<country>US</country>
<main_image>http://cdn.sstatic.net/Sites/stackoverflow/img/apple-touch-icon@2.png?v=73d79a89bded&amp;a</main_image>
</document>
