<?xml version="1.0" encoding="UTF-8"?>
<document>
<type>mainstream</type>
<forum>http://bangka.tribunnews.com/rss</forum>
<forum_title>Bangka Pos</forum_title>
<discussion_title>Inilah 53 Ciri Umum Pengguna Narkoba Menurut BNN</discussion_title>
<language>indonesian</language>
<gmt_offset></gmt_offset>
<topic_url>http://bangka.tribunnews.com/2016/08/30/inilah-53-ciri-umum-pengguna-narkoba-menurut-bnn</topic_url>
<topic_text>
» Health Inilah 53 Ciri Umum Pengguna Narkoba Menurut BNN Badan Narkotika Nasional (BNN) merilis 53 ciri pengguna narkoba. BNN berharap, informasi mengenai ciri pengguna narkoba ini bisa  38 Shutterstock 
BANGKAPOS.COM --Badan Narkotika Nasional (BNN) merilis 53 ciri pengguna narkoba . 
BNN berharap, informasi mengenai ciri pengguna narkoba ini bisa mengedukasi masyarakat. 
&quot;Ini supaya masyarakat lebih teredukasi supaya masyarakat paham ciri pengguna narkoba ,&quot; kata Kepala Bagian Humas BNN Komisaris Besar Slamet Pribadi, saat dihubungi Kompas.com, Senin (29/8/2016). 
Slamet mengatakan, dengan dirilisnya informasi ini, BNN berharap pengguna narkoba dapat melapor ke BNN untuk mendapatkan pengobatan atau rehabilitasi. 
&quot;Segera melapor diri atau mengobati diri yang sudah terlanjur. Kerabatnya juga dianjurkan untuk melaporkan kalau ada pengguna,&quot; ujar Slamet. 
Sebab, jika dibiarkan, pengguna narkoba yang kecanduan bisa menyebabkan problem psikologis maupun problem sosial di lingkungannya. 
&quot;Bisa juga berbuat kriminal,&quot; tambah Slamet.
</topic_text>
<spam_score>0.00</spam_score>
<post_num>1</post_num>
<post_id>post-1</post_id>
<post_url>http://bangka.tribunnews.com/2016/08/30/inilah-53-ciri-umum-pengguna-narkoba-menurut-bnn</post_url>
<post_date>20160829</post_date>
<post_time>2138</post_time>
<username></username>
<post>
» Health Inilah 53 Ciri Umum Pengguna Narkoba Menurut BNN Badan Narkotika Nasional (BNN) merilis 53 ciri pengguna narkoba. BNN berharap, informasi mengenai ciri pengguna narkoba ini bisa  38 Shutterstock 
BANGKAPOS.COM --Badan Narkotika Nasional (BNN) merilis 53 ciri pengguna narkoba . 
BNN berharap, informasi mengenai ciri pengguna narkoba ini bisa mengedukasi masyarakat. 
&quot;Ini supaya masyarakat lebih teredukasi supaya masyarakat paham ciri pengguna narkoba ,&quot; kata Kepala Bagian Humas BNN Komisaris Besar Slamet Pribadi, saat dihubungi Kompas.com, Senin (29/8/2016). 
Slamet mengatakan, dengan dirilisnya informasi ini, BNN berharap pengguna narkoba dapat melapor ke BNN untuk mendapatkan pengobatan atau rehabilitasi. 
&quot;Segera melapor diri atau mengobati diri yang sudah terlanjur. Kerabatnya juga dianjurkan untuk melaporkan kalau ada pengguna,&quot; ujar Slamet. 
Sebab, jika dibiarkan, pengguna narkoba yang kecanduan bisa menyebabkan problem psikologis maupun problem sosial di lingkungannya. 
&quot;Bisa juga berbuat kriminal,&quot; tambah Slamet.
</post>
<signature>

</signature>
<external_links>

</external_links>
<country>US</country>
<main_image>http://cdn-2.tstatic.net/bangka/foto/bank/images/narkoba_20160830_043345.jpg</main_image>
</document>
