<?xml version="1.0" encoding="UTF-8"?>
<document>
<type>mainstream</type>
<forum>http://rssfeeds.ktvb.com/_/20/109765760/ktvb/local</forum>
<forum_title>KTVB - Local</forum_title>
<discussion_title>Attorney: 1-year old N. Idaho boy...</discussion_title>
<language>english</language>
<gmt_offset></gmt_offset>
<topic_url>http://rssfeeds.ktvb.com/_/20/109765760/ktvb/http&amp;#x3a;&amp;#x2f;&amp;#x2f;www&amp;#x2e;ktvb&amp;#x2e;com&amp;#x2f;news&amp;#x2f;crime&amp;#x2f;attorney-1-year-old-n-idaho-boy-dies-from-head-injuries&amp;#x2f;310692328</topic_url>
<topic_text>
1-year-old Idaho boy dies from head injuries Taylor Viydo / KREM , KTVB 4:38   Maliki. CONNECT TWEET LINKEDIN GOOGLE+ PINTEREST 
COEUR D’ALENE, Idaho – The prosecuting attorney in a trial against a man accused of killing a 17-month old child said the boy has died on Monday. 
Maliki Willburn was transported to Sacred Heart Hospital on Friday after suffering severe head trauma. The boy’s stepfather, Joseph Davis, is currently facing murder charges and appeared in Kootenai County court on Monday. The prosecuting attorney said Willburn’s injuries were non-accidental. 
WATCH: Moment prosecutor announces baby&apos;s death. If you listen closely, you can hear gasps from courtroom via mic pic.twitter.com/kshPWso2av — Taylor Viydo (@KREMTaylor) August 29, 2016 

Dacia Cheyney, Maliki’s mother, said she left him with his stepdad Joseph John Davis, 31, for only about 15 minutes while she left the house. When Cheyney returned, she said Davis told her Maliki threw a fit, slipped and hit his head. 
Officers responded to a home near North 5th Street and East Reid Avenue and found a child with signs of head trauma. The child was transported to Kootenai Health but later flown to Sacred Heart Medical Center in Spokane. Officials said the child had severe trauma to his skull and brain. Police officials said Davis said he had been home with the baby for around 20 minutes and did not know how it got those injuries. 
Coeur d’Alene police detectives continued to interview Davis and later arrested and charged him with Felony Injury to Child. Those charges were upgraded on Monday after the boy died. 
The judge set the bond for Davis at $1 million. 
A vigil is being held at Sacred Heart on Monday for Mailiki. The vigil will begin at 8:00 p.m., according to a Facebook event page. 
(© 2016 KREM)
</topic_text>
<spam_score>0.00</spam_score>
<post_num>1</post_num>
<post_id>post-1</post_id>
<post_url>http://rssfeeds.ktvb.com/_/20/109765760/ktvb/http&amp;#x3a;&amp;#x2f;&amp;#x2f;www&amp;#x2e;ktvb&amp;#x2e;com&amp;#x2f;news&amp;#x2f;crime&amp;#x2f;attorney-1-year-old-n-idaho-boy-dies-from-head-injuries&amp;#x2f;310692328</post_url>
<post_date>20160829</post_date>
<post_time>2238</post_time>
<username></username>
<post>
1-year-old Idaho boy dies from head injuries Taylor Viydo / KREM , KTVB 4:38   Maliki. CONNECT TWEET LINKEDIN GOOGLE+ PINTEREST 
COEUR D’ALENE, Idaho – The prosecuting attorney in a trial against a man accused of killing a 17-month old child said the boy has died on Monday. 
Maliki Willburn was transported to Sacred Heart Hospital on Friday after suffering severe head trauma. The boy’s stepfather, Joseph Davis, is currently facing murder charges and appeared in Kootenai County court on Monday. The prosecuting attorney said Willburn’s injuries were non-accidental. 
WATCH: Moment prosecutor announces baby&apos;s death. If you listen closely, you can hear gasps from courtroom via mic pic.twitter.com/kshPWso2av — Taylor Viydo (@KREMTaylor) August 29, 2016 

Dacia Cheyney, Maliki’s mother, said she left him with his stepdad Joseph John Davis, 31, for only about 15 minutes while she left the house. When Cheyney returned, she said Davis told her Maliki threw a fit, slipped and hit his head. 
Officers responded to a home near North 5th Street and East Reid Avenue and found a child with signs of head trauma. The child was transported to Kootenai Health but later flown to Sacred Heart Medical Center in Spokane. Officials said the child had severe trauma to his skull and brain. Police officials said Davis said he had been home with the baby for around 20 minutes and did not know how it got those injuries. 
Coeur d’Alene police detectives continued to interview Davis and later arrested and charged him with Felony Injury to Child. Those charges were upgraded on Monday after the boy died. 
The judge set the bond for Davis at $1 million. 
A vigil is being held at Sacred Heart on Monday for Mailiki. The vigil will begin at 8:00 p.m., according to a Facebook event page. 
(© 2016 KREM)
</post>
<signature>

</signature>
<external_links>

</external_links>
<country>US</country>
<main_image>http://content.krem.com/photo/2016/08/28/maliki_1472419561372_5849361_ver1.0_640_360.jpg</main_image>
</document>
