<?xml version="1.0" encoding="UTF-8"?>
<document>
<type>mainstream</type>
<forum>http://stackoverflow.com/feeds</forum>
<forum_title>Recent Questions - Stack Overflow</forum_title>
<discussion_title>Convert length of time to appropriate unit</discussion_title>
<language>english</language>
<gmt_offset></gmt_offset>
<topic_url>http://stackoverflow.com/questions/39216347/convert-length-of-time-to-appropriate-unit</topic_url>
<topic_text>
up vote 0 down vote favorite 
I have a time, in seconds, which has the possibility to be very large. I wish to convert said time into the &quot;appropriate&quot; rounded, readable format. 
I already have code which achieves this, however it&apos;s not very efficient (and contains a whole bunch of magic numbers): String readable = decayTime + &quot; minutes&quot;; if(decayTime &gt; 60) { decayTime /= 60; readable = decayTime + &quot; hours&quot;; if(decayTime &gt; 24) { decayTime /= 24; readable = decayTime + &quot; days&quot;; if(decayTime &gt; 365) { decayTime /= 365; readable = decayTime + &quot; years&quot;; if(decayTime &gt; 1 ) { decayTime /= 1 ; readable = decayTime + &quot;mn years&quot;; if(decayTime &gt; 1000) { decayTime /= 1000; readable = decayTime + &quot;bn years&quot;; } } } } 
Apart from switching out the magic numbers, I can&apos;t personally think how to make it better. 
What I am asking is essentially what would be a better approach to this, or is there something in-built which could help?
</topic_text>
<spam_score>0.00</spam_score>
<post_num>1</post_num>
<post_id>post-1</post_id>
<post_url>http://stackoverflow.com/questions/39216347/convert-length-of-time-to-appropriate-unit</post_url>
<post_date>20160829</post_date>
<post_time>2251</post_time>
<username>Jake Stanger</username>
<post>
up vote 0 down vote favorite 
I have a time, in seconds, which has the possibility to be very large. I wish to convert said time into the &quot;appropriate&quot; rounded, readable format. 
I already have code which achieves this, however it&apos;s not very efficient (and contains a whole bunch of magic numbers): String readable = decayTime + &quot; minutes&quot;; if(decayTime &gt; 60) { decayTime /= 60; readable = decayTime + &quot; hours&quot;; if(decayTime &gt; 24) { decayTime /= 24; readable = decayTime + &quot; days&quot;; if(decayTime &gt; 365) { decayTime /= 365; readable = decayTime + &quot; years&quot;; if(decayTime &gt; 1 ) { decayTime /= 1 ; readable = decayTime + &quot;mn years&quot;; if(decayTime &gt; 1000) { decayTime /= 1000; readable = decayTime + &quot;bn years&quot;; } } } } 
Apart from switching out the magic numbers, I can&apos;t personally think how to make it better. 
What I am asking is essentially what would be a better approach to this, or is there something in-built which could help?
</post>
<signature>

</signature>
<external_links>

</external_links>
<country>US</country>
<main_image>http://cdn.sstatic.net/Sites/stackoverflow/img/apple-touch-icon@2.png?v=73d79a89bded&amp;a</main_image>
</document>
