<?xml version="1.0" encoding="UTF-8"?>
<document>
<type>mainstream</type>
<forum>http://audioboom.com/boos/everyone.rss</forum>
<forum_title>audioBoom</forum_title>
<discussion_title>August 29, 2016 3</discussion_title>
<language>english</language>
<gmt_offset></gmt_offset>
<topic_url>https://audioboom.com/boos/4988278-august-29-2016-mother-is-arrested-for-doing-something-that-most-of-our-parents-did-to-us-growing-up-find-out-what-she-did</topic_url>
<topic_text>
&lt;iframe width=&quot;100%&quot; height=&quot;300&quot; style=&quot;background-color:transparent; display:block; max-width: 700px;&quot; frameborder=&quot;0&quot; allowtransparency=&quot;allowtransparency&quot; scrolling=&quot;no&quot; src=&quot;//embeds.audioboom.com/boos/4988278-august-29-2016-mother-is-arrested-for-doing-something-that-most-of-our-parents-did-to-us-growing-up-find-out-what-she-did/embed/v4?eid=AQAAAEe2xFd2HUwA&quot; title=&quot;audioBoom player&quot;&gt;&lt;/iframe&gt; Share on Facebook twitter 
A mother in Delaware left her kids unattended to run to the store to grab food. She was arrested on two counts of child abandonment, but was that too harsh a penalty? Didn&apos;t we all get left alone or go out alone when WE were kids?
</topic_text>
<spam_score>0.00</spam_score>
<post_num>1</post_num>
<post_id>post-1</post_id>
<post_url>https://audioboom.com/boos/4988278-august-29-2016-mother-is-arrested-for-doing-something-that-most-of-our-parents-did-to-us-growing-up-find-out-what-she-did</post_url>
<post_date>20160829</post_date>
<post_time>2132</post_time>
<username>Ethan Bearman</username>
<post>
&lt;iframe width=&quot;100%&quot; height=&quot;300&quot; style=&quot;background-color:transparent; display:block; max-width: 700px;&quot; frameborder=&quot;0&quot; allowtransparency=&quot;allowtransparency&quot; scrolling=&quot;no&quot; src=&quot;//embeds.audioboom.com/boos/4988278-august-29-2016-mother-is-arrested-for-doing-something-that-most-of-our-parents-did-to-us-growing-up-find-out-what-she-did/embed/v4?eid=AQAAAEe2xFd2HUwA&quot; title=&quot;audioBoom player&quot;&gt;&lt;/iframe&gt; Share on Facebook twitter 
A mother in Delaware left her kids unattended to run to the store to grab food. She was arrested on two counts of child abandonment, but was that too harsh a penalty? Didn&apos;t we all get left alone or go out alone when WE were kids?
</post>
<signature>

</signature>
<external_links>

</external_links>
<country>GB</country>
<main_image>https://d15mj6e6qmt1na.cloudfront.net/files/images/2398/9994/player-kgo-ethanbearman.png</main_image>
</document>
