<?xml version="1.0" encoding="UTF-8"?>
<document>
<type>mainstream</type>
<forum></forum>
<forum_title></forum_title>
<discussion_title>YoCoin Becomes an Ethereum-Based Asset for &apos;Smarter&apos; Contracts</discussion_title>
<language>english</language>
<gmt_offset></gmt_offset>
<topic_url>http://bitcoinist.net/yocoin-ethereum-smart-contracts/</topic_url>
<topic_text>
Written by: Bitcoinist.net 2016/08/29 6:00 PM 
YoCoin , a peer-to-peer digital currency, has announced the conversion of its token from a standalone cryptocurrency to an Ethereum-based asset. According to project leaders, the Ethereum version of YoCoin will make for more robust smart contracts. 
Disclaimer: This article was sponsored by Bitcoin PR Buzz. Bitcoinist is not affiliated with the firms represented by Bitcoin PR Buzz and is not responsible for their products and/or services. YoCoin Goes Ethereum 
Before converting to an Ethereum-based asset, YoCoin was built on the Scrypt mining algorithm utilized by many altcoins circulating the crypto markets. 
Now, the team tells press that the token will be capable of executing smart contracts associated with “a wide range of applications,” including contacts, bonds, stock exchanges, financial records and voting systems. 
Originally marketed as a coin for millennials, the Ethereum conversion has made the coin into a larger project, developers told press, becoming a “premier internet currency with a much broader vision.” 
“In addition to being the digital currency for millennials,” the team said in a press release, “it also encourages the development and integration of Distributed Autonomous Applications that are capable of running without any human intervention.” 
Commenting on the conversion from Scrypt coin to Ethereum Asset, the project’s CEO Dave wilson said, “Our initial implementation of YoCoin was great, but we wanted to take it much further.” 
“The new version of YoCoin,” he continued, “provides a backbone for smart contracts, asset trading, real estate transactions. . .and an unlimited number of other uses that can all run as programmed without any downtime, censorship, fraud or third party interference.” 
The team said tokens on the older version of YoCoin can be traded for new coins at a 1:1 ratio. 
Developers have posted a roadmap on BitcoinTalk that lays out goals for the new version of the coin, with milestones like releasing an Android wallet, launching a blockchain explorer, and creating a DAO using the YOC token. 
What do you think about YoCoin’s conversion to an Ethereum asset? Let us know in the comments below! 
Images courtesy of YoCoin. 
</topic_text>
<spam_score>0.02</spam_score>
<post_num>1</post_num>
<post_id>post-1</post_id>
<post_url>http://bitcoinist.net/yocoin-ethereum-smart-contracts/</post_url>
<post_date>20160829</post_date>
<post_time></post_time>
<username></username>
<post>
Written by: Bitcoinist.net 2016/08/29 6:00 PM 
YoCoin , a peer-to-peer digital currency, has announced the conversion of its token from a standalone cryptocurrency to an Ethereum-based asset. According to project leaders, the Ethereum version of YoCoin will make for more robust smart contracts. 
Disclaimer: This article was sponsored by Bitcoin PR Buzz. Bitcoinist is not affiliated with the firms represented by Bitcoin PR Buzz and is not responsible for their products and/or services. YoCoin Goes Ethereum 
Before converting to an Ethereum-based asset, YoCoin was built on the Scrypt mining algorithm utilized by many altcoins circulating the crypto markets. 
Now, the team tells press that the token will be capable of executing smart contracts associated with “a wide range of applications,” including contacts, bonds, stock exchanges, financial records and voting systems. 
Originally marketed as a coin for millennials, the Ethereum conversion has made the coin into a larger project, developers told press, becoming a “premier internet currency with a much broader vision.” 
“In addition to being the digital currency for millennials,” the team said in a press release, “it also encourages the development and integration of Distributed Autonomous Applications that are capable of running without any human intervention.” 
Commenting on the conversion from Scrypt coin to Ethereum Asset, the project’s CEO Dave wilson said, “Our initial implementation of YoCoin was great, but we wanted to take it much further.” 
“The new version of YoCoin,” he continued, “provides a backbone for smart contracts, asset trading, real estate transactions. . .and an unlimited number of other uses that can all run as programmed without any downtime, censorship, fraud or third party interference.” 
The team said tokens on the older version of YoCoin can be traded for new coins at a 1:1 ratio. 
Developers have posted a roadmap on BitcoinTalk that lays out goals for the new version of the coin, with milestones like releasing an Android wallet, launching a blockchain explorer, and creating a DAO using the YOC token. 
What do you think about YoCoin’s conversion to an Ethereum asset? Let us know in the comments below! 
Images courtesy of YoCoin. 
</post>
<signature>

</signature>
<external_links>

</external_links>
<country>US</country>
<main_image>http://bitcoinist.net/wp-content/uploads/2016/08/YoCoin-Ethereum-PR-Buzz-cover.png</main_image>
</document>
