<?xml version="1.0" encoding="UTF-8"?>
<document>
<type>mainstream</type>
<forum>http://audioboom.com/boos/everyone.rss</forum>
<forum_title>audioBoom</forum_title>
<discussion_title>Gov&apos;t &apos;can&apos;t play a game of lying to the public about what&apos;s in their own legislation&apos;: Tony Burke</discussion_title>
<language>english</language>
<gmt_offset></gmt_offset>
<topic_url>https://audioboom.com/boos/4988356-gov-t-can-t-play-a-game-of-lying-to-the-public-about-what-s-in-their-own-legislation-tony-burke</topic_url>
<topic_text>
&lt;iframe width=&quot;100%&quot; height=&quot;300&quot; style=&quot;background-color:transparent; display:block; max-width: 700px;&quot; frameborder=&quot;0&quot; allowtransparency=&quot;allowtransparency&quot; scrolling=&quot;no&quot; src=&quot;//embeds.audioboom.com/boos/4988356-gov-t-can-t-play-a-game-of-lying-to-the-public-about-what-s-in-their-own-legislation-tony-burke/embed/v4?eid=AQAAAH-3xFfEHUwA&quot; title=&quot;audioBoom player&quot;&gt;&lt;/iframe&gt; Share on Facebook twitter 
It&apos;s been almost 17 weeks since any procedural political business has been attended to and when it finally gets down to work the 45th parliament is likely to be one of the more memorable. The Government&apos;s slim one seat majority in the lower house will no doubt be tested at every turn and the disparate and colourful upper house will guarantee the Senate is unpredictable at best. Leading the charge for the Opposition in the lower house is the Manager of Opposition Business Tony Burke.
</topic_text>
<spam_score>0.00</spam_score>
<post_num>1</post_num>
<post_id>post-1</post_id>
<post_url>https://audioboom.com/boos/4988356-gov-t-can-t-play-a-game-of-lying-to-the-public-about-what-s-in-their-own-legislation-tony-burke</post_url>
<post_date>20160829</post_date>
<post_time>2113</post_time>
<username>AM - Individual Items</username>
<post>
&lt;iframe width=&quot;100%&quot; height=&quot;300&quot; style=&quot;background-color:transparent; display:block; max-width: 700px;&quot; frameborder=&quot;0&quot; allowtransparency=&quot;allowtransparency&quot; scrolling=&quot;no&quot; src=&quot;//embeds.audioboom.com/boos/4988356-gov-t-can-t-play-a-game-of-lying-to-the-public-about-what-s-in-their-own-legislation-tony-burke/embed/v4?eid=AQAAAH-3xFfEHUwA&quot; title=&quot;audioBoom player&quot;&gt;&lt;/iframe&gt; Share on Facebook twitter 
It&apos;s been almost 17 weeks since any procedural political business has been attended to and when it finally gets down to work the 45th parliament is likely to be one of the more memorable. The Government&apos;s slim one seat majority in the lower house will no doubt be tested at every turn and the disparate and colourful upper house will guarantee the Senate is unpredictable at best. Leading the charge for the Opposition in the lower house is the Manager of Opposition Business Tony Burke.
</post>
<signature>

</signature>
<external_links>

</external_links>
<country>GB</country>
<main_image>https://d15mj6e6qmt1na.cloudfront.net/files/images/0843/9060/mza_8590048800730497910.600x600-75.jpg</main_image>
</document>
