<?xml version="1.0" encoding="UTF-8"?>
<document>
<type>mainstream</type>
<forum>http://hihi2.com/category/football-news/feed</forum>
<forum_title>هاي كورةالأخبار – هاي كورة</forum_title>
<discussion_title>رسميا : قرطبة يتعاقد مع المغربي زكرياء برغديش</discussion_title>
<language>arabic</language>
<gmt_offset></gmt_offset>
<topic_url>http://hihi2.com/2016/08/30/p715035.html</topic_url>
<topic_text>
كتب في 2016/08/30 - 1:54 ص - في قسم [ أخبار الكرة الاسبانية , اخبار سوق الانتقالات ] رسميا : قرطبة يتعاقد مع المغربي زكرياء برغديش هاي كورة – أعلن نادي قرطبة الاسباني تعاقده رسميا مع الدولي المغربي زكرياء برغديش قادما من شارلتون الانجليزي لتعزيز صفوف الفريق بسوق الانتقالات الصيفية الجارية .. واكد النادي الاسباني في البلاغ بأن المغربي صاحب ال 27 لاعب الظهير الايسر قد اجتاز الفحوص الطبية بنجاح وأمضى على العقود التي ستربطه بالنادي بالمواسم المقبلة، ويجدر بالذكر بأن زكرياء لديه تجربة مسبقا بالدوري الاسباني رفقة نادي ريال بلد الوليد في الفترة الممتدة بين 2013 و 2015 ..
</topic_text>
<spam_score>0.00</spam_score>
<post_num>1</post_num>
<post_id>post-1</post_id>
<post_url>http://hihi2.com/2016/08/30/p715035.html</post_url>
<post_date>20160829</post_date>
<post_time>2254</post_time>
<username></username>
<post>
كتب في 2016/08/30 - 1:54 ص - في قسم [ أخبار الكرة الاسبانية , اخبار سوق الانتقالات ] رسميا : قرطبة يتعاقد مع المغربي زكرياء برغديش هاي كورة – أعلن نادي قرطبة الاسباني تعاقده رسميا مع الدولي المغربي زكرياء برغديش قادما من شارلتون الانجليزي لتعزيز صفوف الفريق بسوق الانتقالات الصيفية الجارية .. واكد النادي الاسباني في البلاغ بأن المغربي صاحب ال 27 لاعب الظهير الايسر قد اجتاز الفحوص الطبية بنجاح وأمضى على العقود التي ستربطه بالنادي بالمواسم المقبلة، ويجدر بالذكر بأن زكرياء لديه تجربة مسبقا بالدوري الاسباني رفقة نادي ريال بلد الوليد في الفترة الممتدة بين 2013 و 2015 ..
</post>
<signature>

</signature>
<external_links>

</external_links>
<country>FR</country>
<main_image>http://hihi2.com/wp-content/uploads/2016/08/hihi2_2016-08-29_22-53-16-200x112.jpg</main_image>
</document>
