<?xml version="1.0" encoding="UTF-8"?>
<document>
<type>mainstream</type>
<forum>http://it.i88.ca/feeds/posts/default</forum>
<forum_title>i88.ca</forum_title>
<discussion_title>[HDGEM] You need an Identity Store to which you can refer to verify your recognition of Apps and Users.</discussion_title>
<language>english</language>
<gmt_offset></gmt_offset>
<topic_url>http://it.i88.ca/2016/08/hdgem-you-need-identity-store-to-which.html</topic_url>
<topic_text>
Disclaimers August 29, 2016 [HDGEM] You need an Identity Store to which you can refer to verify your recognition of Apps and Users. The Identity Store could be a database, but an LDAP server is the most popular solution. Active Directory is a popular LDAP implementation. In an LDAP server, you typically store usernames, passwords, digital certificates, some personal details and the organization groups to which Users belong. App IDs can also be stored here. An Identity Provider is software which is dedicated to managing the interaction with the Identity Store(s) for authentication and authorization purposes. Your API can function in this role though it is much more preferable to delegate this responsibility to the Identity Provider. -- Posted By Blogger to HDGEM at 8/29/2016 03:43:00 PM Reactions:
</topic_text>
<spam_score>0.00</spam_score>
<post_num>1</post_num>
<post_id>post-1</post_id>
<post_url>http://it.i88.ca/2016/08/hdgem-you-need-identity-store-to-which.html</post_url>
<post_date>20160829</post_date>
<post_time>2243</post_time>
<username>Peter Li (noreply@blogger.com)</username>
<post>
Disclaimers August 29, 2016 [HDGEM] You need an Identity Store to which you can refer to verify your recognition of Apps and Users. The Identity Store could be a database, but an LDAP server is the most popular solution. Active Directory is a popular LDAP implementation. In an LDAP server, you typically store usernames, passwords, digital certificates, some personal details and the organization groups to which Users belong. App IDs can also be stored here. An Identity Provider is software which is dedicated to managing the interaction with the Identity Store(s) for authentication and authorization purposes. Your API can function in this role though it is much more preferable to delegate this responsibility to the Identity Provider. -- Posted By Blogger to HDGEM at 8/29/2016 03:43:00 PM Reactions:
</post>
<signature>

</signature>
<external_links>

</external_links>
<country>CA</country>
<main_image></main_image>
</document>
