<?xml version="1.0" encoding="UTF-8"?>
<document>
<type>mainstream</type>
<forum></forum>
<forum_title></forum_title>
<discussion_title>Crecimiento económico en República Dominicana. ¿Falso o Verdadero?</discussion_title>
<language>spanish</language>
<gmt_offset></gmt_offset>
<topic_url>http://eljaya.com/index.php/opinion/18396-crecimiento-economico-en-republica-dominicana-falso-o-verdadero</topic_url>
<topic_text>
Tweet 
De acuerdo al último informe del Banco Central de la República Dominicana, la economía arroja un notable crecimiento acumulado de un 7.4% de su Producto Interno Bruto (PIB) en el semestre de este año 2016. 
A veces no se entiende que al mismo ritmo que crece la economía aumenta la deuda pública, nos hablan de un pacto fiscal para aumentar los impuestos, las pequeñas empresas sobreviven o desaparecen, los salarios no alcanzan para mejorar la calidad de vida del ciudadano y la población no percibe este crecimiento económico del que habla el Banco Central de la República Dominicana. 
Esto significa que la distribución de este crecimiento económico no es equitativo y donde solamente salen beneficiado la minoría. Esto debe llamarnos mucho la atención del sistema capitalista en que vivimos. 
Estos resultados reflejan que la economía continúa creciendo por encima de su potencial y de lo contemplado en el marco macroeconómico para este año, posicionando el país como líder del desempeño económico de la región latinoamericana. De enero-junio del año 2016, los sectores que tuvieron mayor crecimiento se encuentran: La Minería (25.1%), Construcción (17.7%), Intermediación Financiera (11%), Salud (9.5%), Agropecuaria (8.0%), Otras Actividades de Servicios (7.2%), Enseñanza (7.0%), Comercio (6.2%), Manufactura Local (6.0%), Transporte (5.1%), Hoteles, Bares y Restaurantes (4.9%),y Comunicaciones 4.1%. 
Las estadísticas muestran que los tres mejores sectores para invertir en República Dominicana se encuentran: La Minería, Construcción y la Intermediación Financiera. Le siguen Salud, Agropecuaria y Otras Actividades de Servicios. 
En ese mismo sentido, el informe del Banco Central de la República Dominicana informa que la actividad Minera en el primer semestre se explica por el reinicio de las operaciones de extracción de los minerales oro y plata, las cuales estuvieron prácticamente paralizadas el año pasado. 
El desempeño favorable de la actividad Construcción en enero-junio 2016 obedece fundamentalmente a la ejecución de proyectos tanto del sector privado como del sector público, enfocados en el desarrollo de nuevos complejos turísticos, acondicionamiento de la infraestructura vial y al incremento de la oferta inmobiliaria de viviendas, especialmente de bajo costo. El comportamiento de esta actividad se refleja en la evolución interanualde los volúmenes de venta de los principales insumos como cemento (11.9%), varilla (20.2%), pintura (8.5%) y cemento asfáltico (164.8%). 
De manera particular, los ingresos del turismo ascendieron a US$3,390.5millones durante enero-junio 2016, para un crecimiento de 8.2%con respecto a igual periodo del año anterior, debido al incremento combinado del flujo de turistas y el aumento en el gasto promedio. 
Si el país no mantiene un crecimiento estable en su economía, nos podríamos ver afectados con préstamos y deudas al Fondo Monetario Internacional que podrían llevar al aumento o creación de nuevos impuestos en la República Dominicana. 
Esperamos que el Gobierno dominicano tome las medidas para distribuir este crecimiento de manera equitativa a toda la población.Eladio Frias 
Eladio Frias El autor es asesor de la empresa de consultoría y capacitación REPSAP International (COMTEMA).. Detalles 
</topic_text>
<spam_score>0.20</spam_score>
<post_num>1</post_num>
<post_id>post-1</post_id>
<post_url>http://eljaya.com/index.php/opinion/18396-crecimiento-economico-en-republica-dominicana-falso-o-verdadero</post_url>
<post_date>20160829</post_date>
<post_time></post_time>
<username>Eladio Fr As</username>
<post>
Tweet 
De acuerdo al último informe del Banco Central de la República Dominicana, la economía arroja un notable crecimiento acumulado de un 7.4% de su Producto Interno Bruto (PIB) en el semestre de este año 2016. 
A veces no se entiende que al mismo ritmo que crece la economía aumenta la deuda pública, nos hablan de un pacto fiscal para aumentar los impuestos, las pequeñas empresas sobreviven o desaparecen, los salarios no alcanzan para mejorar la calidad de vida del ciudadano y la población no percibe este crecimiento económico del que habla el Banco Central de la República Dominicana. 
Esto significa que la distribución de este crecimiento económico no es equitativo y donde solamente salen beneficiado la minoría. Esto debe llamarnos mucho la atención del sistema capitalista en que vivimos. 
Estos resultados reflejan que la economía continúa creciendo por encima de su potencial y de lo contemplado en el marco macroeconómico para este año, posicionando el país como líder del desempeño económico de la región latinoamericana. De enero-junio del año 2016, los sectores que tuvieron mayor crecimiento se encuentran: La Minería (25.1%), Construcción (17.7%), Intermediación Financiera (11%), Salud (9.5%), Agropecuaria (8.0%), Otras Actividades de Servicios (7.2%), Enseñanza (7.0%), Comercio (6.2%), Manufactura Local (6.0%), Transporte (5.1%), Hoteles, Bares y Restaurantes (4.9%),y Comunicaciones 4.1%. 
Las estadísticas muestran que los tres mejores sectores para invertir en República Dominicana se encuentran: La Minería, Construcción y la Intermediación Financiera. Le siguen Salud, Agropecuaria y Otras Actividades de Servicios. 
En ese mismo sentido, el informe del Banco Central de la República Dominicana informa que la actividad Minera en el primer semestre se explica por el reinicio de las operaciones de extracción de los minerales oro y plata, las cuales estuvieron prácticamente paralizadas el año pasado. 
El desempeño favorable de la actividad Construcción en enero-junio 2016 obedece fundamentalmente a la ejecución de proyectos tanto del sector privado como del sector público, enfocados en el desarrollo de nuevos complejos turísticos, acondicionamiento de la infraestructura vial y al incremento de la oferta inmobiliaria de viviendas, especialmente de bajo costo. El comportamiento de esta actividad se refleja en la evolución interanualde los volúmenes de venta de los principales insumos como cemento (11.9%), varilla (20.2%), pintura (8.5%) y cemento asfáltico (164.8%). 
De manera particular, los ingresos del turismo ascendieron a US$3,390.5millones durante enero-junio 2016, para un crecimiento de 8.2%con respecto a igual periodo del año anterior, debido al incremento combinado del flujo de turistas y el aumento en el gasto promedio. 
Si el país no mantiene un crecimiento estable en su economía, nos podríamos ver afectados con préstamos y deudas al Fondo Monetario Internacional que podrían llevar al aumento o creación de nuevos impuestos en la República Dominicana. 
Esperamos que el Gobierno dominicano tome las medidas para distribuir este crecimiento de manera equitativa a toda la población.Eladio Frias 
Eladio Frias El autor es asesor de la empresa de consultoría y capacitación REPSAP International (COMTEMA).. Detalles 
</post>
<signature>

</signature>
<external_links>

</external_links>
<country>US</country>
<main_image>http://eljaya.com/</main_image>
</document>
