<?xml version="1.0" encoding="UTF-8"?>
<document>
<type>mainstream</type>
<forum>http://audioboom.com/boos/everyone.rss</forum>
<forum_title>audioBoom</forum_title>
<discussion_title>Miraya Morning Motivation: Relate the right way and grow right relationships</discussion_title>
<language>english</language>
<gmt_offset></gmt_offset>
<topic_url>https://audioboom.com/boos/4983170-miraya-morning-motivation-relate-the-right-way-and-grow-right-relationships</topic_url>
<topic_text>
&lt;iframe width=&quot;100%&quot; height=&quot;300&quot; style=&quot;background-color:transparent; display:block; max-width: 700px;&quot; frameborder=&quot;0&quot; allowtransparency=&quot;allowtransparency&quot; scrolling=&quot;no&quot; src=&quot;//embeds.audioboom.com/boos/4983170-miraya-morning-motivation-relate-the-right-way-and-grow-right-relationships/embed/v4?eid=AQAAAB-1xFeCCUwA&quot; title=&quot;audioBoom player&quot;&gt;&lt;/iframe&gt; Share on Facebook twitter 
Did you know that relationships mirror everything we feel about ourselves, friends, community, kith and kin and your nation? 
Think about it, when you’ve had a bad day, are loosing your way and the people around you appear difficult...how do you react? 
Often times we feel broken, but then remember that person, from whom you derived positive meaning to your life and helped you let go off those feelings. 
Today Taurayi gives you that opportunity to close the past wounds and build better relations.
</topic_text>
<spam_score>0.00</spam_score>
<post_num>1</post_num>
<post_id>post-1</post_id>
<post_url>https://audioboom.com/boos/4983170-miraya-morning-motivation-relate-the-right-way-and-grow-right-relationships</post_url>
<post_date>20160829</post_date>
<post_time>2200</post_time>
<username>Radio Miraya</username>
<post>
&lt;iframe width=&quot;100%&quot; height=&quot;300&quot; style=&quot;background-color:transparent; display:block; max-width: 700px;&quot; frameborder=&quot;0&quot; allowtransparency=&quot;allowtransparency&quot; scrolling=&quot;no&quot; src=&quot;//embeds.audioboom.com/boos/4983170-miraya-morning-motivation-relate-the-right-way-and-grow-right-relationships/embed/v4?eid=AQAAAB-1xFeCCUwA&quot; title=&quot;audioBoom player&quot;&gt;&lt;/iframe&gt; Share on Facebook twitter 
Did you know that relationships mirror everything we feel about ourselves, friends, community, kith and kin and your nation? 
Think about it, when you’ve had a bad day, are loosing your way and the people around you appear difficult...how do you react? 
Often times we feel broken, but then remember that person, from whom you derived positive meaning to your life and helped you let go off those feelings. 
Today Taurayi gives you that opportunity to close the past wounds and build better relations.
</post>
<signature>

</signature>
<external_links>

</external_links>
<country>GB</country>
<main_image>https://d15mj6e6qmt1na.cloudfront.net/files/images/2396/4628/IMG_0560.JPG</main_image>
</document>
