<?xml version="1.0" encoding="UTF-8"?>
<document>
<type>mainstream</type>
<forum></forum>
<forum_title></forum_title>
<discussion_title>Vid: Knockout Flip Fuck with straight guy! | Rawmayhem</discussion_title>
<language>english</language>
<gmt_offset></gmt_offset>
<topic_url>http://rawmayhem.us/2016/06/13/vid-knockout-flip-fuck-with-straight-guy/</topic_url>
<topic_text>
Vid: Knockout Flip Fuck with straight guy! Vid: Knockout Flip Fuck with straight guy! 
</topic_text>
<spam_score>0.22</spam_score>
<post_num>1</post_num>
<post_id>post-1</post_id>
<post_url>http://rawmayhem.us/2016/06/13/vid-knockout-flip-fuck-with-straight-guy/</post_url>
<post_date>20160613</post_date>
<post_time></post_time>
<username></username>
<post>
Vid: Knockout Flip Fuck with straight guy! Vid: Knockout Flip Fuck with straight guy! 
</post>
<signature>

</signature>
<external_links>

</external_links>
<country>US</country>
<main_image></main_image>
</document>
