<?xml version="1.0" encoding="UTF-8"?>
<document>
<type>mainstream</type>
<forum>http://www.srf.ch/kultur/bnf/rss/8738</forum>
<forum_title>SRF Kultur Musik</forum_title>
<discussion_title>Junge Schweizer Bands covern Mani Matter: Jetzt im Stream hören!</discussion_title>
<language>german</language>
<gmt_offset></gmt_offset>
<topic_url>http://www.srf.ch/radio-srf-3/musik/junge-schweizer-bands-covern-mani-matter-jetzt-im-stream-hoeren</topic_url>
<topic_text>
Junge Schweizer Bands covern Mani Matter: Jetzt im Stream hören! Montag, 29. August 2016, 6:04 Uhr, aktualisiert um 16:56 Uhr Kommentare Von R&amp;B bis Minimal-Techno: So klingt es, wenn sich die aktuelle Schweizer Musikszene an helvetisches Kulturgut heranwagt. Auf dem Sampler «Und so blybt no sys Lied» feiern Bands wie Lo&amp;Leduc, Troubas Kater oder Steff la Cheffe den legendären Troubadour mit ihren eigenen Versionen seiner Klassiker. Bild in Lightbox öffnen. Bildlegende: Matter-Neubearbeitung: So geht&apos;s visuell (Graffiti in Bern) - für akustisch bitte unten klicken. Keystone 1 Lo &amp; Leduc - Nei säget sölle mir 4:50 min aus SRF 3 Musik vom 15.08.2016 2 Jeans for Jesus - Dynamit 4:05 min 3 Max Urban &amp; ZeDe - Hemmige 2:42 min 4 Evelinn Trouble - alls wo mir i d Finger chunnt 3:40 min 5 Noti Wümié - Die Strass won i dran wohne 3:03 min 6 Ben Whale - Ds Heidi 3:00 min 7 Guillermo Sorya - Dr Sidi Abdel Assar vo El Hama 2:37 min 8 Lia Sells Fish - Wo mir als Bueben emal 3:19 min 9 Steff la Cheffe - Warum syt dir so truurig 3:52 min 10 Melker - Was weiss i 3:16 min 11 Baze - I han es Zündhölzli azündt 3:09 min 12 Jürg Halter - Us emene lääre Gygechaschte 2:59 min 13 Troubas Kater - Dr Gloon 3:38 min 14 Stahlberger - Mir hei e Verein 3:34 min 15 Boni Koller &amp; Tobias Jundt - Eine vo de beschte Lüt 3:59 min 16 Balduin - Meierysli 2:11 min 17 Tim &amp; Puma Mimi - Ds Lotti schilet (Yorime no Lotti) 2:26 min 18 Copy &amp; Paste - Dene wos guet geit 2:23 min 19 Round Table Knights feat. Reverent Beat-Man - Ds Lied vo de Bahnhöf 3:42 min 20 Skor - Chue am Waldrand 3:38 min sg Sendung zu diesem Artikel
</topic_text>
<spam_score>0.00</spam_score>
<post_num>1</post_num>
<post_id>post-1</post_id>
<post_url>http://www.srf.ch/radio-srf-3/musik/junge-schweizer-bands-covern-mani-matter-jetzt-im-stream-hoeren</post_url>
<post_date>20160829</post_date>
<post_time>1456</post_time>
<username></username>
<post>
Junge Schweizer Bands covern Mani Matter: Jetzt im Stream hören! Montag, 29. August 2016, 6:04 Uhr, aktualisiert um 16:56 Uhr Kommentare Von R&amp;B bis Minimal-Techno: So klingt es, wenn sich die aktuelle Schweizer Musikszene an helvetisches Kulturgut heranwagt. Auf dem Sampler «Und so blybt no sys Lied» feiern Bands wie Lo&amp;Leduc, Troubas Kater oder Steff la Cheffe den legendären Troubadour mit ihren eigenen Versionen seiner Klassiker. Bild in Lightbox öffnen. Bildlegende: Matter-Neubearbeitung: So geht&apos;s visuell (Graffiti in Bern) - für akustisch bitte unten klicken. Keystone 1 Lo &amp; Leduc - Nei säget sölle mir 4:50 min aus SRF 3 Musik vom 15.08.2016 2 Jeans for Jesus - Dynamit 4:05 min 3 Max Urban &amp; ZeDe - Hemmige 2:42 min 4 Evelinn Trouble - alls wo mir i d Finger chunnt 3:40 min 5 Noti Wümié - Die Strass won i dran wohne 3:03 min 6 Ben Whale - Ds Heidi 3:00 min 7 Guillermo Sorya - Dr Sidi Abdel Assar vo El Hama 2:37 min 8 Lia Sells Fish - Wo mir als Bueben emal 3:19 min 9 Steff la Cheffe - Warum syt dir so truurig 3:52 min 10 Melker - Was weiss i 3:16 min 11 Baze - I han es Zündhölzli azündt 3:09 min 12 Jürg Halter - Us emene lääre Gygechaschte 2:59 min 13 Troubas Kater - Dr Gloon 3:38 min 14 Stahlberger - Mir hei e Verein 3:34 min 15 Boni Koller &amp; Tobias Jundt - Eine vo de beschte Lüt 3:59 min 16 Balduin - Meierysli 2:11 min 17 Tim &amp; Puma Mimi - Ds Lotti schilet (Yorime no Lotti) 2:26 min 18 Copy &amp; Paste - Dene wos guet geit 2:23 min 19 Round Table Knights feat. Reverent Beat-Man - Ds Lied vo de Bahnhöf 3:42 min 20 Skor - Chue am Waldrand 3:38 min sg Sendung zu diesem Artikel
</post>
<signature>

</signature>
<external_links>

</external_links>
<country>CH</country>
<main_image>http://www.srf.ch/radio_srf_3/iapp/image/10828728/10/junge_schweizer_bands_covern_mani_matter_jetzt_im_stream_hoeren@1x.jpg?imagesize=s8</main_image>
</document>
