<?xml version="1.0" encoding="UTF-8"?>
<document>
<type>mainstream</type>
<forum>http://www.alaraby.co.uk/culture</forum>
<forum_title>ثقافة</forum_title>
<discussion_title>رحيل غاستون غرانجيه.. توسيع دوائر الابستيمولوجيا</discussion_title>
<language>arabic</language>
<gmt_offset></gmt_offset>
<topic_url>http://www.alaraby.co.uk/culture/2016/8/28/رحيل-غاستون-غرانجيه-توسيع-دوائر-الابستيمولوجيا</topic_url>
<topic_text>
تطرح الابستمولوجيا نفسها كفرع فلسفي يهتم بالعلوم، غير أن الناظر في ما قدّمته سيجد بأنها تكاد تنحصر في دارسة (تطبيق الفلسفة) على العلوم الصحيحة، فيما تظلّ الكثير من العلوم الإنسانية بعيدة شيئاً ما عن أنظارها، إذ كثيراً ما تعترضنا أسماء غاليليو ونيوتن وأينشتاين ولكن قلما نصادف دراسات فلسفية عن فكر دافيد ريكاردو أو إيميل دوركايم. في النصف الثاني من القرن العشرين، حاول ابستيمولوجيون كثيرون تحويل أنظار ميدانهم باتجاه العلوم الإنسانية. كان أحد هؤلاء المفكّر الفرنسي جيل غاستون غرانجيه (1920 – 2016) الذي رحل عن عالمنا الأربعاء الماضي.
قابلت خمسينيات القرن الماضي الثلاثينيات من عمر غرانجيه. بدا من خلال منشوراته أنه يحاول التفكير بعيداً عن الفكر الرياضي والفيزيائي، فأنجز ثلاثة أعمال متتالية هي &quot;ميتودولوجيا اقتصادية&quot; (1955) و&quot;الرياضيات الاجتماعية لكوندورسيه&quot; (1956)، وفي 1960 نشر &quot;الفكر الصوري وعلوم الإنسان&quot;، بذلك يكون قد وضع مدوّنة في منطقة تعتبر شبه مجهولة في الابستيمولوجيا، وهو الذي ينتمي إلى الجيل التالي لجيل مؤسسي هذا المجال مثل جورج كانغيلام وغاستون باشلار.
من جانب آخر، يعتبر غرانجيه المتخصّص الأول في بلاده في فكر الفيلسوف النمساوي لودفيغ فيتغنشتاين، إذ ترجم أعماله إلى الفرنسية وحاول إمداد فلسفة العلوم بمقولات صاحب &quot;الملخص الفلسفي المنطقي&quot; حول اللغة.
اشتغل غرانجيه أيضاً على فتح آفاق الابستيمولوجيا من خلال محاولة تطبيق آلياتها على مواضيع معرفية مختلفة. فإذا كان كتابه الأول &quot;العقل&quot;، يعتبر سبب شهرته المبكرة (منتصف الخمسينيات) فإنه أصدر كتاباً بعنوان &quot;اللامعقول&quot; (1998) أعاده إلى الواجهة، وهو عمل وجد فيه كثيرون استكمالاً لطموحات باشلار الفلسفية.
اقــرأ أيضاً ريشير وغلوكسمان يغادراننا: للموت أيضاً فلسفته
</topic_text>
<spam_score>0.20</spam_score>
<post_num>1</post_num>
<post_id>post-1</post_id>
<post_url>http://www.alaraby.co.uk/culture/2016/8/28/رحيل-غاستون-غرانجيه-توسيع-دوائر-الابستيمولوجيا</post_url>
<post_date>20160828</post_date>
<post_time></post_time>
<username>باريس - العربي الجديد</username>
<post>
تطرح الابستمولوجيا نفسها كفرع فلسفي يهتم بالعلوم، غير أن الناظر في ما قدّمته سيجد بأنها تكاد تنحصر في دارسة (تطبيق الفلسفة) على العلوم الصحيحة، فيما تظلّ الكثير من العلوم الإنسانية بعيدة شيئاً ما عن أنظارها، إذ كثيراً ما تعترضنا أسماء غاليليو ونيوتن وأينشتاين ولكن قلما نصادف دراسات فلسفية عن فكر دافيد ريكاردو أو إيميل دوركايم. في النصف الثاني من القرن العشرين، حاول ابستيمولوجيون كثيرون تحويل أنظار ميدانهم باتجاه العلوم الإنسانية. كان أحد هؤلاء المفكّر الفرنسي جيل غاستون غرانجيه (1920 – 2016) الذي رحل عن عالمنا الأربعاء الماضي.
قابلت خمسينيات القرن الماضي الثلاثينيات من عمر غرانجيه. بدا من خلال منشوراته أنه يحاول التفكير بعيداً عن الفكر الرياضي والفيزيائي، فأنجز ثلاثة أعمال متتالية هي &quot;ميتودولوجيا اقتصادية&quot; (1955) و&quot;الرياضيات الاجتماعية لكوندورسيه&quot; (1956)، وفي 1960 نشر &quot;الفكر الصوري وعلوم الإنسان&quot;، بذلك يكون قد وضع مدوّنة في منطقة تعتبر شبه مجهولة في الابستيمولوجيا، وهو الذي ينتمي إلى الجيل التالي لجيل مؤسسي هذا المجال مثل جورج كانغيلام وغاستون باشلار.
من جانب آخر، يعتبر غرانجيه المتخصّص الأول في بلاده في فكر الفيلسوف النمساوي لودفيغ فيتغنشتاين، إذ ترجم أعماله إلى الفرنسية وحاول إمداد فلسفة العلوم بمقولات صاحب &quot;الملخص الفلسفي المنطقي&quot; حول اللغة.
اشتغل غرانجيه أيضاً على فتح آفاق الابستيمولوجيا من خلال محاولة تطبيق آلياتها على مواضيع معرفية مختلفة. فإذا كان كتابه الأول &quot;العقل&quot;، يعتبر سبب شهرته المبكرة (منتصف الخمسينيات) فإنه أصدر كتاباً بعنوان &quot;اللامعقول&quot; (1998) أعاده إلى الواجهة، وهو عمل وجد فيه كثيرون استكمالاً لطموحات باشلار الفلسفية.
اقــرأ أيضاً ريشير وغلوكسمان يغادراننا: للموت أيضاً فلسفته
</post>
<signature>

</signature>
<external_links>

</external_links>
<country>GB</country>
<main_image>https://www.alaraby.co.uk/File/GetImageCustom/5fd6fda9-9987-4a12-a37e-5c1d1ab99bec/600/338</main_image>
</document>
