<?xml version="1.0" encoding="UTF-8"?>
<document>
<type>mainstream</type>
<forum>http://www.seguromedico.es/feed/</forum>
<forum_title>Seguro Médico</forum_title>
<discussion_title>El ejercicio aeróbico mejora la atención</discussion_title>
<language>spanish</language>
<gmt_offset></gmt_offset>
<topic_url>http://www.seguromedico.es/el-ejercicio-aerobico-mejora-la-atencion/</topic_url>
<topic_text>
El ejercicio aeróbico mejora la atención noticias El ejercicio aeróbico mejora la atención Publicado el 28/08/2016 Científicos de la Universidad de Granada, del Centro de Investigación Mente, Cerebro y Comportamiento (CIMCYC), han confirmado que las personas que realizan ejercicio aeróbico de manera continuada y de larga duración, como los triatletas, mantienen mejor la atención, y su cerebro es capaz de preparar más eficientemente una respuesta ante estímulos relevantes. El objetivo principal de este estudio, cuyos resultados se han publicado en las revistas Medicine &amp; Science in Sports &amp; Exercise y Scientific Report, fue investigar la asociación que existe entre la práctica crónica de ejercicio físico y la función cognitiva (atención sostenida en particular), así como evaluar los mecanismos fisiológicos que subyacen a dicha relación en adultos jóvenes entre 18-35 años. Fuente: JANO
</topic_text>
<spam_score>0.00</spam_score>
<post_num>1</post_num>
<post_id>post-1</post_id>
<post_url>http://www.seguromedico.es/el-ejercicio-aerobico-mejora-la-atencion/</post_url>
<post_date>20160828</post_date>
<post_time>0609</post_time>
<username>anagarcia</username>
<post>
El ejercicio aeróbico mejora la atención noticias El ejercicio aeróbico mejora la atención Publicado el 28/08/2016 Científicos de la Universidad de Granada, del Centro de Investigación Mente, Cerebro y Comportamiento (CIMCYC), han confirmado que las personas que realizan ejercicio aeróbico de manera continuada y de larga duración, como los triatletas, mantienen mejor la atención, y su cerebro es capaz de preparar más eficientemente una respuesta ante estímulos relevantes. El objetivo principal de este estudio, cuyos resultados se han publicado en las revistas Medicine &amp; Science in Sports &amp; Exercise y Scientific Report, fue investigar la asociación que existe entre la práctica crónica de ejercicio físico y la función cognitiva (atención sostenida en particular), así como evaluar los mecanismos fisiológicos que subyacen a dicha relación en adultos jóvenes entre 18-35 años. Fuente: JANO
</post>
<signature>

</signature>
<external_links>

</external_links>
<country>ES</country>
<main_image>http://www.seguromedico.es/wp-content/uploads/2013/11/triathlon.jpg</main_image>
</document>
