<?xml version="1.0" encoding="UTF-8"?>
<document>
<type>mainstream</type>
<forum>http://audioboom.com/boos/everyone.rss</forum>
<forum_title>audioBoom</forum_title>
<discussion_title>BRECK CENTRAL EMS page received at 15:40:17 on 08/29/16</discussion_title>
<language>english</language>
<gmt_offset></gmt_offset>
<topic_url>https://audioboom.com/boos/4988117-breck-central-ems-page-received-at-15-40-17-on-08-29-16</topic_url>
<topic_text>
&lt;iframe width=&quot;100%&quot; height=&quot;300&quot; style=&quot;background-color:transparent; display:block; max-width: 700px;&quot; frameborder=&quot;0&quot; allowtransparency=&quot;allowtransparency&quot; scrolling=&quot;no&quot; src=&quot;//embeds.audioboom.com/boos/4988117-breck-central-ems-page-received-at-15-40-17-on-08-29-16/embed/v4?eid=AQAAAA25xFfVHEwA&quot; title=&quot;audioBoom player&quot;&gt;&lt;/iframe&gt; Share on
</topic_text>
<spam_score>0.00</spam_score>
<post_num>1</post_num>
<post_id>post-1</post_id>
<post_url>https://audioboom.com/boos/4988117-breck-central-ems-page-received-at-15-40-17-on-08-29-16</post_url>
<post_date>20160829</post_date>
<post_time>2040</post_time>
<username>BCPAGES</username>
<post>
&lt;iframe width=&quot;100%&quot; height=&quot;300&quot; style=&quot;background-color:transparent; display:block; max-width: 700px;&quot; frameborder=&quot;0&quot; allowtransparency=&quot;allowtransparency&quot; scrolling=&quot;no&quot; src=&quot;//embeds.audioboom.com/boos/4988117-breck-central-ems-page-received-at-15-40-17-on-08-29-16/embed/v4?eid=AQAAAA25xFfVHEwA&quot; title=&quot;audioBoom player&quot;&gt;&lt;/iframe&gt; Share on
</post>
<signature>

</signature>
<external_links>

</external_links>
<country>GB</country>
<main_image>https://d15mj6e6qmt1na.cloudfront.net/files/images/1423/6472/Unication-G1-Basic.jpg</main_image>
</document>
