<?xml version="1.0" encoding="UTF-8"?>
<document>
<type>mainstream</type>
<forum>http://audioboom.com/boos/everyone.rss</forum>
<forum_title>audioBoom</forum_title>
<discussion_title>Andrew Hamilton joins Frank and Ox to discuss the Leppitsch sacking</discussion_title>
<language>english</language>
<gmt_offset></gmt_offset>
<topic_url>https://audioboom.com/boos/4988262-andrew-hamilton-joins-frank-and-ox-to-discuss-the-leppitsch-sacking</topic_url>
<topic_text>
&lt;iframe width=&quot;100%&quot; height=&quot;300&quot; style=&quot;background-color:transparent; display:block; max-width: 700px;&quot; frameborder=&quot;0&quot; allowtransparency=&quot;allowtransparency&quot; scrolling=&quot;no&quot; src=&quot;//embeds.audioboom.com/boos/4988262-andrew-hamilton-joins-frank-and-ox-to-discuss-the-leppitsch-sacking/embed/v4?eid=AQAAAJG2xFdmHUwA&quot; title=&quot;audioBoom player&quot;&gt;&lt;/iframe&gt; Share on
</topic_text>
<spam_score>0.00</spam_score>
<post_num>1</post_num>
<post_id>post-1</post_id>
<post_url>https://audioboom.com/boos/4988262-andrew-hamilton-joins-frank-and-ox-to-discuss-the-leppitsch-sacking</post_url>
<post_date>20160829</post_date>
<post_time>2127</post_time>
<username>SEN Breakfast</username>
<post>
&lt;iframe width=&quot;100%&quot; height=&quot;300&quot; style=&quot;background-color:transparent; display:block; max-width: 700px;&quot; frameborder=&quot;0&quot; allowtransparency=&quot;allowtransparency&quot; scrolling=&quot;no&quot; src=&quot;//embeds.audioboom.com/boos/4988262-andrew-hamilton-joins-frank-and-ox-to-discuss-the-leppitsch-sacking/embed/v4?eid=AQAAAJG2xFdmHUwA&quot; title=&quot;audioBoom player&quot;&gt;&lt;/iframe&gt; Share on
</post>
<signature>

</signature>
<external_links>

</external_links>
<country>GB</country>
<main_image>https://d15mj6e6qmt1na.cloudfront.net/files/images/2398/9413/Frank_and_Ox.jpg</main_image>
</document>
