<?xml version="1.0" encoding="UTF-8"?>
<document>
<type>mainstream</type>
<forum>http://stackoverflow.com/feeds</forum>
<forum_title>Recent Questions - Stack Overflow</forum_title>
<discussion_title>Python Threading - Simple but tricky</discussion_title>
<language>english</language>
<gmt_offset></gmt_offset>
<topic_url>http://stackoverflow.com/questions/39216238/python-threading-simple-but-tricky</topic_url>
<topic_text>
up vote 1 down vote favorite 
Could someone please point out, why my code is not printing &quot;hello&quot;. I feel that my thread 2 - t2 is not starting. This is just a code snippet, I am trying to work on to implement in my main program. Basically, my idea is the following: Have a single function - which has two set of codes ---- one code in &quot;if condition statement&quot; and the other in &quot;while loop&quot; Thread 1 - uses function 1 - &quot;while loop&quot; continuously - until I abruptly stop the program Thread 2 or thread 3 or thread 4 etc, wants to use the same function - but the code under &quot;if condition statement&quot; My approach in the following code is to have a thread 1 - run continuously, while thread2 - does its work without interrupting thread1. 
The code: import threading import Queue def Continuous(stop_event, queue_read, queue_write,lock): #lock.acquire() try: if stop_event == True: print stop_event.is_set() print &quot;hello&quot; c = 7 d = 8 msg2 = (c+d)*2 queue_write.put(msg2) while not stop_event.wait(1): print &quot;hello2&quot; #print (&quot;working on %s&quot; % arg) a = 3; b = 4 msg1 = a*b queue_read.put(msg1) time.sleep(1) finally: print &quot;Inside finally&quot; #lock.release() print&quot;Outside try and finally&quot; def main(): pill2kill = threading.Event() lock = threading.Lock() pill2kill.clear() queue1 = Queue.Queue() queue2 = Queue.Queue() #self.queue2 = Queue.Queue() t1 = threading.Thread(target = Continuous, args = (pill2kill,queue1,queue2,lock)) t1.deamon = True t1.start() print &quot;asdfasfd&quot; time.sleep(2) pill2kill_1 = threading.Event() pill2kill_1.set() print &quot;hjgkhj&quot; t2 = threading.Thread(target=Continuous, args=(pill2kill_1, queue1, queue2,lock)) t2.start() t2.join() pill2kill.clear() print &quot;End of program&quot; main() 
PS: I am extremely sorry, for posting my code this way. I tried for over 15 minutes and I am unsuccesful to get it formatted
</topic_text>
<spam_score>0.00</spam_score>
<post_num>1</post_num>
<post_id>post-1</post_id>
<post_url>http://stackoverflow.com/questions/39216238/python-threading-simple-but-tricky</post_url>
<post_date>20160829</post_date>
<post_time>2253</post_time>
<username>Jesh Kundem</username>
<post>
up vote 1 down vote favorite 
Could someone please point out, why my code is not printing &quot;hello&quot;. I feel that my thread 2 - t2 is not starting. This is just a code snippet, I am trying to work on to implement in my main program. Basically, my idea is the following: Have a single function - which has two set of codes ---- one code in &quot;if condition statement&quot; and the other in &quot;while loop&quot; Thread 1 - uses function 1 - &quot;while loop&quot; continuously - until I abruptly stop the program Thread 2 or thread 3 or thread 4 etc, wants to use the same function - but the code under &quot;if condition statement&quot; My approach in the following code is to have a thread 1 - run continuously, while thread2 - does its work without interrupting thread1. 
The code: import threading import Queue def Continuous(stop_event, queue_read, queue_write,lock): #lock.acquire() try: if stop_event == True: print stop_event.is_set() print &quot;hello&quot; c = 7 d = 8 msg2 = (c+d)*2 queue_write.put(msg2) while not stop_event.wait(1): print &quot;hello2&quot; #print (&quot;working on %s&quot; % arg) a = 3; b = 4 msg1 = a*b queue_read.put(msg1) time.sleep(1) finally: print &quot;Inside finally&quot; #lock.release() print&quot;Outside try and finally&quot; def main(): pill2kill = threading.Event() lock = threading.Lock() pill2kill.clear() queue1 = Queue.Queue() queue2 = Queue.Queue() #self.queue2 = Queue.Queue() t1 = threading.Thread(target = Continuous, args = (pill2kill,queue1,queue2,lock)) t1.deamon = True t1.start() print &quot;asdfasfd&quot; time.sleep(2) pill2kill_1 = threading.Event() pill2kill_1.set() print &quot;hjgkhj&quot; t2 = threading.Thread(target=Continuous, args=(pill2kill_1, queue1, queue2,lock)) t2.start() t2.join() pill2kill.clear() print &quot;End of program&quot; main() 
PS: I am extremely sorry, for posting my code this way. I tried for over 15 minutes and I am unsuccesful to get it formatted
</post>
<signature>

</signature>
<external_links>

</external_links>
<country>US</country>
<main_image>http://cdn.sstatic.net/Sites/stackoverflow/img/apple-touch-icon@2.png?v=73d79a89bded&amp;a</main_image>
</document>
