<?xml version="1.0" encoding="UTF-8"?>
<document>
<type>mainstream</type>
<forum></forum>
<forum_title></forum_title>
<discussion_title>Herzing University Announces Enhanced Business Program Curriculum | Appen Media Group</discussion_title>
<language>english</language>
<gmt_offset></gmt_offset>
<topic_url>http://northfulton.com/atlanta/education/Herzing-University-Announces-Enhanced-Business-Program-Curriculum,96033</topic_url>
<topic_text>
Herzing University Announces Enhanced Business Program Curriculum Posted Monday, August 29, 2016 2:51 pm by Comment 
Evolving with today’s changing business environment, Herzing University is introducing a redesigned business curriculum that includes enhancements to both its undergraduate and graduate programs. The changes take affect with the fall 2016 semester, beginning this September, and are designed to better align with current and future business employer needs. 
The new curriculum, which was developed after consultation with employers, is focused on leadership development and is designed to advance students’ critical thinking skills and business acumen. Understanding the global economy, leveraging technology, and building professionalism and teamwork skills are infused in every undergraduate business class. Additionally, students have the opportunity to customize their business degree curriculum through a variety of professional concentrations. To help them become more competitive in the workforce, students will also have the opportunity to earn sought-after industry certifications, such as the SHRM Certified Professional (SHRM-CP) from the Society for Human Resource Management and Project Management Professional (PMP) from the Project Management Institute. 
“Employers tell us that they need people who can lead and solve problems within a team. We’ve embedded these skills within the curriculum,” said Herzing University President Renee Herzing. “Our goal is to help students prepare for career advancement, entrepreneurship and management. We do this through flexible programs, certifications, specialized concentration areas, and practical application.” 
Concentration areas include business administration, entrepreneurial studies, human resource development, international business, marketing, and technology management. As a transfer-friendly university, Herzing will evaluate all students’ prior education and accept up to 75 percent of their coursework in transfer credit for a bachelor’s degree. Additionally, Herzing evaluates students’ work, military and certification training for college credit, saving them time and money. 
Developed with career advancement, efficiency and affordability in mind, students in the undergraduate business program may also start their MBA coursework at the same time. Up to 12 graduate credits can be taken during the undergraduate program and applied to both degrees through the dual credit option. 
Earlier this year, Herzing announced the expansion of its MBA program to the university’s Orlando campus. The program is also available online and at the university’s Madison and Atlanta campuses through a hybrid of online and on-campus courses. With flexible scheduling that builds on previous professional skills, MBA candidates have the ability to graduate from the program in as little as one and a half years (four semesters). 
About Herzing University 
Herzing University encompasses 11 campuses in eight states, a continuing education division, an online division, and has a current enrollment of approximately 6,000 students. Founded in Milwaukee in 1965, today the University offers career-focused, convenient and caring education for master’s, bachelor’s, and associate degrees, diplomas and continuing education in the fields of nursing, technology, business, healthcare, design and public safety. In 2013, 2014, 2015 and 2016, U.S. News &amp; World Report ranked Herzing University as one of the “Best Online Bachelor’s Degree Programs” nationally. Herzing University has also has been recognized as a member of the 2015 and 2016 GI Jobs magazine list of “Military Friendly Schools.” Herzing University is accredited by the Higher Learning Commission; www.ncahlc.org or (800) 621-7440. More information about Herzing University is available at: www.herzing.edu 
</topic_text>
<spam_score>0.60</spam_score>
<post_num>1</post_num>
<post_id>post-1</post_id>
<post_url>http://northfulton.com/atlanta/education/Herzing-University-Announces-Enhanced-Business-Program-Curriculum,96033</post_url>
<post_date>20160829</post_date>
<post_time></post_time>
<username></username>
<post>
Herzing University Announces Enhanced Business Program Curriculum Posted Monday, August 29, 2016 2:51 pm by Comment 
Evolving with today’s changing business environment, Herzing University is introducing a redesigned business curriculum that includes enhancements to both its undergraduate and graduate programs. The changes take affect with the fall 2016 semester, beginning this September, and are designed to better align with current and future business employer needs. 
The new curriculum, which was developed after consultation with employers, is focused on leadership development and is designed to advance students’ critical thinking skills and business acumen. Understanding the global economy, leveraging technology, and building professionalism and teamwork skills are infused in every undergraduate business class. Additionally, students have the opportunity to customize their business degree curriculum through a variety of professional concentrations. To help them become more competitive in the workforce, students will also have the opportunity to earn sought-after industry certifications, such as the SHRM Certified Professional (SHRM-CP) from the Society for Human Resource Management and Project Management Professional (PMP) from the Project Management Institute. 
“Employers tell us that they need people who can lead and solve problems within a team. We’ve embedded these skills within the curriculum,” said Herzing University President Renee Herzing. “Our goal is to help students prepare for career advancement, entrepreneurship and management. We do this through flexible programs, certifications, specialized concentration areas, and practical application.” 
Concentration areas include business administration, entrepreneurial studies, human resource development, international business, marketing, and technology management. As a transfer-friendly university, Herzing will evaluate all students’ prior education and accept up to 75 percent of their coursework in transfer credit for a bachelor’s degree. Additionally, Herzing evaluates students’ work, military and certification training for college credit, saving them time and money. 
Developed with career advancement, efficiency and affordability in mind, students in the undergraduate business program may also start their MBA coursework at the same time. Up to 12 graduate credits can be taken during the undergraduate program and applied to both degrees through the dual credit option. 
Earlier this year, Herzing announced the expansion of its MBA program to the university’s Orlando campus. The program is also available online and at the university’s Madison and Atlanta campuses through a hybrid of online and on-campus courses. With flexible scheduling that builds on previous professional skills, MBA candidates have the ability to graduate from the program in as little as one and a half years (four semesters). 
About Herzing University 
Herzing University encompasses 11 campuses in eight states, a continuing education division, an online division, and has a current enrollment of approximately 6,000 students. Founded in Milwaukee in 1965, today the University offers career-focused, convenient and caring education for master’s, bachelor’s, and associate degrees, diplomas and continuing education in the fields of nursing, technology, business, healthcare, design and public safety. In 2013, 2014, 2015 and 2016, U.S. News &amp; World Report ranked Herzing University as one of the “Best Online Bachelor’s Degree Programs” nationally. Herzing University has also has been recognized as a member of the 2015 and 2016 GI Jobs magazine list of “Military Friendly Schools.” Herzing University is accredited by the Higher Learning Commission; www.ncahlc.org or (800) 621-7440. More information about Herzing University is available at: www.herzing.edu 
</post>
<signature>

</signature>
<external_links>

</external_links>
<country>US</country>
<main_image></main_image>
</document>
