<?xml version="1.0" encoding="UTF-8"?>
<document>
<type>mainstream</type>
<forum>http://www.dailymail.co.uk/articles.rss</forum>
<forum_title>Articles | Mail Online</forum_title>
<discussion_title>Kourtney Kardashian enjoys beach day in Malibu with Penelope and Mason</discussion_title>
<language>english</language>
<gmt_offset></gmt_offset>
<topic_url>http://www.dailymail.co.uk/tvshowbiz/article-3763096/Kourtney-Kardashian-looks-relaxed-Daisy-Dukes-enjoys-Malibu-beach-day-Penelope-Mason.html</topic_url>
<topic_text>
e-mail 409 shares 14
View 
comments
Her younger sister Kim was the vixen of the ball at the MTV Video Music Awards , but Kourtney Kardashian had something else in mind. 
The eldest was perhaps the wisest as she spent a perfect Sunday afternoon relaxing at the beach in Malibu, California with her children Penelope and Mason. 
Kourtney rocked some cool beachwear too, and was clad in denim cut-offs and a billowy white high-necked blouse that protected her skin from too much exposure no doubt. 
Beach daze: Kourtney Kardashian opted for a relaxing day at the beach with her kids Penelope (pictured here with her) and Mason on Sunday 
The 37-year-old was seen strolling across the sand with her four-year-old daughter as the wind whipped at her long dark hair. 
RELATED ARTICLES Previous 1 Next Kylie Jenner flashes her midriff in bra and mini skirt Jennifer Garner appears to wipe away tears as Ben Affleck... Sunday funday! Miley Cyrus flashes her legs in cutoffs as... The perfect accessory! Chrissy Teigen and John Legend show... Share this article Share 409 shares Penelope looked nautical in her striped bathing suit, and she wore her light brown hair pulled back in a ponytail. 
Kourtney and kids weren&apos;t alone - there were a few friends at the house where they were grouping together. 
Family fun: The 37-year-old had fun mingling with her kids and a few friends 
Mama&apos;s boy: Kourtney couldn&apos;t wash the devoted look from her face as she hung out with her son Mason, six
To the sea and back again: The doting mom escorted her middle child to the shore before walking back to the beach house
A moon bounce had been set up for the children and how excited they were. 
Kourtney&apos;s six-year-old son Mason could hardly contain his enthusiasm as he darted amongst the grown-ups. 
The mother-of-three remembered to drink plenty of water and never seemed to be far from her large bottle of H20. 
Pass them on over here: Kourtney had what looked like a delicious basket of chocolate cupcakes in her grasp
On her toes: Kourtney walked around barefoot while looking after her youngsters
Hot mama: The mother-of-three wore Daisy Dukes with a billowy white blouse
A lazy day in the sun seemed like the blissful thing to do ahead of Sunday&apos;s dramatic episode of Keeping Up With Kardashians. 
The segment had everything - Kourtney worrying if she was sending mixed messages to her former fiance and baby daddy Scott Disick, Khloe filing for divorce from Lamar Odom for the second time and Kris Jenner attempting to work out. 
But about 3,000 miles to the East, Kim Kardashian and Kanye West were reigning supreme at Madison Square Garden in New York City for the VMAs. 
Catching up: The Keeping Up With The Kardashians star chatted with a pal
Kim wowed in a plunging and clingy black number with drooping sleeves, lace-up heels. 
Kanye was allowed four minutes of uninterrupted air time to introduce his steamy new music video Fade starring Teyana Taylor. 
Kim, meanwhile, was seen mingling with Alicia Keys and Swizz Beatz, Britney Spears, Cassie and Ashley Graham among others. 
Vixen of the VMAs: While Kourtney enjoyed a relatively quiet day at the beach in Malibu, sister Kim and Kanye West were mingling with the hip hop A-listers at the MTV VMAs in NYC
</topic_text>
<spam_score>0.00</spam_score>
<post_num>2</post_num>
<post_id>post-2</post_id>
<post_url>http://www.dailymail.co.uk/tvshowbiz/article-3763096/Kourtney-Kardashian-looks-relaxed-Daisy-Dukes-enjoys-Malibu-beach-day-Penelope-Mason.html</post_url>
<post_date>20160829</post_date>
<post_time>2345</post_time>
<username>themoon</username>
<post>
He is definitely lunatic, so obsessed with Taylor Swift, even he talks about her again at MTV! Bully Kim is trash!
</post>
<signature>

</signature>
<external_links>

</external_links>
<country>GB</country>
<main_image>http://i.dailymail.co.uk/i/pix/2016/08/29/06/37ACA15700000578-0-image-a-195_1472449265776.jpg</main_image>
</document>
