<?xml version="1.0" encoding="UTF-8"?>
<document>
<type>mainstream</type>
<forum>http://www.ilkleygazette.co.uk/leisure/showbiz/rss</forum>
<forum_title>Ilkley Gazette | National Entertainment News</forum_title>
<discussion_title>Beyonce and Rihanna were the most tweeted topics during MTV VMAs</discussion_title>
<language>english</language>
<gmt_offset></gmt_offset>
<topic_url>http://www.ilkleygazette.co.uk/leisure/showbiz/14710868.Beyonce_and_Rihanna_were_the_most_tweeted_topics_during_MTV_VMAs/</topic_url>
<topic_text>
Have you got a local story, picture or video you would like to send to us? Send it to us now for a chance to get published. Services Beyonce and Rihanna were the most tweeted topics during MTV VMAs Beyonce and Rihanna were the most tweeted topics during MTV VMAs 
/ Press Association 2014 
Beyonce and Rihanna earned more than awards during Sunday night’s MTV Video Music Awards. 
The superstar singers undeniably stole the show, and now Twitter says that they also got the most social media buzz during the telecast. Rihanna (Chris Pizzello/AP/PA) 
They were followed by Kanye West, who gave a typically rambling speech that touched on everything from gun violence in Chicago to his aspiration to become a mogul like Steve Jobs or Walt Disney. 
Drake was also a topic of conversation. The rapper gave a touching tribute and kissed RiRi while presenting her with MTV’s Video Vanguard Award. 
Girl group Fifth Harmony, who won a pair of VMAs, round out Twitter’s top five tweeted topics of the show. Fifth Harmony (Charles Sykes/AP/PA)
</topic_text>
<spam_score>0.00</spam_score>
<post_num>1</post_num>
<post_id>post-1</post_id>
<post_url>http://www.ilkleygazette.co.uk/leisure/showbiz/14710868.Beyonce_and_Rihanna_were_the_most_tweeted_topics_during_MTV_VMAs/</post_url>
<post_date>20160829</post_date>
<post_time>1522</post_time>
<username></username>
<post>
Have you got a local story, picture or video you would like to send to us? Send it to us now for a chance to get published. Services Beyonce and Rihanna were the most tweeted topics during MTV VMAs Beyonce and Rihanna were the most tweeted topics during MTV VMAs 
/ Press Association 2014 
Beyonce and Rihanna earned more than awards during Sunday night’s MTV Video Music Awards. 
The superstar singers undeniably stole the show, and now Twitter says that they also got the most social media buzz during the telecast. Rihanna (Chris Pizzello/AP/PA) 
They were followed by Kanye West, who gave a typically rambling speech that touched on everything from gun violence in Chicago to his aspiration to become a mogul like Steve Jobs or Walt Disney. 
Drake was also a topic of conversation. The rapper gave a touching tribute and kissed RiRi while presenting her with MTV’s Video Vanguard Award. 
Girl group Fifth Harmony, who won a pair of VMAs, round out Twitter’s top five tweeted topics of the show. Fifth Harmony (Charles Sykes/AP/PA)
</post>
<signature>

</signature>
<external_links>

</external_links>
<country>GB</country>
<main_image>http://www.ilkleygazette.co.uk/resources/images/5427909/</main_image>
</document>
