<?xml version="1.0" encoding="UTF-8"?>
<document>
<type>mainstream</type>
<forum>http://gantdaily.com/feed/</forum>
<forum_title>GantNews.com</forum_title>
<discussion_title>ITT stops all new student enrollment</discussion_title>
<language>english</language>
<gmt_offset></gmt_offset>
<topic_url>http://gantdaily.com/2016/08/29/itt-stops-all-new-student-enrollment/</topic_url>
<topic_text>
Home / News / Business News / ITT stops all new student enrollment ITT stops all new student enrollment Posted on by CNN in Business News 
The hits keeping coming for ITT Technical Institute. 
Just days after a major blow from the federal government that severely limited the school’s enrollment, ITT has stopped enrolling all new students. 
The announcement appeared Monday at the top of ITT’s website. 
On Thursday, the Department of Education barred its parent company, ITT Educational Services, from enrolling students who use federal financial aid. 
That means students who are enrolled at ITT, but haven’t yet started classes are not allowed to use federal aid to finance their education. Current students who have already started classes can still use federal aid as long as the school remains open. 
Shares of ITT Educational Services dropped after the government’s announcement. 
“ITT is effectively out of business,” said Peter Appert, managing director senior research analyst at Piper Jaffray &amp; Co, who follows ITT. “I don’t see any way they survive this.” 
Along with cutting off some access to federal money, the federal government is also requiring the company to increase its cash reserves and provide a letter of credit showing sufficient funding. 
“Frankly, it occurred to me they could file Chapter 11 pretty much any time,” Appert said. “I don’t think they are going to be able to come up with the letter of credit the DOE is demanding.” 
ITT Educational Services has been in hot water with state and federal regulators before, and was recently warned it could lose its accreditation, which would mean none of its students would be eligible for federal student aid. 
Appert said the school had been working to make changes to its program offerings and marketing techniques. 
ITT is also not allowed to pay any bonuses, severances or raises to management or directors without the government’s approval. 
The school did not immediately respond to a request for comment. 
The company operates more than 130 campuses across the country in 39 states and online and has more than 40,000 students in both undergraduate and graduate programs. Enrollment has been dwindling at the schools. In July, the company said new student enrollment dropped nearly 22% to 9,910 in the second quarter compared to 12,638 in the same time a year prior. 
The government has been cracking down on for-profit schools recently. 
In May 2015, Corinthian College filed for Chapter 11 protection after coming under fire from federal regulators for alleged predatory lending practices and allegations it inflated its graduates’ job placement numbers.
</topic_text>
<spam_score>0.00</spam_score>
<post_num>1</post_num>
<post_id>post-1</post_id>
<post_url>http://gantdaily.com/2016/08/29/itt-stops-all-new-student-enrollment/</post_url>
<post_date>20160829</post_date>
<post_time>2230</post_time>
<username>CNN</username>
<post>
Home / News / Business News / ITT stops all new student enrollment ITT stops all new student enrollment Posted on by CNN in Business News 
The hits keeping coming for ITT Technical Institute. 
Just days after a major blow from the federal government that severely limited the school’s enrollment, ITT has stopped enrolling all new students. 
The announcement appeared Monday at the top of ITT’s website. 
On Thursday, the Department of Education barred its parent company, ITT Educational Services, from enrolling students who use federal financial aid. 
That means students who are enrolled at ITT, but haven’t yet started classes are not allowed to use federal aid to finance their education. Current students who have already started classes can still use federal aid as long as the school remains open. 
Shares of ITT Educational Services dropped after the government’s announcement. 
“ITT is effectively out of business,” said Peter Appert, managing director senior research analyst at Piper Jaffray &amp; Co, who follows ITT. “I don’t see any way they survive this.” 
Along with cutting off some access to federal money, the federal government is also requiring the company to increase its cash reserves and provide a letter of credit showing sufficient funding. 
“Frankly, it occurred to me they could file Chapter 11 pretty much any time,” Appert said. “I don’t think they are going to be able to come up with the letter of credit the DOE is demanding.” 
ITT Educational Services has been in hot water with state and federal regulators before, and was recently warned it could lose its accreditation, which would mean none of its students would be eligible for federal student aid. 
Appert said the school had been working to make changes to its program offerings and marketing techniques. 
ITT is also not allowed to pay any bonuses, severances or raises to management or directors without the government’s approval. 
The school did not immediately respond to a request for comment. 
The company operates more than 130 campuses across the country in 39 states and online and has more than 40,000 students in both undergraduate and graduate programs. Enrollment has been dwindling at the schools. In July, the company said new student enrollment dropped nearly 22% to 9,910 in the second quarter compared to 12,638 in the same time a year prior. 
The government has been cracking down on for-profit schools recently. 
In May 2015, Corinthian College filed for Chapter 11 protection after coming under fire from federal regulators for alleged predatory lending practices and allegations it inflated its graduates’ job placement numbers.
</post>
<signature>

</signature>
<external_links>

</external_links>
<country>US</country>
<main_image></main_image>
</document>
