<?xml version="1.0" encoding="UTF-8"?>
<document>
<type>mainstream</type>
<forum>http://www.sportspyder.com/rss/teams/all/mcb/terrapins/index.xml</forum>
<forum_title>SportSpyder.com - The Latest Maryland Terrapins News</forum_title>
<discussion_title>[Fansided: Terrapin Station] - Maryland Football: Levern Jacobs is ready to lead</discussion_title>
<language>english</language>
<gmt_offset></gmt_offset>
<topic_url>http://sportspyder.com/sports/mcb/articles/19007606</topic_url>
<topic_text>
RT @ romanstubbs : Braglio, Opara and Walker will start on D-Line, which will run at least 8-deep. Aniebonam is the buck, with Keihn backing him up. Newspaper / Magazine RT @ romanstubbs : No major surprises on O-Line. Dunn-Minter-Moore-Shelton-Prince. Top to bottom, might be the best unit on the team. Newspaper / Magazine RT @ romanstubbs : Maryland&apos;s 2-deep for Howard has been released. Tyrrell Pigrome and Max Bortenschlager are backing up Perry Hills. Newspaper / Magazine RT @ DatGuy_Trey : Thank you to all the schools that have recruited but there are my final 10 schools. ??? Newspaper / Magazine
</topic_text>
<spam_score>0.00</spam_score>
<post_num>1</post_num>
<post_id>post-1</post_id>
<post_url>http://sportspyder.com/sports/mcb/articles/19007606</post_url>
<post_date>20160829</post_date>
<post_time>2134</post_time>
<username>Chris Bengel</username>
<post>
RT @ romanstubbs : Braglio, Opara and Walker will start on D-Line, which will run at least 8-deep. Aniebonam is the buck, with Keihn backing him up. Newspaper / Magazine RT @ romanstubbs : No major surprises on O-Line. Dunn-Minter-Moore-Shelton-Prince. Top to bottom, might be the best unit on the team. Newspaper / Magazine RT @ romanstubbs : Maryland&apos;s 2-deep for Howard has been released. Tyrrell Pigrome and Max Bortenschlager are backing up Perry Hills. Newspaper / Magazine RT @ DatGuy_Trey : Thank you to all the schools that have recruited but there are my final 10 schools. ??? Newspaper / Magazine
</post>
<signature>

</signature>
<external_links>

</external_links>
<country>US</country>
<main_image>http://sportspyder.com/assets/common/logo_hi.png</main_image>
</document>
