<?xml version="1.0" encoding="UTF-8"?>
<document>
<type>mainstream</type>
<forum>http://audioboom.com/boos/everyone.rss</forum>
<forum_title>audioBoom</forum_title>
<discussion_title>2016-08-29 Ecuador en el ranking de Gobierno electrónico</discussion_title>
<language>english</language>
<gmt_offset></gmt_offset>
<topic_url>https://audioboom.com/boos/4988326-2016-08-29-ecuador-en-el-ranking-de-gobierno-electronico</topic_url>
<topic_text>
&lt;iframe width=&quot;100%&quot; height=&quot;300&quot; style=&quot;background-color:transparent; display:block; max-width: 700px;&quot; frameborder=&quot;0&quot; allowtransparency=&quot;allowtransparency&quot; scrolling=&quot;no&quot; src=&quot;//embeds.audioboom.com/boos/4988326-2016-08-29-ecuador-en-el-ranking-de-gobierno-electronico/embed/v4?eid=AQAAAHi1xFemHUwA&quot; title=&quot;audioBoom player&quot;&gt;&lt;/iframe&gt; Share on
</topic_text>
<spam_score>0.00</spam_score>
<post_num>1</post_num>
<post_id>post-1</post_id>
<post_url>https://audioboom.com/boos/4988326-2016-08-29-ecuador-en-el-ranking-de-gobierno-electronico</post_url>
<post_date>20160829</post_date>
<post_time>2152</post_time>
<username>ElCiudadano_ec</username>
<post>
&lt;iframe width=&quot;100%&quot; height=&quot;300&quot; style=&quot;background-color:transparent; display:block; max-width: 700px;&quot; frameborder=&quot;0&quot; allowtransparency=&quot;allowtransparency&quot; scrolling=&quot;no&quot; src=&quot;//embeds.audioboom.com/boos/4988326-2016-08-29-ecuador-en-el-ranking-de-gobierno-electronico/embed/v4?eid=AQAAAHi1xFemHUwA&quot; title=&quot;audioBoom player&quot;&gt;&lt;/iframe&gt; Share on
</post>
<signature>

</signature>
<external_links>

</external_links>
<country>GB</country>
<main_image>https://d15mj6e6qmt1na.cloudfront.net/files/images/2398/9713/Captura_de_pantalla_2016-08-29_a_las_16.53.27.png</main_image>
</document>
