<?xml version="1.0" encoding="UTF-8"?>
<document>
<type>mainstream</type>
<forum>http://rssfeeds.ktvb.com/_/20/109765760/ktvb/local</forum>
<forum_title>KTVB - Local</forum_title>
<discussion_title>14-year-old dies after shooting self...</discussion_title>
<language>english</language>
<gmt_offset></gmt_offset>
<topic_url>http://rssfeeds.ktvb.com/_/20/109765760/ktvb/http&amp;#x3a;&amp;#x2f;&amp;#x2f;www&amp;#x2e;ktvb&amp;#x2e;com&amp;#x2f;news&amp;#x2f;local&amp;#x2f;14-year-old-dies-after-shooting-self-during-standoff&amp;#x2f;310624224</topic_url>
<topic_text>
14-year-old dies after shooting self during standoff KTVB , KTVB 2:38   The Ada County Sheriff&apos;s Office said Friday evening that a teenage arson suspect suffered life-threatening injuries after shooting himself during a standoff in Kuna. (Photo: KTVB) 
BOISE -- The Ada County Coroner&apos;s Office confirmed Monday that a Boise boy who shot himself during a standoff with law enforcement has died. 
Christian Alexander Page, 14, died at Saint Alphonsus Regional Medical Center Saturday morning. 
Page, a suspect in a July arson that destroyed a pair of storage units, refused to come out of a friend&apos;s home on Kerf Street Friday afternoon, prompting a standoff with Kuna Police. According to the Ada County Sheriff&apos;s Office, the boy had taken two guns from a family member and left home earlier in the week. 
Crisis negotiators were called out to the scene to speak with Page, but he shot himself during the hours-long standoff, authorities say. 
Page was taken to the hospital with life-threatening injuries, and was pronounced dead at 7:05 a.m. Saturday. 
The 14-year-old&apos;s cause and manner of death are listed as &quot;pending.&quot; Coroner Dotti Owens said a post-mortem examination will happen after a donation process is complete. 
The Kuna School District said in a post on Facebook that counselors would be made available at Kuna Middle School and Kuna High School. 
Copyright 2016 KTVB
</topic_text>
<spam_score>0.00</spam_score>
<post_num>1</post_num>
<post_id>post-1</post_id>
<post_url>http://rssfeeds.ktvb.com/_/20/109765760/ktvb/http&amp;#x3a;&amp;#x2f;&amp;#x2f;www&amp;#x2e;ktvb&amp;#x2e;com&amp;#x2f;news&amp;#x2f;local&amp;#x2f;14-year-old-dies-after-shooting-self-during-standoff&amp;#x2f;310624224</post_url>
<post_date>20160829</post_date>
<post_time>2038</post_time>
<username></username>
<post>
14-year-old dies after shooting self during standoff KTVB , KTVB 2:38   The Ada County Sheriff&apos;s Office said Friday evening that a teenage arson suspect suffered life-threatening injuries after shooting himself during a standoff in Kuna. (Photo: KTVB) 
BOISE -- The Ada County Coroner&apos;s Office confirmed Monday that a Boise boy who shot himself during a standoff with law enforcement has died. 
Christian Alexander Page, 14, died at Saint Alphonsus Regional Medical Center Saturday morning. 
Page, a suspect in a July arson that destroyed a pair of storage units, refused to come out of a friend&apos;s home on Kerf Street Friday afternoon, prompting a standoff with Kuna Police. According to the Ada County Sheriff&apos;s Office, the boy had taken two guns from a family member and left home earlier in the week. 
Crisis negotiators were called out to the scene to speak with Page, but he shot himself during the hours-long standoff, authorities say. 
Page was taken to the hospital with life-threatening injuries, and was pronounced dead at 7:05 a.m. Saturday. 
The 14-year-old&apos;s cause and manner of death are listed as &quot;pending.&quot; Coroner Dotti Owens said a post-mortem examination will happen after a donation process is complete. 
The Kuna School District said in a post on Facebook that counselors would be made available at Kuna Middle School and Kuna High School. 
Copyright 2016 KTVB
</post>
<signature>

</signature>
<external_links>

</external_links>
<country>US</country>
<main_image>http://content.ktvb.com/photo/2016/08/26/standoff%203_1472262451313_5845270_ver1.0_640_360.JPG</main_image>
</document>
