<?xml version="1.0" encoding="UTF-8"?>
<document>
<type>mainstream</type>
<forum>http://elmundo.com.sv/feed/</forum>
<forum_title>Diario El Mundo</forum_title>
<discussion_title>Detienen a hermana de Mariah Carey por el delito de prostitución</discussion_title>
<language>spanish</language>
<gmt_offset></gmt_offset>
<topic_url>http://elmundo.sv/detienen-a-hermana-de-mariah-carey-por-el-delito-de-prostitucion/</topic_url>
<topic_text>
&gt; Detienen a hermana de Mariah Carey por el delito de prostitución Detienen a hermana de Mariah Carey por el delito de prostitución Redacción/DEM por Mónica Castillo &amp; archivado en Entretenimiento , Espectáculos . 
La hermana mayor de la cantante Mariah Carey fue detenida por las autoridades policiales en Saugerties, Nueva York por el delito de prostitución, una actividad que es considera ilícita. 
Según el reporte brindado por el cuerpo de seguridad, la detenida identificada como Alison Carey fue detenida bajo una investigación y operativo encubierto. Todo se dio a conocer tras las publicaciones en internet hechas por Alison, donde pedía dinero a cambio de realizar ciertos favores sexuales, así lo informaron diversos medios locales. publicidad 
“Soy una linda señora buscando tipos que quieran pasar un buen rato y entrar en un mundo de placer que otra mujer simplemente no podría dárselos”, eran las palabras publicadas por la hermana de la cantante. 
La detención surgió en un hotel ubicado en Saugerties pero del cual se desconoce el nombre. Una agente se hizo pasar como un cliente y así lograron detener a Alison. 
Por ahora se sabe que ella fue enviada a prisión del condado de Ulster con una fianza de $1,000. Además, deberá presentarse al juez el próximo 30 de agosto. 
Se sabe que Mariah y Alison han estado distanciadas durante varios años, según fuentes cercanas a ambas. 
Impresionante rayo alcanza al Empire State   69 [name] =&gt; Entretenimiento [slug] =&gt; entretenimiento   69   7359 [filter] =&gt; raw [object_id] =&gt; 687768 [cat_ID] =&gt; 69 [category_count] =&gt; 7359   Entretenimiento [category_nicename] =&gt; entretenimiento [category_parent] =&gt; 0   84 [name] =&gt; Espectáculos [slug] =&gt; espectaculos   84   69 [count] =&gt; 3891 [filter] =&gt; raw [object_id] =&gt; 687768 [cat_ID] =&gt; 84 [category_count] =&gt; 3891   Espectáculos [category_nicename] =&gt; espectaculos [category_parent] =&gt; 69 ) ) 1 WP_Term Object ( [term_id] =&gt; 84 [name] =&gt; Espectáculos [slug] =&gt; espectaculos   84   69 [count] =&gt; 3891 [filter] =&gt; raw [object_id] =&gt; 687768 [cat_ID] =&gt; 84 [category_count] =&gt; 3891   Espectáculos [category_nicename] =&gt; espectaculos [category_parent] =&gt; 69 ) 1 WP_Term Object ( [term_id] =&gt; 69 [name] =&gt; Entretenimiento [slug] =&gt; entretenimiento   69   7359 [filter] =&gt; raw [cat_ID] =&gt; 69 [category_count] =&gt; 7359   Entretenimiento [category_nicename] =&gt; entretenimiento [category_parent] =&gt; 0 ) 1 VIDEOS
</topic_text>
<spam_score>0.00</spam_score>
<post_num>1</post_num>
<post_id>post-1</post_id>
<post_url>http://elmundo.sv/detienen-a-hermana-de-mariah-carey-por-el-delito-de-prostitucion/</post_url>
<post_date>20160829</post_date>
<post_time>2245</post_time>
<username>Mónica Castillo</username>
<post>
&gt; Detienen a hermana de Mariah Carey por el delito de prostitución Detienen a hermana de Mariah Carey por el delito de prostitución Redacción/DEM por Mónica Castillo &amp; archivado en Entretenimiento , Espectáculos . 
La hermana mayor de la cantante Mariah Carey fue detenida por las autoridades policiales en Saugerties, Nueva York por el delito de prostitución, una actividad que es considera ilícita. 
Según el reporte brindado por el cuerpo de seguridad, la detenida identificada como Alison Carey fue detenida bajo una investigación y operativo encubierto. Todo se dio a conocer tras las publicaciones en internet hechas por Alison, donde pedía dinero a cambio de realizar ciertos favores sexuales, así lo informaron diversos medios locales. publicidad 
“Soy una linda señora buscando tipos que quieran pasar un buen rato y entrar en un mundo de placer que otra mujer simplemente no podría dárselos”, eran las palabras publicadas por la hermana de la cantante. 
La detención surgió en un hotel ubicado en Saugerties pero del cual se desconoce el nombre. Una agente se hizo pasar como un cliente y así lograron detener a Alison. 
Por ahora se sabe que ella fue enviada a prisión del condado de Ulster con una fianza de $1,000. Además, deberá presentarse al juez el próximo 30 de agosto. 
Se sabe que Mariah y Alison han estado distanciadas durante varios años, según fuentes cercanas a ambas. 
Impresionante rayo alcanza al Empire State   69 [name] =&gt; Entretenimiento [slug] =&gt; entretenimiento   69   7359 [filter] =&gt; raw [object_id] =&gt; 687768 [cat_ID] =&gt; 69 [category_count] =&gt; 7359   Entretenimiento [category_nicename] =&gt; entretenimiento [category_parent] =&gt; 0   84 [name] =&gt; Espectáculos [slug] =&gt; espectaculos   84   69 [count] =&gt; 3891 [filter] =&gt; raw [object_id] =&gt; 687768 [cat_ID] =&gt; 84 [category_count] =&gt; 3891   Espectáculos [category_nicename] =&gt; espectaculos [category_parent] =&gt; 69 ) ) 1 WP_Term Object ( [term_id] =&gt; 84 [name] =&gt; Espectáculos [slug] =&gt; espectaculos   84   69 [count] =&gt; 3891 [filter] =&gt; raw [object_id] =&gt; 687768 [cat_ID] =&gt; 84 [category_count] =&gt; 3891   Espectáculos [category_nicename] =&gt; espectaculos [category_parent] =&gt; 69 ) 1 WP_Term Object ( [term_id] =&gt; 69 [name] =&gt; Entretenimiento [slug] =&gt; entretenimiento   69   7359 [filter] =&gt; raw [cat_ID] =&gt; 69 [category_count] =&gt; 7359   Entretenimiento [category_nicename] =&gt; entretenimiento [category_parent] =&gt; 0 ) 1 VIDEOS
</post>
<signature>

</signature>
<external_links>

</external_links>
<country>SV</country>
<main_image></main_image>
</document>
