<?xml version="1.0" encoding="UTF-8"?>
<document>
<type>mainstream</type>
<forum>http://www.rp-online.de/nrw/staedte/kaarst/feed.atom</forum>
<forum_title>Kaarst | RP ONLINE</forum_title>
<discussion_title>Kaarst - Vom Leben der Buchhalter mit Schweinchen-Dick-Krawatten</discussion_title>
<language>german</language>
<gmt_offset></gmt_offset>
<topic_url>http://www.rp-online.de/nrw/staedte/kaarst/vom-leben-der-buchhalter-mit-schweinchen-dick-krawatten-aid-1.6223765</topic_url>
<topic_text>
Kaarst Vom Leben der Buchhalter mit Schweinchen-Dick-Krawatten Kaarst. Er hat eine Ausbildung zum Groß- und Einzelhandelskaufmann absolviert und später Wirtschaftswissenschaften studiert. Und so sieht der Gelsenkirchener Hans Gerzlich auch aus: Der Anzugträger tickt mittlerweile jedoch ganz anders. Als Kabarettist nimmt der 49-Jährige unter anderem die Wirtschaftswelt ins Visier. 
Der frühere Marketingmann lässt kein gutes Haar an dieser Zunft, spricht von geistiger Schaumschlägerei und leeren Phrasen - ein System, das psychische Erkrankungen fördert und Wissen vortäuscht. Das hört sich trocken an, war es aber nicht: Hans Gerzlich begeisterte sein Publikum in Kaarst trotz oder gerade wegen seines knochentrockenen Humors. Er haute erstaunlich intelligente und pfiffige Sätze raus. Ein von ihm empfohlener Diskussionsbeitrag für jedes langatmige Meeting: &quot;Ja, genau Ihrer Meinung war ich auch, bevor ich mich mit dem Thema beschäftigt habe.&quot; 
Im Gegensatz zu anderen Kleinkünstlern verlangt Gerzlich nicht, dass Handys ausgeschaltet werden: &quot;Wenn jetzt noch jemand anruft, muss es wichtig sein. Vielleicht ruft der Babysitter an und will wissen, ob man der Feuerwehr ein Trinkgeld gibt.&quot; Sein Tipp, um mehr Wähler an die Wahlurne zu locken: &quot;Wahlen müssten montags stattfinden, und wer hingeht, müsste einen halben Tag frei bekommen und ein kleines Geschenk wie in der Apotheke - und 100 Payback-Punkte.&quot; Als besonders abstoßend hat Gerzlich die Buchhalter in Erinnerung: &quot;Sie sind ohne eigenes Zutun nach 20 Jahren wieder modisch gekleidet.&quot; Wenn da nur nicht die Essensrückstände auf den Schweinchen-Dick-Krawatten wären! &quot;Bodenhaltung, Käfighaltung, Buchhaltung&quot;: Schlimmer geht&apos;s also kaum. Die sinnfreien Selbstbeweihräucherungen auf Vorstandssitzungen haben bei Gerzlich offenbar zu einem Trauma geführt: &quot;Eine Vorstandssitzung ist langweiliger, als auf der Autobahn 100 Kilometer durchs Emsland zu fahren.&quot; Langweilig ist das Programm &quot;So kann ich nicht arbeiten&quot; auf keinen Fall - auch wenn Hans Gerzlich im Langweiler-Look auftritt. (barni) Ihre Meinung zum Thema ist gefragt 
Schreiben Sie jetzt Ihre Meinung zu: Kaarst: Vom Leben der Buchhalter mit Schweinchen-Dick-Krawatten 
Mich über weitere Kommentare per Mail benachrichtigen Kommentar senden Vielen Dank für Ihren Beitrag! Ihr Kommentar wird nun gesichtet. Im Anschluss erhalten Sie eine E-Mail von uns. Bitte beachten Sie, dass es bei einem großen Kommentaraufkommen zu längeren Wartezeiten kommen kann. Wir sichten die Kommentare werktags zwischen 09 und 22 Uhr. Samstags und sonntags sind wir in der Regel von 10 bis 18 Uhr für Sie da.
</topic_text>
<spam_score>0.00</spam_score>
<post_num>1</post_num>
<post_id>post-1</post_id>
<post_url>http://www.rp-online.de/nrw/staedte/kaarst/vom-leben-der-buchhalter-mit-schweinchen-dick-krawatten-aid-1.6223765</post_url>
<post_date>20160829</post_date>
<post_time>2200</post_time>
<username></username>
<post>
Kaarst Vom Leben der Buchhalter mit Schweinchen-Dick-Krawatten Kaarst. Er hat eine Ausbildung zum Groß- und Einzelhandelskaufmann absolviert und später Wirtschaftswissenschaften studiert. Und so sieht der Gelsenkirchener Hans Gerzlich auch aus: Der Anzugträger tickt mittlerweile jedoch ganz anders. Als Kabarettist nimmt der 49-Jährige unter anderem die Wirtschaftswelt ins Visier. 
Der frühere Marketingmann lässt kein gutes Haar an dieser Zunft, spricht von geistiger Schaumschlägerei und leeren Phrasen - ein System, das psychische Erkrankungen fördert und Wissen vortäuscht. Das hört sich trocken an, war es aber nicht: Hans Gerzlich begeisterte sein Publikum in Kaarst trotz oder gerade wegen seines knochentrockenen Humors. Er haute erstaunlich intelligente und pfiffige Sätze raus. Ein von ihm empfohlener Diskussionsbeitrag für jedes langatmige Meeting: &quot;Ja, genau Ihrer Meinung war ich auch, bevor ich mich mit dem Thema beschäftigt habe.&quot; 
Im Gegensatz zu anderen Kleinkünstlern verlangt Gerzlich nicht, dass Handys ausgeschaltet werden: &quot;Wenn jetzt noch jemand anruft, muss es wichtig sein. Vielleicht ruft der Babysitter an und will wissen, ob man der Feuerwehr ein Trinkgeld gibt.&quot; Sein Tipp, um mehr Wähler an die Wahlurne zu locken: &quot;Wahlen müssten montags stattfinden, und wer hingeht, müsste einen halben Tag frei bekommen und ein kleines Geschenk wie in der Apotheke - und 100 Payback-Punkte.&quot; Als besonders abstoßend hat Gerzlich die Buchhalter in Erinnerung: &quot;Sie sind ohne eigenes Zutun nach 20 Jahren wieder modisch gekleidet.&quot; Wenn da nur nicht die Essensrückstände auf den Schweinchen-Dick-Krawatten wären! &quot;Bodenhaltung, Käfighaltung, Buchhaltung&quot;: Schlimmer geht&apos;s also kaum. Die sinnfreien Selbstbeweihräucherungen auf Vorstandssitzungen haben bei Gerzlich offenbar zu einem Trauma geführt: &quot;Eine Vorstandssitzung ist langweiliger, als auf der Autobahn 100 Kilometer durchs Emsland zu fahren.&quot; Langweilig ist das Programm &quot;So kann ich nicht arbeiten&quot; auf keinen Fall - auch wenn Hans Gerzlich im Langweiler-Look auftritt. (barni) Ihre Meinung zum Thema ist gefragt 
Schreiben Sie jetzt Ihre Meinung zu: Kaarst: Vom Leben der Buchhalter mit Schweinchen-Dick-Krawatten 
Mich über weitere Kommentare per Mail benachrichtigen Kommentar senden Vielen Dank für Ihren Beitrag! Ihr Kommentar wird nun gesichtet. Im Anschluss erhalten Sie eine E-Mail von uns. Bitte beachten Sie, dass es bei einem großen Kommentaraufkommen zu längeren Wartezeiten kommen kann. Wir sichten die Kommentare werktags zwischen 09 und 22 Uhr. Samstags und sonntags sind wir in der Regel von 10 bis 18 Uhr für Sie da.
</post>
<signature>

</signature>
<external_links>

</external_links>
<country>DE</country>
<main_image>http://bc03.rp-online.de/polopoly_fs/1.5951086.1462202093!image/3696658366.jpg_gen/derivatives/d950x950/3696658366.jpg</main_image>
</document>
