<?xml version="1.0" encoding="UTF-8"?>
<document>
<type>mainstream</type>
<forum>http://audioboom.com/boos/everyone.rss</forum>
<forum_title>audioBoom</forum_title>
<discussion_title>Brian &quot;Spinner&quot; Spencer</discussion_title>
<language>english</language>
<gmt_offset></gmt_offset>
<topic_url>https://audioboom.com/boos/4988307-brian-spinner-spencer</topic_url>
<topic_text>
&lt;iframe width=&quot;100%&quot; height=&quot;300&quot; style=&quot;background-color:transparent; display:block; max-width: 700px;&quot; frameborder=&quot;0&quot; allowtransparency=&quot;allowtransparency&quot; scrolling=&quot;no&quot; src=&quot;//embeds.audioboom.com/boos/4988307-brian-spinner-spencer/embed/v4?eid=AQAAAHm2xFeTHUwA&quot; title=&quot;audioBoom player&quot;&gt;&lt;/iframe&gt; Share on 
What do Atom Egoyan, the Buffalo Sabres, one trip to the Stanley Cup, three fatal shootings and Palm Beach County, Florida have in common? Brian &quot;Spinner&quot; Spencer. 
Martin O&apos;Malley&apos;s book Gross Misconduct 
Special guest this episode: James W. Weirick. Weirick is a podcaster on various shows, you can follow him @ jameswweirick 
Music courtesy of Luke Superior.
</topic_text>
<spam_score>0.00</spam_score>
<post_num>1</post_num>
<post_id>post-1</post_id>
<post_url>https://audioboom.com/boos/4988307-brian-spinner-spencer</post_url>
<post_date>20160829</post_date>
<post_time>2131</post_time>
<username>Already Gone Podcast</username>
<post>
&lt;iframe width=&quot;100%&quot; height=&quot;300&quot; style=&quot;background-color:transparent; display:block; max-width: 700px;&quot; frameborder=&quot;0&quot; allowtransparency=&quot;allowtransparency&quot; scrolling=&quot;no&quot; src=&quot;//embeds.audioboom.com/boos/4988307-brian-spinner-spencer/embed/v4?eid=AQAAAHm2xFeTHUwA&quot; title=&quot;audioBoom player&quot;&gt;&lt;/iframe&gt; Share on 
What do Atom Egoyan, the Buffalo Sabres, one trip to the Stanley Cup, three fatal shootings and Palm Beach County, Florida have in common? Brian &quot;Spinner&quot; Spencer. 
Martin O&apos;Malley&apos;s book Gross Misconduct 
Special guest this episode: James W. Weirick. Weirick is a podcaster on various shows, you can follow him @ jameswweirick 
Music courtesy of Luke Superior.
</post>
<signature>

</signature>
<external_links>

</external_links>
<country>GB</country>
<main_image>https://d15mj6e6qmt1na.cloudfront.net/files/images/2398/9624/AlreadyGone_Shoes.jpg</main_image>
</document>
