<?xml version="1.0" encoding="UTF-8"?>
<document>
<type>mainstream</type>
<forum>http://www.ilkleygazette.co.uk/leisure/showbiz/rss</forum>
<forum_title>Ilkley Gazette | National Entertainment News</forum_title>
<discussion_title>See Thor explain where he was during Captain America: Civil War</discussion_title>
<language>english</language>
<gmt_offset></gmt_offset>
<topic_url>http://www.ilkleygazette.co.uk/leisure/showbiz/14710991.See_Thor_explain_where_he_was_during_Captain_America__Civil_War/</topic_url>
<topic_text>
Have you got a local story, picture or video you would like to send to us? Send it to us now for a chance to get published. Services See Thor explain where he was during Captain America: Civil War See Thor explain where he was during Captain America: Civil War 
/ Press Association 2014 
Thor – aka Chris Hemsworth – has starred in a hilarious video detailing what he’s been up to since battling evil in Avengers: Age Of Ultron. 
The warrior addresses why he wasn’t in Marvel’s Captain America: Civil War in the mockumentary, revealing that he’s been enjoying some “me time” in Australia with a regular guy roommate called Darryl. 
The sketch was filmed by director Taika Waititi, who is at the helm of the upcoming Thor movie, Thor: Ragnarok. First screened at Comic-Con earlier this year, it is now online and will undoubtedly have fans in stitches. See what Thor was up to during #CaptainAmericaCivilWar . Get this and more on Digital HD 9/2. https://t.co/TMkiVxeGY9 https://t.co/GZ9UdTGH2s 
— Marvel Entertainment (@Marvel) August 28, 2016 
Some of the highlights include seeing the hammer-wielding star trying to get involved in the community, penning emails to Tony Stark/Iron Man (which go unanswered) and trying to pretend he wasn’t hurt about not being invited to fight alongside the Avengers in Civil War. 
The video will be included as an extra on the Captain America: Civil War digital release. Promoted stories
</topic_text>
<spam_score>0.00</spam_score>
<post_num>1</post_num>
<post_id>post-1</post_id>
<post_url>http://www.ilkleygazette.co.uk/leisure/showbiz/14710991.See_Thor_explain_where_he_was_during_Captain_America__Civil_War/</post_url>
<post_date>20160829</post_date>
<post_time>1642</post_time>
<username></username>
<post>
Have you got a local story, picture or video you would like to send to us? Send it to us now for a chance to get published. Services See Thor explain where he was during Captain America: Civil War See Thor explain where he was during Captain America: Civil War 
/ Press Association 2014 
Thor – aka Chris Hemsworth – has starred in a hilarious video detailing what he’s been up to since battling evil in Avengers: Age Of Ultron. 
The warrior addresses why he wasn’t in Marvel’s Captain America: Civil War in the mockumentary, revealing that he’s been enjoying some “me time” in Australia with a regular guy roommate called Darryl. 
The sketch was filmed by director Taika Waititi, who is at the helm of the upcoming Thor movie, Thor: Ragnarok. First screened at Comic-Con earlier this year, it is now online and will undoubtedly have fans in stitches. See what Thor was up to during #CaptainAmericaCivilWar . Get this and more on Digital HD 9/2. https://t.co/TMkiVxeGY9 https://t.co/GZ9UdTGH2s 
— Marvel Entertainment (@Marvel) August 28, 2016 
Some of the highlights include seeing the hammer-wielding star trying to get involved in the community, penning emails to Tony Stark/Iron Man (which go unanswered) and trying to pretend he wasn’t hurt about not being invited to fight alongside the Avengers in Civil War. 
The video will be included as an extra on the Captain America: Civil War digital release. Promoted stories
</post>
<signature>

</signature>
<external_links>

</external_links>
<country>GB</country>
<main_image>http://www.ilkleygazette.co.uk/resources/images/3897207/</main_image>
</document>
