<?xml version="1.0" encoding="UTF-8"?>
<document>
<type>mainstream</type>
<forum>http://www.cinetivu.com/feed/</forum>
<forum_title>CineTivu</forum_title>
<discussion_title>Wayward Pines 2, ogni lunedì su Fox</discussion_title>
<language>italian</language>
<gmt_offset></gmt_offset>
<topic_url>http://www.cinetivu.com/sky/wayward-pines-2-lunedi-fox-seconda-stagione/</topic_url>
<topic_text>
di Felice Catozzi 29 agosto 2016 felicecatozzi Commenta Dal 29 agosto, ogni lunedì in prima serata su Fox arriva un doppio appuntamento con la seconda stagione di Wayward Pines, che vede come protagonista in questo nuovo capitolo inedito ed esclusivo Jason Patric 0 CONDIVISIONI 
Wayward Pines ,la serie basata sull’omonimo best-seller di Blake Crouch e firmata da M. Night Shyamalan ( Il Sesto Senso, The Village ), arriva in Italia con la seconda stagione in prima visione assoluta dal 29 agosto, il lunedì alle 21.00 su Fox (Sky 112). 
Trasmessa dai canali Fox di oltre 125 Paesi del mondo, Wayward Pines torna con un doppio appuntamento settimanale, dieci episodi ambientati nel 4032 all’interno della cittadina-fortino dell’ Idaho , popolata dagli unici esseri umani sopravvissuti a una mutazione genetica che ha dato vita agli Abbie (che sta per Aberrazioni ), le mostruose creature umanoidi prive di qualsiasi connotazione umana. 
Il primo episodio si apre con un flashback che presenta i due nuovi protagonisti, il chirurgo Theo Yedlin ( Jason Patric , Sleepers ) e sua moglie Rebecca ( Nimrat Kaur , Homeland ) intenti a discutere in un lussuoso resort alle Hawaii. Allontanatosi verso la spiaggia per bere un drink, Theo verrà “reclutato” dallo sceriffo Arnold Pope ( Terrence Howard , Empire ). 
Theo viene risvegliato mentre il pugno di ferro della Prima Generazione , ora al comando di Wayward Pines, sta cercando di annientare la ribellione animata da un gruppo di dissidenti e in particolare da Ben Burke ( Charlie Tahan , Io Sono Leggenda ), figlio di Ethan, il protagonista della prima stagione sacrificatosi nel season finale per salvare Wayward Pines dall’invasione degli Abbie . 
Theo non sa ancora di trovarsi nel 4032, in una piccola cittadina trincerata, unica flebile speranza per la sopravvivenza della razza umana sulla Terra . 
Quale futuro attende Wayward Pines? Riusciranno gli ultimi uomini sopravvissuti sul pianeta a salvarsi dalle Aberrazioni ? E da loro stessi ? 
Jason Patric , oltre che per la sua importante carriera cinematografica e televisiva, è noto alle cronache rosa per le sue liaison amorose con Robin Wright , Julia Roberts (che per lui annullò il suo matrimonio con Kiefer Sutherland a pochi giorni dalla cerimonia), Jennifer Jason Leigh, Christy Turlington e Danielle Schreiber , da cui nel 2010 ha avuto un figlio. 
Fanno parte del cast anche il premio Oscar Melissa Leo ( The Fighter ), la candidata al Golden Globe Hope Davis ( In Treatment, The Weather Man ), Djimon Hounsou (due candidature all’ Oscar , Blood Diamond ), Tim Griffin ( The Bourne Supremacy ), Shannyn Sossamon ( Sleepy Hollow ), Kacey Rohl ( The Killing ), Josh Helman ( X-Men – Giorni di Un Futuro Passato ), Toby Jones ( Il Racconto dei Racconti, Infamous ) e Carla Gugino ( Sin City, Entourage ).
</topic_text>
<spam_score>0.00</spam_score>
<post_num>1</post_num>
<post_id>post-1</post_id>
<post_url>http://www.cinetivu.com/sky/wayward-pines-2-lunedi-fox-seconda-stagione/</post_url>
<post_date>20160829</post_date>
<post_time>1240</post_time>
<username>Felice Catozzi</username>
<post>
di Felice Catozzi 29 agosto 2016 felicecatozzi Commenta Dal 29 agosto, ogni lunedì in prima serata su Fox arriva un doppio appuntamento con la seconda stagione di Wayward Pines, che vede come protagonista in questo nuovo capitolo inedito ed esclusivo Jason Patric 0 CONDIVISIONI 
Wayward Pines ,la serie basata sull’omonimo best-seller di Blake Crouch e firmata da M. Night Shyamalan ( Il Sesto Senso, The Village ), arriva in Italia con la seconda stagione in prima visione assoluta dal 29 agosto, il lunedì alle 21.00 su Fox (Sky 112). 
Trasmessa dai canali Fox di oltre 125 Paesi del mondo, Wayward Pines torna con un doppio appuntamento settimanale, dieci episodi ambientati nel 4032 all’interno della cittadina-fortino dell’ Idaho , popolata dagli unici esseri umani sopravvissuti a una mutazione genetica che ha dato vita agli Abbie (che sta per Aberrazioni ), le mostruose creature umanoidi prive di qualsiasi connotazione umana. 
Il primo episodio si apre con un flashback che presenta i due nuovi protagonisti, il chirurgo Theo Yedlin ( Jason Patric , Sleepers ) e sua moglie Rebecca ( Nimrat Kaur , Homeland ) intenti a discutere in un lussuoso resort alle Hawaii. Allontanatosi verso la spiaggia per bere un drink, Theo verrà “reclutato” dallo sceriffo Arnold Pope ( Terrence Howard , Empire ). 
Theo viene risvegliato mentre il pugno di ferro della Prima Generazione , ora al comando di Wayward Pines, sta cercando di annientare la ribellione animata da un gruppo di dissidenti e in particolare da Ben Burke ( Charlie Tahan , Io Sono Leggenda ), figlio di Ethan, il protagonista della prima stagione sacrificatosi nel season finale per salvare Wayward Pines dall’invasione degli Abbie . 
Theo non sa ancora di trovarsi nel 4032, in una piccola cittadina trincerata, unica flebile speranza per la sopravvivenza della razza umana sulla Terra . 
Quale futuro attende Wayward Pines? Riusciranno gli ultimi uomini sopravvissuti sul pianeta a salvarsi dalle Aberrazioni ? E da loro stessi ? 
Jason Patric , oltre che per la sua importante carriera cinematografica e televisiva, è noto alle cronache rosa per le sue liaison amorose con Robin Wright , Julia Roberts (che per lui annullò il suo matrimonio con Kiefer Sutherland a pochi giorni dalla cerimonia), Jennifer Jason Leigh, Christy Turlington e Danielle Schreiber , da cui nel 2010 ha avuto un figlio. 
Fanno parte del cast anche il premio Oscar Melissa Leo ( The Fighter ), la candidata al Golden Globe Hope Davis ( In Treatment, The Weather Man ), Djimon Hounsou (due candidature all’ Oscar , Blood Diamond ), Tim Griffin ( The Bourne Supremacy ), Shannyn Sossamon ( Sleepy Hollow ), Kacey Rohl ( The Killing ), Josh Helman ( X-Men – Giorni di Un Futuro Passato ), Toby Jones ( Il Racconto dei Racconti, Infamous ) e Carla Gugino ( Sin City, Entourage ).
</post>
<signature>

</signature>
<external_links>

</external_links>
<country>US</country>
<main_image>http://www.cinetivu.com/wp-content/uploads/2016/08/FOX_Wayward-Pines-2.jpg</main_image>
</document>
