<?xml version="1.0" encoding="UTF-8"?>
<document>
<type>mainstream</type>
<forum>http://rss.forexfactory.net/news/all.xml</forum>
<forum_title>FF All News</forum_title>
<discussion_title>Schools and universities help lift New Zealand consents $1 billion</discussion_title>
<language>english</language>
<gmt_offset></gmt_offset>
<topic_url>http://www.forexfactory.com/news.php?do=news&amp;id=604627</topic_url>
<topic_text>
From govt.nz Investment in schools, universities, and hospitals helped lift the overall value of planned building work (excluding housing) by $1 billion over the past year, Statistics New Zealand said today. In the 12 months to July 2016, $6.3 billion of non-residential building work was consented, compared with $5.3 billion in the July 2015 year. Education buildings accounted for half of this increase, with health buildings contributing one-quarter. Auckland has seen the largest increases over the past year, with half a billion dollars of extra non-residential building work, business indicators senior manager Neil Kelly said. Canterbury, ... (
</topic_text>
<spam_score>0.00</spam_score>
<post_num>1</post_num>
<post_id>post-1</post_id>
<post_url>http://www.forexfactory.com/news.php?do=news&amp;id=604627</post_url>
<post_date>20160829</post_date>
<post_time>2247</post_time>
<username>From govt.nz</username>
<post>
From govt.nz Investment in schools, universities, and hospitals helped lift the overall value of planned building work (excluding housing) by $1 billion over the past year, Statistics New Zealand said today. In the 12 months to July 2016, $6.3 billion of non-residential building work was consented, compared with $5.3 billion in the July 2015 year. Education buildings accounted for half of this increase, with health buildings contributing one-quarter. Auckland has seen the largest increases over the past year, with half a billion dollars of extra non-residential building work, business indicators senior manager Neil Kelly said. Canterbury, ... (
</post>
<signature>

</signature>
<external_links>

</external_links>
<country>US</country>
<main_image>http://assets.forexfactory.net/images/misc/ff_fb_logo.gif?v=0.1</main_image>
</document>
