<?xml version="1.0" encoding="UTF-8"?>
<document>
<type>mainstream</type>
<forum>http://hihi2.com/category/football-news/feed</forum>
<forum_title>هاي كورةالأخبار – هاي كورة</forum_title>
<discussion_title>فالكاو مرشح للعودة لاتليتيكو مدريد قبل اغلاق الميركاتو</discussion_title>
<language>arabic</language>
<gmt_offset></gmt_offset>
<topic_url>http://hihi2.com/2016/08/30/p715019.html</topic_url>
<topic_text>
كتب في 2016/08/30 - 12:16 ص - في قسم [ أخبار الكرة الاسبانية , اخبار سوق الانتقالات ] فالكاو مرشح للعودة لاتليتيكو مدريد قبل اغلاق الميركاتو هاي كورة – وفقا لمصادر اعلامية عن صحيفة الآس الاسبانية فإن نادي اتليتيكو مدريد يقترب من ارجاع أحد نجومه مجددا لقلعة الفيسينتي كالديرون بسوق الانتقالات الصيفية الجارية .. وأكدت نفس المصادر بأن ادارة النادي الاسباني بقيادة الارجنتيني سيميوني تفكر حقا في اعادة راداميل فالكاو الكولمبي والذي قدم مستويات مبهرة مع النادي سابقا قبل مغادرته في اتجاه موناكو ..
</topic_text>
<spam_score>0.00</spam_score>
<post_num>1</post_num>
<post_id>post-1</post_id>
<post_url>http://hihi2.com/2016/08/30/p715019.html</post_url>
<post_date>20160829</post_date>
<post_time>2116</post_time>
<username></username>
<post>
كتب في 2016/08/30 - 12:16 ص - في قسم [ أخبار الكرة الاسبانية , اخبار سوق الانتقالات ] فالكاو مرشح للعودة لاتليتيكو مدريد قبل اغلاق الميركاتو هاي كورة – وفقا لمصادر اعلامية عن صحيفة الآس الاسبانية فإن نادي اتليتيكو مدريد يقترب من ارجاع أحد نجومه مجددا لقلعة الفيسينتي كالديرون بسوق الانتقالات الصيفية الجارية .. وأكدت نفس المصادر بأن ادارة النادي الاسباني بقيادة الارجنتيني سيميوني تفكر حقا في اعادة راداميل فالكاو الكولمبي والذي قدم مستويات مبهرة مع النادي سابقا قبل مغادرته في اتجاه موناكو ..
</post>
<signature>

</signature>
<external_links>

</external_links>
<country>FR</country>
<main_image>http://hihi2.com/wp-content/uploads/2016/08/hihi2_2016-08-29_21-16-13-200x132.jpg</main_image>
</document>
