<?xml version="1.0" encoding="UTF-8"?>
<document>
<type>mainstream</type>
<forum>http://feeds.news24.com.ng/articles/nigeria/sport/rss</forum>
<forum_title>Nigeria Sport</forum_title>
<discussion_title>News24.com.ng | Modric to lead Croatia against Turkey</discussion_title>
<language>english</language>
<gmt_offset></gmt_offset>
<topic_url>http://www.news24.com.ng/Sport/Football/modric-to-lead-croatia-against-turkey-20160829</topic_url>
<topic_text>
Modric to lead Croatia against Turkey 29 August 2016, 18:17 &apos;Positive&apos; Zidane seeks patience in Madrid recovery mission 
Zagreb - Real Madrid midfield star Luka Modric will take over as Croatia captain in their opening qualifier against Turkey early next month, coach Ante Cacic said Monday. 
&quot;Modric will be our new captain,&quot; Cacic said announcing the successor to longterm squad leader Darijo Srna, who plays for Shakhtar Donetsk, for the September 5 match at home. 
&quot;We have the role of the favourite and we will do everything to justify it,&quot; Cacic said in a statement. 
&quot;I believe we will not be hampered by the fact that we are playing without fans against both Turkey and Island.&quot; 
FIFA has ordered Croatia to play two World Cup qualifying matches in empty stadiums for repeated chanting of fascist slogans by fans. 
Modric echoed Cacic&apos;s view and said he expected a win despite absence of supporters. 
&quot;It is a great honour to be the new Croatia captain,&quot; Modric said, quoted by local media, as the squad gathered in the capital Zagreb. 
&quot;The fact that we are playing in front of empty stands should not be an alibi ... We want a victory and a successful start,&quot; the 30-year-old added. 
Apart from Croatia and Turkey, Group I features Finland, Iceland, Kosovo and Ukraine. 
Despite Croatia&apos;s attractive performances at Euro 2016 they were eliminated by Portugal at the last-16 stage in extra time.   page. - AFP
</topic_text>
<spam_score>0.00</spam_score>
<post_num>1</post_num>
<post_id>post-1</post_id>
<post_url>http://www.news24.com.ng/Sport/Football/modric-to-lead-croatia-against-turkey-20160829</post_url>
<post_date>20160829</post_date>
<post_time>1717</post_time>
<username></username>
<post>
Modric to lead Croatia against Turkey 29 August 2016, 18:17 &apos;Positive&apos; Zidane seeks patience in Madrid recovery mission 
Zagreb - Real Madrid midfield star Luka Modric will take over as Croatia captain in their opening qualifier against Turkey early next month, coach Ante Cacic said Monday. 
&quot;Modric will be our new captain,&quot; Cacic said announcing the successor to longterm squad leader Darijo Srna, who plays for Shakhtar Donetsk, for the September 5 match at home. 
&quot;We have the role of the favourite and we will do everything to justify it,&quot; Cacic said in a statement. 
&quot;I believe we will not be hampered by the fact that we are playing without fans against both Turkey and Island.&quot; 
FIFA has ordered Croatia to play two World Cup qualifying matches in empty stadiums for repeated chanting of fascist slogans by fans. 
Modric echoed Cacic&apos;s view and said he expected a win despite absence of supporters. 
&quot;It is a great honour to be the new Croatia captain,&quot; Modric said, quoted by local media, as the squad gathered in the capital Zagreb. 
&quot;The fact that we are playing in front of empty stands should not be an alibi ... We want a victory and a successful start,&quot; the 30-year-old added. 
Apart from Croatia and Turkey, Group I features Finland, Iceland, Kosovo and Ukraine. 
Despite Croatia&apos;s attractive performances at Euro 2016 they were eliminated by Portugal at the last-16 stage in extra time.   page. - AFP
</post>
<signature>

</signature>
<external_links>

</external_links>
<country>NG</country>
<main_image>http://cdn.24.co.za/files/Cms/General/d/2784/560fa6e637684b5f9596ede7885c789d.jpg</main_image>
</document>
