<?xml version="1.0" encoding="UTF-8"?>
<document>
<type>mainstream</type>
<forum>http://lbpost.com/?format=feed&amp;type=atom</forum>
<forum_title>Long Beach Post | Long Beach, CA News, Life, Business, Sports, Food and LGBT Issues | LBPOST.com</forum_title>
<discussion_title>UPDATE: 40 Under 40 Deadline Extended Through Friday</discussion_title>
<language>english</language>
<gmt_offset></gmt_offset>
<topic_url>http://lbpost.com/news/2000009395-it-s-back-long-beach-post-s-40-under-40-returns-to-spotlight-city-s-top-talent</topic_url>
<topic_text>
UPDATE: 40 Under 40 Deadline Extended Through Friday Details 
UPDATE | Haven’t had the chance to turn in your pick for the Long Beach Post’s 40 Under 40? Not to fear—the Post has extended its deadline for 40 Under 40 to this Friday, September 2.   
The rules are the same. It’s just that you have a bit more time to submit information on the person you deem worthy of an award. 
So seize the day! Tell us about your nominee here . 
NOTE: Nominees must be under the age of 40 as of September 29, 2016 and either work or live in the city of Long Beach to be eligible. Current employees of or contributors to the Long Beach Post, as well as previous 40 Under 40 winners, are not eligible. 
PREVIOUSLY: It’s Back: LONG BEACH POST&apos;s 40 Under 40 Returns to Spotlight City’s Top Talent 
On 08/12/16 at 5:44PM | You’ve known them for years, while they’ve toiled away at making their mark on the city. Perhaps they’re an avid political operative, building relationships and overseeing negotiations that will forever alter the city.   S P O N S O R 
Maybe they’re a local entrepreneur, creating an innovative product that will impact the world. Or, maybe they’ve dedicated their life to helping those fortunate and build a stronger community through a nonprofit or coalition of the same. 
Maybe this person is all three. That’s who we want you to find, describe and nominate. Because after a two-year hiatus, the Post ’s signature event, 40 Under 40, is back, and bigger than ever. 
This is a chance to highlight some of the city’s best, with bright futures ahead of them. These are the change-makers and trendsetters, putting Long Beach on the map. Now we all have an opportunity to discover the people making the city tick in a special way. 
The nomination period begins August 5 and ends on August 26. Following this nomination period, a panel of judges will narrow down the nominations to select 40 winners. 
The ceremony will take place on September 29, 2016 at Hotel Maya, right here in Long Beach. 
Tell us about your nominee here. 
NOTE: Nominees must be under the age of 40 as of September 29, 2016 and either work or live in the city of Long Beach to be eligible. Current employees of or contributors to the Long Beach Post, as well as previous 40 Under 40 winners, are not eligible. Share this:
</topic_text>
<spam_score>0.00</spam_score>
<post_num>1</post_num>
<post_id>post-1</post_id>
<post_url>http://lbpost.com/news/2000009395-it-s-back-long-beach-post-s-40-under-40-returns-to-spotlight-city-s-top-talent</post_url>
<post_date>20160830</post_date>
<post_time>0324</post_time>
<username>Keeley Smith (keeley@lbpost.com)</username>
<post>
UPDATE: 40 Under 40 Deadline Extended Through Friday Details 
UPDATE | Haven’t had the chance to turn in your pick for the Long Beach Post’s 40 Under 40? Not to fear—the Post has extended its deadline for 40 Under 40 to this Friday, September 2.   
The rules are the same. It’s just that you have a bit more time to submit information on the person you deem worthy of an award. 
So seize the day! Tell us about your nominee here . 
NOTE: Nominees must be under the age of 40 as of September 29, 2016 and either work or live in the city of Long Beach to be eligible. Current employees of or contributors to the Long Beach Post, as well as previous 40 Under 40 winners, are not eligible. 
PREVIOUSLY: It’s Back: LONG BEACH POST&apos;s 40 Under 40 Returns to Spotlight City’s Top Talent 
On 08/12/16 at 5:44PM | You’ve known them for years, while they’ve toiled away at making their mark on the city. Perhaps they’re an avid political operative, building relationships and overseeing negotiations that will forever alter the city.   S P O N S O R 
Maybe they’re a local entrepreneur, creating an innovative product that will impact the world. Or, maybe they’ve dedicated their life to helping those fortunate and build a stronger community through a nonprofit or coalition of the same. 
Maybe this person is all three. That’s who we want you to find, describe and nominate. Because after a two-year hiatus, the Post ’s signature event, 40 Under 40, is back, and bigger than ever. 
This is a chance to highlight some of the city’s best, with bright futures ahead of them. These are the change-makers and trendsetters, putting Long Beach on the map. Now we all have an opportunity to discover the people making the city tick in a special way. 
The nomination period begins August 5 and ends on August 26. Following this nomination period, a panel of judges will narrow down the nominations to select 40 winners. 
The ceremony will take place on September 29, 2016 at Hotel Maya, right here in Long Beach. 
Tell us about your nominee here. 
NOTE: Nominees must be under the age of 40 as of September 29, 2016 and either work or live in the city of Long Beach to be eligible. Current employees of or contributors to the Long Beach Post, as well as previous 40 Under 40 winners, are not eligible. Share this:
</post>
<signature>

</signature>
<external_links>

</external_links>
<country>US</country>
<main_image>http://lbpost.com/images/keeley/40Under40.png</main_image>
</document>
