<?xml version="1.0" encoding="UTF-8"?>
<document>
<type>mainstream</type>
<forum>http://www.radionacional.co/rss.xml</forum>
<forum_title>Radio Nacional de Colombia - Radio nacional</forum_title>
<discussion_title>Brayan Cháves, el hermano de Esteban que pedalea con fe por el país</discussion_title>
<language>spanish</language>
<gmt_offset></gmt_offset>
<topic_url>http://www.radionacional.co/noticia/actualidad/brayan-chaves-hermano-esteban-que-pedalea-fe-pais</topic_url>
<topic_text>
Brayan Cháves, el hermano de Esteban que pedalea con fe por el país Lun, 29/08/2016 - 17:11 Es el menor de la dinastía Cháves y por estos días hace parte de la edición 49 de la Vuelta de la Juventud por la Paz para ciclistas menores de 23 años. Foto: Juan Ricardo Pulido Por Thomás Beltrán. Escucharlo hablar es como tener de frente a Esteban Chaves pero en la figura de su hermano. Brayan Cháves es el menor de la dinastía Chaves Rubio y hace parte del lote de la Vuelta de la Juventud por la Paz corriendo con el equipo GW Shimano. Lo encontramos en el Santuario de Las Lajas, en Ipiales (Nariño) aprovechando un espacio para profesar su fe católica y pedir para tener una competencia sin contratiempos no solo para él, sino para todos sus compañeros que recorren las carreteras de Nariño, Cauca, Valle, Risaralda y Caldas. “Creo que todo Colombia es muy devoto a todas estas cosas de la Virgen, de Dios, del cristianismo; y bueno pedir una ayuda de más no está mal. Yo pido protección, que cuide a los muchachos del equipo y que todas las cosas que se hicieron tengan un buen final ahora en la Vuelta de la Juventud”. Con ayuda o no, Brayan Chaves se proyecta como una figura del ciclismo colombiano y quiere seguir los pasos de su hermano que corre para el equipo Orica y ha sido protagonista de competencias de la talla de la Vuelta a España. Ellos se quieren tomar las carreteras del mundo y escribir una historia en el ciclismo con los apellidos Chaves Rubio. Escuche la entrevsta aquí.
</topic_text>
<spam_score>0.00</spam_score>
<post_num>1</post_num>
<post_id>post-1</post_id>
<post_url>http://www.radionacional.co/noticia/actualidad/brayan-chaves-hermano-esteban-que-pedalea-fe-pais</post_url>
<post_date>20160829</post_date>
<post_time>2211</post_time>
<username></username>
<post>
Brayan Cháves, el hermano de Esteban que pedalea con fe por el país Lun, 29/08/2016 - 17:11 Es el menor de la dinastía Cháves y por estos días hace parte de la edición 49 de la Vuelta de la Juventud por la Paz para ciclistas menores de 23 años. Foto: Juan Ricardo Pulido Por Thomás Beltrán. Escucharlo hablar es como tener de frente a Esteban Chaves pero en la figura de su hermano. Brayan Cháves es el menor de la dinastía Chaves Rubio y hace parte del lote de la Vuelta de la Juventud por la Paz corriendo con el equipo GW Shimano. Lo encontramos en el Santuario de Las Lajas, en Ipiales (Nariño) aprovechando un espacio para profesar su fe católica y pedir para tener una competencia sin contratiempos no solo para él, sino para todos sus compañeros que recorren las carreteras de Nariño, Cauca, Valle, Risaralda y Caldas. “Creo que todo Colombia es muy devoto a todas estas cosas de la Virgen, de Dios, del cristianismo; y bueno pedir una ayuda de más no está mal. Yo pido protección, que cuide a los muchachos del equipo y que todas las cosas que se hicieron tengan un buen final ahora en la Vuelta de la Juventud”. Con ayuda o no, Brayan Chaves se proyecta como una figura del ciclismo colombiano y quiere seguir los pasos de su hermano que corre para el equipo Orica y ha sido protagonista de competencias de la talla de la Vuelta a España. Ellos se quieren tomar las carreteras del mundo y escribir una historia en el ciclismo con los apellidos Chaves Rubio. Escuche la entrevsta aquí.
</post>
<signature>

</signature>
<external_links>

</external_links>
<country>CO</country>
<main_image>http://s3.amazonaws.com/rtvc-assets-radionacional.co/s3fs-public/senalradio/articulo-noticia/galeriaimagen/chaves_1.jpg</main_image>
</document>
