<?xml version="1.0" encoding="UTF-8"?>
<document>
<type>mainstream</type>
<forum>http://stackoverflow.com/feeds</forum>
<forum_title>Recent Questions - Stack Overflow</forum_title>
<discussion_title>React Native - Redux - Passing Value from child to function in Parent</discussion_title>
<language>english</language>
<gmt_offset></gmt_offset>
<topic_url>http://stackoverflow.com/questions/39213049/react-native-redux-passing-value-from-child-to-function-in-parent</topic_url>
<topic_text>
up vote 0 down vote favorite 
I&apos;m having a bit of difficulty passing values from a Page component to a Container component. I&apos;m also using Tcomb-form-native for the forms. 
Basically, when I click the button, I want to pass the values from my form in AuthenticatePage to the AuthenticateContainer component to use for logging in. I&apos;m not sure if this is the best way to do it, but any help would be greatly appreciated! 
Here&apos;s my code so far: 
AuthenticatePage.js &apos;use strict&apos; import React, { Component, PropTypes } from &apos;react&apos;; import {Text, View, TouchableHighlight, AlertIOS} from &apos;react-native&apos;; import t from &apos;tcomb-form-native&apos; import _ from &apos;lodash&apos; import EStyleSheet from &apos;react-native-extended-stylesheet&apos; import ViewContainer from &apos;../ViewContainer&apos; var Form = t.form.Form; var User = t.struct({email: t.String, password: t.String}); const options = { auto: &apos;placeholders&apos;, fields: { email: { autoCapitalize: &apos;none&apos;, autoCorrect: false }, password: { autoCapitalize: &apos;none&apos;, autoCorrect: false, password: true, secureTextEntry: true } } }; export default class AuthenticatePage extends Component { static propTypes = { doLogin: PropTypes.func.isRequired, email: PropTypes.string, password: PropTypes.string, error: PropTypes.string.isRequired }; constructor(props) { super(props); } submitLogin (e) { e.preventDefault(); var value = this.refs.form.getValue(); console.log(value); return(() =&gt; this.props.doLogin(value)); } render() { return ( &lt;ViewContainer&gt;&lt;Text&gt; Welcome to Poqet! &lt;/Text&gt;&lt;View&gt;&lt;Form ref=&quot;form&quot; type={User} options={options}/&gt;&lt;/View&gt;&lt;View&gt;&lt;TouchableHighlight onPress={this.submitLogin.bind(this)} underlayColor=&apos;#99d9f4&apos;&gt;&lt;Text&gt;{_.capitalize(&apos;Login&apos;)}&lt;/Text&gt;&lt;/TouchableHighlight&gt;&lt;/View&gt;&lt;/ViewContainer&gt; ) } } 
AuthenticateContainer.js &apos;use strict&apos; import React, { Component, PropTypes } from &apos;react&apos;; import AuthenticatePage from &apos;../../components/Authenticate/AuthenticatePage&apos; import { connect } from &apos;react-redux&apos;; import { bindActionCreators } from &apos;redux&apos; import * as sessionActionCreators from &apos;../../redux/session&apos;; import {Actions, ActionConst} from &apos;react-native-router-flux&apos; class AuthenticateContainer extends Component { constructor(props) { super(props); this.state = { value: { email: &apos;&apos;, password: &apos;&apos; } }; } handleLogin() { console.log(value) this.props.doLogin(value.email, value.password) .then(console.log(&quot;Login Succecss&quot;)) } render() { return ( &lt;AuthenticatePage doLogin = {this.handleLogin.bind(this)} error = {this.props.error}/&gt; ); } } AuthenticateContainer.propTypes = { doLogin: PropTypes.func.isRequired, email: PropTypes.string, password: PropTypes.string, error: PropTypes.string.isRequired }; export default connect( (state) =&gt; ({isFetching: state.session.isFetching, error: state.session.error}), (dispatch) =&gt; bindActionCreators(sessionActionCreators, dispatch) )(AuthenticateContainer) 
Thank you!
</topic_text>
<spam_score>0.00</spam_score>
<post_num>1</post_num>
<post_id>post-1</post_id>
<post_url>http://stackoverflow.com/questions/39213049/react-native-redux-passing-value-from-child-to-function-in-parent</post_url>
<post_date>20160829</post_date>
<post_time>2251</post_time>
<username>Kaidao</username>
<post>
up vote 0 down vote favorite 
I&apos;m having a bit of difficulty passing values from a Page component to a Container component. I&apos;m also using Tcomb-form-native for the forms. 
Basically, when I click the button, I want to pass the values from my form in AuthenticatePage to the AuthenticateContainer component to use for logging in. I&apos;m not sure if this is the best way to do it, but any help would be greatly appreciated! 
Here&apos;s my code so far: 
AuthenticatePage.js &apos;use strict&apos; import React, { Component, PropTypes } from &apos;react&apos;; import {Text, View, TouchableHighlight, AlertIOS} from &apos;react-native&apos;; import t from &apos;tcomb-form-native&apos; import _ from &apos;lodash&apos; import EStyleSheet from &apos;react-native-extended-stylesheet&apos; import ViewContainer from &apos;../ViewContainer&apos; var Form = t.form.Form; var User = t.struct({email: t.String, password: t.String}); const options = { auto: &apos;placeholders&apos;, fields: { email: { autoCapitalize: &apos;none&apos;, autoCorrect: false }, password: { autoCapitalize: &apos;none&apos;, autoCorrect: false, password: true, secureTextEntry: true } } }; export default class AuthenticatePage extends Component { static propTypes = { doLogin: PropTypes.func.isRequired, email: PropTypes.string, password: PropTypes.string, error: PropTypes.string.isRequired }; constructor(props) { super(props); } submitLogin (e) { e.preventDefault(); var value = this.refs.form.getValue(); console.log(value); return(() =&gt; this.props.doLogin(value)); } render() { return ( &lt;ViewContainer&gt;&lt;Text&gt; Welcome to Poqet! &lt;/Text&gt;&lt;View&gt;&lt;Form ref=&quot;form&quot; type={User} options={options}/&gt;&lt;/View&gt;&lt;View&gt;&lt;TouchableHighlight onPress={this.submitLogin.bind(this)} underlayColor=&apos;#99d9f4&apos;&gt;&lt;Text&gt;{_.capitalize(&apos;Login&apos;)}&lt;/Text&gt;&lt;/TouchableHighlight&gt;&lt;/View&gt;&lt;/ViewContainer&gt; ) } } 
AuthenticateContainer.js &apos;use strict&apos; import React, { Component, PropTypes } from &apos;react&apos;; import AuthenticatePage from &apos;../../components/Authenticate/AuthenticatePage&apos; import { connect } from &apos;react-redux&apos;; import { bindActionCreators } from &apos;redux&apos; import * as sessionActionCreators from &apos;../../redux/session&apos;; import {Actions, ActionConst} from &apos;react-native-router-flux&apos; class AuthenticateContainer extends Component { constructor(props) { super(props); this.state = { value: { email: &apos;&apos;, password: &apos;&apos; } }; } handleLogin() { console.log(value) this.props.doLogin(value.email, value.password) .then(console.log(&quot;Login Succecss&quot;)) } render() { return ( &lt;AuthenticatePage doLogin = {this.handleLogin.bind(this)} error = {this.props.error}/&gt; ); } } AuthenticateContainer.propTypes = { doLogin: PropTypes.func.isRequired, email: PropTypes.string, password: PropTypes.string, error: PropTypes.string.isRequired }; export default connect( (state) =&gt; ({isFetching: state.session.isFetching, error: state.session.error}), (dispatch) =&gt; bindActionCreators(sessionActionCreators, dispatch) )(AuthenticateContainer) 
Thank you!
</post>
<signature>

</signature>
<external_links>

</external_links>
<country>US</country>
<main_image>http://cdn.sstatic.net/Sites/stackoverflow/img/apple-touch-icon@2.png?v=73d79a89bded&amp;a</main_image>
</document>
