<?xml version="1.0" encoding="UTF-8"?>
<document>
<type>mainstream</type>
<forum>http://www.wbrc.com/Global/category.asp?C=120652&amp;clienttype=rss</forum>
<forum_title>FOX6 WBRC - MyFoxAL.com - Money</forum_title>
<discussion_title>Suddenly unsure on immigration, Trump trying to clear it up</discussion_title>
<language>english</language>
<gmt_offset></gmt_offset>
<topic_url>http://www.wbrc.com/story/32859791/suddenly-unsure-on-immigration-trump-trying-to-clear-it-up</topic_url>
<topic_text>
Suddenly unsure on immigration, Trump trying to clear it up 2016-08-29T22:51:53Z 2016-08-29T22:51:53Z (AP Photo/Gerald Herbert). Republican presidential candidate Donald Trump speaks at Joni&apos;s Roast and Ride at the Iowa State Fairgrounds, in Des Moines, Iowa, Saturday, Aug. 27, 2016. By JILL COLVINAssociated Press 
JERSEY CITY, N.J. (AP) - It&apos;s been the driving issue of Donald Trump&apos;s campaign. Build a wall along the southern border. Make Mexico pay for it. And expel everyone living in the U.S. illegally with the help of a &quot;deportation force.&quot; 
Ten weeks before the election, however, buffeted by conflicting advice from aides and advisers, Trump has seemed to be in full indecision mode. 
At a Fox News town hall tall taping last week, in the face of pressing questions, he proceeded to poll the audience at length on the fate of an estimated 11 million people. 
Trump is now planning a major speech Wednesday, during which he&apos;s expected to finally clarify his stance. Supporters are hoping for a strong, decisive showing. But for critics, many already disposed to vote against him, his wavering on what has been his signature issue seems like a warning that he&apos;s unable to handle a central element of any president&apos;s job - making decisions. 
It also underscores how little his Republican campaign has invested in the nitty-gritty of outlining what he would do as president, especially when compared with the more detailed plans of his Democratic rival, Hillary Clinton. 
&quot;It&apos;s just puzzling,&quot; said Lanhee Chen, who has served as a policy adviser to several Republican presidential candidates. &quot;This is the issue on which he rose to prominence in the primary and the issue on which he continues to stake much of his campaign.&quot; 
From the start, Trump has never been the kind of candidate to pore over thick policy books. 
Indeed, he has mocked Clinton on the subject. 
&quot;She&apos;s got people that sit in cubicles writing policy all day. Nothing&apos;s ever going to happen. It&apos;s just a waste of paper,&quot; he told Time Magazine in June. &quot;My voters don&apos;t care and the public doesn&apos;t care. They know you&apos;re going to do a good job once you&apos;re there.&quot; 
To date, Trump&apos;s campaign has posted just seven policy proposals on his website, totaling just over 9,000 words. There are 38 on Clinton&apos;s &quot;issues&quot; page, ranging from efforts to cure Alzheimer&apos;s disease to Wall Street and criminal justice reform, and her campaign boasts that it has now released 65 policy fact sheets, totaling 112,735 words. 
&quot;I&apos;ve laid out the best I could, the specific plans and ideas that I want to pursue as your president because I have this old-fashioned idea,&quot; Clinton said during a recent speech in Colorado. &quot;When you run for president, you ought to tell people what you want to do as their president.&quot; 
Trump&apos;s new campaign manager, Kellyanne Conway, has said she&apos;s pushing her boss to get more specific. Yet his positions on a host of issues remain vague at best. 
For example, while Trump has slammed the Common Core education standards and touts the benefits of local control of education, he has no formal, detailed plans for improving public schools. He talks about student loan debt and the increasing costs of higher education, but has yet to propose solutions. He has teased plans to make childcare more affordable, but has missed his own deadline for unveiling them. 
Until recently, however, there has been no doubt about where Trump stood on illegal immigration. The wall was going up - Mexico would have to pay - and those estimated 11 million people living in the country illegally were going to have to leave. 
But over the summer, Trump began suggesting in closed-door conversations with Hispanic leaders that he might be open to softening his stance. On August 20, he convened round table of Hispanic lawmakers and business leaders, and left some with the same impression. The day after, campaign manager Conway said his position on deportations was &quot;to be determined.&quot; 
Trump&apos;s supporters say questions about his recent waffling are overblown. His running mate, Mike Pence, describes him as &quot;a CEO at work&quot; as he consults with various stakeholders. 
&quot;You see someone who is engaging the American people, listening to the American people,&quot; Pence told CNN on Sunday. &quot;He is hearing from all sides.&quot; 
But Stephen Moore, a conservative economist who has worked with Trump to shape his tax and economic plans, says the vagueness on Trump&apos;s economic policies was by design. 
&quot;We want to talk about the big visionary stuff. We don&apos;t want to have a big debate about this loophole, that loophole,&quot; he said. &quot;This is a campaign, it&apos;s not a write-up of a tax bill in the Ways and Means Committee.&quot; 
Ari Fleischer, a White House press secretary under George W. Bush, says the confusion that now exists about Trump&apos;s plans for immigration underscores &quot;the risk in electing someone whose candidacy is based on his personality and image, as opposed his experience and policy knowledge.&quot; 
While a Trump could succeed as president as a &quot;big picture, set the tone, drive the direction and move the government&quot; kind of leader, Fleischer said that would require him to surround himself with a knowledgeable and capable staff. 
&quot;But the lesson in how he&apos;s run his campaign - and frankly in how he&apos;s run his businesses - doesn&apos;t give you confidence that he would surround himself with a lot of capable people,&quot; he said. 
In addition, Chen said a President Trump arriving at the White House without detailed plans could be limited in how much he might achieve, since a new president&apos;s power is at its apex early on. 
&quot;If you&apos;re not able to hit the ground running, chances are you&apos;re going to run into serious resistance if you sit there studying something for the first 100 days,&quot; he said. 
___ 
Follow Jill Colvin on Twitter at: http://twitter.com/colvinj Copyright 2016 The Associated Press. All rights reserved. This material may not be published, broadcast, rewritten or redistributed.
</topic_text>
<spam_score>0.00</spam_score>
<post_num>1</post_num>
<post_id>post-1</post_id>
<post_url>http://www.wbrc.com/story/32859791/suddenly-unsure-on-immigration-trump-trying-to-clear-it-up</post_url>
<post_date>20160829</post_date>
<post_time>2251</post_time>
<username></username>
<post>
Suddenly unsure on immigration, Trump trying to clear it up 2016-08-29T22:51:53Z 2016-08-29T22:51:53Z (AP Photo/Gerald Herbert). Republican presidential candidate Donald Trump speaks at Joni&apos;s Roast and Ride at the Iowa State Fairgrounds, in Des Moines, Iowa, Saturday, Aug. 27, 2016. By JILL COLVINAssociated Press 
JERSEY CITY, N.J. (AP) - It&apos;s been the driving issue of Donald Trump&apos;s campaign. Build a wall along the southern border. Make Mexico pay for it. And expel everyone living in the U.S. illegally with the help of a &quot;deportation force.&quot; 
Ten weeks before the election, however, buffeted by conflicting advice from aides and advisers, Trump has seemed to be in full indecision mode. 
At a Fox News town hall tall taping last week, in the face of pressing questions, he proceeded to poll the audience at length on the fate of an estimated 11 million people. 
Trump is now planning a major speech Wednesday, during which he&apos;s expected to finally clarify his stance. Supporters are hoping for a strong, decisive showing. But for critics, many already disposed to vote against him, his wavering on what has been his signature issue seems like a warning that he&apos;s unable to handle a central element of any president&apos;s job - making decisions. 
It also underscores how little his Republican campaign has invested in the nitty-gritty of outlining what he would do as president, especially when compared with the more detailed plans of his Democratic rival, Hillary Clinton. 
&quot;It&apos;s just puzzling,&quot; said Lanhee Chen, who has served as a policy adviser to several Republican presidential candidates. &quot;This is the issue on which he rose to prominence in the primary and the issue on which he continues to stake much of his campaign.&quot; 
From the start, Trump has never been the kind of candidate to pore over thick policy books. 
Indeed, he has mocked Clinton on the subject. 
&quot;She&apos;s got people that sit in cubicles writing policy all day. Nothing&apos;s ever going to happen. It&apos;s just a waste of paper,&quot; he told Time Magazine in June. &quot;My voters don&apos;t care and the public doesn&apos;t care. They know you&apos;re going to do a good job once you&apos;re there.&quot; 
To date, Trump&apos;s campaign has posted just seven policy proposals on his website, totaling just over 9,000 words. There are 38 on Clinton&apos;s &quot;issues&quot; page, ranging from efforts to cure Alzheimer&apos;s disease to Wall Street and criminal justice reform, and her campaign boasts that it has now released 65 policy fact sheets, totaling 112,735 words. 
&quot;I&apos;ve laid out the best I could, the specific plans and ideas that I want to pursue as your president because I have this old-fashioned idea,&quot; Clinton said during a recent speech in Colorado. &quot;When you run for president, you ought to tell people what you want to do as their president.&quot; 
Trump&apos;s new campaign manager, Kellyanne Conway, has said she&apos;s pushing her boss to get more specific. Yet his positions on a host of issues remain vague at best. 
For example, while Trump has slammed the Common Core education standards and touts the benefits of local control of education, he has no formal, detailed plans for improving public schools. He talks about student loan debt and the increasing costs of higher education, but has yet to propose solutions. He has teased plans to make childcare more affordable, but has missed his own deadline for unveiling them. 
Until recently, however, there has been no doubt about where Trump stood on illegal immigration. The wall was going up - Mexico would have to pay - and those estimated 11 million people living in the country illegally were going to have to leave. 
But over the summer, Trump began suggesting in closed-door conversations with Hispanic leaders that he might be open to softening his stance. On August 20, he convened round table of Hispanic lawmakers and business leaders, and left some with the same impression. The day after, campaign manager Conway said his position on deportations was &quot;to be determined.&quot; 
Trump&apos;s supporters say questions about his recent waffling are overblown. His running mate, Mike Pence, describes him as &quot;a CEO at work&quot; as he consults with various stakeholders. 
&quot;You see someone who is engaging the American people, listening to the American people,&quot; Pence told CNN on Sunday. &quot;He is hearing from all sides.&quot; 
But Stephen Moore, a conservative economist who has worked with Trump to shape his tax and economic plans, says the vagueness on Trump&apos;s economic policies was by design. 
&quot;We want to talk about the big visionary stuff. We don&apos;t want to have a big debate about this loophole, that loophole,&quot; he said. &quot;This is a campaign, it&apos;s not a write-up of a tax bill in the Ways and Means Committee.&quot; 
Ari Fleischer, a White House press secretary under George W. Bush, says the confusion that now exists about Trump&apos;s plans for immigration underscores &quot;the risk in electing someone whose candidacy is based on his personality and image, as opposed his experience and policy knowledge.&quot; 
While a Trump could succeed as president as a &quot;big picture, set the tone, drive the direction and move the government&quot; kind of leader, Fleischer said that would require him to surround himself with a knowledgeable and capable staff. 
&quot;But the lesson in how he&apos;s run his campaign - and frankly in how he&apos;s run his businesses - doesn&apos;t give you confidence that he would surround himself with a lot of capable people,&quot; he said. 
In addition, Chen said a President Trump arriving at the White House without detailed plans could be limited in how much he might achieve, since a new president&apos;s power is at its apex early on. 
&quot;If you&apos;re not able to hit the ground running, chances are you&apos;re going to run into serious resistance if you sit there studying something for the first 100 days,&quot; he said. 
___ 
Follow Jill Colvin on Twitter at: http://twitter.com/colvinj Copyright 2016 The Associated Press. All rights reserved. This material may not be published, broadcast, rewritten or redistributed.
</post>
<signature>

</signature>
<external_links>

</external_links>
<country>US</country>
<main_image>http://images.worldnow.com/AP/images/11559781_G.jpg</main_image>
</document>
