<?xml version="1.0" encoding="UTF-8"?>
<document>
<type>mainstream</type>
<forum>http://audioboom.com/boos/everyone.rss</forum>
<forum_title>audioBoom</forum_title>
<discussion_title>2016-08-29 Septiembre es clave para acortar plazos hacia la firma del Acuerdo con la UE</discussion_title>
<language>english</language>
<gmt_offset></gmt_offset>
<topic_url>https://audioboom.com/boos/4988328-2016-08-29-septiembre-es-clave-para-acortar-plazos-hacia-la-firma-del-acuerdo-con-la-ue</topic_url>
<topic_text>
&lt;iframe width=&quot;100%&quot; height=&quot;300&quot; style=&quot;background-color:transparent; display:block; max-width: 700px;&quot; frameborder=&quot;0&quot; allowtransparency=&quot;allowtransparency&quot; scrolling=&quot;no&quot; src=&quot;//embeds.audioboom.com/boos/4988328-2016-08-29-septiembre-es-clave-para-acortar-plazos-hacia-la-firma-del-acuerdo-con-la-ue/embed/v4?eid=AQAAAG21xFeoHUwA&quot; title=&quot;audioBoom player&quot;&gt;&lt;/iframe&gt; Share on
</topic_text>
<spam_score>0.00</spam_score>
<post_num>1</post_num>
<post_id>post-1</post_id>
<post_url>https://audioboom.com/boos/4988328-2016-08-29-septiembre-es-clave-para-acortar-plazos-hacia-la-firma-del-acuerdo-con-la-ue</post_url>
<post_date>20160829</post_date>
<post_time>2153</post_time>
<username>ElCiudadano_ec</username>
<post>
&lt;iframe width=&quot;100%&quot; height=&quot;300&quot; style=&quot;background-color:transparent; display:block; max-width: 700px;&quot; frameborder=&quot;0&quot; allowtransparency=&quot;allowtransparency&quot; scrolling=&quot;no&quot; src=&quot;//embeds.audioboom.com/boos/4988328-2016-08-29-septiembre-es-clave-para-acortar-plazos-hacia-la-firma-del-acuerdo-con-la-ue/embed/v4?eid=AQAAAG21xFeoHUwA&quot; title=&quot;audioBoom player&quot;&gt;&lt;/iframe&gt; Share on
</post>
<signature>

</signature>
<external_links>

</external_links>
<country>GB</country>
<main_image>https://d15mj6e6qmt1na.cloudfront.net/files/images/2398/9732/Captura_de_pantalla_2016-08-29_a_las_16.54.50.png</main_image>
</document>
