<?xml version="1.0" encoding="UTF-8"?>
<document>
<type>mainstream</type>
<forum>http://audioboom.com/boos/everyone.rss</forum>
<forum_title>audioBoom</forum_title>
<discussion_title>talking to the legend Norman Jay one of the founders of Kiss FM and ex pirate radio DJ.</discussion_title>
<language>english</language>
<gmt_offset></gmt_offset>
<topic_url>https://audioboom.com/boos/4988169-talking-to-the-legend-norman-jay-one-of-the-founders-of-kiss-fm-and-ex-pirate-radio-dj</topic_url>
<topic_text>
&lt;iframe width=&quot;100%&quot; height=&quot;300&quot; style=&quot;background-color:transparent; display:block; max-width: 700px;&quot; frameborder=&quot;0&quot; allowtransparency=&quot;allowtransparency&quot; scrolling=&quot;no&quot; src=&quot;//embeds.audioboom.com/boos/4988169-talking-to-the-legend-norman-jay-one-of-the-founders-of-kiss-fm-and-ex-pirate-radio-dj/embed/v4?eid=AQAAACS4xFcJHUwA&quot; title=&quot;audioBoom player&quot;&gt;&lt;/iframe&gt; Share on
</topic_text>
<spam_score>0.00</spam_score>
<post_num>1</post_num>
<post_id>post-1</post_id>
<post_url>https://audioboom.com/boos/4988169-talking-to-the-legend-norman-jay-one-of-the-founders-of-kiss-fm-and-ex-pirate-radio-dj</post_url>
<post_date>20160829</post_date>
<post_time>2059</post_time>
<username>Delores</username>
<post>
&lt;iframe width=&quot;100%&quot; height=&quot;300&quot; style=&quot;background-color:transparent; display:block; max-width: 700px;&quot; frameborder=&quot;0&quot; allowtransparency=&quot;allowtransparency&quot; scrolling=&quot;no&quot; src=&quot;//embeds.audioboom.com/boos/4988169-talking-to-the-legend-norman-jay-one-of-the-founders-of-kiss-fm-and-ex-pirate-radio-dj/embed/v4?eid=AQAAACS4xFcJHUwA&quot; title=&quot;audioBoom player&quot;&gt;&lt;/iframe&gt; Share on
</post>
<signature>

</signature>
<external_links>

</external_links>
<country>GB</country>
<main_image>https://d15mj6e6qmt1na.cloudfront.net/files/images/2398/8991/EAE36889-C5DE-4077-8070-3F3638F74B94-384-0000001AE42DEFF0.jpg</main_image>
</document>
