<?xml version="1.0" encoding="UTF-8"?>
<document>
<type>mainstream</type>
<forum>http://stackoverflow.com/feeds</forum>
<forum_title>Recent Questions - Stack Overflow</forum_title>
<discussion_title>Python - allowed values of a variable</discussion_title>
<language>english</language>
<gmt_offset></gmt_offset>
<topic_url>http://stackoverflow.com/questions/39216012/python-allowed-values-of-a-variable</topic_url>
<topic_text>
He never said that he wanted to use strings for small, medium, and large. You should just avoid answer questions like this one, because they are very broad and ambiguous. – Mr.goosberry 33 mins ago @MoinuddinQuadri How do you know this? Did he tell you already? – Mr.goosberry 33 mins ago @Mr.goosberry I do not know this, that is why I haven&apos;t answered anything. It is based on my assumption of variable name i.e. size – Moinuddin Quadri 31 mins ago @MoinuddinQuadri well it sounded like you were trying to correct someone, and state it as fact. If you don&apos;t know, then why are you trying to correct someone else? They may be right, and in this case they probably are. – Mr.goosberry 30 mins ago @Mr.goosberry I think you are right. I just commented based on what I was thinking ignoring the ambiguity with the question. – Moinuddin Quadri 24 mins ago
</topic_text>
<spam_score>0.00</spam_score>
<post_num>1</post_num>
<post_id>post-1</post_id>
<post_url>http://stackoverflow.com/questions/39216012/python-allowed-values-of-a-variable</post_url>
<post_date>20160829</post_date>
<post_time>2252</post_time>
<username>Jakebut</username>
<post>
He never said that he wanted to use strings for small, medium, and large. You should just avoid answer questions like this one, because they are very broad and ambiguous. – Mr.goosberry 33 mins ago @MoinuddinQuadri How do you know this? Did he tell you already? – Mr.goosberry 33 mins ago @Mr.goosberry I do not know this, that is why I haven&apos;t answered anything. It is based on my assumption of variable name i.e. size – Moinuddin Quadri 31 mins ago @MoinuddinQuadri well it sounded like you were trying to correct someone, and state it as fact. If you don&apos;t know, then why are you trying to correct someone else? They may be right, and in this case they probably are. – Mr.goosberry 30 mins ago @Mr.goosberry I think you are right. I just commented based on what I was thinking ignoring the ambiguity with the question. – Moinuddin Quadri 24 mins ago
</post>
<signature>

</signature>
<external_links>

</external_links>
<country>US</country>
<main_image>http://cdn.sstatic.net/Sites/stackoverflow/img/apple-touch-icon@2.png?v=73d79a89bded&amp;a</main_image>
</document>
