<?xml version="1.0" encoding="UTF-8"?>
<document>
<type>mainstream</type>
<forum>http://ntv.nation.co.ke/-/2720202/2720202/-/view/asFeed/-/19eifw/-/index.xml</forum>
<forum_title>NTV</forum_title>
<discussion_title>Special schools teachers decry lack of resources</discussion_title>
<language>english</language>
<gmt_offset></gmt_offset>
<topic_url>http://ntv.nation.co.ke/news/national/2725528-3362324-ihckh5z/index.html</topic_url>
<topic_text>
Comments Posted 1 hour ago 
The quality of education is being lowered by gross misappropriation of funds in the education sector driven by corrupt head teachers who hide under the More National News
</topic_text>
<spam_score>0.00</spam_score>
<post_num>1</post_num>
<post_id>post-1</post_id>
<post_url>http://ntv.nation.co.ke/news/national/2725528-3362324-ihckh5z/index.html</post_url>
<post_date>20160829</post_date>
<post_time>2037</post_time>
<username></username>
<post>
Comments Posted 1 hour ago 
The quality of education is being lowered by gross misappropriation of funds in the education sector driven by corrupt head teachers who hide under the More National News
</post>
<signature>

</signature>
<external_links>

</external_links>
<country>KE</country>
<main_image>http://img.youtube.com/vi/eR7dnsQrmzk/hqdefault.jpg</main_image>
</document>
