<?xml version="1.0" encoding="UTF-8"?>
<document>
<type>mainstream</type>
<forum>http://oncevatan.com.tr//rss.php</forum>
<forum_title>Önce Vatan | Günlük Ulusal Gazete</forum_title>
<discussion_title>Bakan Işıkın annesi toprağa verildi</discussion_title>
<language>turkish</language>
<gmt_offset></gmt_offset>
<topic_url>http://www.oncevatan.com.tr/guncel/bakan-isikin-annesi-topraga-verildi-h98318.html</topic_url>
<topic_text>
Bakan Işık&apos;ın annesi toprağa verildi Milli Savunma Bakanı Fikri Işık&apos;ın annesi Mecbure Işık&apos;ın cenazesi Kocaeli&apos;de defnedildi. 29 Ağustos 2016 Pazartesi 14:16 Bu haber 140 kez okundu Milli Savunma Bakanı Fikri Işık &apos;ın annesi Mecbure Işık &apos;ın cenaze si Kocaeli&apos;de defnedildi. Tedavi gördüğü hastanede dün yaşamını yitiren Mecbure Işık (78) için Kışladüzü Merkez Camisi&apos;nde cenaze namazı kılındı. Cami avlusunda Bakan Işık ve kardeşleri, taziyeleri kabul etti. Cenaze töreni ne, Başbakan Binali Yıldırım , Bilim Sanayi ve Teknoloji Bakanı Faruk Özlü, Kültür ve Turizm Bakanı Nabi Avcı, Gümrük ve Ticaret Bakanı Bülent Tüfenkci, Gençlik ve Spor Bakanı Akif Çağatay Kılıç, Ulaştırma, Denizcilik ve Haberleşme Bakanı Ahmet Arslan, Orman ve Su İşleri Bakanı Prof. Dr. Veysel Eroğlu, AK Parti Genel Başkan Yardımcısı Hayati Yazıcı, Donanma Komutanı Oramiral Veysel Kösele, K.K. EDOK Muharebe Hizmet Destek Eğitim ve Garnizon Komutanı Korgeneral Metin Gürak, Kocaeli Valisi Hasan Basri Güzeloğlu, İstanbul Valisi Vasip Şahin, Antalya Valisi Münir Karaloğlu, Balıkesir Valisi Ersin Yazıcı, Kocaeli Büyükşehir Belediye Başkanı İbrahim Karaosmanoğlu, milletvekilleri, askeri erkan, ilçe belediye başkanları, sivil toplum kuruluşlarının temsilcileri ile çok sayıda vatandaş katıldı. İl Müftüsü Yusuf Doğan&apos;ın kıldırdığı cenaze namazının ardından Başbakan Binali Yıldırım, Bakan Fikri Işık ve diğer bakanlar tabutu cenaze aracına kadar taşıdı. Mecbure Işık&apos;ın cenazesi daha sonra Yukarı Hereke Mezarlığı&apos;nda toprağa verildi. AA
</topic_text>
<spam_score>0.00</spam_score>
<post_num>1</post_num>
<post_id>post-1</post_id>
<post_url>http://www.oncevatan.com.tr/guncel/bakan-isikin-annesi-topraga-verildi-h98318.html</post_url>
<post_date>20160829</post_date>
<post_time>1216</post_time>
<username></username>
<post>
Bakan Işık&apos;ın annesi toprağa verildi Milli Savunma Bakanı Fikri Işık&apos;ın annesi Mecbure Işık&apos;ın cenazesi Kocaeli&apos;de defnedildi. 29 Ağustos 2016 Pazartesi 14:16 Bu haber 140 kez okundu Milli Savunma Bakanı Fikri Işık &apos;ın annesi Mecbure Işık &apos;ın cenaze si Kocaeli&apos;de defnedildi. Tedavi gördüğü hastanede dün yaşamını yitiren Mecbure Işık (78) için Kışladüzü Merkez Camisi&apos;nde cenaze namazı kılındı. Cami avlusunda Bakan Işık ve kardeşleri, taziyeleri kabul etti. Cenaze töreni ne, Başbakan Binali Yıldırım , Bilim Sanayi ve Teknoloji Bakanı Faruk Özlü, Kültür ve Turizm Bakanı Nabi Avcı, Gümrük ve Ticaret Bakanı Bülent Tüfenkci, Gençlik ve Spor Bakanı Akif Çağatay Kılıç, Ulaştırma, Denizcilik ve Haberleşme Bakanı Ahmet Arslan, Orman ve Su İşleri Bakanı Prof. Dr. Veysel Eroğlu, AK Parti Genel Başkan Yardımcısı Hayati Yazıcı, Donanma Komutanı Oramiral Veysel Kösele, K.K. EDOK Muharebe Hizmet Destek Eğitim ve Garnizon Komutanı Korgeneral Metin Gürak, Kocaeli Valisi Hasan Basri Güzeloğlu, İstanbul Valisi Vasip Şahin, Antalya Valisi Münir Karaloğlu, Balıkesir Valisi Ersin Yazıcı, Kocaeli Büyükşehir Belediye Başkanı İbrahim Karaosmanoğlu, milletvekilleri, askeri erkan, ilçe belediye başkanları, sivil toplum kuruluşlarının temsilcileri ile çok sayıda vatandaş katıldı. İl Müftüsü Yusuf Doğan&apos;ın kıldırdığı cenaze namazının ardından Başbakan Binali Yıldırım, Bakan Fikri Işık ve diğer bakanlar tabutu cenaze aracına kadar taşıdı. Mecbure Işık&apos;ın cenazesi daha sonra Yukarı Hereke Mezarlığı&apos;nda toprağa verildi. AA
</post>
<signature>

</signature>
<external_links>

</external_links>
<country>TR</country>
<main_image>http://www.oncevatan.com.tr/images/haberler/bakan_isikin_annesi_topraga_verildi_h98318.jpg</main_image>
</document>
