<?xml version="1.0" encoding="UTF-8"?>
<document>
<type>mainstream</type>
<forum>http://news.nigeriannation.com/feed/</forum>
<forum_title>NigerianNation.com News</forum_title>
<discussion_title>FG Unveils 2016-2019 Strategic Plan For Education</discussion_title>
<language>english</language>
<gmt_offset></gmt_offset>
<topic_url>http://news.nigeriannation.com/fg-unveils-2016-2019-strategic-plan-for-education/</topic_url>
<topic_text>
Home » News » FG Unveils 2016-2019 Strategic Plan For Education FG Unveils 2016-2019 Strategic Plan For Education in News 2 hours ago 
The Federal Government has released a new road map to guide the Ministry of Education to address the myriads of challenges confronting Nigeria’s education sector. The strategic plan comes as part of efforts to reposition Nigeria’s education sector to play a central role in the Federal Government’s philosophy of change. The Minister of Education, Mr … Continue reading FG Unveils 2016-2019 Strategic Plan For Education
</topic_text>
<spam_score>0.00</spam_score>
<post_num>1</post_num>
<post_id>post-1</post_id>
<post_url>http://news.nigeriannation.com/fg-unveils-2016-2019-strategic-plan-for-education/</post_url>
<post_date>20160829</post_date>
<post_time>2124</post_time>
<username>NigerianNation</username>
<post>
Home » News » FG Unveils 2016-2019 Strategic Plan For Education FG Unveils 2016-2019 Strategic Plan For Education in News 2 hours ago 
The Federal Government has released a new road map to guide the Ministry of Education to address the myriads of challenges confronting Nigeria’s education sector. The strategic plan comes as part of efforts to reposition Nigeria’s education sector to play a central role in the Federal Government’s philosophy of change. The Minister of Education, Mr … Continue reading FG Unveils 2016-2019 Strategic Plan For Education
</post>
<signature>

</signature>
<external_links>

</external_links>
<country>US</country>
<main_image>https://s0.wp.com/i/blank.jpg</main_image>
</document>
