<?xml version="1.0" encoding="UTF-8"?>
<document>
<type>mainstream</type>
<forum>http://hihi2.com/category/football-news/feed</forum>
<forum_title>هاي كورةالأخبار – هاي كورة</forum_title>
<discussion_title>واتفورد يضع لاعب جينت كأهم اهدافه قبل اغلاق الميركاتو</discussion_title>
<language>arabic</language>
<gmt_offset></gmt_offset>
<topic_url>http://hihi2.com/2016/08/30/p715039.html</topic_url>
<topic_text>
كتب في 2016/08/30 - 2:04 ص - في قسم [ أخبار الكرة الانجليزية ] واتفورد يضع لاعب جينت كأهم اهدافه قبل اغلاق الميركاتو هاي كورة – وفقا لمصادر اعلامية عن الصحافة البريطانية فإن ادارة نادي واتفورد الانجليزي تسعى للتعاقد مع لاعب وسط ميدان لتعزيز صفوف الفريق قبل اغلاق سوق الانتقالات الصيفية الجارية .. واكدت نفس المصادر بإن ادارة النادي تضع من بين أهم اهدافها لاعب جينت البلجيكي سفين كومس صاحب ال 28 ربيعا والذي يقدم مستويات طيبة رفقة ناديه الحالي ومن المرشح ان تتم الصفقة في الساعات القليلة القادمة حسب اقوال الصحيفة ..
</topic_text>
<spam_score>0.00</spam_score>
<post_num>1</post_num>
<post_id>post-1</post_id>
<post_url>http://hihi2.com/2016/08/30/p715039.html</post_url>
<post_date>20160829</post_date>
<post_time>2304</post_time>
<username></username>
<post>
كتب في 2016/08/30 - 2:04 ص - في قسم [ أخبار الكرة الانجليزية ] واتفورد يضع لاعب جينت كأهم اهدافه قبل اغلاق الميركاتو هاي كورة – وفقا لمصادر اعلامية عن الصحافة البريطانية فإن ادارة نادي واتفورد الانجليزي تسعى للتعاقد مع لاعب وسط ميدان لتعزيز صفوف الفريق قبل اغلاق سوق الانتقالات الصيفية الجارية .. واكدت نفس المصادر بإن ادارة النادي تضع من بين أهم اهدافها لاعب جينت البلجيكي سفين كومس صاحب ال 28 ربيعا والذي يقدم مستويات طيبة رفقة ناديه الحالي ومن المرشح ان تتم الصفقة في الساعات القليلة القادمة حسب اقوال الصحيفة ..
</post>
<signature>

</signature>
<external_links>

</external_links>
<country>FR</country>
<main_image>http://hihi2.com/wp-content/uploads/2016/08/hihi2_2016-08-29_23-03-11-200x112.jpg</main_image>
</document>
