<?xml version="1.0" encoding="UTF-8"?>
<document>
<type>mainstream</type>
<forum>http://www.manoramaonline.com/news/just-in.feed</forum>
<forum_title>Latest News</forum_title>
<discussion_title>കശ്മീർ: പെല്ലറ്റ് തോക്കിന് പൂർണ നിരോധനമില്ല; ഉപയോഗം അടിയന്തരഘട്ടത്തിൽ മാത്രം</discussion_title>
<language>malayalam</language>
<gmt_offset></gmt_offset>
<topic_url>http://www.manoramaonline.com/news/just-in/kashmir-situation-no-blanket-ban-on-pellet-guns-burhan-wani-but-to-be-used-in-rare-cases.html</topic_url>
<topic_text>
Latest News കശ്മീർ: പെല്ലറ്റ് തോക്കിന് പൂർണ നിരോധനമില്ല; ഉപയോഗം അടിയന്തരഘട്ടത്തിൽ മാത്രം കശ്മീർ: പെല്ലറ്റ് തോക്കിന് പൂർണ നിരോധനമില്ല; ഉപയോഗം അടിയന്തരഘട്ടത്തിൽ മാത്രം   11:17   
ശ്രീനഗർ∙ കശ്മീരിൽ ജനകൂട്ടത്തെ നിയന്ത്രിക്കാൻ സുരക്ഷാ ഉദ്യോഗസ്ഥർ ഉപയോഗിക്കുന്ന പെല്ലറ്റ് തോക്കുകൾ പൂർണമായി നിരോധിക്കാൻ സാധിക്കില്ലെന്ന് മുതിർന്ന സർക്കാർ ഉദ്യോഗസ്ഥൻ. എന്നാൽ പെല്ലറ്റ് തോക്കുകൾ അടിയന്തരഘട്ടത്തിൽ മാത്രമേ ഉപയോഗിക്കൂവെന്നും അദ്ദേഹം അറിയിച്ചു. നിരന്തരമായ ചർച്ചകളുടെയും കശ്മീരിൽ സുരക്ഷാ ഉദ്യോഗസ്ഥർ അനുഭവിക്കേണ്ടിവരുന്ന അവസ്ഥയും കണക്കിലെടുത്താണ് തീരുമാനം. പെല്ലറ്റ് തോക്കുകൾ ഉപയോഗിക്കുകയെന്ന സാധ്യത തുടരും. എന്നാൽ, ഇത് അടിയന്തരഘട്ടങ്ങളിൽ മാത്രമേ ഉപയോഗിക്കുവെന്നും സർക്കാരുമായി ബന്ധപ്പെട്ട ഉദ്യോഗസ്ഥൻ അറിയിച്ചു. 
ഹിസ്ബുൾ മുജാഹിദ്ദീൻ കമാൻഡർ ബുർഹാൻ വാനി സൈനിക നടപടിക്കിടെ കൊല്ലപ്പെട്ടതിനെ തുടർന്നുണ്ടായ സംഘർഷങ്ങളിൽ ഒട്ടേറെപ്പേർക്കു മാരകമായി മുറിവേൽക്കാനിടയാക്കിയ പെല്ലറ്റ് തോക്കിനു ബദൽ ഏതാനും ദിവസങ്ങൾക്കകം കൊണ്ടുവരുമെന്നു കേന്ദ്ര ആഭ്യന്തരമന്ത്രി രാജ്‌നാഥ് സിങ് പറഞ്ഞിരുന്നു. പെല്ലറ്റുകൾ ഉപയോഗിക്കില്ലെന്നും കശ്മീർ സന്ദർശനത്തിനിടെ അദ്ദേഹം പറഞ്ഞിരുന്നു. കശ്മീരിൽ കേന്ദ്രസേനയുടെ പെല്ലറ്റ് തോക്ക് പ്രയോഗത്തിനെതിരെ വ്യാപക വിമർശനമാണ് ഉയർന്നത്. തുടർന്നു ഇതേക്കുറിച്ച് പഠിക്കാൻ പ്രത്യേക സംഘത്തെ നിയോഗിച്ചു. പെല്ലറ്റ് തിരയേറ്റ് ഒട്ടേറെപ്പേർക്കു മാരകമായി പരുക്കേറ്റതിനു പുറമേ നൂറുകണക്കിനാളുകൾക്കു കാഴ്ചയും നഷ്ടമായി. 
പെല്ലറ്റ് തോക്കിനു പകരം ചുവന്ന മുളക് അടിസ്ഥാനമാക്കിയ ‘പാവ ഷെല്ലുകൾ’ ഉപയോഗിക്കുമെന്നാണ് സൂചന. പെല്ലറ്റ് തോക്കുകളേപ്പോലെ ഇതു മാരകമല്ലെന്നും എന്നാൽ ജനക്കൂട്ടത്തെ നിർവീര്യമാക്കാൻ പാവ ഷെല്ലുകൾ ഫലപ്രദമാണെന്നുമാണ് കേന്ദ്ര ആഭ്യന്തരമന്ത്രാലയം നിയോഗിച്ച വിദഗ്ധ സമിതിയുടെ കണ്ടെത്തൽ. മുളകിൽ എരിവുണ്ടാക്കുന്ന ഘടകത്തിന്റെ ജൈവമിശ്രിതത്തിന്റെ രാസനാമത്തിന്റെ ചുരുക്കെഴുത്താണ് ‘പാവ’. ×
</topic_text>
<spam_score>0.00</spam_score>
<post_num>1</post_num>
<post_id>post-1</post_id>
<post_url>http://www.manoramaonline.com/news/just-in/kashmir-situation-no-blanket-ban-on-pellet-guns-burhan-wani-but-to-be-used-in-rare-cases.html</post_url>
<post_date>20160829</post_date>
<post_time>1747</post_time>
<username>mm-akhil (noemail@noemail.org)</username>
<post>
Latest News കശ്മീർ: പെല്ലറ്റ് തോക്കിന് പൂർണ നിരോധനമില്ല; ഉപയോഗം അടിയന്തരഘട്ടത്തിൽ മാത്രം കശ്മീർ: പെല്ലറ്റ് തോക്കിന് പൂർണ നിരോധനമില്ല; ഉപയോഗം അടിയന്തരഘട്ടത്തിൽ മാത്രം   11:17   
ശ്രീനഗർ∙ കശ്മീരിൽ ജനകൂട്ടത്തെ നിയന്ത്രിക്കാൻ സുരക്ഷാ ഉദ്യോഗസ്ഥർ ഉപയോഗിക്കുന്ന പെല്ലറ്റ് തോക്കുകൾ പൂർണമായി നിരോധിക്കാൻ സാധിക്കില്ലെന്ന് മുതിർന്ന സർക്കാർ ഉദ്യോഗസ്ഥൻ. എന്നാൽ പെല്ലറ്റ് തോക്കുകൾ അടിയന്തരഘട്ടത്തിൽ മാത്രമേ ഉപയോഗിക്കൂവെന്നും അദ്ദേഹം അറിയിച്ചു. നിരന്തരമായ ചർച്ചകളുടെയും കശ്മീരിൽ സുരക്ഷാ ഉദ്യോഗസ്ഥർ അനുഭവിക്കേണ്ടിവരുന്ന അവസ്ഥയും കണക്കിലെടുത്താണ് തീരുമാനം. പെല്ലറ്റ് തോക്കുകൾ ഉപയോഗിക്കുകയെന്ന സാധ്യത തുടരും. എന്നാൽ, ഇത് അടിയന്തരഘട്ടങ്ങളിൽ മാത്രമേ ഉപയോഗിക്കുവെന്നും സർക്കാരുമായി ബന്ധപ്പെട്ട ഉദ്യോഗസ്ഥൻ അറിയിച്ചു. 
ഹിസ്ബുൾ മുജാഹിദ്ദീൻ കമാൻഡർ ബുർഹാൻ വാനി സൈനിക നടപടിക്കിടെ കൊല്ലപ്പെട്ടതിനെ തുടർന്നുണ്ടായ സംഘർഷങ്ങളിൽ ഒട്ടേറെപ്പേർക്കു മാരകമായി മുറിവേൽക്കാനിടയാക്കിയ പെല്ലറ്റ് തോക്കിനു ബദൽ ഏതാനും ദിവസങ്ങൾക്കകം കൊണ്ടുവരുമെന്നു കേന്ദ്ര ആഭ്യന്തരമന്ത്രി രാജ്‌നാഥ് സിങ് പറഞ്ഞിരുന്നു. പെല്ലറ്റുകൾ ഉപയോഗിക്കില്ലെന്നും കശ്മീർ സന്ദർശനത്തിനിടെ അദ്ദേഹം പറഞ്ഞിരുന്നു. കശ്മീരിൽ കേന്ദ്രസേനയുടെ പെല്ലറ്റ് തോക്ക് പ്രയോഗത്തിനെതിരെ വ്യാപക വിമർശനമാണ് ഉയർന്നത്. തുടർന്നു ഇതേക്കുറിച്ച് പഠിക്കാൻ പ്രത്യേക സംഘത്തെ നിയോഗിച്ചു. പെല്ലറ്റ് തിരയേറ്റ് ഒട്ടേറെപ്പേർക്കു മാരകമായി പരുക്കേറ്റതിനു പുറമേ നൂറുകണക്കിനാളുകൾക്കു കാഴ്ചയും നഷ്ടമായി. 
പെല്ലറ്റ് തോക്കിനു പകരം ചുവന്ന മുളക് അടിസ്ഥാനമാക്കിയ ‘പാവ ഷെല്ലുകൾ’ ഉപയോഗിക്കുമെന്നാണ് സൂചന. പെല്ലറ്റ് തോക്കുകളേപ്പോലെ ഇതു മാരകമല്ലെന്നും എന്നാൽ ജനക്കൂട്ടത്തെ നിർവീര്യമാക്കാൻ പാവ ഷെല്ലുകൾ ഫലപ്രദമാണെന്നുമാണ് കേന്ദ്ര ആഭ്യന്തരമന്ത്രാലയം നിയോഗിച്ച വിദഗ്ധ സമിതിയുടെ കണ്ടെത്തൽ. മുളകിൽ എരിവുണ്ടാക്കുന്ന ഘടകത്തിന്റെ ജൈവമിശ്രിതത്തിന്റെ രാസനാമത്തിന്റെ ചുരുക്കെഴുത്താണ് ‘പാവ’. ×
</post>
<signature>

</signature>
<external_links>

</external_links>
<country>US</country>
<main_image>http://www.manoramaonline.com/content/dam/mm/ml/news/latest-news/images/2016/Aug/29/Srinagar.jpg</main_image>
</document>
