<?xml version="1.0" encoding="UTF-8"?>
<document>
<type>mainstream</type>
<forum></forum>
<forum_title></forum_title>
<discussion_title>Path - Eka Prasetya Makalalag</discussion_title>
<language>english</language>
<gmt_offset></gmt_offset>
<topic_url>https://path.com/moment/4CuGSM</topic_url>
<topic_text>

</topic_text>
<spam_score>0.20</spam_score>
<post_num>1</post_num>
<post_id>post-1</post_id>
<post_url>https://path.com/moment/4CuGSM</post_url>
<post_date>20160829</post_date>
<post_time></post_time>
<username></username>
<post>

</post>
<signature>

</signature>
<external_links>

</external_links>
<country>KR</country>
<main_image>http://media.pathcdn.net/dn/path_classic/photos2/d3aeea06-1663-470f-a933-015073c9e809/original.jpg</main_image>
</document>
