<?xml version="1.0" encoding="UTF-8"?>
<document>
<type>mainstream</type>
<forum></forum>
<forum_title></forum_title>
<discussion_title>ISL 2016: Florent Malouda returns as marquee player for Delhi Dynamos - Firstpost</discussion_title>
<language>english</language>
<gmt_offset></gmt_offset>
<topic_url>http://www.firstpost.com/sports/isl-2016-florent-malouda-returns-as-marquee-player-for-delhi-dynamos-2982234.html</topic_url>
<topic_text>
ISL 2016: Florent Malouda returns as marquee player for Delhi Dynamos PTI Aug 30, 2016 04:08 IST #Delhi Dynamos #Florent Malouda #football #Indian Football #Indian Super League #ISL #KickingAround #Marquee Player 
New Delhi: Delhi Dynamos on Monday announced the return of UEFA Champions League winner Florent Malouda as their marquee player for the upcoming season of the Hero Indian Super League . 
His arrival will bolster the Lion&apos;s line-up given his performances and form with the Egyptian Premier League club Wadi Degla FC where he was out on loan after a stellar debut season with the Lions in the HISL season 2. 
Malouda, who had arrived at the club as one of the most high-profile signings last season, recorded the most number of assists and was seen as a highly rated attacking midfielder. Florent Malouda returns to Delhi Dynamos as their marquee player. Image courtesy: Twitter/@IndSuperLeague 
He featured in 16 games last year and provided eight assists and soon became a fan favourite due to his exploits on the field. 
Club President Prashant Agarwal said, &quot;Florent is a team player and he was an integral part of us reaching all the way till the semi-finals last season. His leadership both off &amp; on the pitch is commendable. He is a true Lion and a favorite of our fans. I am sure everyone associated with DDFC is proud to have Malouda back with us!&quot; 
&quot;I am very excited to be back in India. It was a wonderful experience for me to play in the league last year and enjoyed it a lot. It was for the first time that I played outside Europe and to be honest I enjoyed it a lot,&quot; Malouda said. 
&quot;We had a very good squad last season and it was sad that we had to bow out of the tournament in the semis. It&apos;s a different squad this year, I hope that we can build on what we achieved last season and together aim to lift the trophy this season,&quot; the 36-year-old winger added. more in Sports 
</topic_text>
<spam_score>0.56</spam_score>
<post_num>1</post_num>
<post_id>post-1</post_id>
<post_url>http://www.firstpost.com/sports/isl-2016-florent-malouda-returns-as-marquee-player-for-delhi-dynamos-2982234.html</post_url>
<post_date>20160829</post_date>
<post_time></post_time>
<username></username>
<post>
ISL 2016: Florent Malouda returns as marquee player for Delhi Dynamos PTI Aug 30, 2016 04:08 IST #Delhi Dynamos #Florent Malouda #football #Indian Football #Indian Super League #ISL #KickingAround #Marquee Player 
New Delhi: Delhi Dynamos on Monday announced the return of UEFA Champions League winner Florent Malouda as their marquee player for the upcoming season of the Hero Indian Super League . 
His arrival will bolster the Lion&apos;s line-up given his performances and form with the Egyptian Premier League club Wadi Degla FC where he was out on loan after a stellar debut season with the Lions in the HISL season 2. 
Malouda, who had arrived at the club as one of the most high-profile signings last season, recorded the most number of assists and was seen as a highly rated attacking midfielder. Florent Malouda returns to Delhi Dynamos as their marquee player. Image courtesy: Twitter/@IndSuperLeague 
He featured in 16 games last year and provided eight assists and soon became a fan favourite due to his exploits on the field. 
Club President Prashant Agarwal said, &quot;Florent is a team player and he was an integral part of us reaching all the way till the semi-finals last season. His leadership both off &amp; on the pitch is commendable. He is a true Lion and a favorite of our fans. I am sure everyone associated with DDFC is proud to have Malouda back with us!&quot; 
&quot;I am very excited to be back in India. It was a wonderful experience for me to play in the league last year and enjoyed it a lot. It was for the first time that I played outside Europe and to be honest I enjoyed it a lot,&quot; Malouda said. 
&quot;We had a very good squad last season and it was sad that we had to bow out of the tournament in the semis. It&apos;s a different squad this year, I hope that we can build on what we achieved last season and together aim to lift the trophy this season,&quot; the 36-year-old winger added. more in Sports 
</post>
<signature>

</signature>
<external_links>

</external_links>
<country>IN</country>
<main_image>http://s3.firstpost.in/wp-content/uploads/2016/08/Florent-Malouda-Twitter-ISL.jpg</main_image>
</document>
