<?xml version="1.0" encoding="UTF-8"?>
<document>
<type>mainstream</type>
<forum>http://stackoverflow.com/feeds</forum>
<forum_title>Recent Questions - Stack Overflow</forum_title>
<discussion_title>Dropzone Resize Function</discussion_title>
<language>english</language>
<gmt_offset></gmt_offset>
<topic_url>http://stackoverflow.com/questions/22740117/dropzone-resize-function</topic_url>
<topic_text>
up vote 3 down vote 
Actually, the preview seems to be croped only if you explicitly specify both options thumbnailWidth and thumbnailHeight . Otherwise, if your specify only one or no thumbnail dimension, the whole image is resized proportionally according to the specified options thumbnailWidth or thumbnailHeight . 
Examples, with a 1200x800 image source: // Resized preview (400x267) var dp = new Dropzone(document.getElementById(&apos;dp&apos;), { thumbnailWidth: 400, thumbnailHeight: null } // Resized preview (600x400) var dp = new Dropzone(document.getElementById(&apos;dp&apos;), { thumbnailWidth: null, thumbnailHeight: 400, } // Croped preview (400x400) var dp = new Dropzone(document.getElementById(&apos;dp&apos;), { thumbnailWidth: 400, thumbnailHeight: 400, } 
However, if you don&apos;t know the source image proportions and you need to make your preview fit in a sized div, then use the resize function of dropzone.js. It must return an object with multiple attributes, as it is describe in the documentation . Here is an example to resize the preview according to your thumbnail dimensions: var dp = new Dropzone(document.getElementById(&apos;myDropzone&apos;), { // Your dropzone options here... thumbnailWidth: 400, thumbnailHeight: 400, resize: function(file) { var resizeInfo = { srcX: 0, srcY: 0, trgX: 0, trgY: 0, srcWidth: file.width, srcHeight: file.height, trgWidth: this.options.thumbnailWidth, trgHeight: this.options.thumbnailHeight }; return resizeInfo; } }); 
This will result in a stretch preview. But of course, you can figure out trgWidth and trgHeight according to your source image dimensions, your sized div dimensions or whatever you want in order to make the preview looks like you want.
</topic_text>
<spam_score>0.00</spam_score>
<post_num>1</post_num>
<post_id>post-1</post_id>
<post_url>http://stackoverflow.com/questions/22740117/dropzone-resize-function</post_url>
<post_date>20160829</post_date>
<post_time>2253</post_time>
<username>user3237002</username>
<post>
up vote 3 down vote 
Actually, the preview seems to be croped only if you explicitly specify both options thumbnailWidth and thumbnailHeight . Otherwise, if your specify only one or no thumbnail dimension, the whole image is resized proportionally according to the specified options thumbnailWidth or thumbnailHeight . 
Examples, with a 1200x800 image source: // Resized preview (400x267) var dp = new Dropzone(document.getElementById(&apos;dp&apos;), { thumbnailWidth: 400, thumbnailHeight: null } // Resized preview (600x400) var dp = new Dropzone(document.getElementById(&apos;dp&apos;), { thumbnailWidth: null, thumbnailHeight: 400, } // Croped preview (400x400) var dp = new Dropzone(document.getElementById(&apos;dp&apos;), { thumbnailWidth: 400, thumbnailHeight: 400, } 
However, if you don&apos;t know the source image proportions and you need to make your preview fit in a sized div, then use the resize function of dropzone.js. It must return an object with multiple attributes, as it is describe in the documentation . Here is an example to resize the preview according to your thumbnail dimensions: var dp = new Dropzone(document.getElementById(&apos;myDropzone&apos;), { // Your dropzone options here... thumbnailWidth: 400, thumbnailHeight: 400, resize: function(file) { var resizeInfo = { srcX: 0, srcY: 0, trgX: 0, trgY: 0, srcWidth: file.width, srcHeight: file.height, trgWidth: this.options.thumbnailWidth, trgHeight: this.options.thumbnailHeight }; return resizeInfo; } }); 
This will result in a stretch preview. But of course, you can figure out trgWidth and trgHeight according to your source image dimensions, your sized div dimensions or whatever you want in order to make the preview looks like you want.
</post>
<signature>

</signature>
<external_links>

</external_links>
<country>US</country>
<main_image>http://cdn.sstatic.net/Sites/stackoverflow/img/apple-touch-icon@2.png?v=73d79a89bded&amp;a</main_image>
</document>
