<?xml version="1.0" encoding="UTF-8"?>
<document>
<type>mainstream</type>
<forum>http://www.chillicothetimesbulletin.com/news/community?template=rss&amp;mime=xml</forum>
<forum_title>Community - Chillicothe Times-Bulletin - Chillicothe, IL</forum_title>
<discussion_title>Vintage train rides return to Chillicothe, Henry</discussion_title>
<language>english</language>
<gmt_offset></gmt_offset>
<topic_url>http://www.chillicothetimesbulletin.com/news/20160829/vintage-train-rides-return-to-chillicothe-henry</topic_url>
<topic_text>
Area residents will have the opportunity to ride the rails Sept. 10 with an excursion train car ride. 
The vintage open-window coaches will make round trips from Chillicothe to Henry and back. 
Excursion departures will board at Cedar and Third streets in Chillicothe at 10:25 a.m., 1:15 p.m., and 4:05 p.m. 
There are a limited number of tickets available. Advance purchase is suggested. The same excursion was offered in 2014, and sold out prior to the event. 
The cost is $14 for adults, $7 for children 12 and under, and children under age 5 are free, but must sit on an adult’s lap. 
Tickets may be purchased at Chillicothe City Hall, 908 N. Second St., from 7 a.m. to 3:30 p.m. Monday through Friday; Pearce Community Center, 610 W. Cedar St., from 4 a.m. to 9 p.m., Monday through Friday, 7 a.m. to 4 p.m., Saturday, and 9 a.m. to 4 p.m., Sunday; and the Chillicothe Chamber of Commerce, 1028 N. Second St., from 9 a.m. to 1:30 p.m. Monday through Friday. 
The excursion train will travel along the Illinois River route between Chillicothe and Henry in the open-window coaches. There will be food and entertainment in Chillicothe City Park, as well as free tours of the Chillicothe Historical Society’s Rock Island Depot Museum and Gail F. Myers Fire Station One. 
Proceeds from the ticket sales will benefit the Chillicothe Fire Departments. 
For more information, contact 274-3107. 
— Submitted Karen Moewe
</topic_text>
<spam_score>0.00</spam_score>
<post_num>1</post_num>
<post_id>post-1</post_id>
<post_url>http://www.chillicothetimesbulletin.com/news/20160829/vintage-train-rides-return-to-chillicothe-henry</post_url>
<post_date>20160829</post_date>
<post_time>2129</post_time>
<username></username>
<post>
Area residents will have the opportunity to ride the rails Sept. 10 with an excursion train car ride. 
The vintage open-window coaches will make round trips from Chillicothe to Henry and back. 
Excursion departures will board at Cedar and Third streets in Chillicothe at 10:25 a.m., 1:15 p.m., and 4:05 p.m. 
There are a limited number of tickets available. Advance purchase is suggested. The same excursion was offered in 2014, and sold out prior to the event. 
The cost is $14 for adults, $7 for children 12 and under, and children under age 5 are free, but must sit on an adult’s lap. 
Tickets may be purchased at Chillicothe City Hall, 908 N. Second St., from 7 a.m. to 3:30 p.m. Monday through Friday; Pearce Community Center, 610 W. Cedar St., from 4 a.m. to 9 p.m., Monday through Friday, 7 a.m. to 4 p.m., Saturday, and 9 a.m. to 4 p.m., Sunday; and the Chillicothe Chamber of Commerce, 1028 N. Second St., from 9 a.m. to 1:30 p.m. Monday through Friday. 
The excursion train will travel along the Illinois River route between Chillicothe and Henry in the open-window coaches. There will be food and entertainment in Chillicothe City Park, as well as free tours of the Chillicothe Historical Society’s Rock Island Depot Museum and Gail F. Myers Fire Station One. 
Proceeds from the ticket sales will benefit the Chillicothe Fire Departments. 
For more information, contact 274-3107. 
— Submitted Karen Moewe
</post>
<signature>

</signature>
<external_links>

</external_links>
<country>US</country>
<main_image>http://www.chillicothetimesbulletin.com/Global/images/head/nameplate/il-chillicothe_logo.png</main_image>
</document>
