<?xml version="1.0" encoding="UTF-8"?>
<document>
<type>mainstream</type>
<forum>http://rssfeeds.ktvb.com/_/20/109765760/ktvb/local</forum>
<forum_title>KTVB - Local</forum_title>
<discussion_title>Teen drove pickup into home, Caldwell...</discussion_title>
<language>english</language>
<gmt_offset></gmt_offset>
<topic_url>http://rssfeeds.ktvb.com/_/20/109765760/ktvb/http&amp;#x3a;&amp;#x2f;&amp;#x2f;www&amp;#x2e;ktvb&amp;#x2e;com&amp;#x2f;news&amp;#x2f;crime&amp;#x2f;teen-drove-pickup-into-home-caldwell-police-say&amp;#x2f;310685203</topic_url>
<topic_text>
Teen drove pickup into home, Caldwell police say KTVB , KTVB 4:24   A teenager was arrested Monday after police say he drove a pickup into a home in Caldwell. (Photo: Caldwell police) CONNECT TWEET LINKEDIN GOOGLE+ PINTEREST 
CALDWELL - A teenager was arrested Monday after police say he drove a pickup into a home in Caldwell. 
Police said a 17-year-old male was arrested on a charge of reckless driving after the crash, which was reported around 11:40 a.m. near the 14300 block of Shelby Street. 
Police said when they arrived they found that a Chevrolet pickup had crashed through a fence and into the side of an unoccupied residence. 
A teenager was arrested Monday after police say he drove a pickup into a home in Caldwell. (Photo: Caldwell police) 
The driver and one other occupant of the pickup were found outside the home with minor injuries. 
The homeowners were notified of the crash. which is being investigated. 
There may be additional charges against the driver, police said. 
Anyone who witnessed the accident is asked to call Canyon County Dispatch at 208-454-7531.
</topic_text>
<spam_score>0.00</spam_score>
<post_num>1</post_num>
<post_id>post-1</post_id>
<post_url>http://rssfeeds.ktvb.com/_/20/109765760/ktvb/http&amp;#x3a;&amp;#x2f;&amp;#x2f;www&amp;#x2e;ktvb&amp;#x2e;com&amp;#x2f;news&amp;#x2f;crime&amp;#x2f;teen-drove-pickup-into-home-caldwell-police-say&amp;#x2f;310685203</post_url>
<post_date>20160829</post_date>
<post_time>2224</post_time>
<username></username>
<post>
Teen drove pickup into home, Caldwell police say KTVB , KTVB 4:24   A teenager was arrested Monday after police say he drove a pickup into a home in Caldwell. (Photo: Caldwell police) CONNECT TWEET LINKEDIN GOOGLE+ PINTEREST 
CALDWELL - A teenager was arrested Monday after police say he drove a pickup into a home in Caldwell. 
Police said a 17-year-old male was arrested on a charge of reckless driving after the crash, which was reported around 11:40 a.m. near the 14300 block of Shelby Street. 
Police said when they arrived they found that a Chevrolet pickup had crashed through a fence and into the side of an unoccupied residence. 
A teenager was arrested Monday after police say he drove a pickup into a home in Caldwell. (Photo: Caldwell police) 
The driver and one other occupant of the pickup were found outside the home with minor injuries. 
The homeowners were notified of the crash. which is being investigated. 
There may be additional charges against the driver, police said. 
Anyone who witnessed the accident is asked to call Canyon County Dispatch at 208-454-7531.
</post>
<signature>

</signature>
<external_links>

</external_links>
<country>US</country>
<main_image>http://content.ktvb.com/photo/2016/08/29/pickup%20vs%20house%201%20crop_1472509361783_5873453_ver1.0_640_360.jpg</main_image>
</document>
