<?xml version="1.0" encoding="UTF-8"?>
<document>
<type>mainstream</type>
<forum></forum>
<forum_title></forum_title>
<discussion_title>切りすぎちゃった…髪の毛をできるだけ早く伸ばす７つの方法 | 女磨きの心得</discussion_title>
<language>japanese</language>
<gmt_offset></gmt_offset>
<topic_url>http://news-matome.top/2016/08/30/%e5%88%87%e3%82%8a%e3%81%99%e3%81%8e%e3%81%a1%e3%82%83%e3%81%a3%e3%81%9f%e9%ab%aa%e3%81%ae%e6%af%9b%e3%82%92%e3%81%a7%e3%81%8d%e3%82%8b%e3%81%a0%e3%81%91%e6%97%a9%e3%81%8f%e4%bc%b8%e3%81%b0/</topic_url>
<topic_text>

ミランダ・カーがボブにイメチェン！話題を呼んでいます♡ ミランダ・カーがロングヘ … 共有: 
</topic_text>
<spam_score>0.00</spam_score>
<post_num>1</post_num>
<post_id>post-1</post_id>
<post_url>http://news-matome.top/2016/08/30/%e5%88%87%e3%82%8a%e3%81%99%e3%81%8e%e3%81%a1%e3%82%83%e3%81%a3%e3%81%9f%e9%ab%aa%e3%81%ae%e6%af%9b%e3%82%92%e3%81%a7%e3%81%8d%e3%82%8b%e3%81%a0%e3%81%91%e6%97%a9%e3%81%8f%e4%bc%b8%e3%81%b0/</post_url>
<post_date>20160829</post_date>
<post_time></post_time>
<username></username>
<post>

ミランダ・カーがボブにイメチェン！話題を呼んでいます♡ ミランダ・カーがロングヘ … 共有: 
</post>
<signature>

</signature>
<external_links>

</external_links>
<country>JP</country>
<main_image>http://resource.feedmatic.xyz/zoku.png</main_image>
</document>
