<?xml version="1.0" encoding="UTF-8"?>
<document>
<type>mainstream</type>
<forum>http://dailynewsglobal.com/feed/</forum>
<forum_title>Daily News Global</forum_title>
<discussion_title>Massive cruise ship brings new era of Arctic tourism to Cambridge Bay</discussion_title>
<language>english</language>
<gmt_offset></gmt_offset>
<topic_url>http://dailynewsglobal.com/massive-cruise-ship-brings-new-era-of-arctic-tourism-to-cambridge-bay/</topic_url>
<topic_text>
  Massive cruise ship brings new era of Arctic tourism to Cambridge Bay Massive cruise ship brings new era of Arctic tourism to Cambridge Bay   
The Crystal Serenity arrived at the hamlet of Cambridge Bay, Nunavut, on Monday morning, the latest stop for the massive cruise ship as it makes its way through the fabled but dangerous Northwest Passage. Share This Post
</topic_text>
<spam_score>0.00</spam_score>
<post_num>1</post_num>
<post_id>post-1</post_id>
<post_url>http://dailynewsglobal.com/massive-cruise-ship-brings-new-era-of-arctic-tourism-to-cambridge-bay/</post_url>
<post_date>20160829</post_date>
<post_time>1955</post_time>
<username>John Mewrick</username>
<post>
  Massive cruise ship brings new era of Arctic tourism to Cambridge Bay Massive cruise ship brings new era of Arctic tourism to Cambridge Bay   
The Crystal Serenity arrived at the hamlet of Cambridge Bay, Nunavut, on Monday morning, the latest stop for the massive cruise ship as it makes its way through the fabled but dangerous Northwest Passage. Share This Post
</post>
<signature>

</signature>
<external_links>

</external_links>
<country>US</country>
<main_image></main_image>
</document>
