<?xml version="1.0" encoding="UTF-8"?>
<document>
<type>mainstream</type>
<forum>http://elgraficotam.com.mx/feed/</forum>
<forum_title>El Gráfico de Tamaulipas</forum_title>
<discussion_title>Emotivo festejo de la UAT a los adultos mayores</discussion_title>
<language>spanish</language>
<gmt_offset></gmt_offset>
<topic_url>http://elgraficotam.com.mx/2016/08/29/emotivo-festejo-de-la-uat-a-los-adultos-mayores/</topic_url>
<topic_text>
Finanzas Home › Destacadas › Emotivo festejo de la UAT a los adultos mayores Abuelitos del grupo de adultos mayores que participan en las actividades de la UAT fueron objeto de emotivo festejo. Emotivo festejo de la UAT a los adultos mayores 


El evento se realizó en el Gimnasio Multidisciplinario con la participaron también de jubilados del Sindicato de Trabajadores de la UAT. 
Abuelitos del grupo de adultos mayores que participan en las actividades que les organiza la Universidad Autónoma de Tamaulipas (UAT), agradecieron al Rector Enrique Etienne Pérez del Río, por el apoyo que ha destinado a través del Centro Operativo Multidisciplinario de Atención y Servicio Social (COMASS). 
“Para que tengamos una atención integral y una mejor calidad de vida, nos tratan con amor, aquí he aprendido a convivir, a sentirme que soy importante para otros, me han enseñado a cuidarme, a sacarle provecho a mis talentos y a sonreír también cuando a alguien le ha tocado partir”, aseguró Fidela Terán Berrones, a nombre de los abuelitos, durante el festejo que organizó la UAT en el marco del “Día del Abuelito”. 
El evento se realizó en el Gimnasio Multidisciplinario de la UAT en el Campus Victoria, y además del festejo en que participaron también jubilados del Sindicato de Trabajadores de la UAT, se realizaron una serie de conferencias, que tuvieron como propósito, abordar temas que impactan directamente a este sector poblacional. 
En este marco, y con la representación del Rector Enrique Etienne Pérez del Río, el titular de la Secretaría de Extensión y Vinculación, Bernabé Nakashima Corona, dirigió palabras de reconocimiento y felicitación a los adultos mayores. 
Destacó el compromiso de la administración rectoral por seguir fortaleciendo los programas que se les ofrecen a los abuelitos a través de la Dirección de Servicio Social y la Dirección de Valores, con la participación de los universitarios. 
Posteriormente, se ofrecieron las conferencias “El Bienestar del Adulto Mayor” y “Saboreando la Vida”, en las que se resaltó la importancia de la prevención y el tratamiento adecuado de las enfermedades más comunes hoy en día, como es el caso de la presión arterial y su impacto en la calidad de vida de las personas de la tercera edad. 
Cabe señalar que en el evento se contó con la presencia de la Directora de Servicio Social, Cinthya Ibarra González; de la encargada del despacho de la Dirección de Valores UAT, Martha Ruth Reyes Walle y del Secretario General del Sindicato Único de Trabajadores de la UAT, Abraham Montalvo. 
Cientos ee abuelitos agradecieron al Rector Enrique Etienne por esta celebración. El evento se realizó en el Gimnasio Multidisciplinario de la UAT en el Campus Victoria.
</topic_text>
<spam_score>0.00</spam_score>
<post_num>1</post_num>
<post_id>post-1</post_id>
<post_url>http://elgraficotam.com.mx/2016/08/29/emotivo-festejo-de-la-uat-a-los-adultos-mayores/</post_url>
<post_date>20160829</post_date>
<post_time>1426</post_time>
<username>Gilda Garza</username>
<post>
Finanzas Home › Destacadas › Emotivo festejo de la UAT a los adultos mayores Abuelitos del grupo de adultos mayores que participan en las actividades de la UAT fueron objeto de emotivo festejo. Emotivo festejo de la UAT a los adultos mayores 


El evento se realizó en el Gimnasio Multidisciplinario con la participaron también de jubilados del Sindicato de Trabajadores de la UAT. 
Abuelitos del grupo de adultos mayores que participan en las actividades que les organiza la Universidad Autónoma de Tamaulipas (UAT), agradecieron al Rector Enrique Etienne Pérez del Río, por el apoyo que ha destinado a través del Centro Operativo Multidisciplinario de Atención y Servicio Social (COMASS). 
“Para que tengamos una atención integral y una mejor calidad de vida, nos tratan con amor, aquí he aprendido a convivir, a sentirme que soy importante para otros, me han enseñado a cuidarme, a sacarle provecho a mis talentos y a sonreír también cuando a alguien le ha tocado partir”, aseguró Fidela Terán Berrones, a nombre de los abuelitos, durante el festejo que organizó la UAT en el marco del “Día del Abuelito”. 
El evento se realizó en el Gimnasio Multidisciplinario de la UAT en el Campus Victoria, y además del festejo en que participaron también jubilados del Sindicato de Trabajadores de la UAT, se realizaron una serie de conferencias, que tuvieron como propósito, abordar temas que impactan directamente a este sector poblacional. 
En este marco, y con la representación del Rector Enrique Etienne Pérez del Río, el titular de la Secretaría de Extensión y Vinculación, Bernabé Nakashima Corona, dirigió palabras de reconocimiento y felicitación a los adultos mayores. 
Destacó el compromiso de la administración rectoral por seguir fortaleciendo los programas que se les ofrecen a los abuelitos a través de la Dirección de Servicio Social y la Dirección de Valores, con la participación de los universitarios. 
Posteriormente, se ofrecieron las conferencias “El Bienestar del Adulto Mayor” y “Saboreando la Vida”, en las que se resaltó la importancia de la prevención y el tratamiento adecuado de las enfermedades más comunes hoy en día, como es el caso de la presión arterial y su impacto en la calidad de vida de las personas de la tercera edad. 
Cabe señalar que en el evento se contó con la presencia de la Directora de Servicio Social, Cinthya Ibarra González; de la encargada del despacho de la Dirección de Valores UAT, Martha Ruth Reyes Walle y del Secretario General del Sindicato Único de Trabajadores de la UAT, Abraham Montalvo. 
Cientos ee abuelitos agradecieron al Rector Enrique Etienne por esta celebración. El evento se realizó en el Gimnasio Multidisciplinario de la UAT en el Campus Victoria.
</post>
<signature>

</signature>
<external_links>

</external_links>
<country>MX</country>
<main_image>http://elgraficotam.com.mx/wp-content/uploads/2016/08/5-Portada-UAT-620x330.jpg</main_image>
</document>
