<?xml version="1.0" encoding="UTF-8"?>
<document>
<type>mainstream</type>
<forum>http://feeds.news24.com.ng/articles/nigeria/sport/rss</forum>
<forum_title>Nigeria Sport</forum_title>
<discussion_title>News24.com.ng | Ramos surprised by Casillas&apos;s Spain snub</discussion_title>
<language>english</language>
<gmt_offset></gmt_offset>
<topic_url>http://www.news24.com.ng/Sport/Football/ramos-surprised-by-casillass-spain-snub-20160829</topic_url>
<topic_text>
Ramos surprised by Casillas&apos;s Spain snub 29 August 2016, 21:33 De Gea pushing hard for Spain keeper’s slot 
Madrid - Stand-in Spain captain Sergio Ramos has expressed his surprise as Iker Casillas&apos;s exclusion from Julien Lopetegui&apos;s first squad as Spain boss. 
Ramos is expected to lead the 2010 world champions in their first 2018 World Cup qualifier against Liechtenstein on September 5 after the 35-year-old Casillas was dropped in favour of David de Gea, Pepe Reina and West Ham&apos;s Adrian. 
&quot;It surprises everyone when such an emblematic and historic player for world and Spanish football (is left out),&quot; said Ramos as the Spanish squad met in Madrid on Monday ahead of Thursday&apos;s friendly away to Belgium. 
&quot;It is always an important absence, more so because he is our first captain.&quot; 
Casillas earned status as a national hero as Spain won three back-to-back major tournaments at Euro 2008 and 2012 either side of their World Cup triumph in South Africa. 
Also read : Spain&apos;s Euro hopes pinned on silent saviour Iniesta 
However, as his form faded he left Real Madrid after nearly two decades with the Spanish giants to join Porto in July 2015, then managed by Lopetegui. 
Casillas was benched by Vicente del Bosque for Spain&apos;s four matches at Euro 2016 with De Gea in goal as the holders bowed out with a disappointing 2-0 defeat to Italy in the last 16. 
&quot;Obviously it is strange that there is a squad and you don&apos;t see Iker Casillas, but everything is respected,&quot; added Ramos. 
&quot;A new era is starting with a radical change and in that sense there is great desire to return to doing things well.&quot; 
Lopetegui has selected 11 players that missed out on the Euros just two months ago with Cesc Fabregas another veteran overlooked. 
A series of promising young players such as Barcelona&apos;s Sergi Roberto, Real Madrid midfielder Marco Asensio and Saul Niguez of Atletico Madrid could be handed their competitive international debuts against Liechtenstein in Leon.   page. - AFP
</topic_text>
<spam_score>0.00</spam_score>
<post_num>1</post_num>
<post_id>post-1</post_id>
<post_url>http://www.news24.com.ng/Sport/Football/ramos-surprised-by-casillass-spain-snub-20160829</post_url>
<post_date>20160829</post_date>
<post_time>2033</post_time>
<username></username>
<post>
Ramos surprised by Casillas&apos;s Spain snub 29 August 2016, 21:33 De Gea pushing hard for Spain keeper’s slot 
Madrid - Stand-in Spain captain Sergio Ramos has expressed his surprise as Iker Casillas&apos;s exclusion from Julien Lopetegui&apos;s first squad as Spain boss. 
Ramos is expected to lead the 2010 world champions in their first 2018 World Cup qualifier against Liechtenstein on September 5 after the 35-year-old Casillas was dropped in favour of David de Gea, Pepe Reina and West Ham&apos;s Adrian. 
&quot;It surprises everyone when such an emblematic and historic player for world and Spanish football (is left out),&quot; said Ramos as the Spanish squad met in Madrid on Monday ahead of Thursday&apos;s friendly away to Belgium. 
&quot;It is always an important absence, more so because he is our first captain.&quot; 
Casillas earned status as a national hero as Spain won three back-to-back major tournaments at Euro 2008 and 2012 either side of their World Cup triumph in South Africa. 
Also read : Spain&apos;s Euro hopes pinned on silent saviour Iniesta 
However, as his form faded he left Real Madrid after nearly two decades with the Spanish giants to join Porto in July 2015, then managed by Lopetegui. 
Casillas was benched by Vicente del Bosque for Spain&apos;s four matches at Euro 2016 with De Gea in goal as the holders bowed out with a disappointing 2-0 defeat to Italy in the last 16. 
&quot;Obviously it is strange that there is a squad and you don&apos;t see Iker Casillas, but everything is respected,&quot; added Ramos. 
&quot;A new era is starting with a radical change and in that sense there is great desire to return to doing things well.&quot; 
Lopetegui has selected 11 players that missed out on the Euros just two months ago with Cesc Fabregas another veteran overlooked. 
A series of promising young players such as Barcelona&apos;s Sergi Roberto, Real Madrid midfielder Marco Asensio and Saul Niguez of Atletico Madrid could be handed their competitive international debuts against Liechtenstein in Leon.   page. - AFP
</post>
<signature>

</signature>
<external_links>

</external_links>
<country>NG</country>
<main_image>http://cdn.24.co.za/files/Cms/General/d/763/ccaf76565df745229c87b5fa5c0584e4.jpg</main_image>
</document>
