<?xml version="1.0" encoding="UTF-8"?>
<document>
<type>mainstream</type>
<forum>http://www.fft.ie/feed</forum>
<forum_title>FFT.ie</forum_title>
<discussion_title>Woodland Group Expands into Food &amp; Beverage Industry</discussion_title>
<language>english</language>
<gmt_offset></gmt_offset>
<topic_url>http://www.fft.ie/woodland-group-expands-into-food-beverage-industry/13136</topic_url>
<topic_text>
103 SHARE Pictured with Kevin Keegan is Sean Kirby, Managing Director UK, Woodland Logistics and Kevin Brady, Managing Director Ireland, Woodland Group (right). Picture Andres Poveda. 
Global freight forwarding and supply chain operators Woodland Group has announced its expansion into the food &amp; beverage logistics industry in Ireland. 
Former England football manager Kevin Keegan was on hand to make the announcement. “I always look forward to coming across to Ireland and to be asked by Woodland Group to join them in launching their new food &amp; beverage service is a great occasion,” he said. 
Ireland is the largest net exporter of dairy ingredients, beef and lamb in Europe, with the country exporting €10.5bn worth of drink and beverage goods in 2015 to 120 countries. 
The manufacture of food and drink products is Ireland’s most important indigenous industry with a turnover approaching €24 billion, which explains why it’s such an important area for Woodland Group, said Kevin Brady, Managing Director Woodland Group Ireland. 
“Ireland’s continued growth in the food and beverage sector is evident in the increasing export volumes. As global markets present themselves, there is a growing need for competent logistic solutions that can enhance established trade routes and help penetrate emerging markets.” 
Established by Kevin Stevens in 1988, Woodland Group provides a range of logistic options including ocean freight, airfreight, European distribution, value added services, contract logistics, UK distribution, warehousing, fulfilment, 3PL, supply chain management, reverse logistics and Customs consultancy. The company employs more than 550 staff globally. TAGS
</topic_text>
<spam_score>0.00</spam_score>
<post_num>1</post_num>
<post_id>post-1</post_id>
<post_url>http://www.fft.ie/woodland-group-expands-into-food-beverage-industry/13136</post_url>
<post_date>20160829</post_date>
<post_time>1400</post_time>
<username>Mark Murphy</username>
<post>
103 SHARE Pictured with Kevin Keegan is Sean Kirby, Managing Director UK, Woodland Logistics and Kevin Brady, Managing Director Ireland, Woodland Group (right). Picture Andres Poveda. 
Global freight forwarding and supply chain operators Woodland Group has announced its expansion into the food &amp; beverage logistics industry in Ireland. 
Former England football manager Kevin Keegan was on hand to make the announcement. “I always look forward to coming across to Ireland and to be asked by Woodland Group to join them in launching their new food &amp; beverage service is a great occasion,” he said. 
Ireland is the largest net exporter of dairy ingredients, beef and lamb in Europe, with the country exporting €10.5bn worth of drink and beverage goods in 2015 to 120 countries. 
The manufacture of food and drink products is Ireland’s most important indigenous industry with a turnover approaching €24 billion, which explains why it’s such an important area for Woodland Group, said Kevin Brady, Managing Director Woodland Group Ireland. 
“Ireland’s continued growth in the food and beverage sector is evident in the increasing export volumes. As global markets present themselves, there is a growing need for competent logistic solutions that can enhance established trade routes and help penetrate emerging markets.” 
Established by Kevin Stevens in 1988, Woodland Group provides a range of logistic options including ocean freight, airfreight, European distribution, value added services, contract logistics, UK distribution, warehousing, fulfilment, 3PL, supply chain management, reverse logistics and Customs consultancy. The company employs more than 550 staff globally. TAGS
</post>
<signature>

</signature>
<external_links>

</external_links>
<country>IE</country>
<main_image>http://www.fft.ie/wp-content/uploads/2016/08/Woodlands-Freight-03-e1472479153700.jpg</main_image>
</document>
