<?xml version="1.0" encoding="UTF-8"?>
<document>
<type>mainstream</type>
<forum>http://news.nigeriannation.com/feed/</forum>
<forum_title>NigerianNation.com News</forum_title>
<discussion_title>Willy Wonka Star, Gene Wilder, Dies At 83</discussion_title>
<language>english</language>
<gmt_offset></gmt_offset>
<topic_url>http://news.nigeriannation.com/willy-wonka-star-gene-wilder-dies-at-83/</topic_url>
<topic_text>
Home » News » Willy Wonka Star, Gene Wilder, Dies At 83 Willy Wonka Star, Gene Wilder, Dies At 83 in News 1 hour ago 
Popular American comic actor, Gene Wilder, has died at the age of 83. Mr Wilder’s family confirmed that he died on Sunday in Stamford, a city in Connecticut in the United States. He was said to have died as a result of complications from Alzheimer’s disease. The comic actor had earlier been diagnosed with non-Hodgkins … Continue reading Willy Wonka Star, Gene Wilder, Dies At 83
</topic_text>
<spam_score>0.00</spam_score>
<post_num>1</post_num>
<post_id>post-1</post_id>
<post_url>http://news.nigeriannation.com/willy-wonka-star-gene-wilder-dies-at-83/</post_url>
<post_date>20160829</post_date>
<post_time>2142</post_time>
<username>NigerianNation</username>
<post>
Home » News » Willy Wonka Star, Gene Wilder, Dies At 83 Willy Wonka Star, Gene Wilder, Dies At 83 in News 1 hour ago 
Popular American comic actor, Gene Wilder, has died at the age of 83. Mr Wilder’s family confirmed that he died on Sunday in Stamford, a city in Connecticut in the United States. He was said to have died as a result of complications from Alzheimer’s disease. The comic actor had earlier been diagnosed with non-Hodgkins … Continue reading Willy Wonka Star, Gene Wilder, Dies At 83
</post>
<signature>

</signature>
<external_links>

</external_links>
<country>US</country>
<main_image>https://s0.wp.com/i/blank.jpg</main_image>
</document>
