<?xml version="1.0" encoding="UTF-8"?>
<document>
<type>mainstream</type>
<forum>http://www.arabianbusiness.com/?service=rss</forum>
<forum_title>Arabian Business - Home</forum_title>
<discussion_title>Dubai&apos;s Emirates Islamic Bank prices $250m sukuk tap</discussion_title>
<language>english</language>
<gmt_offset></gmt_offset>
<topic_url>http://www.arabianbusiness.com/dubai-s-emirates-islamic-bank-prices-250m-sukuk-tap-644014.html</topic_url>
<topic_text>
Dubai&apos;s Emirates Islamic Bank prices $250m sukuk tap By Tuesday, 30 August 2016 6:52 PM 
Dubai-based Emirates Islamic Bank has priced a $250 million tap of an existing Islamic bond issued in May, the lender said on Tuesday. 
The tap was priced at 170 basis points over midswaps, the bank said in a statement, adding the funds were raised from investors in the Gulf, Asia and Europe. The order book was worth $706 million. 
Under a tap transaction, a &apos;new&apos; deal is issued which is, in effect, a copy of an existing bond with the same terms and conditions. However, the pricing is usually adjusted to reflect current market conditions. 
Emirates Islamic&apos;s tap came off a $750 million five-year sukuk issued on May 23. That deal was priced at 220 bps over midswaps and carried a coupon of 3.542 percent. 
The bank&apos;s Chief Executive Jamal bin Ghalaita said the tap allowed the lender to benefit from cheaper funds available in the current market conditions, adding the cash would support its long-term growth and development plans. 
The sharia-compliant bank, owned by Dubai&apos;s largest lender Emirates NBD, said Bank ABC, Dubai Islamic Bank, EMCAP and Standard Chartered arranged the new offering.
</topic_text>
<spam_score>0.00</spam_score>
<post_num>1</post_num>
<post_id>post-1</post_id>
<post_url>http://www.arabianbusiness.com/dubai-s-emirates-islamic-bank-prices-250m-sukuk-tap-644014.html</post_url>
<post_date>20160830</post_date>
<post_time>1452</post_time>
<username></username>
<post>
Dubai&apos;s Emirates Islamic Bank prices $250m sukuk tap By Tuesday, 30 August 2016 6:52 PM 
Dubai-based Emirates Islamic Bank has priced a $250 million tap of an existing Islamic bond issued in May, the lender said on Tuesday. 
The tap was priced at 170 basis points over midswaps, the bank said in a statement, adding the funds were raised from investors in the Gulf, Asia and Europe. The order book was worth $706 million. 
Under a tap transaction, a &apos;new&apos; deal is issued which is, in effect, a copy of an existing bond with the same terms and conditions. However, the pricing is usually adjusted to reflect current market conditions. 
Emirates Islamic&apos;s tap came off a $750 million five-year sukuk issued on May 23. That deal was priced at 220 bps over midswaps and carried a coupon of 3.542 percent. 
The bank&apos;s Chief Executive Jamal bin Ghalaita said the tap allowed the lender to benefit from cheaper funds available in the current market conditions, adding the cash would support its long-term growth and development plans. 
The sharia-compliant bank, owned by Dubai&apos;s largest lender Emirates NBD, said Bank ABC, Dubai Islamic Bank, EMCAP and Standard Chartered arranged the new offering.
</post>
<signature>

</signature>
<external_links>

</external_links>
<country>US</country>
<main_image>http://www.arabianbusiness.com/incoming/article514408.ece/BINARY/Emirates_Islamic_Bank.jpg</main_image>
</document>
