<?xml version="1.0" encoding="UTF-8"?>
<document>
<type>mainstream</type>
<forum></forum>
<forum_title></forum_title>
<discussion_title>Brazil&apos;s lack of secure property rights stoking conflict, deterring investment: report</discussion_title>
<language>english</language>
<gmt_offset></gmt_offset>
<topic_url>http://www.philly.com/philly/wires/reuters/business/economy/391766201.html</topic_url>
<topic_text>
Brazil&apos;s lack of secure property rights stoking conflict, deterring investment: report Updated: August 30, 2016 — 1:36 PM EDT Share Reuters 
By Chris Arsenault 
RIO DE JANEIRO (Thomson Reuters Foundation) - In Brazil&apos;s Amazon where no-one knows who exactly owns a swathe of territory the size of Ukraine, a lack of formal property deeds is causing conflict, greater deforestation and environmental damage, researchers said on Tuesday. 
An area of 60 million hectares in Brazil&apos;s Amazonas state, 40 percent of the state&apos;s total area, is classified as vacant public land and lacks formal title deeds, the Climate Policy Initiative (CPI) said. 
Without clear titles proving land ownership, farmers have less incentive to make new investments, improve productivity or protect the environment, said the CPI, a San Francisco-based group with operations in Rio de Janeiro. 
&quot;There are consequences for the climate, the environment and the economy due to this lack of land tenure,&quot; CPI project manager Rita Damasceno told the Thomson Reuters Foundation. 
&quot;People are actually dying because of this issue.&quot; 
A lack of property rights have led to more than 15,000 land-related conflicts over the past 20 years in Brazil, leading to more than 700 deaths, the report said. 
In 2014 alone, nearly 100,000 families were affected by land conflicts covering an area of more than eight million hectares. 
When it comes to securing land rights, Brazil ranked 64 out of 128 nations on the 2016 International Property Rights Index. 
The lack of a central, integrated database of who owns different pieces of land in Latin America&apos;s largest country is part of the reason for Brazil&apos;s poor score, the CPI said. 
It also said that 11 federal government bodies were responsible for administering different aspects of land property rights leading to an inefficient system. 
The lack of secure property rights was most acute in the Amazon and other rural areas, the report said. 
In the Brazilian states of Para and Piaui fewer than half of rural properties are formally registered with the government, deterring farmers from ploughing money into their land and curbing efforts to fight poverty and boost economic growth, it said. 
Brazilian officials have made some progress in improving land rights in recent years through the Legal Land Program which has provided about 20,000 title deeds to Amazon farmers, the CPI said. 
Communication between officials at different government agencies responsible for registering land has also improved, Damasceno said, although progress has been slow. 
(Reporting by Chris Arsenault; Editing by Katie Nguyen; Please credit the Thomson Reuters Foundation, the charitable arm of Thomson Reuters, that covers humanitarian news, women&apos;s rights, trafficking and climate change. Visit news.trust.org) Published: August 30, 2016 — 1:36 PM EDT We encourage respectful comments but reserve the right to delete anything that doesn&apos;t contribute to an engaging dialogue Help us moderate this thread by flagging comments that violate our guidelines Help us learn more about Philly.com commenters. Click here to take this quick survey. Comment policy: 
Philly.com comments are intended to be civil, friendly conversations. Please treat other participants with respect and in a way that you would want to be treated. You are responsible for what you say. And please, stay on topic. If you see an objectionable post, please report it to us using the &quot;Report Abuse&quot; option. 
Please note that comments are monitored by Philly.com staff. We reserve the right at all times to remove any information or materials that are unlawful, threatening, abusive, libelous, defamatory, obscene, vulgar, pornographic, profane, indecent or otherwise objectionable. Personal attacks, especially on other participants, are not permitted. We reserve the right to permanently block any user who violates these terms and conditions. 
Additionally comments that are long, have multiple paragraph breaks, include code, or include hyperlinks may not be posted. 
</topic_text>
<spam_score>0.03</spam_score>
<post_num>1</post_num>
<post_id>post-1</post_id>
<post_url>http://www.philly.com/philly/wires/reuters/business/economy/391766201.html</post_url>
<post_date>20160830</post_date>
<post_time></post_time>
<username>Chris Arsenault</username>
<post>
Brazil&apos;s lack of secure property rights stoking conflict, deterring investment: report Updated: August 30, 2016 — 1:36 PM EDT Share Reuters 
By Chris Arsenault 
RIO DE JANEIRO (Thomson Reuters Foundation) - In Brazil&apos;s Amazon where no-one knows who exactly owns a swathe of territory the size of Ukraine, a lack of formal property deeds is causing conflict, greater deforestation and environmental damage, researchers said on Tuesday. 
An area of 60 million hectares in Brazil&apos;s Amazonas state, 40 percent of the state&apos;s total area, is classified as vacant public land and lacks formal title deeds, the Climate Policy Initiative (CPI) said. 
Without clear titles proving land ownership, farmers have less incentive to make new investments, improve productivity or protect the environment, said the CPI, a San Francisco-based group with operations in Rio de Janeiro. 
&quot;There are consequences for the climate, the environment and the economy due to this lack of land tenure,&quot; CPI project manager Rita Damasceno told the Thomson Reuters Foundation. 
&quot;People are actually dying because of this issue.&quot; 
A lack of property rights have led to more than 15,000 land-related conflicts over the past 20 years in Brazil, leading to more than 700 deaths, the report said. 
In 2014 alone, nearly 100,000 families were affected by land conflicts covering an area of more than eight million hectares. 
When it comes to securing land rights, Brazil ranked 64 out of 128 nations on the 2016 International Property Rights Index. 
The lack of a central, integrated database of who owns different pieces of land in Latin America&apos;s largest country is part of the reason for Brazil&apos;s poor score, the CPI said. 
It also said that 11 federal government bodies were responsible for administering different aspects of land property rights leading to an inefficient system. 
The lack of secure property rights was most acute in the Amazon and other rural areas, the report said. 
In the Brazilian states of Para and Piaui fewer than half of rural properties are formally registered with the government, deterring farmers from ploughing money into their land and curbing efforts to fight poverty and boost economic growth, it said. 
Brazilian officials have made some progress in improving land rights in recent years through the Legal Land Program which has provided about 20,000 title deeds to Amazon farmers, the CPI said. 
Communication between officials at different government agencies responsible for registering land has also improved, Damasceno said, although progress has been slow. 
(Reporting by Chris Arsenault; Editing by Katie Nguyen; Please credit the Thomson Reuters Foundation, the charitable arm of Thomson Reuters, that covers humanitarian news, women&apos;s rights, trafficking and climate change. Visit news.trust.org) Published: August 30, 2016 — 1:36 PM EDT We encourage respectful comments but reserve the right to delete anything that doesn&apos;t contribute to an engaging dialogue Help us moderate this thread by flagging comments that violate our guidelines Help us learn more about Philly.com commenters. Click here to take this quick survey. Comment policy: 
Philly.com comments are intended to be civil, friendly conversations. Please treat other participants with respect and in a way that you would want to be treated. You are responsible for what you say. And please, stay on topic. If you see an objectionable post, please report it to us using the &quot;Report Abuse&quot; option. 
Please note that comments are monitored by Philly.com staff. We reserve the right at all times to remove any information or materials that are unlawful, threatening, abusive, libelous, defamatory, obscene, vulgar, pornographic, profane, indecent or otherwise objectionable. Personal attacks, especially on other participants, are not permitted. We reserve the right to permanently block any user who violates these terms and conditions. 
Additionally comments that are long, have multiple paragraph breaks, include code, or include hyperlinks may not be posted. 
</post>
<signature>

</signature>
<external_links>

</external_links>
<country>US</country>
<main_image>http://media.philly.com/images/2016-08-30T173646Z_1_LYNXNPEC7T1DR_RTROPTP_3_ENVIRONMENT-DIVERSITY.JPG</main_image>
</document>
