<?xml version="1.0" encoding="UTF-8"?>
<document>
<type>mainstream</type>
<forum>http://www.arabianbusiness.com/?service=rss</forum>
<forum_title>Arabian Business - Home</forum_title>
<discussion_title>Saudi Arabia signs preliminary deals with China on prince&apos;s visit</discussion_title>
<language>english</language>
<gmt_offset></gmt_offset>
<topic_url>http://www.arabianbusiness.com/saudi-arabia-signs-preliminary-deals-with-china-on-prince-s-visit-643996.html</topic_url>
<topic_text>
Saudi Arabia signs preliminary deals with China on prince&apos;s visit Article Tuesday, 30 August 2016 4:35 PM 
Deputy Crown Prince Mohammed bin Salman. (Getty Images) 
Saudi Arabia signed 15 preliminary agreements with China on Tuesday in sectors from energy to housing on a trip headed by Deputy Crown Prince Mohammed bin Salman aimed at bolstering relations with a top energy customer and trade partner. 
The visit is part of a broad reform drive championed by the powerful prince to cut the kingdom&apos;s reliance on oil exports and showcase Saudi Arabia as a dynamic nation with diverse opportunities for global investors. 
Prince Mohammed met China&apos;s vice premier Zhang Gaoli on Tuesday, state news agency SPA reported. 
&quot;During the meeting, the strategic relationships and future opportunities to enhance the existing partnership between the Kingdom of Saudi Arabia and China were reviewed,&quot; SPA said. 
Fifteen memorandums of understanding (MoU) were later signed between the two nations in fields including oil storage, water resources, cooperation on science and technology, and cultural cooperation, SPA said. 
Among the MoUs was a plan for the two countries to cooperate in building 100,000 homes in the Asfar suburb of the eastern Saudi city of al-Ahsa. 
Saudi Arabia&apos;s Housing Ministry signed similar memorandums with South Korea and a Saudi-South Korean consortium in March to develop 100,000 housing units in northern Riyadh over 10 years. 
In April, Prince Mohammed launched radical economic reforms designed to develop non-oil industries in Saudi Arabia and attract billions of dollars of foreign investment. Chinese and Japanese banks and companies are expected to play major roles. 
Prince Mohammed arrived in China on Monday for talks on economic ties as well as security issues. He will then visit Japan from Aug. 31 to Sept. 3, meeting Prime Minister Shinzo Abe. 
From Japan, the prince will return to China to chair Saudi Arabia&apos;s delegation to the Sept. 4-5 summit of leaders of the world&apos;s 20 biggest economies in the eastern city of Hangzhou. 
A Saudi source familiar with the trip said Prince Mohammed would present to the G20 his economic reform plan, which envisages state spending of around 270 billion riyals ($72 billion) in the next five years on projects to diversify the economy. 
Prince Mohammed&apos;s father, King Salman, led the Saudi delegation to last year&apos;s G20 summit in Turkey. Heading this year&apos;s delegation would be a political boost for the 31-year-old prince, who rose to prominence when his father took the throne in January 2015. 
Saudi officials will also discuss energy cooperation agreements with Japan, the Saudi cabinet said last week. 
Saudi Arabia has traditionally accounted for most of Asia&apos;s crude imports, but the world&apos;s largest oil exporter has lost ground in a number of major markets including Russia and China, and faces a further threat from Iran, which is ramping up exports after the removal of Western sanctions. 
Under Prince Mohammed&apos;s economic reforms, Riyadh plans to sell a stake of less than 5 percent in national oil giant Saudi Aramco that could be worth tens of billions of dollars, and Chinese and Japanese money could prove crucial in smoothing the sale.
</topic_text>
<spam_score>0.00</spam_score>
<post_num>1</post_num>
<post_id>post-1</post_id>
<post_url>http://www.arabianbusiness.com/saudi-arabia-signs-preliminary-deals-with-china-on-prince-s-visit-643996.html</post_url>
<post_date>20160830</post_date>
<post_time>1235</post_time>
<username></username>
<post>
Saudi Arabia signs preliminary deals with China on prince&apos;s visit Article Tuesday, 30 August 2016 4:35 PM 
Deputy Crown Prince Mohammed bin Salman. (Getty Images) 
Saudi Arabia signed 15 preliminary agreements with China on Tuesday in sectors from energy to housing on a trip headed by Deputy Crown Prince Mohammed bin Salman aimed at bolstering relations with a top energy customer and trade partner. 
The visit is part of a broad reform drive championed by the powerful prince to cut the kingdom&apos;s reliance on oil exports and showcase Saudi Arabia as a dynamic nation with diverse opportunities for global investors. 
Prince Mohammed met China&apos;s vice premier Zhang Gaoli on Tuesday, state news agency SPA reported. 
&quot;During the meeting, the strategic relationships and future opportunities to enhance the existing partnership between the Kingdom of Saudi Arabia and China were reviewed,&quot; SPA said. 
Fifteen memorandums of understanding (MoU) were later signed between the two nations in fields including oil storage, water resources, cooperation on science and technology, and cultural cooperation, SPA said. 
Among the MoUs was a plan for the two countries to cooperate in building 100,000 homes in the Asfar suburb of the eastern Saudi city of al-Ahsa. 
Saudi Arabia&apos;s Housing Ministry signed similar memorandums with South Korea and a Saudi-South Korean consortium in March to develop 100,000 housing units in northern Riyadh over 10 years. 
In April, Prince Mohammed launched radical economic reforms designed to develop non-oil industries in Saudi Arabia and attract billions of dollars of foreign investment. Chinese and Japanese banks and companies are expected to play major roles. 
Prince Mohammed arrived in China on Monday for talks on economic ties as well as security issues. He will then visit Japan from Aug. 31 to Sept. 3, meeting Prime Minister Shinzo Abe. 
From Japan, the prince will return to China to chair Saudi Arabia&apos;s delegation to the Sept. 4-5 summit of leaders of the world&apos;s 20 biggest economies in the eastern city of Hangzhou. 
A Saudi source familiar with the trip said Prince Mohammed would present to the G20 his economic reform plan, which envisages state spending of around 270 billion riyals ($72 billion) in the next five years on projects to diversify the economy. 
Prince Mohammed&apos;s father, King Salman, led the Saudi delegation to last year&apos;s G20 summit in Turkey. Heading this year&apos;s delegation would be a political boost for the 31-year-old prince, who rose to prominence when his father took the throne in January 2015. 
Saudi officials will also discuss energy cooperation agreements with Japan, the Saudi cabinet said last week. 
Saudi Arabia has traditionally accounted for most of Asia&apos;s crude imports, but the world&apos;s largest oil exporter has lost ground in a number of major markets including Russia and China, and faces a further threat from Iran, which is ramping up exports after the removal of Western sanctions. 
Under Prince Mohammed&apos;s economic reforms, Riyadh plans to sell a stake of less than 5 percent in national oil giant Saudi Aramco that could be worth tens of billions of dollars, and Chinese and Japanese money could prove crucial in smoothing the sale.
</post>
<signature>

</signature>
<external_links>

</external_links>
<country>US</country>
<main_image>http://www.arabianbusiness.com/incoming/article635763.ece/BINARY/540912894.jpg</main_image>
</document>
