<?xml version="1.0" encoding="UTF-8"?>
<document>
<type>mainstream</type>
<forum>https://www.prbuzz.com/health-a-fitness.html</forum>
<forum_title>Health &amp;amp; Fitness</forum_title>
<discussion_title>Canadian Health and Care Mall Ensures Safety and Authenticity of Medications They Offer for Sale</discussion_title>
<language>english</language>
<gmt_offset></gmt_offset>
<topic_url>https://www.prbuzz.com/health-a-fitness/387562-canadian-health-and-care-mall-ensures-safety-and-authenticity-of-medications-they-offer-for-sale.html</topic_url>
<topic_text>
Buying medications on the web is not safe nowadays, because it is impossible to be sure about their quality. With hundreds of online pharmacies that keep emerging on the Internet these days, choosing the most reliable and credible ones seems close to impossible. Fortunately, such platforms as canadian health&amp;care mall help solve this problem for good.
Canadian Health and Care Mall is a trusted online Canada-based pharmacy, which is ready to ensure safety and authenticity of each medication they offer for sale. The site has already become popular with thousands of users, who have got used to buying medications on the web. The online pharmacy also known as my canadian pharmacy adheres to quality control systems for acceptance and storage of products, providing their customers with professional recommendations and tips on how to solve their health problems and feel better.
As of today, canadian health and care mall offers their clients a wide range of safe and affordable medications, which are subdivided into several categories to simplify the search at the website. Some of these categories include Men’s and Women’s Health, Pain Relief, Antibiotics, Antidepressants, Anxiety/Sleep Aid, Blood Pressure/Heart, Anti-Allergic, Weight Loss, Stop Smoking, Antidiabetic, Antiviral and General Health medications. The online pharmacy also offers convenient, quick and hassle-free transportation and delivery of the products purchased. What’s more, they are ready to ensure 100% confidentiality and safety of personal info of their clients.
Another thing that attracts the attention of users and encourages them to keep browsing through the website is the 24/7 telephone service, which makes it possible to get professional recommendations of qualified pharmaceutical workers any time of the day. The process of ordering and purchasing medications is quick, simple and easy-to-understand as well.
For more information, please, feel free to visit http://mycanadianhealthcaremall.com/
About the Company:
Canadian Health and Care Mall is a credible and reputable online pharmacy, which is located in Canada. It offers a broad range of high quality and safe medications, which are subdivided into several categories for users’ convenience and ease of search. All drugs the store offers for sale are affordable and certified. The web-based pharmacy also ensures fast and safe transportation and delivery, while 24/7 customer support service makes it possible to get qualified assistance any time of the day.
Contact Info:
Address: 4170 Still Creek Dr., Burnaby, BC V5C 6C6 Canada
E-mail: This email address is being protected from spambots. You need JavaScript enabled to view it.
Facebook: https://www.facebook.com/My-Canadian-Health-Care-Mall-672821622875365/
Twitter: https://twitter.com/canadahcaremall
Website: http://mycanadianhealthcaremall.com/
</topic_text>
<spam_score>0.90</spam_score>
<post_num>1</post_num>
<post_id>post-1</post_id>
<post_url>https://www.prbuzz.com/health-a-fitness/387562-canadian-health-and-care-mall-ensures-safety-and-authenticity-of-medications-they-offer-for-sale.html</post_url>
<post_date>20160831</post_date>
<post_time></post_time>
<username>prbuzz.com</username>
<post>
Buying medications on the web is not safe nowadays, because it is impossible to be sure about their quality. With hundreds of online pharmacies that keep emerging on the Internet these days, choosing the most reliable and credible ones seems close to impossible. Fortunately, such platforms as canadian health&amp;care mall help solve this problem for good.
Canadian Health and Care Mall is a trusted online Canada-based pharmacy, which is ready to ensure safety and authenticity of each medication they offer for sale. The site has already become popular with thousands of users, who have got used to buying medications on the web. The online pharmacy also known as my canadian pharmacy adheres to quality control systems for acceptance and storage of products, providing their customers with professional recommendations and tips on how to solve their health problems and feel better.
As of today, canadian health and care mall offers their clients a wide range of safe and affordable medications, which are subdivided into several categories to simplify the search at the website. Some of these categories include Men’s and Women’s Health, Pain Relief, Antibiotics, Antidepressants, Anxiety/Sleep Aid, Blood Pressure/Heart, Anti-Allergic, Weight Loss, Stop Smoking, Antidiabetic, Antiviral and General Health medications. The online pharmacy also offers convenient, quick and hassle-free transportation and delivery of the products purchased. What’s more, they are ready to ensure 100% confidentiality and safety of personal info of their clients.
Another thing that attracts the attention of users and encourages them to keep browsing through the website is the 24/7 telephone service, which makes it possible to get professional recommendations of qualified pharmaceutical workers any time of the day. The process of ordering and purchasing medications is quick, simple and easy-to-understand as well.
For more information, please, feel free to visit http://mycanadianhealthcaremall.com/
About the Company:
Canadian Health and Care Mall is a credible and reputable online pharmacy, which is located in Canada. It offers a broad range of high quality and safe medications, which are subdivided into several categories for users’ convenience and ease of search. All drugs the store offers for sale are affordable and certified. The web-based pharmacy also ensures fast and safe transportation and delivery, while 24/7 customer support service makes it possible to get qualified assistance any time of the day.
Contact Info:
Address: 4170 Still Creek Dr., Burnaby, BC V5C 6C6 Canada
E-mail: This email address is being protected from spambots. You need JavaScript enabled to view it.
Facebook: https://www.facebook.com/My-Canadian-Health-Care-Mall-672821622875365/
Twitter: https://twitter.com/canadahcaremall
Website: http://mycanadianhealthcaremall.com/
</post>
<signature>

</signature>
<external_links>
<external_link>http://mycanadianhealthcaremall.com/</external_link><external_link>https://www.facebook.com/My-Canadian-Health-Care-Mall-672821622875365/</external_link><external_link>https://twitter.com/canadahcaremall</external_link>
</external_links>
<country>US</country>
<main_image></main_image>
</document>
