<?xml version="1.0" encoding="UTF-8"?>
<document>
<type>mainstream</type>
<forum>http://www.bignewsnetwork.com/index.php/nav/rss/b9f388ba82df9ba1</forum>
<forum_title>Latest Big News Network RSS Feeds</forum_title>
<discussion_title>Emirates flight forced to return to Maldives after take-off</discussion_title>
<language>english</language>
<gmt_offset></gmt_offset>
<topic_url>http://www.bignewsnetwork.com/news/247208685/emirates-flight-forced-to-return-to-maldives-after-take-off</topic_url>
<topic_text>
The National Wednesday 31st August, 2016 DUBAI // An Emirates flight from Male to Dubai on Tuesday returned to Male shortly after take-off because of a technical issue. &quot;The aircraft landed and passengers safely disembarked,&quot; said an Emirates spokeswoman. &quot;Passengers have been provided [with] refreshments at the terminal while a recovery flight is arranged from Dubai to operate the delayed EK653 service from Male.&quot; EK653 is scheduled to depart Male, the capital of the Maldives, at 5.30pm (local time) . ...
</topic_text>
<spam_score>0.00</spam_score>
<post_num>1</post_num>
<post_id>post-1</post_id>
<post_url>http://www.bignewsnetwork.com/news/247208685/emirates-flight-forced-to-return-to-maldives-after-take-off</post_url>
<post_date>20160830</post_date>
<post_time>1651</post_time>
<username></username>
<post>
The National Wednesday 31st August, 2016 DUBAI // An Emirates flight from Male to Dubai on Tuesday returned to Male shortly after take-off because of a technical issue. &quot;The aircraft landed and passengers safely disembarked,&quot; said an Emirates spokeswoman. &quot;Passengers have been provided [with] refreshments at the terminal while a recovery flight is arranged from Dubai to operate the delayed EK653 service from Male.&quot; EK653 is scheduled to depart Male, the capital of the Maldives, at 5.30pm (local time) . ...
</post>
<signature>

</signature>
<external_links>

</external_links>
<country>US</country>
<main_image>http://static.bignewsnetwork.com/bignewsnetwork/big-news-network-slogan.jpg</main_image>
</document>
