<?xml version="1.0" encoding="UTF-8"?>
<document>
<type>mainstream</type>
<forum>http://www.bignewsnetwork.com/index.php/nav/rss/b9f388ba82df9ba1</forum>
<forum_title>Latest Big News Network RSS Feeds</forum_title>
<discussion_title>Emirates Transport to introduce 343 new school buses this academic year</discussion_title>
<language>english</language>
<gmt_offset></gmt_offset>
<topic_url>http://www.bignewsnetwork.com/news/247208699/emirates-transport-to-introduce-343-new-school-buses-this-academic-year</topic_url>
<topic_text>
The National Wednesday 31st August, 2016 ABU DHABI // Pupils are to benefit from almost 350 new school buses being introduced by Emirates Transport this new academic year to modernise its fleet, a senior official has said. At present 234,000 public and private pupils across the country travel to 727 schools each day on 5,240 Emirates Transport buses, with 5,072 drivers and 4,200 supervisors on board. The 343 new buses will help upgrade the fleet. ...
</topic_text>
<spam_score>0.00</spam_score>
<post_num>1</post_num>
<post_id>post-1</post_id>
<post_url>http://www.bignewsnetwork.com/news/247208699/emirates-transport-to-introduce-343-new-school-buses-this-academic-year</post_url>
<post_date>20160830</post_date>
<post_time>1651</post_time>
<username></username>
<post>
The National Wednesday 31st August, 2016 ABU DHABI // Pupils are to benefit from almost 350 new school buses being introduced by Emirates Transport this new academic year to modernise its fleet, a senior official has said. At present 234,000 public and private pupils across the country travel to 727 schools each day on 5,240 Emirates Transport buses, with 5,072 drivers and 4,200 supervisors on board. The 343 new buses will help upgrade the fleet. ...
</post>
<signature>

</signature>
<external_links>

</external_links>
<country>US</country>
<main_image>http://static.bignewsnetwork.com/bignewsnetwork/big-news-network-slogan.jpg</main_image>
</document>
