<?xml version="1.0" encoding="UTF-8"?>
<document>
<type>mainstream</type>
<forum>http://www.deseretnews.com/world-nation/index.rss</forum>
<forum_title>U.S. &amp; World News | Deseret News</forum_title>
<discussion_title>Love, Owens campaign commercials already airing</discussion_title>
<language>english</language>
<gmt_offset></gmt_offset>
<topic_url>http://www.deseretnews.com/article/865661390/Love-Owens-campaign-commercials-already-airing.html?pg=all</topic_url>
<topic_text>
Published: Tuesday, Aug. 30 2016 6:25 p.m. MDT Updated: 13 minutes ago FILE: Big money is already being spent on TV commercials in the 4th Congressional District rematch between Rep. Mia Love, R-Utah, and her Democratic challenger, Doug Owens. Composite photo, Deseret News Enlarge photo» Summary 
Big money is already being spent on TV commercials in the 4th Congressional District rematch between Rep. Mia Love, R-Utah, and her Democratic challenger, Doug Owens. 
SALT LAKE CITY — Big money is already being spent on TV commercials in the 4th Congressional District rematch between Rep. Mia Love, R-Utah, and her Democratic challenger, Doug Owens. 
So far, Love has bought more than $1.6 million in air time through the Nov. 8 election, and Owens has spent nearly $700,000 for commercials that began showing up on Utah TV stations Tuesday. 
While candidates typically wait until after Labor Day to run TV commercials, Love&apos;s campaign manager, Dave Hansen, said the first-term congresswoman decided to hit the airwaves a week sooner than planned. 
&quot;We have the money to start earlier,&quot; Hansen said. Plus, he said the campaign wants to get ahead of what will likely be a &quot;lot more clutter in campaign ads&quot; from candidates in other races, including for governor and president. 
&quot;This will get intense. The thing about it is, there are going to be a lot of races out there,&quot; Hansen said. &quot;People will get tired of politics in general, as they always do.&quot; 
Owens&apos; spokesman, Taylor Morgan, said in a statement that &quot;Utahns are fed up with politicians who are more interested in the perks of office than in serving the people who elected them. Voters are responding to Doug&apos;s message of putting Utah first, and we&apos;re working hard to share that message with as many voters as possible.&quot; 
Love&apos;s commercial features supporters touting her as a &quot;fighter&quot; and as a &quot;sincere,&quot; &quot;genuine,&quot; &quot;straight shooter,&quot; and &quot;bipartisan&quot; representative who has protected jobs, encouraged local control of schools and helped veterans and their families. 
In his commercial, Owens reflects on his pioneer heritage, describing how his great-grandfather journeyed with hundreds of others &quot;and worked together to build our state. That&apos;s still how we get things done in Utah,&quot; unlike Washington politicians. 
In 2014, Owens came within 5 percentage points of defeating Love for the seat that had been held by now-retired Rep. Jim Matheson, the last Democrat to serve in Congress from Utah. 
This year&apos;s race has been declared a toss-up by several national political rating agencies. A poll conducted in July and August by Dan Jones &amp; Associates for UtahPolicy.com gave Love a 13-point lead over Owens. Email: 
Twitter: DNewsPolitics Recommended Stories
</topic_text>
<spam_score>0.00</spam_score>
<post_num>1</post_num>
<post_id>post-1</post_id>
<post_url>http://www.deseretnews.com/article/865661390/Love-Owens-campaign-commercials-already-airing.html?pg=all</post_url>
<post_date>20160831</post_date>
<post_time>0027</post_time>
<username></username>
<post>
Published: Tuesday, Aug. 30 2016 6:25 p.m. MDT Updated: 13 minutes ago FILE: Big money is already being spent on TV commercials in the 4th Congressional District rematch between Rep. Mia Love, R-Utah, and her Democratic challenger, Doug Owens. Composite photo, Deseret News Enlarge photo» Summary 
Big money is already being spent on TV commercials in the 4th Congressional District rematch between Rep. Mia Love, R-Utah, and her Democratic challenger, Doug Owens. 
SALT LAKE CITY — Big money is already being spent on TV commercials in the 4th Congressional District rematch between Rep. Mia Love, R-Utah, and her Democratic challenger, Doug Owens. 
So far, Love has bought more than $1.6 million in air time through the Nov. 8 election, and Owens has spent nearly $700,000 for commercials that began showing up on Utah TV stations Tuesday. 
While candidates typically wait until after Labor Day to run TV commercials, Love&apos;s campaign manager, Dave Hansen, said the first-term congresswoman decided to hit the airwaves a week sooner than planned. 
&quot;We have the money to start earlier,&quot; Hansen said. Plus, he said the campaign wants to get ahead of what will likely be a &quot;lot more clutter in campaign ads&quot; from candidates in other races, including for governor and president. 
&quot;This will get intense. The thing about it is, there are going to be a lot of races out there,&quot; Hansen said. &quot;People will get tired of politics in general, as they always do.&quot; 
Owens&apos; spokesman, Taylor Morgan, said in a statement that &quot;Utahns are fed up with politicians who are more interested in the perks of office than in serving the people who elected them. Voters are responding to Doug&apos;s message of putting Utah first, and we&apos;re working hard to share that message with as many voters as possible.&quot; 
Love&apos;s commercial features supporters touting her as a &quot;fighter&quot; and as a &quot;sincere,&quot; &quot;genuine,&quot; &quot;straight shooter,&quot; and &quot;bipartisan&quot; representative who has protected jobs, encouraged local control of schools and helped veterans and their families. 
In his commercial, Owens reflects on his pioneer heritage, describing how his great-grandfather journeyed with hundreds of others &quot;and worked together to build our state. That&apos;s still how we get things done in Utah,&quot; unlike Washington politicians. 
In 2014, Owens came within 5 percentage points of defeating Love for the seat that had been held by now-retired Rep. Jim Matheson, the last Democrat to serve in Congress from Utah. 
This year&apos;s race has been declared a toss-up by several national political rating agencies. A poll conducted in July and August by Dan Jones &amp; Associates for UtahPolicy.com gave Love a 13-point lead over Owens. Email: 
Twitter: DNewsPolitics Recommended Stories
</post>
<signature>

</signature>
<external_links>

</external_links>
<country>US</country>
<main_image>http://img.deseretnews.com/images/article/hires/1733584/1733584.jpg</main_image>
</document>
