<?xml version="1.0" encoding="UTF-8"?>
<document>
<type>mainstream</type>
<forum>http://bergisches-handelsblatt.de/images/rss/bhb-bergisch-gladbach.rss</forum>
<forum_title>Bergisch Gladbach</forum_title>
<discussion_title>Reitsporttalente - RV Hebborner Hof begeisterte beim Nachwuchswettbewerb</discussion_title>
<language>german</language>
<gmt_offset></gmt_offset>
<topic_url>http://www.bergisches-handelsblatt.de/rag-bhb/docs/1357867/bergisch-gladbach</topic_url>
<topic_text>
RV Hebborner Hof begeisterte beim Nachwuchswettbewerb Foto: RV Hebborner Hof 
Bergisch Gladbach (vsch). Traditionell findet im Rahmen der Rheinischen Meisterschaften des Pferdesportverbandes Rheinland in Langenfeld auch eine Qualifikationsprüfung für das Jugendvereinschampionat Rheinland statt. 
In der Dressur gingen neun Mannschaften an den Start, um wichtige Punkte für die Gesamtwertung zu sammeln. Zum ersten Mal war auch eine Mannschaft des RV Hebborner Hof vertreten. Unter der Leitung von Mannschaftsführerin Alexandra Beggerow feierte das Team mit Lena Sahler, Rebecca Franz, Clara Beggerow und Leonie Hommelsheim einen Einstand nach Maß, sie gewannen die Mannschaftsdressurprüfung der Klasse A. 
Die zweite Springmannschaft des RV Hebborner Hof blieb im Parcours fehlerfrei und legten schnelle Runden hin: Tess Viktoria Ley, Clara Beggerow und Sabrina Busch wurden als Team mit Gold belohnt. 
Auf den Bronzerang im Jugend-Vereins-Championat Rheinland kam bei der Qualifikation in Langenfeld die erste Mannschaft des RV Hebborner Hof: Marlena Marquardt, Philip Hofmann und Inka Wißkirchen. Letzte Änderung: Dienstag, 30.08.2016 13:31 Uhr
</topic_text>
<spam_score>0.00</spam_score>
<post_num>1</post_num>
<post_id>post-1</post_id>
<post_url>http://www.bergisches-handelsblatt.de/rag-bhb/docs/1357867/bergisch-gladbach</post_url>
<post_date>20160830</post_date>
<post_time>1131</post_time>
<username></username>
<post>
RV Hebborner Hof begeisterte beim Nachwuchswettbewerb Foto: RV Hebborner Hof 
Bergisch Gladbach (vsch). Traditionell findet im Rahmen der Rheinischen Meisterschaften des Pferdesportverbandes Rheinland in Langenfeld auch eine Qualifikationsprüfung für das Jugendvereinschampionat Rheinland statt. 
In der Dressur gingen neun Mannschaften an den Start, um wichtige Punkte für die Gesamtwertung zu sammeln. Zum ersten Mal war auch eine Mannschaft des RV Hebborner Hof vertreten. Unter der Leitung von Mannschaftsführerin Alexandra Beggerow feierte das Team mit Lena Sahler, Rebecca Franz, Clara Beggerow und Leonie Hommelsheim einen Einstand nach Maß, sie gewannen die Mannschaftsdressurprüfung der Klasse A. 
Die zweite Springmannschaft des RV Hebborner Hof blieb im Parcours fehlerfrei und legten schnelle Runden hin: Tess Viktoria Ley, Clara Beggerow und Sabrina Busch wurden als Team mit Gold belohnt. 
Auf den Bronzerang im Jugend-Vereins-Championat Rheinland kam bei der Qualifikation in Langenfeld die erste Mannschaft des RV Hebborner Hof: Marlena Marquardt, Philip Hofmann und Inka Wißkirchen. Letzte Änderung: Dienstag, 30.08.2016 13:31 Uhr
</post>
<signature>

</signature>
<external_links>

</external_links>
<country>DE</country>
<main_image>http://www.bergisches-handelsblatt.de/images/248810/248820/252165/255234/255235/1357538/1357869_thumb.jpg</main_image>
</document>
