<?xml version="1.0" encoding="UTF-8"?>
<document>
<type>mainstream</type>
<forum>http://www.arabianbusiness.com/?service=rss</forum>
<forum_title>Arabian Business - Home</forum_title>
<discussion_title>Fire breaks out at Abu Dhabi high-rise construction site</discussion_title>
<language>english</language>
<gmt_offset></gmt_offset>
<topic_url>http://www.arabianbusiness.com/fire-breaks-out-at-abu-dhabi-high-rise-construction-site-643980.html</topic_url>
<topic_text>
Fire breaks out at Abu Dhabi high-rise construction site Article By Tuesday, 30 August 2016 2:41 PM 
Fire swept through a 28-storey skyscraper under construction in Abu Dhabi on Tuesday and injured 13 people, the latest in a series of blazes to hit tall buildings in the United Arab Emirates over the last 18 months. 
Thick black smoke billowed from the top 20 floors of the almost-completed commercial building in the UAE&apos;s capital. Firefighters, overseen by helicopters, were working to put the blaze out two hours after it started, witnesses said. 
Civil defence personnel helped construction workers in the building, as well as guests and staff at an adjacent luxury hotel, evacuate with no serious injuries, the witnesses said. 
Ten of those injured were civil defence and other emergency personnel, according to a statement carried by state news agency WAM. 
The WAM report quoted the head of Abu Dhabi&apos;s civil defence department as saying that investigations to determine the cause of the fire were still in progress. 
Early this month, a fire damaged part of a multi-storey building under construction in Dubai. In July a fire broke out in the residential 75-storey Sulafa Tower in Dubai&apos;s upscale Marina District, while on New Year&apos;s Eve a blaze hit a Dubai hotel and in February 2015 there was a fire at a 79-storey residential tower in the emirate. 
In some of those cases, experts said the flames may have been encouraged to spread by exterior cladding, used for decoration or insulation. The UAE revised its building safety code in 2013 to require that cladding on all new buildings over 15 metres (50 feet) tall be fire-resistant; but older buildings are exempt.
</topic_text>
<spam_score>0.00</spam_score>
<post_num>1</post_num>
<post_id>post-1</post_id>
<post_url>http://www.arabianbusiness.com/fire-breaks-out-at-abu-dhabi-high-rise-construction-site-643980.html</post_url>
<post_date>20160830</post_date>
<post_time>1041</post_time>
<username></username>
<post>
Fire breaks out at Abu Dhabi high-rise construction site Article By Tuesday, 30 August 2016 2:41 PM 
Fire swept through a 28-storey skyscraper under construction in Abu Dhabi on Tuesday and injured 13 people, the latest in a series of blazes to hit tall buildings in the United Arab Emirates over the last 18 months. 
Thick black smoke billowed from the top 20 floors of the almost-completed commercial building in the UAE&apos;s capital. Firefighters, overseen by helicopters, were working to put the blaze out two hours after it started, witnesses said. 
Civil defence personnel helped construction workers in the building, as well as guests and staff at an adjacent luxury hotel, evacuate with no serious injuries, the witnesses said. 
Ten of those injured were civil defence and other emergency personnel, according to a statement carried by state news agency WAM. 
The WAM report quoted the head of Abu Dhabi&apos;s civil defence department as saying that investigations to determine the cause of the fire were still in progress. 
Early this month, a fire damaged part of a multi-storey building under construction in Dubai. In July a fire broke out in the residential 75-storey Sulafa Tower in Dubai&apos;s upscale Marina District, while on New Year&apos;s Eve a blaze hit a Dubai hotel and in February 2015 there was a fire at a 79-storey residential tower in the emirate. 
In some of those cases, experts said the flames may have been encouraged to spread by exterior cladding, used for decoration or insulation. The UAE revised its building safety code in 2013 to require that cladding on all new buildings over 15 metres (50 feet) tall be fire-resistant; but older buildings are exempt.
</post>
<signature>

</signature>
<external_links>

</external_links>
<country>US</country>
<main_image>http://www.arabianbusiness.com/incoming/article644012.ece/BINARY/abu_dhabi_fire.jpg</main_image>
</document>
