<?xml version="1.0" encoding="UTF-8"?>
<document>
<type>mainstream</type>
<forum></forum>
<forum_title></forum_title>
<discussion_title>AP Source: Indians, Athletics agree to trade Coco Crisp</discussion_title>
<language>english</language>
<gmt_offset></gmt_offset>
<topic_url>http://www.philly.com/philly/wires/ap/sports/391811331.html</topic_url>
<topic_text>
AP Source: Indians, Athletics agree to trade Coco Crisp Updated: August 30, 2016 — 7:20 PM EDT Share The Associated Press 
CLEVELAND (AP) - Coco Crisp is headed back to his first baseball home. 
The switch-hitting outfielder is on the verge of returning to the Cleveland Indians, who have agreed in principle to a trade with the Oakland Athletics, a person familiar with the deal told The Associated Press on Tuesday night. Major League Baseball still must approve the deal, said the person who spoke on condition of anonymity. 
The trade would have to be official by Wednesday for the 36-year-old Crisp to be eligible for the postseason. The Indians entered Tuesday leading the AL Central by 4 1/2 games. 
Crisp spent his first four seasons in the majors with the Indians, becoming a fan favorite because of his catchy name, hustle and happy-go-lucky attitude. Cleveland traded him following the 2005 season to Boston. 
With left fielder Michael Brantley done for the season following surgery and Abraham Almonte ineligible for the playoffs following a PED suspension, the Indians have been looking for outfield depth over the season&apos;s final month - and perhaps into October. 
Crisp is batting .234 with 11 homers and 47 RBIs in 102 games this season for the A&apos;s, who are in last place in the AL West. 
He previously played for Indians manager Terry Francona with the Red Sox. Crisp has plenty of playoff experience, appearing in 31 postseason games and one World Series. 
A .266 career hitter, Crisp has been with Oakland since 2010. Published: 
</topic_text>
<spam_score>0.10</spam_score>
<post_num>1</post_num>
<post_id>post-1</post_id>
<post_url>http://www.philly.com/philly/wires/ap/sports/391811331.html</post_url>
<post_date>20160830</post_date>
<post_time></post_time>
<username>Tom Withers</username>
<post>
AP Source: Indians, Athletics agree to trade Coco Crisp Updated: August 30, 2016 — 7:20 PM EDT Share The Associated Press 
CLEVELAND (AP) - Coco Crisp is headed back to his first baseball home. 
The switch-hitting outfielder is on the verge of returning to the Cleveland Indians, who have agreed in principle to a trade with the Oakland Athletics, a person familiar with the deal told The Associated Press on Tuesday night. Major League Baseball still must approve the deal, said the person who spoke on condition of anonymity. 
The trade would have to be official by Wednesday for the 36-year-old Crisp to be eligible for the postseason. The Indians entered Tuesday leading the AL Central by 4 1/2 games. 
Crisp spent his first four seasons in the majors with the Indians, becoming a fan favorite because of his catchy name, hustle and happy-go-lucky attitude. Cleveland traded him following the 2005 season to Boston. 
With left fielder Michael Brantley done for the season following surgery and Abraham Almonte ineligible for the playoffs following a PED suspension, the Indians have been looking for outfield depth over the season&apos;s final month - and perhaps into October. 
Crisp is batting .234 with 11 homers and 47 RBIs in 102 games this season for the A&apos;s, who are in last place in the AL West. 
He previously played for Indians manager Terry Francona with the Red Sox. Crisp has plenty of playoff experience, appearing in 31 postseason games and one World Series. 
A .266 career hitter, Crisp has been with Oakland since 2010. Published: 
</post>
<signature>

</signature>
<external_links>

</external_links>
<country>US</country>
<main_image>http://media.philly.com/designimages/pcom-FB.jpg</main_image>
</document>
