<?xml version="1.0" encoding="UTF-8"?>
<document>
<type>mainstream</type>
<forum></forum>
<forum_title></forum_title>
<discussion_title>Gene Wilder Talks &apos;Willy Wonka&apos; Remake, Why He Stopped Acting in Last Major Interview</discussion_title>
<language>english</language>
<gmt_offset></gmt_offset>
<topic_url>http://www.philly.com/philly/entertainment/movies/20160830_Reuters_tagreuterscom2016newsmlMT1VRT1201847906_Gene_Wilder_Talks__Willy_Wonka__Remake__Why_He_Stopped_Acting_in_Last_Major_Interview.html</topic_url>
<topic_text>
Gene Wilder Talks &apos;Willy Wonka&apos; Remake, Why He Stopped Acting in Last Major Interview Updated: August 30, 2016 — 6:27 PM EDT Share Variety Media, LLC 
By Arya Roshanian 
LOS ANGELES (Variety.com) - Gene Wilder lived out of the spotlight and evaded the media up until the end of his life, making his interviews few and far between. 
Wilder, who died on Monday at age 83 from complications of Alzheimer&apos;s Disease, gave his last major interview on June 12, 2013, to Turner Classic Movies. The iconic interview, which took place a day after his 80th birthday, would serve as one of Wilder&apos;s last public appearances. While speaking with host Robert Osborne, Wilder discussed his career and filmography, working with Mel Brooks and Richard Pryor, and why he stopped acting. 
Related Actor Who Played Charlie in &apos;Willy Wonka&apos; on Gene Wilder Death: &apos;It&apos;s Like Losing a Parent&apos; 
&quot;Once in a while, there was a nice, good film, but not very many,&quot; he said. &quot;If something comes along that&apos;s really good and I think I would be good for it, I&apos;d be happy to do it. But not too many came along. I mean, they came along for the first, I don&apos;t know, 15, 18 films, but I didn&apos;t do that many. But then I didn&apos;t want to do the kind of junk I was seeing. I didn&apos;t want to do 3D, for instance. I didn&apos;t want to do ones where it&apos;s just bombing and loud and swearing. So much swearing going on. If someone says &apos;Ah, go f-- yourself,&apos; well, if it came from a meaningful place, I&apos;d understand it. But if you go to some movies, can&apos;t they just stop and talk, just talk, instead of swearing? That put me off a lot.&quot; 
Wilder also stated that he &quot;doesn&apos;t think [he&apos;s] that funny,&quot; claiming it&apos;s a common misconception many fans have about him. When asked who his favorite comedic actors or filmmakers were, Wilder noted his appreciation for Woody Allen&apos;s comedies. 
Related Gene Wilder: A Master of Timing Who Radiated With Comedic Energy 
&quot;I don&apos;t love Woody Allen&apos;s [films] all the time, but when they&apos;re good, they&apos;re just sensational. I love them,&quot; stated Wilder. &quot;I mean, just seeing &apos;Midnight in Paris,&apos; how could you do better than that?&quot; 
The original Willy Wonka also shared his disdain for Tim Burton&apos;s &quot;Charlie and the Chocolate Factory.&quot; 
&quot;I think it&apos;s an insult,&quot; Wilder went on to say. &quot;Johnny Depp, I think, is a good actor, but I don&apos;t care for that director. He&apos;s a talented man, but I don&apos;t care for him doing stuff like he did.&quot; 
Gene Wilder Life and Career in Photos More Coverage 
</topic_text>
<spam_score>0.00</spam_score>
<post_num>1</post_num>
<post_id>post-1</post_id>
<post_url>http://www.philly.com/philly/entertainment/movies/20160830_Reuters_tagreuterscom2016newsmlMT1VRT1201847906_Gene_Wilder_Talks__Willy_Wonka__Remake__Why_He_Stopped_Acting_in_Last_Major_Interview.html</post_url>
<post_date>20160830</post_date>
<post_time></post_time>
<username>Arya Roshanian</username>
<post>
Gene Wilder Talks &apos;Willy Wonka&apos; Remake, Why He Stopped Acting in Last Major Interview Updated: August 30, 2016 — 6:27 PM EDT Share Variety Media, LLC 
By Arya Roshanian 
LOS ANGELES (Variety.com) - Gene Wilder lived out of the spotlight and evaded the media up until the end of his life, making his interviews few and far between. 
Wilder, who died on Monday at age 83 from complications of Alzheimer&apos;s Disease, gave his last major interview on June 12, 2013, to Turner Classic Movies. The iconic interview, which took place a day after his 80th birthday, would serve as one of Wilder&apos;s last public appearances. While speaking with host Robert Osborne, Wilder discussed his career and filmography, working with Mel Brooks and Richard Pryor, and why he stopped acting. 
Related Actor Who Played Charlie in &apos;Willy Wonka&apos; on Gene Wilder Death: &apos;It&apos;s Like Losing a Parent&apos; 
&quot;Once in a while, there was a nice, good film, but not very many,&quot; he said. &quot;If something comes along that&apos;s really good and I think I would be good for it, I&apos;d be happy to do it. But not too many came along. I mean, they came along for the first, I don&apos;t know, 15, 18 films, but I didn&apos;t do that many. But then I didn&apos;t want to do the kind of junk I was seeing. I didn&apos;t want to do 3D, for instance. I didn&apos;t want to do ones where it&apos;s just bombing and loud and swearing. So much swearing going on. If someone says &apos;Ah, go f-- yourself,&apos; well, if it came from a meaningful place, I&apos;d understand it. But if you go to some movies, can&apos;t they just stop and talk, just talk, instead of swearing? That put me off a lot.&quot; 
Wilder also stated that he &quot;doesn&apos;t think [he&apos;s] that funny,&quot; claiming it&apos;s a common misconception many fans have about him. When asked who his favorite comedic actors or filmmakers were, Wilder noted his appreciation for Woody Allen&apos;s comedies. 
Related Gene Wilder: A Master of Timing Who Radiated With Comedic Energy 
&quot;I don&apos;t love Woody Allen&apos;s [films] all the time, but when they&apos;re good, they&apos;re just sensational. I love them,&quot; stated Wilder. &quot;I mean, just seeing &apos;Midnight in Paris,&apos; how could you do better than that?&quot; 
The original Willy Wonka also shared his disdain for Tim Burton&apos;s &quot;Charlie and the Chocolate Factory.&quot; 
&quot;I think it&apos;s an insult,&quot; Wilder went on to say. &quot;Johnny Depp, I think, is a good actor, but I don&apos;t care for that director. He&apos;s a talented man, but I don&apos;t care for him doing stuff like he did.&quot; 
Gene Wilder Life and Career in Photos More Coverage 
</post>
<signature>

</signature>
<external_links>

</external_links>
<country>US</country>
<main_image>http://media.philly.com/images/2016-08-30T010027Z_3_LYNXNPEC7S19Y_RTROPTP_3_USA.JPG</main_image>
</document>
