<?xml version="1.0" encoding="UTF-8"?>
<document>
<type>mainstream</type>
<forum></forum>
<forum_title></forum_title>
<discussion_title>UPDATE 1-Iraq on track to retake Mosul this year, U.S. general says</discussion_title>
<language>english</language>
<gmt_offset></gmt_offset>
<topic_url>http://www.philly.com/philly/wires/reuters/news/report/391759681.html</topic_url>
<topic_text>
UPDATE 1-Iraq on track to retake Mosul this year, U.S. general says Updated: August 30, 2016 — 12:56 PM EDT Share 
(Adds background, quotes, details, byline) 
By Phil Stewart and Idrees Ali 
WASHINGTON, Aug 30 (Reuters) - Iraq is on track to meet its objective of retaking the city of Mosul from Islamic State later this year, should Prime Minister Haider al-Abadi choose to go forward as planned, the head of the U.S. military&apos;s Central Command said on Tuesday. 
&quot;It&apos;s the prime minister&apos;s objective to have that done by the end of the year,&quot; General Joseph Votel, who oversees U.S. forces in the Middle East, told a news conference. 
&quot;My assessment is that we can meet the ... prime minister&apos;s objectives, if that&apos;s what he chooses to do.&quot; 
Two years since Islamic State seized wide swathes of northern and western Iraq, Votel said momentum had firmly shifted against the militant group as it loses territory in its self-proclaimed &quot;caliphate.&quot; 
Mosul has been the largest urban center under the militants&apos; control, with a pre-war population of nearly 2 million. It was from Mosul&apos;s Grand Mosque in 2014 that Islamic State leader Abu Bakr al-Baghdadi declared a &quot;caliphate&quot; spanning regions of Iraq and Syria. 
Votel said the battle for Mosul could present a mixed picture for war planners, with Islamic State retreating in some areas only to reinforce in others. 
&quot;ISIL is having to make hard decisions, because they&apos;re being pressured in a variety of ways,&quot; Votel said. 
He pointed to the two-and-a-half month battle by U.S.-backed forces in Syria to take back the town of Manbij from Islamic State as an example of how fighting could become protracted. 
&quot;We should expect that in some places, perhaps in some parts of Mosul, they will cede that area to us, to the coalition, to the Iraqis. And then in other areas, they will fight harder to hold onto that,&quot; Votel said. 
Although Iraqi and U.S. officials have not announced a timetable for moving on the city, a senior Baghdad-based diplomat said last month Abadi wanted to bring forward the start of the Mosul campaign to October. 
The U.N. estimates that under a worst-case scenario, more than 1 million people could be displaced from Mosul and another 830,000 from a populated corridor south of the city, adding to the burden of caring for 3.5 million Iraqis displaced by Islamic State&apos;s 2014 onslaught and U.S.-backed Iraqi counter-offensives. (Reporting by Phil Stewart, Idrees Ali and Ruthy Munoz; Editing by James Dalgleish) More Coverage 
</topic_text>
<spam_score>0.16</spam_score>
<post_num>1</post_num>
<post_id>post-1</post_id>
<post_url>http://www.philly.com/philly/wires/reuters/news/report/391759681.html</post_url>
<post_date>20160830</post_date>
<post_time></post_time>
<username></username>
<post>
UPDATE 1-Iraq on track to retake Mosul this year, U.S. general says Updated: August 30, 2016 — 12:56 PM EDT Share 
(Adds background, quotes, details, byline) 
By Phil Stewart and Idrees Ali 
WASHINGTON, Aug 30 (Reuters) - Iraq is on track to meet its objective of retaking the city of Mosul from Islamic State later this year, should Prime Minister Haider al-Abadi choose to go forward as planned, the head of the U.S. military&apos;s Central Command said on Tuesday. 
&quot;It&apos;s the prime minister&apos;s objective to have that done by the end of the year,&quot; General Joseph Votel, who oversees U.S. forces in the Middle East, told a news conference. 
&quot;My assessment is that we can meet the ... prime minister&apos;s objectives, if that&apos;s what he chooses to do.&quot; 
Two years since Islamic State seized wide swathes of northern and western Iraq, Votel said momentum had firmly shifted against the militant group as it loses territory in its self-proclaimed &quot;caliphate.&quot; 
Mosul has been the largest urban center under the militants&apos; control, with a pre-war population of nearly 2 million. It was from Mosul&apos;s Grand Mosque in 2014 that Islamic State leader Abu Bakr al-Baghdadi declared a &quot;caliphate&quot; spanning regions of Iraq and Syria. 
Votel said the battle for Mosul could present a mixed picture for war planners, with Islamic State retreating in some areas only to reinforce in others. 
&quot;ISIL is having to make hard decisions, because they&apos;re being pressured in a variety of ways,&quot; Votel said. 
He pointed to the two-and-a-half month battle by U.S.-backed forces in Syria to take back the town of Manbij from Islamic State as an example of how fighting could become protracted. 
&quot;We should expect that in some places, perhaps in some parts of Mosul, they will cede that area to us, to the coalition, to the Iraqis. And then in other areas, they will fight harder to hold onto that,&quot; Votel said. 
Although Iraqi and U.S. officials have not announced a timetable for moving on the city, a senior Baghdad-based diplomat said last month Abadi wanted to bring forward the start of the Mosul campaign to October. 
The U.N. estimates that under a worst-case scenario, more than 1 million people could be displaced from Mosul and another 830,000 from a populated corridor south of the city, adding to the burden of caring for 3.5 million Iraqis displaced by Islamic State&apos;s 2014 onslaught and U.S.-backed Iraqi counter-offensives. (Reporting by Phil Stewart, Idrees Ali and Ruthy Munoz; Editing by James Dalgleish) More Coverage 
</post>
<signature>

</signature>
<external_links>

</external_links>
<country>US</country>
<main_image>http://media.philly.com/designimages/pcom-FB.jpg</main_image>
</document>
