<?xml version="1.0" encoding="UTF-8"?>
<document>
<type>mainstream</type>
<forum></forum>
<forum_title></forum_title>
<discussion_title>Viceland Sets Late-Night Talk Show, New Series Orders and Eddie Huang Renewal</discussion_title>
<language>english</language>
<gmt_offset></gmt_offset>
<topic_url>http://www.philly.com/philly/wires/reuters/entertainment/391785631.html</topic_url>
<topic_text>
Viceland Sets Late-Night Talk Show, New Series Orders and Eddie Huang Renewal Updated: August 30, 2016 — 4:32 PM EDT Share Variety Media, LLC 
By Cynthia Littleton 
LOS ANGELES (Variety.com) - Viceland is marking its six-month anniversary by unveiling plans for a late-night franchise, plus two new series orders and renewals for two other series. 
&quot;Desus &amp; Mero&quot; is set to premiere in late-night in October. The half-hour show, to air Monday-Thursday, will be hosted by the Bronx-reared comedic duo Desus Nice and the Kid Mero, who are known for their &quot;Bodega Boys&quot; podcast and the &quot;Desus &amp; Mero&quot; web series. 
Vice is also planning a new series with rapper-director Tyler, the Creator that stems from an existing program on his Tyler&apos;s Golf Media App. Lloyd Braun&apos;s Whalerock Industries is producing. 
The other new series order, &quot;Jungletown,&quot; features filmmaker Ondi Timoner embedding herself with a group of idealistic students in Panama who aim to great &quot;the world&apos;s greatest sustainable modern town.&quot; 
Meanwhile, Viceland has renewed two shows from its initial roster of unscripted series: &quot;Huang&apos;s World,&quot; featuring chef-provocateur Eddie Huang, and &quot;States of Undress,&quot; hosted by model Hailey Gates. 
Launched in February by Vice Media, Viceland is a transformation of what had been A+E Networks&apos; H2 channel. Viceland has drawn a modest audience so far, averaging about 45,000 viewers in the adults 18-49 in primetime in July. Viceland has a median age of 41, compared to 57 for H2, and the audience is 64% male. Viceland viewers are also a little better off than H2 viewers, with average household income of $58,000 (compared to $56,000 for H2) and higher rates of education than many cablers. 
Vice Media co-president Eddy Moretti said the company is encouraged by the start and the response to its shows. Viceland series&quot;Gaycation with Ellen Page and Ian Daniel&quot; and &quot;Woman&quot; hosted by Gloria Steinem grabbed Emmy nominations for unstructured reality series and docu series, respectively. 
Viceland is part of a larger strategy to extend Vice&apos;s success with millennial-friendly digital content into the more lucrative TV arena, in the U.S. and around the world. The company is poised for a big expansion of its programming partnership with HBO with the Sept. 26 premiere of the nightly &quot;Vice News Tonight&quot; program. 
&quot;We gave birth to a completely new brand -- a unique voice with 100% Vice-produced content, that is attracting a young, smart, affluent audience,&quot; Moretti said. &quot;Today, more people are watching Vice-produced content on every possible screen than ever before. That&apos;s insane, and insanely wonderful. Plus, we got two Emmy nominations out of the gate.&quot; 
Viceland president of programming Nick Weidenfeld said the channel is focused on expand its programming slate and talent roster. 
&quot;Our job is to give a platform to as many diverse and powerful voices as we can,&quot; he said. &quot;As we expand the talent pool, we&apos;ll need to grow as a network, experimenting with genre and formats. There are no rules at Viceland, which makes it the most exciting place to work.&quot; 
(Pictured: &quot;Desus &amp; Mero&quot;) August 30, 2016 — 4:23 PM EDT | Updated: August 30, 2016 — 4:32 PM EDT our guidelines Click here to take this quick survey. 
</topic_text>
<spam_score>0.58</spam_score>
<post_num>1</post_num>
<post_id>post-1</post_id>
<post_url>http://www.philly.com/philly/wires/reuters/entertainment/391785631.html</post_url>
<post_date>20160830</post_date>
<post_time></post_time>
<username>Cynthia Littleton</username>
<post>
Viceland Sets Late-Night Talk Show, New Series Orders and Eddie Huang Renewal Updated: August 30, 2016 — 4:32 PM EDT Share Variety Media, LLC 
By Cynthia Littleton 
LOS ANGELES (Variety.com) - Viceland is marking its six-month anniversary by unveiling plans for a late-night franchise, plus two new series orders and renewals for two other series. 
&quot;Desus &amp; Mero&quot; is set to premiere in late-night in October. The half-hour show, to air Monday-Thursday, will be hosted by the Bronx-reared comedic duo Desus Nice and the Kid Mero, who are known for their &quot;Bodega Boys&quot; podcast and the &quot;Desus &amp; Mero&quot; web series. 
Vice is also planning a new series with rapper-director Tyler, the Creator that stems from an existing program on his Tyler&apos;s Golf Media App. Lloyd Braun&apos;s Whalerock Industries is producing. 
The other new series order, &quot;Jungletown,&quot; features filmmaker Ondi Timoner embedding herself with a group of idealistic students in Panama who aim to great &quot;the world&apos;s greatest sustainable modern town.&quot; 
Meanwhile, Viceland has renewed two shows from its initial roster of unscripted series: &quot;Huang&apos;s World,&quot; featuring chef-provocateur Eddie Huang, and &quot;States of Undress,&quot; hosted by model Hailey Gates. 
Launched in February by Vice Media, Viceland is a transformation of what had been A+E Networks&apos; H2 channel. Viceland has drawn a modest audience so far, averaging about 45,000 viewers in the adults 18-49 in primetime in July. Viceland has a median age of 41, compared to 57 for H2, and the audience is 64% male. Viceland viewers are also a little better off than H2 viewers, with average household income of $58,000 (compared to $56,000 for H2) and higher rates of education than many cablers. 
Vice Media co-president Eddy Moretti said the company is encouraged by the start and the response to its shows. Viceland series&quot;Gaycation with Ellen Page and Ian Daniel&quot; and &quot;Woman&quot; hosted by Gloria Steinem grabbed Emmy nominations for unstructured reality series and docu series, respectively. 
Viceland is part of a larger strategy to extend Vice&apos;s success with millennial-friendly digital content into the more lucrative TV arena, in the U.S. and around the world. The company is poised for a big expansion of its programming partnership with HBO with the Sept. 26 premiere of the nightly &quot;Vice News Tonight&quot; program. 
&quot;We gave birth to a completely new brand -- a unique voice with 100% Vice-produced content, that is attracting a young, smart, affluent audience,&quot; Moretti said. &quot;Today, more people are watching Vice-produced content on every possible screen than ever before. That&apos;s insane, and insanely wonderful. Plus, we got two Emmy nominations out of the gate.&quot; 
Viceland president of programming Nick Weidenfeld said the channel is focused on expand its programming slate and talent roster. 
&quot;Our job is to give a platform to as many diverse and powerful voices as we can,&quot; he said. &quot;As we expand the talent pool, we&apos;ll need to grow as a network, experimenting with genre and formats. There are no rules at Viceland, which makes it the most exciting place to work.&quot; 
(Pictured: &quot;Desus &amp; Mero&quot;) August 30, 2016 — 4:23 PM EDT | Updated: August 30, 2016 — 4:32 PM EDT our guidelines Click here to take this quick survey. 
</post>
<signature>

</signature>
<external_links>

</external_links>
<country>US</country>
<main_image>http://media.philly.com/designimages/pcom-FB.jpg</main_image>
</document>
