<?xml version="1.0" encoding="UTF-8"?>
<document>
<type>mainstream</type>
<forum>http://www.wtvm.com/Global/category.asp?C=5479&amp;nav=menu91_1&amp;clienttype=rss</forum>
<forum_title>WTVM - WTVM Home</forum_title>
<discussion_title>Tractor-trailer overturns on Jimmy DeLoach Pkwy, SB I-95 exit</discussion_title>
<language>english</language>
<gmt_offset></gmt_offset>
<topic_url>http://www.wtvm.com/story/32922229/tractor-trailer-overturns-on-jimmy-deloach-pkwy-sb-i-95-exit</topic_url>
<topic_text>
Tractor-trailer overturns on Jimmy DeLoach Pkwy, SB I-95 exit - WTVM.com-Columbus, GA News Weather &amp; Sports Member Center: Tractor-trailer overturns on Jimmy DeLoach Pkwy, SB I-95 exit 2016-08-31T00:26:20Z 
A tractor-trailer has overturned on the ramp to southbound I-95 from Jimmy DeLoach Parkway. 
WTOC has a crew on scene. 
Stay with us for updates. 
Copyright 2016 WTOC . All rights reserved. Can&apos;t Find Something?
</topic_text>
<spam_score>0.00</spam_score>
<post_num>1</post_num>
<post_id>post-1</post_id>
<post_url>http://www.wtvm.com/story/32922229/tractor-trailer-overturns-on-jimmy-deloach-pkwy-sb-i-95-exit</post_url>
<post_date>20160831</post_date>
<post_time>0026</post_time>
<username>WTOC Staff</username>
<post>
Tractor-trailer overturns on Jimmy DeLoach Pkwy, SB I-95 exit - WTVM.com-Columbus, GA News Weather &amp; Sports Member Center: Tractor-trailer overturns on Jimmy DeLoach Pkwy, SB I-95 exit 2016-08-31T00:26:20Z 
A tractor-trailer has overturned on the ramp to southbound I-95 from Jimmy DeLoach Parkway. 
WTOC has a crew on scene. 
Stay with us for updates. 
Copyright 2016 WTOC . All rights reserved. Can&apos;t Find Something?
</post>
<signature>

</signature>
<external_links>

</external_links>
<country>US</country>
<main_image>http://wtoc.images.worldnow.com/images/11610586_G.jpg</main_image>
</document>
