<?xml version="1.0" encoding="UTF-8"?>
<document>
<type>mainstream</type>
<forum></forum>
<forum_title></forum_title>
<discussion_title>U.S. sets up &quot;communications channels&quot; for crowded Syria war</discussion_title>
<language>english</language>
<gmt_offset></gmt_offset>
<topic_url>http://www.philly.com/philly/wires/reuters/news/report/391767301.html</topic_url>
<topic_text>
U.S. sets up &quot;communications channels&quot; for crowded Syria war Updated: August 30, 2016 — 2:07 PM EDT Share Close icon Reuters 
WASHINGTON, Aug 30 (Reuters) - The U.S.-led coalition battling Islamic State, eager to avoid more clashes between Turkey and U.S.-backed Syrian fighters, is establishing communications channels to better coordinate in a &quot;crowded battlespace,&quot; the Pentagon said on Tuesday. 
&quot;The improved coordination of armed activities in Northern Syria will seek to assure the safety of all forces,&quot; said Pentagon spokesman Matthew Allen. &quot;We will not discuss coordination and de-confliction procedures in detail in the interest of preserving operational security.&quot; (Reporting by Idrees Ali and Phil Stewart; Editing by James Dalgleish) Published: August 30, 2016 — 2:07 PM EDT We encourage respectful comments but reserve the right to delete anything that doesn&apos;t contribute to an engaging dialogue Help us moderate this thread by flagging comments that violate our guidelines Help us learn more about Philly.com commenters. 
</topic_text>
<spam_score>0.02</spam_score>
<post_num>1</post_num>
<post_id>post-1</post_id>
<post_url>http://www.philly.com/philly/wires/reuters/news/report/391767301.html</post_url>
<post_date>20160830</post_date>
<post_time></post_time>
<username></username>
<post>
U.S. sets up &quot;communications channels&quot; for crowded Syria war Updated: August 30, 2016 — 2:07 PM EDT Share Close icon Reuters 
WASHINGTON, Aug 30 (Reuters) - The U.S.-led coalition battling Islamic State, eager to avoid more clashes between Turkey and U.S.-backed Syrian fighters, is establishing communications channels to better coordinate in a &quot;crowded battlespace,&quot; the Pentagon said on Tuesday. 
&quot;The improved coordination of armed activities in Northern Syria will seek to assure the safety of all forces,&quot; said Pentagon spokesman Matthew Allen. &quot;We will not discuss coordination and de-confliction procedures in detail in the interest of preserving operational security.&quot; (Reporting by Idrees Ali and Phil Stewart; Editing by James Dalgleish) Published: August 30, 2016 — 2:07 PM EDT We encourage respectful comments but reserve the right to delete anything that doesn&apos;t contribute to an engaging dialogue Help us moderate this thread by flagging comments that violate our guidelines Help us learn more about Philly.com commenters. 
</post>
<signature>

</signature>
<external_links>

</external_links>
<country>US</country>
<main_image>http://media.philly.com/designimages/pcom-FB.jpg</main_image>
</document>
