<?xml version="1.0" encoding="UTF-8"?>
<document>
<type>mainstream</type>
<forum></forum>
<forum_title></forum_title>
<discussion_title>Ex-Guantanamo prisoner deported to Uruguay from Venezuela</discussion_title>
<language>english</language>
<gmt_offset></gmt_offset>
<topic_url>http://www.philly.com/philly/wires/reuters/news/world/391773951.html</topic_url>
<topic_text>
Ex-Guantanamo prisoner deported to Uruguay from Venezuela Updated: August 30, 2016 — 1:59 PM EDT Share Close icon Reuters 
MONTEVIDEO (Reuters) - A former Guantanamo Bay prisoner arrived in Uruguay on Tuesday after being deported from Venezuela, where he set off alarm bells for traveling without proper documents and was detained earlier this month, a government official said. 
Jihad Diyab was held for 12 years in Guantanamo without being charged and was released to Uruguay in 2014 in a deal to reduce the number of detainees at the U.S. military prison. 
&quot;He arrived early this morning,&quot; Susana Muñiz, the director of Uruguayan health services said on local television, adding that he was being taken for a medical check-up. 
The Syrian national had not been seen in Montevideo since mid-June and arrived in Caracas by way of Brazil in late July. 
Diyab&apos;s lawyer told Reuters earlier this month that he asked the Uruguayan consulate in Caracas to help him travel to Turkey where he was to meet with his family. But he was then arrested by Venezuelan security forces. 
&quot;He did not properly enter either Brazil or Venezuela, and was deported to Uruguay. He will continue to be treated as a refugee,&quot; Uruguayan Interior Minister Eduardo Bonomi told local paper El País. 
News that Diyab had left Uruguay led a group of U.S. lawmakers to demand that President Barack Obama halt transfers of Guantanamo prisoners, arguing that they represented a security risk to Americans. 
(Reporting by Matias Larramendi, writing by Hugh Bronstein; Editing by Alan Crosby) More Coverage 
</topic_text>
<spam_score>0.20</spam_score>
<post_num>1</post_num>
<post_id>post-1</post_id>
<post_url>http://www.philly.com/philly/wires/reuters/news/world/391773951.html</post_url>
<post_date>20160830</post_date>
<post_time></post_time>
<username></username>
<post>
Ex-Guantanamo prisoner deported to Uruguay from Venezuela Updated: August 30, 2016 — 1:59 PM EDT Share Close icon Reuters 
MONTEVIDEO (Reuters) - A former Guantanamo Bay prisoner arrived in Uruguay on Tuesday after being deported from Venezuela, where he set off alarm bells for traveling without proper documents and was detained earlier this month, a government official said. 
Jihad Diyab was held for 12 years in Guantanamo without being charged and was released to Uruguay in 2014 in a deal to reduce the number of detainees at the U.S. military prison. 
&quot;He arrived early this morning,&quot; Susana Muñiz, the director of Uruguayan health services said on local television, adding that he was being taken for a medical check-up. 
The Syrian national had not been seen in Montevideo since mid-June and arrived in Caracas by way of Brazil in late July. 
Diyab&apos;s lawyer told Reuters earlier this month that he asked the Uruguayan consulate in Caracas to help him travel to Turkey where he was to meet with his family. But he was then arrested by Venezuelan security forces. 
&quot;He did not properly enter either Brazil or Venezuela, and was deported to Uruguay. He will continue to be treated as a refugee,&quot; Uruguayan Interior Minister Eduardo Bonomi told local paper El País. 
News that Diyab had left Uruguay led a group of U.S. lawmakers to demand that President Barack Obama halt transfers of Guantanamo prisoners, arguing that they represented a security risk to Americans. 
(Reporting by Matias Larramendi, writing by Hugh Bronstein; Editing by Alan Crosby) More Coverage 
</post>
<signature>

</signature>
<external_links>

</external_links>
<country>US</country>
<main_image>http://media.philly.com/designimages/pcom-FB.jpg</main_image>
</document>
