<?xml version="1.0" encoding="UTF-8"?>
<document>
<type>mainstream</type>
<forum>https://www.prbuzz.com/health-a-fitness.html</forum>
<forum_title>Health &amp;amp; Fitness</forum_title>
<discussion_title>Dentist, Mark A. H. Sivers, DMD, to be Published in The Leading Physicians of the World as New Member of the International Association of HealthCare Professionals, IAHCP</discussion_title>
<language>english</language>
<gmt_offset></gmt_offset>
<topic_url>https://www.prbuzz.com/health-a-fitness/387512-dentist-mark-a-h-sivers-dmd-to-be-published-in-the-leading-physicians-of-the-world-as-new-member-of-the-international-association-of-healthcare-professionals-iahcp.html</topic_url>
<topic_text>
Boston, Massachusetts
The International Association of HealthCare Professionals is pleased to welcome Mark A. H. Sivers, DMD, Dentist, to their prestigious organization with his publication in The Leading Physicians of the World. In practice for over fifteen years, Dr. Sivers continues to display the commitment, excellence, and passion for patient care required to receive this prestigious honor.
Dr. Sivers is an established dentist who works with The Charles River Dental team of Boston, Massachusetts. With over fifteen years of experience, well-versed in all facets of general dentistry, Dr. Sivers is highly regarded for his calm demeanor and jovial nature. His area of expertise is general dentistry. Dr. Sivers is part of such societies as the American Academy of Facial Esthetics, American Dental Association, and Massachusetts Dental Association. Due to great efforts in the field of dentistry, he was featured in the Guide to America’s Top Dentists since 2012.
Dr. Sivers received his DMD from Tufts University School of Dental Medicine in 1998. He completed his medical residency at Brigham Young University. He enjoys reading his favorite medical journal, The Scheduling Institute. Dr. Sivers attributes his success to humanity and helping the patients in need. Besides working exceptionally hard in his field, he also enjoys soccer, swimming, cycling, and singing.
View Mark A. H. Sivers&apos;s Profile Here: http://findatopdoc.com/doctor/Mark-Sivers-Dentist-Boston-Massachusetts-02114
Learn more about Mark A. H. Sivers Here: www.charlesriverdental.com and read his upcoming publication in The Leading Physicians of the World.
About FindaTopDoc.com
FindaTopDoc.com is a hub for all things medicine, feauting detailed descriptions of medical professionals across all areas of expertise, and information on thousands of healthcare topics. Each month, millions of patients use FindaTopDoc to find a doctor nearby and instantly book an appointment online or create a review. FindaTopDoc.com features each doctor’s full professional biography highlighting their achievements, experience, patient reviews and areas of expertise. A leading provider of valuable health information that helps empower patient and doctor alike, FindaTopDoc enables readers to live a happier and healthier life. For more information about FindaTopDoc, visit http://www.findatopdoc.com
</topic_text>
<spam_score>0.33</spam_score>
<post_num>1</post_num>
<post_id>post-1</post_id>
<post_url>https://www.prbuzz.com/health-a-fitness/387512-dentist-mark-a-h-sivers-dmd-to-be-published-in-the-leading-physicians-of-the-world-as-new-member-of-the-international-association-of-healthcare-professionals-iahcp.html</post_url>
<post_date>20160831</post_date>
<post_time></post_time>
<username>prbuzz.com</username>
<post>
Boston, Massachusetts
The International Association of HealthCare Professionals is pleased to welcome Mark A. H. Sivers, DMD, Dentist, to their prestigious organization with his publication in The Leading Physicians of the World. In practice for over fifteen years, Dr. Sivers continues to display the commitment, excellence, and passion for patient care required to receive this prestigious honor.
Dr. Sivers is an established dentist who works with The Charles River Dental team of Boston, Massachusetts. With over fifteen years of experience, well-versed in all facets of general dentistry, Dr. Sivers is highly regarded for his calm demeanor and jovial nature. His area of expertise is general dentistry. Dr. Sivers is part of such societies as the American Academy of Facial Esthetics, American Dental Association, and Massachusetts Dental Association. Due to great efforts in the field of dentistry, he was featured in the Guide to America’s Top Dentists since 2012.
Dr. Sivers received his DMD from Tufts University School of Dental Medicine in 1998. He completed his medical residency at Brigham Young University. He enjoys reading his favorite medical journal, The Scheduling Institute. Dr. Sivers attributes his success to humanity and helping the patients in need. Besides working exceptionally hard in his field, he also enjoys soccer, swimming, cycling, and singing.
View Mark A. H. Sivers&apos;s Profile Here: http://findatopdoc.com/doctor/Mark-Sivers-Dentist-Boston-Massachusetts-02114
Learn more about Mark A. H. Sivers Here: www.charlesriverdental.com and read his upcoming publication in The Leading Physicians of the World.
About FindaTopDoc.com
FindaTopDoc.com is a hub for all things medicine, feauting detailed descriptions of medical professionals across all areas of expertise, and information on thousands of healthcare topics. Each month, millions of patients use FindaTopDoc to find a doctor nearby and instantly book an appointment online or create a review. FindaTopDoc.com features each doctor’s full professional biography highlighting their achievements, experience, patient reviews and areas of expertise. A leading provider of valuable health information that helps empower patient and doctor alike, FindaTopDoc enables readers to live a happier and healthier life. For more information about FindaTopDoc, visit http://www.findatopdoc.com
</post>
<signature>

</signature>
<external_links>
<external_link>http://findatopdoc.com/doctor/Mark-Sivers-Dentist-Boston-Massachusetts-02114</external_link>
</external_links>
<country>US</country>
<main_image></main_image>
</document>
