<?xml version="1.0" encoding="UTF-8"?>
<document>
<type>mainstream</type>
<forum></forum>
<forum_title></forum_title>
<discussion_title>Georgia sheriff gets probation, $1,000 fine for shooting friend</discussion_title>
<language>english</language>
<gmt_offset></gmt_offset>
<topic_url>http://www.philly.com/philly/wires/reuters/news/nation/391773931.html</topic_url>
<topic_text>
Georgia sheriff gets probation, $1,000 fine for shooting friend Updated: August 30, 2016 — 2:23 PM EDT Share Reuters 
By David Beasley 
ATLANTA (Reuters) - A Georgia sheriff who said he accidentally shot a friend while practicing police tactics pleaded no contest to a misdemeanor charge of reckless conduct on Tuesday, his attorney said. 
Clayton County Sheriff Victor Hill, 51, was sentenced to 12 months probation and fined $1,000 after critically injuring Gwenevere McCord, a friend and realtor, in May 2015 inside a model home in suburban Atlanta. 
Under Georgia&apos;s first offender law, his probation was automatically canceled after he paid the fine on Tuesday morning, said Mike Puglise, Hill&apos;s attorney. 
A grand jury indicted Hill on the reckless conduct charge last year. 
Hill told a 911 operator that his gun had accidentally discharged while he was &quot;practicing police tactics,&quot; Gwinnett County District Attorney Danny Porter said at the time. McCord survived her injuries. 
Hill and Porter did not immediately respond to calls seeking comment. 
In a statement posted on the Facebook page of the Clayton County Sheriff&apos;s Office shortly after the shooting, Hill called the incident &quot;a tragic and heartbreaking accident&quot; and referred to McCord as &quot;very dear to me.&quot; 
Hill was elected to a third term as sheriff earlier this year. Puglise said Tuesday&apos;s plea would not affect Hill&apos;s ability to continue serving in the job. 
&quot;Obviously he has a vote of confidence from the people of Clayton County,&quot; the attorney said. 
(Editing by Letitia Stein and Paul Simao) More Coverage 
</topic_text>
<spam_score>0.28</spam_score>
<post_num>1</post_num>
<post_id>post-1</post_id>
<post_url>http://www.philly.com/philly/wires/reuters/news/nation/391773931.html</post_url>
<post_date>20160830</post_date>
<post_time></post_time>
<username>David Beasley</username>
<post>
Georgia sheriff gets probation, $1,000 fine for shooting friend Updated: August 30, 2016 — 2:23 PM EDT Share Reuters 
By David Beasley 
ATLANTA (Reuters) - A Georgia sheriff who said he accidentally shot a friend while practicing police tactics pleaded no contest to a misdemeanor charge of reckless conduct on Tuesday, his attorney said. 
Clayton County Sheriff Victor Hill, 51, was sentenced to 12 months probation and fined $1,000 after critically injuring Gwenevere McCord, a friend and realtor, in May 2015 inside a model home in suburban Atlanta. 
Under Georgia&apos;s first offender law, his probation was automatically canceled after he paid the fine on Tuesday morning, said Mike Puglise, Hill&apos;s attorney. 
A grand jury indicted Hill on the reckless conduct charge last year. 
Hill told a 911 operator that his gun had accidentally discharged while he was &quot;practicing police tactics,&quot; Gwinnett County District Attorney Danny Porter said at the time. McCord survived her injuries. 
Hill and Porter did not immediately respond to calls seeking comment. 
In a statement posted on the Facebook page of the Clayton County Sheriff&apos;s Office shortly after the shooting, Hill called the incident &quot;a tragic and heartbreaking accident&quot; and referred to McCord as &quot;very dear to me.&quot; 
Hill was elected to a third term as sheriff earlier this year. Puglise said Tuesday&apos;s plea would not affect Hill&apos;s ability to continue serving in the job. 
&quot;Obviously he has a vote of confidence from the people of Clayton County,&quot; the attorney said. 
(Editing by Letitia Stein and Paul Simao) More Coverage 
</post>
<signature>

</signature>
<external_links>

</external_links>
<country>US</country>
<main_image>http://media.philly.com/designimages/pcom-FB.jpg</main_image>
</document>
