<?xml version="1.0" encoding="UTF-8"?>
<document>
<type>mainstream</type>
<forum>http://rssfeeds.kvue.com/_/20/109731692/kvue/local</forum>
<forum_title>KVUE - Local</forum_title>
<discussion_title>Lawmakers eye ride-hailing regs, tolls</discussion_title>
<language>english</language>
<gmt_offset></gmt_offset>
<topic_url>http://rssfeeds.kvue.com/_/20/109731692/kvue/http&amp;#x3a;&amp;#x2f;&amp;#x2f;www&amp;#x2e;kvue&amp;#x2e;com&amp;#x2f;traffic&amp;#x2f;lawmakers-eye-toll-elimination-ride-hailing-regs&amp;#x2f;311419548</topic_url>
<topic_text>
Lawmakers eye toll elimination, ride-hailing regs Lawmakers talk toll roads, ridesharing rules Mark Wiggins, KVUE 6:43   Texas lawmakers are taking a hard look at regulations for ride-hailing services like Uber and Lyft...and the proliferation of tolls. (Photo: KVUE) 
AUSTIN - As Texas lawmakers from all over come to town for state business this summer, they&apos;re taking notice of Austin&apos;s traffic and transportation issues. 
In particular, the tangle of toll roads surrounding the state capital hasn&apos;t gone unnoticed by legislators. 
&quot;I&apos;m not a believer in this current Mopac project,&quot; state Rep. Joe Pickett (D-El Paso) told KVUE Tuesday. &quot;I&apos;m not from here, but I&apos;m trying to say that I look at them across the state.&quot; 
Pickett chairs the state House Transportation Committee, and fixing Texas&apos; aging and congested roadways is his number one priority. 
&quot;Even though we need to talk about mass transit, TNCs, right now the only thing that really works is to add capacity,&quot; Pickett explained. &quot;When you add a managed lane, you&apos;re not adding capacity for everybody. You&apos;re adding a lane for people who have the means or the support to do it. So I don&apos;t think that fits the bill.&quot; 
Acknowledging tolls have been a useful tool to create needed infrastructure in some places, Pickett believes the Texas Department of Transportation (TxDOT) should end toll roads where it can, and be stricter when it comes to using public money for toll projects. 
Department executive director James Bass reported to the committee that it would cost the state around $36.7 billion to immediately pay off every toll road in Texas. The findings are from a draft report on eliminating tolls ordered by the Eighty-fourth Texas Legislature as part of House Bill 2612. 
&quot;We look forward, after submitting a final draft of this report here in the next couple of days, getting feedback,&quot; Bass told media afterward. 
Lawmakers are also considering ride-hailing regulations after Austin&apos;s high-profile battle with Uber and Lift over a city ordinance requiring prospective drivers undergo fingerprint background checks. 
&quot;I think there&apos;s a lot of inertia to come up with a guideline for cities in Texas of here&apos;s what we&apos;d like you to incorporate,&quot; state Rep. Celia Israel (D-Austin) told KVUE. 
A statewide ordinance would likely override Austin&apos;s -- and a state fingerprint requirement is highly unlikely. Researchers from the Texas A&amp;M Transportation Institute testified that of the two dozen-odd states that have put uniform regulations in place for Transportation Network Companies (TNC), none have required fingerprints for drivers. 
&quot;My goal is to find something that the city of Austin can work with us on, that can also work with our other large metropolitan areas,&quot; said Israel. &quot;We&apos;re all struggling with this issue.&quot; 
Despite conducting business in other cities with similar ordinances, both Uber and Lyft threatened to leave Austin if the fingerprint requirement were left in place. The companies followed through on that threat after an acrimonious and fact-averse campaign ended with voters siding with city leaders. If the clock were turned back, Pickett suggests both sides would have done things differently. 
&quot;Taking hardball tactics with the Legislature doesn&apos;t normally work,&quot; Pickett told KVUE, warning that ride-hailing companies should keep their arguments to what the facts support. &quot;I&apos;m hoping they&apos;ll learn from it, from their experience in Austin. They need to decide what it is they can live with and they can&apos;t live with. Stick to that, and be clear and succinct about it, and I think it&apos;ll be fine.&quot; 
(© 2016 KVUE)
</topic_text>
<spam_score>0.00</spam_score>
<post_num>1</post_num>
<post_id>post-1</post_id>
<post_url>http://rssfeeds.kvue.com/_/20/109731692/kvue/http&amp;#x3a;&amp;#x2f;&amp;#x2f;www&amp;#x2e;kvue&amp;#x2e;com&amp;#x2f;traffic&amp;#x2f;lawmakers-eye-toll-elimination-ride-hailing-regs&amp;#x2f;311419548</post_url>
<post_date>20160830</post_date>
<post_time>2343</post_time>
<username>Mark Wiggins</username>
<post>
Lawmakers eye toll elimination, ride-hailing regs Lawmakers talk toll roads, ridesharing rules Mark Wiggins, KVUE 6:43   Texas lawmakers are taking a hard look at regulations for ride-hailing services like Uber and Lyft...and the proliferation of tolls. (Photo: KVUE) 
AUSTIN - As Texas lawmakers from all over come to town for state business this summer, they&apos;re taking notice of Austin&apos;s traffic and transportation issues. 
In particular, the tangle of toll roads surrounding the state capital hasn&apos;t gone unnoticed by legislators. 
&quot;I&apos;m not a believer in this current Mopac project,&quot; state Rep. Joe Pickett (D-El Paso) told KVUE Tuesday. &quot;I&apos;m not from here, but I&apos;m trying to say that I look at them across the state.&quot; 
Pickett chairs the state House Transportation Committee, and fixing Texas&apos; aging and congested roadways is his number one priority. 
&quot;Even though we need to talk about mass transit, TNCs, right now the only thing that really works is to add capacity,&quot; Pickett explained. &quot;When you add a managed lane, you&apos;re not adding capacity for everybody. You&apos;re adding a lane for people who have the means or the support to do it. So I don&apos;t think that fits the bill.&quot; 
Acknowledging tolls have been a useful tool to create needed infrastructure in some places, Pickett believes the Texas Department of Transportation (TxDOT) should end toll roads where it can, and be stricter when it comes to using public money for toll projects. 
Department executive director James Bass reported to the committee that it would cost the state around $36.7 billion to immediately pay off every toll road in Texas. The findings are from a draft report on eliminating tolls ordered by the Eighty-fourth Texas Legislature as part of House Bill 2612. 
&quot;We look forward, after submitting a final draft of this report here in the next couple of days, getting feedback,&quot; Bass told media afterward. 
Lawmakers are also considering ride-hailing regulations after Austin&apos;s high-profile battle with Uber and Lift over a city ordinance requiring prospective drivers undergo fingerprint background checks. 
&quot;I think there&apos;s a lot of inertia to come up with a guideline for cities in Texas of here&apos;s what we&apos;d like you to incorporate,&quot; state Rep. Celia Israel (D-Austin) told KVUE. 
A statewide ordinance would likely override Austin&apos;s -- and a state fingerprint requirement is highly unlikely. Researchers from the Texas A&amp;M Transportation Institute testified that of the two dozen-odd states that have put uniform regulations in place for Transportation Network Companies (TNC), none have required fingerprints for drivers. 
&quot;My goal is to find something that the city of Austin can work with us on, that can also work with our other large metropolitan areas,&quot; said Israel. &quot;We&apos;re all struggling with this issue.&quot; 
Despite conducting business in other cities with similar ordinances, both Uber and Lyft threatened to leave Austin if the fingerprint requirement were left in place. The companies followed through on that threat after an acrimonious and fact-averse campaign ended with voters siding with city leaders. If the clock were turned back, Pickett suggests both sides would have done things differently. 
&quot;Taking hardball tactics with the Legislature doesn&apos;t normally work,&quot; Pickett told KVUE, warning that ride-hailing companies should keep their arguments to what the facts support. &quot;I&apos;m hoping they&apos;ll learn from it, from their experience in Austin. They need to decide what it is they can live with and they can&apos;t live with. Stick to that, and be clear and succinct about it, and I think it&apos;ll be fine.&quot; 
(© 2016 KVUE)
</post>
<signature>

</signature>
<external_links>

</external_links>
<country>US</country>
<main_image>http://content.kvue.com/photo/2016/08/30/toll%20elimination_1472600247351_5885203_ver1.0_640_360.JPG</main_image>
</document>
