<?xml version="1.0" encoding="UTF-8"?>
<document>
<type>mainstream</type>
<forum></forum>
<forum_title></forum_title>
<discussion_title>Feds get more time to respond to church shooting lawsuits</discussion_title>
<language>english</language>
<gmt_offset></gmt_offset>
<topic_url>http://www.philly.com/philly/wires/ap/news/391736931.html</topic_url>
<topic_text>
Feds get more time to respond to church shooting lawsuits Updated: August 30, 2016 — 12:13 PM EDT Share Close icon The Associated Press 
CHARLESTON, S.C. (AP) - A judge has granted the federal government more time to respond to wrongful death lawsuits in the South Carolina church shootings that claimed the lives of nine black parishioners. 
Fifteen lawsuits have been filed, alleging that the FBI negligently conducted a background check on 22-year-old Dylann Roof, which enabled him to buy the gun used in the June 2015 shootings at Charleston&apos;s Emanuel AME Church. 
Justice Department attorneys asked on Monday that a Sept. 6 deadline be extended until Oct. 14. U.S. District Judge Richard Gergel granted the request on Tuesday. 
The government says the South Carolina U.S. Attorney&apos;s Office is no longer handling the case, which is now assigned to the Justice Department&apos;s civil torts branch, whose attorneys need more time. More Coverage 
</topic_text>
<spam_score>0.02</spam_score>
<post_num>1</post_num>
<post_id>post-1</post_id>
<post_url>http://www.philly.com/philly/wires/ap/news/391736931.html</post_url>
<post_date>20160830</post_date>
<post_time></post_time>
<username>The Associated Press</username>
<post>
Feds get more time to respond to church shooting lawsuits Updated: August 30, 2016 — 12:13 PM EDT Share Close icon The Associated Press 
CHARLESTON, S.C. (AP) - A judge has granted the federal government more time to respond to wrongful death lawsuits in the South Carolina church shootings that claimed the lives of nine black parishioners. 
Fifteen lawsuits have been filed, alleging that the FBI negligently conducted a background check on 22-year-old Dylann Roof, which enabled him to buy the gun used in the June 2015 shootings at Charleston&apos;s Emanuel AME Church. 
Justice Department attorneys asked on Monday that a Sept. 6 deadline be extended until Oct. 14. U.S. District Judge Richard Gergel granted the request on Tuesday. 
The government says the South Carolina U.S. Attorney&apos;s Office is no longer handling the case, which is now assigned to the Justice Department&apos;s civil torts branch, whose attorneys need more time. More Coverage 
</post>
<signature>

</signature>
<external_links>

</external_links>
<country>US</country>
<main_image>http://media.philly.com/designimages/pcom-FB.jpg</main_image>
</document>
