<?xml version="1.0" encoding="UTF-8"?>
<document>
<type>mainstream</type>
<forum>http://bergisches-handelsblatt.de/images/rss/bhb-bergisch-gladbach.rss</forum>
<forum_title>Bergisch Gladbach</forum_title>
<discussion_title>Unter Kollegen - Kinderbuchautor Simak Büchel zu Gast in der GGS Refrath</discussion_title>
<language>german</language>
<gmt_offset></gmt_offset>
<topic_url>http://www.bergisches-handelsblatt.de/rag-bhb/docs/1357830/bergisch-gladbach</topic_url>
<topic_text>
Kinderbuchautor Simak Büchel zu Gast in der GGS Refrath Foto: Dorothee Fleschen 
Refrath (vsch). &quot;Wir sind ja hier unter Kollegen&quot;, stellte Kinderbuchautor Simak Büchel am Anfang seiner Lesung in der GGS Refrath klar. &quot;Ich mache dasselbe wie ihr, nämlich Geschichten schreiben.&quot; 
In eindrücklicher Weise und mit schauspielerischem Können nahm er die Kinder mit auf die Insel Melele Pamu, auf der ein Tsunami ein großes Chaos angerichtet hatte. Simak Büchel riss die Kinder mit, er erzählte, spielte und bezog die Mädchen und Jungen in seine Geschichte mit ein. 
Damit begeisterte er Kinder und Lehrerinnen gleichermaßen. Jedes Jahr organisiert die GGS eine Autoren-Lesung für die zweiten und vierten Schuljahre mit finanzieller Unterstützung des Friedrich-Bödecker-Kreises NRW. Eine tolle Werbung fürs Bücherlesen. Und wer weiß? Vielleicht auch fürs Bücherschreiben. Man war ja schließlich unter Kollegen. Letzte Änderung: Dienstag, 30.08.2016 13:05 Uhr
</topic_text>
<spam_score>0.00</spam_score>
<post_num>1</post_num>
<post_id>post-1</post_id>
<post_url>http://www.bergisches-handelsblatt.de/rag-bhb/docs/1357830/bergisch-gladbach</post_url>
<post_date>20160830</post_date>
<post_time>1105</post_time>
<username></username>
<post>
Kinderbuchautor Simak Büchel zu Gast in der GGS Refrath Foto: Dorothee Fleschen 
Refrath (vsch). &quot;Wir sind ja hier unter Kollegen&quot;, stellte Kinderbuchautor Simak Büchel am Anfang seiner Lesung in der GGS Refrath klar. &quot;Ich mache dasselbe wie ihr, nämlich Geschichten schreiben.&quot; 
In eindrücklicher Weise und mit schauspielerischem Können nahm er die Kinder mit auf die Insel Melele Pamu, auf der ein Tsunami ein großes Chaos angerichtet hatte. Simak Büchel riss die Kinder mit, er erzählte, spielte und bezog die Mädchen und Jungen in seine Geschichte mit ein. 
Damit begeisterte er Kinder und Lehrerinnen gleichermaßen. Jedes Jahr organisiert die GGS eine Autoren-Lesung für die zweiten und vierten Schuljahre mit finanzieller Unterstützung des Friedrich-Bödecker-Kreises NRW. Eine tolle Werbung fürs Bücherlesen. Und wer weiß? Vielleicht auch fürs Bücherschreiben. Man war ja schließlich unter Kollegen. Letzte Änderung: Dienstag, 30.08.2016 13:05 Uhr
</post>
<signature>

</signature>
<external_links>

</external_links>
<country>DE</country>
<main_image>http://www.bergisches-handelsblatt.de/images/248810/248820/252165/255234/255235/1357538/1357832_thumb.jpg</main_image>
</document>
