<?xml version="1.0" encoding="UTF-8"?>
<document>
<type>mainstream</type>
<forum>http://www.imeee.cn/rss/184.xml</forum>
<forum_title>美体瘦身</forum_title>
<discussion_title>尴尬的背部赘肉又露出来了！造成背面肥胖女的NG习惯</discussion_title>
<language>chinese</language>
<gmt_offset></gmt_offset>
<topic_url>http://jianfei.imeee.cn/mtss/0S034222A2016.html</topic_url>
<topic_text>
久坐族MM们一定要学起来哦！坐在办公室也可以轻松做到，保持站姿，双手在身后相握，用力向后抬起手臂，感受肩颈处的伸展。简单的一个动作，可以有效刺激肩胛骨附近的肌肉，防止背部赘肉堆积。 
3.选择侧边较宽的内衣款式 
随着年龄的增长，脂肪也容易变得更加柔软。内衣过紧过窄的话，很容易勒出层层赘肉。从现在开始，内衣的款式选择上，尽量挑选边幅较宽的款哦！ 
为了能拥有更加完美的身型， 瘦身 的过程中也不要忽视背部的保养哦！一起行动起来，消除肉肉背吧！ 本文标题: 尴尬的背部赘肉又露出来了！造成背面肥胖女的NG习惯 由 爱美丽 编辑,转载请注明出处! （ www.imeee.cn ）。 新鲜资讯
</topic_text>
<spam_score>0.00</spam_score>
<post_num>1</post_num>
<post_id>post-1</post_id>
<post_url>http://jianfei.imeee.cn/mtss/0S034222A2016.html</post_url>
<post_date>20160830</post_date>
<post_time>0000</post_time>
<username>李乐</username>
<post>
久坐族MM们一定要学起来哦！坐在办公室也可以轻松做到，保持站姿，双手在身后相握，用力向后抬起手臂，感受肩颈处的伸展。简单的一个动作，可以有效刺激肩胛骨附近的肌肉，防止背部赘肉堆积。 
3.选择侧边较宽的内衣款式 
随着年龄的增长，脂肪也容易变得更加柔软。内衣过紧过窄的话，很容易勒出层层赘肉。从现在开始，内衣的款式选择上，尽量挑选边幅较宽的款哦！ 
为了能拥有更加完美的身型， 瘦身 的过程中也不要忽视背部的保养哦！一起行动起来，消除肉肉背吧！ 本文标题: 尴尬的背部赘肉又露出来了！造成背面肥胖女的NG习惯 由 爱美丽 编辑,转载请注明出处! （ www.imeee.cn ）。 新鲜资讯
</post>
<signature>

</signature>
<external_links>

</external_links>
<country>CN</country>
<main_image></main_image>
</document>
