<?xml version="1.0" encoding="UTF-8"?>
<document>
<type>mainstream</type>
<forum>http://rssfeeds.khou.com/_/20/109677862/khou/texasnews</forum>
<forum_title>KHOU - Texas</forum_title>
<discussion_title>Former Texas Gov. Rick Perry joins...</discussion_title>
<language>english</language>
<gmt_offset></gmt_offset>
<topic_url>http://rssfeeds.khou.com/_/20/109677862/khou/http&amp;#x3a;&amp;#x2f;&amp;#x2f;www&amp;#x2e;khou&amp;#x2e;com&amp;#x2f;news&amp;#x2f;local&amp;#x2f;texas&amp;#x2f;former-texas-gov-rick-perry-joins-dwts&amp;#x2f;311270635</topic_url>
<topic_text>
Close Former Texas Gov. Rick Perry joins ‘DWTS&apos; Rick Perry is Texas&apos; longest-serving governor and a two-time unsuccessful presidential candidate. But can he two-step in his signature cowboy boots? The Associated Press , KHOU 1:27   CLEVELAND, OH - JULY 18: Former Texas Governor Rick Perry delivers a speech on the first day of the Republican National Convention on July 18, 2016 at the Quicken Loans Arena in Cleveland, Ohio. (Photo: John Moore, 2016 Getty Images) 
AUSTIN, Texas (AP) - Rick Perry is Texas&apos; longest-serving governor and a two-time unsuccessful presidential candidate. But can he two-step in his signature cowboy boots? 
America is about to find out. 
Perry tweeted Tuesday that he will appear on season 23 of &quot;Dancing with the Stars&quot; to help veterans, though he didn&apos;t elaborate on how. 
Perry left office last year. Donald Trump recently hailed the idea of Perry challenging Sen. Ted Cruz in the 2018 Republican primary, though Perry hasn&apos;t commented. 
While running for president, Perry scoffed at Trump&apos;s reality show, only to now join one. Perry also once was a fierce Trump critic, but now endorses him. 
Another Texas politico, former U.S. House Majority Leader Tom DeLay, appeared on &quot;Dancing with the Stars&quot; in 2009. 
The new season premieres Sept. 12 on ABC. My @dancingabc partner, @EmmaSlaterDance , is a great teacher but she’s got her work cut out for her. #DWTS pic.twitter.com/vmusTqXXCe
</topic_text>
<spam_score>0.00</spam_score>
<post_num>1</post_num>
<post_id>post-1</post_id>
<post_url>http://rssfeeds.khou.com/_/20/109677862/khou/http&amp;#x3a;&amp;#x2f;&amp;#x2f;www&amp;#x2e;khou&amp;#x2e;com&amp;#x2f;news&amp;#x2f;local&amp;#x2f;texas&amp;#x2f;former-texas-gov-rick-perry-joins-dwts&amp;#x2f;311270635</post_url>
<post_date>20160830</post_date>
<post_time>1827</post_time>
<username></username>
<post>
Close Former Texas Gov. Rick Perry joins ‘DWTS&apos; Rick Perry is Texas&apos; longest-serving governor and a two-time unsuccessful presidential candidate. But can he two-step in his signature cowboy boots? The Associated Press , KHOU 1:27   CLEVELAND, OH - JULY 18: Former Texas Governor Rick Perry delivers a speech on the first day of the Republican National Convention on July 18, 2016 at the Quicken Loans Arena in Cleveland, Ohio. (Photo: John Moore, 2016 Getty Images) 
AUSTIN, Texas (AP) - Rick Perry is Texas&apos; longest-serving governor and a two-time unsuccessful presidential candidate. But can he two-step in his signature cowboy boots? 
America is about to find out. 
Perry tweeted Tuesday that he will appear on season 23 of &quot;Dancing with the Stars&quot; to help veterans, though he didn&apos;t elaborate on how. 
Perry left office last year. Donald Trump recently hailed the idea of Perry challenging Sen. Ted Cruz in the 2018 Republican primary, though Perry hasn&apos;t commented. 
While running for president, Perry scoffed at Trump&apos;s reality show, only to now join one. Perry also once was a fierce Trump critic, but now endorses him. 
Another Texas politico, former U.S. House Majority Leader Tom DeLay, appeared on &quot;Dancing with the Stars&quot; in 2009. 
The new season premieres Sept. 12 on ABC. My @dancingabc partner, @EmmaSlaterDance , is a great teacher but she’s got her work cut out for her. #DWTS pic.twitter.com/vmusTqXXCe
</post>
<signature>

</signature>
<external_links>

</external_links>
<country>US</country>
<main_image>http://content.khou.com/photo/2016/08/30/GettyImages-577288002_1472574768348_5882630_ver1.0_640_360.jpg</main_image>
</document>
