<?xml version="1.0" encoding="UTF-8"?>
<document>
<type>mainstream</type>
<forum>http://hlmagazine.com/feed</forum>
<forum_title>Homes and Living Magazine</forum_title>
<discussion_title>MW60 Wireless Over Ear Headphones are back in Black</discussion_title>
<language>english</language>
<gmt_offset></gmt_offset>
<topic_url>http://hlmagazine.com/2016/08/30/mw60-wireless-over-ear-headphones-are-back-in-black/</topic_url>
<topic_text>
  Technology | 0 comments 
Master &amp; Dynamic have announced a new colorway for their MW60 Wireless Over Ear Headphones in New York City’s signature all-season color: black on black. 
Made of luxurious black metal and black leather, the headphones were named the “best Bluetooth headset” by Wired Magazine. 
The new black metal/black leather MW60 Wireless Over Ear Headphones are available on Master &amp; Dynamic’s website .
</topic_text>
<spam_score>0.00</spam_score>
<post_num>1</post_num>
<post_id>post-1</post_id>
<post_url>http://hlmagazine.com/2016/08/30/mw60-wireless-over-ear-headphones-are-back-in-black/</post_url>
<post_date>20160830</post_date>
<post_time>2247</post_time>
<username>Bhavna</username>
<post>
  Technology | 0 comments 
Master &amp; Dynamic have announced a new colorway for their MW60 Wireless Over Ear Headphones in New York City’s signature all-season color: black on black. 
Made of luxurious black metal and black leather, the headphones were named the “best Bluetooth headset” by Wired Magazine. 
The new black metal/black leather MW60 Wireless Over Ear Headphones are available on Master &amp; Dynamic’s website .
</post>
<signature>

</signature>
<external_links>

</external_links>
<country>CA</country>
<main_image></main_image>
</document>
