<?xml version="1.0" encoding="UTF-8"?>
<document>
<type>mainstream</type>
<forum>http://products4engineers.nl//rss.php</forum>
<forum_title>Products4Engineers - RSS Actuele producten</forum_title>
<discussion_title>Bender meld- en bedientableau TM-serie</discussion_title>
<language>dutch</language>
<gmt_offset></gmt_offset>
<topic_url>http://www.products4engineers.nl/industrile-automatisering/storingsmeldsystemen/pid38685-bender-meld-en-bedientableau-tm-serie.html</topic_url>
<topic_text>
Product Bender meld- en bedientableau TM-serie 
De Bender TM - panelen zijn een essentieel instrument om medisch personeel te ondersteunen in ziekenhuizen. De TM serie meld- en bedientablaus geven berichten weer over de werking, geven waarschuwingen en alarmen als platte tekst weer op een LCD- display. De tableaus worden volledig op maat gemaakt voor onze klanten. Deze informatie is door de leverancier zelf geplaatst.
</topic_text>
<spam_score>0.00</spam_score>
<post_num>1</post_num>
<post_id>post-1</post_id>
<post_url>http://www.products4engineers.nl/industrile-automatisering/storingsmeldsystemen/pid38685-bender-meld-en-bedientableau-tm-serie.html</post_url>
<post_date>20160829</post_date>
<post_time>1455</post_time>
<username></username>
<post>
Product Bender meld- en bedientableau TM-serie 
De Bender TM - panelen zijn een essentieel instrument om medisch personeel te ondersteunen in ziekenhuizen. De TM serie meld- en bedientablaus geven berichten weer over de werking, geven waarschuwingen en alarmen als platte tekst weer op een LCD- display. De tableaus worden volledig op maat gemaakt voor onze klanten. Deze informatie is door de leverancier zelf geplaatst.
</post>
<signature>

</signature>
<external_links>

</external_links>
<country>NL</country>
<main_image></main_image>
</document>
