<?xml version="1.0" encoding="UTF-8"?>
<document>
<type>mainstream</type>
<forum>http://radreise-forum.de/cache/global_rss2.xml</forum>
<forum_title>Radreise &amp; Fernradler Forum - Neue Beiträge</forum_title>
<discussion_title>Re: Ganz &quot;einfache&quot; Hinterradnabe</discussion_title>
<language>german</language>
<gmt_offset></gmt_offset>
<topic_url>http://radreise-forum.de/showflat/Board/8/Number/1232344</topic_url>
<topic_text>
In Antwort auf: Flying Pigeon Ist meine Vorstellung von einem Hinterrad so komplett aus der Zeit gefallen? Ja, definitiv.Richtig hochwertige Naben finden sich nur noch bei Rennrädern (130 mm Einbauweite) oder bei MTB (mit Bremsscheibenaufnahme). Und dann eher mit 32 Loch oder weniger. 36 Loch mit Rillenkugellager und für Felgenbremse ist echt verdammt selten und teuer. In Antwort auf: Flying Pigeon Wenn sich nichts besseres findet, läuft es wohl auf eine Deore XT hinaus (leider mit Konuslagern). Die XT ist überhaupt keine schlechte Nabe. Aber wenn schon, dann nimm lieber die LX. Die hat mehr Stahl und weniger Alu verbaut.Und es findet sich selbstverständlich besseres. Aber nicht zum Preis einer Shimano-Nabe, sondern im dreistelligen Euro-Bereich. In Antwort auf: Flying Pigeon Habt Ihr noch Ideen für eine Nabe? Novatec Trekking - leider nur 32 Loch DT Swiss 370 - gibt bzw. gab es in allen Varianten: 130 mm, 135 mm, für Felgenbremse, für Scheibenbremse. Allerdings scheint die kaum noch jemand zu haben. Preis war bei Rose früher mal um die 100 . Aber: nur 32 Loch. Ansonsten geht z.B. die DT Swiss 350: klick - auch nur 32 Loch - und dito bei der teureren 240Langsam arbeiten wir uns preislich nach oben. Folgende Nabe erfüllt ALLE deine Anforderungen für 180 : Hope Mono RS Und weiter gehts: White Industries MI5 - für 340 Der King unter den Naben: Chris King Classic Cross - stolze 450 
</topic_text>
<spam_score>0.00</spam_score>
<post_num>1</post_num>
<post_id>post-1</post_id>
<post_url>http://radreise-forum.de/showflat/Board/8/Number/1232344</post_url>
<post_date>20160830</post_date>
<post_time>2354</post_time>
<username></username>
<post>
In Antwort auf: Flying Pigeon Ist meine Vorstellung von einem Hinterrad so komplett aus der Zeit gefallen? Ja, definitiv.Richtig hochwertige Naben finden sich nur noch bei Rennrädern (130 mm Einbauweite) oder bei MTB (mit Bremsscheibenaufnahme). Und dann eher mit 32 Loch oder weniger. 36 Loch mit Rillenkugellager und für Felgenbremse ist echt verdammt selten und teuer. In Antwort auf: Flying Pigeon Wenn sich nichts besseres findet, läuft es wohl auf eine Deore XT hinaus (leider mit Konuslagern). Die XT ist überhaupt keine schlechte Nabe. Aber wenn schon, dann nimm lieber die LX. Die hat mehr Stahl und weniger Alu verbaut.Und es findet sich selbstverständlich besseres. Aber nicht zum Preis einer Shimano-Nabe, sondern im dreistelligen Euro-Bereich. In Antwort auf: Flying Pigeon Habt Ihr noch Ideen für eine Nabe? Novatec Trekking - leider nur 32 Loch DT Swiss 370 - gibt bzw. gab es in allen Varianten: 130 mm, 135 mm, für Felgenbremse, für Scheibenbremse. Allerdings scheint die kaum noch jemand zu haben. Preis war bei Rose früher mal um die 100 . Aber: nur 32 Loch. Ansonsten geht z.B. die DT Swiss 350: klick - auch nur 32 Loch - und dito bei der teureren 240Langsam arbeiten wir uns preislich nach oben. Folgende Nabe erfüllt ALLE deine Anforderungen für 180 : Hope Mono RS Und weiter gehts: White Industries MI5 - für 340 Der King unter den Naben: Chris King Classic Cross - stolze 450 
</post>
<signature>

</signature>
<external_links>

</external_links>
<country>DE</country>
<main_image></main_image>
</document>
