<?xml version="1.0" encoding="UTF-8"?>
<document>
<type>mainstream</type>
<forum>http://www.theatlantic.com/international/</forum>
<forum_title>Global - The Atlantic</forum_title>
<discussion_title>UN Says at Least 10,000 Killed in Yemen, Exceeding Previous Estimates</discussion_title>
<language>english</language>
<gmt_offset></gmt_offset>
<topic_url>http://www.theatlantic.com/news/archive/2016/08/the-10000-civilians-killed-in-yemen/498068/</topic_url>
<topic_text>
NEWS BRIEF The United Nations said Tuesday at least 10,000 civilians have been killed during Yemen’s 18-month civil war, an estimate that surpasses previous reports.
Jamie McGoldrick, a UN humanitarian official and the agency’s representative to Yemen , said the new estimate is based on statistics from medical facilities in the country—a number that may rise as many people are often buried without official records, Reuters reports . Previous estimates ranged between 4,000 and 9,000 casualties.
“We know the numbers are much higher but we can’t tell you by how much,&quot; McGoldrick told reporters Tuesday at a news conference in the capital city of Sanaa. “The figures we have are probably incomplete because we take the numbers from functioning health services, and in some of these areas there are no functioning health services.”
Medical facilities, where they exist in the country, have not been immune to the escalation in hostilities. A Médecins Sans Frontières (Doctors Without Borders) hospital was bombed in northern Yemen this month , killing 11 people and wounding 19. The medical charity said it was the fourth attack against one of their facilities in less than a year, further endangering the already limited access to health care in the country.
</topic_text>
<spam_score>0.00</spam_score>
<post_num>4</post_num>
<post_id>post-4</post_id>
<post_url>http://www.theatlantic.com/news/archive/2016/08/the-10000-civilians-killed-in-yemen/498068/</post_url>
<post_date>20160831</post_date>
<post_time>0044</post_time>
<username>Visitor</username>
<post>
NATO influence on Yemen has been genocidal. Besides their early bombing campaigns, Multiple NATO states have been propping up their dire economies with rampant international weapon sales. Lately, one of their better customers has been Saudi Arabia so it can murder Yemeni people. Western states minimize (NATO backed) Saudi Arabian genocide in Yemen Over the last decade there has been a mounting call for the US, UK, Europe, and the world to recognize the Turkish genocide in Armenia 100 years ago, yet, NATO has been creating genocides in West Asia, North and Central Africa for decades into this minute. &quot;Death to America&quot; is an international call for justice.
</post>
<signature>

</signature>
<external_links>

</external_links>
<country>US</country>
<main_image>https://cdn.theatlantic.com/assets/media/img/mt/2016/08/AP_16242417760616/facebook.jpg?1472585346</main_image>
</document>
