<?xml version="1.0" encoding="UTF-8"?>
<document>
<type>mainstream</type>
<forum></forum>
<forum_title></forum_title>
<discussion_title>One dead, five in custody after New Jersey highway shootout</discussion_title>
<language>english</language>
<gmt_offset></gmt_offset>
<topic_url>http://www.philly.com/philly/wires/reuters/news/nation/391780721.html</topic_url>
<topic_text>
One dead, five in custody after New Jersey highway shootout Updated: August 30, 2016 — 3:00 PM EDT Share Close icon Reuters 
NEW YORK (Reuters) - Five people have been arrested following a deadly shootout in broad daylight between moving vehicles on a New Jersey highway, police said on Tuesday. 
The incident, which occurred on Monday afternoon along the Atlantic City Expressway, involved at least two cars and left one man dead, according to state police, who were still piecing together the details of the shootout. 
State troopers responding to an emergency call found Rosemond Octavius, 22, dead in the passenger seat of a Nissan Maxima. The driver, 24-year-old Anthony Hicks, told police Octavius had been shot while they drove down the highway. 
Subsequent 911 calls reported that four males arrived at a nearby Wawa store with gunshot wounds. They were taken to a hospital for treatment, and their Ford Expedition had been hit by more than 20 bullets, police said. Police found an assault rifle and three handguns in the car. 
Witnesses told police that a Dodge Ram pickup truck may also have been involved in the shooting. That truck has not been located. 
Police said it was not yet clear who shot Octavius or the passengers in the Expedition. 
Hicks and the four occupants of the Expedition – Lenardo Caro, 24, Yahshaun Stukes-Williams, 19, Shaun Stukes, 38, and a 16-year-old whose name was not released - are facing weapons charges. Police said they expect to file additional charges as the investigation proceeds. 
(Reporting by Joseph Ax; Editing by Leslie Adler) More Coverage 
</topic_text>
<spam_score>0.14</spam_score>
<post_num>1</post_num>
<post_id>post-1</post_id>
<post_url>http://www.philly.com/philly/wires/reuters/news/nation/391780721.html</post_url>
<post_date>20160830</post_date>
<post_time></post_time>
<username></username>
<post>
One dead, five in custody after New Jersey highway shootout Updated: August 30, 2016 — 3:00 PM EDT Share Close icon Reuters 
NEW YORK (Reuters) - Five people have been arrested following a deadly shootout in broad daylight between moving vehicles on a New Jersey highway, police said on Tuesday. 
The incident, which occurred on Monday afternoon along the Atlantic City Expressway, involved at least two cars and left one man dead, according to state police, who were still piecing together the details of the shootout. 
State troopers responding to an emergency call found Rosemond Octavius, 22, dead in the passenger seat of a Nissan Maxima. The driver, 24-year-old Anthony Hicks, told police Octavius had been shot while they drove down the highway. 
Subsequent 911 calls reported that four males arrived at a nearby Wawa store with gunshot wounds. They were taken to a hospital for treatment, and their Ford Expedition had been hit by more than 20 bullets, police said. Police found an assault rifle and three handguns in the car. 
Witnesses told police that a Dodge Ram pickup truck may also have been involved in the shooting. That truck has not been located. 
Police said it was not yet clear who shot Octavius or the passengers in the Expedition. 
Hicks and the four occupants of the Expedition – Lenardo Caro, 24, Yahshaun Stukes-Williams, 19, Shaun Stukes, 38, and a 16-year-old whose name was not released - are facing weapons charges. Police said they expect to file additional charges as the investigation proceeds. 
(Reporting by Joseph Ax; Editing by Leslie Adler) More Coverage 
</post>
<signature>

</signature>
<external_links>

</external_links>
<country>US</country>
<main_image>http://media.philly.com/designimages/pcom-FB.jpg</main_image>
</document>
