<?xml version="1.0" encoding="UTF-8"?>
<document>
<type>mainstream</type>
<forum></forum>
<forum_title></forum_title>
<discussion_title>REFILE-N.Y. high court broadens definition of parent in landmark ruling</discussion_title>
<language>english</language>
<gmt_offset></gmt_offset>
<topic_url>http://www.philly.com/philly/wires/reuters/news/report/391780831.html</topic_url>
<topic_text>
REFILE-N.Y. high court broadens definition of parent in landmark ruling Updated: August 30, 2016 — 4:23 PM EDT Share 
(Removes errant word after ruling in seventh paragraph. No other changes to text) 
By Karen Freifeld 
NEW YORK, Aug 30 (Reuters) - In a landmark ruling for non-traditional families in New York, the state&apos;s highest court on Tuesday held a person need not have a biological or adoptive relationship with a child to be considered a parent. 
The decision by the New York Court of Appeals gives such individuals legal standing to seek custody or visitation rights. 
The state&apos;s earlier definition of parent had become &quot;unworkable&quot; given today&apos;s increasingly varied family relationships, Judge Sheila Abdus-Salaam wrote on behalf of five members of a six-judge panel. 
According to the ruling, a person can claim parenthood by presenting &quot;clear and convincing evidence that the parties agreed to conceive a child and to raise the child together.&quot; 
New York has been a laggard in expanding the definition of parenthood, as a majority of states already recognize non-biological, non-adoptive parents. 
The ruling mainly affects unmarried couples with children, as married spouses with children are presumed to have parental rights. Many of the former are same-sex pairings, as New York did not allow gay marriage until 2011. 
Tuesday&apos;s ruling arose from two cases involving same-sex couples. In one, a woman became pregnant through artificial insemination and, after the relationship deteriorated, cut off her former partner&apos;s contact with the child. The partner subsequently sought joint custody and visitation, but was turned down because she was not a biological or adoptive parent. 
The second case involved an unmarried same-sex couple who had a child before splitting up. The biological mother sought child support from her former partner. 
The court granted her request but also allowed a visitation petition by the child&apos;s non-biological mother, ruling it would be inconsistent to consider the latter a parent only for purposes of paying support. 
Court of Appeals Judge Eugene Pigott issued a separate opinion in the cases, concurring with the results but saying the state&apos;s definition of parenthood should properly be set by the legislature. 
Eric Wrubel, who represented the child in one of the cases, hailed the ruling, saying it would make sure &quot;one parent doesn&apos;t disappear because one person doesn&apos;t like the other anymore.&quot; (Reporting By Karen Freifeld; Editing by Alan Crosby) More Coverage 
</topic_text>
<spam_score>0.03</spam_score>
<post_num>1</post_num>
<post_id>post-1</post_id>
<post_url>http://www.philly.com/philly/wires/reuters/news/report/391780831.html</post_url>
<post_date>20160830</post_date>
<post_time></post_time>
<username></username>
<post>
REFILE-N.Y. high court broadens definition of parent in landmark ruling Updated: August 30, 2016 — 4:23 PM EDT Share 
(Removes errant word after ruling in seventh paragraph. No other changes to text) 
By Karen Freifeld 
NEW YORK, Aug 30 (Reuters) - In a landmark ruling for non-traditional families in New York, the state&apos;s highest court on Tuesday held a person need not have a biological or adoptive relationship with a child to be considered a parent. 
The decision by the New York Court of Appeals gives such individuals legal standing to seek custody or visitation rights. 
The state&apos;s earlier definition of parent had become &quot;unworkable&quot; given today&apos;s increasingly varied family relationships, Judge Sheila Abdus-Salaam wrote on behalf of five members of a six-judge panel. 
According to the ruling, a person can claim parenthood by presenting &quot;clear and convincing evidence that the parties agreed to conceive a child and to raise the child together.&quot; 
New York has been a laggard in expanding the definition of parenthood, as a majority of states already recognize non-biological, non-adoptive parents. 
The ruling mainly affects unmarried couples with children, as married spouses with children are presumed to have parental rights. Many of the former are same-sex pairings, as New York did not allow gay marriage until 2011. 
Tuesday&apos;s ruling arose from two cases involving same-sex couples. In one, a woman became pregnant through artificial insemination and, after the relationship deteriorated, cut off her former partner&apos;s contact with the child. The partner subsequently sought joint custody and visitation, but was turned down because she was not a biological or adoptive parent. 
The second case involved an unmarried same-sex couple who had a child before splitting up. The biological mother sought child support from her former partner. 
The court granted her request but also allowed a visitation petition by the child&apos;s non-biological mother, ruling it would be inconsistent to consider the latter a parent only for purposes of paying support. 
Court of Appeals Judge Eugene Pigott issued a separate opinion in the cases, concurring with the results but saying the state&apos;s definition of parenthood should properly be set by the legislature. 
Eric Wrubel, who represented the child in one of the cases, hailed the ruling, saying it would make sure &quot;one parent doesn&apos;t disappear because one person doesn&apos;t like the other anymore.&quot; (Reporting By Karen Freifeld; Editing by Alan Crosby) More Coverage 
</post>
<signature>

</signature>
<external_links>

</external_links>
<country>US</country>
<main_image>http://media.philly.com/designimages/pcom-FB.jpg</main_image>
</document>
