<?xml version="1.0" encoding="UTF-8"?>
<document>
<type>mainstream</type>
<forum></forum>
<forum_title></forum_title>
<discussion_title>Obama shortens prison sentences of 111 convicts: White House</discussion_title>
<language>english</language>
<gmt_offset></gmt_offset>
<topic_url>http://www.philly.com/philly/wires/reuters/news/politics/391780751.html</topic_url>
<topic_text>
Obama shortens prison sentences of 111 convicts: White House Updated: August 30, 2016 — 4:09 PM EDT Share U.S. President Barack Obama walks from the Oval Office of the White House in Washington, U.S. before his departure to the Walter Reed National Military Medical Center, August 26, 2016. REUTERS/Yuri Gripas by Reuters Close icon Reuters 
WASHINGTON (Reuters) - U.S. President Barack Obama shortened the prison sentences of 111 convicts serving time for drug-related offenses in his second round of clemency grants this month, the White House said on Tuesday. Mail icon 
Obama has now granted a total of 673 commutations during his presidency, more than the number granted by the 10 previous presidents combined, as he seeks to reform the criminal justice system, it said. 
For some of the convicts, the commutations mean they will serve only half of their original prison sentences. For instance, Sly Stallone Aikens of South Carolina, serving a sentence of 360 months for using and carrying a gun during a drug trafficking crime, will now serve only 180 months. 
More than one-third of the 673 convicts had been serving life sentences. 
Obama has made reducing the number of people serving long sentences for nonviolent drug offenses a priority. It is one of the rare issues where the president gets support from Republican lawmakers. 
He launched the clemency program in 2014, inviting thousands of drug offenders and others to seek early release. It was the most ambitious such program in 40 years, but it has struggled under a flood of thousands of unprocessed cases. 
The White House counsel, Neil Eggleston, said he expects Obama will continue to grant commutations through the end of his presidency, which ends on Jan. 20. But only legislation passed by Congress can &quot;achieve the broader reforms needed to ensure our federal sentencing system operates more fairly and effectively,&quot; Eggleston said. 
(Reporting by Timothy Gardner and Ayesha Rascoe; Editing by Jeffrey Benkoe and Jonathan Oatis) More Coverage 
</topic_text>
<spam_score>0.15</spam_score>
<post_num>1</post_num>
<post_id>post-1</post_id>
<post_url>http://www.philly.com/philly/wires/reuters/news/politics/391780751.html</post_url>
<post_date>20160830</post_date>
<post_time></post_time>
<username></username>
<post>
Obama shortens prison sentences of 111 convicts: White House Updated: August 30, 2016 — 4:09 PM EDT Share U.S. President Barack Obama walks from the Oval Office of the White House in Washington, U.S. before his departure to the Walter Reed National Military Medical Center, August 26, 2016. REUTERS/Yuri Gripas by Reuters Close icon Reuters 
WASHINGTON (Reuters) - U.S. President Barack Obama shortened the prison sentences of 111 convicts serving time for drug-related offenses in his second round of clemency grants this month, the White House said on Tuesday. Mail icon 
Obama has now granted a total of 673 commutations during his presidency, more than the number granted by the 10 previous presidents combined, as he seeks to reform the criminal justice system, it said. 
For some of the convicts, the commutations mean they will serve only half of their original prison sentences. For instance, Sly Stallone Aikens of South Carolina, serving a sentence of 360 months for using and carrying a gun during a drug trafficking crime, will now serve only 180 months. 
More than one-third of the 673 convicts had been serving life sentences. 
Obama has made reducing the number of people serving long sentences for nonviolent drug offenses a priority. It is one of the rare issues where the president gets support from Republican lawmakers. 
He launched the clemency program in 2014, inviting thousands of drug offenders and others to seek early release. It was the most ambitious such program in 40 years, but it has struggled under a flood of thousands of unprocessed cases. 
The White House counsel, Neil Eggleston, said he expects Obama will continue to grant commutations through the end of his presidency, which ends on Jan. 20. But only legislation passed by Congress can &quot;achieve the broader reforms needed to ensure our federal sentencing system operates more fairly and effectively,&quot; Eggleston said. 
(Reporting by Timothy Gardner and Ayesha Rascoe; Editing by Jeffrey Benkoe and Jonathan Oatis) More Coverage 
</post>
<signature>

</signature>
<external_links>

</external_links>
<country>US</country>
<main_image>http://media.philly.com/images/2016-08-30T191411Z_1_LYNXNPEC7T1I0_RTROPTP_3_USA-OBAMA.JPG</main_image>
</document>
