<?xml version="1.0" encoding="UTF-8"?>
<document>
<type>mainstream</type>
<forum>http://www.bignewsnetwork.com/index.php/nav/rss/b9f388ba82df9ba1</forum>
<forum_title>Latest Big News Network RSS Feeds</forum_title>
<discussion_title>Fire hits 28-floor Abu Dhabi tower under construction, 13 injured</discussion_title>
<language>english</language>
<gmt_offset></gmt_offset>
<topic_url>http://www.bignewsnetwork.com/news/247213179/fire-hits-28-floor-abu-dhabi-tower-under-construction-13-injured</topic_url>
<topic_text>
GMA News Wednesday 31st August, 2016 ABU DHABI - Fire swept through a 28-storey skyscraper under construction in Abu Dhabi on Tuesday and injured 13 people, the latest in a series of blazes to hit tall buildings in the United Arab Emirates over the last 18 months. Thick black smoke billowed from the top 20 floors of the almost-completed commercial building in the UAE&apos;s capital. Firefighters, overseen by helicopters, were working to put the blaze out two hours after it started, witnesses said. Civil defense personnel helped construction workers in the building, as well as guests and staff at an adjacent luxury hotel, evacuate ...
</topic_text>
<spam_score>0.00</spam_score>
<post_num>1</post_num>
<post_id>post-1</post_id>
<post_url>http://www.bignewsnetwork.com/news/247213179/fire-hits-28-floor-abu-dhabi-tower-under-construction-13-injured</post_url>
<post_date>20160830</post_date>
<post_time>1636</post_time>
<username></username>
<post>
GMA News Wednesday 31st August, 2016 ABU DHABI - Fire swept through a 28-storey skyscraper under construction in Abu Dhabi on Tuesday and injured 13 people, the latest in a series of blazes to hit tall buildings in the United Arab Emirates over the last 18 months. Thick black smoke billowed from the top 20 floors of the almost-completed commercial building in the UAE&apos;s capital. Firefighters, overseen by helicopters, were working to put the blaze out two hours after it started, witnesses said. Civil defense personnel helped construction workers in the building, as well as guests and staff at an adjacent luxury hotel, evacuate ...
</post>
<signature>

</signature>
<external_links>

</external_links>
<country>US</country>
<main_image>http://static.bignewsnetwork.com/bignewsnetwork/big-news-network-slogan.jpg</main_image>
</document>
