<?xml version="1.0" encoding="UTF-8"?>
<document>
<type>mainstream</type>
<forum></forum>
<forum_title></forum_title>
<discussion_title>Bodies of 2 firefighters returning to Michigan</discussion_title>
<language>english</language>
<gmt_offset></gmt_offset>
<topic_url>http://www.philly.com/philly/wires/ap/news/391777311.html</topic_url>
<topic_text>
Bodies of 2 firefighters returning to Michigan Updated: August 30, 2016 — 2:07 PM EDT Share Close icon The Associated Press 
MINNEAPOLIS (AP) - The bodies of two firefighters killed in a crash on a Minnesota interstate are being returned to their home state of Michigan. 
A procession of vehicles left a south Minneapolis funeral home early Tuesday. Firefighters from Minnesota&apos;s Fire Service Foundation were escorting the bodies of James Shelifoe Jr. and Alan Swartz back to the Keweenaw Bay Indian Community, where they served as Beartown firefighters based in Baraga on Michigan&apos;s Upper Peninsula. 
Seven other firefighters were hurt when their truck crashed Saturday on Interstate 35W in the Minneapolis suburb of Blaine. They include Michael Johnson, the firefighter behind the wheel of the truck. Johnson has been charged with two felony counts of criminal vehicular homicide. Unconditional bail was set at $250,000, and his request for a public defender was denied Tuesday. More Coverage 
</topic_text>
<spam_score>0.83</spam_score>
<post_num>1</post_num>
<post_id>post-1</post_id>
<post_url>http://www.philly.com/philly/wires/ap/news/391777311.html</post_url>
<post_date>20160830</post_date>
<post_time></post_time>
<username>The Associated Press</username>
<post>
Bodies of 2 firefighters returning to Michigan Updated: August 30, 2016 — 2:07 PM EDT Share Close icon The Associated Press 
MINNEAPOLIS (AP) - The bodies of two firefighters killed in a crash on a Minnesota interstate are being returned to their home state of Michigan. 
A procession of vehicles left a south Minneapolis funeral home early Tuesday. Firefighters from Minnesota&apos;s Fire Service Foundation were escorting the bodies of James Shelifoe Jr. and Alan Swartz back to the Keweenaw Bay Indian Community, where they served as Beartown firefighters based in Baraga on Michigan&apos;s Upper Peninsula. 
Seven other firefighters were hurt when their truck crashed Saturday on Interstate 35W in the Minneapolis suburb of Blaine. They include Michael Johnson, the firefighter behind the wheel of the truck. Johnson has been charged with two felony counts of criminal vehicular homicide. Unconditional bail was set at $250,000, and his request for a public defender was denied Tuesday. More Coverage 
</post>
<signature>

</signature>
<external_links>

</external_links>
<country>US</country>
<main_image>http://media.philly.com/designimages/pcom-FB.jpg</main_image>
</document>
