<?xml version="1.0" encoding="UTF-8"?>
<document>
<type>mainstream</type>
<forum>http://saida.tv/feed</forum>
<forum_title>Saida.tv</forum_title>
<discussion_title>لعاشقات “القيصر”: هي ملهمته ويحزن إذا “زعلت منه”</discussion_title>
<language>arabic</language>
<gmt_offset></gmt_offset>
<topic_url>http://saida.tv/%d9%84%d8%b9%d8%a7%d8%b4%d9%82%d8%a7%d8%aa-%d8%a7%d9%84%d9%82%d9%8a%d8%b5%d8%b1-%d9%87%d9%8a-%d9%85%d9%84%d9%87%d9%85%d8%aa%d9%87-%d9%88%d9%8a%d8%ad%d8%b2%d9%86-%d8%a5%d8%b0%d8%a7-%d8%b2%d8%b9/</topic_url>
<topic_text>
  فن » لعاشقات “القيصر”: هي ملهمته ويحزن إذا “زعلت منه” لعاشقات “القيصر”: هي ملهمته ويحزن إذا “زعلت منه” كتب في : أغسطس 30, 2016 في فن أجرت مجلّة “سيدتي” مقابلة مع الفنان كاظم الساهر، تمّ التركيز فيها على الجانب الذي يعتّم عليه معظم الفنانون: الحياة العاطفية. إذ كشف “القيصر” أن لديه حبيبة وقد فكّر أن يتزوّج فعلياً منها ولكن “ما صار نصيب حتى الآن بصراحة”، نافياً زواجه الأسبوع الماضي. وأكّد الساهر أنّ بداخله حبّ عظيم لحبيبته وأنّ النصيب الأكبر من الإلهام في أغانيه لها، مشيراً إلى أنّ “لا يوجد أغنية هي ليست ملهمتي فيها. كل الأغاني التي فيها قوة العاطفة كانت حبيبتي ملهمتي، وحقيقة هي كثيرة. أحياناً، عندما كانت تزعل أقول لها: حرام عليكِ ما أعرف أعمل، صراحة الموسيقى تطلع مو مضبوطة، هيَ خدود الورد تطلع جفاف، ثم أقول لها “تطرّي عليّ” أي كوني حنونة ولينة وبصراحة أحزن عليها إذا زعلت مني”.
</topic_text>
<spam_score>0.00</spam_score>
<post_num>1</post_num>
<post_id>post-1</post_id>
<post_url>http://saida.tv/%d9%84%d8%b9%d8%a7%d8%b4%d9%82%d8%a7%d8%aa-%d8%a7%d9%84%d9%82%d9%8a%d8%b5%d8%b1-%d9%87%d9%8a-%d9%85%d9%84%d9%87%d9%85%d8%aa%d9%87-%d9%88%d9%8a%d8%ad%d8%b2%d9%86-%d8%a5%d8%b0%d8%a7-%d8%b2%d8%b9/</post_url>
<post_date>20160830</post_date>
<post_time>1830</post_time>
<username>Saida.tv</username>
<post>
  فن » لعاشقات “القيصر”: هي ملهمته ويحزن إذا “زعلت منه” لعاشقات “القيصر”: هي ملهمته ويحزن إذا “زعلت منه” كتب في : أغسطس 30, 2016 في فن أجرت مجلّة “سيدتي” مقابلة مع الفنان كاظم الساهر، تمّ التركيز فيها على الجانب الذي يعتّم عليه معظم الفنانون: الحياة العاطفية. إذ كشف “القيصر” أن لديه حبيبة وقد فكّر أن يتزوّج فعلياً منها ولكن “ما صار نصيب حتى الآن بصراحة”، نافياً زواجه الأسبوع الماضي. وأكّد الساهر أنّ بداخله حبّ عظيم لحبيبته وأنّ النصيب الأكبر من الإلهام في أغانيه لها، مشيراً إلى أنّ “لا يوجد أغنية هي ليست ملهمتي فيها. كل الأغاني التي فيها قوة العاطفة كانت حبيبتي ملهمتي، وحقيقة هي كثيرة. أحياناً، عندما كانت تزعل أقول لها: حرام عليكِ ما أعرف أعمل، صراحة الموسيقى تطلع مو مضبوطة، هيَ خدود الورد تطلع جفاف، ثم أقول لها “تطرّي عليّ” أي كوني حنونة ولينة وبصراحة أحزن عليها إذا زعلت مني”.
</post>
<signature>

</signature>
<external_links>

</external_links>
<country>TV</country>
<main_image>http://saida.tv/wp-content/uploads/2016/08/160830053909462~kazem.jpg</main_image>
</document>
