<?xml version="1.0" encoding="UTF-8"?>
<document>
<type>mainstream</type>
<forum></forum>
<forum_title></forum_title>
<discussion_title>Notre Dame likely to have 4 arrested players ready for Texas</discussion_title>
<language>english</language>
<gmt_offset></gmt_offset>
<topic_url>http://www.philly.com/philly/wires/ap/sports/391781921.html</topic_url>
<topic_text>
Notre Dame likely to have 4 arrested players ready for Texas Updated: August 30, 2016 — 2:55 PM EDT Share 
Kelly dismissed a fi 
</topic_text>
<spam_score>0.00</spam_score>
<post_num>1</post_num>
<post_id>post-1</post_id>
<post_url>http://www.philly.com/philly/wires/ap/sports/391781921.html</post_url>
<post_date>20160830</post_date>
<post_time></post_time>
<username>Tom Coyne</username>
<post>
Notre Dame likely to have 4 arrested players ready for Texas Updated: August 30, 2016 — 2:55 PM EDT Share 
Kelly dismissed a fi 
</post>
<signature>

</signature>
<external_links>

</external_links>
<country>US</country>
<main_image>http://media.philly.com/designimages/pcom-FB.jpg</main_image>
</document>
