<?xml version="1.0" encoding="UTF-8"?>
<document>
<type>mainstream</type>
<forum>http://rssfeeds.nwcn.com/_/20/94848703/nwcn/entertainment</forum>
<forum_title>NWCN - Entertainment</forum_title>
<discussion_title>Free Chipotle for kids and students...</discussion_title>
<language>english</language>
<gmt_offset></gmt_offset>
<topic_url>http://rssfeeds.nwcn.com/_/20/94848703/nwcn/http&amp;#x3a;&amp;#x2f;&amp;#x2f;www&amp;#x2e;nwcn&amp;#x2e;com&amp;#x2f;entertainment&amp;#x2f;free-chipotle-for-kids-and-students-in-september-1&amp;#x2f;311457232</topic_url>
<topic_text>
Free Chipotle for kids and students in September! Madeline Cuddihy , KING 3:34 PM. PDT August 30, 2016 CONNECT TWEET LINKEDIN GOOGLE+ PINTEREST 
Red alert Chipotle fans! 
All month long Chipotle will be giving kids free meals on Sundays with any purchase of a burrito, salad, taco or regular menu item. The children&apos;s meal will include a kid-sized meal and a fun coloring page! Though this option is only for children ages 12 and under we think pets, stuffed animals and people who have the heart of a child (aka everyone) should get free meals too...but we&apos;ll work on it! 
Also, college and high school students with a valid student ID will get a free fountain drink with any purchase of a regular menu item! 
This special promotion will only last this coming month so don&apos;t miss out! 
KING
</topic_text>
<spam_score>0.00</spam_score>
<post_num>1</post_num>
<post_id>post-1</post_id>
<post_url>http://rssfeeds.nwcn.com/_/20/94848703/nwcn/http&amp;#x3a;&amp;#x2f;&amp;#x2f;www&amp;#x2e;nwcn&amp;#x2e;com&amp;#x2f;entertainment&amp;#x2f;free-chipotle-for-kids-and-students-in-september-1&amp;#x2f;311457232</post_url>
<post_date>20160830</post_date>
<post_time>2234</post_time>
<username></username>
<post>
Free Chipotle for kids and students in September! Madeline Cuddihy , KING 3:34 PM. PDT August 30, 2016 CONNECT TWEET LINKEDIN GOOGLE+ PINTEREST 
Red alert Chipotle fans! 
All month long Chipotle will be giving kids free meals on Sundays with any purchase of a burrito, salad, taco or regular menu item. The children&apos;s meal will include a kid-sized meal and a fun coloring page! Though this option is only for children ages 12 and under we think pets, stuffed animals and people who have the heart of a child (aka everyone) should get free meals too...but we&apos;ll work on it! 
Also, college and high school students with a valid student ID will get a free fountain drink with any purchase of a regular menu item! 
This special promotion will only last this coming month so don&apos;t miss out! 
KING
</post>
<signature>

</signature>
<external_links>

</external_links>
<country>US</country>
<main_image>http://content.wusa9.com/photo/2016/08/29/Chipotle_Brandon.jpeg_1472494993636_5871909_ver1.0_640_360.jpeg</main_image>
</document>
