<?xml version="1.0" encoding="UTF-8"?>
<document>
<type>mainstream</type>
<forum>http://www.bignewsnetwork.com/index.php/nav/rss/b9f388ba82df9ba1</forum>
<forum_title>Latest Big News Network RSS Feeds</forum_title>
<discussion_title>82-year-old businessman jailed in Dubai for forging licence</discussion_title>
<language>english</language>
<gmt_offset></gmt_offset>
<topic_url>http://www.bignewsnetwork.com/news/247208689/82-year-old-businessman-jailed-in-dubai-for-forging-licence</topic_url>
<topic_text>
The National Wednesday 31st August, 2016 DUBAI // An 82-year-old man will spend three months in jail for altering a business licence and omitting his partner’s name.On June 15 last year and before then the Emirati businessman changed the status on a license issued by Dubai’s Department of Economic Development from a limited liability company to an individual company and removed his partner’s name from the document before submitting it to the municipality. ...
</topic_text>
<spam_score>0.00</spam_score>
<post_num>1</post_num>
<post_id>post-1</post_id>
<post_url>http://www.bignewsnetwork.com/news/247208689/82-year-old-businessman-jailed-in-dubai-for-forging-licence</post_url>
<post_date>20160830</post_date>
<post_time>1651</post_time>
<username></username>
<post>
The National Wednesday 31st August, 2016 DUBAI // An 82-year-old man will spend three months in jail for altering a business licence and omitting his partner’s name.On June 15 last year and before then the Emirati businessman changed the status on a license issued by Dubai’s Department of Economic Development from a limited liability company to an individual company and removed his partner’s name from the document before submitting it to the municipality. ...
</post>
<signature>

</signature>
<external_links>

</external_links>
<country>US</country>
<main_image>http://static.bignewsnetwork.com/bignewsnetwork/big-news-network-slogan.jpg</main_image>
</document>
