<?xml version="1.0" encoding="UTF-8"?>
<document>
<type>mainstream</type>
<forum>http://www.republika.co.id/rss/</forum>
<forum_title>Republika Online RSS Feed</forum_title>
<discussion_title>Sukabumi akan Buat Perda Kawasan Industri</discussion_title>
<language>indonesian</language>
<gmt_offset></gmt_offset>
<topic_url>http://nasional.republika.co.id/berita/nasional/daerah/16/08/31/ocr0jp368-sukabumi-akan-buat-perda-kawasan-industri</topic_url>
<topic_text>
 40 WIB Sukabumi akan Buat Perda Kawasan Industri Rep: Riga Nurul Iman/ Red: Dwi Murdaningsih Antara/Yudhi Mahatma Aktivitas di pabrik (ilustrasi). 
REPUBLIKA.CO.ID, SUKABUMI-- Pemkab Sukabumi sedang menyusun rancangan peraturan daerah (Raperda) tentang kawasan industri. Nantinya, rumusan raperda tersebut akan dibahas bersama kalangan DPRD untuk segera disahkan menjadi perda.&quot;Kami masih menyusun draf raperda mengenai kawasan industri,&quot; ujar Kepala Bidang Perijinan Ekonomi, Badan Penanaman Modal dan Perijinan Terpadu (BPMPT) Kabupaten Sukabumi, Asep Saeful Ramdhan kepada wartawan Rabu (31/8). Targetnya, raperda tersebut bisa segera disahkan dan diterapkan pada 2017 mendatang. Menurut Asep, penetapan kawasan industri diperlukan untuk pengembangan investasi di daerah. Penetapan kawasan industri nantinya akan mempermudah investor dalam menetapkan usahanya di Sukabumi. Selain itu keberadaan kawasan industri kan memudahkan dalam proses pemberian izin gangguan, izin tempat usaha maupun analisis mengenai dampak lingkungan (Amdal). Asep menerangkan, dalam raperda tersebut akan ditetapkan persyaratan suatu daerah ditetapkan sebagai kawasan industri. Misalnya mengenai tanggungjawab pengelolan dan luasan lahan yang harus disiapkan minimal 50 hektare. Termasuk di dalamnya perizinan yang harus dilengkapi. Syarat lainnya ungkap Asep misalnya ada penataan wilayah yang dimungkinkan untuk perluasan kawasan industri.Sebelumnya, pada 2015 lalu BMPT merencanakan ada lima zona kawasan industri. Ke lima zona ini tersebar baik di wilayah utara, tengah, maupun selatan Sukabumi. Ada dua zona yang berada di selatan yakni Tegalbuleud yang fokus pada bidang pertambangan pasir besi dan perkebunan. 
Zona lainnya yakni Palabuhanratu yang menjadi kawasan agrowisata sesuai dengan potensi pada bidang perikanan dan pariwisata. Dua zona lainnya berada di utara yakni Ciambar dan Sukalarang yang dijadikan sentra kawasan industri umum. Terakhir, satu zona yang berada di tengah Sukabumi yakni Cikembar yang ditetapkan sebagai kawasan industri umum dan furnitur. 0 SHARE
</topic_text>
<spam_score>0.00</spam_score>
<post_num>1</post_num>
<post_id>post-1</post_id>
<post_url>http://nasional.republika.co.id/berita/nasional/daerah/16/08/31/ocr0jp368-sukabumi-akan-buat-perda-kawasan-industri</post_url>
<post_date>20160831</post_date>
<post_time>0040</post_time>
<username>Dwi Murdaningsih</username>
<post>
 40 WIB Sukabumi akan Buat Perda Kawasan Industri Rep: Riga Nurul Iman/ Red: Dwi Murdaningsih Antara/Yudhi Mahatma Aktivitas di pabrik (ilustrasi). 
REPUBLIKA.CO.ID, SUKABUMI-- Pemkab Sukabumi sedang menyusun rancangan peraturan daerah (Raperda) tentang kawasan industri. Nantinya, rumusan raperda tersebut akan dibahas bersama kalangan DPRD untuk segera disahkan menjadi perda.&quot;Kami masih menyusun draf raperda mengenai kawasan industri,&quot; ujar Kepala Bidang Perijinan Ekonomi, Badan Penanaman Modal dan Perijinan Terpadu (BPMPT) Kabupaten Sukabumi, Asep Saeful Ramdhan kepada wartawan Rabu (31/8). Targetnya, raperda tersebut bisa segera disahkan dan diterapkan pada 2017 mendatang. Menurut Asep, penetapan kawasan industri diperlukan untuk pengembangan investasi di daerah. Penetapan kawasan industri nantinya akan mempermudah investor dalam menetapkan usahanya di Sukabumi. Selain itu keberadaan kawasan industri kan memudahkan dalam proses pemberian izin gangguan, izin tempat usaha maupun analisis mengenai dampak lingkungan (Amdal). Asep menerangkan, dalam raperda tersebut akan ditetapkan persyaratan suatu daerah ditetapkan sebagai kawasan industri. Misalnya mengenai tanggungjawab pengelolan dan luasan lahan yang harus disiapkan minimal 50 hektare. Termasuk di dalamnya perizinan yang harus dilengkapi. Syarat lainnya ungkap Asep misalnya ada penataan wilayah yang dimungkinkan untuk perluasan kawasan industri.Sebelumnya, pada 2015 lalu BMPT merencanakan ada lima zona kawasan industri. Ke lima zona ini tersebar baik di wilayah utara, tengah, maupun selatan Sukabumi. Ada dua zona yang berada di selatan yakni Tegalbuleud yang fokus pada bidang pertambangan pasir besi dan perkebunan. 
Zona lainnya yakni Palabuhanratu yang menjadi kawasan agrowisata sesuai dengan potensi pada bidang perikanan dan pariwisata. Dua zona lainnya berada di utara yakni Ciambar dan Sukalarang yang dijadikan sentra kawasan industri umum. Terakhir, satu zona yang berada di tengah Sukabumi yakni Cikembar yang ditetapkan sebagai kawasan industri umum dan furnitur. 0 SHARE
</post>
<signature>

</signature>
<external_links>

</external_links>
<country>ID</country>
<main_image>http://static.republika.co.id/uploads/images/headline_slide/sejumlah-pekerja-menata-karung-berisi-polypropylene-bahan-dasar-_120905210352-163.jpg</main_image>
</document>
