<?xml version="1.0" encoding="UTF-8"?>
<document>
<type>mainstream</type>
<forum>http://www.bignewsnetwork.com/index.php/nav/rss/b9f388ba82df9ba1</forum>
<forum_title>Latest Big News Network RSS Feeds</forum_title>
<discussion_title>Dubai&apos;s residential gyms have three months to ensure they are in shape</discussion_title>
<language>english</language>
<gmt_offset></gmt_offset>
<topic_url>http://www.bignewsnetwork.com/news/247208695/dubais-residential-gyms-have-three-months-to-ensure-they-are-in-shape</topic_url>
<topic_text>
The National Wednesday 31st August, 2016 DUBAI // Owners of residential buildings in Dubai have been given three months to ensure their gyms are up to standard. The areas must meet certain criteria in compliance with Dubai Municipality’s decision to issue sporting facilities permits to owners of buildings. The move follows the successful implementation of the permit scheme in Central Business District areas. Hussain Nasser Lootah, director general of the municipality, said the permit scheme was implemented to address a number of issues such as gyms on the roof of buildings being illegally converted into offices and apartments ...
</topic_text>
<spam_score>0.00</spam_score>
<post_num>1</post_num>
<post_id>post-1</post_id>
<post_url>http://www.bignewsnetwork.com/news/247208695/dubais-residential-gyms-have-three-months-to-ensure-they-are-in-shape</post_url>
<post_date>20160830</post_date>
<post_time>1651</post_time>
<username></username>
<post>
The National Wednesday 31st August, 2016 DUBAI // Owners of residential buildings in Dubai have been given three months to ensure their gyms are up to standard. The areas must meet certain criteria in compliance with Dubai Municipality’s decision to issue sporting facilities permits to owners of buildings. The move follows the successful implementation of the permit scheme in Central Business District areas. Hussain Nasser Lootah, director general of the municipality, said the permit scheme was implemented to address a number of issues such as gyms on the roof of buildings being illegally converted into offices and apartments ...
</post>
<signature>

</signature>
<external_links>

</external_links>
<country>US</country>
<main_image>http://static.bignewsnetwork.com/bignewsnetwork/big-news-network-slogan.jpg</main_image>
</document>
