<?xml version="1.0" encoding="UTF-8"?>
<document>
<type>mainstream</type>
<forum>http://www.journalgazette.net/news/rss/</forum>
<forum_title>News</forum_title>
<discussion_title>Guilty plea in child molesting case</discussion_title>
<language>english</language>
<gmt_offset></gmt_offset>
<topic_url>http://www.journalgazette.net/news/local/courts/Guilty-plea-in-child-molesting-case-14989892</topic_url>
<topic_text>
August 30, 2016 2:33 PM Guilty plea in child molesting case Rebecca S. GreenThe Journal Gazette 
As plea deals go, the 28-year-old father caught sharing images of himself molesting his young daughters will serve much less time than he could have. 
But he has to give up information about what he did and who he did it with, under the terms of the agreement reached with Allen County prosecutors. 
The Journal Gazette is not naming the man accused in the case because doing so would identify his victims. 
Tuesday morning, the Fort Wayne man pleaded guilty to five charges, three level-four felony charges of child molesting, one charge of child exploitation and one charge of possession of child pornography. 
In May, prosecutors charged him with a dozen counts, ranging from seven level-one felony charges of child molesting to the low-level felony charge of possession of child pornography. 
According to court documents, a detective with the Washington, D.C., Metropolitan Police Department was working undercover as part of the FBI Child Exploitation Task Force. The man responded to an &quot;advertisement&quot; on the social media app, saying he was into &quot;taboo&quot; and &quot;perv.&quot; 
Within minutes, the man, self-identified as a divorced father of two, explained in great detail what he did to his girls as they slept, according to court documents. 
He also asked to trade photographs, sending images of his own children in sexually explicit positions while sleeping, as well as his own genitalia in the photographs of the girls, according to court documents. 
&quot;You can do anything with them as long as they don&apos;t wake up...don&apos;t want them saying anything to their mom lol,&quot; he wrote in the chat message, court documents said. 
Within hours of the chat, federal and local law enforcement officers obtained a search warrant and served it on his Arlington Park home. The girls, ages 2 and 5, were taken to the Fort Wayne Sexual Assault Treatment Center and examined. 
During subsequent interviews, the girls described sexual acts performed by their father similar to what he talked about in the messages with the undercover officer, according to court documents. 
He told them not to tell anyone or he would get into trouble and other people would think the girls were &quot;nasty,&quot; according to court documents. 
Had the man been convicted of all the charges against him, he could have received close to 100 years in prison. 
But as part of the plea agreement, the father of the two young girls will face no more than 32 years in prison and five years on probation, according to court documents. 
In exchange for that plea, the man has to talk. 
&quot;The defendant agrees to cooperate fully by providiing a complete and truthful statement describing his participation in and knowledge of all other criminal activity and the state agrees to forego prosecution of the defendant for any crime, other than perjury or crimes wherein serious bodily injury or death results,&quot; wrote prosecutors in the plea agreement. 
rgreen@jg.net
</topic_text>
<spam_score>0.00</spam_score>
<post_num>1</post_num>
<post_id>post-1</post_id>
<post_url>http://www.journalgazette.net/news/local/courts/Guilty-plea-in-child-molesting-case-14989892</post_url>
<post_date>20160830</post_date>
<post_time>1825</post_time>
<username>Rebecca S. GreenThe Journal Gazette</username>
<post>
August 30, 2016 2:33 PM Guilty plea in child molesting case Rebecca S. GreenThe Journal Gazette 
As plea deals go, the 28-year-old father caught sharing images of himself molesting his young daughters will serve much less time than he could have. 
But he has to give up information about what he did and who he did it with, under the terms of the agreement reached with Allen County prosecutors. 
The Journal Gazette is not naming the man accused in the case because doing so would identify his victims. 
Tuesday morning, the Fort Wayne man pleaded guilty to five charges, three level-four felony charges of child molesting, one charge of child exploitation and one charge of possession of child pornography. 
In May, prosecutors charged him with a dozen counts, ranging from seven level-one felony charges of child molesting to the low-level felony charge of possession of child pornography. 
According to court documents, a detective with the Washington, D.C., Metropolitan Police Department was working undercover as part of the FBI Child Exploitation Task Force. The man responded to an &quot;advertisement&quot; on the social media app, saying he was into &quot;taboo&quot; and &quot;perv.&quot; 
Within minutes, the man, self-identified as a divorced father of two, explained in great detail what he did to his girls as they slept, according to court documents. 
He also asked to trade photographs, sending images of his own children in sexually explicit positions while sleeping, as well as his own genitalia in the photographs of the girls, according to court documents. 
&quot;You can do anything with them as long as they don&apos;t wake up...don&apos;t want them saying anything to their mom lol,&quot; he wrote in the chat message, court documents said. 
Within hours of the chat, federal and local law enforcement officers obtained a search warrant and served it on his Arlington Park home. The girls, ages 2 and 5, were taken to the Fort Wayne Sexual Assault Treatment Center and examined. 
During subsequent interviews, the girls described sexual acts performed by their father similar to what he talked about in the messages with the undercover officer, according to court documents. 
He told them not to tell anyone or he would get into trouble and other people would think the girls were &quot;nasty,&quot; according to court documents. 
Had the man been convicted of all the charges against him, he could have received close to 100 years in prison. 
But as part of the plea agreement, the father of the two young girls will face no more than 32 years in prison and five years on probation, according to court documents. 
In exchange for that plea, the man has to talk. 
&quot;The defendant agrees to cooperate fully by providiing a complete and truthful statement describing his participation in and knowledge of all other criminal activity and the state agrees to forego prosecution of the defendant for any crime, other than perjury or crimes wherein serious bodily injury or death results,&quot; wrote prosecutors in the plea agreement. 
rgreen@jg.net
</post>
<signature>

</signature>
<external_links>

</external_links>
<country>US</country>
<main_image></main_image>
</document>
