<?xml version="1.0" encoding="UTF-8"?>
<document>
<type>mainstream</type>
<forum></forum>
<forum_title></forum_title>
<discussion_title>Linda Ronstadt Sells a Piece of Tucson History (EXCLUSIVE)</discussion_title>
<language>english</language>
<gmt_offset></gmt_offset>
<topic_url>http://www.philly.com/philly/wires/reuters/entertainment/391762611.html</topic_url>
<topic_text>
Linda Ronstadt Sells a Piece of Tucson History (EXCLUSIVE) Updated: August 30, 2016 — 1:10 PM EDT Share Variety Media, LLC 
By Mark David 
LOS ANGELES (Variety.com) - The always informative Bizzy Boys at Celebrity Address Aerial sent word that Linda Ronstadt has sold her long-time home in the historic Colonia Solana neighborhood in central Tucson, Ariz., for exactly $1 million. The sale price is nowhere near the rose-tinted $1.6 million original asking price but is substantially above the $467,000 the sublimely talented 11-time Grammy-winner paid for the nearly 1.3-acre estate in late 1994. 
The 4,100-square-foot, pale-pink-stucco Mediterranean dates to the late 1920s. Though updated and upgraded throughout, it retains handsome and carefully preserved original architectural details such as colorful tilework and door hardware of hand-forged iron. The main house has four bedrooms and 3.5 bathrooms -- three upstairs and one tucked behind the kitchen -- plus a 600-square-foot, studio-style guest cottage with a bathroom and fireplace. 
Formal living and dining rooms, furnished with eclectic collectibles and Ronstadt family heirlooms, both have wood beams on high ceilings, while a small study has a tile-accented fireplace, original terracotta-tile floors, and French doors leading to a brick-floored sunroom. A vintage-inspired but thoroughly up-to-date kitchen adjoins a breakfast room set into a wide bay window, and floor plans show a dedicated crafts room in the partial basement. Ronstadt&apos;s master bedroom, painted a girlish pink, features a fireplace with a gingerbread-trimmed mantelpiece, a walk-in closet lined with built-ins, and a vintage-tiled bathroom. 
The walled and gated property includes tree-shaded brick patios and a swimming pool surrounded by pleasantly haphazard but attentively cared for gardens. 
The genre-crossing singer, who was inducted into the Rock and Roll Hall of Fame in 2014, is 70, and grapples with Parkinson&apos;s disease. In order to be closer to family, she relocated to San Francisco, where she paid just under $2 million in 2009 for a shingled Dutch Gambrel cottage in the frequently fog-shrouded Sea Cliff neighborhood. 
listing photos: Long Realty Company Published: August 30, 2016 — 1:10 PM EDT We encourage respectful comments but reserve the right to delete anything that doesn&apos;t contribute to an engaging dialogue Help us moderate this thread by flagging comments that violate our guidelines Help us learn more about Philly.com commenters. Click here to take this quick survey. Comment policy: 
Philly.com comments are intended to be civil, friendly conversations. Please treat other participants with respect and in a way that you would want to be treated. You are responsible for what you say. And please, stay on topic. If you see an objectionable post, please report it to us using the &quot;Report Abuse&quot; option. 
Please note that comments are monitored by Philly.com staff. We reserve the right at all times to remove any information or materials that are unlawful, threatening, abusive, libelous, defamatory, obscene, vulgar, pornographic, profane, indecent or otherwise objectionable. Personal attacks, especially on other participants, are not permitted. We reserve the right to permanently block any user who violates these terms and conditions. 
Additionally comments that are long, have multiple paragraph breaks, include code, or include hyperlinks may not be posted. 
</topic_text>
<spam_score>0.04</spam_score>
<post_num>1</post_num>
<post_id>post-1</post_id>
<post_url>http://www.philly.com/philly/wires/reuters/entertainment/391762611.html</post_url>
<post_date>20160830</post_date>
<post_time></post_time>
<username>Mark David</username>
<post>
Linda Ronstadt Sells a Piece of Tucson History (EXCLUSIVE) Updated: August 30, 2016 — 1:10 PM EDT Share Variety Media, LLC 
By Mark David 
LOS ANGELES (Variety.com) - The always informative Bizzy Boys at Celebrity Address Aerial sent word that Linda Ronstadt has sold her long-time home in the historic Colonia Solana neighborhood in central Tucson, Ariz., for exactly $1 million. The sale price is nowhere near the rose-tinted $1.6 million original asking price but is substantially above the $467,000 the sublimely talented 11-time Grammy-winner paid for the nearly 1.3-acre estate in late 1994. 
The 4,100-square-foot, pale-pink-stucco Mediterranean dates to the late 1920s. Though updated and upgraded throughout, it retains handsome and carefully preserved original architectural details such as colorful tilework and door hardware of hand-forged iron. The main house has four bedrooms and 3.5 bathrooms -- three upstairs and one tucked behind the kitchen -- plus a 600-square-foot, studio-style guest cottage with a bathroom and fireplace. 
Formal living and dining rooms, furnished with eclectic collectibles and Ronstadt family heirlooms, both have wood beams on high ceilings, while a small study has a tile-accented fireplace, original terracotta-tile floors, and French doors leading to a brick-floored sunroom. A vintage-inspired but thoroughly up-to-date kitchen adjoins a breakfast room set into a wide bay window, and floor plans show a dedicated crafts room in the partial basement. Ronstadt&apos;s master bedroom, painted a girlish pink, features a fireplace with a gingerbread-trimmed mantelpiece, a walk-in closet lined with built-ins, and a vintage-tiled bathroom. 
The walled and gated property includes tree-shaded brick patios and a swimming pool surrounded by pleasantly haphazard but attentively cared for gardens. 
The genre-crossing singer, who was inducted into the Rock and Roll Hall of Fame in 2014, is 70, and grapples with Parkinson&apos;s disease. In order to be closer to family, she relocated to San Francisco, where she paid just under $2 million in 2009 for a shingled Dutch Gambrel cottage in the frequently fog-shrouded Sea Cliff neighborhood. 
listing photos: Long Realty Company Published: August 30, 2016 — 1:10 PM EDT We encourage respectful comments but reserve the right to delete anything that doesn&apos;t contribute to an engaging dialogue Help us moderate this thread by flagging comments that violate our guidelines Help us learn more about Philly.com commenters. Click here to take this quick survey. Comment policy: 
Philly.com comments are intended to be civil, friendly conversations. Please treat other participants with respect and in a way that you would want to be treated. You are responsible for what you say. And please, stay on topic. If you see an objectionable post, please report it to us using the &quot;Report Abuse&quot; option. 
Please note that comments are monitored by Philly.com staff. We reserve the right at all times to remove any information or materials that are unlawful, threatening, abusive, libelous, defamatory, obscene, vulgar, pornographic, profane, indecent or otherwise objectionable. Personal attacks, especially on other participants, are not permitted. We reserve the right to permanently block any user who violates these terms and conditions. 
Additionally comments that are long, have multiple paragraph breaks, include code, or include hyperlinks may not be posted. 
</post>
<signature>

</signature>
<external_links>

</external_links>
<country>US</country>
<main_image>http://media.philly.com/designimages/pcom-FB.jpg</main_image>
</document>
