<?xml version="1.0" encoding="UTF-8"?>
<document>
<type>mainstream</type>
<forum>http://www.elheraldo.hn/csp/mediapool/sites/ElHeraldo/assets/csp/RssFeed.csp?pub=ElHeraldo&amp;section=/Inicio/</forum>
<forum_title>ElHeraldo RSS Feeds - INICIO</forum_title>
<discussion_title>Activistas urgen búsqueda de desaparecidos de guerra civil en Guatemala</discussion_title>
<language>spanish</language>
<gmt_offset></gmt_offset>
<topic_url>http://www.elheraldo.hn/inicio/995226-465/activistas-urgen-búsqueda-de-desaparecidos-de-guerra-civil-en-guatemala</topic_url>
<topic_text>
Inicio Activistas urgen búsqueda de desaparecidos de guerra civil en Guatemala El Congreso guatemalteco discute desde 2007 una propuesta de ley para crear la Comisión Nacional de Búsqueda de Personas Víctimas de la Desaparición Forzada y otras Formas. 0 Elvira Laj, esposa de Jacobo López, desaparecido en 1983 en el norte del país, y recientemente exhumado en una antigua base militar e identificado por los forenses, mantiene su imagen durante una marcha por el Día Internacional de las Víctimas de la Desaparición Forzada Agencia AFP 30.08.2016 
Ciudad de Guatemala, Gautemala Organizaciones de derechos humanos urgieron este martes al Congreso de Guatemala a aprobar la ley que crea una comisión nacional de búsqueda de unos 45.000 desaparecidos durante la cruenta guerra civil (1960-1996) , al conmemorarse el Día Internacional del Detenido Desaparecido .&quot;Estamos haciendo un llamado a los diputados para que agenden este año la iniciativa de ley (de la comisión) y pueda ser aprobada en su tercera lectura y redacción final&quot;, dijo a la AFP Carlos Fernández, coordinador del Centro Internacional de Investigaciones de Derechos Humanos (Ciidh) .El Congreso guatemalteco discute desde 2007 una propuesta de ley para crear la Comisión Nacional de Búsqueda de Personas Víctimas de la Desaparición Forzada y otras Formas de Desaparición .En conmemoración del Día Internacional del Detenido Desaparecido, los activistas se apostaron frente a la sede del Congreso con un féretro con los restos de Jacobo López, desaparecido en 1983 en el norte del país, y exhumados recientemente en una antigua base militar e identificados con pruebas forenses.&quot;Hay una deuda moral del Estado guatemalteco&quot; para buscar a los desaparecidos, añadió Fernández.Por su lado Mario Polanco, director de la ONG humanitaria Grupo de Apoyo Mutuo (GAM) , lamentó el retraso del Congreso, &quot;por falta de voluntad&quot;, para aprobar la comisión de búsqueda.&quot;Creemos nosotros que hay falta de voluntad para aprobar la ley. Fundamentalmente hay falta de interés para que se resuelvan este tipo de casos&quot;, lamentó Polanco.Según un informe de 1999 avalado por la ONU, la guerra civil guatemalteca dejó 200.000 muertos o desaparecidos .
</topic_text>
<spam_score>0.00</spam_score>
<post_num>1</post_num>
<post_id>post-1</post_id>
<post_url>http://www.elheraldo.hn/inicio/995226-465/activistas-urgen-búsqueda-de-desaparecidos-de-guerra-civil-en-guatemala</post_url>
<post_date>20160830</post_date>
<post_time>1754</post_time>
<username></username>
<post>
Inicio Activistas urgen búsqueda de desaparecidos de guerra civil en Guatemala El Congreso guatemalteco discute desde 2007 una propuesta de ley para crear la Comisión Nacional de Búsqueda de Personas Víctimas de la Desaparición Forzada y otras Formas. 0 Elvira Laj, esposa de Jacobo López, desaparecido en 1983 en el norte del país, y recientemente exhumado en una antigua base militar e identificado por los forenses, mantiene su imagen durante una marcha por el Día Internacional de las Víctimas de la Desaparición Forzada Agencia AFP 30.08.2016 
Ciudad de Guatemala, Gautemala Organizaciones de derechos humanos urgieron este martes al Congreso de Guatemala a aprobar la ley que crea una comisión nacional de búsqueda de unos 45.000 desaparecidos durante la cruenta guerra civil (1960-1996) , al conmemorarse el Día Internacional del Detenido Desaparecido .&quot;Estamos haciendo un llamado a los diputados para que agenden este año la iniciativa de ley (de la comisión) y pueda ser aprobada en su tercera lectura y redacción final&quot;, dijo a la AFP Carlos Fernández, coordinador del Centro Internacional de Investigaciones de Derechos Humanos (Ciidh) .El Congreso guatemalteco discute desde 2007 una propuesta de ley para crear la Comisión Nacional de Búsqueda de Personas Víctimas de la Desaparición Forzada y otras Formas de Desaparición .En conmemoración del Día Internacional del Detenido Desaparecido, los activistas se apostaron frente a la sede del Congreso con un féretro con los restos de Jacobo López, desaparecido en 1983 en el norte del país, y exhumados recientemente en una antigua base militar e identificados con pruebas forenses.&quot;Hay una deuda moral del Estado guatemalteco&quot; para buscar a los desaparecidos, añadió Fernández.Por su lado Mario Polanco, director de la ONG humanitaria Grupo de Apoyo Mutuo (GAM) , lamentó el retraso del Congreso, &quot;por falta de voluntad&quot;, para aprobar la comisión de búsqueda.&quot;Creemos nosotros que hay falta de voluntad para aprobar la ley. Fundamentalmente hay falta de interés para que se resuelvan este tipo de casos&quot;, lamentó Polanco.Según un informe de 1999 avalado por la ONU, la guerra civil guatemalteca dejó 200.000 muertos o desaparecidos .
</post>
<signature>

</signature>
<external_links>

</external_links>
<country>HN</country>
<main_image>http://www.elheraldo.hn/csp/mediapool/sites/dt.common.streams.StreamServer.cls?STREAMOID=gcRbSZi2corqZZbF7kWehs$daE2N3K4ZzOUsqbU5sYvACrVivEkIeFLv$qEa8K$c6FB40xiOfUoExWL3M40tfzssyZqpeG_J0TFo7ZhRaDiHC9oxmioMlYVJD0A$3RbIiibgT65kY_CSDiCiUzvHvODrHApbd6ry6YGl5GGOZrs-&amp;CONTENTTYPE=image/jpeg</main_image>
</document>
