<?xml version="1.0" encoding="UTF-8"?>
<document>
<type>mainstream</type>
<forum>http://www.arabianbusiness.com/?service=rss</forum>
<forum_title>Arabian Business - Home</forum_title>
<discussion_title>Dubai firm Zeraa said to invest in Bosnian winery</discussion_title>
<language>english</language>
<gmt_offset></gmt_offset>
<topic_url>http://www.arabianbusiness.com/dubai-firm-zeraa-said-invest-in-bosnian-winery-643967.html</topic_url>
<topic_text>
Dubai firm Zeraa said to invest in Bosnian winery Article Tuesday, 30 August 2016 1:30 PM 
(Getty Images) 
A unit of Dubai-based Zeraa Investment has reportedly bought a significant majority share in Bosnia&apos;s Hepok Winery. 
A consortium of Serbia’s Vino Zupa and Bosnia&apos;s trading and services company Amko Komerc sold their combined 94.8 percent stake to Zeraa Agriculture Investment for 4.3 million marka ($2.5 million), Sarajevo bourse data showed. 
The consortium sold their combined 2,255,184 shares in Mostar-based Hepok, it was reported. 
The Bosnian-Serbian consortium privatised Hepok in 2008 for a total of 2.7 million marka and pledged to invest a further 21.6 million marka in relaunching production. 
Mostar is based in the Muslim-Croat Federation, one of the two autonomous parts forming Bosnia.
</topic_text>
<spam_score>0.00</spam_score>
<post_num>1</post_num>
<post_id>post-1</post_id>
<post_url>http://www.arabianbusiness.com/dubai-firm-zeraa-said-invest-in-bosnian-winery-643967.html</post_url>
<post_date>20160830</post_date>
<post_time>0930</post_time>
<username></username>
<post>
Dubai firm Zeraa said to invest in Bosnian winery Article Tuesday, 30 August 2016 1:30 PM 
(Getty Images) 
A unit of Dubai-based Zeraa Investment has reportedly bought a significant majority share in Bosnia&apos;s Hepok Winery. 
A consortium of Serbia’s Vino Zupa and Bosnia&apos;s trading and services company Amko Komerc sold their combined 94.8 percent stake to Zeraa Agriculture Investment for 4.3 million marka ($2.5 million), Sarajevo bourse data showed. 
The consortium sold their combined 2,255,184 shares in Mostar-based Hepok, it was reported. 
The Bosnian-Serbian consortium privatised Hepok in 2008 for a total of 2.7 million marka and pledged to invest a further 21.6 million marka in relaunching production. 
Mostar is based in the Muslim-Croat Federation, one of the two autonomous parts forming Bosnia.
</post>
<signature>

</signature>
<external_links>

</external_links>
<country>US</country>
<main_image>http://www.arabianbusiness.com/incoming/article540359.ece/BINARY/474845111.jpg</main_image>
</document>
