<?xml version="1.0" encoding="UTF-8"?>
<document>
<type>mainstream</type>
<forum>http://www.wtvm.com/Global/category.asp?C=5479&amp;nav=menu91_1&amp;clienttype=rss</forum>
<forum_title>WTVM - WTVM Home</forum_title>
<discussion_title>How to protect your car from a break-in</discussion_title>
<language>english</language>
<gmt_offset></gmt_offset>
<topic_url>http://www.wtvm.com/story/32915829/how-to-protect-your-car-from-a-break-in</topic_url>
<topic_text>
How to protect your car from a break-in - WTVM.com-Columbus, GA News Weather &amp; Sports Member Center: How to protect your car from a break-in 2016-08-30T23:29:54Z HOOVER, AL (WBRC) - 
Hoover police say recent video shows exactly how thieves like to operate: looking before taking.The video, provided to investigators by a homeowner, shows a man going up to two different cars in a driveway. He then points a flashlight inside, and leaves the area presumably after not noticing anything of value.&quot;They&apos;re not going to break in on the off chance something might be in there,&quot; said Officer Brian Hale of Hoover Police.Hale says to make sure not to leave anything of value in your vehicle. If you do, make sure it&apos;s hidden.That includes things like phones, purses, valuables, even empty boxes.&quot;Again we&apos;re (criminals) going to put a value on it later. We don&apos;t care if there is anything in the box,&quot; said Hale.One other thing you need to hide, that you might not even think of, is a garage door opener.&quot;They might start going through your neighborhood pressing that garage door opener, and then they&apos;re in your house,&quot; said Hale.Police also advise people to always lock their doors. That lowers the chances significantly of a break-in. 
Copyright 2016 WBRC . All rights reserved.
</topic_text>
<spam_score>0.00</spam_score>
<post_num>1</post_num>
<post_id>post-1</post_id>
<post_url>http://www.wtvm.com/story/32915829/how-to-protect-your-car-from-a-break-in</post_url>
<post_date>20160830</post_date>
<post_time>2329</post_time>
<username>John Huddleston</username>
<post>
How to protect your car from a break-in - WTVM.com-Columbus, GA News Weather &amp; Sports Member Center: How to protect your car from a break-in 2016-08-30T23:29:54Z HOOVER, AL (WBRC) - 
Hoover police say recent video shows exactly how thieves like to operate: looking before taking.The video, provided to investigators by a homeowner, shows a man going up to two different cars in a driveway. He then points a flashlight inside, and leaves the area presumably after not noticing anything of value.&quot;They&apos;re not going to break in on the off chance something might be in there,&quot; said Officer Brian Hale of Hoover Police.Hale says to make sure not to leave anything of value in your vehicle. If you do, make sure it&apos;s hidden.That includes things like phones, purses, valuables, even empty boxes.&quot;Again we&apos;re (criminals) going to put a value on it later. We don&apos;t care if there is anything in the box,&quot; said Hale.One other thing you need to hide, that you might not even think of, is a garage door opener.&quot;They might start going through your neighborhood pressing that garage door opener, and then they&apos;re in your house,&quot; said Hale.Police also advise people to always lock their doors. That lowers the chances significantly of a break-in. 
Copyright 2016 WBRC . All rights reserved.
</post>
<signature>

</signature>
<external_links>

</external_links>
<country>US</country>
<main_image>http://WBRC.images.worldnow.com/images/11609029_G.jpg</main_image>
</document>
