<?xml version="1.0" encoding="UTF-8"?>
<document>
<type>mainstream</type>
<forum></forum>
<forum_title></forum_title>
<discussion_title>Hope Solo Angrily Reacts to Being Dropped by U.S. Soccer [VIDEO]</discussion_title>
<language>english</language>
<gmt_offset></gmt_offset>
<topic_url>http://www.philly.com/philly/wires/reuters/entertainment/391778691.html</topic_url>
<topic_text>
Hope Solo Angrily Reacts to Being Dropped by U.S. Soccer [VIDEO] Updated: August 30, 2016 — 6:53 PM EDT Share Variety Media, LLC 
By Lawrence Yee 
LOS ANGELES (Variety.com) - As previously reported, Hope Solo was suspended last week for six months and her contract terminated by the U.S. Soccer Federation. 
The decision was made after the U.S. women&apos;s goaltender called Team Sweden &quot;a bunch of cowards&quot; after losing to them in the Rio Olympics quarterfinals. 
The moment Solo learned of her suspension was caught on camera for the Fullscreen series &quot;Keeping Score.&quot; A tearful Solo tells the camera, &quot;Six months suspension. No pay. Terminated contract. Effective immediately.&quot; 
&quot;Terminated contract,&quot; she repeats while tearfully hugging husband Jerramy Stevens. &quot;Not just a suspension.&quot; She&apos;s later heard screaming off camera, &quot;17 f-king years, and it&apos;s over&quot; -- referring to her tenure on the national team. Check out the video below. 
National women&apos;s team player representative Rich Nichols argued Solo was being held to a double standard. &quot;She was fired for making comments that no man would have been fired for making,&quot; Nicols told USA Today. &quot;It&apos;s a draconian penalty.&quot; Nichols vowed to appeal the suspension. 
&quot;Keeping Score&quot; not only chronicles Solo&apos;s Olympic experience, but also her fight for pay equity between male and female soccer players. 
An extended trailer from the series shows Solo&apos;s battles on and off the field. 
Solo is a three-time Olympian, leading the team to gold medals in 2008 and 2012. 
To see more Olympic controversies, click on the gallery below. 
2016 Olympics: The Biggest Controversies to Come Out of Rio More Coverage 
</topic_text>
<spam_score>0.18</spam_score>
<post_num>1</post_num>
<post_id>post-1</post_id>
<post_url>http://www.philly.com/philly/wires/reuters/entertainment/391778691.html</post_url>
<post_date>20160830</post_date>
<post_time></post_time>
<username>Lawrence Yee</username>
<post>
Hope Solo Angrily Reacts to Being Dropped by U.S. Soccer [VIDEO] Updated: August 30, 2016 — 6:53 PM EDT Share Variety Media, LLC 
By Lawrence Yee 
LOS ANGELES (Variety.com) - As previously reported, Hope Solo was suspended last week for six months and her contract terminated by the U.S. Soccer Federation. 
The decision was made after the U.S. women&apos;s goaltender called Team Sweden &quot;a bunch of cowards&quot; after losing to them in the Rio Olympics quarterfinals. 
The moment Solo learned of her suspension was caught on camera for the Fullscreen series &quot;Keeping Score.&quot; A tearful Solo tells the camera, &quot;Six months suspension. No pay. Terminated contract. Effective immediately.&quot; 
&quot;Terminated contract,&quot; she repeats while tearfully hugging husband Jerramy Stevens. &quot;Not just a suspension.&quot; She&apos;s later heard screaming off camera, &quot;17 f-king years, and it&apos;s over&quot; -- referring to her tenure on the national team. Check out the video below. 
National women&apos;s team player representative Rich Nichols argued Solo was being held to a double standard. &quot;She was fired for making comments that no man would have been fired for making,&quot; Nicols told USA Today. &quot;It&apos;s a draconian penalty.&quot; Nichols vowed to appeal the suspension. 
&quot;Keeping Score&quot; not only chronicles Solo&apos;s Olympic experience, but also her fight for pay equity between male and female soccer players. 
An extended trailer from the series shows Solo&apos;s battles on and off the field. 
Solo is a three-time Olympian, leading the team to gold medals in 2008 and 2012. 
To see more Olympic controversies, click on the gallery below. 
2016 Olympics: The Biggest Controversies to Come Out of Rio More Coverage 
</post>
<signature>

</signature>
<external_links>

</external_links>
<country>US</country>
<main_image>http://media.philly.com/designimages/pcom-FB.jpg</main_image>
</document>
