<?xml version="1.0" encoding="UTF-8"?>
<document>
<type>mainstream</type>
<forum></forum>
<forum_title></forum_title>
<discussion_title>A corny tribute: Red Sox slugger immortalized in corn maze</discussion_title>
<language>english</language>
<gmt_offset></gmt_offset>
<topic_url>http://www.philly.com/philly/wires/ap/news/391780101.html</topic_url>
<topic_text>
A corny tribute: Red Sox slugger immortalized in corn maze Updated: August 30, 2016 — 2:35 PM EDT Share Close icon The Associated Press 
STERLING, Mass. (AP) - Nothing quite measures up to the latest tribute to retiring Boston Red Sox slugger David Ortiz. 
A corn maze dedicated to the player known as Big Papi was unveiled at a ceremony Tuesday in Sterling, Massachusetts. 
Ortiz had a message for his legions of fans at the unveiling: &quot;I love corn.&quot; 
The 8-acre maze was created by Davis Mega Maze and features a cornstalk rendering of Ortiz&apos;s trademark home run pose of pointing two fingers to the sky. It&apos;s accompanied by the phrase &quot;Thanks Big Papi.&quot; 
The maze opens to the public on Saturday. 
Davis Mega Maze has been carving a different design into the field every year for about 20 years. This year marks the first time a living celebrity has been featured. Published: 
</topic_text>
<spam_score>0.04</spam_score>
<post_num>1</post_num>
<post_id>post-1</post_id>
<post_url>http://www.philly.com/philly/wires/ap/news/391780101.html</post_url>
<post_date>20160830</post_date>
<post_time></post_time>
<username>The Associated Press</username>
<post>
A corny tribute: Red Sox slugger immortalized in corn maze Updated: August 30, 2016 — 2:35 PM EDT Share Close icon The Associated Press 
STERLING, Mass. (AP) - Nothing quite measures up to the latest tribute to retiring Boston Red Sox slugger David Ortiz. 
A corn maze dedicated to the player known as Big Papi was unveiled at a ceremony Tuesday in Sterling, Massachusetts. 
Ortiz had a message for his legions of fans at the unveiling: &quot;I love corn.&quot; 
The 8-acre maze was created by Davis Mega Maze and features a cornstalk rendering of Ortiz&apos;s trademark home run pose of pointing two fingers to the sky. It&apos;s accompanied by the phrase &quot;Thanks Big Papi.&quot; 
The maze opens to the public on Saturday. 
Davis Mega Maze has been carving a different design into the field every year for about 20 years. This year marks the first time a living celebrity has been featured. Published: 
</post>
<signature>

</signature>
<external_links>

</external_links>
<country>US</country>
<main_image>http://media.philly.com/designimages/pcom-FB.jpg</main_image>
</document>
