<?xml version="1.0" encoding="UTF-8"?>
<document>
<type>mainstream</type>
<forum></forum>
<forum_title></forum_title>
<discussion_title>Viacom Rebrands MTV Hits as NickMusic</discussion_title>
<language>english</language>
<gmt_offset></gmt_offset>
<topic_url>http://www.philly.com/philly/wires/reuters/entertainment/391759861.html</topic_url>
<topic_text>
Viacom Rebrands MTV Hits as NickMusic Updated: August 30, 2016 — 1:01 PM EDT Share Variety Media, LLC 
By Elizabeth Wagmeister 
LOS ANGELES (Variety.com) - Viacom is rebranding its cable net MTV Hits. Beginning Sept. 9, the television channel will become NickMusic, a 24-hour music video destination for kids. 
Nickelodeon made the announcement Tuesday morning. 
Related &apos;Daria,&apos; &apos;Beavis &amp; Butt-Head&apos; Returning to TV as VH1 Classic Becomes MTV Classic 
NickMusic will feature a Nickelodeon-curated lineup of music videos with a variety of kids&apos; favorite artists of all genres. To give an idea of the Top 40 type of programming that will be offered, the new channel&apos;s Facebook page currently boasts images of former Nickelodeon starlet-turned musical phenomenon Ariana Grande, The Weeknd and Sia. 
Soon after the Sept. 9 launch, NickMusic will introduce artist-hosted programming blocks, branded segments like &quot;Videos We Heart,&quot; &quot;Pop Playback&quot; and &quot;Bumpin&apos; Beats,&quot; plus long-form concert specials and series, including &quot;TeenNick Top 10.&quot; The channel will also feature guest DJ sins by Nickelodeon stars, Nick-branded entertainment and celebrity interviews. 
MTV Hits launched in 2002. One of the many spinoff networks to MTV, in addition to MTV2, mtvU and more, the cabler primarily broadcasting music videos, resembling the original MTV of the 1980&apos;s and &apos;90s, before non-music video programming began to fill the net&apos;s programming slate. 
NickMusic is the second recent rebrand under the Viacom umbrella. On Aug. 1, VH1 Classic became MTV Classic, which houses &apos;90s series such as &quot;Beavis and Butthead&quot; and &quot;Daria.&quot; Published: August 30, 2016 — 12:52 PM EDT | Updated: August 30, 2016 — 1:01 PM EDT We encourage respectful comments but reserve the right to delete anything that doesn&apos;t contribute to an engaging dialogue Help us moderate this thread by flagging comments that violate our guidelines Help us learn more about Philly.com commenters. Click here to take this quick survey. Comment policy: 
Philly.com comments are intended to be civil, friendly conversations. Please treat other participants with respect and in a way that you would want to be treated. You are responsible for what you say. And please, stay on topic. If you see an objectionable post, please report it to us using the &quot;Report Abuse&quot; option. 
Please note that comments are monitored by Philly.com staff. We reserve the right at all times to remove any information or materials that are unlawful, threatening, abusive, libelous, defamatory, obscene, vulgar, pornographic, profane, indecent or otherwise objectionable. Personal attacks, especially on other participants, are not permitted. We reserve the right to permanently block any user who violates these terms and conditions. 
Additionally comments that are long, have multiple paragraph breaks, include code, or include hyperlinks may not be posted. 
</topic_text>
<spam_score>0.63</spam_score>
<post_num>1</post_num>
<post_id>post-1</post_id>
<post_url>http://www.philly.com/philly/wires/reuters/entertainment/391759861.html</post_url>
<post_date>20160830</post_date>
<post_time></post_time>
<username>Elizabeth Wagmeister</username>
<post>
Viacom Rebrands MTV Hits as NickMusic Updated: August 30, 2016 — 1:01 PM EDT Share Variety Media, LLC 
By Elizabeth Wagmeister 
LOS ANGELES (Variety.com) - Viacom is rebranding its cable net MTV Hits. Beginning Sept. 9, the television channel will become NickMusic, a 24-hour music video destination for kids. 
Nickelodeon made the announcement Tuesday morning. 
Related &apos;Daria,&apos; &apos;Beavis &amp; Butt-Head&apos; Returning to TV as VH1 Classic Becomes MTV Classic 
NickMusic will feature a Nickelodeon-curated lineup of music videos with a variety of kids&apos; favorite artists of all genres. To give an idea of the Top 40 type of programming that will be offered, the new channel&apos;s Facebook page currently boasts images of former Nickelodeon starlet-turned musical phenomenon Ariana Grande, The Weeknd and Sia. 
Soon after the Sept. 9 launch, NickMusic will introduce artist-hosted programming blocks, branded segments like &quot;Videos We Heart,&quot; &quot;Pop Playback&quot; and &quot;Bumpin&apos; Beats,&quot; plus long-form concert specials and series, including &quot;TeenNick Top 10.&quot; The channel will also feature guest DJ sins by Nickelodeon stars, Nick-branded entertainment and celebrity interviews. 
MTV Hits launched in 2002. One of the many spinoff networks to MTV, in addition to MTV2, mtvU and more, the cabler primarily broadcasting music videos, resembling the original MTV of the 1980&apos;s and &apos;90s, before non-music video programming began to fill the net&apos;s programming slate. 
NickMusic is the second recent rebrand under the Viacom umbrella. On Aug. 1, VH1 Classic became MTV Classic, which houses &apos;90s series such as &quot;Beavis and Butthead&quot; and &quot;Daria.&quot; Published: August 30, 2016 — 12:52 PM EDT | Updated: August 30, 2016 — 1:01 PM EDT We encourage respectful comments but reserve the right to delete anything that doesn&apos;t contribute to an engaging dialogue Help us moderate this thread by flagging comments that violate our guidelines Help us learn more about Philly.com commenters. Click here to take this quick survey. Comment policy: 
Philly.com comments are intended to be civil, friendly conversations. Please treat other participants with respect and in a way that you would want to be treated. You are responsible for what you say. And please, stay on topic. If you see an objectionable post, please report it to us using the &quot;Report Abuse&quot; option. 
Please note that comments are monitored by Philly.com staff. We reserve the right at all times to remove any information or materials that are unlawful, threatening, abusive, libelous, defamatory, obscene, vulgar, pornographic, profane, indecent or otherwise objectionable. Personal attacks, especially on other participants, are not permitted. We reserve the right to permanently block any user who violates these terms and conditions. 
Additionally comments that are long, have multiple paragraph breaks, include code, or include hyperlinks may not be posted. 
</post>
<signature>

</signature>
<external_links>

</external_links>
<country>US</country>
<main_image>http://media.philly.com/designimages/pcom-FB.jpg</main_image>
</document>
