<?xml version="1.0" encoding="UTF-8"?>
<document>
<type>mainstream</type>
<forum>http://rzeszowiak.pl//rss/Praca-Zatrudnie.xml</forum>
<forum_title>Praca www.rzeszowiak.pl</forum_title>
<discussion_title>lektor języka angielskiego ...</discussion_title>
<language>polish</language>
<gmt_offset></gmt_offset>
<topic_url>http://www.rzeszowiak.pl/zatrudnie-lektora-jezyka-angielskiego-do-prowadzenia-zajec-popoludniowych-8331700</topic_url>
<topic_text>
zatrudnię lektora języka angielskiego do prowadzenia zajęć popołudniowych z dziećmi, w pełnym wymiarze lub na dwa popołudnia, wymagania - minimum licencjat filologii angielskiej.
</topic_text>
<spam_score>0.00</spam_score>
<post_num>1</post_num>
<post_id>post-1</post_id>
<post_url>http://www.rzeszowiak.pl/zatrudnie-lektora-jezyka-angielskiego-do-prowadzenia-zajec-popoludniowych-8331700</post_url>
<post_date>20160830</post_date>
<post_time>1949</post_time>
<username>lektor języka angielskiego</username>
<post>
zatrudnię lektora języka angielskiego do prowadzenia zajęć popołudniowych z dziećmi, w pełnym wymiarze lub na dwa popołudnia, wymagania - minimum licencjat filologii angielskiej.
</post>
<signature>

</signature>
<external_links>

</external_links>
<country>PL</country>
<main_image></main_image>
</document>
