<?xml version="1.0" encoding="UTF-8"?>
<document>
<type>mainstream</type>
<forum></forum>
<forum_title></forum_title>
<discussion_title>Credit Suisse chairman calls for time to complete turnaround</discussion_title>
<language>english</language>
<gmt_offset></gmt_offset>
<topic_url>http://www.philly.com/philly/wires/reuters/business/report/391766391.html</topic_url>
<topic_text>
Credit Suisse chairman calls for time to complete turnaround Updated: August 30, 2016 — 1:48 PM EDT Share Close icon Reuters 
ZURICH, Aug 30 (Reuters) - Credit Suisse Chairman Urs Rohner aims to stay in office beyond 2018, he told German newspaper Handelsblatt, confident that his and Chief Executive Tidjane Thiam&apos;s strategy will revive the struggling Swiss bank. 
Shares in Credit Suisse closed on Tuesday at 12.53 Swiss francs, lingering near record lows amid tough financial markets and concerns over the bank&apos;s capital position. 
But the surprise second-quarter profit announced last month provided a lift for management&apos;s push to move Switzerland&apos;s second-biggest bank away from volatile, capital-intensive investment banking and focus on wealth management. 
&quot;We have developed a common strategy with plenty of thought and we are convinced it is the right one,&quot; Rohner told Handelsblatt. &quot;And our big investors are behind our alignment.&quot; 
Challenges remain, however, and the bank has lost a number of senior staff this year, including global chairman of M&amp;A David DeNunzio, who joined Wells Fargo &amp; Co, and a group of five investment bankers who left for Jefferies Group in May. 
Rohner, whose post is renewed annually, also told the newspaper that the continued independence of some large European banks may hinge on finding others to manage centralized services, such as customer account data. 
&quot;I can imagine that a third party could do that for a series of banks,&quot; he said. &quot;If multiple banks would join up, the resulting IT infrastructure organization could be sold in an IPO on the stock exchange.&quot; 
Rohner&apos;s comments echoed the thought processes of other Swiss bankers, including UBS CEO Sergio Ermotti, who recently said he thinks the industry may need to form such alliances to share economies of scale and lower costs. 
(Reporting by John Miller; Editing by David Goodman) Published: August 30, 2016 — 1:48 PM EDT We encourage respectful comments but reserve the right to delete anything that doesn&apos;t contribute to an engaging dialogue Help us moderate this thread by flagging comments that violate our guidelines Help us learn more about Philly.com commenters. 
</topic_text>
<spam_score>0.20</spam_score>
<post_num>1</post_num>
<post_id>post-1</post_id>
<post_url>http://www.philly.com/philly/wires/reuters/business/report/391766391.html</post_url>
<post_date>20160830</post_date>
<post_time></post_time>
<username></username>
<post>
Credit Suisse chairman calls for time to complete turnaround Updated: August 30, 2016 — 1:48 PM EDT Share Close icon Reuters 
ZURICH, Aug 30 (Reuters) - Credit Suisse Chairman Urs Rohner aims to stay in office beyond 2018, he told German newspaper Handelsblatt, confident that his and Chief Executive Tidjane Thiam&apos;s strategy will revive the struggling Swiss bank. 
Shares in Credit Suisse closed on Tuesday at 12.53 Swiss francs, lingering near record lows amid tough financial markets and concerns over the bank&apos;s capital position. 
But the surprise second-quarter profit announced last month provided a lift for management&apos;s push to move Switzerland&apos;s second-biggest bank away from volatile, capital-intensive investment banking and focus on wealth management. 
&quot;We have developed a common strategy with plenty of thought and we are convinced it is the right one,&quot; Rohner told Handelsblatt. &quot;And our big investors are behind our alignment.&quot; 
Challenges remain, however, and the bank has lost a number of senior staff this year, including global chairman of M&amp;A David DeNunzio, who joined Wells Fargo &amp; Co, and a group of five investment bankers who left for Jefferies Group in May. 
Rohner, whose post is renewed annually, also told the newspaper that the continued independence of some large European banks may hinge on finding others to manage centralized services, such as customer account data. 
&quot;I can imagine that a third party could do that for a series of banks,&quot; he said. &quot;If multiple banks would join up, the resulting IT infrastructure organization could be sold in an IPO on the stock exchange.&quot; 
Rohner&apos;s comments echoed the thought processes of other Swiss bankers, including UBS CEO Sergio Ermotti, who recently said he thinks the industry may need to form such alliances to share economies of scale and lower costs. 
(Reporting by John Miller; Editing by David Goodman) Published: August 30, 2016 — 1:48 PM EDT We encourage respectful comments but reserve the right to delete anything that doesn&apos;t contribute to an engaging dialogue Help us moderate this thread by flagging comments that violate our guidelines Help us learn more about Philly.com commenters. 
</post>
<signature>

</signature>
<external_links>

</external_links>
<country>US</country>
<main_image>http://media.philly.com/designimages/pcom-FB.jpg</main_image>
</document>
