<?xml version="1.0" encoding="UTF-8"?>
<document>
<type>mainstream</type>
<forum></forum>
<forum_title></forum_title>
<discussion_title>Obama shortens prison sentences of 111 convicts - White House</discussion_title>
<language>english</language>
<gmt_offset></gmt_offset>
<topic_url>http://www.philly.com/philly/wires/reuters/news/report/391776431.html</topic_url>
<topic_text>
Obama shortens prison sentences of 111 convicts - White House Updated: August 30, 2016 — 3:12 PM EDT Share Close icon Reuters 
WASHINGTON, Aug 30 (Reuters) - U.S. President Barack Obama shortened the prison sentences of 111 convicts on Tuesday in the second round of grants of clemency this month, the White House said. 
Obama has now granted a total of 673 commutations during his presidency as he seeks to reform the criminal justice system, it said. 
(Reporting by Timothy Gardner and Ayesha Rascoe; Editing by Jeffrey Benkoe) Published: August 30, 2016 — 3:12 PM EDT We encourage respectful comments but reserve the right to delete anything that doesn&apos;t contribute to an engaging dialogue Help us moderate this thread by flagging comments that violate our guidelines Help us learn more about Philly.com commenters. Click here to take this quick survey. Comment policy: 
Philly.com comments are intended to be civil, friendly conversations. Please treat other participants with respect and in a way that you would want to be treated. You are responsible for what you say. And please, stay on topic. If you see an objectionable post, please report it to us using the &quot;Report Abuse&quot; option. 
Please note that comments are monitored by Philly.com staff. We reserve the right at all times to remove any information or materials that are unlawful, threatening, abusive, libelous, defamatory, obscene, vulgar, pornographic, profane, indecent or otherwise objectionable. Personal attacks, especially on other participants, are not permitted. We reserve the right to permanently block any user who violates these terms and conditions. 
Additionally comments that are long, have multiple paragraph breaks, include code, or include hyperlinks may not be posted. 
</topic_text>
<spam_score>0.15</spam_score>
<post_num>1</post_num>
<post_id>post-1</post_id>
<post_url>http://www.philly.com/philly/wires/reuters/news/report/391776431.html</post_url>
<post_date>20160830</post_date>
<post_time></post_time>
<username></username>
<post>
Obama shortens prison sentences of 111 convicts - White House Updated: August 30, 2016 — 3:12 PM EDT Share Close icon Reuters 
WASHINGTON, Aug 30 (Reuters) - U.S. President Barack Obama shortened the prison sentences of 111 convicts on Tuesday in the second round of grants of clemency this month, the White House said. 
Obama has now granted a total of 673 commutations during his presidency as he seeks to reform the criminal justice system, it said. 
(Reporting by Timothy Gardner and Ayesha Rascoe; Editing by Jeffrey Benkoe) Published: August 30, 2016 — 3:12 PM EDT We encourage respectful comments but reserve the right to delete anything that doesn&apos;t contribute to an engaging dialogue Help us moderate this thread by flagging comments that violate our guidelines Help us learn more about Philly.com commenters. Click here to take this quick survey. Comment policy: 
Philly.com comments are intended to be civil, friendly conversations. Please treat other participants with respect and in a way that you would want to be treated. You are responsible for what you say. And please, stay on topic. If you see an objectionable post, please report it to us using the &quot;Report Abuse&quot; option. 
Please note that comments are monitored by Philly.com staff. We reserve the right at all times to remove any information or materials that are unlawful, threatening, abusive, libelous, defamatory, obscene, vulgar, pornographic, profane, indecent or otherwise objectionable. Personal attacks, especially on other participants, are not permitted. We reserve the right to permanently block any user who violates these terms and conditions. 
Additionally comments that are long, have multiple paragraph breaks, include code, or include hyperlinks may not be posted. 
</post>
<signature>

</signature>
<external_links>

</external_links>
<country>US</country>
<main_image>http://media.philly.com/designimages/pcom-FB.jpg</main_image>
</document>
