<?xml version="1.0" encoding="UTF-8"?>
<document>
<type>mainstream</type>
<forum></forum>
<forum_title></forum_title>
<discussion_title>Judge sets 2017 trial for ex-officer who shot black motorist</discussion_title>
<language>english</language>
<gmt_offset></gmt_offset>
<topic_url>http://www.philly.com/philly/news/nation_world/20160830_ap_881f5c0a590c494eaa46a284f7679019.html</topic_url>
<topic_text>
Judge sets 2017 trial for ex-officer who shot black motorist Updated: August 30, 2016 — 2:51 PM EDT Share BRUCE SMITH The Associated Press 
CHARLESTON, S.C. (AP) - A federal judge has decided that the trial for a white ex-police officer in the shooting death of a black South Carolina motorist will be held early next year. 
U.S. District Judge David Norton said during a brief hearing Tuesday that he will hold the trial of 33-year-old Michael Slager during a term of court beginning in January. No specific date was set. 
Slager, a former North Charleston officer, faces federal civil rights charges in the April 2015 shooting of 50-year-old Walter Scott who was fleeing a traffic stop. 
The incident, caught on a dramatic cellphone video, reignited the national debate over treatment of blacks by white police officers. 
Separately, Slager faces a murder charge in state court. That trial is set to begin on Oct. 31. More Coverage 
</topic_text>
<spam_score>0.17</spam_score>
<post_num>1</post_num>
<post_id>post-1</post_id>
<post_url>http://www.philly.com/philly/news/nation_world/20160830_ap_881f5c0a590c494eaa46a284f7679019.html</post_url>
<post_date>20160830</post_date>
<post_time></post_time>
<username>Bruce Smith</username>
<post>
Judge sets 2017 trial for ex-officer who shot black motorist Updated: August 30, 2016 — 2:51 PM EDT Share BRUCE SMITH The Associated Press 
CHARLESTON, S.C. (AP) - A federal judge has decided that the trial for a white ex-police officer in the shooting death of a black South Carolina motorist will be held early next year. 
U.S. District Judge David Norton said during a brief hearing Tuesday that he will hold the trial of 33-year-old Michael Slager during a term of court beginning in January. No specific date was set. 
Slager, a former North Charleston officer, faces federal civil rights charges in the April 2015 shooting of 50-year-old Walter Scott who was fleeing a traffic stop. 
The incident, caught on a dramatic cellphone video, reignited the national debate over treatment of blacks by white police officers. 
Separately, Slager faces a murder charge in state court. That trial is set to begin on Oct. 31. More Coverage 
</post>
<signature>

</signature>
<external_links>

</external_links>
<country>US</country>
<main_image>http://media.philly.com/designimages/pcom-FB.jpg</main_image>
</document>
