<?xml version="1.0" encoding="UTF-8"?>
<document>
<type>mainstream</type>
<forum>http://rssfeeds.thv11.com/_/20/109858520/kthv/local</forum>
<forum_title>KTHV - Local</forum_title>
<discussion_title>Johnson and Crawford counties debate...</discussion_title>
<language>english</language>
<gmt_offset></gmt_offset>
<topic_url>http://rssfeeds.thv11.com/_/20/109858520/kthv/http&amp;#x3a;&amp;#x2f;&amp;#x2f;www&amp;#x2e;thv11&amp;#x2e;com&amp;#x2f;news&amp;#x2f;local&amp;#x2f;johnson-and-crawford-counties-debate-alcohol-sales&amp;#x2f;311406506</topic_url>
<topic_text>
Johnson and Crawford counties debate alcohol sales KTHV Digital , KTHV 6:22   CREDIT: Getty Images CONNECT TWEET LINKEDIN GOOGLE+ PINTEREST 
LITTLE ROCK, Ark. (KTHV) -- The wet versus dry issue continues in Johnson and Crawford counties. 
The initiative &quot;Keep Dollars In Crawford County&quot; would let voters decide if alcohol sales should be allowed in the county. 
More than 90,000 signatures were turned in earlier this month, but only 9,000 were verified usable. 
If they get the additional 3,100 needed by Thursday, they can request a special election or be certified for the 2018 ballot. 
In Johnson County, the initiative is being taken off the ballot.
</topic_text>
<spam_score>0.00</spam_score>
<post_num>1</post_num>
<post_id>post-1</post_id>
<post_url>http://rssfeeds.thv11.com/_/20/109858520/kthv/http&amp;#x3a;&amp;#x2f;&amp;#x2f;www&amp;#x2e;thv11&amp;#x2e;com&amp;#x2f;news&amp;#x2f;local&amp;#x2f;johnson-and-crawford-counties-debate-alcohol-sales&amp;#x2f;311406506</post_url>
<post_date>20160830</post_date>
<post_time>2222</post_time>
<username></username>
<post>
Johnson and Crawford counties debate alcohol sales KTHV Digital , KTHV 6:22   CREDIT: Getty Images CONNECT TWEET LINKEDIN GOOGLE+ PINTEREST 
LITTLE ROCK, Ark. (KTHV) -- The wet versus dry issue continues in Johnson and Crawford counties. 
The initiative &quot;Keep Dollars In Crawford County&quot; would let voters decide if alcohol sales should be allowed in the county. 
More than 90,000 signatures were turned in earlier this month, but only 9,000 were verified usable. 
If they get the additional 3,100 needed by Thursday, they can request a special election or be certified for the 2018 ballot. 
In Johnson County, the initiative is being taken off the ballot.
</post>
<signature>

</signature>
<external_links>

</external_links>
<country>US</country>
<main_image>http://content.thv11.com/photo/2016/08/30/download%20_OP_4_CP__1472595668825_5884905_ver1.0_640_360.jpg</main_image>
</document>
