<?xml version="1.0" encoding="UTF-8"?>
<document>
<type>mainstream</type>
<forum></forum>
<forum_title></forum_title>
<discussion_title>More teens get needed vaccines in &apos;blue states&apos;</discussion_title>
<language>english</language>
<gmt_offset></gmt_offset>
<topic_url>http://www.philly.com/philly/wires/reuters/news/report/391783381.html</topic_url>
<topic_text>
More teens get needed vaccines in &apos;blue states&apos; Updated: August 30, 2016 — 4:04 PM EDT Share Reuters 
By Kathryn Doyle 
(Reuters Health) - Parental politics may influence whether teens get recommended vaccinations, according to a U.S. study. 
Dividing states into red and blue based on how they voted in the 2012 presidential elections, researchers found that in that year, adolescents in blue states were significantly more likely to have received three important vaccines recommended for 11 to 12 year olds. 
&quot;These associations are important because they demonstrate that there are broader forces associated with political affiliation that may influence acceptance of immunizations for adolescent children,&quot; said senior author Linda M. Niccolai of the Yale School of Public Health in New Haven. &quot;The decision to immunize a child does not occur in vacuum and is not as straightforward as simply accepting a preventive medical interventio 
The researchers adjusted for factors that could influence vaccination patterns, including income, education, race and ethnicicty and insurance coverage. Then they calculated the median vaccination rates among blue and red states - meaning half of states had rates above the median for their group. 
In 2012, Democratic-voting &quot;blue states&quot; had a median of 63 percent coverage for girls and 47 percent coverage for boys for the HPV shot, compared to 56 of girls and 34 percent of boys in Republican-voting &quot;red states.&quot; 
For Tdap, blue states had a median of 90 percent vaccine coverage for teens, compared to 85 percent in red states. For MCV4, almost 80 percent of teens in half of blue states had been vaccinated compared to 73 percent in red states, as reported in the American Journal of Public Health. 
&quot;We hypothesized there would be differences for HPV, a sexually transmitted infection, perhaps due to social conservatism found in many Republican states,&quot; Niccolai said. &quot;But we also found differences for MCV4 and Tdap, suggesting something else, perhaps related to political affiliation more broadly, that is important.&quot; 
Preference for a smaller role of government in personal decision making, typically associated with more Republican views, could lead to individuals rejecting vaccinations that are recommended by federal agencies, she said. But this study alone can&apos;t explain why differences exist between states. 
Underlying preferences may drive differences in voting patterns and vaccine behavior between states, said W. David Bradford, the Busbee Chair in Public Policy at the University of Georgia in Atla 
</topic_text>
<spam_score>0.97</spam_score>
<post_num>1</post_num>
<post_id>post-1</post_id>
<post_url>http://www.philly.com/philly/wires/reuters/news/report/391783381.html</post_url>
<post_date>20160830</post_date>
<post_time></post_time>
<username></username>
<post>
More teens get needed vaccines in &apos;blue states&apos; Updated: August 30, 2016 — 4:04 PM EDT Share Reuters 
By Kathryn Doyle 
(Reuters Health) - Parental politics may influence whether teens get recommended vaccinations, according to a U.S. study. 
Dividing states into red and blue based on how they voted in the 2012 presidential elections, researchers found that in that year, adolescents in blue states were significantly more likely to have received three important vaccines recommended for 11 to 12 year olds. 
&quot;These associations are important because they demonstrate that there are broader forces associated with political affiliation that may influence acceptance of immunizations for adolescent children,&quot; said senior author Linda M. Niccolai of the Yale School of Public Health in New Haven. &quot;The decision to immunize a child does not occur in vacuum and is not as straightforward as simply accepting a preventive medical interventio 
The researchers adjusted for factors that could influence vaccination patterns, including income, education, race and ethnicicty and insurance coverage. Then they calculated the median vaccination rates among blue and red states - meaning half of states had rates above the median for their group. 
In 2012, Democratic-voting &quot;blue states&quot; had a median of 63 percent coverage for girls and 47 percent coverage for boys for the HPV shot, compared to 56 of girls and 34 percent of boys in Republican-voting &quot;red states.&quot; 
For Tdap, blue states had a median of 90 percent vaccine coverage for teens, compared to 85 percent in red states. For MCV4, almost 80 percent of teens in half of blue states had been vaccinated compared to 73 percent in red states, as reported in the American Journal of Public Health. 
&quot;We hypothesized there would be differences for HPV, a sexually transmitted infection, perhaps due to social conservatism found in many Republican states,&quot; Niccolai said. &quot;But we also found differences for MCV4 and Tdap, suggesting something else, perhaps related to political affiliation more broadly, that is important.&quot; 
Preference for a smaller role of government in personal decision making, typically associated with more Republican views, could lead to individuals rejecting vaccinations that are recommended by federal agencies, she said. But this study alone can&apos;t explain why differences exist between states. 
Underlying preferences may drive differences in voting patterns and vaccine behavior between states, said W. David Bradford, the Busbee Chair in Public Policy at the University of Georgia in Atla 
</post>
<signature>

</signature>
<external_links>

</external_links>
<country>US</country>
<main_image>http://media.philly.com/designimages/pcom-FB.jpg</main_image>
</document>
