<?xml version="1.0" encoding="UTF-8"?>
<document>
<type>mainstream</type>
<forum>http://highschoolsports.pennlive.com/news/?fullrss&amp;tags=internal</forum>
<forum_title>PennLive.com News From PennLive.com</forum_title>
<discussion_title>Warwick basketball standout Rylee Derr commits to Kutztown University</discussion_title>
<language>english</language>
<gmt_offset></gmt_offset>
<topic_url>http://highschoolsports.pennlive.com/news/article/6513037781961747577/warwick-basketball-standout-rylee-derr-commits-to-kutztown/</topic_url>
<topic_text>
Kutztown University’s women’s basketball program has continued its Lancaster-Lebanon League haul. 
First it was Ephrata sharpshooter Caroline Stauffer . 
Then it was Northern Lebanon floor general Zoe Zerman . 
Now, the Golden Bears have received a verbal commitment from Warwick sniper Rylee Derr . Very excited to announce that I will be furthering my education and basketball career at Kutztown University🐻🏀💛 pic.twitter.com/6URyyslX7J — Rylee Derr (@Rylaayyy) August 30, 2016 
The Warriors’ rising senior is a three-year starter, and she’s scored at least 18.0 points per game every season in her prep career, including last winter, when Derr popped in 18.6 points and drilled 42 3-pointers for Warwick . 
She will open her senior season with 1,183 points and 109 3-pointers. 
Derr said she also considered Bloomsburg, but that Kutztown turned out to be the perfect fit at the end of the day. 
“Kutztown is the right choice for me,” Derr said. 
She said she’s also excited about getting to play with Stauffer, who is a friend, and Zerman, another L-L League standout. 
“Caroline and I go way back; we’ve played (together) for five-plus years,” Derr said, “so I’m definitely excited to keep playing with her. And I’ve heard great things about (Zerman).” 
Stauffer will open her senior season at Ephrata with 910 points and 123 3-pointers. 
Zerman, who helped Northern Lebanon reach the PIAA Class 3A state quarterfinals last March, will open her senior campaign in Fredericksburg with 1,027 career points . 
And then Stauffer, Zerman and Derr will all join forces for Kutztown , which went 10-16 overall and 7-15 in the PSAC last season under coach Janet Malouf.
</topic_text>
<spam_score>0.00</spam_score>
<post_num>1</post_num>
<post_id>post-1</post_id>
<post_url>http://highschoolsports.pennlive.com/news/article/6513037781961747577/warwick-basketball-standout-rylee-derr-commits-to-kutztown/</post_url>
<post_date>20160830</post_date>
<post_time>2115</post_time>
<username>Jeff Reinhart | (jreinhart@pennlive.com)</username>
<post>
Kutztown University’s women’s basketball program has continued its Lancaster-Lebanon League haul. 
First it was Ephrata sharpshooter Caroline Stauffer . 
Then it was Northern Lebanon floor general Zoe Zerman . 
Now, the Golden Bears have received a verbal commitment from Warwick sniper Rylee Derr . Very excited to announce that I will be furthering my education and basketball career at Kutztown University🐻🏀💛 pic.twitter.com/6URyyslX7J — Rylee Derr (@Rylaayyy) August 30, 2016 
The Warriors’ rising senior is a three-year starter, and she’s scored at least 18.0 points per game every season in her prep career, including last winter, when Derr popped in 18.6 points and drilled 42 3-pointers for Warwick . 
She will open her senior season with 1,183 points and 109 3-pointers. 
Derr said she also considered Bloomsburg, but that Kutztown turned out to be the perfect fit at the end of the day. 
“Kutztown is the right choice for me,” Derr said. 
She said she’s also excited about getting to play with Stauffer, who is a friend, and Zerman, another L-L League standout. 
“Caroline and I go way back; we’ve played (together) for five-plus years,” Derr said, “so I’m definitely excited to keep playing with her. And I’ve heard great things about (Zerman).” 
Stauffer will open her senior season at Ephrata with 910 points and 123 3-pointers. 
Zerman, who helped Northern Lebanon reach the PIAA Class 3A state quarterfinals last March, will open her senior campaign in Fredericksburg with 1,027 career points . 
And then Stauffer, Zerman and Derr will all join forces for Kutztown , which went 10-16 overall and 7-15 in the PSAC last season under coach Janet Malouf.
</post>
<signature>

</signature>
<external_links>

</external_links>
<country>US</country>
<main_image>https://hssn-media.advance.net/PennLive.com/news/64229341b627ce57964c317a18f157f8/-ff50bbd3d8c09bad.jpg</main_image>
</document>
