<?xml version="1.0" encoding="UTF-8"?>
<document>
<type>mainstream</type>
<forum>http://www.imeee.cn/rss/184.xml</forum>
<forum_title>美体瘦身</forum_title>
<discussion_title>腿不瘦不行！警惕变胖嘟嘟大腿的4个坏习惯</discussion_title>
<language>chinese</language>
<gmt_offset></gmt_offset>
<topic_url>http://jianfei.imeee.cn/mtss/0S034222B2016.html</topic_url>
<topic_text>
2016-08-30 来源: 爱美丽 编辑: 李乐 
爱 爱美丽 原创文章 禁止转载 
短裙 短裤 的季节就要过去，但 紧身裤 又要上阵了，没有一双纤细的 美腿 怎么行？不少MM都有下半身肥胖的烦恼，究竟怎么快速 瘦腿 最有效呢？想要减掉肥胖双腿，先来看看那导致下半身粗壮的NG习惯吧！ 
运动，下半身想不胖都难！久坐阻碍下半身血液循环，淋巴不畅，老旧废物无法分解，水肿和肥胖就会找上身。建议MM们每隔一个小时起身1次，做一些简单的伸展操，帮助刺激下半身血液和淋巴循环。 
空调温度过低，但觉得稍微忍受一下也没关系？如果无视低温的互，下半身血液循环会越来越差！只要一感觉到冷，就立马要用小毛毯将双腿包裹住，避免受凉。 
5.来回揉腿。手掌打开，搓揉双腿，做20个循环。 本文标题: 腿不瘦不行！警惕变胖嘟嘟大腿的4个坏习惯 由 爱美丽 编辑,转载请注明出处! （ www.imeee.cn ）。 新鲜资讯
</topic_text>
<spam_score>0.00</spam_score>
<post_num>1</post_num>
<post_id>post-1</post_id>
<post_url>http://jianfei.imeee.cn/mtss/0S034222B2016.html</post_url>
<post_date>20160830</post_date>
<post_time>0000</post_time>
<username>李乐</username>
<post>
2016-08-30 来源: 爱美丽 编辑: 李乐 
爱 爱美丽 原创文章 禁止转载 
短裙 短裤 的季节就要过去，但 紧身裤 又要上阵了，没有一双纤细的 美腿 怎么行？不少MM都有下半身肥胖的烦恼，究竟怎么快速 瘦腿 最有效呢？想要减掉肥胖双腿，先来看看那导致下半身粗壮的NG习惯吧！ 
运动，下半身想不胖都难！久坐阻碍下半身血液循环，淋巴不畅，老旧废物无法分解，水肿和肥胖就会找上身。建议MM们每隔一个小时起身1次，做一些简单的伸展操，帮助刺激下半身血液和淋巴循环。 
空调温度过低，但觉得稍微忍受一下也没关系？如果无视低温的互，下半身血液循环会越来越差！只要一感觉到冷，就立马要用小毛毯将双腿包裹住，避免受凉。 
5.来回揉腿。手掌打开，搓揉双腿，做20个循环。 本文标题: 腿不瘦不行！警惕变胖嘟嘟大腿的4个坏习惯 由 爱美丽 编辑,转载请注明出处! （ www.imeee.cn ）。 新鲜资讯
</post>
<signature>

</signature>
<external_links>

</external_links>
<country>CN</country>
<main_image></main_image>
</document>
