<?xml version="1.0" encoding="UTF-8"?>
<document>
<type>mainstream</type>
<forum>http://www.wtvm.com/Global/category.asp?C=5479&amp;nav=menu91_1&amp;clienttype=rss</forum>
<forum_title>WTVM - WTVM Home</forum_title>
<discussion_title>Zika virus reported In Marshall County</discussion_title>
<language>english</language>
<gmt_offset></gmt_offset>
<topic_url>http://www.wtvm.com/story/32915830/zika-virus-reported-in-marshall-county</topic_url>
<topic_text>
Zika virus reported In Marshall County 2016-08-30T23:29:56Z MARSHALL COUNTY, AL (WAFF) - 
Marshall County has been added to the list of Alabama&apos;s Zika cases. 
Health officials do not say exactly where in Marshall County the virus was found but say environmentalists were sent to the home of the infected person to check for places where mosquitoes could breed to ward off the possibility they could transmit the virus to someone else. 
Scott Harris, assistant state health officer, said 80 percent of the people do not show symptoms and it&apos;s not particularly dangerous to most people, but there are concerns with pregnant women. 
“Even pregnant women, the women themselves, don&apos;t really have problems if they get infected but it&apos;s a big issue for an unborn baby so we&apos;re strongly encouraging pregnant women to avoid those areas where there&apos;s transmission by mosquitoes. Right now that means the Caribbean, Latin America, and then a couple neighborhoods within the city of Miami,&quot; Harris said. 
Harris said Zika can be transmitted through blood transmissions and sexually, so protection should be used. 
Copyright 2016 WAFF . All rights reserved.
</topic_text>
<spam_score>0.00</spam_score>
<post_num>1</post_num>
<post_id>post-1</post_id>
<post_url>http://www.wtvm.com/story/32915830/zika-virus-reported-in-marshall-county</post_url>
<post_date>20160830</post_date>
<post_time>2329</post_time>
<username>Stephen McLamb</username>
<post>
Zika virus reported In Marshall County 2016-08-30T23:29:56Z MARSHALL COUNTY, AL (WAFF) - 
Marshall County has been added to the list of Alabama&apos;s Zika cases. 
Health officials do not say exactly where in Marshall County the virus was found but say environmentalists were sent to the home of the infected person to check for places where mosquitoes could breed to ward off the possibility they could transmit the virus to someone else. 
Scott Harris, assistant state health officer, said 80 percent of the people do not show symptoms and it&apos;s not particularly dangerous to most people, but there are concerns with pregnant women. 
“Even pregnant women, the women themselves, don&apos;t really have problems if they get infected but it&apos;s a big issue for an unborn baby so we&apos;re strongly encouraging pregnant women to avoid those areas where there&apos;s transmission by mosquitoes. Right now that means the Caribbean, Latin America, and then a couple neighborhoods within the city of Miami,&quot; Harris said. 
Harris said Zika can be transmitted through blood transmissions and sexually, so protection should be used. 
Copyright 2016 WAFF . All rights reserved.
</post>
<signature>

</signature>
<external_links>

</external_links>
<country>US</country>
<main_image>http://WAFF.images.worldnow.com/images/9856576_G.png</main_image>
</document>
