<?xml version="1.0" encoding="UTF-8"?>
<document>
<type>mainstream</type>
<forum></forum>
<forum_title></forum_title>
<discussion_title>Curious radio signal stirs talk of extraterrestrials</discussion_title>
<language>english</language>
<gmt_offset></gmt_offset>
<topic_url>http://www.philly.com/philly/wires/reuters/news/science/391773941.html</topic_url>
<topic_text>
Curious radio signal stirs talk of extraterrestrials Updated: August 30, 2016 — 2:27 PM EDT Share Reuters 
By Irene Klotz 
CAPE CANAVERAL, Fla. (Reuters) - A curious radio signal picked up by a Russian telescope is probably not a transmission from an extraterrestrial civilization, but astronomers in California are taking a second look anyway, the SETI Institute said on Tuesday. 
A group of Russian astronomers last year detected what appeared to be a non-naturally occurring radio signal in the general location of a star system 94 light-years from Earth. 
Their findings emerged after Italian researcher Claudio Maccone, who chairs the International Academy of Astronautics committee on the Search for Extraterrestrial Intelligence, or SETI, told colleagues of a presentation he heard about the signal, said Seth Shostak, a director at the SETI Institute. 
&quot;I don&apos;t think we&apos;re taking it terribly seriously,&quot; Shostak said. &quot;The Russians looked in this direction 39 times, and as best we can tell they found it once.&quot; 
Most likely, the radio signal was caused by terrestrial interference or a satellite, a common occurrence, Shostak told Reuters. 
If the Russians thought they had a serious signal from ET, he said, they also likely would have disclosed it sooner. 
&quot;They didn&apos;t say anything about it for more than year. If we had found a signal, we&apos;d check it out and call up other astronomers to check it out as well,&quot; Shostak said. 
Nevertheless, SETI astronomers have spent the last two nights using an array of radio telescopes in California to study the suspect star, HD 164595, which has one known planet in orbit. 
The planet is about the size of Neptune, but circles its star far closer than Mercury orbits the sun. HD 164595 could have other planets in orbit that are more suitably positioned for water, which is believed to be necessary for life. 
So far, though, astronomers have not detected any unusual signals from the star, Shostak said. 
&quot;We have to be very careful not to get cynical about false alarms,&quot; he said. &quot;It&apos;s easy to say &apos;Aw man, it&apos;s just another case of interference,&apos; but that risks not paying attention when you should.&quot; 
(Reporting by Irene Klotz; Editing by Daniel Wallis and Frances Kerry) More Coverage 
</topic_text>
<spam_score>0.00</spam_score>
<post_num>1</post_num>
<post_id>post-1</post_id>
<post_url>http://www.philly.com/philly/wires/reuters/news/science/391773941.html</post_url>
<post_date>20160830</post_date>
<post_time></post_time>
<username>Irene Klotz</username>
<post>
Curious radio signal stirs talk of extraterrestrials Updated: August 30, 2016 — 2:27 PM EDT Share Reuters 
By Irene Klotz 
CAPE CANAVERAL, Fla. (Reuters) - A curious radio signal picked up by a Russian telescope is probably not a transmission from an extraterrestrial civilization, but astronomers in California are taking a second look anyway, the SETI Institute said on Tuesday. 
A group of Russian astronomers last year detected what appeared to be a non-naturally occurring radio signal in the general location of a star system 94 light-years from Earth. 
Their findings emerged after Italian researcher Claudio Maccone, who chairs the International Academy of Astronautics committee on the Search for Extraterrestrial Intelligence, or SETI, told colleagues of a presentation he heard about the signal, said Seth Shostak, a director at the SETI Institute. 
&quot;I don&apos;t think we&apos;re taking it terribly seriously,&quot; Shostak said. &quot;The Russians looked in this direction 39 times, and as best we can tell they found it once.&quot; 
Most likely, the radio signal was caused by terrestrial interference or a satellite, a common occurrence, Shostak told Reuters. 
If the Russians thought they had a serious signal from ET, he said, they also likely would have disclosed it sooner. 
&quot;They didn&apos;t say anything about it for more than year. If we had found a signal, we&apos;d check it out and call up other astronomers to check it out as well,&quot; Shostak said. 
Nevertheless, SETI astronomers have spent the last two nights using an array of radio telescopes in California to study the suspect star, HD 164595, which has one known planet in orbit. 
The planet is about the size of Neptune, but circles its star far closer than Mercury orbits the sun. HD 164595 could have other planets in orbit that are more suitably positioned for water, which is believed to be necessary for life. 
So far, though, astronomers have not detected any unusual signals from the star, Shostak said. 
&quot;We have to be very careful not to get cynical about false alarms,&quot; he said. &quot;It&apos;s easy to say &apos;Aw man, it&apos;s just another case of interference,&apos; but that risks not paying attention when you should.&quot; 
(Reporting by Irene Klotz; Editing by Daniel Wallis and Frances Kerry) More Coverage 
</post>
<signature>

</signature>
<external_links>

</external_links>
<country>US</country>
<main_image>http://media.philly.com/designimages/pcom-FB.jpg</main_image>
</document>
