<?xml version="1.0" encoding="UTF-8"?>
<document>
<type>mainstream</type>
<forum>http://www.arabianbusiness.com/?service=rss</forum>
<forum_title>Arabian Business - Home</forum_title>
<discussion_title>Abu Dhabi ship builder opens first floating dock</discussion_title>
<language>english</language>
<gmt_offset></gmt_offset>
<topic_url>http://www.arabianbusiness.com/abu-dhabi-ship-builder-opens-first-floating-dock-643971.html</topic_url>
<topic_text>
Abu Dhabi ship builder opens first floating dock By Tuesday, 30 August 2016 1:30 PM 
Abu Dhabi Ship Building (ADSB), a provider of construction, repair and refit services for naval, military and commercial vessels, has announced the commissioning of the company&apos;s first floating dock located in Mina Zayed. 
The opening of the floating drydock signifies a new phase of growth for the company, as it looks to expand its commercial service offering, ADSB said in a statement. 
Dr Khaled Al Mazrouei, CEO, said: &quot;We are proud to announce this latest milestone for Abu Dhabi Ship Building. The addition of the floating drydock contributes to our commitment to expand our service offering, strengthening our local maritime services and industries, and delivering on the large scale goal of Abu Dhabi&apos;s continued economic diversification.&quot; 
The new floating drydock, which allows ADSB to service ships that were previously too large to be handled to their headquarters in Mussafah, received its first customer that underwent routine drydocking, electrical and mechanical works at the port. 
With the addition of the floating dock, ADSB said it is looking to expand its customer base through a network of agents representing 16 countries across Europe and Asia.
</topic_text>
<spam_score>0.00</spam_score>
<post_num>1</post_num>
<post_id>post-1</post_id>
<post_url>http://www.arabianbusiness.com/abu-dhabi-ship-builder-opens-first-floating-dock-643971.html</post_url>
<post_date>20160830</post_date>
<post_time>0930</post_time>
<username></username>
<post>
Abu Dhabi ship builder opens first floating dock By Tuesday, 30 August 2016 1:30 PM 
Abu Dhabi Ship Building (ADSB), a provider of construction, repair and refit services for naval, military and commercial vessels, has announced the commissioning of the company&apos;s first floating dock located in Mina Zayed. 
The opening of the floating drydock signifies a new phase of growth for the company, as it looks to expand its commercial service offering, ADSB said in a statement. 
Dr Khaled Al Mazrouei, CEO, said: &quot;We are proud to announce this latest milestone for Abu Dhabi Ship Building. The addition of the floating drydock contributes to our commitment to expand our service offering, strengthening our local maritime services and industries, and delivering on the large scale goal of Abu Dhabi&apos;s continued economic diversification.&quot; 
The new floating drydock, which allows ADSB to service ships that were previously too large to be handled to their headquarters in Mussafah, received its first customer that underwent routine drydocking, electrical and mechanical works at the port. 
With the addition of the floating dock, ADSB said it is looking to expand its customer base through a network of agents representing 16 countries across Europe and Asia.
</post>
<signature>

</signature>
<external_links>

</external_links>
<country>US</country>
<main_image>http://www.arabianbusiness.com/incoming/article643970.ece/BINARY/abu_dhabi_ship_building.jpg</main_image>
</document>
