<?xml version="1.0" encoding="UTF-8"?>
<document>
<type>mainstream</type>
<forum></forum>
<forum_title></forum_title>
<discussion_title>Bahrain&apos;s al-Wefaq opposition appeals dissolution ruling: Wefaq official</discussion_title>
<language>english</language>
<gmt_offset></gmt_offset>
<topic_url>http://www.philly.com/philly/wires/reuters/news/world/391758511.html</topic_url>
<topic_text>
Bahrain&apos;s al-Wefaq opposition appeals dissolution ruling: Wefaq official Updated: August 30, 2016 — 12:23 PM EDT Share The headquarters of Bahrain&apos;s main opposition party Al Wefaq is seen in this photo taken in Bilad Al Qadeem, west of Manama, on October 28, 2014. REUTERS/Hamad I Mohammed by Reuters Close icon Reuters 
DUBAI (Reuters) - Bahrain&apos;s main opposition al-Wefaq has appealed against an administrative court ruling last month that dissolved the group and found it guilty of fostering terrorism, a leading Wefaq official said on Tuesday. 
The court decision to dissolve al-Wefaq was part of a wider government crackdown on an opposition mainly comprised of Shi&apos;ite Muslims demanding reforms and a bigger say in running the Western-allied Gulf Arab state. 
Ali Alaswad, a former member of the Bahraini parliament for al-Wefaq who lives in Europe, said the group officially submitted an appeal &quot;to challenge the verdict of the high civil court issued... dissolving the society and liquidating its funds&quot;. The court set a first hearing for Sept. 20. 
Government officials could not immediately be reached for comment. 
Bahrain, which hosts the U.S. Fifth Fleet, has a Shi&apos;ite majority but a Sunni Muslim-led government, mainly drawn from the ruling al-Khalifa family. Seen by other Sunni-ruled Gulf kingdoms like Saudi Arabia as a bulwark against Iranian influence, it put down Arab Spring protests in 2011. 
It drew U.S. and U.N. criticism in June when it moved to strip a top Shi&apos;ite cleric&apos;s citizenship and announced it was suspending Wefaq and closing its offices. 
Bahrain&apos;s Shi&apos;ites complain of state discrimination, a charge the government denies. 
(Writing by Sami Aboudi) 
</topic_text>
<spam_score>0.02</spam_score>
<post_num>1</post_num>
<post_id>post-1</post_id>
<post_url>http://www.philly.com/philly/wires/reuters/news/world/391758511.html</post_url>
<post_date>20160830</post_date>
<post_time></post_time>
<username></username>
<post>
Bahrain&apos;s al-Wefaq opposition appeals dissolution ruling: Wefaq official Updated: August 30, 2016 — 12:23 PM EDT Share The headquarters of Bahrain&apos;s main opposition party Al Wefaq is seen in this photo taken in Bilad Al Qadeem, west of Manama, on October 28, 2014. REUTERS/Hamad I Mohammed by Reuters Close icon Reuters 
DUBAI (Reuters) - Bahrain&apos;s main opposition al-Wefaq has appealed against an administrative court ruling last month that dissolved the group and found it guilty of fostering terrorism, a leading Wefaq official said on Tuesday. 
The court decision to dissolve al-Wefaq was part of a wider government crackdown on an opposition mainly comprised of Shi&apos;ite Muslims demanding reforms and a bigger say in running the Western-allied Gulf Arab state. 
Ali Alaswad, a former member of the Bahraini parliament for al-Wefaq who lives in Europe, said the group officially submitted an appeal &quot;to challenge the verdict of the high civil court issued... dissolving the society and liquidating its funds&quot;. The court set a first hearing for Sept. 20. 
Government officials could not immediately be reached for comment. 
Bahrain, which hosts the U.S. Fifth Fleet, has a Shi&apos;ite majority but a Sunni Muslim-led government, mainly drawn from the ruling al-Khalifa family. Seen by other Sunni-ruled Gulf kingdoms like Saudi Arabia as a bulwark against Iranian influence, it put down Arab Spring protests in 2011. 
It drew U.S. and U.N. criticism in June when it moved to strip a top Shi&apos;ite cleric&apos;s citizenship and announced it was suspending Wefaq and closing its offices. 
Bahrain&apos;s Shi&apos;ites complain of state discrimination, a charge the government denies. 
(Writing by Sami Aboudi) 
</post>
<signature>

</signature>
<external_links>

</external_links>
<country>US</country>
<main_image>http://media.philly.com/images/2016-08-30T162351Z_1_LYNXNPEC7T18T_RTROPTP_3_BAHRAIN-RIGHTS-ALWEFAQ.JPG</main_image>
</document>
