<?xml version="1.0" encoding="UTF-8"?>
<document>
<type>mainstream</type>
<forum></forum>
<forum_title></forum_title>
<discussion_title>France&apos;s Macron says to make proposals to &quot;transform&quot; France</discussion_title>
<language>english</language>
<gmt_offset></gmt_offset>
<topic_url>http://www.philly.com/philly/wires/reuters/news/report/391758561.html</topic_url>
<topic_text>
France&apos;s Macron says to make proposals to &quot;transform&quot; France Updated: August 30, 2016 — 12:48 PM EDT Share Close icon Reuters 
PARIS, Aug 30 (Reuters) - France&apos;s outgoing economy minister Emmanuel Macron said on Tuesday after resigning from government that he would present proposals to transform France, but stopped short of announcing a presidential bid in next year&apos;s election. 
Announcing his resignation to journalists, the 38-year-old former investment banker said he was leaving government to open a new chapter and built a &quot;project&quot; serving the general interests. 
&quot;I am determined to do everything so our values, ideas and actions can transform France starting next year,&quot; Macron told journalists and staff. 
Macron said that he would present proposals to change the country at the end of the month as part of his &apos;En Marche&apos; political movement. (Reporting by Leigh Thomas; Editing by Ingrid Melander) More Coverage our guidelines Click here to take this quick survey. 
</topic_text>
<spam_score>0.25</spam_score>
<post_num>1</post_num>
<post_id>post-1</post_id>
<post_url>http://www.philly.com/philly/wires/reuters/news/report/391758561.html</post_url>
<post_date>20160830</post_date>
<post_time></post_time>
<username></username>
<post>
France&apos;s Macron says to make proposals to &quot;transform&quot; France Updated: August 30, 2016 — 12:48 PM EDT Share Close icon Reuters 
PARIS, Aug 30 (Reuters) - France&apos;s outgoing economy minister Emmanuel Macron said on Tuesday after resigning from government that he would present proposals to transform France, but stopped short of announcing a presidential bid in next year&apos;s election. 
Announcing his resignation to journalists, the 38-year-old former investment banker said he was leaving government to open a new chapter and built a &quot;project&quot; serving the general interests. 
&quot;I am determined to do everything so our values, ideas and actions can transform France starting next year,&quot; Macron told journalists and staff. 
Macron said that he would present proposals to change the country at the end of the month as part of his &apos;En Marche&apos; political movement. (Reporting by Leigh Thomas; Editing by Ingrid Melander) More Coverage our guidelines Click here to take this quick survey. 
</post>
<signature>

</signature>
<external_links>

</external_links>
<country>US</country>
<main_image>http://media.philly.com/designimages/pcom-FB.jpg</main_image>
</document>
