<?xml version="1.0" encoding="UTF-8"?>
<document>
<type>mainstream</type>
<forum></forum>
<forum_title></forum_title>
<discussion_title>Business Highlights</discussion_title>
<language>english</language>
<gmt_offset></gmt_offset>
<topic_url>http://www.philly.com/philly/wires/ap/business/391793681.html</topic_url>
<topic_text>

with the August jobs report. 
&amp; Poor&apos;s CoreLogic Case-Shiller 20-city home price index, released Tuesday, increased 5.1 percent in June compared with a year ago. That&apos;s down from a 5.3 percent annual gain in May and is the slowest year-over-year pace since last August. 
&amp; Fitch Co. reported a wider loss for its second quarter on Tuesday and said it&apos;s closing up to 60 stores in the United States as both U.S. and international sales fell. 
</topic_text>
<spam_score>0.01</spam_score>
<post_num>1</post_num>
<post_id>post-1</post_id>
<post_url>http://www.philly.com/philly/wires/ap/business/391793681.html</post_url>
<post_date>20160830</post_date>
<post_time></post_time>
<username>The Associated Press</username>
<post>

with the August jobs report. 
&amp; Poor&apos;s CoreLogic Case-Shiller 20-city home price index, released Tuesday, increased 5.1 percent in June compared with a year ago. That&apos;s down from a 5.3 percent annual gain in May and is the slowest year-over-year pace since last August. 
&amp; Fitch Co. reported a wider loss for its second quarter on Tuesday and said it&apos;s closing up to 60 stores in the United States as both U.S. and international sales fell. 
</post>
<signature>

</signature>
<external_links>

</external_links>
<country>US</country>
<main_image>http://media.philly.com/designimages/pcom-FB.jpg</main_image>
</document>
