<?xml version="1.0" encoding="UTF-8"?>
<document>
<type>mainstream</type>
<forum>http://www.republika.co.id/rss/</forum>
<forum_title>Republika Online RSS Feed</forum_title>
<discussion_title>&apos;Saya Lebih Banyak Menyelamatkan Warga Kulit Hitam daripada Beyonce&apos;</discussion_title>
<language>indonesian</language>
<gmt_offset></gmt_offset>
<topic_url>http://internasional.republika.co.id/berita/internasional/global/16/08/31/ocr0pb377-saya-lebih-banyak-menyelamatkan-warga-kulit-hitam-daripada-beyonce</topic_url>
<topic_text>
 43 WIB &apos;Saya Lebih Banyak Menyelamatkan Warga Kulit Hitam daripada Beyonce&apos; Red: Teguh Firmansyah Reuters Beyonce menggandeng Blue Ivy di MTV Video Music Awards, Senin (29/8). 
REPUBLIKA.CO.ID, NEW YORK -- Mantan Wali Kota New York Rudy Giuliani mengatakan, ia lebih banyak menyelamatkan warga kulit hitam dibandingkan Beyonce. Hal itu disampaikan Giulliani menyusul penampilan Beyonce dalam penghargaan MTV Music Video yang menggambarkan ketidakadilan rasi. Beyonce meraih sejumlah penghargaan dalam acara yang digelar di New York pada Ahad lalu. Beyonce menyanyikan lagu dari album terbarunya, Lemonade. Penampilan Beyonce dimulai dengan seorang penari yang seakan ditembak setelah terkena sinar merah. Ini menyimbolkan seorang polisi yang membunuh warga kulit hitam.Giuliani yang menjadi wali kota New York pada 1994-2001 mengatakan kepada Fox News , penampilan Beyonce memalukan. &quot;Saya lebih banyak menyelamatkan warga kulit hitam dibandingkan mereka yang Anda dilihat di panggung,&quot; ujarnya seperti dilansir the Guardian . 
Ia mengaku mampu mengurangi tingkat kejahatan hingga 75 persen. Menurut Guilinani, empat hingga lima ribu pemuda Afro-Amerika yang hidup saat ini karena kebijakannya. Kebijakan itu memberikan efek hingga 35 tahun. 0 SHARE
</topic_text>
<spam_score>0.00</spam_score>
<post_num>1</post_num>
<post_id>post-1</post_id>
<post_url>http://internasional.republika.co.id/berita/internasional/global/16/08/31/ocr0pb377-saya-lebih-banyak-menyelamatkan-warga-kulit-hitam-daripada-beyonce</post_url>
<post_date>20160831</post_date>
<post_time>0043</post_time>
<username>Teguh Firmansyah</username>
<post>
 43 WIB &apos;Saya Lebih Banyak Menyelamatkan Warga Kulit Hitam daripada Beyonce&apos; Red: Teguh Firmansyah Reuters Beyonce menggandeng Blue Ivy di MTV Video Music Awards, Senin (29/8). 
REPUBLIKA.CO.ID, NEW YORK -- Mantan Wali Kota New York Rudy Giuliani mengatakan, ia lebih banyak menyelamatkan warga kulit hitam dibandingkan Beyonce. Hal itu disampaikan Giulliani menyusul penampilan Beyonce dalam penghargaan MTV Music Video yang menggambarkan ketidakadilan rasi. Beyonce meraih sejumlah penghargaan dalam acara yang digelar di New York pada Ahad lalu. Beyonce menyanyikan lagu dari album terbarunya, Lemonade. Penampilan Beyonce dimulai dengan seorang penari yang seakan ditembak setelah terkena sinar merah. Ini menyimbolkan seorang polisi yang membunuh warga kulit hitam.Giuliani yang menjadi wali kota New York pada 1994-2001 mengatakan kepada Fox News , penampilan Beyonce memalukan. &quot;Saya lebih banyak menyelamatkan warga kulit hitam dibandingkan mereka yang Anda dilihat di panggung,&quot; ujarnya seperti dilansir the Guardian . 
Ia mengaku mampu mengurangi tingkat kejahatan hingga 75 persen. Menurut Guilinani, empat hingga lima ribu pemuda Afro-Amerika yang hidup saat ini karena kebijakannya. Kebijakan itu memberikan efek hingga 35 tahun. 0 SHARE
</post>
<signature>

</signature>
<external_links>

</external_links>
<country>ID</country>
<main_image>http://static.republika.co.id/uploads/images/headline_slide/beyonce-menggandeng-blue-ivy-di-mtv-video-music-awards-_160830071729-188.JPG</main_image>
</document>
