<?xml version="1.0" encoding="UTF-8"?>
<document>
<type>mainstream</type>
<forum>https://www.patexia.com/newsfeed/format/rss</forum>
<forum_title>Patexia Rss Feed</forum_title>
<discussion_title>Patent No. 6,630,507: Why the U.S. government holds a patent on cannabis plant compounds</discussion_title>
<language>english</language>
<gmt_offset></gmt_offset>
<topic_url>https://www.patexia.com/feed/patent-no-6-630-507-why-the-u-s-government-holds-a-patent-on-cannabis-plant-compounds-20160830</topic_url>
<topic_text>
Amalia Ysabelle 11 hours ago Patent No. 6,630,507: Why the U.S. government holds a patent on cannabis plant compounds   
It may not have quite the same ring to it as a certain seven-digit phone number made famous by a 1980s pop hit, but 6,630,507 has become internet-famous since the U.S. Drug Enforcement Administration opted not to reschedule marijuana, leaving it in the category of drugs with no legitimate medical uses.
</topic_text>
<spam_score>0.00</spam_score>
<post_num>1</post_num>
<post_id>post-1</post_id>
<post_url>https://www.patexia.com/feed/patent-no-6-630-507-why-the-u-s-government-holds-a-patent-on-cannabis-plant-compounds-20160830</post_url>
<post_date>20160830</post_date>
<post_time>1310</post_time>
<username></username>
<post>
Amalia Ysabelle 11 hours ago Patent No. 6,630,507: Why the U.S. government holds a patent on cannabis plant compounds   
It may not have quite the same ring to it as a certain seven-digit phone number made famous by a 1980s pop hit, but 6,630,507 has become internet-famous since the U.S. Drug Enforcement Administration opted not to reschedule marijuana, leaving it in the category of drugs with no legitimate medical uses.
</post>
<signature>

</signature>
<external_links>

</external_links>
<country>US</country>
<main_image>https://www.patexia.com/images/general/og_logo.png</main_image>
</document>
