<?xml version="1.0" encoding="UTF-8"?>
<document>
<type>mainstream</type>
<forum></forum>
<forum_title></forum_title>
<discussion_title>UPDATE 1-Airbus on course for record deliveries in August - executive</discussion_title>
<language>english</language>
<gmt_offset></gmt_offset>
<topic_url>http://www.philly.com/philly/wires/reuters/business/report/391782221.html</topic_url>
<topic_text>
UPDATE 1-Airbus on course for record deliveries in August - executive Updated: August 30, 2016 — 3:58 PM EDT Share 
* Improves chances of meeting 2016 total delivery targets 
* Hits target of six A350 deliveries this month 
* Staff worked summer overtime to help catch up (Adds quotes, background) 
By Tim Hepher 
PARIS, Aug 30 (Reuters) - Airbus delivered more aircraft in August than for the same period in any previous year, its top planemaking executive said on Tuesday, in a breakthrough that improves its chances of meeting 2016 targets after earlier delays in receiving parts. 
Speaking to Reuters on the sidelines of a meeting of French business leaders, Fabrice Bregier did not give numbers for total deliveries, which have not yet been completed, but said Airbus had hit a crucial target of six A350 deliveries this month. 
&quot;We tend to deliver a lot of planes in the last few days of the month, but what I can already tell you is that it will be the best month of August in Airbus&apos;s history, in terms of the number of planes delivered,&quot; said Bregier, who is president and chief executive of the planemaking unit of Airbus Group. 
Its previous busiest August was in 2013, when it passed 47 aircraft to customers. For 2016 as a whole, it targets at least 650 deliveries, up 2.4 percent from last year. 
Until now, problems with supplies of cabin equipment have hampered deliveries of Europe&apos;s newest long-haul jet, the A350, leaving Airbus well short of its full-year target of 50 A350 deliveries with just 15 handed over to customers by the end of July. 
Airbus has also experienced delays in bringing out a new version of its best-selling A320 due to engine problems and asked staff to work overtime during the traditionally quiet summer to help catch up on deliveries of both models. 
&quot;On the A350, we reached our objective which was to deliver six aircraft during the month,&quot; Bregier said. 
&quot;This morning I attended the delivery of the first A350 to Thai Airways. That doesn&apos;t mean the (annual target of) 50 are in the pocket, but we are now at 21 (for the year) at end-August and if we keep up that rhythm of six to seven aircraft a month over the next four months, then we shouldn&apos;t be too, too far off.&quot; 
Bregier paid tribute to Airbus staff who had responded to calls to stagger vacations and work extra hours over the summer. 
&quot;That seems to be bearing fruit, at least for the A350. This was one of the important issues of the summer,&quot; he said. 
For total deliveries, Airbus is expected to remain behind U.S. rival Boeing, which targets 740 to 745 deliveries this year. (Reporting by Tim Hepher; Editing by Bate Felix and Susan Thomas) More Coverage 
</topic_text>
<spam_score>0.02</spam_score>
<post_num>1</post_num>
<post_id>post-1</post_id>
<post_url>http://www.philly.com/philly/wires/reuters/business/report/391782221.html</post_url>
<post_date>20160830</post_date>
<post_time></post_time>
<username></username>
<post>
UPDATE 1-Airbus on course for record deliveries in August - executive Updated: August 30, 2016 — 3:58 PM EDT Share 
* Improves chances of meeting 2016 total delivery targets 
* Hits target of six A350 deliveries this month 
* Staff worked summer overtime to help catch up (Adds quotes, background) 
By Tim Hepher 
PARIS, Aug 30 (Reuters) - Airbus delivered more aircraft in August than for the same period in any previous year, its top planemaking executive said on Tuesday, in a breakthrough that improves its chances of meeting 2016 targets after earlier delays in receiving parts. 
Speaking to Reuters on the sidelines of a meeting of French business leaders, Fabrice Bregier did not give numbers for total deliveries, which have not yet been completed, but said Airbus had hit a crucial target of six A350 deliveries this month. 
&quot;We tend to deliver a lot of planes in the last few days of the month, but what I can already tell you is that it will be the best month of August in Airbus&apos;s history, in terms of the number of planes delivered,&quot; said Bregier, who is president and chief executive of the planemaking unit of Airbus Group. 
Its previous busiest August was in 2013, when it passed 47 aircraft to customers. For 2016 as a whole, it targets at least 650 deliveries, up 2.4 percent from last year. 
Until now, problems with supplies of cabin equipment have hampered deliveries of Europe&apos;s newest long-haul jet, the A350, leaving Airbus well short of its full-year target of 50 A350 deliveries with just 15 handed over to customers by the end of July. 
Airbus has also experienced delays in bringing out a new version of its best-selling A320 due to engine problems and asked staff to work overtime during the traditionally quiet summer to help catch up on deliveries of both models. 
&quot;On the A350, we reached our objective which was to deliver six aircraft during the month,&quot; Bregier said. 
&quot;This morning I attended the delivery of the first A350 to Thai Airways. That doesn&apos;t mean the (annual target of) 50 are in the pocket, but we are now at 21 (for the year) at end-August and if we keep up that rhythm of six to seven aircraft a month over the next four months, then we shouldn&apos;t be too, too far off.&quot; 
Bregier paid tribute to Airbus staff who had responded to calls to stagger vacations and work extra hours over the summer. 
&quot;That seems to be bearing fruit, at least for the A350. This was one of the important issues of the summer,&quot; he said. 
For total deliveries, Airbus is expected to remain behind U.S. rival Boeing, which targets 740 to 745 deliveries this year. (Reporting by Tim Hepher; Editing by Bate Felix and Susan Thomas) More Coverage 
</post>
<signature>

</signature>
<external_links>

</external_links>
<country>US</country>
<main_image>http://media.philly.com/designimages/pcom-FB.jpg</main_image>
</document>
