<?xml version="1.0" encoding="UTF-8"?>
<document>
<type>mainstream</type>
<forum>http://products4engineers.nl//rss.php</forum>
<forum_title>Products4Engineers - RSS Actuele producten</forum_title>
<discussion_title>DC motor DC Mind Brush 8983A ø 63 mm</discussion_title>
<language>dutch</language>
<gmt_offset></gmt_offset>
<topic_url>http://www.products4engineers.nl/elektrische-aandrijvingen/gelijkstroommotoren/pid38689-dc-motor-dc-mind-brush-8983a-63-mm.html</topic_url>
<topic_text>
DC motor DC Mind Brush 8983A ø 63 mm 102W, 24VDC Levensduur tot wel 24.000 uur onbelast en 5000 uur nominaal Meer dan 80% rendement Uitzonderlijke prestaties, zelfs in zware omstandigheden (tot IP69K) Deze informatie is door de leverancier zelf geplaatst.
</topic_text>
<spam_score>0.00</spam_score>
<post_num>1</post_num>
<post_id>post-1</post_id>
<post_url>http://www.products4engineers.nl/elektrische-aandrijvingen/gelijkstroommotoren/pid38689-dc-motor-dc-mind-brush-8983a-63-mm.html</post_url>
<post_date>20160830</post_date>
<post_time>0857</post_time>
<username></username>
<post>
DC motor DC Mind Brush 8983A ø 63 mm 102W, 24VDC Levensduur tot wel 24.000 uur onbelast en 5000 uur nominaal Meer dan 80% rendement Uitzonderlijke prestaties, zelfs in zware omstandigheden (tot IP69K) Deze informatie is door de leverancier zelf geplaatst.
</post>
<signature>

</signature>
<external_links>

</external_links>
<country>NL</country>
<main_image></main_image>
</document>
