<?xml version="1.0" encoding="UTF-8"?>
<document>
<type>mainstream</type>
<forum>http://rzeszowiak.pl//rss/Praca-Zatrudnie.xml</forum>
<forum_title>Praca www.rzeszowiak.pl</forum_title>
<discussion_title>Programista C# ...</discussion_title>
<language>polish</language>
<gmt_offset></gmt_offset>
<topic_url>http://www.rzeszowiak.pl/programista-cwymaganeznajomosc-jezyka-c-platformy-net-znajomosc-zagadnien-8331838</topic_url>
<topic_text>
CV oraz przykłady zrealizowanych projektów prosimy wysyłać na adres: [email protected] Widełki 3.000 - 6.000, umowa o dzieło. (praca zdalna)B2B oraz umowa o prace nie wchodzi w grę.
</topic_text>
<spam_score>0.00</spam_score>
<post_num>1</post_num>
<post_id>post-1</post_id>
<post_url>http://www.rzeszowiak.pl/programista-cwymaganeznajomosc-jezyka-c-platformy-net-znajomosc-zagadnien-8331838</post_url>
<post_date>20160830</post_date>
<post_time>2103</post_time>
<username>Programista C#</username>
<post>
CV oraz przykłady zrealizowanych projektów prosimy wysyłać na adres: [email protected] Widełki 3.000 - 6.000, umowa o dzieło. (praca zdalna)B2B oraz umowa o prace nie wchodzi w grę.
</post>
<signature>

</signature>
<external_links>

</external_links>
<country>PL</country>
<main_image></main_image>
</document>
