<?xml version="1.0" encoding="UTF-8"?>
<document>
<type>mainstream</type>
<forum></forum>
<forum_title></forum_title>
<discussion_title>Vikings: QB Bridgewater has dislocated knee, torn ACL</discussion_title>
<language>english</language>
<gmt_offset></gmt_offset>
<topic_url>http://www.philly.com/philly/wires/ap/sports/391778341.html</topic_url>
<topic_text>
Vikings: QB Bridgewater has dislocated knee, torn ACL Updated: August 30, 2016 — 7:25 PM EDT Share Tumblr Email Minnesota Vikings general manager Rick Spielman listens to head coach Mike Zimmer speak during a news conference about the injury to quarterback Teddy Bridgewater, Tuesday, Aug. 30, 2016 in Eden Prairie, Minn. (Carlos Gonzalez/Star Tribune via AP) JON KRAWCZYNSKI The Associated Press 
EDEN PRAIRIE, Minn. (AP) - The Minnesota Vikings say quarterback Teddy Bridgewater suffered a dislocated left knee and complete tear to his ACL in a freak practice injury. Mail icon 
The Vikings made the announcement on Tuesday night, hours after Bridgewater was taken from the practice field in an ambulance to a local hospital. The injury to one of the team&apos;s most popular players left a franchise that entered the season with designs on a Super Bowl run shaken to the core. 
Head athletic trainer Eric Sugarman says Bridgewater also suffered other structural damage to his knee, but there appears to be no nerve or arterial damage. 
Sugarman says Bridgewater is expected to make a full recovery after a &quot;significant&quot; rehabilitation. He will have surgery in the coming days. Published: 
</topic_text>
<spam_score>0.04</spam_score>
<post_num>1</post_num>
<post_id>post-1</post_id>
<post_url>http://www.philly.com/philly/wires/ap/sports/391778341.html</post_url>
<post_date>20160830</post_date>
<post_time></post_time>
<username>Jon Krawczynski</username>
<post>
Vikings: QB Bridgewater has dislocated knee, torn ACL Updated: August 30, 2016 — 7:25 PM EDT Share Tumblr Email Minnesota Vikings general manager Rick Spielman listens to head coach Mike Zimmer speak during a news conference about the injury to quarterback Teddy Bridgewater, Tuesday, Aug. 30, 2016 in Eden Prairie, Minn. (Carlos Gonzalez/Star Tribune via AP) JON KRAWCZYNSKI The Associated Press 
EDEN PRAIRIE, Minn. (AP) - The Minnesota Vikings say quarterback Teddy Bridgewater suffered a dislocated left knee and complete tear to his ACL in a freak practice injury. Mail icon 
The Vikings made the announcement on Tuesday night, hours after Bridgewater was taken from the practice field in an ambulance to a local hospital. The injury to one of the team&apos;s most popular players left a franchise that entered the season with designs on a Super Bowl run shaken to the core. 
Head athletic trainer Eric Sugarman says Bridgewater also suffered other structural damage to his knee, but there appears to be no nerve or arterial damage. 
Sugarman says Bridgewater is expected to make a full recovery after a &quot;significant&quot; rehabilitation. He will have surgery in the coming days. Published: 
</post>
<signature>

</signature>
<external_links>

</external_links>
<country>US</country>
<main_image>http://media.philly.com/images/122255b3124144aa86af0ce9a649deec-29f284ce03cc072ca30f6a7067002f79.jpg</main_image>
</document>
