<?xml version="1.0" encoding="UTF-8"?>
<document>
<type>mainstream</type>
<forum>http://rssfeeds.kvue.com/_/20/109731692/kvue/local</forum>
<forum_title>KVUE - Local</forum_title>
<discussion_title>UT says no to Longhorn donut</discussion_title>
<language>english</language>
<gmt_offset></gmt_offset>
<topic_url>http://rssfeeds.kvue.com/_/20/109731692/kvue/http&amp;#x3a;&amp;#x2f;&amp;#x2f;www&amp;#x2e;kvue&amp;#x2e;com&amp;#x2f;news&amp;#x2f;local&amp;#x2f;ut-says-no-to-longhorn-donut&amp;#x2f;311388870</topic_url>
<topic_text>
UT forces name change for popular donut UT fights &apos;hook &apos;em horns&apos; shaped donut Jenni Lee , KVUE 7:04   CONNECT TWEET LINKEDIN GOOGLE+ PINTEREST 
AUSTIN - Donut Taco Palace #1&apos;s most popular donut has a new name: La Vaca. The donut was formerly known as The Longhorn. 
La Vaca, which is Spanish for ‘the cow,’ replaced the name Longhorn after the University of Texas sent a cease and desist letter earlier this month. 
The donut is in the shape of the Hook ‘Em horns hand sign, a design that took owner Angel Seng two years to perfect. 
&quot;It came out very ugly. Very ugly like short finger, everything is very ugly,&quot; she said. 
Since 2008, Seng has been selling the donut formerly known as the Longhorn. 
Then she got that letter. It read in part, &quot;We suspect that you were not aware of the University’s trademark rights when you started selling the “LONGHORN DONUTS.” We trust that, now that these rights have been brought to your attention, you will take the appropriate steps to discontinue sales of the “LONGHORN DONUTS” and refrain from any other uses of the University’s marks.&quot; 
&quot;They&apos;re not supposed to tell me to stop making that because it&apos;s my donut,&quot; Seng said. 
Seng has received plenty of support from customers and from social media. 
&quot;I think it&apos;s kind of silly, I don&apos;t know why they feel the need to have them stop doing what they&apos;ve been doing...It&apos;s a donut,&quot; customer Blue Bunton said with a laugh. 
But it&apos;s no laughing matter for the University of Texas, which has a history of going after entities using the university’s trademarks. Earlier this summer, UT sent a letter to a Mississippi high school, asking the school to stop using the Longhorn logo. 
In 2014, the Tower Express Car Wash in Cedar Park declared bankruptcy after UT sued the business for trademark infringement. The business’s 60-foot tower looked too much like UT&apos;s real tower. 
For now, Seng doesn&apos;t have any plans to stop selling the La Vaca donut. 
&quot;I&apos;m not going to stop at all because I didn&apos;t copy from them,&quot; said Seng. 
Seng believes changing the name is enough. KVUE reached out to the law firm representing UT and have not heard back.
</topic_text>
<spam_score>0.00</spam_score>
<post_num>1</post_num>
<post_id>post-1</post_id>
<post_url>http://rssfeeds.kvue.com/_/20/109731692/kvue/http&amp;#x3a;&amp;#x2f;&amp;#x2f;www&amp;#x2e;kvue&amp;#x2e;com&amp;#x2f;news&amp;#x2f;local&amp;#x2f;ut-says-no-to-longhorn-donut&amp;#x2f;311388870</post_url>
<post_date>20160831</post_date>
<post_time>0004</post_time>
<username></username>
<post>
UT forces name change for popular donut UT fights &apos;hook &apos;em horns&apos; shaped donut Jenni Lee , KVUE 7:04   CONNECT TWEET LINKEDIN GOOGLE+ PINTEREST 
AUSTIN - Donut Taco Palace #1&apos;s most popular donut has a new name: La Vaca. The donut was formerly known as The Longhorn. 
La Vaca, which is Spanish for ‘the cow,’ replaced the name Longhorn after the University of Texas sent a cease and desist letter earlier this month. 
The donut is in the shape of the Hook ‘Em horns hand sign, a design that took owner Angel Seng two years to perfect. 
&quot;It came out very ugly. Very ugly like short finger, everything is very ugly,&quot; she said. 
Since 2008, Seng has been selling the donut formerly known as the Longhorn. 
Then she got that letter. It read in part, &quot;We suspect that you were not aware of the University’s trademark rights when you started selling the “LONGHORN DONUTS.” We trust that, now that these rights have been brought to your attention, you will take the appropriate steps to discontinue sales of the “LONGHORN DONUTS” and refrain from any other uses of the University’s marks.&quot; 
&quot;They&apos;re not supposed to tell me to stop making that because it&apos;s my donut,&quot; Seng said. 
Seng has received plenty of support from customers and from social media. 
&quot;I think it&apos;s kind of silly, I don&apos;t know why they feel the need to have them stop doing what they&apos;ve been doing...It&apos;s a donut,&quot; customer Blue Bunton said with a laugh. 
But it&apos;s no laughing matter for the University of Texas, which has a history of going after entities using the university’s trademarks. Earlier this summer, UT sent a letter to a Mississippi high school, asking the school to stop using the Longhorn logo. 
In 2014, the Tower Express Car Wash in Cedar Park declared bankruptcy after UT sued the business for trademark infringement. The business’s 60-foot tower looked too much like UT&apos;s real tower. 
For now, Seng doesn&apos;t have any plans to stop selling the La Vaca donut. 
&quot;I&apos;m not going to stop at all because I didn&apos;t copy from them,&quot; said Seng. 
Seng believes changing the name is enough. KVUE reached out to the law firm representing UT and have not heard back.
</post>
<signature>

</signature>
<external_links>

</external_links>
<country>US</country>
<main_image>http://content.kvue.com/photo/2016/08/30/Longhorn%20Donut_1472595872520_5884663_ver1.0_640_360.PNG</main_image>
</document>
