<?xml version="1.0" encoding="UTF-8"?>
<document>
<type>mainstream</type>
<forum></forum>
<forum_title></forum_title>
<discussion_title>Film Review: &apos;Hema Hema: Sing Me a Song While I Wait&apos;</discussion_title>
<language>english</language>
<gmt_offset></gmt_offset>
<topic_url>http://www.philly.com/philly/wires/reuters/entertainment/391772561.html</topic_url>
<topic_text>
Film Review: &apos;Hema Hema: Sing Me a Song While I Wait&apos; Updated: August 30, 2016 — 6:17 PM EDT Share Variety Media, LLC 
By Jay Weissberg 
LOS ANGELES (Variety.com) - The exoticism of Bhutan and the spiritual philosophy of Buddhism combine with an eerie invented ritual by which masked anonymity allows participants to inhabit a limbo world of the present that excludes the past and future in lama/director Khyentse Norbu&apos;s visually rich though narratively challenging &quot;Hema Hema: Sing Me a Song While I Wait.&quot; How successful the film is in folding Buddhist ideas into an imaginative reflection on the liberating yet unstable notion of collective identity concealment depends entirely on the viewer&apos;s awareness of certain Eastern spiritual concepts, and uninitiated audiences looking for foreign color will experience a hefty degree of head-scratching among the intermittent pleasures. While never less than intriguing, &quot;Hema Hema,&quot; like Norbu&apos;s previous &quot;Vara: A Blessing,&quot; is unlikely to break out of the festival circuit. 
Since working as technical adviser on &quot;Little Buddha,&quot; Norbu has grown into a fully-fledged director (this is his fifth feature), with international visibility assisted by his association with Jeremy Thomas, once again acting as executive producer notwithstanding the majority Bhutanese production. Seeking to incorporate contemporary society&apos;s mores with Buddhist beliefs, Norbu&apos;s films play with ideas of transgression and reinvention, informed by the spiritual philosophy of inhabiting intermediary spaces poised between death and rebirth. Familiarity with such concepts certainly help to greater appreciate the underlying notion behind &quot;Hema Hema,&quot; which is mostly set in a commune-like forest clearing where participants don masks and revel in the collective freedom of effaced identities. 
A man, credited as &quot;Expressionless&quot; (Tshering Dorji) makes his way to a secret forest where, every 12 years, people are gathered by the elderly Agay (Thinley Dorji) for 15 days of anonymity. Amid revelry and dances, this masked rag-tag community is strictly enjoined from removing their masks; they shed their past and are without names, exulting in the freedom of being unknown. 
One need only think of Carnival practices to realize that such a concept isn&apos;t entirely foreign to Western society -- putting on a mask in public allows for barriers to be dropped and instinct to reign. But such freedom comes at a cost, and human foibles can fester as lust and jealousy build in the heated atmosphere. Expressionless develops a powerful desire for &quot;Red Wrathful&quot; (Sadon Lhamo), and he breaks the rules of both the commune and society in an act that spirals out of control. 
Most people outside of Bhutanese culture will likely assume much of the film is based on native rituals, imagining they&apos;re watching a stylized anthropological evocation of local traditions. The truth is otherwise: apart from a couple of dances and a few masks, nearly everything in &quot;Hema Hema&quot; is invention. In fact, alongside Buddhist spirituality, Norbu claims influence from chat rooms, whose constructed anonymity, not to say deliberate misrepresentation, was an inspiration for the idea of a masked community indulging in freedom while unsuccessfully attempting to regulate transgression. Ensuring that audiences don&apos;t think the film is set in some mythic past, he bookends the main story with images from a hip nightclub, where a cocktail waitress (Zhou Xun) appears to contemplate her place in this world. 
&quot;Hema Hema&quot; translates as &quot;long, long ago&quot; or alternatively &quot;Once upon a time,&quot; thereby playing with audience perception of time and space: It seems that Norbu means to evoke a timeless limbo, that liminal area between death and rebirth (hence the title&apos;s English-language addition, &quot;Sing Me a Song While I Wait.&quot;). Yet while the film is visually appealing, it holds viewers at a distance by its sheer opaqueness. The performers (nearly all nonprofessional) have a difficult time conveying expression when their faces are almost always covered in head-enveloping masks, and the invented exoticism adds a hefty layer of obfuscation. 
Fortunately, it&apos;s easy to appreciate the beauty of the forested locale, shot in Bhutan&apos;s south east, at times dappled with sunlight and at others, darkly menacing; the contrast between these outdoor spaces and the cold, ultra-designed nightclub couldn&apos;t be greater. Colorful masks add to the eye&apos;s pleasure even while creating a deliberately frustrating barrier. Published: August 30, 2016 — 2:34 PM EDT | Updated: August 30, 2016 — 6:17 PM EDT We encourage respectful comments but reserve the right to delete anything that doesn&apos;t contribute to an engaging dialogue Help us moderate this thread by flagging comments that violate our guidelines Help us learn more about Philly.com commenters. Click here to take this quick survey. Comment policy: 
Philly.com comments are intended to be civil, friendly conversations. Please treat other participants with respect and in a way that you would want to be treated. You are responsible for what you say. And please, stay on topic. If you see an objectionable post, please report it to us using the &quot;Report Abuse&quot; option. 
Please note that comments are monitored by Philly.com staff. We reserve the right at all times to remove any information or materials that are unlawful, threatening, abusive, libelous, defamatory, obscene, vulgar, pornographic, profane, indecent or otherwise objectionable. Personal attacks, especially on other participants, are not permitted. We reserve the right to permanently block any user who violates these terms and conditions. 
Additionally comments that are long, have multiple paragraph breaks, include code, or include hyperlinks may not be posted. 
</topic_text>
<spam_score>0.04</spam_score>
<post_num>1</post_num>
<post_id>post-1</post_id>
<post_url>http://www.philly.com/philly/wires/reuters/entertainment/391772561.html</post_url>
<post_date>20160830</post_date>
<post_time></post_time>
<username>Jay Weissberg</username>
<post>
Film Review: &apos;Hema Hema: Sing Me a Song While I Wait&apos; Updated: August 30, 2016 — 6:17 PM EDT Share Variety Media, LLC 
By Jay Weissberg 
LOS ANGELES (Variety.com) - The exoticism of Bhutan and the spiritual philosophy of Buddhism combine with an eerie invented ritual by which masked anonymity allows participants to inhabit a limbo world of the present that excludes the past and future in lama/director Khyentse Norbu&apos;s visually rich though narratively challenging &quot;Hema Hema: Sing Me a Song While I Wait.&quot; How successful the film is in folding Buddhist ideas into an imaginative reflection on the liberating yet unstable notion of collective identity concealment depends entirely on the viewer&apos;s awareness of certain Eastern spiritual concepts, and uninitiated audiences looking for foreign color will experience a hefty degree of head-scratching among the intermittent pleasures. While never less than intriguing, &quot;Hema Hema,&quot; like Norbu&apos;s previous &quot;Vara: A Blessing,&quot; is unlikely to break out of the festival circuit. 
Since working as technical adviser on &quot;Little Buddha,&quot; Norbu has grown into a fully-fledged director (this is his fifth feature), with international visibility assisted by his association with Jeremy Thomas, once again acting as executive producer notwithstanding the majority Bhutanese production. Seeking to incorporate contemporary society&apos;s mores with Buddhist beliefs, Norbu&apos;s films play with ideas of transgression and reinvention, informed by the spiritual philosophy of inhabiting intermediary spaces poised between death and rebirth. Familiarity with such concepts certainly help to greater appreciate the underlying notion behind &quot;Hema Hema,&quot; which is mostly set in a commune-like forest clearing where participants don masks and revel in the collective freedom of effaced identities. 
A man, credited as &quot;Expressionless&quot; (Tshering Dorji) makes his way to a secret forest where, every 12 years, people are gathered by the elderly Agay (Thinley Dorji) for 15 days of anonymity. Amid revelry and dances, this masked rag-tag community is strictly enjoined from removing their masks; they shed their past and are without names, exulting in the freedom of being unknown. 
One need only think of Carnival practices to realize that such a concept isn&apos;t entirely foreign to Western society -- putting on a mask in public allows for barriers to be dropped and instinct to reign. But such freedom comes at a cost, and human foibles can fester as lust and jealousy build in the heated atmosphere. Expressionless develops a powerful desire for &quot;Red Wrathful&quot; (Sadon Lhamo), and he breaks the rules of both the commune and society in an act that spirals out of control. 
Most people outside of Bhutanese culture will likely assume much of the film is based on native rituals, imagining they&apos;re watching a stylized anthropological evocation of local traditions. The truth is otherwise: apart from a couple of dances and a few masks, nearly everything in &quot;Hema Hema&quot; is invention. In fact, alongside Buddhist spirituality, Norbu claims influence from chat rooms, whose constructed anonymity, not to say deliberate misrepresentation, was an inspiration for the idea of a masked community indulging in freedom while unsuccessfully attempting to regulate transgression. Ensuring that audiences don&apos;t think the film is set in some mythic past, he bookends the main story with images from a hip nightclub, where a cocktail waitress (Zhou Xun) appears to contemplate her place in this world. 
&quot;Hema Hema&quot; translates as &quot;long, long ago&quot; or alternatively &quot;Once upon a time,&quot; thereby playing with audience perception of time and space: It seems that Norbu means to evoke a timeless limbo, that liminal area between death and rebirth (hence the title&apos;s English-language addition, &quot;Sing Me a Song While I Wait.&quot;). Yet while the film is visually appealing, it holds viewers at a distance by its sheer opaqueness. The performers (nearly all nonprofessional) have a difficult time conveying expression when their faces are almost always covered in head-enveloping masks, and the invented exoticism adds a hefty layer of obfuscation. 
Fortunately, it&apos;s easy to appreciate the beauty of the forested locale, shot in Bhutan&apos;s south east, at times dappled with sunlight and at others, darkly menacing; the contrast between these outdoor spaces and the cold, ultra-designed nightclub couldn&apos;t be greater. Colorful masks add to the eye&apos;s pleasure even while creating a deliberately frustrating barrier. Published: August 30, 2016 — 2:34 PM EDT | Updated: August 30, 2016 — 6:17 PM EDT We encourage respectful comments but reserve the right to delete anything that doesn&apos;t contribute to an engaging dialogue Help us moderate this thread by flagging comments that violate our guidelines Help us learn more about Philly.com commenters. Click here to take this quick survey. Comment policy: 
Philly.com comments are intended to be civil, friendly conversations. Please treat other participants with respect and in a way that you would want to be treated. You are responsible for what you say. And please, stay on topic. If you see an objectionable post, please report it to us using the &quot;Report Abuse&quot; option. 
Please note that comments are monitored by Philly.com staff. We reserve the right at all times to remove any information or materials that are unlawful, threatening, abusive, libelous, defamatory, obscene, vulgar, pornographic, profane, indecent or otherwise objectionable. Personal attacks, especially on other participants, are not permitted. We reserve the right to permanently block any user who violates these terms and conditions. 
Additionally comments that are long, have multiple paragraph breaks, include code, or include hyperlinks may not be posted. 
</post>
<signature>

</signature>
<external_links>

</external_links>
<country>US</country>
<main_image>http://media.philly.com/designimages/pcom-FB.jpg</main_image>
</document>
