<?xml version="1.0" encoding="UTF-8"?>
<document>
<type>mainstream</type>
<forum></forum>
<forum_title></forum_title>
<discussion_title>Italy rescues 3,000 migrants from Mediterranean as arrivals surge</discussion_title>
<language>english</language>
<gmt_offset></gmt_offset>
<topic_url>http://www.philly.com/philly/wires/reuters/news/report/391776421.html</topic_url>
<topic_text>
Italy rescues 3,000 migrants from Mediterranean as arrivals surge Updated: August 30, 2016 — 3:03 PM EDT Share Close icon Reuters 
ROME, Aug 30 (Reuters) - Some 3000 migrants were saved in the Strait of Sicily in 30 separate rescue missions on Tuesday, the Italian coastguard said, bringing the total to almost 10,000 in two days and marking a sharp acceleration in refugee arrivals in Italy. 
The migrants were packed on board dozens of boats, many of them rubber dinghies that become dangerously unstable in high seas. No details were immediately available on their nationalities. 
Data from the International Organization for Migration released on Friday said around 105,000 migrants had reached Italy by boat in 2016, many of them setting sail from Libya. An estimated 2,726 men, women and children have died over the same period trying to make the journey. 
Favorable weather conditions this week have seen an increase in boats setting sail. Some 1,100 migrants were picked up on Sunday and 6,500 on Monday, in one of the largest influxes of refugees in a single day so far this year. 
Italy has been on the front line of Europe&apos;s migrant crisis for three years, and more than 400,000 have successfully made the voyage to Italy from North Africa since the beginning of 2014, fleeing violence and poverty. (Reporting by Gavin Jones; Editing by Alison Williams) More Coverage 
</topic_text>
<spam_score>0.02</spam_score>
<post_num>1</post_num>
<post_id>post-1</post_id>
<post_url>http://www.philly.com/philly/wires/reuters/news/report/391776421.html</post_url>
<post_date>20160830</post_date>
<post_time></post_time>
<username></username>
<post>
Italy rescues 3,000 migrants from Mediterranean as arrivals surge Updated: August 30, 2016 — 3:03 PM EDT Share Close icon Reuters 
ROME, Aug 30 (Reuters) - Some 3000 migrants were saved in the Strait of Sicily in 30 separate rescue missions on Tuesday, the Italian coastguard said, bringing the total to almost 10,000 in two days and marking a sharp acceleration in refugee arrivals in Italy. 
The migrants were packed on board dozens of boats, many of them rubber dinghies that become dangerously unstable in high seas. No details were immediately available on their nationalities. 
Data from the International Organization for Migration released on Friday said around 105,000 migrants had reached Italy by boat in 2016, many of them setting sail from Libya. An estimated 2,726 men, women and children have died over the same period trying to make the journey. 
Favorable weather conditions this week have seen an increase in boats setting sail. Some 1,100 migrants were picked up on Sunday and 6,500 on Monday, in one of the largest influxes of refugees in a single day so far this year. 
Italy has been on the front line of Europe&apos;s migrant crisis for three years, and more than 400,000 have successfully made the voyage to Italy from North Africa since the beginning of 2014, fleeing violence and poverty. (Reporting by Gavin Jones; Editing by Alison Williams) More Coverage 
</post>
<signature>

</signature>
<external_links>

</external_links>
<country>US</country>
<main_image>http://media.philly.com/designimages/pcom-FB.jpg</main_image>
</document>
