<?xml version="1.0" encoding="UTF-8"?>
<document>
<type>mainstream</type>
<forum>http://news.morningstar.com/all/source/market-watch.aspx</forum>
<forum_title>News Archive: MarketWatch</forum_title>
<discussion_title>UPDATE: The 5 best airline rewards programs</discussion_title>
<language>english</language>
<gmt_offset></gmt_offset>
<topic_url>http://news.morningstar.com/all/market-watch/TDJNMW20160830502/update-the-5-best-airline-rewards-programs.aspx</topic_url>
<topic_text>
By Catey Hill, MarketWatch
See who came out atop U.S. News &amp; World Report&apos;s annual travel rewards ranking
Do you want more free flights, better upgrades and other perks when you fly? Then you may need to switch your airline rewards program.
Alaska Airlines (ALK) has the best airline rewards program for travelers, according to the U.S. News &amp; World Report annual travel rewards ranking (http://travel.usnews.com/Rankings/Travel-Rewards/) released this month. Unlike many airlines, Alaska rewards points based on the number of miles flown rather than dollars spent, which &quot;makes it easier for budget-conscious travelers to earn free flights,&quot; U.S. News writes.
Plus, this program may make sense even if you don&apos;t always fly Alaska Airlines -- because the airline has a network of more than 15 partners (https://www.alaskaair.com/content/mileage-plan/how-to-earn-miles/airline-partners), including American Airlines (AAL) , (DAL) Air France (AF.FR) and British Airways (IAG.LN) . And members of the Alaska Airlines rewards program can earn miles by flying on partner airlines.
The JetBlue rewards program (https://trueblue.jetblue.com/web/trueblue/how-it-works-start-earning) earns the No. 2 spot on this list thank to the myriad ways flyers can earn points and elite member perks like free checked bags, priority boarding and expedited security. Here&apos;s the full list of how the rewards programs stack up:
To determine these rankings, U.S. News looked at (http://travel.usnews.com/methodology/) the ease of earning and redeeming free round-trip flights (45%); additional benefits like the ways travelers can earn and use points and whether points expire (25%); the diversity of routes and number of partners (10%); award flight availability (10%); number of daily flights (5%); airline quality (5%).
While airline rewards programs often sound compelling, consumers shouldn&apos;t expect them to be super rewarding. &quot;It&apos;s not easy to game the airline miles system,&quot; says Charles Tran, the founder of personal finance site CreditDonkey.com (http://www.creditdonkey.com) -- as many airlines are making it harder for members to earn free flights (http://www.marketwatch.com/story/airline-miles-now-worth-only-feet-2013-11-14).
Plus, airline rewards programs make the most sense for consumers who regularly fly that airline, says Sean McQuay, a credit card expert with financial site NerdWallet.com (http://www.nerdwallet.com), who recommends &quot;building loyalty with a single airline and getting their co-brand travel credit card if you travel with that same brand regularly and would appreciate free perks and upgrades.&quot;
-Catey Hill; 1734ET
 
</topic_text>
<spam_score>0.38</spam_score>
<post_num>1</post_num>
<post_id>post-1</post_id>
<post_url>http://news.morningstar.com/all/market-watch/TDJNMW20160830502/update-the-5-best-airline-rewards-programs.aspx</post_url>
<post_date>20160830</post_date>
<post_time></post_time>
<username>morningstar.com</username>
<post>
By Catey Hill, MarketWatch
See who came out atop U.S. News &amp; World Report&apos;s annual travel rewards ranking
Do you want more free flights, better upgrades and other perks when you fly? Then you may need to switch your airline rewards program.
Alaska Airlines (ALK) has the best airline rewards program for travelers, according to the U.S. News &amp; World Report annual travel rewards ranking (http://travel.usnews.com/Rankings/Travel-Rewards/) released this month. Unlike many airlines, Alaska rewards points based on the number of miles flown rather than dollars spent, which &quot;makes it easier for budget-conscious travelers to earn free flights,&quot; U.S. News writes.
Plus, this program may make sense even if you don&apos;t always fly Alaska Airlines -- because the airline has a network of more than 15 partners (https://www.alaskaair.com/content/mileage-plan/how-to-earn-miles/airline-partners), including American Airlines (AAL) , (DAL) Air France (AF.FR) and British Airways (IAG.LN) . And members of the Alaska Airlines rewards program can earn miles by flying on partner airlines.
The JetBlue rewards program (https://trueblue.jetblue.com/web/trueblue/how-it-works-start-earning) earns the No. 2 spot on this list thank to the myriad ways flyers can earn points and elite member perks like free checked bags, priority boarding and expedited security. Here&apos;s the full list of how the rewards programs stack up:
To determine these rankings, U.S. News looked at (http://travel.usnews.com/methodology/) the ease of earning and redeeming free round-trip flights (45%); additional benefits like the ways travelers can earn and use points and whether points expire (25%); the diversity of routes and number of partners (10%); award flight availability (10%); number of daily flights (5%); airline quality (5%).
While airline rewards programs often sound compelling, consumers shouldn&apos;t expect them to be super rewarding. &quot;It&apos;s not easy to game the airline miles system,&quot; says Charles Tran, the founder of personal finance site CreditDonkey.com (http://www.creditdonkey.com) -- as many airlines are making it harder for members to earn free flights (http://www.marketwatch.com/story/airline-miles-now-worth-only-feet-2013-11-14).
Plus, airline rewards programs make the most sense for consumers who regularly fly that airline, says Sean McQuay, a credit card expert with financial site NerdWallet.com (http://www.nerdwallet.com), who recommends &quot;building loyalty with a single airline and getting their co-brand travel credit card if you travel with that same brand regularly and would appreciate free perks and upgrades.&quot;
-Catey Hill; 1734ET
 
</post>
<signature>

</signature>
<external_links>
<external_link>http://s7.addthis.com/static/btn/sm-share-en.gif</external_link><external_link>http://travel.usnews.com/methodology/)</external_link><external_link>http://travel.usnews.com/Rankings/Travel-Rewards/)</external_link><external_link>http://www.marketwatch.com/story/airline-miles-now-worth-only-feet-2013-11-14).</external_link><external_link>https://www.alaskaair.com/content/mileage-plan/how-to-earn-miles/airline-partners),</external_link><external_link>http://im.mstar.com/Im/Mbr/Form_PremCheckbox_Checked.gif</external_link><external_link>http://im.mstar.com/Im/Mbr/Form_PremCheckbox_Unchecked.gif</external_link><external_link>http://www.addthis.com/bookmark.php?v=250</external_link><external_link>https://trueblue.jetblue.com/web/trueblue/how-it-works-start-earning)</external_link>
</external_links>
<country>US</country>
<main_image></main_image>
</document>
