<?xml version="1.0" encoding="UTF-8"?>
<document>
<type>mainstream</type>
<forum>http://www.almasaronline.com/feed</forum>
<forum_title>صحيفة المسار الإلكترونية</forum_title>
<discussion_title>روني: نهاية مسيرتي مع المنتخب في 2018</discussion_title>
<language>arabic</language>
<gmt_offset></gmt_offset>
<topic_url>http://www.almasaronline.com/%d8%b1%d9%88%d9%86%d9%8a-%d9%86%d9%87%d8%a7%d9%8a%d8%a9-%d9%85%d8%b3%d9%8a%d8%b1%d8%aa%d9%8a-%d9%85%d8%b9-%d8%a7%d9%84%d9%85%d9%86%d8%aa%d8%ae%d8%a8-%d9%81%d9%8a-2018/</topic_url>
<topic_text>
روني: نهاية مسيرتي مع المنتخب في 2018 نشر في: الأربعاء 31 أغسطس 2016 | 03:08 ص المسار - وكالات: 
أعلن نجم المنتخب الإنجليزي لكرة القدم واين روني اليوم الثلاثاء أنه سيعتزل اللعب دولياً بعد انتهاء كأس العالم 2018 المقررة في روسيا، مؤكدا سعيه لتحقيق النجاح مع المنتخب في العرس العالمي. 
وتلقى روني هدية غير متوقعة غداة إعلان مدرب منتخب انجلترا سام الارادايس الاثنين أن الأخير سيبقى قائدا لمنتخب الأسود الثلاثة في تصفيات كأس العالم 2018، بعدما تعرض لانتقادات خصوصا غداة خروج منتخب إنجلترا من الدور ثمن النهائي لكأس أوروبا 2016 في يوليو الماضي بعد خسارته المدوية 1-2 امام نظيره الأيسلندي المغمور. 
وحمل روني شارة قيادة منتخب انجلترا خلفا لستيفن جيرارد الذي اعتزل بعد نهائيات كأس العالم 2014 في البرازيل، وخاض 115 مباراة دولية حاصدا 53 هدفا، ومشاركته أمام سلوفاكيا ضمن تصفيات كأس العالم 2018 ستعني كسره الرقم القياسي لعدد المباريات مع المنتخب (116)، اذ يتساوى حاليا مع النجم ديفيد بيكهام. 
واوقعت القرعة منتخب انجلترا في المجموعة السادسة من التصفيات الاوروبية المؤهلة إلى مونديال روسيا إلى جانب سلوفاكيا وسلوفينيا واسكتلندا وليتوانيا ومالطا. الرابط المختصر
</topic_text>
<spam_score>0.00</spam_score>
<post_num>1</post_num>
<post_id>post-1</post_id>
<post_url>http://www.almasaronline.com/%d8%b1%d9%88%d9%86%d9%8a-%d9%86%d9%87%d8%a7%d9%8a%d8%a9-%d9%85%d8%b3%d9%8a%d8%b1%d8%aa%d9%8a-%d9%85%d8%b9-%d8%a7%d9%84%d9%85%d9%86%d8%aa%d8%ae%d8%a8-%d9%81%d9%8a-2018/</post_url>
<post_date>20160831</post_date>
<post_time>0032</post_time>
<username>يوسف عبدالله</username>
<post>
روني: نهاية مسيرتي مع المنتخب في 2018 نشر في: الأربعاء 31 أغسطس 2016 | 03:08 ص المسار - وكالات: 
أعلن نجم المنتخب الإنجليزي لكرة القدم واين روني اليوم الثلاثاء أنه سيعتزل اللعب دولياً بعد انتهاء كأس العالم 2018 المقررة في روسيا، مؤكدا سعيه لتحقيق النجاح مع المنتخب في العرس العالمي. 
وتلقى روني هدية غير متوقعة غداة إعلان مدرب منتخب انجلترا سام الارادايس الاثنين أن الأخير سيبقى قائدا لمنتخب الأسود الثلاثة في تصفيات كأس العالم 2018، بعدما تعرض لانتقادات خصوصا غداة خروج منتخب إنجلترا من الدور ثمن النهائي لكأس أوروبا 2016 في يوليو الماضي بعد خسارته المدوية 1-2 امام نظيره الأيسلندي المغمور. 
وحمل روني شارة قيادة منتخب انجلترا خلفا لستيفن جيرارد الذي اعتزل بعد نهائيات كأس العالم 2014 في البرازيل، وخاض 115 مباراة دولية حاصدا 53 هدفا، ومشاركته أمام سلوفاكيا ضمن تصفيات كأس العالم 2018 ستعني كسره الرقم القياسي لعدد المباريات مع المنتخب (116)، اذ يتساوى حاليا مع النجم ديفيد بيكهام. 
واوقعت القرعة منتخب انجلترا في المجموعة السادسة من التصفيات الاوروبية المؤهلة إلى مونديال روسيا إلى جانب سلوفاكيا وسلوفينيا واسكتلندا وليتوانيا ومالطا. الرابط المختصر
</post>
<signature>

</signature>
<external_links>

</external_links>
<country>NL</country>
<main_image>http://www.almasaronline.com/wp-content/uploads/2016/08/wayne-rooney.jpg</main_image>
</document>
