<?xml version="1.0" encoding="UTF-8"?>
<document>
<type>mainstream</type>
<forum></forum>
<forum_title></forum_title>
<discussion_title>NFL 2016: Romo&apos;s down, NFC East up for grabs</discussion_title>
<language>english</language>
<gmt_offset></gmt_offset>
<topic_url>http://www.philly.com/philly/wires/ap/sports/391773131.html</topic_url>
<topic_text>
NFL 2016: Romo&apos;s down, NFC East up for grabs Updated: August 30, 2016 — 1:41 PM EDT Share ROB MAADDI The Associated Press 
Tony Romo is hurt again, the defending champs get no respect and the rookie quarterback who wasn&apos;t drafted No. 2 overall got a starting job first. 
No division is more up for grabs than the NFC East. 
The Dallas Cowboys are Dak Prescott&apos;s team while Romo is out with a back injury. The fourth-round pick out of Mississippi State has been impressive in the preseason, climbing from No. 3 on the depth chart following injuries to Kellen Moore and Romo. 
After winning the division in 2014, the Cowboys fell to 4-12 last season and were 1-11 without Romo when he was twice sidelined by a broken left collarbone. 
The offense could survive without him if Prescott is the real deal, Dez Bryant stays healthy and No. 4 pick Ezekiel Elliott lives up to the hype. 
While Prescott has a chance to play, Carson Wentz will sit behind Sam Bradford and Chase Daniel. The Eagles traded a slew of picks to select Wentz at No. 2 in the draft, but he was slated to be the No. 3 quarterback long before injuring his ribs in the preseason opener. 
The Eagles should be rebuilding under new coach Doug Pederson, but every team is a contender in this weak division. Bradford has looked sharp in Pederson&apos;s offense and the defense is vastly improved under defensive coordinator Jim Schwartz. 
Kirk Cousins had a breakout year to lead the Redskins to a division title in 2015. But no team has repeated in the East since the Eagles won four straight from 2001-04. 
The Giants won&apos;t have Tom Coughlin on the sideline for the first time since 2003. Offensive coordinator Ben McAdoo replaced him, so Eli Manning, Odell Beckham Jr. and Co. will have continuity. A revamped defense could help New York end its four-year playoff drought. 
Here&apos;s some things to know about the NFC East: 
GIGANTIC GIANT: Defensive end Olivier Vernon, a major free-agent addition, was dominant in the preseason. The Giants spent $40 million, for this season, to re-sign Jason Pierre-Paul and sign Vernon, defensive tackle Damon Harrison, cornerback Janoris Jenkins and linebacker Kennan Robinson. They drafted cornerback Eli Apple in the first round to upgrade the secondary. The offense will score points. If defensive coordinator Steve Spagnuolo gets the most out of his group, New York should rise to the top. 
KIRK&apos;S CREW: Cousins earned himself a one-year contract worth $19.95 million on the franchise tag after throwing for 4,166 yards and 29 touchdowns. Robert Griffin III is gone, so there&apos;s no quarterback controversy in DC. But Cousins still has to prove himself after the team didn&apos;t give him a long-term contract. The Redskins gave All-Pro cornerback Josh Norman a $75 million, five-year deal to bolster the secondary. Norman better walk his talk after criticizing Beckham, Bradford and others. 
GANG GREEN: There hasn&apos;t been this much excitement surrounding the Eagles&apos; defense since Jim Johnson was calling the shots. Schwartz is the most accomplished defensive coordinator in Philadelphia since Johnson passed away. His defense was outstanding in the preseason, wreaking havoc and forcing turnovers. It won&apos;t be easy to maintain that success when the games count, but they&apos;re on the right track. Defensive end Fletcher Cox got paid to be an elite player and should thrive in Schwartz&apos;s system. Linebacker Jordan Hicks returns after an injury shortened his promising rookie season. Safety Malcolm Jenkins has developed into one of the best at his position. 
DOOM IN BIG D: Romo&apos;s latest injury is a big setback for the Cowboys, who were hoping to go from first-to-worst-to-first. But Prescott seems like an upgrade from Brandon Weeden and Matt Cassel. He also has a better supporting cast. The real problem for Dallas will be stopping other teams. Starters DeMarcus Lawrence and Randy Gregory are suspended for the first four games and Rolando McClain will miss the first 10 games of the regular season. 
PREDICTED ORDER OF FINISH: Giants, Redskins, Eagles, Cowboys. 
___ 
</topic_text>
<spam_score>0.03</spam_score>
<post_num>1</post_num>
<post_id>post-1</post_id>
<post_url>http://www.philly.com/philly/wires/ap/sports/391773131.html</post_url>
<post_date>20160830</post_date>
<post_time></post_time>
<username>Rob Maaddi</username>
<post>
NFL 2016: Romo&apos;s down, NFC East up for grabs Updated: August 30, 2016 — 1:41 PM EDT Share ROB MAADDI The Associated Press 
Tony Romo is hurt again, the defending champs get no respect and the rookie quarterback who wasn&apos;t drafted No. 2 overall got a starting job first. 
No division is more up for grabs than the NFC East. 
The Dallas Cowboys are Dak Prescott&apos;s team while Romo is out with a back injury. The fourth-round pick out of Mississippi State has been impressive in the preseason, climbing from No. 3 on the depth chart following injuries to Kellen Moore and Romo. 
After winning the division in 2014, the Cowboys fell to 4-12 last season and were 1-11 without Romo when he was twice sidelined by a broken left collarbone. 
The offense could survive without him if Prescott is the real deal, Dez Bryant stays healthy and No. 4 pick Ezekiel Elliott lives up to the hype. 
While Prescott has a chance to play, Carson Wentz will sit behind Sam Bradford and Chase Daniel. The Eagles traded a slew of picks to select Wentz at No. 2 in the draft, but he was slated to be the No. 3 quarterback long before injuring his ribs in the preseason opener. 
The Eagles should be rebuilding under new coach Doug Pederson, but every team is a contender in this weak division. Bradford has looked sharp in Pederson&apos;s offense and the defense is vastly improved under defensive coordinator Jim Schwartz. 
Kirk Cousins had a breakout year to lead the Redskins to a division title in 2015. But no team has repeated in the East since the Eagles won four straight from 2001-04. 
The Giants won&apos;t have Tom Coughlin on the sideline for the first time since 2003. Offensive coordinator Ben McAdoo replaced him, so Eli Manning, Odell Beckham Jr. and Co. will have continuity. A revamped defense could help New York end its four-year playoff drought. 
Here&apos;s some things to know about the NFC East: 
GIGANTIC GIANT: Defensive end Olivier Vernon, a major free-agent addition, was dominant in the preseason. The Giants spent $40 million, for this season, to re-sign Jason Pierre-Paul and sign Vernon, defensive tackle Damon Harrison, cornerback Janoris Jenkins and linebacker Kennan Robinson. They drafted cornerback Eli Apple in the first round to upgrade the secondary. The offense will score points. If defensive coordinator Steve Spagnuolo gets the most out of his group, New York should rise to the top. 
KIRK&apos;S CREW: Cousins earned himself a one-year contract worth $19.95 million on the franchise tag after throwing for 4,166 yards and 29 touchdowns. Robert Griffin III is gone, so there&apos;s no quarterback controversy in DC. But Cousins still has to prove himself after the team didn&apos;t give him a long-term contract. The Redskins gave All-Pro cornerback Josh Norman a $75 million, five-year deal to bolster the secondary. Norman better walk his talk after criticizing Beckham, Bradford and others. 
GANG GREEN: There hasn&apos;t been this much excitement surrounding the Eagles&apos; defense since Jim Johnson was calling the shots. Schwartz is the most accomplished defensive coordinator in Philadelphia since Johnson passed away. His defense was outstanding in the preseason, wreaking havoc and forcing turnovers. It won&apos;t be easy to maintain that success when the games count, but they&apos;re on the right track. Defensive end Fletcher Cox got paid to be an elite player and should thrive in Schwartz&apos;s system. Linebacker Jordan Hicks returns after an injury shortened his promising rookie season. Safety Malcolm Jenkins has developed into one of the best at his position. 
DOOM IN BIG D: Romo&apos;s latest injury is a big setback for the Cowboys, who were hoping to go from first-to-worst-to-first. But Prescott seems like an upgrade from Brandon Weeden and Matt Cassel. He also has a better supporting cast. The real problem for Dallas will be stopping other teams. Starters DeMarcus Lawrence and Randy Gregory are suspended for the first four games and Rolando McClain will miss the first 10 games of the regular season. 
PREDICTED ORDER OF FINISH: Giants, Redskins, Eagles, Cowboys. 
___ 
</post>
<signature>

</signature>
<external_links>

</external_links>
<country>US</country>
<main_image>http://media.philly.com/designimages/pcom-FB.jpg</main_image>
</document>
