<?xml version="1.0" encoding="UTF-8"?>
<document>
<type>mainstream</type>
<forum></forum>
<forum_title></forum_title>
<discussion_title>Soccer-Sassuolo win over Pescara turned into 3-0 defeat</discussion_title>
<language>english</language>
<gmt_offset></gmt_offset>
<topic_url>http://www.philly.com/philly/wires/reuters/sports/world/391757071.html</topic_url>
<topic_text>
Soccer-Sassuolo win over Pescara turned into 3-0 defeat Updated: August 30, 2016 — 12:39 PM EDT Share Close icon Reuters 
Aug 30 (Reuters) - Serie A&apos;s disciplinary committee has turned Sassuolo&apos;s 2-1 win over Pescara on Sunday into a 3-0 defeat because of irregularities in the registration of midfielder Antonino Ragusa. 
The committee said in a statement that Sassuolo failed to notify the league of the signing of Ragusa, 26, who came on as a substitute against Pescara, from Serie B club Cesena before last week&apos;s deadline. 
The club denied they failed to meet the deadline, saying the irregularities concerned a technology issue, and added that they would appeal against the ruling. 
Sassuolo&apos;s next league fixture is at champions Juventus on Sept. 11. (Reporting by Anna Jaworska Guidotti in Gdynia; Editing by Tony Jimenez) Published: August 30, 2016 — 12:39 PM EDT We encourage respectful comments but reserve the right to delete anything that doesn&apos;t contribute to an engaging dialogue Help us moderate this thread by flagging comments that violate our guidelines Help us learn more about Philly.com commenters. Click here to take this quick survey. Comment policy: 
Philly.com comments are intended to be civil, friendly conversations. Please treat other participants with respect and in a way that you would want to be treated. You are responsible for what you say. And please, stay on topic. If you see an objectionable post, please report it to us using the &quot;Report Abuse&quot; option. 
Please note that comments are monitored by Philly.com staff. We reserve the right at all times to remove any information or materials that are unlawful, threatening, abusive, libelous, defamatory, obscene, vulgar, pornographic, profane, indecent or otherwise objectionable. Personal attacks, especially on other participants, are not permitted. We reserve the right to permanently block any user who violates these terms and conditions. 
Additionally comments that are long, have multiple paragraph breaks, include code, or include hyperlinks may not be posted. 
</topic_text>
<spam_score>0.00</spam_score>
<post_num>1</post_num>
<post_id>post-1</post_id>
<post_url>http://www.philly.com/philly/wires/reuters/sports/world/391757071.html</post_url>
<post_date>20160830</post_date>
<post_time></post_time>
<username></username>
<post>
Soccer-Sassuolo win over Pescara turned into 3-0 defeat Updated: August 30, 2016 — 12:39 PM EDT Share Close icon Reuters 
Aug 30 (Reuters) - Serie A&apos;s disciplinary committee has turned Sassuolo&apos;s 2-1 win over Pescara on Sunday into a 3-0 defeat because of irregularities in the registration of midfielder Antonino Ragusa. 
The committee said in a statement that Sassuolo failed to notify the league of the signing of Ragusa, 26, who came on as a substitute against Pescara, from Serie B club Cesena before last week&apos;s deadline. 
The club denied they failed to meet the deadline, saying the irregularities concerned a technology issue, and added that they would appeal against the ruling. 
Sassuolo&apos;s next league fixture is at champions Juventus on Sept. 11. (Reporting by Anna Jaworska Guidotti in Gdynia; Editing by Tony Jimenez) Published: August 30, 2016 — 12:39 PM EDT We encourage respectful comments but reserve the right to delete anything that doesn&apos;t contribute to an engaging dialogue Help us moderate this thread by flagging comments that violate our guidelines Help us learn more about Philly.com commenters. Click here to take this quick survey. Comment policy: 
Philly.com comments are intended to be civil, friendly conversations. Please treat other participants with respect and in a way that you would want to be treated. You are responsible for what you say. And please, stay on topic. If you see an objectionable post, please report it to us using the &quot;Report Abuse&quot; option. 
Please note that comments are monitored by Philly.com staff. We reserve the right at all times to remove any information or materials that are unlawful, threatening, abusive, libelous, defamatory, obscene, vulgar, pornographic, profane, indecent or otherwise objectionable. Personal attacks, especially on other participants, are not permitted. We reserve the right to permanently block any user who violates these terms and conditions. 
Additionally comments that are long, have multiple paragraph breaks, include code, or include hyperlinks may not be posted. 
</post>
<signature>

</signature>
<external_links>

</external_links>
<country>US</country>
<main_image>http://media.philly.com/designimages/pcom-FB.jpg</main_image>
</document>
