<?xml version="1.0" encoding="UTF-8"?>
<document>
<type>mainstream</type>
<forum></forum>
<forum_title></forum_title>
<discussion_title>DIARY-Emerging Markets Economic Events to Sept. 12</discussion_title>
<language>english</language>
<gmt_offset></gmt_offset>
<topic_url>http://www.philly.com/philly/wires/reuters/business/report/391812661.html</topic_url>
<topic_text>
DIARY-Emerging Markets Economic Events to Sept. 12 Updated: August 30, 2016 — 8:02 PM EDT Share 
For other diaries, please see: 
Top economic events 
Political and general news events 
Guide to economic indicators 
** This diary is filed daily ** 
WEDNESDAY, AUGUST 31 BEIJING - Federal Reserve Bank of Boston President Eric Rosengren participates in a panel before the &quot;Business Cycles, Financial Markets and Monetary Policy With Special Application to China&quot; conference hosted by the Shanghai Advanced Institute of Finance - 0715 GMT. BEIJING - European Central Bank board member Peter Praet participates in a panel before the &quot;Business Cycles, Financial Markets and Monetary Policy With Special Application to China&quot; conference hosted by the Shanghai Advanced Institute of Finance - 0715 GMT. SINGAPORE - Reserve Bank of Australia Assistant Governor (Financial Markets) speaks at the FX Week Asia. ANKARA - Turkey central bank will publish the minutes of its August policy meeting - 1200 GMT. BELGRADE - European Bank for Reconstruction and Development President Suma Chakrabarti will visit Serbia (to Sept. 1) and will meet government officials and businesses to reaffirm support for regional dialog and he will deliver a speech on EU integration at the Serbian parliament. BRASILIA - Brazil central bank interest rate decision - 2200 GMT. BOGOTA - Bank of Colombia holds board of director meeting. MEXICO CITY - Mexico central bank publishes quarterly inflation report. 
SATURDAY, SEPTEMBER 3 HANGZHOU, China - B20 Summit in Hangzhou (to Sept. 4). SUNDAY, SEPTEMBER 4 HANGZHOU, China - G20 Hangzhou Summit (to Sept. 5). 
TUESDAY, SEPTEMBER 6 MANILA - Euromoney&apos;s Philippines Investment Forum 2016. Bank of Philippines Governor Amando Tetangco to attend. BUDAPEST - Hungarian central bank holds a non-rate-setting meeting. WARSAW - National Bank of Poland holds monetary policy council meeting (to Sept. 7) 
WEDNESDAY, SEPTEMBER 7 NEW DELHI - The Economist&apos;s India Summit. Indian Finance Minister Arun Jaitley, Trade Minister Nirmala Sitharaman and Information and Broadcasting Minister Ravi Shankar Prasad to discuss the government&apos;s policy priorities to help foster and support the country&apos;s innovation economy. BUDAPEST - Hungarian central bank to publish the minutes of its August policy meeting - 1200 GMT. KUALA LUMPUR - Malaysia central bank announces interest rate decision - 1000 GMT. TBILISI - National Bank of Georgia holds monetary policy committee meeting. WARSAW - National Bank of Poland interest rate decision - 0930 GMT. 
THURSDAY, SEPTEMBER 8 LIMA - Central bank of Peru interest rate decision - 2300 GMT. BELGRADE - National Bank of Serbia interest rate decision - 1000 GMT. FRIDAY, SEPTEMBER 9 SEOUL - Bank of Korea holds monetary policy meeting to announce interest rates - 0100 GMT. 
MONDAY, SEPTEMBER 12 TORONTO - Toronto Global Forum - An international conference which fosters dialog on national and global issues, held under the auspices of the International Economic Forum of the Americas (IEFA). Speakers- Panama Finance Minister Dulcidio de la Guardia, International Monetary Fund Managing Director Christine Lagarde and World Bank Managing Director Joaquim Levy. For enquiries to customer help desks: click for telephone numbers. For any questions or comments on this diary, please e-mail: diaries@thomsonreuters.com NOTE: The inclusion of items in this diary does not necessarily mean that Reuters will file a story based on the event. More Coverage 
</topic_text>
<spam_score>0.02</spam_score>
<post_num>1</post_num>
<post_id>post-1</post_id>
<post_url>http://www.philly.com/philly/wires/reuters/business/report/391812661.html</post_url>
<post_date>20160831</post_date>
<post_time></post_time>
<username></username>
<post>
DIARY-Emerging Markets Economic Events to Sept. 12 Updated: August 30, 2016 — 8:02 PM EDT Share 
For other diaries, please see: 
Top economic events 
Political and general news events 
Guide to economic indicators 
** This diary is filed daily ** 
WEDNESDAY, AUGUST 31 BEIJING - Federal Reserve Bank of Boston President Eric Rosengren participates in a panel before the &quot;Business Cycles, Financial Markets and Monetary Policy With Special Application to China&quot; conference hosted by the Shanghai Advanced Institute of Finance - 0715 GMT. BEIJING - European Central Bank board member Peter Praet participates in a panel before the &quot;Business Cycles, Financial Markets and Monetary Policy With Special Application to China&quot; conference hosted by the Shanghai Advanced Institute of Finance - 0715 GMT. SINGAPORE - Reserve Bank of Australia Assistant Governor (Financial Markets) speaks at the FX Week Asia. ANKARA - Turkey central bank will publish the minutes of its August policy meeting - 1200 GMT. BELGRADE - European Bank for Reconstruction and Development President Suma Chakrabarti will visit Serbia (to Sept. 1) and will meet government officials and businesses to reaffirm support for regional dialog and he will deliver a speech on EU integration at the Serbian parliament. BRASILIA - Brazil central bank interest rate decision - 2200 GMT. BOGOTA - Bank of Colombia holds board of director meeting. MEXICO CITY - Mexico central bank publishes quarterly inflation report. 
SATURDAY, SEPTEMBER 3 HANGZHOU, China - B20 Summit in Hangzhou (to Sept. 4). SUNDAY, SEPTEMBER 4 HANGZHOU, China - G20 Hangzhou Summit (to Sept. 5). 
TUESDAY, SEPTEMBER 6 MANILA - Euromoney&apos;s Philippines Investment Forum 2016. Bank of Philippines Governor Amando Tetangco to attend. BUDAPEST - Hungarian central bank holds a non-rate-setting meeting. WARSAW - National Bank of Poland holds monetary policy council meeting (to Sept. 7) 
WEDNESDAY, SEPTEMBER 7 NEW DELHI - The Economist&apos;s India Summit. Indian Finance Minister Arun Jaitley, Trade Minister Nirmala Sitharaman and Information and Broadcasting Minister Ravi Shankar Prasad to discuss the government&apos;s policy priorities to help foster and support the country&apos;s innovation economy. BUDAPEST - Hungarian central bank to publish the minutes of its August policy meeting - 1200 GMT. KUALA LUMPUR - Malaysia central bank announces interest rate decision - 1000 GMT. TBILISI - National Bank of Georgia holds monetary policy committee meeting. WARSAW - National Bank of Poland interest rate decision - 0930 GMT. 
THURSDAY, SEPTEMBER 8 LIMA - Central bank of Peru interest rate decision - 2300 GMT. BELGRADE - National Bank of Serbia interest rate decision - 1000 GMT. FRIDAY, SEPTEMBER 9 SEOUL - Bank of Korea holds monetary policy meeting to announce interest rates - 0100 GMT. 
MONDAY, SEPTEMBER 12 TORONTO - Toronto Global Forum - An international conference which fosters dialog on national and global issues, held under the auspices of the International Economic Forum of the Americas (IEFA). Speakers- Panama Finance Minister Dulcidio de la Guardia, International Monetary Fund Managing Director Christine Lagarde and World Bank Managing Director Joaquim Levy. For enquiries to customer help desks: click for telephone numbers. For any questions or comments on this diary, please e-mail: diaries@thomsonreuters.com NOTE: The inclusion of items in this diary does not necessarily mean that Reuters will file a story based on the event. More Coverage 
</post>
<signature>

</signature>
<external_links>

</external_links>
<country>US</country>
<main_image>http://media.philly.com/designimages/pcom-FB.jpg</main_image>
</document>
