<?xml version="1.0" encoding="UTF-8"?>
<document>
<type>mainstream</type>
<forum>http://www.wtvm.com/Global/category.asp?C=5479&amp;nav=menu91_1&amp;clienttype=rss</forum>
<forum_title>WTVM - WTVM Home</forum_title>
<discussion_title>The Latest: Chris Brown arrested at home on assault charge</discussion_title>
<language>english</language>
<gmt_offset></gmt_offset>
<topic_url>http://www.wtvm.com/story/32889097/the-latest-chris-brown-arrested-at-home-on-assault-charge</topic_url>
<topic_text>
The Latest: Chris Brown arrested at home on assault charge - WTVM.com-Columbus, GA News Weather &amp; Sports Member Center: Health The Latest: Chris Brown arrested at home on assault charge 
LOS ANGELES (AP) - The Latest on a police response at the Los Angeles home of singer Chris Brown (all times local): 
5:15 p.m. 
Los Angeles police say they&apos;ve arrested singer Chris Brown on suspicion of assault with a deadly weapon. 
Police Lt. Chris Ramirez says Brown was arrested Tuesday and was being taken to downtown Los Angeles for booking. 
The arrest came after a lengthy search of Brown&apos;s home. 
Brown says in video posts on Instagram that he&apos;s innocent and rebutted reports that he had barricaded himself in his home. 
Baylee Curran told the Los Angeles Times that Brown pointed a gun at her face in his home early Tuesday. She says another man at his home and Brown became angry with her when she admired the man&apos;s diamond necklace. 
Curran hasn&apos;t responded to requests for comment from The Associated Press. 
1:15 p.m. 
Police say singer Chris Brown has come out of his Los Angeles home after officers responding to a woman&apos;s call for help served a search warrant. 
The development ended a standoff that began hours earlier Tuesday when the woman called from outside the home. Police said she was not inside the home in the San Fernando Valley. 
Police Lt. Chris Ramirez says about a half-dozen people were escorted out of the residence and will be interviewed. 
Ramirez says nobody has been arrested and everyone has been cooperative. 
Brown posted videos to social media declaring his innocence before his lawyer Mark Geragos arrived. 
Brown has been in repeated legal trouble since his felony conviction in the 2009 assault of his then-girlfriend, Rihanna. 
10:25 a.m. 
Chris Brown is posting online videos declaring his innocence as police seek a warrant to search the singer&apos;s home after receiving a call from a woman there seeking assistance. 
Officials said the call came early Tuesday from outside the residence in the Tarzana neighborhood. They didn&apos;t say what assistance the woman needed. 
In one Instagram video Brown, waving a cigarette and looking at the camera, says if and when police get the search warrant, they&apos;ll find nothing at the home. He dismissed TV reports that he was barricaded inside. 
Officials say detectives hope to talk to Brown, the woman, and any witnesses. 
9:45 a.m. 
Authorities say officers responded to singer Chris Brown&apos;s Los Angeles home after a woman called police seeking assistance. 
Police Lt. Chris Ramirez told reporters that the call came early Tuesday from outside the residence in the Tarzana neighborhood. 
Ramirez didn&apos;t say what assistance the woman needed. He says detectives hope to talk to Brown, the woman, and any witnesses. 
Officer Lyle Knight tells The Associated Press that police are waiting for a judge to approve a search warrant for the home in the San Fernando Valley area. 
Multiple police vehicles are parked at the scene. 
Calls to representatives for Brown were not immediately returned. 
The Grammy-winning singer has had multiple run-ins with law enforcement. He spent six years on probation after pleading guilty to attacking his then-girlfriend Rihanna in 2009. 
9:36 a.m. 
Los Angeles police have been called to singer Chris Brown&apos;s home. 
Officer Lyle Knight says officers responded early Tuesday to the house in the Tarzana neighborhood. 
Knight had no immediate information about what prompted the call. 
Television news showed several police cars parked outside the property in the San Fernando Valley area. Copyright 2016 The Associated Press. All rights reserved. This material may not be published, broadcast, rewritten or redistributed. Entertainment News Entertainment News More&gt;&gt; The Latest: Chris Brown arrested at home on assault charge The Latest on a police response at Chris Brown&apos;s California home (all times local): More &gt;&gt; The Latest on a police response at the Los Angeles home of singer Chris Brown (all times local): More &gt;&gt;
</topic_text>
<spam_score>0.00</spam_score>
<post_num>1</post_num>
<post_id>post-1</post_id>
<post_url>http://www.wtvm.com/story/32889097/the-latest-chris-brown-arrested-at-home-on-assault-charge</post_url>
<post_date>20160831</post_date>
<post_time>0032</post_time>
<username></username>
<post>
The Latest: Chris Brown arrested at home on assault charge - WTVM.com-Columbus, GA News Weather &amp; Sports Member Center: Health The Latest: Chris Brown arrested at home on assault charge 
LOS ANGELES (AP) - The Latest on a police response at the Los Angeles home of singer Chris Brown (all times local): 
5:15 p.m. 
Los Angeles police say they&apos;ve arrested singer Chris Brown on suspicion of assault with a deadly weapon. 
Police Lt. Chris Ramirez says Brown was arrested Tuesday and was being taken to downtown Los Angeles for booking. 
The arrest came after a lengthy search of Brown&apos;s home. 
Brown says in video posts on Instagram that he&apos;s innocent and rebutted reports that he had barricaded himself in his home. 
Baylee Curran told the Los Angeles Times that Brown pointed a gun at her face in his home early Tuesday. She says another man at his home and Brown became angry with her when she admired the man&apos;s diamond necklace. 
Curran hasn&apos;t responded to requests for comment from The Associated Press. 
1:15 p.m. 
Police say singer Chris Brown has come out of his Los Angeles home after officers responding to a woman&apos;s call for help served a search warrant. 
The development ended a standoff that began hours earlier Tuesday when the woman called from outside the home. Police said she was not inside the home in the San Fernando Valley. 
Police Lt. Chris Ramirez says about a half-dozen people were escorted out of the residence and will be interviewed. 
Ramirez says nobody has been arrested and everyone has been cooperative. 
Brown posted videos to social media declaring his innocence before his lawyer Mark Geragos arrived. 
Brown has been in repeated legal trouble since his felony conviction in the 2009 assault of his then-girlfriend, Rihanna. 
10:25 a.m. 
Chris Brown is posting online videos declaring his innocence as police seek a warrant to search the singer&apos;s home after receiving a call from a woman there seeking assistance. 
Officials said the call came early Tuesday from outside the residence in the Tarzana neighborhood. They didn&apos;t say what assistance the woman needed. 
In one Instagram video Brown, waving a cigarette and looking at the camera, says if and when police get the search warrant, they&apos;ll find nothing at the home. He dismissed TV reports that he was barricaded inside. 
Officials say detectives hope to talk to Brown, the woman, and any witnesses. 
9:45 a.m. 
Authorities say officers responded to singer Chris Brown&apos;s Los Angeles home after a woman called police seeking assistance. 
Police Lt. Chris Ramirez told reporters that the call came early Tuesday from outside the residence in the Tarzana neighborhood. 
Ramirez didn&apos;t say what assistance the woman needed. He says detectives hope to talk to Brown, the woman, and any witnesses. 
Officer Lyle Knight tells The Associated Press that police are waiting for a judge to approve a search warrant for the home in the San Fernando Valley area. 
Multiple police vehicles are parked at the scene. 
Calls to representatives for Brown were not immediately returned. 
The Grammy-winning singer has had multiple run-ins with law enforcement. He spent six years on probation after pleading guilty to attacking his then-girlfriend Rihanna in 2009. 
9:36 a.m. 
Los Angeles police have been called to singer Chris Brown&apos;s home. 
Officer Lyle Knight says officers responded early Tuesday to the house in the Tarzana neighborhood. 
Knight had no immediate information about what prompted the call. 
Television news showed several police cars parked outside the property in the San Fernando Valley area. Copyright 2016 The Associated Press. All rights reserved. This material may not be published, broadcast, rewritten or redistributed. Entertainment News Entertainment News More&gt;&gt; The Latest: Chris Brown arrested at home on assault charge The Latest on a police response at Chris Brown&apos;s California home (all times local): More &gt;&gt; The Latest on a police response at the Los Angeles home of singer Chris Brown (all times local): More &gt;&gt;
</post>
<signature>

</signature>
<external_links>

</external_links>
<country>US</country>
<main_image></main_image>
</document>
