<?xml version="1.0" encoding="UTF-8"?>
<document>
<type>mainstream</type>
<forum></forum>
<forum_title></forum_title>
<discussion_title>Reuters Sports News Summary</discussion_title>
<language>english</language>
<gmt_offset></gmt_offset>
<topic_url>http://www.philly.com/philly/wires/reuters/news/report/391811511.html</topic_url>
<topic_text>

Following is a summary of current sports news briefs. 
Former IOC executive Hickey leaves prison, must stay in Brazil 
The former head of the European Olympic Committee (EOC), Ireland&apos;s Patrick Hickey, left prison in Rio de Janeiro on Tuesday vowing to clear his name as an investigation continues into charges he took part in a ring to illegally sell tickets to the Games. A Rio court on Monday ordered the release of the 71-year-old, who was also the head of the Olympic Council of Ireland (OCI), but said he must remain in Brazil and had his passport taken away. 
Vulnerable Djokovic looks to right ship against Vesely 
Novak Djokovic, faltering and looking unusually vulnerable in his opening match at the U.S. Open, will attempt to right the ship on Wednesday when he plays Czech Jiri Vesely in the second round. The defending champion struggled with his form and fitness in a labored 6-3 5-7 6-2 6-1 win over Poland&apos;s Jerzy Janowicz on Monday, adding a right elbow issue to the left wrist injury that has dogged him in recent months. 
Halep pounds Flipkens to reach second round 
Fifth seed Simona Halep blasted her way into the second round of the U.S. Open on Tuesday by demolishing Kirsten Flipkens 6-0 6-2 underlining her credentials as a potential grand slam winner. Halep, who won her third WTA Tour title of the season at a U.S. Open tune-up in Montreal, carried her superb form into Flushing Meadows as she needed just one hour on a sun-splashed but almost vacant Arthur Ashe Stadium court to dismiss the 56th-ranked Belgian. 
Ryan Lochte to dance with stars, says Rio scandal overblown 
Disgraced Olympic swimmer Ryan Lochte is joining the &quot;Dancing With the Stars&quot; cast, ABC television announced on Tuesday, as the gold medalist said he thought reaction to his tale about being held up at a Rio de Janeiro gas station had been blown out of proportion. Lochte, 32, was dropped by four of his major sponsors after admitting he &quot;overexaggerated&quot; a tale about being robbed and held at gunpoint with three other swimmers after a party during the Rio Olympics. Brazilian authorities say the group destroyed a bathroom and urinated in public, and have recommended that Lochte be charged with falsely reporting a crime. 
Bouchard falls at U.S. Open but legal battle continues 
Eugenie Bouchard slumped to a first-round defeat at the U.S. Open on Tuesday but the Canadian might yet leave Flushing Meadows a big winner with her lawsuit against the grand slam and United States Tennis Association still to hit the courts. Last year Bouchard exited the tournament under equally unhappy circumstances when she slipped on a wet locker room floor after a mixed doubles match, sustaining a concussion that forced her to withdraw from her fourth-round singles contest. 
Pieters, Westwood, Kaymer named as Europe&apos;s Ryder Cup wildcards 
Belgian rookie Thomas Pieters and experienced duo Lee Westwood and Martin Kaymer were named by Europe captain Darren Clarke as wildcard picks on Tuesday to complete his Ryder Cup team. Clarke opted for the powerful 24-year-old Pieters over Scotland&apos;s Russell Knox and England&apos;s Luke Donald, bringing to six the number of rookies in the 12-man team who will defend the trophy against the United States in Hazeltine, Minnesota. 
Wawrinka wins revenge against Verdasco 
Two-times grand slam winner Stan Wawrinka dealt Fernando Verdasco a rare first-round loss at the U.S. Open, sweeping aside the Spaniard in straight sets on Tuesday. The third-seeded Swiss dominated the left-handed Verdasco with his punishing groundstrokes and solid service game to claim a measure of revenge with a 7-6(4) 6-4 6-4 victory at Arthur Ashe Stadium. 
Nishikori hoping to feed off Olympic inspiration 
When it comes to inspiration, winning an Olympic medal is pretty hard to beat. For Japan&apos;s Kei Nishikori, the bronze medal he won at the Rio Games earlier this month could be what gets him over the line in a grand slam for the first time. 
Confident Magnussen needs fitness check at Monza 
Renault driver Kevin Magnussen will have to pass a fitness check at Monza on Thursday before being cleared to race in the Italian Grand Prix after his big crash in Belgium last weekend. Renault said in a statement on Tuesday that the Dane, who went to hospital after Sunday&apos;s accident at Spa left him with a heavily bruised left ankle, had undergone further checks in Denmark that indicated he was fit to race in Italy. 
Kaepernick anthem protest prompts backlash from NFL greats 
San Francisco 49ers quarterback Colin Kaepernick&apos;s sideline protest during the playing of &quot;The Star-Spangled Banner&quot; at a National Football League pre-season game last week has generated criticism from current and former NFL stars. Kaepernick, 28, sat during the national anthem on Friday in a protest against racial injustice in the United States, a move that prompted boos from some fans. Published: August 30, 2016 — 7:54 PM EDT We encourage respectful comments but reserve the right to delete anything that doesn&apos;t contribute to an engaging dialogue Help us moderate this thread by flagging comments that violate our guidelines Help us learn more about Philly.com commenters. Click here to take this quick survey. Comment policy: 
Philly.com comments are intended to be civil, friendly conversations. Please treat other participants with respect and in a way that you would want to be treated. You are responsible for what you say. And please, stay on topic. If you see an objectionable post, please report it to us using the &quot;Report Abuse&quot; option. 
Please note that comments are monitored by Philly.com staff. We reserve the right at all times to remove any information or materials that are unlawful, threatening, abusive, libelous, defamatory, obscene, vulgar, pornographic, profane, indecent or otherwise objectionable. Personal attacks, especially on other participants, are not permitted. We reserve the right to permanently block any user who violates these terms and conditions. 
Additionally comments that are long, have multiple paragraph breaks, include code, or include hyperlinks may not be posted. 
</topic_text>
<spam_score>0.01</spam_score>
<post_num>1</post_num>
<post_id>post-1</post_id>
<post_url>http://www.philly.com/philly/wires/reuters/news/report/391811511.html</post_url>
<post_date>20160830</post_date>
<post_time></post_time>
<username></username>
<post>

Following is a summary of current sports news briefs. 
Former IOC executive Hickey leaves prison, must stay in Brazil 
The former head of the European Olympic Committee (EOC), Ireland&apos;s Patrick Hickey, left prison in Rio de Janeiro on Tuesday vowing to clear his name as an investigation continues into charges he took part in a ring to illegally sell tickets to the Games. A Rio court on Monday ordered the release of the 71-year-old, who was also the head of the Olympic Council of Ireland (OCI), but said he must remain in Brazil and had his passport taken away. 
Vulnerable Djokovic looks to right ship against Vesely 
Novak Djokovic, faltering and looking unusually vulnerable in his opening match at the U.S. Open, will attempt to right the ship on Wednesday when he plays Czech Jiri Vesely in the second round. The defending champion struggled with his form and fitness in a labored 6-3 5-7 6-2 6-1 win over Poland&apos;s Jerzy Janowicz on Monday, adding a right elbow issue to the left wrist injury that has dogged him in recent months. 
Halep pounds Flipkens to reach second round 
Fifth seed Simona Halep blasted her way into the second round of the U.S. Open on Tuesday by demolishing Kirsten Flipkens 6-0 6-2 underlining her credentials as a potential grand slam winner. Halep, who won her third WTA Tour title of the season at a U.S. Open tune-up in Montreal, carried her superb form into Flushing Meadows as she needed just one hour on a sun-splashed but almost vacant Arthur Ashe Stadium court to dismiss the 56th-ranked Belgian. 
Ryan Lochte to dance with stars, says Rio scandal overblown 
Disgraced Olympic swimmer Ryan Lochte is joining the &quot;Dancing With the Stars&quot; cast, ABC television announced on Tuesday, as the gold medalist said he thought reaction to his tale about being held up at a Rio de Janeiro gas station had been blown out of proportion. Lochte, 32, was dropped by four of his major sponsors after admitting he &quot;overexaggerated&quot; a tale about being robbed and held at gunpoint with three other swimmers after a party during the Rio Olympics. Brazilian authorities say the group destroyed a bathroom and urinated in public, and have recommended that Lochte be charged with falsely reporting a crime. 
Bouchard falls at U.S. Open but legal battle continues 
Eugenie Bouchard slumped to a first-round defeat at the U.S. Open on Tuesday but the Canadian might yet leave Flushing Meadows a big winner with her lawsuit against the grand slam and United States Tennis Association still to hit the courts. Last year Bouchard exited the tournament under equally unhappy circumstances when she slipped on a wet locker room floor after a mixed doubles match, sustaining a concussion that forced her to withdraw from her fourth-round singles contest. 
Pieters, Westwood, Kaymer named as Europe&apos;s Ryder Cup wildcards 
Belgian rookie Thomas Pieters and experienced duo Lee Westwood and Martin Kaymer were named by Europe captain Darren Clarke as wildcard picks on Tuesday to complete his Ryder Cup team. Clarke opted for the powerful 24-year-old Pieters over Scotland&apos;s Russell Knox and England&apos;s Luke Donald, bringing to six the number of rookies in the 12-man team who will defend the trophy against the United States in Hazeltine, Minnesota. 
Wawrinka wins revenge against Verdasco 
Two-times grand slam winner Stan Wawrinka dealt Fernando Verdasco a rare first-round loss at the U.S. Open, sweeping aside the Spaniard in straight sets on Tuesday. The third-seeded Swiss dominated the left-handed Verdasco with his punishing groundstrokes and solid service game to claim a measure of revenge with a 7-6(4) 6-4 6-4 victory at Arthur Ashe Stadium. 
Nishikori hoping to feed off Olympic inspiration 
When it comes to inspiration, winning an Olympic medal is pretty hard to beat. For Japan&apos;s Kei Nishikori, the bronze medal he won at the Rio Games earlier this month could be what gets him over the line in a grand slam for the first time. 
Confident Magnussen needs fitness check at Monza 
Renault driver Kevin Magnussen will have to pass a fitness check at Monza on Thursday before being cleared to race in the Italian Grand Prix after his big crash in Belgium last weekend. Renault said in a statement on Tuesday that the Dane, who went to hospital after Sunday&apos;s accident at Spa left him with a heavily bruised left ankle, had undergone further checks in Denmark that indicated he was fit to race in Italy. 
Kaepernick anthem protest prompts backlash from NFL greats 
San Francisco 49ers quarterback Colin Kaepernick&apos;s sideline protest during the playing of &quot;The Star-Spangled Banner&quot; at a National Football League pre-season game last week has generated criticism from current and former NFL stars. Kaepernick, 28, sat during the national anthem on Friday in a protest against racial injustice in the United States, a move that prompted boos from some fans. Published: August 30, 2016 — 7:54 PM EDT We encourage respectful comments but reserve the right to delete anything that doesn&apos;t contribute to an engaging dialogue Help us moderate this thread by flagging comments that violate our guidelines Help us learn more about Philly.com commenters. Click here to take this quick survey. Comment policy: 
Philly.com comments are intended to be civil, friendly conversations. Please treat other participants with respect and in a way that you would want to be treated. You are responsible for what you say. And please, stay on topic. If you see an objectionable post, please report it to us using the &quot;Report Abuse&quot; option. 
Please note that comments are monitored by Philly.com staff. We reserve the right at all times to remove any information or materials that are unlawful, threatening, abusive, libelous, defamatory, obscene, vulgar, pornographic, profane, indecent or otherwise objectionable. Personal attacks, especially on other participants, are not permitted. We reserve the right to permanently block any user who violates these terms and conditions. 
Additionally comments that are long, have multiple paragraph breaks, include code, or include hyperlinks may not be posted. 
</post>
<signature>

</signature>
<external_links>

</external_links>
<country>US</country>
<main_image>http://media.philly.com/designimages/pcom-FB.jpg</main_image>
</document>
