<?xml version="1.0" encoding="UTF-8"?>
<document>
<type>mainstream</type>
<forum></forum>
<forum_title></forum_title>
<discussion_title>Ava DuVernay Celebrates Minorities Behind the Camera at &apos;Queen Sugar&apos; Premiere</discussion_title>
<language>english</language>
<gmt_offset></gmt_offset>
<topic_url>http://www.philly.com/philly/wires/reuters/entertainment/391778701.html</topic_url>
<topic_text>
Ava DuVernay Celebrates Minorities Behind the Camera at &apos;Queen Sugar&apos; Premiere Updated: August 30, 2016 — 4:09 PM EDT Share Variety Media, LLC 
By Mannie Holmes 
LOS ANGELES (Variety.com) - Ava DuVernay made it clear that casting minorities in front of and behind the camera was a conscious effort on her part at the premiere of OWN&apos;s newest family drama, &quot;Queen Sugar.&quot; 
&quot;We had a majority women and people of color writer&apos;s room,&quot; the creator-producer-director told the crowd after introducing her team. She then waved for her African-American female post-production supervisor to come onstage. &quot;A lot of people do not know that there is this position, and they don&apos;t know that a sister can do it.&quot; 
Related Artisans So White: Minority Workers and the Fight Against Below-the-Line Bias 
The applause continued as Duvernay introduced her all-female directing team, who she hand-picked to tell the story this season. &quot;Some of these women have been trying to work in television, had doors closed to them, that&apos;s the kind of industry we work in. You can make beautiful films that go to Berlin, Cannes, South By [Southwest], Sundance, and yet you can&apos;t get an episode on television in Hollywood.&quot; 
&quot;Bringing not just diversity, but inclusion of people who probably in many points would not have an opportunity to to go in and direct a series like this, that was the statement,&quot; exec producer Oprah Winfrey asserted on the carpet. &quot;I think everyone has a different view in telling stories, but you will see a connected lyricism and sensuality to this series that I think happened because all of the women involved.&quot; 
Longtime actor and series guest star Glynn Turman also shared with Variety that it was &quot;refreshing&quot; to see such a change in scenery behind the camera. 
Related Ava DuVernay&apos;s &apos;Queen Sugar&apos; Renewed for Season 2 Ahead of Series Premiere 
&quot;It&apos;s something I remember when I started in the business you did not see, and that was the battle cry: why don&apos;t we see it, and how do we get to see it?&quot; said Turman. &quot;Surely, over the years that wall seems to have a chink in it and hopefully that chink will be wider and wider so more and more will flow through, but that will only happen if we continue with due diligence.&quot; 
&quot;Queen Sugar,&quot; which adapts from the Natalie Baszile novel and tells the story of estranged siblings who come together to to run an ailing sugarcane farm in Louisiana, premieres as a two-night event on Tuesday, September 6 and Wednesday, September 7 at 10 p.m. on OWN. More Coverage 
</topic_text>
<spam_score>0.96</spam_score>
<post_num>1</post_num>
<post_id>post-1</post_id>
<post_url>http://www.philly.com/philly/wires/reuters/entertainment/391778701.html</post_url>
<post_date>20160830</post_date>
<post_time></post_time>
<username>Mannie Holmes</username>
<post>
Ava DuVernay Celebrates Minorities Behind the Camera at &apos;Queen Sugar&apos; Premiere Updated: August 30, 2016 — 4:09 PM EDT Share Variety Media, LLC 
By Mannie Holmes 
LOS ANGELES (Variety.com) - Ava DuVernay made it clear that casting minorities in front of and behind the camera was a conscious effort on her part at the premiere of OWN&apos;s newest family drama, &quot;Queen Sugar.&quot; 
&quot;We had a majority women and people of color writer&apos;s room,&quot; the creator-producer-director told the crowd after introducing her team. She then waved for her African-American female post-production supervisor to come onstage. &quot;A lot of people do not know that there is this position, and they don&apos;t know that a sister can do it.&quot; 
Related Artisans So White: Minority Workers and the Fight Against Below-the-Line Bias 
The applause continued as Duvernay introduced her all-female directing team, who she hand-picked to tell the story this season. &quot;Some of these women have been trying to work in television, had doors closed to them, that&apos;s the kind of industry we work in. You can make beautiful films that go to Berlin, Cannes, South By [Southwest], Sundance, and yet you can&apos;t get an episode on television in Hollywood.&quot; 
&quot;Bringing not just diversity, but inclusion of people who probably in many points would not have an opportunity to to go in and direct a series like this, that was the statement,&quot; exec producer Oprah Winfrey asserted on the carpet. &quot;I think everyone has a different view in telling stories, but you will see a connected lyricism and sensuality to this series that I think happened because all of the women involved.&quot; 
Longtime actor and series guest star Glynn Turman also shared with Variety that it was &quot;refreshing&quot; to see such a change in scenery behind the camera. 
Related Ava DuVernay&apos;s &apos;Queen Sugar&apos; Renewed for Season 2 Ahead of Series Premiere 
&quot;It&apos;s something I remember when I started in the business you did not see, and that was the battle cry: why don&apos;t we see it, and how do we get to see it?&quot; said Turman. &quot;Surely, over the years that wall seems to have a chink in it and hopefully that chink will be wider and wider so more and more will flow through, but that will only happen if we continue with due diligence.&quot; 
&quot;Queen Sugar,&quot; which adapts from the Natalie Baszile novel and tells the story of estranged siblings who come together to to run an ailing sugarcane farm in Louisiana, premieres as a two-night event on Tuesday, September 6 and Wednesday, September 7 at 10 p.m. on OWN. More Coverage 
</post>
<signature>

</signature>
<external_links>

</external_links>
<country>US</country>
<main_image>http://media.philly.com/designimages/pcom-FB.jpg</main_image>
</document>
