<?xml version="1.0" encoding="UTF-8"?>
<document>
<type>mainstream</type>
<forum>http://www.wtvm.com/Global/category.asp?C=5479&amp;nav=menu91_1&amp;clienttype=rss</forum>
<forum_title>WTVM - WTVM Home</forum_title>
<discussion_title>Georgia Veterans Park sells bricks for ceremony</discussion_title>
<language>english</language>
<gmt_offset></gmt_offset>
<topic_url>http://www.wtvm.com/story/32916874/georgia-veterans-park-sells-bricks-for-ceremony</topic_url>
<topic_text>
Georgia Veterans Park sells bricks for ceremony 2016-08-30T23:39:42Z The park is selling bricks through mid-September (Source:WALB) The bricks will be added to a monument (Source:WALB) Amanda Norris, Activities Coordinator (Source:WALB) CORDELE, GA (WALB) - 
Georgia Veterans State Park is allowing you to enshrine the memory of your loved ones on one of its monuments. 
People can buy a brick and mark it with the name of someone they know. 
That stone will be added to others at an archway near the entrance of the park during a ceremony around Veterans Day. 
The proceeds of the event will pay for the bricks and other activities throughout the year. 
&quot;It&apos;s a chance to recognize the people, whose names are on the bricks, and to thank everyone who has given their service,&quot; Amanda Norris, the Activities Coordinator for the park, said. 
The deadline to order a brick for the ceremony is September 16. 
Copyright 2016 WALB . All rights reserved.
</topic_text>
<spam_score>0.00</spam_score>
<post_num>1</post_num>
<post_id>post-1</post_id>
<post_url>http://www.wtvm.com/story/32916874/georgia-veterans-park-sells-bricks-for-ceremony</post_url>
<post_date>20160830</post_date>
<post_time>2339</post_time>
<username>Mike Fussell</username>
<post>
Georgia Veterans Park sells bricks for ceremony 2016-08-30T23:39:42Z The park is selling bricks through mid-September (Source:WALB) The bricks will be added to a monument (Source:WALB) Amanda Norris, Activities Coordinator (Source:WALB) CORDELE, GA (WALB) - 
Georgia Veterans State Park is allowing you to enshrine the memory of your loved ones on one of its monuments. 
People can buy a brick and mark it with the name of someone they know. 
That stone will be added to others at an archway near the entrance of the park during a ceremony around Veterans Day. 
The proceeds of the event will pay for the bricks and other activities throughout the year. 
&quot;It&apos;s a chance to recognize the people, whose names are on the bricks, and to thank everyone who has given their service,&quot; Amanda Norris, the Activities Coordinator for the park, said. 
The deadline to order a brick for the ceremony is September 16. 
Copyright 2016 WALB . All rights reserved.
</post>
<signature>

</signature>
<external_links>

</external_links>
<country>US</country>
<main_image>http://WALB.images.worldnow.com/images/11608620_G.jpg</main_image>
</document>
