<?xml version="1.0" encoding="UTF-8"?>
<document>
<type>mainstream</type>
<forum></forum>
<forum_title></forum_title>
<discussion_title>Panacea Entertainment&apos;s Eric Gardner Is Ready to Downsize</discussion_title>
<language>english</language>
<gmt_offset></gmt_offset>
<topic_url>http://www.philly.com/philly/wires/reuters/entertainment/391759791.html</topic_url>
<topic_text>
Panacea Entertainment&apos;s Eric Gardner Is Ready to Downsize Updated: August 30, 2016 — 7:02 PM EDT Share Variety Media, LLC 
By Mark David 
LOS ANGELES (Variety.com) - Panacea Entertainment honcho Eric Gardner has his discreet estate in the affluent, semi-rural community of Santa Rosa Valley, near Thousand Oaks, Calif., on the market with an asking price just shy of $2.5 million. Gardner -- who started out as a tour coordinator for bands like the Grateful Dead and Kiss before shifting to artist management -- purchased the gated, two-acre spread in 2000 for a little more than $1.1 million. 
The nearly 8,200-square-foot mansion has six bedrooms and eight full bathrooms. A double-height foyer with a floating staircase has pale-blond hardwood flooring that extends into the formal dining room, which features a built-in aquarium. The massive great room along the rear of the house incorporates several sitting and dining areas, as well as a spacious center- island kitchen with all the culinary bells and whistles. 
A separate media lounge has a fireplace and wet bar. There&apos;s also an office/library whose walls are currently hung with an impressive trove of gold and platinum records earned by Gardner&apos;s big-name clients. 
The area certainly offers more bang for the buck than city properties, with features including a vast covered patio with an outdoor kitchen that overlooks an oval swimming pool surrounded by stone terracing. The property is ideal for the suburban farmer: The park-like grounds offer a chicken coop, in addition to a playground and a gazebo, which is set on a peninsula that juts into a boulder-ringed, koi-stocked pond. 
Gardner told this property gossip that he and his wife, Janis Gardner, who previously owned a stunning Mediterranean in L.A.&apos;s Los Feliz area that they sold in 2000 for not quite $1.9 million, moved to the affluent suburban outskirts of L.A. in order to raise their three children in an environment with &quot;a thinner veneer of insincerity.&quot; Now that they&apos;re empty-nesters, they&apos;re on the prowl for something more manageably proportioned in the same area. 
The property is represented by Nicole van Parys at Engel &amp; Volkers Published: August 30, 2016 — 12:50 PM EDT | Updated: August 30, 2016 — 7:02 PM EDT We encourage respectful comments but reserve the right to delete anything that doesn&apos;t contribute to an engaging dialogue Help us moderate this thread by flagging comments that violate our guidelines Help us learn more about Philly.com commenters. Click here to take this quick survey. Comment policy: 
Philly.com comments are intended to be civil, friendly conversations. Please treat other participants with respect and in a way that you would want to be treated. You are responsible for what you say. And please, stay on topic. If you see an objectionable post, please report it to us using the &quot;Report Abuse&quot; option. 
Please note that comments are monitored by Philly.com staff. We reserve the right at all times to remove any information or materials that are unlawful, threatening, abusive, libelous, defamatory, obscene, vulgar, pornographic, profane, indecent or otherwise objectionable. Personal attacks, especially on other participants, are not permitted. We reserve the right to permanently block any user who violates these terms and conditions. 
Additionally comments that are long, have multiple paragraph breaks, include code, or include hyperlinks may not be posted. 
</topic_text>
<spam_score>0.02</spam_score>
<post_num>1</post_num>
<post_id>post-1</post_id>
<post_url>http://www.philly.com/philly/wires/reuters/entertainment/391759791.html</post_url>
<post_date>20160830</post_date>
<post_time></post_time>
<username>Mark David</username>
<post>
Panacea Entertainment&apos;s Eric Gardner Is Ready to Downsize Updated: August 30, 2016 — 7:02 PM EDT Share Variety Media, LLC 
By Mark David 
LOS ANGELES (Variety.com) - Panacea Entertainment honcho Eric Gardner has his discreet estate in the affluent, semi-rural community of Santa Rosa Valley, near Thousand Oaks, Calif., on the market with an asking price just shy of $2.5 million. Gardner -- who started out as a tour coordinator for bands like the Grateful Dead and Kiss before shifting to artist management -- purchased the gated, two-acre spread in 2000 for a little more than $1.1 million. 
The nearly 8,200-square-foot mansion has six bedrooms and eight full bathrooms. A double-height foyer with a floating staircase has pale-blond hardwood flooring that extends into the formal dining room, which features a built-in aquarium. The massive great room along the rear of the house incorporates several sitting and dining areas, as well as a spacious center- island kitchen with all the culinary bells and whistles. 
A separate media lounge has a fireplace and wet bar. There&apos;s also an office/library whose walls are currently hung with an impressive trove of gold and platinum records earned by Gardner&apos;s big-name clients. 
The area certainly offers more bang for the buck than city properties, with features including a vast covered patio with an outdoor kitchen that overlooks an oval swimming pool surrounded by stone terracing. The property is ideal for the suburban farmer: The park-like grounds offer a chicken coop, in addition to a playground and a gazebo, which is set on a peninsula that juts into a boulder-ringed, koi-stocked pond. 
Gardner told this property gossip that he and his wife, Janis Gardner, who previously owned a stunning Mediterranean in L.A.&apos;s Los Feliz area that they sold in 2000 for not quite $1.9 million, moved to the affluent suburban outskirts of L.A. in order to raise their three children in an environment with &quot;a thinner veneer of insincerity.&quot; Now that they&apos;re empty-nesters, they&apos;re on the prowl for something more manageably proportioned in the same area. 
The property is represented by Nicole van Parys at Engel &amp; Volkers Published: August 30, 2016 — 12:50 PM EDT | Updated: August 30, 2016 — 7:02 PM EDT We encourage respectful comments but reserve the right to delete anything that doesn&apos;t contribute to an engaging dialogue Help us moderate this thread by flagging comments that violate our guidelines Help us learn more about Philly.com commenters. Click here to take this quick survey. Comment policy: 
Philly.com comments are intended to be civil, friendly conversations. Please treat other participants with respect and in a way that you would want to be treated. You are responsible for what you say. And please, stay on topic. If you see an objectionable post, please report it to us using the &quot;Report Abuse&quot; option. 
Please note that comments are monitored by Philly.com staff. We reserve the right at all times to remove any information or materials that are unlawful, threatening, abusive, libelous, defamatory, obscene, vulgar, pornographic, profane, indecent or otherwise objectionable. Personal attacks, especially on other participants, are not permitted. We reserve the right to permanently block any user who violates these terms and conditions. 
Additionally comments that are long, have multiple paragraph breaks, include code, or include hyperlinks may not be posted. 
</post>
<signature>

</signature>
<external_links>

</external_links>
<country>US</country>
<main_image>http://media.philly.com/designimages/pcom-FB.jpg</main_image>
</document>
