<?xml version="1.0" encoding="UTF-8"?>
<document>
<type>mainstream</type>
<forum>http://www.bignewsnetwork.com/index.php/nav/rss/b9f388ba82df9ba1</forum>
<forum_title>Latest Big News Network RSS Feeds</forum_title>
<discussion_title>The September hot list: Abu Dhabi Restaurant Month, Games Middle East, and more</discussion_title>
<language>english</language>
<gmt_offset></gmt_offset>
<topic_url>http://www.bignewsnetwork.com/news/247211899/the-september-hot-list-abu-dhabi-restaurant-month-games-middle-east-and-more</topic_url>
<topic_text>
The National Wednesday 31st August, 2016 Abu Dhabi Restaurant Month Don’t miss the chance to try some of Abu Dhabi’s best restaurants at a bargain price during the capital’s first-ever restaurant month. Thirty-one restaurants will offer three-course meals for Dh195 a person. Participating venues include Villa Tosacana, Byblos Sur Mer, Circo, Punjab Grill, Olives, Rodeo Grill, Bu, Stratos and Tamba. For the complete list, visit...
</topic_text>
<spam_score>0.00</spam_score>
<post_num>1</post_num>
<post_id>post-1</post_id>
<post_url>http://www.bignewsnetwork.com/news/247211899/the-september-hot-list-abu-dhabi-restaurant-month-games-middle-east-and-more</post_url>
<post_date>20160830</post_date>
<post_time>1651</post_time>
<username></username>
<post>
The National Wednesday 31st August, 2016 Abu Dhabi Restaurant Month Don’t miss the chance to try some of Abu Dhabi’s best restaurants at a bargain price during the capital’s first-ever restaurant month. Thirty-one restaurants will offer three-course meals for Dh195 a person. Participating venues include Villa Tosacana, Byblos Sur Mer, Circo, Punjab Grill, Olives, Rodeo Grill, Bu, Stratos and Tamba. For the complete list, visit...
</post>
<signature>

</signature>
<external_links>

</external_links>
<country>US</country>
<main_image>http://static.bignewsnetwork.com/bignewsnetwork/big-news-network-slogan.jpg</main_image>
</document>
