<?xml version="1.0" encoding="UTF-8"?>
<document>
<type>mainstream</type>
<forum>http://www.dailymail.co.uk/articles.rss</forum>
<forum_title>Articles | Mail Online</forum_title>
<discussion_title>Is Kendall Jenner&apos;s advice really SPOT on? FEMAIL finds out if the model&apos;s DIY recipe for treating acne works as well as the zit-zappers on the market</discussion_title>
<language>english</language>
<gmt_offset></gmt_offset>
<topic_url>http://www.dailymail.co.uk/femail/article-3765944/Is-Kendall-Jenner-s-advice-really-SPOT-FEMAIL-finds-model-s-DIY-recipe-treating-acne-works-zit-zappers-market.html</topic_url>
<topic_text>
e-mail 
View 
comments
As part of her Kitchen Beauty series, Kendall Jenner, 20, posted a video on her website about the three-ingredient recipe she makes to spot treat a blemish. 
The model, who has been open about her struggles with acne in the past, mixes 1/2 tsp. of lemon, 1/2 tsp. of baking powder and 1 tsp. of honey when a spot pops up. 
She applies the paste as a spot treatment on her pimple for ten minutes and then rinses it off. 
Scroll for video. 
Whatever she&apos;s doing, it&apos;s working! Kendall Jenner, 19, says she gets rid of pimples with a DIY recipe of ingredients found in the kitchen
According to Kendall&apos;s video (watch it in full on kendallj.com ), baking soda and lemon dry out pimples while honey soothes irritation. 
So does her simple home remedy actually work? Allure.com asked Dr. Joshua Zeichner, director of cosmetic and clinical research in dermatology at Mount Sinai Hospital in New York City for his opinion. 

&apos;The combination of baking soda, lemon juice and honey contain natural ingredients that may help an angry pimple,&apos; he told the beauty site. &apos;Baking soda absorbs oil; acids in the lemon juice will exfoliate dead cells from the skin&apos;s surface; and honey will both calm and soothe inflamed skin, and may help kill acne-causing bacteria on the skin.&apos; 
RELATED ARTICLES Previous 1 2 Next Endless summer! FEMAIL details the hottest beauty trends to... &apos;I slathered highlighter everywhere&apos;: Kim Kardashian&apos;s... This is how she do: Rita Ora&apos;s make-up artist details the... Share this article Share When life gives you lemons, make a blemish buster! Kendall swears by a mix of lemons, honey and baking soda
According to many derms (Dr. Zeichner included), however, the fastest way to banish a blemish is with a product that contains anti-bacterial and anti-inflammatory ingredients like benzoyl peroxide, salicylic acid and hydrocortisone cream. 
Sulfur is another buzz-worthy ingredient in spot treatments and has helped products like Mario Badescu Drying Lotion and Kate Somerville EradiKate Acne Treatment achieve cult-favorite status. (Kendall&apos;s sister Kylie swears by the Mario Badescu product.) 
Skincare powerhouse Kiehl&apos;s also just launched a sulfur-based acne treatment. The new Dermatologist Solutions Breakout Control Targeted Acne Spot Treatment is formulated specifically for adult acne. It contains 10% sulfur, which is the highest percentage allowed in an over-the-counter product but it also has niacinamide, which is a form of vitamin B3. The niacinamide helps calm inflammation and prevent the over-drying of the skin around the blemish, which is particularly important for adults whose skin often can&apos;t tolerate the same levels of harsh ingredients as teens with acne. 
Another inexpensive, no-mess option is a medicated patch. On the recommendation of Soko Glam&apos;s Charlotte Cho , a FEMAIL staffer recently gave her husband the COSRX Acne Pimple Master Patch when a giant red zit appeared on his forehead. 
He kept the clear sticker on overnight and woke up to find the blemish had decreased considerably. The next day it had disappeared completely. The stickers are some of the best we&apos;ve seen at adhering to the skin and remaining virtually unnoticeable. Plus, they come in three sizes, so you can target any kind of blemish that appears without irritating the skin around it. 
Shop Femail&apos;s favorite acne spot-treatments: 


SHOP SPOT-TREATMENTS, FROM TOP LEFT COSRX Acne Pimple Master Patch ($5, sokoglam.com ) 
Kate Somerville EradiKate To-Go &amp; Oil Free Moisturizer ($38, sephora.com ) 
Kiehl&apos;s Dermatologist Solutions Breakout Control Targeted Acne Spot Treatment ($28, kiehls.com ) 
Proactiv+ Emergency Blemish Relief ($25, proactiv.com ) 
Mardio Badescu Drying Lotion ($17, ulta.com )
</topic_text>
<spam_score>0.00</spam_score>
<post_num>3</post_num>
<post_id>post-3</post_id>
<post_url>http://www.dailymail.co.uk/femail/article-3765944/Is-Kendall-Jenner-s-advice-really-SPOT-FEMAIL-finds-model-s-DIY-recipe-treating-acne-works-zit-zappers-market.html</post_url>
<post_date>20160831</post_date>
<post_time>0130</post_time>
<username>FallLeaf</username>
<post>
Time to get someone \&quot;new\&quot; for all your advertising ads, DM. The public and readers of DM are sick to death of Kendall and her family.
</post>
<signature>

</signature>
<external_links>

</external_links>
<country>GB</country>
<main_image>http://i.dailymail.co.uk/i/pix/2016/08/30/23/37BAC77A00000578-0-image-a-50_1472594816674.jpg</main_image>
</document>
