<?xml version="1.0" encoding="UTF-8"?>
<document>
<type>mainstream</type>
<forum>http://rssfeeds.thv11.com/_/20/109858520/kthv/local</forum>
<forum_title>KTHV - Local</forum_title>
<discussion_title>Benton high school mascot vandalized,...</discussion_title>
<language>english</language>
<gmt_offset></gmt_offset>
<topic_url>http://rssfeeds.thv11.com/_/20/109858520/kthv/http&amp;#x3a;&amp;#x2f;&amp;#x2f;www&amp;#x2e;thv11&amp;#x2e;com&amp;#x2f;news&amp;#x2f;local&amp;#x2f;benton-high-school-mascot-vandalized-police-investigating&amp;#x2f;311436988</topic_url>
<topic_text>
Benton high school mascot vandalized, police investigating Benton high school mascot vandalized Erika Ferrando , KTHV 7:39   CREDIT: KTHV CONNECT TWEET LINKEDIN GOOGLE+ PINTEREST 
BENTON, Ark. (KTHV) -- Benton police are investigating the vandalism of the Benton High School mascot. 
The black panther statue has been on Benton’s campus for about three years and was damaged over the weekend according to school officials. The $30,000 statue was funded by alumni. 
Explicit words and images were spray-painted near and on the statue. It appeared something was super-glued to the panther’s back as a gash and glue remain. 
Benton athletic memorial museum Director, Donnie Burks, looked at the damage after receiving several calls about it. 
“It kind of affects everybody in the community,” said Burks. “There was also damage done to the sign in front of it.” 
While the spray paint has been washed away, the gash on the panther’s back remains along with scrapes. Since the investigation still is open, Benton police cannot provide updates, but the superintendent said they&apos;re looking at surveillance video. The superintendent said the panther was damaged in 2014, but not to this extent. 
“Some people are taking it kind of personal that there was physical damage done,” said Burks. 
This comes as football begins and the week of the annual Salt Bowl game. But there is no proof that the vandalism is connected to the game or rivalry. 
“Nothing has been proven or anything like; that it’s just rumors,&quot; said Burks. 
So, whether the result of a high school rivalry or just a random act, someone has left their mark at Benton High. 
“When something happens to your school that you have a sense of loyalty to, it bothers everybody,&quot; said Burks. 
The statue’s sculptor is going to assess the damage next week. There are plans to restore it fully . Depending on whether they can work on site, or have to bring the statue in shop, the sculptor says the repairs could cost anywhere from $1,000 to $3,000.
</topic_text>
<spam_score>0.00</spam_score>
<post_num>1</post_num>
<post_id>post-1</post_id>
<post_url>http://rssfeeds.thv11.com/_/20/109858520/kthv/http&amp;#x3a;&amp;#x2f;&amp;#x2f;www&amp;#x2e;thv11&amp;#x2e;com&amp;#x2f;news&amp;#x2f;local&amp;#x2f;benton-high-school-mascot-vandalized-police-investigating&amp;#x2f;311436988</post_url>
<post_date>20160830</post_date>
<post_time>2339</post_time>
<username></username>
<post>
Benton high school mascot vandalized, police investigating Benton high school mascot vandalized Erika Ferrando , KTHV 7:39   CREDIT: KTHV CONNECT TWEET LINKEDIN GOOGLE+ PINTEREST 
BENTON, Ark. (KTHV) -- Benton police are investigating the vandalism of the Benton High School mascot. 
The black panther statue has been on Benton’s campus for about three years and was damaged over the weekend according to school officials. The $30,000 statue was funded by alumni. 
Explicit words and images were spray-painted near and on the statue. It appeared something was super-glued to the panther’s back as a gash and glue remain. 
Benton athletic memorial museum Director, Donnie Burks, looked at the damage after receiving several calls about it. 
“It kind of affects everybody in the community,” said Burks. “There was also damage done to the sign in front of it.” 
While the spray paint has been washed away, the gash on the panther’s back remains along with scrapes. Since the investigation still is open, Benton police cannot provide updates, but the superintendent said they&apos;re looking at surveillance video. The superintendent said the panther was damaged in 2014, but not to this extent. 
“Some people are taking it kind of personal that there was physical damage done,” said Burks. 
This comes as football begins and the week of the annual Salt Bowl game. But there is no proof that the vandalism is connected to the game or rivalry. 
“Nothing has been proven or anything like; that it’s just rumors,&quot; said Burks. 
So, whether the result of a high school rivalry or just a random act, someone has left their mark at Benton High. 
“When something happens to your school that you have a sense of loyalty to, it bothers everybody,&quot; said Burks. 
The statue’s sculptor is going to assess the damage next week. There are plans to restore it fully . Depending on whether they can work on site, or have to bring the statue in shop, the sculptor says the repairs could cost anywhere from $1,000 to $3,000.
</post>
<signature>

</signature>
<external_links>

</external_links>
<country>US</country>
<main_image>http://content.thv11.com/photo/2016/08/30/bentonhigh2_1472598986528_5885077_ver1.0_640_360.jpeg</main_image>
</document>
