<?xml version="1.0" encoding="UTF-8"?>
<document>
<type>mainstream</type>
<forum>http://www.wtvm.com/Global/category.asp?C=5479&amp;nav=menu91_1&amp;clienttype=rss</forum>
<forum_title>WTVM - WTVM Home</forum_title>
<discussion_title>Armed robber holds up south Huntsville restaurant</discussion_title>
<language>english</language>
<gmt_offset></gmt_offset>
<topic_url>http://www.wtvm.com/story/32917161/armed-robber-holds-up-south-huntsville-restaurant</topic_url>
<topic_text>
Armed robber holds up south Huntsville restaurant 2016-08-30T23:42:07Z An armed robber held up a Subway on South Parkway. HUNTSVILLE, AL (WAFF) - 
An armed robber held up the Subway on South Memorial Parkway near Mountain Gap Road Tuesday evening. 
Police got the call around 6:15 p.m. 
Witnesses say the robber got away in a silver or gray sport utility vehicle. 
Police have not said how much money was taken. No word on any injuries. 
Copyright 2016 WAFF . All rights reserved. Wednesday, August 24 2016 6:55 PM EDT 2016-08-24 22:55:57 GMT (Source: WTVM) 
Midtown Medical Center held its first annual public safety luncheon on Wednesday. The event was established to have a better connection between the medical community and public safety workers in the area. Updated: Tuesday, August 30 2016 6:42 PM EDT 2016-08-30 22:42:08 GMT 
The threat of military base and post closures, along with very real budget cuts and downsizing, is prompting U.S. lawmakers in Georgia to be proactive in showing the worth and necessity of places like Fort Benning. Tuesday, August 30 2016 4:49 PM EDT 2016-08-30 20:49:15 GMT (Source: @WhiteHouse via Twitter) 
On Tuesday, President Barack Obama reduced the sentences of 111 federal inmates in another round of commutations for those convicted of nonviolent drug offenses. Eight of the 111 federal inmates are currently being housed in Alabama and Georgia facilities. Tuesday, August 30 2016 6:50 PM EDT 2016-08-30 22:50:23 GMT O&apos;Ree Crittenden. (Source: GoFund Me) 
One Columbus man is getting a little help from his friends as he takes a daring and adventurous trip up one of America&apos;s most popular trails. Tuesday, August 30 2016 11:27 AM EDT 2016-08-30 15:27:43 GMT Timerley Mellon. (Source: Troup County Jail) 
LaGrange Police have arrested a woman and a juvenile in connection with a stabbing Monday night. Monday, August 29 2016 3:19 PM EDT 2016-08-29 19:19:58 GMT Updated: Tuesday, August 30 2016 12:34 PM EDT 2016-08-30 16:34:09 GMT 
A woman who suffered a miscarriage was forced to reopen those traumatic wounds all over again, at Babies “R” Us in Waterbury. Monday, August 29 2016 11:19 PM EDT 2016-08-30 03:19:29 GMT Brittanee Drexel (Source: WMBF News) 
An FBI agent’s court testimony alleges that Brittanee Drexel, a teen missing from Myrtle Beach since 2009, was abducted, gang-raped at “stash house” in the McClellanville area, shot after trying to escape, and then her body was fed to gators. More &gt;&gt; 
An FBI agent’s court testimony alleges that Brittanee Drexel, a teen missing from Myrtle Beach since 2009, was abducted, gang-raped at “stash house” in the McClellanville area, shot after trying to escape, and then her body was fed to gators.
</topic_text>
<spam_score>0.00</spam_score>
<post_num>1</post_num>
<post_id>post-1</post_id>
<post_url>http://www.wtvm.com/story/32917161/armed-robber-holds-up-south-huntsville-restaurant</post_url>
<post_date>20160830</post_date>
<post_time>2342</post_time>
<username>Franklin White</username>
<post>
Armed robber holds up south Huntsville restaurant 2016-08-30T23:42:07Z An armed robber held up a Subway on South Parkway. HUNTSVILLE, AL (WAFF) - 
An armed robber held up the Subway on South Memorial Parkway near Mountain Gap Road Tuesday evening. 
Police got the call around 6:15 p.m. 
Witnesses say the robber got away in a silver or gray sport utility vehicle. 
Police have not said how much money was taken. No word on any injuries. 
Copyright 2016 WAFF . All rights reserved. Wednesday, August 24 2016 6:55 PM EDT 2016-08-24 22:55:57 GMT (Source: WTVM) 
Midtown Medical Center held its first annual public safety luncheon on Wednesday. The event was established to have a better connection between the medical community and public safety workers in the area. Updated: Tuesday, August 30 2016 6:42 PM EDT 2016-08-30 22:42:08 GMT 
The threat of military base and post closures, along with very real budget cuts and downsizing, is prompting U.S. lawmakers in Georgia to be proactive in showing the worth and necessity of places like Fort Benning. Tuesday, August 30 2016 4:49 PM EDT 2016-08-30 20:49:15 GMT (Source: @WhiteHouse via Twitter) 
On Tuesday, President Barack Obama reduced the sentences of 111 federal inmates in another round of commutations for those convicted of nonviolent drug offenses. Eight of the 111 federal inmates are currently being housed in Alabama and Georgia facilities. Tuesday, August 30 2016 6:50 PM EDT 2016-08-30 22:50:23 GMT O&apos;Ree Crittenden. (Source: GoFund Me) 
One Columbus man is getting a little help from his friends as he takes a daring and adventurous trip up one of America&apos;s most popular trails. Tuesday, August 30 2016 11:27 AM EDT 2016-08-30 15:27:43 GMT Timerley Mellon. (Source: Troup County Jail) 
LaGrange Police have arrested a woman and a juvenile in connection with a stabbing Monday night. Monday, August 29 2016 3:19 PM EDT 2016-08-29 19:19:58 GMT Updated: Tuesday, August 30 2016 12:34 PM EDT 2016-08-30 16:34:09 GMT 
A woman who suffered a miscarriage was forced to reopen those traumatic wounds all over again, at Babies “R” Us in Waterbury. Monday, August 29 2016 11:19 PM EDT 2016-08-30 03:19:29 GMT Brittanee Drexel (Source: WMBF News) 
An FBI agent’s court testimony alleges that Brittanee Drexel, a teen missing from Myrtle Beach since 2009, was abducted, gang-raped at “stash house” in the McClellanville area, shot after trying to escape, and then her body was fed to gators. More &gt;&gt; 
An FBI agent’s court testimony alleges that Brittanee Drexel, a teen missing from Myrtle Beach since 2009, was abducted, gang-raped at “stash house” in the McClellanville area, shot after trying to escape, and then her body was fed to gators.
</post>
<signature>

</signature>
<external_links>

</external_links>
<country>US</country>
<main_image>http://WAFF.images.worldnow.com/images/11608406_G.jpg</main_image>
</document>
