<?xml version="1.0" encoding="UTF-8"?>
<document>
<type>mainstream</type>
<forum></forum>
<forum_title></forum_title>
<discussion_title>Italian among 2 dictatorship victims identified in Paraguay</discussion_title>
<language>english</language>
<gmt_offset></gmt_offset>
<topic_url>http://www.philly.com/philly/wires/ap/news/nation_world/391757531.html</topic_url>
<topic_text>
Italian among 2 dictatorship victims identified in Paraguay Updated: August 30, 2016 — 1:38 PM EDT Share Tumblr Email FILE - In this March 19, 2013 file photo, Rogelio Goiburu, member of Paraguay&apos;s Truth and Justice Commission, looks at skeletal remains found buried at the National Police Special Forces headquarters in Asuncion, Paraguay. Paraguayan human rights groups said Tuesday, Aug. 30, 2016, they&apos;ve identified the remains of an Italian woman and a Paraguayan man who were seized by authorities during a bloody regional crackdown on dissidents in the 1970s. The remains of both were found at the National Police Special Forces headquarters. (AP Photo/Jorge Saenz, File) PEDRO SERVIN The Associated Press 
ASUNCION, Paraguay (AP) - Human rights groups said on Tuesday that they have identified the remains of an Italian woman and a Paraguayan man who were seized by authorities during a bloody regional crackdown on dissidents in the 1970s. 
Rights activist Rogelio Goiburu said in press conference that Rafaelli Filipazzi and Miguel Angel Soler were identified by DNA tests carried out by Argentina&apos;s Forensic Anthropology team. 
Soler was secretary-general of the Paraguayan Communist Party when he was captured in the capital of Asuncion in 1975. 
Filipazzi was an Italian socialist living in Argentina. She vanished in Uruguay in 1977, a victim of the Operation Condor conspiracy in which dictatorships in six South American countries joined to hunt down leftist dissidents. 
Soler&apos;s remains were found in 2006 and Filipazzi&apos;s in 2012 - both at a former police base in Asuncion, but were only recently identified by genetically matching bone samples with the DNA of their relatives. 
Paraguay&apos;s Truth and Justice Commission says that 19,862 people were illegally detained, 18,772 were tortured and 336 were forcibly disappeared during the 1954-1989 dictatorship of Alfredo Stroessner. Published: 
</topic_text>
<spam_score>0.03</spam_score>
<post_num>1</post_num>
<post_id>post-1</post_id>
<post_url>http://www.philly.com/philly/wires/ap/news/nation_world/391757531.html</post_url>
<post_date>20160830</post_date>
<post_time></post_time>
<username>Pedro Servin</username>
<post>
Italian among 2 dictatorship victims identified in Paraguay Updated: August 30, 2016 — 1:38 PM EDT Share Tumblr Email FILE - In this March 19, 2013 file photo, Rogelio Goiburu, member of Paraguay&apos;s Truth and Justice Commission, looks at skeletal remains found buried at the National Police Special Forces headquarters in Asuncion, Paraguay. Paraguayan human rights groups said Tuesday, Aug. 30, 2016, they&apos;ve identified the remains of an Italian woman and a Paraguayan man who were seized by authorities during a bloody regional crackdown on dissidents in the 1970s. The remains of both were found at the National Police Special Forces headquarters. (AP Photo/Jorge Saenz, File) PEDRO SERVIN The Associated Press 
ASUNCION, Paraguay (AP) - Human rights groups said on Tuesday that they have identified the remains of an Italian woman and a Paraguayan man who were seized by authorities during a bloody regional crackdown on dissidents in the 1970s. 
Rights activist Rogelio Goiburu said in press conference that Rafaelli Filipazzi and Miguel Angel Soler were identified by DNA tests carried out by Argentina&apos;s Forensic Anthropology team. 
Soler was secretary-general of the Paraguayan Communist Party when he was captured in the capital of Asuncion in 1975. 
Filipazzi was an Italian socialist living in Argentina. She vanished in Uruguay in 1977, a victim of the Operation Condor conspiracy in which dictatorships in six South American countries joined to hunt down leftist dissidents. 
Soler&apos;s remains were found in 2006 and Filipazzi&apos;s in 2012 - both at a former police base in Asuncion, but were only recently identified by genetically matching bone samples with the DNA of their relatives. 
Paraguay&apos;s Truth and Justice Commission says that 19,862 people were illegally detained, 18,772 were tortured and 336 were forcibly disappeared during the 1954-1989 dictatorship of Alfredo Stroessner. Published: 
</post>
<signature>

</signature>
<external_links>

</external_links>
<country>US</country>
<main_image>http://media.philly.com/images/7498b8aec46f4aaf8db36cb62f9f9d18-9f1c164707e14eb49eb2fe00932c8b88.jpg</main_image>
</document>
