<?xml version="1.0" encoding="UTF-8"?>
<document>
<type>mainstream</type>
<forum></forum>
<forum_title></forum_title>
<discussion_title>Fall Preview: Warren Beatty&apos;s Hughes film finally takes off</discussion_title>
<language>english</language>
<gmt_offset></gmt_offset>
<topic_url>http://www.philly.com/philly/wires/ap/news/391725961.html</topic_url>
<topic_text>
Fall Preview: Warren Beatty&apos;s Hughes film finally takes off Updated: August 30, 2016 — 1:39 PM EDT Share 1:08 AM This image released by Twentieth Century Fox shows Warren Beatty as Howard Hughes in the film â€œRules Donâ€™t Apply,â€� which 20th Century Fox will release Nov. 23, 2016. (Francois Duhamel/20th Century Fox via AP) JAKE COYLE The Associated Press 
NEW YORK (AP) - Warren Beatty is standing outside an early screening of his new film, &quot;Rules Don&apos;t Apply&quot; - definitely NOT a Howard Hughes biopic, he wants to make clear - discussing his connection to the famously reclusive industrialist and movie mogul. 
&quot;I never met him,&quot; he says, grinning. &quot;And I met everybody.&quot; 
At 79 and 15 years since his last film, the man affectionately known as &quot;The Pro&quot; is back. Beatty, whose exploits on and off the screen made him an unqualified Hollywood legend, has finally made the Howard Hughes film he&apos;s contemplated on and off for 40 years. 
The focus of the film - written, directed, produced and starring Beatty - has shifted with time. Its central characters are a Southern Baptist actress (Lily Collins), one of two dozen Hughes has put up in bungalows for either starlet or romantic consideration, and her young Methodist driver (Alden Ehrenreich). They&apos;re both ambitious but innocent new arrivals to Los Angeles hoping to catch a break with their unseen benefactor. 
Not coincidentally, the year is 1958, the same year Beatty - a Virginia Southern Baptist, himself - came to Hollywood, following his sister, Shirley MacLaine. &quot;I got kind of lucky kind of fast when I came out here,&quot; says Beatty, who was taken under the wing of Elia Kazan and cast in 1961&apos;s star-making &quot;Splendor in the Grass.&quot; 
Many doubted whether Beatty, a notorious fiddler and perfectionist known for bouts of indecision, would ever make his Hughes film. He first obtained the rights in the mid &apos;70s. But the happy surprise of &quot;Rules Don&apos;t Apply,&quot; which 20th Century Fox will release Nov. 23 , is not only that Beatty has at last completed it, but that he&apos;s made a snappy, vibrant film, carried by its young stars and memorable for its portrait of Hollywood power players and their pawns. Sex plays a significant role. 
&quot;I felt it was time to make another movie and time to make a movie about a big subject - what I would call the comical and sometimes sad consequences of American sexual puritanism,&quot; Beatty told The Associated Press in one of his first interviews in years. &quot;That attitude, I don&apos;t think it&apos;s expired. We have to admit it&apos;s made us the laughing stock of France, for instance, where the chief of state gets into some mischief and his numbers go up. Here the opposite is true.&quot; 
There&apos;s something fitting about one of Hollywood&apos;s most renowned playboys making a movie about sexual repression. Before marrying Annette Bening, Beatty was linked to everyone from Diane Keaton to Madonna. Peter Biskind&apos;s 2010 biography, &quot;Star,&quot; tried to estimate the women he&apos;s slept with, coming up with 12,775 - a figure Beatty disputes. 
He and Bening (who has a smart part in the film) have four nearly grown children. Of his 180-degree turn from bachelor to family man Beatty says, &quot;The idea of divorce appalled me and still does.&quot; Family has been his primary interest in the years since his last film, the 2001 disappointment &quot;Town &amp; 
</topic_text>
<spam_score>0.47</spam_score>
<post_num>1</post_num>
<post_id>post-1</post_id>
<post_url>http://www.philly.com/philly/wires/ap/news/391725961.html</post_url>
<post_date>20160830</post_date>
<post_time></post_time>
<username>Jake Coyle</username>
<post>
Fall Preview: Warren Beatty&apos;s Hughes film finally takes off Updated: August 30, 2016 — 1:39 PM EDT Share 1:08 AM This image released by Twentieth Century Fox shows Warren Beatty as Howard Hughes in the film â€œRules Donâ€™t Apply,â€� which 20th Century Fox will release Nov. 23, 2016. (Francois Duhamel/20th Century Fox via AP) JAKE COYLE The Associated Press 
NEW YORK (AP) - Warren Beatty is standing outside an early screening of his new film, &quot;Rules Don&apos;t Apply&quot; - definitely NOT a Howard Hughes biopic, he wants to make clear - discussing his connection to the famously reclusive industrialist and movie mogul. 
&quot;I never met him,&quot; he says, grinning. &quot;And I met everybody.&quot; 
At 79 and 15 years since his last film, the man affectionately known as &quot;The Pro&quot; is back. Beatty, whose exploits on and off the screen made him an unqualified Hollywood legend, has finally made the Howard Hughes film he&apos;s contemplated on and off for 40 years. 
The focus of the film - written, directed, produced and starring Beatty - has shifted with time. Its central characters are a Southern Baptist actress (Lily Collins), one of two dozen Hughes has put up in bungalows for either starlet or romantic consideration, and her young Methodist driver (Alden Ehrenreich). They&apos;re both ambitious but innocent new arrivals to Los Angeles hoping to catch a break with their unseen benefactor. 
Not coincidentally, the year is 1958, the same year Beatty - a Virginia Southern Baptist, himself - came to Hollywood, following his sister, Shirley MacLaine. &quot;I got kind of lucky kind of fast when I came out here,&quot; says Beatty, who was taken under the wing of Elia Kazan and cast in 1961&apos;s star-making &quot;Splendor in the Grass.&quot; 
Many doubted whether Beatty, a notorious fiddler and perfectionist known for bouts of indecision, would ever make his Hughes film. He first obtained the rights in the mid &apos;70s. But the happy surprise of &quot;Rules Don&apos;t Apply,&quot; which 20th Century Fox will release Nov. 23 , is not only that Beatty has at last completed it, but that he&apos;s made a snappy, vibrant film, carried by its young stars and memorable for its portrait of Hollywood power players and their pawns. Sex plays a significant role. 
&quot;I felt it was time to make another movie and time to make a movie about a big subject - what I would call the comical and sometimes sad consequences of American sexual puritanism,&quot; Beatty told The Associated Press in one of his first interviews in years. &quot;That attitude, I don&apos;t think it&apos;s expired. We have to admit it&apos;s made us the laughing stock of France, for instance, where the chief of state gets into some mischief and his numbers go up. Here the opposite is true.&quot; 
There&apos;s something fitting about one of Hollywood&apos;s most renowned playboys making a movie about sexual repression. Before marrying Annette Bening, Beatty was linked to everyone from Diane Keaton to Madonna. Peter Biskind&apos;s 2010 biography, &quot;Star,&quot; tried to estimate the women he&apos;s slept with, coming up with 12,775 - a figure Beatty disputes. 
He and Bening (who has a smart part in the film) have four nearly grown children. Of his 180-degree turn from bachelor to family man Beatty says, &quot;The idea of divorce appalled me and still does.&quot; Family has been his primary interest in the years since his last film, the 2001 disappointment &quot;Town &amp; 
</post>
<signature>

</signature>
<external_links>

</external_links>
<country>US</country>
<main_image>http://media.philly.com/images/99d3202d673f4b3faada370276e8f656-1fdc8a6466fd45c39b6627ed1d54393a.jpg</main_image>
</document>
