<?xml version="1.0" encoding="UTF-8"?>
<document>
<type>mainstream</type>
<forum></forum>
<forum_title></forum_title>
<discussion_title>Mel Gibson&apos;s Nate Parker Problem</discussion_title>
<language>english</language>
<gmt_offset></gmt_offset>
<topic_url>http://www.philly.com/philly/wires/reuters/entertainment/391795171.html</topic_url>
<topic_text>
Mel Gibson&apos;s Nate Parker Problem Updated: August 30, 2016 — 5:25 PM EDT Share Variety Media, LLC 
By Andrew Wallenstein 
LOS ANGELES (Variety.com) - Consider the confluence of circumstances surrounding two men who have nothing to do with each other: Nate Parker and Mel Gibson. 
The first -- director, writer, and star of the acclaimed film &quot;The Birth of a Nation&quot; -- has seen his chances for Oscar glory seriously jeopardized by the emergence of 1999 rape charges for which he was acquitted. 
The second, who like Parker is both a director and an actor, saw his own storied career stall after several troubling incidents came to light beginning 10 years ago -- from spouting racist and anti-Semitic nonsense to hitting his wife, which yielded a misdemeanor charge to which he pleaded no contest. But with two buzzed-about movies heading to theaters in the coming months, Gibson seems finally on the verge of a comeback at the same time Parker&apos;s promise threatens to fade. 
As Gibson quietly moves toward redemption while so many speak out against Parker, a difficult question is bound to be asked: Can Hollywood really end up condoning one but condemning the other? 
The racial overtones inherent in this potential double standard would be controversial, to say the least. They certainly wouldn&apos;t reflect well on the Academy, which is eager to distance itself from charges of racism that battered the organization last year. Oscar love for &quot;Birth&quot; would surely help undo that damage. 
Parker is prompting Academy voters to wrestle anew with the question of separating artists from their art, one that has been kicked around in Hollywood before, from Roman Polanski to Woody Allen. But this time around, the queasy task of comparing Parker&apos;s sins to Gibson&apos;s is inevitable. For example, Parker was accused of committing one crime while Gibson has been something of a repeat offender. Gibson has already spent time in Hollywood jail while Parker hasn&apos;t. So how do you weigh their sins against each other? Did one of their apologies seem more sincere? Which man is more likely to transgress again? 
The considerations are endless, and consequently, perhaps pointless. What Hollywood does need to reckon with, however, is that a moral calculus on Parker can&apos;t be made in a vacuum. Judge if you must, but be mindful of the implications. Published: August 30, 2016 — 1:30 PM EDT | Updated: August 30, 2016 — 5:25 PM EDT We encourage respectful comments but reserve the right to delete anything that doesn&apos;t contribute to an engaging dialogue Help us moderate this thread by flagging comments that violate our guidelines Help us learn more about Philly.com commenters. Click here to take this quick survey. Comment policy: 
Philly.com comments are intended to be civil, friendly conversations. Please treat other participants with respect and in a way that you would want to be treated. You are responsible for what you say. And please, stay on topic. If you see an objectionable post, please report it to us using the &quot;Report Abuse&quot; option. 
Please note that comments are monitored by Philly.com staff. We reserve the right at all times to remove any information or materials that are unlawful, threatening, abusive, libelous, defamatory, obscene, vulgar, pornographic, profane, indecent or otherwise objectionable. Personal attacks, especially on other participants, are not permitted. We reserve the right to permanently block any user who violates these terms and conditions. 
Additionally comments that are long, have multiple paragraph breaks, include code, or include hyperlinks may not be posted. 
</topic_text>
<spam_score>0.61</spam_score>
<post_num>1</post_num>
<post_id>post-1</post_id>
<post_url>http://www.philly.com/philly/wires/reuters/entertainment/391795171.html</post_url>
<post_date>20160830</post_date>
<post_time></post_time>
<username>Andrew Wallenstein</username>
<post>
Mel Gibson&apos;s Nate Parker Problem Updated: August 30, 2016 — 5:25 PM EDT Share Variety Media, LLC 
By Andrew Wallenstein 
LOS ANGELES (Variety.com) - Consider the confluence of circumstances surrounding two men who have nothing to do with each other: Nate Parker and Mel Gibson. 
The first -- director, writer, and star of the acclaimed film &quot;The Birth of a Nation&quot; -- has seen his chances for Oscar glory seriously jeopardized by the emergence of 1999 rape charges for which he was acquitted. 
The second, who like Parker is both a director and an actor, saw his own storied career stall after several troubling incidents came to light beginning 10 years ago -- from spouting racist and anti-Semitic nonsense to hitting his wife, which yielded a misdemeanor charge to which he pleaded no contest. But with two buzzed-about movies heading to theaters in the coming months, Gibson seems finally on the verge of a comeback at the same time Parker&apos;s promise threatens to fade. 
As Gibson quietly moves toward redemption while so many speak out against Parker, a difficult question is bound to be asked: Can Hollywood really end up condoning one but condemning the other? 
The racial overtones inherent in this potential double standard would be controversial, to say the least. They certainly wouldn&apos;t reflect well on the Academy, which is eager to distance itself from charges of racism that battered the organization last year. Oscar love for &quot;Birth&quot; would surely help undo that damage. 
Parker is prompting Academy voters to wrestle anew with the question of separating artists from their art, one that has been kicked around in Hollywood before, from Roman Polanski to Woody Allen. But this time around, the queasy task of comparing Parker&apos;s sins to Gibson&apos;s is inevitable. For example, Parker was accused of committing one crime while Gibson has been something of a repeat offender. Gibson has already spent time in Hollywood jail while Parker hasn&apos;t. So how do you weigh their sins against each other? Did one of their apologies seem more sincere? Which man is more likely to transgress again? 
The considerations are endless, and consequently, perhaps pointless. What Hollywood does need to reckon with, however, is that a moral calculus on Parker can&apos;t be made in a vacuum. Judge if you must, but be mindful of the implications. Published: August 30, 2016 — 1:30 PM EDT | Updated: August 30, 2016 — 5:25 PM EDT We encourage respectful comments but reserve the right to delete anything that doesn&apos;t contribute to an engaging dialogue Help us moderate this thread by flagging comments that violate our guidelines Help us learn more about Philly.com commenters. Click here to take this quick survey. Comment policy: 
Philly.com comments are intended to be civil, friendly conversations. Please treat other participants with respect and in a way that you would want to be treated. You are responsible for what you say. And please, stay on topic. If you see an objectionable post, please report it to us using the &quot;Report Abuse&quot; option. 
Please note that comments are monitored by Philly.com staff. We reserve the right at all times to remove any information or materials that are unlawful, threatening, abusive, libelous, defamatory, obscene, vulgar, pornographic, profane, indecent or otherwise objectionable. Personal attacks, especially on other participants, are not permitted. We reserve the right to permanently block any user who violates these terms and conditions. 
Additionally comments that are long, have multiple paragraph breaks, include code, or include hyperlinks may not be posted. 
</post>
<signature>

</signature>
<external_links>

</external_links>
<country>US</country>
<main_image>http://media.philly.com/designimages/pcom-FB.jpg</main_image>
</document>
