<?xml version="1.0" encoding="UTF-8"?>
<document>
<type>mainstream</type>
<forum>http://products4engineers.nl//rss.php</forum>
<forum_title>Products4Engineers - RSS Actuele producten</forum_title>
<discussion_title>Borstelloze DC motor DCmind Brushless 80140 TNi21</discussion_title>
<language>dutch</language>
<gmt_offset></gmt_offset>
<topic_url>http://www.products4engineers.nl/elektrische-aandrijvingen/servomotoren-hoogkoppelmotoren/pid38694-borstelloze-dc-motor-dcmind-brushless-80140-tni21.html</topic_url>
<topic_text>
Borstelloze DC motor DCmind Brushless 80140 TNi21 80140 TNi21, 38-75W, 0-10V / PWM speed mode Groot vermogensbereik tot 1kW Groot vermogensbereik tot 1kW Geïntegreerde elektronica Gebruiksvriendelijke software CANopen verkrijgbaar Hall effect versies ... 74 x bekeken | 30-08-2016 Rotero Holland bv Omschrijving: Speciaal voor toepassing in zware omgevingen ontwikkelde JVL de MAC400 geïntegreerde servomotor met beschermingsklasse IP66. Met deze nieuwe ... 1153 x bekeken | 09-05-2016 ATB Automation levert in de Benelux complete servo-tandheugelaandrijvingen met Stöber hoog nauwkeurige tandwielkasten voor servomotoren met ... 892 x bekeken | 21-03-2016 ATB Automation Omschrijving: ATB Automation is per 1 januari 2016 de Benelux vertegenwoordiger van Estun. Estun ontwikkelt en fabriceert in eigen huis de voordelige ... 1014 x bekeken | 04-03-2016 Dynetics BV Omschrijving: Nidec Servo (Dynetics) introduceerd een nieuwe serie stappen motoren met typenummer KF42. De 2 fase hybride motor heeft een flensmaat van 28mm ... 814 x bekeken | 25-01-2016 Bosch Rexroth BV Omschrijving: De serie MS2N servomotoren van Bosch Rexroth is vanaf de basis opnieuw ontwikkeld en dekt met meer dan vijftig motortypen een koppelbereik tot 360 Nm ... 882 x bekeken | 24-12-2015
</topic_text>
<spam_score>0.00</spam_score>
<post_num>1</post_num>
<post_id>post-1</post_id>
<post_url>http://www.products4engineers.nl/elektrische-aandrijvingen/servomotoren-hoogkoppelmotoren/pid38694-borstelloze-dc-motor-dcmind-brushless-80140-tni21.html</post_url>
<post_date>20160830</post_date>
<post_time>0943</post_time>
<username></username>
<post>
Borstelloze DC motor DCmind Brushless 80140 TNi21 80140 TNi21, 38-75W, 0-10V / PWM speed mode Groot vermogensbereik tot 1kW Groot vermogensbereik tot 1kW Geïntegreerde elektronica Gebruiksvriendelijke software CANopen verkrijgbaar Hall effect versies ... 74 x bekeken | 30-08-2016 Rotero Holland bv Omschrijving: Speciaal voor toepassing in zware omgevingen ontwikkelde JVL de MAC400 geïntegreerde servomotor met beschermingsklasse IP66. Met deze nieuwe ... 1153 x bekeken | 09-05-2016 ATB Automation levert in de Benelux complete servo-tandheugelaandrijvingen met Stöber hoog nauwkeurige tandwielkasten voor servomotoren met ... 892 x bekeken | 21-03-2016 ATB Automation Omschrijving: ATB Automation is per 1 januari 2016 de Benelux vertegenwoordiger van Estun. Estun ontwikkelt en fabriceert in eigen huis de voordelige ... 1014 x bekeken | 04-03-2016 Dynetics BV Omschrijving: Nidec Servo (Dynetics) introduceerd een nieuwe serie stappen motoren met typenummer KF42. De 2 fase hybride motor heeft een flensmaat van 28mm ... 814 x bekeken | 25-01-2016 Bosch Rexroth BV Omschrijving: De serie MS2N servomotoren van Bosch Rexroth is vanaf de basis opnieuw ontwikkeld en dekt met meer dan vijftig motortypen een koppelbereik tot 360 Nm ... 882 x bekeken | 24-12-2015
</post>
<signature>

</signature>
<external_links>

</external_links>
<country>NL</country>
<main_image></main_image>
</document>
