<?xml version="1.0" encoding="UTF-8"?>
<document>
<type>mainstream</type>
<forum></forum>
<forum_title></forum_title>
<discussion_title>UPDATE 6-France&apos;s Macron resigns in step to prepare for run at presidency</discussion_title>
<language>english</language>
<gmt_offset></gmt_offset>
<topic_url>http://www.philly.com/philly/wires/reuters/news/report/391710061.html</topic_url>
<topic_text>
UPDATE 6-France&apos;s Macron resigns in step to prepare for run at presidency Updated: August 30, 2016 — 3:05 PM EDT Share 
* Young, new to politics, Macron has beaten the odds before (Updates with comments on t 
But while at ease on economi 
</topic_text>
<spam_score>0.15</spam_score>
<post_num>1</post_num>
<post_id>post-1</post_id>
<post_url>http://www.philly.com/philly/wires/reuters/news/report/391710061.html</post_url>
<post_date>20160830</post_date>
<post_time></post_time>
<username></username>
<post>
UPDATE 6-France&apos;s Macron resigns in step to prepare for run at presidency Updated: August 30, 2016 — 3:05 PM EDT Share 
* Young, new to politics, Macron has beaten the odds before (Updates with comments on t 
But while at ease on economi 
</post>
<signature>

</signature>
<external_links>

</external_links>
<country>US</country>
<main_image>http://media.philly.com/designimages/pcom-FB.jpg</main_image>
</document>
