<?xml version="1.0" encoding="UTF-8"?>
<document>
<type>mainstream</type>
<forum>http://saida.tv/feed</forum>
<forum_title>Saida.tv</forum_title>
<discussion_title>خبر سارّ.. وسادة تمنع الشخير!</discussion_title>
<language>arabic</language>
<gmt_offset></gmt_offset>
<topic_url>http://saida.tv/%d8%ae%d8%a8%d8%b1-%d8%b3%d8%a7%d8%b1%d9%91-%d9%88%d8%b3%d8%a7%d8%af%d8%a9-%d8%aa%d9%85%d9%86%d8%b9-%d8%a7%d9%84%d8%b4%d8%ae%d9%8a%d8%b1/</topic_url>
<topic_text>
  صحة » خبر سارّ.. وسادة تمنع الشخير! خبر سارّ.. وسادة تمنع الشخير! كتب في : أغسطس 30, 2016 في صحة 
ابتكرت شركة أمريكية وسادة ذكية تحمل اسم ” Zeeq” تساعد مستخدمها على التخفيف من الشخير الصادر منه في أثناء النوم. 

وترتبط الوسادة بهاتف المستخدم عبر تطبيق متاح على نظامي التشغيل أندرويد و iOS، ويمكن للوسادة بث الموسيقى المفضلة للمستخدم عبر سماعات ترتبط بالهاتف الذكي عن طريق البلوتوث. 

كما يمكن للوسادة تتبع نوم المستخدم وتحسينه عن طريق أجهزة استشعار للصوت والحركة مدمجة بالوسادة، وتنظيم تحريك الرأس من دون أن يشعر النائم عن طريق التطبيق الذي يسهل عليه معرفة الوضع الذي يقل فيه الشخير. 

وتستطيع الوسادة تسجيل المنحنيات البيانية التي تدل على عمق نوم الشخص الذي يعاني من الشخير في أثناء نومه، وتسجيل أوقات الشخير وارتفاع تردداته، ومن ثم تحليل جميع تلك البيانات وتقديم نتائجها من خلال التطبيق. 

وتتوافر الوسادة الذكية على موقع “Kickstarter” حيث يمكن للراغبين في نوم هانئ طلب المنتج بمبلغ ما بين 150 و200 دولار، فيما يقوم الموقع بجمع التمويل لانتاج وسادة “Zeeq” هذه. وقد وصل المبلغ المتبرع به حتى الساعة إلى 220 ألف دولار.
</topic_text>
<spam_score>0.00</spam_score>
<post_num>1</post_num>
<post_id>post-1</post_id>
<post_url>http://saida.tv/%d8%ae%d8%a8%d8%b1-%d8%b3%d8%a7%d8%b1%d9%91-%d9%88%d8%b3%d8%a7%d8%af%d8%a9-%d8%aa%d9%85%d9%86%d8%b9-%d8%a7%d9%84%d8%b4%d8%ae%d9%8a%d8%b1/</post_url>
<post_date>20160830</post_date>
<post_time>1820</post_time>
<username>Saida.tv</username>
<post>
  صحة » خبر سارّ.. وسادة تمنع الشخير! خبر سارّ.. وسادة تمنع الشخير! كتب في : أغسطس 30, 2016 في صحة 
ابتكرت شركة أمريكية وسادة ذكية تحمل اسم ” Zeeq” تساعد مستخدمها على التخفيف من الشخير الصادر منه في أثناء النوم. 

وترتبط الوسادة بهاتف المستخدم عبر تطبيق متاح على نظامي التشغيل أندرويد و iOS، ويمكن للوسادة بث الموسيقى المفضلة للمستخدم عبر سماعات ترتبط بالهاتف الذكي عن طريق البلوتوث. 

كما يمكن للوسادة تتبع نوم المستخدم وتحسينه عن طريق أجهزة استشعار للصوت والحركة مدمجة بالوسادة، وتنظيم تحريك الرأس من دون أن يشعر النائم عن طريق التطبيق الذي يسهل عليه معرفة الوضع الذي يقل فيه الشخير. 

وتستطيع الوسادة تسجيل المنحنيات البيانية التي تدل على عمق نوم الشخص الذي يعاني من الشخير في أثناء نومه، وتسجيل أوقات الشخير وارتفاع تردداته، ومن ثم تحليل جميع تلك البيانات وتقديم نتائجها من خلال التطبيق. 

وتتوافر الوسادة الذكية على موقع “Kickstarter” حيث يمكن للراغبين في نوم هانئ طلب المنتج بمبلغ ما بين 150 و200 دولار، فيما يقوم الموقع بجمع التمويل لانتاج وسادة “Zeeq” هذه. وقد وصل المبلغ المتبرع به حتى الساعة إلى 220 ألف دولار.
</post>
<signature>

</signature>
<external_links>

</external_links>
<country>TV</country>
<main_image>http://saida.tv/wp-content/uploads/2016/08/160830122007643~mkhade.jpg</main_image>
</document>
