<?xml version="1.0" encoding="UTF-8"?>
<document>
<type>mainstream</type>
<forum>http://www.appledaily.com.tw/rss/create/kind/rnews/type/video</forum>
<forum_title>&lt;&lt;蘋果日報&gt;&gt;即時新聞-影片</forum_title>
<discussion_title>雷霆備戰「後杜蘭特時代」 交易勞佛恩補強</discussion_title>
<language>chineset</language>
<gmt_offset></gmt_offset>
<topic_url>http://www.appledaily.com.tw/realtimenews/article/new/20160831/939191/</topic_url>
<topic_text>
分享到 Facebook 分享到 Plurk 分享到 Twitter 2016年08月31日08:42 雷霆今年季外遭受前一哥杜蘭特(Kevin Durant)出走至勇士的嚴重打擊，今和金塊進行球員交易，換進法國國家隊主力前鋒勞佛尼(Joffrey Lauvergne)，續補強杜蘭特走人後的鋒線戰力空缺。雷霆在這筆交易中送給金塊2個未來第2輪選秀權。勞佛尼身高210公分，年紀僅24歲，NBA球齡2年，本季平均7.9分與4.9籃板，並代表法國男籃參加今年里約奧運，擔綱主力替補，平均9.8分與4.2籃板。雷霆在杜蘭特出走後，另外還簽下23歲西班牙新生代小前鋒艾布林內斯(Alex Abrines)，他是雷霆在2013年第2輪相中的新秀，今年也有代表西班牙男籃參加里約奧運，但只出賽3場，平均2.3分。（蔡裕隆／綜合報導） 【更多體育新聞訊息，請加入 《蘋果運動超級吧》 粉絲團】 【想知道更多，一定要看……】
</topic_text>
<spam_score>0.00</spam_score>
<post_num>1</post_num>
<post_id>post-1</post_id>
<post_url>http://www.appledaily.com.tw/realtimenews/article/new/20160831/939191/</post_url>
<post_date>20160831</post_date>
<post_time>0042</post_time>
<username></username>
<post>
分享到 Facebook 分享到 Plurk 分享到 Twitter 2016年08月31日08:42 雷霆今年季外遭受前一哥杜蘭特(Kevin Durant)出走至勇士的嚴重打擊，今和金塊進行球員交易，換進法國國家隊主力前鋒勞佛尼(Joffrey Lauvergne)，續補強杜蘭特走人後的鋒線戰力空缺。雷霆在這筆交易中送給金塊2個未來第2輪選秀權。勞佛尼身高210公分，年紀僅24歲，NBA球齡2年，本季平均7.9分與4.9籃板，並代表法國男籃參加今年里約奧運，擔綱主力替補，平均9.8分與4.2籃板。雷霆在杜蘭特出走後，另外還簽下23歲西班牙新生代小前鋒艾布林內斯(Alex Abrines)，他是雷霆在2013年第2輪相中的新秀，今年也有代表西班牙男籃參加里約奧運，但只出賽3場，平均2.3分。（蔡裕隆／綜合報導） 【更多體育新聞訊息，請加入 《蘋果運動超級吧》 粉絲團】 【想知道更多，一定要看……】
</post>
<signature>

</signature>
<external_links>

</external_links>
<country>TW</country>
<main_image>http://twimg.edgesuite.net/images/ReNews/20160831/640_5dce055d0fac47246a9b847ed32d1adb.jpg</main_image>
</document>
