<?xml version="1.0" encoding="UTF-8"?>
<document>
<type>mainstream</type>
<forum></forum>
<forum_title></forum_title>
<discussion_title>Vladimir Putin _ not THAT Vladimir Putin _ nabbed in Florida</discussion_title>
<language>english</language>
<gmt_offset></gmt_offset>
<topic_url>http://www.philly.com/philly/wires/ap/news/391764381.html</topic_url>
<topic_text>
Vladimir Putin _ not THAT Vladimir Putin _ nabbed in Florida Updated: August 30, 2016 — 12:25 PM EDT Share Close icon The Associated Press 
WEST PALM BEACH, Fla. (AP) - Vladimir Putin has been arrested at a Florida supermarket. No, not THAT Vladimir Putin. 
Police in West Palm Beach say a 48-year-old man who shares the name of the Russian president was arrested at a Publix supermarket in the city&apos;s downtown on Aug. 21. Police say Putin was screaming at employees and refused to leave the store. 
Records with the Palm Beach County sheriff&apos;s office show he&apos;s charged with trespassing and resisting an officer without violence. 
Putin appeared in court Monday morning and was released on his own recognizance. 
Court records do not list an address for him. Sheriff&apos;s Deputy Eric Davis says he didn&apos;t know if Putin had a lawyer. Published: 
</topic_text>
<spam_score>0.27</spam_score>
<post_num>1</post_num>
<post_id>post-1</post_id>
<post_url>http://www.philly.com/philly/wires/ap/news/391764381.html</post_url>
<post_date>20160830</post_date>
<post_time></post_time>
<username>The Associated Press</username>
<post>
Vladimir Putin _ not THAT Vladimir Putin _ nabbed in Florida Updated: August 30, 2016 — 12:25 PM EDT Share Close icon The Associated Press 
WEST PALM BEACH, Fla. (AP) - Vladimir Putin has been arrested at a Florida supermarket. No, not THAT Vladimir Putin. 
Police in West Palm Beach say a 48-year-old man who shares the name of the Russian president was arrested at a Publix supermarket in the city&apos;s downtown on Aug. 21. Police say Putin was screaming at employees and refused to leave the store. 
Records with the Palm Beach County sheriff&apos;s office show he&apos;s charged with trespassing and resisting an officer without violence. 
Putin appeared in court Monday morning and was released on his own recognizance. 
Court records do not list an address for him. Sheriff&apos;s Deputy Eric Davis says he didn&apos;t know if Putin had a lawyer. Published: 
</post>
<signature>

</signature>
<external_links>

</external_links>
<country>US</country>
<main_image>http://media.philly.com/designimages/pcom-FB.jpg</main_image>
</document>
