<?xml version="1.0" encoding="UTF-8"?>
<document>
<type>mainstream</type>
<forum>http://products4engineers.nl//rss.php</forum>
<forum_title>Products4Engineers - RSS Actuele producten</forum_title>
<discussion_title>FSM Electronics drukverschil calibrator DPC 01</discussion_title>
<language>dutch</language>
<gmt_offset></gmt_offset>
<topic_url>http://www.products4engineers.nl/instrumentatie-meten-regelen-testen/kalibratieappartuur-ijkapparatuur/pid38684-fsm-electronics-drukverschil-calibrator-dpc-01.html</topic_url>
<topic_text>
FSM Electronics drukverschil calibrator DPC 01 Laag en ultralaag, met automatische ingebouwde drukgever 
De DPC 01 drukverschil calibrator meet en genereerd drukken met als kleinste bereik 1 HPa. Hij is voorzien van een ingebouwde electronische drukpomp voor het eenvoudig genereren van de ingestelde testdruk. 
De DPC 01 kan als calibrator of als micromanometer worden toegepast en heeft een nauwkeurigheid van 0,1%. Het instrument is verder voorzien van een automatische Nul funktie, ingebouwde Accu pack en USB interface. Het apparaat is uitermate geschikt voor het kalibreren van lage- en ultralage drukverschil zenders, Clean Room transmitters en lagedruk schakelaars. Deze informatie is door de leverancier zelf geplaatst.
</topic_text>
<spam_score>0.00</spam_score>
<post_num>1</post_num>
<post_id>post-1</post_id>
<post_url>http://www.products4engineers.nl/instrumentatie-meten-regelen-testen/kalibratieappartuur-ijkapparatuur/pid38684-fsm-electronics-drukverschil-calibrator-dpc-01.html</post_url>
<post_date>20160829</post_date>
<post_time>1053</post_time>
<username></username>
<post>
FSM Electronics drukverschil calibrator DPC 01 Laag en ultralaag, met automatische ingebouwde drukgever 
De DPC 01 drukverschil calibrator meet en genereerd drukken met als kleinste bereik 1 HPa. Hij is voorzien van een ingebouwde electronische drukpomp voor het eenvoudig genereren van de ingestelde testdruk. 
De DPC 01 kan als calibrator of als micromanometer worden toegepast en heeft een nauwkeurigheid van 0,1%. Het instrument is verder voorzien van een automatische Nul funktie, ingebouwde Accu pack en USB interface. Het apparaat is uitermate geschikt voor het kalibreren van lage- en ultralage drukverschil zenders, Clean Room transmitters en lagedruk schakelaars. Deze informatie is door de leverancier zelf geplaatst.
</post>
<signature>

</signature>
<external_links>

</external_links>
<country>NL</country>
<main_image></main_image>
</document>
