<?xml version="1.0" encoding="UTF-8"?>
<document>
<type>mainstream</type>
<forum>http://www.arabianbusiness.com/?service=rss</forum>
<forum_title>Arabian Business - Home</forum_title>
<discussion_title>Gulf investors targets for $204m French Riviera project</discussion_title>
<language>english</language>
<gmt_offset></gmt_offset>
<topic_url>http://www.arabianbusiness.com/gulf-investors-targets-for-204m-french-riviera-project-643992.html</topic_url>
<topic_text>
Gulf investors targets for $204m French Riviera project Article By Tuesday, 30 August 2016 3:53 PM 
Parc du Cap, a AED750 million ($204 million) project on the French Riviera by Caudwell Collection, is to be unveiled to potential Middle East investors at Cityscape Global next month. 
Real estate consultancy Core Savills will reveal the full details of the exclusive residential and spa development to would-be-buyers on September 6-8. 
Parc du Cap comprises 88 apartments ranging from one bedroom to four bedroom penthouses and the two five-storey buildings are set in landscaped gardens surrounding the outdoor swimming pool. 
David Godchaux, CEO, Core Savills, said: “Historically the south of France has been very popular with investors from the Middle East, with many of our clients expressing interest on a regular basis. Despite this, it is rare for us to see a development of this great quality. 
&quot;We are confident it will be very well received by GCC investors who are already familiar with this part of France and who can appreciate the uniqueness of the project.” 
A survey earlier this year revealed over 61 percent of the UAE’s wealthiest individuals expected to make overseas property investments this year. 
Each of the apartments have private terraces, some of which have sea views, while the penthouses have a private swimming pool on the roof top with panoramic views of the Côte d’Azur. 
The spa area includes outdoor and indoor swimming pools, Jacuzzi, steam room, ice room and gym. There are also private massage and treatment rooms for residents wishing to book a spa treatment and a tennis court. 
Rod Taylor, director, Savills International developments, said: “We are seeing strong interest from Middle East investors – both from buyers looking to take multiple units for family use and from investors looking to diversify their property portfolio. 
One bedroom apartments are priced from €597,500 and the penthouses from €4,750,000.
</topic_text>
<spam_score>0.00</spam_score>
<post_num>1</post_num>
<post_id>post-1</post_id>
<post_url>http://www.arabianbusiness.com/gulf-investors-targets-for-204m-french-riviera-project-643992.html</post_url>
<post_date>20160830</post_date>
<post_time>1153</post_time>
<username></username>
<post>
Gulf investors targets for $204m French Riviera project Article By Tuesday, 30 August 2016 3:53 PM 
Parc du Cap, a AED750 million ($204 million) project on the French Riviera by Caudwell Collection, is to be unveiled to potential Middle East investors at Cityscape Global next month. 
Real estate consultancy Core Savills will reveal the full details of the exclusive residential and spa development to would-be-buyers on September 6-8. 
Parc du Cap comprises 88 apartments ranging from one bedroom to four bedroom penthouses and the two five-storey buildings are set in landscaped gardens surrounding the outdoor swimming pool. 
David Godchaux, CEO, Core Savills, said: “Historically the south of France has been very popular with investors from the Middle East, with many of our clients expressing interest on a regular basis. Despite this, it is rare for us to see a development of this great quality. 
&quot;We are confident it will be very well received by GCC investors who are already familiar with this part of France and who can appreciate the uniqueness of the project.” 
A survey earlier this year revealed over 61 percent of the UAE’s wealthiest individuals expected to make overseas property investments this year. 
Each of the apartments have private terraces, some of which have sea views, while the penthouses have a private swimming pool on the roof top with panoramic views of the Côte d’Azur. 
The spa area includes outdoor and indoor swimming pools, Jacuzzi, steam room, ice room and gym. There are also private massage and treatment rooms for residents wishing to book a spa treatment and a tennis court. 
Rod Taylor, director, Savills International developments, said: “We are seeing strong interest from Middle East investors – both from buyers looking to take multiple units for family use and from investors looking to diversify their property portfolio. 
One bedroom apartments are priced from €597,500 and the penthouses from €4,750,000.
</post>
<signature>

</signature>
<external_links>

</external_links>
<country>US</country>
<main_image>http://www.arabianbusiness.com/incoming/article643991.ece/BINARY/parc_du_cap.jpg</main_image>
</document>
