<?xml version="1.0" encoding="UTF-8"?>
<document>
<type>mainstream</type>
<forum></forum>
<forum_title></forum_title>
<discussion_title>Ex-Guantanamo detainee returns to Uruguay from Venezuela</discussion_title>
<language>english</language>
<gmt_offset></gmt_offset>
<topic_url>http://www.philly.com/philly/news/nation_world/20160830_ap_17c8a484a6c74048bb3e62c9ced2cc8d.html</topic_url>
<topic_text>
Ex-Guantanamo detainee returns to Uruguay from Venezuela Updated: August 30, 2016 — 2:52 PM EDT Share 1:08 AM FILE - In this June 5, 2015 file photo, Abu Wa&apos;el Dhiab, from Syria, right, and Adel bin Muhammad El Ouerghi, of Tunisia, both freed Guantanamo Bay detainees, stand next to the window of their shared home in Montevideo, Uruguay. Dhiab who went missing for weeks and later resurfaced in Venezuela has now returned to Uruguay, authorities in the South American country said Tuesday, Aug. 30, 2016. (AP Photo/Matilde Campodonico, File) by The Associated Press Close icon The Associated Press 
MONTEVIDEO, Uruguay (AP) - A resettled Guantanamo prisoner who went missing for weeks and later resurfaced in Venezuela has now been deported back to Uruguay, authorities in the South American country said Tuesday. 
Syrian native Abu Wa&apos;el Dhiab &quot;has arrived and is well,&quot; said Christian Mirza, the Uruguayan government-appointed liaison with the former Guantanamo prisoners. Mirza said authorities planned to talk with him in the coming hours. 
Dhiab was among six former Guantanamo prisoners who were resettled in Uruguay after being released by U.S. authorities in 2014. 
When Dhiab went missing in July, it alarmed neighboring countries and brought recriminations from U.S. lawmakers. Dhiab later popped up in the Venezuelan capital. 
The disappearance raised questions about how closely countries that resettle former Guantanamo inmates should watch them, and for how long, as the United States prepares to release more prisoners. 
Dhiab was deported back to Uruguay early Tuesday, Mirza said. 
Foreign Minister Rodolfo Nin Novoa told local radio Universal that Dhiab is not suffering from any clinical condition, but was being checked at a hospital in Montevideo as a precautionary measure. 
After being seen along the border with Brazil, Dhiab left Uruguay at the beginning of July without passing through immigration control points. He showed up on July 27 at the Uruguayan consulate in Caracas, where he expressed his intention to travel to Turkey or another third country in hopes of reuniting with his family. 
&quot;He clearly expressed that in no case was it his interest to return to Uruguay, but he required the help of our country&quot; to reach his aim, a statement from the Uruguayan foreign ministry said. 
In an earlier interview with the weekly newsmagazine Busqueda, Dhiab said he was never a terrorist but that he later came to sympathize with al-Qaida because of the harsh treatment he received at Guantanamo. He also accused Uruguay of breaking its commitment to bring his family. 
The six former Guantanamo prisoners - four Syrians, a Tunisian and a Palestinian - arrived in Uruguay in December 2014 as a humanitarian gesture by then-President Jose Mujica. Published: 
</topic_text>
<spam_score>0.73</spam_score>
<post_num>1</post_num>
<post_id>post-1</post_id>
<post_url>http://www.philly.com/philly/news/nation_world/20160830_ap_17c8a484a6c74048bb3e62c9ced2cc8d.html</post_url>
<post_date>20160830</post_date>
<post_time></post_time>
<username>The Associated Press</username>
<post>
Ex-Guantanamo detainee returns to Uruguay from Venezuela Updated: August 30, 2016 — 2:52 PM EDT Share 1:08 AM FILE - In this June 5, 2015 file photo, Abu Wa&apos;el Dhiab, from Syria, right, and Adel bin Muhammad El Ouerghi, of Tunisia, both freed Guantanamo Bay detainees, stand next to the window of their shared home in Montevideo, Uruguay. Dhiab who went missing for weeks and later resurfaced in Venezuela has now returned to Uruguay, authorities in the South American country said Tuesday, Aug. 30, 2016. (AP Photo/Matilde Campodonico, File) by The Associated Press Close icon The Associated Press 
MONTEVIDEO, Uruguay (AP) - A resettled Guantanamo prisoner who went missing for weeks and later resurfaced in Venezuela has now been deported back to Uruguay, authorities in the South American country said Tuesday. 
Syrian native Abu Wa&apos;el Dhiab &quot;has arrived and is well,&quot; said Christian Mirza, the Uruguayan government-appointed liaison with the former Guantanamo prisoners. Mirza said authorities planned to talk with him in the coming hours. 
Dhiab was among six former Guantanamo prisoners who were resettled in Uruguay after being released by U.S. authorities in 2014. 
When Dhiab went missing in July, it alarmed neighboring countries and brought recriminations from U.S. lawmakers. Dhiab later popped up in the Venezuelan capital. 
The disappearance raised questions about how closely countries that resettle former Guantanamo inmates should watch them, and for how long, as the United States prepares to release more prisoners. 
Dhiab was deported back to Uruguay early Tuesday, Mirza said. 
Foreign Minister Rodolfo Nin Novoa told local radio Universal that Dhiab is not suffering from any clinical condition, but was being checked at a hospital in Montevideo as a precautionary measure. 
After being seen along the border with Brazil, Dhiab left Uruguay at the beginning of July without passing through immigration control points. He showed up on July 27 at the Uruguayan consulate in Caracas, where he expressed his intention to travel to Turkey or another third country in hopes of reuniting with his family. 
&quot;He clearly expressed that in no case was it his interest to return to Uruguay, but he required the help of our country&quot; to reach his aim, a statement from the Uruguayan foreign ministry said. 
In an earlier interview with the weekly newsmagazine Busqueda, Dhiab said he was never a terrorist but that he later came to sympathize with al-Qaida because of the harsh treatment he received at Guantanamo. He also accused Uruguay of breaking its commitment to bring his family. 
The six former Guantanamo prisoners - four Syrians, a Tunisian and a Palestinian - arrived in Uruguay in December 2014 as a humanitarian gesture by then-President Jose Mujica. Published: 
</post>
<signature>

</signature>
<external_links>

</external_links>
<country>US</country>
<main_image>http://media.philly.com/images/17c8a484a6c74048bb3e62c9ced2cc8d-d0657058be684d4cb435ba0bf9b616de.jpg</main_image>
</document>
