<?xml version="1.0" encoding="UTF-8"?>
<document>
<type>mainstream</type>
<forum></forum>
<forum_title></forum_title>
<discussion_title>New Jersey Governor Christie vetoes minimum wage hike to $15/hr</discussion_title>
<language>english</language>
<gmt_offset></gmt_offset>
<topic_url>http://www.philly.com/philly/wires/reuters/news/politics/391780741.html</topic_url>
<topic_text>
New Jersey Governor Christie vetoes minimum wage hike to $15/hr Updated: August 30, 2016 — 3:02 PM EDT Share Reuters 
By Hilary Russ 
(Reuters) - New Jersey Governor Chris Christie on Tuesday vetoed a bill to raise the state&apos;s minimum wage to $15 per hour over the next five years. 
The legislation would have made New Jersey the third state to adopt a $15 per hour minimum wage, Christie said in a statement. 
State voters agreed to a previous wage hike in 2013, to $8.25 from $7.25. New Jersey&apos;s rate is tied to the consumer price index and is now at $8.38, according to a database from the National Conference of State Legislatures (NCSL). 
&quot;Despite having a constitutional mandate in place, the legislature now wants to increase the minimum wage by almost 80 percent just three years later,&quot; Christie said in a statement about his veto. 
Christie, a close ally of Republican presidential nominee Donald Trump, said the wage bill passed by Democrats, who control both houses of state legislature, failed to consider the ability of businesses to absorb the increased labor costs. 
Neighboring New York State, as well as California, became the first states to lift the minimum wage toward $15 earlier this year. 
While California&apos;s higher rate will be in effect statewide by 2022, New York created a two-speed system, with different timetables for New York City and nearby counties, versus the &quot;upstate&quot; regions where incomes are lower and labor markets less robust. 
Some cities are also stepping up to higher wage levels. Washington, D.C.&apos;s minimum wage will reach $15 per hour by July 1, 2020, after it enacted a law this year. The city&apos;s current level is $10.50. 
Washington and 29 states have set minimum wages above the federal rate of $7.25 an hour, according to the NCSL. 
Michele Siekerka, president of the New Jersey Business &amp; Industry Association, praised Christie&apos;s veto, saying the increase was &quot;too much too fast.&quot; 
&quot;Had this bill been signed, it would not only have hurt the New Jersey economy, but it would have hurt the exact workers the proponents of this policy are trying to help,&quot; she said in a statement. 
Assembly Speaker Vincent Prieto, lead sponsor of the bill, said in a statement the wage increase is a key component to Democrats&apos; strategy to combat poverty. 
&quot;A substantial minimum wage increase will help lift countless families out of poverty, decrease government dependency and boost commerce by pumping more dollars back into the economy,&quot; he said. 
(Reporting by Hilary Russ in New York; Editing by Chris Reese) More Coverage 
</topic_text>
<spam_score>0.00</spam_score>
<post_num>1</post_num>
<post_id>post-1</post_id>
<post_url>http://www.philly.com/philly/wires/reuters/news/politics/391780741.html</post_url>
<post_date>20160830</post_date>
<post_time></post_time>
<username>Hilary Russ</username>
<post>
New Jersey Governor Christie vetoes minimum wage hike to $15/hr Updated: August 30, 2016 — 3:02 PM EDT Share Reuters 
By Hilary Russ 
(Reuters) - New Jersey Governor Chris Christie on Tuesday vetoed a bill to raise the state&apos;s minimum wage to $15 per hour over the next five years. 
The legislation would have made New Jersey the third state to adopt a $15 per hour minimum wage, Christie said in a statement. 
State voters agreed to a previous wage hike in 2013, to $8.25 from $7.25. New Jersey&apos;s rate is tied to the consumer price index and is now at $8.38, according to a database from the National Conference of State Legislatures (NCSL). 
&quot;Despite having a constitutional mandate in place, the legislature now wants to increase the minimum wage by almost 80 percent just three years later,&quot; Christie said in a statement about his veto. 
Christie, a close ally of Republican presidential nominee Donald Trump, said the wage bill passed by Democrats, who control both houses of state legislature, failed to consider the ability of businesses to absorb the increased labor costs. 
Neighboring New York State, as well as California, became the first states to lift the minimum wage toward $15 earlier this year. 
While California&apos;s higher rate will be in effect statewide by 2022, New York created a two-speed system, with different timetables for New York City and nearby counties, versus the &quot;upstate&quot; regions where incomes are lower and labor markets less robust. 
Some cities are also stepping up to higher wage levels. Washington, D.C.&apos;s minimum wage will reach $15 per hour by July 1, 2020, after it enacted a law this year. The city&apos;s current level is $10.50. 
Washington and 29 states have set minimum wages above the federal rate of $7.25 an hour, according to the NCSL. 
Michele Siekerka, president of the New Jersey Business &amp; Industry Association, praised Christie&apos;s veto, saying the increase was &quot;too much too fast.&quot; 
&quot;Had this bill been signed, it would not only have hurt the New Jersey economy, but it would have hurt the exact workers the proponents of this policy are trying to help,&quot; she said in a statement. 
Assembly Speaker Vincent Prieto, lead sponsor of the bill, said in a statement the wage increase is a key component to Democrats&apos; strategy to combat poverty. 
&quot;A substantial minimum wage increase will help lift countless families out of poverty, decrease government dependency and boost commerce by pumping more dollars back into the economy,&quot; he said. 
(Reporting by Hilary Russ in New York; Editing by Chris Reese) More Coverage 
</post>
<signature>

</signature>
<external_links>

</external_links>
<country>US</country>
<main_image>http://media.philly.com/images/2016-08-30T190220Z_1_LYNXNPEC7T1HN_RTROPTP_3_USA-ELECTION-REPUBLICANS.JPG</main_image>
</document>
