<?xml version="1.0" encoding="UTF-8"?>
<document>
<type>mainstream</type>
<forum>http://www.bignewsnetwork.com/index.php/nav/rss/b9f388ba82df9ba1</forum>
<forum_title>Latest Big News Network RSS Feeds</forum_title>
<discussion_title>Adec hosts occupational safety and health workshop for school staff</discussion_title>
<language>english</language>
<gmt_offset></gmt_offset>
<topic_url>http://www.bignewsnetwork.com/news/247208687/adec-hosts-occupational-safety-and-health-workshop-for-school-staff</topic_url>
<topic_text>
The National Wednesday 31st August, 2016 ABU DHABI // More than 450 occupational safety and health (OSH) officers from public and private schools across the emirate took part in an awareness workshop hosted by the Abu Dhabi Education Council.The workshops, delivered in Abu Dhabi, Al Ain and the Western Region, delivered the basic rules and requirements of Occupational Safety and Health Abu Dhabi System Framework (OSHAD SF).&quot;A safe, secure and healthy school environment that adheres to OSHAD SF requirements is crucial for us as an education council, and adds credibility to all the work we do,&quot; said Khaled Al Ansari, School Services Di...
</topic_text>
<spam_score>0.00</spam_score>
<post_num>1</post_num>
<post_id>post-1</post_id>
<post_url>http://www.bignewsnetwork.com/news/247208687/adec-hosts-occupational-safety-and-health-workshop-for-school-staff</post_url>
<post_date>20160830</post_date>
<post_time>1651</post_time>
<username></username>
<post>
The National Wednesday 31st August, 2016 ABU DHABI // More than 450 occupational safety and health (OSH) officers from public and private schools across the emirate took part in an awareness workshop hosted by the Abu Dhabi Education Council.The workshops, delivered in Abu Dhabi, Al Ain and the Western Region, delivered the basic rules and requirements of Occupational Safety and Health Abu Dhabi System Framework (OSHAD SF).&quot;A safe, secure and healthy school environment that adheres to OSHAD SF requirements is crucial for us as an education council, and adds credibility to all the work we do,&quot; said Khaled Al Ansari, School Services Di...
</post>
<signature>

</signature>
<external_links>

</external_links>
<country>US</country>
<main_image>http://static.bignewsnetwork.com/bignewsnetwork/big-news-network-slogan.jpg</main_image>
</document>
