<?xml version="1.0" encoding="UTF-8"?>
<document>
<type>mainstream</type>
<forum></forum>
<forum_title></forum_title>
<discussion_title>COLUMN-Kiss it goodbye, the great buyback boom is on the wane: James Saft</discussion_title>
<language>english</language>
<gmt_offset></gmt_offset>
<topic_url>http://www.philly.com/philly/wires/reuters/business/report/391776621.html</topic_url>
<topic_text>
COLUMN-Kiss it goodbye, the great buyback boom is on the wane: James Saft Updated: August 30, 2016 — 3:00 PM EDT Share 
(The opinions expressed here are those of the author, a columnist for Reuters.) 
By James Saft 
Aug 30 (Reuters) - The great stock buyback boom may be on the wane, undermined by falling company earnings. 
U.S. company stock buybacks are down 21 percent in the first seven months of 2016 compared to the same period a year earlier, according to TrimTabs Investment Research, a fall driven in part by five consecutive quarters of year-over-year earnings declines among S&amp;P 
Over the first six months of the year S&amp;P 
Companies have issued debt in such size that net debt compared to a standard measure of earnings is now at an all-time high for non-financial companies in the S&amp;P 
For the buyback boom 
</topic_text>
<spam_score>0.72</spam_score>
<post_num>1</post_num>
<post_id>post-1</post_id>
<post_url>http://www.philly.com/philly/wires/reuters/business/report/391776621.html</post_url>
<post_date>20160830</post_date>
<post_time></post_time>
<username></username>
<post>
COLUMN-Kiss it goodbye, the great buyback boom is on the wane: James Saft Updated: August 30, 2016 — 3:00 PM EDT Share 
(The opinions expressed here are those of the author, a columnist for Reuters.) 
By James Saft 
Aug 30 (Reuters) - The great stock buyback boom may be on the wane, undermined by falling company earnings. 
U.S. company stock buybacks are down 21 percent in the first seven months of 2016 compared to the same period a year earlier, according to TrimTabs Investment Research, a fall driven in part by five consecutive quarters of year-over-year earnings declines among S&amp;P 
Over the first six months of the year S&amp;P 
Companies have issued debt in such size that net debt compared to a standard measure of earnings is now at an all-time high for non-financial companies in the S&amp;P 
For the buyback boom 
</post>
<signature>

</signature>
<external_links>

</external_links>
<country>US</country>
<main_image>http://media.philly.com/designimages/pcom-FB.jpg</main_image>
</document>
