<?xml version="1.0" encoding="UTF-8"?>
<document>
<type>mainstream</type>
<forum>http://saida.tv/feed</forum>
<forum_title>Saida.tv</forum_title>
<discussion_title>حورية فرغلي تتعرض للسرقة وتقع في مأزق مع جمهورها</discussion_title>
<language>arabic</language>
<gmt_offset></gmt_offset>
<topic_url>http://saida.tv/%d8%ad%d9%88%d8%b1%d9%8a%d8%a9-%d9%81%d8%b1%d8%ba%d9%84%d9%8a-%d8%aa%d8%aa%d8%b9%d8%b1%d8%b6-%d9%84%d9%84%d8%b3%d8%b1%d9%82%d8%a9-%d9%88%d8%aa%d9%82%d8%b9-%d9%81%d9%8a-%d9%85%d8%a3%d8%b2%d9%82-%d9%85/</topic_url>
<topic_text>
  فن » حورية فرغلي تتعرض للسرقة وتقع في مأزق مع جمهورها حورية فرغلي تتعرض للسرقة وتقع في مأزق مع جمهورها كتب في : أغسطس 30, 2016 في فن 
كشفــت الممثلة المصريــة حــورية فرغلي أنها تعرضت للسرقة، حيث سرق هاتفها المحمول ما دفع سارقه لاختراق الحساب الخاص بها علــى «فيسبوك»، و«انستغرام»، والبريد الالكتروني الخاص بها. 
وطالبت فرغلي جمهورهــا بعــدم الرد على أي رسائل يتلقونها من رقمها الشخصي، بالإضافة إلى أنها وجهت رسالة إلى متابعيها على أن ما ينشر على صفحتها على «الفيسبوك» ليس لها علاقة به، مشيرة إلى أنها ستتخذ الإجراءات القانونية اللازمة.
</topic_text>
<spam_score>0.00</spam_score>
<post_num>1</post_num>
<post_id>post-1</post_id>
<post_url>http://saida.tv/%d8%ad%d9%88%d8%b1%d9%8a%d8%a9-%d9%81%d8%b1%d8%ba%d9%84%d9%8a-%d8%aa%d8%aa%d8%b9%d8%b1%d8%b6-%d9%84%d9%84%d8%b3%d8%b1%d9%82%d8%a9-%d9%88%d8%aa%d9%82%d8%b9-%d9%81%d9%8a-%d9%85%d8%a3%d8%b2%d9%82-%d9%85/</post_url>
<post_date>20160830</post_date>
<post_time>1800</post_time>
<username>Saida.tv</username>
<post>
  فن » حورية فرغلي تتعرض للسرقة وتقع في مأزق مع جمهورها حورية فرغلي تتعرض للسرقة وتقع في مأزق مع جمهورها كتب في : أغسطس 30, 2016 في فن 
كشفــت الممثلة المصريــة حــورية فرغلي أنها تعرضت للسرقة، حيث سرق هاتفها المحمول ما دفع سارقه لاختراق الحساب الخاص بها علــى «فيسبوك»، و«انستغرام»، والبريد الالكتروني الخاص بها. 
وطالبت فرغلي جمهورهــا بعــدم الرد على أي رسائل يتلقونها من رقمها الشخصي، بالإضافة إلى أنها وجهت رسالة إلى متابعيها على أن ما ينشر على صفحتها على «الفيسبوك» ليس لها علاقة به، مشيرة إلى أنها ستتخذ الإجراءات القانونية اللازمة.
</post>
<signature>

</signature>
<external_links>

</external_links>
<country>TV</country>
<main_image>http://saida.tv/wp-content/uploads/2016/08/160830054631728~680401-30899.jpg</main_image>
</document>
