<?xml version="1.0" encoding="UTF-8"?>
<document>
<type>mainstream</type>
<forum></forum>
<forum_title></forum_title>
<discussion_title>F1 Renault driver Magnussen expects to compete at Italian GP</discussion_title>
<language>english</language>
<gmt_offset></gmt_offset>
<topic_url>http://www.philly.com/philly/wires/ap/sports/391764371.html</topic_url>
<topic_text>
F1 Renault driver Magnussen expects to compete at Italian GP Updated: August 30, 2016 — 12:29 PM EDT Share Tumblr Email Renault driver Kevin Magnussen of Denmark, front, steers his car during the Belgian Formula One Grand Prix in Spa-Francorchamps, Belgium, Sunday, Aug. 28, 2016. (AP Photo/Geert Vanden Wijngaert) by The Associated Press Close icon The Associated Press 
GUYANCOURT, France (AP) - Formula One driver Kevin Magnussen expects to compete at this weekend&apos;s Italian Grand Prix after medical checks showed no serious injury to his left ankle following a crash at last weekend&apos;s Belgian GP. 
The Renault team said in a statement Tuesday that the 23-year-old Danish driver had &quot;no fracture or serious injury,&quot; adding that motorsport&apos;s governing body, the FIA, will &quot;confirm if Kevin is fit to compete following a final assessment on Thursday in Monza.&quot; 
Magnussen lost control of his Renault coming out of the top of the hill at Eau Rouge, spinning at speed and slamming backward into the barriers. He climbed out quickly but was noticeably hobbling and went to a local hospital for checks. 
Magnussen says &quot;I am sure I will be in the car this weekend.&quot; More Coverage 
</topic_text>
<spam_score>0.00</spam_score>
<post_num>1</post_num>
<post_id>post-1</post_id>
<post_url>http://www.philly.com/philly/wires/ap/sports/391764371.html</post_url>
<post_date>20160830</post_date>
<post_time></post_time>
<username>The Associated Press</username>
<post>
F1 Renault driver Magnussen expects to compete at Italian GP Updated: August 30, 2016 — 12:29 PM EDT Share Tumblr Email Renault driver Kevin Magnussen of Denmark, front, steers his car during the Belgian Formula One Grand Prix in Spa-Francorchamps, Belgium, Sunday, Aug. 28, 2016. (AP Photo/Geert Vanden Wijngaert) by The Associated Press Close icon The Associated Press 
GUYANCOURT, France (AP) - Formula One driver Kevin Magnussen expects to compete at this weekend&apos;s Italian Grand Prix after medical checks showed no serious injury to his left ankle following a crash at last weekend&apos;s Belgian GP. 
The Renault team said in a statement Tuesday that the 23-year-old Danish driver had &quot;no fracture or serious injury,&quot; adding that motorsport&apos;s governing body, the FIA, will &quot;confirm if Kevin is fit to compete following a final assessment on Thursday in Monza.&quot; 
Magnussen lost control of his Renault coming out of the top of the hill at Eau Rouge, spinning at speed and slamming backward into the barriers. He climbed out quickly but was noticeably hobbling and went to a local hospital for checks. 
Magnussen says &quot;I am sure I will be in the car this weekend.&quot; More Coverage 
</post>
<signature>

</signature>
<external_links>

</external_links>
<country>US</country>
<main_image>http://media.philly.com/images/2f4a7df502304215a8de6a19d3ea15db-ed764bd8f07840cc87e0c4c0c90a3c76.jpg</main_image>
</document>
