<?xml version="1.0" encoding="UTF-8"?>
<document>
<type>mainstream</type>
<forum></forum>
<forum_title></forum_title>
<discussion_title>Drought-hit Central America farmers save together to cope with climate change</discussion_title>
<language>english</language>
<gmt_offset></gmt_offset>
<topic_url>http://www.philly.com/philly/wires/reuters/news/report/391766331.html</topic_url>
<topic_text>
Drought-hit Central America farmers save together to cope with climate change Updated: August 30, 2016 — 1:45 PM EDT Share Thomson Reuters Foundation 
By Anastasia Moloney 
BOGOTA, Aug 30 (Thomson Reuters Foundation) - For Maria Francisca Ortiz, the drought that has gripped Honduras and decimated her last two harvests of beans and maize is the worst she can remember. 
But she clings on to the hope that recent rains will encourage the crops she planted last week to grow. 
&quot;Everything is uncertain,&quot; the 52-year-old, who has five children to feed, told the Thomson Reuters Foundation. 
&quot;It started to rain a bit four days ago but these days you don&apos;t know how long the rains will last and if it will rain enough to make sure I get a harvest in November,&quot; Ortiz said by telephone from Choluteca province in southern Honduras. 
Despite the uncertain future, Ortiz knows that if all else fails she has a safety net to help her withstand the drought. 
As a member of an association of 46 farmers, Ortiz can borrow money at low interest rates from a shared savings fund that she and her fellow members contribute to every month. 
Introduced by the United Nations Food and Agriculture Organization (FAO), the savings scheme has been adopted by 50 farmers&apos; associations in Honduras and Guatemala. 
Forty percent of the funds in each savings scheme is provided by the farmers, another 40 percent by the FAO and 20 percent is generated from the sale of textiles and other community projects. 
&quot;Our fund is working well and it has helped me get through the terrible, long drought that destroyed all my harvests last year. I lost everything,&quot; Ortiz said. 
Last year Ortiz borrowed $150 from the fund at an interest rate of 1 percent. 
&quot;It&apos;s very important for me because we have many needs and we are poor. I&apos;ve taken advantage of the fund and have bought food for the family and seeds,&quot; Ortiz said. 
PROLONGED DROUGHT 
Two consecutive years of severe drought linked to El Nino - a warming of the Pacific Ocean&apos;s surface that causes hot and drier conditions - have battered subsistence farmers in Central America&apos;s &quot;dry corridor&quot; running through Guatemala, El Salvador and Honduras. 
The drought has forced many families to cut meals. Around one in four Hondurans are affected by drought, according to the U.N. World Food Programme. 
Central America is one of the regions most vulnerable to extreme weather linked to climate change like hurricanes, floods and drought, the FAO says. 
&quot;It rains in three days what it should rain in three months and we are seeing very hot days,&quot; said Diego Perez, FAO field specialist in Honduras. 
The rural savings scheme is billed by the FAO as a crucial way of helping small scale farmers better cope with the drought and more frequent extreme weather. 
&quot;The fund helps farmers, especially subsistence farmers who rely 100 percent on agriculture for their livelihoods,&quot; Perez said. 
&quot;They don&apos;t have access to insurance and can&apos;t access credit at a traditional bank and afford their interest rates.&quot; 
Perez said small scale farmers were also adapting to climate change by planting crops that need less water to grow like cassava and cucumber. 
In 2014 and 2015, rural savings schemes in Guatemala and Honduras lent nearly $300,000 to its members, including money to deal with the drought. 
To take part in the initiative, farmer associations have to adopt good agricultural practices like planting trees and vegetable gardens, manage water better, set up community seed banks and stop slash-and-burn clearing. 
Farmers&apos; associations also need to have early warning systems in place and other ways to generate income, like selling handmade textiles and setting up community shops. 
Some farmers use loans to buy thread to make textiles they can then sell to supplement their income and put profits back into the fund. 
The savings scheme has also bolstered the participation of women in local communities and has made it easier for women to access loans, the FAO says. On average around 70 percent of members of the farmers associations are women. 
&quot;I feel I&apos;m important. I like participating in the fund, deciding how to spend the loan, and teaching my young children how to plant seeds,&quot; Ortiz said. (Reporting by Anastasia Moloney, editing by Katie Nguyen.; Please credit the Thomson Reuters Foundation, the charitable arm of Thomson Reuters, that covers humanitarian news, women&apos;s rights, trafficking, corruption and climate change. Visit http://news.trust.org) Published: August 30, 2016 — 1:45 PM EDT We encourage respectful comments but reserve the right to delete anything that doesn&apos;t contribute to an engaging dialogue Help us moderate this thread by flagging comments that violate our guidelines Help us learn more about Philly.com commenters. Click here to take this quick survey. Comment policy: 
Philly.com comments are intended to be civil, friendly conversations. Please treat other participants with respect and in a way that you would want to be treated. You are responsible for what you say. And please, stay on topic. If you see an objectionable post, please report it to us using the &quot;Report Abuse&quot; option. 
Please note that comments are monitored by Philly.com staff. We reserve the right at all times to remove any information or materials that are unlawful, threatening, abusive, libelous, defamatory, obscene, vulgar, pornographic, profane, indecent or otherwise objectionable. Personal attacks, especially on other participants, are not permitted. We reserve the right to permanently block any user who violates these terms and conditions. 
Additionally comments that are long, have multiple paragraph breaks, include code, or include hyperlinks may not be posted. 
</topic_text>
<spam_score>0.03</spam_score>
<post_num>1</post_num>
<post_id>post-1</post_id>
<post_url>http://www.philly.com/philly/wires/reuters/news/report/391766331.html</post_url>
<post_date>20160830</post_date>
<post_time></post_time>
<username>Thomson Reuters Foundation</username>
<post>
Drought-hit Central America farmers save together to cope with climate change Updated: August 30, 2016 — 1:45 PM EDT Share Thomson Reuters Foundation 
By Anastasia Moloney 
BOGOTA, Aug 30 (Thomson Reuters Foundation) - For Maria Francisca Ortiz, the drought that has gripped Honduras and decimated her last two harvests of beans and maize is the worst she can remember. 
But she clings on to the hope that recent rains will encourage the crops she planted last week to grow. 
&quot;Everything is uncertain,&quot; the 52-year-old, who has five children to feed, told the Thomson Reuters Foundation. 
&quot;It started to rain a bit four days ago but these days you don&apos;t know how long the rains will last and if it will rain enough to make sure I get a harvest in November,&quot; Ortiz said by telephone from Choluteca province in southern Honduras. 
Despite the uncertain future, Ortiz knows that if all else fails she has a safety net to help her withstand the drought. 
As a member of an association of 46 farmers, Ortiz can borrow money at low interest rates from a shared savings fund that she and her fellow members contribute to every month. 
Introduced by the United Nations Food and Agriculture Organization (FAO), the savings scheme has been adopted by 50 farmers&apos; associations in Honduras and Guatemala. 
Forty percent of the funds in each savings scheme is provided by the farmers, another 40 percent by the FAO and 20 percent is generated from the sale of textiles and other community projects. 
&quot;Our fund is working well and it has helped me get through the terrible, long drought that destroyed all my harvests last year. I lost everything,&quot; Ortiz said. 
Last year Ortiz borrowed $150 from the fund at an interest rate of 1 percent. 
&quot;It&apos;s very important for me because we have many needs and we are poor. I&apos;ve taken advantage of the fund and have bought food for the family and seeds,&quot; Ortiz said. 
PROLONGED DROUGHT 
Two consecutive years of severe drought linked to El Nino - a warming of the Pacific Ocean&apos;s surface that causes hot and drier conditions - have battered subsistence farmers in Central America&apos;s &quot;dry corridor&quot; running through Guatemala, El Salvador and Honduras. 
The drought has forced many families to cut meals. Around one in four Hondurans are affected by drought, according to the U.N. World Food Programme. 
Central America is one of the regions most vulnerable to extreme weather linked to climate change like hurricanes, floods and drought, the FAO says. 
&quot;It rains in three days what it should rain in three months and we are seeing very hot days,&quot; said Diego Perez, FAO field specialist in Honduras. 
The rural savings scheme is billed by the FAO as a crucial way of helping small scale farmers better cope with the drought and more frequent extreme weather. 
&quot;The fund helps farmers, especially subsistence farmers who rely 100 percent on agriculture for their livelihoods,&quot; Perez said. 
&quot;They don&apos;t have access to insurance and can&apos;t access credit at a traditional bank and afford their interest rates.&quot; 
Perez said small scale farmers were also adapting to climate change by planting crops that need less water to grow like cassava and cucumber. 
In 2014 and 2015, rural savings schemes in Guatemala and Honduras lent nearly $300,000 to its members, including money to deal with the drought. 
To take part in the initiative, farmer associations have to adopt good agricultural practices like planting trees and vegetable gardens, manage water better, set up community seed banks and stop slash-and-burn clearing. 
Farmers&apos; associations also need to have early warning systems in place and other ways to generate income, like selling handmade textiles and setting up community shops. 
Some farmers use loans to buy thread to make textiles they can then sell to supplement their income and put profits back into the fund. 
The savings scheme has also bolstered the participation of women in local communities and has made it easier for women to access loans, the FAO says. On average around 70 percent of members of the farmers associations are women. 
&quot;I feel I&apos;m important. I like participating in the fund, deciding how to spend the loan, and teaching my young children how to plant seeds,&quot; Ortiz said. (Reporting by Anastasia Moloney, editing by Katie Nguyen.; Please credit the Thomson Reuters Foundation, the charitable arm of Thomson Reuters, that covers humanitarian news, women&apos;s rights, trafficking, corruption and climate change. Visit http://news.trust.org) Published: August 30, 2016 — 1:45 PM EDT We encourage respectful comments but reserve the right to delete anything that doesn&apos;t contribute to an engaging dialogue Help us moderate this thread by flagging comments that violate our guidelines Help us learn more about Philly.com commenters. Click here to take this quick survey. Comment policy: 
Philly.com comments are intended to be civil, friendly conversations. Please treat other participants with respect and in a way that you would want to be treated. You are responsible for what you say. And please, stay on topic. If you see an objectionable post, please report it to us using the &quot;Report Abuse&quot; option. 
Please note that comments are monitored by Philly.com staff. We reserve the right at all times to remove any information or materials that are unlawful, threatening, abusive, libelous, defamatory, obscene, vulgar, pornographic, profane, indecent or otherwise objectionable. Personal attacks, especially on other participants, are not permitted. We reserve the right to permanently block any user who violates these terms and conditions. 
Additionally comments that are long, have multiple paragraph breaks, include code, or include hyperlinks may not be posted. 
</post>
<signature>

</signature>
<external_links>

</external_links>
<country>US</country>
<main_image>http://media.philly.com/designimages/pcom-FB.jpg</main_image>
</document>
