<?xml version="1.0" encoding="UTF-8"?>
<document>
<type>mainstream</type>
<forum>http://rzeszowiak.pl//rss/Praca-Zatrudnie.xml</forum>
<forum_title>Praca www.rzeszowiak.pl</forum_title>
<discussion_title>Restauracja KRYJÓWKA zatrudni ...</discussion_title>
<language>polish</language>
<gmt_offset></gmt_offset>
<topic_url>http://www.rzeszowiak.pl/restauracja-kryjowka-w-rzeszowie-poszukuje-osob-z-doswiadczeniem-8331114</topic_url>
<topic_text>
Aplikację wraz ze zdjęciem proszę kierować na adres e-mail : [email Zainteresowane osoby mogą dowiedzieć się więcej o naszej Restauracji na stroniewww.kryjowka.euSkontaktujemy się z wybranymi osobami.Zapraszamy
</topic_text>
<spam_score>0.00</spam_score>
<post_num>1</post_num>
<post_id>post-1</post_id>
<post_url>http://www.rzeszowiak.pl/restauracja-kryjowka-w-rzeszowie-poszukuje-osob-z-doswiadczeniem-8331114</post_url>
<post_date>20160830</post_date>
<post_time>1628</post_time>
<username>Restauracja KRYJÓWKA zatrudni</username>
<post>
Aplikację wraz ze zdjęciem proszę kierować na adres e-mail : [email Zainteresowane osoby mogą dowiedzieć się więcej o naszej Restauracji na stroniewww.kryjowka.euSkontaktujemy się z wybranymi osobami.Zapraszamy
</post>
<signature>

</signature>
<external_links>

</external_links>
<country>PL</country>
<main_image></main_image>
</document>
