<?xml version="1.0" encoding="UTF-8"?>
<document>
<type>mainstream</type>
<forum></forum>
<forum_title></forum_title>
<discussion_title>Jets waived/injured safety Dion Bailey, 2 others</discussion_title>
<language>english</language>
<gmt_offset></gmt_offset>
<topic_url>http://www.philly.com/philly/wires/ap/sports/391773101.html</topic_url>
<topic_text>
Jets waived/injured safety Dion Bailey, 2 others Updated: August 30, 2016 — 1:31 PM EDT Share Close icon The Associated Press 
FLORHAM PARK, N.J. (AP) - The New York Jets have waived/injured safety Dion Bailey, running back Romar Morris and Jake Ceresna to cut their roster to the NFL&apos;s mandatory maximum of 75 players. 
The moves Tuesday come two days after the Jets waived 11 others from the 90-man roster and placed wide receiver Devin Smith on reserve/physically unable to perform list. Teams must get down to 53 players by Saturday. 
Bailey, who was dealing with an elbow injury, was claimed off waivers from Seattle last September and had a half-sack in five games with the Jets. He was signed by the Seahawks as an undrafted free agent in 2014. 
Morris injured his left shoulder in practice two weeks ago. He was signed as an undrafted free agent out of North Carolina in May after a tryout at Jets rookie camp. 
Ceresna signed with the Jets in August after competing in Kansas City&apos;s minicamp. He played at SUNY Cortland, the home of New York&apos;s training camp from 2009-14. 
___ 
AP NFL website: www.pro32.ap.org and www.twitter.com/AP_NFL More Coverage 
</topic_text>
<spam_score>0.00</spam_score>
<post_num>1</post_num>
<post_id>post-1</post_id>
<post_url>http://www.philly.com/philly/wires/ap/sports/391773101.html</post_url>
<post_date>20160830</post_date>
<post_time></post_time>
<username>The Associated Press</username>
<post>
Jets waived/injured safety Dion Bailey, 2 others Updated: August 30, 2016 — 1:31 PM EDT Share Close icon The Associated Press 
FLORHAM PARK, N.J. (AP) - The New York Jets have waived/injured safety Dion Bailey, running back Romar Morris and Jake Ceresna to cut their roster to the NFL&apos;s mandatory maximum of 75 players. 
The moves Tuesday come two days after the Jets waived 11 others from the 90-man roster and placed wide receiver Devin Smith on reserve/physically unable to perform list. Teams must get down to 53 players by Saturday. 
Bailey, who was dealing with an elbow injury, was claimed off waivers from Seattle last September and had a half-sack in five games with the Jets. He was signed by the Seahawks as an undrafted free agent in 2014. 
Morris injured his left shoulder in practice two weeks ago. He was signed as an undrafted free agent out of North Carolina in May after a tryout at Jets rookie camp. 
Ceresna signed with the Jets in August after competing in Kansas City&apos;s minicamp. He played at SUNY Cortland, the home of New York&apos;s training camp from 2009-14. 
___ 
AP NFL website: www.pro32.ap.org and www.twitter.com/AP_NFL More Coverage 
</post>
<signature>

</signature>
<external_links>

</external_links>
<country>US</country>
<main_image>http://media.philly.com/designimages/pcom-FB.jpg</main_image>
</document>
