<?xml version="1.0" encoding="UTF-8"?>
<document>
<type>mainstream</type>
<forum>http://www.journalgazette.net/news/rss/</forum>
<forum_title>News</forum_title>
<discussion_title>Florida woman accused of killing husband in hospital bed</discussion_title>
<language>english</language>
<gmt_offset></gmt_offset>
<topic_url>http://www.journalgazette.net/news/us/Florida-woman-accused-of-killing-husband-in-hospital-bed-14987879</topic_url>
<topic_text>
August 30, 2016 11:59 AM Florida woman accused of killing husband in hospital bed Associated Press 
DAYTONA BEACH, Fla. – A retired nurse from central Florida woman is facing a second-degree murder charge after authorities say she suffocated her husband in his hospital bed when he suffered life-threatening complications and became unresponsive following surgery. 
Daytona Beach Police Chief Mike Chitwood told news outlets that Jan Sochalski, 61, of Palm Coast was arrested Monday following the May 19 death of Henry Sochalski, 64. 
According to an arrest report, Jan Sochalski had been complaining about her husband&apos;s care after he went into respiratory and cardiac arrest April 9 after elective back surgery at Florida Hospital Memorial Medical Center in Daytona Beach. 
The Daytona Beach News-Journal (http://bit.ly/2bG1Wth ) reports the retired Trenton, New Jersey, policeman, was unresponsive and placed in a unit that provides specialized medical care for people with serious illness. 
Investigators noted in an arrest report that Jan Sochalski was so upset about her husband&apos;s treatment that on April 28, she threatened to go home and get his firearm and &quot;shoot the people on the seventh floor&quot; of the hospital. Police were called to the hospital that day, but a nurse calmed the woman down and she wasn&apos;t arrested. 
A nurse told investigators that on one occasion, she had asked for medication to &quot;decrease his respiratory status.&quot; 
On May 19, a nurse told investigators she walked into the man&apos;s room and found his wife lying across his chest. According to the police report, the nurse said the woman had one hand around her husband&apos;s chest and the other across his mouth and nose. A second nurse in the room said it appeared she was &quot;pinching the victim&apos;s nose.&quot; 
He died about 30 minutes later. 
Nurses called police, and an investigation began. 
An initial autopsy was done May 20, but results weren&apos;t returned until Aug. 17. 
Detective Dave Dinardi said Sochalski died of asphyxia of the mouth, nose and trachea. 
On Monday, Jan Sochalski denied killing her husband, Dinardi said. She was arrested and is being held without bail at the Volusia County Jail. Jail records don&apos;t list an attorney for her.
</topic_text>
<spam_score>0.00</spam_score>
<post_num>1</post_num>
<post_id>post-1</post_id>
<post_url>http://www.journalgazette.net/news/us/Florida-woman-accused-of-killing-husband-in-hospital-bed-14987879</post_url>
<post_date>20160830</post_date>
<post_time>1200</post_time>
<username>Associated Press</username>
<post>
August 30, 2016 11:59 AM Florida woman accused of killing husband in hospital bed Associated Press 
DAYTONA BEACH, Fla. – A retired nurse from central Florida woman is facing a second-degree murder charge after authorities say she suffocated her husband in his hospital bed when he suffered life-threatening complications and became unresponsive following surgery. 
Daytona Beach Police Chief Mike Chitwood told news outlets that Jan Sochalski, 61, of Palm Coast was arrested Monday following the May 19 death of Henry Sochalski, 64. 
According to an arrest report, Jan Sochalski had been complaining about her husband&apos;s care after he went into respiratory and cardiac arrest April 9 after elective back surgery at Florida Hospital Memorial Medical Center in Daytona Beach. 
The Daytona Beach News-Journal (http://bit.ly/2bG1Wth ) reports the retired Trenton, New Jersey, policeman, was unresponsive and placed in a unit that provides specialized medical care for people with serious illness. 
Investigators noted in an arrest report that Jan Sochalski was so upset about her husband&apos;s treatment that on April 28, she threatened to go home and get his firearm and &quot;shoot the people on the seventh floor&quot; of the hospital. Police were called to the hospital that day, but a nurse calmed the woman down and she wasn&apos;t arrested. 
A nurse told investigators that on one occasion, she had asked for medication to &quot;decrease his respiratory status.&quot; 
On May 19, a nurse told investigators she walked into the man&apos;s room and found his wife lying across his chest. According to the police report, the nurse said the woman had one hand around her husband&apos;s chest and the other across his mouth and nose. A second nurse in the room said it appeared she was &quot;pinching the victim&apos;s nose.&quot; 
He died about 30 minutes later. 
Nurses called police, and an investigation began. 
An initial autopsy was done May 20, but results weren&apos;t returned until Aug. 17. 
Detective Dave Dinardi said Sochalski died of asphyxia of the mouth, nose and trachea. 
On Monday, Jan Sochalski denied killing her husband, Dinardi said. She was arrested and is being held without bail at the Volusia County Jail. Jail records don&apos;t list an attorney for her.
</post>
<signature>

</signature>
<external_links>

</external_links>
<country>US</country>
<main_image></main_image>
</document>
