<?xml version="1.0" encoding="UTF-8"?>
<document>
<type>mainstream</type>
<forum>http://rssfeeds.whas11.com/_/20/108040536/whas/entertainment</forum>
<forum_title>WHAS - Entertainment</forum_title>
<discussion_title>Gladys Knight sues to remove her name...</discussion_title>
<language>english</language>
<gmt_offset></gmt_offset>
<topic_url>http://rssfeeds.whas11.com/_/20/108040536/whas/http&amp;#x3a;&amp;#x2f;&amp;#x2f;www&amp;#x2e;whas11&amp;#x2e;com&amp;#x2f;entertainment&amp;#x2f;gladys-knight-sues-to-remove-her-name-from-sons-restaurants&amp;#x2f;311461516</topic_url>
<topic_text>
Gladys Knight sues to remove her name from son&apos;s restaurants WHAS 7:36   ATLANTA (AP) — Singer Gladys Knight is suing to remove her name from the Atlanta restaurants owned by her son, who is charged with stealing $650,000 in taxes owed to the state of Georgia. The federal lawsuit filed Friday says the Gladys Knight&apos;s Chicken and Waffles restaurants are failing and damaging the &quot;Midnight Train to Georgia&quot; singer&apos;s reputation. Knight&apos;s son, Shanga Hankerson, was charged with theft in June after the Georgia Department of Revenue raided the three restaurants. The lawsuit says Knight wrote Hankerson in July terminating their verbal agreement to use her name and likeness, but nothing has changed since the restaurants went into receivership. 
Copyright 2016 The Associated Press. All rights reserved. This material may not be published, broadcast, rewritten or redistributed.
</topic_text>
<spam_score>0.00</spam_score>
<post_num>1</post_num>
<post_id>post-1</post_id>
<post_url>http://rssfeeds.whas11.com/_/20/108040536/whas/http&amp;#x3a;&amp;#x2f;&amp;#x2f;www&amp;#x2e;whas11&amp;#x2e;com&amp;#x2f;entertainment&amp;#x2f;gladys-knight-sues-to-remove-her-name-from-sons-restaurants&amp;#x2f;311461516</post_url>
<post_date>20160831</post_date>
<post_time>0036</post_time>
<username></username>
<post>
Gladys Knight sues to remove her name from son&apos;s restaurants WHAS 7:36   ATLANTA (AP) — Singer Gladys Knight is suing to remove her name from the Atlanta restaurants owned by her son, who is charged with stealing $650,000 in taxes owed to the state of Georgia. The federal lawsuit filed Friday says the Gladys Knight&apos;s Chicken and Waffles restaurants are failing and damaging the &quot;Midnight Train to Georgia&quot; singer&apos;s reputation. Knight&apos;s son, Shanga Hankerson, was charged with theft in June after the Georgia Department of Revenue raided the three restaurants. The lawsuit says Knight wrote Hankerson in July terminating their verbal agreement to use her name and likeness, but nothing has changed since the restaurants went into receivership. 
Copyright 2016 The Associated Press. All rights reserved. This material may not be published, broadcast, rewritten or redistributed.
</post>
<signature>

</signature>
<external_links>

</external_links>
<country>US</country>
<main_image>http://content.tegna-media.com/photo/2016/04/10/ET_GLADYS_KNIGHT_1023_horiz_ren640_1510067_ver1.0_640_360.jpg</main_image>
</document>
