<?xml version="1.0" encoding="UTF-8"?>
<document>
<type>mainstream</type>
<forum>http://www.bignewsnetwork.com/index.php/nav/rss/af4e74a975da4c65</forum>
<forum_title>Latest Big News Network RSS Feeds</forum_title>
<discussion_title>Willett hoping to return to peak form in Crans</discussion_title>
<language>english</language>
<gmt_offset></gmt_offset>
<topic_url>http://www.bignewsnetwork.com/news/247212413/willett-hoping-to-return-to-peak-form-in-crans</topic_url>
<topic_text>
European Tour   Danny Willett is hoping that a return to the epic scenery of Crans-sur-Sierre for his first title defence of the 2016 season, at the Omega European Masters, can lift his form back to the heights which made the Englishman the Masters Champion and leader of the Race to Dubai. This tournament is the second longest-running event in golf history to take place at the same venue – after the Masters Tournament – so it is fitting that the 28 year old returns this year with the famous green jacket in hand. Having marched to a dramatic triumph at last year’s edition in Switzerland...
</topic_text>
<spam_score>0.00</spam_score>
<post_num>1</post_num>
<post_id>post-1</post_id>
<post_url>http://www.bignewsnetwork.com/news/247212413/willett-hoping-to-return-to-peak-form-in-crans</post_url>
<post_date>20160830</post_date>
<post_time>1634</post_time>
<username></username>
<post>
European Tour   Danny Willett is hoping that a return to the epic scenery of Crans-sur-Sierre for his first title defence of the 2016 season, at the Omega European Masters, can lift his form back to the heights which made the Englishman the Masters Champion and leader of the Race to Dubai. This tournament is the second longest-running event in golf history to take place at the same venue – after the Masters Tournament – so it is fitting that the 28 year old returns this year with the famous green jacket in hand. Having marched to a dramatic triumph at last year’s edition in Switzerland...
</post>
<signature>

</signature>
<external_links>

</external_links>
<country>US</country>
<main_image>http://static.bignewsnetwork.com/bignewsnetwork/big-news-network-slogan.jpg</main_image>
</document>
