<?xml version="1.0" encoding="UTF-8"?>
<document>
<type>mainstream</type>
<forum></forum>
<forum_title></forum_title>
<discussion_title>Man accused of threatening mental hospital nurses extradited</discussion_title>
<language>english</language>
<gmt_offset></gmt_offset>
<topic_url>http://www.philly.com/philly/wires/ap/news/state/pennsylvania/391774851.html</topic_url>
<topic_text>
Man accused of threatening mental hospital nurses extradited Updated: August 30, 2016 — 1:51 PM EDT Share Close icon The Associated Press 
</topic_text>
<spam_score>0.01</spam_score>
<post_num>1</post_num>
<post_id>post-1</post_id>
<post_url>http://www.philly.com/philly/wires/ap/news/state/pennsylvania/391774851.html</post_url>
<post_date>20160830</post_date>
<post_time></post_time>
<username>The Associated Press</username>
<post>
Man accused of threatening mental hospital nurses extradited Updated: August 30, 2016 — 1:51 PM EDT Share Close icon The Associated Press 
</post>
<signature>

</signature>
<external_links>

</external_links>
<country>US</country>
<main_image>http://media.philly.com/designimages/pcom-FB.jpg</main_image>
</document>
