<?xml version="1.0" encoding="UTF-8"?>
<document>
<type>mainstream</type>
<forum>http://www.wtvm.com/Global/category.asp?C=5479&amp;nav=menu91_1&amp;clienttype=rss</forum>
<forum_title>WTVM - WTVM Home</forum_title>
<discussion_title>5 bodies found in burned California care home for disabled</discussion_title>
<language>english</language>
<gmt_offset></gmt_offset>
<topic_url>http://www.wtvm.com/story/32911255/5-bodies-found-in-burned-california-care-home-for-disabled</topic_url>
<topic_text>
Health 5 bodies found in burned California care home for disabled 
TEMECULA, Calif. (AP) - The bodies of five people were found after a fire gutted a board-and-care home for developmentally disabled people southeast of Los Angeles, authorities said Tuesday. 
Remains of the five adults were discovered Monday morning after firefighters put out a fire at the home, said a statement from the Riverside County Sheriff&apos;s Department. 
The cause of the fire had not been determined but it was labeled suspicious and arson and homicide investigators were working at the scene, authorities said. 
The Sheriff&apos;s Department said coroners were trying to identify the remains found at the house, one of two on a lot set amid ranches and vineyards in an unincorporated area of the city of Temecula. 
Coroner&apos;s officials were trying to identify the remains but a relative told the Riverside Press-Enterprise ( http://bit.ly/2c69eGm ) that one victim was James Jennex. 
Jennex was administrator of the Renee Jennex Small Family Home, which was licensed to care for up to four adults with developmental disabilities, state records indicated. 
&quot;James Jennex will be deeply missed,&quot; his brother, Jerry Jennex, told the newspaper. &quot;On behalf of our family, we also pray for and support other families who have lost loved ones in the same tragedy.&quot; 
The home was licensed in 2003 and no deficiencies were found during its most recent annual inspection in November, according to records from California&apos;s Department of Social Services. 
Neighbor Sofia Villalobos told the Press-Enterprise that her husband called the county Fire Department after the blaze erupted around 5 a.m. Monday, then jumped a fence to reach the scene. 
Told that several people were inside, he and another man tried to get inside the burning home but could not because the doorway was too hot. They then broke a window, but the fire intensified, Villalobos said. Copyright 2016 The Associated Press. All rights reserved. This material may not be published, broadcast, rewritten or redistributed.
</topic_text>
<spam_score>0.00</spam_score>
<post_num>1</post_num>
<post_id>post-1</post_id>
<post_url>http://www.wtvm.com/story/32911255/5-bodies-found-in-burned-california-care-home-for-disabled</post_url>
<post_date>20160831</post_date>
<post_time>0022</post_time>
<username></username>
<post>
Health 5 bodies found in burned California care home for disabled 
TEMECULA, Calif. (AP) - The bodies of five people were found after a fire gutted a board-and-care home for developmentally disabled people southeast of Los Angeles, authorities said Tuesday. 
Remains of the five adults were discovered Monday morning after firefighters put out a fire at the home, said a statement from the Riverside County Sheriff&apos;s Department. 
The cause of the fire had not been determined but it was labeled suspicious and arson and homicide investigators were working at the scene, authorities said. 
The Sheriff&apos;s Department said coroners were trying to identify the remains found at the house, one of two on a lot set amid ranches and vineyards in an unincorporated area of the city of Temecula. 
Coroner&apos;s officials were trying to identify the remains but a relative told the Riverside Press-Enterprise ( http://bit.ly/2c69eGm ) that one victim was James Jennex. 
Jennex was administrator of the Renee Jennex Small Family Home, which was licensed to care for up to four adults with developmental disabilities, state records indicated. 
&quot;James Jennex will be deeply missed,&quot; his brother, Jerry Jennex, told the newspaper. &quot;On behalf of our family, we also pray for and support other families who have lost loved ones in the same tragedy.&quot; 
The home was licensed in 2003 and no deficiencies were found during its most recent annual inspection in November, according to records from California&apos;s Department of Social Services. 
Neighbor Sofia Villalobos told the Press-Enterprise that her husband called the county Fire Department after the blaze erupted around 5 a.m. Monday, then jumped a fence to reach the scene. 
Told that several people were inside, he and another man tried to get inside the burning home but could not because the doorway was too hot. They then broke a window, but the fire intensified, Villalobos said. Copyright 2016 The Associated Press. All rights reserved. This material may not be published, broadcast, rewritten or redistributed.
</post>
<signature>

</signature>
<external_links>

</external_links>
<country>US</country>
<main_image></main_image>
</document>
