<?xml version="1.0" encoding="UTF-8"?>
<document>
<type>mainstream</type>
<forum>http://rzeszowiak.pl//rss/Praca-Zatrudnie.xml</forum>
<forum_title>Praca www.rzeszowiak.pl</forum_title>
<discussion_title>KELNER/KELNERKA-okolice Polańczyka-zakwaterowanie ...</discussion_title>
<language>polish</language>
<gmt_offset></gmt_offset>
<topic_url>http://www.rzeszowiak.pl/agencja-rekrutacyjna-hr-center-kraz-14510-poszukuje-dla-8331491</topic_url>
<topic_text>
NR ref. 08/08/16Miejsce pracy: powiat leski (okolice Polańczyka)- doświadczenie zawodowe na stanowisku kelnera/kelnerki- dyspozycyjność, komunikatywnośćOferujemy:- umowa zlecenie od zaraz do końca października- zakwaterowanieoraz wyżywienie gwarantowane przez pracodawcę- dobrą atmosferę pracy w dynamicznym zespoleZainteresowane osoby prosimy o presyłanie CV na adres [email protected] zawierającego zapis:W temacie wiadomości prosimy wpisać nazwę stanowiska pracy oraz numer referencyjny.Informujemy, że skontaktujemy się z wybranymi osobami.
</topic_text>
<spam_score>0.00</spam_score>
<post_num>1</post_num>
<post_id>post-1</post_id>
<post_url>http://www.rzeszowiak.pl/agencja-rekrutacyjna-hr-center-kraz-14510-poszukuje-dla-8331491</post_url>
<post_date>20160830</post_date>
<post_time>1755</post_time>
<username>KELNER/KELNERKA-okolice Polańczyka-zakwaterowanie</username>
<post>
NR ref. 08/08/16Miejsce pracy: powiat leski (okolice Polańczyka)- doświadczenie zawodowe na stanowisku kelnera/kelnerki- dyspozycyjność, komunikatywnośćOferujemy:- umowa zlecenie od zaraz do końca października- zakwaterowanieoraz wyżywienie gwarantowane przez pracodawcę- dobrą atmosferę pracy w dynamicznym zespoleZainteresowane osoby prosimy o presyłanie CV na adres [email protected] zawierającego zapis:W temacie wiadomości prosimy wpisać nazwę stanowiska pracy oraz numer referencyjny.Informujemy, że skontaktujemy się z wybranymi osobami.
</post>
<signature>

</signature>
<external_links>

</external_links>
<country>PL</country>
<main_image></main_image>
</document>
