<?xml version="1.0" encoding="UTF-8"?>
<document>
<type>mainstream</type>
<forum></forum>
<forum_title></forum_title>
<discussion_title>Soccer-City striker Aguero charged by FA with violent conduct</discussion_title>
<language>english</language>
<gmt_offset></gmt_offset>
<topic_url>http://www.philly.com/philly/wires/reuters/sports/world/391762561.html</topic_url>
<topic_text>
Soccer-City striker Aguero charged by FA with violent conduct Updated: August 30, 2016 — 1:13 PM EDT Share Close icon Reuters 
LONDON, Aug 30 (Reuters) - Manchester City striker Sergio Aguero has been charged with violent conduct over an incident involving West Ham United defender Winston Reid, the FA said in a statement on Tuesday. 
The Argentine international now faces a three-match ban that would see him miss Premier League games against Manchester United and Bournemouth and a League Cup third-round tie against Swansea City. 
Aguero appeared to elbow Reid in the head on Sunday, a Premier League game City won 3-1. The incident was not seen by match officials so the FA has taken retrospective action. 
On Monday, Aguero withdrew from the World Cup qualifiers against Uruguay and Venezuela due to a calf injury. 
Argentina host Uruguay on Thursday and then visit Venezuela five days later. (Reporting by Mark Greaves; Editing by Tony Jimenez) More Coverage Published: August 30, 2016 — 1:13 PM EDT We encourage respectful comments but reserve the right to delete anything that doesn&apos;t contribute to an engaging dialogue Help us moderate this thread by flagging comments that violate our guidelines Help us learn more about Philly.com commenters. Click here to take this quick survey. Comment policy: 
Philly.com comments are intended to be civil, friendly conversations. Please treat other participants with respect and in a way that you would want to be treated. You are responsible for what you say. And please, stay on topic. If you see an objectionable post, please report it to us using the &quot;Report Abuse&quot; option. 
Please note that comments are monitored by Philly.com staff. We reserve the right at all times to remove any information or materials that are unlawful, threatening, abusive, libelous, defamatory, obscene, vulgar, pornographic, profane, indecent or otherwise objectionable. Personal attacks, especially on other participants, are not permitted. We reserve the right to permanently block any user who violates these terms and conditions. 
Additionally comments that are long, have multiple paragraph breaks, include code, or include hyperlinks may not be posted. 
</topic_text>
<spam_score>0.00</spam_score>
<post_num>1</post_num>
<post_id>post-1</post_id>
<post_url>http://www.philly.com/philly/wires/reuters/sports/world/391762561.html</post_url>
<post_date>20160830</post_date>
<post_time></post_time>
<username></username>
<post>
Soccer-City striker Aguero charged by FA with violent conduct Updated: August 30, 2016 — 1:13 PM EDT Share Close icon Reuters 
LONDON, Aug 30 (Reuters) - Manchester City striker Sergio Aguero has been charged with violent conduct over an incident involving West Ham United defender Winston Reid, the FA said in a statement on Tuesday. 
The Argentine international now faces a three-match ban that would see him miss Premier League games against Manchester United and Bournemouth and a League Cup third-round tie against Swansea City. 
Aguero appeared to elbow Reid in the head on Sunday, a Premier League game City won 3-1. The incident was not seen by match officials so the FA has taken retrospective action. 
On Monday, Aguero withdrew from the World Cup qualifiers against Uruguay and Venezuela due to a calf injury. 
Argentina host Uruguay on Thursday and then visit Venezuela five days later. (Reporting by Mark Greaves; Editing by Tony Jimenez) More Coverage Published: August 30, 2016 — 1:13 PM EDT We encourage respectful comments but reserve the right to delete anything that doesn&apos;t contribute to an engaging dialogue Help us moderate this thread by flagging comments that violate our guidelines Help us learn more about Philly.com commenters. Click here to take this quick survey. Comment policy: 
Philly.com comments are intended to be civil, friendly conversations. Please treat other participants with respect and in a way that you would want to be treated. You are responsible for what you say. And please, stay on topic. If you see an objectionable post, please report it to us using the &quot;Report Abuse&quot; option. 
Please note that comments are monitored by Philly.com staff. We reserve the right at all times to remove any information or materials that are unlawful, threatening, abusive, libelous, defamatory, obscene, vulgar, pornographic, profane, indecent or otherwise objectionable. Personal attacks, especially on other participants, are not permitted. We reserve the right to permanently block any user who violates these terms and conditions. 
Additionally comments that are long, have multiple paragraph breaks, include code, or include hyperlinks may not be posted. 
</post>
<signature>

</signature>
<external_links>

</external_links>
<country>US</country>
<main_image>http://media.philly.com/designimages/pcom-FB.jpg</main_image>
</document>
