<?xml version="1.0" encoding="UTF-8"?>
<document>
<type>mainstream</type>
<forum>http://rssfeeds.thv11.com/_/20/109858520/kthv/local</forum>
<forum_title>KTHV - Local</forum_title>
<discussion_title>LR man charged with 727 counts of...</discussion_title>
<language>english</language>
<gmt_offset></gmt_offset>
<topic_url>http://rssfeeds.thv11.com/_/20/109858520/kthv/http&amp;#x3a;&amp;#x2f;&amp;#x2f;www&amp;#x2e;thv11&amp;#x2e;com&amp;#x2f;news&amp;#x2f;local&amp;#x2f;lr-man-charged-with-727-counts-of-child-pornography&amp;#x2f;311388861</topic_url>
<topic_text>
LR man charged with 727 counts of child pornography KTHV Digital , KTHV 5:48   CREDIT: Pulaski County Jail CONNECT TWEET LINKEDIN GOOGLE+ PINTEREST 
LITTLE ROCK, Ark. (KTHV) -- Little Rock SWAT team and Vice unit raided the home of Donald Curtis Anderson, Jr. Tuesday morning. The 43-year-old was charged with 727 felony counts of child pornography. 
The Federal Bureau of Investigation also assisted in the raid. Their Computer Analysis and Response Team assisted in gathering, previewing, and storing all evidence. 
The investigation apparently began after a compliant from the National Center for Missing and Exploited Children. NCMEC claimed that an individual was uploading the content from a cell phone to an internet cloud account. 
In addition to the sexually explicitly content involving multiple children, authorities also recovered marijuana and drug paraphernalia. Anderson was charged with two misdemeanors counts of drug possession.
</topic_text>
<spam_score>0.00</spam_score>
<post_num>1</post_num>
<post_id>post-1</post_id>
<post_url>http://rssfeeds.thv11.com/_/20/109858520/kthv/http&amp;#x3a;&amp;#x2f;&amp;#x2f;www&amp;#x2e;thv11&amp;#x2e;com&amp;#x2f;news&amp;#x2f;local&amp;#x2f;lr-man-charged-with-727-counts-of-child-pornography&amp;#x2f;311388861</post_url>
<post_date>20160830</post_date>
<post_time>2148</post_time>
<username></username>
<post>
LR man charged with 727 counts of child pornography KTHV Digital , KTHV 5:48   CREDIT: Pulaski County Jail CONNECT TWEET LINKEDIN GOOGLE+ PINTEREST 
LITTLE ROCK, Ark. (KTHV) -- Little Rock SWAT team and Vice unit raided the home of Donald Curtis Anderson, Jr. Tuesday morning. The 43-year-old was charged with 727 felony counts of child pornography. 
The Federal Bureau of Investigation also assisted in the raid. Their Computer Analysis and Response Team assisted in gathering, previewing, and storing all evidence. 
The investigation apparently began after a compliant from the National Center for Missing and Exploited Children. NCMEC claimed that an individual was uploading the content from a cell phone to an internet cloud account. 
In addition to the sexually explicitly content involving multiple children, authorities also recovered marijuana and drug paraphernalia. Anderson was charged with two misdemeanors counts of drug possession.
</post>
<signature>

</signature>
<external_links>

</external_links>
<country>US</country>
<main_image>http://content.thv11.com/photo/2016/08/30/download%20_OP_3_CP__1472593527633_5884726_ver1.0_640_360.jpg</main_image>
</document>
