<?xml version="1.0" encoding="UTF-8"?>
<document>
<type>mainstream</type>
<forum></forum>
<forum_title></forum_title>
<discussion_title>California farm workers on edge over historic overtime bill</discussion_title>
<language>english</language>
<gmt_offset></gmt_offset>
<topic_url>http://www.philly.com/philly/wires/ap/news/391808951.html</topic_url>
<topic_text>
California farm workers on edge over historic overtime bill Updated: August 30, 2016 — 6:24 PM EDT Share ry in the fight to improve farmworkers&apos; rights in a decade&apos;s old movement launched by Cesar Chavez. (AP Photo/Scott Smith) The Associated Press 
</topic_text>
<spam_score>0.75</spam_score>
<post_num>1</post_num>
<post_id>post-1</post_id>
<post_url>http://www.philly.com/philly/wires/ap/news/391808951.html</post_url>
<post_date>20160830</post_date>
<post_time></post_time>
<username>The Associated Press</username>
<post>
California farm workers on edge over historic overtime bill Updated: August 30, 2016 — 6:24 PM EDT Share ry in the fight to improve farmworkers&apos; rights in a decade&apos;s old movement launched by Cesar Chavez. (AP Photo/Scott Smith) The Associated Press 
</post>
<signature>

</signature>
<external_links>

</external_links>
<country>US</country>
<main_image>http://media.philly.com/images/fbc3fac7908c47d5b41941fdb84f5e7f-358cb6d18c7d475cad5c9a4af8b252f3.jpg</main_image>
</document>
