<?xml version="1.0" encoding="UTF-8"?>
<document>
<type>mainstream</type>
<forum></forum>
<forum_title></forum_title>
<discussion_title>Chile&apos;s Codelco says two die in accident at Chuquicamata mine</discussion_title>
<language>english</language>
<gmt_offset></gmt_offset>
<topic_url>http://www.philly.com/philly/wires/reuters/news/report/391772421.html</topic_url>
<topic_text>
Chile&apos;s Codelco says two die in accident at Chuquicamata mine Updated: August 30, 2016 — 2:28 PM EDT Share Close icon Reuters 
SANTIAGO, Aug 30 (Reuters) - Two workers died in an accident on Tuesday at Chilean state-owned miner Codelco&apos;s massive Chuquicamata mine, the company said, prompting the world&apos;s No.1 copper producer to halt mining activities there. (Reporting by Anthony Esposito; Editing by James Dalgleish) Published: August 30, 2016 — 2:28 PM EDT We encourage respectful comments but reserve the right to delete anything that doesn&apos;t contribute to an engaging dialogue Help us moderate this thread by flagging comments that violate our guidelines Help us learn more about Philly.com commenters. Click here to take this quick survey. Comment policy: 
Philly.com comments are intended to be civil, friendly conversations. Please treat other participants with respect and in a way that you would want to be treated. You are responsible for what you say. And please, stay on topic. If you see an objectionable post, please report it to us using the &quot;Report Abuse&quot; option. 
Please note that comments are monitored by Philly.com staff. We reserve the right at all times to remove any information or materials that are unlawful, threatening, abusive, libelous, defamatory, obscene, vulgar, pornographic, profane, indecent or otherwise objectionable. Personal attacks, especially on other participants, are not permitted. We reserve the right to permanently block any user who violates these terms and conditions. 
Additionally comments that are long, have multiple paragraph breaks, include code, or include hyperlinks may not be posted. 
</topic_text>
<spam_score>0.86</spam_score>
<post_num>1</post_num>
<post_id>post-1</post_id>
<post_url>http://www.philly.com/philly/wires/reuters/news/report/391772421.html</post_url>
<post_date>20160830</post_date>
<post_time></post_time>
<username></username>
<post>
Chile&apos;s Codelco says two die in accident at Chuquicamata mine Updated: August 30, 2016 — 2:28 PM EDT Share Close icon Reuters 
SANTIAGO, Aug 30 (Reuters) - Two workers died in an accident on Tuesday at Chilean state-owned miner Codelco&apos;s massive Chuquicamata mine, the company said, prompting the world&apos;s No.1 copper producer to halt mining activities there. (Reporting by Anthony Esposito; Editing by James Dalgleish) Published: August 30, 2016 — 2:28 PM EDT We encourage respectful comments but reserve the right to delete anything that doesn&apos;t contribute to an engaging dialogue Help us moderate this thread by flagging comments that violate our guidelines Help us learn more about Philly.com commenters. Click here to take this quick survey. Comment policy: 
Philly.com comments are intended to be civil, friendly conversations. Please treat other participants with respect and in a way that you would want to be treated. You are responsible for what you say. And please, stay on topic. If you see an objectionable post, please report it to us using the &quot;Report Abuse&quot; option. 
Please note that comments are monitored by Philly.com staff. We reserve the right at all times to remove any information or materials that are unlawful, threatening, abusive, libelous, defamatory, obscene, vulgar, pornographic, profane, indecent or otherwise objectionable. Personal attacks, especially on other participants, are not permitted. We reserve the right to permanently block any user who violates these terms and conditions. 
Additionally comments that are long, have multiple paragraph breaks, include code, or include hyperlinks may not be posted. 
</post>
<signature>

</signature>
<external_links>

</external_links>
<country>US</country>
<main_image>http://media.philly.com/designimages/pcom-FB.jpg</main_image>
</document>
