<?xml version="1.0" encoding="UTF-8"?>
<document>
<type>mainstream</type>
<forum>http://www.dailymail.co.uk/articles.rss</forum>
<forum_title>Articles | Mail Online</forum_title>
<discussion_title>Jamie Dornan joins gorgeous wife Amelia Warner for Anthropoid premiere... as they return to the red carpet for the first time since welcoming a second child</discussion_title>
<language>english</language>
<gmt_offset></gmt_offset>
<topic_url>http://www.dailymail.co.uk/tvshowbiz/article-3765842/Jamie-Dornan-joins-gorgeous-wife-Amelia-Warner-Anthropoid-premiere-return-red-carpet-time-welcoming-second-child.html</topic_url>
<topic_text>
e-mail 1
View 
comments
They welcomed their second daughter in March without much fanfare. 
And having settled into parenthood with two under three, Jamie Dornan and wife Amelia Warner made their first public appearance together since they had their newborn nearly six months ago on Tuesday. 
Walking the red carpet together at the premiere of his new flick Anthropoid, the two cut stylish figures as they complimented each other in their fashionable looks as they arrived at the BFI Southbank Cinema on the South Bank in London. 
Scroll down for video 
Date night: Jamie Dornan and wife Amelia Warner made their first public appearance together since they had their newborn nearly six months ago on Tuesday
Going casual-cool for the exclusive screening, The Fall actor worked a grey blazer layered over simple white tee as he stood beside his long-term love - who he married in 2013. 
Highlighting his towering frame, Jamie donned a pair of charcoal grey chinos as he walked down the carpet in a pair of white Adidas Stan Smith trainers. 
RELATED ARTICLES Previous 1 Next &apos;You’ll have to wait and see&apos;: Jamie Dornan plays coy on... Tom Hiddleston touches down in LA to console girlfriend... &apos;You will never know this God-like feeling&apos;: Jamie Dornan... &apos;You&apos;d be affected by it wherever you were in the world&apos;:... Share this article Share Looking radiant, Jamie&apos;s other half Amelia oozed style in a multi-coloured dot long sleeved dress that hit the top of her calves - hinting at her toned pins. 
Letting her vibrant dress do the talking, the actress injected height into her petite frame with a chic pair of patient platform leather sandals that hugged her slender ankles. 

Good-looking duo: The two cut stylish figures as they complimented each other in their fashionable looks as they arrived at the BFI Southbank Cinema on the South Bank in London
Casual cool: The Fall actor worked a grey blazer layered over simple white tee as he stood beside his long-term love - who he married in 2013
Amelia continued her boho inspired ensemble by styling her chin length brunette tresses into a relaxed wave as she posed alongside her Hollywood actor hubby. 

The British beauty let her flawless complexion shine as she opted for a natural make-up look with a swipe of coral lipstick to lift her golden glow. 
Celebrating their third wedding anniversary in April, it was previously revealed that she was expecting their second child in October 2015. 
However, it wasn&apos;t until March 2016 that pictures of the brunette walking with a pushchair in Notting Hill, London, revealed the baby&apos;s arrival. 
Dapper: Highlighting his towering frame, Jamie donned a pair of charcoal grey chinos as he walked down the carpet in a pair of white Adidas Stan Smith trainers
New flick: Joining Jamie on the red carpet of the new flick was his co-star Cillian Murphy
The couple, who have been living in Vancouver during filming of the next instalment of Fifty Shades, were joined by their two young children during their stay in Canada, and made the most of their time there, enjoying regular dinner dates. 
Also joining Jamie on the red carpet of the new flick was his co-star Cillian Murphy. 
The Peaky Blinder&apos;s star cut a dapper figure in a relaxed ensemble in a navy jersey blazer, black chinos and crisp white tee. 
The Cork native plays Josef Gabcík alongside Jamie&apos;s conflicted assassin Jan Kubis in the World War II epic. 
Handsome: The Peaky Blinder&apos;s star cut a dapper figure in a relaxed ensemble in a navy jersey blazer, black chinos and crisp white tee
Epic: The Cork native plays Josef Gabcík alongside Jamie&apos;s conflicted assassin Jan Kubis in the World War II epic
Three musketeers: Jamie posed with Cillian and the film&apos;s director Sean Ellis at the London premiere
Based on the true story of Operation Anthropoid, the film centres around their mission to assassinate SS General Reinhard Heydrich, third in command after Hitler and Himmler. 
Directed by Sean Ellis, the historical drama is set to hit UK theatres this week. 
Meanwhile, Czech supermodel Eva Herzigova also attended the premiere of the historically based World War II film. 
Wowing on the red carpet, the 43-year-old actress stunned in a fashion forward navy suit which flaunted her svelte frame as she posed for pictures. 
Chic: Czech supermodel Eva Herzigova also attended the premiere of the historically based World War II film
Fashion forward: The beauty donned a blazer with red trim and large eye-catching buttons which hinted at her slender wrists as she held a matching polka dot clutch
The beauty donned a blazer with red trim and large eye-catching buttons which hinted at her slender wrists as she held a matching polka dot clutch. 
Working a pair of ankle-grazing pants, Eva teamed her look with a metallic gold sandal that boasted a low-heel.
Completing her look, the fashionista swept her golden locks into a stylish ponytail which highlighted her facial features to perfection.
Supporting her pal Jamie on the red carpet, Texas frontwoman Sharleen Spiteri flexed her fashion muscle in an all-black ensemble which complimented her short raven locks. 
Supportive: Texas frontwoman Sharleen Spiteri flexed her fashion muscle in an all-black ensemble which complimented her short raven locks
Eye-catching: Swedish actress Noomi Rapace made quite the stir at the event as she draped an eye-catching mixed fur coat over her shoulders with vibrant yellow accents
Working a relaxed collarless shirt, the music star decided to stylishly rolled up her sleeves to display her statement silver watch as she injected height into her look with a pair of white flatform trainers. 
The 48-year-old Scottish star went fresh-faced to the event - opting to highlighted her youthful complexion.
Swedish actress Noomi Rapace made quite the stir at the event as she draped an eye-catching mixed fur coat over her shoulders with vibrant yellow accents. 
Opting to wear a pair of giant visor inspired glasses, the Child 44 star teetered up the carpet in a pair of yellow sky-high stilettos which offset her capri leather pants. 

Coy: Jamie Dornan has kept schtum on whether his character Christian Grey will go full frontal in the latest instalment of the film franchise
Earlier in the week, Jamie made quite the stir when he kept schtum on whether his character Christian Grey will go full frontal in the latest installment of the film franchise. 
Speaking to ET , the 34-year-old actor was asked whether film goers will get to see &apos;more&apos; of him in Fifty Shades Darker. 
He said: &apos;I hear ya! The truth is that I don’t know the answer to that. You’ll have to wait and see. 
Although being the apple in many a woman’s eye as the lead in the risqué film, the Northern Irish hunk admitted he hasn’t come to terms with sex symbol status. 

Shirtless: The 34-year-old actor went topless for Fifty Shades of Grey
Lips are sealed: The Fall actor was asked whether film goers will get to see &apos;more&apos; of him in Fifty Shades Darker
He conceded: &apos;You know, that’s all frivolous and fun and I don’t pay a huge amount of attention to it. 
&apos;You certainly can’t be annoyed with that sort of status. It goes with the territory a little bit. But I guess my thing is not to pay a great deal of heed to it.&apos; 
Despite taking his popularity with a grain of salt, the handsome star admitted he felt more &apos;comfortable the second time around&apos; tackling the intense character. 
The Hollywood star added that he felt free of the &apos;pressure&apos; he came under after taking the notorious role six weeks before production - insisting it was &apos;a better experience&apos; filming the franchise this time around. 

Laughing it off: Despite taking his popularity with a grain of salt, the handsome star admitted he felt more &apos;comfortable the second time around&apos; tackling the intense character
</topic_text>
<spam_score>0.00</spam_score>
<post_num>8</post_num>
<post_id>post-8</post_id>
<post_url>http://www.dailymail.co.uk/tvshowbiz/article-3765842/Jamie-Dornan-joins-gorgeous-wife-Amelia-Warner-Anthropoid-premiere-return-red-carpet-time-welcoming-second-child.html</post_url>
<post_date>20160830</post_date>
<post_time>2313</post_time>
<username>Lookatthemoon</username>
<post>
Do not find her gorgeous, to be honest. And another thing : Amelia always wears sandals/ open toe shoes that appear to be too small, not a good look.
</post>
<signature>

</signature>
<external_links>

</external_links>
<country>GB</country>
<main_image>http://i.dailymail.co.uk/i/pix/2016/08/30/21/37B9EDBE00000578-0-image-a-47_1472588803668.jpg</main_image>
</document>
