<?xml version="1.0" encoding="UTF-8"?>
<document>
<type>mainstream</type>
<forum>http://www.theatlantic.com/international/</forum>
<forum_title>Global - The Atlantic</forum_title>
<discussion_title>ISIS Claims Responsibility for Suicide Bombing in Yemen That Kills Dozens</discussion_title>
<language>english</language>
<gmt_offset></gmt_offset>
<topic_url>http://www.theatlantic.com/news/archive/2016/08/yemen-attack/497828/</topic_url>
<topic_text>
NEWS BRIEF A suicide bomber killed more than 50 people and wounded dozens of others Monday in Aden, Yemen. ISIS claimed responsibility for the attack that killed recruits to a pro-government militia.
#ISIS Claims Killing 60 in Suicide Bombing at &quot;Militia&quot; Recruitment Center in #Aden #Yemen https://t.co/YnTB4RhT8T pic.twitter.com/QtD4jBLE7y
— SITE Intel Group (@siteintelgroup) August 29, 2016 Yemen has been in chaos since 2014 when the Houthis, a Shiite group allied with Iran, seized control of the capital, Sanaa. Saudi Arabia intervened militarily on the side of Abd-Rabbu Mansour Hadi, the deposed Sunni president. The conflict, which has killed an estimated 9,000 people, mostly civilians, has turned into a proxy war between the Saudis and their regional rivals, Iran. Add to this mix the Islamic State. The militant group has used the instability to gain a foothold in Yemen, striking major attacks throughout the south of the country.
Indeed, the suicide bomber in Monday’s attack drove a car bomb into a militia compound in Mansoura, a district in the port city of Aden. Reuters cited an unnamed security source as saying, in the words of the news agency , “ the attack targeted a school compound where conscripts of the Popular Committees, forces allied to … Hadi, were gathered for breakfast. Witnesses said the suicide bomber entered the compound behind a truck that had brought breakfast for the conscripts, who had queued for the meal. ” The New York Times adds :
The killed and wounded recruits, most in their 20s and 30s, were signing up for military training in Djibouti and Eritrea, another official said. There, the newcomers would have been prepared to fight Shiite Houthi rebels in the north, near the border with Saudi Arabia, he added.
Estimates of the death toll varied. Médecins Sans Frontières , the group known as Doctors Without Borders, said on Twitter that its hospital received 45 dead and 60 wounded. But Yemen’s Health Ministry put the death toll at 54.
</topic_text>
<spam_score>0.00</spam_score>
<post_num>4</post_num>
<post_id>post-4</post_id>
<post_url>http://www.theatlantic.com/news/archive/2016/08/yemen-attack/497828/</post_url>
<post_date>20160830</post_date>
<post_time>1616</post_time>
<username>Red Baron</username>
<post>
This is just a distraction to allow Saudi Arabia to continue bombing the Yemenis back into the Stone Age with, sadly, U.S. support and weapons systems. Look, it&apos;s ISIS! Now we have to bomb even more!
Exhibit #1 of why NOT to sell U.S. weapons systems to non-democratic governments.
</post>
<signature>

</signature>
<external_links>

</external_links>
<country>US</country>
<main_image>https://cdn.theatlantic.com/assets/media/img/mt/2016/08/RTX2NFKN/facebook.jpg?1472474319</main_image>
</document>
