<?xml version="1.0" encoding="UTF-8"?>
<document>
<type>mainstream</type>
<forum>http://www.bignewsnetwork.com/index.php/nav/rss/b9f388ba82df9ba1</forum>
<forum_title>Latest Big News Network RSS Feeds</forum_title>
<discussion_title>UAE weather: Mercury - and humidity - expected to rise</discussion_title>
<language>english</language>
<gmt_offset></gmt_offset>
<topic_url>http://www.bignewsnetwork.com/news/247208701/uae-weather-mercury---and-humidity---expected-to-rise</topic_url>
<topic_text>
The National Wednesday 31st August, 2016 The National staffResidents should expect skies to clear up as temperatures and humidity increase around the country. However, by Tuesday afternoon, fresh winds could blow some dust over more inland parts of the UAE. Humidity stays at a high of 85 per cent but in Dubai and Abu Dhabi, there is an expected maximum of 95 per cent over the course of the day.Seafarers can expect slight to calm seas with conditions staying slight to moderate in both the Arabian Gulf and the Oman Sea. ...
</topic_text>
<spam_score>0.00</spam_score>
<post_num>1</post_num>
<post_id>post-1</post_id>
<post_url>http://www.bignewsnetwork.com/news/247208701/uae-weather-mercury---and-humidity---expected-to-rise</post_url>
<post_date>20160830</post_date>
<post_time>1651</post_time>
<username></username>
<post>
The National Wednesday 31st August, 2016 The National staffResidents should expect skies to clear up as temperatures and humidity increase around the country. However, by Tuesday afternoon, fresh winds could blow some dust over more inland parts of the UAE. Humidity stays at a high of 85 per cent but in Dubai and Abu Dhabi, there is an expected maximum of 95 per cent over the course of the day.Seafarers can expect slight to calm seas with conditions staying slight to moderate in both the Arabian Gulf and the Oman Sea. ...
</post>
<signature>

</signature>
<external_links>

</external_links>
<country>US</country>
<main_image>http://static.bignewsnetwork.com/bignewsnetwork/big-news-network-slogan.jpg</main_image>
</document>
