<?xml version="1.0" encoding="UTF-8"?>
<document>
<type>mainstream</type>
<forum>http://rzeszowiak.pl//rss/Praca-Zatrudnie.xml</forum>
<forum_title>Praca www.rzeszowiak.pl</forum_title>
<discussion_title>kosmetolog- umowa zlecenie ...</discussion_title>
<language>polish</language>
<gmt_offset></gmt_offset>
<topic_url>http://www.rzeszowiak.pl/kosmetologzakres-obowiazkowposzukujemy-osob-zainteresowanych-mozliwoscia-podjecia-pracy-na-8331313</topic_url>
<topic_text>
szkolenia i możliwość rozwoju zawodowego grafik uwzględniający sugestie pracowników.Osoby zainteresowane powyższą propozycją uprzejmie prosimy o przesyłanie CV na adres e-mail [email protected] Uprzejmie informujemy, że skontaktujemy się tylko z wybranymi kandydatami.Prosimy o dołączenie następującej klauzuli: &quot;Wyrażam zgodę na pozostawienie moich danych osobowych w bazie danych Lobo sp. z o. o. sp. k. oraz na przetwarzanie ich dla potrzeb niezbędnych do realizacji procesów rekrutacji (zgodnie z ustawą z dnia 29.08.97 O ochronie danych osobowych Dz. U. Nr 133 poz. 883)&quot;.
</topic_text>
<spam_score>0.00</spam_score>
<post_num>1</post_num>
<post_id>post-1</post_id>
<post_url>http://www.rzeszowiak.pl/kosmetologzakres-obowiazkowposzukujemy-osob-zainteresowanych-mozliwoscia-podjecia-pracy-na-8331313</post_url>
<post_date>20160830</post_date>
<post_time>1641</post_time>
<username>kosmetolog- umowa zlecenie</username>
<post>
szkolenia i możliwość rozwoju zawodowego grafik uwzględniający sugestie pracowników.Osoby zainteresowane powyższą propozycją uprzejmie prosimy o przesyłanie CV na adres e-mail [email protected] Uprzejmie informujemy, że skontaktujemy się tylko z wybranymi kandydatami.Prosimy o dołączenie następującej klauzuli: &quot;Wyrażam zgodę na pozostawienie moich danych osobowych w bazie danych Lobo sp. z o. o. sp. k. oraz na przetwarzanie ich dla potrzeb niezbędnych do realizacji procesów rekrutacji (zgodnie z ustawą z dnia 29.08.97 O ochronie danych osobowych Dz. U. Nr 133 poz. 883)&quot;.
</post>
<signature>

</signature>
<external_links>

</external_links>
<country>PL</country>
<main_image></main_image>
</document>
