<?xml version="1.0" encoding="UTF-8"?>
<document>
<type>mainstream</type>
<forum></forum>
<forum_title></forum_title>
<discussion_title>EU ruling on Apple stirs calls for U.S. tax reform</discussion_title>
<language>english</language>
<gmt_offset></gmt_offset>
<topic_url>http://www.philly.com/philly/wires/reuters/news/391766211.html</topic_url>
<topic_text>
EU ruling on Apple stirs calls for U.S. tax reform Updated: August 30, 2016 — 4:58 PM EDT Share Reuters A sign is seen outside the Apple Store in Covent Garden in London, April 10, 2015. The Apple Watch, CEO Tim Cook&apos;s first new major product, was today available for pre-order online and to try out in stores - but not take home. REUTERS/Toby Melville David Morgan and Jason Lange Reuters 
By David Morgan and Jason Lange 
WASHINGTON (Reuters) - A European Commission order requiring Apple Inc to pay Ireland $13 billion euros ($14.5 billion) in unpaid taxes on Tuesday drew swift rebukes from the Obama administration and lawmakers in Congress, while reigniting calls for U.S. tax reform. 
The White House and the Treasury Department, which enforces federal tax policy, warned that U.S.-EU economic relations could be affected by the European Commission&apos;s ruling that Apple had received illegal state aid under its agreement with Ireland. 
Business groups protested. The Business Roundtable, which represents U.S. chief executives, called the decision &quot;an act of aggression&quot; against a law-abiding U.S. company and a sovereign government. 
Members of both parties in Congress pointed to the stunning decision as evidence that the U.S. tax code should be rewritten to give American companies an incentive to bring home some $2.1 trillion in U.S. corporate profits held abroad. But there was no sign that lawmakers were any closer to bridging the substantial divides that have prevented agreement up to now. 
&quot;Above all, this is yet another reason why we need to fix our tax code,&quot; House Speaker Paul Ryan, the highest-ranking elected Republican, said in a statement. &quot;Today&apos;s decision should be a spur to action.&quot; 
Apple was found to be holding over $181 billion offshore, more than any U.S. company, in a study published last year by two left-leaning nonprofit groups: Citizens for Tax Justice and the U.S. Public Interest Research Group Education Fund. 
&quot;This is yet another example of why we need to reform the international tax system to ensure these revenues come home,&quot; said Senator Charles Schumer, the chamber&apos;s No. 3 Democrat. 
Even the European Commission voiced indirect criticism of the U.S. tax code, suggesting that Washington could require Apple&apos;s Irish operations to pay larger amounts of money to the U.S. parent to finance research and development, which would increase Apple&apos;s U.S. tax bill. 
Former Senator Carl Levin, a Democrat whose investigation of U.S. corporate tax avoidance was cited by European regulators, blamed the U.S. Internal Revenue Service for failing to challenge Apple&apos;s overseas arrangements. 
Republicans and Democrats in the Senate have discussed plans to encourage the repatriation of U.S. profits abroad. 
But House Republicans hope to move broader legislation next year that would cut the U.S. corporate tax rate from 35 percent to 20 percent and adopt a &quot;territorial&quot; system that would exempt the overseas earnings of U.S. companies from U.S. taxation. Democrats have dismissed that as a massive tax giveaway. 
Other critics in Washington warned that Tuesday&apos;s European Commission move would encroach on U.S. government jurisdiction and ultimately add to the federal deficit. 
&quot;We are concerned about a unilateral approach ... that threaten(s) to undermine progress that we have made collaboratively with the Europeans to make the international taxation system fair,&quot; White House spokesman Josh Earnest told reporters. 
U.S. Representative Kevin Brady, Republican chairman of the House Ways and Means Committee, called the decision &quot;a predatory and naked tax grab&quot;. 
Apple and Ireland said they would appeal the EU decision. But some analysts said the ruling, if upheld, could change the calculus that has kept U.S. corporate money overseas if it means higher taxes in low-tax European countries like Ireland. 
&quot;The scheme of U.S. multinationals parking money offshore indefinitely, taxed at zero, may be coming to an end,&quot; said Steven Rosenthal of the Tax Policy Center research group. 
Online retailer Amazon.com Inc and fast-food company McDonald&apos;s Corp already face probes over taxes in Luxembourg, while coffee chain Starbucks Corp has been ordered to pay up to 30 million euros ($33 million) to the Dutch government. 
(Reporting by David Morgan and Jason Lange; additional reporting by Jeff Mason and Diane Bartz; Editing by Julia Edwards and Jonathan Oatis) More Coverage 
</topic_text>
<spam_score>0.15</spam_score>
<post_num>1</post_num>
<post_id>post-1</post_id>
<post_url>http://www.philly.com/philly/wires/reuters/news/391766211.html</post_url>
<post_date>20160830</post_date>
<post_time></post_time>
<username>David Morgan</username>
<post>
EU ruling on Apple stirs calls for U.S. tax reform Updated: August 30, 2016 — 4:58 PM EDT Share Reuters A sign is seen outside the Apple Store in Covent Garden in London, April 10, 2015. The Apple Watch, CEO Tim Cook&apos;s first new major product, was today available for pre-order online and to try out in stores - but not take home. REUTERS/Toby Melville David Morgan and Jason Lange Reuters 
By David Morgan and Jason Lange 
WASHINGTON (Reuters) - A European Commission order requiring Apple Inc to pay Ireland $13 billion euros ($14.5 billion) in unpaid taxes on Tuesday drew swift rebukes from the Obama administration and lawmakers in Congress, while reigniting calls for U.S. tax reform. 
The White House and the Treasury Department, which enforces federal tax policy, warned that U.S.-EU economic relations could be affected by the European Commission&apos;s ruling that Apple had received illegal state aid under its agreement with Ireland. 
Business groups protested. The Business Roundtable, which represents U.S. chief executives, called the decision &quot;an act of aggression&quot; against a law-abiding U.S. company and a sovereign government. 
Members of both parties in Congress pointed to the stunning decision as evidence that the U.S. tax code should be rewritten to give American companies an incentive to bring home some $2.1 trillion in U.S. corporate profits held abroad. But there was no sign that lawmakers were any closer to bridging the substantial divides that have prevented agreement up to now. 
&quot;Above all, this is yet another reason why we need to fix our tax code,&quot; House Speaker Paul Ryan, the highest-ranking elected Republican, said in a statement. &quot;Today&apos;s decision should be a spur to action.&quot; 
Apple was found to be holding over $181 billion offshore, more than any U.S. company, in a study published last year by two left-leaning nonprofit groups: Citizens for Tax Justice and the U.S. Public Interest Research Group Education Fund. 
&quot;This is yet another example of why we need to reform the international tax system to ensure these revenues come home,&quot; said Senator Charles Schumer, the chamber&apos;s No. 3 Democrat. 
Even the European Commission voiced indirect criticism of the U.S. tax code, suggesting that Washington could require Apple&apos;s Irish operations to pay larger amounts of money to the U.S. parent to finance research and development, which would increase Apple&apos;s U.S. tax bill. 
Former Senator Carl Levin, a Democrat whose investigation of U.S. corporate tax avoidance was cited by European regulators, blamed the U.S. Internal Revenue Service for failing to challenge Apple&apos;s overseas arrangements. 
Republicans and Democrats in the Senate have discussed plans to encourage the repatriation of U.S. profits abroad. 
But House Republicans hope to move broader legislation next year that would cut the U.S. corporate tax rate from 35 percent to 20 percent and adopt a &quot;territorial&quot; system that would exempt the overseas earnings of U.S. companies from U.S. taxation. Democrats have dismissed that as a massive tax giveaway. 
Other critics in Washington warned that Tuesday&apos;s European Commission move would encroach on U.S. government jurisdiction and ultimately add to the federal deficit. 
&quot;We are concerned about a unilateral approach ... that threaten(s) to undermine progress that we have made collaboratively with the Europeans to make the international taxation system fair,&quot; White House spokesman Josh Earnest told reporters. 
U.S. Representative Kevin Brady, Republican chairman of the House Ways and Means Committee, called the decision &quot;a predatory and naked tax grab&quot;. 
Apple and Ireland said they would appeal the EU decision. But some analysts said the ruling, if upheld, could change the calculus that has kept U.S. corporate money overseas if it means higher taxes in low-tax European countries like Ireland. 
&quot;The scheme of U.S. multinationals parking money offshore indefinitely, taxed at zero, may be coming to an end,&quot; said Steven Rosenthal of the Tax Policy Center research group. 
Online retailer Amazon.com Inc and fast-food company McDonald&apos;s Corp already face probes over taxes in Luxembourg, while coffee chain Starbucks Corp has been ordered to pay up to 30 million euros ($33 million) to the Dutch government. 
(Reporting by David Morgan and Jason Lange; additional reporting by Jeff Mason and Diane Bartz; Editing by Julia Edwards and Jonathan Oatis) More Coverage 
</post>
<signature>

</signature>
<external_links>

</external_links>
<country>US</country>
<main_image>http://media.philly.com/images/2016-08-30T170004Z_1_LYNXNPEC7T1AZ_RTROPTP_3_APPLE-WATCH.JPG</main_image>
</document>
