<?xml version="1.0" encoding="UTF-8"?>
<document>
<type>mainstream</type>
<forum></forum>
<forum_title></forum_title>
<discussion_title>Soccer-Angry Botev fans force new coach to quit after two hours</discussion_title>
<language>english</language>
<gmt_offset></gmt_offset>
<topic_url>http://www.philly.com/philly/wires/reuters/sports/world/391768651.html</topic_url>
<topic_text>
Soccer-Angry Botev fans force new coach to quit after two hours Updated: August 30, 2016 — 2:10 PM EDT Share Reuters 
By Angel Krasimirov 
SOFIA, Aug 30 (Reuters) - Botev Plovdiv fans unhappy at Nikolay Mitov&apos;s appointment as coach interrupted a training session on Tuesday and forced him to quit only two hours after taking charge of the Bulgarian club. 
Botev, the oldest club in the country, handed the reins to the former Levski Sofia boss after having sacked Nikolay Kostov last week. 
Several dozen hostile supporters invaded the team&apos;s training ground in Komatevo shortly after the start of Mitov&apos;s first session, shouting: &quot;You&apos;re not welcome here. You should leave immediately&quot;. 
Botev &apos;ultras&apos;, the club&apos;s hardcore fans, also threatened the coach with physical abuse as they believe he is still a supporter of bitter rivals Levski. 
The 44-year-old won the league title with Levski as a player. 
Mitov and his assistant, former Bulgaria international Marian Hristov, stopped the session and the new coach then announced he was leaving. 
Just two hours earlier Mitov had told a news conference he felt &quot;very happy&quot; and &quot;honoured to lead such a big and beloved team&quot;. 
Angered by the reaction of the fans, Botev owner Rumen Chandurov also decided to resign. 
&quot;I don&apos;t know what to say, disrespect, disrespect, disrespect,&quot; he told local media. &quot;They forced me to quit.&quot; 
Twice champions Botev have started the season with two wins, two defeats and one draw. (Editing by Tony Jimenez) Published: August 30, 2016 — 2:10 PM EDT We encourage respectful comments but reserve the right to delete anything that doesn&apos;t contribute to an engaging dialogue Help us moderate this thread by flagging comments that violate our guidelines Help us learn more about Philly.com commenters. Click here to take this quick survey. Comment policy: 
Philly.com comments are intended to be civil, friendly conversations. Please treat other participants with respect and in a way that you would want to be treated. You are responsible for what you say. And please, stay on topic. If you see an objectionable post, please report it to us using the &quot;Report Abuse&quot; option. 
Please note that comments are monitored by Philly.com staff. We reserve the right at all times to remove any information or materials that are unlawful, threatening, abusive, libelous, defamatory, obscene, vulgar, pornographic, profane, indecent or otherwise objectionable. Personal attacks, especially on other participants, are not permitted. We reserve the right to permanently block any user who violates these terms and conditions. 
Additionally comments that are long, have multiple paragraph breaks, include code, or include hyperlinks may not be posted. 
</topic_text>
<spam_score>0.04</spam_score>
<post_num>1</post_num>
<post_id>post-1</post_id>
<post_url>http://www.philly.com/philly/wires/reuters/sports/world/391768651.html</post_url>
<post_date>20160830</post_date>
<post_time></post_time>
<username></username>
<post>
Soccer-Angry Botev fans force new coach to quit after two hours Updated: August 30, 2016 — 2:10 PM EDT Share Reuters 
By Angel Krasimirov 
SOFIA, Aug 30 (Reuters) - Botev Plovdiv fans unhappy at Nikolay Mitov&apos;s appointment as coach interrupted a training session on Tuesday and forced him to quit only two hours after taking charge of the Bulgarian club. 
Botev, the oldest club in the country, handed the reins to the former Levski Sofia boss after having sacked Nikolay Kostov last week. 
Several dozen hostile supporters invaded the team&apos;s training ground in Komatevo shortly after the start of Mitov&apos;s first session, shouting: &quot;You&apos;re not welcome here. You should leave immediately&quot;. 
Botev &apos;ultras&apos;, the club&apos;s hardcore fans, also threatened the coach with physical abuse as they believe he is still a supporter of bitter rivals Levski. 
The 44-year-old won the league title with Levski as a player. 
Mitov and his assistant, former Bulgaria international Marian Hristov, stopped the session and the new coach then announced he was leaving. 
Just two hours earlier Mitov had told a news conference he felt &quot;very happy&quot; and &quot;honoured to lead such a big and beloved team&quot;. 
Angered by the reaction of the fans, Botev owner Rumen Chandurov also decided to resign. 
&quot;I don&apos;t know what to say, disrespect, disrespect, disrespect,&quot; he told local media. &quot;They forced me to quit.&quot; 
Twice champions Botev have started the season with two wins, two defeats and one draw. (Editing by Tony Jimenez) Published: August 30, 2016 — 2:10 PM EDT We encourage respectful comments but reserve the right to delete anything that doesn&apos;t contribute to an engaging dialogue Help us moderate this thread by flagging comments that violate our guidelines Help us learn more about Philly.com commenters. Click here to take this quick survey. Comment policy: 
Philly.com comments are intended to be civil, friendly conversations. Please treat other participants with respect and in a way that you would want to be treated. You are responsible for what you say. And please, stay on topic. If you see an objectionable post, please report it to us using the &quot;Report Abuse&quot; option. 
Please note that comments are monitored by Philly.com staff. We reserve the right at all times to remove any information or materials that are unlawful, threatening, abusive, libelous, defamatory, obscene, vulgar, pornographic, profane, indecent or otherwise objectionable. Personal attacks, especially on other participants, are not permitted. We reserve the right to permanently block any user who violates these terms and conditions. 
Additionally comments that are long, have multiple paragraph breaks, include code, or include hyperlinks may not be posted. 
</post>
<signature>

</signature>
<external_links>

</external_links>
<country>US</country>
<main_image>http://media.philly.com/designimages/pcom-FB.jpg</main_image>
</document>
