<?xml version="1.0" encoding="UTF-8"?>
<document>
<type>mainstream</type>
<forum>http://www.sindonews.com/rss.xml</forum>
<forum_title>SINDOnews | Berita Terkini dan Terpercaya | RSS</forum_title>
<discussion_title>Baekhyun EXO dan Taeyeon SNSD Berkencan di Malam Hari?</discussion_title>
<language>indonesian</language>
<gmt_offset></gmt_offset>
<topic_url>http://lifestyle.sindonews.com/read/1135415/187/baekhyun-exo-dan-taeyeon-snsd-berkencan-di-malam-hari-1472603944</topic_url>
<topic_text>
  07:39 WIB Baekhyun EXO dan Taeyeon SNSD Berkencan di Malam Hari?.(Kpopstarz). A+ A- SEOUL - Beberapa foto yang diduga merupakan Sehun EXO dan Irene Red Velvet sedang berkencan, ternyata hal itu salah. Beberapa fans menilai foto itu bukanlah Sehun dan Irene melainkan Taeyeon SNSD dan Baekhyun EXO.Keduanya terlihat dalam beberapa video dan foto yang direkam oleh fans. Foto dan video itu memperlihatkan sosok pria yang diduga adalah Baekhyun EXO dan sosok wanita yang diduga Taeyeon.Keduanya pun keluar dari hotel diam-diam di malam hari untuk berkencan. Kedua pasangan kekasih yang pernah dirumorkan putus ini menutupi sebagian wajahnya dengan kain handuk untuk menghindari paparazzi.Namun para fans menilai bahwa sosok keduanya diduga adalah Baekhyun dan Taeyeon. Hal ini berdasarkan dari postur tubuh dan beberapa benda yang merupakan khas dari Baekhyun dan Taeyeon.&quot;Itu bukan Sehun dan Irene, dari segi tubuhnya mereka nampak seperti Baekhyun dan Taeyeon,&quot; ujar fans seperti dikutip Forum Pann. ( nfl )
</topic_text>
<spam_score>0.00</spam_score>
<post_num>1</post_num>
<post_id>post-1</post_id>
<post_url>http://lifestyle.sindonews.com/read/1135415/187/baekhyun-exo-dan-taeyeon-snsd-berkencan-di-malam-hari-1472603944</post_url>
<post_date>20160831</post_date>
<post_time>0039</post_time>
<username>Rina Anggraeni</username>
<post>
  07:39 WIB Baekhyun EXO dan Taeyeon SNSD Berkencan di Malam Hari?.(Kpopstarz). A+ A- SEOUL - Beberapa foto yang diduga merupakan Sehun EXO dan Irene Red Velvet sedang berkencan, ternyata hal itu salah. Beberapa fans menilai foto itu bukanlah Sehun dan Irene melainkan Taeyeon SNSD dan Baekhyun EXO.Keduanya terlihat dalam beberapa video dan foto yang direkam oleh fans. Foto dan video itu memperlihatkan sosok pria yang diduga adalah Baekhyun EXO dan sosok wanita yang diduga Taeyeon.Keduanya pun keluar dari hotel diam-diam di malam hari untuk berkencan. Kedua pasangan kekasih yang pernah dirumorkan putus ini menutupi sebagian wajahnya dengan kain handuk untuk menghindari paparazzi.Namun para fans menilai bahwa sosok keduanya diduga adalah Baekhyun dan Taeyeon. Hal ini berdasarkan dari postur tubuh dan beberapa benda yang merupakan khas dari Baekhyun dan Taeyeon.&quot;Itu bukan Sehun dan Irene, dari segi tubuhnya mereka nampak seperti Baekhyun dan Taeyeon,&quot; ujar fans seperti dikutip Forum Pann. ( nfl )
</post>
<signature>

</signature>
<external_links>

</external_links>
<country>ID</country>
<main_image>https://cdn.sindonews.net/dyn/620/content/2016/08/31/187/1135415/baekhyun-exo-dan-taeyeon-snsd-berkencan-di-malam-hari-Jez.jpg</main_image>
</document>
