<?xml version="1.0" encoding="UTF-8"?>
<document>
<type>mainstream</type>
<forum></forum>
<forum_title></forum_title>
<discussion_title>Olympics-Former IOC exec Hickey leaves prison, must stay in Brazil</discussion_title>
<language>english</language>
<gmt_offset></gmt_offset>
<topic_url>http://www.philly.com/philly/wires/reuters/sports/world/391772551.html</topic_url>
<topic_text>
Olympics-Former IOC exec Hickey leaves prison, must stay in Brazil Updated: August 30, 2016 — 2:39 PM EDT Share 
&quot;I will now 
</topic_text>
<spam_score>0.00</spam_score>
<post_num>1</post_num>
<post_id>post-1</post_id>
<post_url>http://www.philly.com/philly/wires/reuters/sports/world/391772551.html</post_url>
<post_date>20160830</post_date>
<post_time></post_time>
<username></username>
<post>
Olympics-Former IOC exec Hickey leaves prison, must stay in Brazil Updated: August 30, 2016 — 2:39 PM EDT Share 
&quot;I will now 
</post>
<signature>

</signature>
<external_links>

</external_links>
<country>US</country>
<main_image>http://media.philly.com/designimages/pcom-FB.jpg</main_image>
</document>
