<?xml version="1.0" encoding="UTF-8"?>
<document>
<type>mainstream</type>
<forum></forum>
<forum_title></forum_title>
<discussion_title>Poll: Man jailed in sex case leads race for Richmond mayor</discussion_title>
<language>english</language>
<gmt_offset></gmt_offset>
<topic_url>http://www.philly.com/philly/wires/ap/news/391765331.html</topic_url>
<topic_text>
Poll: Man jailed in sex case leads race for Richmond mayor Updated: August 30, 2016 — 2:03 PM EDT Share ALAN SUDERMAN The Associated Press 
RICHMOND, Va. (AP) - A flamboyant former Virginia lawmaker who was jailed in a sex scandal involving a 17-year-old girl is the current front-runner in the crowded race for Richmond mayor, a new poll shows. 
The poll from Christopher Newport University says Joseph Morrissey has support from 28 percent of the city&apos;s voters, putting him far ahead of seven other candidates. 
Morrissey holds a large advantage in three of the city&apos;s nine precincts. He must win a majority in five of them to avoid a runoff election. 
CNU professor Quentin Kidd said the real contest looks to be for second place behind Morrissey if he fails to win the election outright, setting up a runoff election. 
Other candidates include Jack Berry, who runs an economic development organization, and Levar Stoney, the former Virginia secretary of the commonwealth who has close ties to Gov. Terry McAuliffe. 
Morrissey has long been one of the most colorful politicians in Virginia. Last year he spent his days at the General Assembly last year and his nights in jail after he entered an Alford plea to a misdemeanor for contributing to the delinquency of a minor. In an Alford plea, a defendant acknowledges there is sufficient evidence for a conviction but doesn&apos;t admit guilt. 
Morrissey later married the woman, and they have two children. 
Morrissey, who is white, has positioned himself as a champion of Richmond&apos;s lower-income population, which is largely black. A former boxer, Morrissey has long cultivated a &quot;fighting Joe&quot; image as a lawyer in a career marked by fistfights, contempt of court citations and the loss and reinstatement of his law license. 
The poll of 600 Richmond registered voters was conducted Aug. 18-24 by the Wason Center for Public Policy at CNU and has a margin of error of 4.9 percent. More Coverage 
</topic_text>
<spam_score>0.00</spam_score>
<post_num>1</post_num>
<post_id>post-1</post_id>
<post_url>http://www.philly.com/philly/wires/ap/news/391765331.html</post_url>
<post_date>20160830</post_date>
<post_time></post_time>
<username>Alan Suderman</username>
<post>
Poll: Man jailed in sex case leads race for Richmond mayor Updated: August 30, 2016 — 2:03 PM EDT Share ALAN SUDERMAN The Associated Press 
RICHMOND, Va. (AP) - A flamboyant former Virginia lawmaker who was jailed in a sex scandal involving a 17-year-old girl is the current front-runner in the crowded race for Richmond mayor, a new poll shows. 
The poll from Christopher Newport University says Joseph Morrissey has support from 28 percent of the city&apos;s voters, putting him far ahead of seven other candidates. 
Morrissey holds a large advantage in three of the city&apos;s nine precincts. He must win a majority in five of them to avoid a runoff election. 
CNU professor Quentin Kidd said the real contest looks to be for second place behind Morrissey if he fails to win the election outright, setting up a runoff election. 
Other candidates include Jack Berry, who runs an economic development organization, and Levar Stoney, the former Virginia secretary of the commonwealth who has close ties to Gov. Terry McAuliffe. 
Morrissey has long been one of the most colorful politicians in Virginia. Last year he spent his days at the General Assembly last year and his nights in jail after he entered an Alford plea to a misdemeanor for contributing to the delinquency of a minor. In an Alford plea, a defendant acknowledges there is sufficient evidence for a conviction but doesn&apos;t admit guilt. 
Morrissey later married the woman, and they have two children. 
Morrissey, who is white, has positioned himself as a champion of Richmond&apos;s lower-income population, which is largely black. A former boxer, Morrissey has long cultivated a &quot;fighting Joe&quot; image as a lawyer in a career marked by fistfights, contempt of court citations and the loss and reinstatement of his law license. 
The poll of 600 Richmond registered voters was conducted Aug. 18-24 by the Wason Center for Public Policy at CNU and has a margin of error of 4.9 percent. More Coverage 
</post>
<signature>

</signature>
<external_links>

</external_links>
<country>US</country>
<main_image>http://media.philly.com/designimages/pcom-FB.jpg</main_image>
</document>
