<?xml version="1.0" encoding="UTF-8"?>
<document>
<type>mainstream</type>
<forum>http://www.rosaelyoussef.com/section/75/شباب-وتنمية-بشرية</forum>
<forum_title>شباب وتنمية بشرية | بوابة روز اليوسف</forum_title>
<discussion_title>مكتب الشباب الافريقي يدعو الشباب المصري للمشاركة في جائزة الاتحاد الافريقي &quot;كوامي نكروما العلمية&quot;</discussion_title>
<language>arabic</language>
<gmt_offset></gmt_offset>
<topic_url>http://www.rosaelyoussef.com/news/details/234779</topic_url>
<topic_text>
دعا مكتب الشباب الافريقي بالإدارة المركزية لشئون الوزير بوزارة الشباب والرياضة، الشباب المصري للمشاركة في جائزة &quot;كوامي نكروما العلمية&quot;، التي أطلقتها مفوضية الاتحاد الافريقي لعام 2016.
أوضحت مفوضية الاتحاد الافريقي أن الجائزة يتم تنظيمها بالتعاون مع المفوضية الأوروبية استكمالا لدعم شركاء التنمية، مشيرة أن الجائزة جاءت باسم الدكتور كوامي نكروما – الرئيس الأول لجمهورية غانا تكريماً له باعتباره من المناضلين الأفارقة الأوائل ضد الاستعمار وملهماً لربوع القارة الذهبية في جميع جوانب التنمية.
أشارت المفوضية أنه لتعزيز التنمية في أفريقيا يجب تعزيز البحث في المجالات كافة، وخاصة العلوم والتكنولوجيا، مؤكدة أن لديها ايمان راسخ بأن العلم والتكنولوجيا يسهمان في التنمية المستدامة للمجتمعات الافريقية وأن العلوم والتكنولوجيا لهما دور قوى في اندماج القارة السمراء.
لفتت مفوضية الاتحاد الافريقي أن المفوضية دوماً تحث الدول الأعضاء لنشر العلم بين المواطنين الأفارقة، وتمكينهم، وتعزيز جميع الجهود الرامية إلى توجيه البحث العلمي في التنمية المستدامة.
للتسجيل في الجائزة وللاطلاع على أهداف وشروط الجائزة يرجى متابعة الروابط التالية :
• Rules of Procedure (English)
https://www.africa-youth.org/base/wp-content/uploads/kwame/RulesofProcedureKNSA2016-EN.pdf
• Rules of Procedure (French)
https://www.africa-youth.org/base/wp-content/uploads/kwame/RulesofProcedureKNSA2016-FR.pdf
• Continental Application Forms (English)
• Continental Application Forms (French)
• Regional Application Forms (English)
• Regional Application Forms (French)
</topic_text>
<spam_score>0.50</spam_score>
<post_num>1</post_num>
<post_id>post-1</post_id>
<post_url>http://www.rosaelyoussef.com/news/details/234779</post_url>
<post_date>20160830</post_date>
<post_time></post_time>
<username>سيد علي</username>
<post>
دعا مكتب الشباب الافريقي بالإدارة المركزية لشئون الوزير بوزارة الشباب والرياضة، الشباب المصري للمشاركة في جائزة &quot;كوامي نكروما العلمية&quot;، التي أطلقتها مفوضية الاتحاد الافريقي لعام 2016.
أوضحت مفوضية الاتحاد الافريقي أن الجائزة يتم تنظيمها بالتعاون مع المفوضية الأوروبية استكمالا لدعم شركاء التنمية، مشيرة أن الجائزة جاءت باسم الدكتور كوامي نكروما – الرئيس الأول لجمهورية غانا تكريماً له باعتباره من المناضلين الأفارقة الأوائل ضد الاستعمار وملهماً لربوع القارة الذهبية في جميع جوانب التنمية.
أشارت المفوضية أنه لتعزيز التنمية في أفريقيا يجب تعزيز البحث في المجالات كافة، وخاصة العلوم والتكنولوجيا، مؤكدة أن لديها ايمان راسخ بأن العلم والتكنولوجيا يسهمان في التنمية المستدامة للمجتمعات الافريقية وأن العلوم والتكنولوجيا لهما دور قوى في اندماج القارة السمراء.
لفتت مفوضية الاتحاد الافريقي أن المفوضية دوماً تحث الدول الأعضاء لنشر العلم بين المواطنين الأفارقة، وتمكينهم، وتعزيز جميع الجهود الرامية إلى توجيه البحث العلمي في التنمية المستدامة.
للتسجيل في الجائزة وللاطلاع على أهداف وشروط الجائزة يرجى متابعة الروابط التالية :
• Rules of Procedure (English)
https://www.africa-youth.org/base/wp-content/uploads/kwame/RulesofProcedureKNSA2016-EN.pdf
• Rules of Procedure (French)
https://www.africa-youth.org/base/wp-content/uploads/kwame/RulesofProcedureKNSA2016-FR.pdf
• Continental Application Forms (English)
• Continental Application Forms (French)
• Regional Application Forms (English)
• Regional Application Forms (French)
</post>
<signature>

</signature>
<external_links>
<external_link>https://www.africa-youth.org/base/wp-content/uploads/kwame/RulesofProcedureKNSA2016-FR.pdf</external_link><external_link>https://www.africa-youth.org/base/wp-content/uploads/kwame/RulesofProcedureKNSA2016-EN.pdf</external_link>
</external_links>
<country>US</country>
<main_image>http://www.rosaelyoussef.com/uploads/news/2016/8/30/49af12ec-7b9a-4373-9486-f3451a242055.jpg</main_image>
</document>
