<?xml version="1.0" encoding="UTF-8"?>
<document>
<type>mainstream</type>
<forum>http://www.furnituretoday.com//rss/10-global-sourcing/</forum>
<forum_title>Global Sourcing</forum_title>
<discussion_title>Port of Charleston lands its biggest fish ever</discussion_title>
<language>english</language>
<gmt_offset></gmt_offset>
<topic_url>http://www.furnituretoday.com/article/534868-port-charleston-lands-its-biggest-fish-ever</topic_url>
<topic_text>
Powell Slaughter , August 30, 2016 
CHARLESTON, S.C. – The Port of Charleston received its largest container ship ever when the APL Yangshan arrived Monday evening. 
The Yangshan, which measures 1,140 feet long and 148 feet wide, can transport up to 10,700 20-foot equivalent units (TEU). It is deployed on the China East Coast “CEC” weekly vessel service via the Suez Canal. 
The 10,700-TEU APL Yangshan. “The deployment of New Panamax vessels to the East Coast trade marks a new era,” said Jim Newsome, South Carolina Ports Authority president and CEO. “Today, 16 of Charleston’s 26 weekly calls are handled by vessels 5,000 TEUs or larger, and we expect to handle our first 14,000 TEU vessel call later this year. As the deepest harbor in the Southeast, Charleston is well-prepared to provide the depth as well as the capacity and infrastructure necessary for efficiently handling big ships.” 
While furniture is a major product category coming into Charleston, the amount of containers carrying furniture on the APL Yangshan was not available. 
The Yangshan’s milestone visit comes on the heels of the arrival of two new cranes last month, boosting big-ship handling capabilities at SCPA’s Wando Welch Terminal. The cranes, which offer 155 feet of lift height from the dock, are expected to be operational by December. By December 2017, two additional cranes of this height will be delivered to the Wando Terminal in conjunction with the completion of a $44 million project to modernize and strengthen the terminal wharf. 
The Yangshan departed Charleston for a call in Norfolk before it transits to Jeddah, Saudi Arabia. Charleston will receive the next vessel of this size, the APL Barcelona, in early September.
</topic_text>
<spam_score>0.00</spam_score>
<post_num>1</post_num>
<post_id>post-1</post_id>
<post_url>http://www.furnituretoday.com/article/534868-port-charleston-lands-its-biggest-fish-ever</post_url>
<post_date>20160830</post_date>
<post_time>1736</post_time>
<username></username>
<post>
Powell Slaughter , August 30, 2016 
CHARLESTON, S.C. – The Port of Charleston received its largest container ship ever when the APL Yangshan arrived Monday evening. 
The Yangshan, which measures 1,140 feet long and 148 feet wide, can transport up to 10,700 20-foot equivalent units (TEU). It is deployed on the China East Coast “CEC” weekly vessel service via the Suez Canal. 
The 10,700-TEU APL Yangshan. “The deployment of New Panamax vessels to the East Coast trade marks a new era,” said Jim Newsome, South Carolina Ports Authority president and CEO. “Today, 16 of Charleston’s 26 weekly calls are handled by vessels 5,000 TEUs or larger, and we expect to handle our first 14,000 TEU vessel call later this year. As the deepest harbor in the Southeast, Charleston is well-prepared to provide the depth as well as the capacity and infrastructure necessary for efficiently handling big ships.” 
While furniture is a major product category coming into Charleston, the amount of containers carrying furniture on the APL Yangshan was not available. 
The Yangshan’s milestone visit comes on the heels of the arrival of two new cranes last month, boosting big-ship handling capabilities at SCPA’s Wando Welch Terminal. The cranes, which offer 155 feet of lift height from the dock, are expected to be operational by December. By December 2017, two additional cranes of this height will be delivered to the Wando Terminal in conjunction with the completion of a $44 million project to modernize and strengthen the terminal wharf. 
The Yangshan departed Charleston for a call in Norfolk before it transits to Jeddah, Saudi Arabia. Charleston will receive the next vessel of this size, the APL Barcelona, in early September.
</post>
<signature>

</signature>
<external_links>

</external_links>
<country>US</country>
<main_image></main_image>
</document>
