<?xml version="1.0" encoding="UTF-8"?>
<document>
<type>mainstream</type>
<forum>http://www.journalgazette.net/news/rss/</forum>
<forum_title>News</forum_title>
<discussion_title>Agriculture closes offices in 5 states after threats</discussion_title>
<language>english</language>
<gmt_offset></gmt_offset>
<topic_url>http://www.journalgazette.net/news/us/Agriculture-closes-offices-in-5-states-after-threats-14987779</topic_url>
<topic_text>
August 30, 2016 11:50 AM Agriculture closes offices in 5 states after threats MARY CLARE JALONICK | Associated Press 
WASHINGTON – The Agriculture Department has closed offices in five states after receiving anonymous threats. 
USDA spokesman Matthew Herrick says in a statement on Tuesday that the department had received &quot;several anonymous messages&quot; that raised concerns about the safety of USDA personnel and facilities. He said six offices are closed until further notice. 
Herrick said the department is working with the Federal Bureau of Investigation and federal and local law enforcement to determine whether the threats are credible. 
The closed offices are in Colorado, Connecticut, Maryland, North Carolina and West Virginia.
</topic_text>
<spam_score>0.00</spam_score>
<post_num>1</post_num>
<post_id>post-1</post_id>
<post_url>http://www.journalgazette.net/news/us/Agriculture-closes-offices-in-5-states-after-threats-14987779</post_url>
<post_date>20160830</post_date>
<post_time>1152</post_time>
<username>MARY CLARE JALONICK | Associated Press</username>
<post>
August 30, 2016 11:50 AM Agriculture closes offices in 5 states after threats MARY CLARE JALONICK | Associated Press 
WASHINGTON – The Agriculture Department has closed offices in five states after receiving anonymous threats. 
USDA spokesman Matthew Herrick says in a statement on Tuesday that the department had received &quot;several anonymous messages&quot; that raised concerns about the safety of USDA personnel and facilities. He said six offices are closed until further notice. 
Herrick said the department is working with the Federal Bureau of Investigation and federal and local law enforcement to determine whether the threats are credible. 
The closed offices are in Colorado, Connecticut, Maryland, North Carolina and West Virginia.
</post>
<signature>

</signature>
<external_links>

</external_links>
<country>US</country>
<main_image></main_image>
</document>
