<?xml version="1.0" encoding="UTF-8"?>
<document>
<type>mainstream</type>
<forum>http://www.nyhetsportalen.se//?na=25&amp;&amp;rss=1</forum>
<forum_title>Nyhetsportalen.se</forum_title>
<discussion_title>Brand i bostadshus i Kristianstad</discussion_title>
<language>swedish</language>
<gmt_offset></gmt_offset>
<topic_url>http://www.aftonbladet.se/nyheter/article23432683.ab</topic_url>
<topic_text>
Brand i bostadshus i Kristianstad Foto: Jens Christian Andersson/Topnews 
En brand har utbrutit i en lägenhet i Kristianstad. Det är kraftig rökutveckling från vinden och boende i flerfamiljshuset har evakuerats. 
– Det pågår en insats. Vi är på plats och bistår räddningstjänsten, säger Magnus Lèfevre, vakthavande befäl vid polisregion Syd. 
Larmet inkom till polisen klockan 01.20 på tisdagskvällen. 
– Var branden har börjat och hur omfattande den är kan jag inte svara på i detta läge. Men det rör sig om en brand i en fastighet med rökutveckling på vinden och det pågår en insats på plats, säger vakthavande befäl Magnus Lèfevre.Räddningstjänsten är vid 02-tiden på kvällen fortfarande i full färd med att bekämpa branden.
</topic_text>
<spam_score>0.00</spam_score>
<post_num>1</post_num>
<post_id>post-1</post_id>
<post_url>http://www.aftonbladet.se/nyheter/article23432683.ab</post_url>
<post_date>20160831</post_date>
<post_time>0018</post_time>
<username></username>
<post>
Brand i bostadshus i Kristianstad Foto: Jens Christian Andersson/Topnews 
En brand har utbrutit i en lägenhet i Kristianstad. Det är kraftig rökutveckling från vinden och boende i flerfamiljshuset har evakuerats. 
– Det pågår en insats. Vi är på plats och bistår räddningstjänsten, säger Magnus Lèfevre, vakthavande befäl vid polisregion Syd. 
Larmet inkom till polisen klockan 01.20 på tisdagskvällen. 
– Var branden har börjat och hur omfattande den är kan jag inte svara på i detta läge. Men det rör sig om en brand i en fastighet med rökutveckling på vinden och det pågår en insats på plats, säger vakthavande befäl Magnus Lèfevre.Räddningstjänsten är vid 02-tiden på kvällen fortfarande i full färd med att bekämpa branden.
</post>
<signature>

</signature>
<external_links>

</external_links>
<country>SE</country>
<main_image>http://gfx.aftonbladet-cdn.se/image/23432701/1200/imageColumn/bf12132d560da/brand.jpg</main_image>
</document>
