<?xml version="1.0" encoding="UTF-8"?>
<document>
<type>mainstream</type>
<forum>http://www.arabianbusiness.com/?service=rss</forum>
<forum_title>Arabian Business - Home</forum_title>
<discussion_title>World cycling championships to be held in Qatar</discussion_title>
<language>english</language>
<gmt_offset></gmt_offset>
<topic_url>http://www.arabianbusiness.com/world-cycling-championships-be-held-in-qatar-643965.html</topic_url>
<topic_text>
World cycling championships to be held in Qatar By Tuesday, 30 August 2016 1:29 PM 
(Getty Images) 
The World Cycling Championships in Qatar on October 9-16 will be the first in the Middle East for 95 years. 
The UCI Road World Championship will feature more than 1,000 cyclists from 75 countries who will compete at the event. 
The competition will comprise 12 events including individual and team time trials as well as road races in elite categories for men and women, reported Doha News . 
It will take place in Qatar&apos;s main landmarks, such as the Aspire Zone, Education City and Pearl-Qatar. 
Some roads will be closed for the duration of the event. However, organisers said the proposed closure had not yet been approved by authorities.
</topic_text>
<spam_score>0.00</spam_score>
<post_num>1</post_num>
<post_id>post-1</post_id>
<post_url>http://www.arabianbusiness.com/world-cycling-championships-be-held-in-qatar-643965.html</post_url>
<post_date>20160830</post_date>
<post_time>0929</post_time>
<username></username>
<post>
World cycling championships to be held in Qatar By Tuesday, 30 August 2016 1:29 PM 
(Getty Images) 
The World Cycling Championships in Qatar on October 9-16 will be the first in the Middle East for 95 years. 
The UCI Road World Championship will feature more than 1,000 cyclists from 75 countries who will compete at the event. 
The competition will comprise 12 events including individual and team time trials as well as road races in elite categories for men and women, reported Doha News . 
It will take place in Qatar&apos;s main landmarks, such as the Aspire Zone, Education City and Pearl-Qatar. 
Some roads will be closed for the duration of the event. However, organisers said the proposed closure had not yet been approved by authorities.
</post>
<signature>

</signature>
<external_links>

</external_links>
<country>US</country>
<main_image>http://www.arabianbusiness.com/incoming/article621237.ece/BINARY/509161282.jpg</main_image>
</document>
