<?xml version="1.0" encoding="UTF-8"?>
<document>
<type>mainstream</type>
<forum>http://rssfeeds.kvue.com/_/20/109731692/kvue/local</forum>
<forum_title>KVUE - Local</forum_title>
<discussion_title>One year since Stony Point player...</discussion_title>
<language>english</language>
<gmt_offset></gmt_offset>
<topic_url>http://rssfeeds.kvue.com/_/20/109731692/kvue/http&amp;#x3a;&amp;#x2f;&amp;#x2f;www&amp;#x2e;kvue&amp;#x2e;com&amp;#x2f;life&amp;#x2f;one-year-since-stony-point-player-paralyzed&amp;#x2f;311411789</topic_url>
<topic_text>
One year since Stony Point player paralyzed Paralyzed football player still needs help Christy Millweard, KVUE 6:31   Jasiel Favors. CONNECT TWEET LINKEDIN GOOGLE+ PINTEREST 
ROUND ROCK, TEXAS - It&apos;s been almost a year since Stony Point JV football player Jasiel Favors collided with another player and broke three vertebrae. He spent months in the hospital and remains in a wheelchair. 
Earlier this year, a family friend created a GoFundMe page to raise money for a van with wheelchair access, but now they&apos;re realizing the $15,000 goal won&apos;t buy a van like they had hoped. 
Favors, 17, is back at school for half days. He said he’s happy to see his friends. 
&quot;They walk me to my classes, walk around, talk about old times,” Jasiel said. 
But he also wants to continue to make new memories with his buddies. That&apos;s why his family is raising money for a van with wheelchair access. 
&quot;Just to be out and about and not be trapped inside the house,” he said. 
Right now, his mom Debra Favors said they take him out of his chair and lift him into their car, something she feels is dangerous. 
&quot;When we lift him, it&apos;s not healthy, if someone slip and fall getting him in the car, he going down,” Debra said. 
With this system, she also worries about a car wreck injuring Jasiel even further. 
&quot;If we get in an accident, he shouldn&apos;t be in the front seat, he needs to be in the back where I know him and the chair ain&apos;t going nowhere, so he don&apos;t injure that neck again,” she said. 
Debra said the vans they&apos;ve seen in the $15,000 budget raised online aren&apos;t what they had hoped. 
&quot;I think the first one we seen had bees in it, living in it,” she said. 
Others need thousands of dollars just to get the van running. So for now, Favors and family will do what they can. Like a typical teenager, Jasiel wants to go to the movies, hang out with his friends and most of all, go to the first home football game. 
&quot;I know the team took it hard last year, after the incident and I wasn&apos;t able to play with him and go to any games,” he said. 
This year, he plans to go every chance he can get. 
&quot;Win or lose that&apos;s my team,” Jasiel said. 
A team that&apos;s wanting Jasiel to get stronger just as much as he is. 
You can donate to the Go Fund Me page here . 
(© 2016 KVUE)
</topic_text>
<spam_score>0.00</spam_score>
<post_num>1</post_num>
<post_id>post-1</post_id>
<post_url>http://rssfeeds.kvue.com/_/20/109731692/kvue/http&amp;#x3a;&amp;#x2f;&amp;#x2f;www&amp;#x2e;kvue&amp;#x2e;com&amp;#x2f;life&amp;#x2f;one-year-since-stony-point-player-paralyzed&amp;#x2f;311411789</post_url>
<post_date>20160830</post_date>
<post_time>2331</post_time>
<username>Christy Millweard</username>
<post>
One year since Stony Point player paralyzed Paralyzed football player still needs help Christy Millweard, KVUE 6:31   Jasiel Favors. CONNECT TWEET LINKEDIN GOOGLE+ PINTEREST 
ROUND ROCK, TEXAS - It&apos;s been almost a year since Stony Point JV football player Jasiel Favors collided with another player and broke three vertebrae. He spent months in the hospital and remains in a wheelchair. 
Earlier this year, a family friend created a GoFundMe page to raise money for a van with wheelchair access, but now they&apos;re realizing the $15,000 goal won&apos;t buy a van like they had hoped. 
Favors, 17, is back at school for half days. He said he’s happy to see his friends. 
&quot;They walk me to my classes, walk around, talk about old times,” Jasiel said. 
But he also wants to continue to make new memories with his buddies. That&apos;s why his family is raising money for a van with wheelchair access. 
&quot;Just to be out and about and not be trapped inside the house,” he said. 
Right now, his mom Debra Favors said they take him out of his chair and lift him into their car, something she feels is dangerous. 
&quot;When we lift him, it&apos;s not healthy, if someone slip and fall getting him in the car, he going down,” Debra said. 
With this system, she also worries about a car wreck injuring Jasiel even further. 
&quot;If we get in an accident, he shouldn&apos;t be in the front seat, he needs to be in the back where I know him and the chair ain&apos;t going nowhere, so he don&apos;t injure that neck again,” she said. 
Debra said the vans they&apos;ve seen in the $15,000 budget raised online aren&apos;t what they had hoped. 
&quot;I think the first one we seen had bees in it, living in it,” she said. 
Others need thousands of dollars just to get the van running. So for now, Favors and family will do what they can. Like a typical teenager, Jasiel wants to go to the movies, hang out with his friends and most of all, go to the first home football game. 
&quot;I know the team took it hard last year, after the incident and I wasn&apos;t able to play with him and go to any games,” he said. 
This year, he plans to go every chance he can get. 
&quot;Win or lose that&apos;s my team,” Jasiel said. 
A team that&apos;s wanting Jasiel to get stronger just as much as he is. 
You can donate to the Go Fund Me page here . 
(© 2016 KVUE)
</post>
<signature>

</signature>
<external_links>

</external_links>
<country>US</country>
<main_image>http://content.kvue.com/photo/2016/08/30/Jasiel%20Favors_1472597315172_5884934_ver1.0_640_360.jpg</main_image>
</document>
