<?xml version="1.0" encoding="UTF-8"?>
<document>
<type>mainstream</type>
<forum></forum>
<forum_title></forum_title>
<discussion_title>Paget Brewster Becomes &apos;Criminal Minds&apos; Series Regular Again</discussion_title>
<language>english</language>
<gmt_offset></gmt_offset>
<topic_url>http://www.philly.com/philly/wires/reuters/entertainment/391772531.html</topic_url>
<topic_text>
Paget Brewster Becomes &apos;Criminal Minds&apos; Series Regular Again Updated: August 30, 2016 — 2:31 PM EDT Share Variety Media, LLC 
By Elizabeth Wagmeister 
LOS ANGELES (Variety.com) - Paget Brewster is returning to &quot;Criminal Minds&quot; as a series regular for the 12th season, Variety has learned. 
Brewster starred on the CBS procedural from 2006 to 2012, and has appeared in guest spots ever since. She will reprise her role as SSA Emily Prentiss with her first episode set for Oct. 12. 
Brewster&apos;s return as a regular cast member comes after star Thomas Gibson was fired due to a series of on-set altercations. 
Related Thomas Gibson: The Prior Incidents That Led to His &apos;Criminal Minds&apos; Firing 
&quot;We&apos;re all so excited to have Paget with us full time,&quot; said Erica Messer, executive producer and showrunner. &quot;The BAU family has definitely missed her, on screen and off. Having her back on set has been great, it&apos;s like she never left.&quot; 
Season 12 of &quot;Criminal Minds&quot; will see many casting changes. With the loss of Gibson and also long-running star Shemar Moore, who departed the series after Season 11, the show is filling up its ensemble with the return of Brewster and the previously announced Adam Rodriguez and Aisha Tyler, who was recently upped to a series regular. Joe Mantegna, Thomas Gibson, Matthew Gray Gubler, A.J. Cook and Kirsten Vangsness are all returning. 
Brewster was recently a regular on another broadcast series, Fox&apos;s John Stamos comedy &quot;Grandfathered,&quot; which was cancelled after one season, freeing up her schedule to return to &quot;Criminal Minds.&quot; (Before Brewster&apos;s series regular news was announced, she was already on board to appear in guest spots during the upcoming season.) 
&quot;Criminal Minds&quot; premieres on Sept. 28 at 9 p.m. More Coverage 
</topic_text>
<spam_score>0.02</spam_score>
<post_num>1</post_num>
<post_id>post-1</post_id>
<post_url>http://www.philly.com/philly/wires/reuters/entertainment/391772531.html</post_url>
<post_date>20160830</post_date>
<post_time></post_time>
<username>Elizabeth Wagmeister</username>
<post>
Paget Brewster Becomes &apos;Criminal Minds&apos; Series Regular Again Updated: August 30, 2016 — 2:31 PM EDT Share Variety Media, LLC 
By Elizabeth Wagmeister 
LOS ANGELES (Variety.com) - Paget Brewster is returning to &quot;Criminal Minds&quot; as a series regular for the 12th season, Variety has learned. 
Brewster starred on the CBS procedural from 2006 to 2012, and has appeared in guest spots ever since. She will reprise her role as SSA Emily Prentiss with her first episode set for Oct. 12. 
Brewster&apos;s return as a regular cast member comes after star Thomas Gibson was fired due to a series of on-set altercations. 
Related Thomas Gibson: The Prior Incidents That Led to His &apos;Criminal Minds&apos; Firing 
&quot;We&apos;re all so excited to have Paget with us full time,&quot; said Erica Messer, executive producer and showrunner. &quot;The BAU family has definitely missed her, on screen and off. Having her back on set has been great, it&apos;s like she never left.&quot; 
Season 12 of &quot;Criminal Minds&quot; will see many casting changes. With the loss of Gibson and also long-running star Shemar Moore, who departed the series after Season 11, the show is filling up its ensemble with the return of Brewster and the previously announced Adam Rodriguez and Aisha Tyler, who was recently upped to a series regular. Joe Mantegna, Thomas Gibson, Matthew Gray Gubler, A.J. Cook and Kirsten Vangsness are all returning. 
Brewster was recently a regular on another broadcast series, Fox&apos;s John Stamos comedy &quot;Grandfathered,&quot; which was cancelled after one season, freeing up her schedule to return to &quot;Criminal Minds.&quot; (Before Brewster&apos;s series regular news was announced, she was already on board to appear in guest spots during the upcoming season.) 
&quot;Criminal Minds&quot; premieres on Sept. 28 at 9 p.m. More Coverage 
</post>
<signature>

</signature>
<external_links>

</external_links>
<country>US</country>
<main_image>http://media.philly.com/designimages/pcom-FB.jpg</main_image>
</document>
