<?xml version="1.0" encoding="UTF-8"?>
<document>
<type>mainstream</type>
<forum>http://www.wtvm.com/Global/category.asp?C=5479&amp;nav=menu91_1&amp;clienttype=rss</forum>
<forum_title>WTVM - WTVM Home</forum_title>
<discussion_title>Dothan Career Center invites job seekers to job fair, workshop</discussion_title>
<language>english</language>
<gmt_offset></gmt_offset>
<topic_url>http://www.wtvm.com/story/32914593/dothan-career-center-invites-job-seekers-to-job-fair-workshop</topic_url>
<topic_text>
Dothan Career Center invites job seekers to job fair, workshop 2016-08-30T23:19:31Z (Source: WSFA 12) DOTHAN, AL (WSFA) - 
Job seekers will be able to connect with potential employers at a job fair coming to Dothan in the next couple of weeks. 
While unemployment numbers are down in the state, there is still a need for employment for many in the Wiregrass. 
There will be 80 companies at the upcoming job fair. To help prepare job seekers, the career center is having a workshop on Sept. 7. 
Representatives will be recruiting from various career fields, including the medical field, production, and transportation. 
At the workshop, job seekers will learn interview tips, how to improve their resumes and more. 
&quot;You want to dress properly for the job you&apos;re applying for. You can always go to second-hand shops; it&apos;s amazing what you can get suits for, men and even suits for women. Some of the churches also have closets that you can get clothes,&quot; said Jenny Stephens from the Dothan Career Center. 
The workshop is scheduled at the Dothan Career Center from 9 a.m. to 1 p.m. on Sept. 7. The job fair is from 9 a.m. to 1 p.m. at the Dothan Civic Center on Sept 13. 
Participants of the workshop will receive a certificate of completion to take to the job fair. 
To register, click here .
</topic_text>
<spam_score>0.00</spam_score>
<post_num>1</post_num>
<post_id>post-1</post_id>
<post_url>http://www.wtvm.com/story/32914593/dothan-career-center-invites-job-seekers-to-job-fair-workshop</post_url>
<post_date>20160830</post_date>
<post_time>2319</post_time>
<username>Rae Larkins</username>
<post>
Dothan Career Center invites job seekers to job fair, workshop 2016-08-30T23:19:31Z (Source: WSFA 12) DOTHAN, AL (WSFA) - 
Job seekers will be able to connect with potential employers at a job fair coming to Dothan in the next couple of weeks. 
While unemployment numbers are down in the state, there is still a need for employment for many in the Wiregrass. 
There will be 80 companies at the upcoming job fair. To help prepare job seekers, the career center is having a workshop on Sept. 7. 
Representatives will be recruiting from various career fields, including the medical field, production, and transportation. 
At the workshop, job seekers will learn interview tips, how to improve their resumes and more. 
&quot;You want to dress properly for the job you&apos;re applying for. You can always go to second-hand shops; it&apos;s amazing what you can get suits for, men and even suits for women. Some of the churches also have closets that you can get clothes,&quot; said Jenny Stephens from the Dothan Career Center. 
The workshop is scheduled at the Dothan Career Center from 9 a.m. to 1 p.m. on Sept. 7. The job fair is from 9 a.m. to 1 p.m. at the Dothan Civic Center on Sept 13. 
Participants of the workshop will receive a certificate of completion to take to the job fair. 
To register, click here .
</post>
<signature>

</signature>
<external_links>

</external_links>
<country>US</country>
<main_image>http://WSFA.images.worldnow.com/images/11607257_G.png</main_image>
</document>
