<?xml version="1.0" encoding="UTF-8"?>
<document>
<type>mainstream</type>
<forum></forum>
<forum_title></forum_title>
<discussion_title>RPT--COLUMN-For how long will Glencore hold its zinc capacity cuts?: Andy Home</discussion_title>
<language>english</language>
<gmt_offset></gmt_offset>
<topic_url>http://www.philly.com/philly/wires/reuters/business/report/391806351.html</topic_url>
<topic_text>
RPT--COLUMN-For how long will Glencore hold its zinc capacity cuts?: Andy Home Updated: August 30, 2016 — 7:00 PM EDT Share Reuters 
(Repeats Aug 30 column. The opinions expressed here are those of the author, a columnist for Reuters.) 
By Andy Home 
LONDON, Aug 30 (Reuters) - It&apos;s been nearly a year since Glencore announced it was mothballing half a million tonnes of mined zinc capacity. 
At the time there was a good degree of skepticism in the zinc market that the company would make good on its promise. 
But it did and the London Metal Exchange (LME) zinc price hasn&apos;t looked back since. Three-month metal is currently trading just above $2,300 per tonne, compared with $1,700 at the time of the announcement back in October 2015. 
Indeed, zinc has been the hottest base metal in town this year with investment managers jumping on the band-wagon. 
Which makes the question of how long Glencore will hold its cuts ever more pressing. 
Just don&apos;t expect an answer yet. 
Several analysts tried to pin Glencore Chief Executive Ivan Glasenberg down on the company&apos;s H1 conference call but no-one got anywhere other than various iterations of his opening statement that the capacity will return when &quot;we believe supply and demand justifies bringing it back.&quot; 
So how are those supply and demand indicators looking right now? 
BULLISH SIGNALS PROLIFERATE 
There is no doubt that the zinc concentrates market is tightening. 
Of course it was already tightening before Glencore made its cutback announcement thanks to long-anticipated closures of big mines such as Century in Australia and Lisheen in Ireland. 
But Glencore&apos;s decision to remove around 4 percent of global mine supply acted as a powerful accelerator to what at the time was sill an evolving market trend. 
Today signs of a mine supply squeeze are proliferating. 
Global output of mined zinc slumped by almost 7 percent in the first half of this year, according to the International Lead and Zinc Study Group (ILZSG). 
Spot treatment charges, which is what smelters charge miners for converting their concentrates into metal, have fallen by over 30 percent to $100 per tonne this year, according to Thomson Reuters GFMS. 
The combination of tighter availability and reduced margins on converting material has fed through to a sharp drop in China&apos;s imports of zinc concentrates. 
The world&apos;s largest zinc converter drew in 32 percent less raw material in the first seven months of this year. 
Net imports of refined zinc metal, on the other hand, have almost doubled to 295,000 tonnes over the same period. 
So far so good in terms of zinc&apos;s bull narrative but timing is everything in this market, which has seen several past preemptive rallies crumble to dust. 
And there is still sufficient ambiguity in zinc&apos;s supply-demand dynamics to give Glencore pause for thought. 
BUT CHINA STILL HOLDS THE KEY 
Running against the bull narrative is China&apos;s own zinc production. 
Given the sharp drop in concentrate imports, the country&apos;s refined zinc output might have been expected to record a similar-sized decrease. 
However, while production output has fallen so far this year, the decline has been a highly marginal 1.3 percent. 
So what&apos;s going on? 
It&apos;s highly probable that China&apos;s zinc smelters built up concentrate stocks in prior years and are now drawing down that inventory to offset reduced availability in the international market place. 
But it also seems to be the case that China&apos;s zinc miners have been quietly upping their production to reap the rewards of higher prices. 
It&apos;s worth noting that ILZSG&apos;s assessment of falling global mine supply doesn&apos;t extend to China itself, where the group estimates that mine production rose by over 6 percent in the first half of this year. 
No-one fully trusts the official numbers on Chinese zinc mine production. The sector is full of small, privately-owned operators that exist beyond the statistical reach of Beijing. 
The key, though, is the broad direction of travel and the ILZSG numbers imply a steady acceleration in year-on-year growth over the first half of 2016. 
Which is pretty much what would be expected of a sector that has past form of reacting fast to changes in pricing signals. 
The big question is whether China&apos;s mines can sustain this level of production, given the double headwinds blowing from Beijing of reduced credit for and increased environmental scrutiny of old-economy sectors such as zinc mining. 
For now, though, there is little discernible sign that Chinese smelters are running short of concentrates or, indeed, that the country is running short of refined metal. 
Even the refined metal import numbers are not quite as bullish as they might seem at first blush. Imports in July itself slumped to a multi-year low of 16,800 tonnes. 
Taken together with flat visible stocks on the Shanghai Futures Exchange and an import-negative arbitrage, it is clear, to quote analysts at Macquarie Bank, that &quot;China is still not calling for more metal.&quot; (Commodities Comment, Aug. 24, 2016). 
THE RIGHT TIME 
And until it does the zinc bull story will remain one of promise rather than reality. 
There is an unknown amount of refined zinc gathering dust in warehouses around the world. 
Just occasionally we get a glimpse of it as metal rotates out of the stocks-financing shadows into the glare of the LME warehouse reports, as often as not in the U.S. port of New Orleans, which received close to 90,000 tonnes over the course of June. 
There is little convincing evidence from physical premiums, largely flat over the year-to-date, or China&apos;s import figures that such stocks are yet being drawn down to anywhere close to distress levels. 
Glencore itself probably has the best overview of the wheels that are turning in the zinc supply machine. The company has a lot of skin in the game from mining through smelting to trading the stuff. 
Which is why of course it&apos;s playing its hand close to its chest, when it comes to discussing restarts. 
The last thing the company wants to do, to quote Glasenberg, is to &quot;hurt our own existing production and push down the price.&quot; 
The zinc market may be moving in the right bullish direction but it&apos;s not there yet and analysts may well get another chance to duel with Glasenberg about the timing of any restarts before Glencore decides the time is right to reactivate half a million tonnes of capacity. 
(Editing by Susan Thomas) 
</topic_text>
<spam_score>0.11</spam_score>
<post_num>1</post_num>
<post_id>post-1</post_id>
<post_url>http://www.philly.com/philly/wires/reuters/business/report/391806351.html</post_url>
<post_date>20160830</post_date>
<post_time></post_time>
<username></username>
<post>
RPT--COLUMN-For how long will Glencore hold its zinc capacity cuts?: Andy Home Updated: August 30, 2016 — 7:00 PM EDT Share Reuters 
(Repeats Aug 30 column. The opinions expressed here are those of the author, a columnist for Reuters.) 
By Andy Home 
LONDON, Aug 30 (Reuters) - It&apos;s been nearly a year since Glencore announced it was mothballing half a million tonnes of mined zinc capacity. 
At the time there was a good degree of skepticism in the zinc market that the company would make good on its promise. 
But it did and the London Metal Exchange (LME) zinc price hasn&apos;t looked back since. Three-month metal is currently trading just above $2,300 per tonne, compared with $1,700 at the time of the announcement back in October 2015. 
Indeed, zinc has been the hottest base metal in town this year with investment managers jumping on the band-wagon. 
Which makes the question of how long Glencore will hold its cuts ever more pressing. 
Just don&apos;t expect an answer yet. 
Several analysts tried to pin Glencore Chief Executive Ivan Glasenberg down on the company&apos;s H1 conference call but no-one got anywhere other than various iterations of his opening statement that the capacity will return when &quot;we believe supply and demand justifies bringing it back.&quot; 
So how are those supply and demand indicators looking right now? 
BULLISH SIGNALS PROLIFERATE 
There is no doubt that the zinc concentrates market is tightening. 
Of course it was already tightening before Glencore made its cutback announcement thanks to long-anticipated closures of big mines such as Century in Australia and Lisheen in Ireland. 
But Glencore&apos;s decision to remove around 4 percent of global mine supply acted as a powerful accelerator to what at the time was sill an evolving market trend. 
Today signs of a mine supply squeeze are proliferating. 
Global output of mined zinc slumped by almost 7 percent in the first half of this year, according to the International Lead and Zinc Study Group (ILZSG). 
Spot treatment charges, which is what smelters charge miners for converting their concentrates into metal, have fallen by over 30 percent to $100 per tonne this year, according to Thomson Reuters GFMS. 
The combination of tighter availability and reduced margins on converting material has fed through to a sharp drop in China&apos;s imports of zinc concentrates. 
The world&apos;s largest zinc converter drew in 32 percent less raw material in the first seven months of this year. 
Net imports of refined zinc metal, on the other hand, have almost doubled to 295,000 tonnes over the same period. 
So far so good in terms of zinc&apos;s bull narrative but timing is everything in this market, which has seen several past preemptive rallies crumble to dust. 
And there is still sufficient ambiguity in zinc&apos;s supply-demand dynamics to give Glencore pause for thought. 
BUT CHINA STILL HOLDS THE KEY 
Running against the bull narrative is China&apos;s own zinc production. 
Given the sharp drop in concentrate imports, the country&apos;s refined zinc output might have been expected to record a similar-sized decrease. 
However, while production output has fallen so far this year, the decline has been a highly marginal 1.3 percent. 
So what&apos;s going on? 
It&apos;s highly probable that China&apos;s zinc smelters built up concentrate stocks in prior years and are now drawing down that inventory to offset reduced availability in the international market place. 
But it also seems to be the case that China&apos;s zinc miners have been quietly upping their production to reap the rewards of higher prices. 
It&apos;s worth noting that ILZSG&apos;s assessment of falling global mine supply doesn&apos;t extend to China itself, where the group estimates that mine production rose by over 6 percent in the first half of this year. 
No-one fully trusts the official numbers on Chinese zinc mine production. The sector is full of small, privately-owned operators that exist beyond the statistical reach of Beijing. 
The key, though, is the broad direction of travel and the ILZSG numbers imply a steady acceleration in year-on-year growth over the first half of 2016. 
Which is pretty much what would be expected of a sector that has past form of reacting fast to changes in pricing signals. 
The big question is whether China&apos;s mines can sustain this level of production, given the double headwinds blowing from Beijing of reduced credit for and increased environmental scrutiny of old-economy sectors such as zinc mining. 
For now, though, there is little discernible sign that Chinese smelters are running short of concentrates or, indeed, that the country is running short of refined metal. 
Even the refined metal import numbers are not quite as bullish as they might seem at first blush. Imports in July itself slumped to a multi-year low of 16,800 tonnes. 
Taken together with flat visible stocks on the Shanghai Futures Exchange and an import-negative arbitrage, it is clear, to quote analysts at Macquarie Bank, that &quot;China is still not calling for more metal.&quot; (Commodities Comment, Aug. 24, 2016). 
THE RIGHT TIME 
And until it does the zinc bull story will remain one of promise rather than reality. 
There is an unknown amount of refined zinc gathering dust in warehouses around the world. 
Just occasionally we get a glimpse of it as metal rotates out of the stocks-financing shadows into the glare of the LME warehouse reports, as often as not in the U.S. port of New Orleans, which received close to 90,000 tonnes over the course of June. 
There is little convincing evidence from physical premiums, largely flat over the year-to-date, or China&apos;s import figures that such stocks are yet being drawn down to anywhere close to distress levels. 
Glencore itself probably has the best overview of the wheels that are turning in the zinc supply machine. The company has a lot of skin in the game from mining through smelting to trading the stuff. 
Which is why of course it&apos;s playing its hand close to its chest, when it comes to discussing restarts. 
The last thing the company wants to do, to quote Glasenberg, is to &quot;hurt our own existing production and push down the price.&quot; 
The zinc market may be moving in the right bullish direction but it&apos;s not there yet and analysts may well get another chance to duel with Glasenberg about the timing of any restarts before Glencore decides the time is right to reactivate half a million tonnes of capacity. 
(Editing by Susan Thomas) 
</post>
<signature>

</signature>
<external_links>

</external_links>
<country>US</country>
<main_image>http://media.philly.com/designimages/pcom-FB.jpg</main_image>
</document>
