<?xml version="1.0" encoding="UTF-8"?>
<document>
<type>mainstream</type>
<forum>http://rssfeeds.thv11.com/_/20/109858520/kthv/local</forum>
<forum_title>KTHV - Local</forum_title>
<discussion_title>Cabot MS South unveils its new &apos;buddy be</discussion_title>
<language>english</language>
<gmt_offset></gmt_offset>
<topic_url>http://rssfeeds.thv11.com/_/20/109858520/kthv/http&amp;#x3a;&amp;#x2f;&amp;#x2f;www&amp;#x2e;thv11&amp;#x2e;com&amp;#x2f;news&amp;#x2f;local&amp;#x2f;cabot-ms-south-unveils-its-new-buddy-benches&amp;#x2f;311420352</topic_url>
<topic_text>
Cabot MS South unveils its new &apos;buddy benches&apos; Cabot MS school unveils &quot;buddy benches&quot; KTHV Digital , KTHV 7:38   CREDIT: Steve Byrant, KTHV 
CABOT, Ark. (KTHV) -- Cabot middle school unveiled its new &quot;buddy benches&quot; on Tuesday. 
6th graders Logan Williams and Chase Holloway are the elected student council representatives. 
The boys said this all started with the &quot;idea can.&quot; The first idea placed inside: buddy benches. 
&quot;Really we used the picnic tables for the buddy bench for a long time. It really wasn&apos;t used that much because nobody really knew about it. But now that we have real benches, that&apos;s awesome,&quot; said Williams. 
The idea is if a child needs a friend or help from bulling, all she or he has to do is sit on the bench and someone will come. 
Home Depot wants to be part of the anti-bullying movement so they built these benches for the district for free. 
Central Elementary also received two &quot;buddy benches.&quot;
</topic_text>
<spam_score>0.00</spam_score>
<post_num>1</post_num>
<post_id>post-1</post_id>
<post_url>http://rssfeeds.thv11.com/_/20/109858520/kthv/http&amp;#x3a;&amp;#x2f;&amp;#x2f;www&amp;#x2e;thv11&amp;#x2e;com&amp;#x2f;news&amp;#x2f;local&amp;#x2f;cabot-ms-south-unveils-its-new-buddy-benches&amp;#x2f;311420352</post_url>
<post_date>20160830</post_date>
<post_time>2338</post_time>
<username></username>
<post>
Cabot MS South unveils its new &apos;buddy benches&apos; Cabot MS school unveils &quot;buddy benches&quot; KTHV Digital , KTHV 7:38   CREDIT: Steve Byrant, KTHV 
CABOT, Ark. (KTHV) -- Cabot middle school unveiled its new &quot;buddy benches&quot; on Tuesday. 
6th graders Logan Williams and Chase Holloway are the elected student council representatives. 
The boys said this all started with the &quot;idea can.&quot; The first idea placed inside: buddy benches. 
&quot;Really we used the picnic tables for the buddy bench for a long time. It really wasn&apos;t used that much because nobody really knew about it. But now that we have real benches, that&apos;s awesome,&quot; said Williams. 
The idea is if a child needs a friend or help from bulling, all she or he has to do is sit on the bench and someone will come. 
Home Depot wants to be part of the anti-bullying movement so they built these benches for the district for free. 
Central Elementary also received two &quot;buddy benches.&quot;
</post>
<signature>

</signature>
<external_links>

</external_links>
<country>US</country>
<main_image>http://content.thv11.com/photo/2016/08/30/download%20_OP_5_CP__1472597705922_5885027_ver1.0_640_360.jpg</main_image>
</document>
