<?xml version="1.0" encoding="UTF-8"?>
<document>
<type>mainstream</type>
<forum>http://www.bignewsnetwork.com/index.php/nav/rss/b9f388ba82df9ba1</forum>
<forum_title>Latest Big News Network RSS Feeds</forum_title>
<discussion_title>Emirati motorcyclist, 19, killed after being hit by lorry in RAK</discussion_title>
<language>english</language>
<gmt_offset></gmt_offset>
<topic_url>http://www.bignewsnetwork.com/news/247208693/emirati-motorcyclist-19-killed-after-being-hit-by-lorry-in-rak</topic_url>
<topic_text>
The National Wednesday 31st August, 2016 A 19-year-old Emirati motorcyclist died after colliding with a large lorry on Al Rams road in Ras Al Khaimah.The 50-year-old lorry driver failed to ensure the way was clear as he entered the road from a roundabout and hit the motorbike, said Colonel Salem Rubaai, chief of the Al Rams Police Station.Col Rubaai said police patrols and ambulances were sent to the scene. The young man’s body was taken to hospital before being delivered to his family for burial. ...
</topic_text>
<spam_score>0.00</spam_score>
<post_num>1</post_num>
<post_id>post-1</post_id>
<post_url>http://www.bignewsnetwork.com/news/247208693/emirati-motorcyclist-19-killed-after-being-hit-by-lorry-in-rak</post_url>
<post_date>20160830</post_date>
<post_time>1651</post_time>
<username></username>
<post>
The National Wednesday 31st August, 2016 A 19-year-old Emirati motorcyclist died after colliding with a large lorry on Al Rams road in Ras Al Khaimah.The 50-year-old lorry driver failed to ensure the way was clear as he entered the road from a roundabout and hit the motorbike, said Colonel Salem Rubaai, chief of the Al Rams Police Station.Col Rubaai said police patrols and ambulances were sent to the scene. The young man’s body was taken to hospital before being delivered to his family for burial. ...
</post>
<signature>

</signature>
<external_links>

</external_links>
<country>US</country>
<main_image>http://static.bignewsnetwork.com/bignewsnetwork/big-news-network-slogan.jpg</main_image>
</document>
