<?xml version="1.0" encoding="UTF-8"?>
<document>
<type>mainstream</type>
<forum></forum>
<forum_title></forum_title>
<discussion_title>UPDATE 3-Italy holds funeral for quake victims as search continues</discussion_title>
<language>english</language>
<gmt_offset></gmt_offset>
<topic_url>http://www.philly.com/philly/wires/reuters/news/report/391741991.html</topic_url>
<topic_text>
UPDATE 3-Italy holds funeral for quake victims as search continues Updated: August 30, 2016 — 2:04 PM EDT Share 
* Search continues for victims of Aug. 24 earthquake 
* Controversy over construction of devastated buildings 
* Funeral priest blames man&apos;s role in tragedy (Recasts to show funeral held, adds quotes and details) 
By Giulia Segreti and Iona Serrapica 
AMATRICE, Italy, Aug 30 (Reuters) - Italy held a state funeral in pouring rain on Tuesday for some of the victims of an earthquake which leveled mountain communities last week, killing at least 292 people. 
Hundreds of mourners sheltered in a marquee or under umbrellas at the service for 28 victims, including two children, in the outskirts of the town of Amatrice. 
An effigy of the crucified Christ hung above a makeshift altar. Behind it lay a crumpled building, one of dozens devastated in the town by the Aug. 24 quake. The scene was framed by tree-covered mountains. 
Builders worked through the night to prepare the funeral site, which was moved at the last minute. Furious locals had warned they would boycott the event when they found out that authorities planned to hold it in the city of Rieti, more than 60 km (40 miles) away. 
The bodies had been stored in Rieti and officials said it would be easier to hold a mass funeral there rather than in the devastated Amatrice, but Prime Minister Matteo Renzi ordered a change of plan in the face of the local anger. He attended the crowded service. 
&quot;The earthquake doesn&apos;t kill; what kills is the works of men,&quot; Bishop Domenico Pompili said during his homily, referring to inadequate construction techniques that may have been to blame for deadly building collapses during the quake. 
&quot;To desert these places would be to kill them a second time,&quot; he added. After the funeral, Renzi said the town would be rebuilt &quot;piece by piece.&quot; 
Sister Marjana Lleshi, a nun from Albania who survived the disaster and was photographed sitting on the streets of Amatrice wearing a bloodstained veil, also spoke during the ceremony. 
STILL DIGGING FOR BODIES 
In the center of the town, which was voted last year one of Italy&apos;s most beautiful, crews continued to dig for up to 10 bodies believed still under mounds of rubble left by the 6.2-magnitude quake. 
Of the 292 confirmed dead, 231 perished in Amatrice. In all, 21 children died. A number of foreigners were among the dead, including 11 Romanians and three Britons. 
Italian President Sergio Mattarella and Romanian Prime Minister Dacian Ciolos also attended the funeral. 
Many of those who died in Amatrice were not residents and their funerals are being held in their hometowns. The families of others preferred more private ceremonies to the state service. 
Before the funeral, relatives placed bouquets of flowers and pictures of their loved ones on the simple wooden coffins. 
&quot;You may be able to rebuild the town, but you can&apos;t bring back the lives that were lost,&quot; said Giuseppina Sorrentino, a native of Amatrice, tears streaming down her face. 
&quot;This took everything away.&quot; 
It was the second state-sponsored funeral in three days. On Saturday rites were held for victims of the quake from the adjoining Marche region. Amatrice is in the region of Lazio. 
Investigators are looking into work done on the bell tower in the town of Accumoli, which was recently restored but collapsed during the quake onto the home of a family of four, killing them all. 
A court has sequestered a half-collapsed school in Amatrice in order to investigate possible negligence in recent construction work. The school had recently been remodeled, in part to help it withstand earthquakes. 
Italy sits on two seismic faultlines. Many of its buildings are hundreds of years old and susceptible to earthquake damage. 
Almost 30 people died in earthquakes in northern Italy in 2012 and more than 300 in the city of L&apos;Aquila in 2009. (Additional reporting by Antonella Cinelli and Matteo Berlenga; writing by Steve Scherer; editing by Andrew Roche and Crispian Balmer) More Coverage 
</topic_text>
<spam_score>0.09</spam_score>
<post_num>1</post_num>
<post_id>post-1</post_id>
<post_url>http://www.philly.com/philly/wires/reuters/news/report/391741991.html</post_url>
<post_date>20160830</post_date>
<post_time></post_time>
<username></username>
<post>
UPDATE 3-Italy holds funeral for quake victims as search continues Updated: August 30, 2016 — 2:04 PM EDT Share 
* Search continues for victims of Aug. 24 earthquake 
* Controversy over construction of devastated buildings 
* Funeral priest blames man&apos;s role in tragedy (Recasts to show funeral held, adds quotes and details) 
By Giulia Segreti and Iona Serrapica 
AMATRICE, Italy, Aug 30 (Reuters) - Italy held a state funeral in pouring rain on Tuesday for some of the victims of an earthquake which leveled mountain communities last week, killing at least 292 people. 
Hundreds of mourners sheltered in a marquee or under umbrellas at the service for 28 victims, including two children, in the outskirts of the town of Amatrice. 
An effigy of the crucified Christ hung above a makeshift altar. Behind it lay a crumpled building, one of dozens devastated in the town by the Aug. 24 quake. The scene was framed by tree-covered mountains. 
Builders worked through the night to prepare the funeral site, which was moved at the last minute. Furious locals had warned they would boycott the event when they found out that authorities planned to hold it in the city of Rieti, more than 60 km (40 miles) away. 
The bodies had been stored in Rieti and officials said it would be easier to hold a mass funeral there rather than in the devastated Amatrice, but Prime Minister Matteo Renzi ordered a change of plan in the face of the local anger. He attended the crowded service. 
&quot;The earthquake doesn&apos;t kill; what kills is the works of men,&quot; Bishop Domenico Pompili said during his homily, referring to inadequate construction techniques that may have been to blame for deadly building collapses during the quake. 
&quot;To desert these places would be to kill them a second time,&quot; he added. After the funeral, Renzi said the town would be rebuilt &quot;piece by piece.&quot; 
Sister Marjana Lleshi, a nun from Albania who survived the disaster and was photographed sitting on the streets of Amatrice wearing a bloodstained veil, also spoke during the ceremony. 
STILL DIGGING FOR BODIES 
In the center of the town, which was voted last year one of Italy&apos;s most beautiful, crews continued to dig for up to 10 bodies believed still under mounds of rubble left by the 6.2-magnitude quake. 
Of the 292 confirmed dead, 231 perished in Amatrice. In all, 21 children died. A number of foreigners were among the dead, including 11 Romanians and three Britons. 
Italian President Sergio Mattarella and Romanian Prime Minister Dacian Ciolos also attended the funeral. 
Many of those who died in Amatrice were not residents and their funerals are being held in their hometowns. The families of others preferred more private ceremonies to the state service. 
Before the funeral, relatives placed bouquets of flowers and pictures of their loved ones on the simple wooden coffins. 
&quot;You may be able to rebuild the town, but you can&apos;t bring back the lives that were lost,&quot; said Giuseppina Sorrentino, a native of Amatrice, tears streaming down her face. 
&quot;This took everything away.&quot; 
It was the second state-sponsored funeral in three days. On Saturday rites were held for victims of the quake from the adjoining Marche region. Amatrice is in the region of Lazio. 
Investigators are looking into work done on the bell tower in the town of Accumoli, which was recently restored but collapsed during the quake onto the home of a family of four, killing them all. 
A court has sequestered a half-collapsed school in Amatrice in order to investigate possible negligence in recent construction work. The school had recently been remodeled, in part to help it withstand earthquakes. 
Italy sits on two seismic faultlines. Many of its buildings are hundreds of years old and susceptible to earthquake damage. 
Almost 30 people died in earthquakes in northern Italy in 2012 and more than 300 in the city of L&apos;Aquila in 2009. (Additional reporting by Antonella Cinelli and Matteo Berlenga; writing by Steve Scherer; editing by Andrew Roche and Crispian Balmer) More Coverage 
</post>
<signature>

</signature>
<external_links>

</external_links>
<country>US</country>
<main_image>http://media.philly.com/designimages/pcom-FB.jpg</main_image>
</document>
