<?xml version="1.0" encoding="UTF-8"?>
<document>
<type>mainstream</type>
<forum></forum>
<forum_title></forum_title>
<discussion_title>Warren Beatty&apos;s Howard Hughes Movie &apos;Rules Don&apos;t Apply&apos; to Open AFI Fest</discussion_title>
<language>english</language>
<gmt_offset></gmt_offset>
<topic_url>http://www.philly.com/philly/wires/reuters/entertainment/391761121.html</topic_url>
<topic_text>
Warren Beatty&apos;s Howard Hughes Movie &apos;Rules Don&apos;t Apply&apos; to Open AFI Fest Updated: August 30, 2016 — 1:33 PM EDT Share Variety Media, LLC 
By Dave McNary 
LOS ANGELES (Variety.com) - The American Film Institute has set the world premiere of Warren Beatty&apos;s Howard Hughes dramedy &quot;Rules Don&apos;t Apply&quot; as AFI Fest&apos;s opening night film on Nov. 10 at the TCL Chinese Theatre in Hollywood. 
Beatty produced and directed from his own script and stars in the film for New Regency and Fox, which is releasing &quot;Rules Don&apos;t Apply&quot; on Nov. 23. The cast includes Alec Baldwin, Annette Bening, Candice Bergen, Steve Coogan, Ed Harris, Haley Bennett, Matthew Broderick, Dabney Coleman, Lily Collins, Alden Ehrenreich, Taissa Farmiga, Megan Hilty, Oliver Platt and Martin Sheen. 
&quot;Warren Beatty has charmed and challenged moviegoers from his first moment on screen, and his talents as an actor, director, writer and producer have always transcended trends,&quot; said Bob Gazzale, AFI president and CEO. &quot;AFI is honored to present the world premiere of his newest gift to America&apos;s cultural legacy.&quot; 
The film -- the first that Beatty has directed since 1998&apos;s &quot;Bulworth&quot; -- is a romantic comedy-drama set in 1958 Hollywood with Beatty portraying Hughes. Collins portrays an actress and Ehrenreich plays a driver with both working for Hughes -- who forbids romance between his employees. 
&quot;Romantic entanglements, the youthful pursuit of success and an outlandish billionaire are brought to life by a remarkable ensemble cast,&quot; said Jacqueline Lyanga, director of AFI Fest. &quot;On Opening Night, the TCL Chinese Theatre, the quintessential temple of cinema in Hollywood, will shine a light on &apos;Rules Don&apos;t Apply.&apos;&quot; 
Beatty&apos;s movie is the first title unveiled for the 30th edition of AFI Fest, which lasts eight days until Nov. 17. Galas and other events will be held at the Chinese, the TCL Chinese 6 Theatres, the Egyptian Theatre and the Hollywood Roosevelt. 
Besides Beatty, producers include Arnon Milchan, Brett Ratner, James Packer, Steve Bing, Ron Burkle, Frank Giustra, Steve Mnuchin, Sybil Robson Orr, Terry Semel, Jeffrey Soros, William D. Johnson, Christopher Woodrow, Molly Conners, Sarah E. Johnson and Jonathan McCoy. 
Beatty has been nominated for 14 Academy Awards and won best director for &quot;Reds.&quot; He won Academy&apos;s Irving Thalberg Award in 1999 and the AFI Life Achievement Award in 2008. More Coverage 
</topic_text>
<spam_score>0.98</spam_score>
<post_num>1</post_num>
<post_id>post-1</post_id>
<post_url>http://www.philly.com/philly/wires/reuters/entertainment/391761121.html</post_url>
<post_date>20160830</post_date>
<post_time></post_time>
<username>Dave Mcnary</username>
<post>
Warren Beatty&apos;s Howard Hughes Movie &apos;Rules Don&apos;t Apply&apos; to Open AFI Fest Updated: August 30, 2016 — 1:33 PM EDT Share Variety Media, LLC 
By Dave McNary 
LOS ANGELES (Variety.com) - The American Film Institute has set the world premiere of Warren Beatty&apos;s Howard Hughes dramedy &quot;Rules Don&apos;t Apply&quot; as AFI Fest&apos;s opening night film on Nov. 10 at the TCL Chinese Theatre in Hollywood. 
Beatty produced and directed from his own script and stars in the film for New Regency and Fox, which is releasing &quot;Rules Don&apos;t Apply&quot; on Nov. 23. The cast includes Alec Baldwin, Annette Bening, Candice Bergen, Steve Coogan, Ed Harris, Haley Bennett, Matthew Broderick, Dabney Coleman, Lily Collins, Alden Ehrenreich, Taissa Farmiga, Megan Hilty, Oliver Platt and Martin Sheen. 
&quot;Warren Beatty has charmed and challenged moviegoers from his first moment on screen, and his talents as an actor, director, writer and producer have always transcended trends,&quot; said Bob Gazzale, AFI president and CEO. &quot;AFI is honored to present the world premiere of his newest gift to America&apos;s cultural legacy.&quot; 
The film -- the first that Beatty has directed since 1998&apos;s &quot;Bulworth&quot; -- is a romantic comedy-drama set in 1958 Hollywood with Beatty portraying Hughes. Collins portrays an actress and Ehrenreich plays a driver with both working for Hughes -- who forbids romance between his employees. 
&quot;Romantic entanglements, the youthful pursuit of success and an outlandish billionaire are brought to life by a remarkable ensemble cast,&quot; said Jacqueline Lyanga, director of AFI Fest. &quot;On Opening Night, the TCL Chinese Theatre, the quintessential temple of cinema in Hollywood, will shine a light on &apos;Rules Don&apos;t Apply.&apos;&quot; 
Beatty&apos;s movie is the first title unveiled for the 30th edition of AFI Fest, which lasts eight days until Nov. 17. Galas and other events will be held at the Chinese, the TCL Chinese 6 Theatres, the Egyptian Theatre and the Hollywood Roosevelt. 
Besides Beatty, producers include Arnon Milchan, Brett Ratner, James Packer, Steve Bing, Ron Burkle, Frank Giustra, Steve Mnuchin, Sybil Robson Orr, Terry Semel, Jeffrey Soros, William D. Johnson, Christopher Woodrow, Molly Conners, Sarah E. Johnson and Jonathan McCoy. 
Beatty has been nominated for 14 Academy Awards and won best director for &quot;Reds.&quot; He won Academy&apos;s Irving Thalberg Award in 1999 and the AFI Life Achievement Award in 2008. More Coverage 
</post>
<signature>

</signature>
<external_links>

</external_links>
<country>US</country>
<main_image>http://media.philly.com/designimages/pcom-FB.jpg</main_image>
</document>
