<?xml version="1.0" encoding="UTF-8"?>
<document>
<type>mainstream</type>
<forum>http://www.elnuevoherald.com/deportes/beisbol/?widgetName=rssfeed&amp;widgetContentId=712015&amp;getXmlFeed=true</forum>
<forum_title>Noticias MLB Béisbol Profesional | El Nuevo Herald y elNuevoHerald.com</forum_title>
<discussion_title>Exquarterback de la NFL muestra talento ante scouts de Grandes Ligas</discussion_title>
<language>spanish</language>
<gmt_offset></gmt_offset>
<topic_url>http://www.elnuevoherald.com/deportes/beisbol/article98906402.html</topic_url>
<topic_text>
agosto 30, 2016 6:43 PM Exquarterback de la NFL muestra talento ante scouts de Grandes Ligas 
Tim Tebow mostró un poderoso bateo pero dejó claro que tiene mucho por mejorar, durante un entrenamiento de béisbol ante decenas de cazatalentos de las Grandes Ligas. El ex quarterback de la NFL, Tim Tebow, fildea una pelota durante una práctica de béisbol en la Universidad del Sur de California, el martes 30 de agosto de 2016 Chris Carlson AP Foto i Ordenar Una Copia de Este Artículo LOS ANGELES 
Tim Tebow mostró un poderoso bateo pero dejó claro que tiene mucho por mejorar, durante un entrenamiento de béisbol ante decenas de cazatalentos de las Grandes Ligas. 
El quarterback galardonado con el Trofeo Heisman en el fútbol americano colegial entrenó el martes en el campo Dedeaux de la Universidad del Sur de California. Cazatalentos y periodistas observaron y registraron cada uno de sus movimientos. 
Tebow impresionó con su corpulencia de 255 libras (120 kilogramos) y su tiempo cercano a los 6,7 segundos en un recorrido de 60 yardas con obstáculos. También asombró con sus jonrones, que enviaron la pelota a una zona arbolada o la estrellaron contra la pizarra. 
El deportista de 29 años mostró también que le hacen falta tablas en el béisbol. David Aardsma y Chad Smith, ex peloteros de las mayores, lo engañaron con cambios de velocidad durante los entrenamientos. 
El representante de Tebow quiere que llegue a la liga de instrucción, cuyas actividades comienzan en septiembre. Contenido Relacionado
</topic_text>
<spam_score>0.00</spam_score>
<post_num>1</post_num>
<post_id>post-1</post_id>
<post_url>http://www.elnuevoherald.com/deportes/beisbol/article98906402.html</post_url>
<post_date>20160830</post_date>
<post_time>2243</post_time>
<username>Por GREG BEACHAM Associated Press</username>
<post>
agosto 30, 2016 6:43 PM Exquarterback de la NFL muestra talento ante scouts de Grandes Ligas 
Tim Tebow mostró un poderoso bateo pero dejó claro que tiene mucho por mejorar, durante un entrenamiento de béisbol ante decenas de cazatalentos de las Grandes Ligas. El ex quarterback de la NFL, Tim Tebow, fildea una pelota durante una práctica de béisbol en la Universidad del Sur de California, el martes 30 de agosto de 2016 Chris Carlson AP Foto i Ordenar Una Copia de Este Artículo LOS ANGELES 
Tim Tebow mostró un poderoso bateo pero dejó claro que tiene mucho por mejorar, durante un entrenamiento de béisbol ante decenas de cazatalentos de las Grandes Ligas. 
El quarterback galardonado con el Trofeo Heisman en el fútbol americano colegial entrenó el martes en el campo Dedeaux de la Universidad del Sur de California. Cazatalentos y periodistas observaron y registraron cada uno de sus movimientos. 
Tebow impresionó con su corpulencia de 255 libras (120 kilogramos) y su tiempo cercano a los 6,7 segundos en un recorrido de 60 yardas con obstáculos. También asombró con sus jonrones, que enviaron la pelota a una zona arbolada o la estrellaron contra la pizarra. 
El deportista de 29 años mostró también que le hacen falta tablas en el béisbol. David Aardsma y Chad Smith, ex peloteros de las mayores, lo engañaron con cambios de velocidad durante los entrenamientos. 
El representante de Tebow quiere que llegue a la liga de instrucción, cuyas actividades comienzan en septiembre. Contenido Relacionado
</post>
<signature>

</signature>
<external_links>

</external_links>
<country>US</country>
<main_image>http://www.mcclatchy-wires.com/wire_photos/i6qpwi/picture98906397/ALTERNATES/LANDSCAPE_1140/TEBOW_SPANCACC104.jpg</main_image>
</document>
