<?xml version="1.0" encoding="UTF-8"?>
<document>
<type>mainstream</type>
<forum></forum>
<forum_title></forum_title>
<discussion_title>Canada regulator suspends TransCanada pipeline approval hearing</discussion_title>
<language>english</language>
<gmt_offset></gmt_offset>
<topic_url>http://www.philly.com/philly/wires/reuters/business/report/391779701.html</topic_url>
<topic_text>
Canada regulator suspends TransCanada pipeline approval hearing Updated: August 30, 2016 — 3:31 PM EDT Share Close icon Reuters 
Aug 30 (Reuters) - Canada&apos;s National Energy Board on Tuesday suspended Montreal hearings on TransCanada Corp&apos;s proposed Energy East pipeline for the rest of the week after protests disrupted the first day on Monday. 
The board, Canada&apos;s energy regulator, also said in a statement it would not proceed with further sessions until it had considered two motions asking for the recusal of members from the panel considering the pipeline. (Reporting by David Ljunggren; Editing by Bernard Orr) Published: August 30, 2016 — 3:31 PM EDT We encourage respectful comments but reserve the right to delete anything that doesn&apos;t contribute to an engaging dialogue Help us moderate this thread by flagging comments that violate our guidelines Click here to take this quick survey. 
</topic_text>
<spam_score>0.23</spam_score>
<post_num>1</post_num>
<post_id>post-1</post_id>
<post_url>http://www.philly.com/philly/wires/reuters/business/report/391779701.html</post_url>
<post_date>20160830</post_date>
<post_time></post_time>
<username></username>
<post>
Canada regulator suspends TransCanada pipeline approval hearing Updated: August 30, 2016 — 3:31 PM EDT Share Close icon Reuters 
Aug 30 (Reuters) - Canada&apos;s National Energy Board on Tuesday suspended Montreal hearings on TransCanada Corp&apos;s proposed Energy East pipeline for the rest of the week after protests disrupted the first day on Monday. 
The board, Canada&apos;s energy regulator, also said in a statement it would not proceed with further sessions until it had considered two motions asking for the recusal of members from the panel considering the pipeline. (Reporting by David Ljunggren; Editing by Bernard Orr) Published: August 30, 2016 — 3:31 PM EDT We encourage respectful comments but reserve the right to delete anything that doesn&apos;t contribute to an engaging dialogue Help us moderate this thread by flagging comments that violate our guidelines Click here to take this quick survey. 
</post>
<signature>

</signature>
<external_links>

</external_links>
<country>US</country>
<main_image>http://media.philly.com/designimages/pcom-FB.jpg</main_image>
</document>
