<?xml version="1.0" encoding="UTF-8"?>
<document>
<type>mainstream</type>
<forum>http://www.elheraldo.hn/csp/mediapool/sites/ElHeraldo/assets/csp/RssFeed.csp?pub=ElHeraldo&amp;section=/Inicio/</forum>
<forum_title>ElHeraldo RSS Feeds - INICIO</forum_title>
<discussion_title>Confirman que restos de Juan Gabriel han sido cremado</discussion_title>
<language>spanish</language>
<gmt_offset></gmt_offset>
<topic_url>http://www.elheraldo.hn/entretenimiento/995194-466/confirman-que-restos-de-juan-gabriel-han-sido-cremado</topic_url>
<topic_text>
Inicio Confirman que restos de Juan Gabriel han sido cremado Afuera del palacio, los admiradores de Juan Gabriel habían comenzado su propio homenaje cantando y bailando sus éxitos mientras sostenían flores, fotografías y letreros Desde que se supo de su muerte el domingo, los seguidores de Juan Gabriel anticipaban su regreso al Palacio de Bellas Artes. Foto: AP Agencia AP 30.08.2016 
Ciudad de México, México El Instituto Nacional de Bellas Artes de México confirmó el martes por la tarde que Juan Gabriel fue cremado en Estados Unidos y reiteró su disposición para realizar un homenaje en el Palacio de Bellas Artes si su familia así lo decide. 
&quot;Nuestra directora general María Cristina García Cepeda ha estado en contacto con Iván, uno de los hijos del señor Juan Gabriel&quot;, dijo a reporteros Roberto Perea, director de difusión y relaciones públicas del instituto. 
&quot;Tenemos confirmado que sus restos fueron cremados en los Estados Unidos, lo que vendría aquí al palacio de Bellas Artes, insisto, si la familia así lo decide, serían las cenizas del señor Juan Gabriel &quot;. 
Afuera del palacio, los admiradores de Juan Gabriel habían comenzado su propio homenaje cantando y bailando sus éxitos mientras sostenían flores, fotografías y letreros con muchos de sus recuerdos más gratos. 
&quot;Su música, su alegría, todo&quot;, dijo a AP Armando Tobías, uno de los admiradores. &quot;Creo que como Juan Gabriel no hay otra persona, no va a haber otro. Yo lloro, va a pasar el tiempo y voy a seguir llorando su ausencia&quot;. 
Desde que se supo de su muerte el domingo, los seguidores de Juan Gabriel anticipaban su regreso al Palacio de Bellas Artes , donde rompió esquemas en 1990 al presentarse tres noches seguidas en un recinto reservado generalmente para ópera, danza y conciertos de música clásica, una hazaña que repitió en el 2013 al cumplir 40 años de trayectoria. 
En Los Ángeles , en tanto, la policía local señaló que los restos del cantante no salieron al aeropuerto internacional de la ciudad como había informado el lunes. 
Los familiares del cantautor dijeron a la policía que había diversos vehículos en la funeraria Malinow &amp; Silverman Mortuary del suroeste de Los Ángeles, donde Juan Gabriel fue velado , y que no iba en uno que se dirigió al aeropuerto y que fue seguido por cámaras de televisión. 
Mira también: ¿Qué es el Noa Noa que cantaba Juan Gabriel? 
El sargento Frank Preciado dijo a The Associated Press el martes por la mañana que los restos fueron llevados a un lugar no especificado y que las autoridades no preguntaron a dónde se dirigía por no tratarse de un asunto policial. 
Alberto Aguilera Valadez , nombre real de Juan Gabriel , falleció el domingo en Santa Mónica, California , dos días después de haber dado su último concierto en Inglewood. Murió de causas naturales a raíz de &quot;problemas cardiacos&quot;, dijo el lunes el forense del condado Los Ángeles. Tenía 66 años. 
Ed Winter, asistente del jefe de investigaciones del forense, dijo a la AP que no le hicieron autopsia porque revisaron su historial médico y determinaron que tenía males cardiacos . 
La primera en dar a conocer la noticia fue la periodista de espectáculos, Mara Patricia Castañeda, a través de su cuenta de Twitter donde reveló que desde el lunes el cuerpo de Juan Gabriel se convirtió en cenizas. A las 20:45 del lunes 29 fueron cremados los restos de Juan Gabriel en Anaheim California. Destino desconocido. Seguiremos informando
</topic_text>
<spam_score>0.00</spam_score>
<post_num>1</post_num>
<post_id>post-1</post_id>
<post_url>http://www.elheraldo.hn/entretenimiento/995194-466/confirman-que-restos-de-juan-gabriel-han-sido-cremado</post_url>
<post_date>20160830</post_date>
<post_time>1705</post_time>
<username></username>
<post>
Inicio Confirman que restos de Juan Gabriel han sido cremado Afuera del palacio, los admiradores de Juan Gabriel habían comenzado su propio homenaje cantando y bailando sus éxitos mientras sostenían flores, fotografías y letreros Desde que se supo de su muerte el domingo, los seguidores de Juan Gabriel anticipaban su regreso al Palacio de Bellas Artes. Foto: AP Agencia AP 30.08.2016 
Ciudad de México, México El Instituto Nacional de Bellas Artes de México confirmó el martes por la tarde que Juan Gabriel fue cremado en Estados Unidos y reiteró su disposición para realizar un homenaje en el Palacio de Bellas Artes si su familia así lo decide. 
&quot;Nuestra directora general María Cristina García Cepeda ha estado en contacto con Iván, uno de los hijos del señor Juan Gabriel&quot;, dijo a reporteros Roberto Perea, director de difusión y relaciones públicas del instituto. 
&quot;Tenemos confirmado que sus restos fueron cremados en los Estados Unidos, lo que vendría aquí al palacio de Bellas Artes, insisto, si la familia así lo decide, serían las cenizas del señor Juan Gabriel &quot;. 
Afuera del palacio, los admiradores de Juan Gabriel habían comenzado su propio homenaje cantando y bailando sus éxitos mientras sostenían flores, fotografías y letreros con muchos de sus recuerdos más gratos. 
&quot;Su música, su alegría, todo&quot;, dijo a AP Armando Tobías, uno de los admiradores. &quot;Creo que como Juan Gabriel no hay otra persona, no va a haber otro. Yo lloro, va a pasar el tiempo y voy a seguir llorando su ausencia&quot;. 
Desde que se supo de su muerte el domingo, los seguidores de Juan Gabriel anticipaban su regreso al Palacio de Bellas Artes , donde rompió esquemas en 1990 al presentarse tres noches seguidas en un recinto reservado generalmente para ópera, danza y conciertos de música clásica, una hazaña que repitió en el 2013 al cumplir 40 años de trayectoria. 
En Los Ángeles , en tanto, la policía local señaló que los restos del cantante no salieron al aeropuerto internacional de la ciudad como había informado el lunes. 
Los familiares del cantautor dijeron a la policía que había diversos vehículos en la funeraria Malinow &amp; Silverman Mortuary del suroeste de Los Ángeles, donde Juan Gabriel fue velado , y que no iba en uno que se dirigió al aeropuerto y que fue seguido por cámaras de televisión. 
Mira también: ¿Qué es el Noa Noa que cantaba Juan Gabriel? 
El sargento Frank Preciado dijo a The Associated Press el martes por la mañana que los restos fueron llevados a un lugar no especificado y que las autoridades no preguntaron a dónde se dirigía por no tratarse de un asunto policial. 
Alberto Aguilera Valadez , nombre real de Juan Gabriel , falleció el domingo en Santa Mónica, California , dos días después de haber dado su último concierto en Inglewood. Murió de causas naturales a raíz de &quot;problemas cardiacos&quot;, dijo el lunes el forense del condado Los Ángeles. Tenía 66 años. 
Ed Winter, asistente del jefe de investigaciones del forense, dijo a la AP que no le hicieron autopsia porque revisaron su historial médico y determinaron que tenía males cardiacos . 
La primera en dar a conocer la noticia fue la periodista de espectáculos, Mara Patricia Castañeda, a través de su cuenta de Twitter donde reveló que desde el lunes el cuerpo de Juan Gabriel se convirtió en cenizas. A las 20:45 del lunes 29 fueron cremados los restos de Juan Gabriel en Anaheim California. Destino desconocido. Seguiremos informando
</post>
<signature>

</signature>
<external_links>

</external_links>
<country>HN</country>
<main_image>http://www.elheraldo.hn/csp/mediapool/sites/dt.common.streams.StreamServer.cls?STREAMOID=3U4B0g8UXjXI83co6lRea8$daE2N3K4ZzOUsqbU5sYtOcNAuNwDLRrYnWRTqlCZ06FB40xiOfUoExWL3M40tfzssyZqpeG_J0TFo7ZhRaDiHC9oxmioMlYVJD0A$3RbIiibgT65kY_CSDiCiUzvHvODrHApbd6ry6YGl5GGOZrs-&amp;CONTENTTYPE=image/jpeg</main_image>
</document>
