<?xml version="1.0" encoding="UTF-8"?>
<document>
<type>mainstream</type>
<forum>http://rzeszowiak.pl//rss/Praca-Zatrudnie.xml</forum>
<forum_title>Praca www.rzeszowiak.pl</forum_title>
<discussion_title>Poszukuję do pracy ...</discussion_title>
<language>polish</language>
<gmt_offset></gmt_offset>
<topic_url>http://www.rzeszowiak.pl/przyjme-od-zaraz-chlopaka-do-pracy-salon-8331716</topic_url>
<topic_text>
Pozostałe zwierzęta 43 Subskrypcja
</topic_text>
<spam_score>0.00</spam_score>
<post_num>1</post_num>
<post_id>post-1</post_id>
<post_url>http://www.rzeszowiak.pl/przyjme-od-zaraz-chlopaka-do-pracy-salon-8331716</post_url>
<post_date>20160830</post_date>
<post_time>1957</post_time>
<username>Poszukuję do pracy</username>
<post>
Pozostałe zwierzęta 43 Subskrypcja
</post>
<signature>

</signature>
<external_links>

</external_links>
<country>PL</country>
<main_image></main_image>
</document>
