<?xml version="1.0" encoding="UTF-8"?>
<document>
<type>mainstream</type>
<forum>http://www.republika.co.id/rss/</forum>
<forum_title>Republika Online RSS Feed</forum_title>
<discussion_title>Kawal Sidang UU Tax Amnesty, Buruh Siap Penuhi Gedung MK</discussion_title>
<language>indonesian</language>
<gmt_offset></gmt_offset>
<topic_url>http://nasional.republika.co.id/berita/nasional/umum/16/08/31/ocr0fq383-kawal-sidang-uu-tax-amnesty-buruh-siap-penuhi-gedung-mk</topic_url>
<topic_text>
 38 WIB Kawal Sidang UU Tax Amnesty, Buruh Siap Penuhi Gedung MK Rep: Dadang Kurnia/ Red: Nidia Zuraya Pengampunan Pajak 
REPUBLIKA.CO.ID, JAKARTA -- Mahkamah Konstitusi (MK) pada hari ini, Rabu (31/8), akan menggelar sidang pertama judicial review UU Tax Amnesty yqng diajukan oleh serikat buruh. Para buruh tersebut berharap majelis hakim MK mengabulkan tuntutannya, dengan membatalkan dan menyatakan tidak berlaku UU Tax Amnesty. 
Bertepatan dengan dimulainya sidang gugatan tersebut, ratusan buruh akan melakukan aksi di depan MK mulai pukul 10.00 WIB. Alasan buruh menolak UU Tax Amnesty adalah karena kebijakan ini dianggap telah mencederai rasa keadilan. 
Dimana, orang kaya pengemplang pajak diampuni, tapi buruh yang selama ini menerima upah murah tetap wajib membayar pajak. &quot;Dalam hal ini, Pemerintah telah melakukan barter hukum ( law enforcement ) dengan uang haram Tax Amnesty,&quot; kata Presiden KSPI Said Iqbal saat dihubungi di Jakarta, Rabu (31/8). 
Menurut Iqbal, UU Tax Amnesty juga menggambarkan pemerintah yang pro pemilik modal dan korporasi. Bagaimana tidak, dengan adanya Tax Amnesty, pengusaha kaya dan korporasi total dilindungi, tetapi kaum buruh ditekan habis-habisan turutama dengan adanya kebijakan PP Nomor 78 Tahun 2015. 
&quot;Ini artinya, pemerintah sangat pro pemodal dan korporasi,&quot; ucap Iqbal. 0 SHARE
</topic_text>
<spam_score>0.00</spam_score>
<post_num>1</post_num>
<post_id>post-1</post_id>
<post_url>http://nasional.republika.co.id/berita/nasional/umum/16/08/31/ocr0fq383-kawal-sidang-uu-tax-amnesty-buruh-siap-penuhi-gedung-mk</post_url>
<post_date>20160831</post_date>
<post_time>0038</post_time>
<username>Nidia Zuraya</username>
<post>
 38 WIB Kawal Sidang UU Tax Amnesty, Buruh Siap Penuhi Gedung MK Rep: Dadang Kurnia/ Red: Nidia Zuraya Pengampunan Pajak 
REPUBLIKA.CO.ID, JAKARTA -- Mahkamah Konstitusi (MK) pada hari ini, Rabu (31/8), akan menggelar sidang pertama judicial review UU Tax Amnesty yqng diajukan oleh serikat buruh. Para buruh tersebut berharap majelis hakim MK mengabulkan tuntutannya, dengan membatalkan dan menyatakan tidak berlaku UU Tax Amnesty. 
Bertepatan dengan dimulainya sidang gugatan tersebut, ratusan buruh akan melakukan aksi di depan MK mulai pukul 10.00 WIB. Alasan buruh menolak UU Tax Amnesty adalah karena kebijakan ini dianggap telah mencederai rasa keadilan. 
Dimana, orang kaya pengemplang pajak diampuni, tapi buruh yang selama ini menerima upah murah tetap wajib membayar pajak. &quot;Dalam hal ini, Pemerintah telah melakukan barter hukum ( law enforcement ) dengan uang haram Tax Amnesty,&quot; kata Presiden KSPI Said Iqbal saat dihubungi di Jakarta, Rabu (31/8). 
Menurut Iqbal, UU Tax Amnesty juga menggambarkan pemerintah yang pro pemilik modal dan korporasi. Bagaimana tidak, dengan adanya Tax Amnesty, pengusaha kaya dan korporasi total dilindungi, tetapi kaum buruh ditekan habis-habisan turutama dengan adanya kebijakan PP Nomor 78 Tahun 2015. 
&quot;Ini artinya, pemerintah sangat pro pemodal dan korporasi,&quot; ucap Iqbal. 0 SHARE
</post>
<signature>

</signature>
<external_links>

</external_links>
<country>ID</country>
<main_image>http://static.republika.co.id/uploads/images/headline_slide/pengampunan-pajak-_160428232738-930.jpg</main_image>
</document>
