<?xml version="1.0" encoding="UTF-8"?>
<document>
<type>mainstream</type>
<forum></forum>
<forum_title></forum_title>
<discussion_title>UPDATE 2-Google cloud unit close to winning PayPal business - CNBC</discussion_title>
<language>english</language>
<gmt_offset></gmt_offset>
<topic_url>http://www.philly.com/philly/wires/reuters/business/report/391747451.html</topic_url>
<topic_text>
UPDATE 2-Google cloud unit close to winning PayPal business - CNBC Updated: August 30, 2016 — 1:24 PM EDT Share Reuters 
(Adds Microsoft&apos;s response) 
Aug 30 (Reuters) - Alphabet Inc&apos;s Google is close to winning PayPal Holdings Inc as a client for its cloud business, potentially beating out Amazon.com Inc and Microsoft Corp, CNBC reported on Tuesday. 
While Google is the front-runner, the online payments processor is evaluating the other providers and hasn&apos;t made any decision yet, CNBC reported, citing people familiar with the matter. (http://cnb.cx/2bGbowT) 
However, PayPal may not move its technology infrastructure in the fourth quarter, the peak period for online commerce, CNBC said. 
PayPal has some existing business with Amazon Web Services, according to the CNBC report. 
Google has been trying to beef up its presence in cloud computing, a market dominated by Amazon and Microsoft. 
Google landed Home Depot Inc as a client in March, highlighting the momentum its cloud business has gained under the leadership of Diane Greene, a co-founder of VMWare Inc . Greene joined Google late last year. 
Google also counts popular messaging app Snapchat and the world&apos;s biggest paid music streaming service, Spotify, as clients. 
Overall, Google was the No. 4 player in cloud infrastructure services last year with a 4 percent market share, according to Synergy Research. 
Amazon&apos;s AWS cornered 31 percent of the market, while Microsoft&apos;s Azure had 9 percent and IBM 7 percent. 
Google, PayPal, Amazon did not respond immediately to a request for comment. Microsoft declined to comment on the report. (Reporting by Rishika Sadam in Bengaluru; Editing by Saumyadeb Chakrabarty) More Coverage 
</topic_text>
<spam_score>0.05</spam_score>
<post_num>1</post_num>
<post_id>post-1</post_id>
<post_url>http://www.philly.com/philly/wires/reuters/business/report/391747451.html</post_url>
<post_date>20160830</post_date>
<post_time></post_time>
<username></username>
<post>
UPDATE 2-Google cloud unit close to winning PayPal business - CNBC Updated: August 30, 2016 — 1:24 PM EDT Share Reuters 
(Adds Microsoft&apos;s response) 
Aug 30 (Reuters) - Alphabet Inc&apos;s Google is close to winning PayPal Holdings Inc as a client for its cloud business, potentially beating out Amazon.com Inc and Microsoft Corp, CNBC reported on Tuesday. 
While Google is the front-runner, the online payments processor is evaluating the other providers and hasn&apos;t made any decision yet, CNBC reported, citing people familiar with the matter. (http://cnb.cx/2bGbowT) 
However, PayPal may not move its technology infrastructure in the fourth quarter, the peak period for online commerce, CNBC said. 
PayPal has some existing business with Amazon Web Services, according to the CNBC report. 
Google has been trying to beef up its presence in cloud computing, a market dominated by Amazon and Microsoft. 
Google landed Home Depot Inc as a client in March, highlighting the momentum its cloud business has gained under the leadership of Diane Greene, a co-founder of VMWare Inc . Greene joined Google late last year. 
Google also counts popular messaging app Snapchat and the world&apos;s biggest paid music streaming service, Spotify, as clients. 
Overall, Google was the No. 4 player in cloud infrastructure services last year with a 4 percent market share, according to Synergy Research. 
Amazon&apos;s AWS cornered 31 percent of the market, while Microsoft&apos;s Azure had 9 percent and IBM 7 percent. 
Google, PayPal, Amazon did not respond immediately to a request for comment. Microsoft declined to comment on the report. (Reporting by Rishika Sadam in Bengaluru; Editing by Saumyadeb Chakrabarty) More Coverage 
</post>
<signature>

</signature>
<external_links>

</external_links>
<country>US</country>
<main_image>http://media.philly.com/designimages/pcom-FB.jpg</main_image>
</document>
