<?xml version="1.0" encoding="UTF-8"?>
<document>
<type>mainstream</type>
<forum>http://www.imeee.cn/rss/184.xml</forum>
<forum_title>美体瘦身</forum_title>
<discussion_title>明星消夏全靠吃 关键是这么吃还不会胖</discussion_title>
<language>chinese</language>
<gmt_offset></gmt_offset>
<topic_url>http://jianfei.imeee.cn/mtss/0S034220252016.html</topic_url>
<topic_text>
2016-08-30 来源: 新浪时尚 编辑: 小娴 
导语：这个夏天热炸了！最近地球大部分地区都进入烤箱模式， 明星 们也难敌这炸裂的气温，纷纷在Instagram上大晒自己的消暑方法，来看看他们都在吃哪些消暑良品吧。 
不只是你，夏日炎炎总想来杯清凉的饮品，但是每次喝都会罪恶满满。
</topic_text>
<spam_score>0.00</spam_score>
<post_num>1</post_num>
<post_id>post-1</post_id>
<post_url>http://jianfei.imeee.cn/mtss/0S034220252016.html</post_url>
<post_date>20160830</post_date>
<post_time>0000</post_time>
<username>小娴</username>
<post>
2016-08-30 来源: 新浪时尚 编辑: 小娴 
导语：这个夏天热炸了！最近地球大部分地区都进入烤箱模式， 明星 们也难敌这炸裂的气温，纷纷在Instagram上大晒自己的消暑方法，来看看他们都在吃哪些消暑良品吧。 
不只是你，夏日炎炎总想来杯清凉的饮品，但是每次喝都会罪恶满满。
</post>
<signature>

</signature>
<external_links>

</external_links>
<country>CN</country>
<main_image></main_image>
</document>
