<?xml version="1.0" encoding="UTF-8"?>
<document>
<type>mainstream</type>
<forum>http://www.fnnews.com/rss/new/fn_realnews_all.xml;jsessionid=F9158A16BC74B97BA5BB1D3CED0357B9</forum>
<forum_title>파이낸셜뉴스 실시간뉴스</forum_title>
<discussion_title>동양매직 UV자외선 살균 기능 적용한 &apos;슈퍼 비데&apos; 출시</discussion_title>
<language>korean</language>
<gmt_offset></gmt_offset>
<topic_url>http://www.fnnews.com/news/201608310835048515</topic_url>
<topic_text>
입력 : 2016.08.31 08:40 | 수정 : 2016.08.31 08:40 동양매직이 UV자외선 살균 기능을 적용한 &apos;슈퍼 비데(모델명:BID-S22)&apos;를 출시했다고 8월31일 밝혔다.슈퍼 비데는 듀얼 노즐 살균 시스템을 채용했다. 오염 물질에 노출 되기 쉬운 노즐 표면을 UV자외선 램프로 99.9% 살균해주고 물을 전기 분해해 만든 전해수 살균수로 이중 살균한다.도기와 노즐을 살균하는 동안 파란불과 발광다이오드(LED) 표시 창에 빛으로 표시해줘 살균 과정을 눈으로 직접 확인할 수 있다. 전해수로 노즐은 물론 변기의 도기와 물통 내부까지 살균해줘 병원성 대장균, 황색포도상규균 등 유해성 세균을 99.9% 없애 준다고 동양매직측은 설명했다.위생성과 경제성도 강화했다. 신형 항균 스테인리스 노즐 채용으로 오물로 인한 벗겨짐과 변색이 없으며, 노즐팁이 기존에 비해 더욱 길어져 노즐과 노즐팁 사이 연결부위의 오염을 최소화 시켰다. 친환경 에코(Eco)설계로 기존 제품 대비 물사용량을 25% 줄였고, 대기전력을 1w미만으로 유지했다.이 밖에 조작부가 변좌 일체형으로 되어 있어 변좌를 올리고 내릴 때 함께 움직이며 건조, 좌욕, 어린이, 절전, 연속온수, 시트 커버소프트 개폐 방식을 채용했다.렌털료는 1년~3년까지는 2만5900원, 4년~5년까지는 2만2900원이다. spring@fnnews.com 이보미 기자
</topic_text>
<spam_score>0.00</spam_score>
<post_num>1</post_num>
<post_id>post-1</post_id>
<post_url>http://www.fnnews.com/news/201608310835048515</post_url>
<post_date>20160830</post_date>
<post_time>2340</post_time>
<username>spring@fnnews.com 이보미</username>
<post>
입력 : 2016.08.31 08:40 | 수정 : 2016.08.31 08:40 동양매직이 UV자외선 살균 기능을 적용한 &apos;슈퍼 비데(모델명:BID-S22)&apos;를 출시했다고 8월31일 밝혔다.슈퍼 비데는 듀얼 노즐 살균 시스템을 채용했다. 오염 물질에 노출 되기 쉬운 노즐 표면을 UV자외선 램프로 99.9% 살균해주고 물을 전기 분해해 만든 전해수 살균수로 이중 살균한다.도기와 노즐을 살균하는 동안 파란불과 발광다이오드(LED) 표시 창에 빛으로 표시해줘 살균 과정을 눈으로 직접 확인할 수 있다. 전해수로 노즐은 물론 변기의 도기와 물통 내부까지 살균해줘 병원성 대장균, 황색포도상규균 등 유해성 세균을 99.9% 없애 준다고 동양매직측은 설명했다.위생성과 경제성도 강화했다. 신형 항균 스테인리스 노즐 채용으로 오물로 인한 벗겨짐과 변색이 없으며, 노즐팁이 기존에 비해 더욱 길어져 노즐과 노즐팁 사이 연결부위의 오염을 최소화 시켰다. 친환경 에코(Eco)설계로 기존 제품 대비 물사용량을 25% 줄였고, 대기전력을 1w미만으로 유지했다.이 밖에 조작부가 변좌 일체형으로 되어 있어 변좌를 올리고 내릴 때 함께 움직이며 건조, 좌욕, 어린이, 절전, 연속온수, 시트 커버소프트 개폐 방식을 채용했다.렌털료는 1년~3년까지는 2만5900원, 4년~5년까지는 2만2900원이다. spring@fnnews.com 이보미 기자
</post>
<signature>

</signature>
<external_links>

</external_links>
<country>KR</country>
<main_image>http://image.fnnews.com/resource/media/image/2016/08/31/201608310839269636_m.jpg</main_image>
</document>
