<?xml version="1.0" encoding="UTF-8"?>
<document>
<type>mainstream</type>
<forum></forum>
<forum_title></forum_title>
<discussion_title>Photos: First Look at Woody Allen&apos;s Amazon Series &apos;Crisis in Six Scenes&apos;</discussion_title>
<language>english</language>
<gmt_offset></gmt_offset>
<topic_url>http://www.philly.com/philly/wires/reuters/entertainment/391763721.html</topic_url>
<topic_text>
Photos: First Look at Woody Allen&apos;s Amazon Series &apos;Crisis in Six Scenes&apos; Updated: August 30, 2016 — 6:42 PM EDT Share 
By Elizabeth Wagmeister 
LOS ANGELES (Variety.com) - The first photos from Woody Allen&apos;s hotly anticipated Amazon series have arrived. 
On Tuesday, seven images from Allen&apos;s &quot;Crisis in Six Scenes&quot; were released, giving a glimpse at Miley Cyrus&apos; hippie character and more. 
&quot;Crisis in Six Scenes&quot; is set in the 1960&apos;s during the turbulent times in the United States, and follows a middle class suburban family who is visited by a guest who turns their household completely upside down. The six-episode, 30-minute comedy is set to launch on Sept. 30. 
Allen created, wrote and directed all six episodes, and stars alongside Cyrus and Elaine May. Rachel Brosnahan and John Magaro are recurring characters, and guest stars include Michael Rapaport, Margaret Ladd, David Harbour, Christine Ebersole, Becky Ann Baker, Lewis Black, Rebecca Schull and Joy Behar, who is pictured in the images below. Erika Aronson is executive producer and Helen Robin is producer. 
Check out the first photos from &quot;Crisis in Six Scenes&quot; here: Published: August 30, 2016 — 1:29 PM EDT | Updated: August 30, 2016 — 6:42 PM EDT We encourage respectful comments but reserve the right to delete anything that doesn&apos;t contribute to an engaging dialogue Help us moderate this thread by flagging comments that violate our guidelines Help us learn more about Philly.com commenters. Click here to take this quick survey. Comment policy: 
Philly.com comments are intended to be civil, friendly conversations. Please treat other participants with respect and in a way that you would want to be treated. You are responsible for what you say. And please, stay on topic. If you see an objectionable post, please report it to us using the &quot;Report Abuse&quot; option. 
Please note that comments are monitored by Philly.com staff. We reserve the right at all times to remove any information or materials that are unlawful, threatening, abusive, libelous, defamatory, obscene, vulgar, pornographic, profane, indecent or otherwise objectionable. Personal attacks, especially on other participants, are not permitted. We reserve the right to permanently block any user who violates these terms and conditions. 
Additionally comments that are long, have multiple paragraph breaks, include code, or include hyperlinks may not be posted. 
</topic_text>
<spam_score>0.04</spam_score>
<post_num>1</post_num>
<post_id>post-1</post_id>
<post_url>http://www.philly.com/philly/wires/reuters/entertainment/391763721.html</post_url>
<post_date>20160830</post_date>
<post_time></post_time>
<username>Elizabeth Wagmeister</username>
<post>
Photos: First Look at Woody Allen&apos;s Amazon Series &apos;Crisis in Six Scenes&apos; Updated: August 30, 2016 — 6:42 PM EDT Share 
By Elizabeth Wagmeister 
LOS ANGELES (Variety.com) - The first photos from Woody Allen&apos;s hotly anticipated Amazon series have arrived. 
On Tuesday, seven images from Allen&apos;s &quot;Crisis in Six Scenes&quot; were released, giving a glimpse at Miley Cyrus&apos; hippie character and more. 
&quot;Crisis in Six Scenes&quot; is set in the 1960&apos;s during the turbulent times in the United States, and follows a middle class suburban family who is visited by a guest who turns their household completely upside down. The six-episode, 30-minute comedy is set to launch on Sept. 30. 
Allen created, wrote and directed all six episodes, and stars alongside Cyrus and Elaine May. Rachel Brosnahan and John Magaro are recurring characters, and guest stars include Michael Rapaport, Margaret Ladd, David Harbour, Christine Ebersole, Becky Ann Baker, Lewis Black, Rebecca Schull and Joy Behar, who is pictured in the images below. Erika Aronson is executive producer and Helen Robin is producer. 
Check out the first photos from &quot;Crisis in Six Scenes&quot; here: Published: August 30, 2016 — 1:29 PM EDT | Updated: August 30, 2016 — 6:42 PM EDT We encourage respectful comments but reserve the right to delete anything that doesn&apos;t contribute to an engaging dialogue Help us moderate this thread by flagging comments that violate our guidelines Help us learn more about Philly.com commenters. Click here to take this quick survey. Comment policy: 
Philly.com comments are intended to be civil, friendly conversations. Please treat other participants with respect and in a way that you would want to be treated. You are responsible for what you say. And please, stay on topic. If you see an objectionable post, please report it to us using the &quot;Report Abuse&quot; option. 
Please note that comments are monitored by Philly.com staff. We reserve the right at all times to remove any information or materials that are unlawful, threatening, abusive, libelous, defamatory, obscene, vulgar, pornographic, profane, indecent or otherwise objectionable. Personal attacks, especially on other participants, are not permitted. We reserve the right to permanently block any user who violates these terms and conditions. 
Additionally comments that are long, have multiple paragraph breaks, include code, or include hyperlinks may not be posted. 
</post>
<signature>

</signature>
<external_links>

</external_links>
<country>US</country>
<main_image>http://media.philly.com/designimages/pcom-FB.jpg</main_image>
</document>
