<?xml version="1.0" encoding="UTF-8"?>
<document>
<type>mainstream</type>
<forum></forum>
<forum_title></forum_title>
<discussion_title>U.S. FDA approves Novartis biosimilar to Amgen&apos;s Enbrel</discussion_title>
<language>english</language>
<gmt_offset></gmt_offset>
<topic_url>http://www.philly.com/philly/wires/reuters/news/report/391788271.html</topic_url>
<topic_text>
U.S. FDA approves Novartis biosimilar to Amgen&apos;s Enbrel Updated: August 30, 2016 — 4:40 PM EDT Share Close icon Reuters 
Aug 30 (Reuters) - The U.S. Food and Drug Administration on Tuesday approved Novartis AG&apos;s biosimilar version of Amgen Inc&apos;s arthritis drug Enbrel. 
The FDA approved the drug, Erelzi, known also as etanercept-szzs, for multiple inflammatory conditions including rheumatoid arthritis and plaque psoriasis, a skin condition. 
The agency approved the drug as a biosimilar, meaning there is no clinically meaningful differences between Erelzi and Enbrel. However, the two drugs are not considered interchangeable and are therefore not called generics. 
Enbrel is a biologic drug made from living cells. Biologics are more difficult to imitate with precision. 
The FDA&apos;s ruling followed a unanimous vote by the agency&apos;s advisory panel in July in favor of approval. 
(Reporting by Toni Clarke in Washington; Editing by Alan Crosby) More Coverage We encourage respectful comments but reserve the right to delete anything that doesn Help us moderate this thread by flagging comments that violate Help us learn more about Philly.com commenters. 
</topic_text>
<spam_score>0.01</spam_score>
<post_num>1</post_num>
<post_id>post-1</post_id>
<post_url>http://www.philly.com/philly/wires/reuters/news/report/391788271.html</post_url>
<post_date>20160830</post_date>
<post_time></post_time>
<username></username>
<post>
U.S. FDA approves Novartis biosimilar to Amgen&apos;s Enbrel Updated: August 30, 2016 — 4:40 PM EDT Share Close icon Reuters 
Aug 30 (Reuters) - The U.S. Food and Drug Administration on Tuesday approved Novartis AG&apos;s biosimilar version of Amgen Inc&apos;s arthritis drug Enbrel. 
The FDA approved the drug, Erelzi, known also as etanercept-szzs, for multiple inflammatory conditions including rheumatoid arthritis and plaque psoriasis, a skin condition. 
The agency approved the drug as a biosimilar, meaning there is no clinically meaningful differences between Erelzi and Enbrel. However, the two drugs are not considered interchangeable and are therefore not called generics. 
Enbrel is a biologic drug made from living cells. Biologics are more difficult to imitate with precision. 
The FDA&apos;s ruling followed a unanimous vote by the agency&apos;s advisory panel in July in favor of approval. 
(Reporting by Toni Clarke in Washington; Editing by Alan Crosby) More Coverage We encourage respectful comments but reserve the right to delete anything that doesn Help us moderate this thread by flagging comments that violate Help us learn more about Philly.com commenters. 
</post>
<signature>

</signature>
<external_links>

</external_links>
<country>US</country>
<main_image>http://media.philly.com/designimages/pcom-FB.jpg</main_image>
</document>
