<?xml version="1.0" encoding="UTF-8"?>
<document>
<type>mainstream</type>
<forum>http://highschoolsports.pennlive.com/news/?fullrss&amp;tags=internal</forum>
<forum_title>PennLive.com News From PennLive.com</forum_title>
<discussion_title>Capital Division Golf</discussion_title>
<language>english</language>
<gmt_offset></gmt_offset>
<topic_url>http://highschoolsports.pennlive.com/news/article/7525373806410041764/capital-division-golf/</topic_url>
<topic_text>
Registration on or use of this site constitutes acceptance of our User Agreement and Privacy Policy 
© 2016 PA Media Group. All rights reserved ( About Us ). The material on this site may not be reproduced, distributed, transmitted, cached or otherwise used, except with the prior written permission of PA Media Group. 
Community Rules apply to all content you upload or otherwise submit to this site.
</topic_text>
<spam_score>0.00</spam_score>
<post_num>1</post_num>
<post_id>post-1</post_id>
<post_url>http://highschoolsports.pennlive.com/news/article/7525373806410041764/capital-division-golf/</post_url>
<post_date>20160830</post_date>
<post_time>2358</post_time>
<username>Todd Evans</username>
<post>
Registration on or use of this site constitutes acceptance of our User Agreement and Privacy Policy 
© 2016 PA Media Group. All rights reserved ( About Us ). The material on this site may not be reproduced, distributed, transmitted, cached or otherwise used, except with the prior written permission of PA Media Group. 
Community Rules apply to all content you upload or otherwise submit to this site.
</post>
<signature>

</signature>
<external_links>

</external_links>
<country>US</country>
<main_image>None</main_image>
</document>
