<?xml version="1.0" encoding="UTF-8"?>
<document>
<type>mainstream</type>
<forum>http://rzeszowiak.pl//rss/Praca-Zatrudnie.xml</forum>
<forum_title>Praca www.rzeszowiak.pl</forum_title>
<discussion_title>SPEDYTOR MIĘDZYNARODOWY- wysokie wynagrodzenie ...</discussion_title>
<language>polish</language>
<gmt_offset></gmt_offset>
<topic_url>http://www.rzeszowiak.pl/agencja-rekrutacyjna-hr-center-kraz-14510-poszukuje-dla-8331494</topic_url>
<topic_text>
Miejsce pracy: RzeszówOpis stanowiska:-Organizacja współpracy z przewoźnikami, budowanie partnerskich relacji i pozyskiwanie do współpracy nowych partnerów transportowych-Kompletowanie i ewidencjonowanie dokumentacji transportowej oraz inne prace administracyjne związane z wykonywaną funkcją-Nadzór nad prawidłowym przebiegiem procesu transportowegoWymagania:-Umiejętności negocjacyjne-Umiejętność budowania długotrwałych relacji z Klientami-Umiejętności efektywnej organizacji pracy własnej-Umiejętność pozyskiwania ładunków w celu organizacji tras po Europie -Samodzielności w działaniu i zdolności pracy pod presją czasu-Języki angielski / niemiecki- doświadczenie na stanowisku spedytoraOferujemy:Zatrudnienie na umowę o pracęMożliwość rozwoju oraz podnoszenia kwalifikacji zawodowychAtrakcyjne wynagrodzenie (5000 zł brutto plus prowizja)Zainteresowane osoby prosimy o presyłanie CV na adres [email protected] zawierającego zapis:W temacie wiadomości prosimy wpisać nazwę stanowiska pracy.Informujemy, że skontaktujemy się z wybranymi osobami.
</topic_text>
<spam_score>0.00</spam_score>
<post_num>1</post_num>
<post_id>post-1</post_id>
<post_url>http://www.rzeszowiak.pl/agencja-rekrutacyjna-hr-center-kraz-14510-poszukuje-dla-8331494</post_url>
<post_date>20160830</post_date>
<post_time>1757</post_time>
<username>SPEDYTOR MIĘDZYNARODOWY- wysokie wynagrodzenie</username>
<post>
Miejsce pracy: RzeszówOpis stanowiska:-Organizacja współpracy z przewoźnikami, budowanie partnerskich relacji i pozyskiwanie do współpracy nowych partnerów transportowych-Kompletowanie i ewidencjonowanie dokumentacji transportowej oraz inne prace administracyjne związane z wykonywaną funkcją-Nadzór nad prawidłowym przebiegiem procesu transportowegoWymagania:-Umiejętności negocjacyjne-Umiejętność budowania długotrwałych relacji z Klientami-Umiejętności efektywnej organizacji pracy własnej-Umiejętność pozyskiwania ładunków w celu organizacji tras po Europie -Samodzielności w działaniu i zdolności pracy pod presją czasu-Języki angielski / niemiecki- doświadczenie na stanowisku spedytoraOferujemy:Zatrudnienie na umowę o pracęMożliwość rozwoju oraz podnoszenia kwalifikacji zawodowychAtrakcyjne wynagrodzenie (5000 zł brutto plus prowizja)Zainteresowane osoby prosimy o presyłanie CV na adres [email protected] zawierającego zapis:W temacie wiadomości prosimy wpisać nazwę stanowiska pracy.Informujemy, że skontaktujemy się z wybranymi osobami.
</post>
<signature>

</signature>
<external_links>

</external_links>
<country>PL</country>
<main_image></main_image>
</document>
