<?xml version="1.0" encoding="UTF-8"?>
<document>
<type>mainstream</type>
<forum>http://www.startribune.com/opinion/index.rss2</forum>
<forum_title>Opinion</forum_title>
<discussion_title>10 good questions for Hillary Clinton</discussion_title>
<language>english</language>
<gmt_offset></gmt_offset>
<topic_url>http://www.startribune.com/10-good-questions-for-hillary-clinton/391755031/</topic_url>
<topic_text>
Like many politicians, Hillary Clinton does not enjoy giving news conferences, and of late she has decided not to bother; the last one she held was in December. But this symptom of her strained relationship with the press is itself becoming a source of displeasure from reporters, and she and her campaign find themselves being asked about it again and again.
The Clinton campaign protests that she has done hundreds of interviews, which is basically true. An NPR analysis found that while Clinton has indeed done 350 interviews in 2016, most of them were for television or radio (where they’re usually shorter), many were with local outlets, and some were with people who weren’t actually journalists.
In any case, it’s obvious that reporters aren’t going to let this go, and they’re being encouraged by Republicans. That increases the chances that in order to put the issue to rest she’ll give in and have a news conference. Should that happen, it will probably be much less interesting and enlightening than we’d hope for, because news conferences are actually not a uniquely revealing format for candidates. Skilled politicians can bob and weave to avoid questions they’d prefer not to answer. The fact that each reporter will get one crack at the candidate encourages them to come up with a dramatic “gotcha” that might get replayed on the news. So while news conferences sometimes produce memorable moments, they seldom produce anything genuinely enlightening.
But it doesn’t have to be that way. Here are some questions reporters could ask, questions that aren’t about the current state of the polls, or about saying “people don’t like you — how do you explain that?” (which Clinton gets asked innumerable times) or about trying to get her to say something nasty about Donald Trump. Good questions might help illuminate the job she’d be doing as president, or some facet of policy or her own thinking. Here are 10 examples:
• There’s no question that the “vast right-wing conspiracy” you described almost 20 years ago will be mobilized in force to undermine your presidency. There will be lawsuits, a blizzard of Freedom of Information Act requests, constant congressional investigations, and who knows what else. From what you’ve seen, how does that opposition affect the work the administration does? Are there lessons from how your husband’s administration and Barack Obama’s administration dealt with it — not to mention your own experience with things like Benghazi and the e-mail controversy — that you plan to apply?
• You’ve said it was a mistake to use a private e-mail system while you were in the State Department, and you apologized for it. One of the issues that controversy raised is the question of the security of intra-government communication. If you become president, how do you think people who work for you should communicate electronically, and what would you like to change about the way federal government systems operate now? Are you going to be giving special instructions about what people should and shouldn’t use e-mail for?
• You often point to the successes that your husband’s administration had, particularly on the economy. But there’s a case to be made that he was mostly lucky to be in office when the first tech bubble inflated. How much control do you think the president really has over the state of the economy? How do the limits of that influence affect the policy choices you’ll make?
• The Affordable Care Act has been a great success in many ways, but the exchanges are experiencing problems now, with some insurers departing because they say they aren’t making enough money. Can you name two or three of the most important changes you’d like to make to the law to shore it up? Do you think it’s possible to get Republicans, who have voted to repeal the ACA over 50 times, to ever pass a bill to improve it when they’re so determined to destroying it completely?
• We have constant arguments about the scope of presidential power; Democrats thought George W. Bush pushed the limits of that power, and Republicans think President Obama has done the same. Do you feel that the executive branch has too much, too little, or the right amount of power right now? Are there areas you’d like to pull back from the authority Obama has claimed? Areas where you’d like to go further?
• The terrorism problem has continually morphed in response to events and our own actions; we had success in degrading Al-Qaida, a relatively centralized organization, only to watch the rise of the Islamic State in Iraq and the Levant, which is happy to encourage people to launch attacks anywhere with little supervision. If ISIL is eradicated, there will probably be some successor. Is some degree of terrorism inevitable? How do we minimize the impact of the next terrorist movement?
• You have proposed some changes to the Obama administration’s policy in Syria, but they’re not exactly dramatic (a no-fly zone is one). Is this an example of a situation where the U.S. has no good options and it isn’t within our power to determine the outcome of a local conflict without doing something like invading, which causes more problems than it creates? When we face situations like that, should the president tell the public up front that there are some problems we can’t solve?
• The Obama years have taught us that “reaching out” to the opposition doesn’t work if they have their own incentives not to cooperate with the president. If they hold on to one or both houses, Republicans could conclude that the strategy of total opposition has worked pretty well for them, and they ought to just keep it up. You have a lot of liberal policy ideas that would require legislation. What will you do if they refuse to enact any of them, and you have to fight just to keep the government open?
• No one can deny that your relationship with the press has been less than comfortable, and pretty much every president thinks their coverage is less than fair. What do you think reporters ought to do when it comes to covering the president that they haven’t done in the past?
• You’ve seen two presidents up close. What’s the most difficult thing about that job, and how are you preparing to handle it?
That’s just a start, and all of these questions might be better answered in long interviews, where one can ask follow-up questions. But if Clinton does decide to do a news conference, the purpose of the questions shouldn’t be to “make news,” since in practice that means “get the candidate to say something stupid or controversial.” Rather, a better goal is to elicit answers that help us understand Clinton and what kind of president she’d be. That’s particularly important, given that we don’t know how many chances we’ll get.
Paul Waldman is a contributor to the Washington Post’s Plum Line blog, for which this article was written, and is a senior writer at the American Prospect.
</topic_text>
<spam_score>0.00</spam_score>
<post_num>6</post_num>
<post_id>post-6</post_id>
<post_url>http://www.startribune.com/10-good-questions-for-hillary-clinton/391755031/</post_url>
<post_date>20160830</post_date>
<post_time>2057</post_time>
<username>twinman55</username>
<post>
Just what HIllary needs, softball questions from progressive journalists.
</post>
<signature>

</signature>
<external_links>

</external_links>
<country>US</country>
<main_image>http://stmedia.stimg.co/ows_147257421930868.jpg?h=630&amp;amp;w=1200&amp;amp;fit=crop&amp;amp;bg=999&amp;amp;crop=faces</main_image>
</document>
