<?xml version="1.0" encoding="UTF-8"?>
<document>
<type>mainstream</type>
<forum>http://rssfeeds.ktvb.com/_/20/109487950/ktvb/local</forum>
<forum_title>KTVB - Local</forum_title>
<discussion_title>Eastern Idaho dairy expanding to Boise</discussion_title>
<language>english</language>
<gmt_offset></gmt_offset>
<topic_url>http://rssfeeds.ktvb.com/_/20/109487950/ktvb/http&amp;#x3a;&amp;#x2f;&amp;#x2f;www&amp;#x2e;ktvb&amp;#x2e;com&amp;#x2f;money&amp;#x2f;eastern-idaho-dairy-expanding-to-boise&amp;#x2f;311453209</topic_url>
<topic_text>
Eastern Idaho dairy expanding to Boise KTVB 6:19   Reed&apos;s Dairy plans to start selling its milk in Boise. CONNECT TWEET LINKEDIN GOOGLE+ PINTEREST 
BOISE - An eastern Idaho dairy is planning to expand to Boise along with its door-to-door delivery service. 
Reed&apos;s Dairy started back in 1955 when a couple of brothers bought some milk cows. They started delivering in 1962. 
Now they say the move to the City of Trees will keep them selling milk. 
&quot;We really were wondering how long we were going to stay in the milk business,” said Alan Reed, President of Reed&apos;s Dairy. “We were going to stay in the ice cream business for good but we just didn&apos;t know about the milk business just because we were losing money on that milk we were sending to another plant, so when this come about then we were able to run all that through our own processing plant, which provided us a chance to make some profit on it by shipping it over to Boise.&quot; 
Reed&apos;s Dairy is hoping to open a store in Boise next spring. 
Copyright 2016 KTVB
</topic_text>
<spam_score>0.00</spam_score>
<post_num>1</post_num>
<post_id>post-1</post_id>
<post_url>http://rssfeeds.ktvb.com/_/20/109487950/ktvb/http&amp;#x3a;&amp;#x2f;&amp;#x2f;www&amp;#x2e;ktvb&amp;#x2e;com&amp;#x2f;money&amp;#x2f;eastern-idaho-dairy-expanding-to-boise&amp;#x2f;311453209</post_url>
<post_date>20160831</post_date>
<post_time>0019</post_time>
<username></username>
<post>
Eastern Idaho dairy expanding to Boise KTVB 6:19   Reed&apos;s Dairy plans to start selling its milk in Boise. CONNECT TWEET LINKEDIN GOOGLE+ PINTEREST 
BOISE - An eastern Idaho dairy is planning to expand to Boise along with its door-to-door delivery service. 
Reed&apos;s Dairy started back in 1955 when a couple of brothers bought some milk cows. They started delivering in 1962. 
Now they say the move to the City of Trees will keep them selling milk. 
&quot;We really were wondering how long we were going to stay in the milk business,” said Alan Reed, President of Reed&apos;s Dairy. “We were going to stay in the ice cream business for good but we just didn&apos;t know about the milk business just because we were losing money on that milk we were sending to another plant, so when this come about then we were able to run all that through our own processing plant, which provided us a chance to make some profit on it by shipping it over to Boise.&quot; 
Reed&apos;s Dairy is hoping to open a store in Boise next spring. 
Copyright 2016 KTVB
</post>
<signature>

</signature>
<external_links>

</external_links>
<country>US</country>
<main_image>http://content.ktvb.com/photo/2016/08/30/milk_1472602737566_5885258_ver1.0_640_360.JPG</main_image>
</document>
