<?xml version="1.0" encoding="UTF-8"?>
<document>
<type>mainstream</type>
<forum></forum>
<forum_title></forum_title>
<discussion_title>As anthem controversy simmers, Kaepernick prepares to play</discussion_title>
<language>english</language>
<gmt_offset></gmt_offset>
<topic_url>http://www.philly.com/philly/wires/ap/sports/391788801.html</topic_url>
<topic_text>
As anthem controversy simmers, Kaepernick prepares to play Updated: August 30, 2016 — 3:43 PM EDT Share JOSH DUBOW The Associated Press 
SANTA CLARA, Calif. (AP) - Colin Kaepernick will get one more chance to impress coach Chip Kelly before the San Francisco 49ers announce their starting quarterback even as the debate surrounding Kaepernick&apos;s refusal to stand for the national anthem remains heated. 
Kelly said Tuesday that Kaepernick will play in the team&apos;s final exhibition game Thursday night in San Diego after missing the first two preseason games with a tired shoulder. This will be Kaepernick&apos;s first game since he spoke publicly over his anthem protest, saying he won&apos;t stand during the anthem because of what he described as oppression of minorities in the United States. 
The 49ers declined to comment on whether there will be increased security in place for the game in San Diego when Kaepernick has said he once again will sit during the national anthem. 
Blaine Gabbert, who is also in the running for the starting job, won&apos;t play because he has gotten 30 more plays in the preseason and Kelly does not need to evaluate him further. 
Kelly said he will pick a starter for the regular season opener against Los Angeles on Sept. 12 sometime after Thursday night&apos;s game. He said Kaepernick remains one of his two best quarterbacks. 
Despite that, Kelly said general manager Trent Baalke will make the final call on whether Kaepernick remains on the team&apos;s roster after the cut to 53 players on Saturday. 
&quot;It&apos;s not up to me,&quot; Kelly said. &quot;Any decisions on this team are made through everybody. I do not have control of the 53-man roster. I don&apos;t sit there and say this is the 53 we&apos;re picking. It&apos;s a group effort.&quot; 
Kelly said he wasn&apos;t sure how many quarterbacks the team will keep for the regular season. Rookie Jeff Driskel and Christian Ponder are the other two quarterbacks on the roster. 
Kelly said the swirling drama around Kaepernick&apos;s protest hasn&apos;t hindered the team as it prepares for the new season despite an increased media attention since Kaepernick&apos;s stance became public on Saturday. 
&quot;When you talk to our players, they&apos;re focused on the 2016 season and how good a team the San Francisco 49ers can be,&quot; Kelly said. &quot;As we said all along, we recognize his right to express his feelings, but that doesn&apos;t affect what we do from when we get here at 8:15 in the morning and leave at 8 o&apos;clock at night.&quot; 
Perhaps the bigger issue when it comes to Kaepernick&apos;s status on the team has been his declining play. After leading the team to the Super Bowl following the 2012 season and getting back to the NFC championship game the following year, Kaepernick&apos;s play has regressed. 
He ended up losing his starting job to Gabbert midway through last season and then underwent three operations in the offseason on his non-throwing shoulder, right thumb and left knee. He couldn&apos;t participate in the offseason program and lost weight during his rehabilitation. 
Kaepernick then missed nearly two weeks of training camp with a tired shoulder and was ineffective in his first appearance of the preseason last Friday night against Green Bay. 
Kaepernick&apos;s protest has drawn reaction from around the world from athletes, politicians and others. Hall of Fame running back Jim Brown, a civil rights activist during his career, told NFL Network that Kaepernick makes &quot;all the sense in the world&quot; and that he stands behind him &quot;100 percent.&quot; 
But Brown also said he would not choose to protest in this manner. 
&quot;Now if you ask me, &apos;Would I do that?&apos; No I won&apos;t, because I see it a little differently,&quot; he said. &quot;I&apos;m an American citizen, I pay my taxes, I want my equal rights but this is my country, and consequently I don&apos;t want to open up for ISIS or anybody that will take away what we&apos;ve already gained.&quot; 
Hall of Fame basketball player Kareem Abdul-Jabbar, another activist from the 1960s, said it is more concerning that the country still faces many of the same issues that athletes like himself, Brown, boxer Muhammad Ali, and Olympic sprinters Tommie Smith and John Carlos protested nearly a half-century ago. 
&quot;What should horrify Americans is not Kaepernick&apos;s choice to remain seated during the national anthem, but that nearly 50 years after Ali was banned from boxing for his stance and Tommie Smith and John Carlos&apos;s raised fists caused public ostracization and numerous death threats, we still need to call attention to the same racial inequities,&quot; Abdul-Jabbar wrote in the Washington Post on Tuesday. &quot;Failure to fix this problem is what&apos;s really un-American here.&quot; 
NOTES: The Niners placed WE Bruce Ellington on IR with a hamstring injury and released LB Jason Fanaika to get down to the 75-man roster limit. 
___ 
AP NFL website: www.pro32.ap.org and www.twitter.com/AP_NFL More Coverage 
</topic_text>
<spam_score>0.19</spam_score>
<post_num>1</post_num>
<post_id>post-1</post_id>
<post_url>http://www.philly.com/philly/wires/ap/sports/391788801.html</post_url>
<post_date>20160830</post_date>
<post_time></post_time>
<username>Josh Dubow</username>
<post>
As anthem controversy simmers, Kaepernick prepares to play Updated: August 30, 2016 — 3:43 PM EDT Share JOSH DUBOW The Associated Press 
SANTA CLARA, Calif. (AP) - Colin Kaepernick will get one more chance to impress coach Chip Kelly before the San Francisco 49ers announce their starting quarterback even as the debate surrounding Kaepernick&apos;s refusal to stand for the national anthem remains heated. 
Kelly said Tuesday that Kaepernick will play in the team&apos;s final exhibition game Thursday night in San Diego after missing the first two preseason games with a tired shoulder. This will be Kaepernick&apos;s first game since he spoke publicly over his anthem protest, saying he won&apos;t stand during the anthem because of what he described as oppression of minorities in the United States. 
The 49ers declined to comment on whether there will be increased security in place for the game in San Diego when Kaepernick has said he once again will sit during the national anthem. 
Blaine Gabbert, who is also in the running for the starting job, won&apos;t play because he has gotten 30 more plays in the preseason and Kelly does not need to evaluate him further. 
Kelly said he will pick a starter for the regular season opener against Los Angeles on Sept. 12 sometime after Thursday night&apos;s game. He said Kaepernick remains one of his two best quarterbacks. 
Despite that, Kelly said general manager Trent Baalke will make the final call on whether Kaepernick remains on the team&apos;s roster after the cut to 53 players on Saturday. 
&quot;It&apos;s not up to me,&quot; Kelly said. &quot;Any decisions on this team are made through everybody. I do not have control of the 53-man roster. I don&apos;t sit there and say this is the 53 we&apos;re picking. It&apos;s a group effort.&quot; 
Kelly said he wasn&apos;t sure how many quarterbacks the team will keep for the regular season. Rookie Jeff Driskel and Christian Ponder are the other two quarterbacks on the roster. 
Kelly said the swirling drama around Kaepernick&apos;s protest hasn&apos;t hindered the team as it prepares for the new season despite an increased media attention since Kaepernick&apos;s stance became public on Saturday. 
&quot;When you talk to our players, they&apos;re focused on the 2016 season and how good a team the San Francisco 49ers can be,&quot; Kelly said. &quot;As we said all along, we recognize his right to express his feelings, but that doesn&apos;t affect what we do from when we get here at 8:15 in the morning and leave at 8 o&apos;clock at night.&quot; 
Perhaps the bigger issue when it comes to Kaepernick&apos;s status on the team has been his declining play. After leading the team to the Super Bowl following the 2012 season and getting back to the NFC championship game the following year, Kaepernick&apos;s play has regressed. 
He ended up losing his starting job to Gabbert midway through last season and then underwent three operations in the offseason on his non-throwing shoulder, right thumb and left knee. He couldn&apos;t participate in the offseason program and lost weight during his rehabilitation. 
Kaepernick then missed nearly two weeks of training camp with a tired shoulder and was ineffective in his first appearance of the preseason last Friday night against Green Bay. 
Kaepernick&apos;s protest has drawn reaction from around the world from athletes, politicians and others. Hall of Fame running back Jim Brown, a civil rights activist during his career, told NFL Network that Kaepernick makes &quot;all the sense in the world&quot; and that he stands behind him &quot;100 percent.&quot; 
But Brown also said he would not choose to protest in this manner. 
&quot;Now if you ask me, &apos;Would I do that?&apos; No I won&apos;t, because I see it a little differently,&quot; he said. &quot;I&apos;m an American citizen, I pay my taxes, I want my equal rights but this is my country, and consequently I don&apos;t want to open up for ISIS or anybody that will take away what we&apos;ve already gained.&quot; 
Hall of Fame basketball player Kareem Abdul-Jabbar, another activist from the 1960s, said it is more concerning that the country still faces many of the same issues that athletes like himself, Brown, boxer Muhammad Ali, and Olympic sprinters Tommie Smith and John Carlos protested nearly a half-century ago. 
&quot;What should horrify Americans is not Kaepernick&apos;s choice to remain seated during the national anthem, but that nearly 50 years after Ali was banned from boxing for his stance and Tommie Smith and John Carlos&apos;s raised fists caused public ostracization and numerous death threats, we still need to call attention to the same racial inequities,&quot; Abdul-Jabbar wrote in the Washington Post on Tuesday. &quot;Failure to fix this problem is what&apos;s really un-American here.&quot; 
NOTES: The Niners placed WE Bruce Ellington on IR with a hamstring injury and released LB Jason Fanaika to get down to the 75-man roster limit. 
___ 
AP NFL website: www.pro32.ap.org and www.twitter.com/AP_NFL More Coverage 
</post>
<signature>

</signature>
<external_links>

</external_links>
<country>US</country>
<main_image>http://media.philly.com/designimages/pcom-FB.jpg</main_image>
</document>
