<?xml version="1.0" encoding="UTF-8"?>
<document>
<type>mainstream</type>
<forum>http://rzeszowiak.pl//rss/Praca-Zatrudnie.xml</forum>
<forum_title>Praca www.rzeszowiak.pl</forum_title>
<discussion_title>Fryzjer/Fryzjerka ...</discussion_title>
<language>polish</language>
<gmt_offset></gmt_offset>
<topic_url>http://www.rzeszowiak.pl/agencja-rekrutacyjna-hr-center-kraz-14510-dla-klienta-8331482</topic_url>
<topic_text>
- kreatywność, - komunikatywność Oferujemy:- pracę w firmie o ugruntowanej pozycji na rynku- możliwość rozwoju oraz szkolenia podnoszące kwalifikacje- umowę o pracę na czas określony- atrakcyjny system wynagrodzenia [email protected] &quot;Wyrażam zgodę na przetwarzanie moich danych osobowych dla potrzeb niezbędnych do realizacji procesu rekrutacji zgodnie z ustawą z dnia 29 sierpnia 1997 r. o ochronie danych osobowych (Dz. U. z 2002 r. Nr 101, p oz. 926, ze zm.)&quot;.W temacie wiadomości prosimy wpisać nazwę stanowiska pracy.Informujemy, że skontaktujemy się z wybranymi osobami.
</topic_text>
<spam_score>0.00</spam_score>
<post_num>1</post_num>
<post_id>post-1</post_id>
<post_url>http://www.rzeszowiak.pl/agencja-rekrutacyjna-hr-center-kraz-14510-dla-klienta-8331482</post_url>
<post_date>20160830</post_date>
<post_time>1753</post_time>
<username>Fryzjer/Fryzjerka</username>
<post>
- kreatywność, - komunikatywność Oferujemy:- pracę w firmie o ugruntowanej pozycji na rynku- możliwość rozwoju oraz szkolenia podnoszące kwalifikacje- umowę o pracę na czas określony- atrakcyjny system wynagrodzenia [email protected] &quot;Wyrażam zgodę na przetwarzanie moich danych osobowych dla potrzeb niezbędnych do realizacji procesu rekrutacji zgodnie z ustawą z dnia 29 sierpnia 1997 r. o ochronie danych osobowych (Dz. U. z 2002 r. Nr 101, p oz. 926, ze zm.)&quot;.W temacie wiadomości prosimy wpisać nazwę stanowiska pracy.Informujemy, że skontaktujemy się z wybranymi osobami.
</post>
<signature>

</signature>
<external_links>

</external_links>
<country>PL</country>
<main_image></main_image>
</document>
