<?xml version="1.0" encoding="UTF-8"?>
<document>
<type>mainstream</type>
<forum>http://www.elheraldo.hn/csp/mediapool/sites/ElHeraldo/assets/csp/RssFeed.csp?pub=ElHeraldo&amp;section=/Inicio/</forum>
<forum_title>ElHeraldo RSS Feeds - INICIO</forum_title>
<discussion_title>Estudiantes de bellas artes realizan singular protesta</discussion_title>
<language>spanish</language>
<gmt_offset></gmt_offset>
<topic_url>http://www.elheraldo.hn/tegucigalpa/995149-466/estudiantes-de-bellas-artes-realizan-singular-protesta</topic_url>
<topic_text>
Inicio Estudiantes de bellas artes realizan singular protesta Tal acción se debe a que una pared lateral de la estructura de su instituto se derrumbó de manera reciente Vale resaltar que solo Honduras y Costa Rica poseen una escuela de arte a nivel medio. Redacción 30.08.2016 
Tegucigalpa, Honduras Coloridos dibujos elaborados sobre el asfalto y muestras de pintura es la manera de solicitar apoyo de los estudiantes y docentes de la Escuela Nacional de Bellas Artes (ENBA). 
Y es que como medida de presión, los alumnos realizan una protesta en las vías de acceso a la institución. 
Tal acción se debe a que una pared lateral de la estructura se derrumbó de manera reciente. 
&quot;No es posible que una escuela como la ENBA , no tenga respuesta de las autoridades de Educación, solicitamos una respuesta, porque en cualquier momento el edificio puede caer&quot; explicó Carlos Lanza, docente de la escuela de arte. 
Asimismo se informó que solo Honduras y Costa Rica poseen una escuela de arte a nivel medio.
</topic_text>
<spam_score>0.00</spam_score>
<post_num>1</post_num>
<post_id>post-1</post_id>
<post_url>http://www.elheraldo.hn/tegucigalpa/995149-466/estudiantes-de-bellas-artes-realizan-singular-protesta</post_url>
<post_date>20160830</post_date>
<post_time>1506</post_time>
<username></username>
<post>
Inicio Estudiantes de bellas artes realizan singular protesta Tal acción se debe a que una pared lateral de la estructura de su instituto se derrumbó de manera reciente Vale resaltar que solo Honduras y Costa Rica poseen una escuela de arte a nivel medio. Redacción 30.08.2016 
Tegucigalpa, Honduras Coloridos dibujos elaborados sobre el asfalto y muestras de pintura es la manera de solicitar apoyo de los estudiantes y docentes de la Escuela Nacional de Bellas Artes (ENBA). 
Y es que como medida de presión, los alumnos realizan una protesta en las vías de acceso a la institución. 
Tal acción se debe a que una pared lateral de la estructura se derrumbó de manera reciente. 
&quot;No es posible que una escuela como la ENBA , no tenga respuesta de las autoridades de Educación, solicitamos una respuesta, porque en cualquier momento el edificio puede caer&quot; explicó Carlos Lanza, docente de la escuela de arte. 
Asimismo se informó que solo Honduras y Costa Rica poseen una escuela de arte a nivel medio.
</post>
<signature>

</signature>
<external_links>

</external_links>
<country>HN</country>
<main_image>http://www.elheraldo.hn/csp/mediapool/sites/dt.common.streams.StreamServer.cls?STREAMOID=XzPCY3s7Yiea6pJlHOqpQM$daE2N3K4ZzOUsqbU5sYt3BRCPg87_n02T3KknsSN36FB40xiOfUoExWL3M40tfzssyZqpeG_J0TFo7ZhRaDiHC9oxmioMlYVJD0A$3RbIiibgT65kY_CSDiCiUzvHvODrHApbd6ry6YGl5GGOZrs-&amp;CONTENTTYPE=image/jpeg</main_image>
</document>
