<?xml version="1.0" encoding="UTF-8"?>
<document>
<type>mainstream</type>
<forum>http://rssfeeds.11alive.com/_/20/109695998/wxia-entertainment</forum>
<forum_title>WXIA - Entertainment</forum_title>
<discussion_title>Georgia mansion built for $40M sells...</discussion_title>
<language>english</language>
<gmt_offset></gmt_offset>
<topic_url>http://rssfeeds.11alive.com/_/20/109695998/http&amp;#x3a;&amp;#x2f;&amp;#x2f;www&amp;#x2e;11alive&amp;#x2e;com&amp;#x2f;news&amp;#x2f;local&amp;#x2f;georgia-mansion-built-for-40m-sells-for-88m&amp;#x2f;311451027</topic_url>
<topic_text>
Georgia mansion built for $40M sells for $8.8M WXIA 8:39   (Photo: TopTenRealEstate.com) CONNECT TWEET LINKEDIN GOOGLE+ PINTEREST 
SUWANEE, Ga. -- A never-before-lived-in Georgia mansion that cost $40 million to build has been sold for less than $9 million. 
The Rose Hill Estate in Suwanee was one of the 25 larges homes for sale in the country. Back in January 2015, it was listed at $13.995 million. A few months later, it dropped to $10.9 million, but still had no takers. 
Earlier this year, the price fell to $9.9 million. Finally, after cutting another million off the offer price, the mansion sold for $8.8 million, Atlanta Business Chronicle&apos;s Phil Hudson reports. 
The stunning and tastefully executed 35,100-square-foot, eight bedroom, seventeen (yes, 17) bath mansion rests on 14.5 gloriously landscaped acres. Aptly named, the Rose Hill Estate has its own dedicated flower room with banks of refrigeration, cabinets for containers, sinks and arranging tables. 
PHOTOS: Georgia mansion for sale Loading... Considered to be one of the 25 largest homes for sale in the country, the never-lived-in Rose Hill Estate cost $40 million to build and is for sale for $9.9 million (Photos:TopTenRealEstateDeals.com) WXIA Considered to be one of the 25 largest homes for sale in the country, never-lived-in Rose Hill Estate cost $40 million to build, listed at $9.9 million. (Photos:TopTenRealEstateDeals.com) TopTenRealEstateDeals.com, Custom Considered to be one of the 25 largest homes for sale in the country, never-lived-in Rose Hill Estate cost $40 million to build, listed at $13.995 million. (Photos:TopTenRealEstateDeals.com) TopTenRealEstateDeals.com, Custom Considered to be one of the 25 largest homes for sale in the country, never-lived-in Rose Hill Estate cost $40 million to build, listed at $13.995 million. (Photos:TopTenRealEstateDeals.com) TopTenRealEstateDeals.com, Custom Considered to be one of the 25 largest homes for sale in the country, never-lived-in Rose Hill Estate cost $40 million to build, listed at $13.995 million. (Photos:TopTenRealEstateDeals.com) TopTenRealEstateDeals.com, Custom Considered to be one of the 25 largest homes for sale in the country, never-lived-in Rose Hill Estate cost $40 million to build, listed at $13.995 million. (Photos:TopTenRealEstateDeals.com) TopTenRealEstateDeals.com, Custom Considered to be one of the 25 largest homes for sale in the country, never-lived-in Rose Hill Estate cost $40 million to build, listed at $13.995 million. (Photos:TopTenRealEstateDeals.com) TopTenRealEstateDeals.com, Custom Considered to be one of the 25 largest homes for sale in the country, never-lived-in Rose Hill Estate cost $40 million to build, listed at $13.995 million. (Photos:TopTenRealEstateDeals.com) TopTenRealEstateDeals.com, Custom Considered to be one of the 25 largest homes for sale in the country, never-lived-in Rose Hill Estate cost $40 million to build, listed at $13.995 million. (Photos:TopTenRealEstateDeals.com) TopTenRealEstateDeals.com, Custom Considered to be one of the 25 largest homes for sale in the country, never-lived-in Rose Hill Estate cost $40 million to build, listed at $13.995 million. (Photos:TopTenRealEstateDeals.com) TopTenRealEstateDeals.com, Custom Considered to be one of the 25 largest homes for sale in the country, never-lived-in Rose Hill Estate cost $40 million to build, listed at $13.995 million. (Photos:TopTenRealEstateDeals.com) TopTenRealEstateDeals.com, Custom Custom Custom Considered to be one of the 25 largest homes for sale in the country, never-lived-in Rose Hill Estate cost $40 million to build, listed at $13.995 million. (Photos:TopTenRealEstateDeals.com) TopTenRealEstateDeals.com, Custom Considered to be one of the 25 largest homes for sale in the country, never-lived-in Rose Hill Estate cost $40 million to build, listed at $13.995 million. (Photos:TopTenRealEstateDeals.com) TopTenRealEstateDeals.com, Custom Considered to be one of the 25 largest homes for sale in the country, never-lived-in Rose Hill Estate cost $40 million to build, listed at $13.995 million. (Photos:TopTenRealEstateDeals.com) TopTenRealEstateDeals.com, Custom Considered to be one of the 25 largest homes for sale in the country, never-lived-in Rose Hill Estate cost $40 million to build, listed at $13.995 million. (Photos:TopTenRealEstateDeals.com) TopTenRealEstateDeals.com, Custom Considered to be one of the 25 largest homes for sale in the country, never-lived-in Rose Hill Estate cost $40 million to build, listed at $13.995 million. (Photos:TopTenRealEstateDeals.com) TopTenRealEstateDeals.com, Custom Considered to be one of the 25 largest homes for sale in the country, never-lived-in Rose Hill Estate cost $40 million to build, listed at $13.995 million. (Photos:TopTenRealEstateDeals.com) TopTenRealEstateDeals.com, Custom Considered to be one of the 25 largest homes for sale in the country, never-lived-in Rose Hill Estate cost $40 million to build, listed at $13.995 million. (Photos:TopTenRealEstateDeals.com) TopTenRealEstateDeals.com, Custom Considered to be one of the 25 largest homes for sale in the country, never-lived-in Rose Hill Estate cost $40 million to build, listed at $13.995 million. (Photos:TopTenRealEstateDeals.com) TopTenRealEstateDeals.com, Custom Considered to be one of the 25 largest homes for sale in the country, never-lived-in Rose Hill Estate cost $40 million to build, listed at $13.995 million. (Photos:TopTenRealEstateDeals.com) TopTenRealEstateDeals.com, Custom Considered to be one of the 25 largest homes for sale in the country, never-lived-in Rose Hill Estate cost $40 million to build, listed at $13.995 million. (Photos:TopTenRealEstateDeals.com) TopTenRealEstateDeals.com, Custom Considered to be one of the 25 largest homes for sale in the country, never-lived-in Rose Hill Estate cost $40 million to build, listed at $13.995 million. (Photos:TopTenRealEstateDeals.com) TopTenRealEstateDeals.com, Custom Considered to be one of the 25 largest homes for sale in the country, never-lived-in Rose Hill Estate cost $40 million to build, listed at $13.995 million. (Photos:TopTenRealEstateDeals.com) TopTenRealEstateDeals.com, Custom Considered to be one of the 25 largest homes for sale in the country, never-lived-in Rose Hill Estate cost $40 million to build, listed at $13.995 million. (Photos:TopTenRealEstateDeals.com) TopTenRealEstateDeals.com, Custom Considered to be one of the 25 largest homes for sale in the country, never-lived-in Rose Hill Estate cost $40 million to build, listed at $13.995 million. (Photos:TopTenRealEstateDeals.com) TopTenRealEstateDeals.com, Custom Considered to be one of the 25 largest homes for sale in the country, never-lived-in Rose Hill Estate cost $40 million to build, listed at $13.995 million. (Photos:TopTenRealEstateDeals.com) TopTenRealEstateDeals.com, Custom Considered to be one of the 25 largest homes for sale in the country, never-lived-in Rose Hill Estate cost $40 million to build, listed at $13.995 million. (Photos:TopTenRealEstateDeals.com) TopTenRealEstateDeals.com, Custom Considered to be one of the 25 largest homes for sale in the country, never-lived-in Rose Hill Estate cost $40 million to build, listed at $13.995 million. (Photos:TopTenRealEstateDeals.com) TopTenRealEstateDeals.com, Custom Considered to be one of the 25 largest homes for sale in the country, never-lived-in Rose Hill Estate cost $40 million to build, listed at $13.995 million. (Photos:TopTenRealEstateDeals.com) TopTenRealEstateDeals.com, Custom Considered to be one of the 25 largest homes for sale in the country, never-lived-in Rose Hill Estate cost $40 million to build, listed at $13.995 million. (Photos:TopTenRealEstateDeals.com) TopTenRealEstateDeals.com, Custom Considered to be one of the 25 largest homes for sale in the country, never-lived-in Rose Hill Estate cost $40 million to build, listed at $13.995 million. (Photos:TopTenRealEstateDeals.com) TopTenRealEstateDeals.com, Custom Considered to be one of the 25 largest homes for sale in the country, never-lived-in Rose Hill Estate cost $40 million to build, listed at $13.995 million. (Photos:TopTenRealEstateDeals.com) TopTenRealEstateDeals.com, Custom Considered to be one of the 25 largest homes for sale in the country, never-lived-in Rose Hill Estate cost $40 million to build, listed at $13.995 million. (Photos:TopTenRealEstateDeals.com) TopTenRealEstateDeals.com, Custom Considered to be one of the 25 largest homes for sale in the country, never-lived-in Rose Hill Estate cost $40 million to build, listed at $13.995 million. (Photos:TopTenRealEstateDeals.com) TopTenRealEstateDeals.com, Custom Considered to be one of the 25 largest homes for sale in the country, never-lived-in Rose Hill Estate cost $40 million to build, listed at $13.995 million. (Photos:TopTenRealEstateDeals.com) TopTenRealEstateDeals.com, Custom Considered to be one of the 25 largest homes for sale in the country, never-lived-in Rose Hill Estate cost $40 million to build, listed at $13.995 million. (Photos:TopTenRealEstateDeals.com) TopTenRealEstateDeals.com, Custom Considered to be one of the 25 largest homes for sale in the country, never-lived-in Rose Hill Estate cost $40 million to build, listed at $13.995 million. (Photos:TopTenRealEstateDeals.com) TopTenRealEstateDeals.com, Custom Considered to be one of the 25 largest homes for sale in the country, never-lived-in Rose Hill Estate cost $40 million to build, listed at $13.995 million. (Photos:TopTenRealEstateDeals.com) TopTenRealEstateDeals.com, Custom Considered to be one of the 25 largest homes for sale in the country, never-lived-in Rose Hill Estate cost $40 million to build, listed at $13.995 million. (Photos:TopTenRealEstateDeals.com) TopTenRealEstateDeals.com, Custom Considered to be one of the 25 largest homes for sale in the country, never-lived-in Rose Hill Estate cost $40 million to build, listed at $13.995 million. (Photos:TopTenRealEstateDeals.com) TopTenRealEstateDeals.com, Custom Considered to be one of the 25 largest homes for sale in the country, never-lived-in Rose Hill Estate cost $40 million to build, listed at $13.995 million. (Photos:TopTenRealEstateDeals.com) TopTenRealEstateDeals.com, Custom Considered to be one of the 25 largest homes for sale in the country, never-lived-in Rose Hill Estate cost $40 million to build, listed at $13.995 million. (Photos:TopTenRealEstateDeals.com) TopTenRealEstateDeals.com, Custom Considered to be one of the 25 largest homes for sale in the country, never-lived-in Rose Hill Estate cost $40 million to build, listed at $13.995 million. (Photos:TopTenRealEstateDeals.com) TopTenRealEstateDeals.com, Custom Considered to be one of the 25 largest homes for sale in the country, never-lived-in Rose Hill Estate cost $40 million to build, listed at $13.995 million. (Photos:TopTenRealEstateDeals.com) TopTenRealEstateDeals.com, Custom Considered to be one of the 25 largest homes for sale in the country, never-lived-in Rose Hill Estate cost $40 million to build, listed at $13.995 million. (Photos: TopTenRealEstateDeals.com) TopTenRealEstateDeals.com, 2010 Considered to be one of the 25 largest homes for sale in the country, never-lived-in Rose Hill Estate cost $40 million to build, listed at $13.995 million. (Photos: TopTenRealEstateDeals.com) TopTenRealEstateDeals.com, 2010 Considered to be one of the 25 largest homes for sale in the country, never-lived-in Rose Hill Estate cost $40 million to build, listed at $13.995 million. (Photos: TopTenRealEstateDeals.com) TopTenRealEstateDeals.com, 2010 Considered to be one of the 25 largest homes for sale in the country, never-lived-in Rose Hill Estate cost $40 million to build, listed at $13.995 million. (Photos: TopTenRealEstateDeals.com) TopTenRealEstateDeals.com, 2010 Considered to be one of the 25 largest homes for sale in the country, never-lived-in Rose Hill Estate cost $40 million to build, listed at $13.995 million. (Photos: TopTenRealEstateDeals.com) TopTenRealEstateDeals.com, 2010 Considered to be one of the 25 largest homes for sale in the country, never-lived-in Rose Hill Estate cost $40 million to build, listed at $13.995 million. (Photos: TopTenRealEstateDeals.com) TopTenRealEstateDeals.com, 2010 Considered to be one of the 25 largest homes for sale in the country, never-lived-in Rose Hill Estate cost $40 million to build, listed at $13.995 million. (Photos: TopTenRealEstateDeals.com) TopTenRealEstateDeals.com, 2010 Considered to be one of the 25 largest homes for sale in the country, never-lived-in Rose Hill Estate cost $40 million to build, listed at $13.995 million. (Photos: TopTenRealEstateDeals.com) TopTenRealEstateDeals.com, 2010 Considered to be one of the 25 largest homes for sale in the country, never-lived-in Rose Hill Estate cost $40 million to build, listed at $13.995 million. (Photos: TopTenRealEstateDeals.com) TopTenRealEstateDeals.com, 2010 Considered to be one of the 25 largest homes for sale in the country, never-lived-in Rose Hill Estate cost $40 million to build, listed at $13.995 million. (Photos: TopTenRealEstateDeals.com) TopTenRealEstateDeals.com, 2010 Considered to be one of the 25 largest homes for sale in the country, never-lived-in Rose Hill Estate cost $40 million to build, listed at $13.995 million. (Photos: TopTenRealEstateDeals.com) TopTenRealEstateDeals.com, 2010 Considered to be one of the 25 largest homes for sale in the country, never-lived-in Rose Hill Estate cost $40 million to build, listed at $13.995 million. (Photos: TopTenRealEstateDeals.com) TopTenRealEstateDeals.com, 2010 Considered to be one of the 25 largest homes for sale in the country, never-lived-in Rose Hill Estate cost $40 million to build, listed at $13.995 million. (Photos: TopTenRealEstateDeals.com) TopTenRealEstateDeals.com, 2010 Considered to be one of the 25 largest homes for sale in the country, never-lived-in Rose Hill Estate cost $40 million to build, listed at $13.995 million. (Photos: TopTenRealEstateDeals.com) TopTenRealEstateDeals.com, 2010 Considered to be one of the 25 largest homes for sale in the country, never-lived-in Rose Hill Estate cost $40 million to build, listed at $13.995 million. (Photos: TopTenRealEstateDeals.com) TopTenRealEstateDeals.com, 2010 Considered to be one of the 25 largest homes for sale in the country, never-lived-in Rose Hill Estate cost $40 million to build, listed at $13.995 million. (Photos: TopTenRealEstateDeals.com) TopTenRealEstateDeals.com, 2010 Considered to be one of the 25 largest homes for sale in the country, never-lived-in Rose Hill Estate cost $40 million to build, listed at $13.995 million. (Photos: TopTenRealEstateDeals.com) TopTenRealEstateDeals.com, 2010 Considered to be one of the 25 largest homes for sale in the country, never-lived-in Rose Hill Estate cost $40 million to build, listed at $13.995 million. (Photos: TopTenRealEstateDeals.com) TopTenRealEstateDeals.com, 2010 Considered to be one of the 25 largest homes for sale in the country, never-lived-in Rose Hill Estate cost $40 million to build, listed at $13.995 million. (Photos: TopTenRealEstateDeals.com) TopTenRealEstateDeals.com, 2010 Considered to be one of the 25 largest homes for sale in the country, never-lived-in Rose Hill Estate cost $40 million to build, listed at $13.995 million. (Photos: TopTenRealEstateDeals.com) TopTenRealEstateDeals.com, 2010 Considered to be one of the 25 largest homes for sale in the country, never-lived-in Rose Hill Estate cost $40 million to build, listed at $13.995 million. (Photos: TopTenRealEstateDeals.com) TopTenRealEstateDeals.com, 2010 Considered to be one of the 25 largest homes for sale in the country, never-lived-in Rose Hill Estate cost $40 million to build, listed at $13.995 million. (Photos: TopTenRealEstateDeals.com) TopTenRealEstateDeals.com, 2010 Considered to be one of the 25 largest homes for sale in the country, never-lived-in Rose Hill Estate cost $40 million to build, listed at $13.995 million. (Photos: TopTenRealEstateDeals.com) TopTenRealEstateDeals.com, 2010 Considered to be one of the 25 largest homes for sale in the country, never-lived-in Rose Hill Estate cost $40 million to build, listed at $13.995 million. (Photos: TopTenRealEstateDeals.com) TopTenRealEstateDeals.com, 2010 Considered to be one of the 25 largest homes for sale in the country, never-lived-in Rose Hill Estate cost $40 million to build, listed at $13.995 million. (Photos: TopTenRealEstateDeals.com) TopTenRealEstateDeals.com, 2010 Considered to be one of the 25 largest homes for sale in the country, never-lived-in Rose Hill Estate cost $40 million to build, listed at $13.995 million. (Photos: TopTenRealEstateDeals.com) TopTenRealEstateDeals.com, 2010 Considered to be one of the 25 largest homes for sale in the country, never-lived-in Rose Hill Estate cost $40 million to build, listed at $13.995 million. (Photos: TopTenRealEstateDeals.com) TopTenRealEstateDeals.com, 2010 Considered to be one of the 25 largest homes for sale in the country, never-lived-in Rose Hill Estate cost $40 million to build, listed at $13.995 million. (Photos: TopTenRealEstateDeals.com) TopTenRealEstateDeals.com, 2010 Considered to be one of the 25 largest homes for sale in the country, never-lived-in Rose Hill Estate cost $40 million to build, listed at $13.995 million. (Photos: TopTenRealEstateDeals.com) TopTenRealEstateDeals.com, 2010 Considered to be one of the 25 largest homes for sale in the country, never-lived-in Rose Hill Estate cost $40 million to build, listed at $13.995 million. (Photos: TopTenRealEstateDeals.com) TopTenRealEstateDeals.com, 2010 Considered to be one of the 25 largest homes for sale in the country, never-lived-in Rose Hill Estate cost $40 million to build, listed at $13.995 million. (Photos: TopTenRealEstateDeals.com) TopTenRealEstateDeals.com, 2010 Considered to be one of the 25 largest homes for sale in the country, never-lived-in Rose Hill Estate cost $40 million to build, listed at $13.995 million. (Photos: TopTenRealEstateDeals.com) TopTenRealEstateDeals.com, 2010 Considered to be one of the 25 largest homes for sale in the country, never-lived-in Rose Hill Estate cost $40 million to build, listed at $13.995 million. (Photos: TopTenRealEstateDeals.com) TopTenRealEstateDeals.com, 2010 Autoplay   
A source told Hudson that the home took five years to renovate and build. Much of its interior is formed with pine wood reclaimed in Georgia, Hudson&apos;s source said. 
Betsy Akers of Atlanta Fine Homes Sotheby’s International Realty served as the listing agent for Rose Hill Estate. 
Hudson reports that the last sale of this magnitude in the suburbs was a 47,000-square-foot home that sold for $11.5 million in Cumming back in 2011. That home, dubbed La Reve, cost about $50 million to build. 
The highest sale in Atlanta was when Tyler Perry&apos;s Buckhead home sold for $17.5 million back in May.
</topic_text>
<spam_score>0.00</spam_score>
<post_num>1</post_num>
<post_id>post-1</post_id>
<post_url>http://rssfeeds.11alive.com/_/20/109695998/http&amp;#x3a;&amp;#x2f;&amp;#x2f;www&amp;#x2e;11alive&amp;#x2e;com&amp;#x2f;news&amp;#x2f;local&amp;#x2f;georgia-mansion-built-for-40m-sells-for-88m&amp;#x2f;311451027</post_url>
<post_date>20160831</post_date>
<post_time>0039</post_time>
<username></username>
<post>
Georgia mansion built for $40M sells for $8.8M WXIA 8:39   (Photo: TopTenRealEstate.com) CONNECT TWEET LINKEDIN GOOGLE+ PINTEREST 
SUWANEE, Ga. -- A never-before-lived-in Georgia mansion that cost $40 million to build has been sold for less than $9 million. 
The Rose Hill Estate in Suwanee was one of the 25 larges homes for sale in the country. Back in January 2015, it was listed at $13.995 million. A few months later, it dropped to $10.9 million, but still had no takers. 
Earlier this year, the price fell to $9.9 million. Finally, after cutting another million off the offer price, the mansion sold for $8.8 million, Atlanta Business Chronicle&apos;s Phil Hudson reports. 
The stunning and tastefully executed 35,100-square-foot, eight bedroom, seventeen (yes, 17) bath mansion rests on 14.5 gloriously landscaped acres. Aptly named, the Rose Hill Estate has its own dedicated flower room with banks of refrigeration, cabinets for containers, sinks and arranging tables. 
PHOTOS: Georgia mansion for sale Loading... Considered to be one of the 25 largest homes for sale in the country, the never-lived-in Rose Hill Estate cost $40 million to build and is for sale for $9.9 million (Photos:TopTenRealEstateDeals.com) WXIA Considered to be one of the 25 largest homes for sale in the country, never-lived-in Rose Hill Estate cost $40 million to build, listed at $9.9 million. (Photos:TopTenRealEstateDeals.com) TopTenRealEstateDeals.com, Custom Considered to be one of the 25 largest homes for sale in the country, never-lived-in Rose Hill Estate cost $40 million to build, listed at $13.995 million. (Photos:TopTenRealEstateDeals.com) TopTenRealEstateDeals.com, Custom Considered to be one of the 25 largest homes for sale in the country, never-lived-in Rose Hill Estate cost $40 million to build, listed at $13.995 million. (Photos:TopTenRealEstateDeals.com) TopTenRealEstateDeals.com, Custom Considered to be one of the 25 largest homes for sale in the country, never-lived-in Rose Hill Estate cost $40 million to build, listed at $13.995 million. (Photos:TopTenRealEstateDeals.com) TopTenRealEstateDeals.com, Custom Considered to be one of the 25 largest homes for sale in the country, never-lived-in Rose Hill Estate cost $40 million to build, listed at $13.995 million. (Photos:TopTenRealEstateDeals.com) TopTenRealEstateDeals.com, Custom Considered to be one of the 25 largest homes for sale in the country, never-lived-in Rose Hill Estate cost $40 million to build, listed at $13.995 million. (Photos:TopTenRealEstateDeals.com) TopTenRealEstateDeals.com, Custom Considered to be one of the 25 largest homes for sale in the country, never-lived-in Rose Hill Estate cost $40 million to build, listed at $13.995 million. (Photos:TopTenRealEstateDeals.com) TopTenRealEstateDeals.com, Custom Considered to be one of the 25 largest homes for sale in the country, never-lived-in Rose Hill Estate cost $40 million to build, listed at $13.995 million. (Photos:TopTenRealEstateDeals.com) TopTenRealEstateDeals.com, Custom Considered to be one of the 25 largest homes for sale in the country, never-lived-in Rose Hill Estate cost $40 million to build, listed at $13.995 million. (Photos:TopTenRealEstateDeals.com) TopTenRealEstateDeals.com, Custom Considered to be one of the 25 largest homes for sale in the country, never-lived-in Rose Hill Estate cost $40 million to build, listed at $13.995 million. (Photos:TopTenRealEstateDeals.com) TopTenRealEstateDeals.com, Custom Custom Custom Considered to be one of the 25 largest homes for sale in the country, never-lived-in Rose Hill Estate cost $40 million to build, listed at $13.995 million. (Photos:TopTenRealEstateDeals.com) TopTenRealEstateDeals.com, Custom Considered to be one of the 25 largest homes for sale in the country, never-lived-in Rose Hill Estate cost $40 million to build, listed at $13.995 million. (Photos:TopTenRealEstateDeals.com) TopTenRealEstateDeals.com, Custom Considered to be one of the 25 largest homes for sale in the country, never-lived-in Rose Hill Estate cost $40 million to build, listed at $13.995 million. (Photos:TopTenRealEstateDeals.com) TopTenRealEstateDeals.com, Custom Considered to be one of the 25 largest homes for sale in the country, never-lived-in Rose Hill Estate cost $40 million to build, listed at $13.995 million. (Photos:TopTenRealEstateDeals.com) TopTenRealEstateDeals.com, Custom Considered to be one of the 25 largest homes for sale in the country, never-lived-in Rose Hill Estate cost $40 million to build, listed at $13.995 million. (Photos:TopTenRealEstateDeals.com) TopTenRealEstateDeals.com, Custom Considered to be one of the 25 largest homes for sale in the country, never-lived-in Rose Hill Estate cost $40 million to build, listed at $13.995 million. (Photos:TopTenRealEstateDeals.com) TopTenRealEstateDeals.com, Custom Considered to be one of the 25 largest homes for sale in the country, never-lived-in Rose Hill Estate cost $40 million to build, listed at $13.995 million. (Photos:TopTenRealEstateDeals.com) TopTenRealEstateDeals.com, Custom Considered to be one of the 25 largest homes for sale in the country, never-lived-in Rose Hill Estate cost $40 million to build, listed at $13.995 million. (Photos:TopTenRealEstateDeals.com) TopTenRealEstateDeals.com, Custom Considered to be one of the 25 largest homes for sale in the country, never-lived-in Rose Hill Estate cost $40 million to build, listed at $13.995 million. (Photos:TopTenRealEstateDeals.com) TopTenRealEstateDeals.com, Custom Considered to be one of the 25 largest homes for sale in the country, never-lived-in Rose Hill Estate cost $40 million to build, listed at $13.995 million. (Photos:TopTenRealEstateDeals.com) TopTenRealEstateDeals.com, Custom Considered to be one of the 25 largest homes for sale in the country, never-lived-in Rose Hill Estate cost $40 million to build, listed at $13.995 million. (Photos:TopTenRealEstateDeals.com) TopTenRealEstateDeals.com, Custom Considered to be one of the 25 largest homes for sale in the country, never-lived-in Rose Hill Estate cost $40 million to build, listed at $13.995 million. (Photos:TopTenRealEstateDeals.com) TopTenRealEstateDeals.com, Custom Considered to be one of the 25 largest homes for sale in the country, never-lived-in Rose Hill Estate cost $40 million to build, listed at $13.995 million. (Photos:TopTenRealEstateDeals.com) TopTenRealEstateDeals.com, Custom Considered to be one of the 25 largest homes for sale in the country, never-lived-in Rose Hill Estate cost $40 million to build, listed at $13.995 million. (Photos:TopTenRealEstateDeals.com) TopTenRealEstateDeals.com, Custom Considered to be one of the 25 largest homes for sale in the country, never-lived-in Rose Hill Estate cost $40 million to build, listed at $13.995 million. (Photos:TopTenRealEstateDeals.com) TopTenRealEstateDeals.com, Custom Considered to be one of the 25 largest homes for sale in the country, never-lived-in Rose Hill Estate cost $40 million to build, listed at $13.995 million. (Photos:TopTenRealEstateDeals.com) TopTenRealEstateDeals.com, Custom Considered to be one of the 25 largest homes for sale in the country, never-lived-in Rose Hill Estate cost $40 million to build, listed at $13.995 million. (Photos:TopTenRealEstateDeals.com) TopTenRealEstateDeals.com, Custom Considered to be one of the 25 largest homes for sale in the country, never-lived-in Rose Hill Estate cost $40 million to build, listed at $13.995 million. (Photos:TopTenRealEstateDeals.com) TopTenRealEstateDeals.com, Custom Considered to be one of the 25 largest homes for sale in the country, never-lived-in Rose Hill Estate cost $40 million to build, listed at $13.995 million. (Photos:TopTenRealEstateDeals.com) TopTenRealEstateDeals.com, Custom Considered to be one of the 25 largest homes for sale in the country, never-lived-in Rose Hill Estate cost $40 million to build, listed at $13.995 million. (Photos:TopTenRealEstateDeals.com) TopTenRealEstateDeals.com, Custom Considered to be one of the 25 largest homes for sale in the country, never-lived-in Rose Hill Estate cost $40 million to build, listed at $13.995 million. (Photos:TopTenRealEstateDeals.com) TopTenRealEstateDeals.com, Custom Considered to be one of the 25 largest homes for sale in the country, never-lived-in Rose Hill Estate cost $40 million to build, listed at $13.995 million. (Photos:TopTenRealEstateDeals.com) TopTenRealEstateDeals.com, Custom Considered to be one of the 25 largest homes for sale in the country, never-lived-in Rose Hill Estate cost $40 million to build, listed at $13.995 million. (Photos:TopTenRealEstateDeals.com) TopTenRealEstateDeals.com, Custom Considered to be one of the 25 largest homes for sale in the country, never-lived-in Rose Hill Estate cost $40 million to build, listed at $13.995 million. (Photos:TopTenRealEstateDeals.com) TopTenRealEstateDeals.com, Custom Considered to be one of the 25 largest homes for sale in the country, never-lived-in Rose Hill Estate cost $40 million to build, listed at $13.995 million. (Photos:TopTenRealEstateDeals.com) TopTenRealEstateDeals.com, Custom Considered to be one of the 25 largest homes for sale in the country, never-lived-in Rose Hill Estate cost $40 million to build, listed at $13.995 million. (Photos:TopTenRealEstateDeals.com) TopTenRealEstateDeals.com, Custom Considered to be one of the 25 largest homes for sale in the country, never-lived-in Rose Hill Estate cost $40 million to build, listed at $13.995 million. (Photos:TopTenRealEstateDeals.com) TopTenRealEstateDeals.com, Custom Considered to be one of the 25 largest homes for sale in the country, never-lived-in Rose Hill Estate cost $40 million to build, listed at $13.995 million. (Photos:TopTenRealEstateDeals.com) TopTenRealEstateDeals.com, Custom Considered to be one of the 25 largest homes for sale in the country, never-lived-in Rose Hill Estate cost $40 million to build, listed at $13.995 million. (Photos:TopTenRealEstateDeals.com) TopTenRealEstateDeals.com, Custom Considered to be one of the 25 largest homes for sale in the country, never-lived-in Rose Hill Estate cost $40 million to build, listed at $13.995 million. (Photos:TopTenRealEstateDeals.com) TopTenRealEstateDeals.com, Custom Considered to be one of the 25 largest homes for sale in the country, never-lived-in Rose Hill Estate cost $40 million to build, listed at $13.995 million. (Photos:TopTenRealEstateDeals.com) TopTenRealEstateDeals.com, Custom Considered to be one of the 25 largest homes for sale in the country, never-lived-in Rose Hill Estate cost $40 million to build, listed at $13.995 million. (Photos:TopTenRealEstateDeals.com) TopTenRealEstateDeals.com, Custom Considered to be one of the 25 largest homes for sale in the country, never-lived-in Rose Hill Estate cost $40 million to build, listed at $13.995 million. (Photos:TopTenRealEstateDeals.com) TopTenRealEstateDeals.com, Custom Considered to be one of the 25 largest homes for sale in the country, never-lived-in Rose Hill Estate cost $40 million to build, listed at $13.995 million. (Photos: TopTenRealEstateDeals.com) TopTenRealEstateDeals.com, 2010 Considered to be one of the 25 largest homes for sale in the country, never-lived-in Rose Hill Estate cost $40 million to build, listed at $13.995 million. (Photos: TopTenRealEstateDeals.com) TopTenRealEstateDeals.com, 2010 Considered to be one of the 25 largest homes for sale in the country, never-lived-in Rose Hill Estate cost $40 million to build, listed at $13.995 million. (Photos: TopTenRealEstateDeals.com) TopTenRealEstateDeals.com, 2010 Considered to be one of the 25 largest homes for sale in the country, never-lived-in Rose Hill Estate cost $40 million to build, listed at $13.995 million. (Photos: TopTenRealEstateDeals.com) TopTenRealEstateDeals.com, 2010 Considered to be one of the 25 largest homes for sale in the country, never-lived-in Rose Hill Estate cost $40 million to build, listed at $13.995 million. (Photos: TopTenRealEstateDeals.com) TopTenRealEstateDeals.com, 2010 Considered to be one of the 25 largest homes for sale in the country, never-lived-in Rose Hill Estate cost $40 million to build, listed at $13.995 million. (Photos: TopTenRealEstateDeals.com) TopTenRealEstateDeals.com, 2010 Considered to be one of the 25 largest homes for sale in the country, never-lived-in Rose Hill Estate cost $40 million to build, listed at $13.995 million. (Photos: TopTenRealEstateDeals.com) TopTenRealEstateDeals.com, 2010 Considered to be one of the 25 largest homes for sale in the country, never-lived-in Rose Hill Estate cost $40 million to build, listed at $13.995 million. (Photos: TopTenRealEstateDeals.com) TopTenRealEstateDeals.com, 2010 Considered to be one of the 25 largest homes for sale in the country, never-lived-in Rose Hill Estate cost $40 million to build, listed at $13.995 million. (Photos: TopTenRealEstateDeals.com) TopTenRealEstateDeals.com, 2010 Considered to be one of the 25 largest homes for sale in the country, never-lived-in Rose Hill Estate cost $40 million to build, listed at $13.995 million. (Photos: TopTenRealEstateDeals.com) TopTenRealEstateDeals.com, 2010 Considered to be one of the 25 largest homes for sale in the country, never-lived-in Rose Hill Estate cost $40 million to build, listed at $13.995 million. (Photos: TopTenRealEstateDeals.com) TopTenRealEstateDeals.com, 2010 Considered to be one of the 25 largest homes for sale in the country, never-lived-in Rose Hill Estate cost $40 million to build, listed at $13.995 million. (Photos: TopTenRealEstateDeals.com) TopTenRealEstateDeals.com, 2010 Considered to be one of the 25 largest homes for sale in the country, never-lived-in Rose Hill Estate cost $40 million to build, listed at $13.995 million. (Photos: TopTenRealEstateDeals.com) TopTenRealEstateDeals.com, 2010 Considered to be one of the 25 largest homes for sale in the country, never-lived-in Rose Hill Estate cost $40 million to build, listed at $13.995 million. (Photos: TopTenRealEstateDeals.com) TopTenRealEstateDeals.com, 2010 Considered to be one of the 25 largest homes for sale in the country, never-lived-in Rose Hill Estate cost $40 million to build, listed at $13.995 million. (Photos: TopTenRealEstateDeals.com) TopTenRealEstateDeals.com, 2010 Considered to be one of the 25 largest homes for sale in the country, never-lived-in Rose Hill Estate cost $40 million to build, listed at $13.995 million. (Photos: TopTenRealEstateDeals.com) TopTenRealEstateDeals.com, 2010 Considered to be one of the 25 largest homes for sale in the country, never-lived-in Rose Hill Estate cost $40 million to build, listed at $13.995 million. (Photos: TopTenRealEstateDeals.com) TopTenRealEstateDeals.com, 2010 Considered to be one of the 25 largest homes for sale in the country, never-lived-in Rose Hill Estate cost $40 million to build, listed at $13.995 million. (Photos: TopTenRealEstateDeals.com) TopTenRealEstateDeals.com, 2010 Considered to be one of the 25 largest homes for sale in the country, never-lived-in Rose Hill Estate cost $40 million to build, listed at $13.995 million. (Photos: TopTenRealEstateDeals.com) TopTenRealEstateDeals.com, 2010 Considered to be one of the 25 largest homes for sale in the country, never-lived-in Rose Hill Estate cost $40 million to build, listed at $13.995 million. (Photos: TopTenRealEstateDeals.com) TopTenRealEstateDeals.com, 2010 Considered to be one of the 25 largest homes for sale in the country, never-lived-in Rose Hill Estate cost $40 million to build, listed at $13.995 million. (Photos: TopTenRealEstateDeals.com) TopTenRealEstateDeals.com, 2010 Considered to be one of the 25 largest homes for sale in the country, never-lived-in Rose Hill Estate cost $40 million to build, listed at $13.995 million. (Photos: TopTenRealEstateDeals.com) TopTenRealEstateDeals.com, 2010 Considered to be one of the 25 largest homes for sale in the country, never-lived-in Rose Hill Estate cost $40 million to build, listed at $13.995 million. (Photos: TopTenRealEstateDeals.com) TopTenRealEstateDeals.com, 2010 Considered to be one of the 25 largest homes for sale in the country, never-lived-in Rose Hill Estate cost $40 million to build, listed at $13.995 million. (Photos: TopTenRealEstateDeals.com) TopTenRealEstateDeals.com, 2010 Considered to be one of the 25 largest homes for sale in the country, never-lived-in Rose Hill Estate cost $40 million to build, listed at $13.995 million. (Photos: TopTenRealEstateDeals.com) TopTenRealEstateDeals.com, 2010 Considered to be one of the 25 largest homes for sale in the country, never-lived-in Rose Hill Estate cost $40 million to build, listed at $13.995 million. (Photos: TopTenRealEstateDeals.com) TopTenRealEstateDeals.com, 2010 Considered to be one of the 25 largest homes for sale in the country, never-lived-in Rose Hill Estate cost $40 million to build, listed at $13.995 million. (Photos: TopTenRealEstateDeals.com) TopTenRealEstateDeals.com, 2010 Considered to be one of the 25 largest homes for sale in the country, never-lived-in Rose Hill Estate cost $40 million to build, listed at $13.995 million. (Photos: TopTenRealEstateDeals.com) TopTenRealEstateDeals.com, 2010 Considered to be one of the 25 largest homes for sale in the country, never-lived-in Rose Hill Estate cost $40 million to build, listed at $13.995 million. (Photos: TopTenRealEstateDeals.com) TopTenRealEstateDeals.com, 2010 Considered to be one of the 25 largest homes for sale in the country, never-lived-in Rose Hill Estate cost $40 million to build, listed at $13.995 million. (Photos: TopTenRealEstateDeals.com) TopTenRealEstateDeals.com, 2010 Considered to be one of the 25 largest homes for sale in the country, never-lived-in Rose Hill Estate cost $40 million to build, listed at $13.995 million. (Photos: TopTenRealEstateDeals.com) TopTenRealEstateDeals.com, 2010 Considered to be one of the 25 largest homes for sale in the country, never-lived-in Rose Hill Estate cost $40 million to build, listed at $13.995 million. (Photos: TopTenRealEstateDeals.com) TopTenRealEstateDeals.com, 2010 Considered to be one of the 25 largest homes for sale in the country, never-lived-in Rose Hill Estate cost $40 million to build, listed at $13.995 million. (Photos: TopTenRealEstateDeals.com) TopTenRealEstateDeals.com, 2010 Autoplay   
A source told Hudson that the home took five years to renovate and build. Much of its interior is formed with pine wood reclaimed in Georgia, Hudson&apos;s source said. 
Betsy Akers of Atlanta Fine Homes Sotheby’s International Realty served as the listing agent for Rose Hill Estate. 
Hudson reports that the last sale of this magnitude in the suburbs was a 47,000-square-foot home that sold for $11.5 million in Cumming back in 2011. That home, dubbed La Reve, cost about $50 million to build. 
The highest sale in Atlanta was when Tyler Perry&apos;s Buckhead home sold for $17.5 million back in May.
</post>
<signature>

</signature>
<external_links>

</external_links>
<country>US</country>
<main_image>http://content.11alive.com/photo/2016/08/30/download%20_OP_2_CP__1472603912489_5885290_ver1.0_640_360.jpg</main_image>
</document>
