<?xml version="1.0" encoding="UTF-8"?>
<document>
<type>mainstream</type>
<forum>http://www.republika.co.id/rss/</forum>
<forum_title>Republika Online RSS Feed</forum_title>
<discussion_title>Hujan Lebat Diperkirakan Guyur Jabodetabek Sejak Siang</discussion_title>
<language>indonesian</language>
<gmt_offset></gmt_offset>
<topic_url>http://nasional.republika.co.id/berita/nasional/jabodetabek-nasional/16/08/31/ocqy6y365-hujan-lebat-diperkirakan-guyur-jabodetabek-sejak-siang</topic_url>
<topic_text>
 42 WIB Hujan Lebat Diperkirakan Guyur Jabodetabek Sejak Siang Red: Angga Indrawan Hujan 
REPUBLIKA.CO.ID, JAKARTA -- Badan Meteorologi, Klimatologi, dan Geofisika (BMKG) memprakirakan hujan terjadi di wilayah Jakarta, Bogor, Depok, Tangerang, dan Bekasi pada Rabu (31/8). Dikutip dari laman BMKG, Rabu pagi, hujan lebat akan terjadi pada siang hari di wilayah Jakarta Selatan, Jakarta Timur, dan Depok, sedangkan Bogor diprakirakan hujan lebat pada pagi hari.Hujan dengan intensitas sedang diprakirakan terjadi pada siang hari di wilayah Jakarta Utara, Jakarta Pusat, Jakarta Barat, dan Bekasi. Di Jakarta Selatan, Jakarta Timur, Bogor, dan Depok diprakirakan terjadi hujan dengan intensitas sedang pada malam hari.Hujan ringan diprakirakan terjadi di wilayah Kepulauan Seribu pada pagi, siang, dan malam hari. Di Jakarta Utara, Jakarta Pusat, Jakarta Barat, dan Bekasi terjadi hujan ringan pada malam hari. Pada pagi hari, cuaca di wilayah Jabodetabek diprakirakan berawan. Sumber : Antara
</topic_text>
<spam_score>0.00</spam_score>
<post_num>1</post_num>
<post_id>post-1</post_id>
<post_url>http://nasional.republika.co.id/berita/nasional/jabodetabek-nasional/16/08/31/ocqy6y365-hujan-lebat-diperkirakan-guyur-jabodetabek-sejak-siang</post_url>
<post_date>20160831</post_date>
<post_time>0042</post_time>
<username>Angga Indrawan</username>
<post>
 42 WIB Hujan Lebat Diperkirakan Guyur Jabodetabek Sejak Siang Red: Angga Indrawan Hujan 
REPUBLIKA.CO.ID, JAKARTA -- Badan Meteorologi, Klimatologi, dan Geofisika (BMKG) memprakirakan hujan terjadi di wilayah Jakarta, Bogor, Depok, Tangerang, dan Bekasi pada Rabu (31/8). Dikutip dari laman BMKG, Rabu pagi, hujan lebat akan terjadi pada siang hari di wilayah Jakarta Selatan, Jakarta Timur, dan Depok, sedangkan Bogor diprakirakan hujan lebat pada pagi hari.Hujan dengan intensitas sedang diprakirakan terjadi pada siang hari di wilayah Jakarta Utara, Jakarta Pusat, Jakarta Barat, dan Bekasi. Di Jakarta Selatan, Jakarta Timur, Bogor, dan Depok diprakirakan terjadi hujan dengan intensitas sedang pada malam hari.Hujan ringan diprakirakan terjadi di wilayah Kepulauan Seribu pada pagi, siang, dan malam hari. Di Jakarta Utara, Jakarta Pusat, Jakarta Barat, dan Bekasi terjadi hujan ringan pada malam hari. Pada pagi hari, cuaca di wilayah Jabodetabek diprakirakan berawan. Sumber : Antara
</post>
<signature>

</signature>
<external_links>

</external_links>
<country>ID</country>
<main_image>http://static.republika.co.id/uploads/images/headline_slide/hujan_101106082341.jpg</main_image>
</document>
