<?xml version="1.0" encoding="UTF-8"?>
<document>
<type>mainstream</type>
<forum></forum>
<forum_title></forum_title>
<discussion_title>11 freshmen victims in alleged Oregon hazing, coach charged</discussion_title>
<language>english</language>
<gmt_offset></gmt_offset>
<topic_url>http://www.philly.com/philly/wires/ap/news/391787271.html</topic_url>
<topic_text>
11 freshmen victims in alleged Oregon hazing, coach charged Updated: August 30, 2016 — 3:40 PM EDT Share STEVEN DUBOIS The Associated Press 
PORTLAND, Ore. (AP) - A volunteer football coach and six players for a small town Oregon high school team face criminal charges for a hazing initiation in which 11 freshmen at a summer training camp had intimate parts of their bodies &quot;aggressively targeted,&quot; a prosecutor said Tuesday. 
The Philomath High School volunteer coach, Cooper Kikuta, has been charged with misdemeanor criminal mistreatment, punishable by up to a year in jail, and the players who allegedly hazed the freshmen are accused of juvenile crimes similar to adult charges of misdemeanor harassment and assault, said Benton County District Attorney John Haroldson. 
Haroldson said in a telephone interview with The Associated Press that sexual abuse charges were not filed because he &quot;didn&apos;t see any evidence in the case to indicate that the touching was done for purposes of sexual arousal, but rather it was done in a hazing context.&quot; 
The alleged hazing happened during the football team&apos;s July trip to Camp Rilea on Oregon&apos;s northern coast, Haroldson said. The players were targeted &quot;as a form of initiation&quot; and one of the alleged victims was grabbed and held down twice, said Haroldson, the Corvallis Gazette-Times reported (http://bit.ly/2cbLqUS ). 
Kikuta, 22, previously played on the Philomath team. 
&quot;The basis of the charge is that he withheld care for the kids that he was supervising,&quot; Haroldson said Tuesday. &quot;This occurred in his presence.&quot; 
Public records show Kikuta lives in Corvallis, home to Oregon State University. He does not have a listed phone number and did not immediately reply to a Facebook message seeking comment. 
Kikuta does not have a criminal record in Oregon, according to state records. Haroldson did not immediately respond to a telephone message inquiring if Kikuta has a lawyer who could comment on his behalf. 
Philomath, population about 4,500, was a timber town for generations but has undergone a transformation as the lumber industry declined and was the subject of the 2006 documentary &quot;Clear Cut: The Story of Philomath, Oregon&quot; about the clash of cultures hitting the community amid an economic transition driven by technology. 
Haroldson declined comment on who reported the hazing and would not say whether authorities believe it was an annual initiation ritual for the team. The intimate areas of the victims that were touched included their genitals and anuses. 
&quot;One of the critical points here is ensuring that we&apos;re not continuing to have hazing in this football program,&quot; Haroldson said in the newspaper&apos;s report. &quot;It ends now.&quot; 
The announcement of charges followed weeks of uncertainty about the team after Philomath school officials canceled the first three games, citing an investigation into unspecified football camp misconduct. 
The fourth game of the season is scheduled for Sept. 23 but officials are still &quot;continuing to assess if, or when, the varsity team will begin competing,&quot; Superintendent Melissa Goff said in statement. 
She said families of students identified as possible victims were given information about mental health providers and coaches are being required to take new training on prevention of bullying, harassment, and hazing. Teachers and staff members will take child sexual abuse prevention training in September, she added. 
&quot;We take hazing and bullying issues very seriously, and we have no tolerance whatsoever for the type of allegations raised in this investigation,&quot; Goff said. 

Follow Steven DuBois at twitter.com/pdxdub Published: 
</topic_text>
<spam_score>0.62</spam_score>
<post_num>1</post_num>
<post_id>post-1</post_id>
<post_url>http://www.philly.com/philly/wires/ap/news/391787271.html</post_url>
<post_date>20160830</post_date>
<post_time></post_time>
<username>Steven Dubois</username>
<post>
11 freshmen victims in alleged Oregon hazing, coach charged Updated: August 30, 2016 — 3:40 PM EDT Share STEVEN DUBOIS The Associated Press 
PORTLAND, Ore. (AP) - A volunteer football coach and six players for a small town Oregon high school team face criminal charges for a hazing initiation in which 11 freshmen at a summer training camp had intimate parts of their bodies &quot;aggressively targeted,&quot; a prosecutor said Tuesday. 
The Philomath High School volunteer coach, Cooper Kikuta, has been charged with misdemeanor criminal mistreatment, punishable by up to a year in jail, and the players who allegedly hazed the freshmen are accused of juvenile crimes similar to adult charges of misdemeanor harassment and assault, said Benton County District Attorney John Haroldson. 
Haroldson said in a telephone interview with The Associated Press that sexual abuse charges were not filed because he &quot;didn&apos;t see any evidence in the case to indicate that the touching was done for purposes of sexual arousal, but rather it was done in a hazing context.&quot; 
The alleged hazing happened during the football team&apos;s July trip to Camp Rilea on Oregon&apos;s northern coast, Haroldson said. The players were targeted &quot;as a form of initiation&quot; and one of the alleged victims was grabbed and held down twice, said Haroldson, the Corvallis Gazette-Times reported (http://bit.ly/2cbLqUS ). 
Kikuta, 22, previously played on the Philomath team. 
&quot;The basis of the charge is that he withheld care for the kids that he was supervising,&quot; Haroldson said Tuesday. &quot;This occurred in his presence.&quot; 
Public records show Kikuta lives in Corvallis, home to Oregon State University. He does not have a listed phone number and did not immediately reply to a Facebook message seeking comment. 
Kikuta does not have a criminal record in Oregon, according to state records. Haroldson did not immediately respond to a telephone message inquiring if Kikuta has a lawyer who could comment on his behalf. 
Philomath, population about 4,500, was a timber town for generations but has undergone a transformation as the lumber industry declined and was the subject of the 2006 documentary &quot;Clear Cut: The Story of Philomath, Oregon&quot; about the clash of cultures hitting the community amid an economic transition driven by technology. 
Haroldson declined comment on who reported the hazing and would not say whether authorities believe it was an annual initiation ritual for the team. The intimate areas of the victims that were touched included their genitals and anuses. 
&quot;One of the critical points here is ensuring that we&apos;re not continuing to have hazing in this football program,&quot; Haroldson said in the newspaper&apos;s report. &quot;It ends now.&quot; 
The announcement of charges followed weeks of uncertainty about the team after Philomath school officials canceled the first three games, citing an investigation into unspecified football camp misconduct. 
The fourth game of the season is scheduled for Sept. 23 but officials are still &quot;continuing to assess if, or when, the varsity team will begin competing,&quot; Superintendent Melissa Goff said in statement. 
She said families of students identified as possible victims were given information about mental health providers and coaches are being required to take new training on prevention of bullying, harassment, and hazing. Teachers and staff members will take child sexual abuse prevention training in September, she added. 
&quot;We take hazing and bullying issues very seriously, and we have no tolerance whatsoever for the type of allegations raised in this investigation,&quot; Goff said. 

Follow Steven DuBois at twitter.com/pdxdub Published: 
</post>
<signature>

</signature>
<external_links>

</external_links>
<country>US</country>
<main_image>http://media.philly.com/designimages/pcom-FB.jpg</main_image>
</document>
