<?xml version="1.0" encoding="UTF-8"?>
<document>
<type>mainstream</type>
<forum>http://el-nacional.com/rss/</forum>
<forum_title>El Nacional - Home</forum_title>
<discussion_title>Barack Obama será jefe de redacción de Wired</discussion_title>
<language>spanish</language>
<gmt_offset></gmt_offset>
<topic_url>http://www.el-nacional.com/GDA/Barack-Obama-jefe-redaccion-iWiredi_0_912508993.html</topic_url>
<topic_text>
Barack Obama será en noviembre, por un solo número, el jefe de redacción de la revista Wired , especializada en tecnologías de punta y digitales. “Queremos ver cómo las tecnologías de hoy pueden influir en la manera de hacer política. ¿Quién mejor para explorar estas ideas que el presidente Obama?”, dijo Scott Dadich, editor de la revista con sede en San Francisco (California, oeste).
“Como Wired , nuestro 44º presidente es un optimista incansable. Para este número personalizado, quiere enfocarse en el futuro”, dijo el martes la revista al anunciar a este singular invitado para esta edición que se centra en las “fronteras” de la innovación.
“Queremos ver cómo las tecnologías de hoy pueden influir en la manera de hacer política. ¿Quién mejor para explorar estas ideas que el presidente Obama?”, dijo Scott Dadich, editor de la revista con sede en San Francisco (California, oeste).
La Casa Blanca anunció al mismo tiempo la organización de una conferencia sobre las fronteras, en Pittsburgh el 13 de octubre, en la que participará Obama. La salud, las telecomunicaciones, la inteligencia artificial, las “energías limpias” y la exploración espacial serán algunos de los temas tratados.
Obama dejará la Casa Blanca el 20 de enero de 2017, a los 55 años, después de ocho años en el poder.
</topic_text>
<spam_score>0.00</spam_score>
<post_num>1</post_num>
<post_id>post-1</post_id>
<post_url>http://www.el-nacional.com/GDA/Barack-Obama-jefe-redaccion-iWiredi_0_912508993.html</post_url>
<post_date>20160830</post_date>
<post_time>1940</post_time>
<username>el-nacional.com</username>
<post>
Barack Obama será en noviembre, por un solo número, el jefe de redacción de la revista Wired , especializada en tecnologías de punta y digitales. “Queremos ver cómo las tecnologías de hoy pueden influir en la manera de hacer política. ¿Quién mejor para explorar estas ideas que el presidente Obama?”, dijo Scott Dadich, editor de la revista con sede en San Francisco (California, oeste).
“Como Wired , nuestro 44º presidente es un optimista incansable. Para este número personalizado, quiere enfocarse en el futuro”, dijo el martes la revista al anunciar a este singular invitado para esta edición que se centra en las “fronteras” de la innovación.
“Queremos ver cómo las tecnologías de hoy pueden influir en la manera de hacer política. ¿Quién mejor para explorar estas ideas que el presidente Obama?”, dijo Scott Dadich, editor de la revista con sede en San Francisco (California, oeste).
La Casa Blanca anunció al mismo tiempo la organización de una conferencia sobre las fronteras, en Pittsburgh el 13 de octubre, en la que participará Obama. La salud, las telecomunicaciones, la inteligencia artificial, las “energías limpias” y la exploración espacial serán algunos de los temas tratados.
Obama dejará la Casa Blanca el 20 de enero de 2017, a los 55 años, después de ocho años en el poder.
</post>
<signature>

</signature>
<external_links>

</external_links>
<country>US</country>
<main_image></main_image>
</document>
