<?xml version="1.0" encoding="UTF-8"?>
<document>
<type>mainstream</type>
<forum></forum>
<forum_title></forum_title>
<discussion_title>Crozer moving services from Community Hospital</discussion_title>
<language>english</language>
<gmt_offset></gmt_offset>
<topic_url>http://www.philly.com/philly/business/Crozer-moving-services-from-Community-Hospital.html</topic_url>
<topic_text>
Crozer moving services from Community Hospital Updated: August 30, 2016 — 5:55 PM EDT Share Harold Brubaker Staff Writer 
Harold Brubaker is a business writer. He writes about the financial side of health care and many other topics. More by Harold Brubaker Arrow icon 
Crozer-Keystone Health System is moving mental health and rehabilitation services from Community Hospital, in Chester, to a building less than three miles away near the Crozer-Chester Medical Center. 
A Crozer spokesman said Tuesday that the move was in the works for years and unrelated to the recent sale of Crozer to Prospect Medical Holdings Inc. 
Security and maintenance of the Community Hospital, which was founded as Sacred Heart Hospital in 1953, have been a worry for years, the spokesman said. 
The move has started but is not complete. Numerous tenants will also have to move. 
Prospect has not yet decided what to do with the building. Published: August 30, 2016 — 5:55 PM EDT We encourage respectful comments but reserve the right to delete anything that doesn&apos;t contribute to an engaging dialogue Help us moderate this thread by flagging comments that violate our guidelines Help us learn more about Philly.com commenters. Click here to take this quick survey. Comment policy: 
Philly.com comments are intended to be civil, friendly conversations. Please treat other participants with respect and in a way that you would want to be treated. You are responsible for what you say. And please, stay on topic. If you see an objectionable post, please report it to us using the &quot;Report Abuse&quot; option. 
Please note that comments are monitored by Philly.com staff. We reserve the right at all times to remove any information or materials that are unlawful, threatening, abusive, libelous, defamatory, obscene, vulgar, pornographic, profane, indecent or otherwise objectionable. Personal attacks, especially on other participants, are not permitted. We reserve the right to permanently block any user who violates these terms and conditions. 
Additionally comments that are long, have multiple paragraph breaks, include code, or include hyperlinks may not be posted. 
</topic_text>
<spam_score>0.12</spam_score>
<post_num>1</post_num>
<post_id>post-1</post_id>
<post_url>http://www.philly.com/philly/business/Crozer-moving-services-from-Community-Hospital.html</post_url>
<post_date>20160830</post_date>
<post_time></post_time>
<username>Harold Brubaker</username>
<post>
Crozer moving services from Community Hospital Updated: August 30, 2016 — 5:55 PM EDT Share Harold Brubaker Staff Writer 
Harold Brubaker is a business writer. He writes about the financial side of health care and many other topics. More by Harold Brubaker Arrow icon 
Crozer-Keystone Health System is moving mental health and rehabilitation services from Community Hospital, in Chester, to a building less than three miles away near the Crozer-Chester Medical Center. 
A Crozer spokesman said Tuesday that the move was in the works for years and unrelated to the recent sale of Crozer to Prospect Medical Holdings Inc. 
Security and maintenance of the Community Hospital, which was founded as Sacred Heart Hospital in 1953, have been a worry for years, the spokesman said. 
The move has started but is not complete. Numerous tenants will also have to move. 
Prospect has not yet decided what to do with the building. Published: August 30, 2016 — 5:55 PM EDT We encourage respectful comments but reserve the right to delete anything that doesn&apos;t contribute to an engaging dialogue Help us moderate this thread by flagging comments that violate our guidelines Help us learn more about Philly.com commenters. Click here to take this quick survey. Comment policy: 
Philly.com comments are intended to be civil, friendly conversations. Please treat other participants with respect and in a way that you would want to be treated. You are responsible for what you say. And please, stay on topic. If you see an objectionable post, please report it to us using the &quot;Report Abuse&quot; option. 
Please note that comments are monitored by Philly.com staff. We reserve the right at all times to remove any information or materials that are unlawful, threatening, abusive, libelous, defamatory, obscene, vulgar, pornographic, profane, indecent or otherwise objectionable. Personal attacks, especially on other participants, are not permitted. We reserve the right to permanently block any user who violates these terms and conditions. 
Additionally comments that are long, have multiple paragraph breaks, include code, or include hyperlinks may not be posted. 
</post>
<signature>

</signature>
<external_links>

</external_links>
<country>US</country>
<main_image>http://media.philly.com/designimages/pcom-FB.jpg</main_image>
</document>
