<?xml version="1.0" encoding="UTF-8"?>
<document>
<type>mainstream</type>
<forum></forum>
<forum_title></forum_title>
<discussion_title>Joel McHale Talks &apos;Community,&apos; Moving to Multi-Camera in &apos;Great Indoors&apos; and Playing Chevy Chase</discussion_title>
<language>english</language>
<gmt_offset></gmt_offset>
<topic_url>http://www.philly.com/philly/wires/reuters/entertainment/391762621.html</topic_url>
<topic_text>
Joel McHale Talks &apos;Community,&apos; Moving to Multi-Camera in &apos;Great Indoors&apos; and Playing Chevy Chase Updated: August 30, 2016 — 2:07 PM EDT Share Variety Media, LLC 
By Geoff Berkshire 
LOS ANGELES (Variety.com) - Joel McHale is just settling in on &quot;The Great Indoors.&quot; He has taped the second episode of the new CBS multi-camera sitcom and is prepping to film the third, and his dressing room on the CBS Radford lot in Studio City is still sparse. There&apos;s a couch, a chair, a few books. 
It&apos;s a little early to make it a home. &quot;The Great Indoors&quot; won&apos;t premiere in its Thursday timeslot, post-&quot;The Big Bang Theory,&quot; until Oct. 27 (two days after the release of his comedic memoir &quot;Thanks For the Money&quot;), and though that&apos;s one of TV&apos;s most coveted slots, there&apos;s no guarantee of success. 
McHale, whose cult-favorite series &quot;Community&quot; was on the verge of cancellation for five seasons at NBC (and earned one more season anchoring the ill-fated streaming slate at Yahoo), knows that all too well. But he&apos;s placing his bets on the broad appeal of CBS, the vision of creator Mike Gibbons (&quot;The Late Late Show with James Corden&quot;), and a promising cast that includes one of his idols, Stephen Fry. 
Related Comedy&apos;s Comeback: Networks Push Boundaries with Bold New Half-Hours 
Were you looking to get back into TV so quickly? You mean make money for my family? We stopped shooting &quot;Community&quot; a year and a half ago. I haven&apos;t been acting consistently, other than guest stuff and movies here and there. I&apos;ve been reading tons of stuff, and &quot;Great Indoors&quot; popped out because its world was so different. CBS has obviously done pretty well for itself in the last 15 years. They have been so effusive about marketing, and giving us a proper shot at a great time slot. It&apos;s really mine to f-- up. Or I can blame the rest of the cast. Or the writers. 
How much multi-camera experience have you had? My second job in LA was a small part on &quot;Will &amp; Grace.&quot; They were looking for actors over 6&apos; 7&quot; and I lied. I&apos;m 6&apos;4&quot; and I wore high-heeled boots. I got the part. That was multi-cam experience, and after that it was [a guest spot last season on] &quot;Dr. Ken.&quot; That was just an afternoon screwing around with Ken [Jeong]. 
Those years between &quot;Will &amp; Grace&quot; and now are when multi-cam entered a bit of a decline. Right after &quot;Will &amp; Grace&quot; there was less being ordered, but then it felt like a sh- ton were ordered. &quot;The Big Bang Theory&quot; is the most popular comedy in the history of the world at this point. And &quot;Two and a Half Men.&quot; Obviously, they&apos;re both CBS. People talk about the format going away, but it&apos;s more other formats entered the arena as well. Some formats became more chic, but you look at Jerrod Carmichael [and &quot;The Carmichael Show&quot;] on NBC. Nobody is going, &quot;Hey, that&apos;s not cool.&quot; Nobody&apos;s saying that. Because it&apos;s cool. 
So there&apos;s no concern if &quot;The Great Indoors&quot; is seen by some as less &quot;cool&quot; than &quot;Community&quot;? I think people get hung up on the format first in the last few years. You still love watching every episode of &quot;Seinfeld.&quot; You still love watching every episode of &quot;Cheers.&quot; And I know tons of young people watching those shows. When I talk to a 13-year-old who has seen every episode of &quot;Seinfeld,&quot; it&apos;s like me watching Monty Python. I didn&apos;t think, &quot;this is dated,&quot; at all. If you look at the way television has gone, there are so many choices, so many formats. Right now I think one of the funniest shows on TV is &quot;The Amazing World of Gumball,&quot; a kids show on Cartoon Network. I had a conversation with Conan O&apos;Brien who said it was one of the funniest shows he&apos;d ever seen. &quot;Clarence&quot; on Cartoon Network too. They are remarkable in how funny they are, and they never would&apos;ve existed before cable. I think there are more choices, so people think [multi-cam] has declined. But I disagree. 
Looking back, how was the experience of making &quot;Community&quot; on Yahoo? Dan [Harmon] was back, and it was as fun and good as ever. Every script I was happy to be a part of. Yahoo intensely supported us and promoted the show, but clearly the whole streaming part didn&apos;t work as well as they probably hoped. I&apos;m not sure what happened. But as far as the episodes, we were as proud of them as anything -- a number of the cast members say it&apos;s the funniest season we ever did. And we swore a couple times. And there weren&apos;t people saying, &quot;You can&apos;t use that bag of chips with a name on it.&quot; 
&quot;CBS has been so effusive about marketing and giving us a proper shot at a great time slot. It&apos;s really mine to f-- up. Or I can blame the rest of the cast. Or the writers.&quot; 
Joel McHale 
Was there ever any indication from Yahoo about how the show was doing? I don&apos;t know how many people saw it. Clearly it didn&apos;t put the streaming service on the map. I&apos;m not sure how it went down, but when it was first going, they were very happy. And then it was, &quot;The whole streaming service is going away.&quot; I think someone said we brought down the streaming service, and I thought, &quot;Wow, I have so much power.&quot; It could not have been a better experience. I know a lot of people didn&apos;t see it, but I encourage people to see it. 
Do you think they had the right strategy for the release? They tried a different tack by putting one episode up a week. My whole thing is, I don&apos;t think Netflix was an overnight success. Obviously Yahoo had many other issues. But I can&apos;t imagine Netflix&apos;s first year of streaming was like, &quot;We&apos;ve made half a billion dollars, we&apos;re doing great guys!&quot; When you&apos;re putting out that much money to make original programming it&apos;s like putting out 30 miles of fishing line. That&apos;s expensive and time-consuming and you have to pay a lot of people to do it, but it takes a couple of hauls to see if it&apos;s working. Obviously Netflix had the patience and it&apos;s really working now. But I can&apos;t imagine the first couple of years was printing money. 
Fans are still waiting for the other half of #SixSeasonsAndaMovie. Is a movie possible? We would all love to do a movie. We&apos;d probably have to shoot in Atlanta because of Donald [Glover]&apos;s show, but I love those people. They&apos;re lifelong friends. We still get together for dinners, and it&apos;s like we never left off. 
After all those years of &quot;Community&quot; competing against &quot;The Big Bang Theory&quot; on Thursday nights, how did it feel to find out they were your lead-in for the new show? Exhilarating. I hugged every executive I could find, and they were like, &quot;Joel, please calm down, this is the upfront.&quot; CBS really knows how to launch comedies, and they have a marketing machine that is terrifyingly wonderful. I think it&apos;ll give us the best shot at success we can have in this first season. Hopefully I won&apos;t f-- it up. 
Do you feel like it&apos;s a good fit with &quot;Big Bang&quot;? If you had said, &quot;&apos;Cheers&apos; goes perfectly with &apos;Family Ties,&apos; and you definitely want to go with &apos;Night Court&apos; after that...&quot; I don&apos;t know the chemical solution for making shows work together one right after another, but it does feel like, &quot;Hey, on &apos;The Big Bang Theory&apos; they talk about the things young people talk about and so do we! This must hold everybody over!&quot; I think so, but all I know is what we&apos;ve been doing seems to be funny. If it&apos;s making people laugh, hopefully that means it&apos;s working. 
You know from &quot;Community&quot; that signing on for a show can mean six years of your life. Was there anything you needed to find out to help you make that decision? I met with the CBS executives, but I didn&apos;t ask &quot;What&apos;s your five-year plan?&quot; I didn&apos;t do that with &quot;Community.&quot; I didn&apos;t do that with any of the pilots I was on. All you can do is go with your gut as a performer. I think it&apos;s interesting, I think it&apos;ll work. I hope I&apos;m right, but I might not be. From early on, I was well-trained to count on things not happening. There&apos;s always so much disappointment as an actor, unless you&apos;re Channing Tatum. You end up not getting most of the jobs you want, and then you get some. With all the pilots I&apos;ve done I have a thick skin. I&apos;m definitely not spending the money I&apos;d make three years from now. You have to be very realistic. You could be a hit, but hits are very rare. When I hear people say, &quot;If I could just get a &apos;Big Bang Theory,&apos;&quot; I think, &quot;Yeah, if you could hit a grand slam twice in Yankee Stadium during a game, that would be great.&quot; 
You&apos;re playing your &quot;Community&quot; co-star Chevy Chase in &quot;A Futile &amp; Stupid Gesture,&quot; the movie about National Lampoon co-founder Doug Kenney. Did your history with Chevy help you get the job? David Wain, the director, wanted to meet with me. I am the right size to play Chevy, we&apos;re the same height. And obviously I did know Chevy. To David Wain&apos;s credit he gave me the role without seeing me do anything. I know A-list stars get to enjoy that luxury every day, but when it came to something as specific as playing Chevy I was like, &quot;You don&apos;t even know if I can do this?&quot; He was totally cool and hopefully happy. I called Chevy to warn him and let him know. We had a really good conversation. We talked about Doug Kenney and how they were friends. He was happy the movie is being made. It portrays the 1977 Chevy, when he was the king of the world. 
Did you use Chevy as a resource after that conversation? No, I was more studying old Chevy. No one&apos;s doing an impression in the movie. It&apos;s more the spirit of the person. Chevy was the most confident person on the planet and I would&apos;ve been too in his position. You&apos;re not gonna be like, &quot;Gosh, he nailed that Chevy Chase impression!&quot; It&apos;s not what the movie is. 
What happened with &quot;The Soup&quot;? How can I say this? Once the show got moved to Wednesday nights and they stopped rerunning it, because E! does a ton of reruns of their shows, the ratings weren&apos;t as good. That was kind of it. We stayed on for a few years -- and with this Ryan Lochte stuff going on my Twitter has exploded -- but that was pretty much the end of it. 
Did any of the jokes and swipes at E! take a toll over time? When Ted Harbert was president, he couldn&apos;t have encouraged it more. He agreed if we couldn&apos;t make fun of ourselves -- the network, &quot;The Soup&quot; itself -- it wouldn&apos;t make sense to anybody. I can&apos;t imagine, and there&apos;s no way to determine it, that we ever put any show out of business. The &quot;Real Housewives&quot; shows could not be bigger. The Kardashians are still going. I don&apos;t think anyone said, &quot;You took down &apos;Being Bobby Brown!&apos;&quot; We only gave it more press. 
Do you miss the opportunity for that kind of pop culture satire? I loved doing it. Now I do standup almost every weekend, and that&apos;s a great way to get out there. I never stop talking about it. Now with Ryan Lochte, and Caitlyn getting canceled, there&apos;s all sorts of material. And I&apos;m still hosting stuff. If I didn&apos;t have &quot;The Soup,&quot; I wouldn&apos;t have gotten the White House Correspondents Dinner. I&apos;m the luckiest person on the planet. Well, not the luckiest. That&apos;s Roger Federer. He doesn&apos;t work hard at all. 
What are your favorite comedies on TV right now? Anything my kids watch. I watch John Oliver&apos;s show. I watched Gillian [Jacobs&apos; Netflix] show, &quot;Love.&quot; But I don&apos;t really watch a lot of TV. I watched so much reality television [for &quot;The Soup&quot;] that I don&apos;t know if I can ever watch it again without a tic. I don&apos;t have time to sit down at night. I&apos;m bragging at this point, but I have a pile of videogames unopened that are collecting dust. I still haven&apos;t caught up on &quot;Tom Clancy&apos;s The Division.&quot; And this is videogames. When I&apos;m doing dishes I watch &quot;Forensic Files&quot; on HLN. I saw Mike Birbiglia&apos;s &quot;Don&apos;t Think Twice&quot; last week. That was the first time I&apos;d gone to a movie theater and paid for a movie in two years. I watch &quot;Game of Thrones.&quot; I don&apos;t watch much comedy. That sounds terrible. Sorry, all my friends on comedies. 
Star Turns 
&quot;Community&quot; wrapped its run on Yahoo last year, but McHale hasn&apos;t stopped working, with a lineup of guest roles. 
The X-Files (2015) 
He played conservative radio show host Ted O&apos;Malley. 
BoJack Horsman (2015) 
He voiced a coma survivor. 
Difficult People (2016) 
He guest-starred as a personal trainer. 
Dr. Ken (2016) 
He reunited with his &quot;Community&quot; co-star Danny Pudi as a malpractice lawyer. Published: August 30, 2016 — 1:15 PM EDT | Updated: August 30, 2016 — 2:07 PM EDT We encourage respectful comments but reserve the right to delete anything that doesn&apos;t contribute to an engaging dialogue Help us moderate this thread by flagging comments that violate our guidelines Help us learn more about Philly.com commenters. Click here to take this quick survey. Comment policy: 
Philly.com comments are intended to be civil, friendly conversations. Please treat other participants with respect and in a way that you would want to be treated. You are responsible for what you say. And please, stay on topic. If you see an objectionable post, please report it to us using the &quot;Report Abuse&quot; option. 
Please note that comments are monitored by Philly.com staff. We reserve the right at all times to remove any information or materials that are unlawful, threatening, abusive, libelous, defamatory, obscene, vulgar, pornographic, profane, indecent or otherwise objectionable. Personal attacks, especially on other participants, are not permitted. We reserve the right to permanently block any user who violates these terms and conditions. 
Additionally comments that are long, have multiple paragraph breaks, include code, or include hyperlinks may not be posted. 
</topic_text>
<spam_score>0.00</spam_score>
<post_num>1</post_num>
<post_id>post-1</post_id>
<post_url>http://www.philly.com/philly/wires/reuters/entertainment/391762621.html</post_url>
<post_date>20160830</post_date>
<post_time></post_time>
<username>Geoff Berkshire</username>
<post>
Joel McHale Talks &apos;Community,&apos; Moving to Multi-Camera in &apos;Great Indoors&apos; and Playing Chevy Chase Updated: August 30, 2016 — 2:07 PM EDT Share Variety Media, LLC 
By Geoff Berkshire 
LOS ANGELES (Variety.com) - Joel McHale is just settling in on &quot;The Great Indoors.&quot; He has taped the second episode of the new CBS multi-camera sitcom and is prepping to film the third, and his dressing room on the CBS Radford lot in Studio City is still sparse. There&apos;s a couch, a chair, a few books. 
It&apos;s a little early to make it a home. &quot;The Great Indoors&quot; won&apos;t premiere in its Thursday timeslot, post-&quot;The Big Bang Theory,&quot; until Oct. 27 (two days after the release of his comedic memoir &quot;Thanks For the Money&quot;), and though that&apos;s one of TV&apos;s most coveted slots, there&apos;s no guarantee of success. 
McHale, whose cult-favorite series &quot;Community&quot; was on the verge of cancellation for five seasons at NBC (and earned one more season anchoring the ill-fated streaming slate at Yahoo), knows that all too well. But he&apos;s placing his bets on the broad appeal of CBS, the vision of creator Mike Gibbons (&quot;The Late Late Show with James Corden&quot;), and a promising cast that includes one of his idols, Stephen Fry. 
Related Comedy&apos;s Comeback: Networks Push Boundaries with Bold New Half-Hours 
Were you looking to get back into TV so quickly? You mean make money for my family? We stopped shooting &quot;Community&quot; a year and a half ago. I haven&apos;t been acting consistently, other than guest stuff and movies here and there. I&apos;ve been reading tons of stuff, and &quot;Great Indoors&quot; popped out because its world was so different. CBS has obviously done pretty well for itself in the last 15 years. They have been so effusive about marketing, and giving us a proper shot at a great time slot. It&apos;s really mine to f-- up. Or I can blame the rest of the cast. Or the writers. 
How much multi-camera experience have you had? My second job in LA was a small part on &quot;Will &amp; Grace.&quot; They were looking for actors over 6&apos; 7&quot; and I lied. I&apos;m 6&apos;4&quot; and I wore high-heeled boots. I got the part. That was multi-cam experience, and after that it was [a guest spot last season on] &quot;Dr. Ken.&quot; That was just an afternoon screwing around with Ken [Jeong]. 
Those years between &quot;Will &amp; Grace&quot; and now are when multi-cam entered a bit of a decline. Right after &quot;Will &amp; Grace&quot; there was less being ordered, but then it felt like a sh- ton were ordered. &quot;The Big Bang Theory&quot; is the most popular comedy in the history of the world at this point. And &quot;Two and a Half Men.&quot; Obviously, they&apos;re both CBS. People talk about the format going away, but it&apos;s more other formats entered the arena as well. Some formats became more chic, but you look at Jerrod Carmichael [and &quot;The Carmichael Show&quot;] on NBC. Nobody is going, &quot;Hey, that&apos;s not cool.&quot; Nobody&apos;s saying that. Because it&apos;s cool. 
So there&apos;s no concern if &quot;The Great Indoors&quot; is seen by some as less &quot;cool&quot; than &quot;Community&quot;? I think people get hung up on the format first in the last few years. You still love watching every episode of &quot;Seinfeld.&quot; You still love watching every episode of &quot;Cheers.&quot; And I know tons of young people watching those shows. When I talk to a 13-year-old who has seen every episode of &quot;Seinfeld,&quot; it&apos;s like me watching Monty Python. I didn&apos;t think, &quot;this is dated,&quot; at all. If you look at the way television has gone, there are so many choices, so many formats. Right now I think one of the funniest shows on TV is &quot;The Amazing World of Gumball,&quot; a kids show on Cartoon Network. I had a conversation with Conan O&apos;Brien who said it was one of the funniest shows he&apos;d ever seen. &quot;Clarence&quot; on Cartoon Network too. They are remarkable in how funny they are, and they never would&apos;ve existed before cable. I think there are more choices, so people think [multi-cam] has declined. But I disagree. 
Looking back, how was the experience of making &quot;Community&quot; on Yahoo? Dan [Harmon] was back, and it was as fun and good as ever. Every script I was happy to be a part of. Yahoo intensely supported us and promoted the show, but clearly the whole streaming part didn&apos;t work as well as they probably hoped. I&apos;m not sure what happened. But as far as the episodes, we were as proud of them as anything -- a number of the cast members say it&apos;s the funniest season we ever did. And we swore a couple times. And there weren&apos;t people saying, &quot;You can&apos;t use that bag of chips with a name on it.&quot; 
&quot;CBS has been so effusive about marketing and giving us a proper shot at a great time slot. It&apos;s really mine to f-- up. Or I can blame the rest of the cast. Or the writers.&quot; 
Joel McHale 
Was there ever any indication from Yahoo about how the show was doing? I don&apos;t know how many people saw it. Clearly it didn&apos;t put the streaming service on the map. I&apos;m not sure how it went down, but when it was first going, they were very happy. And then it was, &quot;The whole streaming service is going away.&quot; I think someone said we brought down the streaming service, and I thought, &quot;Wow, I have so much power.&quot; It could not have been a better experience. I know a lot of people didn&apos;t see it, but I encourage people to see it. 
Do you think they had the right strategy for the release? They tried a different tack by putting one episode up a week. My whole thing is, I don&apos;t think Netflix was an overnight success. Obviously Yahoo had many other issues. But I can&apos;t imagine Netflix&apos;s first year of streaming was like, &quot;We&apos;ve made half a billion dollars, we&apos;re doing great guys!&quot; When you&apos;re putting out that much money to make original programming it&apos;s like putting out 30 miles of fishing line. That&apos;s expensive and time-consuming and you have to pay a lot of people to do it, but it takes a couple of hauls to see if it&apos;s working. Obviously Netflix had the patience and it&apos;s really working now. But I can&apos;t imagine the first couple of years was printing money. 
Fans are still waiting for the other half of #SixSeasonsAndaMovie. Is a movie possible? We would all love to do a movie. We&apos;d probably have to shoot in Atlanta because of Donald [Glover]&apos;s show, but I love those people. They&apos;re lifelong friends. We still get together for dinners, and it&apos;s like we never left off. 
After all those years of &quot;Community&quot; competing against &quot;The Big Bang Theory&quot; on Thursday nights, how did it feel to find out they were your lead-in for the new show? Exhilarating. I hugged every executive I could find, and they were like, &quot;Joel, please calm down, this is the upfront.&quot; CBS really knows how to launch comedies, and they have a marketing machine that is terrifyingly wonderful. I think it&apos;ll give us the best shot at success we can have in this first season. Hopefully I won&apos;t f-- it up. 
Do you feel like it&apos;s a good fit with &quot;Big Bang&quot;? If you had said, &quot;&apos;Cheers&apos; goes perfectly with &apos;Family Ties,&apos; and you definitely want to go with &apos;Night Court&apos; after that...&quot; I don&apos;t know the chemical solution for making shows work together one right after another, but it does feel like, &quot;Hey, on &apos;The Big Bang Theory&apos; they talk about the things young people talk about and so do we! This must hold everybody over!&quot; I think so, but all I know is what we&apos;ve been doing seems to be funny. If it&apos;s making people laugh, hopefully that means it&apos;s working. 
You know from &quot;Community&quot; that signing on for a show can mean six years of your life. Was there anything you needed to find out to help you make that decision? I met with the CBS executives, but I didn&apos;t ask &quot;What&apos;s your five-year plan?&quot; I didn&apos;t do that with &quot;Community.&quot; I didn&apos;t do that with any of the pilots I was on. All you can do is go with your gut as a performer. I think it&apos;s interesting, I think it&apos;ll work. I hope I&apos;m right, but I might not be. From early on, I was well-trained to count on things not happening. There&apos;s always so much disappointment as an actor, unless you&apos;re Channing Tatum. You end up not getting most of the jobs you want, and then you get some. With all the pilots I&apos;ve done I have a thick skin. I&apos;m definitely not spending the money I&apos;d make three years from now. You have to be very realistic. You could be a hit, but hits are very rare. When I hear people say, &quot;If I could just get a &apos;Big Bang Theory,&apos;&quot; I think, &quot;Yeah, if you could hit a grand slam twice in Yankee Stadium during a game, that would be great.&quot; 
You&apos;re playing your &quot;Community&quot; co-star Chevy Chase in &quot;A Futile &amp; Stupid Gesture,&quot; the movie about National Lampoon co-founder Doug Kenney. Did your history with Chevy help you get the job? David Wain, the director, wanted to meet with me. I am the right size to play Chevy, we&apos;re the same height. And obviously I did know Chevy. To David Wain&apos;s credit he gave me the role without seeing me do anything. I know A-list stars get to enjoy that luxury every day, but when it came to something as specific as playing Chevy I was like, &quot;You don&apos;t even know if I can do this?&quot; He was totally cool and hopefully happy. I called Chevy to warn him and let him know. We had a really good conversation. We talked about Doug Kenney and how they were friends. He was happy the movie is being made. It portrays the 1977 Chevy, when he was the king of the world. 
Did you use Chevy as a resource after that conversation? No, I was more studying old Chevy. No one&apos;s doing an impression in the movie. It&apos;s more the spirit of the person. Chevy was the most confident person on the planet and I would&apos;ve been too in his position. You&apos;re not gonna be like, &quot;Gosh, he nailed that Chevy Chase impression!&quot; It&apos;s not what the movie is. 
What happened with &quot;The Soup&quot;? How can I say this? Once the show got moved to Wednesday nights and they stopped rerunning it, because E! does a ton of reruns of their shows, the ratings weren&apos;t as good. That was kind of it. We stayed on for a few years -- and with this Ryan Lochte stuff going on my Twitter has exploded -- but that was pretty much the end of it. 
Did any of the jokes and swipes at E! take a toll over time? When Ted Harbert was president, he couldn&apos;t have encouraged it more. He agreed if we couldn&apos;t make fun of ourselves -- the network, &quot;The Soup&quot; itself -- it wouldn&apos;t make sense to anybody. I can&apos;t imagine, and there&apos;s no way to determine it, that we ever put any show out of business. The &quot;Real Housewives&quot; shows could not be bigger. The Kardashians are still going. I don&apos;t think anyone said, &quot;You took down &apos;Being Bobby Brown!&apos;&quot; We only gave it more press. 
Do you miss the opportunity for that kind of pop culture satire? I loved doing it. Now I do standup almost every weekend, and that&apos;s a great way to get out there. I never stop talking about it. Now with Ryan Lochte, and Caitlyn getting canceled, there&apos;s all sorts of material. And I&apos;m still hosting stuff. If I didn&apos;t have &quot;The Soup,&quot; I wouldn&apos;t have gotten the White House Correspondents Dinner. I&apos;m the luckiest person on the planet. Well, not the luckiest. That&apos;s Roger Federer. He doesn&apos;t work hard at all. 
What are your favorite comedies on TV right now? Anything my kids watch. I watch John Oliver&apos;s show. I watched Gillian [Jacobs&apos; Netflix] show, &quot;Love.&quot; But I don&apos;t really watch a lot of TV. I watched so much reality television [for &quot;The Soup&quot;] that I don&apos;t know if I can ever watch it again without a tic. I don&apos;t have time to sit down at night. I&apos;m bragging at this point, but I have a pile of videogames unopened that are collecting dust. I still haven&apos;t caught up on &quot;Tom Clancy&apos;s The Division.&quot; And this is videogames. When I&apos;m doing dishes I watch &quot;Forensic Files&quot; on HLN. I saw Mike Birbiglia&apos;s &quot;Don&apos;t Think Twice&quot; last week. That was the first time I&apos;d gone to a movie theater and paid for a movie in two years. I watch &quot;Game of Thrones.&quot; I don&apos;t watch much comedy. That sounds terrible. Sorry, all my friends on comedies. 
Star Turns 
&quot;Community&quot; wrapped its run on Yahoo last year, but McHale hasn&apos;t stopped working, with a lineup of guest roles. 
The X-Files (2015) 
He played conservative radio show host Ted O&apos;Malley. 
BoJack Horsman (2015) 
He voiced a coma survivor. 
Difficult People (2016) 
He guest-starred as a personal trainer. 
Dr. Ken (2016) 
He reunited with his &quot;Community&quot; co-star Danny Pudi as a malpractice lawyer. Published: August 30, 2016 — 1:15 PM EDT | Updated: August 30, 2016 — 2:07 PM EDT We encourage respectful comments but reserve the right to delete anything that doesn&apos;t contribute to an engaging dialogue Help us moderate this thread by flagging comments that violate our guidelines Help us learn more about Philly.com commenters. Click here to take this quick survey. Comment policy: 
Philly.com comments are intended to be civil, friendly conversations. Please treat other participants with respect and in a way that you would want to be treated. You are responsible for what you say. And please, stay on topic. If you see an objectionable post, please report it to us using the &quot;Report Abuse&quot; option. 
Please note that comments are monitored by Philly.com staff. We reserve the right at all times to remove any information or materials that are unlawful, threatening, abusive, libelous, defamatory, obscene, vulgar, pornographic, profane, indecent or otherwise objectionable. Personal attacks, especially on other participants, are not permitted. We reserve the right to permanently block any user who violates these terms and conditions. 
Additionally comments that are long, have multiple paragraph breaks, include code, or include hyperlinks may not be posted. 
</post>
<signature>

</signature>
<external_links>

</external_links>
<country>US</country>
<main_image>http://media.philly.com/designimages/pcom-FB.jpg</main_image>
</document>
