<?xml version="1.0" encoding="UTF-8"?>
<document>
<type>mainstream</type>
<forum>http://www.bignewsnetwork.com/index.php/nav/rss/b9f388ba82df9ba1</forum>
<forum_title>Latest Big News Network RSS Feeds</forum_title>
<discussion_title>UAE has highly efficient infrastructure, road network: Minister</discussion_title>
<language>english</language>
<gmt_offset></gmt_offset>
<topic_url>http://www.bignewsnetwork.com/news/247200517/uae-has-highly-efficient-infrastructure-road-network-minister</topic_url>
<topic_text>
UAE has highly efficient infrastructure, road network: Minister WAM Wednesday 31st August, 2016 DUBAI, 30th August, 2016 (WAM) --- Dr. Abdullah bin Mohammed Belhaif Al Nuaimi, Minister of Infrastructure Development, stressed on Sunday that the UAE, since its establishment, has been keenly interested in developing highly efficient infrastructure and high-quality road network.
He was speaking during an inspection visit to the construction site of a road linking the Sheikh Khalifa Road in Fujairah with the Khatm al-Melaha crossing on the border with Oman as well as E99 road, which is expected to be completed during the third quarter of this year. 
The cost of the first phase of the road is estimated at AED30 million. Trucks will be diverted to the new two-way road to relieve traffic pressure on Kalba City. 
He said the projects being carried out by the ministry support the UAE Vision 2021 and the National Agenda as well as promote happiness for society in the UAE. 
As a strategic goal, the ministry is working to complete the construction of a country-wide fully-integrated road network to contribute to sustainable development, economic growth and social welfare. share this story
</topic_text>
<spam_score>0.00</spam_score>
<post_num>1</post_num>
<post_id>post-1</post_id>
<post_url>http://www.bignewsnetwork.com/news/247200517/uae-has-highly-efficient-infrastructure-road-network-minister</post_url>
<post_date>20160830</post_date>
<post_time>1612</post_time>
<username></username>
<post>
UAE has highly efficient infrastructure, road network: Minister WAM Wednesday 31st August, 2016 DUBAI, 30th August, 2016 (WAM) --- Dr. Abdullah bin Mohammed Belhaif Al Nuaimi, Minister of Infrastructure Development, stressed on Sunday that the UAE, since its establishment, has been keenly interested in developing highly efficient infrastructure and high-quality road network.
He was speaking during an inspection visit to the construction site of a road linking the Sheikh Khalifa Road in Fujairah with the Khatm al-Melaha crossing on the border with Oman as well as E99 road, which is expected to be completed during the third quarter of this year. 
The cost of the first phase of the road is estimated at AED30 million. Trucks will be diverted to the new two-way road to relieve traffic pressure on Kalba City. 
He said the projects being carried out by the ministry support the UAE Vision 2021 and the National Agenda as well as promote happiness for society in the UAE. 
As a strategic goal, the ministry is working to complete the construction of a country-wide fully-integrated road network to contribute to sustainable development, economic growth and social welfare. share this story
</post>
<signature>

</signature>
<external_links>

</external_links>
<country>US</country>
<main_image>http://static.bignewsnetwork.com/bignewsnetwork/big-news-network-slogan.jpg</main_image>
</document>
