<?xml version="1.0" encoding="UTF-8"?>
<document>
<type>mainstream</type>
<forum></forum>
<forum_title></forum_title>
<discussion_title>Trade critic Trump visits Boeing Co&apos;s backyard</discussion_title>
<language>english</language>
<gmt_offset></gmt_offset>
<topic_url>http://www.philly.com/philly/wires/reuters/news/politics/391796411.html</topic_url>
<topic_text>
Trade critic Trump visits Boeing Co&apos;s backyard Updated: August 30, 2016 — 5:35 PM EDT Share More Coverage 
</topic_text>
<spam_score>0.20</spam_score>
<post_num>1</post_num>
<post_id>post-1</post_id>
<post_url>http://www.philly.com/philly/wires/reuters/news/politics/391796411.html</post_url>
<post_date>20160830</post_date>
<post_time></post_time>
<username>Emily Stephenson</username>
<post>
Trade critic Trump visits Boeing Co&apos;s backyard Updated: August 30, 2016 — 5:35 PM EDT Share More Coverage 
</post>
<signature>

</signature>
<external_links>

</external_links>
<country>US</country>
<main_image>http://media.philly.com/images/2016-08-30T213512Z_1_LYNXNPEC7T1KU_RTROPTP_3_USA-ELECTION-TRUMP.JPG</main_image>
</document>
