<?xml version="1.0" encoding="UTF-8"?>
<document>
<type>mainstream</type>
<forum>http://www.wtvm.com/Global/category.asp?C=5479&amp;nav=menu91_1&amp;clienttype=rss</forum>
<forum_title>WTVM - WTVM Home</forum_title>
<discussion_title>Hoover police offer tips on protecting your home from brazen thieves</discussion_title>
<language>english</language>
<gmt_offset></gmt_offset>
<topic_url>http://www.wtvm.com/story/32915831/hoover-police-offer-tips-on-protecting-your-home-from-brazen-thieves</topic_url>
<topic_text>
Hoover police offer tips on protecting your home from brazen thi - WTVM.com-Columbus, GA News Weather &amp; Sports Member Center: Hoover police offer tips on protecting your home from brazen thieves 2016-08-30T23:29:57Z Hoover Police Officer Brian Hale. Source: WBRC video HOOVER, AL (WBRC) - 
Hoover police have arrested two of the three suspects who are accused of stealing two gas grills from the Target at the Grove. The other is still at large. 
Surveillance video shows two people, a man and a woman, removing the grills from a loading dock and placing them in a truck. 
&quot;Busy, it&apos;s bustling. Nothing surprises us anymore,&quot; Hoover Police Officer Brian Hale said about the incident. 
For the record, one of the suspects who was arrested, called WBRC on Tuesday to say that he thought the grills were old and were being thrown out. He also adds the grills were returned before he was arrested. 
&quot;It&apos;s whatever opportunity they have. They troll parking lots looking to break into cars. But if they see something that has value they might circle around and they spot the two grills for example in this case. And they realize, well we might be able to get something for that,&quot; Hale said. 
And if alleged criminals are willing to steal from a store, in broad daylight, what&apos;s to stop them from coming to your house? 
Hale says the key is to not give crooks the opportunity. 
&quot;They obviously don&apos;t want to get caught. They&apos;re going to go to the path of least resistance and go to where they don&apos;t think anybody is there, there&apos;s stuff laying around, that&apos;s the house I&apos;m going to go to,&quot; he said. 
Police say to lock up your stuff. Don&apos;t leave things of value outside. It&apos;s also not a bad idea to make sure the exterior of your house is well lit. 
&quot;We&apos;ve got to make it as difficult as we can on these guys,&quot; said Hale. 
Copyright 2016 WBRC . All rights reserved.
</topic_text>
<spam_score>0.00</spam_score>
<post_num>1</post_num>
<post_id>post-1</post_id>
<post_url>http://www.wtvm.com/story/32915831/hoover-police-offer-tips-on-protecting-your-home-from-brazen-thieves</post_url>
<post_date>20160830</post_date>
<post_time>2329</post_time>
<username>John Huddleston</username>
<post>
Hoover police offer tips on protecting your home from brazen thi - WTVM.com-Columbus, GA News Weather &amp; Sports Member Center: Hoover police offer tips on protecting your home from brazen thieves 2016-08-30T23:29:57Z Hoover Police Officer Brian Hale. Source: WBRC video HOOVER, AL (WBRC) - 
Hoover police have arrested two of the three suspects who are accused of stealing two gas grills from the Target at the Grove. The other is still at large. 
Surveillance video shows two people, a man and a woman, removing the grills from a loading dock and placing them in a truck. 
&quot;Busy, it&apos;s bustling. Nothing surprises us anymore,&quot; Hoover Police Officer Brian Hale said about the incident. 
For the record, one of the suspects who was arrested, called WBRC on Tuesday to say that he thought the grills were old and were being thrown out. He also adds the grills were returned before he was arrested. 
&quot;It&apos;s whatever opportunity they have. They troll parking lots looking to break into cars. But if they see something that has value they might circle around and they spot the two grills for example in this case. And they realize, well we might be able to get something for that,&quot; Hale said. 
And if alleged criminals are willing to steal from a store, in broad daylight, what&apos;s to stop them from coming to your house? 
Hale says the key is to not give crooks the opportunity. 
&quot;They obviously don&apos;t want to get caught. They&apos;re going to go to the path of least resistance and go to where they don&apos;t think anybody is there, there&apos;s stuff laying around, that&apos;s the house I&apos;m going to go to,&quot; he said. 
Police say to lock up your stuff. Don&apos;t leave things of value outside. It&apos;s also not a bad idea to make sure the exterior of your house is well lit. 
&quot;We&apos;ve got to make it as difficult as we can on these guys,&quot; said Hale. 
Copyright 2016 WBRC . All rights reserved.
</post>
<signature>

</signature>
<external_links>

</external_links>
<country>US</country>
<main_image>http://WBRC.images.worldnow.com/images/11609156_G.jpg</main_image>
</document>
