<?xml version="1.0" encoding="UTF-8"?>
<document>
<type>mainstream</type>
<forum></forum>
<forum_title></forum_title>
<discussion_title>Puppy reunited with owner&apos;s family 2 weeks after car crash</discussion_title>
<language>english</language>
<gmt_offset></gmt_offset>
<topic_url>http://www.philly.com/philly/news/nation_world/20160830_ap_c09b7f03d0504c0486f700879533f203.html</topic_url>
<topic_text>
Puppy reunited with owner&apos;s family 2 weeks after car crash Updated: August 30, 2016 — 2:47 PM EDT Share 
</topic_text>
<spam_score>0.07</spam_score>
<post_num>1</post_num>
<post_id>post-1</post_id>
<post_url>http://www.philly.com/philly/news/nation_world/20160830_ap_c09b7f03d0504c0486f700879533f203.html</post_url>
<post_date>20160830</post_date>
<post_time></post_time>
<username>The Associated Press</username>
<post>
Puppy reunited with owner&apos;s family 2 weeks after car crash Updated: August 30, 2016 — 2:47 PM EDT Share 
</post>
<signature>

</signature>
<external_links>

</external_links>
<country>US</country>
<main_image>http://media.philly.com/designimages/pcom-FB.jpg</main_image>
</document>
