<?xml version="1.0" encoding="UTF-8"?>
<document>
<type>mainstream</type>
<forum></forum>
<forum_title></forum_title>
<discussion_title>UPDATE 1-Caesars wins lawsuit shield to pursue &apos;uphill&apos; appeal</discussion_title>
<language>english</language>
<gmt_offset></gmt_offset>
<topic_url>http://www.philly.com/philly/wires/reuters/business/report/391769841.html</topic_url>
<topic_text>
UPDATE 1-Caesars wins lawsuit shield to pursue &apos;uphill&apos; appeal Updated: August 30, 2016 — 2:12 PM EDT Share 
(Recasts with court ruling to extend lawsuit shield until Oct. 5) 
By Tracy Rucinski 
CHICAGO, Aug 30 (Reuters) - A federal judge on Tuesday gave Caesars Entertainment Corp a five-week shield from $13 billion in lawsuits, capping a week of frantic court hearings as the casino group struggles to salvage a high-stakes debt-cutting plan for its bankrupt subsidiary. 
Judge Robert Gettleman said at an emergency court hearing in Chicago that he will decide on Oct. 5 whether he should overturn a U.S. Bankruptcy Court ruling from Friday that cleared the way for bondholders to sue Caesars. 
&quot;It&apos;s an uphill appeal,&quot; Gettleman said. Bondholders are pressing to have their cases decided in New York and Delaware by early next year. 
In January, Caesars will seek to confirm a plan of reorganization that would slash the $18 billion of debt held at its bankrupt Caesars Entertainment Operating Co Inc, subsidiary. It is desperate to keep bondholders at bay until then. 
Shares of Caesars plummeted on Monday after a federal judge in Chicago ruled the company must face lawsuits that lawyers on Tuesday said were worth more than $13 billion. Previously, they had said those cases were worth $11.4 billion, but the amount continues to inflate with interest. 
Gettleman&apos;s ruling by will put on hold a summary judgment hearing in New York federal court originally scheduled for Tuesday. Caesars had warned a ruling in favor of bondholders in that case could force it into bankruptcy. 
Shares of Nevada-based Caesars rose less than 1 percent in Nasdaq trading on Tuesday, to $6.38. 
The lawsuits were brought by investors who allege that Caesars reneged on guarantees of bonds issued by its subsidiary, known as CEOC, which filed for Chapter 11 protection in January 2015. 
The bondholders have also alleged that Caesars stripped CEOC of its best hotels and casinos, such as the Linq Hotel &amp; Casino complex in Las Vegas, leaving the subsidiary unable to pay its debts. 
Caesars, which is controlled by Apollo Global Management and TPG Capital Management, has denied those allegations. 
CEOC has argued its parent should be shielded from litigation because Caesars has committed to contributing billions of dollars to CEOC&apos;s reorganization plan. (Writing by Tom Hals in Wilmington, Delaware; Editing by Meredith Mazzilli and Dan Grebler) More Coverage 
</topic_text>
<spam_score>0.76</spam_score>
<post_num>1</post_num>
<post_id>post-1</post_id>
<post_url>http://www.philly.com/philly/wires/reuters/business/report/391769841.html</post_url>
<post_date>20160830</post_date>
<post_time></post_time>
<username></username>
<post>
UPDATE 1-Caesars wins lawsuit shield to pursue &apos;uphill&apos; appeal Updated: August 30, 2016 — 2:12 PM EDT Share 
(Recasts with court ruling to extend lawsuit shield until Oct. 5) 
By Tracy Rucinski 
CHICAGO, Aug 30 (Reuters) - A federal judge on Tuesday gave Caesars Entertainment Corp a five-week shield from $13 billion in lawsuits, capping a week of frantic court hearings as the casino group struggles to salvage a high-stakes debt-cutting plan for its bankrupt subsidiary. 
Judge Robert Gettleman said at an emergency court hearing in Chicago that he will decide on Oct. 5 whether he should overturn a U.S. Bankruptcy Court ruling from Friday that cleared the way for bondholders to sue Caesars. 
&quot;It&apos;s an uphill appeal,&quot; Gettleman said. Bondholders are pressing to have their cases decided in New York and Delaware by early next year. 
In January, Caesars will seek to confirm a plan of reorganization that would slash the $18 billion of debt held at its bankrupt Caesars Entertainment Operating Co Inc, subsidiary. It is desperate to keep bondholders at bay until then. 
Shares of Caesars plummeted on Monday after a federal judge in Chicago ruled the company must face lawsuits that lawyers on Tuesday said were worth more than $13 billion. Previously, they had said those cases were worth $11.4 billion, but the amount continues to inflate with interest. 
Gettleman&apos;s ruling by will put on hold a summary judgment hearing in New York federal court originally scheduled for Tuesday. Caesars had warned a ruling in favor of bondholders in that case could force it into bankruptcy. 
Shares of Nevada-based Caesars rose less than 1 percent in Nasdaq trading on Tuesday, to $6.38. 
The lawsuits were brought by investors who allege that Caesars reneged on guarantees of bonds issued by its subsidiary, known as CEOC, which filed for Chapter 11 protection in January 2015. 
The bondholders have also alleged that Caesars stripped CEOC of its best hotels and casinos, such as the Linq Hotel &amp; Casino complex in Las Vegas, leaving the subsidiary unable to pay its debts. 
Caesars, which is controlled by Apollo Global Management and TPG Capital Management, has denied those allegations. 
CEOC has argued its parent should be shielded from litigation because Caesars has committed to contributing billions of dollars to CEOC&apos;s reorganization plan. (Writing by Tom Hals in Wilmington, Delaware; Editing by Meredith Mazzilli and Dan Grebler) More Coverage 
</post>
<signature>

</signature>
<external_links>

</external_links>
<country>US</country>
<main_image>http://media.philly.com/designimages/pcom-FB.jpg</main_image>
</document>
