<?xml version="1.0" encoding="UTF-8"?>
<document>
<type>mainstream</type>
<forum></forum>
<forum_title></forum_title>
<discussion_title>Karen Gillan Joins Dwayne Johnson and Kevin Hart in &apos;Jumanji&apos; Sequel</discussion_title>
<language>english</language>
<gmt_offset></gmt_offset>
<topic_url>http://www.philly.com/philly/entertainment/geek/20160830_Reuters_tagreuterscom2016newsmlMT1VRT1201847860_Karen_Gillan_Joins_Dwayne_Johnson_and_Kevin_Hart_in__Jumanji__Sequel.html</topic_url>
<topic_text>
Karen Gillan Joins Dwayne Johnson and Kevin Hart in &apos;Jumanji&apos; Sequel Updated: August 30, 2016 — 6:24 PM EDT Share Variety Media, LLC 
By Justin Kroll 
LOS ANGELES (Variety.com) - Karen Gillan has landed the female lead in Sony&apos;s &quot;Jumanji&quot; sequel opposite Dwayne Johnson, Kevin Hart, and Jack Black. Jake Kasdan is on board to direct the adaptation of the 1981 children&apos;s book. 
Ni August 30, 2016 — 4:23 PM EDT | We encourage respectful comments but reserve the right to delete anything that doesn&apos;t contribute to an engaging dialogue Help us moderate this thread by flagging comments that violate our guidelines Help us learn more about Philly.com commenters. Click here to take this quick survey. Comment policy: 
Philly.com comments are intended to be civil, friendly conversations. Please treat other participants with respect and in a way that you would want to be treated. You are responsible for what you say. And please, stay on topic. If you see an objectionable post, please report it to us using the &quot;Report Abuse&quot; option. 
Please note that comments are monitored by Philly.com staff. We reserve the right at all times to remove any information or materials that are unlawful, threatening, abusive, libelous, defamatory, obscene, vulgar, pornographic, profane, indecent or otherwise objectionable. Personal attacks, especially on other participants, are not permitted. We reserve the right to permanently block any user who violates these terms and conditions. 
Additionally comments that are long, have multiple paragraph breaks, include code, or include hyperlinks may not be posted. 
</topic_text>
<spam_score>0.17</spam_score>
<post_num>1</post_num>
<post_id>post-1</post_id>
<post_url>http://www.philly.com/philly/entertainment/geek/20160830_Reuters_tagreuterscom2016newsmlMT1VRT1201847860_Karen_Gillan_Joins_Dwayne_Johnson_and_Kevin_Hart_in__Jumanji__Sequel.html</post_url>
<post_date>20160830</post_date>
<post_time></post_time>
<username>Justin Kroll</username>
<post>
Karen Gillan Joins Dwayne Johnson and Kevin Hart in &apos;Jumanji&apos; Sequel Updated: August 30, 2016 — 6:24 PM EDT Share Variety Media, LLC 
By Justin Kroll 
LOS ANGELES (Variety.com) - Karen Gillan has landed the female lead in Sony&apos;s &quot;Jumanji&quot; sequel opposite Dwayne Johnson, Kevin Hart, and Jack Black. Jake Kasdan is on board to direct the adaptation of the 1981 children&apos;s book. 
Ni August 30, 2016 — 4:23 PM EDT | We encourage respectful comments but reserve the right to delete anything that doesn&apos;t contribute to an engaging dialogue Help us moderate this thread by flagging comments that violate our guidelines Help us learn more about Philly.com commenters. Click here to take this quick survey. Comment policy: 
Philly.com comments are intended to be civil, friendly conversations. Please treat other participants with respect and in a way that you would want to be treated. You are responsible for what you say. And please, stay on topic. If you see an objectionable post, please report it to us using the &quot;Report Abuse&quot; option. 
Please note that comments are monitored by Philly.com staff. We reserve the right at all times to remove any information or materials that are unlawful, threatening, abusive, libelous, defamatory, obscene, vulgar, pornographic, profane, indecent or otherwise objectionable. Personal attacks, especially on other participants, are not permitted. We reserve the right to permanently block any user who violates these terms and conditions. 
Additionally comments that are long, have multiple paragraph breaks, include code, or include hyperlinks may not be posted. 
</post>
<signature>

</signature>
<external_links>

</external_links>
<country>US</country>
<main_image>http://media.philly.com/images/091614_Gillian_TV_600.jpg</main_image>
</document>
