<?xml version="1.0" encoding="UTF-8"?>
<document>
<type>mainstream</type>
<forum>http://www.bignewsnetwork.com/index.php/nav/rss/af4e74a975da4c65</forum>
<forum_title>Latest Big News Network RSS Feeds</forum_title>
<discussion_title>Westwood, Kaymer, Pieters get captain&apos;s picks for Ryder Cup</discussion_title>
<language>english</language>
<gmt_offset></gmt_offset>
<topic_url>http://www.bignewsnetwork.com/news/247209731/westwood-kaymer-pieters-get-captains-picks-for-ryder-cup</topic_url>
<topic_text>
St. Louis Post-Dispatch   File - In this Sunday, July 31, 2016 file photo, Martin Kaymer watches his tee shot on the sixth hole during the final round of the PGA Championship golf tournament at Baltusrol Golf Club in Springfield, N.J.. Lee Westwood, Martin Kaymer and Thomas Pieters will fill out the European team as Darren Clarke&apos;s captain&apos;s picks for the Ryder Cup at Hazeltine from Sept. 30-Oct. 2. Clarke announced his choices at the European Tour headquarters at Wentworth on Tuesday, Aug. 30, 2016. (AP Photo/Seth Wenig, File) ...
</topic_text>
<spam_score>0.00</spam_score>
<post_num>1</post_num>
<post_id>post-1</post_id>
<post_url>http://www.bignewsnetwork.com/news/247209731/westwood-kaymer-pieters-get-captains-picks-for-ryder-cup</post_url>
<post_date>20160830</post_date>
<post_time>1649</post_time>
<username></username>
<post>
St. Louis Post-Dispatch   File - In this Sunday, July 31, 2016 file photo, Martin Kaymer watches his tee shot on the sixth hole during the final round of the PGA Championship golf tournament at Baltusrol Golf Club in Springfield, N.J.. Lee Westwood, Martin Kaymer and Thomas Pieters will fill out the European team as Darren Clarke&apos;s captain&apos;s picks for the Ryder Cup at Hazeltine from Sept. 30-Oct. 2. Clarke announced his choices at the European Tour headquarters at Wentworth on Tuesday, Aug. 30, 2016. (AP Photo/Seth Wenig, File) ...
</post>
<signature>

</signature>
<external_links>

</external_links>
<country>US</country>
<main_image>http://static.bignewsnetwork.com/bignewsnetwork/big-news-network-slogan.jpg</main_image>
</document>
