<?xml version="1.0" encoding="UTF-8"?>
<document>
<type>mainstream</type>
<forum>http://rzeszowiak.pl//rss/Praca-Zatrudnie.xml</forum>
<forum_title>Praca www.rzeszowiak.pl</forum_title>
<discussion_title>PO SZKOLE BUDOWLANEJ - REMONTY ...</discussion_title>
<language>english</language>
<gmt_offset></gmt_offset>
<topic_url>http://www.rzeszowiak.pl/dam-prece-mlodej-osobie-po-skonczonej-szkole-budowlanej-8331535</topic_url>
<topic_text>
DAM PRECĘ MŁODEJ OSOBIE PO SKOŃCZONEJ SZKOLE BUDOWLANEJ CHCĄCEJ NABRAĆ PRAKTYKI PRZY REMONTACH BUDYNKÓW.(MALOWANIE, SZPACHLA, DOCIEPLENIA, WSTAWIENIE OKIEN ITP.)WYMAGANIA: CHĘCI DO PRACY, PUNKTUALNOŚĆ, DBANIE O PORZĄDEK NA STANOWISKU PRACY.
</topic_text>
<spam_score>0.00</spam_score>
<post_num>1</post_num>
<post_id>post-1</post_id>
<post_url>http://www.rzeszowiak.pl/dam-prece-mlodej-osobie-po-skonczonej-szkole-budowlanej-8331535</post_url>
<post_date>20160830</post_date>
<post_time>1828</post_time>
<username>PO SZKOLE BUDOWLANEJ - REMONTY</username>
<post>
DAM PRECĘ MŁODEJ OSOBIE PO SKOŃCZONEJ SZKOLE BUDOWLANEJ CHCĄCEJ NABRAĆ PRAKTYKI PRZY REMONTACH BUDYNKÓW.(MALOWANIE, SZPACHLA, DOCIEPLENIA, WSTAWIENIE OKIEN ITP.)WYMAGANIA: CHĘCI DO PRACY, PUNKTUALNOŚĆ, DBANIE O PORZĄDEK NA STANOWISKU PRACY.
</post>
<signature>

</signature>
<external_links>

</external_links>
<country>PL</country>
<main_image></main_image>
</document>
