<?xml version="1.0" encoding="UTF-8"?>
<document>
<type>mainstream</type>
<forum></forum>
<forum_title></forum_title>
<discussion_title>Trump booster apologizes for Clinton &apos;blackface&apos; tweet</discussion_title>
<language>english</language>
<gmt_offset></gmt_offset>
<topic_url>http://www.philly.com/philly/wires/reuters/news/report/391769821.html</topic_url>
<topic_text>
Trump booster apologizes for Clinton &apos;blackface&apos; tweet Updated: August 30, 2016 — 2:10 PM EDT Share Close icon Reuters 
WASHINGTON, Aug 30 (Reuters) - Pastor Marks Burns, a prominent supporter of Republican presidential nominee Donald Trump, apologized on Tuesday for sending out a tweet that showed a cartoon image of Democratic nominee Hillary Clinton in blackface. 
Burns, an African-American who is frequently one of the warmup speakers at Trump rallies, sent out the tweet on Monday to bolster the Trump campaign&apos;s contention that Clinton is pandering for the black vote but will ignore the community if elected on Nov. 8. 
&quot;I ain&apos;t no ways pandering to African Americans,&quot; the cartoon image says. 
The tweet emerged at a time when Trump has been trying to broaden his appeal to African-American voters by saying he wants to create more jobs and make black neighborhoods safe so people can walk down the street without getting shot. 
After Burns began taking fire for the tweet, he deleted it and apologized for the image but not his message. 
&quot;I&apos;m so sorry for the offensive #Blackface image of @HillaryClinton but stand by the message that we Blacks ARE being Used by #Dems for VOTES,&quot; Burns said. 
(Reporting by Steve Holland; Editing by Leslie Adler) More Coverage 
</topic_text>
<spam_score>0.01</spam_score>
<post_num>1</post_num>
<post_id>post-1</post_id>
<post_url>http://www.philly.com/philly/wires/reuters/news/report/391769821.html</post_url>
<post_date>20160830</post_date>
<post_time></post_time>
<username></username>
<post>
Trump booster apologizes for Clinton &apos;blackface&apos; tweet Updated: August 30, 2016 — 2:10 PM EDT Share Close icon Reuters 
WASHINGTON, Aug 30 (Reuters) - Pastor Marks Burns, a prominent supporter of Republican presidential nominee Donald Trump, apologized on Tuesday for sending out a tweet that showed a cartoon image of Democratic nominee Hillary Clinton in blackface. 
Burns, an African-American who is frequently one of the warmup speakers at Trump rallies, sent out the tweet on Monday to bolster the Trump campaign&apos;s contention that Clinton is pandering for the black vote but will ignore the community if elected on Nov. 8. 
&quot;I ain&apos;t no ways pandering to African Americans,&quot; the cartoon image says. 
The tweet emerged at a time when Trump has been trying to broaden his appeal to African-American voters by saying he wants to create more jobs and make black neighborhoods safe so people can walk down the street without getting shot. 
After Burns began taking fire for the tweet, he deleted it and apologized for the image but not his message. 
&quot;I&apos;m so sorry for the offensive #Blackface image of @HillaryClinton but stand by the message that we Blacks ARE being Used by #Dems for VOTES,&quot; Burns said. 
(Reporting by Steve Holland; Editing by Leslie Adler) More Coverage 
</post>
<signature>

</signature>
<external_links>

</external_links>
<country>US</country>
<main_image>http://media.philly.com/designimages/pcom-FB.jpg</main_image>
</document>
