<?xml version="1.0" encoding="UTF-8"?>
<document>
<type>mainstream</type>
<forum></forum>
<forum_title></forum_title>
<discussion_title>New York subway prankster to be charged with crime -police</discussion_title>
<language>english</language>
<gmt_offset></gmt_offset>
<topic_url>http://www.philly.com/philly/wires/reuters/news/report/391762521.html</topic_url>
<topic_text>
New York subway prankster to be charged with crime -police Updated: August 30, 2016 — 1:12 PM EDT Share Reuters 
By David Ingram 
NEW YORK, Aug 30 (Reuters) - New York City police plan to arrest an aspiring actress who let crickets and worms loose on a crowded subway train and then urinated on herself last week in what she has described as a prank, authorities said on Tuesday. 
Zaida Pugh will be charged with reckless endangerment for what she did on the train, said Robert Boyce, the New York Police Department&apos;s chief of detectives. 
Subway riders were locked in close quarters with the bugs for about 30 minutes during Wednesday evening&apos;s rush hour after a passenger pulled an emergency brake while the train was on the Manhattan Bridge. 
&quot;She put people at risk,&quot; Boyce told reporters. Passengers, he said, &quot;could have had heart attacks&quot; or other issues, or been emotionally scarred by the incident. 
Pugh could not immediately be reached for comment. 
In a Facebook video posted earlier on Tuesday, she apologized for the disturbance and said she had received death threats. Pugh vowed to delete videos of all her past stunts from the internet. 
&quot;I don&apos;t know what&apos;s going to happen to me,&quot; she said. 
She added: &quot;I wish there was something I could do to change how you guys look at me.&quot; 
Pugh told Reuters in an interview on Friday that she staged the train incident as a prank to raise awareness of how people treat the homeless. 
Videos from the train show an altercation between Pugh and a group of young men, who were also actors, she said. One of the men hit the container holding the creepy-crawlies into the air, and some of them landed on passengers. 
&quot;Initially ... we thought she was an emotionally disturbed person. We took her to the hospital,&quot; Boyce said. &quot;She went out and made further statements to the press that she had done this on purpose.&quot; (Reporting by David Ingram; Editing by Paul Simao) More Coverage 
</topic_text>
<spam_score>0.98</spam_score>
<post_num>1</post_num>
<post_id>post-1</post_id>
<post_url>http://www.philly.com/philly/wires/reuters/news/report/391762521.html</post_url>
<post_date>20160830</post_date>
<post_time></post_time>
<username></username>
<post>
New York subway prankster to be charged with crime -police Updated: August 30, 2016 — 1:12 PM EDT Share Reuters 
By David Ingram 
NEW YORK, Aug 30 (Reuters) - New York City police plan to arrest an aspiring actress who let crickets and worms loose on a crowded subway train and then urinated on herself last week in what she has described as a prank, authorities said on Tuesday. 
Zaida Pugh will be charged with reckless endangerment for what she did on the train, said Robert Boyce, the New York Police Department&apos;s chief of detectives. 
Subway riders were locked in close quarters with the bugs for about 30 minutes during Wednesday evening&apos;s rush hour after a passenger pulled an emergency brake while the train was on the Manhattan Bridge. 
&quot;She put people at risk,&quot; Boyce told reporters. Passengers, he said, &quot;could have had heart attacks&quot; or other issues, or been emotionally scarred by the incident. 
Pugh could not immediately be reached for comment. 
In a Facebook video posted earlier on Tuesday, she apologized for the disturbance and said she had received death threats. Pugh vowed to delete videos of all her past stunts from the internet. 
&quot;I don&apos;t know what&apos;s going to happen to me,&quot; she said. 
She added: &quot;I wish there was something I could do to change how you guys look at me.&quot; 
Pugh told Reuters in an interview on Friday that she staged the train incident as a prank to raise awareness of how people treat the homeless. 
Videos from the train show an altercation between Pugh and a group of young men, who were also actors, she said. One of the men hit the container holding the creepy-crawlies into the air, and some of them landed on passengers. 
&quot;Initially ... we thought she was an emotionally disturbed person. We took her to the hospital,&quot; Boyce said. &quot;She went out and made further statements to the press that she had done this on purpose.&quot; (Reporting by David Ingram; Editing by Paul Simao) More Coverage 
</post>
<signature>

</signature>
<external_links>

</external_links>
<country>US</country>
<main_image>http://media.philly.com/designimages/pcom-FB.jpg</main_image>
</document>
