<?xml version="1.0" encoding="UTF-8"?>
<document>
<type>mainstream</type>
<forum></forum>
<forum_title></forum_title>
<discussion_title>U.S. slams EU, but Apple tax demand first issued in Washington</discussion_title>
<language>english</language>
<gmt_offset></gmt_offset>
<topic_url>http://www.philly.com/philly/wires/reuters/business/report/391795231.html</topic_url>
<topic_text>
U.S. slams EU, but Apple tax demand first issued in Washington Updated: August 30, 2016 — 5:31 PM EDT Share 
As well as Apple, Starbucks Corp was ordered to pay more Dutch taxes and Amazon.com Inc and McDonald&apos;s Corp are still being investigated; a series of EU accusations that Google, part of Alphabet Inc, has abused its market power have also fueled complaints from U.S. President Barack Obama&apos;s administration th Help us moderate this thread by flagging comments that violate Help us learn more about Philly.com commenters. 
Philly.com comments are intended to be civil, friendly conversations. Please treat other participants with respect and in a way that you would want 
</topic_text>
<spam_score>0.78</spam_score>
<post_num>1</post_num>
<post_id>post-1</post_id>
<post_url>http://www.philly.com/philly/wires/reuters/business/report/391795231.html</post_url>
<post_date>20160830</post_date>
<post_time></post_time>
<username></username>
<post>
U.S. slams EU, but Apple tax demand first issued in Washington Updated: August 30, 2016 — 5:31 PM EDT Share 
As well as Apple, Starbucks Corp was ordered to pay more Dutch taxes and Amazon.com Inc and McDonald&apos;s Corp are still being investigated; a series of EU accusations that Google, part of Alphabet Inc, has abused its market power have also fueled complaints from U.S. President Barack Obama&apos;s administration th Help us moderate this thread by flagging comments that violate Help us learn more about Philly.com commenters. 
Philly.com comments are intended to be civil, friendly conversations. Please treat other participants with respect and in a way that you would want 
</post>
<signature>

</signature>
<external_links>

</external_links>
<country>US</country>
<main_image>http://media.philly.com/designimages/pcom-FB.jpg</main_image>
</document>
