<?xml version="1.0" encoding="UTF-8"?>
<document>
<type>mainstream</type>
<forum></forum>
<forum_title></forum_title>
<discussion_title>New York subway prankster to be charged with crime: police</discussion_title>
<language>english</language>
<gmt_offset></gmt_offset>
<topic_url>http://www.philly.com/philly/wires/reuters/news/nation/391766231.html</topic_url>
<topic_text>
New York subway prankster to be charged with crime: police Updated: August 30, 2016 — 1:43 PM EDT Share Reuters 
&quot;Initially ... we thought she was an emotionally disturbed perso 
</topic_text>
<spam_score>0.98</spam_score>
<post_num>1</post_num>
<post_id>post-1</post_id>
<post_url>http://www.philly.com/philly/wires/reuters/news/nation/391766231.html</post_url>
<post_date>20160830</post_date>
<post_time></post_time>
<username>David Ingram</username>
<post>
New York subway prankster to be charged with crime: police Updated: August 30, 2016 — 1:43 PM EDT Share Reuters 
&quot;Initially ... we thought she was an emotionally disturbed perso 
</post>
<signature>

</signature>
<external_links>

</external_links>
<country>US</country>
<main_image>http://media.philly.com/designimages/pcom-FB.jpg</main_image>
</document>
