<?xml version="1.0" encoding="UTF-8"?>
<document>
<type>mainstream</type>
<forum></forum>
<forum_title></forum_title>
<discussion_title>SpaceX signs first customer for used Falcon rocket</discussion_title>
<language>english</language>
<gmt_offset></gmt_offset>
<topic_url>http://www.philly.com/philly/wires/reuters/business/report/391782201.html</topic_url>
<topic_text>
SpaceX signs first customer for used Falcon rocket Updated: August 30, 2016 — 3:52 PM EDT Share Reuters 
By Irene Klotz 
CAPE CANAVERAL, Fla., Aug 30 (Reuters) - Elon Musk&apos;s SpaceX has signed its first customer to use a previously flown rocket, with launch planned for later this year, the companies said on Tuesday. 
The launch for Luxembourg-based satellite operator SES SA will mark the first commercial reuse of a Falcon 9 rocket, which is crucial to efforts by technology entrepreneur Musk&apos;s Space Exploration Technologies Corp to reduce the cost of space launches. 
Terms of the deal were not disclosed. SpaceX President Gwynne Shotwell previously said the company was targeting a 30 percent discount for launches aboard previously flown rockets, which would bring the price down to about $43 million per flight, a fraction of what competitors charge. 
SpaceX has so far landed six Falcon 9 rockets and will attempt to land its seventh after Saturday&apos;s scheduled launch in Florida of an Israeli communications satellite. 
&quot;We believe reusable rockets will open up a new era of spaceflight, and make access to space more efficient in terms of cost and manifest management,&quot; Martin Halliwell, SES chief technology officer, said in a statement. 
SES, which in 2013 became SpaceX&apos;s first commercial customer, plans to launch its SES-10 communications satellite on a used Falcon 9 rocket in late 2016. 
The rocket previously flew in April to send a cargo ship on its way to the International Space Station for NASA, said SpaceX spokesman John Taylor. 
&quot;Re-launching a rocket that has already delivered spacecraft to orbit is an important milestone on the path to complete and rapid reusability,&quot; Shotwell said in the statement. 
Musk founded SpaceX in 2002 with the goal of slashing launch costs to make travel to Mars affordable. The company plans to fly its first unmanned spacecraft to Mars in 2018 and send humans to Mars as early as 2024. 
Musk is expected to unveil details of his Mars program at the International Astronautical Congress in Guadalajara, Mexico, next month. 
SpaceX&apos;s major competitors are United Launch Alliance, a partnership of Lockheed Martin and Boeing, and Europe&apos;s Arianespace. (Reporting by Irene Klotz; Editing by Alistair Bell) More Coverage 
</topic_text>
<spam_score>0.21</spam_score>
<post_num>1</post_num>
<post_id>post-1</post_id>
<post_url>http://www.philly.com/philly/wires/reuters/business/report/391782201.html</post_url>
<post_date>20160830</post_date>
<post_time></post_time>
<username></username>
<post>
SpaceX signs first customer for used Falcon rocket Updated: August 30, 2016 — 3:52 PM EDT Share Reuters 
By Irene Klotz 
CAPE CANAVERAL, Fla., Aug 30 (Reuters) - Elon Musk&apos;s SpaceX has signed its first customer to use a previously flown rocket, with launch planned for later this year, the companies said on Tuesday. 
The launch for Luxembourg-based satellite operator SES SA will mark the first commercial reuse of a Falcon 9 rocket, which is crucial to efforts by technology entrepreneur Musk&apos;s Space Exploration Technologies Corp to reduce the cost of space launches. 
Terms of the deal were not disclosed. SpaceX President Gwynne Shotwell previously said the company was targeting a 30 percent discount for launches aboard previously flown rockets, which would bring the price down to about $43 million per flight, a fraction of what competitors charge. 
SpaceX has so far landed six Falcon 9 rockets and will attempt to land its seventh after Saturday&apos;s scheduled launch in Florida of an Israeli communications satellite. 
&quot;We believe reusable rockets will open up a new era of spaceflight, and make access to space more efficient in terms of cost and manifest management,&quot; Martin Halliwell, SES chief technology officer, said in a statement. 
SES, which in 2013 became SpaceX&apos;s first commercial customer, plans to launch its SES-10 communications satellite on a used Falcon 9 rocket in late 2016. 
The rocket previously flew in April to send a cargo ship on its way to the International Space Station for NASA, said SpaceX spokesman John Taylor. 
&quot;Re-launching a rocket that has already delivered spacecraft to orbit is an important milestone on the path to complete and rapid reusability,&quot; Shotwell said in the statement. 
Musk founded SpaceX in 2002 with the goal of slashing launch costs to make travel to Mars affordable. The company plans to fly its first unmanned spacecraft to Mars in 2018 and send humans to Mars as early as 2024. 
Musk is expected to unveil details of his Mars program at the International Astronautical Congress in Guadalajara, Mexico, next month. 
SpaceX&apos;s major competitors are United Launch Alliance, a partnership of Lockheed Martin and Boeing, and Europe&apos;s Arianespace. (Reporting by Irene Klotz; Editing by Alistair Bell) More Coverage 
</post>
<signature>

</signature>
<external_links>

</external_links>
<country>US</country>
<main_image>http://media.philly.com/designimages/pcom-FB.jpg</main_image>
</document>
