<?xml version="1.0" encoding="UTF-8"?>
<document>
<type>mainstream</type>
<forum></forum>
<forum_title></forum_title>
<discussion_title>Seattle police: Glitch erases hundreds of in-car videos</discussion_title>
<language>english</language>
<gmt_offset></gmt_offset>
<topic_url>http://www.philly.com/philly/wires/ap/news/391801261.html</topic_url>
<topic_text>
Seattle police: Glitch erases hundreds of in-car videos Updated: August 30, 2016 — 5:16 PM EDT Share Close icon The Associated Press 
SEATTLE (AP) - The Seattle Police Department says a failure in the storage system that holds its digital in-car video has wiped out two days&apos; worth of recordings. 
The department says the affected recordings date to July 13 and 14. The majority were of in-car video tests that officers conduct at the start of their shifts or of low-level disturbance calls. 
But about one-quarter of the recordings - 537 of them - had evidentiary value. Those include 89 arrests, 138 traffic citations, 95 oral warnings, 60 crisis contacts and five low-level uses of force. 
The department says it will start using additional technical and procedural controls to make sure it doesn&apos;t happen again, and that it&apos;s proceeding with all investigations stemming from police work on July 13 and 14. Published: 
</topic_text>
<spam_score>0.29</spam_score>
<post_num>1</post_num>
<post_id>post-1</post_id>
<post_url>http://www.philly.com/philly/wires/ap/news/391801261.html</post_url>
<post_date>20160830</post_date>
<post_time></post_time>
<username>The Associated Press</username>
<post>
Seattle police: Glitch erases hundreds of in-car videos Updated: August 30, 2016 — 5:16 PM EDT Share Close icon The Associated Press 
SEATTLE (AP) - The Seattle Police Department says a failure in the storage system that holds its digital in-car video has wiped out two days&apos; worth of recordings. 
The department says the affected recordings date to July 13 and 14. The majority were of in-car video tests that officers conduct at the start of their shifts or of low-level disturbance calls. 
But about one-quarter of the recordings - 537 of them - had evidentiary value. Those include 89 arrests, 138 traffic citations, 95 oral warnings, 60 crisis contacts and five low-level uses of force. 
The department says it will start using additional technical and procedural controls to make sure it doesn&apos;t happen again, and that it&apos;s proceeding with all investigations stemming from police work on July 13 and 14. Published: 
</post>
<signature>

</signature>
<external_links>

</external_links>
<country>US</country>
<main_image>http://media.philly.com/designimages/pcom-FB.jpg</main_image>
</document>
