<?xml version="1.0" encoding="UTF-8"?>
<document>
<type>mainstream</type>
<forum></forum>
<forum_title></forum_title>
<discussion_title>10 things to look forward to at the movies this fall</discussion_title>
<language>english</language>
<gmt_offset></gmt_offset>
<topic_url>http://www.philly.com/philly/wires/ap/news/391770571.html</topic_url>
<topic_text>
10 things to look forward to at the movies this fall Updated: August 30, 2016 — 3:27 PM EDT Share JAKE COYLE and LINDSEY BAHR The Associated Press Mail icon 
After a bruising three months when moviegoers often had to strain to find something good to see, this year&apos;s fall film season looms like an oasis. It&apos;s about to get better at the multiplex. Here are 10 movies, performances and story lines that AP film writers Lindsey Bahr and Jake Coyle are most looking forward to, come autumn: 
LONERGAN-MANIA: Little is settled about this fall&apos;s coming awards season except for this: Kenneth Lonergan&apos;s &quot;Manchester by the Sea&quot; (Nov. 18) is one of the best films of the year. Already celebrated at its Sundance premiere, it&apos;s the third film from the acclaimed New York playwright following the wonderful &quot;You Can Count on Me&quot; and the criminally underseen &quot;Margaret.&quot; Casey Affleck excels as a small-town New Englander haunted by tragedy. Lonergan&apos;s naturalistic touch and deft feel for the rhythms and details of life remain unmatched. - Jake Coyle 
ANG LEE, INNOVATOR: Ang Lee is continually pushing cinema to new technological heights, and his adaptation of &quot;Billy Lynn&apos;s Long Halftime Walk&quot; (Nov. 11) is no less ambitious than bringing a hyper realistic CG Bengal tiger to the frames of &quot;Life of Pi.&quot; The first screening will be in 4K, 3D and 120 frames per second - essentially, hyper reality. Oh, and he also manages to meld all that tech talk with some extremely resonant stories. Take us there, Mr. Lee. - Lindsey Bahr 
A MORE DIVERSE OSCARS: After two straight years of &quot;OscarsSoWhite&quot; blanketing a dishearteningly homogenous Academy Awards, a richly diverse array of possible nominees is lining up for this season. Though a rape case from the past is clouding the once-bright fortunes of Nate Parker&apos;s &quot;The Birth of a Nation,&quot; a revamped Academy of Motion Pictures may be hard pressed to ignore the likes of Denzel Washington&apos;s &quot;Fences&quot; (Dec. 16), Barry Jenkins&apos; &quot;Moonlight&quot; (Oct. 21), Theodore Melfi&apos;s &quot;Hidden Figures&quot; (Dec. 25) and Jeff Nichols&apos; interracial marriage tale &quot;Loving&quot; (Nov. 4). - Coyle 
FEMALE DIRECTORS TO (RE)DISCOVER: While the percentage of female directors remains dismal, there are a number of exciting projects from new and veteran talents this fall, like the feature debuts of Julia Hart (&quot;Miss Stevens,&quot; Sept. 16) and Kelly Fremon Craig (&quot;The Edge of Seventeen,&quot; Nov. 18). Also coming are films from exciting veterans like Jocelyn Moorehouse (&quot;The Dressmaker,&quot; Sept. 23), Andrea Arnold (&quot;American Honey,&quot; Sept. 30) and Kelly Reichardt (&quot;Certain Women,&quot; Oct. 14). - Bahr 
A LEGITIMATELY GOOD SHIA LABEOUF: Performance-art theatrics have overshadowed the transformation Shia LaBeouf has undergone. He&apos;s made it easy to not take him seriously in recent years, and maybe that&apos;s been the point. But in Andrea Arnold&apos;s Midwest teenage odyssey, &quot;American Honey&quot; (Sept. 30), LaBeouf and breakout star Sasha Lane are exceptional. The film is your opportunity to 1) See why LaBeouf was sporting a rattail last year; 2) Watch him dance to Rihanna on a Walmart check-out counter; and 3) See the vibrant latest from one of the most interesting directors currently working. - Coyle 
EMMA STONE GETS A PROPER SHOWCASE: How do you come off of a dud like &quot;Aloha&quot;? By singing, dancing and romancing your way back into America&apos;s hearts in what could be a career-defining performance in Damien Chazelle&apos;s musical love story &quot;La La Land&quot; (Dec. 16) of course. Stone stars as Mia, a struggling actress in Los Angeles who falls for a moody musician in the form of Ryan Gosling. Looking like &quot;Singing in the Rain&quot; meets &quot;The Umbrellas of Cherbourg,&quot; &apos;&apos;La La Land&quot; - and Stone&apos;s touching melodies and emotive almond eyes - promises to have audiences swooning and sobbing in no time. - Bahr 
SMARTER SPECTACLES: Even the blockbusters this fall look more enticing than the summer&apos;s. There&apos;s Denzel in glorious cowboy-hero mode in &quot;The Magnificent Seven (Sept. 23), Peter Berg&apos;s visceral true tale &quot;Deepwater Horizon&quot; (Sept. 30), the brainy smarts of Benedict Cumberbatch in &quot;Doctor Strange&quot; (Nov. 4), the mind-bending sci-fi of Denis Villeneuve&apos;s &quot;Arrival&quot; (Nov. 11) and the cozy fantasy of J.K. Rowling&apos;s &quot;Fantastic Beasts and Where to Find Them&quot; (Nov. 18). Oh, and another little &quot;Star Wars&quot; film is coming: Gareth Edwards&apos; spinoff &quot;Rogue One: A Star Wars Story&quot; (Dec. 16). - Coyle 
OLD HOLLYWOOD THROUGH BEATTY&apos;S LENS: The Golden Age of Hollywood holds a not-so-surprising allure for directors of a certain age, but perhaps none has seemed quite as suited to the task as Warren Beatty, coming off of a 15-year hiatus from acting and an 18-year break from directing with his long-time-coming &quot;Rules Don&apos;t Apply&quot; (Nov. 23), once simply known as the Warren Beatty Howard Hughes pic. Beatty plays Hughes, but it looks to be more of a showcase for a youthful romance between an aspiring actress (Lily Collins) and her driver (young Han Solo himself, Alden Ehrenreich). - Bahr 
HAILEE STEINFELD GROWS UP: Steinfeld was just 13 when she made her Oscar-nominated breakout in the Coen brothers &quot;True Grit&quot; in 2010. In Kelly Fremon Craig&apos;s &quot;The Edge of Seventeen&quot; (Nov. 18) - a coming-of-age tale in the John Hughes tradition - her maturation is self-evident. As a whip-smart but confidence-lacking high-schooler, Steinfeld navigates embarrassment after embarrassment with wit and spirit. - Coyle 
THE UNDERSTATED MIKE MILLS: Director Mike Mills takes his time between projects, but each is a lovely, whispered little cinematic event, from the tender &quot;Thumbsucker&quot; to the achingly poignant &quot;Beginners.&quot; His latest, &quot;20th Century Women&quot; (Dec. 21) takes him back in time to 1979 Santa Barbara, where three women (Annette Bening, Greta Gerwig and Elle Fanning) explore what love and freedom means in their time. - Bahr Published: 
</topic_text>
<spam_score>0.13</spam_score>
<post_num>1</post_num>
<post_id>post-1</post_id>
<post_url>http://www.philly.com/philly/wires/ap/news/391770571.html</post_url>
<post_date>20160830</post_date>
<post_time></post_time>
<username>Jake Coyle</username>
<post>
10 things to look forward to at the movies this fall Updated: August 30, 2016 — 3:27 PM EDT Share JAKE COYLE and LINDSEY BAHR The Associated Press Mail icon 
After a bruising three months when moviegoers often had to strain to find something good to see, this year&apos;s fall film season looms like an oasis. It&apos;s about to get better at the multiplex. Here are 10 movies, performances and story lines that AP film writers Lindsey Bahr and Jake Coyle are most looking forward to, come autumn: 
LONERGAN-MANIA: Little is settled about this fall&apos;s coming awards season except for this: Kenneth Lonergan&apos;s &quot;Manchester by the Sea&quot; (Nov. 18) is one of the best films of the year. Already celebrated at its Sundance premiere, it&apos;s the third film from the acclaimed New York playwright following the wonderful &quot;You Can Count on Me&quot; and the criminally underseen &quot;Margaret.&quot; Casey Affleck excels as a small-town New Englander haunted by tragedy. Lonergan&apos;s naturalistic touch and deft feel for the rhythms and details of life remain unmatched. - Jake Coyle 
ANG LEE, INNOVATOR: Ang Lee is continually pushing cinema to new technological heights, and his adaptation of &quot;Billy Lynn&apos;s Long Halftime Walk&quot; (Nov. 11) is no less ambitious than bringing a hyper realistic CG Bengal tiger to the frames of &quot;Life of Pi.&quot; The first screening will be in 4K, 3D and 120 frames per second - essentially, hyper reality. Oh, and he also manages to meld all that tech talk with some extremely resonant stories. Take us there, Mr. Lee. - Lindsey Bahr 
A MORE DIVERSE OSCARS: After two straight years of &quot;OscarsSoWhite&quot; blanketing a dishearteningly homogenous Academy Awards, a richly diverse array of possible nominees is lining up for this season. Though a rape case from the past is clouding the once-bright fortunes of Nate Parker&apos;s &quot;The Birth of a Nation,&quot; a revamped Academy of Motion Pictures may be hard pressed to ignore the likes of Denzel Washington&apos;s &quot;Fences&quot; (Dec. 16), Barry Jenkins&apos; &quot;Moonlight&quot; (Oct. 21), Theodore Melfi&apos;s &quot;Hidden Figures&quot; (Dec. 25) and Jeff Nichols&apos; interracial marriage tale &quot;Loving&quot; (Nov. 4). - Coyle 
FEMALE DIRECTORS TO (RE)DISCOVER: While the percentage of female directors remains dismal, there are a number of exciting projects from new and veteran talents this fall, like the feature debuts of Julia Hart (&quot;Miss Stevens,&quot; Sept. 16) and Kelly Fremon Craig (&quot;The Edge of Seventeen,&quot; Nov. 18). Also coming are films from exciting veterans like Jocelyn Moorehouse (&quot;The Dressmaker,&quot; Sept. 23), Andrea Arnold (&quot;American Honey,&quot; Sept. 30) and Kelly Reichardt (&quot;Certain Women,&quot; Oct. 14). - Bahr 
A LEGITIMATELY GOOD SHIA LABEOUF: Performance-art theatrics have overshadowed the transformation Shia LaBeouf has undergone. He&apos;s made it easy to not take him seriously in recent years, and maybe that&apos;s been the point. But in Andrea Arnold&apos;s Midwest teenage odyssey, &quot;American Honey&quot; (Sept. 30), LaBeouf and breakout star Sasha Lane are exceptional. The film is your opportunity to 1) See why LaBeouf was sporting a rattail last year; 2) Watch him dance to Rihanna on a Walmart check-out counter; and 3) See the vibrant latest from one of the most interesting directors currently working. - Coyle 
EMMA STONE GETS A PROPER SHOWCASE: How do you come off of a dud like &quot;Aloha&quot;? By singing, dancing and romancing your way back into America&apos;s hearts in what could be a career-defining performance in Damien Chazelle&apos;s musical love story &quot;La La Land&quot; (Dec. 16) of course. Stone stars as Mia, a struggling actress in Los Angeles who falls for a moody musician in the form of Ryan Gosling. Looking like &quot;Singing in the Rain&quot; meets &quot;The Umbrellas of Cherbourg,&quot; &apos;&apos;La La Land&quot; - and Stone&apos;s touching melodies and emotive almond eyes - promises to have audiences swooning and sobbing in no time. - Bahr 
SMARTER SPECTACLES: Even the blockbusters this fall look more enticing than the summer&apos;s. There&apos;s Denzel in glorious cowboy-hero mode in &quot;The Magnificent Seven (Sept. 23), Peter Berg&apos;s visceral true tale &quot;Deepwater Horizon&quot; (Sept. 30), the brainy smarts of Benedict Cumberbatch in &quot;Doctor Strange&quot; (Nov. 4), the mind-bending sci-fi of Denis Villeneuve&apos;s &quot;Arrival&quot; (Nov. 11) and the cozy fantasy of J.K. Rowling&apos;s &quot;Fantastic Beasts and Where to Find Them&quot; (Nov. 18). Oh, and another little &quot;Star Wars&quot; film is coming: Gareth Edwards&apos; spinoff &quot;Rogue One: A Star Wars Story&quot; (Dec. 16). - Coyle 
OLD HOLLYWOOD THROUGH BEATTY&apos;S LENS: The Golden Age of Hollywood holds a not-so-surprising allure for directors of a certain age, but perhaps none has seemed quite as suited to the task as Warren Beatty, coming off of a 15-year hiatus from acting and an 18-year break from directing with his long-time-coming &quot;Rules Don&apos;t Apply&quot; (Nov. 23), once simply known as the Warren Beatty Howard Hughes pic. Beatty plays Hughes, but it looks to be more of a showcase for a youthful romance between an aspiring actress (Lily Collins) and her driver (young Han Solo himself, Alden Ehrenreich). - Bahr 
HAILEE STEINFELD GROWS UP: Steinfeld was just 13 when she made her Oscar-nominated breakout in the Coen brothers &quot;True Grit&quot; in 2010. In Kelly Fremon Craig&apos;s &quot;The Edge of Seventeen&quot; (Nov. 18) - a coming-of-age tale in the John Hughes tradition - her maturation is self-evident. As a whip-smart but confidence-lacking high-schooler, Steinfeld navigates embarrassment after embarrassment with wit and spirit. - Coyle 
THE UNDERSTATED MIKE MILLS: Director Mike Mills takes his time between projects, but each is a lovely, whispered little cinematic event, from the tender &quot;Thumbsucker&quot; to the achingly poignant &quot;Beginners.&quot; His latest, &quot;20th Century Women&quot; (Dec. 21) takes him back in time to 1979 Santa Barbara, where three women (Annette Bening, Greta Gerwig and Elle Fanning) explore what love and freedom means in their time. - Bahr Published: 
</post>
<signature>

</signature>
<external_links>

</external_links>
<country>US</country>
<main_image>http://media.philly.com/images/b77e2bc2557544a4b7d67c088710a8e2-121f82fd90cc408da7823201721eb6e5.jpg</main_image>
</document>
