<?xml version="1.0" encoding="UTF-8"?>
<document>
<type>mainstream</type>
<forum>http://livemint.com//rss/opinion</forum>
<forum_title>opinion</forum_title>
<discussion_title>GST’s next challenge - Livemint</discussion_title>
<language>english</language>
<gmt_offset></gmt_offset>
<topic_url>http://www.livemint.com/Home-Page/mEIcLHU2NsKpjw2pAWoM1L/GSTs-next-challenge.html</topic_url>
<topic_text>
Fourteen states have already ratified the constitutional amendment bill that clears the way for the introduction of the good and services tax (GST). It now seems likely that the landmark tax reform will soon get the support of more than half the states, as is mandatory. Tamil Nadu continues to be sceptical about the proposed GST structure while West Bengal seems to be watching from the sidelines.
The next bargaining challenges are now on the horizon. The GST rate is the most important among them. Even a cursory reading of media reports on the debates about the GST bill in different state legislatures shows that there is a deep concern about the rate at which the new tax will be imposed. The states have taken the brave step of signing away many of their fiscal powers to New Delhi. The Union government will now have to allay fears that states may lose revenue while at the same time ensuring that the GST rate is not unacceptably high.
</topic_text>
<spam_score>0.00</spam_score>
<post_num>1</post_num>
<post_id>post-1</post_id>
<post_url>http://www.livemint.com/Home-Page/mEIcLHU2NsKpjw2pAWoM1L/GSTs-next-challenge.html</post_url>
<post_date>20160831</post_date>
<post_time>0318</post_time>
<username>Livemint</username>
<post>
Fourteen states have already ratified the constitutional amendment bill that clears the way for the introduction of the good and services tax (GST). It now seems likely that the landmark tax reform will soon get the support of more than half the states, as is mandatory. Tamil Nadu continues to be sceptical about the proposed GST structure while West Bengal seems to be watching from the sidelines.
The next bargaining challenges are now on the horizon. The GST rate is the most important among them. Even a cursory reading of media reports on the debates about the GST bill in different state legislatures shows that there is a deep concern about the rate at which the new tax will be imposed. The states have taken the brave step of signing away many of their fiscal powers to New Delhi. The Union government will now have to allay fears that states may lose revenue while at the same time ensuring that the GST rate is not unacceptably high.
</post>
<signature>

</signature>
<external_links>

</external_links>
<country>US</country>
<main_image>http://www.livemint.com/rw/PortalConfig/LiveMint/static_content/images/v2/default-621.jpg</main_image>
</document>
