<?xml version="1.0" encoding="UTF-8"?>
<document>
<type>mainstream</type>
<forum></forum>
<forum_title></forum_title>
<discussion_title>Politics, shootings undercut criminal justice overhaul</discussion_title>
<language>english</language>
<gmt_offset></gmt_offset>
<topic_url>http://www.philly.com/philly/news/nation_world/20160830_ap_445eecddbf5044e1b9424848b30125ee.html</topic_url>
<topic_text>
Politics, shootings undercut criminal justice overhaul Updated: August 30, 2016 — 3:41 PM EDT Share MARY CLARE JALONICK The Associated Press 
WASHINGTON (AP) - Hopes for overhauling the nation&apos;s criminal justice system have faded in Congress this year, undercut by a rash of summer shootings involving police and the pressure of election-year politics. 
Republicans, including Majority Whip John Cornyn of Texas and Utah Sen. Mike Lee, had joined forces with Democrats in hopes of revising the 1980s and &apos;90s-era federal &quot;tough on crime&quot; laws by reducing some mandatory sentences for low-level drug offenders and giving judges greater discretion in sentencing. The goal is to reduce overcrowding in the nation&apos;s prisons and save taxpayer dollars. 
In 1980, the federal prison population was less than 25,000. Today, it is more than 200,000. 
The bipartisan group encountered fierce opposition from some Republicans who argue reform could increase crime and pose a greater danger to law enforcement. Republican presidential nominee Donald Trump hasn&apos;t commented on the pending legislation but has dubbed himself the &quot;law-and-order candidate&quot; for what he calls a country in crisis, with terrorism in cities and attacks on police. 
With Republicans deeply divided, one man could break the legislative deadlock: Senate Majority Leader Mitch McConnell, R-Ky., who has not indicated whether he supports the effort. If inaction is telling, McConnell so far has declined to put the legislation to vote, suggesting he doesn&apos;t want a messy intraparty fight before the November election. 
Unlike McConnell, House Speaker Paul Ryan, R-Wis., strongly supports an overhaul and may bring up a series of bipartisan House bills in September to reduce mandatory sentences and boost rehabilitation programs. 
An unusual coalition - President Barack Obama, the American Civil Liberties Union and the conservative Koch Industries - says the system is broken and supports changes. Obama has made it a priority in his last year. 
But Ryan and Obama have a tough job in winning over McConnell, who must deal with opponents such as Arkansas Sen. Tom Cotton, Texas Sen. Ted Cruz and a handful of other Senate Republicans. 
Supporters are also battling the calendar; Congress is only in session a few weeks before Obama leaves office. Democratic presidential nominee Hillary Clinton supports the effort, but if she wins it&apos;s unclear whether there would be momentum for the overhaul in her busy first year in office. 
Cotton calls the Senate bill &quot;a dangerous experiment in criminal leniency&quot; that would let violent criminals out of prison. 
Supporters say the legislation would do the opposite, making communities safer by focusing on rehabilitation and preserving police resources. Mark Holden of Koch Industries, which has backed the Senate and House bills, points to states that have successfully put similar reforms in place. 
Proponents argue that there&apos;s no direct connection between the overhaul and this summer&apos;s shootings of black men in Minneapolis and Baton Rouge - or the shooting of police officers in Dallas and Baton Rouge - since the measures would primarily deal with incarceration of low-level drug offenders and rehabilitation programs. Opponents counter that reducing mandatory minimum sentences could further endanger law enforcement. 
&quot;If you talk to actual officers on the street, almost all of them will tell you their job has gotten more dangerous,&quot; said the Hudson Institute&apos;s John Walters, who was drug czar under President George W. Bush. &quot;The current debate about this isn&apos;t going to give them a voice.&quot; 
The House Judiciary Committee is looking at separate action on policing and has created a bipartisan working group on police accountability and aggression toward law enforcement. After meetings in Detroit on Tuesday, Chairman Bob Goodlatte, R-Va., predicted criminal justice reform will eventually pass. 
On policing, Goodlatte said mistrust between law enforcement and the communities will not be solved overnight. &quot;However, this should not deter us from devoting urgent attention to this matter of national importance,&quot; he said. 
Republicans who back criminal justice overhaul point to the support of several law enforcement groups and say they are working the party&apos;s grassroots, bringing the message that changes could save billions of federal dollars and help criminals from returning to prison. 
&quot;There&apos;s no question that it&apos;s very hard to draw the lines on the conservative movement and where people are on this,&quot; says Republican Ken Cuccinelli, the former Virginia attorney general who is working with a group called Right on Crime. 
At the heart of the Republican debate on the issue is a philosophical difference between advocates who say rehabilitation and shorter sentences could lower recidivism and opponents who say it will let criminals out and not do enough to stem crime. Advocates point to a dip in overall crime in the U.S., while opponents point to rising crime in some major cities. 
The Senate bill was introduced last October, and Cornyn and other supporters revised it this spring to try and win over reluctant GOP colleagues. But Cornyn acknowledged in July that the House would have to move first on its legislation, which is similar but not identical to the Senate bill. 
Some advocates are hoping the legislation could be passed as part of the typical last-minute horse trading in the &quot;lame duck&quot; session in between the election and the end of the year. 
To get momentum, &quot;we need a House vote in September, and we need a big House vote in September,&quot; says Holly Harris of the Justice Action Network. 
___ 
Associated Press writer Jeff Karoub in Detroit contributed to this report. Published: 
</topic_text>
<spam_score>0.20</spam_score>
<post_num>1</post_num>
<post_id>post-1</post_id>
<post_url>http://www.philly.com/philly/news/nation_world/20160830_ap_445eecddbf5044e1b9424848b30125ee.html</post_url>
<post_date>20160830</post_date>
<post_time></post_time>
<username>Mary Clare Jalonick</username>
<post>
Politics, shootings undercut criminal justice overhaul Updated: August 30, 2016 — 3:41 PM EDT Share MARY CLARE JALONICK The Associated Press 
WASHINGTON (AP) - Hopes for overhauling the nation&apos;s criminal justice system have faded in Congress this year, undercut by a rash of summer shootings involving police and the pressure of election-year politics. 
Republicans, including Majority Whip John Cornyn of Texas and Utah Sen. Mike Lee, had joined forces with Democrats in hopes of revising the 1980s and &apos;90s-era federal &quot;tough on crime&quot; laws by reducing some mandatory sentences for low-level drug offenders and giving judges greater discretion in sentencing. The goal is to reduce overcrowding in the nation&apos;s prisons and save taxpayer dollars. 
In 1980, the federal prison population was less than 25,000. Today, it is more than 200,000. 
The bipartisan group encountered fierce opposition from some Republicans who argue reform could increase crime and pose a greater danger to law enforcement. Republican presidential nominee Donald Trump hasn&apos;t commented on the pending legislation but has dubbed himself the &quot;law-and-order candidate&quot; for what he calls a country in crisis, with terrorism in cities and attacks on police. 
With Republicans deeply divided, one man could break the legislative deadlock: Senate Majority Leader Mitch McConnell, R-Ky., who has not indicated whether he supports the effort. If inaction is telling, McConnell so far has declined to put the legislation to vote, suggesting he doesn&apos;t want a messy intraparty fight before the November election. 
Unlike McConnell, House Speaker Paul Ryan, R-Wis., strongly supports an overhaul and may bring up a series of bipartisan House bills in September to reduce mandatory sentences and boost rehabilitation programs. 
An unusual coalition - President Barack Obama, the American Civil Liberties Union and the conservative Koch Industries - says the system is broken and supports changes. Obama has made it a priority in his last year. 
But Ryan and Obama have a tough job in winning over McConnell, who must deal with opponents such as Arkansas Sen. Tom Cotton, Texas Sen. Ted Cruz and a handful of other Senate Republicans. 
Supporters are also battling the calendar; Congress is only in session a few weeks before Obama leaves office. Democratic presidential nominee Hillary Clinton supports the effort, but if she wins it&apos;s unclear whether there would be momentum for the overhaul in her busy first year in office. 
Cotton calls the Senate bill &quot;a dangerous experiment in criminal leniency&quot; that would let violent criminals out of prison. 
Supporters say the legislation would do the opposite, making communities safer by focusing on rehabilitation and preserving police resources. Mark Holden of Koch Industries, which has backed the Senate and House bills, points to states that have successfully put similar reforms in place. 
Proponents argue that there&apos;s no direct connection between the overhaul and this summer&apos;s shootings of black men in Minneapolis and Baton Rouge - or the shooting of police officers in Dallas and Baton Rouge - since the measures would primarily deal with incarceration of low-level drug offenders and rehabilitation programs. Opponents counter that reducing mandatory minimum sentences could further endanger law enforcement. 
&quot;If you talk to actual officers on the street, almost all of them will tell you their job has gotten more dangerous,&quot; said the Hudson Institute&apos;s John Walters, who was drug czar under President George W. Bush. &quot;The current debate about this isn&apos;t going to give them a voice.&quot; 
The House Judiciary Committee is looking at separate action on policing and has created a bipartisan working group on police accountability and aggression toward law enforcement. After meetings in Detroit on Tuesday, Chairman Bob Goodlatte, R-Va., predicted criminal justice reform will eventually pass. 
On policing, Goodlatte said mistrust between law enforcement and the communities will not be solved overnight. &quot;However, this should not deter us from devoting urgent attention to this matter of national importance,&quot; he said. 
Republicans who back criminal justice overhaul point to the support of several law enforcement groups and say they are working the party&apos;s grassroots, bringing the message that changes could save billions of federal dollars and help criminals from returning to prison. 
&quot;There&apos;s no question that it&apos;s very hard to draw the lines on the conservative movement and where people are on this,&quot; says Republican Ken Cuccinelli, the former Virginia attorney general who is working with a group called Right on Crime. 
At the heart of the Republican debate on the issue is a philosophical difference between advocates who say rehabilitation and shorter sentences could lower recidivism and opponents who say it will let criminals out and not do enough to stem crime. Advocates point to a dip in overall crime in the U.S., while opponents point to rising crime in some major cities. 
The Senate bill was introduced last October, and Cornyn and other supporters revised it this spring to try and win over reluctant GOP colleagues. But Cornyn acknowledged in July that the House would have to move first on its legislation, which is similar but not identical to the Senate bill. 
Some advocates are hoping the legislation could be passed as part of the typical last-minute horse trading in the &quot;lame duck&quot; session in between the election and the end of the year. 
To get momentum, &quot;we need a House vote in September, and we need a big House vote in September,&quot; says Holly Harris of the Justice Action Network. 
___ 
Associated Press writer Jeff Karoub in Detroit contributed to this report. Published: 
</post>
<signature>

</signature>
<external_links>

</external_links>
<country>US</country>
<main_image>http://media.philly.com/designimages/pcom-FB.jpg</main_image>
</document>
