<?xml version="1.0" encoding="UTF-8"?>
<document>
<type>mainstream</type>
<forum>http://www.dailymail.co.uk/articles.rss</forum>
<forum_title>Articles | Mail Online</forum_title>
<discussion_title>Beauty through the eye of an AI: Algorithm chooses most attractive selfies from 6,000 submissions</discussion_title>
<language>english</language>
<gmt_offset></gmt_offset>
<topic_url>http://www.dailymail.co.uk/sciencetech/article-3765882/Beauty-eye-AI-Algorithm-chooses-attractive-selfies-6-000-submissions.html</topic_url>
<topic_text>
e-mail 
View 
comments
They say &apos;beauty is in the eye of the beholder&apos;, but in a new event the beholders are robots. 
The Beauty.AI beauty contest used five algorithms to evaluate youthfulness, face symmetry, skin and other parameters, and then compare them to models and actors in a database. 
Now, the systems have announced the winners from more than 6,000 user-submitted selfies of individuals who live all over the world and range in ages of 18 to 69. 
Scroll down for video 
The Beauty.AI beauty contest put together of robot judges to determine the winners. More than 6,000 people from around the world submitted head shots to be analyzed by the algorithms.
WHAT ROBOTS JUDGED THE CONTEST? Beauty.AI used five algorithms to act as judges in a beauty contest. These robots looked for youthfulness, face symmetry, skin quality, appearance and many other parameters, and then compared the results to models and actors in a database. 
These robots were designed by different groups of data scientists. 
RYNKL scored people by their youthfulness within their age group, specifically the AI looked to see if the contestant had more wrinkles than they should for their age. 
PIMPL analyzed the amount of pimples and pigmentation. 
Symmetry Master evaluated they symmetry of each person&apos;s face and AntiAgeist estimated the difference between the chronological and perceived age. 
MADIS took the parameters and compared them with models and actors in their age and ethnic groups that were stored in a database. 
The team at Youth Laboratories, the masterminds behind this project, asked individuals from around the world to download the app and snap their best selfie for the first step of this ambitious challenge. 
The rules were strict, as they stated participants could not wear makeup, sunglasses or sport a beard in their submissions. 
A &apos;Robot Jury&apos; was also recruited for the contest, which is a group of scientists who might want &apos;go down in history as one of the first data scientists who taught a machine to estimate human attractiveness&apos;. 
Youth Laboratories noted that researchers needed to use deep neural networks and GPU training in their systems. 
And on July 5th, the team closed submissions for the robot judges and picked the top five shortly after. 
RYNKL scored people by their youthfulness within their age group, specifically the AI looked to see if the contestant had more wrinkles than they should for their age. 
Besides judging the contest, this technology is used to track people&apos;s wrinkles over time in order to see if treatments aimed at reversing signs of aging are working. 
RELATED ARTICLES Previous 1 Next Facebook&apos;s AI plan to analyse your photographs: Firm says it... Could killer AI robots bring down America? Damning... The AI drones helping California beat the drought: Smart... Mark Zuckerberg to reveal personal home control AI butler... Share this article Share The team at Youth Laboratories, the masterminds behind this project, asked individuals from around the world to download the app and snap their best selfie for the first step of this ambitious challenge. Pictured are the women in the age group 18-29
Beauty.AI used five algorithms to judge each participant on youthfulness, face symmetry, skin quality, appearance and many other parameters by comparing them to models and actors in a database. The systems have announced their winners from more than 6,000 user-submitted selfies from individuals who live all over the world and are ages of 18 to 69. Pictured are the men who won in the age group 18-29
PIMPL did what its name suggests, it analyzed the amount of pimples and pigmentation. 
Symmetry Master evaluated they symmetry of each person&apos;s face and AntiAgeist estimated the difference between the chronological and perceived age. 
Once these parameters were determined, the fifth robot, called MADIS, compared each selfie to models and actors within their age and ethnic groups were are stored in a database. 
The purpose of this futuristic beauty contest wasn&apos;t only to crown the most beautiful people in the world, it was also meant to understand people&apos;s health in new ways. 
&apos;This has enabled the team of biogerontologists and data scientists, who believe that in the near future machines will be able to get a lot of vital medical information about people&apos;s health by just processing their photos,&apos; reads the Beauty.AI website, which is a project by Youth Laboratories. 
The rules were strict, as they stated participants could not wear makeup, sunglasses or sport a beard in their submissions. Pictured are the women, ages 30-39, who were crowned the winners in their age group
A &apos;Robot Jury&apos; was also recruited for the contest, which is a group of scientists who might want &apos;go down in history as one of the first data scientists who taught a machine to estimate human attractiveness&apos;. Pictured are the men, ages 30-39, who were crowned the winners in their age group
&apos;To develop a set of algorithms that can accurately evaluate the criteria linked to perception of human beauty and health where it is most important – the human face.&apos; 
Approximately 50.4 percent of the participants were males, while 49.6 percent were female. 
Submissions came from all over the world, however the team was surprised to receive selfies from American Samoa, Antarctica and North Korea. 
Youth Laboratories noted that researchers needed to use deep neural networks and GPU training in their systems. And on July 5th, the team closed submissions for the robot judges and picked the top five shortly after. Pictured are the women who won in the age group 40-49
Once these parameters were determined, one of the robots called MADIS compared each selfie to models and actors within their age and ethnic groups were are stored in a database. Pictured are men chosen as winners for the age group 40-49
AI PREDICTS WINNER OF CHINA&apos;S &apos;I AM A SINGER&apos; Alibaba Cloud, the cloud-computing group at Alibaba, is using this competition to showcase its Apsara-I (Ai). 
The group says the program can gather insight from a multitude of inputs, learn by analyzing data and could one day understand human emotions. 
It will choose the winner by absorbing data in real time, which will allow it to compare things like voice pitch and energy of the singers during the contest, how popular their song of choice is, fan favorites, audience feedback at the venue, and even the tenor of online discussions in social media. 
Alibaba says Ai can learn 10,000 times faster than humans and has been fed data about millions of songs to add to its knowledge base, reports Alizila. 
The program updated its prediction every five seconds during the competition that took place on April 8th. 
&apos;We are very pleased with the Ai&apos;s performance in achieving 100 percent accuracy in predicting the I&apos;m a Singer competition&apos;s results,&apos; Dr. Min Wanli, Alibaba Cloud&apos;s chief scientist for artificial intelligence, said in a statement following the show, according to the Wall Street Journal. 
The results demonstrated that Ai is making significant progress to understand human emotions and how people make decisions,&apos; he added. 
Some experts were wary due to the emotional and subjective aspect of assessing how a person sings, but Alibaba assured them &apos;Ai&apos; was taught to appreciate pitch, range and tone. 
&apos;[The result] is very random and almost impossible to predict using human intelligence,&apos; said Min Wanli, chief scientist for artificial intelligence at Alibaba Cloud. 
Asia had the most countries participate with 33, then Europe with 36 and Africa and North America tied with 12. 

The results of Beauty.AI 2.0 were first sent to the winners and were officially announced last week. 
However, the team said the results were surprising, as the scores from the robots did not agree with human opinion. 
Many of the participants, not picked as winners, responded with angry emails criticizing those who were chosen by the robots. 
&apos;We were shocked by the outrage caused by the leaderboard. Many participants disagreed with the jury and proposed getting a human opinion&apos;, said Anastasya Georgievskaya, Research Manager at Youth Laboratories, the co-organizer of Beauty.AI. 
Approximately 50.4 percent of the participants were males, while 49.6 percent were female. Submissions came from all over the world, however the team was surprised to receive selfies from American Samoa, Antarctica and North Korea. Pictured are the women who were crowned winners for the age group 50-59
Asia had the most countries participate with 33, then Europe with 36 and Africa and North America tied with 12. The results of Beauty.AI 2.0 were first sent to the winners and were officially announced last week. Pictured are the men who were crowned winners for the age group 50-59
&apos;But with every Beauty.AI contest we are getting more ideas on how to evaluate the human face and even go beyond the face evaluating multiple features of the human body and even social profiles.&apos; 
The team received proposal to turn the Beauty.AI into a physical on-stage show with robots judging human models and may consider launching a pilot in 2017. 
It also received several proposals to run Bauty.AI contests on a regional basis. 
The team received proposal to turn the Beauty.AI into a physical on-stage show with robots judging human models and may consider launching a pilot in 2017. It also received several proposals to run Bauty.AI contests on a regional basis. Pictured are the women who won in the age group 60-69 and over
&apos;With every contest we are getting new ideas, new partners and new robots,&apos; said Konstantin Kiselev, Director of Development at Youth Laboratories. 
I think that in 2-3 years these technologies will be very important and will help facilitate human-robot interaction. 
&apos;We are also finalizing the new app to track health status using your mobile phone.&apos; 
Beauty.AI has already announced it will be starting its third contest on October 1st and algorithm developers with novel concepts evaluating perception of the human face are welcome to participate. 
Beauty.AI has already announced it will be starting its third contest on October 1st and algorithm developers with novel concepts evaluating perception of the human face are welcome to participate.Pictured are the men who won in the age group 60-69 and over
</topic_text>
<spam_score>0.00</spam_score>
<post_num>1</post_num>
<post_id>post-1</post_id>
<post_url>http://www.dailymail.co.uk/sciencetech/article-3765882/Beauty-eye-AI-Algorithm-chooses-attractive-selfies-6-000-submissions.html</post_url>
<post_date>20160830</post_date>
<post_time>2342</post_time>
<username>Stacy Liberatore For Dailymail.com</username>
<post>
e-mail 
View 
comments
They say &apos;beauty is in the eye of the beholder&apos;, but in a new event the beholders are robots. 
The Beauty.AI beauty contest used five algorithms to evaluate youthfulness, face symmetry, skin and other parameters, and then compare them to models and actors in a database. 
Now, the systems have announced the winners from more than 6,000 user-submitted selfies of individuals who live all over the world and range in ages of 18 to 69. 
Scroll down for video 
The Beauty.AI beauty contest put together of robot judges to determine the winners. More than 6,000 people from around the world submitted head shots to be analyzed by the algorithms.
WHAT ROBOTS JUDGED THE CONTEST? Beauty.AI used five algorithms to act as judges in a beauty contest. These robots looked for youthfulness, face symmetry, skin quality, appearance and many other parameters, and then compared the results to models and actors in a database. 
These robots were designed by different groups of data scientists. 
RYNKL scored people by their youthfulness within their age group, specifically the AI looked to see if the contestant had more wrinkles than they should for their age. 
PIMPL analyzed the amount of pimples and pigmentation. 
Symmetry Master evaluated they symmetry of each person&apos;s face and AntiAgeist estimated the difference between the chronological and perceived age. 
MADIS took the parameters and compared them with models and actors in their age and ethnic groups that were stored in a database. 
The team at Youth Laboratories, the masterminds behind this project, asked individuals from around the world to download the app and snap their best selfie for the first step of this ambitious challenge. 
The rules were strict, as they stated participants could not wear makeup, sunglasses or sport a beard in their submissions. 
A &apos;Robot Jury&apos; was also recruited for the contest, which is a group of scientists who might want &apos;go down in history as one of the first data scientists who taught a machine to estimate human attractiveness&apos;. 
Youth Laboratories noted that researchers needed to use deep neural networks and GPU training in their systems. 
And on July 5th, the team closed submissions for the robot judges and picked the top five shortly after. 
RYNKL scored people by their youthfulness within their age group, specifically the AI looked to see if the contestant had more wrinkles than they should for their age. 
Besides judging the contest, this technology is used to track people&apos;s wrinkles over time in order to see if treatments aimed at reversing signs of aging are working. 
RELATED ARTICLES Previous 1 Next Facebook&apos;s AI plan to analyse your photographs: Firm says it... Could killer AI robots bring down America? Damning... The AI drones helping California beat the drought: Smart... Mark Zuckerberg to reveal personal home control AI butler... Share this article Share The team at Youth Laboratories, the masterminds behind this project, asked individuals from around the world to download the app and snap their best selfie for the first step of this ambitious challenge. Pictured are the women in the age group 18-29
Beauty.AI used five algorithms to judge each participant on youthfulness, face symmetry, skin quality, appearance and many other parameters by comparing them to models and actors in a database. The systems have announced their winners from more than 6,000 user-submitted selfies from individuals who live all over the world and are ages of 18 to 69. Pictured are the men who won in the age group 18-29
PIMPL did what its name suggests, it analyzed the amount of pimples and pigmentation. 
Symmetry Master evaluated they symmetry of each person&apos;s face and AntiAgeist estimated the difference between the chronological and perceived age. 
Once these parameters were determined, the fifth robot, called MADIS, compared each selfie to models and actors within their age and ethnic groups were are stored in a database. 
The purpose of this futuristic beauty contest wasn&apos;t only to crown the most beautiful people in the world, it was also meant to understand people&apos;s health in new ways. 
&apos;This has enabled the team of biogerontologists and data scientists, who believe that in the near future machines will be able to get a lot of vital medical information about people&apos;s health by just processing their photos,&apos; reads the Beauty.AI website, which is a project by Youth Laboratories. 
The rules were strict, as they stated participants could not wear makeup, sunglasses or sport a beard in their submissions. Pictured are the women, ages 30-39, who were crowned the winners in their age group
A &apos;Robot Jury&apos; was also recruited for the contest, which is a group of scientists who might want &apos;go down in history as one of the first data scientists who taught a machine to estimate human attractiveness&apos;. Pictured are the men, ages 30-39, who were crowned the winners in their age group
&apos;To develop a set of algorithms that can accurately evaluate the criteria linked to perception of human beauty and health where it is most important – the human face.&apos; 
Approximately 50.4 percent of the participants were males, while 49.6 percent were female. 
Submissions came from all over the world, however the team was surprised to receive selfies from American Samoa, Antarctica and North Korea. 
Youth Laboratories noted that researchers needed to use deep neural networks and GPU training in their systems. And on July 5th, the team closed submissions for the robot judges and picked the top five shortly after. Pictured are the women who won in the age group 40-49
Once these parameters were determined, one of the robots called MADIS compared each selfie to models and actors within their age and ethnic groups were are stored in a database. Pictured are men chosen as winners for the age group 40-49
AI PREDICTS WINNER OF CHINA&apos;S &apos;I AM A SINGER&apos; Alibaba Cloud, the cloud-computing group at Alibaba, is using this competition to showcase its Apsara-I (Ai). 
The group says the program can gather insight from a multitude of inputs, learn by analyzing data and could one day understand human emotions. 
It will choose the winner by absorbing data in real time, which will allow it to compare things like voice pitch and energy of the singers during the contest, how popular their song of choice is, fan favorites, audience feedback at the venue, and even the tenor of online discussions in social media. 
Alibaba says Ai can learn 10,000 times faster than humans and has been fed data about millions of songs to add to its knowledge base, reports Alizila. 
The program updated its prediction every five seconds during the competition that took place on April 8th. 
&apos;We are very pleased with the Ai&apos;s performance in achieving 100 percent accuracy in predicting the I&apos;m a Singer competition&apos;s results,&apos; Dr. Min Wanli, Alibaba Cloud&apos;s chief scientist for artificial intelligence, said in a statement following the show, according to the Wall Street Journal. 
The results demonstrated that Ai is making significant progress to understand human emotions and how people make decisions,&apos; he added. 
Some experts were wary due to the emotional and subjective aspect of assessing how a person sings, but Alibaba assured them &apos;Ai&apos; was taught to appreciate pitch, range and tone. 
&apos;[The result] is very random and almost impossible to predict using human intelligence,&apos; said Min Wanli, chief scientist for artificial intelligence at Alibaba Cloud. 
Asia had the most countries participate with 33, then Europe with 36 and Africa and North America tied with 12. 

The results of Beauty.AI 2.0 were first sent to the winners and were officially announced last week. 
However, the team said the results were surprising, as the scores from the robots did not agree with human opinion. 
Many of the participants, not picked as winners, responded with angry emails criticizing those who were chosen by the robots. 
&apos;We were shocked by the outrage caused by the leaderboard. Many participants disagreed with the jury and proposed getting a human opinion&apos;, said Anastasya Georgievskaya, Research Manager at Youth Laboratories, the co-organizer of Beauty.AI. 
Approximately 50.4 percent of the participants were males, while 49.6 percent were female. Submissions came from all over the world, however the team was surprised to receive selfies from American Samoa, Antarctica and North Korea. Pictured are the women who were crowned winners for the age group 50-59
Asia had the most countries participate with 33, then Europe with 36 and Africa and North America tied with 12. The results of Beauty.AI 2.0 were first sent to the winners and were officially announced last week. Pictured are the men who were crowned winners for the age group 50-59
&apos;But with every Beauty.AI contest we are getting more ideas on how to evaluate the human face and even go beyond the face evaluating multiple features of the human body and even social profiles.&apos; 
The team received proposal to turn the Beauty.AI into a physical on-stage show with robots judging human models and may consider launching a pilot in 2017. 
It also received several proposals to run Bauty.AI contests on a regional basis. 
The team received proposal to turn the Beauty.AI into a physical on-stage show with robots judging human models and may consider launching a pilot in 2017. It also received several proposals to run Bauty.AI contests on a regional basis. Pictured are the women who won in the age group 60-69 and over
&apos;With every contest we are getting new ideas, new partners and new robots,&apos; said Konstantin Kiselev, Director of Development at Youth Laboratories. 
I think that in 2-3 years these technologies will be very important and will help facilitate human-robot interaction. 
&apos;We are also finalizing the new app to track health status using your mobile phone.&apos; 
Beauty.AI has already announced it will be starting its third contest on October 1st and algorithm developers with novel concepts evaluating perception of the human face are welcome to participate. 
Beauty.AI has already announced it will be starting its third contest on October 1st and algorithm developers with novel concepts evaluating perception of the human face are welcome to participate.Pictured are the men who won in the age group 60-69 and over
</post>
<signature>

</signature>
<external_links>

</external_links>
<country>GB</country>
<main_image>http://i.dailymail.co.uk/i/pix/2016/08/30/22/37BAABF100000578-0-image-a-80_1472592720561.jpg</main_image>
</document>
