<?xml version="1.0" encoding="UTF-8"?>
<document>
<type>mainstream</type>
<forum></forum>
<forum_title></forum_title>
<discussion_title>UPDATE 2-Kaepernick anthem protest prompts backlash from NFL greats</discussion_title>
<language>english</language>
<gmt_offset></gmt_offset>
<topic_url>http://www.philly.com/philly/wires/reuters/sports/world/391775201.html</topic_url>
<topic_text>
UPDATE 2-Kaepernick anthem protest prompts backlash from NFL greats Updated: August 30, 2016 — 3:40 PM EDT Share 
(Adds line from Kareem Abdul-Jabbar editorial, paragraph 13) 
By Amy Tennery 
NEW YORK, Aug 30 (Reuters) - San Francisco 49ers quarterback Colin Kaepernick&apos;s sideline protest during the playing of &quot;The Star-Spangled Banner&quot; at a National Football League pre-season game last week has generated criticism from current and former NFL stars. 
Kaepernick, 28, sat during the national anthem on Friday in a protest against racial injustice in the United States, a move that prompted boos from some fans. 
Former Pittsburgh Steelers wide receiver Hines Ward wrote in an Instagram post Tuesday that while he can &quot;respect&quot; Kaepernick&apos;s cause, he doesn&apos;t &quot;agree with the method he chose.&quot; 
&quot;If you want to make a point or take a stand, go straight after the root of that cause,&quot; wrote Ward. &quot;Don&apos;t disrespect the whole country or the organization that&apos;s paying you millions of dollars.&quot; 
Jerry Rice, a member of the Pro Football Hall of Fame who won three Super Bowl championships while with the 49ers, wrote on Twitter Monday that Kaepernick should not &quot;disrespect the flag.&quot; 
&quot;All lives matter. So much going on in this world today. Can we all just get along!&quot; tweeted the former wide receiver and 20-year veteran of the league, adding that he respects Kaepernick&apos;s &quot;stance.&quot; 
New Orleans&apos; Saints quarterback Drew Brees tweeted Monday, &quot;I agree with his protest, I DON&apos;T agree w his METHOD.&quot; 
Rodney Harrison, a former safety for the San Diego Chargers and the New England Patriots, said on a Houston sports talk radio show Tuesday Kaepernick is &quot;not black&quot; and cannot understand the prejudice that black men face. 
Harrison&apos;s remarks came under a barrage of criticism and he later apologized in a series of posts on Twitter, saying that he &quot;should not have called Colin Kaepernick&apos;s race into question.&quot; 
Kaepernick has also attracted some unreserved support. 
Hall of Famer Jim Brown said on the TV program &quot;NFL Total Access&quot; that he supports Kaepernick&apos;s stance. 
&quot;I think Pandora&apos;s box is open,&quot; Brown said. &quot;I&apos;m very happy that it is.&quot; 
National Basketball Association legend Kareem Abdul-Jabbar offered a full-throated endorsement of Kaepernick&apos;s protest in a Washington Post editorial in which he called the failure to address deep-seated racism in the United States &quot;what&apos;s really un-American here.&quot; 
When reached by e-mail for comment, NFL spokesman Brian McCarthy said that NFL players &quot;are encouraged but not required to stand&quot; for the national anthem. 
The San Francisco 49ers, which previously released a statement in support of Kaepernick, declined to comment further. 
The team is scheduled to play Thursday against the San Diego Chargers in its final pre-season matchup. 
(Reporting By Amy Tennery; Editing by Cynthia Osterman, Andrew Hay and David Gregorio) More Coverage 
</topic_text>
<spam_score>0.17</spam_score>
<post_num>1</post_num>
<post_id>post-1</post_id>
<post_url>http://www.philly.com/philly/wires/reuters/sports/world/391775201.html</post_url>
<post_date>20160830</post_date>
<post_time></post_time>
<username></username>
<post>
UPDATE 2-Kaepernick anthem protest prompts backlash from NFL greats Updated: August 30, 2016 — 3:40 PM EDT Share 
(Adds line from Kareem Abdul-Jabbar editorial, paragraph 13) 
By Amy Tennery 
NEW YORK, Aug 30 (Reuters) - San Francisco 49ers quarterback Colin Kaepernick&apos;s sideline protest during the playing of &quot;The Star-Spangled Banner&quot; at a National Football League pre-season game last week has generated criticism from current and former NFL stars. 
Kaepernick, 28, sat during the national anthem on Friday in a protest against racial injustice in the United States, a move that prompted boos from some fans. 
Former Pittsburgh Steelers wide receiver Hines Ward wrote in an Instagram post Tuesday that while he can &quot;respect&quot; Kaepernick&apos;s cause, he doesn&apos;t &quot;agree with the method he chose.&quot; 
&quot;If you want to make a point or take a stand, go straight after the root of that cause,&quot; wrote Ward. &quot;Don&apos;t disrespect the whole country or the organization that&apos;s paying you millions of dollars.&quot; 
Jerry Rice, a member of the Pro Football Hall of Fame who won three Super Bowl championships while with the 49ers, wrote on Twitter Monday that Kaepernick should not &quot;disrespect the flag.&quot; 
&quot;All lives matter. So much going on in this world today. Can we all just get along!&quot; tweeted the former wide receiver and 20-year veteran of the league, adding that he respects Kaepernick&apos;s &quot;stance.&quot; 
New Orleans&apos; Saints quarterback Drew Brees tweeted Monday, &quot;I agree with his protest, I DON&apos;T agree w his METHOD.&quot; 
Rodney Harrison, a former safety for the San Diego Chargers and the New England Patriots, said on a Houston sports talk radio show Tuesday Kaepernick is &quot;not black&quot; and cannot understand the prejudice that black men face. 
Harrison&apos;s remarks came under a barrage of criticism and he later apologized in a series of posts on Twitter, saying that he &quot;should not have called Colin Kaepernick&apos;s race into question.&quot; 
Kaepernick has also attracted some unreserved support. 
Hall of Famer Jim Brown said on the TV program &quot;NFL Total Access&quot; that he supports Kaepernick&apos;s stance. 
&quot;I think Pandora&apos;s box is open,&quot; Brown said. &quot;I&apos;m very happy that it is.&quot; 
National Basketball Association legend Kareem Abdul-Jabbar offered a full-throated endorsement of Kaepernick&apos;s protest in a Washington Post editorial in which he called the failure to address deep-seated racism in the United States &quot;what&apos;s really un-American here.&quot; 
When reached by e-mail for comment, NFL spokesman Brian McCarthy said that NFL players &quot;are encouraged but not required to stand&quot; for the national anthem. 
The San Francisco 49ers, which previously released a statement in support of Kaepernick, declined to comment further. 
The team is scheduled to play Thursday against the San Diego Chargers in its final pre-season matchup. 
(Reporting By Amy Tennery; Editing by Cynthia Osterman, Andrew Hay and David Gregorio) More Coverage 
</post>
<signature>

</signature>
<external_links>

</external_links>
<country>US</country>
<main_image>http://media.philly.com/designimages/pcom-FB.jpg</main_image>
</document>
