<?xml version="1.0" encoding="UTF-8"?>
<document>
<type>mainstream</type>
<forum>http://rzeszowiak.pl//rss/Praca-Zatrudnie.xml</forum>
<forum_title>Praca www.rzeszowiak.pl</forum_title>
<discussion_title>Zatrudnię dziewczynę do pracy w PUBIE! ...</discussion_title>
<language>polish</language>
<gmt_offset></gmt_offset>
<topic_url>http://www.rzeszowiak.pl/witam-serdecznieposzukuje-niepalace-uczciwe-dziewczyny-do-pracy-na-8331529</topic_url>
<topic_text>
Praca na zmiany w godzinach wieczornych:- Nd-Cz: 16:00 - 00:00;- Pt-Sb: 16:00 - 04:00.z umiejętnością pracy w zespole.Doświadczenie nie wymagane, lecz mile widziane.Proszę przesyłać CV na e-mail: [email protected]
</topic_text>
<spam_score>0.00</spam_score>
<post_num>1</post_num>
<post_id>post-1</post_id>
<post_url>http://www.rzeszowiak.pl/witam-serdecznieposzukuje-niepalace-uczciwe-dziewczyny-do-pracy-na-8331529</post_url>
<post_date>20160830</post_date>
<post_time>1824</post_time>
<username>Zatrudnię dziewczynę do pracy w PUBIE!</username>
<post>
Praca na zmiany w godzinach wieczornych:- Nd-Cz: 16:00 - 00:00;- Pt-Sb: 16:00 - 04:00.z umiejętnością pracy w zespole.Doświadczenie nie wymagane, lecz mile widziane.Proszę przesyłać CV na e-mail: [email protected]
</post>
<signature>

</signature>
<external_links>

</external_links>
<country>PL</country>
<main_image></main_image>
</document>
