<?xml version="1.0" encoding="UTF-8"?>
<document>
<type>mainstream</type>
<forum></forum>
<forum_title></forum_title>
<discussion_title>Soccer-Uruguayan championship results and standings</discussion_title>
<language>english</language>
<gmt_offset></gmt_offset>
<topic_url>http://www.philly.com/philly/wires/reuters/sports/world/391786831.html</topic_url>
<topic_text>
Soccer-Uruguayan championship results and standings Updated: August 30, 2016 — 4:33 PM EDT Share Close icon Reuters 
Aug 30 (Gracenote) - Results and standings from the Uruguayan championship matches on Tuesday Tuesday, August 30 Fenix 0 Cerro 1 Standings P W D L F A Pts 1 Juventud 1 1 0 0 2 0 3 2 Rampla Juniors 1 1 0 0 2 1 3 3 Cerro 1 1 0 0 1 0 3 4 Plaza Colonia 1 0 1 0 1 1 1 4 Racing CM 1 0 1 0 1 1 1 6 Liverpool 1 0 1 0 0 0 1 6 Penarol 1 0 1 0 0 0 1 Boston River 0 0 0 0 0 0 0 Danubio 0 0 0 0 0 0 0 Defensor Sporting 0 0 0 0 0 0 0 Nacional M. 0 0 0 0 0 0 0 River Plate M. 0 0 0 0 0 0 0 Wanderers 0 0 0 0 0 0 0 14 Villa Espanola 1 0 0 1 1 2 0 15 Fenix 1 0 0 1 0 1 0 16 Sud America 1 0 0 1 0 2 0 1-5: Copa Sudamericana Next Fixtures (GMT): Wednesday, August 31 Boston River v Defensor Sporting (1830) Danubio v Nacional M. (1830) Wanderers v River Plate M. (2310) Saturday, September 3 Rampla Juniors v Danubio (1830) Sud America v Villa Espanola (1830) Penarol v Fenix (2200) Sunday, September 4 Cerro v Wanderers (1830) Defensor Sporting v Juventud (1830) Racing CM v Liverpool (1830) River Plate M. v Boston River (1830) Nacional M. v Plaza Colonia (2200) More Coverage 
</topic_text>
<spam_score>0.00</spam_score>
<post_num>1</post_num>
<post_id>post-1</post_id>
<post_url>http://www.philly.com/philly/wires/reuters/sports/world/391786831.html</post_url>
<post_date>20160830</post_date>
<post_time></post_time>
<username></username>
<post>
Soccer-Uruguayan championship results and standings Updated: August 30, 2016 — 4:33 PM EDT Share Close icon Reuters 
Aug 30 (Gracenote) - Results and standings from the Uruguayan championship matches on Tuesday Tuesday, August 30 Fenix 0 Cerro 1 Standings P W D L F A Pts 1 Juventud 1 1 0 0 2 0 3 2 Rampla Juniors 1 1 0 0 2 1 3 3 Cerro 1 1 0 0 1 0 3 4 Plaza Colonia 1 0 1 0 1 1 1 4 Racing CM 1 0 1 0 1 1 1 6 Liverpool 1 0 1 0 0 0 1 6 Penarol 1 0 1 0 0 0 1 Boston River 0 0 0 0 0 0 0 Danubio 0 0 0 0 0 0 0 Defensor Sporting 0 0 0 0 0 0 0 Nacional M. 0 0 0 0 0 0 0 River Plate M. 0 0 0 0 0 0 0 Wanderers 0 0 0 0 0 0 0 14 Villa Espanola 1 0 0 1 1 2 0 15 Fenix 1 0 0 1 0 1 0 16 Sud America 1 0 0 1 0 2 0 1-5: Copa Sudamericana Next Fixtures (GMT): Wednesday, August 31 Boston River v Defensor Sporting (1830) Danubio v Nacional M. (1830) Wanderers v River Plate M. (2310) Saturday, September 3 Rampla Juniors v Danubio (1830) Sud America v Villa Espanola (1830) Penarol v Fenix (2200) Sunday, September 4 Cerro v Wanderers (1830) Defensor Sporting v Juventud (1830) Racing CM v Liverpool (1830) River Plate M. v Boston River (1830) Nacional M. v Plaza Colonia (2200) More Coverage 
</post>
<signature>

</signature>
<external_links>

</external_links>
<country>US</country>
<main_image>http://media.philly.com/designimages/pcom-FB.jpg</main_image>
</document>
