<?xml version="1.0" encoding="UTF-8"?>
<document>
<type>mainstream</type>
<forum>http://www.elheraldo.hn/csp/mediapool/sites/ElHeraldo/assets/csp/RssFeed.csp?pub=ElHeraldo&amp;section=/Inicio/</forum>
<forum_title>ElHeraldo RSS Feeds - INICIO</forum_title>
<discussion_title>Olimpia solicita jugar clásico el 14 de septiembre</discussion_title>
<language>spanish</language>
<gmt_offset></gmt_offset>
<topic_url>http://www.elheraldo.hn/deportes/995234-466/olimpia-solicita-jugar-clásico-el-14-de-septiembre</topic_url>
<topic_text>
Inicio Olimpia solicita jugar clásico el 14 de septiembre A pesar que la Liga Nacional ya determinó que se juegue el 8, la dirigencia merengue busca un nuevo recurso 30.08.2016 
Tegucigalpa, Honduras A pesar que en reunión de Liga Nacional se aprobó que el clásico debería de jugarse el próximo 8 de septiembre, los directivos del Olimpia no descartan poder disputarlo el 14. 
Esta fecha ya la habían analizado en conjunto con la dirigencia del Motagua, quien solo solicitaban una indemnización por jugar este encuentro en Juticalpa. 
&quot;Ese es un tema que es administrativo y no hay nada definido, nosotros simplemente entrenaremos y en el momento que se tome la decisión o cuando se jugará&quot;, dijo Nerlin Membreño. 
Y agregó: &quot;Por ahora lo de nosotros es prepararnos y ya sea el 8 o el 14 como al directiva quiere, esperamos nosotros estar bien. Ahora tenemos unos días y seguir mejorando algunas cosas&quot;. 
El cuerpo técnico del Olimpia están aprovechando esta parón de la fechas Fifa y tener una mejor preparación de todo el plantel de jugadores. &quot;Esta era una situación que ya se tenía prevista por ser fecha Fifa y en ese aspecto debemos seguir con la preparación del equipo. Creo que nos viene bien ya que habíamos estado jugando cada tres días en el inicio del torneo&quot;, comentó. 
Además adelantó que Costly ya está recuperado. &quot;Carlo Costly está bien, el tema era más por el viaje, él ya entrenó bien y lo que debemos hacer el preparar el plantel&quot;, finalizó.
</topic_text>
<spam_score>0.00</spam_score>
<post_num>1</post_num>
<post_id>post-1</post_id>
<post_url>http://www.elheraldo.hn/deportes/995234-466/olimpia-solicita-jugar-clásico-el-14-de-septiembre</post_url>
<post_date>20160830</post_date>
<post_time>1837</post_time>
<username></username>
<post>
Inicio Olimpia solicita jugar clásico el 14 de septiembre A pesar que la Liga Nacional ya determinó que se juegue el 8, la dirigencia merengue busca un nuevo recurso 30.08.2016 
Tegucigalpa, Honduras A pesar que en reunión de Liga Nacional se aprobó que el clásico debería de jugarse el próximo 8 de septiembre, los directivos del Olimpia no descartan poder disputarlo el 14. 
Esta fecha ya la habían analizado en conjunto con la dirigencia del Motagua, quien solo solicitaban una indemnización por jugar este encuentro en Juticalpa. 
&quot;Ese es un tema que es administrativo y no hay nada definido, nosotros simplemente entrenaremos y en el momento que se tome la decisión o cuando se jugará&quot;, dijo Nerlin Membreño. 
Y agregó: &quot;Por ahora lo de nosotros es prepararnos y ya sea el 8 o el 14 como al directiva quiere, esperamos nosotros estar bien. Ahora tenemos unos días y seguir mejorando algunas cosas&quot;. 
El cuerpo técnico del Olimpia están aprovechando esta parón de la fechas Fifa y tener una mejor preparación de todo el plantel de jugadores. &quot;Esta era una situación que ya se tenía prevista por ser fecha Fifa y en ese aspecto debemos seguir con la preparación del equipo. Creo que nos viene bien ya que habíamos estado jugando cada tres días en el inicio del torneo&quot;, comentó. 
Además adelantó que Costly ya está recuperado. &quot;Carlo Costly está bien, el tema era más por el viaje, él ya entrenó bien y lo que debemos hacer el preparar el plantel&quot;, finalizó.
</post>
<signature>

</signature>
<external_links>

</external_links>
<country>HN</country>
<main_image>http://www.elheraldo.hn/csp/mediapool/sites/dt.common.streams.StreamServer.cls?STREAMOID=pHrDwEYQXFIg32J3pt5IAs$daE2N3K4ZzOUsqbU5sYtQ5FNBfp9_kc6v$vLUyWYt6FB40xiOfUoExWL3M40tfzssyZqpeG_J0TFo7ZhRaDiHC9oxmioMlYVJD0A$3RbIiibgT65kY_CSDiCiUzvHvODrHApbd6ry6YGl5GGOZrs-&amp;CONTENTTYPE=image/jpeg</main_image>
</document>
