<?xml version="1.0" encoding="UTF-8"?>
<document>
<type>mainstream</type>
<forum></forum>
<forum_title></forum_title>
<discussion_title>Travis Fimmel, Kate Bosworth Star in Heist Movie &apos;Finding Steve McQueen&apos;</discussion_title>
<language>english</language>
<gmt_offset></gmt_offset>
<topic_url>http://www.philly.com/philly/wires/reuters/entertainment/391776591.html</topic_url>
<topic_text>
Travis Fimmel, Kate Bosworth Star in Heist Movie &apos;Finding Steve McQueen&apos; Updated: August 30, 2016 — 6:37 PM EDT Share Variety Media, LLC 
By Dave McNary 
LOS ANGELES (Variety.com) - Travis Fimmel, Kate Bosworth, William Fichtner and Forest Whitaker are starring in the heist movie &quot;Finding Steve McQueen&quot; with Mark Steven Johnson directing. 
John Finn, Rhys Coiro and Louis Lombardi have come aboard in supporting roles. Shooting will start next month in Atlanta. 
&quot;Finding Steve McQueen&quot; is based on the true story of the 1972 bank heist by a gang of close-knit thieves from Youngstown, Ohio, trying to steal $30 million in illegal contributions and blackmail money from President Richard Nixon&apos;s secret fund. Keith Sharon and Ken Hixon wrote the screenplay. 
Related &apos;Warcraft&apos; Online Rights Sold for Record Fee in China (EXCLUSIVE) 
The film is being produced by Anthony Mastromauro of Identity Films, Silvio Muraglia of Paradox Studios, Andrea Iervolino and Monika Bacardi of Ambi Group and Alexandra Klim. Mikael Wiren will executive produce. 
Ambi Distribution, the worldwide sales arm of the Ambi Group, is handling global sales and will be introducing the project to buyers during the Toronto Film Festival. Principal photography is slated to begin next month in Atlanta. 
Iervolino said, &quot;Aligning a cast of this caliber with a fearless director like Mark has us all excited to see this story come to life. This is an explosive, character-driven film, smartly told in a way that will keep audiences guessing throughout. We&apos;re eager to bring this amazing group together and start shooting in just a few weeks.&quot; 
Fimmel is the lead in the History Channel&apos;s series &quot;Vikings&quot; and starred in &quot;Warcraft&quot; and &quot;Maggie&apos;s Plan.&quot; He recently completed &quot;Lean on Pete.&quot; 
Johnson&apos;s directing credits include &quot;Ghost Rider,&quot; &quot;Daredevil&quot; and &quot;Elektra.&quot; 
Johnson is repped by Paradigm and The Gotham Group. Whitaker is repped by WME and Brillstein Entertainment. Fimmel is repped by Paradigm and Management 360. Bosworth is repped by CAA and Management 360. Fichtner is repped by APA and Primary Wave. Hixon is repped by Gersh. Coiro is repped by UTA and Silver Lining. Lombardi is repped by Marverick. More Coverage 
</topic_text>
<spam_score>0.35</spam_score>
<post_num>1</post_num>
<post_id>post-1</post_id>
<post_url>http://www.philly.com/philly/wires/reuters/entertainment/391776591.html</post_url>
<post_date>20160830</post_date>
<post_time></post_time>
<username>Dave Mcnary</username>
<post>
Travis Fimmel, Kate Bosworth Star in Heist Movie &apos;Finding Steve McQueen&apos; Updated: August 30, 2016 — 6:37 PM EDT Share Variety Media, LLC 
By Dave McNary 
LOS ANGELES (Variety.com) - Travis Fimmel, Kate Bosworth, William Fichtner and Forest Whitaker are starring in the heist movie &quot;Finding Steve McQueen&quot; with Mark Steven Johnson directing. 
John Finn, Rhys Coiro and Louis Lombardi have come aboard in supporting roles. Shooting will start next month in Atlanta. 
&quot;Finding Steve McQueen&quot; is based on the true story of the 1972 bank heist by a gang of close-knit thieves from Youngstown, Ohio, trying to steal $30 million in illegal contributions and blackmail money from President Richard Nixon&apos;s secret fund. Keith Sharon and Ken Hixon wrote the screenplay. 
Related &apos;Warcraft&apos; Online Rights Sold for Record Fee in China (EXCLUSIVE) 
The film is being produced by Anthony Mastromauro of Identity Films, Silvio Muraglia of Paradox Studios, Andrea Iervolino and Monika Bacardi of Ambi Group and Alexandra Klim. Mikael Wiren will executive produce. 
Ambi Distribution, the worldwide sales arm of the Ambi Group, is handling global sales and will be introducing the project to buyers during the Toronto Film Festival. Principal photography is slated to begin next month in Atlanta. 
Iervolino said, &quot;Aligning a cast of this caliber with a fearless director like Mark has us all excited to see this story come to life. This is an explosive, character-driven film, smartly told in a way that will keep audiences guessing throughout. We&apos;re eager to bring this amazing group together and start shooting in just a few weeks.&quot; 
Fimmel is the lead in the History Channel&apos;s series &quot;Vikings&quot; and starred in &quot;Warcraft&quot; and &quot;Maggie&apos;s Plan.&quot; He recently completed &quot;Lean on Pete.&quot; 
Johnson&apos;s directing credits include &quot;Ghost Rider,&quot; &quot;Daredevil&quot; and &quot;Elektra.&quot; 
Johnson is repped by Paradigm and The Gotham Group. Whitaker is repped by WME and Brillstein Entertainment. Fimmel is repped by Paradigm and Management 360. Bosworth is repped by CAA and Management 360. Fichtner is repped by APA and Primary Wave. Hixon is repped by Gersh. Coiro is repped by UTA and Silver Lining. Lombardi is repped by Marverick. More Coverage 
</post>
<signature>

</signature>
<external_links>

</external_links>
<country>US</country>
<main_image>http://media.philly.com/designimages/pcom-FB.jpg</main_image>
</document>
