<?xml version="1.0" encoding="UTF-8"?>
<document>
<type>mainstream</type>
<forum>http://www.wlox.com/Global/category.asp?C=13533&amp;nav=DYFw&amp;clienttype=rss</forum>
<forum_title>WLOX - International - Headline</forum_title>
<discussion_title>Wildfire prompts evacuations of 200 homes in California</discussion_title>
<language>english</language>
<gmt_offset></gmt_offset>
<topic_url>http://www.wlox.com/story/32913031/wildfire-prompts-evacuations-of-200-homes-in-california</topic_url>
<topic_text>
Bounce Wildfire prompts evacuations of 200 homes in California 
BANNING, Calif. (AP) - Fire officials say a wildfire tearing through brush east of Los Angeles has destroyed an outbuilding and forced 700 people from their homes. 
The Riverside County Fire Department says the fast-moving fire has prompted the evacuation of at least 200 homes as it races through drought-dry hills near Banning. 
One firefighter was treated for a non-life threatening injury. 
The blaze, known as the Bogart fire, erupted shortly before 12:30 p.m. in the unincorporated Cherry Valley area and has thrown up a line of 25-foot-high flames. Winds gusting to about 20 mph and tinder-dry fuel are helping propel the blaze, which is just 5 percent contained. 
A mobile home park and scattered homes on large properties have been evacuated. 
More than 300 firefighters and more than a dozen aircraft are battling the flames.   The Latest: Chris Brown arrested at home on assault charge The Latest on a police response at Chris Brown&apos;s California home (all times local): More &gt;&gt; The Latest on a police response at the Los Angeles home of singer Chris Brown (all times local): More &gt;&gt; 911 calls: &apos;Gunshots going like crazy&apos; in Pulse nightclub A mother called 911 for help as she texted with her son, who was trapped inside the Pulse nightclub. A sister told a dispatcher that her 20-year-old brother also was trapped, in a bathroom at the gay club, and that... More &gt;&gt; Friends and relatives of patrons trapped in a gay Florida nightclub where a mass shooting left 49 people dead asked police dispatchers why it was taking so long for their loved ones to be rescued. More &gt;&gt; Tuesday, August 30 2016 8:32 PM EDT 2016-08-31 00:32:14 GMT Updated: Tuesday, August 30 2016 8:32 PM EDT 2016-08-31 00:32:14 GMT An Australian man who claims to hold a British royal title will remain jailed in Las Vegas at least until next month, pending the possible resolution of felony false police report and burglary charges carrying a... More &gt;&gt; An Australian man who identifies himself as the 13th Duke of Manchester will remain jailed in Las Vegas at least until next month, pending possible resolution of felony false police report and burglary charges. More &gt;&gt; 5 bodies found in burned California care home for disabled The remains of five adults were found after a fire that gutted a board-and-care home southeast of Los Angeles, authorities said Tuesday. More &gt;&gt; The bodies of five people were found after a fire gutted a board-and-care home for developmentally disabled people southeast of Los Angeles, authorities said Tuesday. More &gt;&gt; People stock up, board up as hurricane hurtles toward Hawaii Residents of Hawaii&apos;s Big Island are bracing for what could be the first hurricane to make landfall in the state in decades. More &gt;&gt; Residents of Hawaii&apos;s Big Island were evacuating animals and stockpiling water Tuesday, bracing for what could be the first hurricane to make landfall in the state in decades. More &gt;&gt;
</topic_text>
<spam_score>0.00</spam_score>
<post_num>1</post_num>
<post_id>post-1</post_id>
<post_url>http://www.wlox.com/story/32913031/wildfire-prompts-evacuations-of-200-homes-in-california</post_url>
<post_date>20160830</post_date>
<post_time>2342</post_time>
<username></username>
<post>
Bounce Wildfire prompts evacuations of 200 homes in California 
BANNING, Calif. (AP) - Fire officials say a wildfire tearing through brush east of Los Angeles has destroyed an outbuilding and forced 700 people from their homes. 
The Riverside County Fire Department says the fast-moving fire has prompted the evacuation of at least 200 homes as it races through drought-dry hills near Banning. 
One firefighter was treated for a non-life threatening injury. 
The blaze, known as the Bogart fire, erupted shortly before 12:30 p.m. in the unincorporated Cherry Valley area and has thrown up a line of 25-foot-high flames. Winds gusting to about 20 mph and tinder-dry fuel are helping propel the blaze, which is just 5 percent contained. 
A mobile home park and scattered homes on large properties have been evacuated. 
More than 300 firefighters and more than a dozen aircraft are battling the flames.   The Latest: Chris Brown arrested at home on assault charge The Latest on a police response at Chris Brown&apos;s California home (all times local): More &gt;&gt; The Latest on a police response at the Los Angeles home of singer Chris Brown (all times local): More &gt;&gt; 911 calls: &apos;Gunshots going like crazy&apos; in Pulse nightclub A mother called 911 for help as she texted with her son, who was trapped inside the Pulse nightclub. A sister told a dispatcher that her 20-year-old brother also was trapped, in a bathroom at the gay club, and that... More &gt;&gt; Friends and relatives of patrons trapped in a gay Florida nightclub where a mass shooting left 49 people dead asked police dispatchers why it was taking so long for their loved ones to be rescued. More &gt;&gt; Tuesday, August 30 2016 8:32 PM EDT 2016-08-31 00:32:14 GMT Updated: Tuesday, August 30 2016 8:32 PM EDT 2016-08-31 00:32:14 GMT An Australian man who claims to hold a British royal title will remain jailed in Las Vegas at least until next month, pending the possible resolution of felony false police report and burglary charges carrying a... More &gt;&gt; An Australian man who identifies himself as the 13th Duke of Manchester will remain jailed in Las Vegas at least until next month, pending possible resolution of felony false police report and burglary charges. More &gt;&gt; 5 bodies found in burned California care home for disabled The remains of five adults were found after a fire that gutted a board-and-care home southeast of Los Angeles, authorities said Tuesday. More &gt;&gt; The bodies of five people were found after a fire gutted a board-and-care home for developmentally disabled people southeast of Los Angeles, authorities said Tuesday. More &gt;&gt; People stock up, board up as hurricane hurtles toward Hawaii Residents of Hawaii&apos;s Big Island are bracing for what could be the first hurricane to make landfall in the state in decades. More &gt;&gt; Residents of Hawaii&apos;s Big Island were evacuating animals and stockpiling water Tuesday, bracing for what could be the first hurricane to make landfall in the state in decades. More &gt;&gt;
</post>
<signature>

</signature>
<external_links>

</external_links>
<country>US</country>
<main_image></main_image>
</document>
