<?xml version="1.0" encoding="UTF-8"?>
<document>
<type>mainstream</type>
<forum>http://news.morningstar.com/all/source/market-watch.aspx</forum>
<forum_title>News Archive: MarketWatch</forum_title>
<discussion_title>Palo Alto Networks revenue and billings beat, $500 million stock buyback planned</discussion_title>
<language>english</language>
<gmt_offset></gmt_offset>
<topic_url>http://news.morningstar.com/all/market-watch/TDJNMW20160830451/palo-alto-networks-revenue-and-billings-beat-500-million-stock-buyback-planned.aspx</topic_url>
<topic_text>
Palo Alto Networks Inc. (PANW) reported quarterly revenue of more than $400 million for the first time Tuesday, and said it plans to buy back $500 million in stock. The security-software company reported a net loss of $54.5 million, or 61 cents a share, on revenue of $400.8 million, a 41% gain from the same quarter a year ago. After adjustments for share-based compensation and other factors, Palo Alto Networks reported profit of 50 cents a share. Analysts expected on average for Palo Alto Networks to report adjusted earnings of 50 cents a share on revenue of $390 million, according to FactSet. The company also said its billings, an important metric for cloud-software firms representing deferred revenue, were $572.4 million; analysts polled by FactSet expected billings of $561.8 million. Palo Alto Networks, which went public in 2012 (http://www.mercurynews.com/ci_21119294/palo-alto-networks-is-first-silicon-valley-ipo), also announced a $500 million share repurchase plan was approved by the board of directors. The stock, which closed with a 1.4% gain at $143.45, moved about 2% higher in late trading.
-Jeremy C. Owens; 1617ET
 
</topic_text>
<spam_score>0.00</spam_score>
<post_num>1</post_num>
<post_id>post-1</post_id>
<post_url>http://news.morningstar.com/all/market-watch/TDJNMW20160830451/palo-alto-networks-revenue-and-billings-beat-500-million-stock-buyback-planned.aspx</post_url>
<post_date>20160830</post_date>
<post_time></post_time>
<username>morningstar.com</username>
<post>
Palo Alto Networks Inc. (PANW) reported quarterly revenue of more than $400 million for the first time Tuesday, and said it plans to buy back $500 million in stock. The security-software company reported a net loss of $54.5 million, or 61 cents a share, on revenue of $400.8 million, a 41% gain from the same quarter a year ago. After adjustments for share-based compensation and other factors, Palo Alto Networks reported profit of 50 cents a share. Analysts expected on average for Palo Alto Networks to report adjusted earnings of 50 cents a share on revenue of $390 million, according to FactSet. The company also said its billings, an important metric for cloud-software firms representing deferred revenue, were $572.4 million; analysts polled by FactSet expected billings of $561.8 million. Palo Alto Networks, which went public in 2012 (http://www.mercurynews.com/ci_21119294/palo-alto-networks-is-first-silicon-valley-ipo), also announced a $500 million share repurchase plan was approved by the board of directors. The stock, which closed with a 1.4% gain at $143.45, moved about 2% higher in late trading.
-Jeremy C. Owens; 1617ET
 
</post>
<signature>

</signature>
<external_links>
<external_link>http://www.mercurynews.com/ci_21119294/palo-alto-networks-is-first-silicon-valley-ipo),</external_link><external_link>http://im.mstar.com/Im/Mbr/Form_PremCheckbox_Checked.gif</external_link><external_link>http://s7.addthis.com/static/btn/sm-share-en.gif</external_link><external_link>http://www.addthis.com/bookmark.php?v=250</external_link><external_link>http://im.mstar.com/Im/Mbr/Form_PremCheckbox_Unchecked.gif</external_link>
</external_links>
<country>US</country>
<main_image></main_image>
</document>
