<?xml version="1.0" encoding="UTF-8"?>
<document>
<type>mainstream</type>
<forum>http://www.wswonen.nl/feed</forum>
<forum_title>Wijksteunpunt Wonen</forum_title>
<discussion_title>Bespreek jouw woonidee met de wethouder!</discussion_title>
<language>dutch</language>
<gmt_offset></gmt_offset>
<topic_url>http://www.wswonen.nl/2016/08/west/bespreek-jouw-woonidee-met-de-wethouder/</topic_url>
<topic_text>
Bespreek jouw woonidee met de wethouder! Geplaatst door West op 29 augustus, 2016 
Heb jij een briljant idee op het gebied van wonen dat echt door de wethouder gehoord zou moeten worden? Dan is dit je kans. Amsterdammers in West met goede ideeën op het gebied van wonen hebben namelijk de mogelijkheid om deze te delen met wethouder Laurens Ivens. Inderdaad, de wethouder wonen, zodat hij gelijk aan de slag kan gaan met jouw ideeën en ze volgend jaar gelijk in de beleidsnota’s staan! 
Natuurlijk is de kans klein dat het daadwerkelijk zo zal gaan, maar met jouw idee zou je wellicht een zaadje in het hoofd van de wethouder kunnen planten dat later tot iets moois uitbloeit. De wethouder vindt het namelijk belangrijk om op de hoogte te zijn van wat de Amsterdammers denken en wat er leeft in de stad. Daarom houdt hij een serie gesprekken met Amsterdammers. Het gaat uitdrukkelijk niet om individuele problemen, daarvoor kunnen bewoners terecht op het spreekuur van het Wijksteunpunt Wonen. De gesprekken duren maximaal 10 minuten en vinden plaats op 29 september tussen 15:30 en 16:30 uur bij het Wijksteunpunt Wonen West. De aanmelding verloopt via de website van de gemeente Amsterdam, klik hier . 
Mocht je interesse hebben, meld je dan gelijk aan!
</topic_text>
<spam_score>0.00</spam_score>
<post_num>1</post_num>
<post_id>post-1</post_id>
<post_url>http://www.wswonen.nl/2016/08/west/bespreek-jouw-woonidee-met-de-wethouder/</post_url>
<post_date>20160829</post_date>
<post_time>1353</post_time>
<username>West</username>
<post>
Bespreek jouw woonidee met de wethouder! Geplaatst door West op 29 augustus, 2016 
Heb jij een briljant idee op het gebied van wonen dat echt door de wethouder gehoord zou moeten worden? Dan is dit je kans. Amsterdammers in West met goede ideeën op het gebied van wonen hebben namelijk de mogelijkheid om deze te delen met wethouder Laurens Ivens. Inderdaad, de wethouder wonen, zodat hij gelijk aan de slag kan gaan met jouw ideeën en ze volgend jaar gelijk in de beleidsnota’s staan! 
Natuurlijk is de kans klein dat het daadwerkelijk zo zal gaan, maar met jouw idee zou je wellicht een zaadje in het hoofd van de wethouder kunnen planten dat later tot iets moois uitbloeit. De wethouder vindt het namelijk belangrijk om op de hoogte te zijn van wat de Amsterdammers denken en wat er leeft in de stad. Daarom houdt hij een serie gesprekken met Amsterdammers. Het gaat uitdrukkelijk niet om individuele problemen, daarvoor kunnen bewoners terecht op het spreekuur van het Wijksteunpunt Wonen. De gesprekken duren maximaal 10 minuten en vinden plaats op 29 september tussen 15:30 en 16:30 uur bij het Wijksteunpunt Wonen West. De aanmelding verloopt via de website van de gemeente Amsterdam, klik hier . 
Mocht je interesse hebben, meld je dan gelijk aan!
</post>
<signature>

</signature>
<external_links>

</external_links>
<country>NL</country>
<main_image></main_image>
</document>
