<?xml version="1.0" encoding="UTF-8"?>
<document>
<type>mainstream</type>
<forum></forum>
<forum_title></forum_title>
<discussion_title>Petty, Hackenberg _ no Geno _ in Jets&apos; preseason finale</discussion_title>
<language>english</language>
<gmt_offset></gmt_offset>
<topic_url>http://www.philly.com/philly/wires/ap/news/state/new_jersey/391791101.html</topic_url>
<topic_text>
Petty, Hackenberg _ no Geno _ in Jets&apos; preseason finale Updated: August 30, 2016 — 4:58 PM EDT Share DENNIS WASZAK Jr. The Associated Press 
NEW YORK (AP) - The two young guys will be under center for the New York Jets&apos; preseason finale. 
Coach Todd Bowles announced that &quot;probably&quot; both second-year quarterback Bryce Petty and rookie Christian Hackenberg will play against Philadelphia on Thursday night, with backup Geno Smith sitting out. 
Bowles had said on Monday that he wasn&apos;t sure if Smith would also play, but ultimately decided he wanted to give the inexperienced quarterbacks game action. Smith, a former starter for the Jets, is expected to back up Ryan Fitzpatrick for the second straight season. 
&quot;I&apos;d like to see more of the other two guys,&quot; Bowles said during a conference call Tuesday. &quot;Playing Geno would hinder that chance, so I wanted to see the other two guys play a full amount of time. This should be a perfect opportunity to do it.&quot; 
The coach had not yet determined if both Petty, a fourth-rounder last year, and Hackenberg, a second-rounder this year, will each play a half. 
&quot;I&apos;ll try to even it out,&quot; Bowles said. &quot;I want to see who is kind of running the ball more. I&apos;d like to get them a couple of passes in, but I&apos;ll try to even it out as best I can.&quot; 
The Jets have entertained the idea of going into the regular season with four quarterbacks on their roster, something that is not very common because of the restrictions of having only 53 players in the regular season. 
But both Fitzpatrick and Smith are likely to become free agents after this season, and Petty and Hackenberg are considered projects who need some time to develop. 
&quot;All four are good football players,&quot; Bowles said. &quot;We can keep all four. It&apos;s just a matter of battling with the other positions, so that&apos;s still up for grabs and we&apos;ll have to wait until after this game to see how that plays out.&quot; 
Petty was considered the likely odd-man out going into training camp, but he has had some good moments in camp and in the preseason. The former Baylor star has played in all three games, going 28 of 50 for 394 yards with two touchdowns and an interception that was returned for a score by the Giants last Saturday. 
Hackenberg didn&apos;t play in the first two games, but had an up-and-down NFL debut against the Giants. He capped his first drive with a touchdown pass, but also threw an interception on a tipped toss that led to the go-ahead points in the Jets&apos; 21-20 loss. 
Because he&apos;s the No. 4 quarterback on the depth chart, there&apos;s a chance Hackenberg might not play in a game again until next preseason. He&apos;s not thinking that way, though, especially when he sees fellow rookie Dak Prescott, a fourth-rounder, in line to start for the Cowboys after an injury to Tony Romo. 
&quot;You look at the situation down in Dallas right now, you&apos;re two snaps or three snaps away from playing,&quot; Hackenberg said. &quot;For me, whatever happens, happens and it&apos;s out of my control, but I still need to stay in that mindset and mind frame where I&apos;m preparing the best that I can each week.&quot; 
NOTES: Bowles said there is no concern about WR Brandon Marshall&apos;s sore hip, which kept him out against the Giants. He also hasn&apos;t practiced since last week. ... Bowles acknowledged that the Jets could keep all three of their promising rookie wide receivers: seventh-rounder Charone Peake and undrafted Jalin Marshall and Robby Anderson. &quot;I mean, it&apos;s possible,&quot; the coach said. &quot;They&apos;ve all had their flashes in games. It&apos;s possible.&quot; ... WR Quincy Enunwa was without his red no-contact jersey on during practice, so it appears he has fully recovered from a concussion. 
___ 
AP NFL website: www.pro32.ap.org and www.twitter.com/AP_NFL More Coverage 
</topic_text>
<spam_score>0.00</spam_score>
<post_num>1</post_num>
<post_id>post-1</post_id>
<post_url>http://www.philly.com/philly/wires/ap/news/state/new_jersey/391791101.html</post_url>
<post_date>20160830</post_date>
<post_time></post_time>
<username>Dennis Waszak Jr.</username>
<post>
Petty, Hackenberg _ no Geno _ in Jets&apos; preseason finale Updated: August 30, 2016 — 4:58 PM EDT Share DENNIS WASZAK Jr. The Associated Press 
NEW YORK (AP) - The two young guys will be under center for the New York Jets&apos; preseason finale. 
Coach Todd Bowles announced that &quot;probably&quot; both second-year quarterback Bryce Petty and rookie Christian Hackenberg will play against Philadelphia on Thursday night, with backup Geno Smith sitting out. 
Bowles had said on Monday that he wasn&apos;t sure if Smith would also play, but ultimately decided he wanted to give the inexperienced quarterbacks game action. Smith, a former starter for the Jets, is expected to back up Ryan Fitzpatrick for the second straight season. 
&quot;I&apos;d like to see more of the other two guys,&quot; Bowles said during a conference call Tuesday. &quot;Playing Geno would hinder that chance, so I wanted to see the other two guys play a full amount of time. This should be a perfect opportunity to do it.&quot; 
The coach had not yet determined if both Petty, a fourth-rounder last year, and Hackenberg, a second-rounder this year, will each play a half. 
&quot;I&apos;ll try to even it out,&quot; Bowles said. &quot;I want to see who is kind of running the ball more. I&apos;d like to get them a couple of passes in, but I&apos;ll try to even it out as best I can.&quot; 
The Jets have entertained the idea of going into the regular season with four quarterbacks on their roster, something that is not very common because of the restrictions of having only 53 players in the regular season. 
But both Fitzpatrick and Smith are likely to become free agents after this season, and Petty and Hackenberg are considered projects who need some time to develop. 
&quot;All four are good football players,&quot; Bowles said. &quot;We can keep all four. It&apos;s just a matter of battling with the other positions, so that&apos;s still up for grabs and we&apos;ll have to wait until after this game to see how that plays out.&quot; 
Petty was considered the likely odd-man out going into training camp, but he has had some good moments in camp and in the preseason. The former Baylor star has played in all three games, going 28 of 50 for 394 yards with two touchdowns and an interception that was returned for a score by the Giants last Saturday. 
Hackenberg didn&apos;t play in the first two games, but had an up-and-down NFL debut against the Giants. He capped his first drive with a touchdown pass, but also threw an interception on a tipped toss that led to the go-ahead points in the Jets&apos; 21-20 loss. 
Because he&apos;s the No. 4 quarterback on the depth chart, there&apos;s a chance Hackenberg might not play in a game again until next preseason. He&apos;s not thinking that way, though, especially when he sees fellow rookie Dak Prescott, a fourth-rounder, in line to start for the Cowboys after an injury to Tony Romo. 
&quot;You look at the situation down in Dallas right now, you&apos;re two snaps or three snaps away from playing,&quot; Hackenberg said. &quot;For me, whatever happens, happens and it&apos;s out of my control, but I still need to stay in that mindset and mind frame where I&apos;m preparing the best that I can each week.&quot; 
NOTES: Bowles said there is no concern about WR Brandon Marshall&apos;s sore hip, which kept him out against the Giants. He also hasn&apos;t practiced since last week. ... Bowles acknowledged that the Jets could keep all three of their promising rookie wide receivers: seventh-rounder Charone Peake and undrafted Jalin Marshall and Robby Anderson. &quot;I mean, it&apos;s possible,&quot; the coach said. &quot;They&apos;ve all had their flashes in games. It&apos;s possible.&quot; ... WR Quincy Enunwa was without his red no-contact jersey on during practice, so it appears he has fully recovered from a concussion. 
___ 
AP NFL website: www.pro32.ap.org and www.twitter.com/AP_NFL More Coverage 
</post>
<signature>

</signature>
<external_links>

</external_links>
<country>US</country>
<main_image>http://media.philly.com/designimages/pcom-FB.jpg</main_image>
</document>
