<?xml version="1.0" encoding="UTF-8"?>
<document>
<type>mainstream</type>
<forum></forum>
<forum_title></forum_title>
<discussion_title>ACLU: Christian woman forced to remove headscarf for license</discussion_title>
<language>english</language>
<gmt_offset></gmt_offset>
<topic_url>http://www.philly.com/philly/news/nation_world/20160830_ap_9f8b1916e9d947f39133a6dfd9c5d5ca.html</topic_url>
<topic_text>
ACLU: Christian woman forced to remove headscarf for license Updated: August 30, 2016 — 3:54 PM EDT Share KIM CHANDLER The Associated Press 
MONTGOMERY, Ala. (AP) - A Christian woman in Alabama was forced to remove her headscarf for a driver&apos;s license photo after being told only Muslim women could wear them in photos, according to a lawsuit filed Tuesday by the American Civil Liberties Union of Alabama on her behalf. 
Yvonne Allen of Tuskegee said in the lawsuit that when she went to renew her license in December, she was directed to remove the headscarf she wears in accordance with her religious beliefs. She said the clerk insisted that only Muslim women were allowed to cover their hair in the photos. 
&quot;I was devastated when they forced me to remove my headscarf to take my driver&apos;s license photo,&quot; Allen said in a statement released by the ACLU. &quot;Revealing my hair to others is disobedient to God. I should have the same right as people of other faiths to be accommodated for my religious beliefs.&quot; 
The lawsuit filed in federal court named Lee County Probate Judge Bill English and clerk Becky Frayer as defendants. Efforts to reach English by telephone were unsuccessful and a message was not immediately returned seeking comment. 
The lawsuit asks that Allen be allowed to take a new license photograph with her head covered. 
&quot;The government cannot discriminate between faiths in granting religious accommodations,&quot; said Susan Watson, executive director of the ACLU of Alabama. 
The lawsuit contends that Allen&apos;s religious rights were violated and the state was selectively enforcing accommodations for religious beliefs. 
The state in 2004 - responding to complaints from Muslims and Sikhs- did away with a policy that prohibited the wearing of head scarves and turbans in driver&apos;s license photos. The new policy said that head coverings and headgear are acceptable for religious beliefs and medical conditions, but for no other reason. The person&apos;s face must be completely visible in the photo. More Coverage 
</topic_text>
<spam_score>0.72</spam_score>
<post_num>1</post_num>
<post_id>post-1</post_id>
<post_url>http://www.philly.com/philly/news/nation_world/20160830_ap_9f8b1916e9d947f39133a6dfd9c5d5ca.html</post_url>
<post_date>20160830</post_date>
<post_time></post_time>
<username>Kim Chandler</username>
<post>
ACLU: Christian woman forced to remove headscarf for license Updated: August 30, 2016 — 3:54 PM EDT Share KIM CHANDLER The Associated Press 
MONTGOMERY, Ala. (AP) - A Christian woman in Alabama was forced to remove her headscarf for a driver&apos;s license photo after being told only Muslim women could wear them in photos, according to a lawsuit filed Tuesday by the American Civil Liberties Union of Alabama on her behalf. 
Yvonne Allen of Tuskegee said in the lawsuit that when she went to renew her license in December, she was directed to remove the headscarf she wears in accordance with her religious beliefs. She said the clerk insisted that only Muslim women were allowed to cover their hair in the photos. 
&quot;I was devastated when they forced me to remove my headscarf to take my driver&apos;s license photo,&quot; Allen said in a statement released by the ACLU. &quot;Revealing my hair to others is disobedient to God. I should have the same right as people of other faiths to be accommodated for my religious beliefs.&quot; 
The lawsuit filed in federal court named Lee County Probate Judge Bill English and clerk Becky Frayer as defendants. Efforts to reach English by telephone were unsuccessful and a message was not immediately returned seeking comment. 
The lawsuit asks that Allen be allowed to take a new license photograph with her head covered. 
&quot;The government cannot discriminate between faiths in granting religious accommodations,&quot; said Susan Watson, executive director of the ACLU of Alabama. 
The lawsuit contends that Allen&apos;s religious rights were violated and the state was selectively enforcing accommodations for religious beliefs. 
The state in 2004 - responding to complaints from Muslims and Sikhs- did away with a policy that prohibited the wearing of head scarves and turbans in driver&apos;s license photos. The new policy said that head coverings and headgear are acceptable for religious beliefs and medical conditions, but for no other reason. The person&apos;s face must be completely visible in the photo. More Coverage 
</post>
<signature>

</signature>
<external_links>

</external_links>
<country>US</country>
<main_image>http://media.philly.com/designimages/pcom-FB.jpg</main_image>
</document>
