<?xml version="1.0" encoding="UTF-8"?>
<document>
<type>mainstream</type>
<forum></forum>
<forum_title></forum_title>
<discussion_title>Singer Chris Brown, police in standoff after 911 call by woman</discussion_title>
<language>english</language>
<gmt_offset></gmt_offset>
<topic_url>http://www.philly.com/philly/wires/reuters/entertainment/report/391780631.html</topic_url>
<topic_text>
Singer Chris Brown, police in standoff after 911 call by woman Updated: August 30, 2016 — 7:15 PM EDT Share Mail icon 
LOS ANGELES (Reuters) - Police surrounded and then searched the Los Angeles home of Chris Brown on Tuesday in response to a pre-dawn 911 call from a woman there who asked for help, and media reports said she claimed the pop star had pointed a gun at her. 
Brown, 27, denied any wrongdoing and said on Instagram posts that he had woken up to find police outside and that they would need a warrant to enter the property in the Tarzana neighborhood in Los Angeles&apos; San Fernando Valley. 
&quot;This morning, around three o&apos;clock, officers responded to a radio call for a woman requiring assistance. The incident involved the residence of Mr. Chris Brown, where officers responded and met with that person,&quot; Lieutenant Chris Ramirez of the Los Angeles Police Department told reporters. 
Police spent hours waiting outside Brown&apos;s home before obtaining a search warrant and beginning a search of the sprawling premises in the early afternoon. 
TMZ.com posted a photo of Brown standing outside the home with a police officer and his attorney, Mark Geragos, during the search. 
An LAPD spokeswoman said the occupants of the home were being interviewed but no arrests had been made. She had no information on whether Brown had been detained. Geragos could not be reached by Reuters for comment. 
TMZ.com said the apparent stand-off began with a call to 911 by an unnamed woman who had been a guest at the house on Monday night, and who told police the singer had pulled a gun on her. 
The Los Angeles Times reported that the woman said Brown had pointed a gun at her in a violent rage and that she had run outside to call police. 
TMZ showed live-streamed images of police and fire vehicles stationed outside Brown&apos;s home. 
In 2009, Brown assaulted his then-girlfriend Rihanna, and in 2015 finished a lengthy term of probation, community service and domestic violence classes. Brown has also been involved in several other incidents involving violence. 
&quot;I don&apos;t sleep half the damn night I just wake up to all these ... helicopters, choppers is around, police out there at the gate,&quot; Brown said on Instagram. 
&quot;I don&apos;t care y&apos;all going to stay playing with me like I&apos;m the villain out here, like I&apos;m going crazy ... good luck when you get the warrant or whatever you need to do. You&apos;re going to walk right up in here and you&apos;re going to see nothing you idiots,&quot; he added. 
(Reporting by Jill Serjeant and Dan Whitcomb; Editing by Leslie Adler and Cynthia Osterman) More Coverage 
</topic_text>
<spam_score>0.21</spam_score>
<post_num>1</post_num>
<post_id>post-1</post_id>
<post_url>http://www.philly.com/philly/wires/reuters/entertainment/report/391780631.html</post_url>
<post_date>20160830</post_date>
<post_time></post_time>
<username>Dan Whitcomb</username>
<post>
Singer Chris Brown, police in standoff after 911 call by woman Updated: August 30, 2016 — 7:15 PM EDT Share Mail icon 
LOS ANGELES (Reuters) - Police surrounded and then searched the Los Angeles home of Chris Brown on Tuesday in response to a pre-dawn 911 call from a woman there who asked for help, and media reports said she claimed the pop star had pointed a gun at her. 
Brown, 27, denied any wrongdoing and said on Instagram posts that he had woken up to find police outside and that they would need a warrant to enter the property in the Tarzana neighborhood in Los Angeles&apos; San Fernando Valley. 
&quot;This morning, around three o&apos;clock, officers responded to a radio call for a woman requiring assistance. The incident involved the residence of Mr. Chris Brown, where officers responded and met with that person,&quot; Lieutenant Chris Ramirez of the Los Angeles Police Department told reporters. 
Police spent hours waiting outside Brown&apos;s home before obtaining a search warrant and beginning a search of the sprawling premises in the early afternoon. 
TMZ.com posted a photo of Brown standing outside the home with a police officer and his attorney, Mark Geragos, during the search. 
An LAPD spokeswoman said the occupants of the home were being interviewed but no arrests had been made. She had no information on whether Brown had been detained. Geragos could not be reached by Reuters for comment. 
TMZ.com said the apparent stand-off began with a call to 911 by an unnamed woman who had been a guest at the house on Monday night, and who told police the singer had pulled a gun on her. 
The Los Angeles Times reported that the woman said Brown had pointed a gun at her in a violent rage and that she had run outside to call police. 
TMZ showed live-streamed images of police and fire vehicles stationed outside Brown&apos;s home. 
In 2009, Brown assaulted his then-girlfriend Rihanna, and in 2015 finished a lengthy term of probation, community service and domestic violence classes. Brown has also been involved in several other incidents involving violence. 
&quot;I don&apos;t sleep half the damn night I just wake up to all these ... helicopters, choppers is around, police out there at the gate,&quot; Brown said on Instagram. 
&quot;I don&apos;t care y&apos;all going to stay playing with me like I&apos;m the villain out here, like I&apos;m going crazy ... good luck when you get the warrant or whatever you need to do. You&apos;re going to walk right up in here and you&apos;re going to see nothing you idiots,&quot; he added. 
(Reporting by Jill Serjeant and Dan Whitcomb; Editing by Leslie Adler and Cynthia Osterman) More Coverage 
</post>
<signature>

</signature>
<external_links>

</external_links>
<country>US</country>
<main_image>http://media.philly.com/images/2016-08-30T191347Z_1_LYNXNPEC7T1HZ_RTROPTP_3_USA-ENTERTAINMENT.JPG</main_image>
</document>
