<?xml version="1.0" encoding="UTF-8"?>
<document>
<type>mainstream</type>
<forum></forum>
<forum_title></forum_title>
<discussion_title>UPDATE 1-Tennis-Nishikori hoping to feed off Olympic inspiration</discussion_title>
<language>english</language>
<gmt_offset></gmt_offset>
<topic_url>http://www.philly.com/philly/wires/reuters/sports/world/391783411.html</topic_url>
<topic_text>
UPDATE 1-Tennis-Nishikori hoping to feed off Olympic inspiration Updated: August 30, 2016 — 4:05 PM EDT Share 
my tennis today. Credit to him, he played really well in the third and fourth sets. 
</topic_text>
<spam_score>0.01</spam_score>
<post_num>1</post_num>
<post_id>post-1</post_id>
<post_url>http://www.philly.com/philly/wires/reuters/sports/world/391783411.html</post_url>
<post_date>20160830</post_date>
<post_time></post_time>
<username></username>
<post>
UPDATE 1-Tennis-Nishikori hoping to feed off Olympic inspiration Updated: August 30, 2016 — 4:05 PM EDT Share 
my tennis today. Credit to him, he played really well in the third and fourth sets. 
</post>
<signature>

</signature>
<external_links>

</external_links>
<country>US</country>
<main_image>http://media.philly.com/designimages/pcom-FB.jpg</main_image>
</document>
