<?xml version="1.0" encoding="UTF-8"?>
<document>
<type>mainstream</type>
<forum></forum>
<forum_title></forum_title>
<discussion_title>Correction: Immigration-Family Detention story</discussion_title>
<language>english</language>
<gmt_offset></gmt_offset>
<topic_url>http://www.philly.com/philly/wires/ap/news/391777351.html</topic_url>
<topic_text>
Close icon The Associated Press 
PHILADELPHIA (AP) - In a story Aug. 29 about a federal appeals court upholding a ruling that would send 28 detained immigrant mothers and their children back to their home countries, The Associated Press reported erroneously that some of the women seeking asylum were from Ecuador. The women were from Honduras, Guatemala and El Salvador, not Ecuador. 
The AP also reported erroneously that the court found the women&apos;s fears of violence at home were &quot;not credible.&quot; The panel did not rule on the credibility of their claims. 
A corrected version of the story is below: 
Court denies asylum to 28 detained Central American mothers 
A court in Philadelphia has upheld a ruling that would send 28 detained immigrant mothers and their children back to Central America despite their claims they&apos;d be persecuted upon return 
By KRISTEN DE GROOT 
Associated Press 
PHILADELPHIA (AP) - A legal ruling that would send 28 detained immigrant mothers and their children back to Central America despite their claims they would be persecuted upon return was upheld on Monday by a federal appeals court. 
A panel of the U.S. Court of Appeals for the Third Circuit denied asylum to the women from Honduras, Guatemala and El Salvador. Judge D. Brooks Smith wrote in the decision that the justices were &quot;sympathetic to the plight&quot; of the petitioners, but he added that since the women arrived in the United States &quot;surreptitiously&quot; they were not entitled to constitutional protections. 
The women came over the U.S. border in Texas but are being held at the Berks County Residential Center in Pennsylvania, said American Civil Liberties Union attorney Lee Gelernt, who represented the families. 
&quot;The decision is wrong as a matter of history and precedent, and if left intact, will be the first time in the history of the country that noncitizens on U.S. soil cannot obtain federal court review of the legality of their deportation,&quot; Gelernt said in a statement. 
The families plan to appeal, he said. 
Government attorney Joseph Darrow, representing the federal agencies, said he was unable to comment. 
An email seeking comment from a Department of Justice spokesman wasn&apos;t immediately returned Monday. 
Gerald Neuman, a Harvard Law School professor who co-chairs the school&apos;s Human Rights Program, said Monday the ruling is a &quot;shocking outcome.&quot; 
&quot;This court has held that these people have no rights under the Suspension Clause,&quot; he said, referring to a section of the U.S. Constitution which says the right of habeas corpus cannot be suspended unless in cases of rebellion or invasion. 
Neuman pointed out that courts have even ruled that prisoners held at Guantanamo Bay have the right to contest their imprisonment. 
Neuman and more than a dozen scholars and organizations filed a brief in support of the immigrants&apos; arguments, outlining why they should have the right to contest their detention. 
No other court has taken a serious look at whether people who crossed the border and are arrested in the interior of the country have the right to challenge the legality of their being held for removal, Neuman said, adding that he hopes the full court of appeals takes a look at the case. 
&quot;This case has significance,&quot; he said. &quot;Where is this going to stop?&quot; 
The residential center where the women are being held, in Leesport, about 65 miles northwest of Philadelphia, has been under contract with immigration authorities since 2001. It&apos;s one of three such facilities nationwide. The other two are in Texas. More Coverage 
</topic_text>
<spam_score>0.18</spam_score>
<post_num>1</post_num>
<post_id>post-1</post_id>
<post_url>http://www.philly.com/philly/wires/ap/news/391777351.html</post_url>
<post_date>20160830</post_date>
<post_time></post_time>
<username>The Associated Press</username>
<post>
Close icon The Associated Press 
PHILADELPHIA (AP) - In a story Aug. 29 about a federal appeals court upholding a ruling that would send 28 detained immigrant mothers and their children back to their home countries, The Associated Press reported erroneously that some of the women seeking asylum were from Ecuador. The women were from Honduras, Guatemala and El Salvador, not Ecuador. 
The AP also reported erroneously that the court found the women&apos;s fears of violence at home were &quot;not credible.&quot; The panel did not rule on the credibility of their claims. 
A corrected version of the story is below: 
Court denies asylum to 28 detained Central American mothers 
A court in Philadelphia has upheld a ruling that would send 28 detained immigrant mothers and their children back to Central America despite their claims they&apos;d be persecuted upon return 
By KRISTEN DE GROOT 
Associated Press 
PHILADELPHIA (AP) - A legal ruling that would send 28 detained immigrant mothers and their children back to Central America despite their claims they would be persecuted upon return was upheld on Monday by a federal appeals court. 
A panel of the U.S. Court of Appeals for the Third Circuit denied asylum to the women from Honduras, Guatemala and El Salvador. Judge D. Brooks Smith wrote in the decision that the justices were &quot;sympathetic to the plight&quot; of the petitioners, but he added that since the women arrived in the United States &quot;surreptitiously&quot; they were not entitled to constitutional protections. 
The women came over the U.S. border in Texas but are being held at the Berks County Residential Center in Pennsylvania, said American Civil Liberties Union attorney Lee Gelernt, who represented the families. 
&quot;The decision is wrong as a matter of history and precedent, and if left intact, will be the first time in the history of the country that noncitizens on U.S. soil cannot obtain federal court review of the legality of their deportation,&quot; Gelernt said in a statement. 
The families plan to appeal, he said. 
Government attorney Joseph Darrow, representing the federal agencies, said he was unable to comment. 
An email seeking comment from a Department of Justice spokesman wasn&apos;t immediately returned Monday. 
Gerald Neuman, a Harvard Law School professor who co-chairs the school&apos;s Human Rights Program, said Monday the ruling is a &quot;shocking outcome.&quot; 
&quot;This court has held that these people have no rights under the Suspension Clause,&quot; he said, referring to a section of the U.S. Constitution which says the right of habeas corpus cannot be suspended unless in cases of rebellion or invasion. 
Neuman pointed out that courts have even ruled that prisoners held at Guantanamo Bay have the right to contest their imprisonment. 
Neuman and more than a dozen scholars and organizations filed a brief in support of the immigrants&apos; arguments, outlining why they should have the right to contest their detention. 
No other court has taken a serious look at whether people who crossed the border and are arrested in the interior of the country have the right to challenge the legality of their being held for removal, Neuman said, adding that he hopes the full court of appeals takes a look at the case. 
&quot;This case has significance,&quot; he said. &quot;Where is this going to stop?&quot; 
The residential center where the women are being held, in Leesport, about 65 miles northwest of Philadelphia, has been under contract with immigration authorities since 2001. It&apos;s one of three such facilities nationwide. The other two are in Texas. More Coverage 
</post>
<signature>

</signature>
<external_links>

</external_links>
<country>US</country>
<main_image>http://media.philly.com/designimages/pcom-FB.jpg</main_image>
</document>
