<?xml version="1.0" encoding="UTF-8"?>
<document>
<type>mainstream</type>
<forum>http://rssfeeds.kvue.com/_/20/109731692/kvue/local</forum>
<forum_title>KVUE - Local</forum_title>
<discussion_title>Honor Flight Austin to send 2,000th...</discussion_title>
<language>english</language>
<gmt_offset></gmt_offset>
<topic_url>http://rssfeeds.kvue.com/_/20/109731692/kvue/http&amp;#x3a;&amp;#x2f;&amp;#x2f;www&amp;#x2e;kvue&amp;#x2e;com&amp;#x2f;news&amp;#x2f;local&amp;#x2f;honor-flight-austin-2000-vets-to-dc&amp;#x2f;311430838</topic_url>
<topic_text>
Honor Flight Austin to send 2,000th veteran to DC KVUE 6:20   Veterans prepare to board an April 8, 2016 flight to Washington, D.C. as part of the Honor Flight program. (Photo: Quita Culpepper, KVUE) CONNECT TWEET LINKEDIN GOOGLE+ PINTEREST 
AUSTIN - Honor Flight Austin will take eight World War II veterans to Washington, D.C. on Thursday, marking 2,000 veterans the nonprofit has transported. 
Austin-Bergstrom International Airport said in a release that Thursday’s honor flight is the fifth of 2016 and 35th overall for the program. The honor flight is scheduled to leave ABIA at 12:45 p.m. Thursday and arrive at Reagan National Airport in Washington at 4:55 p.m. The veterans are scheduled to return Sept. 2 at 8:05 p.m. ABIA added this flight is being operated and sponsored by Southwest Airlines. 
Honor Flight Austin serves veterans residing in 14 Central Texas Counties, and was created to honor veterans by transporting them to visit and reflect at their war memorials. Go here to learn more. 
(© 2016 KVUE)
</topic_text>
<spam_score>0.00</spam_score>
<post_num>1</post_num>
<post_id>post-1</post_id>
<post_url>http://rssfeeds.kvue.com/_/20/109731692/kvue/http&amp;#x3a;&amp;#x2f;&amp;#x2f;www&amp;#x2e;kvue&amp;#x2e;com&amp;#x2f;news&amp;#x2f;local&amp;#x2f;honor-flight-austin-2000-vets-to-dc&amp;#x2f;311430838</post_url>
<post_date>20160830</post_date>
<post_time>2320</post_time>
<username></username>
<post>
Honor Flight Austin to send 2,000th veteran to DC KVUE 6:20   Veterans prepare to board an April 8, 2016 flight to Washington, D.C. as part of the Honor Flight program. (Photo: Quita Culpepper, KVUE) CONNECT TWEET LINKEDIN GOOGLE+ PINTEREST 
AUSTIN - Honor Flight Austin will take eight World War II veterans to Washington, D.C. on Thursday, marking 2,000 veterans the nonprofit has transported. 
Austin-Bergstrom International Airport said in a release that Thursday’s honor flight is the fifth of 2016 and 35th overall for the program. The honor flight is scheduled to leave ABIA at 12:45 p.m. Thursday and arrive at Reagan National Airport in Washington at 4:55 p.m. The veterans are scheduled to return Sept. 2 at 8:05 p.m. ABIA added this flight is being operated and sponsored by Southwest Airlines. 
Honor Flight Austin serves veterans residing in 14 Central Texas Counties, and was created to honor veterans by transporting them to visit and reflect at their war memorials. Go here to learn more. 
(© 2016 KVUE)
</post>
<signature>

</signature>
<external_links>

</external_links>
<country>US</country>
<main_image>http://content.kvue.com/photo/2016/04/08/CfiRZlmUIAA2KhY_1460161419989_1490631_ver1.0_640_360.jpg</main_image>
</document>
