<?xml version="1.0" encoding="UTF-8"?>
<document>
<type>mainstream</type>
<forum></forum>
<forum_title></forum_title>
<discussion_title>&apos;Kardashians&apos; Producer Bunim-Murray Names New Co-Presidents, Programming Team (EXCLUSIVE)</discussion_title>
<language>english</language>
<gmt_offset></gmt_offset>
<topic_url>http://www.philly.com/philly/wires/reuters/entertainment/391776491.html</topic_url>
<topic_text>
&apos;Kardashians&apos; Producer Bunim-Murray Names New Co-Presidents, Programming Team (EXCLUSIVE) Updated: August 30, 2016 — 3:00 PM EDT Share Variety Media, LLC 
By Daniel Holloway 
LOS ANGELES (Variety.com) - Bunim-Murray Productions, the reality-TV company that helped create the genre with &quot;The Real World&quot; and went on to launch one of its most successful franchises with &quot;Keeping Up With the Kardashians,&quot; has set a new executive team. The production company has promoted Jeff Jenkins and Julie Pizzi to co-presidents of entertainment and development. Both execs will continue to report to Bunim-Murray chairman and CEO Gil Goldschein. 
The company has also promoted executive producer and showrunner Farnaz Farjam to vice president of current programming and hired producers Erica Ross and Dave Sambuchi as vice presidents of development. The change in structure comes more than one year after company co-founder Jonathan Murray stepped down as the company&apos;s top executive, ceding that role to then-president Goldschein. It also comes during a period of growth for the company, which by the end of 2016 expects to have seen 18 of its shows air across 11 networks. 
&quot;This new structure, bifurcating celeb reality and docu under Jeff and formats under Julie, allows us from a volume perspective to develop a lot more within those areas,&quot; said Goldschein. &quot;At the same time, by building out their team with such strong producers like Dave and Erica, and having Farnaz heading current programming -- all people who are in-the-field producers -- having that sort of knowledge has taken the development to another level.&quot; 
Increasing volume year-over-year has been one of Goldschein&apos;s top priorities for Bunim-Murray, which was acquired by France&apos;s Banijay Group in 2010. With the number of buyers of unscripted programming continuing to expand, Goldschein has set a target of selling to at least one new buyer every year -- a target he hopes Jenkins and Pizzi will lead the company in reaching. 
Related &apos;Real World&apos; Producer Bunim-Murray Sets Leadership Changes as Founder Steps Down (EXCLUSIVE) 
&quot;Jeff and Julie both grew up at this company,&quot; Golschein said. &quot;They have that Bunim-Murray DNA, which is that it&apos;s all about the product. It&apos;s all about storytelling.&quot; 
Pizzi began her career at Bunim-Murray, working on &quot;Road Rules&quot; and &quot;Real World/Road Rules Challenge&quot; for MTV and &quot;Born to Diva&quot; for VH1. She returned to the company in 2015 as exec VP. In the interim, she served as co-president of PB&amp;J Television, which now has a production deal with Bunim-Murray. 
In addition to creating formats that work in the U.S. and can travel to Banijay&apos;s outposts abroad, Pizzi is focused on &quot;tapping into different areas that are more unexpected or non-traditional for Bunim-Murray,&quot; Pizzi said. She cited talk and hybrid scripted genres as areas of expansion. &quot;We&apos;ve really come up with a fresh slate.&quot; 
Jenkins, who also served previously as exec VP, has spent the bulk of his career at Bunim-Murray, where he has overseen and served as executive producer of &quot;Keeping Up With the Kardashians&quot; and its spinoff series. Among the shows Jenkins developed set to premiere this year are &quot;Total Bellas,&quot; &quot;Mariah&apos;s World&quot; and &quot;Rob &amp; Chyna&quot; on E! as well as &quot;The Gary Owen Show&quot; on BET. 
&quot;I started at Bunim-Murray 15 years ago, and the company was pretty small,&quot; Jenkins said, noting that at the time he joined, the company had only &quot;Real World&quot; and &quot;Road Rules&quot; in its stable. &quot;Over the past 15 years its just grown and expanded. We need to keep that going, that growth and expansion, and I feel very lucky that Julie and I have the opportunity to be a big part of that.&quot; 
Farjam, another longtime Bunim-Murray employee, worked on early docu-comedy &quot;The Simple Life&quot; as well as all the series in the &quot;Kardashians&quot; franchise. She most recently served as an executive producer on E!&apos;s &quot;I Am Cait.&quot; 
Ross&apos; producing credits include Bunim-Murray&apos;s &quot;The Challenge&quot; for MTV and PB&amp;J&apos;s &quot;Dress My Nest&quot; for Style Network and &quot;Pageant School: Becoming Miss America&quot; for CMT, as well as several seasons of &quot;Top Chef&quot; for Bravo. Sambuchi has worked on shows such as &quot;Singled Out,&quot; &quot;Project Runway,&quot; &quot;The Challenge&quot; and &quot;Road Rules,&quot; as well as the MTV Movie Awards and other specials for MTV. Published: August 30, 2016 — 3:00 PM EDT We encourage respectful comments but reserve the right to delete anything that doesn&apos;t contribute to an engaging dialogue Help us moderate this thread by flagging comments that violate our guidelines Help us learn more about Philly.com commenters. Click here to take this quick survey. Comment policy: 
Philly.com comments are intended to be civil, friendly conversations. Please treat other participants with respect and in a way that you would want to be treated. You are responsible for what you say. And please, stay on topic. If you see an objectionable post, please report it to us using the &quot;Report Abuse&quot; option. 
Please note that comments are monitored by Philly.com staff. We reserve the right at all times to remove any information or materials that are unlawful, threatening, abusive, libelous, defamatory, obscene, vulgar, pornographic, profane, indecent or otherwise objectionable. Personal attacks, especially on other participants, are not permitted. We reserve the right to permanently block any user who violates these terms and conditions. 
Additionally comments that are long, have multiple paragraph breaks, include code, or include hyperlinks may not be posted. 
</topic_text>
<spam_score>0.00</spam_score>
<post_num>1</post_num>
<post_id>post-1</post_id>
<post_url>http://www.philly.com/philly/wires/reuters/entertainment/391776491.html</post_url>
<post_date>20160830</post_date>
<post_time></post_time>
<username>Daniel Holloway</username>
<post>
&apos;Kardashians&apos; Producer Bunim-Murray Names New Co-Presidents, Programming Team (EXCLUSIVE) Updated: August 30, 2016 — 3:00 PM EDT Share Variety Media, LLC 
By Daniel Holloway 
LOS ANGELES (Variety.com) - Bunim-Murray Productions, the reality-TV company that helped create the genre with &quot;The Real World&quot; and went on to launch one of its most successful franchises with &quot;Keeping Up With the Kardashians,&quot; has set a new executive team. The production company has promoted Jeff Jenkins and Julie Pizzi to co-presidents of entertainment and development. Both execs will continue to report to Bunim-Murray chairman and CEO Gil Goldschein. 
The company has also promoted executive producer and showrunner Farnaz Farjam to vice president of current programming and hired producers Erica Ross and Dave Sambuchi as vice presidents of development. The change in structure comes more than one year after company co-founder Jonathan Murray stepped down as the company&apos;s top executive, ceding that role to then-president Goldschein. It also comes during a period of growth for the company, which by the end of 2016 expects to have seen 18 of its shows air across 11 networks. 
&quot;This new structure, bifurcating celeb reality and docu under Jeff and formats under Julie, allows us from a volume perspective to develop a lot more within those areas,&quot; said Goldschein. &quot;At the same time, by building out their team with such strong producers like Dave and Erica, and having Farnaz heading current programming -- all people who are in-the-field producers -- having that sort of knowledge has taken the development to another level.&quot; 
Increasing volume year-over-year has been one of Goldschein&apos;s top priorities for Bunim-Murray, which was acquired by France&apos;s Banijay Group in 2010. With the number of buyers of unscripted programming continuing to expand, Goldschein has set a target of selling to at least one new buyer every year -- a target he hopes Jenkins and Pizzi will lead the company in reaching. 
Related &apos;Real World&apos; Producer Bunim-Murray Sets Leadership Changes as Founder Steps Down (EXCLUSIVE) 
&quot;Jeff and Julie both grew up at this company,&quot; Golschein said. &quot;They have that Bunim-Murray DNA, which is that it&apos;s all about the product. It&apos;s all about storytelling.&quot; 
Pizzi began her career at Bunim-Murray, working on &quot;Road Rules&quot; and &quot;Real World/Road Rules Challenge&quot; for MTV and &quot;Born to Diva&quot; for VH1. She returned to the company in 2015 as exec VP. In the interim, she served as co-president of PB&amp;J Television, which now has a production deal with Bunim-Murray. 
In addition to creating formats that work in the U.S. and can travel to Banijay&apos;s outposts abroad, Pizzi is focused on &quot;tapping into different areas that are more unexpected or non-traditional for Bunim-Murray,&quot; Pizzi said. She cited talk and hybrid scripted genres as areas of expansion. &quot;We&apos;ve really come up with a fresh slate.&quot; 
Jenkins, who also served previously as exec VP, has spent the bulk of his career at Bunim-Murray, where he has overseen and served as executive producer of &quot;Keeping Up With the Kardashians&quot; and its spinoff series. Among the shows Jenkins developed set to premiere this year are &quot;Total Bellas,&quot; &quot;Mariah&apos;s World&quot; and &quot;Rob &amp; Chyna&quot; on E! as well as &quot;The Gary Owen Show&quot; on BET. 
&quot;I started at Bunim-Murray 15 years ago, and the company was pretty small,&quot; Jenkins said, noting that at the time he joined, the company had only &quot;Real World&quot; and &quot;Road Rules&quot; in its stable. &quot;Over the past 15 years its just grown and expanded. We need to keep that going, that growth and expansion, and I feel very lucky that Julie and I have the opportunity to be a big part of that.&quot; 
Farjam, another longtime Bunim-Murray employee, worked on early docu-comedy &quot;The Simple Life&quot; as well as all the series in the &quot;Kardashians&quot; franchise. She most recently served as an executive producer on E!&apos;s &quot;I Am Cait.&quot; 
Ross&apos; producing credits include Bunim-Murray&apos;s &quot;The Challenge&quot; for MTV and PB&amp;J&apos;s &quot;Dress My Nest&quot; for Style Network and &quot;Pageant School: Becoming Miss America&quot; for CMT, as well as several seasons of &quot;Top Chef&quot; for Bravo. Sambuchi has worked on shows such as &quot;Singled Out,&quot; &quot;Project Runway,&quot; &quot;The Challenge&quot; and &quot;Road Rules,&quot; as well as the MTV Movie Awards and other specials for MTV. Published: August 30, 2016 — 3:00 PM EDT We encourage respectful comments but reserve the right to delete anything that doesn&apos;t contribute to an engaging dialogue Help us moderate this thread by flagging comments that violate our guidelines Help us learn more about Philly.com commenters. Click here to take this quick survey. Comment policy: 
Philly.com comments are intended to be civil, friendly conversations. Please treat other participants with respect and in a way that you would want to be treated. You are responsible for what you say. And please, stay on topic. If you see an objectionable post, please report it to us using the &quot;Report Abuse&quot; option. 
Please note that comments are monitored by Philly.com staff. We reserve the right at all times to remove any information or materials that are unlawful, threatening, abusive, libelous, defamatory, obscene, vulgar, pornographic, profane, indecent or otherwise objectionable. Personal attacks, especially on other participants, are not permitted. We reserve the right to permanently block any user who violates these terms and conditions. 
Additionally comments that are long, have multiple paragraph breaks, include code, or include hyperlinks may not be posted. 
</post>
<signature>

</signature>
<external_links>

</external_links>
<country>US</country>
<main_image>http://media.philly.com/designimages/pcom-FB.jpg</main_image>
</document>
