<?xml version="1.0" encoding="UTF-8"?>
<document>
<type>mainstream</type>
<forum></forum>
<forum_title></forum_title>
<discussion_title>The top 10 movies on the iTunes Store</discussion_title>
<language>english</language>
<gmt_offset></gmt_offset>
<topic_url>http://www.philly.com/philly/wires/ap/news/391763251.html</topic_url>
<topic_text>
The top 10 movies on the iTunes Store Updated: August 30, 2016 — 12:22 PM EDT Share 
iTunes Movies U.S. charts for week ending August 28, 2016: 
iTunes Movies US Charts: 
2. The Jungle Book (2016) 
3. The Huntsman: Winter&apos;s War (Extended Edition) 
4. The Angry Birds Movie 
5. Now You See Me 2 
6. The Man Who Knew Infinity 
7. Blood Father 
</topic_text>
<spam_score>0.27</spam_score>
<post_num>1</post_num>
<post_id>post-1</post_id>
<post_url>http://www.philly.com/philly/wires/ap/news/391763251.html</post_url>
<post_date>20160830</post_date>
<post_time></post_time>
<username>The Associated Press</username>
<post>
The top 10 movies on the iTunes Store Updated: August 30, 2016 — 12:22 PM EDT Share 
iTunes Movies U.S. charts for week ending August 28, 2016: 
iTunes Movies US Charts: 
2. The Jungle Book (2016) 
3. The Huntsman: Winter&apos;s War (Extended Edition) 
4. The Angry Birds Movie 
5. Now You See Me 2 
6. The Man Who Knew Infinity 
7. Blood Father 
</post>
<signature>

</signature>
<external_links>

</external_links>
<country>US</country>
<main_image>http://media.philly.com/designimages/pcom-FB.jpg</main_image>
</document>
