<?xml version="1.0" encoding="UTF-8"?>
<document>
<type>mainstream</type>
<forum></forum>
<forum_title></forum_title>
<discussion_title>Selena Gomez Takes a Break From Music Due to Lupus Side Effects</discussion_title>
<language>english</language>
<gmt_offset></gmt_offset>
<topic_url>http://www.philly.com/philly/wires/reuters/entertainment/391802711.html</topic_url>
<topic_text>
Selena Gomez Takes a Break From Music Due to Lupus Side Effects Updated: August 30, 2016 — 6:52 PM EDT Share Variety Media, LLC 
By Alex Stedman 
LOS ANGELES (Variety.com) - After travelling the world for her Revival tour, Selena Gomez is taking a break from music to focus on her health. 
A year after she revealed her Lupus diagnosis, Gomez on Tuesday released a statement that she&apos;s taking some time off due to complications of the autoimmune disease. She cites &quot;anxiety, panic attacks and depression&quot; as side effects. 
&quot;As many of you know, around a year ago I revealed that I have lupus, an illness that can affect people in different ways,&quot; she said in a statement to People. &quot;I&apos;ve discovered that anxiety, panic attacks and depression can be side effects of lupus, which can present their own challenges.&quot; 
Related Selena Gomez Does &apos;Carpool Karaoke&apos; With James Corden 
&quot;I want to be proactive and focus on maintaining my health and happiness and have decided that the best way forward is to take some time off,&quot; the statement goes on. &quot;Thank you to all my fans for your support. You know how special you are to me, but I need to face this head on to ensure I am doing everything possible to be my best. I know I am not alone by sharing this, I hope others will be encouraged to address their own issues.&quot; 
In a 2015 interview with Billboard, Gomez revealed that she had underwent chemotherapy for Lupus in 2013, during a break in her Stars Dance tour. She cancelled the Asian and Australian legs of the tour in late 2013 and early 2014. 
During the break, rumors emerged of substance abuse. &quot;I wanted so badly to say, &apos;you guys have no idea. I&apos;m in chemotherapy. You&apos;re a-holes,&apos;&quot; she said in 2015. &quot;I locked myself away until I was confident and comfortable again.&quot; 
A source told People that Gomez&apos;s current break is &quot;absolutely not related to alcohol or substance abuse,&quot; and that she &quot;hadn&apos;t felt like herself&quot; in the past couple of months. More Coverage 
</topic_text>
<spam_score>0.57</spam_score>
<post_num>1</post_num>
<post_id>post-1</post_id>
<post_url>http://www.philly.com/philly/wires/reuters/entertainment/391802711.html</post_url>
<post_date>20160830</post_date>
<post_time></post_time>
<username>Alex Stedman</username>
<post>
Selena Gomez Takes a Break From Music Due to Lupus Side Effects Updated: August 30, 2016 — 6:52 PM EDT Share Variety Media, LLC 
By Alex Stedman 
LOS ANGELES (Variety.com) - After travelling the world for her Revival tour, Selena Gomez is taking a break from music to focus on her health. 
A year after she revealed her Lupus diagnosis, Gomez on Tuesday released a statement that she&apos;s taking some time off due to complications of the autoimmune disease. She cites &quot;anxiety, panic attacks and depression&quot; as side effects. 
&quot;As many of you know, around a year ago I revealed that I have lupus, an illness that can affect people in different ways,&quot; she said in a statement to People. &quot;I&apos;ve discovered that anxiety, panic attacks and depression can be side effects of lupus, which can present their own challenges.&quot; 
Related Selena Gomez Does &apos;Carpool Karaoke&apos; With James Corden 
&quot;I want to be proactive and focus on maintaining my health and happiness and have decided that the best way forward is to take some time off,&quot; the statement goes on. &quot;Thank you to all my fans for your support. You know how special you are to me, but I need to face this head on to ensure I am doing everything possible to be my best. I know I am not alone by sharing this, I hope others will be encouraged to address their own issues.&quot; 
In a 2015 interview with Billboard, Gomez revealed that she had underwent chemotherapy for Lupus in 2013, during a break in her Stars Dance tour. She cancelled the Asian and Australian legs of the tour in late 2013 and early 2014. 
During the break, rumors emerged of substance abuse. &quot;I wanted so badly to say, &apos;you guys have no idea. I&apos;m in chemotherapy. You&apos;re a-holes,&apos;&quot; she said in 2015. &quot;I locked myself away until I was confident and comfortable again.&quot; 
A source told People that Gomez&apos;s current break is &quot;absolutely not related to alcohol or substance abuse,&quot; and that she &quot;hadn&apos;t felt like herself&quot; in the past couple of months. More Coverage 
</post>
<signature>

</signature>
<external_links>

</external_links>
<country>US</country>
<main_image>http://media.philly.com/designimages/pcom-FB.jpg</main_image>
</document>
