<?xml version="1.0" encoding="UTF-8"?>
<document>
<type>mainstream</type>
<forum></forum>
<forum_title></forum_title>
<discussion_title>Joe Sutter, father of the 747, passes away at 95</discussion_title>
<language>english</language>
<gmt_offset></gmt_offset>
<topic_url>http://www.philly.com/philly/wires/reuters/business/report/391811551.html</topic_url>
<topic_text>
Joe Sutter, father of the 747, passes away at 95 Updated: August 30, 2016 — 7:59 PM EDT Share Close icon Reuters 
Aug 30 (Reuters) - Joe Sutter, known for leading Boeing Co&apos;s engineering team for the iconic 747 jumbo jet in the mid-1960s, died on Tuesday at the age of 95. 
In addition to the 747, Sutter worked on projects including the 737 and 707 aircraft models, Boeing Commercial Airplanes chief executive officer Ray Conner said in a message to employees. 
Sutter and his team became known as &quot;the Incredibles,&quot; for producing the world&apos;s largest airplane within 29 months from the time of conception. 
Sutter served the company as a consultant after his retirement from the company in 1986. (Reporting by Shalini Nagarajan in Bengaluru, editing by G Crosse) Published: August 30, 2016 — 7:59 PM EDT We encourage respectful comments but reserve the right to delete anything that doesn&apos;t contribute to an engaging dialogue Help us moderate this thread by flagging comments that violate our guidelines Help us learn more about Philly.com commenters. Click here to take this quick survey. Comment policy: 
Philly.com comments are intended to be civil, friendly conversations. Please treat other participants with respect and in a way that you would want to be treated. You are responsible for what you say. And please, stay on topic. If you see an objectionable post, please report it to us using the &quot;Report Abuse&quot; option. 
Please note that comments are monitored by Philly.com staff. We reserve the right at all times to remove any information or materials that are unlawful, threatening, abusive, libelous, defamatory, obscene, vulgar, pornographic, profane, indecent or otherwise objectionable. Personal attacks, especially on other participants, are not permitted. We reserve the right to permanently block any user who violates these terms and conditions. 
Additionally comments that are long, have multiple paragraph breaks, include code, or include hyperlinks may not be posted. 
</topic_text>
<spam_score>0.86</spam_score>
<post_num>1</post_num>
<post_id>post-1</post_id>
<post_url>http://www.philly.com/philly/wires/reuters/business/report/391811551.html</post_url>
<post_date>20160830</post_date>
<post_time></post_time>
<username></username>
<post>
Joe Sutter, father of the 747, passes away at 95 Updated: August 30, 2016 — 7:59 PM EDT Share Close icon Reuters 
Aug 30 (Reuters) - Joe Sutter, known for leading Boeing Co&apos;s engineering team for the iconic 747 jumbo jet in the mid-1960s, died on Tuesday at the age of 95. 
In addition to the 747, Sutter worked on projects including the 737 and 707 aircraft models, Boeing Commercial Airplanes chief executive officer Ray Conner said in a message to employees. 
Sutter and his team became known as &quot;the Incredibles,&quot; for producing the world&apos;s largest airplane within 29 months from the time of conception. 
Sutter served the company as a consultant after his retirement from the company in 1986. (Reporting by Shalini Nagarajan in Bengaluru, editing by G Crosse) Published: August 30, 2016 — 7:59 PM EDT We encourage respectful comments but reserve the right to delete anything that doesn&apos;t contribute to an engaging dialogue Help us moderate this thread by flagging comments that violate our guidelines Help us learn more about Philly.com commenters. Click here to take this quick survey. Comment policy: 
Philly.com comments are intended to be civil, friendly conversations. Please treat other participants with respect and in a way that you would want to be treated. You are responsible for what you say. And please, stay on topic. If you see an objectionable post, please report it to us using the &quot;Report Abuse&quot; option. 
Please note that comments are monitored by Philly.com staff. We reserve the right at all times to remove any information or materials that are unlawful, threatening, abusive, libelous, defamatory, obscene, vulgar, pornographic, profane, indecent or otherwise objectionable. Personal attacks, especially on other participants, are not permitted. We reserve the right to permanently block any user who violates these terms and conditions. 
Additionally comments that are long, have multiple paragraph breaks, include code, or include hyperlinks may not be posted. 
</post>
<signature>

</signature>
<external_links>

</external_links>
<country>US</country>
<main_image>http://media.philly.com/designimages/pcom-FB.jpg</main_image>
</document>
