<?xml version="1.0" encoding="UTF-8"?>
<document>
<type>mainstream</type>
<forum></forum>
<forum_title></forum_title>
<discussion_title>Erdogan says Turkey to keep up fight against terrorist groups</discussion_title>
<language>english</language>
<gmt_offset></gmt_offset>
<topic_url>http://www.philly.com/philly/wires/reuters/news/report/391759631.html</topic_url>
<topic_text>
Erdogan says Turkey to keep up fight against terrorist groups Updated: August 30, 2016 — 1:07 PM EDT Share Close icon Reuters 
ISTANBUL, Aug 30 (Reuters) - President Tayyip Erdogan said on Tuesday Turkey would continue to fight all terrorist groups within the rule of law and that the Turkish military was growing stronger and more effective as &quot;traitors&quot; were removed after a failed military coup. 
Erdogan&apos;s comments come amid Western criticism of a military incursion into Syria which has seen Syrian rebels backed by Turkish forces clash with Kurdish militia fighters aligned with the United States in the fight against Islamic State. 
(Reporting by Asli Kandemir; Writing by Nick Tattersall) Published: August 30, 2016 — 1:07 PM EDT We encourage respectful comments but reserve the right to delete anything that doesn&apos;t contribute to an engaging dialogue Help us moderate this thread by flagging comments that violate our guidelines Help us learn more about Philly.com commenters. Click here to take this quick survey. Comment policy: 
Philly.com comments are intended to be civil, friendly conversations. Please treat other participants with respect and in a way that you would want to be treated. You are responsible for what you say. And please, stay on topic. If you see an objectionable post, please report it to us using the &quot;Report Abuse&quot; option. 
Please note that comments are monitored by Philly.com staff. We reserve the right at all times to remove any information or materials that are unlawful, threatening, abusive, libelous, defamatory, obscene, vulgar, pornographic, profane, indecent or otherwise objectionable. Personal attacks, especially on other participants, are not permitted. We reserve the right to permanently block any user who violates these terms and conditions. 
Additionally comments that are long, have multiple paragraph breaks, include code, or include hyperlinks may not be posted. 
</topic_text>
<spam_score>0.22</spam_score>
<post_num>1</post_num>
<post_id>post-1</post_id>
<post_url>http://www.philly.com/philly/wires/reuters/news/report/391759631.html</post_url>
<post_date>20160830</post_date>
<post_time></post_time>
<username></username>
<post>
Erdogan says Turkey to keep up fight against terrorist groups Updated: August 30, 2016 — 1:07 PM EDT Share Close icon Reuters 
ISTANBUL, Aug 30 (Reuters) - President Tayyip Erdogan said on Tuesday Turkey would continue to fight all terrorist groups within the rule of law and that the Turkish military was growing stronger and more effective as &quot;traitors&quot; were removed after a failed military coup. 
Erdogan&apos;s comments come amid Western criticism of a military incursion into Syria which has seen Syrian rebels backed by Turkish forces clash with Kurdish militia fighters aligned with the United States in the fight against Islamic State. 
(Reporting by Asli Kandemir; Writing by Nick Tattersall) Published: August 30, 2016 — 1:07 PM EDT We encourage respectful comments but reserve the right to delete anything that doesn&apos;t contribute to an engaging dialogue Help us moderate this thread by flagging comments that violate our guidelines Help us learn more about Philly.com commenters. Click here to take this quick survey. Comment policy: 
Philly.com comments are intended to be civil, friendly conversations. Please treat other participants with respect and in a way that you would want to be treated. You are responsible for what you say. And please, stay on topic. If you see an objectionable post, please report it to us using the &quot;Report Abuse&quot; option. 
Please note that comments are monitored by Philly.com staff. We reserve the right at all times to remove any information or materials that are unlawful, threatening, abusive, libelous, defamatory, obscene, vulgar, pornographic, profane, indecent or otherwise objectionable. Personal attacks, especially on other participants, are not permitted. We reserve the right to permanently block any user who violates these terms and conditions. 
Additionally comments that are long, have multiple paragraph breaks, include code, or include hyperlinks may not be posted. 
</post>
<signature>

</signature>
<external_links>

</external_links>
<country>US</country>
<main_image>http://media.philly.com/designimages/pcom-FB.jpg</main_image>
</document>
