<?xml version="1.0" encoding="UTF-8"?>
<document>
<type>mainstream</type>
<forum>http://www.journalgazette.net/news/rss/</forum>
<forum_title>News</forum_title>
<discussion_title>Ohio woman says boyfriend shot couple next door, then self</discussion_title>
<language>english</language>
<gmt_offset></gmt_offset>
<topic_url>http://www.journalgazette.net/news/us/Ohio-woman-says-boyfriend-shot-couple-next-door--then-self-14987813</topic_url>
<topic_text>
August 30, 2016 11:54 AM Ohio woman says boyfriend shot couple next door, then self 
HOLLAND, Ohio – Police near Toledo say at least two people have been shot at a home that was on fire when officers got there. 
A woman who lives next door tells The Blade newspaper that she watched her boyfriend shoot the couple who live in the house and then shoot himself in the head Tuesday morning. 
She says there had been an ongoing dispute between the neighbors and her boyfriend. 
The Lucas County Sheriff&apos;s Office says at least two people were shot in the village of Holland. But a sheriff&apos;s lieutenant would not say whether the shooter was among those taken to a hospital. 
It appears that the fire was put out within an hour of a 911 call about the shooting.
</topic_text>
<spam_score>0.00</spam_score>
<post_num>1</post_num>
<post_id>post-1</post_id>
<post_url>http://www.journalgazette.net/news/us/Ohio-woman-says-boyfriend-shot-couple-next-door--then-self-14987813</post_url>
<post_date>20160830</post_date>
<post_time>1156</post_time>
<username></username>
<post>
August 30, 2016 11:54 AM Ohio woman says boyfriend shot couple next door, then self 
HOLLAND, Ohio – Police near Toledo say at least two people have been shot at a home that was on fire when officers got there. 
A woman who lives next door tells The Blade newspaper that she watched her boyfriend shoot the couple who live in the house and then shoot himself in the head Tuesday morning. 
She says there had been an ongoing dispute between the neighbors and her boyfriend. 
The Lucas County Sheriff&apos;s Office says at least two people were shot in the village of Holland. But a sheriff&apos;s lieutenant would not say whether the shooter was among those taken to a hospital. 
It appears that the fire was put out within an hour of a 911 call about the shooting.
</post>
<signature>

</signature>
<external_links>

</external_links>
<country>US</country>
<main_image></main_image>
</document>
