<?xml version="1.0" encoding="UTF-8"?>
<document>
<type>mainstream</type>
<forum>http://andigital.com.ar/component/k2/itemlist?format=feed&amp;moduleID=793</forum>
<forum_title>rss</forum_title>
<discussion_title>Masiva convocatoria en Diputados para debatir los alcances de la Ley de Agrotóxicos</discussion_title>
<language>spanish</language>
<gmt_offset></gmt_offset>
<topic_url>http://andigital.com.ar/politica/item/55624-masiva-convocatoria-en-diputados-para-debatir-los-alcances-de-la-ley-de-agrotoxicos</topic_url>
<topic_text>
Masiva convocatoria en Diputados para debatir los alcances de la Ley de Agrotóxicos Agosto 30, 2016 | 
Legisladores provinciales, nacionales y especialistas realizaron un encuentro para analizar la letra chica de la norma que ya recibió media sanción en el Senado. A su vez, reclamaron la adhesión de la Provincia a la Ley Nacional de Agricultura Familiar y exhortaron a profundizar la discusión para visibilizar “las falencias” del proyecto.   Foro abierto e la Cámara baja bonaerense para debatir los efectos del proyecto de Ley de Agrotóxicos. 
LA PLATA-BUENOS AIRES ( ANDigital ) En la Cámara de Diputados de la provincia de Buenos Aires se realizó este martes el primer Foro abierto para debatir los alcances y efectos del proyecto de Ley de Agrotóxicos, con media sanción del Senado provincial, que reduce las distancias mínimas para pulverizar y fumigar con productos agroquímicos, llevándolas a 10 metros de las zonas urbanas y establecimientos educativos y a 25 metros de cursos de agua. 
Los diputados provinciales del bloque Peronismo para la Victoria, Patricia Cubría , Graciela Rego y Gustavo Di Marzio , encabezaron la reunión que contó además con la participación de sus pares Karina Nazábal (FpV), Juan Cocino (Gen-Progresista), Guillermo Kane (FIT) y el diputado nacional y exministro de Asuntos Agrarios de la Provincia, Gustavo Arrieta . 
Al respecto, la legisladora Cubría destacó que “este encuentro es el primer paso para seguir discutiendo esta ley, pero siempre de cara la sociedad y priorizando los derechos de todos los bonaerenses”, y agregó que “debemos sumar más actores a este debate, como los municipios, las áreas de Salud y Educación, para confeccionar una normativa que exprese a todos los sectores”. 
“Tenemos una ley de agricultura familiar durmiendo en la Cámara del Senado. Hace meses que le dimos media sanción en Diputados y no vamos a aceptar que de la noche a la mañana se apruebe una ley de agrotóxicos sin ningún tipo de discusión”, advirtió Cubría, quien afirmó que “esta ley no se va a tratar en Diputados hasta que no se apruebe la adhesión de la Provincia a la Ley nacional de Agricultura Familiar”. 
Por su parte el diputado del Movimiento Evita, Gustavo Di Marzio, también hizo hincapié en la necesidad de que el Senado trate la adhesión provincial de la ley de Agricultura Familiar, y cuestionó que “encima como contrapartida tenemos esta ley de la utilización de agrotóxicos, que sin ningún debate giraron a diputados para que se convierta en ley. Por eso hasta que el senado no discuta la adhesión que está hace meses aprobada en diputados, no permitiremos que esta ley avance”. 
En ese marco, resaltó la pluralidad y la discusión: “Este espacio nos insta a seguir profundizando el debate y nos ayuda a visibilizar las falencias que tiene este proyecto. Es inadmisible que se ponga en discusión una ley como esta que atenta contra el derecho a la vida, la salud y el medioambiente sin ningún debate. La comunidad europea ya dejó de utilizar estos agrotóxicos y acá se busca avanzar con un tema que en el mundo se está prohibiendo”. 
A su turno, el diputado nacional Gustavo Arrieta indicó que “una ley que regule el uso de agroquímicos en la provincia de Buenos Aires no puede ser una ley exprés. Es faltarle el respeto a los sectores productivos y a todos los ciudadanos bonaerenses, por eso es importante la apertura de este tipo de espacios”. 
Además, el exintendente de Cañuelas aseveró que “nos preocupa que la aplicación de esta ley quede en manos de los municipios que hoy no tienen los recursos para financiar el control y la regulación de una normativa de estas características”. Y agregó que “el Estado provincial a través del Ministerio de Agroindustria debe hacerse cargo y no puede delegar sus funciones. En su formulación, esta ley es inaplicable”. 
En tanto, las distintas organizaciones que participaron masivamente del Foro plantearon la necesidad de continuar fortaleciendo los espacios de debate e incluir a todos los actores protagonistas, e hicieron un fuerte hincapié en profundizar para las futuras instancias en los temas de salud, educación y sistemas agros ecológicos. 
Las entidades y organizaciones presentes en este primer encuentro fueron: Federación Agraria Argentina; MNCI- Vía Campesina; Frente Agrario Evita; Unión Trabajadores de la Tierra (UTT); Cátedra Libre de Soberanía Alimentaria de la UNLP; Colegio de Ingenieros de la Provincia de Buenos Aires; Cátedra de Derecho Agrario (UNLP); CTA Autónoma de la Provincia de Bs. As; Asociación Civil Nuevo Ambiente de La Plata; Ecología de plagas (UNLP); Federación Nacional Docente; MNCI- Frente Agrario de Almirante Brown y Glew; Asociación Civil 15 de abril de La Plata; Foro Regional Río de La Plata de Berazategui; PTS-FIT; Estudiantes Universitarios de la Facultad de Ciencias Exactas y Trabajo Social; MST-Nueva Izquierda, red de eco socialistas; Consejo Social (UNLP); Espacio Multidisciplinario de Interacción Socio ambiental; “Un surco por Ramita” y Cooperativa de productores “Las Acacias Unidas” de Berazategui. (  
</topic_text>
<spam_score>0.00</spam_score>
<post_num>1</post_num>
<post_id>post-1</post_id>
<post_url>http://andigital.com.ar/politica/item/55624-masiva-convocatoria-en-diputados-para-debatir-los-alcances-de-la-ley-de-agrotoxicos</post_url>
<post_date>20160830</post_date>
<post_time>2348</post_time>
<username>falsa@and.com (ANDigital)</username>
<post>
Masiva convocatoria en Diputados para debatir los alcances de la Ley de Agrotóxicos Agosto 30, 2016 | 
Legisladores provinciales, nacionales y especialistas realizaron un encuentro para analizar la letra chica de la norma que ya recibió media sanción en el Senado. A su vez, reclamaron la adhesión de la Provincia a la Ley Nacional de Agricultura Familiar y exhortaron a profundizar la discusión para visibilizar “las falencias” del proyecto.   Foro abierto e la Cámara baja bonaerense para debatir los efectos del proyecto de Ley de Agrotóxicos. 
LA PLATA-BUENOS AIRES ( ANDigital ) En la Cámara de Diputados de la provincia de Buenos Aires se realizó este martes el primer Foro abierto para debatir los alcances y efectos del proyecto de Ley de Agrotóxicos, con media sanción del Senado provincial, que reduce las distancias mínimas para pulverizar y fumigar con productos agroquímicos, llevándolas a 10 metros de las zonas urbanas y establecimientos educativos y a 25 metros de cursos de agua. 
Los diputados provinciales del bloque Peronismo para la Victoria, Patricia Cubría , Graciela Rego y Gustavo Di Marzio , encabezaron la reunión que contó además con la participación de sus pares Karina Nazábal (FpV), Juan Cocino (Gen-Progresista), Guillermo Kane (FIT) y el diputado nacional y exministro de Asuntos Agrarios de la Provincia, Gustavo Arrieta . 
Al respecto, la legisladora Cubría destacó que “este encuentro es el primer paso para seguir discutiendo esta ley, pero siempre de cara la sociedad y priorizando los derechos de todos los bonaerenses”, y agregó que “debemos sumar más actores a este debate, como los municipios, las áreas de Salud y Educación, para confeccionar una normativa que exprese a todos los sectores”. 
“Tenemos una ley de agricultura familiar durmiendo en la Cámara del Senado. Hace meses que le dimos media sanción en Diputados y no vamos a aceptar que de la noche a la mañana se apruebe una ley de agrotóxicos sin ningún tipo de discusión”, advirtió Cubría, quien afirmó que “esta ley no se va a tratar en Diputados hasta que no se apruebe la adhesión de la Provincia a la Ley nacional de Agricultura Familiar”. 
Por su parte el diputado del Movimiento Evita, Gustavo Di Marzio, también hizo hincapié en la necesidad de que el Senado trate la adhesión provincial de la ley de Agricultura Familiar, y cuestionó que “encima como contrapartida tenemos esta ley de la utilización de agrotóxicos, que sin ningún debate giraron a diputados para que se convierta en ley. Por eso hasta que el senado no discuta la adhesión que está hace meses aprobada en diputados, no permitiremos que esta ley avance”. 
En ese marco, resaltó la pluralidad y la discusión: “Este espacio nos insta a seguir profundizando el debate y nos ayuda a visibilizar las falencias que tiene este proyecto. Es inadmisible que se ponga en discusión una ley como esta que atenta contra el derecho a la vida, la salud y el medioambiente sin ningún debate. La comunidad europea ya dejó de utilizar estos agrotóxicos y acá se busca avanzar con un tema que en el mundo se está prohibiendo”. 
A su turno, el diputado nacional Gustavo Arrieta indicó que “una ley que regule el uso de agroquímicos en la provincia de Buenos Aires no puede ser una ley exprés. Es faltarle el respeto a los sectores productivos y a todos los ciudadanos bonaerenses, por eso es importante la apertura de este tipo de espacios”. 
Además, el exintendente de Cañuelas aseveró que “nos preocupa que la aplicación de esta ley quede en manos de los municipios que hoy no tienen los recursos para financiar el control y la regulación de una normativa de estas características”. Y agregó que “el Estado provincial a través del Ministerio de Agroindustria debe hacerse cargo y no puede delegar sus funciones. En su formulación, esta ley es inaplicable”. 
En tanto, las distintas organizaciones que participaron masivamente del Foro plantearon la necesidad de continuar fortaleciendo los espacios de debate e incluir a todos los actores protagonistas, e hicieron un fuerte hincapié en profundizar para las futuras instancias en los temas de salud, educación y sistemas agros ecológicos. 
Las entidades y organizaciones presentes en este primer encuentro fueron: Federación Agraria Argentina; MNCI- Vía Campesina; Frente Agrario Evita; Unión Trabajadores de la Tierra (UTT); Cátedra Libre de Soberanía Alimentaria de la UNLP; Colegio de Ingenieros de la Provincia de Buenos Aires; Cátedra de Derecho Agrario (UNLP); CTA Autónoma de la Provincia de Bs. As; Asociación Civil Nuevo Ambiente de La Plata; Ecología de plagas (UNLP); Federación Nacional Docente; MNCI- Frente Agrario de Almirante Brown y Glew; Asociación Civil 15 de abril de La Plata; Foro Regional Río de La Plata de Berazategui; PTS-FIT; Estudiantes Universitarios de la Facultad de Ciencias Exactas y Trabajo Social; MST-Nueva Izquierda, red de eco socialistas; Consejo Social (UNLP); Espacio Multidisciplinario de Interacción Socio ambiental; “Un surco por Ramita” y Cooperativa de productores “Las Acacias Unidas” de Berazategui. (  
</post>
<signature>

</signature>
<external_links>

</external_links>
<country>AR</country>
<main_image>http://andigital.com.ar/media/k2/items/cache/116d44c39bc51c1788793fc82651390e_S.jpg</main_image>
</document>
