<?xml version="1.0" encoding="UTF-8"?>
<document>
<type>mainstream</type>
<forum>http://news.hofstra.edu/feed/rss2/</forum>
<forum_title>News | Hofstra University, New York</forum_title>
<discussion_title>HU Office Hours: Carolyn Dudek</discussion_title>
<language>english</language>
<gmt_offset></gmt_offset>
<topic_url>http://news.hofstra.edu/2016/08/30/hu-office-hours-carolyn-dudek/</topic_url>
<topic_text>
Aug 30 • Debate 2016 , Faculty , HUOfficeHours , Kalikow Center , Peter S. Kalikow Center for the Study of American Presidency , Peter S. Kalikow School of Government, Public Policy and International Affairs , Political Science , Videos • No Comments on HU Office Hours: Carolyn Dudek Carolyn Dudek , Professor of Political Science and Director of European Studies, talks about issues important to Latin America in the 2016 election cycle. 
Click here for this video in Spanish. And visit Hofstra.edu/debate for more information regarding the upcoming presidential debate being held at Hofstra on September 26, 2016. About the Author: Carley Weinstein Carley Weinstein is the social media manager for Hofstra University. carley.p.weinstein@hofstra.edu |Phone: 516-463-6053 Leave a Reply Your email address will not be published. Required fields are marked * Comment
</topic_text>
<spam_score>0.00</spam_score>
<post_num>1</post_num>
<post_id>post-1</post_id>
<post_url>http://news.hofstra.edu/2016/08/30/hu-office-hours-carolyn-dudek/</post_url>
<post_date>20160830</post_date>
<post_time>1452</post_time>
<username>Carley Weinstein</username>
<post>
Aug 30 • Debate 2016 , Faculty , HUOfficeHours , Kalikow Center , Peter S. Kalikow Center for the Study of American Presidency , Peter S. Kalikow School of Government, Public Policy and International Affairs , Political Science , Videos • No Comments on HU Office Hours: Carolyn Dudek Carolyn Dudek , Professor of Political Science and Director of European Studies, talks about issues important to Latin America in the 2016 election cycle. 
Click here for this video in Spanish. And visit Hofstra.edu/debate for more information regarding the upcoming presidential debate being held at Hofstra on September 26, 2016. About the Author: Carley Weinstein Carley Weinstein is the social media manager for Hofstra University. carley.p.weinstein@hofstra.edu |Phone: 516-463-6053 Leave a Reply Your email address will not be published. Required fields are marked * Comment
</post>
<signature>

</signature>
<external_links>

</external_links>
<country>US</country>
<main_image></main_image>
</document>
