<?xml version="1.0" encoding="UTF-8"?>
<document>
<type>mainstream</type>
<forum></forum>
<forum_title></forum_title>
<discussion_title>Uber hires senior Target executive to lead global operations</discussion_title>
<language>english</language>
<gmt_offset></gmt_offset>
<topic_url>http://www.philly.com/philly/wires/reuters/business/technology/391773881.html</topic_url>
<topic_text>
Uber hires senior Target executive to lead global operations Updated: August 30, 2016 — 4:03 PM EDT Share Heather Somerville and Subrat Patnaik Reuters 
By Heather Somerville and Subrat Patnaik 
(Reuters) - Uber Technologies Inc [UBER.UL] has plucked a top executive from U.S. retailer Target to help lead the growing ride-services company and reshape its image. 
Uber said on Tuesday it hired Jeff Jones, chief marketing officer for Target Corp, to oversee the bulk of its global operations. Jones will be president of ride-sharing at Uber, running local Uber services in every city, as well as marketing efforts and customer support. 
The hire underscores efforts by Uber, which has become the dominant on-demand ride service, to bolster its reputation and brand. Since 2009, the company has aggressively expanded to more than 450 cities, at times steamrolling regulators and launching campaigns against local lawmakers. 
Jones joined Target in 2012 to rejuvenate its brand and is credited with modernizing the retailer&apos;s marketing efforts. He led campaigns including #MoreMusic, under which Target partnered with singer Gwen Stefani for a live video that aired during the Grammy Awards and released exclusive tracks from artists such as Adele, part of an effort to burnish Target&apos;s cool image. 
Prior to that, Jones led marketing for Gap Inc and worked for Coca-Cola and advertising firm McKinney. 
&quot;Jones has a strong track record of driving the narrative around Target&apos;s brand, and will now try to do the same for Uber,&quot; said Mike Mannor, associate professor at the University of Notre Dame&apos;s Mendoza College of Business. 
&quot;You can surely expect to see stakeholders responding positively to Uber CEO Travis Kalanick taking steps to upgrade his middling in-house talent with proven professional chops.&quot; 
Kalanick said in a blog post that he and Jones met in February and &quot;within minutes we were debating how Uber could improve its reputation.&quot; (http://ubr.to/2cclIj5) 
Kalanick said he wants to align Uber&apos;s marketing functions more closely with individual city operations and put more focus on customer service. 
Uber&apos;s global operations span dozens of countries and about 1.5 million drivers. 
Jones&apos; hiring marks a change for Ryan Graves, who has been at Uber since 2010 and ran the company&apos;s operations and global expansion. Graves will give up some of those responsibilities but continue to work on Uber&apos;s delivery businesses, including UberEats and UberRush, as well as other projects, Kalanick said. 
Jones&apos; exit is the latest in a string of executive departures from Target, which has made a series of management changes since last year. 
Among other moves, the big-box retailer appointed Chief Financial Officer John Mulligan to the newly created role of chief operating officer. It has also added new hires as it focuses on higher-margin categories such as baby and wellness products and revamps online sales. 
(Reporting by Heather Somerville in San Francisco and Subrat Patnaik in Bengaluru; Editing by Saumyadeb Chakrabarty and Tom Brown) More Coverage 
</topic_text>
<spam_score>0.00</spam_score>
<post_num>1</post_num>
<post_id>post-1</post_id>
<post_url>http://www.philly.com/philly/wires/reuters/business/technology/391773881.html</post_url>
<post_date>20160830</post_date>
<post_time></post_time>
<username>Heather Somerville</username>
<post>
Uber hires senior Target executive to lead global operations Updated: August 30, 2016 — 4:03 PM EDT Share Heather Somerville and Subrat Patnaik Reuters 
By Heather Somerville and Subrat Patnaik 
(Reuters) - Uber Technologies Inc [UBER.UL] has plucked a top executive from U.S. retailer Target to help lead the growing ride-services company and reshape its image. 
Uber said on Tuesday it hired Jeff Jones, chief marketing officer for Target Corp, to oversee the bulk of its global operations. Jones will be president of ride-sharing at Uber, running local Uber services in every city, as well as marketing efforts and customer support. 
The hire underscores efforts by Uber, which has become the dominant on-demand ride service, to bolster its reputation and brand. Since 2009, the company has aggressively expanded to more than 450 cities, at times steamrolling regulators and launching campaigns against local lawmakers. 
Jones joined Target in 2012 to rejuvenate its brand and is credited with modernizing the retailer&apos;s marketing efforts. He led campaigns including #MoreMusic, under which Target partnered with singer Gwen Stefani for a live video that aired during the Grammy Awards and released exclusive tracks from artists such as Adele, part of an effort to burnish Target&apos;s cool image. 
Prior to that, Jones led marketing for Gap Inc and worked for Coca-Cola and advertising firm McKinney. 
&quot;Jones has a strong track record of driving the narrative around Target&apos;s brand, and will now try to do the same for Uber,&quot; said Mike Mannor, associate professor at the University of Notre Dame&apos;s Mendoza College of Business. 
&quot;You can surely expect to see stakeholders responding positively to Uber CEO Travis Kalanick taking steps to upgrade his middling in-house talent with proven professional chops.&quot; 
Kalanick said in a blog post that he and Jones met in February and &quot;within minutes we were debating how Uber could improve its reputation.&quot; (http://ubr.to/2cclIj5) 
Kalanick said he wants to align Uber&apos;s marketing functions more closely with individual city operations and put more focus on customer service. 
Uber&apos;s global operations span dozens of countries and about 1.5 million drivers. 
Jones&apos; hiring marks a change for Ryan Graves, who has been at Uber since 2010 and ran the company&apos;s operations and global expansion. Graves will give up some of those responsibilities but continue to work on Uber&apos;s delivery businesses, including UberEats and UberRush, as well as other projects, Kalanick said. 
Jones&apos; exit is the latest in a string of executive departures from Target, which has made a series of management changes since last year. 
Among other moves, the big-box retailer appointed Chief Financial Officer John Mulligan to the newly created role of chief operating officer. It has also added new hires as it focuses on higher-margin categories such as baby and wellness products and revamps online sales. 
(Reporting by Heather Somerville in San Francisco and Subrat Patnaik in Bengaluru; Editing by Saumyadeb Chakrabarty and Tom Brown) More Coverage 
</post>
<signature>

</signature>
<external_links>

</external_links>
<country>US</country>
<main_image>http://media.philly.com/images/2016-08-30T180611Z_1_LYNXNPEC7T1FO_RTROPTP_3_UBER-BRITAIN-LONDON.JPG</main_image>
</document>
