<?xml version="1.0" encoding="UTF-8"?>
<document>
<type>mainstream</type>
<forum></forum>
<forum_title></forum_title>
<discussion_title>Target&apos;s chief marketing officer to leave, join Uber</discussion_title>
<language>english</language>
<gmt_offset></gmt_offset>
<topic_url>http://www.philly.com/philly/wires/ap/news/391765421.html</topic_url>
<topic_text>
Target&apos;s chief marketing officer to leave, join Uber Updated: August 30, 2016 — 12:37 PM EDT Share The Associated Press 
NEW YORK (AP) - Target&apos;s chief marketing officer is leaving the company and heading to Uber. 
The retailer announced in a regulatory filing Tuesday that Jeff Jones is leaving Sept. 9. Uber said Jones will be president of ridesharing and will be responsible for Uber&apos;s operations, marketing and customer support globally. 
Jones had joined Target as head of marketing in 2012. His exit follows the departures of other executives, including the head of merchandising, who have left the Minneapolis-based company. 
Target has been struggling of late in its reinvention. The company cut its profit forecast and a key sales outlook as it suffered its first decline in revenue at stores opened a least year in eight quarters. Published: 
</topic_text>
<spam_score>0.36</spam_score>
<post_num>1</post_num>
<post_id>post-1</post_id>
<post_url>http://www.philly.com/philly/wires/ap/news/391765421.html</post_url>
<post_date>20160830</post_date>
<post_time></post_time>
<username>Anne D&apos;Innocenzio</username>
<post>
Target&apos;s chief marketing officer to leave, join Uber Updated: August 30, 2016 — 12:37 PM EDT Share The Associated Press 
NEW YORK (AP) - Target&apos;s chief marketing officer is leaving the company and heading to Uber. 
The retailer announced in a regulatory filing Tuesday that Jeff Jones is leaving Sept. 9. Uber said Jones will be president of ridesharing and will be responsible for Uber&apos;s operations, marketing and customer support globally. 
Jones had joined Target as head of marketing in 2012. His exit follows the departures of other executives, including the head of merchandising, who have left the Minneapolis-based company. 
Target has been struggling of late in its reinvention. The company cut its profit forecast and a key sales outlook as it suffered its first decline in revenue at stores opened a least year in eight quarters. Published: 
</post>
<signature>

</signature>
<external_links>

</external_links>
<country>US</country>
<main_image>http://media.philly.com/designimages/pcom-FB.jpg</main_image>
</document>
