<?xml version="1.0" encoding="UTF-8"?>
<document>
<type>mainstream</type>
<forum></forum>
<forum_title></forum_title>
<discussion_title>Pennsylvania&apos;s convicted ex-top prosecutor swiftly replaced</discussion_title>
<language>english</language>
<gmt_offset></gmt_offset>
<topic_url>http://www.philly.com/philly/news/20160830_ap_2977433f941d4fe69f6c90d72a7e08d6.html</topic_url>
<topic_text>
Pennsylvania&apos;s convicted ex-top prosecutor swiftly replaced Updated: August 30, 2016 — 5:25 PM EDT Share MARC LEVY The Associated Press 
ned and voted with little fanfare in an effort to close an ugly chapter for the state&apos;s top law enforcement office. The vote was held almost as soon as Senate rules allowed. Within minutes, the state&apos;s chief justice swore in Beemer privately in Wolf&apos;s offices, with Wolf in attendance. 
Beemer told senators in a brief confirmation hearing that he hopes to restore a sense of honor and integrity to the office. Work must be done to restore the office&apos;s credibility with the public and other law enforcement agencies, as well as improving internal morale, Beemer said. 
&quot;It&apos;s going to be a challenge, but I look forward to do doing that each and every day,&quot; Beemer told reporters. &quot;It&apos;s going to be sort of like putting building blocks one on top of each other. Every day we&apos;re going to try to make things a little bit better.&quot; 
Beemer said it had been difficult for a lot of employees there, including him, to stomach a drumbeat of negative TV or newspaper stories about Kane or internal personnel issues. 
In a statement, Wolf said Beemer has the experience and skillset to begin healing the attorney general&apos;s office, and he is trusted by its rank-and-file employees and understands &quot;better than anyone what must be fixed to restore the public trust.&quot; 
One hot-button issue awaiting Beemer is a report commissioned by Kane on a trove of pornographic or offensive emails culled from the agency&apos;s servers. 
It is perhaps the final act in a scandal that has roiled Pennsylvania&apos;s law enforcement and legal communities for two years and felled several top state officials, including two state Supreme Court justices. Kane had released some hundreds of emails her office discovered, but apparently not all. 
Beemer would not say whether he would release the report publicly, saying he had not seen it and that people named in it must be afforded due process. 
But state Sen. Judy Schwank, D-Berks, took to the Senate floor to urge Beemer to deal directly with the &quot;misogynistic, homophobic, bigoted and pornographic emails&quot; and ensure that such a culture cannot exist again in the office. 
&quot;This issue is a festering wound that must be cleaned before our justice system can heal,&quot; Schwank said. 
Asked about her comments, Beemer said he would try to address any remaining issues, but he had not seen a recent systemic issue and that there had been a lot of changes. 
Kane was convicted of abusing the powers of the state&apos;s top law enforcement office by leaking secret grand jury information to smear a rival and lying under oath to cover it up. She resigned Aug. 17, two days after her conviction, and faces prison time. 
Beemer, the former top deputy to Kane, was promoted into the post by Kane, but he later clashed publicly with her and provided testimony that helped prosecutors to convict her. 
Beemer left his post as Kane&apos;s top deputy last month to become Wolf&apos;s inspector general, an office that investigates complaints about fraud, waste and misconduct in state agencies. 
He is expected to fill the remaining five months of Kane&apos;s term until one of the candidates running to succeed Kane is picked by voters in the November election is sworn in Jan. 17. Beemer plans to return to the post of inspector general. 
Beemer, 47, took on some of the office&apos;s major legal decisions and openly confronted Kane over the agency&apos;s operations after the state Supreme Court suspended her law license last fall. 
He also gave unflattering testimony about Kane at her trial earlier this month, including the contention that Kane told him it was &quot;no big deal&quot; when he told her a 2014 article in the Philadelphia Daily News contained information he deemed to be protected by investigation secrecy laws. 
The information in the article was leaked by Kane, prosecutors said. More Coverage 
</topic_text>
<spam_score>0.98</spam_score>
<post_num>1</post_num>
<post_id>post-1</post_id>
<post_url>http://www.philly.com/philly/news/20160830_ap_2977433f941d4fe69f6c90d72a7e08d6.html</post_url>
<post_date>20160830</post_date>
<post_time></post_time>
<username>Marc Levy</username>
<post>
Pennsylvania&apos;s convicted ex-top prosecutor swiftly replaced Updated: August 30, 2016 — 5:25 PM EDT Share MARC LEVY The Associated Press 
ned and voted with little fanfare in an effort to close an ugly chapter for the state&apos;s top law enforcement office. The vote was held almost as soon as Senate rules allowed. Within minutes, the state&apos;s chief justice swore in Beemer privately in Wolf&apos;s offices, with Wolf in attendance. 
Beemer told senators in a brief confirmation hearing that he hopes to restore a sense of honor and integrity to the office. Work must be done to restore the office&apos;s credibility with the public and other law enforcement agencies, as well as improving internal morale, Beemer said. 
&quot;It&apos;s going to be a challenge, but I look forward to do doing that each and every day,&quot; Beemer told reporters. &quot;It&apos;s going to be sort of like putting building blocks one on top of each other. Every day we&apos;re going to try to make things a little bit better.&quot; 
Beemer said it had been difficult for a lot of employees there, including him, to stomach a drumbeat of negative TV or newspaper stories about Kane or internal personnel issues. 
In a statement, Wolf said Beemer has the experience and skillset to begin healing the attorney general&apos;s office, and he is trusted by its rank-and-file employees and understands &quot;better than anyone what must be fixed to restore the public trust.&quot; 
One hot-button issue awaiting Beemer is a report commissioned by Kane on a trove of pornographic or offensive emails culled from the agency&apos;s servers. 
It is perhaps the final act in a scandal that has roiled Pennsylvania&apos;s law enforcement and legal communities for two years and felled several top state officials, including two state Supreme Court justices. Kane had released some hundreds of emails her office discovered, but apparently not all. 
Beemer would not say whether he would release the report publicly, saying he had not seen it and that people named in it must be afforded due process. 
But state Sen. Judy Schwank, D-Berks, took to the Senate floor to urge Beemer to deal directly with the &quot;misogynistic, homophobic, bigoted and pornographic emails&quot; and ensure that such a culture cannot exist again in the office. 
&quot;This issue is a festering wound that must be cleaned before our justice system can heal,&quot; Schwank said. 
Asked about her comments, Beemer said he would try to address any remaining issues, but he had not seen a recent systemic issue and that there had been a lot of changes. 
Kane was convicted of abusing the powers of the state&apos;s top law enforcement office by leaking secret grand jury information to smear a rival and lying under oath to cover it up. She resigned Aug. 17, two days after her conviction, and faces prison time. 
Beemer, the former top deputy to Kane, was promoted into the post by Kane, but he later clashed publicly with her and provided testimony that helped prosecutors to convict her. 
Beemer left his post as Kane&apos;s top deputy last month to become Wolf&apos;s inspector general, an office that investigates complaints about fraud, waste and misconduct in state agencies. 
He is expected to fill the remaining five months of Kane&apos;s term until one of the candidates running to succeed Kane is picked by voters in the November election is sworn in Jan. 17. Beemer plans to return to the post of inspector general. 
Beemer, 47, took on some of the office&apos;s major legal decisions and openly confronted Kane over the agency&apos;s operations after the state Supreme Court suspended her law license last fall. 
He also gave unflattering testimony about Kane at her trial earlier this month, including the contention that Kane told him it was &quot;no big deal&quot; when he told her a 2014 article in the Philadelphia Daily News contained information he deemed to be protected by investigation secrecy laws. 
The information in the article was leaked by Kane, prosecutors said. More Coverage 
</post>
<signature>

</signature>
<external_links>

</external_links>
<country>US</country>
<main_image>http://media.philly.com/images/Kathleen+Kane+Beemer.jpg</main_image>
</document>
