<?xml version="1.0" encoding="UTF-8"?>
<document>
<type>mainstream</type>
<forum>http://www.arabianbusiness.com/?service=rss</forum>
<forum_title>Arabian Business - Home</forum_title>
<discussion_title>Bahrain opposition party appeal dissolution order</discussion_title>
<language>english</language>
<gmt_offset></gmt_offset>
<topic_url>http://www.arabianbusiness.com/bahrain-opposition-party-appeal-dissolution-order-644015.html</topic_url>
<topic_text>
Bahrain opposition party appeal dissolution order Article By Tuesday, 30 August 2016 8:15 PM 
Bahrain&apos;s main opposition al-Wefaq has appealed against an administrative court ruling last month that dissolved the group and found it guilty of fostering terrorism, a leading Wefaq official said on Tuesday. 
The court decision to dissolve al-Wefaq was part of a wider government crackdown on an opposition mainly comprised of Shi&apos;ite Muslims demanding reforms and a bigger say in running the Western-allied Gulf Arab state. 
Ali Alaswad, a former member of the Bahraini parliament for al-Wefaq who lives in Europe, said the group officially submitted an appeal &quot;to challenge the verdict of the high civil court issued...dissolving the society and liquidating its funds&quot;. The court set a first hearing for Sept. 20. 
Government officials could not immediately be reached for comment. 
Bahrain, which hosts the US Fifth Fleet, has a Shi&apos;ite majority but a Sunni Muslim-led government, mainly drawn from the ruling al-Khalifa family. Seen by other Sunni-ruled Gulf kingdoms like Saudi Arabia as a bulwark against Iranian influence, it put down Arab Spring protests in 2011. 
It drew US and UN criticism in June when it moved to strip a top Shi&apos;ite cleric&apos;s citizenship and announced it was suspending Wefaq and closing its offices. 
Bahrain&apos;s Shi&apos;ites complain of state discrimination, a charge the government denies.
</topic_text>
<spam_score>0.00</spam_score>
<post_num>1</post_num>
<post_id>post-1</post_id>
<post_url>http://www.arabianbusiness.com/bahrain-opposition-party-appeal-dissolution-order-644015.html</post_url>
<post_date>20160830</post_date>
<post_time>1615</post_time>
<username></username>
<post>
Bahrain opposition party appeal dissolution order Article By Tuesday, 30 August 2016 8:15 PM 
Bahrain&apos;s main opposition al-Wefaq has appealed against an administrative court ruling last month that dissolved the group and found it guilty of fostering terrorism, a leading Wefaq official said on Tuesday. 
The court decision to dissolve al-Wefaq was part of a wider government crackdown on an opposition mainly comprised of Shi&apos;ite Muslims demanding reforms and a bigger say in running the Western-allied Gulf Arab state. 
Ali Alaswad, a former member of the Bahraini parliament for al-Wefaq who lives in Europe, said the group officially submitted an appeal &quot;to challenge the verdict of the high civil court issued...dissolving the society and liquidating its funds&quot;. The court set a first hearing for Sept. 20. 
Government officials could not immediately be reached for comment. 
Bahrain, which hosts the US Fifth Fleet, has a Shi&apos;ite majority but a Sunni Muslim-led government, mainly drawn from the ruling al-Khalifa family. Seen by other Sunni-ruled Gulf kingdoms like Saudi Arabia as a bulwark against Iranian influence, it put down Arab Spring protests in 2011. 
It drew US and UN criticism in June when it moved to strip a top Shi&apos;ite cleric&apos;s citizenship and announced it was suspending Wefaq and closing its offices. 
Bahrain&apos;s Shi&apos;ites complain of state discrimination, a charge the government denies.
</post>
<signature>

</signature>
<external_links>

</external_links>
<country>US</country>
<main_image>http://www.arabianbusiness.com/incoming/article393883.ece/BINARY/Wefaq-Party.jpg</main_image>
</document>
