<?xml version="1.0" encoding="UTF-8"?>
<document>
<type>mainstream</type>
<forum></forum>
<forum_title></forum_title>
<discussion_title>Five Chicago officers face firing over slaying of black teen</discussion_title>
<language>english</language>
<gmt_offset></gmt_offset>
<topic_url>http://www.philly.com/philly/wires/reuters/news/nation/391810491.html</topic_url>
<topic_text>
Five Chicago officers face firing over slaying of black teen Updated: August 30, 2016 — 7:08 PM EDT Share Mail icon 
CHICAGO (Reuters) - The chief of Chicago&apos;s police department recommended on Tuesday that five officers be fired over their role in the 2014 shooting death of an black teenager, an incident that heaped national scrutiny on the nation&apos;s second largest police force. 
Superintendent Eddie Johnson recommended to the Chicago Police Board that officer Jason Van Dyke, who shot Laquan McDonald 16 times, be fired, along with another four officers. 
The shooting made headlines across the country and sparked protests after the release of a dashboard video more than a year after the incident. The video shows the officer continued to fire after McDonald, 17, had fallen to the ground. 
It also comes amid a string of high-profile killings of black men by police in various U.S. cities in the past two years which have renewed a national debate about racial discrimination in the American criminal justice system and given rise to the Black Lives Matter movement. 
Johnson&apos;s recommendation marks the start of formal proceedings in the officers&apos; firing. The Police Board, whose nine members are appointed by Mayor Rahm Emanuel, must consider it and then make the decision on firing the officers. 
Van Dyke is facing charges of first-degree murder and is on unpaid leave. He has pleaded not guilty. 
Sergeant Stephen Franko, and officers Janet Mondragon, Daphne Sebastian and Ricardo Viramontes, are named along with Van Dyke. According to charges released on Tuesday, all allegedly made false or inaccurate statements about the circumstances surrounding McDonald&apos;s death. 
&quot;The Superintendent has recommended that each of the five officers be discharged from the Chicago Police Department,&quot; a statement from the Police Board said. &quot;The public is reminded that the filing of charges is not evidence of guilt.&quot; 
An initial status hearing for the cases is scheduled for Sept. 19. 
The police reports on the October 2014 shooting conflicted with video footage of the incident, sparking accusations that Van Dyke&apos;s fellow officers were trying to cover up an unjustified shooting. 
Emanuel fired police Superintendent Garry McCarthy in the wake of the video release, and thousands of protesters took to the streets of Chicago over McDonald&apos;s death and the subsequent handling of the case. 
Initially Johnson recommended that 10 officers be terminated, a number that dropped to seven because some officers retired, among other reasons, the Chicago Tribune reported. It was unclear why that number dropped to five officers. 
On Tuesday, Emanuel unveiled a proposed Police Accountability Ordinance to overhaul current oversight in a move to ensure &quot;investigations of officers are independent, fair, timely and transparent.&quot; Chicago City Council will vote on it on Sept. 29. 
(Reporting by Timothy Mclaughlin in Chicago; Editing by Cynthia Osterman and Alan Crosby) More Coverage 
</topic_text>
<spam_score>0.97</spam_score>
<post_num>1</post_num>
<post_id>post-1</post_id>
<post_url>http://www.philly.com/philly/wires/reuters/news/nation/391810491.html</post_url>
<post_date>20160830</post_date>
<post_time></post_time>
<username>Timothy Mclaughlin</username>
<post>
Five Chicago officers face firing over slaying of black teen Updated: August 30, 2016 — 7:08 PM EDT Share Mail icon 
CHICAGO (Reuters) - The chief of Chicago&apos;s police department recommended on Tuesday that five officers be fired over their role in the 2014 shooting death of an black teenager, an incident that heaped national scrutiny on the nation&apos;s second largest police force. 
Superintendent Eddie Johnson recommended to the Chicago Police Board that officer Jason Van Dyke, who shot Laquan McDonald 16 times, be fired, along with another four officers. 
The shooting made headlines across the country and sparked protests after the release of a dashboard video more than a year after the incident. The video shows the officer continued to fire after McDonald, 17, had fallen to the ground. 
It also comes amid a string of high-profile killings of black men by police in various U.S. cities in the past two years which have renewed a national debate about racial discrimination in the American criminal justice system and given rise to the Black Lives Matter movement. 
Johnson&apos;s recommendation marks the start of formal proceedings in the officers&apos; firing. The Police Board, whose nine members are appointed by Mayor Rahm Emanuel, must consider it and then make the decision on firing the officers. 
Van Dyke is facing charges of first-degree murder and is on unpaid leave. He has pleaded not guilty. 
Sergeant Stephen Franko, and officers Janet Mondragon, Daphne Sebastian and Ricardo Viramontes, are named along with Van Dyke. According to charges released on Tuesday, all allegedly made false or inaccurate statements about the circumstances surrounding McDonald&apos;s death. 
&quot;The Superintendent has recommended that each of the five officers be discharged from the Chicago Police Department,&quot; a statement from the Police Board said. &quot;The public is reminded that the filing of charges is not evidence of guilt.&quot; 
An initial status hearing for the cases is scheduled for Sept. 19. 
The police reports on the October 2014 shooting conflicted with video footage of the incident, sparking accusations that Van Dyke&apos;s fellow officers were trying to cover up an unjustified shooting. 
Emanuel fired police Superintendent Garry McCarthy in the wake of the video release, and thousands of protesters took to the streets of Chicago over McDonald&apos;s death and the subsequent handling of the case. 
Initially Johnson recommended that 10 officers be terminated, a number that dropped to seven because some officers retired, among other reasons, the Chicago Tribune reported. It was unclear why that number dropped to five officers. 
On Tuesday, Emanuel unveiled a proposed Police Accountability Ordinance to overhaul current oversight in a move to ensure &quot;investigations of officers are independent, fair, timely and transparent.&quot; Chicago City Council will vote on it on Sept. 29. 
(Reporting by Timothy Mclaughlin in Chicago; Editing by Cynthia Osterman and Alan Crosby) More Coverage 
</post>
<signature>

</signature>
<external_links>

</external_links>
<country>US</country>
<main_image>http://media.philly.com/images/2016-08-30T224404Z_1_LYNXNPEC7T1LY_RTROPTP_3_USA-RACE-CHICAGO.JPG</main_image>
</document>
