<?xml version="1.0" encoding="UTF-8"?>
<document>
<type>mainstream</type>
<forum></forum>
<forum_title></forum_title>
<discussion_title>British PM May gathers ministers to hear views on Brexit</discussion_title>
<language>english</language>
<gmt_offset></gmt_offset>
<topic_url>http://www.philly.com/philly/wires/reuters/news/world/391810531.html</topic_url>
<topic_text>
British PM May gathers ministers to hear views on Brexit Updated: August 30, 2016 — 7:15 PM EDT Share Reuters 
The Telegraph newspaper reported that the two sides have disagreed over Hammond&apos;s view that access to the single market could be maintained &quot;on a se 
</topic_text>
<spam_score>0.14</spam_score>
<post_num>1</post_num>
<post_id>post-1</post_id>
<post_url>http://www.philly.com/philly/wires/reuters/news/world/391810531.html</post_url>
<post_date>20160830</post_date>
<post_time></post_time>
<username>Elizabeth Piper</username>
<post>
British PM May gathers ministers to hear views on Brexit Updated: August 30, 2016 — 7:15 PM EDT Share Reuters 
The Telegraph newspaper reported that the two sides have disagreed over Hammond&apos;s view that access to the single market could be maintained &quot;on a se 
</post>
<signature>

</signature>
<external_links>

</external_links>
<country>US</country>
<main_image>http://media.philly.com/images/2016-08-30T231504Z_1_LYNXNPEC7T1MU_RTROPTP_3_BRITAIN-COMPANIES-GOVERNANCE.JPG</main_image>
</document>
