<?xml version="1.0" encoding="UTF-8"?>
<document>
<type>mainstream</type>
<forum>http://ria.ru/disabled/</forum>
<forum_title>Жизнь без преград | РИА Новости</forum_title>
<discussion_title>&quot;Ленивая&quot; благотворительность: как помочь легко и быстро</discussion_title>
<language>russian</language>
<gmt_offset></gmt_offset>
<topic_url>http://ria.ru/disabled_know/20160830/1475619481.html</topic_url>
<topic_text>
Помощь через Интернет и мобильные сервисы В рамках первой Национальной благотворительной программы &quot;Миллиард мелочью&quot; действует &quot;Электронный благотворительный ящик&quot; — помощь онкобольным детям и детям, страдающим другими тяжелыми заболеваниями. Площадка облегчает процесс пожертвования и позволяет отслеживать использование средств. Каждый желающий может разместить благотворительный ящик на странице блога, корпоративном или частном сайте. В рамках программы &quot;Миллиард мелочью&quot; Союз благотворительных организаций России вместе с оператором сотовой связи &quot;Мегафон&quot; с 2006 года проводит благотворительную SMS-акцию по сбору средств.
© Логотип фонда «Подари жизнь» Фонд &quot;Подари жизнь&quot; открыл сбор пожертвований для детей через sms Способ помощи нуждающимся людям пожертвованиями через SMS набирает все большую популярность. Для того, чтобы перечислить пожертвование, нужно только отправить сообщение на короткий номер, после чего у абонента списывается сумма с лицевого счета в пользу благотворительной организации. Так, например, в 2013 году Фонд &quot;Подари жизнь&quot; презентовал сервис мобильных пожертвований — короткий номер 6162 . Номер открыли вместе с &quot;Билайн&quot;; для абонентов МТС, &quot;Мегафон&quot; и ТЕLЕ2 он тоже доступен. Уникальность номера в том, что абоненты &quot;Билайн&quot; могут подписаться на ежемесячные пожертвования. Это первый подобный опыт для России .
Фонд &quot;КАФ&quot; запустил сайт международной инициативы #ЩедрыйВторник &gt;&gt;
Второй способ мобильной благотворительности — с инициацией через Интернет. На сайте фонда должен быть реализован сервис оплаты. Абонент вводит в специальное окно свой номер телефона и сумму платежа. Далее подтверждает свой платеж, следуя инструкции, ответом на поступившее SMS-сообщение. Можно подключить и использовать оба способа, они работают независимо друг от друга. Собранные денежные средства перечисляются в фонд за вычетом комиссии, предусмотренной договором.
Благотворительные приложения для социальных сетей Facebook и ВКонтакте выпущены компанией Яндекс в 2011 и 2012 годах соответственно. С помощью приложения пользователи соцсети смогут &quot;попросить&quot; у своих друзей деньги для любых целей: как для личных нужд, так и на благотворительные акции. Перечислить деньги может любой, у кого есть электронный кошелек в &quot;Яндекс.Деньгах&quot;. Вывести средства, собранные с помощью приложения, можно на банковскую карту или получить наличными.
© Предоставлено Добро Mail.Ru Регулярный благотворительный автоплатеж стал доступен на Добро Mail.Ru Добро Mail.Ru – это удобный сервис для добрых дел. Он помогает неравнодушным людям участвовать в благотворительных проектах почти во всех городах России. Впервые практически все способы сделать доброе дело собраны в одном месте. Благотворительные фонды, с которыми Добро Mail.Ru сотрудничает, – это эксперты: они могут не только помочь найти необходимые средства и ресурсы, но и дать совет, как поступить в трудной жизненной ситуации. На Добре Mail.Ru можно сразу указать, какие проекты вам подходят. В частности, можно выбрать способ помощи – деньгами или делом.
Сервис бесплатный — как для благотворительных организаций, так и для пользователей. Однако платежные системы могут удерживать комиссию : при выборе способа пожертвования необходимо обращать внимание на этот момент и на размер комиссии.
© Фото: благотворительная программа &quot;Всем&quot; Благотворительные фонды запустили в России уникальную программу &quot;ВСЕМ&quot; Всероссийская программа частных пожертвований &quot;ВСЕМ&quot; стартовала 1 июля 2015 года. В ее основе — механизм платежной системы QIWI, который позволяет безопасно и эффективно осуществлять адресную помощь одновременно всем нуждающимся социальным группам: детям и взрослым с тяжелыми заболеваниями, сиротам, пожилым, людям с инвалидностью и особенностями развития и другим. Ежемесячный охват — более 70 миллионов пользователей платежной системы. В программе &quot;ВСЕМ&quot; участвуют фонды с прозрачной отчетностью, подтвержденным опытом и устойчивой репутацией, среди которых Русфонд, WWF, &quot;Старость в радость&quot;, &quot;Детские деревни — SOS&quot;, Фонд Владимира Спивакова, &quot;Даунсайд Ап&quot;, Фонд помощи хосписам &quot;Вера&quot;, Православная служба помощи &quot;Милосердие&quot;.
Орлова: в России не любят открыто говорить о благотворительности &gt;&gt;
Помимо механизма платежной системы QIWI, на многих сайтах благотворительных фондов можно найти информацию о возможности дистанционной помощи через электронные платежные системы WebMoney, Yandex и др.
Благотворительные интернет-магазины Принцип работы благотворительных интернет-магазинов прост: клиент покупает вещи (одежду, аксессуары, подарки, сувениры и др.), а средства, вырученные от их продажи, направляются на поддержку нуждающихся детей и взрослых. Часто благополучателями являются сами авторы работ.
© Фото: из личного архива Дарьи Иванченко Благотворительные магазины и социальная жизнь вещей Интернет-магазин &quot;Особенные дети &quot; — первый в России благотворительный интернет-магазин, цель деятельности которого – безвозмездное обеспечение тяжелобольных детей специализированным оборудованием и инвентарем. В магазине можно заказать специальную мебель для особенного ребенка и получить ее совершенно бесплатно. Изготовление, доставка и прочие расходы, связанные с выполнением заказа, оплачиваются за счет частных и корпоративных благотворительных пожертвований.
Благотворительный проект &quot;Наивно? Очень!&quot; — благотворительный интернет-магазин подарков, созданных особыми людьми. Все вещи можно заказать через Интернет. Начав свой путь только с сайта в интернет-пространстве, проект вырос до открытия в 2014 году собственных производственных творческих мастерских, 5 июня 2015 года на территории центра дизайна Artplay открылся первый магазин, в котором продаются работы особых художников. Инициатор проекта — актриса Нелли Уварова.
© Фото: предоставлено Благотворительным фондом «Подари жизнь» &quot;БлагоБутик&quot; переехал в центр Москвы и открыл интернет-магазин В интернет-магазине &quot;Легко-Легко&quot; продаются подарки и сувениры, созданные на основе рисунков тяжелобольных детей – подопечных петербургского фонда AdVita. Прибыль поступает в фонд на лечение и покупку лекарств. Это новая легкая благотворительность: достаточно купить понравившуюся тебе вещь, и ты уже помог. Успех проекта &quot;Помогать Легко&quot; позволит фонду AdVita – в дополнение к традиционным способам сбора пожертвований – помочь не менее 30-100 нуждающимся в дорогостоящем лечении людям ежегодно.
Краудфандинговые платформы © Fotolia/ Vege Краудфандинговые платформы в России и мире По сути, краудфандинг – это сбор частных пожертвований разного объема. Он осуществляется при помощи специальных сайтов — краудфандинговых платформ . Planeta.ru – крупнейшая краудфандинговая платформа в России по количеству успешных проектов и по общей сумме сборов. &quot;Планета&quot; сотрудничает в категории &quot;Благотворительность&quot; с &quot;Мегафоном&quot; в рамках программы &quot;Мегафон помогает&quot; и с Lipton в категории &quot;Социальное предпринимательство&quot; (GOODSTARTER). На &quot;Планете&quot; с благотворительных проектов не взимают комиссию за услуги платформы.
В 2014 году &quot;Яндекс.Деньги&quot; объявил о запуске платформы &quot;Вместе: для добрых дел&quot;, которая призвана упростить сбор денежных средств через Интернет на различные проекты или благотворительные нужды.
Сервис Funding от WebMoney Transfer реализует сразу четыре направления по сбору средств. Кроме классического краудфандинга, в котором пользователи жертвуют деньги на интересный проект, в сервисе присутствует функция сбора средств на благотворительные проекты .
Благотворительные банковские карты (аффинити-карты, карты сопричастности) Аффинити-карта дает возможность ее держателю перечислять небольшой (минимальный) процент от потраченной суммы по карте в адрес конкретной социальной программы. При этом с карты списывается только заплаченная за покупку сумма. Взнос в пользу благотворительной организации или фонда делает сам банк-эмитент. По своим потребительским свойствам такие карточки ничем не отличаются от других карточных продуктов.
Чаще партнерами банков выступают детские благотворительные организации и фонды защиты природы и животных. Например, благотворительные карты предлагает своим клиентам Сбербанк. Он выпускает их совместно с фондом &quot;Подари жизнь&quot;. Кредитная организация перечисляет 0,3% от суммы покупки по карте на лечение детей с онкологическими, гематологическими и другими тяжелыми заболеваниями.
Альфа-Банк выпускает карту совместно с Всемирным фондом дикой природы (WWF), куда перечисляет 0,36% от суммы покупки по карточке. Средства идут на восстановление заповедников, защиту амурских тигров и других исчезающих видов животных.
Волонтерский фандрайзинг © РИА Новости. Алексей Филиппов Перейти в фотобанк Стычкин и Толстоганова поучаствуют в акции &quot;Дети вместо цветов&quot; 1 сентября В России эта форма сбора пожертвований только начинает оформляться и приобретать цивилизованные формы, тогда как в западных странах это направление развивается уже более 10 лет. Волонтерский фандрайзинг — это мероприятия по сбору пожертвований, которые проводят не связанные с фондами энтузиасты. У многих людей есть потребность самим организовывать помощь, не просто перечислить деньги в благотворительный фонд, а привлечь к сбору средств своих друзей, знакомых, одноклассников или коллег по работе. Например, в российские фонды часто обращаются школы, ученики которых устраивают благотворительные концерты и ярмарки, чтобы собрать деньги для больных детей или сирот. Формат мероприятий может быть самым разным. Так, фонд &quot;Подари жизнь&quot; проводит акцию &quot;Безумное чаепитие&quot; . Условие участия только одно – любой благотворительный взнос в пользу фонда. В 2015 году друзья фонда провели более трехсот чаепитий в 60 городах России и мира и собрали на лечение подопечных более четырех миллионов рублей. В настоящее время сумма собранных средств превышает семь миллионов рублей.
В многочисленных спортивных мероприятиях, таких как велопробеги, забеги и так далее, могут участвовать так называемые &quot;ленивые&quot; благотворители — те, кто не готов &quot;встать с дивана&quot;, но хочет помочь. Таким участникам предоставляется онлайн-возможность благотворительного взноса, как это сделано в рамках благотворительного забега Дедов Морозов HAPPY RUN.
Собирать деньги на благотворительность можно и совершенно необычными способами. Так, в офисе одной строительной компании целый месяц проводили акцию &quot; Ругайтесь на здоровье!&quot; . В течение 30 дней за каждое крепкое выражение сотрудники фирмы должны были положить небольшое пожертвование в кэш-бокс. Цена бранных слов варьировалась от 10 до 50 рублей. Эксперимент удался: к концу месяца инженеры и проектировщики очистили речь от ненормативной лексики, а фонд получил 15 350 рублей на лекарства для своих подопечных.
Материал подготовлен на основе информации РИА Новости и открытых источников
</topic_text>
<spam_score>0.00</spam_score>
<post_num>1</post_num>
<post_id>post-1</post_id>
<post_url>http://ria.ru/disabled_know/20160830/1475619481.html</post_url>
<post_date>20160830</post_date>
<post_time>1425</post_time>
<username>ria.ru</username>
<post>
Помощь через Интернет и мобильные сервисы В рамках первой Национальной благотворительной программы &quot;Миллиард мелочью&quot; действует &quot;Электронный благотворительный ящик&quot; — помощь онкобольным детям и детям, страдающим другими тяжелыми заболеваниями. Площадка облегчает процесс пожертвования и позволяет отслеживать использование средств. Каждый желающий может разместить благотворительный ящик на странице блога, корпоративном или частном сайте. В рамках программы &quot;Миллиард мелочью&quot; Союз благотворительных организаций России вместе с оператором сотовой связи &quot;Мегафон&quot; с 2006 года проводит благотворительную SMS-акцию по сбору средств.
© Логотип фонда «Подари жизнь» Фонд &quot;Подари жизнь&quot; открыл сбор пожертвований для детей через sms Способ помощи нуждающимся людям пожертвованиями через SMS набирает все большую популярность. Для того, чтобы перечислить пожертвование, нужно только отправить сообщение на короткий номер, после чего у абонента списывается сумма с лицевого счета в пользу благотворительной организации. Так, например, в 2013 году Фонд &quot;Подари жизнь&quot; презентовал сервис мобильных пожертвований — короткий номер 6162 . Номер открыли вместе с &quot;Билайн&quot;; для абонентов МТС, &quot;Мегафон&quot; и ТЕLЕ2 он тоже доступен. Уникальность номера в том, что абоненты &quot;Билайн&quot; могут подписаться на ежемесячные пожертвования. Это первый подобный опыт для России .
Фонд &quot;КАФ&quot; запустил сайт международной инициативы #ЩедрыйВторник &gt;&gt;
Второй способ мобильной благотворительности — с инициацией через Интернет. На сайте фонда должен быть реализован сервис оплаты. Абонент вводит в специальное окно свой номер телефона и сумму платежа. Далее подтверждает свой платеж, следуя инструкции, ответом на поступившее SMS-сообщение. Можно подключить и использовать оба способа, они работают независимо друг от друга. Собранные денежные средства перечисляются в фонд за вычетом комиссии, предусмотренной договором.
Благотворительные приложения для социальных сетей Facebook и ВКонтакте выпущены компанией Яндекс в 2011 и 2012 годах соответственно. С помощью приложения пользователи соцсети смогут &quot;попросить&quot; у своих друзей деньги для любых целей: как для личных нужд, так и на благотворительные акции. Перечислить деньги может любой, у кого есть электронный кошелек в &quot;Яндекс.Деньгах&quot;. Вывести средства, собранные с помощью приложения, можно на банковскую карту или получить наличными.
© Предоставлено Добро Mail.Ru Регулярный благотворительный автоплатеж стал доступен на Добро Mail.Ru Добро Mail.Ru – это удобный сервис для добрых дел. Он помогает неравнодушным людям участвовать в благотворительных проектах почти во всех городах России. Впервые практически все способы сделать доброе дело собраны в одном месте. Благотворительные фонды, с которыми Добро Mail.Ru сотрудничает, – это эксперты: они могут не только помочь найти необходимые средства и ресурсы, но и дать совет, как поступить в трудной жизненной ситуации. На Добре Mail.Ru можно сразу указать, какие проекты вам подходят. В частности, можно выбрать способ помощи – деньгами или делом.
Сервис бесплатный — как для благотворительных организаций, так и для пользователей. Однако платежные системы могут удерживать комиссию : при выборе способа пожертвования необходимо обращать внимание на этот момент и на размер комиссии.
© Фото: благотворительная программа &quot;Всем&quot; Благотворительные фонды запустили в России уникальную программу &quot;ВСЕМ&quot; Всероссийская программа частных пожертвований &quot;ВСЕМ&quot; стартовала 1 июля 2015 года. В ее основе — механизм платежной системы QIWI, который позволяет безопасно и эффективно осуществлять адресную помощь одновременно всем нуждающимся социальным группам: детям и взрослым с тяжелыми заболеваниями, сиротам, пожилым, людям с инвалидностью и особенностями развития и другим. Ежемесячный охват — более 70 миллионов пользователей платежной системы. В программе &quot;ВСЕМ&quot; участвуют фонды с прозрачной отчетностью, подтвержденным опытом и устойчивой репутацией, среди которых Русфонд, WWF, &quot;Старость в радость&quot;, &quot;Детские деревни — SOS&quot;, Фонд Владимира Спивакова, &quot;Даунсайд Ап&quot;, Фонд помощи хосписам &quot;Вера&quot;, Православная служба помощи &quot;Милосердие&quot;.
Орлова: в России не любят открыто говорить о благотворительности &gt;&gt;
Помимо механизма платежной системы QIWI, на многих сайтах благотворительных фондов можно найти информацию о возможности дистанционной помощи через электронные платежные системы WebMoney, Yandex и др.
Благотворительные интернет-магазины Принцип работы благотворительных интернет-магазинов прост: клиент покупает вещи (одежду, аксессуары, подарки, сувениры и др.), а средства, вырученные от их продажи, направляются на поддержку нуждающихся детей и взрослых. Часто благополучателями являются сами авторы работ.
© Фото: из личного архива Дарьи Иванченко Благотворительные магазины и социальная жизнь вещей Интернет-магазин &quot;Особенные дети &quot; — первый в России благотворительный интернет-магазин, цель деятельности которого – безвозмездное обеспечение тяжелобольных детей специализированным оборудованием и инвентарем. В магазине можно заказать специальную мебель для особенного ребенка и получить ее совершенно бесплатно. Изготовление, доставка и прочие расходы, связанные с выполнением заказа, оплачиваются за счет частных и корпоративных благотворительных пожертвований.
Благотворительный проект &quot;Наивно? Очень!&quot; — благотворительный интернет-магазин подарков, созданных особыми людьми. Все вещи можно заказать через Интернет. Начав свой путь только с сайта в интернет-пространстве, проект вырос до открытия в 2014 году собственных производственных творческих мастерских, 5 июня 2015 года на территории центра дизайна Artplay открылся первый магазин, в котором продаются работы особых художников. Инициатор проекта — актриса Нелли Уварова.
© Фото: предоставлено Благотворительным фондом «Подари жизнь» &quot;БлагоБутик&quot; переехал в центр Москвы и открыл интернет-магазин В интернет-магазине &quot;Легко-Легко&quot; продаются подарки и сувениры, созданные на основе рисунков тяжелобольных детей – подопечных петербургского фонда AdVita. Прибыль поступает в фонд на лечение и покупку лекарств. Это новая легкая благотворительность: достаточно купить понравившуюся тебе вещь, и ты уже помог. Успех проекта &quot;Помогать Легко&quot; позволит фонду AdVita – в дополнение к традиционным способам сбора пожертвований – помочь не менее 30-100 нуждающимся в дорогостоящем лечении людям ежегодно.
Краудфандинговые платформы © Fotolia/ Vege Краудфандинговые платформы в России и мире По сути, краудфандинг – это сбор частных пожертвований разного объема. Он осуществляется при помощи специальных сайтов — краудфандинговых платформ . Planeta.ru – крупнейшая краудфандинговая платформа в России по количеству успешных проектов и по общей сумме сборов. &quot;Планета&quot; сотрудничает в категории &quot;Благотворительность&quot; с &quot;Мегафоном&quot; в рамках программы &quot;Мегафон помогает&quot; и с Lipton в категории &quot;Социальное предпринимательство&quot; (GOODSTARTER). На &quot;Планете&quot; с благотворительных проектов не взимают комиссию за услуги платформы.
В 2014 году &quot;Яндекс.Деньги&quot; объявил о запуске платформы &quot;Вместе: для добрых дел&quot;, которая призвана упростить сбор денежных средств через Интернет на различные проекты или благотворительные нужды.
Сервис Funding от WebMoney Transfer реализует сразу четыре направления по сбору средств. Кроме классического краудфандинга, в котором пользователи жертвуют деньги на интересный проект, в сервисе присутствует функция сбора средств на благотворительные проекты .
Благотворительные банковские карты (аффинити-карты, карты сопричастности) Аффинити-карта дает возможность ее держателю перечислять небольшой (минимальный) процент от потраченной суммы по карте в адрес конкретной социальной программы. При этом с карты списывается только заплаченная за покупку сумма. Взнос в пользу благотворительной организации или фонда делает сам банк-эмитент. По своим потребительским свойствам такие карточки ничем не отличаются от других карточных продуктов.
Чаще партнерами банков выступают детские благотворительные организации и фонды защиты природы и животных. Например, благотворительные карты предлагает своим клиентам Сбербанк. Он выпускает их совместно с фондом &quot;Подари жизнь&quot;. Кредитная организация перечисляет 0,3% от суммы покупки по карте на лечение детей с онкологическими, гематологическими и другими тяжелыми заболеваниями.
Альфа-Банк выпускает карту совместно с Всемирным фондом дикой природы (WWF), куда перечисляет 0,36% от суммы покупки по карточке. Средства идут на восстановление заповедников, защиту амурских тигров и других исчезающих видов животных.
Волонтерский фандрайзинг © РИА Новости. Алексей Филиппов Перейти в фотобанк Стычкин и Толстоганова поучаствуют в акции &quot;Дети вместо цветов&quot; 1 сентября В России эта форма сбора пожертвований только начинает оформляться и приобретать цивилизованные формы, тогда как в западных странах это направление развивается уже более 10 лет. Волонтерский фандрайзинг — это мероприятия по сбору пожертвований, которые проводят не связанные с фондами энтузиасты. У многих людей есть потребность самим организовывать помощь, не просто перечислить деньги в благотворительный фонд, а привлечь к сбору средств своих друзей, знакомых, одноклассников или коллег по работе. Например, в российские фонды часто обращаются школы, ученики которых устраивают благотворительные концерты и ярмарки, чтобы собрать деньги для больных детей или сирот. Формат мероприятий может быть самым разным. Так, фонд &quot;Подари жизнь&quot; проводит акцию &quot;Безумное чаепитие&quot; . Условие участия только одно – любой благотворительный взнос в пользу фонда. В 2015 году друзья фонда провели более трехсот чаепитий в 60 городах России и мира и собрали на лечение подопечных более четырех миллионов рублей. В настоящее время сумма собранных средств превышает семь миллионов рублей.
В многочисленных спортивных мероприятиях, таких как велопробеги, забеги и так далее, могут участвовать так называемые &quot;ленивые&quot; благотворители — те, кто не готов &quot;встать с дивана&quot;, но хочет помочь. Таким участникам предоставляется онлайн-возможность благотворительного взноса, как это сделано в рамках благотворительного забега Дедов Морозов HAPPY RUN.
Собирать деньги на благотворительность можно и совершенно необычными способами. Так, в офисе одной строительной компании целый месяц проводили акцию &quot; Ругайтесь на здоровье!&quot; . В течение 30 дней за каждое крепкое выражение сотрудники фирмы должны были положить небольшое пожертвование в кэш-бокс. Цена бранных слов варьировалась от 10 до 50 рублей. Эксперимент удался: к концу месяца инженеры и проектировщики очистили речь от ненормативной лексики, а фонд получил 15 350 рублей на лекарства для своих подопечных.
Материал подготовлен на основе информации РИА Новости и открытых источников
</post>
<signature>

</signature>
<external_links>
<external_link>http://www.crowd-investments.ru/2015/06/blog-post_28.html</external_link><external_link>https://friends.podari-zhizn.ru/tea</external_link><external_link>http://www.blagobox.ru/</external_link><external_link>http://naivno.com/o_proekte.htm</external_link><external_link>https://www.miloserdie.ru/article/fandrajzing-metody-sbora-sredstv/</external_link><external_link>http://podari-zhizn.ru/main/donate/sms-6162</external_link><external_link>http://www.banki.ru/wikibank/affiniti-karta/</external_link><external_link>http://www.forbes.ru/forbeslife/blagotvoritelnost/273949-legkaya-blagotvoritelnost-kak-ustroit-chaepitie-i-pomoch-lyudyam</external_link><external_link>http://www.rian.ru/docs/about/copyright.html</external_link><external_link>https://www.miloserdie.ru/article/narod-vybral-narod-sobral-den-kraudfandinga-v-rossii/</external_link><external_link>http://visualrian.ru/images/item/2485978</external_link><external_link>http://www.sbornet.ru/sms_akcija</external_link><external_link>http://osobennyedeti.ru/</external_link><external_link>http://podari-zhizn.ru/main/node/21730</external_link><external_link>https://legko-legko.ru/about-project/</external_link><external_link>http://philanthropy.ru/analysis/2013/07/08/12192/#.V8Q8vUYwNzk</external_link><external_link>http://помочьвсем.рф/</external_link><external_link>https://dobro.mail.ru/faq/</external_link><external_link>http://www.fotolia.com/</external_link><external_link>https://goo.gl/IcP2xt</external_link>
</external_links>
<country>RU</country>
<main_image>https://cdn1.img.ria.ru/images/100875/65/1008756527.jpg</main_image>
</document>
