<?xml version="1.0" encoding="UTF-8"?>
<document>
<type>mainstream</type>
<forum></forum>
<forum_title></forum_title>
<discussion_title>CANADA STOCKS-TSX edges higher, led by banks and fertilizer stocks</discussion_title>
<language>english</language>
<gmt_offset></gmt_offset>
<topic_url>http://www.philly.com/philly/wires/reuters/business/report/391791391.html</topic_url>
<topic_text>
CANADA STOCKS-TSX edges higher, led by banks and fertilizer stocks Updated: August 30, 2016 — 5:08 PM EDT Share Close icon Reuters 
(New throughout, updates prices and market activity, adds portfolio manager comments, details on index performance and Ritchie Bros) 
* TSX ends up 2.88 points, or 0.02 percent, at 14,684.85 
* Five of the TSX&apos;s 10 main groups end higher 
By Fergal Smith 
TORONTO, Aug 30 (Reuters) - Canada&apos;s main stock index edged slightly higher on Tuesday as bank and fertilizer stocks rallied, but gains for the index were mostly pared as lower gold prices weighed on mining stocks. 
The Toronto Stock Exchange&apos;s S&amp;P/TSX composite index has rebounded 27 percent after hitting a three-year low in January. But the rally has stalled since earlier this month, when the index touched its highest in more than a year. 
In the absence of a fresh catalyst, stock markets, including the TSX, are going to &quot;trend sideways,&quot; said Jay Bala, senior portfolio manager at AIP Asset Management Inc., who favors investment strategies whose returns are not dependent on the direction of the overall market. 
Catalysts could include a U.S. interest rate hike which would add to market volatility in the short-term, but be better for stocks over the long-term, Bala added. 
The Toronto Stock Exchange&apos;s S&amp;P/TSX composite index closed up 2.88 points, or 0.02 percent, at 14,684.85. 
Five of the index&apos;s 10 main groups ended higher. 
Bank of Nova Scotia was among the biggest gainers, with the country&apos;s third-biggest lender up 1.6 percent at C$69.93 after reporting earnings above expectations even as it reins in domestic mortgage lending. 
The financials group was up 0.7 percent overall, as Scotia&apos;s earnings rounded out a robust earnings season for banks. 
The energy group firmed 0.2 percent, but some gains were pared as oil turned lower. U.S. crude oil futures settled 63 cents lower at $46.35 a barrel. 
Ritchie Bros. Auctioneers Inc soared more than 24 percent to C$46.74. The industrial auctioneer said on Monday it will buy IronPlanet, a privately held U.S. e-commerce site for used equipment, for about $758.5 million. 
Agrium Inc and Potash Corp of Saskatchewan Inc said they were in talks to merge, a deal to create a fertilizer and farm retailing giant worth more than $25 billion but which could also trigger U.S. regulatory scrutiny. 
Potash Corp surged 11.5 percent to C$23.30 and Agrium advanced 7.4 percent to C$125.09. 
Still, the materials group, which includes precious and base metals miners as well as fertilizer companies, fell nearly 2 percent. 
Gold fell to a six-week low after Federal Reserve officials sounded a hawkish note on interest rates, while attention turned to U.S. payrolls data this week for further clues on the pace of rate hikes. 
Barrick Gold Corp declined 4.8 percent to C$22.81, while Goldcorp Inc lost 4.7 percent to C$20.25. (Additional reporting by Alastair Sharp; editing by David Gregorio) More Coverage 
</topic_text>
<spam_score>0.04</spam_score>
<post_num>1</post_num>
<post_id>post-1</post_id>
<post_url>http://www.philly.com/philly/wires/reuters/business/report/391791391.html</post_url>
<post_date>20160830</post_date>
<post_time></post_time>
<username></username>
<post>
CANADA STOCKS-TSX edges higher, led by banks and fertilizer stocks Updated: August 30, 2016 — 5:08 PM EDT Share Close icon Reuters 
(New throughout, updates prices and market activity, adds portfolio manager comments, details on index performance and Ritchie Bros) 
* TSX ends up 2.88 points, or 0.02 percent, at 14,684.85 
* Five of the TSX&apos;s 10 main groups end higher 
By Fergal Smith 
TORONTO, Aug 30 (Reuters) - Canada&apos;s main stock index edged slightly higher on Tuesday as bank and fertilizer stocks rallied, but gains for the index were mostly pared as lower gold prices weighed on mining stocks. 
The Toronto Stock Exchange&apos;s S&amp;P/TSX composite index has rebounded 27 percent after hitting a three-year low in January. But the rally has stalled since earlier this month, when the index touched its highest in more than a year. 
In the absence of a fresh catalyst, stock markets, including the TSX, are going to &quot;trend sideways,&quot; said Jay Bala, senior portfolio manager at AIP Asset Management Inc., who favors investment strategies whose returns are not dependent on the direction of the overall market. 
Catalysts could include a U.S. interest rate hike which would add to market volatility in the short-term, but be better for stocks over the long-term, Bala added. 
The Toronto Stock Exchange&apos;s S&amp;P/TSX composite index closed up 2.88 points, or 0.02 percent, at 14,684.85. 
Five of the index&apos;s 10 main groups ended higher. 
Bank of Nova Scotia was among the biggest gainers, with the country&apos;s third-biggest lender up 1.6 percent at C$69.93 after reporting earnings above expectations even as it reins in domestic mortgage lending. 
The financials group was up 0.7 percent overall, as Scotia&apos;s earnings rounded out a robust earnings season for banks. 
The energy group firmed 0.2 percent, but some gains were pared as oil turned lower. U.S. crude oil futures settled 63 cents lower at $46.35 a barrel. 
Ritchie Bros. Auctioneers Inc soared more than 24 percent to C$46.74. The industrial auctioneer said on Monday it will buy IronPlanet, a privately held U.S. e-commerce site for used equipment, for about $758.5 million. 
Agrium Inc and Potash Corp of Saskatchewan Inc said they were in talks to merge, a deal to create a fertilizer and farm retailing giant worth more than $25 billion but which could also trigger U.S. regulatory scrutiny. 
Potash Corp surged 11.5 percent to C$23.30 and Agrium advanced 7.4 percent to C$125.09. 
Still, the materials group, which includes precious and base metals miners as well as fertilizer companies, fell nearly 2 percent. 
Gold fell to a six-week low after Federal Reserve officials sounded a hawkish note on interest rates, while attention turned to U.S. payrolls data this week for further clues on the pace of rate hikes. 
Barrick Gold Corp declined 4.8 percent to C$22.81, while Goldcorp Inc lost 4.7 percent to C$20.25. (Additional reporting by Alastair Sharp; editing by David Gregorio) More Coverage 
</post>
<signature>

</signature>
<external_links>

</external_links>
<country>US</country>
<main_image>http://media.philly.com/designimages/pcom-FB.jpg</main_image>
</document>
