<?xml version="1.0" encoding="UTF-8"?>
<document>
<type>mainstream</type>
<forum></forum>
<forum_title></forum_title>
<discussion_title>Merkel admits mistakes made in Germany, EU with refugee crisis</discussion_title>
<language>english</language>
<gmt_offset></gmt_offset>
<topic_url>http://www.philly.com/philly/wires/reuters/news/report/391775151.html</topic_url>
<topic_text>
Merkel admits mistakes made in Germany, EU with refugee crisis Updated: August 30, 2016 — 2:54 PM EDT Share 
* Merkel says ignored refugee crisis for too long 
* Says refugee will remain long-term challenge for EU 
* Terrorism was threat long before refugees arrived - Merkel 
By Erik Kirschbaum and Andrea Shalal 
BERLIN, Aug 30 (Reuters) - Germany and other European Union countries turned a blind eye to the refugee crisis building on its external borders for too long, Chancellor Angela Merkel said in a German newspaper interview to be published on Wednesday. 
Merkel, who has faced criticism in Germany for launching her policies of welcoming refugees a year ago, also told the Sueddeutsche Zeitung that Germany and the EU will need patience and endurance in dealing with migration of people to Europe. 
&quot;There are political issues that one can see coming but don&apos;t really register with people at that certain moment - and in Germany we ignored both the problem for too long and blocked out the need to find a pan-European solution,&quot; she said. 
Merkel made the comments in an unusually self-critical analysis that appeared to be timed to the one-year anniversary on Wednesday of her now-famous statement &quot;wir schaffen das,&quot; or &quot;we can do this,&quot; when asked about the rising tide of refugees. 
Her conservative party is expected to take a beating in two regional elections next month in part due to her refugee policies. 
She said Germany, which has taken in most of the more than 1 million refugees from the Middle East and Asia who arrived in the EU in the past year, had let Spain and other EU border countries deal with the refugees on their own. 
&quot;Back then, we also rejected a proportional distribution of the refugees,&quot; she said. 
Merkel said Germany had not supported models such as the Frontex European border agency that would have impinged on the sovereignty of the EU member states. &quot;We said we would deal with the problem at our airports since we don&apos;t have any other external EU boundaries. But that doesn&apos;t work.&quot; 
The three-term chancellor said refugees will be a long-term issue. 
&quot;We didn&apos;t embrace the problem in an appropriate way,&quot; she added. &quot;That goes as well for protecting the external border of the Schengen area,&quot; she said, referring to the EU&apos;s passport-free and frontier-free zone. 
Merkel said the EU needed to improve cooperation with and dramatically increase development aid to countries in Africa as well as Turkey and other troubled regions. 
Merkel said Germany had long been content to focus on other problems after years of welcoming refugees from the wars in the former Yugoslavia in the 1990s. &quot;I cannot deny that,&quot; she said. 
She admonished German politicians to express themselves in moderate terms and not participate in the current ratcheting up of rhetoric about threats. 
A number of Germans had always had a certain racism towards foreigners and were willing to commit violent acts for that cause, but that tendency had grown over the past year, she said. 
The German leader, the daughter of pastor, also cautioned against equating all migrants with terrorists. &quot;It&apos;s simply incorrect to say that terrorism came only with the refugees,&quot; she said. &quot;It was already here in myriad forms and with the various potential attackers that we have been watching.&quot; (Reporting by Erik Kirschbaum and Andrea Shalal; Editing by Alison Williams) More Coverage 
</topic_text>
<spam_score>0.00</spam_score>
<post_num>1</post_num>
<post_id>post-1</post_id>
<post_url>http://www.philly.com/philly/wires/reuters/news/report/391775151.html</post_url>
<post_date>20160830</post_date>
<post_time></post_time>
<username></username>
<post>
Merkel admits mistakes made in Germany, EU with refugee crisis Updated: August 30, 2016 — 2:54 PM EDT Share 
* Merkel says ignored refugee crisis for too long 
* Says refugee will remain long-term challenge for EU 
* Terrorism was threat long before refugees arrived - Merkel 
By Erik Kirschbaum and Andrea Shalal 
BERLIN, Aug 30 (Reuters) - Germany and other European Union countries turned a blind eye to the refugee crisis building on its external borders for too long, Chancellor Angela Merkel said in a German newspaper interview to be published on Wednesday. 
Merkel, who has faced criticism in Germany for launching her policies of welcoming refugees a year ago, also told the Sueddeutsche Zeitung that Germany and the EU will need patience and endurance in dealing with migration of people to Europe. 
&quot;There are political issues that one can see coming but don&apos;t really register with people at that certain moment - and in Germany we ignored both the problem for too long and blocked out the need to find a pan-European solution,&quot; she said. 
Merkel made the comments in an unusually self-critical analysis that appeared to be timed to the one-year anniversary on Wednesday of her now-famous statement &quot;wir schaffen das,&quot; or &quot;we can do this,&quot; when asked about the rising tide of refugees. 
Her conservative party is expected to take a beating in two regional elections next month in part due to her refugee policies. 
She said Germany, which has taken in most of the more than 1 million refugees from the Middle East and Asia who arrived in the EU in the past year, had let Spain and other EU border countries deal with the refugees on their own. 
&quot;Back then, we also rejected a proportional distribution of the refugees,&quot; she said. 
Merkel said Germany had not supported models such as the Frontex European border agency that would have impinged on the sovereignty of the EU member states. &quot;We said we would deal with the problem at our airports since we don&apos;t have any other external EU boundaries. But that doesn&apos;t work.&quot; 
The three-term chancellor said refugees will be a long-term issue. 
&quot;We didn&apos;t embrace the problem in an appropriate way,&quot; she added. &quot;That goes as well for protecting the external border of the Schengen area,&quot; she said, referring to the EU&apos;s passport-free and frontier-free zone. 
Merkel said the EU needed to improve cooperation with and dramatically increase development aid to countries in Africa as well as Turkey and other troubled regions. 
Merkel said Germany had long been content to focus on other problems after years of welcoming refugees from the wars in the former Yugoslavia in the 1990s. &quot;I cannot deny that,&quot; she said. 
She admonished German politicians to express themselves in moderate terms and not participate in the current ratcheting up of rhetoric about threats. 
A number of Germans had always had a certain racism towards foreigners and were willing to commit violent acts for that cause, but that tendency had grown over the past year, she said. 
The German leader, the daughter of pastor, also cautioned against equating all migrants with terrorists. &quot;It&apos;s simply incorrect to say that terrorism came only with the refugees,&quot; she said. &quot;It was already here in myriad forms and with the various potential attackers that we have been watching.&quot; (Reporting by Erik Kirschbaum and Andrea Shalal; Editing by Alison Williams) More Coverage 
</post>
<signature>

</signature>
<external_links>

</external_links>
<country>US</country>
<main_image>http://media.philly.com/designimages/pcom-FB.jpg</main_image>
</document>
