<?xml version="1.0" encoding="UTF-8"?>
<document>
<type>mainstream</type>
<forum>http://rssfeeds.kvue.com/_/20/109731692/kvue/local</forum>
<forum_title>KVUE - Local</forum_title>
<discussion_title>High-tech glasses help girl see clearly</discussion_title>
<language>english</language>
<gmt_offset></gmt_offset>
<topic_url>http://rssfeeds.kvue.com/_/20/109731692/kvue/http&amp;#x3a;&amp;#x2f;&amp;#x2f;www&amp;#x2e;kvue&amp;#x2e;com&amp;#x2f;news&amp;#x2f;health&amp;#x2f;expensive-high-tech-glasses-help-girl-see-clearly-for-1st-time&amp;#x2f;311421416</topic_url>
<topic_text>
Expensive, high-tech glasses help girl see clearly for 1st time Family Fights to get Life-Changing Glasses Sonia Azad, WFAA 6:23   Jordan Mayo was born with optic nerve hypoplasia, but a pair of high-tech glasses helped her to see clearly. However, they cost $15,000 and are not covered by health insurance. (Photo: Courtesy - Margarita Ocampo) CONNECT TWEET LINKEDIN GOOGLE+ PINTEREST 
Every day is a struggle for first grader Jordan Mayo. 
The 6-year-old from Waxahachie was born with optic nerve hypoplasia and was legally blind since she first opened her eyes to the world around her. 
“Her vision has gotten better because she had surgery, but in a new environment, that&apos;s where she has problems,” said grandmother Margarita Ocampo. 
Jordan Mayo holds a tablet close to her face so she is able to play on it. (Photo: WFAA) 
Even after surgery on her eye muscles, Jordan has problems with depth perception. Ocampo said Jordan struggles with school and simply can’t do everyday activities like her peers. 
“Like going to the zoo, not seeing the animals,” Ocampo said. “She&apos;s not able to play ball.” 
Jordan’s problem isn’t in her eyes, but her optic nerve, which sends signals from the eyes to the brain. 
She mistakes and misidentifies objects. For instance, she’s looked at a stick and thought it was a snake. What she thought was a shoe turned out to be a decorative frog in the family’s front yard. 
Then, the grandmother found something promising. Through her own research, Ocampo discovered special glasses that use a camera with cutting-edge optics, displays, and image processing to help people with low vision to magnify what’s in front of them. 
“She put them on, and first thing she said, ‘Can I take these to school?’” Ocampo said of the first time her granddaughter tried on the special glasses. 
Margarita Ocampo (Photo: WFAA) 
There is one problem: the high-tech glasses aren’t covered by medical insurance, and the brand Ocampo found cost $15,000. 
The grandmother with a vision to show Jordan the world is raising money to buy the glasses their family can’t afford. 
“I don&apos;t want her falling behind in school,” Ocampo said. 
If you would like to donate to the family to help Jordan get her glasses, click here . 
Jordan Mayo
</topic_text>
<spam_score>0.00</spam_score>
<post_num>1</post_num>
<post_id>post-1</post_id>
<post_url>http://rssfeeds.kvue.com/_/20/109731692/kvue/http&amp;#x3a;&amp;#x2f;&amp;#x2f;www&amp;#x2e;kvue&amp;#x2e;com&amp;#x2f;news&amp;#x2f;health&amp;#x2f;expensive-high-tech-glasses-help-girl-see-clearly-for-1st-time&amp;#x2f;311421416</post_url>
<post_date>20160830</post_date>
<post_time>2323</post_time>
<username>Sonia Azad</username>
<post>
Expensive, high-tech glasses help girl see clearly for 1st time Family Fights to get Life-Changing Glasses Sonia Azad, WFAA 6:23   Jordan Mayo was born with optic nerve hypoplasia, but a pair of high-tech glasses helped her to see clearly. However, they cost $15,000 and are not covered by health insurance. (Photo: Courtesy - Margarita Ocampo) CONNECT TWEET LINKEDIN GOOGLE+ PINTEREST 
Every day is a struggle for first grader Jordan Mayo. 
The 6-year-old from Waxahachie was born with optic nerve hypoplasia and was legally blind since she first opened her eyes to the world around her. 
“Her vision has gotten better because she had surgery, but in a new environment, that&apos;s where she has problems,” said grandmother Margarita Ocampo. 
Jordan Mayo holds a tablet close to her face so she is able to play on it. (Photo: WFAA) 
Even after surgery on her eye muscles, Jordan has problems with depth perception. Ocampo said Jordan struggles with school and simply can’t do everyday activities like her peers. 
“Like going to the zoo, not seeing the animals,” Ocampo said. “She&apos;s not able to play ball.” 
Jordan’s problem isn’t in her eyes, but her optic nerve, which sends signals from the eyes to the brain. 
She mistakes and misidentifies objects. For instance, she’s looked at a stick and thought it was a snake. What she thought was a shoe turned out to be a decorative frog in the family’s front yard. 
Then, the grandmother found something promising. Through her own research, Ocampo discovered special glasses that use a camera with cutting-edge optics, displays, and image processing to help people with low vision to magnify what’s in front of them. 
“She put them on, and first thing she said, ‘Can I take these to school?’” Ocampo said of the first time her granddaughter tried on the special glasses. 
Margarita Ocampo (Photo: WFAA) 
There is one problem: the high-tech glasses aren’t covered by medical insurance, and the brand Ocampo found cost $15,000. 
The grandmother with a vision to show Jordan the world is raising money to buy the glasses their family can’t afford. 
“I don&apos;t want her falling behind in school,” Ocampo said. 
If you would like to donate to the family to help Jordan get her glasses, click here . 
Jordan Mayo
</post>
<signature>

</signature>
<external_links>

</external_links>
<country>US</country>
<main_image>http://content.wfaa.com/photo/2016/08/30/0830%20special%20glasses%204_1472593517419_5884620_ver1.0_640_360.JPG</main_image>
</document>
