<?xml version="1.0" encoding="UTF-8"?>
<document>
<type>mainstream</type>
<forum></forum>
<forum_title></forum_title>
<discussion_title>LAPD Investigating Chris Brown&apos;s Home After Woman Claims He Pulled Gun on Her</discussion_title>
<language>english</language>
<gmt_offset></gmt_offset>
<topic_url>http://www.philly.com/philly/wires/reuters/entertainment/391762631.html</topic_url>
<topic_text>
LAPD Investigating Chris Brown&apos;s Home After Woman Claims He Pulled Gun on Her Updated: August 30, 2016 — 5:42 PM EDT Share Variety Media, LLC 
By Maane Khatchatourian 
LOS ANGELES (Variety.com) - UPDATED: Chris Brown emerged from his Los Angeles home on Tuesday afternoon following a standoff with police. 
The Los Angeles Police Department obtained a search warrant to investigate an incident at the home of the R&amp;B singer, after a woman, who hasn&apos;t been identified yet, claimed the singer threatened her with a gun, pointing the weapon at her during a violent rage. 
The LAPD&apos;s Robbery-Homicide Division is currently at Brown&apos;s Tarzana residence after a call came in on Tuesday at around 3 a.m. from a woman requesting help near the location. No arrests have been made. 
LAPD Deputy Chief Bob Green said during a press conference on Tuesday afternoon that investigators intend to search the property for the weapon in question. Brown&apos;s attorney, Mark Geragos, who didn&apos;t respond to Variety&apos;s request for comment, met with Brown at his home shortly before the warrant was served. 
According to NBC News, Brown initially refused to exit his house and cooperate with authorities. 
Brown responded to the police activity outside his L.A. home, slamming the cops and the media&apos;s portrayal of him, with two videos on Instagram. 
&quot;So I&apos;m asleep half the damn night, and I just wake up all these motherf--ing helicopters choppers is around police out there out the gate. C&apos;mon my n--- what the f-- else do you want from me,&quot; he said. &quot;I stay out of the way taking care of my daughter. Do work. I don&apos;t f-- with ugly bitches, trifling bitches whatever the f-- it is. I&apos;m not on that, bro. I&apos;m way too tired to be dealing with this bulls--.&quot; 
https://www.instagram.com/p/BJvU2BtjclF/?taken-by=chrisbrownioficial&amp;hl=en 
He added, &quot;Every three months y&apos;all get tired of me. You gotta be. Every three months y&apos;all come up with something, bro. what is it? What&apos;s goin to be next? Imma fart an elephant? C&apos;mon my n---. But at the same time when I call the police for stalker people that are endangering my life, they don&apos;t come until the next day. Let somebody make a f-ked up allegation about me and oh yeah the whole f--ing SWAT team. My n--- I&apos;m innocent f-- everybody I&apos;m tired of hearing this s--.&quot; 
https://www.instagram.com/p/BJvVNqDDRg_/?taken-by=chrisbrownioficial&amp;hl=en 
Brown was on probation until last year after pleading guilty to attacking his then-girlfriend Rihanna in 2009. 
According to KABC, Brown house has been visited by the police five times in the past year over disturbing the peace complaints. 
CLARIFICATION: The LAPD described the situation as a &quot;homicide incident&quot; -- a term used to describe incidents being investigated by the Robbery-Homicide Division. The team handles high-profile cases, including those involving celebrities, in addition to murders and robberies. Published: August 30, 2016 — 1:17 PM EDT | Updated: August 30, 2016 — 5:42 PM EDT We encourage respectful comments but reserve the right to delete anything that doesn&apos;t contribute to an engaging dialogue Help us moderate this thread by flagging comments that violate our guidelines Help us learn more about Philly.com commenters. Click here to take this quick survey. Comment policy: 
Philly.com comments are intended to be civil, friendly conversations. Please treat other participants with respect and in a way that you would want to be treated. You are responsible for what you say. And please, stay on topic. If you see an objectionable post, please report it to us using the &quot;Report Abuse&quot; option. 
Please note that comments are monitored by Philly.com staff. We reserve the right at all times to remove any information or materials that are unlawful, threatening, abusive, libelous, defamatory, obscene, vulgar, pornographic, profane, indecent or otherwise objectionable. Personal attacks, especially on other participants, are not permitted. We reserve the right to permanently block any user who violates these terms and conditions. 
Additionally comments that are long, have multiple paragraph breaks, include code, or include hyperlinks may not be posted. 
</topic_text>
<spam_score>0.03</spam_score>
<post_num>1</post_num>
<post_id>post-1</post_id>
<post_url>http://www.philly.com/philly/wires/reuters/entertainment/391762631.html</post_url>
<post_date>20160830</post_date>
<post_time></post_time>
<username>Maane Khatchatourian</username>
<post>
LAPD Investigating Chris Brown&apos;s Home After Woman Claims He Pulled Gun on Her Updated: August 30, 2016 — 5:42 PM EDT Share Variety Media, LLC 
By Maane Khatchatourian 
LOS ANGELES (Variety.com) - UPDATED: Chris Brown emerged from his Los Angeles home on Tuesday afternoon following a standoff with police. 
The Los Angeles Police Department obtained a search warrant to investigate an incident at the home of the R&amp;B singer, after a woman, who hasn&apos;t been identified yet, claimed the singer threatened her with a gun, pointing the weapon at her during a violent rage. 
The LAPD&apos;s Robbery-Homicide Division is currently at Brown&apos;s Tarzana residence after a call came in on Tuesday at around 3 a.m. from a woman requesting help near the location. No arrests have been made. 
LAPD Deputy Chief Bob Green said during a press conference on Tuesday afternoon that investigators intend to search the property for the weapon in question. Brown&apos;s attorney, Mark Geragos, who didn&apos;t respond to Variety&apos;s request for comment, met with Brown at his home shortly before the warrant was served. 
According to NBC News, Brown initially refused to exit his house and cooperate with authorities. 
Brown responded to the police activity outside his L.A. home, slamming the cops and the media&apos;s portrayal of him, with two videos on Instagram. 
&quot;So I&apos;m asleep half the damn night, and I just wake up all these motherf--ing helicopters choppers is around police out there out the gate. C&apos;mon my n--- what the f-- else do you want from me,&quot; he said. &quot;I stay out of the way taking care of my daughter. Do work. I don&apos;t f-- with ugly bitches, trifling bitches whatever the f-- it is. I&apos;m not on that, bro. I&apos;m way too tired to be dealing with this bulls--.&quot; 
https://www.instagram.com/p/BJvU2BtjclF/?taken-by=chrisbrownioficial&amp;hl=en 
He added, &quot;Every three months y&apos;all get tired of me. You gotta be. Every three months y&apos;all come up with something, bro. what is it? What&apos;s goin to be next? Imma fart an elephant? C&apos;mon my n---. But at the same time when I call the police for stalker people that are endangering my life, they don&apos;t come until the next day. Let somebody make a f-ked up allegation about me and oh yeah the whole f--ing SWAT team. My n--- I&apos;m innocent f-- everybody I&apos;m tired of hearing this s--.&quot; 
https://www.instagram.com/p/BJvVNqDDRg_/?taken-by=chrisbrownioficial&amp;hl=en 
Brown was on probation until last year after pleading guilty to attacking his then-girlfriend Rihanna in 2009. 
According to KABC, Brown house has been visited by the police five times in the past year over disturbing the peace complaints. 
CLARIFICATION: The LAPD described the situation as a &quot;homicide incident&quot; -- a term used to describe incidents being investigated by the Robbery-Homicide Division. The team handles high-profile cases, including those involving celebrities, in addition to murders and robberies. Published: August 30, 2016 — 1:17 PM EDT | Updated: August 30, 2016 — 5:42 PM EDT We encourage respectful comments but reserve the right to delete anything that doesn&apos;t contribute to an engaging dialogue Help us moderate this thread by flagging comments that violate our guidelines Help us learn more about Philly.com commenters. Click here to take this quick survey. Comment policy: 
Philly.com comments are intended to be civil, friendly conversations. Please treat other participants with respect and in a way that you would want to be treated. You are responsible for what you say. And please, stay on topic. If you see an objectionable post, please report it to us using the &quot;Report Abuse&quot; option. 
Please note that comments are monitored by Philly.com staff. We reserve the right at all times to remove any information or materials that are unlawful, threatening, abusive, libelous, defamatory, obscene, vulgar, pornographic, profane, indecent or otherwise objectionable. Personal attacks, especially on other participants, are not permitted. We reserve the right to permanently block any user who violates these terms and conditions. 
Additionally comments that are long, have multiple paragraph breaks, include code, or include hyperlinks may not be posted. 
</post>
<signature>

</signature>
<external_links>

</external_links>
<country>US</country>
<main_image>http://media.philly.com/designimages/pcom-FB.jpg</main_image>
</document>
