<?xml version="1.0" encoding="UTF-8"?>
<document>
<type>mainstream</type>
<forum>http://rssfeeds.nwcn.com/_/20/94848703/nwcn/entertainment</forum>
<forum_title>NWCN - Entertainment</forum_title>
<discussion_title>Back to school trend report</discussion_title>
<language>english</language>
<gmt_offset></gmt_offset>
<topic_url>http://rssfeeds.nwcn.com/_/20/94848703/nwcn/http&amp;#x3a;&amp;#x2f;&amp;#x2f;www&amp;#x2e;nwcn&amp;#x2e;com&amp;#x2f;news&amp;#x2f;local&amp;#x2f;back-to-school-trend-report-1&amp;#x2f;311457345</topic_url>
<topic_text>
Back to school trend report Darcy Camden&apos;s back to school trend report for 2016 Heidi Eng , KING 3:01 PM. PDT August 30, 2016 
Stylist Darcy Camden gives us her back to school trend report for 2016. 
GROUP #1: Kindergarten-3rd grade Top trends: Gender neutral basics, personality tees Key brands/stores: Youth Independent Party ( yipkids.com ); PLAE shoes ( goplae.com ); The Children’s Place ( childrensplace.com ; Northgate Mall, Westfield Southcenter, South Hill Mall) 
GROUP #2: 4th-6th grade Top trends: Double duty layers, comfy sweat-alternatives Key brands : Kidbox ( kidbox.com ) Top trends: Sophisticated colors Key brands: Sears, Jansport, Zumiez 
**PRO TIP: Middle school age kids typically fit into both kids and juniors clothing, parents may want to shop both departments to make sure they are getting the best deal and the best fit. Kids clothes in size XL/14-16 are often less expensive than the smallest junior/young men&apos;s sizes. 
GROUP #4: High School Top trends: High waisted jeans, 90s revival Key brands: KONUS ( konusbrand.com ), Sears, Grana ( grana.com ), Zumiez 
Special thanks to Sport Clips for providing Back-to-School haircuts to our audience. Visit sportclips.com for the location nearest you. 
Copyright 2016 KING
</topic_text>
<spam_score>0.00</spam_score>
<post_num>1</post_num>
<post_id>post-1</post_id>
<post_url>http://rssfeeds.nwcn.com/_/20/94848703/nwcn/http&amp;#x3a;&amp;#x2f;&amp;#x2f;www&amp;#x2e;nwcn&amp;#x2e;com&amp;#x2f;news&amp;#x2f;local&amp;#x2f;back-to-school-trend-report-1&amp;#x2f;311457345</post_url>
<post_date>20160830</post_date>
<post_time>2201</post_time>
<username></username>
<post>
Back to school trend report Darcy Camden&apos;s back to school trend report for 2016 Heidi Eng , KING 3:01 PM. PDT August 30, 2016 
Stylist Darcy Camden gives us her back to school trend report for 2016. 
GROUP #1: Kindergarten-3rd grade Top trends: Gender neutral basics, personality tees Key brands/stores: Youth Independent Party ( yipkids.com ); PLAE shoes ( goplae.com ); The Children’s Place ( childrensplace.com ; Northgate Mall, Westfield Southcenter, South Hill Mall) 
GROUP #2: 4th-6th grade Top trends: Double duty layers, comfy sweat-alternatives Key brands : Kidbox ( kidbox.com ) Top trends: Sophisticated colors Key brands: Sears, Jansport, Zumiez 
**PRO TIP: Middle school age kids typically fit into both kids and juniors clothing, parents may want to shop both departments to make sure they are getting the best deal and the best fit. Kids clothes in size XL/14-16 are often less expensive than the smallest junior/young men&apos;s sizes. 
GROUP #4: High School Top trends: High waisted jeans, 90s revival Key brands: KONUS ( konusbrand.com ), Sears, Grana ( grana.com ), Zumiez 
Special thanks to Sport Clips for providing Back-to-School haircuts to our audience. Visit sportclips.com for the location nearest you. 
Copyright 2016 KING
</post>
<signature>

</signature>
<external_links>

</external_links>
<country>US</country>
<main_image>http://content.tegna-media.com/theme/images/nwcn/nwcn-1x1-placeholder.png</main_image>
</document>
