<?xml version="1.0" encoding="UTF-8"?>
<document>
<type>mainstream</type>
<forum></forum>
<forum_title></forum_title>
<discussion_title>U.S. SEC awards $22 mln to Monsanto whistleblower</discussion_title>
<language>english</language>
<gmt_offset></gmt_offset>
<topic_url>http://www.philly.com/philly/wires/reuters/business/report/391777711.html</topic_url>
<topic_text>
U.S. SEC awards $22 mln to Monsanto whistleblower Updated: August 30, 2016 — 3:20 PM EDT Share Reuters 
By Suzanne Barlyn 
Aug 30 (Reuters) - A former Monsanto Co executive who tipped the U.S. Securities and Exchange Commission to accounting improprieties involving the company&apos;s top-selling Roundup product has been awarded more than $22 million from the agency&apos;s whistleblower program, the executive&apos;s lawyer said on Tuesday. 
The $22 million award - the agency&apos;s second largest under the program - was tied to an $80 million settlement between the SEC and Monsanto in February, according to the lawyer, Stuart Meissner in New York, in a statement. 
Awards to whistleblowers by the SEC&apos;s program have now surpassed a total of $107 million since the agency launched the program in 2011, the agency said in a statement on Tuesday. The largest award, in 2014, was $30 million, the agency said. 
Meissner declined to reveal the whistleblower&apos;s identity. 
A Monsanto representative could not be immediately reached for comment. (Reporting by Suzanne Barlyn; Editing by Steve Orlofsky) More Coverage Published: August 30, 2016 — 3:20 PM EDT We encourage respectful comments but reserve the right to delete anything that doesn&apos;t contribute to an engaging dialogue Help us moderate this thread by flagging comments that violate our guidelines Help us learn more about Philly.com commenters. Click here to take this quick survey. Comment policy: 
Philly.com comments are intended to be civil, friendly conversations. Please treat other participants with respect and in a way that you would want to be treated. You are responsible for what you say. And please, stay on topic. If you see an objectionable post, please report it to us using the &quot;Report Abuse&quot; option. 
Please note that comments are monitored by Philly.com staff. We reserve the right at all times to remove any information or materials that are unlawful, threatening, abusive, libelous, defamatory, obscene, vulgar, pornographic, profane, indecent or otherwise objectionable. Personal attacks, especially on other participants, are not permitted. We reserve the right to permanently block any user who violates these terms and conditions. 
Additionally comments that are long, have multiple paragraph breaks, include code, or include hyperlinks may not be posted. 
</topic_text>
<spam_score>0.20</spam_score>
<post_num>1</post_num>
<post_id>post-1</post_id>
<post_url>http://www.philly.com/philly/wires/reuters/business/report/391777711.html</post_url>
<post_date>20160830</post_date>
<post_time></post_time>
<username></username>
<post>
U.S. SEC awards $22 mln to Monsanto whistleblower Updated: August 30, 2016 — 3:20 PM EDT Share Reuters 
By Suzanne Barlyn 
Aug 30 (Reuters) - A former Monsanto Co executive who tipped the U.S. Securities and Exchange Commission to accounting improprieties involving the company&apos;s top-selling Roundup product has been awarded more than $22 million from the agency&apos;s whistleblower program, the executive&apos;s lawyer said on Tuesday. 
The $22 million award - the agency&apos;s second largest under the program - was tied to an $80 million settlement between the SEC and Monsanto in February, according to the lawyer, Stuart Meissner in New York, in a statement. 
Awards to whistleblowers by the SEC&apos;s program have now surpassed a total of $107 million since the agency launched the program in 2011, the agency said in a statement on Tuesday. The largest award, in 2014, was $30 million, the agency said. 
Meissner declined to reveal the whistleblower&apos;s identity. 
A Monsanto representative could not be immediately reached for comment. (Reporting by Suzanne Barlyn; Editing by Steve Orlofsky) More Coverage Published: August 30, 2016 — 3:20 PM EDT We encourage respectful comments but reserve the right to delete anything that doesn&apos;t contribute to an engaging dialogue Help us moderate this thread by flagging comments that violate our guidelines Help us learn more about Philly.com commenters. Click here to take this quick survey. Comment policy: 
Philly.com comments are intended to be civil, friendly conversations. Please treat other participants with respect and in a way that you would want to be treated. You are responsible for what you say. And please, stay on topic. If you see an objectionable post, please report it to us using the &quot;Report Abuse&quot; option. 
Please note that comments are monitored by Philly.com staff. We reserve the right at all times to remove any information or materials that are unlawful, threatening, abusive, libelous, defamatory, obscene, vulgar, pornographic, profane, indecent or otherwise objectionable. Personal attacks, especially on other participants, are not permitted. We reserve the right to permanently block any user who violates these terms and conditions. 
Additionally comments that are long, have multiple paragraph breaks, include code, or include hyperlinks may not be posted. 
</post>
<signature>

</signature>
<external_links>

</external_links>
<country>US</country>
<main_image>http://media.philly.com/designimages/pcom-FB.jpg</main_image>
</document>
