<?xml version="1.0" encoding="UTF-8"?>
<document>
<type>mainstream</type>
<forum>https://www.prbuzz.com/health-a-fitness.html</forum>
<forum_title>Health &amp;amp; Fitness</forum_title>
<discussion_title>Dentist, Clarence Edmund Burton, DDS, to be Published in The Leading Physicians of the World as New Member of the International Association of HealthCare Professionals, IAHCP</discussion_title>
<language>english</language>
<gmt_offset></gmt_offset>
<topic_url>https://www.prbuzz.com/health-a-fitness/387509-dentist-clarence-edmund-burton-dds-to-be-published-in-the-leading-physicians-of-the-world-as-new-member-of-the-international-association-of-healthcare-professionals-iahcp.html</topic_url>
<topic_text>
Brooklyn, New York
The International Association of HealthCare Professionals is pleased to welcome Clarence Edmund Burton, DDS, Dentist, to their prestigious organization with his publication in The Leading Physicians of the World. In practice for over forty-two years, Dr. Burton continues to display the commitment, excellence, and passion for patient care required to receive this prestigious honor.
After receiving his education from Loyola University, Dr. Burton maintains a private state-of-the-art dental office, C. Edmund Burton, DDS, PC, in the Brooklyn, New York area, where he specializes in all facets of general dentistry. Dr. Burton is certified in general dentistry by the American Board of General Dentistry and is FDA certified on 510 K Devices to Prevent Cross-Contamination. In addition, he is a member of the American Dental Association and the Second District Dental Society. Over the course of his uniquely diversified career, he was the recipient of the US Department of Commerce Outstanding Achievement Award.
Dr. Burton attributes his success to directly addressing the needs of the patients that are ever-changing and ever-evolving. He views his practice as being patient and community-centered.
View Clarence Edmund Burton&apos;s Profile Here: http://findatopdoc.com/doctor/Clarence-Burton-Dentist
About FindaTopDoc.com
FindaTopDoc.com is a hub for all things medicine, feauting detailed descriptions of medical professionals across all areas of expertise, and information on thousands of healthcare topics. Each month, millions of patients use FindaTopDoc to find a doctor nearby and instantly book an appointment online or create a review. FindaTopDoc.com features each doctor’s full professional biography highlighting their achievements, experience, patient reviews and areas of expertise. A leading provider of valuable health information that helps empower patient and doctor alike, FindaTopDoc enables readers to live a happier and healthier life. For more information about FindaTopDoc, visit http://www.findatopdoc.com
</topic_text>
<spam_score>0.09</spam_score>
<post_num>1</post_num>
<post_id>post-1</post_id>
<post_url>https://www.prbuzz.com/health-a-fitness/387509-dentist-clarence-edmund-burton-dds-to-be-published-in-the-leading-physicians-of-the-world-as-new-member-of-the-international-association-of-healthcare-professionals-iahcp.html</post_url>
<post_date>20160831</post_date>
<post_time></post_time>
<username>prbuzz.com</username>
<post>
Brooklyn, New York
The International Association of HealthCare Professionals is pleased to welcome Clarence Edmund Burton, DDS, Dentist, to their prestigious organization with his publication in The Leading Physicians of the World. In practice for over forty-two years, Dr. Burton continues to display the commitment, excellence, and passion for patient care required to receive this prestigious honor.
After receiving his education from Loyola University, Dr. Burton maintains a private state-of-the-art dental office, C. Edmund Burton, DDS, PC, in the Brooklyn, New York area, where he specializes in all facets of general dentistry. Dr. Burton is certified in general dentistry by the American Board of General Dentistry and is FDA certified on 510 K Devices to Prevent Cross-Contamination. In addition, he is a member of the American Dental Association and the Second District Dental Society. Over the course of his uniquely diversified career, he was the recipient of the US Department of Commerce Outstanding Achievement Award.
Dr. Burton attributes his success to directly addressing the needs of the patients that are ever-changing and ever-evolving. He views his practice as being patient and community-centered.
View Clarence Edmund Burton&apos;s Profile Here: http://findatopdoc.com/doctor/Clarence-Burton-Dentist
About FindaTopDoc.com
FindaTopDoc.com is a hub for all things medicine, feauting detailed descriptions of medical professionals across all areas of expertise, and information on thousands of healthcare topics. Each month, millions of patients use FindaTopDoc to find a doctor nearby and instantly book an appointment online or create a review. FindaTopDoc.com features each doctor’s full professional biography highlighting their achievements, experience, patient reviews and areas of expertise. A leading provider of valuable health information that helps empower patient and doctor alike, FindaTopDoc enables readers to live a happier and healthier life. For more information about FindaTopDoc, visit http://www.findatopdoc.com
</post>
<signature>

</signature>
<external_links>
<external_link>http://findatopdoc.com/doctor/Clarence-Burton-Dentist</external_link>
</external_links>
<country>US</country>
<main_image></main_image>
</document>
