<?xml version="1.0" encoding="UTF-8"?>
<document>
<type>mainstream</type>
<forum>http://saida.tv/feed</forum>
<forum_title>Saida.tv</forum_title>
<discussion_title>هولاند يبحث القضية السورية مع بوتين في تشرين الأول المقبل</discussion_title>
<language>arabic</language>
<gmt_offset></gmt_offset>
<topic_url>http://saida.tv/%d9%87%d9%88%d9%84%d8%a7%d9%86%d8%af-%d9%8a%d8%a8%d8%ad%d8%ab-%d8%a7%d9%84%d9%82%d8%b6%d9%8a%d8%a9-%d8%a7%d9%84%d8%b3%d9%88%d8%b1%d9%8a%d8%a9-%d9%85%d8%b9-%d8%a8%d9%88%d8%aa%d9%8a%d9%86-%d9%81%d9%8a/</topic_url>
<topic_text>
  العالمية » هولاند يبحث القضية السورية مع بوتين في تشرين الأول المقبل هولاند يبحث القضية السورية مع بوتين في تشرين الأول المقبل كتب في : أغسطس 30, 2016 في العالمية 


أكد الرئيس الفرنسي فرانسوا هولاند أنه يريد مناقشة الصراع المتصاعد في سوريا مع الرئيس الروسي فلاديمير بوتين خلال زيارته المقررة إلى باريس في تشرين الأول. 
ولم يتحدد بعد اليوم الفعلي لبدء الزيارة. وأشار هولاند أمام مؤتمر السفراء في قصر الإليزيه بباريس الثلاثاء إلى إنه يعتزم التحدث مع بوتين بشأن النزاع السوري في قمة مجموعة الـ20 القادمة في الصين.
</topic_text>
<spam_score>0.00</spam_score>
<post_num>1</post_num>
<post_id>post-1</post_id>
<post_url>http://saida.tv/%d9%87%d9%88%d9%84%d8%a7%d9%86%d8%af-%d9%8a%d8%a8%d8%ad%d8%ab-%d8%a7%d9%84%d9%82%d8%b6%d9%8a%d8%a9-%d8%a7%d9%84%d8%b3%d9%88%d8%b1%d9%8a%d8%a9-%d9%85%d8%b9-%d8%a8%d9%88%d8%aa%d9%8a%d9%86-%d9%81%d9%8a/</post_url>
<post_date>20160830</post_date>
<post_time>1813</post_time>
<username>Saida.tv</username>
<post>
  العالمية » هولاند يبحث القضية السورية مع بوتين في تشرين الأول المقبل هولاند يبحث القضية السورية مع بوتين في تشرين الأول المقبل كتب في : أغسطس 30, 2016 في العالمية 


أكد الرئيس الفرنسي فرانسوا هولاند أنه يريد مناقشة الصراع المتصاعد في سوريا مع الرئيس الروسي فلاديمير بوتين خلال زيارته المقررة إلى باريس في تشرين الأول. 
ولم يتحدد بعد اليوم الفعلي لبدء الزيارة. وأشار هولاند أمام مؤتمر السفراء في قصر الإليزيه بباريس الثلاثاء إلى إنه يعتزم التحدث مع بوتين بشأن النزاع السوري في قمة مجموعة الـ20 القادمة في الصين.
</post>
<signature>

</signature>
<external_links>

</external_links>
<country>TV</country>
<main_image>http://saida.tv/wp-content/uploads/2016/08/hollande-putin-630x375.gif</main_image>
</document>
