<?xml version="1.0" encoding="UTF-8"?>
<document>
<type>mainstream</type>
<forum>http://www.directemploi.com/pageThematique/rssThematique/id_rss_thematique/36</forum>
<forum_title>Conseil / Organisation / Stratégie</forum_title>
<discussion_title>TÉLÉPROSPECTEUR(TRICE) (F/H)</discussion_title>
<language>french</language>
<gmt_offset></gmt_offset>
<topic_url>http://www.directemploi.com/offre/3335436/teleprospecteur-trice-f-h</topic_url>
<topic_text>
  du commerce et de la vente,   spécialiste des solutions d&apos;impression sur la région de Morlaix un(e) téléprospecteur(trice) Poste 
Votre mission principale sera la prospection téléphonique de nouveaux clients : vérification des informations sur le prospect, présentation de l&apos;entreprise et de ses produits, proposition d&apos;un rendez-vous avec le commercial, qualification du fichier. Ce poste peut évoluer vers un temps plein si plus de commercial terrain ou d&apos;administratif. Profil 
Vous êtes titulaire d&apos;un Bac à Bac + 2 dans le secteur commercial et avez une expérience réussie d&apos;au moins 6 mois sur un poste similaire. Vous êtes souriant(e), dynamique, patient et vous savez vous organiser de façon à optimiser votre prospection et être le(la) plus productif(ve) possible.  
</topic_text>
<spam_score>0.00</spam_score>
<post_num>1</post_num>
<post_id>post-1</post_id>
<post_url>http://www.directemploi.com/offre/3335436/teleprospecteur-trice-f-h</post_url>
<post_date>20160831</post_date>
<post_time>0000</post_time>
<username></username>
<post>
  du commerce et de la vente,   spécialiste des solutions d&apos;impression sur la région de Morlaix un(e) téléprospecteur(trice) Poste 
Votre mission principale sera la prospection téléphonique de nouveaux clients : vérification des informations sur le prospect, présentation de l&apos;entreprise et de ses produits, proposition d&apos;un rendez-vous avec le commercial, qualification du fichier. Ce poste peut évoluer vers un temps plein si plus de commercial terrain ou d&apos;administratif. Profil 
Vous êtes titulaire d&apos;un Bac à Bac + 2 dans le secteur commercial et avez une expérience réussie d&apos;au moins 6 mois sur un poste similaire. Vous êtes souriant(e), dynamique, patient et vous savez vous organiser de façon à optimiser votre prospection et être le(la) plus productif(ve) possible.  
</post>
<signature>

</signature>
<external_links>

</external_links>
<country>IT</country>
<main_image></main_image>
</document>
