<?xml version="1.0" encoding="UTF-8"?>
<document>
<type>mainstream</type>
<forum>http://www.wandtv.com/Global/category.asp?C=13566&amp;clienttype=rss</forum>
<forum_title>WAND - National Sports - Headline</forum_title>
<discussion_title>Vikings: QB Bridgewater has dislocated knee, torn ACL</discussion_title>
<language>english</language>
<gmt_offset></gmt_offset>
<topic_url>http://www.wandtv.com/story/32893516/vikings-qb-bridgewater-has-dislocated-knee-torn-acl</topic_url>
<topic_text>
By JON KRAWCZYNSKIAP Sports Writer 
EDEN PRAIRIE, Minn. (AP) - The Minnesota Vikings say quarterback Teddy Bridgewater suffered a dislocated left knee and complete tear to his ACL in a freak practice injury. 
The Vikings made the announcement on Tuesday night, hours after Bridgewater was taken from the practice field in an ambulance to a local hospital. The injury to one of the team&apos;s most popular players left a franchise that entered the season with designs on a Super Bowl run shaken to the core. 
Head athletic trainer Eric Sugarman says Bridgewater also suffered other structural damage to his knee, but there appears to be no nerve or arterial damage. 
Sugarman says Bridgewater is expected to make a full recovery after a &quot;significant&quot; rehabilitation. He will have surgery in the coming days. Copyright 2016 The Associated Press. All rights reserved. This material may not be published, broadcast, rewritten or redistributed.
</topic_text>
<spam_score>0.00</spam_score>
<post_num>1</post_num>
<post_id>post-1</post_id>
<post_url>http://www.wandtv.com/story/32893516/vikings-qb-bridgewater-has-dislocated-knee-torn-acl</post_url>
<post_date>20160831</post_date>
<post_time>0032</post_time>
<username></username>
<post>
By JON KRAWCZYNSKIAP Sports Writer 
EDEN PRAIRIE, Minn. (AP) - The Minnesota Vikings say quarterback Teddy Bridgewater suffered a dislocated left knee and complete tear to his ACL in a freak practice injury. 
The Vikings made the announcement on Tuesday night, hours after Bridgewater was taken from the practice field in an ambulance to a local hospital. The injury to one of the team&apos;s most popular players left a franchise that entered the season with designs on a Super Bowl run shaken to the core. 
Head athletic trainer Eric Sugarman says Bridgewater also suffered other structural damage to his knee, but there appears to be no nerve or arterial damage. 
Sugarman says Bridgewater is expected to make a full recovery after a &quot;significant&quot; rehabilitation. He will have surgery in the coming days. Copyright 2016 The Associated Press. All rights reserved. This material may not be published, broadcast, rewritten or redistributed.
</post>
<signature>

</signature>
<external_links>

</external_links>
<country>US</country>
<main_image>http://images.worldnow.com/AP/images/11595677_G.jpg</main_image>
</document>
