<?xml version="1.0" encoding="UTF-8"?>
<document>
<type>mainstream</type>
<forum>http://www.onlinezeitung.co/tagesthemen-nachrichten-news-bruehl/tagesthemen-bruehl/browse/47/</forum>
<forum_title>Tagesthemen Brühl - Online-Zeitung-Die Zeitung für NRW - Tagesthemen - Fachthemen - Nachrichten - News</forum_title>
<discussion_title>Pkw-Aufbrecher festgenommen</discussion_title>
<language>german</language>
<gmt_offset></gmt_offset>
<topic_url>http://www.onlinezeitung.co/news/datum/2014/10/06/pkw-aufbrecher-festgenommen/</topic_url>
<topic_text>
Rhein-Erft-Kreis (ots) - Durch den schnellen Hinweis eines aufmerksamen Zeugen wurde der 38-jährige Kölner noch am Tatort angetroffen.
Der Zeuge (22) bemerkte am Sonntag (05. Oktober) um 10:00 Uhr einen Pkw mit Kölner Kennzeichen auf dem KVB-Parkplatz an der Römerstraße. Der Fahrer stieg aus und machte sich an drei dort abgestellten Pkw zu schaffen. Er schlug bei einem Fahrzeug die Seitenscheibe ein. Der Zeuge informierte die Polizei.
Der Verdächtige bemerkte die eintreffenden Beamten und flüchtete zu Fuß in Richtung Renault-Nissan-Straße. Nach wenigen hundert Metern nahmen ihn die Beamten fest. Er leistete Widerstand und die Beamten setzten Pfefferspray ein. Die drei vom Täter angegangenen Pkw wiesen Aufbruchspuren auf. Die Fahrzeughalter wurden informiert und sie erkannten ihr Eigentum im Fahrzeug des Täters (38) wieder. Dabei handelte es sich um Navigationsgeräte und sonstiges Diebesgut. Das konnte teilweise noch nicht zugeordnet werden und wurde mit dem Fahrzeug sichergestellt.
Die Staatsanwaltschaft Köln stellte einen Antrag auf Untersuchungshaft. Der polizeibekannte 38-Jährige wird im Laufe des Tages (06. Oktober) einem Haftrichter vorgeführt. Die Ermittlungen zu den aufgefundenen Beutestücken dauern an. (bm)
- Quelle: OTS: Polizeipressestelle Rhein-Erft-Kreis
- Foto: Polizeipressestelle Rhein-Erft-Kreis ( newsroom )
</topic_text>
<spam_score>0.14</spam_score>
<post_num>1</post_num>
<post_id>post-1</post_id>
<post_url>http://www.onlinezeitung.co/news/datum/2014/10/06/pkw-aufbrecher-festgenommen/</post_url>
<post_date>20141006</post_date>
<post_time></post_time>
<username>onlinezeitung</username>
<post>
Rhein-Erft-Kreis (ots) - Durch den schnellen Hinweis eines aufmerksamen Zeugen wurde der 38-jährige Kölner noch am Tatort angetroffen.
Der Zeuge (22) bemerkte am Sonntag (05. Oktober) um 10:00 Uhr einen Pkw mit Kölner Kennzeichen auf dem KVB-Parkplatz an der Römerstraße. Der Fahrer stieg aus und machte sich an drei dort abgestellten Pkw zu schaffen. Er schlug bei einem Fahrzeug die Seitenscheibe ein. Der Zeuge informierte die Polizei.
Der Verdächtige bemerkte die eintreffenden Beamten und flüchtete zu Fuß in Richtung Renault-Nissan-Straße. Nach wenigen hundert Metern nahmen ihn die Beamten fest. Er leistete Widerstand und die Beamten setzten Pfefferspray ein. Die drei vom Täter angegangenen Pkw wiesen Aufbruchspuren auf. Die Fahrzeughalter wurden informiert und sie erkannten ihr Eigentum im Fahrzeug des Täters (38) wieder. Dabei handelte es sich um Navigationsgeräte und sonstiges Diebesgut. Das konnte teilweise noch nicht zugeordnet werden und wurde mit dem Fahrzeug sichergestellt.
Die Staatsanwaltschaft Köln stellte einen Antrag auf Untersuchungshaft. Der polizeibekannte 38-Jährige wird im Laufe des Tages (06. Oktober) einem Haftrichter vorgeführt. Die Ermittlungen zu den aufgefundenen Beutestücken dauern an. (bm)
- Quelle: OTS: Polizeipressestelle Rhein-Erft-Kreis
- Foto: Polizeipressestelle Rhein-Erft-Kreis ( newsroom )
</post>
<signature>

</signature>
<external_links>
<external_link>http://www.presseportal.de/pm/10374/</external_link>
</external_links>
<country>CO</country>
<main_image></main_image>
</document>
