<?xml version="1.0" encoding="UTF-8"?>
<document>
<type>mainstream</type>
<forum></forum>
<forum_title></forum_title>
<discussion_title>Sexual offense complaints in Canada military up 22 percent: report</discussion_title>
<language>english</language>
<gmt_offset></gmt_offset>
<topic_url>http://www.philly.com/philly/wires/reuters/news/report/391780861.html</topic_url>
<topic_text>
Sexual offense complaints in Canada military up 22 percent: report Updated: August 30, 2016 — 3:49 PM EDT Share Close icon Reuters 
TORONTO, Aug 30 (Reuters) - The number of sexual-offense complaints in the Canadian Armed Forces increased 22 percent this year, but that is a &quot;positive indicator&quot; because it means more alleged victims are speaking up, according to a military report released on Tuesday. 
The progress report was the second on Operation Honour, a military program to tackle the issue started in 2015 after an external investigation said the Canadian military had an underlying sexualized culture hostile to women and gays. 
Western militaries are increasingly coming under scrutiny for their handling of sexual offenses. A Pentagon report in May said sexual assaults in the U.S. military are still underreported. 
According to the Canadian report, the military saw 106 founded complaints for incidents in the first six months of this year, which it said was a 22 percent increase without providing a comparative figure. It said there were 174 founded complaints in all of 2015. 
&quot;This increase appears to be a positive indicator that military members are more aware of the problem and more confident in stepping forward and reporting incidents,&quot; the report said. 
The investigation in 2015, by a former Supreme Court justice, found a broadly held perception in the lower ranks that those higher up condone inappropriate sexual conduct or are willing to turn a blind eye. 
Chief of the Defence Staff General Jonathan Vance said the new progress report shows Operation Honour has been working, and that he felt encouraged. 
He told a news conference in Ottawa that as result of investigations between April and July this year, 30 people received &quot;career-impacting&quot; punishments. 
&quot;Those who do not see the wisdom of what we are trying to accomplish and choose not to modify their negative behavior will be compelled to do so or they will be released,&quot; he said. (Reporting by Ethan Lou in Toronto; Editing by Cynthia Osterman) More Coverage 
</topic_text>
<spam_score>0.81</spam_score>
<post_num>1</post_num>
<post_id>post-1</post_id>
<post_url>http://www.philly.com/philly/wires/reuters/news/report/391780861.html</post_url>
<post_date>20160830</post_date>
<post_time></post_time>
<username></username>
<post>
Sexual offense complaints in Canada military up 22 percent: report Updated: August 30, 2016 — 3:49 PM EDT Share Close icon Reuters 
TORONTO, Aug 30 (Reuters) - The number of sexual-offense complaints in the Canadian Armed Forces increased 22 percent this year, but that is a &quot;positive indicator&quot; because it means more alleged victims are speaking up, according to a military report released on Tuesday. 
The progress report was the second on Operation Honour, a military program to tackle the issue started in 2015 after an external investigation said the Canadian military had an underlying sexualized culture hostile to women and gays. 
Western militaries are increasingly coming under scrutiny for their handling of sexual offenses. A Pentagon report in May said sexual assaults in the U.S. military are still underreported. 
According to the Canadian report, the military saw 106 founded complaints for incidents in the first six months of this year, which it said was a 22 percent increase without providing a comparative figure. It said there were 174 founded complaints in all of 2015. 
&quot;This increase appears to be a positive indicator that military members are more aware of the problem and more confident in stepping forward and reporting incidents,&quot; the report said. 
The investigation in 2015, by a former Supreme Court justice, found a broadly held perception in the lower ranks that those higher up condone inappropriate sexual conduct or are willing to turn a blind eye. 
Chief of the Defence Staff General Jonathan Vance said the new progress report shows Operation Honour has been working, and that he felt encouraged. 
He told a news conference in Ottawa that as result of investigations between April and July this year, 30 people received &quot;career-impacting&quot; punishments. 
&quot;Those who do not see the wisdom of what we are trying to accomplish and choose not to modify their negative behavior will be compelled to do so or they will be released,&quot; he said. (Reporting by Ethan Lou in Toronto; Editing by Cynthia Osterman) More Coverage 
</post>
<signature>

</signature>
<external_links>

</external_links>
<country>US</country>
<main_image>http://media.philly.com/designimages/pcom-FB.jpg</main_image>
</document>
