<?xml version="1.0" encoding="UTF-8"?>
<document>
<type>mainstream</type>
<forum>http://products4engineers.nl//rss.php</forum>
<forum_title>Products4Engineers - RSS Actuele producten</forum_title>
<discussion_title>PROMAS ST automatiseringssoftware</discussion_title>
<language>dutch</language>
<gmt_offset></gmt_offset>
<topic_url>http://www.products4engineers.nl/industrile-automatisering/procescontrole/pid38698-promas-st-automatiseringssoftware.html</topic_url>
<topic_text>
Van lijnbesturing tot een volledig geautomatiseerde fabriek 

- Bevordert groei van kleine bedrijven en stroomlijnt grote bedrijven 
- Optimaliseer uw productieproces - verhoog capaciteit, verbeter kwaliteit en verlaag kosten 
- Eenvoudige bediening dankzij intuïtief Windows-platform 
- Modulair en schaalbaar - van machinebesturing tot complete fabrieksautomatisering 
- Toekomstbestendig - hardware-onafhankelijk en eenvoudig te upgraden 

PROMAS-software staat garant voor enorm vereenvoudigd(e) beheer, exploitatie en onderhoud - zowel voor eenvoudige fabrieken als voor complexe fabrieken met duizenden I/O-punten 

Elke softwaremodule heeft een eigen ingebouwde besturing, visualisatie en alarmafhandeling. Uw behoeften zijn waarschijnlijk al beschreven en getest in modules; de object georiënteerde codes zijn eenvoudig herbruikbaar en dankzij recycling kunt u ze direct gebruiken. Zo niet, dan kunnen ze eenvoudig worden aangepast. 

U kunt eenvoudig nieuwe apparatuur toevoegen zonder de gehele code te herschrijven, en u bent niet meer afhankelijk van enkele mensen met specifieke kennis. Het systeem kan eenvoudig worden getest met behulp van een simulatiemodus waarmee u problemen kunt oplossen zonder gevolgen voor de productie. Tijdens trainingen krijgt iedereen via simulatie een hands-on overzicht van de productieprocessen. Deze informatie is door de leverancier zelf geplaatst.
</topic_text>
<spam_score>0.00</spam_score>
<post_num>1</post_num>
<post_id>post-1</post_id>
<post_url>http://www.products4engineers.nl/industrile-automatisering/procescontrole/pid38698-promas-st-automatiseringssoftware.html</post_url>
<post_date>20160830</post_date>
<post_time>1129</post_time>
<username></username>
<post>
Van lijnbesturing tot een volledig geautomatiseerde fabriek 

- Bevordert groei van kleine bedrijven en stroomlijnt grote bedrijven 
- Optimaliseer uw productieproces - verhoog capaciteit, verbeter kwaliteit en verlaag kosten 
- Eenvoudige bediening dankzij intuïtief Windows-platform 
- Modulair en schaalbaar - van machinebesturing tot complete fabrieksautomatisering 
- Toekomstbestendig - hardware-onafhankelijk en eenvoudig te upgraden 

PROMAS-software staat garant voor enorm vereenvoudigd(e) beheer, exploitatie en onderhoud - zowel voor eenvoudige fabrieken als voor complexe fabrieken met duizenden I/O-punten 

Elke softwaremodule heeft een eigen ingebouwde besturing, visualisatie en alarmafhandeling. Uw behoeften zijn waarschijnlijk al beschreven en getest in modules; de object georiënteerde codes zijn eenvoudig herbruikbaar en dankzij recycling kunt u ze direct gebruiken. Zo niet, dan kunnen ze eenvoudig worden aangepast. 

U kunt eenvoudig nieuwe apparatuur toevoegen zonder de gehele code te herschrijven, en u bent niet meer afhankelijk van enkele mensen met specifieke kennis. Het systeem kan eenvoudig worden getest met behulp van een simulatiemodus waarmee u problemen kunt oplossen zonder gevolgen voor de productie. Tijdens trainingen krijgt iedereen via simulatie een hands-on overzicht van de productieprocessen. Deze informatie is door de leverancier zelf geplaatst.
</post>
<signature>

</signature>
<external_links>

</external_links>
<country>NL</country>
<main_image></main_image>
</document>
