<?xml version="1.0" encoding="UTF-8"?>
<document>
<type>mainstream</type>
<forum></forum>
<forum_title></forum_title>
<discussion_title>Russia questions report blaming Syrian government for gas attacks</discussion_title>
<language>english</language>
<gmt_offset></gmt_offset>
<topic_url>http://www.philly.com/philly/wires/reuters/news/world/391788241.html</topic_url>
<topic_text>
Russia questions report blaming Syrian government for gas attacks Updated: August 30, 2016 — 5:57 PM EDT Share Reuters A civilian breathes through an oxygen mask at al-Quds hospital, after a hospital and a civil defence group said a gas, what they believed to be chlorine, was dropped alongside barrel bombs on a neighbourhood of the Syrian city of Aleppo, Syria, early August 11, 2016. REUTERS/Abdalrhman Ismail Reuters 
By Michelle Nichols 
UNITED NATIONS (Reuters) - Russia questioned on Tuesday a report by the United Nations and a global chemical weapons watchdog that blamed Syrian government forces for two chlorine gas attacks, saying the U.N. Security Council could not use the conclusions to impose sanctions. 
A year-long U.N. and Organization for the Prohibition of Chemical Weapons (OPCW) inquiry, unanimously authorized by the 15-member Security Council, also found that Islamic State militants used sulfur mustard gas. 
The U.N. Security Council began talks on Tuesday on how to respond to the inquiry. When asked if he thought the report was enough to impose sanctions on Syria, Russian Ambassador Vitaly Churkin said: &quot;Frankly, I don&apos;t, but we continue to analyze the report.&quot; 
&quot;There are two cases that they suggest are the fault of the Syrian side; we have very serious questions,&quot; he told reporters after the council met behind closed doors to discuss the issue. 
The report set the stage for a Security Council showdown between the five veto-wielding powers, pitting Russia and China against the United States, Britain and France. 
&quot;The sorts of things we will be looking at are the imposition of a sanctions regime and some form of accountability within international legal mechanisms,&quot; said British U.N. Ambassador Matthew Rycroft on his way into the meeting. 
Syria agreed to destroy its chemical weapons in 2013 under a deal brokered by Moscow and Washington. The Security Council backed that deal with a resolution that said in the event of non-compliance, &quot;including unauthorized transfer of chemical weapons, or any use of chemical weapons by anyone&quot; in Syria, it would impose measures under Chapter 7 of the U.N. Charter. 
Chapter 7 deals with sanctions and authorization of military force by the Security Council. The body would need to adopt another resolution to impose targeted sanctions - a travel ban and asset freeze - on people or entities linked to the attacks. 
&quot;It is incumbent on the council to act swiftly to show that when we put that Joint Investigative Mechanism in place we were serious about there being meaningful accountability,&quot; U.S. Ambassador Samantha Power said on her way into the meeting. 
&quot;I can&apos;t specify or get ahead of where the council&apos;s going to be,&quot; she said. 
Russia, a close Syrian ally, and China have previously protected the Syrian government from council action by blocking several resolutions, including a bid to refer the situation in Syria to the International Criminal Court. 
&quot;We need a resolution and we need a resolution with teeth,&quot; said French U.N. Ambassador Francois Delattre on Tuesday. 
(Reporting by Michelle Nichols; Editing by James Dalgleish) More Coverage 
</topic_text>
<spam_score>0.08</spam_score>
<post_num>1</post_num>
<post_id>post-1</post_id>
<post_url>http://www.philly.com/philly/wires/reuters/news/world/391788241.html</post_url>
<post_date>20160830</post_date>
<post_time></post_time>
<username>Michelle Nichols</username>
<post>
Russia questions report blaming Syrian government for gas attacks Updated: August 30, 2016 — 5:57 PM EDT Share Reuters A civilian breathes through an oxygen mask at al-Quds hospital, after a hospital and a civil defence group said a gas, what they believed to be chlorine, was dropped alongside barrel bombs on a neighbourhood of the Syrian city of Aleppo, Syria, early August 11, 2016. REUTERS/Abdalrhman Ismail Reuters 
By Michelle Nichols 
UNITED NATIONS (Reuters) - Russia questioned on Tuesday a report by the United Nations and a global chemical weapons watchdog that blamed Syrian government forces for two chlorine gas attacks, saying the U.N. Security Council could not use the conclusions to impose sanctions. 
A year-long U.N. and Organization for the Prohibition of Chemical Weapons (OPCW) inquiry, unanimously authorized by the 15-member Security Council, also found that Islamic State militants used sulfur mustard gas. 
The U.N. Security Council began talks on Tuesday on how to respond to the inquiry. When asked if he thought the report was enough to impose sanctions on Syria, Russian Ambassador Vitaly Churkin said: &quot;Frankly, I don&apos;t, but we continue to analyze the report.&quot; 
&quot;There are two cases that they suggest are the fault of the Syrian side; we have very serious questions,&quot; he told reporters after the council met behind closed doors to discuss the issue. 
The report set the stage for a Security Council showdown between the five veto-wielding powers, pitting Russia and China against the United States, Britain and France. 
&quot;The sorts of things we will be looking at are the imposition of a sanctions regime and some form of accountability within international legal mechanisms,&quot; said British U.N. Ambassador Matthew Rycroft on his way into the meeting. 
Syria agreed to destroy its chemical weapons in 2013 under a deal brokered by Moscow and Washington. The Security Council backed that deal with a resolution that said in the event of non-compliance, &quot;including unauthorized transfer of chemical weapons, or any use of chemical weapons by anyone&quot; in Syria, it would impose measures under Chapter 7 of the U.N. Charter. 
Chapter 7 deals with sanctions and authorization of military force by the Security Council. The body would need to adopt another resolution to impose targeted sanctions - a travel ban and asset freeze - on people or entities linked to the attacks. 
&quot;It is incumbent on the council to act swiftly to show that when we put that Joint Investigative Mechanism in place we were serious about there being meaningful accountability,&quot; U.S. Ambassador Samantha Power said on her way into the meeting. 
&quot;I can&apos;t specify or get ahead of where the council&apos;s going to be,&quot; she said. 
Russia, a close Syrian ally, and China have previously protected the Syrian government from council action by blocking several resolutions, including a bid to refer the situation in Syria to the International Criminal Court. 
&quot;We need a resolution and we need a resolution with teeth,&quot; said French U.N. Ambassador Francois Delattre on Tuesday. 
(Reporting by Michelle Nichols; Editing by James Dalgleish) More Coverage 
</post>
<signature>

</signature>
<external_links>

</external_links>
<country>US</country>
<main_image>http://media.philly.com/images/2016-08-30T200244Z_1_LYNXNPEC7T1J1_RTROPTP_3_MIDEAST-CRISIS-SYRIA-GAS.JPG</main_image>
</document>
