<?xml version="1.0" encoding="UTF-8"?>
<document>
<type>mainstream</type>
<forum></forum>
<forum_title></forum_title>
<discussion_title>Chlorine leak at West Virginia chemical plant investigated</discussion_title>
<language>english</language>
<gmt_offset></gmt_offset>
<topic_url>http://www.philly.com/philly/wires/ap/news/391777361.html</topic_url>
<topic_text>
Chlorine leak at West Virginia chemical plant investigated Updated: August 30, 2016 — 2:07 PM EDT Share Close icon The Associated Press 
PROCTOR, W.Va. (AP) - Officials are investigating the cause of a chlorine leak at a chemical plant near Proctor, West Virginia. 
The Intelligencer ( http://bit.ly/2bP4XLf ) reports that 33,000 gallons of liquid chlorine leaked Saturday from a rail car inside Axiall Corp.&apos;s Natrium chemical plant. 
Department of Environmental Protection spokeswoman Kelley Gillenwater told the paper that local, state and federal officials are analyzing what happened. 
&quot;Right now we&apos;re still assessing, but basically the chlorine gas has dissipated by this point,&quot; Gillenwater said. &quot;There is a possibility of some residual chlorine or some reactions, but any impact at this point would be very minimal.&quot; 
The leak resulted in a chemical cloud that temporarily forced hundreds in the area from their homes Saturday. Officials said tests later determined that the air quality in the area was safe. At the time, the company said one of its employees and a contract worker were taken to area hospitals for treatment but later released. Others were treated at an onsite health facility. 
Wetzel County Emergency Management Director Edgar Sapp said the evacuations lasted until Saturday afternoon. He added that the odor of chlorine was detectable at one point miles from the plant. 
The paper reported that plant operations were proceeding normally at the outset of the work week. 
___ 
Information from: The Intelligencer, http://www.theintelligencer.net More Coverage 
</topic_text>
<spam_score>0.49</spam_score>
<post_num>1</post_num>
<post_id>post-1</post_id>
<post_url>http://www.philly.com/philly/wires/ap/news/391777361.html</post_url>
<post_date>20160830</post_date>
<post_time></post_time>
<username>The Associated Press</username>
<post>
Chlorine leak at West Virginia chemical plant investigated Updated: August 30, 2016 — 2:07 PM EDT Share Close icon The Associated Press 
PROCTOR, W.Va. (AP) - Officials are investigating the cause of a chlorine leak at a chemical plant near Proctor, West Virginia. 
The Intelligencer ( http://bit.ly/2bP4XLf ) reports that 33,000 gallons of liquid chlorine leaked Saturday from a rail car inside Axiall Corp.&apos;s Natrium chemical plant. 
Department of Environmental Protection spokeswoman Kelley Gillenwater told the paper that local, state and federal officials are analyzing what happened. 
&quot;Right now we&apos;re still assessing, but basically the chlorine gas has dissipated by this point,&quot; Gillenwater said. &quot;There is a possibility of some residual chlorine or some reactions, but any impact at this point would be very minimal.&quot; 
The leak resulted in a chemical cloud that temporarily forced hundreds in the area from their homes Saturday. Officials said tests later determined that the air quality in the area was safe. At the time, the company said one of its employees and a contract worker were taken to area hospitals for treatment but later released. Others were treated at an onsite health facility. 
Wetzel County Emergency Management Director Edgar Sapp said the evacuations lasted until Saturday afternoon. He added that the odor of chlorine was detectable at one point miles from the plant. 
The paper reported that plant operations were proceeding normally at the outset of the work week. 
___ 
Information from: The Intelligencer, http://www.theintelligencer.net More Coverage 
</post>
<signature>

</signature>
<external_links>

</external_links>
<country>US</country>
<main_image>http://media.philly.com/designimages/pcom-FB.jpg</main_image>
</document>
