<?xml version="1.0" encoding="UTF-8"?>
<document>
<type>mainstream</type>
<forum></forum>
<forum_title></forum_title>
<discussion_title>Chicago mayor unveils plan for new police oversight agency</discussion_title>
<language>english</language>
<gmt_offset></gmt_offset>
<topic_url>http://www.philly.com/philly/wires/ap/news/391739141.html</topic_url>
<topic_text>
Chicago mayor unveils plan for new police oversight agency Updated: August 30, 2016 — 7:31 PM EDT Share 1:08 AM FILE - In this Dec. 7, 2015 file photo, Sharon Fairley, leader of the Chicago Independent Police Review Authority, speaks during a news conference with Mayor Rahm Emanuel in Chicago. Emanuel is releasing a proposed ordinance that would create a new agency to investigate police misconduct to replace IPRA that has come under intense criticism.The ordinance that calls for the replacement of IPRA with what is called the Civilian Office on Police Accountability. (AP Photo/Charles Rex Arbogast File) by The Associated Press Close icon The Associated Press 
CHICAGO (AP) - Chicago Mayor Rahm Emanuel on Tuesday released a proposed ordinance that creates a new agency to investigate police misconduct to replace the agency that came under fire in the wake of a video of a police shooting of black teenager Laquan McDonald. 
But Emanuel, who had hoped to bring the ordinance to the City Council for a vote on Sept. 14, pushed a vote back until Sept. 29 after aldermen said more time was needed to get input from the public. 
The ordinance that calls for the replacement of the Independent Police Review Authority with what is called the Civilian Office on Police Accountability also creates a new deputy inspector general position that would have the authority to investigate the police department. 
The moves are part of Emanuel&apos;s effort to restore public trust in the police force and his own leadership in the wake of the release of the McDonald video that led to reports that IPRA often took months or even years to investigate officer-involved shootings and nearly always sided with the officers. In a statement, the mayor addressed public skepticism, saying that &quot;The path forward will be about ... implementation, culture and building community trust in the system of police accountability.&quot; 
Under the ordinance, the new agency would investigate shootings, incidents when officers used their Tasers, allegations of physical and psychological coercion of witnesses by officers, allegations of improper searches, and allegations that officers have denied suspects access to attorneys. 
To address concerns stemming from the length of time IPRA over the years took to investigate shootings, the new agency would be required to complete investigations within six months or offer an explanation to the mayor&apos;s office, the police superintendent and others why an investigation has not been completed. Then it must issue similar reports every six months until the investigation is completed. 
The ordinance also calls for the creation of a new position of deputy inspector general for public safety who will review and audit the police department and the city&apos;s police board. Emanuel has promised that probes of the department will be independent and under the ordinance the person appointed to the post cannot have ever worked at the police department, police board or IPRA. 
Though Emanuel agreed to slow the process down, there is also pressure to act quickly, much of it stemming from concerns voiced by the head of IPRA who has informed the mayor that more and more staffers who know the agency is about to be abolished are quitting, which has made it increasingly difficult to conduct investigations. More Coverage 
</topic_text>
<spam_score>0.55</spam_score>
<post_num>1</post_num>
<post_id>post-1</post_id>
<post_url>http://www.philly.com/philly/wires/ap/news/391739141.html</post_url>
<post_date>20160830</post_date>
<post_time></post_time>
<username>The Associated Press</username>
<post>
Chicago mayor unveils plan for new police oversight agency Updated: August 30, 2016 — 7:31 PM EDT Share 1:08 AM FILE - In this Dec. 7, 2015 file photo, Sharon Fairley, leader of the Chicago Independent Police Review Authority, speaks during a news conference with Mayor Rahm Emanuel in Chicago. Emanuel is releasing a proposed ordinance that would create a new agency to investigate police misconduct to replace IPRA that has come under intense criticism.The ordinance that calls for the replacement of IPRA with what is called the Civilian Office on Police Accountability. (AP Photo/Charles Rex Arbogast File) by The Associated Press Close icon The Associated Press 
CHICAGO (AP) - Chicago Mayor Rahm Emanuel on Tuesday released a proposed ordinance that creates a new agency to investigate police misconduct to replace the agency that came under fire in the wake of a video of a police shooting of black teenager Laquan McDonald. 
But Emanuel, who had hoped to bring the ordinance to the City Council for a vote on Sept. 14, pushed a vote back until Sept. 29 after aldermen said more time was needed to get input from the public. 
The ordinance that calls for the replacement of the Independent Police Review Authority with what is called the Civilian Office on Police Accountability also creates a new deputy inspector general position that would have the authority to investigate the police department. 
The moves are part of Emanuel&apos;s effort to restore public trust in the police force and his own leadership in the wake of the release of the McDonald video that led to reports that IPRA often took months or even years to investigate officer-involved shootings and nearly always sided with the officers. In a statement, the mayor addressed public skepticism, saying that &quot;The path forward will be about ... implementation, culture and building community trust in the system of police accountability.&quot; 
Under the ordinance, the new agency would investigate shootings, incidents when officers used their Tasers, allegations of physical and psychological coercion of witnesses by officers, allegations of improper searches, and allegations that officers have denied suspects access to attorneys. 
To address concerns stemming from the length of time IPRA over the years took to investigate shootings, the new agency would be required to complete investigations within six months or offer an explanation to the mayor&apos;s office, the police superintendent and others why an investigation has not been completed. Then it must issue similar reports every six months until the investigation is completed. 
The ordinance also calls for the creation of a new position of deputy inspector general for public safety who will review and audit the police department and the city&apos;s police board. Emanuel has promised that probes of the department will be independent and under the ordinance the person appointed to the post cannot have ever worked at the police department, police board or IPRA. 
Though Emanuel agreed to slow the process down, there is also pressure to act quickly, much of it stemming from concerns voiced by the head of IPRA who has informed the mayor that more and more staffers who know the agency is about to be abolished are quitting, which has made it increasingly difficult to conduct investigations. More Coverage 
</post>
<signature>

</signature>
<external_links>

</external_links>
<country>US</country>
<main_image>http://media.philly.com/images/8252182460d341048c606b2b9be9f943-343acb5eb6d742e29483e7c5889f07b2.jpg</main_image>
</document>
