<?xml version="1.0" encoding="UTF-8"?>
<document>
<type>mainstream</type>
<forum></forum>
<forum_title></forum_title>
<discussion_title>Bryan Cranston, Steve Carell, Laurence Fishburne to Star in Richard Linklater&apos;s New Film</discussion_title>
<language>english</language>
<gmt_offset></gmt_offset>
<topic_url>http://www.philly.com/philly/wires/reuters/entertainment/391776521.html</topic_url>
<topic_text>
Bryan Cranston, Steve Carell, Laurence Fishburne to Star in Richard Linklater&apos;s New Film Updated: August 30, 2016 — 3:43 PM EDT Share Variety Media, LLC 
By Justin Kroll 
LOS ANGELES (Variety.com) - Richard Linklater has found his next project and set an all-star ensemble to lead the film. 
Linklater will direct and write a long-in-the-works adaptation of the novel &quot;Last Flag Flying,&quot; with Bryan Cranston, Steve Carell, and Laurence Fishburne in talks to star. The movie is a sequel of sorts to the 1973 film &quot;The Last Detail&quot; starring Jack Nicholson and directed by Hal Ashby. 
Darryl Ponicsan&apos;s &quot;Last Flag Flying,&quot; published in 2005, is the follow-up to his 1970 novel, which was turned into the movie starring Nicholson, Randy Quaid, and Otis Young. Set during the Iraq War, the more recent book sees the return of the classic characters Billy Bad-Ass, Mule, and the hapless Meadows. The former Navy petty officers (played by Nicholson and Young in the original film) come to the aid of the ex-con (then portrayed by Quaid) trying to bring home the body of his son, who was killed in Iraq. 
Amazon is circling the project as a financier and distributor. 
Linklater has been trying to get the film off the ground since 2006, at one time hoping to cast the surviving original stars of &quot;The Last Detail&quot; in the second installment. His most recent movie, &quot;Everybody Wants Some!&quot; premiered earlier this year. He is repped by CAA. 
Carell was most recently seen in &quot;The Big Short.&quot; He is repped by WME. 
Cranston is coming off his Oscar-nominated performance in &quot;Trumbo&quot; and was also recently nominated for an Emmy in &quot;All the Way,&quot; in which he played President Lyndon B. Johnson. He is repped by UTA. 
Fishburne, who is repped by Paradigm, can be seen next in Sony&apos;s &quot;Passengers.&quot; Published: August 30, 2016 — 3:03 PM EDT | Updated: August 30, 2016 — 3:43 PM EDT We encourage respectful comments but reserve the right to delete anything that doesn&apos;t contribute to an engaging dialogue our guidelines Click here to take this quick survey. 
</topic_text>
<spam_score>0.04</spam_score>
<post_num>1</post_num>
<post_id>post-1</post_id>
<post_url>http://www.philly.com/philly/wires/reuters/entertainment/391776521.html</post_url>
<post_date>20160830</post_date>
<post_time></post_time>
<username>Justin Kroll</username>
<post>
Bryan Cranston, Steve Carell, Laurence Fishburne to Star in Richard Linklater&apos;s New Film Updated: August 30, 2016 — 3:43 PM EDT Share Variety Media, LLC 
By Justin Kroll 
LOS ANGELES (Variety.com) - Richard Linklater has found his next project and set an all-star ensemble to lead the film. 
Linklater will direct and write a long-in-the-works adaptation of the novel &quot;Last Flag Flying,&quot; with Bryan Cranston, Steve Carell, and Laurence Fishburne in talks to star. The movie is a sequel of sorts to the 1973 film &quot;The Last Detail&quot; starring Jack Nicholson and directed by Hal Ashby. 
Darryl Ponicsan&apos;s &quot;Last Flag Flying,&quot; published in 2005, is the follow-up to his 1970 novel, which was turned into the movie starring Nicholson, Randy Quaid, and Otis Young. Set during the Iraq War, the more recent book sees the return of the classic characters Billy Bad-Ass, Mule, and the hapless Meadows. The former Navy petty officers (played by Nicholson and Young in the original film) come to the aid of the ex-con (then portrayed by Quaid) trying to bring home the body of his son, who was killed in Iraq. 
Amazon is circling the project as a financier and distributor. 
Linklater has been trying to get the film off the ground since 2006, at one time hoping to cast the surviving original stars of &quot;The Last Detail&quot; in the second installment. His most recent movie, &quot;Everybody Wants Some!&quot; premiered earlier this year. He is repped by CAA. 
Carell was most recently seen in &quot;The Big Short.&quot; He is repped by WME. 
Cranston is coming off his Oscar-nominated performance in &quot;Trumbo&quot; and was also recently nominated for an Emmy in &quot;All the Way,&quot; in which he played President Lyndon B. Johnson. He is repped by UTA. 
Fishburne, who is repped by Paradigm, can be seen next in Sony&apos;s &quot;Passengers.&quot; Published: August 30, 2016 — 3:03 PM EDT | Updated: August 30, 2016 — 3:43 PM EDT We encourage respectful comments but reserve the right to delete anything that doesn&apos;t contribute to an engaging dialogue our guidelines Click here to take this quick survey. 
</post>
<signature>

</signature>
<external_links>

</external_links>
<country>US</country>
<main_image>http://media.philly.com/designimages/pcom-FB.jpg</main_image>
</document>
