<?xml version="1.0" encoding="UTF-8"?>
<document>
<type>mainstream</type>
<forum>http://www.bignewsnetwork.com/index.php/nav/rss/b9f388ba82df9ba1</forum>
<forum_title>Latest Big News Network RSS Feeds</forum_title>
<discussion_title>Top international universities and organisations to compete in MBZIRC</discussion_title>
<language>english</language>
<gmt_offset></gmt_offset>
<topic_url>http://www.bignewsnetwork.com/news/247215425/top-international-universities-and-organisations-to-compete-in-mbzirc</topic_url>
<topic_text>
Top international universities and organisations to compete in MBZIRC WAM Wednesday 31st August, 2016 ABU DHABI,30th August, 2016 (WAM) -- Khalifa University, the organiser of the Mohamed bin Zayed International Robotics Challenge (MBZIRC), has revealed that teams from leading universities and international organisations will be participating in the upcoming challenge. The 45 finalists come from prestigious academic institutes such as the Georgia Institute of Technology, the Korea Advanced Institute of Science and Technology (KAIST), the National University of Singapore, Xi&apos;an Jiaotong University and the King Abdullah University of Science and Technology, to name a few. Other teams represent various organisations with an interest in robotics, such as the UAE&apos;s Mohammed bin Rashed Space Center, Accelerated Dynamics from the UK, and NaviRobot LLC from Russia.
In addition to teams from the UAE, UK and USA, teams from Italy, Germany, KSA, Russia, Singapore, Malaysia, Canada, South Korea, and Spain were chosen from over 316 teams from 45 countries, who expressed their interest in participating in the Challenge, which is scheduled to take place in 2017, with prizes totaling US$5 million. 
&quot;We are pleased with the response we have received for this challenge and I&apos;m excited to see the finalists in action,&quot; said Dr. 
Arif Al Hammadi, Executive Vice President of Khalifa University. &quot;This is a unique challenge that will certainly give competitors an opportunity to display their skills to the world. The representation from across academia and industry will make for some interesting innovations that will no doubt have widespread effects on the field of robotics and determine how new technologies are applied in the future. We are looking forward to seeing the teams in action in 2017.&quot; 
He also said: &quot;The Challenge aims at taking the advanced science and technology to new levels in order to push forward the innovation to new horizons. This, in turn, will help support both Abu Dhabi&apos;s and UAE&apos;s knowledge economy visions.&quot; 
MBZIRC will consist of three challenges and a triathlon type &quot;Grand Challenge&quot;. It will take place in an outdoor open arena the approximate size of a football pitch. They will require unmanned aerial vehicles (UAVs) to locate, track and land on top of a moving ground vehicle, reach a second ground vehicle, locate and physically operate a valve on a side of the vehicle and collaborate with each other in order to search, locate, track, pick and place a set of static and moving objects. 
MBZIRC will be held the first time in March 2017 after it was launched last year and it will be held every two years with a different theme that matches the level of innovation during the period it will be organised. share this story
</topic_text>
<spam_score>0.00</spam_score>
<post_num>1</post_num>
<post_id>post-1</post_id>
<post_url>http://www.bignewsnetwork.com/news/247215425/top-international-universities-and-organisations-to-compete-in-mbzirc</post_url>
<post_date>20160830</post_date>
<post_time>2212</post_time>
<username></username>
<post>
Top international universities and organisations to compete in MBZIRC WAM Wednesday 31st August, 2016 ABU DHABI,30th August, 2016 (WAM) -- Khalifa University, the organiser of the Mohamed bin Zayed International Robotics Challenge (MBZIRC), has revealed that teams from leading universities and international organisations will be participating in the upcoming challenge. The 45 finalists come from prestigious academic institutes such as the Georgia Institute of Technology, the Korea Advanced Institute of Science and Technology (KAIST), the National University of Singapore, Xi&apos;an Jiaotong University and the King Abdullah University of Science and Technology, to name a few. Other teams represent various organisations with an interest in robotics, such as the UAE&apos;s Mohammed bin Rashed Space Center, Accelerated Dynamics from the UK, and NaviRobot LLC from Russia.
In addition to teams from the UAE, UK and USA, teams from Italy, Germany, KSA, Russia, Singapore, Malaysia, Canada, South Korea, and Spain were chosen from over 316 teams from 45 countries, who expressed their interest in participating in the Challenge, which is scheduled to take place in 2017, with prizes totaling US$5 million. 
&quot;We are pleased with the response we have received for this challenge and I&apos;m excited to see the finalists in action,&quot; said Dr. 
Arif Al Hammadi, Executive Vice President of Khalifa University. &quot;This is a unique challenge that will certainly give competitors an opportunity to display their skills to the world. The representation from across academia and industry will make for some interesting innovations that will no doubt have widespread effects on the field of robotics and determine how new technologies are applied in the future. We are looking forward to seeing the teams in action in 2017.&quot; 
He also said: &quot;The Challenge aims at taking the advanced science and technology to new levels in order to push forward the innovation to new horizons. This, in turn, will help support both Abu Dhabi&apos;s and UAE&apos;s knowledge economy visions.&quot; 
MBZIRC will consist of three challenges and a triathlon type &quot;Grand Challenge&quot;. It will take place in an outdoor open arena the approximate size of a football pitch. They will require unmanned aerial vehicles (UAVs) to locate, track and land on top of a moving ground vehicle, reach a second ground vehicle, locate and physically operate a valve on a side of the vehicle and collaborate with each other in order to search, locate, track, pick and place a set of static and moving objects. 
MBZIRC will be held the first time in March 2017 after it was launched last year and it will be held every two years with a different theme that matches the level of innovation during the period it will be organised. share this story
</post>
<signature>

</signature>
<external_links>

</external_links>
<country>US</country>
<main_image>http://static.bignewsnetwork.com/bignewsnetwork/big-news-network-slogan.jpg</main_image>
</document>
