<?xml version="1.0" encoding="UTF-8"?>
<document>
<type>mainstream</type>
<forum></forum>
<forum_title></forum_title>
<discussion_title>U.S. upsets Canada in inaugural of CoreStates Center</discussion_title>
<language>english</language>
<gmt_offset></gmt_offset>
<topic_url>http://www.philly.com/philly/sports/flyers/US-upsets-Canada-in-inaugural-of-CoreStates-Center.html</topic_url>
<topic_text>
U.S. upsets Canada in inaugural of CoreStates Center Updated: August 30, 2016 — 3:01 PM EDT Share 

They came, they cheered, and in the end, the United States conquered. 
Backed by a sellout crowd of 19,500, chanting &quot;USA, USA,&quot; the underdog Americans upset Canada, 5-3, last night their opener of the World Cup of Hockey. 
Toe Blake himself couldn&apos;t have scripted a more emotionally charged debut for Ed Snider&apos;s $210 million CoreStates Center. 
What made it all the more memorable was that the Flyers&apos; John LeClair, playing for the Americans, scored the first goal in the building. Eric Lindros, playing for Canada, had one assist. 
&quot;It [the goal] means a lot to me because it shows just how far U.S. hockey has come,&quot; LeClair said. 
The victory was the most significant win by a U.S. team since 1990, when the Americans defeated Canada at the Goodwill Games with all amateurs. In eight previous games against Canada using NHL players, the U.S. had only a tie. 
&quot;It&apos;ll give us confidence, but it&apos;s only one game,&quot; said U.S. coach Ron Wilson. &quot;Now we can expect to win against Canada, and not just hope to win.&quot; 
Brett Hall provided the game-winner when he blasted Chris Chelios&apos; cross-ice pass into the net 25 seconds into the final period. Hull also scored an empty-netter. 
Canada cut it to 4-3 in the final three minutes on Wayne Gretzky&apos;s second goal of the game before Hull sealed the win. &quot;It&apos;s just one game,&quot; Hull said. &quot;If you don&apos;t build upon it, it goes for naught.&quot; 
U.S. goalie Mike Richter made several outstanding saves in the final two periods, including a crucial one on Scott Stevens with 8:54 left to play on a rush into the zone with Mark Messier. 
Richter finished with 23 saves. Canada&apos;s Martin Brodeur had 21. 
&quot;We believed all along we could beat any team, including Canada,&quot; Richter said. &quot;In tournaments like this, you&apos;re expected to play hard and play well. I had to make a couple of saves in the second and third period, but that was my job.&quot; 
The game&apos;s tone was established it the first 20 seconds. 
&quot;Gloves went flying, and then all hell broke loose,&quot; Wilson said. 
The action began with Lindros pulling off Joel Otto&apos;s helmet immediately after the opening faceoff. Canada then rushed the puck into the offensive zone offsides and Bill Guerin pushed Lindros from behind after the whistle. 
Canada tough boy Keith Primeau then squared off with Guerin to finish a fight that actually had begun in the second game of exhibition play. While that was happening, U.S.A.&apos;s Keith Tkachuk took on Claude Lemieux. (Those two have never liked each other.) 
Primeau got a five-minute major for fighting, a 10-minute misconduct and an instigation penalty. Under a new rule, an instigation call doesn&apos;t get a player tossed from the game, though a second instigation penalty in the same game is grounds for a game misconduct. 
Guerin got five for fighting and Lemieux and Tkachuk each got 10-minute game misconducts, plus five for fighting. Naturally, the fights got the crowd roaring. 
The House That Ed Built really rocked, however, at 5:01 when LeClair tipped in the game&apos;s first goal. 
The play began with Bryan Smolinski&apos;s shot from the left wing circle that Tony Amonte spun around and chipped over to LeClair, who wasted no time beating Brodeur to his left. 
&quot;That was very exciting to me,&quot; LeClair said. &quot;It helped relieve a lot of jitters.&quot; 
That was the last shot the United States had that period as the Americans were outgunned, 10-3. 
Both teams had opportunities in the middle period but Richter, the Flourtown native, who got cheers from the Philadelphia crowd, came up with a huge kick save on Vincent Damphousse on a two-on-one break near the midway mark. 
&quot;The Americans just beat us,&quot; said Canada coach Glen Sather. He downplayed fatigue noting that &quot;my two best players [Gretzky and Messier] are 35.&quot; 
Asked about the play of Lindros, Sather said, &quot;Lindros played under a lot of pressure. He worked hard, skated hard, but sometimes, it&apos;s a case of trying too hard.&quot; 
Trying without his usual linemates, too. 
Primeau missed much of the first period, and Brendan Shanahan sat out with a one-game suspension, because of a second period high-sticking penalty in Canada&apos;s 5-3 win over Russia on Thursday. Published: 
</topic_text>
<spam_score>0.28</spam_score>
<post_num>1</post_num>
<post_id>post-1</post_id>
<post_url>http://www.philly.com/philly/sports/flyers/US-upsets-Canada-in-inaugural-of-CoreStates-Center.html</post_url>
<post_date>20160830</post_date>
<post_time></post_time>
<username>Tim Panaccio</username>
<post>
U.S. upsets Canada in inaugural of CoreStates Center Updated: August 30, 2016 — 3:01 PM EDT Share 

They came, they cheered, and in the end, the United States conquered. 
Backed by a sellout crowd of 19,500, chanting &quot;USA, USA,&quot; the underdog Americans upset Canada, 5-3, last night their opener of the World Cup of Hockey. 
Toe Blake himself couldn&apos;t have scripted a more emotionally charged debut for Ed Snider&apos;s $210 million CoreStates Center. 
What made it all the more memorable was that the Flyers&apos; John LeClair, playing for the Americans, scored the first goal in the building. Eric Lindros, playing for Canada, had one assist. 
&quot;It [the goal] means a lot to me because it shows just how far U.S. hockey has come,&quot; LeClair said. 
The victory was the most significant win by a U.S. team since 1990, when the Americans defeated Canada at the Goodwill Games with all amateurs. In eight previous games against Canada using NHL players, the U.S. had only a tie. 
&quot;It&apos;ll give us confidence, but it&apos;s only one game,&quot; said U.S. coach Ron Wilson. &quot;Now we can expect to win against Canada, and not just hope to win.&quot; 
Brett Hall provided the game-winner when he blasted Chris Chelios&apos; cross-ice pass into the net 25 seconds into the final period. Hull also scored an empty-netter. 
Canada cut it to 4-3 in the final three minutes on Wayne Gretzky&apos;s second goal of the game before Hull sealed the win. &quot;It&apos;s just one game,&quot; Hull said. &quot;If you don&apos;t build upon it, it goes for naught.&quot; 
U.S. goalie Mike Richter made several outstanding saves in the final two periods, including a crucial one on Scott Stevens with 8:54 left to play on a rush into the zone with Mark Messier. 
Richter finished with 23 saves. Canada&apos;s Martin Brodeur had 21. 
&quot;We believed all along we could beat any team, including Canada,&quot; Richter said. &quot;In tournaments like this, you&apos;re expected to play hard and play well. I had to make a couple of saves in the second and third period, but that was my job.&quot; 
The game&apos;s tone was established it the first 20 seconds. 
&quot;Gloves went flying, and then all hell broke loose,&quot; Wilson said. 
The action began with Lindros pulling off Joel Otto&apos;s helmet immediately after the opening faceoff. Canada then rushed the puck into the offensive zone offsides and Bill Guerin pushed Lindros from behind after the whistle. 
Canada tough boy Keith Primeau then squared off with Guerin to finish a fight that actually had begun in the second game of exhibition play. While that was happening, U.S.A.&apos;s Keith Tkachuk took on Claude Lemieux. (Those two have never liked each other.) 
Primeau got a five-minute major for fighting, a 10-minute misconduct and an instigation penalty. Under a new rule, an instigation call doesn&apos;t get a player tossed from the game, though a second instigation penalty in the same game is grounds for a game misconduct. 
Guerin got five for fighting and Lemieux and Tkachuk each got 10-minute game misconducts, plus five for fighting. Naturally, the fights got the crowd roaring. 
The House That Ed Built really rocked, however, at 5:01 when LeClair tipped in the game&apos;s first goal. 
The play began with Bryan Smolinski&apos;s shot from the left wing circle that Tony Amonte spun around and chipped over to LeClair, who wasted no time beating Brodeur to his left. 
&quot;That was very exciting to me,&quot; LeClair said. &quot;It helped relieve a lot of jitters.&quot; 
That was the last shot the United States had that period as the Americans were outgunned, 10-3. 
Both teams had opportunities in the middle period but Richter, the Flourtown native, who got cheers from the Philadelphia crowd, came up with a huge kick save on Vincent Damphousse on a two-on-one break near the midway mark. 
&quot;The Americans just beat us,&quot; said Canada coach Glen Sather. He downplayed fatigue noting that &quot;my two best players [Gretzky and Messier] are 35.&quot; 
Asked about the play of Lindros, Sather said, &quot;Lindros played under a lot of pressure. He worked hard, skated hard, but sometimes, it&apos;s a case of trying too hard.&quot; 
Trying without his usual linemates, too. 
Primeau missed much of the first period, and Brendan Shanahan sat out with a one-game suspension, because of a second period high-sticking penalty in Canada&apos;s 5-3 win over Russia on Thursday. Published: 
</post>
<signature>

</signature>
<external_links>

</external_links>
<country>US</country>
<main_image>http://media.philly.com/images/RS141165_WFC31-bb-pco.jpg</main_image>
</document>
