<?xml version="1.0" encoding="UTF-8"?>
<document>
<type>mainstream</type>
<forum>http://www.chicoer.com/section?template=RSS&amp;profile=4005712&amp;mime=xml</forum>
<forum_title>RSS Feed from Chico Enterprise-Record: http://www.chicoer.com</forum_title>
<discussion_title>As 49ers, Colin Kaepernick head to San Diego, safety becomes an issue</discussion_title>
<language>english</language>
<gmt_offset></gmt_offset>
<topic_url>http://www.chicoer.com/article/zz/20160830/NEWS/160839772</topic_url>
<topic_text>
As 49ers, Colin Kaepernick head to San Diego, safety becomes an issue By Cam Inman, # Comments 
SANTA CLARA -- Colin Kaepernick&apos;s national anthem protest has made him a lightning-rod for criticism, but that doesn&apos;t have him fearing his safety when the 49ers visit the San Diego Chargers for Thursday&apos;s exhibition-season finale. 
&quot;No, because if something happened, you&apos;d be proving my point,&quot; Kaepernick said Tuesday in an informal talk with reporters at his locker. 
To draw attention to racial injustice and social issues, Kaepernick has sat for every national anthem through three exhibition games, though his protest didn&apos;t become known publicly until after Friday&apos;s home loss to the Green Bay Packers. 
&quot;I knew what I was walking into,&quot; Kaepernick added. &quot;That&apos;s why it&apos;s a sacrifice.&quot; Advertisement 
Kaepernick&apos;s safety, and that of his 49ers teammates, will be handled not only through the Chargers&apos; stadium personnel but also the 49ers&apos; own detail that typically travels and takes a pro-active approach in such matters. A 49ers spokesman declined to detail any such plans. 
The national anthem will be part of the telecast on the local broadcast (KPIX, Channel 5), said to sports director Dennis O&apos;Donnell. 
Coach Chip Kelly said Kaepernick indeed will play Thursday, and that presumably will be in a starting role. Blaine Gabbert, their starter the first three exhibitions, will not play. &quot;We&apos;ve got a good understanding of where Blaine is,&quot; said Kelly, noting that Kaepernick missed the first two exhibitions with a sore arm and needs more snaps for evaluation purposes. 
San Diego&apos;s massive presence of military personnel could result in a rude welcome for Kaepernick, who&apos;s insisted that his anthem protest and anti-flag comments are not meant to offend the military. 
The Chargers will celebrate their 28th annual Salute to the Military at the game. Navy officers will perform the national anthem pregame while over 240 military personnel unfurl a &quot;U.S. Super Flag. Also, &quot;God Bless America&quot; will be sung by a Navy officer after a halftime ceremony honoring Vietnam War veterans and wounded warriors. 
&quot;I have great respect for our men and women that fought for this country,&quot; Kaepernick said Sunday. &quot;I have family, I have friends that have fought for this country. And they fight for freedom. They fight for liberty and justice, for everyone. And that&apos;s not happening.&quot; 
Kaepernick said the only articles he&apos;s read are ones filtered to him through his family and close friends. Although he&apos;s drawn support from many realms, he said he hasn&apos;t directly heard from the White House, and that his phone hasn&apos;t been overloaded by messages because few people have his number. 
Wide receiver Torrey Smith is expecting a barrage of taunts toward Kaepernick from the San Diego crowd. 
&quot;You&apos;re going to get dog-cussed, and people have the right to do that,&quot; Smith said. &quot;Kap knows what kind of heat he&apos;s going to take. ... You&apos;ll hear stuff and see signs. 
&quot;If people are offended by (Kaepernick&apos;s protest), that&apos;s part of the problem. But people shouldn&apos;t get physical over it.&quot; 
Outside linebacker Corey Lemonier said he has friends in the military based in San Diego. Might they sound off on Kaepernick? &quot;Yeah, but that&apos;s what it&apos;s about, the First Ammendment,&quot; Lemonier said. &quot;Everyone has a right to say what they want to say.&quot; 
Because this is the exhibition finale, players such as Lemonier won&apos;t be focused on their safety as much as this being a last chance to prove their roster worth. &quot;It&apos;s pretty crucial for me and most guys, and I can&apos;t be focused on (safety),&quot; Lemonier added. 
Asked if Kaepernick will require extra security on the 49ers sideline, Kelly responded: &quot;I&apos;m not a security guy.&quot; 
When it comes to Kaepernick&apos;s roster plight, Kelly deferred to general manager Trent Baalke&apos;s authority in making the final personnel decisions, albeit with Kelly&apos;s input. &quot;The final say is Trent&apos;s, and that&apos;s the way it should be,&quot; Kelly said. &quot;But we&apos;ve got a really cooperative relationship. We see things the same way.&quot; 
Baalke has yet to comment on Kaepernick&apos;s national-anthem protest or roster standing. 
The 49ers anticipated Ellington&apos;s exit by recently trading with the Detroit Lions for slot receiver and return specialist Jeremy Kerley, a deal that became official Monday. 
For more on the 49ers, see Cam Inman&apos;s Hot Read blog at . Follow him on Twitter at .
</topic_text>
<spam_score>0.00</spam_score>
<post_num>1</post_num>
<post_id>post-1</post_id>
<post_url>http://www.chicoer.com/article/zz/20160830/NEWS/160839772</post_url>
<post_date>20160831</post_date>
<post_time>0005</post_time>
<username>Cam Inman, cinman@bayareanewsgroup.com</username>
<post>
As 49ers, Colin Kaepernick head to San Diego, safety becomes an issue By Cam Inman, # Comments 
SANTA CLARA -- Colin Kaepernick&apos;s national anthem protest has made him a lightning-rod for criticism, but that doesn&apos;t have him fearing his safety when the 49ers visit the San Diego Chargers for Thursday&apos;s exhibition-season finale. 
&quot;No, because if something happened, you&apos;d be proving my point,&quot; Kaepernick said Tuesday in an informal talk with reporters at his locker. 
To draw attention to racial injustice and social issues, Kaepernick has sat for every national anthem through three exhibition games, though his protest didn&apos;t become known publicly until after Friday&apos;s home loss to the Green Bay Packers. 
&quot;I knew what I was walking into,&quot; Kaepernick added. &quot;That&apos;s why it&apos;s a sacrifice.&quot; Advertisement 
Kaepernick&apos;s safety, and that of his 49ers teammates, will be handled not only through the Chargers&apos; stadium personnel but also the 49ers&apos; own detail that typically travels and takes a pro-active approach in such matters. A 49ers spokesman declined to detail any such plans. 
The national anthem will be part of the telecast on the local broadcast (KPIX, Channel 5), said to sports director Dennis O&apos;Donnell. 
Coach Chip Kelly said Kaepernick indeed will play Thursday, and that presumably will be in a starting role. Blaine Gabbert, their starter the first three exhibitions, will not play. &quot;We&apos;ve got a good understanding of where Blaine is,&quot; said Kelly, noting that Kaepernick missed the first two exhibitions with a sore arm and needs more snaps for evaluation purposes. 
San Diego&apos;s massive presence of military personnel could result in a rude welcome for Kaepernick, who&apos;s insisted that his anthem protest and anti-flag comments are not meant to offend the military. 
The Chargers will celebrate their 28th annual Salute to the Military at the game. Navy officers will perform the national anthem pregame while over 240 military personnel unfurl a &quot;U.S. Super Flag. Also, &quot;God Bless America&quot; will be sung by a Navy officer after a halftime ceremony honoring Vietnam War veterans and wounded warriors. 
&quot;I have great respect for our men and women that fought for this country,&quot; Kaepernick said Sunday. &quot;I have family, I have friends that have fought for this country. And they fight for freedom. They fight for liberty and justice, for everyone. And that&apos;s not happening.&quot; 
Kaepernick said the only articles he&apos;s read are ones filtered to him through his family and close friends. Although he&apos;s drawn support from many realms, he said he hasn&apos;t directly heard from the White House, and that his phone hasn&apos;t been overloaded by messages because few people have his number. 
Wide receiver Torrey Smith is expecting a barrage of taunts toward Kaepernick from the San Diego crowd. 
&quot;You&apos;re going to get dog-cussed, and people have the right to do that,&quot; Smith said. &quot;Kap knows what kind of heat he&apos;s going to take. ... You&apos;ll hear stuff and see signs. 
&quot;If people are offended by (Kaepernick&apos;s protest), that&apos;s part of the problem. But people shouldn&apos;t get physical over it.&quot; 
Outside linebacker Corey Lemonier said he has friends in the military based in San Diego. Might they sound off on Kaepernick? &quot;Yeah, but that&apos;s what it&apos;s about, the First Ammendment,&quot; Lemonier said. &quot;Everyone has a right to say what they want to say.&quot; 
Because this is the exhibition finale, players such as Lemonier won&apos;t be focused on their safety as much as this being a last chance to prove their roster worth. &quot;It&apos;s pretty crucial for me and most guys, and I can&apos;t be focused on (safety),&quot; Lemonier added. 
Asked if Kaepernick will require extra security on the 49ers sideline, Kelly responded: &quot;I&apos;m not a security guy.&quot; 
When it comes to Kaepernick&apos;s roster plight, Kelly deferred to general manager Trent Baalke&apos;s authority in making the final personnel decisions, albeit with Kelly&apos;s input. &quot;The final say is Trent&apos;s, and that&apos;s the way it should be,&quot; Kelly said. &quot;But we&apos;ve got a really cooperative relationship. We see things the same way.&quot; 
Baalke has yet to comment on Kaepernick&apos;s national-anthem protest or roster standing. 
The 49ers anticipated Ellington&apos;s exit by recently trading with the Detroit Lions for slot receiver and return specialist Jeremy Kerley, a deal that became official Monday. 
For more on the 49ers, see Cam Inman&apos;s Hot Read blog at . Follow him on Twitter at .
</post>
<signature>

</signature>
<external_links>

</external_links>
<country>US</country>
<main_image>http://local.chicoer.com/common/dfm/assets/logos/small/chicoer.png?082016</main_image>
</document>
