<?xml version="1.0" encoding="UTF-8"?>
<document>
<type>mainstream</type>
<forum>http://www.arabianbusiness.com/?service=rss</forum>
<forum_title>Arabian Business - Home</forum_title>
<discussion_title>New law in Kuwait bans expats from returning within two years of exit</discussion_title>
<language>english</language>
<gmt_offset></gmt_offset>
<topic_url>http://www.arabianbusiness.com/new-law-in-kuwait-bans-expats-from-returning-within-two-years-of-exit-643961.html</topic_url>
<topic_text>
New law in Kuwait bans expats from returning within two years of exit Article Tuesday, 30 August 2016 1:30 PM 
Image: Shutterstock 
Kuwait&apos;s Interior Ministry has reinstated a law that bans expats who leave the country from returning within two years. 
The law applies to expats who worked as company representatives or drivers, reported Kuwait Times . 
The ministry&apos;s move came after it discovered that several foreign workers had tricked employers into hiring them as firm representative or drivers in order to obtain a driving licence. 
Officials discovered that the expats would then leave Kuwait only to come back shortly after to apply for a job with another country, all the while maintaining their licence.
</topic_text>
<spam_score>0.00</spam_score>
<post_num>1</post_num>
<post_id>post-1</post_id>
<post_url>http://www.arabianbusiness.com/new-law-in-kuwait-bans-expats-from-returning-within-two-years-of-exit-643961.html</post_url>
<post_date>20160830</post_date>
<post_time>0930</post_time>
<username></username>
<post>
New law in Kuwait bans expats from returning within two years of exit Article Tuesday, 30 August 2016 1:30 PM 
Image: Shutterstock 
Kuwait&apos;s Interior Ministry has reinstated a law that bans expats who leave the country from returning within two years. 
The law applies to expats who worked as company representatives or drivers, reported Kuwait Times . 
The ministry&apos;s move came after it discovered that several foreign workers had tricked employers into hiring them as firm representative or drivers in order to obtain a driving licence. 
Officials discovered that the expats would then leave Kuwait only to come back shortly after to apply for a job with another country, all the while maintaining their licence.
</post>
<signature>

</signature>
<external_links>

</external_links>
<country>US</country>
<main_image>http://www.arabianbusiness.com/incoming/article640805.ece/BINARY/Kuwait-City.jpg</main_image>
</document>
