<?xml version="1.0" encoding="UTF-8"?>
<document>
<type>mainstream</type>
<forum>http://www.theatlantic.com/international/</forum>
<forum_title>Global - The Atlantic</forum_title>
<discussion_title>UN Says at Least 10,000 Killed in Yemen, Exceeding Previous Estimates</discussion_title>
<language>english</language>
<gmt_offset></gmt_offset>
<topic_url>http://www.theatlantic.com/news/archive/2016/08/the-10000-civilians-killed-in-yemen/498068/</topic_url>
<topic_text>
NEWS BRIEF The United Nations said Tuesday at least 10,000 civilians have been killed during Yemen’s 18-month civil war, an estimate that surpasses previous reports.
Jamie McGoldrick, a UN humanitarian official and the agency’s representative to Yemen , said the new estimate is based on statistics from medical facilities in the country—a number that may rise as many people are often buried without official records, Reuters reports . Previous estimates ranged between 4,000 and 9,000 casualties.
“We know the numbers are much higher but we can’t tell you by how much,&quot; McGoldrick told reporters Tuesday at a news conference in the capital city of Sanaa. “The figures we have are probably incomplete because we take the numbers from functioning health services, and in some of these areas there are no functioning health services.”
Medical facilities, where they exist in the country, have not been immune to the escalation in hostilities. A Médecins Sans Frontières (Doctors Without Borders) hospital was bombed in northern Yemen this month , killing 11 people and wounding 19. The medical charity said it was the fourth attack against one of their facilities in less than a year, further endangering the already limited access to health care in the country.
</topic_text>
<spam_score>0.00</spam_score>
<post_num>1</post_num>
<post_id>post-1</post_id>
<post_url>http://www.theatlantic.com/news/archive/2016/08/the-10000-civilians-killed-in-yemen/498068/</post_url>
<post_date>20160830</post_date>
<post_time>1735</post_time>
<username>Yasmeen Serhan</username>
<post>
NEWS BRIEF The United Nations said Tuesday at least 10,000 civilians have been killed during Yemen’s 18-month civil war, an estimate that surpasses previous reports.
Jamie McGoldrick, a UN humanitarian official and the agency’s representative to Yemen , said the new estimate is based on statistics from medical facilities in the country—a number that may rise as many people are often buried without official records, Reuters reports . Previous estimates ranged between 4,000 and 9,000 casualties.
“We know the numbers are much higher but we can’t tell you by how much,&quot; McGoldrick told reporters Tuesday at a news conference in the capital city of Sanaa. “The figures we have are probably incomplete because we take the numbers from functioning health services, and in some of these areas there are no functioning health services.”
Medical facilities, where they exist in the country, have not been immune to the escalation in hostilities. A Médecins Sans Frontières (Doctors Without Borders) hospital was bombed in northern Yemen this month , killing 11 people and wounding 19. The medical charity said it was the fourth attack against one of their facilities in less than a year, further endangering the already limited access to health care in the country.
</post>
<signature>

</signature>
<external_links>
<external_link>http://www.reuters.com/article/us-yemen-security-toll-idUSKCN11516W?utm_campaign=trueAnthem:+Trending+Content&amp;utm_content=57c5aeae04d301778e8d780f&amp;utm_medium=trueAnthem&amp;utm_source=twitter</external_link><external_link>http://www.aljazeera.com/news/2016/08/10000-killed-yemen-conflict-160830173324902.html%5D</external_link>
</external_links>
<country>US</country>
<main_image>https://cdn.theatlantic.com/assets/media/img/mt/2016/08/AP_16242417760616/facebook.jpg?1472585346</main_image>
</document>
