<?xml version="1.0" encoding="UTF-8"?>
<document>
<type>mainstream</type>
<forum>http://www.directemploi.com/pageThematique/rssThematique/id_rss_thematique/36</forum>
<forum_title>Conseil / Organisation / Stratégie</forum_title>
<discussion_title>CONSEILLER TELEPHONIQUE (F/H)</discussion_title>
<language>french</language>
<gmt_offset></gmt_offset>
<topic_url>http://www.directemploi.com/offre/3335302/conseiller-telephonique-f-h</topic_url>
<topic_text>
  de l&apos;assistanat, de la comptabilité et de la gestion,   des conseillers clientèle (F/H) Poste 
Au sein du service après vente France, vous répondez aux clients selon des procédures à respecter. Vous êtes capable de prendre en charge des réclamations clients et proposer la solution la plus adaptée au meilleur coût. Votre savoir être est orienté équipe. La satisfaction client est votre priorité . Horaires de travail de 8h55 a 19h05 en planning sur 5 semaines avec un samedi sur 2 travaillé -Des avantages d&apos;Entreprise seront attribués également. Profil 
Vous devez être titulaire d&apos;un Bac et avoir au moins 6 mois d&apos;expérience. Vous avez une expérience acquise au téléphone , idéalement en réclamation client . Votre priorité est de satisfaire le client.  
</topic_text>
<spam_score>0.00</spam_score>
<post_num>1</post_num>
<post_id>post-1</post_id>
<post_url>http://www.directemploi.com/offre/3335302/conseiller-telephonique-f-h</post_url>
<post_date>20160831</post_date>
<post_time>0000</post_time>
<username></username>
<post>
  de l&apos;assistanat, de la comptabilité et de la gestion,   des conseillers clientèle (F/H) Poste 
Au sein du service après vente France, vous répondez aux clients selon des procédures à respecter. Vous êtes capable de prendre en charge des réclamations clients et proposer la solution la plus adaptée au meilleur coût. Votre savoir être est orienté équipe. La satisfaction client est votre priorité . Horaires de travail de 8h55 a 19h05 en planning sur 5 semaines avec un samedi sur 2 travaillé -Des avantages d&apos;Entreprise seront attribués également. Profil 
Vous devez être titulaire d&apos;un Bac et avoir au moins 6 mois d&apos;expérience. Vous avez une expérience acquise au téléphone , idéalement en réclamation client . Votre priorité est de satisfaire le client.  
</post>
<signature>

</signature>
<external_links>

</external_links>
<country>IT</country>
<main_image></main_image>
</document>
