<?xml version="1.0" encoding="UTF-8"?>
<document>
<type>mainstream</type>
<forum>http://foro.recuperarelpelo.com/feed.php</forum>
<forum_title>Recuperar El Pelo</forum_title>
<discussion_title>Prótesis/Productos Temporales para disimular la Alopecia • Suelo tironear o desplazar la Skin después de colocada con cintas</discussion_title>
<language>spanish</language>
<gmt_offset></gmt_offset>
<topic_url>http://foro.recuperarelpelo.com/viewtopic.php?t=62916</topic_url>
<topic_text>
  1:15   1:15 am #545948 Es peligroso eso? Siempre lo hice asi hasta lograr la posición exacta, aunque noto que después de siete meses se desprenden algunos nudos con 4 o 5 pelos. Es por ello?  
</topic_text>
<spam_score>0.00</spam_score>
<post_num>1</post_num>
<post_id>post-1</post_id>
<post_url>http://foro.recuperarelpelo.com/viewtopic.php?t=62916</post_url>
<post_date>20160831</post_date>
<post_time>0015</post_time>
<username>najseba</username>
<post>
  1:15   1:15 am #545948 Es peligroso eso? Siempre lo hice asi hasta lograr la posición exacta, aunque noto que después de siete meses se desprenden algunos nudos con 4 o 5 pelos. Es por ello?  
</post>
<signature>

</signature>
<external_links>

</external_links>
<country>GB</country>
<main_image></main_image>
</document>
