<?xml version="1.0" encoding="UTF-8"?>
<document>
<type>mainstream</type>
<forum></forum>
<forum_title></forum_title>
<discussion_title>US to decide on protections for 9 species</discussion_title>
<language>english</language>
<gmt_offset></gmt_offset>
<topic_url>http://www.philly.com/philly/wires/ap/news/391780041.html</topic_url>
<topic_text>
US to decide on protections for 9 species Updated: August 30, 2016 — 2:37 PM EDT Share The Associated Press The Associated Press 
A legal settlement filed Tuesday requires the U.S. Fish and Wildlife Service to decide on Endangered Species Act protections for nine species under deadlines: 
-Alligator snapping turtle 
Historic range: Mississippi River watershed, from Georgia and northwestern Florida to eastern Texas, and as far north as southeast Kansas, southeast Iowa, Illinois, and Indiana. Common in all but extreme north and eastern parts of its range. 
Now: Likely gone from Iowa, Illinois, Kentucky, Missouri, and Tennessee, reduced by estimated 95 percent over much of its range. 
Decision deadline: September 30, 2020 
-Barrens topminnow 
Historic range: Caney Fork, Duck and Elk rivers in Tennessee&apos;s Barrens Plateau; population estimated at 4,500 to 5,000 in 1983. 
Now: found in four spots, with maximum total population estimated in the hundreds. 
Decision deadline: December 31, 2017 
-Beaverpond marstonia (tiny freshwater snail) 
Historic range: Cedar Creek in the Flint River watershed in Crisp County, Georgia. 
Now: Surveys in recent years have failed to find even one. 
Decision deadline: April 1, 2017 
-California spotted owl 
Historic range: California and Nevada. 
Now: &quot;The population dropped by as much as 22 percent in the southern Cascades in the last 18 years, and scientists estimate the population was cut in half since 1990 in the central Sierra Nevada.&quot; 
Decision deadline: September 30, 2019; 
-Canoe Creek pigtoe 
Historic and current range: Big Canoe Creek, in Alabama&apos;s Mobile Basin. 
&quot;The mussel was only discovered as a distinct species in 2006, and fewer than two dozen individuals have ever been seen.&quot; 
Decision deadline: September 30, 2020 
-- Cobblestone tiger beetle 
Historic range: Alabama to Vermont 
Now: Winooski River in Vermont, Connecticut River in New Hampshire and Vermont, Sciota River in Ohio, Delaware River in New Jersey and Pennsylvania, Whitewater River in Indiana and Coosa River in Alabama. 
Decision deadline: September 30, 2019; 
-Foothill yellow-legged frog 
Historic range: Oregon and California, from Marion County in northern Oregon to Los Angeles County, and from the foothills of the western Sierra Nevada to the San Gabriel Mountains - and possibly into Baja California, Mexico. 
Decision deadline: September 30, 2020 
-Northern Rockies fisher (a housecat-sized member of the weasel family with a fox-like face) 
Historic range: eastern British Columbia and southwestern Alberta through northeastern Washington, Idaho, Montana, northwest Wyoming, and north-central Utah. 
Now: small populations found only along the border of Montana and northern Idaho 
Decision deadline: September 30, 2017 
-Virgin River spinedace (desert minnow) 
Historic: throughout the Virgin River basin in northwestern Arizona, southeastern Nevada, and southwestern Utah 
Now: its range is now reduced by 55 percent. 
Decision deadline: September 30, 2021 
___ 
Information from legal settlement, lawsuit from Center for Biological Diversity of Tucson, Arizona Published: 
</topic_text>
<spam_score>0.74</spam_score>
<post_num>1</post_num>
<post_id>post-1</post_id>
<post_url>http://www.philly.com/philly/wires/ap/news/391780041.html</post_url>
<post_date>20160830</post_date>
<post_time></post_time>
<username>The Associated Press</username>
<post>
US to decide on protections for 9 species Updated: August 30, 2016 — 2:37 PM EDT Share The Associated Press The Associated Press 
A legal settlement filed Tuesday requires the U.S. Fish and Wildlife Service to decide on Endangered Species Act protections for nine species under deadlines: 
-Alligator snapping turtle 
Historic range: Mississippi River watershed, from Georgia and northwestern Florida to eastern Texas, and as far north as southeast Kansas, southeast Iowa, Illinois, and Indiana. Common in all but extreme north and eastern parts of its range. 
Now: Likely gone from Iowa, Illinois, Kentucky, Missouri, and Tennessee, reduced by estimated 95 percent over much of its range. 
Decision deadline: September 30, 2020 
-Barrens topminnow 
Historic range: Caney Fork, Duck and Elk rivers in Tennessee&apos;s Barrens Plateau; population estimated at 4,500 to 5,000 in 1983. 
Now: found in four spots, with maximum total population estimated in the hundreds. 
Decision deadline: December 31, 2017 
-Beaverpond marstonia (tiny freshwater snail) 
Historic range: Cedar Creek in the Flint River watershed in Crisp County, Georgia. 
Now: Surveys in recent years have failed to find even one. 
Decision deadline: April 1, 2017 
-California spotted owl 
Historic range: California and Nevada. 
Now: &quot;The population dropped by as much as 22 percent in the southern Cascades in the last 18 years, and scientists estimate the population was cut in half since 1990 in the central Sierra Nevada.&quot; 
Decision deadline: September 30, 2019; 
-Canoe Creek pigtoe 
Historic and current range: Big Canoe Creek, in Alabama&apos;s Mobile Basin. 
&quot;The mussel was only discovered as a distinct species in 2006, and fewer than two dozen individuals have ever been seen.&quot; 
Decision deadline: September 30, 2020 
-- Cobblestone tiger beetle 
Historic range: Alabama to Vermont 
Now: Winooski River in Vermont, Connecticut River in New Hampshire and Vermont, Sciota River in Ohio, Delaware River in New Jersey and Pennsylvania, Whitewater River in Indiana and Coosa River in Alabama. 
Decision deadline: September 30, 2019; 
-Foothill yellow-legged frog 
Historic range: Oregon and California, from Marion County in northern Oregon to Los Angeles County, and from the foothills of the western Sierra Nevada to the San Gabriel Mountains - and possibly into Baja California, Mexico. 
Decision deadline: September 30, 2020 
-Northern Rockies fisher (a housecat-sized member of the weasel family with a fox-like face) 
Historic range: eastern British Columbia and southwestern Alberta through northeastern Washington, Idaho, Montana, northwest Wyoming, and north-central Utah. 
Now: small populations found only along the border of Montana and northern Idaho 
Decision deadline: September 30, 2017 
-Virgin River spinedace (desert minnow) 
Historic: throughout the Virgin River basin in northwestern Arizona, southeastern Nevada, and southwestern Utah 
Now: its range is now reduced by 55 percent. 
Decision deadline: September 30, 2021 
___ 
Information from legal settlement, lawsuit from Center for Biological Diversity of Tucson, Arizona Published: 
</post>
<signature>

</signature>
<external_links>

</external_links>
<country>US</country>
<main_image>http://media.philly.com/designimages/pcom-FB.jpg</main_image>
</document>
