<?xml version="1.0" encoding="UTF-8"?>
<document>
<type>mainstream</type>
<forum>http://rzeszowiak.pl//rss/Praca-Zatrudnie.xml</forum>
<forum_title>Praca www.rzeszowiak.pl</forum_title>
<discussion_title>PRACOWNIK BIUROWY Z JĘZYKIEM WŁOSKIM I ANGIELSKIM ...</discussion_title>
<language>polish</language>
<gmt_offset></gmt_offset>
<topic_url>http://www.rzeszowiak.pl/agencja-rekrutacyjna-hr-center-kraz-14510-poszukuje-dla-8331492</topic_url>
<topic_text>
Obowiązki:-kontrola nad prawidłowym przepływem dokumentów i informacji - Współpraca z działem księgowosci - Zapewnianie ciagłości pracy biura - Archiwizacja dokumentów, obsługa urzadzeń biurowych- Dbanie o wizerunek firmy - Dobra obsługa komputera, w tym programów Word i ExcelOferujemy:- Stabilne zatrudnienie w oparciu o umowę o pracę (3500-4000 zł brutto)- Możliwość rozwoju oraz podnoszenia kwalifikacji zawodowychZainteresowane osoby prosimy o przesyłanie CV na adres [email protected] zawierającego zapis:W temacie wiadomości prosimy wpisać nazwę stanowiska pracy.Informujemy, że skontaktujemy się z wybranymi osobami.
</topic_text>
<spam_score>0.00</spam_score>
<post_num>1</post_num>
<post_id>post-1</post_id>
<post_url>http://www.rzeszowiak.pl/agencja-rekrutacyjna-hr-center-kraz-14510-poszukuje-dla-8331492</post_url>
<post_date>20160830</post_date>
<post_time>1757</post_time>
<username>PRACOWNIK BIUROWY Z JĘZYKIEM WŁOSKIM I ANGIELSKIM</username>
<post>
Obowiązki:-kontrola nad prawidłowym przepływem dokumentów i informacji - Współpraca z działem księgowosci - Zapewnianie ciagłości pracy biura - Archiwizacja dokumentów, obsługa urzadzeń biurowych- Dbanie o wizerunek firmy - Dobra obsługa komputera, w tym programów Word i ExcelOferujemy:- Stabilne zatrudnienie w oparciu o umowę o pracę (3500-4000 zł brutto)- Możliwość rozwoju oraz podnoszenia kwalifikacji zawodowychZainteresowane osoby prosimy o przesyłanie CV na adres [email protected] zawierającego zapis:W temacie wiadomości prosimy wpisać nazwę stanowiska pracy.Informujemy, że skontaktujemy się z wybranymi osobami.
</post>
<signature>

</signature>
<external_links>

</external_links>
<country>PL</country>
<main_image></main_image>
</document>
