<?xml version="1.0" encoding="UTF-8"?>
<document>
<type>mainstream</type>
<forum>http://rzeszowiak.pl//rss/Praca-Zatrudnie.xml</forum>
<forum_title>Praca www.rzeszowiak.pl</forum_title>
<discussion_title>Specjalista ds. Marketingu i Rozwoju ...</discussion_title>
<language>polish</language>
<gmt_offset></gmt_offset>
<topic_url>http://www.rzeszowiak.pl/specjalista-ds-marketingu-i-rozwoju-miejsce-pracy-rzeszowwybrana-8331756</topic_url>
<topic_text>
*Aktywne poszukiwanie oraz weryfikację nowych klientów na terenie Europy*Negocjowanie warunków współpracy*Budowanie długotrwałych relacji biznesowych z klientami firmy*Przygotowywanie raportów i analiz sprzedaży*Monitorowanie działalności konkurencji*Opieka nad stroną internetową, facebook*Podejmowanie własnych inicjatyw mających na celu zwiększenie sprzedażyWymagania:*Znajomość języka angielskiego*Bardzo dobre umiejętności marketingowe i analityczne*Nastawienie na realizację wyników sprzedażowych*Samodzielność i inicjatywa w działaniu*Bardzo dobra znajomość Pakietu MS Office*Sprawne i szybkie poruszanie się w internecieOferujemy:*Zatrudnienie w oparciu o umowę o pracę.*Przyjazną atmosferę pracy w odnoszącym sukcesy zespole.CV prosimy przesyłać na adres: [email protected]
</topic_text>
<spam_score>0.00</spam_score>
<post_num>1</post_num>
<post_id>post-1</post_id>
<post_url>http://www.rzeszowiak.pl/specjalista-ds-marketingu-i-rozwoju-miejsce-pracy-rzeszowwybrana-8331756</post_url>
<post_date>20160830</post_date>
<post_time>2008</post_time>
<username>Specjalista ds. Marketingu i Rozwoju</username>
<post>
*Aktywne poszukiwanie oraz weryfikację nowych klientów na terenie Europy*Negocjowanie warunków współpracy*Budowanie długotrwałych relacji biznesowych z klientami firmy*Przygotowywanie raportów i analiz sprzedaży*Monitorowanie działalności konkurencji*Opieka nad stroną internetową, facebook*Podejmowanie własnych inicjatyw mających na celu zwiększenie sprzedażyWymagania:*Znajomość języka angielskiego*Bardzo dobre umiejętności marketingowe i analityczne*Nastawienie na realizację wyników sprzedażowych*Samodzielność i inicjatywa w działaniu*Bardzo dobra znajomość Pakietu MS Office*Sprawne i szybkie poruszanie się w internecieOferujemy:*Zatrudnienie w oparciu o umowę o pracę.*Przyjazną atmosferę pracy w odnoszącym sukcesy zespole.CV prosimy przesyłać na adres: [email protected]
</post>
<signature>

</signature>
<external_links>

</external_links>
<country>PL</country>
<main_image></main_image>
</document>
