<?xml version="1.0" encoding="UTF-8"?>
<document>
<type>mainstream</type>
<forum>http://www.bignewsnetwork.com/index.php/nav/rss/b9f388ba82df9ba1</forum>
<forum_title>Latest Big News Network RSS Feeds</forum_title>
<discussion_title>Fire in two towers in Abu Dhabi contained</discussion_title>
<language>english</language>
<gmt_offset></gmt_offset>
<topic_url>http://www.bignewsnetwork.com/news/247200979/fire-in-two-towers-in-abu-dhabi-contained</topic_url>
<topic_text>
Fire in two towers in Abu Dhabi contained WAM Wednesday 31st August, 2016 ABU DHABI, 30th August, 2016 (WAM) - Thirteen people, including ten fire-fighters, suffered from mild suffocation in a fire that broke out on Tuesday in two under-construction buildings in Zahia area in the capital Abu Dhabi.
A joint team from the Abu Dhabi Civil Defence and Quick Intervention Unit contained the fire from spilling over to nearby residential buildings and rescued construction workers trapped in the two towers. 
Lt. Colonel Mohamed Al Ansari, Director-General of Abu Dhabi Civil Defence, said the operations room received a fire report at 10:50am and immediately dispatched fire engines to the scene of the incident. 
&quot;Occupants of the neighbouring building were evacuated and taken to a temporary shelter provided by the Emirates Red Crescent,&apos;&apos; he added. share this story
</topic_text>
<spam_score>0.00</spam_score>
<post_num>1</post_num>
<post_id>post-1</post_id>
<post_url>http://www.bignewsnetwork.com/news/247200979/fire-in-two-towers-in-abu-dhabi-contained</post_url>
<post_date>20160830</post_date>
<post_time>1812</post_time>
<username></username>
<post>
Fire in two towers in Abu Dhabi contained WAM Wednesday 31st August, 2016 ABU DHABI, 30th August, 2016 (WAM) - Thirteen people, including ten fire-fighters, suffered from mild suffocation in a fire that broke out on Tuesday in two under-construction buildings in Zahia area in the capital Abu Dhabi.
A joint team from the Abu Dhabi Civil Defence and Quick Intervention Unit contained the fire from spilling over to nearby residential buildings and rescued construction workers trapped in the two towers. 
Lt. Colonel Mohamed Al Ansari, Director-General of Abu Dhabi Civil Defence, said the operations room received a fire report at 10:50am and immediately dispatched fire engines to the scene of the incident. 
&quot;Occupants of the neighbouring building were evacuated and taken to a temporary shelter provided by the Emirates Red Crescent,&apos;&apos; he added. share this story
</post>
<signature>

</signature>
<external_links>

</external_links>
<country>US</country>
<main_image>http://static.bignewsnetwork.com/bignewsnetwork/big-news-network-slogan.jpg</main_image>
</document>
