<?xml version="1.0" encoding="UTF-8"?>
<document>
<type>mainstream</type>
<forum></forum>
<forum_title></forum_title>
<discussion_title>Soccer-Mason joins Hull City for club-record fee</discussion_title>
<language>english</language>
<gmt_offset></gmt_offset>
<topic_url>http://www.philly.com/philly/wires/reuters/sports/world/391754601.html</topic_url>
<topic_text>
Soccer-Mason joins Hull City for club-record fee Updated: August 30, 2016 — 12:18 PM EDT Share Close icon Reuters 
Aug 30 (Reuters) - Midfielder Ryan Mason has joined promoted Hull City from Premier League rivals Tottenham Hotspur on a three-year contract for a club record fee, the clubs said on Tuesday. 
Injuries restricted Mason to eight league appearances for Spurs last season and the England international has not featured under Mauricio Pochettino in the new campaign. 
No financial details of the deal were disclosed but Hull said they had broken their previous record fee of 10 million pounds ($13 million) paid for striker Abel Hernandez. 
&quot;I&apos;m delighted and excited to be here,&quot; the 25-year-old told the club website (www.hullcitytigers.com) 
&quot;I can&apos;t wait to get started and I see this as a massive opportunity for me.&quot; 
Hull City travel to Burnley in their next league fixture on Sept. 10. (Reporting by Nivedita Shankar in Bengaluru, editing by Ed Osmond) More Coverage Published: August 30, 2016 — 12:18 PM EDT We encourage respectful comments but reserve the right to delete anything that doesn&apos;t contribute to an engaging dialogue Help us moderate this thread by flagging comments that violate our guidelines Help us learn more about Philly.com commenters. Click here to take this quick survey. Comment policy: 
Philly.com comments are intended to be civil, friendly conversations. Please treat other participants with respect and in a way that you would want to be treated. You are responsible for what you say. And please, stay on topic. If you see an objectionable post, please report it to us using the &quot;Report Abuse&quot; option. 
Please note that comments are monitored by Philly.com staff. We reserve the right at all times to remove any information or materials that are unlawful, threatening, abusive, libelous, defamatory, obscene, vulgar, pornographic, profane, indecent or otherwise objectionable. Personal attacks, especially on other participants, are not permitted. We reserve the right to permanently block any user who violates these terms and conditions. 
Additionally comments that are long, have multiple paragraph breaks, include code, or include hyperlinks may not be posted. 
</topic_text>
<spam_score>0.26</spam_score>
<post_num>1</post_num>
<post_id>post-1</post_id>
<post_url>http://www.philly.com/philly/wires/reuters/sports/world/391754601.html</post_url>
<post_date>20160830</post_date>
<post_time></post_time>
<username></username>
<post>
Soccer-Mason joins Hull City for club-record fee Updated: August 30, 2016 — 12:18 PM EDT Share Close icon Reuters 
Aug 30 (Reuters) - Midfielder Ryan Mason has joined promoted Hull City from Premier League rivals Tottenham Hotspur on a three-year contract for a club record fee, the clubs said on Tuesday. 
Injuries restricted Mason to eight league appearances for Spurs last season and the England international has not featured under Mauricio Pochettino in the new campaign. 
No financial details of the deal were disclosed but Hull said they had broken their previous record fee of 10 million pounds ($13 million) paid for striker Abel Hernandez. 
&quot;I&apos;m delighted and excited to be here,&quot; the 25-year-old told the club website (www.hullcitytigers.com) 
&quot;I can&apos;t wait to get started and I see this as a massive opportunity for me.&quot; 
Hull City travel to Burnley in their next league fixture on Sept. 10. (Reporting by Nivedita Shankar in Bengaluru, editing by Ed Osmond) More Coverage Published: August 30, 2016 — 12:18 PM EDT We encourage respectful comments but reserve the right to delete anything that doesn&apos;t contribute to an engaging dialogue Help us moderate this thread by flagging comments that violate our guidelines Help us learn more about Philly.com commenters. Click here to take this quick survey. Comment policy: 
Philly.com comments are intended to be civil, friendly conversations. Please treat other participants with respect and in a way that you would want to be treated. You are responsible for what you say. And please, stay on topic. If you see an objectionable post, please report it to us using the &quot;Report Abuse&quot; option. 
Please note that comments are monitored by Philly.com staff. We reserve the right at all times to remove any information or materials that are unlawful, threatening, abusive, libelous, defamatory, obscene, vulgar, pornographic, profane, indecent or otherwise objectionable. Personal attacks, especially on other participants, are not permitted. We reserve the right to permanently block any user who violates these terms and conditions. 
Additionally comments that are long, have multiple paragraph breaks, include code, or include hyperlinks may not be posted. 
</post>
<signature>

</signature>
<external_links>

</external_links>
<country>US</country>
<main_image>http://media.philly.com/designimages/pcom-FB.jpg</main_image>
</document>
