<?xml version="1.0" encoding="UTF-8"?>
<document>
<type>mainstream</type>
<forum></forum>
<forum_title></forum_title>
<discussion_title>MTV considers VMA changes because of audience shift</discussion_title>
<language>english</language>
<gmt_offset></gmt_offset>
<topic_url>http://www.philly.com/philly/wires/ap/news/391794521.html</topic_url>
<topic_text>
MTV considers VMA changes because of audience shift Updated: August 30, 2016 — 4:32 PM EDT Share DAVID BAUDER The Associated Press 
NEW YORK (AP) - MTV says it will consider airing its Video Music Awards live across the country in future years, a reflection of how the annual celebration of pop culture is increasingly being experienced online instead of on television. 
This year&apos;s show, featuring a 16-minute Beyonce mini-concert, four performances by Rihanna and a Kanye West monologue, was watched by 6.5 million people on one of the 11 Viacom networks that aired it, the Nielsen company said. That&apos;s sharply down from the 9.8 million who watched the 2015 show. 
A buzz deficiency is one factor, but another is the rapid change in how MTV&apos;s young audience consumes content. 
The network said Tuesday that there were 149 million streams of VMA content online Sunday and Monday, a combination of live streaming through MTV&apos;s website and aggressive packaging of video clips on venues like Snapchat, Facebook, Twitter, YouTube and the like. The majority of streams (86 million) came Monday, after people heard or read about the show and wanted to check out clips, MTV said. 
The comparable number of streams for 2015 was 30.7 million, MTV said. 
MTV traditionally airs the show live at 9 p.m. on the east coast, and at the same hour via tape delay in other time zones. That follows the common television rule of placing content at a time when advertisers will pay more for commercials. 
Sean Atkins, MTV president, said Tuesday that may change. 
&quot;In a world where you are multi-platforming, when I can experience it on my feed from my friends on Facebook who are in New York, are you better off just going live?&quot; he asked. &quot;You give everyone essentially equal access to every platform at the same time.&quot; 
On Facebook, which has become more aggressive promoting video in the past year, there were 45.8 million streams of VMA material on Sunday, compared to 4.4 million in 2015, MTV said. 
Atkins said MTV is committed to giving its fans access to its material in as many ways as possible. 
&quot;Gone are the days where TV is where you go to,&quot; he said. &quot;TV has to come to you.&quot; 
The challenge for a network like MTV is making the new model work financially. All of those clips are accompanied by advertisements, but aren&apos;t nearly as valuable as the ads shown on television. 
The stark decline of the VMAs as a TV product means less money for the TV ads, too. In 2011, the VMAs - known more for outlandish behavior or performances than its awards - attracted 12.4 million viewers on MTV alone. This year, 3.3 million people saw the show on MTV, with the total viewership swelling because it aired on some many other networks. 
Again by more common TV rules, MTV would seem to have been hurt by an inability to announce that Beyonce was performing until the day of the show, by agreement with the singer&apos;s camp. This reduced the ability to drum up interest through advance promotion. 
But Atkins noted that there were widespread rumors among MTV&apos;s fans before Sunday that she would appear, and that he didn&apos;t think the late notice made much difference in the show&apos;s television ratings. 
MTV had no numbers, but said Beyonce&apos;s performance was the most-streamed part of the show. Published: 
</topic_text>
<spam_score>0.65</spam_score>
<post_num>1</post_num>
<post_id>post-1</post_id>
<post_url>http://www.philly.com/philly/wires/ap/news/391794521.html</post_url>
<post_date>20160830</post_date>
<post_time></post_time>
<username>David Bauder</username>
<post>
MTV considers VMA changes because of audience shift Updated: August 30, 2016 — 4:32 PM EDT Share DAVID BAUDER The Associated Press 
NEW YORK (AP) - MTV says it will consider airing its Video Music Awards live across the country in future years, a reflection of how the annual celebration of pop culture is increasingly being experienced online instead of on television. 
This year&apos;s show, featuring a 16-minute Beyonce mini-concert, four performances by Rihanna and a Kanye West monologue, was watched by 6.5 million people on one of the 11 Viacom networks that aired it, the Nielsen company said. That&apos;s sharply down from the 9.8 million who watched the 2015 show. 
A buzz deficiency is one factor, but another is the rapid change in how MTV&apos;s young audience consumes content. 
The network said Tuesday that there were 149 million streams of VMA content online Sunday and Monday, a combination of live streaming through MTV&apos;s website and aggressive packaging of video clips on venues like Snapchat, Facebook, Twitter, YouTube and the like. The majority of streams (86 million) came Monday, after people heard or read about the show and wanted to check out clips, MTV said. 
The comparable number of streams for 2015 was 30.7 million, MTV said. 
MTV traditionally airs the show live at 9 p.m. on the east coast, and at the same hour via tape delay in other time zones. That follows the common television rule of placing content at a time when advertisers will pay more for commercials. 
Sean Atkins, MTV president, said Tuesday that may change. 
&quot;In a world where you are multi-platforming, when I can experience it on my feed from my friends on Facebook who are in New York, are you better off just going live?&quot; he asked. &quot;You give everyone essentially equal access to every platform at the same time.&quot; 
On Facebook, which has become more aggressive promoting video in the past year, there were 45.8 million streams of VMA material on Sunday, compared to 4.4 million in 2015, MTV said. 
Atkins said MTV is committed to giving its fans access to its material in as many ways as possible. 
&quot;Gone are the days where TV is where you go to,&quot; he said. &quot;TV has to come to you.&quot; 
The challenge for a network like MTV is making the new model work financially. All of those clips are accompanied by advertisements, but aren&apos;t nearly as valuable as the ads shown on television. 
The stark decline of the VMAs as a TV product means less money for the TV ads, too. In 2011, the VMAs - known more for outlandish behavior or performances than its awards - attracted 12.4 million viewers on MTV alone. This year, 3.3 million people saw the show on MTV, with the total viewership swelling because it aired on some many other networks. 
Again by more common TV rules, MTV would seem to have been hurt by an inability to announce that Beyonce was performing until the day of the show, by agreement with the singer&apos;s camp. This reduced the ability to drum up interest through advance promotion. 
But Atkins noted that there were widespread rumors among MTV&apos;s fans before Sunday that she would appear, and that he didn&apos;t think the late notice made much difference in the show&apos;s television ratings. 
MTV had no numbers, but said Beyonce&apos;s performance was the most-streamed part of the show. Published: 
</post>
<signature>

</signature>
<external_links>

</external_links>
<country>US</country>
<main_image>http://media.philly.com/designimages/pcom-FB.jpg</main_image>
</document>
