<?xml version="1.0" encoding="UTF-8"?>
<document>
<type>mainstream</type>
<forum></forum>
<forum_title></forum_title>
<discussion_title>Comey: FBI wants &apos;adult conversation&apos; on device encryption</discussion_title>
<language>english</language>
<gmt_offset></gmt_offset>
<topic_url>http://www.philly.com/philly/wires/ap/features/high_tech/391740531.html</topic_url>
<topic_text>
Comey: FBI wants &apos;adult conversation&apos; on device encryption Updated: August 30, 2016 — 2:06 PM EDT Share ERIC TUCKER The Associated Press 
WASHINGTON (AP) - FBI Director James Comey warned again Tuesday about the bureau&apos;s inability to access digital devices because of encryption and said investigators were collecting information about the challenge in preparation for an &quot;adult conversation&quot; next year. 
Widespread encryption built into smartphones is &quot;making more and more of the room that we are charged to investigate dark,&quot; Comey said in a cybersecurity symposium. 
The remarks reiterated points that Comey has made repeatedly in the last two years, before Congress and in other settings, about the growing collision between electronic privacy and national security. 
The Justice Department decided within the last year to not seek a legislative resolution, and some of the public debate surrounding the FBI&apos;s legal fight with Apple Inc. has subsided in the last few months since federal authorities were able to access a locked phone in a terror case without the help of the technology giant. The FBI sought a court order to force Apple to help it hack into an iPhone used by one of the San Bernardino shooters, a demand the tech giant and other privacy advocates said would dramatically weaken security of its products. 
The FBI ultimately got in the phone with the help of an unidentified third party, leaving the legal dispute unresolved. But Comey made clear Tuesday he expects that dialogue to continue. 
&quot;The conversation we&apos;ve been trying to have about this has dipped below public consciousness now, and that&apos;s fine,&quot; Comey said at a symposium organized by Symantec, a technology company. &quot;Because what we want to do is collect information this year so that next year we can have an adult conversation in this country.&quot; 
The American people, he said, have a reasonable expectation of privacy in private spaces - including houses, cars and electronic devices. But that right is not absolute when law enforcement has probable cause to believe that there&apos;s evidence of a crime in one of those places, including a laptop or smartphone. 
&quot;With good reason, the people of the United States - through judges and law enforcement - can invade our private spaces,&quot; Comey said, adding that that &quot;bargain&quot; has been at the center of the country since its inception. 
He said it&apos;s not the role of the FBI or tech companies to tell the American people how to live and govern themselves. 
&quot;We need to understand in the FBI how is this exactly affecting our work, and then share that with folks,&quot; Comey said, conceding the American people might ultimately decide that its privacy was more important than &quot;that portion of the room being dark.&quot; 
He also stood by the Justice Department&apos;s decision to bring indictments against Chinese and Iranian officials in major cyberattack cases in the last two years, rejecting criticism from those who have called the criminal charges meaningless gestures unlikely to result in a conviction. 
&quot;We want to lock some people up, so that we send a message that it&apos;s not a freebie to kick in the door, metaphorically, of an American company or private citizen and steal what matters to them,&quot; Comey said. &quot;And if we can&apos;t lock people up, we want to call it out. We want to name and shame through indictments, or sanctions, or public relation campaigns, who is doing this and exactly what they&apos;re doing.&quot; 
Those actions can make a foreign defendant think twice before traveling overseas, and can deter governments. He said there&apos;s been progress with the Chinese government since 2014 indictments that accused five Chinese military officials of siphoning secrets from American corporations. 
&quot;We are working hard to make people at keyboards feel our breath on their necks and try to change that behavior, he said. &quot;We&apos;ve got to get to a point where we can reach them as easily as they can reach us and change behavior by that reach-out.&quot; 
___ 
Follow Eric Tucker on Twitter at http://www.twitter.com/etuckerAP Published: 
</topic_text>
<spam_score>0.00</spam_score>
<post_num>1</post_num>
<post_id>post-1</post_id>
<post_url>http://www.philly.com/philly/wires/ap/features/high_tech/391740531.html</post_url>
<post_date>20160830</post_date>
<post_time></post_time>
<username>Eric Tucker</username>
<post>
Comey: FBI wants &apos;adult conversation&apos; on device encryption Updated: August 30, 2016 — 2:06 PM EDT Share ERIC TUCKER The Associated Press 
WASHINGTON (AP) - FBI Director James Comey warned again Tuesday about the bureau&apos;s inability to access digital devices because of encryption and said investigators were collecting information about the challenge in preparation for an &quot;adult conversation&quot; next year. 
Widespread encryption built into smartphones is &quot;making more and more of the room that we are charged to investigate dark,&quot; Comey said in a cybersecurity symposium. 
The remarks reiterated points that Comey has made repeatedly in the last two years, before Congress and in other settings, about the growing collision between electronic privacy and national security. 
The Justice Department decided within the last year to not seek a legislative resolution, and some of the public debate surrounding the FBI&apos;s legal fight with Apple Inc. has subsided in the last few months since federal authorities were able to access a locked phone in a terror case without the help of the technology giant. The FBI sought a court order to force Apple to help it hack into an iPhone used by one of the San Bernardino shooters, a demand the tech giant and other privacy advocates said would dramatically weaken security of its products. 
The FBI ultimately got in the phone with the help of an unidentified third party, leaving the legal dispute unresolved. But Comey made clear Tuesday he expects that dialogue to continue. 
&quot;The conversation we&apos;ve been trying to have about this has dipped below public consciousness now, and that&apos;s fine,&quot; Comey said at a symposium organized by Symantec, a technology company. &quot;Because what we want to do is collect information this year so that next year we can have an adult conversation in this country.&quot; 
The American people, he said, have a reasonable expectation of privacy in private spaces - including houses, cars and electronic devices. But that right is not absolute when law enforcement has probable cause to believe that there&apos;s evidence of a crime in one of those places, including a laptop or smartphone. 
&quot;With good reason, the people of the United States - through judges and law enforcement - can invade our private spaces,&quot; Comey said, adding that that &quot;bargain&quot; has been at the center of the country since its inception. 
He said it&apos;s not the role of the FBI or tech companies to tell the American people how to live and govern themselves. 
&quot;We need to understand in the FBI how is this exactly affecting our work, and then share that with folks,&quot; Comey said, conceding the American people might ultimately decide that its privacy was more important than &quot;that portion of the room being dark.&quot; 
He also stood by the Justice Department&apos;s decision to bring indictments against Chinese and Iranian officials in major cyberattack cases in the last two years, rejecting criticism from those who have called the criminal charges meaningless gestures unlikely to result in a conviction. 
&quot;We want to lock some people up, so that we send a message that it&apos;s not a freebie to kick in the door, metaphorically, of an American company or private citizen and steal what matters to them,&quot; Comey said. &quot;And if we can&apos;t lock people up, we want to call it out. We want to name and shame through indictments, or sanctions, or public relation campaigns, who is doing this and exactly what they&apos;re doing.&quot; 
Those actions can make a foreign defendant think twice before traveling overseas, and can deter governments. He said there&apos;s been progress with the Chinese government since 2014 indictments that accused five Chinese military officials of siphoning secrets from American corporations. 
&quot;We are working hard to make people at keyboards feel our breath on their necks and try to change that behavior, he said. &quot;We&apos;ve got to get to a point where we can reach them as easily as they can reach us and change behavior by that reach-out.&quot; 
___ 
Follow Eric Tucker on Twitter at http://www.twitter.com/etuckerAP Published: 
</post>
<signature>

</signature>
<external_links>

</external_links>
<country>US</country>
<main_image>http://media.philly.com/designimages/pcom-FB.jpg</main_image>
</document>
