<?xml version="1.0" encoding="UTF-8"?>
<document>
<type>mainstream</type>
<forum></forum>
<forum_title></forum_title>
<discussion_title>UPDATE 1-Mothballed Ghana gold mine reveals risk of reliance on minerals</discussion_title>
<language>english</language>
<gmt_offset></gmt_offset>
<topic_url>http://www.philly.com/philly/wires/reuters/business/report/391768671.html</topic_url>
<topic_text>
UPDATE 1-Mothballed Ghana gold mine reveals risk of reliance on minerals Updated: August 30, 2016 — 2:01 PM EDT Share 
* Minerals, metals, fuels account for 60 pct of Africa exports 
* Up to 78 illegal miners have died at Obuasi this year 
* AngloGold says Ghana govt breached obligations over Obuasi (Updates toll among illegal miners) 
By Matthew Mpoke Bigg 
OBUASI, Ghana, Aug 30 (Reuters) - Two years after AngloGold Ashanti suspended production at its giant but loss-making gold mine in Obuasi, central Ghana, the boom of underground explosions has resumed. 
Lacking any alternative in an area devastated by the mine&apos;s closure and the loss of thousands of jobs, hundreds of people broke into the site, dug shafts by hand and grew so bold in their quest for gold they started using explosives. 
AngloGold officials say up to 78 illegal miners have died this year in accidents, but earnings as high as 10,000 cedis ($2,600) a month from the illicitly mined gold mean people are willing to gamble with their lives. 
&quot;This work is risky work. Some people go there and on their first time they don&apos;t come back,&quot; said Barack Godspeed, 27, who says mining is his only option even though he has a science degree. 
Obuasi&apos;s downturn highlights the pitfalls of Ghana&apos;s - and Africa&apos;s - dependence on its mineral sector and the question of how countries will adjust as natural resources start to dwindle. 
For decades Obuasi and its 100-year-old mine attracted jobs and investment, to the envy of other towns. It even boasted a premier league football team, Ashanti Gold. 
Since the mine fell silent, residents say unemployment soared, crime rose and the town&apos;s secondary businesses suffered. 
&quot;None of us really considered that there could be a time when the mine is no more,&quot; said Kwabena Kwarteng, a local MP. 
Metals, fuels and ores represent 60 percent of Africa&apos;s exports, the World Bank said in a recent report, making it vulnerable to global price swings. The recent slump has reduced average growth in oil-producing countries from 5.4 percent in 2014 to 2.9 percent last year. 
Ghana&apos;s experience illustrates the problem. A boom that relied on exports of gold, cocoa and oil saw five years of sustained GDP growth at around 8 percent and lifted Ghana to official &apos;middle income&apos; status. 
Since 2014, however, growth has slowed sharply, coinciding with the commodities slump. 
The government began following an aid deal with the International Monetary Fund last year to reduce its inflation, public debt and fiscal deficit. 
&quot;You can tell the whole story of the mining industry in Africa and in Ghana in particular through Obuasi,&quot; said Emmanuel Kuyole, Africa deputy director of the Natural Resource Governance Institute. 
&quot;There wasn&apos;t serious thinking about Obuasi beyond the mine and now the mine has nearly closed and the other investments aren&apos;t sustainable,&quot; he told Reuters. 
Since the mine stopped producing, AngloGold has maintained social commitments including treating water, providing free power to some communities, building schools, donating medical equipment and running a malaria program, according to Eric Asubonteng, managing director of AngloGold Ashanti Ghana. 
But that help and payments to unemployed miners cannot sustain the local economy, residents and union officials said. 
Benjamin Annan of the Association of Small Scale Miners in Obuasi said part of the problem was that farmland in the vast mine concession area was off limits or had been damaged, cutting off a potential source of employment. 
Businessman Michael Mensah said trade at his shop, which sells tiles and plumbing equipment, had plummeted since the lay-offs. Even the football club is now in trouble. 
MINER DEATHS 
The illegal shafts extend down up to 50 meters, stiffened with interlaced branches to prevent collapse. Miners descend with torches and tools and pass sacks of ore to the surface. 
Those shafts now intersect with AngloGold&apos;s vast network of tunnels, allowing illegal miners to penetrate deeper. 
Working in gangs, they have reached 2,100 feet in depth and use explosives to try and breach the thick concrete bulwarks erected by the company to prevent access to elevator shafts that lead straight down to the richest seams, company officials said. 
Obuasi&apos;s aging labyrinth of tunnels makes access to the remaining 9.5 million ounces of reserves uneconomic. 
AngloGold is building a tunnel to allow trucks to drive from the surface to the deepest point but the illegal mining has halted the project and also deters potential investors. 
&quot;The best approach to getting things done sustainably ... is to ensure that the mine itself that is the core business is back on its feet in a proper way and ... the illegal mining ... is certainly not helping,&quot; said AngloGold&apos;s Asubonteng. 
He also says the government failed to keep illegal miners out. The firm has sought arbitration with the Ghanaian government at the International Centre for Settlement of Investment Disputes in Washington. 
&quot;They (the government) are trying to get these guys out without losing one pint of blood,&quot; said Toni Aubynn, chief executive of the government&apos;s Ghana Minerals Commission. 
($1 = 3.9535) (Editing by Alexandra Hudson) More Coverage 
</topic_text>
<spam_score>0.03</spam_score>
<post_num>1</post_num>
<post_id>post-1</post_id>
<post_url>http://www.philly.com/philly/wires/reuters/business/report/391768671.html</post_url>
<post_date>20160830</post_date>
<post_time></post_time>
<username></username>
<post>
UPDATE 1-Mothballed Ghana gold mine reveals risk of reliance on minerals Updated: August 30, 2016 — 2:01 PM EDT Share 
* Minerals, metals, fuels account for 60 pct of Africa exports 
* Up to 78 illegal miners have died at Obuasi this year 
* AngloGold says Ghana govt breached obligations over Obuasi (Updates toll among illegal miners) 
By Matthew Mpoke Bigg 
OBUASI, Ghana, Aug 30 (Reuters) - Two years after AngloGold Ashanti suspended production at its giant but loss-making gold mine in Obuasi, central Ghana, the boom of underground explosions has resumed. 
Lacking any alternative in an area devastated by the mine&apos;s closure and the loss of thousands of jobs, hundreds of people broke into the site, dug shafts by hand and grew so bold in their quest for gold they started using explosives. 
AngloGold officials say up to 78 illegal miners have died this year in accidents, but earnings as high as 10,000 cedis ($2,600) a month from the illicitly mined gold mean people are willing to gamble with their lives. 
&quot;This work is risky work. Some people go there and on their first time they don&apos;t come back,&quot; said Barack Godspeed, 27, who says mining is his only option even though he has a science degree. 
Obuasi&apos;s downturn highlights the pitfalls of Ghana&apos;s - and Africa&apos;s - dependence on its mineral sector and the question of how countries will adjust as natural resources start to dwindle. 
For decades Obuasi and its 100-year-old mine attracted jobs and investment, to the envy of other towns. It even boasted a premier league football team, Ashanti Gold. 
Since the mine fell silent, residents say unemployment soared, crime rose and the town&apos;s secondary businesses suffered. 
&quot;None of us really considered that there could be a time when the mine is no more,&quot; said Kwabena Kwarteng, a local MP. 
Metals, fuels and ores represent 60 percent of Africa&apos;s exports, the World Bank said in a recent report, making it vulnerable to global price swings. The recent slump has reduced average growth in oil-producing countries from 5.4 percent in 2014 to 2.9 percent last year. 
Ghana&apos;s experience illustrates the problem. A boom that relied on exports of gold, cocoa and oil saw five years of sustained GDP growth at around 8 percent and lifted Ghana to official &apos;middle income&apos; status. 
Since 2014, however, growth has slowed sharply, coinciding with the commodities slump. 
The government began following an aid deal with the International Monetary Fund last year to reduce its inflation, public debt and fiscal deficit. 
&quot;You can tell the whole story of the mining industry in Africa and in Ghana in particular through Obuasi,&quot; said Emmanuel Kuyole, Africa deputy director of the Natural Resource Governance Institute. 
&quot;There wasn&apos;t serious thinking about Obuasi beyond the mine and now the mine has nearly closed and the other investments aren&apos;t sustainable,&quot; he told Reuters. 
Since the mine stopped producing, AngloGold has maintained social commitments including treating water, providing free power to some communities, building schools, donating medical equipment and running a malaria program, according to Eric Asubonteng, managing director of AngloGold Ashanti Ghana. 
But that help and payments to unemployed miners cannot sustain the local economy, residents and union officials said. 
Benjamin Annan of the Association of Small Scale Miners in Obuasi said part of the problem was that farmland in the vast mine concession area was off limits or had been damaged, cutting off a potential source of employment. 
Businessman Michael Mensah said trade at his shop, which sells tiles and plumbing equipment, had plummeted since the lay-offs. Even the football club is now in trouble. 
MINER DEATHS 
The illegal shafts extend down up to 50 meters, stiffened with interlaced branches to prevent collapse. Miners descend with torches and tools and pass sacks of ore to the surface. 
Those shafts now intersect with AngloGold&apos;s vast network of tunnels, allowing illegal miners to penetrate deeper. 
Working in gangs, they have reached 2,100 feet in depth and use explosives to try and breach the thick concrete bulwarks erected by the company to prevent access to elevator shafts that lead straight down to the richest seams, company officials said. 
Obuasi&apos;s aging labyrinth of tunnels makes access to the remaining 9.5 million ounces of reserves uneconomic. 
AngloGold is building a tunnel to allow trucks to drive from the surface to the deepest point but the illegal mining has halted the project and also deters potential investors. 
&quot;The best approach to getting things done sustainably ... is to ensure that the mine itself that is the core business is back on its feet in a proper way and ... the illegal mining ... is certainly not helping,&quot; said AngloGold&apos;s Asubonteng. 
He also says the government failed to keep illegal miners out. The firm has sought arbitration with the Ghanaian government at the International Centre for Settlement of Investment Disputes in Washington. 
&quot;They (the government) are trying to get these guys out without losing one pint of blood,&quot; said Toni Aubynn, chief executive of the government&apos;s Ghana Minerals Commission. 
($1 = 3.9535) (Editing by Alexandra Hudson) More Coverage 
</post>
<signature>

</signature>
<external_links>

</external_links>
<country>US</country>
<main_image>http://media.philly.com/designimages/pcom-FB.jpg</main_image>
</document>
