<?xml version="1.0" encoding="UTF-8"?>
<document>
<type>mainstream</type>
<forum>http://www.dailymail.co.uk/articles.rss</forum>
<forum_title>Articles | Mail Online</forum_title>
<discussion_title>&apos;WHEEL you be my girlfriend?&apos; Funny video shows man tormenting his less-than-impressed girlfriend by following her around AutoZone and bombarding her with silly car part puns</discussion_title>
<language>english</language>
<gmt_offset></gmt_offset>
<topic_url>http://www.dailymail.co.uk/femail/article-3765959/WHEEL-girlfriend-Funny-video-shows-man-tormenting-impressed-girlfriend-following-AutoZone-bombarding-silly-car-puns.html</topic_url>
<topic_text>
e-mail 
View 
comments
To some, puns are a great bit of fun. But to others they can be utter torture. 
And sadly for one couple in a recent viral video this does not seem to be a topic they agree on, as the boyfriend torments his girlfriend with pun-filled jokes as the pair go shopping. 
The video, which is taken from an unknown punster&apos;s Snapchat, sees the man filming her irritated reactions to his various attempts at a laugh while they walk around an Autozone. 
&apos;Hey, babe, do I turn you on?&apos; A series of Snapchats show a guy following his girlfriend around an AutoZone and bombarding her with pun jokes

&apos;Hey, babe, do I turn you on?&apos; he asks at the beginning of the 27-second clip, flipping on a light switch. 
His girlfriend, sporting glasses and a baseball cap, responds by pushing the light into his face and stomping away. 
The next clip sees him holding up a screwdriver in front of the camera and saying: &apos;Hey, babe, can I screw you later?&apos; 
She responds by holding up her middle finger at him. 
Things continue similarly from there, with the boyfriend pointing the camera to a hubcap before asking: &apos;Hey, wheel you be my girlfriend?&apos; or filming a car&apos;s tire and saying: &apos;Hey, I hope you&apos;re not tire-ed of me.&apos; 
RELATED ARTICLES Previous 1 Next &apos;I can straddle him without breaking his back!&apos; Oprah... Woman who was told she was infertile gives birth to a... Share this article Share Not handling it well: When asked by her screwdriver wielding boyfriend if he &apos;could screw you later&apos;, she flips him her middle finger
More to go: He goes on to crack jokes like &apos;wheel you be my girlfriend?&apos; and offers to &apos;wipe away&apos; her sins
&apos;Look babe, it&apos;s us!&apos; He tries to draw a smile with a Perfect Match paint can joke, but it doesn&apos;t have the desired effect

He tries to get cute at another time by filming a paint can called Perfect Match and saying: &apos;Look babe, it&apos;s us!&apos; But his girlfriend seems less than amused. 
&apos;Oh my god babe, this is so funny,&apos; he says at the end, holding up another product. &apos;Diesel make you laugh.&apos; 

This man&apos;s long-suffering girlfriend is certainly not alone in her unending pun-ishment. Back in April, a young woman named Stacey gained online fame after she was filmed being tormented by her boyfriend Jack Viera, a 25-year-old pun-loving comedy writer from Portland, Oregon. 
Jack&apos;s video, uploaded to his Tumblr blog , was comprised of several clips of him filming his girlfriend&apos;s reaction to a series of terrible pun jokes. 
Withering looks: A young woman named Stacey gained sympathy in April after her boyfriend shared a video online of him tormenting her with bad puns
Throughout the video, apparently filmed over several days, Stacey doesn&apos;t laugh at any save one joke about her shoes. 
&apos;I got the idea for the video because I love bothering her with puns and I thought our friends would enjoy it too,&apos; Jack told Buzzfeed . &apos;It only took a few days to record a dozen or so puns.&apos; 
Following uploading the video to Tumblr , Jack found that the majority of viewers were on Stacey&apos;s side, expressing sympathy for her having to put up with such an onslaught. 
Recognizing that side of the video, Jack captioned it: &apos;This relationship is on the rocks.&apos; 
The tormentor: Jack Viera, a 25-year-old pun-loving comedy writer from Portland, Oregon, decided to share his teasing of his girlfriend online
Got the glare: This look was elicited by Jack telling Stacey that the best way to &apos;find Will Smith in the snow&apos; is to &apos;look for fresh prints&apos;
Each of the clips begins with Jack approaching Stacey and saying her name before asking her a question, which is eventually answered with a pun. 
&apos;How do you find Will Smith in the snow?&apos; he asks Stacey, who is looking on a laptop in the clip. &apos;You look for fresh prints,&apos; he answers, as Stacey looks up at him with an unimpressed expression. 
&apos;Have you ever tried to eat a clock?&apos; he asks her at another point. &apos;It&apos;s very time consuming.&apos; 

The original clip has received nearly 20,000 notes on Tumblr and Jack was even inspired to upload a second compilation entitled: &apos;This relationship is on the rocks part two.&apos;
</topic_text>
<spam_score>0.00</spam_score>
<post_num>4</post_num>
<post_id>post-4</post_id>
<post_url>http://www.dailymail.co.uk/femail/article-3765959/WHEEL-girlfriend-Funny-video-shows-man-tormenting-impressed-girlfriend-following-AutoZone-bombarding-silly-car-puns.html</post_url>
<post_date>20160831</post_date>
<post_time>0109</post_time>
<username>History12</username>
<post>
This is not news. Smh.
</post>
<signature>

</signature>
<external_links>

</external_links>
<country>GB</country>
<main_image>http://i.dailymail.co.uk/i/pix/2016/08/30/22/37BAB19F00000578-0-image-a-25_1472593294670.jpg</main_image>
</document>
