<?xml version="1.0" encoding="UTF-8"?>
<document>
<type>mainstream</type>
<forum>http://www.cuencanews.es/index.php?format=feed&amp;type=atom</forum>
<forum_title>Cuenca News - Portal de noticias de la ciudad de Cuenca</forum_title>
<discussion_title>Doce medios y 53 personas trabajan en extinción de incendio en Caracenilla</discussion_title>
<language>spanish</language>
<gmt_offset></gmt_offset>
<topic_url>http://www.cuencanews.es/index.php?option=com_content&amp;view=article&amp;id=46855:doce-medios-y-53-personas-trabajan-en-extincion-de-incendio-en-caracenilla&amp;catid=3:provincia&amp;Itemid=544</topic_url>
<topic_text>
Un total de 12 medios, ninguno de ellos aéreo, y 53 personas trabajan en la extinción de un incendio forestal que se ha declarado esta tarde en la pedanía de Caracenilla, en Huete. 

El aviso del incendio lo ha dado un vigilante fijo a las 15.35 horas, según informa la página web de incendios de la Consejería de Agricultura, Medio Ambiente y Desarrollo Rural de Castilla-La Mancha. 

Según el mapa forestal, la superficie afectada por las llamas es bosque, 70 por ciento quercus ilex (monte bravo) y 20 por ciento quercus faginea (monte bravo). 

En las labores de extinción han participado desde que se declaró el fuego un total de 23 medios, ocho de ellos aéreos, y 91 personas, mientras que actualmente trabajan en el mismo 12 medios y 53 personas. Comparte esta noticia
</topic_text>
<spam_score>0.00</spam_score>
<post_num>1</post_num>
<post_id>post-1</post_id>
<post_url>http://www.cuencanews.es/index.php?option=com_content&amp;view=article&amp;id=46855:doce-medios-y-53-personas-trabajan-en-extincion-de-incendio-en-caracenilla&amp;catid=3:provincia&amp;Itemid=544</post_url>
<post_date>20160830</post_date>
<post_time>2120</post_time>
<username>Redacción/ EFE (sergio@escuenca.com)</username>
<post>
Un total de 12 medios, ninguno de ellos aéreo, y 53 personas trabajan en la extinción de un incendio forestal que se ha declarado esta tarde en la pedanía de Caracenilla, en Huete. 

El aviso del incendio lo ha dado un vigilante fijo a las 15.35 horas, según informa la página web de incendios de la Consejería de Agricultura, Medio Ambiente y Desarrollo Rural de Castilla-La Mancha. 

Según el mapa forestal, la superficie afectada por las llamas es bosque, 70 por ciento quercus ilex (monte bravo) y 20 por ciento quercus faginea (monte bravo). 

En las labores de extinción han participado desde que se declaró el fuego un total de 23 medios, ocho de ellos aéreos, y 91 personas, mientras que actualmente trabajan en el mismo 12 medios y 53 personas. Comparte esta noticia
</post>
<signature>

</signature>
<external_links>

</external_links>
<country>ES</country>
<main_image></main_image>
</document>
