<?xml version="1.0" encoding="UTF-8"?>
<document>
<type>mainstream</type>
<forum></forum>
<forum_title></forum_title>
<discussion_title>Reuters U.S. Sports Schedule at 2:30 PM ET on Tuesday, August 30</discussion_title>
<language>english</language>
<gmt_offset></gmt_offset>
<topic_url>http://www.philly.com/philly/wires/reuters/sports/world/391772501.html</topic_url>
<topic_text>
Reuters U.S. Sports Schedule at 2:30 PM ET on Tuesday, August 30 Updated: August 30, 2016 — 2:30 PM EDT Share 
August 30 (Reuters) - Reuters U.S. sports schedule at 2:30 PM ET on Tuesday: 
- - - - 
For any coverage questions, please contact us.general-news@thomsonreuters.com 
- - - - 
NATIONAL FOOTBALL LEAGUE 
Notable cuts: Rosters trimmed to 75 
Former first-round picks Bjoern Werner (Jaguars) and Quinton Coples (Rams) failed to stick in second chance stops and were among notable cuts on Tuesday as NFL teams reduced rosters to 75. (FBN-NEWS-NOTABLECUTS, moved, The Sports Xchange, 400 words, will be led) 
Denver defense on Siemian&apos;s side 
ENGLEWOOD, Colo. -- The Broncos have a talented roster, in spite of free-agent losses. Their players know it. And that talent is going to have to pick up first-time starting quarterback Trevor Siemian. (FBN-BRONCOS-SIEMIAN-NEWS, moved, The Sports Xchange, 443 words) 
Cowboys yet to rule Romo out 
When it comes the question of how long quarterback Tony Romo could be out, there seems to be no right answer. Like most questions in which variables can be applied, the answer depends on who you ask. (FBN-COWBOYS-ROMO-NEWS, moved, The Sports Xchange, 455 words) 
Jim Harbaugh not on board with Kaepernick taking seat 
Michigan coach Jim Harbaugh said he did not respect the method of protest used by his former pupil, Colin Kaepernick, to make a statement on social injustice. (FBN-49ERS-KAEPERNICK-HARBAUGH-NEWS, moved, The Sports Xchange, 421 words) 
Raiders riled by poor run defense 
ALAMEDA, Calif. -- The Raiders remain optimistic heading into their final preseason game despite a 1-2 record, with the biggest area concern a vulnerable run defense. (FBN-RAIDERS-RUNDEFENSE-NEWS, moved, The Sports Xchange, 615 words) 
Arrow up for Texans, Osweiler 
HOUSTON -- Brock Osweiler delivered the football with precision Sunday, operating like a quarterback who has plenty of confidence in himself and his receivers&apos; speed and hands. (FBN-TEXANS-OSWEILER-NEWS, expect by 7p.m. ET, The Sports Xchange, 712 words) 
NFL notebook 
News and notes from around the NFL. (FBN-NOTEBOOK, expect by 8 p.m. ET, The Sports Xchange, 400 words) 
_ _ _ _ 
Previews for all Top 25 games will move Tuesday, including: 
Alabama-USC collide in Week 1 headliner 
Clay Helton and No. 20 Southern Cal draw a stiff test in defending national champion and No. 1-ranked Alabama at Cowboys Stadium on Saturday night. (FBC-ALABAMA-SOUTHERNCAL-PREVIEW, expect by 9 p.m. ET, The Sports Xchange, 600 words) 
Baylor-Northwestern State preview 
Interim coach Jim Grobe and No. 23 Baylor are elated to see game day return after a tumultuous summer in Waco. (FBC-BAYLOR-NORTHWESTERNSTATE-PREVIEW, moved, The Sports Xchange, 611 words) 
New QB, same message at Michigan State: No drop-off 
Furman, bye week. The soft part of the Michigan State schedule ends after Friday night&apos;s opener, with No. 10 Notre Dame waiting and the rugged Big Ten East on deck. (FBC-MICHIGANSTATE-FURMAN-PREVIEW, moved, The Sports Xchange, 539 words) 
Clemson, Swinney face familiar foe at Auburn 
Clemson opens the season where it has never been before - No. 2 in the national rankings. The Tigers and Heisman Trophy candidate Deshaun Watson draw former defensive coordinator Kevin Steele on Saturday at Auburn. (FBC-CLEMSON-AUBURN-PREVIEW, expect by 8 p.m. ET, The Sports Xchange, 655 words) 
College football notebook 
News and notes from around the nation. (FBC-NOTEBOOK, expect by 7 p.m. ET, The Sports Xchange, 400 words) 
_ _ _ _ 
MAJOR LEAGUE BASEBALL 
MLB notebook 
News and notes from spring training. (BBO-NOTEBOOK, expect by 8 p.m. ET, The Sports Xchange, 400 words) 
MLB roundup 
Capsule recaps of all games on today&apos;s schedule. Will move as updated throughout the evening. (BBO-ROUNDUP, expect first version by 7 p.m. ET, The Sports Xchange, 400 words) 
The Sports Xchange covers all MLB games (all times ET) 
Washington at Philadelphia 7:05 p.m. 
Toronto at Baltimore 7:05 p.m. 
Miami at N.Y. Mets 7:10 p.m. 
San Diego at Atlanta 7:10 p.m. 
Tampa Bay at Boston 7:10 p.m. 
Minnesota at Cleveland 7:10 p.m. 
Chi. White Sox at Detroit 7:10 p.m. 
Pittsburgh at Chi. Cubs 8:05 p.m. 
Seattle at Texas 8:05 p.m. 
L.A. Dodgers at Colorado 8:10 p.m. 
St. Louis at Milwaukee 8:10 p.m. 
Oakland at Houston 8:10 p.m. 
N.Y. Yankees at Kansas City 8:15 p.m. 
Cincinnati at L.A. Angels 10:05 p.m. 
Arizona at San Francisco 10:15 p.m. 
_ _ _ _ 
NATIONAL BASKETBALL ASSOCIATION 
NBA notebook 
News and notes from around the NBA. (BKN-NOTEBOOK, expect by 7 p.m. ET, The Sports Xchange, 375 words) 
_ _ _ _ 
NATIONAL HOCKEY LEAGUE 
NHL notebook 
News and notes from around the league. (HKN-NOTEBOOK, expect by 8 p.m. ET, The Sports Xchange, 400 words) 
_ _ _ _ 
GOLF 
10 to watch: Deutsche Bank Championship 
Rickie Fowler edged Henrik Stenson in the 2015 Deutsche Bank Championship, and there are others to keep an eye on at TPC Boston this weekend, in the Friday-Monday holiday tournament. (GLF-PGA-DEUTSCHEBANK, expect by 9 p.m. ET, The Sports Xchange, by Tom LaMarre, 830 words) 
Golf Glance 
Capsule previews of the week ahead in professional golf. (GLF-SCHEDULE, moved, The Sports Xchange, 600 words) 
_ _ _ _ 
U.S. Open, Flushing Meadows, New York (to Sept. 11) 
Serena, Murray headline Day Two action 
NEW YORK - Serena Williams begins her quest for a professional era record 23rd grand slam when she faces Russian Ekaterina Makarova while two-time reigning Olympic champion Andy Murray plays Czech Lukas Rosol on Day Two of the year&apos;s final grand slam. In other first-round action, third seed Stan Wawrinka plays Spaniard Fernando Verdasco while Polish fourth seed Agnieszka Radwanska battles American Jessica Pegula. (TENNIS-OPEN/PLAYER, expect by 4 PM ET, by Steve Keating, Larry Fine and Simon Cambers, 400 words) 
Venus, Serena Williams take U.S. Open stage 
Coverage of the U.S. Open, with Venus Williams, Serena Williams and Andy Murray scheduled to begin play. (TENNIS-USOPEN-NEWS, expect by 9 p.m. ET, The Sports Xchange, 350 words) 
- - - - Published: August 30, 2016 — 2:30 PM EDT We encourage respectful comments but reserve the right to delete anything that doesn&apos;t contribute to an engaging dialogue Help us moderate this thread by flagging comments that violate our guidelines Help us learn more about Philly.com commenters. Click here to take this quick survey. Comment policy: 
Philly.com comments are intended to be civil, friendly conversations. Please treat other participants with respect and in a way that you would want to be treated. You are responsible for what you say. And please, stay on topic. If you see an objectionable post, please report it to us using the &quot;Report Abuse&quot; option. 
Please note that comments are monitored by Philly.com staff. We reserve the right at all times to remove any information or materials that are unlawful, threatening, abusive, libelous, defamatory, obscene, vulgar, pornographic, profane, indecent or otherwise objectionable. Personal attacks, especially on other participants, are not permitted. We reserve the right to permanently block any user who violates these terms and conditions. 
Additionally comments that are long, have multiple paragraph breaks, include code, or include hyperlinks may not be posted. 
</topic_text>
<spam_score>0.09</spam_score>
<post_num>1</post_num>
<post_id>post-1</post_id>
<post_url>http://www.philly.com/philly/wires/reuters/sports/world/391772501.html</post_url>
<post_date>20160830</post_date>
<post_time></post_time>
<username></username>
<post>
Reuters U.S. Sports Schedule at 2:30 PM ET on Tuesday, August 30 Updated: August 30, 2016 — 2:30 PM EDT Share 
August 30 (Reuters) - Reuters U.S. sports schedule at 2:30 PM ET on Tuesday: 
- - - - 
For any coverage questions, please contact us.general-news@thomsonreuters.com 
- - - - 
NATIONAL FOOTBALL LEAGUE 
Notable cuts: Rosters trimmed to 75 
Former first-round picks Bjoern Werner (Jaguars) and Quinton Coples (Rams) failed to stick in second chance stops and were among notable cuts on Tuesday as NFL teams reduced rosters to 75. (FBN-NEWS-NOTABLECUTS, moved, The Sports Xchange, 400 words, will be led) 
Denver defense on Siemian&apos;s side 
ENGLEWOOD, Colo. -- The Broncos have a talented roster, in spite of free-agent losses. Their players know it. And that talent is going to have to pick up first-time starting quarterback Trevor Siemian. (FBN-BRONCOS-SIEMIAN-NEWS, moved, The Sports Xchange, 443 words) 
Cowboys yet to rule Romo out 
When it comes the question of how long quarterback Tony Romo could be out, there seems to be no right answer. Like most questions in which variables can be applied, the answer depends on who you ask. (FBN-COWBOYS-ROMO-NEWS, moved, The Sports Xchange, 455 words) 
Jim Harbaugh not on board with Kaepernick taking seat 
Michigan coach Jim Harbaugh said he did not respect the method of protest used by his former pupil, Colin Kaepernick, to make a statement on social injustice. (FBN-49ERS-KAEPERNICK-HARBAUGH-NEWS, moved, The Sports Xchange, 421 words) 
Raiders riled by poor run defense 
ALAMEDA, Calif. -- The Raiders remain optimistic heading into their final preseason game despite a 1-2 record, with the biggest area concern a vulnerable run defense. (FBN-RAIDERS-RUNDEFENSE-NEWS, moved, The Sports Xchange, 615 words) 
Arrow up for Texans, Osweiler 
HOUSTON -- Brock Osweiler delivered the football with precision Sunday, operating like a quarterback who has plenty of confidence in himself and his receivers&apos; speed and hands. (FBN-TEXANS-OSWEILER-NEWS, expect by 7p.m. ET, The Sports Xchange, 712 words) 
NFL notebook 
News and notes from around the NFL. (FBN-NOTEBOOK, expect by 8 p.m. ET, The Sports Xchange, 400 words) 
_ _ _ _ 
Previews for all Top 25 games will move Tuesday, including: 
Alabama-USC collide in Week 1 headliner 
Clay Helton and No. 20 Southern Cal draw a stiff test in defending national champion and No. 1-ranked Alabama at Cowboys Stadium on Saturday night. (FBC-ALABAMA-SOUTHERNCAL-PREVIEW, expect by 9 p.m. ET, The Sports Xchange, 600 words) 
Baylor-Northwestern State preview 
Interim coach Jim Grobe and No. 23 Baylor are elated to see game day return after a tumultuous summer in Waco. (FBC-BAYLOR-NORTHWESTERNSTATE-PREVIEW, moved, The Sports Xchange, 611 words) 
New QB, same message at Michigan State: No drop-off 
Furman, bye week. The soft part of the Michigan State schedule ends after Friday night&apos;s opener, with No. 10 Notre Dame waiting and the rugged Big Ten East on deck. (FBC-MICHIGANSTATE-FURMAN-PREVIEW, moved, The Sports Xchange, 539 words) 
Clemson, Swinney face familiar foe at Auburn 
Clemson opens the season where it has never been before - No. 2 in the national rankings. The Tigers and Heisman Trophy candidate Deshaun Watson draw former defensive coordinator Kevin Steele on Saturday at Auburn. (FBC-CLEMSON-AUBURN-PREVIEW, expect by 8 p.m. ET, The Sports Xchange, 655 words) 
College football notebook 
News and notes from around the nation. (FBC-NOTEBOOK, expect by 7 p.m. ET, The Sports Xchange, 400 words) 
_ _ _ _ 
MAJOR LEAGUE BASEBALL 
MLB notebook 
News and notes from spring training. (BBO-NOTEBOOK, expect by 8 p.m. ET, The Sports Xchange, 400 words) 
MLB roundup 
Capsule recaps of all games on today&apos;s schedule. Will move as updated throughout the evening. (BBO-ROUNDUP, expect first version by 7 p.m. ET, The Sports Xchange, 400 words) 
The Sports Xchange covers all MLB games (all times ET) 
Washington at Philadelphia 7:05 p.m. 
Toronto at Baltimore 7:05 p.m. 
Miami at N.Y. Mets 7:10 p.m. 
San Diego at Atlanta 7:10 p.m. 
Tampa Bay at Boston 7:10 p.m. 
Minnesota at Cleveland 7:10 p.m. 
Chi. White Sox at Detroit 7:10 p.m. 
Pittsburgh at Chi. Cubs 8:05 p.m. 
Seattle at Texas 8:05 p.m. 
L.A. Dodgers at Colorado 8:10 p.m. 
St. Louis at Milwaukee 8:10 p.m. 
Oakland at Houston 8:10 p.m. 
N.Y. Yankees at Kansas City 8:15 p.m. 
Cincinnati at L.A. Angels 10:05 p.m. 
Arizona at San Francisco 10:15 p.m. 
_ _ _ _ 
NATIONAL BASKETBALL ASSOCIATION 
NBA notebook 
News and notes from around the NBA. (BKN-NOTEBOOK, expect by 7 p.m. ET, The Sports Xchange, 375 words) 
_ _ _ _ 
NATIONAL HOCKEY LEAGUE 
NHL notebook 
News and notes from around the league. (HKN-NOTEBOOK, expect by 8 p.m. ET, The Sports Xchange, 400 words) 
_ _ _ _ 
GOLF 
10 to watch: Deutsche Bank Championship 
Rickie Fowler edged Henrik Stenson in the 2015 Deutsche Bank Championship, and there are others to keep an eye on at TPC Boston this weekend, in the Friday-Monday holiday tournament. (GLF-PGA-DEUTSCHEBANK, expect by 9 p.m. ET, The Sports Xchange, by Tom LaMarre, 830 words) 
Golf Glance 
Capsule previews of the week ahead in professional golf. (GLF-SCHEDULE, moved, The Sports Xchange, 600 words) 
_ _ _ _ 
U.S. Open, Flushing Meadows, New York (to Sept. 11) 
Serena, Murray headline Day Two action 
NEW YORK - Serena Williams begins her quest for a professional era record 23rd grand slam when she faces Russian Ekaterina Makarova while two-time reigning Olympic champion Andy Murray plays Czech Lukas Rosol on Day Two of the year&apos;s final grand slam. In other first-round action, third seed Stan Wawrinka plays Spaniard Fernando Verdasco while Polish fourth seed Agnieszka Radwanska battles American Jessica Pegula. (TENNIS-OPEN/PLAYER, expect by 4 PM ET, by Steve Keating, Larry Fine and Simon Cambers, 400 words) 
Venus, Serena Williams take U.S. Open stage 
Coverage of the U.S. Open, with Venus Williams, Serena Williams and Andy Murray scheduled to begin play. (TENNIS-USOPEN-NEWS, expect by 9 p.m. ET, The Sports Xchange, 350 words) 
- - - - Published: August 30, 2016 — 2:30 PM EDT We encourage respectful comments but reserve the right to delete anything that doesn&apos;t contribute to an engaging dialogue Help us moderate this thread by flagging comments that violate our guidelines Help us learn more about Philly.com commenters. Click here to take this quick survey. Comment policy: 
Philly.com comments are intended to be civil, friendly conversations. Please treat other participants with respect and in a way that you would want to be treated. You are responsible for what you say. And please, stay on topic. If you see an objectionable post, please report it to us using the &quot;Report Abuse&quot; option. 
Please note that comments are monitored by Philly.com staff. We reserve the right at all times to remove any information or materials that are unlawful, threatening, abusive, libelous, defamatory, obscene, vulgar, pornographic, profane, indecent or otherwise objectionable. Personal attacks, especially on other participants, are not permitted. We reserve the right to permanently block any user who violates these terms and conditions. 
Additionally comments that are long, have multiple paragraph breaks, include code, or include hyperlinks may not be posted. 
</post>
<signature>

</signature>
<external_links>

</external_links>
<country>US</country>
<main_image>http://media.philly.com/designimages/pcom-FB.jpg</main_image>
</document>
