<?xml version="1.0" encoding="UTF-8"?>
<document>
<type>mainstream</type>
<forum></forum>
<forum_title></forum_title>
<discussion_title>El Salvador judge orders ex-attorney general remain in jail</discussion_title>
<language>english</language>
<gmt_offset></gmt_offset>
<topic_url>http://www.philly.com/philly/wires/ap/news/nation_world/391811291.html</topic_url>
<topic_text>
El Salvador judge orders ex-attorney general remain in jail Updated: August 30, 2016 — 6:46 PM EDT Share Close icon The Associated Press 
SAN SALVADOR, El Salvador (AP) - A judge in El Salvador has ordered that the country&apos;s former attorney general remain in jail on new charges that he divulged intercepted telephone conversations in prosecuting a Roman Catholic priest from Spain in 2014. 
Former Attorney General Luis Martinez used the calls against the Rev. Antonio Rodriguez, better known as &quot;Father Tony.&quot; Rodriguez was convicted of smuggling illicit items into prisons and having a relationship with the country&apos;s gangs. 
Rodriguez was sentenced to 30 months in prison, but was immediately released under a deal that prohibited him from visiting prisons or communicating with the gangs. 
Martinez was originally arrested Aug. 22 for another case in which he is accused of helping a businessman in exchange for personal favors. He denied wrongdoing in that case. Published: 
</topic_text>
<spam_score>0.20</spam_score>
<post_num>1</post_num>
<post_id>post-1</post_id>
<post_url>http://www.philly.com/philly/wires/ap/news/nation_world/391811291.html</post_url>
<post_date>20160830</post_date>
<post_time></post_time>
<username>The Associated Press</username>
<post>
El Salvador judge orders ex-attorney general remain in jail Updated: August 30, 2016 — 6:46 PM EDT Share Close icon The Associated Press 
SAN SALVADOR, El Salvador (AP) - A judge in El Salvador has ordered that the country&apos;s former attorney general remain in jail on new charges that he divulged intercepted telephone conversations in prosecuting a Roman Catholic priest from Spain in 2014. 
Former Attorney General Luis Martinez used the calls against the Rev. Antonio Rodriguez, better known as &quot;Father Tony.&quot; Rodriguez was convicted of smuggling illicit items into prisons and having a relationship with the country&apos;s gangs. 
Rodriguez was sentenced to 30 months in prison, but was immediately released under a deal that prohibited him from visiting prisons or communicating with the gangs. 
Martinez was originally arrested Aug. 22 for another case in which he is accused of helping a businessman in exchange for personal favors. He denied wrongdoing in that case. Published: 
</post>
<signature>

</signature>
<external_links>

</external_links>
<country>US</country>
<main_image>http://media.philly.com/designimages/pcom-FB.jpg</main_image>
</document>
