<?xml version="1.0" encoding="UTF-8"?>
<document>
<type>mainstream</type>
<forum></forum>
<forum_title></forum_title>
<discussion_title>Concussion-related lawsuit pending, Bouchard out at US Open</discussion_title>
<language>english</language>
<gmt_offset></gmt_offset>
<topic_url>http://www.philly.com/philly/wires/ap/sports/391754231.html</topic_url>
<topic_text>
Concussion-related lawsuit pending, Bouchard out at US Open Updated: August 30, 2016 — 7:15 PM EDT Share 1:08 AM FILE - In this Sept. 4, 2015, file photo, Eugenie Bouchard, of Canada, takes a break between games against Dominika Cibulkova, of Slovakia, at the U.S. Open tennis tournament in New York. Bouchard won that match. Bouchard fell at the facility and suffered a concussion, and withdrew before her fourth-round match. Bouchard missed most of the rest of the season. She filed suit against the U.S. Tennis Association in U.S. District Court in Brooklyn in October, and that case is still pending, putting the 2014 Wimbledon runner-up in the odd position of competing this week at an event whose organizers she is suing. (AP Photo/Charles Krupa, File) HOWARD FENDRICH The Associated Press 
NEW YORK (AP) - Eugenie Bouchard wrung her hands at her post-match news conference. She rubbed her lower lip. She squeezed her left arm. Mail icon 
While her body language screamed discomfort Tuesday, when the main topic of discussion was Bouchard&apos;s ongoing lawsuit against the U.S. Open rather than her first-round loss, her words were measured. The once rising star answered every question. 
A year ago at Flushing Meadows, Bouchard got a concussion from a fall at the facility and withdrew before playing in the fourth round, and then missed most of the rest of the season. She filed suit against the U.S. Tennis Association in U.S. District Court in Brooklyn in October, and that case is still pending, putting the 2014 Wimbledon runner-up in the odd position of competing this week at an event whose organizers she is suing. 
&quot;If I sit down and think about it, yeah, it&apos;s definitely a strange situation. But it&apos;s something that&apos;s so far in the back of my mind. I don&apos;t think about it on a daily basis, at all. I have people, lawyers, working on that side of it,&quot; Bouchard said. &quot;So it&apos;s really not something I think about much at all. Obviously, being here, it&apos;s crossed my mind. But besides that, I mean, it has nothing to do with my day-to-day life.&quot; 
Her 6-3, 3-6, 6-2 exit against 72nd-ranked Katerina Siniakova of the Czech Republic, a player who only once has been as far as the third round at a major tournament, was filled with 46 unforced errors by Bouchard, who also was treated for blisters on her feet. It represented the latest early loss for a 22-year-old Canadian who reached three Grand Slam semifinals two years ago - and none since. 
In other first-round action on Day 2 at the year&apos;s last Grand Slam tournament, sixth-seeded and two-time champion Venus Williams got through a tougher-than-expected 6-2, 5-7, 6-4 victory over Kateryna Kozlova, while her older sister Serena was going to test her sore right shoulder against Ekaterina Makarova at night. Also due to play under the lights: Andy Murray against Lukas Rosol. 
There were various upsets around the grounds during the afternoon, including 19-year-old American Jared Donaldson&apos;s 4-6, 7-5, 6-4, 6-0 elimination of 12th-seeded David Goffin, and a loss by No. 29 Sam Querrey, who stunned Novak Djokovic at Wimbledon. Three seeded women departed, including former No. 1 and 2008 French Open champion Ana Ivanovic. 
When she was at her peak, and a seeded player, an early major loss by Bouchard was rather newsworthy. Her up-and-down 2015 and 2016 have changed that, in part because she is ranked only 39th now, after a best of No. 5. 
She lost 14 of 17 matches leading into the 2015 U.S. Open but, after working a bit with Jimmy Connors, appeared to be back on the upswing in New York by reaching the fourth round. Then came her slip-and-tumble, and the concussion diagnosis, and she pulled out of what would have been a matchup against eventual runner-up Roberta Vinci. 
It took her until January to return to the tour full-time. 
&quot;I didn&apos;t feel like, on the court, I was back to where I was,&quot; Bouchard said Tuesday, meaning that her level of play wasn&apos;t at its peak at the start of 2016. &quot;But physically, since the beginning of the year, I&apos;ve been feeling good.&quot; 
USTA spokesman Chris Widmaier said the organization would not comment on the &quot;substance&quot; of litigation. 
&quot;However, it is truly unfortunate that a year after her accident, Genie&apos;s focus is on matters other than playing to her best ability,&quot; Widmaier said, noting that Bouchard&apos;s lawyers asked for an extension of the case. 
He said the USTA &quot;has remained ready, willing and able to bring the litigation to a conclusion as expeditiously as is possible, whether through settlement discussions or a fully litigated process.&quot; 
Widmaier added that the lawsuit &quot;had no impact on how Genie was treated at the U.S. Open in any manner.&quot; 
Bouchard&apos;s coach, Nick Saviano, was asked whether her ability to play tennis Tuesday had been affected at all by any possible distractions created by the lawsuit. 
&quot;I can&apos;t really speak to that,&quot; Saviano said. &quot;She was in a good frame of mind coming in. She went out, she was ready to play, and the other girl played well.&quot; 
___ 
Follow Howard Fendrich on Twitter at http://twitter.com/HowardFendrich More Coverage 
</topic_text>
<spam_score>0.63</spam_score>
<post_num>1</post_num>
<post_id>post-1</post_id>
<post_url>http://www.philly.com/philly/wires/ap/sports/391754231.html</post_url>
<post_date>20160830</post_date>
<post_time></post_time>
<username>Howard Fendrich</username>
<post>
Concussion-related lawsuit pending, Bouchard out at US Open Updated: August 30, 2016 — 7:15 PM EDT Share 1:08 AM FILE - In this Sept. 4, 2015, file photo, Eugenie Bouchard, of Canada, takes a break between games against Dominika Cibulkova, of Slovakia, at the U.S. Open tennis tournament in New York. Bouchard won that match. Bouchard fell at the facility and suffered a concussion, and withdrew before her fourth-round match. Bouchard missed most of the rest of the season. She filed suit against the U.S. Tennis Association in U.S. District Court in Brooklyn in October, and that case is still pending, putting the 2014 Wimbledon runner-up in the odd position of competing this week at an event whose organizers she is suing. (AP Photo/Charles Krupa, File) HOWARD FENDRICH The Associated Press 
NEW YORK (AP) - Eugenie Bouchard wrung her hands at her post-match news conference. She rubbed her lower lip. She squeezed her left arm. Mail icon 
While her body language screamed discomfort Tuesday, when the main topic of discussion was Bouchard&apos;s ongoing lawsuit against the U.S. Open rather than her first-round loss, her words were measured. The once rising star answered every question. 
A year ago at Flushing Meadows, Bouchard got a concussion from a fall at the facility and withdrew before playing in the fourth round, and then missed most of the rest of the season. She filed suit against the U.S. Tennis Association in U.S. District Court in Brooklyn in October, and that case is still pending, putting the 2014 Wimbledon runner-up in the odd position of competing this week at an event whose organizers she is suing. 
&quot;If I sit down and think about it, yeah, it&apos;s definitely a strange situation. But it&apos;s something that&apos;s so far in the back of my mind. I don&apos;t think about it on a daily basis, at all. I have people, lawyers, working on that side of it,&quot; Bouchard said. &quot;So it&apos;s really not something I think about much at all. Obviously, being here, it&apos;s crossed my mind. But besides that, I mean, it has nothing to do with my day-to-day life.&quot; 
Her 6-3, 3-6, 6-2 exit against 72nd-ranked Katerina Siniakova of the Czech Republic, a player who only once has been as far as the third round at a major tournament, was filled with 46 unforced errors by Bouchard, who also was treated for blisters on her feet. It represented the latest early loss for a 22-year-old Canadian who reached three Grand Slam semifinals two years ago - and none since. 
In other first-round action on Day 2 at the year&apos;s last Grand Slam tournament, sixth-seeded and two-time champion Venus Williams got through a tougher-than-expected 6-2, 5-7, 6-4 victory over Kateryna Kozlova, while her older sister Serena was going to test her sore right shoulder against Ekaterina Makarova at night. Also due to play under the lights: Andy Murray against Lukas Rosol. 
There were various upsets around the grounds during the afternoon, including 19-year-old American Jared Donaldson&apos;s 4-6, 7-5, 6-4, 6-0 elimination of 12th-seeded David Goffin, and a loss by No. 29 Sam Querrey, who stunned Novak Djokovic at Wimbledon. Three seeded women departed, including former No. 1 and 2008 French Open champion Ana Ivanovic. 
When she was at her peak, and a seeded player, an early major loss by Bouchard was rather newsworthy. Her up-and-down 2015 and 2016 have changed that, in part because she is ranked only 39th now, after a best of No. 5. 
She lost 14 of 17 matches leading into the 2015 U.S. Open but, after working a bit with Jimmy Connors, appeared to be back on the upswing in New York by reaching the fourth round. Then came her slip-and-tumble, and the concussion diagnosis, and she pulled out of what would have been a matchup against eventual runner-up Roberta Vinci. 
It took her until January to return to the tour full-time. 
&quot;I didn&apos;t feel like, on the court, I was back to where I was,&quot; Bouchard said Tuesday, meaning that her level of play wasn&apos;t at its peak at the start of 2016. &quot;But physically, since the beginning of the year, I&apos;ve been feeling good.&quot; 
USTA spokesman Chris Widmaier said the organization would not comment on the &quot;substance&quot; of litigation. 
&quot;However, it is truly unfortunate that a year after her accident, Genie&apos;s focus is on matters other than playing to her best ability,&quot; Widmaier said, noting that Bouchard&apos;s lawyers asked for an extension of the case. 
He said the USTA &quot;has remained ready, willing and able to bring the litigation to a conclusion as expeditiously as is possible, whether through settlement discussions or a fully litigated process.&quot; 
Widmaier added that the lawsuit &quot;had no impact on how Genie was treated at the U.S. Open in any manner.&quot; 
Bouchard&apos;s coach, Nick Saviano, was asked whether her ability to play tennis Tuesday had been affected at all by any possible distractions created by the lawsuit. 
&quot;I can&apos;t really speak to that,&quot; Saviano said. &quot;She was in a good frame of mind coming in. She went out, she was ready to play, and the other girl played well.&quot; 
___ 
Follow Howard Fendrich on Twitter at http://twitter.com/HowardFendrich More Coverage 
</post>
<signature>

</signature>
<external_links>

</external_links>
<country>US</country>
<main_image>http://media.philly.com/images/7474094adf9545019c489cdb51452055-54b9327229644c8180c712eec73f8e18.jpg</main_image>
</document>
