<?xml version="1.0" encoding="UTF-8"?>
<document>
<type>mainstream</type>
<forum>http://www.cbs8.com/Global/category.asp?clienttype=rss_img&amp;C=154664</forum>
<forum_title>KFMB - World News</forum_title>
<discussion_title>US evaluating Taliban video of captive couple</discussion_title>
<language>english</language>
<gmt_offset></gmt_offset>
<topic_url>http://www.cbs8.com/story/32918333/us-evaluating-taliban-video-of-captive-couple</topic_url>
<topic_text>
US evaluating Taliban video of captive couple Posted: Updated: (AP Photo/Bill Gorman, File). FILE- In this June 4, 2014, file photo, mother&apos;s Linda Boyle, left and Lyn Coleman hold photo of their married children, Joshua Boyle and Caitlan Coleman, who were kidnapped by the Taliban in late 2012 in Stewartstown, Pa.... Tuesday,   
WASHINGTON (AP) - The State Department said it is evaluating a video released by the Afghan Taliban showing a Canadian man and his American wife warning that their Afghan captors will kill them unless the Kabul government ends its executions of Taliban prisoners. 
State Department spokesman John Kirby said at his daily briefing Tuesday that the video purportedly showing Canadian Joshua Boyle and American Caitlan Coleman is &quot;being examined for its validity.&quot; 
Kirby says the U.S. government is concerned about the couple&apos;s welfare and urged &quot;their immediate release on humanitarian grounds.&quot; 
In the video, Boyle and Coleman call on Canada and the United States to pressure the Afghan government into changing its policy on executing captured prisoners. 
The video has not been independently verified by the AP. 
Boyle and Coleman were seized in 2012.  
</topic_text>
<spam_score>0.00</spam_score>
<post_num>1</post_num>
<post_id>post-1</post_id>
<post_url>http://www.cbs8.com/story/32918333/us-evaluating-taliban-video-of-captive-couple</post_url>
<post_date>20160831</post_date>
<post_time>0002</post_time>
<username></username>
<post>
US evaluating Taliban video of captive couple Posted: Updated: (AP Photo/Bill Gorman, File). FILE- In this June 4, 2014, file photo, mother&apos;s Linda Boyle, left and Lyn Coleman hold photo of their married children, Joshua Boyle and Caitlan Coleman, who were kidnapped by the Taliban in late 2012 in Stewartstown, Pa.... Tuesday,   
WASHINGTON (AP) - The State Department said it is evaluating a video released by the Afghan Taliban showing a Canadian man and his American wife warning that their Afghan captors will kill them unless the Kabul government ends its executions of Taliban prisoners. 
State Department spokesman John Kirby said at his daily briefing Tuesday that the video purportedly showing Canadian Joshua Boyle and American Caitlan Coleman is &quot;being examined for its validity.&quot; 
Kirby says the U.S. government is concerned about the couple&apos;s welfare and urged &quot;their immediate release on humanitarian grounds.&quot; 
In the video, Boyle and Coleman call on Canada and the United States to pressure the Afghan government into changing its policy on executing captured prisoners. 
The video has not been independently verified by the AP. 
Boyle and Coleman were seized in 2012.  
</post>
<signature>

</signature>
<external_links>

</external_links>
<country>US</country>
<main_image>http://images.worldnow.com/AP/images/11609046_G.jpg</main_image>
</document>
