<?xml version="1.0" encoding="UTF-8"?>
<document>
<type>mainstream</type>
<forum>http://www.republika.co.id/rss/</forum>
<forum_title>Republika Online RSS Feed</forum_title>
<discussion_title>Lucas Perez: Arsenal Tim Besar</discussion_title>
<language>indonesian</language>
<gmt_offset></gmt_offset>
<topic_url>http://bola.republika.co.id/berita/sepakbola/liga-inggris/16/08/31/ocr0tn348-lucas-perez-arsenal-tim-besar</topic_url>
<topic_text>
 46 WIB Lucas Perez: Arsenal Tim Besar Rep: Bambang Noroyono/ Red: Israr Itah EPA/CABALAR Lucas Perez 
REPUBLIKA.CO.ID, LONDON -- Arsenal memastikan kedatangan seorang striker pada musim panas ini. Lucas Perez digaet dari Depotivo La Coruna. Pemain 27 tahun itu akan membuat memulai debutnya di Liga Primer Inggris musim ini. 
Lucas punya alasan kuat untuk bergabung dengan the Gunners. &quot;Mereka tim besar, mereka berjuang untuk sejumlah gelar. Mereka bermain di Eropa dan benar-benar klub besar. Mereka punya sejumlah pemain fantastis dan itu menarik semua pemain,&quot; kata Lucas seperti dilansir laman resmi klub, Rabu (31/8). 
Ia mengaku amat bersemangat, dan siap menunjukkan apa yang dia miliki. Hanya kata dia, perlu waktu baginya agar lebih cepat memahami gaya permainan para mitra barunya di Arsenal. 
Sebab, kata dia, gaya permainan di La Liga dan Liga Primer Inggris amatlah berbeda. &quot;Aku pikir di sini (Liga Inggris) akan lebih intens dengan permainan cepat dari ujung ke ujung. Di Liga Spanyol, lebih taktis dan tidak secepat Liga Inggris,&quot; ujar dia. 
Tim London Utara itu mendapatkan Lucas dengan nilai kontrak 17 juta pound (Rp 295,5 miliar). Pelatih Arsene Wenger mengatakan, ia senang dengan hadirnya Perez di Stadion Emirates. 
Wenger yakin, kehadiran Perez bersama skuatnya musim ini, akan memberikan dampak baik bagi klubnya itu. &quot;Dia punya pandangan dan tujuan yang baik dan dia akan memiliki musim yang luar biasa tahun ini,&quot; kata Wenger.
</topic_text>
<spam_score>0.00</spam_score>
<post_num>1</post_num>
<post_id>post-1</post_id>
<post_url>http://bola.republika.co.id/berita/sepakbola/liga-inggris/16/08/31/ocr0tn348-lucas-perez-arsenal-tim-besar</post_url>
<post_date>20160831</post_date>
<post_time>0046</post_time>
<username>Israr Itah</username>
<post>
 46 WIB Lucas Perez: Arsenal Tim Besar Rep: Bambang Noroyono/ Red: Israr Itah EPA/CABALAR Lucas Perez 
REPUBLIKA.CO.ID, LONDON -- Arsenal memastikan kedatangan seorang striker pada musim panas ini. Lucas Perez digaet dari Depotivo La Coruna. Pemain 27 tahun itu akan membuat memulai debutnya di Liga Primer Inggris musim ini. 
Lucas punya alasan kuat untuk bergabung dengan the Gunners. &quot;Mereka tim besar, mereka berjuang untuk sejumlah gelar. Mereka bermain di Eropa dan benar-benar klub besar. Mereka punya sejumlah pemain fantastis dan itu menarik semua pemain,&quot; kata Lucas seperti dilansir laman resmi klub, Rabu (31/8). 
Ia mengaku amat bersemangat, dan siap menunjukkan apa yang dia miliki. Hanya kata dia, perlu waktu baginya agar lebih cepat memahami gaya permainan para mitra barunya di Arsenal. 
Sebab, kata dia, gaya permainan di La Liga dan Liga Primer Inggris amatlah berbeda. &quot;Aku pikir di sini (Liga Inggris) akan lebih intens dengan permainan cepat dari ujung ke ujung. Di Liga Spanyol, lebih taktis dan tidak secepat Liga Inggris,&quot; ujar dia. 
Tim London Utara itu mendapatkan Lucas dengan nilai kontrak 17 juta pound (Rp 295,5 miliar). Pelatih Arsene Wenger mengatakan, ia senang dengan hadirnya Perez di Stadion Emirates. 
Wenger yakin, kehadiran Perez bersama skuatnya musim ini, akan memberikan dampak baik bagi klubnya itu. &quot;Dia punya pandangan dan tujuan yang baik dan dia akan memiliki musim yang luar biasa tahun ini,&quot; kata Wenger.
</post>
<signature>

</signature>
<external_links>

</external_links>
<country>ID</country>
<main_image>http://static.republika.co.id/uploads/images/headline_slide/lucas-perez-_160831073524-987.jpg</main_image>
</document>
