<?xml version="1.0" encoding="UTF-8"?>
<document>
<type>mainstream</type>
<forum>http://www.cbs8.com/category/48535/new-products-services</forum>
<forum_title>New Products &amp;amp; Services - CBS News 8 - San Diego, CA News Station - KFMB Channel 8</forum_title>
<discussion_title>Kellogg&apos;s® Debuts Pumpkin Spice Latte Cereal Bowls</discussion_title>
<language>english</language>
<gmt_offset></gmt_offset>
<topic_url>http://www.cbs8.com/story/32879043/kelloggs-debuts-pumpkin-spice-latte-cereal-bowls</topic_url>
<topic_text>
 Kellogg Company
Because PSL is not only made for a coffee mug
BATTLE CREEK, Mich. , Aug. 30, 2016 /PRNewswire/ -- This fall, Kellogg&apos;s ® is bringing the pumpkin spice craze to Times Square one delicious bite at a time. Beginning Tuesday, September 6 , Kellogg&apos;s NYC cereal café will feature the Pumpkin Spice Latte bowl as a limited-time menu item made with espresso powder and white chocolate chips on top of the limited-edition Frosted Mini-Wheats ® Pumpkin Spice cereal.
At the heart of the new Pumpkin Spice Latte bowl is Kellogg&apos;s limited Frosted Mini-Wheats® Pumpkin Spice cereal that combines the goodness of crunchy wheat with just the right amount of sweet frosting, cinnamon, nutmeg, allspice and ginger.
The limited-time bowl can be ordered with your choice of a milk base, including whole, skim, soy and almond or Greek yogurt or soft serve ice cream. To add to the fun, bowls ordered with whole or skim milk will come with steamed milk so guests can pour it over their bowls to enjoy the full latte experience.
Pumpkin spice lovers can head to Kellogg&apos;s NYC to enjoy the Pumpkin Spice Latte bowl, being offered September 6 to October 31 , 2016. Frosted Mini-Wheats® Pumpkin Spice cereal begins arriving at retailers this month, only while supplies last.
Guests also have the option to creatively customize their own cereal creations with a variety of toppings and additional menu items.
Let&apos;s #StirItUp together at # KelloggsN YC ! For more information about Kellogg&apos;s NYC check out KelloggsNYC.com or follow us on Instagram and Twitter .
Click to tweet : @KelloggsNYC is taking on the pumpkin spice craze with @MiniWheats! Come try the limited-time bowl today! #StirItUp #KelloggsNYC #PSL Click to tweet : @MiniWheats is taking over @KelloggsNYC with the new Pumpkin Spice Latte bowl available this fall! #StirItUp #KelloggsNYC #PSL About Kellogg Company
At Kellogg Company (NYSE: K), we strive to make foods people love. This includes our beloved brands Kellogg&apos;s®, Keebler®, Special K®, Pringles®, Kellogg&apos;s Frosted Flakes®, Pop-Tarts®, Kellogg&apos;s Corn Flakes®, Rice Krispies®, Cheez-It®, Eggo®, Mini-Wheats ® and more – that nourish families so they can flourish and thrive. With 2015 sales of $13.5 billion and more than 1,600 foods, Kellogg is the world&apos;s leading cereal company; second largest producer of cookies, crackers and savory snacks; and a leading North American frozen foods company. Through our Breakfasts for Better Days TM global hunger initiative, we&apos;ve provided more than 1.4 billion servings of cereal and snacks to children and families in need around the world. To learn more, visit www.kelloggcompany.com or follow us on Twitter @KelloggCompany, YouTube and on Social K .
Photo - http://photos.prnewswire.com/prnh/20160829/402188
Photo - http://photos.prnewswire.com/prnh/20160829/402312
 releases/kelloggs-debuts-pumpkin-spice-latte-cereal-bowls-300319533.html
 
</topic_text>
<spam_score>0.00</spam_score>
<post_num>1</post_num>
<post_id>post-1</post_id>
<post_url>http://www.cbs8.com/story/32879043/kelloggs-debuts-pumpkin-spice-latte-cereal-bowls</post_url>
<post_date>20160830</post_date>
<post_time></post_time>
<username>cbs8</username>
<post>
 Kellogg Company
Because PSL is not only made for a coffee mug
BATTLE CREEK, Mich. , Aug. 30, 2016 /PRNewswire/ -- This fall, Kellogg&apos;s ® is bringing the pumpkin spice craze to Times Square one delicious bite at a time. Beginning Tuesday, September 6 , Kellogg&apos;s NYC cereal café will feature the Pumpkin Spice Latte bowl as a limited-time menu item made with espresso powder and white chocolate chips on top of the limited-edition Frosted Mini-Wheats ® Pumpkin Spice cereal.
At the heart of the new Pumpkin Spice Latte bowl is Kellogg&apos;s limited Frosted Mini-Wheats® Pumpkin Spice cereal that combines the goodness of crunchy wheat with just the right amount of sweet frosting, cinnamon, nutmeg, allspice and ginger.
The limited-time bowl can be ordered with your choice of a milk base, including whole, skim, soy and almond or Greek yogurt or soft serve ice cream. To add to the fun, bowls ordered with whole or skim milk will come with steamed milk so guests can pour it over their bowls to enjoy the full latte experience.
Pumpkin spice lovers can head to Kellogg&apos;s NYC to enjoy the Pumpkin Spice Latte bowl, being offered September 6 to October 31 , 2016. Frosted Mini-Wheats® Pumpkin Spice cereal begins arriving at retailers this month, only while supplies last.
Guests also have the option to creatively customize their own cereal creations with a variety of toppings and additional menu items.
Let&apos;s #StirItUp together at # KelloggsN YC ! For more information about Kellogg&apos;s NYC check out KelloggsNYC.com or follow us on Instagram and Twitter .
Click to tweet : @KelloggsNYC is taking on the pumpkin spice craze with @MiniWheats! Come try the limited-time bowl today! #StirItUp #KelloggsNYC #PSL Click to tweet : @MiniWheats is taking over @KelloggsNYC with the new Pumpkin Spice Latte bowl available this fall! #StirItUp #KelloggsNYC #PSL About Kellogg Company
At Kellogg Company (NYSE: K), we strive to make foods people love. This includes our beloved brands Kellogg&apos;s®, Keebler®, Special K®, Pringles®, Kellogg&apos;s Frosted Flakes®, Pop-Tarts®, Kellogg&apos;s Corn Flakes®, Rice Krispies®, Cheez-It®, Eggo®, Mini-Wheats ® and more – that nourish families so they can flourish and thrive. With 2015 sales of $13.5 billion and more than 1,600 foods, Kellogg is the world&apos;s leading cereal company; second largest producer of cookies, crackers and savory snacks; and a leading North American frozen foods company. Through our Breakfasts for Better Days TM global hunger initiative, we&apos;ve provided more than 1.4 billion servings of cereal and snacks to children and families in need around the world. To learn more, visit www.kelloggcompany.com or follow us on Twitter @KelloggCompany, YouTube and on Social K .
Photo - http://photos.prnewswire.com/prnh/20160829/402188
Photo - http://photos.prnewswire.com/prnh/20160829/402312
 releases/kelloggs-debuts-pumpkin-spice-latte-cereal-bowls-300319533.html
 
</post>
<signature>

</signature>
<external_links>
<external_link>https://www.instagram.com/kelloggsnyc/</external_link><external_link>http://ctt.ec/63yve</external_link><external_link>https://photos.prnewswire.com/prnvar/20160829/402312</external_link><external_link>https://photos.prnewswire.com/prnvar/20160829/402188</external_link><external_link>http://www.prnewswire.com/news-releases/kelloggs-debuts-pumpkin-spice-latte-cereal-bowls-300319533.html</external_link><external_link>http://www.kelloggcompany.com/</external_link><external_link>http://kelloggsnyc.com/</external_link><external_link>http://rt.prnewswire.com/rt.gif?NewsItemId=CG78459&amp;Transmission_Id=201608300701PR_NEWS_USPR_____CG78459&amp;DateId=20160830</external_link><external_link>https://www.youtube.com/user/KelloggCompany</external_link><external_link>https://twitter.com/kelloggsnyc</external_link><external_link>http://www.xmlnews.org/ns/</external_link><external_link>http://ctt.ec/7VrUc</external_link><external_link>http://www.kelloggcompany.com/en_US/socialk.html</external_link><external_link>http://photos.prnewswire.com/prnh/20160829/402312</external_link><external_link>http://photos.prnewswire.com/prnh/20160829/402188</external_link>
</external_links>
<country>US</country>
<main_image></main_image>
</document>
