<?xml version="1.0" encoding="UTF-8"?>
<document>
<type>mainstream</type>
<forum>http://www.arabianbusiness.com/?service=rss</forum>
<forum_title>Arabian Business - Home</forum_title>
<discussion_title>UAE&apos;s Bloom awards contract for Soho Square project</discussion_title>
<language>english</language>
<gmt_offset></gmt_offset>
<topic_url>http://www.arabianbusiness.com/uae-s-bloom-awards-contract-for-soho-square-project-643973.html</topic_url>
<topic_text>
UAE&apos;s Bloom awards contract for Soho Square project Article By Tuesday, 30 August 2016 1:31 PM 
Bloom Properties has awarded the enabling works of its Soho Square mixed-use urban development on Saadiyat in Abu Dhabi to Dutch Foundation Company and Concrete Rehabilitation. 
Work is set to commence on site in September and is scheduled for completion in the first quarter of 2017 to ensure the site is ready for main construction work to begin. 
Taking shape in the University neighborhood of Saadiyat in Abu Dhabi, Soho Square is the second mixed-use development by Bloom Properties on Saadiyat and encompasses a residential, retail and commercial space. 
Soho Square will feature 302 upscale residences, ranging from studios to three-bedroom apartments, townhouses and a penthouse. The project will feature a raft of commercial and retail facilities and amenities including restaurants, a swimming pool and a fitness centre. 
Bloom said in a statement that the project has been a &quot;big draw for investors&quot; looking for substantial return on their investments and long term capital appreciation. 
Sameh Muhtadi, CEO, Bloom Holding, said: &quot;The awarding of enabling works of Soho Square is an important first step in preparing the site for the main construction work and reiterates our commitment to delivering the project in a timely manner. 
&quot;Soho Square offers resident and end-users an attractive value proposition and excellent opportunity to live in one of Abu Dhabi&apos;s most sought-after locations. We will ensure that the project is completed to the highest standards.&quot; 
Salim Farah, general manager of Dutch Foundation Company and Concrete Rehabilitation, added: &quot;We are pleased to partner with Bloom Properties in delivering this landmark development. We will draw on our strong track record of undertaking many large-scale projects across the region to achieve the aspirations of Bloom Properties and its stakeholders.&quot;
</topic_text>
<spam_score>0.00</spam_score>
<post_num>1</post_num>
<post_id>post-1</post_id>
<post_url>http://www.arabianbusiness.com/uae-s-bloom-awards-contract-for-soho-square-project-643973.html</post_url>
<post_date>20160830</post_date>
<post_time>0931</post_time>
<username></username>
<post>
UAE&apos;s Bloom awards contract for Soho Square project Article By Tuesday, 30 August 2016 1:31 PM 
Bloom Properties has awarded the enabling works of its Soho Square mixed-use urban development on Saadiyat in Abu Dhabi to Dutch Foundation Company and Concrete Rehabilitation. 
Work is set to commence on site in September and is scheduled for completion in the first quarter of 2017 to ensure the site is ready for main construction work to begin. 
Taking shape in the University neighborhood of Saadiyat in Abu Dhabi, Soho Square is the second mixed-use development by Bloom Properties on Saadiyat and encompasses a residential, retail and commercial space. 
Soho Square will feature 302 upscale residences, ranging from studios to three-bedroom apartments, townhouses and a penthouse. The project will feature a raft of commercial and retail facilities and amenities including restaurants, a swimming pool and a fitness centre. 
Bloom said in a statement that the project has been a &quot;big draw for investors&quot; looking for substantial return on their investments and long term capital appreciation. 
Sameh Muhtadi, CEO, Bloom Holding, said: &quot;The awarding of enabling works of Soho Square is an important first step in preparing the site for the main construction work and reiterates our commitment to delivering the project in a timely manner. 
&quot;Soho Square offers resident and end-users an attractive value proposition and excellent opportunity to live in one of Abu Dhabi&apos;s most sought-after locations. We will ensure that the project is completed to the highest standards.&quot; 
Salim Farah, general manager of Dutch Foundation Company and Concrete Rehabilitation, added: &quot;We are pleased to partner with Bloom Properties in delivering this landmark development. We will draw on our strong track record of undertaking many large-scale projects across the region to achieve the aspirations of Bloom Properties and its stakeholders.&quot;
</post>
<signature>

</signature>
<external_links>

</external_links>
<country>US</country>
<main_image>http://www.arabianbusiness.com/incoming/article643972.ece/BINARY/soho_square_bloom.jpg</main_image>
</document>
