<?xml version="1.0" encoding="UTF-8"?>
<document>
<type>mainstream</type>
<forum></forum>
<forum_title></forum_title>
<discussion_title>Tennis-Bouchard falls at U.S. Open but legal battle continues</discussion_title>
<language>english</language>
<gmt_offset></gmt_offset>
<topic_url>http://www.philly.com/philly/wires/reuters/sports/world/391797961.html</topic_url>
<topic_text>
Tennis-Bouchard falls at U.S. Open but legal battle continues Updated: August 30, 2016 — 5:57 PM EDT Share 
&quot;If I sit down and think about it, yeah, it is definitely a strange situation but something that is so far back in my min 
</topic_text>
<spam_score>0.03</spam_score>
<post_num>1</post_num>
<post_id>post-1</post_id>
<post_url>http://www.philly.com/philly/wires/reuters/sports/world/391797961.html</post_url>
<post_date>20160830</post_date>
<post_time></post_time>
<username></username>
<post>
Tennis-Bouchard falls at U.S. Open but legal battle continues Updated: August 30, 2016 — 5:57 PM EDT Share 
&quot;If I sit down and think about it, yeah, it is definitely a strange situation but something that is so far back in my min 
</post>
<signature>

</signature>
<external_links>

</external_links>
<country>US</country>
<main_image>http://media.philly.com/designimages/pcom-FB.jpg</main_image>
</document>
