<?xml version="1.0" encoding="UTF-8"?>
<document>
<type>mainstream</type>
<forum>http://rzeszowiak.pl//rss/Praca-Zatrudnie.xml</forum>
<forum_title>Praca www.rzeszowiak.pl</forum_title>
<discussion_title>Recepcjonistka ...</discussion_title>
<language>polish</language>
<gmt_offset></gmt_offset>
<topic_url>http://www.rzeszowiak.pl/poszukujemy-do-pracy-osoby-na-stanowisko-recepcjonistki-w-8331528</topic_url>
<topic_text>
- swobodny kontakt z dziećmi,- profesjonalna postawa w stosunku do powierzonych zadań,- chęć rozwoju zawodowego,- wysoka kultura osobista i poczucie humoru,- dyspozycyjność w pełnym wymiarze godzin lub co najmniej ž etatu (oraz soboty),- znajomość podstawowych narzędzi obsługi komputera (Word, Excel, PowerPoint) .Oferujemy:- szkolenie i wdrożenie do nowych obowiązków,- stałą pracę w wymiarze co najmniej ž etatu,- miłą i przyjazną atmosferę w pracy,- możliwość rozwoju zawodowego i awansu w naszych Placówkach.Cv prosimy przesyłać na adres [email protected] z dopiskiem w temacie &quot;Praca stała&quot;NPPP PODKARPACIAKGABINET LOGOPEDYCZNY EWA ŚLĘCZKOWSKABYSTRY WYROSTEK
</topic_text>
<spam_score>0.00</spam_score>
<post_num>1</post_num>
<post_id>post-1</post_id>
<post_url>http://www.rzeszowiak.pl/poszukujemy-do-pracy-osoby-na-stanowisko-recepcjonistki-w-8331528</post_url>
<post_date>20160830</post_date>
<post_time>1823</post_time>
<username>Recepcjonistka</username>
<post>
- swobodny kontakt z dziećmi,- profesjonalna postawa w stosunku do powierzonych zadań,- chęć rozwoju zawodowego,- wysoka kultura osobista i poczucie humoru,- dyspozycyjność w pełnym wymiarze godzin lub co najmniej ž etatu (oraz soboty),- znajomość podstawowych narzędzi obsługi komputera (Word, Excel, PowerPoint) .Oferujemy:- szkolenie i wdrożenie do nowych obowiązków,- stałą pracę w wymiarze co najmniej ž etatu,- miłą i przyjazną atmosferę w pracy,- możliwość rozwoju zawodowego i awansu w naszych Placówkach.Cv prosimy przesyłać na adres [email protected] z dopiskiem w temacie &quot;Praca stała&quot;NPPP PODKARPACIAKGABINET LOGOPEDYCZNY EWA ŚLĘCZKOWSKABYSTRY WYROSTEK
</post>
<signature>

</signature>
<external_links>

</external_links>
<country>PL</country>
<main_image></main_image>
</document>
