<?xml version="1.0" encoding="UTF-8"?>
<document>
<type>mainstream</type>
<forum></forum>
<forum_title></forum_title>
<discussion_title>Soccer-Brazilian Kenedy joins Watford on loan from Chelsea</discussion_title>
<language>english</language>
<gmt_offset></gmt_offset>
<topic_url>http://www.philly.com/philly/wires/reuters/sports/world/391775221.html</topic_url>
<topic_text>
Soccer-Brazilian Kenedy joins Watford on loan from Chelsea Updated: August 30, 2016 — 2:59 PM EDT Share Close icon Reuters 
LONDON, Aug 30 (Reuters) - Brazilian midfielder Kenedy has joined Watford on loan from Premier League rivals Chelsea for the rest of the season, the Vicarage Road club said on Tuesday. 
The Under-20 international moved to Chelsea from Fluminense in a 6.7 million pounds ($8.76 million) deal in 2015 and has played 20 times for the Londoners, scoring twice. 
Kenedy, 20, is likely to be deployed by Watford as a wing back. He also featured as a left winger last season. 
($1 = 0.7647 pounds) (Reporting by Mark Greaves; Editing by Tony Jimenez) Published: August 30, 2016 — 2:59 PM EDT We encourage respectful comments but reserve the right to delete anything that doesn&apos;t contribute to an engaging dialogue Help us moderate this thread by flagging comments that violate our guidelines Help us learn more about Philly.com commenters. Click here to take this quick survey. Comment policy: 
Philly.com comments are intended to be civil, friendly conversations. Please treat other participants with respect and in a way that you would want to be treated. You are responsible for what you say. And please, stay on topic. If you see an objectionable post, please report it to us using the &quot;Report Abuse&quot; option. 
Please note that comments are monitored by Philly.com staff. We reserve the right at all times to remove any information or materials that are unlawful, threatening, abusive, libelous, defamatory, obscene, vulgar, pornographic, profane, indecent or otherwise objectionable. Personal attacks, especially on other participants, are not permitted. We reserve the right to permanently block any user who violates these terms and conditions. 
Additionally comments that are long, have multiple paragraph breaks, include code, or include hyperlinks may not be posted. 
</topic_text>
<spam_score>0.76</spam_score>
<post_num>1</post_num>
<post_id>post-1</post_id>
<post_url>http://www.philly.com/philly/wires/reuters/sports/world/391775221.html</post_url>
<post_date>20160830</post_date>
<post_time></post_time>
<username></username>
<post>
Soccer-Brazilian Kenedy joins Watford on loan from Chelsea Updated: August 30, 2016 — 2:59 PM EDT Share Close icon Reuters 
LONDON, Aug 30 (Reuters) - Brazilian midfielder Kenedy has joined Watford on loan from Premier League rivals Chelsea for the rest of the season, the Vicarage Road club said on Tuesday. 
The Under-20 international moved to Chelsea from Fluminense in a 6.7 million pounds ($8.76 million) deal in 2015 and has played 20 times for the Londoners, scoring twice. 
Kenedy, 20, is likely to be deployed by Watford as a wing back. He also featured as a left winger last season. 
($1 = 0.7647 pounds) (Reporting by Mark Greaves; Editing by Tony Jimenez) Published: August 30, 2016 — 2:59 PM EDT We encourage respectful comments but reserve the right to delete anything that doesn&apos;t contribute to an engaging dialogue Help us moderate this thread by flagging comments that violate our guidelines Help us learn more about Philly.com commenters. Click here to take this quick survey. Comment policy: 
Philly.com comments are intended to be civil, friendly conversations. Please treat other participants with respect and in a way that you would want to be treated. You are responsible for what you say. And please, stay on topic. If you see an objectionable post, please report it to us using the &quot;Report Abuse&quot; option. 
Please note that comments are monitored by Philly.com staff. We reserve the right at all times to remove any information or materials that are unlawful, threatening, abusive, libelous, defamatory, obscene, vulgar, pornographic, profane, indecent or otherwise objectionable. Personal attacks, especially on other participants, are not permitted. We reserve the right to permanently block any user who violates these terms and conditions. 
Additionally comments that are long, have multiple paragraph breaks, include code, or include hyperlinks may not be posted. 
</post>
<signature>

</signature>
<external_links>

</external_links>
<country>US</country>
<main_image>http://media.philly.com/designimages/pcom-FB.jpg</main_image>
</document>
