<?xml version="1.0" encoding="UTF-8"?>
<document>
<type>mainstream</type>
<forum>http://www.nyhetsportalen.se//?na=25&amp;&amp;rss=1</forum>
<forum_title>Nyhetsportalen.se</forum_title>
<discussion_title>Hemliga militärprojeket som skulle dela Öland i två delar</discussion_title>
<language>swedish</language>
<gmt_offset></gmt_offset>
<topic_url>http://www.aftonbladet.se/nyheter/article23432554.ab</topic_url>
<topic_text>
Hemliga militärprojeket som skulle dela Öland – i två delar 
Det galna och tokhemliga militärprojektet ”Förarlinjen” lanserades mitt under andras världskriget. 
Tanken var att man skulle gräva ett stort dike som delade Öland itu – allt för att stoppa tysken. 
Men projektet havererade och slutade i stället i åtal och rättegång, skriver SVT Nyheter . 
Spåren från det hemliga projektet finns kvar än i dag. Bland annat kan man fortfarande se de slussar och vallar som bönder anställdes för att gräva, och pumphuset som skulle användas för att pumpa bort vattnet. Ön i två delar 
I SVT:s serie ” Svenska hemligheter ” berättas hur kapten Raoul Thörnblad, ledare för projektet, under andra världskriget, i en tid då invasionshotet bedömdes som överhängande, fått i uppdrag att hitta ett effektivt försvar på Öland. 
Vid tidpunkten för orden var markerna kring Föra norr om Borgholm vattensjuka, och bönderna dikade ut fälten för att leda undan vattnet. Kapten Thörnblad fick då idén att att intensifiera grävandet och bygga ett fem kilometer långt dike – rakt över Öland, skriver SVT Nyheter. 
Vid händelse av att fienden kom skulle den enorma kanalen sedan fyllas med vatten för att översvämma ett stort område. 
Tillsammans med sin chef, major Nils Hallström, påbörjade Thörnblad under våren 1940, samma år som tyskarna gick in i Danmark och Norge, ett intensivt arbete för att stärka upp försvaret av ön. Åtalades för krigsbrott 
Men projektet färdigställdes aldrig. Och när Major Hallström senare avled började högre uppsatta militärer syna projektet, skriver SVT Nyheter. Samtidigt började de bönder som varit involverade i projektet att kräva ersättning. 
Den storskaliga planen och ett av de märkligaste projekten i svensk militärhistoria slutade i stället med att Raoul Thörnblad ställdes inför krigsrätt. Enligt SVT då man ville utreda om han slösat med kronans material och pengar. 
Han frikändes dock då man bedömde att han agerat på order och efter kriget slut drog sig Thörnblad tillbaka. 
Raoul Thörnblad dog i Stockholm 1955. Han var utöver svensk kapten även en svensk fallskärmspionjär, som 1920 genomförde det första fallskärmshoppet i Sverige på Malmen utanför Linköping, enligt Allt om Vetenskap . Mest läst idag
</topic_text>
<spam_score>0.00</spam_score>
<post_num>1</post_num>
<post_id>post-1</post_id>
<post_url>http://www.aftonbladet.se/nyheter/article23432554.ab</post_url>
<post_date>20160831</post_date>
<post_time>0003</post_time>
<username></username>
<post>
Hemliga militärprojeket som skulle dela Öland – i två delar 
Det galna och tokhemliga militärprojektet ”Förarlinjen” lanserades mitt under andras världskriget. 
Tanken var att man skulle gräva ett stort dike som delade Öland itu – allt för att stoppa tysken. 
Men projektet havererade och slutade i stället i åtal och rättegång, skriver SVT Nyheter . 
Spåren från det hemliga projektet finns kvar än i dag. Bland annat kan man fortfarande se de slussar och vallar som bönder anställdes för att gräva, och pumphuset som skulle användas för att pumpa bort vattnet. Ön i två delar 
I SVT:s serie ” Svenska hemligheter ” berättas hur kapten Raoul Thörnblad, ledare för projektet, under andra världskriget, i en tid då invasionshotet bedömdes som överhängande, fått i uppdrag att hitta ett effektivt försvar på Öland. 
Vid tidpunkten för orden var markerna kring Föra norr om Borgholm vattensjuka, och bönderna dikade ut fälten för att leda undan vattnet. Kapten Thörnblad fick då idén att att intensifiera grävandet och bygga ett fem kilometer långt dike – rakt över Öland, skriver SVT Nyheter. 
Vid händelse av att fienden kom skulle den enorma kanalen sedan fyllas med vatten för att översvämma ett stort område. 
Tillsammans med sin chef, major Nils Hallström, påbörjade Thörnblad under våren 1940, samma år som tyskarna gick in i Danmark och Norge, ett intensivt arbete för att stärka upp försvaret av ön. Åtalades för krigsbrott 
Men projektet färdigställdes aldrig. Och när Major Hallström senare avled började högre uppsatta militärer syna projektet, skriver SVT Nyheter. Samtidigt började de bönder som varit involverade i projektet att kräva ersättning. 
Den storskaliga planen och ett av de märkligaste projekten i svensk militärhistoria slutade i stället med att Raoul Thörnblad ställdes inför krigsrätt. Enligt SVT då man ville utreda om han slösat med kronans material och pengar. 
Han frikändes dock då man bedömde att han agerat på order och efter kriget slut drog sig Thörnblad tillbaka. 
Raoul Thörnblad dog i Stockholm 1955. Han var utöver svensk kapten även en svensk fallskärmspionjär, som 1920 genomförde det första fallskärmshoppet i Sverige på Malmen utanför Linköping, enligt Allt om Vetenskap . Mest läst idag
</post>
<signature>

</signature>
<external_links>

</external_links>
<country>SE</country>
<main_image>http://gfx.aftonbladet-cdn.se/image/23432507/1000/imageColumn/522b4ee38b099/oland.jpg</main_image>
</document>
