<?xml version="1.0" encoding="UTF-8"?>
<document>
<type>mainstream</type>
<forum></forum>
<forum_title></forum_title>
<discussion_title>General Atomics lawsuit to delay Heron drone program: Germany</discussion_title>
<language>english</language>
<gmt_offset></gmt_offset>
<topic_url>http://www.philly.com/philly/wires/reuters/business/technology/391788121.html</topic_url>
<topic_text>
General Atomics lawsuit to delay Heron drone program: Germany Updated: August 30, 2016 — 3:58 PM EDT Share Visitors walk past a surveillance unmanned air vehicle (UAV) &apos;Heron TP&apos; by IAI and Airbus Defence at the ILA Berlin Air Show in Schoenefeld, south of Berlin, Germany, May 31, 2016. REUTERS/Fabrizio Bensch by Reuters Close icon Reuters 
BERLIN (Reuters) - Germany&apos;s Defence Ministry on Tuesday informed lawmakers that its plan to lease armed Heron TP drones from Israel Aerospace Industries [ISRAI.UL] will be delayed by months given a fresh legal challenge filed by U.S. weapons maker General Atomics. 
Defence Minister Ursula von der Leyen in January announced the army would lease the Heron drones for about 580 million euros instead of buying Predator B drones from the privately held U.S. firm or Switzerland&apos;s RUAG, prompting protests by both firms which were denied in May. 
&quot;This move by General Atomics is very unfortunate and frustrating, especially since our legal position was upheld by the (cartel office) with very clear words,&quot; a senior ministry acquisition official told lawmakers in a letter seen by Reuters. 
The ministry did not disclose General Atomics&apos; arguments. No comment from General Atomics was immediately available. 
It was the latest setback for the minister&apos;s efforts to rebuild the German military after years of declining military budgets and reports of ill-equipped troops. 
Germany&apos;s air force is facing growing problems due to delays in deliveries of the Airbus A400M military transport, and a $4 billion air defense system to be built by Lockheed Martin Corp and MBDA is also facing possible delays. MBDA is jointly owned by Airbus, Britain&apos;s BAE Systems Plc and Italy&apos;s Leonardo Finmeccanica SpA. 
General Atomics had in June asked the German cartel office to review a decision rejecting its protest of the contract decision, but the agency rejected that bid on Aug. 17, according to the ministry letter, which was first reported by Spiegel Online. 
In response, the company on Monday filed a lawsuit with the German higher court in Duesseldorf, the final arbiter in the case, the ministry official said. 
RUAG did not pursue its case with the cartel office. 
The ministry official said the latest legal process could take three to nine months to resolve, which meant the Heron project could be delayed by months. 
Tobis Lindner, a Green party member of the parliamentary budget committee, said critics had long questioned whether von der Leyen&apos;s decision to lease the Israeli drones was the economically and technologically least risky option. 
&quot;It now appears that the Defence Ministry&apos;s plans are now falling apart. Ursula von der Leyen&apos;s ambitious drone plans are over for this legislative period,&quot; he said in a statement. 
The leasing plan was intended as an interim measure until the EU has developed its own drone. Germany, France, Italy and Spain plan to jointly develop a drone by 2025. 
(Reporting by Andrea Shalal; Editing by Alison Williams) More Coverage 
</topic_text>
<spam_score>0.69</spam_score>
<post_num>1</post_num>
<post_id>post-1</post_id>
<post_url>http://www.philly.com/philly/wires/reuters/business/technology/391788121.html</post_url>
<post_date>20160830</post_date>
<post_time></post_time>
<username></username>
<post>
General Atomics lawsuit to delay Heron drone program: Germany Updated: August 30, 2016 — 3:58 PM EDT Share Visitors walk past a surveillance unmanned air vehicle (UAV) &apos;Heron TP&apos; by IAI and Airbus Defence at the ILA Berlin Air Show in Schoenefeld, south of Berlin, Germany, May 31, 2016. REUTERS/Fabrizio Bensch by Reuters Close icon Reuters 
BERLIN (Reuters) - Germany&apos;s Defence Ministry on Tuesday informed lawmakers that its plan to lease armed Heron TP drones from Israel Aerospace Industries [ISRAI.UL] will be delayed by months given a fresh legal challenge filed by U.S. weapons maker General Atomics. 
Defence Minister Ursula von der Leyen in January announced the army would lease the Heron drones for about 580 million euros instead of buying Predator B drones from the privately held U.S. firm or Switzerland&apos;s RUAG, prompting protests by both firms which were denied in May. 
&quot;This move by General Atomics is very unfortunate and frustrating, especially since our legal position was upheld by the (cartel office) with very clear words,&quot; a senior ministry acquisition official told lawmakers in a letter seen by Reuters. 
The ministry did not disclose General Atomics&apos; arguments. No comment from General Atomics was immediately available. 
It was the latest setback for the minister&apos;s efforts to rebuild the German military after years of declining military budgets and reports of ill-equipped troops. 
Germany&apos;s air force is facing growing problems due to delays in deliveries of the Airbus A400M military transport, and a $4 billion air defense system to be built by Lockheed Martin Corp and MBDA is also facing possible delays. MBDA is jointly owned by Airbus, Britain&apos;s BAE Systems Plc and Italy&apos;s Leonardo Finmeccanica SpA. 
General Atomics had in June asked the German cartel office to review a decision rejecting its protest of the contract decision, but the agency rejected that bid on Aug. 17, according to the ministry letter, which was first reported by Spiegel Online. 
In response, the company on Monday filed a lawsuit with the German higher court in Duesseldorf, the final arbiter in the case, the ministry official said. 
RUAG did not pursue its case with the cartel office. 
The ministry official said the latest legal process could take three to nine months to resolve, which meant the Heron project could be delayed by months. 
Tobis Lindner, a Green party member of the parliamentary budget committee, said critics had long questioned whether von der Leyen&apos;s decision to lease the Israeli drones was the economically and technologically least risky option. 
&quot;It now appears that the Defence Ministry&apos;s plans are now falling apart. Ursula von der Leyen&apos;s ambitious drone plans are over for this legislative period,&quot; he said in a statement. 
The leasing plan was intended as an interim measure until the EU has developed its own drone. Germany, France, Italy and Spain plan to jointly develop a drone by 2025. 
(Reporting by Andrea Shalal; Editing by Alison Williams) More Coverage 
</post>
<signature>

</signature>
<external_links>

</external_links>
<country>US</country>
<main_image>http://media.philly.com/images/2016-08-30T195801Z_1_LYNXNPEC7T1IP_RTROPTP_3_AIRSHOW-GERMANY.JPG</main_image>
</document>
