<?xml version="1.0" encoding="UTF-8"?>
<document>
<type>mainstream</type>
<forum></forum>
<forum_title></forum_title>
<discussion_title>Food stamp fraud suspects to make religious defense argument</discussion_title>
<language>english</language>
<gmt_offset></gmt_offset>
<topic_url>http://www.philly.com/philly/wires/ap/news/391807771.html</topic_url>
<topic_text>
Food stamp fraud suspects to make religious defense argument Updated: August 30, 2016 — 6:09 PM EDT Share 
SALT LAKE CITY (AP) - Polygamous sect members accused of food stamp fraud may testify at an upcoming hearing in an attempt to persuade a judge they were following religiously rooted communal living practices and not breaking the law. 
U.S. District Judge Ted Stewart said Tuesday he&apos;ll allow attorneys to decide whether their clients take the stand at the Oct. 3-4 hearing or just submit statements. 
Attorneys for 11 suspects facing fraud and money laundering charges are asking Judge Stewart to throw out at least part of the case based on the argument the actions were constitutionally protected. 
Federal prosecutors counter that the defendants knowingly broke the law by not only donating food to a storehouse but diverting funds to front companies and to pay for a tractor, truck and other items. They say sect leaders lived lavishly while low-ranking followers suffered. More Coverage 
</topic_text>
<spam_score>0.78</spam_score>
<post_num>1</post_num>
<post_id>post-1</post_id>
<post_url>http://www.philly.com/philly/wires/ap/news/391807771.html</post_url>
<post_date>20160830</post_date>
<post_time></post_time>
<username>The Associated Press</username>
<post>
Food stamp fraud suspects to make religious defense argument Updated: August 30, 2016 — 6:09 PM EDT Share 
SALT LAKE CITY (AP) - Polygamous sect members accused of food stamp fraud may testify at an upcoming hearing in an attempt to persuade a judge they were following religiously rooted communal living practices and not breaking the law. 
U.S. District Judge Ted Stewart said Tuesday he&apos;ll allow attorneys to decide whether their clients take the stand at the Oct. 3-4 hearing or just submit statements. 
Attorneys for 11 suspects facing fraud and money laundering charges are asking Judge Stewart to throw out at least part of the case based on the argument the actions were constitutionally protected. 
Federal prosecutors counter that the defendants knowingly broke the law by not only donating food to a storehouse but diverting funds to front companies and to pay for a tractor, truck and other items. They say sect leaders lived lavishly while low-ranking followers suffered. More Coverage 
</post>
<signature>

</signature>
<external_links>

</external_links>
<country>US</country>
<main_image>http://media.philly.com/designimages/pcom-FB.jpg</main_image>
</document>
