<?xml version="1.0" encoding="UTF-8"?>
<document>
<type>mainstream</type>
<forum>http://www.islingtongazette.co.uk/cmlink/news_1_3818713</forum>
<forum_title>News</forum_title>
<discussion_title>Two teens found stabbed in Islington square</discussion_title>
<language>english</language>
<gmt_offset></gmt_offset>
<topic_url>http://www.islingtongazette.co.uk/news/two_teens_found_stabbed_in_islington_square_1_4677295</topic_url>
<topic_text>
Two teens found stabbed in Islington square 16:11 30 August 2016 Arlington Square in Islington. (Picture: Google Maps). Archant 
  
Police were called to Arlington Square at about 7.30pm to reports of a man being stabbed, but on arrival found two victims, both aged 19. 
They were taken to hospital with injuries not said to be life threatening. 
No arrests have been made as officers continue to investigate. 
 
</topic_text>
<spam_score>0.00</spam_score>
<post_num>1</post_num>
<post_id>post-1</post_id>
<post_url>http://www.islingtongazette.co.uk/news/two_teens_found_stabbed_in_islington_square_1_4677295</post_url>
<post_date>20160830</post_date>
<post_time>1511</post_time>
<username></username>
<post>
Two teens found stabbed in Islington square 16:11 30 August 2016 Arlington Square in Islington. (Picture: Google Maps). Archant 
  
Police were called to Arlington Square at about 7.30pm to reports of a man being stabbed, but on arrival found two victims, both aged 19. 
They were taken to hospital with injuries not said to be life threatening. 
No arrests have been made as officers continue to investigate. 
 
</post>
<signature>

</signature>
<external_links>

</external_links>
<country>GB</country>
<main_image>http://www.islingtongazette.co.uk:80/polopoly_fs/1.4677294.1472569896!/image/image.jpg_gen/derivatives/landscape_630/image.jpg</main_image>
</document>
