<?xml version="1.0" encoding="UTF-8"?>
<document>
<type>mainstream</type>
<forum>http://www.dailymail.co.uk/articles.rss</forum>
<forum_title>Articles | Mail Online</forum_title>
<discussion_title>Calvin Harris flexes his impressive physique as posts a gratuitous snap in nothing but his boxers</discussion_title>
<language>english</language>
<gmt_offset></gmt_offset>
<topic_url>http://www.dailymail.co.uk/tvshowbiz/article-3766018/Calvin-Harris-flexes-impressive-physique-posts-gratuitous-snap-boxers.html</topic_url>
<topic_text>
e-mail 
View 
comments
He&apos;s been spotted at the gym more or less every day since his split - and very public subsequent spat - with Taylor Swift.
So kudos to Calvin Harris for using the most unlikely of opportunities to post a shirtless picture on Tuesday night.
When This Is What You Came For hitmaker Calvin took to Instagram to wish his manager a Happy Birthday, he captured a moment where he stood by Mark Gillespie&apos;s side in nothing but his pants. 
Scroll down for video 
Gratuitous? Calvin Harris showed off his impeccable physique as he posted a Happy Birthday message to his manager on Tuesday night
Needing no explanation for the random picture, he wrote: &apos;Happy birthday to my manager @gillespiemark I love u&apos;
RELATED ARTICLES Previous 1 Next Scheana Shay puckers up to husband Michael as she flaunts... It&apos;s all gone West! Kim Kardashian shows her nipples in a... Rosie Huntington-Whiteley shows off envy-inducing abs in... Home sweet home! David Beckham heads-up his family as they... Share this article Share The Emporio Armani underwear model has obviously been working hard to hone a break-up body and certainly showed Taylor what she&apos;s missing.
It also hasn&apos;t escaped the eyes of many female admirers, like The Saturdays star Mollie King who confessed her love for the hunk this month.
Gym fanatic: Calvin is regularly seen hitting the gym in California
Trying to forget about it: Calvin has been trying to bounce back from a very public split from Taylor Swift (pictured here with him at the Billboard Music Awards last May)
Catching her eye: Mollie King, a British musician, certainly seems to have been attracted to Calvin
Speaking to MailOnline, the British musician said it&apos;s not even all about his looks: &apos;Body aside, he&apos;s definitely got the banter. 
&apos;I have seen some of his Snapchats, and he&apos;s got a good dry sense of humour like myself.&apos; 
Mollie&apos;s exes already include David Gandy, who became the face of Dolce &amp; Gabbana Light Blue dressed in a very tiny pair of white Speedo trunks. 
Taylor who? Calvin snubs his ex as he wins Best Male Video at MTV VMAs for This Is What You Came For... the song Taylor Swift co-wrote
Meanwhile, Calvin has been doing his level best to forget his most recent ex, even leaving her out of his acceptance speech at the MTV VMAs this weekend, when the track he was accepting for, had been written by Taylor. 

Calvin snubbed his ex-girlfriend as he accepted the Best Male Video award for This Is What You Came For at the MTV VMAs on Sunday night.
Swift co-wrote the track under a pen name during her 15-month relationship with Harris.
However the Scottish DJ made no mention of her in his effusive thank you speech.
Accepting the trophy via a pre-recorded video from Britain - where he was performing - Harris instead thanked Rihanna , who performed on the track. 
&apos;I had a show tonight in the UK, or else I would definitely be there,&apos; he said. 
&apos;Thanks, Rihanna, from the bottom of my heart. You’re a superstar.&apos; 
The award was the first of the night for Harris, whose track is also up for best collaboration. 
Video speech: Calvin accepted the trophy via a pre-recorded video from Britain - where he was performing

Moved on: Taylor was in New York, but not at the show - she was pictured attending the gym earlier in the day
</topic_text>
<spam_score>0.00</spam_score>
<post_num>2</post_num>
<post_id>post-2</post_id>
<post_url>http://www.dailymail.co.uk/tvshowbiz/article-3766018/Calvin-Harris-flexes-impressive-physique-posts-gratuitous-snap-boxers.html</post_url>
<post_date>20160831</post_date>
<post_time>0138</post_time>
<username>GoneforGood</username>
<post>
Look at me, look at me...LOOK AT ME!!!
</post>
<signature>

</signature>
<external_links>

</external_links>
<country>GB</country>
<main_image>http://i.dailymail.co.uk/i/pix/2016/08/30/23/37BAE66F00000578-0-image-a-10_1472596866702.jpg</main_image>
</document>
