<?xml version="1.0" encoding="UTF-8"?>
<document>
<type>mainstream</type>
<forum>http://www.cooperativa.cl/</forum>
<forum_title>Cooperativa.cl: Noticias de Chile y el mundo - País, Deportes y más</forum_title>
<discussion_title>[Video] Un policía logró salvar a un hombre segundos antes de que pasara el tren</discussion_title>
<language>spanish</language>
<gmt_offset></gmt_offset>
<topic_url>http://www.cooperativa.cl/noticias/mundo/ee-uu/un-policia-logro-salvar-a-un-hombre-segundos-antes-de-que-pasara-el-tren/2016-08-30/093809.html</topic_url>
<topic_text>
Esta página requiere Flash Player Descargue la última versión de flash player desde AQUÍ
20160830 16:05 Un policía logró salvar a un hombre segundos antes de que pasara el tren La policía de New Jersey difundió este video en el cual uno de sus funcionarios rescató a un hombre que intentaba suicidarse en las líneas del tren. El uniformado logró sacarlo a solo segundos de que el tren pasara. (Video: Youtube / Associated Press) 0 0 0 0 Enviar
</topic_text>
<spam_score>0.01</spam_score>
<post_num>1</post_num>
<post_id>post-1</post_id>
<post_url>http://www.cooperativa.cl/noticias/mundo/ee-uu/un-policia-logro-salvar-a-un-hombre-segundos-antes-de-que-pasara-el-tren/2016-08-30/093809.html</post_url>
<post_date>20160830</post_date>
<post_time></post_time>
<username>cooperativa.cl</username>
<post>
Esta página requiere Flash Player Descargue la última versión de flash player desde AQUÍ
20160830 16:05 Un policía logró salvar a un hombre segundos antes de que pasara el tren La policía de New Jersey difundió este video en el cual uno de sus funcionarios rescató a un hombre que intentaba suicidarse en las líneas del tren. El uniformado logró sacarlo a solo segundos de que el tren pasara. (Video: Youtube / Associated Press) 0 0 0 0 Enviar
</post>
<signature>

</signature>
<external_links>
<external_link>http://tinyurl.com/z9zwnrc</external_link><external_link>http://graph.facebook.com/?id=http://www.cooperativa.cl/noticias/mundo/ee-uu/un-policia-logro-salvar-a-un-hombre-segundos-antes-de-que-pasara-el-tren/2016-08-30/093809.html</external_link><external_link>https://www.linkedin.com/shareArticle?source=Cooperativa%22+rel%3D%22nofollow&amp;title=</external_link><external_link>http://tinyurl.com/z9zwnrc&amp;via=Cooperativa</external_link><external_link>https://plus.google.com/share?url=http://tinyurl.com/z9zwnrc</external_link><external_link>http://urls.api.twitter.com/1/urls/count.json?url=http://www.cooperativa.cl/noticias/mundo/ee-uu/un-policia-logro-salvar-a-un-hombre-segundos-antes-de-que-pasara-el-tren/2016-08-30/093809.html</external_link><external_link>http://www.linkedin.com/countserv/count/share?url=http://www.cooperativa.cl/noticias/mundo/ee-uu/un-policia-logro-salvar-a-un-hombre-segundos-antes-de-que-pasara-el-tren/2016-08-30/093809.html</external_link><external_link>https://www.facebook.com/sharer.php?u=http://tinyurl.com/z9zwnrc</external_link><external_link>https://twitter.com/intent/tweet?original_referer=http://tinyurl.com/z9zwnrc&amp;text=</external_link><external_link>http://www.adobe.com/go/getflashplayer</external_link>
</external_links>
<country>CL</country>
<main_image>http://www.cooperativa.cl/noticias/site/artic/20160830/imag/foto_0000000620160830093809.jpg</main_image>
</document>
