<?xml version="1.0" encoding="UTF-8"?>
<document>
<type>mainstream</type>
<forum></forum>
<forum_title></forum_title>
<discussion_title>Body of grad student found in building at Morgan State</discussion_title>
<language>english</language>
<gmt_offset></gmt_offset>
<topic_url>http://www.philly.com/philly/wires/ap/news/391793691.html</topic_url>
<topic_text>
Body of grad student found in building at Morgan State Updated: August 30, 2016 — 4:20 PM EDT Share Close icon The Associated Press 
BALTIMORE (AP) - Baltimore police say the body of a graduate student who was last seen more than three weeks ago was found in an academic building at Morgan State University. 
Police spokesman Donny Moses said in a news release that the body of the 45-year-old student was found Tuesday. University spokesman Clint Coleman says the student&apos;s body was found in his office in the engineering department. 
Moses says the student entered the building on Aug. 4 and had not been seen or heard from since. A staff member found the body after a student reported a bad odor. Coleman says the office door was blocked, which had prevented housekeeping staff from entering it. 
Police do not suspect foul play. The body was taken to the medical examiner&apos;s office. Published: 
</topic_text>
<spam_score>0.18</spam_score>
<post_num>1</post_num>
<post_id>post-1</post_id>
<post_url>http://www.philly.com/philly/wires/ap/news/391793691.html</post_url>
<post_date>20160830</post_date>
<post_time></post_time>
<username>The Associated Press</username>
<post>
Body of grad student found in building at Morgan State Updated: August 30, 2016 — 4:20 PM EDT Share Close icon The Associated Press 
BALTIMORE (AP) - Baltimore police say the body of a graduate student who was last seen more than three weeks ago was found in an academic building at Morgan State University. 
Police spokesman Donny Moses said in a news release that the body of the 45-year-old student was found Tuesday. University spokesman Clint Coleman says the student&apos;s body was found in his office in the engineering department. 
Moses says the student entered the building on Aug. 4 and had not been seen or heard from since. A staff member found the body after a student reported a bad odor. Coleman says the office door was blocked, which had prevented housekeeping staff from entering it. 
Police do not suspect foul play. The body was taken to the medical examiner&apos;s office. Published: 
</post>
<signature>

</signature>
<external_links>

</external_links>
<country>US</country>
<main_image>http://media.philly.com/designimages/pcom-FB.jpg</main_image>
</document>
