<?xml version="1.0" encoding="UTF-8"?>
<document>
<type>mainstream</type>
<forum>http://rssfeeds.nwcn.com/_/20/94848703/nwcn/entertainment</forum>
<forum_title>NWCN - Entertainment</forum_title>
<discussion_title>See the moment Hope Solo learned she...</discussion_title>
<language>english</language>
<gmt_offset></gmt_offset>
<topic_url>http://rssfeeds.nwcn.com/_/20/94848703/nwcn/http&amp;#x3a;&amp;#x2f;&amp;#x2f;www&amp;#x2e;nwcn&amp;#x2e;com&amp;#x2f;sports&amp;#x2f;see-the-moment-hope-solo-learned-she-was-being-terminated-3&amp;#x2f;311456929</topic_url>
<topic_text>
See the moment Hope Solo learned she was being terminated Travis Pittman , KGW 1:21 PM. PDT August 30, 2016 Team USA goalkeeper Hope Solo (1) looks on before the game against France during the first round match at Estadio Mineirao. Credit: John David Mercer-USA TODAY Sports (Photo: John David Mercer, John David Mercer) CONNECT TWEET LINKEDIN GOOGLE+ PINTEREST 
SEATTLE – For the first time, we’re seeing the emotional moments right after goalkeeper Hope Solo learned she was being suspended from the U.S. Women’s National Team. It comes as Solo has announced she will not return to the Seattle Reign this season. 
The video was released by the makers of the documentary Keeping Score. It followed the USWNT on its journey to the Olympics as well as the fight for the women’s team to earn pay equal to the men’s team. 
The U.S. was knocked out of the Games in the quarterfinal by Sweden. Solo called the Swedish team “cowards” right after the game for their style of play and was widely criticized for it. 
That and a series of other transgressions off the pitch led U.S. Soccer to suspend Solo for six months and terminate her contract (though some speculate part of the reason is that she is 35 and won’t play another meaningful match for the USWNT until the World Cup when she is 38 and pushing retirement). 
The video promoting Keeping Score shows Solo hugging husband Jerramy Stevens and saying “Terminated contract. Effective Immediately. Not just a suspension,” said Solo, 
“Seventeen (expletive) years and it’s over,” Solo is heard saying over a photo of herself. 
Solo announced Tuesday she will not return to the Seattle Reign FC this season.“Coming to terms with the fact I was fired from the U.S. Women’s National Team after 17 years of service has been devastating,&quot; said Solo in a statement. &quot;After careful consideration, I have decided to end my season with the Seattle Reign, an organization I love playing for. Mentally, I am not there yet. After watching the team’s win against Portland this weekend and seeing Haley Kopmeyer playing so well in goal, I truly believe this decision is what’s best for me and the Reign organization.” 
Fellow USWNT and Seattle Reign FC team member Megan Rapinoe also criticized Solo for her remarks, saying she was “disappointed” and said that’s not how the team wants to present itself.
</topic_text>
<spam_score>0.00</spam_score>
<post_num>1</post_num>
<post_id>post-1</post_id>
<post_url>http://rssfeeds.nwcn.com/_/20/94848703/nwcn/http&amp;#x3a;&amp;#x2f;&amp;#x2f;www&amp;#x2e;nwcn&amp;#x2e;com&amp;#x2f;sports&amp;#x2f;see-the-moment-hope-solo-learned-she-was-being-terminated-3&amp;#x2f;311456929</post_url>
<post_date>20160830</post_date>
<post_time>2021</post_time>
<username></username>
<post>
See the moment Hope Solo learned she was being terminated Travis Pittman , KGW 1:21 PM. PDT August 30, 2016 Team USA goalkeeper Hope Solo (1) looks on before the game against France during the first round match at Estadio Mineirao. Credit: John David Mercer-USA TODAY Sports (Photo: John David Mercer, John David Mercer) CONNECT TWEET LINKEDIN GOOGLE+ PINTEREST 
SEATTLE – For the first time, we’re seeing the emotional moments right after goalkeeper Hope Solo learned she was being suspended from the U.S. Women’s National Team. It comes as Solo has announced she will not return to the Seattle Reign this season. 
The video was released by the makers of the documentary Keeping Score. It followed the USWNT on its journey to the Olympics as well as the fight for the women’s team to earn pay equal to the men’s team. 
The U.S. was knocked out of the Games in the quarterfinal by Sweden. Solo called the Swedish team “cowards” right after the game for their style of play and was widely criticized for it. 
That and a series of other transgressions off the pitch led U.S. Soccer to suspend Solo for six months and terminate her contract (though some speculate part of the reason is that she is 35 and won’t play another meaningful match for the USWNT until the World Cup when she is 38 and pushing retirement). 
The video promoting Keeping Score shows Solo hugging husband Jerramy Stevens and saying “Terminated contract. Effective Immediately. Not just a suspension,” said Solo, 
“Seventeen (expletive) years and it’s over,” Solo is heard saying over a photo of herself. 
Solo announced Tuesday she will not return to the Seattle Reign FC this season.“Coming to terms with the fact I was fired from the U.S. Women’s National Team after 17 years of service has been devastating,&quot; said Solo in a statement. &quot;After careful consideration, I have decided to end my season with the Seattle Reign, an organization I love playing for. Mentally, I am not there yet. After watching the team’s win against Portland this weekend and seeing Haley Kopmeyer playing so well in goal, I truly believe this decision is what’s best for me and the Reign organization.” 
Fellow USWNT and Seattle Reign FC team member Megan Rapinoe also criticized Solo for her remarks, saying she was “disappointed” and said that’s not how the team wants to present itself.
</post>
<signature>

</signature>
<external_links>

</external_links>
<country>US</country>
<main_image>http://content.king5.com/photo/2016/08/30/USATSI_9426372_1472577808433_5882886_ver1.0_640_360.jpg</main_image>
</document>
