<?xml version="1.0" encoding="UTF-8"?>
<document>
<type>mainstream</type>
<forum></forum>
<forum_title></forum_title>
<discussion_title>Alleged al Qaeda bomber loses pretrial challenge</discussion_title>
<language>english</language>
<gmt_offset></gmt_offset>
<topic_url>http://www.philly.com/philly/wires/reuters/news/world/391758501.html</topic_url>
<topic_text>
Alleged al Qaeda bomber loses pretrial challenge Updated: August 30, 2016 — 12:18 PM EDT Share Reuters 
By Lawrence Hurley 
WASHINGTON (Reuters) - A U.S. appeals court on Tuesday rejected a challenge by the alleged mastermind in the bombing of a U.S. ship in Yemen in his upcoming trial before a military tribunal. 
A three-judge panel of the U.S. Court of Appeals for the District of Columbia Circuit ruled against Saudi defendant Abd al Rahim al Nashiri on a 2-1 vote. 
Nashiri, a detainee at the U.S. naval facility in Guantanamo Bay, Cuba, is accused of overseeing a plan by militant Islamic group al Qaeda to ram a boat full of explosives into the side of the U.S. guided-missile destroyer Cole off Yemen in 2000. Seventeen U.S. sailors were killed in the blast that tore a huge hole in the ship. He has also been linked with an attack on a French ship and an attempted attack on a second U.S. vessel. 
His lawyers challenged whether the U.S. military commission had jurisdiction to hear his case. The lawyers argue that the United States was not engaged in &quot;hostilities&quot; with al Qaeda at the time of the attacks, meaning his acts were not crimes of war. 
Writing for the court, Judge Thomas Griffith said Nashiri had to wait until after the trial to renew his claims because court precedent urges judges not to intervene in ongoing military legal proceedings. 
Judge David Tatel wrote a dissenting opinion saying the court should have considered Nashiri&apos;s case now, citing the &quot;extraordinary and unusual circumstances,&quot; including the allegation that he was subject to &quot;years of brutal detention and interrogation tactics.&quot; 
Nashiri was captured in October 2002 and has been in U.S. custody since then. He was at one point kept at so-called Central Intelligence Agency &quot;black sites&quot; where he was interrogated, according to his testimony. He has been detained at the Guantanamo facility since 2006. 
(Editing by Jeffrey Benkoe) 
</topic_text>
<spam_score>0.00</spam_score>
<post_num>1</post_num>
<post_id>post-1</post_id>
<post_url>http://www.philly.com/philly/wires/reuters/news/world/391758501.html</post_url>
<post_date>20160830</post_date>
<post_time></post_time>
<username>Lawrence Hurley</username>
<post>
Alleged al Qaeda bomber loses pretrial challenge Updated: August 30, 2016 — 12:18 PM EDT Share Reuters 
By Lawrence Hurley 
WASHINGTON (Reuters) - A U.S. appeals court on Tuesday rejected a challenge by the alleged mastermind in the bombing of a U.S. ship in Yemen in his upcoming trial before a military tribunal. 
A three-judge panel of the U.S. Court of Appeals for the District of Columbia Circuit ruled against Saudi defendant Abd al Rahim al Nashiri on a 2-1 vote. 
Nashiri, a detainee at the U.S. naval facility in Guantanamo Bay, Cuba, is accused of overseeing a plan by militant Islamic group al Qaeda to ram a boat full of explosives into the side of the U.S. guided-missile destroyer Cole off Yemen in 2000. Seventeen U.S. sailors were killed in the blast that tore a huge hole in the ship. He has also been linked with an attack on a French ship and an attempted attack on a second U.S. vessel. 
His lawyers challenged whether the U.S. military commission had jurisdiction to hear his case. The lawyers argue that the United States was not engaged in &quot;hostilities&quot; with al Qaeda at the time of the attacks, meaning his acts were not crimes of war. 
Writing for the court, Judge Thomas Griffith said Nashiri had to wait until after the trial to renew his claims because court precedent urges judges not to intervene in ongoing military legal proceedings. 
Judge David Tatel wrote a dissenting opinion saying the court should have considered Nashiri&apos;s case now, citing the &quot;extraordinary and unusual circumstances,&quot; including the allegation that he was subject to &quot;years of brutal detention and interrogation tactics.&quot; 
Nashiri was captured in October 2002 and has been in U.S. custody since then. He was at one point kept at so-called Central Intelligence Agency &quot;black sites&quot; where he was interrogated, according to his testimony. He has been detained at the Guantanamo facility since 2006. 
(Editing by Jeffrey Benkoe) 
</post>
<signature>

</signature>
<external_links>

</external_links>
<country>US</country>
<main_image>http://media.philly.com/designimages/pcom-FB.jpg</main_image>
</document>
