<?xml version="1.0" encoding="UTF-8"?>
<document>
<type>mainstream</type>
<forum></forum>
<forum_title></forum_title>
<discussion_title>NBC sees winning streak snapped at 21 nights</discussion_title>
<language>english</language>
<gmt_offset></gmt_offset>
<topic_url>http://www.philly.com/philly/wires/ap/business/391787251.html</topic_url>
<topic_text>
NBC sees winning streak snapped at 21 nights Updated: August 30, 2016 — 3:34 PM EDT Share DAVID BAUDER The Associated Press 
NEW YORK (AP) - NBC, which is increasingly owning the summer months, reached an historic 21 nights in a row as the nation&apos;s most popular television network before having its winning streak snapped. 
It was the longest string of consecutive victories among television viewers since the Nielsen company began keeping more precise records in 1987. The dominance of the Summer Olympics in Rio de Janeiro was the chief reason why, but NBC kept it going until last Friday when CBS won with an NFL exhibition game between Cleveland and Tampa Bay. 
NBC has won among all viewers for the past nine weeks in a row, its longest period of dominance since 1997, Nielsen said. 
Behind the success of &quot;America&apos;s Got Talent&quot; and &quot;American Ninja Warrior,&quot; NBC has increasingly done well during the summer months on broadcast television, and the Olympics emphasize that trend. It&apos;s not nearly as important as winning the traditional television season from September to May, however, which CBS has dominated for several years. 
The two editions of &quot;America&apos;s Got Talent&quot; were easily the most-watched programs on TV last week. 
NBC&apos;s corporate sister, the news network MSNBC, learned Tuesday that it will beat rival CNN in prime-time weeknight ratings in August for the first time in two years. CNN notes that it will still win among the younger demographic that advertisers seek. Fox News Channel beats both networks in the ratings. 
NBC averaged 5.7 million viewers last week in prime time. CBS had 4.6 million, ABC had 3.6 million, Fox had 2.5 million, Univision had 1.6 million, Telemundo had 1.4 million, ION Television had 1.3 million and the CW had 1 million. 
Fox News was the week&apos;s most popular cable network, averaging 2.1 million viewers in prime time. HGTV had 1.67 million, USA had 1.57 million, TNT had 1.47 million and TBS had 1.34 million. 
NBC&apos;s &quot;Nightly News&quot; topped the evening newscasts with an average of 7.8 million viewers. ABC&apos;s &quot;World News Tonight&quot; was second with 7.7 million and the &quot;CBS Evening News&quot; had 6.4 million viewers. 
For the week of Aug. 22-28, the top 10 shows, their networks and viewerships: &quot;America&apos;s Got Talent&quot; (Tuesday), NBC, 11.26 million; &quot;America&apos;s Got Talent&quot; (Wednesday), NBC, 10.56 million; &quot;60 Minutes,&quot; CBS, 7.99 million; &quot;NCIS,&quot; CBS, 7.4 million; &quot;The Big Bang Theory,&quot; CBS, 7.35 million; &quot;Better Late Than Never,&quot; NBC, 7.349 million; &quot;America&apos;s Got Talent&quot; (Wednesday, 8 p.m.), NBC, 7.13 million; &quot;American Ninja Warrior,&quot; NBC, 7.01 million; &quot;Big Brother&quot; (Sunday), CBS, 6.76 million; &quot;Big Brother&quot; (Wednesday), CBS, 6.47 million. 
___ 
ABC is owned by The Walt Disney Co. CBS is owned by CBS Corp. CW is a joint venture of Warner Bros. Entertainment and CBS Corp. Fox is owned by 21st Century Fox. NBC and Telemundo are owned by Comcast Corp. ION Television is owned by ION Media Networks. 
___ 
</topic_text>
<spam_score>0.13</spam_score>
<post_num>1</post_num>
<post_id>post-1</post_id>
<post_url>http://www.philly.com/philly/wires/ap/business/391787251.html</post_url>
<post_date>20160830</post_date>
<post_time></post_time>
<username>David Bauder</username>
<post>
NBC sees winning streak snapped at 21 nights Updated: August 30, 2016 — 3:34 PM EDT Share DAVID BAUDER The Associated Press 
NEW YORK (AP) - NBC, which is increasingly owning the summer months, reached an historic 21 nights in a row as the nation&apos;s most popular television network before having its winning streak snapped. 
It was the longest string of consecutive victories among television viewers since the Nielsen company began keeping more precise records in 1987. The dominance of the Summer Olympics in Rio de Janeiro was the chief reason why, but NBC kept it going until last Friday when CBS won with an NFL exhibition game between Cleveland and Tampa Bay. 
NBC has won among all viewers for the past nine weeks in a row, its longest period of dominance since 1997, Nielsen said. 
Behind the success of &quot;America&apos;s Got Talent&quot; and &quot;American Ninja Warrior,&quot; NBC has increasingly done well during the summer months on broadcast television, and the Olympics emphasize that trend. It&apos;s not nearly as important as winning the traditional television season from September to May, however, which CBS has dominated for several years. 
The two editions of &quot;America&apos;s Got Talent&quot; were easily the most-watched programs on TV last week. 
NBC&apos;s corporate sister, the news network MSNBC, learned Tuesday that it will beat rival CNN in prime-time weeknight ratings in August for the first time in two years. CNN notes that it will still win among the younger demographic that advertisers seek. Fox News Channel beats both networks in the ratings. 
NBC averaged 5.7 million viewers last week in prime time. CBS had 4.6 million, ABC had 3.6 million, Fox had 2.5 million, Univision had 1.6 million, Telemundo had 1.4 million, ION Television had 1.3 million and the CW had 1 million. 
Fox News was the week&apos;s most popular cable network, averaging 2.1 million viewers in prime time. HGTV had 1.67 million, USA had 1.57 million, TNT had 1.47 million and TBS had 1.34 million. 
NBC&apos;s &quot;Nightly News&quot; topped the evening newscasts with an average of 7.8 million viewers. ABC&apos;s &quot;World News Tonight&quot; was second with 7.7 million and the &quot;CBS Evening News&quot; had 6.4 million viewers. 
For the week of Aug. 22-28, the top 10 shows, their networks and viewerships: &quot;America&apos;s Got Talent&quot; (Tuesday), NBC, 11.26 million; &quot;America&apos;s Got Talent&quot; (Wednesday), NBC, 10.56 million; &quot;60 Minutes,&quot; CBS, 7.99 million; &quot;NCIS,&quot; CBS, 7.4 million; &quot;The Big Bang Theory,&quot; CBS, 7.35 million; &quot;Better Late Than Never,&quot; NBC, 7.349 million; &quot;America&apos;s Got Talent&quot; (Wednesday, 8 p.m.), NBC, 7.13 million; &quot;American Ninja Warrior,&quot; NBC, 7.01 million; &quot;Big Brother&quot; (Sunday), CBS, 6.76 million; &quot;Big Brother&quot; (Wednesday), CBS, 6.47 million. 
___ 
ABC is owned by The Walt Disney Co. CBS is owned by CBS Corp. CW is a joint venture of Warner Bros. Entertainment and CBS Corp. Fox is owned by 21st Century Fox. NBC and Telemundo are owned by Comcast Corp. ION Television is owned by ION Media Networks. 
___ 
</post>
<signature>

</signature>
<external_links>

</external_links>
<country>US</country>
<main_image>http://media.philly.com/designimages/pcom-FB.jpg</main_image>
</document>
