<?xml version="1.0" encoding="UTF-8"?>
<document>
<type>mainstream</type>
<forum>http://www.bignewsnetwork.com/index.php/nav/rss/b9f388ba82df9ba1</forum>
<forum_title>Latest Big News Network RSS Feeds</forum_title>
<discussion_title>Khalifa bin Zayed Al Nahyan School in Astana to open tomorrow</discussion_title>
<language>english</language>
<gmt_offset></gmt_offset>
<topic_url>http://www.bignewsnetwork.com/news/247199349/khalifa-bin-zayed-al-nahyan-school-in-astana-to-open-tomorrow</topic_url>
<topic_text>
Khalifa bin Zayed Al Nahyan School in Astana to open tomorrow WAM Tuesday 30th August, 2016 ASTANA, Kazakhstan, 30th August, 2016 (WAM) -- The Sheikh Khalifa bin Zayed Al Nahyan School will open tomorrow in the Kazakh capital, Astana, with the aim of supporting the educational process in the Republic of Kazakhstan.
The move followed the directives of President His Highness Sheikh Khalifa bin Zayed Al Nahyan, and His Highness Sheikh Mohamed bin Zayed Al Nahyan, Crown Prince of Abu Dhabi and Deputy Supreme Commander of the UAE Armed Forces, and the follow-up of H.H. Sheikh Mansour bin Zayed Al Nahyan, Deputy Prime Minister and Minister of Presidential Affairs and Chairman of the Khalifa bin Zayed Al Nahyan Foundation. 
An opening ceremony will be held under the patronage of President Nursultan Nazarbayev of Kazakhstan, who will open the school in recognition of the distinguished relations between the UAE and Kazakhstan. 
Covering 37,000 square metres with a built-up area of 14,300 square metres, the school will accommodate 1,200 students at the primary, preparatory and secondary levels. The school has the latest equipment and modern scientific requirements. share this story
</topic_text>
<spam_score>0.00</spam_score>
<post_num>1</post_num>
<post_id>post-1</post_id>
<post_url>http://www.bignewsnetwork.com/news/247199349/khalifa-bin-zayed-al-nahyan-school-in-astana-to-open-tomorrow</post_url>
<post_date>20160830</post_date>
<post_time>1212</post_time>
<username></username>
<post>
Khalifa bin Zayed Al Nahyan School in Astana to open tomorrow WAM Tuesday 30th August, 2016 ASTANA, Kazakhstan, 30th August, 2016 (WAM) -- The Sheikh Khalifa bin Zayed Al Nahyan School will open tomorrow in the Kazakh capital, Astana, with the aim of supporting the educational process in the Republic of Kazakhstan.
The move followed the directives of President His Highness Sheikh Khalifa bin Zayed Al Nahyan, and His Highness Sheikh Mohamed bin Zayed Al Nahyan, Crown Prince of Abu Dhabi and Deputy Supreme Commander of the UAE Armed Forces, and the follow-up of H.H. Sheikh Mansour bin Zayed Al Nahyan, Deputy Prime Minister and Minister of Presidential Affairs and Chairman of the Khalifa bin Zayed Al Nahyan Foundation. 
An opening ceremony will be held under the patronage of President Nursultan Nazarbayev of Kazakhstan, who will open the school in recognition of the distinguished relations between the UAE and Kazakhstan. 
Covering 37,000 square metres with a built-up area of 14,300 square metres, the school will accommodate 1,200 students at the primary, preparatory and secondary levels. The school has the latest equipment and modern scientific requirements. share this story
</post>
<signature>

</signature>
<external_links>

</external_links>
<country>US</country>
<main_image>http://static.bignewsnetwork.com/bignewsnetwork/big-news-network-slogan.jpg</main_image>
</document>
