<?xml version="1.0" encoding="UTF-8"?>
<document>
<type>mainstream</type>
<forum>http://saida.tv/feed</forum>
<forum_title>Saida.tv</forum_title>
<discussion_title>مأساة غرق أطفال في برك المياه تتكرر.. وهذه المرّة في بعلبك!</discussion_title>
<language>arabic</language>
<gmt_offset></gmt_offset>
<topic_url>http://saida.tv/%d9%85%d8%a3%d8%b3%d8%a7%d8%a9-%d8%ba%d8%b1%d9%82-%d8%a3%d8%b7%d9%81%d8%a7%d9%84-%d9%81%d9%8a-%d8%a8%d8%b1%d9%83-%d8%a7%d9%84%d9%85%d9%8a%d8%a7%d9%87-%d8%aa%d8%aa%d9%83%d8%b1%d8%b1-%d9%88%d9%87/</topic_url>
<topic_text>
  المحلية » مأساة غرق أطفال في برك المياه تتكرر.. وهذه المرّة في بعلبك! مأساة غرق أطفال في برك المياه تتكرر.. وهذه المرّة في بعلبك! كتب في : أغسطس 30, 2016 في المحلية 
افادت “الوكالة الوطنية للاعلام” ان فرق الانقاذ التابعة للدفاع المدني – اقليم بعلبك تمكنت من انتشال جثة الغريق الفتى السوري عبد الكريم زعل المرضي (15 سنة) من بركة معدة للري في منطقة الزعرورية في بلدة العلاق Comments
</topic_text>
<spam_score>0.00</spam_score>
<post_num>1</post_num>
<post_id>post-1</post_id>
<post_url>http://saida.tv/%d9%85%d8%a3%d8%b3%d8%a7%d8%a9-%d8%ba%d8%b1%d9%82-%d8%a3%d8%b7%d9%81%d8%a7%d9%84-%d9%81%d9%8a-%d8%a8%d8%b1%d9%83-%d8%a7%d9%84%d9%85%d9%8a%d8%a7%d9%87-%d8%aa%d8%aa%d9%83%d8%b1%d8%b1-%d9%88%d9%87/</post_url>
<post_date>20160830</post_date>
<post_time>1834</post_time>
<username>Saida.tv</username>
<post>
  المحلية » مأساة غرق أطفال في برك المياه تتكرر.. وهذه المرّة في بعلبك! مأساة غرق أطفال في برك المياه تتكرر.. وهذه المرّة في بعلبك! كتب في : أغسطس 30, 2016 في المحلية 
افادت “الوكالة الوطنية للاعلام” ان فرق الانقاذ التابعة للدفاع المدني – اقليم بعلبك تمكنت من انتشال جثة الغريق الفتى السوري عبد الكريم زعل المرضي (15 سنة) من بركة معدة للري في منطقة الزعرورية في بلدة العلاق Comments
</post>
<signature>

</signature>
<external_links>

</external_links>
<country>TV</country>
<main_image>http://saida.tv/wp-content/uploads/2016/08/160830092529991~gharak.jpg</main_image>
</document>
