<?xml version="1.0" encoding="UTF-8"?>
<document>
<type>mainstream</type>
<forum>http://rssfeeds.kvue.com/_/20/109731692/kvue/local</forum>
<forum_title>KVUE - Local</forum_title>
<discussion_title>Fight for cams in special needs classes</discussion_title>
<language>english</language>
<gmt_offset></gmt_offset>
<topic_url>http://rssfeeds.kvue.com/_/20/109731692/kvue/http&amp;#x3a;&amp;#x2f;&amp;#x2f;www&amp;#x2e;kvue&amp;#x2e;com&amp;#x2f;news&amp;#x2f;local&amp;#x2f;texas-news&amp;#x2f;moms-10-year-fight-to-get-cameras-in-special-needs-classrooms-ends-in-success&amp;#x2f;311445362</topic_url>
<topic_text>
Mom&apos;s 10-year fight to get cameras in special needs classrooms ends in success Mother&apos;s Fight to Get Cameras in Classrooms Rebecca Lopez, WFAA 6:55   A generic photo of a surveillance camera. (Photo: WFAA) 
KELLER -- Breggett Ridaeu has been on a mission for 10 years. 
&quot;I&apos;m asking for cameras, cameras, cameras,&quot; she said. 
Ridaeu set out to change state law requiring cameras in classrooms of severely disabled children. 
&quot;They don&apos;t have a voice. None of those kids in classrooms can talk, walk, run, or tell their parents what happened,&quot; she said. &quot;Only a camera could speak [for] them.&quot; 
Breggett Ridaeu (Photo: WFAA) 
In 2006, her son, Terrance, who was 11 at the time, came home from school bleeding. 
&quot;He came home from school with blood in his diaper, and I didn&apos;t know why, and no one could explain,&quot; Ridaeu said. 
And the injuries continued, she says. 
&quot;Broken thumb, knot on his head, dislocated knee, but no one could ever explain how that happened,&quot; Ridaeu said. 
Terrance Ridaeu (Photo: Courtesy - Ridaeu family) 
She asked Keller ISD if they would put a camera in the classroom to monitor what was happening. They told her no. 
So, for a decade, she lobbied the legislature for cameras that would be the eyes and ears for disabled children like her son. 
&quot;I send him to school so he could learn to stand on his own, hold his own cup, communicate somehow,&quot; she said. &quot;It never occurred to me I would be fighting for his safety.&quot; 
In the last legislative session, Ridaeu, who is a religious person, says her prayers were answered. 
“I reached the promise land,&quot; she told us. 
Breggett Ridaeu hugs her son, Terrance (Photo: Courtesy - Ridaeu family) 
Legislators passed her bill. 
&quot;The law requires that parents call their school districts to request cameras in the classrooms of their disabled children,&quot; Ridaeu explained. &quot;They can get them, but parents have to make the request.&quot; 
Ridaeu says she hopes other parents will ask for the cameras, so they can have peace of mind knowing their children are safe at school. 
Copyright 2016 WFAA
</topic_text>
<spam_score>0.00</spam_score>
<post_num>1</post_num>
<post_id>post-1</post_id>
<post_url>http://rssfeeds.kvue.com/_/20/109731692/kvue/http&amp;#x3a;&amp;#x2f;&amp;#x2f;www&amp;#x2e;kvue&amp;#x2e;com&amp;#x2f;news&amp;#x2f;local&amp;#x2f;texas-news&amp;#x2f;moms-10-year-fight-to-get-cameras-in-special-needs-classrooms-ends-in-success&amp;#x2f;311445362</post_url>
<post_date>20160830</post_date>
<post_time>2355</post_time>
<username>Rebecca Lopez</username>
<post>
Mom&apos;s 10-year fight to get cameras in special needs classrooms ends in success Mother&apos;s Fight to Get Cameras in Classrooms Rebecca Lopez, WFAA 6:55   A generic photo of a surveillance camera. (Photo: WFAA) 
KELLER -- Breggett Ridaeu has been on a mission for 10 years. 
&quot;I&apos;m asking for cameras, cameras, cameras,&quot; she said. 
Ridaeu set out to change state law requiring cameras in classrooms of severely disabled children. 
&quot;They don&apos;t have a voice. None of those kids in classrooms can talk, walk, run, or tell their parents what happened,&quot; she said. &quot;Only a camera could speak [for] them.&quot; 
Breggett Ridaeu (Photo: WFAA) 
In 2006, her son, Terrance, who was 11 at the time, came home from school bleeding. 
&quot;He came home from school with blood in his diaper, and I didn&apos;t know why, and no one could explain,&quot; Ridaeu said. 
And the injuries continued, she says. 
&quot;Broken thumb, knot on his head, dislocated knee, but no one could ever explain how that happened,&quot; Ridaeu said. 
Terrance Ridaeu (Photo: Courtesy - Ridaeu family) 
She asked Keller ISD if they would put a camera in the classroom to monitor what was happening. They told her no. 
So, for a decade, she lobbied the legislature for cameras that would be the eyes and ears for disabled children like her son. 
&quot;I send him to school so he could learn to stand on his own, hold his own cup, communicate somehow,&quot; she said. &quot;It never occurred to me I would be fighting for his safety.&quot; 
In the last legislative session, Ridaeu, who is a religious person, says her prayers were answered. 
“I reached the promise land,&quot; she told us. 
Breggett Ridaeu hugs her son, Terrance (Photo: Courtesy - Ridaeu family) 
Legislators passed her bill. 
&quot;The law requires that parents call their school districts to request cameras in the classrooms of their disabled children,&quot; Ridaeu explained. &quot;They can get them, but parents have to make the request.&quot; 
Ridaeu says she hopes other parents will ask for the cameras, so they can have peace of mind knowing their children are safe at school. 
Copyright 2016 WFAA
</post>
<signature>

</signature>
<external_links>

</external_links>
<country>US</country>
<main_image>http://content.wfaa.com/photo/2016/08/30/0830%20cameras%20in%20classrooms_1472599451277_5885084_ver1.0_640_360.JPG</main_image>
</document>
