<?xml version="1.0" encoding="UTF-8"?>
<document>
<type>mainstream</type>
<forum>http://www.islingtongazette.co.uk/cmlink/news_1_3818713</forum>
<forum_title>News</forum_title>
<discussion_title>Attempted murder charge after stabbing outside Holloway mosque</discussion_title>
<language>english</language>
<gmt_offset></gmt_offset>
<topic_url>http://www.islingtongazette.co.uk/news/attempted_murder_charge_after_stabbing_outside_holloway_mosque_1_4676897</topic_url>
<topic_text>
Attempted murder charge after stabbing outside Holloway mosque 13:37 30 August 2016 Masjid Al-risaalah mosque and Islington Islamic Centre. (Picture: Google Maps). Archant 
A man has been charged with attempted murder after a stabbing outside a mosque in Parkhurst Road last week. 
  
The victim, a man in his 40s, was attacked at the junction with Warlters Road outside Masjid Al-risaalah mosque and Islington Islamic Centre at 1pm on Tuesday. His injuries are not said to be life threatening. 
Mohammed Sharif Omar, 49, of Bartholomew Road, Kentish Town, is also charged with possession of a knife in a public place. He appeared at Highbury Corner Magistrates’ Court on Thursday and was remanded in custody to appear at the Old Bailey on September 22. Related articles 
  Latest Islington News Stories Yesterday, 16:40 Sam Gelder 
Jeremy Corbyn took a seat next to some Islington teenagers last week to learn how to fix cracked phone screens. Yesterday, 13:42 Sam Gelder 
A 15-year-old boy has been charged with attempted murder after a man was stabbed on the platform of Caledonian Road and Barnsbury Overground station on Thursday. Yesterday, 13:37 Sam Gelder 
A man has been charged with attempted murder after a stabbing outside a mosque in Parkhurst Road last week. Yesterday, 12:31 James Morris 
As the UK’s most densely populated borough, Islington is particularly exposed to London’s housing crisis. It means the council is getting creative with its locations for new houses.
</topic_text>
<spam_score>0.00</spam_score>
<post_num>1</post_num>
<post_id>post-1</post_id>
<post_url>http://www.islingtongazette.co.uk/news/attempted_murder_charge_after_stabbing_outside_holloway_mosque_1_4676897</post_url>
<post_date>20160830</post_date>
<post_time>1237</post_time>
<username></username>
<post>
Attempted murder charge after stabbing outside Holloway mosque 13:37 30 August 2016 Masjid Al-risaalah mosque and Islington Islamic Centre. (Picture: Google Maps). Archant 
A man has been charged with attempted murder after a stabbing outside a mosque in Parkhurst Road last week. 
  
The victim, a man in his 40s, was attacked at the junction with Warlters Road outside Masjid Al-risaalah mosque and Islington Islamic Centre at 1pm on Tuesday. His injuries are not said to be life threatening. 
Mohammed Sharif Omar, 49, of Bartholomew Road, Kentish Town, is also charged with possession of a knife in a public place. He appeared at Highbury Corner Magistrates’ Court on Thursday and was remanded in custody to appear at the Old Bailey on September 22. Related articles 
  Latest Islington News Stories Yesterday, 16:40 Sam Gelder 
Jeremy Corbyn took a seat next to some Islington teenagers last week to learn how to fix cracked phone screens. Yesterday, 13:42 Sam Gelder 
A 15-year-old boy has been charged with attempted murder after a man was stabbed on the platform of Caledonian Road and Barnsbury Overground station on Thursday. Yesterday, 13:37 Sam Gelder 
A man has been charged with attempted murder after a stabbing outside a mosque in Parkhurst Road last week. Yesterday, 12:31 James Morris 
As the UK’s most densely populated borough, Islington is particularly exposed to London’s housing crisis. It means the council is getting creative with its locations for new houses.
</post>
<signature>

</signature>
<external_links>

</external_links>
<country>GB</country>
<main_image>http://www.islingtongazette.co.uk:80/polopoly_fs/1.4671281.1472126554!/image/image.jpg_gen/derivatives/landscape_630/image.jpg</main_image>
</document>
