<?xml version="1.0" encoding="UTF-8"?>
<document>
<type>mainstream</type>
<forum>http://www.islingtongazette.co.uk/cmlink/news_1_3818713</forum>
<forum_title>News</forum_title>
<discussion_title>Islington youngsters teach Jeremy Corbyn how to fix a phone screen</discussion_title>
<language>english</language>
<gmt_offset></gmt_offset>
<topic_url>http://www.islingtongazette.co.uk/news/islington_youngsters_teach_jeremy_corbyn_how_to_fix_a_phone_screen_1_4677341</topic_url>
<topic_text>
Islington youngsters teach Jeremy Corbyn how to fix a phone screen 16:40 30 August 2016 Jeremy Corbyn gets shown how to fix a cracked phone screen Archant 
Jeremy Corbyn took a seat next to some Islington teenagers last week to learn how to fix cracked phone screens. 
  
The youngsters were taking part in the iPhone Repair Academy run by Cracked It, a social enterprise designed to keep kids away from crime and help them get work. 
The budding phone repair technicians helped the Labour leader fix the phone at the St. John’s Community Centre on the Elthorne Estate. 
He said: “I thought it was very impressive. These are young people who have come together in a positive way in a positive atmosphere. Much better that - looking positively on the world - than being ignored and ending up with negative ideas and negative attitudes. Well done Cracked It.” 
Josh Babarinde, Cracked It’s chief executive, said: “It was fantastic that Jeremy Corbyn was able to join us for the afternoon. 
“I’m so proud that our team of trainee phone technicians could showcase the skills and talents they developed on the course, and ask for Jeremy’s advice about their future plans.” 
 
</topic_text>
<spam_score>0.00</spam_score>
<post_num>1</post_num>
<post_id>post-1</post_id>
<post_url>http://www.islingtongazette.co.uk/news/islington_youngsters_teach_jeremy_corbyn_how_to_fix_a_phone_screen_1_4677341</post_url>
<post_date>20160830</post_date>
<post_time>1540</post_time>
<username></username>
<post>
Islington youngsters teach Jeremy Corbyn how to fix a phone screen 16:40 30 August 2016 Jeremy Corbyn gets shown how to fix a cracked phone screen Archant 
Jeremy Corbyn took a seat next to some Islington teenagers last week to learn how to fix cracked phone screens. 
  
The youngsters were taking part in the iPhone Repair Academy run by Cracked It, a social enterprise designed to keep kids away from crime and help them get work. 
The budding phone repair technicians helped the Labour leader fix the phone at the St. John’s Community Centre on the Elthorne Estate. 
He said: “I thought it was very impressive. These are young people who have come together in a positive way in a positive atmosphere. Much better that - looking positively on the world - than being ignored and ending up with negative ideas and negative attitudes. Well done Cracked It.” 
Josh Babarinde, Cracked It’s chief executive, said: “It was fantastic that Jeremy Corbyn was able to join us for the afternoon. 
“I’m so proud that our team of trainee phone technicians could showcase the skills and talents they developed on the course, and ask for Jeremy’s advice about their future plans.” 
 
</post>
<signature>

</signature>
<external_links>

</external_links>
<country>GB</country>
<main_image>http://www.islingtongazette.co.uk:80/polopoly_fs/1.4677340.1472571624!/image/image.jpg_gen/derivatives/landscape_630/image.jpg</main_image>
</document>
