<?xml version="1.0" encoding="UTF-8"?>
<document>
<type>mainstream</type>
<forum></forum>
<forum_title></forum_title>
<discussion_title>Orlando 911 calls tell of fear inside and outside of Pulse club</discussion_title>
<language>english</language>
<gmt_offset></gmt_offset>
<topic_url>http://www.philly.com/philly/wires/reuters/news/report/391764881.html</topic_url>
<topic_text>
Orlando 911 calls tell of fear inside and outside of Pulse club Updated: August 30, 2016 — 1:35 PM EDT Share 
&quot;Gun shots were just like crazy,&quot; one caller outside the club told 911 operators, according to partial transcripts of the calls that were released on Tuesday. 
People reported on the carnage inside the club. 
&quot;One of our friends sent us a text and he said that he&apos;s been shot and he&apos;s in the bathroom and no one sees him,&quot; one caller told 911. 
A woman told an operator her husband was in the club and he reported shooting. 
&quot;He told me he cannot get out. He&apos;s over there (and) he said he cannot get out,&quot; the woman said. 
A man said: &quot;I just got home from the Pulse club ... My friends texted me (to) tell me there is a shooting going (on) A lot of my friends got shot.&quot; 
The operator responds by saying not to text or call the friend. 
Authorities did not release the names of those who called 911 or those who were mentioned as being inside the club. 
Mateen, 29, was killed by police inside the nightclub. 
He pledged allegiance to the leader of the Islamic State militant group during the rampage in which he used an assault rifle and pistol that had been legally purchased although he had twice been investigated by the FBI for possible connections with militant Islamist groups. 
U.S. authorities believe that Mateen, who lived in Fort Pierce, Florida, with his wife and young child, was self-radicalized and acted alone without assistance or orders from abroad. (Reporting by Barbara Liston; Writing by Jon Herskovitz; Editing by Alistair Bell) 
</topic_text>
<spam_score>0.72</spam_score>
<post_num>1</post_num>
<post_id>post-1</post_id>
<post_url>http://www.philly.com/philly/wires/reuters/news/report/391764881.html</post_url>
<post_date>20160830</post_date>
<post_time></post_time>
<username></username>
<post>
Orlando 911 calls tell of fear inside and outside of Pulse club Updated: August 30, 2016 — 1:35 PM EDT Share 
&quot;Gun shots were just like crazy,&quot; one caller outside the club told 911 operators, according to partial transcripts of the calls that were released on Tuesday. 
People reported on the carnage inside the club. 
&quot;One of our friends sent us a text and he said that he&apos;s been shot and he&apos;s in the bathroom and no one sees him,&quot; one caller told 911. 
A woman told an operator her husband was in the club and he reported shooting. 
&quot;He told me he cannot get out. He&apos;s over there (and) he said he cannot get out,&quot; the woman said. 
A man said: &quot;I just got home from the Pulse club ... My friends texted me (to) tell me there is a shooting going (on) A lot of my friends got shot.&quot; 
The operator responds by saying not to text or call the friend. 
Authorities did not release the names of those who called 911 or those who were mentioned as being inside the club. 
Mateen, 29, was killed by police inside the nightclub. 
He pledged allegiance to the leader of the Islamic State militant group during the rampage in which he used an assault rifle and pistol that had been legally purchased although he had twice been investigated by the FBI for possible connections with militant Islamist groups. 
U.S. authorities believe that Mateen, who lived in Fort Pierce, Florida, with his wife and young child, was self-radicalized and acted alone without assistance or orders from abroad. (Reporting by Barbara Liston; Writing by Jon Herskovitz; Editing by Alistair Bell) 
</post>
<signature>

</signature>
<external_links>

</external_links>
<country>US</country>
<main_image>http://media.philly.com/designimages/pcom-FB.jpg</main_image>
</document>
