<?xml version="1.0" encoding="UTF-8"?>
<document>
<type>mainstream</type>
<forum>http://www.bignewsnetwork.com/index.php/nav/rss/af4e74a975da4c65</forum>
<forum_title>Latest Big News Network RSS Feeds</forum_title>
<discussion_title>J.R. Simplot Memorial Golf Tournament</discussion_title>
<language>english</language>
<gmt_offset></gmt_offset>
<topic_url>http://www.bignewsnetwork.com/news/247210335/jr-simplot-memorial-golf-tournament</topic_url>
<topic_text>
KTVB 7   PINTEREST The annual J.R. Simplot memorial golf tournament is coming up at Falcon Crest Golf and the tournament is nearly a sell out but in addition to the tournament there is a dinner and auction planned for September 20th at the JUMP center. Both events are a major fundraiser for the Ronald McDonald House. The home away from home serves families from outside the area with children being treated at local medical facilities. You can either sponsor a table for the event or buy individual tickets by...
</topic_text>
<spam_score>0.00</spam_score>
<post_num>1</post_num>
<post_id>post-1</post_id>
<post_url>http://www.bignewsnetwork.com/news/247210335/jr-simplot-memorial-golf-tournament</post_url>
<post_date>20160830</post_date>
<post_time>1622</post_time>
<username></username>
<post>
KTVB 7   PINTEREST The annual J.R. Simplot memorial golf tournament is coming up at Falcon Crest Golf and the tournament is nearly a sell out but in addition to the tournament there is a dinner and auction planned for September 20th at the JUMP center. Both events are a major fundraiser for the Ronald McDonald House. The home away from home serves families from outside the area with children being treated at local medical facilities. You can either sponsor a table for the event or buy individual tickets by...
</post>
<signature>

</signature>
<external_links>

</external_links>
<country>US</country>
<main_image>http://static.bignewsnetwork.com/bignewsnetwork/big-news-network-slogan.jpg</main_image>
</document>
