<?xml version="1.0" encoding="UTF-8"?>
<document>
<type>mainstream</type>
<forum>http://rssfeeds.khou.com/_/20/109677862/khou/texasnews</forum>
<forum_title>KHOU - Texas</forum_title>
<discussion_title>Man who posed as SEAL sentenced</discussion_title>
<language>english</language>
<gmt_offset></gmt_offset>
<topic_url>http://rssfeeds.khou.com/_/20/109677862/khou/http&amp;#x3a;&amp;#x2f;&amp;#x2f;www&amp;#x2e;khou&amp;#x2e;com&amp;#x2f;news&amp;#x2f;local&amp;#x2f;texas&amp;#x2f;man-who-posed-as-seal-sentenced-to-4-plus-years-on-several-charges&amp;#x2f;311418749</topic_url>
<topic_text>
Man who posed as SEAL sentenced to 4-plus years on several charges Josh Davis , WFAA 5:51   Carlos Felipe Luna-Gonzalez CONNECT TWEET LINKEDIN GOOGLE+ PINTEREST 
GRANBURY -- A man who was originally arrested in 2014 for falsely claiming to be a Navy SEAL in a sting operation &quot;firearm giveaway&quot; was given a 16-month State Jail sentence for theft on Monday. 
However, 31-year-old Carlos Felipe Luna-Gonzalez fled to Puerto Rico after he bonded out on the theft charge, and for that, he was sentenced to an additional three years in the Texas Department of Corrections for failure to appear and bail jumping charges. 
Back in 2014, Gonzalez had posted photos on social media wearing a Navy dress uniform while dining at a local coffee shop. The uniform had a Lieutenant Junior Grade Rank, displayed a Navy SEAL Trident, Jump Wings, and other various awards. The then-29-year-old had also told local law enforcement officials he was stationed at Naval Air Station Carswell as he awaited a medical discharge for injuries he claimed he suffered in Africa on a Navy SEAL operation. 
A source contacted Texas Ranger Anthony Bradford, who is a Army veteran and has a son in the Navy, and told Bradford of the deception. 
An investigation found Gonzalez was given an early general discharge from the Navy as an enlisted seaman apprentice, and had never been a commissioned officer or a SEAL, nor had he earned a purple heart or faced active combat. 
Texas Ranger Bradford contacted one of the local law enforcement officers Gonzalez had lied to and had him introduce Gonzalez to the owner of Lone Star Guns, a supporter of military veterans and the local wounded warrior project. 
The store owner said he wanted to meet Gonzalez and give him a &quot;firearm of appreciation.&quot; On Sept. 8, 2014, Gonzalez showed up to meet the owner in a full Navy dress uniform with the Navy SEAL Trident and a Purple Heart. He told the store owner about how he had been shot in combat. 
He accepted the $2,300 rifle from the store owner, then was taken into custody for theft, tampering with a government document, and for presenting a fraudulent military record. 
He bonded out soon after, but did not show up for a court proceeding. Authorities eventually found Gonzalez had fled to Puerto Rico, and had him extradited back to the U.S. 
Copyright 2016 WFAA
</topic_text>
<spam_score>0.00</spam_score>
<post_num>1</post_num>
<post_id>post-1</post_id>
<post_url>http://rssfeeds.khou.com/_/20/109677862/khou/http&amp;#x3a;&amp;#x2f;&amp;#x2f;www&amp;#x2e;khou&amp;#x2e;com&amp;#x2f;news&amp;#x2f;local&amp;#x2f;texas&amp;#x2f;man-who-posed-as-seal-sentenced-to-4-plus-years-on-several-charges&amp;#x2f;311418749</post_url>
<post_date>20160830</post_date>
<post_time>2251</post_time>
<username></username>
<post>
Man who posed as SEAL sentenced to 4-plus years on several charges Josh Davis , WFAA 5:51   Carlos Felipe Luna-Gonzalez CONNECT TWEET LINKEDIN GOOGLE+ PINTEREST 
GRANBURY -- A man who was originally arrested in 2014 for falsely claiming to be a Navy SEAL in a sting operation &quot;firearm giveaway&quot; was given a 16-month State Jail sentence for theft on Monday. 
However, 31-year-old Carlos Felipe Luna-Gonzalez fled to Puerto Rico after he bonded out on the theft charge, and for that, he was sentenced to an additional three years in the Texas Department of Corrections for failure to appear and bail jumping charges. 
Back in 2014, Gonzalez had posted photos on social media wearing a Navy dress uniform while dining at a local coffee shop. The uniform had a Lieutenant Junior Grade Rank, displayed a Navy SEAL Trident, Jump Wings, and other various awards. The then-29-year-old had also told local law enforcement officials he was stationed at Naval Air Station Carswell as he awaited a medical discharge for injuries he claimed he suffered in Africa on a Navy SEAL operation. 
A source contacted Texas Ranger Anthony Bradford, who is a Army veteran and has a son in the Navy, and told Bradford of the deception. 
An investigation found Gonzalez was given an early general discharge from the Navy as an enlisted seaman apprentice, and had never been a commissioned officer or a SEAL, nor had he earned a purple heart or faced active combat. 
Texas Ranger Bradford contacted one of the local law enforcement officers Gonzalez had lied to and had him introduce Gonzalez to the owner of Lone Star Guns, a supporter of military veterans and the local wounded warrior project. 
The store owner said he wanted to meet Gonzalez and give him a &quot;firearm of appreciation.&quot; On Sept. 8, 2014, Gonzalez showed up to meet the owner in a full Navy dress uniform with the Navy SEAL Trident and a Purple Heart. He told the store owner about how he had been shot in combat. 
He accepted the $2,300 rifle from the store owner, then was taken into custody for theft, tampering with a government document, and for presenting a fraudulent military record. 
He bonded out soon after, but did not show up for a court proceeding. Authorities eventually found Gonzalez had fled to Puerto Rico, and had him extradited back to the U.S. 
Copyright 2016 WFAA
</post>
<signature>

</signature>
<external_links>

</external_links>
<country>US</country>
<main_image>http://content.wfaa.com/photo/2016/08/30/0830%20carlos%20felipe%20luna-gonzalez_1472597189425_5884698_ver1.0_640_360.jpeg</main_image>
</document>
