<?xml version="1.0" encoding="UTF-8"?>
<document>
<type>mainstream</type>
<forum>http://www.elheraldo.hn/csp/mediapool/sites/ElHeraldo/assets/csp/RssFeed.csp?pub=ElHeraldo&amp;section=/Inicio/</forum>
<forum_title>ElHeraldo RSS Feeds - INICIO</forum_title>
<discussion_title>Aplazan votación en juicio político de Rousseff</discussion_title>
<language>spanish</language>
<gmt_offset></gmt_offset>
<topic_url>http://www.elheraldo.hn/mundo/995181-466/aplazan-votación-en-juicio-político-de-rousseff</topic_url>
<topic_text>
Inicio Aplazan votación en juicio político de Rousseff Para que sea removida, deben votar a favor de la medida al menos 54 de los 81 senadores Los 81 senadores se anotaron para presentar mensajes cortos sobre sus puntos de vista del caso Agencia AP 30.08.2016 
Brasilia, BrasilEl Senado de Brasil aplazó para el miércoles la votación respecto a si destituye permanentemente del cargo a la presidenta suspendida Dilma Rousseff . 
Los 81 senadores se anotaron para presentar mensajes cortos sobre sus puntos de vista del caso. 
Ricardo Lewandowski, magistrado presidente de la Corte Suprema, dijo que después de que sean escuchados todos, él reiniciará la sesión la mañana del miércoles para iniciar una votación final. 
Para que Rousseff sea removida, deben votar a favor de la medida al menos 54 de los 81 senadores. La prensa local reporta que al menos 52 senadores han dicho que votarán por su expulsión, mientras que apenas 18 se oponen y 11 no han manifestado su decisión . En mayo, el mismo cuerpo legislativo votó 55-22 a favor de suspender a la presidenta y abrirle un juicio político.
</topic_text>
<spam_score>0.00</spam_score>
<post_num>1</post_num>
<post_id>post-1</post_id>
<post_url>http://www.elheraldo.hn/mundo/995181-466/aplazan-votación-en-juicio-político-de-rousseff</post_url>
<post_date>20160830</post_date>
<post_time>1634</post_time>
<username></username>
<post>
Inicio Aplazan votación en juicio político de Rousseff Para que sea removida, deben votar a favor de la medida al menos 54 de los 81 senadores Los 81 senadores se anotaron para presentar mensajes cortos sobre sus puntos de vista del caso Agencia AP 30.08.2016 
Brasilia, BrasilEl Senado de Brasil aplazó para el miércoles la votación respecto a si destituye permanentemente del cargo a la presidenta suspendida Dilma Rousseff . 
Los 81 senadores se anotaron para presentar mensajes cortos sobre sus puntos de vista del caso. 
Ricardo Lewandowski, magistrado presidente de la Corte Suprema, dijo que después de que sean escuchados todos, él reiniciará la sesión la mañana del miércoles para iniciar una votación final. 
Para que Rousseff sea removida, deben votar a favor de la medida al menos 54 de los 81 senadores. La prensa local reporta que al menos 52 senadores han dicho que votarán por su expulsión, mientras que apenas 18 se oponen y 11 no han manifestado su decisión . En mayo, el mismo cuerpo legislativo votó 55-22 a favor de suspender a la presidenta y abrirle un juicio político.
</post>
<signature>

</signature>
<external_links>

</external_links>
<country>HN</country>
<main_image>http://www.elheraldo.hn/csp/mediapool/sites/dt.common.streams.StreamServer.cls?STREAMOID=0dF17knNLuahtN1I1WjOhc$daE2N3K4ZzOUsqbU5sYteIugbCNzSbhZSL4tPayKg6FB40xiOfUoExWL3M40tfzssyZqpeG_J0TFo7ZhRaDiHC9oxmioMlYVJD0A$3RbIiibgT65kY_CSDiCiUzvHvODrHApbd6ry6YGl5GGOZrs-&amp;CONTENTTYPE=image/jpeg</main_image>
</document>
