<?xml version="1.0" encoding="UTF-8"?>
<document>
<type>mainstream</type>
<forum>http://www.lefilmfrancais.com/rss/10/rss-le-film-francais-nouveaux-medias</forum>
<forum_title>Le Film Français - digital</forum_title>
<discussion_title>Directive SMA : La France œuvre pour que les plateformes financent réellement la création ...</discussion_title>
<language>french</language>
<gmt_offset></gmt_offset>
<topic_url>http://www.lefilmfrancais.com/digital/129134/directive-sma-la-france-nuvre-pour-que-les-plateformes-financent-reellement-la-creation-europeenne</topic_url>
<topic_text>
Directive SMA : La France oeuvre pour que les plateformes financent réellement la création européenne Digital Directive SMA : La France œuvre pour que les plateformes financent réellement la création européenne Date de publication : 30/08/2016 - 17:06 La future directive européenne sur les services audiovisuels, attendue pour 2017, pourrait obliger Netflix et autres plateformes de vidéos à la demande basées à l&apos;étranger à consacrer une part de leurs recettes au financement de séries et films français, selon le ministère de la Culture. © crédit photo : L’accès à cet article est réservé aux abonnés. Vous avez déjà un compte S’abonner
</topic_text>
<spam_score>0.00</spam_score>
<post_num>1</post_num>
<post_id>post-1</post_id>
<post_url>http://www.lefilmfrancais.com/digital/129134/directive-sma-la-france-nuvre-pour-que-les-plateformes-financent-reellement-la-creation-europeenne</post_url>
<post_date>20160830</post_date>
<post_time>1606</post_time>
<username></username>
<post>
Directive SMA : La France oeuvre pour que les plateformes financent réellement la création européenne Digital Directive SMA : La France œuvre pour que les plateformes financent réellement la création européenne Date de publication : 30/08/2016 - 17:06 La future directive européenne sur les services audiovisuels, attendue pour 2017, pourrait obliger Netflix et autres plateformes de vidéos à la demande basées à l&apos;étranger à consacrer une part de leurs recettes au financement de séries et films français, selon le ministère de la Culture. © crédit photo : L’accès à cet article est réservé aux abonnés. Vous avez déjà un compte S’abonner
</post>
<signature>

</signature>
<external_links>

</external_links>
<country>FR</country>
<main_image>http://www.lefilmfrancais.com/images/com_papyrus/cdf99cb8ab08369c11728fdba3c4a4a4.jpg</main_image>
</document>
