<?xml version="1.0" encoding="UTF-8"?>
<document>
<type>mainstream</type>
<forum></forum>
<forum_title></forum_title>
<discussion_title>Former Michigan State star Appling charged in new case</discussion_title>
<language>english</language>
<gmt_offset></gmt_offset>
<topic_url>http://www.philly.com/philly/wires/ap/sports/391793711.html</topic_url>
<topic_text>
Former Michigan State star Appling charged in new case Updated: August 30, 2016 — 4:21 PM EDT Share Tumblr Email FILE - In this May 4, 2016, file photo, former Michigan State basketball player Keith Appling, center, is is flanked by his attorneys, Cyril Hall, left, and Amir Makled as he is arraigned in Dearborn, Mich. Appling is in trouble again with police. Detroit police say Appling was arrested Sunday night, Aug. 28, 2016, after he drove away from a traffic stop. Sgt. Mike Woody says a gun was found in a bag on the side of the road. It&apos;s Appling&apos;s third encounter with Detroit-area police since spring. Gun charges are pending in two separate cases in Dearborn and Detroit. (Todd McInturf/Detroit News via AP, File) by The Associated Press Close icon The Associated Press 
DETROIT (AP) - Former Michigan State basketball player Keith Appling has been charged with another weapons violation and other crimes. 
Appling was arraigned Tuesday in Detroit on charges including carrying a concealed weapon and fleeing and eluding. 
Prosecutors say police stopped Appling Sunday for a suspected traffic violation. Investigators say he offered identification but drove off while an officer had his hand in the window. 
It&apos;s Appling&apos;s third encounter with Detroit-area police since spring. Gun charges are pending in two separate cases in Dearborn and Detroit. A bond motion on the other cases is scheduled for Wednesday. 
Prosecutors say Appling&apos;s attorney will be Otis Culpepper. The Associated Press called Culpepper but didn&apos;t get an answer. 
Appling played for Michigan State from 2010-2014 and had two contracts with the Orlando Magic last season. More Coverage 
</topic_text>
<spam_score>0.64</spam_score>
<post_num>1</post_num>
<post_id>post-1</post_id>
<post_url>http://www.philly.com/philly/wires/ap/sports/391793711.html</post_url>
<post_date>20160830</post_date>
<post_time></post_time>
<username>The Associated Press</username>
<post>
Former Michigan State star Appling charged in new case Updated: August 30, 2016 — 4:21 PM EDT Share Tumblr Email FILE - In this May 4, 2016, file photo, former Michigan State basketball player Keith Appling, center, is is flanked by his attorneys, Cyril Hall, left, and Amir Makled as he is arraigned in Dearborn, Mich. Appling is in trouble again with police. Detroit police say Appling was arrested Sunday night, Aug. 28, 2016, after he drove away from a traffic stop. Sgt. Mike Woody says a gun was found in a bag on the side of the road. It&apos;s Appling&apos;s third encounter with Detroit-area police since spring. Gun charges are pending in two separate cases in Dearborn and Detroit. (Todd McInturf/Detroit News via AP, File) by The Associated Press Close icon The Associated Press 
DETROIT (AP) - Former Michigan State basketball player Keith Appling has been charged with another weapons violation and other crimes. 
Appling was arraigned Tuesday in Detroit on charges including carrying a concealed weapon and fleeing and eluding. 
Prosecutors say police stopped Appling Sunday for a suspected traffic violation. Investigators say he offered identification but drove off while an officer had his hand in the window. 
It&apos;s Appling&apos;s third encounter with Detroit-area police since spring. Gun charges are pending in two separate cases in Dearborn and Detroit. A bond motion on the other cases is scheduled for Wednesday. 
Prosecutors say Appling&apos;s attorney will be Otis Culpepper. The Associated Press called Culpepper but didn&apos;t get an answer. 
Appling played for Michigan State from 2010-2014 and had two contracts with the Orlando Magic last season. More Coverage 
</post>
<signature>

</signature>
<external_links>

</external_links>
<country>US</country>
<main_image>http://media.philly.com/images/c5ebefd9f0064bf68141a65536b4aa05-2b5f03052e3e4a4b9bb249680f3160b7.jpg</main_image>
</document>
