<?xml version="1.0" encoding="UTF-8"?>
<document>
<type>mainstream</type>
<forum></forum>
<forum_title></forum_title>
<discussion_title>Turkish tank hit near Syria&apos;s Jarablus, three soldiers wounded -military</discussion_title>
<language>english</language>
<gmt_offset></gmt_offset>
<topic_url>http://www.philly.com/philly/wires/reuters/news/report/391759721.html</topic_url>
<topic_text>
Turkish tank hit near Syria&apos;s Jarablus, three soldiers wounded -military Updated: August 30, 2016 — 1:12 PM EDT Share Close icon Reuters 
ISTANBUL, Aug 30 (Reuters) - Three Turkish soldiers were wounded on Tuesday after their tank came under fire west of the Syrian border town of Jarablus, where Syrian rebels backed by Turkish forces drove out Islamic State militants last week. 
Operations against militants in the area were continuing, the Turkish military said in a statement, without specifying who had fired on the tank. Turkey&apos;s military incursion into Syria, launched last Wednesday, is targeting both Islamic State militants and Kurdish militia fighters. 
(Reporting by Asli Kandemir; Writing by Nick Tattersall) Published: August 30, 2016 — 1:12 PM EDT We encourage respectful comments but reserve the right to delete anything that doesn&apos;t contribute to an engaging dialogue Help us moderate this thread by flagging comments that violate our guidelines Help us learn more about Philly.com commenters. Click here to take this quick survey. Comment policy: 
Philly.com comments are intended to be civil, friendly conversations. Please treat other participants with respect and in a way that you would want to be treated. You are responsible for what you say. And please, stay on topic. If you see an objectionable post, please report it to us using the &quot;Report Abuse&quot; option. 
Please note that comments are monitored by Philly.com staff. We reserve the right at all times to remove any information or materials that are unlawful, threatening, abusive, libelous, defamatory, obscene, vulgar, pornographic, profane, indecent or otherwise objectionable. Personal attacks, especially on other participants, are not permitted. We reserve the right to permanently block any user who violates these terms and conditions. 
Additionally comments that are long, have multiple paragraph breaks, include code, or include hyperlinks may not be posted. 
</topic_text>
<spam_score>0.18</spam_score>
<post_num>1</post_num>
<post_id>post-1</post_id>
<post_url>http://www.philly.com/philly/wires/reuters/news/report/391759721.html</post_url>
<post_date>20160830</post_date>
<post_time></post_time>
<username></username>
<post>
Turkish tank hit near Syria&apos;s Jarablus, three soldiers wounded -military Updated: August 30, 2016 — 1:12 PM EDT Share Close icon Reuters 
ISTANBUL, Aug 30 (Reuters) - Three Turkish soldiers were wounded on Tuesday after their tank came under fire west of the Syrian border town of Jarablus, where Syrian rebels backed by Turkish forces drove out Islamic State militants last week. 
Operations against militants in the area were continuing, the Turkish military said in a statement, without specifying who had fired on the tank. Turkey&apos;s military incursion into Syria, launched last Wednesday, is targeting both Islamic State militants and Kurdish militia fighters. 
(Reporting by Asli Kandemir; Writing by Nick Tattersall) Published: August 30, 2016 — 1:12 PM EDT We encourage respectful comments but reserve the right to delete anything that doesn&apos;t contribute to an engaging dialogue Help us moderate this thread by flagging comments that violate our guidelines Help us learn more about Philly.com commenters. Click here to take this quick survey. Comment policy: 
Philly.com comments are intended to be civil, friendly conversations. Please treat other participants with respect and in a way that you would want to be treated. You are responsible for what you say. And please, stay on topic. If you see an objectionable post, please report it to us using the &quot;Report Abuse&quot; option. 
Please note that comments are monitored by Philly.com staff. We reserve the right at all times to remove any information or materials that are unlawful, threatening, abusive, libelous, defamatory, obscene, vulgar, pornographic, profane, indecent or otherwise objectionable. Personal attacks, especially on other participants, are not permitted. We reserve the right to permanently block any user who violates these terms and conditions. 
Additionally comments that are long, have multiple paragraph breaks, include code, or include hyperlinks may not be posted. 
</post>
<signature>

</signature>
<external_links>

</external_links>
<country>US</country>
<main_image>http://media.philly.com/designimages/pcom-FB.jpg</main_image>
</document>
