<?xml version="1.0" encoding="UTF-8"?>
<document>
<type>mainstream</type>
<forum>http://www.dailymail.co.uk/articles.rss</forum>
<forum_title>Articles | Mail Online</forum_title>
<discussion_title>Adele brightens up black ensemble with bouquet of flowers while running errands in the LA sun</discussion_title>
<language>english</language>
<gmt_offset></gmt_offset>
<topic_url>http://www.dailymail.co.uk/tvshowbiz/article-3766068/Adele-brightens-black-ensemble-bouquet-flowers-running-errands-LA-sun.html</topic_url>
<topic_text>
e-mail 
View 
comments
Despite clearly enjoying the Los Angeles sunshine on a break from her U.S. tour, Adele was sticking to her familiar black outfit on Tuesday. 
The 28-year-old singer stepped out sporting a long sleeved black jumpsuit teamed with matching ballet flats while running errands. 
However the large bouquets of flowers she was clutching added a pop of colour to her appearance. 
Scroll down for video 
Positively blooming: Adele clutched a bouquet of flowers as she stepped out in Santa Monica, California on Tuesday 
Sporting tortoiseshell sunglasses and with her strawberry blonde hair pulled into a loose ponytail, the star headed back to her car after a shopping trip to upmarket Bristol Farms grocery store. 
RELATED ARTICLES Previous 1 2 Next Tom Hiddleston touches down in LA to console girlfriend... Who needs trousers? Rita Ora looks very leggy in a T-shirt... The smug smile that says I got a $300K freebie: Kim... Share this article Share The singer is currently enjoying a break in from her extensive North American tour which she&apos;ll resume on September 6 in Auburn HIlls, Michigan. 
Meanwhile, Adele is reported to have &apos;turned down&apos; dinner at the Kardashians, according to reports. 
The Mirror reports that Kris Jenner was keen to get the singer round for a soiree involving the whole clan. 
Nice gift: The London-born singer was making her way to her car following a shopping trip
Low key: The singer was sporting her usual black ensemble teamed with matching ballet pumps and sunglasses
However, Adele apparently wasn&apos;t keen for the event to be broadcast on the family reality show Keeping Up With The Kardashians. 
&apos;At this stage, Adele is not sold on that idea. She hasn’t ruled out a dinner another time – it’s just a reality show isn’t for her,&apos; a source told the website. 
Adele has reportedly splashed out on a multi-million Los Angeles home and intends to spend Christmas in the States. 
She said: &apos;I’m in America for eight months. I’m on tour and then I’m going to have Christmas in America. I haven’t done that before, I’m really excited.&apos; 
No thanks: According to reports, Adele turned down an invitation to dine at the Kardashians
</topic_text>
<spam_score>0.00</spam_score>
<post_num>2</post_num>
<post_id>post-2</post_id>
<post_url>http://www.dailymail.co.uk/tvshowbiz/article-3766068/Adele-brightens-black-ensemble-bouquet-flowers-running-errands-LA-sun.html</post_url>
<post_date>20160831</post_date>
<post_time>0132</post_time>
<username>Patzi2447</username>
<post>
Good for her I wouldn&apos;t want to have dinner with the Kardashian bunch either.
</post>
<signature>

</signature>
<external_links>

</external_links>
<country>GB</country>
<main_image>http://i.dailymail.co.uk/i/pix/2016/08/31/00/37BB09CE00000578-0-image-a-125_1472598747371.jpg</main_image>
</document>
