<?xml version="1.0" encoding="UTF-8"?>
<document>
<type>mainstream</type>
<forum>http://www.bignewsnetwork.com/index.php/nav/rss/b9f388ba82df9ba1</forum>
<forum_title>Latest Big News Network RSS Feeds</forum_title>
<discussion_title>Uber says services in Abu Dhabi suspended until &apos;further clarity&apos;</discussion_title>
<language>english</language>
<gmt_offset></gmt_offset>
<topic_url>http://www.bignewsnetwork.com/news/247213177/uber-says-services-in-abu-dhabi-suspended-until-further-clarity</topic_url>
<topic_text>
The National Wednesday 31st August, 2016 Uber says it will not resume services in the capital until it knows its partners are not at risk, the online car-hailing company said on Tuesday.Uber suspended services on Saturday after some drivers of car companies working with it were detained in the capital.&quot;At this point we do not know the reason for these detentions,&quot; it said.&quot;While no driver partners using the Uber platform were stopped, we did this as a precautionary measure to not put driver partners at potential risk.&quot; ...
</topic_text>
<spam_score>0.00</spam_score>
<post_num>1</post_num>
<post_id>post-1</post_id>
<post_url>http://www.bignewsnetwork.com/news/247213177/uber-says-services-in-abu-dhabi-suspended-until-further-clarity</post_url>
<post_date>20160830</post_date>
<post_time>1651</post_time>
<username></username>
<post>
The National Wednesday 31st August, 2016 Uber says it will not resume services in the capital until it knows its partners are not at risk, the online car-hailing company said on Tuesday.Uber suspended services on Saturday after some drivers of car companies working with it were detained in the capital.&quot;At this point we do not know the reason for these detentions,&quot; it said.&quot;While no driver partners using the Uber platform were stopped, we did this as a precautionary measure to not put driver partners at potential risk.&quot; ...
</post>
<signature>

</signature>
<external_links>

</external_links>
<country>US</country>
<main_image>http://static.bignewsnetwork.com/bignewsnetwork/big-news-network-slogan.jpg</main_image>
</document>
