<?xml version="1.0" encoding="UTF-8"?>
<document>
<type>mainstream</type>
<forum></forum>
<forum_title></forum_title>
<discussion_title>NY Gaming Commission awards license to Southern Tier casino</discussion_title>
<language>english</language>
<gmt_offset></gmt_offset>
<topic_url>http://www.philly.com/philly/wires/ap/news/nation/391784311.html</topic_url>
<topic_text>
NY Gaming Commission awards license to Southern Tier casino Updated: August 30, 2016 — 3:08 PM EDT Share Close icon The Associated Press 
ALBANY, N.Y. (AP) - New York state gambling regulators have formally awarded a casino license to Tioga Downs, a racetrack and electronic gambling facility in the state&apos;s Southern Tier. 
The state&apos;s Gaming Commission unanimously approved the license on Tuesday. 
Tioga Downs began construction soon after it was recommended for a casino license last year. The facility west of Binghamton was rejected in the first round of casino applications to the state, but prevailed on its second try. 
Las Vegas-style table games cannot begin until the commission approves final casino regulations, something that could happen as early as November. 
The expansion at Tioga Downs includes a new restaurant, hotel and other amenities. 
Casinos that received licenses in the first round are under construction in Schenectady, the Catskills and the Finger Lakes. More Coverage 
</topic_text>
<spam_score>0.81</spam_score>
<post_num>1</post_num>
<post_id>post-1</post_id>
<post_url>http://www.philly.com/philly/wires/ap/news/nation/391784311.html</post_url>
<post_date>20160830</post_date>
<post_time></post_time>
<username>The Associated Press</username>
<post>
NY Gaming Commission awards license to Southern Tier casino Updated: August 30, 2016 — 3:08 PM EDT Share Close icon The Associated Press 
ALBANY, N.Y. (AP) - New York state gambling regulators have formally awarded a casino license to Tioga Downs, a racetrack and electronic gambling facility in the state&apos;s Southern Tier. 
The state&apos;s Gaming Commission unanimously approved the license on Tuesday. 
Tioga Downs began construction soon after it was recommended for a casino license last year. The facility west of Binghamton was rejected in the first round of casino applications to the state, but prevailed on its second try. 
Las Vegas-style table games cannot begin until the commission approves final casino regulations, something that could happen as early as November. 
The expansion at Tioga Downs includes a new restaurant, hotel and other amenities. 
Casinos that received licenses in the first round are under construction in Schenectady, the Catskills and the Finger Lakes. More Coverage 
</post>
<signature>

</signature>
<external_links>

</external_links>
<country>US</country>
<main_image>http://media.philly.com/designimages/pcom-FB.jpg</main_image>
</document>
