<?xml version="1.0" encoding="UTF-8"?>
<document>
<type>mainstream</type>
<forum>http://rssfeeds.11alive.com/_/20/109695998/wxia-entertainment</forum>
<forum_title>WXIA - Entertainment</forum_title>
<discussion_title>Chris Brown arrested for assault with...</discussion_title>
<language>english</language>
<gmt_offset></gmt_offset>
<topic_url>http://rssfeeds.11alive.com/_/20/109695998/http&amp;#x3a;&amp;#x2f;&amp;#x2f;www&amp;#x2e;11alive&amp;#x2e;com&amp;#x2f;news&amp;#x2f;chris-brown-arrested-for-assault-with-a-deadly-weapon-1&amp;#x2f;311454829</topic_url>
<topic_text>
Close Chris Brown arrested for assault with a deadly weapon Los Angeles police investigated an unidentified woman&apos;s claim that singer Chris Brown threatened her with a gun at his Southern California home. USA TODAY Maria Puente, USA TODAY , WXIA 8:28   Singer Chris Brown performs at Drai&apos;s Beach Club - Nightclub at the Cromwell Las Vegas kicking off Drai&apos;s LIVE 2016 on January 1, 2016 in Las Vegas, Nevada. (Photo by Bryan Steffy/Getty Images for Drai&apos;s Beachclub-Nightclub) 
has been arrested for assault with a deadly weapon, the Los Angeles police department confirms to USA TODAY. 
Brown was &quot;arrested at some point this afternoon,&quot; says LAPD detective Meghan Aguilar. Although an exact time was not yet available, she said Brown was arrested before 5 p.m. The singer will be booked into a LAPD jail facility before being transferred to county jail. 
After waiting hours outside Brown&apos;s house on Tuesday, Los Angeles police obtained a search warrant and went inside to investigate a woman&apos;s claim that the trouble-plagued singer threatened her with a gun, according to the Los Angeles Times and the local CBS TV affiliate , among other media reports. 
The Los Angeles police did not say earlier Tuesday what exactly is going on, except that police were at Brown&apos;s sprawling mansion in Tarzana &gt; at American Airlines Arena on September 3, 2015 in Miami, Florida. Gustavo Caballero Autoplay   
But the Times reported that shortly before 1 p.m. PT, detectives from the LAPD Robbery-Homicide division entered Brown&apos;s house with the warrant after his attorney, Mark Geragos, arrived at the scene. Geragos did not return calls for comment. 
About an hour later, Brown came out of his home peacefully, according to the Associated Press. Various media organizations live-streaming the scene showed a man in a red baseball cap sitting on outside the house on the front walkway and smiling with police, as Geragos paced nearby. 
The AP quoted Lt. Chris Ramirez telling reporters at the scene that several people were escorted from the residence after a search warrant was served. No arrests had been made and everyone has been cooperative, he said. 
The Times and TV news affiliates earlier quoted LAPD public information Officer Liliana Preciado as saying police were called to Brown&apos;s residence about 3 a.m. by a woman who claimed Brown violently threatened her with a gun. 
When police initially tried to enter the home to search for a weapon, they were told to get a search warrant, the Times reported. Officer Lyle Knight told the Associated Press at the scene that police were waiting for a judge to approve a search warrant. 
Then, after the search warrant was signed, Deputy Chief Bob Green said officers were waiting for Brown’s attorney to arrive at the house, according to the Times . The deputy chief predicted the situation could be &quot;long and protracted.&quot; 
A representative of Brown has not returned calls for comment about any of this. 
But about 7 a.m. local time, Brown posted three profanity-filled videos of himself on his Instagram account , railing against the police and the media coverage of the activity at his house. He denounced media reports that he was &quot;barricaded&quot; inside his house, complained about the helicopters flying overhead, and called the police &quot;idiots&quot; and &quot;the worst gang in the world.&quot; 
He said he was &quot;innocent&quot; although he didn&apos;t further specify. &quot;What I do care about is you are defacing my name and my character and integrity,&quot; he says in one of the videos. 
He also took time to urge fans to buy his latest, Grass Ain&apos;t Greener. 
The hairstyles of Chris Brown... Loading... Chris Brown speaks onstage during iHeartRadio Live at the iHeartRadio Theater Los Angeles on June 19, 2015 in Burbank, California. Kevin Winter Brown attends the 2015 BET Awards at the Microsoft Theater on June 28, 2015 in Los Angeles with a cap slightly covering his blonde tips. Frederick M. Brown Chris Brown covers his coiffed hair under a cap while attending the 2015 iHeartRadio Music Awards from The Shrine Auditorium on March 29, 2015 in Los Angeles, California. Jason Merritt Rainbow hair-colored Chris Brown attends the NYLON Midnight Garden Party at a private residence on April 10, 2015 in Bermuda Dunes, California. Chelsea Lauren Bleached blonde Chris Brown attends the 2014 MTV Video Music Awards at The Forum on August 24, 2014 in Inglewood, California. Jason Merritt, Getty Images for MTV An unshaven and less maintained Chris Brown appears in court for a probation violation hearing in Los Angeles Court on May 9, 2014 in Los Angeles, California. Pool, Getty Images A younger Chris Brown performs a Michael Jackson tribute onstage during the 2010 BET Awards held at the Shrine Auditorium on June 27, 2010 in Los Angeles, California. Frederick M. Brown, Getty Images of Autoplay   
Brown&apos;s friend Ray J posted his own video on his Instagram page, decrying the &quot;war zone&quot; outside Brown&apos;s house. 
&quot;I&apos;m real upset about today, I&apos;m not happy with how things are handled and how people can take a false story and blow it up into something way more than it should be,&quot; he said to the camera in the video. &quot;You look outside and it&apos;s like a war zone for no reason for what some stranger said about something that don&apos;t got nothing to do with nothing. To react like that, so fast without really knowing the facts, it&apos;s ain&apos;t cool, it&apos;s just not right, it shouldn&apos;t be like this.&quot; 
Brown has been in and out of legal and police trouble for years, including being charged with felony assault in connection with a brutal attack on his then-girlfriend Rihanna in 2009. Only last year, that case was officially closed after a judge ruled he had completed community service obligations as part of his sentence in the case. 
Afterwards, Brown tweeted, &quot;IM OFF PROBATION Thank the Lord &quot; 
As a convicted felon (Brown pleaded guilty), under California&apos;s strict gun laws , Brown would lose the right to possess a firearm. 
More recently, former rap music mogul Marion &quot;Suge&quot; Knight, who&apos;s in jail awaiting trial on murder charges, sued Brown and the owners of a popular nightclub in June because he was shot seven times at a 2014 party hosted by Brown. 
Brown also was sued in June by his ex-manager, Mike G (real name: Michael Guirguis), who alleges the singer &quot;brutally&quot; attacked him in a &quot;drug-fueled&quot; rage in May, and his injuries sent him to the hospital. No police report was filed. 
Although Brown described himself on his Instagram videos as one of the &quot;greatest entertainers out there,&quot; his career has slowed somewhat in recent years. His most recent record to chart in the Hot 100, according to Billboard, was Back to Sleep, which peaked at 20 back in March. Last fall’s Royalty debuted at No. 3 on the Billboard 200 album chart; it was his best first-week sales since 2011’s F.A.M.E. 
Besides his new song last week, Brown has featured on other songs with Kanye West, DJ Khaled and 50 Cent this year. So while he hasn’t had a top-10 hit since 2014 (Loyal), he’s still managed to have a steady career, and hasn&apos;t been alienated by other big-name artists. 
In July, his Las Vegas residency at Drai&apos;s nightclub was put on hold after he posted an Instagram tirade against alleged &quot;racist&quot; employees at the club and refused to apologize.
</topic_text>
<spam_score>0.00</spam_score>
<post_num>1</post_num>
<post_id>post-1</post_id>
<post_url>http://rssfeeds.11alive.com/_/20/109695998/http&amp;#x3a;&amp;#x2f;&amp;#x2f;www&amp;#x2e;11alive&amp;#x2e;com&amp;#x2f;news&amp;#x2f;chris-brown-arrested-for-assault-with-a-deadly-weapon-1&amp;#x2f;311454829</post_url>
<post_date>20160831</post_date>
<post_time>0028</post_time>
<username></username>
<post>
Close Chris Brown arrested for assault with a deadly weapon Los Angeles police investigated an unidentified woman&apos;s claim that singer Chris Brown threatened her with a gun at his Southern California home. USA TODAY Maria Puente, USA TODAY , WXIA 8:28   Singer Chris Brown performs at Drai&apos;s Beach Club - Nightclub at the Cromwell Las Vegas kicking off Drai&apos;s LIVE 2016 on January 1, 2016 in Las Vegas, Nevada. (Photo by Bryan Steffy/Getty Images for Drai&apos;s Beachclub-Nightclub) 
has been arrested for assault with a deadly weapon, the Los Angeles police department confirms to USA TODAY. 
Brown was &quot;arrested at some point this afternoon,&quot; says LAPD detective Meghan Aguilar. Although an exact time was not yet available, she said Brown was arrested before 5 p.m. The singer will be booked into a LAPD jail facility before being transferred to county jail. 
After waiting hours outside Brown&apos;s house on Tuesday, Los Angeles police obtained a search warrant and went inside to investigate a woman&apos;s claim that the trouble-plagued singer threatened her with a gun, according to the Los Angeles Times and the local CBS TV affiliate , among other media reports. 
The Los Angeles police did not say earlier Tuesday what exactly is going on, except that police were at Brown&apos;s sprawling mansion in Tarzana &gt; at American Airlines Arena on September 3, 2015 in Miami, Florida. Gustavo Caballero Autoplay   
But the Times reported that shortly before 1 p.m. PT, detectives from the LAPD Robbery-Homicide division entered Brown&apos;s house with the warrant after his attorney, Mark Geragos, arrived at the scene. Geragos did not return calls for comment. 
About an hour later, Brown came out of his home peacefully, according to the Associated Press. Various media organizations live-streaming the scene showed a man in a red baseball cap sitting on outside the house on the front walkway and smiling with police, as Geragos paced nearby. 
The AP quoted Lt. Chris Ramirez telling reporters at the scene that several people were escorted from the residence after a search warrant was served. No arrests had been made and everyone has been cooperative, he said. 
The Times and TV news affiliates earlier quoted LAPD public information Officer Liliana Preciado as saying police were called to Brown&apos;s residence about 3 a.m. by a woman who claimed Brown violently threatened her with a gun. 
When police initially tried to enter the home to search for a weapon, they were told to get a search warrant, the Times reported. Officer Lyle Knight told the Associated Press at the scene that police were waiting for a judge to approve a search warrant. 
Then, after the search warrant was signed, Deputy Chief Bob Green said officers were waiting for Brown’s attorney to arrive at the house, according to the Times . The deputy chief predicted the situation could be &quot;long and protracted.&quot; 
A representative of Brown has not returned calls for comment about any of this. 
But about 7 a.m. local time, Brown posted three profanity-filled videos of himself on his Instagram account , railing against the police and the media coverage of the activity at his house. He denounced media reports that he was &quot;barricaded&quot; inside his house, complained about the helicopters flying overhead, and called the police &quot;idiots&quot; and &quot;the worst gang in the world.&quot; 
He said he was &quot;innocent&quot; although he didn&apos;t further specify. &quot;What I do care about is you are defacing my name and my character and integrity,&quot; he says in one of the videos. 
He also took time to urge fans to buy his latest, Grass Ain&apos;t Greener. 
The hairstyles of Chris Brown... Loading... Chris Brown speaks onstage during iHeartRadio Live at the iHeartRadio Theater Los Angeles on June 19, 2015 in Burbank, California. Kevin Winter Brown attends the 2015 BET Awards at the Microsoft Theater on June 28, 2015 in Los Angeles with a cap slightly covering his blonde tips. Frederick M. Brown Chris Brown covers his coiffed hair under a cap while attending the 2015 iHeartRadio Music Awards from The Shrine Auditorium on March 29, 2015 in Los Angeles, California. Jason Merritt Rainbow hair-colored Chris Brown attends the NYLON Midnight Garden Party at a private residence on April 10, 2015 in Bermuda Dunes, California. Chelsea Lauren Bleached blonde Chris Brown attends the 2014 MTV Video Music Awards at The Forum on August 24, 2014 in Inglewood, California. Jason Merritt, Getty Images for MTV An unshaven and less maintained Chris Brown appears in court for a probation violation hearing in Los Angeles Court on May 9, 2014 in Los Angeles, California. Pool, Getty Images A younger Chris Brown performs a Michael Jackson tribute onstage during the 2010 BET Awards held at the Shrine Auditorium on June 27, 2010 in Los Angeles, California. Frederick M. Brown, Getty Images of Autoplay   
Brown&apos;s friend Ray J posted his own video on his Instagram page, decrying the &quot;war zone&quot; outside Brown&apos;s house. 
&quot;I&apos;m real upset about today, I&apos;m not happy with how things are handled and how people can take a false story and blow it up into something way more than it should be,&quot; he said to the camera in the video. &quot;You look outside and it&apos;s like a war zone for no reason for what some stranger said about something that don&apos;t got nothing to do with nothing. To react like that, so fast without really knowing the facts, it&apos;s ain&apos;t cool, it&apos;s just not right, it shouldn&apos;t be like this.&quot; 
Brown has been in and out of legal and police trouble for years, including being charged with felony assault in connection with a brutal attack on his then-girlfriend Rihanna in 2009. Only last year, that case was officially closed after a judge ruled he had completed community service obligations as part of his sentence in the case. 
Afterwards, Brown tweeted, &quot;IM OFF PROBATION Thank the Lord &quot; 
As a convicted felon (Brown pleaded guilty), under California&apos;s strict gun laws , Brown would lose the right to possess a firearm. 
More recently, former rap music mogul Marion &quot;Suge&quot; Knight, who&apos;s in jail awaiting trial on murder charges, sued Brown and the owners of a popular nightclub in June because he was shot seven times at a 2014 party hosted by Brown. 
Brown also was sued in June by his ex-manager, Mike G (real name: Michael Guirguis), who alleges the singer &quot;brutally&quot; attacked him in a &quot;drug-fueled&quot; rage in May, and his injuries sent him to the hospital. No police report was filed. 
Although Brown described himself on his Instagram videos as one of the &quot;greatest entertainers out there,&quot; his career has slowed somewhat in recent years. His most recent record to chart in the Hot 100, according to Billboard, was Back to Sleep, which peaked at 20 back in March. Last fall’s Royalty debuted at No. 3 on the Billboard 200 album chart; it was his best first-week sales since 2011’s F.A.M.E. 
Besides his new song last week, Brown has featured on other songs with Kanye West, DJ Khaled and 50 Cent this year. So while he hasn’t had a top-10 hit since 2014 (Loyal), he’s still managed to have a steady career, and hasn&apos;t been alienated by other big-name artists. 
In July, his Las Vegas residency at Drai&apos;s nightclub was put on hold after he posted an Instagram tirade against alleged &quot;racist&quot; employees at the club and refused to apologize.
</post>
<signature>

</signature>
<external_links>

</external_links>
<country>US</country>
<main_image>http://content.11alive.com/photo/2016/08/30/download%20_OP_1_CP__1472603225081_5885278_ver1.0_640_360.jpg</main_image>
</document>
