<?xml version="1.0" encoding="UTF-8"?>
<document>
<type>mainstream</type>
<forum>http://noticiasaominuto.com//rss/fama</forum>
<forum_title>Notícias ao Minuto - Fama</forum_title>
<discussion_title>Notícias ao Minuto - Após 10 dias, Pedro Barroso termina os caminhos de Santiago</discussion_title>
<language>portuguese</language>
<gmt_offset></gmt_offset>
<topic_url>https://www.noticiasaominuto.com/fama/645956/apos-10-dias-pedro-barroso-termina-os-caminhos-de-santiago</topic_url>
<topic_text>
PUB O ator chegou esta terça-feira, dia 30, à Catedral de Santiago de Compostela, como fez questão de revelar no Instagram.
Pedro Barroso não partiu para esta aventura sozinho. O ator contou com a companhia da namorada, Mafalda Marafusta, e alguns amigos.

... #omeucaminho #caminodesantiago #pilgrimage #pilgrim #catedraldesantiago #wegotogether #bettertogether #done #210km #10days #wanderer #instatravel #staystronge #betterthanbefore #focus 
Uma foto publicada por Pedro Barroso oficial (@pedrobarrosopb) a Ago 30, 2016 às 2:02 PDT
</topic_text>
<spam_score>0.00</spam_score>
<post_num>1</post_num>
<post_id>post-1</post_id>
<post_url>https://www.noticiasaominuto.com/fama/645956/apos-10-dias-pedro-barroso-termina-os-caminhos-de-santiago</post_url>
<post_date>20160830</post_date>
<post_time>2350</post_time>
<username>noticiasaominuto.com</username>
<post>
PUB O ator chegou esta terça-feira, dia 30, à Catedral de Santiago de Compostela, como fez questão de revelar no Instagram.
Pedro Barroso não partiu para esta aventura sozinho. O ator contou com a companhia da namorada, Mafalda Marafusta, e alguns amigos.

... #omeucaminho #caminodesantiago #pilgrimage #pilgrim #catedraldesantiago #wegotogether #bettertogether #done #210km #10days #wanderer #instatravel #staystronge #betterthanbefore #focus 
Uma foto publicada por Pedro Barroso oficial (@pedrobarrosopb) a Ago 30, 2016 às 2:02 PDT
</post>
<signature>

</signature>
<external_links>

</external_links>
<country>PT</country>
<main_image>https://static.noticiasaominuto.com/stockimages/1370x587/naom_57c5fda9d9554.jpg</main_image>
</document>
