<?xml version="1.0" encoding="UTF-8"?>
<document>
<type>mainstream</type>
<forum>http://andigital.com.ar/component/k2/itemlist?format=feed&amp;moduleID=793</forum>
<forum_title>rss</forum_title>
<discussion_title>Un paro de la UTA complica los traslados de larga distancia</discussion_title>
<language>spanish</language>
<gmt_offset></gmt_offset>
<topic_url>http://andigital.com.ar/gremiales/item/55625-un-paro-de-la-uta-complica-los-traslados-de-larga-distancia</topic_url>
<topic_text>
Un paro de la UTA complica los traslados de larga distancia Agosto 30, 2016 | 
La medida de fuerza se inició a las 15 de este martes y se extenderá “hasta que las autoridades resuelvan nuestras demandas”, indicaron desde el gremio. El planteo es por seguridad. Advirtieron por la existencia de zonas liberadas en los puntos más críticos de la estación.   Cédito: Agencia Télam. 
CAPITAL FEDERAL ( ANDigital ) Desde la Unión Transporte Automotor indicaron que continuará el paro de colectivos en la estación de Retiro, debido a que se ha detectado una llamativa baja de las guardias de vigilancia que monta la Policía Federal. 
Según trascendió, días atrás un Comisario de esa fuerza fue desafectado de sus funciones y pasado a disponibilidad. Fuentes consultas indicaron que en una clara muestra de solidaridad para con el exagente, un grupo de efectivos organizó una huelga despejando y liberando las zonas más críticas de la estación. 
Cabe señalar que en las inmediaciones de la terminal hay barrios marginales y Retiro es un foco delictivo que, de no contar con un control policial constante, deja abierto el panorama a los robos y ataques no solo a usuarios, sino también a colectiveros. 
Desde UTA dejaron entrever que la medida de fuerza tiene una total adhesión de los choferes. 
“Tenemos miedo que los micros de carga sean desvalijados, debido a que si se reduce la seguridad los colectiveros y la gente terminarán siendo rehenes del delito”, indicaron desde el gremio que conduce Roberto Fernández . (  
</topic_text>
<spam_score>0.00</spam_score>
<post_num>1</post_num>
<post_id>post-1</post_id>
<post_url>http://andigital.com.ar/gremiales/item/55625-un-paro-de-la-uta-complica-los-traslados-de-larga-distancia</post_url>
<post_date>20160831</post_date>
<post_time>0004</post_time>
<username>falsa@and.com (ANDigital)</username>
<post>
Un paro de la UTA complica los traslados de larga distancia Agosto 30, 2016 | 
La medida de fuerza se inició a las 15 de este martes y se extenderá “hasta que las autoridades resuelvan nuestras demandas”, indicaron desde el gremio. El planteo es por seguridad. Advirtieron por la existencia de zonas liberadas en los puntos más críticos de la estación.   Cédito: Agencia Télam. 
CAPITAL FEDERAL ( ANDigital ) Desde la Unión Transporte Automotor indicaron que continuará el paro de colectivos en la estación de Retiro, debido a que se ha detectado una llamativa baja de las guardias de vigilancia que monta la Policía Federal. 
Según trascendió, días atrás un Comisario de esa fuerza fue desafectado de sus funciones y pasado a disponibilidad. Fuentes consultas indicaron que en una clara muestra de solidaridad para con el exagente, un grupo de efectivos organizó una huelga despejando y liberando las zonas más críticas de la estación. 
Cabe señalar que en las inmediaciones de la terminal hay barrios marginales y Retiro es un foco delictivo que, de no contar con un control policial constante, deja abierto el panorama a los robos y ataques no solo a usuarios, sino también a colectiveros. 
Desde UTA dejaron entrever que la medida de fuerza tiene una total adhesión de los choferes. 
“Tenemos miedo que los micros de carga sean desvalijados, debido a que si se reduce la seguridad los colectiveros y la gente terminarán siendo rehenes del delito”, indicaron desde el gremio que conduce Roberto Fernández . (  
</post>
<signature>

</signature>
<external_links>

</external_links>
<country>AR</country>
<main_image>http://andigital.com.ar/media/k2/items/cache/91bedc2c7c76efa061035ca8d9f82f3f_S.jpg</main_image>
</document>
