<?xml version="1.0" encoding="UTF-8"?>
<document>
<type>mainstream</type>
<forum></forum>
<forum_title></forum_title>
<discussion_title>Dailynews Monthly Covers 08/30/16</discussion_title>
<language>english</language>
<gmt_offset></gmt_offset>
<topic_url>http://www.philly.com/philly/gallery/391705201.html</topic_url>
<topic_text>
Posted on Tuesday, Aug 30, 2016 Advertisment 
</topic_text>
<spam_score>0.78</spam_score>
<post_num>1</post_num>
<post_id>post-1</post_id>
<post_url>http://www.philly.com/philly/gallery/391705201.html</post_url>
<post_date>20160830</post_date>
<post_time></post_time>
<username></username>
<post>
Posted on Tuesday, Aug 30, 2016 Advertisment 
</post>
<signature>

</signature>
<external_links>

</external_links>
<country>US</country>
<main_image>http://media.philly.com/images/20160830_front.jpg</main_image>
</document>
