<?xml version="1.0" encoding="UTF-8"?>
<document>
<type>mainstream</type>
<forum></forum>
<forum_title></forum_title>
<discussion_title>State Dept watching case of U.S. man facing Venezuela weapons charges</discussion_title>
<language>english</language>
<gmt_offset></gmt_offset>
<topic_url>http://www.philly.com/philly/wires/reuters/news/report/391791351.html</topic_url>
<topic_text>
State Dept watching case of U.S. man facing Venezuela weapons charges Updated: August 30, 2016 — 5:05 PM EDT Share Close icon Reuters 
</topic_text>
<spam_score>0.59</spam_score>
<post_num>1</post_num>
<post_id>post-1</post_id>
<post_url>http://www.philly.com/philly/wires/reuters/news/report/391791351.html</post_url>
<post_date>20160830</post_date>
<post_time></post_time>
<username></username>
<post>
State Dept watching case of U.S. man facing Venezuela weapons charges Updated: August 30, 2016 — 5:05 PM EDT Share Close icon Reuters 
</post>
<signature>

</signature>
<external_links>

</external_links>
<country>US</country>
<main_image>http://media.philly.com/designimages/pcom-FB.jpg</main_image>
</document>
