<?xml version="1.0" encoding="UTF-8"?>
<document>
<type>mainstream</type>
<forum></forum>
<forum_title></forum_title>
<discussion_title>Mexico issues transit visas to surge of African migrants</discussion_title>
<language>english</language>
<gmt_offset></gmt_offset>
<topic_url>http://www.philly.com/philly/wires/ap/news/nation_world/391800171.html</topic_url>
<topic_text>
Mexico issues transit visas to surge of African migrants Updated: August 30, 2016 — 6:57 PM EDT Share Close icon The Associated Press 
MEXICO CITY (AP) - Mexican immigration authorities say 424 migrants from African countries arrived at the southern state of Chiapas over two days last week. 
The National Immigration Institute said Tuesday that it has issued them 20-day transit visas that will allow the migrants to reach the U.S.-Mexico border, where they plan to request asylum. 
Officials call it an unusual surge and say most of the migrants first went to Brazil or Ecuador to start their journey through Latin America. 
Most of the Africans presented themselves voluntarily to immigration officials in the Chiapas town of Tapachula. They did not specify their nationalities. 
Immigration support staff in Tijuana has been aiding migrants from the Congo, Somalia and Ghana to arrive at the U.S. port of entry at San Isidro. More Coverage 
</topic_text>
<spam_score>0.65</spam_score>
<post_num>1</post_num>
<post_id>post-1</post_id>
<post_url>http://www.philly.com/philly/wires/ap/news/nation_world/391800171.html</post_url>
<post_date>20160830</post_date>
<post_time></post_time>
<username>The Associated Press</username>
<post>
Mexico issues transit visas to surge of African migrants Updated: August 30, 2016 — 6:57 PM EDT Share Close icon The Associated Press 
MEXICO CITY (AP) - Mexican immigration authorities say 424 migrants from African countries arrived at the southern state of Chiapas over two days last week. 
The National Immigration Institute said Tuesday that it has issued them 20-day transit visas that will allow the migrants to reach the U.S.-Mexico border, where they plan to request asylum. 
Officials call it an unusual surge and say most of the migrants first went to Brazil or Ecuador to start their journey through Latin America. 
Most of the Africans presented themselves voluntarily to immigration officials in the Chiapas town of Tapachula. They did not specify their nationalities. 
Immigration support staff in Tijuana has been aiding migrants from the Congo, Somalia and Ghana to arrive at the U.S. port of entry at San Isidro. More Coverage 
</post>
<signature>

</signature>
<external_links>

</external_links>
<country>US</country>
<main_image>http://media.philly.com/designimages/pcom-FB.jpg</main_image>
</document>
