<?xml version="1.0" encoding="UTF-8"?>
<document>
<type>mainstream</type>
<forum></forum>
<forum_title></forum_title>
<discussion_title>British consumer morale recovers some of its Brexit slump in August: GfK</discussion_title>
<language>english</language>
<gmt_offset></gmt_offset>
<topic_url>http://www.philly.com/philly/wires/reuters/business/economy/391810451.html</topic_url>
<topic_text>
British consumer morale recovers some of its Brexit slump in August: GfK Updated: August 30, 2016 — 7:07 PM EDT Share Shoppers carry bags in London, Britain August 25, 2016. REUTERS/Neil Hall by Reuters Close icon Reuters 
LONDON, (Reuters) - - British consumer morale in August recovered some of its post-Brexit slump, a survey showed on Wednesday, a latest sign that consumers are adjusting to the decision to leave the European Union. 
Market research firm GfK said its gauge of consumer confidence rose to -7 in August from -12 in July, when it suffered its sharpest drop in over 26 years. But August&apos;s level was still the second-lowest since early 2014. 
The improvement was in keeping with recent data suggesting consumers have remained resilient after the June 23 referendum, even though there have been some indications that they are more reluctant to make big purchases than before the referendum. 
GfK&apos;s index measuring major purchases rose to +7 from -2 in July. 
The survey was conducted between Aug. 1 and 16, after Theresa May calmed the political fallout from the Brexit vote by taking over as prime minister. It also covered the period after the Bank of England cut interest rates on Aug. 4 as part of an aggressive stimulus package. 
&quot;We&apos;re reporting some recovery in the index this month as consumers settle into the new wait-and-see reality of a post-Brexit, pre-exit UK,&quot; Joe Staton, head of market dynamics at GfK, said. 
&quot;The uptick in confidence is driven by good news from hard data, the combination of historic low interest rates matched with falling prices and high levels of employment.&quot; 
Official data has shown retail sales jumped last month and there was no immediate sign of a big hit to employment. 
Expectations for the general economic situation over the next 12 months improved to -22 from -33 in July but remained down from +3 a year ago. 
Britain has yet to trigger formal exit talks and to start formal negotiations on its new relationship with the EU, something which is only likely to be resolved in 2019 or later. 
(Reporting by Ana Nicolaci da Costa; editing by William Schomberg) More Coverage 
</topic_text>
<spam_score>0.14</spam_score>
<post_num>1</post_num>
<post_id>post-1</post_id>
<post_url>http://www.philly.com/philly/wires/reuters/business/economy/391810451.html</post_url>
<post_date>20160830</post_date>
<post_time></post_time>
<username></username>
<post>
British consumer morale recovers some of its Brexit slump in August: GfK Updated: August 30, 2016 — 7:07 PM EDT Share Shoppers carry bags in London, Britain August 25, 2016. REUTERS/Neil Hall by Reuters Close icon Reuters 
LONDON, (Reuters) - - British consumer morale in August recovered some of its post-Brexit slump, a survey showed on Wednesday, a latest sign that consumers are adjusting to the decision to leave the European Union. 
Market research firm GfK said its gauge of consumer confidence rose to -7 in August from -12 in July, when it suffered its sharpest drop in over 26 years. But August&apos;s level was still the second-lowest since early 2014. 
The improvement was in keeping with recent data suggesting consumers have remained resilient after the June 23 referendum, even though there have been some indications that they are more reluctant to make big purchases than before the referendum. 
GfK&apos;s index measuring major purchases rose to +7 from -2 in July. 
The survey was conducted between Aug. 1 and 16, after Theresa May calmed the political fallout from the Brexit vote by taking over as prime minister. It also covered the period after the Bank of England cut interest rates on Aug. 4 as part of an aggressive stimulus package. 
&quot;We&apos;re reporting some recovery in the index this month as consumers settle into the new wait-and-see reality of a post-Brexit, pre-exit UK,&quot; Joe Staton, head of market dynamics at GfK, said. 
&quot;The uptick in confidence is driven by good news from hard data, the combination of historic low interest rates matched with falling prices and high levels of employment.&quot; 
Official data has shown retail sales jumped last month and there was no immediate sign of a big hit to employment. 
Expectations for the general economic situation over the next 12 months improved to -22 from -33 in July but remained down from +3 a year ago. 
Britain has yet to trigger formal exit talks and to start formal negotiations on its new relationship with the EU, something which is only likely to be resolved in 2019 or later. 
(Reporting by Ana Nicolaci da Costa; editing by William Schomberg) More Coverage 
</post>
<signature>

</signature>
<external_links>

</external_links>
<country>US</country>
<main_image>http://media.philly.com/images/2016-08-30T230758Z_1_LYNXNPEC7T1MN_RTROPTP_3_BRITAIN-RETAIL.JPG</main_image>
</document>
