<?xml version="1.0" encoding="UTF-8"?>
<document>
<type>mainstream</type>
<forum></forum>
<forum_title></forum_title>
<discussion_title>Oklahoma woman accused of killing daughter with crucifix</discussion_title>
<language>english</language>
<gmt_offset></gmt_offset>
<topic_url>http://www.philly.com/philly/wires/ap/business/391751291.html</topic_url>
<topic_text>
Oklahoma woman accused of killing daughter with crucifix Updated: August 30, 2016 — 12:17 PM EDT Share Close icon 
</topic_text>
<spam_score>0.24</spam_score>
<post_num>1</post_num>
<post_id>post-1</post_id>
<post_url>http://www.philly.com/philly/wires/ap/business/391751291.html</post_url>
<post_date>20160830</post_date>
<post_time></post_time>
<username>The Associated Press</username>
<post>
Oklahoma woman accused of killing daughter with crucifix Updated: August 30, 2016 — 12:17 PM EDT Share Close icon 
</post>
<signature>

</signature>
<external_links>

</external_links>
<country>US</country>
<main_image>http://media.philly.com/designimages/pcom-FB.jpg</main_image>
</document>
