<?xml version="1.0" encoding="UTF-8"?>
<document>
<type>mainstream</type>
<forum>http://www.wlox.com/Global/category.asp?C=13533&amp;nav=DYFw&amp;clienttype=rss</forum>
<forum_title>WLOX - International - Headline</forum_title>
<discussion_title>US evaluating Taliban video of captive couple</discussion_title>
<language>english</language>
<gmt_offset></gmt_offset>
<topic_url>http://www.wlox.com/story/32918333/us-evaluating-taliban-video-of-captive-couple</topic_url>
<topic_text>
US evaluating Taliban video of captive couple 2016-08-31T00:02:08Z 2016-08-31T00:02:08Z (AP Photo/Bill Gorman, File). FILE- In this June 4, 2014, file photo, mother&apos;s Linda Boyle, left and Lyn Coleman hold photo of their married children, Joshua Boyle and Caitlan Coleman, who were kidnapped by the Taliban in late 2012 in Stewartstown, Pa.... 
WASHINGTON (AP) - The State Department said it is evaluating a video released by the Afghan Taliban showing a Canadian man and his American wife warning that their Afghan captors will kill them unless the Kabul government ends its executions of Taliban prisoners. 
State Department spokesman John Kirby said at his daily briefing Tuesday that the video purportedly showing Canadian Joshua Boyle and American Caitlan Coleman is &quot;being examined for its validity.&quot; 
Kirby says the U.S. government is concerned about the couple&apos;s welfare and urged &quot;their immediate release on humanitarian grounds.&quot; 
In the video, Boyle and Coleman call on Canada and the United States to pressure the Afghan government into changing its policy on executing captured prisoners. 
Boyle and Coleman were seized in 2012 while traveling in a mountainous region near the Afghan capital, Kabul.   The Latest: Chris Brown arrested at home on assault charge The Latest on a police response at Chris Brown&apos;s California home (all times local): More &gt;&gt; The Latest on a police response at the Los Angeles home of singer Chris Brown (all times local): More &gt;&gt; 911 calls: &apos;Gunshots going like crazy&apos; in Pulse nightclub A mother called 911 for help as she texted with her son, who was trapped inside the Pulse nightclub. A sister told a dispatcher that her 20-year-old brother also was trapped, in a bathroom at the gay club, and that... More &gt;&gt; Friends and relatives of patrons trapped in a gay Florida nightclub where a mass shooting left 49 people dead asked police dispatchers why it was taking so long for their loved ones to be rescued. More &gt;&gt; Tuesday, August 30 2016 8:32 PM EDT 2016-08-31 00:32:14 GMT Updated: Tuesday, August 30 2016 8:32 PM EDT 2016-08-31 00:32:14 GMT An Australian man who claims to hold a British royal title will remain jailed in Las Vegas at least until next month, pending the possible resolution of felony false police report and burglary charges carrying a... More &gt;&gt; An Australian man who identifies himself as the 13th Duke of Manchester will remain jailed in Las Vegas at least until next month, pending possible resolution of felony false police report and burglary charges. More &gt;&gt; 5 bodies found in burned California care home for disabled The remains of five adults were found after a fire that gutted a board-and-care home southeast of Los Angeles, authorities said Tuesday. More &gt;&gt; The bodies of five people were found after a fire gutted a board-and-care home for developmentally disabled people southeast of Los Angeles, authorities said Tuesday. More &gt;&gt; People stock up, board up as hurricane hurtles toward Hawaii Residents of Hawaii&apos;s Big Island are bracing for what could be the first hurricane to make landfall in the state in decades. More &gt;&gt; Residents of Hawaii&apos;s Big Island were evacuating animals and stockpiling water Tuesday, bracing for what could be the first hurricane to make landfall in the state in decades. More &gt;&gt;
</topic_text>
<spam_score>0.00</spam_score>
<post_num>1</post_num>
<post_id>post-1</post_id>
<post_url>http://www.wlox.com/story/32918333/us-evaluating-taliban-video-of-captive-couple</post_url>
<post_date>20160831</post_date>
<post_time>0002</post_time>
<username></username>
<post>
US evaluating Taliban video of captive couple 2016-08-31T00:02:08Z 2016-08-31T00:02:08Z (AP Photo/Bill Gorman, File). FILE- In this June 4, 2014, file photo, mother&apos;s Linda Boyle, left and Lyn Coleman hold photo of their married children, Joshua Boyle and Caitlan Coleman, who were kidnapped by the Taliban in late 2012 in Stewartstown, Pa.... 
WASHINGTON (AP) - The State Department said it is evaluating a video released by the Afghan Taliban showing a Canadian man and his American wife warning that their Afghan captors will kill them unless the Kabul government ends its executions of Taliban prisoners. 
State Department spokesman John Kirby said at his daily briefing Tuesday that the video purportedly showing Canadian Joshua Boyle and American Caitlan Coleman is &quot;being examined for its validity.&quot; 
Kirby says the U.S. government is concerned about the couple&apos;s welfare and urged &quot;their immediate release on humanitarian grounds.&quot; 
In the video, Boyle and Coleman call on Canada and the United States to pressure the Afghan government into changing its policy on executing captured prisoners. 
Boyle and Coleman were seized in 2012 while traveling in a mountainous region near the Afghan capital, Kabul.   The Latest: Chris Brown arrested at home on assault charge The Latest on a police response at Chris Brown&apos;s California home (all times local): More &gt;&gt; The Latest on a police response at the Los Angeles home of singer Chris Brown (all times local): More &gt;&gt; 911 calls: &apos;Gunshots going like crazy&apos; in Pulse nightclub A mother called 911 for help as she texted with her son, who was trapped inside the Pulse nightclub. A sister told a dispatcher that her 20-year-old brother also was trapped, in a bathroom at the gay club, and that... More &gt;&gt; Friends and relatives of patrons trapped in a gay Florida nightclub where a mass shooting left 49 people dead asked police dispatchers why it was taking so long for their loved ones to be rescued. More &gt;&gt; Tuesday, August 30 2016 8:32 PM EDT 2016-08-31 00:32:14 GMT Updated: Tuesday, August 30 2016 8:32 PM EDT 2016-08-31 00:32:14 GMT An Australian man who claims to hold a British royal title will remain jailed in Las Vegas at least until next month, pending the possible resolution of felony false police report and burglary charges carrying a... More &gt;&gt; An Australian man who identifies himself as the 13th Duke of Manchester will remain jailed in Las Vegas at least until next month, pending possible resolution of felony false police report and burglary charges. More &gt;&gt; 5 bodies found in burned California care home for disabled The remains of five adults were found after a fire that gutted a board-and-care home southeast of Los Angeles, authorities said Tuesday. More &gt;&gt; The bodies of five people were found after a fire gutted a board-and-care home for developmentally disabled people southeast of Los Angeles, authorities said Tuesday. More &gt;&gt; People stock up, board up as hurricane hurtles toward Hawaii Residents of Hawaii&apos;s Big Island are bracing for what could be the first hurricane to make landfall in the state in decades. More &gt;&gt; Residents of Hawaii&apos;s Big Island were evacuating animals and stockpiling water Tuesday, bracing for what could be the first hurricane to make landfall in the state in decades. More &gt;&gt;
</post>
<signature>

</signature>
<external_links>

</external_links>
<country>US</country>
<main_image>http://images.worldnow.com/AP/images/11609046_G.jpg</main_image>
</document>
