<?xml version="1.0" encoding="UTF-8"?>
<document>
<type>mainstream</type>
<forum>http://www.islingtongazette.co.uk/cmlink/news_1_3818713</forum>
<forum_title>News</forum_title>
<discussion_title>Caledonian Road and Barnsbury stabbing: Boy, 15, charged with attempted murder</discussion_title>
<language>english</language>
<gmt_offset></gmt_offset>
<topic_url>http://www.islingtongazette.co.uk/news/caledonian_road_and_barnsbury_stabbing_boy_15_charged_with_attempted_murder_1_4676901</topic_url>
<topic_text>
  Police speak to bystanders outside Caledonian Road and Barnsbury station (Picture: Sam Gelder) 
The teenager has been remanded in custody and will appear at the Old Bailey on September 12. 
British Transport Police officers are looking to trace a second man believed to be connected to the attack. 
He is black and of medium build, and was wearing a black baseball cap, patterned blue jumper and dark jacket. 
Investigating officer Det Sgt Av Dhaliwal said: “We are working to establish the exact circumstances of what happened at the station. 
“If you have any information, I urge you to get in touch as soon as possible. 
Anyone with information is asked to contact British Transport Police on 0800 40 50 40 or text 61016, quoting 329 of 25/08.
</topic_text>
<spam_score>0.00</spam_score>
<post_num>1</post_num>
<post_id>post-1</post_id>
<post_url>http://www.islingtongazette.co.uk/news/caledonian_road_and_barnsbury_stabbing_boy_15_charged_with_attempted_murder_1_4676901</post_url>
<post_date>20160830</post_date>
<post_time>1242</post_time>
<username></username>
<post>
  Police speak to bystanders outside Caledonian Road and Barnsbury station (Picture: Sam Gelder) 
The teenager has been remanded in custody and will appear at the Old Bailey on September 12. 
British Transport Police officers are looking to trace a second man believed to be connected to the attack. 
He is black and of medium build, and was wearing a black baseball cap, patterned blue jumper and dark jacket. 
Investigating officer Det Sgt Av Dhaliwal said: “We are working to establish the exact circumstances of what happened at the station. 
“If you have any information, I urge you to get in touch as soon as possible. 
Anyone with information is asked to contact British Transport Police on 0800 40 50 40 or text 61016, quoting 329 of 25/08.
</post>
<signature>

</signature>
<external_links>

</external_links>
<country>GB</country>
<main_image>http://www.islingtongazette.co.uk:80/polopoly_fs/1.4672117.1472560920!/image/image.jpg_gen/derivatives/landscape_630/image.jpg</main_image>
</document>
