<?xml version="1.0" encoding="UTF-8"?>
<document>
<type>mainstream</type>
<forum></forum>
<forum_title></forum_title>
<discussion_title>Crashed sightseeing plane pulled from lake near New Orleans</discussion_title>
<language>english</language>
<gmt_offset></gmt_offset>
<topic_url>http://www.philly.com/philly/wires/ap/news/391765401.html</topic_url>
<topic_text>
Crashed sightseeing plane pulled from lake near New Orleans Updated: August 30, 2016 — 12:40 PM EDT Share 4:37 PM A small plane is lifted by a crane from the water of Lake Pontchartrain near Lakefront Airport, Tuesday, Aug. 30, 2016 in New Orleans. New Orleans Fire Department spokesman Gregory Davis said the bodies of the pilot and a passenger were in the plane&apos;s cabin. A second passenger, a woman, survived Saturday night&apos;s crash when she was picked up a boat in the area. (Michael DeMocker/NOLA.com The Times-Picayune via AP) BILL FULLER The Associated Press 
NEW ORLEANS (AP) - A crane on a barge lifted the wreckage of a small sightseeing plane from a lake near New Orleans on Tuesday, the bodies of the pilot and a passenger still in the cabin, authorities said. Mail icon 
The crane, operated by a salvage contractor, hoisted the plane onto the barge after divers first attached cables to the wreckage while it was submerged, New Orleans Fire Department spokesman Gregory Davis said. Video footage showed the plane being pulled from the waters still intact. 
The Cessna 172 crashed into Lake Pontchartrain while attempting to land Saturday night at the New Orleans Lakefront Airport, plunging into waters about 1,000 yards off the runway. A woman passenger was rescued by a private yacht from the lake and survived. 
The airport director, Ben Morris, had said a couple chartered the plane for an aerial tour of New Orleans and that it encountered a rainstorm about the time of the crash. None of those aboard were immediately identified. 
The recovery operation was slowed by &quot;very murky&quot; conditions on the bottom of lake, Morris said. The plane went into waters about 12 to 14 deep in the vast lake, which forms the north shore of New Orleans and covers 630 square miles. 
Autopsies were ordered on the bodies of the pilot and passenger, both men, to determine the cause of death. The victim&apos;s names are expected to be released by a local coroner&apos;s office later, officials said. 
The investigation into the crash is being led by the National Transportation Safety Board, with the assistance of the Federal Aviation Administration. NTSB spokesman Terry Williams said the plane was being moved to a secure location where investigators can begin examining the aircraft. 
&quot;We will be looking at the plane&apos;s maintenance report and also talking to the lone survivor to determine what caused the crash,&quot; Williams said More Coverage 
</topic_text>
<spam_score>0.02</spam_score>
<post_num>1</post_num>
<post_id>post-1</post_id>
<post_url>http://www.philly.com/philly/wires/ap/news/391765401.html</post_url>
<post_date>20160830</post_date>
<post_time></post_time>
<username>Bill Fuller</username>
<post>
Crashed sightseeing plane pulled from lake near New Orleans Updated: August 30, 2016 — 12:40 PM EDT Share 4:37 PM A small plane is lifted by a crane from the water of Lake Pontchartrain near Lakefront Airport, Tuesday, Aug. 30, 2016 in New Orleans. New Orleans Fire Department spokesman Gregory Davis said the bodies of the pilot and a passenger were in the plane&apos;s cabin. A second passenger, a woman, survived Saturday night&apos;s crash when she was picked up a boat in the area. (Michael DeMocker/NOLA.com The Times-Picayune via AP) BILL FULLER The Associated Press 
NEW ORLEANS (AP) - A crane on a barge lifted the wreckage of a small sightseeing plane from a lake near New Orleans on Tuesday, the bodies of the pilot and a passenger still in the cabin, authorities said. Mail icon 
The crane, operated by a salvage contractor, hoisted the plane onto the barge after divers first attached cables to the wreckage while it was submerged, New Orleans Fire Department spokesman Gregory Davis said. Video footage showed the plane being pulled from the waters still intact. 
The Cessna 172 crashed into Lake Pontchartrain while attempting to land Saturday night at the New Orleans Lakefront Airport, plunging into waters about 1,000 yards off the runway. A woman passenger was rescued by a private yacht from the lake and survived. 
The airport director, Ben Morris, had said a couple chartered the plane for an aerial tour of New Orleans and that it encountered a rainstorm about the time of the crash. None of those aboard were immediately identified. 
The recovery operation was slowed by &quot;very murky&quot; conditions on the bottom of lake, Morris said. The plane went into waters about 12 to 14 deep in the vast lake, which forms the north shore of New Orleans and covers 630 square miles. 
Autopsies were ordered on the bodies of the pilot and passenger, both men, to determine the cause of death. The victim&apos;s names are expected to be released by a local coroner&apos;s office later, officials said. 
The investigation into the crash is being led by the National Transportation Safety Board, with the assistance of the Federal Aviation Administration. NTSB spokesman Terry Williams said the plane was being moved to a secure location where investigators can begin examining the aircraft. 
&quot;We will be looking at the plane&apos;s maintenance report and also talking to the lone survivor to determine what caused the crash,&quot; Williams said More Coverage 
</post>
<signature>

</signature>
<external_links>

</external_links>
<country>US</country>
<main_image>http://media.philly.com/images/a9739dc9069348b3b04b05b024b41fd4-91e4ce30021dff2ca20f6a706700c248.jpg</main_image>
</document>
