<?xml version="1.0" encoding="UTF-8"?>
<document>
<type>mainstream</type>
<forum>http://extras.mnginteractive.com/live/xsl/memv/xml/573_most_viewed_rss.xml</forum>
<forum_title>Silicon Valley Most Viewed</forum_title>
<discussion_title>What if Uber stumbles on way to IPO?</discussion_title>
<language>english</language>
<gmt_offset></gmt_offset>
<topic_url>http://www.mercurynews.com/michelle-quinn/ci_30308180/uber-dont-be-this-tech-booms-webvan</topic_url>
<topic_text>
What if Uber stumbles on way to IPO? By Michelle Quinn, mquinn@bayareanewsgroup.com More Michelle Quinn columns The tech industry is pedaling along just fine. 
Nothing on the horizon seems likely to knock off Google, Facebook, Apple or the many smaller companies that are keeping up with the pack. 
Except, what if, Uber, the most valuable startup in the world, stumbles on its road to an IPO? 
Gulp. 
That&apos;s what I thought after reports last week said that the ride-hailing company lost $1.2 billion in the first half of 2016 after losing more than $2 billion in 2015. 
Sure, startups lose money all the time as they carve out new markets and grow as big as they can. And Uber, valued at more than $62 billion, isn&apos;t hurting for cash even with its losses. The seven-year old firm manages to raise another few billion every few months, and has many billions in the bank. The Uber headquarters building on Market Street in San Francisco, Calif., is photographed Dec. 14, 2015. (Karl Mondon/Bay Area News Group) 
But the moment of reckoning, when private investors who have been financing Uber will need to cash out, may come soon. The company is aware of how important it will be to show that it is on the road to profitability. Earlier this year, it touted its profitability in the U.S. (but is reportedly back in the red even here). 
The danger is that Uber, the most valuable startup ever, may be too expensive for public investors. They won&apos;t tolerate a few bad quarters at the billion dollar loss level. 
That prospect could be ugly, not just for Uber or competitors such as Lyft. It would be a blow to the 170-plus so called &quot;unicorns,&quot; the startups that are valued at more than $1 billion. Advertisement 
A rough Uber IPO could be a where-were-you-when moment for tech, much like the day Webvan closed its doors in the dot-com boom. We know that irrational exuberance fuels the run up and irrational depression fuels the down cycle. Investors get spooked, and companies stop hiring and spending until they can get better visibility. If it happens, this period of tech growth will come to a screeching halt. 
That&apos;s the risk of this boom. Investors have created unicorns that are blown up like balloons in the Macy&apos;s Thanksgiving Day Parade. Big, big investments and big, big losses equal big, big valuations -- if the company executes well. 
A recent study found that one-third of today&apos;s unicorns won&apos;t be worth that much when they have an exit -- whether that means being bought by another company or having an IPO. The thinning of the herd has already begun with companies having to accept lower &quot;down rounds&quot; of funding. 
Robert Siegel, a venture capitalist with XSeed Capital and a Stanford University lecturer, doesn&apos;t buy my Uber doomsday scenario. 
&quot;I don&apos;t believe there will be a cataclysm,&quot; he said. &quot;Facebook&apos;s IPO was considered a catastrophe. Great companies can recover.&quot; 
Should Uber stumble, what will matter are the underlying causes, said Enrico Moretti, a professor of economics at UC Berkeley. &quot;The only scenario that Uber stumbling would affect the larger tech sector is if it was about something broader about the sector.&quot; 
That makes sense. And I hope that Uber doesn&apos;t stumble. But if the past is any guide, Uber&apos;s success has a symbolic value far beyond the company&apos;s performance. It&apos;s about whether this tech boom is built on something real or the stuff of dreams. Contact Michelle Quinn at
</topic_text>
<spam_score>0.00</spam_score>
<post_num>1</post_num>
<post_id>post-1</post_id>
<post_url>http://www.mercurynews.com/michelle-quinn/ci_30308180/uber-dont-be-this-tech-booms-webvan</post_url>
<post_date>20160830</post_date>
<post_time>0600</post_time>
<username></username>
<post>
What if Uber stumbles on way to IPO? By Michelle Quinn, mquinn@bayareanewsgroup.com More Michelle Quinn columns The tech industry is pedaling along just fine. 
Nothing on the horizon seems likely to knock off Google, Facebook, Apple or the many smaller companies that are keeping up with the pack. 
Except, what if, Uber, the most valuable startup in the world, stumbles on its road to an IPO? 
Gulp. 
That&apos;s what I thought after reports last week said that the ride-hailing company lost $1.2 billion in the first half of 2016 after losing more than $2 billion in 2015. 
Sure, startups lose money all the time as they carve out new markets and grow as big as they can. And Uber, valued at more than $62 billion, isn&apos;t hurting for cash even with its losses. The seven-year old firm manages to raise another few billion every few months, and has many billions in the bank. The Uber headquarters building on Market Street in San Francisco, Calif., is photographed Dec. 14, 2015. (Karl Mondon/Bay Area News Group) 
But the moment of reckoning, when private investors who have been financing Uber will need to cash out, may come soon. The company is aware of how important it will be to show that it is on the road to profitability. Earlier this year, it touted its profitability in the U.S. (but is reportedly back in the red even here). 
The danger is that Uber, the most valuable startup ever, may be too expensive for public investors. They won&apos;t tolerate a few bad quarters at the billion dollar loss level. 
That prospect could be ugly, not just for Uber or competitors such as Lyft. It would be a blow to the 170-plus so called &quot;unicorns,&quot; the startups that are valued at more than $1 billion. Advertisement 
A rough Uber IPO could be a where-were-you-when moment for tech, much like the day Webvan closed its doors in the dot-com boom. We know that irrational exuberance fuels the run up and irrational depression fuels the down cycle. Investors get spooked, and companies stop hiring and spending until they can get better visibility. If it happens, this period of tech growth will come to a screeching halt. 
That&apos;s the risk of this boom. Investors have created unicorns that are blown up like balloons in the Macy&apos;s Thanksgiving Day Parade. Big, big investments and big, big losses equal big, big valuations -- if the company executes well. 
A recent study found that one-third of today&apos;s unicorns won&apos;t be worth that much when they have an exit -- whether that means being bought by another company or having an IPO. The thinning of the herd has already begun with companies having to accept lower &quot;down rounds&quot; of funding. 
Robert Siegel, a venture capitalist with XSeed Capital and a Stanford University lecturer, doesn&apos;t buy my Uber doomsday scenario. 
&quot;I don&apos;t believe there will be a cataclysm,&quot; he said. &quot;Facebook&apos;s IPO was considered a catastrophe. Great companies can recover.&quot; 
Should Uber stumble, what will matter are the underlying causes, said Enrico Moretti, a professor of economics at UC Berkeley. &quot;The only scenario that Uber stumbling would affect the larger tech sector is if it was about something broader about the sector.&quot; 
That makes sense. And I hope that Uber doesn&apos;t stumble. But if the past is any guide, Uber&apos;s success has a symbolic value far beyond the company&apos;s performance. It&apos;s about whether this tech boom is built on something real or the stuff of dreams. Contact Michelle Quinn at
</post>
<signature>

</signature>
<external_links>

</external_links>
<country></country>
<main_image>http://extras.mnginteractive.com/live/media/site568/2016/0825/20160825__SJM-UBER-0825~1.JPG</main_image>
</document>
