<?xml version="1.0" encoding="UTF-8"?>
<document>
<type>mainstream</type>
<forum>http://www.arabianbusiness.com/?service=rss</forum>
<forum_title>Arabian Business - Home</forum_title>
<discussion_title>Yemen conflict death toll rises to 10,000, says UN</discussion_title>
<language>english</language>
<gmt_offset></gmt_offset>
<topic_url>http://www.arabianbusiness.com/yemen-conflict-death-toll-rises-10-000-says-un-643977.html</topic_url>
<topic_text>
Yemen conflict death toll rises to 10,000, says UN Article Tuesday, 30 August 2016 1:55 PM 
(AFP/Getty Images) 
At least 10,000 people have been killed in Yemen&apos;s 18-month-old civil war, the United Nations on Tuesday, almost double the estimates of more than 6,000 cited by officials and aid workers for much of 2016. 
UN Humanitarian Coordinator Jamie McGoldrick told a news conference in the Yemeni capital of Sanaa the new figure was based on official information from medical facilities in Yemen. It might rise as some areas had no medical facilities, and people were often buried without any official record being made. 
The conflict has displaced three million Yemenis and forced 200,000 people to seek refuge abroad, McGoldrick said. 
The United Nations had information that 900,000 of those displaced intended to try to return to their homes, he said. 
&quot;This is a big challenge, especially in areas still experiencing conflict,&quot; McGoldrick said. 
Some 14 million of Yemen&apos;s 26 million population need food aid and 7 million are suffering from food insecurity, he said.
</topic_text>
<spam_score>0.00</spam_score>
<post_num>1</post_num>
<post_id>post-1</post_id>
<post_url>http://www.arabianbusiness.com/yemen-conflict-death-toll-rises-10-000-says-un-643977.html</post_url>
<post_date>20160830</post_date>
<post_time>0955</post_time>
<username></username>
<post>
Yemen conflict death toll rises to 10,000, says UN Article Tuesday, 30 August 2016 1:55 PM 
(AFP/Getty Images) 
At least 10,000 people have been killed in Yemen&apos;s 18-month-old civil war, the United Nations on Tuesday, almost double the estimates of more than 6,000 cited by officials and aid workers for much of 2016. 
UN Humanitarian Coordinator Jamie McGoldrick told a news conference in the Yemeni capital of Sanaa the new figure was based on official information from medical facilities in Yemen. It might rise as some areas had no medical facilities, and people were often buried without any official record being made. 
The conflict has displaced three million Yemenis and forced 200,000 people to seek refuge abroad, McGoldrick said. 
The United Nations had information that 900,000 of those displaced intended to try to return to their homes, he said. 
&quot;This is a big challenge, especially in areas still experiencing conflict,&quot; McGoldrick said. 
Some 14 million of Yemen&apos;s 26 million population need food aid and 7 million are suffering from food insecurity, he said.
</post>
<signature>

</signature>
<external_links>

</external_links>
<country>US</country>
<main_image>http://www.arabianbusiness.com/incoming/article627984.ece/BINARY/GettyImages-520246798.jpg</main_image>
</document>
