<?xml version="1.0" encoding="UTF-8"?>
<document>
<type>mainstream</type>
<forum></forum>
<forum_title></forum_title>
<discussion_title>Albania passes a judicial reform law, key to EU efforts</discussion_title>
<language>english</language>
<gmt_offset></gmt_offset>
<topic_url>http://www.philly.com/philly/wires/ap/news/nation_world/391773071.html</topic_url>
<topic_text>
Albania passes a judicial reform law, key to EU efforts Updated: August 30, 2016 — 1:41 PM EDT Share Close icon The Associated Press 
TIRANA, Albania (AP) - Albania&apos;s parliament has approved a law to check the personal and professional backgrounds of judges and prosecutors in a move to convince the European Union to launch membership negotiations. 
An extraordinary session of the 140-seat parliament passed the law, part of the country&apos;s judicial reform efforts, with 88 votes in favor and one abstention on Tuesday. The opposition boycotted the vote. 
The law, prepared with help from EU and U.S. experts and reviewed by the Council of Europe&apos;s Venice Commission, allows authorities to check the incomes and property holdings of judges and prosecutors and their professional backgrounds. 
</topic_text>
<spam_score>0.66</spam_score>
<post_num>1</post_num>
<post_id>post-1</post_id>
<post_url>http://www.philly.com/philly/wires/ap/news/nation_world/391773071.html</post_url>
<post_date>20160830</post_date>
<post_time></post_time>
<username>The Associated Press</username>
<post>
Albania passes a judicial reform law, key to EU efforts Updated: August 30, 2016 — 1:41 PM EDT Share Close icon The Associated Press 
TIRANA, Albania (AP) - Albania&apos;s parliament has approved a law to check the personal and professional backgrounds of judges and prosecutors in a move to convince the European Union to launch membership negotiations. 
An extraordinary session of the 140-seat parliament passed the law, part of the country&apos;s judicial reform efforts, with 88 votes in favor and one abstention on Tuesday. The opposition boycotted the vote. 
The law, prepared with help from EU and U.S. experts and reviewed by the Council of Europe&apos;s Venice Commission, allows authorities to check the incomes and property holdings of judges and prosecutors and their professional backgrounds. 
</post>
<signature>

</signature>
<external_links>

</external_links>
<country>US</country>
<main_image>http://media.philly.com/designimages/pcom-FB.jpg</main_image>
</document>
