<?xml version="1.0" encoding="UTF-8"?>
<document>
<type>mainstream</type>
<forum></forum>
<forum_title></forum_title>
<discussion_title>The top 10 books on Apple&apos;s iBooks-US</discussion_title>
<language>english</language>
<gmt_offset></gmt_offset>
<topic_url>http://www.philly.com/philly/wires/ap/news/391764401.html</topic_url>
<topic_text>
The top 10 books on Apple&apos;s iBooks-US Updated: August 30, 2016 — 12:28 PM EDT Share The Associated Press The Associated Press 
iBook charts for week ending August 28, 2016 (Rank, Book Title by Author Name, ISBN, Publisher ): 
iBooks US Bestseller List - Paid Books 
1. The Girl on the Train by Paula Hawkins - 9780698185395 - (Penguin Publishing Group) 
2. Harry Potter and the Cursed Child - Parts One and Two (Special Rehearsal Edition) by J.K. Rowling - 9781781107041 - (Pottermore) 
3. Sting by Sandra Brown - 9781455581238 - (Grand Central Publishing) 
4. The Girl with the Lower Back Tattoo by Amy Schumer - 9781501139901 - (Gallery Books) 
5. Just Friends by Billy Taylor - 9781530511518 - (Billy Taylor) 
6. Biology by Joseph S. Levine, Ph.D., Ph.D. &amp; Kenneth R. Miller - 9780133226713 - (Pearson Education, Inc.) 
7. Behind Closed Doors by B A Paris - 9781250121011 - (St. Martin&apos;s Press) 
8. Truly Madly Guilty by Liane Moriarty - 9781250069818 - (Flatiron Books) 
9. The Light Between Oceans by M.L. Stedman - 9781451681765 - (Scribner) 
10. World History by Dahia Ibo Shabaka, Larry S. Kreiger, Linda Black, Phillip C. Naylor &amp; Roger B. Beck - 9780544025387 - (Houghton Mifflin Harcourt) 
(copyright) 2016 Apple Inc. 
</topic_text>
<spam_score>0.15</spam_score>
<post_num>1</post_num>
<post_id>post-1</post_id>
<post_url>http://www.philly.com/philly/wires/ap/news/391764401.html</post_url>
<post_date>20160830</post_date>
<post_time></post_time>
<username>The Associated Press</username>
<post>
The top 10 books on Apple&apos;s iBooks-US Updated: August 30, 2016 — 12:28 PM EDT Share The Associated Press The Associated Press 
iBook charts for week ending August 28, 2016 (Rank, Book Title by Author Name, ISBN, Publisher ): 
iBooks US Bestseller List - Paid Books 
1. The Girl on the Train by Paula Hawkins - 9780698185395 - (Penguin Publishing Group) 
2. Harry Potter and the Cursed Child - Parts One and Two (Special Rehearsal Edition) by J.K. Rowling - 9781781107041 - (Pottermore) 
3. Sting by Sandra Brown - 9781455581238 - (Grand Central Publishing) 
4. The Girl with the Lower Back Tattoo by Amy Schumer - 9781501139901 - (Gallery Books) 
5. Just Friends by Billy Taylor - 9781530511518 - (Billy Taylor) 
6. Biology by Joseph S. Levine, Ph.D., Ph.D. &amp; Kenneth R. Miller - 9780133226713 - (Pearson Education, Inc.) 
7. Behind Closed Doors by B A Paris - 9781250121011 - (St. Martin&apos;s Press) 
8. Truly Madly Guilty by Liane Moriarty - 9781250069818 - (Flatiron Books) 
9. The Light Between Oceans by M.L. Stedman - 9781451681765 - (Scribner) 
10. World History by Dahia Ibo Shabaka, Larry S. Kreiger, Linda Black, Phillip C. Naylor &amp; Roger B. Beck - 9780544025387 - (Houghton Mifflin Harcourt) 
(copyright) 2016 Apple Inc. 
</post>
<signature>

</signature>
<external_links>

</external_links>
<country>US</country>
<main_image>http://media.philly.com/designimages/pcom-FB.jpg</main_image>
</document>
