<?xml version="1.0" encoding="UTF-8"?>
<document>
<type>mainstream</type>
<forum></forum>
<forum_title></forum_title>
<discussion_title>Reuters US Domestic News Summary</discussion_title>
<language>english</language>
<gmt_offset></gmt_offset>
<topic_url>http://www.philly.com/philly/wires/reuters/news/report/391811501.html</topic_url>
<topic_text>
Reuters US Domestic News Summary Updated: August 30, 2016 — 7:54 PM EDT Share 
Following is a summary of current US domestic news briefs. 
N.Y. high court broadens definition of parent in landmark ruling 
In a landmark ruling for non-traditional families in New York, the state&apos;s highest court on Tuesday held a person need not have a biological or adoptive relationship with a child to be considered a parent. The decision by the New York Court of Appeals gives such individuals legal standing to seek custody or visitation rights. 
Senators press Mylan on &apos;exorbitantly expensive&apos; EpiPen 
Democrat Elizabeth Warren and 19 other U.S. senators voiced concern to the chief executive of Mylan NV about the high cost of its EpiPen on Tuesday, calling the device used in the case of life-threatening allergies &quot;exorbitantly expensive.&quot; Mylan has been under fire for steadily raising the price of the device from about $100 in 2008 to about $600 currently. 
North Carolina, Florida brace for brewing tropical systems 
North Carolina&apos;s far east coast could see tropical storm-force winds from a weather system expected to pass near its Outer Banks region Help us moderate this thread by flagging comments that violate Help us learn more about Philly.com commenters. 
</topic_text>
<spam_score>0.00</spam_score>
<post_num>1</post_num>
<post_id>post-1</post_id>
<post_url>http://www.philly.com/philly/wires/reuters/news/report/391811501.html</post_url>
<post_date>20160830</post_date>
<post_time></post_time>
<username></username>
<post>
Reuters US Domestic News Summary Updated: August 30, 2016 — 7:54 PM EDT Share 
Following is a summary of current US domestic news briefs. 
N.Y. high court broadens definition of parent in landmark ruling 
In a landmark ruling for non-traditional families in New York, the state&apos;s highest court on Tuesday held a person need not have a biological or adoptive relationship with a child to be considered a parent. The decision by the New York Court of Appeals gives such individuals legal standing to seek custody or visitation rights. 
Senators press Mylan on &apos;exorbitantly expensive&apos; EpiPen 
Democrat Elizabeth Warren and 19 other U.S. senators voiced concern to the chief executive of Mylan NV about the high cost of its EpiPen on Tuesday, calling the device used in the case of life-threatening allergies &quot;exorbitantly expensive.&quot; Mylan has been under fire for steadily raising the price of the device from about $100 in 2008 to about $600 currently. 
North Carolina, Florida brace for brewing tropical systems 
North Carolina&apos;s far east coast could see tropical storm-force winds from a weather system expected to pass near its Outer Banks region Help us moderate this thread by flagging comments that violate Help us learn more about Philly.com commenters. 
</post>
<signature>

</signature>
<external_links>

</external_links>
<country>US</country>
<main_image>http://media.philly.com/designimages/pcom-FB.jpg</main_image>
</document>
