<?xml version="1.0" encoding="UTF-8"?>
<document>
<type>mainstream</type>
<forum>http://rzeszowiak.pl//rss/Praca-Zatrudnie.xml</forum>
<forum_title>Praca www.rzeszowiak.pl</forum_title>
<discussion_title>Zatrudnie na magazyn 15 osób (Panowie, Panie) ...</discussion_title>
<language>polish</language>
<gmt_offset></gmt_offset>
<topic_url>http://www.rzeszowiak.pl/potrzebuje-pilnie-zatrudnic-15-osob-na-magazyn-do-8331719</topic_url>
<topic_text>
Możliwość awansu na wyższe stanowiska (starszy/a magazynier, kierownik/czka zmiany, kierownik/czka projektu)Wynagrodzenie: podstawa + premie.Praca w Rogoźnicy koło Głogowa Młp.Chętnych zapraszam do przesyłania CV. Oddzwonię do każdego.
</topic_text>
<spam_score>0.00</spam_score>
<post_num>1</post_num>
<post_id>post-1</post_id>
<post_url>http://www.rzeszowiak.pl/potrzebuje-pilnie-zatrudnic-15-osob-na-magazyn-do-8331719</post_url>
<post_date>20160830</post_date>
<post_time>1957</post_time>
<username>Zatrudnie na magazyn 15 osób (Panowie, Panie)</username>
<post>
Możliwość awansu na wyższe stanowiska (starszy/a magazynier, kierownik/czka zmiany, kierownik/czka projektu)Wynagrodzenie: podstawa + premie.Praca w Rogoźnicy koło Głogowa Młp.Chętnych zapraszam do przesyłania CV. Oddzwonię do każdego.
</post>
<signature>

</signature>
<external_links>

</external_links>
<country>PL</country>
<main_image></main_image>
</document>
