<?xml version="1.0" encoding="UTF-8"?>
<document>
<type>mainstream</type>
<forum>http://www.bignewsnetwork.com/index.php/nav/rss/af4e74a975da4c65</forum>
<forum_title>Latest Big News Network RSS Feeds</forum_title>
<discussion_title>Delh Half Marathon on November 20, registrations open</discussion_title>
<language>english</language>
<gmt_offset></gmt_offset>
<topic_url>http://www.bignewsnetwork.com/news/247214959/delh-half-marathon-on-november-20-registrations-open</topic_url>
<topic_text>
Delh Half Marathon on November 20, registrations open IANS   New Delhi, Aug 31 (IANS) Registrations for the 12th Airtel Delhi Half Marathon (ADHM) were declared open here on Tuesday with the organisers expecting around 34,000 running enthusiasts to participate across various events on November 20.
The total prize money for the event, which includes the Great Delhi Run (6 km), the Senior Citizen&apos;s Run (4 km), and the Champions with Disability (4 km), in addition to the feature race, will be $2,70,000, it was announced at a press conference here at a city hotel. 
&quot;As we enter into another edition of the ADHM, it is inspiring to see its growth and evolution over the last eight years. It is a blessing to have the unwavering support and encouragement of all those invested in this event,&quot; said Procam International managing director Anil Singh, the promoter of the event. 
&quot;ADHM is today undoubtedly the most anticipated sporting event in Delhi&apos;s sporting calendar and has deservedly earned its place as th e most prestigious half marathon in the world,&quot; he added. 
The entry fee for the Half Marathon is Rs 1,700, for the Great Delhi Run it is Rs 600, Senior Citizen&apos;s run is Rs 300 and Champions with Disability is Rs 250. 
The half marathon route will cover eminent landmarks, including Parliament House, Rajpath, India Gate, Delhi Golf Club, Lodhi Road and Sansad Marg. 
--IANS
</topic_text>
<spam_score>0.00</spam_score>
<post_num>1</post_num>
<post_id>post-1</post_id>
<post_url>http://www.bignewsnetwork.com/news/247214959/delh-half-marathon-on-november-20-registrations-open</post_url>
<post_date>20160830</post_date>
<post_time>2001</post_time>
<username></username>
<post>
Delh Half Marathon on November 20, registrations open IANS   New Delhi, Aug 31 (IANS) Registrations for the 12th Airtel Delhi Half Marathon (ADHM) were declared open here on Tuesday with the organisers expecting around 34,000 running enthusiasts to participate across various events on November 20.
The total prize money for the event, which includes the Great Delhi Run (6 km), the Senior Citizen&apos;s Run (4 km), and the Champions with Disability (4 km), in addition to the feature race, will be $2,70,000, it was announced at a press conference here at a city hotel. 
&quot;As we enter into another edition of the ADHM, it is inspiring to see its growth and evolution over the last eight years. It is a blessing to have the unwavering support and encouragement of all those invested in this event,&quot; said Procam International managing director Anil Singh, the promoter of the event. 
&quot;ADHM is today undoubtedly the most anticipated sporting event in Delhi&apos;s sporting calendar and has deservedly earned its place as th e most prestigious half marathon in the world,&quot; he added. 
The entry fee for the Half Marathon is Rs 1,700, for the Great Delhi Run it is Rs 600, Senior Citizen&apos;s run is Rs 300 and Champions with Disability is Rs 250. 
The half marathon route will cover eminent landmarks, including Parliament House, Rajpath, India Gate, Delhi Golf Club, Lodhi Road and Sansad Marg. 
--IANS
</post>
<signature>

</signature>
<external_links>

</external_links>
<country>US</country>
<main_image>http://static.bignewsnetwork.com/bignewsnetwork/big-news-network-slogan.jpg</main_image>
</document>
