<?xml version="1.0" encoding="UTF-8"?>
<document>
<type>mainstream</type>
<forum></forum>
<forum_title></forum_title>
<discussion_title>HIGHLIGHTS-Tennis-Day two at the U.S. Open</discussion_title>
<language>english</language>
<gmt_offset></gmt_offset>
<topic_url>http://www.philly.com/philly/wires/reuters/sports/world/391761111.html</topic_url>
<topic_text>
HIGHLIGHTS-Tennis-Day two at the U.S. Open Updated: August 30, 2016 — 1:06 PM EDT Share 
</topic_text>
<spam_score>0.01</spam_score>
<post_num>1</post_num>
<post_id>post-1</post_id>
<post_url>http://www.philly.com/philly/wires/reuters/sports/world/391761111.html</post_url>
<post_date>20160830</post_date>
<post_time></post_time>
<username></username>
<post>
HIGHLIGHTS-Tennis-Day two at the U.S. Open Updated: August 30, 2016 — 1:06 PM EDT Share 
</post>
<signature>

</signature>
<external_links>

</external_links>
<country>US</country>
<main_image>http://media.philly.com/designimages/pcom-FB.jpg</main_image>
</document>
