<?xml version="1.0" encoding="UTF-8"?>
<document>
<type>mainstream</type>
<forum></forum>
<forum_title></forum_title>
<discussion_title>Fairgrounds, site of deadly 2015 tent collapse, to reopen</discussion_title>
<language>english</language>
<gmt_offset></gmt_offset>
<topic_url>http://www.philly.com/philly/news/nation_world/20160830_ap_5d1b0ff6e22c41ad938c2d660c0ad117.html</topic_url>
<topic_text>
Fairgrounds, site of deadly 2015 tent collapse, to reopen Updated: August 30, 2016 — 3:11 PM EDT Share Close icon The Associated Press 
LANCASTER, N.H. (AP) - An annual New Hampshire fair where two spectators were killed during a circus tent collapse last year is set to reopen this week. 
A Vermont man and his 6-year-old daughter were killed in the collapse at the Lancaster fairgrounds last summer when a storm blew through the area. Fifty other people were hurt. 
The Caledonian Record reports (http://bit.ly/2bT5cT7 ) the fair opens again on Thursday. 
Fairgrounds officials say tent inspections will be more thorough this year. They&apos;ll work with the state fire marshal&apos;s office to perform tent inspections. 
Privately owned tents will be inspected if the public is expected to enter them. A permit is mandatory for tents that expect to accommodate 50 or more people. 
The fair typically attracts thousands of people. 
___ 
Information from: The Caledonian-Record, http://www.caledonianrecord.com Published: 
</topic_text>
<spam_score>0.20</spam_score>
<post_num>1</post_num>
<post_id>post-1</post_id>
<post_url>http://www.philly.com/philly/news/nation_world/20160830_ap_5d1b0ff6e22c41ad938c2d660c0ad117.html</post_url>
<post_date>20160830</post_date>
<post_time></post_time>
<username>The Associated Press</username>
<post>
Fairgrounds, site of deadly 2015 tent collapse, to reopen Updated: August 30, 2016 — 3:11 PM EDT Share Close icon The Associated Press 
LANCASTER, N.H. (AP) - An annual New Hampshire fair where two spectators were killed during a circus tent collapse last year is set to reopen this week. 
A Vermont man and his 6-year-old daughter were killed in the collapse at the Lancaster fairgrounds last summer when a storm blew through the area. Fifty other people were hurt. 
The Caledonian Record reports (http://bit.ly/2bT5cT7 ) the fair opens again on Thursday. 
Fairgrounds officials say tent inspections will be more thorough this year. They&apos;ll work with the state fire marshal&apos;s office to perform tent inspections. 
Privately owned tents will be inspected if the public is expected to enter them. A permit is mandatory for tents that expect to accommodate 50 or more people. 
The fair typically attracts thousands of people. 
___ 
Information from: The Caledonian-Record, http://www.caledonianrecord.com Published: 
</post>
<signature>

</signature>
<external_links>

</external_links>
<country>US</country>
<main_image>http://media.philly.com/designimages/pcom-FB.jpg</main_image>
</document>
