<?xml version="1.0" encoding="UTF-8"?>
<document>
<type>mainstream</type>
<forum>http://hlmagazine.com/feed</forum>
<forum_title>Homes and Living Magazine</forum_title>
<discussion_title>Cannes Yachting Festival returns with the Best in Luxury Boating</discussion_title>
<language>english</language>
<gmt_offset></gmt_offset>
<topic_url>http://hlmagazine.com/2016/08/30/cannes-yachting-festival-returns-with-the-best-in-luxury-boating/</topic_url>
<topic_text>
  Nautical | 0 comments 
The Cannes Yachting Festival returns this September with the best in luxury boating and yachting. Now in its 39 th year, the six-day festival will transform the city of Cannes, with an expected 50,000 people set to attend. 
The Cannes Yachting Festival will be held from Tuesday 6 th to Sunday 11 th September 2016 and is internationally renowned for the spectacular vessels on show. This year, approximately 600 boats and yachts will be exhibited by the world’s most famous shipyards and brokers. 
The luxury sports car brand Porsche are also the new partner and official carrier of the 2016 festival, bringing their innovative vision and design to those looking for the very best in luxury living. 
Following the successful 2015 launch, the Cannes Yachting Festival’s Concours d’Elégance competition will also return this year and will take place in the Vieux Port alongside the VIP pontoon and the Festival’s beach area on Thursday 8 th September. 
Classic yachts and antique vessels will be judged by a panel of experts on quality of restoration, the boats history and the rarity of the model, as well as the crew and parade quality. 
This year’s yachting festival will also sees the introduction of a new area dedicated to all things luxury. La Terrasse will allow visitors to explore the best luxury brands in the world, whilst also enjoying a 180-degree view of the biggest yachts on display at Vieux Port.
</topic_text>
<spam_score>0.00</spam_score>
<post_num>1</post_num>
<post_id>post-1</post_id>
<post_url>http://hlmagazine.com/2016/08/30/cannes-yachting-festival-returns-with-the-best-in-luxury-boating/</post_url>
<post_date>20160830</post_date>
<post_time>2033</post_time>
<username>Bhavna</username>
<post>
  Nautical | 0 comments 
The Cannes Yachting Festival returns this September with the best in luxury boating and yachting. Now in its 39 th year, the six-day festival will transform the city of Cannes, with an expected 50,000 people set to attend. 
The Cannes Yachting Festival will be held from Tuesday 6 th to Sunday 11 th September 2016 and is internationally renowned for the spectacular vessels on show. This year, approximately 600 boats and yachts will be exhibited by the world’s most famous shipyards and brokers. 
The luxury sports car brand Porsche are also the new partner and official carrier of the 2016 festival, bringing their innovative vision and design to those looking for the very best in luxury living. 
Following the successful 2015 launch, the Cannes Yachting Festival’s Concours d’Elégance competition will also return this year and will take place in the Vieux Port alongside the VIP pontoon and the Festival’s beach area on Thursday 8 th September. 
Classic yachts and antique vessels will be judged by a panel of experts on quality of restoration, the boats history and the rarity of the model, as well as the crew and parade quality. 
This year’s yachting festival will also sees the introduction of a new area dedicated to all things luxury. La Terrasse will allow visitors to explore the best luxury brands in the world, whilst also enjoying a 180-degree view of the biggest yachts on display at Vieux Port.
</post>
<signature>

</signature>
<external_links>

</external_links>
<country>CA</country>
<main_image></main_image>
</document>
