<?xml version="1.0" encoding="UTF-8"?>
<document>
<type>mainstream</type>
<forum></forum>
<forum_title></forum_title>
<discussion_title>CORRECTED-UPDATE 3-Scotiabank reins in mortgage lending, stays vigilant</discussion_title>
<language>english</language>
<gmt_offset></gmt_offset>
<topic_url>http://www.philly.com/philly/wires/reuters/business/report/391769871.html</topic_url>
<topic_text>
CORRECTED-UPDATE 3-Scotiabank reins in mortgage lending, stays vigilant Updated: August 30, 2016 — 2:16 PM EDT Share Close icon Reuters 
(Corrects identity of executive named in 3rd and 5th paragraphs to James O&apos;Sullivan, group head for Canadian Banking, from James McPhedran, executive vice president, Canadian Banking) 
* Bank ceding mortgage market share -executive 
* More mortgage applications being declined -executive 
* Third-quarter earnings C$1.55 per share vs C$1.48 forecast 
By Matt Scuffham 
TORONTO, Aug 30 (Reuters) - Bank of Nova Scotia, Canada&apos;s third-biggest lender, has pulled back on mortgage lending in its domestic market, potentially insulating itself if house prices fall in Vancouver and Toronto. 
Canada&apos;s banks face heightened scrutiny of their mortgage underwriting practices as authorities try to tackle the potential threat of a housing bubble in the two cities, where prices have soared. 
&quot;We&apos;ve ceded some market share. That is very much a choice,&quot; James O&apos;Sullivan, group head for Canadian Banking, told investors after the bank reported third-quarter earnings that beat analyst estimates. 
&quot;I think we&apos;re being prudent, I think we&apos;re being vigilant in this market but we&apos;re not overly concerned. We believe we&apos;ve constructed a very solid mortgage book here,&quot; he said. 
O&apos;Sullivan said Scotiabank was turning down more mortgage applications than it had done in the past. 
&quot;We have been taking progressive actions across a number of portfolios. Those would include tightening exceptions, tightening of originations and reduced pre-approvals,&quot; he said. 
Canada&apos;s third-biggest lender earned C$1.55 per share in the quarter, up from C$1.46 a year earlier. Analysts had on average expected earnings of C$1.48 per share, according to Thomson Reuters I/B/E/S. 
The bank benefited from a decline in funds set aside to cover bad loans to energy companies, with a partial recovery in the price of oil helping borrowers pay back credit. 
Like other Canadian and U.S. lenders, Scotiabank had seen a rise in delinquent loans to energy firms due to weakness in the price of oil, which was at a 13-year low of $25 a barrel in January. But a 30 percent recovery in the price of oil during the latest quarter has alleviated some of those pressures. 
Scotiabank&apos;s provision for credit losses fell to C$571 million, a C$181 million decline from the last quarter. 
The bank&apos;s total net income rose to C$1.96 billion from C$1.85 billion previously. Its Canadian business grew its earnings by 8 percent to C$930 million during the quarter, benefiting from a 13-basis-point margin improvement. 
Its international business saw earnings increase by 9 percent to C$527 million, driven by growth in Mexico, Peru, Chile and Columbia. 
The bank announced a quarterly dividend increase of 2 cents per share to 74 cents. 
Shares in Scotiabank were up 0.9 percent in early trading. 
Rivals Royal Bank of Canada, Toronto-Dominion , Bank of Montreal and Canadian Imperial Bank of Commerce all reported results that beat market expectations last week. (Reporting by Matt Scuffham; Editing by Mark Potter and Bernadette Baum) More Coverage 
</topic_text>
<spam_score>0.16</spam_score>
<post_num>1</post_num>
<post_id>post-1</post_id>
<post_url>http://www.philly.com/philly/wires/reuters/business/report/391769871.html</post_url>
<post_date>20160830</post_date>
<post_time></post_time>
<username></username>
<post>
CORRECTED-UPDATE 3-Scotiabank reins in mortgage lending, stays vigilant Updated: August 30, 2016 — 2:16 PM EDT Share Close icon Reuters 
(Corrects identity of executive named in 3rd and 5th paragraphs to James O&apos;Sullivan, group head for Canadian Banking, from James McPhedran, executive vice president, Canadian Banking) 
* Bank ceding mortgage market share -executive 
* More mortgage applications being declined -executive 
* Third-quarter earnings C$1.55 per share vs C$1.48 forecast 
By Matt Scuffham 
TORONTO, Aug 30 (Reuters) - Bank of Nova Scotia, Canada&apos;s third-biggest lender, has pulled back on mortgage lending in its domestic market, potentially insulating itself if house prices fall in Vancouver and Toronto. 
Canada&apos;s banks face heightened scrutiny of their mortgage underwriting practices as authorities try to tackle the potential threat of a housing bubble in the two cities, where prices have soared. 
&quot;We&apos;ve ceded some market share. That is very much a choice,&quot; James O&apos;Sullivan, group head for Canadian Banking, told investors after the bank reported third-quarter earnings that beat analyst estimates. 
&quot;I think we&apos;re being prudent, I think we&apos;re being vigilant in this market but we&apos;re not overly concerned. We believe we&apos;ve constructed a very solid mortgage book here,&quot; he said. 
O&apos;Sullivan said Scotiabank was turning down more mortgage applications than it had done in the past. 
&quot;We have been taking progressive actions across a number of portfolios. Those would include tightening exceptions, tightening of originations and reduced pre-approvals,&quot; he said. 
Canada&apos;s third-biggest lender earned C$1.55 per share in the quarter, up from C$1.46 a year earlier. Analysts had on average expected earnings of C$1.48 per share, according to Thomson Reuters I/B/E/S. 
The bank benefited from a decline in funds set aside to cover bad loans to energy companies, with a partial recovery in the price of oil helping borrowers pay back credit. 
Like other Canadian and U.S. lenders, Scotiabank had seen a rise in delinquent loans to energy firms due to weakness in the price of oil, which was at a 13-year low of $25 a barrel in January. But a 30 percent recovery in the price of oil during the latest quarter has alleviated some of those pressures. 
Scotiabank&apos;s provision for credit losses fell to C$571 million, a C$181 million decline from the last quarter. 
The bank&apos;s total net income rose to C$1.96 billion from C$1.85 billion previously. Its Canadian business grew its earnings by 8 percent to C$930 million during the quarter, benefiting from a 13-basis-point margin improvement. 
Its international business saw earnings increase by 9 percent to C$527 million, driven by growth in Mexico, Peru, Chile and Columbia. 
The bank announced a quarterly dividend increase of 2 cents per share to 74 cents. 
Shares in Scotiabank were up 0.9 percent in early trading. 
Rivals Royal Bank of Canada, Toronto-Dominion , Bank of Montreal and Canadian Imperial Bank of Commerce all reported results that beat market expectations last week. (Reporting by Matt Scuffham; Editing by Mark Potter and Bernadette Baum) More Coverage 
</post>
<signature>

</signature>
<external_links>

</external_links>
<country>US</country>
<main_image>http://media.philly.com/designimages/pcom-FB.jpg</main_image>
</document>
