<?xml version="1.0" encoding="UTF-8"?>
<document>
<type>mainstream</type>
<forum>http://www.ketv.com/9675474?format=rss_2.0&amp;view=feed</forum>
<forum_title>Slideshows</forum_title>
<discussion_title>PHOTOS: Unboxing time capsule from St. Patrick Church</discussion_title>
<language>english</language>
<gmt_offset></gmt_offset>
<topic_url>http://www.ketv.com/news/photos-unboxing-time-capsule-from-st-patrick-church/41441250</topic_url>
<topic_text>
Viral Comments The views expressed are not those of this site, this station or its affiliated companies. By posting your comments you agree to accept our terms of use. KETV NewsWatch 7 offers readers the ability to comment on stories with the understanding that these comments may be reprinted elsewhere on the site or used on KETV NewsWatch 7 newscasts. We ask that you refrain from profanity, hate speech, comments that don&apos;t relate to the story and any personal remarks. THIS IS IMPORTANT: KETV NewsWatch 7 does not edit user submitted statements and we cannot promise that readers will not, at times, find offensive or inaccurate comments posted in this area. If you find a comment that is objectionable or offensive, click the flag that appears in the upper right corner when you hover over a comment. Flagged comments may be automatically hidden from comment threads. For comments to appear on the website and/or the mobile app, email addresses must be verified through Disqus. We ask the community to monitor this forum with the knowledge that KETV NewsWatch 7 does not regularly monitor these comments.
</topic_text>
<spam_score>0.00</spam_score>
<post_num>1</post_num>
<post_id>post-1</post_id>
<post_url>http://www.ketv.com/news/photos-unboxing-time-capsule-from-st-patrick-church/41441250</post_url>
<post_date>20160830</post_date>
<post_time>2338</post_time>
<username></username>
<post>
Viral Comments The views expressed are not those of this site, this station or its affiliated companies. By posting your comments you agree to accept our terms of use. KETV NewsWatch 7 offers readers the ability to comment on stories with the understanding that these comments may be reprinted elsewhere on the site or used on KETV NewsWatch 7 newscasts. We ask that you refrain from profanity, hate speech, comments that don&apos;t relate to the story and any personal remarks. THIS IS IMPORTANT: KETV NewsWatch 7 does not edit user submitted statements and we cannot promise that readers will not, at times, find offensive or inaccurate comments posted in this area. If you find a comment that is objectionable or offensive, click the flag that appears in the upper right corner when you hover over a comment. Flagged comments may be automatically hidden from comment threads. For comments to appear on the website and/or the mobile app, email addresses must be verified through Disqus. We ask the community to monitor this forum with the knowledge that KETV NewsWatch 7 does not regularly monitor these comments.
</post>
<signature>

</signature>
<external_links>

</external_links>
<country>US</country>
<main_image>http://www.ketv.com/image/view/-/41441298/highRes/1/-/maxh/630/maxw/1200/-/gwvv4hz/-/SM-2-JPG.jpg</main_image>
</document>
