<?xml version="1.0" encoding="UTF-8"?>
<document>
<type>mainstream</type>
<forum>http://www.journalgazette.net/news/rss/</forum>
<forum_title>News</forum_title>
<discussion_title>Lightning event kills 323 reindeer in Norway</discussion_title>
<language>english</language>
<gmt_offset></gmt_offset>
<topic_url>http://www.journalgazette.net/news/world/Lightning-event-kills-323-reindeer-in-Norway-14972902</topic_url>
<topic_text>
August 30, 2016 1:00 AM Lightning event kills 323 reindeer in Norway Washington Post 
The macabre images released Monday by the Norwegian Environment Agency look like something out of a wildlife zombie apocalypse movie, or the aftermath of a cervid “Game Of Thrones” battle: a treeless landscape dotted with hundreds upon hundreds of reindeer corpses. 
The 323 reindeer were killed by lightning Friday, the agency said, in a rare natural massacre that counts as the deadliest lightning strike ever recorded. It took place in a private hunting area of the Hardangervidda mountain plateau in central southern Norway, a verdant and frigid tableau of streams, rocks and glaciers that is home to one of the largest reindeer herds in Europe. 
Officials told AFP that a gamekeeper stumbled upon the eerie scene Friday and that 70 young reindeer were among the victims. Five animals had to be euthanized, said officials, who told the news service that they weren’t sure what they would do with the bodies. 
The gamekeeper told NTB, the Norwegian news agency, that samples of the carcasses were sent to a state veterinary institute, which would officially determine the cause of death. 
“We’ve never seen anything like this on this scale,” agency official Kjartan Knutsen said. “There were very strong storms in the area on Friday. The animals stay close together in bad weather and these ones were hit by lightning.” 
Death by lightning isn’t unusual, of course. According to the National Weather Service, 32 people in the United States have been unlucky enough to die that way so far this year. Guinness World Records says the “worst lightning strike disaster”occurred in 1971, when a bolt took down a commercial airplane in Peru, killing 91 people. 
Among the more well-known animal lightning strike victims is a bison who resides at Neal Smith Wildlife Refuge in Iowa. A wildlife biologist discovered the bull, bloodied and emaciated, in the summer of 2013. The reserve decided to “let nature take its course,” according to a U.S. Fish and Wildlife account – and against the odds, the bison’s tale had a happy ending. 
Nearly three years later, he seemed to be doing just fine, one large hairless patch of shoulder notwithstanding. And he had been given a fitting name: Sparky.
</topic_text>
<spam_score>0.00</spam_score>
<post_num>1</post_num>
<post_id>post-1</post_id>
<post_url>http://www.journalgazette.net/news/world/Lightning-event-kills-323-reindeer-in-Norway-14972902</post_url>
<post_date>20160830</post_date>
<post_time>0008</post_time>
<username>Washington Post</username>
<post>
August 30, 2016 1:00 AM Lightning event kills 323 reindeer in Norway Washington Post 
The macabre images released Monday by the Norwegian Environment Agency look like something out of a wildlife zombie apocalypse movie, or the aftermath of a cervid “Game Of Thrones” battle: a treeless landscape dotted with hundreds upon hundreds of reindeer corpses. 
The 323 reindeer were killed by lightning Friday, the agency said, in a rare natural massacre that counts as the deadliest lightning strike ever recorded. It took place in a private hunting area of the Hardangervidda mountain plateau in central southern Norway, a verdant and frigid tableau of streams, rocks and glaciers that is home to one of the largest reindeer herds in Europe. 
Officials told AFP that a gamekeeper stumbled upon the eerie scene Friday and that 70 young reindeer were among the victims. Five animals had to be euthanized, said officials, who told the news service that they weren’t sure what they would do with the bodies. 
The gamekeeper told NTB, the Norwegian news agency, that samples of the carcasses were sent to a state veterinary institute, which would officially determine the cause of death. 
“We’ve never seen anything like this on this scale,” agency official Kjartan Knutsen said. “There were very strong storms in the area on Friday. The animals stay close together in bad weather and these ones were hit by lightning.” 
Death by lightning isn’t unusual, of course. According to the National Weather Service, 32 people in the United States have been unlucky enough to die that way so far this year. Guinness World Records says the “worst lightning strike disaster”occurred in 1971, when a bolt took down a commercial airplane in Peru, killing 91 people. 
Among the more well-known animal lightning strike victims is a bison who resides at Neal Smith Wildlife Refuge in Iowa. A wildlife biologist discovered the bull, bloodied and emaciated, in the summer of 2013. The reserve decided to “let nature take its course,” according to a U.S. Fish and Wildlife account – and against the odds, the bison’s tale had a happy ending. 
Nearly three years later, he seemed to be doing just fine, one large hairless patch of shoulder notwithstanding. And he had been given a fitting name: Sparky.
</post>
<signature>

</signature>
<external_links>

</external_links>
<country>US</country>
<main_image></main_image>
</document>
