<?xml version="1.0" encoding="UTF-8"?>
<document>
<type>mainstream</type>
<forum></forum>
<forum_title></forum_title>
<discussion_title>Spotify&apos;s Top 10 most viral tracks</discussion_title>
<language>english</language>
<gmt_offset></gmt_offset>
<topic_url>http://www.philly.com/philly/wires/ap/news/391763231.html</topic_url>
<topic_text>
Spotify&apos;s Top 10 most viral tracks Updated: August 30, 2016 — 12:15 PM EDT Share The Associated Press The Associated Press 
The following list represents the most viral tracks on Spotify, based on the number of people who shared it divided by the number who listened to it, from Friday August 19, to Thursday August 25, via Facebook, Tumblr, Twitter and Spotify. 
UNITED STATES 
1. Toulouse, &quot;So I Know You Care&quot; (Toulouse) 
2. The Theme System, &quot;Stranger Things&quot; (The Theme System) 
3. MisterWives, &quot;Same Drugs&quot; (Republic Records) 
4. Bombon, &quot;Dame un Beso&quot; (Discos Peligrosa) 
5. Harris Cole, &quot;Game over!&quot; (Harris Cole) 
6. Dyan, &quot;Looking for Knives&quot; (DYAN) 
7. Mir Fontane, &quot;Down by the River&quot; (Mir Fontane) 
8. Whethan, &quot;Can&apos;t Hide&quot; (Whethan) 
9. Michael Bublé, &quot;Nobody But Me&quot; (Reprise Records) 
10. Sampology, &quot;Thicker Than Water&quot; (Soul Has No Tempo) 
UNITED KINGDOM 
1. David Brent, &quot;Please Don&apos;t Make Fun Of The Disableds&quot; (Juxtaposition Records) 
2. Tom Grennan, &quot;Something In the Water&quot; (Insanity Records) 
3. Joey Purp, &quot;Girls @ (feat. Chance the Rapper)&quot; (Independent) 
4. Metallica, &quot;Hardwired&quot; (Blackened Recordings) 
5. James Vincent McMorrow, &quot;Get Low&quot; (Mahogany Books) 
6. Luke Million, &quot;Stranger Things Theme&quot; (etcetc Music) 
7. David Brent, &quot;Freelove Freeway&quot; (Juxtaposition Records) 
8. David Brent, &quot;Thank F(asterisk)(asterisk)k It&apos;s Friday&quot; (Juxtaposition Records) 
9. Maxwell Young, &quot;Right Here&quot; (maxwell young &amp; theo hertzig records) 
10. David Brent, &quot;Slough&quot; (Juxtaposition Records) 
GLOBAL 
1. Toulouse, &quot;So I Know You Care&quot; (Toulouse) 
2. The Theme System, &quot;Stranger Things&quot; (The Theme System) 
3. Metallica, &quot;Hardwired&quot; (Blackened Records) 
4. Whethan, &quot;Can&apos;t Hide&quot; (Whethan) 
5. Two Feet, &quot;Go F(asterisk)(asterisk)k Yourself&quot; (Majestic Casual Records) 
6. MisterWives, &quot;Same Drugs&quot; (Republic Records) 
7. Harris Cole, &quot;Game over!&quot; (Harris Cole) 
8. Dyan, &quot;Looking for Knives&quot; (DYAN) 
9. Michael Bublé, &quot;Nobody But Me&quot; (Reprise Records) 
10. Kaiydo, &quot;Fruit Punch&quot; (Everyday Friday) 
__ 
</topic_text>
<spam_score>0.20</spam_score>
<post_num>1</post_num>
<post_id>post-1</post_id>
<post_url>http://www.philly.com/philly/wires/ap/news/391763231.html</post_url>
<post_date>20160830</post_date>
<post_time></post_time>
<username>The Associated Press</username>
<post>
Spotify&apos;s Top 10 most viral tracks Updated: August 30, 2016 — 12:15 PM EDT Share The Associated Press The Associated Press 
The following list represents the most viral tracks on Spotify, based on the number of people who shared it divided by the number who listened to it, from Friday August 19, to Thursday August 25, via Facebook, Tumblr, Twitter and Spotify. 
UNITED STATES 
1. Toulouse, &quot;So I Know You Care&quot; (Toulouse) 
2. The Theme System, &quot;Stranger Things&quot; (The Theme System) 
3. MisterWives, &quot;Same Drugs&quot; (Republic Records) 
4. Bombon, &quot;Dame un Beso&quot; (Discos Peligrosa) 
5. Harris Cole, &quot;Game over!&quot; (Harris Cole) 
6. Dyan, &quot;Looking for Knives&quot; (DYAN) 
7. Mir Fontane, &quot;Down by the River&quot; (Mir Fontane) 
8. Whethan, &quot;Can&apos;t Hide&quot; (Whethan) 
9. Michael Bublé, &quot;Nobody But Me&quot; (Reprise Records) 
10. Sampology, &quot;Thicker Than Water&quot; (Soul Has No Tempo) 
UNITED KINGDOM 
1. David Brent, &quot;Please Don&apos;t Make Fun Of The Disableds&quot; (Juxtaposition Records) 
2. Tom Grennan, &quot;Something In the Water&quot; (Insanity Records) 
3. Joey Purp, &quot;Girls @ (feat. Chance the Rapper)&quot; (Independent) 
4. Metallica, &quot;Hardwired&quot; (Blackened Recordings) 
5. James Vincent McMorrow, &quot;Get Low&quot; (Mahogany Books) 
6. Luke Million, &quot;Stranger Things Theme&quot; (etcetc Music) 
7. David Brent, &quot;Freelove Freeway&quot; (Juxtaposition Records) 
8. David Brent, &quot;Thank F(asterisk)(asterisk)k It&apos;s Friday&quot; (Juxtaposition Records) 
9. Maxwell Young, &quot;Right Here&quot; (maxwell young &amp; theo hertzig records) 
10. David Brent, &quot;Slough&quot; (Juxtaposition Records) 
GLOBAL 
1. Toulouse, &quot;So I Know You Care&quot; (Toulouse) 
2. The Theme System, &quot;Stranger Things&quot; (The Theme System) 
3. Metallica, &quot;Hardwired&quot; (Blackened Records) 
4. Whethan, &quot;Can&apos;t Hide&quot; (Whethan) 
5. Two Feet, &quot;Go F(asterisk)(asterisk)k Yourself&quot; (Majestic Casual Records) 
6. MisterWives, &quot;Same Drugs&quot; (Republic Records) 
7. Harris Cole, &quot;Game over!&quot; (Harris Cole) 
8. Dyan, &quot;Looking for Knives&quot; (DYAN) 
9. Michael Bublé, &quot;Nobody But Me&quot; (Reprise Records) 
10. Kaiydo, &quot;Fruit Punch&quot; (Everyday Friday) 
__ 
</post>
<signature>

</signature>
<external_links>

</external_links>
<country>US</country>
<main_image>http://media.philly.com/designimages/pcom-FB.jpg</main_image>
</document>
