<?xml version="1.0" encoding="UTF-8"?>
<document>
<type>mainstream</type>
<forum>https://www.prbuzz.com/health-a-fitness.html</forum>
<forum_title>Health &amp;amp; Fitness</forum_title>
<discussion_title>Distinguished Internist, Aurea R. Tomeski, MD, FACP, will be Highlighted in The Leading Physicians of the World</discussion_title>
<language>english</language>
<gmt_offset></gmt_offset>
<topic_url>https://www.prbuzz.com/health-a-fitness/387543-distinguished-internist-aurea-r-tomeski-md-facp-will-be-highlighted-in-the-leading-physicians-of-the-world.html</topic_url>
<topic_text>
Boca Raton, Florida
The International Association of HealthCare Professionals is pleased to welcome Aurea R. Tomeski, MD, FACP, Internist, to their prestigious organization with her upcoming publication in The Leading Physicians of the World. Dr. Tomeski is a highly-trained and qualified internist with expertise in all facets of her work, especially hematology-oncology. Dr. Tomeski has been in practice for over 30 years and is currently serving patients at her private practice in Boca Raton, Florida. Furthermore, she is on staff at the Boca Raton Regional Hospital.
Dr. Tomeski attended the University of Santo Tomas Faculty of Medicine and Surgery in Manila, The Philippines, where she graduated in 1961. Following three years of training at Veterans Memorial Hospital in the Philippines, Dr. Tomeski moved to the United States. She interned at Elizabeth General Hospital in Elizabeth, NJ, served her residency and her fellowship training in East Orange Veterans Administration, and additionally served a fellowship in Albany Veterans Administration Hospital.
Dr. Tomeski is certified in internal medicine by The American Board of Internal Medicine and is a Fellow of the American College of Physicians. She has maintained professional memberships and affiliations with the American Medical Women&apos;s Association and the Palm Beach County Medical Society. Dr. Tomeski believes that she owes her success to establishing a great connection to her patients. When she is not working, she dedicates her free time to photography.
Learn more about Dr. Tomeski here: http://www.brrh.com/physician_search.aspx?PhysId=dKKGjytoi3hGYD36det1PA== and read her upcoming publication in the Leading Physicians of the World.
About FindaTopDoc.com
FindaTopDoc.com is a hub for all things medicine, featuring detailed descriptions of medical professionals across all areas of expertise, and information on thousands of healthcare topics. Each month, millions of patients use FindaTopDoc to find a doctor nearby and instantly book an appointment online or create a review. FindaTopDoc.com features each doctor’s full professional biography highlighting their achievements, experience, patient reviews and areas of expertise. A leading provider of valuable health information that helps empower patient and doctor alike, FindaTopDoc enables readers to live a happier and healthier life. For more information about FindaTopDoc, visit: http://www.findatopdoc.com
</topic_text>
<spam_score>0.47</spam_score>
<post_num>1</post_num>
<post_id>post-1</post_id>
<post_url>https://www.prbuzz.com/health-a-fitness/387543-distinguished-internist-aurea-r-tomeski-md-facp-will-be-highlighted-in-the-leading-physicians-of-the-world.html</post_url>
<post_date>20160831</post_date>
<post_time></post_time>
<username>prbuzz.com</username>
<post>
Boca Raton, Florida
The International Association of HealthCare Professionals is pleased to welcome Aurea R. Tomeski, MD, FACP, Internist, to their prestigious organization with her upcoming publication in The Leading Physicians of the World. Dr. Tomeski is a highly-trained and qualified internist with expertise in all facets of her work, especially hematology-oncology. Dr. Tomeski has been in practice for over 30 years and is currently serving patients at her private practice in Boca Raton, Florida. Furthermore, she is on staff at the Boca Raton Regional Hospital.
Dr. Tomeski attended the University of Santo Tomas Faculty of Medicine and Surgery in Manila, The Philippines, where she graduated in 1961. Following three years of training at Veterans Memorial Hospital in the Philippines, Dr. Tomeski moved to the United States. She interned at Elizabeth General Hospital in Elizabeth, NJ, served her residency and her fellowship training in East Orange Veterans Administration, and additionally served a fellowship in Albany Veterans Administration Hospital.
Dr. Tomeski is certified in internal medicine by The American Board of Internal Medicine and is a Fellow of the American College of Physicians. She has maintained professional memberships and affiliations with the American Medical Women&apos;s Association and the Palm Beach County Medical Society. Dr. Tomeski believes that she owes her success to establishing a great connection to her patients. When she is not working, she dedicates her free time to photography.
Learn more about Dr. Tomeski here: http://www.brrh.com/physician_search.aspx?PhysId=dKKGjytoi3hGYD36det1PA== and read her upcoming publication in the Leading Physicians of the World.
About FindaTopDoc.com
FindaTopDoc.com is a hub for all things medicine, featuring detailed descriptions of medical professionals across all areas of expertise, and information on thousands of healthcare topics. Each month, millions of patients use FindaTopDoc to find a doctor nearby and instantly book an appointment online or create a review. FindaTopDoc.com features each doctor’s full professional biography highlighting their achievements, experience, patient reviews and areas of expertise. A leading provider of valuable health information that helps empower patient and doctor alike, FindaTopDoc enables readers to live a happier and healthier life. For more information about FindaTopDoc, visit: http://www.findatopdoc.com
</post>
<signature>

</signature>
<external_links>
<external_link>http://www.brrh.com/physician_search.aspx?PhysId=dKKGjytoi3hGYD36det1PA==</external_link>
</external_links>
<country>US</country>
<main_image></main_image>
</document>
