<?xml version="1.0" encoding="UTF-8"?>
<document>
<type>mainstream</type>
<forum>http://www.bignewsnetwork.com/index.php/nav/rss/b9f388ba82df9ba1</forum>
<forum_title>Latest Big News Network RSS Feeds</forum_title>
<discussion_title>UAE students group visit Emiratis in hospital in the US</discussion_title>
<language>english</language>
<gmt_offset></gmt_offset>
<topic_url>http://www.bignewsnetwork.com/news/247208691/uae-students-group-visit-emiratis-in-hospital-in-the-us</topic_url>
<topic_text>
The National Wednesday 31st August, 2016 DUBAI // A UAE delegation has visited a number of Emirati patients receiving treatment in the United States. The Eyal Zayed organisation, which is in the US for the Future Leaders Students Forum that kicks off on September 4 in Los Angeles, wished their compatriots in Houston, Texas, a quick recovery. Mohammed Khalifa Al Hamli, the group’s scholarships co-ordination office director and chairman of Students’ Forum Abroad, said that the UAE always provides the necessary care for its citizens, whether at home or abroad. ...
</topic_text>
<spam_score>0.00</spam_score>
<post_num>1</post_num>
<post_id>post-1</post_id>
<post_url>http://www.bignewsnetwork.com/news/247208691/uae-students-group-visit-emiratis-in-hospital-in-the-us</post_url>
<post_date>20160830</post_date>
<post_time>1651</post_time>
<username></username>
<post>
The National Wednesday 31st August, 2016 DUBAI // A UAE delegation has visited a number of Emirati patients receiving treatment in the United States. The Eyal Zayed organisation, which is in the US for the Future Leaders Students Forum that kicks off on September 4 in Los Angeles, wished their compatriots in Houston, Texas, a quick recovery. Mohammed Khalifa Al Hamli, the group’s scholarships co-ordination office director and chairman of Students’ Forum Abroad, said that the UAE always provides the necessary care for its citizens, whether at home or abroad. ...
</post>
<signature>

</signature>
<external_links>

</external_links>
<country>US</country>
<main_image>http://static.bignewsnetwork.com/bignewsnetwork/big-news-network-slogan.jpg</main_image>
</document>
