<?xml version="1.0" encoding="UTF-8"?>
<document>
<type>mainstream</type>
<forum></forum>
<forum_title></forum_title>
<discussion_title>Workers at Chile Codelco&apos;s Salvador copper mine vote on strike</discussion_title>
<language>english</language>
<gmt_offset></gmt_offset>
<topic_url>http://www.philly.com/philly/wires/reuters/business/report/391769881.html</topic_url>
<topic_text>
Workers at Chile Codelco&apos;s Salvador copper mine vote on strike Updated: August 30, 2016 — 2:17 PM EDT Share Close icon Reuters 
SANTIAGO, Aug 30 (Reuters) - Workers at Chilean state-owned miner Codelco&apos;s smallest copper mine began voting on Tuesday whether to accept a wage offer or go on strike, a potential headache for the company as it finds itself in a delicate financial position. 
Union leaders at the Salvador mine in Chile&apos;s arid north say they are opposed to the wage offer and complain that much-needed investments are being crimped because Codelco is legally required to funnel part of its revenues to the armed forces. 
&quot;Workers have to ask their conscience and evaluate whether or not they accept this proposal, but in our opinion we view this proposal negatively,&quot; Waldo Ponce, the spokesman for union 2 at Salvador, told Reuters. 
The wage proposal includes a $3,730 per worker bonus but offers no wage increase. The results of the vote are expected by Thursday. 
Nelson Pizarro, the outspoken chief executive of world no. 1 copper miner Codelco, has said that the company was in an &quot;extremely fragile&quot; position and argued that &quot;there is no money, not one damn peso&quot; to pay for an ambitious multi-billion dollar investment plan. 
As Codelco has been forced to slash spending in the wake of a steep fall in the price of copper, a heated debate has stirred to abolish the law inherited from General Augusto Pinochet&apos;s dictatorship that forces Codelco to hand over the equivalent of 10 percent of its sales to finance the military. 
&quot;Codelco finds itself in this situation now not because of the workers, or high salaries or bonuses as some say, rather it is due to bad management and the lack of investment due to the Reserved Copper law,&quot; union president Patricio Elgueta told local radio Cooperativa. (Reporting by Fabian Cambero; Writing by Anthony Esposito; Editing by Bernard Orr) Published: August 30, 2016 — 2:17 PM EDT We encourage respectful comments but reserve the right to delete anything that doesn&apos;t contribute to an engaging dialogue Help us moderate this thread by flagging comments that violate our guidelines Help us learn more about Philly.com commenters. 
</topic_text>
<spam_score>0.20</spam_score>
<post_num>1</post_num>
<post_id>post-1</post_id>
<post_url>http://www.philly.com/philly/wires/reuters/business/report/391769881.html</post_url>
<post_date>20160830</post_date>
<post_time></post_time>
<username></username>
<post>
Workers at Chile Codelco&apos;s Salvador copper mine vote on strike Updated: August 30, 2016 — 2:17 PM EDT Share Close icon Reuters 
SANTIAGO, Aug 30 (Reuters) - Workers at Chilean state-owned miner Codelco&apos;s smallest copper mine began voting on Tuesday whether to accept a wage offer or go on strike, a potential headache for the company as it finds itself in a delicate financial position. 
Union leaders at the Salvador mine in Chile&apos;s arid north say they are opposed to the wage offer and complain that much-needed investments are being crimped because Codelco is legally required to funnel part of its revenues to the armed forces. 
&quot;Workers have to ask their conscience and evaluate whether or not they accept this proposal, but in our opinion we view this proposal negatively,&quot; Waldo Ponce, the spokesman for union 2 at Salvador, told Reuters. 
The wage proposal includes a $3,730 per worker bonus but offers no wage increase. The results of the vote are expected by Thursday. 
Nelson Pizarro, the outspoken chief executive of world no. 1 copper miner Codelco, has said that the company was in an &quot;extremely fragile&quot; position and argued that &quot;there is no money, not one damn peso&quot; to pay for an ambitious multi-billion dollar investment plan. 
As Codelco has been forced to slash spending in the wake of a steep fall in the price of copper, a heated debate has stirred to abolish the law inherited from General Augusto Pinochet&apos;s dictatorship that forces Codelco to hand over the equivalent of 10 percent of its sales to finance the military. 
&quot;Codelco finds itself in this situation now not because of the workers, or high salaries or bonuses as some say, rather it is due to bad management and the lack of investment due to the Reserved Copper law,&quot; union president Patricio Elgueta told local radio Cooperativa. (Reporting by Fabian Cambero; Writing by Anthony Esposito; Editing by Bernard Orr) Published: August 30, 2016 — 2:17 PM EDT We encourage respectful comments but reserve the right to delete anything that doesn&apos;t contribute to an engaging dialogue Help us moderate this thread by flagging comments that violate our guidelines Help us learn more about Philly.com commenters. 
</post>
<signature>

</signature>
<external_links>

</external_links>
<country>US</country>
<main_image>http://media.philly.com/designimages/pcom-FB.jpg</main_image>
</document>
