<?xml version="1.0" encoding="UTF-8"?>
<document>
<type>mainstream</type>
<forum></forum>
<forum_title></forum_title>
<discussion_title>U.S. offers $3 million reward for man it gave anti-terror training</discussion_title>
<language>english</language>
<gmt_offset></gmt_offset>
<topic_url>http://www.philly.com/philly/wires/reuters/news/world/391758541.html</topic_url>
<topic_text>
U.S. offers $3 million reward for man it gave anti-terror training Updated: August 30, 2016 — 12:40 PM EDT Share 
</topic_text>
<spam_score>0.03</spam_score>
<post_num>1</post_num>
<post_id>post-1</post_id>
<post_url>http://www.philly.com/philly/wires/reuters/news/world/391758541.html</post_url>
<post_date>20160830</post_date>
<post_time></post_time>
<username>Arshad Mohammed</username>
<post>
U.S. offers $3 million reward for man it gave anti-terror training Updated: August 30, 2016 — 12:40 PM EDT Share 
</post>
<signature>

</signature>
<external_links>

</external_links>
<country>US</country>
<main_image>http://media.philly.com/designimages/pcom-FB.jpg</main_image>
</document>
