<?xml version="1.0" encoding="UTF-8"?>
<document>
<type>mainstream</type>
<forum></forum>
<forum_title></forum_title>
<discussion_title>University study finds flaws in criticism of St. Jude cyber security</discussion_title>
<language>english</language>
<gmt_offset></gmt_offset>
<topic_url>http://www.philly.com/philly/wires/reuters/business/technology/391773901.html</topic_url>
<topic_text>
University study finds flaws in criticism of St. Jude cyber security Updated: August 30, 2016 — 2:41 PM EDT Share Reuters 
By Ransdell Pierson 
(Reuters) - University of Michigan researchers on Tuesday said their own experiments undermine recent allegations of security flaws in St. Jude Medical Inc&apos;s pacemakers and other implantable medical devices. 
Shares of St. Jude fell 5 percent on Thursday after short-selling firm Muddy Waters and its business partner, cyber security company MedSec Holdings Inc, alleged finding significant security bugs in the company&apos;s Merlin@home device for monitoring implanted heart devices. They said the flaws could potentially enable others to remotely speed up the heart devices or drain their power. 
The university said its researchers came &quot;to strikingly different conclusions&quot; after generating the conditions reported by Muddy Waters and not finding a security issue. 
The team consisted of several leading medical device security researchers and a cardiologist from the university, it said in a release. 
Muddy Waters founder Carson Block had shorted St. Jude shares after MedSec recently approached him with results of research it had conducted into the company&apos;s medical device security, he said. In an unusual deal, Block said he hired the cyber security firm as a consultant and agreed to pay it a licensing fee for the research and a percentage of any profits from the investment. 
The University of Michigan&apos;s team reproduced error messages, or signs of a problem, which Muddy Waters cited as evidence of a successful &quot;crash attack&quot; into a home-monitored implantable heart device. But the messages are the same set of errors that display if the device is not properly plugged in, the university said. 
&quot;We&apos;re not saying the (Muddy Waters) report is false; we&apos;re saying it&apos;s inconclusive because the evidence does not support their conclusions,&quot; said Kevin Fu, University of Michigan associate professor of computer science and engineering and director of the Archimedes Center for Medical Device Security. 
St. Jude has called the Muddy Waters report &quot;false and misleading,&quot; saying most of the observations applied to older versions of its Merlin@home devices that had not been patched with security upgrades. 
Officials at Muddy Waters could not immediately be reached for comment on Tuesday. 
(Reporting by Ransdell Pierson; Editing by Frances Kerry) More Coverage 
</topic_text>
<spam_score>0.10</spam_score>
<post_num>1</post_num>
<post_id>post-1</post_id>
<post_url>http://www.philly.com/philly/wires/reuters/business/technology/391773901.html</post_url>
<post_date>20160830</post_date>
<post_time></post_time>
<username>Ransdell Pierson</username>
<post>
University study finds flaws in criticism of St. Jude cyber security Updated: August 30, 2016 — 2:41 PM EDT Share Reuters 
By Ransdell Pierson 
(Reuters) - University of Michigan researchers on Tuesday said their own experiments undermine recent allegations of security flaws in St. Jude Medical Inc&apos;s pacemakers and other implantable medical devices. 
Shares of St. Jude fell 5 percent on Thursday after short-selling firm Muddy Waters and its business partner, cyber security company MedSec Holdings Inc, alleged finding significant security bugs in the company&apos;s Merlin@home device for monitoring implanted heart devices. They said the flaws could potentially enable others to remotely speed up the heart devices or drain their power. 
The university said its researchers came &quot;to strikingly different conclusions&quot; after generating the conditions reported by Muddy Waters and not finding a security issue. 
The team consisted of several leading medical device security researchers and a cardiologist from the university, it said in a release. 
Muddy Waters founder Carson Block had shorted St. Jude shares after MedSec recently approached him with results of research it had conducted into the company&apos;s medical device security, he said. In an unusual deal, Block said he hired the cyber security firm as a consultant and agreed to pay it a licensing fee for the research and a percentage of any profits from the investment. 
The University of Michigan&apos;s team reproduced error messages, or signs of a problem, which Muddy Waters cited as evidence of a successful &quot;crash attack&quot; into a home-monitored implantable heart device. But the messages are the same set of errors that display if the device is not properly plugged in, the university said. 
&quot;We&apos;re not saying the (Muddy Waters) report is false; we&apos;re saying it&apos;s inconclusive because the evidence does not support their conclusions,&quot; said Kevin Fu, University of Michigan associate professor of computer science and engineering and director of the Archimedes Center for Medical Device Security. 
St. Jude has called the Muddy Waters report &quot;false and misleading,&quot; saying most of the observations applied to older versions of its Merlin@home devices that had not been patched with security upgrades. 
Officials at Muddy Waters could not immediately be reached for comment on Tuesday. 
(Reporting by Ransdell Pierson; Editing by Frances Kerry) More Coverage 
</post>
<signature>

</signature>
<external_links>

</external_links>
<country>US</country>
<main_image>http://media.philly.com/images/2016-08-30T184121Z_1_LYNXNPEC7T1GO_RTROPTP_3_ST-JUDE-MEDICAL-M-A-ABBOTT.JPG</main_image>
</document>
