<?xml version="1.0" encoding="UTF-8"?>
<document>
<type>mainstream</type>
<forum></forum>
<forum_title></forum_title>
<discussion_title>Stacy Weitz Joins Sony Pictures TV in PR Post</discussion_title>
<language>english</language>
<gmt_offset></gmt_offset>
<topic_url>http://www.philly.com/philly/wires/reuters/entertainment/391761131.html</topic_url>
<topic_text>
Stacy Weitz Joins Sony Pictures TV in PR Post Updated: August 30, 2016 — 1:00 PM EDT Share Variety Media, LLC 
By Variety Staff 
LOS ANGELES (Variety.com) - PR veteran Stacy Weitz has joined Sony Pictures Television as VP of communications. 
Weitz will focus on Sony TV&apos;s production and distribution activity in Latin America and Asia, as well as internal communications for the TV division. She&apos;ll report to Sony TV&apos;s exec VP of communications Paula Askanas. 
&quot;Stacy is an entertainment communications veteran with a track record of proven success, great insight, and very solid industry connections,&quot; Askanas said. &quot;She is both gracious and driven, the mark of a great PR person, and will be a terrific addition to our team.&quot; 
Weitz joins Sony TV after most recently spending four years at PMK-BNC, where she rose to senior VP of corporate communications for the Interpublic Group-owned PR giant. Before that she spent three years at United Talent Agency. Weitz previously held PR posts at Bender/Helper Impact and Jane Ayer PR. Published: August 30, 2016 — 1:00 PM EDT We encourage respectful comments but reserve the right to delete anything that doesn&apos;t contribute to an engaging dialogue Help us moderate this thread by flagging comments that violate our guidelines Help us learn more about Philly.com commenters. Click here to take this quick survey. Comment policy: 
Philly.com comments are intended to be civil, friendly conversations. Please treat other participants with respect and in a way that you would want to be treated. You are responsible for what you say. And please, stay on topic. If you see an objectionable post, please report it to us using the &quot;Report Abuse&quot; option. 
Please note that comments are monitored by Philly.com staff. We reserve the right at all times to remove any information or materials that are unlawful, threatening, abusive, libelous, defamatory, obscene, vulgar, pornographic, profane, indecent or otherwise objectionable. Personal attacks, especially on other participants, are not permitted. We reserve the right to permanently block any user who violates these terms and conditions. 
Additionally comments that are long, have multiple paragraph breaks, include code, or include hyperlinks may not be posted. 
</topic_text>
<spam_score>0.81</spam_score>
<post_num>1</post_num>
<post_id>post-1</post_id>
<post_url>http://www.philly.com/philly/wires/reuters/entertainment/391761131.html</post_url>
<post_date>20160830</post_date>
<post_time></post_time>
<username>Variety Staff</username>
<post>
Stacy Weitz Joins Sony Pictures TV in PR Post Updated: August 30, 2016 — 1:00 PM EDT Share Variety Media, LLC 
By Variety Staff 
LOS ANGELES (Variety.com) - PR veteran Stacy Weitz has joined Sony Pictures Television as VP of communications. 
Weitz will focus on Sony TV&apos;s production and distribution activity in Latin America and Asia, as well as internal communications for the TV division. She&apos;ll report to Sony TV&apos;s exec VP of communications Paula Askanas. 
&quot;Stacy is an entertainment communications veteran with a track record of proven success, great insight, and very solid industry connections,&quot; Askanas said. &quot;She is both gracious and driven, the mark of a great PR person, and will be a terrific addition to our team.&quot; 
Weitz joins Sony TV after most recently spending four years at PMK-BNC, where she rose to senior VP of corporate communications for the Interpublic Group-owned PR giant. Before that she spent three years at United Talent Agency. Weitz previously held PR posts at Bender/Helper Impact and Jane Ayer PR. Published: August 30, 2016 — 1:00 PM EDT We encourage respectful comments but reserve the right to delete anything that doesn&apos;t contribute to an engaging dialogue Help us moderate this thread by flagging comments that violate our guidelines Help us learn more about Philly.com commenters. Click here to take this quick survey. Comment policy: 
Philly.com comments are intended to be civil, friendly conversations. Please treat other participants with respect and in a way that you would want to be treated. You are responsible for what you say. And please, stay on topic. If you see an objectionable post, please report it to us using the &quot;Report Abuse&quot; option. 
Please note that comments are monitored by Philly.com staff. We reserve the right at all times to remove any information or materials that are unlawful, threatening, abusive, libelous, defamatory, obscene, vulgar, pornographic, profane, indecent or otherwise objectionable. Personal attacks, especially on other participants, are not permitted. We reserve the right to permanently block any user who violates these terms and conditions. 
Additionally comments that are long, have multiple paragraph breaks, include code, or include hyperlinks may not be posted. 
</post>
<signature>

</signature>
<external_links>

</external_links>
<country>US</country>
<main_image>http://media.philly.com/designimages/pcom-FB.jpg</main_image>
</document>
