<?xml version="1.0" encoding="UTF-8"?>
<document>
<type>mainstream</type>
<forum>http://rssfeeds.thv11.com/_/20/109858520/kthv/local</forum>
<forum_title>KTHV - Local</forum_title>
<discussion_title>Bank of America awards $91,000 to LR...</discussion_title>
<language>english</language>
<gmt_offset></gmt_offset>
<topic_url>http://rssfeeds.thv11.com/_/20/109858520/kthv/http&amp;#x3a;&amp;#x2f;&amp;#x2f;www&amp;#x2e;thv11&amp;#x2e;com&amp;#x2f;news&amp;#x2f;local&amp;#x2f;bank-of-america-awards-91000-to-lr-nonprofits&amp;#x2f;311363516</topic_url>
<topic_text>
Bank of America awards $91,000 to LR nonprofits KTHV Digital , KTHV 4:53   CONNECT TWEET LINKEDIN GOOGLE+ PINTEREST 
LITTLE ROCK, Ark. (KTHV) -- Bank of America announced $91,000 in grants to be disputed to five Little Rock nonprofits. 
The selected nonprofits are working to increase access to affordable housing and to support neighborhood revitalization throughout the city. Securing stable housing continues to be a challenge, as 18% of city resident live below the poverty line according to the U.S. Census Bureau. 
“Community development initiatives and revitalization efforts help strengthen Little Rock as a place where people want to live, work and do business and leads to sustainable economic growth,” said Donnie Cook, Little Rock Market President, Bank of America. “We’re honored to partner with leading nonprofit organizations like Little Rock Chamber Foundation and Habitat for Humanity that are addressing tough challenges in affordable housing and community development to help build a thriving community.” 
Among the nonprofits receiving grants is Habitat for Humanity, which will use the funding for neighborhood revitalization in the Baring Cross neighborhood in North Little Rock. 
“In partnership with Bank of America and through our Neighborhood Revitalization program, we’ll rejuvenate our community through a variety of projects including substantial rehabilitation of homes in the neighborhood,” said Andrea Newton, Neighborhood Revitalization Coordinator, Habitat for Humanity of Central Arkansas. 
Other organizations receiving grants include: Little Rock Chamber Foundation, Our House, The Arkansas Symphony Orchestra Society and Arkansas Arts Center Foundation.
</topic_text>
<spam_score>0.00</spam_score>
<post_num>1</post_num>
<post_id>post-1</post_id>
<post_url>http://rssfeeds.thv11.com/_/20/109858520/kthv/http&amp;#x3a;&amp;#x2f;&amp;#x2f;www&amp;#x2e;thv11&amp;#x2e;com&amp;#x2f;news&amp;#x2f;local&amp;#x2f;bank-of-america-awards-91000-to-lr-nonprofits&amp;#x2f;311363516</post_url>
<post_date>20160830</post_date>
<post_time>2053</post_time>
<username></username>
<post>
Bank of America awards $91,000 to LR nonprofits KTHV Digital , KTHV 4:53   CONNECT TWEET LINKEDIN GOOGLE+ PINTEREST 
LITTLE ROCK, Ark. (KTHV) -- Bank of America announced $91,000 in grants to be disputed to five Little Rock nonprofits. 
The selected nonprofits are working to increase access to affordable housing and to support neighborhood revitalization throughout the city. Securing stable housing continues to be a challenge, as 18% of city resident live below the poverty line according to the U.S. Census Bureau. 
“Community development initiatives and revitalization efforts help strengthen Little Rock as a place where people want to live, work and do business and leads to sustainable economic growth,” said Donnie Cook, Little Rock Market President, Bank of America. “We’re honored to partner with leading nonprofit organizations like Little Rock Chamber Foundation and Habitat for Humanity that are addressing tough challenges in affordable housing and community development to help build a thriving community.” 
Among the nonprofits receiving grants is Habitat for Humanity, which will use the funding for neighborhood revitalization in the Baring Cross neighborhood in North Little Rock. 
“In partnership with Bank of America and through our Neighborhood Revitalization program, we’ll rejuvenate our community through a variety of projects including substantial rehabilitation of homes in the neighborhood,” said Andrea Newton, Neighborhood Revitalization Coordinator, Habitat for Humanity of Central Arkansas. 
Other organizations receiving grants include: Little Rock Chamber Foundation, Our House, The Arkansas Symphony Orchestra Society and Arkansas Arts Center Foundation.
</post>
<signature>

</signature>
<external_links>

</external_links>
<country>US</country>
<main_image>http://content.tegna-media.com/photo/2016/06/24/636022813351793406-2-bank-of-america-22_3404137_ver1.0_640_360.jpg</main_image>
</document>
