<?xml version="1.0" encoding="UTF-8"?>
<document>
<type>mainstream</type>
<forum></forum>
<forum_title></forum_title>
<discussion_title>very bad customer service. we were just taking to Angelie and she is not good at dealing with customer at all | Mobilicity Review</discussion_title>
<language>english</language>
<gmt_offset></gmt_offset>
<topic_url>http://www.cellphones.ca/reviews/133659/</topic_url>
<topic_text>
GIMENO 29 Aug 2016 17:15 very bad customer service. we were just taking to Angelie and she is not good at dealing with customer at all 1 / 10 
</topic_text>
<spam_score>0.06</spam_score>
<post_num>1</post_num>
<post_id>post-1</post_id>
<post_url>http://www.cellphones.ca/reviews/133659/</post_url>
<post_date>20160829</post_date>
<post_time></post_time>
<username></username>
<post>
GIMENO 29 Aug 2016 17:15 very bad customer service. we were just taking to Angelie and she is not good at dealing with customer at all 1 / 10 
</post>
<signature>

</signature>
<external_links>

</external_links>
<country>CA</country>
<main_image>http://image.cellphones.ca/images/logos/featured/mobilicity_logo.png</main_image>
</document>
