<?xml version="1.0" encoding="UTF-8"?>
<document>
<type>mainstream</type>
<forum>http://www.cbs8.com/category/48535/new-products-services</forum>
<forum_title>New Products &amp;amp; Services - CBS News 8 - San Diego, CA News Station - KFMB Channel 8</forum_title>
<discussion_title>Post Consumer Brands&apos; Honey Bunches of Oats® Launches New THIS. IS. EVERYTHING.™ Campaign Steeped in Pop Culture</discussion_title>
<language>english</language>
<gmt_offset></gmt_offset>
<topic_url>http://www.cbs8.com/story/32864934/post-consumer-brands-honey-bunches-of-oats-launches-new-this-is-everything-campaign-steeped-in-pop-culture</topic_url>
<topic_text>
 Post Consumer Brands
Integrated Marketing Campaign Leverages Social Memes and Infuses Pop Culture References to Showcase Honey Bunches of Oats® is the Ultimate Cereal Experience
LAKEVILLE, Minn. , Aug. 29, 2016 /PRNewswire/ -- Honey Bunches of Oats is launching a new 360-degree marketing campaign to encourage fans to rethink the classic cereal, which has two varieties – Honey Roasted and Almond – among the top 10 favorite cereals in America. The new &quot;THIS. IS. EVERYTHING. ™ &quot; campaign celebrates the multiplicity of the product, from the crispy flakes to the crunchy granola oat clusters and the sweet touch of honey, while emphasizing a bowl of Honey Bunches of Oats is greater than the sum of its parts. Multiple touchpoints are being utilized to bring the fully integrated campaign to life in order to engage consumers in person, online, offline and on multiple screens. Across all marketing levers, the work interweaves memes from social media and pop culture references to tell the brand story and allow consumers to play with and make the content their own.
Experience the interactive Multimedia News Release here: http://www.multivu.com/players/English/7906751-honey-bunches-of-oats/
The campaign kicks off with new commercial spots hitting airwaves in August. Two versions of the commercial were created specifically to engage both General and Hispanic audiences. The English-language spots mash-up iconic images with current pop culture memes to relay the timelessness and multi-sensorial experience of the cereal. The Spanish-language spots maintain the style and tone of these ads, but use images centered on cultural nostalgia and family. The ads will air across A+E Networks, Disney, NBCUniversal, Scripps Network Interactive, Turner, Viacom, and Univision Network, amongst others, in both :15 and :30 spots.
&quot;By design, a bowl of Honey Bunches of Oats is never one, but rather multiple tastes and textures that combine for the ultimate taste experience. So when we started down the journey of creating a new campaign, we wanted to celebrate the fact that our cereal is not just one thing – it&apos;s EVERYTHING. We decided to play on the popularity of the phrase &apos;This Is Everything&apos; to showcase our uniqueness in a fun and playful way,&quot; said Ann Stockman , Senior Brand Manager, Honey Bunches of Oats. &quot;With this campaign, we wanted to unify our message among our consumers. &quot;ESTO. ES. TODO. ™ &quot; the Hispanic version of the campaign running in Spanish-language media, is a culturally-relevant interpretation of our message that we hope will resonate positively with all members of our fan base.&quot;
In addition to the TV spots, the campaign will come to life in digital through an experience which allows fans to star in their own &quot;THIS. IS. EVERYTHING. ™ &quot; video. Fans will be encouraged to visit www.honeybunchesthisiseverything.com and personalize the new ad with photos of themselves and their families. By creating and sharing their unique video, consumers will automatically be entered into the &quot;Starring You!&quot; sweepstakes. One winner will be randomly selected to win $10,000 . The sweepstakes launches today, August 29, 2016 , and ends October 31, 2016 .
&quot;The Starring You digital sweepstakes was the perfect overlay to show our fans how they mean EVERYTHING to us, by allowing them to become a part of the commercial. We think it&apos;s engaging, shareable, and most importantly, a memorable way to involve our fans in the campaign,&quot; said Julie Hewitt , Integrated Marketing Communications Manager, Honey Bunches of Oats.
In addition to television and the digital and social elements, some of the multiple touchpoints that will bring the fully integrated campaign to life include a sampling tour, retailer events, media partnerships, including &quot;Jane the Virgin&quot; in CW primetime, and Screenvision Media (cinema) ads. &quot;Through all our marketing levers, we&apos;re promoting a synergistic campaign, so our fans will experience the &quot;THIS. IS. EVERYTHING. ™ &quot; message at every step of their journey,&quot; said Hewitt. Snapchat users will even experience the &quot;THIS. IS. EVERYTHING. ™ &quot; campaign via the social platform&apos;s newly launched Snap Ads Between Friends platform.
For more Honey Bunches of Oats information, please visit www.honeybunchesofoats.com or connect with us on Facebook at www.facebook.com/honeybunchesofoats , or on Instagram and Twitter by following @HBOats .
About Post Consumer Brands
Post Consumer Brands is a business unit of Post Holdings, Inc., formed from the combination of Post Foods and MOM Brands in May 2015 . Headquartered in Lakeville, Minn. , Post Consumer Brands today is the third largest cereal company in the United States , with a broad portfolio spanning all segments of the category - from iconic household name brands and value ready-to-eat cereals to natural/organic and hot cereal varieties. As a company committed to high standards of quality and to our values, we are driven by one idea: To make better happen every day. For more information about our brands, visit www.postfoods.com and www.mombrands.com .
 releases/post-consumer-brands-honey-bunches-of-oats-launches-new-this-is-everything-campaign-steeped-in-pop-culture-300319502.html
 
</topic_text>
<spam_score>0.00</spam_score>
<post_num>1</post_num>
<post_id>post-1</post_id>
<post_url>http://www.cbs8.com/story/32864934/post-consumer-brands-honey-bunches-of-oats-launches-new-this-is-everything-campaign-steeped-in-pop-culture</post_url>
<post_date>20160829</post_date>
<post_time></post_time>
<username>cbs8</username>
<post>
 Post Consumer Brands
Integrated Marketing Campaign Leverages Social Memes and Infuses Pop Culture References to Showcase Honey Bunches of Oats® is the Ultimate Cereal Experience
LAKEVILLE, Minn. , Aug. 29, 2016 /PRNewswire/ -- Honey Bunches of Oats is launching a new 360-degree marketing campaign to encourage fans to rethink the classic cereal, which has two varieties – Honey Roasted and Almond – among the top 10 favorite cereals in America. The new &quot;THIS. IS. EVERYTHING. ™ &quot; campaign celebrates the multiplicity of the product, from the crispy flakes to the crunchy granola oat clusters and the sweet touch of honey, while emphasizing a bowl of Honey Bunches of Oats is greater than the sum of its parts. Multiple touchpoints are being utilized to bring the fully integrated campaign to life in order to engage consumers in person, online, offline and on multiple screens. Across all marketing levers, the work interweaves memes from social media and pop culture references to tell the brand story and allow consumers to play with and make the content their own.
Experience the interactive Multimedia News Release here: http://www.multivu.com/players/English/7906751-honey-bunches-of-oats/
The campaign kicks off with new commercial spots hitting airwaves in August. Two versions of the commercial were created specifically to engage both General and Hispanic audiences. The English-language spots mash-up iconic images with current pop culture memes to relay the timelessness and multi-sensorial experience of the cereal. The Spanish-language spots maintain the style and tone of these ads, but use images centered on cultural nostalgia and family. The ads will air across A+E Networks, Disney, NBCUniversal, Scripps Network Interactive, Turner, Viacom, and Univision Network, amongst others, in both :15 and :30 spots.
&quot;By design, a bowl of Honey Bunches of Oats is never one, but rather multiple tastes and textures that combine for the ultimate taste experience. So when we started down the journey of creating a new campaign, we wanted to celebrate the fact that our cereal is not just one thing – it&apos;s EVERYTHING. We decided to play on the popularity of the phrase &apos;This Is Everything&apos; to showcase our uniqueness in a fun and playful way,&quot; said Ann Stockman , Senior Brand Manager, Honey Bunches of Oats. &quot;With this campaign, we wanted to unify our message among our consumers. &quot;ESTO. ES. TODO. ™ &quot; the Hispanic version of the campaign running in Spanish-language media, is a culturally-relevant interpretation of our message that we hope will resonate positively with all members of our fan base.&quot;
In addition to the TV spots, the campaign will come to life in digital through an experience which allows fans to star in their own &quot;THIS. IS. EVERYTHING. ™ &quot; video. Fans will be encouraged to visit www.honeybunchesthisiseverything.com and personalize the new ad with photos of themselves and their families. By creating and sharing their unique video, consumers will automatically be entered into the &quot;Starring You!&quot; sweepstakes. One winner will be randomly selected to win $10,000 . The sweepstakes launches today, August 29, 2016 , and ends October 31, 2016 .
&quot;The Starring You digital sweepstakes was the perfect overlay to show our fans how they mean EVERYTHING to us, by allowing them to become a part of the commercial. We think it&apos;s engaging, shareable, and most importantly, a memorable way to involve our fans in the campaign,&quot; said Julie Hewitt , Integrated Marketing Communications Manager, Honey Bunches of Oats.
In addition to television and the digital and social elements, some of the multiple touchpoints that will bring the fully integrated campaign to life include a sampling tour, retailer events, media partnerships, including &quot;Jane the Virgin&quot; in CW primetime, and Screenvision Media (cinema) ads. &quot;Through all our marketing levers, we&apos;re promoting a synergistic campaign, so our fans will experience the &quot;THIS. IS. EVERYTHING. ™ &quot; message at every step of their journey,&quot; said Hewitt. Snapchat users will even experience the &quot;THIS. IS. EVERYTHING. ™ &quot; campaign via the social platform&apos;s newly launched Snap Ads Between Friends platform.
For more Honey Bunches of Oats information, please visit www.honeybunchesofoats.com or connect with us on Facebook at www.facebook.com/honeybunchesofoats , or on Instagram and Twitter by following @HBOats .
About Post Consumer Brands
Post Consumer Brands is a business unit of Post Holdings, Inc., formed from the combination of Post Foods and MOM Brands in May 2015 . Headquartered in Lakeville, Minn. , Post Consumer Brands today is the third largest cereal company in the United States , with a broad portfolio spanning all segments of the category - from iconic household name brands and value ready-to-eat cereals to natural/organic and hot cereal varieties. As a company committed to high standards of quality and to our values, we are driven by one idea: To make better happen every day. For more information about our brands, visit www.postfoods.com and www.mombrands.com .
 releases/post-consumer-brands-honey-bunches-of-oats-launches-new-this-is-everything-campaign-steeped-in-pop-culture-300319502.html
 
</post>
<signature>

</signature>
<external_links>
<external_link>http://www.xmlnews.org/ns/</external_link><external_link>http://www.multivu.com/players/English/7906751-honey-bunches-of-oats/video/honey-bunches-of-oats%e2%80%99-new-spanish-language-commercial-%e2%80%9cesto-es-todo-tm%e2%80%9d-6.jpg</external_link><external_link>https://www.facebook.com/HoneyBunchesLatino/</external_link><external_link>http://www.multivu.com/players/English/7906751-honey-bunches-of-oats/image/a-bowl-of-honey-bunches-of-oats-isn%e2%80%99t-just-one-thing-it%e2%80%99s-everything-16-HR.jpg</external_link><external_link>http://www.mombrands.com/</external_link><external_link>http://prnewswire2-a.akamaihd.net/p/1893751/sp/189375100/serveFlavor/entryId/0_wun26iy0/flavorId/0_jbtd6sxk/prn_folder/MNR/prn_id/MVP/prn_flavor/Source/prn_filename/7906751_HM_30_VPST0257000H_FF_HighRes_0824.mp4&amp;skin=http://stream1.newswire.ca/FlexPlayer/jwplayer/skin/en.xml&amp;autostart=false&amp;poster=http://www.multivu.com/players/English/7906751-honey-bunches-of-oats/video/honey-bunches-of-oats%e2%80%99-new-spanish-language-commercial-%e2%80%9cesto-es-todo-tm%e2%80%9d-6.jpg</external_link><external_link>http://www.multivu.com/players/English/7906751-honey-bunches-of-oats/image/honey-bunches-of-oats-varieties-15-HR.jpg</external_link><external_link>http://instagram.com/hboats</external_link><external_link>http://www.prnewswire.com/news-releases/post-consumer-brands-honey-bunches-of-oats-launches-new-this-is-everything-campaign-steeped-in-pop-culture-300319502.html</external_link><external_link>http://www.honeybunchesthisiseverything.com/</external_link><external_link>http://www.postfoods.com/</external_link><external_link>http://www.multivu.com/players/English/7906751-honey-bunches-of-oats/</external_link><external_link>http://www.multivu.com/players/English/7906751-honey-bunches-of-oats/video/honey-bunches-of-oats%e2%80%99-new-commercial-%e2%80%9cthis-is-everything-tm%e2%80%9d-5.jpg</external_link><external_link>http://rt.prnewswire.com/rt.gif?NewsItemId=MM74968&amp;Transmission_Id=201608291552PR_NEWS_USPR_____MM74968&amp;DateId=20160829</external_link><external_link>http://www.honeybunchesofoats.com/</external_link><external_link>https://stream1.newswire.ca/static/StrobeMediaPlayback.swf</external_link><external_link>http://prnewswire2-a.akamaihd.net/p/1893751/sp/189375100/serveFlavor/entryId/0_j3t3kywf/flavorId/0_elp7tgym/prn_folder/MNR/prn_id/MVP/prn_flavor/Source/prn_filename/7906751_GM_30_VPST0255000H_Ver3_FF_HighRes_0824.mp4&amp;skin=http://stream1.newswire.ca/FlexPlayer/jwplayer/skin/en.xml&amp;autostart=false&amp;poster=http://www.multivu.com/players/English/7906751-honey-bunches-of-oats/video/honey-bunches-of-oats%e2%80%99-new-commercial-%e2%80%9cthis-is-everything-tm%e2%80%9d-5.jpg</external_link>
</external_links>
<country>US</country>
<main_image></main_image>
</document>
