<?xml version="1.0" encoding="UTF-8"?>
<document>
<type>mainstream</type>
<forum>http://www.journaldemontreal.com//rss.xml</forum>
<forum_title>Accueil</forum_title>
<discussion_title>Greg Sutton voulait redonner à son sport</discussion_title>
<language>french</language>
<gmt_offset></gmt_offset>
<topic_url>http://www.journaldemontreal.com/2016/08/30/greg-sutton-voulait-redonner-a-son-sport</topic_url>
<topic_text>
Greg Sutton voulait redonner à son sport L’ex-gardien de l’Impact, Greg Sutton, se plaît à la barre des Stingers de Concordia Autres Photo ben pelosse Greg Sutton, retraité depuis 2012, est heureux de pouvoir continuer à s’investir dans un sport qui lui a beaucoup apporté. Mardi, 30 août 2016 19:07 MISE à JOUR Mardi, 30 août 2016 19:07 Coup d&apos;oeil sur cet article 
Greg Sutton est peut-être retraité depuis la fin de la saison 2012, il reste quand même très impliqué dans le monde du soccer puisqu’il dirige la formation masculine de l’Université Concordia. 
L’ancien gardien de l’Impact en est à sa troisième saison à la barre des Stingers dont il avait également été entraîneur adjoint avant de prendre sa retraite. 
C’est parce qu’il peut aider des jeunes hommes à avancer dans la vie que Sutton aime son poste. 
«Ils ont probablement eu beaucoup de succès sur le terrain quand ils étaient adolescents et n’ont pas eu à faire certaines choses parce qu’ils étaient meilleurs que les autres. 
«On les amène ici et la dynamique est différente. Les choses ne vont devenir plus faciles dans la vie et on essaie de leur faire comprendre ça.» 
Sutton veut donc apprendre un ou deux trucs sur la vie à ses protégés en plus de les faire progresser sur le terrain. 
Lors de l’entraînement de l’équipe, mardi matin, Sutton est intervenu auprès de ses joueurs. 
Lors d’un match simulé, l’une des deux équipes venait d’encaisser un but et les joueurs ont commencéà se pointer du doigt. 
«On leur enseigne à travailler ensemble. Si un gars ne fait d’effort, c’est injuste pour les autres.» 
Redonner 
Il y a aussi une envie chez Sutton de s’investir dans un sport qui lui a beaucoup apporté. 
«J’ai toujours eu l’impression que je devais redonner quelque chose au sport en guise de gratitude.» 
De plus, son expérience peut être mise à profit. 
«Je sais ce que ça prend pour passer à la prochaine étape et je sais quelles seront les exigences pour y parvenir.» 
En tant qu’ancien gardien, Sutton croit qu’il a eu la chance d’apprendre le jeu sous toutes ses coutures. 
«J’ai le meilleur des deux mondes en tant qu’ancien gardien. Sur le plan défensif, je comprends le rôle des joueurs devant moi. 
«Offensivement, je comprends les tendances et les mouvements des attaquants parce que tout se déroule devant moins.» 
Et puisqu’il est analyste pour TSN, il se sert également de cette expérience avec son équipe. 
Potentiel 
Greg Sutton ne le cache pas, il aimerait bien voir un de ses protégés passer chez les professionnels. 
«Il y a des jeunes qui ont le potentiel de jouer dans les rangs professionnels. Nous sommes réalistes avec eux, mais nous voulons leur faire comprendre qu’il y a cette opportunité. 
«Pensons à Wandrille Lefèvre qui est passé par l’Université de Montréal et qui joue avec l’Impact maintenant.»
</topic_text>
<spam_score>0.00</spam_score>
<post_num>1</post_num>
<post_id>post-1</post_id>
<post_url>http://www.journaldemontreal.com/2016/08/30/greg-sutton-voulait-redonner-a-son-sport</post_url>
<post_date>20160830</post_date>
<post_time>2307</post_time>
<username></username>
<post>
Greg Sutton voulait redonner à son sport L’ex-gardien de l’Impact, Greg Sutton, se plaît à la barre des Stingers de Concordia Autres Photo ben pelosse Greg Sutton, retraité depuis 2012, est heureux de pouvoir continuer à s’investir dans un sport qui lui a beaucoup apporté. Mardi, 30 août 2016 19:07 MISE à JOUR Mardi, 30 août 2016 19:07 Coup d&apos;oeil sur cet article 
Greg Sutton est peut-être retraité depuis la fin de la saison 2012, il reste quand même très impliqué dans le monde du soccer puisqu’il dirige la formation masculine de l’Université Concordia. 
L’ancien gardien de l’Impact en est à sa troisième saison à la barre des Stingers dont il avait également été entraîneur adjoint avant de prendre sa retraite. 
C’est parce qu’il peut aider des jeunes hommes à avancer dans la vie que Sutton aime son poste. 
«Ils ont probablement eu beaucoup de succès sur le terrain quand ils étaient adolescents et n’ont pas eu à faire certaines choses parce qu’ils étaient meilleurs que les autres. 
«On les amène ici et la dynamique est différente. Les choses ne vont devenir plus faciles dans la vie et on essaie de leur faire comprendre ça.» 
Sutton veut donc apprendre un ou deux trucs sur la vie à ses protégés en plus de les faire progresser sur le terrain. 
Lors de l’entraînement de l’équipe, mardi matin, Sutton est intervenu auprès de ses joueurs. 
Lors d’un match simulé, l’une des deux équipes venait d’encaisser un but et les joueurs ont commencéà se pointer du doigt. 
«On leur enseigne à travailler ensemble. Si un gars ne fait d’effort, c’est injuste pour les autres.» 
Redonner 
Il y a aussi une envie chez Sutton de s’investir dans un sport qui lui a beaucoup apporté. 
«J’ai toujours eu l’impression que je devais redonner quelque chose au sport en guise de gratitude.» 
De plus, son expérience peut être mise à profit. 
«Je sais ce que ça prend pour passer à la prochaine étape et je sais quelles seront les exigences pour y parvenir.» 
En tant qu’ancien gardien, Sutton croit qu’il a eu la chance d’apprendre le jeu sous toutes ses coutures. 
«J’ai le meilleur des deux mondes en tant qu’ancien gardien. Sur le plan défensif, je comprends le rôle des joueurs devant moi. 
«Offensivement, je comprends les tendances et les mouvements des attaquants parce que tout se déroule devant moins.» 
Et puisqu’il est analyste pour TSN, il se sert également de cette expérience avec son équipe. 
Potentiel 
Greg Sutton ne le cache pas, il aimerait bien voir un de ses protégés passer chez les professionnels. 
«Il y a des jeunes qui ont le potentiel de jouer dans les rangs professionnels. Nous sommes réalistes avec eux, mais nous voulons leur faire comprendre qu’il y a cette opportunité. 
«Pensons à Wandrille Lefèvre qui est passé par l’Université de Montréal et qui joue avec l’Impact maintenant.»
</post>
<signature>

</signature>
<external_links>

</external_links>
<country>US</country>
<main_image>http://storage.journaldemontreal.com/v1/dynamic_resize/sws_path/jdx-prod-images/f272a9c5-23cb-44a3-91a1-681786968db2_JDX-2x1_WEB.jpg?quality=80&amp;size=1200x&amp;version=1</main_image>
</document>
