<?xml version="1.0" encoding="UTF-8"?>
<document>
<type>mainstream</type>
<forum>http://www.journaldemontreal.com//rss.xml</forum>
<forum_title>Accueil</forum_title>
<discussion_title>De l’action à TVA Sports</discussion_title>
<language>french</language>
<gmt_offset></gmt_offset>
<topic_url>http://www.journaldemontreal.com/2016/08/30/de-laction-a-tva-sports</topic_url>
<topic_text>
De l’action à TVA Sports La chaîne se dote aussi d’une nouvelle image Autres Photo Agence QMI, Sébastien St-Jean Louis Jean, Félix Séguin et Patrick Lalime seront de retour à l’antenne. 
Agence QMI Mardi, 30 août 2016 19:50 MISE à JOUR Mardi, 30 août 2016 19:50 Coup d&apos;oeil sur cet article 
Dévoilant sa programmation et une nouvelle image de marque, la chaîne TVA Sports compte miser sur deux points: l’action et l’émotion. 
En effet, à l’occasion de son cinquième anniversaire, la chaîne sportive se donne pour mission d’amener les téléspectateurs au cœur des plus grands rendez-vous sportifs. 
La saison démarrera d&apos;ailleurs en force avec la présentation de la tant attendue Coupe du monde de hockey 2016. Tous les meilleurs joueurs de la planète ont rendez-vous à Toronto en septembre. 
Un total de 29 matchs seront présentés pendant la Coupe du monde et ça commence dès le 8 septembre alors que Zdeno Chara et l’équipe d’Europe affronteront Jonathan Drouin et l’équipe des moins de 23 ans de l’Amérique du Nord, au Centre Vidéotron de Québec. 
À propos de la nouvelle image de marque de TVA Sports, elle est «une façon d’amener l’amateur au cœur des événements sportifs, de lui faire toucher à l’essentiel, au vrai», a-t-on précisé, par voie de communiqué. 
Des émotions 
«Au-delà des résultats et du pointage, le sport est riche en histoires, en émotions et c’est ce que nos équipes vous feront vivre à travers toute notre programmation! Ça va commencer en grand avec la présentation de la Coupe du monde de hockey», a ainsi souligné Serge Fortin, vice-président de la chaîne TVA Sports. 
Aussi, la programmation sera chargée tout au long de l&apos;année. L’Impact de Montréal entamera la dernière étape de son calendrier régulier et ses matchs seront diffusés en direct jusqu’à la fin octobre. Diffuseur officiel des Blue Jays de Toronto, TVA Sports présentera la course aux séries en septembre et en octobre, ainsi que la série de division. 
Également, il sera possible de suivre les meilleurs joueurs de hockey junior avec la présentation des matchs de la LHJMQ, de la Coupe du Président et de la Coupe Memorial. Le football occupera également une grande place sur les ondes de la chaîne cet automne, puisque la saison du football universitaire québécois reprendra l’antenne dès samedi. Pour l’occasion, le Rouge et Or de l’Université Laval affrontera les Carabins de l’Université de Montréal. 
Encore plus de sports 
Le football de la NFL sera également de retour avec les matchs du jeudi soir et le programme triple de l’Action de grâce. Les amateurs de boxe seront servis, car TVA Sports offrira un accès privilégié aux meilleurs combats du Québec grâce à ses partenariats avec GYM et Eye of the Tiger Management. 
De plus, les amateurs de tennis auront plusieurs grands rendez-vous à mettre à leur agenda avec la présentation de 27 tournois de la WTA en 2017. Dès la mi-septembre, les téléspectateurs pourront suivre Eugenie Bouchard à la Coupe Banque Nationale et regarder les talents canadiens à la Coupe Davis. Enfin, les 9 et 11 septembre, les amateurs de cyclisme seront servis avec les deux courses des Grands Prix cyclistes de Québec et Montréal. RECOMMANDÉ POUR VOUS À DÉCOUVRIR SUR LE WEB Les plus populaires
</topic_text>
<spam_score>0.00</spam_score>
<post_num>1</post_num>
<post_id>post-1</post_id>
<post_url>http://www.journaldemontreal.com/2016/08/30/de-laction-a-tva-sports</post_url>
<post_date>20160830</post_date>
<post_time>2350</post_time>
<username></username>
<post>
De l’action à TVA Sports La chaîne se dote aussi d’une nouvelle image Autres Photo Agence QMI, Sébastien St-Jean Louis Jean, Félix Séguin et Patrick Lalime seront de retour à l’antenne. 
Agence QMI Mardi, 30 août 2016 19:50 MISE à JOUR Mardi, 30 août 2016 19:50 Coup d&apos;oeil sur cet article 
Dévoilant sa programmation et une nouvelle image de marque, la chaîne TVA Sports compte miser sur deux points: l’action et l’émotion. 
En effet, à l’occasion de son cinquième anniversaire, la chaîne sportive se donne pour mission d’amener les téléspectateurs au cœur des plus grands rendez-vous sportifs. 
La saison démarrera d&apos;ailleurs en force avec la présentation de la tant attendue Coupe du monde de hockey 2016. Tous les meilleurs joueurs de la planète ont rendez-vous à Toronto en septembre. 
Un total de 29 matchs seront présentés pendant la Coupe du monde et ça commence dès le 8 septembre alors que Zdeno Chara et l’équipe d’Europe affronteront Jonathan Drouin et l’équipe des moins de 23 ans de l’Amérique du Nord, au Centre Vidéotron de Québec. 
À propos de la nouvelle image de marque de TVA Sports, elle est «une façon d’amener l’amateur au cœur des événements sportifs, de lui faire toucher à l’essentiel, au vrai», a-t-on précisé, par voie de communiqué. 
Des émotions 
«Au-delà des résultats et du pointage, le sport est riche en histoires, en émotions et c’est ce que nos équipes vous feront vivre à travers toute notre programmation! Ça va commencer en grand avec la présentation de la Coupe du monde de hockey», a ainsi souligné Serge Fortin, vice-président de la chaîne TVA Sports. 
Aussi, la programmation sera chargée tout au long de l&apos;année. L’Impact de Montréal entamera la dernière étape de son calendrier régulier et ses matchs seront diffusés en direct jusqu’à la fin octobre. Diffuseur officiel des Blue Jays de Toronto, TVA Sports présentera la course aux séries en septembre et en octobre, ainsi que la série de division. 
Également, il sera possible de suivre les meilleurs joueurs de hockey junior avec la présentation des matchs de la LHJMQ, de la Coupe du Président et de la Coupe Memorial. Le football occupera également une grande place sur les ondes de la chaîne cet automne, puisque la saison du football universitaire québécois reprendra l’antenne dès samedi. Pour l’occasion, le Rouge et Or de l’Université Laval affrontera les Carabins de l’Université de Montréal. 
Encore plus de sports 
Le football de la NFL sera également de retour avec les matchs du jeudi soir et le programme triple de l’Action de grâce. Les amateurs de boxe seront servis, car TVA Sports offrira un accès privilégié aux meilleurs combats du Québec grâce à ses partenariats avec GYM et Eye of the Tiger Management. 
De plus, les amateurs de tennis auront plusieurs grands rendez-vous à mettre à leur agenda avec la présentation de 27 tournois de la WTA en 2017. Dès la mi-septembre, les téléspectateurs pourront suivre Eugenie Bouchard à la Coupe Banque Nationale et regarder les talents canadiens à la Coupe Davis. Enfin, les 9 et 11 septembre, les amateurs de cyclisme seront servis avec les deux courses des Grands Prix cyclistes de Québec et Montréal. RECOMMANDÉ POUR VOUS À DÉCOUVRIR SUR LE WEB Les plus populaires
</post>
<signature>

</signature>
<external_links>

</external_links>
<country>US</country>
<main_image>http://storage.journaldemontreal.com/v1/dynamic_resize/sws_path/jdx-prod-images/058dc28e-7f78-4ea2-b384-d0da3a45a73c_JDX-2x1_WEB.jpg?quality=80&amp;size=1200x&amp;version=1</main_image>
</document>
