<?xml version="1.0" encoding="UTF-8"?>
<document>
<type>mainstream</type>
<forum>http://rzeszowiak.pl//rss/Praca-Zatrudnie.xml</forum>
<forum_title>Praca www.rzeszowiak.pl</forum_title>
<discussion_title>Praca w Firmie Sprzątającej KINO ...</discussion_title>
<language>polish</language>
<gmt_offset></gmt_offset>
<topic_url>http://www.rzeszowiak.pl/profesjonalna-firma-sprzatajaca-dekor-clean-zatrudni-do-pracypraca-8328712</topic_url>
<topic_text>
Profesjonalna firma sprzątająca DEKOR CLEAN zatrudni do pracy.Praca w kinie na nocną zmianę 23-7Umowa o pracę. Szukamy osób odpowiedzialnych i rzetelnych.Każdą chętną osobę zapraszamy na rozmowę do siedziby firmy.Po wcześniejszym kontakcie telefonicznym. MPK 5,9,12,29,59Przystanek :Urząd Skarbowy Siemieńskiego
</topic_text>
<spam_score>0.00</spam_score>
<post_num>1</post_num>
<post_id>post-1</post_id>
<post_url>http://www.rzeszowiak.pl/profesjonalna-firma-sprzatajaca-dekor-clean-zatrudni-do-pracypraca-8328712</post_url>
<post_date>20160830</post_date>
<post_time>0651</post_time>
<username>Praca w Firmie Sprzątającej KINO</username>
<post>
Profesjonalna firma sprzątająca DEKOR CLEAN zatrudni do pracy.Praca w kinie na nocną zmianę 23-7Umowa o pracę. Szukamy osób odpowiedzialnych i rzetelnych.Każdą chętną osobę zapraszamy na rozmowę do siedziby firmy.Po wcześniejszym kontakcie telefonicznym. MPK 5,9,12,29,59Przystanek :Urząd Skarbowy Siemieńskiego
</post>
<signature>

</signature>
<external_links>

</external_links>
<country>PL</country>
<main_image></main_image>
</document>
