<?xml version="1.0" encoding="UTF-8"?>
<document>
<type>mainstream</type>
<forum>http://rss.nocutnews.co.kr/NocutLocal.xml</forum>
<forum_title>노컷 뉴스 - 지역</forum_title>
<discussion_title>전주푸드 개선점 많다…홍보미숙·서비스 개선 지적</discussion_title>
<language>korean</language>
<gmt_offset></gmt_offset>
<topic_url>http://www.nocutnews.co.kr/news/4647766</topic_url>
<topic_text>
전주푸드 개선점 많다…홍보미숙·서비스 개선 지적 2016-08-31 08:35 전주시가 시민들의 건강한 먹거리 확보와 지역소비 촉진을 위해 &apos;전주푸드&apos;를 도입, 운영하고 있다.소비자와 생산자를 직접 연결해 신선하고 믿을 수 있는 식자재를 값싸게 공급해주는 긍정적인 면도 있지만 개선점도 많다.전주푸드는 완주군의 로컬푸드를 모델로 농민과 소비자간의 직거래를 통한 건강한 먹거리 확보를 위해 지금까지 효자동점 등 3곳에 직매장이 있다.직매장 3곳의 월평균 매출은 3억원 가량이며, 올 연말에는 20억원을 넘어설 것으로 기대하고 있다. 매출의 90%는 농가에게 환원된다.하지만 면밀한 검토없이 사업을 진행하다 보니 여러 가지 문제점을 드러내고 있다.전주 효자점을 제외하고는 매장의 위치가 어딘지 대부분의 시민들은 모르고 있다.특히 종합경기장 직매장의 경우 철거가 예정돼 있는 종합경기장내에 위치해 있어 위치선정에서부터 잘못돼 있다는 지적이 나오고 있다.송천점의 경우도 홍보가 제대로 돼 있지 않기는 마찬가지다.전주시는 앞으로 연 매출규모를 2천억원까지 늘려 나갈 계획이지만 그 어디에도 전통시장이나 중소형매장들과의 상생발전을 위한 대안은 찾아 볼수 없다.아직은 품목도 적고 매장 직원들의 일처리가 미숙한 데다, 대시민 서비스도 부족하다는 지적을 받고 있다.완주 로컬푸드가 성공할 수 있었던 것은 지역 특산품을 차별화해 판매하고 마을공동체 중심의 사회적 일자리 발굴을 위해 지속적으로 노력해 왔기 때문이니다.푸드 매장을 제대로 관리하지 않고 전략 없이 매장만 확대할 경우 당초 취지가 무색해짐은 물론 , 전주푸드 이미지 또한 나빠질 수 있다.
</topic_text>
<spam_score>0.00</spam_score>
<post_num>1</post_num>
<post_id>post-1</post_id>
<post_url>http://www.nocutnews.co.kr/news/4647766</post_url>
<post_date>20160830</post_date>
<post_time>2335</post_time>
<username></username>
<post>
전주푸드 개선점 많다…홍보미숙·서비스 개선 지적 2016-08-31 08:35 전주시가 시민들의 건강한 먹거리 확보와 지역소비 촉진을 위해 &apos;전주푸드&apos;를 도입, 운영하고 있다.소비자와 생산자를 직접 연결해 신선하고 믿을 수 있는 식자재를 값싸게 공급해주는 긍정적인 면도 있지만 개선점도 많다.전주푸드는 완주군의 로컬푸드를 모델로 농민과 소비자간의 직거래를 통한 건강한 먹거리 확보를 위해 지금까지 효자동점 등 3곳에 직매장이 있다.직매장 3곳의 월평균 매출은 3억원 가량이며, 올 연말에는 20억원을 넘어설 것으로 기대하고 있다. 매출의 90%는 농가에게 환원된다.하지만 면밀한 검토없이 사업을 진행하다 보니 여러 가지 문제점을 드러내고 있다.전주 효자점을 제외하고는 매장의 위치가 어딘지 대부분의 시민들은 모르고 있다.특히 종합경기장 직매장의 경우 철거가 예정돼 있는 종합경기장내에 위치해 있어 위치선정에서부터 잘못돼 있다는 지적이 나오고 있다.송천점의 경우도 홍보가 제대로 돼 있지 않기는 마찬가지다.전주시는 앞으로 연 매출규모를 2천억원까지 늘려 나갈 계획이지만 그 어디에도 전통시장이나 중소형매장들과의 상생발전을 위한 대안은 찾아 볼수 없다.아직은 품목도 적고 매장 직원들의 일처리가 미숙한 데다, 대시민 서비스도 부족하다는 지적을 받고 있다.완주 로컬푸드가 성공할 수 있었던 것은 지역 특산품을 차별화해 판매하고 마을공동체 중심의 사회적 일자리 발굴을 위해 지속적으로 노력해 왔기 때문이니다.푸드 매장을 제대로 관리하지 않고 전략 없이 매장만 확대할 경우 당초 취지가 무색해짐은 물론 , 전주푸드 이미지 또한 나빠질 수 있다.
</post>
<signature>

</signature>
<external_links>

</external_links>
<country>KR</country>
<main_image></main_image>
</document>
