<?xml version="1.0" encoding="UTF-8"?>
<document>
<type>mainstream</type>
<forum></forum>
<forum_title></forum_title>
<discussion_title>Entonces ¿Cuál es la causa de la misteriosa señal extraterrestre que desconcierta a morir a los científicos?</discussion_title>
<language>spanish</language>
<gmt_offset></gmt_offset>
<topic_url>http://frentefantasma.org/oficial/entonces-cual-es-la-causa-de-la-misteriosa-senal-extraterrestre-que-desconcierta-a-morir-a-los-cientificos/</topic_url>
<topic_text>
You are at: Home » Misterios » Entonces ¿Cuál es la causa de la misteriosa señal extraterrestre que desconcierta a morir a los científicos? Entonces ¿Cuál es la causa de la misteriosa señal extraterrestre que desconcierta a morir a los científicos? Misterios La señal procedente de la zona en donde se encuentra la estrella HD 164595 se observó en parte del espectro de radio que utilizan los militares. Nick Suntzeff, astrónomo de la Universidad de Texas A&amp;M (Estados Unidos), ha nombrado el posible origen de la potente señal extraterrestre procedente de la zona en donde se encuentra la estrella HD 164595 —un astro similar a nuestro Sol ubicado en la constelación de Hércules—, que tiene desconcertados a los científicos, informa el portal Ars Technica . ¿Que? ¿Una Llamada extraterrestre? La señal de una estrella como el Sol desconcierta a morir a los científicos https://t.co/M2Pno7eHgP 
— FrenteFantasma (@FrenteFantasma) August 30, 2016 Suntzeff indica que esa emisión, detectada el 15 de mayo del año pasado por el radiotelescopio ruso RATAN-600, ubicado en Zelenchúkskaya (Karacháyevo–Cherkesia, Cáucaso Norte ruso), tiene una longitud de onda de 2,7 centímetros, que corresponde a una frecuencia aproximada de 11 gigahertzios, por lo que pudo tener un origen terrestre. Concretamente, afirma que pueden tratarse de transmisiones militares , ya que la señal se observó en una parte del espectro de radio que emplean. HD 164595 se encuentra a 95 años luz de la Tierra y tiene una edad estimada de 6.300 millones de años. La mayoría de los científicos sugieren que el probable el origen de esta emisión sea fruto de un fenómeno natural conocido como ‘microlente’ , en el que la gravedad de una estrella se incrementa y envía señales de otra procedencia. Fte: rt.com 
</topic_text>
<spam_score>0.20</spam_score>
<post_num>1</post_num>
<post_id>post-1</post_id>
<post_url>http://frentefantasma.org/oficial/entonces-cual-es-la-causa-de-la-misteriosa-senal-extraterrestre-que-desconcierta-a-morir-a-los-cientificos/</post_url>
<post_date>20160830</post_date>
<post_time></post_time>
<username></username>
<post>
You are at: Home » Misterios » Entonces ¿Cuál es la causa de la misteriosa señal extraterrestre que desconcierta a morir a los científicos? Entonces ¿Cuál es la causa de la misteriosa señal extraterrestre que desconcierta a morir a los científicos? Misterios La señal procedente de la zona en donde se encuentra la estrella HD 164595 se observó en parte del espectro de radio que utilizan los militares. Nick Suntzeff, astrónomo de la Universidad de Texas A&amp;M (Estados Unidos), ha nombrado el posible origen de la potente señal extraterrestre procedente de la zona en donde se encuentra la estrella HD 164595 —un astro similar a nuestro Sol ubicado en la constelación de Hércules—, que tiene desconcertados a los científicos, informa el portal Ars Technica . ¿Que? ¿Una Llamada extraterrestre? La señal de una estrella como el Sol desconcierta a morir a los científicos https://t.co/M2Pno7eHgP 
— FrenteFantasma (@FrenteFantasma) August 30, 2016 Suntzeff indica que esa emisión, detectada el 15 de mayo del año pasado por el radiotelescopio ruso RATAN-600, ubicado en Zelenchúkskaya (Karacháyevo–Cherkesia, Cáucaso Norte ruso), tiene una longitud de onda de 2,7 centímetros, que corresponde a una frecuencia aproximada de 11 gigahertzios, por lo que pudo tener un origen terrestre. Concretamente, afirma que pueden tratarse de transmisiones militares , ya que la señal se observó en una parte del espectro de radio que emplean. HD 164595 se encuentra a 95 años luz de la Tierra y tiene una edad estimada de 6.300 millones de años. La mayoría de los científicos sugieren que el probable el origen de esta emisión sea fruto de un fenómeno natural conocido como ‘microlente’ , en el que la gravedad de una estrella se incrementa y envía señales de otra procedencia. Fte: rt.com 
</post>
<signature>

</signature>
<external_links>

</external_links>
<country>US</country>
<main_image></main_image>
</document>
