<?xml version="1.0" encoding="UTF-8"?>
<document>
<type>mainstream</type>
<forum></forum>
<forum_title></forum_title>
<discussion_title>G1 - Impeachment no Senado: discurso final de Armando Monteiro (PTB-PE) - notícias em Processo de Impeachment de Dilma</discussion_title>
<language>portuguese</language>
<gmt_offset></gmt_offset>
<topic_url>http://g1.globo.com/politica/processo-de-impeachment-de-dilma/noticia/2016/08/impeachment-no-senado-discurso-final-de-armando-monteiro-ptb-pe.html</topic_url>
<topic_text>

30/08/2016 21h44 - Atualizado em 30/08/2016 21h44 Impeachment no Senado: discurso final de Armando Monteiro (PTB-PE) Julgamento de Dilma Rousseff chega ao quinto dia.Após fala de senadores, acontece votação final. Do G1, em São Paulo 
O senador Armando Monteiro (PTB-PE) afirmou que Dilma foi presidente legitimamente eleita e que &quot;não podem restar incertezas e dúvidas sobre as interpretações jurídicas que moldam este processo&quot;. &quot;A denúncia está indisfarçavelmente embalada por motivações de natureza política&quot;, disse. “Não tenho dúvida de que a crise política afetou de forma grave o desempenho da economia e agravou o quadro recessivo”, afirmou. Segundo ele, porém, houve superávit primário no primeiro quadriênio do governo Dilma. 
</topic_text>
<spam_score>0.44</spam_score>
<post_num>1</post_num>
<post_id>post-1</post_id>
<post_url>http://g1.globo.com/politica/processo-de-impeachment-de-dilma/noticia/2016/08/impeachment-no-senado-discurso-final-de-armando-monteiro-ptb-pe.html</post_url>
<post_date>20160830</post_date>
<post_time></post_time>
<username>Do</username>
<post>

30/08/2016 21h44 - Atualizado em 30/08/2016 21h44 Impeachment no Senado: discurso final de Armando Monteiro (PTB-PE) Julgamento de Dilma Rousseff chega ao quinto dia.Após fala de senadores, acontece votação final. Do G1, em São Paulo 
O senador Armando Monteiro (PTB-PE) afirmou que Dilma foi presidente legitimamente eleita e que &quot;não podem restar incertezas e dúvidas sobre as interpretações jurídicas que moldam este processo&quot;. &quot;A denúncia está indisfarçavelmente embalada por motivações de natureza política&quot;, disse. “Não tenho dúvida de que a crise política afetou de forma grave o desempenho da economia e agravou o quadro recessivo”, afirmou. Segundo ele, porém, houve superávit primário no primeiro quadriênio do governo Dilma. 
</post>
<signature>

</signature>
<external_links>

</external_links>
<country>BR</country>
<main_image>http://s.glbimg.com/jo/g1/static/live/imagens/img_facebook.png</main_image>
</document>
