<?xml version="1.0" encoding="UTF-8"?>
<document>
<type>mainstream</type>
<forum>http://www.journaldemontreal.com//rss.xml</forum>
<forum_title>Accueil</forum_title>
<discussion_title>Des heures d&apos;attente aux douanes de l’aéroport Pierre-Elliott-Trudeau</discussion_title>
<language>french</language>
<gmt_offset></gmt_offset>
<topic_url>http://www.journaldemontreal.com/2016/08/30/des-heures-dattentes-aux-douanes-de-laeroport-pierre-elliott-trudeau</topic_url>
<topic_text>
Des heures d&apos;attente aux douanes de l’aéroport Pierre-Elliott-Trudeau Autres Photo: Jordan Dupuis / journaldemontreal.com Des voyageurs ont dû attendre plusieurs heures pour passer les douanes à leur arrivée à l&apos;aéroport Pierre-Elliot-Trudeau, mardi après-midi à Montréal. Mardi, 30 août 2016 19:46 MISE à JOUR Mardi, 30 août 2016 20:15 Coup d&apos;oeil sur cet article 
Hall bondé, des files qui s’étirent jusqu’aux portes de débarquement, bornes automatisées défectueuses et guichets vides: plusieurs usagers se sont tournés vers les médias sociaux pour déplorer l’attente anormalement élevée aux douanes de l’aéroport Pierre-Elliott-Trudeau ces derniers jours. 
Selon une usagère, à peine une douzaine de guichets étaient ouverts dimanche après-midi pour accueillir la marée de voyageurs qui s’entassaient dans le hall des douanes canadiennes. Aéroport Trudeau, Montréal un dimanche apres-midi - 12 guérites ouvertes, un millier de personnes... pic.twitter.com/r72mqBF92I — Stephanie Belanger (@SAHBelanger) 28 août 2016 
Certains voyageurs rapportent avoir attendu plus de deux heures avant de pouvoir franchir les douanes. Des délais qui pouvaient être encore plus longs pour les voyageurs étrangers. 
Lundi soir, le président de la firme de sondages Léger, Jean-Marc Léger, a déploré le manque d’organisation de l’aéroport. Attente de 2hrs au douane de l&apos;aéroport de Montréal. Toujours aussi désorganisée. Cela ressemble au tiers-monde. pic.twitter.com/51qaHOBHgy — Jean-Marc Leger (@JeanMarcLeger1) 29 août 2016 
«Cela ressemble au tiers-monde», fulmine-t-il. 
Mardi en fin d’après-midi, des employés de l’aéroport distribuaient des bouteilles d’eau aux voyageurs pour alléger leur supplice. 

Un dur retour de vacances 
Leurs bureaux étant fermés pour la soirée, l&apos;Agence des services frontaliers du Canada (ASFC) n&apos;était pas en mesure de nous indiquer précisément la cause de ces retards pour le moment, mais le fort achalandage en raison du retour des vacances pourrait être en cause. 
Plus de détails devraient suivre demain. Une photo publiée par LeDugger (@ledugger) le 29 Août 2016 à 13h21 PDT
</topic_text>
<spam_score>0.00</spam_score>
<post_num>1</post_num>
<post_id>post-1</post_id>
<post_url>http://www.journaldemontreal.com/2016/08/30/des-heures-dattentes-aux-douanes-de-laeroport-pierre-elliott-trudeau</post_url>
<post_date>20160831</post_date>
<post_time>0015</post_time>
<username></username>
<post>
Des heures d&apos;attente aux douanes de l’aéroport Pierre-Elliott-Trudeau Autres Photo: Jordan Dupuis / journaldemontreal.com Des voyageurs ont dû attendre plusieurs heures pour passer les douanes à leur arrivée à l&apos;aéroport Pierre-Elliot-Trudeau, mardi après-midi à Montréal. Mardi, 30 août 2016 19:46 MISE à JOUR Mardi, 30 août 2016 20:15 Coup d&apos;oeil sur cet article 
Hall bondé, des files qui s’étirent jusqu’aux portes de débarquement, bornes automatisées défectueuses et guichets vides: plusieurs usagers se sont tournés vers les médias sociaux pour déplorer l’attente anormalement élevée aux douanes de l’aéroport Pierre-Elliott-Trudeau ces derniers jours. 
Selon une usagère, à peine une douzaine de guichets étaient ouverts dimanche après-midi pour accueillir la marée de voyageurs qui s’entassaient dans le hall des douanes canadiennes. Aéroport Trudeau, Montréal un dimanche apres-midi - 12 guérites ouvertes, un millier de personnes... pic.twitter.com/r72mqBF92I — Stephanie Belanger (@SAHBelanger) 28 août 2016 
Certains voyageurs rapportent avoir attendu plus de deux heures avant de pouvoir franchir les douanes. Des délais qui pouvaient être encore plus longs pour les voyageurs étrangers. 
Lundi soir, le président de la firme de sondages Léger, Jean-Marc Léger, a déploré le manque d’organisation de l’aéroport. Attente de 2hrs au douane de l&apos;aéroport de Montréal. Toujours aussi désorganisée. Cela ressemble au tiers-monde. pic.twitter.com/51qaHOBHgy — Jean-Marc Leger (@JeanMarcLeger1) 29 août 2016 
«Cela ressemble au tiers-monde», fulmine-t-il. 
Mardi en fin d’après-midi, des employés de l’aéroport distribuaient des bouteilles d’eau aux voyageurs pour alléger leur supplice. 

Un dur retour de vacances 
Leurs bureaux étant fermés pour la soirée, l&apos;Agence des services frontaliers du Canada (ASFC) n&apos;était pas en mesure de nous indiquer précisément la cause de ces retards pour le moment, mais le fort achalandage en raison du retour des vacances pourrait être en cause. 
Plus de détails devraient suivre demain. Une photo publiée par LeDugger (@ledugger) le 29 Août 2016 à 13h21 PDT
</post>
<signature>

</signature>
<external_links>

</external_links>
<country>US</country>
<main_image>http://storage.journaldemontreal.com/v1/dynamic_resize/sws_path/jdx-prod-images/5d16cda1-828c-49c1-8cc6-4317389b49fd_JDX-2x1_WEB.jpg?quality=80&amp;size=1200x&amp;version=1</main_image>
</document>
