<?xml version="1.0" encoding="UTF-8"?>
<document>
<type>mainstream</type>
<forum></forum>
<forum_title></forum_title>
<discussion_title>Will my Nokia 215 under warranty be replaced when USB charging is not working?</discussion_title>
<language>english</language>
<gmt_offset></gmt_offset>
<topic_url>http://www.cellphones.ca/answers/nokia-215-under-warranty-purchased-in-july-2016-usb-charging-not-working-3131/</topic_url>
<topic_text>
27 Aug 2016 08:17 Will my Nokia 215 under warranty be replaced when USB charging is not working? 
Dear sir, last month (july 2016) i bought Nokia 2015 for my parents, now they complained that the USB charging not working. I checked with charger it is working. So seems some problem in Handset. Will i get replaced the handset or will it be repaired. (as mentioned in box Replacement Warranty). 
</topic_text>
<spam_score>0.11</spam_score>
<post_num>1</post_num>
<post_id>post-1</post_id>
<post_url>http://www.cellphones.ca/answers/nokia-215-under-warranty-purchased-in-july-2016-usb-charging-not-working-3131/</post_url>
<post_date>20160827</post_date>
<post_time></post_time>
<username></username>
<post>
27 Aug 2016 08:17 Will my Nokia 215 under warranty be replaced when USB charging is not working? 
Dear sir, last month (july 2016) i bought Nokia 2015 for my parents, now they complained that the USB charging not working. I checked with charger it is working. So seems some problem in Handset. Will i get replaced the handset or will it be repaired. (as mentioned in box Replacement Warranty). 
</post>
<signature>

</signature>
<external_links>

</external_links>
<country>CA</country>
<main_image>http://www.cellphones.ca/images/css/home/img_gallery_12.jpg</main_image>
</document>
