<?xml version="1.0" encoding="UTF-8"?>
<document>
<type>mainstream</type>
<forum>http://feeds.feedburner.com/augusta/latestnews</forum>
<forum_title>Latest News</forum_title>
<discussion_title>Commissioners refer recreation master plan to full commission</discussion_title>
<language>english</language>
<gmt_offset></gmt_offset>
<topic_url>http://chronicle.augusta.com/node/627006</topic_url>
<topic_text>
Follow Government 
An Augusta committee sent a $75 million recreation master plan to the full commission Tuesday without a recommendation after several commissioners had questions about the plan. 
Recreation Director Glenn Parker said the 274-page document was “a great representation of where this agency needs to be headed in the next five years,” that was steered by the public’s response to a survey. 
Scott Williams of Cranston Engineering Group, lead engineer on the plan, said it took the public’s emphasis on maintaining what the city has to heart in compiling an extensive inventory on existing parks and recreation facilities, which it used to generate cost estimates to improve them. 
The plan, which cost the city $250,000 in sales tax 6 funds, details Cranston’s estimates to bring each park to “good” condition. Abandoned Blount Park on Allen Street, for instance, would cost $612,377 to upgrade its baseball field, basketball court, tennis court and community center. The plan also suggests Blount and five other parks as targets for “decommissioning” due to low usage, poor conditions and other factors. 
Commissioner Ben Hasan said Augusta had a long habit of paying for plans “then putting them on a shelf,” and asked Parker where the city should start if the plan is adopted. 
“Start with what the people said they wanted,” Parker said. 
Those items include small neighborhood parks, walking and hiking trails, adult and senior fitness and wellness programs, swimming and special events, he continued. 
While voters approved about $17 million in sales tax 7 funds for recreation last November, more of the work “can be implemented on an annual basis from the operating budget,” Parker said. 
Commissioner Bill Fennoy questioned whether the plan addresses the needs of young people, who he said want basketball courts and football and soccer fields. 
Parker said respondents likely resembled the commission but the renovations would actually “spread it across the demographics.” 
Commissioner Marion Williams said he expected more than a maintenance guide for the city’s park system from the planners. 
“I don’t think the plan panned out like it ought to,” he said. “I was looking to hear or see something we have not seen before.” 
Commissioner Sean Frantom said the city hadn’t “put a lot of TLC into our parks and recreation,” then asked whether leftover sales tax 4, 5 or 6 funds were available. 
Parker said about $10 million was left in the funds to spend. 
“So we’re at $27 million of $75 million,” Frantom said. 
Mayor Hardie Davis pushed for more information about funding sources and implementation ahead of next week’s commission meeting and the suggestion went into Fennoy’s motion to forward without recommendation. 
Commissioner Bill Lockett said the plan omitted large swaths of the Augusta population. 
“I would hope that we have money pretty much evenly distributed throughout Augusta-Richmond County,” he said. 
IN OTHER BUSINESS 
Commissioners took no action on Marion Williams’ demand to include all city staff in random drug testing that City Administrator Janice Allen Jackson currently includes only about two-thirds of personnel. 
While a supervisor can request testing of an employee suspected of drug use, those subject to suspicion-less testing include any who work in public safety or operate heavy equipment or a city vehicle, Jackson said. 
Williams said he welcomed being personally tested “24-7” and Commissioner Sammie Sias, who voiced support for the move, said he’d been tested hundreds of times while serving in the U.S. Army. 
City Attorney Jody Smitherman said it would be difficult to test employees not in safety-sensitive jobs because governments must balance the employees’ right to privacy with the needs of the job. Court cases have ruled out suspicion-less testing of elected officials as well, she said.
</topic_text>
<spam_score>0.00</spam_score>
<post_num>1</post_num>
<post_id>post-1</post_id>
<post_url>http://chronicle.augusta.com/node/627006</post_url>
<post_date>20160831</post_date>
<post_time>0018</post_time>
<username>Susan McCord</username>
<post>
Follow Government 
An Augusta committee sent a $75 million recreation master plan to the full commission Tuesday without a recommendation after several commissioners had questions about the plan. 
Recreation Director Glenn Parker said the 274-page document was “a great representation of where this agency needs to be headed in the next five years,” that was steered by the public’s response to a survey. 
Scott Williams of Cranston Engineering Group, lead engineer on the plan, said it took the public’s emphasis on maintaining what the city has to heart in compiling an extensive inventory on existing parks and recreation facilities, which it used to generate cost estimates to improve them. 
The plan, which cost the city $250,000 in sales tax 6 funds, details Cranston’s estimates to bring each park to “good” condition. Abandoned Blount Park on Allen Street, for instance, would cost $612,377 to upgrade its baseball field, basketball court, tennis court and community center. The plan also suggests Blount and five other parks as targets for “decommissioning” due to low usage, poor conditions and other factors. 
Commissioner Ben Hasan said Augusta had a long habit of paying for plans “then putting them on a shelf,” and asked Parker where the city should start if the plan is adopted. 
“Start with what the people said they wanted,” Parker said. 
Those items include small neighborhood parks, walking and hiking trails, adult and senior fitness and wellness programs, swimming and special events, he continued. 
While voters approved about $17 million in sales tax 7 funds for recreation last November, more of the work “can be implemented on an annual basis from the operating budget,” Parker said. 
Commissioner Bill Fennoy questioned whether the plan addresses the needs of young people, who he said want basketball courts and football and soccer fields. 
Parker said respondents likely resembled the commission but the renovations would actually “spread it across the demographics.” 
Commissioner Marion Williams said he expected more than a maintenance guide for the city’s park system from the planners. 
“I don’t think the plan panned out like it ought to,” he said. “I was looking to hear or see something we have not seen before.” 
Commissioner Sean Frantom said the city hadn’t “put a lot of TLC into our parks and recreation,” then asked whether leftover sales tax 4, 5 or 6 funds were available. 
Parker said about $10 million was left in the funds to spend. 
“So we’re at $27 million of $75 million,” Frantom said. 
Mayor Hardie Davis pushed for more information about funding sources and implementation ahead of next week’s commission meeting and the suggestion went into Fennoy’s motion to forward without recommendation. 
Commissioner Bill Lockett said the plan omitted large swaths of the Augusta population. 
“I would hope that we have money pretty much evenly distributed throughout Augusta-Richmond County,” he said. 
IN OTHER BUSINESS 
Commissioners took no action on Marion Williams’ demand to include all city staff in random drug testing that City Administrator Janice Allen Jackson currently includes only about two-thirds of personnel. 
While a supervisor can request testing of an employee suspected of drug use, those subject to suspicion-less testing include any who work in public safety or operate heavy equipment or a city vehicle, Jackson said. 
Williams said he welcomed being personally tested “24-7” and Commissioner Sammie Sias, who voiced support for the move, said he’d been tested hundreds of times while serving in the U.S. Army. 
City Attorney Jody Smitherman said it would be difficult to test employees not in safety-sensitive jobs because governments must balance the employees’ right to privacy with the needs of the job. Court cases have ruled out suspicion-less testing of elected officials as well, she said.
</post>
<signature>

</signature>
<external_links>

</external_links>
<country>US</country>
<main_image>http://chronicle.augusta.com/sites/default/files/images/sms-default-facebook-share.jpg</main_image>
</document>
