<?xml version="1.0" encoding="UTF-8"?>
<document>
<type>mainstream</type>
<forum>http://nypost.com/author/lois-weiss/page/4/</forum>
<forum_title>Lois Weiss | New York Post</forum_title>
<discussion_title>Columbus Circle towers get $389M market value reduction</discussion_title>
<language>english</language>
<gmt_offset></gmt_offset>
<topic_url>http://nypost.com/2016/05/27/columbus-circle-towers-get-389m-market-value-reduction/</topic_url>
<topic_text>
Real estate mogul Stephen Ross dodged a big property tax bullet.
Ross’ Related Cos. chopped a whopping $389 million off the market value of the office condominium at his Columbus Circle towers after spotting an error by the city.
The city’s Finance Department mistakenly raised the tentative value of the Time Warner-leased office condominium from $494.12 million to an eye-popping $944.16 million.
Time Warner, which had owned and occupied the office space at 10 Columbus, sold it to Related Cos. for $1.3 billion. The New York media giant then leased it back as it awaits a move to another Related project in the Hudson Yards that is still under construction.
The Finance Department misunderstood the nature of the deal, prompting it to use a low capitalization rate of 6.880 percent.
That sent the market value soaring by $450 million — nearly doubling its value from May 2015.
Related filed an application to correct the assessment with the city’s Tax Commission.
The high-value property had a hearing in time for the reduction in value to make the city’s final tax roll that was released on May 27.
The Tax Commission has lowered the market value to $555.22 million.
Related and the Finance Department didn’t respond to requests for comment about the assessment.
The property’s new billable value is $208.43 million. Based on last year’s tax rate of 10.656 percent, the bill will still be larger than last year, bringing in about $22.1 million to city coffers.
Interestingly, the condominium at 10 Columbus Circle was not listed in the “major properties” report released to the public on May 27.
In January, the Finance Department gleefully reported the city’s entire market value had topped $1 trillion for the first time ever , with 89 percent of the increase of $102.5 billion due to “market forces.”
 columbus circle , Commercial Real Estate , Related Companies , time warner center
</topic_text>
<spam_score>0.00</spam_score>
<post_num>1</post_num>
<post_id>post-1</post_id>
<post_url>http://nypost.com/2016/05/27/columbus-circle-towers-get-389m-market-value-reduction/</post_url>
<post_date>20160527</post_date>
<post_time></post_time>
<username>Lois Weiss</username>
<post>
Real estate mogul Stephen Ross dodged a big property tax bullet.
Ross’ Related Cos. chopped a whopping $389 million off the market value of the office condominium at his Columbus Circle towers after spotting an error by the city.
The city’s Finance Department mistakenly raised the tentative value of the Time Warner-leased office condominium from $494.12 million to an eye-popping $944.16 million.
Time Warner, which had owned and occupied the office space at 10 Columbus, sold it to Related Cos. for $1.3 billion. The New York media giant then leased it back as it awaits a move to another Related project in the Hudson Yards that is still under construction.
The Finance Department misunderstood the nature of the deal, prompting it to use a low capitalization rate of 6.880 percent.
That sent the market value soaring by $450 million — nearly doubling its value from May 2015.
Related filed an application to correct the assessment with the city’s Tax Commission.
The high-value property had a hearing in time for the reduction in value to make the city’s final tax roll that was released on May 27.
The Tax Commission has lowered the market value to $555.22 million.
Related and the Finance Department didn’t respond to requests for comment about the assessment.
The property’s new billable value is $208.43 million. Based on last year’s tax rate of 10.656 percent, the bill will still be larger than last year, bringing in about $22.1 million to city coffers.
Interestingly, the condominium at 10 Columbus Circle was not listed in the “major properties” report released to the public on May 27.
In January, the Finance Department gleefully reported the city’s entire market value had topped $1 trillion for the first time ever , with 89 percent of the increase of $102.5 billion due to “market forces.”
 columbus circle , Commercial Real Estate , Related Companies , time warner center
</post>
<signature>

</signature>
<external_links>
<external_link>http://nyp.st/25rpA5h</external_link>
</external_links>
<country>US</country>
<main_image>https://thenypost.files.wordpress.com/2015/10/shutterstock_141863347.jpg?quality=90&amp;amp;strip=all&amp;amp;w=1200</main_image>
</document>
