<?xml version="1.0" encoding="UTF-8"?>
<document>
<type>mainstream</type>
<forum></forum>
<forum_title></forum_title>
<discussion_title>I can be honest about how I rate your service | Koodo Mobile Review</discussion_title>
<language>english</language>
<gmt_offset></gmt_offset>
<topic_url>http://www.cellphones.ca/reviews/133661/</topic_url>
<topic_text>
I can be honest about how I rate your service 8 / 10 
Need help becoming a monthly plan member. Phone said 45 min wait at least. There&apos;s gotta be a better way to get info 
</topic_text>
<spam_score>0.17</spam_score>
<post_num>1</post_num>
<post_id>post-1</post_id>
<post_url>http://www.cellphones.ca/reviews/133661/</post_url>
<post_date>20160830</post_date>
<post_time></post_time>
<username></username>
<post>
I can be honest about how I rate your service 8 / 10 
Need help becoming a monthly plan member. Phone said 45 min wait at least. There&apos;s gotta be a better way to get info 
</post>
<signature>

</signature>
<external_links>

</external_links>
<country>CA</country>
<main_image>http://image.cellphones.ca/images/logos/featured/koodo-mobile_logo.png</main_image>
</document>
