<?xml version="1.0" encoding="UTF-8"?>
<document>
<type>mainstream</type>
<forum></forum>
<forum_title></forum_title>
<discussion_title>鼻周りが汚いから人前に出れない！美鼻を手に入れる方法とは</discussion_title>
<language>english</language>
<gmt_offset></gmt_offset>
<topic_url>http://moharekelevator.com/bihana/</topic_url>
<topic_text>

</topic_text>
<spam_score>0.00</spam_score>
<post_num>1</post_num>
<post_id>post-1</post_id>
<post_url>http://moharekelevator.com/bihana/</post_url>
<post_date>20160221</post_date>
<post_time></post_time>
<username></username>
<post>

</post>
<signature>

</signature>
<external_links>

</external_links>
<country>JP</country>
<main_image></main_image>
</document>
