<?xml version="1.0" encoding="UTF-8"?>
<document>
<type>mainstream</type>
<forum>http://news.livedoor.com/topics/rss/top.xml</forum>
<forum_title>ライブドアニュース - 主要トピックス</forum_title>
<discussion_title>和歌山県の建設会社で発砲の男 立てこもり続け新たな銃声も</discussion_title>
<language>japanese</language>
<gmt_offset></gmt_offset>
<topic_url>http://news.livedoor.com/article/detail/11955214/</topic_url>
<topic_text>
警察は一時、溝畑容疑者を見失っていたが、３１日午前１時頃、再び発見した。現在、拳銃２丁を持って４人を殺傷した現場近くの集合住宅の外廊下や隣の工事中の建物に立てこもるなどしており、警察官が説得を続けている。溝畑容疑者は拳銃を自分に向けることもあるほか、近くの水道で水を飲んだり顔を洗ったりしているという。周辺では特殊部隊も待機しており、緊張感が高まっている。 溝畑容疑者は拳銃を発砲したものの、何かをわめくなどしている様子はないという。警察は説得を続けていく方針だという。
</topic_text>
<spam_score>0.00</spam_score>
<post_num>1</post_num>
<post_id>post-1</post_id>
<post_url>http://news.livedoor.com/article/detail/11955214/</post_url>
<post_date>20160830</post_date>
<post_time>2357</post_time>
<username></username>
<post>
警察は一時、溝畑容疑者を見失っていたが、３１日午前１時頃、再び発見した。現在、拳銃２丁を持って４人を殺傷した現場近くの集合住宅の外廊下や隣の工事中の建物に立てこもるなどしており、警察官が説得を続けている。溝畑容疑者は拳銃を自分に向けることもあるほか、近くの水道で水を飲んだり顔を洗ったりしているという。周辺では特殊部隊も待機しており、緊張感が高まっている。 溝畑容疑者は拳銃を発砲したものの、何かをわめくなどしている様子はないという。警察は説得を続けていく方針だという。
</post>
<signature>

</signature>
<external_links>

</external_links>
<country>JP</country>
<main_image>http://image.news.livedoor.com/newsimage/9/4/94786_1110_20160831-083903-1-0000.jpg</main_image>
</document>
