<?xml version="1.0" encoding="UTF-8"?>
<document>
<type>mainstream</type>
<forum>http://www.journaldemontreal.com//rss.xml</forum>
<forum_title>Accueil</forum_title>
<discussion_title>Le meilleur est le premier</discussion_title>
<language>french</language>
<gmt_offset></gmt_offset>
<topic_url>http://www.journaldemontreal.com/2016/08/30/le-meilleur-est-le-premier</topic_url>
<topic_text>
Le meilleur est le premier Autres Mardi, 30 août 2016 20:30 MISE à JOUR Mardi, 30 août 2016 20:30 Coup d&apos;oeil sur cet article 
Le superlatif «meilleur» ne peut être précédé des adjectifs premier, deuxième, troisième, etc. Dans une série d’objets ou un groupe de personnes, seul le premier peut être le meilleur. On ne dira pas, par exemple, qu’un joueur X ou Y est «le deuxième meilleur marqueur» de son équipe, mais qu’il est au deuxième rang des marqueurs. Au football, on ne dira pas non plus: ses 10 touchés lui donnent «le troisième plus haut (ou plus grand)» total chez les pointeurs de l’équipe. Mais, par exemple, «qu’au total, ses 10 touchés lui ont valu le troisième rang des marqueurs (des pointeurs, des buteurs ou des compteurs) de l’équipe».
</topic_text>
<spam_score>0.00</spam_score>
<post_num>1</post_num>
<post_id>post-1</post_id>
<post_url>http://www.journaldemontreal.com/2016/08/30/le-meilleur-est-le-premier</post_url>
<post_date>20160831</post_date>
<post_time>0030</post_time>
<username></username>
<post>
Le meilleur est le premier Autres Mardi, 30 août 2016 20:30 MISE à JOUR Mardi, 30 août 2016 20:30 Coup d&apos;oeil sur cet article 
Le superlatif «meilleur» ne peut être précédé des adjectifs premier, deuxième, troisième, etc. Dans une série d’objets ou un groupe de personnes, seul le premier peut être le meilleur. On ne dira pas, par exemple, qu’un joueur X ou Y est «le deuxième meilleur marqueur» de son équipe, mais qu’il est au deuxième rang des marqueurs. Au football, on ne dira pas non plus: ses 10 touchés lui donnent «le troisième plus haut (ou plus grand)» total chez les pointeurs de l’équipe. Mais, par exemple, «qu’au total, ses 10 touchés lui ont valu le troisième rang des marqueurs (des pointeurs, des buteurs ou des compteurs) de l’équipe».
</post>
<signature>

</signature>
<external_links>

</external_links>
<country>US</country>
<main_image>http://storage.journaldemontreal.com/v1/dynamic_resize/sws_path/jdx-prod-images/726a0bf3-eb56-4f4a-a3bf-ae280b654d8d_JDX-2x1_WEB.jpg?quality=80&amp;size=1200x&amp;version=1</main_image>
</document>
