<?xml version="1.0" encoding="UTF-8"?>
<document>
<type>mainstream</type>
<forum>http://www.wiwo.de/contentexport/feed/rss/unternehmen</forum>
<forum_title>WirtschaftsWoche Online Schlagzeilen</forum_title>
<discussion_title>Montanso: Whistleblower wird mit Millionensumme belohnt</discussion_title>
<language>german</language>
<gmt_offset></gmt_offset>
<topic_url>http://www.handelsblatt.com/unternehmen/industrie/montanso-whistleblower-wird-mit-millionensumme-belohnt/14477568.html</topic_url>
<topic_text>
Montanso: Whistleblower wird mit Millionensumme belohnt Montanso : Whistleblower wird mit Millionensumme belohnt 31. August 2016 
Das Logo der US-Biotechnologiekonzerns Monsanto: Ein Whistleblower, der Manipulationen aufdeckte, bekommt jetzt eine Millionensumme zugesprochen. Bild: AP   Wegen Manipulation stimmten drei Jahre lang die Gewinnangaben des US-Biotechnologiekonzerns Monsanto nicht. Der anonyme Mitarbeiter, der das aufdeckte, bekommt jetzt eine Belohnung, und nicht zu knapp. 
St. Loius In den USA sind einem sogenannten Whistleblower knapp 22,5 Millionen Dollar Belohnung zugesprochen worden. Der frühere Manager des Biotechnologiekonzerns Monsanto habe die Behörden darauf hingewiesen, dass sein früherer Arbeitgeber falsche Angaben zu den Kosten eines Rabattprogramms für das Unkrautvernichtungsmittel Roundup gemacht habe, teilte die US-Börsenaufsicht SEC am Dienstag (Ortszeit) mit. Wegen der Manipulation stimmten auch Monsantos Gewinnangaben für die Jahre 2009 bis 2011 nicht. 
Die umgerechnet 20 Millionen Euro sind die zweitgrößte Belohnung die die SEC jemals einem Hinweisgeber ausgezahlt hat. Sie werden aus der 80-Millionen-Dollar Strafe finanziert, der Monsanto im Februar zugestimmt hatte. Der Name das Mannes wurde nicht bekanntgegeben. Anzeige
</topic_text>
<spam_score>0.00</spam_score>
<post_num>1</post_num>
<post_id>post-1</post_id>
<post_url>http://www.handelsblatt.com/unternehmen/industrie/montanso-whistleblower-wird-mit-millionensumme-belohnt/14477568.html</post_url>
<post_date>20160831</post_date>
<post_time>0026</post_time>
<username></username>
<post>
Montanso: Whistleblower wird mit Millionensumme belohnt Montanso : Whistleblower wird mit Millionensumme belohnt 31. August 2016 
Das Logo der US-Biotechnologiekonzerns Monsanto: Ein Whistleblower, der Manipulationen aufdeckte, bekommt jetzt eine Millionensumme zugesprochen. Bild: AP   Wegen Manipulation stimmten drei Jahre lang die Gewinnangaben des US-Biotechnologiekonzerns Monsanto nicht. Der anonyme Mitarbeiter, der das aufdeckte, bekommt jetzt eine Belohnung, und nicht zu knapp. 
St. Loius In den USA sind einem sogenannten Whistleblower knapp 22,5 Millionen Dollar Belohnung zugesprochen worden. Der frühere Manager des Biotechnologiekonzerns Monsanto habe die Behörden darauf hingewiesen, dass sein früherer Arbeitgeber falsche Angaben zu den Kosten eines Rabattprogramms für das Unkrautvernichtungsmittel Roundup gemacht habe, teilte die US-Börsenaufsicht SEC am Dienstag (Ortszeit) mit. Wegen der Manipulation stimmten auch Monsantos Gewinnangaben für die Jahre 2009 bis 2011 nicht. 
Die umgerechnet 20 Millionen Euro sind die zweitgrößte Belohnung die die SEC jemals einem Hinweisgeber ausgezahlt hat. Sie werden aus der 80-Millionen-Dollar Strafe finanziert, der Monsanto im Februar zugestimmt hatte. Der Name das Mannes wurde nicht bekanntgegeben. Anzeige
</post>
<signature>

</signature>
<external_links>

</external_links>
<country>DE</country>
<main_image></main_image>
</document>
