<?xml version="1.0" encoding="UTF-8"?>
<document>
<type>mainstream</type>
<forum></forum>
<forum_title></forum_title>
<discussion_title>How to turn off predictive text on the Nokia 105?</discussion_title>
<language>english</language>
<gmt_offset></gmt_offset>
<topic_url>http://www.cellphones.ca/answers/how-do-i-turn-off-predictive-text-on-a-nokia-105-which-isnt-a-smart-phone-its-the-old-style-phone-thank-you-6741/</topic_url>
<topic_text>
29 Aug 2016 08:32 How to turn off predictive text on the Nokia 105? 
How do I turn off predictive text on a Nokia 105 which isn&apos;t a smart phone . It&apos;s the old style phone , thank you 
</topic_text>
<spam_score>0.13</spam_score>
<post_num>1</post_num>
<post_id>post-1</post_id>
<post_url>http://www.cellphones.ca/answers/how-do-i-turn-off-predictive-text-on-a-nokia-105-which-isnt-a-smart-phone-its-the-old-style-phone-thank-you-6741/</post_url>
<post_date>20160829</post_date>
<post_time></post_time>
<username></username>
<post>
29 Aug 2016 08:32 How to turn off predictive text on the Nokia 105? 
How do I turn off predictive text on a Nokia 105 which isn&apos;t a smart phone . It&apos;s the old style phone , thank you 
</post>
<signature>

</signature>
<external_links>

</external_links>
<country>CA</country>
<main_image>http://www.cellphones.ca/images/css/home/img_gallery_12.jpg</main_image>
</document>
