<?xml version="1.0" encoding="UTF-8"?>
<document>
<type>mainstream</type>
<forum>http://baohomnay.com/rss</forum>
<forum_title>Tin Tức</forum_title>
<discussion_title>Phát ngôn viên IS bị tiêu diệt ở Syria</discussion_title>
<language>vietnamese</language>
<gmt_offset></gmt_offset>
<topic_url>http://www.tinnhanhne.net/The-gioi/Phat-ngon-vien-IS-bi-tieu-diet-o-Syria-602558.html</topic_url>
<topic_text>
Phát ngôn viên IS bị tiêu diệt ở Syria  44 Phát ngôn viên của IS Abu Mohamed al-Adnani. Ảnh: independent &quot;Abu Mohamed al-Adnani, phát ngôn viên của IS, đã tử vì đạo trong khi theo dõi hoạt động đẩy lùi chiến dịch quân sự nhằm vào Aleppo&quot;, hãng tin của IS, Amaq , thông báo và nói rằng IS thề sẽ &quot;trả thù dưới bàn tay của thế hệ mới&quot;. Theo AFP , tuyên bố được đưa ra sau khi một quan chức quốc phòng Mỹ cho biết họ nhắm mục tiêu vào một thủ lĩnh cấp cao của IS trong cuộc không kích của liên minh do Mỹ dẫn đầu hôm 30/8 ở tỉnh Aleppo. &quot;Liên minh đã không kích ở Al-Bab, Syria. Chúng tôi vẫn đang đánh giá kết quả của hoạt động&quot;, quan chức này nói. Các nhà phân tích mô tả Adnani là kẻ đóng vai trò chủ chốt trong nhóm. &quot;Abu Mohamed al-Adnani sẽ luôn được các chiến binh ghi nhớ là người loan báo &apos;sự nghiệp khôi phục nhà nước Hồi giáo&apos; vào tháng 6/2014&quot;, chuyên gia về jihad Romain Caillet nói. Adnani xuất thân từ tỉnh Idlib, tây Syria và tham gia phong trào jihad ở Iraq, nơi ông ta làm việc cho thủ lĩnh Al-Qaeda đã bị tiêu diệt là Abu Musab al-Zarqawi. Aymenn Jawad Tamimi, một chuyên gia về các nhóm jihad, nói rằng cái chết của Adnani &quot;có ý nghĩa biểu tượng và cho thấy sự suy giảm lớn của IS&quot;. &quot;Nếu hắn bị tiêu diệt bởi cuộc không kích của liên minh, điều đó cho thấy liên minh đã xâm nhập tình báo hiệu quả. Nếu không thì họ sẽ không thể tiêu diệt nhiều thành phần cấp cao như vậy&quot;, ông nhận xét.
</topic_text>
<spam_score>0.00</spam_score>
<post_num>1</post_num>
<post_id>post-1</post_id>
<post_url>http://www.tinnhanhne.net/The-gioi/Phat-ngon-vien-IS-bi-tieu-diet-o-Syria-602558.html</post_url>
<post_date>20160831</post_date>
<post_time>0008</post_time>
<username></username>
<post>
Phát ngôn viên IS bị tiêu diệt ở Syria  44 Phát ngôn viên của IS Abu Mohamed al-Adnani. Ảnh: independent &quot;Abu Mohamed al-Adnani, phát ngôn viên của IS, đã tử vì đạo trong khi theo dõi hoạt động đẩy lùi chiến dịch quân sự nhằm vào Aleppo&quot;, hãng tin của IS, Amaq , thông báo và nói rằng IS thề sẽ &quot;trả thù dưới bàn tay của thế hệ mới&quot;. Theo AFP , tuyên bố được đưa ra sau khi một quan chức quốc phòng Mỹ cho biết họ nhắm mục tiêu vào một thủ lĩnh cấp cao của IS trong cuộc không kích của liên minh do Mỹ dẫn đầu hôm 30/8 ở tỉnh Aleppo. &quot;Liên minh đã không kích ở Al-Bab, Syria. Chúng tôi vẫn đang đánh giá kết quả của hoạt động&quot;, quan chức này nói. Các nhà phân tích mô tả Adnani là kẻ đóng vai trò chủ chốt trong nhóm. &quot;Abu Mohamed al-Adnani sẽ luôn được các chiến binh ghi nhớ là người loan báo &apos;sự nghiệp khôi phục nhà nước Hồi giáo&apos; vào tháng 6/2014&quot;, chuyên gia về jihad Romain Caillet nói. Adnani xuất thân từ tỉnh Idlib, tây Syria và tham gia phong trào jihad ở Iraq, nơi ông ta làm việc cho thủ lĩnh Al-Qaeda đã bị tiêu diệt là Abu Musab al-Zarqawi. Aymenn Jawad Tamimi, một chuyên gia về các nhóm jihad, nói rằng cái chết của Adnani &quot;có ý nghĩa biểu tượng và cho thấy sự suy giảm lớn của IS&quot;. &quot;Nếu hắn bị tiêu diệt bởi cuộc không kích của liên minh, điều đó cho thấy liên minh đã xâm nhập tình báo hiệu quả. Nếu không thì họ sẽ không thể tiêu diệt nhiều thành phần cấp cao như vậy&quot;, ông nhận xét.
</post>
<signature>

</signature>
<external_links>

</external_links>
<country>US</country>
<main_image>http://img.f30.vnecdn.net/2016/08/31/adnan-1202-1472600744_180x108.jpg</main_image>
</document>
