<?xml version="1.0" encoding="UTF-8"?>
<document>
<type>mainstream</type>
<forum>http://www.elboletin.com/rss_portada.php</forum>
<forum_title>Elboletin.com | Portada</forum_title>
<discussion_title>La respuesta del PSOE al &apos;emoji&apos; de Rajoy para la sesión de investidura</discussion_title>
<language>spanish</language>
<gmt_offset></gmt_offset>
<topic_url>http://www.elboletin.com/nacional/138851/emoji-rajoy-psoe-investidura-twitter.html</topic_url>
<topic_text>
Nacional Investidura de Rajoy La respuesta del PSOE al &apos;emoji&apos; de Rajoy para la sesión de investidura El PSOE cree que Twitter “se ha equivocado” y propone un &apos;emoticono&apos; con el que comentar el debate de investidura que arranca este martes. Seguir a @elboletinmadrid El PSOE no está de acuerdo con el &apos;emoji&apos; con la cara del presidente del Gobierno en funciones, Mariano Rajoy , que lanzó ayer Twitter con motivo del debate de investidura que arranca este martes. Un &apos;emoticono&apos; que aparecerá al escribir en esta red social la etiqueta #InvestiduraRajoy . “Se han equivocado de emoji”, afirmaba ayer el Partido Socialista en su cuenta oficial de Twitter en la que proponía una alternativa a la imagen del líder del PP. En concreto, los de Pedro Sánchez han propuesto acompañar #InvestiduraRajoy con un sobre, en alusión a la presunta trama de financiación ilegal que ha salpicado a los populares.
</topic_text>
<spam_score>0.00</spam_score>
<post_num>1</post_num>
<post_id>post-1</post_id>
<post_url>http://www.elboletin.com/nacional/138851/emoji-rajoy-psoe-investidura-twitter.html</post_url>
<post_date>20160830</post_date>
<post_time>0000</post_time>
<username></username>
<post>
Nacional Investidura de Rajoy La respuesta del PSOE al &apos;emoji&apos; de Rajoy para la sesión de investidura El PSOE cree que Twitter “se ha equivocado” y propone un &apos;emoticono&apos; con el que comentar el debate de investidura que arranca este martes. Seguir a @elboletinmadrid El PSOE no está de acuerdo con el &apos;emoji&apos; con la cara del presidente del Gobierno en funciones, Mariano Rajoy , que lanzó ayer Twitter con motivo del debate de investidura que arranca este martes. Un &apos;emoticono&apos; que aparecerá al escribir en esta red social la etiqueta #InvestiduraRajoy . “Se han equivocado de emoji”, afirmaba ayer el Partido Socialista en su cuenta oficial de Twitter en la que proponía una alternativa a la imagen del líder del PP. En concreto, los de Pedro Sánchez han propuesto acompañar #InvestiduraRajoy con un sobre, en alusión a la presunta trama de financiación ilegal que ha salpicado a los populares.
</post>
<signature>

</signature>
<external_links>

</external_links>
<country>ES</country>
<main_image>http://www.elboletin.com/imagenes/fb-enlaces-gr.jpg</main_image>
</document>
