<?xml version="1.0" encoding="UTF-8"?>
<document>
<type>mainstream</type>
<forum>http://feeds.feedburner.com/shipandbunker</forum>
<forum_title>Ship &amp; Bunker</forum_title>
<discussion_title>Merrill Lynch: Get Set For $70 Crude Rally Next Year</discussion_title>
<language>english</language>
<gmt_offset></gmt_offset>
<topic_url>http://shipandbunker.com/news/emea/425358-merrill-lynch-get-set-for-70-crude-rally-next-year</topic_url>
<topic_text>
Merrill Lynch: Get Set For $70 Crude Rally Next Year   
Francisco Blanch says 2017&apos;s demand/supply rebalance will be driven to a significant degree by deep capital spending cuts biting into production 
Calculating that demand will outstrip supply by 800,000 barrels per day next year, Bank of America Merrill Lynch predicts that crude prices may rise to as high as $70 during the peak 2017 summer driving season. 
Francisco Blanch , head of global commodities and derivatives research for the bank, told CNBC&apos;s Squawk Box that 2017&apos;s demand/supply rebalance will be driven to a significant degree by deep capital spending cuts biting into production. 
Blanch also cited healthy car sales in emerging nations as well as the Federal Reserve likely raising interest rates only gradually as other contributing factors: &quot;That&apos;s why we think the natural rebalancing mechanism of the market is going to continue throughout the next five or six quarters, so stronger demand and stagnating supply leads to higher price. “ 
We see a pretty robust demand expansion into next year as long as monetary policy remains accommodative Francisco Blanch, Bank of America Merrill Lynch 
&quot;We see a pretty robust demand expansion into next year as long as monetary policy remains accommodative.&quot; 
Both he and Matt Smith , director of commodity research at ClipperData , dismissed the upcoming Organization of the Petroleum Exporting Countries (OPEC) freeze meeting in Algeria as irrelevant, with the former going so far as to call the cartel essentially finished, given the competing interests among its members. 
But Smith is more cautious than his colleague in that he believes when oil hits $50 next year it will prompt U.S. shale producers to increase activity, which in turn will cause traders to worry about more product being dumped onto a market that struggled for two years to rid itself of oversupply. 
Another conservative voice is that of Wim Thomas , chief energy advisor for Shell , who told Reuters that the rebalance may not happen until the second half of 2017 due to increased activity from Libya and Nigeria ; he also stressed that demand from energy hungry nations China and India will be a key driver for oil prices. 
However, he added that Shell was prepared for any outcome given that - best predictions aside - a rebalance &quot;can happen any time between the second half of this year and the second half of next year.&quot; 
Vaqar Zuberi , portfolio manager &amp; senior analyst with Mirabaud Asset Management , could be said to be in line with the majority of analysts who recently predicted oil volatility leading up to the OPEC talks and then a market rebalance afterward; only in Zuberi&apos;s case, he made that prediction earlier this year in reference to the Doha talks, and with regards to a rebalance for the second half of this year - which obviously did not pan out. 
in reference to outlined oil noted that 
 
</topic_text>
<spam_score>0.00</spam_score>
<post_num>1</post_num>
<post_id>post-1</post_id>
<post_url>http://shipandbunker.com/news/emea/425358-merrill-lynch-get-set-for-70-crude-rally-next-year</post_url>
<post_date>20160830</post_date>
<post_time>2351</post_time>
<username></username>
<post>
Merrill Lynch: Get Set For $70 Crude Rally Next Year   
Francisco Blanch says 2017&apos;s demand/supply rebalance will be driven to a significant degree by deep capital spending cuts biting into production 
Calculating that demand will outstrip supply by 800,000 barrels per day next year, Bank of America Merrill Lynch predicts that crude prices may rise to as high as $70 during the peak 2017 summer driving season. 
Francisco Blanch , head of global commodities and derivatives research for the bank, told CNBC&apos;s Squawk Box that 2017&apos;s demand/supply rebalance will be driven to a significant degree by deep capital spending cuts biting into production. 
Blanch also cited healthy car sales in emerging nations as well as the Federal Reserve likely raising interest rates only gradually as other contributing factors: &quot;That&apos;s why we think the natural rebalancing mechanism of the market is going to continue throughout the next five or six quarters, so stronger demand and stagnating supply leads to higher price. “ 
We see a pretty robust demand expansion into next year as long as monetary policy remains accommodative Francisco Blanch, Bank of America Merrill Lynch 
&quot;We see a pretty robust demand expansion into next year as long as monetary policy remains accommodative.&quot; 
Both he and Matt Smith , director of commodity research at ClipperData , dismissed the upcoming Organization of the Petroleum Exporting Countries (OPEC) freeze meeting in Algeria as irrelevant, with the former going so far as to call the cartel essentially finished, given the competing interests among its members. 
But Smith is more cautious than his colleague in that he believes when oil hits $50 next year it will prompt U.S. shale producers to increase activity, which in turn will cause traders to worry about more product being dumped onto a market that struggled for two years to rid itself of oversupply. 
Another conservative voice is that of Wim Thomas , chief energy advisor for Shell , who told Reuters that the rebalance may not happen until the second half of 2017 due to increased activity from Libya and Nigeria ; he also stressed that demand from energy hungry nations China and India will be a key driver for oil prices. 
However, he added that Shell was prepared for any outcome given that - best predictions aside - a rebalance &quot;can happen any time between the second half of this year and the second half of next year.&quot; 
Vaqar Zuberi , portfolio manager &amp; senior analyst with Mirabaud Asset Management , could be said to be in line with the majority of analysts who recently predicted oil volatility leading up to the OPEC talks and then a market rebalance afterward; only in Zuberi&apos;s case, he made that prediction earlier this year in reference to the Doha talks, and with regards to a rebalance for the second half of this year - which obviously did not pan out. 
in reference to outlined oil noted that 
 
</post>
<signature>

</signature>
<external_links>

</external_links>
<country>US</country>
<main_image>http://s.shipandbunker.com/806F6B/sab/a/img/_mt_8cb6ec500e184667db3b834b7078fabd.jpg</main_image>
</document>
