<?xml version="1.0" encoding="UTF-8"?>
<document>
<type>mainstream</type>
<forum>http://rssfeeds.nwcn.com/_/20/109823306/nwcn/politics</forum>
<forum_title>NWCN - Politics</forum_title>
<discussion_title>Trump to hold rally in Everett,...</discussion_title>
<language>english</language>
<gmt_offset></gmt_offset>
<topic_url>http://rssfeeds.nwcn.com/_/20/109823306/nwcn/http&amp;#x3a;&amp;#x2f;&amp;#x2f;www&amp;#x2e;nwcn&amp;#x2e;com&amp;#x2f;news&amp;#x2f;politics&amp;#x2f;trump-to-hold-rally-in-everett-washington-protesters-expected&amp;#x2f;311456712</topic_url>
<topic_text>
Trump to hold rally in Everett, Washington; protesters expected Donald Trump visits Everett, Washington Associated Press , KGW 3:46   CONNECT TWEET LINKEDIN GOOGLE+ PINTEREST 
EVERETT, Wash. (AP) - Republican presidential candidate Donald Trump is returning to Washington state. The New York businessman is scheduled to hold a rally in Everett at Xfinity Arena at 7 p.m. Tuesday. Trump last visited the state in May, when he held rallies in Spokane and Lynden. 
Watch a live stream of Trump&apos;s rally beginning at 7 p.m. A counter rally protesting Trump is planned before the Everett event. The city&apos;s mayor, Ray Stephanson, and other officials are scheduled to lead a protest at 4 p.m. in Clark Park before moving to the arena to rally outside. A recent Elway Poll showed Democratic nominee Hillary Clinton with a double-digit lead over Trump in Washington, 43 percent to 24 percent. The state hasn&apos;t voted for a Republican candidate for president since 1984. 
KGW
</topic_text>
<spam_score>0.00</spam_score>
<post_num>1</post_num>
<post_id>post-1</post_id>
<post_url>http://rssfeeds.nwcn.com/_/20/109823306/nwcn/http&amp;#x3a;&amp;#x2f;&amp;#x2f;www&amp;#x2e;nwcn&amp;#x2e;com&amp;#x2f;news&amp;#x2f;politics&amp;#x2f;trump-to-hold-rally-in-everett-washington-protesters-expected&amp;#x2f;311456712</post_url>
<post_date>20160830</post_date>
<post_time>2246</post_time>
<username></username>
<post>
Trump to hold rally in Everett, Washington; protesters expected Donald Trump visits Everett, Washington Associated Press , KGW 3:46   CONNECT TWEET LINKEDIN GOOGLE+ PINTEREST 
EVERETT, Wash. (AP) - Republican presidential candidate Donald Trump is returning to Washington state. The New York businessman is scheduled to hold a rally in Everett at Xfinity Arena at 7 p.m. Tuesday. Trump last visited the state in May, when he held rallies in Spokane and Lynden. 
Watch a live stream of Trump&apos;s rally beginning at 7 p.m. A counter rally protesting Trump is planned before the Everett event. The city&apos;s mayor, Ray Stephanson, and other officials are scheduled to lead a protest at 4 p.m. in Clark Park before moving to the arena to rally outside. A recent Elway Poll showed Democratic nominee Hillary Clinton with a double-digit lead over Trump in Washington, 43 percent to 24 percent. The state hasn&apos;t voted for a Republican candidate for president since 1984. 
KGW
</post>
<signature>

</signature>
<external_links>

</external_links>
<country>US</country>
<main_image>http://content.kgw.com/photo/2016/08/15/NC_trump0815_1920x1080_1471296451861_5307503_ver1.0_640_360.jpg</main_image>
</document>
