<?xml version="1.0" encoding="UTF-8"?>
<document>
<type>mainstream</type>
<forum>http://feeds.feedburner.com/eluniversal/ctg_nal</forum>
<forum_title>EL UNIVERSAL - Colombia</forum_title>
<discussion_title>Centro Democrático radicó una demanda contra acto legislativo para la paz</discussion_title>
<language>spanish</language>
<gmt_offset></gmt_offset>
<topic_url>http://www.eluniversal.com.co/colombia/centro-democratico-radico-una-demanda-contra-acto-legislativo-para-la-paz-234452</topic_url>
<topic_text>
Centro Democrático radicó una demanda contra acto legislativo para la paz COLPRENSA Bogotá 30 de Agosto de 2016 11:41 am Centro Democrático denuncia por inconstitucional el acto legislativo para la paz. En la foto: Álvaro Uribe, senador. // COLPRENSA. - A A + A 
El Centro Democrático radicó hoy una demanda de inconstitucionalidad en contra del ‘acto legislativo para la paz’. El acto fue acompañado de 1.315.968 firmas con las cuales señala que con el acuerdo logrado con las FARC se quiere sustituir la Constitución. 
Para los uribistas esta normativa que le brinda facultades especiales al presidente Juan Manuel Santos para expedir decretos con fuerza de ley; acortar los tiempos legislativos para las reformas y proyectos de ley que pretendan aplicar los acuerdos; además de elevar a categoría especial los mismos y abrir la puerta al bloque de constitucional, se afecta el principio de equilibrio de poderes. 
Según el expresidente y senador Álvaro Uribe: &quot;Esos acuerdos como los han interpretado no dan margen de discrecional a la democracia colombiana en las elecciones que vienen. Nunca me habría imaginado que permitiría tanto atrevimiento contra nuestra Constitución y contra nuestra democracia&quot;. 
Durante la radicación de la demanda, en la que se hicieron presentes todos los miembros de la colectividad, Óscar Iván Zuluaga, afirmó que ese número de firmas que representaría el primer paso de la campaña por el No en el plebiscito acompañarán todas las demandas que harán ante las instancias internacionales. 
Así mismo, se refirió a la pregunta anunciada para el plebiscito que se hará el 2 de octubre: ¿Apoya usted el acuerdo final para la terminación del conflicto y la construcción de una paz estable y duradera? 
&quot;Esa pregunta no es ambigua, es tramposa. La pregunta tiene que ser: ¿aprueba los acuerdos firmados entre el Gobierno y las FARC? ¡Punto! Eso es lo que van a someter a consideración, además la Corte Constitucional dijo claramente, que lo que no se puede poner en juego es la paz. Lo que hay que votar si se aprueban los acuerdos hechos con las FARC&quot;, dijo. Notas recomendadas
</topic_text>
<spam_score>0.00</spam_score>
<post_num>1</post_num>
<post_id>post-1</post_id>
<post_url>http://www.eluniversal.com.co/colombia/centro-democratico-radico-una-demanda-contra-acto-legislativo-para-la-paz-234452</post_url>
<post_date>20160830</post_date>
<post_time>1641</post_time>
<username>sestrada</username>
<post>
Centro Democrático radicó una demanda contra acto legislativo para la paz COLPRENSA Bogotá 30 de Agosto de 2016 11:41 am Centro Democrático denuncia por inconstitucional el acto legislativo para la paz. En la foto: Álvaro Uribe, senador. // COLPRENSA. - A A + A 
El Centro Democrático radicó hoy una demanda de inconstitucionalidad en contra del ‘acto legislativo para la paz’. El acto fue acompañado de 1.315.968 firmas con las cuales señala que con el acuerdo logrado con las FARC se quiere sustituir la Constitución. 
Para los uribistas esta normativa que le brinda facultades especiales al presidente Juan Manuel Santos para expedir decretos con fuerza de ley; acortar los tiempos legislativos para las reformas y proyectos de ley que pretendan aplicar los acuerdos; además de elevar a categoría especial los mismos y abrir la puerta al bloque de constitucional, se afecta el principio de equilibrio de poderes. 
Según el expresidente y senador Álvaro Uribe: &quot;Esos acuerdos como los han interpretado no dan margen de discrecional a la democracia colombiana en las elecciones que vienen. Nunca me habría imaginado que permitiría tanto atrevimiento contra nuestra Constitución y contra nuestra democracia&quot;. 
Durante la radicación de la demanda, en la que se hicieron presentes todos los miembros de la colectividad, Óscar Iván Zuluaga, afirmó que ese número de firmas que representaría el primer paso de la campaña por el No en el plebiscito acompañarán todas las demandas que harán ante las instancias internacionales. 
Así mismo, se refirió a la pregunta anunciada para el plebiscito que se hará el 2 de octubre: ¿Apoya usted el acuerdo final para la terminación del conflicto y la construcción de una paz estable y duradera? 
&quot;Esa pregunta no es ambigua, es tramposa. La pregunta tiene que ser: ¿aprueba los acuerdos firmados entre el Gobierno y las FARC? ¡Punto! Eso es lo que van a someter a consideración, además la Corte Constitucional dijo claramente, que lo que no se puede poner en juego es la paz. Lo que hay que votar si se aprueban los acuerdos hechos con las FARC&quot;, dijo. Notas recomendadas
</post>
<signature>

</signature>
<external_links>

</external_links>
<country>CO</country>
<main_image>http://www.eluniversal.com.co/sites/default/files/201608/colp_117182_64a69.jpg</main_image>
</document>
