<?xml version="1.0" encoding="UTF-8"?>
<document>
<type>mainstream</type>
<forum>http://diariolavoz.net/feed/</forum>
<forum_title>La Voz</forum_title>
<discussion_title>MUD: “Nicolás, esta marcha no va para Miraflores”</discussion_title>
<language>spanish</language>
<gmt_offset></gmt_offset>
<topic_url>http://www.diariolavoz.net/2016/08/30/mud-nicolas-esta-marcha-no-va-miraflores/</topic_url>
<topic_text>
Política 30/08/2016 6:53 pm MUD: “Nicolás, esta marcha no va para Miraflores” 
El secretario ejecutivo de la Mesa de la Unidad Democrática (MUD), Jesús Torrealba, informó que para la “Toma de Caracas”, la oposición congregará a los manifestantes en tres corredores viales que llenarán “de punta a punta”: la avenida Río de Janeiro, la avenida Libertador y la avenida Francisco de Miranda, ubicadas en los municipios Baruta, Chacao y Sucre. “Mira, Nicolás, toma nota, para que sepas cómo se hacen los actos de verdad cuando es el pueblo quien quiere decir su palabra. No nos vamos a meter en la avenida Bolívar porque es muy chiquita. Vamos a llenar los tres ejes viales principales de la gran Caracas. Vamos a llenar la avenida Río de Janeiro, desde Bello Monte hasta El Llanito; vamos a llenar desde la torre Exa hasta el liceo Gustavo Herrera y vamos a llenar la avenida Francisco de Miranda, de Punta a Punta, desde la plaza Brión hasta el Unicentro El Marqués. Tres avenidas fundamentales van a ser plenados por la ciudadanía democrática el 1 de septiembre. De punta a punta con la movilización de la Toma de Caracas”. “Nicolás, esta marcha no va para Miraflores ¡Cuando vayamos vamos a ir para quedarnos con los votos del pueblo!”, dijo Torrealba y fue aplaudido por el resto de la dirigencia de la MUD que le acompañó. 
En rueda de prensa, Torrealba giró instrucciones precisas e indicó que la jornada iniciará a las 8 am y terminará a las 2 pm. A las 12 meridiano dijo que todos los manifestantes cantarán al unísono el Gloria al Bravo Pueblo. 
El portavoz ratificó que los manifestantes se congregarán en los siete sitios ya anunciados y desde allí alimentarán los corredores viales, dirigidos por los líderes que se han asignado en cada lugar. Comparte
</topic_text>
<spam_score>0.00</spam_score>
<post_num>1</post_num>
<post_id>post-1</post_id>
<post_url>http://www.diariolavoz.net/2016/08/30/mud-nicolas-esta-marcha-no-va-miraflores/</post_url>
<post_date>20160830</post_date>
<post_time>2323</post_time>
<username>tmateran</username>
<post>
Política 30/08/2016 6:53 pm MUD: “Nicolás, esta marcha no va para Miraflores” 
El secretario ejecutivo de la Mesa de la Unidad Democrática (MUD), Jesús Torrealba, informó que para la “Toma de Caracas”, la oposición congregará a los manifestantes en tres corredores viales que llenarán “de punta a punta”: la avenida Río de Janeiro, la avenida Libertador y la avenida Francisco de Miranda, ubicadas en los municipios Baruta, Chacao y Sucre. “Mira, Nicolás, toma nota, para que sepas cómo se hacen los actos de verdad cuando es el pueblo quien quiere decir su palabra. No nos vamos a meter en la avenida Bolívar porque es muy chiquita. Vamos a llenar los tres ejes viales principales de la gran Caracas. Vamos a llenar la avenida Río de Janeiro, desde Bello Monte hasta El Llanito; vamos a llenar desde la torre Exa hasta el liceo Gustavo Herrera y vamos a llenar la avenida Francisco de Miranda, de Punta a Punta, desde la plaza Brión hasta el Unicentro El Marqués. Tres avenidas fundamentales van a ser plenados por la ciudadanía democrática el 1 de septiembre. De punta a punta con la movilización de la Toma de Caracas”. “Nicolás, esta marcha no va para Miraflores ¡Cuando vayamos vamos a ir para quedarnos con los votos del pueblo!”, dijo Torrealba y fue aplaudido por el resto de la dirigencia de la MUD que le acompañó. 
En rueda de prensa, Torrealba giró instrucciones precisas e indicó que la jornada iniciará a las 8 am y terminará a las 2 pm. A las 12 meridiano dijo que todos los manifestantes cantarán al unísono el Gloria al Bravo Pueblo. 
El portavoz ratificó que los manifestantes se congregarán en los siete sitios ya anunciados y desde allí alimentarán los corredores viales, dirigidos por los líderes que se han asignado en cada lugar. Comparte
</post>
<signature>

</signature>
<external_links>

</external_links>
<country>DE</country>
<main_image>http://i1.wp.com/www.diariolavoz.net/wp-content/uploads/2016/08/1472593659978.jpg?fit=928%2C522</main_image>
</document>
