<?xml version="1.0" encoding="UTF-8"?>
<document>
<type>mainstream</type>
<forum>http://rssfeeds.11alive.com/_/20/110079908/wxia-local</forum>
<forum_title>WXIA - Local</forum_title>
<discussion_title>9yo girl possiblly struck by bullet</discussion_title>
<language>english</language>
<gmt_offset></gmt_offset>
<topic_url>http://rssfeeds.11alive.com/_/20/110079908/http&amp;#x3a;&amp;#x2f;&amp;#x2f;www&amp;#x2e;11alive&amp;#x2e;com&amp;#x2f;news&amp;#x2f;local&amp;#x2f;old-fourth-ward&amp;#x2f;9-year-old-girl-possiblly-struck-by-bullet&amp;#x2f;311461079</topic_url>
<topic_text>
9-year-old girl possiblly struck by bullet Adrianne Haney, WXIA 8:38 PM. EDT August 30, 2016 breaking logo CONNECT TWEET LINKEDIN GOOGLE+ PINTEREST 
ATLANTA -- Police are responding after a child was possibly shot by a bullet in Atlanta&apos;s Old Fourth Ward Tuesday night. 
According to police, someone called 911 around 8:30 p.m. saying that a 9-year-old girl was possible hit by a bullet at an apartment in the 300 block of Boulevard NE. 
At this time, information seems to indicate that the bullet grazed her in the thigh. 
Officers and emergency responders are in route and the investigation is ongoing. 
Police have not indicated whether they have any suspects or why the shooting happened. 
11Alive News has a crew on the way and will work to gather more information as it becomes available. 
(© 2016 WXIA)
</topic_text>
<spam_score>0.00</spam_score>
<post_num>1</post_num>
<post_id>post-1</post_id>
<post_url>http://rssfeeds.11alive.com/_/20/110079908/http&amp;#x3a;&amp;#x2f;&amp;#x2f;www&amp;#x2e;11alive&amp;#x2e;com&amp;#x2f;news&amp;#x2f;local&amp;#x2f;old-fourth-ward&amp;#x2f;9-year-old-girl-possiblly-struck-by-bullet&amp;#x2f;311461079</post_url>
<post_date>20160831</post_date>
<post_time>0038</post_time>
<username>Adrianne Haney</username>
<post>
9-year-old girl possiblly struck by bullet Adrianne Haney, WXIA 8:38 PM. EDT August 30, 2016 breaking logo CONNECT TWEET LINKEDIN GOOGLE+ PINTEREST 
ATLANTA -- Police are responding after a child was possibly shot by a bullet in Atlanta&apos;s Old Fourth Ward Tuesday night. 
According to police, someone called 911 around 8:30 p.m. saying that a 9-year-old girl was possible hit by a bullet at an apartment in the 300 block of Boulevard NE. 
At this time, information seems to indicate that the bullet grazed her in the thigh. 
Officers and emergency responders are in route and the investigation is ongoing. 
Police have not indicated whether they have any suspects or why the shooting happened. 
11Alive News has a crew on the way and will work to gather more information as it becomes available. 
(© 2016 WXIA)
</post>
<signature>

</signature>
<external_links>

</external_links>
<country>US</country>
<main_image>http://content.11alive.com/photo/2014/03/17/1395063338000-130416111215-breaking-news-404_2984586_ver1.0_640_360.jpg</main_image>
</document>
