<?xml version="1.0" encoding="UTF-8"?>
<document>
<type>mainstream</type>
<forum>http://tiempodigital.mx/feed</forum>
<forum_title>Tiempo Digital</forum_title>
<discussion_title>‘El Potrillo’ abre dos fechas más en el Auditorio Nacional</discussion_title>
<language>spanish</language>
<gmt_offset></gmt_offset>
<topic_url>http://tiempodigital.mx/2016/08/30/el-potrillo-abre-dos-fechas-mas-en-el-auditorio-nacional/</topic_url>
<topic_text>
‘El Potrillo’ abre dos fechas más en el Auditorio Nacional  41:06) El cantante mexicano Alejandro Fernández se presentará los día 6 y 7 de octubre próximo en el Auditorio Nacional , para cerrar su gira Confidencias World Tour , estos dos conciertos se suman a los espectáculos que El Potrillo ofrecerá en dicho escenario los días 8, 9 y 10 de septiembre. 
Con esos conciertos Fernández cierra definitivamente su tour, que desde hace tres años lo ha llevado a diferentes partes del mundo, se informó en un comunicado. 
Después del triunfo de su gira por Estados Unidos, el ídolo de la música regional mexicana regresa a su país natal para ofrecer un espectáculo que contará con tecnología de punta y un innovador sistema de estructuras móviles. 
En su Confidencias World Tour Fernández se hace acompañar de mariachi y una espectacular orquesta para rendir homenaje a México, a través de un recorrido musical que incluye los éxitos que el intérprete ha logrado en el género de balada pop y rancheras con renovados arreglos musicales. 
Miami, Nueva York, Chicago, Houston, Orlando, Texas y Los Ángeles fueron algunas de las ciudades que formaron parte de su recorrido por Estados Unidos, latitud en la que a través de 15 conciertos deleitó a su público con una impresionante producción. 
El intérprete de Abrázame , Me dediqué a perderte , Niña amada mía y Como quien pierde una estrella , entre muchos más, en fecha reciente organizó un flashmob en la Plaza Mayor de Madrid para promocionar el 23 Encuentro Internacional del Mariachi y la Charrería, esto como parte de la iniciativa #LaMusicaRompeFronteras. 
Con este acto multitudinario inició la promoción de ese encuentro internacional que se llevará a cabo en Guadalajara, Jalisco, del 26 de agosto al 4 de septiembre. 
En el flashmob participaron 11 miembros del Mariachi Real de México, agrupación de Alejandro Fernández, y 23 músicos de la Film Symphony Orchestra de España. 
Confidencias World Tour es una gira con la que Fernández ha ofrecido 100 shows que han presenciado un millón de personas, en más de 60 países. 
Con información de Excélsior.
</topic_text>
<spam_score>0.00</spam_score>
<post_num>1</post_num>
<post_id>post-1</post_id>
<post_url>http://tiempodigital.mx/2016/08/30/el-potrillo-abre-dos-fechas-mas-en-el-auditorio-nacional/</post_url>
<post_date>20160831</post_date>
<post_time>0041</post_time>
<username>Staff Tiempo</username>
<post>
‘El Potrillo’ abre dos fechas más en el Auditorio Nacional  41:06) El cantante mexicano Alejandro Fernández se presentará los día 6 y 7 de octubre próximo en el Auditorio Nacional , para cerrar su gira Confidencias World Tour , estos dos conciertos se suman a los espectáculos que El Potrillo ofrecerá en dicho escenario los días 8, 9 y 10 de septiembre. 
Con esos conciertos Fernández cierra definitivamente su tour, que desde hace tres años lo ha llevado a diferentes partes del mundo, se informó en un comunicado. 
Después del triunfo de su gira por Estados Unidos, el ídolo de la música regional mexicana regresa a su país natal para ofrecer un espectáculo que contará con tecnología de punta y un innovador sistema de estructuras móviles. 
En su Confidencias World Tour Fernández se hace acompañar de mariachi y una espectacular orquesta para rendir homenaje a México, a través de un recorrido musical que incluye los éxitos que el intérprete ha logrado en el género de balada pop y rancheras con renovados arreglos musicales. 
Miami, Nueva York, Chicago, Houston, Orlando, Texas y Los Ángeles fueron algunas de las ciudades que formaron parte de su recorrido por Estados Unidos, latitud en la que a través de 15 conciertos deleitó a su público con una impresionante producción. 
El intérprete de Abrázame , Me dediqué a perderte , Niña amada mía y Como quien pierde una estrella , entre muchos más, en fecha reciente organizó un flashmob en la Plaza Mayor de Madrid para promocionar el 23 Encuentro Internacional del Mariachi y la Charrería, esto como parte de la iniciativa #LaMusicaRompeFronteras. 
Con este acto multitudinario inició la promoción de ese encuentro internacional que se llevará a cabo en Guadalajara, Jalisco, del 26 de agosto al 4 de septiembre. 
En el flashmob participaron 11 miembros del Mariachi Real de México, agrupación de Alejandro Fernández, y 23 músicos de la Film Symphony Orchestra de España. 
Confidencias World Tour es una gira con la que Fernández ha ofrecido 100 shows que han presenciado un millón de personas, en más de 60 países. 
Con información de Excélsior.
</post>
<signature>

</signature>
<external_links>

</external_links>
<country>MX</country>
<main_image></main_image>
</document>
