<?xml version="1.0" encoding="UTF-8"?>
<document>
<type>mainstream</type>
<forum></forum>
<forum_title></forum_title>
<discussion_title>美国留学生挂科学位证UNC毕业证成绩单Q微627212264办理北卡罗来纳大学教堂山分校学位证书成绩单使馆证明学历认证教育部认证文凭学生卡 University of North Carolina at Chapel Hill</discussion_title>
<language>chinese</language>
<gmt_offset></gmt_offset>
<topic_url>http://www.cellphones.ca/answers/unc-q-627212264-university-of-north-carolina-at-chapel-hill-2677/</topic_url>
<topic_text>
30 Aug 2016 11:08 美国留学生挂科学位证UNC毕业证成绩单Q微627212264办理北卡罗来纳大学教堂山分校学位证书成绩单使馆证明学历认证教育部认证文凭学生卡 University of North Carolina at Chapel Hill 
ç¾å½çå­¦çæç§å­¦ä½è¯UNCæ¯ä¸è¯æç»©åQå¾®627212264åçåå¡ç½æ¥çº³å¤§å­¦æå å±±åæ ¡å­¦ä½è¯ä¹¦æç»©åä½¿é¦è¯æå­¦åè®¤è¯æè²é¨è®¤è¯æå­å­¦çå¡ 
University of North Carolina at Chapel Hillãæ´²é æè²ãçå­¦å½å½æå¡ä¸­å¿ 
å¦ææ¨æ¯ä»¥ä¸æ åµ,æä»¬é½è½ç«­è¯ä¸ºæ¨è§£å³å®é é®é¢: 
1ãå¨æ ¡æé´,å åç§åå æªè½é¡ºå©æ¯ä¸,æ¿ä¸å°å®æ¹æ¯ä¸è¯; 
2ãé¢å¯¹ç¶æ¯çåå,å¸æå°½å¿«æ¿å°; 
3ãä¸æ¸ æ¥æµç¨ä»¥åææè¯¥å¦ä½åå¤; 
4ãåå½æ¶é´å¾é¿,å¿è®°åç; 
5ãåå½é©¬ä¸å°±è¦æ¾å·¥ä½,åç»ç¨äººåä½ç; 
6ãä¼äºä¸åä½å¿ é¡»è¦æ±åçç; 
ãå¨è¯¢é¡¾é®ï¼Ericã QQ/å¾®ä¿¡å·ï¼627212264 Emailï¼627212264@qq.com 
 
ä¸æ³¨è±å½ãç¾å½ãæ¾³æ´²ãæ°è¥¿å °ãå æ¿å¤§ãç±å°å °ãæ³å½ãå¾·å½ãè·å °ãæå¤§å©ç­å°åºï¼é«ç²¾ç«¯æä¾ä»¥ä¸æå¡ï¼ 
âåçæè²é¨å½å¤å­¦åå­¦ä½è®¤è¯ãï¼ç½ä¸å¯æ¥ãæ°¸ä¹ å­æ¡£ãå¿«éç¨³å¦¥ï¼åå½åå±ï¼èå ¬å¡åï¼è½æ·ï¼è¿å½ä¼ï¼å¤ä¼ï¼åä¸ï¼æ å¿§æï¼ã 
âåççå®ä½¿é¦å ¬è¯ï¼å³çå­¦åå½äººåè¯æï¼ä¸æåä¸æ¶è´¹ï¼ï¼ï¼ï¼ã 
âåçæ³å½åå¤§å­¦æå­ï¼ä¸çåæ ¡ä¸å¯¹ä¸ä¸ä¸æå¡ï¼å¯å ¨ç¨çæ§è·è¸ªè¿åº¦ï¼ 
â åççä¿¡ç½è®¤è¯ãï¼å½å®¶ä¸ä¸äººæè®¤è¯ä¸­å¿é¢åå ¥åºè¯ä¹¦ï¼å°å¨ç½å æ¥è¯¢ä¸ªäººèº«ä»½è¯ä¿¡æ¯åï¼åæ­¥è¯»åäººæç½å ¥åºä¿¡æ¯ãï¼ã 
âå ¨å¥æå¡ï¼æ¯ä¸è¯(certificate)ãæç»©å(Transcripts)ãçå®ä½¿é¦å ¬è¯(embassy)ãçå®æè²é¨è®¤è¯(approve)ãè®©æ¨åå½åå±ä¿¡å¿åè¶³ï¼ 
âå¯ä»¥æä¾é¢å°ãæ°´å°ãç«éãæ¿å é²ä¼ªãå¹å¸çãææ°ççæ¯ä¸è¯ãç¾åä¹ç¾è®©æ¨ç»å¯¹æ»¡æãè®¾è®¡ï¼å°å·ï¼DHLå¿«é;æ¯ä¸è¯ãæç»©åï¼çå®å¤§ä½¿é¦æè²é¨è®¤è¯ï¼éåº¦å¿«ã 
å¨è¯¢é¡¾é®ï¼Eric QQ/å¾®ä¿¡å·ï¼627212264 Emailï¼627212264@qq.com 
ä¸ï¼åå½è¯æçç¨éï¼ 
ãçå­¦åå½äººåè¯æãæ¯çå­¦äººåå¨å½å è¯æçå­¦èº«ä»½ãèç³»å·¥ä½ãååä¼ä¸ãè½è½¬æ·å£ãç³è¯·å½å åç±»åºéç­å¿ å¤çææãçå­¦äººåæææ­¤è¯æè¿å¯ä»¥äº«åè´­ä¹°å½äº§æ±½è½¦å ç¨ç­å¤é¡¹ä¼æ æ¿ç­ã 
äºï¼æè²é¨è®¤è¯çç¨éï¼ 
å¦ææ¨è®¡åå¨å½å åå±ï¼é£ä¹åçæè²é¨è®¤è¯æ¯å¿ ä¸å¯å°çãäºä¸æ§ç¨äººåä½å¦é¶è¡ï¼å½ä¼ï¼å ¬å¡åï¼å¨æ¨åºèæ¶é½ä¼éè¦æ¨æä¾è¿ä¸ªè®¤è¯ãå ¶ä»ç§è¥ãå¤ä¼ä¼ä¸ï¼æ éæä¾ï¼åçæè²é¨è®¤è¯æéèµæä¼å¤ä¸ç¦çï¼æææææ¨é½å¿ é¡»æä¾åä»¶ï¼æä»¬å­åä¸°å¯çç»éªï¼å¸®æ¨å¿«éæ´åææï¼è®©æ¨å°èµ°å¼¯è·¯ã 
è±åæè²ä¸ä¸ä¸ºæ¨æå¡ï¼å¦æéè¦ï¼å¨è¯¢é¡¾é®:Eric 
æä»¬çè¯çæéå¹¿å¤§çå­¦çæåï¼ãã 
ä¸. æ¬è¡ä¸å¸åºæ··ä¹±ï¼ä¸è¦åªè´ªå¾ä¾¿å®ï¼æ è®ºæ¯çå®çè¿æ¯é¡¶çº§1:1å¤å¶çï¼é½ä¼æç¸åºçææ¬å¨éé¢ï¼æä»¬ç»å¯¹ä¿è¯ä¸åé±ä¸åè´§ï¼ãã 
äº. çå®çä½¿é¦è®¤è¯åæè²é¨è®¤è¯ï¼å ¬å¸å®å ¨æç §æ­£è§çæµç¨æç»­åçè±å½åå¤§å­¦æ¯ä¸è¯æç»©åãçå®ä½¿é¦è®¤è¯ãæè²é¨è®¤è¯ãå¯èªè¡åå¾åäº¬æè²é¨çªå£éäº¤ä¸æ¿ç»æï¼ï¼ï¼ç®åæä¸äºåè¡æåçåºæ¥çè®¤è¯åªè½å¨èåç½ç«æ¥è¯¢1-3ä¸ªæå·¦å³çæ¶é´ï¼å¹¶ä¸æ¯æè²é¨å®ç½ï¼ä¹ä¸å¯è½æ°¸ä¹ å­æ¡£ãé£æ ·æ¯å¯¹å­¦ççä¸è´è´£ä»»ï¼å¨åççæ¶åä¸å®è¦æ éï¼ãã 
ä¸. éæ¶å¯ä»¥çè§è¿åº¦ï¼æä»¬ä¼è®©æ¨æ¸ æ¥çå°ï¼ä½ ææå ¥çæ¯ä¸åé±é½è½å¤ç¡®å®å¾å°åæ¥ï¼è¥æ¨è®¤ä¸ºä¸å¼å¾ï¼å®å ¨å¯ä»¥ä¸­æ­¢ä»æ¬¾ã 
åï¼é¢å¯¹ç½ä¸æäºä¸è¯ä¸ªäººä¸­ä»ï¼çå®æè²é¨è®¤è¯æ æèåæ¥ä»·ï¼æ¯ä¸è¯ãæç»©åå´æ¥ä»·å¾é«ï¼æåéªçå­¦å­¦çåååçå·®å¼å¾å¤§çæ¯ä¸è¯åæç»©åï¼å´ä¸åè®¤è¯ï¼æ¬ºéªå¹¿å¤§çå­¦çï¼è¯·å¤çå¿ï¼åçæ¶è¯·çµè¯èç³»ï¼æè è§é¢çä¸å¯¹æ¹çåå ¬ç¯å¢ï¼åçå®åï¼éæ©å®ä½å ¬å¸ï¼ä»¥é²è¢«éªï¼ 
ãéç¥ã æ¬å ¬å¸åæåå°ä»£çåï¼ä¸åäºå®ä»·æ ¼æä½ï¼ä¿è¯ä¿¡èªæçè´¨éï¼å®¢æ·ä¸ªäººä¿¡æ¯ä¿å¯ãå¦ææ¨å ç§äººåå ä¸è½æ­£å¸¸èªå·±å»åçæè²é¨è®¤è¯ï¼æ¬æºæçè¯ä¸ºæ¨æå¡å è´¹éäº¤ Not the answer you were looking for? Browse for more answers inside the: 
</topic_text>
<spam_score>0.17</spam_score>
<post_num>1</post_num>
<post_id>post-1</post_id>
<post_url>http://www.cellphones.ca/answers/unc-q-627212264-university-of-north-carolina-at-chapel-hill-2677/</post_url>
<post_date>20160830</post_date>
<post_time></post_time>
<username></username>
<post>
30 Aug 2016 11:08 美国留学生挂科学位证UNC毕业证成绩单Q微627212264办理北卡罗来纳大学教堂山分校学位证书成绩单使馆证明学历认证教育部认证文凭学生卡 University of North Carolina at Chapel Hill 
ç¾å½çå­¦çæç§å­¦ä½è¯UNCæ¯ä¸è¯æç»©åQå¾®627212264åçåå¡ç½æ¥çº³å¤§å­¦æå å±±åæ ¡å­¦ä½è¯ä¹¦æç»©åä½¿é¦è¯æå­¦åè®¤è¯æè²é¨è®¤è¯æå­å­¦çå¡ 
University of North Carolina at Chapel Hillãæ´²é æè²ãçå­¦å½å½æå¡ä¸­å¿ 
å¦ææ¨æ¯ä»¥ä¸æ åµ,æä»¬é½è½ç«­è¯ä¸ºæ¨è§£å³å®é é®é¢: 
1ãå¨æ ¡æé´,å åç§åå æªè½é¡ºå©æ¯ä¸,æ¿ä¸å°å®æ¹æ¯ä¸è¯; 
2ãé¢å¯¹ç¶æ¯çåå,å¸æå°½å¿«æ¿å°; 
3ãä¸æ¸ æ¥æµç¨ä»¥åææè¯¥å¦ä½åå¤; 
4ãåå½æ¶é´å¾é¿,å¿è®°åç; 
5ãåå½é©¬ä¸å°±è¦æ¾å·¥ä½,åç»ç¨äººåä½ç; 
6ãä¼äºä¸åä½å¿ é¡»è¦æ±åçç; 
ãå¨è¯¢é¡¾é®ï¼Ericã QQ/å¾®ä¿¡å·ï¼627212264 Emailï¼627212264@qq.com 
 
ä¸æ³¨è±å½ãç¾å½ãæ¾³æ´²ãæ°è¥¿å °ãå æ¿å¤§ãç±å°å °ãæ³å½ãå¾·å½ãè·å °ãæå¤§å©ç­å°åºï¼é«ç²¾ç«¯æä¾ä»¥ä¸æå¡ï¼ 
âåçæè²é¨å½å¤å­¦åå­¦ä½è®¤è¯ãï¼ç½ä¸å¯æ¥ãæ°¸ä¹ å­æ¡£ãå¿«éç¨³å¦¥ï¼åå½åå±ï¼èå ¬å¡åï¼è½æ·ï¼è¿å½ä¼ï¼å¤ä¼ï¼åä¸ï¼æ å¿§æï¼ã 
âåççå®ä½¿é¦å ¬è¯ï¼å³çå­¦åå½äººåè¯æï¼ä¸æåä¸æ¶è´¹ï¼ï¼ï¼ï¼ã 
âåçæ³å½åå¤§å­¦æå­ï¼ä¸çåæ ¡ä¸å¯¹ä¸ä¸ä¸æå¡ï¼å¯å ¨ç¨çæ§è·è¸ªè¿åº¦ï¼ 
â åççä¿¡ç½è®¤è¯ãï¼å½å®¶ä¸ä¸äººæè®¤è¯ä¸­å¿é¢åå ¥åºè¯ä¹¦ï¼å°å¨ç½å æ¥è¯¢ä¸ªäººèº«ä»½è¯ä¿¡æ¯åï¼åæ­¥è¯»åäººæç½å ¥åºä¿¡æ¯ãï¼ã 
âå ¨å¥æå¡ï¼æ¯ä¸è¯(certificate)ãæç»©å(Transcripts)ãçå®ä½¿é¦å ¬è¯(embassy)ãçå®æè²é¨è®¤è¯(approve)ãè®©æ¨åå½åå±ä¿¡å¿åè¶³ï¼ 
âå¯ä»¥æä¾é¢å°ãæ°´å°ãç«éãæ¿å é²ä¼ªãå¹å¸çãææ°ççæ¯ä¸è¯ãç¾åä¹ç¾è®©æ¨ç»å¯¹æ»¡æãè®¾è®¡ï¼å°å·ï¼DHLå¿«é;æ¯ä¸è¯ãæç»©åï¼çå®å¤§ä½¿é¦æè²é¨è®¤è¯ï¼éåº¦å¿«ã 
å¨è¯¢é¡¾é®ï¼Eric QQ/å¾®ä¿¡å·ï¼627212264 Emailï¼627212264@qq.com 
ä¸ï¼åå½è¯æçç¨éï¼ 
ãçå­¦åå½äººåè¯æãæ¯çå­¦äººåå¨å½å è¯æçå­¦èº«ä»½ãèç³»å·¥ä½ãååä¼ä¸ãè½è½¬æ·å£ãç³è¯·å½å åç±»åºéç­å¿ å¤çææãçå­¦äººåæææ­¤è¯æè¿å¯ä»¥äº«åè´­ä¹°å½äº§æ±½è½¦å ç¨ç­å¤é¡¹ä¼æ æ¿ç­ã 
äºï¼æè²é¨è®¤è¯çç¨éï¼ 
å¦ææ¨è®¡åå¨å½å åå±ï¼é£ä¹åçæè²é¨è®¤è¯æ¯å¿ ä¸å¯å°çãäºä¸æ§ç¨äººåä½å¦é¶è¡ï¼å½ä¼ï¼å ¬å¡åï¼å¨æ¨åºèæ¶é½ä¼éè¦æ¨æä¾è¿ä¸ªè®¤è¯ãå ¶ä»ç§è¥ãå¤ä¼ä¼ä¸ï¼æ éæä¾ï¼åçæè²é¨è®¤è¯æéèµæä¼å¤ä¸ç¦çï¼æææææ¨é½å¿ é¡»æä¾åä»¶ï¼æä»¬å­åä¸°å¯çç»éªï¼å¸®æ¨å¿«éæ´åææï¼è®©æ¨å°èµ°å¼¯è·¯ã 
è±åæè²ä¸ä¸ä¸ºæ¨æå¡ï¼å¦æéè¦ï¼å¨è¯¢é¡¾é®:Eric 
æä»¬çè¯çæéå¹¿å¤§çå­¦çæåï¼ãã 
ä¸. æ¬è¡ä¸å¸åºæ··ä¹±ï¼ä¸è¦åªè´ªå¾ä¾¿å®ï¼æ è®ºæ¯çå®çè¿æ¯é¡¶çº§1:1å¤å¶çï¼é½ä¼æç¸åºçææ¬å¨éé¢ï¼æä»¬ç»å¯¹ä¿è¯ä¸åé±ä¸åè´§ï¼ãã 
äº. çå®çä½¿é¦è®¤è¯åæè²é¨è®¤è¯ï¼å ¬å¸å®å ¨æç §æ­£è§çæµç¨æç»­åçè±å½åå¤§å­¦æ¯ä¸è¯æç»©åãçå®ä½¿é¦è®¤è¯ãæè²é¨è®¤è¯ãå¯èªè¡åå¾åäº¬æè²é¨çªå£éäº¤ä¸æ¿ç»æï¼ï¼ï¼ç®åæä¸äºåè¡æåçåºæ¥çè®¤è¯åªè½å¨èåç½ç«æ¥è¯¢1-3ä¸ªæå·¦å³çæ¶é´ï¼å¹¶ä¸æ¯æè²é¨å®ç½ï¼ä¹ä¸å¯è½æ°¸ä¹ å­æ¡£ãé£æ ·æ¯å¯¹å­¦ççä¸è´è´£ä»»ï¼å¨åççæ¶åä¸å®è¦æ éï¼ãã 
ä¸. éæ¶å¯ä»¥çè§è¿åº¦ï¼æä»¬ä¼è®©æ¨æ¸ æ¥çå°ï¼ä½ ææå ¥çæ¯ä¸åé±é½è½å¤ç¡®å®å¾å°åæ¥ï¼è¥æ¨è®¤ä¸ºä¸å¼å¾ï¼å®å ¨å¯ä»¥ä¸­æ­¢ä»æ¬¾ã 
åï¼é¢å¯¹ç½ä¸æäºä¸è¯ä¸ªäººä¸­ä»ï¼çå®æè²é¨è®¤è¯æ æèåæ¥ä»·ï¼æ¯ä¸è¯ãæç»©åå´æ¥ä»·å¾é«ï¼æåéªçå­¦å­¦çåååçå·®å¼å¾å¤§çæ¯ä¸è¯åæç»©åï¼å´ä¸åè®¤è¯ï¼æ¬ºéªå¹¿å¤§çå­¦çï¼è¯·å¤çå¿ï¼åçæ¶è¯·çµè¯èç³»ï¼æè è§é¢çä¸å¯¹æ¹çåå ¬ç¯å¢ï¼åçå®åï¼éæ©å®ä½å ¬å¸ï¼ä»¥é²è¢«éªï¼ 
ãéç¥ã æ¬å ¬å¸åæåå°ä»£çåï¼ä¸åäºå®ä»·æ ¼æä½ï¼ä¿è¯ä¿¡èªæçè´¨éï¼å®¢æ·ä¸ªäººä¿¡æ¯ä¿å¯ãå¦ææ¨å ç§äººåå ä¸è½æ­£å¸¸èªå·±å»åçæè²é¨è®¤è¯ï¼æ¬æºæçè¯ä¸ºæ¨æå¡å è´¹éäº¤ Not the answer you were looking for? Browse for more answers inside the: 
</post>
<signature>

</signature>
<external_links>

</external_links>
<country>CA</country>
<main_image>http://www.cellphones.ca/images/css/home/img_gallery_12.jpg</main_image>
</document>
