<?xml version="1.0" encoding="UTF-8"?>
<document>
<type>mainstream</type>
<forum>http://saportareport.com/feed/</forum>
<forum_title>SaportaReport</forum_title>
<discussion_title>Things lookin’ up by Kelly Jordan #1</discussion_title>
<language>english</language>
<gmt_offset></gmt_offset>
<topic_url>http://saportareport.com/things-lookin-kelly-jordan-1/</topic_url>
<topic_text>
We can rebuild it — 3D technology offers hope for the survival of our most endangered cultural assets August 15, 2016 - 7:05 pm Eleanor Ringel Cater
</topic_text>
<spam_score>0.00</spam_score>
<post_num>1</post_num>
<post_id>post-1</post_id>
<post_url>http://saportareport.com/things-lookin-kelly-jordan-1/</post_url>
<post_date>20160831</post_date>
<post_time>0037</post_time>
<username>Kelly Jordan</username>
<post>
We can rebuild it — 3D technology offers hope for the survival of our most endangered cultural assets August 15, 2016 - 7:05 pm Eleanor Ringel Cater
</post>
<signature>

</signature>
<external_links>

</external_links>
<country>US</country>
<main_image>http://saportareport.com/wp-content/uploads/2016/08/vity-hall.jpg</main_image>
</document>
