<?xml version="1.0" encoding="UTF-8"?>
<document>
<type>mainstream</type>
<forum></forum>
<forum_title></forum_title>
<discussion_title>【艦これ+一般】かっこいいどん兵衛の買い方ってある？ | GAMEヲタ速報</discussion_title>
<language>japanese</language>
<gmt_offset></gmt_offset>
<topic_url>http://gameotasoku.xyz/?p=7073</topic_url>
<topic_text>
223: 名無しさん＠おーぷん 2016/08/30(火)18:30:01 ID:AN3 かっこいいどん兵衛の買い方って？ 232: 名無しさん＠おーぷん 2016/08/30(火)18:30:15 ID:9Fi &gt;&gt;223 234: 名無しさん＠おーぷん 2016/08/30(火)18:30:16 ID:6ex &gt;&gt;223 242: 名無しさん＠おーぷん 2016/08/30(火)18:30:30 ID:2jI &gt;&gt;223 243: 名無しさん＠おーぷん 2016/08/30(火)18:30:33 ID:hps &gt;&gt;223 
</topic_text>
<spam_score>0.00</spam_score>
<post_num>1</post_num>
<post_id>post-1</post_id>
<post_url>http://gameotasoku.xyz/?p=7073</post_url>
<post_date>20160831</post_date>
<post_time></post_time>
<username></username>
<post>
223: 名無しさん＠おーぷん 2016/08/30(火)18:30:01 ID:AN3 かっこいいどん兵衛の買い方って？ 232: 名無しさん＠おーぷん 2016/08/30(火)18:30:15 ID:9Fi &gt;&gt;223 234: 名無しさん＠おーぷん 2016/08/30(火)18:30:16 ID:6ex &gt;&gt;223 242: 名無しさん＠おーぷん 2016/08/30(火)18:30:30 ID:2jI &gt;&gt;223 243: 名無しさん＠おーぷん 2016/08/30(火)18:30:33 ID:hps &gt;&gt;223 
</post>
<signature>

</signature>
<external_links>

</external_links>
<country>JP</country>
<main_image></main_image>
</document>
