<?xml version="1.0" encoding="UTF-8"?>
<document>
<type>mainstream</type>
<forum></forum>
<forum_title></forum_title>
<discussion_title>Mondok Blog: Gardening</discussion_title>
<language>english</language>
<gmt_offset></gmt_offset>
<topic_url>http://www.bryonmondok.com/2016/08/gardening.html</topic_url>
<topic_text>
Tuesday, August 30, 2016 Gardening If you don&apos;t want your garden to grow weeds, one of the best ways is to keep it well stocked with strong, sturdy flowers and shrubs. If you don&apos;t want your mind and heart to go wandering off into the realms of darkness, one of the best ways is to keep them well stocked with wise and thankful themes, so that words of comfort, guidance and good judgment come bubbling up unbidden from the memory and subconscious. N.T. Wright 
</topic_text>
<spam_score>0.19</spam_score>
<post_num>1</post_num>
<post_id>post-1</post_id>
<post_url>http://www.bryonmondok.com/2016/08/gardening.html</post_url>
<post_date>20160831</post_date>
<post_time></post_time>
<username>Bryon Mondok</username>
<post>
Tuesday, August 30, 2016 Gardening If you don&apos;t want your garden to grow weeds, one of the best ways is to keep it well stocked with strong, sturdy flowers and shrubs. If you don&apos;t want your mind and heart to go wandering off into the realms of darkness, one of the best ways is to keep them well stocked with wise and thankful themes, so that words of comfort, guidance and good judgment come bubbling up unbidden from the memory and subconscious. N.T. Wright 
</post>
<signature>

</signature>
<external_links>

</external_links>
<country></country>
<main_image></main_image>
</document>
