<?xml version="1.0" encoding="UTF-8"?>
<document>
<type>mainstream</type>
<forum></forum>
<forum_title></forum_title>
<discussion_title>Where to bring Huawei Honor Holly for display replacement?</discussion_title>
<language>english</language>
<gmt_offset></gmt_offset>
<topic_url>http://www.cellphones.ca/answers/where-to-bring-huawei-honor-holly-for-display-replacement/</topic_url>
<topic_text>
Where to bring Huawei Honor Holly for display replacement? 
My huwai honor holy u19 display broken,where it purchase..any Gujarat jamnagar area???? 
</topic_text>
<spam_score>0.00</spam_score>
<post_num>1</post_num>
<post_id>post-1</post_id>
<post_url>http://www.cellphones.ca/answers/where-to-bring-huawei-honor-holly-for-display-replacement/</post_url>
<post_date>20160828</post_date>
<post_time></post_time>
<username>Carl P</username>
<post>
Where to bring Huawei Honor Holly for display replacement? 
My huwai honor holy u19 display broken,where it purchase..any Gujarat jamnagar area???? 
</post>
<signature>

</signature>
<external_links>

</external_links>
<country>CA</country>
<main_image>http://www.cellphones.ca/images/css/home/img_gallery_12.jpg</main_image>
</document>
