<?xml version="1.0" encoding="UTF-8"?>
<document>
<type>mainstream</type>
<forum>http://baohomnay.com/rss</forum>
<forum_title>Tin Tức</forum_title>
<discussion_title>Đội tàu chiến Nga sắp đến Biển Đông tập trận cùng Trung Quốc</discussion_title>
<language>vietnamese</language>
<gmt_offset></gmt_offset>
<topic_url>http://www.tinnhanhne.net/The-gioi/Doi-tau-chien-Nga-sap-den-Bien-Dong-tap-tran-cung-Trung-Quoc-602557.html</topic_url>
<topic_text>
Đội tàu chiến Nga sắp đến Biển Đông tập trận cùng Trung Quốc  44 Tàu Đô đốc Vinogradov của Hạm đội Thái Bình Dương. Ảnh: Tass &quot;Vào đầu tháng 9, một đội tàu gồm tàu chống ngầm lớn Đô đốc Tributs và Đô đốc Vinogradov, một tàu đổ bộ lớn Peresvet, tàu kéo Alatau và tàu chở dầu Pechenga sẽ đi về phía thành phố Trạm Giang, Trung Quốc&quot;, Tass dẫn lời Vladimir Matveyev, người phụ trách báo chí Quân khu phía Đông, nói, trong bài báo đăng hôm qua. Ông Matveyev cho hay t ừ ngày 11/9 tới 19/9, đội tàu sẽ tham gia tập trận Joint Sea 2016 cùng lực lượng hải quân Trung Quốc. Sự kiện được tổ chức ở bờ biển và vùng biển khu vực Biển Đông. Thuỷ thủ các tàu vừa điều phối nhiều hạng mục của tập trận chung, như chống phá hoại, chống tàu ngầm, phòng không, bảo vệ chống tàu và tập bắn pháo vào các mục tiêu trên không, trên biển, Matveyev nói. Ông cho biết đây là lần thứ 5 hải quân Trung Quốc và Nga tổ chức cuộc tập trận thường kỳ này, nhằm củng cố hợp tác thực tiễn và chống lại nhiều mối đe doạ trên biển. Năm 2015, tập trận được tổ chức trên biển Nhật Bản. Trọng Giáp
</topic_text>
<spam_score>0.00</spam_score>
<post_num>1</post_num>
<post_id>post-1</post_id>
<post_url>http://www.tinnhanhne.net/The-gioi/Doi-tau-chien-Nga-sap-den-Bien-Dong-tap-tran-cung-Trung-Quoc-602557.html</post_url>
<post_date>20160831</post_date>
<post_time>0008</post_time>
<username></username>
<post>
Đội tàu chiến Nga sắp đến Biển Đông tập trận cùng Trung Quốc  44 Tàu Đô đốc Vinogradov của Hạm đội Thái Bình Dương. Ảnh: Tass &quot;Vào đầu tháng 9, một đội tàu gồm tàu chống ngầm lớn Đô đốc Tributs và Đô đốc Vinogradov, một tàu đổ bộ lớn Peresvet, tàu kéo Alatau và tàu chở dầu Pechenga sẽ đi về phía thành phố Trạm Giang, Trung Quốc&quot;, Tass dẫn lời Vladimir Matveyev, người phụ trách báo chí Quân khu phía Đông, nói, trong bài báo đăng hôm qua. Ông Matveyev cho hay t ừ ngày 11/9 tới 19/9, đội tàu sẽ tham gia tập trận Joint Sea 2016 cùng lực lượng hải quân Trung Quốc. Sự kiện được tổ chức ở bờ biển và vùng biển khu vực Biển Đông. Thuỷ thủ các tàu vừa điều phối nhiều hạng mục của tập trận chung, như chống phá hoại, chống tàu ngầm, phòng không, bảo vệ chống tàu và tập bắn pháo vào các mục tiêu trên không, trên biển, Matveyev nói. Ông cho biết đây là lần thứ 5 hải quân Trung Quốc và Nga tổ chức cuộc tập trận thường kỳ này, nhằm củng cố hợp tác thực tiễn và chống lại nhiều mối đe doạ trên biển. Năm 2015, tập trận được tổ chức trên biển Nhật Bản. Trọng Giáp
</post>
<signature>

</signature>
<external_links>

</external_links>
<country>US</country>
<main_image>http://img.f32.vnecdn.net/2016/08/31/1144178-1472602069-4931-1472602343_180x108.jpg</main_image>
</document>
