<?xml version="1.0" encoding="UTF-8"?>
<document>
<type>mainstream</type>
<forum>http://www.journaldemontreal.com//rss.xml</forum>
<forum_title>Accueil</forum_title>
<discussion_title>Deux prix et de bonnes critiques pour Yan England</discussion_title>
<language>french</language>
<gmt_offset></gmt_offset>
<topic_url>http://www.journaldemontreal.com/2016/08/30/deux-prix-et-de-bonnes-critiques-pour-yan-england</topic_url>
<topic_text>
Deux prix et de bonnes critiques pour Yan England Autres Mardi, 30 août 2016 19:55 MISE à JOUR Mardi, 30 août 2016 19:55 Coup d&apos;oeil sur cet article 
Yan England pouvait difficilement demander mieux pour le début de carrière de son premier long métrage, 1:54 . Après avoir remporté deux prix la fin de semaine dernière au Festival du film francophone d’Angoulême (en France), 1:54 a eu droit à des éloges dans la presse française. Le célèbre magazine Paris Match a publié mardi sur son site internet une critique dithyrambique du film québécois qu’il décrit comme son «chouchou» du festival cette année. Le critique du Paris Match a attribuéà 1:54 la note de 4 étoiles sur 5, soulignant notamment le côté nécessaire de ce film «réalisé avec une efficacité oppressante» et qui «mériterait d’être présenté aux élèves de tous les lycées». Le journal français Sud-Ouest a aussi eu de beaux mots pour l’œuvre de Yan England. À Angoulême, 1:54 a reçu le prix du meilleur acteur (remis à Antoine Olivier Pilon) et le prix du jury étudiant. Le film prendra l’affiche au Québec le 13 octobre prochain. 
À DÉCOUVRIR SUR LE WEB Les plus populaires
</topic_text>
<spam_score>0.00</spam_score>
<post_num>1</post_num>
<post_id>post-1</post_id>
<post_url>http://www.journaldemontreal.com/2016/08/30/deux-prix-et-de-bonnes-critiques-pour-yan-england</post_url>
<post_date>20160830</post_date>
<post_time>2355</post_time>
<username></username>
<post>
Deux prix et de bonnes critiques pour Yan England Autres Mardi, 30 août 2016 19:55 MISE à JOUR Mardi, 30 août 2016 19:55 Coup d&apos;oeil sur cet article 
Yan England pouvait difficilement demander mieux pour le début de carrière de son premier long métrage, 1:54 . Après avoir remporté deux prix la fin de semaine dernière au Festival du film francophone d’Angoulême (en France), 1:54 a eu droit à des éloges dans la presse française. Le célèbre magazine Paris Match a publié mardi sur son site internet une critique dithyrambique du film québécois qu’il décrit comme son «chouchou» du festival cette année. Le critique du Paris Match a attribuéà 1:54 la note de 4 étoiles sur 5, soulignant notamment le côté nécessaire de ce film «réalisé avec une efficacité oppressante» et qui «mériterait d’être présenté aux élèves de tous les lycées». Le journal français Sud-Ouest a aussi eu de beaux mots pour l’œuvre de Yan England. À Angoulême, 1:54 a reçu le prix du meilleur acteur (remis à Antoine Olivier Pilon) et le prix du jury étudiant. Le film prendra l’affiche au Québec le 13 octobre prochain. 
À DÉCOUVRIR SUR LE WEB Les plus populaires
</post>
<signature>

</signature>
<external_links>

</external_links>
<country>US</country>
<main_image>http://storage.journaldemontreal.com/v1/dynamic_resize/sws_path/jdx-prod-images/4bfcb4f0-eed2-40ac-817f-8723d88cbbdf_JDX-2x1_WEB.jpg?quality=80&amp;size=1200x&amp;version=1</main_image>
</document>
