<?xml version="1.0" encoding="UTF-8"?>
<document>
<type>mainstream</type>
<forum>http://baohomnay.com/rss</forum>
<forum_title>Tin Tức</forum_title>
<discussion_title>10 vụ chuyển nhượng không bao giờ xảy ra ở thực tại</discussion_title>
<language>vietnamese</language>
<gmt_offset></gmt_offset>
<topic_url>http://www.tinnhanhne.net/The-thao/10-vu-chuyen-nhuong-khong-bao-gio-xay-ra-o-thuc-tai-602553.html</topic_url>
<topic_text>
10 vụ chuyển nhượng không bao giờ xảy ra ở thực tại  40 Lionel Messi sang Real Madrid: Một ngôi sao của Barcelona có thể đầu quân cho bất kỳ CLB nào trên thế giới, ngoại trừ Real. Mối thâm thù giữa hai gã khổng lồ của bóng đá Tây Ban Nha đã kéo dài cả thế kỷ và sẽ còn tiếp diễn mãi mãi về sau. Francesco Totti sang Lazio: Totti sinh ra, lớn lên tại Rome và trở thành huyền thoại sống của đội bóng áo bã trầu. Tuy nhiên, tính mạng của anh sẽ bị đe dọa nếu có bất kỳ phát ngôn nào liên quan đến việc đầu quân cho kình địch Lazio. Cristiano Ronaldo sang Barcelona: Gần như trong mắt những ai yêu mến Barca, Ronaldo mặc định là một gã đáng ghét. Tất nhiên, chẳng cules nào muốn chứng kiến sự hiện diện của siêu sao người Bồ Đào Nha tại Nou Camp. Ibrahimovic sang Marseille: Zlatan có thể đầu quân cho bất kỳ CLB nào anh muốn, thậm chí là cả kình địch lớn nhất của PSG là Marseille. May mắn là điều này đã không xảy ra khi tiền đạo người Thụy Điển chọn Old Trafford làm điểm đến tiếp theo. Philipp Lahm sang Dortmund: Thủ quân, biểu tượng thành công của Bayern Munich sẽ chuyển sang khoác áo kình địch vùng Ruhr? Ngay cả một người có trí tưởng tượng phong phú nhất cũng không dám nghĩ đến. John Terry sang Arsenal: Ashley Cole đã phải hứng chịu những lời chỉ trích trong suốt quãng thời gian thi đấu tại Anh vì hành động &quot;phản bội&quot; Arsenal để đầu quân cho kình địch không đội trời chung Chelsea. Chắc hẳn John Terry cũng ý thức được hậu quả và thương vụ này sẽ chẳng bao giờ xảy ra cho đến khi lão tướng 35 tuổi giải nghệ. Carlos Tevez sang River Plate: Cuộc đối đầu giữa Boca Junior và River Plate luôn được đánh giá là một trong những trận derby hấp dẫn nhất lịch sử bóng đá thế giới. Tevez khởi ngiệp từ Boca và sự thù hận đã ngấm sâu trong anh từ khi còn là một cầu thủ trẻ. Vì vậy, việc &quot;El Apache&quot; khoác áo River Plate là điều không thể xảy ra. Alessandro Del Piero sang Inter: Huyền thoại người Italy đã khẳng định lòng trung thành với Juventus bằng cách từ chối kình địch Inter năm 2012 để chuyển sang thi đấu tại giải VĐQG Úc. Steven Gerrard sang Everton: Cựu tiền vệ người Anh chính là &quot;cái gai&quot; lớn nhất trong mắt người hâm mộ &quot;The Toffees&quot;. Giờ đây, họ sẽ không phải chứng kiến cảnh Gerrard chọc thủng lưới đội bóng con cưng và ăn mừng một cách điên cuồng nữa. Wayne Rooney sang Chelsea: Rooney là cái tên Mourinho vô cùng yêu thích. Thậm chí, &quot;Người đặc biệt&quot; suýt chút nữa đã sở hữu &quot;Gã Sherk&quot; khi còn dẫn dắt Chelsea năm 2013. Giờ đây, ông đã được dẫn dắt một Rooney bằng xương bằng thịt tại Old Trafford. Chỉ tiếc rằng ngôi sao người Anh đã không còn giữ được phong độ đỉnh cao như cách đây khoảng 3, 4 mùa giải. Dũng Sĩ (Theo Goal.com).
</topic_text>
<spam_score>0.00</spam_score>
<post_num>1</post_num>
<post_id>post-1</post_id>
<post_url>http://www.tinnhanhne.net/The-thao/10-vu-chuyen-nhuong-khong-bao-gio-xay-ra-o-thuc-tai-602553.html</post_url>
<post_date>20160831</post_date>
<post_time>0008</post_time>
<username></username>
<post>
10 vụ chuyển nhượng không bao giờ xảy ra ở thực tại  40 Lionel Messi sang Real Madrid: Một ngôi sao của Barcelona có thể đầu quân cho bất kỳ CLB nào trên thế giới, ngoại trừ Real. Mối thâm thù giữa hai gã khổng lồ của bóng đá Tây Ban Nha đã kéo dài cả thế kỷ và sẽ còn tiếp diễn mãi mãi về sau. Francesco Totti sang Lazio: Totti sinh ra, lớn lên tại Rome và trở thành huyền thoại sống của đội bóng áo bã trầu. Tuy nhiên, tính mạng của anh sẽ bị đe dọa nếu có bất kỳ phát ngôn nào liên quan đến việc đầu quân cho kình địch Lazio. Cristiano Ronaldo sang Barcelona: Gần như trong mắt những ai yêu mến Barca, Ronaldo mặc định là một gã đáng ghét. Tất nhiên, chẳng cules nào muốn chứng kiến sự hiện diện của siêu sao người Bồ Đào Nha tại Nou Camp. Ibrahimovic sang Marseille: Zlatan có thể đầu quân cho bất kỳ CLB nào anh muốn, thậm chí là cả kình địch lớn nhất của PSG là Marseille. May mắn là điều này đã không xảy ra khi tiền đạo người Thụy Điển chọn Old Trafford làm điểm đến tiếp theo. Philipp Lahm sang Dortmund: Thủ quân, biểu tượng thành công của Bayern Munich sẽ chuyển sang khoác áo kình địch vùng Ruhr? Ngay cả một người có trí tưởng tượng phong phú nhất cũng không dám nghĩ đến. John Terry sang Arsenal: Ashley Cole đã phải hứng chịu những lời chỉ trích trong suốt quãng thời gian thi đấu tại Anh vì hành động &quot;phản bội&quot; Arsenal để đầu quân cho kình địch không đội trời chung Chelsea. Chắc hẳn John Terry cũng ý thức được hậu quả và thương vụ này sẽ chẳng bao giờ xảy ra cho đến khi lão tướng 35 tuổi giải nghệ. Carlos Tevez sang River Plate: Cuộc đối đầu giữa Boca Junior và River Plate luôn được đánh giá là một trong những trận derby hấp dẫn nhất lịch sử bóng đá thế giới. Tevez khởi ngiệp từ Boca và sự thù hận đã ngấm sâu trong anh từ khi còn là một cầu thủ trẻ. Vì vậy, việc &quot;El Apache&quot; khoác áo River Plate là điều không thể xảy ra. Alessandro Del Piero sang Inter: Huyền thoại người Italy đã khẳng định lòng trung thành với Juventus bằng cách từ chối kình địch Inter năm 2012 để chuyển sang thi đấu tại giải VĐQG Úc. Steven Gerrard sang Everton: Cựu tiền vệ người Anh chính là &quot;cái gai&quot; lớn nhất trong mắt người hâm mộ &quot;The Toffees&quot;. Giờ đây, họ sẽ không phải chứng kiến cảnh Gerrard chọc thủng lưới đội bóng con cưng và ăn mừng một cách điên cuồng nữa. Wayne Rooney sang Chelsea: Rooney là cái tên Mourinho vô cùng yêu thích. Thậm chí, &quot;Người đặc biệt&quot; suýt chút nữa đã sở hữu &quot;Gã Sherk&quot; khi còn dẫn dắt Chelsea năm 2013. Giờ đây, ông đã được dẫn dắt một Rooney bằng xương bằng thịt tại Old Trafford. Chỉ tiếc rằng ngôi sao người Anh đã không còn giữ được phong độ đỉnh cao như cách đây khoảng 3, 4 mùa giải. Dũng Sĩ (Theo Goal.com).
</post>
<signature>

</signature>
<external_links>

</external_links>
<country>US</country>
<main_image>http://img.v3.news.zdn.vn/w660/Uploaded/mdf_rexqdd/2016_08_31/1_2.jpg</main_image>
</document>
