<?xml version="1.0" encoding="UTF-8"?>
<document>
<type>mainstream</type>
<forum>http://www.csnchicago.com/rss-top-headlines.xml</forum>
<forum_title>CSN Chicago RSS Feed</forum_title>
<discussion_title>Masters champ Willett skips FedEx Cup Playoffs</discussion_title>
<language>english</language>
<gmt_offset></gmt_offset>
<topic_url>http://www.csnchicago.com/content/masters-champ-willett-skips-fedex-cup-playoffs</topic_url>
<topic_text>
Masters champ Danny Willett is defending his title in Switzerland this week rather than playing the Deutsche Bank Championship, a choice that effectively ends his FedEx Cup Playoff hopes. Image:
</topic_text>
<spam_score>0.00</spam_score>
<post_num>1</post_num>
<post_id>post-1</post_id>
<post_url>http://www.csnchicago.com/content/masters-champ-willett-skips-fedex-cup-playoffs</post_url>
<post_date>20160830</post_date>
<post_time>1123</post_time>
<username>nbcsports.com</username>
<post>
Masters champ Danny Willett is defending his title in Switzerland this week rather than playing the Deutsche Bank Championship, a choice that effectively ends his FedEx Cup Playoff hopes. Image:
</post>
<signature>

</signature>
<external_links>

</external_links>
<country>US</country>
<main_image></main_image>
</document>
