<?xml version="1.0" encoding="UTF-8"?>
<document>
<type>mainstream</type>
<forum>http://rssfeeds.11alive.com/_/20/110079908/wxia-local</forum>
<forum_title>WXIA - Local</forum_title>
<discussion_title>Officer dragged, hit by woman&apos;s car</discussion_title>
<language>english</language>
<gmt_offset></gmt_offset>
<topic_url>http://rssfeeds.11alive.com/_/20/110079908/http&amp;#x3a;&amp;#x2f;&amp;#x2f;www&amp;#x2e;11alive&amp;#x2e;com&amp;#x2f;news&amp;#x2f;local&amp;#x2f;watch-dash-cam-video-shows-woman-drag-hit-officer-with-car&amp;#x2f;311437313</topic_url>
<topic_text>
WATCH: Dash cam video shows officer dragged, hit by car Dash cam video: Statham Police Officer dragged, run over by car Adrianne Haney, WXIA 8:26 PM. EDT August 30, 2016 Dash cam video caught a Georgia woman drag and hit an officer with her car as she tried to drive away from a traffic stop. (Photo: Statham Police Department, WXIA) 
STATHAM, Ga. -- A Georgia woman who was on the run was arrested Tuesday after she hit an officer with her car as she drove off from a traffic stop. 
According to the Statham Police Department, Officer Marc Lofton signaled for 28-year-old Jessica Fox over on Dooley Town Road this past Saturday, after he clocked her going over the speed limit in a 35 mph zone. 
Dash cam video from inside the officer&apos;s patrol car shows Lofton following Fox for about a minute, until she pulls over on the side of the road. 
Lofton gets out of his car to ask Fox what took her so long to stop. During the exchange, Fox asks the officer whether he is in jurisdiction and he explains that he is deputized and authorized to make the stop. 
Lofton then asks Fox for her license and to stop using her cell phone. He asks her to step out of the car and state her name, but she provides a fake name. Lofton then asks Fox to turn around so he can place her under arrest. She tries to push his hands away and yells at him to stop. 
Lofton asks Fox to put her hands behind her back again and warns that she will be tased if she does not. They continue to struggle until Lofton deploys the taser. He tries to yank her out of the car and threatens to tase her again. 
At that point, the officer appears to try to enter the car to remove Fox, but the car is in gear. As she drives away, the car veers from the right hand side of the road to into the opposite lane, dragging him as he hangs outside the door. Her rear tires appear to also strike the Lofton&apos;s feet as she speeds off. 
Lofton was treated at the hospital for a concussion and a possible tear in his Achilles&apos; tendon, and is back at home recovering. Fox was wanted on multiple offenses, including aggravated battery and aggravated asssault on a police officer. She was taken into custody Tuesday, though her fiancee, Dustin Gaddy, said he talked to her and she said she planned to turn herself in. 
(Photo: WXIA) 
Gaddy spoke with 11Alive Monday and he called the whole thing a big accident and a misunderstanding. Gaddy said Fox was afraid and had not realized that she hit the officer. 
He said she drove off in a panic because she was scared of being arrested again, and was afraid if she went back to jail she would not be able to get her children back from Georgia DFCS. 
CRIME NEWS | Mugshot Gallery Loading... Police arrested 21-year-old Dominic Mayberry for allegedly using fake money to scam residents selling their cars. Gwinnett County Jail, WXIA Police arrested 39-year-old Joseph Lamb for allegedly using fake money to scam residents selling their cars. Gwinnett County Jail, WXIA A Cobb jury found 72-year-old Helen Flournoy Bell guilty of 16 counts related to the abuse, neglect and exploitation of three mentally-ill men who were supposed to be in her care. Cobb County Sheriff&apos;s Office, WXIA A Cobb jury found 54-year-old Sheila Bell Hawkins guilty of 16 counts related to the abuse, neglect and exploitation of three mentally-ill men who were supposed to be in her care. Cobb County Sheriff&apos;s Office, WXIA Atlanta Police arrested Brandon Williams on Aug. 21, 2016 for the 2008 murder of Corey Coleman, who was shot and killed after an &quot;on-going dispute.&quot; Fulton County Sheriff&apos;s Office, WXIA Police arrested 20-year-old Darquez Fullwood for his involvement in a fatal shooting in Lawrenceville after a drug deal gone bad. Gwinnett County Sheriff&apos;s Office, WXIA Police arrested 23-year-old Dominic Fullwood for his involvement in a fatal shooting in Lawrenceville after a drug deal gone bad. Gwinnett County Sheriff&apos;s Office, WXIA Police arrested 17-year-old Tia Coleman for her involvement in a fatal shooting in Lawrenceville after a drug deal gone bad. Gwinnett County Sheriff&apos;s Office, WXIA Police arrested 23-year-old Sean Swanson for his involvement in a fatal shooting in Lawrenceville after a drug deal gone bad. Gwinnett County Sheriff&apos;s Office, WXIA Police arrested 23-year-old Terrell McCallum for his involvement in a fatal shooting in Lawrenceville after a drug deal gone bad. Gwinnett County Sheriff&apos;s Office, WXIA Mugshot from 2014 of ex-Falcons player Jamal Anderson from when he was arrested and charged with a DUI. On Fri., Aug. 19, 2016 Anderson was arrested again on a suspended license charge. Gwinnett County, WXIA Lillian Sitero was arrested after police found more than three pounds of marijuanan and other drug-laced desserts inside their home and a storage unit. Sandy Springs Police, WXIA Charles Sitero was arrested after police found more than three pounds of marijuanan and other drug-laced desserts inside their home and a storage unit. Sandy Springs Police, WXIA Sheborah Latrice Thomas, 30 HPD Shavone Whitehead, 24 and Edward Wilson,33 are charged with aggravated battery and cruelty to children, after being questioned for their alleged involvement with the crime by investigators from Brookhaven and DeKalb’s district attorney’s office. Silvestre Diaz-Duque (Fulton County Sheriff&apos;s Office) Former Gwinnett County Police Officer is accused of taking his estranged wife&apos;s cell phone and posting a sexually-explicit video on Facebook. (Photo: Gwinnett County Police Department) James DaPaola was arrested on July 27, 2016 after an argument over a grilled cheese sandwich. (Photo: Clarke County Sheriff&apos;s office) Sandra Reed, 50, is accused of stabbing and killing her husband in their southwest Atlanta home on July 30, 2016 after a domestic dispute. Fulton County Jail, WXIA Sarah Simmons, 30, faces charges of child abuse after a 6-year-old boy&apos;s feet were severely burned while he was forced to stand on hot ground, court documents stated. Maricopa County Sheriff&apos;s Office Melissa Tomesh was arrested after allegedly being found passed out while breastfeeding her child early Friday, July 29. (Photo: Roswell Police Department) Terence Cook (seen here in a 2004 mug shot) is accused in a bomb threat at the law firm of &quot;Real Housewives of Atlanta&quot; cast member Phaedra Parks. Maurice Nelson is wanted for rape, criminal confinement and other crimes after police say he kept a woman prisoner for several days on the north west side. (Photo: IMPD) Abraham Christopher Martinez was charged with DUI after he crashed into a patrol car and another vehicle. City of Atlanta Dept. of Corrections, WXIA Liubov Volkova , 35, is facing murder charges after police accused her of killing her husband. Investigatorsw were initially led to believe the death was a suicide. Gwinnett County Detention Center, WXIA Oscar Tierra-Blanca charged with 2 counts of Murder with Malice Tonya Monroe Tyrone Marvail Chapman faces charges of aggravated assault on police, felony obstruction of justice, driving while license suspended, impeding the flow of traffic and criminal damage to property in the first degree. DeKalb County Sheriff&apos;s Office Christopher Marlow (Photo: Cobb County Sheriff&apos;s Office) Victor DeJesus (Photo: Cobb County Sheriff&apos;s Office) Aaron Uchitel (Fulton County Sheriff&apos;s Office photo) East Point police have charged Michael Wash with aggravated assault, two counts of cruelty to children in the first degree, cruelty to children in the third degree, giving false statements and concealing the death of another. Lasherae Davis Joseph C. Thoresen (Photo: Itasca County Sheriff&apos;s Office) Gwinnett County fire investigators charged Michael Bernard Johnson,18, with five-felony charges related an arson investigation at the La Jalisco Super Carniceria. Gwinnett County Jail, WXIA Police arrested Tarnue Kolubah after a toddler under his care wandered off and drowned in the water at Fort Yargo State Park in Winder, Ga. Winder Police Department, WXIA Ernest Olivares (photo: Fulton County Jail) WXIA Carolyn Callwood, (Newton County Sheriff&apos;s Office photo) Elizabeth Betsy Wall, 63, of Powder Springs, Ga. is charged with felony murder, aggravated assault, possession of a weapon during the commission of a felony and cruelty to children in the third degree in the death of her former daughter-in-law. Cobb County Sheriff&apos;s Office Tavoris Reeves (Meriwether County Sheriff&apos;s Office) Crystal Waller (Meriwether County Sheriff&apos;s Office) Authorities charged Carlos Pacheco-Navas after they accused him an attempted kidnapping of a 14-year-old girl who was walking home from a MARTA station. Brookhave Police Department/DeKalb County Sheriff, WXIA Marietta Police charged Thadeshia Clark, 20, of Hampton, Va. in the murder of hair salon employee Howard Sewell. Cobb County Sheriff&apos;s Office, WXIA Omar Savior is charged in the death of Howard Sewell (Photo: Cobb County Sheriff&apos;s Office) Former DeKalb County Police aide Shirley Waters is accused of selling information to another person. DeKalb County Sheriff, WXIA James Wesley Howell, 20 Custom Terrence Elane was arrested in connection with a fatal shooting on I-20 (Photo: DeKalb COunty Police Department) Authorities say the former mayor of Dawson, Ga., 26-year-old Christopher Wright, was indicted on charges related to child molestation. Terrell County Sheriff Jianghong Wang, 42, was arrested in February after a woman complained that she was inappropriately touched by an employee at BLC Massage on Lawrenceville Suwanee Road. Authorities say the parents of Heard Dooley convinved their son to tunr himself in to police after an attempted bank robbery Rockdale County Sheriff Police are looking for murder suspect Raymond Clark who may be in the Atlanta area. Miguel Angel Valencia Bartow County Sheriff Patrick Bailey is accused of secretly recording and photographing women and young girls in public areas and dressing rooms of a Dunwoody Macy&apos;s. Custom Michael Thomas (L) and Antonio Martez Bell (R) are charged with an alleged home invasion and shooting an officer at a Buckhead apartment. Fulton County Sheriff Somsanit Thammavong (L) and Cala Raeann Franks were charged with leaving a puppy inside a hot car for hours at the Mall of Georgia and possession of marijuana on May 31, 2016. (photos: Gwinnett Co. PD) WXIA Ernie Sutton, 24, is facing charges of armed robbery, aggravated assault, home invasion, six counts of false imprisonment, possession of a firearm by a convicted felon and possession of a firearm during the commission of a felony. College Park Police Department Ahra Amina Ali is accused of attacking a woman with an American flag. Authorities arrested Victor Blockum four years after finding his business partner&apos;s body inside a well. Georgia Bureau of Investigation Jorge Desantos (photo: Gwinnett Co. Jail) WXIA Katrina Cannon allegedly dropped her pants at a children&apos;s park and told boys to &quot;come get her.&quot; Reality TV star Karen King, from &quot;Love and Hip Hop Atlanta&quot; was arrested and accused of participating in a fraud ring to make purchases at a high-end Atlanta retailer. Fulton County Sheriff Authorities arrested 19-year-old Germarius Oneal in the shooting death of a Griffin, Ga. teen who was attending a graduation party. Butts County Sheriff Authorities arrested 19-year-old Christopher Walker in the shooting death of a Griffin, Ga. teen who was attending a graduation party. Butts County Sheriff Antwan Latrell Thomas, 37 Clayton County Police Romelle Nathaniel James was charged with armed robbery, home invasion, first-degree burglary, poss. of a knife during the commission of a felony, poss. of a firearm during the commission of a felony, agg. battery and 3 counts of agg. assault. DeKalb County Police Department Authorities say 50-year-old Ronald Mark Clark of Woodstock, Ga. was behind multiple burglaries in the Marietta-area during which he forced open unoccupied homes and took high-end kitchen ranges. Cobb County Police Christopher Florence was named along with the leader of a local sect of the Bloods gang in an indictment for the shooting-death of a 9-month-old baby. DeKalb County Sheriff Kenneth Eric Jackson was indicted for the shooting-death of a 9-month-old baby. DeKalb County Sheriff Marco Watson was named along with the leader of a local sect of the Bloods gang in an indictment for the shooting-death of a 9-month-old baby. DeKalb County Sheriff Eunice English was named along with the leader of a local sect of the Bloods gang in an indictment for the shooting-death of a 9-month-old baby. DeKalb County Sheriff Devin Thomas was named along with the leader of a local sect of the Bloods gang in an indictment for the shooting-death of a 9-month-old baby. DeKalb County Sheriff Damarius Thompson, 25(left) and Shontavious Chestnut, 25(right) Quentin Brown was arrested in connection with a carjacking at Perimeter Mall. Dustin York Gwinnett County Police, WXIA Alexander McDaniel (Photo: Fulton County Government) Tracia Hubbard, 48, is accused of shooting Brandon Parker, 33, to death after the two argued outside of her mother&apos;s home at 739 Grosso Ave. Gregory Andre Stillwell is accused of attacking an elderly woman. (Photo: McDonough Police Department) Thomas Sickman, a teacher at Heard County High, is accused of having sex with a student. (Photo: Heard County Sheriff&apos;s Office) Police arrested Isaac Lee Johnson for a fatal stabbing at a homeless camp. Athens-Clarke County
</topic_text>
<spam_score>0.00</spam_score>
<post_num>1</post_num>
<post_id>post-1</post_id>
<post_url>http://rssfeeds.11alive.com/_/20/110079908/http&amp;#x3a;&amp;#x2f;&amp;#x2f;www&amp;#x2e;11alive&amp;#x2e;com&amp;#x2f;news&amp;#x2f;local&amp;#x2f;watch-dash-cam-video-shows-woman-drag-hit-officer-with-car&amp;#x2f;311437313</post_url>
<post_date>20160831</post_date>
<post_time>0026</post_time>
<username>Adrianne Haney</username>
<post>
WATCH: Dash cam video shows officer dragged, hit by car Dash cam video: Statham Police Officer dragged, run over by car Adrianne Haney, WXIA 8:26 PM. EDT August 30, 2016 Dash cam video caught a Georgia woman drag and hit an officer with her car as she tried to drive away from a traffic stop. (Photo: Statham Police Department, WXIA) 
STATHAM, Ga. -- A Georgia woman who was on the run was arrested Tuesday after she hit an officer with her car as she drove off from a traffic stop. 
According to the Statham Police Department, Officer Marc Lofton signaled for 28-year-old Jessica Fox over on Dooley Town Road this past Saturday, after he clocked her going over the speed limit in a 35 mph zone. 
Dash cam video from inside the officer&apos;s patrol car shows Lofton following Fox for about a minute, until she pulls over on the side of the road. 
Lofton gets out of his car to ask Fox what took her so long to stop. During the exchange, Fox asks the officer whether he is in jurisdiction and he explains that he is deputized and authorized to make the stop. 
Lofton then asks Fox for her license and to stop using her cell phone. He asks her to step out of the car and state her name, but she provides a fake name. Lofton then asks Fox to turn around so he can place her under arrest. She tries to push his hands away and yells at him to stop. 
Lofton asks Fox to put her hands behind her back again and warns that she will be tased if she does not. They continue to struggle until Lofton deploys the taser. He tries to yank her out of the car and threatens to tase her again. 
At that point, the officer appears to try to enter the car to remove Fox, but the car is in gear. As she drives away, the car veers from the right hand side of the road to into the opposite lane, dragging him as he hangs outside the door. Her rear tires appear to also strike the Lofton&apos;s feet as she speeds off. 
Lofton was treated at the hospital for a concussion and a possible tear in his Achilles&apos; tendon, and is back at home recovering. Fox was wanted on multiple offenses, including aggravated battery and aggravated asssault on a police officer. She was taken into custody Tuesday, though her fiancee, Dustin Gaddy, said he talked to her and she said she planned to turn herself in. 
(Photo: WXIA) 
Gaddy spoke with 11Alive Monday and he called the whole thing a big accident and a misunderstanding. Gaddy said Fox was afraid and had not realized that she hit the officer. 
He said she drove off in a panic because she was scared of being arrested again, and was afraid if she went back to jail she would not be able to get her children back from Georgia DFCS. 
CRIME NEWS | Mugshot Gallery Loading... Police arrested 21-year-old Dominic Mayberry for allegedly using fake money to scam residents selling their cars. Gwinnett County Jail, WXIA Police arrested 39-year-old Joseph Lamb for allegedly using fake money to scam residents selling their cars. Gwinnett County Jail, WXIA A Cobb jury found 72-year-old Helen Flournoy Bell guilty of 16 counts related to the abuse, neglect and exploitation of three mentally-ill men who were supposed to be in her care. Cobb County Sheriff&apos;s Office, WXIA A Cobb jury found 54-year-old Sheila Bell Hawkins guilty of 16 counts related to the abuse, neglect and exploitation of three mentally-ill men who were supposed to be in her care. Cobb County Sheriff&apos;s Office, WXIA Atlanta Police arrested Brandon Williams on Aug. 21, 2016 for the 2008 murder of Corey Coleman, who was shot and killed after an &quot;on-going dispute.&quot; Fulton County Sheriff&apos;s Office, WXIA Police arrested 20-year-old Darquez Fullwood for his involvement in a fatal shooting in Lawrenceville after a drug deal gone bad. Gwinnett County Sheriff&apos;s Office, WXIA Police arrested 23-year-old Dominic Fullwood for his involvement in a fatal shooting in Lawrenceville after a drug deal gone bad. Gwinnett County Sheriff&apos;s Office, WXIA Police arrested 17-year-old Tia Coleman for her involvement in a fatal shooting in Lawrenceville after a drug deal gone bad. Gwinnett County Sheriff&apos;s Office, WXIA Police arrested 23-year-old Sean Swanson for his involvement in a fatal shooting in Lawrenceville after a drug deal gone bad. Gwinnett County Sheriff&apos;s Office, WXIA Police arrested 23-year-old Terrell McCallum for his involvement in a fatal shooting in Lawrenceville after a drug deal gone bad. Gwinnett County Sheriff&apos;s Office, WXIA Mugshot from 2014 of ex-Falcons player Jamal Anderson from when he was arrested and charged with a DUI. On Fri., Aug. 19, 2016 Anderson was arrested again on a suspended license charge. Gwinnett County, WXIA Lillian Sitero was arrested after police found more than three pounds of marijuanan and other drug-laced desserts inside their home and a storage unit. Sandy Springs Police, WXIA Charles Sitero was arrested after police found more than three pounds of marijuanan and other drug-laced desserts inside their home and a storage unit. Sandy Springs Police, WXIA Sheborah Latrice Thomas, 30 HPD Shavone Whitehead, 24 and Edward Wilson,33 are charged with aggravated battery and cruelty to children, after being questioned for their alleged involvement with the crime by investigators from Brookhaven and DeKalb’s district attorney’s office. Silvestre Diaz-Duque (Fulton County Sheriff&apos;s Office) Former Gwinnett County Police Officer is accused of taking his estranged wife&apos;s cell phone and posting a sexually-explicit video on Facebook. (Photo: Gwinnett County Police Department) James DaPaola was arrested on July 27, 2016 after an argument over a grilled cheese sandwich. (Photo: Clarke County Sheriff&apos;s office) Sandra Reed, 50, is accused of stabbing and killing her husband in their southwest Atlanta home on July 30, 2016 after a domestic dispute. Fulton County Jail, WXIA Sarah Simmons, 30, faces charges of child abuse after a 6-year-old boy&apos;s feet were severely burned while he was forced to stand on hot ground, court documents stated. Maricopa County Sheriff&apos;s Office Melissa Tomesh was arrested after allegedly being found passed out while breastfeeding her child early Friday, July 29. (Photo: Roswell Police Department) Terence Cook (seen here in a 2004 mug shot) is accused in a bomb threat at the law firm of &quot;Real Housewives of Atlanta&quot; cast member Phaedra Parks. Maurice Nelson is wanted for rape, criminal confinement and other crimes after police say he kept a woman prisoner for several days on the north west side. (Photo: IMPD) Abraham Christopher Martinez was charged with DUI after he crashed into a patrol car and another vehicle. City of Atlanta Dept. of Corrections, WXIA Liubov Volkova , 35, is facing murder charges after police accused her of killing her husband. Investigatorsw were initially led to believe the death was a suicide. Gwinnett County Detention Center, WXIA Oscar Tierra-Blanca charged with 2 counts of Murder with Malice Tonya Monroe Tyrone Marvail Chapman faces charges of aggravated assault on police, felony obstruction of justice, driving while license suspended, impeding the flow of traffic and criminal damage to property in the first degree. DeKalb County Sheriff&apos;s Office Christopher Marlow (Photo: Cobb County Sheriff&apos;s Office) Victor DeJesus (Photo: Cobb County Sheriff&apos;s Office) Aaron Uchitel (Fulton County Sheriff&apos;s Office photo) East Point police have charged Michael Wash with aggravated assault, two counts of cruelty to children in the first degree, cruelty to children in the third degree, giving false statements and concealing the death of another. Lasherae Davis Joseph C. Thoresen (Photo: Itasca County Sheriff&apos;s Office) Gwinnett County fire investigators charged Michael Bernard Johnson,18, with five-felony charges related an arson investigation at the La Jalisco Super Carniceria. Gwinnett County Jail, WXIA Police arrested Tarnue Kolubah after a toddler under his care wandered off and drowned in the water at Fort Yargo State Park in Winder, Ga. Winder Police Department, WXIA Ernest Olivares (photo: Fulton County Jail) WXIA Carolyn Callwood, (Newton County Sheriff&apos;s Office photo) Elizabeth Betsy Wall, 63, of Powder Springs, Ga. is charged with felony murder, aggravated assault, possession of a weapon during the commission of a felony and cruelty to children in the third degree in the death of her former daughter-in-law. Cobb County Sheriff&apos;s Office Tavoris Reeves (Meriwether County Sheriff&apos;s Office) Crystal Waller (Meriwether County Sheriff&apos;s Office) Authorities charged Carlos Pacheco-Navas after they accused him an attempted kidnapping of a 14-year-old girl who was walking home from a MARTA station. Brookhave Police Department/DeKalb County Sheriff, WXIA Marietta Police charged Thadeshia Clark, 20, of Hampton, Va. in the murder of hair salon employee Howard Sewell. Cobb County Sheriff&apos;s Office, WXIA Omar Savior is charged in the death of Howard Sewell (Photo: Cobb County Sheriff&apos;s Office) Former DeKalb County Police aide Shirley Waters is accused of selling information to another person. DeKalb County Sheriff, WXIA James Wesley Howell, 20 Custom Terrence Elane was arrested in connection with a fatal shooting on I-20 (Photo: DeKalb COunty Police Department) Authorities say the former mayor of Dawson, Ga., 26-year-old Christopher Wright, was indicted on charges related to child molestation. Terrell County Sheriff Jianghong Wang, 42, was arrested in February after a woman complained that she was inappropriately touched by an employee at BLC Massage on Lawrenceville Suwanee Road. Authorities say the parents of Heard Dooley convinved their son to tunr himself in to police after an attempted bank robbery Rockdale County Sheriff Police are looking for murder suspect Raymond Clark who may be in the Atlanta area. Miguel Angel Valencia Bartow County Sheriff Patrick Bailey is accused of secretly recording and photographing women and young girls in public areas and dressing rooms of a Dunwoody Macy&apos;s. Custom Michael Thomas (L) and Antonio Martez Bell (R) are charged with an alleged home invasion and shooting an officer at a Buckhead apartment. Fulton County Sheriff Somsanit Thammavong (L) and Cala Raeann Franks were charged with leaving a puppy inside a hot car for hours at the Mall of Georgia and possession of marijuana on May 31, 2016. (photos: Gwinnett Co. PD) WXIA Ernie Sutton, 24, is facing charges of armed robbery, aggravated assault, home invasion, six counts of false imprisonment, possession of a firearm by a convicted felon and possession of a firearm during the commission of a felony. College Park Police Department Ahra Amina Ali is accused of attacking a woman with an American flag. Authorities arrested Victor Blockum four years after finding his business partner&apos;s body inside a well. Georgia Bureau of Investigation Jorge Desantos (photo: Gwinnett Co. Jail) WXIA Katrina Cannon allegedly dropped her pants at a children&apos;s park and told boys to &quot;come get her.&quot; Reality TV star Karen King, from &quot;Love and Hip Hop Atlanta&quot; was arrested and accused of participating in a fraud ring to make purchases at a high-end Atlanta retailer. Fulton County Sheriff Authorities arrested 19-year-old Germarius Oneal in the shooting death of a Griffin, Ga. teen who was attending a graduation party. Butts County Sheriff Authorities arrested 19-year-old Christopher Walker in the shooting death of a Griffin, Ga. teen who was attending a graduation party. Butts County Sheriff Antwan Latrell Thomas, 37 Clayton County Police Romelle Nathaniel James was charged with armed robbery, home invasion, first-degree burglary, poss. of a knife during the commission of a felony, poss. of a firearm during the commission of a felony, agg. battery and 3 counts of agg. assault. DeKalb County Police Department Authorities say 50-year-old Ronald Mark Clark of Woodstock, Ga. was behind multiple burglaries in the Marietta-area during which he forced open unoccupied homes and took high-end kitchen ranges. Cobb County Police Christopher Florence was named along with the leader of a local sect of the Bloods gang in an indictment for the shooting-death of a 9-month-old baby. DeKalb County Sheriff Kenneth Eric Jackson was indicted for the shooting-death of a 9-month-old baby. DeKalb County Sheriff Marco Watson was named along with the leader of a local sect of the Bloods gang in an indictment for the shooting-death of a 9-month-old baby. DeKalb County Sheriff Eunice English was named along with the leader of a local sect of the Bloods gang in an indictment for the shooting-death of a 9-month-old baby. DeKalb County Sheriff Devin Thomas was named along with the leader of a local sect of the Bloods gang in an indictment for the shooting-death of a 9-month-old baby. DeKalb County Sheriff Damarius Thompson, 25(left) and Shontavious Chestnut, 25(right) Quentin Brown was arrested in connection with a carjacking at Perimeter Mall. Dustin York Gwinnett County Police, WXIA Alexander McDaniel (Photo: Fulton County Government) Tracia Hubbard, 48, is accused of shooting Brandon Parker, 33, to death after the two argued outside of her mother&apos;s home at 739 Grosso Ave. Gregory Andre Stillwell is accused of attacking an elderly woman. (Photo: McDonough Police Department) Thomas Sickman, a teacher at Heard County High, is accused of having sex with a student. (Photo: Heard County Sheriff&apos;s Office) Police arrested Isaac Lee Johnson for a fatal stabbing at a homeless camp. Athens-Clarke County
</post>
<signature>

</signature>
<external_links>

</external_links>
<country>US</country>
<main_image>http://content.11alive.com/photo/2016/08/30/statham%20officer%20dragged%20hit_1472601914433_5885197_ver1.0_640_360.jpg</main_image>
</document>
