<?xml version="1.0" encoding="UTF-8"?>
<document>
<type>mainstream</type>
<forum>http://www.alriyadh.com/section.home.xml</forum>
<forum_title>الرئيسية</forum_title>
<discussion_title>هيئة تطوير منطقة مكة المكرمة تعتمد شعار «استثمر في مكة»</discussion_title>
<language>arabic</language>
<gmt_offset></gmt_offset>
<topic_url>http://www.alriyadh.com/1529857</topic_url>
<topic_text>
  في أول اجتماع بعد توسيع نطاق أعمالها هيئة تطوير منطقة مكة المكرمة تعتمد شعار «استثمر في مكة» الأمير خالد الفيصل أثناء ترؤسه اجتماع هيئة تطوير مكة 
جدة - صالح الرويس 
وافق مجلس هيئة تطوير منطقة مكة المكرمة، على اختيار «استثمر في مكة» شعاراً للخطة الاستراتيجية لـ «الهيئة»، وذلك في أول اجتماع لها بعد صدور موافقة مجلس الوزراء على توسيع نطاق أعمالها لتشمل جميع محافظات المنطقة. 
وتأتي الخطة الاستراتيجية للهيئة متوافقة مع توجهات المملكة العربية السعودية المستقبلية ورؤيتها 2030 والتي تحث على مشاركة القطاع الخاص في تنفيذ مشاريع التنمية. 
وخلال الاجتماع الذي ترأسه صاحب السمو الملكي الأمير خالد الفيصل مستشار خادم الحرمين الشريفين أمير منطقة مكة المكرمة، رئيس هيئة تطوير المنطقة، في مكتبه في جدة أمس، قال: «أتقدم بالشكر والتقدير لسيدي خادم الحرمين الشريفين - أيده الله بنصره - على الموافقة بتحويل اختصاص الهيئة لتشمل منطقة مكة المكرمة ما يدعونا إلى تكريس الجهود والأعمال لتصل إلى طموحاته - يحفظه الله - وتحقق تطلعات المواطن في المنطقة»، مؤكداً ضرورة جدولة المشروعات ووضع إطار زمني لتنفيذها خلال الأعوام الخمسة المقبلة. 
وقدم أمير منطقة مكة المكرمة الشكر لأعضاء مجلس الهيئة السابقين الذين قدموا خدماتهم لتطوير مكة المكرمة والمشاعر المقدسة، مرحباً بالأعضاء الجدد، وقال: «أسأل الله أن يعين الجميع على تحمل المسؤولية لخدمة أطهر بقاع الأرض وأن نؤدي واجبنا على أكمل وجه تجاه الوطن والمواطن والحاج والمعتمر وهي الخدمة التي شرف الله بها قائد الأمة وكل مواطن في هذه البلاد». 
وخلال الاجتماع الذي حضره وزير الشؤون البلدية والقروية م. عبداللطيف آل الشيخ، ووزير الحج والعمرة الدكتور محمد بنتن، ونيابة عن وزير المالية، مساعد الوزير محمد المزيد وأعضاء مجلس الهيئة تمت مناقشة خطة الهيئة الاستراتيجية، واستعراض الهيكل التنظيمي الجديد للهيئة وأمانتها، إلى جانب تشكيل لجنة تنفيذية للمجلس. 
كما تمت مناقشة آليات إعطاء دور أكبر للهيئة في تطوير الأحياء العشوائية وترتيب أولويات المشروعات، وفي مقدمتها تطوير المشاعر المقدسة ومشاريع التنمية الأخرى في المحافظات ومن بينها إعمار مكة، والنقل العام في العاصمة المقدسة، وفي جدة مشاريع النقل العام، وطريق الملك فيصل، ومروج جدة، والشاطئ الجنوبي، وتطوير خليج سلمان إضافة للطريق الدائري، وبالنسبة للطائف مشروعات الطائف الجديد وهي المطار الدولي، وواحة التقنية وسوق عكاظ. 
وناقش الاجتماع الموضوعات المدرجة على جدول الأعمال، وفي نهايته وجه أمير منطقة مكة المكرمة بعقد اجتماع بعد الحج لتفعيل التوصيات التي تم الاتفاق عليها. 
وكان مجلس الوزراء قد وافق على تعديل مسمى هيئة تطوير مكة إلى «هيئة تطوير منطقة مكة» ليشمل نطاق عملها منطقة مكة وإضافة وزير الشؤون البلدية والقروية وأمين محافظة جدة وأمين محافظة الطائف إلى عضوية مجلس الهيئة وفصل ميزانية هيئة تطوير منطقة مكة عن ميزانية أمانة العاصمة المقدسة. تويتر
</topic_text>
<spam_score>0.00</spam_score>
<post_num>1</post_num>
<post_id>post-1</post_id>
<post_url>http://www.alriyadh.com/1529857</post_url>
<post_date>20160830</post_date>
<post_time>1942</post_time>
<username></username>
<post>
  في أول اجتماع بعد توسيع نطاق أعمالها هيئة تطوير منطقة مكة المكرمة تعتمد شعار «استثمر في مكة» الأمير خالد الفيصل أثناء ترؤسه اجتماع هيئة تطوير مكة 
جدة - صالح الرويس 
وافق مجلس هيئة تطوير منطقة مكة المكرمة، على اختيار «استثمر في مكة» شعاراً للخطة الاستراتيجية لـ «الهيئة»، وذلك في أول اجتماع لها بعد صدور موافقة مجلس الوزراء على توسيع نطاق أعمالها لتشمل جميع محافظات المنطقة. 
وتأتي الخطة الاستراتيجية للهيئة متوافقة مع توجهات المملكة العربية السعودية المستقبلية ورؤيتها 2030 والتي تحث على مشاركة القطاع الخاص في تنفيذ مشاريع التنمية. 
وخلال الاجتماع الذي ترأسه صاحب السمو الملكي الأمير خالد الفيصل مستشار خادم الحرمين الشريفين أمير منطقة مكة المكرمة، رئيس هيئة تطوير المنطقة، في مكتبه في جدة أمس، قال: «أتقدم بالشكر والتقدير لسيدي خادم الحرمين الشريفين - أيده الله بنصره - على الموافقة بتحويل اختصاص الهيئة لتشمل منطقة مكة المكرمة ما يدعونا إلى تكريس الجهود والأعمال لتصل إلى طموحاته - يحفظه الله - وتحقق تطلعات المواطن في المنطقة»، مؤكداً ضرورة جدولة المشروعات ووضع إطار زمني لتنفيذها خلال الأعوام الخمسة المقبلة. 
وقدم أمير منطقة مكة المكرمة الشكر لأعضاء مجلس الهيئة السابقين الذين قدموا خدماتهم لتطوير مكة المكرمة والمشاعر المقدسة، مرحباً بالأعضاء الجدد، وقال: «أسأل الله أن يعين الجميع على تحمل المسؤولية لخدمة أطهر بقاع الأرض وأن نؤدي واجبنا على أكمل وجه تجاه الوطن والمواطن والحاج والمعتمر وهي الخدمة التي شرف الله بها قائد الأمة وكل مواطن في هذه البلاد». 
وخلال الاجتماع الذي حضره وزير الشؤون البلدية والقروية م. عبداللطيف آل الشيخ، ووزير الحج والعمرة الدكتور محمد بنتن، ونيابة عن وزير المالية، مساعد الوزير محمد المزيد وأعضاء مجلس الهيئة تمت مناقشة خطة الهيئة الاستراتيجية، واستعراض الهيكل التنظيمي الجديد للهيئة وأمانتها، إلى جانب تشكيل لجنة تنفيذية للمجلس. 
كما تمت مناقشة آليات إعطاء دور أكبر للهيئة في تطوير الأحياء العشوائية وترتيب أولويات المشروعات، وفي مقدمتها تطوير المشاعر المقدسة ومشاريع التنمية الأخرى في المحافظات ومن بينها إعمار مكة، والنقل العام في العاصمة المقدسة، وفي جدة مشاريع النقل العام، وطريق الملك فيصل، ومروج جدة، والشاطئ الجنوبي، وتطوير خليج سلمان إضافة للطريق الدائري، وبالنسبة للطائف مشروعات الطائف الجديد وهي المطار الدولي، وواحة التقنية وسوق عكاظ. 
وناقش الاجتماع الموضوعات المدرجة على جدول الأعمال، وفي نهايته وجه أمير منطقة مكة المكرمة بعقد اجتماع بعد الحج لتفعيل التوصيات التي تم الاتفاق عليها. 
وكان مجلس الوزراء قد وافق على تعديل مسمى هيئة تطوير مكة إلى «هيئة تطوير منطقة مكة» ليشمل نطاق عملها منطقة مكة وإضافة وزير الشؤون البلدية والقروية وأمين محافظة جدة وأمين محافظة الطائف إلى عضوية مجلس الهيئة وفصل ميزانية هيئة تطوير منطقة مكة عن ميزانية أمانة العاصمة المقدسة. تويتر
</post>
<signature>

</signature>
<external_links>

</external_links>
<country>US</country>
<main_image>http://static3.ealriyadh.com/media/cache/f7/17/f717c8bd815aab2e145bd73b56e453cd.jpg</main_image>
</document>
