<?xml version="1.0" encoding="UTF-8"?>
<document>
<type>mainstream</type>
<forum></forum>
<forum_title></forum_title>
<discussion_title>Kansas man pleads no contest to man&apos;s pool cue death at bar | KSNT News</discussion_title>
<language>english</language>
<gmt_offset></gmt_offset>
<topic_url>http://ksnt.com/2016/08/30/kansas-man-pleads-no-contest-to-mans-pool-cue-death-at-bar/</topic_url>
<topic_text>
Click to share on Pinterest (Opens in new window) 
EDGERTON, Kan. (AP) — A 32-year-old Kansas man has pleaded no contest in the death of a bar patron who was struck in the head with a pool cue a week before Christmas. WDAF-TV reports Gregory Cooper of Edgerton was charged with second-degree murder and attempted aggravated battery in the death of 23-year-old Tyler Knudsen at an Edgerton bar on Dec. 19.
Johnson County prosecutors said Cooper “unintentionally, but recklessly” killed Knudsen when he swung a pool cue at another man’s head but instead hit the victim. 
Family members say Knudsen was an innocent bystander just waiting to play a game of pool. 
Cooper entered his plea on Tuesday. His sentencing is scheduled for Nov. 18. Copyright 2016 The Associated Press. All rights reserved. This material may not be published, broadcast, rewritten or redistributed. Share this: 
</topic_text>
<spam_score>0.03</spam_score>
<post_num>1</post_num>
<post_id>post-1</post_id>
<post_url>http://ksnt.com/2016/08/30/kansas-man-pleads-no-contest-to-mans-pool-cue-death-at-bar/</post_url>
<post_date>20160831</post_date>
<post_time></post_time>
<username>Associated Press</username>
<post>
Click to share on Pinterest (Opens in new window) 
EDGERTON, Kan. (AP) — A 32-year-old Kansas man has pleaded no contest in the death of a bar patron who was struck in the head with a pool cue a week before Christmas. WDAF-TV reports Gregory Cooper of Edgerton was charged with second-degree murder and attempted aggravated battery in the death of 23-year-old Tyler Knudsen at an Edgerton bar on Dec. 19.
Johnson County prosecutors said Cooper “unintentionally, but recklessly” killed Knudsen when he swung a pool cue at another man’s head but instead hit the victim. 
Family members say Knudsen was an innocent bystander just waiting to play a game of pool. 
Cooper entered his plea on Tuesday. His sentencing is scheduled for Nov. 18. Copyright 2016 The Associated Press. All rights reserved. This material may not be published, broadcast, rewritten or redistributed. Share this: 
</post>
<signature>

</signature>
<external_links>

</external_links>
<country>US</country>
<main_image>https://lintvksnt.files.wordpress.com/2015/07/court.jpg</main_image>
</document>
