<?xml version="1.0" encoding="UTF-8"?>
<document>
<type>mainstream</type>
<forum>http://www.dinakaran.com/District_Detail.asp?Nid=613371&amp;cat=504</forum>
<forum_title>நெய்வேலி நகைக்கடை கொள்ளை எதிரொலி: நகைக்கடை உரிமையாளர்களுக்கு 14 கட்டளை போலீசார் உத்தரவு - சென்னை District Dinakaran</forum_title>
<discussion_title>2 ஆண்டாக தலைமறைவான ரவுடி கைது</discussion_title>
<language>tamil</language>
<gmt_offset></gmt_offset>
<topic_url>http://www.dinakaran.com/District_Detail.asp?Nid=619587&amp;cat=504</topic_url>
<topic_text>
தண்டையார்பேட்டை: பிடிவாரன்ட் பிறப்பித்ததால், கடந்த 2 ஆண்டுகளாக தலைமறைவு வாழ்க்கை நடத்தி வந்த பிரபல ரவுடியை கொருக்குப்பேட்டையில் போலீசார் சுற்றி வளைத்து கைது செய்தனர். கொருக்குப்பேட்டை தங்கவேலு பிள்ளை தோட்டத்தை சேர்ந்தவர் பிரபல ரவுடி விநாயகம் (எ) தோப்பு விநாயகம் (48). இவர் மீது பல கொலை மற்றும் கொலை முயற்சி வழக்குகள் கொருக்குப்பேட்டை, வண்ணாரப்பேட்டை உள்ளிட்ட காவல்நிலையத்தில் நிலுவையில் உள்ளன. இந்நிலையில், ஒரு வழக்கு தொடர்பாக விநாயகம் தொடர்ந்து ஆஜராகாமல் இருந்ததால், ஜார்ஜ் டவுன் 15வது மாஜிஸ்திரேட் ஈஸ்வரமூர்த்தி கடந்த 2 ஆண்டுகளுக்கு முன் பிடிவாரன்ட் பிற்பித்து உத்தரவிட்டார்.
இதையடுத்து போலீசார் அவரை தீவிரமாக தேடி வந்தனர். இதனால் கடந்த 2 ஆண்டுகளாக தலைமறைவு வாழ்க்கை நடத்தி வந்தார். இந்நிலையில், நேற்று முன்தினம் இரவு கொருக்குப்பேட்டை ரயில் நிலையம் அருகே விநாயகம் தனது உறவினருடன் பேசிக்கொண்டு இருப்பதாக கொருக்குப்பேட்டை போலீசாருக்கு ரகசிய தகவல் கிடைத்தது. அதன்பேரில், கொருக்குப்பேட்டை இன்ஸ்பெக்டர் அமுல் ஆனந்த் ஸ்டான்லி மற்றும் போலீசார் சம்பவ இடத்துக்கு விரைந்து சென்று விநாயகத்தை சுற்றி வளைத்து பிடித்தனர். பின்னர், நேற்று ஜார்ஜ் டவுன் நீதிமன்றத்தில் ஆஜர்படுத்தி புழல் சிறையில் அடைத்தனர்.
</topic_text>
<spam_score>0.20</spam_score>
<post_num>1</post_num>
<post_id>post-1</post_id>
<post_url>http://www.dinakaran.com/District_Detail.asp?Nid=619587&amp;cat=504</post_url>
<post_date>20160830</post_date>
<post_time>1200</post_time>
<username>dinakaran.com</username>
<post>
தண்டையார்பேட்டை: பிடிவாரன்ட் பிறப்பித்ததால், கடந்த 2 ஆண்டுகளாக தலைமறைவு வாழ்க்கை நடத்தி வந்த பிரபல ரவுடியை கொருக்குப்பேட்டையில் போலீசார் சுற்றி வளைத்து கைது செய்தனர். கொருக்குப்பேட்டை தங்கவேலு பிள்ளை தோட்டத்தை சேர்ந்தவர் பிரபல ரவுடி விநாயகம் (எ) தோப்பு விநாயகம் (48). இவர் மீது பல கொலை மற்றும் கொலை முயற்சி வழக்குகள் கொருக்குப்பேட்டை, வண்ணாரப்பேட்டை உள்ளிட்ட காவல்நிலையத்தில் நிலுவையில் உள்ளன. இந்நிலையில், ஒரு வழக்கு தொடர்பாக விநாயகம் தொடர்ந்து ஆஜராகாமல் இருந்ததால், ஜார்ஜ் டவுன் 15வது மாஜிஸ்திரேட் ஈஸ்வரமூர்த்தி கடந்த 2 ஆண்டுகளுக்கு முன் பிடிவாரன்ட் பிற்பித்து உத்தரவிட்டார்.
இதையடுத்து போலீசார் அவரை தீவிரமாக தேடி வந்தனர். இதனால் கடந்த 2 ஆண்டுகளாக தலைமறைவு வாழ்க்கை நடத்தி வந்தார். இந்நிலையில், நேற்று முன்தினம் இரவு கொருக்குப்பேட்டை ரயில் நிலையம் அருகே விநாயகம் தனது உறவினருடன் பேசிக்கொண்டு இருப்பதாக கொருக்குப்பேட்டை போலீசாருக்கு ரகசிய தகவல் கிடைத்தது. அதன்பேரில், கொருக்குப்பேட்டை இன்ஸ்பெக்டர் அமுல் ஆனந்த் ஸ்டான்லி மற்றும் போலீசார் சம்பவ இடத்துக்கு விரைந்து சென்று விநாயகத்தை சுற்றி வளைத்து பிடித்தனர். பின்னர், நேற்று ஜார்ஜ் டவுன் நீதிமன்றத்தில் ஆஜர்படுத்தி புழல் சிறையில் அடைத்தனர்.
</post>
<signature>

</signature>
<external_links>

</external_links>
<country>IN</country>
<main_image></main_image>
</document>
