<?xml version="1.0" encoding="UTF-8"?>
<document>
<type>mainstream</type>
<forum>https://rss.tempo.co/index.php/teco/news/feed/start/0/limit/10/kanal/1</forum>
<forum_title>Tempo.co RSS Feed</forum_title>
<discussion_title>BI: Akhir Agustus, Deflasi 0,04 Persen</discussion_title>
<language>indonesian</language>
<gmt_offset></gmt_offset>
<topic_url>https://m.tempo.co/read/news/2016/08/31/087800342/bi-akhir-agustus-deflasi-0-04-persen</topic_url>
<topic_text>
BI: Akhir Agustus, Deflasi 0,04 Persen Rabu, 31 Agustus 2016 | 07:44 WIB Gubernur Bank Indonesia Agus Martowardojo saat berdiskusi di kantor Tempo, Palmerah, Jakarta, 11 November 2015. TEMPO/ Gunawan Wicaksono 
  Gubernur Bank Indonesia Agus Martowardojo mengatakan, pada minggu ke empat Agustus ini, terjadi deflasi sebesar 0,04 persen. Menurut Agus, terjadinya deflasi tersebut sejalan dengan target yang ingin dicapai oleh pemerintah dalam Anggaran Pendapatan Belanja Negara Perubahan 2016.&quot;Deflasi ini menunjukkan inflasi akan berada di bawah 4 persen selama 2016,&quot; kata Agus usai rapat Rancangan Anggaran Pendapatan Belanja Negara 2017 bersama Badan Anggaran di kompleks parlemen Senayan, Jakarta, Selasa, 30 Agustus 2016.Menurut Agus, laju inflasi hingga Juli telah mencapai 3,21 persen ( year on year ). &quot;Namun, jika bandingkan dengan negara-negara di Asean, inflasi mereka rata-rata di bawah 1,5-2 persen. Memang Indonesia sudah baik dalam pengendalian inflasi. Tapi ini masih menjadi tantangan kita,&quot; ujarnya.Ke depan, Agus memprediksi, masih terdapat beberapa resiko inflasi yang patut diwaspadai, khususnya terjadinya la nina. &quot;Periode basah sudah mulai terasa. Ini akan berpengaruh pada volatile food dan ini bisa menekan inflasi. Selama ini juga terjadi koreksi harga terus dibandingkan saat lebaran,&quot; katanya.Pada 2017, inflasi diperkirakan akan tetap di kisaran 4 plus minus 1 persen. Menurut Agus, terdapat potensi meningkatnya laju inflasi jika terjadi penyesuaian harga listrik 900 VA. &quot;Kalau dilakukan penyesuaian, akan ada dampak terhadap inflasi. Tapi, inflasi tetap dalam range 4 plus minus 1 persen,&quot; tuturnya. ANGELINA ANJAR SAWITRI
</topic_text>
<spam_score>0.00</spam_score>
<post_num>1</post_num>
<post_id>post-1</post_id>
<post_url>https://m.tempo.co/read/news/2016/08/31/087800342/bi-akhir-agustus-deflasi-0-04-persen</post_url>
<post_date>20160831</post_date>
<post_time>0044</post_time>
<username></username>
<post>
BI: Akhir Agustus, Deflasi 0,04 Persen Rabu, 31 Agustus 2016 | 07:44 WIB Gubernur Bank Indonesia Agus Martowardojo saat berdiskusi di kantor Tempo, Palmerah, Jakarta, 11 November 2015. TEMPO/ Gunawan Wicaksono 
  Gubernur Bank Indonesia Agus Martowardojo mengatakan, pada minggu ke empat Agustus ini, terjadi deflasi sebesar 0,04 persen. Menurut Agus, terjadinya deflasi tersebut sejalan dengan target yang ingin dicapai oleh pemerintah dalam Anggaran Pendapatan Belanja Negara Perubahan 2016.&quot;Deflasi ini menunjukkan inflasi akan berada di bawah 4 persen selama 2016,&quot; kata Agus usai rapat Rancangan Anggaran Pendapatan Belanja Negara 2017 bersama Badan Anggaran di kompleks parlemen Senayan, Jakarta, Selasa, 30 Agustus 2016.Menurut Agus, laju inflasi hingga Juli telah mencapai 3,21 persen ( year on year ). &quot;Namun, jika bandingkan dengan negara-negara di Asean, inflasi mereka rata-rata di bawah 1,5-2 persen. Memang Indonesia sudah baik dalam pengendalian inflasi. Tapi ini masih menjadi tantangan kita,&quot; ujarnya.Ke depan, Agus memprediksi, masih terdapat beberapa resiko inflasi yang patut diwaspadai, khususnya terjadinya la nina. &quot;Periode basah sudah mulai terasa. Ini akan berpengaruh pada volatile food dan ini bisa menekan inflasi. Selama ini juga terjadi koreksi harga terus dibandingkan saat lebaran,&quot; katanya.Pada 2017, inflasi diperkirakan akan tetap di kisaran 4 plus minus 1 persen. Menurut Agus, terdapat potensi meningkatnya laju inflasi jika terjadi penyesuaian harga listrik 900 VA. &quot;Kalau dilakukan penyesuaian, akan ada dampak terhadap inflasi. Tapi, inflasi tetap dalam range 4 plus minus 1 persen,&quot; tuturnya. ANGELINA ANJAR SAWITRI
</post>
<signature>

</signature>
<external_links>

</external_links>
<country>CO</country>
<main_image>http://cdn.tmpo.co/data/2015/11/11/id_453402/453402_620.jpg</main_image>
</document>
