<?xml version="1.0" encoding="UTF-8"?>
<document>
<type>mainstream</type>
<forum></forum>
<forum_title></forum_title>
<discussion_title>‍琉絆海ママ🐻💕さんのミクチャ動画</discussion_title>
<language>ignore</language>
<gmt_offset></gmt_offset>
<topic_url>https://mixch.tv/m/zBJxOc6q</topic_url>
<topic_text>
&lt;iframe src=&quot;https://mixch.tv/m/zBJxOc6q/embed&quot; width=&quot;480&quot; height=&quot;480&quot; frameborder=&quot;0&quot;&gt;&lt;/iframe&gt; 最新の人気動画 
</topic_text>
<spam_score>0.00</spam_score>
<post_num>1</post_num>
<post_id>post-1</post_id>
<post_url>https://mixch.tv/m/zBJxOc6q</post_url>
<post_date>20160726</post_date>
<post_time></post_time>
<username></username>
<post>
&lt;iframe src=&quot;https://mixch.tv/m/zBJxOc6q/embed&quot; width=&quot;480&quot; height=&quot;480&quot; frameborder=&quot;0&quot;&gt;&lt;/iframe&gt; 最新の人気動画 
</post>
<signature>

</signature>
<external_links>

</external_links>
<country>JP</country>
<main_image>https://d2jtsb989t238a.cloudfront.net/m/1klwy0vuwddf81dv7dedap215i2buic1/thumb_normal</main_image>
</document>
