<?xml version="1.0" encoding="UTF-8"?>
<document>
<type>mainstream</type>
<forum></forum>
<forum_title></forum_title>
<discussion_title>Loss of drug lab would leave big void</discussion_title>
<language>english</language>
<gmt_offset></gmt_offset>
<topic_url>http://www.burlingtonfreepress.com/story/news/2016/08/30/loss-drug-lab-leave-big-void/89611082/</topic_url>
<topic_text>
Loss of drug lab would leave big void DAVE GRAM, Associated Press 8:40 p.m. EDT August 30, 2016 Buy Photo The offices of Burlington Labs are seen in downtown Burlington on Aug. 23. (Photo: ADAM SILVERMAN/FREE PRESS) Buy Photo 
MONTPELIER - Those involved in Vermont’s struggle to stem opiate abuse are watching warily as a major chain of drug testing centers faces an investigation that could bring the largest Medicaid fraud settlement in state history and possible closure of labs considered crucial in the opiate fight. 
Meanwhile, as a group of investors presses for emergency approval from the state Green Mountain Care Board for a takeover of Burlington Labs, the Attorney General’s Office is urging the board not to grant any such approval until allegations of Medicaid overbilling are resolved. 
Burlington Labs is seen as a key player in keeping recovering addicts accountable to their treatment programs. The head of a treatment program in Middlebury said if the Burlington Labs collection center there closed, addicts in rural Addison County likely would have to travel an hour or more to Burlington or Rutland to provide urine samples for drug testing. 
“A lot of these folks don’t have a way to get to drug testing that is part of their medication-assisted treatment,” said Bill Prim, director of the Turning Point Center. 
Patrick Lamb, a Chittenden County deputy state’s attorney who works at the specialized drug treatment court in Burlington, said drug testing is key to keeping those brought in for drug offenses accountable without resorting to incarceration. 
About 90 percent of drug offenders ordered to undergo urinalysis use Burlington Labs, whose headquarters is near the courthouse, Lamb said. If Burlington Labs were to close, it would mean clinicians would be spending more time helping offenders find a way to take the test instead of focusing on strategies to help them beat their addictions, he said. 
In letters sent to the Green Mountain Care Board, the state panel that regulates health care, Burlington Mayor Miro Weinberger and the heads of human services nonprofits urge that Burlington Labs be kept open. 
Elizabeth Wohl, a lawyer for a group of investors looking to acquire and rescue the financially troubled Burlington Labs, wrote to the board Aug. 19 about the company’s troubles: It had defaulted on nearly $4.9 million in bank financing, owed other creditors nearly $3.7 million and had recently negotiated a $6.5 million settlement of allegations that it had overbilled the joint state and federal Medicaid program. 
Burlington Labs issued a statement saying the overbilling was the result of unintentional coding errors. It denied any wrongdoing. 
Jason Turner, head of the Medicaid fraud unit at the attorney general’s office, said no settlement had been reached. If the settlement did end up at $6.5 million, he said, that would be the largest Medicaid fraud settlement in state history. 
Wohl urged quick approval of the proposed acquisition. She wrote of the “near certainty that Burlington Labs will cease doing business” if the takeover were not completed in 30 days. 
But Turner wrote to the board Friday saying the attorney general’s office doesn’t want the takeover plan approved until the Medicaid fraud settlement has been finalized and the acquiring investors have agreed to its terms. 
“Ensuring that the state of Vermont and the United States receive appropriate compensation” from the settlement “should be a critical consideration in determining whether the application should be granted,” he wrote. CONNECT COMMENT EMAIL MORE 
Copyright 2016 The Associated Press. All rights reserved. This material may not be published, broadcast, rewritten or redistributed. Read or Share this story: http://bfpne.ws/2cdbjTW TOP VIDEOS 
</topic_text>
<spam_score>0.28</spam_score>
<post_num>1</post_num>
<post_id>post-1</post_id>
<post_url>http://www.burlingtonfreepress.com/story/news/2016/08/30/loss-drug-lab-leave-big-void/89611082/</post_url>
<post_date>20160831</post_date>
<post_time></post_time>
<username></username>
<post>
Loss of drug lab would leave big void DAVE GRAM, Associated Press 8:40 p.m. EDT August 30, 2016 Buy Photo The offices of Burlington Labs are seen in downtown Burlington on Aug. 23. (Photo: ADAM SILVERMAN/FREE PRESS) Buy Photo 
MONTPELIER - Those involved in Vermont’s struggle to stem opiate abuse are watching warily as a major chain of drug testing centers faces an investigation that could bring the largest Medicaid fraud settlement in state history and possible closure of labs considered crucial in the opiate fight. 
Meanwhile, as a group of investors presses for emergency approval from the state Green Mountain Care Board for a takeover of Burlington Labs, the Attorney General’s Office is urging the board not to grant any such approval until allegations of Medicaid overbilling are resolved. 
Burlington Labs is seen as a key player in keeping recovering addicts accountable to their treatment programs. The head of a treatment program in Middlebury said if the Burlington Labs collection center there closed, addicts in rural Addison County likely would have to travel an hour or more to Burlington or Rutland to provide urine samples for drug testing. 
“A lot of these folks don’t have a way to get to drug testing that is part of their medication-assisted treatment,” said Bill Prim, director of the Turning Point Center. 
Patrick Lamb, a Chittenden County deputy state’s attorney who works at the specialized drug treatment court in Burlington, said drug testing is key to keeping those brought in for drug offenses accountable without resorting to incarceration. 
About 90 percent of drug offenders ordered to undergo urinalysis use Burlington Labs, whose headquarters is near the courthouse, Lamb said. If Burlington Labs were to close, it would mean clinicians would be spending more time helping offenders find a way to take the test instead of focusing on strategies to help them beat their addictions, he said. 
In letters sent to the Green Mountain Care Board, the state panel that regulates health care, Burlington Mayor Miro Weinberger and the heads of human services nonprofits urge that Burlington Labs be kept open. 
Elizabeth Wohl, a lawyer for a group of investors looking to acquire and rescue the financially troubled Burlington Labs, wrote to the board Aug. 19 about the company’s troubles: It had defaulted on nearly $4.9 million in bank financing, owed other creditors nearly $3.7 million and had recently negotiated a $6.5 million settlement of allegations that it had overbilled the joint state and federal Medicaid program. 
Burlington Labs issued a statement saying the overbilling was the result of unintentional coding errors. It denied any wrongdoing. 
Jason Turner, head of the Medicaid fraud unit at the attorney general’s office, said no settlement had been reached. If the settlement did end up at $6.5 million, he said, that would be the largest Medicaid fraud settlement in state history. 
Wohl urged quick approval of the proposed acquisition. She wrote of the “near certainty that Burlington Labs will cease doing business” if the takeover were not completed in 30 days. 
But Turner wrote to the board Friday saying the attorney general’s office doesn’t want the takeover plan approved until the Medicaid fraud settlement has been finalized and the acquiring investors have agreed to its terms. 
“Ensuring that the state of Vermont and the United States receive appropriate compensation” from the settlement “should be a critical consideration in determining whether the application should be granted,” he wrote. CONNECT COMMENT EMAIL MORE 
Copyright 2016 The Associated Press. All rights reserved. This material may not be published, broadcast, rewritten or redistributed. Read or Share this story: http://bfpne.ws/2cdbjTW TOP VIDEOS 
</post>
<signature>

</signature>
<external_links>

</external_links>
<country>US</country>
<main_image>http://www.gannett-cdn.com/-mm-/6a97ef7a47dc924452b13faf4a4c14374251e500/c=0-99-3122-1855&amp;amp;r=x633&amp;amp;c=1200x630/local/-/media/2016/08/30/Burlington/B9323605656Z.1_20160830203515_000_GITFFSJG4.3-0.jpg</main_image>
</document>
