<?xml version="1.0" encoding="UTF-8"?>
<document>
<type>mainstream</type>
<forum>http://abclocal.go.com/wabc/xml?id=7107270</forum>
<forum_title>abc7ny.com RSS Feed</forum_title>
<discussion_title>Former NYPD officer becoming a doctor, all despite a learning disability</discussion_title>
<language>english</language>
<gmt_offset></gmt_offset>
<topic_url>http://abc7ny.com/careers/former-nypd-officer-becoming-a-doctor-all-despite-a-learning-disability/1491181/</topic_url>
<topic_text>
Tuesday, August 30, 2016 08:46PM NEW YORK (WABC) -- A former New York City police officer is taking on a new challenge, and it&apos;s no small one. He&apos;s becoming a doctor, and has done it all while dealing with a learning disability.&quot;I wanted to be a doctor, fireman or police officer,&quot; says PH.D. student Christian Saffran.Two out of three. Not bad, but instead of firefighter, add scientist to Christian&apos;s resume.&quot;Pathways that involved higher education were on par with living on Mars or something, a complete fantasy and I lived a large chunk of my life like that, college was for other people, it was for smart people,&quot; said Christian.His journey is unconventional and still taking shape. You see, Christian is making history. At 45, he&apos;s the oldest person to ever get into the MD/PH.D. program at Weill-Cornell Medicine.Just 18 students are accepted. Nearly 600 apply.&quot;Now my full time occupation was learning,&quot; said Christian. &quot;The thing that I thought I could never do, it was incredibly exciting, I was a kid in a candy store.&quot;But things haven&apos;t always been this sweet. As a child, Christian was diagnosed with ADHD and a visual memory disturbance. He struggled to read.&quot;I grew up thinking I was unintelligent, had a couple of teachers that supported that idea,&quot; he said.Christian later joined the NYPD and eventually became an undercover narcotics officer with the street name, Dread. WEB EXTRA: Watch an extended interview with Christian You need Flash to watch this video. Sorry, your browser doesn&apos;t support Flash , needs a Flash update , or has Flash disabled. &lt;iframe width=&quot;476&quot; height=&quot;267&quot; src=&quot;http://abc7ny.com/video/embed/?pid=1491191&quot; frameborder=&quot;0&quot; allowfullscreen&gt;&lt;/iframe&gt; 
Watch an extended version of our interview with Christian Saffran, a retired officer turned doctor. His daughter Alorah was soon born.&quot;It was becoming increasingly difficult to be the father that I wanted to be and the cop I wanted to be, and so obviously there&apos;s no choice to make there,&quot; said Christian.He became a private investigator. Then, a pivotal moment. Alorah was diagnosed with a learning disorder.Christian gave her the extra support he didn&apos;t get as a kid. She thrived.He thought maybe, just maybe he could do more.He did: Graduated from Columbia University cum laude with a degree in biophysics.Now this, the next chapter in his life.His advice for others who, like him, were paralyzed by self-doubt: &quot;If you have a mountain in front of you, you can demonstrate your ability to overcome that mountain by climbing that mountain,&quot; he says. &quot;If you start out at the top of the mountain, how do you convince people, you&apos;re a mountain climber.&quot; Related Topics:
</topic_text>
<spam_score>0.00</spam_score>
<post_num>1</post_num>
<post_id>post-1</post_id>
<post_url>http://abc7ny.com/careers/former-nypd-officer-becoming-a-doctor-all-despite-a-learning-disability/1491181/</post_url>
<post_date>20160831</post_date>
<post_time>0046</post_time>
<username></username>
<post>
Tuesday, August 30, 2016 08:46PM NEW YORK (WABC) -- A former New York City police officer is taking on a new challenge, and it&apos;s no small one. He&apos;s becoming a doctor, and has done it all while dealing with a learning disability.&quot;I wanted to be a doctor, fireman or police officer,&quot; says PH.D. student Christian Saffran.Two out of three. Not bad, but instead of firefighter, add scientist to Christian&apos;s resume.&quot;Pathways that involved higher education were on par with living on Mars or something, a complete fantasy and I lived a large chunk of my life like that, college was for other people, it was for smart people,&quot; said Christian.His journey is unconventional and still taking shape. You see, Christian is making history. At 45, he&apos;s the oldest person to ever get into the MD/PH.D. program at Weill-Cornell Medicine.Just 18 students are accepted. Nearly 600 apply.&quot;Now my full time occupation was learning,&quot; said Christian. &quot;The thing that I thought I could never do, it was incredibly exciting, I was a kid in a candy store.&quot;But things haven&apos;t always been this sweet. As a child, Christian was diagnosed with ADHD and a visual memory disturbance. He struggled to read.&quot;I grew up thinking I was unintelligent, had a couple of teachers that supported that idea,&quot; he said.Christian later joined the NYPD and eventually became an undercover narcotics officer with the street name, Dread. WEB EXTRA: Watch an extended interview with Christian You need Flash to watch this video. Sorry, your browser doesn&apos;t support Flash , needs a Flash update , or has Flash disabled. &lt;iframe width=&quot;476&quot; height=&quot;267&quot; src=&quot;http://abc7ny.com/video/embed/?pid=1491191&quot; frameborder=&quot;0&quot; allowfullscreen&gt;&lt;/iframe&gt; 
Watch an extended version of our interview with Christian Saffran, a retired officer turned doctor. His daughter Alorah was soon born.&quot;It was becoming increasingly difficult to be the father that I wanted to be and the cop I wanted to be, and so obviously there&apos;s no choice to make there,&quot; said Christian.He became a private investigator. Then, a pivotal moment. Alorah was diagnosed with a learning disorder.Christian gave her the extra support he didn&apos;t get as a kid. She thrived.He thought maybe, just maybe he could do more.He did: Graduated from Columbia University cum laude with a degree in biophysics.Now this, the next chapter in his life.His advice for others who, like him, were paralyzed by self-doubt: &quot;If you have a mountain in front of you, you can demonstrate your ability to overcome that mountain by climbing that mountain,&quot; he says. &quot;If you start out at the top of the mountain, how do you convince people, you&apos;re a mountain climber.&quot; Related Topics:
</post>
<signature>

</signature>
<external_links>

</external_links>
<country>US</country>
<main_image>http://cdn.abclocal.go.com/content/wabc/images/cms/1491460_1280x720.jpg</main_image>
</document>
