<?xml version="1.0" encoding="UTF-8"?>
<document>
<type>mainstream</type>
<forum>http://www.onenewspage.com.au/topnewsRSS.php</forum>
<forum_title>Latest News on One News Page [Australia] - Top Headlines and News Videos</forum_title>
<discussion_title>Feature: Edward Snowden’s Long, Strange Journey to Hollywood</discussion_title>
<language>english</language>
<gmt_offset></gmt_offset>
<topic_url>http://www.onenewspage.com/n/Middle+East/759s62lmz/Feature-Edward-Snowden-Long-Strange-Journey-to.htm</topic_url>
<topic_text>
Twitter eunice price RT @nytmedia : Feature: Edward Snowden’s Long, Strange Journey to Hollywood https://t.co/BXnbHaoLPK 39 minutes ago Jethro Grassie RT @nytimestech : Feature: Edward Snowden’s Long, Strange Journey to Hollywood https://t.co/Gsi2jpF3Uh 51 minutes ago CAMCO Technology #SurveillanceofCitizensbyGovernment Feature: Edward Snowden’s Long, Strange Journey to… https://t.co/c5JIN6KvtX https://t.co/AKe56lx01y 2 hours ago Dixeam Feature Edward Snowden s Long Strange Journey to Hollywood https://t.co/bMwf8jSLdo 3 hours ago
</topic_text>
<spam_score>0.00</spam_score>
<post_num>1</post_num>
<post_id>post-1</post_id>
<post_url>http://www.onenewspage.com/n/Middle+East/759s62lmz/Feature-Edward-Snowden-Long-Strange-Journey-to.htm</post_url>
<post_date>20160830</post_date>
<post_time>0900</post_time>
<username></username>
<post>
Twitter eunice price RT @nytmedia : Feature: Edward Snowden’s Long, Strange Journey to Hollywood https://t.co/BXnbHaoLPK 39 minutes ago Jethro Grassie RT @nytimestech : Feature: Edward Snowden’s Long, Strange Journey to Hollywood https://t.co/Gsi2jpF3Uh 51 minutes ago CAMCO Technology #SurveillanceofCitizensbyGovernment Feature: Edward Snowden’s Long, Strange Journey to… https://t.co/c5JIN6KvtX https://t.co/AKe56lx01y 2 hours ago Dixeam Feature Edward Snowden s Long Strange Journey to Hollywood https://t.co/bMwf8jSLdo 3 hours ago
</post>
<signature>

</signature>
<external_links>

</external_links>
<country>AU</country>
<main_image>http://cdn.newsserve.net/ONPglobe128.png</main_image>
</document>
