<?xml version="1.0" encoding="UTF-8"?>
<document>
<type>mainstream</type>
<forum></forum>
<forum_title></forum_title>
<discussion_title>Why can&apos;t I answer calls on the Alcatel Pixi 4?</discussion_title>
<language>english</language>
<gmt_offset></gmt_offset>
<topic_url>http://www.cellphones.ca/answers/cannot-answer-calls-on-alcatel-pixi-4-786/</topic_url>
<topic_text>
Not the answer you were looking for? Browse for more answers inside the: Alcatel forum 
</topic_text>
<spam_score>0.13</spam_score>
<post_num>1</post_num>
<post_id>post-1</post_id>
<post_url>http://www.cellphones.ca/answers/cannot-answer-calls-on-alcatel-pixi-4-786/</post_url>
<post_date>20160828</post_date>
<post_time></post_time>
<username>Carl P</username>
<post>
Not the answer you were looking for? Browse for more answers inside the: Alcatel forum 
</post>
<signature>

</signature>
<external_links>

</external_links>
<country>CA</country>
<main_image>http://www.cellphones.ca/images/css/home/img_gallery_12.jpg</main_image>
</document>
