<?xml version="1.0" encoding="UTF-8"?>
<document>
<type>mainstream</type>
<forum>http://feeds.feedburner.com/dealigg/latest</forum>
<forum_title>All User Submitted Deals at Dealigg.com</forum_title>
<discussion_title>FILA Men&apos;s Ascente 15 trail shoe (Fire Red, Black/Pewter, or Black/Silver) for $24.99</discussion_title>
<language>english</language>
<gmt_offset></gmt_offset>
<topic_url>http://www.dealigg.com/story-FILA-Mens-Ascente-15-trail-shoe-Fire-Red-Black-Pewter-Black-Silver</topic_url>
<topic_text>
At eBay ; posted by hw 19   FREE SHIPPING. Condition: New with box: A brand-new, unused, and unworn item (including handmade items) in the original packaging (such as the original box or bag) and/or with the original tags attached. See all condition definitions- opens in a new window or tab Brand:
</topic_text>
<spam_score>0.00</spam_score>
<post_num>1</post_num>
<post_id>post-1</post_id>
<post_url>http://www.dealigg.com/story-FILA-Mens-Ascente-15-trail-shoe-Fire-Red-Black-Pewter-Black-Silver</post_url>
<post_date>20160831</post_date>
<post_time>0029</post_time>
<username></username>
<post>
At eBay ; posted by hw 19   FREE SHIPPING. Condition: New with box: A brand-new, unused, and unworn item (including handmade items) in the original packaging (such as the original box or bag) and/or with the original tags attached. See all condition definitions- opens in a new window or tab Brand:
</post>
<signature>

</signature>
<external_links>

</external_links>
<country></country>
<main_image></main_image>
</document>
