<?xml version="1.0" encoding="UTF-8"?>
<document>
<type>mainstream</type>
<forum>http://www.algebra.com/rss/solved_problems.rss</forum>
<forum_title>Algebra.Com New solved problems</forum_title>
<discussion_title>Problem 1045738 solved by MathLover1</discussion_title>
<language>english</language>
<gmt_offset></gmt_offset>
<topic_url>http://www.algebra.com/algebra/homework/Square-cubic-other-roots/Square-cubic-other-roots.faq.question.1045738.html</topic_url>
<topic_text>
SOLUTION: what is the square root of 25/81 Algebra -&gt; Square-cubic-other-roots -&gt; SOLUTION: what is the square root of 25/81
</topic_text>
<spam_score>0.00</spam_score>
<post_num>1</post_num>
<post_id>post-1</post_id>
<post_url>http://www.algebra.com/algebra/homework/Square-cubic-other-roots/Square-cubic-other-roots.faq.question.1045738.html</post_url>
<post_date>20160830</post_date>
<post_time>1930</post_time>
<username></username>
<post>
SOLUTION: what is the square root of 25/81 Algebra -&gt; Square-cubic-other-roots -&gt; SOLUTION: what is the square root of 25/81
</post>
<signature>

</signature>
<external_links>

</external_links>
<country>US</country>
<main_image></main_image>
</document>
