<?xml version="1.0" encoding="UTF-8"?>
<document>
<type>mainstream</type>
<forum>http://feeds.feedburner.com/actureunion</forum>
<forum_title>Orange Réunion - actuRéunion</forum_title>
<discussion_title>1997 - La princesse Diana tuée dans un accident de la route</discussion_title>
<language>french</language>
<gmt_offset></gmt_offset>
<topic_url>http://reunion.orange.fr//actu/reunion/1997-la-princesse-diana-tuee-dans-un-accident-de-la-route.html</topic_url>
<topic_text>
  31 août 1997, le monde des peoples, en Grande Bretagne et ailleurs, est sous le choc, Diana, la princesse de Galles, son compagnon, le milliardaire egyptien Dodi el Fayed, et Henri Paul, leur chauffeur, sont tués dans un accident de voiture à Paris. La voiture était lancée à toute allure pour échapper aux paparazzi lorsque le drame s’est produit dans le tunnel du pont de l’Alma. Il était aux environs de 0 h 20. La princesse décède peu de temps après 
Lady Diana avait épousé Charles, prince de Galles alors héri­tier de la couronne britan­nique, le 27 juillet 1981, à l’âge de 20 ans. La céré­mo­nie, excep­tion­nelle, se tient à la cathé­drale Saint-Paul à Londres devant plus de 35 000 invi­tés, et est suivie par des millions de télé­spec­ta­teurs de par le monde, écrit le site gala.fr &quot;La prin­cesse de Galles mène de nombreux combats pour des causes qui lui tiennent à cœur. Elle vient en aide aux sans-abri, aux malades du sida ou encore aux enfants du monde entier&quot; dit encore gala.fr. Le couple donne nais­sance à deux enfants, William, né le 21 juin 1982, Harry, né le 15 septembre 1984. Le mariage n’est pas heureux. Charles poursuit la la liaison qu’il entretient depuis des annés avec Camilla Parker Bowles, de 23 ans son aînée. Le divorce est prononcé au mois d’août 1996. Les funérailles de lady Diana lont rassemblé environ 3 millions de personnes à Londres.
</topic_text>
<spam_score>0.00</spam_score>
<post_num>1</post_num>
<post_id>post-1</post_id>
<post_url>http://reunion.orange.fr//actu/reunion/1997-la-princesse-diana-tuee-dans-un-accident-de-la-route.html</post_url>
<post_date>20160831</post_date>
<post_time>0009</post_time>
<username></username>
<post>
  31 août 1997, le monde des peoples, en Grande Bretagne et ailleurs, est sous le choc, Diana, la princesse de Galles, son compagnon, le milliardaire egyptien Dodi el Fayed, et Henri Paul, leur chauffeur, sont tués dans un accident de voiture à Paris. La voiture était lancée à toute allure pour échapper aux paparazzi lorsque le drame s’est produit dans le tunnel du pont de l’Alma. Il était aux environs de 0 h 20. La princesse décède peu de temps après 
Lady Diana avait épousé Charles, prince de Galles alors héri­tier de la couronne britan­nique, le 27 juillet 1981, à l’âge de 20 ans. La céré­mo­nie, excep­tion­nelle, se tient à la cathé­drale Saint-Paul à Londres devant plus de 35 000 invi­tés, et est suivie par des millions de télé­spec­ta­teurs de par le monde, écrit le site gala.fr &quot;La prin­cesse de Galles mène de nombreux combats pour des causes qui lui tiennent à cœur. Elle vient en aide aux sans-abri, aux malades du sida ou encore aux enfants du monde entier&quot; dit encore gala.fr. Le couple donne nais­sance à deux enfants, William, né le 21 juin 1982, Harry, né le 15 septembre 1984. Le mariage n’est pas heureux. Charles poursuit la la liaison qu’il entretient depuis des annés avec Camilla Parker Bowles, de 23 ans son aînée. Le divorce est prononcé au mois d’août 1996. Les funérailles de lady Diana lont rassemblé environ 3 millions de personnes à Londres.
</post>
<signature>

</signature>
<external_links>

</external_links>
<country>FR</country>
<main_image>https://cdn.orange.re/images/318x180/actu/arton4986507.jpg?1472602209</main_image>
</document>
