<?xml version="1.0" encoding="UTF-8"?>
<document>
<type>mainstream</type>
<forum>http://www.onenewspage.com.au/topnewsRSS.php</forum>
<forum_title>Latest News on One News Page [Australia] - Top Headlines and News Videos</forum_title>
<discussion_title>Hawaii&apos;s Big Island Predicted To Have Close Call With Hurricane Madeline</discussion_title>
<language>english</language>
<gmt_offset></gmt_offset>
<topic_url>http://www.onenewspage.com.au/video/20160830/5423285/Hawaii-Big-Island-Predicted-To-Have-Close.htm</topic_url>
<topic_text>
Transcript: Hawaii&apos;s Big Island Predicted To Have Close Call With Hurricane Madeline 
The Central Pacific Hurricane Center on Monday issued a hurricane watch for the Big Island of Hawaii. 
According to the Associated Press, the center said Hurricane Madeline could pass &quot;dangerously close.&quot; Forecaster Derek Wroe said the storm should be near or over the Big Island by Wednesday, and weaken through late Wednesday. 
The Center said residents could experience hurricane force winds, heavy rain and high surf. Recent related news HONOLULU (AP) — National Weather Service issues hurricane warning for Hawaii’s Big Island as... Seattle Times
</topic_text>
<spam_score>0.00</spam_score>
<post_num>1</post_num>
<post_id>post-1</post_id>
<post_url>http://www.onenewspage.com.au/video/20160830/5423285/Hawaii-Big-Island-Predicted-To-Have-Close.htm</post_url>
<post_date>20160830</post_date>
<post_time>1732</post_time>
<username></username>
<post>
Transcript: Hawaii&apos;s Big Island Predicted To Have Close Call With Hurricane Madeline 
The Central Pacific Hurricane Center on Monday issued a hurricane watch for the Big Island of Hawaii. 
According to the Associated Press, the center said Hurricane Madeline could pass &quot;dangerously close.&quot; Forecaster Derek Wroe said the storm should be near or over the Big Island by Wednesday, and weaken through late Wednesday. 
The Center said residents could experience hurricane force winds, heavy rain and high surf. Recent related news HONOLULU (AP) — National Weather Service issues hurricane warning for Hawaii’s Big Island as... Seattle Times
</post>
<signature>

</signature>
<external_links>

</external_links>
<country>AU</country>
<main_image>http://video.newsserve.net/700/v/20160830/1608301730-Hawaii-Big-Island-Predicted-To-Have-Close.jpg</main_image>
</document>
