<?xml version="1.0" encoding="UTF-8"?>
<document>
<type>mainstream</type>
<forum>http://feeds.feedburner.com/ReligionNewsHeadlines-YahooNews</forum>
<forum_title>Religion News Headlines - Yahoo! News</forum_title>
<discussion_title>Egypt parliament adopts disputed law on churches</discussion_title>
<language>english</language>
<gmt_offset></gmt_offset>
<topic_url>https://www.yahoo.com/news/egypt-parliament-adopts-disputed-law-churches-203834027.html?ref=gs</topic_url>
<topic_text>
Cairo (AFP) - The Egyptian parliament on Tuesday adopted a law on regulating the construction of churches, despite opposition by some members of the Christian community which complains of discrimination. Egypt&apos;s Copts, the Middle East&apos;s largest Christian minority, have long struggled to obtain official permission to build places of worship.
They find it especially difficult to erect churches south of Cairo, where even the rumour of Christians building one can spark mob violence.
&quot;The parliament adopted the bill presented by the government for the construction and restoration of churches by a two-thirds majority,&quot; the parliament&apos;s website reported.
The new law stipulates that provincial governors will be authorised to issue permits to build churches and that they must respond within four months to each application, lawmakers told AFP.
In the case of refusal, the community may appeal the decision to the administrative court.
The construction of churches in Egypt is still governed by a ministerial decree dating back to 1934.
Ishak Ibrahim, a researcher at the Egyptian Initiative for Personal Rights, criticised the lack of transparency in the debates that preceded the adoption of the new law.
&quot;The law was decided by the authorities and a limited number of clergy. Of course they do not represent all Christians,&quot; said Ibrahim.
&quot;Members of parliament were not given a chance to propose amendments for some items, with their requests being ignored with the excuse that it is to reach consensus.&quot;
He also noted the absence of a unified places of worship law that would govern both the construction of churches and mosques, noting that legislation concerning the mosques is more lenient.
Copts, who make up about 10 percent of Egypt&apos;s population of 90 million, have faced persecution and discrimination that spiked during the 30-year rule of Hosni Mubarak, who was toppled by a popular uprising in 2011.
Dozens have been killed in recent years in sectarian attacks and clashes throughout Egypt.
There are about 2,869 churches in Egypt.
In rural and poor areas, the faithful who are deprived of churches are often forced to pray in their homes and are sometimes attacked by Muslim neighbours.
Authorities often refuse to issue building permits for churches on the grounds that doing so would disturb the peace with their Muslim neighbours.
</topic_text>
<spam_score>0.00</spam_score>
<post_num>1</post_num>
<post_id>post-1</post_id>
<post_url>https://www.yahoo.com/news/egypt-parliament-adopts-disputed-law-churches-203834027.html?ref=gs</post_url>
<post_date>20160831</post_date>
<post_time></post_time>
<username></username>
<post>
Cairo (AFP) - The Egyptian parliament on Tuesday adopted a law on regulating the construction of churches, despite opposition by some members of the Christian community which complains of discrimination. Egypt&apos;s Copts, the Middle East&apos;s largest Christian minority, have long struggled to obtain official permission to build places of worship.
They find it especially difficult to erect churches south of Cairo, where even the rumour of Christians building one can spark mob violence.
&quot;The parliament adopted the bill presented by the government for the construction and restoration of churches by a two-thirds majority,&quot; the parliament&apos;s website reported.
The new law stipulates that provincial governors will be authorised to issue permits to build churches and that they must respond within four months to each application, lawmakers told AFP.
In the case of refusal, the community may appeal the decision to the administrative court.
The construction of churches in Egypt is still governed by a ministerial decree dating back to 1934.
Ishak Ibrahim, a researcher at the Egyptian Initiative for Personal Rights, criticised the lack of transparency in the debates that preceded the adoption of the new law.
&quot;The law was decided by the authorities and a limited number of clergy. Of course they do not represent all Christians,&quot; said Ibrahim.
&quot;Members of parliament were not given a chance to propose amendments for some items, with their requests being ignored with the excuse that it is to reach consensus.&quot;
He also noted the absence of a unified places of worship law that would govern both the construction of churches and mosques, noting that legislation concerning the mosques is more lenient.
Copts, who make up about 10 percent of Egypt&apos;s population of 90 million, have faced persecution and discrimination that spiked during the 30-year rule of Hosni Mubarak, who was toppled by a popular uprising in 2011.
Dozens have been killed in recent years in sectarian attacks and clashes throughout Egypt.
There are about 2,869 churches in Egypt.
In rural and poor areas, the faithful who are deprived of churches are often forced to pray in their homes and are sometimes attacked by Muslim neighbours.
Authorities often refuse to issue building permits for churches on the grounds that doing so would disturb the peace with their Muslim neighbours.
</post>
<signature>

</signature>
<external_links>

</external_links>
<country>US</country>
<main_image>https://s.yimg.com/uu/api/res/1.2/Jm6NPJ_vnzF_KhsMdKYGwQ--/aD02ODI7dz0xMDI0O3NtPTE7YXBwaWQ9eXRhY2h5b24-/http://media.zenfs.com/en_us/News/afp.com/Part-NIC-Nic6328607-1-1-0.jpg</main_image>
</document>
