<?xml version="1.0" encoding="UTF-8"?>
<document>
<type>mainstream</type>
<forum>http://rzeszowiak.pl//rss/Praca-Zatrudnie.xml</forum>
<forum_title>Praca www.rzeszowiak.pl</forum_title>
<discussion_title>Rekrutacja do sklepu - Nowe Miasto ...</discussion_title>
<language>polish</language>
<gmt_offset></gmt_offset>
<topic_url>http://www.rzeszowiak.pl/w-zwiazku-z-planowanym-otwarciem-nowego-sklepu-z-8328595</topic_url>
<topic_text>
W związku z planowanym otwarciem nowego sklepu z branży spożywczej na terenie osiedla Nowe Miasto zatrudnimy Kasjerów, Kierownika Zmiany oraz Kierownika Sklepu .Osoby zainteresowane prosimy o przesłanie cv poprzez formularz kontaktowy z
</topic_text>
<spam_score>0.00</spam_score>
<post_num>1</post_num>
<post_id>post-1</post_id>
<post_url>http://www.rzeszowiak.pl/w-zwiazku-z-planowanym-otwarciem-nowego-sklepu-z-8328595</post_url>
<post_date>20160830</post_date>
<post_time>0632</post_time>
<username>Rekrutacja do sklepu - Nowe Miasto</username>
<post>
W związku z planowanym otwarciem nowego sklepu z branży spożywczej na terenie osiedla Nowe Miasto zatrudnimy Kasjerów, Kierownika Zmiany oraz Kierownika Sklepu .Osoby zainteresowane prosimy o przesłanie cv poprzez formularz kontaktowy z
</post>
<signature>

</signature>
<external_links>

</external_links>
<country>PL</country>
<main_image></main_image>
</document>
