<?xml version="1.0" encoding="UTF-8"?>
<document>
<type>mainstream</type>
<forum></forum>
<forum_title></forum_title>
<discussion_title>Animated GIF - Find &amp; Share on GIPHY</discussion_title>
<language>english</language>
<gmt_offset></gmt_offset>
<topic_url>http://giphy.com/gifs/rK4QjKB4SihK8</topic_url>
<topic_text>
Short URLs redirect to a specified link while rendering a GIF preview on Facebook and Twitter. Gif Shortener 
</topic_text>
<spam_score>0.19</spam_score>
<post_num>1</post_num>
<post_id>post-1</post_id>
<post_url>http://giphy.com/gifs/rK4QjKB4SihK8</post_url>
<post_date>20160831</post_date>
<post_time></post_time>
<username></username>
<post>
Short URLs redirect to a specified link while rendering a GIF preview on Facebook and Twitter. Gif Shortener 
</post>
<signature>

</signature>
<external_links>

</external_links>
<country>US</country>
<main_image>https://media.giphy.com/media/rK4QjKB4SihK8/giphy.gif</main_image>
</document>
