<?xml version="1.0" encoding="UTF-8"?>
<document>
<type>mainstream</type>
<forum>http://news.morningstar.com/all/source/market-watch.aspx</forum>
<forum_title>News Archive: MarketWatch</forum_title>
<discussion_title>Cisco to buy software-container startup ContainerX</discussion_title>
<language>english</language>
<gmt_offset></gmt_offset>
<topic_url>http://news.morningstar.com/all/market-watch/TDJNMW20160830519/cisco-to-buy-software-container-startup-containerx.aspx</topic_url>
<topic_text>
By Deborah Gage
Cisco Systems Inc. (CSCO) said it would acquire ContainerX Inc., an 18-month-old startup that manages software containers for corporate customers.
Terms of the deal weren&apos;t disclosed. ContainerX had raised $2.7 million from General Catalyst Partners and Greylock Partners.
Containers provide a way to package and manage software applications so they can run across different data centers and clouds, and be scaled up and down as needed. They are an alternative to virtual machines and are regarded as more flexible than virtual machines in some ways.
An expanded version of this report appears on WSJ.com (http://www.wsj.com/).
-Deborah Gage ; 1924ET
 
</topic_text>
<spam_score>1.00</spam_score>
<post_num>1</post_num>
<post_id>post-1</post_id>
<post_url>http://news.morningstar.com/all/market-watch/TDJNMW20160830519/cisco-to-buy-software-container-startup-containerx.aspx</post_url>
<post_date>20160830</post_date>
<post_time></post_time>
<username>morningstar.com</username>
<post>
By Deborah Gage
Cisco Systems Inc. (CSCO) said it would acquire ContainerX Inc., an 18-month-old startup that manages software containers for corporate customers.
Terms of the deal weren&apos;t disclosed. ContainerX had raised $2.7 million from General Catalyst Partners and Greylock Partners.
Containers provide a way to package and manage software applications so they can run across different data centers and clouds, and be scaled up and down as needed. They are an alternative to virtual machines and are regarded as more flexible than virtual machines in some ways.
An expanded version of this report appears on WSJ.com (http://www.wsj.com/).
-Deborah Gage ; 1924ET
 
</post>
<signature>

</signature>
<external_links>
<external_link>http://im.mstar.com/Im/Mbr/Form_PremCheckbox_Checked.gif</external_link><external_link>http://www.wsj.com/).</external_link><external_link>http://s7.addthis.com/static/btn/sm-share-en.gif</external_link><external_link>http://www.addthis.com/bookmark.php?v=250</external_link><external_link>http://im.mstar.com/Im/Mbr/Form_PremCheckbox_Unchecked.gif</external_link>
</external_links>
<country>US</country>
<main_image></main_image>
</document>
