<?xml version="1.0" encoding="UTF-8"?>
<document>
<type>mainstream</type>
<forum></forum>
<forum_title></forum_title>
<discussion_title>Useless | Chatr Review</discussion_title>
<language>english</language>
<gmt_offset></gmt_offset>
<topic_url>http://www.cellphones.ca/reviews/133660/</topic_url>
<topic_text>
Useless 1 / 10 
I have had phones from all major carriers in Canada and this is the worst. As I am writing this review, I am trying to get an agent for the past 30 minutes with no success. 
</topic_text>
<spam_score>0.18</spam_score>
<post_num>1</post_num>
<post_id>post-1</post_id>
<post_url>http://www.cellphones.ca/reviews/133660/</post_url>
<post_date>20160830</post_date>
<post_time></post_time>
<username></username>
<post>
Useless 1 / 10 
I have had phones from all major carriers in Canada and this is the worst. As I am writing this review, I am trying to get an agent for the past 30 minutes with no success. 
</post>
<signature>

</signature>
<external_links>

</external_links>
<country>CA</country>
<main_image>http://image.cellphones.ca/images/logos/featured/chatr-logo2.png</main_image>
</document>
