<?xml version="1.0" encoding="UTF-8"?>
<document>
<type>mainstream</type>
<forum>http://rssfeeds.zanesvilletimesrecorder.com/zanesville/home</forum>
<forum_title>Zanesville - Home</forum_title>
<discussion_title>Time Warner hiring for 50 positions</discussion_title>
<language>english</language>
<gmt_offset></gmt_offset>
<topic_url>http://www.zanesvilletimesrecorder.com/story/news/local/2016/08/30/time-warner-hiring-positions/89589298/</topic_url>
<topic_text>
Time Warner hiring for 50 positions Staff Report 1:58 p.m. EDT August 30, 2016 4 CONNECT COMMENT EMAIL MORE 
ZANESVILLE - Time Warner Cable is looking to fill 50 customer service jobs at its Zanesville call center, 3940 Nortpointe Drive. 
Interviews will be from 2 to 7 p.m. Wednesday at the local office. During the hiring event candidates will be able to meet with customer care leaders, assess company culture and learn about training and pay. Face-to-face interviews will be conducted with those who meet qualifications and are interested in pursuing a career with Time Warner. 
Customer service representatives assist residential customers with all aspects of cable service including billing, repair, technical support, troubleshooting, sales and other inquiries. Qualified applicants should have at least six months in customer service, proven sales experience and effective computer and communication skills. 
For more information, go to timewarnercable.com. Apply online and complete an assessment at jobs.timewarnercable.com and use the code 179684BR. Read or Share this story: http://ohne.ws/2ccoc0v TOP VIDEOS
</topic_text>
<spam_score>0.00</spam_score>
<post_num>1</post_num>
<post_id>post-1</post_id>
<post_url>http://www.zanesvilletimesrecorder.com/story/news/local/2016/08/30/time-warner-hiring-positions/89589298/</post_url>
<post_date>20160830</post_date>
<post_time>1758</post_time>
<username></username>
<post>
Time Warner hiring for 50 positions Staff Report 1:58 p.m. EDT August 30, 2016 4 CONNECT COMMENT EMAIL MORE 
ZANESVILLE - Time Warner Cable is looking to fill 50 customer service jobs at its Zanesville call center, 3940 Nortpointe Drive. 
Interviews will be from 2 to 7 p.m. Wednesday at the local office. During the hiring event candidates will be able to meet with customer care leaders, assess company culture and learn about training and pay. Face-to-face interviews will be conducted with those who meet qualifications and are interested in pursuing a career with Time Warner. 
Customer service representatives assist residential customers with all aspects of cable service including billing, repair, technical support, troubleshooting, sales and other inquiries. Qualified applicants should have at least six months in customer service, proven sales experience and effective computer and communication skills. 
For more information, go to timewarnercable.com. Apply online and complete an assessment at jobs.timewarnercable.com and use the code 179684BR. Read or Share this story: http://ohne.ws/2ccoc0v TOP VIDEOS
</post>
<signature>

</signature>
<external_links>

</external_links>
<country>US</country>
<main_image>http://www.gannett-cdn.com/-mm-/e6eda77e9cb00d62fe03e933d192bd879475c9a0/c=0-729-3333-2604&amp;amp;r=x1683&amp;amp;c=3200x1680/local/-/media/2016/08/30/Zanesville/B9323600681Z.1_20160830171608_000_GGKFI669F.1-0.png</main_image>
</document>
