<?xml version="1.0" encoding="UTF-8"?>
<document>
<type>mainstream</type>
<forum>http://www.hub-4.com/news_feed.php</forum>
<forum_title>Hub-4 News Feed</forum_title>
<discussion_title>RUD EASYLOCK Chain Fitting Systems Reduce Chain Fitting time by 30%</discussion_title>
<language>english</language>
<gmt_offset></gmt_offset>
<topic_url>http://www.hub-4.com/news/s1/10562/rud-easylock-chain-fitting-systems-reduce-chain-fitting-time-by-30</topic_url>
<topic_text>
RUD EASYLOCK Chain Fitting Systems Reduce Chain Fitting Time By 30% RUD EASYLOCK Chain Fitting Systems Reduce Chain Fitting time by 30% 31 August 2016 Product News 
Installation and fitting of tyre protection chains is a dangerous and strenuous job that can easily result in injuries to the fitter and chains. The EASY-R-LOCK system has been designed to make the fitting process safer, easier and faster process. 
EASYLOCK, is an innovative connecting ring that makes fitting chain tyres a much easier, faster and safer process. EASYLOCK comprises only two components, is easy to handle, ensures safe installation and reduces chain fitting time by 30%.It consists of an open omega ring and a locking hasp. Once the ring is passed through the wear links, the hasp is pushed over the two prongs. It is then secured with an Allen key, by a 90 degree turn of the integral locking device. EASYLOCK then remains in place until removed. EASYLOCK can be retro-fitted to any 19 mm or 23 mm TPC.The range also consists of the EASY-C-LOCK and the EASY2LOCK chain fitting systems. The EASY-C-LOCK system requires no hammer; it makes installation an extremely safe procedure. It is extremely easy to use and only has two components to handle; it greatly reduces the chain fitting time and increases safety and overall efficiency.The EASY2LOCK trye chain fitting system increases overall safety and handling during the fitting process. No tools are needed, the system is self-locking, no over-tension, no screws used there increases re usability. Make your tyre chain fitting a safer and faster process. RUD Chains Ltd , Units 10-12 , Kent 
RUD Tyre Protection Chains &amp; Sideflex RUD Chains Ltd is a leading manufacturer of high quality round steel chains, systems and components. RUD is ISO 9001 certified and is renowned for their... View Profile 2016 Hub Digital Media Limited 
or 

&amp; Quarrying industries. 

A varied menu of adverts, advertorial &amp; classified ads available online and off-line. 
Supply us with your news and we will get it out to a global audience. 
180,000 readers every quarter increasing your brand awareness. 
Bespoke packages to suit your needs and budget. 
&amp; METRICS- On request we can provide you with how well your advertising is doing. UNIQUE monthly website visitors ‘pass-on’ rate of 3 giving an estimated readership of 18,000+ &amp; Quarrying 
- HUB Digital Media Ltd | 27 Old Gloucester Street, London, WC1N 3AX. Registered at Companies House, Company No: 5670516
</topic_text>
<spam_score>0.00</spam_score>
<post_num>1</post_num>
<post_id>post-1</post_id>
<post_url>http://www.hub-4.com/news/s1/10562/rud-easylock-chain-fitting-systems-reduce-chain-fitting-time-by-30</post_url>
<post_date>20160831</post_date>
<post_time>0000</post_time>
<username></username>
<post>
RUD EASYLOCK Chain Fitting Systems Reduce Chain Fitting Time By 30% RUD EASYLOCK Chain Fitting Systems Reduce Chain Fitting time by 30% 31 August 2016 Product News 
Installation and fitting of tyre protection chains is a dangerous and strenuous job that can easily result in injuries to the fitter and chains. The EASY-R-LOCK system has been designed to make the fitting process safer, easier and faster process. 
EASYLOCK, is an innovative connecting ring that makes fitting chain tyres a much easier, faster and safer process. EASYLOCK comprises only two components, is easy to handle, ensures safe installation and reduces chain fitting time by 30%.It consists of an open omega ring and a locking hasp. Once the ring is passed through the wear links, the hasp is pushed over the two prongs. It is then secured with an Allen key, by a 90 degree turn of the integral locking device. EASYLOCK then remains in place until removed. EASYLOCK can be retro-fitted to any 19 mm or 23 mm TPC.The range also consists of the EASY-C-LOCK and the EASY2LOCK chain fitting systems. The EASY-C-LOCK system requires no hammer; it makes installation an extremely safe procedure. It is extremely easy to use and only has two components to handle; it greatly reduces the chain fitting time and increases safety and overall efficiency.The EASY2LOCK trye chain fitting system increases overall safety and handling during the fitting process. No tools are needed, the system is self-locking, no over-tension, no screws used there increases re usability. Make your tyre chain fitting a safer and faster process. RUD Chains Ltd , Units 10-12 , Kent 
RUD Tyre Protection Chains &amp; Sideflex RUD Chains Ltd is a leading manufacturer of high quality round steel chains, systems and components. RUD is ISO 9001 certified and is renowned for their... View Profile 2016 Hub Digital Media Limited 
or 

&amp; Quarrying industries. 

A varied menu of adverts, advertorial &amp; classified ads available online and off-line. 
Supply us with your news and we will get it out to a global audience. 
180,000 readers every quarter increasing your brand awareness. 
Bespoke packages to suit your needs and budget. 
&amp; METRICS- On request we can provide you with how well your advertising is doing. UNIQUE monthly website visitors ‘pass-on’ rate of 3 giving an estimated readership of 18,000+ &amp; Quarrying 
- HUB Digital Media Ltd | 27 Old Gloucester Street, London, WC1N 3AX. Registered at Companies House, Company No: 5670516
</post>
<signature>

</signature>
<external_links>

</external_links>
<country>GB</country>
<main_image></main_image>
</document>
