<?xml version="1.0" encoding="UTF-8"?>
<document>
<type>mainstream</type>
<forum>http://www.onenewspage.com.au/topnewsRSS.php</forum>
<forum_title>Latest News on One News Page [Australia] - Top Headlines and News Videos</forum_title>
<discussion_title>5 Things You Didn&apos;t Know About Work Around the World</discussion_title>
<language>english</language>
<gmt_offset></gmt_offset>
<topic_url>http://www.onenewspage.com.au/video/20160830/5422034/Things-You-Didn-Know-About-Work.htm</topic_url>
<topic_text>
5 Things You Didn&apos;t Know About Work Around the World Duration: 01:43s - Published: &lt; &gt; Embed While a lot of Americans whine and cry about how overworked they are, the average employee in Mexico works 21% more hours each week. On the other hand, in Germany they work 23% less. Brian Corsetti has five other fun facts that you didn&apos;t know about 0
</topic_text>
<spam_score>0.00</spam_score>
<post_num>1</post_num>
<post_id>post-1</post_id>
<post_url>http://www.onenewspage.com.au/video/20160830/5422034/Things-You-Didn-Know-About-Work.htm</post_url>
<post_date>20160830</post_date>
<post_time>1440</post_time>
<username></username>
<post>
5 Things You Didn&apos;t Know About Work Around the World Duration: 01:43s - Published: &lt; &gt; Embed While a lot of Americans whine and cry about how overworked they are, the average employee in Mexico works 21% more hours each week. On the other hand, in Germany they work 23% less. Brian Corsetti has five other fun facts that you didn&apos;t know about 0
</post>
<signature>

</signature>
<external_links>

</external_links>
<country>AU</country>
<main_image>http://video.newsserve.net/700/v/20160830/1608301435-Things-You-Didn-Know-About-Work.jpg</main_image>
</document>
