<?xml version="1.0" encoding="UTF-8"?>
<document>
<type>mainstream</type>
<forum>http://news.morningstar.com/all/source/market-watch.aspx</forum>
<forum_title>News Archive: MarketWatch</forum_title>
<discussion_title>Russian hackers targeting U.S. think tanks, security firm says</discussion_title>
<language>english</language>
<gmt_offset></gmt_offset>
<topic_url>http://news.morningstar.com/all/market-watch/TDJNMW20160830489/russian-hackers-targeting-us-think-tanks-security-firm-says.aspx</topic_url>
<topic_text>
By Robert McMillan
Cyberattacks linked to same group that hacked DNC
A Russian hacking group linked to a series of computer intrusions at the Democratic National Committee and other organizations is now targeting Washington think tanks focused on Russian policy, according to investigators at computer-security firm CrowdStrike Inc.
The security company detected &quot;several intrusions&quot; at think tanks that it said bore the trademarks of a Russian hacking group alternatively known as Cozy Bear and APT 29, said Dmitri Alperovitch, Crowdstrike&apos;s co-founder and chief technology officer. In June, CrowdStrike published a report linking Cozy Bear to a year-long intrusion at the DNC.
Read: As Russian hacker nabs Arizona login, FBI warns over threat to state voter records (http://www.marketwatch.com/story/fbi-warns-hackers-are-targeting-state-voter-records-2016-08-29)
One think tank, the Center for Strategic &amp; International Studies, confirmed on Tuesday that it was under attack last week. &quot;As with many research institutions we are constantly dealing with cyberattacks,&quot; Andrew Schwartz, the institute&apos;s senior vice president of external relations, said in an email.
The Russian group has targeted think tanks in the past and has also gained access to unclassified networks at the White House, State Department and U.S. Joint Chiefs of Staff, CrowdStrike says. News of these latest attacks come as U.S. authorities ponder how to respond to the intrusions at the Democratic committee and elsewhere.
An expanded version of this report appears on WSJ.com (http://www.wsj.com/articles/computer-security-firm-says-hackers-targeting-russian-focused-think-tanks-1472589087).
-Robert McMillan ; 1721ET
 
</topic_text>
<spam_score>0.00</spam_score>
<post_num>1</post_num>
<post_id>post-1</post_id>
<post_url>http://news.morningstar.com/all/market-watch/TDJNMW20160830489/russian-hackers-targeting-us-think-tanks-security-firm-says.aspx</post_url>
<post_date>20160830</post_date>
<post_time></post_time>
<username>morningstar.com</username>
<post>
By Robert McMillan
Cyberattacks linked to same group that hacked DNC
A Russian hacking group linked to a series of computer intrusions at the Democratic National Committee and other organizations is now targeting Washington think tanks focused on Russian policy, according to investigators at computer-security firm CrowdStrike Inc.
The security company detected &quot;several intrusions&quot; at think tanks that it said bore the trademarks of a Russian hacking group alternatively known as Cozy Bear and APT 29, said Dmitri Alperovitch, Crowdstrike&apos;s co-founder and chief technology officer. In June, CrowdStrike published a report linking Cozy Bear to a year-long intrusion at the DNC.
Read: As Russian hacker nabs Arizona login, FBI warns over threat to state voter records (http://www.marketwatch.com/story/fbi-warns-hackers-are-targeting-state-voter-records-2016-08-29)
One think tank, the Center for Strategic &amp; International Studies, confirmed on Tuesday that it was under attack last week. &quot;As with many research institutions we are constantly dealing with cyberattacks,&quot; Andrew Schwartz, the institute&apos;s senior vice president of external relations, said in an email.
The Russian group has targeted think tanks in the past and has also gained access to unclassified networks at the White House, State Department and U.S. Joint Chiefs of Staff, CrowdStrike says. News of these latest attacks come as U.S. authorities ponder how to respond to the intrusions at the Democratic committee and elsewhere.
An expanded version of this report appears on WSJ.com (http://www.wsj.com/articles/computer-security-firm-says-hackers-targeting-russian-focused-think-tanks-1472589087).
-Robert McMillan ; 1721ET
 
</post>
<signature>

</signature>
<external_links>
<external_link>http://s7.addthis.com/static/btn/sm-share-en.gif</external_link><external_link>http://www.marketwatch.com/story/fbi-warns-hackers-are-targeting-state-voter-records-2016-08-29)</external_link><external_link>http://www.wsj.com/articles/computer-security-firm-says-hackers-targeting-russian-focused-think-tanks-1472589087).</external_link><external_link>http://im.mstar.com/Im/Mbr/Form_PremCheckbox_Checked.gif</external_link><external_link>http://im.mstar.com/Im/Mbr/Form_PremCheckbox_Unchecked.gif</external_link><external_link>http://www.addthis.com/bookmark.php?v=250</external_link>
</external_links>
<country>US</country>
<main_image></main_image>
</document>
