<?xml version="1.0" encoding="UTF-8"?>
<document>
<type>mainstream</type>
<forum>http://h2oregonhomes.com/feed/</forum>
<forum_title>Jane Davies ~ 503-816-7084</forum_title>
<discussion_title>Tigard Library Books &amp; Bits</discussion_title>
<language>english</language>
<gmt_offset></gmt_offset>
<topic_url>http://h2oregonhomes.com/archives/4971</topic_url>
<topic_text>
Mail (will not be published) (required) 
You can use these HTML tags 
&lt;a href=&quot;&quot; title=&quot;&quot;&gt;&lt;abbr title=&quot;&quot;&gt;&lt;acronym title=&quot;&quot;&gt;&lt;b&gt;&lt;blockquote cite=&quot;&quot;&gt;&lt;cite&gt;&lt;code&gt;&lt;del datetime=&quot;&quot;&gt;&lt;em&gt;&lt;i&gt;&lt;q cite=&quot;&quot;&gt;&lt;s&gt;&lt;strike&gt;&lt;strong&gt;
</topic_text>
<spam_score>0.00</spam_score>
<post_num>1</post_num>
<post_id>post-1</post_id>
<post_url>http://h2oregonhomes.com/archives/4971</post_url>
<post_date>20160830</post_date>
<post_time>2250</post_time>
<username>admin</username>
<post>
Mail (will not be published) (required) 
You can use these HTML tags 
&lt;a href=&quot;&quot; title=&quot;&quot;&gt;&lt;abbr title=&quot;&quot;&gt;&lt;acronym title=&quot;&quot;&gt;&lt;b&gt;&lt;blockquote cite=&quot;&quot;&gt;&lt;cite&gt;&lt;code&gt;&lt;del datetime=&quot;&quot;&gt;&lt;em&gt;&lt;i&gt;&lt;q cite=&quot;&quot;&gt;&lt;s&gt;&lt;strike&gt;&lt;strong&gt;
</post>
<signature>

</signature>
<external_links>

</external_links>
<country>US</country>
<main_image></main_image>
</document>
