<?xml version="1.0" encoding="UTF-8"?>
<document>
<type>mainstream</type>
<forum>http://rssfeeds.coshoctontribune.com/coshocton/highschoolsports</forum>
<forum_title>Coshocton - High School Sports</forum_title>
<discussion_title>Boys Golf: West Holmes wins big on home course</discussion_title>
<language>english</language>
<gmt_offset></gmt_offset>
<topic_url>http://www.coshoctontribune.com/story/sports/high-school/2016/08/30/boys-golf-west-holmes-wins-big-home-course/89609820/</topic_url>
<topic_text>
Boys Golf: West Holmes wins big on home course 8:04 p.m. EDT August 30, 2016 CONNECT COMMENT EMAIL MORE 
West Holmes 178, Madison 195 
West Holmes easily defeated Ohio Cardinal Conference foe Madison on Tuesday. 
Philip Schlabach and Carter Haun earned co-medalist honors by each shooting a 43. Rounding out the scoring for the Knights were Blaine Hager (45) and Gavin Christine (47). 
The Knights next match is at home on Thursday as they take on Clear Fork. 
Ridgewood 154, Tuscarwaras Cental Catholic 205 
The Generals routed TCC on Tuesday during their Inter-Valley Conference matchup. 
Ridgewood’s Mason Waycaster shot a 36 and earned the medalist honors. Also scoring for the Generals were Brice Dennis (39), Trey Stoffer (39) and Adam Matusik (40). TOP VIDEOS
</topic_text>
<spam_score>0.00</spam_score>
<post_num>1</post_num>
<post_id>post-1</post_id>
<post_url>http://www.coshoctontribune.com/story/sports/high-school/2016/08/30/boys-golf-west-holmes-wins-big-home-course/89609820/</post_url>
<post_date>20160831</post_date>
<post_time>0004</post_time>
<username></username>
<post>
Boys Golf: West Holmes wins big on home course 8:04 p.m. EDT August 30, 2016 CONNECT COMMENT EMAIL MORE 
West Holmes 178, Madison 195 
West Holmes easily defeated Ohio Cardinal Conference foe Madison on Tuesday. 
Philip Schlabach and Carter Haun earned co-medalist honors by each shooting a 43. Rounding out the scoring for the Knights were Blaine Hager (45) and Gavin Christine (47). 
The Knights next match is at home on Thursday as they take on Clear Fork. 
Ridgewood 154, Tuscarwaras Cental Catholic 205 
The Generals routed TCC on Tuesday during their Inter-Valley Conference matchup. 
Ridgewood’s Mason Waycaster shot a 36 and earned the medalist honors. Also scoring for the Generals were Brice Dennis (39), Trey Stoffer (39) and Adam Matusik (40). TOP VIDEOS
</post>
<signature>

</signature>
<external_links>

</external_links>
<country>US</country>
<main_image>http://www.gannett-cdn.com/-mm-/9fe5b7040d7fbfe0e36d99428bb4dfa3b810d84a/c=0-446-2040-1594&amp;amp;r=x633&amp;amp;c=1200x630/local/-/media/2016/08/30/Coshocton/B9323605173Z.1_20160830201734_000_GDIFIC0TE.1-0.jpg</main_image>
</document>
