<?xml version="1.0" encoding="UTF-8"?>
<document>
<type>mainstream</type>
<forum>http://articlefeeds.nasdaq.com/nasdaq/authors?author=rtt</forum>
<forum_title>Latest Articles from RTTNews</forum_title>
<discussion_title>China Stock Market Draws Flat Lead For Wednesday</discussion_title>
<language>english</language>
<gmt_offset></gmt_offset>
<topic_url>http://www.nasdaq.com/article/china-stock-market-draws-flat-lead-for-wednesday-20160830-01008</topic_url>
<topic_text>
China Stock Market Draws Flat Lead For  30:  China stock market has finished higher in two of three trading days since the end of the two-day losing   fallen more than 20 points or 0.6 percent. The Shanghai Composite Index settled just beneath the 3,075-  SCI finished slightly higher on Tuesday, pushed into the green by support from the financial shares. 
Among the actives, China Life added 0.23 percent, while China Unicom gained 0.47 percent, Industrial and Commercial Bank of China collected 0.45 percent, Agricultural Bank of China jumped 0.94 percent, PetroChina perked 0.94 percent, China Minsheng Banking climbed 1.19 percent and Shanghai Pudong Development Bank advanced 1.05  
</topic_text>
<spam_score>0.00</spam_score>
<post_num>1</post_num>
<post_id>post-1</post_id>
<post_url>http://www.nasdaq.com/article/china-stock-market-draws-flat-lead-for-wednesday-20160830-01008</post_url>
<post_date>20160831</post_date>
<post_time>0030</post_time>
<username></username>
<post>
China Stock Market Draws Flat Lead For  30:  China stock market has finished higher in two of three trading days since the end of the two-day losing   fallen more than 20 points or 0.6 percent. The Shanghai Composite Index settled just beneath the 3,075-  SCI finished slightly higher on Tuesday, pushed into the green by support from the financial shares. 
Among the actives, China Life added 0.23 percent, while China Unicom gained 0.47 percent, Industrial and Commercial Bank of China collected 0.45 percent, Agricultural Bank of China jumped 0.94 percent, PetroChina perked 0.94 percent, China Minsheng Banking climbed 1.19 percent and Shanghai Pudong Development Bank advanced 1.05  
</post>
<signature>

</signature>
<external_links>

</external_links>
<country>US</country>
<main_image>http://www.nasdaq.com/images/dreamit.jpg</main_image>
</document>
