<?xml version="1.0" encoding="UTF-8"?>
<document>
<type>mainstream</type>
<forum>http://news.livedoor.com/topics/rss/top.xml</forum>
<forum_title>ライブドアニュース - 主要トピックス</forum_title>
<discussion_title>北海道大樹町幸徳の橋から車が転落 男性1人が流され行方不明に</discussion_title>
<language>japanese</language>
<gmt_offset></gmt_offset>
<topic_url>http://news.livedoor.com/article/detail/11954988/</topic_url>
<topic_text>
３１日午前１時３５分ごろ、北海道大樹町幸徳のヌビナイ川にかかる橋から、男性３人が乗ったＲＶ車が転落した。道警広尾署によると、運転していた音更町共栄台東の会社員鈴木洋平さん（２８）が車と共に流され、行方が分からなくなっている。 当時、台風１０号による大雨の影響で、川は増水していた。同乗していた３０代と５０代の男性２人は自力で車から脱出し、救助された。 橋は増水のため一部が損壊。３人は川の水量調査を行う会社の同僚で、増水に関する調査を終え帰宅する途中だったという。
</topic_text>
<spam_score>0.00</spam_score>
<post_num>1</post_num>
<post_id>post-1</post_id>
<post_url>http://news.livedoor.com/article/detail/11954988/</post_url>
<post_date>20160830</post_date>
<post_time>2256</post_time>
<username></username>
<post>
３１日午前１時３５分ごろ、北海道大樹町幸徳のヌビナイ川にかかる橋から、男性３人が乗ったＲＶ車が転落した。道警広尾署によると、運転していた音更町共栄台東の会社員鈴木洋平さん（２８）が車と共に流され、行方が分からなくなっている。 当時、台風１０号による大雨の影響で、川は増水していた。同乗していた３０代と５０代の男性２人は自力で車から脱出し、救助された。 橋は増水のため一部が損壊。３人は川の水量調査を行う会社の同僚で、増水に関する調査を終え帰宅する途中だったという。
</post>
<signature>

</signature>
<external_links>

</external_links>
<country>JP</country>
<main_image>http://news.livedoor.com/img/fb/news.png?v=20131122</main_image>
</document>
