<?xml version="1.0" encoding="UTF-8"?>
<document>
<type>mainstream</type>
<forum>http://www.metrotell.co.za/feed/</forum>
<forum_title>Metro Tell - South Africa News</forum_title>
<discussion_title>Africa forest elephants may take almost a century to recover from poaching-study</discussion_title>
<language>english</language>
<gmt_offset></gmt_offset>
<topic_url>http://www.metrotell.co.za/news/africa-forest-elephants-may-take-almost-a-century-to-recover-from-poachingstudy</topic_url>
<topic_text>
* Forest elephant population fell 65 percent between 2002and 2013... 
By: Reuters.com  
</topic_text>
<spam_score>0.00</spam_score>
<post_num>1</post_num>
<post_id>post-1</post_id>
<post_url>http://www.metrotell.co.za/news/africa-forest-elephants-may-take-almost-a-century-to-recover-from-poachingstudy</post_url>
<post_date>20160831</post_date>
<post_time>0000</post_time>
<username></username>
<post>
* Forest elephant population fell 65 percent between 2002and 2013... 
By: Reuters.com  
</post>
<signature>

</signature>
<external_links>

</external_links>
<country>ZA</country>
<main_image></main_image>
</document>
