<?xml version="1.0" encoding="UTF-8"?>
<document>
<type>mainstream</type>
<forum>http://www.journaldemontreal.com//rss.xml</forum>
<forum_title>Accueil</forum_title>
<discussion_title>Sept tendances à surveiller cet automne</discussion_title>
<language>french</language>
<gmt_offset></gmt_offset>
<topic_url>http://www.journaldemontreal.com/2016/08/30/sept-tendances-a-surveiller-cet-automne</topic_url>
<topic_text>
Sept tendances à surveiller cet automne Autres Mardi, 30 août 2016 19:37 MISE à JOUR Mardi, 30 août 2016 19:37 Coup d&apos;oeil sur cet article 
Si l’on se fie aux défilés des couturiers internationaux, l’automne 2016 sera haut en couleur. On mixe les styles en version maximaliste avec des contrastes de motifs et de couleurs auxquels on n’avait pas encore pensé. En un mot, les collections proposées par les plus grands créateurs de la planète mode sont AUDACIEUSES. 
La femme moderne maîtrise plus qu’un style; inspiration des années 1980 avec un accent sur les épaules, esprit punk avec des cuirs, des ­lurex, ou codes plus rigides des ­officiers avec des cabans, royal avec le tartan, époque de la Renaissance avec des cols hauts et une abondance de dentelles, ou tribal avec le léopard de couleur artificiel. 
Les must. Je dirais que si vous avez une pièce à acheter, ce devrait être un manteau, mais qui sort de l’ordinaire. Plusieurs modèles ­s’arrachent la première place: le blouson bombardier, le blouson ­collégial, le manteau oversize, sans oublier la fameuse doudoune ­matelassée. 
Les couleurs. Le mauve est la nouveauté qui essaie de prendre sa place malgré la grande popularité du rose. Toutes les palettes de rouge, de rose et de bleu sont à l’honneur. S’ajoutent le vert argile, le jaune moutarde, le bleu Klein et l’argenté pour illuminer le tout. On voit même des mix de couleurs ­inusités comme le rouge et le ­bourgogne, le rose et le bourgogne ou encore le rose et le moutarde. 
Les matières. C’est le grand retour du velours et des étoffes luxueuses. On voile et on dévoile la silhouette en mixant des matières contrastantes: dentelles et velours, soie et tricot, tweed et organza se côtoient pour créer un équilibre parfait entre les tissus légers et ceux plus rigides. Le cuir s’impose même en total look, tout comme le tweed, et le motif tartan ­reviennent en force dans des looks inspirés de la famille royale. L’imprimé léopard et les ­bouquets de fleurs. 
Inspirez-vous! Photo AFP 
GORGIO ARMANI 
Même si la tendance du noir et blanc revient régulièrement, cette fois-ci c’est le côté graphique, voire futuriste, qui ressort. Les lignes­ sont géométriques et les coupes sont extravagantes. 
Photo AFP 
VERSACE 
Rarement aussi populaire à l’automne, le rose est LA couleur de la saison. La teinte bubble gum arrive au premier rang, mais toute la palette est en vedette, allant du rose pastel au rose ­fuchsia vibrant. On le porte en total look avec des ­accessoires excentriques. 
Photo AFP 
RALPH LAUREN 
Emprunté au vestiaire des hommes, le ­costume s’impose dans celui des femmes. On casse la coupe ­masculine avec des matières brillantes, comme ce magnifique brocart, et des ­accessoires opulents. 
Photo AFP 
LANVIN 
On remarque une ­influence de l’époque de la Renaissance avec des cols hauts, des ­chemises à lavallière, des silhouettes ajustées au tronc, des dentelles, des froufrous et même des diadèmes. 
Photo AFP 
LOEWE 
On met l’accent sur la taille et on structure la silhouette avec des corsets nouveau genre qui ressemblent en fait à des ceintures extralarges ou des bustiers qui commencent sous la poitrine. Ça me fait penser à du Jean-Paul Gaultier. 
Photo AFP 
DRIES VAN NOTEN 
Matière vintage par excellence, on ne peut passer à côté du velours cet automne. On le modernise avec de nouvelles coupes et des teintes lumineuses comme le jaune moutarde, le vert émeraude et même le mauve. Pour un look glamour ultra, le velours s’accompagne­­ de la fourrure, rien de moins! 
Photo AFP 
KENZO 
Inspiré des années 1980, c’est le retour des manches ­bouffantes ou des hauts asymétriques à une seule manche. Ultralongues et évasées dans le bas, les manches trompette poursuivent leur montée en popularité. Même si ce n’est pas pratique, ça donne un look couture instantané. 
Photo Courtoisie 
Vente d’Atelier 
Fashionistas, à vos mar­ques et soyez prêtes pour la vente des designers de la Grover du 8 au 11 septembre. En tout, plus d’une vingtaine de créateurs québécois œuvrant dans l’ancienne usine ouvrent leurs portes au 2065, rue Parthenais, à Montréal. En plus de voir les nouveautés de la saison, vous bénéficierez de rabais sur les anciennes collections de bijoux, objets décoratifs, collections d’accessoires et de vêtements mode. Sur la photo, une création d’Annie­­ 50. Pour voir la liste complète des participants, voir le site www.designersdelagrover.com . 
Photo Courtoisie 
L’homme du Château 
La nouvelle collection pour hommes des boutiques Le Château est absolument ­magnifique. Conçues à Montréal, les pièces de cette collection conviennent à tous les styles. Taillés dans des étoffes remarquables comme le tweed et le tricot extensible ou les motifs à chevrons ou à carreaux, ces ­vêtements ont de la gueule, comme on dit! Voyez le vidéo de la collection automne 2016 sur YouTube #LCHOMME. 
Photo Courtoisie Mauricio Ortiz 
La rentrée sans se ruiner 
Que ce soit pour les filles ou les garçons, le rapport qualité-prix des collections du Tigre­­ Géant est dur à battre! Des articles tendance et faciles à coordonner pour aussi peu que 4 $, des denims à partir de 8 $ font partie des collections pour enfants et ados de 7 à 16 ans. Ça vaut la peine d’aller y faire un tour pour compléter les achats de la rentrée en magasin ou en ligne au www.gianttiger.com . 
À DÉCOUVRIR SUR LE WEB Les plus populaires
</topic_text>
<spam_score>0.00</spam_score>
<post_num>1</post_num>
<post_id>post-1</post_id>
<post_url>http://www.journaldemontreal.com/2016/08/30/sept-tendances-a-surveiller-cet-automne</post_url>
<post_date>20160830</post_date>
<post_time>2337</post_time>
<username></username>
<post>
Sept tendances à surveiller cet automne Autres Mardi, 30 août 2016 19:37 MISE à JOUR Mardi, 30 août 2016 19:37 Coup d&apos;oeil sur cet article 
Si l’on se fie aux défilés des couturiers internationaux, l’automne 2016 sera haut en couleur. On mixe les styles en version maximaliste avec des contrastes de motifs et de couleurs auxquels on n’avait pas encore pensé. En un mot, les collections proposées par les plus grands créateurs de la planète mode sont AUDACIEUSES. 
La femme moderne maîtrise plus qu’un style; inspiration des années 1980 avec un accent sur les épaules, esprit punk avec des cuirs, des ­lurex, ou codes plus rigides des ­officiers avec des cabans, royal avec le tartan, époque de la Renaissance avec des cols hauts et une abondance de dentelles, ou tribal avec le léopard de couleur artificiel. 
Les must. Je dirais que si vous avez une pièce à acheter, ce devrait être un manteau, mais qui sort de l’ordinaire. Plusieurs modèles ­s’arrachent la première place: le blouson bombardier, le blouson ­collégial, le manteau oversize, sans oublier la fameuse doudoune ­matelassée. 
Les couleurs. Le mauve est la nouveauté qui essaie de prendre sa place malgré la grande popularité du rose. Toutes les palettes de rouge, de rose et de bleu sont à l’honneur. S’ajoutent le vert argile, le jaune moutarde, le bleu Klein et l’argenté pour illuminer le tout. On voit même des mix de couleurs ­inusités comme le rouge et le ­bourgogne, le rose et le bourgogne ou encore le rose et le moutarde. 
Les matières. C’est le grand retour du velours et des étoffes luxueuses. On voile et on dévoile la silhouette en mixant des matières contrastantes: dentelles et velours, soie et tricot, tweed et organza se côtoient pour créer un équilibre parfait entre les tissus légers et ceux plus rigides. Le cuir s’impose même en total look, tout comme le tweed, et le motif tartan ­reviennent en force dans des looks inspirés de la famille royale. L’imprimé léopard et les ­bouquets de fleurs. 
Inspirez-vous! Photo AFP 
GORGIO ARMANI 
Même si la tendance du noir et blanc revient régulièrement, cette fois-ci c’est le côté graphique, voire futuriste, qui ressort. Les lignes­ sont géométriques et les coupes sont extravagantes. 
Photo AFP 
VERSACE 
Rarement aussi populaire à l’automne, le rose est LA couleur de la saison. La teinte bubble gum arrive au premier rang, mais toute la palette est en vedette, allant du rose pastel au rose ­fuchsia vibrant. On le porte en total look avec des ­accessoires excentriques. 
Photo AFP 
RALPH LAUREN 
Emprunté au vestiaire des hommes, le ­costume s’impose dans celui des femmes. On casse la coupe ­masculine avec des matières brillantes, comme ce magnifique brocart, et des ­accessoires opulents. 
Photo AFP 
LANVIN 
On remarque une ­influence de l’époque de la Renaissance avec des cols hauts, des ­chemises à lavallière, des silhouettes ajustées au tronc, des dentelles, des froufrous et même des diadèmes. 
Photo AFP 
LOEWE 
On met l’accent sur la taille et on structure la silhouette avec des corsets nouveau genre qui ressemblent en fait à des ceintures extralarges ou des bustiers qui commencent sous la poitrine. Ça me fait penser à du Jean-Paul Gaultier. 
Photo AFP 
DRIES VAN NOTEN 
Matière vintage par excellence, on ne peut passer à côté du velours cet automne. On le modernise avec de nouvelles coupes et des teintes lumineuses comme le jaune moutarde, le vert émeraude et même le mauve. Pour un look glamour ultra, le velours s’accompagne­­ de la fourrure, rien de moins! 
Photo AFP 
KENZO 
Inspiré des années 1980, c’est le retour des manches ­bouffantes ou des hauts asymétriques à une seule manche. Ultralongues et évasées dans le bas, les manches trompette poursuivent leur montée en popularité. Même si ce n’est pas pratique, ça donne un look couture instantané. 
Photo Courtoisie 
Vente d’Atelier 
Fashionistas, à vos mar­ques et soyez prêtes pour la vente des designers de la Grover du 8 au 11 septembre. En tout, plus d’une vingtaine de créateurs québécois œuvrant dans l’ancienne usine ouvrent leurs portes au 2065, rue Parthenais, à Montréal. En plus de voir les nouveautés de la saison, vous bénéficierez de rabais sur les anciennes collections de bijoux, objets décoratifs, collections d’accessoires et de vêtements mode. Sur la photo, une création d’Annie­­ 50. Pour voir la liste complète des participants, voir le site www.designersdelagrover.com . 
Photo Courtoisie 
L’homme du Château 
La nouvelle collection pour hommes des boutiques Le Château est absolument ­magnifique. Conçues à Montréal, les pièces de cette collection conviennent à tous les styles. Taillés dans des étoffes remarquables comme le tweed et le tricot extensible ou les motifs à chevrons ou à carreaux, ces ­vêtements ont de la gueule, comme on dit! Voyez le vidéo de la collection automne 2016 sur YouTube #LCHOMME. 
Photo Courtoisie Mauricio Ortiz 
La rentrée sans se ruiner 
Que ce soit pour les filles ou les garçons, le rapport qualité-prix des collections du Tigre­­ Géant est dur à battre! Des articles tendance et faciles à coordonner pour aussi peu que 4 $, des denims à partir de 8 $ font partie des collections pour enfants et ados de 7 à 16 ans. Ça vaut la peine d’aller y faire un tour pour compléter les achats de la rentrée en magasin ou en ligne au www.gianttiger.com . 
À DÉCOUVRIR SUR LE WEB Les plus populaires
</post>
<signature>

</signature>
<external_links>

</external_links>
<country>US</country>
<main_image>http://storage.journaldemontreal.com/v1/dynamic_resize/sws_path/jdx-prod-images/ac67cfbe-42f7-451e-a727-3a74c2491817_JDX-2x1_WEB.jpg?quality=80&amp;size=1200x&amp;version=1</main_image>
</document>
