<?xml version="1.0" encoding="UTF-8"?>
<document>
<type>mainstream</type>
<forum>http://www.alriyadh.com/section.home.xml</forum>
<forum_title>الرئيسية</forum_title>
<discussion_title>ولي ولي العهد ونائب رئيس الوزراء الصيني يشهدان توقيع 17 اتفاقية ومذكرة تفاهم</discussion_title>
<language>arabic</language>
<gmt_offset></gmt_offset>
<topic_url>http://www.alriyadh.com/1529844</topic_url>
<topic_text>
  خلال الاجتماع الأول للجنة السعودية - الصينية المشتركة رفيعة المستوى ولي ولي العهد ونائب رئيس الوزراء الصيني يشهدان توقيع 17 اتفاقية ومذكرة تفاهم ولي ولي العهد ونائب رئيس الوزراء الصيني يوقعان 17 اتفاقية ومذكرة تفاهم (عدسة: بندر الجلعود) 
ترأس صاحب السمو الملكي الأمير محمد بن سلمان بن عبدالعزيز ولي ولي العهد النائب الثاني لرئيس مجلس الوزراء وزير الدفاع في العاصمة الصينية بكين أمس مع دولة نائب رئيس الوزراء الصيني تشانغ قاو لي الاجتماع الأول للجنة السعودية -الصينية المشتركة رفيعة المستوى بحضور عدد من المسؤولين في البلدين. وجرى خلال الاجتماع استعراض العلاقات الاستراتيجية والفرص المستقبلية لتعزيز الشراكة القائمة بين المملكة والصين، والسعي من خلال اللجنة لتحقيق الأهداف التي يطمح لها البلدان الصديقان في مختلف المجالات. 
التعاون في مجالات الاستثمار والإسكان والطاقة والتعدين والتعاون الثقافي وتنمية طريق الحرير المعلوماتي وقد وقع سمو ولي ولي العهد ونائب رئيس الوزراء الصيني على اتفاقية إنشاء لجنة مشتركة سعودية صينية رفيعة المستوى ومحضر أعمال الدورة الأولى للجنة. إثر ذلك جرى توقيع 15 اتفاقية ومذكرة تفاهم بين حكومتي المملكة العربية السعودية، وجمهورية الصين الشعبية وهي كالتالي : - التوقيع على مذكرة تفاهم في قطاع الطاقة . - التوقيع على مذكرة تفاهم في مجال تخزين الزيوت . - التوقيع على اتفاقية قرض تنموي للمساهمة في تمويل مشروع إعادة تشييد المناطق المتأثرة بالزلزال في منطقة لوشان بإقليم سيشوان. - التوقيع على اتفاقية قرض تنموي للمساهمة في تمويل مشروع تشييد عدد من مباني الكلية المهنية في مدينة جيوجيانق بإقليم جيانشي. - التوقيع على برنامج تنفيذي لتنمية طريق الحرير المعلوماتي. - التوقيع على اتفاقية مذكرة تفاهم للتعاون في مجال الإسكان. - التوقيع على مذكرة تفاهم للتعاون في مجال التعدين. - التوقيع على مذكرة تفاهم للتعاون بين الصندوق السعودي للتنمية ووزارة التجارة الصينية في مجال تمويل وضمان الصادرات وتبادل المعلومات والتدريب. - التوقيع على مذكرة تفاهم للتعاون في مجال الموارد المائية. - التوقيع على جدول زمني في برنامج تعاون بين المصلحة الوطنية العامة الصينية لرقابة الجودة والاختبار والحجر ووزارة التجارة والاستثمار السعودية. - التوقيع على برنامج تنفيذي لاتفاقية تعاون ثقافي. ـ التوقيع على برنامج بين إدارة التقييس الصينية والهيئة السعودية للمواصفات والمقاييس والجودة. - التوقيع على اتفاقية مذكرة تفاهم بين وزارة العلوم والتكنولوجيا الصينية ومدينة الملك عبدالعزيز للعلوم والتقنية للتعاون في مجال العلوم والتكنولوجيا. - التوقيع على مذكرة تعاون في مجال الترجمة ونشر الأعمال الأدبية والكلاسيكية. - التوقيع على مذكرة تفاهم بين حكومة الإنشاء ووزارة الإسكان السعودية بشأن مشروع إنشاء مدينة جديدة في ضاحية الأصفر. تويتر
</topic_text>
<spam_score>0.00</spam_score>
<post_num>1</post_num>
<post_id>post-1</post_id>
<post_url>http://www.alriyadh.com/1529844</post_url>
<post_date>20160830</post_date>
<post_time>1929</post_time>
<username></username>
<post>
  خلال الاجتماع الأول للجنة السعودية - الصينية المشتركة رفيعة المستوى ولي ولي العهد ونائب رئيس الوزراء الصيني يشهدان توقيع 17 اتفاقية ومذكرة تفاهم ولي ولي العهد ونائب رئيس الوزراء الصيني يوقعان 17 اتفاقية ومذكرة تفاهم (عدسة: بندر الجلعود) 
ترأس صاحب السمو الملكي الأمير محمد بن سلمان بن عبدالعزيز ولي ولي العهد النائب الثاني لرئيس مجلس الوزراء وزير الدفاع في العاصمة الصينية بكين أمس مع دولة نائب رئيس الوزراء الصيني تشانغ قاو لي الاجتماع الأول للجنة السعودية -الصينية المشتركة رفيعة المستوى بحضور عدد من المسؤولين في البلدين. وجرى خلال الاجتماع استعراض العلاقات الاستراتيجية والفرص المستقبلية لتعزيز الشراكة القائمة بين المملكة والصين، والسعي من خلال اللجنة لتحقيق الأهداف التي يطمح لها البلدان الصديقان في مختلف المجالات. 
التعاون في مجالات الاستثمار والإسكان والطاقة والتعدين والتعاون الثقافي وتنمية طريق الحرير المعلوماتي وقد وقع سمو ولي ولي العهد ونائب رئيس الوزراء الصيني على اتفاقية إنشاء لجنة مشتركة سعودية صينية رفيعة المستوى ومحضر أعمال الدورة الأولى للجنة. إثر ذلك جرى توقيع 15 اتفاقية ومذكرة تفاهم بين حكومتي المملكة العربية السعودية، وجمهورية الصين الشعبية وهي كالتالي : - التوقيع على مذكرة تفاهم في قطاع الطاقة . - التوقيع على مذكرة تفاهم في مجال تخزين الزيوت . - التوقيع على اتفاقية قرض تنموي للمساهمة في تمويل مشروع إعادة تشييد المناطق المتأثرة بالزلزال في منطقة لوشان بإقليم سيشوان. - التوقيع على اتفاقية قرض تنموي للمساهمة في تمويل مشروع تشييد عدد من مباني الكلية المهنية في مدينة جيوجيانق بإقليم جيانشي. - التوقيع على برنامج تنفيذي لتنمية طريق الحرير المعلوماتي. - التوقيع على اتفاقية مذكرة تفاهم للتعاون في مجال الإسكان. - التوقيع على مذكرة تفاهم للتعاون في مجال التعدين. - التوقيع على مذكرة تفاهم للتعاون بين الصندوق السعودي للتنمية ووزارة التجارة الصينية في مجال تمويل وضمان الصادرات وتبادل المعلومات والتدريب. - التوقيع على مذكرة تفاهم للتعاون في مجال الموارد المائية. - التوقيع على جدول زمني في برنامج تعاون بين المصلحة الوطنية العامة الصينية لرقابة الجودة والاختبار والحجر ووزارة التجارة والاستثمار السعودية. - التوقيع على برنامج تنفيذي لاتفاقية تعاون ثقافي. ـ التوقيع على برنامج بين إدارة التقييس الصينية والهيئة السعودية للمواصفات والمقاييس والجودة. - التوقيع على اتفاقية مذكرة تفاهم بين وزارة العلوم والتكنولوجيا الصينية ومدينة الملك عبدالعزيز للعلوم والتقنية للتعاون في مجال العلوم والتكنولوجيا. - التوقيع على مذكرة تعاون في مجال الترجمة ونشر الأعمال الأدبية والكلاسيكية. - التوقيع على مذكرة تفاهم بين حكومة الإنشاء ووزارة الإسكان السعودية بشأن مشروع إنشاء مدينة جديدة في ضاحية الأصفر. تويتر
</post>
<signature>

</signature>
<external_links>

</external_links>
<country>US</country>
<main_image>http://static2.ealriyadh.com/media/cache/91/54/9154079aa2a71b08dcf79d2e1f6502a1.jpg</main_image>
</document>
