<?xml version="1.0" encoding="UTF-8"?>
<document>
<type>mainstream</type>
<forum>http://www.provisioneronline.com/rss/articles</forum>
<forum_title>National Provisioner</forum_title>
<discussion_title>New Gold’n Plump Shakers Breast Strip Kits give retailers a fresh take on ready-to-cook chicken nuggets</discussion_title>
<language>english</language>
<gmt_offset></gmt_offset>
<topic_url>http://www.provisioneronline.com/articles/103741-new-goldn-plump-shakers-breast-strip-kits-give-retailers-a-fresh-take-on-ready-to-cook-chicken-nuggets</topic_url>
<topic_text>
New Gold’n Plump Shakers Breast Strip Kits give retailers a fresh take on ready-to-cook chicken nuggets   
Gold’n Plump, the flagship brand of the Midwest’s leading chicken producer GNP Company, is adding a new line of fresh, three-step prep chicken breast strip kits that provide high quality meals and snacks in under 20 minutes. The new Gold’n Plump SHAKERS line fits perfectly within the growing semi-homemade food trend that grocery expert Phil Lempert calls an “unbelievable opportunity” for grocery retailers. Gold’n Plump Shakers are made from 100 percent whole muscle boneless skinless chicken breast meat raised with No Antibiotics–Ever. Each kit features a packet of bold, on-trend seasoned breading made with popular Panko breadcrumbs and adventurous and ethnic flavors of Savory, Sweet Chili, Jamaican, Honey Barbeque, or Chipotle Adobo. The new products are scheduled to begin shipping in early September 2016 and begin appearing on-shelf mid-month—just in time for back-to-school and the seasonal shift to more indoor cooking.“The value-added meat category continues to grow as nearly half of consumers, particularly millennials, plan last-minute meals,” says Tracy Miller, Gold’n Plump Director of Product Innovation &amp; Management. Studies show consumers desire convenience along with the experience and enjoyment of making food themselves. IRI data reported in the Power of Meat 2016 indicates the value-added meat category has grown 6.4 percent to $4 billion in sales over the past year. And fresh chicken nuggets lead the nugget category growth, up 25 percent in dollars and 39 percent in pounds versus last year. “Fresh, ready-to-cook chicken products offer more preparation involvement with very little extra work, plus superior quality and flavor compared to similar frozen products,” Miller explains. Unlike most other breaded chicken products, Gold’n Plump Shakers are sold fresh with no added solution, preservatives or artificial flavors, plus they are lower in sodium than many competitive products. Each 20-ounce kit includes 16 ounces of fresh, whole muscle chicken breast strips in an easy-to-open pouch, 4 ounces of seasoned breadcrumbs, and a zip-seal bag for shaking. Consumers simply open the kit, pour the strips and seasoned breadcrumbs together in the bag, zip shut, shake and then bake. There’s no need to touch the chicken and the kit is designed for less mess. Bold colors on packaging differentiate flavors for simpler selection. The Gold’n Plump Shakers product is sized just right for light meals or snacks for five people.“Consumers who tested Gold’n Plump Shakers loved the no-touch, healthy, semi-scratch and less-mess and versatile attributes,” Miller explains. The new line also offers the raised with “No Antibiotics–Ever” attribute, which is important to 36 percent of chicken shoppers when buying chicken, and the American Humane Certified seal, a humanely raised label claim that encourages purchase for 33 percent of chicken shoppers. Each variety of Gold’n Plump Shakers can be priced the same with a competitive suggested retail price of $5.99 per 20-ounce kit. The launch will be supported bymonthly trade promotions, and a strong consumer marketing push that will begin once products are on-shelf. The entirely new consumer campaign introduces a new advertising character to help educate consumers on how to make the product. Marketing support will also include in-store elements (demos and $1.50 instant redeemable coupons on-pack); video, print, radio and digital advertising; FSI couponing; mobile couponing; and social media promotions. For more information, visit GoldnPlump.com . 
Did you enjoy this article? Click here to subscribe to The National Provisioner .
</topic_text>
<spam_score>0.00</spam_score>
<post_num>1</post_num>
<post_id>post-1</post_id>
<post_url>http://www.provisioneronline.com/articles/103741-new-goldn-plump-shakers-breast-strip-kits-give-retailers-a-fresh-take-on-ready-to-cook-chicken-nuggets</post_url>
<post_date>20160830</post_date>
<post_time>1800</post_time>
<username></username>
<post>
New Gold’n Plump Shakers Breast Strip Kits give retailers a fresh take on ready-to-cook chicken nuggets   
Gold’n Plump, the flagship brand of the Midwest’s leading chicken producer GNP Company, is adding a new line of fresh, three-step prep chicken breast strip kits that provide high quality meals and snacks in under 20 minutes. The new Gold’n Plump SHAKERS line fits perfectly within the growing semi-homemade food trend that grocery expert Phil Lempert calls an “unbelievable opportunity” for grocery retailers. Gold’n Plump Shakers are made from 100 percent whole muscle boneless skinless chicken breast meat raised with No Antibiotics–Ever. Each kit features a packet of bold, on-trend seasoned breading made with popular Panko breadcrumbs and adventurous and ethnic flavors of Savory, Sweet Chili, Jamaican, Honey Barbeque, or Chipotle Adobo. The new products are scheduled to begin shipping in early September 2016 and begin appearing on-shelf mid-month—just in time for back-to-school and the seasonal shift to more indoor cooking.“The value-added meat category continues to grow as nearly half of consumers, particularly millennials, plan last-minute meals,” says Tracy Miller, Gold’n Plump Director of Product Innovation &amp; Management. Studies show consumers desire convenience along with the experience and enjoyment of making food themselves. IRI data reported in the Power of Meat 2016 indicates the value-added meat category has grown 6.4 percent to $4 billion in sales over the past year. And fresh chicken nuggets lead the nugget category growth, up 25 percent in dollars and 39 percent in pounds versus last year. “Fresh, ready-to-cook chicken products offer more preparation involvement with very little extra work, plus superior quality and flavor compared to similar frozen products,” Miller explains. Unlike most other breaded chicken products, Gold’n Plump Shakers are sold fresh with no added solution, preservatives or artificial flavors, plus they are lower in sodium than many competitive products. Each 20-ounce kit includes 16 ounces of fresh, whole muscle chicken breast strips in an easy-to-open pouch, 4 ounces of seasoned breadcrumbs, and a zip-seal bag for shaking. Consumers simply open the kit, pour the strips and seasoned breadcrumbs together in the bag, zip shut, shake and then bake. There’s no need to touch the chicken and the kit is designed for less mess. Bold colors on packaging differentiate flavors for simpler selection. The Gold’n Plump Shakers product is sized just right for light meals or snacks for five people.“Consumers who tested Gold’n Plump Shakers loved the no-touch, healthy, semi-scratch and less-mess and versatile attributes,” Miller explains. The new line also offers the raised with “No Antibiotics–Ever” attribute, which is important to 36 percent of chicken shoppers when buying chicken, and the American Humane Certified seal, a humanely raised label claim that encourages purchase for 33 percent of chicken shoppers. Each variety of Gold’n Plump Shakers can be priced the same with a competitive suggested retail price of $5.99 per 20-ounce kit. The launch will be supported bymonthly trade promotions, and a strong consumer marketing push that will begin once products are on-shelf. The entirely new consumer campaign introduces a new advertising character to help educate consumers on how to make the product. Marketing support will also include in-store elements (demos and $1.50 instant redeemable coupons on-pack); video, print, radio and digital advertising; FSI couponing; mobile couponing; and social media promotions. For more information, visit GoldnPlump.com . 
Did you enjoy this article? Click here to subscribe to The National Provisioner .
</post>
<signature>

</signature>
<external_links>

</external_links>
<country>US</country>
<main_image>http://www.provisioneronline.com/ext/resources/images/Responsive-Default-Images/newproducts.jpg?1470165031</main_image>
</document>
