<?xml version="1.0" encoding="UTF-8"?>
<document>
<type>mainstream</type>
<forum></forum>
<forum_title></forum_title>
<discussion_title>Woman Has Close Encounter With Bear - NBC News</discussion_title>
<language>english</language>
<gmt_offset></gmt_offset>
<topic_url>http://www.nbcnews.com/video/woman-has-close-encounter-with-bear-754527300001</topic_url>
<topic_text>
Woman Has Close Encounter With Bear Florida woman doesn&apos;t notice approaching bear until it&apos;s almost in her lap. WESH&apos;s Dave McDaniel reports. Previous 
</topic_text>
<spam_score>0.73</spam_score>
<post_num>1</post_num>
<post_id>post-1</post_id>
<post_url>http://www.nbcnews.com/video/woman-has-close-encounter-with-bear-754527300001</post_url>
<post_date>20160831</post_date>
<post_time></post_time>
<username></username>
<post>
Woman Has Close Encounter With Bear Florida woman doesn&apos;t notice approaching bear until it&apos;s almost in her lap. WESH&apos;s Dave McDaniel reports. Previous 
</post>
<signature>

</signature>
<external_links>

</external_links>
<country>US</country>
<main_image>http://media2.s-nbcnews.com/i/MSNBC/Components/Video/201608/NC_bearencounter0830_1920x1080.jpg</main_image>
</document>
