<?xml version="1.0" encoding="UTF-8"?>
<document>
<type>mainstream</type>
<forum></forum>
<forum_title></forum_title>
<discussion_title>A budget knockout | Huawei Honor 8 Review</discussion_title>
<language>english</language>
<gmt_offset></gmt_offset>
<topic_url>http://www.cellphones.ca/reviews/133662/</topic_url>
<topic_text>
A budget knockout 7 / 10 
The Honor 8 may not be the absolute best bang for your buck, but it depends on your priorities. If you’re after an incredible camera, impeccable fingerprint sensor, bonuses like an IR emitter, and an outstanding level of polish, the Honor 8’s a steal at its price point. 
</topic_text>
<spam_score>0.03</spam_score>
<post_num>1</post_num>
<post_id>post-1</post_id>
<post_url>http://www.cellphones.ca/reviews/133662/</post_url>
<post_date>20160829</post_date>
<post_time></post_time>
<username>Kyle Wiggers</username>
<post>
A budget knockout 7 / 10 
The Honor 8 may not be the absolute best bang for your buck, but it depends on your priorities. If you’re after an incredible camera, impeccable fingerprint sensor, bonuses like an IR emitter, and an outstanding level of polish, the Honor 8’s a steal at its price point. 
</post>
<signature>

</signature>
<external_links>

</external_links>
<country>CA</country>
<main_image>http://image.cellphones.ca/images/phones/51/3714/huawei-honor-8-large-1.jpg</main_image>
</document>
