<?xml version="1.0" encoding="UTF-8"?>
<document>
<type>mainstream</type>
<forum></forum>
<forum_title></forum_title>
<discussion_title>Does the phase detection auto-focus also work while taking videos or only photos?</discussion_title>
<language>english</language>
<gmt_offset></gmt_offset>
<topic_url>http://www.cellphones.ca/answers/does-the-phase-detection-autofocus-also-work-while-taking-videos-or-only-photos-9688/</topic_url>
<topic_text>
28 Aug 2016 10:35 Does the phase detection auto-focus also work while taking videos or only photos? 
I&apos;m weighing this phone against others, which have continuous autofocus, when recording movies. Since I use this feature a lot, it&apos;s very important to me. Will the phase autofocus of the Huawei function equally well? 
</topic_text>
<spam_score>0.22</spam_score>
<post_num>1</post_num>
<post_id>post-1</post_id>
<post_url>http://www.cellphones.ca/answers/does-the-phase-detection-autofocus-also-work-while-taking-videos-or-only-photos-9688/</post_url>
<post_date>20160828</post_date>
<post_time></post_time>
<username></username>
<post>
28 Aug 2016 10:35 Does the phase detection auto-focus also work while taking videos or only photos? 
I&apos;m weighing this phone against others, which have continuous autofocus, when recording movies. Since I use this feature a lot, it&apos;s very important to me. Will the phase autofocus of the Huawei function equally well? 
</post>
<signature>

</signature>
<external_links>

</external_links>
<country>CA</country>
<main_image>http://www.cellphones.ca/images/css/home/img_gallery_12.jpg</main_image>
</document>
