<?xml version="1.0" encoding="UTF-8"?>
<document>
<type>mainstream</type>
<forum></forum>
<forum_title></forum_title>
<discussion_title>Funeral set for Brooklyn undergrad at Cornell University - Newsbuss</discussion_title>
<language>english</language>
<gmt_offset></gmt_offset>
<topic_url>http://newsbuss.com/funeral-set-for-brooklyn-undergrad-at-cornell-university/</topic_url>
<topic_text>
Latest News Funeral set for Brooklyn undergrad at Cornell University 
killed a family were killed in Brooklyn college sophomore Anthony Nazaire creates his rest for 10 September, the Daily News has learned. 
</topic_text>
<spam_score>0.16</spam_score>
<post_num>1</post_num>
<post_id>post-1</post_id>
<post_url>http://newsbuss.com/funeral-set-for-brooklyn-undergrad-at-cornell-university/</post_url>
<post_date>20160831</post_date>
<post_time></post_time>
<username></username>
<post>
Latest News Funeral set for Brooklyn undergrad at Cornell University 
killed a family were killed in Brooklyn college sophomore Anthony Nazaire creates his rest for 10 September, the Daily News has learned. 
</post>
<signature>

</signature>
<external_links>

</external_links>
<country>US</country>
<main_image>http://feeds.feedburner.com/~r/NydnRss/~4/hOLV-BLgVsU</main_image>
</document>
