<?xml version="1.0" encoding="UTF-8"?>
<document>
<type>mainstream</type>
<forum>http://news.livedoor.com/topics/rss/top.xml</forum>
<forum_title>ライブドアニュース - 主要トピックス</forum_title>
<discussion_title>「Xperia」の最新機種に「致命的なバグ」 電卓の計算結果に異常</discussion_title>
<language>japanese</language>
<gmt_offset></gmt_offset>
<topic_url>http://news.livedoor.com/article/detail/11954958/</topic_url>
<topic_text>
ソニーモバイルコミュニケーションズ製のAndroidスマートフォン「Xperia」の最新機種で、初期インストールされている電卓アプリに「致命的なバグ」が見つかったと、インターネット上で騒ぎになっている。 
指摘されたバグとは、文字のフォントやサイズを変更することで、電卓アプリでの計算結果の表示が「おかしくなる」ケースがあるというものだ。「20000÷26」の答えが「3」になったり、「1700÷45」の答えが「7」になったりする事例が報告されており、ツイッターには注意を呼び掛ける投稿も出ている。 「20000÷26＝3」「1700÷46＝04」... 
電卓アプリのバグが見つかったのは、ソニーモバイルが2016年6月に発売した「Xperia X Performance」だ。レビューサイト「価格.com」内の同商品に関する掲示板には、7月末頃から「電卓で計算すると答えが違うのですが...」といった報告が複数件出ている。 
「20000÷26＝3」「1700÷45＝7」「1700÷46＝04」――。このように、明らかな「計算ミス」の表示を写したアプリのスクリーンショットも、ネット上には数多くアップされている。こうしたバグの報告は、「docomo」「au」「softbank」の3キャリア全てのユーザーから上がっていた。 
実際、J-CASTニュース記者が8月30日昼に同機種の電卓アプリを検証したところ、確かに計算結果が誤って表示されるケースがあった。試した範囲では、「10÷5」など答えが割り切れる計算では正しく表示されたが、答えが割り切れない計算の場合は、「1700÷45＝7」など誤表示が出た。 
計算結果が正しく表示されないケースは、設定画面の文字フォントの変更機能で「ハミング」という特定の字体を選択した場合にのみ起きるようだ。同フォントはデフォルトで用意されているもので、選択する際には 「アプリや文字によってはフォントの変更が反映されなかったり、文末が表示しきれない場合があります」
</topic_text>
<spam_score>0.00</spam_score>
<post_num>1</post_num>
<post_id>post-1</post_id>
<post_url>http://news.livedoor.com/article/detail/11954958/</post_url>
<post_date>20160830</post_date>
<post_time>2230</post_time>
<username></username>
<post>
ソニーモバイルコミュニケーションズ製のAndroidスマートフォン「Xperia」の最新機種で、初期インストールされている電卓アプリに「致命的なバグ」が見つかったと、インターネット上で騒ぎになっている。 
指摘されたバグとは、文字のフォントやサイズを変更することで、電卓アプリでの計算結果の表示が「おかしくなる」ケースがあるというものだ。「20000÷26」の答えが「3」になったり、「1700÷45」の答えが「7」になったりする事例が報告されており、ツイッターには注意を呼び掛ける投稿も出ている。 「20000÷26＝3」「1700÷46＝04」... 
電卓アプリのバグが見つかったのは、ソニーモバイルが2016年6月に発売した「Xperia X Performance」だ。レビューサイト「価格.com」内の同商品に関する掲示板には、7月末頃から「電卓で計算すると答えが違うのですが...」といった報告が複数件出ている。 
「20000÷26＝3」「1700÷45＝7」「1700÷46＝04」――。このように、明らかな「計算ミス」の表示を写したアプリのスクリーンショットも、ネット上には数多くアップされている。こうしたバグの報告は、「docomo」「au」「softbank」の3キャリア全てのユーザーから上がっていた。 
実際、J-CASTニュース記者が8月30日昼に同機種の電卓アプリを検証したところ、確かに計算結果が誤って表示されるケースがあった。試した範囲では、「10÷5」など答えが割り切れる計算では正しく表示されたが、答えが割り切れない計算の場合は、「1700÷45＝7」など誤表示が出た。 
計算結果が正しく表示されないケースは、設定画面の文字フォントの変更機能で「ハミング」という特定の字体を選択した場合にのみ起きるようだ。同フォントはデフォルトで用意されているもので、選択する際には 「アプリや文字によってはフォントの変更が反映されなかったり、文末が表示しきれない場合があります」
</post>
<signature>

</signature>
<external_links>

</external_links>
<country>JP</country>
<main_image>http://image.news.livedoor.com/newsimage/5/1/51551_80_b62a7232_b4f2b845.jpg</main_image>
</document>
