<?xml version="1.0" encoding="UTF-8"?>
<document>
<type>mainstream</type>
<forum>http://linux.softpedia.com/backend.xml</forum>
<forum_title>Softpedia Linux / All</forum_title>
<discussion_title>gnome-session 3.20.2 / 3.22.0 Beta</discussion_title>
<language>english</language>
<gmt_offset></gmt_offset>
<topic_url>http://linux.softpedia.com/get/Desktop-Environment/Window-Managers/gnome-session-11690.shtml</topic_url>
<topic_text>
GPL (GNU General Public License) The GNOME session manager package and other session management related utilities gnome-session is an open source and free software project, an important component of the GNOME desktop environment, providing essential components for its sessions. It comprises of the GNOME session manager, a configuration program that allows users to choose which applications start at login, as well as several other session management related utilities. An essential component of GNOME gnome-session is a required component of the GNOME desktop environment, and it is distributed along the GNOME Project. However, users can download the latest sources tarball from our dedicated download section above and install it manually using the instructions below. Getting started with gnome-session To install the gnome-session program on your GNU/Linux box, you will have to first install all of its dependencies, which are available from the GNOME Project’s FTP servers, Softpedia or the main software repositories of your distribution. Once all the dependencies have been installed, you can download the latest version of gnome-session from our website, save it on a location of your choice, extract it and open a terminal emulator. Type the “./configure &amp;&amp; make” command to configure and compile the sources, followed by the “make install” command, which should be executed as root or with sudo, to install the program system wide. Both commands are run without quotes. However, end-users won’t need to install this package on their computers if they already have the GNOME desktop environment installed, nor if they want to install the GNOME desktop environment on top of their operating systems, standalone or alongside another graphical session. Designed for GNOME Once again, we should mention that the gnome-session package is a very important application for the entire GNOME desktop environment, designed to handle the main session. It is compatible with a wide range of Linux distributions, supported on both 32-bit and 64-bit instruction set architectures. gnome-session   5.0 / 5
</topic_text>
<spam_score>0.00</spam_score>
<post_num>1</post_num>
<post_id>post-1</post_id>
<post_url>http://linux.softpedia.com/get/Desktop-Environment/Window-Managers/gnome-session-11690.shtml</post_url>
<post_date>20160830</post_date>
<post_time>1746</post_time>
<username>Softpedia Linux</username>
<post>
GPL (GNU General Public License) The GNOME session manager package and other session management related utilities gnome-session is an open source and free software project, an important component of the GNOME desktop environment, providing essential components for its sessions. It comprises of the GNOME session manager, a configuration program that allows users to choose which applications start at login, as well as several other session management related utilities. An essential component of GNOME gnome-session is a required component of the GNOME desktop environment, and it is distributed along the GNOME Project. However, users can download the latest sources tarball from our dedicated download section above and install it manually using the instructions below. Getting started with gnome-session To install the gnome-session program on your GNU/Linux box, you will have to first install all of its dependencies, which are available from the GNOME Project’s FTP servers, Softpedia or the main software repositories of your distribution. Once all the dependencies have been installed, you can download the latest version of gnome-session from our website, save it on a location of your choice, extract it and open a terminal emulator. Type the “./configure &amp;&amp; make” command to configure and compile the sources, followed by the “make install” command, which should be executed as root or with sudo, to install the program system wide. Both commands are run without quotes. However, end-users won’t need to install this package on their computers if they already have the GNOME desktop environment installed, nor if they want to install the GNOME desktop environment on top of their operating systems, standalone or alongside another graphical session. Designed for GNOME Once again, we should mention that the gnome-session package is a very important application for the entire GNOME desktop environment, designed to handle the main session. It is compatible with a wide range of Linux distributions, supported on both 32-bit and 64-bit instruction set architectures. gnome-session   5.0 / 5
</post>
<signature>

</signature>
<external_links>

</external_links>
<country>US</country>
<main_image>http://i1-linux.softpedia-static.com/screenshots/gnome-session_1.jpg</main_image>
</document>
