<?xml version="1.0" encoding="UTF-8"?>
<document>
<type>mainstream</type>
<forum>http://www.journaldemontreal.com//rss.xml</forum>
<forum_title>Accueil</forum_title>
<discussion_title>Style au passage: Maya</discussion_title>
<language>french</language>
<gmt_offset></gmt_offset>
<topic_url>http://www.journaldemontreal.com/2016/08/30/style-au-passage-maya</topic_url>
<topic_text>
Le pantalon XXL 
La tendance 
Le pantalon à jambes larges est ­toujours présent sur les passerelles internationales, mais cette saison, la tendance a pris des proportions ­inégalées avec des modèles à jambes encore plus imposantes... comme ceux aperçus chez Marni. Et bonne nouvelle, vous pourrez continuer à porter votre pantalon ample ­l’automne prochain, il suffira de ­remplacer votre tunique légère sans manches par un chaud tricot emmitouflant (et peut-être ajouter un col roulé en dessous)! Pour une belle dose d’inspiration, je vous conseille de ­jeter un coup d’œil à la collection ­Celine automne-hiver 2016-17! Le pantalon n’est pas la seule pièce XXL que porte Maya, elle nous propose aussi un sac imposant qui se marie parfaitement à sa tenue et qui me rappelle les sacs surdimensionnés vus chez Chanel. Photo AFP
</topic_text>
<spam_score>0.00</spam_score>
<post_num>1</post_num>
<post_id>post-1</post_id>
<post_url>http://www.journaldemontreal.com/2016/08/30/style-au-passage-maya</post_url>
<post_date>20160830</post_date>
<post_time>2351</post_time>
<username></username>
<post>
Le pantalon XXL 
La tendance 
Le pantalon à jambes larges est ­toujours présent sur les passerelles internationales, mais cette saison, la tendance a pris des proportions ­inégalées avec des modèles à jambes encore plus imposantes... comme ceux aperçus chez Marni. Et bonne nouvelle, vous pourrez continuer à porter votre pantalon ample ­l’automne prochain, il suffira de ­remplacer votre tunique légère sans manches par un chaud tricot emmitouflant (et peut-être ajouter un col roulé en dessous)! Pour une belle dose d’inspiration, je vous conseille de ­jeter un coup d’œil à la collection ­Celine automne-hiver 2016-17! Le pantalon n’est pas la seule pièce XXL que porte Maya, elle nous propose aussi un sac imposant qui se marie parfaitement à sa tenue et qui me rappelle les sacs surdimensionnés vus chez Chanel. Photo AFP
</post>
<signature>

</signature>
<external_links>

</external_links>
<country>US</country>
<main_image>http://storage.journaldemontreal.com/v1/dynamic_resize/sws_path/jdx-prod-images/4757d7be-e9e5-4018-b76e-afd86c45c3fe_JDX-2x1_WEB.jpg?quality=80&amp;size=1200x&amp;version=1</main_image>
</document>
