<?xml version="1.0" encoding="UTF-8"?>
<document>
<type>mainstream</type>
<forum>https://www.haufe.de/xml/rss_129126.xml</forum>
<forum_title>Haufe: Unternehmensführung</forum_title>
<discussion_title>Arbeitsrecht: Wann der Chef an den Mitarbeiter-PC darf</discussion_title>
<language>german</language>
<gmt_offset></gmt_offset>
<topic_url>https://www.haufe.de/unternehmensfuehrung/recht-personal/arbeitsrecht-wann-der-chef-an-den-mitarbeiter-pc-darf_56_373846.html</topic_url>
<topic_text>
31.08.2016 | Arbeitsrecht Wann der Chef an den Mitarbeiter-PC darf Arbeitgeber dürfen auf den Rechner eines Mitarbeiters zugreifen, wenn dieser länger fehlt - zum Beispiel aufgrund von Krankheit. Bild: MEV Verlag GmbH, Germany E-Mails, Aufträge, Projekte: Wenn ein Mitarbeiter plötzlich länger ausfällt, können auf seinem Rechner wichtige Dokumente liegen - die der Arbeitgeber braucht. Einfach zugreifen? Das geht nicht immer, erläutert eine Fachanwältin für Arbeitsrecht. Arbeitgeber dürfen auf den Rechner eines Mitarbeiters zugreifen, wenn dieser länger fehlt - zum Beispiel aufgrund von Krankheit. Voraussetzung dafür ist jedoch, dass mit dem Mitarbeiter vereinbart worden ist, dass der PC nur dienstlich genutzt wird, sagt Nathalie Oberthür, Fachanwältin für Arbeitsrecht in Köln. Gegebenenfalls kann der Arbeitgeber für den Zugriff auf das Benutzerkonto des Mitarbeiters auch Passwörter zurücksetzen lassen. &quot;Das ist zulässig, wenn für den Arbeitgeber keine andere Möglichkeit besteht&quot;, sagt Oberthür. Wichtig ist eine Rechtfertigung Wie tief der Arbeitgeber in die Daten auf dem Rechner eintauchen darf, muss in Verhältnis zu den betrieblichen Erfordernissen stehen, sagt Oberthür. Sie erklärt es am Beispiel: Manchmal reicht es schon, ins E-Mail-Postfach eine Abwesenheitsnotiz einzufügen. Hat der kranke Kollege per E-Mail Kontakt mit wichtigen Kunden, kann es erforderlich sein, auch E-Mails zu öffnen. Der Arbeitgeber müsse erklären können, aus welchem Zweck er auf bestimmte Daten zugreift. &quot;Er muss dafür eine Rechtfertigung haben&quot;, betont Oberthür. Private Dokumente sind tabu Hat der Mitarbeiter mit seinem Arbeitgeber vereinbart, dass der Computer auch privat genutzt werden darf, darf der Arbeitgeber ohne sein Einverständnis beispielsweise nicht auf dessen E-Mail-Postfach zugreifen. Macht er es doch, kann das strafbar sein. Denn er verletzt dann eventuell das Fernmeldegeheimnis, so die Rechtsanwältin. Ähnliche Regeln gelten auch im nicht-digitalen Bereich, ergänzt sie. Rein dienstliche Unterlagen des Mitarbeiters darf der Arbeitgeber in dessen Abwesenheit durchgehen, wenn es zu betrieblichen Zwecken nötig ist. Private Dokumente sind dagegen tabu. &gt;&gt; Das könnte Sie auch interessieren:
</topic_text>
<spam_score>0.00</spam_score>
<post_num>1</post_num>
<post_id>post-1</post_id>
<post_url>https://www.haufe.de/unternehmensfuehrung/recht-personal/arbeitsrecht-wann-der-chef-an-den-mitarbeiter-pc-darf_56_373846.html</post_url>
<post_date>20160830</post_date>
<post_time>2345</post_time>
<username></username>
<post>
31.08.2016 | Arbeitsrecht Wann der Chef an den Mitarbeiter-PC darf Arbeitgeber dürfen auf den Rechner eines Mitarbeiters zugreifen, wenn dieser länger fehlt - zum Beispiel aufgrund von Krankheit. Bild: MEV Verlag GmbH, Germany E-Mails, Aufträge, Projekte: Wenn ein Mitarbeiter plötzlich länger ausfällt, können auf seinem Rechner wichtige Dokumente liegen - die der Arbeitgeber braucht. Einfach zugreifen? Das geht nicht immer, erläutert eine Fachanwältin für Arbeitsrecht. Arbeitgeber dürfen auf den Rechner eines Mitarbeiters zugreifen, wenn dieser länger fehlt - zum Beispiel aufgrund von Krankheit. Voraussetzung dafür ist jedoch, dass mit dem Mitarbeiter vereinbart worden ist, dass der PC nur dienstlich genutzt wird, sagt Nathalie Oberthür, Fachanwältin für Arbeitsrecht in Köln. Gegebenenfalls kann der Arbeitgeber für den Zugriff auf das Benutzerkonto des Mitarbeiters auch Passwörter zurücksetzen lassen. &quot;Das ist zulässig, wenn für den Arbeitgeber keine andere Möglichkeit besteht&quot;, sagt Oberthür. Wichtig ist eine Rechtfertigung Wie tief der Arbeitgeber in die Daten auf dem Rechner eintauchen darf, muss in Verhältnis zu den betrieblichen Erfordernissen stehen, sagt Oberthür. Sie erklärt es am Beispiel: Manchmal reicht es schon, ins E-Mail-Postfach eine Abwesenheitsnotiz einzufügen. Hat der kranke Kollege per E-Mail Kontakt mit wichtigen Kunden, kann es erforderlich sein, auch E-Mails zu öffnen. Der Arbeitgeber müsse erklären können, aus welchem Zweck er auf bestimmte Daten zugreift. &quot;Er muss dafür eine Rechtfertigung haben&quot;, betont Oberthür. Private Dokumente sind tabu Hat der Mitarbeiter mit seinem Arbeitgeber vereinbart, dass der Computer auch privat genutzt werden darf, darf der Arbeitgeber ohne sein Einverständnis beispielsweise nicht auf dessen E-Mail-Postfach zugreifen. Macht er es doch, kann das strafbar sein. Denn er verletzt dann eventuell das Fernmeldegeheimnis, so die Rechtsanwältin. Ähnliche Regeln gelten auch im nicht-digitalen Bereich, ergänzt sie. Rein dienstliche Unterlagen des Mitarbeiters darf der Arbeitgeber in dessen Abwesenheit durchgehen, wenn es zu betrieblichen Zwecken nötig ist. Private Dokumente sind dagegen tabu. &gt;&gt; Das könnte Sie auch interessieren:
</post>
<signature>

</signature>
<external_links>

</external_links>
<country>DE</country>
<main_image>https://www.haufe.de/image/manager-sitzt-nachdenklich-vor-flachbildschirm-240664-2.jpg?width=650&amp;digest=jvq9tmvxfvYJeJj%2BE/RQjfpiB%2BZkAPkK4H64OyNMIgM%3D</main_image>
</document>
