<?xml version="1.0" encoding="UTF-8"?>
<document>
<type>mainstream</type>
<forum></forum>
<forum_title></forum_title>
<discussion_title>How do I turn off the Alarm clock, without having to put my whole phone off?</discussion_title>
<language>english</language>
<gmt_offset></gmt_offset>
<topic_url>http://www.cellphones.ca/answers/how-do-i-turn-off-the-alarm-clock-without-having-to-shit-my-whole-phone-off-2672/</topic_url>
<topic_text>
How do I turn off the Alarm clock, without having to put my whole phone off? 
How do I turn off the Alarm clock, without having to shiput my whole phone off? 
</topic_text>
<spam_score>0.01</spam_score>
<post_num>1</post_num>
<post_id>post-1</post_id>
<post_url>http://www.cellphones.ca/answers/how-do-i-turn-off-the-alarm-clock-without-having-to-shit-my-whole-phone-off-2672/</post_url>
<post_date>20160828</post_date>
<post_time></post_time>
<username>Carl P</username>
<post>
How do I turn off the Alarm clock, without having to put my whole phone off? 
How do I turn off the Alarm clock, without having to shiput my whole phone off? 
</post>
<signature>

</signature>
<external_links>

</external_links>
<country>CA</country>
<main_image>http://www.cellphones.ca/images/css/home/img_gallery_12.jpg</main_image>
</document>
