<?xml version="1.0" encoding="UTF-8"?>
<document>
<type>mainstream</type>
<forum></forum>
<forum_title></forum_title>
<discussion_title>Why are file hidden on my Lenovo A7000 not visible from my desktop?</discussion_title>
<language>english</language>
<gmt_offset></gmt_offset>
<topic_url>http://www.cellphones.ca/answers/i-having-lenovo-a7000-and-i-have-installed-hide-file-expert-for-hiding-viedos-and-photos-the-app-not-seen-is-not-seeing-in-desktop-so-what-can-i-do-to-open-it-9457/</topic_url>
<topic_text>
27 Aug 2016 02:23 Why are file hidden on my Lenovo A7000 not visible from my desktop? 
I having lenovo A7000 and i have installed hide file expert for hiding viedos and photos the app not seen is not seeing in desktop so what can i do to open it 
</topic_text>
<spam_score>0.10</spam_score>
<post_num>1</post_num>
<post_id>post-1</post_id>
<post_url>http://www.cellphones.ca/answers/i-having-lenovo-a7000-and-i-have-installed-hide-file-expert-for-hiding-viedos-and-photos-the-app-not-seen-is-not-seeing-in-desktop-so-what-can-i-do-to-open-it-9457/</post_url>
<post_date>20160827</post_date>
<post_time></post_time>
<username></username>
<post>
27 Aug 2016 02:23 Why are file hidden on my Lenovo A7000 not visible from my desktop? 
I having lenovo A7000 and i have installed hide file expert for hiding viedos and photos the app not seen is not seeing in desktop so what can i do to open it 
</post>
<signature>

</signature>
<external_links>

</external_links>
<country>CA</country>
<main_image>http://www.cellphones.ca/images/css/home/img_gallery_12.jpg</main_image>
</document>
