<?xml version="1.0" encoding="UTF-8"?>
<document>
<type>mainstream</type>
<forum>http://www.csnchicago.com/rss-top-headlines.xml</forum>
<forum_title>CSN Chicago RSS Feed</forum_title>
<discussion_title>Who is Hot and Cold ahead of the Southern 500</discussion_title>
<language>english</language>
<gmt_offset></gmt_offset>
<topic_url>http://www.csnchicago.com/content/who-hot-and-cold-ahead-southern-500</topic_url>
<topic_text>
NBCSN The Dan Patrick Show General 9am ET NBCSN Scan All Special NASCAR 5:30pm ET NBCSN NASCAR America NASCAR 6pm ET NBCSN World Series of Beach Volleyball General 11pm ET NBCSN PFT Live NFL Wed 7am ET NBCSN The Dan Patrick Show General Wed 9am ET NBCSN Premier League Transfer Deadline Special Soccer Wed 5pm ET NBCSN NASCAR America NASCAR Wed 8pm ET NBCSN NASCAR Southern Speed: Legend of Darlington NASCAR Wed 9pm ET NBCSN PFT Live NFL Thu 7am ET NBCSN The Dan Patrick Show General Thu 9am ET NBCSN Global Rallycross Lites General Thu 5:30pm ET NBCSN NASCAR America NASCAR Thu 6pm ET NBCSN NASCAR Whelen Series NASCAR Thu 7pm ET NBCSN The Dan Patrick Show General 8am CT NBCSN Scan All Special NASCAR 4:30pm CT NBCSN NASCAR America NASCAR 5pm CT NBCSN World Series of Beach Volleyball General 10pm CT NBCSN PFT Live NFL Wed 6am CT NBCSN The Dan Patrick Show General Wed 8am CT NBCSN Premier League Transfer Deadline Special Soccer Wed 4pm CT NBCSN NASCAR America NASCAR Wed 7pm CT NBCSN NASCAR Southern Speed: Legend of Darlington NASCAR Wed 8pm CT NBCSN PFT Live NFL Thu 6am CT NBCSN The Dan Patrick Show General Thu 8am CT NBCSN Global Rallycross Lites General Thu 4:30pm CT NBCSN NASCAR America NASCAR Thu 5pm CT NBCSN NASCAR Whelen Series NASCAR Thu 6pm CT NBCSN The Dan Patrick Show General 7am MT NBCSN Scan All Special NASCAR 3:30pm MT NBCSN NASCAR America NASCAR 4pm MT NBCSN World Series of Beach Volleyball General 9pm MT NBCSN PFT Live NFL Wed 5am MT NBCSN The Dan Patrick Show General Wed 7am MT NBCSN Premier League Transfer Deadline Special Soccer Wed 3pm MT NBCSN NASCAR America NASCAR Wed 6pm MT NBCSN NASCAR Southern Speed: Legend of Darlington NASCAR Wed 7pm MT NBCSN PFT Live NFL Thu 5am MT NBCSN The Dan Patrick Show General Thu 7am MT NBCSN Global Rallycross Lites General Thu 3:30pm MT NBCSN NASCAR America NASCAR Thu 4pm MT NBCSN NASCAR Whelen Series NASCAR Thu 5pm MT NBCSN The Dan Patrick Show General 6am PT NBCSN Scan All Special NASCAR 2:30pm PT NBCSN NASCAR America NASCAR 3pm PT NBCSN World Series of Beach Volleyball General 8pm PT NBCSN PFT Live NFL Wed 4am PT NBCSN The Dan Patrick Show General Wed 6am PT NBCSN Premier League Transfer Deadline Special Soccer Wed 2pm PT NBCSN NASCAR America NASCAR Wed 5pm PT NBCSN NASCAR Southern Speed: Legend of Darlington NASCAR Wed 6pm PT NBCSN PFT Live NFL Thu 4am PT NBCSN The Dan Patrick Show General Thu 6am PT NBCSN Global Rallycross Lites General Thu 2:30pm PT NBCSN NASCAR America NASCAR Thu 3pm PT NBCSN NASCAR Whelen Series NASCAR Thu 4pm PT NBCSN The Dan Patrick Show General 3am HT NBCSN Scan All Special NASCAR 11:30am HT NBCSN NASCAR America NASCAR 12pm HT NBCSN World Series of Beach Volleyball General 5pm HT NBCSN PFT Live NFL Wed 1am HT NBCSN The Dan Patrick Show General Wed 3am HT NBCSN Premier League Transfer Deadline Special Soccer Wed 11am HT NBCSN NASCAR America NASCAR Wed 2pm HT NBCSN NASCAR Southern Speed: Legend of Darlington NASCAR Wed 3pm HT NBCSN PFT Live NFL Thu 1am HT NBCSN The Dan Patrick Show General Thu 3am HT NBCSN Global Rallycross Lites General Thu 11:30am HT NBCSN NASCAR America NASCAR Thu 12pm HT NBCSN NASCAR Whelen Series NASCAR Thu 1pm HT 
No one has repeated as a winner at Darlington Raceway since 2006. Image:
</topic_text>
<spam_score>0.00</spam_score>
<post_num>1</post_num>
<post_id>post-1</post_id>
<post_url>http://www.csnchicago.com/content/who-hot-and-cold-ahead-southern-500</post_url>
<post_date>20160830</post_date>
<post_time>1940</post_time>
<username>nbcsports.com</username>
<post>
NBCSN The Dan Patrick Show General 9am ET NBCSN Scan All Special NASCAR 5:30pm ET NBCSN NASCAR America NASCAR 6pm ET NBCSN World Series of Beach Volleyball General 11pm ET NBCSN PFT Live NFL Wed 7am ET NBCSN The Dan Patrick Show General Wed 9am ET NBCSN Premier League Transfer Deadline Special Soccer Wed 5pm ET NBCSN NASCAR America NASCAR Wed 8pm ET NBCSN NASCAR Southern Speed: Legend of Darlington NASCAR Wed 9pm ET NBCSN PFT Live NFL Thu 7am ET NBCSN The Dan Patrick Show General Thu 9am ET NBCSN Global Rallycross Lites General Thu 5:30pm ET NBCSN NASCAR America NASCAR Thu 6pm ET NBCSN NASCAR Whelen Series NASCAR Thu 7pm ET NBCSN The Dan Patrick Show General 8am CT NBCSN Scan All Special NASCAR 4:30pm CT NBCSN NASCAR America NASCAR 5pm CT NBCSN World Series of Beach Volleyball General 10pm CT NBCSN PFT Live NFL Wed 6am CT NBCSN The Dan Patrick Show General Wed 8am CT NBCSN Premier League Transfer Deadline Special Soccer Wed 4pm CT NBCSN NASCAR America NASCAR Wed 7pm CT NBCSN NASCAR Southern Speed: Legend of Darlington NASCAR Wed 8pm CT NBCSN PFT Live NFL Thu 6am CT NBCSN The Dan Patrick Show General Thu 8am CT NBCSN Global Rallycross Lites General Thu 4:30pm CT NBCSN NASCAR America NASCAR Thu 5pm CT NBCSN NASCAR Whelen Series NASCAR Thu 6pm CT NBCSN The Dan Patrick Show General 7am MT NBCSN Scan All Special NASCAR 3:30pm MT NBCSN NASCAR America NASCAR 4pm MT NBCSN World Series of Beach Volleyball General 9pm MT NBCSN PFT Live NFL Wed 5am MT NBCSN The Dan Patrick Show General Wed 7am MT NBCSN Premier League Transfer Deadline Special Soccer Wed 3pm MT NBCSN NASCAR America NASCAR Wed 6pm MT NBCSN NASCAR Southern Speed: Legend of Darlington NASCAR Wed 7pm MT NBCSN PFT Live NFL Thu 5am MT NBCSN The Dan Patrick Show General Thu 7am MT NBCSN Global Rallycross Lites General Thu 3:30pm MT NBCSN NASCAR America NASCAR Thu 4pm MT NBCSN NASCAR Whelen Series NASCAR Thu 5pm MT NBCSN The Dan Patrick Show General 6am PT NBCSN Scan All Special NASCAR 2:30pm PT NBCSN NASCAR America NASCAR 3pm PT NBCSN World Series of Beach Volleyball General 8pm PT NBCSN PFT Live NFL Wed 4am PT NBCSN The Dan Patrick Show General Wed 6am PT NBCSN Premier League Transfer Deadline Special Soccer Wed 2pm PT NBCSN NASCAR America NASCAR Wed 5pm PT NBCSN NASCAR Southern Speed: Legend of Darlington NASCAR Wed 6pm PT NBCSN PFT Live NFL Thu 4am PT NBCSN The Dan Patrick Show General Thu 6am PT NBCSN Global Rallycross Lites General Thu 2:30pm PT NBCSN NASCAR America NASCAR Thu 3pm PT NBCSN NASCAR Whelen Series NASCAR Thu 4pm PT NBCSN The Dan Patrick Show General 3am HT NBCSN Scan All Special NASCAR 11:30am HT NBCSN NASCAR America NASCAR 12pm HT NBCSN World Series of Beach Volleyball General 5pm HT NBCSN PFT Live NFL Wed 1am HT NBCSN The Dan Patrick Show General Wed 3am HT NBCSN Premier League Transfer Deadline Special Soccer Wed 11am HT NBCSN NASCAR America NASCAR Wed 2pm HT NBCSN NASCAR Southern Speed: Legend of Darlington NASCAR Wed 3pm HT NBCSN PFT Live NFL Thu 1am HT NBCSN The Dan Patrick Show General Thu 3am HT NBCSN Global Rallycross Lites General Thu 11:30am HT NBCSN NASCAR America NASCAR Thu 12pm HT NBCSN NASCAR Whelen Series NASCAR Thu 1pm HT 
No one has repeated as a winner at Darlington Raceway since 2006. Image:
</post>
<signature>

</signature>
<external_links>

</external_links>
<country>US</country>
<main_image></main_image>
</document>
