<?xml version="1.0" encoding="UTF-8"?>
<document>
<type>mainstream</type>
<forum>http://www.fxstreet.fr/rss/news/forex-news</forum>
<forum_title>FXStreet: Actualités</forum_title>
<discussion_title>Les vendeurs de USD/JPY allègent les pressions haussières</discussion_title>
<language>french</language>
<gmt_offset></gmt_offset>
<topic_url>http://www.fxstreet.fr/news/forex-news/article.aspx?storyid=8fb7731f-a1a8-473a-9fbe-99d38600d789</topic_url>
<topic_text>
Les vendeurs de USD/JPY allègent les pressions haussières mer., août 31 2016, 00:01 GMT | FXStreet L&apos;oscillateur 30 min a construire un plateau au-dessus du niveau de 70% pendant plus de 10 heures et vient d&apos;abandonner le territoire de surachat avec la récente clôture 30 min. Signal fournit par:  
</topic_text>
<spam_score>0.00</spam_score>
<post_num>1</post_num>
<post_id>post-1</post_id>
<post_url>http://www.fxstreet.fr/news/forex-news/article.aspx?storyid=8fb7731f-a1a8-473a-9fbe-99d38600d789</post_url>
<post_date>20160831</post_date>
<post_time>0001</post_time>
<username>sandra@gmail.com (FXStreet)</username>
<post>
Les vendeurs de USD/JPY allègent les pressions haussières mer., août 31 2016, 00:01 GMT | FXStreet L&apos;oscillateur 30 min a construire un plateau au-dessus du niveau de 70% pendant plus de 10 heures et vient d&apos;abandonner le territoire de surachat avec la récente clôture 30 min. Signal fournit par:  
</post>
<signature>

</signature>
<external_links>

</external_links>
<country>FR</country>
<main_image>http://cdn.fxstreet.com/img/facebook/eurusd/eurusd02.png</main_image>
</document>
