<?xml version="1.0" encoding="UTF-8"?>
<document>
<type>mainstream</type>
<forum>http://lr-club.com/index.php?act=rssout&amp;id=9</forum>
<forum_title>LR-CLUB.COM | LR-CLUB.COM</forum_title>
<discussion_title>АВТОМОБИЛИ LAND ROVER -&gt; Продаю Рыжика RRS 3.6 2009,супер-супер-супер гуд</discussion_title>
<language>english</language>
<gmt_offset></gmt_offset>
<topic_url>http://lr-club.com/index.php?showtopic=140412&amp;st=30&amp;p=2778148&amp;#entry2778148</topic_url>
<topic_text>
Âű ěîćĺňĺ îňěĺňčňü číňĺđĺńíűĺ âŕě ôđŕăěĺíňű ňĺęńňŕ, ęîňîđűĺ áóäóň äîńňóďíű ďî óíčęŕëüíîé ńńűëęĺ â ŕäđĺńíîé ńňđîęĺ áđŕóçĺđŕ. Ýňŕ đĺęëŕěŕ âčäíŕ ňîëüęî ÍĹÇŔĐĹĂČŃŇĐČĐÎÂŔÍÍŰĚ ďîëüçîâŕňĺë˙ě. Çŕđĺăčńňđčđîâŕňüń˙! Äîáđî ďîćŕëîâŕňü â Ęëóá š1 ďî ňĺěŕňčęĺ Land Rover &gt; ×ŔŃŇÍŰĹ ÎÁÚßÂËĹÍČß &gt; ŔÂŇÎĚÎÁČËČ LAND ROVER 
Ęîěďŕíčč-ďŕđňíĺđű Ęëóá Číŕ÷ĺ ńîîáůĺíčĺ áóäĺň óäŕëĺíî; ÇŔ ĐŔÇĚĹŮĹÍČĹ ŃÎÎÁŮĹÍČß Â ÍĹĎĐÎÔČËÜÍŰÉ ĎÎÄÔÎĐÓĚ - ÁŔÍ ŃÓŇĘČ! &lt; 2 3 4 Ďđîäŕţ Đűćčęŕ RRS 3.6 2009,ńóďĺđ-ńóďĺđ-ńóďĺđ ăóä
</topic_text>
<spam_score>0.00</spam_score>
<post_num>1</post_num>
<post_id>post-1</post_id>
<post_url>http://lr-club.com/index.php?showtopic=140412&amp;st=30&amp;p=2778148&amp;#entry2778148</post_url>
<post_date>20160830</post_date>
<post_time>2328</post_time>
<username>shuravi1</username>
<post>
Âű ěîćĺňĺ îňěĺňčňü číňĺđĺńíűĺ âŕě ôđŕăěĺíňű ňĺęńňŕ, ęîňîđűĺ áóäóň äîńňóďíű ďî óíčęŕëüíîé ńńűëęĺ â ŕäđĺńíîé ńňđîęĺ áđŕóçĺđŕ. Ýňŕ đĺęëŕěŕ âčäíŕ ňîëüęî ÍĹÇŔĐĹĂČŃŇĐČĐÎÂŔÍÍŰĚ ďîëüçîâŕňĺë˙ě. Çŕđĺăčńňđčđîâŕňüń˙! Äîáđî ďîćŕëîâŕňü â Ęëóá š1 ďî ňĺěŕňčęĺ Land Rover &gt; ×ŔŃŇÍŰĹ ÎÁÚßÂËĹÍČß &gt; ŔÂŇÎĚÎÁČËČ LAND ROVER 
Ęîěďŕíčč-ďŕđňíĺđű Ęëóá Číŕ÷ĺ ńîîáůĺíčĺ áóäĺň óäŕëĺíî; ÇŔ ĐŔÇĚĹŮĹÍČĹ ŃÎÎÁŮĹÍČß Â ÍĹĎĐÎÔČËÜÍŰÉ ĎÎÄÔÎĐÓĚ - ÁŔÍ ŃÓŇĘČ! &lt; 2 3 4 Ďđîäŕţ Đűćčęŕ RRS 3.6 2009,ńóďĺđ-ńóďĺđ-ńóďĺđ ăóä
</post>
<signature>

</signature>
<external_links>

</external_links>
<country>RU</country>
<main_image></main_image>
</document>
