<?xml version="1.0" encoding="UTF-8"?>
<document>
<type>mainstream</type>
<forum>http://nypost.com/author/lois-weiss/page/4/</forum>
<forum_title>Lois Weiss | New York Post</forum_title>
<discussion_title>Real estate hotshots teaming up to fight diabetes</discussion_title>
<language>english</language>
<gmt_offset></gmt_offset>
<topic_url>http://nypost.com/2016/06/01/real-estate-hotshots-teaming-up-to-fight-diabetes/</topic_url>
<topic_text>
Real estate companies and families are among the most philanthropic and almost everyone has a cause near and dear to their hearts.
Jim Whelan, executive vice president of the Real Estate Board of New York, is organizing the first local Real Estate Games at Chelsea Piers on June 9 to raise money for JDRF (Juvenile Diabetes Research Foundation).
The Games began in the Washington, DC, area 25 years ago and Whelan was inspired to start them here. “It’s a cause near and dear to my heart,” said Whelan, whose teenage son was diagnosed with Type 1 diabetes a few years ago.
A dozen 10-person teams have already forked over $5,000 each to compete in six events that include sand volleyball, a rock climbing relay and tug of war. Tower Power — a Jenga-like balancing game — dodge ball and Hot Shot basketball will round out the afternoon events.
The teams up to this point include Tishman/Aecom, Brookfield, Cushman &amp; Wakefield, Eastdil Secured, Hines, Newmark Grubb Knight Frank, REBNY, Savills Studley, Related, Tishman Speyer, Two Trees and Vornado.
While not yet fielding teams, CBRE, Durst, Jack Resnick &amp; Sons, SL Green and the Rudin Foundation have made donations.
“We have more capacity for teams,” added Whelan in a pitch for warm bodies, donations and cheering bystanders. “We hope that people will have fun and want to do it again.”
 between the bricks , brookfield properties , chelsea piers , cushman &amp; wakefield , diabetes , Real Estate
</topic_text>
<spam_score>0.08</spam_score>
<post_num>1</post_num>
<post_id>post-1</post_id>
<post_url>http://nypost.com/2016/06/01/real-estate-hotshots-teaming-up-to-fight-diabetes/</post_url>
<post_date>20160601</post_date>
<post_time></post_time>
<username>Lois Weiss</username>
<post>
Real estate companies and families are among the most philanthropic and almost everyone has a cause near and dear to their hearts.
Jim Whelan, executive vice president of the Real Estate Board of New York, is organizing the first local Real Estate Games at Chelsea Piers on June 9 to raise money for JDRF (Juvenile Diabetes Research Foundation).
The Games began in the Washington, DC, area 25 years ago and Whelan was inspired to start them here. “It’s a cause near and dear to my heart,” said Whelan, whose teenage son was diagnosed with Type 1 diabetes a few years ago.
A dozen 10-person teams have already forked over $5,000 each to compete in six events that include sand volleyball, a rock climbing relay and tug of war. Tower Power — a Jenga-like balancing game — dodge ball and Hot Shot basketball will round out the afternoon events.
The teams up to this point include Tishman/Aecom, Brookfield, Cushman &amp; Wakefield, Eastdil Secured, Hines, Newmark Grubb Knight Frank, REBNY, Savills Studley, Related, Tishman Speyer, Two Trees and Vornado.
While not yet fielding teams, CBRE, Durst, Jack Resnick &amp; Sons, SL Green and the Rudin Foundation have made donations.
“We have more capacity for teams,” added Whelan in a pitch for warm bodies, donations and cheering bystanders. “We hope that people will have fun and want to do it again.”
 between the bricks , brookfield properties , chelsea piers , cushman &amp; wakefield , diabetes , Real Estate
</post>
<signature>

</signature>
<external_links>
<external_link>http://nyp.st/1WvR8RV</external_link>
</external_links>
<country>US</country>
<main_image>https://thenypost.files.wordpress.com/2016/05/shutterstock_144226198.jpg?quality=90&amp;amp;strip=all&amp;amp;w=1200</main_image>
</document>
