<?xml version="1.0" encoding="UTF-8"?>
<document>
<type>mainstream</type>
<forum>http://www.provisioneronline.com/rss/articles</forum>
<forum_title>National Provisioner</forum_title>
<discussion_title>Land O’Frost enters Meat Snack Market with launch of Deli Snackers</discussion_title>
<language>english</language>
<gmt_offset></gmt_offset>
<topic_url>http://www.provisioneronline.com/articles/103735-land-ofrost-enters-meat-snack-market-with-launch-of-deli-snackers</topic_url>
<topic_text>
Land O’Frost enters Meat Snack Market with launch of Deli Snackers   
Land O’Frost, Inc., one of the nation’s best-selling brands of pre-sliced, pre-packaged lunchmeats, today announced the launch of Deli Snackers, a baked, meat snack made from high-quality, oven roasted meats. Deli Snackers are a healthy meat snack option and are available in an assortment of delicious flavors, ranging from traditional favorites to bold and spicy. 
Today, 78 percent of consumers feel that protein contributes to a healthy diet and more than half say they want more of it in their diets. Land O’Frost’s new Deli Snackers line is a healthy and protein-rich choice that makes it easier for consumers to pack more protein into their busy days by offering more than 10 grams of nourishing protein and just 80 calories per 2 oz. serving. Deli Snackers also provides a flavorful and convenient option as snacking continues to become an integral part of consumer eating habits. 
“At Land O’Frost, we’re always keeping a pulse on consumer trends and looking for ways to introduce new offerings to meet the desires and needs of our customers,” said Keith Hill, director of brand management for Land O’Frost. “We know consumers are looking to snack more throughout the day while also finding ways to get more protein in their diets. Our new line of Deli Snackers provides a healthy, tasty and versatile meat snack option that we know will excite shoppers.” 
Deli Snackers are the perfect grab-and-go treat and come in six, mouthwatering varieties, including: Black Forest Ham, Hot &amp; Smokey Ham, Vermont Maple Ham, Rotisserie Seasoned Chicken Breast, Sweet &amp; Spicy Chicken Breast and Buffalo Chicken Breast. 
In addition to 10 grams of protein and just 80 calories per 2 oz. serving, Deli Snackers offer many other important attributes that help consumers meet their healthy eating and snacking goals, including: No more than 3 grams of fat per serving Less than 400 mg of sodium per serving An ideal snack portion of 12-14 pieces per package 
Deli Snackers are currently available at mass retailers and grocers nationwide. For more information about Land O’Frost, visit www.landofrost.com . 
Did you enjoy this article? Click here to subscribe to The National Provisioner .
</topic_text>
<spam_score>0.00</spam_score>
<post_num>1</post_num>
<post_id>post-1</post_id>
<post_url>http://www.provisioneronline.com/articles/103735-land-ofrost-enters-meat-snack-market-with-launch-of-deli-snackers</post_url>
<post_date>20160830</post_date>
<post_time>1700</post_time>
<username></username>
<post>
Land O’Frost enters Meat Snack Market with launch of Deli Snackers   
Land O’Frost, Inc., one of the nation’s best-selling brands of pre-sliced, pre-packaged lunchmeats, today announced the launch of Deli Snackers, a baked, meat snack made from high-quality, oven roasted meats. Deli Snackers are a healthy meat snack option and are available in an assortment of delicious flavors, ranging from traditional favorites to bold and spicy. 
Today, 78 percent of consumers feel that protein contributes to a healthy diet and more than half say they want more of it in their diets. Land O’Frost’s new Deli Snackers line is a healthy and protein-rich choice that makes it easier for consumers to pack more protein into their busy days by offering more than 10 grams of nourishing protein and just 80 calories per 2 oz. serving. Deli Snackers also provides a flavorful and convenient option as snacking continues to become an integral part of consumer eating habits. 
“At Land O’Frost, we’re always keeping a pulse on consumer trends and looking for ways to introduce new offerings to meet the desires and needs of our customers,” said Keith Hill, director of brand management for Land O’Frost. “We know consumers are looking to snack more throughout the day while also finding ways to get more protein in their diets. Our new line of Deli Snackers provides a healthy, tasty and versatile meat snack option that we know will excite shoppers.” 
Deli Snackers are the perfect grab-and-go treat and come in six, mouthwatering varieties, including: Black Forest Ham, Hot &amp; Smokey Ham, Vermont Maple Ham, Rotisserie Seasoned Chicken Breast, Sweet &amp; Spicy Chicken Breast and Buffalo Chicken Breast. 
In addition to 10 grams of protein and just 80 calories per 2 oz. serving, Deli Snackers offer many other important attributes that help consumers meet their healthy eating and snacking goals, including: No more than 3 grams of fat per serving Less than 400 mg of sodium per serving An ideal snack portion of 12-14 pieces per package 
Deli Snackers are currently available at mass retailers and grocers nationwide. For more information about Land O’Frost, visit www.landofrost.com . 
Did you enjoy this article? Click here to subscribe to The National Provisioner .
</post>
<signature>

</signature>
<external_links>

</external_links>
<country>US</country>
<main_image>http://www.provisioneronline.com/ext/resources/images/Responsive-Default-Images/newproducts.jpg?1470165031</main_image>
</document>
