<?xml version="1.0" encoding="UTF-8"?>
<document>
<type>mainstream</type>
<forum>http://linux.softpedia.com/backend.xml</forum>
<forum_title>Softpedia Linux / All</forum_title>
<discussion_title>LibSoup 2.54.1 / 2.56.0 Beta</discussion_title>
<language>english</language>
<gmt_offset></gmt_offset>
<topic_url>http://linux.softpedia.com/get/Programming/Libraries/LibSoup-10878.shtml</topic_url>
<topic_text>
LGPL (GNU Lesser General Public License) A powerful HTTP client and server library for developing GNOME based applications LibSoup is a completely free, easy-to-use and open source HTTP (Hypertext Transfer Protocol) server and client library used in a wide variety of applications designed for the GNOME graphical desktop environment, running under Linux kernel-based operating systems. Backed by GLib and GObjects projects The LibSoup project uses the powerful GLib library as a main loop, and the GObjects software to integrate with most GNOME applications. It supports proxy, including authentication and SSL tunneling. Supports SSL through GnuTLS The library automatically caches connections, contains asynchronous (GMainLoop and callback-based) and synchronous APIs (Application Programming Interfaces), and supports SSL (Secure Sockets Layer) through GnuTLS. Offers proxy support and numerous other attractive features Among other interesting features, we can mention client support for Digest, Basic authentication, and NTLM, client and server support for XML-RPC, proxy support, including authentication and SSL tunneling, as well as server support for Basic and Digest authentication. Getting started with LibSoup To install the LibSoup library on your GNU/Linux operating system, you will have to download the latest release of the software from Softpedia, save it on a location of your choice, and uncompress it on the current directory. Open a Terminal app, navigate to the location where you’ve extracted the archive file (e.g. cd /home/softpedia/libsoup-2.49.1), run the ‘./configure &amp;&amp; make’ command to configure and compile the program, then run the ‘./configure &amp;&amp; make’ command to configure the program. After a successful compilation operation, run either of the ‘make install’ or ‘sudo make install’ commands, depending if you’re root or a user with privileges, to install the LibSoup library system wide and start using it in your projects. LibSoup   4.0 / 5
</topic_text>
<spam_score>0.00</spam_score>
<post_num>1</post_num>
<post_id>post-1</post_id>
<post_url>http://linux.softpedia.com/get/Programming/Libraries/LibSoup-10878.shtml</post_url>
<post_date>20160830</post_date>
<post_time>1728</post_time>
<username>Softpedia Linux</username>
<post>
LGPL (GNU Lesser General Public License) A powerful HTTP client and server library for developing GNOME based applications LibSoup is a completely free, easy-to-use and open source HTTP (Hypertext Transfer Protocol) server and client library used in a wide variety of applications designed for the GNOME graphical desktop environment, running under Linux kernel-based operating systems. Backed by GLib and GObjects projects The LibSoup project uses the powerful GLib library as a main loop, and the GObjects software to integrate with most GNOME applications. It supports proxy, including authentication and SSL tunneling. Supports SSL through GnuTLS The library automatically caches connections, contains asynchronous (GMainLoop and callback-based) and synchronous APIs (Application Programming Interfaces), and supports SSL (Secure Sockets Layer) through GnuTLS. Offers proxy support and numerous other attractive features Among other interesting features, we can mention client support for Digest, Basic authentication, and NTLM, client and server support for XML-RPC, proxy support, including authentication and SSL tunneling, as well as server support for Basic and Digest authentication. Getting started with LibSoup To install the LibSoup library on your GNU/Linux operating system, you will have to download the latest release of the software from Softpedia, save it on a location of your choice, and uncompress it on the current directory. Open a Terminal app, navigate to the location where you’ve extracted the archive file (e.g. cd /home/softpedia/libsoup-2.49.1), run the ‘./configure &amp;&amp; make’ command to configure and compile the program, then run the ‘./configure &amp;&amp; make’ command to configure the program. After a successful compilation operation, run either of the ‘make install’ or ‘sudo make install’ commands, depending if you’re root or a user with privileges, to install the LibSoup library system wide and start using it in your projects. LibSoup   4.0 / 5
</post>
<signature>

</signature>
<external_links>

</external_links>
<country>US</country>
<main_image>http://i1-linux.softpedia-static.com/screenshots/LibSoup_1.png</main_image>
</document>
