<?xml version="1.0" encoding="UTF-8"?>
<document>
<type>mainstream</type>
<forum></forum>
<forum_title></forum_title>
<discussion_title>Maduro señala a Voluntad Popular en &quot;golpe de estado&quot; este 1-S - EPNVISION.COM</discussion_title>
<language>spanish</language>
<gmt_offset></gmt_offset>
<topic_url>http://www.epnvision.com/122803-2/</topic_url>
<topic_text>
Home / Nacionales / Maduro señala a Voluntad Popular en “golpe de estado” este 1-S Maduro señala a Voluntad Popular en “golpe de estado” este 1-S 30 agosto, 2016 Nacionales tweet Presidente Maduro desde un acto con la clase obrera|Foto: Prensa Presidencial El presidente de la república,Nicolás Maduro, señaló al partido de Voluntad Popular de organizar un golpe de Estado durante la marcha del primero de septiembre convocada por la oposición para exigir la fecha del 20% de la recolección de firmas. También aseguró que todo aquel se “coma la luz” irá preso. “Denunció al partido Voluntad Popular que es el partido de la violencia golpista que está metido en el golpe de Estado del primero de septiembre y todo el que se coma la luz va a ir preso ”, sentenció. “Lo digo, lo denunció y asumo la responsabilidad, están presos ya parte de los conjugados en el complot para asesinar a sus propios militantes de la oposición y crear una crisis para un golpe de Estado y estamos tras la búsqueda y la captura de varios de ellos en tiempo real. A esta hora que estoy hablando, deben estar capturando a otro”, señaló durante encuentro con voceros de obreros y representantes de empresas involucradas en la Agenda Económica Bolivariana en la Sala Plenaria de Parque Central, en Caracas, reseñó Diario El Panorama. Respecto a la marcha el mandatario nacional aseguró que todos tienen derecho a marchaz pero en paz. “Si quieren marchar todos los días del año que marchen, pero en paz, respetando las leyes, la constitución sin destruir, ni amenazar, sin crear emboscadas para matarse ellos mismos. Ellos son libres si quieren salir todos los días a caminar”. “No podemos permitir más nunca violencia política, ellos tienen sus espacios, la Asamblea Nacional la ganaron, lamentable, no se puede repetir otra derrota electoral de la revolución, pero tenemos que jurarlo con el alma, con la piel, con la vida, tenemos que recuperar más temprano que tarde la Asamblea Nacional para la paz, la estabilidad, para el desarrollo económico, para las misiones, para la revolución” Finalmente destacó que “Si alguien me preguntara cuáles errores ha cometido presidente Nicolás Maduro, yo diría que haber subestimado las guarimbas en el 2014 porque veníamos de una gran victoria electoral. Nunca pensé que el imperialismo gringo, lanzara esa embestida y pagara millones de dólares en el mundo para tratar de derrocar la revolución bolivariana cuando habíamos dado un ejemplo de civismo, democracia y constitucionalidad y utilizaron a su brazo armado el partido Voluntad Popular”. Radicalización de la “revolución “ El presidente afirmó que puede “radicalizar” la revolución si la oposición “viene contra ella”, durante un encuentro con voceros de la clase obrera y representantes de empresas públicas. “Tengo un Plan, y no tengo miedo, y cuento con el apoyo del Pueblo, para seguir avanzando en Revolución” Se refirió al presidente de la Asamblea Nacional, Henry Ramos Allup e indicó que “en diciembre del 2018 serán las elecciones presidenciales y si quieres te lanzas como candidato, pero mientras tanto (…) no se metan a golpistas que es peor”. Informó que han detenido a “violentos” de la oposición que “que tenían un Plan desestabilizador” y agregó que tendrá “mano dura, no permitiremos que vuelva la desestabilización y la violencia”. En referencia al Poder Legislativo, el presidente consideró que “más temprano que tarde” su gobierno debe recuperar la Asamblea Nacional. “La Derecha en la Asamblea no ha hecho nada, lo que han hecho es ir al exterior a pedir una intervención extranjera” Toman expresa textil en La Yaguara El presidente de la República, Nicolás Maduro, informó este lunes que el Ejecutivo nacional tomó, junto a los trabajadores, una empresa textil ubicada en La Yaguara que fue “abandonada” por sus dueños. “Los vamos a solicitar por código rojo, se fueron con los reales del país y le dijeron a los trabajadores ‘váyanse para su casa’ porque nosotros no vamos a abrir hasta que caiga Maduro” Indicó que la empresa cuenta con materia prima y maquinaria de primera línea y desde ahora será tomada por sus trabajadores. “Le chuparon los dólares a la República y se sumaron al golpe de Estado continuado (…) y vamos a ver quién puede más si los bandidos o la clase obrera” Con información de agencias Panorama/Globovisión Comentarios 
</topic_text>
<spam_score>0.20</spam_score>
<post_num>1</post_num>
<post_id>post-1</post_id>
<post_url>http://www.epnvision.com/122803-2/</post_url>
<post_date>20160830</post_date>
<post_time></post_time>
<username></username>
<post>
Home / Nacionales / Maduro señala a Voluntad Popular en “golpe de estado” este 1-S Maduro señala a Voluntad Popular en “golpe de estado” este 1-S 30 agosto, 2016 Nacionales tweet Presidente Maduro desde un acto con la clase obrera|Foto: Prensa Presidencial El presidente de la república,Nicolás Maduro, señaló al partido de Voluntad Popular de organizar un golpe de Estado durante la marcha del primero de septiembre convocada por la oposición para exigir la fecha del 20% de la recolección de firmas. También aseguró que todo aquel se “coma la luz” irá preso. “Denunció al partido Voluntad Popular que es el partido de la violencia golpista que está metido en el golpe de Estado del primero de septiembre y todo el que se coma la luz va a ir preso ”, sentenció. “Lo digo, lo denunció y asumo la responsabilidad, están presos ya parte de los conjugados en el complot para asesinar a sus propios militantes de la oposición y crear una crisis para un golpe de Estado y estamos tras la búsqueda y la captura de varios de ellos en tiempo real. A esta hora que estoy hablando, deben estar capturando a otro”, señaló durante encuentro con voceros de obreros y representantes de empresas involucradas en la Agenda Económica Bolivariana en la Sala Plenaria de Parque Central, en Caracas, reseñó Diario El Panorama. Respecto a la marcha el mandatario nacional aseguró que todos tienen derecho a marchaz pero en paz. “Si quieren marchar todos los días del año que marchen, pero en paz, respetando las leyes, la constitución sin destruir, ni amenazar, sin crear emboscadas para matarse ellos mismos. Ellos son libres si quieren salir todos los días a caminar”. “No podemos permitir más nunca violencia política, ellos tienen sus espacios, la Asamblea Nacional la ganaron, lamentable, no se puede repetir otra derrota electoral de la revolución, pero tenemos que jurarlo con el alma, con la piel, con la vida, tenemos que recuperar más temprano que tarde la Asamblea Nacional para la paz, la estabilidad, para el desarrollo económico, para las misiones, para la revolución” Finalmente destacó que “Si alguien me preguntara cuáles errores ha cometido presidente Nicolás Maduro, yo diría que haber subestimado las guarimbas en el 2014 porque veníamos de una gran victoria electoral. Nunca pensé que el imperialismo gringo, lanzara esa embestida y pagara millones de dólares en el mundo para tratar de derrocar la revolución bolivariana cuando habíamos dado un ejemplo de civismo, democracia y constitucionalidad y utilizaron a su brazo armado el partido Voluntad Popular”. Radicalización de la “revolución “ El presidente afirmó que puede “radicalizar” la revolución si la oposición “viene contra ella”, durante un encuentro con voceros de la clase obrera y representantes de empresas públicas. “Tengo un Plan, y no tengo miedo, y cuento con el apoyo del Pueblo, para seguir avanzando en Revolución” Se refirió al presidente de la Asamblea Nacional, Henry Ramos Allup e indicó que “en diciembre del 2018 serán las elecciones presidenciales y si quieres te lanzas como candidato, pero mientras tanto (…) no se metan a golpistas que es peor”. Informó que han detenido a “violentos” de la oposición que “que tenían un Plan desestabilizador” y agregó que tendrá “mano dura, no permitiremos que vuelva la desestabilización y la violencia”. En referencia al Poder Legislativo, el presidente consideró que “más temprano que tarde” su gobierno debe recuperar la Asamblea Nacional. “La Derecha en la Asamblea no ha hecho nada, lo que han hecho es ir al exterior a pedir una intervención extranjera” Toman expresa textil en La Yaguara El presidente de la República, Nicolás Maduro, informó este lunes que el Ejecutivo nacional tomó, junto a los trabajadores, una empresa textil ubicada en La Yaguara que fue “abandonada” por sus dueños. “Los vamos a solicitar por código rojo, se fueron con los reales del país y le dijeron a los trabajadores ‘váyanse para su casa’ porque nosotros no vamos a abrir hasta que caiga Maduro” Indicó que la empresa cuenta con materia prima y maquinaria de primera línea y desde ahora será tomada por sus trabajadores. “Le chuparon los dólares a la República y se sumaron al golpe de Estado continuado (…) y vamos a ver quién puede más si los bandidos o la clase obrera” Con información de agencias Panorama/Globovisión Comentarios 
</post>
<signature>

</signature>
<external_links>

</external_links>
<country>CA</country>
<main_image>http://www.epnvision.com/wp-content/uploads/2016/08/Maduro-3-660x330.png</main_image>
</document>
