<?xml version="1.0" encoding="UTF-8"?>
<document>
<type>mainstream</type>
<forum></forum>
<forum_title></forum_title>
<discussion_title>When is the release date of Nokia C1 in India?</discussion_title>
<language>english</language>
<gmt_offset></gmt_offset>
<topic_url>http://www.cellphones.ca/answers/release-date-ofnokia-c1-in-india-7626/</topic_url>
<topic_text>
28 Aug 2016 01:45 When is the release date of Nokia C1 in India? 
What is the launch date of Nokia c1 in India and what is the price of Nokia c1 
</topic_text>
<spam_score>0.01</spam_score>
<post_num>1</post_num>
<post_id>post-1</post_id>
<post_url>http://www.cellphones.ca/answers/release-date-ofnokia-c1-in-india-7626/</post_url>
<post_date>20160828</post_date>
<post_time></post_time>
<username>Carl P</username>
<post>
28 Aug 2016 01:45 When is the release date of Nokia C1 in India? 
What is the launch date of Nokia c1 in India and what is the price of Nokia c1 
</post>
<signature>

</signature>
<external_links>

</external_links>
<country>CA</country>
<main_image>http://www.cellphones.ca/images/css/home/img_gallery_12.jpg</main_image>
</document>
