<?xml version="1.0" encoding="UTF-8"?>
<document>
<type>mainstream</type>
<forum></forum>
<forum_title></forum_title>
<discussion_title>How to setup default ringtone on the Alcatel One Touch Pop Star?</discussion_title>
<language>english</language>
<gmt_offset></gmt_offset>
<topic_url>http://www.cellphones.ca/answers/setting-ringtone-8401/</topic_url>
<topic_text>
30 Aug 2016 01:01 How to setup default ringtone on the Alcatel One Touch Pop Star? 
I received a ringtone via bluetooth. when i saved it went to music instead of ringtones. cant set as ringtone. dont know how to move to ringtone folder. HELP ME 
</topic_text>
<spam_score>0.51</spam_score>
<post_num>1</post_num>
<post_id>post-1</post_id>
<post_url>http://www.cellphones.ca/answers/setting-ringtone-8401/</post_url>
<post_date>20160830</post_date>
<post_time></post_time>
<username></username>
<post>
30 Aug 2016 01:01 How to setup default ringtone on the Alcatel One Touch Pop Star? 
I received a ringtone via bluetooth. when i saved it went to music instead of ringtones. cant set as ringtone. dont know how to move to ringtone folder. HELP ME 
</post>
<signature>

</signature>
<external_links>

</external_links>
<country>CA</country>
<main_image>http://www.cellphones.ca/images/css/home/img_gallery_12.jpg</main_image>
</document>
