<?xml version="1.0" encoding="UTF-8"?>
<document>
<type>mainstream</type>
<forum>http://www.onenewspage.com.au/topnewsRSS.php</forum>
<forum_title>Latest News on One News Page [Australia] - Top Headlines and News Videos</forum_title>
<discussion_title>Abedin Leaves Weiner</discussion_title>
<language>english</language>
<gmt_offset></gmt_offset>
<topic_url>http://www.onenewspage.com.au/video/20160830/5420892/Abedin-Leaves-Weiner.htm</topic_url>
<topic_text>
Transcript: Abedin Leaves Weiner 
This high-profile marriage between a rising political star and a disgraced congressman is coming to an end. 
Hillary Clinton’s top aide, Huma Abedin, has announced that she dumping her husband, former New York congressman Anthony Weiner. 
The news comes on the heels of a yet another sexting scandal for Weiner. 
In a statement, Abedin said “After long and painful consideration and work on my marriage, I have made the decision to separate from my husband. Recent related news Documentary filmmakers were given unprecedented access to Anthony Weiner and Huma Abedin as he... People Magazine
</topic_text>
<spam_score>0.00</spam_score>
<post_num>1</post_num>
<post_id>post-1</post_id>
<post_url>http://www.onenewspage.com.au/video/20160830/5420892/Abedin-Leaves-Weiner.htm</post_url>
<post_date>20160830</post_date>
<post_time>1154</post_time>
<username></username>
<post>
Transcript: Abedin Leaves Weiner 
This high-profile marriage between a rising political star and a disgraced congressman is coming to an end. 
Hillary Clinton’s top aide, Huma Abedin, has announced that she dumping her husband, former New York congressman Anthony Weiner. 
The news comes on the heels of a yet another sexting scandal for Weiner. 
In a statement, Abedin said “After long and painful consideration and work on my marriage, I have made the decision to separate from my husband. Recent related news Documentary filmmakers were given unprecedented access to Anthony Weiner and Huma Abedin as he... People Magazine
</post>
<signature>

</signature>
<external_links>

</external_links>
<country>AU</country>
<main_image>http://video.newsserve.net/700/v/20160830/1608301149-Abedin-Leaves-Weiner.jpg</main_image>
</document>
