<?xml version="1.0" encoding="UTF-8"?>
<document>
<type>mainstream</type>
<forum></forum>
<forum_title></forum_title>
<discussion_title>Does the Panasonic Eluga A2 support OTG?</discussion_title>
<language>english</language>
<gmt_offset></gmt_offset>
<topic_url>http://www.cellphones.ca/answers/can-i-connected-otg-with-panasonic-eluga-a2-6286/</topic_url>
<topic_text>
Does the Panasonic Eluga A2 support OTG? 
Can i connected otg with panasonic eluga a2 
</topic_text>
<spam_score>0.17</spam_score>
<post_num>1</post_num>
<post_id>post-1</post_id>
<post_url>http://www.cellphones.ca/answers/can-i-connected-otg-with-panasonic-eluga-a2-6286/</post_url>
<post_date>20160828</post_date>
<post_time></post_time>
<username>Branden S</username>
<post>
Does the Panasonic Eluga A2 support OTG? 
Can i connected otg with panasonic eluga a2 
</post>
<signature>

</signature>
<external_links>

</external_links>
<country>CA</country>
<main_image>http://www.cellphones.ca/images/css/home/img_gallery_12.jpg</main_image>
</document>
