<?xml version="1.0" encoding="UTF-8"?>
<document>
<type>mainstream</type>
<forum></forum>
<forum_title></forum_title>
<discussion_title>How do you get study option on scanner app of Xiaomi Redmi 1S?</discussion_title>
<language>english</language>
<gmt_offset></gmt_offset>
<topic_url>http://www.cellphones.ca/answers/how-do-you-get-study-option-on-scanner-redmi-1s-7949/</topic_url>
<topic_text>
28 Aug 2016 04:36 How do you get study option on scanner app of Xiaomi Redmi 1S? 
The new miui update allows the scanner app to solve math problems. This however doesn&apos;t work on redmi 1s. 
</topic_text>
<spam_score>0.03</spam_score>
<post_num>1</post_num>
<post_id>post-1</post_id>
<post_url>http://www.cellphones.ca/answers/how-do-you-get-study-option-on-scanner-redmi-1s-7949/</post_url>
<post_date>20160828</post_date>
<post_time></post_time>
<username>Carl P</username>
<post>
28 Aug 2016 04:36 How do you get study option on scanner app of Xiaomi Redmi 1S? 
The new miui update allows the scanner app to solve math problems. This however doesn&apos;t work on redmi 1s. 
</post>
<signature>

</signature>
<external_links>

</external_links>
<country>CA</country>
<main_image>http://www.cellphones.ca/images/css/home/img_gallery_12.jpg</main_image>
</document>
