<?xml version="1.0" encoding="UTF-8"?>
<document>
<type>mainstream</type>
<forum>http://www.pressen.se/rss.php?topp=Inrikes</forum>
<forum_title>Inrikes - Toppnyheter via RSS</forum_title>
<discussion_title>Få ringer stödtelefon mot extremism</discussion_title>
<language>swedish</language>
<gmt_offset></gmt_offset>
<topic_url>http://www.pressen.se/6362031.html</topic_url>
<topic_text>
Få ringer stödtelefon mot extremism Nationella samordnaren mot våldsbejakande extremism inrättade i november i fjol en stödtelefon dit oroliga anhöriga skulle kunna ringa..
</topic_text>
<spam_score>0.00</spam_score>
<post_num>1</post_num>
<post_id>post-1</post_id>
<post_url>http://www.pressen.se/6362031.html</post_url>
<post_date>20160831</post_date>
<post_time></post_time>
<username>UNT</username>
<post>
Få ringer stödtelefon mot extremism Nationella samordnaren mot våldsbejakande extremism inrättade i november i fjol en stödtelefon dit oroliga anhöriga skulle kunna ringa..
</post>
<signature>

</signature>
<external_links>

</external_links>
<country>SE</country>
<main_image>http://www.pressen.se/images/nyhet.jpeg</main_image>
</document>
