<?xml version="1.0" encoding="UTF-8"?>
<document>
<type>mainstream</type>
<forum></forum>
<forum_title></forum_title>
<discussion_title>「週刊少年ジャンプ」史上、最もキャラデザインの種類が多彩な漫画家3人は？？？（画像あり） | 総合まとめサイト ヽ( ε∀ε )ノ ƺƷƺƷねʓ</discussion_title>
<language>japanese</language>
<gmt_offset></gmt_offset>
<topic_url>http://webnew.net/nonadult/anime/201608310930.3091831.html</topic_url>
<topic_text>
モンスターはXLを強化してから進化させよう。ポケモンGOモンスター育成ハウツー 8 views | under ニュース 相互リンク 
</topic_text>
<spam_score>0.00</spam_score>
<post_num>1</post_num>
<post_id>post-1</post_id>
<post_url>http://webnew.net/nonadult/anime/201608310930.3091831.html</post_url>
<post_date>20160831</post_date>
<post_time></post_time>
<username></username>
<post>
モンスターはXLを強化してから進化させよう。ポケモンGOモンスター育成ハウツー 8 views | under ニュース 相互リンク 
</post>
<signature>

</signature>
<external_links>

</external_links>
<country>JP</country>
<main_image>http://livedoor.blogimg.jp/mangaman09/imgs/7/d/7d8ac8e4-s.jpg</main_image>
</document>
