<?xml version="1.0" encoding="UTF-8"?>
<document>
<type>mainstream</type>
<forum>http://www.algebra.com/rss/solved_problems.rss</forum>
<forum_title>Algebra.Com New solved problems</forum_title>
<discussion_title>Problem 1045705 solved by Alan3354</discussion_title>
<language>english</language>
<gmt_offset></gmt_offset>
<topic_url>http://www.algebra.com/algebra/homework/Trigonometry-basics/Trigonometry-basics.faq.question.1045705.html</topic_url>
<topic_text>
SOLUTION: I need your help Simplify ((1-sin 2x)^3)^0.5 Algebra -&gt; Trigonometry-basics -&gt; SOLUTION: I need your help Simplify ((1-sin 2x)^3)^0.5
</topic_text>
<spam_score>0.00</spam_score>
<post_num>1</post_num>
<post_id>post-1</post_id>
<post_url>http://www.algebra.com/algebra/homework/Trigonometry-basics/Trigonometry-basics.faq.question.1045705.html</post_url>
<post_date>20160830</post_date>
<post_time>1911</post_time>
<username></username>
<post>
SOLUTION: I need your help Simplify ((1-sin 2x)^3)^0.5 Algebra -&gt; Trigonometry-basics -&gt; SOLUTION: I need your help Simplify ((1-sin 2x)^3)^0.5
</post>
<signature>

</signature>
<external_links>

</external_links>
<country>US</country>
<main_image></main_image>
</document>
