<?xml version="1.0" encoding="UTF-8"?>
<document>
<type>mainstream</type>
<forum></forum>
<forum_title></forum_title>
<discussion_title>How to bypass Gmail account requirement after Samsung Galaxy J7 reset?</discussion_title>
<language>english</language>
<gmt_offset></gmt_offset>
<topic_url>http://www.cellphones.ca/answers/i-dont-even-know-that-my-phone-was-automatically-reseted-and-if-i-open-my-phone-shows-that-enter-the-previously-gmail-account-how-can-i-solve-this-problem-115/</topic_url>
<topic_text>
27 Aug 2016 12:50 How to bypass Gmail account requirement after Samsung Galaxy J7 reset? 
I dont even know that my phone was automatically reseted and if I open.. my phone shows that enter the previously gmail account how can I solve this problem? 
</topic_text>
<spam_score>0.27</spam_score>
<post_num>1</post_num>
<post_id>post-1</post_id>
<post_url>http://www.cellphones.ca/answers/i-dont-even-know-that-my-phone-was-automatically-reseted-and-if-i-open-my-phone-shows-that-enter-the-previously-gmail-account-how-can-i-solve-this-problem-115/</post_url>
<post_date>20160827</post_date>
<post_time></post_time>
<username></username>
<post>
27 Aug 2016 12:50 How to bypass Gmail account requirement after Samsung Galaxy J7 reset? 
I dont even know that my phone was automatically reseted and if I open.. my phone shows that enter the previously gmail account how can I solve this problem? 
</post>
<signature>

</signature>
<external_links>

</external_links>
<country>CA</country>
<main_image>http://www.cellphones.ca/images/css/home/img_gallery_12.jpg</main_image>
</document>
