<?xml version="1.0" encoding="UTF-8"?>
<document>
<type>mainstream</type>
<forum>http://baohomnay.com/rss</forum>
<forum_title>Tin Tức</forum_title>
<discussion_title>Lễ quốc khánh từ Hà Nội đi Ninh Bình hướng nào không tắc?</discussion_title>
<language>vietnamese</language>
<gmt_offset></gmt_offset>
<topic_url>http://www.tinnhanhne.net/O-to-Xe-may/Le-quoc-khanh-tu-Ha-Noi-di-Ninh-Binh-huong-nao-khong-tac-602555.html</topic_url>
<topic_text>
Lễ quốc khánh từ Hà Nội đi Ninh Bình hướng nào không tắc?  43 
Xin hỏi, nếu vẫn muốn khởi hành ngày 2/9, có hướng di chuyển nào khác về Ninh Bình không bị tắc nghẽn? 
Câu hỏi cần tư vấn gửi về hoặc Nguồn tin: vnexpress.net 
Tổng số điểm của bài viết là: 0 trong 0 đánh giá Click để đánh giá bài viết
</topic_text>
<spam_score>0.00</spam_score>
<post_num>1</post_num>
<post_id>post-1</post_id>
<post_url>http://www.tinnhanhne.net/O-to-Xe-may/Le-quoc-khanh-tu-Ha-Noi-di-Ninh-Binh-huong-nao-khong-tac-602555.html</post_url>
<post_date>20160831</post_date>
<post_time>0008</post_time>
<username></username>
<post>
Lễ quốc khánh từ Hà Nội đi Ninh Bình hướng nào không tắc?  43 
Xin hỏi, nếu vẫn muốn khởi hành ngày 2/9, có hướng di chuyển nào khác về Ninh Bình không bị tắc nghẽn? 
Câu hỏi cần tư vấn gửi về hoặc Nguồn tin: vnexpress.net 
Tổng số điểm của bài viết là: 0 trong 0 đánh giá Click để đánh giá bài viết
</post>
<signature>

</signature>
<external_links>

</external_links>
<country>US</country>
<main_image>http://img.f31.vnecdn.net/2016/08/30/2015090113490411-1472529231_180x108.jpg</main_image>
</document>
