<?xml version="1.0" encoding="UTF-8"?>
<document>
<type>mainstream</type>
<forum>http://www.alriyadh.com/section.home.xml</forum>
<forum_title>الرئيسية</forum_title>
<discussion_title>وزير المالية يبحث مشاركة الجانب الصيني في مشروعات المملكة العملاقة</discussion_title>
<language>arabic</language>
<gmt_offset></gmt_offset>
<topic_url>http://www.alriyadh.com/1529846</topic_url>
<topic_text>
  خلال اجتماع مع رئيس بنك الصين وزير المالية يبحث مشاركة الجانب الصيني في مشروعات المملكة العملاقة العساف خلال الاجتماع 
بكين - واس 
في إطار الزيارة التي يقوم بها صاحب السمو الملكي الأمير محمد بن سلمان بن عبدالعزيز إلى جمهورية الصين الشعبية عقد أمس في العاصمة الصينية بكين وزير المالية الدكتور إبراهيم بن عبدالعزيز العساف وبمشاركة وزير الدولة عضو مجلس الوزراء الدكتور محمد بن عبدالملك آل الشيخ والمشرف على صندوق الاستثمارات العامة ياسر بن عثمان الرميان ومدير الخزينة في ارامكو السعودية صلاح الحريقي، اجتماعًا مع رئيس مجلس إدارة بنك الصين تيان جولي. 
وجرى خلال الاجتماع استعراض الرؤية الاقتصادية والتنموية للمملكة &quot;روية المملكة 2030&quot; ومبادرة الحزام الاقتصادي لطريق الحرير الصينية والمشاريع العملاقة التي تنوي المملكة تنفيذها ومشاركة الشركات والبنوك الصينية فيها وسبل التعاون في الفرص الاستثمارية الأخرى. 
وعقب الاجتماع جرى التوقيع على مذكرة تفاهم بين شركة أرامكو السعودية وبنك الصين تتصل بالشراكات المستقبلية بين الجانبين. جرى خلال اللقاء استعراض رؤية المملكة 2030 ومبادرة الحزام الصينية تويتر
</topic_text>
<spam_score>0.00</spam_score>
<post_num>1</post_num>
<post_id>post-1</post_id>
<post_url>http://www.alriyadh.com/1529846</post_url>
<post_date>20160830</post_date>
<post_time>1931</post_time>
<username></username>
<post>
  خلال اجتماع مع رئيس بنك الصين وزير المالية يبحث مشاركة الجانب الصيني في مشروعات المملكة العملاقة العساف خلال الاجتماع 
بكين - واس 
في إطار الزيارة التي يقوم بها صاحب السمو الملكي الأمير محمد بن سلمان بن عبدالعزيز إلى جمهورية الصين الشعبية عقد أمس في العاصمة الصينية بكين وزير المالية الدكتور إبراهيم بن عبدالعزيز العساف وبمشاركة وزير الدولة عضو مجلس الوزراء الدكتور محمد بن عبدالملك آل الشيخ والمشرف على صندوق الاستثمارات العامة ياسر بن عثمان الرميان ومدير الخزينة في ارامكو السعودية صلاح الحريقي، اجتماعًا مع رئيس مجلس إدارة بنك الصين تيان جولي. 
وجرى خلال الاجتماع استعراض الرؤية الاقتصادية والتنموية للمملكة &quot;روية المملكة 2030&quot; ومبادرة الحزام الاقتصادي لطريق الحرير الصينية والمشاريع العملاقة التي تنوي المملكة تنفيذها ومشاركة الشركات والبنوك الصينية فيها وسبل التعاون في الفرص الاستثمارية الأخرى. 
وعقب الاجتماع جرى التوقيع على مذكرة تفاهم بين شركة أرامكو السعودية وبنك الصين تتصل بالشراكات المستقبلية بين الجانبين. جرى خلال اللقاء استعراض رؤية المملكة 2030 ومبادرة الحزام الصينية تويتر
</post>
<signature>

</signature>
<external_links>

</external_links>
<country>US</country>
<main_image>http://static2.ealriyadh.com/media/cache/98/16/98160b088f3b308eb5436750c4cd6cdb.jpg</main_image>
</document>
