<?xml version="1.0" encoding="UTF-8"?>
<document>
<type>mainstream</type>
<forum>http://www.journaldemontreal.com//rss.xml</forum>
<forum_title>Accueil</forum_title>
<discussion_title>Luc Picard prépare le tournage des Rois mongols</discussion_title>
<language>french</language>
<gmt_offset></gmt_offset>
<topic_url>http://www.journaldemontreal.com/2016/08/30/luc-picard-prepare-le-tournage-des-rois-mongols</topic_url>
<topic_text>
Luc Picard prépare le tournage des Rois mongols Autres Mardi, 30 août 2016 19:59 MISE à JOUR Mardi, 30 août 2016 19:59 Coup d&apos;oeil sur cet article 
Luc Picard tournera cet automne l’adaptation cinématographique du roman Salut mon roi mongol! de l’auteure Nicole Bélanger. Le film – rebaptisé Les Rois mongols – a obtenu le feu vert de Téléfilm Canada récemment. 
«On est en pleine préparation pour le tournage en ce moment, a confié au Journal Luc Picard, rencontré lundi pour la promotion de lacomédie 9 - Le Film. 
Publié en 2000, le roman Salut mon roi mongol! relate les événements de la crise d’octobre 1970 à travers les yeux de deux enfants issus d’un quartier défavorisé de Montréal. 
Luc Picard est actuellement à la recherche des jeunes acteurs qui joueront les rôles principaux de son film. 
Les rois mongols sera le quatrième film de Picard à titre de réalisateur, après L’audition, Babine et Ésimésac.
</topic_text>
<spam_score>0.00</spam_score>
<post_num>1</post_num>
<post_id>post-1</post_id>
<post_url>http://www.journaldemontreal.com/2016/08/30/luc-picard-prepare-le-tournage-des-rois-mongols</post_url>
<post_date>20160830</post_date>
<post_time>2359</post_time>
<username></username>
<post>
Luc Picard prépare le tournage des Rois mongols Autres Mardi, 30 août 2016 19:59 MISE à JOUR Mardi, 30 août 2016 19:59 Coup d&apos;oeil sur cet article 
Luc Picard tournera cet automne l’adaptation cinématographique du roman Salut mon roi mongol! de l’auteure Nicole Bélanger. Le film – rebaptisé Les Rois mongols – a obtenu le feu vert de Téléfilm Canada récemment. 
«On est en pleine préparation pour le tournage en ce moment, a confié au Journal Luc Picard, rencontré lundi pour la promotion de lacomédie 9 - Le Film. 
Publié en 2000, le roman Salut mon roi mongol! relate les événements de la crise d’octobre 1970 à travers les yeux de deux enfants issus d’un quartier défavorisé de Montréal. 
Luc Picard est actuellement à la recherche des jeunes acteurs qui joueront les rôles principaux de son film. 
Les rois mongols sera le quatrième film de Picard à titre de réalisateur, après L’audition, Babine et Ésimésac.
</post>
<signature>

</signature>
<external_links>

</external_links>
<country>US</country>
<main_image>http://storage.journaldemontreal.com/v1/dynamic_resize/sws_path/jdx-prod-images/6247ada6-0bfd-4011-a688-92748fa29dd9_JDX-2x1_WEB.jpg?quality=80&amp;size=1200x&amp;version=1</main_image>
</document>
