<?xml version="1.0" encoding="UTF-8"?>
<document>
<type>mainstream</type>
<forum></forum>
<forum_title></forum_title>
<discussion_title>City of Cleveland wins first step of local jobs battle | WKYC.com</discussion_title>
<language>english</language>
<gmt_offset></gmt_offset>
<topic_url>http://www.wkyc.com/news/local/city-of-cleveland-wins-first-step-of-local-jobs-battle/http&amp;#x3a;&amp;#x2f;&amp;#x2f;www&amp;#x2e;wkyc&amp;#x2e;com&amp;#x2f;news&amp;#x2f;local&amp;#x2f;city-of-cleveland-wins-first-step-of-local-jobs-battle&amp;#x2f;311390922</topic_url>
<topic_text>
City of Cleveland wins first step of local jobs battle Tom Beres, WKYC 5:15 PM. EST August 30, 2016 Cleveland City Hall CONNECT TWEET LINKEDIN GOOGLE+ PINTEREST 
CLEVELAND - A state law banning cities from requiring the hiring of some local residents on public project will not kick in as scheduled on Aug. 31. 
Cuyahoga Common Pleas Judge Michael Russo issued a preliminary injunction temporarily delaying the measure in response to a lawsuit by the City of Cleveland. 
Cleveland wants to preserve its Fannie Lewis Law, which for 12 years has required hiring at least 20 percent city residents to build public projects. 
Republican lawmakers approved a measure banning such local laws, claiming they discriminated against outside contractors and residents who lived outside city limits. 
Mayor Frank Jackson said, &quot;The city of Cleveland is pleased that the Cuyahoga County Court has granted a preliminary Injunction enjoining the State of Ohio from enforcing Ohio Revised Code 9.49. The decision moves it in the right to direction to ensure Cleveland&apos;s Resident Employment Law can continue to provide meaningful employment to residents.&quot; 
It&apos;s a home rule issue. 
Russo set Nov. 7 as a date to begin arguing the full issues in the case. 
</topic_text>
<spam_score>0.01</spam_score>
<post_num>1</post_num>
<post_id>post-1</post_id>
<post_url>http://www.wkyc.com/news/local/city-of-cleveland-wins-first-step-of-local-jobs-battle/http&amp;#x3a;&amp;#x2f;&amp;#x2f;www&amp;#x2e;wkyc&amp;#x2e;com&amp;#x2f;news&amp;#x2f;local&amp;#x2f;city-of-cleveland-wins-first-step-of-local-jobs-battle&amp;#x2f;311390922</post_url>
<post_date>20160831</post_date>
<post_time></post_time>
<username></username>
<post>
City of Cleveland wins first step of local jobs battle Tom Beres, WKYC 5:15 PM. EST August 30, 2016 Cleveland City Hall CONNECT TWEET LINKEDIN GOOGLE+ PINTEREST 
CLEVELAND - A state law banning cities from requiring the hiring of some local residents on public project will not kick in as scheduled on Aug. 31. 
Cuyahoga Common Pleas Judge Michael Russo issued a preliminary injunction temporarily delaying the measure in response to a lawsuit by the City of Cleveland. 
Cleveland wants to preserve its Fannie Lewis Law, which for 12 years has required hiring at least 20 percent city residents to build public projects. 
Republican lawmakers approved a measure banning such local laws, claiming they discriminated against outside contractors and residents who lived outside city limits. 
Mayor Frank Jackson said, &quot;The city of Cleveland is pleased that the Cuyahoga County Court has granted a preliminary Injunction enjoining the State of Ohio from enforcing Ohio Revised Code 9.49. The decision moves it in the right to direction to ensure Cleveland&apos;s Resident Employment Law can continue to provide meaningful employment to residents.&quot; 
It&apos;s a home rule issue. 
Russo set Nov. 7 as a date to begin arguing the full issues in the case. 
</post>
<signature>

</signature>
<external_links>

</external_links>
<country>US</country>
<main_image>http://content.wkyc.com/photo/2014/12/29/635554602064060170-city-hall_1279913_ver1.0_640_360.jpg</main_image>
</document>
