<?xml version="1.0" encoding="UTF-8"?>
<document>
<type>mainstream</type>
<forum>http://theweek.com/section/index/speed_reads.rss</forum>
<forum_title>The Week - Speed Reads</forum_title>
<discussion_title>Survivors of the Aurora shooting have to pay at least $700,000 to theater chain</discussion_title>
<language>english</language>
<gmt_offset></gmt_offset>
<topic_url>http://theweek.com/speedreads/646024/survivors-aurora-shooting-have-pay-least-700000-theater-chain</topic_url>
<topic_text>
 
</topic_text>
<spam_score>0.00</spam_score>
<post_num>1</post_num>
<post_id>post-1</post_id>
<post_url>http://theweek.com/speedreads/646024/survivors-aurora-shooting-have-pay-least-700000-theater-chain</post_url>
<post_date>20160831</post_date>
<post_time>0014</post_time>
<username></username>
<post>
 
</post>
<signature>

</signature>
<external_links>

</external_links>
<country>US</country>
<main_image>http://api.theweek.com/sites/default/files/styles/tw_image_6_4/public/GettyImages-149156759.jpg?itok=VBAxlchk</main_image>
</document>
