<?xml version="1.0" encoding="UTF-8"?>
<document>
<type>mainstream</type>
<forum>http://rssfeeds.nwcn.com/_/20/109823306/nwcn/politics</forum>
<forum_title>NWCN - Politics</forum_title>
<discussion_title>The 20 biggest contributors to...</discussion_title>
<language>english</language>
<gmt_offset></gmt_offset>
<topic_url>http://rssfeeds.nwcn.com/_/20/109823306/nwcn/http&amp;#x3a;&amp;#x2f;&amp;#x2f;www&amp;#x2e;nwcn&amp;#x2e;com&amp;#x2f;news&amp;#x2f;politics&amp;#x2f;the-20-biggest-contributors-to-republican-gubernatorial-candidate-bud-pierce&amp;#x2f;311456908</topic_url>
<topic_text>
The 20 biggest contributors to Republican gubernatorial candidate Bud Pierce Portland Business Journal , KGW 2:25   Dr. Bud Pierce speaks at the Bud Pierce for Governor campaign kick-off party at the Salem Convention Center on Thursday, Sept. 10, 2015. (Photo: ANNA REED / Statesman Journal) 
Bud Pierce&apos;s bid to become Oregon&apos;s first Republican governor since 1987 will take a little bit of fundraising prowess. 
To that end, Pierce, a Salem oncologist, is off to a good start. 
Altogether, Pierce has collected $2 million. Half of that, however, comes from Pierce and his family. And Pierce, in this race anyway, trails Democratic incumbent Kate Brown by about $1 million. 
We&apos;ll revisit both candidates figures — as well as the amounts given to presidential candidates Hillary Clinton and Donald Trump — in coming weeks. For now, click through today&apos;s slides to find out his largest donors. 
The Portland Business Journal is a KGW News partner. 
KGW
</topic_text>
<spam_score>0.00</spam_score>
<post_num>1</post_num>
<post_id>post-1</post_id>
<post_url>http://rssfeeds.nwcn.com/_/20/109823306/nwcn/http&amp;#x3a;&amp;#x2f;&amp;#x2f;www&amp;#x2e;nwcn&amp;#x2e;com&amp;#x2f;news&amp;#x2f;politics&amp;#x2f;the-20-biggest-contributors-to-republican-gubernatorial-candidate-bud-pierce&amp;#x2f;311456908</post_url>
<post_date>20160830</post_date>
<post_time>2125</post_time>
<username></username>
<post>
The 20 biggest contributors to Republican gubernatorial candidate Bud Pierce Portland Business Journal , KGW 2:25   Dr. Bud Pierce speaks at the Bud Pierce for Governor campaign kick-off party at the Salem Convention Center on Thursday, Sept. 10, 2015. (Photo: ANNA REED / Statesman Journal) 
Bud Pierce&apos;s bid to become Oregon&apos;s first Republican governor since 1987 will take a little bit of fundraising prowess. 
To that end, Pierce, a Salem oncologist, is off to a good start. 
Altogether, Pierce has collected $2 million. Half of that, however, comes from Pierce and his family. And Pierce, in this race anyway, trails Democratic incumbent Kate Brown by about $1 million. 
We&apos;ll revisit both candidates figures — as well as the amounts given to presidential candidates Hillary Clinton and Donald Trump — in coming weeks. For now, click through today&apos;s slides to find out his largest donors. 
The Portland Business Journal is a KGW News partner. 
KGW
</post>
<signature>

</signature>
<external_links>

</external_links>
<country>US</country>
<main_image>http://content.kgw.com/photo/2016/04/05/bud%20pierce%20oregon%20governor%20gop%20statesman_1459869465384_1403883_ver1.0_640_360.JPG</main_image>
</document>
