<?xml version="1.0" encoding="UTF-8"?>
<document>
<type>mainstream</type>
<forum>http://www.csnchicago.com/rss-top-headlines.xml</forum>
<forum_title>CSN Chicago RSS Feed</forum_title>
<discussion_title>Kelly on status of ND&apos;s arrested players</discussion_title>
<language>english</language>
<gmt_offset></gmt_offset>
<topic_url>http://www.csnchicago.com/video/kelly-status-nds-arrested-players</topic_url>
<topic_text>
FOLLOW US Facebook Twitter Google Plus Instagram ©2016 Comcast SportsNet Chicago, LLC
</topic_text>
<spam_score>0.00</spam_score>
<post_num>1</post_num>
<post_id>post-1</post_id>
<post_url>http://www.csnchicago.com/video/kelly-status-nds-arrested-players</post_url>
<post_date>20160830</post_date>
<post_time>1856</post_time>
<username>nbcsports.com</username>
<post>
FOLLOW US Facebook Twitter Google Plus Instagram ©2016 Comcast SportsNet Chicago, LLC
</post>
<signature>

</signature>
<external_links>

</external_links>
<country>US</country>
<main_image>http://www.csnchicago.com/sites/csnchicago/files/2016/08/30/kelly_on_punitive_punishments_08-30_640x360_754472004000.jpg</main_image>
</document>
