<?xml version="1.0" encoding="UTF-8"?>
<document>
<type>mainstream</type>
<forum>http://www.onenewspage.com.au/topnewsRSS.php</forum>
<forum_title>Latest News on One News Page [Australia] - Top Headlines and News Videos</forum_title>
<discussion_title>Joseph Stiglitz warns Nicola Sturgeon against independent Scotland adopting pound or euro</discussion_title>
<language>english</language>
<gmt_offset></gmt_offset>
<topic_url>http://www.onenewspage.co.uk/n/Front+Page/759s62qiw/Joseph-Stiglitz-warns-Nicola-Sturgeon-against-independent-Scotland.htm</topic_url>
<topic_text>
Joseph Stiglitz warns Nicola Sturgeon against independent Scotland adopting pound or euro Tuesday, 30 August 2016 ( SYDNEY SWANS wary of GWS Giants threat in AFL qualifying final at ANZ Stadium Twitter WW1 Economics @Brown666W @Dervheid Reminded me of our conversation on Twitter earlier this month. Perhaps of interest: https://t.co/dfGy6uEc9G 1 hour ago ItsNotNet Joseph Stiglitz warns Nicola Sturgeon against independent Scotland adopting pound or euro https://t.co/ascDu4G3BP 1 hour ago Jonathan Mumford RT @TelePolitics : Joseph Stiglitz warns Nicola Sturgeon against independent Scotland adopting pound or euro https://t.co/cvi6tEuGEs 2 hours ago ..XYZ RT @TelePolitics : Joseph Stiglitz warns Nicola Sturgeon against independent Scotland adopting pound or euro https://t.co/cvi6tEuGEs 3 hours ago Wendy Sturdy RT @TelegraphNews : Joseph Stiglitz warns Nicola Sturgeon against independent Scotland adopting pound or euro https://t.co/Uym2knQjPV 3 hours ago
</topic_text>
<spam_score>0.00</spam_score>
<post_num>1</post_num>
<post_id>post-1</post_id>
<post_url>http://www.onenewspage.co.uk/n/Front+Page/759s62qiw/Joseph-Stiglitz-warns-Nicola-Sturgeon-against-independent-Scotland.htm</post_url>
<post_date>20160830</post_date>
<post_time>1501</post_time>
<username></username>
<post>
Joseph Stiglitz warns Nicola Sturgeon against independent Scotland adopting pound or euro Tuesday, 30 August 2016 ( SYDNEY SWANS wary of GWS Giants threat in AFL qualifying final at ANZ Stadium Twitter WW1 Economics @Brown666W @Dervheid Reminded me of our conversation on Twitter earlier this month. Perhaps of interest: https://t.co/dfGy6uEc9G 1 hour ago ItsNotNet Joseph Stiglitz warns Nicola Sturgeon against independent Scotland adopting pound or euro https://t.co/ascDu4G3BP 1 hour ago Jonathan Mumford RT @TelePolitics : Joseph Stiglitz warns Nicola Sturgeon against independent Scotland adopting pound or euro https://t.co/cvi6tEuGEs 2 hours ago ..XYZ RT @TelePolitics : Joseph Stiglitz warns Nicola Sturgeon against independent Scotland adopting pound or euro https://t.co/cvi6tEuGEs 3 hours ago Wendy Sturdy RT @TelegraphNews : Joseph Stiglitz warns Nicola Sturgeon against independent Scotland adopting pound or euro https://t.co/Uym2knQjPV 3 hours ago
</post>
<signature>

</signature>
<external_links>

</external_links>
<country>AU</country>
<main_image>http://cdn.newsserve.net/700/t/20160830/797e70b38b15c3525824c669b069fd3b.jpg</main_image>
</document>
