<?xml version="1.0" encoding="UTF-8"?>
<document>
<type>mainstream</type>
<forum>http://feeds.feedburner.com/corrienteshoy/tccb</forum>
<forum_title>Corrientes Hoy</forum_title>
<discussion_title>El médico que mató a un ladrón en un asalto recuperó la libertad</discussion_title>
<language>spanish</language>
<gmt_offset></gmt_offset>
<topic_url>http://www.corrienteshoy.com/noticias/view/156618</topic_url>
<topic_text>
Policiales - 30/08/2016 
El juez de Garantías de San Martín, Lucas Oyhanarte, se pronunció hoy a favor de liberar a Lino Villar Cataldo, el médico que abatió a un delincuente cuando intentaba robarle su auto en el partido de San Martín. El magistrado dispuso esa medida de manera extraordinaria, atento a los problemas cardíacos que tiene el detenido. 

La decisión estaba pendiente de la palabra de la fiscal Diana Mayko, quien en primera instancia se opuso a conceder la libertad al hombre, que está acusado de homicidio agravado por uso de arma de fuego. No obstante, esta misma tarde la fiscal acompañó la medida. 

Pasadas las 20:30, la agencia oficial Télam confirmó que el hombre había recuperado su libertad. 

El juez trabó una caución de 1 millón de pesos a la familia del médico. En caso de que el acusado no se presente ante un eventual llamado de la Justicia, la familia sufrirá el embargo de las propiedades que, por el monto ordenado por el magistrado, pusieron como garantía. 

Diego Szpiguel, abogado del médico (Télam) Diego Szpiguel, abogado del médico (Télam) El médico recuperaría la libertad durante las próximas 48 horas. Así lo aseguró su abogado, Diego Szpiegel, en diálogo con TN. La defensa había pedido la excarcelación luego de que Villar quedara detenido por el homicidio del ladrón. 

Szpiegel aseguró que &quot;el proceso será largo&quot; y que hay que esperar el resultado de las pericias que se realizaron el día en que ocurrió el hecho. &quot;No hay testigos y las cámaras no aportan nada&quot;, precisó. 

El abogado de Villar contó que intentará demostrar que &quot;la conducta del médico está justificada&quot;, debido a que actuó en legítima defensa. Además, afirmó que el médico &quot;está muy angustiado&quot; ya que &quot;tuvo que darle fin a una vida, cuando él estaba preparado para salvarlas&quot;. 

Luego de conocer que su representado saldrá el libertad, Szpiegel confirmó que pedirán que la familia de Villar mantenga la custodia policial que tienen desde el fin de semana. 

El médico se encuentra detenido desde el viernes por matar a un joven que intentó asaltarlo en la puerta de su casa, en la localidad bonaerense de Loma Hermosa. Calificá esta nota
</topic_text>
<spam_score>0.00</spam_score>
<post_num>1</post_num>
<post_id>post-1</post_id>
<post_url>http://www.corrienteshoy.com/noticias/view/156618</post_url>
<post_date>20160830</post_date>
<post_time>2358</post_time>
<username></username>
<post>
Policiales - 30/08/2016 
El juez de Garantías de San Martín, Lucas Oyhanarte, se pronunció hoy a favor de liberar a Lino Villar Cataldo, el médico que abatió a un delincuente cuando intentaba robarle su auto en el partido de San Martín. El magistrado dispuso esa medida de manera extraordinaria, atento a los problemas cardíacos que tiene el detenido. 

La decisión estaba pendiente de la palabra de la fiscal Diana Mayko, quien en primera instancia se opuso a conceder la libertad al hombre, que está acusado de homicidio agravado por uso de arma de fuego. No obstante, esta misma tarde la fiscal acompañó la medida. 

Pasadas las 20:30, la agencia oficial Télam confirmó que el hombre había recuperado su libertad. 

El juez trabó una caución de 1 millón de pesos a la familia del médico. En caso de que el acusado no se presente ante un eventual llamado de la Justicia, la familia sufrirá el embargo de las propiedades que, por el monto ordenado por el magistrado, pusieron como garantía. 

Diego Szpiguel, abogado del médico (Télam) Diego Szpiguel, abogado del médico (Télam) El médico recuperaría la libertad durante las próximas 48 horas. Así lo aseguró su abogado, Diego Szpiegel, en diálogo con TN. La defensa había pedido la excarcelación luego de que Villar quedara detenido por el homicidio del ladrón. 

Szpiegel aseguró que &quot;el proceso será largo&quot; y que hay que esperar el resultado de las pericias que se realizaron el día en que ocurrió el hecho. &quot;No hay testigos y las cámaras no aportan nada&quot;, precisó. 

El abogado de Villar contó que intentará demostrar que &quot;la conducta del médico está justificada&quot;, debido a que actuó en legítima defensa. Además, afirmó que el médico &quot;está muy angustiado&quot; ya que &quot;tuvo que darle fin a una vida, cuando él estaba preparado para salvarlas&quot;. 

Luego de conocer que su representado saldrá el libertad, Szpiegel confirmó que pedirán que la familia de Villar mantenga la custodia policial que tienen desde el fin de semana. 

El médico se encuentra detenido desde el viernes por matar a un joven que intentó asaltarlo en la puerta de su casa, en la localidad bonaerense de Loma Hermosa. Calificá esta nota
</post>
<signature>

</signature>
<external_links>

</external_links>
<country>US</country>
<main_image>http://www.corrienteshoy.com/files/imagenes/30082016205931.jpg</main_image>
</document>
