<?xml version="1.0" encoding="UTF-8"?>
<document>
<type>mainstream</type>
<forum></forum>
<forum_title></forum_title>
<discussion_title>¿Imponiendo credos religiosos? Gobierno indio sugiere a turistas no usar faldas | NTN24</discussion_title>
<language>spanish</language>
<gmt_offset></gmt_offset>
<topic_url>http://www.ntn24webs.info/noticia/credos-religiosos-folletos-turisticos-del-gobierno-indio-sugieren-a-visitantes-no-usar-faldas-114456</topic_url>
<topic_text>
Martes, Agosto 30, 2016 Comparte en: 
El ministro indio de Cultura y Turismo, Mahesh Sharma, indicó este martes que el Gobierno facilita folletos turísticos de bienvenida en los que se recomienda a las turistas, entre otras cosas, que ‘no usen faldas’. 
&quot;Los turistas, cuando llegan al aeropuerto, reciben un &apos;paquete de bienvenida&apos; con una tarjeta en la que se mencionan cosas que hacer y qué no&quot;, indicó el ministro en una conferencia de prensa en Agra, en el norte de la India y donde se encuentra el Taj Mahal, difundida este martes por medios locales. 
Sharma explicó que se recomienda a los visitantes que &quot;no salgan de noche en pequeñas ciudades, no vistan faldas y que hagan una foto de la matrícula del vehículo que usen y se la manden a un amigo&quot;. 
Tras ser preguntado por los periodistas en la misma rueda de prensa, el ministro matizó sus palabras e indicó que su intención no era decir a las visitantes qué vestir, si no indicarles que en la India hay diferentes credos religiosos. 
&quot;Respetar lugares de culto; si vas a ciertos lugares de culto te cubres la cabeza, en otros te quitas los zapatos, eso es lo que he dicho&quot;, dijo. 
Las palabras de Sharma encontraron rápida réplica en el alcalde de Delhi y líder opositor, Arvind Kejriwal, que afirmó en Twitter que &quot;las mujeres tenían más libertad de vestir las ropas de su elección en la época de los vedas (textos sagrados indios supuestamente escritos hace más de tres mil años) que en los tiempos del gobierno de Narendra Modi&quot;. 
Hace poco indicó que habían renombrado una calle en Delhi en honor al expresidente indio APJ Abdul Kalam, fallecido el año pasado, al que definió como &quot;un humanista y un nacionalista a pesar de ser musulmán&quot;. 
También el año pasado generó controversia después de que un grupo de extremistas hinduistas asesinaran a un musulmán por supuestamente tener carne de vaca en casa y le dieran una paliza a uno de sus hijos. 
Según Sharma, que dirige la clínica a la que fue llevado el hijo del hombre asesinado, los asaltantes no tenían intención de linchar a nadie sino que todo fue un &quot;accidente&quot;. 
Lea también: ¿Puerta al inframundo? Extraña ‘serpiente’ surge en un experimento químico Sharma dijo que el agredido no tenía &quot;una sola fractura en su cuerpo salvo una herida que fue ocasionada por un golpe con un palo. Le había pegado un gamberro, pero eso significa que la intención no era linchar&quot;, señaló entonces. 
Hace apenas unos días, medios locales difundieron un vídeo en el que supuestos miembros de su equipo de seguridad golpeaban a un guardia por supuestamente detener el vehículo del ministro. Sharma entonces lamentó los hechos asegurando que en ese momento él no se encontraba en el coche. 
La sociedad india se encuentra muy sensibilizada hacia las agresiones a mujeres, sobre todo desde que en diciembre de 2012 una joven estudiante fue violada en grupo en Nueva Delhi en un autobús en marcha, falleciendo días después a causa de las heridas, lo que desencadenó una ola de protestas sin precedentes en el país. 
Colaboración EFE 
</topic_text>
<spam_score>0.20</spam_score>
<post_num>1</post_num>
<post_id>post-1</post_id>
<post_url>http://www.ntn24webs.info/noticia/credos-religiosos-folletos-turisticos-del-gobierno-indio-sugieren-a-visitantes-no-usar-faldas-114456</post_url>
<post_date>20160831</post_date>
<post_time></post_time>
<username></username>
<post>
Martes, Agosto 30, 2016 Comparte en: 
El ministro indio de Cultura y Turismo, Mahesh Sharma, indicó este martes que el Gobierno facilita folletos turísticos de bienvenida en los que se recomienda a las turistas, entre otras cosas, que ‘no usen faldas’. 
&quot;Los turistas, cuando llegan al aeropuerto, reciben un &apos;paquete de bienvenida&apos; con una tarjeta en la que se mencionan cosas que hacer y qué no&quot;, indicó el ministro en una conferencia de prensa en Agra, en el norte de la India y donde se encuentra el Taj Mahal, difundida este martes por medios locales. 
Sharma explicó que se recomienda a los visitantes que &quot;no salgan de noche en pequeñas ciudades, no vistan faldas y que hagan una foto de la matrícula del vehículo que usen y se la manden a un amigo&quot;. 
Tras ser preguntado por los periodistas en la misma rueda de prensa, el ministro matizó sus palabras e indicó que su intención no era decir a las visitantes qué vestir, si no indicarles que en la India hay diferentes credos religiosos. 
&quot;Respetar lugares de culto; si vas a ciertos lugares de culto te cubres la cabeza, en otros te quitas los zapatos, eso es lo que he dicho&quot;, dijo. 
Las palabras de Sharma encontraron rápida réplica en el alcalde de Delhi y líder opositor, Arvind Kejriwal, que afirmó en Twitter que &quot;las mujeres tenían más libertad de vestir las ropas de su elección en la época de los vedas (textos sagrados indios supuestamente escritos hace más de tres mil años) que en los tiempos del gobierno de Narendra Modi&quot;. 
Hace poco indicó que habían renombrado una calle en Delhi en honor al expresidente indio APJ Abdul Kalam, fallecido el año pasado, al que definió como &quot;un humanista y un nacionalista a pesar de ser musulmán&quot;. 
También el año pasado generó controversia después de que un grupo de extremistas hinduistas asesinaran a un musulmán por supuestamente tener carne de vaca en casa y le dieran una paliza a uno de sus hijos. 
Según Sharma, que dirige la clínica a la que fue llevado el hijo del hombre asesinado, los asaltantes no tenían intención de linchar a nadie sino que todo fue un &quot;accidente&quot;. 
Lea también: ¿Puerta al inframundo? Extraña ‘serpiente’ surge en un experimento químico Sharma dijo que el agredido no tenía &quot;una sola fractura en su cuerpo salvo una herida que fue ocasionada por un golpe con un palo. Le había pegado un gamberro, pero eso significa que la intención no era linchar&quot;, señaló entonces. 
Hace apenas unos días, medios locales difundieron un vídeo en el que supuestos miembros de su equipo de seguridad golpeaban a un guardia por supuestamente detener el vehículo del ministro. Sharma entonces lamentó los hechos asegurando que en ese momento él no se encontraba en el coche. 
La sociedad india se encuentra muy sensibilizada hacia las agresiones a mujeres, sobre todo desde que en diciembre de 2012 una joven estudiante fue violada en grupo en Nueva Delhi en un autobús en marcha, falleciendo días después a causa de las heridas, lo que desencadenó una ola de protestas sin precedentes en el país. 
Colaboración EFE 
</post>
<signature>

</signature>
<external_links>

</external_links>
<country>US</country>
<main_image>http://dfb4hbgb3wq32.cloudfront.net/noticias/2016/08/30/falda.jpg</main_image>
</document>
