<?xml version="1.0" encoding="UTF-8"?>
<document>
<type>mainstream</type>
<forum>http://feeds.feedburner.com/dealigg/latest</forum>
<forum_title>All User Submitted Deals at Dealigg.com</forum_title>
<discussion_title>Vera Bradley Mesh Tote Bag for $17.99</discussion_title>
<language>english</language>
<gmt_offset></gmt_offset>
<topic_url>http://www.dealigg.com/story-Vera-Bradley-Mesh-Tote-Bag</topic_url>
<topic_text>
At eBay ; posted by tinaw 17   Sold by Vera Bradley via eBay. FREE SHIPPING. Exterior zip pocket perfect for a phone or keys Fun, spongy mesh construction with Preppy Poly trim Drawstring closure
</topic_text>
<spam_score>0.00</spam_score>
<post_num>1</post_num>
<post_id>post-1</post_id>
<post_url>http://www.dealigg.com/story-Vera-Bradley-Mesh-Tote-Bag</post_url>
<post_date>20160831</post_date>
<post_time>0031</post_time>
<username></username>
<post>
At eBay ; posted by tinaw 17   Sold by Vera Bradley via eBay. FREE SHIPPING. Exterior zip pocket perfect for a phone or keys Fun, spongy mesh construction with Preppy Poly trim Drawstring closure
</post>
<signature>

</signature>
<external_links>

</external_links>
<country></country>
<main_image></main_image>
</document>
