<?xml version="1.0" encoding="UTF-8"?>
<document>
<type>mainstream</type>
<forum>http://feeds.feedburner.com/shipandbunker</forum>
<forum_title>Ship &amp; Bunker</forum_title>
<discussion_title>USCG Responds to Bunker Spill in Columbia River</discussion_title>
<language>english</language>
<gmt_offset></gmt_offset>
<topic_url>http://shipandbunker.com/news/am/231507-uscg-responds-to-bunker-spill-in-columbia-river</topic_url>
<topic_text>
USCG Responds to Bunker Spill in Columbia River   
USCG is said to have linked the 250 gallon bunker spill to an 86-foot fishing vessel, the Emerald Sea . 
The U.S. Coast Guard (USCG) Monday said an approximately 250 gallon diesel spill was reported in the water at the Skipanon Marina of the Columbia River following a internal fuel transfer operation conducted by an 86-foot fishing vessel, the Emerald Sea . 
The spill is said to have resulted in a 1 mile by 500 yard area of sheening at the marina to which Incident Management Division (IMD) staff were deployed to investigate at about 9 a.m. on Monday. 
USCG responders noted that the sheen had begun dissipating by 1 p.m. 
&quot;Emerald Sea had since transited to Ilwaco, Washington , where IMD located the crew and requested the master to self-report the spill to Coast Guard National Response Center and return to Skipanon Marina to clean the spill,&quot; explained USCG, noting that there was no sheen observed in Ilwaco. “ 
USCG responders noted that the sheen had begun dissipating by 1 p.m. 
USCG inspectors from IMD in Astoria are said to be monitoring the situation while the crew of the Emerald Sea work with harbormasters to clean the spill with absorbent pads. 
USCG says the spill has not presented any hazards to navigation, and no affected wildlife have been reported. 
In March, USCG said they were monitoring for signs of a bunker spill after the 5,4881 DWT Panama -flagged bulk carrier Sparna , which was loaded with 218,380 gallons of HFO and 39,380 gallons of marine diesel, grounded in the Columbia River in the state of Washington . 
 
</topic_text>
<spam_score>0.00</spam_score>
<post_num>1</post_num>
<post_id>post-1</post_id>
<post_url>http://shipandbunker.com/news/am/231507-uscg-responds-to-bunker-spill-in-columbia-river</post_url>
<post_date>20160830</post_date>
<post_time>2315</post_time>
<username></username>
<post>
USCG Responds to Bunker Spill in Columbia River   
USCG is said to have linked the 250 gallon bunker spill to an 86-foot fishing vessel, the Emerald Sea . 
The U.S. Coast Guard (USCG) Monday said an approximately 250 gallon diesel spill was reported in the water at the Skipanon Marina of the Columbia River following a internal fuel transfer operation conducted by an 86-foot fishing vessel, the Emerald Sea . 
The spill is said to have resulted in a 1 mile by 500 yard area of sheening at the marina to which Incident Management Division (IMD) staff were deployed to investigate at about 9 a.m. on Monday. 
USCG responders noted that the sheen had begun dissipating by 1 p.m. 
&quot;Emerald Sea had since transited to Ilwaco, Washington , where IMD located the crew and requested the master to self-report the spill to Coast Guard National Response Center and return to Skipanon Marina to clean the spill,&quot; explained USCG, noting that there was no sheen observed in Ilwaco. “ 
USCG responders noted that the sheen had begun dissipating by 1 p.m. 
USCG inspectors from IMD in Astoria are said to be monitoring the situation while the crew of the Emerald Sea work with harbormasters to clean the spill with absorbent pads. 
USCG says the spill has not presented any hazards to navigation, and no affected wildlife have been reported. 
In March, USCG said they were monitoring for signs of a bunker spill after the 5,4881 DWT Panama -flagged bulk carrier Sparna , which was loaded with 218,380 gallons of HFO and 39,380 gallons of marine diesel, grounded in the Columbia River in the state of Washington . 
 
</post>
<signature>

</signature>
<external_links>

</external_links>
<country>US</country>
<main_image>http://s.shipandbunker.com/806F6B/sab/a/img/_mt_5bbc5774a42ab349e7a72f9d31d5f3c7.jpg</main_image>
</document>
