<?xml version="1.0" encoding="UTF-8"?>
<document>
<type>mainstream</type>
<forum>http://feeds.feedburner.com/eluniversal/ctg_nal</forum>
<forum_title>EL UNIVERSAL - Colombia</forum_title>
<discussion_title>Pese a las críticas, pregunta del plebiscito no incumple sentencia de la Corte</discussion_title>
<language>spanish</language>
<gmt_offset></gmt_offset>
<topic_url>http://www.eluniversal.com.co/colombia/pese-las-criticas-pregunta-del-plebiscito-no-incumple-sentencia-de-la-corte-234495</topic_url>
<topic_text>
Pese a las críticas, pregunta del plebiscito no incumple sentencia de la Corte COLPRENSA 30 de Agosto de 2016 05:52 pm // COLPRENSA. - A A + A 
Muchos estaban a la expectativa por cuál sería la pregunta con la que se refrendarían los acuerdos de paz, y ya anunciada, ha generado críticas por parte de la oposición, porque según ellos incluye la palabra paz y puede confundir a los ciudadanos. 
La pregunta, ¿Apoya usted el acuerdo final para la terminación del conflicto y la construcción de una paz estable y duradera?, fue la que se determinó finalmente. 
El presidente de la República, Juan Manuel Santos, afirmó que incluye la palabra paz, porque este es el nombre del acuerdo firmado con las FARC. Esa idea, la ha replicado el expresidente César Gaviria, quien dijo que &quot;la pregunta tiene el nombre con el que se firmó. No puede quedar duda de qué está hablando. La pregunta no está inducida&quot;. 
Pero para el excandidato presidencial del uribismo Óscar Iván Zuluaga, la pregunta es completamente tramposa: &quot;Esa pregunta no es ambigua, es tramposa. La pregunta tiene que ser: ¿aprueba los acuerdos firmados entre el Gobierno y las FARC? ¡Punto! Eso es lo que van a someter a consideración, además la Corte Constitucional dijo claramente que lo que no se puede poner en juego es la paz. Lo que hay que votar si se aprueban los acuerdos hechos con las FARC&quot;. 
Mientras tanto, para el profesor y columnista John Mario González no se incumple a la sentencia de la Corte Constitucional que ha sido clara en afirmar que no se puede refrendar el derecho a la paz. 
&quot;Los opositores a la pregunta &apos;tacan burro&apos; porque no se desconoce el precepto constitucional de preguntar la obviedad de si se quiere la paz. Pero tampoco van a creer ingenuo al Gobierno de preguntar simplemente por el acuerdo sin ligarlo a su finalidad&quot;, dice. 
Para él, la idea de que el cuestionamiento incluya la palabra FARC, como lo señala Zuluaga, no es necesaria, pero también afirma que beneficia en materia política a los que apoyan el Sí en el plebiscito. 
&quot;No se necesita porque por más de cuatro años el país ha escuchado que el acuerdo es entre las FARC y el Gobierno, entonces es innecesario. Ahora, por estrategia política lo mejor es que no se mencione porque las FARC no son precisamente los que más votos arrastran en el país&quot;, dice González. 
Schumann Andrade, docente de la universidad Jorge Tadeo Lozano y la Pontificia Universidad Javeriana, afirma que hay más prejuicios que razones para decir que la pregunta tiene algún tipo de sesgo e indica que lo que se dice es el objetivo que se quiere alcanzar. 
&quot;No creo en absoluto que la pregunta esté mal formulada por dos razones. Primero, el eje de la pregunta es el apoyo, lo demás es el complemento directo, en otras palabras, apoya el acuerdo sí o no. Segundo, desde cuándo señalar un propósito es tener un prejuicio o sesgo. La preposición &apos;para&apos; indica qué es lo que se apoya y en ese sentido que el apoyo es para dos cosas muy específicas: la terminación del conflicto y la construcción de una paz estable y duradera&quot;, dice 
Y agrega: &quot;Tan clara es que no pregunta por un deseo o una filiación, tan solo cuestiona si usted apoya o no. Ante eso basta decir Sí o No&quot;. Notas recomendadas
</topic_text>
<spam_score>0.00</spam_score>
<post_num>1</post_num>
<post_id>post-1</post_id>
<post_url>http://www.eluniversal.com.co/colombia/pese-las-criticas-pregunta-del-plebiscito-no-incumple-sentencia-de-la-corte-234495</post_url>
<post_date>20160830</post_date>
<post_time>2252</post_time>
<username>arodriguez</username>
<post>
Pese a las críticas, pregunta del plebiscito no incumple sentencia de la Corte COLPRENSA 30 de Agosto de 2016 05:52 pm // COLPRENSA. - A A + A 
Muchos estaban a la expectativa por cuál sería la pregunta con la que se refrendarían los acuerdos de paz, y ya anunciada, ha generado críticas por parte de la oposición, porque según ellos incluye la palabra paz y puede confundir a los ciudadanos. 
La pregunta, ¿Apoya usted el acuerdo final para la terminación del conflicto y la construcción de una paz estable y duradera?, fue la que se determinó finalmente. 
El presidente de la República, Juan Manuel Santos, afirmó que incluye la palabra paz, porque este es el nombre del acuerdo firmado con las FARC. Esa idea, la ha replicado el expresidente César Gaviria, quien dijo que &quot;la pregunta tiene el nombre con el que se firmó. No puede quedar duda de qué está hablando. La pregunta no está inducida&quot;. 
Pero para el excandidato presidencial del uribismo Óscar Iván Zuluaga, la pregunta es completamente tramposa: &quot;Esa pregunta no es ambigua, es tramposa. La pregunta tiene que ser: ¿aprueba los acuerdos firmados entre el Gobierno y las FARC? ¡Punto! Eso es lo que van a someter a consideración, además la Corte Constitucional dijo claramente que lo que no se puede poner en juego es la paz. Lo que hay que votar si se aprueban los acuerdos hechos con las FARC&quot;. 
Mientras tanto, para el profesor y columnista John Mario González no se incumple a la sentencia de la Corte Constitucional que ha sido clara en afirmar que no se puede refrendar el derecho a la paz. 
&quot;Los opositores a la pregunta &apos;tacan burro&apos; porque no se desconoce el precepto constitucional de preguntar la obviedad de si se quiere la paz. Pero tampoco van a creer ingenuo al Gobierno de preguntar simplemente por el acuerdo sin ligarlo a su finalidad&quot;, dice. 
Para él, la idea de que el cuestionamiento incluya la palabra FARC, como lo señala Zuluaga, no es necesaria, pero también afirma que beneficia en materia política a los que apoyan el Sí en el plebiscito. 
&quot;No se necesita porque por más de cuatro años el país ha escuchado que el acuerdo es entre las FARC y el Gobierno, entonces es innecesario. Ahora, por estrategia política lo mejor es que no se mencione porque las FARC no son precisamente los que más votos arrastran en el país&quot;, dice González. 
Schumann Andrade, docente de la universidad Jorge Tadeo Lozano y la Pontificia Universidad Javeriana, afirma que hay más prejuicios que razones para decir que la pregunta tiene algún tipo de sesgo e indica que lo que se dice es el objetivo que se quiere alcanzar. 
&quot;No creo en absoluto que la pregunta esté mal formulada por dos razones. Primero, el eje de la pregunta es el apoyo, lo demás es el complemento directo, en otras palabras, apoya el acuerdo sí o no. Segundo, desde cuándo señalar un propósito es tener un prejuicio o sesgo. La preposición &apos;para&apos; indica qué es lo que se apoya y en ese sentido que el apoyo es para dos cosas muy específicas: la terminación del conflicto y la construcción de una paz estable y duradera&quot;, dice 
Y agrega: &quot;Tan clara es que no pregunta por un deseo o una filiación, tan solo cuestiona si usted apoya o no. Ante eso basta decir Sí o No&quot;. Notas recomendadas
</post>
<signature>

</signature>
<external_links>

</external_links>
<country>CO</country>
<main_image>http://www.eluniversal.com.co:80/sites/default/files/201608/santos_2_2.jpg</main_image>
</document>
