<?xml version="1.0" encoding="UTF-8"?>
<document>
<type>mainstream</type>
<forum>http://gb-www.digitimes.com.tw/tw/rss/xml/xmlrss_10_140.xml</forum>
<forum_title>DIGITIMES-观点</forum_title>
<discussion_title>10国对1国 新南向政策更有牛肉</discussion_title>
<language>chineset</language>
<gmt_offset></gmt_offset>
<topic_url>http://www.digitimes.com.tw/tw/dt/n/shwnws.asp?id=0000479770_DLL8YDI263L5LA1U86GWR</topic_url>
<topic_text>
10國對1國 新南向政策更有牛肉 2016/08/31-
</topic_text>
<spam_score>0.00</spam_score>
<post_num>1</post_num>
<post_id>post-1</post_id>
<post_url>http://www.digitimes.com.tw/tw/dt/n/shwnws.asp?id=0000479770_DLL8YDI263L5LA1U86GWR</post_url>
<post_date>20160830</post_date>
<post_time>1854</post_time>
<username></username>
<post>
10國對1國 新南向政策更有牛肉 2016/08/31-
</post>
<signature>

</signature>
<external_links>

</external_links>
<country>TW</country>
<main_image></main_image>
</document>
