<?xml version="1.0" encoding="UTF-8"?>
<document>
<type>mainstream</type>
<forum></forum>
<forum_title></forum_title>
<discussion_title>Stolbizer visitó a Macri y pidió tener un &quot;Nunca Más de la corrupción&quot;</discussion_title>
<language>spanish</language>
<gmt_offset></gmt_offset>
<topic_url>http://www.clarin.com/politica/Stolbizer-visito-Macri-pidio-corrupcion_0_1641436014.html</topic_url>
<topic_text>
Stolbizer visitó a Macri y pidió tener un &quot;Nunca Más de la corrupción&quot; 
Quinta de Olivos 
La diputada nacional le obsequió un libro de su autoría. También hablaron sobre el G20, de la &quot;reforma política&quot; y hasta del hijo basquetbolista de la dirigente. opiná shares 
El presidente Mauricio Macri recibió hoy en Olivos a la diputada nacional Margarita Stolbizer, quien le obsequió un libro de su autoría (&quot;Yo acuso&quot;) y aseguró que fue &quot;una recepción extraordinaria&quot; del mandatario, para avanzar con un acuerdo para &quot;tener un &apos;Nunca Más&apos; de la corrupción&quot;. 
&quot;Tuve una recepción extraordinaria del Presidente para tener un Nunca Más de la corrupción. Así como los argentinos dijimos nunca más una dictadura, también tenemos que decir nunca más la corrupción&quot;, subrayó Stolbizer, tras los 40 minutos de encuentro. 
En tanto, negó haber hablado con Macri de las amenazas de muerte que recibió a través de un llamado al 911, por lo que el gobierno provincial dispuso un &quot;resguardo policial especial&quot; para la dirigente. 
&quot;No hablamos de eso&quot;, respondió la diputada al ser consultada sobre las intimidaciones. Y agregó: &quot;No recibí amenazas en mi casa. Se enteraron antes la gobernadora (María Eugenia Vidal) y el ministro de Seguridad (Cristian Ritondo) por una denuncia al 911 y estuvieron en contacto conmigo y ahora tengo custodia en mi casa, pero no quiero hacer ningún tipo de ruido, no tenemos que hacer el juego porque se busca crear un clima de zozobra&quot;, dijo. 
&quot;Le he entregado mi libro que no solamente se trata de una investigación judicial sino de un pacto hacia adelante para terminar con la corrupción&quot;, indicó Stolbizer quien le obsequió un ejemplar al mandatario y agregó que &quot;está muy dispuesto a acompañar&quot; una &quot;agenda legislativa vinculada a la transparencia&quot;. 
Asimismo, la diputada del GEN indicó que dialogaron con el Presidente sobre &quot;el viaje a China y las expectativas del G20&quot;, la &quot;reforma política y la necesidad de tener una boleta única&quot; y afirmó que &quot;de ninguna manera&quot; hablaron de &quot;candidaturas&quot; en vista al 2017 ni del tarifazo donde la legisladora tuvo una postura crítica. 
Desde Presidencia, en tanto, se indicó en un comunicado que Macri y Stolbizer también &quot;hablaron de básquetbol, ya que el hijo de la diputada, Nicolás Laprovittola, integró el seleccionado nacional de ese deporte que participó en los Juegos Olímpicos de Río de Janeiro donde el Presidente saludó a los atletas argentinos luego de haber asistido a la ceremonia de apertura de la competencia&quot;. 
Agencia DyN 
</topic_text>
<spam_score>0.19</spam_score>
<post_num>1</post_num>
<post_id>post-1</post_id>
<post_url>http://www.clarin.com/politica/Stolbizer-visito-Macri-pidio-corrupcion_0_1641436014.html</post_url>
<post_date>20160830</post_date>
<post_time></post_time>
<username></username>
<post>
Stolbizer visitó a Macri y pidió tener un &quot;Nunca Más de la corrupción&quot; 
Quinta de Olivos 
La diputada nacional le obsequió un libro de su autoría. También hablaron sobre el G20, de la &quot;reforma política&quot; y hasta del hijo basquetbolista de la dirigente. opiná shares 
El presidente Mauricio Macri recibió hoy en Olivos a la diputada nacional Margarita Stolbizer, quien le obsequió un libro de su autoría (&quot;Yo acuso&quot;) y aseguró que fue &quot;una recepción extraordinaria&quot; del mandatario, para avanzar con un acuerdo para &quot;tener un &apos;Nunca Más&apos; de la corrupción&quot;. 
&quot;Tuve una recepción extraordinaria del Presidente para tener un Nunca Más de la corrupción. Así como los argentinos dijimos nunca más una dictadura, también tenemos que decir nunca más la corrupción&quot;, subrayó Stolbizer, tras los 40 minutos de encuentro. 
En tanto, negó haber hablado con Macri de las amenazas de muerte que recibió a través de un llamado al 911, por lo que el gobierno provincial dispuso un &quot;resguardo policial especial&quot; para la dirigente. 
&quot;No hablamos de eso&quot;, respondió la diputada al ser consultada sobre las intimidaciones. Y agregó: &quot;No recibí amenazas en mi casa. Se enteraron antes la gobernadora (María Eugenia Vidal) y el ministro de Seguridad (Cristian Ritondo) por una denuncia al 911 y estuvieron en contacto conmigo y ahora tengo custodia en mi casa, pero no quiero hacer ningún tipo de ruido, no tenemos que hacer el juego porque se busca crear un clima de zozobra&quot;, dijo. 
&quot;Le he entregado mi libro que no solamente se trata de una investigación judicial sino de un pacto hacia adelante para terminar con la corrupción&quot;, indicó Stolbizer quien le obsequió un ejemplar al mandatario y agregó que &quot;está muy dispuesto a acompañar&quot; una &quot;agenda legislativa vinculada a la transparencia&quot;. 
Asimismo, la diputada del GEN indicó que dialogaron con el Presidente sobre &quot;el viaje a China y las expectativas del G20&quot;, la &quot;reforma política y la necesidad de tener una boleta única&quot; y afirmó que &quot;de ninguna manera&quot; hablaron de &quot;candidaturas&quot; en vista al 2017 ni del tarifazo donde la legisladora tuvo una postura crítica. 
Desde Presidencia, en tanto, se indicó en un comunicado que Macri y Stolbizer también &quot;hablaron de básquetbol, ya que el hijo de la diputada, Nicolás Laprovittola, integró el seleccionado nacional de ese deporte que participó en los Juegos Olímpicos de Río de Janeiro donde el Presidente saludó a los atletas argentinos luego de haber asistido a la ceremonia de apertura de la competencia&quot;. 
Agencia DyN 
</post>
<signature>

</signature>
<external_links>

</external_links>
<country>AR</country>
<main_image>http://images.clarin.com/politica/Margarita-Stolbizer-presidente-Mauricio-Macri_CLAIMA20160830_0369_4.jpg</main_image>
</document>
