<?xml version="1.0" encoding="UTF-8"?>
<document>
<type>mainstream</type>
<forum>http://mademoisellelane.com/feed</forum>
<forum_title>Mademoiselle LaNe</forum_title>
<discussion_title>à l’origine</discussion_title>
<language>french</language>
<gmt_offset></gmt_offset>
<topic_url>http://mademoisellelane.com/2016/08/origine-polyamour/</topic_url>
<topic_text>
Alors voilà. Je suis polyamoureuse, et bisexuelle. Ou l’inverse, chronologiquement. 
Ça fait beaucoup de gros mots d’un coup, pardon. 
Faque. Je vais essayer d’expliquer. 
Je simplifie à bisexuelle parce qu’honnêtement (pardon pardon pardon pour celleux qui l’utilisent) les termes de pansexuel et autres étiquettes à visée inclusive m’ennuient grandement. J’ai pas la prétention d’être sexuellement/émotionnellement attirée par tous les genres, j’aime les garçons qui ressemblent à des garçons et les filles qui ressemblent à des filles. J’aime les filles parce qu’elles ont des seins des fesses des cheveux et la peau douce. J’aime les garçons parce que c’est fort parfois et sensible dedans, parce qu’ils ont des poils et des barbes et des mains d’hommes qui attrapent mes fesses différemment. 
Voilà, je suis pleine de sexisme dans mes attirances, et ce serait trop compliqué d’expliquer toutes les variances, tonalités, et le reste pour justifier en quoi c’est pas pour autant sexiste. Et tu sais quoi ? On s’en fout un peu pour la suite du propos. 
Je suis attirée par les filles ET les garçons depuis que j’ai commencé à avoir un univers érotique, comme une évidence. S’il y a eu plus de garçons qui sont arrivés dans mon lit, il y a toujours eu des filles dans mes fantasmes. Je n’ai jamais eu trop de questionnements à ce sujet, et par chance on ne m’a jamais reproché cette double attirance – on entend parfois qu’être bi.e, c’est ne pas être capable de choisir, c’est une crise qui passera, c’est de l’immaturité. Il y a aussi les regards concupiscents, oh, tu es bie, ce serait t llement l’fun d’avoir deux filles pour moi . Et ceux qui en ont eu peur, parce que c’est paniquant de se dire que je peux avoir du plaisir sans pénis, tu comprends. J’ai souvent été la copine avec qui les filles couchent « pour voir », pour une expérience, pour un plan à trois, pour. 
J’étais jamais vraiment tombée amoureuse. Pas consciemment. Pas complètement. Mais je savais que c’était là. Et si je me voyais faire ma vie (la « vraie », avec famille et enfants) avec un homme, il me semblait que quelque chose clochait quelque part. Que je ne pourrais pas me satisfaire d’un seul corps. D’un seul sexe. D’une seule peau. Qu’il y avait beaucoup trop à explorer, à rencontrer, à expérimenter pour se contenter d’aimer et de chérir une seule personne. L’aspect définitif – jusqu’à ce que la mort nous sépare – m’angoissait. 
Ça a été compliqué, je l’ai souvent dit. J’ai essayé, avec plus ou moins de conviction, de rentrer dans le moule. J’étais malheureuse, mais j’étais honnête, pourtant. Je n’ai pas « trompé », pas trahi l’exclusivité sexuelle implicite que requièrent les relations de notre 21e siècle. J’ai eu beaucoup d’histoires sans trop d’engagement, aussi, et c’était bizarrement celles dans lesquelles je m’épanouissais le plus, parce qu’il ne se posait pas de question de contrôle. Et puis on finissait parfois par essayer de rendre ça plus officiel, et ça s’effondrait lamentablement. 
En bref. J’ai fini par penser que j’étais pas faite pour la vie à deux. Pour le Grand Amour (note : j’y crois pas plus aujourd’hui). La romantique qui tombait facilement amoureuse a rangé ses idéaux, construit des murs bien épais autour de son coeur, et oublié le Prince Charmant. 
Et puis Montréal. 
C’est long et c’est court à expliquer. Il y a eu la conscience féministe . La liberté de vivre, la tolérance d’exister, d’agir, de baiser comme et qui on veut ici. Les « fréquentations », ce concept merveilleux qui n’engage rien (même concept que le dating aux États-Unis : c’est pas parce qu’on s’embrasse/qu’on couche ensemble/qu’on se voit 3 fois par semaine qu’on est ensemble avec les règles que ça implique, tant qu’on n’a rien explicité). Il y a eu une, et deux relations. L’idée que c’était possible de s’aimer, de se faire confiance, tout en ne s’interdisant rien. La possibilité de fréquenter plusieurs personnes en même temps sans se faire traiter de fille facile. Une fille. Un gars. Des amitiés améliorées. De la tendresse. Du sexe. Parfois plus. Ces différents partenaires au courant de l’existence des autres. Il ne manquait plus qu’à trouver quelqu’un avec qui construire un futur, sans renier cette liberté. 
Et puis Dany. Et puis Jess. Et puis .
</topic_text>
<spam_score>0.00</spam_score>
<post_num>1</post_num>
<post_id>post-1</post_id>
<post_url>http://mademoisellelane.com/2016/08/origine-polyamour/</post_url>
<post_date>20160830</post_date>
<post_time>2334</post_time>
<username>LaNe</username>
<post>
Alors voilà. Je suis polyamoureuse, et bisexuelle. Ou l’inverse, chronologiquement. 
Ça fait beaucoup de gros mots d’un coup, pardon. 
Faque. Je vais essayer d’expliquer. 
Je simplifie à bisexuelle parce qu’honnêtement (pardon pardon pardon pour celleux qui l’utilisent) les termes de pansexuel et autres étiquettes à visée inclusive m’ennuient grandement. J’ai pas la prétention d’être sexuellement/émotionnellement attirée par tous les genres, j’aime les garçons qui ressemblent à des garçons et les filles qui ressemblent à des filles. J’aime les filles parce qu’elles ont des seins des fesses des cheveux et la peau douce. J’aime les garçons parce que c’est fort parfois et sensible dedans, parce qu’ils ont des poils et des barbes et des mains d’hommes qui attrapent mes fesses différemment. 
Voilà, je suis pleine de sexisme dans mes attirances, et ce serait trop compliqué d’expliquer toutes les variances, tonalités, et le reste pour justifier en quoi c’est pas pour autant sexiste. Et tu sais quoi ? On s’en fout un peu pour la suite du propos. 
Je suis attirée par les filles ET les garçons depuis que j’ai commencé à avoir un univers érotique, comme une évidence. S’il y a eu plus de garçons qui sont arrivés dans mon lit, il y a toujours eu des filles dans mes fantasmes. Je n’ai jamais eu trop de questionnements à ce sujet, et par chance on ne m’a jamais reproché cette double attirance – on entend parfois qu’être bi.e, c’est ne pas être capable de choisir, c’est une crise qui passera, c’est de l’immaturité. Il y a aussi les regards concupiscents, oh, tu es bie, ce serait t llement l’fun d’avoir deux filles pour moi . Et ceux qui en ont eu peur, parce que c’est paniquant de se dire que je peux avoir du plaisir sans pénis, tu comprends. J’ai souvent été la copine avec qui les filles couchent « pour voir », pour une expérience, pour un plan à trois, pour. 
J’étais jamais vraiment tombée amoureuse. Pas consciemment. Pas complètement. Mais je savais que c’était là. Et si je me voyais faire ma vie (la « vraie », avec famille et enfants) avec un homme, il me semblait que quelque chose clochait quelque part. Que je ne pourrais pas me satisfaire d’un seul corps. D’un seul sexe. D’une seule peau. Qu’il y avait beaucoup trop à explorer, à rencontrer, à expérimenter pour se contenter d’aimer et de chérir une seule personne. L’aspect définitif – jusqu’à ce que la mort nous sépare – m’angoissait. 
Ça a été compliqué, je l’ai souvent dit. J’ai essayé, avec plus ou moins de conviction, de rentrer dans le moule. J’étais malheureuse, mais j’étais honnête, pourtant. Je n’ai pas « trompé », pas trahi l’exclusivité sexuelle implicite que requièrent les relations de notre 21e siècle. J’ai eu beaucoup d’histoires sans trop d’engagement, aussi, et c’était bizarrement celles dans lesquelles je m’épanouissais le plus, parce qu’il ne se posait pas de question de contrôle. Et puis on finissait parfois par essayer de rendre ça plus officiel, et ça s’effondrait lamentablement. 
En bref. J’ai fini par penser que j’étais pas faite pour la vie à deux. Pour le Grand Amour (note : j’y crois pas plus aujourd’hui). La romantique qui tombait facilement amoureuse a rangé ses idéaux, construit des murs bien épais autour de son coeur, et oublié le Prince Charmant. 
Et puis Montréal. 
C’est long et c’est court à expliquer. Il y a eu la conscience féministe . La liberté de vivre, la tolérance d’exister, d’agir, de baiser comme et qui on veut ici. Les « fréquentations », ce concept merveilleux qui n’engage rien (même concept que le dating aux États-Unis : c’est pas parce qu’on s’embrasse/qu’on couche ensemble/qu’on se voit 3 fois par semaine qu’on est ensemble avec les règles que ça implique, tant qu’on n’a rien explicité). Il y a eu une, et deux relations. L’idée que c’était possible de s’aimer, de se faire confiance, tout en ne s’interdisant rien. La possibilité de fréquenter plusieurs personnes en même temps sans se faire traiter de fille facile. Une fille. Un gars. Des amitiés améliorées. De la tendresse. Du sexe. Parfois plus. Ces différents partenaires au courant de l’existence des autres. Il ne manquait plus qu’à trouver quelqu’un avec qui construire un futur, sans renier cette liberté. 
Et puis Dany. Et puis Jess. Et puis .
</post>
<signature>

</signature>
<external_links>

</external_links>
<country>CA</country>
<main_image>https://s0.wp.com/i/blank.jpg</main_image>
</document>
