<?xml version="1.0" encoding="UTF-8"?>
<document>
<type>mainstream</type>
<forum>http://linux.softpedia.com/backend.xml</forum>
<forum_title>Softpedia Linux / All</forum_title>
<discussion_title>GNOME Control Center 3.20.1 / 3.22.0 Beta</discussion_title>
<language>english</language>
<gmt_offset></gmt_offset>
<topic_url>http://linux.softpedia.com/get/Desktop-Environment/Gnome/Gnome-Control-Center-28148.shtml</topic_url>
<topic_text>
LGPL (GNU Lesser General Public License) The main settings panel and command center application of the GNOME desktop environment GNOME Control Center is an open source project that allows GNOME users to control various aspects of their desktop environment, as well as of the Linux operating system on top of which GNOME is installed. The application provides a single, easily accessible place where users can interact with GNOME&apos;s settings. It is integrated into the GNOME desktop environment and can be accessed through the system tray area. Easy access to main GNOME settings The program is comprised of three main settings categories, such as Personal, Hardware and System. The Personal section includes the Background, Notifications, Online Accounts, Privacy, Region &amp; Language, and Search entries. The Hardware category includes Bluetooth, Color, Displays, Keyboard, Mouse &amp; Touchpad, Network, Power, Printers, Sound and Wacom Tablet. Lastly, the System category include Date &amp; Time, Details, Sharing, Universal Access and Users. Designed for new and experienced users It can be easily used by new and experienced users alike, so they can successfully configure various aspects of the GNOME desktop environment. Therefore, users will be able to change the desktop wallpaper, add or remove online accounts, change privacy, language and notification settings, configure the integrated search function, enable Bluetooth support, and configure their peripheral devices. Additionally, the application can be used to change the color profile and settings of your monitor, configure network connections, printers, wacom tablet, sound and power settings. Also, you can use it to change the default applications, set the date and time, add and remove users, or enable sharing. Also known as Unity Control Center Several well known Linux-based operating system forked the GNOME Control Center application, transforming it into their very own control center app. A popular example is the Ubuntu distribution, where GNOME Control Center is present in the form of Unity Control Center. Any GNOME user has interacted with the GNOME Control Center in a form or another to set various hardware components, change the wallpaper or even to add new users on their Linux system. GNOME Control Center   5.0 / 5
</topic_text>
<spam_score>0.00</spam_score>
<post_num>1</post_num>
<post_id>post-1</post_id>
<post_url>http://linux.softpedia.com/get/Desktop-Environment/Gnome/Gnome-Control-Center-28148.shtml</post_url>
<post_date>20160831</post_date>
<post_time>0034</post_time>
<username>Softpedia Linux</username>
<post>
LGPL (GNU Lesser General Public License) The main settings panel and command center application of the GNOME desktop environment GNOME Control Center is an open source project that allows GNOME users to control various aspects of their desktop environment, as well as of the Linux operating system on top of which GNOME is installed. The application provides a single, easily accessible place where users can interact with GNOME&apos;s settings. It is integrated into the GNOME desktop environment and can be accessed through the system tray area. Easy access to main GNOME settings The program is comprised of three main settings categories, such as Personal, Hardware and System. The Personal section includes the Background, Notifications, Online Accounts, Privacy, Region &amp; Language, and Search entries. The Hardware category includes Bluetooth, Color, Displays, Keyboard, Mouse &amp; Touchpad, Network, Power, Printers, Sound and Wacom Tablet. Lastly, the System category include Date &amp; Time, Details, Sharing, Universal Access and Users. Designed for new and experienced users It can be easily used by new and experienced users alike, so they can successfully configure various aspects of the GNOME desktop environment. Therefore, users will be able to change the desktop wallpaper, add or remove online accounts, change privacy, language and notification settings, configure the integrated search function, enable Bluetooth support, and configure their peripheral devices. Additionally, the application can be used to change the color profile and settings of your monitor, configure network connections, printers, wacom tablet, sound and power settings. Also, you can use it to change the default applications, set the date and time, add and remove users, or enable sharing. Also known as Unity Control Center Several well known Linux-based operating system forked the GNOME Control Center application, transforming it into their very own control center app. A popular example is the Ubuntu distribution, where GNOME Control Center is present in the form of Unity Control Center. Any GNOME user has interacted with the GNOME Control Center in a form or another to set various hardware components, change the wallpaper or even to add new users on their Linux system. GNOME Control Center   5.0 / 5
</post>
<signature>

</signature>
<external_links>

</external_links>
<country>US</country>
<main_image>http://i1-linux.softpedia-static.com/screenshots/Gnome-Control-Center_1.png</main_image>
</document>
