<?xml version="1.0" encoding="UTF-8"?>
<document>
<type>mainstream</type>
<forum></forum>
<forum_title></forum_title>
<discussion_title>Napoli faz proposta e Rodrigo Caio pode deixar o São Paulo</discussion_title>
<language>portuguese</language>
<gmt_offset></gmt_offset>
<topic_url>https://esportes.terra.com.br/sao-paulo/napoli-faz-proposta-e-rodrigo-caio-pode-deixar-o-sao-paulo,58cded689c2961688821f1ae2b24f9b58bzykpol.html</topic_url>
<topic_text>
Napoli faz proposta e Rodrigo Caio pode deixar o São Paulo Tiago Salazar comentários Rodrigo Caio pode estar próximo de realizar seu sonho de jogar na Europa. A dois dias do encerramento da janela de transferências, o São Paulo recebeu uma oferta do Napoli, da Itália, pelo zagueiro formado no CT de Cotia. A informação foi revelada pelo blog &quot;Ora Bolas&quot; e confirmada pela Gazeta Esportiva . saiba mais Sevilla faz &quot;proposta de Ganso&quot; para contratar Rodrigo Caio Avaliado pelo Tricolor em 15 milhões de euros (R$ 54,2 milhões), o camisa 3 foi valorizado após a conquista do título nos Jogos Olímpicos do Rio de Janeiro com a Seleção Brasileira e, com isso, nutre as expectativas de defender um grande clube do futebol europeu. Por outro lado, o São Paulo almeja fortalecer suas finanças com a venda de 80% dos direitos econômicos que possui do jogador. Os outros 20% são divididos entre Rodrigo Caio e o empresário Álvaro Serdeira. Na última semana, o Hamburgo, da Alemanha, fez uma proposta pelo atleta, que a rejeitou por preferir um clube com maior visibilidade, em que teria mais chances de ser convocado à Seleção principal. O italiano Milan sondou a situação do defensor de 23 anos, mas não chegou a enviar uma oferta ao clube do Morumbi. Certo é que Rodrigo Caio tinha a preferência pelo Sevilla, clube que contratou Paulo Henrique Ganso a pedido do técnico argentino Jorge Sampaoli. No entanto, a agremiação espanhola ofereceu 9 milhões de euros (cerca de R$ 32 milhões), quantia que não satisfez a diretoria tricolor. Defendendo o time profissional do São Paulo desde 2011, Rodrigo Caio vestiu a camisa tricolor em 177 partidas, marcando oito gols nesse período. No clube do Morumbi, o zagueiro foi campeão da Copa Sul-Americana de 2012. Gazeta Esportiva 
</topic_text>
<spam_score>0.58</spam_score>
<post_num>1</post_num>
<post_id>post-1</post_id>
<post_url>https://esportes.terra.com.br/sao-paulo/napoli-faz-proposta-e-rodrigo-caio-pode-deixar-o-sao-paulo,58cded689c2961688821f1ae2b24f9b58bzykpol.html</post_url>
<post_date>20160830</post_date>
<post_time></post_time>
<username>Tiago Salazar</username>
<post>
Napoli faz proposta e Rodrigo Caio pode deixar o São Paulo Tiago Salazar comentários Rodrigo Caio pode estar próximo de realizar seu sonho de jogar na Europa. A dois dias do encerramento da janela de transferências, o São Paulo recebeu uma oferta do Napoli, da Itália, pelo zagueiro formado no CT de Cotia. A informação foi revelada pelo blog &quot;Ora Bolas&quot; e confirmada pela Gazeta Esportiva . saiba mais Sevilla faz &quot;proposta de Ganso&quot; para contratar Rodrigo Caio Avaliado pelo Tricolor em 15 milhões de euros (R$ 54,2 milhões), o camisa 3 foi valorizado após a conquista do título nos Jogos Olímpicos do Rio de Janeiro com a Seleção Brasileira e, com isso, nutre as expectativas de defender um grande clube do futebol europeu. Por outro lado, o São Paulo almeja fortalecer suas finanças com a venda de 80% dos direitos econômicos que possui do jogador. Os outros 20% são divididos entre Rodrigo Caio e o empresário Álvaro Serdeira. Na última semana, o Hamburgo, da Alemanha, fez uma proposta pelo atleta, que a rejeitou por preferir um clube com maior visibilidade, em que teria mais chances de ser convocado à Seleção principal. O italiano Milan sondou a situação do defensor de 23 anos, mas não chegou a enviar uma oferta ao clube do Morumbi. Certo é que Rodrigo Caio tinha a preferência pelo Sevilla, clube que contratou Paulo Henrique Ganso a pedido do técnico argentino Jorge Sampaoli. No entanto, a agremiação espanhola ofereceu 9 milhões de euros (cerca de R$ 32 milhões), quantia que não satisfez a diretoria tricolor. Defendendo o time profissional do São Paulo desde 2011, Rodrigo Caio vestiu a camisa tricolor em 177 partidas, marcando oito gols nesse período. No clube do Morumbi, o zagueiro foi campeão da Copa Sul-Americana de 2012. Gazeta Esportiva 
</post>
<signature>

</signature>
<external_links>

</external_links>
<country>US</country>
<main_image>http://p2.trrsf.com/image/fget/cf/600/600/s1.trrsf.com/atm/3/core/_img/terra-logo-white-bg-v3.jpg</main_image>
</document>
