<?xml version="1.0" encoding="UTF-8"?>
<document>
<type>mainstream</type>
<forum>http://feeds.feedburner.com/eluniversal/ctg_nal</forum>
<forum_title>EL UNIVERSAL - Colombia</forum_title>
<discussion_title>Así hará Cambio Radical campaña por el Sí</discussion_title>
<language>spanish</language>
<gmt_offset></gmt_offset>
<topic_url>http://www.eluniversal.com.co/colombia/asi-hara-cambio-radical-campana-por-el-si-234474</topic_url>
<topic_text>
Así hará Cambio Radical campaña por el Sí COLPRENSA 30 de Agosto de 2016 03:16 pm Carlos Fernando Motoa, Senador por Cambio Radical. // Colprensa - A A + A 
Mientras que este martes aún seguían las críticas al jefe del partido, el vicepresidente Germán Vargas, por sus cuestionamientos a algunos puntos del acuerdo final con las FARC, en Cambio Radical ya tienen lista la estrategia para hacer campaña por el sí. 
De acuerdo con el presidente y senador de la Comisión Primera, Carlos Fernando Motoa, en Cambio Radical siempre ha habido la voluntad de acompañar el proceso de paz del presidente, y que desde el Congreso así se demostró en todo momento. 
“Como lo hemos demostrado en las votaciones en el Congreso, acompañamos el plebiscito, votamos por el Sí y hacemos ese llamado a la ciudadanía para que participe y hagamos realidad el sueño de tener paz en Colombia”, dijo el presidente de la Comisión Primera. 
Motoa explicó que al interior de Cambio Radical ya se han dispuesto algunos mecanismos de cómo se hará la campaña por el plebiscito en este mes. 
“Vamos a hacer campaña por el Sí, algunos miembros del partido han convocado a los directorios departamentales y municipales y estamos sintonizados con esa aprobación del plebiscito”. 
Explicó que se esperan conocer algunas observaciones y discusiones se presentarán, una vez inicie el trámite de los acuerdos en las comisiones respectivas. 
Incluso manifestó que “no es nada oculto y no se puede desconocer que algunos miembros del Congreso o algunos funcionarios del Gobierno Nacional o que otras autoridades hagan observaciones sobre lo que el Gobierno y las FARC han acordado y esas discusiones enriquecen el debate público y fortalecen el proceso de paz”. Notas recomendadas
</topic_text>
<spam_score>0.00</spam_score>
<post_num>1</post_num>
<post_id>post-1</post_id>
<post_url>http://www.eluniversal.com.co/colombia/asi-hara-cambio-radical-campana-por-el-si-234474</post_url>
<post_date>20160830</post_date>
<post_time>2016</post_time>
<username>sestrada</username>
<post>
Así hará Cambio Radical campaña por el Sí COLPRENSA 30 de Agosto de 2016 03:16 pm Carlos Fernando Motoa, Senador por Cambio Radical. // Colprensa - A A + A 
Mientras que este martes aún seguían las críticas al jefe del partido, el vicepresidente Germán Vargas, por sus cuestionamientos a algunos puntos del acuerdo final con las FARC, en Cambio Radical ya tienen lista la estrategia para hacer campaña por el sí. 
De acuerdo con el presidente y senador de la Comisión Primera, Carlos Fernando Motoa, en Cambio Radical siempre ha habido la voluntad de acompañar el proceso de paz del presidente, y que desde el Congreso así se demostró en todo momento. 
“Como lo hemos demostrado en las votaciones en el Congreso, acompañamos el plebiscito, votamos por el Sí y hacemos ese llamado a la ciudadanía para que participe y hagamos realidad el sueño de tener paz en Colombia”, dijo el presidente de la Comisión Primera. 
Motoa explicó que al interior de Cambio Radical ya se han dispuesto algunos mecanismos de cómo se hará la campaña por el plebiscito en este mes. 
“Vamos a hacer campaña por el Sí, algunos miembros del partido han convocado a los directorios departamentales y municipales y estamos sintonizados con esa aprobación del plebiscito”. 
Explicó que se esperan conocer algunas observaciones y discusiones se presentarán, una vez inicie el trámite de los acuerdos en las comisiones respectivas. 
Incluso manifestó que “no es nada oculto y no se puede desconocer que algunos miembros del Congreso o algunos funcionarios del Gobierno Nacional o que otras autoridades hagan observaciones sobre lo que el Gobierno y las FARC han acordado y esas discusiones enriquecen el debate público y fortalecen el proceso de paz”. Notas recomendadas
</post>
<signature>

</signature>
<external_links>

</external_links>
<country>CO</country>
<main_image>http://www.eluniversal.com.co/sites/default/files/201608/colp_066877_d933c.jpg</main_image>
</document>
