<?xml version="1.0" encoding="UTF-8"?>
<document>
<type>mainstream</type>
<forum>http://www.pressen.se/rss.php?topp=Inrikes</forum>
<forum_title>Inrikes - Toppnyheter via RSS</forum_title>
<discussion_title>Oförutsägbar påve en polisutmaning</discussion_title>
<language>swedish</language>
<gmt_offset></gmt_offset>
<topic_url>http://www.pressen.se/6360393.html</topic_url>
<topic_text>
Oförutsägbar påve en polisutmaning 
Höstens historiska påvebesök i Lund och Malmö är en utmaning för svensk polis. – Vad vi har förstått är han ju lite oförutsägbar, säger kommenderingschefen..
</topic_text>
<spam_score>0.00</spam_score>
<post_num>1</post_num>
<post_id>post-1</post_id>
<post_url>http://www.pressen.se/6360393.html</post_url>
<post_date>20160831</post_date>
<post_time></post_time>
<username>DN</username>
<post>
Oförutsägbar påve en polisutmaning 
Höstens historiska påvebesök i Lund och Malmö är en utmaning för svensk polis. – Vad vi har förstått är han ju lite oförutsägbar, säger kommenderingschefen..
</post>
<signature>

</signature>
<external_links>

</external_links>
<country>SE</country>
<main_image>http://www.pressen.se/images/nyhet.jpeg</main_image>
</document>
