<?xml version="1.0" encoding="UTF-8"?>
<document>
<type>mainstream</type>
<forum>http://www.journaldemontreal.com//rss.xml</forum>
<forum_title>Accueil</forum_title>
<discussion_title>Greg Sutton n&apos;ambitionne pas de devenir entraîneur chez les professionnels</discussion_title>
<language>french</language>
<gmt_offset></gmt_offset>
<topic_url>http://www.journaldemontreal.com/2016/08/30/greg-sutton-nambitionne-pas-de-devenir-entraineur-chez-les-professionnels</topic_url>
<topic_text>
Greg Sutton n&apos;ambitionne pas de devenir entraîneur chez les professionnels Autres Mardi, 30 août 2016 19:12 MISE à JOUR Mardi, 30 août 2016 19:12 Coup d&apos;oeil sur cet article 
Greg Sutton a beaucoup de plaisir à diriger les Stingers de Concordia et pour lui, ce n’est pas une façon de se propulser vers les rangs professionnels. 
«Je suis satisfait de ce que j’ai et j’ai encore du temps pour retourner à la maison et ne pas être trop souvent au bureau ou sur le terrain», explique-t-il. 
«Une des choses qui ne me manquent pas du soccer professionnel, ce sont les voyages. 
«Les entraîneurs travaillent beaucoup et ça gruge beaucoup de temps et ils ne sont probablement pas payés pour ce qu’ils valent.» 
Passion 
Sutton, qui est aussi représentant pour le Québec et l’est de l’Ontario pour le fabricant d’articles de soccer Umbro, dirige une équipe universitaire par passion. 
«C’est un défi, je le fais simplement parce que j’aime ça. J’aime travailler avec eux parce qu’ils veulent tous apprendre et qu’ils veulent tous devenir meilleurs.» 
Sa passion l’a amenéà bâtir une équipe qu’il croit capable de rivaliser pour une place en séries après avoir terminée avant-dernière, en 2015. 
«Nous sommes en position pour penser à se battre pour un titre provincial ou national. Si nous ne faisons pas les séries, je vais être déçu», admet Sutton qui a recruté ses joueurs dans la grande région de Montréal, mais aussi à l’étranger. 
Profondeur 
On sent qu’il aime beaucoup le format du soccer universitaire. 
«Ce que j’aime de cette ligue, c’est que c’est une saison de 12 matchs, chaque match compte», souligne Sutton dont les Stingers vont amorcer leur saison samedi contre les Redmen de McGill. 
Il est surtout content d’avoir maintenant une belle profondeur sur laquelle compter. 
«Nous avions besoin de bâtir un groupe de 17 ou 18 joueurs assez solides parce que nous jouons les vendredis et les dimanches. 
«Sans profondeur, il est difficile de bien jouer le dimanche. Notre fiche du vendredi le prouve parce que nous gagnions beaucoup le vendredi et nous arrivions épuisés lors des matchs du dimanche.»
</topic_text>
<spam_score>0.00</spam_score>
<post_num>1</post_num>
<post_id>post-1</post_id>
<post_url>http://www.journaldemontreal.com/2016/08/30/greg-sutton-nambitionne-pas-de-devenir-entraineur-chez-les-professionnels</post_url>
<post_date>20160830</post_date>
<post_time>2312</post_time>
<username></username>
<post>
Greg Sutton n&apos;ambitionne pas de devenir entraîneur chez les professionnels Autres Mardi, 30 août 2016 19:12 MISE à JOUR Mardi, 30 août 2016 19:12 Coup d&apos;oeil sur cet article 
Greg Sutton a beaucoup de plaisir à diriger les Stingers de Concordia et pour lui, ce n’est pas une façon de se propulser vers les rangs professionnels. 
«Je suis satisfait de ce que j’ai et j’ai encore du temps pour retourner à la maison et ne pas être trop souvent au bureau ou sur le terrain», explique-t-il. 
«Une des choses qui ne me manquent pas du soccer professionnel, ce sont les voyages. 
«Les entraîneurs travaillent beaucoup et ça gruge beaucoup de temps et ils ne sont probablement pas payés pour ce qu’ils valent.» 
Passion 
Sutton, qui est aussi représentant pour le Québec et l’est de l’Ontario pour le fabricant d’articles de soccer Umbro, dirige une équipe universitaire par passion. 
«C’est un défi, je le fais simplement parce que j’aime ça. J’aime travailler avec eux parce qu’ils veulent tous apprendre et qu’ils veulent tous devenir meilleurs.» 
Sa passion l’a amenéà bâtir une équipe qu’il croit capable de rivaliser pour une place en séries après avoir terminée avant-dernière, en 2015. 
«Nous sommes en position pour penser à se battre pour un titre provincial ou national. Si nous ne faisons pas les séries, je vais être déçu», admet Sutton qui a recruté ses joueurs dans la grande région de Montréal, mais aussi à l’étranger. 
Profondeur 
On sent qu’il aime beaucoup le format du soccer universitaire. 
«Ce que j’aime de cette ligue, c’est que c’est une saison de 12 matchs, chaque match compte», souligne Sutton dont les Stingers vont amorcer leur saison samedi contre les Redmen de McGill. 
Il est surtout content d’avoir maintenant une belle profondeur sur laquelle compter. 
«Nous avions besoin de bâtir un groupe de 17 ou 18 joueurs assez solides parce que nous jouons les vendredis et les dimanches. 
«Sans profondeur, il est difficile de bien jouer le dimanche. Notre fiche du vendredi le prouve parce que nous gagnions beaucoup le vendredi et nous arrivions épuisés lors des matchs du dimanche.»
</post>
<signature>

</signature>
<external_links>

</external_links>
<country>US</country>
<main_image>http://storage.journaldemontreal.com/v1/dynamic_resize/sws_path/jdx-prod-images/cc9952ae-0c48-4e3e-b816-a38f5269abee_JDX-2x1_WEB.jpg?quality=80&amp;size=1200x&amp;version=1</main_image>
</document>
