<?xml version="1.0" encoding="UTF-8"?>
<document>
<type>mainstream</type>
<forum>http://baohomnay.com/rss</forum>
<forum_title>Tin Tức</forum_title>
<discussion_title>Ngoại trưởng Philippines: &apos;Trung Quốc sẽ thua nếu không tuân thủ phán quyết&apos;</discussion_title>
<language>vietnamese</language>
<gmt_offset></gmt_offset>
<topic_url>http://www.tinnhanhne.net/The-gioi/Ngoai-truong-Philippines-Trung-Quoc-se-thua-neu-khong-tuan-thu-phan-quyet-602556.html</topic_url>
<topic_text>
Ngoại trưởng Philippines: &apos;Trung Quốc sẽ thua nếu không tuân thủ phán quyết&apos;  43 Ngoại trưởng Philippines Perfecto Yasay. Ảnh: GMA &quot;Chúng tôi đang cố gắng để làm cho Trung Quốc hiểu rằng nếu họ không tôn trọng và công nhận phán quyết của tòa thì cuối cùng họ sẽ là bên thua cuộc&quot;, Ngoại trưởng Philippines Perfecto Yasay nói trong một phiên điều trần của quốc hội hôm 30/8. Trước khi bắt đầu các cuộc đàm phán song phương, Philippines có kế hoạch đạt được một thỏa thuận với Trung Quốc để cho phép ngư dân Philippines tiếp cận vùng biển giàu tài nguyên, ông Yasay nói. Trung Quốc kiểm soát bãi cạn Scarborough từ năm 2012 và ngăn cản ngư dân Philippines tiếp cận thực thể này, một trong những yếu tố khiến Manila đưa vấn đề ra Tòa Trọng tài. &quot;Khi chúng tôi bắt đầu đàm phán chính thức hoặc cam kết song phương với Trung Quốc, chúng tôi phải nhắc đến phán quyết của Tòa Trọng tài như cơ sở khi làm điều đó. Không có ngoại lệ nào&quot;, ông Yasay nói. Trung Quốc tuyên bố chủ quyền với hầu hết diện tích Biển Đông bằng &quot;đường lưỡi bò&quot; tự vẽ ra, chồng lấn lên vùng biển các nước láng giềng. Trong phán quyết ngày 12/7 đối với vụ kiện của Philippines, Tòa Trọng tài cho rằng Trung Quốc không có cơ sở pháp lý để đòi quyền lịch sử với các nguồn tài nguyên bên trong yêu sách &quot;đường lưỡi bò&quot;.
</topic_text>
<spam_score>0.00</spam_score>
<post_num>1</post_num>
<post_id>post-1</post_id>
<post_url>http://www.tinnhanhne.net/The-gioi/Ngoai-truong-Philippines-Trung-Quoc-se-thua-neu-khong-tuan-thu-phan-quyet-602556.html</post_url>
<post_date>20160831</post_date>
<post_time>0008</post_time>
<username></username>
<post>
Ngoại trưởng Philippines: &apos;Trung Quốc sẽ thua nếu không tuân thủ phán quyết&apos;  43 Ngoại trưởng Philippines Perfecto Yasay. Ảnh: GMA &quot;Chúng tôi đang cố gắng để làm cho Trung Quốc hiểu rằng nếu họ không tôn trọng và công nhận phán quyết của tòa thì cuối cùng họ sẽ là bên thua cuộc&quot;, Ngoại trưởng Philippines Perfecto Yasay nói trong một phiên điều trần của quốc hội hôm 30/8. Trước khi bắt đầu các cuộc đàm phán song phương, Philippines có kế hoạch đạt được một thỏa thuận với Trung Quốc để cho phép ngư dân Philippines tiếp cận vùng biển giàu tài nguyên, ông Yasay nói. Trung Quốc kiểm soát bãi cạn Scarborough từ năm 2012 và ngăn cản ngư dân Philippines tiếp cận thực thể này, một trong những yếu tố khiến Manila đưa vấn đề ra Tòa Trọng tài. &quot;Khi chúng tôi bắt đầu đàm phán chính thức hoặc cam kết song phương với Trung Quốc, chúng tôi phải nhắc đến phán quyết của Tòa Trọng tài như cơ sở khi làm điều đó. Không có ngoại lệ nào&quot;, ông Yasay nói. Trung Quốc tuyên bố chủ quyền với hầu hết diện tích Biển Đông bằng &quot;đường lưỡi bò&quot; tự vẽ ra, chồng lấn lên vùng biển các nước láng giềng. Trong phán quyết ngày 12/7 đối với vụ kiện của Philippines, Tòa Trọng tài cho rằng Trung Quốc không có cơ sở pháp lý để đòi quyền lịch sử với các nguồn tài nguyên bên trong yêu sách &quot;đường lưỡi bò&quot;.
</post>
<signature>

</signature>
<external_links>

</external_links>
<country>US</country>
<main_image>http://img.f29.vnecdn.net/2016/08/31/640-ZZZ-071216-2-b-2016-07-12-8395-2911-1472603837_180x108.jpg</main_image>
</document>
