<?xml version="1.0" encoding="UTF-8"?>
<document>
<type>mainstream</type>
<forum></forum>
<forum_title></forum_title>
<discussion_title>想要有第二个爹地？金钱爱情包养学 — 爱之思 - 爱之思</discussion_title>
<language>chinese</language>
<gmt_offset></gmt_offset>
<topic_url>http://sex.aizhisi.com/uncategorized/jin-qian-ai-qing-bao-yang-xue-nu-hai-men-xiang-yao-di-er-ge-die-di</topic_url>
<topic_text>
admin 10小时前 未分类 | 抢沙发 0 文章评分 0 次，平均分 0.0 ： 导语： 为何现代这么多女生期望寻求一段包养的关系？包养中会有爱情吗？还是只是单纯的利益交换？ 爱之思小编说： 
最近台湾包养的风气日盛，在网路广告或者言谈间不时听到相关的话题，想被包养的人常戏称自己要找第二个 爹地 。为何现代这么多女生期望寻求一段包养的关系？包养中会有 爱情 吗？还是只是单纯的利益交换？包养中的 金钱 和 爱情 又该如何衡量？如果你也曾疑惑过这种特殊的关系，就听听小编跟你聊聊女孩们心中的包养是什么吧！ 
今天花了比平常多三十分钟的时间打扮，用不同气味的香水，特地选了树莓的甜香。涂抹耳后时，我想了很久，想你那天在我耳旁说过的话。这次见面距离上次已经过了两个多礼拜。“这个月，我会比较忙，大概要等到月底才有空。”你看着我很久才说出这句话。我把你的西装调整齐，凑上去吻了你口，没有回应你。 
一月个四、五次的约会，彼此都保有各自的空间。最近几个月有留心到跟你相处时你的体贴。我站在熟悉街头转角，等你开车赴约。过没多久，我认出车牌，看到你开近我停了下来。我打开门，你笑容依旧，但好像有点累，有点老去。 
“今天想去哪里？”你带笑一问。坐进车子后，我先在你的脸颊上深吻许久。“怎么了吗？”你有点惊讶。“你上次不是说要带我去喝有特别口味的甜酒？”我岔开话题。你将车子直直往前开，逐渐偏离我们平常熟悉的路。 
你还是忍不住问了一句：“今天，你看起来不太一样。特别美。”我淡淡一笑，只是往前看，期待起今晚的约会，但也开始担心可不可以就这样依赖着你，一直下去？我想着想着，你的车也驶进灯色模糊的街景中 
这是夜幕低垂之后，偶尔在街头上演的情节，也许你不曾留意这种一方供给性与温暖，另一方提供 金钱 与帮助的交换关系，处处在城市里醒目的地方、不为人知的地方上演。这类形式的情欲流动，就是你常听见的包养。 
包养是近几年在台湾逐渐流行的特殊情欲关系，一个月相约见面几次，索求体温。但看似一方提供 金钱 ，一方提供陪伴的互动下，其实还有许多潜在的情感与相处。 
只谈钱，只谈性，不谈感情。这是真的吗？这些走入包养关系的女孩们心里对包养的态度是如何？他们为何会走入包养呢？小编寻访已久，问朋友、问网友，问身边的人，统整访问后，想先跟大家聊聊可以接受包养的女孩们认为包养在他们心目中是什么。 小编的包养调查手记 
朋友S：“完成梦想吧！到国外度假，出国留学，在美丽的海滩旁享受优闲的下午都需要钱。但碍于现实因素，一直无法无法追梦。如果有个愿意帮助自己完成梦想的人，何乐而不为呢？” 
不再相信爱情 
朋友H：“经过几段惨烈的感情之后，我觉得感情这种东西真的是强求不来，也不是认真经营就能得到幸福。现在将感情看淡，决定先用全部的时间提升自己：工作也好，收入也好。所以能够提供稳定情感跟 金钱 的包养者，当然是不错选项之一。” 
别浪费，享受人生吧！ 
网友G：“人生就是要追求让自己最快乐的事！如果有个人能够提供你稳定的高收入，当然要跟着他，这样往后的日子也会过得比较轻松。薪水少少，又要每天加班的工作，哪时候才能享受人生？” 
可以靠自己努力的高CP工作 
</topic_text>
<spam_score>0.00</spam_score>
<post_num>1</post_num>
<post_id>post-1</post_id>
<post_url>http://sex.aizhisi.com/uncategorized/jin-qian-ai-qing-bao-yang-xue-nu-hai-men-xiang-yao-di-er-ge-die-di</post_url>
<post_date>20160831</post_date>
<post_time></post_time>
<username></username>
<post>
admin 10小时前 未分类 | 抢沙发 0 文章评分 0 次，平均分 0.0 ： 导语： 为何现代这么多女生期望寻求一段包养的关系？包养中会有爱情吗？还是只是单纯的利益交换？ 爱之思小编说： 
最近台湾包养的风气日盛，在网路广告或者言谈间不时听到相关的话题，想被包养的人常戏称自己要找第二个 爹地 。为何现代这么多女生期望寻求一段包养的关系？包养中会有 爱情 吗？还是只是单纯的利益交换？包养中的 金钱 和 爱情 又该如何衡量？如果你也曾疑惑过这种特殊的关系，就听听小编跟你聊聊女孩们心中的包养是什么吧！ 
今天花了比平常多三十分钟的时间打扮，用不同气味的香水，特地选了树莓的甜香。涂抹耳后时，我想了很久，想你那天在我耳旁说过的话。这次见面距离上次已经过了两个多礼拜。“这个月，我会比较忙，大概要等到月底才有空。”你看着我很久才说出这句话。我把你的西装调整齐，凑上去吻了你口，没有回应你。 
一月个四、五次的约会，彼此都保有各自的空间。最近几个月有留心到跟你相处时你的体贴。我站在熟悉街头转角，等你开车赴约。过没多久，我认出车牌，看到你开近我停了下来。我打开门，你笑容依旧，但好像有点累，有点老去。 
“今天想去哪里？”你带笑一问。坐进车子后，我先在你的脸颊上深吻许久。“怎么了吗？”你有点惊讶。“你上次不是说要带我去喝有特别口味的甜酒？”我岔开话题。你将车子直直往前开，逐渐偏离我们平常熟悉的路。 
你还是忍不住问了一句：“今天，你看起来不太一样。特别美。”我淡淡一笑，只是往前看，期待起今晚的约会，但也开始担心可不可以就这样依赖着你，一直下去？我想着想着，你的车也驶进灯色模糊的街景中 
这是夜幕低垂之后，偶尔在街头上演的情节，也许你不曾留意这种一方供给性与温暖，另一方提供 金钱 与帮助的交换关系，处处在城市里醒目的地方、不为人知的地方上演。这类形式的情欲流动，就是你常听见的包养。 
包养是近几年在台湾逐渐流行的特殊情欲关系，一个月相约见面几次，索求体温。但看似一方提供 金钱 ，一方提供陪伴的互动下，其实还有许多潜在的情感与相处。 
只谈钱，只谈性，不谈感情。这是真的吗？这些走入包养关系的女孩们心里对包养的态度是如何？他们为何会走入包养呢？小编寻访已久，问朋友、问网友，问身边的人，统整访问后，想先跟大家聊聊可以接受包养的女孩们认为包养在他们心目中是什么。 小编的包养调查手记 
朋友S：“完成梦想吧！到国外度假，出国留学，在美丽的海滩旁享受优闲的下午都需要钱。但碍于现实因素，一直无法无法追梦。如果有个愿意帮助自己完成梦想的人，何乐而不为呢？” 
不再相信爱情 
朋友H：“经过几段惨烈的感情之后，我觉得感情这种东西真的是强求不来，也不是认真经营就能得到幸福。现在将感情看淡，决定先用全部的时间提升自己：工作也好，收入也好。所以能够提供稳定情感跟 金钱 的包养者，当然是不错选项之一。” 
别浪费，享受人生吧！ 
网友G：“人生就是要追求让自己最快乐的事！如果有个人能够提供你稳定的高收入，当然要跟着他，这样往后的日子也会过得比较轻松。薪水少少，又要每天加班的工作，哪时候才能享受人生？” 
可以靠自己努力的高CP工作 
</post>
<signature>

</signature>
<external_links>

</external_links>
<country>CN</country>
<main_image>http://pingimg.aizhisi.com/ep/womany_6206386443_ee84745c8a_b_1472556444-744-4612.jpg</main_image>
</document>
