<?xml version="1.0" encoding="UTF-8"?>
<document>
<type>mainstream</type>
<forum>http://feeds.feedburner.com/ReligionNewsHeadlines-YahooNews</forum>
<forum_title>Religion News Headlines - Yahoo! News</forum_title>
<discussion_title>Egyptian parliament approves long-awaited church building law</discussion_title>
<language>english</language>
<gmt_offset></gmt_offset>
<topic_url>https://www.yahoo.com/news/egyptian-parliament-approves-long-awaited-church-building-law-192503873.html?ref=gs</topic_url>
<topic_text>
By Ahmed Aboulenein and Mohamed Abdellah CAIRO (Reuters) - Egypt&apos;s parliament approved on Tuesday a long-awaited law that governs building and renovating churches, an issue that has led in the past to attacks on members the country&apos;s Christian minority by Muslim militants.
Egyptian Christians make up about a tenth of the country&apos;s 90 million population and are the Middle East&apos;s largest Christian community. They have long complained of discrimination in the majority-Muslim country.
The new law empowers provincial governors to approve church building and renovation permits, previously the domain of security services.
Church officials see it as a step in the right direction but human rights advocates and some Christian Members of Parliament said it was prejudiced.
&quot;This is a sectarian law that shows the state prefers the adherents of one religion over another,&quot; Ishak Ibrahim of the Egyptian Initiative for Personal Rights told Reuters.
Activists have long campaigned for a unified places of worship law to govern mosques and churches.
&quot;A unified law would show that the state protects the rights of all its citizens equally,&quot; said Ibrahim. &quot;It would send a message to extremists.&quot;
The law on mosque building, issued in 2001, is much less restrictive and only discusses issues of land ownership and building regulations.
In contrast, the law approved on Tuesday stipulates that the size of a church must be proportional to the number of Christians in an area which Ibrahim says is problematic.
The government does not make the official number of Christians public in its census and Christians have long complained of being undercounted. Emad Gad, a Christian MP, demanded the stipulation be removed, but it made it into the final version of the law.
The law grants a governor the right to deny a building or renovation permit which was described as &quot;poisonous&quot; during the debate by MP Reda Nadeef, a Christian.
Sectarian violence often erupts on the back of suspicions that Christians are building churches.
Homes are burned, crops are razed, churches are attacked and, occasionally, Christians are forced to leave their villages, say human rights groups and residents.
The law is suitable provided officials are well intentioned, said Bishop Makarios, the highest Coptic Orthodox Church official in Minya, a southern province home to Egypt&apos;s largest Christian community.
This was echoed by officials from other sects. The law is &quot;a massive jump after 160 years of legislation governing church building and renovation,&quot; said Father Rafik Greish, a spokesman for the Coptic Catholic Church, referring to the Ottoman-era laws governing this matter.
All nine representatives from the ultra-conservative Islamist Nour Party voted against the law.
&quot;Our country is Islamic, the constitution does not say it is Christian. When the West treats mosques the way they treat churches we will say yes,&quot; said Nour MP Ahmed al-Agrawy.
</topic_text>
<spam_score>0.00</spam_score>
<post_num>3</post_num>
<post_id>post-3</post_id>
<post_url>https://www.yahoo.com/news/egyptian-parliament-approves-long-awaited-church-building-law-192503873.html?ref=gs</post_url>
<post_date>20160831</post_date>
<post_time></post_time>
<username>R</username>
<post>
mosque in America and Europe should be face the same road blocks as Christians in mussie countries face. Where are the sorry A-- bleeding heart liberals in the west protesting for the safety of Christians??? oh they are protesting the burkini ban
</post>
<signature>

</signature>
<external_links>

</external_links>
<country>US</country>
<main_image>https://s.yimg.com/os/mit/media/m/social/images/social_default_logo-1481777.png</main_image>
</document>
