<?xml version="1.0" encoding="UTF-8"?>
<document>
<type>mainstream</type>
<forum></forum>
<forum_title></forum_title>
<discussion_title>Why does my Micromax Canvas Pacec always say error while searching network?</discussion_title>
<language>english</language>
<gmt_offset></gmt_offset>
<topic_url>http://www.cellphones.ca/answers/it-always-says-error-while-searching-network-when-i-search-for-4g-network-in-canvas-pace-4g-9184/</topic_url>
<topic_text>
28 Aug 2016 04:20 Why does my Micromax Canvas Pacec always say error while searching network? 
it always says &apos;&apos;error while searching network&apos;&apos; when i search for 4g network in canvas pace 4g the problem is from the day when I bought this phone 
</topic_text>
<spam_score>0.60</spam_score>
<post_num>1</post_num>
<post_id>post-1</post_id>
<post_url>http://www.cellphones.ca/answers/it-always-says-error-while-searching-network-when-i-search-for-4g-network-in-canvas-pace-4g-9184/</post_url>
<post_date>20160828</post_date>
<post_time></post_time>
<username></username>
<post>
28 Aug 2016 04:20 Why does my Micromax Canvas Pacec always say error while searching network? 
it always says &apos;&apos;error while searching network&apos;&apos; when i search for 4g network in canvas pace 4g the problem is from the day when I bought this phone 
</post>
<signature>

</signature>
<external_links>

</external_links>
<country>CA</country>
<main_image>http://www.cellphones.ca/images/css/home/img_gallery_12.jpg</main_image>
</document>
