<?xml version="1.0" encoding="UTF-8"?>
<document>
<type>mainstream</type>
<forum>http://rzeszowiak.pl//rss/Praca-Zatrudnie.xml</forum>
<forum_title>Praca www.rzeszowiak.pl</forum_title>
<discussion_title>Pracownik myjni samochodowej ...</discussion_title>
<language>polish</language>
<gmt_offset></gmt_offset>
<topic_url>http://www.rzeszowiak.pl/zatrudnie-osobe-na-stanowisko-pracownik-myjni-samochodowej-do-8328717</topic_url>
<topic_text>
1500 PLN Treść ogłoszenia Zatrudnię osobę na stanowisko pracownik myjni samochodowej. Do obowiązków pracownika należ
</topic_text>
<spam_score>0.00</spam_score>
<post_num>1</post_num>
<post_id>post-1</post_id>
<post_url>http://www.rzeszowiak.pl/zatrudnie-osobe-na-stanowisko-pracownik-myjni-samochodowej-do-8328717</post_url>
<post_date>20160830</post_date>
<post_time>0651</post_time>
<username>Pracownik myjni samochodowej</username>
<post>
1500 PLN Treść ogłoszenia Zatrudnię osobę na stanowisko pracownik myjni samochodowej. Do obowiązków pracownika należ
</post>
<signature>

</signature>
<external_links>

</external_links>
<country>PL</country>
<main_image></main_image>
</document>
