<?xml version="1.0" encoding="UTF-8"?>
<document>
<type>mainstream</type>
<forum>http://feeds.feedburner.com/shipandbunker</forum>
<forum_title>Ship &amp; Bunker</forum_title>
<discussion_title>Australia Player Expands Physical Supply Operations</discussion_title>
<language>english</language>
<gmt_offset></gmt_offset>
<topic_url>http://shipandbunker.com/news/apac/599016-australia-player-expands-physical-supply-operations</topic_url>
<topic_text>
Australia Player Expands Physical Supply Operations   
IBS says it will offer IFO 180 cSt and MGO in the Port of Townsville, effective immediately. 
International Bunker Supplies (IBS) Tuesday announced that it will offer IFO 180 cSt and MGO in the Australian port of Townsville , effective immediately. 
&quot;Initially supply of IFO180cst will be via pipeline to ships at berth 1 only,&quot; explained Mark Patman , IBS CEO. 
&quot;We are in the process of working with the terminal operator to build a truck loading gantry specifically for fuel oil and this will enable us to supply at most berths, which will allow truck access as well as ports near to Townsville, such, such as Cairns.&quot; 
The truck loading gantry for fuel oil is expected to be operational from late October of this year, while MGO deliveries will also be via truck and are already available to all accessible berths. “ 
Initially supply of IFO180cst will be via pipeline to ships at berth 1 only Mark Patman, CEO, IBS 
IBS says it is also planning to reinstate the fuel oil delivery pipeline to Townsville berth 2 and 3, but Patman says there is no firm date for this but it &quot;will take some time&quot; to be operational. 
The company also supplies bunkers at the country&apos;s Port of Gladstone and, more recently, the Port of Darwin . 
IBS says it will continue to expand its presence in niche bunker supply locations. 
 
</topic_text>
<spam_score>0.00</spam_score>
<post_num>1</post_num>
<post_id>post-1</post_id>
<post_url>http://shipandbunker.com/news/apac/599016-australia-player-expands-physical-supply-operations</post_url>
<post_date>20160830</post_date>
<post_time>1818</post_time>
<username></username>
<post>
Australia Player Expands Physical Supply Operations   
IBS says it will offer IFO 180 cSt and MGO in the Port of Townsville, effective immediately. 
International Bunker Supplies (IBS) Tuesday announced that it will offer IFO 180 cSt and MGO in the Australian port of Townsville , effective immediately. 
&quot;Initially supply of IFO180cst will be via pipeline to ships at berth 1 only,&quot; explained Mark Patman , IBS CEO. 
&quot;We are in the process of working with the terminal operator to build a truck loading gantry specifically for fuel oil and this will enable us to supply at most berths, which will allow truck access as well as ports near to Townsville, such, such as Cairns.&quot; 
The truck loading gantry for fuel oil is expected to be operational from late October of this year, while MGO deliveries will also be via truck and are already available to all accessible berths. “ 
Initially supply of IFO180cst will be via pipeline to ships at berth 1 only Mark Patman, CEO, IBS 
IBS says it is also planning to reinstate the fuel oil delivery pipeline to Townsville berth 2 and 3, but Patman says there is no firm date for this but it &quot;will take some time&quot; to be operational. 
The company also supplies bunkers at the country&apos;s Port of Gladstone and, more recently, the Port of Darwin . 
IBS says it will continue to expand its presence in niche bunker supply locations. 
 
</post>
<signature>

</signature>
<external_links>

</external_links>
<country>US</country>
<main_image>http://s.shipandbunker.com/806F6B/sab/a/img/_mt_0ea4535e3386c52aa226a6f1a2d96a8c.jpg</main_image>
</document>
