<?xml version="1.0" encoding="UTF-8"?>
<document>
<type>mainstream</type>
<forum></forum>
<forum_title></forum_title>
<discussion_title>Novela &apos;Velho Chico&apos;: Encarnação confessa ter mandado matar Ernesto Rosa</discussion_title>
<language>portuguese</language>
<gmt_offset></gmt_offset>
<topic_url>http://www.purepeople.com.br/noticia/novela-velho-chico-encarnacao-confessa-ter-mandado-matar-ernesto-rosa_a133067/1</topic_url>
<topic_text>
Resumo de novela: capítulos de &apos;Velho Chico&apos;, de 08 a 13 de agosto Segundo a colunista Carla Bittencourt, do jornal &quot;Extra&quot;, o que motivou a atitude tomada pela centenária no passado foi o Saruê não resolver a desavença entre ele e o membro da família Rosa. &quot;Eu pedi, pedi e pedi pra Afrânio cuidar dessa briga, mas ele não teve peito pra fazer o que era preciso... Precisou fazer eu!&quot;, declara a avó de Tereza (Camila Pitanga) que, nos dias atuais, está obstinada a destruir a carreira de Carlos Eduardo (Marcelo Serrado). &quot;Se ele não morresse, teria extinto os de Sá Ribeiro da lembrança desse mundo para sempre! Era ele ou nós!&quot; O padre ameaçado de morte pelo ex-coronel de Grotas fica perplexo com as palavras ditas pela matriarca dos de Sá Ribeiro. &quot;A senhora não pode achar certo o que fez...&quot;, afirma o sacerdote. Alegando ter sido uma providência desesperada, ela garante não se orgulhar do fato. &quot;E a senhora achou que a vida de um homem era menos importante que o prestígio de um nome?&quot;, indaga padre Benício. Encarnação, que ameaça o marido da neta, responde negativamente: &quot;Minha vida é menos importante que esse nome! A vida de Jacinto (Tarcísio Meira), assim como a de Afrânio e todos que vieram antes e virão depois de nós também! Porque a dele não seria?&quot; Segundo a bisavó de Miguel (Gabriel Leone), a única pessoa que tem conhecimento do caso, além do padre, é Afrânio. Ela afirma ainda ter tentado se responsabilizar publicamente pela morte de Ernesto Rosa, mas foi impedida pelo filho, autor de crimes de corrupção e desvio de verba. &quot;Eu ia assumir isso, mas Afrânio não permitiu, me fez jurar que não iria contar isso para ninguém... E nunca contei.&quot; (Por Carol Borges ) Novela &apos;Velho Chico&apos;: Encarnação confessa ter mandado matar Ernesto Rosa 6 fotos ver galeria Encarnação (Selma Egrei) confessa ao padre Benício (Carlos Vereza) ter contratado um homem para matar Ernesto Rosa (Rodrigo Lombardi), na novela &apos;Velho Chico&apos; Foto: Divulgação, Cesar Alves / João Miguel Júnior / TV Globo / PurePeople 
compartilhe 
</topic_text>
<spam_score>0.58</spam_score>
<post_num>1</post_num>
<post_id>post-1</post_id>
<post_url>http://www.purepeople.com.br/noticia/novela-velho-chico-encarnacao-confessa-ter-mandado-matar-ernesto-rosa_a133067/1</post_url>
<post_date>20160831</post_date>
<post_time></post_time>
<username></username>
<post>
Resumo de novela: capítulos de &apos;Velho Chico&apos;, de 08 a 13 de agosto Segundo a colunista Carla Bittencourt, do jornal &quot;Extra&quot;, o que motivou a atitude tomada pela centenária no passado foi o Saruê não resolver a desavença entre ele e o membro da família Rosa. &quot;Eu pedi, pedi e pedi pra Afrânio cuidar dessa briga, mas ele não teve peito pra fazer o que era preciso... Precisou fazer eu!&quot;, declara a avó de Tereza (Camila Pitanga) que, nos dias atuais, está obstinada a destruir a carreira de Carlos Eduardo (Marcelo Serrado). &quot;Se ele não morresse, teria extinto os de Sá Ribeiro da lembrança desse mundo para sempre! Era ele ou nós!&quot; O padre ameaçado de morte pelo ex-coronel de Grotas fica perplexo com as palavras ditas pela matriarca dos de Sá Ribeiro. &quot;A senhora não pode achar certo o que fez...&quot;, afirma o sacerdote. Alegando ter sido uma providência desesperada, ela garante não se orgulhar do fato. &quot;E a senhora achou que a vida de um homem era menos importante que o prestígio de um nome?&quot;, indaga padre Benício. Encarnação, que ameaça o marido da neta, responde negativamente: &quot;Minha vida é menos importante que esse nome! A vida de Jacinto (Tarcísio Meira), assim como a de Afrânio e todos que vieram antes e virão depois de nós também! Porque a dele não seria?&quot; Segundo a bisavó de Miguel (Gabriel Leone), a única pessoa que tem conhecimento do caso, além do padre, é Afrânio. Ela afirma ainda ter tentado se responsabilizar publicamente pela morte de Ernesto Rosa, mas foi impedida pelo filho, autor de crimes de corrupção e desvio de verba. &quot;Eu ia assumir isso, mas Afrânio não permitiu, me fez jurar que não iria contar isso para ninguém... E nunca contei.&quot; (Por Carol Borges ) Novela &apos;Velho Chico&apos;: Encarnação confessa ter mandado matar Ernesto Rosa 6 fotos ver galeria Encarnação (Selma Egrei) confessa ao padre Benício (Carlos Vereza) ter contratado um homem para matar Ernesto Rosa (Rodrigo Lombardi), na novela &apos;Velho Chico&apos; Foto: Divulgação, Cesar Alves / João Miguel Júnior / TV Globo / PurePeople 
compartilhe 
</post>
<signature>

</signature>
<external_links>

</external_links>
<country>BR</country>
<main_image>http://p2.trrsf.com/image/fget/cf/600/600/images.terra.com/2016/08/30/1689842-encarnacao-selma-egrei-confessa-ao-pad-650x488-4.jpg</main_image>
</document>
