<?xml version="1.0" encoding="UTF-8"?>
<document>
<type>mainstream</type>
<forum></forum>
<forum_title></forum_title>
<discussion_title>Can I disable wallpaper on my Samsung Galaxy A3 (2016)?</discussion_title>
<language>english</language>
<gmt_offset></gmt_offset>
<topic_url>http://www.cellphones.ca/answers/can-i-disable-wallpaper-on-my-galaxy-a3-6-ie-black-background-3945/</topic_url>
<topic_text>
Can I disable wallpaper on my Samsung Galaxy A3 (2016)? 
No wallpaper. ie black background? 
</topic_text>
<spam_score>0.75</spam_score>
<post_num>1</post_num>
<post_id>post-1</post_id>
<post_url>http://www.cellphones.ca/answers/can-i-disable-wallpaper-on-my-galaxy-a3-6-ie-black-background-3945/</post_url>
<post_date>20160829</post_date>
<post_time></post_time>
<username></username>
<post>
Can I disable wallpaper on my Samsung Galaxy A3 (2016)? 
No wallpaper. ie black background? 
</post>
<signature>

</signature>
<external_links>

</external_links>
<country>CA</country>
<main_image>http://www.cellphones.ca/images/css/home/img_gallery_12.jpg</main_image>
</document>
