<?xml version="1.0" encoding="UTF-8"?>
<document>
<type>mainstream</type>
<forum>http://tiempodigital.mx/feed</forum>
<forum_title>Tiempo Digital</forum_title>
<discussion_title>Niños del Barcelona dan gran ejemplo de deportividad</discussion_title>
<language>spanish</language>
<gmt_offset></gmt_offset>
<topic_url>http://tiempodigital.mx/2016/08/30/ninos-del-barcelona-dan-gran-ejemplo-de-deportividad/</topic_url>
<topic_text>
Niños del Barcelona dan gran ejemplo de deportividad 
 20:54) 
Los futbolistas del equipo infantil B del Barcelona, consolaron a sus rivales de un equipo japonés que lloraban tras ser derrotados en la final de la World Challenge Cup en Tokyo. 
De inmediato, las imágenes le dieron la vuelta al mundo a través de las redes sociales y han despertado admiración por el comportamiento de los futuros talesntos de la cantera culé. 
Con información de Excélsior.
</topic_text>
<spam_score>0.00</spam_score>
<post_num>1</post_num>
<post_id>post-1</post_id>
<post_url>http://tiempodigital.mx/2016/08/30/ninos-del-barcelona-dan-gran-ejemplo-de-deportividad/</post_url>
<post_date>20160831</post_date>
<post_time>0020</post_time>
<username>Staff Tiempo</username>
<post>
Niños del Barcelona dan gran ejemplo de deportividad 
 20:54) 
Los futbolistas del equipo infantil B del Barcelona, consolaron a sus rivales de un equipo japonés que lloraban tras ser derrotados en la final de la World Challenge Cup en Tokyo. 
De inmediato, las imágenes le dieron la vuelta al mundo a través de las redes sociales y han despertado admiración por el comportamiento de los futuros talesntos de la cantera culé. 
Con información de Excélsior.
</post>
<signature>

</signature>
<external_links>

</external_links>
<country>MX</country>
<main_image></main_image>
</document>
