<?xml version="1.0" encoding="UTF-8"?>
<document>
<type>mainstream</type>
<forum></forum>
<forum_title></forum_title>
<discussion_title>How do I remove old notifications on the Alcatel One Touch Pop Star?</discussion_title>
<language>english</language>
<gmt_offset></gmt_offset>
<topic_url>http://www.cellphones.ca/answers/how-do-i-remove-old-notifications-on-pop-star-1665/</topic_url>
<topic_text>

</topic_text>
<spam_score>0.19</spam_score>
<post_num>1</post_num>
<post_id>post-1</post_id>
<post_url>http://www.cellphones.ca/answers/how-do-i-remove-old-notifications-on-pop-star-1665/</post_url>
<post_date>20160827</post_date>
<post_time></post_time>
<username>Carl P</username>
<post>

</post>
<signature>

</signature>
<external_links>

</external_links>
<country>CA</country>
<main_image>http://www.cellphones.ca/images/css/home/img_gallery_12.jpg</main_image>
</document>
