<?xml version="1.0" encoding="UTF-8"?>
<document>
<type>mainstream</type>
<forum>http://linux.softpedia.com/backend.xml</forum>
<forum_title>Softpedia Linux / All</forum_title>
<discussion_title>GSSDP 0.14.16 / 1.0 Beta</discussion_title>
<language>english</language>
<gmt_offset></gmt_offset>
<topic_url>http://linux.softpedia.com/get/Programming/Libraries/GSSDP-102890.shtml</topic_url>
<topic_text>
GPL (GNU General Public License) An Open Source GObject-based API for handling resource announcement and discovery over SSDP GSSDP is an open source, free and small library software, an API (Application Programming Interface) based on GObject and designed from the offset to be used for handling resource discovery and announcement over SSDP (Simple Service Discovery Protocol). It is a component of the open source and object-oriented GUPnP framework, which allows developers to create UPnP devices and control points. Also part of the GUPnP project, are the GUPnP-AV and GUPnP-DLNA libraries, which are also available for download on Softpedia. Getting started with GSSDP GSSDP can be installed separately, from GitHub or by downloading the latest source package from Softpedia, using the dedicated download section above. Save the archive somewhere on your computer, preferably your Home directory, and extract it with an archive manager utility. Then, open a terminal emulator application and use the ‘cd’ command to navigate to the location of the extracted archive files (e.g. cd /home/softpedia/gssdp-0.14.11). Run the ‘./configure &amp;&amp; make’ command to configure and compile the program. Install it system wide and make it available to all users on your GNU/Linux system by running the ‘sudo make install’ as a privileged user or the ‘make install’ command as root (system administrator). Introducing the GSSDP Device Sniffer tool After installing GSSDP, which is a library software, you will also get a tool called GSSDP Device Sniffer (gssdp-device-sniffer). With this tool, you will be able to specify a network interface to listen to, as well as the X display to use. GSSDP is written in the C and Vala programming languages and can be installed on any Linux kernel-based operating systems. It has been successfully tested on both 32-bit and 64-bit computer platforms. For more details, do not hesitate to check out the GUPnP project, which is distributed for free on Softpedia and designed for creating UPnP devices and control points. GSSDP   3.0 / 5
</topic_text>
<spam_score>0.00</spam_score>
<post_num>1</post_num>
<post_id>post-1</post_id>
<post_url>http://linux.softpedia.com/get/Programming/Libraries/GSSDP-102890.shtml</post_url>
<post_date>20160830</post_date>
<post_time>1723</post_time>
<username>Softpedia Linux</username>
<post>
GPL (GNU General Public License) An Open Source GObject-based API for handling resource announcement and discovery over SSDP GSSDP is an open source, free and small library software, an API (Application Programming Interface) based on GObject and designed from the offset to be used for handling resource discovery and announcement over SSDP (Simple Service Discovery Protocol). It is a component of the open source and object-oriented GUPnP framework, which allows developers to create UPnP devices and control points. Also part of the GUPnP project, are the GUPnP-AV and GUPnP-DLNA libraries, which are also available for download on Softpedia. Getting started with GSSDP GSSDP can be installed separately, from GitHub or by downloading the latest source package from Softpedia, using the dedicated download section above. Save the archive somewhere on your computer, preferably your Home directory, and extract it with an archive manager utility. Then, open a terminal emulator application and use the ‘cd’ command to navigate to the location of the extracted archive files (e.g. cd /home/softpedia/gssdp-0.14.11). Run the ‘./configure &amp;&amp; make’ command to configure and compile the program. Install it system wide and make it available to all users on your GNU/Linux system by running the ‘sudo make install’ as a privileged user or the ‘make install’ command as root (system administrator). Introducing the GSSDP Device Sniffer tool After installing GSSDP, which is a library software, you will also get a tool called GSSDP Device Sniffer (gssdp-device-sniffer). With this tool, you will be able to specify a network interface to listen to, as well as the X display to use. GSSDP is written in the C and Vala programming languages and can be installed on any Linux kernel-based operating systems. It has been successfully tested on both 32-bit and 64-bit computer platforms. For more details, do not hesitate to check out the GUPnP project, which is distributed for free on Softpedia and designed for creating UPnP devices and control points. GSSDP   3.0 / 5
</post>
<signature>

</signature>
<external_links>

</external_links>
<country>US</country>
<main_image>http://i1-linux.softpedia-static.com/screenshots/GSSDP_1.png</main_image>
</document>
