<?xml version="1.0" encoding="UTF-8"?>
<document>
<type>mainstream</type>
<forum></forum>
<forum_title></forum_title>
<discussion_title>Muere Gene Wilder, el inolvidable &quot;jovencito Frankenstein&quot;</discussion_title>
<language>spanish</language>
<gmt_offset></gmt_offset>
<topic_url>http://es.euronews.com/2016/08/30/muere-gene-wilder-el-inolvidable-jovencito-frankenstein</topic_url>
<topic_text>
Muere Gene Wilder, el inolvidable &quot;jovencito Frankenstein&quot; In partnership with Euronews 
La comedia de Hollywood ha perdido a una de sus figuras más importantes: Gene Wilder. 
El famoso actor norteamericano falleció a los 83 años de edad en su casa del Estado de Connecticut debido a complicaciones derivadas del Alzheimer que padecía. 
https://twitter.com/Variety/status/770501823220162561 
Wilder, hijo de inmigrantes de origen ruso, debutó en el teatro en 1961. Seis años más tarde fue descubierto por Arthur Penn quien lo contrató para colaborar en el filme “Bonnie &amp; Clyde”. 
En 1968 comenzó a trabajar con Mel Brooks en el universo de la comedia. Juntos realizarían algunos de los éxitos más importantes de Wilder: “El jovencito Frankenstein” y “Sillas de montar calientes” en los 70. 
https://twitter.com/MelBrooks/status/770347237280886784 
Tras conocer este martes la noticia de su muerte, numerosos actores y directores expresaron su admiración y tristeza en las redes sociales. 
https://twitter.com/rickygervais/status/770343894777200641 
https://twitter.com/JimCarrey/status/770358316966879232 
A finales de la década de los 90 Gene Wilder decidió retirarse del mundo del celuloide para dedicarse a labores humanitarias. En 2005 publicó sus memorias y en 2007 su primera novela. Wilder fue nominado dos veces a los Premios Óscar, una al mejor actor de reparto por su papel en el filme “Los productores” y otra por el guión de “El jovencito Frankenstein“que escribió junto a Mel Brooks. Comparte esta noticia 
</topic_text>
<spam_score>0.20</spam_score>
<post_num>1</post_num>
<post_id>post-1</post_id>
<post_url>http://es.euronews.com/2016/08/30/muere-gene-wilder-el-inolvidable-jovencito-frankenstein</post_url>
<post_date>20160830</post_date>
<post_time></post_time>
<username></username>
<post>
Muere Gene Wilder, el inolvidable &quot;jovencito Frankenstein&quot; In partnership with Euronews 
La comedia de Hollywood ha perdido a una de sus figuras más importantes: Gene Wilder. 
El famoso actor norteamericano falleció a los 83 años de edad en su casa del Estado de Connecticut debido a complicaciones derivadas del Alzheimer que padecía. 
https://twitter.com/Variety/status/770501823220162561 
Wilder, hijo de inmigrantes de origen ruso, debutó en el teatro en 1961. Seis años más tarde fue descubierto por Arthur Penn quien lo contrató para colaborar en el filme “Bonnie &amp; Clyde”. 
En 1968 comenzó a trabajar con Mel Brooks en el universo de la comedia. Juntos realizarían algunos de los éxitos más importantes de Wilder: “El jovencito Frankenstein” y “Sillas de montar calientes” en los 70. 
https://twitter.com/MelBrooks/status/770347237280886784 
Tras conocer este martes la noticia de su muerte, numerosos actores y directores expresaron su admiración y tristeza en las redes sociales. 
https://twitter.com/rickygervais/status/770343894777200641 
https://twitter.com/JimCarrey/status/770358316966879232 
A finales de la década de los 90 Gene Wilder decidió retirarse del mundo del celuloide para dedicarse a labores humanitarias. En 2005 publicó sus memorias y en 2007 su primera novela. Wilder fue nominado dos veces a los Premios Óscar, una al mejor actor de reparto por su papel en el filme “Los productores” y otra por el guión de “El jovencito Frankenstein“que escribió junto a Mel Brooks. Comparte esta noticia 
</post>
<signature>

</signature>
<external_links>

</external_links>
<country>FR</country>
<main_image>http://static.euronews.com/articles/342575/1000x563_342575.jpg</main_image>
</document>
