<?xml version="1.0" encoding="UTF-8"?>
<document>
<type>mainstream</type>
<forum>http://vietbao.vn/live/Khoa-hoc/rss.xml</forum>
<forum_title>Khoa Học | Việt Báo - Viet Bao Viet Nam</forum_title>
<discussion_title>Phát hiện thú vị về bề mặt địa chất sao Thủy</discussion_title>
<language>vietnamese</language>
<gmt_offset></gmt_offset>
<topic_url>http://vietbao.vn/Khoa-hoc/Phat-hien-thu-vi-ve-be-mat-dia-chat-sao-Thuy/150735033/188/</topic_url>
<topic_text>
mới   
Các nhà khoa học thiên văn quốc tế vừa công bố những phát hiện thú vị mới xoay quanh câu chuyện bề mặt địa chất sao thủy khiến nhiều người quan tâm. 
Nhóm nguyên cứu thuộc Trung tâm Vũ trụ Johnson của NASA sau thời gian khám sát bề mặt địa chất sao Thủy tới nay đã có những phát hiện mới cực kỳ thú vị. 
Lần phát hiện mới cho thấy trên bề mặt sao Thủy chứa nhiều hàm lượng thủy ngân cổ quý hiếm, tương tự như loại thủy ngân từng được tìm thấy trên mặt trăng và Trái Đất.. 
.Ngoài ra, cho biết thêm, hàm lượng thủy ngân này là kết quả của quá trình nóng chảy của hành tinh sao Thủy trong quá khứ. Nguồn ảnh: Zeenews. 
Không những thế, khu vực địa chất núi lửa ở cực Bắc sao Thủy được đánh giá là chịu tác động bởi nhiều cuộc bắn phá, tuôn trào địa chất gây ra bởi hiện tượng bề mặt địa chất hành tinh bị nóng chảy, trong đó, nhiều lượng lưu huỳnh hòa tan ẩn mình trong các lớp vỏ silicat địa chất. Đó là tổ hợp những bằng chứng khẳng định hành tinh này từng chịu đợt nung chảy địa chất khốc liệt trên bề mặt. Hiện thông tin trên đang gây tò mò thú vị giới thiên văn học toàn cầu. 
Xem thêm video: Vệt màu đỏ máu bí ẩn trên mặt trăng sao Thổ-(nguồn video: Neo News).   
Huỳnh Dũng (Theo Zeenews)  
</topic_text>
<spam_score>0.00</spam_score>
<post_num>1</post_num>
<post_id>post-1</post_id>
<post_url>http://vietbao.vn/Khoa-hoc/Phat-hien-thu-vi-ve-be-mat-dia-chat-sao-Thuy/150735033/188/</post_url>
<post_date>20160830</post_date>
<post_time>2324</post_time>
<username>Việt Báo</username>
<post>
mới   
Các nhà khoa học thiên văn quốc tế vừa công bố những phát hiện thú vị mới xoay quanh câu chuyện bề mặt địa chất sao thủy khiến nhiều người quan tâm. 
Nhóm nguyên cứu thuộc Trung tâm Vũ trụ Johnson của NASA sau thời gian khám sát bề mặt địa chất sao Thủy tới nay đã có những phát hiện mới cực kỳ thú vị. 
Lần phát hiện mới cho thấy trên bề mặt sao Thủy chứa nhiều hàm lượng thủy ngân cổ quý hiếm, tương tự như loại thủy ngân từng được tìm thấy trên mặt trăng và Trái Đất.. 
.Ngoài ra, cho biết thêm, hàm lượng thủy ngân này là kết quả của quá trình nóng chảy của hành tinh sao Thủy trong quá khứ. Nguồn ảnh: Zeenews. 
Không những thế, khu vực địa chất núi lửa ở cực Bắc sao Thủy được đánh giá là chịu tác động bởi nhiều cuộc bắn phá, tuôn trào địa chất gây ra bởi hiện tượng bề mặt địa chất hành tinh bị nóng chảy, trong đó, nhiều lượng lưu huỳnh hòa tan ẩn mình trong các lớp vỏ silicat địa chất. Đó là tổ hợp những bằng chứng khẳng định hành tinh này từng chịu đợt nung chảy địa chất khốc liệt trên bề mặt. Hiện thông tin trên đang gây tò mò thú vị giới thiên văn học toàn cầu. 
Xem thêm video: Vệt màu đỏ máu bí ẩn trên mặt trăng sao Thổ-(nguồn video: Neo News).   
Huỳnh Dũng (Theo Zeenews)  
</post>
<signature>

</signature>
<external_links>

</external_links>
<country>VN</country>
<main_image>http://a9.vietbao.vn/images/vn999/150/2016/08/20160831-phat-hien-thu-vi-ve-be-mat-dia-chat-sao-thuy-1.jpg</main_image>
</document>
