<?xml version="1.0" encoding="UTF-8"?>
<document>
<type>mainstream</type>
<forum>http://www.warp2search.net/news/rss</forum>
<forum_title>Warp2Search.net</forum_title>
<discussion_title>Dropbox 10.3.1.9 Beta / 9.4.49</discussion_title>
<language>english</language>
<gmt_offset></gmt_offset>
<topic_url>http://www.warp2search.net/news/story/dropbox_10319_beta_9449.html</topic_url>
<topic_text>
Posted by Timothy Tibbetts , 08/31/2016 01:32 AM Dropbox will enable you to instantly store your files online and optionally share them. Dropbox will enable you to instantly store your files online and optionally share them. Once Dropbox is installed, any file you drop into your folder will synchronize and be available on any other computer you&apos;ve installed it on. Also, any changes you make to files in it will sync to your other computers, instantly.You can undelete files and even go through previous versions.Share files and folders with anyone even if they&apos;re not Dropbox users.Dropbox is fast because it only updates the parts that have changed, rather than the entire file. All files are transported over SSL and encrypted using AES-256 for security.
</topic_text>
<spam_score>0.00</spam_score>
<post_num>1</post_num>
<post_id>post-1</post_id>
<post_url>http://www.warp2search.net/news/story/dropbox_10319_beta_9449.html</post_url>
<post_date>20160831</post_date>
<post_time>0032</post_time>
<username></username>
<post>
Posted by Timothy Tibbetts , 08/31/2016 01:32 AM Dropbox will enable you to instantly store your files online and optionally share them. Dropbox will enable you to instantly store your files online and optionally share them. Once Dropbox is installed, any file you drop into your folder will synchronize and be available on any other computer you&apos;ve installed it on. Also, any changes you make to files in it will sync to your other computers, instantly.You can undelete files and even go through previous versions.Share files and folders with anyone even if they&apos;re not Dropbox users.Dropbox is fast because it only updates the parts that have changed, rather than the entire file. All files are transported over SSL and encrypted using AES-256 for security.
</post>
<signature>

</signature>
<external_links>

</external_links>
<country>DE</country>
<main_image></main_image>
</document>
