<?xml version="1.0" encoding="UTF-8"?>
<document>
<type>mainstream</type>
<forum>http://www.dinakaran.com/District_Detail.asp?Nid=613371&amp;cat=504</forum>
<forum_title>நெய்வேலி நகைக்கடை கொள்ளை எதிரொலி: நகைக்கடை உரிமையாளர்களுக்கு 14 கட்டளை போலீசார் உத்தரவு - சென்னை District Dinakaran</forum_title>
<discussion_title>பச்சமுத்துவை ஒரு நாள் போலீஸ் காவலில் விசாரிக்க நீதிமன்றம் அனுமதி | Allow one day in police custody paccamuttuvai Court Dinakaran</discussion_title>
<language>tamil</language>
<gmt_offset></gmt_offset>
<topic_url>http://www.dinakaran.com/News_Detail.asp?Nid=242415</topic_url>
<topic_text>
சென்னை: பச்சமுத்துவை ஒரு நாள் போலீஸ் காவலில் விசாரிக்க சென்னை சைதாப்பேட்டை நீதிமன்றம் அனுமதி அளித்து உத்தரவிட்டுள்ளது. ரூ. 75 கோடி மோசடி வழக்கில் கைது செய்யப்ப்பட்ட எஸ்.ஆர்.எம்.கல்லூரி நிறுவர் பச்சமுத்துவிடம் 5 நாள் விசாரணை நடத்த போலீஸ் அனுமதி கோரியிருந்தது. வழக்கை விசாரித்த நீதிமன்றம் பச்சமுத்துவை ஒரு நாள் போலீஸ் காவலில் விசாரிக்க அனுமதி வழங்கியது.
நாளை காலை 7.30 மணி முதல் மாலை 5.30 மணி வரை பச்சமுத்துலை விசாரிக்க போலீசுக்கு அனுமதி அளித்துள்ளது நீதிமன்றம். விசாரணைக்குப்பின் நாளை மாலை பச்சமுத்துவை நீதிமன்றத்தில் ஆஜர்படுத்த நீதிபதி உத்தரவிட்டுள்ளார்.
பச்சமுத்துவிடம் விசாரிக்க உள்ள விவரங்கள்
மாணவர்களிடம் ரூ.75 கோடி வசூலித்தது பற்றி பச்சமுத்துவிடம் விசாரிக்க போலீஸ் திட்டமிட்டுள்ளது. மதனை ஒளித்து வைத்திருக்கும் இடத்தை கூறுமாறு போலீஸ் கேட்க உள்ளது. எம்பிபிஎஸ் சீட்டு ஒன்றுக்கு எத்தனை லட்சங்கள் வாங்கிறார் என்பதையும் போலீசார் விசாரிக்க உள்ளனர். மாணவர்களிடம் வாங்கும் கறுப்பு பணத்தை வெள்ளையாக்கும் விதத்தை அறியவும் திட்டம் தீட்டியுள்ளனர்.
ஆயிரத்தில் ஏன்? லட்ச்சத்தில் ஒருவரை தேர்ந்தெடுங்கள் - தமிழ் மேட்ரிமோனியில், பதிவு இலவசம்!
</topic_text>
<spam_score>0.50</spam_score>
<post_num>1</post_num>
<post_id>post-1</post_id>
<post_url>http://www.dinakaran.com/News_Detail.asp?Nid=242415</post_url>
<post_date>20160830</post_date>
<post_time>1936</post_time>
<username>dinakaran.com</username>
<post>
சென்னை: பச்சமுத்துவை ஒரு நாள் போலீஸ் காவலில் விசாரிக்க சென்னை சைதாப்பேட்டை நீதிமன்றம் அனுமதி அளித்து உத்தரவிட்டுள்ளது. ரூ. 75 கோடி மோசடி வழக்கில் கைது செய்யப்ப்பட்ட எஸ்.ஆர்.எம்.கல்லூரி நிறுவர் பச்சமுத்துவிடம் 5 நாள் விசாரணை நடத்த போலீஸ் அனுமதி கோரியிருந்தது. வழக்கை விசாரித்த நீதிமன்றம் பச்சமுத்துவை ஒரு நாள் போலீஸ் காவலில் விசாரிக்க அனுமதி வழங்கியது.
நாளை காலை 7.30 மணி முதல் மாலை 5.30 மணி வரை பச்சமுத்துலை விசாரிக்க போலீசுக்கு அனுமதி அளித்துள்ளது நீதிமன்றம். விசாரணைக்குப்பின் நாளை மாலை பச்சமுத்துவை நீதிமன்றத்தில் ஆஜர்படுத்த நீதிபதி உத்தரவிட்டுள்ளார்.
பச்சமுத்துவிடம் விசாரிக்க உள்ள விவரங்கள்
மாணவர்களிடம் ரூ.75 கோடி வசூலித்தது பற்றி பச்சமுத்துவிடம் விசாரிக்க போலீஸ் திட்டமிட்டுள்ளது. மதனை ஒளித்து வைத்திருக்கும் இடத்தை கூறுமாறு போலீஸ் கேட்க உள்ளது. எம்பிபிஎஸ் சீட்டு ஒன்றுக்கு எத்தனை லட்சங்கள் வாங்கிறார் என்பதையும் போலீசார் விசாரிக்க உள்ளனர். மாணவர்களிடம் வாங்கும் கறுப்பு பணத்தை வெள்ளையாக்கும் விதத்தை அறியவும் திட்டம் தீட்டியுள்ளனர்.
ஆயிரத்தில் ஏன்? லட்ச்சத்தில் ஒருவரை தேர்ந்தெடுங்கள் - தமிழ் மேட்ரிமோனியில், பதிவு இலவசம்!
</post>
<signature>

</signature>
<external_links>
<external_link>http://pl.ventunotech.com/plugins/cntplayer/ventunoSmartPlayer.js</external_link><external_link>http://campaign.bharatmatrimony.com/track/clicktrack.php?trackid=00100347814782</external_link>
</external_links>
<country>IN</country>
<main_image></main_image>
</document>
