<?xml version="1.0" encoding="UTF-8"?>
<document>
<type>mainstream</type>
<forum>http://feeds.feedblitz.com/debtfreespending</forum>
<forum_title>Debt Free Spending</forum_title>
<discussion_title>My Wellness Story</discussion_title>
<language>english</language>
<gmt_offset></gmt_offset>
<topic_url>http://www.debtfreespending.com/my-wellness-story/</topic_url>
<topic_text>
  
I have never considered myself a health nut. I was raised on McDonalds (I was allowed to buy two Happy Meals as a child, super sized, with a sundae), fast foods, and refined snacks and carbohydrates. While I loved fresh fruit, I couldn’t stand meat or vegetables unless it was served with a heavy laden carbohydrate like mashed potatoes. As you can imagine, I was overweight, and I weight almost the same as I did in Fifth Grade. 
However, after gaining significant weight in college and struggling from severe acid reflux, I went on the have many diagnoses, such as Irritable Bowel Syndrome, Acid Reflux, Endometriosis, Anemia, recurrent yeast infections, and more. It wasn’t until I started my Young Living essential oil journey that I realized how bad my health was for someone my age. I truly started out just using the oils as a way to deodorize rooms in my home. Within a year of using oils, I really started studying alternative medicine and holistic health. 
To say I was a hot mess was an understatement. I started learning more about organic foods and toxins from websites like ewg.org and started purchasing organic foods and really caring about what was in my food. The next step was that my husband was diagnosed with diabetes, and was hardly forty years old. So, our nutrition has drastically changed in the last year. I was the queen of couponing for free products, but I started realizing that families needed to live a healthy lifestyle for less, and we have rebranded in the last year from DebtFreeSpending.com to HealthyFrugalLiving.com. So we can show people how to live a healthy lifestyle for less. 
We have now eliminated my anemia, IBS, and more, and my husband has drastically reduced his blood sugar by utilizing better nutrition, essential oils, and truly living a healthy lifestyle. While it hasn’t been easy, it is totally doable. Please know we aren’t doctors, so we can’t diagnose, treat, or prescribe. What we want to do is share our story and show others how to support their body systems and live a life of wellness. 
We now work with around 1,000 Young Living clients all of the United States, and we have learned so much about not only essential oils, but better nutrition, movement, hydration, sleep, and so much more. It is my goal to share what we’ve learned on our journey with our readers. It is our goal to teach families how to save the most while living their best life well. 
Check out my friend Dr. Haggerton’s video about Why Essential Oils! This post may contain affiliate links, please read my disclosure policy HERE Recent Posts
</topic_text>
<spam_score>0.00</spam_score>
<post_num>1</post_num>
<post_id>post-1</post_id>
<post_url>http://www.debtfreespending.com/my-wellness-story/</post_url>
<post_date>20160829</post_date>
<post_time>1521</post_time>
<username>Steph</username>
<post>
  
I have never considered myself a health nut. I was raised on McDonalds (I was allowed to buy two Happy Meals as a child, super sized, with a sundae), fast foods, and refined snacks and carbohydrates. While I loved fresh fruit, I couldn’t stand meat or vegetables unless it was served with a heavy laden carbohydrate like mashed potatoes. As you can imagine, I was overweight, and I weight almost the same as I did in Fifth Grade. 
However, after gaining significant weight in college and struggling from severe acid reflux, I went on the have many diagnoses, such as Irritable Bowel Syndrome, Acid Reflux, Endometriosis, Anemia, recurrent yeast infections, and more. It wasn’t until I started my Young Living essential oil journey that I realized how bad my health was for someone my age. I truly started out just using the oils as a way to deodorize rooms in my home. Within a year of using oils, I really started studying alternative medicine and holistic health. 
To say I was a hot mess was an understatement. I started learning more about organic foods and toxins from websites like ewg.org and started purchasing organic foods and really caring about what was in my food. The next step was that my husband was diagnosed with diabetes, and was hardly forty years old. So, our nutrition has drastically changed in the last year. I was the queen of couponing for free products, but I started realizing that families needed to live a healthy lifestyle for less, and we have rebranded in the last year from DebtFreeSpending.com to HealthyFrugalLiving.com. So we can show people how to live a healthy lifestyle for less. 
We have now eliminated my anemia, IBS, and more, and my husband has drastically reduced his blood sugar by utilizing better nutrition, essential oils, and truly living a healthy lifestyle. While it hasn’t been easy, it is totally doable. Please know we aren’t doctors, so we can’t diagnose, treat, or prescribe. What we want to do is share our story and show others how to support their body systems and live a life of wellness. 
We now work with around 1,000 Young Living clients all of the United States, and we have learned so much about not only essential oils, but better nutrition, movement, hydration, sleep, and so much more. It is my goal to share what we’ve learned on our journey with our readers. It is our goal to teach families how to save the most while living their best life well. 
Check out my friend Dr. Haggerton’s video about Why Essential Oils! This post may contain affiliate links, please read my disclosure policy HERE Recent Posts
</post>
<signature>

</signature>
<external_links>

</external_links>
<country>US</country>
<main_image>http://www.debtfreespending.com/wp-content/uploads/2016/08/My-Wellness-Story.jpg</main_image>
</document>
