<?xml version="1.0" encoding="UTF-8"?>
<document>
<type>mainstream</type>
<forum>http://linux.softpedia.com/backend.xml</forum>
<forum_title>Softpedia Linux / All</forum_title>
<discussion_title>GSettings Desktop Schemas 3.21.4</discussion_title>
<language>english</language>
<gmt_offset></gmt_offset>
<topic_url>http://linux.softpedia.com/get/Desktop-Environment/Gnome/gsettings-desktop-schemas-58803.shtml</topic_url>
<topic_text>
LGPL v2 (GNU Lesser General Public Lic... This package stores all the GSettings schemas for your GNOME desktop environment GSettings Desktop Schemas (gsettings-desktop-schemas) is an open source software that contains a collection of GSettings schemas for the settings shared by various components of the GNOME desktop environment. The schemas shipped with the GSettings Desktop Schemas package are based on the GConf schemas from the libgnome library and gnome-vfs. Designed for GNOME This program is specifically designed for the GNOME project, with which it is distributed by default. Of course, this means that it is an essential component of the GNOME graphical desktop environment and without it settings and schemas won’t be stored. Getting started with GSettings Desktop Schemas To install the GSettings Desktop Schemas software, you must first grab the latest archive from Softpedia, save it on your computer, unpack it, open a terminal emulator and execute the “./configure --prefix=/usr &amp;&amp; make” command to configure and compile it. Now, as root or with sudo, type the “make install” command to install the program in your system, which will be available to all users. Please note that both commands should be executed without quotes. GSettings Desktop Schemas   5.0 / 5
</topic_text>
<spam_score>0.00</spam_score>
<post_num>1</post_num>
<post_id>post-1</post_id>
<post_url>http://linux.softpedia.com/get/Desktop-Environment/Gnome/gsettings-desktop-schemas-58803.shtml</post_url>
<post_date>20160830</post_date>
<post_time>1751</post_time>
<username>Softpedia Linux</username>
<post>
LGPL v2 (GNU Lesser General Public Lic... This package stores all the GSettings schemas for your GNOME desktop environment GSettings Desktop Schemas (gsettings-desktop-schemas) is an open source software that contains a collection of GSettings schemas for the settings shared by various components of the GNOME desktop environment. The schemas shipped with the GSettings Desktop Schemas package are based on the GConf schemas from the libgnome library and gnome-vfs. Designed for GNOME This program is specifically designed for the GNOME project, with which it is distributed by default. Of course, this means that it is an essential component of the GNOME graphical desktop environment and without it settings and schemas won’t be stored. Getting started with GSettings Desktop Schemas To install the GSettings Desktop Schemas software, you must first grab the latest archive from Softpedia, save it on your computer, unpack it, open a terminal emulator and execute the “./configure --prefix=/usr &amp;&amp; make” command to configure and compile it. Now, as root or with sudo, type the “make install” command to install the program in your system, which will be available to all users. Please note that both commands should be executed without quotes. GSettings Desktop Schemas   5.0 / 5
</post>
<signature>

</signature>
<external_links>

</external_links>
<country>US</country>
<main_image>http://i1-linux.softpedia-static.com/screenshots/gsettings-desktop-schemas_1.png</main_image>
</document>
