<?xml version="1.0" encoding="UTF-8"?>
<document>
<type>mainstream</type>
<forum></forum>
<forum_title></forum_title>
<discussion_title>Continúa la espera por Juan Gabriel en Bellas Artes » Teleame | Noticias</discussion_title>
<language>english</language>
<gmt_offset></gmt_offset>
<topic_url>http://noticias.teleame.com/continua-la-espera-por-juan-gabriel-en-bellas-artes/</topic_url>
<topic_text>
Continúa la espera por Juan Gabriel en Bellas Artes 31 agosto, 2016 
</topic_text>
<spam_score>0.20</spam_score>
<post_num>1</post_num>
<post_id>post-1</post_id>
<post_url>http://noticias.teleame.com/continua-la-espera-por-juan-gabriel-en-bellas-artes/</post_url>
<post_date>20160831</post_date>
<post_time></post_time>
<username></username>
<post>
Continúa la espera por Juan Gabriel en Bellas Artes 31 agosto, 2016 
</post>
<signature>

</signature>
<external_links>

</external_links>
<country>DK</country>
<main_image>http://i2.wp.com/noticias.teleame.com/wp-content/uploads/2016/08/0-10866.jpg?fit=480%2C360</main_image>
</document>
