<?xml version="1.0" encoding="UTF-8"?>
<document>
<type>mainstream</type>
<forum>http://akkanet.net/</forum>
<forum_title>عكا نت | akkanet</forum_title>
<discussion_title>فورد تزيد F-150 و Super Duty تألقاُ مع باقة STX Appearance</discussion_title>
<language>arabic</language>
<gmt_offset></gmt_offset>
<topic_url>http://akkanet.net/Article.php?ID=51663</topic_url>
<topic_text>
فورد تزيد F-150 و Super Duty تألقاُ مع باقة STX Appearance
اعتماداً علي نجاح الاصدار السابق من F-150 STX ، حولت فورد أحدث نسخ F-150 موديل 2017 وموديل Super Duty للمزيد من التألق بالاعتماد علي باقة STX Appearance . وستتوفر الشاحنة بسعر يبدأ من 35.615 دولار بالنسبة لاصدار SuperCab أو SuperCrew ، فيما يندرج موديل F-150 STX بين اصداري XL وXLT .
</topic_text>
<spam_score>0.20</spam_score>
<post_num>1</post_num>
<post_id>post-1</post_id>
<post_url>http://akkanet.net/Article.php?ID=51663</post_url>
<post_date>20160831</post_date>
<post_time></post_time>
<username>akkanet</username>
<post>
فورد تزيد F-150 و Super Duty تألقاُ مع باقة STX Appearance
اعتماداً علي نجاح الاصدار السابق من F-150 STX ، حولت فورد أحدث نسخ F-150 موديل 2017 وموديل Super Duty للمزيد من التألق بالاعتماد علي باقة STX Appearance . وستتوفر الشاحنة بسعر يبدأ من 35.615 دولار بالنسبة لاصدار SuperCab أو SuperCrew ، فيما يندرج موديل F-150 STX بين اصداري XL وXLT .
</post>
<signature>

</signature>
<external_links>

</external_links>
<country>US</country>
<main_image>http://www.akkanet.net/Files/2016-08/20160831-021001341248459.jpg</main_image>
</document>
