<?xml version="1.0" encoding="UTF-8"?>
<document>
<type>mainstream</type>
<forum>http://feeds.feedburner.com/ReligionNewsHeadlines-YahooNews</forum>
<forum_title>Religion News Headlines - Yahoo! News</forum_title>
<discussion_title>Judge tosses Kansas Muslim inmate&apos;s religious-rights lawsuit</discussion_title>
<language>english</language>
<gmt_offset></gmt_offset>
<topic_url>https://www.yahoo.com/news/judge-tosses-kansas-muslim-inmates-religious-rights-lawsuit-205333809.html?ref=gs</topic_url>
<topic_text>
TOPEKA, Kan. (AP) — A federal judge in Kansas has thrown out a Muslim inmate&apos;s lawsuit that accused a county jail and its administrators of violating the convicted killer&apos;s religious rights. U.S. Magistrate Judge David J. Waxse dismissed Eddie Gordon Sr.&apos;s case involving the Shawnee County Jail after Gordon missed a court-imposed deadline to submit any evidence the alleged misconduct harmed him physically or intentionally interfered with his religion, the Topeka Capital-Journal (http://bit.ly/2bzDoQK ) reported Tuesday.
Acting as his own attorney, Gordon alleged in his handwritten 2014 lawsuit that he wasn&apos;t fed for 28 hours during the 30-day season of Ramadan, when Muslims fast from dawn until after sunset. Gordon, 27, also said jail officials served him cold, unbearable meals so close to his prayer time that he couldn&apos;t eat them before fasting.
Waxse, in March of last year, gave Gordon 30 days to argue in writing why his lawsuit shouldn&apos;t be dismissed. Gordon didn&apos;t file his amended lawsuit until April of this year.
&quot;After comparing the original complaint with the amended complaint, the court finds no significant difference in their contents,&quot; Martens wrote in his ruling last month. &quot;Thus, even if the court excused Gordon&apos;s untimeliness in responding to the order to show cause, because the proposed amendments do not cure the deficiencies the court previously discussed, amendment would be futile.&quot;
Gordon was sentenced in October 2011 to 23 years in prison for intentional second-degree murder related to a November 2010 shooting death in Topeka.
Gordon, now imprisoned in Lansing, was being temporarily held in the Shawnee County Jail at the time he filed his lawsuit.
___
Information from: The Topeka (Kan.) Capital-Journal, http://www.cjonline.com
</topic_text>
<spam_score>0.00</spam_score>
<post_num>2</post_num>
<post_id>post-2</post_id>
<post_url>https://www.yahoo.com/news/judge-tosses-kansas-muslim-inmates-religious-rights-lawsuit-205333809.html?ref=gs</post_url>
<post_date>20160831</post_date>
<post_time></post_time>
<username>Jovanavichs</username>
<post>
As an inmate....you have no rights. Period.
</post>
<signature>

</signature>
<external_links>

</external_links>
<country>US</country>
<main_image>https://s.yimg.com/os/mit/media/m/social/images/social_default_logo-1481777.png</main_image>
</document>
