<?xml version="1.0" encoding="UTF-8"?>
<document>
<type>mainstream</type>
<forum>http://www.accesshollywood.com/content/xml/rss/julianne-hough.xml</forum>
<forum_title>Access Hollywood Latest News</forum_title>
<discussion_title>Chris Brown Arrested At His Los Angeles Home On Assault Charge</discussion_title>
<language>english</language>
<gmt_offset></gmt_offset>
<topic_url>https://www.accesshollywood.com/articles/bc-us-chris-brown-the-latest5th-ld-writethru-2/</topic_url>
<topic_text>
Chris Brown Arrested At His Los Angeles Home On Assault Charge August 30, 2016 5:42 PM PDT 
Los Angeles police say they&apos;ve arrested singer Chris Brown on suspicion of assault with a deadly weapon. 
Police Lt. Chris Ramirez says Brown was arrested Tuesday and was being taken to downtown Los Angeles for booking. 
The arrest came after a lengthy search of Brown&apos;s home. 
Brown says in video posts on Instagram that he&apos;s innocent and rebutted reports that he had barricaded himself in his home. 
Baylee Curran told the Los Angeles Times that Brown pointed a gun at her face in his home early Tuesday. She says another man at his home and Brown became angry with her when she admired the man&apos;s diamond necklace. 
Curran hasn&apos;t responded to requests for comment from The Associated Press. Copyright ©
</topic_text>
<spam_score>0.00</spam_score>
<post_num>1</post_num>
<post_id>post-1</post_id>
<post_url>https://www.accesshollywood.com/articles/bc-us-chris-brown-the-latest5th-ld-writethru-2/</post_url>
<post_date>20160831</post_date>
<post_time>0042</post_time>
<username></username>
<post>
Chris Brown Arrested At His Los Angeles Home On Assault Charge August 30, 2016 5:42 PM PDT 
Los Angeles police say they&apos;ve arrested singer Chris Brown on suspicion of assault with a deadly weapon. 
Police Lt. Chris Ramirez says Brown was arrested Tuesday and was being taken to downtown Los Angeles for booking. 
The arrest came after a lengthy search of Brown&apos;s home. 
Brown says in video posts on Instagram that he&apos;s innocent and rebutted reports that he had barricaded himself in his home. 
Baylee Curran told the Los Angeles Times that Brown pointed a gun at her face in his home early Tuesday. She says another man at his home and Brown became angry with her when she admired the man&apos;s diamond necklace. 
Curran hasn&apos;t responded to requests for comment from The Associated Press. Copyright ©
</post>
<signature>

</signature>
<external_links>

</external_links>
<country>US</country>
<main_image>https://d919ce141ef35c47fc40-b9166a60eccf0f83d2d9c63fa65b9129.ssl.cf5.rackcdn.com/images/bc-5105182328001.2e16d0ba.fill-300x300.jpg</main_image>
</document>
