<?xml version="1.0" encoding="UTF-8"?>
<document>
<type>mainstream</type>
<forum>http://www.pcdigest.com/feed/</forum>
<forum_title>《计算机应用文摘》杂志官方博客</forum_title>
<discussion_title>荣威RX5，互联网汽车光有马云站台还不够</discussion_title>
<language>chinese</language>
<gmt_offset></gmt_offset>
<topic_url>http://www.pcdigest.com/2016/08/20202/</topic_url>
<topic_text>
乐天者 : 独有见解啊 Maddison : Howdy! I simply would like tto offer you a big thumbs up for your great info you’ve got here on this post. I’ll bee returning to your web siote for more soon. 路易大叔 : 看起来值得一试啊 a : I was pretty pleased to find this page. I want to to thank you for your time due to this wonderful read!! I definitely savored every little bit of it and i also have you saved to fav to look at new information on your blog. skryptorium.com.pl : It is actually a nice and helpful piece of info. I am satisfied that you simply shared this helpful information with us. Please stay us informed like this. Thanks for sharing. 戚放 : -knbg nauka youtube : Yes! Finally something about nauka 1 2004. technologia z budownictwem 2 : What’s up friends, how is the whole thing, and what you would like to say regarding this piece of writing, in my view its really amazing in support of me. led广告车厂家 : 这个笔记本还是太贵了，不知道有没有VGA接口，没有的话，led广告车内的电脑就不能用这个代替。 IRCUT滤光片 : 大范围室外视频监控，选择高清网络球机，支持PTZ功能，360°水平旋转，180°垂直旋转，无盲点监控。联卫ED1845是一款200万全高清网络高速球PTZ摄像机，采用索尼200万高 清图像传感器，支持输出全高清1080P 分辨率视频，其图像清晰度是普通模拟摄像机的4倍， 采用高清变焦镜头，支持20倍光学放大，支持快速自动对焦，手动对焦，除雾， 3D减噪，... 宁杰 : 8年了，时间过得真快 Payoneer中国 : 这个网站是一个奇妙的网站。因此，我在这里提出一个建议： 现在，在中国，你必须发送，并通过了世界上最好的汇款服务收钱的选项。注册，您将收到一个免费的借记卡，你可以从自动取款机直接拿钱。注册并免费获得25美元，第一次加油卡。中国Payone er提供了超过200个国家，只有几个小时所支付的可能性。不要错过这个服务。 Payoneer中国 : 这个网站是一个奇妙的网站。因此，我在这里提出一个建议： 现在，在中国，你必须发送，并通过了世界上最好的汇款服务收钱的选项。注册，您将收到一个免费的借记卡，你可以从自动取款机直接拿钱。注册并免费获得25美元，第一次加油卡。中国Payone er提供了超过200个国家，只有几个小时所支付的可能性。不要错过这个服务。 Payoneer中国 : 这个网站是一个奇妙的网站。因此，我在这里提出一个建议： 现在，在中国，你必须发送，并通过了世界上最好的汇款服务收钱的选项。注册，您将收到一个免费的借记卡，你可以从自动取款机直接拿钱。注册并免费获得25美元，第一次加油卡。中国Payone er提供了超过200个国家，只有几个小时所支付的可能性。不要错过这个服务。
</topic_text>
<spam_score>0.00</spam_score>
<post_num>1</post_num>
<post_id>post-1</post_id>
<post_url>http://www.pcdigest.com/2016/08/20202/</post_url>
<post_date>20160830</post_date>
<post_time>0833</post_time>
<username>小多多萌妹子</username>
<post>
乐天者 : 独有见解啊 Maddison : Howdy! I simply would like tto offer you a big thumbs up for your great info you’ve got here on this post. I’ll bee returning to your web siote for more soon. 路易大叔 : 看起来值得一试啊 a : I was pretty pleased to find this page. I want to to thank you for your time due to this wonderful read!! I definitely savored every little bit of it and i also have you saved to fav to look at new information on your blog. skryptorium.com.pl : It is actually a nice and helpful piece of info. I am satisfied that you simply shared this helpful information with us. Please stay us informed like this. Thanks for sharing. 戚放 : -knbg nauka youtube : Yes! Finally something about nauka 1 2004. technologia z budownictwem 2 : What’s up friends, how is the whole thing, and what you would like to say regarding this piece of writing, in my view its really amazing in support of me. led广告车厂家 : 这个笔记本还是太贵了，不知道有没有VGA接口，没有的话，led广告车内的电脑就不能用这个代替。 IRCUT滤光片 : 大范围室外视频监控，选择高清网络球机，支持PTZ功能，360°水平旋转，180°垂直旋转，无盲点监控。联卫ED1845是一款200万全高清网络高速球PTZ摄像机，采用索尼200万高 清图像传感器，支持输出全高清1080P 分辨率视频，其图像清晰度是普通模拟摄像机的4倍， 采用高清变焦镜头，支持20倍光学放大，支持快速自动对焦，手动对焦，除雾， 3D减噪，... 宁杰 : 8年了，时间过得真快 Payoneer中国 : 这个网站是一个奇妙的网站。因此，我在这里提出一个建议： 现在，在中国，你必须发送，并通过了世界上最好的汇款服务收钱的选项。注册，您将收到一个免费的借记卡，你可以从自动取款机直接拿钱。注册并免费获得25美元，第一次加油卡。中国Payone er提供了超过200个国家，只有几个小时所支付的可能性。不要错过这个服务。 Payoneer中国 : 这个网站是一个奇妙的网站。因此，我在这里提出一个建议： 现在，在中国，你必须发送，并通过了世界上最好的汇款服务收钱的选项。注册，您将收到一个免费的借记卡，你可以从自动取款机直接拿钱。注册并免费获得25美元，第一次加油卡。中国Payone er提供了超过200个国家，只有几个小时所支付的可能性。不要错过这个服务。 Payoneer中国 : 这个网站是一个奇妙的网站。因此，我在这里提出一个建议： 现在，在中国，你必须发送，并通过了世界上最好的汇款服务收钱的选项。注册，您将收到一个免费的借记卡，你可以从自动取款机直接拿钱。注册并免费获得25美元，第一次加油卡。中国Payone er提供了超过200个国家，只有几个小时所支付的可能性。不要错过这个服务。
</post>
<signature>

</signature>
<external_links>

</external_links>
<country></country>
<main_image></main_image>
</document>
