<?xml version="1.0" encoding="UTF-8"?>
<document>
<type>mainstream</type>
<forum>http://rssfeeds.zanesvilletimesrecorder.com/zanesville/home</forum>
<forum_title>Zanesville - Home</forum_title>
<discussion_title>OD threat rises as antidote fails to work first time</discussion_title>
<language>english</language>
<gmt_offset></gmt_offset>
<topic_url>http://www.zanesvilletimesrecorder.com/story/news/local/2016/08/30/od-threat-rises-antidote-fails-work-first-time/89592012/</topic_url>
<topic_text>
OD threat rises as antidote fails to work first time Terry DeMio, USA Today Network-Ohio 2:43 p.m. EDT August 30, 2016 Alert: Naloxone isn&apos;t working on several recent ODs. CONNECT COMMENT EMAIL MORE 
A spike in overdoses have health officials especially concerned because many of the victims did not respond to the overdose antidote naloxone. 
The Hamilton County Heroin Coalition issued a warning after Hamilton County Public Health noted a surge in hospital overdose cases. The emergency department-visit surveillance system detected the increase over a recent weekend, health officials said. 
Health and law enforcement officials said during that period several victims did not respond to a usual dose of naloxone, the non-narcotic that can force someone into immediate withdrawal, restoring breathing. 
Carol Howdyshell, director of nursing at Zanesville-Muskingum County Health Department, said the ZMCHD doesn’t necessarily track the use of naloxone in the county but does participate in Project DAWN, a drug overdose prevention and education program. 
Naloxone’s effectiveness, however, depends on what kind of drugs were taken, Howdyshell said. It doesn’t work on cocaine or alcohol overdoses, and it doesn’t work well if drugs have been taken that were mixed together. 
“I don’t think it’s a problem with the naloxone,” Howdyshell said. 
The latest deadly opioid that’s been noted in the supply of drugs in Greater Cincinnati is carfentanil, a large-animal analgesic that is 100 times the strength of the synthetic opiate fentanyl, which, in turn, has been causing overdose deaths throughout the region. 
Carfentanil is an analgesic used for elephants and other large animals. The Hamilton County Heroin Coalition reported its appearance in the region in July. The synthetic opioid is reported to be 10,000 times stronger than morphine on the streets. 
That’s why people who are using what they believe to be heroin should be with someone if they do it, and others should carry the antidote and be prepared to use more than one dose, health officials said. 
Hamilton County Health Commissioner Tim Ingram said the county is alerting those who work with drug users. He also noted that health-care workers and emergency responders should be aware that carfentanil’s effects last a long time in humans. “Several doses of naloxone may be needed to reverse an overdose,” he said. 
For the general public, Ingram offered these steps: “If you find an overdose victim, call 911, begin hands-on CPR and if possible, administer as many doses of naloxone as it takes to revive the victim.” 
Carfentanil has been blamed for multiple overdoses in Akron and Columbus. 
There’s no way to be sure yet what drug caused the overdoses, but lab work is being done, according to health officials. CONNECT COMMENT EMAIL MORE Read or Share this story: http://ohne.ws/2bP3b8D TOP VIDEOS
</topic_text>
<spam_score>0.00</spam_score>
<post_num>1</post_num>
<post_id>post-1</post_id>
<post_url>http://www.zanesvilletimesrecorder.com/story/news/local/2016/08/30/od-threat-rises-antidote-fails-work-first-time/89592012/</post_url>
<post_date>20160830</post_date>
<post_time>1843</post_time>
<username></username>
<post>
OD threat rises as antidote fails to work first time Terry DeMio, USA Today Network-Ohio 2:43 p.m. EDT August 30, 2016 Alert: Naloxone isn&apos;t working on several recent ODs. CONNECT COMMENT EMAIL MORE 
A spike in overdoses have health officials especially concerned because many of the victims did not respond to the overdose antidote naloxone. 
The Hamilton County Heroin Coalition issued a warning after Hamilton County Public Health noted a surge in hospital overdose cases. The emergency department-visit surveillance system detected the increase over a recent weekend, health officials said. 
Health and law enforcement officials said during that period several victims did not respond to a usual dose of naloxone, the non-narcotic that can force someone into immediate withdrawal, restoring breathing. 
Carol Howdyshell, director of nursing at Zanesville-Muskingum County Health Department, said the ZMCHD doesn’t necessarily track the use of naloxone in the county but does participate in Project DAWN, a drug overdose prevention and education program. 
Naloxone’s effectiveness, however, depends on what kind of drugs were taken, Howdyshell said. It doesn’t work on cocaine or alcohol overdoses, and it doesn’t work well if drugs have been taken that were mixed together. 
“I don’t think it’s a problem with the naloxone,” Howdyshell said. 
The latest deadly opioid that’s been noted in the supply of drugs in Greater Cincinnati is carfentanil, a large-animal analgesic that is 100 times the strength of the synthetic opiate fentanyl, which, in turn, has been causing overdose deaths throughout the region. 
Carfentanil is an analgesic used for elephants and other large animals. The Hamilton County Heroin Coalition reported its appearance in the region in July. The synthetic opioid is reported to be 10,000 times stronger than morphine on the streets. 
That’s why people who are using what they believe to be heroin should be with someone if they do it, and others should carry the antidote and be prepared to use more than one dose, health officials said. 
Hamilton County Health Commissioner Tim Ingram said the county is alerting those who work with drug users. He also noted that health-care workers and emergency responders should be aware that carfentanil’s effects last a long time in humans. “Several doses of naloxone may be needed to reverse an overdose,” he said. 
For the general public, Ingram offered these steps: “If you find an overdose victim, call 911, begin hands-on CPR and if possible, administer as many doses of naloxone as it takes to revive the victim.” 
Carfentanil has been blamed for multiple overdoses in Akron and Columbus. 
There’s no way to be sure yet what drug caused the overdoses, but lab work is being done, according to health officials. CONNECT COMMENT EMAIL MORE Read or Share this story: http://ohne.ws/2bP3b8D TOP VIDEOS
</post>
<signature>

</signature>
<external_links>

</external_links>
<country>US</country>
<main_image>http://www.gannett-cdn.com/GDContent/applogos/zanesvilletimerecorder.png</main_image>
</document>
