<?xml version="1.0" encoding="UTF-8"?>
<document>
<type>mainstream</type>
<forum>http://feeds.feedblitz.com/debtfreespending</forum>
<forum_title>Debt Free Spending</forum_title>
<discussion_title>Sugar-Free, Low Carb Fudgesicles</discussion_title>
<language>english</language>
<gmt_offset></gmt_offset>
<topic_url>http://www.debtfreespending.com/sugar-free-low-carb-fudgesicles/</topic_url>
<topic_text>
  
After my husband found out he was diabetic, we’ve worked very hard to find low carb alternatives for his sweet tooth! I’m also on Auto Immune Paleo, so this is fine for my protocol as well. This is by far one of my favorites! You simply just mix the following ingredients and pour them into popsicles molds. 
Supplies: Popsicle molds 
Ingredients: 4 Tbs. of carob powder (for milk chocolate taste) or 2 Tbs. cocoa powder (for dark chocolate taste). 1 can coconut milk (use all the fat from the can). 3-4 Tbs. sugar substitute. We use Stevia .
</topic_text>
<spam_score>0.00</spam_score>
<post_num>1</post_num>
<post_id>post-1</post_id>
<post_url>http://www.debtfreespending.com/sugar-free-low-carb-fudgesicles/</post_url>
<post_date>20160829</post_date>
<post_time>1705</post_time>
<username>Steph</username>
<post>
  
After my husband found out he was diabetic, we’ve worked very hard to find low carb alternatives for his sweet tooth! I’m also on Auto Immune Paleo, so this is fine for my protocol as well. This is by far one of my favorites! You simply just mix the following ingredients and pour them into popsicles molds. 
Supplies: Popsicle molds 
Ingredients: 4 Tbs. of carob powder (for milk chocolate taste) or 2 Tbs. cocoa powder (for dark chocolate taste). 1 can coconut milk (use all the fat from the can). 3-4 Tbs. sugar substitute. We use Stevia .
</post>
<signature>

</signature>
<external_links>

</external_links>
<country>US</country>
<main_image>http://www.debtfreespending.com/wp-content/uploads/2016/08/Low-Carb-Fudgesicles.png</main_image>
</document>
