<?xml version="1.0" encoding="UTF-8"?>
<document>
<type>mainstream</type>
<forum>http://feeds.feedburner.com/eluniversal/ctg_nal</forum>
<forum_title>EL UNIVERSAL - Colombia</forum_title>
<discussion_title>Congresistas conservadores apoyan el Sí en el plebiscito y piden otra papeleta</discussion_title>
<language>spanish</language>
<gmt_offset></gmt_offset>
<topic_url>http://www.eluniversal.com.co/colombia/congresistas-conservadores-apoyan-el-si-en-el-plebiscito-y-piden-otra-papeleta-234458</topic_url>
<topic_text>
Congresistas conservadores apoyan el Sí en el plebiscito y piden otra papeleta COLPRENSA Bogotá 30 de Agosto de 2016 12:37 pm En la foto de izquierda a derecha: Sergio Jaramillo Alto Comisionado para la Paz, Humberto de la Calle jefe negociador del gobierno en la Habana, David Alejandro Barguil Assis Representante a la Cámara. // Colprensa - A A + A 
Luego de más de tres meses de indecisión política, los senadores y representantes del Partido Conservador, anunciaron este martes que votarán por el sí en el plebiscito y que así esperan que la totalidad del partido lo decida el próximo jueves. 
Sin embargo, como una forma de protesta con las FARC, los conservadores le pedirán al Consejo Nacional Electoral que se incluya una papeleta adicional para el 2 de octubre, en donde se diga sobre la prohibición del reclutamiento de menores. 
Según explicó el presidente del partido, representante a la Cámara David Barguil, la papeleta dirá: “Se perderán los beneficios derivados de los acuerdos de paz de cualquier actor del conflicto que mantenga niños en sus filas”. 
Esta propuesta será entregada al CNE en la tarde de este martes, pero ese organismo por el momento aún sigue deliberando sobre la reglamentación del plebiscito, por lo que este tema será discusión posteriormente. Aunque no es una pregunta como tal, no sería posible que se incluya una papeleta para formular esta advertencia debido a que no está en la ley que convocó el plebiscito, ni en los acuerdos firmados entre gobierno y FARC. 
Barguil anunció además que al conservatismo le preocupa mucho el tema de la reglamentación en los temas judiciales, por lo que dijo que se hará seguimiento especial a los proyectos que se tramiten cuando se discuta lo referente a la justicia transicional. 
De la misma forma, consideró que no es claro que pasará con lo recursos del posconflicto, para lo que el conservatismo le insistirá al gobierno que defina ese dinero cómo se conseguirá. 
Los conservadores en su dirección nacional se reunirán el próximo jueves con el fin de ratificar, ya como partido, que irán por el Sí, pero se espera conocer cuál será la posición de la excandidata Marta Lucía Ramírez, una de las principales opositoras a los acuerdos. Notas recomendadas
</topic_text>
<spam_score>0.00</spam_score>
<post_num>1</post_num>
<post_id>post-1</post_id>
<post_url>http://www.eluniversal.com.co/colombia/congresistas-conservadores-apoyan-el-si-en-el-plebiscito-y-piden-otra-papeleta-234458</post_url>
<post_date>20160830</post_date>
<post_time>1737</post_time>
<username>sestrada</username>
<post>
Congresistas conservadores apoyan el Sí en el plebiscito y piden otra papeleta COLPRENSA Bogotá 30 de Agosto de 2016 12:37 pm En la foto de izquierda a derecha: Sergio Jaramillo Alto Comisionado para la Paz, Humberto de la Calle jefe negociador del gobierno en la Habana, David Alejandro Barguil Assis Representante a la Cámara. // Colprensa - A A + A 
Luego de más de tres meses de indecisión política, los senadores y representantes del Partido Conservador, anunciaron este martes que votarán por el sí en el plebiscito y que así esperan que la totalidad del partido lo decida el próximo jueves. 
Sin embargo, como una forma de protesta con las FARC, los conservadores le pedirán al Consejo Nacional Electoral que se incluya una papeleta adicional para el 2 de octubre, en donde se diga sobre la prohibición del reclutamiento de menores. 
Según explicó el presidente del partido, representante a la Cámara David Barguil, la papeleta dirá: “Se perderán los beneficios derivados de los acuerdos de paz de cualquier actor del conflicto que mantenga niños en sus filas”. 
Esta propuesta será entregada al CNE en la tarde de este martes, pero ese organismo por el momento aún sigue deliberando sobre la reglamentación del plebiscito, por lo que este tema será discusión posteriormente. Aunque no es una pregunta como tal, no sería posible que se incluya una papeleta para formular esta advertencia debido a que no está en la ley que convocó el plebiscito, ni en los acuerdos firmados entre gobierno y FARC. 
Barguil anunció además que al conservatismo le preocupa mucho el tema de la reglamentación en los temas judiciales, por lo que dijo que se hará seguimiento especial a los proyectos que se tramiten cuando se discuta lo referente a la justicia transicional. 
De la misma forma, consideró que no es claro que pasará con lo recursos del posconflicto, para lo que el conservatismo le insistirá al gobierno que defina ese dinero cómo se conseguirá. 
Los conservadores en su dirección nacional se reunirán el próximo jueves con el fin de ratificar, ya como partido, que irán por el Sí, pero se espera conocer cuál será la posición de la excandidata Marta Lucía Ramírez, una de las principales opositoras a los acuerdos. Notas recomendadas
</post>
<signature>

</signature>
<external_links>

</external_links>
<country>CO</country>
<main_image>http://www.eluniversal.com.co/sites/default/files/201608/colp_113896_cdde4.jpg</main_image>
</document>
