<?xml version="1.0" encoding="UTF-8"?>
<document>
<type>mainstream</type>
<forum>http://www.fxstreet.fr/rss/news/forex-news</forum>
<forum_title>FXStreet: Actualités</forum_title>
<discussion_title>Production industrielle (annuellement) Japon décline de -3.8% en juillet par rapport à -1.5% précédemment</discussion_title>
<language>french</language>
<gmt_offset></gmt_offset>
<topic_url>http://www.fxstreet.fr/news/forex-news/article.aspx?storyid=22dff00f-1d0a-4323-bc5c-747f364bb45c</topic_url>
<topic_text>
Production industrielle (annuellement) Japon décline de -3.8% en juillet par rapport à -1.5% précédemment mar., août 30 2016, 23:53 GMT | FXStreet  
</topic_text>
<spam_score>0.00</spam_score>
<post_num>1</post_num>
<post_id>post-1</post_id>
<post_url>http://www.fxstreet.fr/news/forex-news/article.aspx?storyid=22dff00f-1d0a-4323-bc5c-747f364bb45c</post_url>
<post_date>20160830</post_date>
<post_time>2353</post_time>
<username>sandra@gmail.com (FXStreet)</username>
<post>
Production industrielle (annuellement) Japon décline de -3.8% en juillet par rapport à -1.5% précédemment mar., août 30 2016, 23:53 GMT | FXStreet  
</post>
<signature>

</signature>
<external_links>

</external_links>
<country>FR</country>
<main_image>http://cdn.fxstreet.com/img/facebook/usdchf/usdchf02.png</main_image>
</document>
