<?xml version="1.0" encoding="UTF-8"?>
<document>
<type>mainstream</type>
<forum>http://rssfeeds.zanesvilletimesrecorder.com/zanesville/home</forum>
<forum_title>Zanesville - Home</forum_title>
<discussion_title>Local resident Rob Miracle died doing what he loved</discussion_title>
<language>english</language>
<gmt_offset></gmt_offset>
<topic_url>http://www.zanesvilletimesrecorder.com/story/news/local/2016/08/30/local-resident-rob-miracle-died-doing-what-he-loved/89541082/</topic_url>
<topic_text>
Local resident Rob Miracle died doing what he loved Shelly Schultz , Reporter 6:01 p.m. EDT August 30, 2016 Rob Miracle (Photo: Submitted) 1967 CONNECT 5 COMMENT EMAIL MORE 
ZANESVILLE - A local business owner was killed Saturday afternoon after a multiple vehicle crash in eastern Kentucky. 
According to Kentucky State Police Trooper Steven Mounts, around 1:45 p.m., a truck travelling westbound on Kentucky Route 30 in Magoffin County crossed the center line, striking a motorcycle driven by Rob Miracle, 45, of Zanesville. Miracle was pronounced dead at the scene. 
Jack Morgan, of Zanesville, president of Down Bikers Fund Inc., sustained minor injuries when he veered his motorcycle out of the way of the oncoming truck and went over an embankment, Mounts said. 
Shari Warner, Miracle&apos;s longtime companion, said he was doing what he loved when the crash occurred. 
&quot;He loved to ride the mountains. I am always on the back of the bike with him. But this time, it was just the guys,&quot; she said. 
Miracle owned Miracle Custom Coatings for 15 years. He was a member of Down Bikers Fund Inc., an organization of bikers who help fellow bikers in need. He graduated from West Muskingum High School in 1988, coached various sports in the Maysville area over the past several years and was a mentor to many area youth. 
&quot;His children are his life,&quot; Warner said. &quot;He is a great, great father.&quot; 
Miracle had just purchased a new Indian motorcycle, something he had dreamed of since he was a child, Warner said. 
&quot;His grandpa was an Indian dealer,&quot; Warner said. &quot;We bought VIP tickets to the mile flat track in Springfield next weekend. They came in the mail Saturday.&quot; 
Warner said Miracle couldn&apos;t wait to see the Indian flat tracker. 
Miracle was the kind of guy who would give the shirt off his back to anyone in need, she said. 
Rob Miracle sits on the Indian motorcyle he recently purchased. (Photo: Submitted) 
&quot;He never met a stranger,&quot; Warner said. &quot;Everywhere we went, someone would stop and ask about his bike. Sometimes, the conversations would go on for hours, and he always made a new friend, who he usually stayed in contact with.&quot; 
His love for dirt bikes often lead him to helping a young person get started on the dirt track, Warner said. 
&quot;His number was 241,&quot; Warner said. &quot;Every time one of us would see the number 241, like the gas price or the time, we would text each other &apos;241.&apos; &quot; 
Warner said Miracle was a great friend, a great companion and a leader. 
&quot;People just gravitated toward him,&quot; Warner said. &quot;He is just a great man and everyone loved him. ... He showed me the world.&quot; 
Several events will take place in the coming weeks at various locations throughout the area to remember Miracle. 
Information on calling hours and funeral services for him can be found in Wednesday&apos;s Times Recorder. 
cschultz3@gannett.com
</topic_text>
<spam_score>0.00</spam_score>
<post_num>1</post_num>
<post_id>post-1</post_id>
<post_url>http://www.zanesvilletimesrecorder.com/story/news/local/2016/08/30/local-resident-rob-miracle-died-doing-what-he-loved/89541082/</post_url>
<post_date>20160830</post_date>
<post_time>2201</post_time>
<username></username>
<post>
Local resident Rob Miracle died doing what he loved Shelly Schultz , Reporter 6:01 p.m. EDT August 30, 2016 Rob Miracle (Photo: Submitted) 1967 CONNECT 5 COMMENT EMAIL MORE 
ZANESVILLE - A local business owner was killed Saturday afternoon after a multiple vehicle crash in eastern Kentucky. 
According to Kentucky State Police Trooper Steven Mounts, around 1:45 p.m., a truck travelling westbound on Kentucky Route 30 in Magoffin County crossed the center line, striking a motorcycle driven by Rob Miracle, 45, of Zanesville. Miracle was pronounced dead at the scene. 
Jack Morgan, of Zanesville, president of Down Bikers Fund Inc., sustained minor injuries when he veered his motorcycle out of the way of the oncoming truck and went over an embankment, Mounts said. 
Shari Warner, Miracle&apos;s longtime companion, said he was doing what he loved when the crash occurred. 
&quot;He loved to ride the mountains. I am always on the back of the bike with him. But this time, it was just the guys,&quot; she said. 
Miracle owned Miracle Custom Coatings for 15 years. He was a member of Down Bikers Fund Inc., an organization of bikers who help fellow bikers in need. He graduated from West Muskingum High School in 1988, coached various sports in the Maysville area over the past several years and was a mentor to many area youth. 
&quot;His children are his life,&quot; Warner said. &quot;He is a great, great father.&quot; 
Miracle had just purchased a new Indian motorcycle, something he had dreamed of since he was a child, Warner said. 
&quot;His grandpa was an Indian dealer,&quot; Warner said. &quot;We bought VIP tickets to the mile flat track in Springfield next weekend. They came in the mail Saturday.&quot; 
Warner said Miracle couldn&apos;t wait to see the Indian flat tracker. 
Miracle was the kind of guy who would give the shirt off his back to anyone in need, she said. 
Rob Miracle sits on the Indian motorcyle he recently purchased. (Photo: Submitted) 
&quot;He never met a stranger,&quot; Warner said. &quot;Everywhere we went, someone would stop and ask about his bike. Sometimes, the conversations would go on for hours, and he always made a new friend, who he usually stayed in contact with.&quot; 
His love for dirt bikes often lead him to helping a young person get started on the dirt track, Warner said. 
&quot;His number was 241,&quot; Warner said. &quot;Every time one of us would see the number 241, like the gas price or the time, we would text each other &apos;241.&apos; &quot; 
Warner said Miracle was a great friend, a great companion and a leader. 
&quot;People just gravitated toward him,&quot; Warner said. &quot;He is just a great man and everyone loved him. ... He showed me the world.&quot; 
Several events will take place in the coming weeks at various locations throughout the area to remember Miracle. 
Information on calling hours and funeral services for him can be found in Wednesday&apos;s Times Recorder. 
cschultz3@gannett.com
</post>
<signature>

</signature>
<external_links>

</external_links>
<country>US</country>
<main_image>http://www.gannett-cdn.com/-mm-/77cfedb348ea9363f5ad1542d079d3c5c71795a5/c=0-62-1199-739&amp;amp;r=x633&amp;amp;c=1200x630/local/-/media/2016/08/30/OHGroup/Zanesville/636081473453109728-Rob-Miracle2.png</main_image>
</document>
