<?xml version="1.0" encoding="UTF-8"?>
<document>
<type>mainstream</type>
<forum>http://www.journaldemontreal.com//rss.xml</forum>
<forum_title>Accueil</forum_title>
<discussion_title>Ottawa: 14 mois de prison pour des relations sexuelles avec un élève</discussion_title>
<language>french</language>
<gmt_offset></gmt_offset>
<topic_url>http://www.journaldemontreal.com/2016/08/30/ottawa-14-mois-de-prison-pour-des-relations-sexuelles-avec-un-eleve</topic_url>
<topic_text>
Ottawa: 14 mois de prison pour des relations sexuelles avec un élève Autres Mardi, 30 août 2016 20:44 MISE à JOUR Mardi, 30 août 2016 20:44 Coup d&apos;oeil sur cet article 
Une ex-aide-enseignante d&apos;une école secondaire d&apos;Ottawa a écopé d’une peine de prison de 14 mois pour avoir exploité sexuellement un étudiant. 
Katherine Kitts, 46 ans, a entretenu durant deux ans une relation de nature sexuelle avec un jeune adolescent de l’école où elle exerçait son métier. C’est la mère de ce dernier qui aurait alerté les policiers après avoir découvert des centaines de messages textes qu’échangeait son fils avec son aide-enseignante. 
Il a été révélé durant le procès que Mme Kitts avait des relations sexuelles avec le jeune adolescent dans sa voiture, qui était garée tout juste aux abords de l’école, dans laquelle elle aurait même pris la peine d’installer un matelas gonflable. 
Le jeune homme impliqué dans cette histoire s’est dit «profondément marqué» et a mentionné dans une déclaration lue en cour que l’aide-enseignante lui avait «volé son innocence». 
Katherine Kitts est elle-même mère de deux adolescents. 
La Couronne demandait une peine d’emprisonnement de 12 à 14 mois. La juge a finalement opté pour une peine de 14 mois derrière les barreaux, accompagnée de deux ans de probation. Sur le même sujet
</topic_text>
<spam_score>0.00</spam_score>
<post_num>1</post_num>
<post_id>post-1</post_id>
<post_url>http://www.journaldemontreal.com/2016/08/30/ottawa-14-mois-de-prison-pour-des-relations-sexuelles-avec-un-eleve</post_url>
<post_date>20160831</post_date>
<post_time>0044</post_time>
<username></username>
<post>
Ottawa: 14 mois de prison pour des relations sexuelles avec un élève Autres Mardi, 30 août 2016 20:44 MISE à JOUR Mardi, 30 août 2016 20:44 Coup d&apos;oeil sur cet article 
Une ex-aide-enseignante d&apos;une école secondaire d&apos;Ottawa a écopé d’une peine de prison de 14 mois pour avoir exploité sexuellement un étudiant. 
Katherine Kitts, 46 ans, a entretenu durant deux ans une relation de nature sexuelle avec un jeune adolescent de l’école où elle exerçait son métier. C’est la mère de ce dernier qui aurait alerté les policiers après avoir découvert des centaines de messages textes qu’échangeait son fils avec son aide-enseignante. 
Il a été révélé durant le procès que Mme Kitts avait des relations sexuelles avec le jeune adolescent dans sa voiture, qui était garée tout juste aux abords de l’école, dans laquelle elle aurait même pris la peine d’installer un matelas gonflable. 
Le jeune homme impliqué dans cette histoire s’est dit «profondément marqué» et a mentionné dans une déclaration lue en cour que l’aide-enseignante lui avait «volé son innocence». 
Katherine Kitts est elle-même mère de deux adolescents. 
La Couronne demandait une peine d’emprisonnement de 12 à 14 mois. La juge a finalement opté pour une peine de 14 mois derrière les barreaux, accompagnée de deux ans de probation. Sur le même sujet
</post>
<signature>

</signature>
<external_links>

</external_links>
<country>US</country>
<main_image>http://storage.journaldemontreal.com/v1/dynamic_resize/sws_path/jdx-prod-images/a12c2bce-9ee8-40f5-a3eb-141753247645_JDX-2x1_WEB.jpg?quality=80&amp;size=1200x&amp;version=1</main_image>
</document>
