<?xml version="1.0" encoding="UTF-8"?>
<document>
<type>mainstream</type>
<forum>http://feeds.feedburner.com/eluniversal/ctg_nal</forum>
<forum_title>EL UNIVERSAL - Colombia</forum_title>
<discussion_title>Mindefensa reportó normalidad durante el segundo día de cese el fuego</discussion_title>
<language>spanish</language>
<gmt_offset></gmt_offset>
<topic_url>http://www.eluniversal.com.co/colombia/mindefensa-reporto-normalidad-durante-el-segundo-dia-de-cese-el-fuego-234497</topic_url>
<topic_text>
Mindefensa reportó normalidad durante el segundo día de cese el fuego COLPRENSA 30 de Agosto de 2016 05:59 pm El ministro de Defensa, Luis Carlos Villegas. // COLPRENSA - A A + A 
El ministro de Defensa, Luis Carlos Villegas, entregó un reporte de normalidad durante los dos primeros días del cese el fuego con las FARC y resaltó el compromiso, tanto de la guerrilla como de la Fuerza Pública, al respetar lo pactado en La Habana. 
“El reporte que tengo de las distintas regiones y de las unidades militares y de policía desplegadas es que la gente realmente se ha tomado en serio el cese el fuego y de hostilidades. Estamos volviendo a territorios vedados y hay tranquilidad en el tránsito nocturno, por ejemplo”, señaló el jefe de la cartera del Defensa. 
En ese sentido, Villegas indicó que Naciones Unidas ya fueron informadas del inicio al cese el fuego, por lo que durante los dos primeros días del cese de hostilidades las FARC ya iniciaron con la concentración, para hacer el posterior desplazamiento a las zonas veredales y campamentos. 
“Ya han empezado los movimientos de concentración y la reintegración será plenamente respetada una vez inicie el cronograma de los 180 días, estamos en plena comunicación para recibir la información de dónde están las unidades de las FARC”, explicó. 
Villegas también informó que buscarán que transcurra con tranquilidad la jornada que se avecina, en la que se adelantará la conferencia Nacional de las FARC. 
PRESUPUESTOEl ministro también asistió este martes a la sesión conjunta en las comisiones III y IV de Senado y Cámara de Representantes, donde exaltó el esfuerzo del Gobierno por mantener y aumentar los recursos del sector Defensa, con el fin de mejorar las capacidades y tecnología de la Fuerza pública, de cara al posconflicto. 
“Esta paz nos tiene que tomar con las Fuerzas Armadas más poderosas de nuestra historia, para poder enfrentar dos retos: el primero, la consecución de una paz estable y duradera en lo negociado, y dos, para doblegar las amenazas que quedan”, señaló ante el legislativo.
</topic_text>
<spam_score>0.00</spam_score>
<post_num>1</post_num>
<post_id>post-1</post_id>
<post_url>http://www.eluniversal.com.co/colombia/mindefensa-reporto-normalidad-durante-el-segundo-dia-de-cese-el-fuego-234497</post_url>
<post_date>20160830</post_date>
<post_time>2259</post_time>
<username>arodriguez</username>
<post>
Mindefensa reportó normalidad durante el segundo día de cese el fuego COLPRENSA 30 de Agosto de 2016 05:59 pm El ministro de Defensa, Luis Carlos Villegas. // COLPRENSA - A A + A 
El ministro de Defensa, Luis Carlos Villegas, entregó un reporte de normalidad durante los dos primeros días del cese el fuego con las FARC y resaltó el compromiso, tanto de la guerrilla como de la Fuerza Pública, al respetar lo pactado en La Habana. 
“El reporte que tengo de las distintas regiones y de las unidades militares y de policía desplegadas es que la gente realmente se ha tomado en serio el cese el fuego y de hostilidades. Estamos volviendo a territorios vedados y hay tranquilidad en el tránsito nocturno, por ejemplo”, señaló el jefe de la cartera del Defensa. 
En ese sentido, Villegas indicó que Naciones Unidas ya fueron informadas del inicio al cese el fuego, por lo que durante los dos primeros días del cese de hostilidades las FARC ya iniciaron con la concentración, para hacer el posterior desplazamiento a las zonas veredales y campamentos. 
“Ya han empezado los movimientos de concentración y la reintegración será plenamente respetada una vez inicie el cronograma de los 180 días, estamos en plena comunicación para recibir la información de dónde están las unidades de las FARC”, explicó. 
Villegas también informó que buscarán que transcurra con tranquilidad la jornada que se avecina, en la que se adelantará la conferencia Nacional de las FARC. 
PRESUPUESTOEl ministro también asistió este martes a la sesión conjunta en las comisiones III y IV de Senado y Cámara de Representantes, donde exaltó el esfuerzo del Gobierno por mantener y aumentar los recursos del sector Defensa, con el fin de mejorar las capacidades y tecnología de la Fuerza pública, de cara al posconflicto. 
“Esta paz nos tiene que tomar con las Fuerzas Armadas más poderosas de nuestra historia, para poder enfrentar dos retos: el primero, la consecución de una paz estable y duradera en lo negociado, y dos, para doblegar las amenazas que quedan”, señaló ante el legislativo.
</post>
<signature>

</signature>
<external_links>

</external_links>
<country>CO</country>
<main_image>http://www.eluniversal.com.co/sites/default/files/201608/villegas_2.jpg</main_image>
</document>
