<?xml version="1.0" encoding="UTF-8"?>
<document>
<type>mainstream</type>
<forum>http://rssfeeds.zanesvilletimesrecorder.com/zanesville/home</forum>
<forum_title>Zanesville - Home</forum_title>
<discussion_title>Police investigating arson at apartment complex</discussion_title>
<language>english</language>
<gmt_offset></gmt_offset>
<topic_url>http://www.zanesvilletimesrecorder.com/story/news/local/2016/08/30/police-investigating-arson-apartment-complex/89594610/</topic_url>
<topic_text>
Let friends in your social network know what you are reading about Facebook Email Police investigating arson at apartment complex Zanesville police are investigating a Sunday fire at Sandhurst Apartments as an arson. Post to Facebook Police investigating arson at apartment complex Zanesville police are investigating a Sunday fire at Sandhurst Apartments as an arson. Check out this story on zanesvilletimesrecorder.com: http://ohne.ws/2bP8pRs Cancel Send A link has been sent to your friend&apos;s email address. Posted! A link has been posted to your Facebook feed. Join the Conversation
</topic_text>
<spam_score>0.00</spam_score>
<post_num>1</post_num>
<post_id>post-1</post_id>
<post_url>http://www.zanesvilletimesrecorder.com/story/news/local/2016/08/30/police-investigating-arson-apartment-complex/89594610/</post_url>
<post_date>20160830</post_date>
<post_time>2004</post_time>
<username></username>
<post>
Let friends in your social network know what you are reading about Facebook Email Police investigating arson at apartment complex Zanesville police are investigating a Sunday fire at Sandhurst Apartments as an arson. Post to Facebook Police investigating arson at apartment complex Zanesville police are investigating a Sunday fire at Sandhurst Apartments as an arson. Check out this story on zanesvilletimesrecorder.com: http://ohne.ws/2bP8pRs Cancel Send A link has been sent to your friend&apos;s email address. Posted! A link has been posted to your Facebook feed. Join the Conversation
</post>
<signature>

</signature>
<external_links>

</external_links>
<country>US</country>
<main_image>http://www.gannett-cdn.com/GDContent/applogos/zanesvilletimerecorder.png</main_image>
</document>
