<?xml version="1.0" encoding="UTF-8"?>
<document>
<type>mainstream</type>
<forum>http://rzeszowiak.pl//rss/Praca-Zatrudnie.xml</forum>
<forum_title>Praca www.rzeszowiak.pl</forum_title>
<discussion_title>Logopeda do pracy z dziećmi ze spektrum autyzmu ...</discussion_title>
<language>polish</language>
<gmt_offset></gmt_offset>
<topic_url>http://www.rzeszowiak.pl/rzeszowske-stowarzyszenie-na-rzecz-dzieci-niepelnosprawnych-i-autystycznych-8328715</topic_url>
<topic_text>
1850 PLN Treść ogłoszenia RZESZOWSKE STOWARZYSZENIE NA RZECZ DZIECI NIEPEŁNOSPRAWNYCH I AUTYSTYCZNYCH SOLIS RADUIS poszukuje do Ośrodka Terapeutycznego osoby na stanowisku logopedy, która będzie prowadzić zajęcia z dziećmi ze spektrum autyzmu.Wymagane studia wyższe kierunkowe (w tym licencjat), bądź studia podyplomowe.Opcjonalnie wykształcenie: oligofrenopedagogika, język angielski, kierunkowy autyzm.Niezbędne badania sanitarno-epidemiologiczne.Praca jednozmianowa w godzinach od 7:30-15:30, od poniedziałku do piątku.Wymagany wolontariat do 2 tygodni.Umowa na okres próbny na 3 miesiące.Możliwa umowa na czas nieokreślony.Wynagrodzenie na okresie próbnym – 1850,00 PLNCzas zatrudnienia na okres próbny od 10.09.2016 rokuMiejsce pracy w Placówkach Oświatowych Stowarzyszenia - Rzeszów, ul. Saska 56,
</topic_text>
<spam_score>0.00</spam_score>
<post_num>1</post_num>
<post_id>post-1</post_id>
<post_url>http://www.rzeszowiak.pl/rzeszowske-stowarzyszenie-na-rzecz-dzieci-niepelnosprawnych-i-autystycznych-8328715</post_url>
<post_date>20160830</post_date>
<post_time>0651</post_time>
<username>Logopeda do pracy z dziećmi ze spektrum autyzmu</username>
<post>
1850 PLN Treść ogłoszenia RZESZOWSKE STOWARZYSZENIE NA RZECZ DZIECI NIEPEŁNOSPRAWNYCH I AUTYSTYCZNYCH SOLIS RADUIS poszukuje do Ośrodka Terapeutycznego osoby na stanowisku logopedy, która będzie prowadzić zajęcia z dziećmi ze spektrum autyzmu.Wymagane studia wyższe kierunkowe (w tym licencjat), bądź studia podyplomowe.Opcjonalnie wykształcenie: oligofrenopedagogika, język angielski, kierunkowy autyzm.Niezbędne badania sanitarno-epidemiologiczne.Praca jednozmianowa w godzinach od 7:30-15:30, od poniedziałku do piątku.Wymagany wolontariat do 2 tygodni.Umowa na okres próbny na 3 miesiące.Możliwa umowa na czas nieokreślony.Wynagrodzenie na okresie próbnym – 1850,00 PLNCzas zatrudnienia na okres próbny od 10.09.2016 rokuMiejsce pracy w Placówkach Oświatowych Stowarzyszenia - Rzeszów, ul. Saska 56,
</post>
<signature>

</signature>
<external_links>

</external_links>
<country>PL</country>
<main_image></main_image>
</document>
