<?xml version="1.0" encoding="UTF-8"?>
<document>
<type>mainstream</type>
<forum>http://feeds.feedburner.com/corrienteshoy/tccb</forum>
<forum_title>Corrientes Hoy</forum_title>
<discussion_title>Las tabacaleras vuelven a aumentar el precio de los cigarrillos</discussion_title>
<language>spanish</language>
<gmt_offset></gmt_offset>
<topic_url>http://www.corrienteshoy.com/noticias/view/156619</topic_url>
<topic_text>
Economía - 30/08/2016 
(LISTA DE PRECIOS) Los fabricantes de cigarrillos volvieron a incrementar los precios de los atados a pesar de que las ventas en el mercado local acumulan alrededor de un 25% de caída. 
La primera en anunciar el aumento fue Massalin Particulares, que aplicó una suba de 5% en promedio para todas sus marcas a partir del 27 de agosto. Su principal competidora, British American Tobacco Argentina (ex Nobleza Piccardo) hizo lo propio este martes y oficializó su nueva lista de precios. 
Si bien entre mayo y el mes pasado las ventas cayeron 25% con relación a igual trimestre del año pasado en Massalin, la companía tomó la determinación de retocar los valores para poder afrontar el reacomodamiento de varias alícuotas de impuestos que pesan en el valor de un atado. 
Se trata del componente fijo que tiene el Fondo Especial del Tabaco (FET), y el Impuesto Mínimo de Internos que, según fuentes de la industria los obliga a retocar sus precios a pesar de la crisis que atraviesa la industria desde que el Gobierno incrementó la presión fiscal al sector con el objetivo de recaudar más y distribuir más fondos a las provincias productoras de tabaco. 
Ya a mediados de agosto esta firma había anticipado que en octubre suspenderá por una semana la producción de cigarrillos en las plantas que posee del partido bonaerense de Merlo y la ciudad correntina de Goya, debido a &quot;la fuerte caída en las ventas de sus productos&quot; registrada durante los últimos meses. 
Cerró también la planta de acopio en la localidad de La Cocha, al sur de la provincia de Tucumán, según había informado Télam. 
La decisión respondia &quot;a la necesidad de ajustar stocks después que, a partir del 1º de mayo, la carga fiscal sobre la actividad se elevara al 80% del precio de venta al público, impactando negativamente en la dinámica del mercado&quot;, explicó la firma en un comunicado. 
Como consecuencia, durante el primer trimestre de vigencia de la nueva carga impositiva, el volumen de ventas de atados de cigarrillos se redujo un 25% contra igual periodo del año pasado, aseguraron desde la empresa. 
Los siguientes son los nuevos precios de Massalin Particulares para sus marcas Malboro, Parliament, Philip Morris, entre otras. 

British American Tobacco Argentina también confirmó a este medio su nueva lista de precios para reconocidas marcas como Lucky Strike, Camel y el nuevo producto, Rothmans. La misma rige a partir de este martes 30 de agosto: Calificá esta nota
</topic_text>
<spam_score>0.00</spam_score>
<post_num>1</post_num>
<post_id>post-1</post_id>
<post_url>http://www.corrienteshoy.com/noticias/view/156619</post_url>
<post_date>20160831</post_date>
<post_time>0025</post_time>
<username></username>
<post>
Economía - 30/08/2016 
(LISTA DE PRECIOS) Los fabricantes de cigarrillos volvieron a incrementar los precios de los atados a pesar de que las ventas en el mercado local acumulan alrededor de un 25% de caída. 
La primera en anunciar el aumento fue Massalin Particulares, que aplicó una suba de 5% en promedio para todas sus marcas a partir del 27 de agosto. Su principal competidora, British American Tobacco Argentina (ex Nobleza Piccardo) hizo lo propio este martes y oficializó su nueva lista de precios. 
Si bien entre mayo y el mes pasado las ventas cayeron 25% con relación a igual trimestre del año pasado en Massalin, la companía tomó la determinación de retocar los valores para poder afrontar el reacomodamiento de varias alícuotas de impuestos que pesan en el valor de un atado. 
Se trata del componente fijo que tiene el Fondo Especial del Tabaco (FET), y el Impuesto Mínimo de Internos que, según fuentes de la industria los obliga a retocar sus precios a pesar de la crisis que atraviesa la industria desde que el Gobierno incrementó la presión fiscal al sector con el objetivo de recaudar más y distribuir más fondos a las provincias productoras de tabaco. 
Ya a mediados de agosto esta firma había anticipado que en octubre suspenderá por una semana la producción de cigarrillos en las plantas que posee del partido bonaerense de Merlo y la ciudad correntina de Goya, debido a &quot;la fuerte caída en las ventas de sus productos&quot; registrada durante los últimos meses. 
Cerró también la planta de acopio en la localidad de La Cocha, al sur de la provincia de Tucumán, según había informado Télam. 
La decisión respondia &quot;a la necesidad de ajustar stocks después que, a partir del 1º de mayo, la carga fiscal sobre la actividad se elevara al 80% del precio de venta al público, impactando negativamente en la dinámica del mercado&quot;, explicó la firma en un comunicado. 
Como consecuencia, durante el primer trimestre de vigencia de la nueva carga impositiva, el volumen de ventas de atados de cigarrillos se redujo un 25% contra igual periodo del año pasado, aseguraron desde la empresa. 
Los siguientes son los nuevos precios de Massalin Particulares para sus marcas Malboro, Parliament, Philip Morris, entre otras. 

British American Tobacco Argentina también confirmó a este medio su nueva lista de precios para reconocidas marcas como Lucky Strike, Camel y el nuevo producto, Rothmans. La misma rige a partir de este martes 30 de agosto: Calificá esta nota
</post>
<signature>

</signature>
<external_links>

</external_links>
<country>US</country>
<main_image>http://www.corrienteshoy.com/files/imagenes/30082016212922.jpg</main_image>
</document>
