<?xml version="1.0" encoding="UTF-8"?>
<document>
<type>mainstream</type>
<forum>http://rssfeeds.thv11.com/_/20/73571463/kthv/local</forum>
<forum_title>KTHV - Local</forum_title>
<discussion_title>Wet weather could put damper on dove...</discussion_title>
<language>english</language>
<gmt_offset></gmt_offset>
<topic_url>http://rssfeeds.thv11.com/_/20/73571463/kthv/http&amp;#x3a;&amp;#x2f;&amp;#x2f;www&amp;#x2e;thv11&amp;#x2e;com&amp;#x2f;news&amp;#x2f;local&amp;#x2f;wet-weather-could-put-damper-on-dove-season-opener&amp;#x2f;311452373</topic_url>
<topic_text>
Wet weather could put damper on dove season opener Wet weather could put damper on dove season Meredith Mitchell, KTHV 8:13 PM. EDT August 30, 2016 CREDIT: KTHV CONNECT TWEET LINKEDIN GOOGLE+ PINTEREST 
MORRILTON, Ark. (KTHV) -- Dove season opens this Saturday, and spring and summer rains have brought a cloud of uncertainty to the opening weekend. 
Much like the first Saturday of college football, opening day of dove season is regarded as the kick-off to hunting season. 
Randy Zellers with Arkansas Game and Fish said a wet spring, and now a wet August, threw a variable into the hunting outlook. 
&quot;Unfortunately, this year we had a very wet spring. If you&apos;ll remember all the floods that we had during spring that caused a lot of farmers to be delayed,&quot; said Zellers. 
Meaning crops are not ready to harvest or be mowed down. 
&quot;It all depends on whether or not the food is there when the doves come through. That food source isn&apos;t there, they&apos;re going to fly on.&quot; 
Wildlife management areas are usually planted with sunflowers, the &quot;candy&quot; that attracts doves. 
Holla Bend Wildlife Area outside Morrilton is the perfect example. It traditionally offers some of the best public hunting in the state, with hundreds of acres of cut feed fields to attract the birds. 
However, this year&apos;s weather has altered that terrain. 
&quot;This year we really did not get a chance to plant those in time because of the floods.&quot; 
As it looks now, dove hunters should scout and be prepared to move on opening day to find birds. 
&quot;The places that they normally would have hunted, they&apos;re not going to be ready this year.&quot; 
Hunters who look ahead may be able to find a hidden gem with plenty of food to attract doves. 
Don&apos;t get locked into one place advised Zellers. 
&quot;Driving and looking at power lines is one way to tell how many doves are staying in a specific area.&quot; 
Zellers hopes it may just be a slow opener. 
The Game and Fish Commission said many of the fields normally prepared with sunflowers and other seed crops, will be planted with wheat in the next week if the weather permits tractors to get out in the field.
</topic_text>
<spam_score>0.00</spam_score>
<post_num>1</post_num>
<post_id>post-1</post_id>
<post_url>http://rssfeeds.thv11.com/_/20/73571463/kthv/http&amp;#x3a;&amp;#x2f;&amp;#x2f;www&amp;#x2e;thv11&amp;#x2e;com&amp;#x2f;news&amp;#x2f;local&amp;#x2f;wet-weather-could-put-damper-on-dove-season-opener&amp;#x2f;311452373</post_url>
<post_date>20160831</post_date>
<post_time>0013</post_time>
<username>Meredith Mitchell</username>
<post>
Wet weather could put damper on dove season opener Wet weather could put damper on dove season Meredith Mitchell, KTHV 8:13 PM. EDT August 30, 2016 CREDIT: KTHV CONNECT TWEET LINKEDIN GOOGLE+ PINTEREST 
MORRILTON, Ark. (KTHV) -- Dove season opens this Saturday, and spring and summer rains have brought a cloud of uncertainty to the opening weekend. 
Much like the first Saturday of college football, opening day of dove season is regarded as the kick-off to hunting season. 
Randy Zellers with Arkansas Game and Fish said a wet spring, and now a wet August, threw a variable into the hunting outlook. 
&quot;Unfortunately, this year we had a very wet spring. If you&apos;ll remember all the floods that we had during spring that caused a lot of farmers to be delayed,&quot; said Zellers. 
Meaning crops are not ready to harvest or be mowed down. 
&quot;It all depends on whether or not the food is there when the doves come through. That food source isn&apos;t there, they&apos;re going to fly on.&quot; 
Wildlife management areas are usually planted with sunflowers, the &quot;candy&quot; that attracts doves. 
Holla Bend Wildlife Area outside Morrilton is the perfect example. It traditionally offers some of the best public hunting in the state, with hundreds of acres of cut feed fields to attract the birds. 
However, this year&apos;s weather has altered that terrain. 
&quot;This year we really did not get a chance to plant those in time because of the floods.&quot; 
As it looks now, dove hunters should scout and be prepared to move on opening day to find birds. 
&quot;The places that they normally would have hunted, they&apos;re not going to be ready this year.&quot; 
Hunters who look ahead may be able to find a hidden gem with plenty of food to attract doves. 
Don&apos;t get locked into one place advised Zellers. 
&quot;Driving and looking at power lines is one way to tell how many doves are staying in a specific area.&quot; 
Zellers hopes it may just be a slow opener. 
The Game and Fish Commission said many of the fields normally prepared with sunflowers and other seed crops, will be planted with wheat in the next week if the weather permits tractors to get out in the field.
</post>
<signature>

</signature>
<external_links>

</external_links>
<country>US</country>
<main_image>http://content.thv11.com/photo/2016/08/30/doveseason1_1472601888925_5885253_ver1.0_640_360.jpeg</main_image>
</document>
