<?xml version="1.0" encoding="UTF-8"?>
<document>
<type>mainstream</type>
<forum>http://feeds.feedburner.com/dealigg/latest</forum>
<forum_title>All User Submitted Deals at Dealigg.com</forum_title>
<discussion_title>ClosetMaid Ceiling and Wall Hook 3555700 for $5.11</discussion_title>
<language>english</language>
<gmt_offset></gmt_offset>
<topic_url>http://www.dealigg.com/story-ClosetMaid-Ceiling-Wall-Hook-3555700</topic_url>
<topic_text>
At Walmart ; posted by hw 22   Free shipping to your store. Wall hook Easily mounts to ceiling, rafter or wall All hardware included
</topic_text>
<spam_score>0.00</spam_score>
<post_num>1</post_num>
<post_id>post-1</post_id>
<post_url>http://www.dealigg.com/story-ClosetMaid-Ceiling-Wall-Hook-3555700</post_url>
<post_date>20160831</post_date>
<post_time>0026</post_time>
<username></username>
<post>
At Walmart ; posted by hw 22   Free shipping to your store. Wall hook Easily mounts to ceiling, rafter or wall All hardware included
</post>
<signature>

</signature>
<external_links>

</external_links>
<country></country>
<main_image></main_image>
</document>
