<?xml version="1.0" encoding="UTF-8"?>
<document>
<type>mainstream</type>
<forum>http://gb-www.digitimes.com.tw/tw/rss/xml/xmlrss_10_140.xml</forum>
<forum_title>DIGITIMES-观点</forum_title>
<discussion_title>Daimler分时租车服务前进大陆</discussion_title>
<language>english</language>
<gmt_offset></gmt_offset>
<topic_url>http://www.digitimes.com.tw/tw/dt/n/shwnws.asp?id=0000479312_4M82Z33X2T3VGV1D16BFX</topic_url>
<topic_text>
2016/08/31- 陳彥志
</topic_text>
<spam_score>0.00</spam_score>
<post_num>1</post_num>
<post_id>post-1</post_id>
<post_url>http://www.digitimes.com.tw/tw/dt/n/shwnws.asp?id=0000479312_4M82Z33X2T3VGV1D16BFX</post_url>
<post_date>20160830</post_date>
<post_time>1805</post_time>
<username></username>
<post>
2016/08/31- 陳彥志
</post>
<signature>

</signature>
<external_links>

</external_links>
<country>TW</country>
<main_image></main_image>
</document>
