<?xml version="1.0" encoding="UTF-8"?>
<document>
<type>mainstream</type>
<forum></forum>
<forum_title></forum_title>
<discussion_title>Crystal Lagoons y MCH construirán desarrollo residencial en Puebla - construccion Obrasweb.mx</discussion_title>
<language>spanish</language>
<gmt_offset></gmt_offset>
<topic_url>http://www.obrasweb.mx/construccion/2016/08/30/crystal-lagoons-construira-1350-condominios-residenciales-en-puebla</topic_url>
<topic_text>
Martes, 30 de agosto de 2016 a las 17:24 POR CIUDAD DE MÉXICO — Crystal Lagoons y Corporativo MCH construirán en la ciudad de Atlixco, Puebla, un complejo residencial de más de 1,350 condominios residenciales, en plena zona urbana, el cual requerirá una inversión de 115 millones de dólares. La multinacional Crystal Lagoons informó en un comunicado que el nuevo proyecto Lagoons Country Club, será el primer esquema residencial en plena zona urbana de Atlixco, y contará con la primera laguna cristalina rodeada de playas de arena blanca. Señaló que en sociedad con el desarrollador inmobiliario mexicano Corporativo MCH construirá dicho complejo, que contará con laguna cristalina de tres hectáreas, donde se podrán realizar deportes acuáticos sin motor como kayak, vela, paddle board, windsurf, entre otros. El gerente de la multinacional, Jean Pierre Juanchich, dijo que &quot;para Crystal Lagoons, México representa un mercado con mucho potencial de crecimiento. Tenemos planeado desarrollar 50 proyectos en el país en los próximos ocho años, que involucrarán una inversión asociada de 10,000 millones de dólares y Lagoons Country Club es nuestro primer proyecto de primera vivienda en Puebla&quot;. Lee más: Crystal Lagoons construirá playas artificiales en ciudades de México El proyecto que comenzará a construirse en los próximos meses, tendrá un bajo consumo de agua, pues operará como un circuito cerrado, y podra utilizarse en el agua dulce, de mar, salobre o agua de napas subterráneas del desierto, que no tiene ningún uso alternativo. ÚLTIMAS NOTICIAS 
</topic_text>
<spam_score>0.20</spam_score>
<post_num>1</post_num>
<post_id>post-1</post_id>
<post_url>http://www.obrasweb.mx/construccion/2016/08/30/crystal-lagoons-construira-1350-condominios-residenciales-en-puebla</post_url>
<post_date>20160831</post_date>
<post_time></post_time>
<username></username>
<post>
Martes, 30 de agosto de 2016 a las 17:24 POR CIUDAD DE MÉXICO — Crystal Lagoons y Corporativo MCH construirán en la ciudad de Atlixco, Puebla, un complejo residencial de más de 1,350 condominios residenciales, en plena zona urbana, el cual requerirá una inversión de 115 millones de dólares. La multinacional Crystal Lagoons informó en un comunicado que el nuevo proyecto Lagoons Country Club, será el primer esquema residencial en plena zona urbana de Atlixco, y contará con la primera laguna cristalina rodeada de playas de arena blanca. Señaló que en sociedad con el desarrollador inmobiliario mexicano Corporativo MCH construirá dicho complejo, que contará con laguna cristalina de tres hectáreas, donde se podrán realizar deportes acuáticos sin motor como kayak, vela, paddle board, windsurf, entre otros. El gerente de la multinacional, Jean Pierre Juanchich, dijo que &quot;para Crystal Lagoons, México representa un mercado con mucho potencial de crecimiento. Tenemos planeado desarrollar 50 proyectos en el país en los próximos ocho años, que involucrarán una inversión asociada de 10,000 millones de dólares y Lagoons Country Club es nuestro primer proyecto de primera vivienda en Puebla&quot;. Lee más: Crystal Lagoons construirá playas artificiales en ciudades de México El proyecto que comenzará a construirse en los próximos meses, tendrá un bajo consumo de agua, pues operará como un circuito cerrado, y podra utilizarse en el agua dulce, de mar, salobre o agua de napas subterráneas del desierto, que no tiene ningún uso alternativo. ÚLTIMAS NOTICIAS 
</post>
<signature>

</signature>
<external_links>

</external_links>
<country>US</country>
<main_image>http://static.obrasweb.mx/media/2016/30/08/crystal-lagoons-20160830172130.jpg</main_image>
</document>
