<?xml version="1.0" encoding="UTF-8"?>
<document>
<type>mainstream</type>
<forum>http://lr-club.com/index.php?act=rssout&amp;id=9</forum>
<forum_title>LR-CLUB.COM | LR-CLUB.COM</forum_title>
<discussion_title>ДИЗЕЛЬ (RR, cерия 2002) -&gt; Умирает АКПП или же что-то еще?</discussion_title>
<language>english</language>
<gmt_offset></gmt_offset>
<topic_url>http://lr-club.com/index.php?showtopic=141274&amp;st=0&amp;p=2777953&amp;#entry2777953</topic_url>
<topic_text>
Đĺăčńňđŕöč˙: 23.4.2014 Ďîëüçîâŕňĺëü š: 71 162 Ěŕđęŕ ěŕřčíű: Ďđî÷čňŕë íĺńęîëüęî âĺňîę ďđî ŔĘĎĎ, íî íĺ óâĺđĺí, ÷ňî íŕřĺë ďđîáëĺěó ńîďîńňŕâčěóţ ń ěîĺé.Äŕíî: RR, 3,6TD, 2009 ăîä č ďđîáĺă îęîëî 120 000ęě.Ďđîáëĺěŕ: ĺůĺ â đŕéîíĺ 80 000 ęě ńňŕë çŕěĺ÷ŕňü, ÷ňî ďĺđčîäč÷ĺńęč, ęîăäŕ ńňŕđňóţ ńî ńâĺňîôîđŕ, ďđî˙âë˙ĺňń˙ çâóę č îůóůĺíčĺ, ęŕę ĺńëč áű áóęńîâŕëî çŕäíĺĺ ďđŕâîĺ ęîëĺńî. Ďđč ýňîě đŕçăîí˙ţńü ˙ âńĺăäŕ ńďîęîéíî. Đîâíî ňŕęîĺ ćĺ îůóůĺíčĺ âîçíčęŕĺň, ęîăäŕ íŕ çŕäíĺďđčâîäíîé ěŕřčíĺ ńňŕđňóĺřü &quot;ňŕďęŕ â ďîë&quot;.Äĺëŕ˙ ŇÎ č đĺěîíň, íčęîăäŕ ˙ íĺ îáđŕůŕë âíčěŕíčĺ ńĺđâčńěĺíîâ íŕ ýňî. Âďđî÷ĺě, îíč ňîćĺ íč÷ĺăî íĺ íŕőîäčëč.Ńĺé÷ŕń ďî îůóůĺíč˙ě çâóę óńčëčëń˙ ńëĺäóţůčě îáđŕçîě:1. Âîçíčęŕĺň ÷ŕůĺ;2. Îůóůĺíčĺ, ÷ňî áóęńóţň îáŕ ęîëĺńŕ çŕäíčő.Ďđč ýňîě íĺň íčęŕęčő çŕâčńčěîńňĺé, ęđîěĺ îäíîé - ýňî áűâŕĺň ďđč ńňŕđňĺ (îáű÷íî ńî ńâĺňîôîđŕ). Ňî ĺńňü:1. Íĺň çŕâčńčěîńňč ďđîăđĺëŕńü ëč ęîđîáęŕ čëč íĺň2. Ňĺďëî čëč őîëîäíî3. Äîëăî ëč ˙ ĺőŕë čëč ěŕëî.Č ĺůĺ:1. Ň˙ăŕ íĺ ďđîďŕäŕĺň, ŔĘĎĎ íč â ďđîáęĺ, íč íŕ ńęîđîńňč íĺ äĺđăŕĺň (íĺň ńâîéńňâĺííűő ďđîáëĺěŕě ń ŔĘĎĎ ńčëüíűő ňîë÷ęîâ).2. Ďđč áűńňđîě đŕçăîíĺ ňŕęîăî îůóůĺíč˙ íĺ âîçíčęŕĺň čëč ˙ íĺ îáđŕůŕë âíčěŕíčĺ.3. Ĺçćó ˙ î÷ĺíü ńďîęîéíî, đŕçăîí˙ţńü đŕâíîěĺđíî4. Íčęîăäŕ íĺ ďđî˙âë˙ëîńü íŕ ńęîđîńňč/â äâčćĺíčč5. Ďđč âîçíčęíîâĺíčč âűřĺîďčńŕííîé ďđîáëĺěű ĺńëč ńáŕâčňü ăŕç, äŕňü îáîđîňŕě ďîäóďŕńňü, ŕ ďîňîě íŕćŕňü íŕ ăŕç ńíîâŕ (âĺđî˙ňíî, ęîđîáęĺ ďĺđĺęëţ÷ŕĺň ďĺđĺäŕ÷ó), ňî ďđîáëĺě čń÷ĺçŕĺň.6. Ěŕńëî â ŔĘĎĎ íĺ ěĺí˙ë.Ďđîřó ńîâĺňŕ, ňę î÷ĺíü íĺ őî÷ĺňń˙ íîâóţ ŔĘĎĎ ńňŕâčňü.
</topic_text>
<spam_score>0.00</spam_score>
<post_num>1</post_num>
<post_id>post-1</post_id>
<post_url>http://lr-club.com/index.php?showtopic=141274&amp;st=0&amp;p=2777953&amp;#entry2777953</post_url>
<post_date>20160830</post_date>
<post_time>1750</post_time>
<username>Бэтмен</username>
<post>
Đĺăčńňđŕöč˙: 23.4.2014 Ďîëüçîâŕňĺëü š: 71 162 Ěŕđęŕ ěŕřčíű: Ďđî÷čňŕë íĺńęîëüęî âĺňîę ďđî ŔĘĎĎ, íî íĺ óâĺđĺí, ÷ňî íŕřĺë ďđîáëĺěó ńîďîńňŕâčěóţ ń ěîĺé.Äŕíî: RR, 3,6TD, 2009 ăîä č ďđîáĺă îęîëî 120 000ęě.Ďđîáëĺěŕ: ĺůĺ â đŕéîíĺ 80 000 ęě ńňŕë çŕěĺ÷ŕňü, ÷ňî ďĺđčîäč÷ĺńęč, ęîăäŕ ńňŕđňóţ ńî ńâĺňîôîđŕ, ďđî˙âë˙ĺňń˙ çâóę č îůóůĺíčĺ, ęŕę ĺńëč áű áóęńîâŕëî çŕäíĺĺ ďđŕâîĺ ęîëĺńî. Ďđč ýňîě đŕçăîí˙ţńü ˙ âńĺăäŕ ńďîęîéíî. Đîâíî ňŕęîĺ ćĺ îůóůĺíčĺ âîçíčęŕĺň, ęîăäŕ íŕ çŕäíĺďđčâîäíîé ěŕřčíĺ ńňŕđňóĺřü &quot;ňŕďęŕ â ďîë&quot;.Äĺëŕ˙ ŇÎ č đĺěîíň, íčęîăäŕ ˙ íĺ îáđŕůŕë âíčěŕíčĺ ńĺđâčńěĺíîâ íŕ ýňî. Âďđî÷ĺě, îíč ňîćĺ íč÷ĺăî íĺ íŕőîäčëč.Ńĺé÷ŕń ďî îůóůĺíč˙ě çâóę óńčëčëń˙ ńëĺäóţůčě îáđŕçîě:1. Âîçíčęŕĺň ÷ŕůĺ;2. Îůóůĺíčĺ, ÷ňî áóęńóţň îáŕ ęîëĺńŕ çŕäíčő.Ďđč ýňîě íĺň íčęŕęčő çŕâčńčěîńňĺé, ęđîěĺ îäíîé - ýňî áűâŕĺň ďđč ńňŕđňĺ (îáű÷íî ńî ńâĺňîôîđŕ). Ňî ĺńňü:1. Íĺň çŕâčńčěîńňč ďđîăđĺëŕńü ëč ęîđîáęŕ čëč íĺň2. Ňĺďëî čëč őîëîäíî3. Äîëăî ëč ˙ ĺőŕë čëč ěŕëî.Č ĺůĺ:1. Ň˙ăŕ íĺ ďđîďŕäŕĺň, ŔĘĎĎ íč â ďđîáęĺ, íč íŕ ńęîđîńňč íĺ äĺđăŕĺň (íĺň ńâîéńňâĺííűő ďđîáëĺěŕě ń ŔĘĎĎ ńčëüíűő ňîë÷ęîâ).2. Ďđč áűńňđîě đŕçăîíĺ ňŕęîăî îůóůĺíč˙ íĺ âîçíčęŕĺň čëč ˙ íĺ îáđŕůŕë âíčěŕíčĺ.3. Ĺçćó ˙ î÷ĺíü ńďîęîéíî, đŕçăîí˙ţńü đŕâíîěĺđíî4. Íčęîăäŕ íĺ ďđî˙âë˙ëîńü íŕ ńęîđîńňč/â äâčćĺíčč5. Ďđč âîçíčęíîâĺíčč âűřĺîďčńŕííîé ďđîáëĺěű ĺńëč ńáŕâčňü ăŕç, äŕňü îáîđîňŕě ďîäóďŕńňü, ŕ ďîňîě íŕćŕňü íŕ ăŕç ńíîâŕ (âĺđî˙ňíî, ęîđîáęĺ ďĺđĺęëţ÷ŕĺň ďĺđĺäŕ÷ó), ňî ďđîáëĺě čń÷ĺçŕĺň.6. Ěŕńëî â ŔĘĎĎ íĺ ěĺí˙ë.Ďđîřó ńîâĺňŕ, ňę î÷ĺíü íĺ őî÷ĺňń˙ íîâóţ ŔĘĎĎ ńňŕâčňü.
</post>
<signature>

</signature>
<external_links>

</external_links>
<country>RU</country>
<main_image></main_image>
</document>
