<?xml version="1.0" encoding="UTF-8"?>
<document>
<type>mainstream</type>
<forum>http://www.postandcourier.com/apps/pbcs.dll/section?Category=PC16&amp;template=rss&amp;mime=XML</forum>
<forum_title>News</forum_title>
<discussion_title>Tropical storm forecast to graze South Carolina coast by Friday</discussion_title>
<language>english</language>
<gmt_offset></gmt_offset>
<topic_url>http://www.postandcourier.com/20160830/160839979/tropical-storm-forecast-to-graze-south-carolina-coast-by-friday</topic_url>
<topic_text>
Aug 30 2016 8:46 am Aug 30 8:41 pm NOAA × A tropical depression that is spinning in the Gulf of Mexico is forecast to reach the South Carolina coast by Friday afternoon. The storm’s winds had strengthened to near 40 mph, just shy of a tropical storm. “A couple of the models show the system becoming a hurricane,” said National Hurricane Center specialist Richard Pasch. The center issued hurricane and tropical storm watches for portions of the Gulf Coast in Florida, saying those conditions were possible by Thursday afternoon. It’s expected to make landfall in the Florida Big Bend area Thursday as a named storm, cross the northern tier of the state and ride the coast along the Georgia and South Carolina border before heading out to sea. It should be moving relatively rapidly and clear the waters off South Carolina on Friday. The forecast track has been shifting back and forth but “if that track holds true we could be issuing tropical storm watches and warnings” as the storm nears, said meteorologist Emily Timte, National Weather Service, Charleston. Preliminary forecast model runs indicated gusts of tropical storm strength winds along the coast and 4 to 6 inches of rain in Charleston County, tapering off inland, she said. Meanwhile, safety professionals across much of the Southeast were advising people to stay out of the surf where a man drowned on Isle of Palms on Monday. On Tybee Island, Ga., double red flags were flying, closing the water to bathers, and waterspouts had been spotted. “There’s a high risk for rip currents all up and down Georgia and South Carolina,” said Steve Rowley, meteorologist with National Weather Service, Charleston. “I wouldn’t go in the water at all. It’s dangerous in the surf zone along the entire coast.” Isle of Palms Police Chief Ann Graham said if anyone caught themselves caught in a rip current, they should relax and go with the flow of the water until they can get out of it. She warned though that people should stay out of the water. “It not only puts the public in danger, it puts the responders in danger?” she said. The rip current alerts are expected to remain until Monday. Because of the coming storm, the Charleston office expects to keep posting alerts through the week. Meanwhile, a monsoon storm wave has moved off Africa that is expected to reach the outer Caribbean islands or just north of them on Sunday, but also on a track to move into waters off the Southeast. The storm already was spinning cyclonically and could well become a hurricane, forecasters concur. A second tropical depression off the coast of North Carolina also was expected to become a tropical storm as it passes off the Outer Banks in that state Wednesday before the westerly winds push it out to sea. Either it or the Florida storm would be the next named system — Hermine and then Ian. Hurricane Gaston continued to re-gather strength, with winds rising to 110 mph. That’s nearly major storm Category 3 status. It was in the mid-Atlantic east of Bermuda, moving toward the northern Azores. Reach Bo Petersen at 843-937-5744, @bopete on twitter or Bo Petersen Reporting on Facebook.
</topic_text>
<spam_score>0.00</spam_score>
<post_num>1</post_num>
<post_id>post-1</post_id>
<post_url>http://www.postandcourier.com/20160830/160839979/tropical-storm-forecast-to-graze-south-carolina-coast-by-friday</post_url>
<post_date>20160830</post_date>
<post_time>1346</post_time>
<username></username>
<post>
Aug 30 2016 8:46 am Aug 30 8:41 pm NOAA × A tropical depression that is spinning in the Gulf of Mexico is forecast to reach the South Carolina coast by Friday afternoon. The storm’s winds had strengthened to near 40 mph, just shy of a tropical storm. “A couple of the models show the system becoming a hurricane,” said National Hurricane Center specialist Richard Pasch. The center issued hurricane and tropical storm watches for portions of the Gulf Coast in Florida, saying those conditions were possible by Thursday afternoon. It’s expected to make landfall in the Florida Big Bend area Thursday as a named storm, cross the northern tier of the state and ride the coast along the Georgia and South Carolina border before heading out to sea. It should be moving relatively rapidly and clear the waters off South Carolina on Friday. The forecast track has been shifting back and forth but “if that track holds true we could be issuing tropical storm watches and warnings” as the storm nears, said meteorologist Emily Timte, National Weather Service, Charleston. Preliminary forecast model runs indicated gusts of tropical storm strength winds along the coast and 4 to 6 inches of rain in Charleston County, tapering off inland, she said. Meanwhile, safety professionals across much of the Southeast were advising people to stay out of the surf where a man drowned on Isle of Palms on Monday. On Tybee Island, Ga., double red flags were flying, closing the water to bathers, and waterspouts had been spotted. “There’s a high risk for rip currents all up and down Georgia and South Carolina,” said Steve Rowley, meteorologist with National Weather Service, Charleston. “I wouldn’t go in the water at all. It’s dangerous in the surf zone along the entire coast.” Isle of Palms Police Chief Ann Graham said if anyone caught themselves caught in a rip current, they should relax and go with the flow of the water until they can get out of it. She warned though that people should stay out of the water. “It not only puts the public in danger, it puts the responders in danger?” she said. The rip current alerts are expected to remain until Monday. Because of the coming storm, the Charleston office expects to keep posting alerts through the week. Meanwhile, a monsoon storm wave has moved off Africa that is expected to reach the outer Caribbean islands or just north of them on Sunday, but also on a track to move into waters off the Southeast. The storm already was spinning cyclonically and could well become a hurricane, forecasters concur. A second tropical depression off the coast of North Carolina also was expected to become a tropical storm as it passes off the Outer Banks in that state Wednesday before the westerly winds push it out to sea. Either it or the Florida storm would be the next named system — Hermine and then Ian. Hurricane Gaston continued to re-gather strength, with winds rising to 110 mph. That’s nearly major storm Category 3 status. It was in the mid-Atlantic east of Bermuda, moving toward the northern Azores. Reach Bo Petersen at 843-937-5744, @bopete on twitter or Bo Petersen Reporting on Facebook.
</post>
<signature>

</signature>
<external_links>

</external_links>
<country>US</country>
<main_image>http://www.postandcourier.com/storyimage/CP/20160830/PC16/160839979/AR/0/AR-160839979.jpg</main_image>
</document>
