<?xml version="1.0" encoding="UTF-8"?>
<document>
<type>mainstream</type>
<forum>http://diariolavoz.net/feed/</forum>
<forum_title>La Voz</forum_title>
<discussion_title>Oposición anuncia llenará los tres ejes viales fundamentales de Gran Caracas</discussion_title>
<language>spanish</language>
<gmt_offset></gmt_offset>
<topic_url>http://www.diariolavoz.net/2016/08/30/oposicion-anuncia-llenara-los-tres-ejes-viales-fundamentales-gran-caracas/</topic_url>
<topic_text>
Política 30/08/2016 7:49 pm Oposición anuncia llenará los tres ejes viales fundamentales de Gran Caracas 
“Se mantienen los 7 puntos iniciales. En esos sitios van a estar los ciudadanos y los estados que ya hemos definido”, anunció Jesús Torrealba, secretario ejecutivo de la MUD 
El secretario ejecutivo de la Mesa de la Unidad Democrática (MUD), Jesús Torrealba, anunció este martes los puntos de llegada de la marcha denominada “Toma de Caracas” de este jueves, 1º de septiembre. 
La movilización llegará a las avenidas Río de Janeiro (desde Bello Monte, hasta El Llanito); Libertador (desde la Torre Exa hasta el Liceo Gustavo Herrera) y Francisco de Miranda (desde Plaza Brión hasta el centro comercial Unicentro El Marqués. 
“Se mantienen los 7 puntos iniciales. En esos sitios van a estar los ciudadanos y los estados que ya hemos definido 
Al actividad empezará a las 9:00 am y se extenderá hasta las 2:00 pm cuando los opositores leerán “una declaración, un juramento, acerca de lo que va a ser el desarrollo de la siguiente etapa de lucha es el inicio de una nueva etapa definitiva (…) hasta la recolección del 20% de las manifestaciones de voluntad que es el último requisito hasta la realización del referendo revocatorio”. 
El secretario ejecutivo de la MUD afirmó que la movilización del primero de septiembre “ya no pertenece a un partido político” sino es una nación “entera que pide libertad y democracia”. 
“Es una nación puesta de pie reclamando libertad, democracia y dispuesta a hacer lo que sea necesario para ejercer el voto”, sentenció Jesús Torrealba. Comparte
</topic_text>
<spam_score>0.00</spam_score>
<post_num>1</post_num>
<post_id>post-1</post_id>
<post_url>http://www.diariolavoz.net/2016/08/30/oposicion-anuncia-llenara-los-tres-ejes-viales-fundamentales-gran-caracas/</post_url>
<post_date>20160831</post_date>
<post_time>0019</post_time>
<username>rflores</username>
<post>
Política 30/08/2016 7:49 pm Oposición anuncia llenará los tres ejes viales fundamentales de Gran Caracas 
“Se mantienen los 7 puntos iniciales. En esos sitios van a estar los ciudadanos y los estados que ya hemos definido”, anunció Jesús Torrealba, secretario ejecutivo de la MUD 
El secretario ejecutivo de la Mesa de la Unidad Democrática (MUD), Jesús Torrealba, anunció este martes los puntos de llegada de la marcha denominada “Toma de Caracas” de este jueves, 1º de septiembre. 
La movilización llegará a las avenidas Río de Janeiro (desde Bello Monte, hasta El Llanito); Libertador (desde la Torre Exa hasta el Liceo Gustavo Herrera) y Francisco de Miranda (desde Plaza Brión hasta el centro comercial Unicentro El Marqués. 
“Se mantienen los 7 puntos iniciales. En esos sitios van a estar los ciudadanos y los estados que ya hemos definido 
Al actividad empezará a las 9:00 am y se extenderá hasta las 2:00 pm cuando los opositores leerán “una declaración, un juramento, acerca de lo que va a ser el desarrollo de la siguiente etapa de lucha es el inicio de una nueva etapa definitiva (…) hasta la recolección del 20% de las manifestaciones de voluntad que es el último requisito hasta la realización del referendo revocatorio”. 
El secretario ejecutivo de la MUD afirmó que la movilización del primero de septiembre “ya no pertenece a un partido político” sino es una nación “entera que pide libertad y democracia”. 
“Es una nación puesta de pie reclamando libertad, democracia y dispuesta a hacer lo que sea necesario para ejercer el voto”, sentenció Jesús Torrealba. Comparte
</post>
<signature>

</signature>
<external_links>

</external_links>
<country>DE</country>
<main_image>https://s0.wp.com/i/blank.jpg</main_image>
</document>
