<?xml version="1.0" encoding="UTF-8"?>
<document>
<type>mainstream</type>
<forum>http://www.journaldemontreal.com//rss.xml</forum>
<forum_title>Accueil</forum_title>
<discussion_title>Attaques chimiques en Syrie: Moscou met en doute les conclusions de l’ONU</discussion_title>
<language>french</language>
<gmt_offset></gmt_offset>
<topic_url>http://www.journaldemontreal.com/2016/08/30/attaques-chimiques-en-syrie-moscou-met-en-doute-les-conclusions-de-lonu</topic_url>
<topic_text>
Mardi, 30 août 2016 20:02 MISE à JOUR Mardi, 30 août 2016 20:04 Coup d&apos;oeil sur cet article 
La Russie a mis en doute mardi les conclusions d&apos;un rapport d&apos;enquête de l&apos;ONU qui accuse son allié syrien d&apos;avoir mené des attaques chimiques au gaz de chlore, alors que Londres, Washington et Paris réclament des sanctions contre Damas. 
Les enquêteurs ont trouvé«l&apos;arme du crime», mais «il n&apos;y a pas d&apos;empreintes sur l&apos;arme», a affirmé l&apos;ambassadeur russe auprès des Nations unies Vitali Tchourkine à des journalistes après une réunion à huis clos du Conseil de sécurité consacrée à l&apos;examen du rapport, remis la semaine dernière. 
«Il y a encore un certain nombre de questions qui doivent être clarifiées avant que nous puissions accepter les conclusions du rapport», a-t-il estimé. 
Interrogé sur les sanctions réclamées par les Occidentaux, il a fait valoir que le rapport ne désigne «personne à sanctionner, pas de noms, ni de détails ou d&apos;empreintes». 
Il a évoqué la possibilité de «prolonger et de renforcer le mandat» de la commission d&apos;enquête, baptisée Joint Investigative Mechanism (JIM). Son mandat d&apos;un an expire fin septembre. «Globalement, le JIM a été un outil utile», a-t-il jugé. 
Les enquêteurs ont conclu que des hélicoptères militaires syriens avaient répandu du gaz de chlore sur au moins deux localités de la province d&apos;Idlib, dans le nord-ouest de la Syrie, à Talmenes le 21 avril 2014 et Sarmin le 16 mars 2015. Ils accusent aussi le groupe Etat islamique d&apos;avoir utilisé du gaz moutarde à Marea (gouvernorat d&apos;Alep, nord de la Syrie) le 21 août 2015. 
Payer le prix 
L&apos;ambassadeur syrien Bachar Jaafari a rejeté ces conclusions, affirmant qu&apos;elles «manquent totalement de preuves matérielles (établissant) que du gaz de chlore a été utilisé, qu&apos;il s&apos;agisse d&apos;échantillons ou de rapports médicaux». 
Le gouvernement syrien dénonce une «manipulation à des fins politiques», mais estime qu&apos;il faut continuer d&apos;enquêter sur les cas présumés d&apos;attaques chimiques cités dans le rapport. 
L&apos;experte argentine en désarmement Virginia Gamba, qui a conduit l&apos;équipe de 24 enquêteurs, a affirmé qu&apos;ils avaient réuni des «preuves d&apos;un haut niveau de fiabilité» et vérifiées auprès de nombreuses sources. 
Elle a assuré que le JIM fournira à la mi-septembre ses conclusions sur trois autres cas d&apos;attaques chimiques présumées dans le nord de la Syrie cités dans le rapport. 
À leur entrée au Conseil, les représentants de la France, du Royaume-Uni et des États-Unis avaient réclamé que le régime syrien rende des comptes. 
La France, souhaite «des sanctions contre les responsables de ces actes qui constituent des crimes de guerre et des crimes contre l&apos;humanité», a déclaré l&apos;ambassadeur français François Delattre. 
Il a souhaité que le mandat du JIM soit prolongé d&apos;un an au moins. 
L&apos;ambassadrice américaine Samantha Power a affirmé que Damas devrait «payer le prix» de ces attaques, mais sans préciser de quelle façon. 
«Tous ceux qui sont responsables doivent rendre des comptes», a abondé l&apos;ambassadeur britannique Matthew Rycroft. «Nous souhaitons un régime de sanctions et l&apos;utilisation des mécanismes légaux internationaux pour rendre la justice». 
Les crimes de guerre et crimes contre l&apos;humanité sont le domaine de compétence de la Cour pénale internationale (CPI). 
Mais les tentatives des Occidentaux au Conseil pour obtenir que la CPI se saisisse des exactions commises dans la guerre complexe en Syrie ont buté jusqu&apos;ici sur l&apos;opposition de la Russie et de la Chine. 
À DÉCOUVRIR SUR LE WEB Les plus populaires
</topic_text>
<spam_score>0.00</spam_score>
<post_num>1</post_num>
<post_id>post-1</post_id>
<post_url>http://www.journaldemontreal.com/2016/08/30/attaques-chimiques-en-syrie-moscou-met-en-doute-les-conclusions-de-lonu</post_url>
<post_date>20160831</post_date>
<post_time>0004</post_time>
<username></username>
<post>
Mardi, 30 août 2016 20:02 MISE à JOUR Mardi, 30 août 2016 20:04 Coup d&apos;oeil sur cet article 
La Russie a mis en doute mardi les conclusions d&apos;un rapport d&apos;enquête de l&apos;ONU qui accuse son allié syrien d&apos;avoir mené des attaques chimiques au gaz de chlore, alors que Londres, Washington et Paris réclament des sanctions contre Damas. 
Les enquêteurs ont trouvé«l&apos;arme du crime», mais «il n&apos;y a pas d&apos;empreintes sur l&apos;arme», a affirmé l&apos;ambassadeur russe auprès des Nations unies Vitali Tchourkine à des journalistes après une réunion à huis clos du Conseil de sécurité consacrée à l&apos;examen du rapport, remis la semaine dernière. 
«Il y a encore un certain nombre de questions qui doivent être clarifiées avant que nous puissions accepter les conclusions du rapport», a-t-il estimé. 
Interrogé sur les sanctions réclamées par les Occidentaux, il a fait valoir que le rapport ne désigne «personne à sanctionner, pas de noms, ni de détails ou d&apos;empreintes». 
Il a évoqué la possibilité de «prolonger et de renforcer le mandat» de la commission d&apos;enquête, baptisée Joint Investigative Mechanism (JIM). Son mandat d&apos;un an expire fin septembre. «Globalement, le JIM a été un outil utile», a-t-il jugé. 
Les enquêteurs ont conclu que des hélicoptères militaires syriens avaient répandu du gaz de chlore sur au moins deux localités de la province d&apos;Idlib, dans le nord-ouest de la Syrie, à Talmenes le 21 avril 2014 et Sarmin le 16 mars 2015. Ils accusent aussi le groupe Etat islamique d&apos;avoir utilisé du gaz moutarde à Marea (gouvernorat d&apos;Alep, nord de la Syrie) le 21 août 2015. 
Payer le prix 
L&apos;ambassadeur syrien Bachar Jaafari a rejeté ces conclusions, affirmant qu&apos;elles «manquent totalement de preuves matérielles (établissant) que du gaz de chlore a été utilisé, qu&apos;il s&apos;agisse d&apos;échantillons ou de rapports médicaux». 
Le gouvernement syrien dénonce une «manipulation à des fins politiques», mais estime qu&apos;il faut continuer d&apos;enquêter sur les cas présumés d&apos;attaques chimiques cités dans le rapport. 
L&apos;experte argentine en désarmement Virginia Gamba, qui a conduit l&apos;équipe de 24 enquêteurs, a affirmé qu&apos;ils avaient réuni des «preuves d&apos;un haut niveau de fiabilité» et vérifiées auprès de nombreuses sources. 
Elle a assuré que le JIM fournira à la mi-septembre ses conclusions sur trois autres cas d&apos;attaques chimiques présumées dans le nord de la Syrie cités dans le rapport. 
À leur entrée au Conseil, les représentants de la France, du Royaume-Uni et des États-Unis avaient réclamé que le régime syrien rende des comptes. 
La France, souhaite «des sanctions contre les responsables de ces actes qui constituent des crimes de guerre et des crimes contre l&apos;humanité», a déclaré l&apos;ambassadeur français François Delattre. 
Il a souhaité que le mandat du JIM soit prolongé d&apos;un an au moins. 
L&apos;ambassadrice américaine Samantha Power a affirmé que Damas devrait «payer le prix» de ces attaques, mais sans préciser de quelle façon. 
«Tous ceux qui sont responsables doivent rendre des comptes», a abondé l&apos;ambassadeur britannique Matthew Rycroft. «Nous souhaitons un régime de sanctions et l&apos;utilisation des mécanismes légaux internationaux pour rendre la justice». 
Les crimes de guerre et crimes contre l&apos;humanité sont le domaine de compétence de la Cour pénale internationale (CPI). 
Mais les tentatives des Occidentaux au Conseil pour obtenir que la CPI se saisisse des exactions commises dans la guerre complexe en Syrie ont buté jusqu&apos;ici sur l&apos;opposition de la Russie et de la Chine. 
À DÉCOUVRIR SUR LE WEB Les plus populaires
</post>
<signature>

</signature>
<external_links>

</external_links>
<country>US</country>
<main_image>http://storage.journaldemontreal.com/v1/dynamic_resize/sws_path/jdx-prod-images/b88e6c06-7b6c-4782-b152-2a76616c9f92_JDX-2x1_WEB.jpg?quality=80&amp;size=1200x&amp;version=1</main_image>
</document>
