<?xml version="1.0" encoding="UTF-8"?>
<document>
<type>mainstream</type>
<forum>http://www.journaldemontreal.com//rss.xml</forum>
<forum_title>Accueil</forum_title>
<discussion_title>Un projet-pilote pour accroître la sécurité des aînés</discussion_title>
<language>french</language>
<gmt_offset></gmt_offset>
<topic_url>http://www.journaldemontreal.com/2016/08/30/un-projet-pilote-pour-accroitre-la-securite-des-aines-1</topic_url>
<topic_text>
Un projet-pilote pour accroître la sécurité des aînés Autres Mardi, 30 août 2016 19:35 MISE à JOUR Mardi, 30 août 2016 19:35 Coup d&apos;oeil sur cet article 
Dans le but d&apos;améliorer la sécurité des aînés, la Villa Saint-Georges et la ville de Victoriaville ont mis sur pied un projet-pilote qui consiste à utiliser une plaquette signalétique pour connaître les limitations physiques de chaque résident. 
Le projet sera mis en œuvre dès la semaine prochaine. Les limites de chacun seront connues dès l’entrée dans la chambre des résidents, grâce à 300 plaquettes signalétiques à l&apos;entrée de chaque chambre. 
«Mon problème, ce sont mes oreilles. Je n&apos;entends pas les systèmes d&apos;alarme. Beaucoup ne le savent pas, mais maintenant, tout le monde va être content de savoir que je suis en sécurité ici», a expliqué Lilianne Girouard, une résidente de la Villa Saint-Georges. 
Grâce à Picto-Sécure, il sera facile, et beaucoup plus rapide pour les intervenants d&apos;être informés des limitations physiques des aînés qui vivent dans cette résidence de Victoriaville. 
«Alors on a différents pictogrammes qui viennent identifier les limitations physiques, que ce soit une déficience visuelle, auditive, ou encore un problème de mobilité. C&apos;est important, parce que des fois, il peut y avoir un roulement de personnel, ou une nouvelle employée. Donc quand on a à interagir avec un résident, c&apos;est important de savoir si par exemple une personne a une déficience visuelle, et ainsi s&apos;y prendre autrement», nous dit Jessica Dessureault, chargée de projet pour la politique des aînés à la ville de Victoriaville. 
On espère que cet outil aidera les aînés à sortir de leur isolement. Les informations contenues sur la plaquette permettront une meilleure compréhension de chacun. 
«C&apos;est très important. On se sent mieux, on se sent mieux compris», a ajouté M. Girouard. 
Les services d&apos;urgence saluent cette initiative qui va certainement faciliter leur travail. 
«On est ouvert à tout complément de la sorte, surtout dans des résidences où se trouve notre population névralgique», a raconté Denis Gauthier, capitaine à la prévention pour le service de la sécurité publique de la ville de Victoriaville. 
Les autres résidences pour personnes âgées de Victoriaville pourront, elles aussi, implanter l&apos;outil sur une base volontaire. 
«On a bon espoir que les autres résidences sur notre territoire adopteront ce type d’outil. C&apos;est sûr que d&apos;uniformiser, pour nos services de sécurité, ce serait l&apos;idéal», a expliqué André Bellavance, le maire de Victoriaville. 
Le nouvel affichage vient compléter le plan de sécurité de la résidence. On souhaite ainsi améliorer le quotidien, et diminuer les risques qu&apos;un événement dramatique ne survienne. RECOMMANDÉ POUR VOUS À DÉCOUVRIR SUR LE WEB Les plus populaires
</topic_text>
<spam_score>0.00</spam_score>
<post_num>1</post_num>
<post_id>post-1</post_id>
<post_url>http://www.journaldemontreal.com/2016/08/30/un-projet-pilote-pour-accroitre-la-securite-des-aines-1</post_url>
<post_date>20160830</post_date>
<post_time>2335</post_time>
<username></username>
<post>
Un projet-pilote pour accroître la sécurité des aînés Autres Mardi, 30 août 2016 19:35 MISE à JOUR Mardi, 30 août 2016 19:35 Coup d&apos;oeil sur cet article 
Dans le but d&apos;améliorer la sécurité des aînés, la Villa Saint-Georges et la ville de Victoriaville ont mis sur pied un projet-pilote qui consiste à utiliser une plaquette signalétique pour connaître les limitations physiques de chaque résident. 
Le projet sera mis en œuvre dès la semaine prochaine. Les limites de chacun seront connues dès l’entrée dans la chambre des résidents, grâce à 300 plaquettes signalétiques à l&apos;entrée de chaque chambre. 
«Mon problème, ce sont mes oreilles. Je n&apos;entends pas les systèmes d&apos;alarme. Beaucoup ne le savent pas, mais maintenant, tout le monde va être content de savoir que je suis en sécurité ici», a expliqué Lilianne Girouard, une résidente de la Villa Saint-Georges. 
Grâce à Picto-Sécure, il sera facile, et beaucoup plus rapide pour les intervenants d&apos;être informés des limitations physiques des aînés qui vivent dans cette résidence de Victoriaville. 
«Alors on a différents pictogrammes qui viennent identifier les limitations physiques, que ce soit une déficience visuelle, auditive, ou encore un problème de mobilité. C&apos;est important, parce que des fois, il peut y avoir un roulement de personnel, ou une nouvelle employée. Donc quand on a à interagir avec un résident, c&apos;est important de savoir si par exemple une personne a une déficience visuelle, et ainsi s&apos;y prendre autrement», nous dit Jessica Dessureault, chargée de projet pour la politique des aînés à la ville de Victoriaville. 
On espère que cet outil aidera les aînés à sortir de leur isolement. Les informations contenues sur la plaquette permettront une meilleure compréhension de chacun. 
«C&apos;est très important. On se sent mieux, on se sent mieux compris», a ajouté M. Girouard. 
Les services d&apos;urgence saluent cette initiative qui va certainement faciliter leur travail. 
«On est ouvert à tout complément de la sorte, surtout dans des résidences où se trouve notre population névralgique», a raconté Denis Gauthier, capitaine à la prévention pour le service de la sécurité publique de la ville de Victoriaville. 
Les autres résidences pour personnes âgées de Victoriaville pourront, elles aussi, implanter l&apos;outil sur une base volontaire. 
«On a bon espoir que les autres résidences sur notre territoire adopteront ce type d’outil. C&apos;est sûr que d&apos;uniformiser, pour nos services de sécurité, ce serait l&apos;idéal», a expliqué André Bellavance, le maire de Victoriaville. 
Le nouvel affichage vient compléter le plan de sécurité de la résidence. On souhaite ainsi améliorer le quotidien, et diminuer les risques qu&apos;un événement dramatique ne survienne. RECOMMANDÉ POUR VOUS À DÉCOUVRIR SUR LE WEB Les plus populaires
</post>
<signature>

</signature>
<external_links>

</external_links>
<country>US</country>
<main_image>http://storage.journaldemontreal.com/v1/dynamic_resize/sws_path/jdx-prod-images/a23a7dfb-226e-49f6-bfcd-6db665b1063f_JDX-2x1_WEB.jpg?quality=80&amp;size=1200x&amp;version=1</main_image>
</document>
