<?xml version="1.0" encoding="UTF-8"?>
<document>
<type>mainstream</type>
<forum></forum>
<forum_title></forum_title>
<discussion_title>Manifestantes voltam às ruas de SP em novo protesto contra o impeachment</discussion_title>
<language>portuguese</language>
<gmt_offset></gmt_offset>
<topic_url>http://fotos.estadao.com.br/galerias/politica,manifestantes-voltam-as-ruas-de-sp-em-novo-protesto-contra-o-impeachment,26968</topic_url>
<topic_text>
30/08/2016 | 21h20 MANIFESTAÇÂO PRÓ-DILMA EM SÃO PAULO Nesta terça-feira, 30, manifestantes contrários ao impeachment da presidente afastada Dilma Rousseff (PT) voltaram às ruas de São Paulo para protestarem contra o que chamam de &quot;golpe&quot;. Com faixas favoráveis à petista e contra o presidente em exercício Michel Temer (PMDB), eles se reuniram em frente ao Museu de Arte de São Paulo (Masp), no início da noite, e fizeram uma passeata pelas ruas da capital. Foto: JF Diorio/Estadão publicidade 
</topic_text>
<spam_score>0.20</spam_score>
<post_num>1</post_num>
<post_id>post-1</post_id>
<post_url>http://fotos.estadao.com.br/galerias/politica,manifestantes-voltam-as-ruas-de-sp-em-novo-protesto-contra-o-impeachment,26968</post_url>
<post_date>20160831</post_date>
<post_time></post_time>
<username></username>
<post>
30/08/2016 | 21h20 MANIFESTAÇÂO PRÓ-DILMA EM SÃO PAULO Nesta terça-feira, 30, manifestantes contrários ao impeachment da presidente afastada Dilma Rousseff (PT) voltaram às ruas de São Paulo para protestarem contra o que chamam de &quot;golpe&quot;. Com faixas favoráveis à petista e contra o presidente em exercício Michel Temer (PMDB), eles se reuniram em frente ao Museu de Arte de São Paulo (Masp), no início da noite, e fizeram uma passeata pelas ruas da capital. Foto: JF Diorio/Estadão publicidade 
</post>
<signature>

</signature>
<external_links>

</external_links>
<country>US</country>
<main_image>http://www.estadao.com.br/estadao/novo/img/estadao.gif</main_image>
</document>
