<?xml version="1.0" encoding="UTF-8"?>
<document>
<type>mainstream</type>
<forum>http://rssfeeds.whas11.com/_/20/106383030/whas/entertainment</forum>
<forum_title>WHAS - Entertainment</forum_title>
<discussion_title>Police: Chris Brown arrested for...</discussion_title>
<language>english</language>
<gmt_offset></gmt_offset>
<topic_url>http://rssfeeds.whas11.com/_/20/106383030/whas/http&amp;#x3a;&amp;#x2f;&amp;#x2f;www&amp;#x2e;whas11&amp;#x2e;com&amp;#x2f;entertainment&amp;#x2f;police-chris-brown-arrested-for-assault-with-a-deadly-weapon&amp;#x2f;311453838</topic_url>
<topic_text>
Police: Chris Brown arrested for assault with a deadly weapon ABC News , WHAS 7:18   LOS ANGELES ( ABC News ) -- Singer Chris Brown has been arrested and charged for assault with a deadly weapon, according to the Los Angeles Police Department. Brown is currently being transported to the homicide/robbery division, the LAPD said, describing him as being &quot;cooperative.&quot; Police could not comment on if the weapon was found at his home. LAPD were executing a search warrant at Chris Brown&apos;s house after responding to a call earlier this morning, according to officials. LAPD arrived at the musician&apos;s Los Angeles home after receiving a call from a woman needing assistance at around 3 a.m. Tuesday morning. Brown, 27, denied any wrongdoing via social media, inviting police to obtain a warrant and search his home. &quot;You’re going to walk right up in here and you’re going to see nothing,&quot; he said in the video posted to his Instagram. The investigation was transferred to the LAPD&apos;s Robbery Homicide division because of its high profile status. After police received and served a search warrant, Brown and his guests were brought outside while authorities did a protective sweep. All occupants will be interviewed about this morning&apos;s events.
</topic_text>
<spam_score>0.00</spam_score>
<post_num>1</post_num>
<post_id>post-1</post_id>
<post_url>http://rssfeeds.whas11.com/_/20/106383030/whas/http&amp;#x3a;&amp;#x2f;&amp;#x2f;www&amp;#x2e;whas11&amp;#x2e;com&amp;#x2f;entertainment&amp;#x2f;police-chris-brown-arrested-for-assault-with-a-deadly-weapon&amp;#x2f;311453838</post_url>
<post_date>20160831</post_date>
<post_time>0018</post_time>
<username></username>
<post>
Police: Chris Brown arrested for assault with a deadly weapon ABC News , WHAS 7:18   LOS ANGELES ( ABC News ) -- Singer Chris Brown has been arrested and charged for assault with a deadly weapon, according to the Los Angeles Police Department. Brown is currently being transported to the homicide/robbery division, the LAPD said, describing him as being &quot;cooperative.&quot; Police could not comment on if the weapon was found at his home. LAPD were executing a search warrant at Chris Brown&apos;s house after responding to a call earlier this morning, according to officials. LAPD arrived at the musician&apos;s Los Angeles home after receiving a call from a woman needing assistance at around 3 a.m. Tuesday morning. Brown, 27, denied any wrongdoing via social media, inviting police to obtain a warrant and search his home. &quot;You’re going to walk right up in here and you’re going to see nothing,&quot; he said in the video posted to his Instagram. The investigation was transferred to the LAPD&apos;s Robbery Homicide division because of its high profile status. After police received and served a search warrant, Brown and his guests were brought outside while authorities did a protective sweep. All occupants will be interviewed about this morning&apos;s events.
</post>
<signature>

</signature>
<external_links>

</external_links>
<country>US</country>
<main_image>http://content.tegna-media.com/photo/2016/08/30/1280_chris_brown_501549706_082916_5883352_ver1.0_640_360.jpg</main_image>
</document>
