<?xml version="1.0" encoding="UTF-8"?>
<document>
<type>mainstream</type>
<forum>http://articlefeeds.nasdaq.com/nasdaq/authors?author=dow-jones</forum>
<forum_title>Latest Articles from Dow Jones News</forum_title>
<discussion_title>EU Demands Apple Repays $14.5 Billion in Irish Tax Breaks -- 5th Update</discussion_title>
<language>english</language>
<gmt_offset></gmt_offset>
<topic_url>http://www.nasdaq.com/article/eu-demands-apple-repays-145-billion-in-irish-tax-breaks--5th-update-20160830-01003</topic_url>
<topic_text>
EU Demands Apple Repays $14.5 Billion in Irish Tax Breaks -- 5th Update  09:  
By Natalia Drozdiak in Brussels and Sam Schechner in Paris 
The European Union&apos;s antitrust regulator has demanded that Ireland recoup roughly EUR13 billion ($14.5 billion) of unpaid taxes accumulated over more than a decade by Apple Inc., a move that intensifies a feud between the EU and the U.S. over the bloc&apos;s tax probes into American companies. 
The size of the tax demand, which came in a formal decision issued Tuesday, risks further unsettling multinational companies, which face a broader international effort to curb aggressive tax avoidance. But the commission&apos;s decision shows companies could be on the hook for past behavior and potentially be handed big bills for allegedly unpaid back taxes. 
The decision -- which ordered a payment well above most analysts&apos; expectations -- is likely to be the subject of years of appeals up to the EU&apos;s top court. It could also set off a broader scramble by the U.S. and individual EU governments over the right to tax billions of dollars of offshore profits made by Apple and other large companies. 
Apple disputed the reasoning of the decision and said it would appeal. Chief Executive Tim Cook, in an open letter, added: &quot;Apple follows the law and we pay all the taxes we owe.&quot; 
Irish Finance Minister Michael Noonan said he disagreed &quot;profoundly&quot; with the European Commission&apos;s decision and said Ireland would appeal the decision in order &quot;to defend the integrity of our tax system.&quot; 
The European Commission said tax arrangements that Ireland offered Apple in 1991 and 2007 allowed the company to pay annual tax rates of between 0.005% and 1% on its European profits for over a decade to 2014, by designating only a tiny portion of its profit as taxable in Ireland. 
&quot;The commission&apos;s investigation concluded that Ireland granted illegal tax benefits to Apple, which enabled it to pay substantially less tax than other businesses over many years,&quot; said European antitrust commissioner Margrethe Vestager. 
Mr. Cook described the decision as &quot;an effort to rewrite Apple&apos;s history in Europe, ignore Ireland&apos;s tax laws and upend the international tax system in the process.&quot; 
Under EU rules, Ireland has four months to calculate the exact amount the commission says Apple owes and collect the cash. Apple, whose shares fell by 0.8% Tuesday in New York, said it would put the money in an escrow account pending appeals. 
Ms. Vestager said Apple would also be expected in the future to pay taxes based on the ruling, but it is unclear how much that would boost the company&apos;s effective tax rate because Apple changed its European tax structure in 2015. 
Lawyers said that the EU had been aggressive in calculating the amount of unpaid taxes it says Apple owes. &quot;It certainly is a massive amount,&quot; Philipp Werner, a Brussels-based partner at law firm Jones Day. Apple posted a profit of $7.8 billion in its most recent quarter. 
The Obama administration and U.S. lawmakers said the decision upended international tax norms and could cut into the U.S. tax base by giving companies foreign tax credits that would reduce their eventual U.S. tax bills. 
A spokeswoman for the U.S. Treasury Department said &quot;retroactive tax assessments by the commission are unfair, contrary to well-established legal principles, and call into question the tax rules of individual Member States.&quot; 
House Speaker Paul Ryan (R., Wis.) called the commission&apos;s decision awful. &quot;This is precisely the kind of unpredictable and heavy-handed taxation that kills jobs and opportunity,&quot; he said. 
Under EU rules, the commission has a right to open up legal proceedings against member countries that don&apos;t obey the bloc&apos;s rules. 
&quot;This has to do with profits generated in Europe and recorded in Europe, &quot; Ms. Vestager said. &quot;Whatever the issue Apple may have with the U.S. tax code is not an issue for us.&quot; 
At issue in the decision is how Ireland allowed Apple to allocate profit, largely at an Irish-registered unit called Apple Sales International, which purchases Apple goods from its outside manufacturers and sells them at a markup outside the Americas. 
In 2011, under the Irish tax ruling, the unit brought in EUR16 billion in profit, and allocated under EUR50 million of it to Ireland where it was subject to taxation, Ms. Vestager said. The rest was allocated to a &quot;head office&quot; registered in Ireland that from the point of view of U.S. tax authorities was overseas and outside their immediate tax reach. As a result, Ms. Vestager said the unit had effective tax rate that year of 0.05%. 
Luca Maestri, Apple&apos;s chief financial officer, disputed that calculation, calling it a &quot;completely made-up number.&quot; He added that the profits the EU is saying should have been taxed in Ireland actually should be taxed in the U.S. 
Apple hasn&apos;t actually paid U.S. taxes on the foreign profits, however, because it has been holding them in foreign subsidiaries and has been borrowing money to finance domestic cash needs instead of repatriating the profits. As of June, Apple   in its non-U.S. subsidiaries, according to securities filings. 
The tax bill was also reduced as Apple&apos;s Irish subsidiaries sent money to the U.S. that financed &quot;more than half of all research efforts by the Apple group in the U.S. to develop its   worldwide,&quot; the commission said. This amounted to about $2 billion in 2011 and significantly more in 2014. 
European companies, including Fiat Chrysler Automobiles NV, have also entered the commission&apos;s firing line over their tax deals with EU governments. But the Apple case dwarfs the Fiat case, where the car maker was only required to pay as much as EUR30 million in taxes. 
The commission also continues to investigate Amazon.com Inc. and McDonald&apos;s Corp. over their tax arrangements in Luxembourg. Amazon has previously said it receives no special tax treatment from Luxembourg while McDonald&apos;s has said it &quot;complies with all tax laws and rules in Europe.&quot; 
Ms. Vestager said that she expected individual countries to use evidence in the EU ruling to pursue back taxes against Apple at a national level, staking claims to the EUR13 billion in taxes identified by the commission. Such claims could reduce the amount that Ireland would then be able to collect. 
But the uncertainty over which countries have the right to the unpaid taxes could provoke or exacerbate existing disputes between countries over how to allocate companies&apos; profits internationally, Jones Day&apos;s Mr. Werner said. 
--Richard Rubin contributed to this article. 
Write to Natalia Drozdiak at natalia.drozdiak@wsj.com and Sam Schechner at sam.schechner@wsj.com  162009ET  
</topic_text>
<spam_score>0.00</spam_score>
<post_num>1</post_num>
<post_id>post-1</post_id>
<post_url>http://www.nasdaq.com/article/eu-demands-apple-repays-145-billion-in-irish-tax-breaks--5th-update-20160830-01003</post_url>
<post_date>20160831</post_date>
<post_time>0009</post_time>
<username></username>
<post>
EU Demands Apple Repays $14.5 Billion in Irish Tax Breaks -- 5th Update  09:  
By Natalia Drozdiak in Brussels and Sam Schechner in Paris 
The European Union&apos;s antitrust regulator has demanded that Ireland recoup roughly EUR13 billion ($14.5 billion) of unpaid taxes accumulated over more than a decade by Apple Inc., a move that intensifies a feud between the EU and the U.S. over the bloc&apos;s tax probes into American companies. 
The size of the tax demand, which came in a formal decision issued Tuesday, risks further unsettling multinational companies, which face a broader international effort to curb aggressive tax avoidance. But the commission&apos;s decision shows companies could be on the hook for past behavior and potentially be handed big bills for allegedly unpaid back taxes. 
The decision -- which ordered a payment well above most analysts&apos; expectations -- is likely to be the subject of years of appeals up to the EU&apos;s top court. It could also set off a broader scramble by the U.S. and individual EU governments over the right to tax billions of dollars of offshore profits made by Apple and other large companies. 
Apple disputed the reasoning of the decision and said it would appeal. Chief Executive Tim Cook, in an open letter, added: &quot;Apple follows the law and we pay all the taxes we owe.&quot; 
Irish Finance Minister Michael Noonan said he disagreed &quot;profoundly&quot; with the European Commission&apos;s decision and said Ireland would appeal the decision in order &quot;to defend the integrity of our tax system.&quot; 
The European Commission said tax arrangements that Ireland offered Apple in 1991 and 2007 allowed the company to pay annual tax rates of between 0.005% and 1% on its European profits for over a decade to 2014, by designating only a tiny portion of its profit as taxable in Ireland. 
&quot;The commission&apos;s investigation concluded that Ireland granted illegal tax benefits to Apple, which enabled it to pay substantially less tax than other businesses over many years,&quot; said European antitrust commissioner Margrethe Vestager. 
Mr. Cook described the decision as &quot;an effort to rewrite Apple&apos;s history in Europe, ignore Ireland&apos;s tax laws and upend the international tax system in the process.&quot; 
Under EU rules, Ireland has four months to calculate the exact amount the commission says Apple owes and collect the cash. Apple, whose shares fell by 0.8% Tuesday in New York, said it would put the money in an escrow account pending appeals. 
Ms. Vestager said Apple would also be expected in the future to pay taxes based on the ruling, but it is unclear how much that would boost the company&apos;s effective tax rate because Apple changed its European tax structure in 2015. 
Lawyers said that the EU had been aggressive in calculating the amount of unpaid taxes it says Apple owes. &quot;It certainly is a massive amount,&quot; Philipp Werner, a Brussels-based partner at law firm Jones Day. Apple posted a profit of $7.8 billion in its most recent quarter. 
The Obama administration and U.S. lawmakers said the decision upended international tax norms and could cut into the U.S. tax base by giving companies foreign tax credits that would reduce their eventual U.S. tax bills. 
A spokeswoman for the U.S. Treasury Department said &quot;retroactive tax assessments by the commission are unfair, contrary to well-established legal principles, and call into question the tax rules of individual Member States.&quot; 
House Speaker Paul Ryan (R., Wis.) called the commission&apos;s decision awful. &quot;This is precisely the kind of unpredictable and heavy-handed taxation that kills jobs and opportunity,&quot; he said. 
Under EU rules, the commission has a right to open up legal proceedings against member countries that don&apos;t obey the bloc&apos;s rules. 
&quot;This has to do with profits generated in Europe and recorded in Europe, &quot; Ms. Vestager said. &quot;Whatever the issue Apple may have with the U.S. tax code is not an issue for us.&quot; 
At issue in the decision is how Ireland allowed Apple to allocate profit, largely at an Irish-registered unit called Apple Sales International, which purchases Apple goods from its outside manufacturers and sells them at a markup outside the Americas. 
In 2011, under the Irish tax ruling, the unit brought in EUR16 billion in profit, and allocated under EUR50 million of it to Ireland where it was subject to taxation, Ms. Vestager said. The rest was allocated to a &quot;head office&quot; registered in Ireland that from the point of view of U.S. tax authorities was overseas and outside their immediate tax reach. As a result, Ms. Vestager said the unit had effective tax rate that year of 0.05%. 
Luca Maestri, Apple&apos;s chief financial officer, disputed that calculation, calling it a &quot;completely made-up number.&quot; He added that the profits the EU is saying should have been taxed in Ireland actually should be taxed in the U.S. 
Apple hasn&apos;t actually paid U.S. taxes on the foreign profits, however, because it has been holding them in foreign subsidiaries and has been borrowing money to finance domestic cash needs instead of repatriating the profits. As of June, Apple   in its non-U.S. subsidiaries, according to securities filings. 
The tax bill was also reduced as Apple&apos;s Irish subsidiaries sent money to the U.S. that financed &quot;more than half of all research efforts by the Apple group in the U.S. to develop its   worldwide,&quot; the commission said. This amounted to about $2 billion in 2011 and significantly more in 2014. 
European companies, including Fiat Chrysler Automobiles NV, have also entered the commission&apos;s firing line over their tax deals with EU governments. But the Apple case dwarfs the Fiat case, where the car maker was only required to pay as much as EUR30 million in taxes. 
The commission also continues to investigate Amazon.com Inc. and McDonald&apos;s Corp. over their tax arrangements in Luxembourg. Amazon has previously said it receives no special tax treatment from Luxembourg while McDonald&apos;s has said it &quot;complies with all tax laws and rules in Europe.&quot; 
Ms. Vestager said that she expected individual countries to use evidence in the EU ruling to pursue back taxes against Apple at a national level, staking claims to the EUR13 billion in taxes identified by the commission. Such claims could reduce the amount that Ireland would then be able to collect. 
But the uncertainty over which countries have the right to the unpaid taxes could provoke or exacerbate existing disputes between countries over how to allocate companies&apos; profits internationally, Jones Day&apos;s Mr. Werner said. 
--Richard Rubin contributed to this article. 
Write to Natalia Drozdiak at natalia.drozdiak@wsj.com and Sam Schechner at sam.schechner@wsj.com  162009ET  
</post>
<signature>

</signature>
<external_links>

</external_links>
<country>US</country>
<main_image>http://www.nasdaq.com/images/dreamit.jpg</main_image>
</document>
