<?xml version="1.0" encoding="UTF-8"?>
<document>
<type>mainstream</type>
<forum>http://m.smh.com.au/rss.xml</forum>
<forum_title>All Breaking News</forum_title>
<discussion_title>Video of hawk dropping snake onto family picnic in Melbourne &apos;not real&apos;: experts</discussion_title>
<language>english</language>
<gmt_offset></gmt_offset>
<topic_url>http://www.theage.com.au/victoria/video-of-hawk-dropping-snake-onto-family-picnic-in-melbourne-not-real-experts-20160830-gr54s6.html</topic_url>
<topic_text>
Video of hawk dropping snake onto family picnic in Melbourne &apos;not real&apos;: experts Broede Carmody twitter TWEET More 
A video has surfaced showing what appears to be a hawk picking up a snake and dropping it onto a family picnicking along the Yarra River. 
Melbourne radio station 3AW published the video on YouTube Wednesday morning, although did apply some caution by asking readers to &quot;be the judge&quot; of whether or not the video was a spoof. Real or fake? Hawk throws a snake at family enjoying lunch by the Yarra River. Photo: 3AW 
The clip was originally uploaded on Monday by a YouTube user going by the name of Douglas Wong, who has no other videos under his name. 
&quot;So funny … bird dropped snake on my uncle last weekend,&quot; the description reads. 
&quot;Scary!&quot; 
However, professional animators and bird experts alike are adamant the video is a fake. Advertisement WATCH | Hawk picks up and throws a snake at family enjoying BBQ along the Yarra River https://t.co/EX9FsVRzmt pic.twitter.com/eDVDdKead5 — 3AW Melbourne (@3AW693) August 30, 2016 
Emma Goldstone, from Melbourne creative agency Jumbla, said there&apos;s something fishy about the short clip. 
&quot;The professional consensus seems to be that, no, it&apos;s not real,&quot; she said. 
&quot;The snake is massive in the last shot, but when the bird supposedly picks it up, you can&apos;t even see it. The camera work is too good. Why would a snake be hanging out in short grass in winter?&quot; 
Sean Dooley, the editor of Australian Birdlife magazine, also believes the video is a spoof. 
He said there are sea eagles located around Port Phillip Bay, but they are &quot;exceptionally rare&quot; along the Yarra. 
&quot;They rarely take snakes and I would be surprised that a young bird would have that skill,&quot; he said. 
&quot;Even more damning is that the silver gull in the foreground does not move an inch as the eagle approaches to catch the snake or when it drops it. There is no way a gull wouldn&apos;t react to a huge predator swooping in like that.&quot; 
In July, it was revealed Melbourne production studio The Woolshed Company was behind a number of viral videos that had tricked news agencies worldwide. 
Among the videos were depictions of a fake lighting strike and a shark attack. Advertisement
</topic_text>
<spam_score>0.00</spam_score>
<post_num>1</post_num>
<post_id>post-1</post_id>
<post_url>http://www.theage.com.au/victoria/video-of-hawk-dropping-snake-onto-family-picnic-in-melbourne-not-real-experts-20160830-gr54s6.html</post_url>
<post_date>20160831</post_date>
<post_time>0026</post_time>
<username></username>
<post>
Video of hawk dropping snake onto family picnic in Melbourne &apos;not real&apos;: experts Broede Carmody twitter TWEET More 
A video has surfaced showing what appears to be a hawk picking up a snake and dropping it onto a family picnicking along the Yarra River. 
Melbourne radio station 3AW published the video on YouTube Wednesday morning, although did apply some caution by asking readers to &quot;be the judge&quot; of whether or not the video was a spoof. Real or fake? Hawk throws a snake at family enjoying lunch by the Yarra River. Photo: 3AW 
The clip was originally uploaded on Monday by a YouTube user going by the name of Douglas Wong, who has no other videos under his name. 
&quot;So funny … bird dropped snake on my uncle last weekend,&quot; the description reads. 
&quot;Scary!&quot; 
However, professional animators and bird experts alike are adamant the video is a fake. Advertisement WATCH | Hawk picks up and throws a snake at family enjoying BBQ along the Yarra River https://t.co/EX9FsVRzmt pic.twitter.com/eDVDdKead5 — 3AW Melbourne (@3AW693) August 30, 2016 
Emma Goldstone, from Melbourne creative agency Jumbla, said there&apos;s something fishy about the short clip. 
&quot;The professional consensus seems to be that, no, it&apos;s not real,&quot; she said. 
&quot;The snake is massive in the last shot, but when the bird supposedly picks it up, you can&apos;t even see it. The camera work is too good. Why would a snake be hanging out in short grass in winter?&quot; 
Sean Dooley, the editor of Australian Birdlife magazine, also believes the video is a spoof. 
He said there are sea eagles located around Port Phillip Bay, but they are &quot;exceptionally rare&quot; along the Yarra. 
&quot;They rarely take snakes and I would be surprised that a young bird would have that skill,&quot; he said. 
&quot;Even more damning is that the silver gull in the foreground does not move an inch as the eagle approaches to catch the snake or when it drops it. There is no way a gull wouldn&apos;t react to a huge predator swooping in like that.&quot; 
In July, it was revealed Melbourne production studio The Woolshed Company was behind a number of viral videos that had tricked news agencies worldwide. 
Among the videos were depictions of a fake lighting strike and a shark attack. Advertisement
</post>
<signature>

</signature>
<external_links>

</external_links>
<country>AU</country>
<main_image>http://www.smh.com.au/content/dam/images/g/r/5/1/7/f/image.related.articleLeadwide.620x349.gr54s6.png/1472603156088.jpg</main_image>
</document>
