<?xml version="1.0" encoding="UTF-8"?>
<document>
<type>mainstream</type>
<forum>http://www.trading-house.net/rss/meldungen/</forum>
<forum_title>trading-house.net Nachrichtenfeed</forum_title>
<discussion_title>Ein kleiner Japaner mit Weitblick</discussion_title>
<language>german</language>
<gmt_offset></gmt_offset>
<topic_url>http://www.trading-house.net/news/ein-kleiner-japaner-mit-weitblick-50947059</topic_url>
<topic_text>
Ein kleiner Japaner mit Weitblick Der Honda Jazz überzeugt durch Technik aus der Premiumklasse - ab 16.250 Euro.
</topic_text>
<spam_score>0.00</spam_score>
<post_num>1</post_num>
<post_id>post-1</post_id>
<post_url>http://www.trading-house.net/news/ein-kleiner-japaner-mit-weitblick-50947059</post_url>
<post_date>20160830</post_date>
<post_time>2330</post_time>
<username></username>
<post>
Ein kleiner Japaner mit Weitblick Der Honda Jazz überzeugt durch Technik aus der Premiumklasse - ab 16.250 Euro.
</post>
<signature>

</signature>
<external_links>

</external_links>
<country>DE</country>
<main_image></main_image>
</document>
