<?xml version="1.0" encoding="UTF-8"?>
<document>
<type>mainstream</type>
<forum>http://feeds.feedblitz.com/previouslytv</forum>
<forum_title>Previously.TV</forum_title>
<discussion_title>It&apos;s All The News That&apos;s Fit To Fake In This Fictional Newscasters Supercut! :: That means you escape mockery this time, Ann Curry. [Television]</discussion_title>
<language>english</language>
<gmt_offset></gmt_offset>
<topic_url>http://previously.tv/television/its-all-the-news-thats-fit-to-fake-in-this-fictional-newscasters-supercut/</topic_url>
<topic_text>
It&apos;s All The News That&apos;s Fit To Fake In This Fictional Newscasters Supercut! That means you escape mockery this time, Ann Curry.
</topic_text>
<spam_score>0.00</spam_score>
<post_num>1</post_num>
<post_id>post-1</post_id>
<post_url>http://previously.tv/television/its-all-the-news-thats-fit-to-fake-in-this-fictional-newscasters-supercut/</post_url>
<post_date>20160830</post_date>
<post_time>1330</post_time>
<username>Laura Waters</username>
<post>
It&apos;s All The News That&apos;s Fit To Fake In This Fictional Newscasters Supercut! That means you escape mockery this time, Ann Curry.
</post>
<signature>

</signature>
<external_links>

</external_links>
<country>US</country>
<main_image>http://previously.tv/m/2016-08-30-television.jpg</main_image>
</document>
