<?xml version="1.0" encoding="UTF-8"?>
<document>
<type>mainstream</type>
<forum>http://observator.ro/stiri/articole-sanatate/page/22</forum>
<forum_title>Sănătate | Observator de Constanta - Pagina 22</forum_title>
<discussion_title>Unde găsim cei mai buni maseuri în Constanţa</discussion_title>
<language>romanian</language>
<gmt_offset></gmt_offset>
<topic_url>http://observator.ro/stiri-social-unde-gasim-cei-mai-buni-maseuri-in-constanta-360203.html</topic_url>
<topic_text>
Nevăzătorii din Constanţa îşi găsesc cu greu un loc de muncă. Înainte şi puţin timp după Revoluţie au existat meserii protejate, care erau destinate persoanelor cu deficienţe de vedere, nu prea plăcute şi bine plătite (cartonaj, periaj etc.), dar puteau fi exercitate doar de acestea. În prezent, însă, acum nu se mai respectă acest lucru, aşa că persoanele nevăzătoare au şi mai puţine joburi la dispoziţie. Deşi pot face multe, pot urma chiar o facultate fără probleme şi deveni IT-işti, profesori, project manageri etc. Dar puţini angajatori le-ar acorda o şansă. „Până în 1996, existau meserii protejate, care puteau fi exercitate doar de către nevăzători. Acum nu se mai respectă drepturile persoanelor cu dizabilităţi şi aceste meserii sunt făcute de persoanele fără probleme de sănătate. Nevăzătorii au fost daţi la o parte şi e foarte greu pentru ei să se angajeze“, ne-a declarat Iulian Iova, preşedintele Filialei Interjudeţene Constanţa – Tulcea a Asociaţiei Nevăzătorilor din România.
Din fericire, foarte mulţi au înţeles că persoanele cu deficienţe de vedere sunt cei mai buni maseuri. Un lucru acceptat în întreaga lume, considerându-se că nevăzătorii au mâini de aur. Lipsa unui simţ duce la dezvoltarea celorlalte, aşa că persoanele cu deficienţe de vedere au un simţ tactil extraordinar, un auz şi o memorie mai bună. De aceea sunt preferaţi în cabinetele de masaj, mai ales că ei învaţă trei ani această meserie, nu fac doar un curs de scurtă durată.
„Noroc că pe litoral sanatoriile de la Techirghiol, Mangalia şi alte unităţile medicale angajează nevăzătorii care termină specializarea Masaj. Ei fac o şcoală postliceală de trei ani, pe când cei care fac doar nişte cursuri de specializare, învaţă masaj doar şase luni. Oricum, se ştie din istorie că persoana nevăzătoare este cel mai bun practician de masaj“, a concluzionat Iova.
Valentin ISPAS
Distribuie: 
</topic_text>
<spam_score>0.00</spam_score>
<post_num>1</post_num>
<post_id>post-1</post_id>
<post_url>http://observator.ro/stiri-social-unde-gasim-cei-mai-buni-maseuri-in-constanta-360203.html</post_url>
<post_date>20160209</post_date>
<post_time>0003</post_time>
<username>observatordeconstanta.ro</username>
<post>
Nevăzătorii din Constanţa îşi găsesc cu greu un loc de muncă. Înainte şi puţin timp după Revoluţie au existat meserii protejate, care erau destinate persoanelor cu deficienţe de vedere, nu prea plăcute şi bine plătite (cartonaj, periaj etc.), dar puteau fi exercitate doar de acestea. În prezent, însă, acum nu se mai respectă acest lucru, aşa că persoanele nevăzătoare au şi mai puţine joburi la dispoziţie. Deşi pot face multe, pot urma chiar o facultate fără probleme şi deveni IT-işti, profesori, project manageri etc. Dar puţini angajatori le-ar acorda o şansă. „Până în 1996, existau meserii protejate, care puteau fi exercitate doar de către nevăzători. Acum nu se mai respectă drepturile persoanelor cu dizabilităţi şi aceste meserii sunt făcute de persoanele fără probleme de sănătate. Nevăzătorii au fost daţi la o parte şi e foarte greu pentru ei să se angajeze“, ne-a declarat Iulian Iova, preşedintele Filialei Interjudeţene Constanţa – Tulcea a Asociaţiei Nevăzătorilor din România.
Din fericire, foarte mulţi au înţeles că persoanele cu deficienţe de vedere sunt cei mai buni maseuri. Un lucru acceptat în întreaga lume, considerându-se că nevăzătorii au mâini de aur. Lipsa unui simţ duce la dezvoltarea celorlalte, aşa că persoanele cu deficienţe de vedere au un simţ tactil extraordinar, un auz şi o memorie mai bună. De aceea sunt preferaţi în cabinetele de masaj, mai ales că ei învaţă trei ani această meserie, nu fac doar un curs de scurtă durată.
„Noroc că pe litoral sanatoriile de la Techirghiol, Mangalia şi alte unităţile medicale angajează nevăzătorii care termină specializarea Masaj. Ei fac o şcoală postliceală de trei ani, pe când cei care fac doar nişte cursuri de specializare, învaţă masaj doar şase luni. Oricum, se ştie din istorie că persoana nevăzătoare este cel mai bun practician de masaj“, a concluzionat Iova.
Valentin ISPAS
Distribuie: 
</post>
<signature>

</signature>
<external_links>

</external_links>
<country>RO</country>
<main_image>http://observator.ro/cdn/wp-content/uploads/2016/02/masaj.jpg</main_image>
</document>
