<?xml version="1.0" encoding="UTF-8"?>
<document>
<type>mainstream</type>
<forum></forum>
<forum_title></forum_title>
<discussion_title>4モンクレール新品本物1円BEVERLY HILLS 迷彩モカシンシューズ43 |</discussion_title>
<language>japanese</language>
<gmt_offset></gmt_offset>
<topic_url>http://hoshikatta.ciao.jp/otoku/vol3/2016/08/31/4%e3%83%a2%e3%83%b3%e3%82%af%e3%83%ac%e3%83%bc%e3%83%ab%e6%96%b0%e5%93%81%e6%9c%ac%e7%89%a91%e5%86%86beverly-hills-%e8%bf%b7%e5%bd%a9%e3%83%a2%e3%82%ab%e3%82%b7%e3%83%b3%e3%82%b7%e3%83%a5%e3%83%bc-14/</topic_url>
<topic_text>

モンクレール MONCLER 新品本物 BEVERLY HILLS カモフラ柄 モカシンシューズ 
商品詳細 支払詳細 発送詳細 【商 品】・・・モンクレール MONCLER 新品本物 BEVERLY HILLS カモフラ柄 モカシンシューズ 【型 番】・・・41 09 A 1000800 07173 【状 態】・・・正規品/新品未使用 
</topic_text>
<spam_score>0.00</spam_score>
<post_num>1</post_num>
<post_id>post-1</post_id>
<post_url>http://hoshikatta.ciao.jp/otoku/vol3/2016/08/31/4%e3%83%a2%e3%83%b3%e3%82%af%e3%83%ac%e3%83%bc%e3%83%ab%e6%96%b0%e5%93%81%e6%9c%ac%e7%89%a91%e5%86%86beverly-hills-%e8%bf%b7%e5%bd%a9%e3%83%a2%e3%82%ab%e3%82%b7%e3%83%b3%e3%82%b7%e3%83%a5%e3%83%bc-14/</post_url>
<post_date>20160831</post_date>
<post_time></post_time>
<username></username>
<post>

モンクレール MONCLER 新品本物 BEVERLY HILLS カモフラ柄 モカシンシューズ 
商品詳細 支払詳細 発送詳細 【商 品】・・・モンクレール MONCLER 新品本物 BEVERLY HILLS カモフラ柄 モカシンシューズ 【型 番】・・・41 09 A 1000800 07173 【状 態】・・・正規品/新品未使用 
</post>
<signature>

</signature>
<external_links>

</external_links>
<country>JP</country>
<main_image>http://nostyle.jp/crick.jpg</main_image>
</document>
