<?xml version="1.0" encoding="UTF-8"?>
<document>
<type>mainstream</type>
<forum>http://www.trading-house.net/rss/meldungen/</forum>
<forum_title>trading-house.net Nachrichtenfeed</forum_title>
<discussion_title>Katze in den Kofferraum gesperrt</discussion_title>
<language>german</language>
<gmt_offset></gmt_offset>
<topic_url>http://www.trading-house.net/news/katze-in-den-kofferraum-gesperrt-50947071</topic_url>
<topic_text>
31.08.2016 - 01:37 Uhr Katze in den Kofferraum gesperrt Bregenz. (fst) Eine bedenkliche Beobachtung machte in Bregenz ein Tierfreund, der sich liebevoll um eine Katze gekümmert hatte: Ein Pkw mit ausländischem Kennzeichen hielt neben der Mieze an, der Fahrer stieg aus und nahm das Tier, das sich gerne streicheln ließ, in seine Arme. Doch was dann folgte, veranlasste den Zeugen, die Polizei zu alarmieren: […]
</topic_text>
<spam_score>0.00</spam_score>
<post_num>1</post_num>
<post_id>post-1</post_id>
<post_url>http://www.trading-house.net/news/katze-in-den-kofferraum-gesperrt-50947071</post_url>
<post_date>20160830</post_date>
<post_time>2337</post_time>
<username></username>
<post>
31.08.2016 - 01:37 Uhr Katze in den Kofferraum gesperrt Bregenz. (fst) Eine bedenkliche Beobachtung machte in Bregenz ein Tierfreund, der sich liebevoll um eine Katze gekümmert hatte: Ein Pkw mit ausländischem Kennzeichen hielt neben der Mieze an, der Fahrer stieg aus und nahm das Tier, das sich gerne streicheln ließ, in seine Arme. Doch was dann folgte, veranlasste den Zeugen, die Polizei zu alarmieren: […]
</post>
<signature>

</signature>
<external_links>

</external_links>
<country>DE</country>
<main_image></main_image>
</document>
