<?xml version="1.0" encoding="UTF-8"?>
<document>
<type>mainstream</type>
<forum>http://www.trading-house.net/rss/meldungen/</forum>
<forum_title>trading-house.net Nachrichtenfeed</forum_title>
<discussion_title>Bürgermeister-Wahl in Freistadt: Paruta-Teufer kandidiert, FP winkt ab</discussion_title>
<language>german</language>
<gmt_offset></gmt_offset>
<topic_url>http://www.trading-house.net/news/buergermeister-wahl-in-freistadt-paruta-teufer-kandidiert-fp-winkt-ab-50947124</topic_url>
<topic_text>
31.08.2016 - 01:58 Uhr Bürgermeister-Wahl in Freistadt: Paruta-Teufer kandidiert, FP winkt ab FREISTADT. Am 4. Dezember wählen die Freistädter Bürger ein neues Stadtoberhaupt: Vizebürgermeisterin Elisabeth Paruta-Teufer (VP) wird antreten, die FPÖ kandidiert nicht, SPÖ und Grüne überlegen noch.
</topic_text>
<spam_score>0.00</spam_score>
<post_num>1</post_num>
<post_id>post-1</post_id>
<post_url>http://www.trading-house.net/news/buergermeister-wahl-in-freistadt-paruta-teufer-kandidiert-fp-winkt-ab-50947124</post_url>
<post_date>20160830</post_date>
<post_time>2358</post_time>
<username></username>
<post>
31.08.2016 - 01:58 Uhr Bürgermeister-Wahl in Freistadt: Paruta-Teufer kandidiert, FP winkt ab FREISTADT. Am 4. Dezember wählen die Freistädter Bürger ein neues Stadtoberhaupt: Vizebürgermeisterin Elisabeth Paruta-Teufer (VP) wird antreten, die FPÖ kandidiert nicht, SPÖ und Grüne überlegen noch.
</post>
<signature>

</signature>
<external_links>

</external_links>
<country>DE</country>
<main_image></main_image>
</document>
