<?xml version="1.0" encoding="UTF-8"?>
<document>
<type>mainstream</type>
<forum>https://www.ktipp.ch/rss/tests</forum>
<forum_title>K-Tipp - Test</forum_title>
<discussion_title>Günstige Geräte für Videos und zum Surfen</discussion_title>
<language>german</language>
<gmt_offset></gmt_offset>
<topic_url>https://www.ktipp.ch/tests/tests/detail/d/guenstige-geraete-fuer-videos-und-zum-surfen/</topic_url>
<topic_text>
Günstige Geräte für Videos und zum Surfen   
von Lukas Bertschi, Redaktor saldo Schon für 150 Franken gibts ein gutes Tablet. Bei der Grafikleistung und dem Display sind die günstigeren Geräte zwar schwächer als die teureren Modelle. Für den Alltag reichen sie aber gut. Die deutsche Stiftung Warentest hat zwölf günstige Tablets mit dem Betriebssystem Android geprüft. Bei den Tablets mit einem Durchmesser von 6,9 bis 8 Zoll (17 bis 20 Zentimeter) ging das «Galaxy Tab A 2016, 7.0» von Samsung als Testsieger hervor. Besonders gut: Display und Akkuleistung. Schwachpunkte: Wenig Speicherplatz und Grafikleistung. Bei den grossen Tablets (10 Zoll/25 Zentimeter) schnitt das «Mediapad M2 10» von Huawei am besten ab. Es hat ein hochauflösendes Display und eine hohe Rechenleistung. Es eignet sich zum Surfen und für Büroaufgaben. Bei früheren Tests der Stiftung Warentest erreichten bei den kleinen Geräten das «Galaxy Tab S2 8.0 LTE» (Fr. 419.–, Galaxus.ch ) Bestnoten. Bei den grösseren Geräten das «Galaxy Tab S2 9.7 LTE» (Fr. 529.–, Digitec.ch ). Beide sind noch im Handel erhältlich. Hier erhältliche gute Modelle im Überblick Gutes kleines Tablet: Samsung Galaxy Tab A 2016, 7.0 (Fr. 143.65, Interdiscount.ch ) Gute grosse Tablets: Huawei Mediapad M2 10 (Fr. 327.–, Microspot.ch ) Lenovo Yoga Tab 3 10 (Fr. 288.–, Pcp.ch ) Medion Lifetab S10365 (Fr. 229.–, Digitec.ch ) saldo-Testsieger 5/2015: Apple iPad Air 2 (Fr. 509.–, Galaxus.ch ) Quelle: «Test» 8/2016
</topic_text>
<spam_score>0.00</spam_score>
<post_num>1</post_num>
<post_id>post-1</post_id>
<post_url>https://www.ktipp.ch/tests/tests/detail/d/guenstige-geraete-fuer-videos-und-zum-surfen/</post_url>
<post_date>20160827</post_date>
<post_time>0000</post_time>
<username>Lukas Bertschi, Redaktor saldo</username>
<post>
Günstige Geräte für Videos und zum Surfen   
von Lukas Bertschi, Redaktor saldo Schon für 150 Franken gibts ein gutes Tablet. Bei der Grafikleistung und dem Display sind die günstigeren Geräte zwar schwächer als die teureren Modelle. Für den Alltag reichen sie aber gut. Die deutsche Stiftung Warentest hat zwölf günstige Tablets mit dem Betriebssystem Android geprüft. Bei den Tablets mit einem Durchmesser von 6,9 bis 8 Zoll (17 bis 20 Zentimeter) ging das «Galaxy Tab A 2016, 7.0» von Samsung als Testsieger hervor. Besonders gut: Display und Akkuleistung. Schwachpunkte: Wenig Speicherplatz und Grafikleistung. Bei den grossen Tablets (10 Zoll/25 Zentimeter) schnitt das «Mediapad M2 10» von Huawei am besten ab. Es hat ein hochauflösendes Display und eine hohe Rechenleistung. Es eignet sich zum Surfen und für Büroaufgaben. Bei früheren Tests der Stiftung Warentest erreichten bei den kleinen Geräten das «Galaxy Tab S2 8.0 LTE» (Fr. 419.–, Galaxus.ch ) Bestnoten. Bei den grösseren Geräten das «Galaxy Tab S2 9.7 LTE» (Fr. 529.–, Digitec.ch ). Beide sind noch im Handel erhältlich. Hier erhältliche gute Modelle im Überblick Gutes kleines Tablet: Samsung Galaxy Tab A 2016, 7.0 (Fr. 143.65, Interdiscount.ch ) Gute grosse Tablets: Huawei Mediapad M2 10 (Fr. 327.–, Microspot.ch ) Lenovo Yoga Tab 3 10 (Fr. 288.–, Pcp.ch ) Medion Lifetab S10365 (Fr. 229.–, Digitec.ch ) saldo-Testsieger 5/2015: Apple iPad Air 2 (Fr. 509.–, Galaxus.ch ) Quelle: «Test» 8/2016
</post>
<signature>

</signature>
<external_links>

</external_links>
<country>CH</country>
<main_image></main_image>
</document>
