<?xml version="1.0" encoding="UTF-8"?>
<document>
<type>mainstream</type>
<forum>https://www.ktipp.ch/rss/tests</forum>
<forum_title>K-Tipp - Test</forum_title>
<discussion_title>Abschminktücher: Auffallend sind vor allem die Preisunterschiede</discussion_title>
<language>german</language>
<gmt_offset></gmt_offset>
<topic_url>https://www.ktipp.ch/tests/tests/detail/d/abschminktuecher-auffallend-sind-vor-allem-die-preisunterschiede/</topic_url>
<topic_text>
Abschminktücher: Auffallend sind vor allem die Preisunterschiede   Der «K-Tipp» hat zwölf Gesichtsreinigungstücher getestet. Wichtigstes Prüfkriterium war die Reinigungsleistung. Abzüge gab es beim Nachweis von allergenen Duftstoffen, PEG-Derivaten oder heiklen Konservierungsstoffen. Auffallend: die hohen Preisunterschiede. Gute Gesichtsreinigungstücher Bellena Face Care Reinigungstücher (7,6 Rp. pro Tuch, Migros) Garnier Skin Naturals Reinigungstücher Erfrischend (19,6 Rp., Coop) Royal Excellence Reinigunsgstücher mild &amp; erfrischend (7,2 Rp., Landi) Cien Refreshing Facial Wipes (7,6 Rp., Lidl) Bebe Young Care 5 in 1, erfrischende Reinigungstücher (19,8 Rp., Manor) Ombia Cosmetics Reinigungstücher Classic (7,6 Rp., Aldi) Wel! Face Care Soft Cleansing Reinigungstücher (10,8 Rp., Coop) I am Erfrischende Reinigungstücher (15,6 Rp., Migros) Nivea 3-in-1 Erfrischende Reinigungstücher (19,2 Rp., Coop) The Body Shop Vitamin E Gentle Cleansing Facial Wipes (51,6 Rp., The Body Shop) Quelle: «K-Tipp», Ausgabe 13/2016, für 4 Franken am Kiosk oder unter Tel. 044 253 90 90 0
</topic_text>
<spam_score>0.00</spam_score>
<post_num>1</post_num>
<post_id>post-1</post_id>
<post_url>https://www.ktipp.ch/tests/tests/detail/d/abschminktuecher-auffallend-sind-vor-allem-die-preisunterschiede/</post_url>
<post_date>20160827</post_date>
<post_time>0011</post_time>
<username></username>
<post>
Abschminktücher: Auffallend sind vor allem die Preisunterschiede   Der «K-Tipp» hat zwölf Gesichtsreinigungstücher getestet. Wichtigstes Prüfkriterium war die Reinigungsleistung. Abzüge gab es beim Nachweis von allergenen Duftstoffen, PEG-Derivaten oder heiklen Konservierungsstoffen. Auffallend: die hohen Preisunterschiede. Gute Gesichtsreinigungstücher Bellena Face Care Reinigungstücher (7,6 Rp. pro Tuch, Migros) Garnier Skin Naturals Reinigungstücher Erfrischend (19,6 Rp., Coop) Royal Excellence Reinigunsgstücher mild &amp; erfrischend (7,2 Rp., Landi) Cien Refreshing Facial Wipes (7,6 Rp., Lidl) Bebe Young Care 5 in 1, erfrischende Reinigungstücher (19,8 Rp., Manor) Ombia Cosmetics Reinigungstücher Classic (7,6 Rp., Aldi) Wel! Face Care Soft Cleansing Reinigungstücher (10,8 Rp., Coop) I am Erfrischende Reinigungstücher (15,6 Rp., Migros) Nivea 3-in-1 Erfrischende Reinigungstücher (19,2 Rp., Coop) The Body Shop Vitamin E Gentle Cleansing Facial Wipes (51,6 Rp., The Body Shop) Quelle: «K-Tipp», Ausgabe 13/2016, für 4 Franken am Kiosk oder unter Tel. 044 253 90 90 0
</post>
<signature>

</signature>
<external_links>

</external_links>
<country>CH</country>
<main_image></main_image>
</document>
