<?xml version="1.0" encoding="UTF-8"?>
<document>
<type>mainstream</type>
<forum>http://www.care2.com/causes/author/stevebwilliams/feed</forum>
<forum_title>Care2 Causes » Steve Williams</forum_title>
<discussion_title>Care2 Success! Obama Just Created the World’s Largest Marine Reserve</discussion_title>
<language>english</language>
<gmt_offset></gmt_offset>
<topic_url>http://www.care2.com/causes/care2-success-obama-just-created-the-worlds-largest-marine-reserve.html</topic_url>
<topic_text>
  
The Papahānaumokuākea Marine National Monument, first named a national monument by President George W. Bush in 2006, is a massively important marine nature reserve. 
Designated a World Heritage site, the region surrounding the Northwestern Hawaiian Islands teems with more than 7,000 marine and land species — some of which are unique to the area, including endangered whales and sea turtles. As a result, the region has been deemed irreplaceable by scientists. 
Environmental advocates have repeatedly called for an expansion of the monument’s protections to ensure that the area is safeguarded from commercial operations long into the future. 
Clearly, President Obama agrees. 
Last week Obama announced that he would expand the protected site to cover some 528,578 square miles, making Papahānaumokuākea the largest such site on Earth. 
A press release from the White House notes: The expansion provides critical protections for more than 7,000 marine species, including whales and sea turtles listed under the Endangered Species Act and the longest-living marine species in the world — black coral, which have been found to live longer than 4,500 years. 
The White House emphasizes that this act continues the administration’s commitment to protecting the environment from future climate change issues. 
“Additionally, as ocean acidification, warming, and other impacts of climate change threaten marine ecosystems, expanding the monument will improve ocean resilience,” the statement reads. The document argues that the expansion will “help the region’s distinct physical and biological resources adapt, and create a natural laboratory that will allow scientists to monitor and explore the impacts of climate change on these fragile ecosystems.” 
The region is also an area of great historic and social significance for the local Hawaiian communities. Papahānaumokuākea has received the United Nations Educational, Scientific and Cultural Organization’s attention for its “deep cosmological and traditional significance for living Native Hawaiian culture,” USA Today reports. 
While Congress remains in a state of almost perpetual gridlock on any legislation of substance, especially contentious issues like climate change and environmental protection, Obama has been using his lawful executive authority to create meaningful change. 
The Antiquities Act gives U.S. presidents the ability to designate national monuments from public lands in order to protect natural, cultural and scientific areas of significance, and through this legislation, Obama has been able to greatly extend the country’s environmental protections. For example, in 2014 he increased the Pacific Remote Islands Marine National Monument to the south and west of Hawaii, too. 
This latest action means that commercial activities – including fishing and mineral extraction — cannot take place in the newly expanded designations, as is consistent with the current regulations surrounding the already protected monument. The expansion does, however, continue to safeguard local communities and their ability to engage in non-commercial fishing via a permit process. 
This expansion will also support scientific research by continuing to grant scientists access to Hawaii’s waters. 
Ultimately, Obama aims to put the management of this national monument back in the hands of the Hawaiian people. Government officials are negotiating an agreement to allow Hawaii’s Department of Natural Resources and Office of Hawaiian Affairs broader power to manage the area with local interests in mind. 
With these new conservation measures in place, hopefully the Papahānaumokuākea Marine National Monument will remain an area of extreme natural beauty and biodiversity for years to come. 
Care2 Success! 
Thank you to the 15,000-plus members of the Care2 community who signed a petition urging Obama to expand the protected regions around Hawaii. Each signature helped to send a clear message: Hawaii’s beautiful and diverse coast must be preserved. 
Do you have a cause you care about? Take action today, and start your own petition !
</topic_text>
<spam_score>0.00</spam_score>
<post_num>1</post_num>
<post_id>post-1</post_id>
<post_url>http://www.care2.com/causes/care2-success-obama-just-created-the-worlds-largest-marine-reserve.html</post_url>
<post_date>20160829</post_date>
<post_time>1700</post_time>
<username>Steve Williams</username>
<post>
  
The Papahānaumokuākea Marine National Monument, first named a national monument by President George W. Bush in 2006, is a massively important marine nature reserve. 
Designated a World Heritage site, the region surrounding the Northwestern Hawaiian Islands teems with more than 7,000 marine and land species — some of which are unique to the area, including endangered whales and sea turtles. As a result, the region has been deemed irreplaceable by scientists. 
Environmental advocates have repeatedly called for an expansion of the monument’s protections to ensure that the area is safeguarded from commercial operations long into the future. 
Clearly, President Obama agrees. 
Last week Obama announced that he would expand the protected site to cover some 528,578 square miles, making Papahānaumokuākea the largest such site on Earth. 
A press release from the White House notes: The expansion provides critical protections for more than 7,000 marine species, including whales and sea turtles listed under the Endangered Species Act and the longest-living marine species in the world — black coral, which have been found to live longer than 4,500 years. 
The White House emphasizes that this act continues the administration’s commitment to protecting the environment from future climate change issues. 
“Additionally, as ocean acidification, warming, and other impacts of climate change threaten marine ecosystems, expanding the monument will improve ocean resilience,” the statement reads. The document argues that the expansion will “help the region’s distinct physical and biological resources adapt, and create a natural laboratory that will allow scientists to monitor and explore the impacts of climate change on these fragile ecosystems.” 
The region is also an area of great historic and social significance for the local Hawaiian communities. Papahānaumokuākea has received the United Nations Educational, Scientific and Cultural Organization’s attention for its “deep cosmological and traditional significance for living Native Hawaiian culture,” USA Today reports. 
While Congress remains in a state of almost perpetual gridlock on any legislation of substance, especially contentious issues like climate change and environmental protection, Obama has been using his lawful executive authority to create meaningful change. 
The Antiquities Act gives U.S. presidents the ability to designate national monuments from public lands in order to protect natural, cultural and scientific areas of significance, and through this legislation, Obama has been able to greatly extend the country’s environmental protections. For example, in 2014 he increased the Pacific Remote Islands Marine National Monument to the south and west of Hawaii, too. 
This latest action means that commercial activities – including fishing and mineral extraction — cannot take place in the newly expanded designations, as is consistent with the current regulations surrounding the already protected monument. The expansion does, however, continue to safeguard local communities and their ability to engage in non-commercial fishing via a permit process. 
This expansion will also support scientific research by continuing to grant scientists access to Hawaii’s waters. 
Ultimately, Obama aims to put the management of this national monument back in the hands of the Hawaiian people. Government officials are negotiating an agreement to allow Hawaii’s Department of Natural Resources and Office of Hawaiian Affairs broader power to manage the area with local interests in mind. 
With these new conservation measures in place, hopefully the Papahānaumokuākea Marine National Monument will remain an area of extreme natural beauty and biodiversity for years to come. 
Care2 Success! 
Thank you to the 15,000-plus members of the Care2 community who signed a petition urging Obama to expand the protected regions around Hawaii. Each signature helped to send a clear message: Hawaii’s beautiful and diverse coast must be preserved. 
Do you have a cause you care about? Take action today, and start your own petition !
</post>
<signature>

</signature>
<external_links>

</external_links>
<country>US</country>
<main_image>http://dingo.care2.com/pictures/causes/3189/3188112.large.jpg</main_image>
</document>
