<?xml version="1.0" encoding="UTF-8"?>
<document>
<type>mainstream</type>
<forum></forum>
<forum_title></forum_title>
<discussion_title>Iheanacho Is Nigeria’s Highest Paid EPL Star on £.085m Weekly | Newsherald</discussion_title>
<language>english</language>
<gmt_offset></gmt_offset>
<topic_url>http://newsherald.com.ng/2016/08/43148/</topic_url>
<topic_text>
Sports 0 
The Manchester City forward, Kelechi Iheanacho, is now the top Nigeria earner in the Premier League on £85,000 a week to knock off Chelsea star, Mikel Obi. 
This month, Iheanacho signed a new two-year contract extension at City till 2021, saying his new contract will “change the lives of his family”. 
Mikel, who moved to England 10 years ago, has been Nigeria’s highest earner for many years and is The midfielder’s compatriot at The Blues, Victor Moses, bagged a £50,000 a week when he joined Chelsea from Wigan Athletic in 2012. 
Watford striker, Odion Ighalo, is believed to have improved on his £25,000 a week after he recently signed a contract extension. 
Defender Kenneth Omeruo is on £15,000 every week even though he has yet to play an official match for Chelsea. 
It was further gathered that Iheanacho’s new handlers negotiated this bumper deal even though they are still locked in an ownership tussle with the player’s previous representatives, who are based in the United States of America. 
Iheanacho’s former agents had proposed a new contract of £50,000 a week for the young forward. 
He earned less than £18,000 a week when he first joined Manchester City. 

</topic_text>
<spam_score>0.26</spam_score>
<post_num>1</post_num>
<post_id>post-1</post_id>
<post_url>http://newsherald.com.ng/2016/08/43148/</post_url>
<post_date>20160831</post_date>
<post_time></post_time>
<username></username>
<post>
Sports 0 
The Manchester City forward, Kelechi Iheanacho, is now the top Nigeria earner in the Premier League on £85,000 a week to knock off Chelsea star, Mikel Obi. 
This month, Iheanacho signed a new two-year contract extension at City till 2021, saying his new contract will “change the lives of his family”. 
Mikel, who moved to England 10 years ago, has been Nigeria’s highest earner for many years and is The midfielder’s compatriot at The Blues, Victor Moses, bagged a £50,000 a week when he joined Chelsea from Wigan Athletic in 2012. 
Watford striker, Odion Ighalo, is believed to have improved on his £25,000 a week after he recently signed a contract extension. 
Defender Kenneth Omeruo is on £15,000 every week even though he has yet to play an official match for Chelsea. 
It was further gathered that Iheanacho’s new handlers negotiated this bumper deal even though they are still locked in an ownership tussle with the player’s previous representatives, who are based in the United States of America. 
Iheanacho’s former agents had proposed a new contract of £50,000 a week for the young forward. 
He earned less than £18,000 a week when he first joined Manchester City. 

</post>
<signature>

</signature>
<external_links>

</external_links>
<country>US</country>
<main_image>http://newsherald.com.ng/wp-content/uploads/2014/12/kelechi-iheanacho11.jpeg</main_image>
</document>
