<?xml version="1.0" encoding="UTF-8"?>
<document>
<type>mainstream</type>
<forum></forum>
<forum_title></forum_title>
<discussion_title>India, US sign military logistics agreement</discussion_title>
<language>english</language>
<gmt_offset></gmt_offset>
<topic_url>http://www.greaterkashmir.com/news/world/story/227204.html</topic_url>
<topic_text>
Wednesday, August 31, 2016, 27, Zul Qaadah, 1437 India, US sign military logistics agreement The agreement, viewed as part of the Obama administration&apos;&apos;s Pivot to Asia strategy, was criticised by a leading Chinese state-run daily, which warned that New Delhi may irritate Beijing if it &quot;joins the US alliance system&quot;. Greater Kashmir Washington/New Delhi, Publish Date: Aug 31 2016 12:14AM | Updated Date: Aug 31 2016 12:14AM File Photo 
India and the US signed an agreement on sharing military logistics, in a major step forward in closer bilateral defence cooperation, though both sides clarified it will not involve setting up of military bases. 
The Logistics Exchange Memorandum of Agreement (LEMOA) agreement was inked in Washington, by Defence Minister Manohar Parrikar during his ongoing three-day visit to the US, and his US counterpart, Defense Secretary Ashton Carter. 
The agreement, viewed as part of the Obama administration&apos;s Pivot to Asia strategy, was criticised by a leading Chinese state-run daily, which warned that New Delhi may irritate Beijing if it &quot;joins the US alliance system&quot;. 
&quot;If India hastily joins the US alliance system, it may irritate China, Pakistan or even Russia,&quot; the Global Times said in an editorial. 
&quot;It may not make India feel safer, but will bring strategic troubles to itself and make itself a centre of geopolitical rivalries in Asia,&quot; it added. 
Concerns over the agreement have been voiced by political parties in India who say it will lead to the country being seen as a military ally of the US. However, some experts have welcomed the &apos;long delayed&apos; agreement that has been in discussions since 2004. 
While the Left parties criticised the move, saying it makes India formally an ally of the US, the Congress appeared more cautious with former Defence Minister A.K. Antony saying he would not comment before reading the agreement. 
The LEMOA was &quot;in principal&quot; agreed on during Carter&apos;s visit to India in April. 
A joint statement issued after the meeting of Parrikar and Carter said the LEMOA will facilitate additional opportunities for practical engagement and exchange. 
Parrikar also clarified that the agreement will not involve in setting up bases. 
&quot;It does not have anything to do with setting up bases. It is for logistics support to each other ... Like supply of fuel, supply of any other things that are required for joint operations, humanitarian assistance and many other,&quot; he said. More in this Category 
Pakistan should stop providing safe haven to terrorists and terror groups and the &apos;D-Company&apos;, External Affairs Minister Sushma Swaraj said on Tuesday at the conclusion of the second India-US Strategic Dialogue here. Most Read 
</topic_text>
<spam_score>0.09</spam_score>
<post_num>1</post_num>
<post_id>post-1</post_id>
<post_url>http://www.greaterkashmir.com/news/world/story/227204.html</post_url>
<post_date>20160820</post_date>
<post_time></post_time>
<username>Greater Kashmir</username>
<post>
Wednesday, August 31, 2016, 27, Zul Qaadah, 1437 India, US sign military logistics agreement The agreement, viewed as part of the Obama administration&apos;&apos;s Pivot to Asia strategy, was criticised by a leading Chinese state-run daily, which warned that New Delhi may irritate Beijing if it &quot;joins the US alliance system&quot;. Greater Kashmir Washington/New Delhi, Publish Date: Aug 31 2016 12:14AM | Updated Date: Aug 31 2016 12:14AM File Photo 
India and the US signed an agreement on sharing military logistics, in a major step forward in closer bilateral defence cooperation, though both sides clarified it will not involve setting up of military bases. 
The Logistics Exchange Memorandum of Agreement (LEMOA) agreement was inked in Washington, by Defence Minister Manohar Parrikar during his ongoing three-day visit to the US, and his US counterpart, Defense Secretary Ashton Carter. 
The agreement, viewed as part of the Obama administration&apos;s Pivot to Asia strategy, was criticised by a leading Chinese state-run daily, which warned that New Delhi may irritate Beijing if it &quot;joins the US alliance system&quot;. 
&quot;If India hastily joins the US alliance system, it may irritate China, Pakistan or even Russia,&quot; the Global Times said in an editorial. 
&quot;It may not make India feel safer, but will bring strategic troubles to itself and make itself a centre of geopolitical rivalries in Asia,&quot; it added. 
Concerns over the agreement have been voiced by political parties in India who say it will lead to the country being seen as a military ally of the US. However, some experts have welcomed the &apos;long delayed&apos; agreement that has been in discussions since 2004. 
While the Left parties criticised the move, saying it makes India formally an ally of the US, the Congress appeared more cautious with former Defence Minister A.K. Antony saying he would not comment before reading the agreement. 
The LEMOA was &quot;in principal&quot; agreed on during Carter&apos;s visit to India in April. 
A joint statement issued after the meeting of Parrikar and Carter said the LEMOA will facilitate additional opportunities for practical engagement and exchange. 
Parrikar also clarified that the agreement will not involve in setting up bases. 
&quot;It does not have anything to do with setting up bases. It is for logistics support to each other ... Like supply of fuel, supply of any other things that are required for joint operations, humanitarian assistance and many other,&quot; he said. More in this Category 
Pakistan should stop providing safe haven to terrorists and terror groups and the &apos;D-Company&apos;, External Affairs Minister Sushma Swaraj said on Tuesday at the conclusion of the second India-US Strategic Dialogue here. Most Read 
</post>
<signature>

</signature>
<external_links>

</external_links>
<country>US</country>
<main_image>http://www.greaterkashmir.com/cms/gall_content/2016/8/2016_8$largeimg231_Aug_2016_001447587.jpg</main_image>
</document>
