<?xml version="1.0" encoding="UTF-8"?>
<document>
<type>mainstream</type>
<forum></forum>
<forum_title></forum_title>
<discussion_title>ネコが美容師になった結果 - ロケットブログ</discussion_title>
<language>japanese</language>
<gmt_offset></gmt_offset>
<topic_url>http://twilinks.net/2016/08/31/post-120948/</topic_url>
<topic_text>

1 : 名無し 2016年08月30日 11:37 ID：MZNrcYg30 なぜ美容師にしたのか 
2 : 名無しの 2016年08月30日 11:38 ID：sKyUVAdE0 是非ご指名したい 
3 : 名無し 2016年08月30日 11:38 ID：hYuwydEc0 うちのもするわ 4 : 名無しの 2016年08月30日 11:38 ID：ATLEuXVf0 美容師（子猫感） 
5 : 名無しの 2016年08月30日 11:39 ID：wO6tKght0 毛繕いしてるのかな？？猫の口くっさいけど舐められると幸せ！！ 
6 : 名無しの 2016年08月30日 11:39 ID：2nemgyII0 うらやまし っっっ 
7 : 名無し 2016年08月30日 11:40 ID：nsdkAhk20 かつおぶしエッセンスがはいってるニャ 
8 : 名無しの 2016年08月30日 11:40 ID：Z45upAcw0 だから猫様にお似合いの職業は・・ 
10 : 名無し 2016年08月30日 11:43 ID：Ji1GBQ6T0 味わってるｗｗｗ 
11 : 名無し 2016年08月30日 11:44 ID：oFg6RLyz0 くさそう（小並感） 
12 : 名無しの 2016年08月30日 11:44 ID：3r7jKVHK0 これ絶対爪出したりしないもんなの？ 
13 : 名無しの 2016年08月30日 11:46 ID：PJdOIu1U0 かゆい所ございませんか？(ﾊﾞﾘﾊﾞﾘﾑｼｬﾑｼｬ 
14 : 名無しの 2016年08月30日 11:52 ID：td8aoZca0 ムシャムシャ…こ、これは…！(山岡顔) 
</topic_text>
<spam_score>0.00</spam_score>
<post_num>1</post_num>
<post_id>post-1</post_id>
<post_url>http://twilinks.net/2016/08/31/post-120948/</post_url>
<post_date>20160804</post_date>
<post_time></post_time>
<username></username>
<post>

1 : 名無し 2016年08月30日 11:37 ID：MZNrcYg30 なぜ美容師にしたのか 
2 : 名無しの 2016年08月30日 11:38 ID：sKyUVAdE0 是非ご指名したい 
3 : 名無し 2016年08月30日 11:38 ID：hYuwydEc0 うちのもするわ 4 : 名無しの 2016年08月30日 11:38 ID：ATLEuXVf0 美容師（子猫感） 
5 : 名無しの 2016年08月30日 11:39 ID：wO6tKght0 毛繕いしてるのかな？？猫の口くっさいけど舐められると幸せ！！ 
6 : 名無しの 2016年08月30日 11:39 ID：2nemgyII0 うらやまし っっっ 
7 : 名無し 2016年08月30日 11:40 ID：nsdkAhk20 かつおぶしエッセンスがはいってるニャ 
8 : 名無しの 2016年08月30日 11:40 ID：Z45upAcw0 だから猫様にお似合いの職業は・・ 
10 : 名無し 2016年08月30日 11:43 ID：Ji1GBQ6T0 味わってるｗｗｗ 
11 : 名無し 2016年08月30日 11:44 ID：oFg6RLyz0 くさそう（小並感） 
12 : 名無しの 2016年08月30日 11:44 ID：3r7jKVHK0 これ絶対爪出したりしないもんなの？ 
13 : 名無しの 2016年08月30日 11:46 ID：PJdOIu1U0 かゆい所ございませんか？(ﾊﾞﾘﾊﾞﾘﾑｼｬﾑｼｬ 
14 : 名無しの 2016年08月30日 11:52 ID：td8aoZca0 ムシャムシャ…こ、これは…！(山岡顔) 
</post>
<signature>

</signature>
<external_links>

</external_links>
<country>JP</country>
<main_image>http://twilinks.net/wp-content/uploads/2016/08/4ab09ea8624b94bc5b01a5e9d86d2c46.png</main_image>
</document>
