<?xml version="1.0" encoding="UTF-8"?>
<document>
<type>mainstream</type>
<forum>http://www.trelleborgsallehanda.se/feed</forum>
<forum_title>Trelleborgs Allehanda</forum_title>
<discussion_title>Stor insats vid Kristianstadbrand</discussion_title>
<language>swedish</language>
<gmt_offset></gmt_offset>
<topic_url>http://www.trelleborgsallehanda.se/tt-inrikes/stor-insats-vid-kristianstadbrand/</topic_url>
<topic_text>
TT-Inrikes 2 minuter sedan Styrkor från flera brandstationer ryckte ut till en brand på Östra Boulevarden i centrala Kristianstad. Larmet kom 01. 13 och när räddningstjänsten kom till platsen brann det på vinden i ett flerfamiljshus. Polisen uppger att byggnaden innehåller nio lägenheter och en tandläkarpraktik.(TT) TT A A 
Styrkor från flera brandstationer ryckte ut till en brand på Östra Boulevarden i centrala Kristianstad. 
Larmet kom 01.13 och när räddningstjänsten kom till platsen brann det på vinden i ett flerfamiljshus. 
Polisen uppger att byggnaden innehåller nio lägenheter och en tandläkarpraktik. Alla har evakuerats och ingen ska vara skadad. 
– Det kommer att öppnas upp ett serviceboende dit de utrymda personerna kan ta sig, i nuläget vet jag inte när de kan återvända till sina bostäder, säger Magnus Lèfevre, vakthavande befäl vid polisen Region Syd, till Kristianstadbladet.  
</topic_text>
<spam_score>0.00</spam_score>
<post_num>1</post_num>
<post_id>post-1</post_id>
<post_url>http://www.trelleborgsallehanda.se/tt-inrikes/stor-insats-vid-kristianstadbrand/</post_url>
<post_date>20160831</post_date>
<post_time>0003</post_time>
<username></username>
<post>
TT-Inrikes 2 minuter sedan Styrkor från flera brandstationer ryckte ut till en brand på Östra Boulevarden i centrala Kristianstad. Larmet kom 01. 13 och när räddningstjänsten kom till platsen brann det på vinden i ett flerfamiljshus. Polisen uppger att byggnaden innehåller nio lägenheter och en tandläkarpraktik.(TT) TT A A 
Styrkor från flera brandstationer ryckte ut till en brand på Östra Boulevarden i centrala Kristianstad. 
Larmet kom 01.13 och när räddningstjänsten kom till platsen brann det på vinden i ett flerfamiljshus. 
Polisen uppger att byggnaden innehåller nio lägenheter och en tandläkarpraktik. Alla har evakuerats och ingen ska vara skadad. 
– Det kommer att öppnas upp ett serviceboende dit de utrymda personerna kan ta sig, i nuläget vet jag inte när de kan återvända till sina bostäder, säger Magnus Lèfevre, vakthavande befäl vid polisen Region Syd, till Kristianstadbladet.  
</post>
<signature>

</signature>
<external_links>

</external_links>
<country>SE</country>
<main_image>http://d6jf7ok6u1qis.cloudfront.net/imengine/image.php?uuid=d634ce69-080e-4ce8-b706-2f3f26d7c3fd&amp;type=preview&amp;source=false&amp;function=cropresize&amp;width=768&amp;height=384&amp;q=40&amp;x=27&amp;y=0&amp;crop_w=970&amp;crop_h=485&amp;z=1</main_image>
</document>
