<?xml version="1.0" encoding="UTF-8"?>
<document>
<type>mainstream</type>
<forum>http://www.onenewspage.com/rss/latest/Front+Page.rss</forum>
<forum_title>Latest Front Page News on One News Page</forum_title>
<discussion_title>New &apos;Horatio&apos;s Garden&apos; to open for spinal injury sufferers in memory of Eton schoolboy</discussion_title>
<language>english</language>
<gmt_offset></gmt_offset>
<topic_url>http://www.onenewspage.co.uk/n/Front+Page/759s6319l/New-Horatio-Garden-to-open-for-spinal.htm</topic_url>
<topic_text>
New &apos;Horatio&apos;s Garden&apos; to open for spinal injury sufferers in memory of Eton schoolboy Wednesday, 31 August 2016 ( You Might Like Other recent news in Front Page Paul Keating: AUSTRALIA lacks a foreign policy to negotiate the rise of China Twitter IndyRef New &apos;Horatio&apos;s Garden&apos; to open for spinal injury sufferers in memory of Eton schoolboy : https://t.co/kNrjIROElD #Scotland #UKOK 32 seconds ago Intelligence Dose New &apos;Horatio&apos;s Garden&apos; to open for spinal injury sufferers in memory of Eton schoolboy https://t.co/9vjAi1N4sP 38 seconds ago Sir_Templar New &apos;Horatio&apos;s Garden&apos; to open for spinal injury sufferers in memory of Eton schoolboy https://t.co/8HkgG3O922 1 minute ago Weird News New &apos;Horatio&apos;s Garden&apos; to open for spinal injury sufferers in memory of Eton schoolboy : https://t.co/ahe3tMtXmi 2 minutes ago MH370News24 New &apos;Horatio&apos;s Garden&apos; to open for spinal injury sufferers in memory of Eton schoolboy https://t.co/Qg4n0rbuKx 2 minutes ago DTN Libya DTN Libya Unrest: New &apos;Horatio&apos;s Garden&apos; to open for spinal injury sufferers in memory of Eton schoolboy : https://t.co/dVY9BuW0yg 2 minutes ago
</topic_text>
<spam_score>0.00</spam_score>
<post_num>1</post_num>
<post_id>post-1</post_id>
<post_url>http://www.onenewspage.co.uk/n/Front+Page/759s6319l/New-Horatio-Garden-to-open-for-spinal.htm</post_url>
<post_date>20160831</post_date>
<post_time>0027</post_time>
<username></username>
<post>
New &apos;Horatio&apos;s Garden&apos; to open for spinal injury sufferers in memory of Eton schoolboy Wednesday, 31 August 2016 ( You Might Like Other recent news in Front Page Paul Keating: AUSTRALIA lacks a foreign policy to negotiate the rise of China Twitter IndyRef New &apos;Horatio&apos;s Garden&apos; to open for spinal injury sufferers in memory of Eton schoolboy : https://t.co/kNrjIROElD #Scotland #UKOK 32 seconds ago Intelligence Dose New &apos;Horatio&apos;s Garden&apos; to open for spinal injury sufferers in memory of Eton schoolboy https://t.co/9vjAi1N4sP 38 seconds ago Sir_Templar New &apos;Horatio&apos;s Garden&apos; to open for spinal injury sufferers in memory of Eton schoolboy https://t.co/8HkgG3O922 1 minute ago Weird News New &apos;Horatio&apos;s Garden&apos; to open for spinal injury sufferers in memory of Eton schoolboy : https://t.co/ahe3tMtXmi 2 minutes ago MH370News24 New &apos;Horatio&apos;s Garden&apos; to open for spinal injury sufferers in memory of Eton schoolboy https://t.co/Qg4n0rbuKx 2 minutes ago DTN Libya DTN Libya Unrest: New &apos;Horatio&apos;s Garden&apos; to open for spinal injury sufferers in memory of Eton schoolboy : https://t.co/dVY9BuW0yg 2 minutes ago
</post>
<signature>

</signature>
<external_links>

</external_links>
<country>US</country>
<main_image>http://cdn.newsserve.net/ONPglobe128.png</main_image>
</document>
