<?xml version="1.0" encoding="UTF-8"?>
<document>
<type>mainstream</type>
<forum>http://www.sputniknews.com/export/rss2/archive/index.xml</forum>
<forum_title>Sputnik International</forum_title>
<discussion_title>Netanyahu, Abbas Likely to Meet in Moscow Late September</discussion_title>
<language>english</language>
<gmt_offset></gmt_offset>
<topic_url>http://sputniknews.com/politics/20160830/1044785652/meeting-netanyahu-abbas.html</topic_url>
<topic_text>
Netanyahu, Abbas Likely to Meet in Moscow Late September © AFP 2016/ Charles Dharapak 0 95 1 0 A meeting between Israeli Prime Minister Benjamin Netanyahu and Palestinian President Mahmoud Abbas may be held in Moscow at the end of September, according to a diplomatic source. 
MOSCOW (Sputnik) – A direct meeting between Israeli Prime Minister Benjamin Netanyahu and Palestinian President Mahmoud Abbas is likely to take place in Moscow at the end of September, a diplomatic source told Sputnik on Tuesday. “A meeting between Mahmoud Abbas and Benjamin Netanyahu may be held at the end of September. The both sides have not agreed yet to the proposal, they are currently discussing it, “ the source said. ...
</topic_text>
<spam_score>0.00</spam_score>
<post_num>1</post_num>
<post_id>post-1</post_id>
<post_url>http://sputniknews.com/politics/20160830/1044785652/meeting-netanyahu-abbas.html</post_url>
<post_date>20160830</post_date>
<post_time>1541</post_time>
<username></username>
<post>
Netanyahu, Abbas Likely to Meet in Moscow Late September © AFP 2016/ Charles Dharapak 0 95 1 0 A meeting between Israeli Prime Minister Benjamin Netanyahu and Palestinian President Mahmoud Abbas may be held in Moscow at the end of September, according to a diplomatic source. 
MOSCOW (Sputnik) – A direct meeting between Israeli Prime Minister Benjamin Netanyahu and Palestinian President Mahmoud Abbas is likely to take place in Moscow at the end of September, a diplomatic source told Sputnik on Tuesday. “A meeting between Mahmoud Abbas and Benjamin Netanyahu may be held at the end of September. The both sides have not agreed yet to the proposal, they are currently discussing it, “ the source said. ...
</post>
<signature>

</signature>
<external_links>

</external_links>
<country>RU</country>
<main_image>https://cdn5.img.sputniknews.com/images/104478/57/1044785776.jpg</main_image>
</document>
