<?xml version="1.0" encoding="UTF-8"?>
<document>
<type>mainstream</type>
<forum>http://www.trelleborgsallehanda.se/feed</forum>
<forum_title>Trelleborgs Allehanda</forum_title>
<discussion_title>Ännu ett dödsoffer efter knivattack</discussion_title>
<language>swedish</language>
<gmt_offset></gmt_offset>
<topic_url>http://www.trelleborgsallehanda.se/tt-utrikes/annu-ett-dodsoffer-efter-knivattack/</topic_url>
<topic_text>
Ännu ett dödsoffer efter knivattack TT-Utrikes 2 timmar sedan Den 30-årige brittiske mannen som skadades allvarligt under ett knivdåd i norra Queensland i Australien förra veckan har avlidit, uppger den lokala polisen, enligt BBC.(TT) TT A A 
Den 30-årige brittiske mannen som skadades allvarligt under ett knivdåd i norra Queensland i Australien förra veckan har avlidit, uppger den lokala polisen, enligt BBC. 
Mannen försökte rädda en 21-årig brittisk kvinna när hon attackerades av en fransk medborgare, som knivhögg henne till döds på ett hotell för ryggsäcksturister i Home Hill utanför staden Townsville. 
30-åringen ådrog sig bland annat skallskador och vårdades på sjukhus där han senare avled. 
Den 29-årige misstänkte gärningsmannen greps på platsen och kommer att ställas inför rätta den 28 oktober.  
</topic_text>
<spam_score>0.00</spam_score>
<post_num>1</post_num>
<post_id>post-1</post_id>
<post_url>http://www.trelleborgsallehanda.se/tt-utrikes/annu-ett-dodsoffer-efter-knivattack/</post_url>
<post_date>20160830</post_date>
<post_time>2219</post_time>
<username></username>
<post>
Ännu ett dödsoffer efter knivattack TT-Utrikes 2 timmar sedan Den 30-årige brittiske mannen som skadades allvarligt under ett knivdåd i norra Queensland i Australien förra veckan har avlidit, uppger den lokala polisen, enligt BBC.(TT) TT A A 
Den 30-årige brittiske mannen som skadades allvarligt under ett knivdåd i norra Queensland i Australien förra veckan har avlidit, uppger den lokala polisen, enligt BBC. 
Mannen försökte rädda en 21-årig brittisk kvinna när hon attackerades av en fransk medborgare, som knivhögg henne till döds på ett hotell för ryggsäcksturister i Home Hill utanför staden Townsville. 
30-åringen ådrog sig bland annat skallskador och vårdades på sjukhus där han senare avled. 
Den 29-årige misstänkte gärningsmannen greps på platsen och kommer att ställas inför rätta den 28 oktober.  
</post>
<signature>

</signature>
<external_links>

</external_links>
<country>SE</country>
<main_image>http://d6jf7ok6u1qis.cloudfront.net/imengine/image.php?uuid=d37e9e86-1543-4569-91d4-6f20278e8d70&amp;type=preview&amp;source=false&amp;function=cropresize&amp;width=768&amp;height=384&amp;q=40&amp;x=0&amp;y=44&amp;crop_w=1024&amp;crop_h=512&amp;z=1</main_image>
</document>
