<?xml version="1.0" encoding="UTF-8"?>
<document>
<type>mainstream</type>
<forum>http://feeds.dailykos.com/dailykos/index.xml</forum>
<forum_title>Daily Kos</forum_title>
<discussion_title>Chuck Grassley proves again that he&apos;s unfit to be in charge of the federal judiciary</discussion_title>
<language>english</language>
<gmt_offset></gmt_offset>
<topic_url>http://www.dailykos.com/story/2016/8/30/1565195/-Chuck-Grassley-proves-again-that-he-s-unfit-to-be-in-charge-of-the-federal-judiciary</topic_url>
<topic_text>
19 
Sen. Chuck Grassley finally came out of his undisclosed location in Iowa to talk to actual people. The Sioux City Rotary Club, to be exact, where he said that Donald Trump could definitely be president and Hillary Clinton is just as bad because she is &quot;trying to advocate him to the Ku Klux Klan, which is in her advertisements.&quot; There might be a clue there in that &quot;sentence&quot; as to why Grassley&apos;s campaign isn&apos;t letting him out all that often. 
But the most amazing part is this, Grassley—chairman of the Senate Judiciary Committee—justifying his blockade of President Obama&apos;s Supreme Court nominee, Merrick Garland: Grassley said there has been a well-accepted &quot;understanding&quot; in Senate since 1987 that no Supreme Court vacancies should be filled in the final year of a presidential term. 
&quot;It had nothing to do with Garland (personally),&quot; Grassley said. 
Grassley said the only way his stance could change is if a large number of senators strongly urged him to consider the nomination during a so-called &quot;lame-duck session&quot; of Congress, during the time after the Nov. 8 election and before the new Congress takes office in January. 
No. There is not such understanding about Supreme Court nominees. Grassley totally made that up a few months ago to try to justify doing this totally unprecedented thing. And by the way, how many senators is a &quot;large number&quot;? Because so far there are 44 of them, including the independent ones and a Republican, who have been calling for hearings. 
But here&apos;s Grassley, again, proving that he is not fit to be the gatekeeper to the Supreme Court and the federal judiciary.
</topic_text>
<spam_score>0.00</spam_score>
<post_num>1</post_num>
<post_id>post-1</post_id>
<post_url>http://www.dailykos.com/story/2016/8/30/1565195/-Chuck-Grassley-proves-again-that-he-s-unfit-to-be-in-charge-of-the-federal-judiciary</post_url>
<post_date>20160830</post_date>
<post_time>1732</post_time>
<username>rss@dailykos.com (Joan McCarter)</username>
<post>
19 
Sen. Chuck Grassley finally came out of his undisclosed location in Iowa to talk to actual people. The Sioux City Rotary Club, to be exact, where he said that Donald Trump could definitely be president and Hillary Clinton is just as bad because she is &quot;trying to advocate him to the Ku Klux Klan, which is in her advertisements.&quot; There might be a clue there in that &quot;sentence&quot; as to why Grassley&apos;s campaign isn&apos;t letting him out all that often. 
But the most amazing part is this, Grassley—chairman of the Senate Judiciary Committee—justifying his blockade of President Obama&apos;s Supreme Court nominee, Merrick Garland: Grassley said there has been a well-accepted &quot;understanding&quot; in Senate since 1987 that no Supreme Court vacancies should be filled in the final year of a presidential term. 
&quot;It had nothing to do with Garland (personally),&quot; Grassley said. 
Grassley said the only way his stance could change is if a large number of senators strongly urged him to consider the nomination during a so-called &quot;lame-duck session&quot; of Congress, during the time after the Nov. 8 election and before the new Congress takes office in January. 
No. There is not such understanding about Supreme Court nominees. Grassley totally made that up a few months ago to try to justify doing this totally unprecedented thing. And by the way, how many senators is a &quot;large number&quot;? Because so far there are 44 of them, including the independent ones and a Republican, who have been calling for hearings. 
But here&apos;s Grassley, again, proving that he is not fit to be the gatekeeper to the Supreme Court and the federal judiciary.
</post>
<signature>

</signature>
<external_links>

</external_links>
<country>US</country>
<main_image>http://images.dailykos.com/images/213980/story_image/AP697685225849.jpg?1456248977</main_image>
</document>
