<?xml version="1.0" encoding="UTF-8"?>
<document>
<type>mainstream</type>
<forum>http://www.euractiv.com/rss.xml</forum>
<forum_title>EurActiv.com</forum_title>
<discussion_title>Turkmenistan says in talks with EU on possible gas deliveries</discussion_title>
<language>english</language>
<gmt_offset></gmt_offset>
<topic_url>http://www.euractiv.com/section/energy/news/turkmenistan-says-in-talks-with-eu-on-possible-gas-deliveries/</topic_url>
<topic_text>
Turkmenistan is discussing diversifying its gas exports and selling gas to European Union countries, President Kurbanguly Berdymukhamedov said yesterday (29 August) at a joint news conference with German Chancellor Angela Merkel.
The former Soviet republic has some of the world’s largest natural gas reserves, and it has been in active discussions about sales to China, India and Afghanistan in recent months.
Turkmenistan claims ‘huge gas reserves’ to supply Europe Turkmenistan&apos;s president said yesterday (30 September) that his country had the capacity to almost quadruple its gas exports in the next 20 years and was ready to meet demand from Europe, AFP reported. The discovery of a major gas field was announced three days ago.
EurActiv.com 
The Turkmen president said his country was also hoping to sell gas to Europe and had been in discussions with EU leaders to resolve legal and technical issues.
Turkmenistan looks to the West Due to worsening relations with Russia, its increasing dependence on China and fears of destabilisation, Turkmenistan is adjusting its foreign policy and trying to bolster its cooperation with the West in the field of energy and security, writes the Polish think-tank OSW in an analysis .
EurActiv.com 
“We in Turkmenistan are interested in delivering our energy resources to the West,” Berdymukhamedov said, adding that his government had presented the European Commission with proposals for how to proceed.
Turkmen gas deliveries to the EU would come via the Caspian Sea, which will also require approval by Russia and Turkey.
Merkel said she hoped issues could be resolved to allow gas imports from Turkmenistan.
“I hope the problems that still exist can be overcome,” she said.
A rapprochement between Russia and Turkey has revived the stalled TurkStream gas pipeline project that could compete with gas deliveries from Turkmenistan.
TurkStream or Turkish Stream is planned to bring Russian gas under the Black Sea to the European territory of Turkey. Russia plans to sell this gas to Turkey, but also in the EU, via the Greek border.
Russia-Turkey rapprochement revives Turkish Stream pipeline talks Turkey’s President Recep Tayyip Erdogan said on Monday (8 August) that Ankara was ready to take steps towards the implementation of the Turkish Stream gas pipeline project.
EurActiv.com 
Further Reading German government: Beziehungen mit großem Potenzial
</topic_text>
<spam_score>0.00</spam_score>
<post_num>1</post_num>
<post_id>post-1</post_id>
<post_url>http://www.euractiv.com/section/energy/news/turkmenistan-says-in-talks-with-eu-on-possible-gas-deliveries/</post_url>
<post_date>20160830</post_date>
<post_time>0738</post_time>
<username>EurActiv.com with Reuters</username>
<post>
Turkmenistan is discussing diversifying its gas exports and selling gas to European Union countries, President Kurbanguly Berdymukhamedov said yesterday (29 August) at a joint news conference with German Chancellor Angela Merkel.
The former Soviet republic has some of the world’s largest natural gas reserves, and it has been in active discussions about sales to China, India and Afghanistan in recent months.
Turkmenistan claims ‘huge gas reserves’ to supply Europe Turkmenistan&apos;s president said yesterday (30 September) that his country had the capacity to almost quadruple its gas exports in the next 20 years and was ready to meet demand from Europe, AFP reported. The discovery of a major gas field was announced three days ago.
EurActiv.com 
The Turkmen president said his country was also hoping to sell gas to Europe and had been in discussions with EU leaders to resolve legal and technical issues.
Turkmenistan looks to the West Due to worsening relations with Russia, its increasing dependence on China and fears of destabilisation, Turkmenistan is adjusting its foreign policy and trying to bolster its cooperation with the West in the field of energy and security, writes the Polish think-tank OSW in an analysis .
EurActiv.com 
“We in Turkmenistan are interested in delivering our energy resources to the West,” Berdymukhamedov said, adding that his government had presented the European Commission with proposals for how to proceed.
Turkmen gas deliveries to the EU would come via the Caspian Sea, which will also require approval by Russia and Turkey.
Merkel said she hoped issues could be resolved to allow gas imports from Turkmenistan.
“I hope the problems that still exist can be overcome,” she said.
A rapprochement between Russia and Turkey has revived the stalled TurkStream gas pipeline project that could compete with gas deliveries from Turkmenistan.
TurkStream or Turkish Stream is planned to bring Russian gas under the Black Sea to the European territory of Turkey. Russia plans to sell this gas to Turkey, but also in the EU, via the Greek border.
Russia-Turkey rapprochement revives Turkish Stream pipeline talks Turkey’s President Recep Tayyip Erdogan said on Monday (8 August) that Ankara was ready to take steps towards the implementation of the Turkish Stream gas pipeline project.
EurActiv.com 
Further Reading German government: Beziehungen mit großem Potenzial
</post>
<signature>

</signature>
<external_links>

</external_links>
<country>BG</country>
<main_image>http://www.euractiv.com/wp-content/uploads/sites/2/2016/08/Merkel-with-Turkmenistan-President-Kurbanguly-Berdymukhamedov.jpg</main_image>
</document>
