<?xml version="1.0" encoding="UTF-8"?>
<document>
<type>mainstream</type>
<forum>http://www.sputniknews.com/export/rss2/archive/index.xml</forum>
<forum_title>Sputnik International</forum_title>
<discussion_title>Shadowy Ex-DARPA Head Becomes Consultant to Ukraine&apos;s Military Industry</discussion_title>
<language>english</language>
<gmt_offset></gmt_offset>
<topic_url>http://sputniknews.com/military/20160830/1044784786/us-adviser-for-ukroboronprom-analysis.html</topic_url>
<topic_text>
8 1356 1 20 Kiev doesn&apos;t seem to have lost its appetite for hiring foreign officials and advisors. Their latest acquisition is Anthony Tether, the former head of the Pentagon&apos;s secretive Defense Advanced Research Projects Agency, better known as DARPA. Tether is now an advisor for Ukraine&apos;s state-owned defense conglomerate Ukroboronprom. 
According to Ukroboronprom&apos;s official press release , Tether will serve as an &quot;advisor on the long-term development&quot; of the Ukrainian defense industry. The American made history by becoming the conglomorate&apos;s first-ever foreign consultant. His competencies are expected to include offering advice on developing Ukraine&apos;s military-industrial complex, and selling its weapons abroad. Behind the scenes , speaking to US media after his swearing-in ceremony, Tether hinted that US defense firms will now be more interested in direct investments into Ukrainian companies. He also admitted that discussions about possible US buyouts of major Ukrainian enterprises like Antonov were part of the mandate granted to him by Ukroboronprom, though they do not constitute the focus of his efforts as an advisor. © Wikipedia/ Saudis Revealed as Possible Secret Buyer of Ukraine&apos;s &apos;Grom&apos; Ballistic Missile System Ukroboronprom director Roman Romanov praised the ex-US official, saying that Tether would &quot;help us to integrate global management practices, and establish a modern system for the management of business processes.&quot; The Ukrainian military-industrial complex, he said, &quot;has already fulfilled its priority tasks of repairing and restoring military equipment. Now, we will enter into a new level in the exchange of technology, and will be able to produce modern equipment and weaponry. As a result, we will receive access to new markets and integrate even deeper into existing ones.&quot;
Tether, in turn, officially emphasized the importance of creating synergy between the US and Ukrainian defense sectors, as part of expanded cooperation between the two countries. &quot;I think that this will allow us to add 2 plus 2 and get the answer 5,&quot; he quipped, using the Orwellian turn of phrase to describe this &apos;synergy&apos; effort. 
Over the next six months, the American consultant is expected to study the &quot;culture&quot; of Ukraine&apos;s military industry. &quot;Today we start writing a new page in the history of the rapid development of Ukraine&apos;s defense complex,&quot; he said. © AP Photo/ Amel Emric US Would Gain Zero Benefit, Only Headaches From Making Weapons in Ukraine Beginning in 2015, Ukroboronprom has been making a concerted effort to transition to NATO standards for defense production.
Experts can&apos;t help getting the feeling that Tether&apos;s appointment at Ukroboronprom is either directly or indirectly connected to Kiev&apos;s recent diplomatic offensive to see the joint production of weapons with the US. Last week, Ukrainian Ambassador to the US Valeriy Chaly said that he had high hopes that Ukraine could &quot;produce weapons in cooperation with the Americans on Ukrainian territory.&quot; Accordingly, Tether&apos;s appointment may very well be Washington&apos;s effort to test the waters and get a real sense of the state of the Ukrainian military industrial complex, and whether there are any tasty morsels left within its mostly Soviet-era R&amp;D and production capabilities. ...
</topic_text>
<spam_score>0.00</spam_score>
<post_num>1</post_num>
<post_id>post-1</post_id>
<post_url>http://sputniknews.com/military/20160830/1044784786/us-adviser-for-ukroboronprom-analysis.html</post_url>
<post_date>20160830</post_date>
<post_time>1534</post_time>
<username></username>
<post>
8 1356 1 20 Kiev doesn&apos;t seem to have lost its appetite for hiring foreign officials and advisors. Their latest acquisition is Anthony Tether, the former head of the Pentagon&apos;s secretive Defense Advanced Research Projects Agency, better known as DARPA. Tether is now an advisor for Ukraine&apos;s state-owned defense conglomerate Ukroboronprom. 
According to Ukroboronprom&apos;s official press release , Tether will serve as an &quot;advisor on the long-term development&quot; of the Ukrainian defense industry. The American made history by becoming the conglomorate&apos;s first-ever foreign consultant. His competencies are expected to include offering advice on developing Ukraine&apos;s military-industrial complex, and selling its weapons abroad. Behind the scenes , speaking to US media after his swearing-in ceremony, Tether hinted that US defense firms will now be more interested in direct investments into Ukrainian companies. He also admitted that discussions about possible US buyouts of major Ukrainian enterprises like Antonov were part of the mandate granted to him by Ukroboronprom, though they do not constitute the focus of his efforts as an advisor. © Wikipedia/ Saudis Revealed as Possible Secret Buyer of Ukraine&apos;s &apos;Grom&apos; Ballistic Missile System Ukroboronprom director Roman Romanov praised the ex-US official, saying that Tether would &quot;help us to integrate global management practices, and establish a modern system for the management of business processes.&quot; The Ukrainian military-industrial complex, he said, &quot;has already fulfilled its priority tasks of repairing and restoring military equipment. Now, we will enter into a new level in the exchange of technology, and will be able to produce modern equipment and weaponry. As a result, we will receive access to new markets and integrate even deeper into existing ones.&quot;
Tether, in turn, officially emphasized the importance of creating synergy between the US and Ukrainian defense sectors, as part of expanded cooperation between the two countries. &quot;I think that this will allow us to add 2 plus 2 and get the answer 5,&quot; he quipped, using the Orwellian turn of phrase to describe this &apos;synergy&apos; effort. 
Over the next six months, the American consultant is expected to study the &quot;culture&quot; of Ukraine&apos;s military industry. &quot;Today we start writing a new page in the history of the rapid development of Ukraine&apos;s defense complex,&quot; he said. © AP Photo/ Amel Emric US Would Gain Zero Benefit, Only Headaches From Making Weapons in Ukraine Beginning in 2015, Ukroboronprom has been making a concerted effort to transition to NATO standards for defense production.
Experts can&apos;t help getting the feeling that Tether&apos;s appointment at Ukroboronprom is either directly or indirectly connected to Kiev&apos;s recent diplomatic offensive to see the joint production of weapons with the US. Last week, Ukrainian Ambassador to the US Valeriy Chaly said that he had high hopes that Ukraine could &quot;produce weapons in cooperation with the Americans on Ukrainian territory.&quot; Accordingly, Tether&apos;s appointment may very well be Washington&apos;s effort to test the waters and get a real sense of the state of the Ukrainian military industrial complex, and whether there are any tasty morsels left within its mostly Soviet-era R&amp;D and production capabilities. ...
</post>
<signature>

</signature>
<external_links>

</external_links>
<country>RU</country>
<main_image>https://cdn4.img.sputniknews.com/images/104478/35/1044783590.jpg</main_image>
</document>
