<?xml version="1.0" encoding="UTF-8"?>
<document>
<type>mainstream</type>
<forum>http://www.sputniknews.com/export/rss2/archive/index.xml</forum>
<forum_title>Sputnik International</forum_title>
<discussion_title>White House Welcomes Brief Respite in Hostilities Between Syrian Allies</discussion_title>
<language>english</language>
<gmt_offset></gmt_offset>
<topic_url>http://sputniknews.com/world/20160830/1044789292/us-syria-anti-terror.html</topic_url>
<topic_text>
White House Welcomes Brief Respite in Hostilities Between Syrian Allies © AP Photo/ Carolyn Kaster, File 0 145 0 1 According to White House spokesman Josh Earnest, the lack of fighting between US allies Turkey and Kurdish forces in Northern Syria last night offers an encouraging sign that multiple armies in the region remain dedicated to defeat Daesh terrorists. © Photo: Hikmet Durgun US at Pains to Calm Tensions Between Its Allies in Northern Syria WASHINGTON (Sputnik) – The lack of fighting between US allies Turkey and Kurdish forces in Northern Syria last night offers an encouraging sign that multiple armies in the region remain dedicated to defeat Daesh terrorists, White House spokesman Josh Earnest said in a briefing on Tuesday.
“The United States welcomes the overnight calm between the Turkish military and other counter-Daesh forces in Syria,” Earnest told reporters. “Our priority here totally needs to be on fighting Daesh.” ...
</topic_text>
<spam_score>0.00</spam_score>
<post_num>1</post_num>
<post_id>post-1</post_id>
<post_url>http://sputniknews.com/world/20160830/1044789292/us-syria-anti-terror.html</post_url>
<post_date>20160830</post_date>
<post_time>1709</post_time>
<username></username>
<post>
White House Welcomes Brief Respite in Hostilities Between Syrian Allies © AP Photo/ Carolyn Kaster, File 0 145 0 1 According to White House spokesman Josh Earnest, the lack of fighting between US allies Turkey and Kurdish forces in Northern Syria last night offers an encouraging sign that multiple armies in the region remain dedicated to defeat Daesh terrorists. © Photo: Hikmet Durgun US at Pains to Calm Tensions Between Its Allies in Northern Syria WASHINGTON (Sputnik) – The lack of fighting between US allies Turkey and Kurdish forces in Northern Syria last night offers an encouraging sign that multiple armies in the region remain dedicated to defeat Daesh terrorists, White House spokesman Josh Earnest said in a briefing on Tuesday.
“The United States welcomes the overnight calm between the Turkish military and other counter-Daesh forces in Syria,” Earnest told reporters. “Our priority here totally needs to be on fighting Daesh.” ...
</post>
<signature>

</signature>
<external_links>

</external_links>
<country>RU</country>
<main_image>https://cdn2.img.sputniknews.com/images/104050/14/1040501483.jpg</main_image>
</document>
