<?xml version="1.0" encoding="UTF-8"?>
<document>
<type>mainstream</type>
<forum>http://m.smh.com.au/rss.xml</forum>
<forum_title>All Breaking News</forum_title>
<discussion_title>Mexican businessman del Valle to Donald Trump: &apos;I bring investment, not crime&apos;</discussion_title>
<language>english</language>
<gmt_offset></gmt_offset>
<topic_url>http://www.smh.com.au/business/world-business/mexican-businessman-del-valle-to-donald-trump-i-bring-investment-not-crime-20160830-gr54j7.html</topic_url>
<topic_text>
Mexican businessman del Valle to Donald Trump: &apos;I bring investment, not crime&apos; Andrea Navarro twitter TWEET More 
The chairman of Mexico&apos;s largest petrochemical company is telling Donald Trump that the US deserves better than the fear and divisiveness the Republican presidential candidate has been peddling to voters. 
Mexichem chairman Juan Pablo del Valle published an open letter to Trump on Twitter, writing that he does not bring crime or drugs to the US - rather, he&apos;s invested more than $US2 billion ($2.66 billion) in the country over the past five years. &quot;We operate in 13 states and provide thousands of good paying jobs,&quot; he wrote. Don&apos;t Play More videos Trump&apos;s US border wall plan spurs debate 
Donald Trumpâs plan to build a wall on the US-Mexico border stirs emotional debates for the people who live there. Del Valle, son of billionaire Antonio del Valle , said the two countries&apos; fates are intertwined by geography, history, culture, values and the North American Free Trade Agreement, and one cannot succeed if the other fails. 
&quot;Isolation, fear, insults and social divisiveness cannot possibly be a path to greatness for a president or a country,&quot; he wrote. &quot;I hope that you would be capable of defining the kind of positive, innovative leadership that the United States needs and our times demand. But, colour me skeptical.&quot; Related Content — Juan Pablo del Valle (@JuanPdelvalle) August 30, 2016 
Trump has made immigration control a centrepiece of his campaign, promising to build a wall on the US-Mexico border to stop illegal crossings that he says includes &quot;rapists&quot; and &quot;killers.&quot; He&apos;s said he&apos;ll use economic leverage to force Mexico to pay the multi-billion-dollar price tag for the wall&apos;s construction. Advertisement 
Former Mexican President Vicente Fox used an expletive earlier this year to describe the wall, saying Mexico would not pay for it. 
Mexichem, Latin America&apos;s biggest plastic pipe maker, bought US-based Dura-Line Corp. for $US630 million in 2014. Sixteen per cent of the company&apos;s revenues come from its northern neighbour. The company produces materials that are integral to US products like solar panels, oil pipe linings, polyethylene pipes and pharmaceuticals, according to the letter. Mexican businessman Juan Pablo del Valle: &quot;I don&apos;t bring crime or drugs.&quot; Photo: Susana Gonzalez/Bloomberg 
Del Valle&apos;s comments join those of Mexico&apos;s foreign minister, Claudia Ruiz Massieu, who called for greater integration between the countries. Earlier this month, she cited the proposed Trans-Pacific Partnership as an opportunity to deepen the trade relationship created by NAFTA. 
Donald Trump for his part seems to remain unfazed, using Twitter to spruik a rally in Arizona on Wednesday, where he plans to give a &quot;major speech&quot; on illegal immigration. From day one I said that I was going to build a great wall on the SOUTHERN BORDER, and much more. Stop illegal immigration. Watch Wednesday! — Donald J. Trump (@realDonaldTrump) August 30, 2016 
Bloomberg with BusinessDay
</topic_text>
<spam_score>0.00</spam_score>
<post_num>1</post_num>
<post_id>post-1</post_id>
<post_url>http://www.smh.com.au/business/world-business/mexican-businessman-del-valle-to-donald-trump-i-bring-investment-not-crime-20160830-gr54j7.html</post_url>
<post_date>20160831</post_date>
<post_time>0034</post_time>
<username></username>
<post>
Mexican businessman del Valle to Donald Trump: &apos;I bring investment, not crime&apos; Andrea Navarro twitter TWEET More 
The chairman of Mexico&apos;s largest petrochemical company is telling Donald Trump that the US deserves better than the fear and divisiveness the Republican presidential candidate has been peddling to voters. 
Mexichem chairman Juan Pablo del Valle published an open letter to Trump on Twitter, writing that he does not bring crime or drugs to the US - rather, he&apos;s invested more than $US2 billion ($2.66 billion) in the country over the past five years. &quot;We operate in 13 states and provide thousands of good paying jobs,&quot; he wrote. Don&apos;t Play More videos Trump&apos;s US border wall plan spurs debate 
Donald Trumpâs plan to build a wall on the US-Mexico border stirs emotional debates for the people who live there. Del Valle, son of billionaire Antonio del Valle , said the two countries&apos; fates are intertwined by geography, history, culture, values and the North American Free Trade Agreement, and one cannot succeed if the other fails. 
&quot;Isolation, fear, insults and social divisiveness cannot possibly be a path to greatness for a president or a country,&quot; he wrote. &quot;I hope that you would be capable of defining the kind of positive, innovative leadership that the United States needs and our times demand. But, colour me skeptical.&quot; Related Content — Juan Pablo del Valle (@JuanPdelvalle) August 30, 2016 
Trump has made immigration control a centrepiece of his campaign, promising to build a wall on the US-Mexico border to stop illegal crossings that he says includes &quot;rapists&quot; and &quot;killers.&quot; He&apos;s said he&apos;ll use economic leverage to force Mexico to pay the multi-billion-dollar price tag for the wall&apos;s construction. Advertisement 
Former Mexican President Vicente Fox used an expletive earlier this year to describe the wall, saying Mexico would not pay for it. 
Mexichem, Latin America&apos;s biggest plastic pipe maker, bought US-based Dura-Line Corp. for $US630 million in 2014. Sixteen per cent of the company&apos;s revenues come from its northern neighbour. The company produces materials that are integral to US products like solar panels, oil pipe linings, polyethylene pipes and pharmaceuticals, according to the letter. Mexican businessman Juan Pablo del Valle: &quot;I don&apos;t bring crime or drugs.&quot; Photo: Susana Gonzalez/Bloomberg 
Del Valle&apos;s comments join those of Mexico&apos;s foreign minister, Claudia Ruiz Massieu, who called for greater integration between the countries. Earlier this month, she cited the proposed Trans-Pacific Partnership as an opportunity to deepen the trade relationship created by NAFTA. 
Donald Trump for his part seems to remain unfazed, using Twitter to spruik a rally in Arizona on Wednesday, where he plans to give a &quot;major speech&quot; on illegal immigration. From day one I said that I was going to build a great wall on the SOUTHERN BORDER, and much more. Stop illegal immigration. Watch Wednesday! — Donald J. Trump (@realDonaldTrump) August 30, 2016 
Bloomberg with BusinessDay
</post>
<signature>

</signature>
<external_links>

</external_links>
<country>AU</country>
<main_image>http://www.smh.com.au/content/dam/images/g/q/y/r/0/p/image.related.socialLead.620x349.gr54j7.png/1472603517251.jpg</main_image>
</document>
