<?xml version="1.0" encoding="UTF-8"?>
<document>
<type>mainstream</type>
<forum>http://feeds.feedblitz.com/previouslytv</forum>
<forum_title>Previously.TV</forum_title>
<discussion_title>Ashley Finally Moves On (To An Even More Elevated Plane of Crazy) On Bachelor In Paradise :: Just when Jared thinks he has slipped the Ashley I. yoke, she comes roaring back with more mayhem. How did all the other players rank this week? [Bachelor In Paradise]</discussion_title>
<language>english</language>
<gmt_offset></gmt_offset>
<topic_url>http://previously.tv/bachelor-in-paradise/ashley-finally-moves-on-to-an-even-more-elevated-plane-of-crazy-on-bachelor-in-paradise/</topic_url>
<topic_text>
E08 Nick 
Nick &quot;like[s]&quot; Jen, even though she has all the bounce and personality of a potted fern. Jen and Nick are planning to &quot;spend some time alone&quot; tonight! But as they head to the banging suite, Josh yells out that he and Amanda are using that room. Amanda, however, is passed out in a bed by herself. A tense back-and-forth between Nick and Josh ensues, which culminates the next day in an argument in which Nick calmly tells Josh he&apos;s full of shit, while Josh rants and raves about all things great and small. I hate to say this, but I kind of...like Nick now? Ugh, damn you, show. And damn you, Nick Viall and your sneaky charms! Daniel 
Before the rose ceremony, Daniel attempts to court the twins (with a platter of junk food) and Izzy (with a &quot;Canadian-made&quot; lamp). Neither attempt works out for him -- not even the plate of fried food, which seems so wrong. Guess Daniel will be wending his strange way back across the border (and then another border). We&apos;ll miss you, weirdo. Evan &amp; Carly 
Evan tells Carly he&apos;s &quot;totally falling in love with&quot; her, and she reciprocates. At the rose ceremony, Carly shows up wearing what looks like a skating costume designed by a heroin addict, and gives her rose to Evan. They&apos;re so in love she&apos;s gone blind!! Wells 
As soon as Wells shows up in paradise, everyone immediately tries to pawn Ashley off on him. When he finally asks her out, everyone else actually cheers with relief. On their date, though, Wells tells Ashley he doesn&apos;t want to be the guy who&apos;s just here to make someone else (Jared) jealous. Ashley&apos;s like, &quot;WHAAAT, NOOO.&quot; She adds that she&apos;s &quot;really excited to like someone else!&quot; Anyone else will do! Wells, to his credit, identifies the giant red flag that is Ashley I.&apos;s entire being and stays well away for the rest of the episode. Jami 
Jami -- who wins awards for spelling her name the stupidest way ever -- arrives and is greeted by Wells because the rest of the cast is...somewhere else? Dead, maybe? Whatever, doesn&apos;t matter. Jami asks Wells out and he accepts. Jami&apos;s goal is to leave the date with Wells &quot;being a new couple.&quot; On the date, Jami says stuff like &quot;This, is like, my first time in Mexico with this, like, amazing guy.&quot; Wells, who may be hard of hearing, likes Jami! He is especially impressed by the fact that Jami has a Batman tattoo on her finger (and, clearly, great judgment), and they make out. Hooray. Grant 
Grant valiantly tries to convince Lace that the reason she&apos;s pushing him away is because she&apos;s &quot;scared,&quot; rather than because she just doesn&apos;t like him, which seems like the actual thing that&apos;s happening. After their tiff, Grant apologizes, and Lace gives him a half-assed apology back, which he eats up like a starving dog thrown some taco lettuce. He explains, &quot;If I have to put in a little more work right now than she does, I&apos;m okay with it, because I feel like she&apos;s worth it.&quot; Is she, Grant? IS SHE WORTH IT? Lace 
Lace has the nerve to flirt with Carl, right in front of Grant. Grant storms off and then pulls Lace aside to ask her why she&apos;s all up in Carl&apos;s metaphorical grill, but Lace is having none of it. She tells him to get out of her face and wishes him luck in &quot;finding love with someone else.&quot; As soon as Grant jogs away, though, Lace collapses into tears. Ugh, who cares. The next day, Lace gives Grant a bullshit speech about how she DOES like him after all. She thinks it&apos;s &quot;freaky&quot; how Grant &quot;complement[s] [her] so well without [her] even realizing it!&quot; The Twins 
After a confab with Nick, the twins agree to &quot;confront&quot; Amanda with their concerns about Josh&apos;s terrible personality. But first, at the rose ceremony, they tearfully explain that because they haven&apos;t found &quot;love,&quot; they won&apos;t be handing out their roses. (This means, by the by, that Ryan, Carl, and Daniel are all headed home. Oh no.) The twins then tell Amanda they think Josh&apos;s intentions aren&apos;t &quot;pure,&quot; and that he&apos;s using Amanda -- to whom they erroneously refer as &quot;America&apos;s sweetheart&quot; -- to rehab his image. They advise Amanda to ask Josh directly about his intentions, because THAT&apos;LL DEFINITELY WORK. Jared 
Jared, spineless as ever, gives Ashley a wishy-washy speech about how he&apos;s &quot;more into Caila.&quot; Ashley blubbers that she&apos;s having a &quot;super-hard time with [him] being with someone else.&quot; NO DUH. Jared replies that he thinks Ashley is struggling so much because she&apos;s &quot;not finding a connection here.&quot; That, and she&apos;s actually, legitimately crazy, bro, and you should probably sleep with one eye FIRMLY open while this chick is within poisoning range of you, but, yeah, what you said, too. Ashley I. 
Ashley I. -- who, as usual, has learned nothing and grown not at all -- is still crying about Jared, and about how her dog died recently, and how the deceased dog&apos;s spirit &quot;is going to help [her] on this journey.&quot; Some dogs do go to Hell, I guess? But then, salvation arrives in the form of Wells, guy who was somewhat cute and funny on The Bachelorette and will inevitably zap any goodwill he may have earned on that show by consorting with Ashley here in paradise. Sure enough, Wells asks Ashley to dinner, and mid-meal, a producer-planted dog shows up. Gasp! After the dog is lured back off-set by Production (probably to be put out of its misery after having to serve as a beacon of symbolic hope for the likes of Ashley I.), Wells and Ashley make out at the dinner table. Later, they write wishes to send up to the sky in &quot;fire lanterns.&quot; Pretty sure this bullshit wishes-in-lanterns tradition that is so ubiquitous in The Bachelor universe is native to zero places in the world and means nothing to anyone, but whatever: SYMBOLIC. Ashley and Wells send their stupid wish into the sky and the lantern, satisfyingly, immediately catches fire and rains down fire and ash on the people watching below. Seems about right. 
The next day, Nick has to break the news to Ashley that Wells is going out with Jami and Ashley seems weirdly okay with it. But it turns out, she doesn&apos;t care about Wells because she never actually gave up on Jared. She&apos;s still convinced she&apos;s Jared&apos;s &quot;main chick,&quot; and she sits down Caila to let her know. She gives Caila permission to hold hands with Jared in front of her, but forbids her from &quot;full-on mak[ing] out&quot; with him. Then, in the next breath, she claims she&apos;s not jealous anymore. By the end of this conversation, Caila is in tears and has decided she&apos;s going to leave Paradise. No, Caila! If you leave, the terrorists win! Amanda 
Walking lizard brain Amanda is SHOCKED when it is brought to her attention, for approximately the millionth time, that Josh may, in fact, be a ragey douche. She confronts him and he gets mad, thus proving everyone&apos;s point. Nonetheless, Amanda tells Josh she trusts him and knows the stuff that everyone has told her about him is not true. Amanda thinks she&apos;s a &quot;good judge of character,&quot; despite the fact that she has two children with someone she claims to despise. Josh 
Josh continues to excrete insincerity (and pizza juice). This episode, though, his facade cracks just enough to let his scary temper show through. First, he wakes Amanda up from a dead sleep so that she will join him in the boning suite (and thus prevent Nick and Jen from using it). When she doesn&apos;t immediately spring out of bed, he snaps, &quot;Good talk,&quot; and storms out. The next day, though, he gives Amanda a gooey speech about how special she is &quot;on the inside&quot; (ahem). Then he adds that he&apos;s &quot;falling in love with&quot; her. Ick. 
Things start to get dark for Josh after the twins bring their &quot;concerns&quot; about him to Amanda. When Amanda confronts him with the twins&apos; accusations, he gets really mad. Flailing for a deflection, he brings up the fact that he&apos;s been dealing with a lot lately: his dog has been &quot;battling cancer&quot; for six months. (This episode is setting records for numbers of dogs being exploited). Josh then calls the entire cast onto the (sand) carpet and starts yelling about being accused of being fake and how this is &quot;disrespectful.&quot; He stares crazy-eyed at Nick until Nick responds and they get into an argument. But in the end, none of Josh&apos;s boorish, rageaholic behavior has any negative consequences for him, since Amanda, certifiable dumbass, decides to stand by her man.
</topic_text>
<spam_score>0.00</spam_score>
<post_num>1</post_num>
<post_id>post-1</post_id>
<post_url>http://previously.tv/bachelor-in-paradise/ashley-finally-moves-on-to-an-even-more-elevated-plane-of-crazy-on-bachelor-in-paradise/</post_url>
<post_date>20160830</post_date>
<post_time>0304</post_time>
<username>Stephanie Green</username>
<post>
E08 Nick 
Nick &quot;like[s]&quot; Jen, even though she has all the bounce and personality of a potted fern. Jen and Nick are planning to &quot;spend some time alone&quot; tonight! But as they head to the banging suite, Josh yells out that he and Amanda are using that room. Amanda, however, is passed out in a bed by herself. A tense back-and-forth between Nick and Josh ensues, which culminates the next day in an argument in which Nick calmly tells Josh he&apos;s full of shit, while Josh rants and raves about all things great and small. I hate to say this, but I kind of...like Nick now? Ugh, damn you, show. And damn you, Nick Viall and your sneaky charms! Daniel 
Before the rose ceremony, Daniel attempts to court the twins (with a platter of junk food) and Izzy (with a &quot;Canadian-made&quot; lamp). Neither attempt works out for him -- not even the plate of fried food, which seems so wrong. Guess Daniel will be wending his strange way back across the border (and then another border). We&apos;ll miss you, weirdo. Evan &amp; Carly 
Evan tells Carly he&apos;s &quot;totally falling in love with&quot; her, and she reciprocates. At the rose ceremony, Carly shows up wearing what looks like a skating costume designed by a heroin addict, and gives her rose to Evan. They&apos;re so in love she&apos;s gone blind!! Wells 
As soon as Wells shows up in paradise, everyone immediately tries to pawn Ashley off on him. When he finally asks her out, everyone else actually cheers with relief. On their date, though, Wells tells Ashley he doesn&apos;t want to be the guy who&apos;s just here to make someone else (Jared) jealous. Ashley&apos;s like, &quot;WHAAAT, NOOO.&quot; She adds that she&apos;s &quot;really excited to like someone else!&quot; Anyone else will do! Wells, to his credit, identifies the giant red flag that is Ashley I.&apos;s entire being and stays well away for the rest of the episode. Jami 
Jami -- who wins awards for spelling her name the stupidest way ever -- arrives and is greeted by Wells because the rest of the cast is...somewhere else? Dead, maybe? Whatever, doesn&apos;t matter. Jami asks Wells out and he accepts. Jami&apos;s goal is to leave the date with Wells &quot;being a new couple.&quot; On the date, Jami says stuff like &quot;This, is like, my first time in Mexico with this, like, amazing guy.&quot; Wells, who may be hard of hearing, likes Jami! He is especially impressed by the fact that Jami has a Batman tattoo on her finger (and, clearly, great judgment), and they make out. Hooray. Grant 
Grant valiantly tries to convince Lace that the reason she&apos;s pushing him away is because she&apos;s &quot;scared,&quot; rather than because she just doesn&apos;t like him, which seems like the actual thing that&apos;s happening. After their tiff, Grant apologizes, and Lace gives him a half-assed apology back, which he eats up like a starving dog thrown some taco lettuce. He explains, &quot;If I have to put in a little more work right now than she does, I&apos;m okay with it, because I feel like she&apos;s worth it.&quot; Is she, Grant? IS SHE WORTH IT? Lace 
Lace has the nerve to flirt with Carl, right in front of Grant. Grant storms off and then pulls Lace aside to ask her why she&apos;s all up in Carl&apos;s metaphorical grill, but Lace is having none of it. She tells him to get out of her face and wishes him luck in &quot;finding love with someone else.&quot; As soon as Grant jogs away, though, Lace collapses into tears. Ugh, who cares. The next day, Lace gives Grant a bullshit speech about how she DOES like him after all. She thinks it&apos;s &quot;freaky&quot; how Grant &quot;complement[s] [her] so well without [her] even realizing it!&quot; The Twins 
After a confab with Nick, the twins agree to &quot;confront&quot; Amanda with their concerns about Josh&apos;s terrible personality. But first, at the rose ceremony, they tearfully explain that because they haven&apos;t found &quot;love,&quot; they won&apos;t be handing out their roses. (This means, by the by, that Ryan, Carl, and Daniel are all headed home. Oh no.) The twins then tell Amanda they think Josh&apos;s intentions aren&apos;t &quot;pure,&quot; and that he&apos;s using Amanda -- to whom they erroneously refer as &quot;America&apos;s sweetheart&quot; -- to rehab his image. They advise Amanda to ask Josh directly about his intentions, because THAT&apos;LL DEFINITELY WORK. Jared 
Jared, spineless as ever, gives Ashley a wishy-washy speech about how he&apos;s &quot;more into Caila.&quot; Ashley blubbers that she&apos;s having a &quot;super-hard time with [him] being with someone else.&quot; NO DUH. Jared replies that he thinks Ashley is struggling so much because she&apos;s &quot;not finding a connection here.&quot; That, and she&apos;s actually, legitimately crazy, bro, and you should probably sleep with one eye FIRMLY open while this chick is within poisoning range of you, but, yeah, what you said, too. Ashley I. 
Ashley I. -- who, as usual, has learned nothing and grown not at all -- is still crying about Jared, and about how her dog died recently, and how the deceased dog&apos;s spirit &quot;is going to help [her] on this journey.&quot; Some dogs do go to Hell, I guess? But then, salvation arrives in the form of Wells, guy who was somewhat cute and funny on The Bachelorette and will inevitably zap any goodwill he may have earned on that show by consorting with Ashley here in paradise. Sure enough, Wells asks Ashley to dinner, and mid-meal, a producer-planted dog shows up. Gasp! After the dog is lured back off-set by Production (probably to be put out of its misery after having to serve as a beacon of symbolic hope for the likes of Ashley I.), Wells and Ashley make out at the dinner table. Later, they write wishes to send up to the sky in &quot;fire lanterns.&quot; Pretty sure this bullshit wishes-in-lanterns tradition that is so ubiquitous in The Bachelor universe is native to zero places in the world and means nothing to anyone, but whatever: SYMBOLIC. Ashley and Wells send their stupid wish into the sky and the lantern, satisfyingly, immediately catches fire and rains down fire and ash on the people watching below. Seems about right. 
The next day, Nick has to break the news to Ashley that Wells is going out with Jami and Ashley seems weirdly okay with it. But it turns out, she doesn&apos;t care about Wells because she never actually gave up on Jared. She&apos;s still convinced she&apos;s Jared&apos;s &quot;main chick,&quot; and she sits down Caila to let her know. She gives Caila permission to hold hands with Jared in front of her, but forbids her from &quot;full-on mak[ing] out&quot; with him. Then, in the next breath, she claims she&apos;s not jealous anymore. By the end of this conversation, Caila is in tears and has decided she&apos;s going to leave Paradise. No, Caila! If you leave, the terrorists win! Amanda 
Walking lizard brain Amanda is SHOCKED when it is brought to her attention, for approximately the millionth time, that Josh may, in fact, be a ragey douche. She confronts him and he gets mad, thus proving everyone&apos;s point. Nonetheless, Amanda tells Josh she trusts him and knows the stuff that everyone has told her about him is not true. Amanda thinks she&apos;s a &quot;good judge of character,&quot; despite the fact that she has two children with someone she claims to despise. Josh 
Josh continues to excrete insincerity (and pizza juice). This episode, though, his facade cracks just enough to let his scary temper show through. First, he wakes Amanda up from a dead sleep so that she will join him in the boning suite (and thus prevent Nick and Jen from using it). When she doesn&apos;t immediately spring out of bed, he snaps, &quot;Good talk,&quot; and storms out. The next day, though, he gives Amanda a gooey speech about how special she is &quot;on the inside&quot; (ahem). Then he adds that he&apos;s &quot;falling in love with&quot; her. Ick. 
Things start to get dark for Josh after the twins bring their &quot;concerns&quot; about him to Amanda. When Amanda confronts him with the twins&apos; accusations, he gets really mad. Flailing for a deflection, he brings up the fact that he&apos;s been dealing with a lot lately: his dog has been &quot;battling cancer&quot; for six months. (This episode is setting records for numbers of dogs being exploited). Josh then calls the entire cast onto the (sand) carpet and starts yelling about being accused of being fake and how this is &quot;disrespectful.&quot; He stares crazy-eyed at Nick until Nick responds and they get into an argument. But in the end, none of Josh&apos;s boorish, rageaholic behavior has any negative consequences for him, since Amanda, certifiable dumbass, decides to stand by her man.
</post>
<signature>

</signature>
<external_links>

</external_links>
<country>US</country>
<main_image>http://previously.tv/m/2016-08-29-bachelor-in-paradise.jpg</main_image>
</document>
