<?xml version="1.0" encoding="UTF-8"?>
<document>
<type>mainstream</type>
<forum>http://www.enstarz.com/rss/articles/topnews/all.rss</forum>
<forum_title>Enstarz‎ : Top News</forum_title>
<discussion_title>James Corden, Kanye West VIDEO: Watch &apos;Late Late Show&apos; Host&apos;s Hilarious &apos;Fade&apos; Parody</discussion_title>
<language>english</language>
<gmt_offset></gmt_offset>
<topic_url>http://www.enstarz.com/articles/171989/20160830/james-corden-kanye-west-video-watch-late-late-show-hosts-hilarious-fade-parody.htm</topic_url>
<topic_text>
James Corden, Kanye West VIDEO: Watch &apos;Late Late Show&apos; Host&apos;s Hilarious &apos;Fade&apos; Parody By Kevin Jacobsen , EnStars on Aug 30, 2016 03:58 PM EDT James Corden Never Miss our Most Popular Stories! 
James Corden has already parodied Kanye West&apos;s new music video for &quot;Fade&quot;, showing just how difficult it would be to work out at the gym featured in the video. Check it out below! Advertisement Never Miss our Most Popular Stories! Advertisement
</topic_text>
<spam_score>0.00</spam_score>
<post_num>1</post_num>
<post_id>post-1</post_id>
<post_url>http://www.enstarz.com/articles/171989/20160830/james-corden-kanye-west-video-watch-late-late-show-hosts-hilarious-fade-parody.htm</post_url>
<post_date>20160830</post_date>
<post_time>1958</post_time>
<username></username>
<post>
James Corden, Kanye West VIDEO: Watch &apos;Late Late Show&apos; Host&apos;s Hilarious &apos;Fade&apos; Parody By Kevin Jacobsen , EnStars on Aug 30, 2016 03:58 PM EDT James Corden Never Miss our Most Popular Stories! 
James Corden has already parodied Kanye West&apos;s new music video for &quot;Fade&quot;, showing just how difficult it would be to work out at the gym featured in the video. Check it out below! Advertisement Never Miss our Most Popular Stories! Advertisement
</post>
<signature>

</signature>
<external_links>

</external_links>
<country>US</country>
<main_image>http://images.enstarz.com/data/images/full/148726/james-corden.jpg</main_image>
</document>
