<?xml version="1.0" encoding="UTF-8"?>
<document>
<type>mainstream</type>
<forum>http://m.smh.com.au/rss.xml</forum>
<forum_title>All Breaking News</forum_title>
<discussion_title>South Africa five-eighth Elton Jantjies in doubt for Springboks against Wallabies</discussion_title>
<language>english</language>
<gmt_offset></gmt_offset>
<topic_url>http://www.smh.com.au/rugby-union/south-africa-rugby/south-africa-fiveeighth-elton-jantjies-in-doubt-for-springboks-against-wallabies-20160831-gr55ar.html</topic_url>
<topic_text>
More videos Plays of the Week 
From goal scoring flips to NRL comebacks, these are the most exciting, silly and downright crazy plays in the sport world this week. 
A decision on his availability for the next Rugby Championship assignment against the Wallabies at Brisbane&apos;s Suncorp Stadium on September 10 won&apos;t be made till next week. 
Jantjies has been included in the touring squad for the upcoming matches against Australia and New Zealand while utility Francois Hougaard and winger Lwazi Mvovo are additions. Injury cloud: Elton Jantjies. Photo: Getty Images 
Mvovo replaces Lions star Ruan Combrinck, who fractured his fibula against Argentina while Hougaard has recovered from a knee injury incurred at the Rio Olympics sevens. 
Like his Wallabies counterpart Michael Cheika, new Springboks coach Allister Coetzee is under pressure after a poor start to the international season, having lost a home series against Ireland 1-2 before splitting their two opening Rugby Championship Tests with Argentina. Advertisement 
He&apos;ll come up against an Australian squad hurting after their 3-0 home series loss to England and back-to-back spankings from the All Blacks. 
Coetzee resisted any urge to make other changes to his squad. 
&quot;We are not happy with where we find ourselves after the first two matches of the campaign,&quot; said Coetzee. 
&quot;Australia will pose an even tougher challenge, and it is important that we deliver a much-improved performance in Brisbane.&quot; 
Springboks squad: Lourens Adriaanse, Damian de Allende, Lood de Jager, Juan de Jongh, Faf de Klerk, Pieter-Steph du Toit, Eben Etzebeth, Johan Goosen, Bryan Habana, Francois Hougaard, Elton Jantjies, Steven Kitshoff, Vincent Koch, Jaco Kriel, Jesse Kriel, Francois Louw, Lionel Mapoe, Malcolm Marx, Bongi Mbonambi, Oupa Mohoje, Franco Mostert, Tendai Mtawarira, Lwazi Mvovo, Trevor Nyakane, Rudy Paige, Morne Steyn, Adriaan Strauss, Warren Whiteley. 
AAP
</topic_text>
<spam_score>0.00</spam_score>
<post_num>1</post_num>
<post_id>post-1</post_id>
<post_url>http://www.smh.com.au/rugby-union/south-africa-rugby/south-africa-fiveeighth-elton-jantjies-in-doubt-for-springboks-against-wallabies-20160831-gr55ar.html</post_url>
<post_date>20160831</post_date>
<post_time>0017</post_time>
<username></username>
<post>
More videos Plays of the Week 
From goal scoring flips to NRL comebacks, these are the most exciting, silly and downright crazy plays in the sport world this week. 
A decision on his availability for the next Rugby Championship assignment against the Wallabies at Brisbane&apos;s Suncorp Stadium on September 10 won&apos;t be made till next week. 
Jantjies has been included in the touring squad for the upcoming matches against Australia and New Zealand while utility Francois Hougaard and winger Lwazi Mvovo are additions. Injury cloud: Elton Jantjies. Photo: Getty Images 
Mvovo replaces Lions star Ruan Combrinck, who fractured his fibula against Argentina while Hougaard has recovered from a knee injury incurred at the Rio Olympics sevens. 
Like his Wallabies counterpart Michael Cheika, new Springboks coach Allister Coetzee is under pressure after a poor start to the international season, having lost a home series against Ireland 1-2 before splitting their two opening Rugby Championship Tests with Argentina. Advertisement 
He&apos;ll come up against an Australian squad hurting after their 3-0 home series loss to England and back-to-back spankings from the All Blacks. 
Coetzee resisted any urge to make other changes to his squad. 
&quot;We are not happy with where we find ourselves after the first two matches of the campaign,&quot; said Coetzee. 
&quot;Australia will pose an even tougher challenge, and it is important that we deliver a much-improved performance in Brisbane.&quot; 
Springboks squad: Lourens Adriaanse, Damian de Allende, Lood de Jager, Juan de Jongh, Faf de Klerk, Pieter-Steph du Toit, Eben Etzebeth, Johan Goosen, Bryan Habana, Francois Hougaard, Elton Jantjies, Steven Kitshoff, Vincent Koch, Jaco Kriel, Jesse Kriel, Francois Louw, Lionel Mapoe, Malcolm Marx, Bongi Mbonambi, Oupa Mohoje, Franco Mostert, Tendai Mtawarira, Lwazi Mvovo, Trevor Nyakane, Rudy Paige, Morne Steyn, Adriaan Strauss, Warren Whiteley. 
AAP
</post>
<signature>

</signature>
<external_links>

</external_links>
<country>AU</country>
<main_image>http://www.smh.com.au/content/dam/images/g/r/5/5/b/w/image.related.articleLeadwide.620x349.gr55ar.png/1472602571862.jpg</main_image>
</document>
