<?xml version="1.0" encoding="UTF-8"?>
<document>
<type>mainstream</type>
<forum>http://www.trading-house.net/rss/meldungen/</forum>
<forum_title>trading-house.net Nachrichtenfeed</forum_title>
<discussion_title>Paris wendet sich von TTIP ab</discussion_title>
<language>german</language>
<gmt_offset></gmt_offset>
<topic_url>http://www.trading-house.net/news/paris-wendet-sich-von-ttip-ab-50947190</topic_url>
<topic_text>
Paris wendet sich von TTIP ab Frankreich setzt sich für Ende der Verhandlungen ein. Deutscher Vizekanzler erneuert Kritik.
</topic_text>
<spam_score>0.00</spam_score>
<post_num>1</post_num>
<post_id>post-1</post_id>
<post_url>http://www.trading-house.net/news/paris-wendet-sich-von-ttip-ab-50947190</post_url>
<post_date>20160831</post_date>
<post_time>0013</post_time>
<username></username>
<post>
Paris wendet sich von TTIP ab Frankreich setzt sich für Ende der Verhandlungen ein. Deutscher Vizekanzler erneuert Kritik.
</post>
<signature>

</signature>
<external_links>

</external_links>
<country>DE</country>
<main_image></main_image>
</document>
