<?xml version="1.0" encoding="UTF-8"?>
<document>
<type>mainstream</type>
<forum></forum>
<forum_title></forum_title>
<discussion_title>2016年ビックカメラ福袋目もとエステ（限定色？） |</discussion_title>
<language>japanese</language>
<gmt_offset></gmt_offset>
<topic_url>http://hoshikatta.ciao.jp/otoku/iho4/2016/08/31/2016%e5%b9%b4%e3%83%93%e3%83%83%e3%82%af%e3%82%ab%e3%83%a1%e3%83%a9%e7%a6%8f%e8%a2%8b%e7%9b%ae%e3%82%82%e3%81%a8%e3%82%a8%e3%82%b9%e3%83%86%ef%bc%88%e9%99%90%e5%ae%9a%e8%89%b2%ef%bc%9f%ef%bc%89-77/</topic_url>
<topic_text>

（2016年 2月 4日 20時 05分 追加） お色はピンク。ネットの情報によると限定色？とのことです （2016年 3月 12日 21時 11分 追加） ネット情報では型番はEHCSW53です。ホワイトデーにもいいかもしれません。よろしくお願い致します 
</topic_text>
<spam_score>0.08</spam_score>
<post_num>1</post_num>
<post_id>post-1</post_id>
<post_url>http://hoshikatta.ciao.jp/otoku/iho4/2016/08/31/2016%e5%b9%b4%e3%83%93%e3%83%83%e3%82%af%e3%82%ab%e3%83%a1%e3%83%a9%e7%a6%8f%e8%a2%8b%e7%9b%ae%e3%82%82%e3%81%a8%e3%82%a8%e3%82%b9%e3%83%86%ef%bc%88%e9%99%90%e5%ae%9a%e8%89%b2%ef%bc%9f%ef%bc%89-77/</post_url>
<post_date>20160831</post_date>
<post_time></post_time>
<username></username>
<post>

（2016年 2月 4日 20時 05分 追加） お色はピンク。ネットの情報によると限定色？とのことです （2016年 3月 12日 21時 11分 追加） ネット情報では型番はEHCSW53です。ホワイトデーにもいいかもしれません。よろしくお願い致します 
</post>
<signature>

</signature>
<external_links>

</external_links>
<country>JP</country>
<main_image>http://nostyle.jp/crick.jpg</main_image>
</document>
