<?xml version="1.0" encoding="UTF-8"?>
<document>
<type>mainstream</type>
<forum>http://www.huffingtonpost.com/tag/dreadlocks/feed</forum>
<forum_title>Black Women on Huffington Post</forum_title>
<discussion_title>Stunning Portraits Of Black Twins Prove There&apos;s Nothing Quite As Beautiful As Sisterhood</discussion_title>
<language>english</language>
<gmt_offset></gmt_offset>
<topic_url>http://www.huffingtonpost.com/2016/08/30/miranda-barnes-photography-doubles_n_11777808.html</topic_url>
<topic_text>
Miranda Barnes Photographer Miranda Barnes never had the opportunity to take a picture of her grandmother, Joyce, together with her twin sister, Jean. However, she was struck by the archival images she accumulated depicting her Nana and great aunt, which showed with expressive power the bond between them.
Inspired by their intimacy, Barnes embarked on a photography series of her own, documenting black sisters that, like Joyce and Jean, share a bond that cannot be broken. The series, called “Doubles,” was recently featured on Broadly .
Miranda Barnes “ I find the need to challenge misconceptions of people of color in America as a black woman, highlighting themes of friendship and sisterhood in black communities,” Barnes explained in her introduction to the works.
The process helped Barnes connect with her late grandmother, finding traces of her in the women she encountered throughout the series. “My Nana passed away in 2009, but the photos and memories left behind were more than enough to have me pursue this project and reconnect with her,” the artist explained in an email to The Huffington Post. “Additionally, it gave me the opportunity to highlight the warmth and beauty that black women have always represented to me.”
Barnes’ portraits feature beautiful black women in childhood and young adulthood. Shot in New York City with natural light, the straightforward images let the sisters’ love speak for itself. “I hope my photos communicate a sense of unity, sisterhood, and black empowerment through this series,” Barnes said. Sounds about right.
Miranda Barnes Miranda Barnes Miranda Barnes Miranda Barnes Miranda Barnes Miranda Barnes Miranda Barnes Also on HuffPost Sisters Not Twins Sisters Not Twins 1 of 7 Pink Share this slide:
Sisters Not Twins More: Photography Black Women Women Artists Black Sisters Miranda Barnes Suggest a correction Comments
</topic_text>
<spam_score>1.00</spam_score>
<post_num>1</post_num>
<post_id>post-1</post_id>
<post_url>http://www.huffingtonpost.com/2016/08/30/miranda-barnes-photography-doubles_n_11777808.html</post_url>
<post_date>20160830</post_date>
<post_time>1544</post_time>
<username>huffingtonpost.com</username>
<post>
Miranda Barnes Photographer Miranda Barnes never had the opportunity to take a picture of her grandmother, Joyce, together with her twin sister, Jean. However, she was struck by the archival images she accumulated depicting her Nana and great aunt, which showed with expressive power the bond between them.
Inspired by their intimacy, Barnes embarked on a photography series of her own, documenting black sisters that, like Joyce and Jean, share a bond that cannot be broken. The series, called “Doubles,” was recently featured on Broadly .
Miranda Barnes “ I find the need to challenge misconceptions of people of color in America as a black woman, highlighting themes of friendship and sisterhood in black communities,” Barnes explained in her introduction to the works.
The process helped Barnes connect with her late grandmother, finding traces of her in the women she encountered throughout the series. “My Nana passed away in 2009, but the photos and memories left behind were more than enough to have me pursue this project and reconnect with her,” the artist explained in an email to The Huffington Post. “Additionally, it gave me the opportunity to highlight the warmth and beauty that black women have always represented to me.”
Barnes’ portraits feature beautiful black women in childhood and young adulthood. Shot in New York City with natural light, the straightforward images let the sisters’ love speak for itself. “I hope my photos communicate a sense of unity, sisterhood, and black empowerment through this series,” Barnes said. Sounds about right.
Miranda Barnes Miranda Barnes Miranda Barnes Miranda Barnes Miranda Barnes Miranda Barnes Miranda Barnes Also on HuffPost Sisters Not Twins Sisters Not Twins 1 of 7 Pink Share this slide:
Sisters Not Twins More: Photography Black Women Women Artists Black Sisters Miranda Barnes Suggest a correction Comments
</post>
<signature>

</signature>
<external_links>
<external_link>http://mirandabarnes.com/</external_link><external_link>http://cdn.taboola.com/libtrc/aol-huffingtonpost/loader.js</external_link><external_link>https://broadly.vice.com/en_us/article/the-enduring-friendship-of-black-twin-sisters-in-photos</external_link><external_link>http://www.zergnet.com/zerg.js?id=42784</external_link>
</external_links>
<country>US</country>
<main_image>http://img.huffingtonpost.com/asset/2000_1000/57c58f471800002100bce037.jpeg</main_image>
</document>
