<?xml version="1.0" encoding="UTF-8"?>
<document>
<type>mainstream</type>
<forum>http://m.smh.com.au/rss.xml</forum>
<forum_title>All Breaking News</forum_title>
<discussion_title>Married at First Sight: Gay couple sad about attacks</discussion_title>
<language>english</language>
<gmt_offset></gmt_offset>
<topic_url>http://www.smh.com.au/entertainment/tv-and-radio/married-at-first-sight-gay-couple-sad-about-attacks-20160831-gr55dc.html</topic_url>
<topic_text>
More videos Trailer: Married at First Sight 
A new season of a reality show in which couples are married before they get to know each other. 
Roach says the pair has been accused of going on the show only in search of their 15 minutes of fame, but insists his motives were genuine and personal rather than political. 
&quot;I didn&apos;t do it for marriage equality, I didn&apos;t do it to be on TV. I did it to meet the man of my dreams,&quot; he says. &quot;Lots of my friends have asked, &apos;Why did you do this?&apos; I just say why not. I&apos;ve had no luck through other platforms, all the dating apps. I was approached to be on the show, so here I am.&quot; Looking for love ... Andy and Craig from Married at First Sight. Photo: Supplied 
The man he wed – in a non-legally binding ceremony in New Zealand, where same-sex marriage is legal – said he too was &quot;deadly serious&quot; about going on the show in the hope of finding love. 
&quot;I signed up for an experiment to find a guy I could spend the rest of my life with,&quot; says English marketing executive Andy John. &quot;I don&apos;t think you could get through the process unless that was your intention.&quot; Advertisement 
Much of the criticism appears to stem from the fact the show&apos;s weddings are not legally binding. In the case of the straight weddings, so be it – the couples can choose to treat their marriage as lightly or seriously as they wish, in the full knowledge that they can always do it for real some other time. 
But for a gay couple, a shell wedding merely echoes what&apos;s available to them in the real world – some form of commitment ceremony, perhaps, but without any of the legal privileges (such as right to inheritance or next-of-kin status) that automatically flow to heterosexual couples. 
Though John says he is &quot;in favour of marriage equality, of course&quot;, he adds that the central issue is equality, not marriage. 
&quot;We were born equal, we need to be treated as such,&quot; he says. &quot;We need marriage equality because it&apos;s about equality. Being with the right person is much more important than a piece of paper for me.&quot; 
He told Nine&apos;s Today program this week that he had in fact been offered the option of engaging in a legally binding contract with Roach in New Zealand, but opted not to. &quot;I signed up for an experiment that was about two people being matched together,&quot; he said. &quot;I didn&apos;t want to get married.&quot; 
He doesn&apos;t support the plebiscite, because like many others he can see the enormous potential for harm in a protracted No campaign. 
&quot;The plebiscite is just a platform for hate speak,&quot; he says. &quot;A year of people waving billboards with &apos;Sodom and Gomorrah&apos; – we don&apos;t need that. It&apos;s time for a free vote in Parliament.&quot; 
Roach insists that rather than set back the campaign, their wedding might even play a small part in its advancement. &quot;It&apos;s going to put it out to the masses, to make a lot of people more aware of gay marriage and how important it is that we have equal rights,&quot; he says. 
&quot;I see our wedding as a step forward towards bringing it to everyone&apos;s attention.&quot; Advertisement
</topic_text>
<spam_score>0.00</spam_score>
<post_num>1</post_num>
<post_id>post-1</post_id>
<post_url>http://www.smh.com.au/entertainment/tv-and-radio/married-at-first-sight-gay-couple-sad-about-attacks-20160831-gr55dc.html</post_url>
<post_date>20160831</post_date>
<post_time>0018</post_time>
<username></username>
<post>
More videos Trailer: Married at First Sight 
A new season of a reality show in which couples are married before they get to know each other. 
Roach says the pair has been accused of going on the show only in search of their 15 minutes of fame, but insists his motives were genuine and personal rather than political. 
&quot;I didn&apos;t do it for marriage equality, I didn&apos;t do it to be on TV. I did it to meet the man of my dreams,&quot; he says. &quot;Lots of my friends have asked, &apos;Why did you do this?&apos; I just say why not. I&apos;ve had no luck through other platforms, all the dating apps. I was approached to be on the show, so here I am.&quot; Looking for love ... Andy and Craig from Married at First Sight. Photo: Supplied 
The man he wed – in a non-legally binding ceremony in New Zealand, where same-sex marriage is legal – said he too was &quot;deadly serious&quot; about going on the show in the hope of finding love. 
&quot;I signed up for an experiment to find a guy I could spend the rest of my life with,&quot; says English marketing executive Andy John. &quot;I don&apos;t think you could get through the process unless that was your intention.&quot; Advertisement 
Much of the criticism appears to stem from the fact the show&apos;s weddings are not legally binding. In the case of the straight weddings, so be it – the couples can choose to treat their marriage as lightly or seriously as they wish, in the full knowledge that they can always do it for real some other time. 
But for a gay couple, a shell wedding merely echoes what&apos;s available to them in the real world – some form of commitment ceremony, perhaps, but without any of the legal privileges (such as right to inheritance or next-of-kin status) that automatically flow to heterosexual couples. 
Though John says he is &quot;in favour of marriage equality, of course&quot;, he adds that the central issue is equality, not marriage. 
&quot;We were born equal, we need to be treated as such,&quot; he says. &quot;We need marriage equality because it&apos;s about equality. Being with the right person is much more important than a piece of paper for me.&quot; 
He told Nine&apos;s Today program this week that he had in fact been offered the option of engaging in a legally binding contract with Roach in New Zealand, but opted not to. &quot;I signed up for an experiment that was about two people being matched together,&quot; he said. &quot;I didn&apos;t want to get married.&quot; 
He doesn&apos;t support the plebiscite, because like many others he can see the enormous potential for harm in a protracted No campaign. 
&quot;The plebiscite is just a platform for hate speak,&quot; he says. &quot;A year of people waving billboards with &apos;Sodom and Gomorrah&apos; – we don&apos;t need that. It&apos;s time for a free vote in Parliament.&quot; 
Roach insists that rather than set back the campaign, their wedding might even play a small part in its advancement. &quot;It&apos;s going to put it out to the masses, to make a lot of people more aware of gay marriage and how important it is that we have equal rights,&quot; he says. 
&quot;I see our wedding as a step forward towards bringing it to everyone&apos;s attention.&quot; Advertisement
</post>
<signature>

</signature>
<external_links>

</external_links>
<country>AU</country>
<main_image>http://www.smh.com.au/content/dam/images/g/r/5/5/c/3/image.related.socialLead.620x349.gr55dc.png/1472603621454.jpg</main_image>
</document>
