<?xml version="1.0" encoding="UTF-8"?>
<document>
<type>mainstream</type>
<forum>http://www.okezone.com/feed</forum>
<forum_title>Sindikasi welcomepage.okezone.com</forum_title>
<discussion_title>Hebat! Bali &amp; Lombok Masuk Daftar Destinasi Pra-Wedding Terbaik di Dunia</discussion_title>
<language>indonesian</language>
<gmt_offset></gmt_offset>
<topic_url>http://lifestyle.okezone.com/read/2016/08/31/406/1477280/hebat-bali-lombok-masuk-daftar-destinasi-pra-wedding-terbaik-di-dunia</topic_url>
<topic_text>
Rabu, 31 Agustus 2016 - 07:35 wib Hebat! Bali &amp; Lombok Masuk Daftar Destinasi Pra- Wedding Terbaik di Dunia 
Bali dan Lombok masuk dalam daftar destinasi wedding terbaik (Foto: Dailymail) Dimas Andhika Fikri 
BALI DAN LOMBOK masuk dalam daftar destinasi foto pra- wedding terindah di dunia. Keeksotisan dua tempat tersebut diakui dunia internasional. 
Untuk mendapatkan foto pra- wedding terbaik, fotografer dunia rela mencari lokasi terindah dan romantis tersebar di seluruh dunia. 
Hal ini semakin setelah diadakannya sebuah kontes fotografi bertemakan pernikahan yang diluncurkan 2014 lalu. 
Hingga saat ini, sudah ada 4 ribu kiriman foto menakjubkan dari seluruh fotografer pernikahan profesional dari seluruh dunia. 
Editor dan Koki dari Junebug Wedding, Carrie Scwab mengatakan meminta para fotografer untuk mengirimkan foto yang menggabungkan keindahan sebuah destinasi wisata dengan cinta dari para pasangan. 
“Para juri mencari foto yang menunjukkan keterampilan teknis dan kreativitas yang sangat tinggi,” paparnya. 
Dari ribuan foto tersebut, dipilihlah beberapa foto terbaik oleh para wedding planners . Indonesia berhasil menyumbang 2 foto terbaik, yang diabadikan di Lembongan, Bali dan juga Lombok. Dilansir Dailymail . (jjs)
</topic_text>
<spam_score>0.00</spam_score>
<post_num>1</post_num>
<post_id>post-1</post_id>
<post_url>http://lifestyle.okezone.com/read/2016/08/31/406/1477280/hebat-bali-lombok-masuk-daftar-destinasi-pra-wedding-terbaik-di-dunia</post_url>
<post_date>20160831</post_date>
<post_time>0035</post_time>
<username></username>
<post>
Rabu, 31 Agustus 2016 - 07:35 wib Hebat! Bali &amp; Lombok Masuk Daftar Destinasi Pra- Wedding Terbaik di Dunia 
Bali dan Lombok masuk dalam daftar destinasi wedding terbaik (Foto: Dailymail) Dimas Andhika Fikri 
BALI DAN LOMBOK masuk dalam daftar destinasi foto pra- wedding terindah di dunia. Keeksotisan dua tempat tersebut diakui dunia internasional. 
Untuk mendapatkan foto pra- wedding terbaik, fotografer dunia rela mencari lokasi terindah dan romantis tersebar di seluruh dunia. 
Hal ini semakin setelah diadakannya sebuah kontes fotografi bertemakan pernikahan yang diluncurkan 2014 lalu. 
Hingga saat ini, sudah ada 4 ribu kiriman foto menakjubkan dari seluruh fotografer pernikahan profesional dari seluruh dunia. 
Editor dan Koki dari Junebug Wedding, Carrie Scwab mengatakan meminta para fotografer untuk mengirimkan foto yang menggabungkan keindahan sebuah destinasi wisata dengan cinta dari para pasangan. 
“Para juri mencari foto yang menunjukkan keterampilan teknis dan kreativitas yang sangat tinggi,” paparnya. 
Dari ribuan foto tersebut, dipilihlah beberapa foto terbaik oleh para wedding planners . Indonesia berhasil menyumbang 2 foto terbaik, yang diabadikan di Lembongan, Bali dan juga Lombok. Dilansir Dailymail . (jjs)
</post>
<signature>

</signature>
<external_links>

</external_links>
<country>ID</country>
<main_image>https://img.okezone.com//content/2016/08/31/406/1477280/hebat-bali-lombok-masuk-daftar-destinasi-pra-wedding-terbaik-di-dunia-PHdaHQs0bm.jpg</main_image>
</document>
