<?xml version="1.0" encoding="UTF-8"?>
<document>
<type>mainstream</type>
<forum></forum>
<forum_title></forum_title>
<discussion_title>&quot;Hobbit&quot; Bermúdez tiene tres días para apelar el auto de formal prisión. En Contraataque</discussion_title>
<language>spanish</language>
<gmt_offset></gmt_offset>
<topic_url>http://www.radioformula.com.mx/notas.asp?Idn=622290&amp;idFC=2016</topic_url>
<topic_text>
No pretendemos afectar a Bermúdez; lo que vive es consecuencia de sus actos: abogado. En Contraataque El juez 11 penal del reclusorio norte, Eduardo Mata Carrillo, dicto auto de formal prisión contra el jugador por el delito de incumplimiento de la obligación alimentaria que tiene con su ex esposa María Fernanda Hernández Rodríguez y sus dos hijos. Nota Publicidad Google Christian &quot;Hobbit&quot; Bermúdez, jugador del Puebla, cuenta con tres días para presentar una apelación en contra del auto de formal prisión que le dictó este martes el juez 11 penal del reclusorio norte, Eduardo Mata Carrillo.El jugador enfrenta un proceso penal por el delito de incumplimiento de la obligación alimentaria que tiene con su ex esposa María Fernanda Hernández Rodríguez y sus dos hijos.Cabe seńalar que por este ilícito el jugador no contaba con ningún beneficio de ley por lo que ahora va a continuar en la cárcel.De acuerdo con &quot;Contraataque Deportivo&quot;, Bermúdez es notificado en la rejilla de prácticas del juzgado que se le abre un proceso de tipo ordinario, es decir, por lo menos el juicio va a tardar un ańo para que le dicten sentencia.Se le informó que cuenta con tres días para apelar el auto dictado por el impartidor de justicia, además de que cuenta con 15 días más para ofrecer pruebas a su favor.Cabe destacar que el delito por el que se le acusa es en agravio a su ex esposa y sus dos menores hijos por un monto superior a los 3.6 millones de pesos.Con información de Juan Antonio Jiménez jdg 
</topic_text>
<spam_score>0.21</spam_score>
<post_num>1</post_num>
<post_id>post-1</post_id>
<post_url>http://www.radioformula.com.mx/notas.asp?Idn=622290&amp;idFC=2016</post_url>
<post_date>20160831</post_date>
<post_time></post_time>
<username></username>
<post>
No pretendemos afectar a Bermúdez; lo que vive es consecuencia de sus actos: abogado. En Contraataque El juez 11 penal del reclusorio norte, Eduardo Mata Carrillo, dicto auto de formal prisión contra el jugador por el delito de incumplimiento de la obligación alimentaria que tiene con su ex esposa María Fernanda Hernández Rodríguez y sus dos hijos. Nota Publicidad Google Christian &quot;Hobbit&quot; Bermúdez, jugador del Puebla, cuenta con tres días para presentar una apelación en contra del auto de formal prisión que le dictó este martes el juez 11 penal del reclusorio norte, Eduardo Mata Carrillo.El jugador enfrenta un proceso penal por el delito de incumplimiento de la obligación alimentaria que tiene con su ex esposa María Fernanda Hernández Rodríguez y sus dos hijos.Cabe seńalar que por este ilícito el jugador no contaba con ningún beneficio de ley por lo que ahora va a continuar en la cárcel.De acuerdo con &quot;Contraataque Deportivo&quot;, Bermúdez es notificado en la rejilla de prácticas del juzgado que se le abre un proceso de tipo ordinario, es decir, por lo menos el juicio va a tardar un ańo para que le dicten sentencia.Se le informó que cuenta con tres días para apelar el auto dictado por el impartidor de justicia, además de que cuenta con 15 días más para ofrecer pruebas a su favor.Cabe destacar que el delito por el que se le acusa es en agravio a su ex esposa y sus dos menores hijos por un monto superior a los 3.6 millones de pesos.Con información de Juan Antonio Jiménez jdg 
</post>
<signature>

</signature>
<external_links>

</external_links>
<country>MX</country>
<main_image></main_image>
</document>
