<?xml version="1.0" encoding="UTF-8"?>
<document>
<type>mainstream</type>
<forum>http://feeds.feedblitz.com/previouslytv</forum>
<forum_title>Previously.TV</forum_title>
<discussion_title>The Writing, And Big Brother Houseguests, Are On The Wall :: Close allies become vital as the endgame approaches. Just ask the player without one. [Big Brother]</discussion_title>
<language>english</language>
<gmt_offset></gmt_offset>
<topic_url>http://previously.tv/big-brother/the-writing-and-big-brother-houseguests-are-on-the-wall/</topic_url>
<topic_text>
The Writing, And Big Brother Houseguests, Are On The Wall Close allies become vital as the endgame approaches. Just ask the player without one. Stiff Competition 8 
We&apos;re rejoining the competition that began on Thursday night, with the remaining houseguests and the five jurors clinging to a tilting wall while a fake monster sprays freezing water in their faces. Neither Da&apos;Vonne nor Zakiyah thinks she will last very long, so they hold hands and jump into the moat together like a suicide pact less than twenty minutes in. Corey drops, then Bridgette goes down, leaving Victor and Paulie as the only jurors who are still in the competition to return to the house. You may recall Paulie telling us Thursday night that he would rather succeed than breathe, so when he is the next to fall it&apos;s a bit surprising that he doesn&apos;t just stay underwater. But anyway, that makes Victor the first player to return to the game twice in Big Brother history. But while he could outlast the other jurors, he can&apos;t outlast Paul, Nicole, or James. After Paul finally slips about ninety minutes in, James and Nicole start bargaining for the win. James is confident that he can win his fourth wall competition in a row, while Nicole whines about wanting a letter from home. Whining is of course James&apos;s Kryptonite. After getting assurances from Nicole that both he and Natalie will be safe this week, James decides to trust Nicole and give it up to her after two hours. He&apos;d better hope she doesn&apos;t go back on the deal. Or, as we might also call it, &quot;pulling a James.&quot; Dissension In The Ranks 5 
We see that four hours before Thursday&apos;s eviction, Paul picked a fight with James over being nominated. Because in Paul&apos;s head, apparently James was both HoHs this week instead of neither of them. We also saw that Michelle inserted herself into the argument, Paul dismissed her with a nasty word (a rare case of successful bleeping makes it hard to say which one), Paul accused James of voting in a bloc with Natalie, and the next thing we know, James provided the counterexample that Natalie wanted Victor to stay this week instead of Corey. And everyone in the house heard him say it, including Corey and Nicole, who thought Natalie and James were completely in their back pocket. Gee whiz, James, it might not be worth blowing up the game for both Natalie and yourself just to make a point with Paul. On Target 2 
Now the question is whether Nicole is going to stick to the deal with James, especially after overhearing that Natalie wanted Corey out this week. Paul is feeling good because his campaign to buddy up to Nicole and Corey the last few days can continue to pay dividends, while Michelle is feeling vulnerable. Which she should, because Nicole confides to Corey that Meech is indeed her target. Also worried is Natalie, not least because James could have won this competition and she might be the one leaving the house this week over it. James convinces her to be more trusting and fatalistic about the whole situation. Which would mean they&apos;re about to get burned, if this were a show with better editing. Clique In 6 
Paul and Victor make a pitch to Nicole and Corey to work with them against James, Natalie, and Michelle. Nicole is listening. Corey may or may not be listening, but he later tells Nicole that he&apos;d rather keep Paul and Victor in the house than reward James for some of his past moves. Nicole hopes to thread the needle by booting Michelle and thus not offending any of her other potential pairs of allies. Ultimately, Nicole approaches Victor and Paul about making one of them a pawn to evict Michelle. Paul is in, and a new final four alliance is born. Its name? The Final Four. I actually support their decision to not even try with the alliance names anymore. Getting It Twisted 2 
The last Care Package gets delivered to Corey, containing a jock strap, sunglasses, a candy cane, and something called the &quot;Big Brother Bribe.&quot; This allows Corey to offer another player $5,000 to do something that helps Corey in the game. This is far too much power for the likes of Corey and Nicole to comprehend, so trying figure out what he&apos;s going to do with it nearly breaks their tiny minds. They&apos;re treating it like some coded message from America that they&apos;re supposed to decipher, and Corey keeps coming back to the idea of using it to make somebody do something embarrassing. See, this is what happens when America gives power to people who don&apos;t know how to use it. Keep it in mind. Shocking Nominations 1 
Nicole nominates Michelle as her target and Paul as her pawn, just as she said she was going to do. Michelle considers it a victory that she didn&apos;t cry. That&apos;s partly because she feels safe against Paul, because she still thinks it&apos;s last week. She may be partly right, in the sense that it could be her last week.
</topic_text>
<spam_score>0.00</spam_score>
<post_num>1</post_num>
<post_id>post-1</post_id>
<post_url>http://previously.tv/big-brother/the-writing-and-big-brother-houseguests-are-on-the-wall/</post_url>
<post_date>20160829</post_date>
<post_time>1430</post_time>
<username>Jeff Alexander</username>
<post>
The Writing, And Big Brother Houseguests, Are On The Wall Close allies become vital as the endgame approaches. Just ask the player without one. Stiff Competition 8 
We&apos;re rejoining the competition that began on Thursday night, with the remaining houseguests and the five jurors clinging to a tilting wall while a fake monster sprays freezing water in their faces. Neither Da&apos;Vonne nor Zakiyah thinks she will last very long, so they hold hands and jump into the moat together like a suicide pact less than twenty minutes in. Corey drops, then Bridgette goes down, leaving Victor and Paulie as the only jurors who are still in the competition to return to the house. You may recall Paulie telling us Thursday night that he would rather succeed than breathe, so when he is the next to fall it&apos;s a bit surprising that he doesn&apos;t just stay underwater. But anyway, that makes Victor the first player to return to the game twice in Big Brother history. But while he could outlast the other jurors, he can&apos;t outlast Paul, Nicole, or James. After Paul finally slips about ninety minutes in, James and Nicole start bargaining for the win. James is confident that he can win his fourth wall competition in a row, while Nicole whines about wanting a letter from home. Whining is of course James&apos;s Kryptonite. After getting assurances from Nicole that both he and Natalie will be safe this week, James decides to trust Nicole and give it up to her after two hours. He&apos;d better hope she doesn&apos;t go back on the deal. Or, as we might also call it, &quot;pulling a James.&quot; Dissension In The Ranks 5 
We see that four hours before Thursday&apos;s eviction, Paul picked a fight with James over being nominated. Because in Paul&apos;s head, apparently James was both HoHs this week instead of neither of them. We also saw that Michelle inserted herself into the argument, Paul dismissed her with a nasty word (a rare case of successful bleeping makes it hard to say which one), Paul accused James of voting in a bloc with Natalie, and the next thing we know, James provided the counterexample that Natalie wanted Victor to stay this week instead of Corey. And everyone in the house heard him say it, including Corey and Nicole, who thought Natalie and James were completely in their back pocket. Gee whiz, James, it might not be worth blowing up the game for both Natalie and yourself just to make a point with Paul. On Target 2 
Now the question is whether Nicole is going to stick to the deal with James, especially after overhearing that Natalie wanted Corey out this week. Paul is feeling good because his campaign to buddy up to Nicole and Corey the last few days can continue to pay dividends, while Michelle is feeling vulnerable. Which she should, because Nicole confides to Corey that Meech is indeed her target. Also worried is Natalie, not least because James could have won this competition and she might be the one leaving the house this week over it. James convinces her to be more trusting and fatalistic about the whole situation. Which would mean they&apos;re about to get burned, if this were a show with better editing. Clique In 6 
Paul and Victor make a pitch to Nicole and Corey to work with them against James, Natalie, and Michelle. Nicole is listening. Corey may or may not be listening, but he later tells Nicole that he&apos;d rather keep Paul and Victor in the house than reward James for some of his past moves. Nicole hopes to thread the needle by booting Michelle and thus not offending any of her other potential pairs of allies. Ultimately, Nicole approaches Victor and Paul about making one of them a pawn to evict Michelle. Paul is in, and a new final four alliance is born. Its name? The Final Four. I actually support their decision to not even try with the alliance names anymore. Getting It Twisted 2 
The last Care Package gets delivered to Corey, containing a jock strap, sunglasses, a candy cane, and something called the &quot;Big Brother Bribe.&quot; This allows Corey to offer another player $5,000 to do something that helps Corey in the game. This is far too much power for the likes of Corey and Nicole to comprehend, so trying figure out what he&apos;s going to do with it nearly breaks their tiny minds. They&apos;re treating it like some coded message from America that they&apos;re supposed to decipher, and Corey keeps coming back to the idea of using it to make somebody do something embarrassing. See, this is what happens when America gives power to people who don&apos;t know how to use it. Keep it in mind. Shocking Nominations 1 
Nicole nominates Michelle as her target and Paul as her pawn, just as she said she was going to do. Michelle considers it a victory that she didn&apos;t cry. That&apos;s partly because she feels safe against Paul, because she still thinks it&apos;s last week. She may be partly right, in the sense that it could be her last week.
</post>
<signature>

</signature>
<external_links>

</external_links>
<country>US</country>
<main_image>http://previously.tv/m/2016-08-29-bb.jpg</main_image>
</document>
