<?xml version="1.0" encoding="UTF-8"?>
<document>
<type>mainstream</type>
<forum>http://hoy.es//rss/atom/?seccion=deportes%2Fciclismo</forum>
<forum_title>RSS de noticias de deportes/ciclismo</forum_title>
<discussion_title>Peña Cabarga promete más espectáculo</discussion_title>
<language>spanish</language>
<gmt_offset></gmt_offset>
<topic_url>http://www.hoy.es/deportes/ciclismo/vuelta-espana/201608/31/pena-cabarga-promete-espectaculo-20160830200800-rc.html</topic_url>
<topic_text>
Este sitio web utiliza cookies propias y de terceros para optimizar tu navegaciףn, adaptarse a tus preferencias y realizar labores analםticas. Al continuar navegando aceptas nuestra Polםtica de Cookies. Aceptar etapa 11 Peña Cabarga promete más espectáculo El pelotón, en plena etapa. / EFE El puerto espera al pelotón y será el cuarto final en alto consecutivo efe 31 agosto 2016 01:53 
El pelotón de la 71 Vuelta a España afrontará en la cima cántabra de Peña Cabarga su cuarto final consecutivo en alto, aunque lo hace tras haber vivido la primera jornada de descanso de la carrera. Más información Directo Retransmisión y clasificaciones 
La undécima etapa llevará a los ciclistas desde la localidad asturiana de Colunga hasta Peña Cabarga con un recorrido de 168,6 kilómetros, en los que la única dificultad orográfica será la ascensión final. 
Una complicación añadida al final en alto, en un puerto corto pero con rampas que salvo algún ligero descansillo está prácticamente siempre por encima del 11 % y que llega hasta el 19 %. La carrera discurrirá toda la etapa muy próxima al litoral lo que en caso de soplar aire puede provocar la formación de los siempre temidos abanicos. 
Será una nueva oportunidad para que los aspirantes al triunfo final traten de distanciar a sus rivales en algunos segundos, en una clasificación que todavía está muy ajustada. Lo Más
</topic_text>
<spam_score>0.00</spam_score>
<post_num>1</post_num>
<post_id>post-1</post_id>
<post_url>http://www.hoy.es/deportes/ciclismo/vuelta-espana/201608/31/pena-cabarga-promete-espectaculo-20160830200800-rc.html</post_url>
<post_date>20160831</post_date>
<post_time>0153</post_time>
<username></username>
<post>
Este sitio web utiliza cookies propias y de terceros para optimizar tu navegaciףn, adaptarse a tus preferencias y realizar labores analםticas. Al continuar navegando aceptas nuestra Polםtica de Cookies. Aceptar etapa 11 Peña Cabarga promete más espectáculo El pelotón, en plena etapa. / EFE El puerto espera al pelotón y será el cuarto final en alto consecutivo efe 31 agosto 2016 01:53 
El pelotón de la 71 Vuelta a España afrontará en la cima cántabra de Peña Cabarga su cuarto final consecutivo en alto, aunque lo hace tras haber vivido la primera jornada de descanso de la carrera. Más información Directo Retransmisión y clasificaciones 
La undécima etapa llevará a los ciclistas desde la localidad asturiana de Colunga hasta Peña Cabarga con un recorrido de 168,6 kilómetros, en los que la única dificultad orográfica será la ascensión final. 
Una complicación añadida al final en alto, en un puerto corto pero con rampas que salvo algún ligero descansillo está prácticamente siempre por encima del 11 % y que llega hasta el 19 %. La carrera discurrirá toda la etapa muy próxima al litoral lo que en caso de soplar aire puede provocar la formación de los siempre temidos abanicos. 
Será una nueva oportunidad para que los aspirantes al triunfo final traten de distanciar a sus rivales en algunos segundos, en una clasificación que todavía está muy ajustada. Lo Más
</post>
<signature>

</signature>
<external_links>

</external_links>
<country>ES</country>
<main_image>http://www.hoy.es/RC/201608/30/media/cortadas/peloton-previa-efe-ktOD-U202590338989pyH-575x323@RC.jpg</main_image>
</document>
