<?xml version="1.0" encoding="UTF-8"?>
<document>
<type>mainstream</type>
<forum>http://feeds.feedblitz.com/previouslytv</forum>
<forum_title>Previously.TV</forum_title>
<discussion_title>The Spy Who Loved Crunches: Reconsidering Entertainment Weekly&apos;s 2002 Fall TV Preview :: Jennifer Garner&apos;s midriff sells this issue -- as does her dewy and wholesome interview -- in a magazine that feels like a letter from a time much further away than fourteen years. [Television]</discussion_title>
<language>english</language>
<gmt_offset></gmt_offset>
<topic_url>http://previously.tv/television/the-spy-who-loved-crunches-reconsidering-entertainment-weeklys-2002-fall-tv-preview/</topic_url>
<topic_text>
0 What is this? 
The Fall TV Preview issue of Entertainment Weekly , with Jennifer &quot;I give a lot of interviews about my brutal workout regimen&quot; Garner on the cover. Time Warner 
September 13, 2002. Why do you still have this? 
Because I met a hooded witch at a crossroads and she said, &quot;So long as you keep this magazine, Jennifer Garner will remain employable. Help a sister out.&quot; That the witch may have looked like Jennifer Garner is, I&apos;m sure, purest coincidence. After all, if Jennifer Garner could tap the ebon wells of eldrich power, why would we still live in a world with Ben Affleck? Time Warner What stands out on re-reading? 
Where to begin? How about with... 
How badly the WB botched it on Birds Of Prey -- and how EW was along for the ride. In order to explain how much of a squandered chance this is, a little comics nerdery is in order. Back in 1996, a regular Batman writer named Chuck Dixon began writing Birds Of Prey , which teamed up two not-very-well-deployed women in the DC Comics universe -- the now-paralyzed, once-Batgirl Barbara Gordon and occasional Justice League member/frequent mess Dinah Lance, alias Black Canary. The idea was that Black Canary would be Barbara&apos;s legs and that they&apos;d go on to fight crime, redress wrongs, and pose like Victoria&apos;s Secret models if they happened to be drawn by Greg Land . The series was fun, and what made it a refreshing read was the relationship between the two women as friends and colleagues -- and how that relationship became the building block for a whole lot of other female heroes to drop in and work with the Birds (or become one too). 
SO. You have what could basically be &quot;The Spice Girls Take Girl Power In A Pummeling Direction,&quot; which is awesome and fun, but in the hands of the WB, it somehow turned into &quot;These lingerie models will wear fishnets for YOU!&quot; Time Warner 
In other words, the people putting the show together completely missed the point of the Birds Of Prey . This is, honestly, a bit baffling when you consider how the WB managed to nail a similar ethos with Charmed , then on Sundays. And there was Buffy over on, by then, UPN. And we were one year out from the end of Xena: Warrior Princess . 
There&apos;s a happy ending for the comic franchise Birds Of Prey because in 2003, Gail Simone took over writing it and her run is funny, fun, poignant and feminist. But we could have had a show like that -- IN THE ERA OF BUFFY , EVEN -- and instead we get crap that starts off with : 
Let&apos;s say, for the sake of argument, that there&apos;s a new superhero series featuring three lissome heroines using their various superskills to battle evil. What would be the one thing any of the crime-fighting gals could say that would make the comic-book geek within you sit up and take notice? 
This, in the year of our lord 2002. The piece trips along, mentioning a bustier-clad model here, a fishnet-clad teenager there, until: 
Meyer is already geek pinup material for her roles in Beverly Hills, 90210 (she played a professor&apos;s sexy wife), Starship Troopers (as tough gal Dizzy Flores), and her upcoming appearance as a Romulan commander in the feature film Star Trek: Nemesis . 
Anyway -- this show was doomed, but Ken Tucker&apos;s piece on it is really one to remember for how, back in 2002, it was apparently taken for granted that the only people interested in comic books and shows about comic-book characters were nerdy straight white dudes. 
(Meanwhile, over in syndication, She Spies nailed the real feel for Birds Of Prey . You won&apos;t find any mention of that in this magazine issue.) 
There are two tiny, snarky details I adore. First, in the blurb for Ed , costar Josh Randall&apos;s crack-smoking arrest is tagged with &quot;Maybe it was one of those ten-dollar dares,&quot; which is a stinging callback to one of the show&apos;s running jokes. And second, the blurb for The West Wing is all about Rob Lowe&apos;s impending departure, and the picture accompanying it shows a Rob Lowe who is giving the camera his best bitchface. Time Warner 
Hey, remember when Fred Thompson replaced Dianne Wiest on Law &amp; Order ? You do now. He was hailed as the &quot;post-9/11 DA,&quot; the first overt reference to the attack being part of the narrative fabric of a TV show. 
Finally, this is the year Firefly debuted. And it&apos;s adorable to read Alan Tudyk smack-talking Star Trek , but here in the future, I&apos;m all, &quot;Dude. Dude. Trek managed to reboot the franchise and your movie... did not make a similar argument .&quot; Time Warner 
Still, it&apos;s nice to see a picture of the cast, because they&apos;re all adorable babies in it. Even Ron Glass. What does not hold up on re-reading? 
One of the saddest things about reading through these issues is looking at the well-groomed (and well-Photoshopped) faces of actors and actresses and thinking about what future horrors await. I can&apos;t look at a picture of Stephen Collins now without shuddering, for example. It&apos;s poignant to see John Ritter fronting a feature article on his return to television and remember he&apos;s got less than a year to live. Time Warner 
Ditto for seeing Bernie Mac and remembering he&apos;ll be dead in less than six years. And the saddest of all is looking at the blurb for The Bachelorette and realizing we have had Trista Rehm thrusting herself into the minivan majority&apos;s supermarket magazines for fourteen years . 
The other weird and sad thing is seeing how many actors are in different television shows every season. Any time anyone has a bad day at work, they can just think of Paula Marshall, Mark Feuerstein, Chyler Leigh, Jason O&apos;Mara, Randy Quaid, or Carol Kane, all of whom had a lot of churn in the ol&apos; IMDb CV back in the Aughties. Time Warner 
(This is something EW will actually address in 2005, in one of my favorite pieces they&apos;ve done, &quot; TV Casting Directors Love These Faces -- Will You ?&quot; In it, Christopher Gorham, Paula Marshall, Carla Gugino, Chyler Leigh, Holly Robinson Peete, Eddie McClintock, and Maggie Lawson are all name-dropped. I&apos;d love to see an update these days with the actors who are just one or two series away from having that sweet, multi-year gig -- or an update that addresses how the explosion in scripted content means it&apos;s a different world for a working actor.) Final verdict? 
The first few years of any decade are usually a little weird, mostly because people are hoping to figure what the particular decade is going to be about and what&apos;s about to undergo backlash. The Aughties are very similar to the 1980s in that there were two unmissable &quot;Yeah, the 1990s are DONE&quot;-type events at the very beginning of the decade, and then there was a brief period where, really, pop culture could have gone in about five different directions before the defining trends really took hold. 
To its credit, this issue of EW does a great job of managing to tag into every one of the trends that would shape network programming -- the serialized drama-with-heart shows ( Everwood , Alias ); the sitcoms and procedurals that are as comforting and unchallenging as that wallpaper with the tree trunks you see in every design blog ( Eight Simple Rules , CSI: Miami , Life With Bonnie , The Guardian ); the prestige dramas ( Boomtown ); the comedies that throw the occasional well-timed curveball ( King Of The Hill ). Plaudits to whomever figured out these were the stories shaping up in scripted television. They hadn&apos;t managed to figure out which trends would end up defining the decade, but at least they managed to map the prevailing cultural currents. 6
</topic_text>
<spam_score>0.00</spam_score>
<post_num>1</post_num>
<post_id>post-1</post_id>
<post_url>http://previously.tv/television/the-spy-who-loved-crunches-reconsidering-entertainment-weeklys-2002-fall-tv-preview/</post_url>
<post_date>20160829</post_date>
<post_time>1500</post_time>
<username>Lisa Schmeiser</username>
<post>
0 What is this? 
The Fall TV Preview issue of Entertainment Weekly , with Jennifer &quot;I give a lot of interviews about my brutal workout regimen&quot; Garner on the cover. Time Warner 
September 13, 2002. Why do you still have this? 
Because I met a hooded witch at a crossroads and she said, &quot;So long as you keep this magazine, Jennifer Garner will remain employable. Help a sister out.&quot; That the witch may have looked like Jennifer Garner is, I&apos;m sure, purest coincidence. After all, if Jennifer Garner could tap the ebon wells of eldrich power, why would we still live in a world with Ben Affleck? Time Warner What stands out on re-reading? 
Where to begin? How about with... 
How badly the WB botched it on Birds Of Prey -- and how EW was along for the ride. In order to explain how much of a squandered chance this is, a little comics nerdery is in order. Back in 1996, a regular Batman writer named Chuck Dixon began writing Birds Of Prey , which teamed up two not-very-well-deployed women in the DC Comics universe -- the now-paralyzed, once-Batgirl Barbara Gordon and occasional Justice League member/frequent mess Dinah Lance, alias Black Canary. The idea was that Black Canary would be Barbara&apos;s legs and that they&apos;d go on to fight crime, redress wrongs, and pose like Victoria&apos;s Secret models if they happened to be drawn by Greg Land . The series was fun, and what made it a refreshing read was the relationship between the two women as friends and colleagues -- and how that relationship became the building block for a whole lot of other female heroes to drop in and work with the Birds (or become one too). 
SO. You have what could basically be &quot;The Spice Girls Take Girl Power In A Pummeling Direction,&quot; which is awesome and fun, but in the hands of the WB, it somehow turned into &quot;These lingerie models will wear fishnets for YOU!&quot; Time Warner 
In other words, the people putting the show together completely missed the point of the Birds Of Prey . This is, honestly, a bit baffling when you consider how the WB managed to nail a similar ethos with Charmed , then on Sundays. And there was Buffy over on, by then, UPN. And we were one year out from the end of Xena: Warrior Princess . 
There&apos;s a happy ending for the comic franchise Birds Of Prey because in 2003, Gail Simone took over writing it and her run is funny, fun, poignant and feminist. But we could have had a show like that -- IN THE ERA OF BUFFY , EVEN -- and instead we get crap that starts off with : 
Let&apos;s say, for the sake of argument, that there&apos;s a new superhero series featuring three lissome heroines using their various superskills to battle evil. What would be the one thing any of the crime-fighting gals could say that would make the comic-book geek within you sit up and take notice? 
This, in the year of our lord 2002. The piece trips along, mentioning a bustier-clad model here, a fishnet-clad teenager there, until: 
Meyer is already geek pinup material for her roles in Beverly Hills, 90210 (she played a professor&apos;s sexy wife), Starship Troopers (as tough gal Dizzy Flores), and her upcoming appearance as a Romulan commander in the feature film Star Trek: Nemesis . 
Anyway -- this show was doomed, but Ken Tucker&apos;s piece on it is really one to remember for how, back in 2002, it was apparently taken for granted that the only people interested in comic books and shows about comic-book characters were nerdy straight white dudes. 
(Meanwhile, over in syndication, She Spies nailed the real feel for Birds Of Prey . You won&apos;t find any mention of that in this magazine issue.) 
There are two tiny, snarky details I adore. First, in the blurb for Ed , costar Josh Randall&apos;s crack-smoking arrest is tagged with &quot;Maybe it was one of those ten-dollar dares,&quot; which is a stinging callback to one of the show&apos;s running jokes. And second, the blurb for The West Wing is all about Rob Lowe&apos;s impending departure, and the picture accompanying it shows a Rob Lowe who is giving the camera his best bitchface. Time Warner 
Hey, remember when Fred Thompson replaced Dianne Wiest on Law &amp; Order ? You do now. He was hailed as the &quot;post-9/11 DA,&quot; the first overt reference to the attack being part of the narrative fabric of a TV show. 
Finally, this is the year Firefly debuted. And it&apos;s adorable to read Alan Tudyk smack-talking Star Trek , but here in the future, I&apos;m all, &quot;Dude. Dude. Trek managed to reboot the franchise and your movie... did not make a similar argument .&quot; Time Warner 
Still, it&apos;s nice to see a picture of the cast, because they&apos;re all adorable babies in it. Even Ron Glass. What does not hold up on re-reading? 
One of the saddest things about reading through these issues is looking at the well-groomed (and well-Photoshopped) faces of actors and actresses and thinking about what future horrors await. I can&apos;t look at a picture of Stephen Collins now without shuddering, for example. It&apos;s poignant to see John Ritter fronting a feature article on his return to television and remember he&apos;s got less than a year to live. Time Warner 
Ditto for seeing Bernie Mac and remembering he&apos;ll be dead in less than six years. And the saddest of all is looking at the blurb for The Bachelorette and realizing we have had Trista Rehm thrusting herself into the minivan majority&apos;s supermarket magazines for fourteen years . 
The other weird and sad thing is seeing how many actors are in different television shows every season. Any time anyone has a bad day at work, they can just think of Paula Marshall, Mark Feuerstein, Chyler Leigh, Jason O&apos;Mara, Randy Quaid, or Carol Kane, all of whom had a lot of churn in the ol&apos; IMDb CV back in the Aughties. Time Warner 
(This is something EW will actually address in 2005, in one of my favorite pieces they&apos;ve done, &quot; TV Casting Directors Love These Faces -- Will You ?&quot; In it, Christopher Gorham, Paula Marshall, Carla Gugino, Chyler Leigh, Holly Robinson Peete, Eddie McClintock, and Maggie Lawson are all name-dropped. I&apos;d love to see an update these days with the actors who are just one or two series away from having that sweet, multi-year gig -- or an update that addresses how the explosion in scripted content means it&apos;s a different world for a working actor.) Final verdict? 
The first few years of any decade are usually a little weird, mostly because people are hoping to figure what the particular decade is going to be about and what&apos;s about to undergo backlash. The Aughties are very similar to the 1980s in that there were two unmissable &quot;Yeah, the 1990s are DONE&quot;-type events at the very beginning of the decade, and then there was a brief period where, really, pop culture could have gone in about five different directions before the defining trends really took hold. 
To its credit, this issue of EW does a great job of managing to tag into every one of the trends that would shape network programming -- the serialized drama-with-heart shows ( Everwood , Alias ); the sitcoms and procedurals that are as comforting and unchallenging as that wallpaper with the tree trunks you see in every design blog ( Eight Simple Rules , CSI: Miami , Life With Bonnie , The Guardian ); the prestige dramas ( Boomtown ); the comedies that throw the occasional well-timed curveball ( King Of The Hill ). Plaudits to whomever figured out these were the stories shaping up in scripted television. They hadn&apos;t managed to figure out which trends would end up defining the decade, but at least they managed to map the prevailing cultural currents. 6
</post>
<signature>

</signature>
<external_links>

</external_links>
<country>US</country>
<main_image>http://previously.tv/m/2016-08-29-television01.jpg</main_image>
</document>
