<?xml version="1.0" encoding="UTF-8"?>
<document>
<type>mainstream</type>
<forum></forum>
<forum_title></forum_title>
<discussion_title>Minor allegedly raped in Rajouri</discussion_title>
<language>english</language>
<gmt_offset></gmt_offset>
<topic_url>http://www.greaterkashmir.com/news/pir-panjal/story/227230.html</topic_url>
<topic_text>
Wednesday, August 31, 2016, 27, Zul Qaadah, 1437 Minor allegedly raped in Rajouri On the basis of complaint, police have lodged a FIR US 376, 109 RPC in Rajouri Police Station and boy involved in abduction of the girl was arrested while the prime accused alleged of rape is still on large. SUMIT BHARGAV Rajouri, Publish Date: Aug 31 2016 1:58AM | Updated Date: Aug 31 2016 1:58AM Representational Pic 
A minor girl was allegedly raped after abduction here, officials said on Tuesday. 
They said parents of a minor girl lodged a written complaint at police station Rajouri that their minor daughter had arrived in Rajouri town where two boys from Kotranka allegedly abducted her and raped her. 
On the basis of complaint, police have lodged a FIR US 376, 109 RPC in Rajouri Police Station and boy involved in abduction of the girl was arrested while the prime accused alleged of rape is still on large. 
</topic_text>
<spam_score>0.10</spam_score>
<post_num>1</post_num>
<post_id>post-1</post_id>
<post_url>http://www.greaterkashmir.com/news/pir-panjal/story/227230.html</post_url>
<post_date>20160820</post_date>
<post_time></post_time>
<username>Sumit Bhargav</username>
<post>
Wednesday, August 31, 2016, 27, Zul Qaadah, 1437 Minor allegedly raped in Rajouri On the basis of complaint, police have lodged a FIR US 376, 109 RPC in Rajouri Police Station and boy involved in abduction of the girl was arrested while the prime accused alleged of rape is still on large. SUMIT BHARGAV Rajouri, Publish Date: Aug 31 2016 1:58AM | Updated Date: Aug 31 2016 1:58AM Representational Pic 
A minor girl was allegedly raped after abduction here, officials said on Tuesday. 
They said parents of a minor girl lodged a written complaint at police station Rajouri that their minor daughter had arrived in Rajouri town where two boys from Kotranka allegedly abducted her and raped her. 
On the basis of complaint, police have lodged a FIR US 376, 109 RPC in Rajouri Police Station and boy involved in abduction of the girl was arrested while the prime accused alleged of rape is still on large. 
</post>
<signature>

</signature>
<external_links>

</external_links>
<country>US</country>
<main_image>http://www.greaterkashmir.com/cms/gall_content/2016/8/2016_8$largeimg231_Aug_2016_015828430.jpg</main_image>
</document>
