<?xml version="1.0" encoding="UTF-8"?>
<document>
<type>mainstream</type>
<forum></forum>
<forum_title></forum_title>
<discussion_title>Thousands participate in ancient Kailash Yatra</discussion_title>
<language>indonesian</language>
<gmt_offset></gmt_offset>
<topic_url>http://www.greaterkashmir.com/news/chenab-valley/story/227231.html</topic_url>
<topic_text>
Wednesday, August 31, 2016, 27, Zul Qaadah, 1437 Thousands participate in ancient Kailash Yatra Pilgrims decry lack of facilities, MLC fumes TAHIR NADEEM KHAN YUSAFZAI Bhaderwah, Publish Date: Aug 31 2016 2:00AM | Updated Date: Aug 31 2016 2:00AM File Photo 
Scores of devotees thronged ancient Vasuki Nag Temple Ghatha, here on Monday to join ‘Charri’ (Holy Mace) of Kailash Yatra, a symbol of Nag culture in Jammu and Kashmir. 
The devotees from different parts of the country thronged 2065 year old temple believed to be the house of Lord Vasuki Nag (Serpent God), to take part in 3-day long Kailash Yatra. 
The Yatra along with Charri, which started from the ancient Vasuki Temple Ghatha, would reach Kailash Kund on Wednesday. 
Every year thousands of pilgrims from Jammu &amp; Kashmir and other states participate in ‘Kailash Yatra’ which commences on the 14th day after ‘Shravan Purnima’. 
This pilgrimage is considered as one of the toughest pilgrimages as pilgrims have to trek 21 Km of steep hills to reach the holy Kund (Lake), which is situated at a height of 14500 Ft above the sea level, where devotees take a dip in the ice-cold water to take the blessings of Serpent God. 
“I came to know about this pilgrimage during Amarnath Yatra and I decided to join this ancient Nag Yatra. Now, I am here for the second consecutive year. Although this is one of the most mesmerizing pilgrimage and leaves you spell-bound but there is hardly any facility provided by the government or any other agency,” said a pilgrim from Pune, Ajay Joshi. 
“A dip in the ice-cold water of holy ‘Kailash Kund’ has undoubtedly a magic effect on your body and soul. This ancient Yatra has got all the ingredients to become one of the largest attended pilgrimage but for that some basic facilities need to be provided for the pilgrims along the tough terrain and at Kailash Kund,” Joshi added saying that we can’t even dream of this kind of weather, forest or water bodies in Mumbai. 
Not only pilgrims but some political representatives are also up in arms against the government in general and Bhadarwah Development Authority (BDA) in particular for not providing even the basic facilities to the pilgrims which they used to get earlier. “It is really unfortunate that authorities have failed to set up tents for the pilgrims at Hayan, Ramtund and Kailash Kund this year,” said MLC Naresh Kumar Gupta. 
“I will take up this matter with administration and will also raise the issue in the House. The government should recognize this yatra and provide facilities to the pilgrim at par with Amarnath Yatra and Vaishno Devi,” Gupta added. Meanwhile, authorities had made tight security arrangements for the Yatra. Police, CRPF and Army soldiers were deployed in strength all along 21 Km route. 
“We have made elaborate security arrangements as we have been preparing for this Yatra for the past two months. We have also deployed health and other allied departments to provide facility to the pilgrims,” said SDM Bhadarwah Muhammad Anwar Banday. 
</topic_text>
<spam_score>0.00</spam_score>
<post_num>1</post_num>
<post_id>post-1</post_id>
<post_url>http://www.greaterkashmir.com/news/chenab-valley/story/227231.html</post_url>
<post_date>20160820</post_date>
<post_time></post_time>
<username>Tahir Nadeem Khan Yusafzai</username>
<post>
Wednesday, August 31, 2016, 27, Zul Qaadah, 1437 Thousands participate in ancient Kailash Yatra Pilgrims decry lack of facilities, MLC fumes TAHIR NADEEM KHAN YUSAFZAI Bhaderwah, Publish Date: Aug 31 2016 2:00AM | Updated Date: Aug 31 2016 2:00AM File Photo 
Scores of devotees thronged ancient Vasuki Nag Temple Ghatha, here on Monday to join ‘Charri’ (Holy Mace) of Kailash Yatra, a symbol of Nag culture in Jammu and Kashmir. 
The devotees from different parts of the country thronged 2065 year old temple believed to be the house of Lord Vasuki Nag (Serpent God), to take part in 3-day long Kailash Yatra. 
The Yatra along with Charri, which started from the ancient Vasuki Temple Ghatha, would reach Kailash Kund on Wednesday. 
Every year thousands of pilgrims from Jammu &amp; Kashmir and other states participate in ‘Kailash Yatra’ which commences on the 14th day after ‘Shravan Purnima’. 
This pilgrimage is considered as one of the toughest pilgrimages as pilgrims have to trek 21 Km of steep hills to reach the holy Kund (Lake), which is situated at a height of 14500 Ft above the sea level, where devotees take a dip in the ice-cold water to take the blessings of Serpent God. 
“I came to know about this pilgrimage during Amarnath Yatra and I decided to join this ancient Nag Yatra. Now, I am here for the second consecutive year. Although this is one of the most mesmerizing pilgrimage and leaves you spell-bound but there is hardly any facility provided by the government or any other agency,” said a pilgrim from Pune, Ajay Joshi. 
“A dip in the ice-cold water of holy ‘Kailash Kund’ has undoubtedly a magic effect on your body and soul. This ancient Yatra has got all the ingredients to become one of the largest attended pilgrimage but for that some basic facilities need to be provided for the pilgrims along the tough terrain and at Kailash Kund,” Joshi added saying that we can’t even dream of this kind of weather, forest or water bodies in Mumbai. 
Not only pilgrims but some political representatives are also up in arms against the government in general and Bhadarwah Development Authority (BDA) in particular for not providing even the basic facilities to the pilgrims which they used to get earlier. “It is really unfortunate that authorities have failed to set up tents for the pilgrims at Hayan, Ramtund and Kailash Kund this year,” said MLC Naresh Kumar Gupta. 
“I will take up this matter with administration and will also raise the issue in the House. The government should recognize this yatra and provide facilities to the pilgrim at par with Amarnath Yatra and Vaishno Devi,” Gupta added. Meanwhile, authorities had made tight security arrangements for the Yatra. Police, CRPF and Army soldiers were deployed in strength all along 21 Km route. 
“We have made elaborate security arrangements as we have been preparing for this Yatra for the past two months. We have also deployed health and other allied departments to provide facility to the pilgrims,” said SDM Bhadarwah Muhammad Anwar Banday. 
</post>
<signature>

</signature>
<external_links>

</external_links>
<country>US</country>
<main_image>http://www.greaterkashmir.com/cms/gall_content/2016/8/2016_8$largeimg231_Aug_2016_020003283.jpg</main_image>
</document>
