<?xml version="1.0" encoding="UTF-8"?>
<document>
<type>mainstream</type>
<forum></forum>
<forum_title></forum_title>
<discussion_title>Sony remote control / trigger - DIY Drones</discussion_title>
<language>english</language>
<gmt_offset></gmt_offset>
<topic_url>http://diydrones.com/forum/topics/sony-remote-control-trigger</topic_url>
<topic_text>
Permalink Reply by Paulo Neves on Thursday 
Hello Dell, 
Here at Airborne projects we have developed a product that takes pictures with compatible Sony cameras, and tags them while in the air. One of the plus of our product is that it is capable of configuring some settings of the Sony camera each time it is started. 
You can literally edit the camera settings in a text file. The product is called DROTAG . If you would like more information contact us or ask here. Permalink Reply by Pascal P. on Thursday 
Hi Paulo, 
Your product sounds interesting. I think the graal in mapping with drone is to work without GCP. And this need RTK or PPK post processed. In two cases precise positioning and precise trigger time stamping from camera hot shoe is needed. You should look into that direction, coupled with raw GNSS logging and easy post processing procedure. The solution giving all wires, hardware and software will be a hit. Permalink Reply by Paulo Neves on Friday 
Hey Pascal, 
The exact time stamping can be embedded in the picture. Now that you talk about it I think I didnt implement the GPS time in photo time stamp, but I can now see it being useful. The raw GNSS logging is a bit harder to obtain from the pixhawk. Do you know of any information on methods for RTK post processing, and which raw information is necessary? Is it the raw radio data? Permalink Reply by Pascal P. on Friday 
Raw GPS phase measurement logging is directly from the GPS module itself.I get a Reach module for this purpose. 
Have a look on RTKLIB for post processing. It is all about confronting base and mobile RINEX files. Rinex are ascii format for data exchange, so not used as such for logging, but every GNSS provider give a translator from raw records to Rinex. 
</topic_text>
<spam_score>0.01</spam_score>
<post_num>1</post_num>
<post_id>post-1</post_id>
<post_url>http://diydrones.com/forum/topics/sony-remote-control-trigger</post_url>
<post_date>20160901</post_date>
<post_time></post_time>
<username>Posted Dell On August</username>
<post>
Permalink Reply by Paulo Neves on Thursday 
Hello Dell, 
Here at Airborne projects we have developed a product that takes pictures with compatible Sony cameras, and tags them while in the air. One of the plus of our product is that it is capable of configuring some settings of the Sony camera each time it is started. 
You can literally edit the camera settings in a text file. The product is called DROTAG . If you would like more information contact us or ask here. Permalink Reply by Pascal P. on Thursday 
Hi Paulo, 
Your product sounds interesting. I think the graal in mapping with drone is to work without GCP. And this need RTK or PPK post processed. In two cases precise positioning and precise trigger time stamping from camera hot shoe is needed. You should look into that direction, coupled with raw GNSS logging and easy post processing procedure. The solution giving all wires, hardware and software will be a hit. Permalink Reply by Paulo Neves on Friday 
Hey Pascal, 
The exact time stamping can be embedded in the picture. Now that you talk about it I think I didnt implement the GPS time in photo time stamp, but I can now see it being useful. The raw GNSS logging is a bit harder to obtain from the pixhawk. Do you know of any information on methods for RTK post processing, and which raw information is necessary? Is it the raw radio data? Permalink Reply by Pascal P. on Friday 
Raw GPS phase measurement logging is directly from the GPS module itself.I get a Reach module for this purpose. 
Have a look on RTKLIB for post processing. It is all about confronting base and mobile RINEX files. Rinex are ascii format for data exchange, so not used as such for logging, but every GNSS provider give a translator from raw records to Rinex. 
</post>
<signature>

</signature>
<external_links>

</external_links>
<country>US</country>
<main_image></main_image>
</document>
