<?xml version="1.0" encoding="UTF-8"?>
<document>
<type>mainstream</type>
<forum>http://www.trading-house.net/rss/meldungen/</forum>
<forum_title>trading-house.net Nachrichtenfeed</forum_title>
<discussion_title>Ex-Chef des Ku-Klux-Klans wirbt für Trump</discussion_title>
<language>german</language>
<gmt_offset></gmt_offset>
<topic_url>http://www.trading-house.net/news/ex-chef-des-ku-klux-klans-wirbt-fuer-trump-50947191</topic_url>
<topic_text>
31.08.2016 - 02:13 Uhr Ex-Chef des Ku-Klux-Klans wirbt für Trump washington. Der frühere Anführer des rassistischen Ku-Klux-Klans, David Duke, hat zur Wahl des republikanischen US-Präsidentschaftskandidaten Donald Trump aufgerufen. In einem automatisierten Telefonanruf, über den BuzzFeed berichtete, wirbt er dafür, seine eigene Kandidatur für den US-Senat zu unterstützen – und für Trump zu stimmen.
</topic_text>
<spam_score>0.00</spam_score>
<post_num>1</post_num>
<post_id>post-1</post_id>
<post_url>http://www.trading-house.net/news/ex-chef-des-ku-klux-klans-wirbt-fuer-trump-50947191</post_url>
<post_date>20160831</post_date>
<post_time>0013</post_time>
<username></username>
<post>
31.08.2016 - 02:13 Uhr Ex-Chef des Ku-Klux-Klans wirbt für Trump washington. Der frühere Anführer des rassistischen Ku-Klux-Klans, David Duke, hat zur Wahl des republikanischen US-Präsidentschaftskandidaten Donald Trump aufgerufen. In einem automatisierten Telefonanruf, über den BuzzFeed berichtete, wirbt er dafür, seine eigene Kandidatur für den US-Senat zu unterstützen – und für Trump zu stimmen.
</post>
<signature>

</signature>
<external_links>

</external_links>
<country>DE</country>
<main_image></main_image>
</document>
