<?xml version="1.0" encoding="UTF-8"?>
<document>
<type>mainstream</type>
<forum>http://www.it168.com</forum>
<forum_title>IT168.com – 电商时代IT导购第一站</forum_title>
<discussion_title>żŞŃ§ÉńĆ÷ ´ó˝Ž2.7Kş˝ĹÄÎŢČËťú˝öĐč2999- ĘýÂë×¨Çř</discussion_title>
<language>english</language>
<gmt_offset></gmt_offset>
<topic_url>http://digital.it168.com/a2016/0829/2886/000002886315.shtml</topic_url>
<topic_text>
žIT168 Ę˛Ă´ÖľľĂÂňĄżżŞŃ§źžŁŹ´óŃ§ÉúČëŃ§šşÖĂľçÄÔşÍ ĘÖťú ŇŃž­˛ťĘÇĘ˛Ă´ĐÂĎĘĘÂŁŹź´ĘšÄăÄĂľÄĘÇĆťšűÎĺźţĚ×ÄÇŇ˛˛ťĘÇĘ˛Ă´ĐÂĎĘĘÂĄŁŇŞĎëÔÚĐÂÍŹŃ§ĂćÇ°Âś¸öÁłŁŹČĂËűĂÇľÚŇťĘąźäźÇ×ĄÄăĄŁ˛ťČçšş˝řŇťĚ¨šťżáěĹŁŹšťŔ­ˇçľÄĹÄÉăÉńĆ÷ĄŞĄŞ´ó˝Ž ÎŢČËťú ĄŁ
ĄĄĄĄłýÁËżÉŇÔˇÉĐĐąíŃÝÍâŁŹťšżÉŇÔ˝ŤČëŃ§ĘąľÄłĄĂćĹÄÉăĎÂŔ´ŁŹˇÖĎíżěŔÖˇÖĎíłÉł¤ĄŁśřÔÚ´óŃ§ĆÚźäŁŹÍŹŃůżÉŇÔĹÄÉăŇťĐŠÖľľĂŐä˛ŘľÄť­ĂćŁŹÎŞ´óŃ§ÉúťîÔöĚíÉŤ˛ĘĄŁŐâŃůŇťżîĹÄÉăÉńĆ÷ŁŹĘŰźŰ 2999ÔŞ Ąž ľăť÷˛éż´ĎęÇé Ąż ŁŹ˝ö˝öĎŕľąÓÚ°ë˛żiPhoneśřŇŃĄŁ
ĄĄĄĄÍĆźöŔíÓÉŁş
ĄĄĄĄ1Ą˘ˇÉĐĐ¸¨ÖúĎľÍłŁŹź´żÉÇáËÉ˛ŮżŘ
ĄĄĄĄ2Ą˘ľçÓ°źś2.7KĘÓĆľˇÖąćÂĘşÍ1200ÍňĎńËŘž˛ĚŹŐŐĆŹˇÖąćÂĘ
ĄĄĄĄ3Ą˘ĘľĘąĘÓĆľ´ŤĘäŁŹ×îÔśżÉ´ď1šŤŔď
ĄĄĄĄ4Ą˘ ľçłŘ Đřş˝Ęąźäł¤´ď25ˇÖÖÓ
Ąř
ĄĄĄĄ ťśÓ­źÓČëśçĘÖľłŁŹĎíĘÜÄÚ˛ż¸ŁŔűźŰŁş578799585ĄŁ
ĄĄĄĄÉ¨ĂčśţÎŹÂëźÓČşšşÂňľç×Ó˛úĆˇťšżÉˇľŔű(ˇľĎÖ˝đ)
</topic_text>
<spam_score>0.50</spam_score>
<post_num>1</post_num>
<post_id>post-1</post_id>
<post_url>http://digital.it168.com/a2016/0829/2886/000002886315.shtml</post_url>
<post_date>20160829</post_date>
<post_time>0931</post_time>
<username>it168.com</username>
<post>
žIT168 Ę˛Ă´ÖľľĂÂňĄżżŞŃ§źžŁŹ´óŃ§ÉúČëŃ§šşÖĂľçÄÔşÍ ĘÖťú ŇŃž­˛ťĘÇĘ˛Ă´ĐÂĎĘĘÂŁŹź´ĘšÄăÄĂľÄĘÇĆťšűÎĺźţĚ×ÄÇŇ˛˛ťĘÇĘ˛Ă´ĐÂĎĘĘÂĄŁŇŞĎëÔÚĐÂÍŹŃ§ĂćÇ°Âś¸öÁłŁŹČĂËűĂÇľÚŇťĘąźäźÇ×ĄÄăĄŁ˛ťČçšş˝řŇťĚ¨šťżáěĹŁŹšťŔ­ˇçľÄĹÄÉăÉńĆ÷ĄŞĄŞ´ó˝Ž ÎŢČËťú ĄŁ
ĄĄĄĄłýÁËżÉŇÔˇÉĐĐąíŃÝÍâŁŹťšżÉŇÔ˝ŤČëŃ§ĘąľÄłĄĂćĹÄÉăĎÂŔ´ŁŹˇÖĎíżěŔÖˇÖĎíłÉł¤ĄŁśřÔÚ´óŃ§ĆÚźäŁŹÍŹŃůżÉŇÔĹÄÉăŇťĐŠÖľľĂŐä˛ŘľÄť­ĂćŁŹÎŞ´óŃ§ÉúťîÔöĚíÉŤ˛ĘĄŁŐâŃůŇťżîĹÄÉăÉńĆ÷ŁŹĘŰźŰ 2999ÔŞ Ąž ľăť÷˛éż´ĎęÇé Ąż ŁŹ˝ö˝öĎŕľąÓÚ°ë˛żiPhoneśřŇŃĄŁ
ĄĄĄĄÍĆźöŔíÓÉŁş
ĄĄĄĄ1Ą˘ˇÉĐĐ¸¨ÖúĎľÍłŁŹź´żÉÇáËÉ˛ŮżŘ
ĄĄĄĄ2Ą˘ľçÓ°źś2.7KĘÓĆľˇÖąćÂĘşÍ1200ÍňĎńËŘž˛ĚŹŐŐĆŹˇÖąćÂĘ
ĄĄĄĄ3Ą˘ĘľĘąĘÓĆľ´ŤĘäŁŹ×îÔśżÉ´ď1šŤŔď
ĄĄĄĄ4Ą˘ ľçłŘ Đřş˝Ęąźäł¤´ď25ˇÖÖÓ
Ąř
ĄĄĄĄ ťśÓ­źÓČëśçĘÖľłŁŹĎíĘÜÄÚ˛ż¸ŁŔűźŰŁş578799585ĄŁ
ĄĄĄĄÉ¨ĂčśţÎŹÂëźÓČşšşÂňľç×Ó˛úĆˇťšżÉˇľŔű(ˇľĎÖ˝đ)
</post>
<signature>

</signature>
<external_links>
<external_link>http://item.gome.com.cn/9134151165-1123080893.html</external_link><external_link>http://www.pcpop.com/tm.gif</external_link>
</external_links>
<country>CN</country>
<main_image></main_image>
</document>
