<?xml version="1.0" encoding="UTF-8"?>
<document>
<type>mainstream</type>
<forum></forum>
<forum_title></forum_title>
<discussion_title>Kualitas Udara Membaik, BNPB Tetap Imbau Warga Riau Berhati-hati – Kantor Berita Kemanusiaan</discussion_title>
<language>malay</language>
<gmt_offset></gmt_offset>
<topic_url>http://www.kbknews.id/2016/08/31/kualitas-udara-membaik-bnpb-tetap-imbau-warga-riau-berhati-hati/</topic_url>
<topic_text>
Home &gt; Berkat &gt; Kualitas Udara Membaik, BNPB Tetap Imbau Warga Riau Berhati-hati Pemadaman kebakaran hutan. Foto: Maifil/KBK Kualitas Udara Membaik, BNPB Tetap Imbau Warga Riau Berhati-hati Larawana Intan Sari Widuri Agustus 31, 2016 07:07 Berkat 0 views Share Google + 
JAKARTA – Upaya pemadaman kebakaran hutan dan lahan (Karhutla) yang dilakukan secara intensif di Provinsi Riau telah menuai hasil yang signifikan. 
Kepala Pusdatin dan Humas Badan Nasional Penanggulangan Bencana (BNPB), Sutopo Purwo Nugroho, mengatakan, “Contohnya, hutan dan lahan yang terbakar hebat di Tanah Putih dan Pujud Kabupaten Rokan Hilir telah padam,” katanya di Jakarta, Selasa (30/8/2016). 
Menurutnya dalam upaya pemadaman Kepala BNPB memantau secara langsung, “Kepala BNPB ikut terbang langsung menggunakan helikopter water bombing dan beliau melaporkan, bahwa secara umum kebakaran berhasil dipadamkan,” katanya. 
Dari pengamatan visual, kata dia, masih terdapat asap yang sangat tipis keluar dari lahan bercampur uap air namun udara secara umum cerah. Hal ini juga sesuai dengan pantuan satelit MODIS dari NASA pada Selasa pukul 16.30 WIB yang menunjukkan hanya terdeteksi satu hotspot di Riau. 
“Kualitas udara semuanya baik hingga sedang. Sudah tidak ada kualitas udara yang tidak sehat seperti pada sebelumnya,” katanya. 
Meski demikian, BNPB meminta masyarakat untuk tetap waspada. “Kewaspadaan tetap harus ditingkatkan mengingat ancaman masih akan berlangsung hingga September nanti,” katanya. 
Sementara itu, Kepala BNPB, Willem Rampangilei dalam rapat koordinasi dengan Satgas Terpadu meminta semua pihak agar jangan lengah. 
“Tetap maksimalkan kekuatan untuk kegiatan patroli dan pengawasan serta pemadaman secara dini. Daerah-daerah yang sering terbakar harus kita jaga agar tidak dibakar kembali,” kata Willem. 
</topic_text>
<spam_score>0.20</spam_score>
<post_num>1</post_num>
<post_id>post-1</post_id>
<post_url>http://www.kbknews.id/2016/08/31/kualitas-udara-membaik-bnpb-tetap-imbau-warga-riau-berhati-hati/</post_url>
<post_date>20160831</post_date>
<post_time></post_time>
<username>Larawana Intan Sari Widuri</username>
<post>
Home &gt; Berkat &gt; Kualitas Udara Membaik, BNPB Tetap Imbau Warga Riau Berhati-hati Pemadaman kebakaran hutan. Foto: Maifil/KBK Kualitas Udara Membaik, BNPB Tetap Imbau Warga Riau Berhati-hati Larawana Intan Sari Widuri Agustus 31, 2016 07:07 Berkat 0 views Share Google + 
JAKARTA – Upaya pemadaman kebakaran hutan dan lahan (Karhutla) yang dilakukan secara intensif di Provinsi Riau telah menuai hasil yang signifikan. 
Kepala Pusdatin dan Humas Badan Nasional Penanggulangan Bencana (BNPB), Sutopo Purwo Nugroho, mengatakan, “Contohnya, hutan dan lahan yang terbakar hebat di Tanah Putih dan Pujud Kabupaten Rokan Hilir telah padam,” katanya di Jakarta, Selasa (30/8/2016). 
Menurutnya dalam upaya pemadaman Kepala BNPB memantau secara langsung, “Kepala BNPB ikut terbang langsung menggunakan helikopter water bombing dan beliau melaporkan, bahwa secara umum kebakaran berhasil dipadamkan,” katanya. 
Dari pengamatan visual, kata dia, masih terdapat asap yang sangat tipis keluar dari lahan bercampur uap air namun udara secara umum cerah. Hal ini juga sesuai dengan pantuan satelit MODIS dari NASA pada Selasa pukul 16.30 WIB yang menunjukkan hanya terdeteksi satu hotspot di Riau. 
“Kualitas udara semuanya baik hingga sedang. Sudah tidak ada kualitas udara yang tidak sehat seperti pada sebelumnya,” katanya. 
Meski demikian, BNPB meminta masyarakat untuk tetap waspada. “Kewaspadaan tetap harus ditingkatkan mengingat ancaman masih akan berlangsung hingga September nanti,” katanya. 
Sementara itu, Kepala BNPB, Willem Rampangilei dalam rapat koordinasi dengan Satgas Terpadu meminta semua pihak agar jangan lengah. 
“Tetap maksimalkan kekuatan untuk kegiatan patroli dan pengawasan serta pemadaman secara dini. Daerah-daerah yang sering terbakar harus kita jaga agar tidak dibakar kembali,” kata Willem. 
</post>
<signature>

</signature>
<external_links>

</external_links>
<country>ID</country>
<main_image>http://www.kbknews.id/wp-content/uploads/2015/09/foto_RIAU_5-610x292.jpg</main_image>
</document>
