<?xml version="1.0" encoding="UTF-8"?>
<document>
<type>mainstream</type>
<forum>http://www.sputniknews.com/export/rss2/archive/index.xml</forum>
<forum_title>Sputnik International</forum_title>
<discussion_title>‘They Don&apos;t Even Try to Hide it’: 1000s Killed by Daesh Buried in Mass Graves</discussion_title>
<language>english</language>
<gmt_offset></gmt_offset>
<topic_url>http://sputniknews.com/middleeast/20160830/1044794121/daesh-massacres-uncover-mass-graves.html</topic_url>
<topic_text>
2 623 1 5 A recent geographical survey has mapped and documented up to 72 mass graves in Syria and Iraq filled with thousands of victims of Daesh violence. This number only includes those areas accessible to surveyors, as others are too dangerous to explore, making the number of victims difficult to gauge. 
Most estimates put the number of known victims between 5,200 and 15,000, with some calculations based on Daesh propaganda and others on the testimonies of survivors. Some of the graves are scattered throughout Sinjar Mountain in Northern Iraq, after the group recaptured the territory in August 2014 from the Yazidi ethnic group. US Offers $3Mln Reward for Leads on Daesh Leader Gulmurod Khalimov Every day Rasho Qassim drives past a grave containing the remains of his two sons. The territory has since been retaken from the violent extremists, but a lack of funding or government action has left the site roped off and unexcavated. &quot;We want to take them out of here. There are only bones left. But they said &apos;No, they have to stay there, a committee will come and exhume them later,&apos;&quot; he said, according to the Associated Press. &quot;It has been two years but nobody has come.&quot; 
Sinjar Mountain’s northern flank also contains five grave sites containing the bodies of young men from the Hardan village who were killed in Daesh attacks in 2014. 
Arkan Qassem, 32, is from Gurmiz, a village near Hardan. He and other villagers fled to the mountains when jihadists descended on the area. Some of the men attempted to mount a defense, but instead watched groups of women, children and men being killed by the militants. © REUTERS/ Ismail Zitouny US Forces Launch Seven Airstrikes in Libya in Anti-Daesh Operations 
He said, &quot;I have lots of people I know there. Mostly friends and neighbors, It&apos;s very difficult to look at them every day.&quot; Daesh bragged about the killings, but proving that they were an act of genocide, which the United Nations seeks to do, will be difficult. Naomi Kikoler, director of policy &amp; advocacy with the Global Centre for the Responsibility to Protect at the Holocaust Museum in Washington DC, said, &quot;We see clear evidence of the intent to destroy the Yazidi people,&quot; and observed that, &quot;There&apos;s been virtually no effort to systematically document the crimes perpetrated, to preserve the evidence, and to ensure that mass graves are identified and protected.&quot; 
Satellite images indicate that mass killings by Daesh likely extend beyond Yazidi territory. Evidence including tire tracks and scraped land indicate a possible burial site of 600 male inmates in a June 2014 massacre at the Badoush Prison in Iraq. © AFP 2016/ BULENT KILIC Damascus Calls Turkish Operation in Syrian Town Jarabulus &apos;Drama&apos; Involving Daesh 
A grave has been revealed at almost every major location in which Daesh formerly had control, including one found in Ramadi near a sports stadium. Sirwan Jalal, the director of Iraqi Kurdistan&apos;s agency in charge of mass graves said, &quot;They don&apos;t even try to hide their crimes,&quot; and, in describing the brutal killings, said, &quot;They are beheading them, shooting them, running them over in cars, all kinds of killing techniques, and they don&apos;t even try to hide it.&quot;
</topic_text>
<spam_score>0.00</spam_score>
<post_num>1</post_num>
<post_id>post-1</post_id>
<post_url>http://sputniknews.com/middleeast/20160830/1044794121/daesh-massacres-uncover-mass-graves.html</post_url>
<post_date>20160830</post_date>
<post_time>2047</post_time>
<username></username>
<post>
2 623 1 5 A recent geographical survey has mapped and documented up to 72 mass graves in Syria and Iraq filled with thousands of victims of Daesh violence. This number only includes those areas accessible to surveyors, as others are too dangerous to explore, making the number of victims difficult to gauge. 
Most estimates put the number of known victims between 5,200 and 15,000, with some calculations based on Daesh propaganda and others on the testimonies of survivors. Some of the graves are scattered throughout Sinjar Mountain in Northern Iraq, after the group recaptured the territory in August 2014 from the Yazidi ethnic group. US Offers $3Mln Reward for Leads on Daesh Leader Gulmurod Khalimov Every day Rasho Qassim drives past a grave containing the remains of his two sons. The territory has since been retaken from the violent extremists, but a lack of funding or government action has left the site roped off and unexcavated. &quot;We want to take them out of here. There are only bones left. But they said &apos;No, they have to stay there, a committee will come and exhume them later,&apos;&quot; he said, according to the Associated Press. &quot;It has been two years but nobody has come.&quot; 
Sinjar Mountain’s northern flank also contains five grave sites containing the bodies of young men from the Hardan village who were killed in Daesh attacks in 2014. 
Arkan Qassem, 32, is from Gurmiz, a village near Hardan. He and other villagers fled to the mountains when jihadists descended on the area. Some of the men attempted to mount a defense, but instead watched groups of women, children and men being killed by the militants. © REUTERS/ Ismail Zitouny US Forces Launch Seven Airstrikes in Libya in Anti-Daesh Operations 
He said, &quot;I have lots of people I know there. Mostly friends and neighbors, It&apos;s very difficult to look at them every day.&quot; Daesh bragged about the killings, but proving that they were an act of genocide, which the United Nations seeks to do, will be difficult. Naomi Kikoler, director of policy &amp; advocacy with the Global Centre for the Responsibility to Protect at the Holocaust Museum in Washington DC, said, &quot;We see clear evidence of the intent to destroy the Yazidi people,&quot; and observed that, &quot;There&apos;s been virtually no effort to systematically document the crimes perpetrated, to preserve the evidence, and to ensure that mass graves are identified and protected.&quot; 
Satellite images indicate that mass killings by Daesh likely extend beyond Yazidi territory. Evidence including tire tracks and scraped land indicate a possible burial site of 600 male inmates in a June 2014 massacre at the Badoush Prison in Iraq. © AFP 2016/ BULENT KILIC Damascus Calls Turkish Operation in Syrian Town Jarabulus &apos;Drama&apos; Involving Daesh 
A grave has been revealed at almost every major location in which Daesh formerly had control, including one found in Ramadi near a sports stadium. Sirwan Jalal, the director of Iraqi Kurdistan&apos;s agency in charge of mass graves said, &quot;They don&apos;t even try to hide their crimes,&quot; and, in describing the brutal killings, said, &quot;They are beheading them, shooting them, running them over in cars, all kinds of killing techniques, and they don&apos;t even try to hide it.&quot;
</post>
<signature>

</signature>
<external_links>

</external_links>
<country>RU</country>
<main_image>https://cdn3.img.sputniknews.com/images/104479/40/1044794084.jpg</main_image>
</document>
