<?xml version="1.0" encoding="UTF-8"?>
<document>
<type>mainstream</type>
<forum>http://www.onenewspage.com/rss/latest/Front+Page.rss</forum>
<forum_title>Latest Front Page News on One News Page</forum_title>
<discussion_title>Los Angeles police: Singer Chris Brown arrested on suspicion of assault with a deadly weapon</discussion_title>
<language>english</language>
<gmt_offset></gmt_offset>
<topic_url>http://www.onenewspage.com/n/Front+Page/759s6314h/Los-Angeles-police-Singer-Chris-Brown-arrested-on.htm</topic_url>
<topic_text>
Chris Brown has been arrested for assault with a deadly weapon ... a felony. TMZ broke the story ... Brown allegedly pulled a gun on a guest at his home early... TMZ.com 16 minutes ago - Celebrities The LAPD is investigating Chris Brown after a woman, who TMZ has identified as Baylee Curran, called police claiming he threatened her with a gun. NBC News... E! Online
</topic_text>
<spam_score>0.00</spam_score>
<post_num>1</post_num>
<post_id>post-1</post_id>
<post_url>http://www.onenewspage.com/n/Front+Page/759s6314h/Los-Angeles-police-Singer-Chris-Brown-arrested-on.htm</post_url>
<post_date>20160831</post_date>
<post_time>0015</post_time>
<username></username>
<post>
Chris Brown has been arrested for assault with a deadly weapon ... a felony. TMZ broke the story ... Brown allegedly pulled a gun on a guest at his home early... TMZ.com 16 minutes ago - Celebrities The LAPD is investigating Chris Brown after a woman, who TMZ has identified as Baylee Curran, called police claiming he threatened her with a gun. NBC News... E! Online
</post>
<signature>

</signature>
<external_links>

</external_links>
<country>US</country>
<main_image>http://cdn.newsserve.net/ONPglobe128.png</main_image>
</document>
