<?xml version="1.0" encoding="UTF-8"?>
<document>
<type>mainstream</type>
<forum>http://www.sputniknews.com/export/rss2/archive/index.xml</forum>
<forum_title>Sputnik International</forum_title>
<discussion_title>Kosovar Security Detains Six People Over Parliament Bomb Attack</discussion_title>
<language>english</language>
<gmt_offset></gmt_offset>
<topic_url>http://sputniknews.com/europe/20160831/1044794804/kosovo-parliament-bomb-attack.html</topic_url>
<topic_text>
Kosovar Security Detains Six People Over Parliament Bomb Attack © AP Photo/ Visar Kryeziu 0 85 0 0 Kosovo&apos;s security services have detained six people suspected of carrying out an attack against the country&apos;s parliament earlier this month, special prosecutor Abdurrahman Islami said Tuesday. 
BELGRADE (Sputnik) — On August 4, Kosovo&apos;s parliament building was attacked with an explosive device. The building and several parked cars were damaged while no human casualties were reported. Police later found a grenade launcher and a burning motorcycle in close vicinity of the building. &quot;After a detailed investigation by the prosecutor&apos;s office, we found the necessary evidence and raided six sites where weapons were found. After the attack, we interviewed witnesses and reviewed surveillance footage, which led to the arrest of six suspects and the prosecution now has enough evidence to say that a terrorist act was carried out,&quot; Islami said, as quoted by the Radio Television of Kosovo public broadcaster. 
The detainees are reportedly members of the Movement for Self-Determination (Vetevendosje) opposition bloc. The organization&apos;s general secretary Dardan Molicaj and press secretary Fraser Krasnici are among those detained. 
Police searches revealed assault rifles, handguns, hunter rifles and large numbers of ammunition belonging to the detainees. Leading Movement for Self-Determination member Visar Ymeri dismissed the weapons seizures as propaganda, stressing that most Kosovars owned weapons. 
The Alliance for the Future of Kosovo and Initiative for Kosovo and Vetevendosje parties staunchly oppose the creation of the community of Serb municipalities, which grant Kosovo&apos;s ethnic Serbian minority increased autonomy. The nationalist organizations also oppose any deals with neighboring Montenegro, while the country&apos;s parliament is soon due to vote on ratifying the official border between the two Balkan self-proclaimed states, a move which is said to cede large areas of land to Montenegro. ...
</topic_text>
<spam_score>0.00</spam_score>
<post_num>1</post_num>
<post_id>post-1</post_id>
<post_url>http://sputniknews.com/europe/20160831/1044794804/kosovo-parliament-bomb-attack.html</post_url>
<post_date>20160830</post_date>
<post_time>2136</post_time>
<username></username>
<post>
Kosovar Security Detains Six People Over Parliament Bomb Attack © AP Photo/ Visar Kryeziu 0 85 0 0 Kosovo&apos;s security services have detained six people suspected of carrying out an attack against the country&apos;s parliament earlier this month, special prosecutor Abdurrahman Islami said Tuesday. 
BELGRADE (Sputnik) — On August 4, Kosovo&apos;s parliament building was attacked with an explosive device. The building and several parked cars were damaged while no human casualties were reported. Police later found a grenade launcher and a burning motorcycle in close vicinity of the building. &quot;After a detailed investigation by the prosecutor&apos;s office, we found the necessary evidence and raided six sites where weapons were found. After the attack, we interviewed witnesses and reviewed surveillance footage, which led to the arrest of six suspects and the prosecution now has enough evidence to say that a terrorist act was carried out,&quot; Islami said, as quoted by the Radio Television of Kosovo public broadcaster. 
The detainees are reportedly members of the Movement for Self-Determination (Vetevendosje) opposition bloc. The organization&apos;s general secretary Dardan Molicaj and press secretary Fraser Krasnici are among those detained. 
Police searches revealed assault rifles, handguns, hunter rifles and large numbers of ammunition belonging to the detainees. Leading Movement for Self-Determination member Visar Ymeri dismissed the weapons seizures as propaganda, stressing that most Kosovars owned weapons. 
The Alliance for the Future of Kosovo and Initiative for Kosovo and Vetevendosje parties staunchly oppose the creation of the community of Serb municipalities, which grant Kosovo&apos;s ethnic Serbian minority increased autonomy. The nationalist organizations also oppose any deals with neighboring Montenegro, while the country&apos;s parliament is soon due to vote on ratifying the official border between the two Balkan self-proclaimed states, a move which is said to cede large areas of land to Montenegro. ...
</post>
<signature>

</signature>
<external_links>

</external_links>
<country>RU</country>
<main_image>https://cdn3.img.sputniknews.com/images/103112/67/1031126774.jpg</main_image>
</document>
