<?xml version="1.0" encoding="UTF-8"?>
<document>
<type>mainstream</type>
<forum>http://bangordailynews.com/feed</forum>
<forum_title>Bangor Daily News</forum_title>
<discussion_title>Tuesday’s harness racing results, starting card</discussion_title>
<language>czech</language>
<gmt_offset></gmt_offset>
<topic_url>http://bangordailynews.com/2016/08/30/sports/tuesdays-harness-racing-results-starting-card/</topic_url>
<topic_text>
4. CBF Sunshine, K. Switzer Jr. 2.20-2.20-2.10 
5. Poocham Princess, G. Mosher 2.10-2.10 
2. Cara Conner, Mt. Athearn 2.10 
T-1:58.2; Qu. 4-5, $4.20; Ex. 4-5, $3.40; Tri. 4-5-2, $33.00   
4. Allcardsallthetime, N. Graffam 3.60-2.40-2.60 
1. Papa Grande, K. Switzer Jr. 2.80-3.00 
3. Made of Iron, R. Goodblood Jr. 2.80 
T-1:56.4; Qu. 1-4, $15.80; Ex. 4-1, $22.80; Tri. 4-1-3, $46.80; DD 4-4, $5.00 Third, Trot, $4,500 
4. Im A King, P. Battis 3.60-4.40-2.20 
1. Folk Tail, G. Mosher 8.60 
3. Juniata County, W. Campbell 3.60 
T-2:00.3; Qu. 1-4, $21.20; Ex. 4-1, $60.00; Tri. 4-1-3, $98.60 Fourth, Pace, $3,200 
5. Mercenary, D. Ingraham 7.40-2.20-2.80 
3. Anastasia Shade, K. Switzer Jr. 2.20-2.40 
4. Just Do It Jesse, H. Campbell 4.20 
T-1:57.1; Qu. 3-5, $5.00; Ex. 5-3, $13.60; Tri. 5-3-4, $111.20 Fifth, Trot, $3,200 
2. My Twisted Sister, C. Cushing 6.20-2.40-2.40 
3. Strong Commitment, K. Switzer Jr. 3.60-2.80 
4. Deli-craze, D. Ingraham 2.80 
T-2:01.4; Qu. 2-3, $11.00; Ex. 2-3, $91.00; Tri. 2-3-4, $73.20 Sixth, Pace, $9,894 
3. Persephonie, K. Switzer Jr. 3.00-2.40-2.10 
6. Spoxys Girl, N. Graffam 3.80-2.10 
7. Dual Pats Bug Bug, Mk. Athearn 2.10 
T-2:00; Qu. 3-6, $3.60; Ex. 3-6, $5.60; Tri. 3-6-7, $11.20 Seventh, Pace, $3,500 
2. Fight The Truth, K. Switzer Jr. 4.00-3.20-2.80 
3. Card Rustler, R. Cushing 4.60-10.20 
1. Southwind Rex, W. Campbell 3.00 
T-1:56.4; Qu. 2-3, $87.20; Ex. 2-3, $54.40; Tri. 2-3-1, $47.80; DD 3-2, $6.80; Pick 5, 4-5-2-3,5/2, $519.40 Eighth, Pace, $3,400 
3. Southwest Bliss, D. Ingraham 6.00-2.20-3.60 
1. Budgirls Hanover, K. Switzer Jr. 2.20-2.80 
5. Mamajons Bluegrass, R. Goodblood Jr. 3.00 
T-1:56; Qu. 1-3, $17.60; Ex. 3-1, $16.00; Tri. 3-1-5, $118.40 Ninth, Pace, $4,200 
1. It’s a Go, G. Mosher 4.00-5.80-2.60 
2. Tom And Stan, W. Campbell 8.60-3.80 
7. Pembroke Wildcat, H. Campbell 5.20 
T-1:55.1; Qu. 1-2, $27.20; Ex. 1-2, $29.80; Tri. 1-2-7, $104.00 Tenth, Pace, $2,200 
2. Charlie By Far, D. Ingraham 13.40-2.20-2.40 
1. Air Force Grad, E. Davis Jr. 2.20-2.10 
5. Charlot Semalu, K. Switzer Jr. 2.40 
T-1:59; Qu. 1-2, $2.80; Ex. 1-2, $12.00; Tri. 2-1-5, $56.80; DD 1-2, $28.80 
Total Handle: $25,006 Wednesday’s starters, 3 p.m. First, Pace, $4,500 
1. Noble’s Grand Slam, E. Davis Jr. 
2. Hay You Hellion, M. Stevenson 
3. Fulla Fire, K. Switzer Jr. 
4. Kehmmywood, H. Campbell 
5. Ill Call U Back, D. Ingraham Second, Pace, $2,500 
1. Bubeleh Stone, M. Cushing 
2. Wake, R. Cushing 
3. Herzon, E. Davis Jr. 
4. Navarro Seelster, D. Ingraham 
5. Natural Habitat, K. Switzer Jr. 
6. G W Mclintock, R. Blanchard 
7. Giveittoemstaight, E. Davis 
8. Electric Mayhem, G. Mosher Third, Trot, $2,700 
1. Dartmouth Hall, G. Mosher 
2. Nurse Crachett, D. Ingraham 
3. Loveswept, K. Switzer Jr. 
4. Torino Seelster, G. Bowden 
5. Enjoy The Victory, R. Hall 
6. Maine Cast, R. Cushing 
7. Wolf’s Milan, D. Deslandes 
8. Stirling Abacus, S. MacKenzie Fourth, Pace, $3,400 
1. McCabe Hall, E. Davis 
2. Thewaylifeshouldbe, L. Gasbarro III 
3. Hillbilly Kid, D. Ingraham 
4. Midas Blue Chip, H. Campbell 
5. Casimir Luciano, E. Davis Jr. 
6. Fast Ben, S. MacKenzie 
7. West River Tex, K. Switzer Jr. Fifth, Pace, $2,200 
1. Chasen Cancun, M. Athearn 
2. Buckeye Baddler, S. Taggart 
3. Go West Lucky Cam, R. Cushing 
4. Terem Up Louie, M. Sowers 
5. Lifeontherange, M. Stevenson 
6. Allamerican Dice, G. Mosher 
7. Rambling Jet, N. Graffam 
8. Forward Bliss, D. Ingraham Sixth, Pace, $2,200 
1. Maras World, K. Switzer Jr. 
2. Silver Phantom, R. Cushing 
3. Getmeoutofdebt, H. Campbell 
4. Abolish Unions, S. MacKenzie 
5. Western Cody, E. Davis Jr. 
6. Double Down Yankee, G. Bowden 
7. Windemere Shadow, D. Ingraham 
8. Pennthouse, G. Mosher 
1. Paris Beau, D. Ingraham 
2. American Fighter, G. Mosher 
3. Quincy, S. MacKenzie 
4. A OK Hanover, E. Davis Jr. 
5. Native Lightning, K. Switzer Jr. 
6. Color Palette K, N. Graffam 
7. Malek Hanover, E. Davis Jr. 
8. Rawdon Gold Digger, M. Stevenson Eighth, Pace, $3,400 
1. Remix, E. Davis Jr. 
2. May Day Jojo, H. Campbell 
3. Amazing Quest, Md. Cushing 
4. Mr Nice Guy, M. Stevenson 
5. Cyclone Pass, N. Graffam 
6. Only Way I know, K. Switzer Jr. Ninth, Pace, $2,200 
1. Wesgem Princess, E. Davis Jr. 
2. Fire Diamond, D. Ingraham 
3. Dance Withme Molly, G. Mosher 
4. Wild Lady Luck, K. Switzer Jr. 
5. Make Magic, R. Cushin 
6. Upfront Grantsgirl, R. Goodblood Jr. 
7. Vicky Killean, M. Stevenson 
8. Dansan Flicka, D. Ingraham
</topic_text>
<spam_score>0.00</spam_score>
<post_num>1</post_num>
<post_id>post-1</post_id>
<post_url>http://bangordailynews.com/2016/08/30/sports/tuesdays-harness-racing-results-starting-card/</post_url>
<post_date>20160831</post_date>
<post_time>0034</post_time>
<username></username>
<post>
4. CBF Sunshine, K. Switzer Jr. 2.20-2.20-2.10 
5. Poocham Princess, G. Mosher 2.10-2.10 
2. Cara Conner, Mt. Athearn 2.10 
T-1:58.2; Qu. 4-5, $4.20; Ex. 4-5, $3.40; Tri. 4-5-2, $33.00   
4. Allcardsallthetime, N. Graffam 3.60-2.40-2.60 
1. Papa Grande, K. Switzer Jr. 2.80-3.00 
3. Made of Iron, R. Goodblood Jr. 2.80 
T-1:56.4; Qu. 1-4, $15.80; Ex. 4-1, $22.80; Tri. 4-1-3, $46.80; DD 4-4, $5.00 Third, Trot, $4,500 
4. Im A King, P. Battis 3.60-4.40-2.20 
1. Folk Tail, G. Mosher 8.60 
3. Juniata County, W. Campbell 3.60 
T-2:00.3; Qu. 1-4, $21.20; Ex. 4-1, $60.00; Tri. 4-1-3, $98.60 Fourth, Pace, $3,200 
5. Mercenary, D. Ingraham 7.40-2.20-2.80 
3. Anastasia Shade, K. Switzer Jr. 2.20-2.40 
4. Just Do It Jesse, H. Campbell 4.20 
T-1:57.1; Qu. 3-5, $5.00; Ex. 5-3, $13.60; Tri. 5-3-4, $111.20 Fifth, Trot, $3,200 
2. My Twisted Sister, C. Cushing 6.20-2.40-2.40 
3. Strong Commitment, K. Switzer Jr. 3.60-2.80 
4. Deli-craze, D. Ingraham 2.80 
T-2:01.4; Qu. 2-3, $11.00; Ex. 2-3, $91.00; Tri. 2-3-4, $73.20 Sixth, Pace, $9,894 
3. Persephonie, K. Switzer Jr. 3.00-2.40-2.10 
6. Spoxys Girl, N. Graffam 3.80-2.10 
7. Dual Pats Bug Bug, Mk. Athearn 2.10 
T-2:00; Qu. 3-6, $3.60; Ex. 3-6, $5.60; Tri. 3-6-7, $11.20 Seventh, Pace, $3,500 
2. Fight The Truth, K. Switzer Jr. 4.00-3.20-2.80 
3. Card Rustler, R. Cushing 4.60-10.20 
1. Southwind Rex, W. Campbell 3.00 
T-1:56.4; Qu. 2-3, $87.20; Ex. 2-3, $54.40; Tri. 2-3-1, $47.80; DD 3-2, $6.80; Pick 5, 4-5-2-3,5/2, $519.40 Eighth, Pace, $3,400 
3. Southwest Bliss, D. Ingraham 6.00-2.20-3.60 
1. Budgirls Hanover, K. Switzer Jr. 2.20-2.80 
5. Mamajons Bluegrass, R. Goodblood Jr. 3.00 
T-1:56; Qu. 1-3, $17.60; Ex. 3-1, $16.00; Tri. 3-1-5, $118.40 Ninth, Pace, $4,200 
1. It’s a Go, G. Mosher 4.00-5.80-2.60 
2. Tom And Stan, W. Campbell 8.60-3.80 
7. Pembroke Wildcat, H. Campbell 5.20 
T-1:55.1; Qu. 1-2, $27.20; Ex. 1-2, $29.80; Tri. 1-2-7, $104.00 Tenth, Pace, $2,200 
2. Charlie By Far, D. Ingraham 13.40-2.20-2.40 
1. Air Force Grad, E. Davis Jr. 2.20-2.10 
5. Charlot Semalu, K. Switzer Jr. 2.40 
T-1:59; Qu. 1-2, $2.80; Ex. 1-2, $12.00; Tri. 2-1-5, $56.80; DD 1-2, $28.80 
Total Handle: $25,006 Wednesday’s starters, 3 p.m. First, Pace, $4,500 
1. Noble’s Grand Slam, E. Davis Jr. 
2. Hay You Hellion, M. Stevenson 
3. Fulla Fire, K. Switzer Jr. 
4. Kehmmywood, H. Campbell 
5. Ill Call U Back, D. Ingraham Second, Pace, $2,500 
1. Bubeleh Stone, M. Cushing 
2. Wake, R. Cushing 
3. Herzon, E. Davis Jr. 
4. Navarro Seelster, D. Ingraham 
5. Natural Habitat, K. Switzer Jr. 
6. G W Mclintock, R. Blanchard 
7. Giveittoemstaight, E. Davis 
8. Electric Mayhem, G. Mosher Third, Trot, $2,700 
1. Dartmouth Hall, G. Mosher 
2. Nurse Crachett, D. Ingraham 
3. Loveswept, K. Switzer Jr. 
4. Torino Seelster, G. Bowden 
5. Enjoy The Victory, R. Hall 
6. Maine Cast, R. Cushing 
7. Wolf’s Milan, D. Deslandes 
8. Stirling Abacus, S. MacKenzie Fourth, Pace, $3,400 
1. McCabe Hall, E. Davis 
2. Thewaylifeshouldbe, L. Gasbarro III 
3. Hillbilly Kid, D. Ingraham 
4. Midas Blue Chip, H. Campbell 
5. Casimir Luciano, E. Davis Jr. 
6. Fast Ben, S. MacKenzie 
7. West River Tex, K. Switzer Jr. Fifth, Pace, $2,200 
1. Chasen Cancun, M. Athearn 
2. Buckeye Baddler, S. Taggart 
3. Go West Lucky Cam, R. Cushing 
4. Terem Up Louie, M. Sowers 
5. Lifeontherange, M. Stevenson 
6. Allamerican Dice, G. Mosher 
7. Rambling Jet, N. Graffam 
8. Forward Bliss, D. Ingraham Sixth, Pace, $2,200 
1. Maras World, K. Switzer Jr. 
2. Silver Phantom, R. Cushing 
3. Getmeoutofdebt, H. Campbell 
4. Abolish Unions, S. MacKenzie 
5. Western Cody, E. Davis Jr. 
6. Double Down Yankee, G. Bowden 
7. Windemere Shadow, D. Ingraham 
8. Pennthouse, G. Mosher 
1. Paris Beau, D. Ingraham 
2. American Fighter, G. Mosher 
3. Quincy, S. MacKenzie 
4. A OK Hanover, E. Davis Jr. 
5. Native Lightning, K. Switzer Jr. 
6. Color Palette K, N. Graffam 
7. Malek Hanover, E. Davis Jr. 
8. Rawdon Gold Digger, M. Stevenson Eighth, Pace, $3,400 
1. Remix, E. Davis Jr. 
2. May Day Jojo, H. Campbell 
3. Amazing Quest, Md. Cushing 
4. Mr Nice Guy, M. Stevenson 
5. Cyclone Pass, N. Graffam 
6. Only Way I know, K. Switzer Jr. Ninth, Pace, $2,200 
1. Wesgem Princess, E. Davis Jr. 
2. Fire Diamond, D. Ingraham 
3. Dance Withme Molly, G. Mosher 
4. Wild Lady Luck, K. Switzer Jr. 
5. Make Magic, R. Cushin 
6. Upfront Grantsgirl, R. Goodblood Jr. 
7. Vicky Killean, M. Stevenson 
8. Dansan Flicka, D. Ingraham
</post>
<signature>

</signature>
<external_links>

</external_links>
<country>US</country>
<main_image>http://bangordailynews.com/wp-content/themes/bdn/images/bdn-maine-facebook-logo.png?strip=all</main_image>
</document>
