<?xml version="1.0" encoding="UTF-8"?>
<document>
<type>mainstream</type>
<forum>http://m.smh.com.au/rss.xml</forum>
<forum_title>All Breaking News</forum_title>
<discussion_title>Drivers fear they will cop damage from $2 Uber levy</discussion_title>
<language>english</language>
<gmt_offset></gmt_offset>
<topic_url>http://www.smh.com.au/business/workplace-relations/drivers-fear-they-will-cop-damage-from-2-uber-levy-20160830-gr47uu.html</topic_url>
<topic_text>
More videos Uber legal in Victoria with new passenger levy 
Victorian Premier Daniel Andrews has given ride-sharing services the green light, with the introduction of a levy on all commercial passengers. Vision: Ten News 
All commercial passenger vehicles will have to pay the tax, which the Andrews government expects will raise $44 million a year. 
The Ride Share Drivers&apos; Association of Australia said it is concerned Uber will simply shift the cost to drivers, who were often low-paid workers. The Ride Share Drivers&apos; Association of Australia said it is concerned Uber will simply shift the cost to drivers, who were often low paid workers. Photo: Akos Stiller 
&quot;Our biggest concern is that Uber will just pass it on to drivers, who are already suffering three rate cuts since Uber started,&quot; RSDAA spokesperson David Dunstan said. 
Mr Dunstan said many drivers were earning below minimum wage and a levy would make it even harder for them to make a living. Advertisement 
&quot;On July 1 when the minimum wage went up 2.4 per cent, drivers got nothing from Uber. Minimum wage is now $17.70 an hour. Many drivers report that after costs they earn below this amount,&quot; he said. 
&quot;The RSDAA makes these points because we are concerned about the precedent that is being created with Uber&apos;s methods of engaging labour.&quot; No protection 
Uber Australia - a subsidiary of the Silicon Valley company estimated to be worth $80 billion - would not guarantee any protection over driver earnings. 
&quot;We&apos;ll be asking the government for more information on its proposal before we can consider any decisions,&quot; a spokesman said. 
The Andrews government announced the new rules last week after prolonged pressure to make Uber and other ride sharing services &apos;legal&apos; . The levy will be the highest in Australia and twice what passengers in New South Wales will pay. 
Uber has been critical of the levy, which will force it to either wear the extra costs, charge customers more or reduce the amount of money drivers take home. It has not ruled out passing on the levy to passengers. 
The company, which revealed in February it paid just over $403,000 tax in Australia over a three-year period , criticised the state government for punishing consumers, and therefore the industry, in the interests of compensating taxi drivers and taxi licence holders. 
&quot;In other states we&apos;ve seen the introduction of reforms that help make transport more affordable, and many Victorians will quite rightly wonder why this isn&apos;t the aim of this package.&quot; 
Uber operates a monopoly over ride sharing in Victoria. One competitor, GoCatch, has begun to operate in Sydney and Brisbane. 
GoCatch, a taxi and ride sharing app, is backed by James Packer, Prime Minister Malcolm Turnbull&apos;s son Alex Turnbull, and Seek co-founder Paul Bassat. 
The RSDAA said while it welcomed greater competition, GoCatch&apos;s market entrance opened the way to a price war. 
&quot;We encourage all ride share drivers to shop around for different companies that charge less commission and have better rates,&quot; Mr Dunstan said. 
The new levy will be introduced from 2018.
</topic_text>
<spam_score>0.00</spam_score>
<post_num>1</post_num>
<post_id>post-1</post_id>
<post_url>http://www.smh.com.au/business/workplace-relations/drivers-fear-they-will-cop-damage-from-2-uber-levy-20160830-gr47uu.html</post_url>
<post_date>20160831</post_date>
<post_time>0010</post_time>
<username></username>
<post>
More videos Uber legal in Victoria with new passenger levy 
Victorian Premier Daniel Andrews has given ride-sharing services the green light, with the introduction of a levy on all commercial passengers. Vision: Ten News 
All commercial passenger vehicles will have to pay the tax, which the Andrews government expects will raise $44 million a year. 
The Ride Share Drivers&apos; Association of Australia said it is concerned Uber will simply shift the cost to drivers, who were often low-paid workers. The Ride Share Drivers&apos; Association of Australia said it is concerned Uber will simply shift the cost to drivers, who were often low paid workers. Photo: Akos Stiller 
&quot;Our biggest concern is that Uber will just pass it on to drivers, who are already suffering three rate cuts since Uber started,&quot; RSDAA spokesperson David Dunstan said. 
Mr Dunstan said many drivers were earning below minimum wage and a levy would make it even harder for them to make a living. Advertisement 
&quot;On July 1 when the minimum wage went up 2.4 per cent, drivers got nothing from Uber. Minimum wage is now $17.70 an hour. Many drivers report that after costs they earn below this amount,&quot; he said. 
&quot;The RSDAA makes these points because we are concerned about the precedent that is being created with Uber&apos;s methods of engaging labour.&quot; No protection 
Uber Australia - a subsidiary of the Silicon Valley company estimated to be worth $80 billion - would not guarantee any protection over driver earnings. 
&quot;We&apos;ll be asking the government for more information on its proposal before we can consider any decisions,&quot; a spokesman said. 
The Andrews government announced the new rules last week after prolonged pressure to make Uber and other ride sharing services &apos;legal&apos; . The levy will be the highest in Australia and twice what passengers in New South Wales will pay. 
Uber has been critical of the levy, which will force it to either wear the extra costs, charge customers more or reduce the amount of money drivers take home. It has not ruled out passing on the levy to passengers. 
The company, which revealed in February it paid just over $403,000 tax in Australia over a three-year period , criticised the state government for punishing consumers, and therefore the industry, in the interests of compensating taxi drivers and taxi licence holders. 
&quot;In other states we&apos;ve seen the introduction of reforms that help make transport more affordable, and many Victorians will quite rightly wonder why this isn&apos;t the aim of this package.&quot; 
Uber operates a monopoly over ride sharing in Victoria. One competitor, GoCatch, has begun to operate in Sydney and Brisbane. 
GoCatch, a taxi and ride sharing app, is backed by James Packer, Prime Minister Malcolm Turnbull&apos;s son Alex Turnbull, and Seek co-founder Paul Bassat. 
The RSDAA said while it welcomed greater competition, GoCatch&apos;s market entrance opened the way to a price war. 
&quot;We encourage all ride share drivers to shop around for different companies that charge less commission and have better rates,&quot; Mr Dunstan said. 
The new levy will be introduced from 2018.
</post>
<signature>

</signature>
<external_links>

</external_links>
<country>AU</country>
<main_image>http://www.smh.com.au/content/dam/images/g/q/a/9/0/v/image.related.articleLeadwide.620x349.gr47uu.png/1472601577223.jpg</main_image>
</document>
