<?xml version="1.0" encoding="UTF-8"?>
<document>
<type>mainstream</type>
<forum>http://www.republika.co.id/rss/</forum>
<forum_title>Republika Online RSS Feed</forum_title>
<discussion_title>Menteri BUMN Besuk Gus Solah di Jombang</discussion_title>
<language>indonesian</language>
<gmt_offset></gmt_offset>
<topic_url>http://nasional.republika.co.id/berita/nasional/umum/16/08/31/ocqy3k365-menteri-bumn-besuk-gus-solah-di-jombang</topic_url>
<topic_text>
Rabu, 31 Agustus 2016, 07:35 WIB Menteri BUMN Besuk Gus Solah di Jombang Red: Angga Indrawan Republika/Agung Supriyanto Gus Solah 
REPUBLIKA.CO.ID, JOMBANG -- Menteri BUMN Rini Soemarno membesuk pengasuh Pondok Pesantren Tebuireng KH Salahuddin Wahid atau biasa dipanggil Gus Solah yang sedang dirawat di ruang VVIP Upaya Waluya RSUD Jombang, Jawa Timur, Selasa (30/8).&quot;Setelah dirawat intensif, saat ini kesehatan Gus Solah sudah stabil, dan tadi memang sempat dibesuk serta melakukan perbincangan dengan Bu Rini,&quot; ucap dr Mahfud Sp PD, salah satu dokter yang merawat Gus Solah selama menjalani perawatan di Jombang, Jatim.Mahfud tidak menjelaskan secara rinci berbincangan kedua tokoh tersebut, namun lebih menekankan kondisi kesehatan Gus Solah yang mulai stabil dengan denyut nadi, serta organ tubuh mulai normal. &quot;Yang terpenting sekarang, Alhamdulillah kondisi beliau sudah stabil dan beliau masuk rumah sakit karena kelelahan dengan padatnya aktifitas,&quot; katanya.Mahfud menjelaskan, Gus Solah masuk rumah sakit pada Senin (29/8) karena kondisinya drop atau lemah dengan denyut nadinya 50 kali per menit, kemudian tim dokter melakukan penanganan medis, dan kini sudah terus membaik. &quot;Kami dari tim dokter berharap dua hingga tiga hari ke depan, Gus Solah sudah diperbolehkan pulang, dan bisa kembali beraktifitas seperti biasa,&quot; katanya.Sementara dalam agenda besuk, Rini juga didampingi Wakil Bupati Jombang Munjidah Wahab, dan ditemani beberapa keluarga terdekat Gus Sholah serta sejumlah tim dokter yang menangani Gus Solah. Rini dalam kesempatan itu mengaku memiliki kedekatan baik dengan Gus Sholah. &quot;Gus Solah itu senior, saya juga dekat dengan Nahdlatul Ulama, dan sebenarnya kami ingin undang untuk menghadiri acara peluncuran Kartu Tani, ternyata beliau masih belum sehat,&quot; ucap Rini kepada wartawan usai membesuk Gus Solah. Sumber : Antara
</topic_text>
<spam_score>0.00</spam_score>
<post_num>1</post_num>
<post_id>post-1</post_id>
<post_url>http://nasional.republika.co.id/berita/nasional/umum/16/08/31/ocqy3k365-menteri-bumn-besuk-gus-solah-di-jombang</post_url>
<post_date>20160831</post_date>
<post_time>0035</post_time>
<username>Angga Indrawan</username>
<post>
Rabu, 31 Agustus 2016, 07:35 WIB Menteri BUMN Besuk Gus Solah di Jombang Red: Angga Indrawan Republika/Agung Supriyanto Gus Solah 
REPUBLIKA.CO.ID, JOMBANG -- Menteri BUMN Rini Soemarno membesuk pengasuh Pondok Pesantren Tebuireng KH Salahuddin Wahid atau biasa dipanggil Gus Solah yang sedang dirawat di ruang VVIP Upaya Waluya RSUD Jombang, Jawa Timur, Selasa (30/8).&quot;Setelah dirawat intensif, saat ini kesehatan Gus Solah sudah stabil, dan tadi memang sempat dibesuk serta melakukan perbincangan dengan Bu Rini,&quot; ucap dr Mahfud Sp PD, salah satu dokter yang merawat Gus Solah selama menjalani perawatan di Jombang, Jatim.Mahfud tidak menjelaskan secara rinci berbincangan kedua tokoh tersebut, namun lebih menekankan kondisi kesehatan Gus Solah yang mulai stabil dengan denyut nadi, serta organ tubuh mulai normal. &quot;Yang terpenting sekarang, Alhamdulillah kondisi beliau sudah stabil dan beliau masuk rumah sakit karena kelelahan dengan padatnya aktifitas,&quot; katanya.Mahfud menjelaskan, Gus Solah masuk rumah sakit pada Senin (29/8) karena kondisinya drop atau lemah dengan denyut nadinya 50 kali per menit, kemudian tim dokter melakukan penanganan medis, dan kini sudah terus membaik. &quot;Kami dari tim dokter berharap dua hingga tiga hari ke depan, Gus Solah sudah diperbolehkan pulang, dan bisa kembali beraktifitas seperti biasa,&quot; katanya.Sementara dalam agenda besuk, Rini juga didampingi Wakil Bupati Jombang Munjidah Wahab, dan ditemani beberapa keluarga terdekat Gus Sholah serta sejumlah tim dokter yang menangani Gus Solah. Rini dalam kesempatan itu mengaku memiliki kedekatan baik dengan Gus Sholah. &quot;Gus Solah itu senior, saya juga dekat dengan Nahdlatul Ulama, dan sebenarnya kami ingin undang untuk menghadiri acara peluncuran Kartu Tani, ternyata beliau masih belum sehat,&quot; ucap Rini kepada wartawan usai membesuk Gus Solah. Sumber : Antara
</post>
<signature>

</signature>
<external_links>

</external_links>
<country>ID</country>
<main_image>http://static.republika.co.id/uploads/images/headline_slide/gus-solah-_140523210459-132.jpg</main_image>
</document>
