<?xml version="1.0" encoding="UTF-8"?>
<document>
<type>mainstream</type>
<forum>http://www.trading-house.net/rss/meldungen/</forum>
<forum_title>trading-house.net Nachrichtenfeed</forum_title>
<discussion_title>Bisher 10.000 Todesopfer im Jemen-Krieg</discussion_title>
<language>german</language>
<gmt_offset></gmt_offset>
<topic_url>http://www.trading-house.net/news/bisher-10-000-todesopfer-im-jemen-krieg-50947194</topic_url>
<topic_text>
31.08.2016 - 02:13 Uhr Bisher 10.000 Todesopfer im Jemen-Krieg sanaa. Die Zahl der Todesopfer im Jemen ist auf rund 10.000 gestiegen. Das sagte der UNO-Koordinator für humanitäre Hilfe in dem Bürgerkriegsland, Jamie McGoldrick, am Dienstag. Die Zahlen basierten auf Informationen aus Gesundheitsinstitutionen im Jemen. Da es diese nicht überall gebe, befürchtet McGoldrick noch eine höhere Opferzahl.
</topic_text>
<spam_score>0.00</spam_score>
<post_num>1</post_num>
<post_id>post-1</post_id>
<post_url>http://www.trading-house.net/news/bisher-10-000-todesopfer-im-jemen-krieg-50947194</post_url>
<post_date>20160831</post_date>
<post_time>0013</post_time>
<username></username>
<post>
31.08.2016 - 02:13 Uhr Bisher 10.000 Todesopfer im Jemen-Krieg sanaa. Die Zahl der Todesopfer im Jemen ist auf rund 10.000 gestiegen. Das sagte der UNO-Koordinator für humanitäre Hilfe in dem Bürgerkriegsland, Jamie McGoldrick, am Dienstag. Die Zahlen basierten auf Informationen aus Gesundheitsinstitutionen im Jemen. Da es diese nicht überall gebe, befürchtet McGoldrick noch eine höhere Opferzahl.
</post>
<signature>

</signature>
<external_links>

</external_links>
<country>DE</country>
<main_image></main_image>
</document>
