<?xml version="1.0" encoding="UTF-8"?>
<document>
<type>mainstream</type>
<forum></forum>
<forum_title></forum_title>
<discussion_title>東京電力ＨＤが新潟県・泉田知事の不出馬を受けて大きく出直る | 夢追い株ガイド</discussion_title>
<language>japanese</language>
<gmt_offset></gmt_offset>
<topic_url>http://kabuguide.net/rsslist/japanese-stocks/4100</topic_url>
<topic_text>

■柏崎刈羽原子力発電所の再稼働に向け期待が強まったとの見方 東京電力ホールディングス＜９５０１＞（東１・売買 […]… 
この記事の元サイトURL 
</topic_text>
<spam_score>0.00</spam_score>
<post_num>1</post_num>
<post_id>post-1</post_id>
<post_url>http://kabuguide.net/rsslist/japanese-stocks/4100</post_url>
<post_date>20160831</post_date>
<post_time></post_time>
<username></username>
<post>

■柏崎刈羽原子力発電所の再稼働に向け期待が強まったとの見方 東京電力ホールディングス＜９５０１＞（東１・売買 […]… 
この記事の元サイトURL 
</post>
<signature>

</signature>
<external_links>

</external_links>
<country>JP</country>
<main_image>http://kabuguide.net/rsslist/wp-content/themes/simplicity-rss/images/og-image.jpg</main_image>
</document>
