<?xml version="1.0" encoding="UTF-8"?>
<document>
<type>mainstream</type>
<forum>http://fr.tennistemple.com/news.rss</forum>
<forum_title>TennisTemple.com</forum_title>
<discussion_title>US Open 2016: Radwanska étrille Pegula</discussion_title>
<language>french</language>
<gmt_offset></gmt_offset>
<topic_url>http://fr.tennistemple.com/actu/us-open-2016-radwanska-etrille-pegula-58687</topic_url>
<topic_text>
US Open 2016: Radwanska étrille Pegula  16 Fiche de Jessica Pegula Fiche de Agnieszka Radwanska US Open 2016 Agnieszka Radwanska s&apos;est adjugée,   son ticket   2016. Tête de série n°4, elle a conclu le match en deux sets face à l&apos;Américaine Jessica Pegula , passée par les qualifications, sur le score de 6/1, 6/1 sur le Louis Armstrong Stadium de l&apos;USTA National Tennis Center.  
</topic_text>
<spam_score>0.00</spam_score>
<post_num>1</post_num>
<post_id>post-1</post_id>
<post_url>http://fr.tennistemple.com/actu/us-open-2016-radwanska-etrille-pegula-58687</post_url>
<post_date>20160831</post_date>
<post_time>0016</post_time>
<username></username>
<post>
US Open 2016: Radwanska étrille Pegula  16 Fiche de Jessica Pegula Fiche de Agnieszka Radwanska US Open 2016 Agnieszka Radwanska s&apos;est adjugée,   son ticket   2016. Tête de série n°4, elle a conclu le match en deux sets face à l&apos;Américaine Jessica Pegula , passée par les qualifications, sur le score de 6/1, 6/1 sur le Louis Armstrong Stadium de l&apos;USTA National Tennis Center.  
</post>
<signature>

</signature>
<external_links>

</external_links>
<country>FR</country>
<main_image></main_image>
</document>
