<?xml version="1.0" encoding="UTF-8"?>
<document>
<type>mainstream</type>
<forum>http://feeds.feedblitz.com/previouslytv</forum>
<forum_title>Previously.TV</forum_title>
<discussion_title>Watch A Trailer For The HBO Series Westworld :: Do you like Westerns that make you doubt everything you know about your own existence? Perhaps you might want to tune in. [Westworld]</discussion_title>
<language>english</language>
<gmt_offset></gmt_offset>
<topic_url>http://previously.tv/westworld/watch-a-trailer-for-the-hbo-series-westworld/</topic_url>
<topic_text>
News Watch A Trailer For The HBO Series Westworld Do you like Westerns that make you doubt everything you know about your own existence? Perhaps you might want to tune in. 0 
In case you never saw the movie from 1973, HBO&apos;s Westworld is about a theme park full of robots. Based around the Michael Crichton thriller novel of the same name, the series has an all-star cast -- Anthony Hopkins, Ed Harris, and Evan Rachel Wood, just to name a few. The series premieres in October; dig the trailer that aired before the The Night Of finale.
</topic_text>
<spam_score>0.00</spam_score>
<post_num>1</post_num>
<post_id>post-1</post_id>
<post_url>http://previously.tv/westworld/watch-a-trailer-for-the-hbo-series-westworld/</post_url>
<post_date>20160829</post_date>
<post_time>1445</post_time>
<username>Karen Belz</username>
<post>
News Watch A Trailer For The HBO Series Westworld Do you like Westerns that make you doubt everything you know about your own existence? Perhaps you might want to tune in. 0 
In case you never saw the movie from 1973, HBO&apos;s Westworld is about a theme park full of robots. Based around the Michael Crichton thriller novel of the same name, the series has an all-star cast -- Anthony Hopkins, Ed Harris, and Evan Rachel Wood, just to name a few. The series premieres in October; dig the trailer that aired before the The Night Of finale.
</post>
<signature>

</signature>
<external_links>

</external_links>
<country>US</country>
<main_image>http://previously.tv/m/2016-08-29-westworld.jpg</main_image>
</document>
