<?xml version="1.0" encoding="UTF-8"?>
<document>
<type>mainstream</type>
<forum>http://www.sputniknews.com/export/rss2/archive/index.xml</forum>
<forum_title>Sputnik International</forum_title>
<discussion_title>Daesh Leader and Spokesman Reportedly Killed in Syria’s Aleppo</discussion_title>
<language>english</language>
<gmt_offset></gmt_offset>
<topic_url>http://sputniknews.com/middleeast/20160830/1044792511/al-adnani-killed.html</topic_url>
<topic_text>
Daesh Leader and Spokesman Reportedly Killed in Syria’s Aleppo © AP Photo/ SITE Intel Group 12 1793 22 0 Abu Mohammed al-Adnani, Daesh’s second-in-command and official spokesperson, has reportedly been killed in Aleppo, according to the terrorist group’s own reports. 
Al-Adnani, the organization’s leader in Syria, was killed &quot;while surveying the operations to repel the military campaigns against Aleppo,&quot; Daesh’s Amaq news agency reports. © AFP 2016/ BARAA AL-HALABI FSA Soldier Claims Group Will Conquer Daesh &apos;Capital&apos; After Al-Bab, Manbij 
One of the original founders of the terrorist network, al-Adnani is also believed to be the principal orchestrator of attacks outside of the Middle East. 
&quot;Adnani is much more than just the mouthpiece of this group,&quot; said Thomas Joscelyn, a senior fellow at the Foundation for Defense of Democracies, according to the International Business Times . &quot;He is heavily involved in external operations. He is sort of the administrative ‘yea’ or ‘nay’ at the top of the pyramid.&quot; 
Al-Adnani had a $5 million bounty on his head from the US State Department and was believed to be the likely successor to Daesh leader Abu Bakr al-Baghdadi. ...
</topic_text>
<spam_score>0.00</spam_score>
<post_num>1</post_num>
<post_id>post-1</post_id>
<post_url>http://sputniknews.com/middleeast/20160830/1044792511/al-adnani-killed.html</post_url>
<post_date>20160830</post_date>
<post_time>1910</post_time>
<username></username>
<post>
Daesh Leader and Spokesman Reportedly Killed in Syria’s Aleppo © AP Photo/ SITE Intel Group 12 1793 22 0 Abu Mohammed al-Adnani, Daesh’s second-in-command and official spokesperson, has reportedly been killed in Aleppo, according to the terrorist group’s own reports. 
Al-Adnani, the organization’s leader in Syria, was killed &quot;while surveying the operations to repel the military campaigns against Aleppo,&quot; Daesh’s Amaq news agency reports. © AFP 2016/ BARAA AL-HALABI FSA Soldier Claims Group Will Conquer Daesh &apos;Capital&apos; After Al-Bab, Manbij 
One of the original founders of the terrorist network, al-Adnani is also believed to be the principal orchestrator of attacks outside of the Middle East. 
&quot;Adnani is much more than just the mouthpiece of this group,&quot; said Thomas Joscelyn, a senior fellow at the Foundation for Defense of Democracies, according to the International Business Times . &quot;He is heavily involved in external operations. He is sort of the administrative ‘yea’ or ‘nay’ at the top of the pyramid.&quot; 
Al-Adnani had a $5 million bounty on his head from the US State Department and was believed to be the likely successor to Daesh leader Abu Bakr al-Baghdadi. ...
</post>
<signature>

</signature>
<external_links>

</external_links>
<country>RU</country>
<main_image>https://cdn4.img.sputniknews.com/images/104479/24/1044792440.jpg</main_image>
</document>
