<?xml version="1.0" encoding="UTF-8"?>
<document>
<type>mainstream</type>
<forum></forum>
<forum_title></forum_title>
<discussion_title>Bhim Singh calls on Governor</discussion_title>
<language>english</language>
<gmt_offset></gmt_offset>
<topic_url>http://www.greaterkashmir.com/news/jammu/story/227194.html</topic_url>
<topic_text>
Wednesday, August 31, 2016, 27, Zul Qaadah, 1437 Bhim Singh calls on Governor Bhim Singh shall be meeting leaders of Hurriyat Conference during his stay in Srinagar, a spokesman of Panthers Party said. GKNN Jammu, Publish Date: Aug 30 2016 11:53PM | Updated Date: Aug 30 2016 11:53PM File Photo 
Prof. Bhim Singh, Chief Patron of National Panthers Party, today met Governor N.N. Vohra and discussed the present turmoil in J&amp;K. Singh urged for Governor’s intervention under Section 92 of J&amp;K Constitution so that peace is brought back in Kashmir and confidence of the people is restored. 
Bhim Singh shall be meeting leaders of Hurriyat Conference during his stay in Srinagar, a spokesman of Panthers Party said. More in this Category 
</topic_text>
<spam_score>0.18</spam_score>
<post_num>1</post_num>
<post_id>post-1</post_id>
<post_url>http://www.greaterkashmir.com/news/jammu/story/227194.html</post_url>
<post_date>20160820</post_date>
<post_time></post_time>
<username></username>
<post>
Wednesday, August 31, 2016, 27, Zul Qaadah, 1437 Bhim Singh calls on Governor Bhim Singh shall be meeting leaders of Hurriyat Conference during his stay in Srinagar, a spokesman of Panthers Party said. GKNN Jammu, Publish Date: Aug 30 2016 11:53PM | Updated Date: Aug 30 2016 11:53PM File Photo 
Prof. Bhim Singh, Chief Patron of National Panthers Party, today met Governor N.N. Vohra and discussed the present turmoil in J&amp;K. Singh urged for Governor’s intervention under Section 92 of J&amp;K Constitution so that peace is brought back in Kashmir and confidence of the people is restored. 
Bhim Singh shall be meeting leaders of Hurriyat Conference during his stay in Srinagar, a spokesman of Panthers Party said. More in this Category 
</post>
<signature>

</signature>
<external_links>

</external_links>
<country>US</country>
<main_image>http://www.greaterkashmir.com/cms/gall_content/2016/8/2016_8$largeimg230_Aug_2016_235304000.jpg</main_image>
</document>
