<?xml version="1.0" encoding="UTF-8"?>
<document>
<type>mainstream</type>
<forum></forum>
<forum_title></forum_title>
<discussion_title>Is this the end of the Great Barrier Reef?...AU SUN</discussion_title>
<language>english</language>
<gmt_offset></gmt_offset>
<topic_url>http://au.i5-news.com/post/149709270474/is-this-the-end-of-the-great-barrier-reef</topic_url>
<topic_text>

</topic_text>
<spam_score>0.01</spam_score>
<post_num>1</post_num>
<post_id>post-1</post_id>
<post_url>http://au.i5-news.com/post/149709270474/is-this-the-end-of-the-great-barrier-reef</post_url>
<post_date>20160830</post_date>
<post_time></post_time>
<username></username>
<post>

</post>
<signature>

</signature>
<external_links>

</external_links>
<country>US</country>
<main_image>http://66.media.tumblr.com/a2bb86611f5d3af59f61305d1d421813/tumblr_ocqjy6UXQA1v4ajypo1_1280.jpg</main_image>
</document>
