<?xml version="1.0" encoding="UTF-8"?>
<document>
<type>mainstream</type>
<forum>http://www.euractiv.com/rss.xml</forum>
<forum_title>EurActiv.com</forum_title>
<discussion_title>6,500 migrants rescued off coast of Libya in one day</discussion_title>
<language>english</language>
<gmt_offset></gmt_offset>
<topic_url>http://www.euractiv.com/section/global-europe/news/6500-migrants-rescued-off-coast-of-libya-in-one-day/</topic_url>
<topic_text>
Around 6,500 migrants were rescued off the coast of Libya on Monday (30 August), the Italian coastguard said, in one of its busiest days of life-saving in recent years.
Dramatic images of one operation showed about 700 migrants crammed onto a fishing boat, with some of them jumping off the vessel in life jackets and swimming towards rescuers.
A five-day-old baby was among those rescued along with other infants and was airlifted to an Italian hospital, according to Doctors Without Borders (MSF), which took part in operations.
“The command centre coordinated 40 rescue operations” that included vessels from Italy, humanitarian organisations as well as the EU’s border agency Frontex, saving 6,500 migrants, the coastguard wrote on Twitter.
“We’ve been particularly busy today,” a spokesman for the Italian coastguard told AFP.
Turkish coup ‘increases’ migration flows to Greece Migration flows from Turkey to Greece have intensified since the failed coup attempt in Ankara, according to official Greek data.
EurActiv.com 
On Sunday more than 1,100 migrants were rescued in the same area.
The total number of arrivals in Italy this year now stands at 112,500, according to the UN’s refugee agency and the coastguard, slightly below the 116,000 recorded by the same point in 2015.
Almost all of those migrants originate from West Africa and the Horn of Africa, often departing from Libya en masse when the sea is calm and a southern wind can push boats up into international waters.
Such days often come one after another, leading to large numbers of boats over a short period. More than 13,000 people were rescued in under a week at the end of May, and 8,300 more at the start of August.
The Italian coastguard predicted that weather conditions would encourage the departure of further migrant boats Tuesday.
The vessels are often flimsy and overcrowded while some of the migrants set off in such poor health that even if the crossing is calm they cannot survive a day at sea.
There are around a dozen vessels run by humanitarian groups that patrol the waters off the Libyan coast, but tensions in the zone have flared recently as rival factions battle to control migrant trafficking.
This month an MSF ship taking part in migrant rescue operations came under attack from armed men who shot at the vessel before briefly climbing aboard, the medical charity said.
Nobody was hurt in the incident, which took place on August 17, the group said.
EU set to spend €62 billion on Africa to tackle migration The EU has made significant funds available for a migration partnership with African countries, so that asylum seekers can be intercepted before they reach the bloc’s external borders. EurActiv Germany reports. 
EurActiv.com 
More than 3,000 migrants have died at sea while trying to reach either Greece or Italy since the start of this year, an increase of some 50% on the same period in 2015.
Some 204,000 others crossed the Mediterranean to Europe in the first six months of this year, the UN refugee agency said, as the continent battles its worst migration crisis since World War II.
Last year more than one million migrants made the journey to Europe, with the majority fleeing war in Syria and the Middle East.
</topic_text>
<spam_score>0.00</spam_score>
<post_num>2</post_num>
<post_id>post-2</post_id>
<post_url>http://www.euractiv.com/section/global-europe/news/6500-migrants-rescued-off-coast-of-libya-in-one-day/#comment-316495</post_url>
<post_date>20160830</post_date>
<post_time>0733</post_time>
<username>Thinker</username>
<post>
“6,500 migrants rescued off coast of Libya in one day” This is a completely false title., write one is ” 6,500 migrants SMUGGLED BY ITALIAN NAVY off coast of Libya in one day TO THE ITALY” One thing is to rescue immigrants from drawing but after that transport them, instead back to Libya, to the Italy,, that is smuggling.and insane policy of Renzi, Juncker, Merkel nad Gabriel.
</post>
<signature>

</signature>
<external_links>

</external_links>
<country>BG</country>
<main_image>http://www.euractiv.com/wp-content/uploads/sites/2/2016/07/27900496276_d5c8cf37a7_z.jpg</main_image>
</document>
