<?xml version="1.0" encoding="UTF-8"?>
<document>
<type>mainstream</type>
<forum>http://www.onenewspage.com/rss/latest/Front+Page.rss</forum>
<forum_title>Latest Front Page News on One News Page</forum_title>
<discussion_title>In era of Black Lives Matter, filmmakers focus on an infamous crime</discussion_title>
<language>english</language>
<gmt_offset></gmt_offset>
<topic_url>http://www.onenewspage.com/n/Front+Page/759s630zv/In-era-of-Black-Lives-Matter-filmmakers-focus.htm</topic_url>
<topic_text>
36 minutes ago ) At least three productions are in the works about the torture and murder of black teenager Emmett Till in August 1955. Whoopi Goldberg has signed on to direct one of them; Jay Z and Will Smith are producing one for HBO.
</topic_text>
<spam_score>0.00</spam_score>
<post_num>1</post_num>
<post_id>post-1</post_id>
<post_url>http://www.onenewspage.com/n/Front+Page/759s630zv/In-era-of-Black-Lives-Matter-filmmakers-focus.htm</post_url>
<post_date>20160831</post_date>
<post_time>0006</post_time>
<username></username>
<post>
36 minutes ago ) At least three productions are in the works about the torture and murder of black teenager Emmett Till in August 1955. Whoopi Goldberg has signed on to direct one of them; Jay Z and Will Smith are producing one for HBO.
</post>
<signature>

</signature>
<external_links>

</external_links>
<country>US</country>
<main_image>http://cdn.newsserve.net/ONPglobe128.png</main_image>
</document>
