<?xml version="1.0" encoding="UTF-8"?>
<document>
<type>mainstream</type>
<forum>http://www.trading-house.net/rss/meldungen/</forum>
<forum_title>trading-house.net Nachrichtenfeed</forum_title>
<discussion_title>Ombudsfrau auf Anabolika</discussion_title>
<language>german</language>
<gmt_offset></gmt_offset>
<topic_url>http://www.trading-house.net/news/ombudsfrau-auf-anabolika-50947238</topic_url>
<topic_text>
31.08.2016 - 02:23 Uhr Ombudsfrau auf Anabolika Thuli Madonsela ist «Anwältin der Öffentlichkeit» in Südafrika. Sie führt den Kampf gegen die Korruption auf höchster Regierungsebene – erfolgreich. Manche wünschen sie sich als nächste Präsidentin.
</topic_text>
<spam_score>0.00</spam_score>
<post_num>1</post_num>
<post_id>post-1</post_id>
<post_url>http://www.trading-house.net/news/ombudsfrau-auf-anabolika-50947238</post_url>
<post_date>20160831</post_date>
<post_time>0023</post_time>
<username></username>
<post>
31.08.2016 - 02:23 Uhr Ombudsfrau auf Anabolika Thuli Madonsela ist «Anwältin der Öffentlichkeit» in Südafrika. Sie führt den Kampf gegen die Korruption auf höchster Regierungsebene – erfolgreich. Manche wünschen sie sich als nächste Präsidentin.
</post>
<signature>

</signature>
<external_links>

</external_links>
<country>DE</country>
<main_image></main_image>
</document>
