<?xml version="1.0" encoding="UTF-8"?>
<document>
<type>mainstream</type>
<forum>http://www.trading-house.net/rss/meldungen/</forum>
<forum_title>trading-house.net Nachrichtenfeed</forum_title>
<discussion_title>300 Meter breit, 10 Meter tief: Neues Riff am Great Barrier Reef entdeckt</discussion_title>
<language>german</language>
<gmt_offset></gmt_offset>
<topic_url>http://www.trading-house.net/news/300-meter-breit-10-meter-tief-neues-riff-am-great-barrier-reef-entdeckt-50947080</topic_url>
<topic_text>
31.08.2016 - 01:41 Uhr 300 Meter breit, 10 Meter tief: Neues Riff am Great Barrier Reef entdeckt Über eine Strecke von 2300 Kilometern erstreckt sich das Great Barrier Reef an der Ostküste Australiens. Dahinter stoßen Forscher jetzt auf ein weiteres Riff, das von Algen geformt wurde und die Experten &quot;erstaunt&quot;.
</topic_text>
<spam_score>0.00</spam_score>
<post_num>1</post_num>
<post_id>post-1</post_id>
<post_url>http://www.trading-house.net/news/300-meter-breit-10-meter-tief-neues-riff-am-great-barrier-reef-entdeckt-50947080</post_url>
<post_date>20160830</post_date>
<post_time>2341</post_time>
<username></username>
<post>
31.08.2016 - 01:41 Uhr 300 Meter breit, 10 Meter tief: Neues Riff am Great Barrier Reef entdeckt Über eine Strecke von 2300 Kilometern erstreckt sich das Great Barrier Reef an der Ostküste Australiens. Dahinter stoßen Forscher jetzt auf ein weiteres Riff, das von Algen geformt wurde und die Experten &quot;erstaunt&quot;.
</post>
<signature>

</signature>
<external_links>

</external_links>
<country>DE</country>
<main_image></main_image>
</document>
