<?xml version="1.0" encoding="UTF-8"?>
<document>
<type>mainstream</type>
<forum>http://www.trading-house.net/rss/meldungen/</forum>
<forum_title>trading-house.net Nachrichtenfeed</forum_title>
<discussion_title>Polizeipräsidium Rostock / Polizei ermittelt nach Schmierereien ...</discussion_title>
<language>german</language>
<gmt_offset></gmt_offset>
<topic_url>http://www.trading-house.net/news/polizeipraesidium-rostock-polizei-ermittelt-nach-schmierereien-50947100</topic_url>
<topic_text>
Polizeipräsidium Rostock / Polizei ermittelt nach Schmierereien ... Polizei ermittelt nach Schmierereien in Schwaan 
Schwaan - Unbekannte Täter schmierten in der Nacht zum Dienstag auf die Außenwand eines Lebensmitteldiscounters in der Niendorfer Chaussee verfassungswidrige und fremdenfeindliche Parolen. Es entstand ein Sachschaden von mehr als 100 Euro. 
Die Rostocker Kriminalpolizei hat die Ermittlungen wegen der Verwendung von Kennzeichen verfassungswidriger Organisationen und Sachbeschädigung aufgenommen. 
Die Polizei bitte um Hinweise aus der Bevölkerung. Wer hat die Tathandlung beobachtet oder kann Angaben zu den Tätern machen. Hinweise nimmt das Polizeirevier Bützow unter der Telefonnummer 038461 / 4240, jede andere Polizeidienststelle oder die Internetwache unter www.polizei.mvnet.de entgegen. 
Torsten Sprotte Erster Polizeihauptkommissar Polizeiführer vom Dienst 
OTS: Polizeipräsidium Rostock newsroom: http://www.presseportal.de/blaulicht/nr/108746 newsroom via RSS: http://www.presseportal.de/rss/dienststelle_108746.rss2 
Rückfragen zu den Bürozeiten: Polizeipräsidium Rostock Pressestelle PHKin Isabel Wenzel Telefon: 038208/888-2040 Fax: 038208/888-2006 E-Mail: pressestelle-pp.rostock@polizei.mv-regierung.de Internet: http://www.polizei.mvnet.de 
Rückfragen außerhalb der Bürozeiten und am Wochenende: Polizeipräsidium Rostock Einsatzleitstelle/Polizeiführer vom Dienst Telefon: 038208/888-2110 E-Mail: elst-pp.rostock@polmv.de
</topic_text>
<spam_score>0.00</spam_score>
<post_num>1</post_num>
<post_id>post-1</post_id>
<post_url>http://www.trading-house.net/news/polizeipraesidium-rostock-polizei-ermittelt-nach-schmierereien-50947100</post_url>
<post_date>20160830</post_date>
<post_time>2345</post_time>
<username></username>
<post>
Polizeipräsidium Rostock / Polizei ermittelt nach Schmierereien ... Polizei ermittelt nach Schmierereien in Schwaan 
Schwaan - Unbekannte Täter schmierten in der Nacht zum Dienstag auf die Außenwand eines Lebensmitteldiscounters in der Niendorfer Chaussee verfassungswidrige und fremdenfeindliche Parolen. Es entstand ein Sachschaden von mehr als 100 Euro. 
Die Rostocker Kriminalpolizei hat die Ermittlungen wegen der Verwendung von Kennzeichen verfassungswidriger Organisationen und Sachbeschädigung aufgenommen. 
Die Polizei bitte um Hinweise aus der Bevölkerung. Wer hat die Tathandlung beobachtet oder kann Angaben zu den Tätern machen. Hinweise nimmt das Polizeirevier Bützow unter der Telefonnummer 038461 / 4240, jede andere Polizeidienststelle oder die Internetwache unter www.polizei.mvnet.de entgegen. 
Torsten Sprotte Erster Polizeihauptkommissar Polizeiführer vom Dienst 
OTS: Polizeipräsidium Rostock newsroom: http://www.presseportal.de/blaulicht/nr/108746 newsroom via RSS: http://www.presseportal.de/rss/dienststelle_108746.rss2 
Rückfragen zu den Bürozeiten: Polizeipräsidium Rostock Pressestelle PHKin Isabel Wenzel Telefon: 038208/888-2040 Fax: 038208/888-2006 E-Mail: pressestelle-pp.rostock@polizei.mv-regierung.de Internet: http://www.polizei.mvnet.de 
Rückfragen außerhalb der Bürozeiten und am Wochenende: Polizeipräsidium Rostock Einsatzleitstelle/Polizeiführer vom Dienst Telefon: 038208/888-2110 E-Mail: elst-pp.rostock@polmv.de
</post>
<signature>

</signature>
<external_links>

</external_links>
<country>DE</country>
<main_image></main_image>
</document>
