<?xml version="1.0" encoding="UTF-8"?>
<document>
<type>mainstream</type>
<forum>http://www.sputniknews.com/export/rss2/archive/index.xml</forum>
<forum_title>Sputnik International</forum_title>
<discussion_title>Resigning French Economy Minister Macron Wants to Change France</discussion_title>
<language>english</language>
<gmt_offset></gmt_offset>
<topic_url>http://sputniknews.com/europe/20160830/1044793516/macron-france-change.html</topic_url>
<topic_text>
Resigning French Economy Minister Macron Wants to Change France © AFP 2016/ ERIC PIERMONT 2 217 3 1 Outgoing French Economy Minister Emmanuel Macron said Tuesday that he wanted to begin the new chapter of a political struggle and bring changes to France &quot;already next year.&quot; 
PARIS (Sputnik) — Earlier in the day, Macron announced his resignation. © AP Photo/ LIONEL BONAVENTURE &quot;I am determined to do everything to ensure that our values, our ideas and our actions could change France already next year,&quot; Macron said during his farewell speech. 
He added that he would like &quot;to begin the new chapter of a [political] struggle.&quot; 
Macron was in the office for over two years. He was inaugurated on August 26, 2014. 
According to the Elysee Palace, Finance Minister Michel Sapin will head both ministries. ...
</topic_text>
<spam_score>0.00</spam_score>
<post_num>1</post_num>
<post_id>post-1</post_id>
<post_url>http://sputniknews.com/europe/20160830/1044793516/macron-france-change.html</post_url>
<post_date>20160830</post_date>
<post_time>2011</post_time>
<username></username>
<post>
Resigning French Economy Minister Macron Wants to Change France © AFP 2016/ ERIC PIERMONT 2 217 3 1 Outgoing French Economy Minister Emmanuel Macron said Tuesday that he wanted to begin the new chapter of a political struggle and bring changes to France &quot;already next year.&quot; 
PARIS (Sputnik) — Earlier in the day, Macron announced his resignation. © AP Photo/ LIONEL BONAVENTURE &quot;I am determined to do everything to ensure that our values, our ideas and our actions could change France already next year,&quot; Macron said during his farewell speech. 
He added that he would like &quot;to begin the new chapter of a [political] struggle.&quot; 
Macron was in the office for over two years. He was inaugurated on August 26, 2014. 
According to the Elysee Palace, Finance Minister Michel Sapin will head both ministries. ...
</post>
<signature>

</signature>
<external_links>

</external_links>
<country>RU</country>
<main_image>https://cdn4.img.sputniknews.com/images/102436/29/1024362990.jpg</main_image>
</document>
