<?xml version="1.0" encoding="UTF-8"?>
<document>
<type>mainstream</type>
<forum>http://www.sputniknews.com/export/rss2/archive/index.xml</forum>
<forum_title>Sputnik International</forum_title>
<discussion_title>No More Notting Hill? Rise in &apos;Never Again&apos; Calls After Carnival Stabbings</discussion_title>
<language>english</language>
<gmt_offset></gmt_offset>
<topic_url>http://sputniknews.com/europe/20160830/1044787012/notting-hill-stabbings-police.html</topic_url>
<topic_text>
No More Notting Hill? Rise in &apos;Never Again&apos; Calls After Carnival Stabbings © REUTERS/ Neil Hall 2 948 4 0 Residents of the wealthy west London suburb have renewed calls for Notting Hill Carnival to be relocated where crowds can be more easily controlled following a record number of arrests and stabbings. 
A teenage boy has been left fighting for his life in hospital after being slashed in the stomach with a so-called &quot;zombie killer knife&quot; at Notting Hill Carnival in London. The attack was one of four stabbings and 88 knife related crimes at the parade which was celebrating its 50th year. — Alla D&apos;Alla (@AldaDal2) August 28, 2016 
London&apos;s Metropolitan Police Service (MPS) said more than 440 people had been arrested, which included 17 attacks on police officers and 169 for possession of drugs; a record number for the annual street party. Night is starting to draw in, know your journey home? Why not plan it now? #NottingHill 🤓🚇😴👍 https://t.co/8OCz4F4CnW pic.twitter.com/qege6D0Cij — G Y Shin (@dr_gyshin) August 28, 2016 
Other arrests included 13 for sexual offenses; 10 for theft, eight for going equipped for theft; six for grievous bodily harm; three for drink or drug driving; 17 for common assault; two for criminal damage one for robbery; and 32 unspecified arrests. 
Commander Dave Musker, who was in charge of the policing operation said: &quot;I am very proud of all the officers and staff who were deployed to Carnival this year. Once again they demonstrated their unwavering professionalism and bravery to ensure this spectacular celebration, that headlines the London event calendar, was not spoilt by a small minority wishing to use the Carnival a cover for committing crime.&quot; Statement from the commander in charge of this years #NottingHillCarnival policing… https://t.co/3N1RVKjGTX pic.twitter.com/7NTDAp8iK4 — Metropolitan Police (@metpoliceuk) August 30, 2016 &quot;There were 15 reported violent injuries involving a knife or blade. Of these, two people suffered very serious injuries. Both victims are now stable conditions and in both cases arrests have been made and enquiries by officers continue.&quot; 
There were 45 incidents of assaults against police officers, &quot;for varying degrees of minor injuries and eight officers&apos; required anti-viral treatment at hospital as a result of being spat at. Of these 45 incidents, 25 assaults resulted in arrest,&quot; Commander Dave Musker said. © Flickr/ Mr Korn Flakes UK Police Say Knife Crime is on the Rise, Blame the Internet 
The violence and crime witnessed at this year&apos;s Notting Hill Carnival is not an isolated example of the increasing incidents of gang related violence in London, which is home to around 225 gangs that control the streets of the capital. 
Figures suggest gang-related crime is on the rise again, up 23 percent from last year with more than 6,000 incidents of serious youth violence this year. 
Fifteen teenagers were fatally stabbed in London in 2015, the highest level in seven years after 23 teenagers died from stab wounds in 2008. Those who died in 2015 were male and mainly from black and minority ethnic (BME) backgrounds. — That James iT guy. (@Unix_Jim) August 25, 2016 
A 19-year-old was recently hacked to death in Selsdon, near Croydon, marking the fourth of eight fatal stabbings across the capital this year alone, all victims of knife crime, four of which took place in August alone. 
At the beginning of the summer, an impromptu water fight broke out on one of the hottest days of the year in London, ending with another attempted stabbing after violence erupted when police attempted to break up the crowd. 
Earlier in August, a teenager who murdered a man in a park for giving him &quot;the wrong look&quot; was jailed for 22 years. The 18-year-old disemboweled another man with a kitchen knife by stabbing him in the stomach in East London. 
The UK is set to screen a new documentary, &quot;Gangland: Turf Wars,&quot; offering unprecedented footage of the inner-workings of gangs, filmed by members of the gangs themselves after film-maker Paul Blake gave gangsters cameras to record themselves. Film shots include caches of weapons, guns knives and the selling of class A drugs. An unflinching look at the world of British gangs. Their lives through their eyes. #Gangland : Turf Wars. 1 September pic.twitter.com/SFQcpOqJci — Channel 5 (@channel5_tv) August 22, 2016 
Blake told British media he wanted to shoot the film to stop people dismissing it as a &quot;black problem.&quot; 
&quot;We are telling this story because it means they are not faceless, they&apos;re not just some line in the newspaper that we all move on from instantly or don&apos;t even bother to read about in the first place. &quot;This is warfare on our own doorstep and young kids are dying,&quot; said Blake. 
The debate over the future of Notting Hill Carnival will rumble on in the UK for another year with renewed calls for it to be moved — or closed down as the whole of London witnesses an increase in knife related crime. ...
</topic_text>
<spam_score>0.00</spam_score>
<post_num>1</post_num>
<post_id>post-1</post_id>
<post_url>http://sputniknews.com/europe/20160830/1044787012/notting-hill-stabbings-police.html</post_url>
<post_date>20160830</post_date>
<post_time>1636</post_time>
<username></username>
<post>
No More Notting Hill? Rise in &apos;Never Again&apos; Calls After Carnival Stabbings © REUTERS/ Neil Hall 2 948 4 0 Residents of the wealthy west London suburb have renewed calls for Notting Hill Carnival to be relocated where crowds can be more easily controlled following a record number of arrests and stabbings. 
A teenage boy has been left fighting for his life in hospital after being slashed in the stomach with a so-called &quot;zombie killer knife&quot; at Notting Hill Carnival in London. The attack was one of four stabbings and 88 knife related crimes at the parade which was celebrating its 50th year. — Alla D&apos;Alla (@AldaDal2) August 28, 2016 
London&apos;s Metropolitan Police Service (MPS) said more than 440 people had been arrested, which included 17 attacks on police officers and 169 for possession of drugs; a record number for the annual street party. Night is starting to draw in, know your journey home? Why not plan it now? #NottingHill 🤓🚇😴👍 https://t.co/8OCz4F4CnW pic.twitter.com/qege6D0Cij — G Y Shin (@dr_gyshin) August 28, 2016 
Other arrests included 13 for sexual offenses; 10 for theft, eight for going equipped for theft; six for grievous bodily harm; three for drink or drug driving; 17 for common assault; two for criminal damage one for robbery; and 32 unspecified arrests. 
Commander Dave Musker, who was in charge of the policing operation said: &quot;I am very proud of all the officers and staff who were deployed to Carnival this year. Once again they demonstrated their unwavering professionalism and bravery to ensure this spectacular celebration, that headlines the London event calendar, was not spoilt by a small minority wishing to use the Carnival a cover for committing crime.&quot; Statement from the commander in charge of this years #NottingHillCarnival policing… https://t.co/3N1RVKjGTX pic.twitter.com/7NTDAp8iK4 — Metropolitan Police (@metpoliceuk) August 30, 2016 &quot;There were 15 reported violent injuries involving a knife or blade. Of these, two people suffered very serious injuries. Both victims are now stable conditions and in both cases arrests have been made and enquiries by officers continue.&quot; 
There were 45 incidents of assaults against police officers, &quot;for varying degrees of minor injuries and eight officers&apos; required anti-viral treatment at hospital as a result of being spat at. Of these 45 incidents, 25 assaults resulted in arrest,&quot; Commander Dave Musker said. © Flickr/ Mr Korn Flakes UK Police Say Knife Crime is on the Rise, Blame the Internet 
The violence and crime witnessed at this year&apos;s Notting Hill Carnival is not an isolated example of the increasing incidents of gang related violence in London, which is home to around 225 gangs that control the streets of the capital. 
Figures suggest gang-related crime is on the rise again, up 23 percent from last year with more than 6,000 incidents of serious youth violence this year. 
Fifteen teenagers were fatally stabbed in London in 2015, the highest level in seven years after 23 teenagers died from stab wounds in 2008. Those who died in 2015 were male and mainly from black and minority ethnic (BME) backgrounds. — That James iT guy. (@Unix_Jim) August 25, 2016 
A 19-year-old was recently hacked to death in Selsdon, near Croydon, marking the fourth of eight fatal stabbings across the capital this year alone, all victims of knife crime, four of which took place in August alone. 
At the beginning of the summer, an impromptu water fight broke out on one of the hottest days of the year in London, ending with another attempted stabbing after violence erupted when police attempted to break up the crowd. 
Earlier in August, a teenager who murdered a man in a park for giving him &quot;the wrong look&quot; was jailed for 22 years. The 18-year-old disemboweled another man with a kitchen knife by stabbing him in the stomach in East London. 
The UK is set to screen a new documentary, &quot;Gangland: Turf Wars,&quot; offering unprecedented footage of the inner-workings of gangs, filmed by members of the gangs themselves after film-maker Paul Blake gave gangsters cameras to record themselves. Film shots include caches of weapons, guns knives and the selling of class A drugs. An unflinching look at the world of British gangs. Their lives through their eyes. #Gangland : Turf Wars. 1 September pic.twitter.com/SFQcpOqJci — Channel 5 (@channel5_tv) August 22, 2016 
Blake told British media he wanted to shoot the film to stop people dismissing it as a &quot;black problem.&quot; 
&quot;We are telling this story because it means they are not faceless, they&apos;re not just some line in the newspaper that we all move on from instantly or don&apos;t even bother to read about in the first place. &quot;This is warfare on our own doorstep and young kids are dying,&quot; said Blake. 
The debate over the future of Notting Hill Carnival will rumble on in the UK for another year with renewed calls for it to be moved — or closed down as the whole of London witnesses an increase in knife related crime. ...
</post>
<signature>

</signature>
<external_links>

</external_links>
<country>RU</country>
<main_image>https://cdn4.img.sputniknews.com/images/104478/77/1044787750.jpg</main_image>
</document>
