<?xml version="1.0" encoding="UTF-8"?>
<document>
<type>mainstream</type>
<forum>http://www.okezone.com/feed</forum>
<forum_title>Sindikasi welcomepage.okezone.com</forum_title>
<discussion_title>TERPOPULER: Rumah Juliet yang Berarsitektur Kuno</discussion_title>
<language>malay</language>
<gmt_offset></gmt_offset>
<topic_url>http://economy.okezone.com/read/2016/08/30/470/1476833/terpopuler-rumah-juliet-yang-berarsitektur-kuno</topic_url>
<topic_text>
A A A 
JAKARTA - Kisah cinta Romeo dan Juliet mungkin hanya kisah fiktif karya Shakespeare. Meski demikian, cerita dengan latar Kota Verona, Italia tersebut masih membekas di hati masyarakat. 
Kendati hanya cerita fiktif, namun tidak dengan sebuah rumah yang bernama Casa di Guiletta. Rumah tersebut merupakan rumah yang didedikasikan untuk pasangan Romeo dan Juliet. BERITA REKOMENDASI
</topic_text>
<spam_score>0.00</spam_score>
<post_num>1</post_num>
<post_id>post-1</post_id>
<post_url>http://economy.okezone.com/read/2016/08/30/470/1476833/terpopuler-rumah-juliet-yang-berarsitektur-kuno</post_url>
<post_date>20160831</post_date>
<post_time>0028</post_time>
<username></username>
<post>
A A A 
JAKARTA - Kisah cinta Romeo dan Juliet mungkin hanya kisah fiktif karya Shakespeare. Meski demikian, cerita dengan latar Kota Verona, Italia tersebut masih membekas di hati masyarakat. 
Kendati hanya cerita fiktif, namun tidak dengan sebuah rumah yang bernama Casa di Guiletta. Rumah tersebut merupakan rumah yang didedikasikan untuk pasangan Romeo dan Juliet. BERITA REKOMENDASI
</post>
<signature>

</signature>
<external_links>

</external_links>
<country>ID</country>
<main_image>https://img.okezone.com//content/2016/08/30/470/1476833/terpopuler-rumah-juliet-yang-berarsitektur-kuno-d53QFwPjZE.jpg</main_image>
</document>
