<?xml version="1.0" encoding="UTF-8"?>
<document>
<type>mainstream</type>
<forum>http://www.trading-house.net/rss/meldungen/</forum>
<forum_title>trading-house.net Nachrichtenfeed</forum_title>
<discussion_title>Sportschau zum Mitmachen beim Herbstfest</discussion_title>
<language>german</language>
<gmt_offset></gmt_offset>
<topic_url>http://www.trading-house.net/news/sportschau-zum-mitmachen-beim-herbstfest-50947247</topic_url>
<topic_text>
31.08.2016 - 02:28 Uhr Sportschau zum Mitmachen beim Herbstfest Neben Schaustellertreiben, Live-Musik und abwechslungsreichem Bühnenprogramm bietet das Hohen Neuendorfer Herbstfest mit der diesjährigen „Schau!“ rund um die Themen „Sport, Gesundheit und Freizeit“ einen besonderen Schwerpunkt. Rund 30 Sportarten können Interessierte ausüben. Wer dies im Rahmen der „Sportartenrallye“ tut, kann dabei sogar etwas gewinnen.
</topic_text>
<spam_score>0.00</spam_score>
<post_num>1</post_num>
<post_id>post-1</post_id>
<post_url>http://www.trading-house.net/news/sportschau-zum-mitmachen-beim-herbstfest-50947247</post_url>
<post_date>20160831</post_date>
<post_time>0028</post_time>
<username></username>
<post>
31.08.2016 - 02:28 Uhr Sportschau zum Mitmachen beim Herbstfest Neben Schaustellertreiben, Live-Musik und abwechslungsreichem Bühnenprogramm bietet das Hohen Neuendorfer Herbstfest mit der diesjährigen „Schau!“ rund um die Themen „Sport, Gesundheit und Freizeit“ einen besonderen Schwerpunkt. Rund 30 Sportarten können Interessierte ausüben. Wer dies im Rahmen der „Sportartenrallye“ tut, kann dabei sogar etwas gewinnen.
</post>
<signature>

</signature>
<external_links>

</external_links>
<country>DE</country>
<main_image></main_image>
</document>
