<?xml version="1.0" encoding="UTF-8"?>
<document>
<type>mainstream</type>
<forum>http://www.newsghana.com.gh/feed</forum>
<forum_title>News Ghana</forum_title>
<discussion_title>Workshop Held for GRA Change Champions</discussion_title>
<language>english</language>
<gmt_offset></gmt_offset>
<topic_url>https://www.newsghana.com.gh/workshop-held-for-gra-change-champions/</topic_url>
<topic_text>
Business Workshop Held for GRA Change Champions A four day training workshop has been organized for Change Champions, who comprise of various departmental and unit heads of the Ghana Revenue Authority (GRA), to equip them on the processes and tools for managing new reforms of the GRA. Aug 31, 2016 tweet 
The change champions’ team are also to ensure effective and continues communication of new reforms at the Ghana Revenue Authority to staff and clients who do business with the GRA. 
The change champions who are tasked to implement policies and procedures were taught how to implement change management strategy so as to support their agents in disseminating information with regards to new reforms. 
This is expected to improve their interaction with clients through effective and continuous communication. 
A management consultant challenged participants to cultivate the right working attitudes in order to enhance information and business processes of the Ghana Revenue Authority. 
A presentation on the Ghana National Single Window project was also made by West Blue Consulting Limited to educate participants about the project. 
West Blue believes the optimum goal of the single window is to create an integrated workspace of data and business processes for all trade related activities with the trader at the core. TAGS
</topic_text>
<spam_score>0.00</spam_score>
<post_num>1</post_num>
<post_id>post-1</post_id>
<post_url>https://www.newsghana.com.gh/workshop-held-for-gra-change-champions/</post_url>
<post_date>20160831</post_date>
<post_time>0035</post_time>
<username>News Ghana</username>
<post>
Business Workshop Held for GRA Change Champions A four day training workshop has been organized for Change Champions, who comprise of various departmental and unit heads of the Ghana Revenue Authority (GRA), to equip them on the processes and tools for managing new reforms of the GRA. Aug 31, 2016 tweet 
The change champions’ team are also to ensure effective and continues communication of new reforms at the Ghana Revenue Authority to staff and clients who do business with the GRA. 
The change champions who are tasked to implement policies and procedures were taught how to implement change management strategy so as to support their agents in disseminating information with regards to new reforms. 
This is expected to improve their interaction with clients through effective and continuous communication. 
A management consultant challenged participants to cultivate the right working attitudes in order to enhance information and business processes of the Ghana Revenue Authority. 
A presentation on the Ghana National Single Window project was also made by West Blue Consulting Limited to educate participants about the project. 
West Blue believes the optimum goal of the single window is to create an integrated workspace of data and business processes for all trade related activities with the trader at the core. TAGS
</post>
<signature>

</signature>
<external_links>

</external_links>
<country>GH</country>
<main_image>https://www.newsghana.com.gh/wp-content/uploads/2013/09/wpid-Revenue-Authority.jpg</main_image>
</document>
