<?xml version="1.0" encoding="UTF-8"?>
<document>
<type>mainstream</type>
<forum>https://www.ktipp.ch/rss/tests</forum>
<forum_title>K-Tipp - Test</forum_title>
<discussion_title>Akku-Rasentrimmer: 48 Minuten Zeit für den Feinschnitt</discussion_title>
<language>german</language>
<gmt_offset></gmt_offset>
<topic_url>https://www.ktipp.ch/tests/tests/detail/d/akku-rasentrimmer-48-minuten-zeit-fuer-den-feinschnitt/</topic_url>
<topic_text>
Akku-Rasentrimmer: 48 Minuten Zeit für den Feinschnitt   Das «ETM-Testmagazin» ­prüfte fünf Rasentrimmer. Zwei Modelle schnitten im Test mit der Note «sehr gut» ab. Ein Rasentrimmer hilft bei der Gartenpflege dort, wo der Rasenmäher nicht hinkommt, zum Beispiel entlang von Wegen und Kanten. Die Experten des «ETM-Testmagazins» haben fünf Geräte getestet: Wie gut schneiden sie auf freier Fläche, in hohem Gras und im Gestrüpp? Geprüft wurden auch Handhabung, Akkuleistung und die Lautstärke. Das Trimmen des Rasens gelang mit dem «SGT 2220 A» von Stiga am besten und schnellsten – auch bei dichtem Bewuchs. Der Akku hielt 48 Minuten lang durch. Das ist die zweitlängste Laufzeit aller getesteten Geräte. Ebenfall sehr gut ist der «STC1820PC» von Black+Decker. Im Gegensatz zum Testsieger liegt er aber etwas unbequem in der Hand. Zudem ist seine Akkulaufzeit etwas kürzer. Alle getesteten Geräte sind mit 87 bis 98 Dezibel sehr laut. Die Suva empfiehlt ab 85 Dezibel einen Gehörschutz. Die Testsieger Stiga SGT 2220 A (Fr. 245.–, Ilsebo.ch ) Black+Decker STC1820PC (Fr. 168.80, Microspot.ch ) Quelle: «ETM-Testmagazin», Ausgabe 8/2016, www.etm-testmagazin.de 0
</topic_text>
<spam_score>0.00</spam_score>
<post_num>1</post_num>
<post_id>post-1</post_id>
<post_url>https://www.ktipp.ch/tests/tests/detail/d/akku-rasentrimmer-48-minuten-zeit-fuer-den-feinschnitt/</post_url>
<post_date>20160827</post_date>
<post_time>0006</post_time>
<username></username>
<post>
Akku-Rasentrimmer: 48 Minuten Zeit für den Feinschnitt   Das «ETM-Testmagazin» ­prüfte fünf Rasentrimmer. Zwei Modelle schnitten im Test mit der Note «sehr gut» ab. Ein Rasentrimmer hilft bei der Gartenpflege dort, wo der Rasenmäher nicht hinkommt, zum Beispiel entlang von Wegen und Kanten. Die Experten des «ETM-Testmagazins» haben fünf Geräte getestet: Wie gut schneiden sie auf freier Fläche, in hohem Gras und im Gestrüpp? Geprüft wurden auch Handhabung, Akkuleistung und die Lautstärke. Das Trimmen des Rasens gelang mit dem «SGT 2220 A» von Stiga am besten und schnellsten – auch bei dichtem Bewuchs. Der Akku hielt 48 Minuten lang durch. Das ist die zweitlängste Laufzeit aller getesteten Geräte. Ebenfall sehr gut ist der «STC1820PC» von Black+Decker. Im Gegensatz zum Testsieger liegt er aber etwas unbequem in der Hand. Zudem ist seine Akkulaufzeit etwas kürzer. Alle getesteten Geräte sind mit 87 bis 98 Dezibel sehr laut. Die Suva empfiehlt ab 85 Dezibel einen Gehörschutz. Die Testsieger Stiga SGT 2220 A (Fr. 245.–, Ilsebo.ch ) Black+Decker STC1820PC (Fr. 168.80, Microspot.ch ) Quelle: «ETM-Testmagazin», Ausgabe 8/2016, www.etm-testmagazin.de 0
</post>
<signature>

</signature>
<external_links>

</external_links>
<country>CH</country>
<main_image></main_image>
</document>
