<?xml version="1.0" encoding="UTF-8"?>
<document>
<type>mainstream</type>
<forum>http://www.routesonline.com/news/tagged/717/americas/p196/</forum>
<forum_title>Americas :: Routesonline</forum_title>
<discussion_title>Norwegian Plans New Routes from Bergen in S14</discussion_title>
<language>english</language>
<gmt_offset></gmt_offset>
<topic_url>http://www.routesonline.com/news/38/airlineroute/231561/norwegian-plans-new-routes-from-bergen-in-s14/</topic_url>
<topic_text>
Norwegian on 18DEC13 is set to announce new routes from Bergen , according to the airline’s press release. At time this post goes to press, a number of routes has been appearing in the GDS, under Flight Information section (FLIFO), with remark ” ENTIRE FLT- H/ SEGMENT NOT TO BE DISPLAYED”.
The following planned new routes are based on the extensive search by the airline’s flight number range DY1000 – 1999 and DY7000 – 7099 series. It is possible that additional routes may be announced, including domestic routes (DY001 – 999), but has not been loaded in the GDS as of 1755GMT.
eff 30MAR14 Bergen – Prague 2 weekly
DY1516 BGO0800 – 1005PRG 73H 7
DY1516 BGO1020 – 1225PRG 73H 4
DY1517 PRG1035 – 1245BGO 73H 7
DY1517 PRG1255 – 1505BGO 73H 4
eff 31MAR14 Bergen – Reykjavik 2 weekly
DY1172 BGO1040 – 1110KEF 73H 15
DY1173 KEF1155 – 1625BGO 73H 15
Operational schedule varies in July and August 2014
eff 02MAY14 Bergen – New York JFK 1 weekly
DY7017 BGO1820 – 2005JFK 788 6
DY7018 JFK2130 – 1035+1BGO 788 5
Register
Register for Routes Europe 2017 in Belfast, Northern Ireland, 23 - 25 April 2017
</topic_text>
<spam_score>0.05</spam_score>
<post_num>1</post_num>
<post_id>post-1</post_id>
<post_url>http://www.routesonline.com/news/38/airlineroute/231561/norwegian-plans-new-routes-from-bergen-in-s14/</post_url>
<post_date>20131217</post_date>
<post_time>1755</post_time>
<username>routesonline.com</username>
<post>
Norwegian on 18DEC13 is set to announce new routes from Bergen , according to the airline’s press release. At time this post goes to press, a number of routes has been appearing in the GDS, under Flight Information section (FLIFO), with remark ” ENTIRE FLT- H/ SEGMENT NOT TO BE DISPLAYED”.
The following planned new routes are based on the extensive search by the airline’s flight number range DY1000 – 1999 and DY7000 – 7099 series. It is possible that additional routes may be announced, including domestic routes (DY001 – 999), but has not been loaded in the GDS as of 1755GMT.
eff 30MAR14 Bergen – Prague 2 weekly
DY1516 BGO0800 – 1005PRG 73H 7
DY1516 BGO1020 – 1225PRG 73H 4
DY1517 PRG1035 – 1245BGO 73H 7
DY1517 PRG1255 – 1505BGO 73H 4
eff 31MAR14 Bergen – Reykjavik 2 weekly
DY1172 BGO1040 – 1110KEF 73H 15
DY1173 KEF1155 – 1625BGO 73H 15
Operational schedule varies in July and August 2014
eff 02MAY14 Bergen – New York JFK 1 weekly
DY7017 BGO1820 – 2005JFK 788 6
DY7018 JFK2130 – 1035+1BGO 788 5
Register
Register for Routes Europe 2017 in Belfast, Northern Ireland, 23 - 25 April 2017
</post>
<signature>

</signature>
<external_links>
<external_link>https://lh3.googleusercontent.com/-Ibs_TiXztc4/UrCSxDKm6aI/AAAAAAAAFfw/rKNyPhC3sVU/s512/ScreenShot021.png</external_link>
</external_links>
<country>IE</country>
<main_image>http://static.routesonline.com/images/news/airline-route/twitter.jpg</main_image>
</document>
