<?xml version="1.0" encoding="UTF-8"?>
<document>
<type>mainstream</type>
<forum>http://www.sputniknews.com/export/rss2/archive/index.xml</forum>
<forum_title>Sputnik International</forum_title>
<discussion_title>Obama to Send US Trade Ambassador to Europe Next Month to Negotiate TTIP</discussion_title>
<language>english</language>
<gmt_offset></gmt_offset>
<topic_url>http://sputniknews.com/world/20160830/1044785630/obama-us-ttip.html</topic_url>
<topic_text>
Obama to Send US Trade Ambassador to Europe Next Month to Negotiate TTIP © AFP 2016/ Mandel Ngan 2 107 0 3 White House spokesperson Josh Earnest said that Barack Obama is sending US trade ambassador Michael Froman to Europe in September to continue negotiations on the Transatlantic Trade and Investment Partnership (TTIP) trade agreement. Brexit is Nail in the Coffin for TTIP, But TAFTA is Still Alive and Kicking WASHINGTON (Sputnik) – President Barack Obama is sending US trade ambassador Michael Froman to Europe in September to continue negotiations on the Transatlantic Trade and Investment Partnership (TTIP) trade agreement, White House spokesperson Josh Earnest said in a press briefing on Tuesday.
&quot;The president is sending his trade ambassador Mike Froman to travel to Europe in a couple of weeks to go continue those negotiations,&quot; Earnest stated. ...
</topic_text>
<spam_score>0.00</spam_score>
<post_num>1</post_num>
<post_id>post-1</post_id>
<post_url>http://sputniknews.com/world/20160830/1044785630/obama-us-ttip.html</post_url>
<post_date>20160830</post_date>
<post_time>1544</post_time>
<username></username>
<post>
Obama to Send US Trade Ambassador to Europe Next Month to Negotiate TTIP © AFP 2016/ Mandel Ngan 2 107 0 3 White House spokesperson Josh Earnest said that Barack Obama is sending US trade ambassador Michael Froman to Europe in September to continue negotiations on the Transatlantic Trade and Investment Partnership (TTIP) trade agreement. Brexit is Nail in the Coffin for TTIP, But TAFTA is Still Alive and Kicking WASHINGTON (Sputnik) – President Barack Obama is sending US trade ambassador Michael Froman to Europe in September to continue negotiations on the Transatlantic Trade and Investment Partnership (TTIP) trade agreement, White House spokesperson Josh Earnest said in a press briefing on Tuesday.
&quot;The president is sending his trade ambassador Mike Froman to travel to Europe in a couple of weeks to go continue those negotiations,&quot; Earnest stated. ...
</post>
<signature>

</signature>
<external_links>

</external_links>
<country>RU</country>
<main_image>https://cdn2.img.sputniknews.com/images/103843/58/1038435848.jpg</main_image>
</document>
