<?xml version="1.0" encoding="UTF-8"?>
<document>
<type>mainstream</type>
<forum>http://feeds.feedblitz.com/previouslytv</forum>
<forum_title>Previously.TV</forum_title>
<discussion_title>From Crazy Ex-Girlfriend To Gimme A Break!, We Rank The Sitcoms Whose Stars Sing Their Theme Songs :: You may never think about Linda Lavin the same way again. [Television]</discussion_title>
<language>english</language>
<gmt_offset></gmt_offset>
<topic_url>http://previously.tv/television/from-crazy-ex-girlfriend-to-gimme-a-break-we-rank-the-sitcoms-whose-stars-sing-their-theme-songs/</topic_url>
<topic_text>
0 
Since it&apos;s late August and my DVR is down to nothing but cooking shows my husband might watch but probably won&apos;t, I&apos;ve been using my TV time to catch what I missed last season. That includes Crazy Ex-Girlfriend , and while I may have many competing feelings about it, one aspect I appreciate without ambivalence is the show&apos;s delightful theme song, performed by series star Rachel Bloom. I love it not only because it&apos;s catchy, but also because it resurrects a glorious tradition of TV themes that are sung by the stars of their shows. 
I&apos;ve been thinking about this sub-genre quite a bit, and now I&apos;ve ranked my favorite star-sung themes from least to most essential. If you&apos;d like to add one to the list, holler at me in the comments. (And if you&apos;d like to submit a recording of yourself singing your comment, then I will not complain!) 227 
I&apos;m not mad at ANY songs on this list, and God knows I will shake a tailfeather to this ditty any damn day, particularly when I&apos;m back from a long day at work and I need to remember, as I unscrew a bottle of blush wine, that there is truly no place like home. 
But if we&apos;re being real? This jam is AWFULLY SIMILAR to a theme that comes later on the list, and vocally, Marla Gibbs pales by comparison. Note, for instance, the way the background singers &quot;helpfully&quot; take over the high note at :32. 
Still, Marla gives me world-class stank when she declares, &quot;I mean no place, child.&quot; I can&apos;t shade her too much when she&apos;s telling the truth. Frasier 
Until five minutes ago, I was prepared to rank this song.. 
...last, since I didn&apos;t think its lyrics had anything to do with Frasier itself. Then I read this report from the song&apos;s composer and learned that, in fact, the lyrics are TOTALLY about Frasier and his career. The titular foods are things that are mixed up! Just like Frasier&apos;s callers! That&apos;s such a weird and confident lyrical choice that I&apos;m bumping it up a spot. And, of course, the song gets full marks for Kelsey Grammer&apos;s louche delivery. While he growls his lines, you can practically hear him rattling the rocks in his scotch. 
NOTE: I realize this song played over the show&apos;s end credits, but I&apos;m bending the rules. Complaints can be filed to Kelsey Grammer&apos;s representatives. Crazy Ex-Girlfriend 
This one might rank higher in a few years, but I&apos;m hesitant to put such a new theme at the top of the list. Anyway...it&apos;s fabulous. 
It&apos;s peppy and catchy, but both Bloom&apos;s line delivery and the song&apos;s tempo border on manic, which is appropriate for the show. I also enjoy how the sunny vibe is undercut by statements that the title of the series is sexist and insulting. And then an actual, animated sun sings that our protagonist is broken inside. How&apos;s that for irony?!?! 
Meanwhile, this song continues ANOTHER vaunted tradition of using a theme song to explain the plot of the series we&apos;re about to watch. Someday, we&apos;ll see where this ranks alongside The Nanny , The Patty Duke Show , and the all-time classic Green Acres . The Fresh Prince Of Bel-Air 
I&apos;ve already declared my enthusiasm for &quot;Parents Just Don&apos;t Understand,&quot; the Fresh Prince hit that&apos;s basically recreated here both visually and sonically. Did they get the same actress to play Will&apos;s mom both times? It sure seems like it! 
But here&apos;s the thing: because The Fresh Prince of Bel-Air ran for such a long time, I feel like the theme song has surpassed &quot;Parents&quot; in the cultural memory. Many of us may have forgotten about the keys to the brand-new Porsche, but I&apos;ll bet we all know we have to smell the cabbie later. All In The Family 
There is so much dramaturgy happening here! 
For one thing, it&apos;s no accident that Lee Adams and Charles Strouse (who also wrote the musical Bye Bye Birdie ) delivered a nostalgic theme like &quot;Those Were The Days.&quot; Archie Bunker lives for the past, after all. 
For another, it&apos;s important that Archie and Edith sing the song themselves (and that we see them doing it). Carroll O&apos;Connor and Jean Stapleton (especially in her Edith voice) aren&apos;t great vocalists, but that&apos;s not the point. Hearing them play off each other lets us know how much they love and enjoy one another. That connection helps us care about them, even as Archie says bigoted things. 
Similarly, it matters that we hear a studio audience laughing along with their shenanigans. It encourages us to laugh with the characters from the start of the episode, which makes it easier to embrace them as they delve into politically fiery territory. Gimme a Break! 
This is what 227 was aiming for. 
Granted, they were both after the sweet soul sounds of themes for &apos;70s series like The Jeffersons and Good Times , but when it comes to leading ladies doing their own vocals, you just can&apos;t beat the twangy fever of Ms. Nell Carter. Bonus points for showing her eating cake after she wonders what happened to her piece of it. I&apos;ll leave the scholars to parse the meanings there. Alice 
You guys! If you haven&apos;t listened to Linda Lavin&apos;s performance of the Alice theme song in a while (or have perhaps never heard it), then do yourself the sweet birthday favor of putting it on repeat right now. 
WHAT THE HELL IS HAPPENING? Was Lavin drunk when she recorded this? When she sang &quot;feelin&apos; good&quot; in that first chorus, did she actually swat the air with her long silk scarf while tossing back her head (which was mostly obscured by massive sunglasses), or am I just assuming she did? And while I know we can&apos;t stare at it directly, lest it blind us for life, can we please cast a sidelong glance at that final high note? It&apos;s more scooped than a pint of Ben and Jerry&apos;s! 
In other words, Linda Lavin&apos;s vocal performance is a perfect work of art. You can burn down Juilliard and La Scala, because music is never getting better. And guess what?!?! She recorded slightly different versions of the song for various seasons of the show. Spend a few minutes on YouTube to find your favorite!
</topic_text>
<spam_score>0.00</spam_score>
<post_num>1</post_num>
<post_id>post-1</post_id>
<post_url>http://previously.tv/television/from-crazy-ex-girlfriend-to-gimme-a-break-we-rank-the-sitcoms-whose-stars-sing-their-theme-songs/</post_url>
<post_date>20160829</post_date>
<post_time>1700</post_time>
<username>Mark Blankenship</username>
<post>
0 
Since it&apos;s late August and my DVR is down to nothing but cooking shows my husband might watch but probably won&apos;t, I&apos;ve been using my TV time to catch what I missed last season. That includes Crazy Ex-Girlfriend , and while I may have many competing feelings about it, one aspect I appreciate without ambivalence is the show&apos;s delightful theme song, performed by series star Rachel Bloom. I love it not only because it&apos;s catchy, but also because it resurrects a glorious tradition of TV themes that are sung by the stars of their shows. 
I&apos;ve been thinking about this sub-genre quite a bit, and now I&apos;ve ranked my favorite star-sung themes from least to most essential. If you&apos;d like to add one to the list, holler at me in the comments. (And if you&apos;d like to submit a recording of yourself singing your comment, then I will not complain!) 227 
I&apos;m not mad at ANY songs on this list, and God knows I will shake a tailfeather to this ditty any damn day, particularly when I&apos;m back from a long day at work and I need to remember, as I unscrew a bottle of blush wine, that there is truly no place like home. 
But if we&apos;re being real? This jam is AWFULLY SIMILAR to a theme that comes later on the list, and vocally, Marla Gibbs pales by comparison. Note, for instance, the way the background singers &quot;helpfully&quot; take over the high note at :32. 
Still, Marla gives me world-class stank when she declares, &quot;I mean no place, child.&quot; I can&apos;t shade her too much when she&apos;s telling the truth. Frasier 
Until five minutes ago, I was prepared to rank this song.. 
...last, since I didn&apos;t think its lyrics had anything to do with Frasier itself. Then I read this report from the song&apos;s composer and learned that, in fact, the lyrics are TOTALLY about Frasier and his career. The titular foods are things that are mixed up! Just like Frasier&apos;s callers! That&apos;s such a weird and confident lyrical choice that I&apos;m bumping it up a spot. And, of course, the song gets full marks for Kelsey Grammer&apos;s louche delivery. While he growls his lines, you can practically hear him rattling the rocks in his scotch. 
NOTE: I realize this song played over the show&apos;s end credits, but I&apos;m bending the rules. Complaints can be filed to Kelsey Grammer&apos;s representatives. Crazy Ex-Girlfriend 
This one might rank higher in a few years, but I&apos;m hesitant to put such a new theme at the top of the list. Anyway...it&apos;s fabulous. 
It&apos;s peppy and catchy, but both Bloom&apos;s line delivery and the song&apos;s tempo border on manic, which is appropriate for the show. I also enjoy how the sunny vibe is undercut by statements that the title of the series is sexist and insulting. And then an actual, animated sun sings that our protagonist is broken inside. How&apos;s that for irony?!?! 
Meanwhile, this song continues ANOTHER vaunted tradition of using a theme song to explain the plot of the series we&apos;re about to watch. Someday, we&apos;ll see where this ranks alongside The Nanny , The Patty Duke Show , and the all-time classic Green Acres . The Fresh Prince Of Bel-Air 
I&apos;ve already declared my enthusiasm for &quot;Parents Just Don&apos;t Understand,&quot; the Fresh Prince hit that&apos;s basically recreated here both visually and sonically. Did they get the same actress to play Will&apos;s mom both times? It sure seems like it! 
But here&apos;s the thing: because The Fresh Prince of Bel-Air ran for such a long time, I feel like the theme song has surpassed &quot;Parents&quot; in the cultural memory. Many of us may have forgotten about the keys to the brand-new Porsche, but I&apos;ll bet we all know we have to smell the cabbie later. All In The Family 
There is so much dramaturgy happening here! 
For one thing, it&apos;s no accident that Lee Adams and Charles Strouse (who also wrote the musical Bye Bye Birdie ) delivered a nostalgic theme like &quot;Those Were The Days.&quot; Archie Bunker lives for the past, after all. 
For another, it&apos;s important that Archie and Edith sing the song themselves (and that we see them doing it). Carroll O&apos;Connor and Jean Stapleton (especially in her Edith voice) aren&apos;t great vocalists, but that&apos;s not the point. Hearing them play off each other lets us know how much they love and enjoy one another. That connection helps us care about them, even as Archie says bigoted things. 
Similarly, it matters that we hear a studio audience laughing along with their shenanigans. It encourages us to laugh with the characters from the start of the episode, which makes it easier to embrace them as they delve into politically fiery territory. Gimme a Break! 
This is what 227 was aiming for. 
Granted, they were both after the sweet soul sounds of themes for &apos;70s series like The Jeffersons and Good Times , but when it comes to leading ladies doing their own vocals, you just can&apos;t beat the twangy fever of Ms. Nell Carter. Bonus points for showing her eating cake after she wonders what happened to her piece of it. I&apos;ll leave the scholars to parse the meanings there. Alice 
You guys! If you haven&apos;t listened to Linda Lavin&apos;s performance of the Alice theme song in a while (or have perhaps never heard it), then do yourself the sweet birthday favor of putting it on repeat right now. 
WHAT THE HELL IS HAPPENING? Was Lavin drunk when she recorded this? When she sang &quot;feelin&apos; good&quot; in that first chorus, did she actually swat the air with her long silk scarf while tossing back her head (which was mostly obscured by massive sunglasses), or am I just assuming she did? And while I know we can&apos;t stare at it directly, lest it blind us for life, can we please cast a sidelong glance at that final high note? It&apos;s more scooped than a pint of Ben and Jerry&apos;s! 
In other words, Linda Lavin&apos;s vocal performance is a perfect work of art. You can burn down Juilliard and La Scala, because music is never getting better. And guess what?!?! She recorded slightly different versions of the song for various seasons of the show. Spend a few minutes on YouTube to find your favorite!
</post>
<signature>

</signature>
<external_links>

</external_links>
<country>US</country>
<main_image>http://previously.tv/m/2016-08-29-television10.jpg</main_image>
</document>
