<?xml version="1.0" encoding="UTF-8"?>
<document>
<type>mainstream</type>
<forum>http://www.sputniknews.com/export/rss2/archive/index.xml</forum>
<forum_title>Sputnik International</forum_title>
<discussion_title>The Biggest Landowners of the United States</discussion_title>
<language>english</language>
<gmt_offset></gmt_offset>
<topic_url>http://sputniknews.com/art_living/20160830/1044788574/us-top-land-owners.html</topic_url>
<topic_text>
The Biggest Landowners of the United States © AP Photo/ Paul Iverson 4 2698 3 18 The United States of America may be a vast country, but it appears that huge swathes of its land are in fact owned by a relatively small number of people. 
So who are these &apos;land barons&apos; exactly? Let’s take a look. ... they also take great care to protect the environment and constantly plant new trees in place of those that they cut down.--What?? They cutting slow growth and replacing with fast growth., turning beautiful forests in to tree farms. How&apos;s that protecting anything? Thank you! Your comment will be reviewed by the moderator for compliance with the Rules Top stories © 2016 Sputnik. All rights reserved Register By clicking &apos;Register&apos;, you confirm that you agree to our Privacy Policy and give your consent to the processing of personal data in accordance with the Privacy Policy Register Close Community standards 
The fact of registration and authorization of users on Sputnik websites via users’ account or accounts on social networks indicates acceptance of these rules. 
Users are obliged abide by national and international laws. Users are obliged to speak respectfully to the other participants in the discussion, readers and individuals referenced in the posts. 
The websites’ administration has the right to delete comments made in languages ​​other than the language of the majority of the websites’ content. 
In all language versions of the sputniknews.com websites any comments posted can be edited. 
A user comment will be deleted if it: does not correspond with the subject of the post; promotes hatred and discrimination on racial, ethnic, sexual, religious or social basis or violates the rights of minorities; violates the rights of minors, causing them harm in any form, including moral damage; contains ideas of extremist nature or calls for other illegal activities; contains insults, threats to other users, individuals or specific organizations, denigrates dignity or undermines business reputations; contains insults or messages expressing disrespect to Sputnik; violates privacy, distributes personal data of third parties without their consent or violates privacy of correspondence; describes or references scenes of violence, cruelty to animals; contains information about methods of suicide, incites to commit suicide; pursues commercial objectives, contains improper advertising, unlawful political advertisement or links to other online resources containing such information; promotes products or services of third parties without proper authorization; contains offensive language or profanity and its derivatives, as well as hints of the use of lexical items falling within this definition; contains spam, advertises spamming, mass mailing services and promotes get-rich-quick schemes; promotes the use of narcotic / psychotropic substances, provides information on their production and use; contains links to viruses and malicious software; is part of an organized action involving large volumes of comments with identical or similar content (&quot;flash mob&quot;); “floods” the discussion thread with a large number of incoherent or irrelevant messages; violates etiquette, exhibiting any form of aggressive, humiliating or abusive behavior (&quot;trolling&quot;); doesn’t follow standard rules of the English language, for example, is typed fully or mostly in capital letters or isn’t broken down into sentences. 
The administration has the right to block a user’s access to the page or delete a user’s account without notice if the user is in violation of these rules or if behavior indicating said violation is detected. 
Users can initiate the recovery of their account / unlock access by contacting the moderators at 
The letter must contain: Subject - the restoration of account / unlock access User ID An explanation of the actions which were in violation of the rules above and resulted in the lock. 
If the moderators deem it possible to restore the account / unlock access, it will be done. 
In the case of repeated violations of the rules above resulting in a second block of a user’s account, access cannot be restored. 
To contact the team of moderators, write to Log in
</topic_text>
<spam_score>0.00</spam_score>
<post_num>1</post_num>
<post_id>post-1</post_id>
<post_url>http://sputniknews.com/art_living/20160830/1044788574/us-top-land-owners.html</post_url>
<post_date>20160830</post_date>
<post_time>1653</post_time>
<username></username>
<post>
The Biggest Landowners of the United States © AP Photo/ Paul Iverson 4 2698 3 18 The United States of America may be a vast country, but it appears that huge swathes of its land are in fact owned by a relatively small number of people. 
So who are these &apos;land barons&apos; exactly? Let’s take a look. ... they also take great care to protect the environment and constantly plant new trees in place of those that they cut down.--What?? They cutting slow growth and replacing with fast growth., turning beautiful forests in to tree farms. How&apos;s that protecting anything? Thank you! Your comment will be reviewed by the moderator for compliance with the Rules Top stories © 2016 Sputnik. All rights reserved Register By clicking &apos;Register&apos;, you confirm that you agree to our Privacy Policy and give your consent to the processing of personal data in accordance with the Privacy Policy Register Close Community standards 
The fact of registration and authorization of users on Sputnik websites via users’ account or accounts on social networks indicates acceptance of these rules. 
Users are obliged abide by national and international laws. Users are obliged to speak respectfully to the other participants in the discussion, readers and individuals referenced in the posts. 
The websites’ administration has the right to delete comments made in languages ​​other than the language of the majority of the websites’ content. 
In all language versions of the sputniknews.com websites any comments posted can be edited. 
A user comment will be deleted if it: does not correspond with the subject of the post; promotes hatred and discrimination on racial, ethnic, sexual, religious or social basis or violates the rights of minorities; violates the rights of minors, causing them harm in any form, including moral damage; contains ideas of extremist nature or calls for other illegal activities; contains insults, threats to other users, individuals or specific organizations, denigrates dignity or undermines business reputations; contains insults or messages expressing disrespect to Sputnik; violates privacy, distributes personal data of third parties without their consent or violates privacy of correspondence; describes or references scenes of violence, cruelty to animals; contains information about methods of suicide, incites to commit suicide; pursues commercial objectives, contains improper advertising, unlawful political advertisement or links to other online resources containing such information; promotes products or services of third parties without proper authorization; contains offensive language or profanity and its derivatives, as well as hints of the use of lexical items falling within this definition; contains spam, advertises spamming, mass mailing services and promotes get-rich-quick schemes; promotes the use of narcotic / psychotropic substances, provides information on their production and use; contains links to viruses and malicious software; is part of an organized action involving large volumes of comments with identical or similar content (&quot;flash mob&quot;); “floods” the discussion thread with a large number of incoherent or irrelevant messages; violates etiquette, exhibiting any form of aggressive, humiliating or abusive behavior (&quot;trolling&quot;); doesn’t follow standard rules of the English language, for example, is typed fully or mostly in capital letters or isn’t broken down into sentences. 
The administration has the right to block a user’s access to the page or delete a user’s account without notice if the user is in violation of these rules or if behavior indicating said violation is detected. 
Users can initiate the recovery of their account / unlock access by contacting the moderators at 
The letter must contain: Subject - the restoration of account / unlock access User ID An explanation of the actions which were in violation of the rules above and resulted in the lock. 
If the moderators deem it possible to restore the account / unlock access, it will be done. 
In the case of repeated violations of the rules above resulting in a second block of a user’s account, access cannot be restored. 
To contact the team of moderators, write to Log in
</post>
<signature>

</signature>
<external_links>

</external_links>
<country>RU</country>
<main_image>https://cdn3.img.sputniknews.com/images/104478/04/1044780474.jpg</main_image>
</document>
