<?xml version="1.0" encoding="UTF-8"?>
<document>
<type>mainstream</type>
<forum></forum>
<forum_title></forum_title>
<discussion_title>小野弘 - Sogi.jp ［追悼］</discussion_title>
<language>japanese</language>
<gmt_offset></gmt_offset>
<topic_url>http://sogi.jp/memorial/%e5%b0%8f%e9%87%8e%e5%bc%98/</topic_url>
<topic_text>
［お偲び］ 小野弘 氏（平石小学校 元校長） 小野弘（おの・ひろし） 
</topic_text>
<spam_score>0.20</spam_score>
<post_num>1</post_num>
<post_id>post-1</post_id>
<post_url>http://sogi.jp/memorial/%e5%b0%8f%e9%87%8e%e5%bc%98/</post_url>
<post_date>20140322</post_date>
<post_time></post_time>
<username></username>
<post>
［お偲び］ 小野弘 氏（平石小学校 元校長） 小野弘（おの・ひろし） 
</post>
<signature>

</signature>
<external_links>

</external_links>
<country>JP</country>
<main_image>http://sogi.jp/memorial/wp-content/uploads/2014/03/22dbba75b9b0c6e15eca0b726ef5780711-672x372.jpg</main_image>
</document>
