<?xml version="1.0" encoding="UTF-8"?>
<document>
<type>mainstream</type>
<forum>http://www.trading-house.net/rss/meldungen/</forum>
<forum_title>trading-house.net Nachrichtenfeed</forum_title>
<discussion_title>Die SBB-Präsidentin über Kosten, Ausbau und ein neues Ticket-System: Wollen Sie das GA abschaffen, Frau Ribar?</discussion_title>
<language>german</language>
<gmt_offset></gmt_offset>
<topic_url>http://www.trading-house.net/news/die-sbb-praesidentin-ueber-kosten-ausbau-und-ein-neues-ticket-system-wollen-sie-das-ga-abschaffen-frau-ribar-50947199</topic_url>
<topic_text>
31.08.2016 - 02:16 Uhr Die SBB-Präsidentin über Kosten, Ausbau und ein neues Ticket-System: Wollen Sie das GA abschaffen, Frau Ribar? Seit dem 1. Juni 2016 ist Monika Ribar (56) die höchste Bähnlerin der Nation. Laut der SBB-Präsidentin soll es beim GA grössere Veränderungen geben. Auch die Kosten sind ein Thema. Man schaue alles an, sagt Ribar im Interview.
</topic_text>
<spam_score>0.00</spam_score>
<post_num>1</post_num>
<post_id>post-1</post_id>
<post_url>http://www.trading-house.net/news/die-sbb-praesidentin-ueber-kosten-ausbau-und-ein-neues-ticket-system-wollen-sie-das-ga-abschaffen-frau-ribar-50947199</post_url>
<post_date>20160831</post_date>
<post_time>0016</post_time>
<username></username>
<post>
31.08.2016 - 02:16 Uhr Die SBB-Präsidentin über Kosten, Ausbau und ein neues Ticket-System: Wollen Sie das GA abschaffen, Frau Ribar? Seit dem 1. Juni 2016 ist Monika Ribar (56) die höchste Bähnlerin der Nation. Laut der SBB-Präsidentin soll es beim GA grössere Veränderungen geben. Auch die Kosten sind ein Thema. Man schaue alles an, sagt Ribar im Interview.
</post>
<signature>

</signature>
<external_links>

</external_links>
<country>DE</country>
<main_image></main_image>
</document>
