<?xml version="1.0" encoding="UTF-8"?>
<document>
<type>mainstream</type>
<forum>http://www.trading-house.net/rss/meldungen/</forum>
<forum_title>trading-house.net Nachrichtenfeed</forum_title>
<discussion_title>Polizeipräsidium Hamm / Viktoriastraße - Zwei Frauen bei einem ...</discussion_title>
<language>german</language>
<gmt_offset></gmt_offset>
<topic_url>http://www.trading-house.net/news/polizeipraesidium-hamm-viktoriastrasse-zwei-frauen-bei-einem-50947067</topic_url>
<topic_text>
Polizeipräsidium Hamm / Viktoriastraße - Zwei Frauen bei einem ... Viktoriastraße - Zwei Frauen bei einem Verkehrsunfall leicht verletzt. 
Hamm-Westen - Am Dienstag, gegen 16.10 Uhr ereignete sich auf der Viktoriastraße ein Verkehrsunfall, bei dem eine 69 Jahre alte und eine 75 Jahre alte Frau in einem Linienbus der Stadtwerke leicht verletzt wurden. Zur Unfallzeit fuhr der Bus von einer Haltestelle auf der Viktoriastraße an. Zeitgleich überholte ein gelber VW den Bus. Der Busfahrer hupte. Der bereits vor dem Bus fahrende VW bremste sein Fahrzeug bis zum Stillstand ab. Der Busfahrer leitete eine Gefahrenbremsung ein und brachte sein Fahrzeug zum Stillstand. Zu einem Zusammenstoß der Fahrzeuge kam es nicht. In dem Bus stürzten die beiden Frauen. Eine Frau musste mit einem Rettungswagen in ein Hammer Krankenhaus gebracht werden. Dort wurde sie ambulant behandelt. Der Fahrer des VW entfernte sich von der Unfallstelle. Er konnte jedoch, auf Grund aufmerksamer Zeugen, ermittelt werden. (bs) 
OTS: Polizeipräsidium Hamm newsroom: http://www.presseportal.de/blaulicht/nr/65844 newsroom via RSS: http://www.presseportal.de/rss/dienststelle_65844.rss2 
Rückfragen bitte an:
</topic_text>
<spam_score>0.00</spam_score>
<post_num>1</post_num>
<post_id>post-1</post_id>
<post_url>http://www.trading-house.net/news/polizeipraesidium-hamm-viktoriastrasse-zwei-frauen-bei-einem-50947067</post_url>
<post_date>20160830</post_date>
<post_time>2335</post_time>
<username></username>
<post>
Polizeipräsidium Hamm / Viktoriastraße - Zwei Frauen bei einem ... Viktoriastraße - Zwei Frauen bei einem Verkehrsunfall leicht verletzt. 
Hamm-Westen - Am Dienstag, gegen 16.10 Uhr ereignete sich auf der Viktoriastraße ein Verkehrsunfall, bei dem eine 69 Jahre alte und eine 75 Jahre alte Frau in einem Linienbus der Stadtwerke leicht verletzt wurden. Zur Unfallzeit fuhr der Bus von einer Haltestelle auf der Viktoriastraße an. Zeitgleich überholte ein gelber VW den Bus. Der Busfahrer hupte. Der bereits vor dem Bus fahrende VW bremste sein Fahrzeug bis zum Stillstand ab. Der Busfahrer leitete eine Gefahrenbremsung ein und brachte sein Fahrzeug zum Stillstand. Zu einem Zusammenstoß der Fahrzeuge kam es nicht. In dem Bus stürzten die beiden Frauen. Eine Frau musste mit einem Rettungswagen in ein Hammer Krankenhaus gebracht werden. Dort wurde sie ambulant behandelt. Der Fahrer des VW entfernte sich von der Unfallstelle. Er konnte jedoch, auf Grund aufmerksamer Zeugen, ermittelt werden. (bs) 
OTS: Polizeipräsidium Hamm newsroom: http://www.presseportal.de/blaulicht/nr/65844 newsroom via RSS: http://www.presseportal.de/rss/dienststelle_65844.rss2 
Rückfragen bitte an:
</post>
<signature>

</signature>
<external_links>

</external_links>
<country>DE</country>
<main_image></main_image>
</document>
