<?xml version="1.0" encoding="UTF-8"?>
<document>
<type>mainstream</type>
<forum>http://feeds.feedblitz.com/previouslytv</forum>
<forum_title>Previously.TV</forum_title>
<discussion_title>Dancing With The Stars Announces Season 23 Cast :: Ryan Lochte is definitely on the list. No, that wasn&apos;t just a rumor. [Dancing With The Stars]</discussion_title>
<language>english</language>
<gmt_offset></gmt_offset>
<topic_url>http://previously.tv/dancing-with-the-stars/check-out-wholl-be-on-dancing-with-the-stars-next-season/</topic_url>
<topic_text>
Dancing With The Stars Announces Season 23 Cast Ryan Lochte is definitely on the list. No, that wasn&apos;t just a rumor. 0 
Wait, you&apos;re serious about Ryan Lochte? Yep. Prepare for the Lochte jokes to continue on until the end of 2016. He&apos;ll be partnered with Cheryl Burke this season. 
Who else will be on the show? Aside from Lochte, here&apos;s the official lineup: Laurie Hernandez and Valentin Chmerkovskiy, Amber Rose and Maksim Chmerkovskiy, Marilu Henner and Derek Hough, Calvin Johnson and Lindsay Arnold, Vanilla Ice and Witney Carson, Maureen McCormick and Artem Chigvintsev, Emma Slater and Rick Perry, Jake T. Austin and Jenna Johnson, Kenneth &quot;Babyface&quot; Edmonds and Allison Holker, Terra Jolé and Sasha Farber, James Hinchcliffe and Sharna Burgess, and finally, Jana Kramer and Gleb Savchenko. It&apos;s definitely an interesting cast -- you&apos;ve got Olympians, a 90&apos;s pop star, and Marcia Brady in the mix. 
When does this madness start? Dancing With The Stars will be returning to your TV screen on September 12th, on ABC.
</topic_text>
<spam_score>0.00</spam_score>
<post_num>1</post_num>
<post_id>post-1</post_id>
<post_url>http://previously.tv/dancing-with-the-stars/check-out-wholl-be-on-dancing-with-the-stars-next-season/</post_url>
<post_date>20160830</post_date>
<post_time>1345</post_time>
<username>Karen Belz</username>
<post>
Dancing With The Stars Announces Season 23 Cast Ryan Lochte is definitely on the list. No, that wasn&apos;t just a rumor. 0 
Wait, you&apos;re serious about Ryan Lochte? Yep. Prepare for the Lochte jokes to continue on until the end of 2016. He&apos;ll be partnered with Cheryl Burke this season. 
Who else will be on the show? Aside from Lochte, here&apos;s the official lineup: Laurie Hernandez and Valentin Chmerkovskiy, Amber Rose and Maksim Chmerkovskiy, Marilu Henner and Derek Hough, Calvin Johnson and Lindsay Arnold, Vanilla Ice and Witney Carson, Maureen McCormick and Artem Chigvintsev, Emma Slater and Rick Perry, Jake T. Austin and Jenna Johnson, Kenneth &quot;Babyface&quot; Edmonds and Allison Holker, Terra Jolé and Sasha Farber, James Hinchcliffe and Sharna Burgess, and finally, Jana Kramer and Gleb Savchenko. It&apos;s definitely an interesting cast -- you&apos;ve got Olympians, a 90&apos;s pop star, and Marcia Brady in the mix. 
When does this madness start? Dancing With The Stars will be returning to your TV screen on September 12th, on ABC.
</post>
<signature>

</signature>
<external_links>

</external_links>
<country>US</country>
<main_image>http://previously.tv/m/2016-08-30-DWTS.jpg</main_image>
</document>
