<?xml version="1.0" encoding="UTF-8"?>
<document>
<type>mainstream</type>
<forum></forum>
<forum_title></forum_title>
<discussion_title>‘People taking advantage of unrest, making encroachments, doing timber smuggling’</discussion_title>
<language>english</language>
<gmt_offset></gmt_offset>
<topic_url>http://www.greaterkashmir.com/news/jammu/story/227227.html</topic_url>
<topic_text>
Wednesday, August 31, 2016, 27, Zul Qaadah, 1437 ‘People taking advantage of unrest, making encroachments, doing timber smuggling’ She said the government took strict action against such people. “We took strict action and removed around 250 structures (shops), houses. Not only poor, but more influential and big people were involved in this.” ARVIND SHARMA Jammu, Publish Date: Aug 31 2016 1:18AM | Updated Date: Aug 31 2016 1:18AM File Photo 
J&amp;K Chief Minister Mehbooba Mufti on Tuesday said “certain people are taking advantage” of the ongoing situation in Kashmir and “making encroachments and indulging in timber smug¬gling.” Mehbooba said while protests were going on and processions taken out, “many people, taking advantage of the situation, are making encroachments, especially along Dal Lake and are also involved in timber smuggling thinking that the government’s focus is somewhere else .” 
She was addressing a gathering after inaugurating Indira Gandhi Dental College here. “Situation is so worse in Kashmir and the govern¬ment is very much focused there but still some people are busy in raising shops and houses in and along Dal Lake and doing timber smuggling,” Mehbooba said. 
She said the government took strict action against such people. “We took strict action and removed around 250 structures (shops), houses. Not only poor, but more influential and big people were involved in this.” 
She said if “we continue to make encroachments, the land will shrink and there will be no land left for making institutions and roads.”“If encroach¬ments go on like this, where will we make our institutions and roads?” she said. 
She said that Jammu and Kashmir is “passing through a difficult phase. The situation is worse in Kashmir and the government is focused but it should not be perceived that we have forgot¬ten Jammu. We are equally concerned about Jammu.” 
Mehbooba asked officers to help the government as much of its attention is towards Kashmir and in the process Jammu should not suffer. 
</topic_text>
<spam_score>0.02</spam_score>
<post_num>1</post_num>
<post_id>post-1</post_id>
<post_url>http://www.greaterkashmir.com/news/jammu/story/227227.html</post_url>
<post_date>20160820</post_date>
<post_time></post_time>
<username>Arvind Sharma</username>
<post>
Wednesday, August 31, 2016, 27, Zul Qaadah, 1437 ‘People taking advantage of unrest, making encroachments, doing timber smuggling’ She said the government took strict action against such people. “We took strict action and removed around 250 structures (shops), houses. Not only poor, but more influential and big people were involved in this.” ARVIND SHARMA Jammu, Publish Date: Aug 31 2016 1:18AM | Updated Date: Aug 31 2016 1:18AM File Photo 
J&amp;K Chief Minister Mehbooba Mufti on Tuesday said “certain people are taking advantage” of the ongoing situation in Kashmir and “making encroachments and indulging in timber smug¬gling.” Mehbooba said while protests were going on and processions taken out, “many people, taking advantage of the situation, are making encroachments, especially along Dal Lake and are also involved in timber smuggling thinking that the government’s focus is somewhere else .” 
She was addressing a gathering after inaugurating Indira Gandhi Dental College here. “Situation is so worse in Kashmir and the govern¬ment is very much focused there but still some people are busy in raising shops and houses in and along Dal Lake and doing timber smuggling,” Mehbooba said. 
She said the government took strict action against such people. “We took strict action and removed around 250 structures (shops), houses. Not only poor, but more influential and big people were involved in this.” 
She said if “we continue to make encroachments, the land will shrink and there will be no land left for making institutions and roads.”“If encroach¬ments go on like this, where will we make our institutions and roads?” she said. 
She said that Jammu and Kashmir is “passing through a difficult phase. The situation is worse in Kashmir and the government is focused but it should not be perceived that we have forgot¬ten Jammu. We are equally concerned about Jammu.” 
Mehbooba asked officers to help the government as much of its attention is towards Kashmir and in the process Jammu should not suffer. 
</post>
<signature>

</signature>
<external_links>

</external_links>
<country>US</country>
<main_image>http://www.greaterkashmir.com/cms/gall_content/2016/8/2016_8$largeimg231_Aug_2016_011814823.jpg</main_image>
</document>
