<?xml version="1.0" encoding="UTF-8"?>
<document>
<type>mainstream</type>
<forum>http://www.onenewspage.com/rss/latest/Front+Page.rss</forum>
<forum_title>Latest Front Page News on One News Page</forum_title>
<discussion_title>Jane Montgomery Griffiths leads powerhouse cast in Wit at Fortyfivedownstairs</discussion_title>
<language>english</language>
<gmt_offset></gmt_offset>
<topic_url>http://www.onenewspage.com.au/n/Front+Page/759s6317b/Jane-Montgomery-Griffiths-leads-powerhouse-cast-in-Wit.htm</topic_url>
<topic_text>
Jane Montgomery Griffiths leads powerhouse cast in Wit at Fortyfivedownstairs Wednesday, 31 August 2016 ( 33 minutes ago ) Margaret Edson&apos;s Wit is a harrowing passion play, charting the experience of an academic who finds her body under siege when she is diagnosed with advanced ovarian cancer.
</topic_text>
<spam_score>0.00</spam_score>
<post_num>1</post_num>
<post_id>post-1</post_id>
<post_url>http://www.onenewspage.com.au/n/Front+Page/759s6317b/Jane-Montgomery-Griffiths-leads-powerhouse-cast-in-Wit.htm</post_url>
<post_date>20160831</post_date>
<post_time>0021</post_time>
<username></username>
<post>
Jane Montgomery Griffiths leads powerhouse cast in Wit at Fortyfivedownstairs Wednesday, 31 August 2016 ( 33 minutes ago ) Margaret Edson&apos;s Wit is a harrowing passion play, charting the experience of an academic who finds her body under siege when she is diagnosed with advanced ovarian cancer.
</post>
<signature>

</signature>
<external_links>

</external_links>
<country>US</country>
<main_image>http://cdn.newsserve.net/ONPglobe128.png</main_image>
</document>
