<?xml version="1.0" encoding="UTF-8"?>
<document>
<type>mainstream</type>
<forum>http://www.sputniknews.com/export/rss2/archive/index.xml</forum>
<forum_title>Sputnik International</forum_title>
<discussion_title>Saudi Man Attends Daesh Military Training Camp to Lose Weight</discussion_title>
<language>english</language>
<gmt_offset></gmt_offset>
<topic_url>http://sputniknews.com/middleeast/20160830/1044784718/saudi-daesh-accused-involvement.html</topic_url>
<topic_text>
Saudi Man Attends Daesh Military Training Camp to Lose Weight © AFP 2016/ HO / ALBARAKA NEWS 2 1147 6 7 A Saudi man apparently attended Daesh military training to lose weight. His legal argument has not apparently gone down too well with Saudi authorities. 
The Riyadh Erie court has accused a Saudi man of belonging to the Daesh terrorist group. © Sputnik/ Tabyldy Kadyrbekov Warning Bell: Attack on Chinese Embassy in Kyrgyzstan Signals Alarming Changes The court provided evidence of the man attending military training in clandestine centers, in which men are trained as soldiers and are prepared to take part in terrorist attacks.
According to Saudi media, the local man passed his military training and planned to join the ranks of Daesh in Afghanistan . 
In his defense, man told the court that he entered the “military fitness” program as a kind of fat-camp. 
Questioned why he decided to use recruitment training offered by a global terrorist organization, the man failed to provide a clear answer. 
Several Saudis have earlier been convicted at the Riyadh Erie court hearings after they were caught trying to leave the country to engage in terrorist activities. According to Saudi media reports, the fate of the accused will not be publically released. ...
</topic_text>
<spam_score>0.00</spam_score>
<post_num>1</post_num>
<post_id>post-1</post_id>
<post_url>http://sputniknews.com/middleeast/20160830/1044784718/saudi-daesh-accused-involvement.html</post_url>
<post_date>20160830</post_date>
<post_time>1533</post_time>
<username></username>
<post>
Saudi Man Attends Daesh Military Training Camp to Lose Weight © AFP 2016/ HO / ALBARAKA NEWS 2 1147 6 7 A Saudi man apparently attended Daesh military training to lose weight. His legal argument has not apparently gone down too well with Saudi authorities. 
The Riyadh Erie court has accused a Saudi man of belonging to the Daesh terrorist group. © Sputnik/ Tabyldy Kadyrbekov Warning Bell: Attack on Chinese Embassy in Kyrgyzstan Signals Alarming Changes The court provided evidence of the man attending military training in clandestine centers, in which men are trained as soldiers and are prepared to take part in terrorist attacks.
According to Saudi media, the local man passed his military training and planned to join the ranks of Daesh in Afghanistan . 
In his defense, man told the court that he entered the “military fitness” program as a kind of fat-camp. 
Questioned why he decided to use recruitment training offered by a global terrorist organization, the man failed to provide a clear answer. 
Several Saudis have earlier been convicted at the Riyadh Erie court hearings after they were caught trying to leave the country to engage in terrorist activities. According to Saudi media reports, the fate of the accused will not be publically released. ...
</post>
<signature>

</signature>
<external_links>

</external_links>
<country>RU</country>
<main_image>https://cdn5.img.sputniknews.com/images/103767/97/1037679751.jpg</main_image>
</document>
