<?xml version="1.0" encoding="UTF-8"?>
<document>
<type>mainstream</type>
<forum>http://www.main-spitze.de/politik/index.rss</forum>
<forum_title>Main-Spitze - Nachrichten, Politik und weitere Meldungen aus Deutschland und aller Welt</forum_title>
<discussion_title>Dreyers Hahn-Gate</discussion_title>
<language>german</language>
<gmt_offset></gmt_offset>
<topic_url>http://www.main-spitze.de/politik/rheinland-pfalz/dreyers-hahn-gate_17254168.htm</topic_url>
<topic_text>
Rheinland-Pfalz 31.08.2016 Dreyers Hahn-Gate 
Ministerpräsidentin Malu Dreyer (Mitte), Ulrike Höfken und Volker Wissing nach 100 Tagen in der Ampelkoalition. Foto: Staatskanzlei RLP / Pulkowski Vielen Dank - Sie haben bereits 5 Freiartikel in diesem Monat gelesen 
Sichern Sie sich mit Ihrer kostenlosen Registrierung 10 weitere Freiartikel pro Monat. Oder entscheiden Sie sich für eines unserer attraktiven Abo-Angebote. Sie sind bereits Zeitungs- oder Digital-Abonnent? Dann lesen Sie nach der Registrierung unbegrenzt weiter. Ihre Zugangsdaten gelten übrigens auch für Ihre abonnierten Digitalprodukte. Sie sind bereits registriert?
</topic_text>
<spam_score>0.00</spam_score>
<post_num>1</post_num>
<post_id>post-1</post_id>
<post_url>http://www.main-spitze.de/politik/rheinland-pfalz/dreyers-hahn-gate_17254168.htm</post_url>
<post_date>20160830</post_date>
<post_time>2200</post_time>
<username></username>
<post>
Rheinland-Pfalz 31.08.2016 Dreyers Hahn-Gate 
Ministerpräsidentin Malu Dreyer (Mitte), Ulrike Höfken und Volker Wissing nach 100 Tagen in der Ampelkoalition. Foto: Staatskanzlei RLP / Pulkowski Vielen Dank - Sie haben bereits 5 Freiartikel in diesem Monat gelesen 
Sichern Sie sich mit Ihrer kostenlosen Registrierung 10 weitere Freiartikel pro Monat. Oder entscheiden Sie sich für eines unserer attraktiven Abo-Angebote. Sie sind bereits Zeitungs- oder Digital-Abonnent? Dann lesen Sie nach der Registrierung unbegrenzt weiter. Ihre Zugangsdaten gelten übrigens auch für Ihre abonnierten Digitalprodukte. Sie sind bereits registriert?
</post>
<signature>

</signature>
<external_links>

</external_links>
<country>DE</country>
<main_image>http://www.main-spitze.de/pics/edition/ms/logo_facebook.jpg</main_image>
</document>
