<?xml version="1.0" encoding="UTF-8"?>
<document>
<type>mainstream</type>
<forum>http://www.euractiv.com/rss.xml</forum>
<forum_title>EurActiv.com</forum_title>
<discussion_title>France demands end to TTIP talks</discussion_title>
<language>english</language>
<gmt_offset></gmt_offset>
<topic_url>http://www.euractiv.com/section/trade-society/news/paris-to-demand-an-end-to-opaque-ttip-negotiations/</topic_url>
<topic_text>
France plans to call for an end to the transatlantic free trade talks in September, so the negotiations can be restarted “on a good basis”, Matthias Fekl announced. EurActiv France reports .
The French Secretary of State for Foreign Trade, Matthias Fekl, has said there is “no longer any political support” in Paris for the Transatlantic Trade and Investment Partnership (TTIP) negotiations that kicked off between Europe and the United States in July 2013.
“At the end of September, at the meeting of foreign trade ministers in Bratislava, I will ask, in the name of France, for the TTIP negotiations to be stopped,” Fekl said. An informal meeting of the EU’s heads of state (minus the United Kingdom) is planned for 23 September in Slovakia.
“France wants the negotiations to be stopped, purely, simply and definitively,” Fekl said. “Why? Because they were started in a spirit of opacity. We need to put a clean, clear and definitive stop to the process so we can restart the discusions on a good basis. ”
Germany says TTIP dead in the water Germany’s Vice Chancellor and Economy Minister, Sigmar Gabriel, said yesterday (28 August) that negotiations on the so-called Transatlantic Trade and Investment Partnership – or TTIP – between the EU and the US were effectively dead in the water.
EurActiv.com 
He justified this demand by the fact that the negotiations, which have been carried out by the European Commission on behalf of the member states, appeared to be loaded in favour of the American positions. The 14th round of negotiations was held in mid-July.
For the French secretary of state, the discussions are not “worthy of the historic relationship” between Europe and the United States. “The Americans give nothing, or mere crumbs […], this is not how we should negotiate between allies. ”
Germany’s Minister of Economy Sigmar Gabriel said on Sunday (28 August) that TTIP was “finished”, as the two parties had failed to agree on a single point in the 27 negotiation chapters. This declaration was immediately denounced by the Commission.
US fails to see the problem 
Washington’s lead negotiator told the German weekly Der Spiegel that the TTIP negotiations were making steady progress. “The reality is that the negotiations are moving forward,” Michael Froman said.
Brussels took the same line on Monday, saying it had received a mandate to negotiate the free trade deal with the US and that TTIP was still very much on the agenda.
TTIP deal alive and well, insists Commission The European Commission today (29 August) insisted that it stood ready to finalise TTIP by the end of the year, after a leading German minister said the EU-US trade deal was dead in the water.
EurActiv.com 
Barack Obama, who has also encountered vociforous opposition to TTIP in the US, said he wants to conclude the agreement before the end of his second mandate in January.
Commission spokesperson Margaritis Schinas said on Monday that the European executive also hopes to conclude the talks this year, but not if it means sacrificing European standards on security, health, social security, data protection or cultural diversity.
Dutch voters now demanding referendum on TTIP EXCLUSIVE / Dutch voters want a referendum on the TransAtlantic Trade and Investment Partnership (TTIP), throwing into doubt the future of the US-EU free trade deal, nine days after the country’s ‘no’ vote in a plebiscite on an EU-Ukraine association agreement.
EurActiv.com
</topic_text>
<spam_score>0.00</spam_score>
<post_num>1</post_num>
<post_id>post-1</post_id>
<post_url>http://www.euractiv.com/section/trade-society/news/paris-to-demand-an-end-to-opaque-ttip-negotiations/</post_url>
<post_date>20160830</post_date>
<post_time>1213</post_time>
<username>Euractiv.fr with agencies</username>
<post>
France plans to call for an end to the transatlantic free trade talks in September, so the negotiations can be restarted “on a good basis”, Matthias Fekl announced. EurActiv France reports .
The French Secretary of State for Foreign Trade, Matthias Fekl, has said there is “no longer any political support” in Paris for the Transatlantic Trade and Investment Partnership (TTIP) negotiations that kicked off between Europe and the United States in July 2013.
“At the end of September, at the meeting of foreign trade ministers in Bratislava, I will ask, in the name of France, for the TTIP negotiations to be stopped,” Fekl said. An informal meeting of the EU’s heads of state (minus the United Kingdom) is planned for 23 September in Slovakia.
“France wants the negotiations to be stopped, purely, simply and definitively,” Fekl said. “Why? Because they were started in a spirit of opacity. We need to put a clean, clear and definitive stop to the process so we can restart the discusions on a good basis. ”
Germany says TTIP dead in the water Germany’s Vice Chancellor and Economy Minister, Sigmar Gabriel, said yesterday (28 August) that negotiations on the so-called Transatlantic Trade and Investment Partnership – or TTIP – between the EU and the US were effectively dead in the water.
EurActiv.com 
He justified this demand by the fact that the negotiations, which have been carried out by the European Commission on behalf of the member states, appeared to be loaded in favour of the American positions. The 14th round of negotiations was held in mid-July.
For the French secretary of state, the discussions are not “worthy of the historic relationship” between Europe and the United States. “The Americans give nothing, or mere crumbs […], this is not how we should negotiate between allies. ”
Germany’s Minister of Economy Sigmar Gabriel said on Sunday (28 August) that TTIP was “finished”, as the two parties had failed to agree on a single point in the 27 negotiation chapters. This declaration was immediately denounced by the Commission.
US fails to see the problem 
Washington’s lead negotiator told the German weekly Der Spiegel that the TTIP negotiations were making steady progress. “The reality is that the negotiations are moving forward,” Michael Froman said.
Brussels took the same line on Monday, saying it had received a mandate to negotiate the free trade deal with the US and that TTIP was still very much on the agenda.
TTIP deal alive and well, insists Commission The European Commission today (29 August) insisted that it stood ready to finalise TTIP by the end of the year, after a leading German minister said the EU-US trade deal was dead in the water.
EurActiv.com 
Barack Obama, who has also encountered vociforous opposition to TTIP in the US, said he wants to conclude the agreement before the end of his second mandate in January.
Commission spokesperson Margaritis Schinas said on Monday that the European executive also hopes to conclude the talks this year, but not if it means sacrificing European standards on security, health, social security, data protection or cultural diversity.
Dutch voters now demanding referendum on TTIP EXCLUSIVE / Dutch voters want a referendum on the TransAtlantic Trade and Investment Partnership (TTIP), throwing into doubt the future of the US-EU free trade deal, nine days after the country’s ‘no’ vote in a plebiscite on an EU-Ukraine association agreement.
EurActiv.com
</post>
<signature>

</signature>
<external_links>

</external_links>
<country>BG</country>
<main_image>http://www.euractiv.com/wp-content/uploads/sites/2/2016/02/TTIP_demonstration_CREDITGarry-Knight_Flickr-300x200.jpg</main_image>
</document>
