<?xml version="1.0" encoding="UTF-8"?>
<document>
<type>mainstream</type>
<forum>http://rssfeeds.whas11.com/_/20/107882864/whas/football</forum>
<forum_title>WHAS - Football</forum_title>
<discussion_title>Vikings QB Teddy Bridgewater has...</discussion_title>
<language>english</language>
<gmt_offset></gmt_offset>
<topic_url>http://rssfeeds.whas11.com/_/20/107882864/whas/http&amp;#x3a;&amp;#x2f;&amp;#x2f;www&amp;#x2e;whas11&amp;#x2e;com&amp;#x2f;sports&amp;#x2f;football&amp;#x2f;vikings-qb-bridgewater-goes-down-in-practice-with-injury&amp;#x2f;311331119</topic_url>
<topic_text>
Vikings QB Teddy Bridgewater has &apos;significant&apos; knee injury Associated Press , WHAS 7:11 PM. CDT August 30, 2016 Aug 1, 2016; Mankato, MN, USA; Minnesota Vikings quarterback Teddy Bridgewater (5) passes in drills at training camp at Minnesota State University. Mandatory Credit: Bruce Kluckhohn-USA TODAY Sports (Photo: Bruce Kluckhohn, Custom) CONNECT TWEET LINKEDIN GOOGLE+ PINTEREST EDEN PRAIRIE, Minn. (AP) — About 2½ hours after quarterback Teddy Bridgewater was taken from the practice field to a nearby hospital with a significant left knee injury, Minnesota Vikings coach Mike Zimmer tried to straddle the line between expressing concern for a beloved teammate and confidence in the rest of a team that entered training camp with designs on a Super Bowl run. And while Zimmer tried on multiple occasions to leave the door open in case test results on Bridgewater&apos;s knee came back better than expected, the straight-talking coach couldn&apos;t hide the fact that the organization was bracing for the worst. When asked if he had any hope for Bridgewater returning this season, Zimmer said, &quot;I don&apos;t know. It doesn&apos;t look good right now.&quot; In a matter of moments, a season that began with so much promise for the Vikings was thrown up into the air. Bridgewater suffered a non-contact knee injury on Tuesday, one so jolting that it caused Zimmer to immediately end practice and an ambulance to rush to the scene and get the quarterback to the hospital. Specifics were slim while the team awaited test results, but the stunned faces on the players exiting the practice field and tweets of prayers for one of the team&apos;s most popular members painted the picture of a shaken franchise. Zimmer addressed the team in full after the injury and was clearly sympathetic for Bridgewater. But he also tried to steer the team&apos;s focus back to the field as the players prepare for their preseason finale against the Los Angeles Rams on Thursday night and the season opener at Tennessee on Sept. 11. &quot;I&apos;m not going to let this team feel sorry for itself,&quot; Zimmer said. &quot;We&apos;re going to grieve today and be upset about it. It&apos;s more about our feelings for Teddy and him as a person and getting better than it is about anything else. Teddy&apos;s a great kid and he&apos;ll be back as soon as he possibly can if it is real bad. But we&apos;re going to keep fighting.&quot; Bridgewater was injured when he dropped back to pass during a drill and planted his foot. He crumpled to the turf and grabbed his left knee while concerned teammates and athletic trainers hurried to his side. Zimmer ended practice, and players were visibly distraught as they departed, some hurling expletives into the air. Moments later, a siren-blaring ambulance pulled into the team&apos;s Winter Park headquarters, stayed for about 10 minutes and then pulled away with the quarterback in tow, his leg immobilized in an air cast. &quot;Teddy&apos;s such a great kid,&quot; Zimmer said. &quot;I love this kid. Our fans love this kid.&quot; Zimmer said the team would release full details when it receives the test results. He said he spoke to Bridgewater&apos;s mother several times to keep her updated, had some phone conversations with mentor Bill Parcells and even talked &quot;in spirit&quot; to his father Bill, an ex-coach who died last summer, about how to best handle the situation. &quot;We&apos;re not going to stick our heads in the sand, we&apos;re not going to tuck our (tail between) our legs,&quot; Zimmer said. &quot;We&apos;re not looking for excuses. We&apos;re going to go out and fight like we always do.&quot; There is little behind Bridgewater on the depth chart. Shaun Hill is the primary backup, but he&apos;s 36 years old and has played only sparingly over the last five years. Taylor Heinicke, last year&apos;s No. 3 quarterback, has been out all preseason with an injury, and undrafted rookie Joel Stave has struggled mightily at times during practices. Hill started eight games for the Rams in 2014, throwing eight touchdown passes and seven interceptions. Other than that, he has thrown a total of 23 passes dating back to 2010. &quot;I have confidence in Shaun,&quot; Zimmer said. &quot;I think he&apos;s played great this preseason. He&apos;s been in 2-minute drills. He&apos;s done a phenomenal job.&quot; The Vikings were counting on Bridgewater to take some major steps forward after a promising start to his career. He helped lead the Vikings to the NFC North championship last season as more of a game manager, but Zimmer and offensive coordinator Norv Turner had said they expected him to be much more of a playmaker in 2016. Bridgewater missed the second preseason game with a sore shoulder, but was very sharp Sunday against San Diego. He went 12 for 16 for 161 yards and a touchdown in two quarters of work. Zimmer said he has already had preliminary discussions with general manager Rick Spielman about adding another quarterback if necessary, but the injury also likely puts even more emphasis on Adrian Peterson and the running game. &quot;This isn&apos;t a one-man deal,&quot; Zimmer said. &quot;We all feel terrible if it is real significant for Teddy. But this is about the team. We have a good team. ... This is about a team and it&apos;s about us trying to figure out ways to win football games. 
Copyright 2016 The Associated Press. All rights reserved. This material may not be published, broadcast, rewritten or redistributed.
</topic_text>
<spam_score>0.00</spam_score>
<post_num>1</post_num>
<post_id>post-1</post_id>
<post_url>http://rssfeeds.whas11.com/_/20/107882864/whas/http&amp;#x3a;&amp;#x2f;&amp;#x2f;www&amp;#x2e;whas11&amp;#x2e;com&amp;#x2f;sports&amp;#x2f;football&amp;#x2f;vikings-qb-bridgewater-goes-down-in-practice-with-injury&amp;#x2f;311331119</post_url>
<post_date>20160831</post_date>
<post_time>0011</post_time>
<username></username>
<post>
Vikings QB Teddy Bridgewater has &apos;significant&apos; knee injury Associated Press , WHAS 7:11 PM. CDT August 30, 2016 Aug 1, 2016; Mankato, MN, USA; Minnesota Vikings quarterback Teddy Bridgewater (5) passes in drills at training camp at Minnesota State University. Mandatory Credit: Bruce Kluckhohn-USA TODAY Sports (Photo: Bruce Kluckhohn, Custom) CONNECT TWEET LINKEDIN GOOGLE+ PINTEREST EDEN PRAIRIE, Minn. (AP) — About 2½ hours after quarterback Teddy Bridgewater was taken from the practice field to a nearby hospital with a significant left knee injury, Minnesota Vikings coach Mike Zimmer tried to straddle the line between expressing concern for a beloved teammate and confidence in the rest of a team that entered training camp with designs on a Super Bowl run. And while Zimmer tried on multiple occasions to leave the door open in case test results on Bridgewater&apos;s knee came back better than expected, the straight-talking coach couldn&apos;t hide the fact that the organization was bracing for the worst. When asked if he had any hope for Bridgewater returning this season, Zimmer said, &quot;I don&apos;t know. It doesn&apos;t look good right now.&quot; In a matter of moments, a season that began with so much promise for the Vikings was thrown up into the air. Bridgewater suffered a non-contact knee injury on Tuesday, one so jolting that it caused Zimmer to immediately end practice and an ambulance to rush to the scene and get the quarterback to the hospital. Specifics were slim while the team awaited test results, but the stunned faces on the players exiting the practice field and tweets of prayers for one of the team&apos;s most popular members painted the picture of a shaken franchise. Zimmer addressed the team in full after the injury and was clearly sympathetic for Bridgewater. But he also tried to steer the team&apos;s focus back to the field as the players prepare for their preseason finale against the Los Angeles Rams on Thursday night and the season opener at Tennessee on Sept. 11. &quot;I&apos;m not going to let this team feel sorry for itself,&quot; Zimmer said. &quot;We&apos;re going to grieve today and be upset about it. It&apos;s more about our feelings for Teddy and him as a person and getting better than it is about anything else. Teddy&apos;s a great kid and he&apos;ll be back as soon as he possibly can if it is real bad. But we&apos;re going to keep fighting.&quot; Bridgewater was injured when he dropped back to pass during a drill and planted his foot. He crumpled to the turf and grabbed his left knee while concerned teammates and athletic trainers hurried to his side. Zimmer ended practice, and players were visibly distraught as they departed, some hurling expletives into the air. Moments later, a siren-blaring ambulance pulled into the team&apos;s Winter Park headquarters, stayed for about 10 minutes and then pulled away with the quarterback in tow, his leg immobilized in an air cast. &quot;Teddy&apos;s such a great kid,&quot; Zimmer said. &quot;I love this kid. Our fans love this kid.&quot; Zimmer said the team would release full details when it receives the test results. He said he spoke to Bridgewater&apos;s mother several times to keep her updated, had some phone conversations with mentor Bill Parcells and even talked &quot;in spirit&quot; to his father Bill, an ex-coach who died last summer, about how to best handle the situation. &quot;We&apos;re not going to stick our heads in the sand, we&apos;re not going to tuck our (tail between) our legs,&quot; Zimmer said. &quot;We&apos;re not looking for excuses. We&apos;re going to go out and fight like we always do.&quot; There is little behind Bridgewater on the depth chart. Shaun Hill is the primary backup, but he&apos;s 36 years old and has played only sparingly over the last five years. Taylor Heinicke, last year&apos;s No. 3 quarterback, has been out all preseason with an injury, and undrafted rookie Joel Stave has struggled mightily at times during practices. Hill started eight games for the Rams in 2014, throwing eight touchdown passes and seven interceptions. Other than that, he has thrown a total of 23 passes dating back to 2010. &quot;I have confidence in Shaun,&quot; Zimmer said. &quot;I think he&apos;s played great this preseason. He&apos;s been in 2-minute drills. He&apos;s done a phenomenal job.&quot; The Vikings were counting on Bridgewater to take some major steps forward after a promising start to his career. He helped lead the Vikings to the NFC North championship last season as more of a game manager, but Zimmer and offensive coordinator Norv Turner had said they expected him to be much more of a playmaker in 2016. Bridgewater missed the second preseason game with a sore shoulder, but was very sharp Sunday against San Diego. He went 12 for 16 for 161 yards and a touchdown in two quarters of work. Zimmer said he has already had preliminary discussions with general manager Rick Spielman about adding another quarterback if necessary, but the injury also likely puts even more emphasis on Adrian Peterson and the running game. &quot;This isn&apos;t a one-man deal,&quot; Zimmer said. &quot;We all feel terrible if it is real significant for Teddy. But this is about the team. We have a good team. ... This is about a team and it&apos;s about us trying to figure out ways to win football games. 
Copyright 2016 The Associated Press. All rights reserved. This material may not be published, broadcast, rewritten or redistributed.
</post>
<signature>

</signature>
<external_links>

</external_links>
<country>US</country>
<main_image>http://content.whas11.com/photo/2016/08/30/USATSI_9417545_1472585293242_5883549_ver1.0_640_360.jpg</main_image>
</document>
