<?xml version="1.0" encoding="UTF-8"?>
<document>
<type>mainstream</type>
<forum>http://www.trading-house.net/rss/meldungen/</forum>
<forum_title>trading-house.net Nachrichtenfeed</forum_title>
<discussion_title>Die Höhle der Löwen: Juice-Fasting kann Ihr Leben verändern!</discussion_title>
<language>german</language>
<gmt_offset></gmt_offset>
<topic_url>http://www.trading-house.net/news/die-hoehle-der-loewen-juice-fasting-kann-ihr-leben-veraendern-50947079</topic_url>
<topic_text>
31.08.2016 - 01:41 Uhr Die Höhle der Löwen: Juice-Fasting kann Ihr Leben verändern! Magische Stifte, gesunde Bratwürste und verstopfte Rohre: Mit einem guten Produkt bringt man die Löwen zum Schnurren. Was aber tun, wenn das Nervenflattern so groß ist, dass der Pitch in Gefahr ist?
</topic_text>
<spam_score>0.00</spam_score>
<post_num>1</post_num>
<post_id>post-1</post_id>
<post_url>http://www.trading-house.net/news/die-hoehle-der-loewen-juice-fasting-kann-ihr-leben-veraendern-50947079</post_url>
<post_date>20160830</post_date>
<post_time>2341</post_time>
<username></username>
<post>
31.08.2016 - 01:41 Uhr Die Höhle der Löwen: Juice-Fasting kann Ihr Leben verändern! Magische Stifte, gesunde Bratwürste und verstopfte Rohre: Mit einem guten Produkt bringt man die Löwen zum Schnurren. Was aber tun, wenn das Nervenflattern so groß ist, dass der Pitch in Gefahr ist?
</post>
<signature>

</signature>
<external_links>

</external_links>
<country>DE</country>
<main_image></main_image>
</document>
