<?xml version="1.0" encoding="UTF-8"?>
<document>
<type>mainstream</type>
<forum>http://www.sputniknews.com/export/rss2/archive/index.xml</forum>
<forum_title>Sputnik International</forum_title>
<discussion_title>US Marines Hope Pentagon Spends Big on New Armed Tiltrotor Drones</discussion_title>
<language>english</language>
<gmt_offset></gmt_offset>
<topic_url>http://sputniknews.com/military/20160831/1044796957/marine-corps-tiltrotor-drone.html</topic_url>
<topic_text>
US Marines Hope Pentagon Spends Big on New Armed Tiltrotor Drones © AFP 2016/ SAUL LOEB 0 36 0 0 In an effort to create an unmanned aerial vehicle that combines the capabilities of a Reaper drone with vertical takeoff and landing, Bell is designing a tiltrotor UAV for the US Marine Corps. 
The MQ-9 Reaper has seen extensive service in the Middle East. Capable of carrying four AGM-114 Hellfire air-to-surface missiles and two guided bombs, the drone has proven invaluable to the US military and deadly to thousands on the ground. © AFP 2016/ TED ALJIBE US Navy V-22 Ospreys Head to Japan as Tensions Simmer Over Territory Disputes 
But weighing over 10,000 pounds, the UAV has a crucial limitation: it requires a runway for both takeoff and landing, limiting its versatility. 
To solve this problem, Bell Helicopter Textron is turning to the Osprey tiltrotor design to develop a drone that combines the Reaper’s lethality with the Osprey’s ability to operate from sea or land without access to a runway. 
&quot;I think there is a big need for a UAS [unmanned aerial system] that can go aboard the sea base,&quot; Lt. Gen. Jon Davis, Marine deputy commandant for aviation, told Breaking Defense. 
&quot;General [Robert] Neller says he doesn’t need a Reaper, but he needs a Reaper-like capability that can go from the sea base. This is what Bell is proposing.&quot; © AP Photo/ Elaine Thompson V-22 Osprey’s Vertical Takeoff With 3D-Printed Parts Nails Flight Test 
Bell’s design is similar to the V-280 Valor, a third-generation manned tiltrotor currently under development. 
&quot;The normal sea base operates about a 12-hour day flight ops. What I’d like to be able to do is, when I’m getting ready to secure flight ops, launch one of these beauties and it’s refuelable,&quot; Davis enthused. &quot;It could be out there protecting the ship, protecting the fleet, giving up the deep view out there of the battle space when I don’t have manned platforms up.&quot; 
While it remains to be seen if the Pentagon will actually purchase Bell’s design once it is complete, the need for the aircraft is partially driven by competition with the US Army. 
&quot;The Marine Corps does not have a Special Operations Aviation Regiment like the Army does,&quot; one officer, speaking on condition of anonymity, told Breaking Defense. Combat Ready, But Still Not Out of the Woods: F-35 May Not Meet 2018 Deadline 
&quot;I sense a lot of desire from the traditional ground component of the Marine Corps to support special operations, much like the US Army Rangers. Having a higher-tier UAS part of that.&quot; 
Developers could face unexpected difficulties in designing a tiltrotor drone. According to Davis, any new UAS would need to be compatible with the shared network of the F-35. The fifth-generation fighter doesn’t have the best track record . ...
</topic_text>
<spam_score>0.00</spam_score>
<post_num>1</post_num>
<post_id>post-1</post_id>
<post_url>http://sputniknews.com/military/20160831/1044796957/marine-corps-tiltrotor-drone.html</post_url>
<post_date>20160831</post_date>
<post_time>0019</post_time>
<username></username>
<post>
US Marines Hope Pentagon Spends Big on New Armed Tiltrotor Drones © AFP 2016/ SAUL LOEB 0 36 0 0 In an effort to create an unmanned aerial vehicle that combines the capabilities of a Reaper drone with vertical takeoff and landing, Bell is designing a tiltrotor UAV for the US Marine Corps. 
The MQ-9 Reaper has seen extensive service in the Middle East. Capable of carrying four AGM-114 Hellfire air-to-surface missiles and two guided bombs, the drone has proven invaluable to the US military and deadly to thousands on the ground. © AFP 2016/ TED ALJIBE US Navy V-22 Ospreys Head to Japan as Tensions Simmer Over Territory Disputes 
But weighing over 10,000 pounds, the UAV has a crucial limitation: it requires a runway for both takeoff and landing, limiting its versatility. 
To solve this problem, Bell Helicopter Textron is turning to the Osprey tiltrotor design to develop a drone that combines the Reaper’s lethality with the Osprey’s ability to operate from sea or land without access to a runway. 
&quot;I think there is a big need for a UAS [unmanned aerial system] that can go aboard the sea base,&quot; Lt. Gen. Jon Davis, Marine deputy commandant for aviation, told Breaking Defense. 
&quot;General [Robert] Neller says he doesn’t need a Reaper, but he needs a Reaper-like capability that can go from the sea base. This is what Bell is proposing.&quot; © AP Photo/ Elaine Thompson V-22 Osprey’s Vertical Takeoff With 3D-Printed Parts Nails Flight Test 
Bell’s design is similar to the V-280 Valor, a third-generation manned tiltrotor currently under development. 
&quot;The normal sea base operates about a 12-hour day flight ops. What I’d like to be able to do is, when I’m getting ready to secure flight ops, launch one of these beauties and it’s refuelable,&quot; Davis enthused. &quot;It could be out there protecting the ship, protecting the fleet, giving up the deep view out there of the battle space when I don’t have manned platforms up.&quot; 
While it remains to be seen if the Pentagon will actually purchase Bell’s design once it is complete, the need for the aircraft is partially driven by competition with the US Army. 
&quot;The Marine Corps does not have a Special Operations Aviation Regiment like the Army does,&quot; one officer, speaking on condition of anonymity, told Breaking Defense. Combat Ready, But Still Not Out of the Woods: F-35 May Not Meet 2018 Deadline 
&quot;I sense a lot of desire from the traditional ground component of the Marine Corps to support special operations, much like the US Army Rangers. Having a higher-tier UAS part of that.&quot; 
Developers could face unexpected difficulties in designing a tiltrotor drone. According to Davis, any new UAS would need to be compatible with the shared network of the F-35. The fifth-generation fighter doesn’t have the best track record . ...
</post>
<signature>

</signature>
<external_links>

</external_links>
<country>RU</country>
<main_image>https://cdn5.img.sputniknews.com/images/102225/39/1022253946.jpg</main_image>
</document>
