<?xml version="1.0" encoding="UTF-8"?>
<document>
<type>mainstream</type>
<forum></forum>
<forum_title></forum_title>
<discussion_title>イワキは１６年１１月期予想に増額余地、指標面の割安感を見直し | 夢追い株ガイド</discussion_title>
<language>japanese</language>
<gmt_offset></gmt_offset>
<topic_url>http://kabuguide.net/rsslist/japanese-stocks/4108</topic_url>
<topic_text>

イワキ＜８０９５＞（東１）は医薬品・医薬品原料・表面処理薬品などを主力とする専門商社である。ジェネリック医薬 […]… 
この記事の元サイトURL 
</topic_text>
<spam_score>0.00</spam_score>
<post_num>1</post_num>
<post_id>post-1</post_id>
<post_url>http://kabuguide.net/rsslist/japanese-stocks/4108</post_url>
<post_date>20160831</post_date>
<post_time></post_time>
<username></username>
<post>

イワキ＜８０９５＞（東１）は医薬品・医薬品原料・表面処理薬品などを主力とする専門商社である。ジェネリック医薬 […]… 
この記事の元サイトURL 
</post>
<signature>

</signature>
<external_links>

</external_links>
<country>JP</country>
<main_image>http://kabuguide.net/rsslist/wp-content/themes/simplicity-rss/images/og-image.jpg</main_image>
</document>
