<?xml version="1.0" encoding="UTF-8"?>
<document>
<type>mainstream</type>
<forum>http://www.trading-house.net/rss/meldungen/</forum>
<forum_title>trading-house.net Nachrichtenfeed</forum_title>
<discussion_title>Rajoy stellt sich Vertrauensabstimmung im Parlament</discussion_title>
<language>german</language>
<gmt_offset></gmt_offset>
<topic_url>http://www.trading-house.net/news/rajoy-stellt-sich-vertrauensabstimmung-im-parlament-50947223</topic_url>
<topic_text>
31.08.2016 - 02:19 Uhr Rajoy stellt sich Vertrauensabstimmung im Parlament Spaniens amtierender Ministerpräsident Mariano Rajoy stellt sich am Mittwoch im Parlament einer Vertrauensabstimmung. Der Vorsitzende der konservativen Volkspartei (PP) hatte sich am Sonntag die Unterstützung der liberalen Partei Ciudadanos gesichert. Die...
</topic_text>
<spam_score>0.00</spam_score>
<post_num>1</post_num>
<post_id>post-1</post_id>
<post_url>http://www.trading-house.net/news/rajoy-stellt-sich-vertrauensabstimmung-im-parlament-50947223</post_url>
<post_date>20160831</post_date>
<post_time>0019</post_time>
<username></username>
<post>
31.08.2016 - 02:19 Uhr Rajoy stellt sich Vertrauensabstimmung im Parlament Spaniens amtierender Ministerpräsident Mariano Rajoy stellt sich am Mittwoch im Parlament einer Vertrauensabstimmung. Der Vorsitzende der konservativen Volkspartei (PP) hatte sich am Sonntag die Unterstützung der liberalen Partei Ciudadanos gesichert. Die...
</post>
<signature>

</signature>
<external_links>

</external_links>
<country>DE</country>
<main_image></main_image>
</document>
