<?xml version="1.0" encoding="UTF-8"?>
<document>
<type>mainstream</type>
<forum>http://rssfeeds.wfmynews2.com/_/20/109831612/wfmynews2-local</forum>
<forum_title>WFMY -Local</forum_title>
<discussion_title>GSO Is In The Top 10 For Political Ads</discussion_title>
<language>english</language>
<gmt_offset></gmt_offset>
<topic_url>http://rssfeeds.wfmynews2.com/_/20/109831612/http&amp;#x3a;&amp;#x2f;&amp;#x2f;www&amp;#x2e;wfmynews2&amp;#x2e;com&amp;#x2f;news&amp;#x2f;local&amp;#x2f;2-wants-to-know&amp;#x2f;gso-is-in-the-top-10-for-political-ads&amp;#x2f;311411445</topic_url>
<topic_text>
GSO Is In The Top 10 For Political Ads More Political Ads Than Any Other State Tanya Rivera, WFMY 5:57   CONNECT   
GREENSBORO, NC -- You can try changing the channel, but chances are, you won&apos;t be able to escape the campaign ads. There are simply too many of them. 
A study done on TV ads buys by Kantar Media/CMAG with analysis by the Wesleyan Media Project looks at all political ads. Below we are going to highlight the NC Governor&apos;s race and the Presidential ad spending. 
When looking at the top Governor races by volume and cost of ads, North Carolina&apos;s Governor&apos;s race beats out all others for ads aired with a total of 14,903. In comparison, folks in Utah are only seeing 122 ads aired. And check governor&apos;s race that is right behind North Carolina is Indiana, the home state of Governor Mike Pence, the GOP VP nominee. The Trump and Clinton campaigns have targeted cities for their ads and Charlotte and Greensboro make the top 10. From August 19th to August 21st, just three days, Greensboro had a total of 194 presidential ads aired. The number one city for presidential ads was Tampa, Florida with 353. The study didn&apos;t just look at the total number of ads in each market, but the breakdown between Democrat and Republican buys as well. In Greensboro, Pro-Clinton candidate and group ads totaled 146. The Pro-Trump candidate and group ads totaled 48. All in all, Florida, Ohio and North Carolina are seeing the most presidential ads. and it seems those states are seeing their share of the candidates too. 
(© 2016 WFMY)
</topic_text>
<spam_score>0.00</spam_score>
<post_num>1</post_num>
<post_id>post-1</post_id>
<post_url>http://rssfeeds.wfmynews2.com/_/20/109831612/http&amp;#x3a;&amp;#x2f;&amp;#x2f;www&amp;#x2e;wfmynews2&amp;#x2e;com&amp;#x2f;news&amp;#x2f;local&amp;#x2f;2-wants-to-know&amp;#x2f;gso-is-in-the-top-10-for-political-ads&amp;#x2f;311411445</post_url>
<post_date>20160830</post_date>
<post_time>2257</post_time>
<username>Tanya Rivera</username>
<post>
GSO Is In The Top 10 For Political Ads More Political Ads Than Any Other State Tanya Rivera, WFMY 5:57   CONNECT   
GREENSBORO, NC -- You can try changing the channel, but chances are, you won&apos;t be able to escape the campaign ads. There are simply too many of them. 
A study done on TV ads buys by Kantar Media/CMAG with analysis by the Wesleyan Media Project looks at all political ads. Below we are going to highlight the NC Governor&apos;s race and the Presidential ad spending. 
When looking at the top Governor races by volume and cost of ads, North Carolina&apos;s Governor&apos;s race beats out all others for ads aired with a total of 14,903. In comparison, folks in Utah are only seeing 122 ads aired. And check governor&apos;s race that is right behind North Carolina is Indiana, the home state of Governor Mike Pence, the GOP VP nominee. The Trump and Clinton campaigns have targeted cities for their ads and Charlotte and Greensboro make the top 10. From August 19th to August 21st, just three days, Greensboro had a total of 194 presidential ads aired. The number one city for presidential ads was Tampa, Florida with 353. The study didn&apos;t just look at the total number of ads in each market, but the breakdown between Democrat and Republican buys as well. In Greensboro, Pro-Clinton candidate and group ads totaled 146. The Pro-Trump candidate and group ads totaled 48. All in all, Florida, Ohio and North Carolina are seeing the most presidential ads. and it seems those states are seeing their share of the candidates too. 
(© 2016 WFMY)
</post>
<signature>

</signature>
<external_links>

</external_links>
<country>US</country>
<main_image>http://content.wfmynews2.com/photo/2016/08/30/tvsads_1472597797339_5885030_ver1.0_640_360.jpg</main_image>
</document>
