<?xml version="1.0" encoding="UTF-8"?>
<document>
<type>mainstream</type>
<forum>http://www.okezone.com/feed</forum>
<forum_title>Sindikasi welcomepage.okezone.com</forum_title>
<discussion_title>Akting Baekhyun &quot;Exo&quot; dan IU Banjir Kritikan di Scarlet Heart</discussion_title>
<language>indonesian</language>
<gmt_offset></gmt_offset>
<topic_url>http://celebrity.okezone.com/read/2016/08/31/206/1477257/akting-baekhyun-exo-dan-iu-banjir-kritikan-di-scarlet-heart</topic_url>
<topic_text>
Akting Baekhyun &quot;Exo&quot; dan IU Banjir Kritikan di Scarlet Heart Agregasi Solopos | Rabu, 31 Agustus 2016 - 07:33 wib 
Baekhyun (Foto: Soompi) ​ 
Solopos.com, SEOUL – Dua artis Korea, Baekhyun &quot;EXO&quot; dan juga IU mendapat banyak kritikan dari fans dalam aktingnya di Scarlet Heart. 
Dua penyanyi ini dianggap paling buruk dalam berakting ketimbang bintang-bintang Scarlet Heart lainnya. Kemunculan IU dan Baekhyun dianggap merusak setiap scene dalam Scarlet Heart. 
Penggemar drama Korea menyesalkan keputusan produser dan sutradara yang meng-casting Baekhyun. Bahkan dari beberapa komentar, netien menutuh keputusan memilih Baekhyun adalah untuk mendongkrak rating. 
“Jika dia [Baekhyun] akan akting untuk kali pertama, dia seharusnya mulai dari peran kecil seperti di web drama. Mengapa dia percaya diri untuk memulai dari drama saeguk? Aku tak mengerti [jalan pikiran] Baekhyun dan sutradara. Mengapa mereka memilihnya?” kritik netizen seperti dilansir Okezone dari Allkpop . 
“Apa-apan ini? Baekhyun tak mengerti sama sekali soal perannya. Mereka mungkin memilihnya hanya untuk mendapat rating tinggi, tapi aku benar-benar tak bisa menonton kapanpun mereka muncul,” ujar netizen lain. 
Drama Korea Scarlet Heart mendapat rating cukup memuaskan saat kali pertama tayang. (edh)
</topic_text>
<spam_score>0.00</spam_score>
<post_num>1</post_num>
<post_id>post-1</post_id>
<post_url>http://celebrity.okezone.com/read/2016/08/31/206/1477257/akting-baekhyun-exo-dan-iu-banjir-kritikan-di-scarlet-heart</post_url>
<post_date>20160831</post_date>
<post_time>0033</post_time>
<username></username>
<post>
Akting Baekhyun &quot;Exo&quot; dan IU Banjir Kritikan di Scarlet Heart Agregasi Solopos | Rabu, 31 Agustus 2016 - 07:33 wib 
Baekhyun (Foto: Soompi) ​ 
Solopos.com, SEOUL – Dua artis Korea, Baekhyun &quot;EXO&quot; dan juga IU mendapat banyak kritikan dari fans dalam aktingnya di Scarlet Heart. 
Dua penyanyi ini dianggap paling buruk dalam berakting ketimbang bintang-bintang Scarlet Heart lainnya. Kemunculan IU dan Baekhyun dianggap merusak setiap scene dalam Scarlet Heart. 
Penggemar drama Korea menyesalkan keputusan produser dan sutradara yang meng-casting Baekhyun. Bahkan dari beberapa komentar, netien menutuh keputusan memilih Baekhyun adalah untuk mendongkrak rating. 
“Jika dia [Baekhyun] akan akting untuk kali pertama, dia seharusnya mulai dari peran kecil seperti di web drama. Mengapa dia percaya diri untuk memulai dari drama saeguk? Aku tak mengerti [jalan pikiran] Baekhyun dan sutradara. Mengapa mereka memilihnya?” kritik netizen seperti dilansir Okezone dari Allkpop . 
“Apa-apan ini? Baekhyun tak mengerti sama sekali soal perannya. Mereka mungkin memilihnya hanya untuk mendapat rating tinggi, tapi aku benar-benar tak bisa menonton kapanpun mereka muncul,” ujar netizen lain. 
Drama Korea Scarlet Heart mendapat rating cukup memuaskan saat kali pertama tayang. (edh)
</post>
<signature>

</signature>
<external_links>

</external_links>
<country>ID</country>
<main_image>https://cdn.okezone.com/underwood/img/logo_celebrity.png</main_image>
</document>
