<?xml version="1.0" encoding="UTF-8"?>
<document>
<type>mainstream</type>
<forum>http://www.onenewspage.com/rss/latest/Front+Page.rss</forum>
<forum_title>Latest Front Page News on One News Page</forum_title>
<discussion_title>A win for a diverse and robust free press</discussion_title>
<language>english</language>
<gmt_offset></gmt_offset>
<topic_url>http://www.onenewspage.com/n/Front+Page/759s63129/win-for-diverse-and-robust-free.htm</topic_url>
<topic_text>
A win for a diverse and robust free press Wednesday, 31 August 2016 ( 33 minutes ago ) Democracy requires a diverse, robust and free press to inform citizens. The FCC supported this by maintaining its restrictions on media consolidation.
</topic_text>
<spam_score>0.00</spam_score>
<post_num>1</post_num>
<post_id>post-1</post_id>
<post_url>http://www.onenewspage.com/n/Front+Page/759s63129/win-for-diverse-and-robust-free.htm</post_url>
<post_date>20160831</post_date>
<post_time>0011</post_time>
<username></username>
<post>
A win for a diverse and robust free press Wednesday, 31 August 2016 ( 33 minutes ago ) Democracy requires a diverse, robust and free press to inform citizens. The FCC supported this by maintaining its restrictions on media consolidation.
</post>
<signature>

</signature>
<external_links>

</external_links>
<country>US</country>
<main_image>http://cdn.newsserve.net/ONPglobe128.png</main_image>
</document>
