<?xml version="1.0" encoding="UTF-8"?>
<document>
<type>mainstream</type>
<forum>http://www.sputniknews.com/export/rss2/archive/index.xml</forum>
<forum_title>Sputnik International</forum_title>
<discussion_title>US-Led Coalition Airstrikes Target 16 Sites in Syria, Iraq - Central Command</discussion_title>
<language>english</language>
<gmt_offset></gmt_offset>
<topic_url>http://sputniknews.com/middleeast/20160830/1044792251/us-syria-iraq.html</topic_url>
<topic_text>
US-Led Coalition Airstrikes Target 16 Sites in Syria, Iraq - Central Command © REUTERS/ Stringer 1 179 1 2 The US-led air campaign against the Daesh terrorist group conducted airstrikes in Syria hiting nine sites and seven locations in Iraq, according to the US Central Command. 
WASHINGTON (Sputnik) — The US-led air campaign against the Daesh terrorist group hit nine sites in Syria on Monday and seven locations in Iraq, the US Central Command announced in a press release on Tuesday. &quot;Strike assessments are based on initial reports,&quot; the release said. &quot;All aircraft returned to base safely.&quot; © REUTERS/ Ismail Zitouny US Forces Launch Seven Airstrikes in Libya in Anti-Daesh Operations In Syria, bomber, fighter, attack and remotely piloted aircraft hit sites near Abu Kamal, Raqqa, Manbij and Palmyra. Targets included tactical units, fighting positions, a tank, two vehicle bombs and ten weapons cache bunkers, the release explained.
In Iraq, the coalition targeted positions near Albu Hayat, Mosul, Ramadi, Sultan Abdallah and Tal Afar, the release noted. The Iraqi strikes destroyed several tactical units, four rocket rails, a command and control node, fighting positions and a mortar system. ...
</topic_text>
<spam_score>0.00</spam_score>
<post_num>1</post_num>
<post_id>post-1</post_id>
<post_url>http://sputniknews.com/middleeast/20160830/1044792251/us-syria-iraq.html</post_url>
<post_date>20160830</post_date>
<post_time>1853</post_time>
<username></username>
<post>
US-Led Coalition Airstrikes Target 16 Sites in Syria, Iraq - Central Command © REUTERS/ Stringer 1 179 1 2 The US-led air campaign against the Daesh terrorist group conducted airstrikes in Syria hiting nine sites and seven locations in Iraq, according to the US Central Command. 
WASHINGTON (Sputnik) — The US-led air campaign against the Daesh terrorist group hit nine sites in Syria on Monday and seven locations in Iraq, the US Central Command announced in a press release on Tuesday. &quot;Strike assessments are based on initial reports,&quot; the release said. &quot;All aircraft returned to base safely.&quot; © REUTERS/ Ismail Zitouny US Forces Launch Seven Airstrikes in Libya in Anti-Daesh Operations In Syria, bomber, fighter, attack and remotely piloted aircraft hit sites near Abu Kamal, Raqqa, Manbij and Palmyra. Targets included tactical units, fighting positions, a tank, two vehicle bombs and ten weapons cache bunkers, the release explained.
In Iraq, the coalition targeted positions near Albu Hayat, Mosul, Ramadi, Sultan Abdallah and Tal Afar, the release noted. The Iraqi strikes destroyed several tactical units, four rocket rails, a command and control node, fighting positions and a mortar system. ...
</post>
<signature>

</signature>
<external_links>

</external_links>
<country>RU</country>
<main_image>https://cdn3.img.sputniknews.com/images/102934/49/1029344934.jpg</main_image>
</document>
