<?xml version="1.0" encoding="UTF-8"?>
<document>
<type>mainstream</type>
<forum>http://www.trelleborgsallehanda.se/feed</forum>
<forum_title>Trelleborgs Allehanda</forum_title>
<discussion_title>Tog fel tåg - asylansökan stryks</discussion_title>
<language>swedish</language>
<gmt_offset></gmt_offset>
<topic_url>http://www.trelleborgsallehanda.se/tt-inrikes/tog-fel-tag-asylansokan-stryks/</topic_url>
<topic_text>
Tog fel tåg - asylansökan stryks TT-Inrikes 52 minuter sedan En 17-årig pojke från Eritrea som sökt asyl i Sverige tvingas nu börja om processen, sedan han hoppat på fel tåg och hamnade i Danmark, skriver HD/Sydsvenskan. Han är inte ensam, enligt Migrationsverket.(TT) TT A A 
När pojken, som skulle åka till Vellinge från Osby den 11 augusti, insåg sitt misstag var han redan i Danmark. Där har han blivit kvar. 
Hans gode man Thorild Hamfors ringde Migrationsverket för att berätta om pojkens misstag och få hjälp att få tillbaka honom till Sverige, där han varit sedan augusti förra året. Men i stället för att få hjälp registrerades pojken som utrest ur landet, tappade sin boendeplats och tvingas på nytt söka asyl i Sverige, om han återvänder. 
– För hans väl och ve är det katastrof. Utredaren skulle precis fatta beslut om permanent uppehållstillstånd. Nu börjar det om - och kommer att ta minst ett år till, säger Thorild Hamfors till tidningarna. 
Migrationsverket säger att pojken inte är den förste som drabbas och att problemen börjat med id-kontrollerna mellan Danmark och Sverige och hänvisar till Dublinförordningen. 
– Det är en olycklig situation, men vi måste använda oss av de medel som finns och den process som finns, säger Martin Lindén på Migrationsverket till tidningarna.  
</topic_text>
<spam_score>0.00</spam_score>
<post_num>1</post_num>
<post_id>post-1</post_id>
<post_url>http://www.trelleborgsallehanda.se/tt-inrikes/tog-fel-tag-asylansokan-stryks/</post_url>
<post_date>20160830</post_date>
<post_time>2335</post_time>
<username></username>
<post>
Tog fel tåg - asylansökan stryks TT-Inrikes 52 minuter sedan En 17-årig pojke från Eritrea som sökt asyl i Sverige tvingas nu börja om processen, sedan han hoppat på fel tåg och hamnade i Danmark, skriver HD/Sydsvenskan. Han är inte ensam, enligt Migrationsverket.(TT) TT A A 
När pojken, som skulle åka till Vellinge från Osby den 11 augusti, insåg sitt misstag var han redan i Danmark. Där har han blivit kvar. 
Hans gode man Thorild Hamfors ringde Migrationsverket för att berätta om pojkens misstag och få hjälp att få tillbaka honom till Sverige, där han varit sedan augusti förra året. Men i stället för att få hjälp registrerades pojken som utrest ur landet, tappade sin boendeplats och tvingas på nytt söka asyl i Sverige, om han återvänder. 
– För hans väl och ve är det katastrof. Utredaren skulle precis fatta beslut om permanent uppehållstillstånd. Nu börjar det om - och kommer att ta minst ett år till, säger Thorild Hamfors till tidningarna. 
Migrationsverket säger att pojken inte är den förste som drabbas och att problemen börjat med id-kontrollerna mellan Danmark och Sverige och hänvisar till Dublinförordningen. 
– Det är en olycklig situation, men vi måste använda oss av de medel som finns och den process som finns, säger Martin Lindén på Migrationsverket till tidningarna.  
</post>
<signature>

</signature>
<external_links>

</external_links>
<country>SE</country>
<main_image>http://d6jf7ok6u1qis.cloudfront.net/imengine/image.php?uuid=0ae11241-30b0-47c0-80d8-df34dcd5d7fc&amp;type=preview&amp;source=false&amp;function=cropresize&amp;width=768&amp;height=384&amp;q=40&amp;x=0&amp;y=84&amp;crop_w=1024&amp;crop_h=512&amp;z=1</main_image>
</document>
