<?xml version="1.0" encoding="UTF-8"?>
<document>
<type>mainstream</type>
<forum>http://www.segodnya.ua/xml/rss.html</forum>
<forum_title>СЕГОДНЯ | Самые актуальные новости, мнения, комментарии</forum_title>
<discussion_title>В масштабном ДТП на Куреневке разбито пять авто, пострадали двое детей</discussion_title>
<language>russian</language>
<gmt_offset></gmt_offset>
<topic_url>http://www.segodnya.ua/kaccidents/v-masshtabnom-dtp-na-kurenevke-razbito-pyat-avto-postradali-dvoe-detey-747450.html</topic_url>
<topic_text>
Авария произошла около 19.00 вторника Крупная авария произошла на ул. Кирилловская (бывшая Фрунзе) под мостом недалеко от стадиона &quot;Спартак&quot;. Как стало известно &quot;Сегодня&quot;, в масштабном ДТП разбиты 5 авто, пострадали двое детей 4- 5 лет. фото Влад Антонов/Сегодня По предварительной информации, &quot;Toyota Prius&quot; патрульных полицейских начала разворачиваться влево через двойную сплошную линию со световыми маячками, но без звуковых сигналов. фото Влад Антонов/Сегодня В автомобиль на большой скорости врезалась &quot; Skoda &quot;, которая ехала по встречной. После столкновения &quot;Skoda&quot; отбросило на троллейбус, где уже в легковушку врезался &quot;Mercedes&quot;. Автомобиль патрульных отбросило на &quot; Mitsubishi Colt&quot;. Видео: dtp.kiev.ua В салоне &quot;Skoda&quot; была женщина и двое детей 4 лет. Дети получили травмы и были госпитализированы в больницу. Позже отец детей рассказал, что у них есть ушибы и сотрясение мозга, но сильных травм не получили. На месте происшествия обоазовалась огромная пробка. фото Влад Антонов/Сегодня В &quot;Киевпастрансе&quot; сообщили, что временно изменили маршруты троллейбусов №№6, 18,32,28. Все перечисленные троллейбусы ехали в объезд по ул. Телиги. Читайте также:
</topic_text>
<spam_score>0.00</spam_score>
<post_num>1</post_num>
<post_id>post-1</post_id>
<post_url>http://www.segodnya.ua/kaccidents/v-masshtabnom-dtp-na-kurenevke-razbito-pyat-avto-postradali-dvoe-detey-747450.html</post_url>
<post_date>20160831</post_date>
<post_time>0016</post_time>
<username></username>
<post>
Авария произошла около 19.00 вторника Крупная авария произошла на ул. Кирилловская (бывшая Фрунзе) под мостом недалеко от стадиона &quot;Спартак&quot;. Как стало известно &quot;Сегодня&quot;, в масштабном ДТП разбиты 5 авто, пострадали двое детей 4- 5 лет. фото Влад Антонов/Сегодня По предварительной информации, &quot;Toyota Prius&quot; патрульных полицейских начала разворачиваться влево через двойную сплошную линию со световыми маячками, но без звуковых сигналов. фото Влад Антонов/Сегодня В автомобиль на большой скорости врезалась &quot; Skoda &quot;, которая ехала по встречной. После столкновения &quot;Skoda&quot; отбросило на троллейбус, где уже в легковушку врезался &quot;Mercedes&quot;. Автомобиль патрульных отбросило на &quot; Mitsubishi Colt&quot;. Видео: dtp.kiev.ua В салоне &quot;Skoda&quot; была женщина и двое детей 4 лет. Дети получили травмы и были госпитализированы в больницу. Позже отец детей рассказал, что у них есть ушибы и сотрясение мозга, но сильных травм не получили. На месте происшествия обоазовалась огромная пробка. фото Влад Антонов/Сегодня В &quot;Киевпастрансе&quot; сообщили, что временно изменили маршруты троллейбусов №№6, 18,32,28. Все перечисленные троллейбусы ехали в объезд по ул. Телиги. Читайте также:
</post>
<signature>

</signature>
<external_links>

</external_links>
<country>UA</country>
<main_image>http://kiev.segodnya.ua/img/article/7474/50_main.jpg</main_image>
</document>
