<?xml version="1.0" encoding="UTF-8"?>
<document>
<type>mainstream</type>
<forum>http://www.trading-house.net/rss/meldungen/</forum>
<forum_title>trading-house.net Nachrichtenfeed</forum_title>
<discussion_title>„Vorarlberg verwandelt sich langsam in ein Waffenlager“</discussion_title>
<language>german</language>
<gmt_offset></gmt_offset>
<topic_url>http://www.trading-house.net/news/vorarlberg-verwandelt-sich-langsam-in-ein-waffenlager-50947070</topic_url>
<topic_text>
„Vorarlberg verwandelt sich langsam in ein Waffenlager“ Westlichstes Bundesland hat zweitstärksten Zuwachs an Waf­fen­besitzern.
</topic_text>
<spam_score>0.00</spam_score>
<post_num>1</post_num>
<post_id>post-1</post_id>
<post_url>http://www.trading-house.net/news/vorarlberg-verwandelt-sich-langsam-in-ein-waffenlager-50947070</post_url>
<post_date>20160830</post_date>
<post_time>2337</post_time>
<username></username>
<post>
„Vorarlberg verwandelt sich langsam in ein Waffenlager“ Westlichstes Bundesland hat zweitstärksten Zuwachs an Waf­fen­besitzern.
</post>
<signature>

</signature>
<external_links>

</external_links>
<country>DE</country>
<main_image></main_image>
</document>
