<?xml version="1.0" encoding="UTF-8"?>
<document>
<type>mainstream</type>
<forum>http://m.smh.com.au/rss.xml</forum>
<forum_title>All Breaking News</forum_title>
<discussion_title>Wellard books $23.3m loss</discussion_title>
<language>english</language>
<gmt_offset></gmt_offset>
<topic_url>http://www.smh.com.au/breaking-news-business/wellard-books-233m-loss-20160831-4k05b.html</topic_url>
<topic_text>
Trevor Chappell August 31, 2016 
Live cattle exporter Wellard has failed to meet its prospectus forecast of a $9 million annual net profit, and instead has booked a $23.3 million loss due to wet weather in northern Australia and the reluctance of South-East Asian customers to pay higher prices. 
Revenue for the year to June 30 was $573.8 million, also below the prospectus forecast of $607.4 million. 
Wellard, which listed on the share market in December, did not declare a dividend. Most viewed
</topic_text>
<spam_score>0.00</spam_score>
<post_num>1</post_num>
<post_id>post-1</post_id>
<post_url>http://www.smh.com.au/breaking-news-business/wellard-books-233m-loss-20160831-4k05b.html</post_url>
<post_date>20160831</post_date>
<post_time>0016</post_time>
<username></username>
<post>
Trevor Chappell August 31, 2016 
Live cattle exporter Wellard has failed to meet its prospectus forecast of a $9 million annual net profit, and instead has booked a $23.3 million loss due to wet weather in northern Australia and the reluctance of South-East Asian customers to pay higher prices. 
Revenue for the year to June 30 was $573.8 million, also below the prospectus forecast of $607.4 million. 
Wellard, which listed on the share market in December, did not declare a dividend. Most viewed
</post>
<signature>

</signature>
<external_links>

</external_links>
<country>AU</country>
<main_image>http://images.smh.com.au/2011/08/09/2545355/facebook-thumb-smh.png</main_image>
</document>
