<?xml version="1.0" encoding="UTF-8"?>
<document>
<type>mainstream</type>
<forum>https://www.ktipp.ch/rss/tests</forum>
<forum_title>K-Tipp - Test</forum_title>
<discussion_title>Gargeräte: Beim Kochen Zeit lassen</discussion_title>
<language>german</language>
<gmt_offset></gmt_offset>
<topic_url>https://www.ktipp.ch/tests/tests/detail/d/gargeraete-beim-kochen-zeit-lassen/</topic_url>
<topic_text>
Gargeräte: Beim Kochen Zeit lassen   «Haus &amp; Garten Test» hat vier Langsam-Gargeräte und fünf Sous-vide-Gargeräte getestet. Letztere dienen dazu, Fleisch und Gemüse vakuumiert im Wasserbad zuzubereiten. Prüfkriterien bei den Langsam-Gargeräten waren Temperaturabstufung und Temperaturverteilung, Handhabung und Verarbeitung. Bei den Sous-vide-Gargeräten ging es um Temperaturgenauigkeit und Bedienkomfort. Hier erhältliche Geräte Russel Hobbs Cook@home 22740-56 (Fr. 64.–, Pcp.ch ) Sehr gute Sous-vide-Garer: Unold Sous Vide Stick (Fr. 199.–, Galaxus.ch ) Steba SV 2 (Fr. 199.95, Mediamarkt.ch ) Quelle: «Haus &amp; Garten Test», Ausgabe Juli/-August 2016, für Fr. 9.50 am Kiosk 0
</topic_text>
<spam_score>0.00</spam_score>
<post_num>1</post_num>
<post_id>post-1</post_id>
<post_url>https://www.ktipp.ch/tests/tests/detail/d/gargeraete-beim-kochen-zeit-lassen/</post_url>
<post_date>20160827</post_date>
<post_time>0009</post_time>
<username></username>
<post>
Gargeräte: Beim Kochen Zeit lassen   «Haus &amp; Garten Test» hat vier Langsam-Gargeräte und fünf Sous-vide-Gargeräte getestet. Letztere dienen dazu, Fleisch und Gemüse vakuumiert im Wasserbad zuzubereiten. Prüfkriterien bei den Langsam-Gargeräten waren Temperaturabstufung und Temperaturverteilung, Handhabung und Verarbeitung. Bei den Sous-vide-Gargeräten ging es um Temperaturgenauigkeit und Bedienkomfort. Hier erhältliche Geräte Russel Hobbs Cook@home 22740-56 (Fr. 64.–, Pcp.ch ) Sehr gute Sous-vide-Garer: Unold Sous Vide Stick (Fr. 199.–, Galaxus.ch ) Steba SV 2 (Fr. 199.95, Mediamarkt.ch ) Quelle: «Haus &amp; Garten Test», Ausgabe Juli/-August 2016, für Fr. 9.50 am Kiosk 0
</post>
<signature>

</signature>
<external_links>

</external_links>
<country>CH</country>
<main_image></main_image>
</document>
