<?xml version="1.0" encoding="UTF-8"?>
<document>
<type>mainstream</type>
<forum>http://www.onenewspage.com/rss/latest/Front+Page.rss</forum>
<forum_title>Latest Front Page News on One News Page</forum_title>
<discussion_title>Hillary Clinton calls in experts in calculated plan to destroy Donald Trump in the debates</discussion_title>
<language>english</language>
<gmt_offset></gmt_offset>
<topic_url>http://www.onenewspage.com.au/n/Front+Page/759s63179/Hillary-Clinton-calls-in-experts-in-calculated-plan.htm</topic_url>
<topic_text>
Clinton&apos;s Lead Slipping Nationally 00:37 According to the latest NBC News/Survey Monkey Weekly Election Poll Hillary Clinton&apos;s national lead over Donald Trump has narrowed slightly to 6 points. Clinton now enjoys 48 percent support, while Trump holds steady with 42 percent. The poll was conducted online from August 22 through August 28... Recent related news One of Donald Trump&apos;s most vocal African-American supporters, Pastor Mark Burns, apologized for tweeting a cartoon of Hillary Clinton in blackface that stirred... CBS News
</topic_text>
<spam_score>0.00</spam_score>
<post_num>1</post_num>
<post_id>post-1</post_id>
<post_url>http://www.onenewspage.com.au/n/Front+Page/759s63179/Hillary-Clinton-calls-in-experts-in-calculated-plan.htm</post_url>
<post_date>20160831</post_date>
<post_time>0021</post_time>
<username></username>
<post>
Clinton&apos;s Lead Slipping Nationally 00:37 According to the latest NBC News/Survey Monkey Weekly Election Poll Hillary Clinton&apos;s national lead over Donald Trump has narrowed slightly to 6 points. Clinton now enjoys 48 percent support, while Trump holds steady with 42 percent. The poll was conducted online from August 22 through August 28... Recent related news One of Donald Trump&apos;s most vocal African-American supporters, Pastor Mark Burns, apologized for tweeting a cartoon of Hillary Clinton in blackface that stirred... CBS News
</post>
<signature>

</signature>
<external_links>

</external_links>
<country>US</country>
<main_image>http://cdn.newsserve.net/ONPglobe128.png</main_image>
</document>
