<?xml version="1.0" encoding="UTF-8"?>
<document>
<type>mainstream</type>
<forum>http://www.sputniknews.com/export/rss2/archive/index.xml</forum>
<forum_title>Sputnik International</forum_title>
<discussion_title>Palestine-Israel Talks in Moscow May Break Middle East Political Deadlock</discussion_title>
<language>english</language>
<gmt_offset></gmt_offset>
<topic_url>http://sputniknews.com/world/20160830/1044791733/israel-russia-palestine-talks.html</topic_url>
<topic_text>
Palestine-Israel Talks in Moscow May Break Middle East Political Deadlock © AFP 2016/ JACK GUEZ 0 242 1 0 Palestine Liberation Organization (PLO) Executive Committee member Ahmed Majdalani said that Russian mediation could ring about a serious breakthrough and will help to break the political deadlock of Middle East peace process. © AFP 2016/ Charles Dharapak Netanyahu, Abbas Likely to Meet in Moscow Late September RAMALLAH (Palestine) (Sputnik) — Possible talks between Palestinian and Israeli leaders in Moscow may break political deadlock in the Middle East peace process, given the Israeli government fulfills its commitments, the Palestine Liberation Organization (PLO) Executive Committee member Ahmed Majdalani told Sputnik. &quot;We do not want negotiations for the sake of negotiations, we want Russian mediation which will bring about a serious breakthrough and will help to break the political deadlock,&quot; Majdalani said. 
&quot;We have no preconditions which [Prime Minister of Israel Benjamin] Netanyahu speaks about in an effort to distort [the information]. Meanwhile the Israeli government has commitments it must fulfill under UN Resolution 1515,&quot; Majdalani said. 
Earlier in the day, a diplomatic source told Sputnik that Russian Deputy Foreign Minister Mikhail Bogdanov was expected to visit Israel on September 5 to discuss with Netanyahu the possibility of holding direct Israeli-Palestinian talks in Moscow. ...
</topic_text>
<spam_score>0.00</spam_score>
<post_num>1</post_num>
<post_id>post-1</post_id>
<post_url>http://sputniknews.com/world/20160830/1044791733/israel-russia-palestine-talks.html</post_url>
<post_date>20160830</post_date>
<post_time>1815</post_time>
<username></username>
<post>
Palestine-Israel Talks in Moscow May Break Middle East Political Deadlock © AFP 2016/ JACK GUEZ 0 242 1 0 Palestine Liberation Organization (PLO) Executive Committee member Ahmed Majdalani said that Russian mediation could ring about a serious breakthrough and will help to break the political deadlock of Middle East peace process. © AFP 2016/ Charles Dharapak Netanyahu, Abbas Likely to Meet in Moscow Late September RAMALLAH (Palestine) (Sputnik) — Possible talks between Palestinian and Israeli leaders in Moscow may break political deadlock in the Middle East peace process, given the Israeli government fulfills its commitments, the Palestine Liberation Organization (PLO) Executive Committee member Ahmed Majdalani told Sputnik. &quot;We do not want negotiations for the sake of negotiations, we want Russian mediation which will bring about a serious breakthrough and will help to break the political deadlock,&quot; Majdalani said. 
&quot;We have no preconditions which [Prime Minister of Israel Benjamin] Netanyahu speaks about in an effort to distort [the information]. Meanwhile the Israeli government has commitments it must fulfill under UN Resolution 1515,&quot; Majdalani said. 
Earlier in the day, a diplomatic source told Sputnik that Russian Deputy Foreign Minister Mikhail Bogdanov was expected to visit Israel on September 5 to discuss with Netanyahu the possibility of holding direct Israeli-Palestinian talks in Moscow. ...
</post>
<signature>

</signature>
<external_links>

</external_links>
<country>RU</country>
<main_image>https://cdn5.img.sputniknews.com/images/103099/61/1030996146.jpg</main_image>
</document>
