<?xml version="1.0" encoding="UTF-8"?>
<document>
<type>mainstream</type>
<forum>http://feeds.feedblitz.com/previouslytv</forum>
<forum_title>Previously.TV</forum_title>
<discussion_title>Alice Cooper&apos;s Guest Shot On Gene Wilder&apos;s &apos;90s Sitcom :: Which, although it&apos;s called Something Wilder, stars Wilder as Gene...Bergman. [Television]</discussion_title>
<language>english</language>
<gmt_offset></gmt_offset>
<topic_url>http://previously.tv/television/alice-coopers-guest-shot-on-gene-wilders-90s-sitcom/</topic_url>
<topic_text>
Alice Cooper&apos;s Guest Shot On Gene Wilder&apos;s &apos;90s Sitcom Which, although it&apos;s called Something Wilder , stars Wilder as Gene...Bergman. 0 What the hell? 
The late Gene Wilder had a sitcom in the mid-&apos;90s called Something Wilder . I&apos;d never seen it before researching this piece and it&apos;s not hard to see why it got sacked after this episode -- but in keeping with the week&apos;s music theme, here&apos;s a clip from the March 1995 ep featuring Alice Cooper as Gene and his wife&apos;s noisy neighbor. How&apos;d you find this...whatever this is? 
Looking through Wilder&apos;s c.v. on IMDb. Who cares? 
I&apos;ve never understood why sitcoms named for the lead actor/comedian then give the guy a different name. I guess it&apos;s for some intellectual-property reason involving their families, but then just call it something else? Anyway, Wilder is &quot;Gene Bergman&quot; here; Gregory Itzin plays his business partner, and it took me a minute to recognize Debra Mooney but eventually I figured out whose voice that was. This is a forgotten footnote to Wilder&apos;s career with good reason; the painfully prolonged &quot;Alice&quot;/&quot;who&apos;s she&quot; sequence suggests Wilder should have taken a larger role in writing the show.
</topic_text>
<spam_score>0.00</spam_score>
<post_num>1</post_num>
<post_id>post-1</post_id>
<post_url>http://previously.tv/television/alice-coopers-guest-shot-on-gene-wilders-90s-sitcom/</post_url>
<post_date>20160830</post_date>
<post_time>1715</post_time>
<username>Sarah D. Bunting</username>
<post>
Alice Cooper&apos;s Guest Shot On Gene Wilder&apos;s &apos;90s Sitcom Which, although it&apos;s called Something Wilder , stars Wilder as Gene...Bergman. 0 What the hell? 
The late Gene Wilder had a sitcom in the mid-&apos;90s called Something Wilder . I&apos;d never seen it before researching this piece and it&apos;s not hard to see why it got sacked after this episode -- but in keeping with the week&apos;s music theme, here&apos;s a clip from the March 1995 ep featuring Alice Cooper as Gene and his wife&apos;s noisy neighbor. How&apos;d you find this...whatever this is? 
Looking through Wilder&apos;s c.v. on IMDb. Who cares? 
I&apos;ve never understood why sitcoms named for the lead actor/comedian then give the guy a different name. I guess it&apos;s for some intellectual-property reason involving their families, but then just call it something else? Anyway, Wilder is &quot;Gene Bergman&quot; here; Gregory Itzin plays his business partner, and it took me a minute to recognize Debra Mooney but eventually I figured out whose voice that was. This is a forgotten footnote to Wilder&apos;s career with good reason; the painfully prolonged &quot;Alice&quot;/&quot;who&apos;s she&quot; sequence suggests Wilder should have taken a larger role in writing the show.
</post>
<signature>

</signature>
<external_links>

</external_links>
<country>US</country>
<main_image>http://previously.tv/m/2016-08-30-videotape-alt.jpg</main_image>
</document>
