<?xml version="1.0" encoding="UTF-8"?>
<document>
<type>mainstream</type>
<forum>http://www.euractiv.com/rss.xml</forum>
<forum_title>EurActiv.com</forum_title>
<discussion_title>EU says Apple must repay €13 billion over ‘illegal’ Irish tax deal</discussion_title>
<language>english</language>
<gmt_offset></gmt_offset>
<topic_url>http://www.euractiv.com/section/digital/video/eu-says-apple-must-repay-13-bn-euros-over-illegal-irish-tax-deal/</topic_url>
<topic_text>
The European Commission said on Tuesday (30 August) that US tech company Apple must repay €13 billion in back taxes after ruling that a series of Irish tax deals were illegal.
“Two tax rulings granted by Ireland have artificially reduced Apple’s tax burden for over two decades, in bridge of EU State Aid rules,” EU Competition Commissioner Margrethe Vestager said in a statement .
According to Vestager, Apple’s “selective treatment” in Ireland gave the US tech giant a “significant benefit compared to other companies.”
Both rulings allocated the profits between Apple’s Irish branch, which is subject to the normal 12.5% Irish corporate tax, and the company’s head office, Vestager told reporters at a press conference.
Stateless companies 
“Or I should say so-called head office,” she continued, “because it only existed on paper: It has no employees, it has no premises, and it has no real activities”. This allowed Apple’s head office to be subject to no tax, whether in Ireland or elsewhere, Vestager said.
Indeed, until 2013, Irish law allowed for “stateless companies” which are not subject to taxation. And a “vast majority of profits” generated by Apple was attributed to the so-called head office.
“The effective tax rate fell to a bare 0.005% by 2014,” Vestager said, explaining that Apple only paid € 50 per million in profits.
Irish government, Apple to appeal ruling 
The Irish government reacted straight after the announcement, saying that Ireland has “no choice” but to appeal against the European Union ruling.
“The decision leaves me with no choice but to seek cabinet approval to appeal the decision before the European Courts,” Ireland Minister for Finance Michael Noonan said in a government statement.
Apple also issued a statement, saying that they will “appeal and we are confident the decision will be overturned“.
</topic_text>
<spam_score>0.00</spam_score>
<post_num>3</post_num>
<post_id>post-3</post_id>
<post_url>http://www.euractiv.com/section/digital/video/eu-says-apple-must-repay-13-bn-euros-over-illegal-irish-tax-deal/#comment-316512</post_url>
<post_date>20160830</post_date>
<post_time>1439</post_time>
<username>ivan burrows</username>
<post>
Maybe you should listen to the Irish people who are going to lose jobs &amp; taxes because of your unelected commission ?, but then your barking mad EU ideology is obviously much more important than the people it claims to represent so why would you.
Enjoy your boring rainy day.
</post>
<signature>

</signature>
<external_links>

</external_links>
<country>BG</country>
<main_image>http://www.euractiv.com/wp-content/uploads/sites/2/2016/08/EDIT-Apple-800x450.jpg</main_image>
</document>
