<?xml version="1.0" encoding="UTF-8"?>
<document>
<type>mainstream</type>
<forum></forum>
<forum_title></forum_title>
<discussion_title>トヨタ ノア・ヴォクシー・エスクァイア専用のサンシェード(日よけ) - 福岡・飯塚 カー用品のプロテクタ九州</discussion_title>
<language>japanese</language>
<gmt_offset></gmt_offset>
<topic_url>http://pro-tecta-kyushu.com/info/1275510</topic_url>
<topic_text>
●フルセット※1の他に、前席窓左右２枚セット※２、後席セット※３の対応も可能 ※１：前席左右（２枚）、後席左右（２枚）、荷室左右（２枚）、リア（１枚）の７枚となります。ただし、アクア、ジムニーは、５枚でフルセットとなります。 ※２：カムロード、ＮＶ３５０キャラバン、ランドクルーザー７０は前席窓左右２枚セットのみとなります。 ※３：後席左右（２枚）、荷室左右（２枚）、リア（１枚）の５枚。ただしアクア、ジムニーは３枚となります。 ■レーザーシェード紹介動画 
</topic_text>
<spam_score>0.00</spam_score>
<post_num>1</post_num>
<post_id>post-1</post_id>
<post_url>http://pro-tecta-kyushu.com/info/1275510</post_url>
<post_date>20160831</post_date>
<post_time></post_time>
<username></username>
<post>
●フルセット※1の他に、前席窓左右２枚セット※２、後席セット※３の対応も可能 ※１：前席左右（２枚）、後席左右（２枚）、荷室左右（２枚）、リア（１枚）の７枚となります。ただし、アクア、ジムニーは、５枚でフルセットとなります。 ※２：カムロード、ＮＶ３５０キャラバン、ランドクルーザー７０は前席窓左右２枚セットのみとなります。 ※３：後席左右（２枚）、荷室左右（２枚）、リア（１枚）の５枚。ただしアクア、ジムニーは３枚となります。 ■レーザーシェード紹介動画 
</post>
<signature>

</signature>
<external_links>

</external_links>
<country>JP</country>
<main_image>https://goope.akamaized.net/14393/160831093805-57c626ed85d2f.jpg</main_image>
</document>
