<?xml version="1.0" encoding="UTF-8"?>
<document>
<type>mainstream</type>
<forum>http://comicbook.com//rss</forum>
<forum_title>Comicbook.com</forum_title>
<discussion_title>Gotham Season 3: New Photo Of Bruce Wayne&apos;s Doppelganger</discussion_title>
<language>english</language>
<gmt_offset></gmt_offset>
<topic_url>http://comicbook.com/2016/08/31/gotham-season-3-new-photo-of-bruce-waynes-doppelganger/</topic_url>
<topic_text>
Gotham Season 3: New Photo Of Bruce Wayne&apos;s Doppelganger Amy Awesome Tweet This (Photo: Fox, DC Entertainment) 
A lot of things happened in the second season finale of Gotham , but the most shocking was seeing Hugo Strange&apos;s monstrous incarnations and mad science experiments escape from a bus (that Fish Mooney crashed) and flee into the city&apos;s streets. Considering it was a rather dark knight , it was hard to tell exactly what we were seeing or hearing. 
However, one of those escapees looked exactly like a young Bruce Wayne, only with an &apos;80s hair band style. Turns out, Strange was working hard on creating an exact replica of Bruce Wayne also known as a doppleganger. Season 3 is said to be focusing on young Bruce Wayne&apos;s transformation into Batman, which will be complicated by the arrival of a wild look-a-like. 
Gotham released a new photo of Bruce Wayne&apos;s new best friend (or enemy) via Twitter: This handsome fellow returns to an all-new #Gotham in THREE WEEKS. pic.twitter.com/BjnCxd3zev — Gotham (@Gotham) August 29, 2016 
In a recent set visit, David Mazouz (who plays Bruce Wayne) told ComicBook.com about all the run he is having with two different roles. 
&quot;In terms of fun, definitely the doppelganger has been more fun to play. I don’t want to give too much away, but this character is nothing like Bruce Wayne. The only similarity that they have is that they look shockingly like David Mazouz.&quot; 
“Everything else about them, they think differently, they talk differently, they walk differently, they communicate differently. He’s pretty weird, the other guy.&quot; 
Season 3 of Gotham premiers on Monday, September 19th on FOX.
</topic_text>
<spam_score>0.00</spam_score>
<post_num>1</post_num>
<post_id>post-1</post_id>
<post_url>http://comicbook.com/2016/08/31/gotham-season-3-new-photo-of-bruce-waynes-doppelganger/</post_url>
<post_date>20160831</post_date>
<post_time>0017</post_time>
<username>Amy Awesome</username>
<post>
Gotham Season 3: New Photo Of Bruce Wayne&apos;s Doppelganger Amy Awesome Tweet This (Photo: Fox, DC Entertainment) 
A lot of things happened in the second season finale of Gotham , but the most shocking was seeing Hugo Strange&apos;s monstrous incarnations and mad science experiments escape from a bus (that Fish Mooney crashed) and flee into the city&apos;s streets. Considering it was a rather dark knight , it was hard to tell exactly what we were seeing or hearing. 
However, one of those escapees looked exactly like a young Bruce Wayne, only with an &apos;80s hair band style. Turns out, Strange was working hard on creating an exact replica of Bruce Wayne also known as a doppleganger. Season 3 is said to be focusing on young Bruce Wayne&apos;s transformation into Batman, which will be complicated by the arrival of a wild look-a-like. 
Gotham released a new photo of Bruce Wayne&apos;s new best friend (or enemy) via Twitter: This handsome fellow returns to an all-new #Gotham in THREE WEEKS. pic.twitter.com/BjnCxd3zev — Gotham (@Gotham) August 29, 2016 
In a recent set visit, David Mazouz (who plays Bruce Wayne) told ComicBook.com about all the run he is having with two different roles. 
&quot;In terms of fun, definitely the doppelganger has been more fun to play. I don’t want to give too much away, but this character is nothing like Bruce Wayne. The only similarity that they have is that they look shockingly like David Mazouz.&quot; 
“Everything else about them, they think differently, they talk differently, they walk differently, they communicate differently. He’s pretty weird, the other guy.&quot; 
Season 3 of Gotham premiers on Monday, September 19th on FOX.
</post>
<signature>

</signature>
<external_links>

</external_links>
<country>US</country>
<main_image>http://media.comicbook.com/2016/08/gotham-tv-series-dceu-movie-connections-194527-640x320.jpg</main_image>
</document>
