<?xml version="1.0" encoding="UTF-8"?>
<document>
<type>mainstream</type>
<forum>http://www.sputniknews.com/export/rss2/archive/index.xml</forum>
<forum_title>Sputnik International</forum_title>
<discussion_title>US Littoral Combat Ship Heads Back to Pearl Harbor After ‘Engineering Casualty’</discussion_title>
<language>english</language>
<gmt_offset></gmt_offset>
<topic_url>http://sputniknews.com/military/20160830/1044793356/uss-coronado-failure.html</topic_url>
<topic_text>
5 511 2 0 The littoral combat ship (LCS) USS Coronado experienced an engineering failure on Monday night in route to the Western Pacific and is returning to Hawaii for repairs, the US Navy said in a press release on Tuesday. 
WASHINGTON (Sputnik) — Last night&apos;s problem is the fourth issue in the last year, Chief of Naval Operations Adm. John Richardson noted in the release, due to personnel, design and engineering issues. US Defense Contractors Win $950Mln to Sustain Close-Shore Combat Ships 
“USS Coronado (LCS 4) experienced an engineering casualty today while transiting to the Western Pacific,” the release stated. “The extent of repairs and any operational impact is unknown at this time. An assessment of the casualty will be completed upon return to Pearl Harbor.” 
Richardson was referring to three previous engine failures that took place on the LCS Freedom, Fort Worth and Milwaukee in the past eight months. © AP Photo/ Cliff Owen 
The Coronado is currently operating under its own power at a speed of 10 knots or 11.5 miles per hour. 
LCS combatants primary mission sets are Surface Warfare, Mine Countermeasures and Anti-Submarine Warfare. ...
</topic_text>
<spam_score>0.00</spam_score>
<post_num>1</post_num>
<post_id>post-1</post_id>
<post_url>http://sputniknews.com/military/20160830/1044793356/uss-coronado-failure.html</post_url>
<post_date>20160830</post_date>
<post_time>1957</post_time>
<username></username>
<post>
5 511 2 0 The littoral combat ship (LCS) USS Coronado experienced an engineering failure on Monday night in route to the Western Pacific and is returning to Hawaii for repairs, the US Navy said in a press release on Tuesday. 
WASHINGTON (Sputnik) — Last night&apos;s problem is the fourth issue in the last year, Chief of Naval Operations Adm. John Richardson noted in the release, due to personnel, design and engineering issues. US Defense Contractors Win $950Mln to Sustain Close-Shore Combat Ships 
“USS Coronado (LCS 4) experienced an engineering casualty today while transiting to the Western Pacific,” the release stated. “The extent of repairs and any operational impact is unknown at this time. An assessment of the casualty will be completed upon return to Pearl Harbor.” 
Richardson was referring to three previous engine failures that took place on the LCS Freedom, Fort Worth and Milwaukee in the past eight months. © AP Photo/ Cliff Owen 
The Coronado is currently operating under its own power at a speed of 10 knots or 11.5 miles per hour. 
LCS combatants primary mission sets are Surface Warfare, Mine Countermeasures and Anti-Submarine Warfare. ...
</post>
<signature>

</signature>
<external_links>

</external_links>
<country>RU</country>
<main_image>https://cdn3.img.sputniknews.com/images/102714/37/1027143734.jpg</main_image>
</document>
