<?xml version="1.0" encoding="UTF-8"?>
<document>
<type>mainstream</type>
<forum>http://www.timesunion.com/sports/collectionRss/Story-Slideshow-Promo-Wide-Sports-6699.php</forum>
<forum_title>Sports stories</forum_title>
<discussion_title>No more Trill seeking: Kenny Hill prepares as TCU starter</discussion_title>
<language>english</language>
<gmt_offset></gmt_offset>
<topic_url>http://www.timesunion.com/sports/article/No-more-Trill-seeking-Kenny-Hill-prepares-as-TCU-9193995.php</topic_url>
<topic_text>
Close Image 1 of 1 TCU quarterback Kenny Hill (7) looks to throw during a team practice Friday, Aug. 5, 2016, in Fort Worth, Texas. Hill is the starting quarterback for the 13th-ranked Horned Frogs. (Ron Jenkins/Star-Telegram via AP) less TCU quarterback Kenny Hill (7) looks to throw during a team practice Friday, Aug. 5, 2016, in Fort Worth, Texas. Hill is the starting quarterback for the 13th-ranked Horned Frogs. (Ron Jenkins/Star-Telegram via ... more Photo: Ron Jenkins, AP No more Trill seeking: Kenny Hill prepares as TCU starter 1 / 1 Back to Gallery FORT WORTH, Texas (AP) — When Kenny Hill first got to TCU, after a semester away from the big-college atmosphere, he thought his new teammates might have their own idea of &quot;Kenny Trill&quot; — his quarterback alter ego who had a dynamic debut succeeding a Heisman Trophy winner at Texas A&amp;M, and also a quick downfall. So Hill kept his head down, didn&apos;t say much and just tried to prove he was deserving of the second chance. &quot;He came in being very humble. As soon as he came in, you could tell he came in trying to prove himself through his work ethic to gain our trust and confidence,&quot; senior receiver Deante&apos; Gray said Tuesday. &quot;He&apos;s been very transparent with everybody, very open in talking to everybody and just becoming a Frog.&quot; On Saturday, Hill is starting for 13th-ranked TCU in its season opener at home against South Dakota State. And he is &quot;beyond grateful&quot; to coach Gary Patterson and the Horned Frogs for the opportunity on college football&apos;s highest level again. Hill hasn&apos;t played since replacing Johnny Manziel for the 2014 season, which opened with him setting a Texas A&amp;M single-game record with 511 yards passing in a 52-28 win at South Carolina in primetime. The Aggies started 5-0, but then lost three straight while Hill struggled. Later, he was suspended two games for violating team rules and didn&apos;t play again. Instead of immediately going to TCU, Hill spent the 2015 spring semester taking classes at a junior college near his home in nearby Southlake, Texas, spending time with family and also visiting Horned Frogs practices in the spring. &quot;It just allowed me to like reflect and really find out more about myself and grow as a person,&quot; said Hill, the son of former major league pitcher Ken Hill. &quot;And it gave me a chance to like to go back to church, and get right with the man upstairs something, which is something I needed.&quot; After the fast success with the Aggies, people started calling him &quot;Kenny Football&quot; in line with Manziel&apos;s moniker. The quarterback instead preferred &quot;Kenny Trill&quot; — a play off the hybrid hip-hop adjective combining true and real. His parents even sought a trademark to the nickname. &quot;It was crazy, blowing up overnight like that,&quot; Hill said. &quot;It&apos;s something like you always dream of and you always want, but at the same time, I wasn&apos;t really ready for it yet.&quot; Hill&apos;s suspension for violating team rules was his second at Texas A&amp;M. The previous spring, before becoming the starter as a sophomore, Hill was arrested in College Station and charged with public intoxication and giving police a fake name. He was reinstated before training camp and allowed to compete for the starting job. After Hill left College Station, one of his former high school coaches reached out to Sonny Cumbie , the TCU co-offensive coordinator who was at Texas Tech when he recruited the Texas prep state champion. Hill then met with Patterson, who already knew what happened but wanted to hear it from the young quarterback. &quot;That was probably the toughest thing is just going back and talking through all that,&quot; Hill said Patterson encouraged Hill to attend junior college to get out of the limelight, &quot;kind of below the surface.&quot; He wasn&apos;t going to be able to play for TCU last season anyway because of NCAA transfer rules. &quot;He needed to get back and just get back to being Kenny Hill, the kid I knew when I recruited him out of high school,&quot; Patterson said. &quot;I did it more for the betterment for him, than it was me. Obviously you&apos;d to like to get him in, but it was one of those things, you didn&apos;t need to have kids here asking questions.&quot; Cumbie, the TCU quarterback coach, said Hill seems more guarded since high school. But Cumbie also sees a player that has matured and is motivated to prove his early success at Texas A&amp;M was no fluke. He&apos;s already proven himself for real to some at TCU. All-Big 12 defensive end Josh Carraway said it can be frustrating chasing the elusive quarterback in practice. &quot;They call it a sack, but in my head, I&apos;m thinking no way I got him,&quot; Carraway said, about when the whistle blows stopping plays. &quot;There&apos;s no way, nobody&apos;s catching him.&quot; Today&apos;s Deals
</topic_text>
<spam_score>0.00</spam_score>
<post_num>1</post_num>
<post_id>post-1</post_id>
<post_url>http://www.timesunion.com/sports/article/No-more-Trill-seeking-Kenny-Hill-prepares-as-TCU-9193995.php</post_url>
<post_date>20160831</post_date>
<post_time>0019</post_time>
<username>STEPHEN HAWKINS, AP Sports Writer</username>
<post>
Close Image 1 of 1 TCU quarterback Kenny Hill (7) looks to throw during a team practice Friday, Aug. 5, 2016, in Fort Worth, Texas. Hill is the starting quarterback for the 13th-ranked Horned Frogs. (Ron Jenkins/Star-Telegram via AP) less TCU quarterback Kenny Hill (7) looks to throw during a team practice Friday, Aug. 5, 2016, in Fort Worth, Texas. Hill is the starting quarterback for the 13th-ranked Horned Frogs. (Ron Jenkins/Star-Telegram via ... more Photo: Ron Jenkins, AP No more Trill seeking: Kenny Hill prepares as TCU starter 1 / 1 Back to Gallery FORT WORTH, Texas (AP) — When Kenny Hill first got to TCU, after a semester away from the big-college atmosphere, he thought his new teammates might have their own idea of &quot;Kenny Trill&quot; — his quarterback alter ego who had a dynamic debut succeeding a Heisman Trophy winner at Texas A&amp;M, and also a quick downfall. So Hill kept his head down, didn&apos;t say much and just tried to prove he was deserving of the second chance. &quot;He came in being very humble. As soon as he came in, you could tell he came in trying to prove himself through his work ethic to gain our trust and confidence,&quot; senior receiver Deante&apos; Gray said Tuesday. &quot;He&apos;s been very transparent with everybody, very open in talking to everybody and just becoming a Frog.&quot; On Saturday, Hill is starting for 13th-ranked TCU in its season opener at home against South Dakota State. And he is &quot;beyond grateful&quot; to coach Gary Patterson and the Horned Frogs for the opportunity on college football&apos;s highest level again. Hill hasn&apos;t played since replacing Johnny Manziel for the 2014 season, which opened with him setting a Texas A&amp;M single-game record with 511 yards passing in a 52-28 win at South Carolina in primetime. The Aggies started 5-0, but then lost three straight while Hill struggled. Later, he was suspended two games for violating team rules and didn&apos;t play again. Instead of immediately going to TCU, Hill spent the 2015 spring semester taking classes at a junior college near his home in nearby Southlake, Texas, spending time with family and also visiting Horned Frogs practices in the spring. &quot;It just allowed me to like reflect and really find out more about myself and grow as a person,&quot; said Hill, the son of former major league pitcher Ken Hill. &quot;And it gave me a chance to like to go back to church, and get right with the man upstairs something, which is something I needed.&quot; After the fast success with the Aggies, people started calling him &quot;Kenny Football&quot; in line with Manziel&apos;s moniker. The quarterback instead preferred &quot;Kenny Trill&quot; — a play off the hybrid hip-hop adjective combining true and real. His parents even sought a trademark to the nickname. &quot;It was crazy, blowing up overnight like that,&quot; Hill said. &quot;It&apos;s something like you always dream of and you always want, but at the same time, I wasn&apos;t really ready for it yet.&quot; Hill&apos;s suspension for violating team rules was his second at Texas A&amp;M. The previous spring, before becoming the starter as a sophomore, Hill was arrested in College Station and charged with public intoxication and giving police a fake name. He was reinstated before training camp and allowed to compete for the starting job. After Hill left College Station, one of his former high school coaches reached out to Sonny Cumbie , the TCU co-offensive coordinator who was at Texas Tech when he recruited the Texas prep state champion. Hill then met with Patterson, who already knew what happened but wanted to hear it from the young quarterback. &quot;That was probably the toughest thing is just going back and talking through all that,&quot; Hill said Patterson encouraged Hill to attend junior college to get out of the limelight, &quot;kind of below the surface.&quot; He wasn&apos;t going to be able to play for TCU last season anyway because of NCAA transfer rules. &quot;He needed to get back and just get back to being Kenny Hill, the kid I knew when I recruited him out of high school,&quot; Patterson said. &quot;I did it more for the betterment for him, than it was me. Obviously you&apos;d to like to get him in, but it was one of those things, you didn&apos;t need to have kids here asking questions.&quot; Cumbie, the TCU quarterback coach, said Hill seems more guarded since high school. But Cumbie also sees a player that has matured and is motivated to prove his early success at Texas A&amp;M was no fluke. He&apos;s already proven himself for real to some at TCU. All-Big 12 defensive end Josh Carraway said it can be frustrating chasing the elusive quarterback in practice. &quot;They call it a sack, but in my head, I&apos;m thinking no way I got him,&quot; Carraway said, about when the whistle blows stopping plays. &quot;There&apos;s no way, nobody&apos;s catching him.&quot; Today&apos;s Deals
</post>
<signature>

</signature>
<external_links>

</external_links>
<country>US</country>
<main_image>http://ww1.hdnux.com/photos/51/31/31/10851948/3/rawImage.jpg</main_image>
</document>
