<?xml version="1.0" encoding="UTF-8"?>
<document>
<type>mainstream</type>
<forum></forum>
<forum_title></forum_title>
<discussion_title>Daisen tech HDMI to AV Converter 1080p HDMI to RCA CVBS AV Composite Adapter HDMI 2 AV Converter support PAL/NTSC TV format output by Daisen tech</discussion_title>
<language>english</language>
<gmt_offset></gmt_offset>
<topic_url>https://www.bittopper.com/item/387757968533c55143b88bf90686c463053d70/</topic_url>
<topic_text>
Select an image for your listing You are not currently signed in. This post can&apos;t be edited or deleted. Sign in Submit from a website 
</topic_text>
<spam_score>0.00</spam_score>
<post_num>1</post_num>
<post_id>post-1</post_id>
<post_url>https://www.bittopper.com/item/387757968533c55143b88bf90686c463053d70/</post_url>
<post_date>20160831</post_date>
<post_time></post_time>
<username></username>
<post>
Select an image for your listing You are not currently signed in. This post can&apos;t be edited or deleted. Sign in Submit from a website 
</post>
<signature>

</signature>
<external_links>

</external_links>
<country>US</country>
<main_image>https://www.bittopper.com/c/ab/00/b8/bittopper_ab00b8c39e0b226ddc61560f39f168ed-daisen-tech-hdmi-to-av-converter-1080p-hdmi-to-rca-cvbs-av.jpg</main_image>
</document>
