<?xml version="1.0" encoding="UTF-8"?>
<document>
<type>mainstream</type>
<forum>http://www.trelleborgsallehanda.se/feed</forum>
<forum_title>Trelleborgs Allehanda</forum_title>
<discussion_title>Fullt utvecklad brand i centrala Kristianstad</discussion_title>
<language>swedish</language>
<gmt_offset></gmt_offset>
<topic_url>http://www.trelleborgsallehanda.se/nyheter/fullt-utvecklad-brand-i-centrala-kristianstad/</topic_url>
<topic_text>
Fullt utvecklad brand i centrala Kristianstad Kristianstad Foto: Jens Christian Andersson / TOPNEWS.SE A A 
Räddningstjänsten har larmats till Östra Boulevarden i centrala Kristianstad efter att rök setts från vinden på ett flerfamiljshus. 
Larmet inkom 01.13 och när räddningstjänsten kom till platsen och rapporterade de om en fullt utvecklad brand. Ett tjugotal brandmän från räddningstjänsten i Kristianstad, Tollarp och Hässleholm har sedan dess arbetat med att få branden under kontroll. 
Enligt poliser innehåller byggnaden nio lägenheter och en tandläkarpraktik. Samtliga 14 boende är utrymda och inga personskador har rapporterats. 
– Det kommer att öppnas upp ett serviceboende dit de utrymda personerna kan ta sig, i nuläget vet jag inte när de kan återvända till sina bostäder, säger Magnus Lèfevre, vakthavande befäl vid polisen Region Syd. 
Branden startade på vinden och har enligt initiala uppgifter kunnat begränsas dit. Det pågår dock ett eftersökningsarbete för att se om branden har spridit sig vidare till någon lägenhet. 
Eftersom orsaken till branden är okänd och att det rör sig om ett bostadshus med spridningsrisk kommer det att upprättas en anmälan om mordbrand. 
Vid halv tre på morgonen rapporterar räddningsledare Anders Pålsson att det inte längre är några synliga lågor och att man just nu håller på med släckningsarbete inifrån och ovanifrån. 
– Ett antal lägenhetsförråd har brunnit men det är för tidigt att säga exakt hur stor omfattningen är och om det kommer att bli några skador på någon av lägenheterna, säger han.  
</topic_text>
<spam_score>0.00</spam_score>
<post_num>1</post_num>
<post_id>post-1</post_id>
<post_url>http://www.trelleborgsallehanda.se/nyheter/fullt-utvecklad-brand-i-centrala-kristianstad/</post_url>
<post_date>20160830</post_date>
<post_time>2323</post_time>
<username>nattwebbare@gotamedia.se (Fredrik Tano)</username>
<post>
Fullt utvecklad brand i centrala Kristianstad Kristianstad Foto: Jens Christian Andersson / TOPNEWS.SE A A 
Räddningstjänsten har larmats till Östra Boulevarden i centrala Kristianstad efter att rök setts från vinden på ett flerfamiljshus. 
Larmet inkom 01.13 och när räddningstjänsten kom till platsen och rapporterade de om en fullt utvecklad brand. Ett tjugotal brandmän från räddningstjänsten i Kristianstad, Tollarp och Hässleholm har sedan dess arbetat med att få branden under kontroll. 
Enligt poliser innehåller byggnaden nio lägenheter och en tandläkarpraktik. Samtliga 14 boende är utrymda och inga personskador har rapporterats. 
– Det kommer att öppnas upp ett serviceboende dit de utrymda personerna kan ta sig, i nuläget vet jag inte när de kan återvända till sina bostäder, säger Magnus Lèfevre, vakthavande befäl vid polisen Region Syd. 
Branden startade på vinden och har enligt initiala uppgifter kunnat begränsas dit. Det pågår dock ett eftersökningsarbete för att se om branden har spridit sig vidare till någon lägenhet. 
Eftersom orsaken till branden är okänd och att det rör sig om ett bostadshus med spridningsrisk kommer det att upprättas en anmälan om mordbrand. 
Vid halv tre på morgonen rapporterar räddningsledare Anders Pålsson att det inte längre är några synliga lågor och att man just nu håller på med släckningsarbete inifrån och ovanifrån. 
– Ett antal lägenhetsförråd har brunnit men det är för tidigt att säga exakt hur stor omfattningen är och om det kommer att bli några skador på någon av lägenheterna, säger han.  
</post>
<signature>

</signature>
<external_links>

</external_links>
<country>SE</country>
<main_image>http://d6jf7ok6u1qis.cloudfront.net/imengine/image.php?uuid=c63bd895-ffc8-4302-9a78-a20ee9a60f3f&amp;type=preview&amp;source=false&amp;function=cropresize&amp;width=768&amp;height=384&amp;q=40&amp;x=0&amp;y=112&amp;crop_w=1200&amp;crop_h=601&amp;z=1.3289036544850499</main_image>
</document>
