<?xml version="1.0" encoding="UTF-8"?>
<document>
<type>mainstream</type>
<forum>http://www.sputniknews.com/export/rss2/archive/index.xml</forum>
<forum_title>Sputnik International</forum_title>
<discussion_title>Latvian Nationalists Destroy Soviet World War II Monument</discussion_title>
<language>english</language>
<gmt_offset></gmt_offset>
<topic_url>http://sputniknews.com/europe/20160830/1044786863/latvia-soviet-monument-destraction.html</topic_url>
<topic_text>
5 459 0 8 Latvia&apos;s nationalist Daugavas Vanagi Latvija (DV) organization destroyed a monument to Soviet navy sailors who died in the first weeks of World War II while fighting local Nazi collaborators in the town of Limbazi in the north of the country, according to DV leader Gunars Grinbergs. © Sputnik/ Igor Zarembo RIGA (Sputnik) — Latvia&apos;s nationalist Daugavas Vanagi Latvija (DV) organization has destroyed a Soviet-era World War II monument in the town of Limbazi in the north of the country, DV leader Gunars Grinbergs said Tuesday. &quot;Over the weekend, Daugavas Vanagi Latvija destroyed a monument to Soviet navy sailors,&quot; Grinbergs told reporters. 
The monument, which was erected in 1974 near the town&apos;s school and created in the shape of the hull of a ship, was dedicated to Soviet seamen who died in the first weeks of World War II while fighting local Nazi collaborators. It was protected by the 1994 Russia-Latvian agreements, under which Latvia is obliged to maintain Soviet memorials and war graves. © REUTERS/ Kacper Pempel/File Photo Grinbergs claimed, citing historical archives, that the seamen were marauders who killed seven local civilians.
A Limbazi city council representative said that local authorities had approved the taking down of the monument. 
DV was founded in 1945 by former Latvian members of Nazi Germany&apos;s Waffen-SS and continues to support SS veterans and their families living in Latvia. ...
</topic_text>
<spam_score>0.00</spam_score>
<post_num>1</post_num>
<post_id>post-1</post_id>
<post_url>http://sputniknews.com/europe/20160830/1044786863/latvia-soviet-monument-destraction.html</post_url>
<post_date>20160830</post_date>
<post_time>1607</post_time>
<username></username>
<post>
5 459 0 8 Latvia&apos;s nationalist Daugavas Vanagi Latvija (DV) organization destroyed a monument to Soviet navy sailors who died in the first weeks of World War II while fighting local Nazi collaborators in the town of Limbazi in the north of the country, according to DV leader Gunars Grinbergs. © Sputnik/ Igor Zarembo RIGA (Sputnik) — Latvia&apos;s nationalist Daugavas Vanagi Latvija (DV) organization has destroyed a Soviet-era World War II monument in the town of Limbazi in the north of the country, DV leader Gunars Grinbergs said Tuesday. &quot;Over the weekend, Daugavas Vanagi Latvija destroyed a monument to Soviet navy sailors,&quot; Grinbergs told reporters. 
The monument, which was erected in 1974 near the town&apos;s school and created in the shape of the hull of a ship, was dedicated to Soviet seamen who died in the first weeks of World War II while fighting local Nazi collaborators. It was protected by the 1994 Russia-Latvian agreements, under which Latvia is obliged to maintain Soviet memorials and war graves. © REUTERS/ Kacper Pempel/File Photo Grinbergs claimed, citing historical archives, that the seamen were marauders who killed seven local civilians.
A Limbazi city council representative said that local authorities had approved the taking down of the monument. 
DV was founded in 1945 by former Latvian members of Nazi Germany&apos;s Waffen-SS and continues to support SS veterans and their families living in Latvia. ...
</post>
<signature>

</signature>
<external_links>

</external_links>
<country>RU</country>
<main_image>https://cdn2.img.sputniknews.com/images/104478/82/1044788213.jpg</main_image>
</document>
