<?xml version="1.0" encoding="UTF-8"?>
<document>
<type>mainstream</type>
<forum>http://m.smh.com.au/rss.xml</forum>
<forum_title>All Breaking News</forum_title>
<discussion_title>Ugly issues behind Kalgoorlie riots but town&apos;s beauty never stays buried long</discussion_title>
<language>english</language>
<gmt_offset></gmt_offset>
<topic_url>http://www.smh.com.au/comment/ugly-issues-behind-kalgoorlie-riots-but-towns-beauty-never-stays-buried-long-20160830-gr54si.html</topic_url>
<topic_text>
&quot;Sorry, I&apos;m just taking the dog for a walk, don&apos;t have any money.&quot; 
&quot;Oh....well...can just I pat your dog then.&quot; 
&quot;Sure thing!&quot; 
I never felt threatened. The people from the lands, in particular, I reckoned were far more of a danger to each other than to me or anyone else walking past. 
And yet I was always acutely aware of racial tension bubbling away beneath the surface....and sometimes above. You couldn&apos;t fail to notice it. 
The amount of &quot;card-carrying&quot; racists I met in Kalgoorlie could be counted on one hand. But casual racism was everywhere. People I knew and liked and didn&apos;t consider to be racist in their actions - which portrayed them as willing to take anyone on face value, no matter the skin colour - regularly dropped words in conversation that have long-been considered offensive. At a fundraiser for the RFDS, which services remote Indigenous communities, Kevin &apos;Bloody&apos; Wilson sung Living Next Door to Alan. 
Of course, discrimination can go both ways and that&apos;s an elephant in this room. The history of racism in this country overwhelmingly pertains to mistreatment of black people by white folk. But I&apos;ve heard nasty stuff going back the other way too, much of it in Kalgoorlie. 
I&apos;ve been back to Kal only twice since I left in 2005. People come and go and watering holes switch ownership but some things stay the same. Reading my colleague Emma Young&apos;s piece on the background to Tuesday&apos;s riots , it was apparent that, despite peoples&apos; best efforts, many of the same tensions remain. 
What has changed, of course, is social media - which amplifies everything. A small crowd confronting police quickly swells to hundreds. One angry vigilante effortlessly finds another... and then another... and then many more. 
Kalgoorlie-Boulder can go two ways from Tuesday&apos;s events. 
The riots can be quelled, the glass on Hannan Street swept up, the matter of Elijah Doughty&apos;s death dealt with through the justice system and everyone can just go back to what they&apos;ve always been doing. But the stain of the riot will linger (near and afar) and so, I imagine, will an undercurrent of unrest. 
Or things can change. 
Petty crime is petty crime. Riots are riots. Vigilante attitudes are vigilante attitudes. None are acceptable and I&apos;m sure all will be appropriately dealt with on an individual level. 
But to really address what happened on Tuesday there has to be leadership and a willingness to tackle long-standing issues, from the bottom to the top of every part of the community. There won&apos;t be an easy fix. There may never be a complete one. But that doesn&apos;t mean you don&apos;t try - education and understanding are two obvious starting points. 
As a young journo, I wouldn&apos;t have been bold enough to point out something bleeding obvious to a town that had taken me in so graciously - that it sat atop a societal fault line just waiting to crack, potentially in explosive fashion. 
Something I did write regularly was that Kalgoorlie was a beautiful place full of beautiful, if sometimes complex, people. 
Tuesday, no doubt, was about as ugly it could get. 
But in a town that has thrived during booms and survived the busts for more than 120 years, beauty never stays buried for too long.
</topic_text>
<spam_score>0.00</spam_score>
<post_num>1</post_num>
<post_id>post-1</post_id>
<post_url>http://www.smh.com.au/comment/ugly-issues-behind-kalgoorlie-riots-but-towns-beauty-never-stays-buried-long-20160830-gr54si.html</post_url>
<post_date>20160831</post_date>
<post_time>0014</post_time>
<username></username>
<post>
&quot;Sorry, I&apos;m just taking the dog for a walk, don&apos;t have any money.&quot; 
&quot;Oh....well...can just I pat your dog then.&quot; 
&quot;Sure thing!&quot; 
I never felt threatened. The people from the lands, in particular, I reckoned were far more of a danger to each other than to me or anyone else walking past. 
And yet I was always acutely aware of racial tension bubbling away beneath the surface....and sometimes above. You couldn&apos;t fail to notice it. 
The amount of &quot;card-carrying&quot; racists I met in Kalgoorlie could be counted on one hand. But casual racism was everywhere. People I knew and liked and didn&apos;t consider to be racist in their actions - which portrayed them as willing to take anyone on face value, no matter the skin colour - regularly dropped words in conversation that have long-been considered offensive. At a fundraiser for the RFDS, which services remote Indigenous communities, Kevin &apos;Bloody&apos; Wilson sung Living Next Door to Alan. 
Of course, discrimination can go both ways and that&apos;s an elephant in this room. The history of racism in this country overwhelmingly pertains to mistreatment of black people by white folk. But I&apos;ve heard nasty stuff going back the other way too, much of it in Kalgoorlie. 
I&apos;ve been back to Kal only twice since I left in 2005. People come and go and watering holes switch ownership but some things stay the same. Reading my colleague Emma Young&apos;s piece on the background to Tuesday&apos;s riots , it was apparent that, despite peoples&apos; best efforts, many of the same tensions remain. 
What has changed, of course, is social media - which amplifies everything. A small crowd confronting police quickly swells to hundreds. One angry vigilante effortlessly finds another... and then another... and then many more. 
Kalgoorlie-Boulder can go two ways from Tuesday&apos;s events. 
The riots can be quelled, the glass on Hannan Street swept up, the matter of Elijah Doughty&apos;s death dealt with through the justice system and everyone can just go back to what they&apos;ve always been doing. But the stain of the riot will linger (near and afar) and so, I imagine, will an undercurrent of unrest. 
Or things can change. 
Petty crime is petty crime. Riots are riots. Vigilante attitudes are vigilante attitudes. None are acceptable and I&apos;m sure all will be appropriately dealt with on an individual level. 
But to really address what happened on Tuesday there has to be leadership and a willingness to tackle long-standing issues, from the bottom to the top of every part of the community. There won&apos;t be an easy fix. There may never be a complete one. But that doesn&apos;t mean you don&apos;t try - education and understanding are two obvious starting points. 
As a young journo, I wouldn&apos;t have been bold enough to point out something bleeding obvious to a town that had taken me in so graciously - that it sat atop a societal fault line just waiting to crack, potentially in explosive fashion. 
Something I did write regularly was that Kalgoorlie was a beautiful place full of beautiful, if sometimes complex, people. 
Tuesday, no doubt, was about as ugly it could get. 
But in a town that has thrived during booms and survived the busts for more than 120 years, beauty never stays buried for too long.
</post>
<signature>

</signature>
<external_links>

</external_links>
<country>AU</country>
<main_image>http://www.smh.com.au/content/dam/images/g/r/5/5/4/u/image.related.socialLead.620x349.gr54si.png/1472602645999.jpg</main_image>
</document>
