<?xml version="1.0" encoding="UTF-8"?>
<document>
<type>mainstream</type>
<forum>http://www.care2.com/causes/author/stevebwilliams/feed</forum>
<forum_title>Care2 Causes » Steve Williams</forum_title>
<discussion_title>Orlando Hospitals Waive Medical Bills for Pulse Victims</discussion_title>
<language>english</language>
<gmt_offset></gmt_offset>
<topic_url>http://www.care2.com/causes/orlando-hospitals-waive-medical-bills-for-pulse-victims.html</topic_url>
<topic_text>
  
In an extraordinary gesture of good will, Orlando hospitals that treated many of the people injured in the wake of the Pulse nightclub massacre have announced they won’t bill surviving victims or family members. 
Orlando Regional Medical Hospital, which treated around 44 of the June 12 attack victims , has confirmed that it will not bill those patients or the families of victims who were treated at the center but later died. 
Orlando Health — a nonprofit network of medical facilities in the region, including Orlando Regional Hospital — will instead recoup some money through insurers and write off the expenses which weren’t covered. It will also make use of available federal and state funds. 
The group estimates that even through these mechanisms, it will eventually reabsorb up to five million dollars in losses — but it will gladly do so to help out the victims of this attack. 
“The pulse shooting was a horrendous tragedy for the victims, their families and our entire community,” Orlando Health President and CEO David Strong told the Orlando Sentinel . “During this very trying time, many organizations, individuals and charities have reached out to Orlando Health to show their support. This is simply our way of paying that kindness forward.” 
Florida Hospital, which treated 12 of the Pulse nightclub victims, has also said it does not plan to bill patients and will not seek to recover those costs. CEO Daryl Tol stated : It was incredible to see how our community came together in the wake of the senseless Pulse shooting. We hope this gesture can add to the heart and goodwill that defines Orlando. 
Given that many of the victims who were affected by the June 12 massacre are Latinx — and that this community, due to economic disparities, has traditionally struggled to access affordable health insurance — this decision will likely be a big weight off the community’s shoulders. Indeed, reports suggest that surviving victims and their families are incredibly grateful. 
As Dan Savage points out , however, the disproportionate burden on minority communities — and the difficulties they face paying for lifesaving medical treatment — continue despite this act of kindness. It’s important to recognize this fact, even as we praise these hospitals for their undeniably admirable act. 
It’s been just over two months since the deadly night that claimed 49 lives and impacted many more, but there have been some notable developments — some of them positive and others a more sober reminder of the underlying issues at play. 
One good news story is that of Angel Colon, a man who was shot twice but survived. Colon recently took his first unaided steps since that terrible night. You can see his story below: 
Christine Leinonen, mother of Pulse victim Christopher “Drew” Leinonen, also recently spoke at the Democratic National Convention. She discussed those terrible events and the need for common sense gun control that can limit access to rapid-fire firearms. 
Watch the touching and deeply powerful speech below: 
Nothing can make what happened that night in any way better or less hurtful, but these acts of kindness and bravery go to show that while the murderer may have stolen many lives, he could not take away the community’s love and human decency. That lives on, and in quiet moments like these, appears to be flourishing. Love This? Never Miss Another Story. Thanks for subscribing!
</topic_text>
<spam_score>0.00</spam_score>
<post_num>1</post_num>
<post_id>post-1</post_id>
<post_url>http://www.care2.com/causes/orlando-hospitals-waive-medical-bills-for-pulse-victims.html</post_url>
<post_date>20160829</post_date>
<post_time>1200</post_time>
<username>Steve Williams</username>
<post>
  
In an extraordinary gesture of good will, Orlando hospitals that treated many of the people injured in the wake of the Pulse nightclub massacre have announced they won’t bill surviving victims or family members. 
Orlando Regional Medical Hospital, which treated around 44 of the June 12 attack victims , has confirmed that it will not bill those patients or the families of victims who were treated at the center but later died. 
Orlando Health — a nonprofit network of medical facilities in the region, including Orlando Regional Hospital — will instead recoup some money through insurers and write off the expenses which weren’t covered. It will also make use of available federal and state funds. 
The group estimates that even through these mechanisms, it will eventually reabsorb up to five million dollars in losses — but it will gladly do so to help out the victims of this attack. 
“The pulse shooting was a horrendous tragedy for the victims, their families and our entire community,” Orlando Health President and CEO David Strong told the Orlando Sentinel . “During this very trying time, many organizations, individuals and charities have reached out to Orlando Health to show their support. This is simply our way of paying that kindness forward.” 
Florida Hospital, which treated 12 of the Pulse nightclub victims, has also said it does not plan to bill patients and will not seek to recover those costs. CEO Daryl Tol stated : It was incredible to see how our community came together in the wake of the senseless Pulse shooting. We hope this gesture can add to the heart and goodwill that defines Orlando. 
Given that many of the victims who were affected by the June 12 massacre are Latinx — and that this community, due to economic disparities, has traditionally struggled to access affordable health insurance — this decision will likely be a big weight off the community’s shoulders. Indeed, reports suggest that surviving victims and their families are incredibly grateful. 
As Dan Savage points out , however, the disproportionate burden on minority communities — and the difficulties they face paying for lifesaving medical treatment — continue despite this act of kindness. It’s important to recognize this fact, even as we praise these hospitals for their undeniably admirable act. 
It’s been just over two months since the deadly night that claimed 49 lives and impacted many more, but there have been some notable developments — some of them positive and others a more sober reminder of the underlying issues at play. 
One good news story is that of Angel Colon, a man who was shot twice but survived. Colon recently took his first unaided steps since that terrible night. You can see his story below: 
Christine Leinonen, mother of Pulse victim Christopher “Drew” Leinonen, also recently spoke at the Democratic National Convention. She discussed those terrible events and the need for common sense gun control that can limit access to rapid-fire firearms. 
Watch the touching and deeply powerful speech below: 
Nothing can make what happened that night in any way better or less hurtful, but these acts of kindness and bravery go to show that while the murderer may have stolen many lives, he could not take away the community’s love and human decency. That lives on, and in quiet moments like these, appears to be flourishing. Love This? Never Miss Another Story. Thanks for subscribing!
</post>
<signature>

</signature>
<external_links>

</external_links>
<country>US</country>
<main_image>http://dingo.care2.com/pictures/causes/3188/3187908.large.jpg</main_image>
</document>
