<?xml version="1.0" encoding="UTF-8"?>
<document>
<type>mainstream</type>
<forum>http://www.bignewsnetwork.com/index.php/nav/rss/c3c346bd4e23060a</forum>
<forum_title>Latest Big News Network RSS Feeds</forum_title>
<discussion_title>Improved planning framework for mental health and addiction services</discussion_title>
<language>english</language>
<gmt_offset></gmt_offset>
<topic_url>http://www.bignewsnetwork.com/news/247215615/improved-planning-framework-for-mental-health-and-addiction-services</topic_url>
<topic_text>
Improved planning framework for mental health and addiction services beehive.govt.nz Wednesday 31st August, 2016 Health Minister Jonathan Coleman says a new framework for planning and designing support for people with mental health and addiction issues will help to further improve care.
&quot;The new Commissioning Framework is about better planning and design of mental health and addiction services,&quot; says Dr Coleman. 
&quot;It&apos;s a methodology that will shift the focus from inputs and outputs to understanding the real difference that services make to people. This is about putting people at the centre of planning. 
&quot;The framework sets national expectations and requirements while at the same time, enabling providers the ability to develop responses that better meet the needs of local communities and people. 
&quot;It&apos;s important to ensure no matter where someone lives, or whatever their circumstances, they get access to the mental health and addiction services that they need.&quot; 
The Government recently announced that Budget 2016 includes $12 million over four years to increase support for people to access mental health services at an earlier stage. It is targeted around three initiatives: 
A mental health triage system delivered by the national telehealth service. This will help strengthen the response to people who reach out to police, social, and community services at a time of mental health distress, identifying appropriate responses and referrals. 
Support for primary care and social services through a dedicated mental health expert advice service to help them to help people address their mental health issues before they escalate. 
Improving local mental health pathways will map out existing services and better direct people to help in their communities. 
The Commissioning Framework for Mental Health and Addiction: A New Zealand guide was designed with consumers of services and the wider mental health and addiction sector. 
The report is available on the Ministry of Health website: www.health.govt.nz share this story
</topic_text>
<spam_score>0.00</spam_score>
<post_num>1</post_num>
<post_id>post-1</post_id>
<post_url>http://www.bignewsnetwork.com/news/247215615/improved-planning-framework-for-mental-health-and-addiction-services</post_url>
<post_date>20160830</post_date>
<post_time>2347</post_time>
<username></username>
<post>
Improved planning framework for mental health and addiction services beehive.govt.nz Wednesday 31st August, 2016 Health Minister Jonathan Coleman says a new framework for planning and designing support for people with mental health and addiction issues will help to further improve care.
&quot;The new Commissioning Framework is about better planning and design of mental health and addiction services,&quot; says Dr Coleman. 
&quot;It&apos;s a methodology that will shift the focus from inputs and outputs to understanding the real difference that services make to people. This is about putting people at the centre of planning. 
&quot;The framework sets national expectations and requirements while at the same time, enabling providers the ability to develop responses that better meet the needs of local communities and people. 
&quot;It&apos;s important to ensure no matter where someone lives, or whatever their circumstances, they get access to the mental health and addiction services that they need.&quot; 
The Government recently announced that Budget 2016 includes $12 million over four years to increase support for people to access mental health services at an earlier stage. It is targeted around three initiatives: 
A mental health triage system delivered by the national telehealth service. This will help strengthen the response to people who reach out to police, social, and community services at a time of mental health distress, identifying appropriate responses and referrals. 
Support for primary care and social services through a dedicated mental health expert advice service to help them to help people address their mental health issues before they escalate. 
Improving local mental health pathways will map out existing services and better direct people to help in their communities. 
The Commissioning Framework for Mental Health and Addiction: A New Zealand guide was designed with consumers of services and the wider mental health and addiction sector. 
The report is available on the Ministry of Health website: www.health.govt.nz share this story
</post>
<signature>

</signature>
<external_links>

</external_links>
<country>US</country>
<main_image>http://static.bignewsnetwork.com/bignewsnetwork/big-news-network-slogan.jpg</main_image>
</document>
