<?xml version="1.0" encoding="UTF-8"?>
<document>
<type>mainstream</type>
<forum></forum>
<forum_title></forum_title>
<discussion_title>Barb Is Going Back To High School In CW&apos;s &apos;Archie&apos; Reboot &apos;Riverdale&apos;</discussion_title>
<language>english</language>
<gmt_offset></gmt_offset>
<topic_url>http://www.nylon.com/articles/shannon-purser-riverdale</topic_url>
<topic_text>
by daniel barna Photo courtesy of Netflix 
It was only a matter of time before Stranger Things&apos; breakout star Shannon Purser found a new home. After charming audiences as the lovable but ill-fated nerd on Netflix&apos;s summer sensation, Purser has joined CW’s Archie reboot, Riverdale, for at least three episodes, Entertainment Weekly confirms . 
Purser will play Ethel Muggs, the boy-crazy student best known for her rabid crush on Jughead, who&apos;ll be played by Cole Sprouse. They&apos;ll be joined by K.J. Apa as Archie, Camila Mendes as Veronica, and Lili Reinhart as Betty . Luke Perry, Madelaine Petsch, Marisol Nichols, and Mädchen Amick round out the cast. 
For those of you expecting a straightforward adaptation of the beloved comics, you might be disappointed. Series creator, Greg Berlanti, has promised a &quot;surprising and subversive&quot; version of Archie comics, which mean it&apos;ll probably be a lot darker than the mostly PG source material. One change we can expect is with Purser&apos;s character, who won&apos;t be the same outcast she is in the books. Instead, Ethel will be tight with Betty and Veronica &quot;after they team up for a revenge plot on Reggie Mantle, a bully and Archie’s rival.” 
It may not be the monster, but it&apos;s nice to know that Barb will finally get her revenge. Well, sort of. Riverdale is expected to premiere midseason on The CW. 

</topic_text>
<spam_score>0.20</spam_score>
<post_num>1</post_num>
<post_id>post-1</post_id>
<post_url>http://www.nylon.com/articles/shannon-purser-riverdale</post_url>
<post_date>20160830</post_date>
<post_time></post_time>
<username></username>
<post>
by daniel barna Photo courtesy of Netflix 
It was only a matter of time before Stranger Things&apos; breakout star Shannon Purser found a new home. After charming audiences as the lovable but ill-fated nerd on Netflix&apos;s summer sensation, Purser has joined CW’s Archie reboot, Riverdale, for at least three episodes, Entertainment Weekly confirms . 
Purser will play Ethel Muggs, the boy-crazy student best known for her rabid crush on Jughead, who&apos;ll be played by Cole Sprouse. They&apos;ll be joined by K.J. Apa as Archie, Camila Mendes as Veronica, and Lili Reinhart as Betty . Luke Perry, Madelaine Petsch, Marisol Nichols, and Mädchen Amick round out the cast. 
For those of you expecting a straightforward adaptation of the beloved comics, you might be disappointed. Series creator, Greg Berlanti, has promised a &quot;surprising and subversive&quot; version of Archie comics, which mean it&apos;ll probably be a lot darker than the mostly PG source material. One change we can expect is with Purser&apos;s character, who won&apos;t be the same outcast she is in the books. Instead, Ethel will be tight with Betty and Veronica &quot;after they team up for a revenge plot on Reggie Mantle, a bully and Archie’s rival.” 
It may not be the monster, but it&apos;s nice to know that Barb will finally get her revenge. Well, sort of. Riverdale is expected to premiere midseason on The CW. 

</post>
<signature>

</signature>
<external_links>

</external_links>
<country>US</country>
<main_image>http://res.cloudinary.com/nylon/image/upload/t_posts-max,f_auto,fl_lossy,q_80/posts/facebook_thumbnails/000/028/437/barbfb.jpg</main_image>
</document>
