<?xml version="1.0" encoding="UTF-8"?>
<document>
<type>mainstream</type>
<forum>http://feeds2.feedburner.com/ThemorningbulletincomauLifestyle</forum>
<forum_title>themorningbulletin.com.au: Lifestyle</forum_title>
<discussion_title>FORGOTTEN CAP COAST: Why don&apos;t our beaches rate a mention?</discussion_title>
<language>english</language>
<gmt_offset></gmt_offset>
<topic_url>http://www.themorningbulletin.com.au/news/forgotten-cap-coast-why-dont-our-beaches-rate-a-me/3084036/</topic_url>
<topic_text>
Local Real Estate Subscribe Now 
A MAP which highlights the best beaches across Australia appears to have one major flaw; the Capricorn Coast is completely overlooked. 
Seasoned beach reviewer Brad Farmer has travelled Australia in search of the country&apos;s 101 best beaches for decades, but will arrive on the Capricorn Coast for the first time tomorrow to decide if our shores make the cut. 
Why Qld beaches will lose their sand to NSW, read story here 
Brad said he referred to our region as the &quot;Forgotten Coast&quot;, and is eager to soak in our sand and waves when he hits Byfield and surrounds tomorrow. 
During his visit, the project leader of Australia&apos;s 101 Best Beaches will seek community feedback through engagement opportunities and social media. 
Let us know your favourite beach in our poll, or write it in the comments below. Reader poll Which Capricorn Coast beach is best? Fisherman&apos;s Beach, Emu Park
</topic_text>
<spam_score>0.00</spam_score>
<post_num>1</post_num>
<post_id>post-1</post_id>
<post_url>http://www.themorningbulletin.com.au/news/forgotten-cap-coast-why-dont-our-beaches-rate-a-me/3084036/</post_url>
<post_date>20160830</post_date>
<post_time>1400</post_time>
<username></username>
<post>
Local Real Estate Subscribe Now 
A MAP which highlights the best beaches across Australia appears to have one major flaw; the Capricorn Coast is completely overlooked. 
Seasoned beach reviewer Brad Farmer has travelled Australia in search of the country&apos;s 101 best beaches for decades, but will arrive on the Capricorn Coast for the first time tomorrow to decide if our shores make the cut. 
Why Qld beaches will lose their sand to NSW, read story here 
Brad said he referred to our region as the &quot;Forgotten Coast&quot;, and is eager to soak in our sand and waves when he hits Byfield and surrounds tomorrow. 
During his visit, the project leader of Australia&apos;s 101 Best Beaches will seek community feedback through engagement opportunities and social media. 
Let us know your favourite beach in our poll, or write it in the comments below. Reader poll Which Capricorn Coast beach is best? Fisherman&apos;s Beach, Emu Park
</post>
<signature>

</signature>
<external_links>

</external_links>
<country>AU</country>
<main_image>https://media.apnarm.net.au/img/media/images/2016/08/31/b88297675z1_20160831102015_000g9t9uek33-0-na4s700cm2gfcx78tm2_fct1567x1165x477x18_ct300x300.jpg</main_image>
</document>
