<?xml version="1.0" encoding="UTF-8"?>
<document>
<type>mainstream</type>
<forum></forum>
<forum_title></forum_title>
<discussion_title>Is all well!</discussion_title>
<language>english</language>
<gmt_offset></gmt_offset>
<topic_url>http://www.greaterkashmir.com/news/opinion/story/227174.html</topic_url>
<topic_text>
Wednesday, August 31, 2016, 27, Zul Qaadah, 1437 Is all well! Do we need to state the obvious; nothing is well! Sarah Hayat Shah Srinagar, Publish Date: Aug 30 2016 10:59PM | Updated Date: Aug 30 2016 10:59PM File Photo 
The Lady leading the current dispensation has persistently been pretending that &quot;All Is Well&quot; for the immense love of chair. Immediately after Mufti Sahib&apos;s death Madam Mufti said, &quot;she won&apos;t burn her fingers for nothing&quot;, later she also said that &quot;Mufti Sahib died a sad man&quot;, giving everyone enough reason to believe that the PDP was now going to keep BJP at bay; two and a half months later the party saw all their happiness in BJP though. The demand for Confidence Building Measures, Return of Power Projects, talks with Hurriyat and talks on AFSPA didn&apos;t seem to matter anymore. How could we forget that the same strategy helped them grab power in 2015. While over 1.3 millions pellets have been shot, over 70 are dead and many have lost vision forever, and they expects everyone to say &quot;All is well&quot;. The honest truth is that Azaadi slogans echo in Kashmir every single day. Why are you oblivious to the fact that these young men on streets are not protesting against the lack of employment opportunities, roads and bridges? There is clearly something else, why is New-Delhi living in complete denial? Or is it the UP, Punjab elections that won&apos;t let them utter a word? The truth needs to be told and the truth is that Yuvraj Karan Singh took many years to speak but he finally did. We never merged with India like other states did. Madam Mufti has constantly been saying that only 5% people are protesting and they are driven by vested interests. I challenge her to make the streets free of the security forces and then look for herself. The Lady we knew used to visit militant families and cry her eyes out. The same lady is now seen justifying all these 70 killings - &quot;The kid that went to the army camp had not gone there for a toffee. The 15 year old boy in Damhal Hanjipora had not gone to the police station for fetching milk&quot;, says Mehbooba Mufti- and hence All is well. Her &quot;All is well&quot; attitude reminds us of the &quot;Pigeon with closed eyes&quot;- it&apos;s said when a pigeon sees a cat, it closes its eyes. That way the pigeon assumes since it can&apos;t see the cat, the cat doesn&apos;t exist. How does she plan to explain the &quot;Jhamuriyat, Insaniyat, Kashmirat&quot; theory to the 14 year old Insha who will never be able to see again, she didn&apos;t attack any camp. What will you tell the 18 month old baby of the lecturer who was dragged out of his house and beaten to death? On the one hand PDP says &quot;Vested Interests&quot; are sabotaging peace and on the other they are begging for a chance!! This erratic behaviour has left many wounded and others perplexed. Locking up the separatists wouldn&apos;t fix the vulnerabilities, snapping the internet wouldn&apos;t mitigate the anger. Too much Jamhuriyat - I must say. Sitting in front of the media without a political strategy wouldn&apos;t help us get out of this mess. I wonder why these press-conferences when you have absolutely no idea what to say. At the press conference Mehbooba Mufti had no answers, and then she offered tea so unceremoniously to the journalists that they refused to have Chai Cuppa and left. The state hasn&apos;t seen such a Cheif minister ever before. God knows how she would be judged by the history. Sarah Hayat Shah is the Additional Spokesperson of National Conference. Views are personal. More in this Category 
</topic_text>
<spam_score>0.25</spam_score>
<post_num>1</post_num>
<post_id>post-1</post_id>
<post_url>http://www.greaterkashmir.com/news/opinion/story/227174.html</post_url>
<post_date>20160820</post_date>
<post_time></post_time>
<username>Sarah Hayat Shah</username>
<post>
Wednesday, August 31, 2016, 27, Zul Qaadah, 1437 Is all well! Do we need to state the obvious; nothing is well! Sarah Hayat Shah Srinagar, Publish Date: Aug 30 2016 10:59PM | Updated Date: Aug 30 2016 10:59PM File Photo 
The Lady leading the current dispensation has persistently been pretending that &quot;All Is Well&quot; for the immense love of chair. Immediately after Mufti Sahib&apos;s death Madam Mufti said, &quot;she won&apos;t burn her fingers for nothing&quot;, later she also said that &quot;Mufti Sahib died a sad man&quot;, giving everyone enough reason to believe that the PDP was now going to keep BJP at bay; two and a half months later the party saw all their happiness in BJP though. The demand for Confidence Building Measures, Return of Power Projects, talks with Hurriyat and talks on AFSPA didn&apos;t seem to matter anymore. How could we forget that the same strategy helped them grab power in 2015. While over 1.3 millions pellets have been shot, over 70 are dead and many have lost vision forever, and they expects everyone to say &quot;All is well&quot;. The honest truth is that Azaadi slogans echo in Kashmir every single day. Why are you oblivious to the fact that these young men on streets are not protesting against the lack of employment opportunities, roads and bridges? There is clearly something else, why is New-Delhi living in complete denial? Or is it the UP, Punjab elections that won&apos;t let them utter a word? The truth needs to be told and the truth is that Yuvraj Karan Singh took many years to speak but he finally did. We never merged with India like other states did. Madam Mufti has constantly been saying that only 5% people are protesting and they are driven by vested interests. I challenge her to make the streets free of the security forces and then look for herself. The Lady we knew used to visit militant families and cry her eyes out. The same lady is now seen justifying all these 70 killings - &quot;The kid that went to the army camp had not gone there for a toffee. The 15 year old boy in Damhal Hanjipora had not gone to the police station for fetching milk&quot;, says Mehbooba Mufti- and hence All is well. Her &quot;All is well&quot; attitude reminds us of the &quot;Pigeon with closed eyes&quot;- it&apos;s said when a pigeon sees a cat, it closes its eyes. That way the pigeon assumes since it can&apos;t see the cat, the cat doesn&apos;t exist. How does she plan to explain the &quot;Jhamuriyat, Insaniyat, Kashmirat&quot; theory to the 14 year old Insha who will never be able to see again, she didn&apos;t attack any camp. What will you tell the 18 month old baby of the lecturer who was dragged out of his house and beaten to death? On the one hand PDP says &quot;Vested Interests&quot; are sabotaging peace and on the other they are begging for a chance!! This erratic behaviour has left many wounded and others perplexed. Locking up the separatists wouldn&apos;t fix the vulnerabilities, snapping the internet wouldn&apos;t mitigate the anger. Too much Jamhuriyat - I must say. Sitting in front of the media without a political strategy wouldn&apos;t help us get out of this mess. I wonder why these press-conferences when you have absolutely no idea what to say. At the press conference Mehbooba Mufti had no answers, and then she offered tea so unceremoniously to the journalists that they refused to have Chai Cuppa and left. The state hasn&apos;t seen such a Cheif minister ever before. God knows how she would be judged by the history. Sarah Hayat Shah is the Additional Spokesperson of National Conference. Views are personal. More in this Category 
</post>
<signature>

</signature>
<external_links>

</external_links>
<country>US</country>
<main_image>http://www.greaterkashmir.com/cms/gall_content/2016/8/2016_8$largeimg230_Aug_2016_225917650.jpg</main_image>
</document>
