<?xml version="1.0" encoding="UTF-8"?>
<document>
<type>mainstream</type>
<forum></forum>
<forum_title></forum_title>
<discussion_title>Pakistan should stop harbouring terror outfits: Sushma Swaraj to Kerry</discussion_title>
<language>english</language>
<gmt_offset></gmt_offset>
<topic_url>http://www.greaterkashmir.com/news/world/pakistan-should-stop-harbouring-terror-outfits-sushma-swaraj-to-kerry/227205.html</topic_url>
<topic_text>
Wednesday, August 31, 2016, 27, Zul Qaadah, 1437 Pakistan should stop harbouring terror outfits: Sushma Swaraj to Kerry Sushma Swaraj added that it is incumbent upon Pakistan &quot;to stop providing safe haven to terror outfits&quot; such as Lashkar-e-Taiba, Jaish-e-Mohammed and the D-Company. IANS New Delhi, Publish Date: Aug 31 2016 12:16AM | Updated Date: Aug 31 2016 12:16AM File Photo Pakistan should stop providing safe haven to terrorists and terror groups and the &apos;D-Company&apos;, External Affairs Minister Sushma Swaraj said on Tuesday at the conclusion of the second India-US Strategic Dialogue here. &quot;(US) Secretary (of State John) Kerry and I had similar views on the issue of global terrorism. No nation should adopt double standards on terrorism such as differentiating between good terrorists and bad terrorists,&quot; she said. Sushma Swaraj added that it is incumbent upon Pakistan &quot;to stop providing safe haven to terror outfits&quot; such as Lashkar-e-Taiba, Jaish-e-Mohammed and the D-Company. &quot;Secretary Kerry and I also agreed that Pakistan should act soon to bring to justice the perpetrators of the 2008 Mumbai and 2016 Pathankot attacks in India,&quot; she said. The Minister said the two sides also agreed to the need for greater bilateral cooperation to counter terrorism, especially the sharing of information and intelligence about the terrorists who have been identified or are suspicious. &quot;We agreed that we would share more intelligence related to terrorism and would work together to bring terrorists and terror groups in the UN list,&quot; she said. More in this Category 
India and the US signed an agreement on sharing military logistics, in a major step forward in closer bilateral defence cooperation, though both sides clarified it will not involve setting up of military bases. Most Read 
</topic_text>
<spam_score>0.00</spam_score>
<post_num>1</post_num>
<post_id>post-1</post_id>
<post_url>http://www.greaterkashmir.com/news/world/pakistan-should-stop-harbouring-terror-outfits-sushma-swaraj-to-kerry/227205.html</post_url>
<post_date>20160820</post_date>
<post_time></post_time>
<username></username>
<post>
Wednesday, August 31, 2016, 27, Zul Qaadah, 1437 Pakistan should stop harbouring terror outfits: Sushma Swaraj to Kerry Sushma Swaraj added that it is incumbent upon Pakistan &quot;to stop providing safe haven to terror outfits&quot; such as Lashkar-e-Taiba, Jaish-e-Mohammed and the D-Company. IANS New Delhi, Publish Date: Aug 31 2016 12:16AM | Updated Date: Aug 31 2016 12:16AM File Photo Pakistan should stop providing safe haven to terrorists and terror groups and the &apos;D-Company&apos;, External Affairs Minister Sushma Swaraj said on Tuesday at the conclusion of the second India-US Strategic Dialogue here. &quot;(US) Secretary (of State John) Kerry and I had similar views on the issue of global terrorism. No nation should adopt double standards on terrorism such as differentiating between good terrorists and bad terrorists,&quot; she said. Sushma Swaraj added that it is incumbent upon Pakistan &quot;to stop providing safe haven to terror outfits&quot; such as Lashkar-e-Taiba, Jaish-e-Mohammed and the D-Company. &quot;Secretary Kerry and I also agreed that Pakistan should act soon to bring to justice the perpetrators of the 2008 Mumbai and 2016 Pathankot attacks in India,&quot; she said. The Minister said the two sides also agreed to the need for greater bilateral cooperation to counter terrorism, especially the sharing of information and intelligence about the terrorists who have been identified or are suspicious. &quot;We agreed that we would share more intelligence related to terrorism and would work together to bring terrorists and terror groups in the UN list,&quot; she said. More in this Category 
India and the US signed an agreement on sharing military logistics, in a major step forward in closer bilateral defence cooperation, though both sides clarified it will not involve setting up of military bases. Most Read 
</post>
<signature>

</signature>
<external_links>

</external_links>
<country>US</country>
<main_image>http://www.greaterkashmir.com/cms/gall_content/2016/8/2016_8$largeimg231_Aug_2016_001611333.jpg</main_image>
</document>
