<?xml version="1.0" encoding="UTF-8"?>
<document>
<type>mainstream</type>
<forum></forum>
<forum_title></forum_title>
<discussion_title>[TMGG40JZ] TOTO サーモスタットシャワー金具 壁付けタイプ 水栓 蛇口 [北海道沖縄離島除き送料無料] – ネットの通販まとめました。</discussion_title>
<language>japanese</language>
<gmt_offset></gmt_offset>
<topic_url>http://f2.mimoza.jp/archives/109193</topic_url>
<topic_text>
[TMGG40JZ] TOTO サーモスタットシャワー金具 壁付けタイプ 水栓 蛇口 [北海道沖縄離島除き送料無料] 価格 : 17400円 メーカー希望小売価格はメーカーカタログに基づいて掲載しています 【商品情報】 メーカー：TOTO トートー 品番：TMGG40JZ 商品名：浴室水栓 サーモスタットシャワー金具（壁付きタイプ）寒冷地用 メーカー希望小売価格（税抜）：46,700円 【商品詳細】 ・シャワーヘッド：ワンダービート ・ホース：樹脂（シルバー） ・リングハンドル ・スパウト長さ：170mm ・旋回水流による断続感ある心地より刺激のシャワー。 ・給水圧が低い場合は水勢が十分に得られないことがあります。 
</topic_text>
<spam_score>0.00</spam_score>
<post_num>1</post_num>
<post_id>post-1</post_id>
<post_url>http://f2.mimoza.jp/archives/109193</post_url>
<post_date>20160831</post_date>
<post_time></post_time>
<username></username>
<post>
[TMGG40JZ] TOTO サーモスタットシャワー金具 壁付けタイプ 水栓 蛇口 [北海道沖縄離島除き送料無料] 価格 : 17400円 メーカー希望小売価格はメーカーカタログに基づいて掲載しています 【商品情報】 メーカー：TOTO トートー 品番：TMGG40JZ 商品名：浴室水栓 サーモスタットシャワー金具（壁付きタイプ）寒冷地用 メーカー希望小売価格（税抜）：46,700円 【商品詳細】 ・シャワーヘッド：ワンダービート ・ホース：樹脂（シルバー） ・リングハンドル ・スパウト長さ：170mm ・旋回水流による断続感ある心地より刺激のシャワー。 ・給水圧が低い場合は水勢が十分に得られないことがあります。 
</post>
<signature>

</signature>
<external_links>

</external_links>
<country>JP</country>
<main_image>http://thumbnail.image.rakuten.co.jp/@0_mall/reform-peace/cabinet/tatenpo001/10020016.jpg</main_image>
</document>
