<?xml version="1.0" encoding="UTF-8"?>
<document>
<type>mainstream</type>
<forum>http://www.sputniknews.com/export/rss2/archive/index.xml</forum>
<forum_title>Sputnik International</forum_title>
<discussion_title>Russian Embassy in Latvia Protests Soviet World War II Monument Destruction</discussion_title>
<language>english</language>
<gmt_offset></gmt_offset>
<topic_url>http://sputniknews.com/politics/20160831/1044794687/latvia-soviet-monument-destruction.html</topic_url>
<topic_text>
0 179 3 0 The Russian Embassy in Latvia sent on Tuesday a note to Latvia&apos;s Foreign Ministry reminding it of the country&apos;s commitments to maintain Soviet memorials and war graves in light of the destruction of a Soviet-era World War II monument in the town of Limbazi. 
RIGA (Sputnik) — Earlier in the day, Latvia&apos;s nationalist Daugavas Vanagi Latvija (DV) organization said it had destroyed a World War II memorial dedicated to Soviet seamen who died in the first weeks of World War II while fighting local Nazi collaborators. Local authorities said they approved the taking down of the monument. Latvian Nationalists Destroy Soviet World War II Monument &quot;In accordance with the 1994 intergovernmental agreement on the social protection of Russian veteran pensioners and their families living in the republic, the Latvian side committed to providing the upkeep, maintenance and preservation of memorials and war graves on the country&apos;s territory,&quot; the embassy said in the official note. 
Article 15 of the 1994 agreement obliges Latvia to refrain from any unilateral moves covered by the agreement, the note added. © Sputnik/ Sergey Kuznecov Latvia’s Foreign Minister Asks US Embassy to Quit Using Russian Language &quot;The Russian Embassy received no requests from Latvian authorities, non-governmental organizations or local authorities regarding the Limbazi memorial. Actions such as this are unacceptable, especially given the existing bilateral agreements. We expect an official reaction from the Latvian Foreign Ministry in response to the embassy note,&quot; the Russian Embassy said.
The destroyed monument was erected in 1974 near the town&apos;s school and created in the shape of the hull of a ship. A senior DV member claimed that the sailors it was dedicated to were marauders and killed several local civilians. 
DV was founded in 1945 by former Latvian members of Nazi Germany&apos;s Waffen-SS and continues to support SS veterans and their families living in Latvia. ...
</topic_text>
<spam_score>0.00</spam_score>
<post_num>1</post_num>
<post_id>post-1</post_id>
<post_url>http://sputniknews.com/politics/20160831/1044794687/latvia-soviet-monument-destruction.html</post_url>
<post_date>20160830</post_date>
<post_time>2120</post_time>
<username></username>
<post>
0 179 3 0 The Russian Embassy in Latvia sent on Tuesday a note to Latvia&apos;s Foreign Ministry reminding it of the country&apos;s commitments to maintain Soviet memorials and war graves in light of the destruction of a Soviet-era World War II monument in the town of Limbazi. 
RIGA (Sputnik) — Earlier in the day, Latvia&apos;s nationalist Daugavas Vanagi Latvija (DV) organization said it had destroyed a World War II memorial dedicated to Soviet seamen who died in the first weeks of World War II while fighting local Nazi collaborators. Local authorities said they approved the taking down of the monument. Latvian Nationalists Destroy Soviet World War II Monument &quot;In accordance with the 1994 intergovernmental agreement on the social protection of Russian veteran pensioners and their families living in the republic, the Latvian side committed to providing the upkeep, maintenance and preservation of memorials and war graves on the country&apos;s territory,&quot; the embassy said in the official note. 
Article 15 of the 1994 agreement obliges Latvia to refrain from any unilateral moves covered by the agreement, the note added. © Sputnik/ Sergey Kuznecov Latvia’s Foreign Minister Asks US Embassy to Quit Using Russian Language &quot;The Russian Embassy received no requests from Latvian authorities, non-governmental organizations or local authorities regarding the Limbazi memorial. Actions such as this are unacceptable, especially given the existing bilateral agreements. We expect an official reaction from the Latvian Foreign Ministry in response to the embassy note,&quot; the Russian Embassy said.
The destroyed monument was erected in 1974 near the town&apos;s school and created in the shape of the hull of a ship. A senior DV member claimed that the sailors it was dedicated to were marauders and killed several local civilians. 
DV was founded in 1945 by former Latvian members of Nazi Germany&apos;s Waffen-SS and continues to support SS veterans and their families living in Latvia. ...
</post>
<signature>

</signature>
<external_links>

</external_links>
<country>RU</country>
<main_image>https://cdn5.img.sputniknews.com/images/104479/46/1044794671.jpg</main_image>
</document>
