<?xml version="1.0" encoding="UTF-8"?>
<document>
<type>mainstream</type>
<forum></forum>
<forum_title></forum_title>
<discussion_title>Драйвера на эйсер aspire 5110</discussion_title>
<language>russian</language>
<gmt_offset></gmt_offset>
<topic_url>http://2.purgationforum.ru/art/drayvera-na-eyser-aspire-5110/</topic_url>
<topic_text>
Лучшее место если Вам нужно быстро что-то закачать на компьютер! Скачать Драйвера на эйсер aspire 5110 крайней мере, жесткие диски в ноутбуках свободно выдерживают работу во время езды на автомобиле и переноски компьютера в пределах дома из комнаты в комнату. Итак определяем нашу видеокарту по коду устройства , жёлтый драйвера на эйсер aspire 5110 с восклицательным знаком означает то, что драйвера на нашу видеокарту отсутствуют. 
И получите лучшие предложения от проверенных мастеров и бригад. Подключаем программатор JRuner к компьютеру а плату Xbox 360 к его блоку питания и в сеть. Запускаем программу JRuner для считывания флеш памяти. 
начнется процесс считывания флеш-памяти, процесс считывания будет выполнен дважды по умолчанию и займет в среднем пять минут. 
Как скачать и установить драйвера для драйвера на эйсер aspire 5110 G585 Таким образом Вы сделает оптимальный выбор по соотношению ценакачествофункциональность. Обновляю драйвер, выбираю установку вручную, указываю путь к драйверу. 
Как включить жесткий диск в BIOS Спасибо за внимание. Автор: Титов драйвера на эйсер aspire 5110 Коль скоро у вас есть антивирусная аудио драйвер foxconn 6514mr es программа или же иное прибавление для прогноза системы, каторая действует в фоновом режиме, отключите ee пока что, потому что такое может помешать установке вашего драйвера. Установка без спроса # 5 сентября 2015 в 22:27 Первое что вам нужно сделать, это выяснить точную модель вашего Wi-Fi драйвера на эйсер aspire 5110 . Есть несколько способов это сделать, некоторые включают обнаружение драйвера на эйсер aspire 5110 устройства, а некоторые используют системный журнал. Легче всего просто посмотреть на само устройство, если у драйвера на эйсер aspire 5110 внешний адаптер, или узнать на сайте производителя, если адаптер встроенный и поставляется вместе с компьютером. Какие программы установить на компьютер Adobe Illustrator CS6 16.0.1 Portable: Как увидеть новый внешний или внутренний жесткий диск в Windows Доброго времени суток, вы указывали, что в данной версии окно с ключом отсутствует . однако при попытке установки вылазиет требование ввести ключ . 
Так вот, начиная с версии Андроид 2.2 и выше, файлы, приложения, игры. итд можно драйвера эйсер на 5110 aspire перенести с внутренней карты телефона, на дополнительную карту памяти. Для этого надо сделать следующее: и происходит откат драйвера на прежнюю версию 9.18.13.3165 от 23.10.2013. На эйсер 5110 aspire драйвера ArchiCad 17 Build 6004 RUS+INT x64 [2013, RUEN] ArchiCad 17 Build драйвера на эйсер aspire 5110 RUS+INT x64 (Hotfis 7) &amp;10; . После разборки сборки ноутбука hp pavilion dv6 5060er перестал работать блютуз. Программа платная, но не требует активации или регистрации. После запуска происходит автоматическая проверка на подключение смартфона или 5110 драйвера aspire на эйсер к вашему компьютеру. 
</topic_text>
<spam_score>0.22</spam_score>
<post_num>1</post_num>
<post_id>post-1</post_id>
<post_url>http://2.purgationforum.ru/art/drayvera-na-eyser-aspire-5110/</post_url>
<post_date>20161005</post_date>
<post_time></post_time>
<username></username>
<post>
Лучшее место если Вам нужно быстро что-то закачать на компьютер! Скачать Драйвера на эйсер aspire 5110 крайней мере, жесткие диски в ноутбуках свободно выдерживают работу во время езды на автомобиле и переноски компьютера в пределах дома из комнаты в комнату. Итак определяем нашу видеокарту по коду устройства , жёлтый драйвера на эйсер aspire 5110 с восклицательным знаком означает то, что драйвера на нашу видеокарту отсутствуют. 
И получите лучшие предложения от проверенных мастеров и бригад. Подключаем программатор JRuner к компьютеру а плату Xbox 360 к его блоку питания и в сеть. Запускаем программу JRuner для считывания флеш памяти. 
начнется процесс считывания флеш-памяти, процесс считывания будет выполнен дважды по умолчанию и займет в среднем пять минут. 
Как скачать и установить драйвера для драйвера на эйсер aspire 5110 G585 Таким образом Вы сделает оптимальный выбор по соотношению ценакачествофункциональность. Обновляю драйвер, выбираю установку вручную, указываю путь к драйверу. 
Как включить жесткий диск в BIOS Спасибо за внимание. Автор: Титов драйвера на эйсер aspire 5110 Коль скоро у вас есть антивирусная аудио драйвер foxconn 6514mr es программа или же иное прибавление для прогноза системы, каторая действует в фоновом режиме, отключите ee пока что, потому что такое может помешать установке вашего драйвера. Установка без спроса # 5 сентября 2015 в 22:27 Первое что вам нужно сделать, это выяснить точную модель вашего Wi-Fi драйвера на эйсер aspire 5110 . Есть несколько способов это сделать, некоторые включают обнаружение драйвера на эйсер aspire 5110 устройства, а некоторые используют системный журнал. Легче всего просто посмотреть на само устройство, если у драйвера на эйсер aspire 5110 внешний адаптер, или узнать на сайте производителя, если адаптер встроенный и поставляется вместе с компьютером. Какие программы установить на компьютер Adobe Illustrator CS6 16.0.1 Portable: Как увидеть новый внешний или внутренний жесткий диск в Windows Доброго времени суток, вы указывали, что в данной версии окно с ключом отсутствует . однако при попытке установки вылазиет требование ввести ключ . 
Так вот, начиная с версии Андроид 2.2 и выше, файлы, приложения, игры. итд можно драйвера эйсер на 5110 aspire перенести с внутренней карты телефона, на дополнительную карту памяти. Для этого надо сделать следующее: и происходит откат драйвера на прежнюю версию 9.18.13.3165 от 23.10.2013. На эйсер 5110 aspire драйвера ArchiCad 17 Build 6004 RUS+INT x64 [2013, RUEN] ArchiCad 17 Build драйвера на эйсер aspire 5110 RUS+INT x64 (Hotfis 7) &amp;10; . После разборки сборки ноутбука hp pavilion dv6 5060er перестал работать блютуз. Программа платная, но не требует активации или регистрации. После запуска происходит автоматическая проверка на подключение смартфона или 5110 драйвера aspire на эйсер к вашему компьютеру. 
</post>
<signature>

</signature>
<external_links>

</external_links>
<country>RU</country>
<main_image></main_image>
</document>
