<?xml version="1.0" encoding="UTF-8"?>
<document>
<type>mainstream</type>
<forum>http://www.trading-house.net/rss/meldungen/</forum>
<forum_title>trading-house.net Nachrichtenfeed</forum_title>
<discussion_title>Chlorgaseinsatz in Syrien: London und Paris fordern Uno-Sanktionen gegen Assad-Regime</discussion_title>
<language>german</language>
<gmt_offset></gmt_offset>
<topic_url>http://www.trading-house.net/news/chlorgaseinsatz-in-syrien-london-und-paris-fordern-uno-sanktionen-gegen-assad-regime-50947249</topic_url>
<topic_text>
31.08.2016 - 02:29 Uhr Chlorgaseinsatz in Syrien: London und Paris fordern Uno-Sanktionen gegen Assad-Regime Die Uno hat bestätigt, dass Assads Truppen Chemiewaffen gegen die eigene Bevölkerung eingesetzt haben. Das syrische Regime und Russland weisen das zurück. Großbritannien und Frankreich verlangen Konsequenzen.
</topic_text>
<spam_score>0.00</spam_score>
<post_num>1</post_num>
<post_id>post-1</post_id>
<post_url>http://www.trading-house.net/news/chlorgaseinsatz-in-syrien-london-und-paris-fordern-uno-sanktionen-gegen-assad-regime-50947249</post_url>
<post_date>20160831</post_date>
<post_time>0029</post_time>
<username></username>
<post>
31.08.2016 - 02:29 Uhr Chlorgaseinsatz in Syrien: London und Paris fordern Uno-Sanktionen gegen Assad-Regime Die Uno hat bestätigt, dass Assads Truppen Chemiewaffen gegen die eigene Bevölkerung eingesetzt haben. Das syrische Regime und Russland weisen das zurück. Großbritannien und Frankreich verlangen Konsequenzen.
</post>
<signature>

</signature>
<external_links>

</external_links>
<country>DE</country>
<main_image></main_image>
</document>
