<?xml version="1.0" encoding="UTF-8"?>
<document>
<type>mainstream</type>
<forum>http://www.okezone.com/feed</forum>
<forum_title>Sindikasi welcomepage.okezone.com</forum_title>
<discussion_title>Schweinsteiger Akui Hubungannya Baik-Baik Saja dengan Mou</discussion_title>
<language>malay</language>
<gmt_offset></gmt_offset>
<topic_url>http://bola.okezone.com/read/2016/08/31/45/1477236/schweinsteiger-akui-hubungannya-baik-baik-saja-dengan-mou</topic_url>
<topic_text>
Schweinsteiger Akui Hubungannya Baik-Baik Saja dengan Mou Daniel Setiawan 0 Komentar 
MANCHESTER – Siapa sangka jika kedatangan Jose Mourinho di Manchester United membuat Bastian Schweinsteiger terdepak dari tim utama. Padahal musim lalu ketika masih ditangani Louis van Gaal, Schweinsteiger beberapa kali diturunkan dalam pertandingan yang dilakoni United. 
Meskipun kini terasingkan dari tim utama, Schweinsteiger sama sekali tidak menyimpan dendam. Bahkan pemain asal Jerman tersebut mengaku tidak memiliki masalah pribadi dengan pelatih asal Portugal tersebut. 
Pemain yang pernah membela Bayern Munich tersebut masih percaya diri kemampuannya akan dibutuhkan oleh United. Selain itu, ia juga bertekad akan tetap memberikan yang terbaik jika diberikan kesempatan. 
“Mimpi saya jelas yakni bermain untuk Manchester United dan membantu mereka mencapai tujuan. Saya tidak memiliki masalah pribadi dengan Jose Mourinho. Saya masih yakin dengan kemampuan saya. Saya masih bisa membantu United jika saya diberikan kesempatan,” jelasnya seperti dikutip dari Soccerway, Rabu (31/8/2016). 
“Saya harus menunggu dan melihat apa yang akan terjadi pada September dan Oktober. Yang jelas saya takkan pernah berhenti bermain sepakbola,” tuntasnya. 
share
</topic_text>
<spam_score>0.00</spam_score>
<post_num>1</post_num>
<post_id>post-1</post_id>
<post_url>http://bola.okezone.com/read/2016/08/31/45/1477236/schweinsteiger-akui-hubungannya-baik-baik-saja-dengan-mou</post_url>
<post_date>20160831</post_date>
<post_time>0030</post_time>
<username></username>
<post>
Schweinsteiger Akui Hubungannya Baik-Baik Saja dengan Mou Daniel Setiawan 0 Komentar 
MANCHESTER – Siapa sangka jika kedatangan Jose Mourinho di Manchester United membuat Bastian Schweinsteiger terdepak dari tim utama. Padahal musim lalu ketika masih ditangani Louis van Gaal, Schweinsteiger beberapa kali diturunkan dalam pertandingan yang dilakoni United. 
Meskipun kini terasingkan dari tim utama, Schweinsteiger sama sekali tidak menyimpan dendam. Bahkan pemain asal Jerman tersebut mengaku tidak memiliki masalah pribadi dengan pelatih asal Portugal tersebut. 
Pemain yang pernah membela Bayern Munich tersebut masih percaya diri kemampuannya akan dibutuhkan oleh United. Selain itu, ia juga bertekad akan tetap memberikan yang terbaik jika diberikan kesempatan. 
“Mimpi saya jelas yakni bermain untuk Manchester United dan membantu mereka mencapai tujuan. Saya tidak memiliki masalah pribadi dengan Jose Mourinho. Saya masih yakin dengan kemampuan saya. Saya masih bisa membantu United jika saya diberikan kesempatan,” jelasnya seperti dikutip dari Soccerway, Rabu (31/8/2016). 
“Saya harus menunggu dan melihat apa yang akan terjadi pada September dan Oktober. Yang jelas saya takkan pernah berhenti bermain sepakbola,” tuntasnya. 
share
</post>
<signature>

</signature>
<external_links>

</external_links>
<country>ID</country>
<main_image>https://cdn.okezone.com/underwood/img/logo_bola.png</main_image>
</document>
