<?xml version="1.0" encoding="UTF-8"?>
<document>
<type>mainstream</type>
<forum>http://xn--j-69txf.com/feed</forum>
<forum_title>なんｊリーグ</forum_title>
<discussion_title>かっこよすぎて憧れてしまう苗字</discussion_title>
<language>japanese</language>
<gmt_offset></gmt_offset>
<topic_url>http://xn--j-69txf.com/%e3%81%8a%e3%82%93j/n-100362.html</topic_url>
<topic_text>
1: 名無しさん＠おーぷん 2016/08/30(火)09:46:20 ID:TXG 二階堂 6: 名無しさん＠おーぷん 2016/08/30(火)09:49:21 ID:hrI 東郷
</topic_text>
<spam_score>0.00</spam_score>
<post_num>1</post_num>
<post_id>post-1</post_id>
<post_url>http://xn--j-69txf.com/%e3%81%8a%e3%82%93j/n-100362.html</post_url>
<post_date>20160831</post_date>
<post_time>0000</post_time>
<username>yakiusoku</username>
<post>
1: 名無しさん＠おーぷん 2016/08/30(火)09:46:20 ID:TXG 二階堂 6: 名無しさん＠おーぷん 2016/08/30(火)09:49:21 ID:hrI 東郷
</post>
<signature>

</signature>
<external_links>

</external_links>
<country>JP</country>
<main_image></main_image>
</document>
