<?xml version="1.0" encoding="UTF-8"?>
<document>
<type>mainstream</type>
<forum>http://www.sputniknews.com/export/rss2/archive/index.xml</forum>
<forum_title>Sputnik International</forum_title>
<discussion_title>US &apos;Not Concerned&apos; Over Potential Deepening of Russian-Japanese Ties</discussion_title>
<language>english</language>
<gmt_offset></gmt_offset>
<topic_url>http://sputniknews.com/politics/20160831/1044794604/russia-japan-ties.html</topic_url>
<topic_text>
US &apos;Not Concerned&apos; Over Potential Deepening of Russian-Japanese Ties © Sputnik/ Mikhail Klimentiev 0 177 0 0 The United States is not disturbed by reports of potentially deepening ties between Japan and Russia, US Department of State spokesman John Kirby said on Tuesday. 
WASHINGTON (Sputnik) — The United States and Japan are allies bound under a mutual security treaty. US-Russian diplomatic relations have been increasingly strained in recent years. © AFP 2016/ Pavel Golovkin / POOL Putin, Abe to Meet September 2 in Russia &quot;Certainly the United States is — we are not concerned or worried about bilateral relations between Russia and Japan and we leave it to them to define what the relationship is going to be,&quot; Kirby stated. 
Earlier on Tuesday, the Kremlin press service confirmed that Russian President Vladimir Putin and Japanese Prime Minister Shinzo Abe will meet on the sidelines of the Eastern Economic Forum on September 2. 
Putin is also expected to visit Japan in December and will discuss the details of the trip with Abe next week. ...
</topic_text>
<spam_score>0.00</spam_score>
<post_num>1</post_num>
<post_id>post-1</post_id>
<post_url>http://sputniknews.com/politics/20160831/1044794604/russia-japan-ties.html</post_url>
<post_date>20160830</post_date>
<post_time>2118</post_time>
<username></username>
<post>
US &apos;Not Concerned&apos; Over Potential Deepening of Russian-Japanese Ties © Sputnik/ Mikhail Klimentiev 0 177 0 0 The United States is not disturbed by reports of potentially deepening ties between Japan and Russia, US Department of State spokesman John Kirby said on Tuesday. 
WASHINGTON (Sputnik) — The United States and Japan are allies bound under a mutual security treaty. US-Russian diplomatic relations have been increasingly strained in recent years. © AFP 2016/ Pavel Golovkin / POOL Putin, Abe to Meet September 2 in Russia &quot;Certainly the United States is — we are not concerned or worried about bilateral relations between Russia and Japan and we leave it to them to define what the relationship is going to be,&quot; Kirby stated. 
Earlier on Tuesday, the Kremlin press service confirmed that Russian President Vladimir Putin and Japanese Prime Minister Shinzo Abe will meet on the sidelines of the Eastern Economic Forum on September 2. 
Putin is also expected to visit Japan in December and will discuss the details of the trip with Abe next week. ...
</post>
<signature>

</signature>
<external_links>

</external_links>
<country>RU</country>
<main_image>https://cdn1.img.sputniknews.com/images/103921/58/1039215842.jpg</main_image>
</document>
