<?xml version="1.0" encoding="UTF-8"?>
<document>
<type>mainstream</type>
<forum>http://www.sputniknews.com/export/rss2/archive/index.xml</forum>
<forum_title>Sputnik International</forum_title>
<discussion_title>Sectarian Bloodbath: Washington Has Opened Pandora&apos;s Box in Syria</discussion_title>
<language>english</language>
<gmt_offset></gmt_offset>
<topic_url>http://sputniknews.com/politics/20160830/1044790836/us-syria-sectarian-war.html</topic_url>
<topic_text>
Sectarian Bloodbath: Washington Has Opened Pandora&apos;s Box in Syria © Sputnik/ Mikhail Alayeddin 7 1684 6 9 While the Obama administration has come under criticism from neocons for not unleashing an air campaign against the Assad government, the White House&apos;s major mistake was ruining the fragile sectarian balance of power in Syria thus paving the way for an &quot;enormous bloodbath,&quot; US journalist Gareth Porter writes. 
President Barack Obama&apos;s critics insist that the major flaw in the US&apos; Syrian policy is the White House&apos;s reluctance to send US boots on the ground and to provide Syrian President Bashar al-Assad&apos;s opposition with more weapons. However, &quot;the easy answer is that the whole idea that there was a viable non-extremist force to be strengthened is a myth — albeit one that certain political figures in London and Washington refuse to give up,&quot; US investigative journalist Gareth Porter writes in his opinion piece for Middle East Eye. © Flickr/ Secret File Confirms Trump Claim: Obama, Hillary &apos;Founded ISIS&apos; to Oust Assad The investigative journalist cites a declassified 2012 Defense Intelligence Agency (DIA) report which indicated that that the &quot;Salafist[s], Muslim Brotherhood and AQI [al-Qaeda in Iraq]&quot; were &quot;the major forces driving the insurgency,&quot; and that &quot;events [were] taking a clear sectarian direction .&quot;
Furthermore, Porter underscores, the Obama administration was aware that &quot;the external Sunni sponsors of the war&quot; against the Assad government in Damascus — most notably the Gulf States — &quot;were channeling their money and arms to the most sectarian groups in the field.&quot; 
Instead of restraining its Sunni allies in the Middle Eastern region, the White House gave them the green light back in March 2012, seeking to oust Bashar al-Assad. 
According to Porter, it was irresponsible on the part of the Obama administration to turn a blind eye to the rise of Salafist insurgents and Muslim Brotherhood radicals in Syria and to continue to promote the idea of &quot;moderate&quot; and &quot;democratic&quot; groups behind the 2011 uprising . Thus far, the White House has upset the fragile balance of power in the region, he notes, stressing that &quot;the consequences of the sectarian war will continue for years into the future.&quot; © REUTERS/ Revolutionary Forces of Syria Media Office Too Many Fronts: Ankara Should Send Olive Branch to Kurds, Boost Russian Ties Cyrus Malik, the pen name for a Westerner with extensive on-the-ground experience in Syria and Iraq, echoes Porter in his article for War on the Rocks.
Malik dispels the myth that Sunni Muslims in general were oppressed by the Assad government and denounces Ambassador Robert Ford&apos;s remark that &quot;the Syrian Sunni Arab community views the Assad government as a greater problem than the Islamic State [Daesh],&quot; as nonsensical. 
&quot;When Robert Ford claims that Sunni Arabs in Syria are more worried about Assad than the Islamic State, he is dangerously mistaken. Most of Ford&apos;s &apos;Syrian Sunni Arab community&apos; remains in government-held areas and did not rise up. Damascus is an overwhelmingly majority-Sunni Arab city,&quot; Malik stresses. &quot;This obsession with supporting &apos;Sunni Arabs&apos; has led the United States to support unruly and corrupt militias who happen to be Sunni and Arab, but aren&apos;t al-Nusra [Front], al-Qaeda, or ISIL [Daesh]… There are also Islamist insurgents such as Ahrar al-Sham, Faylaq al-Sham, or Nuredin al-Zenki (now famous for its latest beheading video). They fight ISIL [Daesh] only when it attacks them, and even then, many of their men are reluctant to fight against fellow Sunni Muslims,&quot; he elaborates. © AP Photo/ Brian Snyder According to the expert, by playing the &quot;Sunni card&quot; US hawks are trying to put the &quot;necessity&quot; to topple Bashar al-Assad before that of defeating Daesh in Syria .
Christopher R. Hill, former US Assistant Secretary of State for East Asia, believes that the Obama administration&apos;s policy toward Bashar al-Assad failed because of poor analysis of what was going on on the ground in Syria. 
&quot;The flaws in the Obama administration&apos;s appraisal of the Syrian crisis soon became apparent. Most obvious, Sunni radicals with foreign support quickly dominated the &apos;popular democratic movement&apos;,&quot; Hill writes in his article for Project Syndicate, adding that as a result, Daesh has emerged in Syria. &quot;To be sure, many outsiders claim that radicalization was not inevitable, and that it occurred precisely because external powers like the US failed to intervene earlier and more forcefully. But studies indicate that the shift happened very early on. Indeed, the anti-Assad movement may never have been the enlightened democratic coalition that its international supporters claimed it was, at least not completely,&quot; the former US official highlights. 
Porter poses the question whether top level Obama administration officials couldn&apos;t really foresee that a war to overthrow Bashar al-Assad &quot;would inevitably become an enormous sectarian bloodbath.&quot; &quot;It took a remarkable degree of denial and self-deception for the Obama administration to believe that it was somehow acting to rescue the Syrian people from the bloodletting when it was doing precisely the opposite,&quot; he emphasizes. ...
</topic_text>
<spam_score>0.00</spam_score>
<post_num>1</post_num>
<post_id>post-1</post_id>
<post_url>http://sputniknews.com/politics/20160830/1044790836/us-syria-sectarian-war.html</post_url>
<post_date>20160830</post_date>
<post_time>1825</post_time>
<username></username>
<post>
Sectarian Bloodbath: Washington Has Opened Pandora&apos;s Box in Syria © Sputnik/ Mikhail Alayeddin 7 1684 6 9 While the Obama administration has come under criticism from neocons for not unleashing an air campaign against the Assad government, the White House&apos;s major mistake was ruining the fragile sectarian balance of power in Syria thus paving the way for an &quot;enormous bloodbath,&quot; US journalist Gareth Porter writes. 
President Barack Obama&apos;s critics insist that the major flaw in the US&apos; Syrian policy is the White House&apos;s reluctance to send US boots on the ground and to provide Syrian President Bashar al-Assad&apos;s opposition with more weapons. However, &quot;the easy answer is that the whole idea that there was a viable non-extremist force to be strengthened is a myth — albeit one that certain political figures in London and Washington refuse to give up,&quot; US investigative journalist Gareth Porter writes in his opinion piece for Middle East Eye. © Flickr/ Secret File Confirms Trump Claim: Obama, Hillary &apos;Founded ISIS&apos; to Oust Assad The investigative journalist cites a declassified 2012 Defense Intelligence Agency (DIA) report which indicated that that the &quot;Salafist[s], Muslim Brotherhood and AQI [al-Qaeda in Iraq]&quot; were &quot;the major forces driving the insurgency,&quot; and that &quot;events [were] taking a clear sectarian direction .&quot;
Furthermore, Porter underscores, the Obama administration was aware that &quot;the external Sunni sponsors of the war&quot; against the Assad government in Damascus — most notably the Gulf States — &quot;were channeling their money and arms to the most sectarian groups in the field.&quot; 
Instead of restraining its Sunni allies in the Middle Eastern region, the White House gave them the green light back in March 2012, seeking to oust Bashar al-Assad. 
According to Porter, it was irresponsible on the part of the Obama administration to turn a blind eye to the rise of Salafist insurgents and Muslim Brotherhood radicals in Syria and to continue to promote the idea of &quot;moderate&quot; and &quot;democratic&quot; groups behind the 2011 uprising . Thus far, the White House has upset the fragile balance of power in the region, he notes, stressing that &quot;the consequences of the sectarian war will continue for years into the future.&quot; © REUTERS/ Revolutionary Forces of Syria Media Office Too Many Fronts: Ankara Should Send Olive Branch to Kurds, Boost Russian Ties Cyrus Malik, the pen name for a Westerner with extensive on-the-ground experience in Syria and Iraq, echoes Porter in his article for War on the Rocks.
Malik dispels the myth that Sunni Muslims in general were oppressed by the Assad government and denounces Ambassador Robert Ford&apos;s remark that &quot;the Syrian Sunni Arab community views the Assad government as a greater problem than the Islamic State [Daesh],&quot; as nonsensical. 
&quot;When Robert Ford claims that Sunni Arabs in Syria are more worried about Assad than the Islamic State, he is dangerously mistaken. Most of Ford&apos;s &apos;Syrian Sunni Arab community&apos; remains in government-held areas and did not rise up. Damascus is an overwhelmingly majority-Sunni Arab city,&quot; Malik stresses. &quot;This obsession with supporting &apos;Sunni Arabs&apos; has led the United States to support unruly and corrupt militias who happen to be Sunni and Arab, but aren&apos;t al-Nusra [Front], al-Qaeda, or ISIL [Daesh]… There are also Islamist insurgents such as Ahrar al-Sham, Faylaq al-Sham, or Nuredin al-Zenki (now famous for its latest beheading video). They fight ISIL [Daesh] only when it attacks them, and even then, many of their men are reluctant to fight against fellow Sunni Muslims,&quot; he elaborates. © AP Photo/ Brian Snyder According to the expert, by playing the &quot;Sunni card&quot; US hawks are trying to put the &quot;necessity&quot; to topple Bashar al-Assad before that of defeating Daesh in Syria .
Christopher R. Hill, former US Assistant Secretary of State for East Asia, believes that the Obama administration&apos;s policy toward Bashar al-Assad failed because of poor analysis of what was going on on the ground in Syria. 
&quot;The flaws in the Obama administration&apos;s appraisal of the Syrian crisis soon became apparent. Most obvious, Sunni radicals with foreign support quickly dominated the &apos;popular democratic movement&apos;,&quot; Hill writes in his article for Project Syndicate, adding that as a result, Daesh has emerged in Syria. &quot;To be sure, many outsiders claim that radicalization was not inevitable, and that it occurred precisely because external powers like the US failed to intervene earlier and more forcefully. But studies indicate that the shift happened very early on. Indeed, the anti-Assad movement may never have been the enlightened democratic coalition that its international supporters claimed it was, at least not completely,&quot; the former US official highlights. 
Porter poses the question whether top level Obama administration officials couldn&apos;t really foresee that a war to overthrow Bashar al-Assad &quot;would inevitably become an enormous sectarian bloodbath.&quot; &quot;It took a remarkable degree of denial and self-deception for the Obama administration to believe that it was somehow acting to rescue the Syrian people from the bloodletting when it was doing precisely the opposite,&quot; he emphasizes. ...
</post>
<signature>

</signature>
<external_links>

</external_links>
<country>RU</country>
<main_image>https://cdn4.img.sputniknews.com/images/104479/06/1044790670.jpg</main_image>
</document>
