<?xml version="1.0" encoding="UTF-8"?>
<document>
<type>mainstream</type>
<forum>http://www.sputniknews.com/export/rss2/archive/index.xml</forum>
<forum_title>Sputnik International</forum_title>
<discussion_title>German Law Would Require Moms to Reveal Child’s Biological Father</discussion_title>
<language>english</language>
<gmt_offset></gmt_offset>
<topic_url>http://sputniknews.com/europe/20160831/1044795775/german-law-biological-fathers.html</topic_url>
<topic_text>
0 144 1 0 A proposed German law would force mothers to reveal their sexual partners at the time of conception, to give fathers legal recourse in the event of infidelity. © Flickr/ Bruno Vellutini Paternity Case Reveals Woman Birthed Twins With Two Different Fathers The proposal is scheduled to be presented in parliament on Wednesday, and intends to give rights to “false” fathers, when it comes to child support payments. Studies have shown that between four and 10 percent of German children are known as the “milkman’s kids,” or children raised by men who are not the biological father.
There will be avenues in place for women who feel they cannot reveal the true identity of the biological father of their children, but it will be decided by a judge on a case-by-case basis. “We need to offer more legal protection for ‘false’ fathers to seek recourse,” Justice Minister Heiko Maas said in his proposal of the measure on Monday. “The mother should only have the right to remain silent when there are serious reasons for her not to name the biological father.” Son for Sale: Disappointed Serbian Father Wants to ‘Get Rid’ of Lazy Kid If passed, “false fathers” would be able to seek up to two years worth of child support payments from the biological father, providing that the man never &quot;initially not questioned the parentage of the child.&quot;
The legislation draft comes after the German Constitutional Court ruled in February 2015 that men who were misled to believe that they had fathered a child require stronger legal protection. 
It remains unclear what the penalties would be for women who refuse to, or cannot, name the biological father of a child. ...
</topic_text>
<spam_score>0.00</spam_score>
<post_num>1</post_num>
<post_id>post-1</post_id>
<post_url>http://sputniknews.com/europe/20160831/1044795775/german-law-biological-fathers.html</post_url>
<post_date>20160830</post_date>
<post_time>2221</post_time>
<username></username>
<post>
0 144 1 0 A proposed German law would force mothers to reveal their sexual partners at the time of conception, to give fathers legal recourse in the event of infidelity. © Flickr/ Bruno Vellutini Paternity Case Reveals Woman Birthed Twins With Two Different Fathers The proposal is scheduled to be presented in parliament on Wednesday, and intends to give rights to “false” fathers, when it comes to child support payments. Studies have shown that between four and 10 percent of German children are known as the “milkman’s kids,” or children raised by men who are not the biological father.
There will be avenues in place for women who feel they cannot reveal the true identity of the biological father of their children, but it will be decided by a judge on a case-by-case basis. “We need to offer more legal protection for ‘false’ fathers to seek recourse,” Justice Minister Heiko Maas said in his proposal of the measure on Monday. “The mother should only have the right to remain silent when there are serious reasons for her not to name the biological father.” Son for Sale: Disappointed Serbian Father Wants to ‘Get Rid’ of Lazy Kid If passed, “false fathers” would be able to seek up to two years worth of child support payments from the biological father, providing that the man never &quot;initially not questioned the parentage of the child.&quot;
The legislation draft comes after the German Constitutional Court ruled in February 2015 that men who were misled to believe that they had fathered a child require stronger legal protection. 
It remains unclear what the penalties would be for women who refuse to, or cannot, name the biological father of a child. ...
</post>
<signature>

</signature>
<external_links>

</external_links>
<country>RU</country>
<main_image>https://cdn2.img.sputniknews.com/images/103765/30/1037653023.jpg</main_image>
</document>
