<?xml version="1.0" encoding="UTF-8"?>
<document>
<type>mainstream</type>
<forum>http://www.trading-house.net/rss/meldungen/</forum>
<forum_title>trading-house.net Nachrichtenfeed</forum_title>
<discussion_title>Neue „Wollmilchsau“ für den Winterdienst</discussion_title>
<language>german</language>
<gmt_offset></gmt_offset>
<topic_url>http://www.trading-house.net/news/neue-wollmilchsau-fuer-den-winterdienst-50947248</topic_url>
<topic_text>
31.08.2016 - 02:28 Uhr Neue „Wollmilchsau“ für den Winterdienst Ein neues Fahrzeug wurde am Dienstag von der Friedhofsverwaltung Birkenwerder in Dienst gestellt, ein sogenannter „Kommunalgeräteträger“. Kosten: 95 000 Euro. Im Preis inbegriffen sind alle Aufbauten wie die Kippvorrichtung für einen Container, ein Pritschenaufleger, eine Kehrbürste sowie ein Kombistreugerät für den Winter.
</topic_text>
<spam_score>0.00</spam_score>
<post_num>1</post_num>
<post_id>post-1</post_id>
<post_url>http://www.trading-house.net/news/neue-wollmilchsau-fuer-den-winterdienst-50947248</post_url>
<post_date>20160831</post_date>
<post_time>0028</post_time>
<username></username>
<post>
31.08.2016 - 02:28 Uhr Neue „Wollmilchsau“ für den Winterdienst Ein neues Fahrzeug wurde am Dienstag von der Friedhofsverwaltung Birkenwerder in Dienst gestellt, ein sogenannter „Kommunalgeräteträger“. Kosten: 95 000 Euro. Im Preis inbegriffen sind alle Aufbauten wie die Kippvorrichtung für einen Container, ein Pritschenaufleger, eine Kehrbürste sowie ein Kombistreugerät für den Winter.
</post>
<signature>

</signature>
<external_links>

</external_links>
<country>DE</country>
<main_image></main_image>
</document>
