<?xml version="1.0" encoding="UTF-8"?>
<document>
<type>mainstream</type>
<forum>http://www.okezone.com/feed</forum>
<forum_title>Sindikasi welcomepage.okezone.com</forum_title>
<discussion_title>TERPOPULER: Presiden Jokowi Heran Tax Amnesty Jadi Kehebohan</discussion_title>
<language>indonesian</language>
<gmt_offset></gmt_offset>
<topic_url>http://economy.okezone.com/read/2016/08/30/20/1477140/terpopuler-presiden-jokowi-heran-tax-amnesty-jadi-kehebohan</topic_url>
<topic_text>
A A A 
TANGERANG - Presiden Joko Widodo (Jokowi) menanggapi santai soal ramainya kebijakan tax amnesty yang belakangan ini menjadi viral di jejaring sosial media. Menurut Jokowi, soal implementasi kebijakan tersebut hanya persoalan hak dan bukan soal kewajiban. 
Jokowi menyebutkan, kalau kebijakan tax amnesty didasari payung hukum dengan mewajibkan seluruh masyarakat mengikutinya, menilai wajar jika kebijakan tersebut menjadi ramai hingga membuat resah. BERITA REKOMENDASI
</topic_text>
<spam_score>0.00</spam_score>
<post_num>1</post_num>
<post_id>post-1</post_id>
<post_url>http://economy.okezone.com/read/2016/08/30/20/1477140/terpopuler-presiden-jokowi-heran-tax-amnesty-jadi-kehebohan</post_url>
<post_date>20160831</post_date>
<post_time>0021</post_time>
<username></username>
<post>
A A A 
TANGERANG - Presiden Joko Widodo (Jokowi) menanggapi santai soal ramainya kebijakan tax amnesty yang belakangan ini menjadi viral di jejaring sosial media. Menurut Jokowi, soal implementasi kebijakan tersebut hanya persoalan hak dan bukan soal kewajiban. 
Jokowi menyebutkan, kalau kebijakan tax amnesty didasari payung hukum dengan mewajibkan seluruh masyarakat mengikutinya, menilai wajar jika kebijakan tersebut menjadi ramai hingga membuat resah. BERITA REKOMENDASI
</post>
<signature>

</signature>
<external_links>

</external_links>
<country>ID</country>
<main_image>https://img.okezone.com//content/2016/08/30/20/1477140/terpopuler-presiden-jokowi-heran-tax-amnesty-jadi-kehebohan-DO90Cm5zsf.jpg</main_image>
</document>
