<?xml version="1.0" encoding="UTF-8"?>
<document>
<type>mainstream</type>
<forum>http://www.trading-house.net/rss/meldungen/</forum>
<forum_title>trading-house.net Nachrichtenfeed</forum_title>
<discussion_title>Therapie für den Autozünsler vom Allgäu</discussion_title>
<language>german</language>
<gmt_offset></gmt_offset>
<topic_url>http://www.trading-house.net/news/therapie-fuer-den-autozuensler-vom-allgaeu-50947073</topic_url>
<topic_text>
31.08.2016 - 01:37 Uhr Therapie für den Autozünsler vom Allgäu Memmingen. Neun Monate nach dem rätselhaften Fund eines ausgebrannten Autos in den Allgäuer Alpen (die VN berichteten) muss der psychisch kranke Besitzer des Wagens, der ihn damals angezündet hatte, vorerst nicht in die Klinik zurück. Das Landgericht Memmingen ordnete in seinem Urteil am Dienstag zwar die Unterbringung des 31-Jährigen in der Psychiatrie an, setzte sie […]
</topic_text>
<spam_score>0.00</spam_score>
<post_num>1</post_num>
<post_id>post-1</post_id>
<post_url>http://www.trading-house.net/news/therapie-fuer-den-autozuensler-vom-allgaeu-50947073</post_url>
<post_date>20160830</post_date>
<post_time>2337</post_time>
<username></username>
<post>
31.08.2016 - 01:37 Uhr Therapie für den Autozünsler vom Allgäu Memmingen. Neun Monate nach dem rätselhaften Fund eines ausgebrannten Autos in den Allgäuer Alpen (die VN berichteten) muss der psychisch kranke Besitzer des Wagens, der ihn damals angezündet hatte, vorerst nicht in die Klinik zurück. Das Landgericht Memmingen ordnete in seinem Urteil am Dienstag zwar die Unterbringung des 31-Jährigen in der Psychiatrie an, setzte sie […]
</post>
<signature>

</signature>
<external_links>

</external_links>
<country>DE</country>
<main_image></main_image>
</document>
