<?xml version="1.0" encoding="UTF-8"?>
<document>
<type>mainstream</type>
<forum></forum>
<forum_title></forum_title>
<discussion_title>052: AOA (Korea) ／ 愛をちょうだい feat.TAKANORI NISHIKAWA(T.M.Revolution)【初回限定盤 Type A】(CD+DVD) | 深層調査 真相発掘</discussion_title>
<language>japanese</language>
<gmt_offset></gmt_offset>
<topic_url>http://news.kini-naru.com/post-0/41913</topic_url>
<topic_text>

京本有加が結婚発表!! 元「風男塾」緑川狂平 DVD『雪肌抄』でも話題のグラドル … 人気記事ランク フィギュアスケート 宇野昌磨がイケメンで可愛い YOUTUBE 特選動画紹介 出典:YouTube 3 views | posted on 2月 11, 2016 | under 気になる WBC女子ミニフライ級戦で黒木優子がV2 出典:Youtube 3 views | posted on 6月 8, 2016 | under 気になる 037: Hey! Say! JUMP ／ 真剣SUNSHINE (+DVD)【初回限定盤1】 3 views | posted on 4月 13, 2016 | under 気になる 【画像まとめ】日本ハムファイターズガール武藤彩芽ちゃんが超絶美人さんなんだけどwww 2 views | posted on 7月 5, 2016 | under 気になる 町田啓太 NHK ドラマ 美女と男子 第三部に突入 出典:YouTube 2 views | posted on 2月 20, 2016 | under 気になる 30代40代のナンパ術 最初の声かけ 2 views | posted on 2月 3, 2016 | under ナンパ 
</topic_text>
<spam_score>0.04</spam_score>
<post_num>1</post_num>
<post_id>post-1</post_id>
<post_url>http://news.kini-naru.com/post-0/41913</post_url>
<post_date>20160325</post_date>
<post_time></post_time>
<username></username>
<post>

京本有加が結婚発表!! 元「風男塾」緑川狂平 DVD『雪肌抄』でも話題のグラドル … 人気記事ランク フィギュアスケート 宇野昌磨がイケメンで可愛い YOUTUBE 特選動画紹介 出典:YouTube 3 views | posted on 2月 11, 2016 | under 気になる WBC女子ミニフライ級戦で黒木優子がV2 出典:Youtube 3 views | posted on 6月 8, 2016 | under 気になる 037: Hey! Say! JUMP ／ 真剣SUNSHINE (+DVD)【初回限定盤1】 3 views | posted on 4月 13, 2016 | under 気になる 【画像まとめ】日本ハムファイターズガール武藤彩芽ちゃんが超絶美人さんなんだけどwww 2 views | posted on 7月 5, 2016 | under 気になる 町田啓太 NHK ドラマ 美女と男子 第三部に突入 出典:YouTube 2 views | posted on 2月 20, 2016 | under 気になる 30代40代のナンパ術 最初の声かけ 2 views | posted on 2月 3, 2016 | under ナンパ 
</post>
<signature>

</signature>
<external_links>

</external_links>
<country>JP</country>
<main_image></main_image>
</document>
