<?xml version="1.0" encoding="UTF-8"?>
<document>
<type>mainstream</type>
<forum></forum>
<forum_title></forum_title>
<discussion_title>LMPD responding to report of shooting at Cane Run Road and Shank - WDRB 41 Louisville News</discussion_title>
<language>english</language>
<gmt_offset></gmt_offset>
<topic_url>http://www.wdrb.com/story/32923417/lmpd-responding-to-report-of-shooting-at-cane-run-road-and-shanks-lane</topic_url>
<topic_text>
LMPD responding to report of shooting at Cane Run Road and Shank - WDRB 41 Louisville News Member Center: LMPD responding to report of shooting at Cane Run Road and Shanks Lane Posted: Updated: 
LOUISVILLE, Ky. (WDRB) -- Metrosafe confirms officers are on the scene of a reported shooting at the intersection of Cane Run Road and Shanks Lane. 
The call came in at 8:13 Tuesday evening. 
Officials say there is one victim with gunshot wounds but they do not yet know their condition. 
We have a crew on the way to the scene and will update this story when more information becomes available. 
Copyright 2016 WDRB Media. All rights reserved. Sign Up for WDRB&apos;s Sports Newsletter Email Address * 
</topic_text>
<spam_score>0.48</spam_score>
<post_num>1</post_num>
<post_id>post-1</post_id>
<post_url>http://www.wdrb.com/story/32923417/lmpd-responding-to-report-of-shooting-at-cane-run-road-and-shanks-lane</post_url>
<post_date>20160831</post_date>
<post_time></post_time>
<username></username>
<post>
LMPD responding to report of shooting at Cane Run Road and Shank - WDRB 41 Louisville News Member Center: LMPD responding to report of shooting at Cane Run Road and Shanks Lane Posted: Updated: 
LOUISVILLE, Ky. (WDRB) -- Metrosafe confirms officers are on the scene of a reported shooting at the intersection of Cane Run Road and Shanks Lane. 
The call came in at 8:13 Tuesday evening. 
Officials say there is one victim with gunshot wounds but they do not yet know their condition. 
We have a crew on the way to the scene and will update this story when more information becomes available. 
Copyright 2016 WDRB Media. All rights reserved. Sign Up for WDRB&apos;s Sports Newsletter Email Address * 
</post>
<signature>

</signature>
<external_links>

</external_links>
<country>US</country>
<main_image>http://WDRB.images.worldnow.com/images/11556929_G.jpg</main_image>
</document>
