<?xml version="1.0" encoding="UTF-8"?>
<document>
<type>mainstream</type>
<forum>http://www.trading-house.net/rss/meldungen/</forum>
<forum_title>trading-house.net Nachrichtenfeed</forum_title>
<discussion_title>Syrien: Russland zweifelt an Syrien-Giftgas-Bericht</discussion_title>
<language>german</language>
<gmt_offset></gmt_offset>
<topic_url>http://www.trading-house.net/news/syrien-russland-zweifelt-an-syrien-giftgas-bericht-50947151</topic_url>
<topic_text>
31.08.2016 - 02:04 Uhr Syrien: Russland zweifelt an Syrien-Giftgas-Bericht Russland zweifelt am UNO-Bericht über den Chemiewaffeneinsatz in Syrien. Es gebe «eine Menge offener Fragen», daher sei Moskau derzeit nicht bereit, die Ergebnisse der Untersuchung anzuerkennen, sagte UNO-Botschafter Witali Tschurkin am Dienstag in New York.
</topic_text>
<spam_score>0.00</spam_score>
<post_num>1</post_num>
<post_id>post-1</post_id>
<post_url>http://www.trading-house.net/news/syrien-russland-zweifelt-an-syrien-giftgas-bericht-50947151</post_url>
<post_date>20160831</post_date>
<post_time>0004</post_time>
<username></username>
<post>
31.08.2016 - 02:04 Uhr Syrien: Russland zweifelt an Syrien-Giftgas-Bericht Russland zweifelt am UNO-Bericht über den Chemiewaffeneinsatz in Syrien. Es gebe «eine Menge offener Fragen», daher sei Moskau derzeit nicht bereit, die Ergebnisse der Untersuchung anzuerkennen, sagte UNO-Botschafter Witali Tschurkin am Dienstag in New York.
</post>
<signature>

</signature>
<external_links>

</external_links>
<country>DE</country>
<main_image></main_image>
</document>
