<?xml version="1.0" encoding="UTF-8"?>
<document>
<type>mainstream</type>
<forum></forum>
<forum_title></forum_title>
<discussion_title>pnj.com | National News | Pensacola News Journal</discussion_title>
<language>english</language>
<gmt_offset></gmt_offset>
<topic_url>http://hosted.ap.org/dynamic/stories/W/WA_RAPE_CHARGE_NOT_GUILTY_WAOL-?SITE=FLPEJ&amp;SECTION=HOME&amp;TEMPLATE=DEFAULT</topic_url>
<topic_text>
Aug 30, 6:14 PM EDT Jury finds Spokane lawyer not guilty of rape charge SPOKANE, Wash. (AP) -- A jury has found a Spokane lawyer not guilty of rape and kidnapping charges. The Spokesman-Review reports ( http://bit.ly/2cppjLK ) that Bob Caruso was acquitted on Tuesday of sexually assaulting and kidnapping a 22-year-old woman. Caruso was accused of offering to take the woman to a hospital after she was hurt in a car crash in 2014. The woman later claimed that Caruso took her to his home, gave her alcohol and pills and raped her. A witness found the woman hiding in bushes wearing only underwear. The woman told police she had escaped Caruso&apos;s condo after he fell asleep. Caruso&apos;s lawyer, David Partovi, had argued that the sex was consensual and that Caruso was a victim of &quot;malicious prosecution.&quot; --- Information from: The Spokesman-Review, http://www.spokesman.com 
</topic_text>
<spam_score>0.17</spam_score>
<post_num>1</post_num>
<post_id>post-1</post_id>
<post_url>http://hosted.ap.org/dynamic/stories/W/WA_RAPE_CHARGE_NOT_GUILTY_WAOL-?SITE=FLPEJ&amp;SECTION=HOME&amp;TEMPLATE=DEFAULT</post_url>
<post_date>20160830</post_date>
<post_time></post_time>
<username></username>
<post>
Aug 30, 6:14 PM EDT Jury finds Spokane lawyer not guilty of rape charge SPOKANE, Wash. (AP) -- A jury has found a Spokane lawyer not guilty of rape and kidnapping charges. The Spokesman-Review reports ( http://bit.ly/2cppjLK ) that Bob Caruso was acquitted on Tuesday of sexually assaulting and kidnapping a 22-year-old woman. Caruso was accused of offering to take the woman to a hospital after she was hurt in a car crash in 2014. The woman later claimed that Caruso took her to his home, gave her alcohol and pills and raped her. A witness found the woman hiding in bushes wearing only underwear. The woman told police she had escaped Caruso&apos;s condo after he fell asleep. Caruso&apos;s lawyer, David Partovi, had argued that the sex was consensual and that Caruso was a victim of &quot;malicious prosecution.&quot; --- Information from: The Spokesman-Review, http://www.spokesman.com 
</post>
<signature>

</signature>
<external_links>

</external_links>
<country>US</country>
<main_image></main_image>
</document>
