<?xml version="1.0" encoding="UTF-8"?>
<document>
<type>mainstream</type>
<forum>http://www.ocfamily.com/common/rss/rss.php?catID=25094</forum>
<forum_title>Southern California Family Life | OCFamily.com : OCR Family</forum_title>
<discussion_title>Make it: Crayon pencil holder is a fun addition to any desk</discussion_title>
<language>english</language>
<gmt_offset></gmt_offset>
<topic_url>http://www.ocregister.com/articles/crayons-727443-rubber-around.html</topic_url>
<topic_text>
 Small, clean, empty aluminum can 
 Rubber band 
 Ribbon Directions 
Step 1: Wrap the double-sided tape around the aluminum can. Depending on how tall your can is, you can either do two strips or one centered strip. 
Step 2: Pressing them against the tape, attach the crayons to the can. Start in one spot and work your way around. I randomly selected the 28 crayons I needed but you can also do a pattern or a rainbow. 
Step 3: Wrap a rubber band around the crayons for support and place a ribbon over the rubber band for decoration.
</topic_text>
<spam_score>0.00</spam_score>
<post_num>1</post_num>
<post_id>post-1</post_id>
<post_url>http://www.ocregister.com/articles/crayons-727443-rubber-around.html</post_url>
<post_date>20160831</post_date>
<post_time>0007</post_time>
<username>DENISE SMALDINO</username>
<post>
 Small, clean, empty aluminum can 
 Rubber band 
 Ribbon Directions 
Step 1: Wrap the double-sided tape around the aluminum can. Depending on how tall your can is, you can either do two strips or one centered strip. 
Step 2: Pressing them against the tape, attach the crayons to the can. Start in one spot and work your way around. I randomly selected the 28 crayons I needed but you can also do a pattern or a rainbow. 
Step 3: Wrap a rubber band around the crayons for support and place a ribbon over the rubber band for decoration.
</post>
<signature>

</signature>
<external_links>

</external_links>
<country>US</country>
<main_image>http://images.onset.freedom.com/ocfamily/thumb/ocqz3y-b88763662z.120160830170715000g63iigv0.10.jpg</main_image>
</document>
