<?xml version="1.0" encoding="UTF-8"?>
<document>
<type>mainstream</type>
<forum>http://rssfeeds.wfmynews2.com/_/20/109676616/wfmynews2-local</forum>
<forum_title>WFMY -Local</forum_title>
<discussion_title>Pence Rallies in Winston-Salem</discussion_title>
<language>english</language>
<gmt_offset></gmt_offset>
<topic_url>http://rssfeeds.wfmynews2.com/_/20/109676616/http&amp;#x3a;&amp;#x2f;&amp;#x2f;www&amp;#x2e;wfmynews2&amp;#x2e;com&amp;#x2f;news&amp;#x2f;politics&amp;#x2f;vp-nominee-mike-pence-visiting-winston-salem&amp;#x2f;309392806</topic_url>
<topic_text>
VP Nominee Mike Pence in Winston-Salem WFMY News 2 Digital , WFMY 7:34   CONNECT TWEET LINKEDIN GOOGLE+ PINTEREST 
Republican Vice Presidential candidate Mike Pence will hold a rally Tuesday in Winston-Salem. 
According to Donald Trump&apos;s website, Pence is scheduled to speak at the Millennium Center downtown at 8 p.m. Tickets to the event are free and available through donaldjtrump.com. 
Pence, the Governor of Indiana, made stops in N.C. earlier this week in Charlotte and Leland.
</topic_text>
<spam_score>0.00</spam_score>
<post_num>1</post_num>
<post_id>post-1</post_id>
<post_url>http://rssfeeds.wfmynews2.com/_/20/109676616/http&amp;#x3a;&amp;#x2f;&amp;#x2f;www&amp;#x2e;wfmynews2&amp;#x2e;com&amp;#x2f;news&amp;#x2f;politics&amp;#x2f;vp-nominee-mike-pence-visiting-winston-salem&amp;#x2f;309392806</post_url>
<post_date>20160831</post_date>
<post_time>0034</post_time>
<username></username>
<post>
VP Nominee Mike Pence in Winston-Salem WFMY News 2 Digital , WFMY 7:34   CONNECT TWEET LINKEDIN GOOGLE+ PINTEREST 
Republican Vice Presidential candidate Mike Pence will hold a rally Tuesday in Winston-Salem. 
According to Donald Trump&apos;s website, Pence is scheduled to speak at the Millennium Center downtown at 8 p.m. Tickets to the event are free and available through donaldjtrump.com. 
Pence, the Governor of Indiana, made stops in N.C. earlier this week in Charlotte and Leland.
</post>
<signature>

</signature>
<external_links>

</external_links>
<country>US</country>
<main_image>http://content.wfmynews2.com/photo/2016/08/04/Pence%20Raleigh_1470322239968_4475432_ver1.0_640_360.jpg</main_image>
</document>
