<?xml version="1.0" encoding="UTF-8"?>
<document>
<type>mainstream</type>
<forum>http://www.trading-house.net/rss/meldungen/</forum>
<forum_title>trading-house.net Nachrichtenfeed</forum_title>
<discussion_title>Fast 7000 Flüchtlinge im Mittelmeer gerettet</discussion_title>
<language>german</language>
<gmt_offset></gmt_offset>
<topic_url>http://www.trading-house.net/news/fast-7000-fluechtlinge-im-mittelmeer-gerettet-50947192</topic_url>
<topic_text>
Fast 7000 Flüchtlinge im Mittelmeer gerettet IOM: Fluchtbewegung von Nordafrika nach Europa bleibt weiterhin stark.
</topic_text>
<spam_score>0.00</spam_score>
<post_num>1</post_num>
<post_id>post-1</post_id>
<post_url>http://www.trading-house.net/news/fast-7000-fluechtlinge-im-mittelmeer-gerettet-50947192</post_url>
<post_date>20160831</post_date>
<post_time>0013</post_time>
<username></username>
<post>
Fast 7000 Flüchtlinge im Mittelmeer gerettet IOM: Fluchtbewegung von Nordafrika nach Europa bleibt weiterhin stark.
</post>
<signature>

</signature>
<external_links>

</external_links>
<country>DE</country>
<main_image></main_image>
</document>
