<?xml version="1.0" encoding="UTF-8"?>
<document>
<type>mainstream</type>
<forum>http://newsoboz.org/static/rss/newsline.rss.xml</forum>
<forum_title>newsoboz.org</forum_title>
<discussion_title>Доходы банков упали на 60%</discussion_title>
<language>russian</language>
<gmt_offset></gmt_offset>
<topic_url>http://newsoboz.org/ekonomika/dohody-bankov-upali-na-60--30082016133407</topic_url>
<topic_text>
Доходы банков упали на 60% 31.08.2016 03:26 | Экономика | Просмотров: 13 По теме: &quot;Газпром&quot; давит на Турцию газопроводом в обход Украины 
Доходы банков уменьшились на 60%. За 7 месяцев их насчитали на 13,9 млрд грн. 
В прошлом году за этот период доходы банков превышали 34 млрд грн. Такие данные приводят в Нацбанке, передает NewsOboz.org со ссылкой на Gazeta.ua . 
&quot;Основными причинами снижения результативности работы банковской системы стало сокращение доходов при росте отдельных статей расходов, в частности, потенциальных и административных&quot;, - говорят в НБУ . 
За 7 месяцев банки сократили убытки в 3,3 раза по сравнению с тем же периодом прошлого года. На 1 августа убытки банков составили 30,2 млрд грн. 
Финучреждения уменьшили убытки за счет увеличения резервов. Крупнейшие банки доформировали резервы после диагностики в прошлом году. 
Ранее сообщалось, что Нацбанк может закрыть еще 6 банков. &lt;&gt;
</topic_text>
<spam_score>0.00</spam_score>
<post_num>1</post_num>
<post_id>post-1</post_id>
<post_url>http://newsoboz.org/ekonomika/dohody-bankov-upali-na-60--30082016133407</post_url>
<post_date>20160831</post_date>
<post_time>0026</post_time>
<username></username>
<post>
Доходы банков упали на 60% 31.08.2016 03:26 | Экономика | Просмотров: 13 По теме: &quot;Газпром&quot; давит на Турцию газопроводом в обход Украины 
Доходы банков уменьшились на 60%. За 7 месяцев их насчитали на 13,9 млрд грн. 
В прошлом году за этот период доходы банков превышали 34 млрд грн. Такие данные приводят в Нацбанке, передает NewsOboz.org со ссылкой на Gazeta.ua . 
&quot;Основными причинами снижения результативности работы банковской системы стало сокращение доходов при росте отдельных статей расходов, в частности, потенциальных и административных&quot;, - говорят в НБУ . 
За 7 месяцев банки сократили убытки в 3,3 раза по сравнению с тем же периодом прошлого года. На 1 августа убытки банков составили 30,2 млрд грн. 
Финучреждения уменьшили убытки за счет увеличения резервов. Крупнейшие банки доформировали резервы после диагностики в прошлом году. 
Ранее сообщалось, что Нацбанк может закрыть еще 6 банков. &lt;&gt;
</post>
<signature>

</signature>
<external_links>

</external_links>
<country>UA</country>
<main_image>http://newsoboz.org/static/img/7/a/7a92b165aa35ca03d4d5a094e50eb7e1_422x240.jpg</main_image>
</document>
