<?xml version="1.0" encoding="UTF-8"?>
<document>
<type>mainstream</type>
<forum>http://www.sputniknews.com/export/rss2/archive/index.xml</forum>
<forum_title>Sputnik International</forum_title>
<discussion_title>LeEcom Joins &apos;Make in India&apos; Bandwagon; Hopes to Sell 200k Smartphones/Month</discussion_title>
<language>english</language>
<gmt_offset></gmt_offset>
<topic_url>http://sputniknews.com/asia/20160830/1044784690/india-smartphones-leecom.html</topic_url>
<topic_text>
LeEcom Joins &apos;Make in India&apos; Bandwagon; Hopes to Sell 200k Smartphones/Month © AFP 2016/ INDRANIL MUKHERJEE 0 120 1 1 In India, the number of new mobile phones sold in the last two years is equal to population of France and Italy combined. © Flickr/ Bikash Das India and Russia to Jointly Set Up $300 Million Logistics Hub for Su30MKI New Delhi (Sputnik) – One more Chinese mobile manufacturer, LeEcom, has set up a manufacturing unit in India; it managed to do so after just eight months of operation. Sources from LeEcom say that the company has delivered more than a million mobile handsets in India in the last eight months, which prompted it to set up a manufacturing unit in the country. Other Chinese manufacturers like Xiaomi, Vivo, and Gionee have already set up manufacturing units in India and are operating successfully under Make in India, a government initiative.
LeEcom, formerly known as Letv, is producing close to 60,000 phones per month and has plans to ramp up the production to approximately 200,000 ‘Superphones’ per month by the end of 2016. The company has made an initial investment of USD 5 million and a further USD 2 million has been earmarked for the automation process. 
Atul Jain, COO of LeEco Technology says, “India will be a global export hub. We are already in China, Hong Kong and next month we are entering the Russian market. Indonesia and the US are the other markets we are eyeing.” 
Make in India has been a pet project of India’s Prime Minister Narendra Modi, who has already visited more than three dozen countries and asked major manufacturers throughout the world to set up units in India. Notwithstanding the lukewarm response in other sectors, the electronics and mobile phone industry have attracted a tremendous response from manufacturers, especially in China. Ravishankar Prasad, Minister for Information Technology and electronics, says, “in the last two years, there are 38 units which have arrived in electronic manufacturing. Target was merely USD 1.6 bln but I am glad to say that we have achieved much more than this. Apart from fructifying a large sum of investment, a USD 18.5 bln investment proposal is in pipeline. ”Quoting Indian Cellular Association data, Ravishankar Prasad says, “mobile handset manufacturing in 2015-16 rose a robust 185 percent gain in value terms to USD 8.1 bln from USD 2.85 bln in 2014-15. It is likely to touch USD 14.1 bln by the end of this year.” 
It is estimated that 220 million mobile phones have been sold in India in 2015-16 alone. Of these; 110 million were at least partly manufactured in China. Ravishankar Prasad says, “In India, the number of mobile phones added in thelast two years is equal to population of France and Italy.” 
LeEco is the world’s first video company to go public, with a market capitalization of more than USD 12 billion. Headquartered in Beijing, China, itss regional headquarters are in Hong Kong, Los Angeles and Silicon Valley. ...
</topic_text>
<spam_score>0.00</spam_score>
<post_num>1</post_num>
<post_id>post-1</post_id>
<post_url>http://sputniknews.com/asia/20160830/1044784690/india-smartphones-leecom.html</post_url>
<post_date>20160830</post_date>
<post_time>1533</post_time>
<username></username>
<post>
LeEcom Joins &apos;Make in India&apos; Bandwagon; Hopes to Sell 200k Smartphones/Month © AFP 2016/ INDRANIL MUKHERJEE 0 120 1 1 In India, the number of new mobile phones sold in the last two years is equal to population of France and Italy combined. © Flickr/ Bikash Das India and Russia to Jointly Set Up $300 Million Logistics Hub for Su30MKI New Delhi (Sputnik) – One more Chinese mobile manufacturer, LeEcom, has set up a manufacturing unit in India; it managed to do so after just eight months of operation. Sources from LeEcom say that the company has delivered more than a million mobile handsets in India in the last eight months, which prompted it to set up a manufacturing unit in the country. Other Chinese manufacturers like Xiaomi, Vivo, and Gionee have already set up manufacturing units in India and are operating successfully under Make in India, a government initiative.
LeEcom, formerly known as Letv, is producing close to 60,000 phones per month and has plans to ramp up the production to approximately 200,000 ‘Superphones’ per month by the end of 2016. The company has made an initial investment of USD 5 million and a further USD 2 million has been earmarked for the automation process. 
Atul Jain, COO of LeEco Technology says, “India will be a global export hub. We are already in China, Hong Kong and next month we are entering the Russian market. Indonesia and the US are the other markets we are eyeing.” 
Make in India has been a pet project of India’s Prime Minister Narendra Modi, who has already visited more than three dozen countries and asked major manufacturers throughout the world to set up units in India. Notwithstanding the lukewarm response in other sectors, the electronics and mobile phone industry have attracted a tremendous response from manufacturers, especially in China. Ravishankar Prasad, Minister for Information Technology and electronics, says, “in the last two years, there are 38 units which have arrived in electronic manufacturing. Target was merely USD 1.6 bln but I am glad to say that we have achieved much more than this. Apart from fructifying a large sum of investment, a USD 18.5 bln investment proposal is in pipeline. ”Quoting Indian Cellular Association data, Ravishankar Prasad says, “mobile handset manufacturing in 2015-16 rose a robust 185 percent gain in value terms to USD 8.1 bln from USD 2.85 bln in 2014-15. It is likely to touch USD 14.1 bln by the end of this year.” 
It is estimated that 220 million mobile phones have been sold in India in 2015-16 alone. Of these; 110 million were at least partly manufactured in China. Ravishankar Prasad says, “In India, the number of mobile phones added in thelast two years is equal to population of France and Italy.” 
LeEco is the world’s first video company to go public, with a market capitalization of more than USD 12 billion. Headquartered in Beijing, China, itss regional headquarters are in Hong Kong, Los Angeles and Silicon Valley. ...
</post>
<signature>

</signature>
<external_links>

</external_links>
<country>RU</country>
<main_image>https://cdn2.img.sputniknews.com/images/104478/49/1044784938.jpg</main_image>
</document>
