<?xml version="1.0" encoding="UTF-8"?>
<document>
<type>mainstream</type>
<forum>http://www.trading-house.net/rss/meldungen/</forum>
<forum_title>trading-house.net Nachrichtenfeed</forum_title>
<discussion_title>Französischer Minister reicht Rücktritt ein</discussion_title>
<language>german</language>
<gmt_offset></gmt_offset>
<topic_url>http://www.trading-house.net/news/franzoesischer-minister-reicht-ruecktritt-ein-50947193</topic_url>
<topic_text>
31.08.2016 - 02:13 Uhr Französischer Minister reicht Rücktritt ein paris. In Frankreich hat Wirtschaftsminister Emmanuel Macron seinen Rücktritt erklärt. Aus dem Umfeld Macrons hieß es, der 38-Jährige bereite damit seine Kandidatur für das Präsidentenamt im kommenden Jahr vor. Präsident Francois Hollande gab bekannt, dass Finanzminister Michel Sapin die Zuständigkeit für das Wirtschaftsministerium mitübernehme.
</topic_text>
<spam_score>0.00</spam_score>
<post_num>1</post_num>
<post_id>post-1</post_id>
<post_url>http://www.trading-house.net/news/franzoesischer-minister-reicht-ruecktritt-ein-50947193</post_url>
<post_date>20160831</post_date>
<post_time>0013</post_time>
<username></username>
<post>
31.08.2016 - 02:13 Uhr Französischer Minister reicht Rücktritt ein paris. In Frankreich hat Wirtschaftsminister Emmanuel Macron seinen Rücktritt erklärt. Aus dem Umfeld Macrons hieß es, der 38-Jährige bereite damit seine Kandidatur für das Präsidentenamt im kommenden Jahr vor. Präsident Francois Hollande gab bekannt, dass Finanzminister Michel Sapin die Zuständigkeit für das Wirtschaftsministerium mitübernehme.
</post>
<signature>

</signature>
<external_links>

</external_links>
<country>DE</country>
<main_image></main_image>
</document>
