<?xml version="1.0" encoding="UTF-8"?>
<document>
<type>mainstream</type>
<forum>http://www.sputniknews.com/export/rss2/archive/index.xml</forum>
<forum_title>Sputnik International</forum_title>
<discussion_title>Estonian Lawmakers Fail to Elect President in Third Round of Balloting</discussion_title>
<language>english</language>
<gmt_offset></gmt_offset>
<topic_url>http://sputniknews.com/europe/20160830/1044783242/estonia-presidential-election.html</topic_url>
<topic_text>
Estonian Lawmakers Fail to Elect President in Third Round of Balloting © REUTERS/ Ints Kalnins 0 66 2 0 Estonian lawmakers failed to elect country&apos;s president in the third balloting, according to the chair of Estonia’s electoral committee. 
TALLINN (Sputnik) – The Estonian parliament failed to elect the Baltic country’s president in the third balloting round after neither of the two candidates gained the needed votes, the chair of Estonia’s electoral committee Tuesday. 
The candidate had to earn at least two-thirds of the lawmakers’ votes to win the secret ballot in parliament, or at least 68 out of 101 votes, Meelis Eerik said. &quot;During the vote, ruling coalition Reform Party and Social Democratic Party faction’s [Siim] Kallas obtained 42 votes. His rival Mailis Reps, put forward by the parliamentary faction of the opposition Centre Party, received 26 votes. Thirty ballots did not mark a single candidate,&quot; Eerik specified. © REUTERS/ Ints Kalnins Estonia’s next head of state will now be chosen by the electoral body within one month of the deadlock, according to the Estonian National Election Committee. The electoral body comprises 101 lawmakers and 234 local government council representatives.
The election committee set September 24 as the preliminary date of the planned electoral body meeting. ...
</topic_text>
<spam_score>0.00</spam_score>
<post_num>1</post_num>
<post_id>post-1</post_id>
<post_url>http://sputniknews.com/europe/20160830/1044783242/estonia-presidential-election.html</post_url>
<post_date>20160830</post_date>
<post_time>1450</post_time>
<username></username>
<post>
Estonian Lawmakers Fail to Elect President in Third Round of Balloting © REUTERS/ Ints Kalnins 0 66 2 0 Estonian lawmakers failed to elect country&apos;s president in the third balloting, according to the chair of Estonia’s electoral committee. 
TALLINN (Sputnik) – The Estonian parliament failed to elect the Baltic country’s president in the third balloting round after neither of the two candidates gained the needed votes, the chair of Estonia’s electoral committee Tuesday. 
The candidate had to earn at least two-thirds of the lawmakers’ votes to win the secret ballot in parliament, or at least 68 out of 101 votes, Meelis Eerik said. &quot;During the vote, ruling coalition Reform Party and Social Democratic Party faction’s [Siim] Kallas obtained 42 votes. His rival Mailis Reps, put forward by the parliamentary faction of the opposition Centre Party, received 26 votes. Thirty ballots did not mark a single candidate,&quot; Eerik specified. © REUTERS/ Ints Kalnins Estonia’s next head of state will now be chosen by the electoral body within one month of the deadlock, according to the Estonian National Election Committee. The electoral body comprises 101 lawmakers and 234 local government council representatives.
The election committee set September 24 as the preliminary date of the planned electoral body meeting. ...
</post>
<signature>

</signature>
<external_links>

</external_links>
<country>RU</country>
<main_image>https://cdn1.img.sputniknews.com/images/104478/30/1044783072.jpg</main_image>
</document>
