<?xml version="1.0" encoding="UTF-8"?>
<document>
<type>mainstream</type>
<forum></forum>
<forum_title></forum_title>
<discussion_title>素っ裸で働くエロメイド、上原亜衣がご主人様のためにねっとり濃厚ご奉仕フェラに騎乗位正常位で乱れる｜イクイク動画</discussion_title>
<language>japanese</language>
<gmt_offset></gmt_offset>
<topic_url>http://ikuiku.biz/%e7%b4%a0%e3%81%a3%e8%a3%b8%e3%81%a7%e5%83%8d%e3%81%8f%e3%82%a8%e3%83%ad%e3%83%a1%e3%82%a4%e3%83%89%e3%80%81%e4%b8%8a%e5%8e%9f%e4%ba%9c%e8%a1%a3%e3%81%8c%e3%81%94%e4%b8%bb%e4%ba%ba%e6%a7%98%e3%81%ae/</topic_url>
<topic_text>
ドM調教されて快楽のことしか考えられなくなった女のエロアニメ トラックバックURL 
http://ikuiku.biz/%e7%b4%a0%e3%81%a3%e8%a3%b8%e3%81%a7%e5%83%8d%e3%81%8f%e3%82%a8%e3%83%ad%e3%83%a1%e3%82%a4%e3%83%89%e3%80%81%e4%b8%8a%e5%8e%9f%e4%ba%9c%e8%a1%a3%e3%81%8c%e3%81%94%e4%b8%bb%e4%ba%ba%e6%a7%98%e3%81%ae/trackback/ 最近の投稿 
</topic_text>
<spam_score>0.00</spam_score>
<post_num>1</post_num>
<post_id>post-1</post_id>
<post_url>http://ikuiku.biz/%e7%b4%a0%e3%81%a3%e8%a3%b8%e3%81%a7%e5%83%8d%e3%81%8f%e3%82%a8%e3%83%ad%e3%83%a1%e3%82%a4%e3%83%89%e3%80%81%e4%b8%8a%e5%8e%9f%e4%ba%9c%e8%a1%a3%e3%81%8c%e3%81%94%e4%b8%bb%e4%ba%ba%e6%a7%98%e3%81%ae/</post_url>
<post_date>20160831</post_date>
<post_time></post_time>
<username></username>
<post>
ドM調教されて快楽のことしか考えられなくなった女のエロアニメ トラックバックURL 
http://ikuiku.biz/%e7%b4%a0%e3%81%a3%e8%a3%b8%e3%81%a7%e5%83%8d%e3%81%8f%e3%82%a8%e3%83%ad%e3%83%a1%e3%82%a4%e3%83%89%e3%80%81%e4%b8%8a%e5%8e%9f%e4%ba%9c%e8%a1%a3%e3%81%8c%e3%81%94%e4%b8%bb%e4%ba%ba%e6%a7%98%e3%81%ae/trackback/ 最近の投稿 
</post>
<signature>

</signature>
<external_links>

</external_links>
<country>US</country>
<main_image>http://i2.wp.com/ikuiku.biz/wp-content/uploads/2016/08/1401.jpg?fit=320%2C240</main_image>
</document>
