<?xml version="1.0" encoding="UTF-8"?>
<document>
<type>mainstream</type>
<forum>http://www.werken20.nl/rss</forum>
<forum_title>Werken 2.0 RSS Feed</forum_title>
<discussion_title>Jaarlijkse Congres Over Het Nieuwe Werken in december</discussion_title>
<language>dutch</language>
<gmt_offset></gmt_offset>
<topic_url>http://www.werken20.nl/nieuws-over-nieuwe-werken/organisatie-bedrijf/39256/jaarlijkse-congres-over-het-nieuwe-werken-in-december/</topic_url>
<topic_text>
Nieuws Jaarlijkse Congres Over Het Nieuwe Werken in december Hoewel Het Nieuwe Werken beslist niet meer ‘nieuw’ is, zijn er nog altijd veel organisaties die willen starten met de invoering van (een vorm van) Het Nieuwe Werken. En dat is een uitdagend en veelomvattend traject. Want uit alle praktijkcases is inmiddels één ding duidelijk geworden: om Het Nieuwe Werken écht te laten slagen, moet iedereen binnen de organisatie veranderen en ander gedrag gaan vertonen. En dat is makkelijker gezegd dan gedaan. Alle reden dus voor een congres over Het Nieuwe Werken, met als kernthema’s: ‘Verantwoordelijkheid, Vertrouwen en Verandering’. Toonaangevende organisaties delen hun visie, kennis en vooral ook hun ervaringen. Ze praten u in één dag bij over alle aspecten van Het Nieuwe Werken en wat zij zijn tegengekomen bij de transitie van hun organisatie naar een HNW-werkconcept. Het congres is relevant omdat u: leert van de ervaringen van toonaangevende organisaties die HNW al succesvol hebben ingevoerd; inspiratie opdoet, zodat u vol energie het veranderproces in kunt gaan en kunt begeleiden; een eerlijk en helder beeld krijgt van alle do’s en don’ts bij de invoering van Het Nieuwe Werken; veel vakgenoten ontmoet, waarmee u kennis en ervaringen kunt uitwisselen.
</topic_text>
<spam_score>0.00</spam_score>
<post_num>1</post_num>
<post_id>post-1</post_id>
<post_url>http://www.werken20.nl/nieuws-over-nieuwe-werken/organisatie-bedrijf/39256/jaarlijkse-congres-over-het-nieuwe-werken-in-december/</post_url>
<post_date>20160830</post_date>
<post_time>0859</post_time>
<username></username>
<post>
Nieuws Jaarlijkse Congres Over Het Nieuwe Werken in december Hoewel Het Nieuwe Werken beslist niet meer ‘nieuw’ is, zijn er nog altijd veel organisaties die willen starten met de invoering van (een vorm van) Het Nieuwe Werken. En dat is een uitdagend en veelomvattend traject. Want uit alle praktijkcases is inmiddels één ding duidelijk geworden: om Het Nieuwe Werken écht te laten slagen, moet iedereen binnen de organisatie veranderen en ander gedrag gaan vertonen. En dat is makkelijker gezegd dan gedaan. Alle reden dus voor een congres over Het Nieuwe Werken, met als kernthema’s: ‘Verantwoordelijkheid, Vertrouwen en Verandering’. Toonaangevende organisaties delen hun visie, kennis en vooral ook hun ervaringen. Ze praten u in één dag bij over alle aspecten van Het Nieuwe Werken en wat zij zijn tegengekomen bij de transitie van hun organisatie naar een HNW-werkconcept. Het congres is relevant omdat u: leert van de ervaringen van toonaangevende organisaties die HNW al succesvol hebben ingevoerd; inspiratie opdoet, zodat u vol energie het veranderproces in kunt gaan en kunt begeleiden; een eerlijk en helder beeld krijgt van alle do’s en don’ts bij de invoering van Het Nieuwe Werken; veel vakgenoten ontmoet, waarmee u kennis en ervaringen kunt uitwisselen.
</post>
<signature>

</signature>
<external_links>

</external_links>
<country>NL</country>
<main_image></main_image>
</document>
