<?xml version="1.0" encoding="UTF-8"?>
<document>
<type>mainstream</type>
<forum>http://feeds.feedblitz.com/previouslytv</forum>
<forum_title>Previously.TV</forum_title>
<discussion_title>Watch A Teaser For Ben And Lauren: Happily Ever After :: Spoiler alert: they&apos;re still boring. [Ben And Lauren: Happily Ever After]</discussion_title>
<language>english</language>
<gmt_offset></gmt_offset>
<topic_url>http://previously.tv/ben-and-lauren-happily-ever-after/watch-a-teaser-for-ben-and-lauren-happily-ever-after/</topic_url>
<topic_text>
0 
The October 11 series premiere of Ben And Lauren: Happily Ever After is fast approaching, so if you want to find out what you can expect from the Freeform spinoff about the last Bachelor and his &quot;winning&quot; fiancée...this very brief teaser isn&apos;t going to answer many of your questions. But here it is anyway!
</topic_text>
<spam_score>0.00</spam_score>
<post_num>1</post_num>
<post_id>post-1</post_id>
<post_url>http://previously.tv/ben-and-lauren-happily-ever-after/watch-a-teaser-for-ben-and-lauren-happily-ever-after/</post_url>
<post_date>20160829</post_date>
<post_time>1630</post_time>
<username>Tara Ariano</username>
<post>
0 
The October 11 series premiere of Ben And Lauren: Happily Ever After is fast approaching, so if you want to find out what you can expect from the Freeform spinoff about the last Bachelor and his &quot;winning&quot; fiancée...this very brief teaser isn&apos;t going to answer many of your questions. But here it is anyway!
</post>
<signature>

</signature>
<external_links>

</external_links>
<country>US</country>
<main_image>http://previously.tv/m/2016-08-29-ben-and-lauren.jpg</main_image>
</document>
