<?xml version="1.0" encoding="UTF-8"?>
<document>
<type>mainstream</type>
<forum>http://www.sputniknews.com/export/rss2/archive/index.xml</forum>
<forum_title>Sputnik International</forum_title>
<discussion_title>Relations May Strain as US Woman Charged With Espionage in China</discussion_title>
<language>english</language>
<gmt_offset></gmt_offset>
<topic_url>http://sputniknews.com/asia/20160831/1044795743/american-spy-china.html</topic_url>
<topic_text>
2 328 5 0 Sandy Phan-Gillis, a US businesswoman of Chinese descent arrested in March 2015 in China, has been charged with spying, China&apos;s Foreign Ministry said on Tuesday, in an announcement that threatens to further deteriorate US-China relations. 
In March 2015, Sandy Phan-Gillis, arriving in China as a member of a trade delegation, was detained while crossing from China into Macau, an autonomous region, and was detained without charges. Chinese Foreign Ministry spokeswoman Hua Chunying, at a briefing, stated that &quot;the relevant Chinese department will handle the case strictly according to law,&quot; without further detailing the violations said to have been committed by Phan-Gillis. 
A US State Department official asked for details on the case and demanded &quot;full and unfettered&quot; access to Phan-Gillis. The official stated, &quot;We urge Chinese authorities to explain the reasons for Ms. Phan-Gillis&apos; ongoing detention.&quot;A UN recommendation to release Phan-Gillis, as her detention violates international human rights norms, was criticized by the Chinese government. American Woman Held in China on Spying Accusations Phan-Gillis&apos;s husband claims that his wife is innocent, and is wrongfully accused of committing a crime dating back some 20 years, which, he claims, she never committed, given that she was not in China at that time. She is also charged with attempts to recruit Chinese citizens in the US to act as spies.
Her husband is seeking US President Barack Obama&apos;s assistance in resolving the case, as the president is slated to visit China on Saturday for a G20 Summit in Hangzhou. Tensions between the two countries regarding China&apos;s territorial claims in the South China Sea have resulted in the US placing barriers on doing business with Beijing. Earlier in July, Su Bin, a Chinese citizen, was sentenced to 46 months in prison in the US after being found guilty of conspiring to pass US defense information to Chinese military officials. Phan-Gillis&apos;s husband believes that the charges are a result not of criminal activity, but of politics. If convicted, she could be sentenced to ten years in a Chinese labor camp, her husband said. ...
</topic_text>
<spam_score>0.00</spam_score>
<post_num>1</post_num>
<post_id>post-1</post_id>
<post_url>http://sputniknews.com/asia/20160831/1044795743/american-spy-china.html</post_url>
<post_date>20160830</post_date>
<post_time>2221</post_time>
<username></username>
<post>
2 328 5 0 Sandy Phan-Gillis, a US businesswoman of Chinese descent arrested in March 2015 in China, has been charged with spying, China&apos;s Foreign Ministry said on Tuesday, in an announcement that threatens to further deteriorate US-China relations. 
In March 2015, Sandy Phan-Gillis, arriving in China as a member of a trade delegation, was detained while crossing from China into Macau, an autonomous region, and was detained without charges. Chinese Foreign Ministry spokeswoman Hua Chunying, at a briefing, stated that &quot;the relevant Chinese department will handle the case strictly according to law,&quot; without further detailing the violations said to have been committed by Phan-Gillis. 
A US State Department official asked for details on the case and demanded &quot;full and unfettered&quot; access to Phan-Gillis. The official stated, &quot;We urge Chinese authorities to explain the reasons for Ms. Phan-Gillis&apos; ongoing detention.&quot;A UN recommendation to release Phan-Gillis, as her detention violates international human rights norms, was criticized by the Chinese government. American Woman Held in China on Spying Accusations Phan-Gillis&apos;s husband claims that his wife is innocent, and is wrongfully accused of committing a crime dating back some 20 years, which, he claims, she never committed, given that she was not in China at that time. She is also charged with attempts to recruit Chinese citizens in the US to act as spies.
Her husband is seeking US President Barack Obama&apos;s assistance in resolving the case, as the president is slated to visit China on Saturday for a G20 Summit in Hangzhou. Tensions between the two countries regarding China&apos;s territorial claims in the South China Sea have resulted in the US placing barriers on doing business with Beijing. Earlier in July, Su Bin, a Chinese citizen, was sentenced to 46 months in prison in the US after being found guilty of conspiring to pass US defense information to Chinese military officials. Phan-Gillis&apos;s husband believes that the charges are a result not of criminal activity, but of politics. If convicted, she could be sentenced to ten years in a Chinese labor camp, her husband said. ...
</post>
<signature>

</signature>
<external_links>

</external_links>
<country>RU</country>
<main_image>https://cdn3.img.sputniknews.com/images/102736/32/1027363249.jpg</main_image>
</document>
