<?xml version="1.0" encoding="UTF-8"?>
<document>
<type>mainstream</type>
<forum>http://feeds.feedblitz.com/previouslytv</forum>
<forum_title>Previously.TV</forum_title>
<discussion_title>Watch Stephen Colbert&apos;s Best Beyoncé Impression On The Late Show :: Colbert tries to mimic Beyoncé&apos;s VMA performance, but it looks like he might have missed a dress rehearsal or two. [The Late Show With Stephen Colbert]</discussion_title>
<language>english</language>
<gmt_offset></gmt_offset>
<topic_url>http://previously.tv/the-late-show-with-stephen-colbert/watch-stephen-colbert-pull-off-his-best-beyonce-impression-on-the-late-show/</topic_url>
<topic_text>
News Watch Stephen Colbert&apos;s Best Beyoncé Impression On The Late Show Colbert tries to mimic Beyoncé&apos;s VMA performance, but it looks like he might have missed a dress rehearsal or two. E197 
Without a doubt, Beyoncé stole the show at the MTV VMAs this weekend. So, of course Stephen Colbert had to respond to such a thrilling moment. Mimicking Beyoncé&apos;s sass and style, Colbert&apos;s routine was just a little too (cough) hot to make it to air.
</topic_text>
<spam_score>0.00</spam_score>
<post_num>1</post_num>
<post_id>post-1</post_id>
<post_url>http://previously.tv/the-late-show-with-stephen-colbert/watch-stephen-colbert-pull-off-his-best-beyonce-impression-on-the-late-show/</post_url>
<post_date>20160830</post_date>
<post_time>1415</post_time>
<username>Karen Belz</username>
<post>
News Watch Stephen Colbert&apos;s Best Beyoncé Impression On The Late Show Colbert tries to mimic Beyoncé&apos;s VMA performance, but it looks like he might have missed a dress rehearsal or two. E197 
Without a doubt, Beyoncé stole the show at the MTV VMAs this weekend. So, of course Stephen Colbert had to respond to such a thrilling moment. Mimicking Beyoncé&apos;s sass and style, Colbert&apos;s routine was just a little too (cough) hot to make it to air.
</post>
<signature>

</signature>
<external_links>

</external_links>
<country>US</country>
<main_image>http://previously.tv/m/2016-08-30-colbert.jpg</main_image>
</document>
