<?xml version="1.0" encoding="UTF-8"?>
<document>
<type>mainstream</type>
<forum></forum>
<forum_title></forum_title>
<discussion_title>Govt enhances pension of Social Welfare beneficiaries</discussion_title>
<language>english</language>
<gmt_offset></gmt_offset>
<topic_url>http://www.greaterkashmir.com/news/kashmir/story/227180.html</topic_url>
<topic_text>
Wednesday, August 31, 2016, 27, Zul Qaadah, 1437 Govt enhances pension of Social Welfare beneficiaries Sajad Lone thanks Mehbooba for support GKNN Srinagar, Publish Date: Aug 30 2016 11:17PM | Updated Date: Aug 30 2016 11:17PM File Photo 
State Government has enhanced monthly pension to Rs 1000 from Rs 200 in favour of Old Aged, Widows and Physically Challenged persons. 
The enhanced amount will be paid to the beneficiaries with effect from April 2016 by the Social Welfare Department. 
This was announced by the Minister for Social Welfare Sajad Gani Lone here today. 
Announcing the decision, the Minister thanked Chief Minister Mehbooba Mufti for her unflinching support for the upliftment of down trodden and agreement with the decision to enhance the pension. 
The Minister said that the decision will benefit about 5.70 lakh beneficiaries of the State who are currently registered with the Department of Social Welfare. He said the enhancement of the monthly pension under the National Assistance Programme (NASP) and Integrated Social Assistance Programme (ISSS) will have the additional financial implication of about Rs 3.50 crore. 
Sajad Lone reiterated the government’s resolve to provide each and every facility to the people of the state at their door steps. He said the decision is aimed at alleviating suffering of the weak and under privileged. 
The Minister said to provide better facilities to the beneficiaries of the Social Welfare Department, a lot of reforms and structural changes are taking place to ensure that benefits of the welfare schemes reach to the disempowered sections. 
Divulging some measures the Minister said that for special marriage assistance scheme, the bride is now required to self-certify her marriage date to avail the assistance instead of an affidavit before the judicial magistrate. He said that similarly in case of widow certificate, a self certification attested by two village community members would be required instead of a certificate from SHO concerned which was the norm earlier. More in this Category 
</topic_text>
<spam_score>0.99</spam_score>
<post_num>1</post_num>
<post_id>post-1</post_id>
<post_url>http://www.greaterkashmir.com/news/kashmir/story/227180.html</post_url>
<post_date>20160820</post_date>
<post_time></post_time>
<username></username>
<post>
Wednesday, August 31, 2016, 27, Zul Qaadah, 1437 Govt enhances pension of Social Welfare beneficiaries Sajad Lone thanks Mehbooba for support GKNN Srinagar, Publish Date: Aug 30 2016 11:17PM | Updated Date: Aug 30 2016 11:17PM File Photo 
State Government has enhanced monthly pension to Rs 1000 from Rs 200 in favour of Old Aged, Widows and Physically Challenged persons. 
The enhanced amount will be paid to the beneficiaries with effect from April 2016 by the Social Welfare Department. 
This was announced by the Minister for Social Welfare Sajad Gani Lone here today. 
Announcing the decision, the Minister thanked Chief Minister Mehbooba Mufti for her unflinching support for the upliftment of down trodden and agreement with the decision to enhance the pension. 
The Minister said that the decision will benefit about 5.70 lakh beneficiaries of the State who are currently registered with the Department of Social Welfare. He said the enhancement of the monthly pension under the National Assistance Programme (NASP) and Integrated Social Assistance Programme (ISSS) will have the additional financial implication of about Rs 3.50 crore. 
Sajad Lone reiterated the government’s resolve to provide each and every facility to the people of the state at their door steps. He said the decision is aimed at alleviating suffering of the weak and under privileged. 
The Minister said to provide better facilities to the beneficiaries of the Social Welfare Department, a lot of reforms and structural changes are taking place to ensure that benefits of the welfare schemes reach to the disempowered sections. 
Divulging some measures the Minister said that for special marriage assistance scheme, the bride is now required to self-certify her marriage date to avail the assistance instead of an affidavit before the judicial magistrate. He said that similarly in case of widow certificate, a self certification attested by two village community members would be required instead of a certificate from SHO concerned which was the norm earlier. More in this Category 
</post>
<signature>

</signature>
<external_links>

</external_links>
<country>US</country>
<main_image>http://www.greaterkashmir.com/cms/gall_content/2016/8/2016_8$largeimg230_Aug_2016_231747120.jpg</main_image>
</document>
