<?xml version="1.0" encoding="UTF-8"?>
<document>
<type>mainstream</type>
<forum>http://www.sputniknews.com/export/rss2/archive/index.xml</forum>
<forum_title>Sputnik International</forum_title>
<discussion_title>Steroids May Be Behind Aggressive Behavior of Police</discussion_title>
<language>english</language>
<gmt_offset></gmt_offset>
<topic_url>http://sputniknews.com/us/20160831/1044797065/police-steroid-abuse.html</topic_url>
<topic_text>
Steroids May Be Behind Aggressive Behavior of Police © REUTERS/ Mike Stone 0 40 1 0 Side-effects associated with police steroid use and abuse have become a dangerous element in the ongoing debate regarding overly violent behavior and the militarized law-enforcement culture of the United States. 
In 2004, the Drug Enforcement Administration (DEA) listed the many side-effects of steroid use, including mood swings, impaired judgment, depression, increased aggression, extreme irritability, hostility, and delusional behavior. 
Endemic steroid abuse could go a long way to explaining the aggressive and violent behavior used by American police, especially in situations that could easily have been safely de-escalated, according to the Free Thought Project . As with methamphetamine abuse, steroids bring a sense of invincibility, making the user feel indestructible. According to the DEA, “The idea of enhanced physical strength and endurance provides one with ‘the invincible mentality’ when performing law enforcement duties.” 
Many examples of police brutality represent a trend in overt law-enforcement violence that could be the result of steroid abuse. 
There currently is no policy to regulate the use of steroids by active-duty weapon-carrying law-enforcement employees. Some police unions claim that drug tests, similar to those administered every day to suspects, violate their civil rights. A deeper reason why some refuse to be tested is that they are involved in selling, and using, steroids. © REUTERS/ Jacky Naegelen US Police Violence Against Blacks a Wake-Up Call for Washington - Lavrov Steven Santucci, a former police sergeant, got his department’s attention after he routinely took $30,000-$100,000 vacations, all on an annual salary of some $80,000, before deductions. In April 2015 Santucci was arrested for running an anabolic steroid manufacturing and distribution network. He received a delay in sentencing twice, first to complete training to become an electrician, and second, due to “some scheduling conflicts,” according to attorney Dan LaBelle. On August 25 Santucci was finally sentenced to a mere 16 months in prison, along with two years of supervised release.
The disgraced cop sold enormous quantities of steroids to police officers, who used and further distributed his illicit product. 
Santucci, however, may be the tip of the iceberg in the United States. Steroid use is a popular tactic for police officers and an epidemic, which until recently has been quietly shoved under the rug, is now revealed as the cause of much unnecessary violence and is shown to be a danger to the public. ...
</topic_text>
<spam_score>0.00</spam_score>
<post_num>1</post_num>
<post_id>post-1</post_id>
<post_url>http://sputniknews.com/us/20160831/1044797065/police-steroid-abuse.html</post_url>
<post_date>20160831</post_date>
<post_time>0024</post_time>
<username></username>
<post>
Steroids May Be Behind Aggressive Behavior of Police © REUTERS/ Mike Stone 0 40 1 0 Side-effects associated with police steroid use and abuse have become a dangerous element in the ongoing debate regarding overly violent behavior and the militarized law-enforcement culture of the United States. 
In 2004, the Drug Enforcement Administration (DEA) listed the many side-effects of steroid use, including mood swings, impaired judgment, depression, increased aggression, extreme irritability, hostility, and delusional behavior. 
Endemic steroid abuse could go a long way to explaining the aggressive and violent behavior used by American police, especially in situations that could easily have been safely de-escalated, according to the Free Thought Project . As with methamphetamine abuse, steroids bring a sense of invincibility, making the user feel indestructible. According to the DEA, “The idea of enhanced physical strength and endurance provides one with ‘the invincible mentality’ when performing law enforcement duties.” 
Many examples of police brutality represent a trend in overt law-enforcement violence that could be the result of steroid abuse. 
There currently is no policy to regulate the use of steroids by active-duty weapon-carrying law-enforcement employees. Some police unions claim that drug tests, similar to those administered every day to suspects, violate their civil rights. A deeper reason why some refuse to be tested is that they are involved in selling, and using, steroids. © REUTERS/ Jacky Naegelen US Police Violence Against Blacks a Wake-Up Call for Washington - Lavrov Steven Santucci, a former police sergeant, got his department’s attention after he routinely took $30,000-$100,000 vacations, all on an annual salary of some $80,000, before deductions. In April 2015 Santucci was arrested for running an anabolic steroid manufacturing and distribution network. He received a delay in sentencing twice, first to complete training to become an electrician, and second, due to “some scheduling conflicts,” according to attorney Dan LaBelle. On August 25 Santucci was finally sentenced to a mere 16 months in prison, along with two years of supervised release.
The disgraced cop sold enormous quantities of steroids to police officers, who used and further distributed his illicit product. 
Santucci, however, may be the tip of the iceberg in the United States. Steroid use is a popular tactic for police officers and an epidemic, which until recently has been quietly shoved under the rug, is now revealed as the cause of much unnecessary violence and is shown to be a danger to the public. ...
</post>
<signature>

</signature>
<external_links>

</external_links>
<country>RU</country>
<main_image>https://cdn5.img.sputniknews.com/images/102168/54/1021685426.jpg</main_image>
</document>
