<?xml version="1.0" encoding="UTF-8"?>
<document>
<type>mainstream</type>
<forum>http://www.sputniknews.com/export/rss2/archive/index.xml</forum>
<forum_title>Sputnik International</forum_title>
<discussion_title>Non! UK Blasts French Calais &apos;Jungle&apos; Demands</discussion_title>
<language>english</language>
<gmt_offset></gmt_offset>
<topic_url>http://sputniknews.com/europe/20160830/1044786009/uk-france-brexit-calais.html</topic_url>
<topic_text>
Non! UK Blasts French Calais &apos;Jungle&apos; Demands © REUTERS/ Pascal Rossignol 1 437 7 1 UK Home Secretary Amber Rudd, has rejected French demands to move the Calais migrant &quot;Jungle&quot; camp to England. It comes as senior French politicians, led by former president Nicolas Sarkozy, have called for the current UK-France border check deal to be scrapped. 
In a meeting with her French counterpart Bernard Cazeneuve on Tuesday (August 30), British Home Secretary Amber Rudd was confronted with increasing pressure over the current border arrangement between the UK and France. Avec Amber Rudd, Ministre de l&apos;Intérieur du Royaume-Uni.Retrouvez notre déclaration commune: https://t.co/kiSrg1xYIy pic.twitter.com/9ClqneGCfU — Bernard Cazeneuve (@BCazeneuve) August 30, 2016 ​ 
At stake is the Le Touquet deal: a controversial bilateral arrangement signed in 2003, which allows UK and French border officials to conduct border checks in France, rather than in the UK. The result is that the backlog of rejected immigrants build up on French soil, rather than within England. 
It&apos;s led to the creation, and expansion, of what has been named the Calais &quot;Jungle&quot; — a sprawling temporary settlement of 9,000 immigrants and refugees, suffering from unsanitary conditions and violent crime. Italy &quot;rescues&quot; them.They travel to #Calais unhindered &amp; unregistered.Then Sarkozy says they are UK&apos;s problem? https://t.co/VZLHUpWsjh — UK Rants (@uk_rants) 29 August 2016 ​ 
It&apos;s a situation that is becoming increasingly intolerable for the residents of the French port city. 
Two key votes have intensified this row. 
Brexit and Borders 
The Brexit vote, when on June 23, the UK voted to leave the EU in a decision that sent shock waves around the continent. Less than 12 hours after the result, the mayor of Calais urged that the Le Touquet deal be scrapped. 
Natacha Bouchart said that Britain must &quot;take the consequences&quot; of its vote. She added that in separating from the EU, Britain must itself take care of the issue of hopeful refugees aspiring to settle in Britain — on its side of the Channel. 
&quot;The British people have chosen to take back their freedom, they must take back their borders,&quot; she said. 
The British Home Office has dismissed such demands as &quot;a non-starter&quot;. © AFP 2016/ PHILIPPE HUGUEN Migrants stand next a fire burning shacks, in the southern part of the so-called &quot;Jungle&quot; migrant camp, as half of the camp is being dismantled, in the French northern port city of Calais, on March 1, 2016. 
However, the next vote, which will undoubtedly have a huge impact on the border row is still to come. 
In April and May next year, the French will elect their next President . 
Already, candidates vying for their parties nomination are in campaign mode. The former French president, Nicolas Sarkozy , has been particularity aggressive in his rhetoric. © REUTERS/ Philippe Laurenson Nicolas Sarkozy, former head of the Les Republicains political party and a former French president, attends his first political rally since declaring his intention to run in 2017 for president, in Chateaurenard, France, August 25, 2016. 
Speaking to frustrated and resentful northern French voters, he promised to push for the migrants to be re-settled in England. 
&quot;I&apos;m asking for the opening of a center in England to process asylum requests for all those who are in Calais, so that the English do the work that concerns them,&quot; Mr Sarkozy said. &quot;The &apos;Jungle&apos; should not be in Calais… Those who are here in Calais and who want to cross to England should be processed in England by the English,&quot; he added. 
In Home Secretary Amber Rudd&apos;s first official engagement overseas, she has sought to reassure the British public that the French threats will not be enacted. 
A Home Office source said: &quot;This is a complete non-starter. The Home Secretary is crystal clear that people in need of protection should seek asylum in the first safe country they enter. That&apos;s the long-held norm, and we are going to stick to it.&quot; 
Current rules, known as the Dublin Regulation , mandate that refugees must register in the first European country they reach. However, as this year&apos;s migrant crisis has starkly revealed, this often does not happen. Many migrants and refugees continue until they reach a particular destination. © REUTERS/ Pascal Rossignol A migrant hits a former shelter with a stick in a dismantled area of the camp known as the &quot;Jungle&quot;, a squalid sprawling camp in Calais, northern France, January 17, 2016. 
The Brexit vote, which reignited the Le Touquet controversy earlier this year, was widely considered to have been won on the basis of an outpouring of anti-immigration rhetoric within the UK. 
The Vote Leave campaign widely touted the slogan &quot;Vote Leave, Take Back Control!&quot; It&apos;s perhaps unsurprising that French politicians have seized the initiative to tell the UK, that they too want to take back control over their own border. ...
</topic_text>
<spam_score>0.00</spam_score>
<post_num>1</post_num>
<post_id>post-1</post_id>
<post_url>http://sputniknews.com/europe/20160830/1044786009/uk-france-brexit-calais.html</post_url>
<post_date>20160830</post_date>
<post_time>1604</post_time>
<username></username>
<post>
Non! UK Blasts French Calais &apos;Jungle&apos; Demands © REUTERS/ Pascal Rossignol 1 437 7 1 UK Home Secretary Amber Rudd, has rejected French demands to move the Calais migrant &quot;Jungle&quot; camp to England. It comes as senior French politicians, led by former president Nicolas Sarkozy, have called for the current UK-France border check deal to be scrapped. 
In a meeting with her French counterpart Bernard Cazeneuve on Tuesday (August 30), British Home Secretary Amber Rudd was confronted with increasing pressure over the current border arrangement between the UK and France. Avec Amber Rudd, Ministre de l&apos;Intérieur du Royaume-Uni.Retrouvez notre déclaration commune: https://t.co/kiSrg1xYIy pic.twitter.com/9ClqneGCfU — Bernard Cazeneuve (@BCazeneuve) August 30, 2016 ​ 
At stake is the Le Touquet deal: a controversial bilateral arrangement signed in 2003, which allows UK and French border officials to conduct border checks in France, rather than in the UK. The result is that the backlog of rejected immigrants build up on French soil, rather than within England. 
It&apos;s led to the creation, and expansion, of what has been named the Calais &quot;Jungle&quot; — a sprawling temporary settlement of 9,000 immigrants and refugees, suffering from unsanitary conditions and violent crime. Italy &quot;rescues&quot; them.They travel to #Calais unhindered &amp; unregistered.Then Sarkozy says they are UK&apos;s problem? https://t.co/VZLHUpWsjh — UK Rants (@uk_rants) 29 August 2016 ​ 
It&apos;s a situation that is becoming increasingly intolerable for the residents of the French port city. 
Two key votes have intensified this row. 
Brexit and Borders 
The Brexit vote, when on June 23, the UK voted to leave the EU in a decision that sent shock waves around the continent. Less than 12 hours after the result, the mayor of Calais urged that the Le Touquet deal be scrapped. 
Natacha Bouchart said that Britain must &quot;take the consequences&quot; of its vote. She added that in separating from the EU, Britain must itself take care of the issue of hopeful refugees aspiring to settle in Britain — on its side of the Channel. 
&quot;The British people have chosen to take back their freedom, they must take back their borders,&quot; she said. 
The British Home Office has dismissed such demands as &quot;a non-starter&quot;. © AFP 2016/ PHILIPPE HUGUEN Migrants stand next a fire burning shacks, in the southern part of the so-called &quot;Jungle&quot; migrant camp, as half of the camp is being dismantled, in the French northern port city of Calais, on March 1, 2016. 
However, the next vote, which will undoubtedly have a huge impact on the border row is still to come. 
In April and May next year, the French will elect their next President . 
Already, candidates vying for their parties nomination are in campaign mode. The former French president, Nicolas Sarkozy , has been particularity aggressive in his rhetoric. © REUTERS/ Philippe Laurenson Nicolas Sarkozy, former head of the Les Republicains political party and a former French president, attends his first political rally since declaring his intention to run in 2017 for president, in Chateaurenard, France, August 25, 2016. 
Speaking to frustrated and resentful northern French voters, he promised to push for the migrants to be re-settled in England. 
&quot;I&apos;m asking for the opening of a center in England to process asylum requests for all those who are in Calais, so that the English do the work that concerns them,&quot; Mr Sarkozy said. &quot;The &apos;Jungle&apos; should not be in Calais… Those who are here in Calais and who want to cross to England should be processed in England by the English,&quot; he added. 
In Home Secretary Amber Rudd&apos;s first official engagement overseas, she has sought to reassure the British public that the French threats will not be enacted. 
A Home Office source said: &quot;This is a complete non-starter. The Home Secretary is crystal clear that people in need of protection should seek asylum in the first safe country they enter. That&apos;s the long-held norm, and we are going to stick to it.&quot; 
Current rules, known as the Dublin Regulation , mandate that refugees must register in the first European country they reach. However, as this year&apos;s migrant crisis has starkly revealed, this often does not happen. Many migrants and refugees continue until they reach a particular destination. © REUTERS/ Pascal Rossignol A migrant hits a former shelter with a stick in a dismantled area of the camp known as the &quot;Jungle&quot;, a squalid sprawling camp in Calais, northern France, January 17, 2016. 
The Brexit vote, which reignited the Le Touquet controversy earlier this year, was widely considered to have been won on the basis of an outpouring of anti-immigration rhetoric within the UK. 
The Vote Leave campaign widely touted the slogan &quot;Vote Leave, Take Back Control!&quot; It&apos;s perhaps unsurprising that French politicians have seized the initiative to tell the UK, that they too want to take back control over their own border. ...
</post>
<signature>

</signature>
<external_links>

</external_links>
<country>RU</country>
<main_image>https://cdn1.img.sputniknews.com/images/102534/07/1025340767.jpg</main_image>
</document>
