<?xml version="1.0" encoding="UTF-8"?>
<document>
<type>mainstream</type>
<forum>http://www.okezone.com/feed</forum>
<forum_title>Sindikasi welcomepage.okezone.com</forum_title>
<discussion_title>Banjir, Pengamat: Pemerintah Belum Mampu Menata Ruang Jakarta</discussion_title>
<language>indonesian</language>
<gmt_offset></gmt_offset>
<topic_url>http://news.okezone.com/read/2016/08/31/338/1477267/banjir-pengamat-pemerintah-belum-mampu-menata-ruang-jakarta</topic_url>
<topic_text>
Jakarta Diguyur Hujan, Jalan Patra Raya Digenangi Banjir 
Pengamat Perkotaan Yayat Supriatna mengatakan, ada kesalahan pemerintah dalam menata ruang yang ada di Jakarta. Pasalnya, penataan yang dilakukan pemerintah baru bersifat struktural. 
&quot;Jadi pendekatan yang dilakukan selama ini lebih condong pendekatan struktur, belum lakukan pendekatan non-struktur,&quot; ujar Yayat saat dihubungi, di Jakarta. 
&quot;Pemerintah belum mampu menata ruang Jakarta, yang non-struktural seperti apa? Pada pengendalian tata ruang, pemeliharaan drainase, penataan pemukiman belum digerakkan di Selatan,&quot; sambungnya. 
Yayat menilai, Pemerintah Kota (Pemkot) DKI Jakarta baru menyasar ke satu daerah saja. Sedangkan, daerah yang tidak memiliki ruang peresapan air yang baik tidak diperhatikan. 
&quot;Kemarin itu lebih banyak fokus di Ciliwung dan selalu fokus Ciliwung belum fokus ke kawasan yang selama ini mengalami perubahan pelanggaran tata ruang,&quot; ungkapnya. 
Padahal, kata Yayat, daerah Kemang telah mengalami perubahan peruntukkan. Di mana semula daerah tersebut yang sejatinya dijadikan untuk permukiman kini beralih menjadi kawasan komersial atau bisnis. 
&quot;Nah dari situ terjadi pelanggaran dalam konteks konstruksi dasar bangunan yang berubah, banyak resapan air yang hilang‎, kemudian banyak saluran drainase yang tertutup,&quot; tukasnya. (kha)
</topic_text>
<spam_score>0.00</spam_score>
<post_num>1</post_num>
<post_id>post-1</post_id>
<post_url>http://news.okezone.com/read/2016/08/31/338/1477267/banjir-pengamat-pemerintah-belum-mampu-menata-ruang-jakarta</post_url>
<post_date>20160831</post_date>
<post_time>0030</post_time>
<username></username>
<post>
Jakarta Diguyur Hujan, Jalan Patra Raya Digenangi Banjir 
Pengamat Perkotaan Yayat Supriatna mengatakan, ada kesalahan pemerintah dalam menata ruang yang ada di Jakarta. Pasalnya, penataan yang dilakukan pemerintah baru bersifat struktural. 
&quot;Jadi pendekatan yang dilakukan selama ini lebih condong pendekatan struktur, belum lakukan pendekatan non-struktur,&quot; ujar Yayat saat dihubungi, di Jakarta. 
&quot;Pemerintah belum mampu menata ruang Jakarta, yang non-struktural seperti apa? Pada pengendalian tata ruang, pemeliharaan drainase, penataan pemukiman belum digerakkan di Selatan,&quot; sambungnya. 
Yayat menilai, Pemerintah Kota (Pemkot) DKI Jakarta baru menyasar ke satu daerah saja. Sedangkan, daerah yang tidak memiliki ruang peresapan air yang baik tidak diperhatikan. 
&quot;Kemarin itu lebih banyak fokus di Ciliwung dan selalu fokus Ciliwung belum fokus ke kawasan yang selama ini mengalami perubahan pelanggaran tata ruang,&quot; ungkapnya. 
Padahal, kata Yayat, daerah Kemang telah mengalami perubahan peruntukkan. Di mana semula daerah tersebut yang sejatinya dijadikan untuk permukiman kini beralih menjadi kawasan komersial atau bisnis. 
&quot;Nah dari situ terjadi pelanggaran dalam konteks konstruksi dasar bangunan yang berubah, banyak resapan air yang hilang‎, kemudian banyak saluran drainase yang tertutup,&quot; tukasnya. (kha)
</post>
<signature>

</signature>
<external_links>

</external_links>
<country>ID</country>
<main_image>https://img.okezone.com/content/2016/08/31/338/1477267/banjir-pengamat-pemerintah-belum-mampu-menata-ruang-jakarta-B9uYEpWCY0.jpg</main_image>
</document>
