<?xml version="1.0" encoding="UTF-8"?>
<document>
<type>mainstream</type>
<forum>http://www.sputniknews.com/export/rss2/archive/index.xml</forum>
<forum_title>Sputnik International</forum_title>
<discussion_title>US Defense Giant General Dynamics to Sell More Bomb Components to Saudis</discussion_title>
<language>english</language>
<gmt_offset></gmt_offset>
<topic_url>http://sputniknews.com/military/20160831/1044796368/us-bomb-components-saudis.html</topic_url>
<topic_text>
US Defense Giant General Dynamics to Sell More Bomb Components to Saudis © Wikipedia/ 0 56 0 1 US aersopace contractor General Dynamics won a deal worth nearly $40 million to sell thousands of additional MK82 bomb parts to Saudi Arabia and three other countries, the Department of Defense said in a press release. 
WASHINGTON (Sputnik) — Earlier on Tuesday, a group of 60 US lawmakers called on President Barack Obama to postpone the sale of $1.15 billion worth of arms and ammunition to Saudi Arabia because of the impact Riyadh’s military campaign has had on civilians in Yemen. “General Dynamics Ordnance and Tactical Systems, Garland, Texas, was awarded a $39,258,206 modification to foreign military sales contract [for] Saudi Arabia, United Arab Emirates, France and Iraq… for MK82-1 bomb bodies (162); MK82-6 bomb bodies (7,245); and MK84-10 bomb bodies (9,664),” the release said on Tuesday. ...
</topic_text>
<spam_score>0.00</spam_score>
<post_num>1</post_num>
<post_id>post-1</post_id>
<post_url>http://sputniknews.com/military/20160831/1044796368/us-bomb-components-saudis.html</post_url>
<post_date>20160830</post_date>
<post_time>2226</post_time>
<username></username>
<post>
US Defense Giant General Dynamics to Sell More Bomb Components to Saudis © Wikipedia/ 0 56 0 1 US aersopace contractor General Dynamics won a deal worth nearly $40 million to sell thousands of additional MK82 bomb parts to Saudi Arabia and three other countries, the Department of Defense said in a press release. 
WASHINGTON (Sputnik) — Earlier on Tuesday, a group of 60 US lawmakers called on President Barack Obama to postpone the sale of $1.15 billion worth of arms and ammunition to Saudi Arabia because of the impact Riyadh’s military campaign has had on civilians in Yemen. “General Dynamics Ordnance and Tactical Systems, Garland, Texas, was awarded a $39,258,206 modification to foreign military sales contract [for] Saudi Arabia, United Arab Emirates, France and Iraq… for MK82-1 bomb bodies (162); MK82-6 bomb bodies (7,245); and MK84-10 bomb bodies (9,664),” the release said on Tuesday. ...
</post>
<signature>

</signature>
<external_links>

</external_links>
<country>RU</country>
<main_image>https://cdn1.img.sputniknews.com/images/104479/63/1044796357.jpg</main_image>
</document>
