<?xml version="1.0" encoding="UTF-8"?>
<document>
<type>mainstream</type>
<forum>http://noticias.entravision.com/midland-odessa/feed</forum>
<forum_title>Noticias Entravision</forum_title>
<discussion_title>Arrestan a Chris Brown por sospecha de ataque con arma</discussion_title>
<language>spanish</language>
<gmt_offset></gmt_offset>
<topic_url>http://noticias.entravision.com/2016/08/30/arrestan-a-chris-brown-por-sospecha-de-ataque-con-arma/</topic_url>
<topic_text>
Policía rodea casa de Chris Brown por llamada de mujer… 
Un portal de noticias de espectáculos anunció el arresto del cantante, quien había estado parapetado sin salir luego de que autoridades de Los Angeles estuvieran rodeando su casa en Tarzana desde la madrugada. 
La policía confirmó que una mujer, quien se presume es la reina de belleza Miss California Regional Baylee Curran , quien llamó a las autoridades poco después de las 3 de la madrugada para pedir ayuda. 
Presuntamente el cantante le había apuntado con un arma de fuego estando en su residencia. 
Poco antes de las 5:30 de la tarde se reportó el arresto del cantante y que además sería trasladado a la estación de policía para ser procesado 
¿Qué sientes? Comparte tu opinión Comentarios
</topic_text>
<spam_score>0.00</spam_score>
<post_num>1</post_num>
<post_id>post-1</post_id>
<post_url>http://noticias.entravision.com/2016/08/30/arrestan-a-chris-brown-por-sospecha-de-ataque-con-arma/</post_url>
<post_date>20160831</post_date>
<post_time>0032</post_time>
<username>saddamj</username>
<post>
Policía rodea casa de Chris Brown por llamada de mujer… 
Un portal de noticias de espectáculos anunció el arresto del cantante, quien había estado parapetado sin salir luego de que autoridades de Los Angeles estuvieran rodeando su casa en Tarzana desde la madrugada. 
La policía confirmó que una mujer, quien se presume es la reina de belleza Miss California Regional Baylee Curran , quien llamó a las autoridades poco después de las 3 de la madrugada para pedir ayuda. 
Presuntamente el cantante le había apuntado con un arma de fuego estando en su residencia. 
Poco antes de las 5:30 de la tarde se reportó el arresto del cantante y que además sería trasladado a la estación de policía para ser procesado 
¿Qué sientes? Comparte tu opinión Comentarios
</post>
<signature>

</signature>
<external_links>

</external_links>
<country>US</country>
<main_image>https://evcnoticias.files.wordpress.com/2016/08/chris-brown.jpg</main_image>
</document>
