<?xml version="1.0" encoding="UTF-8"?>
<document>
<type>mainstream</type>
<forum>http://www.nbcphiladelphia.com/news/local/?rss=y&amp;embedThumb=y&amp;summary=y</forum>
<forum_title>NBC 10 Philadelphia - Local News</forum_title>
<discussion_title>Driver Crashes into Homes, Cars in South Jersey</discussion_title>
<language>english</language>
<gmt_offset></gmt_offset>
<topic_url>http://www.nbcphiladelphia.com/video/#!/video/Driver-Crashes-into-Homes,-Cars-in-South-Jersey/391805271</topic_url>
<topic_text>
Close Embed this video &lt;script type=&quot;text/javascript&quot; charset=&quot;UTF-8&quot; src=&quot;http://www.nbcphiladelphia.com/portableplayer/?cmsID=391805271&amp;videoID=J70ErU7cn3ll&amp;origin=nbcphiladelphia.com&amp;sec=news&amp;subsec=local&amp;width=600&amp;height=360&quot;&gt;&lt;/script&gt; More videos (1 of 9) « » A car woke up several residents in South Jersey after its driver crashed into several houses and parked cars, leaving damage and debris all over the street. Police believe the driver was under the influence when the incident occured. Published 2 hours ago
</topic_text>
<spam_score>0.00</spam_score>
<post_num>1</post_num>
<post_id>post-1</post_id>
<post_url>http://www.nbcphiladelphia.com/video/#!/video/Driver-Crashes-into-Homes,-Cars-in-South-Jersey/391805271</post_url>
<post_date>20160830</post_date>
<post_time>2302</post_time>
<username></username>
<post>
Close Embed this video &lt;script type=&quot;text/javascript&quot; charset=&quot;UTF-8&quot; src=&quot;http://www.nbcphiladelphia.com/portableplayer/?cmsID=391805271&amp;videoID=J70ErU7cn3ll&amp;origin=nbcphiladelphia.com&amp;sec=news&amp;subsec=local&amp;width=600&amp;height=360&quot;&gt;&lt;/script&gt; More videos (1 of 9) « » A car woke up several residents in South Jersey after its driver crashed into several houses and parked cars, leaving damage and debris all over the street. Police believe the driver was under the influence when the incident occured. Published 2 hours ago
</post>
<signature>

</signature>
<external_links>

</external_links>
<country>US</country>
<main_image>http://media.nbcphiladelphia.com/images/1200*675/WCAU_000000016888985_1200x675_754635843684.jpg</main_image>
</document>
