<?xml version="1.0" encoding="UTF-8"?>
<document>
<type>mainstream</type>
<forum>http://www.sputniknews.com/export/rss2/archive/index.xml</forum>
<forum_title>Sputnik International</forum_title>
<discussion_title>US House Democrats Ask for FBI Probe Into Trump Connection to Cyberattacks</discussion_title>
<language>english</language>
<gmt_offset></gmt_offset>
<topic_url>http://sputniknews.com/us/20160831/1044795164/fbi-trump-dnc-cyberattacks.html</topic_url>
<topic_text>
US House Democrats Ask for FBI Probe Into Trump Connection to Cyberattacks © REUTERS/ Kacper Pempel/Files 1 159 0 4 Top US Democrats require a probe into alleged Trump`s ties to Russian officials and cyberattacks at DNC or DCCC. 
WASHINGTON (Sputnik) — The FBI should look at whether Republican presidential nominee Donald Trump and his alleged ties to Russian officials contributed to cyberattacks at the Democratic National Committee (DNC) or the Democratic Congressional Campaign Committee (DCCC), a letter from four top Democrats in the US House of Representatives said on Tuesday. © Photo: Pixabay Alleged Russia-Linked Hackers Targeted Washington Think Tanks &quot;We are writing to request that the FBI assess whether connections between Trump campaign officials and Russian interests may have contributed to these attacks in order to interfere with the US presidential election, the letter from Congressman Elijah Cummings, John Conyers, Elliot Engel and Bennie Thompson stated. 
The letter tells FBI Director James Comey that the American people need to know if any actions taken by Trump on behalf of Russian interests were related to the attacks against the Democratic Party&apos;s groups. 
The letter cited numerous press reports about individuals with ties to Trump&apos;s campaign that allegedly have ties to Russia. © AP Photo/ Susan Walsh Obama Must Weigh Deterrence Over Legacy in Cyber Talks with Russia, China &quot;We do not know if Donald Trump&apos;s public statements or the connections of his campaign officials to Russian interests directly or indirectly led to the cyberattacks against Democratic party organizations,&quot; the letter acknowledged. 
However, the lawmakers also noted that there is widespread agreement the United States should take &quot;all steps possible to prevent Russia from interfering in our electoral process and prosecute to the fullest extent of the law anyone involved in such a scheme.&quot; 
The Kremlin has said repeatedly, and as recently as earlier on Tuesday, that statements accusing Russia of involvement in any cyberattacks on the US election system or the Democratic Party are groundless, based on nothing and totally unfounded. ...
</topic_text>
<spam_score>0.00</spam_score>
<post_num>1</post_num>
<post_id>post-1</post_id>
<post_url>http://sputniknews.com/us/20160831/1044795164/fbi-trump-dnc-cyberattacks.html</post_url>
<post_date>20160830</post_date>
<post_time>2154</post_time>
<username></username>
<post>
US House Democrats Ask for FBI Probe Into Trump Connection to Cyberattacks © REUTERS/ Kacper Pempel/Files 1 159 0 4 Top US Democrats require a probe into alleged Trump`s ties to Russian officials and cyberattacks at DNC or DCCC. 
WASHINGTON (Sputnik) — The FBI should look at whether Republican presidential nominee Donald Trump and his alleged ties to Russian officials contributed to cyberattacks at the Democratic National Committee (DNC) or the Democratic Congressional Campaign Committee (DCCC), a letter from four top Democrats in the US House of Representatives said on Tuesday. © Photo: Pixabay Alleged Russia-Linked Hackers Targeted Washington Think Tanks &quot;We are writing to request that the FBI assess whether connections between Trump campaign officials and Russian interests may have contributed to these attacks in order to interfere with the US presidential election, the letter from Congressman Elijah Cummings, John Conyers, Elliot Engel and Bennie Thompson stated. 
The letter tells FBI Director James Comey that the American people need to know if any actions taken by Trump on behalf of Russian interests were related to the attacks against the Democratic Party&apos;s groups. 
The letter cited numerous press reports about individuals with ties to Trump&apos;s campaign that allegedly have ties to Russia. © AP Photo/ Susan Walsh Obama Must Weigh Deterrence Over Legacy in Cyber Talks with Russia, China &quot;We do not know if Donald Trump&apos;s public statements or the connections of his campaign officials to Russian interests directly or indirectly led to the cyberattacks against Democratic party organizations,&quot; the letter acknowledged. 
However, the lawmakers also noted that there is widespread agreement the United States should take &quot;all steps possible to prevent Russia from interfering in our electoral process and prosecute to the fullest extent of the law anyone involved in such a scheme.&quot; 
The Kremlin has said repeatedly, and as recently as earlier on Tuesday, that statements accusing Russia of involvement in any cyberattacks on the US election system or the Democratic Party are groundless, based on nothing and totally unfounded. ...
</post>
<signature>

</signature>
<external_links>

</external_links>
<country>RU</country>
<main_image>https://cdn4.img.sputniknews.com/images/101699/81/1016998120.jpg</main_image>
</document>
