<?xml version="1.0" encoding="UTF-8"?>
<document>
<type>mainstream</type>
<forum>http://feeds.feedblitz.com/previouslytv</forum>
<forum_title>Previously.TV</forum_title>
<discussion_title>Watch A Teaser For The First VH1 Cycle Of America&apos;s Next Top Model :: This is the first cycle to air directly on VH1, and the first cycle without the legendary Tyra Banks. [America&apos;s Next Top Model]</discussion_title>
<language>english</language>
<gmt_offset></gmt_offset>
<topic_url>http://previously.tv/americas-next-top-model/watch-a-teaser-for-the-next-cycle-of-americas-next-top-model/</topic_url>
<topic_text>
News Watch A Teaser For The First VH1 Cycle Of America&apos;s Next Top Model This is the first cycle to air directly on VH1, and the first cycle without the legendary Tyra Banks. 0 
Last night, viewers of the MTV Video Music Awards got their first sneak peek at what&apos;s to come for America&apos;s Next Top Model -- and while the teaser didn&apos;t reveal too much, it did show that the upcoming cycle will once again be focused around just the ladies. Rita Ora will be taking over Tyra&apos;s prior role as host when the new cycle airs this December.
</topic_text>
<spam_score>0.00</spam_score>
<post_num>1</post_num>
<post_id>post-1</post_id>
<post_url>http://previously.tv/americas-next-top-model/watch-a-teaser-for-the-next-cycle-of-americas-next-top-model/</post_url>
<post_date>20160829</post_date>
<post_time>1415</post_time>
<username>Karen Belz</username>
<post>
News Watch A Teaser For The First VH1 Cycle Of America&apos;s Next Top Model This is the first cycle to air directly on VH1, and the first cycle without the legendary Tyra Banks. 0 
Last night, viewers of the MTV Video Music Awards got their first sneak peek at what&apos;s to come for America&apos;s Next Top Model -- and while the teaser didn&apos;t reveal too much, it did show that the upcoming cycle will once again be focused around just the ladies. Rita Ora will be taking over Tyra&apos;s prior role as host when the new cycle airs this December.
</post>
<signature>

</signature>
<external_links>

</external_links>
<country>US</country>
<main_image>http://previously.tv/m/2016-08-29-antm.jpg</main_image>
</document>
