<?xml version="1.0" encoding="UTF-8"?>
<document>
<type>mainstream</type>
<forum>http://www.onenewspage.com/rss/latest/Front+Page.rss</forum>
<forum_title>Latest Front Page News on One News Page</forum_title>
<discussion_title>Trans-Pacific Partnership: Trade agreements can be good; this one is not</discussion_title>
<language>english</language>
<gmt_offset></gmt_offset>
<topic_url>http://www.onenewspage.com/n/Front+Page/759s63128/Trans-Pacific-Partnership-Trade-agreements-can-be-good.htm</topic_url>
<topic_text>
What Are Trump And Clinton Going To Kill If Either Wins? 00:46 Donald Trump and Hillary Clinton seem to agree on one thing, and that is that the Trans-Pacific Partnership will die if either one of them wins the position of president. And this is completely possible! Last year a “fast-track” trade promotion authority law was passed and combined with the... Recent related news President Obama plans to make a last-ditch push to get Congress to approve his signature Trans-Pacific Partnership (TPP) trade deal by urging senators to pass it... Raw Story
</topic_text>
<spam_score>0.00</spam_score>
<post_num>1</post_num>
<post_id>post-1</post_id>
<post_url>http://www.onenewspage.com/n/Front+Page/759s63128/Trans-Pacific-Partnership-Trade-agreements-can-be-good.htm</post_url>
<post_date>20160831</post_date>
<post_time>0011</post_time>
<username></username>
<post>
What Are Trump And Clinton Going To Kill If Either Wins? 00:46 Donald Trump and Hillary Clinton seem to agree on one thing, and that is that the Trans-Pacific Partnership will die if either one of them wins the position of president. And this is completely possible! Last year a “fast-track” trade promotion authority law was passed and combined with the... Recent related news President Obama plans to make a last-ditch push to get Congress to approve his signature Trans-Pacific Partnership (TPP) trade deal by urging senators to pass it... Raw Story
</post>
<signature>

</signature>
<external_links>

</external_links>
<country>US</country>
<main_image>http://cdn.newsserve.net/ONPglobe128.png</main_image>
</document>
