<?xml version="1.0" encoding="UTF-8"?>
<document>
<type>mainstream</type>
<forum>http://www.cbs8.com/category/48535/new-products-services</forum>
<forum_title>New Products &amp;amp; Services - CBS News 8 - San Diego, CA News Station - KFMB Channel 8</forum_title>
<discussion_title>Fusion Recovery Now a Certified Soberlink Provider</discussion_title>
<language>english</language>
<gmt_offset></gmt_offset>
<topic_url>http://www.cbs8.com/story/32894672/fusion-recovery-now-a-certified-soberlink-provider</topic_url>
<topic_text>
 Fusion Recovery
Fusion Recovery, Inc., a dedicated group of innovative clinicians providing outpatient substance abuse treatment in Silicon Valley, California, has become a certified Soberlink provider. Soberlink is a reliable and discreet portable breathalyzer. The device uploads the results of an individual&apos;s test and securely stores their data in the cloud. Individuals who are being treated at Fusion Recovery can use Soberlink to eliminate time-consuming and costly visits to the lab.
SAN JOSE, Calif. , Aug. 30, 2016 /PRNewswire/ -- Fusion Recovery, Inc., a dedicated group of innovative clinicians providing outpatient substance abuse treatment in Silicon Valley, California , has become a certified Soberlink provider. Soberlink is a reliable and discreet portable breathalyzer. The device uploads the results of an individual&apos;s test and securely stores their data in the cloud. Individuals who are being treated at Fusion Recovery can use Soberlink to eliminate time-consuming and costly visits to the lab.
Logo - http://photos.prnewswire.com/prnh/20160830/402709LOGO
&quot;Fusion Recovery is proud to offer evidence-based treatments and cutting-edge services like Soberlink to our clients. Soberlink is the latest addition to our continuing care services that will improve outcomes for individuals suffering from alcohol abuse and dependence,&quot; said Michael O&apos;Brien , Chief Operating Officer of Fusion Recovery.
Soberlink is easy to understand . It provides a user with real-time text message reminders and alerts. It also recognizes the features of a user&apos;s face, allows a user to customize their schedule for tests and can even detect tampering.
&quot;The Soberlink product offers us new and exciting ways to help problem drinkers stay sober. It will help many of our clients remain accountable, stay sober and build trust with their families and themselves,&quot; said Therese Frey , Chief Executive Officer of Fusion Recovery.
Soberlink entered the market in 2011 and has since become the most-adapted substance abuse testing device. Soberlink&apos;s passionate pursuit of helping individuals choose sobriety drove its R&amp;D team to develop SL1, the world&apos;s first smartphone-enabled Breathalyzer.
Soberlink is based in Huntington Beach, California . It remains at the forefront of innovation in the handheld mobile breath category of testing devices. The Soberlink system includes the patented Soberlink Cellular, Soberlink Bluetooth and Sober Sky Web Portal.
The team at Fusion Recovery chose to make Soberlink a part of their treatment offerings to clients because they are aware that each person has a different path to recovery. Soberlink is now integrated into the Fusion Recovery team&apos;s creation of a customized and effective treatment plan for each individual. Fusion Recovery provides outpatient and intensive outpatient treatment. Our team blends traditional recovery, modern medicine, holistic treatment, psychiatry, and evidence-based group and individual counseling techniques. We thoroughly assess each client and craft a unique plan based on that individual&apos;s goals and values. Our mission is to understand the reason a person is engaging in substance abuse. Our treatment focuses on helping each individual start to resolve their underlying issues and simultaneously start to adopt a healthy and sober lifestyle.
Related Images
image1.png
image2.png
Related Links
Fusion Recovery, Inc.
This content was issued through the press release distribution service at Newswire.com. For more info visit: http://www.newswire.com
 releases/fusion-recovery-now-a-certified-soberlink-provider-300320181.html
 
</topic_text>
<spam_score>0.00</spam_score>
<post_num>1</post_num>
<post_id>post-1</post_id>
<post_url>http://www.cbs8.com/story/32894672/fusion-recovery-now-a-certified-soberlink-provider</post_url>
<post_date>20160830</post_date>
<post_time></post_time>
<username>cbs8</username>
<post>
 Fusion Recovery
Fusion Recovery, Inc., a dedicated group of innovative clinicians providing outpatient substance abuse treatment in Silicon Valley, California, has become a certified Soberlink provider. Soberlink is a reliable and discreet portable breathalyzer. The device uploads the results of an individual&apos;s test and securely stores their data in the cloud. Individuals who are being treated at Fusion Recovery can use Soberlink to eliminate time-consuming and costly visits to the lab.
SAN JOSE, Calif. , Aug. 30, 2016 /PRNewswire/ -- Fusion Recovery, Inc., a dedicated group of innovative clinicians providing outpatient substance abuse treatment in Silicon Valley, California , has become a certified Soberlink provider. Soberlink is a reliable and discreet portable breathalyzer. The device uploads the results of an individual&apos;s test and securely stores their data in the cloud. Individuals who are being treated at Fusion Recovery can use Soberlink to eliminate time-consuming and costly visits to the lab.
Logo - http://photos.prnewswire.com/prnh/20160830/402709LOGO
&quot;Fusion Recovery is proud to offer evidence-based treatments and cutting-edge services like Soberlink to our clients. Soberlink is the latest addition to our continuing care services that will improve outcomes for individuals suffering from alcohol abuse and dependence,&quot; said Michael O&apos;Brien , Chief Operating Officer of Fusion Recovery.
Soberlink is easy to understand . It provides a user with real-time text message reminders and alerts. It also recognizes the features of a user&apos;s face, allows a user to customize their schedule for tests and can even detect tampering.
&quot;The Soberlink product offers us new and exciting ways to help problem drinkers stay sober. It will help many of our clients remain accountable, stay sober and build trust with their families and themselves,&quot; said Therese Frey , Chief Executive Officer of Fusion Recovery.
Soberlink entered the market in 2011 and has since become the most-adapted substance abuse testing device. Soberlink&apos;s passionate pursuit of helping individuals choose sobriety drove its R&amp;D team to develop SL1, the world&apos;s first smartphone-enabled Breathalyzer.
Soberlink is based in Huntington Beach, California . It remains at the forefront of innovation in the handheld mobile breath category of testing devices. The Soberlink system includes the patented Soberlink Cellular, Soberlink Bluetooth and Sober Sky Web Portal.
The team at Fusion Recovery chose to make Soberlink a part of their treatment offerings to clients because they are aware that each person has a different path to recovery. Soberlink is now integrated into the Fusion Recovery team&apos;s creation of a customized and effective treatment plan for each individual. Fusion Recovery provides outpatient and intensive outpatient treatment. Our team blends traditional recovery, modern medicine, holistic treatment, psychiatry, and evidence-based group and individual counseling techniques. We thoroughly assess each client and craft a unique plan based on that individual&apos;s goals and values. Our mission is to understand the reason a person is engaging in substance abuse. Our treatment focuses on helping each individual start to resolve their underlying issues and simultaneously start to adopt a healthy and sober lifestyle.
Related Images
image1.png
image2.png
Related Links
Fusion Recovery, Inc.
This content was issued through the press release distribution service at Newswire.com. For more info visit: http://www.newswire.com
 releases/fusion-recovery-now-a-certified-soberlink-provider-300320181.html
 
</post>
<signature>

</signature>
<external_links>
<external_link>http://photos.prnewswire.com/prnh/20160830/402709LOGO</external_link><external_link>https://www.newswire.com/files/ca/aa/386a57da76dd446e6b2f5092185f.png</external_link><external_link>http://www.xmlnews.org/ns/</external_link><external_link>https://www.soberlink.com/</external_link><external_link>http://rt.prnewswire.com/rt.gif?NewsItemId=NY79607&amp;Transmission_Id=201608301538PR_NEWS_USPR_____NY79607&amp;DateId=20160830</external_link><external_link>http://www.soberlink.com/</external_link><external_link>https://www.soberlink.com/mobile-alcohol-monitoring-breathalyzer/</external_link><external_link>http://www.prnewswire.com/news-releases/fusion-recovery-now-a-certified-soberlink-provider-300320181.html</external_link><external_link>https://www.fusionrecovery.com/</external_link><external_link>https://www.newswire.com/files/02/b5/e96db228e0904f51007f4c64e66b.png</external_link><external_link>http://www.newswire.com/</external_link>
</external_links>
<country>US</country>
<main_image></main_image>
</document>
