<?xml version="1.0" encoding="UTF-8"?>
<document>
<type>mainstream</type>
<forum>http://westminsterwindow.com/rss</forum>
<forum_title>Westminster Window - Latest Stories</forum_title>
<discussion_title>Council approves marijuana stores</discussion_title>
<language>english</language>
<gmt_offset></gmt_offset>
<topic_url>http://westminsterwindow.com/stories/Council-approves-marijuana-stores,234529</topic_url>
<topic_text>
Shops could bring city millions of dollars in needed tax revenue Posted Monday, August 29, 2016 4:49 pm 
Thornton’s ban on marijuana stores will come to an end after city council narrowly voted to allow retail pot shops into the city. The 5-4 vote came on Aug. 23 inside a packed Thornton City Hall, which was filled with residents who mostly disagreed with the decision. 
“I’m against this whole thing,” said Thornton resident Rick Zetterman, who was the first of more than 20 people to speak out and voice their opinion during the meeting’s public comment portion. “I’m just disappointed that the city has come to make this decision.” 
Residents listed a slew of reasons why allowing pot stores into the city is the wrong plan. Some raised claims that it would set poor examples for youth. Others said it could lead to a drop in home values near planned dispensaries. 
Councilmember Val Vigil strongly opposed the measure. He said he has heard the “horror stories” of high-school and middle-school students smoking and even dealing pot inside area schools. 
“I don’t blame the kids … I blame the parents,” Vigil said. 
At the time of the meeting, Vigil said he hadn’t received a single phone call or email from his constituents in Ward 2 who support the measure. 
Still, the potential boost to the town’s tax revenues that marijuana sales could provide was a strong selling point for those favoring the measure. Some residents and councilmembers argued that millions of tax dollars are being left on the table. 
“Ask the question, ‘Does it come down to money?’ Yes, part of it does come down to money,” said councilmember Joshua Zygielbaum, who voted in support of the measure and made the point that some services in the city were being constrained because of a lack of revenue. 
Zygielbaum specifically pointed to the city’s inability to fund incentive packages to attract businesses as well as the understaffing of police, and said that retail marijuana stores can help raise tax money for those purposes. He also worked to dismantle the idea that marijuana would suddenly be easily available to kids. 
“I as a parent teach my children right from wrong,” Zygielbaum said. “Personal responsibility is key.” 
Councilmember Jacque Phillips said many of her constituents in Ward 1 feel like the measure doesn’t go far enough. Many residents in her ward are disappointed that the city will only allow four dispensaries, she said, but added that this measure should be looked at as “a great compromise” for the people of Thornton. 
Phillips advocated for the approval of the measure and argued that the tax money could be used to help Thornton’s low-income students get scholarships. 
“Marijuana can help our kids,” Phillips said. “Yes, we’re doing this for the kids, because we care about the kids.” 
Thornton’s ban on marijuana stores will come to an end after the city council narrowly voted to allow retail pot shops into the city. The 5-4 vote came on Aug. 23 inside a packed Thornton City Hall, which was filled with residents who mostly disagreed with the decision. 
“I’m against this whole thing,” said Thornton resident Rick Zetterman, who was the first of more than 20 people to speak out and voice their opinion during the meeting’s public comment portion. “I’m just disappointed that the city has come to make this decision.” 
Residents listed a slew of reasons why allowing pot stores into the city is the wrong plan. Some raised claims that it would set poor examples for youth. Others said it could lead to a drop in home values near planned dispensaries. 
Councilmember Val Vigil strongly opposed the measure. He said he has heard the “horror stories” of high-school and middle-school students smoking and even dealing pot inside area schools. 
“I don’t blame the kids … I blame the parents,” Vigil said. 
At the time of the meeting, Vigil said he hadn’t received a single phone call or email from his constituents in Ward 2 who support the measure. 
Still, the potential boost to the town’s tax revenues that marijuana sales could provide was a strong selling point for those favoring the measure. Some residents and councilmembers argued that millions of tax dollars are being left on the table. 
“Ask the question, ‘Does it come down to money?’ Yes, part of it does come down to money,” said councilmember Joshua Zygielbaum, who voted in support of the measure and made the point that some services in the city were being constrained because of a lack of revenue. 
Zygielbaum specifically pointed to the city’s inability to fund incentive packages to attract businesses as well as the understaffing of police, and said that retail marijuana stores can help raise tax money for those purposes. He also worked to dismantle the idea that marijuana would suddenly be easily available to kids. 
“I as a parent teach my children right from wrong,” Zygielbaum said. “Personal responsibility is key.” 
Councilmember Jacque Phillips said many of her constituents in Ward 1 feel like the measure doesn’t go far enough. Many residents in her ward are disappointed that the city will only allow four dispensaries, she said, but added that this measure should be looked at as “a great compromise” for the people of Thornton. 
Phillips advocated for the approval of the measure and argued that the tax money could be used to help Thornton’s low-income students get scholarships. 
“Marijuana can help our kids,” Phillips said. “Yes, we’re doing this for the kids, because we care about the kids.” Keywords
</topic_text>
<spam_score>0.00</spam_score>
<post_num>1</post_num>
<post_id>post-1</post_id>
<post_url>http://westminsterwindow.com/stories/Council-approves-marijuana-stores,234529</post_url>
<post_date>20160830</post_date>
<post_time>2130</post_time>
<username></username>
<post>
Shops could bring city millions of dollars in needed tax revenue Posted Monday, August 29, 2016 4:49 pm 
Thornton’s ban on marijuana stores will come to an end after city council narrowly voted to allow retail pot shops into the city. The 5-4 vote came on Aug. 23 inside a packed Thornton City Hall, which was filled with residents who mostly disagreed with the decision. 
“I’m against this whole thing,” said Thornton resident Rick Zetterman, who was the first of more than 20 people to speak out and voice their opinion during the meeting’s public comment portion. “I’m just disappointed that the city has come to make this decision.” 
Residents listed a slew of reasons why allowing pot stores into the city is the wrong plan. Some raised claims that it would set poor examples for youth. Others said it could lead to a drop in home values near planned dispensaries. 
Councilmember Val Vigil strongly opposed the measure. He said he has heard the “horror stories” of high-school and middle-school students smoking and even dealing pot inside area schools. 
“I don’t blame the kids … I blame the parents,” Vigil said. 
At the time of the meeting, Vigil said he hadn’t received a single phone call or email from his constituents in Ward 2 who support the measure. 
Still, the potential boost to the town’s tax revenues that marijuana sales could provide was a strong selling point for those favoring the measure. Some residents and councilmembers argued that millions of tax dollars are being left on the table. 
“Ask the question, ‘Does it come down to money?’ Yes, part of it does come down to money,” said councilmember Joshua Zygielbaum, who voted in support of the measure and made the point that some services in the city were being constrained because of a lack of revenue. 
Zygielbaum specifically pointed to the city’s inability to fund incentive packages to attract businesses as well as the understaffing of police, and said that retail marijuana stores can help raise tax money for those purposes. He also worked to dismantle the idea that marijuana would suddenly be easily available to kids. 
“I as a parent teach my children right from wrong,” Zygielbaum said. “Personal responsibility is key.” 
Councilmember Jacque Phillips said many of her constituents in Ward 1 feel like the measure doesn’t go far enough. Many residents in her ward are disappointed that the city will only allow four dispensaries, she said, but added that this measure should be looked at as “a great compromise” for the people of Thornton. 
Phillips advocated for the approval of the measure and argued that the tax money could be used to help Thornton’s low-income students get scholarships. 
“Marijuana can help our kids,” Phillips said. “Yes, we’re doing this for the kids, because we care about the kids.” 
Thornton’s ban on marijuana stores will come to an end after the city council narrowly voted to allow retail pot shops into the city. The 5-4 vote came on Aug. 23 inside a packed Thornton City Hall, which was filled with residents who mostly disagreed with the decision. 
“I’m against this whole thing,” said Thornton resident Rick Zetterman, who was the first of more than 20 people to speak out and voice their opinion during the meeting’s public comment portion. “I’m just disappointed that the city has come to make this decision.” 
Residents listed a slew of reasons why allowing pot stores into the city is the wrong plan. Some raised claims that it would set poor examples for youth. Others said it could lead to a drop in home values near planned dispensaries. 
Councilmember Val Vigil strongly opposed the measure. He said he has heard the “horror stories” of high-school and middle-school students smoking and even dealing pot inside area schools. 
“I don’t blame the kids … I blame the parents,” Vigil said. 
At the time of the meeting, Vigil said he hadn’t received a single phone call or email from his constituents in Ward 2 who support the measure. 
Still, the potential boost to the town’s tax revenues that marijuana sales could provide was a strong selling point for those favoring the measure. Some residents and councilmembers argued that millions of tax dollars are being left on the table. 
“Ask the question, ‘Does it come down to money?’ Yes, part of it does come down to money,” said councilmember Joshua Zygielbaum, who voted in support of the measure and made the point that some services in the city were being constrained because of a lack of revenue. 
Zygielbaum specifically pointed to the city’s inability to fund incentive packages to attract businesses as well as the understaffing of police, and said that retail marijuana stores can help raise tax money for those purposes. He also worked to dismantle the idea that marijuana would suddenly be easily available to kids. 
“I as a parent teach my children right from wrong,” Zygielbaum said. “Personal responsibility is key.” 
Councilmember Jacque Phillips said many of her constituents in Ward 1 feel like the measure doesn’t go far enough. Many residents in her ward are disappointed that the city will only allow four dispensaries, she said, but added that this measure should be looked at as “a great compromise” for the people of Thornton. 
Phillips advocated for the approval of the measure and argued that the tax money could be used to help Thornton’s low-income students get scholarships. 
“Marijuana can help our kids,” Phillips said. “Yes, we’re doing this for the kids, because we care about the kids.” Keywords
</post>
<signature>

</signature>
<external_links>

</external_links>
<country>US</country>
<main_image>/images/nameplates/og/westminster_og.png </main_image>
</document>
