<?xml version="1.0" encoding="UTF-8"?>
<document>
<type>mainstream</type>
<forum>http://www.trading-house.net/rss/meldungen/</forum>
<forum_title>trading-house.net Nachrichtenfeed</forum_title>
<discussion_title>Obama sucht das Gespräch mit Erdogan</discussion_title>
<language>german</language>
<gmt_offset></gmt_offset>
<topic_url>http://www.trading-house.net/news/obama-sucht-das-gespraech-mit-erdogan-50947195</topic_url>
<topic_text>
31.08.2016 - 02:13 Uhr Obama sucht das Gespräch mit Erdogan washington, ankara. Vor Beginn des G-20-Gipfels wird US-Präsident Barack Obama am Sonntag im chinesischen Hangzhou den türkischen Präsidenten Recep Tayyip Erdogan treffen. Obama wird die Differenzen im Kampf gegen die Terrormiliz Islamischer Staat (IS) ansprechen, teilte US-Vizesicherheitsberater Ben Rhodes nach Angaben der US-Botschaft in Peking mit. Die türkische Armee war zuletzt über die Grenze nach Nordsyrien […]
</topic_text>
<spam_score>0.00</spam_score>
<post_num>1</post_num>
<post_id>post-1</post_id>
<post_url>http://www.trading-house.net/news/obama-sucht-das-gespraech-mit-erdogan-50947195</post_url>
<post_date>20160831</post_date>
<post_time>0013</post_time>
<username></username>
<post>
31.08.2016 - 02:13 Uhr Obama sucht das Gespräch mit Erdogan washington, ankara. Vor Beginn des G-20-Gipfels wird US-Präsident Barack Obama am Sonntag im chinesischen Hangzhou den türkischen Präsidenten Recep Tayyip Erdogan treffen. Obama wird die Differenzen im Kampf gegen die Terrormiliz Islamischer Staat (IS) ansprechen, teilte US-Vizesicherheitsberater Ben Rhodes nach Angaben der US-Botschaft in Peking mit. Die türkische Armee war zuletzt über die Grenze nach Nordsyrien […]
</post>
<signature>

</signature>
<external_links>

</external_links>
<country>DE</country>
<main_image></main_image>
</document>
