<?xml version="1.0" encoding="UTF-8"?>
<document>
<type>mainstream</type>
<forum>http://www.trading-house.net/rss/meldungen/</forum>
<forum_title>trading-house.net Nachrichtenfeed</forum_title>
<discussion_title>Parteichef Meuthen: AfD würde im Schweriner Landtag auch NPD unterstützen</discussion_title>
<language>german</language>
<gmt_offset></gmt_offset>
<topic_url>http://www.trading-house.net/news/parteichef-meuthen-afd-wuerde-im-schweriner-landtag-auch-npd-unterstuetzen-50947088</topic_url>
<topic_text>
31.08.2016 - 01:43 Uhr Parteichef Meuthen: AfD würde im Schweriner Landtag auch NPD unterstützen In Mecklenburg-Vorpommern wird an diesem Sonntag gewählt. Sollte die AfD in den Landtag einziehen, würde sie nach Angaben von Parteichef Meuthen auch für &quot;vernünftige Vorschläge&quot; der rechtsextremen NPD stimmen.
</topic_text>
<spam_score>0.00</spam_score>
<post_num>1</post_num>
<post_id>post-1</post_id>
<post_url>http://www.trading-house.net/news/parteichef-meuthen-afd-wuerde-im-schweriner-landtag-auch-npd-unterstuetzen-50947088</post_url>
<post_date>20160830</post_date>
<post_time>2343</post_time>
<username></username>
<post>
31.08.2016 - 01:43 Uhr Parteichef Meuthen: AfD würde im Schweriner Landtag auch NPD unterstützen In Mecklenburg-Vorpommern wird an diesem Sonntag gewählt. Sollte die AfD in den Landtag einziehen, würde sie nach Angaben von Parteichef Meuthen auch für &quot;vernünftige Vorschläge&quot; der rechtsextremen NPD stimmen.
</post>
<signature>

</signature>
<external_links>

</external_links>
<country>DE</country>
<main_image></main_image>
</document>
