<?xml version="1.0" encoding="UTF-8"?>
<document>
<type>mainstream</type>
<forum>http://www.sputniknews.com/export/rss2/archive/index.xml</forum>
<forum_title>Sputnik International</forum_title>
<discussion_title>US Lifts Sanctions on Lebanese Company for Sending Cash from Russia to Syria</discussion_title>
<language>english</language>
<gmt_offset></gmt_offset>
<topic_url>http://sputniknews.com/world/20160830/1044782608/us-sanctions-lebanese-company.html</topic_url>
<topic_text>
0 155 1 0 According to the Office of Foreign Assets Control, US Department of the Treasury has lifted sanctions against Jad Dagher, general manager of DK Group, a Beirut-based company that was alleged to have sent Syrian banknotes from Russia to the Central Bank of Syria. © REUTERS/ Mike Segar US House Democrats Stress Unity on Anti-Russian Sanctions During Italy Trip - Congressman WASHINGTON (Sputnik) – The US Department of the Treasury has lifted sanctions against Jad Dagher, general manager of DK Group, a Beirut-based company that was alleged to have sent Syrian banknotes from Russia to the Central Bank of Syria, the Office of Foreign Assets Control (OFAC) said in a statement on Tuesday.
&quot;The following [SYRIA] entities have been removed: DAGHER, Jad…DK Group,&quot; the OFAC document stated. ...
</topic_text>
<spam_score>0.00</spam_score>
<post_num>1</post_num>
<post_id>post-1</post_id>
<post_url>http://sputniknews.com/world/20160830/1044782608/us-sanctions-lebanese-company.html</post_url>
<post_date>20160830</post_date>
<post_time>1446</post_time>
<username></username>
<post>
0 155 1 0 According to the Office of Foreign Assets Control, US Department of the Treasury has lifted sanctions against Jad Dagher, general manager of DK Group, a Beirut-based company that was alleged to have sent Syrian banknotes from Russia to the Central Bank of Syria. © REUTERS/ Mike Segar US House Democrats Stress Unity on Anti-Russian Sanctions During Italy Trip - Congressman WASHINGTON (Sputnik) – The US Department of the Treasury has lifted sanctions against Jad Dagher, general manager of DK Group, a Beirut-based company that was alleged to have sent Syrian banknotes from Russia to the Central Bank of Syria, the Office of Foreign Assets Control (OFAC) said in a statement on Tuesday.
&quot;The following [SYRIA] entities have been removed: DAGHER, Jad…DK Group,&quot; the OFAC document stated. ...
</post>
<signature>

</signature>
<external_links>

</external_links>
<country>RU</country>
<main_image>https://cdn3.img.sputniknews.com/images/103976/91/1039769159.jpg</main_image>
</document>
