<?xml version="1.0" encoding="UTF-8"?>
<document>
<type>mainstream</type>
<forum></forum>
<forum_title></forum_title>
<discussion_title>Cremaron restos de Juan Gabriel en California – Hoy en Noticias</discussion_title>
<language>spanish</language>
<gmt_offset></gmt_offset>
<topic_url>http://hoyennoticias.com.ve/cremaron-restos-de-juan-gabriel-en-california/</topic_url>
<topic_text>
Prensa Hoy en Noticias 0 Comentarios 
Este lunes por la noche, los restos del cantautor mexicano Juan Gabriel fueron incinerados en Anaheim, California, informó el periodista Joaquín López Dóriga. 
De acuerdo con la periodista Mara Patricia Castañeda, los restos del “Divo de Juárez” fueron cremados a las 20:45 h, destacando que el destino al que serán enviadas sus cenizas aún es desconocido. 
Por su parte, Silvia Urquidi, representante del compositor mexicano, reveló que los restos de Juan Gabriel ya no se encuentran en Los Ángeles, y que el deseo de su familia es el de estar a solas con el cantante. 
“La familia quiere estar a solas con él, ellos son los que van a tomar la decisión”, afirmó, en entrevista con Adela Micha. 
Asimismo, la representante se refirió al hecho de que Ciudad Juárez, Parácuaro, Morelia y la Ciudad de México “ya se lo están peleando”, pues todas quieren rendirle un homenaje, pero recordó que Juan Gabriel “siempre dijo que cuando se muriera no quería que su funeral fuera un circo”. 
Finalmente, afirmó que los familiares del cantante no han “digerido” su muerte, ya que “hay que recordar que antes de ser un ídolo, era una persona con hijos y familia”. 
PANORAMA 
</topic_text>
<spam_score>0.19</spam_score>
<post_num>1</post_num>
<post_id>post-1</post_id>
<post_url>http://hoyennoticias.com.ve/cremaron-restos-de-juan-gabriel-en-california/</post_url>
<post_date>20160831</post_date>
<post_time></post_time>
<username>Prensa Hoy En Noticias</username>
<post>
Prensa Hoy en Noticias 0 Comentarios 
Este lunes por la noche, los restos del cantautor mexicano Juan Gabriel fueron incinerados en Anaheim, California, informó el periodista Joaquín López Dóriga. 
De acuerdo con la periodista Mara Patricia Castañeda, los restos del “Divo de Juárez” fueron cremados a las 20:45 h, destacando que el destino al que serán enviadas sus cenizas aún es desconocido. 
Por su parte, Silvia Urquidi, representante del compositor mexicano, reveló que los restos de Juan Gabriel ya no se encuentran en Los Ángeles, y que el deseo de su familia es el de estar a solas con el cantante. 
“La familia quiere estar a solas con él, ellos son los que van a tomar la decisión”, afirmó, en entrevista con Adela Micha. 
Asimismo, la representante se refirió al hecho de que Ciudad Juárez, Parácuaro, Morelia y la Ciudad de México “ya se lo están peleando”, pues todas quieren rendirle un homenaje, pero recordó que Juan Gabriel “siempre dijo que cuando se muriera no quería que su funeral fuera un circo”. 
Finalmente, afirmó que los familiares del cantante no han “digerido” su muerte, ya que “hay que recordar que antes de ser un ídolo, era una persona con hijos y familia”. 
PANORAMA 
</post>
<signature>

</signature>
<external_links>

</external_links>
<country>US</country>
<main_image>http://hoyennoticias.com.ve/wp-content/uploads/2016/08/juan_gabriel_portada_487597456.jpg_608575033-150x150.jpg</main_image>
</document>
