<?xml version="1.0" encoding="UTF-8"?>
<document>
<type>mainstream</type>
<forum>http://rssfeeds.wfmynews2.com/_/20/109831612/wfmynews2-local</forum>
<forum_title>WFMY -Local</forum_title>
<discussion_title>Landlord Must After Renter&apos;s Arrest</discussion_title>
<language>english</language>
<gmt_offset></gmt_offset>
<topic_url>http://rssfeeds.wfmynews2.com/_/20/109831612/http&amp;#x3a;&amp;#x2f;&amp;#x2f;www&amp;#x2e;wfmynews2&amp;#x2e;com&amp;#x2f;news&amp;#x2f;local&amp;#x2f;landlord-must-evict-renters-after-large-marijuana-bust&amp;#x2f;311449350</topic_url>
<topic_text>
Landlord Must Evict Renters After Large Marijuana Bust Hope Ford, WFMY 7:08   510 pounds of marijuana found in Lexington house. CONNECT   
LEXINGTON, NC - So, you’re a landlord with a wonderful tenant who always pays their rent on time and keeps the property clean. But, what happens when the police call you to say they found over $800,000 worth of marijuana growing in the attic and your tenants were arrested for a drug operation? 
Think you can just collect your keys and change the locks and rent the property all over again? Nope. North Carolina law says you have to legally evict the tenants. 
It’s what a homeowner in the Indian Wells Circle neighborhood in Lexington is dealing with, after a massive marijuana operation was discovered inside the house. Renters, Hong Nguyen and Haih Nguyen (not related) were arrested Monday night, after 17 large trash bags (510 pounds of pot) were found inside the house. 
Even though the two were arrested and charged, NC law requires the homeowner to file for eviction in order to get their property back. In fact, criminal defense attorney, James Borden said there isn’t any circumstance where a landlord can just change the locks and terminate the tenancy. 
Borden said, “You still have to jump through these hoops. The law requires you to go through all these steps to get a legal rid of possession from the property.” 
It means filing for eviction, waiting for the sheriff to serve the papers (even though the renters are in jail) wait for a judgment and then wait ten days for the appeal process before the landlord can have the property back. 
Luckily, the landlord wouldn’t have to wait until a criminal trial to take action. Under NC law, a landlord can file for an expedited eviction for criminal activity and can get rid of anyone suspected of a criminal act in the property. 
“You can eject everyone from the house, whether or not they were involved with the drugs. There is a way for an innocent bystander to try to assert the fact that they had no involvement with it, but generally everyone is told to leave the property,” said Borden. 
Davidson County Sheriff David Grice said in the case of the drug bust in Lexington, the homeowner was unaware and not connected to the drug operation happening in his home. Hong and Haih rented the house, located not far from the Sapona Golf Course, for three years. It case anyone was wondering, the landlord has to give notice before going into the property they are renting out, even if suspected criminal acts are happening inside. 
“Part of the law says you can’t just barge in,” said Borden. “And it’s kind of dangerous to just kick in the door of someone running a drug operation in your house.” 
The house, is estimated to have over $100,000 in modifications to support the marijuana growing operation. Borden said there’s one word that sums up what a landlord could do in this situation. Sue. 
“It’s the only thing anyone can ever really do is sue somebody, get a judgment and hope to collect on it later on.” 
Borden, who works on many cases involving landlord/tenant disputes said it’s not a money making opportunity, as it could take months or even years to get the money to pay for damages. 
Copyright 2016 WFMY
</topic_text>
<spam_score>0.00</spam_score>
<post_num>1</post_num>
<post_id>post-1</post_id>
<post_url>http://rssfeeds.wfmynews2.com/_/20/109831612/http&amp;#x3a;&amp;#x2f;&amp;#x2f;www&amp;#x2e;wfmynews2&amp;#x2e;com&amp;#x2f;news&amp;#x2f;local&amp;#x2f;landlord-must-evict-renters-after-large-marijuana-bust&amp;#x2f;311449350</post_url>
<post_date>20160831</post_date>
<post_time>0008</post_time>
<username>Hope Ford</username>
<post>
Landlord Must Evict Renters After Large Marijuana Bust Hope Ford, WFMY 7:08   510 pounds of marijuana found in Lexington house. CONNECT   
LEXINGTON, NC - So, you’re a landlord with a wonderful tenant who always pays their rent on time and keeps the property clean. But, what happens when the police call you to say they found over $800,000 worth of marijuana growing in the attic and your tenants were arrested for a drug operation? 
Think you can just collect your keys and change the locks and rent the property all over again? Nope. North Carolina law says you have to legally evict the tenants. 
It’s what a homeowner in the Indian Wells Circle neighborhood in Lexington is dealing with, after a massive marijuana operation was discovered inside the house. Renters, Hong Nguyen and Haih Nguyen (not related) were arrested Monday night, after 17 large trash bags (510 pounds of pot) were found inside the house. 
Even though the two were arrested and charged, NC law requires the homeowner to file for eviction in order to get their property back. In fact, criminal defense attorney, James Borden said there isn’t any circumstance where a landlord can just change the locks and terminate the tenancy. 
Borden said, “You still have to jump through these hoops. The law requires you to go through all these steps to get a legal rid of possession from the property.” 
It means filing for eviction, waiting for the sheriff to serve the papers (even though the renters are in jail) wait for a judgment and then wait ten days for the appeal process before the landlord can have the property back. 
Luckily, the landlord wouldn’t have to wait until a criminal trial to take action. Under NC law, a landlord can file for an expedited eviction for criminal activity and can get rid of anyone suspected of a criminal act in the property. 
“You can eject everyone from the house, whether or not they were involved with the drugs. There is a way for an innocent bystander to try to assert the fact that they had no involvement with it, but generally everyone is told to leave the property,” said Borden. 
Davidson County Sheriff David Grice said in the case of the drug bust in Lexington, the homeowner was unaware and not connected to the drug operation happening in his home. Hong and Haih rented the house, located not far from the Sapona Golf Course, for three years. It case anyone was wondering, the landlord has to give notice before going into the property they are renting out, even if suspected criminal acts are happening inside. 
“Part of the law says you can’t just barge in,” said Borden. “And it’s kind of dangerous to just kick in the door of someone running a drug operation in your house.” 
The house, is estimated to have over $100,000 in modifications to support the marijuana growing operation. Borden said there’s one word that sums up what a landlord could do in this situation. Sue. 
“It’s the only thing anyone can ever really do is sue somebody, get a judgment and hope to collect on it later on.” 
Borden, who works on many cases involving landlord/tenant disputes said it’s not a money making opportunity, as it could take months or even years to get the money to pay for damages. 
Copyright 2016 WFMY
</post>
<signature>

</signature>
<external_links>

</external_links>
<country>US</country>
<main_image>http://content.wfmynews2.com/photo/2016/08/30/weed%20bust_1472601803566_5885252_ver1.0_640_360.jpg</main_image>
</document>
