<?xml version="1.0" encoding="UTF-8"?>
<document>
<type>mainstream</type>
<forum>http://rss.radio-canada.ca/fils/regions/colombiebritannique.xml</forum>
<forum_title>Radio-Canada | Colombie-Britannique-Yukon</forum_title>
<discussion_title>Terrorisme : le Yukon annule tous les voyages scolaires en France</discussion_title>
<language>french</language>
<gmt_offset></gmt_offset>
<topic_url>http://ici.radio-canada.ca/regions/colombie-britannique/2016/08/30/014-yukon-annule-yoyages-scolaires-france-menace-terroriste.shtml</topic_url>
<topic_text>
Zone Yukon Terrorisme : le Yukon annule tous les voyages scolaires en France La tour Eiffel aux couleurs du drapeau français, le 16 novembre 2015, trois jours après les attentats de la région parisienne. Photo : Benoit Tessier/Reuters 
Aucun voyage scolaire n&apos;aura lieu en France cette année pour les élèves du Yukon. Le ministère de l&apos;Éducation du territoire estime que la menace terroriste est trop importante. 
« Le gouvernement du Canada demande de faire preuve d&apos;une grande prudence et identifie une menace terroriste élevée en France . Lorsque nous avons des mises en garde de la sorte, nous ne pouvons pas approuver de voyage scolaire », commente Nicole Morgan, sous-ministre adjointe chargée de l&apos;apprentissage, des cursus et des évaluations. 
À lire aussi :
</topic_text>
<spam_score>0.00</spam_score>
<post_num>1</post_num>
<post_id>post-1</post_id>
<post_url>http://ici.radio-canada.ca/regions/colombie-britannique/2016/08/30/014-yukon-annule-yoyages-scolaires-france-menace-terroriste.shtml</post_url>
<post_date>20160830</post_date>
<post_time>2341</post_time>
<username></username>
<post>
Zone Yukon Terrorisme : le Yukon annule tous les voyages scolaires en France La tour Eiffel aux couleurs du drapeau français, le 16 novembre 2015, trois jours après les attentats de la région parisienne. Photo : Benoit Tessier/Reuters 
Aucun voyage scolaire n&apos;aura lieu en France cette année pour les élèves du Yukon. Le ministère de l&apos;Éducation du territoire estime que la menace terroriste est trop importante. 
« Le gouvernement du Canada demande de faire preuve d&apos;une grande prudence et identifie une menace terroriste élevée en France . Lorsque nous avons des mises en garde de la sorte, nous ne pouvons pas approuver de voyage scolaire », commente Nicole Morgan, sous-ministre adjointe chargée de l&apos;apprentissage, des cursus et des évaluations. 
À lire aussi :
</post>
<signature>

</signature>
<external_links>

</external_links>
<country>CA</country>
<main_image>http://img.radio-canada.ca/2016/08/30/635x357/160830_7m8ci_tour_eiffel_attentat_sn635.jpg</main_image>
</document>
