<?xml version="1.0" encoding="UTF-8"?>
<document>
<type>mainstream</type>
<forum>http://feeds.feedblitz.com/previouslytv</forum>
<forum_title>Previously.TV</forum_title>
<discussion_title>Teen Mom&apos;s Farrah Can&apos;t Decide If She&apos;s More Afraid Of Her Mom Or A Colonoscopy :: Meanwhile: Amber gets a new ring, Maci gets a pretending-to-be-new bump, and Tyler throws the same old hissyfit. [Teen Mom]</discussion_title>
<language>english</language>
<gmt_offset></gmt_offset>
<topic_url>http://previously.tv/teen-mom/teen-moms-farrah-cant-decide-if-shes-more-afraid-of-her-mom-or-a-colonoscopy/</topic_url>
<topic_text>
Show-o-Matic Teen Mom &apos;s Farrah Can&apos;t Decide If She&apos;s More Afraid Of Her Mom Or A Colonoscopy Meanwhile: Amber gets a new ring, Maci gets a pretending-to-be-new bump, and Tyler throws the same old hissyfit. E03 
Teen Mom is, by definition, pretty gross, but this week&apos;s episode of Teen Mom is especially gross. There are so many layers of gross that the result is a gross of gross. Anyway. On the offensive list: Taylor and Maci find out they&apos;re having a boy, which means that Taylor and his dumb friends have to talk about how cool it is that a fetus has a dick. In a weird non sequitur filler scene, Gary tells a context-less story about how one time when Leah was a baby she got into the cat&apos;s litterbox, crawled around in it, and tried to eat a turd. 
Farrah and Sofeeyah are in Omaha visiting Debra, who moved back from Seattle and whatever the hell she was doing there. Farrah is in town to get a colonoscopy, and Debra, who had one recently, shows up with a ton of Gatorade and Jell-o since Farrah can&apos;t eat anything before the procedure. More importantly, though, Debra brings along the story of how, post-colonoscopy, she just couldn&apos;t control her butt at all. I honestly think that&apos;s more indecent than Farrah&apos;s porn Present? Crying Two of my favorite supporting characters, Ryan&apos;s parents Jen and Larry, get screen time this week. I love them both so hard that I cannot understand how they raised a useless suck of a child, but I love their relationships with Maci and with Bintlee -- and with each other. Larry makes a little speech about how much he wants Ryan to meet someone and get married, because his marriage to Jen has been so great and important, and they both cry, and it&apos;s so cute I almost don&apos;t notice him thanking Jen for &quot;everything you done.&quot; (Almost.) Fighting with ex or current boyfriend/husband Catelynn comes achingly close to telling Tyler he&apos;s being a dick about the &quot;stop talking about Carly on camera&quot; thing, even uttering the word &quot;selfish,&quot; but she&apos;s still not quite there yet. Obligatory cute kid Maci tells the Edwardses that she&apos;s knocked up again, but tries to joke that at least all the kids will be grown up and moved out by the time she&apos;s forty-five. Larry points at Ryan, his grown-ass kid who still lives at home, and Jen says she&apos;s sending Ryan over to live with Maci. &quot;Can you bring your Legos?&quot; Bintlee pipes in hilariously. Back at home, Bintlee&apos;s little sister Jayde is chubby and adorable and has just enough hair for a tiny Snork ponytail on top of her head. Nova takes her first gymnastics class. Both of her parents are able to accompany her because they have nothing but free time. Crimes against the English language Maci says &quot;We have no idea when the new baby is coming,&quot; which is code for &quot;We&apos;re lying about the due date.&quot; That pregnancy reveal with the pre-opened test wasn&apos;t fooling anyone last week . Farrah calls a hula skirt &quot;a Hawaii skirt.&quot; Tyler, the Justin Bieber of Teen Mom , goes on a rant about how just because Brandon and Teresa are Carly&apos;s parents doesn&apos;t mean they get to make decisions about her (yes, actually, that is precisely what that means), and goes on a grammar crime-laden rant about it that ends in &quot;I will never silence what I have to say.&quot; We know, Tyler. We know. Style disasters Last week&apos;s post had a lot of Matt, but today I&apos;d like to show some love to Amber, whose babushka-who-went-to-the-Nasty-Gal-sale look really blossomed during this week&apos;s trip to Matt&apos;s ancestral homeland. 
Exhibit A: This is the new ring Matt bought her to keep her from being mad about the multiple kids and delinquent child support. Like Matt and his love, it is heinous. But it does pair nicely with Amber&apos;s enormous plastic nails. MTV 
Exhibit B: What We Talk About When We Talk About Amber&apos;s Eyebrows. MTV 
Exhibit C: Amber&apos;s &quot;I&apos;m a celebrity who hates being recognized&quot; glam crossed with Massachusetts&apos;s cold wind results in this: MTV &quot;Shocking Reveal&quot; we already knew about from Us Weekly /the internet Not only did we know Maci and Taylor were going to have a boy, we know that his name is Maverick, that she used her pregnancy as an excuse to quit her fake part-time job, and that they pushed the wedding because it was too hard to plan, a.k.a. Maci wanted to be skinny again in those photos she inevitably will sell to Us Weekly . Tertiary character as voice of reason Here are my two favorite exchanges from this episode:
Maci: &quot;I want someone else to get pregnant so maybe I&apos;ll stop getting pregnant.&quot; 
Keelie: &quot;I mean, you know what causes it, right?&quot;
</topic_text>
<spam_score>0.00</spam_score>
<post_num>1</post_num>
<post_id>post-1</post_id>
<post_url>http://previously.tv/teen-mom/teen-moms-farrah-cant-decide-if-shes-more-afraid-of-her-mom-or-a-colonoscopy/</post_url>
<post_date>20160829</post_date>
<post_time>0001</post_time>
<username>Lilit Marcus</username>
<post>
Show-o-Matic Teen Mom &apos;s Farrah Can&apos;t Decide If She&apos;s More Afraid Of Her Mom Or A Colonoscopy Meanwhile: Amber gets a new ring, Maci gets a pretending-to-be-new bump, and Tyler throws the same old hissyfit. E03 
Teen Mom is, by definition, pretty gross, but this week&apos;s episode of Teen Mom is especially gross. There are so many layers of gross that the result is a gross of gross. Anyway. On the offensive list: Taylor and Maci find out they&apos;re having a boy, which means that Taylor and his dumb friends have to talk about how cool it is that a fetus has a dick. In a weird non sequitur filler scene, Gary tells a context-less story about how one time when Leah was a baby she got into the cat&apos;s litterbox, crawled around in it, and tried to eat a turd. 
Farrah and Sofeeyah are in Omaha visiting Debra, who moved back from Seattle and whatever the hell she was doing there. Farrah is in town to get a colonoscopy, and Debra, who had one recently, shows up with a ton of Gatorade and Jell-o since Farrah can&apos;t eat anything before the procedure. More importantly, though, Debra brings along the story of how, post-colonoscopy, she just couldn&apos;t control her butt at all. I honestly think that&apos;s more indecent than Farrah&apos;s porn Present? Crying Two of my favorite supporting characters, Ryan&apos;s parents Jen and Larry, get screen time this week. I love them both so hard that I cannot understand how they raised a useless suck of a child, but I love their relationships with Maci and with Bintlee -- and with each other. Larry makes a little speech about how much he wants Ryan to meet someone and get married, because his marriage to Jen has been so great and important, and they both cry, and it&apos;s so cute I almost don&apos;t notice him thanking Jen for &quot;everything you done.&quot; (Almost.) Fighting with ex or current boyfriend/husband Catelynn comes achingly close to telling Tyler he&apos;s being a dick about the &quot;stop talking about Carly on camera&quot; thing, even uttering the word &quot;selfish,&quot; but she&apos;s still not quite there yet. Obligatory cute kid Maci tells the Edwardses that she&apos;s knocked up again, but tries to joke that at least all the kids will be grown up and moved out by the time she&apos;s forty-five. Larry points at Ryan, his grown-ass kid who still lives at home, and Jen says she&apos;s sending Ryan over to live with Maci. &quot;Can you bring your Legos?&quot; Bintlee pipes in hilariously. Back at home, Bintlee&apos;s little sister Jayde is chubby and adorable and has just enough hair for a tiny Snork ponytail on top of her head. Nova takes her first gymnastics class. Both of her parents are able to accompany her because they have nothing but free time. Crimes against the English language Maci says &quot;We have no idea when the new baby is coming,&quot; which is code for &quot;We&apos;re lying about the due date.&quot; That pregnancy reveal with the pre-opened test wasn&apos;t fooling anyone last week . Farrah calls a hula skirt &quot;a Hawaii skirt.&quot; Tyler, the Justin Bieber of Teen Mom , goes on a rant about how just because Brandon and Teresa are Carly&apos;s parents doesn&apos;t mean they get to make decisions about her (yes, actually, that is precisely what that means), and goes on a grammar crime-laden rant about it that ends in &quot;I will never silence what I have to say.&quot; We know, Tyler. We know. Style disasters Last week&apos;s post had a lot of Matt, but today I&apos;d like to show some love to Amber, whose babushka-who-went-to-the-Nasty-Gal-sale look really blossomed during this week&apos;s trip to Matt&apos;s ancestral homeland. 
Exhibit A: This is the new ring Matt bought her to keep her from being mad about the multiple kids and delinquent child support. Like Matt and his love, it is heinous. But it does pair nicely with Amber&apos;s enormous plastic nails. MTV 
Exhibit B: What We Talk About When We Talk About Amber&apos;s Eyebrows. MTV 
Exhibit C: Amber&apos;s &quot;I&apos;m a celebrity who hates being recognized&quot; glam crossed with Massachusetts&apos;s cold wind results in this: MTV &quot;Shocking Reveal&quot; we already knew about from Us Weekly /the internet Not only did we know Maci and Taylor were going to have a boy, we know that his name is Maverick, that she used her pregnancy as an excuse to quit her fake part-time job, and that they pushed the wedding because it was too hard to plan, a.k.a. Maci wanted to be skinny again in those photos she inevitably will sell to Us Weekly . Tertiary character as voice of reason Here are my two favorite exchanges from this episode:
Maci: &quot;I want someone else to get pregnant so maybe I&apos;ll stop getting pregnant.&quot; 
Keelie: &quot;I mean, you know what causes it, right?&quot;
</post>
<signature>

</signature>
<external_links>

</external_links>
<country>US</country>
<main_image>http://previously.tv/m/2016-08-28-teen-mom01.jpg</main_image>
</document>
