<?xml version="1.0" encoding="UTF-8"?>
<document>
<type>mainstream</type>
<forum>http://xn--j-69txf.com/feed</forum>
<forum_title>なんｊリーグ</forum_title>
<discussion_title>過去10年のセリーグの新人王</discussion_title>
<language>japanese</language>
<gmt_offset></gmt_offset>
<topic_url>http://xn--j-69txf.com/%e3%82%bb%e3%83%aa%e3%83%bc%e3%82%b0/n-100368.html</topic_url>
<topic_text>
1: 風吹けば名無し＠＼(^o^)／ 2016/08/31(水)00:00:10 ID:PL8 2006 梵英心(広島)
</topic_text>
<spam_score>0.00</spam_score>
<post_num>1</post_num>
<post_id>post-1</post_id>
<post_url>http://xn--j-69txf.com/%e3%82%bb%e3%83%aa%e3%83%bc%e3%82%b0/n-100368.html</post_url>
<post_date>20160830</post_date>
<post_time>2330</post_time>
<username>ヤクドウファン</username>
<post>
1: 風吹けば名無し＠＼(^o^)／ 2016/08/31(水)00:00:10 ID:PL8 2006 梵英心(広島)
</post>
<signature>

</signature>
<external_links>

</external_links>
<country>JP</country>
<main_image></main_image>
</document>
