<?xml version="1.0" encoding="UTF-8"?>
<document>
<type>mainstream</type>
<forum></forum>
<forum_title></forum_title>
<discussion_title>Destruidas 15 minas sin permisos en vía a Buenaven | ELESPECTADOR.COM</discussion_title>
<language>spanish</language>
<gmt_offset></gmt_offset>
<topic_url>http://www.elespectador.com/noticias/nacional/valle/destruidas-15-minas-sin-permisos-via-buenaventura-articulo-652071</topic_url>
<topic_text>
insertar Foto: Archivo 
Las autoridades iniciaron un operativo que se adelantará durante el resto de la semana para acabar con los túneles destinados a la minería ilegal ubicados en la vía al mar, en las veredas de Bendiciones, Zaragoza y La Laguna en el municipio de Buenaventura . Durante el primer día participaron 1.270 uniformados. Este lunes, durante la primera jornada, las autoridades destruyeron 15 cúbicos, que los mineros realizan cavando verticalmente y que, cuando tienen 15 metros de longitud, se interconectan entre sí. Estos lunes estaban afectando el estado de la vía al mar entre los kilómetros 32 y 35. Según informó el Ministerio de Minas y Energía, en las cercanías de la doble calzada a Buenaventura hay 500 socavones destinados a la explotación minera sin permisos. En una investigación de El País se determinó que para funcionar, los túneles se construyen ranchos para camuflarlos. Los daños que estos túneles han causado en la vía han supuesto una inversión de Invías por $5.040 millones para reparar los daños . Además, hay estudios técnicos que determinan que las minas han causado daños ambientales en la zona. Los operativos, que se suman una investigación de más de cinco meses, los realizan el CTI, la Policía Nacional y el Ejército Nacional de manera conjunta. inserte esta nota en su página TAGS: 
</topic_text>
<spam_score>0.20</spam_score>
<post_num>1</post_num>
<post_id>post-1</post_id>
<post_url>http://www.elespectador.com/noticias/nacional/valle/destruidas-15-minas-sin-permisos-via-buenaventura-articulo-652071</post_url>
<post_date>20160831</post_date>
<post_time></post_time>
<username></username>
<post>
insertar Foto: Archivo 
Las autoridades iniciaron un operativo que se adelantará durante el resto de la semana para acabar con los túneles destinados a la minería ilegal ubicados en la vía al mar, en las veredas de Bendiciones, Zaragoza y La Laguna en el municipio de Buenaventura . Durante el primer día participaron 1.270 uniformados. Este lunes, durante la primera jornada, las autoridades destruyeron 15 cúbicos, que los mineros realizan cavando verticalmente y que, cuando tienen 15 metros de longitud, se interconectan entre sí. Estos lunes estaban afectando el estado de la vía al mar entre los kilómetros 32 y 35. Según informó el Ministerio de Minas y Energía, en las cercanías de la doble calzada a Buenaventura hay 500 socavones destinados a la explotación minera sin permisos. En una investigación de El País se determinó que para funcionar, los túneles se construyen ranchos para camuflarlos. Los daños que estos túneles han causado en la vía han supuesto una inversión de Invías por $5.040 millones para reparar los daños . Además, hay estudios técnicos que determinan que las minas han causado daños ambientales en la zona. Los operativos, que se suman una investigación de más de cinco meses, los realizan el CTI, la Policía Nacional y el Ejército Nacional de manera conjunta. inserte esta nota en su página TAGS: 
</post>
<signature>

</signature>
<external_links>

</external_links>
<country>US</country>
<main_image>http://www.elespectador.com/files/imagenprincipal/d5a48b04c7f64298d0d2d1092d504e3e.jpg</main_image>
</document>
