<?xml version="1.0" encoding="UTF-8"?>
<document>
<type>mainstream</type>
<forum>http://www.trelleborgsallehanda.se/feed</forum>
<forum_title>Trelleborgs Allehanda</forum_title>
<discussion_title>JO-kritik mot polis efter asylärende</discussion_title>
<language>swedish</language>
<gmt_offset></gmt_offset>
<topic_url>http://www.trelleborgsallehanda.se/tt-inrikes/jo-kritik-mot-polis-efter-asylarende/</topic_url>
<topic_text>
JO-kritik mot polis efter asylärende TT-Inrikes 1 timme sedan Justitieombudsmannen (JO) riktar kritik mot dåvarande Polismyndigheten i Västra Götaland. Polisen skulle hjälpa till att utvisa en person, och lämnade över handlingar till Libanons ambassad utan att först kolla vad det var för handlingar. Ett dokument var på arabiska som polisen inte översatte.(TT) TT A A 
Justitieombudsmannen (JO) riktar kritik mot dåvarande Polismyndigheten i Västra Götaland. Polisen skulle hjälpa till att utvisa en person, och lämnade över handlingar till Libanons ambassad utan att först kolla vad det var för handlingar. 
Ett dokument var på arabiska som polisen inte översatte. 
&quot;Med hänsyn till de risker för enskilda som är förknippade med utlämnande av uppgifter i utlänningsärenden ser jag allvarligt på det inträffade.&quot;, skriver JO. 
Först efter att handlingarna lämnats över hörde polisen av sig till Migrationsverket och undrade om utlämnandet kunde innebära att mannen inte kunde utvisas längre. Men det visade sig att handlingarna redan var kända av libanesiska myndigheter. 
Polisen uppger att dess nya nationella myndighet har rutiner för att sekretessbedöma handlingar innan de lämnas över till ambassader.  
</topic_text>
<spam_score>0.00</spam_score>
<post_num>1</post_num>
<post_id>post-1</post_id>
<post_url>http://www.trelleborgsallehanda.se/tt-inrikes/jo-kritik-mot-polis-efter-asylarende/</post_url>
<post_date>20160830</post_date>
<post_time>2313</post_time>
<username></username>
<post>
JO-kritik mot polis efter asylärende TT-Inrikes 1 timme sedan Justitieombudsmannen (JO) riktar kritik mot dåvarande Polismyndigheten i Västra Götaland. Polisen skulle hjälpa till att utvisa en person, och lämnade över handlingar till Libanons ambassad utan att först kolla vad det var för handlingar. Ett dokument var på arabiska som polisen inte översatte.(TT) TT A A 
Justitieombudsmannen (JO) riktar kritik mot dåvarande Polismyndigheten i Västra Götaland. Polisen skulle hjälpa till att utvisa en person, och lämnade över handlingar till Libanons ambassad utan att först kolla vad det var för handlingar. 
Ett dokument var på arabiska som polisen inte översatte. 
&quot;Med hänsyn till de risker för enskilda som är förknippade med utlämnande av uppgifter i utlänningsärenden ser jag allvarligt på det inträffade.&quot;, skriver JO. 
Först efter att handlingarna lämnats över hörde polisen av sig till Migrationsverket och undrade om utlämnandet kunde innebära att mannen inte kunde utvisas längre. Men det visade sig att handlingarna redan var kända av libanesiska myndigheter. 
Polisen uppger att dess nya nationella myndighet har rutiner för att sekretessbedöma handlingar innan de lämnas över till ambassader.  
</post>
<signature>

</signature>
<external_links>

</external_links>
<country>SE</country>
<main_image>http://d6jf7ok6u1qis.cloudfront.net/imengine/image.php?uuid=65da337b-de5a-4d74-90ca-40286ee9b569&amp;type=preview&amp;source=false&amp;function=cropresize&amp;width=768&amp;height=384&amp;q=40&amp;x=0&amp;y=85&amp;crop_w=1024&amp;crop_h=512&amp;z=1</main_image>
</document>
