<?xml version="1.0" encoding="UTF-8"?>
<document>
<type>mainstream</type>
<forum>http://feeds.feedblitz.com/previouslytv</forum>
<forum_title>Previously.TV</forum_title>
<discussion_title>EHG 128: Voting Early And Often On The West Wing :: Marathon Diarist and first-time guest Sarah Hope joins us to talk Sorkin&apos;s liberal fantasy -- and brings a killer Nonac submission! [Extra Hot Great]</discussion_title>
<language>english</language>
<gmt_offset></gmt_offset>
<topic_url>http://previously.tv/extra-hot-great/ehg-128/</topic_url>
<topic_text>
0 
TWW Marathon Diarist Sarah Hope comes to Extra Hot Great for a West Wing floor fight: our favorite characters and relationships from Aaron Sorkin&apos;s turn-of-the-millennium political drama, the Sorkiniest moments, and the stuff that hasn&apos;t aged well (paging, um, all those pagers in the premiere). The Blotter Presents watched Marg Helgenberger chow the scenery in a vintage JonBenét TV movie, and we went around the dial with new FX sitcoms, Lethal Weapon , The Night Of , and British teen coming-of-age story My Mad Fat Diary before Sarah H. held her nose and submitted Friday Night Lights &apos;s second-season premiere for the Nonac. Empire won, Dr. Drew lost, and tag we were all it for a very close Game Time. How does a bill become an &quot;aw, man&quot;? Find out on an all-new Extra Hot Great.
</topic_text>
<spam_score>0.00</spam_score>
<post_num>1</post_num>
<post_id>post-1</post_id>
<post_url>http://previously.tv/extra-hot-great/ehg-128/</post_url>
<post_date>20160830</post_date>
<post_time>1315</post_time>
<username>Previously.TV</username>
<post>
0 
TWW Marathon Diarist Sarah Hope comes to Extra Hot Great for a West Wing floor fight: our favorite characters and relationships from Aaron Sorkin&apos;s turn-of-the-millennium political drama, the Sorkiniest moments, and the stuff that hasn&apos;t aged well (paging, um, all those pagers in the premiere). The Blotter Presents watched Marg Helgenberger chow the scenery in a vintage JonBenét TV movie, and we went around the dial with new FX sitcoms, Lethal Weapon , The Night Of , and British teen coming-of-age story My Mad Fat Diary before Sarah H. held her nose and submitted Friday Night Lights &apos;s second-season premiere for the Nonac. Empire won, Dr. Drew lost, and tag we were all it for a very close Game Time. How does a bill become an &quot;aw, man&quot;? Find out on an all-new Extra Hot Great.
</post>
<signature>

</signature>
<external_links>

</external_links>
<country>US</country>
<main_image>http://previously.tv/m/ehg-128.jpg</main_image>
</document>
