<?xml version="1.0" encoding="UTF-8"?>
<document>
<type>mainstream</type>
<forum></forum>
<forum_title></forum_title>
<discussion_title>‘Small percentage of people holding majority to ransom’</discussion_title>
<language>english</language>
<gmt_offset></gmt_offset>
<topic_url>http://www.greaterkashmir.com/news/india/story/227225.html</topic_url>
<topic_text>
Wednesday, August 31, 2016, 27, Zul Qaadah, 1437 ‘Small percentage of people holding majority to ransom’ &quot;As far as Kashmir is concerned, the Indian Government has been very proactive in handling the violence which comes from across the border&quot; Parrikar told Pentagon reporters yesterday at a joint news conference with US Defence Secretary, Ashton Carter. Press Trust of India Washington, Publish Date: Aug 31 2016 1:14AM | Updated Date: Aug 31 2016 1:14AM File Photo 
Alleging that forces across the border are fomenting trouble in Kashmir, India’s Defence Minis¬ter Manohar Parrikar has said that &quot;a small percentage&quot; of people in the Valley are “holding the majority to ransom.” 
He said the government is working &quot;proactively&quot; in handling the violence in the state. 
&quot;As far as Kashmir is concerned, the Indian Government has been very proactive in handling the violence which comes from across the border&quot; Parrikar told Pentagon reporters yesterday at a joint news conference with US Defence Secretary, Ashton Carter. 
&quot;A few small percentage is holding the majority to ransom,&quot; he added. 
Asked about the current situation in Kashmir, he said curfew has already been lifted and an all-party delegation is also heading to the Valley. 
&quot;Kashmir is actually having a government which is a democratically elected. And the chief minister belongs to the Valley,&quot; he said. More in this Category 
</topic_text>
<spam_score>0.00</spam_score>
<post_num>1</post_num>
<post_id>post-1</post_id>
<post_url>http://www.greaterkashmir.com/news/india/story/227225.html</post_url>
<post_date>20160820</post_date>
<post_time></post_time>
<username>Press Trust Of India</username>
<post>
Wednesday, August 31, 2016, 27, Zul Qaadah, 1437 ‘Small percentage of people holding majority to ransom’ &quot;As far as Kashmir is concerned, the Indian Government has been very proactive in handling the violence which comes from across the border&quot; Parrikar told Pentagon reporters yesterday at a joint news conference with US Defence Secretary, Ashton Carter. Press Trust of India Washington, Publish Date: Aug 31 2016 1:14AM | Updated Date: Aug 31 2016 1:14AM File Photo 
Alleging that forces across the border are fomenting trouble in Kashmir, India’s Defence Minis¬ter Manohar Parrikar has said that &quot;a small percentage&quot; of people in the Valley are “holding the majority to ransom.” 
He said the government is working &quot;proactively&quot; in handling the violence in the state. 
&quot;As far as Kashmir is concerned, the Indian Government has been very proactive in handling the violence which comes from across the border&quot; Parrikar told Pentagon reporters yesterday at a joint news conference with US Defence Secretary, Ashton Carter. 
&quot;A few small percentage is holding the majority to ransom,&quot; he added. 
Asked about the current situation in Kashmir, he said curfew has already been lifted and an all-party delegation is also heading to the Valley. 
&quot;Kashmir is actually having a government which is a democratically elected. And the chief minister belongs to the Valley,&quot; he said. More in this Category 
</post>
<signature>

</signature>
<external_links>

</external_links>
<country>US</country>
<main_image>http://www.greaterkashmir.com/cms/gall_content/2016/8/2016_8$largeimg231_Aug_2016_011447977.jpg</main_image>
</document>
