<?xml version="1.0" encoding="UTF-8"?>
<document>
<type>mainstream</type>
<forum>http://www.finanznachrichten.de/rss-branche-rohstoffe-41</forum>
<forum_title>FinanzNachrichten.de: Nachrichten zu Rohstoffe</forum_title>
<discussion_title>Barrick Gold leidet unter schwankenden Goldpreisen</discussion_title>
<language>german</language>
<gmt_offset></gmt_offset>
<topic_url>http://www.finanznachrichten.de/nachrichten-2016-08/38444330-barrick-gold-leidet-unter-schwankenden-goldpreisen-096.htm</topic_url>
<topic_text>
Kommentar von Maximilian Wolffberg 
Liebe Leser, 
Barrick Gold musste an den Märkten in den letzten Tagen kräftig Federn lassen. Auch am Dienstag konnten sich Verluste von knapp zwei Prozent beobachten lassen, das Papier wird nun für 16,36 Euro gehandelt. Ausschlaggebend für die letzten Verluste ist vor allem der schwankende Goldpreis in den USA. Dieser schlägt dieser Tage extrem in beide Richtungen aus und bewegt sich schon mal innerhalb von wenigen Stunden 20 Dollar nach oben oder unten. Insgesamt lässt ... Den vollständigen Artikel lesen ...
</topic_text>
<spam_score>0.00</spam_score>
<post_num>1</post_num>
<post_id>post-1</post_id>
<post_url>http://www.finanznachrichten.de/nachrichten-2016-08/38444330-barrick-gold-leidet-unter-schwankenden-goldpreisen-096.htm</post_url>
<post_date>20160831</post_date>
<post_time>0033</post_time>
<username></username>
<post>
Kommentar von Maximilian Wolffberg 
Liebe Leser, 
Barrick Gold musste an den Märkten in den letzten Tagen kräftig Federn lassen. Auch am Dienstag konnten sich Verluste von knapp zwei Prozent beobachten lassen, das Papier wird nun für 16,36 Euro gehandelt. Ausschlaggebend für die letzten Verluste ist vor allem der schwankende Goldpreis in den USA. Dieser schlägt dieser Tage extrem in beide Richtungen aus und bewegt sich schon mal innerhalb von wenigen Stunden 20 Dollar nach oben oder unten. Insgesamt lässt ... Den vollständigen Artikel lesen ...
</post>
<signature>

</signature>
<external_links>

</external_links>
<country>DE</country>
<main_image>http://fns1.de/g/fb.png</main_image>
</document>
