<?xml version="1.0" encoding="UTF-8"?>
<document>
<type>mainstream</type>
<forum>http://www.trading-house.net/rss/meldungen/</forum>
<forum_title>trading-house.net Nachrichtenfeed</forum_title>
<discussion_title>Wo Mani Matter ums Leben kam</discussion_title>
<language>german</language>
<gmt_offset></gmt_offset>
<topic_url>http://www.trading-house.net/news/wo-mani-matter-ums-leben-kam-50947210</topic_url>
<topic_text>
31.08.2016 - 02:17 Uhr Wo Mani Matter ums Leben kam Am 4. August wäre er 80 geworden. An der Stelle, wo der Berner Troubadour 1972 tödlich verunfallte, fahren täglich Tausende vorbei. Einen Gedenkstein gibt es nicht.
</topic_text>
<spam_score>0.00</spam_score>
<post_num>1</post_num>
<post_id>post-1</post_id>
<post_url>http://www.trading-house.net/news/wo-mani-matter-ums-leben-kam-50947210</post_url>
<post_date>20160831</post_date>
<post_time>0017</post_time>
<username></username>
<post>
31.08.2016 - 02:17 Uhr Wo Mani Matter ums Leben kam Am 4. August wäre er 80 geworden. An der Stelle, wo der Berner Troubadour 1972 tödlich verunfallte, fahren täglich Tausende vorbei. Einen Gedenkstein gibt es nicht.
</post>
<signature>

</signature>
<external_links>

</external_links>
<country>DE</country>
<main_image></main_image>
</document>
