<?xml version="1.0" encoding="UTF-8"?>
<document>
<type>mainstream</type>
<forum>http://blikopnieuws.nl//feeds/economie/rss.xml</forum>
<forum_title>Blik op nieuws - Al het nieuws uit Nederland en zijn 12 provincies</forum_title>
<discussion_title>Recordbedrag van 13 miljard euro voor Apple aan achterstallige belasting</discussion_title>
<language>dutch</language>
<gmt_offset></gmt_offset>
<topic_url>http://blikopnieuws.nl/economie/244562/recordbedrag-van-13-miljard-euro-voor-apple-aan-achterstallige-belasting.html</topic_url>
<topic_text>
  14:25 Update: 30-08-2016 21:41 Recordbedrag van 13 miljard euro voor Apple aan achterstallige belasting Foto: Archief FBF Brussel 
Van de Europese Commissie moet Apple 13 miljard euro aan achterstallige belasting betalen aan de Ierse belastingdienst en dat is nog exclusief de rente. Ongeldige belastingafspraken 
De belastingasfspraken die Ierland en Apple hebben gemaakt zijn volgende Europese Commissie niet geldig. Dit heeft Euro-commissaris Margrethe Vestager bekendgemaakt, zo melden verschillende media dinsdag. Het is de grootste naheffing die ooit in Europa is opgelegd. Het bericht veroorzaakt onrust onder beleggers, het aandeel van Apple staat in de Verenigde Staten voorbeurs op -2,3 procent. Ook het Franse energiebedrijf EDF moet veel terugbetalen: 1,4 miljard euro. Verkapte staatssteun 
De Ierse overheid krijgt geen straf van de commissie, maar kan door de opgelegde belasting wel in de problemen komen, doordat er door de naheffing mogelijk banen gaan verdwijnen. Er was afgesproken dat Apple net als de andere bedrijven in Ierland 12,5 procent belasting betaalt. Maar Europese Commissie zegt dat die belasting wordt geheven over maar een klein deel van de winst. Op deze manier wordt Apple op een onwettige manier bevoordeeld en krijgt het volgens de commissie verkapte staatssteun van Ierland. Reserve Apple 
Apple kan de geëiste belasting wel betalen. Het bedrijf heeft 18,2 miljard dollar (16,3 miljard euro) handje-contantje liggen en een totale reserveberg van ruim 230 miljard dollar. Bovendien boekte Apple vorig jaar een nettowinst van ruim 53 miljard dollar. Categorie:
</topic_text>
<spam_score>0.00</spam_score>
<post_num>1</post_num>
<post_id>post-1</post_id>
<post_url>http://blikopnieuws.nl/economie/244562/recordbedrag-van-13-miljard-euro-voor-apple-aan-achterstallige-belasting.html</post_url>
<post_date>20160830</post_date>
<post_time>1941</post_time>
<username>Redactie</username>
<post>
  14:25 Update: 30-08-2016 21:41 Recordbedrag van 13 miljard euro voor Apple aan achterstallige belasting Foto: Archief FBF Brussel 
Van de Europese Commissie moet Apple 13 miljard euro aan achterstallige belasting betalen aan de Ierse belastingdienst en dat is nog exclusief de rente. Ongeldige belastingafspraken 
De belastingasfspraken die Ierland en Apple hebben gemaakt zijn volgende Europese Commissie niet geldig. Dit heeft Euro-commissaris Margrethe Vestager bekendgemaakt, zo melden verschillende media dinsdag. Het is de grootste naheffing die ooit in Europa is opgelegd. Het bericht veroorzaakt onrust onder beleggers, het aandeel van Apple staat in de Verenigde Staten voorbeurs op -2,3 procent. Ook het Franse energiebedrijf EDF moet veel terugbetalen: 1,4 miljard euro. Verkapte staatssteun 
De Ierse overheid krijgt geen straf van de commissie, maar kan door de opgelegde belasting wel in de problemen komen, doordat er door de naheffing mogelijk banen gaan verdwijnen. Er was afgesproken dat Apple net als de andere bedrijven in Ierland 12,5 procent belasting betaalt. Maar Europese Commissie zegt dat die belasting wordt geheven over maar een klein deel van de winst. Op deze manier wordt Apple op een onwettige manier bevoordeeld en krijgt het volgens de commissie verkapte staatssteun van Ierland. Reserve Apple 
Apple kan de geëiste belasting wel betalen. Het bedrijf heeft 18,2 miljard dollar (16,3 miljard euro) handje-contantje liggen en een totale reserveberg van ruim 230 miljard dollar. Bovendien boekte Apple vorig jaar een nettowinst van ruim 53 miljard dollar. Categorie:
</post>
<signature>

</signature>
<external_links>

</external_links>
<country>NL</country>
<main_image>http://blikopnieuws.nl/sites/default/files/styles/nieuws-teaser-tn/public/artikel/euro_munten.jpg?itok=LZR6U3dE</main_image>
</document>
