<?xml version="1.0" encoding="UTF-8"?>
<document>
<type>mainstream</type>
<forum>http://www.trading-house.net/rss/meldungen/</forum>
<forum_title>trading-house.net Nachrichtenfeed</forum_title>
<discussion_title>Insight School of Michigan Students Return for 2016-2017 School Year</discussion_title>
<language>english</language>
<gmt_offset></gmt_offset>
<topic_url>http://www.trading-house.net/news/insight-school-of-michigan-students-return-for-2016-2017-school-year-50947055</topic_url>
<topic_text>
31.08.2016 - 01:28 Uhr Insight School of Michigan Students Return for 2016-2017 School Year Students at Insight School of Michigan (ISMI), a tuition-free online public charter school authorized by Central Michigan University, will return for their 2016-2017 school year on September 6, as the program marks its third …
</topic_text>
<spam_score>0.00</spam_score>
<post_num>1</post_num>
<post_id>post-1</post_id>
<post_url>http://www.trading-house.net/news/insight-school-of-michigan-students-return-for-2016-2017-school-year-50947055</post_url>
<post_date>20160830</post_date>
<post_time>2328</post_time>
<username></username>
<post>
31.08.2016 - 01:28 Uhr Insight School of Michigan Students Return for 2016-2017 School Year Students at Insight School of Michigan (ISMI), a tuition-free online public charter school authorized by Central Michigan University, will return for their 2016-2017 school year on September 6, as the program marks its third …
</post>
<signature>

</signature>
<external_links>

</external_links>
<country>DE</country>
<main_image></main_image>
</document>
