<?xml version="1.0" encoding="UTF-8"?>
<document>
<type>mainstream</type>
<forum>http://rssfeeds.wzzm13.com/_/20/109556380/wzzm13-local</forum>
<forum_title>WZZM - Local</forum_title>
<discussion_title>Employers facing staffing issues</discussion_title>
<language>english</language>
<gmt_offset></gmt_offset>
<topic_url>http://rssfeeds.wzzm13.com/_/20/109556380/http&amp;#x3a;&amp;#x2f;&amp;#x2f;www&amp;#x2e;wzzm13&amp;#x2e;com&amp;#x2f;news&amp;#x2f;local&amp;#x2f;muskegon&amp;#x2f;new-restaruant-facing-staffing-shortage-delays-opening&amp;#x2f;311370151</topic_url>
<topic_text>
New restaurant facing staffing shortage, delays opening Staffing shortage delays opening   
MUSKEGON COUNTY, MICH. - Michigan&apos;s low unemployment is starting to affect local business owners. The unemployment rate has dipped from 15% at the height of the recession to 4.5% in July according to state labor officials. It&apos;s the lowest it&apos;s been in 15 years. 
More often workers are finding themselves in the drivers seat when looking for a job. The drop is creating growing competition for employers looking to fill full-time position and entry level positions. It&apos;s why a new pizza franchise in Muskegon County is not yet serving customers. 
The East of Chicago Pizza and Pub selected East Sternberg Road to open its&apos; second Michigan location. The high-volume traffic site is a crowded area . The restaurant should have opened by now, but owner and operator Eric St. Germain says he&apos;s still looking for workers. 
Open positions include more wait staff, bar staff, and delivery drivers, but too few applicants have responded to the growing number and increasing size of the help wanted signs St.Germain placed near the East of Chicago location. &quot;Our timing happens to be right in line with unemployment being at one of the lowest points in time in Muskegon County,&quot; said St.Germain. 
Muskegon County&apos;s unemployment rate dropped to 5.8% in July. According to West Michigan Works the seven county regional average unemployment rate dipped even lower to 4.1%. It&apos;s why this business owner held a hiring event at the Muskegon Michigan Works location. That is where St.Germain located six new employees. He needs to hire about 20 more, if he&apos;s successful the restaurant should open on September 19th.
</topic_text>
<spam_score>0.00</spam_score>
<post_num>1</post_num>
<post_id>post-1</post_id>
<post_url>http://rssfeeds.wzzm13.com/_/20/109556380/http&amp;#x3a;&amp;#x2f;&amp;#x2f;www&amp;#x2e;wzzm13&amp;#x2e;com&amp;#x2f;news&amp;#x2f;local&amp;#x2f;muskegon&amp;#x2f;new-restaruant-facing-staffing-shortage-delays-opening&amp;#x2f;311370151</post_url>
<post_date>20160830</post_date>
<post_time>2312</post_time>
<username></username>
<post>
New restaurant facing staffing shortage, delays opening Staffing shortage delays opening   
MUSKEGON COUNTY, MICH. - Michigan&apos;s low unemployment is starting to affect local business owners. The unemployment rate has dipped from 15% at the height of the recession to 4.5% in July according to state labor officials. It&apos;s the lowest it&apos;s been in 15 years. 
More often workers are finding themselves in the drivers seat when looking for a job. The drop is creating growing competition for employers looking to fill full-time position and entry level positions. It&apos;s why a new pizza franchise in Muskegon County is not yet serving customers. 
The East of Chicago Pizza and Pub selected East Sternberg Road to open its&apos; second Michigan location. The high-volume traffic site is a crowded area . The restaurant should have opened by now, but owner and operator Eric St. Germain says he&apos;s still looking for workers. 
Open positions include more wait staff, bar staff, and delivery drivers, but too few applicants have responded to the growing number and increasing size of the help wanted signs St.Germain placed near the East of Chicago location. &quot;Our timing happens to be right in line with unemployment being at one of the lowest points in time in Muskegon County,&quot; said St.Germain. 
Muskegon County&apos;s unemployment rate dropped to 5.8% in July. According to West Michigan Works the seven county regional average unemployment rate dipped even lower to 4.1%. It&apos;s why this business owner held a hiring event at the Muskegon Michigan Works location. That is where St.Germain located six new employees. He needs to hire about 20 more, if he&apos;s successful the restaurant should open on September 19th.
</post>
<signature>

</signature>
<external_links>

</external_links>
<country>US</country>
<main_image>http://content.wzzm13.com/photo/2016/08/30/Still0830_00002_1472597332556_5884935_ver1.0_640_360.jpg</main_image>
</document>
