<?xml version="1.0" encoding="UTF-8"?>
<document>
<type>mainstream</type>
<forum>http://www.sputniknews.com/export/rss2/archive/index.xml</forum>
<forum_title>Sputnik International</forum_title>
<discussion_title>US County Wants Pokemon Go to Get Permit So Users Can Play Game in Parks</discussion_title>
<language>english</language>
<gmt_offset></gmt_offset>
<topic_url>http://sputniknews.com/us/20160831/1044797014/milwaukee-pokemon-permits.html</topic_url>
<topic_text>
US County Wants Pokemon Go to Get Permit So Users Can Play Game in Parks © AFP 2016/ Remko de Waal / ANP 1 12 0 1 A Milwaukee, Minnesota county parks director is claiming that Pokemon GO is violating a county ordinance requiring a permit to play games in a park, and he is asking the game developer to remove all ‘Poke stops’ from public squares, until a permit is obtained. © AFP 2016/ Thomas SAMSON France to Urge Pokemon Go Developer Remove Rare Monsters From Schools A letter sent to game developer Niantic states that the company &quot;must deactivate and remove all Pokemon GO sites, including Poke stops and Gyms within Milwaukee County parks.”
The parks director, John Dargle, claims that his organization has received many complaints from park goers and neighbors about people flocking to parks to play the virtual scavenger hunt game. &quot;We&apos;re asking them to submit a permit so that we understand who is the contact (and) how we can get a hold of them if this should get out of hand,&quot; Dargle stated. 
The city also claims that the increase in people flocking to the park has lead to more trash, so they are seeking a cut of Niantic’s earnings from the in-app purchases as well as from a local artist who has begun selling Pokemon themed art in the park. 
&quot;Everybody likes fun recreation. The parks are there to be used by the public, but when it starts interfering with other people&apos;s ability to enjoy their own park, when there&apos;s more trash, you know, we have to get serious about it,&quot; Milwaukee County Executive Chris Abele told WISN . &quot;Parks wants a cut of that revenue so we can help catch up on deferred maintenance.” 
Players argue that people have a right to play with their phones and enjoy parks, because that is the definition of civic space. 
&quot;I understand the danger, the worry, the fears behind that, but from what I&apos;ve seen, everyone plays respectfully here. Everyone&apos;s extremely polite, and I don&apos;t know why people wouldn&apos;t want the parks to be filled with people. That&apos;s what parks are made for,&quot; player Andres Amaya told the station. © Sputnik/ Alexandr Kryazhev The city has set up a September 7 public meeting to address the issue.
Niantic has not responded to Dargle’s letter. 
The Milwaukee Parks and Rec isn’t the first organization to try to cash in on the game’s popularity. A Michigan couple filed a lawsuit claiming that the augmented reality game “ruined their neighborhood,” and they are seeking a cut of the revenue. 
The couple lives across from Wahby Park, which contains a Poke gym and multiple stops, or, to be more precise, the GPS coordinates where players battle virtual creatures, find new Pokemon, and gather supplies for use in the game. 
The lawsuit aims to eliminate the implementation of Poke stops near private property without the owner’s permission, and seeks a cut of the profits from the game for residents who live near a stop. 
Niantic acknowledges stops are sometimes placed on or near private property, and has a notice on the app which states; &quot;If you can&apos;t get to the Pokestop because it&apos;s on private property, there will be more just around the corner, so don&apos;t worry!&quot; ...
</topic_text>
<spam_score>0.00</spam_score>
<post_num>1</post_num>
<post_id>post-1</post_id>
<post_url>http://sputniknews.com/us/20160831/1044797014/milwaukee-pokemon-permits.html</post_url>
<post_date>20160831</post_date>
<post_time>0021</post_time>
<username></username>
<post>
US County Wants Pokemon Go to Get Permit So Users Can Play Game in Parks © AFP 2016/ Remko de Waal / ANP 1 12 0 1 A Milwaukee, Minnesota county parks director is claiming that Pokemon GO is violating a county ordinance requiring a permit to play games in a park, and he is asking the game developer to remove all ‘Poke stops’ from public squares, until a permit is obtained. © AFP 2016/ Thomas SAMSON France to Urge Pokemon Go Developer Remove Rare Monsters From Schools A letter sent to game developer Niantic states that the company &quot;must deactivate and remove all Pokemon GO sites, including Poke stops and Gyms within Milwaukee County parks.”
The parks director, John Dargle, claims that his organization has received many complaints from park goers and neighbors about people flocking to parks to play the virtual scavenger hunt game. &quot;We&apos;re asking them to submit a permit so that we understand who is the contact (and) how we can get a hold of them if this should get out of hand,&quot; Dargle stated. 
The city also claims that the increase in people flocking to the park has lead to more trash, so they are seeking a cut of Niantic’s earnings from the in-app purchases as well as from a local artist who has begun selling Pokemon themed art in the park. 
&quot;Everybody likes fun recreation. The parks are there to be used by the public, but when it starts interfering with other people&apos;s ability to enjoy their own park, when there&apos;s more trash, you know, we have to get serious about it,&quot; Milwaukee County Executive Chris Abele told WISN . &quot;Parks wants a cut of that revenue so we can help catch up on deferred maintenance.” 
Players argue that people have a right to play with their phones and enjoy parks, because that is the definition of civic space. 
&quot;I understand the danger, the worry, the fears behind that, but from what I&apos;ve seen, everyone plays respectfully here. Everyone&apos;s extremely polite, and I don&apos;t know why people wouldn&apos;t want the parks to be filled with people. That&apos;s what parks are made for,&quot; player Andres Amaya told the station. © Sputnik/ Alexandr Kryazhev The city has set up a September 7 public meeting to address the issue.
Niantic has not responded to Dargle’s letter. 
The Milwaukee Parks and Rec isn’t the first organization to try to cash in on the game’s popularity. A Michigan couple filed a lawsuit claiming that the augmented reality game “ruined their neighborhood,” and they are seeking a cut of the revenue. 
The couple lives across from Wahby Park, which contains a Poke gym and multiple stops, or, to be more precise, the GPS coordinates where players battle virtual creatures, find new Pokemon, and gather supplies for use in the game. 
The lawsuit aims to eliminate the implementation of Poke stops near private property without the owner’s permission, and seeks a cut of the profits from the game for residents who live near a stop. 
Niantic acknowledges stops are sometimes placed on or near private property, and has a notice on the app which states; &quot;If you can&apos;t get to the Pokestop because it&apos;s on private property, there will be more just around the corner, so don&apos;t worry!&quot; ...
</post>
<signature>

</signature>
<external_links>

</external_links>
<country>RU</country>
<main_image>https://cdn3.img.sputniknews.com/images/104334/48/1043344899.jpg</main_image>
</document>
