<?xml version="1.0" encoding="UTF-8"?>
<document>
<type>mainstream</type>
<forum></forum>
<forum_title></forum_title>
<discussion_title>罰ゲーム | 心理テストで深層心理をわかっちゃおう(・∀・)</discussion_title>
<language>english</language>
<gmt_offset></gmt_offset>
<topic_url>http://ringtree.info/sinritest/?p=135</topic_url>
<topic_text>

</topic_text>
<spam_score>0.00</spam_score>
<post_num>1</post_num>
<post_id>post-1</post_id>
<post_url>http://ringtree.info/sinritest/?p=135</post_url>
<post_date>20140409</post_date>
<post_time></post_time>
<username></username>
<post>

</post>
<signature>

</signature>
<external_links>

</external_links>
<country>JP</country>
<main_image></main_image>
</document>
