<?xml version="1.0" encoding="UTF-8"?>
<document>
<type>mainstream</type>
<forum>http://www.trelleborgsallehanda.se/feed</forum>
<forum_title>Trelleborgs Allehanda</forum_title>
<discussion_title>Ambulanspersonal hjälpte misshandlad – attackerades</discussion_title>
<language>swedish</language>
<gmt_offset></gmt_offset>
<topic_url>http://www.trelleborgsallehanda.se/nyheter/ambulanspersonal-hjalpte-misshandlad-attackerades/</topic_url>
<topic_text>
, uppdaterad 2 timmar sedan Ambulanspersonal som ingrep efter en misshandel i Malmö blev själva offer för en misshandel när en av gärningsmännen återvände till platsen. A A 
Enligt Sydsvenskan inträffade händelsen vid åttatiden på tisdagskvällen vid Munkehättegatan i Malmö. Vittnen såg då en man i 50-årsåldern bli misshandlad med sparkar av ett gäng personer, som sedan försvann från platsen. 
Flera personer kom fram för att hjälpa mannen, som var vid medvetande men hade blåmärke och jack i pannan, och inom kort anlände även ambulanspersonal. 
Enligt ett vittne som Sydsvenskan pratat med sprang då en av gärningsmännen, en ung kille, fram med en cykel och kastade den på en av ambulansmännen så att denne föll ihop. 
– Angreppet var chockartat. Det är fruktansvärt att ge sig på ambulanspersonal. Resten av människorna som bor i området blir drabbade om ambulanspersonalen blir rädda, säger vittnet till tidningen.  
</topic_text>
<spam_score>0.00</spam_score>
<post_num>1</post_num>
<post_id>post-1</post_id>
<post_url>http://www.trelleborgsallehanda.se/nyheter/ambulanspersonal-hjalpte-misshandlad-attackerades/</post_url>
<post_date>20160830</post_date>
<post_time>2229</post_time>
<username>nattwebbare@gotamedia.se (Fredrik Tano)</username>
<post>
, uppdaterad 2 timmar sedan Ambulanspersonal som ingrep efter en misshandel i Malmö blev själva offer för en misshandel när en av gärningsmännen återvände till platsen. A A 
Enligt Sydsvenskan inträffade händelsen vid åttatiden på tisdagskvällen vid Munkehättegatan i Malmö. Vittnen såg då en man i 50-årsåldern bli misshandlad med sparkar av ett gäng personer, som sedan försvann från platsen. 
Flera personer kom fram för att hjälpa mannen, som var vid medvetande men hade blåmärke och jack i pannan, och inom kort anlände även ambulanspersonal. 
Enligt ett vittne som Sydsvenskan pratat med sprang då en av gärningsmännen, en ung kille, fram med en cykel och kastade den på en av ambulansmännen så att denne föll ihop. 
– Angreppet var chockartat. Det är fruktansvärt att ge sig på ambulanspersonal. Resten av människorna som bor i området blir drabbade om ambulanspersonalen blir rädda, säger vittnet till tidningen.  
</post>
<signature>

</signature>
<external_links>

</external_links>
<country>SE</country>
<main_image>http://www.trelleborgsallehanda.se/wp-content/themes/trelleborgsallehanda/assets/compile/svg/facebook.png</main_image>
</document>
