<?xml version="1.0" encoding="UTF-8"?>
<document>
<type>mainstream</type>
<forum>http://observator.ro/stiri/articole-sanatate/page/22</forum>
<forum_title>Sănătate | Observator de Constanta - Pagina 22</forum_title>
<discussion_title>studiu despre structura creierului</discussion_title>
<language>romanian</language>
<gmt_offset></gmt_offset>
<topic_url>http://observator.ro/articole-sanatate-studiu-in-functie-de-structura-creierului-suntem-sau-nu-de-acord-cu-ceilalti-360436.html</topic_url>
<topic_text>
Unii oameni nu acceptă orice răspuns din partea celorlalţi, în timp ce alţii dau din cap afirmativ, în orice situaţie.
Cercetătorii au scanat creierul uman şi au descoperit că acei oameni sunt rareori în contradicţie cu ceilalţi au o structură diferită a creierului.
Aceste zone ale creierului sunt corelate şi cu alte implicaţii de viaţă, cum ar fi incapacitatea de a lua decizii bune, anxietatea şi problemele în relaţiile interpersonale, explică savanţii citaţi de Daily Mail.
„Oamenii preferă să fie de acord cu ceilalţi, o normă socială cunoscută drept „echilibrul adevărului”, care ajută la formarea şi menţinerea relaţiilor sociale„, a declarat Dr. Pascal Molenberghs, autorul studiului citat, într-un comunicat de presă recent.
„Oamenii nu vor să afirme că alţi oameni nu spun adevărul sau că mint, deoarece acest gest generează o situaţie incomodă”.
Institutul de Neuroştiinţă Cognitivă şi Clinică Monash a folosit imagistica prin rezonanta magnetica functionala pentru a vedea care părţi din creier devin active, atunci când oamenii se contrazic reciproc.
„În acest studiu, am folosit fMRI pentru a vedea de ce oamenii nu doresc să fie în contradicţie cu ceilalţi şi cum este modulat acest efect de diferenţele individuale şi expertiza altor oameni”, relevă studiul publicat de revista medicală Frontiers in Human Neuroscience.
„I-am rugat pe participanţi, pentru prima oară, să ia o decizie activă, indiferent dacă sunt sau nu de acord cu ceilalţi”.
Pentru acest studiu, 39 de participanţi dreptaci au fost puşi în faţa a 192 de afirmaţii adevărate sau false din patru domenii: biologie, istorie, medicină şi fizică.
Fiecare subiect a avut 24 de afirmaţii adevărate şi 24 false, care au fost atribuite unui om cu expertiză ridicată sau scăzută în domeniul respectiv – un profesor sau un student.
„Expertiza, de exemplu, a fost o sursă puternică de persuasiune şi au generat un acord mai mare între oameni”, relevă studiul.
Participanţii au fost rugaţi să decidă care afirmaţii au fost adevărate şi care au fost false.
De asemenea, li s-a spus că fiecare răspuns a fost verificat pentru corectitudine şi cele mai multe au fost incorecte, în scopul de a-i determina să nu fie de acord unii cu ceilalţi.
„Obiectul principal al dezacordului între părţi nu au fost opiniile subiective, ci afirmaţiile obiective, corecte sau incorecte”, au scris cercetătorii.
„Mai mult, afirmaţiile au fost scrise astfel încât să îi pună în dificultate, cu scopul de a-i determina pe subiecţi să se bazeze pe o altă persoană – cea care le-a făcut – care dispunea de o expertiză mai bună sau mai slabă în domeniu. Astfel, participanţii s-au bazat mai mult pe expertiza altora, decât pe propria cunoaştere”.
Totuşi, contrar aşteptărilor, doar 50% dintre participanţi au fost de acord mai des cu afirmaţiile respective.
Rezultatele imagistice au arătat că acei oameni care se contrazic foarte rar cu ceilalţi prezintă activitate în cortexul prefrontal medial şi Insula anterioara, în momentul în care iau decizia de a se opune unor afirmaţii.
Aceste zone au fost corelate cu disonanţa cognitivă, o stare cu un înalt nivel de stres mental.
În situaţia în care ambele zone ale creierului sunt implicate în disonanţa cognitivă, actul dezacordului, pentru care apelează rar la acesta, „provoacă o mai mare disonanţă cognitivă”.
„Când întâmpini probleme în privinţa expunerii unui punct de vedere contrar celorlalţi, din cauza disonanţei cognitive puternice, s-ar putea să te confrunţi cu o serie de probleme sociale, emoţionale şi comportamentale, care îţi vor compromite capacitatea de a lua decizii autonome”, conchide studiul.
gandul.info
Distribuie: 
</topic_text>
<spam_score>0.20</spam_score>
<post_num>1</post_num>
<post_id>post-1</post_id>
<post_url>http://observator.ro/articole-sanatate-studiu-in-functie-de-structura-creierului-suntem-sau-nu-de-acord-cu-ceilalti-360436.html</post_url>
<post_date>20160209</post_date>
<post_time>1708</post_time>
<username>observatordeconstanta.ro</username>
<post>
Unii oameni nu acceptă orice răspuns din partea celorlalţi, în timp ce alţii dau din cap afirmativ, în orice situaţie.
Cercetătorii au scanat creierul uman şi au descoperit că acei oameni sunt rareori în contradicţie cu ceilalţi au o structură diferită a creierului.
Aceste zone ale creierului sunt corelate şi cu alte implicaţii de viaţă, cum ar fi incapacitatea de a lua decizii bune, anxietatea şi problemele în relaţiile interpersonale, explică savanţii citaţi de Daily Mail.
„Oamenii preferă să fie de acord cu ceilalţi, o normă socială cunoscută drept „echilibrul adevărului”, care ajută la formarea şi menţinerea relaţiilor sociale„, a declarat Dr. Pascal Molenberghs, autorul studiului citat, într-un comunicat de presă recent.
„Oamenii nu vor să afirme că alţi oameni nu spun adevărul sau că mint, deoarece acest gest generează o situaţie incomodă”.
Institutul de Neuroştiinţă Cognitivă şi Clinică Monash a folosit imagistica prin rezonanta magnetica functionala pentru a vedea care părţi din creier devin active, atunci când oamenii se contrazic reciproc.
„În acest studiu, am folosit fMRI pentru a vedea de ce oamenii nu doresc să fie în contradicţie cu ceilalţi şi cum este modulat acest efect de diferenţele individuale şi expertiza altor oameni”, relevă studiul publicat de revista medicală Frontiers in Human Neuroscience.
„I-am rugat pe participanţi, pentru prima oară, să ia o decizie activă, indiferent dacă sunt sau nu de acord cu ceilalţi”.
Pentru acest studiu, 39 de participanţi dreptaci au fost puşi în faţa a 192 de afirmaţii adevărate sau false din patru domenii: biologie, istorie, medicină şi fizică.
Fiecare subiect a avut 24 de afirmaţii adevărate şi 24 false, care au fost atribuite unui om cu expertiză ridicată sau scăzută în domeniul respectiv – un profesor sau un student.
„Expertiza, de exemplu, a fost o sursă puternică de persuasiune şi au generat un acord mai mare între oameni”, relevă studiul.
Participanţii au fost rugaţi să decidă care afirmaţii au fost adevărate şi care au fost false.
De asemenea, li s-a spus că fiecare răspuns a fost verificat pentru corectitudine şi cele mai multe au fost incorecte, în scopul de a-i determina să nu fie de acord unii cu ceilalţi.
„Obiectul principal al dezacordului între părţi nu au fost opiniile subiective, ci afirmaţiile obiective, corecte sau incorecte”, au scris cercetătorii.
„Mai mult, afirmaţiile au fost scrise astfel încât să îi pună în dificultate, cu scopul de a-i determina pe subiecţi să se bazeze pe o altă persoană – cea care le-a făcut – care dispunea de o expertiză mai bună sau mai slabă în domeniu. Astfel, participanţii s-au bazat mai mult pe expertiza altora, decât pe propria cunoaştere”.
Totuşi, contrar aşteptărilor, doar 50% dintre participanţi au fost de acord mai des cu afirmaţiile respective.
Rezultatele imagistice au arătat că acei oameni care se contrazic foarte rar cu ceilalţi prezintă activitate în cortexul prefrontal medial şi Insula anterioara, în momentul în care iau decizia de a se opune unor afirmaţii.
Aceste zone au fost corelate cu disonanţa cognitivă, o stare cu un înalt nivel de stres mental.
În situaţia în care ambele zone ale creierului sunt implicate în disonanţa cognitivă, actul dezacordului, pentru care apelează rar la acesta, „provoacă o mai mare disonanţă cognitivă”.
„Când întâmpini probleme în privinţa expunerii unui punct de vedere contrar celorlalţi, din cauza disonanţei cognitive puternice, s-ar putea să te confrunţi cu o serie de probleme sociale, emoţionale şi comportamentale, care îţi vor compromite capacitatea de a lua decizii autonome”, conchide studiul.
gandul.info
Distribuie: 
</post>
<signature>

</signature>
<external_links>

</external_links>
<country>RO</country>
<main_image>http://observator.ro/cdn/wp-content/uploads/2016/02/creierul-uman-un-mister.jpg</main_image>
</document>
