<?xml version="1.0" encoding="UTF-8"?>
<document>
<type>mainstream</type>
<forum>http://feeds.feedblitz.com/previouslytv</forum>
<forum_title>Previously.TV</forum_title>
<discussion_title>Watch Kevin Bacon And Jimmy Fallon Perform The First Draft Of &apos;Free Fallin&apos;&apos; On The Tonight Show :: Bacon nails the role of Tom Petty, and also seems to really like horses. [The Tonight Show Starring Jimmy Fallon]</discussion_title>
<language>english</language>
<gmt_offset></gmt_offset>
<topic_url>http://previously.tv/the-tonight-show-starring-jimmy-fallon/watch-kevin-bacon-and-jimmy-fallon-perform-the-first-draft-of-free-fallin-on-the-tonight-show/</topic_url>
<topic_text>
Watch Kevin Bacon And Jimmy Fallon Perform The First Draft Of &apos;Free Fallin&apos;&apos; On The Tonight Show Bacon nails the role of Tom Petty, and also seems to really like horses. E190 
When you write a masterpiece, you usually don&apos;t get it right on the first shot. Jimmy Fallon and Kevin Bacon sit in for Tom Petty and the Heartbreakers in this segment that shows the very first performance of the hit &quot;Free Fallin&apos;.&quot; Clearly, at this stage, it still needs a few tweaks.
</topic_text>
<spam_score>0.00</spam_score>
<post_num>1</post_num>
<post_id>post-1</post_id>
<post_url>http://previously.tv/the-tonight-show-starring-jimmy-fallon/watch-kevin-bacon-and-jimmy-fallon-perform-the-first-draft-of-free-fallin-on-the-tonight-show/</post_url>
<post_date>20160830</post_date>
<post_time>1430</post_time>
<username>Karen Belz</username>
<post>
Watch Kevin Bacon And Jimmy Fallon Perform The First Draft Of &apos;Free Fallin&apos;&apos; On The Tonight Show Bacon nails the role of Tom Petty, and also seems to really like horses. E190 
When you write a masterpiece, you usually don&apos;t get it right on the first shot. Jimmy Fallon and Kevin Bacon sit in for Tom Petty and the Heartbreakers in this segment that shows the very first performance of the hit &quot;Free Fallin&apos;.&quot; Clearly, at this stage, it still needs a few tweaks.
</post>
<signature>

</signature>
<external_links>

</external_links>
<country>US</country>
<main_image>http://previously.tv/m/2016-08-30-kevinbacon.jpg</main_image>
</document>
