<?xml version="1.0" encoding="UTF-8"?>
<document>
<type>mainstream</type>
<forum>http://www.sputniknews.com/export/rss2/archive/index.xml</forum>
<forum_title>Sputnik International</forum_title>
<discussion_title>Discovery of Distant Galaxy Cluster Growth Spurt Pushes Back Creation Timetable</discussion_title>
<language>english</language>
<gmt_offset></gmt_offset>
<topic_url>http://sputniknews.com/environment/20160830/1044790355/us-nasa-galaxy-creation.html</topic_url>
<topic_text>
Discovery of Distant Galaxy Cluster Growth Spurt Pushes Back Creation Timetable © NASA. CXC/CEA/T 0 216 4 1 The most distant galaxy cluster is going through an amazing growth spurt unlike any other, according to French Alternative Energies and Atomic Energy Commission (CEA) lead scientist Tao Wang. Our Galaxy Underwent Burst of Activity Six Million Years Ago WASHINGTON (Sputnik) — The most distant galaxy cluster yet discovered has been observed creating new stars at a rate of 3,000 per year, the National Aeronautics and Space Administration (NASA) said in a press release on Tuesday. &quot;This galaxy cluster isn’t just remarkable for its distance, it’s also going through an amazing growth spurt unlike any we’ve ever seen,&quot; said French Alternative Energies and Atomic Energy Commission (CEA) lead scientist Tao Wang said in the release. 
The core of CL J1001 contains eleven massive galaxies, nine of which are experiencing an impressive baby boom of stars, the release explained. Newly Discovered Mysterious Dwarf Galaxy Almost 100% Consists of Dark Matter The discovery of this object pushes back the formation time of galaxy clusters — the largest structures in the Universe held together by gravity — by about 700 million years, the release noted.
The cluster’s distance of 11.1 billion light years from Earth means that the activity observed today took place more than 11 billion years ago. 
The cluster was observed by NASA’s Chandra X-ray Observatory and other telescopes shortly after birth, a brief, but important stage of evolution never seen before, according to the release. ...
</topic_text>
<spam_score>0.00</spam_score>
<post_num>1</post_num>
<post_id>post-1</post_id>
<post_url>http://sputniknews.com/environment/20160830/1044790355/us-nasa-galaxy-creation.html</post_url>
<post_date>20160830</post_date>
<post_time>1751</post_time>
<username></username>
<post>
Discovery of Distant Galaxy Cluster Growth Spurt Pushes Back Creation Timetable © NASA. CXC/CEA/T 0 216 4 1 The most distant galaxy cluster is going through an amazing growth spurt unlike any other, according to French Alternative Energies and Atomic Energy Commission (CEA) lead scientist Tao Wang. Our Galaxy Underwent Burst of Activity Six Million Years Ago WASHINGTON (Sputnik) — The most distant galaxy cluster yet discovered has been observed creating new stars at a rate of 3,000 per year, the National Aeronautics and Space Administration (NASA) said in a press release on Tuesday. &quot;This galaxy cluster isn’t just remarkable for its distance, it’s also going through an amazing growth spurt unlike any we’ve ever seen,&quot; said French Alternative Energies and Atomic Energy Commission (CEA) lead scientist Tao Wang said in the release. 
The core of CL J1001 contains eleven massive galaxies, nine of which are experiencing an impressive baby boom of stars, the release explained. Newly Discovered Mysterious Dwarf Galaxy Almost 100% Consists of Dark Matter The discovery of this object pushes back the formation time of galaxy clusters — the largest structures in the Universe held together by gravity — by about 700 million years, the release noted.
The cluster’s distance of 11.1 billion light years from Earth means that the activity observed today took place more than 11 billion years ago. 
The cluster was observed by NASA’s Chandra X-ray Observatory and other telescopes shortly after birth, a brief, but important stage of evolution never seen before, according to the release. ...
</post>
<signature>

</signature>
<external_links>

</external_links>
<country>RU</country>
<main_image>https://cdn5.img.sputniknews.com/images/104479/03/1044790306.jpg</main_image>
</document>
