<?xml version="1.0" encoding="UTF-8"?>
<document>
<type>mainstream</type>
<forum>http://www.sputniknews.com/export/rss2/archive/index.xml</forum>
<forum_title>Sputnik International</forum_title>
<discussion_title>Report on Chemical Weapons Use in Syria Insufficient to Impose Sanctions</discussion_title>
<language>english</language>
<gmt_offset></gmt_offset>
<topic_url>http://sputniknews.com/politics/20160831/1044795948/opcw-chemical-weapons-syria.html</topic_url>
<topic_text>
Report on Chemical Weapons Use in Syria Insufficient to Impose Sanctions © AFP 2016/ Ammar al-Arbini 3 105 4 0 A recent report of the United Nations and the Organization for the Prohibition of Chemical Weapons (OPCW) on the use of chemical weapons in Syria is insufficient to introduce sanctions, Russia&apos;s envoy to UN Vitaly Churkin said. 
UNITED NATIONS (Sputnik) — On August 24, the United Nations and the OPCW released the results of a joint probe into chemical weapons attacks in Syria in 2014 and 2015 that said the Syrian government was allegedly involved in two and the Daesh jihadist group, outlawed in Russia, in one attack. On Tuesday the UN Security Council (UNSC) discussed the report and several its members said that it was necessary to impose sanctions on Damascus. © AFP 2016/ Ammar al-Arbini Hollande Urges UN to Impose Sanctions on Damascus Over Alleged Chemical Weapons Use &quot;Frankly, I don&apos;t but we continue to, of course, analyze the report but again there are two cases which they suggest is the fault of the Syrian side. We have very serious questions,&quot; Churkin told reporters after the Tuesday UNSC session, answering a question about the sufficiency of the report&apos;s results for introduction of the sanctions. &quot;We have started our discussion so — there is nobody to sanction in the report which was issued. It contains no names, it contains no specifics, as I say, there are no fingerprints. We have to behave professionally.&quot; ...
</topic_text>
<spam_score>0.00</spam_score>
<post_num>1</post_num>
<post_id>post-1</post_id>
<post_url>http://sputniknews.com/politics/20160831/1044795948/opcw-chemical-weapons-syria.html</post_url>
<post_date>20160830</post_date>
<post_time>2205</post_time>
<username></username>
<post>
Report on Chemical Weapons Use in Syria Insufficient to Impose Sanctions © AFP 2016/ Ammar al-Arbini 3 105 4 0 A recent report of the United Nations and the Organization for the Prohibition of Chemical Weapons (OPCW) on the use of chemical weapons in Syria is insufficient to introduce sanctions, Russia&apos;s envoy to UN Vitaly Churkin said. 
UNITED NATIONS (Sputnik) — On August 24, the United Nations and the OPCW released the results of a joint probe into chemical weapons attacks in Syria in 2014 and 2015 that said the Syrian government was allegedly involved in two and the Daesh jihadist group, outlawed in Russia, in one attack. On Tuesday the UN Security Council (UNSC) discussed the report and several its members said that it was necessary to impose sanctions on Damascus. © AFP 2016/ Ammar al-Arbini Hollande Urges UN to Impose Sanctions on Damascus Over Alleged Chemical Weapons Use &quot;Frankly, I don&apos;t but we continue to, of course, analyze the report but again there are two cases which they suggest is the fault of the Syrian side. We have very serious questions,&quot; Churkin told reporters after the Tuesday UNSC session, answering a question about the sufficiency of the report&apos;s results for introduction of the sanctions. &quot;We have started our discussion so — there is nobody to sanction in the report which was issued. It contains no names, it contains no specifics, as I say, there are no fingerprints. We have to behave professionally.&quot; ...
</post>
<signature>

</signature>
<external_links>

</external_links>
<country>RU</country>
<main_image>https://cdn1.img.sputniknews.com/images/104476/87/1044768712.jpg</main_image>
</document>
