<?xml version="1.0" encoding="UTF-8"?>
<document>
<type>mainstream</type>
<forum>http://www.sputniknews.com/export/rss2/archive/index.xml</forum>
<forum_title>Sputnik International</forum_title>
<discussion_title>Could the Pentagon’s $12.9 Billion Warship Be Obsolete Before its Maiden Voyage?</discussion_title>
<language>english</language>
<gmt_offset></gmt_offset>
<topic_url>http://sputniknews.com/military/20160831/1044796051/uss-ford-problems.html</topic_url>
<topic_text>
Could the Pentagon’s $12.9 Billion Warship Be Obsolete Before its Maiden Voyage? © Photo: Wikipedia/U.S. Navy 7 1096 6 1 The most expensive aircraft carrier in the arsenal of the United States, the USS Gerald R. Ford, is coming under review due to concerns about the vessel’s effectiveness. 
A review of the $12.9 billion warship conducted earlier this month found that the USS Ford may be obsolete before it enters into service. Quite a Spin: US Navy F-35C’s &apos;Precision&apos; Damages Runways &quot;If the United States Navy is either unwilling or unable to conceptualize a carrier air wing that can fight on the first day of a high-end conflict, then the question becomes: Why should the American taxpayers shell out $13 billion for a Ford-class carrier?&quot; Dave Majumdar wrote for the National Interest. 
But bizarrely, an effort to keep the carrier Ford on the cutting technological edge may have backfired. 
&quot;With the benefit of hindsight, it was clearly premature to include so many unproven technologies [on the vessel],&quot; Frank Kendall, the Pentagon’s top weapons buyer, wrote in a memo, according to the Japan Times . © AP Photo/ Lockheed-Martin via U.S. Navy, File Third US Navy Freedom-Class Ship Breaks Down in Past Eight Months 
The new, unproven technologies include propulsion and electrical system components, launch and recover systems for aircraft, and radar &quot;integration issues.&quot; 
&quot;What we have to determine now is whether it is best to ‘stay the course’ or adjust our plans,&quot; the memo reads. 
A review is needed not only to solve inherent problems with the USS Ford, but to ensure that the second and third Ford-class ships aren’t built with the same errors. All told, the program is expected to cost roughly $42 billion. 
Speaking with the Japan Times, Navy spokesman Cmdr. Mike Kafka attempted to downplay the ship’s problems. © AP Photo/ Steve Helber Pentagon: Most Expensive US Aircraft Carrier USS Gerald Ford Won’t Succeed in Combat 
&quot;The USS Ford, like every first-of-class ship ever built, has and will continue to face challenges,&quot; he said. &quot;However, the capabilities resident on Ford are needed now and in the future, and the Navy will continue to work hard to get Ford completed and into the fleet, paying close attention to both new and legacy systems.&quot; 
The Ford was expected to be delivered to the Navy at the end of the year, with worldwide operations beginning in 2021. 
&quot;This date my need to be revised as we continue shipboard testing,&quot; Kafka acknowledged. ...
</topic_text>
<spam_score>0.00</spam_score>
<post_num>1</post_num>
<post_id>post-1</post_id>
<post_url>http://sputniknews.com/military/20160831/1044796051/uss-ford-problems.html</post_url>
<post_date>20160830</post_date>
<post_time>2257</post_time>
<username></username>
<post>
Could the Pentagon’s $12.9 Billion Warship Be Obsolete Before its Maiden Voyage? © Photo: Wikipedia/U.S. Navy 7 1096 6 1 The most expensive aircraft carrier in the arsenal of the United States, the USS Gerald R. Ford, is coming under review due to concerns about the vessel’s effectiveness. 
A review of the $12.9 billion warship conducted earlier this month found that the USS Ford may be obsolete before it enters into service. Quite a Spin: US Navy F-35C’s &apos;Precision&apos; Damages Runways &quot;If the United States Navy is either unwilling or unable to conceptualize a carrier air wing that can fight on the first day of a high-end conflict, then the question becomes: Why should the American taxpayers shell out $13 billion for a Ford-class carrier?&quot; Dave Majumdar wrote for the National Interest. 
But bizarrely, an effort to keep the carrier Ford on the cutting technological edge may have backfired. 
&quot;With the benefit of hindsight, it was clearly premature to include so many unproven technologies [on the vessel],&quot; Frank Kendall, the Pentagon’s top weapons buyer, wrote in a memo, according to the Japan Times . © AP Photo/ Lockheed-Martin via U.S. Navy, File Third US Navy Freedom-Class Ship Breaks Down in Past Eight Months 
The new, unproven technologies include propulsion and electrical system components, launch and recover systems for aircraft, and radar &quot;integration issues.&quot; 
&quot;What we have to determine now is whether it is best to ‘stay the course’ or adjust our plans,&quot; the memo reads. 
A review is needed not only to solve inherent problems with the USS Ford, but to ensure that the second and third Ford-class ships aren’t built with the same errors. All told, the program is expected to cost roughly $42 billion. 
Speaking with the Japan Times, Navy spokesman Cmdr. Mike Kafka attempted to downplay the ship’s problems. © AP Photo/ Steve Helber Pentagon: Most Expensive US Aircraft Carrier USS Gerald Ford Won’t Succeed in Combat 
&quot;The USS Ford, like every first-of-class ship ever built, has and will continue to face challenges,&quot; he said. &quot;However, the capabilities resident on Ford are needed now and in the future, and the Navy will continue to work hard to get Ford completed and into the fleet, paying close attention to both new and legacy systems.&quot; 
The Ford was expected to be delivered to the Navy at the end of the year, with worldwide operations beginning in 2021. 
&quot;This date my need to be revised as we continue shipboard testing,&quot; Kafka acknowledged. ...
</post>
<signature>

</signature>
<external_links>

</external_links>
<country>RU</country>
<main_image>https://cdn3.img.sputniknews.com/images/103590/16/1035901664.jpg</main_image>
</document>
