<?xml version="1.0" encoding="UTF-8"?>
<document>
<type>mainstream</type>
<forum>http://comicbook.com//rss</forum>
<forum_title>Comicbook.com</forum_title>
<discussion_title>Avengers: Infinity War: Five Things We Want To See</discussion_title>
<language>english</language>
<gmt_offset></gmt_offset>
<topic_url>http://comicbook.com/2016/08/30/avengers-infinity-war-five-things-we-want-to-see-2/</topic_url>
<topic_text>
Avengers: Infinity War: Five Things We Want To See Charlie Ridgely Start Slideshow Slide of 
Over the last eight years, the Marvel Cinematic Universe has dominated the American box office, been adored by critics, and won over the hearts of millions of fans. Each film has been incredible in its own right, but the studio has been praised for doing such a great job at building toward its eventual finale. That finale, of course, is Avengers: Infinity War . There&apos;s no doubt Marvel Cinematic films will continue once the story reaches its conclusion, but this penultimate film will likely see and ending for fan-favorite characters like Steve Rogers, Thor, and Bruce Banner. It&apos;s going to be a film event on a grander scale than anything we&apos;ve yet to see, and fans are clammoring for all of their favorite characters and scenes to make an appearance. 
Infinity War will follow the Infinity Gauntlet story-line that was released from Marvel Comics in 1991. The story follows Marvel&apos;s biggest baddie, Thanos, as he uses the six infinity stones to embody the entire universe. If that doesn&apos;t make much sense, let&apos;s put it this way: the big purple guy in space is trying to steal all of those powerful stones from the Marvel movies, and put them in that giant glove he grabbed during the Age of Ultron credits. There, make sense now? Anyway, the comic series has become one of Marvel&apos;s most beloved stories in history, so it makes sense that the film is quickly becoming one of the most anticipated of all time. 
With all this excitement going on, there are bound to be numerous questions raised. Will the movie stick close to the comics? Will my favorite Avenger die? Will we have to wait until the sequel in 2019 to see what happens? Each fan has their own ideas about what will happen in this film, and each of these thoughts is just as fun to think about as the next. So, what will happen in Avengers: Infinity War ? Let&apos;s take a look at five things we&apos;re dying to see!
</topic_text>
<spam_score>0.00</spam_score>
<post_num>1</post_num>
<post_id>post-1</post_id>
<post_url>http://comicbook.com/2016/08/30/avengers-infinity-war-five-things-we-want-to-see-2/</post_url>
<post_date>20160831</post_date>
<post_time>0010</post_time>
<username>Charlie Ridgely</username>
<post>
Avengers: Infinity War: Five Things We Want To See Charlie Ridgely Start Slideshow Slide of 
Over the last eight years, the Marvel Cinematic Universe has dominated the American box office, been adored by critics, and won over the hearts of millions of fans. Each film has been incredible in its own right, but the studio has been praised for doing such a great job at building toward its eventual finale. That finale, of course, is Avengers: Infinity War . There&apos;s no doubt Marvel Cinematic films will continue once the story reaches its conclusion, but this penultimate film will likely see and ending for fan-favorite characters like Steve Rogers, Thor, and Bruce Banner. It&apos;s going to be a film event on a grander scale than anything we&apos;ve yet to see, and fans are clammoring for all of their favorite characters and scenes to make an appearance. 
Infinity War will follow the Infinity Gauntlet story-line that was released from Marvel Comics in 1991. The story follows Marvel&apos;s biggest baddie, Thanos, as he uses the six infinity stones to embody the entire universe. If that doesn&apos;t make much sense, let&apos;s put it this way: the big purple guy in space is trying to steal all of those powerful stones from the Marvel movies, and put them in that giant glove he grabbed during the Age of Ultron credits. There, make sense now? Anyway, the comic series has become one of Marvel&apos;s most beloved stories in history, so it makes sense that the film is quickly becoming one of the most anticipated of all time. 
With all this excitement going on, there are bound to be numerous questions raised. Will the movie stick close to the comics? Will my favorite Avenger die? Will we have to wait until the sequel in 2019 to see what happens? Each fan has their own ideas about what will happen in this film, and each of these thoughts is just as fun to think about as the next. So, what will happen in Avengers: Infinity War ? Let&apos;s take a look at five things we&apos;re dying to see!
</post>
<signature>

</signature>
<external_links>

</external_links>
<country>US</country>
<main_image>http://media.comicbook.com/2016/08/civil-infinity-war-196425-640x320.jpg</main_image>
</document>
