<?xml version="1.0" encoding="UTF-8"?>
<document>
<type>mainstream</type>
<forum></forum>
<forum_title></forum_title>
<discussion_title>US joins growing list of countries with Singapore travel warning | TODAYonline</discussion_title>
<language>english</language>
<gmt_offset></gmt_offset>
<topic_url>http://www.todayonline.com/singapore/us-joins-growing-list-countries-singapore-travel-warning</topic_url>
<topic_text>
US joins growing list of countries with Singapore travel warning CDC travel advisory. Photo: USCDC screengrab Tweet Published: 8:35 AM, August 31, 2016 
SINGAPORE — The United States on Tuesday (Aug 30) joined a growing list of countries warning pregnant women or those trying to get pregnant to avoid travel to Singapore. The Zika virus poses a particular risk to pregnant women because it has been linked to microcephaly, a severe birth defect in which babies are born with abnormally small heads and underdeveloped brains. On Tuesday, the US Centers for Disease Control and Prevention (CDC) added Singapore to its interim travel guidance list, warning pregnant women not to travel to Singapore. The CDC website advised all travellers to practise enhanced precautions to prevent mosquito bites. It warned pregnant women not to travel to Singapore, but those who must travel should talk to their doctors first. It also recommended women trying to become pregnant to wait at least eight weeks after their return before trying to conceive. The CDC also advised travellers returning to the United States from Singapore to take steps to prevent mosquito bites for three weeks so that they do not spread Zika to uninfected mosquitoes. The US joins Australia, Taiwan, South Korea and the UK in issuing travel warnings. 
</topic_text>
<spam_score>0.76</spam_score>
<post_num>1</post_num>
<post_id>post-1</post_id>
<post_url>http://www.todayonline.com/singapore/us-joins-growing-list-countries-singapore-travel-warning</post_url>
<post_date>20160831</post_date>
<post_time></post_time>
<username></username>
<post>
US joins growing list of countries with Singapore travel warning CDC travel advisory. Photo: USCDC screengrab Tweet Published: 8:35 AM, August 31, 2016 
SINGAPORE — The United States on Tuesday (Aug 30) joined a growing list of countries warning pregnant women or those trying to get pregnant to avoid travel to Singapore. The Zika virus poses a particular risk to pregnant women because it has been linked to microcephaly, a severe birth defect in which babies are born with abnormally small heads and underdeveloped brains. On Tuesday, the US Centers for Disease Control and Prevention (CDC) added Singapore to its interim travel guidance list, warning pregnant women not to travel to Singapore. The CDC website advised all travellers to practise enhanced precautions to prevent mosquito bites. It warned pregnant women not to travel to Singapore, but those who must travel should talk to their doctors first. It also recommended women trying to become pregnant to wait at least eight weeks after their return before trying to conceive. The CDC also advised travellers returning to the United States from Singapore to take steps to prevent mosquito bites for three weeks so that they do not spread Zika to uninfected mosquitoes. The US joins Australia, Taiwan, South Korea and the UK in issuing travel warnings. 
</post>
<signature>

</signature>
<external_links>

</external_links>
<country>SG</country>
<main_image>http://www.todayonline.com/sites/default/files/photos/43_images/27270147.JPG</main_image>
</document>
