<?xml version="1.0" encoding="UTF-8"?>
<document>
<type>mainstream</type>
<forum>http://feeds.feedblitz.com/previouslytv</forum>
<forum_title>Previously.TV</forum_title>
<discussion_title>What The Beverly Hills, 90210 Visual Aids Did On Their Summer Vacation :: Grew goatees; sulked at the bottom of a bottle about getting conned; you know, the usz. [Beverly Hills, 90210]</discussion_title>
<language>english</language>
<gmt_offset></gmt_offset>
<topic_url>http://previously.tv/beverly-hills-90210/what-the-beverly-hills-90210-visual-aids-did-on-their-summer-vacation/</topic_url>
<topic_text>
What The Beverly Hills, 90210 Visual Aids Did On Their Summer Vacation Grew goatees; sulked at the bottom of a bottle about getting conned; you know, the usz. E01 
Like the Again With This podcast that goes with these Visual Aids really cares where Lucy and Desi used to live? 
Nineties lady hair in full effect in the new credits. From left: stringy tri-shaggle; Rachel of a certain age; overprocessed centurion helmet. 
This is how little the show -- and we -- cared about getting the flashback right: O ndrea&apos;s wearing the same shirt in both shots. Doesn&apos;t seem like a nursing mom who&apos;s spending the bulk of her days in the hospital giving the baby &quot;skin time&quot; would bother with that mumsy necklace, but what do we know. 
A stranger is obliged to feign interest in the boringest family on the ward. We are not. Shut up, Suckerman-Vasque es. 
Rex, put down that Mademoiselle and straighten your arms out. 
Blondes have less fun. Could be the mic pack digging into her ass in Donna&apos;s case. You couldn&apos;t hide that with one of the blousiest garments known to woman, Wardrobe? 
Kelly&apos;s dollar-store braid wig. Literally dozens of Barbies died to make that mess. 
[ Sparky Polastri voice ] Too much product... 
...not enough product. 
Joe E. Tata, call your agent. 
RIP The Club Formerly Known As Prince. 
Stalker much, weirdo? 
What &quot;fashion expo&quot;? And what&apos;s with the athletic trophy in Brenda&apos;s room? Is Lavoine a sport now? 
Sharpest pleats in the Zip. 
Why is this lamp. 
Getting-dressed stuff. 
Forget the pants for right now, hoss; go grab yourself a shave. Grab two. And button your shirt . 
Guess that hip-hop-tarpaulin order didn&apos;t get to the set on time &apos;cause David&apos;s rocking a Steve lewk at the airport. 
The identity of this pissy hobo would be a lot more mysterious if we hadn&apos;t seen the wind billowing said hobo&apos;s various and sundry shirts over the years and making him look like a stick insect stuck to a bubble of Big League Chew. 
...DUN!!1! Or whatever. 
Cerveza trágica . 
Hey, it&apos;s Howie Long! Bet he AND Troy Aikman could fit into a single leg of Brandon&apos;s widest pants yet. Seriously, the next time you find yourself complaining about hipsters in your town wearing ladies&apos; dungarees, come back to this snap. 
Hard no on this toaster of a sneaker, although anything it can do to blot out those girly sheets is probably a plus. 
The three-piece Canadian tuxedo. 
Estrabismo sin dinero . 
Coming in on a sexy- Seinfeld genderfuck cosplay is a bold move, Valerie. And we applaud you. 
The gang meet-cutes Val. Flawless bob flip, too. 
A finger-gun? Girl knows her audience. 
A maxi tiny-print sundress and moto boots = the &apos;90s. (See also: the high-heeled Superga knockoffs on Kel. Sarah owned all of that shteez.) 
&quot;Josh, is it? Yeah, run get Mr. Priestley a box to stand on, will you? Otherwise he can&apos;t pull off the Captain Possessivo.&quot; 
A new bathroom era begins. Same ill-advised claw clips as the previous era, however. 
That shirt&apos;s gonna keep you up; it&apos;s SO LOUD. 
Not the greatest technique we&apos;ve ever seen, NOT THAT EITHER OF US WOULD KNOW, but the point is, we get it. VAL BAAAAD. 
The pride of Buffalo + the chronic = buckle up, folks.
</topic_text>
<spam_score>0.00</spam_score>
<post_num>1</post_num>
<post_id>post-1</post_id>
<post_url>http://previously.tv/beverly-hills-90210/what-the-beverly-hills-90210-visual-aids-did-on-their-summer-vacation/</post_url>
<post_date>20160829</post_date>
<post_time>1301</post_time>
<username>Sarah D. Bunting</username>
<post>
What The Beverly Hills, 90210 Visual Aids Did On Their Summer Vacation Grew goatees; sulked at the bottom of a bottle about getting conned; you know, the usz. E01 
Like the Again With This podcast that goes with these Visual Aids really cares where Lucy and Desi used to live? 
Nineties lady hair in full effect in the new credits. From left: stringy tri-shaggle; Rachel of a certain age; overprocessed centurion helmet. 
This is how little the show -- and we -- cared about getting the flashback right: O ndrea&apos;s wearing the same shirt in both shots. Doesn&apos;t seem like a nursing mom who&apos;s spending the bulk of her days in the hospital giving the baby &quot;skin time&quot; would bother with that mumsy necklace, but what do we know. 
A stranger is obliged to feign interest in the boringest family on the ward. We are not. Shut up, Suckerman-Vasque es. 
Rex, put down that Mademoiselle and straighten your arms out. 
Blondes have less fun. Could be the mic pack digging into her ass in Donna&apos;s case. You couldn&apos;t hide that with one of the blousiest garments known to woman, Wardrobe? 
Kelly&apos;s dollar-store braid wig. Literally dozens of Barbies died to make that mess. 
[ Sparky Polastri voice ] Too much product... 
...not enough product. 
Joe E. Tata, call your agent. 
RIP The Club Formerly Known As Prince. 
Stalker much, weirdo? 
What &quot;fashion expo&quot;? And what&apos;s with the athletic trophy in Brenda&apos;s room? Is Lavoine a sport now? 
Sharpest pleats in the Zip. 
Why is this lamp. 
Getting-dressed stuff. 
Forget the pants for right now, hoss; go grab yourself a shave. Grab two. And button your shirt . 
Guess that hip-hop-tarpaulin order didn&apos;t get to the set on time &apos;cause David&apos;s rocking a Steve lewk at the airport. 
The identity of this pissy hobo would be a lot more mysterious if we hadn&apos;t seen the wind billowing said hobo&apos;s various and sundry shirts over the years and making him look like a stick insect stuck to a bubble of Big League Chew. 
...DUN!!1! Or whatever. 
Cerveza trágica . 
Hey, it&apos;s Howie Long! Bet he AND Troy Aikman could fit into a single leg of Brandon&apos;s widest pants yet. Seriously, the next time you find yourself complaining about hipsters in your town wearing ladies&apos; dungarees, come back to this snap. 
Hard no on this toaster of a sneaker, although anything it can do to blot out those girly sheets is probably a plus. 
The three-piece Canadian tuxedo. 
Estrabismo sin dinero . 
Coming in on a sexy- Seinfeld genderfuck cosplay is a bold move, Valerie. And we applaud you. 
The gang meet-cutes Val. Flawless bob flip, too. 
A finger-gun? Girl knows her audience. 
A maxi tiny-print sundress and moto boots = the &apos;90s. (See also: the high-heeled Superga knockoffs on Kel. Sarah owned all of that shteez.) 
&quot;Josh, is it? Yeah, run get Mr. Priestley a box to stand on, will you? Otherwise he can&apos;t pull off the Captain Possessivo.&quot; 
A new bathroom era begins. Same ill-advised claw clips as the previous era, however. 
That shirt&apos;s gonna keep you up; it&apos;s SO LOUD. 
Not the greatest technique we&apos;ve ever seen, NOT THAT EITHER OF US WOULD KNOW, but the point is, we get it. VAL BAAAAD. 
The pride of Buffalo + the chronic = buckle up, folks.
</post>
<signature>

</signature>
<external_links>

</external_links>
<country>US</country>
<main_image>http://previously.tv/m/2016-08-29-awt-501-header.jpg</main_image>
</document>
