<?xml version="1.0" encoding="UTF-8"?>
<document>
<type>mainstream</type>
<forum>http://www.onenewspage.com/rss/latest/Front+Page.rss</forum>
<forum_title>Latest Front Page News on One News Page</forum_title>
<discussion_title>Lyft and Uber launch programs to cater to seniors</discussion_title>
<language>english</language>
<gmt_offset></gmt_offset>
<topic_url>http://www.onenewspage.com/n/Front+Page/759s631bo/Lyft-and-Uber-launch-programs-to-cater-to.htm</topic_url>
<topic_text>
Lyft and Uber launch programs to cater to seniors Wednesday, 31 August 2016 ( 11 minutes ago ) Both ride-hailing companies recently announced partnerships with service providers that allow older customers to book rides through a phone operator, bypassing smartphone apps entirely.
</topic_text>
<spam_score>0.00</spam_score>
<post_num>1</post_num>
<post_id>post-1</post_id>
<post_url>http://www.onenewspage.com/n/Front+Page/759s631bo/Lyft-and-Uber-launch-programs-to-cater-to.htm</post_url>
<post_date>20160831</post_date>
<post_time>0028</post_time>
<username></username>
<post>
Lyft and Uber launch programs to cater to seniors Wednesday, 31 August 2016 ( 11 minutes ago ) Both ride-hailing companies recently announced partnerships with service providers that allow older customers to book rides through a phone operator, bypassing smartphone apps entirely.
</post>
<signature>

</signature>
<external_links>

</external_links>
<country>US</country>
<main_image>http://cdn.newsserve.net/ONPglobe128.png</main_image>
</document>
