<?xml version="1.0" encoding="UTF-8"?>
<document>
<type>mainstream</type>
<forum>http://www.trading-house.net/rss/meldungen/</forum>
<forum_title>trading-house.net Nachrichtenfeed</forum_title>
<discussion_title>Alle Wände voll zu tun</discussion_title>
<language>german</language>
<gmt_offset></gmt_offset>
<topic_url>http://www.trading-house.net/news/alle-waende-voll-zu-tun-50947209</topic_url>
<topic_text>
31.08.2016 - 02:17 Uhr Alle Wände voll zu tun Die Fassadenbauer sind derzeit als Plättlileger gefragt: Auffallend viele neue Hauswände in der Stadt werden geplättelt. Ein Blick hinter die Fassaden mit Kacheln und falschen Klinkern.
</topic_text>
<spam_score>0.00</spam_score>
<post_num>1</post_num>
<post_id>post-1</post_id>
<post_url>http://www.trading-house.net/news/alle-waende-voll-zu-tun-50947209</post_url>
<post_date>20160831</post_date>
<post_time>0017</post_time>
<username></username>
<post>
31.08.2016 - 02:17 Uhr Alle Wände voll zu tun Die Fassadenbauer sind derzeit als Plättlileger gefragt: Auffallend viele neue Hauswände in der Stadt werden geplättelt. Ein Blick hinter die Fassaden mit Kacheln und falschen Klinkern.
</post>
<signature>

</signature>
<external_links>

</external_links>
<country>DE</country>
<main_image></main_image>
</document>
