<?xml version="1.0" encoding="UTF-8"?>
<document>
<type>mainstream</type>
<forum>http://comicbook.com//rss</forum>
<forum_title>Comicbook.com</forum_title>
<discussion_title>Supergirl: First Look at M&apos;gann M&apos;orzz On Set</discussion_title>
<language>english</language>
<gmt_offset></gmt_offset>
<topic_url>http://comicbook.com/2016/08/30/supergirl-first-look-at-mgann-morzz-on-set/</topic_url>
<topic_text>
Supergirl: First Look at M&apos;gann M&apos;orzz On Set Amy Awesome Tweet This 
Miss Martian (M&apos;gann M&apos;orzz) has already landed on the set of Supergirl season 2, in hopes of providing some extra alien company for J&apos;Onn J&apos;Onzz the Martian Manhunter. There is a slight possibility that the two characters may have a romantic connection, which is just sort of gross considering M&apos;gann M&apos;orzz is best known as a member of Teen Titans and Young Justice . In other words, I&apos;m trying to say that the character will probably be quite young in her Supergirl appearance. 
Either way, it&apos;s going to be exciting to see another good alien on Earth, as opposed to all the evil escaped prisoners from Fort Rozz, which Supergirl dragged along behind her pod. However, Miss Martian wasn&apos;t always good. 
M&apos;gann used to be a White Martian who eventually decided to become good and chose to be appear green to instead. The concept of White Martians was already introduced in Supergirl &apos;s first season, when Martian Manhunter had to battle one himself. 
A first look at M&apos;gann M&apos;orzz on set, played by Sharon Leal, was revealed today on Instagram: 
A photo posted by Sharon Leal (@realleal) on Aug 30, 2016 at 11:32am PDT 
Supergirl season 2 finally found it&apos;s rightful home in the Berlanti-verse on The CW. The series will premiere on Monday, October 10th.
</topic_text>
<spam_score>0.00</spam_score>
<post_num>1</post_num>
<post_id>post-1</post_id>
<post_url>http://comicbook.com/2016/08/30/supergirl-first-look-at-mgann-morzz-on-set/</post_url>
<post_date>20160830</post_date>
<post_time>2351</post_time>
<username>Amy Awesome</username>
<post>
Supergirl: First Look at M&apos;gann M&apos;orzz On Set Amy Awesome Tweet This 
Miss Martian (M&apos;gann M&apos;orzz) has already landed on the set of Supergirl season 2, in hopes of providing some extra alien company for J&apos;Onn J&apos;Onzz the Martian Manhunter. There is a slight possibility that the two characters may have a romantic connection, which is just sort of gross considering M&apos;gann M&apos;orzz is best known as a member of Teen Titans and Young Justice . In other words, I&apos;m trying to say that the character will probably be quite young in her Supergirl appearance. 
Either way, it&apos;s going to be exciting to see another good alien on Earth, as opposed to all the evil escaped prisoners from Fort Rozz, which Supergirl dragged along behind her pod. However, Miss Martian wasn&apos;t always good. 
M&apos;gann used to be a White Martian who eventually decided to become good and chose to be appear green to instead. The concept of White Martians was already introduced in Supergirl &apos;s first season, when Martian Manhunter had to battle one himself. 
A first look at M&apos;gann M&apos;orzz on set, played by Sharon Leal, was revealed today on Instagram: 
A photo posted by Sharon Leal (@realleal) on Aug 30, 2016 at 11:32am PDT 
Supergirl season 2 finally found it&apos;s rightful home in the Berlanti-verse on The CW. The series will premiere on Monday, October 10th.
</post>
<signature>

</signature>
<external_links>

</external_links>
<country>US</country>
<main_image>http://media.comicbook.com/2016/08/supergirl-martians-196716-640x320.png</main_image>
</document>
