<?xml version="1.0" encoding="UTF-8"?>
<document>
<type>mainstream</type>
<forum>http://westminsterwindow.com/rss</forum>
<forum_title>Westminster Window - Latest Stories</forum_title>
<discussion_title>Adams 12 BOE approves $350M bond measure</discussion_title>
<language>english</language>
<gmt_offset></gmt_offset>
<topic_url>http://westminsterwindow.com/stories/Adams-12-BOE-approves-350M-bond-measure,234528</topic_url>
<topic_text>
Adams 12 BOE approves $350M bond measure Proposal requires no tax increase and will address overcrowding, aging buildings Posted Monday, August 29, 2016 4:51 pm Bond spending details 
The Adams 12 Five Star Schools Board of Education at its Aug. 24 meeting approved putting a $350 million bond proposal on the November ballot. 
If approved, the bond would go toward: 
• Aging buildings — Nearly half of the bond addresses the natural aging of district buildings, as well as renovating classroom spaces. 
• Overcrowding — About a third of the bond addresses overcrowding by building a new Pre-8 school to meet community growth, as well as additions at other schools. 
• Safety and security — The bond invests in safety systems such as upgraded security cameras, consistent security card access and enhanced emergency communications. 
• Classroom needs — The bond provides every school with funding for specific instructional upgrades that meet unique learning needs such as furniture, space modifications and specials/electives. 
• Educational opportunities — The bond expands space to serve more students in the areas of career and technical education, and early childhood education. 
• Technology — The bond updates critical communication systems, maintains reliable internet access and enhances online learning opportunities for students at all schools. Staff report 
It’s now up to voters whether to approve a $350 million bond request that district officials say will help Adams 12 Five Star Schools deal with aging infrastructure and overcrowding. 
The Adams 12 Board of Education at its Aug. 24 meeting approved a resolution to place the bond measure on the November 2016 ballot. 
Adams 12 will seek voter approval while not raising the tax rate for district residents. The $350 million bond does not require an increase in the tax rate because the district has paid down and refinanced existing debt, according to district officials. 
“This is a tremendous opportunity for our students and community,” said Kathy Plomer, president of the Adams 12 Five Star Schools board of directors. “What we’ve done as far as transparency in preparing for this bond and explaining school funding and our needs puts us in a great position as a trusted school district and employer in our community. 
“I believe we have the support for this initiative and I’m proud to vote yes to place this issue on the ballot,” she added. 
The board’s action to place the measure on the ballot comes after a successful year of engagement with parents, staff, business leaders, local economic development leaders and the Five Star community to identify values and priorities in addressing district needs. That included a number of avenues such as community-based meetings, an online survey, social media and a telephone town hall. 
The board of education considered the proposal presented by Superintendent Chris Gdowski, who used community input and the recommendation made by the Long Range Planning Advisory Committee. That committee is a group of parents, community members and district staff who met throughout the year to identify priorities. The committee’s recommendation that the district seek a bond was unanimous. 
If the bond is not approved by voters in November, the board of education will consider alternative plans to address the district’s most critical needs, which may include budget cuts to education programming in order to provide funding for repairs to aging buildings that pose safety issues, and boundary shifts across the district to address overcrowding and community growth. 
You can learn more about specific projects planned through the 2016 Bond Proposal at www.adams12.org/bond. 
Adams 12 Five Star Schools offers more than 39,000 students from Broomfield, Federal Heights, Northglenn, Thornton and Westminster. Keywords
</topic_text>
<spam_score>0.00</spam_score>
<post_num>1</post_num>
<post_id>post-1</post_id>
<post_url>http://westminsterwindow.com/stories/Adams-12-BOE-approves-350M-bond-measure,234528</post_url>
<post_date>20160830</post_date>
<post_time>2130</post_time>
<username></username>
<post>
Adams 12 BOE approves $350M bond measure Proposal requires no tax increase and will address overcrowding, aging buildings Posted Monday, August 29, 2016 4:51 pm Bond spending details 
The Adams 12 Five Star Schools Board of Education at its Aug. 24 meeting approved putting a $350 million bond proposal on the November ballot. 
If approved, the bond would go toward: 
• Aging buildings — Nearly half of the bond addresses the natural aging of district buildings, as well as renovating classroom spaces. 
• Overcrowding — About a third of the bond addresses overcrowding by building a new Pre-8 school to meet community growth, as well as additions at other schools. 
• Safety and security — The bond invests in safety systems such as upgraded security cameras, consistent security card access and enhanced emergency communications. 
• Classroom needs — The bond provides every school with funding for specific instructional upgrades that meet unique learning needs such as furniture, space modifications and specials/electives. 
• Educational opportunities — The bond expands space to serve more students in the areas of career and technical education, and early childhood education. 
• Technology — The bond updates critical communication systems, maintains reliable internet access and enhances online learning opportunities for students at all schools. Staff report 
It’s now up to voters whether to approve a $350 million bond request that district officials say will help Adams 12 Five Star Schools deal with aging infrastructure and overcrowding. 
The Adams 12 Board of Education at its Aug. 24 meeting approved a resolution to place the bond measure on the November 2016 ballot. 
Adams 12 will seek voter approval while not raising the tax rate for district residents. The $350 million bond does not require an increase in the tax rate because the district has paid down and refinanced existing debt, according to district officials. 
“This is a tremendous opportunity for our students and community,” said Kathy Plomer, president of the Adams 12 Five Star Schools board of directors. “What we’ve done as far as transparency in preparing for this bond and explaining school funding and our needs puts us in a great position as a trusted school district and employer in our community. 
“I believe we have the support for this initiative and I’m proud to vote yes to place this issue on the ballot,” she added. 
The board’s action to place the measure on the ballot comes after a successful year of engagement with parents, staff, business leaders, local economic development leaders and the Five Star community to identify values and priorities in addressing district needs. That included a number of avenues such as community-based meetings, an online survey, social media and a telephone town hall. 
The board of education considered the proposal presented by Superintendent Chris Gdowski, who used community input and the recommendation made by the Long Range Planning Advisory Committee. That committee is a group of parents, community members and district staff who met throughout the year to identify priorities. The committee’s recommendation that the district seek a bond was unanimous. 
If the bond is not approved by voters in November, the board of education will consider alternative plans to address the district’s most critical needs, which may include budget cuts to education programming in order to provide funding for repairs to aging buildings that pose safety issues, and boundary shifts across the district to address overcrowding and community growth. 
You can learn more about specific projects planned through the 2016 Bond Proposal at www.adams12.org/bond. 
Adams 12 Five Star Schools offers more than 39,000 students from Broomfield, Federal Heights, Northglenn, Thornton and Westminster. Keywords
</post>
<signature>

</signature>
<external_links>

</external_links>
<country>US</country>
<main_image>/images/nameplates/og/westminster_og.png </main_image>
</document>
