<?xml version="1.0" encoding="UTF-8"?>
<document>
<type>mainstream</type>
<forum>http://observator.ro/stiri/articole-sanatate/page/22</forum>
<forum_title>Sănătate | Observator de Constanta - Pagina 22</forum_title>
<discussion_title>Refluxul gastroesofagian, inca un mister pentru medici</discussion_title>
<language>romanian</language>
<gmt_offset></gmt_offset>
<topic_url>http://observator.ro/stiri-social-refluxul-gastroesofagian-inca-un-mister-pentru-medici-359976.html</topic_url>
<topic_text>
Deşi cauzele apariţiei bolii de reflux gastroesofagian nu sunt cunoscute, există o serie de factori favorizanţi. Astfel, obezitatea, sarcina la femeile gravide, fumatul, consumul de alimente picante, de băuturi alcoolice şi carbogazoase sunt factori de risc importanţi. De asemenea, mâncatul înainte de culcare, administrarea unor medicamente, cum ar fi anticoncepţionalele favorizează refluxul gastroesofagian.
Pentru oamenii de ştiinţă, boala de reflux gastroesofagian este încă un mister în ceea ce priveşte cauzele care determină apariţia acestei afecţiuni a tubului digestiv. Cu toate acestea, specialiştii cunosc consecinţele bolii şi cum anume trebuie tratată. În primul rând, este necesară adoptarea unui stil de viaţă sănătos. Astfel, trebuie evitate alimentele foarte condimentate, grăsimile de origine animală, băuturile carbogazoase şi fumatul. În ceea ce priveşte tratamentul medicamentos, sunt recomandaţi inhibitorii de pompă de protoniu. Însă nu toţi pacienţii sunt ajutaţi de aceste medicamente şi atunci este necesară adăugarea unei noi terapii medicamentoase.
Boala de reflux gastroesofagian poate recidiva, în condiţiile în care medicii specialişti nu cunosc cauzele declanşatoare.
Marieta ŞTEFAN
Distribuie: 
</topic_text>
<spam_score>0.18</spam_score>
<post_num>1</post_num>
<post_id>post-1</post_id>
<post_url>http://observator.ro/stiri-social-refluxul-gastroesofagian-inca-un-mister-pentru-medici-359976.html</post_url>
<post_date>20160208</post_date>
<post_time>0037</post_time>
<username>observatordeconstanta.ro</username>
<post>
Deşi cauzele apariţiei bolii de reflux gastroesofagian nu sunt cunoscute, există o serie de factori favorizanţi. Astfel, obezitatea, sarcina la femeile gravide, fumatul, consumul de alimente picante, de băuturi alcoolice şi carbogazoase sunt factori de risc importanţi. De asemenea, mâncatul înainte de culcare, administrarea unor medicamente, cum ar fi anticoncepţionalele favorizează refluxul gastroesofagian.
Pentru oamenii de ştiinţă, boala de reflux gastroesofagian este încă un mister în ceea ce priveşte cauzele care determină apariţia acestei afecţiuni a tubului digestiv. Cu toate acestea, specialiştii cunosc consecinţele bolii şi cum anume trebuie tratată. În primul rând, este necesară adoptarea unui stil de viaţă sănătos. Astfel, trebuie evitate alimentele foarte condimentate, grăsimile de origine animală, băuturile carbogazoase şi fumatul. În ceea ce priveşte tratamentul medicamentos, sunt recomandaţi inhibitorii de pompă de protoniu. Însă nu toţi pacienţii sunt ajutaţi de aceste medicamente şi atunci este necesară adăugarea unei noi terapii medicamentoase.
Boala de reflux gastroesofagian poate recidiva, în condiţiile în care medicii specialişti nu cunosc cauzele declanşatoare.
Marieta ŞTEFAN
Distribuie: 
</post>
<signature>

</signature>
<external_links>

</external_links>
<country>RO</country>
<main_image>http://observator.ro/cdn/wp-content/uploads/2016/02/pastila-de-sanatate.jpg</main_image>
</document>
