<?xml version="1.0" encoding="UTF-8"?>
<document>
<type>mainstream</type>
<forum></forum>
<forum_title></forum_title>
<discussion_title>New Delhi trying to derail uprising through paid agents: Hurriyat (G)</discussion_title>
<language>english</language>
<gmt_offset></gmt_offset>
<topic_url>http://www.greaterkashmir.com/news/kashmir/story/227181.html</topic_url>
<topic_text>
Wednesday, August 31, 2016, 27, Zul Qaadah, 1437 New Delhi trying to derail uprising through paid agents: Hurriyat (G) Asks people to be ready for ‘sustained movement with much harder days ahead’ GKNN Srinagar, Publish Date: Aug 30 2016 11:23PM | Updated Date: Aug 30 2016 11:23PM File Photo 
Hurriyat Conference (G) today accused New Delhi of trying to derail ongoing uprising in Kashmir by what it said “its nefarious designs and wicked conspiracies through their paid local agents.” 
“People of Jammu and Kashmir have risked their everything for the movement. Daily killings, scores of injuries, 52 days of strict siege and more that 140 crore daily financial loss have earned this uprising a priceless tag. Employees, traders and transporters are united in their resolve. But India by its nefarious designs and wicked conspiracies tries its best to derail it through their paid local agents,” Hurriyat (G) spokesperson said in a statement. 
Elaborating, the spokesperson said, “they (paid local agents) pay sumo and auto drivers hefty sum to run their vehicles empty. They encourage their famous departmental stores to run their business under the police cover in civvies. Some SRTC buses are plying on roads and carry the passengers free.” 
“We appeal these people that before starting their work, they should ask their conscious if they are not, by doing so, disrespecting the blood of martyrs, rubbing salt to the fresh and deep wounds of injured people and dishonoring the collective decision of the trade and transport fraternity,” he said. 
“We have an eye on these issues and we not only know these faces but also recognize them as well. But still we strongly appeal to their collective conscious that those thriving on hefty sums paid by New Delhi. The government may also reward them for becoming Mir Jaffars and Mir Sadiqs. But time will come when they can’t bear the burden of taking the side of killers and they will surely succumb to their own conscience. Time is always in motion and when their bad time comes there will be no scope for Mafinamas and their ugly faces can hardly be forgotten,” the spokesman said. 
“Hurriyat hails the people’s courage and determination who have faced all odds for the last two months. This sacred uprising demands from us that we rise above all the trivial issues and behave as one nation with only one mission and goal that is Azadi from India. On the one hand, this collective wave of uprising has unnerved the Indian establishment and at the same time it has generated a sense of nationhood and unanimity amongst the masses. This is a very positive and encouraging outcome of this struggle,” he said. 
“We need to be prepared for a long and sustained movement with much harder days ahead, but we have to ensure that nobody amongst us is deprived of the basic necessities of life. We have to curtail the marriage expenses, defer the construction work and learn to live with minimum,” the spokesman said. 
The spokesman also criticized the movement of private vehicles as, according to him, “they seem to add to the propaganda of near normalcy by the government.” 
“People are requested not to take undue advantage of emergency and restrict the vehicular movement during the strike hours,” the statement said. 
Meanwhile, the spokesman said, “In response to the notice served by NIA yesterday afternoon, Dr Naeem Geelani son of Hurriyat chairman Syed Ali Geelani attended the office of this investigating agency in Shivpora today at 12 noon along with his legal advisor, but the concerned people had already left for Delhi. Incharge at the office called the authorities over phone to convey them that Dr Naeem Geelani has attended the office,” he added. More in this Category 
</topic_text>
<spam_score>0.20</spam_score>
<post_num>1</post_num>
<post_id>post-1</post_id>
<post_url>http://www.greaterkashmir.com/news/kashmir/story/227181.html</post_url>
<post_date>20160820</post_date>
<post_time></post_time>
<username></username>
<post>
Wednesday, August 31, 2016, 27, Zul Qaadah, 1437 New Delhi trying to derail uprising through paid agents: Hurriyat (G) Asks people to be ready for ‘sustained movement with much harder days ahead’ GKNN Srinagar, Publish Date: Aug 30 2016 11:23PM | Updated Date: Aug 30 2016 11:23PM File Photo 
Hurriyat Conference (G) today accused New Delhi of trying to derail ongoing uprising in Kashmir by what it said “its nefarious designs and wicked conspiracies through their paid local agents.” 
“People of Jammu and Kashmir have risked their everything for the movement. Daily killings, scores of injuries, 52 days of strict siege and more that 140 crore daily financial loss have earned this uprising a priceless tag. Employees, traders and transporters are united in their resolve. But India by its nefarious designs and wicked conspiracies tries its best to derail it through their paid local agents,” Hurriyat (G) spokesperson said in a statement. 
Elaborating, the spokesperson said, “they (paid local agents) pay sumo and auto drivers hefty sum to run their vehicles empty. They encourage their famous departmental stores to run their business under the police cover in civvies. Some SRTC buses are plying on roads and carry the passengers free.” 
“We appeal these people that before starting their work, they should ask their conscious if they are not, by doing so, disrespecting the blood of martyrs, rubbing salt to the fresh and deep wounds of injured people and dishonoring the collective decision of the trade and transport fraternity,” he said. 
“We have an eye on these issues and we not only know these faces but also recognize them as well. But still we strongly appeal to their collective conscious that those thriving on hefty sums paid by New Delhi. The government may also reward them for becoming Mir Jaffars and Mir Sadiqs. But time will come when they can’t bear the burden of taking the side of killers and they will surely succumb to their own conscience. Time is always in motion and when their bad time comes there will be no scope for Mafinamas and their ugly faces can hardly be forgotten,” the spokesman said. 
“Hurriyat hails the people’s courage and determination who have faced all odds for the last two months. This sacred uprising demands from us that we rise above all the trivial issues and behave as one nation with only one mission and goal that is Azadi from India. On the one hand, this collective wave of uprising has unnerved the Indian establishment and at the same time it has generated a sense of nationhood and unanimity amongst the masses. This is a very positive and encouraging outcome of this struggle,” he said. 
“We need to be prepared for a long and sustained movement with much harder days ahead, but we have to ensure that nobody amongst us is deprived of the basic necessities of life. We have to curtail the marriage expenses, defer the construction work and learn to live with minimum,” the spokesman said. 
The spokesman also criticized the movement of private vehicles as, according to him, “they seem to add to the propaganda of near normalcy by the government.” 
“People are requested not to take undue advantage of emergency and restrict the vehicular movement during the strike hours,” the statement said. 
Meanwhile, the spokesman said, “In response to the notice served by NIA yesterday afternoon, Dr Naeem Geelani son of Hurriyat chairman Syed Ali Geelani attended the office of this investigating agency in Shivpora today at 12 noon along with his legal advisor, but the concerned people had already left for Delhi. Incharge at the office called the authorities over phone to convey them that Dr Naeem Geelani has attended the office,” he added. More in this Category 
</post>
<signature>

</signature>
<external_links>

</external_links>
<country>US</country>
<main_image>http://www.greaterkashmir.com/cms/gall_content/2016/8/2016_8$largeimg230_Aug_2016_232308997.jpg</main_image>
</document>
