<?xml version="1.0" encoding="UTF-8"?>
<document>
<type>mainstream</type>
<forum></forum>
<forum_title></forum_title>
<discussion_title>憲法判例 月刊ペン事件の概要と判決の趣旨をわかりやすく解説 | リラックス法学部</discussion_title>
<language>english</language>
<gmt_offset></gmt_offset>
<topic_url>http://info.yoneyamatalk.biz/%e5%88%a4%e4%be%8b/%e6%86%b2%e6%b3%95%e5%88%a4%e4%be%8b-%e6%9c%88%e5%88%8a%e3%83%9a%e3%83%b3%e4%ba%8b%e4%bb%b6/</topic_url>
<topic_text>

</topic_text>
<spam_score>0.00</spam_score>
<post_num>1</post_num>
<post_id>post-1</post_id>
<post_url>http://info.yoneyamatalk.biz/%e5%88%a4%e4%be%8b/%e6%86%b2%e6%b3%95%e5%88%a4%e4%be%8b-%e6%9c%88%e5%88%8a%e3%83%9a%e3%83%b3%e4%ba%8b%e4%bb%b6/</post_url>
<post_date>20140207</post_date>
<post_time></post_time>
<username></username>
<post>

</post>
<signature>

</signature>
<external_links>

</external_links>
<country>JP</country>
<main_image></main_image>
</document>
