<?xml version="1.0" encoding="UTF-8"?>
<document>
<type>mainstream</type>
<forum>https://nhattao.com/f/may-tinh-bang.548/index.rss</forum>
<forum_title>Máy tính bảng</forum_title>
<discussion_title>Chuyên Trao Đổi &amp; Cung Cấp Các Dòng iPad Cũ (Rẻ,Đẹp,Zin) &amp; Mới 100%.Cập Nhật Mỗi Ngày (30/08/2016)</discussion_title>
<language>vietnamese</language>
<gmt_offset></gmt_offset>
<topic_url>https://nhattao.com/threads/chuyen-trao-doi-cung-cap-cac-dong-ipad-cu-re-dep-zin-moi-100-cap-nhat-moi-ngay-30-08-2016.3427299/</topic_url>
<topic_text>
wWw.MikiStore.Vn HotLine : 0949.496.490 Trâm Mang tâm lý người mua máy và không làm mất thời gian đi lại của ACE nên Miki Store sẽ mô tả chính xác,đúng sự thật về tình trạng máy.Mình bán tại nhà nên ACE hãy yên tâm nhé vvv ​ - Miki Store chỉ bán máy tình trạng máy còn đẹp,chỉ trầy xước nhẹ or cấn rất rất nhẹ do xài bao da. - Miki Store chỉ bán hàng Nguyên Zin 100%,Chưa Bung Máy và Chưa Sửa Chữa....Đúng Seri,Imei của Apple. - Miki Store luôn luôn Reset dòng 2 or Restore trước khi giao máy cho ACE để nói KHÔNG với iCloud. - Miki Store bao ACE xài Test thử 1 Tuần...máy có trục trặc gì Miki Store sẽ HOÀN TIỀN or Đổi cái khác cho ACE. - Miki Store TRAO ĐỔI &amp; MUA BÁN giữa các dòng Ipad,Iphone giá tốt cho ACE. - Miki Store chuyên cung cấp Ipad,Iphone: Like New, Nguyên Seal và Cáp Sạc Zin tháo máy (kg phải Zin linh kiện hay Fake ) cho Cửa Hàng và ACE. - Nếu ACE nào bận rộn vì công việc, không có thời gian mua máy, bên mình sẽ Ship hàng tận nhà/cơ quan làm việc. Từ 8h-21h ( Phạm vi TPHCM ). Hãy yên tâm và đến với MikiStore MikiStore cập nhật máy liên tục..! &quot; Chỉ Bán Sản Phẩm Chất Lượng Nhất &quot; ​ + Các Dòng Ipad Chưa Active, Nguyên Seal, FullBox,BH 12 Tháng của Apple. - iPad Mini 2 Wifi 16G Xám : 6.000.000 - iPad Air 1 Wifi 16G Xám : 7.000.000 - iPad Air 2 Wifi+4G 16G Gold : 11.000.000 + Apple Watch 42mm Màu Blue - Fullbox - Tình trạng : 99% không trầy xước, mọi chức năng đều tốt, cảm ứng mượt mà, kết nối tốt. - Phụ kiện : cáp+ sạc + hộp zin theo máy - Giá cho ACE : 7.200.000 Bảo hành Apple 04/2017 + Apple Watch 42mm Màu Đen - Fullbox - Tình trạng : 99% không trầy xước, mọi chức năng đều tốt, cảm ứng mượt mà, kết nối tốt. - Phụ kiện : cáp+ sạc + hộp zin theo máy - Giá cho ACE : 7.200.000 Bảo hành Apple 05/2017 + Ipad Mini 2 Wifi 32G Trắng - Fullbox - Tình trạng : 99% trước sau k 1 vết trầy, mặt kính bóng loáng, chỉ trầy nhỏ và nhẹ 1 góc, cảm ứng mượt mà, nguyên zin 100%, chưa 1 lần sửa chữa, mọi chức năng đều rất tốt, wifi mạnh - Phụ kiện : cáp + sạc + hộp Zin theo máy - Giá cho ACE : 5.800.000 + Ipad Mini 2 Wifi+4G 16G Trắng - Tình trạng : 99% trước sau k 1 vết trầy,mặt kính bóng loáng,4 góc cũng không cấn móp,đẹp leng keng,cảm ứng mượt mà,nguyên zin 100%, chưa 1 lần sửa chữa,mọi chức năng đều rất tốt, wifi 4G mạnh - Phụ kiện : cáp + sạc Zin theo máy - Giá cho ACE : 6.100.000 Bảo hành Apple 03/2017 + Ipad Mini 4 Wifi 64G Xám - Fullbox - Tình trạng : 99% trước sau k 1 vết trầy,mặt kính bóng loáng,4 góc cũng không cấn móp,đẹp leng keng,cảm ứng mượt mà,nguyên zin 100%, chưa 1 lần sửa chữa,mọi chức năng đều rất tốt, wifi mạnh - Phụ kiện : cáp + sạc + hộp Zin theo máy - Giá cho ACE : 9.200.000 Bảo hành Apple 04/2017 + Ipad Mini 4 Wifi 64G Gold - Fullbox - Tình trạng : 99% trước sau k 1 vết trầy,mặt kính bóng loáng,4 góc cũng không cấn móp,đẹp leng keng,cảm ứng mượt mà,nguyên zin 100%, chưa 1 lần sửa chữa,mọi chức năng đều rất tốt, wifi mạnh - Phụ kiện : cáp + sạc + hộp Zin theo máy - Giá cho ACE : 9.400.000 Bảo hành Apple 04/2017 - Giá cho ACE : 9.500.000 Bảo hành Apple 06/2017 + Ipad Mini 4 Wifi+4G 16G Gold - Tình trạng : 99,9% trước sau không trầy xước,mặt kính bóng loáng, 4 góc cũng không cấn móp, mọi chức năng đều tốt,cảm ứng mượt mà,nguyên zin 100%,chưa 1 lần sửa chữa, wifi+4G mạnh - Phụ kiện : cáp+ sạc zin theo máy - Giá cho ACE : 8.800.000 Bảo hành Apple 10/2016 - Giá cho ACE : 9.000.000 Bảo hành Apple 04/2017 - Fullbox + Ipad Mini 4 Wifi+4G 64G Gold - Fullbox - Tình trạng : 99% trước sau không trầy xước,mặt kính bóng loáng, 4 góc cũng không cấn móp, mọi chức năng đều tốt,cảm ứng mượt mà,nguyên zin 100%,chưa 1 lần sửa chữa, wifi+4G mạnh - Phụ kiện : cáp+ sạc + hộp zin theo máy - Giá cho ACE : 11.200.000 Bảo hành Apple 04/2017 + Ipad Air 1 Wifi 16G Trắng - Tình trạng : 99% trước sau k 1 vết trầy,mặt kính bóng loáng,4 góc cũng không cấn móp,đẹp leng keng,cảm ứng mượt mà,nguyên zin 100%, chưa 1 lần sửa chữa,mọi chức năng đều rất tốt, wifi mạnh - Phụ kiện : cáp + sạc Zin theo máy - Giá cho ACE : 6.100.000 + Ipad Air 1 Wifi 32G Xám - Tình trạng : 99% trước sau k 1 vết trầy,mặt kính bóng loáng,4 góc cũng không cấn móp,đẹp leng keng,cảm ứng mượt mà,nguyên zin 100%, chưa 1 lần sửa chữa,mọi chức năng đều rất tốt, wifi mạnh - Phụ kiện : cáp + sạc Zin theo máy - Giá cho ACE : 7.100.000 Bảo hành Apple 10/2016 + Ipad Air 2 Wifi 16G Trắng - Tình trạng : 99% trước sau k 1 vết trầy,mặt kính bóng loáng,4 góc cũng không cấn móp,đẹp leng keng,cảm ứng mượt mà,nguyên zin 100%, chưa 1 lần sửa chữa,mọi chức năng đều rất tốt, wifi mạnh - Phụ kiện : cáp + sạc Zin theo máy - Giá cho ACE : 7.700.000 - Giá cho ACE : 8.100.000 Bảo hành Apple 03/2017 + Ipad Air 2 Wifi 16G Xám - Tình trạng : 99% trước sau k 1 vết trầy,mặt kính bóng loáng,4 góc cũng không cấn móp,đẹp leng keng,cảm ứng mượt mà,nguyên zin 100%, chưa 1 lần sửa chữa,mọi chức năng đều rất tốt, wifi mạnh - Phụ kiện : cáp + sạc Zin theo máy - Giá cho ACE : 7.700.000 - Giá cho ACE : 8.000.000 Bảo hành Apple 02/2017 + Ipad Air 2 Wifi 16G Gold - Tình trạng : 99% trước sau k 1 vết trầy,mặt kính bóng loáng,4 góc cũng không cấn móp,đẹp leng keng,cảm ứng mượt mà,nguyên zin 100%, chưa 1 lần sửa chữa,mọi chức năng đều rất tốt, wifi mạnh - Phụ kiện : cáp + sạc Zin theo máy - Giá cho ACE : 7.800.000 - Giá cho ACE : 8.300.000 Bảo hành Apple 07/2017 + Ipad Air 2 Wifi 64G Trắng - Fullbox - Tình trạng : 99% trước sau k 1 vết trầy,mặt kính bóng loáng,4 góc cũng không cấn móp,đẹp leng keng,cảm ứng mượt mà,nguyên zin 100%, chưa 1 lần sửa chữa,mọi chức năng đều rất tốt, wifi mạnh - Phụ kiện : cáp + sạc + hộp Zin theo máy - Giá cho ACE : 9.700.000 Bảo hành Apple 03/2017 + Ipad Air 2 Wifi 64G Gold - Fullbox - Tình trạng : 98% trước sau k 1 vết trầy, mặt kính bóng loáng, các góc còn đẹp, chỉ bị cấn và trầy trên viền nhẹ, cảm ứng mượt mà, nguyên zin 100%, chưa 1 lần sửa chữa,mọi chức năng đều rất tốt, wifi mạnh - Phụ kiện : cáp + sạc + hộp Zin theo máy - Giá cho ACE : 8.800.000 + Ipad Air 2 Wifi+4G 16G Trắng - Fullbox - Tình trạng : 99% trước sau không trầy xước,mặt kính bóng loáng, 4 góc cũng không cấn móp, mọi chức năng đều tốt,cảm ứng mượt mà,nguyên zin 100%,chưa 1 lần sửa chữa, wifi+4G mạnh - Phụ kiện : cáp+ sạc + hộp zin theo máy - Giá cho ACE : 8.800.000 + Ipad Air 2 Wifi+4G 16G Xám - Fullbox - Tình trạng : 99% trước sau không trầy xước,mặt kính bóng loáng, 4 góc cũng không cấn móp, mọi chức năng đều tốt,cảm ứng mượt mà,nguyên zin 100%,chưa 1 lần sửa chữa, wifi+4G mạnh - Phụ kiện : cáp+ sạc + hộp zin theo máy - Giá cho ACE : 8.800.000 + Ipad Air 2 Wifi+4G 16G Gold - Tình trạng : 99,9% trước sau không trầy xước,mặt kính bóng loáng, 4 góc cũng không cấn móp, mọi chức năng đều tốt,cảm ứng mượt mà,nguyên zin 100%,chưa 1 lần sửa chữa, wifi+4G mạnh - Phụ kiện : cáp+ sạc zin theo máy - Giá cho ACE : 9.400.000 Bảo hành Apple 06/2017 + Ipad Pro 9.7 Wifi+4G 32G Rose - Fullbox - Tình trạng : 99,9% trước sau không trầy xước,mặt kính bóng loáng, 4 góc cũng không cấn móp, mọi chức năng đều tốt,cảm ứng mượt mà,nguyên zin 100%,chưa 1 lần sửa chữa, wifi+4G mạnh - Phụ kiện : cáp+ sạc + hộp zin theo máy - Giá cho ACE : 14.500.000 Bảo hành Apple 05/2017 - Giá cho ACE : 14.700.000 Bảo hành Apple 05/2018
</topic_text>
<spam_score>0.00</spam_score>
<post_num>1</post_num>
<post_id>post-1</post_id>
<post_url>https://nhattao.com/threads/chuyen-trao-doi-cung-cap-cac-dong-ipad-cu-re-dep-zin-moi-100-cap-nhat-moi-ngay-30-08-2016.3427299/</post_url>
<post_date>20160831</post_date>
<post_time>0038</post_time>
<username>MikiStore (invalid@example.com)</username>
<post>
wWw.MikiStore.Vn HotLine : 0949.496.490 Trâm Mang tâm lý người mua máy và không làm mất thời gian đi lại của ACE nên Miki Store sẽ mô tả chính xác,đúng sự thật về tình trạng máy.Mình bán tại nhà nên ACE hãy yên tâm nhé vvv ​ - Miki Store chỉ bán máy tình trạng máy còn đẹp,chỉ trầy xước nhẹ or cấn rất rất nhẹ do xài bao da. - Miki Store chỉ bán hàng Nguyên Zin 100%,Chưa Bung Máy và Chưa Sửa Chữa....Đúng Seri,Imei của Apple. - Miki Store luôn luôn Reset dòng 2 or Restore trước khi giao máy cho ACE để nói KHÔNG với iCloud. - Miki Store bao ACE xài Test thử 1 Tuần...máy có trục trặc gì Miki Store sẽ HOÀN TIỀN or Đổi cái khác cho ACE. - Miki Store TRAO ĐỔI &amp; MUA BÁN giữa các dòng Ipad,Iphone giá tốt cho ACE. - Miki Store chuyên cung cấp Ipad,Iphone: Like New, Nguyên Seal và Cáp Sạc Zin tháo máy (kg phải Zin linh kiện hay Fake ) cho Cửa Hàng và ACE. - Nếu ACE nào bận rộn vì công việc, không có thời gian mua máy, bên mình sẽ Ship hàng tận nhà/cơ quan làm việc. Từ 8h-21h ( Phạm vi TPHCM ). Hãy yên tâm và đến với MikiStore MikiStore cập nhật máy liên tục..! &quot; Chỉ Bán Sản Phẩm Chất Lượng Nhất &quot; ​ + Các Dòng Ipad Chưa Active, Nguyên Seal, FullBox,BH 12 Tháng của Apple. - iPad Mini 2 Wifi 16G Xám : 6.000.000 - iPad Air 1 Wifi 16G Xám : 7.000.000 - iPad Air 2 Wifi+4G 16G Gold : 11.000.000 + Apple Watch 42mm Màu Blue - Fullbox - Tình trạng : 99% không trầy xước, mọi chức năng đều tốt, cảm ứng mượt mà, kết nối tốt. - Phụ kiện : cáp+ sạc + hộp zin theo máy - Giá cho ACE : 7.200.000 Bảo hành Apple 04/2017 + Apple Watch 42mm Màu Đen - Fullbox - Tình trạng : 99% không trầy xước, mọi chức năng đều tốt, cảm ứng mượt mà, kết nối tốt. - Phụ kiện : cáp+ sạc + hộp zin theo máy - Giá cho ACE : 7.200.000 Bảo hành Apple 05/2017 + Ipad Mini 2 Wifi 32G Trắng - Fullbox - Tình trạng : 99% trước sau k 1 vết trầy, mặt kính bóng loáng, chỉ trầy nhỏ và nhẹ 1 góc, cảm ứng mượt mà, nguyên zin 100%, chưa 1 lần sửa chữa, mọi chức năng đều rất tốt, wifi mạnh - Phụ kiện : cáp + sạc + hộp Zin theo máy - Giá cho ACE : 5.800.000 + Ipad Mini 2 Wifi+4G 16G Trắng - Tình trạng : 99% trước sau k 1 vết trầy,mặt kính bóng loáng,4 góc cũng không cấn móp,đẹp leng keng,cảm ứng mượt mà,nguyên zin 100%, chưa 1 lần sửa chữa,mọi chức năng đều rất tốt, wifi 4G mạnh - Phụ kiện : cáp + sạc Zin theo máy - Giá cho ACE : 6.100.000 Bảo hành Apple 03/2017 + Ipad Mini 4 Wifi 64G Xám - Fullbox - Tình trạng : 99% trước sau k 1 vết trầy,mặt kính bóng loáng,4 góc cũng không cấn móp,đẹp leng keng,cảm ứng mượt mà,nguyên zin 100%, chưa 1 lần sửa chữa,mọi chức năng đều rất tốt, wifi mạnh - Phụ kiện : cáp + sạc + hộp Zin theo máy - Giá cho ACE : 9.200.000 Bảo hành Apple 04/2017 + Ipad Mini 4 Wifi 64G Gold - Fullbox - Tình trạng : 99% trước sau k 1 vết trầy,mặt kính bóng loáng,4 góc cũng không cấn móp,đẹp leng keng,cảm ứng mượt mà,nguyên zin 100%, chưa 1 lần sửa chữa,mọi chức năng đều rất tốt, wifi mạnh - Phụ kiện : cáp + sạc + hộp Zin theo máy - Giá cho ACE : 9.400.000 Bảo hành Apple 04/2017 - Giá cho ACE : 9.500.000 Bảo hành Apple 06/2017 + Ipad Mini 4 Wifi+4G 16G Gold - Tình trạng : 99,9% trước sau không trầy xước,mặt kính bóng loáng, 4 góc cũng không cấn móp, mọi chức năng đều tốt,cảm ứng mượt mà,nguyên zin 100%,chưa 1 lần sửa chữa, wifi+4G mạnh - Phụ kiện : cáp+ sạc zin theo máy - Giá cho ACE : 8.800.000 Bảo hành Apple 10/2016 - Giá cho ACE : 9.000.000 Bảo hành Apple 04/2017 - Fullbox + Ipad Mini 4 Wifi+4G 64G Gold - Fullbox - Tình trạng : 99% trước sau không trầy xước,mặt kính bóng loáng, 4 góc cũng không cấn móp, mọi chức năng đều tốt,cảm ứng mượt mà,nguyên zin 100%,chưa 1 lần sửa chữa, wifi+4G mạnh - Phụ kiện : cáp+ sạc + hộp zin theo máy - Giá cho ACE : 11.200.000 Bảo hành Apple 04/2017 + Ipad Air 1 Wifi 16G Trắng - Tình trạng : 99% trước sau k 1 vết trầy,mặt kính bóng loáng,4 góc cũng không cấn móp,đẹp leng keng,cảm ứng mượt mà,nguyên zin 100%, chưa 1 lần sửa chữa,mọi chức năng đều rất tốt, wifi mạnh - Phụ kiện : cáp + sạc Zin theo máy - Giá cho ACE : 6.100.000 + Ipad Air 1 Wifi 32G Xám - Tình trạng : 99% trước sau k 1 vết trầy,mặt kính bóng loáng,4 góc cũng không cấn móp,đẹp leng keng,cảm ứng mượt mà,nguyên zin 100%, chưa 1 lần sửa chữa,mọi chức năng đều rất tốt, wifi mạnh - Phụ kiện : cáp + sạc Zin theo máy - Giá cho ACE : 7.100.000 Bảo hành Apple 10/2016 + Ipad Air 2 Wifi 16G Trắng - Tình trạng : 99% trước sau k 1 vết trầy,mặt kính bóng loáng,4 góc cũng không cấn móp,đẹp leng keng,cảm ứng mượt mà,nguyên zin 100%, chưa 1 lần sửa chữa,mọi chức năng đều rất tốt, wifi mạnh - Phụ kiện : cáp + sạc Zin theo máy - Giá cho ACE : 7.700.000 - Giá cho ACE : 8.100.000 Bảo hành Apple 03/2017 + Ipad Air 2 Wifi 16G Xám - Tình trạng : 99% trước sau k 1 vết trầy,mặt kính bóng loáng,4 góc cũng không cấn móp,đẹp leng keng,cảm ứng mượt mà,nguyên zin 100%, chưa 1 lần sửa chữa,mọi chức năng đều rất tốt, wifi mạnh - Phụ kiện : cáp + sạc Zin theo máy - Giá cho ACE : 7.700.000 - Giá cho ACE : 8.000.000 Bảo hành Apple 02/2017 + Ipad Air 2 Wifi 16G Gold - Tình trạng : 99% trước sau k 1 vết trầy,mặt kính bóng loáng,4 góc cũng không cấn móp,đẹp leng keng,cảm ứng mượt mà,nguyên zin 100%, chưa 1 lần sửa chữa,mọi chức năng đều rất tốt, wifi mạnh - Phụ kiện : cáp + sạc Zin theo máy - Giá cho ACE : 7.800.000 - Giá cho ACE : 8.300.000 Bảo hành Apple 07/2017 + Ipad Air 2 Wifi 64G Trắng - Fullbox - Tình trạng : 99% trước sau k 1 vết trầy,mặt kính bóng loáng,4 góc cũng không cấn móp,đẹp leng keng,cảm ứng mượt mà,nguyên zin 100%, chưa 1 lần sửa chữa,mọi chức năng đều rất tốt, wifi mạnh - Phụ kiện : cáp + sạc + hộp Zin theo máy - Giá cho ACE : 9.700.000 Bảo hành Apple 03/2017 + Ipad Air 2 Wifi 64G Gold - Fullbox - Tình trạng : 98% trước sau k 1 vết trầy, mặt kính bóng loáng, các góc còn đẹp, chỉ bị cấn và trầy trên viền nhẹ, cảm ứng mượt mà, nguyên zin 100%, chưa 1 lần sửa chữa,mọi chức năng đều rất tốt, wifi mạnh - Phụ kiện : cáp + sạc + hộp Zin theo máy - Giá cho ACE : 8.800.000 + Ipad Air 2 Wifi+4G 16G Trắng - Fullbox - Tình trạng : 99% trước sau không trầy xước,mặt kính bóng loáng, 4 góc cũng không cấn móp, mọi chức năng đều tốt,cảm ứng mượt mà,nguyên zin 100%,chưa 1 lần sửa chữa, wifi+4G mạnh - Phụ kiện : cáp+ sạc + hộp zin theo máy - Giá cho ACE : 8.800.000 + Ipad Air 2 Wifi+4G 16G Xám - Fullbox - Tình trạng : 99% trước sau không trầy xước,mặt kính bóng loáng, 4 góc cũng không cấn móp, mọi chức năng đều tốt,cảm ứng mượt mà,nguyên zin 100%,chưa 1 lần sửa chữa, wifi+4G mạnh - Phụ kiện : cáp+ sạc + hộp zin theo máy - Giá cho ACE : 8.800.000 + Ipad Air 2 Wifi+4G 16G Gold - Tình trạng : 99,9% trước sau không trầy xước,mặt kính bóng loáng, 4 góc cũng không cấn móp, mọi chức năng đều tốt,cảm ứng mượt mà,nguyên zin 100%,chưa 1 lần sửa chữa, wifi+4G mạnh - Phụ kiện : cáp+ sạc zin theo máy - Giá cho ACE : 9.400.000 Bảo hành Apple 06/2017 + Ipad Pro 9.7 Wifi+4G 32G Rose - Fullbox - Tình trạng : 99,9% trước sau không trầy xước,mặt kính bóng loáng, 4 góc cũng không cấn móp, mọi chức năng đều tốt,cảm ứng mượt mà,nguyên zin 100%,chưa 1 lần sửa chữa, wifi+4G mạnh - Phụ kiện : cáp+ sạc + hộp zin theo máy - Giá cho ACE : 14.500.000 Bảo hành Apple 05/2017 - Giá cho ACE : 14.700.000 Bảo hành Apple 05/2018
</post>
<signature>

</signature>
<external_links>

</external_links>
<country>VN</country>
<main_image>https://s3.nhattao.com/users/2015/06/2640094_47b05c96c1742fb795196269acc0ef0f.jpg</main_image>
</document>
