<?xml version="1.0" encoding="UTF-8"?>
<document>
<type>mainstream</type>
<forum>http://www.trading-house.net/rss/meldungen/</forum>
<forum_title>trading-house.net Nachrichtenfeed</forum_title>
<discussion_title>Bis die Kinderhand schmerzt</discussion_title>
<language>german</language>
<gmt_offset></gmt_offset>
<topic_url>http://www.trading-house.net/news/bis-die-kinderhand-schmerzt-50947236</topic_url>
<topic_text>
31.08.2016 - 02:23 Uhr Bis die Kinderhand schmerzt Sommerferien gibt es theoretisch auch in China. Doch selbst in diesen sechs Wochen müssen die Kinder Unmengen an Hausaufgaben bewältigen. Zum Schulstart erholt ist keines.
</topic_text>
<spam_score>0.00</spam_score>
<post_num>1</post_num>
<post_id>post-1</post_id>
<post_url>http://www.trading-house.net/news/bis-die-kinderhand-schmerzt-50947236</post_url>
<post_date>20160831</post_date>
<post_time>0023</post_time>
<username></username>
<post>
31.08.2016 - 02:23 Uhr Bis die Kinderhand schmerzt Sommerferien gibt es theoretisch auch in China. Doch selbst in diesen sechs Wochen müssen die Kinder Unmengen an Hausaufgaben bewältigen. Zum Schulstart erholt ist keines.
</post>
<signature>

</signature>
<external_links>

</external_links>
<country>DE</country>
<main_image></main_image>
</document>
