<?xml version="1.0" encoding="UTF-8"?>
<document>
<type>mainstream</type>
<forum>http://www.sputniknews.com/export/rss2/archive/index.xml</forum>
<forum_title>Sputnik International</forum_title>
<discussion_title>Hmeymim Group Welcomes US-Russia Talks</discussion_title>
<language>english</language>
<gmt_offset></gmt_offset>
<topic_url>http://sputniknews.com/middleeast/20160830/1044788482/us-russia-hmeymim.html</topic_url>
<topic_text>
Hmeymim Group Welcomes US-Russia Talks © AFP 2016/ Fabrice Coffrini/Pool 1 245 2 0 Mais Krydee, one of the the Hmeymim group of internal Syrian opposition&apos;s leaders, said that it is important for the United States and Russia to have an agreement on Syrian crisis, however, the real decision must be taken by the Syrians and during the intra-Syrian dialogue. © Sputnik/ Alexander Natruskin Hmeymim Group Says Ready to Move On to Direct Intra-Syria Talks MOSCOW (Sputnik) — The Hmeymim group of internal Syrian opposition welcomes recent talks between US and Russian officials in Geneva, but maintains that questions related to the Syrian future and reconciliation should be addressed through negotiations between the Syrians, including by the participants of the intra-Syrian talks in Geneva, Mais Krydee, one of the group&apos;s leaders, told Sputnik on Tuesday.
Last week, US Secretary of State John Kerry and Russian Foreign Minister Sergei Lavrov discussed in Geneva the Syrian issues including an agreement on military cooperation, the situation in Aleppo and prospects of the intra-Syrian dialogue. &quot;We believe in intra-Syrian dialogue. We agree that it is important for the United States and Russia to have an agreement, however, the real decision must be taken by the Syrians and during the intra-Syrian dialogue,&quot; Krydee said. 
She underscored that the internal Syrian opposition was ready for the next round of intra-Syrian talks in Geneva, expressing hope that there would be a specific agenda to discuss. &quot;We do not see the need to meet just for dialogue itself,&quot; Krydee added. © Sputnik/ Alexander Natruskin Syrian Hmeymim Opposition Want Consideration for Vice-President Roles Syria has been mired in civil war since March 2011, with government forces loyal to Syrian President Bashar Assad fighting numerous opposition factions and extremist groups. The Syrian government delegation, as well as three opposition groups — the Riyadh-formed High Negotiations Committee (HNC), the Moscow-Cairo and the Hmeymim groups — have been taking part in the UN-mediated Geneva talks on peaceful settlement of the conflict.
The latest round of the talks took place in Geneva on April 13-27. The HNC walked out of the negotiations, citing the continuous fighting in Syria and the lack of progress on humanitarian issues. ...
</topic_text>
<spam_score>0.00</spam_score>
<post_num>1</post_num>
<post_id>post-1</post_id>
<post_url>http://sputniknews.com/middleeast/20160830/1044788482/us-russia-hmeymim.html</post_url>
<post_date>20160830</post_date>
<post_time>1648</post_time>
<username></username>
<post>
Hmeymim Group Welcomes US-Russia Talks © AFP 2016/ Fabrice Coffrini/Pool 1 245 2 0 Mais Krydee, one of the the Hmeymim group of internal Syrian opposition&apos;s leaders, said that it is important for the United States and Russia to have an agreement on Syrian crisis, however, the real decision must be taken by the Syrians and during the intra-Syrian dialogue. © Sputnik/ Alexander Natruskin Hmeymim Group Says Ready to Move On to Direct Intra-Syria Talks MOSCOW (Sputnik) — The Hmeymim group of internal Syrian opposition welcomes recent talks between US and Russian officials in Geneva, but maintains that questions related to the Syrian future and reconciliation should be addressed through negotiations between the Syrians, including by the participants of the intra-Syrian talks in Geneva, Mais Krydee, one of the group&apos;s leaders, told Sputnik on Tuesday.
Last week, US Secretary of State John Kerry and Russian Foreign Minister Sergei Lavrov discussed in Geneva the Syrian issues including an agreement on military cooperation, the situation in Aleppo and prospects of the intra-Syrian dialogue. &quot;We believe in intra-Syrian dialogue. We agree that it is important for the United States and Russia to have an agreement, however, the real decision must be taken by the Syrians and during the intra-Syrian dialogue,&quot; Krydee said. 
She underscored that the internal Syrian opposition was ready for the next round of intra-Syrian talks in Geneva, expressing hope that there would be a specific agenda to discuss. &quot;We do not see the need to meet just for dialogue itself,&quot; Krydee added. © Sputnik/ Alexander Natruskin Syrian Hmeymim Opposition Want Consideration for Vice-President Roles Syria has been mired in civil war since March 2011, with government forces loyal to Syrian President Bashar Assad fighting numerous opposition factions and extremist groups. The Syrian government delegation, as well as three opposition groups — the Riyadh-formed High Negotiations Committee (HNC), the Moscow-Cairo and the Hmeymim groups — have been taking part in the UN-mediated Geneva talks on peaceful settlement of the conflict.
The latest round of the talks took place in Geneva on April 13-27. The HNC walked out of the negotiations, citing the continuous fighting in Syria and the lack of progress on humanitarian issues. ...
</post>
<signature>

</signature>
<external_links>

</external_links>
<country>RU</country>
<main_image>https://cdn5.img.sputniknews.com/images/103815/62/1038156201.jpg</main_image>
</document>
