<?xml version="1.0" encoding="UTF-8"?>
<document>
<type>mainstream</type>
<forum>http://www.trading-house.net/rss/meldungen/</forum>
<forum_title>trading-house.net Nachrichtenfeed</forum_title>
<discussion_title>Experten gehen von Anstieg der Arbeitslosenzahlen aus</discussion_title>
<language>german</language>
<gmt_offset></gmt_offset>
<topic_url>http://www.trading-house.net/news/experten-gehen-von-anstieg-der-arbeitslosenzahlen-aus-50947066</topic_url>
<topic_text>
31.08.2016 - 01:32 Uhr Experten gehen von Anstieg der Arbeitslosenzahlen aus Die Regionaldirektion der Agentur für Arbeit will heute die aktuellen Zahlen zur Lage auf dem Arbeitsmarkt in Schleswig-Holstein ...
</topic_text>
<spam_score>0.00</spam_score>
<post_num>1</post_num>
<post_id>post-1</post_id>
<post_url>http://www.trading-house.net/news/experten-gehen-von-anstieg-der-arbeitslosenzahlen-aus-50947066</post_url>
<post_date>20160830</post_date>
<post_time>2332</post_time>
<username></username>
<post>
31.08.2016 - 01:32 Uhr Experten gehen von Anstieg der Arbeitslosenzahlen aus Die Regionaldirektion der Agentur für Arbeit will heute die aktuellen Zahlen zur Lage auf dem Arbeitsmarkt in Schleswig-Holstein ...
</post>
<signature>

</signature>
<external_links>

</external_links>
<country>DE</country>
<main_image></main_image>
</document>
