<?xml version="1.0" encoding="UTF-8"?>
<document>
<type>mainstream</type>
<forum>http://www.newsghana.com.gh/feed</forum>
<forum_title>News Ghana</forum_title>
<discussion_title>4TH Cycle of UNCTAD Training Commences</discussion_title>
<language>english</language>
<gmt_offset></gmt_offset>
<topic_url>https://www.newsghana.com.gh/4th-cycle-of-unctad-training-commences/</topic_url>
<topic_text>
4TH Cycle of UNCTAD Training Commences The 4TH Cycle of the United Nations Conference on Trade and Development (UNCTAD) training program has commenced. Aug 31, 2016 tweet 
The UNCTAD train for trade for modern port management program which is being sponsored by the Ghana Ports and Harbours Authority (GPHA) with support from the Irish Aid and the Port of Irelandis aimed at equipping the Port community including staff of GPHA with techniques in modern port management. 
Participants who are drawn from GPHA, stevedoring companies, shipping lines among other industry players would be trained on port operations management, port administration, and port management among other areas. 
They are therefore expected to deliver efficient services to clients after going through the program as part of the port authority’s vision to transform the port to a modern port. Organizers of the Porgram believe the UNCTAD training will make the Ports of Ghana more efficient and improve service delivery tremendously. 
Participants will be expected to present a dissertation after the 2year program and certificates would be duly awarded to them. TAGS
</topic_text>
<spam_score>0.00</spam_score>
<post_num>1</post_num>
<post_id>post-1</post_id>
<post_url>https://www.newsghana.com.gh/4th-cycle-of-unctad-training-commences/</post_url>
<post_date>20160831</post_date>
<post_time>0032</post_time>
<username>News Ghana</username>
<post>
4TH Cycle of UNCTAD Training Commences The 4TH Cycle of the United Nations Conference on Trade and Development (UNCTAD) training program has commenced. Aug 31, 2016 tweet 
The UNCTAD train for trade for modern port management program which is being sponsored by the Ghana Ports and Harbours Authority (GPHA) with support from the Irish Aid and the Port of Irelandis aimed at equipping the Port community including staff of GPHA with techniques in modern port management. 
Participants who are drawn from GPHA, stevedoring companies, shipping lines among other industry players would be trained on port operations management, port administration, and port management among other areas. 
They are therefore expected to deliver efficient services to clients after going through the program as part of the port authority’s vision to transform the port to a modern port. Organizers of the Porgram believe the UNCTAD training will make the Ports of Ghana more efficient and improve service delivery tremendously. 
Participants will be expected to present a dissertation after the 2year program and certificates would be duly awarded to them. TAGS
</post>
<signature>

</signature>
<external_links>

</external_links>
<country>GH</country>
<main_image>https://www.newsghana.com.gh/wp-content/uploads/2014/05/UNCTAD.jpg</main_image>
</document>
