<?xml version="1.0" encoding="UTF-8"?>
<document>
<type>mainstream</type>
<forum></forum>
<forum_title></forum_title>
<discussion_title>Sorry dear kids, this is Kashmir!</discussion_title>
<language>english</language>
<gmt_offset></gmt_offset>
<topic_url>http://www.greaterkashmir.com/news/opinion/sorry-dear-kids-this-is-kashmir/227171.html</topic_url>
<topic_text>
Wednesday, August 31, 2016, 27, Zul Qaadah, 1437 Sorry dear kids, this is Kashmir! just imagine the plight of kids in Downtown Srinagar who have not moved out of their homes for the last more than 50 days Dr. Rumana Makhdoomi Srinagar, Publish Date: Aug 30 2016 10:49PM | Updated Date: Aug 30 2016 10:49PM Photo: Aman Farooq/GK 
I have never taught my children anything about Kashmir conflict. I never talked to them about anything that is anti-Indian. I have tried to isolate them from all that is happening outside. Tried to protect them, secure them safe from all the tumults that Kashmir goes through. But nothing has made them patriotic. They have at their tender age absorbed passively all that we are going through. They know it is not safe outside. They know ‘Republic Day’ means a day of curbs and restrictions in Kashmir. They know &apos;Independence Day&apos; means a day of enhanced military presence, a day of uneasiness and a day without phone and internet. They cannot connect with all the celebrations going on in Delhi or elsewhere in India on these National days – or anything that their books tell them about these events. They ask their young minds why? They hear from their cousins living abroad and elsewhere about the ‘rights’ they enjoy, the mornings they explore, the evenings that make them happy. I know we could not give them anything here. They can’t walk freely, they sense the tension in the air when we are questioned about our identity. 
They have been living an asphyxiated life for the last 46 days. They don’t go to school. They must be pondering why? I can’t blackout the news to them. Every time a youngster on the street is hurt, every time he receives a volley of pellets, every time his eye is gouged out, every time his face is mottled – my kids become nervous, agitated and anxious. They tremble when they hear about the death toll. When pepper gas chocks them, burning tyres bring tears to their eyes – they cry out, ‘Why are we being punished?” 
They watch with us the anti-Kashmiri propaganda on TV. They look at the images on newspapers – the images of young boys and girls. They ask us about Insha. They ask us why she was blinded? They ask us about Zohra. Their questions are long and our answers brief, irrelevant and incoherent. How will I or anyone else convince them that this all is happening in ‘National interest’. They don’t like it that children are hit and mauled, kicked and assaulted and no one can convince them to love the ones who are doing it. 
I know I cannot teach my children in this age of awareness “Love” -no matter how they treat you”. Before I tell them that I have to answer their queries about ‘why we are treated, the way we are?’ 
Childhood is all about love, curiosity, carelessness and innocence. If a curious child peeping through a window gets blind – humanity must get a jolt, if an angry child is poked badly into the eye, there is a hatred which cannot be treated, if a molted face with a storm of anger – fails to get justice – you don’t need to teach your children. Their lessons are learnt. 
Children too have their dreams, just imagine the plight of kids in Downtown Srinagar who have not moved out of their homes for the last more than 50 days. For what fault are they imprisoned? Their bodies have become statues, you don’t let them play, hop or sing.You freeze them and their minds. Childhood becomes a bigger casualty as their activities come to a halt. They hate it, they hate the prisons you trap them in and they display their anger. By God we taught them nothing-they learnt their lessons very early. They know what it means to be a Kashmiri child. Burning and freezing in a zone of conflict uncomfortable questions about their well-being and their future stare at us. 
Our Education Department has been a witness to the impact of conflict on education, what has it done to provide education to kids in turmoil for the last 3 decades? Should kids stay at home and learn nothing? Shouldn’t they have opened Mohalla schools – utilizing teachers or volunteers from same Mohalla or set-up online teaching? Shouldn’t there have been a psychological support for kids? What about blind kids? What about their present and their future? 
Before I close my 6 year old daughter taught me a lesson which I would like to share with all. Maybe with her suggestions we could rewrite the books on children. She asked me why lion was called the king of the jungle. I talked about the strength and power of lion and how he was stronger than any other animal in the jungle. Disgusted and unhappy with my reply she said, “But a king should not kill, he should be kind and caring. He should not eat other animals”. She made me speechless; this is a new generation of Kashmiri kids who pose difficult questions. If Kashmir is dear why are people dying here? Why are kids being blinded? They are asking it genuinely and will continue to ask- 53 days of uninterrupted curfew has given them enough time to think about this all. Wait for more difficult questions. More in this Category 
</topic_text>
<spam_score>0.17</spam_score>
<post_num>1</post_num>
<post_id>post-1</post_id>
<post_url>http://www.greaterkashmir.com/news/opinion/sorry-dear-kids-this-is-kashmir/227171.html</post_url>
<post_date>20160820</post_date>
<post_time></post_time>
<username>Dr. Rumana Makhdoomi</username>
<post>
Wednesday, August 31, 2016, 27, Zul Qaadah, 1437 Sorry dear kids, this is Kashmir! just imagine the plight of kids in Downtown Srinagar who have not moved out of their homes for the last more than 50 days Dr. Rumana Makhdoomi Srinagar, Publish Date: Aug 30 2016 10:49PM | Updated Date: Aug 30 2016 10:49PM Photo: Aman Farooq/GK 
I have never taught my children anything about Kashmir conflict. I never talked to them about anything that is anti-Indian. I have tried to isolate them from all that is happening outside. Tried to protect them, secure them safe from all the tumults that Kashmir goes through. But nothing has made them patriotic. They have at their tender age absorbed passively all that we are going through. They know it is not safe outside. They know ‘Republic Day’ means a day of curbs and restrictions in Kashmir. They know &apos;Independence Day&apos; means a day of enhanced military presence, a day of uneasiness and a day without phone and internet. They cannot connect with all the celebrations going on in Delhi or elsewhere in India on these National days – or anything that their books tell them about these events. They ask their young minds why? They hear from their cousins living abroad and elsewhere about the ‘rights’ they enjoy, the mornings they explore, the evenings that make them happy. I know we could not give them anything here. They can’t walk freely, they sense the tension in the air when we are questioned about our identity. 
They have been living an asphyxiated life for the last 46 days. They don’t go to school. They must be pondering why? I can’t blackout the news to them. Every time a youngster on the street is hurt, every time he receives a volley of pellets, every time his eye is gouged out, every time his face is mottled – my kids become nervous, agitated and anxious. They tremble when they hear about the death toll. When pepper gas chocks them, burning tyres bring tears to their eyes – they cry out, ‘Why are we being punished?” 
They watch with us the anti-Kashmiri propaganda on TV. They look at the images on newspapers – the images of young boys and girls. They ask us about Insha. They ask us why she was blinded? They ask us about Zohra. Their questions are long and our answers brief, irrelevant and incoherent. How will I or anyone else convince them that this all is happening in ‘National interest’. They don’t like it that children are hit and mauled, kicked and assaulted and no one can convince them to love the ones who are doing it. 
I know I cannot teach my children in this age of awareness “Love” -no matter how they treat you”. Before I tell them that I have to answer their queries about ‘why we are treated, the way we are?’ 
Childhood is all about love, curiosity, carelessness and innocence. If a curious child peeping through a window gets blind – humanity must get a jolt, if an angry child is poked badly into the eye, there is a hatred which cannot be treated, if a molted face with a storm of anger – fails to get justice – you don’t need to teach your children. Their lessons are learnt. 
Children too have their dreams, just imagine the plight of kids in Downtown Srinagar who have not moved out of their homes for the last more than 50 days. For what fault are they imprisoned? Their bodies have become statues, you don’t let them play, hop or sing.You freeze them and their minds. Childhood becomes a bigger casualty as their activities come to a halt. They hate it, they hate the prisons you trap them in and they display their anger. By God we taught them nothing-they learnt their lessons very early. They know what it means to be a Kashmiri child. Burning and freezing in a zone of conflict uncomfortable questions about their well-being and their future stare at us. 
Our Education Department has been a witness to the impact of conflict on education, what has it done to provide education to kids in turmoil for the last 3 decades? Should kids stay at home and learn nothing? Shouldn’t they have opened Mohalla schools – utilizing teachers or volunteers from same Mohalla or set-up online teaching? Shouldn’t there have been a psychological support for kids? What about blind kids? What about their present and their future? 
Before I close my 6 year old daughter taught me a lesson which I would like to share with all. Maybe with her suggestions we could rewrite the books on children. She asked me why lion was called the king of the jungle. I talked about the strength and power of lion and how he was stronger than any other animal in the jungle. Disgusted and unhappy with my reply she said, “But a king should not kill, he should be kind and caring. He should not eat other animals”. She made me speechless; this is a new generation of Kashmiri kids who pose difficult questions. If Kashmir is dear why are people dying here? Why are kids being blinded? They are asking it genuinely and will continue to ask- 53 days of uninterrupted curfew has given them enough time to think about this all. Wait for more difficult questions. More in this Category 
</post>
<signature>

</signature>
<external_links>

</external_links>
<country>US</country>
<main_image>http://www.greaterkashmir.com/cms/gall_content/2016/8/2016_8$largeimg230_Aug_2016_224920870.jpg</main_image>
</document>
