<?xml version="1.0" encoding="UTF-8"?>
<document>
<type>mainstream</type>
<forum></forum>
<forum_title></forum_title>
<discussion_title>生後6か月でその子の数学的能力が明らかに。その見分け方とは?伸ばし方とは?(米研究)｜OMOROI TRASH</discussion_title>
<language>english</language>
<gmt_offset></gmt_offset>
<topic_url>http://omoroi.trash-journal.link/entry-103736.html</topic_url>
<topic_text>

</topic_text>
<spam_score>0.00</spam_score>
<post_num>1</post_num>
<post_id>post-1</post_id>
<post_url>http://omoroi.trash-journal.link/entry-103736.html</post_url>
<post_date>20160831</post_date>
<post_time></post_time>
<username></username>
<post>

</post>
<signature>

</signature>
<external_links>

</external_links>
<country>JP</country>
<main_image>http://livedoor.blogimg.jp/karapaia_zaeega/imgs/0/8/08a7744c.jpg</main_image>
</document>
