<?xml version="1.0" encoding="UTF-8"?>
<document>
<type>mainstream</type>
<forum>http://www.euractiv.com/rss.xml</forum>
<forum_title>EurActiv.com</forum_title>
<discussion_title>Brexit fuels Japanese worries over planned trade deal</discussion_title>
<language>english</language>
<gmt_offset></gmt_offset>
<topic_url>http://www.euractiv.com/section/uk-europe/news/brexit-fuels-japanese-worries-over-planned-trade-deal/</topic_url>
<topic_text>
The prospect of Brexit is giving Japan serious cause for concern as its government fears dwindling interest in a planned free trade agreement with the EU. EurActiv’s partner Wirtschaftswoche reports. 
Japan is worried that interest in a trade agreement with the EU, the negotiations of which are supposed to come to a close by the end of 2016, is under threat, as the UK was considered to be one of the proposal’s biggest supporters.
Additionally, competition posed by the East Asian country’s formidable automotive and engineering industries is seen as a genuine threat by France, according to Japanese government sources.
The head of the Japanese Business Federation (the Keidanren), Sadayuki Sakakibara, expects many European-based Japanese companies to relocate their headquarters to Düsseldorf, Brussels or Frankfurt in the wake of the UK’s vote to leave the bloc.
“Access to the European Union was the basis for Japanese investment in the UK,” Sakakibara warned.
Live: Towards the post-Brexit relationship Follow EurActiv’s live coverage as the new UK government begins to deal with the country’s exit from the EU.
EurActiv.com 
The government of the German region of North Rhine-Westphalia has meanwhile been actively courting Japanese companies based in Britain. “We are already working with clients on a number of projects,” the CEO of NRW Invest’s Japanese branch, Georg Löer, told Wirtschaftswoche.
Löer indicated that Düsseldorf and NRW stand to gain a great deal from Japan’s concerns on the Brexit issue. NRW Invest is set to run a seminar in London later in September in an effort to court further investment from Japan, as well as India, Korea, China and the USA.
</topic_text>
<spam_score>0.00</spam_score>
<post_num>2</post_num>
<post_id>post-2</post_id>
<post_url>http://www.euractiv.com/section/uk-europe/news/brexit-fuels-japanese-worries-over-planned-trade-deal/#comment-316500</post_url>
<post_date>20160830</post_date>
<post_time>1057</post_time>
<username>Peter Hurrell</username>
<post>
The FGR [Federal German Republic] has already asked many companies within the UK to relocate to Germany – particularly around Berlin and Lepzig-Halle. Several colleagues of ours are going to take this up. A similar request from Catalonia is also min the offing.
</post>
<signature>

</signature>
<external_links>

</external_links>
<country>BG</country>
<main_image>http://www.euractiv.com/wp-content/uploads/sites/2/2016/08/4930578795_660fb04fa0_b-800x600.jpg</main_image>
</document>
