<?xml version="1.0" encoding="UTF-8"?>
<document>
<type>mainstream</type>
<forum>http://www.cbs8.com/category/48535/new-products-services</forum>
<forum_title>New Products &amp;amp; Services - CBS News 8 - San Diego, CA News Station - KFMB Channel 8</forum_title>
<discussion_title>Bitcoin IRA Offers Limited Time Silver Rebate to Celebrate $500,000 Milestone</discussion_title>
<language>english</language>
<gmt_offset></gmt_offset>
<topic_url>http://www.cbs8.com/story/32867744/bitcoin-ira-offers-limited-time-silver-rebate-to-celebrate-500000-milestone</topic_url>
<topic_text>
 Bitcoin IRA
One of a kind bitcoin-based retirement service to offer 1% rebate of real silver for all new retirement accounts.
LOS ANGELES , Aug. 29, 2016 /PRNewswire/ -- Bitcoin IRA , the only company that enables people to invest in real bitcoins as part of their retirement portfolio, has announced that it has exceeded $500,000 in total investments since launching in June 2016 . To mark this achievement, the company is offering investors a limited-time rebate of 1% in real silver for each new account they open.
Photo - http://photos.prnewswire.com/prnh/20160829/402249
The rebate applies to all accounts opened through the end of August 2016 , and offers $150 in real silver in exchange for a $15,000 investment, $250 in real silver for a $25,000 bitcoin investment, and so on. As two of the top performing assets for 2016, precious metals and bitcoin are becoming popular choices for investors, who are increasingly rolling their 401(k) and IRA accounts into these alternative investments in an effort to safeguard their financial future.
Unlike other bitcoin-based retirement options, which only permit investments in bitcoin-based stocks and bonds, Bitcoin IRA offers IRS-approved retirement plans that allow individuals to invest in real bitcoins through self-directed IRAs. To ensure the highest level of privacy and security of user funds, Bitcoin IRA uses best-in-class cryptocurrency solutions from BitGo, the industry leader in blockchain security and multi-signature wallets.
&quot; Bitcoin is one of the most important currency innovations in decades,&quot;
Says Ed Moy , Chief Strategist for Bitcoin IRA and former U.S. Mint Director,
&quot;It&apos;s a decentralized, global form of money, so its value isn&apos;t tied to the economy of any one specific country. That makes it an excellent way to diversify your investments. I&apos;m proud to be part of Bitcoin IRA.&quot;
About Bitcoin IRA
Bitcoin IRA is pioneering the use of bitcoin as an investment option for retirement, offering a unique alternative for self-directed IRAs. Working with industry leaders to provide secure, high-quality bitcoin investments, Bitcoin IRA provides an innovative way for investors to build their 401(k) and protect their retirement savings against market turmoil. To learn more, visit BitcoinIRA.com .
Media Contact
Name: Johannes Haze
Contact Email: info@bitcoinira.com
Location: Los Angeles, CA
Bitcoin IRA is the source of this content. Virtual currency is not legal tender, is not backed by the government, and accounts and value balances are not subject to FDIC and other consumer protections. This press release is for informational purposes only.
Related Links
Bitcoin PR Buzz
Bitcoin IRA
This content was issued through the press release distribution service at Newswire.com. For more info visit: http://www.newswire.com
 releases/bitcoin-ira-offers-limited-time-silver-rebate-to-celebrate-5 -milestone-300319459.html
 
</topic_text>
<spam_score>1.00</spam_score>
<post_num>1</post_num>
<post_id>post-1</post_id>
<post_url>http://www.cbs8.com/story/32867744/bitcoin-ira-offers-limited-time-silver-rebate-to-celebrate-500000-milestone</post_url>
<post_date>20160829</post_date>
<post_time></post_time>
<username>cbs8</username>
<post>
 Bitcoin IRA
One of a kind bitcoin-based retirement service to offer 1% rebate of real silver for all new retirement accounts.
LOS ANGELES , Aug. 29, 2016 /PRNewswire/ -- Bitcoin IRA , the only company that enables people to invest in real bitcoins as part of their retirement portfolio, has announced that it has exceeded $500,000 in total investments since launching in June 2016 . To mark this achievement, the company is offering investors a limited-time rebate of 1% in real silver for each new account they open.
Photo - http://photos.prnewswire.com/prnh/20160829/402249
The rebate applies to all accounts opened through the end of August 2016 , and offers $150 in real silver in exchange for a $15,000 investment, $250 in real silver for a $25,000 bitcoin investment, and so on. As two of the top performing assets for 2016, precious metals and bitcoin are becoming popular choices for investors, who are increasingly rolling their 401(k) and IRA accounts into these alternative investments in an effort to safeguard their financial future.
Unlike other bitcoin-based retirement options, which only permit investments in bitcoin-based stocks and bonds, Bitcoin IRA offers IRS-approved retirement plans that allow individuals to invest in real bitcoins through self-directed IRAs. To ensure the highest level of privacy and security of user funds, Bitcoin IRA uses best-in-class cryptocurrency solutions from BitGo, the industry leader in blockchain security and multi-signature wallets.
&quot; Bitcoin is one of the most important currency innovations in decades,&quot;
Says Ed Moy , Chief Strategist for Bitcoin IRA and former U.S. Mint Director,
&quot;It&apos;s a decentralized, global form of money, so its value isn&apos;t tied to the economy of any one specific country. That makes it an excellent way to diversify your investments. I&apos;m proud to be part of Bitcoin IRA.&quot;
About Bitcoin IRA
Bitcoin IRA is pioneering the use of bitcoin as an investment option for retirement, offering a unique alternative for self-directed IRAs. Working with industry leaders to provide secure, high-quality bitcoin investments, Bitcoin IRA provides an innovative way for investors to build their 401(k) and protect their retirement savings against market turmoil. To learn more, visit BitcoinIRA.com .
Media Contact
Name: Johannes Haze
Contact Email: info@bitcoinira.com
Location: Los Angeles, CA
Bitcoin IRA is the source of this content. Virtual currency is not legal tender, is not backed by the government, and accounts and value balances are not subject to FDIC and other consumer protections. This press release is for informational purposes only.
Related Links
Bitcoin PR Buzz
Bitcoin IRA
This content was issued through the press release distribution service at Newswire.com. For more info visit: http://www.newswire.com
 releases/bitcoin-ira-offers-limited-time-silver-rebate-to-celebrate-5 -milestone-300319459.html
 
</post>
<signature>

</signature>
<external_links>
<external_link>http://bitcoinprbuzz.com/bitcoin-ira-offers-limited-time-silver-rebate-to-celebrate-500000-milestone/</external_link><external_link>http://www.xmlnews.org/ns/</external_link><external_link>http://www.bitcoinira.com/</external_link><external_link>http://www.prnewswire.com/news-releases/bitcoin-ira-offers-limited-time-silver-rebate-to-celebrate-500000-milestone-300319459.html</external_link><external_link>https://bitcoinira.com/bitcoin-401k-rollover/?AID=707&amp;cID=2592</external_link><external_link>http://rt.prnewswire.com/rt.gif?NewsItemId=NY78570&amp;Transmission_Id=201608291726PR_NEWS_USPR_____NY78570&amp;DateId=20160829</external_link><external_link>http://photos.prnewswire.com/prnh/20160829/402249</external_link><external_link>http://www.newswire.com/</external_link>
</external_links>
<country>US</country>
<main_image></main_image>
</document>
