<?xml version="1.0" encoding="UTF-8"?>
<document>
<type>mainstream</type>
<forum>http://bangordailynews.com/feed</forum>
<forum_title>Bangor Daily News</forum_title>
<discussion_title>Trump/Pence Sign Wave Bucksport</discussion_title>
<language>english</language>
<gmt_offset></gmt_offset>
<topic_url>http://bangordailynews.com/community/trumppence-sign-wave-bucksport/</topic_url>
<topic_text>
Posted Aug. 30, 2016, at 8:19 p.m. 
Saturday, Sept. 24, 2016 11 a.m. to 1 p.m. 
Location: Downtown Bucksport, Corner of Main Street &amp; Rt. 1, Bucksport, ME 
For more information: 207-460-0978; facebook.com/events/614554605391835/ 
If you listen to the mainstream media and see the obviously rigged polling, you would be one to believe that there isn’t much support for Donald Trump and Mike Pence.   
We can prove them wrong. 
Let’s get together and show Hancock County that WE support Trump/Pence as well as our LOCAL CANDIDATES! 
Make your own signs if you wish, or we can loan you some. 
You needn’t support Trump/Pence directly. 
If you’d like to support Congressman Poliquin, or any of our other great LOCAL CANDIDATES or any of the many BALLOT MEASURES, please feel free to join us! 
This post was contributed by a community member. Submit your news → Recommend this article
</topic_text>
<spam_score>0.00</spam_score>
<post_num>1</post_num>
<post_id>post-1</post_id>
<post_url>http://bangordailynews.com/community/trumppence-sign-wave-bucksport/</post_url>
<post_date>20160831</post_date>
<post_time>0019</post_time>
<username>DaveGulya</username>
<post>
Posted Aug. 30, 2016, at 8:19 p.m. 
Saturday, Sept. 24, 2016 11 a.m. to 1 p.m. 
Location: Downtown Bucksport, Corner of Main Street &amp; Rt. 1, Bucksport, ME 
For more information: 207-460-0978; facebook.com/events/614554605391835/ 
If you listen to the mainstream media and see the obviously rigged polling, you would be one to believe that there isn’t much support for Donald Trump and Mike Pence.   
We can prove them wrong. 
Let’s get together and show Hancock County that WE support Trump/Pence as well as our LOCAL CANDIDATES! 
Make your own signs if you wish, or we can loan you some. 
You needn’t support Trump/Pence directly. 
If you’d like to support Congressman Poliquin, or any of our other great LOCAL CANDIDATES or any of the many BALLOT MEASURES, please feel free to join us! 
This post was contributed by a community member. Submit your news → Recommend this article
</post>
<signature>

</signature>
<external_links>

</external_links>
<country>US</country>
<main_image>http://bangordailynews.com/wp-content/uploads/2016/08/Bucksport-Sign-Wave-600x157.jpg?strip=all</main_image>
</document>
