<?xml version="1.0" encoding="UTF-8"?>
<document>
<type>mainstream</type>
<forum>http://www.kansascity.com/news/politics-government/?widgetName=rssfeed&amp;widgetContentId=6199&amp;getXmlFeed=true</forum>
<forum_title>Government &amp; Politics News | KansasCity.com &amp;</forum_title>
<discussion_title>US evaluating Taliban video of captive couple</discussion_title>
<language>english</language>
<gmt_offset></gmt_offset>
<topic_url>http://www.kansascity.com/news/nation-world/article98924882.html</topic_url>
<topic_text>
August 30, 2016 7:37 PM US evaluating Taliban video of captive couple 
The State Department said it is evaluating a video released by the Afghan Taliban showing a Canadian man and his American wife warning that their Afghan captors will kill them unless the Kabul government ends its executions of Taliban prisoners. FILE- In this June 4, 2014, file photo, mother&apos;s Linda Boyle, left and Lyn Coleman hold photo of their married children, Joshua Boyle and Caitlan Coleman, who were kidnapped by the Taliban in late 2012 in Stewartstown, Pa. The State Department is evaluating a video released by the Afghan Taliban showing Joshua Boyle and Caitlan Coleman warning that their Afghan captors will kill them unless the Kabul government ends its executions of Taliban prisoners. State Department spokesman John Kirby said at his daily briefing Tuesday, Aug. 30, 2016, that the video purportedly showing the couple is “being examined for its validity.” Bill Gorman, File AP Photo i
</topic_text>
<spam_score>0.00</spam_score>
<post_num>1</post_num>
<post_id>post-1</post_id>
<post_url>http://www.kansascity.com/news/nation-world/article98924882.html</post_url>
<post_date>20160831</post_date>
<post_time>0037</post_time>
<username>The Associated Press</username>
<post>
August 30, 2016 7:37 PM US evaluating Taliban video of captive couple 
The State Department said it is evaluating a video released by the Afghan Taliban showing a Canadian man and his American wife warning that their Afghan captors will kill them unless the Kabul government ends its executions of Taliban prisoners. FILE- In this June 4, 2014, file photo, mother&apos;s Linda Boyle, left and Lyn Coleman hold photo of their married children, Joshua Boyle and Caitlan Coleman, who were kidnapped by the Taliban in late 2012 in Stewartstown, Pa. The State Department is evaluating a video released by the Afghan Taliban showing Joshua Boyle and Caitlan Coleman warning that their Afghan captors will kill them unless the Kabul government ends its executions of Taliban prisoners. State Department spokesman John Kirby said at his daily briefing Tuesday, Aug. 30, 2016, that the video purportedly showing the couple is “being examined for its validity.” Bill Gorman, File AP Photo i
</post>
<signature>

</signature>
<external_links>

</external_links>
<country>US</country>
<main_image>http://www.mcclatchy-wires.com/wire_photos/xna4wk/picture98924877/ALTERNATES/LANDSCAPE_1140/Afghanistan%20Captives.JPEG</main_image>
</document>
