<?xml version="1.0" encoding="UTF-8"?>
<document>
<type>mainstream</type>
<forum></forum>
<forum_title></forum_title>
<discussion_title>India&apos;s 100-Year-Old Runner</discussion_title>
<language>english</language>
<gmt_offset></gmt_offset>
<topic_url>http://www.greaterkashmir.com/news/sports/india-s-100-year-old-runner/227214.html</topic_url>
<topic_text>
Wednesday, August 31, 2016, 27, Zul Qaadah, 1437 India&apos;s 100-Year-Old Runner Man Kaur, bags gold medal at American Masters Games Greater Kashmir Vancouver, Publish Date: Aug 31 2016 12:42AM | Updated Date: Aug 31 2016 12:42AM File Photo It was indeed a proud moment for India when 100-year-old Man Kaur won a gold medal on Monday at the American Masters Games. The centenarian needed almost a minute-and-a-half to cross the finish line in the 100-meter dash, but she still picked up a gold medal. That&apos;s because Kaur was the only female competitor in her age category at the competition for older athletes. When she crossed the finish line in Vancouver, her competitors — many of them in their 70s and 80s — were there to cheer her on. Kaur, who finished the sprint in one minute and twenty-one seconds, raised her hands and smiled as she finished her race. The unique international event, which is organised for athletes over the age of 30, saw several participants. And when Kaur joined in, athletes felt inspired by her energy and drive to compete. Charmaine Crooks, a five-time Olympian who won a silver medal for Canada in the women&apos;s 4x400-meter relay in 1984, serves as an athlete ambassador for the Masters Games. She praised Kaur&apos;s &quot;dynamic spirit.&quot; &quot;I know that it&apos;s inspired me. Hey, I&apos;ve got almost 50 more years to go, right?&quot; Crooks said. &quot;She&apos;s inspiring everyone, young and old.&quot; Kaur&apos;s son Gurudev Singh, 78, who was also competing in the event, was quoted telling Associated Press that whenever she wins, she returns to India and tells everybody about the medals she won in different countries. &quot;Winning makes her happy,&quot; said he. He added that his mother started running at the age of 93 after he encouraged her to do so. And ever since, she has been motivating older women to take up running. Kaur has now won more than 20 medals in Masters Games across the globe. While practicing in her home of Chandigarh, she goes out every evening to run five or 10 short distances, said Singh. The World Masters Games take place every four years, with regional games in between. Agencies More in this Category 
</topic_text>
<spam_score>0.19</spam_score>
<post_num>1</post_num>
<post_id>post-1</post_id>
<post_url>http://www.greaterkashmir.com/news/sports/india-s-100-year-old-runner/227214.html</post_url>
<post_date>20160820</post_date>
<post_time></post_time>
<username>Greater Kashmir</username>
<post>
Wednesday, August 31, 2016, 27, Zul Qaadah, 1437 India&apos;s 100-Year-Old Runner Man Kaur, bags gold medal at American Masters Games Greater Kashmir Vancouver, Publish Date: Aug 31 2016 12:42AM | Updated Date: Aug 31 2016 12:42AM File Photo It was indeed a proud moment for India when 100-year-old Man Kaur won a gold medal on Monday at the American Masters Games. The centenarian needed almost a minute-and-a-half to cross the finish line in the 100-meter dash, but she still picked up a gold medal. That&apos;s because Kaur was the only female competitor in her age category at the competition for older athletes. When she crossed the finish line in Vancouver, her competitors — many of them in their 70s and 80s — were there to cheer her on. Kaur, who finished the sprint in one minute and twenty-one seconds, raised her hands and smiled as she finished her race. The unique international event, which is organised for athletes over the age of 30, saw several participants. And when Kaur joined in, athletes felt inspired by her energy and drive to compete. Charmaine Crooks, a five-time Olympian who won a silver medal for Canada in the women&apos;s 4x400-meter relay in 1984, serves as an athlete ambassador for the Masters Games. She praised Kaur&apos;s &quot;dynamic spirit.&quot; &quot;I know that it&apos;s inspired me. Hey, I&apos;ve got almost 50 more years to go, right?&quot; Crooks said. &quot;She&apos;s inspiring everyone, young and old.&quot; Kaur&apos;s son Gurudev Singh, 78, who was also competing in the event, was quoted telling Associated Press that whenever she wins, she returns to India and tells everybody about the medals she won in different countries. &quot;Winning makes her happy,&quot; said he. He added that his mother started running at the age of 93 after he encouraged her to do so. And ever since, she has been motivating older women to take up running. Kaur has now won more than 20 medals in Masters Games across the globe. While practicing in her home of Chandigarh, she goes out every evening to run five or 10 short distances, said Singh. The World Masters Games take place every four years, with regional games in between. Agencies More in this Category 
</post>
<signature>

</signature>
<external_links>

</external_links>
<country>US</country>
<main_image>http://www.greaterkashmir.com/cms/gall_content/2016/8/2016_8$largeimg231_Aug_2016_004206203.jpg</main_image>
</document>
