<?xml version="1.0" encoding="UTF-8"?>
<document>
<type>mainstream</type>
<forum>http://feeds.feedblitz.com/previouslytv</forum>
<forum_title>Previously.TV</forum_title>
<discussion_title>So You Think You Can Dance Thinks It Can Also Choreograph :: SYTYCD celebrates 250 episodes with a few special (and not-so-special) guest stars. [So You Think You Can Dance]</discussion_title>
<language>english</language>
<gmt_offset></gmt_offset>
<topic_url>http://previously.tv/so-you-think-you-can-dance/so-you-think-you-can-dance-thinks-it-can-also-choreograph/</topic_url>
<topic_text>
So You Think You Can Dance Thinks It Can Also Choreograph SYTYCD celebrates 250 episodes with a few special (and not-so-special) guest stars. E11 
Tonight, SYTYCD turns 250, which is a pretty remarkable milestone. I mean, we&apos;re almost in M*A*S*H territory here, in terms of longevity, if not dark humor. The show rings in 250 episodes by turning the kids loose to design their own production numbers, from choreography to concept to costumes, and if you&apos;re into those segments where the kids mess with their mentors, you&apos;re definitely in for a treat. They don&apos;t all put their All-Stars through the paces with the same glee as Tahani, who dresses Comfort as a nerd and compels her to do all the toughest acrobatic moves she can think of, but it&apos;s great fun for everyone involved. 
Though it takes up most of the second hour, self-choreography isn&apos;t the main event, apparently. The bulk of the episode is structured as the opening act for Maddie&apos;s duet with Travis Wall, with Cat teasing it every ten minutes as though they&apos;ve got, like, Savion Glover as a guest star. Wait, what? They DO have Savion Glover? And he choreographs one number and shows up onscreen for all of five minutes? But hey, we&apos;ve got a guy who does choreography for the show basically every single week and the girl from the Sia video, also here all the time, writhing to something that sounds like it sort of wants to be Metal Machine Music . That seems fair. 
Anyway, let&apos;s rank the performances of the final five when it comes to their own work and that of the pros. Tahani (coach: Comfort) 
Clad in quasi-Nigerian garb, Tahani and Comfort close out the evening&apos;s pro-choreographed numbers with a &quot;tribal hip-hop&quot; piece, the theme of which is described as &quot;two indigenous women discovering hip-hop for the first time, and realizing...the beats are the same.&quot; As with Kida&apos;s bit, it&apos;s best not to think too hard about the lyrics to the Missy Elliott song used here, which even warns us that the subject of the song may be too young for this kind of thing. Thankfully, there&apos;s no attempt at literal interpretation. And as always, Tahani&apos;s clearly a little technically behind the curve, but her athleticism (with an assist from the crazy costumes they kept putting her in) was enough to keep pulling her through until tonight. JT (coach: Robert) 
You know how every season of The Amazing Race has a team of huge characters that large swaths of the viewing public are totally nuts about, diehards are largely underwhelmed by, and every week you wonder how that team is still there until they wind up going out in third or fourth place, to the chagrin of many and the audible relief of purists? I&apos;m saying: JT is basically the Flight Time and Big Easy of this show. If they bring back anybody from this season for a second or third shot, it&apos;ll be this kid. 
Of course, JT can&apos;t do a dance without telling a story, so to make up for everyone else&apos;s lack of story, they double down on the cheesy kid situation: he&apos;s a kid, Robert&apos;s a dad, a droning ballad about keeping each other safe is the accompaniment, and everyone&apos;s got lots to say about JT&apos;s cuteness and his dynamic with Robert; his dancing, eh. 
Naturally, JT&apos;s choreography further explores his bond with Robert, to the tune of yet another cloying ballad (Bruno Mars&apos;s &quot;Count on Me&quot;). It&apos;s slightly redeemed when JT behaves like a typical, temperamental little kid during the rehearsal segment and then dissolves into giggles after the performance because Robert has apparently farted. Slightly. A well-timed bodily function can only redeem so much. Kida (coach: Fik-shun) 
Unlike pretty much every episode up to this point, fully 60 percent of the numbers this week totally lack a storytelling element designed to bring the artistic expression down to kid level, including this one. &quot;It&apos;s all about raw energy,&quot; according to Phoenix and Pharcide, who&apos;ve brought a crump-infused piece for Kida and Fik-shun to perform. Absent a story to tell, they apparently attempt to literally interpret the lyrics of Fat Joe&apos;s &quot;All the Way Up.&quot; (Well, a G-rated interpretation, anyway. Thankfully, nobody&apos;s asking the 14-year-old to interpret lyrics about Viagra dick or supplying bottles, weed, and molly. Mostly this dance is about pointing skyward on every utterance of the word &quot;up.&quot;) Kida&apos;s usual energy notwithstanding, he never quite makes moves as big as the piece demands, and it really does feel like he and Fik-shun are having an off night. Maybe I just miss seeing them dressed like anime characters, but it&apos;s validating when Nigel agrees: &quot;The style left me a little cold.&quot; 
Thankfully, Kida&apos;s own choreography is a return to popping, locking form, although his choice of costume brings to mind those living statues that hang out in touristy areas. I guess if the dance thing doesn&apos;t work out, he&apos;s got a fallback. Tate (coach: Kathryn) 
For once, nobody&apos;s trying to make Tate and Kathryn&apos;s guest-choreography piece tell some sort of story that makes zero sense if you don&apos;t have the rehearsal segment there to explain it to you. Stacey Tookey just instructs them to be themselves and makes the piece about the way they play off of each other, and it allows Tate to display a little more personality than she has up to this point. The technical chops have been there all along, and now she&apos;s actually kicking everyone&apos;s ass creatively as well. 
As if to drive the point home, Tate&apos;s choreography project is full of heavy-handed symbolism around revealing her true, vulnerable self, and it blows everyone away. Emma (coach: Gaby) 
As mentioned, Emma&apos;s guest choreographer this week is Savion Glover. Yes, THAT Savion Glover. (The tap world doesn&apos;t have two of those.) I wonder who at FOX has nude photos of Savion that he doesn&apos;t want circulated. However they got him onto the show, Emma&apos;s obviously thrilled to get to work with the biggest name in tap, and she does a credible job with an obviously challenging routine, bringing the requisite amount of swagger. 
Emma picks the Pentatonix cover of Clean Bandit&apos;s &quot;Rather Be&quot; for her choreographed number, and it&apos;s pretty much perfect. She uses the beatboxing rhythms to find her patterns, which is a fairly clever approach, and I actually believe the judges when they say they momentarily forgot she choreographed this herself. I&apos;m not sure she&apos;s actually got a shot at beating Tate in the end, but she&apos;s definitely the most fun to watch this week, whether she&apos;s totally starstruck or striking out on her own.
</topic_text>
<spam_score>0.00</spam_score>
<post_num>1</post_num>
<post_id>post-1</post_id>
<post_url>http://previously.tv/so-you-think-you-can-dance/so-you-think-you-can-dance-thinks-it-can-also-choreograph/</post_url>
<post_date>20160830</post_date>
<post_time>1400</post_time>
<username>Jessica Liese</username>
<post>
So You Think You Can Dance Thinks It Can Also Choreograph SYTYCD celebrates 250 episodes with a few special (and not-so-special) guest stars. E11 
Tonight, SYTYCD turns 250, which is a pretty remarkable milestone. I mean, we&apos;re almost in M*A*S*H territory here, in terms of longevity, if not dark humor. The show rings in 250 episodes by turning the kids loose to design their own production numbers, from choreography to concept to costumes, and if you&apos;re into those segments where the kids mess with their mentors, you&apos;re definitely in for a treat. They don&apos;t all put their All-Stars through the paces with the same glee as Tahani, who dresses Comfort as a nerd and compels her to do all the toughest acrobatic moves she can think of, but it&apos;s great fun for everyone involved. 
Though it takes up most of the second hour, self-choreography isn&apos;t the main event, apparently. The bulk of the episode is structured as the opening act for Maddie&apos;s duet with Travis Wall, with Cat teasing it every ten minutes as though they&apos;ve got, like, Savion Glover as a guest star. Wait, what? They DO have Savion Glover? And he choreographs one number and shows up onscreen for all of five minutes? But hey, we&apos;ve got a guy who does choreography for the show basically every single week and the girl from the Sia video, also here all the time, writhing to something that sounds like it sort of wants to be Metal Machine Music . That seems fair. 
Anyway, let&apos;s rank the performances of the final five when it comes to their own work and that of the pros. Tahani (coach: Comfort) 
Clad in quasi-Nigerian garb, Tahani and Comfort close out the evening&apos;s pro-choreographed numbers with a &quot;tribal hip-hop&quot; piece, the theme of which is described as &quot;two indigenous women discovering hip-hop for the first time, and realizing...the beats are the same.&quot; As with Kida&apos;s bit, it&apos;s best not to think too hard about the lyrics to the Missy Elliott song used here, which even warns us that the subject of the song may be too young for this kind of thing. Thankfully, there&apos;s no attempt at literal interpretation. And as always, Tahani&apos;s clearly a little technically behind the curve, but her athleticism (with an assist from the crazy costumes they kept putting her in) was enough to keep pulling her through until tonight. JT (coach: Robert) 
You know how every season of The Amazing Race has a team of huge characters that large swaths of the viewing public are totally nuts about, diehards are largely underwhelmed by, and every week you wonder how that team is still there until they wind up going out in third or fourth place, to the chagrin of many and the audible relief of purists? I&apos;m saying: JT is basically the Flight Time and Big Easy of this show. If they bring back anybody from this season for a second or third shot, it&apos;ll be this kid. 
Of course, JT can&apos;t do a dance without telling a story, so to make up for everyone else&apos;s lack of story, they double down on the cheesy kid situation: he&apos;s a kid, Robert&apos;s a dad, a droning ballad about keeping each other safe is the accompaniment, and everyone&apos;s got lots to say about JT&apos;s cuteness and his dynamic with Robert; his dancing, eh. 
Naturally, JT&apos;s choreography further explores his bond with Robert, to the tune of yet another cloying ballad (Bruno Mars&apos;s &quot;Count on Me&quot;). It&apos;s slightly redeemed when JT behaves like a typical, temperamental little kid during the rehearsal segment and then dissolves into giggles after the performance because Robert has apparently farted. Slightly. A well-timed bodily function can only redeem so much. Kida (coach: Fik-shun) 
Unlike pretty much every episode up to this point, fully 60 percent of the numbers this week totally lack a storytelling element designed to bring the artistic expression down to kid level, including this one. &quot;It&apos;s all about raw energy,&quot; according to Phoenix and Pharcide, who&apos;ve brought a crump-infused piece for Kida and Fik-shun to perform. Absent a story to tell, they apparently attempt to literally interpret the lyrics of Fat Joe&apos;s &quot;All the Way Up.&quot; (Well, a G-rated interpretation, anyway. Thankfully, nobody&apos;s asking the 14-year-old to interpret lyrics about Viagra dick or supplying bottles, weed, and molly. Mostly this dance is about pointing skyward on every utterance of the word &quot;up.&quot;) Kida&apos;s usual energy notwithstanding, he never quite makes moves as big as the piece demands, and it really does feel like he and Fik-shun are having an off night. Maybe I just miss seeing them dressed like anime characters, but it&apos;s validating when Nigel agrees: &quot;The style left me a little cold.&quot; 
Thankfully, Kida&apos;s own choreography is a return to popping, locking form, although his choice of costume brings to mind those living statues that hang out in touristy areas. I guess if the dance thing doesn&apos;t work out, he&apos;s got a fallback. Tate (coach: Kathryn) 
For once, nobody&apos;s trying to make Tate and Kathryn&apos;s guest-choreography piece tell some sort of story that makes zero sense if you don&apos;t have the rehearsal segment there to explain it to you. Stacey Tookey just instructs them to be themselves and makes the piece about the way they play off of each other, and it allows Tate to display a little more personality than she has up to this point. The technical chops have been there all along, and now she&apos;s actually kicking everyone&apos;s ass creatively as well. 
As if to drive the point home, Tate&apos;s choreography project is full of heavy-handed symbolism around revealing her true, vulnerable self, and it blows everyone away. Emma (coach: Gaby) 
As mentioned, Emma&apos;s guest choreographer this week is Savion Glover. Yes, THAT Savion Glover. (The tap world doesn&apos;t have two of those.) I wonder who at FOX has nude photos of Savion that he doesn&apos;t want circulated. However they got him onto the show, Emma&apos;s obviously thrilled to get to work with the biggest name in tap, and she does a credible job with an obviously challenging routine, bringing the requisite amount of swagger. 
Emma picks the Pentatonix cover of Clean Bandit&apos;s &quot;Rather Be&quot; for her choreographed number, and it&apos;s pretty much perfect. She uses the beatboxing rhythms to find her patterns, which is a fairly clever approach, and I actually believe the judges when they say they momentarily forgot she choreographed this herself. I&apos;m not sure she&apos;s actually got a shot at beating Tate in the end, but she&apos;s definitely the most fun to watch this week, whether she&apos;s totally starstruck or striking out on her own.
</post>
<signature>

</signature>
<external_links>

</external_links>
<country>US</country>
<main_image>http://previously.tv/m/2016-08-30-sytycd.jpg</main_image>
</document>
