<?xml version="1.0" encoding="UTF-8"?>
<document>
<type>mainstream</type>
<forum></forum>
<forum_title></forum_title>
<discussion_title>Weeds, red algal bloom deface Dal</discussion_title>
<language>english</language>
<gmt_offset></gmt_offset>
<topic_url>http://www.greaterkashmir.com/news/srinagar-city/story/227196.html</topic_url>
<topic_text>
Wednesday, August 31, 2016, 27, Zul Qaadah, 1437 Weeds, red algal bloom deface Dal ‘Need to stop entry of sewage, nutrients into lake’ MUDASIR YAQOOB Srinagar, Publish Date: Aug 30 2016 11:58PM | Updated Date: Aug 30 2016 11:58PM Photo: Mubashir Khan/GK 
Lakes and Waterways Development Authority has failed to undertake effective continued de-weeding operations in Dal lake during ongoing unrest. 
Weeds and red algal bloom have engulfed the larger portion of lake. The stretch from Hazratbal to Boulevard is the worst affected. It has defaced the lake. 
“No men or machine have been pressed this year for de-weeding. The unattended weeds are resulting in their multiplication,” said Hilal Ahmad, 35, a Shikara wala at Brien. 
Owner of a Shikara at Ghat number 24, Bashir Ahmad Dar, 55, said that LAWDA authorities are taking their job lightly. 
“The introduction of machines for weeding has failed to yield any desired results. These machines cut the upper portions of weeds, leaving roots untouched. Within few days, the weeds regrow,” he said adding that the depth of lake ranges from eight feet to thirty feet. “The length of cutter of the machine is four to five feet only. It is not able to go down to the root of weed”. 
Dar argues that the manual de-weeding is better and effective. “The men used to manually uproot the weeds. While doing so, they also took care that seeds of these weeds don’t spread,” he said. 
Ghulam Muhammad, 75, a Dal dweller, accused LAWDA of enjoying authority without responsibility. 
“LAWDA officials are provided salaries, funds and other facilities for conservation of this heritage. They receive special funds to revive its beauty. They have failed to perform even one percent on ground,” he said while pointing towards the polluted portion of Dal at Laamdal. 
Dal dwellers said that presence of large number of weeds has also affected fish growth. 
“The fish production in the lake goes down every year,” said Ghulam Qadir, a houseboat owner adding that the authorities always try to clean the portion of Dal at and around SKICC. “This is the place frequently visited by VIPs. It is being kept de-weeded, cleaned from other pollutants, to mislead VIPs and give an impression Dal is ok”. 
The weeds have also affected the movement of Shikaras. “You will not have easy access to Kachar Mohalla and its adjacent areas inside the lake as large number of weeds affect the movement of Shikaras. Virtually, the area has become a wet land for boat ride,” Qadir said. 
The earlier de-weeded material is placed at footpath along the lake which is thronged by tourists and locals. The weeds placed there also attract a good number of cows to occupy the footpath. 
Dal receives waters into its Hazratbal basin from Tarsar Marsar, a glacial oligotrophic alpine lake through two main sub-watersheds namely Dhara Danihama and Dachigam. Before reaching the lake, the waters pass through denuded mountains carrying tons of silt and nutrients with it. This propels the growth of weeds. Annually, over one lakh cubic meters of weeds are removed from the lake. 
LAWDA Secretary, Bashir Ahmad Malik said that process of de-weeding is going on. 
“De-weeding doesn’t mean uprooting. It simply means cutting them,” he said adding that red bloom is because of the weeds. “It comes out from the roots of weeds in high temperature and because of the pollutants in lake. We are exploring options to clear it”. 
However, Malik said that he was not sure about the depth of lake. “I think it is nine and a half feet at most. But I am not sure as hydraulic officials can provide correct details about it,” he added. 
Malik said that due to September 2014 floods, various pollutants entered the lake. “That is one of the major reasons we have large number of lily pads,” he said. 
Malik’s prescription to stop growth of weeds, is to stop the entry of sewage and nutrients into lake. 
On April 16, the Chief Secretary BR Sharma had assured Jammu and Kashmir High Court that a permanent mechanism would be put in place for preserving and protecting the lake. 

</topic_text>
<spam_score>0.02</spam_score>
<post_num>1</post_num>
<post_id>post-1</post_id>
<post_url>http://www.greaterkashmir.com/news/srinagar-city/story/227196.html</post_url>
<post_date>20160820</post_date>
<post_time></post_time>
<username>Mudasir Yaqoob</username>
<post>
Wednesday, August 31, 2016, 27, Zul Qaadah, 1437 Weeds, red algal bloom deface Dal ‘Need to stop entry of sewage, nutrients into lake’ MUDASIR YAQOOB Srinagar, Publish Date: Aug 30 2016 11:58PM | Updated Date: Aug 30 2016 11:58PM Photo: Mubashir Khan/GK 
Lakes and Waterways Development Authority has failed to undertake effective continued de-weeding operations in Dal lake during ongoing unrest. 
Weeds and red algal bloom have engulfed the larger portion of lake. The stretch from Hazratbal to Boulevard is the worst affected. It has defaced the lake. 
“No men or machine have been pressed this year for de-weeding. The unattended weeds are resulting in their multiplication,” said Hilal Ahmad, 35, a Shikara wala at Brien. 
Owner of a Shikara at Ghat number 24, Bashir Ahmad Dar, 55, said that LAWDA authorities are taking their job lightly. 
“The introduction of machines for weeding has failed to yield any desired results. These machines cut the upper portions of weeds, leaving roots untouched. Within few days, the weeds regrow,” he said adding that the depth of lake ranges from eight feet to thirty feet. “The length of cutter of the machine is four to five feet only. It is not able to go down to the root of weed”. 
Dar argues that the manual de-weeding is better and effective. “The men used to manually uproot the weeds. While doing so, they also took care that seeds of these weeds don’t spread,” he said. 
Ghulam Muhammad, 75, a Dal dweller, accused LAWDA of enjoying authority without responsibility. 
“LAWDA officials are provided salaries, funds and other facilities for conservation of this heritage. They receive special funds to revive its beauty. They have failed to perform even one percent on ground,” he said while pointing towards the polluted portion of Dal at Laamdal. 
Dal dwellers said that presence of large number of weeds has also affected fish growth. 
“The fish production in the lake goes down every year,” said Ghulam Qadir, a houseboat owner adding that the authorities always try to clean the portion of Dal at and around SKICC. “This is the place frequently visited by VIPs. It is being kept de-weeded, cleaned from other pollutants, to mislead VIPs and give an impression Dal is ok”. 
The weeds have also affected the movement of Shikaras. “You will not have easy access to Kachar Mohalla and its adjacent areas inside the lake as large number of weeds affect the movement of Shikaras. Virtually, the area has become a wet land for boat ride,” Qadir said. 
The earlier de-weeded material is placed at footpath along the lake which is thronged by tourists and locals. The weeds placed there also attract a good number of cows to occupy the footpath. 
Dal receives waters into its Hazratbal basin from Tarsar Marsar, a glacial oligotrophic alpine lake through two main sub-watersheds namely Dhara Danihama and Dachigam. Before reaching the lake, the waters pass through denuded mountains carrying tons of silt and nutrients with it. This propels the growth of weeds. Annually, over one lakh cubic meters of weeds are removed from the lake. 
LAWDA Secretary, Bashir Ahmad Malik said that process of de-weeding is going on. 
“De-weeding doesn’t mean uprooting. It simply means cutting them,” he said adding that red bloom is because of the weeds. “It comes out from the roots of weeds in high temperature and because of the pollutants in lake. We are exploring options to clear it”. 
However, Malik said that he was not sure about the depth of lake. “I think it is nine and a half feet at most. But I am not sure as hydraulic officials can provide correct details about it,” he added. 
Malik said that due to September 2014 floods, various pollutants entered the lake. “That is one of the major reasons we have large number of lily pads,” he said. 
Malik’s prescription to stop growth of weeds, is to stop the entry of sewage and nutrients into lake. 
On April 16, the Chief Secretary BR Sharma had assured Jammu and Kashmir High Court that a permanent mechanism would be put in place for preserving and protecting the lake. 

</post>
<signature>

</signature>
<external_links>

</external_links>
<country>US</country>
<main_image>http://www.greaterkashmir.com/cms/gall_content/2016/8/2016_8$largeimg230_Aug_2016_235813270.jpg</main_image>
</document>
