<?xml version="1.0" encoding="UTF-8"?>
<document>
<type>mainstream</type>
<forum>http://fr.tennistemple.com/news.rss</forum>
<forum_title>TennisTemple.com</forum_title>
<discussion_title>US Open 2016: Simon croque Stepanek</discussion_title>
<language>french</language>
<gmt_offset></gmt_offset>
<topic_url>http://fr.tennistemple.com/actu/us-open-2016-simon-croque-stepanek-58686</topic_url>
<topic_text>
US Open 2016: Simon croque Stepanek  09 Fiche de Radek Stepanek Fiche de Gilles Simon US Open 2016 Joli résultat de Gilles Simon qui s&apos;est qualifié,     2016 à New York (Dur, Extérieur, Etats-Unis). Tête de série n°30, le Français s&apos;est défait du Tchèque Radek Stepanek , issu des qualifications, en trois manches ( 6/3, 6/1, 6/4 ) sur le Court 12.Au tour suivant, il affrontera ainsi Paolo Lorenzi pour essayer de rallier le troisième tour. Revivre le Déroulement de Simon vs Stepanek (US Open 2016) . Déroulement du match:  
</topic_text>
<spam_score>0.00</spam_score>
<post_num>1</post_num>
<post_id>post-1</post_id>
<post_url>http://fr.tennistemple.com/actu/us-open-2016-simon-croque-stepanek-58686</post_url>
<post_date>20160831</post_date>
<post_time>0009</post_time>
<username></username>
<post>
US Open 2016: Simon croque Stepanek  09 Fiche de Radek Stepanek Fiche de Gilles Simon US Open 2016 Joli résultat de Gilles Simon qui s&apos;est qualifié,     2016 à New York (Dur, Extérieur, Etats-Unis). Tête de série n°30, le Français s&apos;est défait du Tchèque Radek Stepanek , issu des qualifications, en trois manches ( 6/3, 6/1, 6/4 ) sur le Court 12.Au tour suivant, il affrontera ainsi Paolo Lorenzi pour essayer de rallier le troisième tour. Revivre le Déroulement de Simon vs Stepanek (US Open 2016) . Déroulement du match:  
</post>
<signature>

</signature>
<external_links>

</external_links>
<country>FR</country>
<main_image></main_image>
</document>
