<?xml version="1.0" encoding="UTF-8"?>
<document>
<type>mainstream</type>
<forum>http://www.sputniknews.com/export/rss2/archive/index.xml</forum>
<forum_title>Sputnik International</forum_title>
<discussion_title>US Offers $3Mln Reward for Leads on Daesh Leader Gulmurod Khalimov</discussion_title>
<language>english</language>
<gmt_offset></gmt_offset>
<topic_url>http://sputniknews.com/world/20160830/1044785005/us-reward-daesh-khalimov.html</topic_url>
<topic_text>
3 194 1 1 The US Department of State’s Rewards for Justice Program is offering a reward of up to $3 million for information leading to the location, arrest, and conviction of a former Tajik police commander who is currently one of the key Daesh terrorist group leaders Guldurod Khalimov, according to official statement. Ruben Diaz Seven Daesh Members Sentenced to Jail for Terrorism in Tajikistan WASHINGTON (Sputnik) — The United States has offered a $3 million reward for information that would lead to the capture and conviction of a former Tajik police commander who is currently one of the key Islamic State (ISIL or Daesh) terrorist group leaders, the US Department of State said in a press release on Tuesday. &quot;The US Department of State’s Rewards for Justice Program is offering a reward of up to $3 million for information leading to the location, arrest, and/or conviction of Gulmurod Khalimov (variant Halimov), a key leader of the terrorist group ISIL [Islamic State], also known in Arabic as Daesh,&quot; the release stated. 
The State Department noted that Khalimov is a former Tajik special operations colonel, police commander and military sniper, and served as the commander of a police special operations unit in the Ministry of Interior of Tajikistan. © AFP 2016/ HO / ALBARAKA NEWS Saudi Man Attends Daesh Military Training Camp to Lose Weight In 2015 Khalimov called for violent acts against the United States, Russia, and Tajikistan via a propaganda video, according to the release.
Khalimov has been designated as a terrorist by the State Department since September 2015, and by the UN Security Council ISIL (Daesh) and al-Qaida Sanctions Committee since February 2016. Khalimov is also wanted by the Government of Tajikistan. 
From 2003-2014, Khalimov participated in five counter-terrorism training courses in the United States and Tajikistan through the US Diplomatic Security and Anti-Terrorism Assistance program, a State Department official said in 2015. ...
</topic_text>
<spam_score>0.00</spam_score>
<post_num>1</post_num>
<post_id>post-1</post_id>
<post_url>http://sputniknews.com/world/20160830/1044785005/us-reward-daesh-khalimov.html</post_url>
<post_date>20160830</post_date>
<post_time>1538</post_time>
<username></username>
<post>
3 194 1 1 The US Department of State’s Rewards for Justice Program is offering a reward of up to $3 million for information leading to the location, arrest, and conviction of a former Tajik police commander who is currently one of the key Daesh terrorist group leaders Guldurod Khalimov, according to official statement. Ruben Diaz Seven Daesh Members Sentenced to Jail for Terrorism in Tajikistan WASHINGTON (Sputnik) — The United States has offered a $3 million reward for information that would lead to the capture and conviction of a former Tajik police commander who is currently one of the key Islamic State (ISIL or Daesh) terrorist group leaders, the US Department of State said in a press release on Tuesday. &quot;The US Department of State’s Rewards for Justice Program is offering a reward of up to $3 million for information leading to the location, arrest, and/or conviction of Gulmurod Khalimov (variant Halimov), a key leader of the terrorist group ISIL [Islamic State], also known in Arabic as Daesh,&quot; the release stated. 
The State Department noted that Khalimov is a former Tajik special operations colonel, police commander and military sniper, and served as the commander of a police special operations unit in the Ministry of Interior of Tajikistan. © AFP 2016/ HO / ALBARAKA NEWS Saudi Man Attends Daesh Military Training Camp to Lose Weight In 2015 Khalimov called for violent acts against the United States, Russia, and Tajikistan via a propaganda video, according to the release.
Khalimov has been designated as a terrorist by the State Department since September 2015, and by the UN Security Council ISIL (Daesh) and al-Qaida Sanctions Committee since February 2016. Khalimov is also wanted by the Government of Tajikistan. 
From 2003-2014, Khalimov participated in five counter-terrorism training courses in the United States and Tajikistan through the US Diplomatic Security and Anti-Terrorism Assistance program, a State Department official said in 2015. ...
</post>
<signature>

</signature>
<external_links>

</external_links>
<country>RU</country>
<main_image>https://cdn5.img.sputniknews.com/images/101654/82/1016548206.jpg</main_image>
</document>
