<?xml version="1.0" encoding="UTF-8"?>
<document>
<type>mainstream</type>
<forum>http://www.sputniknews.com/export/rss2/archive/index.xml</forum>
<forum_title>Sputnik International</forum_title>
<discussion_title>Leningrad Region Set to Upgrade Its Infrastructure Until 2030</discussion_title>
<language>english</language>
<gmt_offset></gmt_offset>
<topic_url>http://sputniknews.com/russia/20160830/1044785829/leningrad-region-infrastructure-update.html</topic_url>
<topic_text>
Leningrad Region Set to Upgrade Its Infrastructure Until 2030 Sputnik 0 236 2 0 ST. PETERSBURG, August 30. The Leningrad Region aims to more actively establish modern local infrastructure facilities, including an airport for low-cost airlines in Siverskaya and the new A120 motorway bypassing St. Petersburg, the press service of the regional government said. 
Leningrad Region Governor Alexander Drozdenko made this statement while presenting the region’s socioeconomic development strategy until 2030 to the business community. “The region has an obvious advantage in terms of its strategic development. We rank among the top 10 regions with the most stable budgets. Our companies have obtained additional competitive advantages at this time of sanctions and are boosting their export potential. Predictably, industrial production and economic investment volumes have increased by 5.8% and 44%, respectively, with real incomes growing by 8.8%,” the governor told 650 delegates of the Leningrad Regional Chamber of Commerce and Industry. 
Regional authorities plan to step up work to build major infrastructure facilities, including an airport for low-cost airlines in Siverskaya and a second motorway bypassing St. Petersburg, Mr. Drozdenko noted. There are also plans to expedite construction of local roads, bridges and electric substations. In an effort to more quickly implement business projects, the regional government and energy companies are ready to shorten network connection deadlines to 140 days. 
The region has particularly high hopes for the development of small and medium-sized businesses. Speaking with businesspeople, Mr. Drozdenko announced plans to give more support to companies in single-industry towns and in economically backward districts. ...
</topic_text>
<spam_score>0.00</spam_score>
<post_num>1</post_num>
<post_id>post-1</post_id>
<post_url>http://sputniknews.com/russia/20160830/1044785829/leningrad-region-infrastructure-update.html</post_url>
<post_date>20160830</post_date>
<post_time>1551</post_time>
<username></username>
<post>
Leningrad Region Set to Upgrade Its Infrastructure Until 2030 Sputnik 0 236 2 0 ST. PETERSBURG, August 30. The Leningrad Region aims to more actively establish modern local infrastructure facilities, including an airport for low-cost airlines in Siverskaya and the new A120 motorway bypassing St. Petersburg, the press service of the regional government said. 
Leningrad Region Governor Alexander Drozdenko made this statement while presenting the region’s socioeconomic development strategy until 2030 to the business community. “The region has an obvious advantage in terms of its strategic development. We rank among the top 10 regions with the most stable budgets. Our companies have obtained additional competitive advantages at this time of sanctions and are boosting their export potential. Predictably, industrial production and economic investment volumes have increased by 5.8% and 44%, respectively, with real incomes growing by 8.8%,” the governor told 650 delegates of the Leningrad Regional Chamber of Commerce and Industry. 
Regional authorities plan to step up work to build major infrastructure facilities, including an airport for low-cost airlines in Siverskaya and a second motorway bypassing St. Petersburg, Mr. Drozdenko noted. There are also plans to expedite construction of local roads, bridges and electric substations. In an effort to more quickly implement business projects, the regional government and energy companies are ready to shorten network connection deadlines to 140 days. 
The region has particularly high hopes for the development of small and medium-sized businesses. Speaking with businesspeople, Mr. Drozdenko announced plans to give more support to companies in single-industry towns and in economically backward districts. ...
</post>
<signature>

</signature>
<external_links>

</external_links>
<country>RU</country>
<main_image>https://cdn5.img.sputniknews.com/images/103182/98/1031829861.jpg</main_image>
</document>
