<?xml version="1.0" encoding="UTF-8"?>
<document>
<type>mainstream</type>
<forum>http://m.smh.com.au/rss.xml</forum>
<forum_title>All Breaking News</forum_title>
<discussion_title>Sex Party leads push to legalise marijuana</discussion_title>
<language>english</language>
<gmt_offset></gmt_offset>
<topic_url>http://www.theage.com.au/victoria/sex-party-leads-push-to-legalise-marijuana-20160830-gr4e29.html</topic_url>
<topic_text>
twitter TWEET More 
Victorians would be free to smoke and grow marijuana if a push by the Sex Party to legalise the drug is successful. 
On Wednesday, Sex Party MP Fiona Patten will introduce a motion to the upper house calling on the government to immediately remove criminal sanctions for the possession, use and cultivation of marijuana for personal use by people 18 and older. Australian Sex Party leader, Fiona Patten. Photo: Melissa Davis 
The motion will also urge the government to allow the drug to be grown by farmers, which would create an additional revenue source through taxation. 
She will move the motion in a bid to force the major parties to debate the legalisation of cannabis. The matter is set for debate on September 14. 
&quot;The time has come,&quot; Ms Patten said. &quot;Most people understand that the overseas experience of legalising cannabis for recreational use has had only upsides.&quot; 
Ms Patten said other jurisdictions that had legalised cannabis had achieved &quot;massive savings&quot; in law enforcement, which had flowed through to unclogging court systems. Advertisement 
She said regulations should also be drafted to allow for the licensing and taxation of farmers, wholesalers and retailers of recreational cannabis. 
Ms Patten also wants prohibitions on cannabis paraphernalia, including bongs, to be scrapped &quot;because there is simply no evidence such restrictions work&quot;. 
She also plans to introduce a private member&apos;s bill for the legalisation of recreational cannabis next year. 
Although Ms Patten&apos;s push to legalise marijuana may be seen as unlikely to succeed, she has achieved wins in other ambitious policy areas. 
She has already successfully campaigned to introduce buffer zones around abortion clinics and lobbied to legalise ride-sharing service Uber. She also proposed a parliamentary inquiry into drug laws. 
The inquiry will examine the effectiveness of roadside drug testing, harm reduction strategies and whether pill-testing facilities should be introduced at music festivals. 
A cross-party committee will produce a report on the inquiry by March 2017. 
Victoria will be the first state to legalise medical cannabis in Australia. Children with epilepsy will first get access to medical cannabis next year. 
The government has established a horticultural trial for medical cannabis. Advertisement
</topic_text>
<spam_score>0.00</spam_score>
<post_num>1</post_num>
<post_id>post-1</post_id>
<post_url>http://www.theage.com.au/victoria/sex-party-leads-push-to-legalise-marijuana-20160830-gr4e29.html</post_url>
<post_date>20160831</post_date>
<post_time>0000</post_time>
<username></username>
<post>
twitter TWEET More 
Victorians would be free to smoke and grow marijuana if a push by the Sex Party to legalise the drug is successful. 
On Wednesday, Sex Party MP Fiona Patten will introduce a motion to the upper house calling on the government to immediately remove criminal sanctions for the possession, use and cultivation of marijuana for personal use by people 18 and older. Australian Sex Party leader, Fiona Patten. Photo: Melissa Davis 
The motion will also urge the government to allow the drug to be grown by farmers, which would create an additional revenue source through taxation. 
She will move the motion in a bid to force the major parties to debate the legalisation of cannabis. The matter is set for debate on September 14. 
&quot;The time has come,&quot; Ms Patten said. &quot;Most people understand that the overseas experience of legalising cannabis for recreational use has had only upsides.&quot; 
Ms Patten said other jurisdictions that had legalised cannabis had achieved &quot;massive savings&quot; in law enforcement, which had flowed through to unclogging court systems. Advertisement 
She said regulations should also be drafted to allow for the licensing and taxation of farmers, wholesalers and retailers of recreational cannabis. 
Ms Patten also wants prohibitions on cannabis paraphernalia, including bongs, to be scrapped &quot;because there is simply no evidence such restrictions work&quot;. 
She also plans to introduce a private member&apos;s bill for the legalisation of recreational cannabis next year. 
Although Ms Patten&apos;s push to legalise marijuana may be seen as unlikely to succeed, she has achieved wins in other ambitious policy areas. 
She has already successfully campaigned to introduce buffer zones around abortion clinics and lobbied to legalise ride-sharing service Uber. She also proposed a parliamentary inquiry into drug laws. 
The inquiry will examine the effectiveness of roadside drug testing, harm reduction strategies and whether pill-testing facilities should be introduced at music festivals. 
A cross-party committee will produce a report on the inquiry by March 2017. 
Victoria will be the first state to legalise medical cannabis in Australia. Children with epilepsy will first get access to medical cannabis next year. 
The government has established a horticultural trial for medical cannabis. Advertisement
</post>
<signature>

</signature>
<external_links>

</external_links>
<country>AU</country>
<main_image>http://www.smh.com.au/content/dam/images/g/l/m/0/i/7/image.related.articleLeadwide.620x349.gr4e29.png/1472545357903.jpg</main_image>
</document>
