<?xml version="1.0" encoding="UTF-8"?>
<document>
<type>mainstream</type>
<forum>http://www.okezone.com/feed</forum>
<forum_title>Sindikasi welcomepage.okezone.com</forum_title>
<discussion_title>Delllavedova Ingin NBA Dimainkan di Australia</discussion_title>
<language>indonesian</language>
<gmt_offset></gmt_offset>
<topic_url>http://sports.okezone.com/read/2016/08/30/36/1477153/delllavedova-ingin-nba-dimainkan-di-australia</topic_url>
<topic_text>
Rabu, 31 Agustus 2016 - 07:27 wib Delllavedova Ingin NBA Dimainkan di Australia 
Matthew Dellavedova (Foto: Getty Images/Jamie Squire) Daniel Setiawan A A A 
MILWAUKEE – Pemain anyar Milwaukee Bucks, Matthew Dellavedova, berharap NBA tidak hanya dimainkan di Amerika Serikat saja. Pemain yang pernah membela Cleveland Cavaliers itu ingin NBA juga menyambangi Australia, tanah kelahirannya. 
Menurutnya jika NBA bisa dimainkan di Negeri Kanguru maka hal itu akan jadi hal yang luar biasa. Sebab, basis fans NBA di Australia bisa dikatakan cukup banyak. Konsep bermain di luar AS memang bukan hal baru untuk kompetisi olahraga di AS. BERITA REKOMENDASI Griffin Selangkah Lagi Bergabung dengan Thunder 
Sebelumnya American Football atau NFL juga menerapkan hal yang sama. Setiap musimnya secara rutin, NFL selalu mengadakan pertandingan di Inggris. Stadion Wembley yang jadi ikon kompetisi sepakbola Inggris, disulap menjadi arena pertarungan para pemain NFL. 
“Orang-orang di sini sudah mencoba berbicara soal kemungkinan adanya kesempatan untuk NBA bisa dimainkan di Australia. Kami ingin kesempatan itu terjaga,” ujar Dellavedova seperti dikutip dari Herald Sun, Rabu (31/8/2016). 
Belum lama ini Dellavedova membawa Australia melaju hingga babak semifinal di ajang Olimpiade Rio 2016. Sayangnya ia gagal membawa negaranya meraih medali emas. (dns)
</topic_text>
<spam_score>0.00</spam_score>
<post_num>1</post_num>
<post_id>post-1</post_id>
<post_url>http://sports.okezone.com/read/2016/08/30/36/1477153/delllavedova-ingin-nba-dimainkan-di-australia</post_url>
<post_date>20160831</post_date>
<post_time>0027</post_time>
<username></username>
<post>
Rabu, 31 Agustus 2016 - 07:27 wib Delllavedova Ingin NBA Dimainkan di Australia 
Matthew Dellavedova (Foto: Getty Images/Jamie Squire) Daniel Setiawan A A A 
MILWAUKEE – Pemain anyar Milwaukee Bucks, Matthew Dellavedova, berharap NBA tidak hanya dimainkan di Amerika Serikat saja. Pemain yang pernah membela Cleveland Cavaliers itu ingin NBA juga menyambangi Australia, tanah kelahirannya. 
Menurutnya jika NBA bisa dimainkan di Negeri Kanguru maka hal itu akan jadi hal yang luar biasa. Sebab, basis fans NBA di Australia bisa dikatakan cukup banyak. Konsep bermain di luar AS memang bukan hal baru untuk kompetisi olahraga di AS. BERITA REKOMENDASI Griffin Selangkah Lagi Bergabung dengan Thunder 
Sebelumnya American Football atau NFL juga menerapkan hal yang sama. Setiap musimnya secara rutin, NFL selalu mengadakan pertandingan di Inggris. Stadion Wembley yang jadi ikon kompetisi sepakbola Inggris, disulap menjadi arena pertarungan para pemain NFL. 
“Orang-orang di sini sudah mencoba berbicara soal kemungkinan adanya kesempatan untuk NBA bisa dimainkan di Australia. Kami ingin kesempatan itu terjaga,” ujar Dellavedova seperti dikutip dari Herald Sun, Rabu (31/8/2016). 
Belum lama ini Dellavedova membawa Australia melaju hingga babak semifinal di ajang Olimpiade Rio 2016. Sayangnya ia gagal membawa negaranya meraih medali emas. (dns)
</post>
<signature>

</signature>
<external_links>

</external_links>
<country>ID</country>
<main_image>https://img.okezone.com//content/2016/08/30/36/1477153/delllavedova-ingin-nba-dimainkan-di-australia-y6PVGvZ7NI.jpg</main_image>
</document>
