<?xml version="1.0" encoding="UTF-8"?>
<document>
<type>mainstream</type>
<forum>http://www.onenewspage.com/rss/latest/Front+Page.rss</forum>
<forum_title>Latest Front Page News on One News Page</forum_title>
<discussion_title>Despite High Profile Cases, Drunken Piloting Is Extremely Rare</discussion_title>
<language>english</language>
<gmt_offset></gmt_offset>
<topic_url>http://www.onenewspage.com/n/Front+Page/759s6318j/Despite-High-Profile-Cases-Drunken-Piloting-Is-Extremely.htm</topic_url>
<topic_text>
Despite High Profile Cases, Drunken Piloting Is Extremely Rare Wednesday, 31 August 2016 ( 16 minutes ago ) Every few months, a pilot somewhere in the world is stopped before a jet takes off because of suspicion of drunkenness. Although it makes headlines, such cases are extremely rare, CBS News reports. Each day, there are 90,000 flights around the world, carrying more than 8 million people. The overwhelming majority of pilots in those cockpits are sober. Pilots take being fit to fly seriously and act accordingly, says former US Airways pilot John M. Cox, now CEO of the consulting firm Safety Operating Systems. “Pilots know they are one of the most carefully monitored professions and therefore, are very conservative.” – John M. Cox There are...
</topic_text>
<spam_score>0.00</spam_score>
<post_num>1</post_num>
<post_id>post-1</post_id>
<post_url>http://www.onenewspage.com/n/Front+Page/759s6318j/Despite-High-Profile-Cases-Drunken-Piloting-Is-Extremely.htm</post_url>
<post_date>20160831</post_date>
<post_time>0024</post_time>
<username></username>
<post>
Despite High Profile Cases, Drunken Piloting Is Extremely Rare Wednesday, 31 August 2016 ( 16 minutes ago ) Every few months, a pilot somewhere in the world is stopped before a jet takes off because of suspicion of drunkenness. Although it makes headlines, such cases are extremely rare, CBS News reports. Each day, there are 90,000 flights around the world, carrying more than 8 million people. The overwhelming majority of pilots in those cockpits are sober. Pilots take being fit to fly seriously and act accordingly, says former US Airways pilot John M. Cox, now CEO of the consulting firm Safety Operating Systems. “Pilots know they are one of the most carefully monitored professions and therefore, are very conservative.” – John M. Cox There are...
</post>
<signature>

</signature>
<external_links>

</external_links>
<country>US</country>
<main_image>http://cdn.newsserve.net/700/i/20160831/3565-Despite-High-Profile-Cases-Drunken-Piloting-Is-Extremely.jpg</main_image>
</document>
