<?xml version="1.0" encoding="UTF-8"?>
<document>
<type>mainstream</type>
<forum>http://www.sputniknews.com/export/rss2/archive/index.xml</forum>
<forum_title>Sputnik International</forum_title>
<discussion_title>US to Continue Welcoming Syrian Refugees Despite Meeting 10,000 Goal</discussion_title>
<language>english</language>
<gmt_offset></gmt_offset>
<topic_url>http://sputniknews.com/us/20160830/1044782194/us-accept-syria-refugees.html</topic_url>
<topic_text>
US to Continue Welcoming Syrian Refugees Despite Meeting 10,000 Goal © AFP 2016/ EWEL SAMAD 1 70 1 3 Washington will welcome 85,000 refugees from around the world by the end of fiscal year, including more than10,000 refugees from Syria, according to a White House official. © AFP 2016/ Louisa Gouliamaki US Meets Target of Relocating 10,000 Syrian Refugees Ahead of Schedule - IOM MOSCOW (Sputnik) — The United States will continue to accept refugees from Syria at about the same pace through the end of the fiscal year following the US government’s announcement that the annual goal of 10,000 resettled refugees has been achieved, a White House official told Sputnik on Tuesday. &quot;Having met the President’s target, we will continue to welcome Syrian refugees at approximately the same pace through the end of the fiscal year,&quot; the official said. &quot;This is consistent with our goals from the beginning of this process.&quot; 
The official noted that as there were many factors that could influence the final number of arrivals from Syria, they could not make a firm projection at the moment. © AFP 2016/ EWEL SAMAD US to Meet Goal of Admitting 10,000 Syrian Refugees Month Ahead of Schedule On Monday, US Secretary of State John Kerry announced that the United States had reached a set goal of welcoming 10,000 refugees from Syria. The International Organization for Migration (IOM) stated Tuesday that as of August 29, 2016, 10,172 Syrian refugees had been admitted in the United States.
&quot;We are confident that we will welcome 85,000 refugees from around the world by the end of this fiscal year,&quot; the official added. &quot;[US] President [Barack] Obama will set global targets and regional allocations for 2017 in September.&quot; 
In August, the UN Refugee Agency registered more than 4.8 million Syrians displaced in the course of the country’s five-year civil war. 
In 2015, US President Barack Obama pledged to accept 10,000 Syrian refugees into the United States over the next year, a goal that was met one month ahead of schedule. ...
</topic_text>
<spam_score>0.00</spam_score>
<post_num>1</post_num>
<post_id>post-1</post_id>
<post_url>http://sputniknews.com/us/20160830/1044782194/us-accept-syria-refugees.html</post_url>
<post_date>20160830</post_date>
<post_time>1450</post_time>
<username></username>
<post>
US to Continue Welcoming Syrian Refugees Despite Meeting 10,000 Goal © AFP 2016/ EWEL SAMAD 1 70 1 3 Washington will welcome 85,000 refugees from around the world by the end of fiscal year, including more than10,000 refugees from Syria, according to a White House official. © AFP 2016/ Louisa Gouliamaki US Meets Target of Relocating 10,000 Syrian Refugees Ahead of Schedule - IOM MOSCOW (Sputnik) — The United States will continue to accept refugees from Syria at about the same pace through the end of the fiscal year following the US government’s announcement that the annual goal of 10,000 resettled refugees has been achieved, a White House official told Sputnik on Tuesday. &quot;Having met the President’s target, we will continue to welcome Syrian refugees at approximately the same pace through the end of the fiscal year,&quot; the official said. &quot;This is consistent with our goals from the beginning of this process.&quot; 
The official noted that as there were many factors that could influence the final number of arrivals from Syria, they could not make a firm projection at the moment. © AFP 2016/ EWEL SAMAD US to Meet Goal of Admitting 10,000 Syrian Refugees Month Ahead of Schedule On Monday, US Secretary of State John Kerry announced that the United States had reached a set goal of welcoming 10,000 refugees from Syria. The International Organization for Migration (IOM) stated Tuesday that as of August 29, 2016, 10,172 Syrian refugees had been admitted in the United States.
&quot;We are confident that we will welcome 85,000 refugees from around the world by the end of this fiscal year,&quot; the official added. &quot;[US] President [Barack] Obama will set global targets and regional allocations for 2017 in September.&quot; 
In August, the UN Refugee Agency registered more than 4.8 million Syrians displaced in the course of the country’s five-year civil war. 
In 2015, US President Barack Obama pledged to accept 10,000 Syrian refugees into the United States over the next year, a goal that was met one month ahead of schedule. ...
</post>
<signature>

</signature>
<external_links>

</external_links>
<country>RU</country>
<main_image>https://cdn4.img.sputniknews.com/images/104475/05/1044750505.jpg</main_image>
</document>
