<?xml version="1.0" encoding="UTF-8"?>
<document>
<type>mainstream</type>
<forum></forum>
<forum_title></forum_title>
<discussion_title>Comerciantes de la Uyustus aún no cuentan con extinguidores | ATB Digital</discussion_title>
<language>spanish</language>
<gmt_offset></gmt_offset>
<topic_url>http://www.atb.com.bo/seccion/sociedad/comerciantes-de-la-uyustus-a%C3%BAn-no-cuentan-con-extinguidores</topic_url>
<topic_text>
Martes 30 de agosto de 2016 Formulario de búsqueda Comerciantes de la Uyustus aún no cuentan con extinguidores Sociedad | Martes 30/08/2016 - 19:39 &lt;a href=&quot;https://www.youtube.com/embed/Ccof4ersBHE?wmode=opaque&amp;amp;showinfo=0&quot;&gt;Embedded video for Comerciantes de la Uyustus aún no cuentan con extinguidores&lt;/a&gt; 
La Paz, martes 30 de agosto (ATB Digital).- A diez días del incendio en la calle Incachaca del mercado Uyustus, los comerciantes del lugar no instalaron extinguidores en sus puestos como se recomendó. Aseguran que los adquirirán los próximos días. Etiquetas: Zona Miraflores Av. Argentina Nº 2057 Tel: (591) 22229922 Av. Cristo Redentor entre tercer y cuarto anillo Nº 3355 Tel: (591) 33452000 Av. Pando esq. Tupiza Nº1140 Tel: (591) 44286004 Calle Junín esquina Quintana Nº 46 Tel: (591) 25252554 Zona Pocona Calle Eduardo Berdecio Nº525 Tel: (591) 46462179 Calle Ingavi Nº339 Edif. Tarija Tel: (591) 46632002 Zona Central Calle Cochabamba Nº 25 Edif. Entel 3er piso Tel: (591) 26222743 Redes Sociales 67005880 Los artículos así como su contenido, su estilo y las opiniones expresadas en ellos son responsabilidad de los autores firmantes y no necesariamente reflejan la opinión de ATB.Queda prohibida la reproducción total o parcial del contenido de esta web por cualquier medio o procedimiento, sin contar con la autorización previa, expresa y por escrito de Asociación Teledifusora Boliviana, Illimani de Comunicaciones. Toda forma de utilización no autorizada será perseguida con las leyes nacionales e internacionales del derecho de autor. Desarrollado por: 
</topic_text>
<spam_score>0.19</spam_score>
<post_num>1</post_num>
<post_id>post-1</post_id>
<post_url>http://www.atb.com.bo/seccion/sociedad/comerciantes-de-la-uyustus-a%C3%BAn-no-cuentan-con-extinguidores</post_url>
<post_date>20160831</post_date>
<post_time></post_time>
<username></username>
<post>
Martes 30 de agosto de 2016 Formulario de búsqueda Comerciantes de la Uyustus aún no cuentan con extinguidores Sociedad | Martes 30/08/2016 - 19:39 &lt;a href=&quot;https://www.youtube.com/embed/Ccof4ersBHE?wmode=opaque&amp;amp;showinfo=0&quot;&gt;Embedded video for Comerciantes de la Uyustus aún no cuentan con extinguidores&lt;/a&gt; 
La Paz, martes 30 de agosto (ATB Digital).- A diez días del incendio en la calle Incachaca del mercado Uyustus, los comerciantes del lugar no instalaron extinguidores en sus puestos como se recomendó. Aseguran que los adquirirán los próximos días. Etiquetas: Zona Miraflores Av. Argentina Nº 2057 Tel: (591) 22229922 Av. Cristo Redentor entre tercer y cuarto anillo Nº 3355 Tel: (591) 33452000 Av. Pando esq. Tupiza Nº1140 Tel: (591) 44286004 Calle Junín esquina Quintana Nº 46 Tel: (591) 25252554 Zona Pocona Calle Eduardo Berdecio Nº525 Tel: (591) 46462179 Calle Ingavi Nº339 Edif. Tarija Tel: (591) 46632002 Zona Central Calle Cochabamba Nº 25 Edif. Entel 3er piso Tel: (591) 26222743 Redes Sociales 67005880 Los artículos así como su contenido, su estilo y las opiniones expresadas en ellos son responsabilidad de los autores firmantes y no necesariamente reflejan la opinión de ATB.Queda prohibida la reproducción total o parcial del contenido de esta web por cualquier medio o procedimiento, sin contar con la autorización previa, expresa y por escrito de Asociación Teledifusora Boliviana, Illimani de Comunicaciones. Toda forma de utilización no autorizada será perseguida con las leyes nacionales e internacionales del derecho de autor. Desarrollado por: 
</post>
<signature>

</signature>
<external_links>

</external_links>
<country>BO</country>
<main_image>http://www.atb.com.bo/sites/default/files/Comerciantes%20de%20a%20Uyustus%20a%C3%BAn%20no%20cuentan%20con%20extinguidores%2065465464.jpg</main_image>
</document>
