<?xml version="1.0" encoding="UTF-8"?>
<document>
<type>mainstream</type>
<forum>http://www.trading-house.net/rss/meldungen/</forum>
<forum_title>trading-house.net Nachrichtenfeed</forum_title>
<discussion_title>Moody&apos;s upgrades $641 Million of Subprime RMBS issued from 2005 to 2006</discussion_title>
<language>english</language>
<gmt_offset></gmt_offset>
<topic_url>http://www.trading-house.net/news/moody-s-upgrades-641-million-of-subprime-rmbs-issued-from-2005-to-2006-50947197</topic_url>
<topic_text>
31.08.2016 - 02:14 Uhr Moody&apos;s upgrades $641 Million of Subprime RMBS issued from 2005 to 2006 New York, August 30, 2016 -- Moody&apos;s Investors Service has upgraded the ratings of 22 tranches from 11 transactions backed by Subprime RMBS loans, and issued by multiple issuers.
</topic_text>
<spam_score>0.00</spam_score>
<post_num>1</post_num>
<post_id>post-1</post_id>
<post_url>http://www.trading-house.net/news/moody-s-upgrades-641-million-of-subprime-rmbs-issued-from-2005-to-2006-50947197</post_url>
<post_date>20160831</post_date>
<post_time>0014</post_time>
<username></username>
<post>
31.08.2016 - 02:14 Uhr Moody&apos;s upgrades $641 Million of Subprime RMBS issued from 2005 to 2006 New York, August 30, 2016 -- Moody&apos;s Investors Service has upgraded the ratings of 22 tranches from 11 transactions backed by Subprime RMBS loans, and issued by multiple issuers.
</post>
<signature>

</signature>
<external_links>

</external_links>
<country>DE</country>
<main_image></main_image>
</document>
