<?xml version="1.0" encoding="UTF-8"?>
<document>
<type>mainstream</type>
<forum>http://www.sputniknews.com/export/rss2/archive/index.xml</forum>
<forum_title>Sputnik International</forum_title>
<discussion_title>China to Strengthen Regional Cooperation After Blast at Embassy in Kyrgyzstan</discussion_title>
<language>english</language>
<gmt_offset></gmt_offset>
<topic_url>http://sputniknews.com/asia/20160830/1044782898/china-kyrgyzsatn-antiterror-cooperation.html</topic_url>
<topic_text>
China to Strengthen Regional Cooperation After Blast at Embassy in Kyrgyzstan © Sputnik/ Tabyldy Kadyrbekov 0 85 2 0 Beijing will strengthen its anti-terror partnerships with Central Asian countries after a blast at the Chinese Embassy in Kyrgyzstan. 
BEIJING (Sputnik) — Beijing will strengthen its anti-terror partnerships with Central Asian countries, Chinese Foreign Ministry spokeswoman Hua Chunying said on Tuesday after a car bomb went off at the Chinese Embassy in Kyrgyzstan. &quot;Terrorism is a common enemy of the global community, the gravest danger for the region. China is also suffering from terrorism. China will strengthen cooperation based on bilateral deals and SCO agreements with Kyrgyzstan and other countries of the region to fight terrorism,&quot; Hua said in a statement. 
Earlier in the day, the embassy was reportedly hit by a car bomb blast which left the suicide bomber dead and injured three Kyrgyz security officers. No Chinese diplomats were injured by the explosion. ...
</topic_text>
<spam_score>0.00</spam_score>
<post_num>1</post_num>
<post_id>post-1</post_id>
<post_url>http://sputniknews.com/asia/20160830/1044782898/china-kyrgyzsatn-antiterror-cooperation.html</post_url>
<post_date>20160830</post_date>
<post_time>1440</post_time>
<username></username>
<post>
China to Strengthen Regional Cooperation After Blast at Embassy in Kyrgyzstan © Sputnik/ Tabyldy Kadyrbekov 0 85 2 0 Beijing will strengthen its anti-terror partnerships with Central Asian countries after a blast at the Chinese Embassy in Kyrgyzstan. 
BEIJING (Sputnik) — Beijing will strengthen its anti-terror partnerships with Central Asian countries, Chinese Foreign Ministry spokeswoman Hua Chunying said on Tuesday after a car bomb went off at the Chinese Embassy in Kyrgyzstan. &quot;Terrorism is a common enemy of the global community, the gravest danger for the region. China is also suffering from terrorism. China will strengthen cooperation based on bilateral deals and SCO agreements with Kyrgyzstan and other countries of the region to fight terrorism,&quot; Hua said in a statement. 
Earlier in the day, the embassy was reportedly hit by a car bomb blast which left the suicide bomber dead and injured three Kyrgyz security officers. No Chinese diplomats were injured by the explosion. ...
</post>
<signature>

</signature>
<external_links>

</external_links>
<country>RU</country>
<main_image>https://cdn2.img.sputniknews.com/images/102783/52/1027835208.jpg</main_image>
</document>
