<?xml version="1.0" encoding="UTF-8"?>
<document>
<type>mainstream</type>
<forum>http://www.trading-house.net/rss/meldungen/</forum>
<forum_title>trading-house.net Nachrichtenfeed</forum_title>
<discussion_title>Rentner war Gurtenmuffel</discussion_title>
<language>german</language>
<gmt_offset></gmt_offset>
<topic_url>http://www.trading-house.net/news/rentner-war-gurtenmuffel-50947072</topic_url>
<topic_text>
31.08.2016 - 01:37 Uhr Rentner war Gurtenmuffel Lindau. Am Montagvormittag befuhr ein 85-jähriger Lindauer die Schönauer Straße stadtauswärts. Kurz vor dem Kellereiweg kam er mit seinem Pkw aus ungeklärter Ursache nach links und fuhr über eine Verkehrsinsel. Der Fahrer wurde leicht verletzt in ein Krankenhaus gebracht. Aufgrund des Verletzungsbildes bestand der Verdacht, dass er nicht angegurtet war. Das Tragen des Sicherheitsgurtes hätte […]
</topic_text>
<spam_score>0.00</spam_score>
<post_num>1</post_num>
<post_id>post-1</post_id>
<post_url>http://www.trading-house.net/news/rentner-war-gurtenmuffel-50947072</post_url>
<post_date>20160830</post_date>
<post_time>2337</post_time>
<username></username>
<post>
31.08.2016 - 01:37 Uhr Rentner war Gurtenmuffel Lindau. Am Montagvormittag befuhr ein 85-jähriger Lindauer die Schönauer Straße stadtauswärts. Kurz vor dem Kellereiweg kam er mit seinem Pkw aus ungeklärter Ursache nach links und fuhr über eine Verkehrsinsel. Der Fahrer wurde leicht verletzt in ein Krankenhaus gebracht. Aufgrund des Verletzungsbildes bestand der Verdacht, dass er nicht angegurtet war. Das Tragen des Sicherheitsgurtes hätte […]
</post>
<signature>

</signature>
<external_links>

</external_links>
<country>DE</country>
<main_image></main_image>
</document>
