<?xml version="1.0" encoding="UTF-8"?>
<document>
<type>mainstream</type>
<forum>http://www.onenewspage.com/rss/latest/Front+Page.rss</forum>
<forum_title>Latest Front Page News on One News Page</forum_title>
<discussion_title>Animal cruelty: End ‘mutton busting’ at the fair</discussion_title>
<language>english</language>
<gmt_offset></gmt_offset>
<topic_url>http://www.onenewspage.com/n/Front+Page/759s6314i/Animal-cruelty-End-mutton-busting-at-the-fair.htm</topic_url>
<topic_text>
Animal cruelty: End ‘mutton busting’ at the fair Wednesday, 31 August 2016 ( 29 minutes ago ) I have been enjoying the Washington State Fair for several years now [“Fair fun, times two,” Weekend Plus, Aug. 26]. But I have grown increasingly aware of the exploitation of animals in “sports,” such as mutton busting, which is a rodeo activity often compared to bull riding. Children hold onto a sheep attempting to escape […]
</topic_text>
<spam_score>0.00</spam_score>
<post_num>1</post_num>
<post_id>post-1</post_id>
<post_url>http://www.onenewspage.com/n/Front+Page/759s6314i/Animal-cruelty-End-mutton-busting-at-the-fair.htm</post_url>
<post_date>20160831</post_date>
<post_time>0015</post_time>
<username></username>
<post>
Animal cruelty: End ‘mutton busting’ at the fair Wednesday, 31 August 2016 ( 29 minutes ago ) I have been enjoying the Washington State Fair for several years now [“Fair fun, times two,” Weekend Plus, Aug. 26]. But I have grown increasingly aware of the exploitation of animals in “sports,” such as mutton busting, which is a rodeo activity often compared to bull riding. Children hold onto a sheep attempting to escape […]
</post>
<signature>

</signature>
<external_links>

</external_links>
<country>US</country>
<main_image>http://cdn.newsserve.net/ONPglobe128.png</main_image>
</document>
