<?xml version="1.0" encoding="UTF-8"?>
<document>
<type>mainstream</type>
<forum>http://www.trading-house.net/rss/meldungen/</forum>
<forum_title>trading-house.net Nachrichtenfeed</forum_title>
<discussion_title>Fortunas Tischtennis-Abteilung feiert 40-jähriges Bestehen</discussion_title>
<language>german</language>
<gmt_offset></gmt_offset>
<topic_url>http://www.trading-house.net/news/fortunas-tischtennis-abteilung-feiert-40-jaehriges-bestehen-50947075</topic_url>
<topic_text>
31.08.2016 - 01:37 Uhr Fortunas Tischtennis-Abteilung feiert 40-jähriges Bestehen Walstedde - Seit nunmehr 40 Jahren besteht die Tischtennis-Abteilung von Fortuna Walstedde. Mit einer Mischung aus sportlichem Wettkampf und ausgelassenem Sommerfest begingen die Fortunen den runden Geburtstag.
</topic_text>
<spam_score>0.00</spam_score>
<post_num>1</post_num>
<post_id>post-1</post_id>
<post_url>http://www.trading-house.net/news/fortunas-tischtennis-abteilung-feiert-40-jaehriges-bestehen-50947075</post_url>
<post_date>20160830</post_date>
<post_time>2337</post_time>
<username></username>
<post>
31.08.2016 - 01:37 Uhr Fortunas Tischtennis-Abteilung feiert 40-jähriges Bestehen Walstedde - Seit nunmehr 40 Jahren besteht die Tischtennis-Abteilung von Fortuna Walstedde. Mit einer Mischung aus sportlichem Wettkampf und ausgelassenem Sommerfest begingen die Fortunen den runden Geburtstag.
</post>
<signature>

</signature>
<external_links>

</external_links>
<country>DE</country>
<main_image></main_image>
</document>
