<?xml version="1.0" encoding="UTF-8"?>
<document>
<type>mainstream</type>
<forum>http://www.handelsblatt.com/contentexport/feed/unternehmen</forum>
<forum_title>Handelsblatt Online - Unternehmen</forum_title>
<discussion_title>Steuernachforderungen gegen Apple: Biss in den Apfel</discussion_title>
<language>german</language>
<gmt_offset></gmt_offset>
<topic_url>http://www.handelsblatt.com/my/unternehmen/it-medien/steuernachforderungen-gegen-apple-biss-in-den-apfel/14474958.html?ticket=ST-207580-fLhKb9kpbX5PuldNddua-ap2</topic_url>
<topic_text>
Apple-Logo 13 Milliarden Euro – das ist auch für einen reichen Konzern wie Apple viel Geld.
(Foto: AFP) Das Firmenlogo von Apple lässt sich seit Dienstag neu erklären: Die EU hat ein schönes Stück vom Apfel abgebissen: Der kalifornische Konzern soll in Europa 13 Milliarden Euro Steuern nachzahlen . Das ist ein dicker Brocken – sogar für das wertvollste Unternehmen der Welt, das über Finanzreserven von mindestens 100 Milliarden Dollar verfügt. Es wundert also nicht, dass Apple postwendend eine Klage vor dem Europäischen Gerichtshof gegen die Entscheidung von EU-Wettbewerbskommissarin Margrethe Vestager angekündigt hat. 
Juristisch gesehen kann sich die Dänin ihrer Sache ziemlich sicher sein. Laut EU-Wettbewerbsrecht ist es klipp und klar untersagt, dass Mitgliedstaaten einzelne Unternehmen finanziell begünstigen...
  Mehr zu: Steuernachforderungen gegen Apple - Biss in den Apfel Organisation Themen Personen Kommentar zu illegalen Steuerdeals : Premium Ermutigende Entscheidung Starbucks und Fiat : EU hält Steuerdeals für illegal Apple, Google, Starbucks : USA kritisieren EU-Steuerprüfungen bei amerikanischen Konzernen EU-Wettbewerbsaufsicht : Personalmangel erschwert Kampf gegen Steuerdumping Steuertricksereien : Premium Brüssel grillt McDonald’s
</topic_text>
<spam_score>0.00</spam_score>
<post_num>1</post_num>
<post_id>post-1</post_id>
<post_url>http://www.handelsblatt.com/my/unternehmen/it-medien/steuernachforderungen-gegen-apple-biss-in-den-apfel/14474958.html?ticket=ST-207580-fLhKb9kpbX5PuldNddua-ap2</post_url>
<post_date>20160830</post_date>
<post_time>1745</post_time>
<username>handelsblatt.com</username>
<post>
Apple-Logo 13 Milliarden Euro – das ist auch für einen reichen Konzern wie Apple viel Geld.
(Foto: AFP) Das Firmenlogo von Apple lässt sich seit Dienstag neu erklären: Die EU hat ein schönes Stück vom Apfel abgebissen: Der kalifornische Konzern soll in Europa 13 Milliarden Euro Steuern nachzahlen . Das ist ein dicker Brocken – sogar für das wertvollste Unternehmen der Welt, das über Finanzreserven von mindestens 100 Milliarden Dollar verfügt. Es wundert also nicht, dass Apple postwendend eine Klage vor dem Europäischen Gerichtshof gegen die Entscheidung von EU-Wettbewerbskommissarin Margrethe Vestager angekündigt hat. 
Juristisch gesehen kann sich die Dänin ihrer Sache ziemlich sicher sein. Laut EU-Wettbewerbsrecht ist es klipp und klar untersagt, dass Mitgliedstaaten einzelne Unternehmen finanziell begünstigen...
  Mehr zu: Steuernachforderungen gegen Apple - Biss in den Apfel Organisation Themen Personen Kommentar zu illegalen Steuerdeals : Premium Ermutigende Entscheidung Starbucks und Fiat : EU hält Steuerdeals für illegal Apple, Google, Starbucks : USA kritisieren EU-Steuerprüfungen bei amerikanischen Konzernen EU-Wettbewerbsaufsicht : Personalmangel erschwert Kampf gegen Steuerdumping Steuertricksereien : Premium Brüssel grillt McDonald’s
</post>
<signature>

</signature>
<external_links>

</external_links>
<country>DE</country>
<main_image>http://www.handelsblatt.com/images/apple-logo/14475004/3-format2010.jpg</main_image>
</document>
