<?xml version="1.0" encoding="UTF-8"?>
<document>
<type>mainstream</type>
<forum>http://www.sputniknews.com/export/rss2/archive/index.xml</forum>
<forum_title>Sputnik International</forum_title>
<discussion_title>Turkish Prosecutor Defects to Greece, Seeks Political Asylum</discussion_title>
<language>english</language>
<gmt_offset></gmt_offset>
<topic_url>http://sputniknews.com/middleeast/20160830/1044789407/turkish-prosecutor-greece.html</topic_url>
<topic_text>
Turkish Prosecutor Defects to Greece, Seeks Political Asylum © REUTERS/ Fotis Plegas G 0 211 0 0 50-year-old Turkish prosecutor rrived at the Greek island of Chios and applied for a political asylum, according to local media. © AP Photo/ Hussein Malla Hiding Turkey Coup Plotters May Carry Out Political Assassinations ATHENS (Sputnik) — A Turkish prosecutor arrived at the Greek island of Chios on Tuesday seeking political asylum there, as the Turkish authorities continue post-coup purge in the country, local media reported.
According to the Astraparis media outlet, the 50-year-old prosecutor arrived in the island located in the Aegean Sea on Tuesday morning in a boat with Syrian refugees and applied for a political asylum. The prosecutor has been charged with illegal entry into the country and given a two-month prison sentence on probation. 
He is reportedly the 16th Turkish national to claim asylum in Greece amid Turkey&apos;s purge after the failed coup attempt. © REUTERS/ Kenan Gurbuz Alleged Turkey Coup Plotters Seek Asylum from Greece to Three EU States On July 15, a coup attempt took place in Turkey and was suppressed the following morning. Over 40,000 people have been detained since the attempted overthrow of the Turkish government that led to over 260 deaths.
Over 80,000 judges, civil servants, and educators have been suspended under the state of emergency, with thousands more people being under investigation. ...
</topic_text>
<spam_score>0.00</spam_score>
<post_num>1</post_num>
<post_id>post-1</post_id>
<post_url>http://sputniknews.com/middleeast/20160830/1044789407/turkish-prosecutor-greece.html</post_url>
<post_date>20160830</post_date>
<post_time>1719</post_time>
<username></username>
<post>
Turkish Prosecutor Defects to Greece, Seeks Political Asylum © REUTERS/ Fotis Plegas G 0 211 0 0 50-year-old Turkish prosecutor rrived at the Greek island of Chios and applied for a political asylum, according to local media. © AP Photo/ Hussein Malla Hiding Turkey Coup Plotters May Carry Out Political Assassinations ATHENS (Sputnik) — A Turkish prosecutor arrived at the Greek island of Chios on Tuesday seeking political asylum there, as the Turkish authorities continue post-coup purge in the country, local media reported.
According to the Astraparis media outlet, the 50-year-old prosecutor arrived in the island located in the Aegean Sea on Tuesday morning in a boat with Syrian refugees and applied for a political asylum. The prosecutor has been charged with illegal entry into the country and given a two-month prison sentence on probation. 
He is reportedly the 16th Turkish national to claim asylum in Greece amid Turkey&apos;s purge after the failed coup attempt. © REUTERS/ Kenan Gurbuz Alleged Turkey Coup Plotters Seek Asylum from Greece to Three EU States On July 15, a coup attempt took place in Turkey and was suppressed the following morning. Over 40,000 people have been detained since the attempted overthrow of the Turkish government that led to over 260 deaths.
Over 80,000 judges, civil servants, and educators have been suspended under the state of emergency, with thousands more people being under investigation. ...
</post>
<signature>

</signature>
<external_links>

</external_links>
<country>RU</country>
<main_image>https://cdn1.img.sputniknews.com/images/102855/84/1028558427.jpg</main_image>
</document>
