<?xml version="1.0" encoding="UTF-8"?>
<document>
<type>mainstream</type>
<forum>http://feeds.feedblitz.com/previouslytv</forum>
<forum_title>Previously.TV</forum_title>
<discussion_title>Watch A Supercut Of Arrow&apos;s Season 4 Ass-Kickings :: Are we the first to make a &apos;Darhkness falls&apos; joke, or the 7,000,000th? [Arrow]</discussion_title>
<language>english</language>
<gmt_offset></gmt_offset>
<topic_url>http://previously.tv/arrow/watch-a-supercut-of-arrows-season-4-ass-kickings/</topic_url>
<topic_text>
0 
With Arrow &apos;s Season 5 premiere just around the corner (October 5), the Season 4 DVDs are hitting stores tomorrow. To mark the occasion, TVLine has a supercut of Season 4&apos;s best ass-kickings! It&apos;s exclusive, but clicking the pic below will take you straight to it. The CW
</topic_text>
<spam_score>0.00</spam_score>
<post_num>1</post_num>
<post_id>post-1</post_id>
<post_url>http://previously.tv/arrow/watch-a-supercut-of-arrows-season-4-ass-kickings/</post_url>
<post_date>20160829</post_date>
<post_time>1600</post_time>
<username>Tara Ariano</username>
<post>
0 
With Arrow &apos;s Season 5 premiere just around the corner (October 5), the Season 4 DVDs are hitting stores tomorrow. To mark the occasion, TVLine has a supercut of Season 4&apos;s best ass-kickings! It&apos;s exclusive, but clicking the pic below will take you straight to it. The CW
</post>
<signature>

</signature>
<external_links>

</external_links>
<country>US</country>
<main_image>http://previously.tv/m/2016-08-29-arrow.jpg</main_image>
</document>
