<?xml version="1.0" encoding="UTF-8"?>
<document>
<type>mainstream</type>
<forum>http://www.care2.com/causes/author/stevebwilliams/feed</forum>
<forum_title>Care2 Causes » Steve Williams</forum_title>
<discussion_title>Illinois Sues Drug Company for ‘Deceptive’ Off-Label Marketing</discussion_title>
<language>english</language>
<gmt_offset></gmt_offset>
<topic_url>http://www.care2.com/causes/illinois-sues-drug-company-for-deceptive-off-label-marketing.html</topic_url>
<topic_text>
  
Illinois Attorney General Lisa Madigan is suing the company Insys Therapeutics, Inc. over what the state calls ”deceptive” drug marketing practices that resulted in unnecessary prescriptions of an addictive opioid. 
In the suit, which was filed in Cook County Circuit Court, Madigan alleges that Insys deceptively marketed the drug Subsys – a spray variant of the opiod fentanyl — so that physicians would prescribe the drug to patients with conditions like neck and back pain. 
Due to ongoing concerns about rising opioid abuse in the Untied States, the FDA has sought to curtail use of these drugs through mechanisms like its Risk Minimization Action Plan — except in circumstances where their pain management ability is truly needed. In this case, Subsys is intended for pain related to cancer and cancer treatment, not for general pain relief. 
The suit asserts that rather than focus on oncologists, Insys Therapeutics targeted doctors to allegedly expand its market. As a result, the drug has brought the company massive profits. 
Estimates suggest that over the first six months of 2015 alone, Insys earned $147.2 million in sales from Subsys. This accounted for over 99 percent of the company’s total revenue for that sales period. 
“This drug company’s desire for increased profits led it to disregard patients’ health and push addictive opioids for non-FDA approved purposes,” Madigan stated . “It’s this type of reprehensible and illegal conduct that feeds the dangerous opioid epidemic and is another low for the pharmaceutical industry.” 
The suit further alleges that Insys not only marketed the product to doctors incorrectly, but also encouraged them to prescribe higher doses of Subsys. That action directly opposes the federal government’s strategy to cut addiction risks by encouraging doctors to prescribe the lowest effective doses. 
A release from Madigan’s office discusses the investigation her office embarked on before launching this suit: Madigan’s investigation revealed that doctors across the country were rewarded for prescribing Subsys to non-cancer patients for off-label uses, including payments for sham speaking events and dinners at expensive restaurants. In Illinois, the top Subsys prescriber was Dr. Paul Madison, who wrote approximately 58 percent of the Subsys prescriptions in the state. Madison is an anesthesiologist who treats few, if any, cancer patients. More than 95 percent of the Subsys prescriptions written by Dr. Madison did not relate to breakthrough cancer pain. Madison was indicted by the U.S. Attorney’s Office in Chicago billing insurers for procedures he did not perform. 
Off-label prescribing is not illegal, and in some cases, it can be a useful tool. For example, doctors using appropriate discretion may be able to treat patients who are not able to use traditional treatments. By using some careful off-label prescriptions, doctors can also potentially lower costs for patients without compromising their treatment. 
While off-label prescriptions are useful, there has been growing concern surrounding how common the practice has become. In the mental health field , some claim that doctors are prescribing medication where there is no proven effectiveness or safety record. 
Relevant to this case, however, is the fact that drug companies are specifically forbidden from encouraging off-label use and marketing toward that end — something that Illinois argues Insys Therapeutics blatantly did. 
Insys has so far refrained from commenting on the lawsuit. However, this is not the first time that the company has faced scrutiny over this issue. 
Officials in California, Massachusetts, Connecticut, Arizona and Oregon have all investigated Insys for improper marketing. In 2015, Oregon’s attorney general reached a $1.1 million settlement with the company over similar allegations. 
More lawsuits may also be brought by the families of f entanyl overdose victims who believe irresponsible marketing and prescription of the opioid directly contributed to addiction and overdose deaths. 
This case only adds to growing concerns about how the pharmaceutical industry has become a for-profit giant. Major drug companies have ramped up costs to patients while keeping smaller rivals with cheaper products out of the market, despite laws that should prevent such obvious abuses of the system — and the public’s trust. 
Photo credit: Thinkstock. Love This? Never Miss Another Story. Thanks for subscribing!
</topic_text>
<spam_score>0.00</spam_score>
<post_num>1</post_num>
<post_id>post-1</post_id>
<post_url>http://www.care2.com/causes/illinois-sues-drug-company-for-deceptive-off-label-marketing.html</post_url>
<post_date>20160830</post_date>
<post_time>1200</post_time>
<username>Steve Williams</username>
<post>
  
Illinois Attorney General Lisa Madigan is suing the company Insys Therapeutics, Inc. over what the state calls ”deceptive” drug marketing practices that resulted in unnecessary prescriptions of an addictive opioid. 
In the suit, which was filed in Cook County Circuit Court, Madigan alleges that Insys deceptively marketed the drug Subsys – a spray variant of the opiod fentanyl — so that physicians would prescribe the drug to patients with conditions like neck and back pain. 
Due to ongoing concerns about rising opioid abuse in the Untied States, the FDA has sought to curtail use of these drugs through mechanisms like its Risk Minimization Action Plan — except in circumstances where their pain management ability is truly needed. In this case, Subsys is intended for pain related to cancer and cancer treatment, not for general pain relief. 
The suit asserts that rather than focus on oncologists, Insys Therapeutics targeted doctors to allegedly expand its market. As a result, the drug has brought the company massive profits. 
Estimates suggest that over the first six months of 2015 alone, Insys earned $147.2 million in sales from Subsys. This accounted for over 99 percent of the company’s total revenue for that sales period. 
“This drug company’s desire for increased profits led it to disregard patients’ health and push addictive opioids for non-FDA approved purposes,” Madigan stated . “It’s this type of reprehensible and illegal conduct that feeds the dangerous opioid epidemic and is another low for the pharmaceutical industry.” 
The suit further alleges that Insys not only marketed the product to doctors incorrectly, but also encouraged them to prescribe higher doses of Subsys. That action directly opposes the federal government’s strategy to cut addiction risks by encouraging doctors to prescribe the lowest effective doses. 
A release from Madigan’s office discusses the investigation her office embarked on before launching this suit: Madigan’s investigation revealed that doctors across the country were rewarded for prescribing Subsys to non-cancer patients for off-label uses, including payments for sham speaking events and dinners at expensive restaurants. In Illinois, the top Subsys prescriber was Dr. Paul Madison, who wrote approximately 58 percent of the Subsys prescriptions in the state. Madison is an anesthesiologist who treats few, if any, cancer patients. More than 95 percent of the Subsys prescriptions written by Dr. Madison did not relate to breakthrough cancer pain. Madison was indicted by the U.S. Attorney’s Office in Chicago billing insurers for procedures he did not perform. 
Off-label prescribing is not illegal, and in some cases, it can be a useful tool. For example, doctors using appropriate discretion may be able to treat patients who are not able to use traditional treatments. By using some careful off-label prescriptions, doctors can also potentially lower costs for patients without compromising their treatment. 
While off-label prescriptions are useful, there has been growing concern surrounding how common the practice has become. In the mental health field , some claim that doctors are prescribing medication where there is no proven effectiveness or safety record. 
Relevant to this case, however, is the fact that drug companies are specifically forbidden from encouraging off-label use and marketing toward that end — something that Illinois argues Insys Therapeutics blatantly did. 
Insys has so far refrained from commenting on the lawsuit. However, this is not the first time that the company has faced scrutiny over this issue. 
Officials in California, Massachusetts, Connecticut, Arizona and Oregon have all investigated Insys for improper marketing. In 2015, Oregon’s attorney general reached a $1.1 million settlement with the company over similar allegations. 
More lawsuits may also be brought by the families of f entanyl overdose victims who believe irresponsible marketing and prescription of the opioid directly contributed to addiction and overdose deaths. 
This case only adds to growing concerns about how the pharmaceutical industry has become a for-profit giant. Major drug companies have ramped up costs to patients while keeping smaller rivals with cheaper products out of the market, despite laws that should prevent such obvious abuses of the system — and the public’s trust. 
Photo credit: Thinkstock. Love This? Never Miss Another Story. Thanks for subscribing!
</post>
<signature>

</signature>
<external_links>

</external_links>
<country>US</country>
<main_image>http://dingo.care2.com/pictures/causes/3189/3188113.large.jpg</main_image>
</document>
