<?xml version="1.0" encoding="UTF-8"?>
<document>
<type>mainstream</type>
<forum>http://rss.informador.com.mx/informador-mexico?format=xml</forum>
<forum_title>informador.com.mx - México</forum_title>
<discussion_title>Critican a funcionario de Mérida por comentario sobre Juan Gabriel</discussion_title>
<language>spanish</language>
<gmt_offset></gmt_offset>
<topic_url>http://www.informador.com.mx/mexico/2016/679798/6/critican-a-funcionario-de-merida-por-comentario-sobre-juan-gabriel.htm</topic_url>
<topic_text>
Critican a funcionario de Mérida por comentario sobre Juan Gabriel Enviar por email: 
Critican a funcionario de Mérida por comentario sobre Juan Gabriel Email: Fue bautizado en las redes sociales como &apos;lord hueva&apos; Irving Berlín Villafaña, director de Cultura, escribió que &apos;le da hueva hablar de Juanga&apos; 
MÉRIDA, YUCATÁN (30/AGO/2016).- El director de Cultura del ayuntamiento de Mérida, Irving Berlín Villafaña, causó controversia en las redes sociales al escribir en su cuenta personal de Facebook que &quot;le da hueva hablar de Juanga&quot;, en referencia a la reciente muerte del cantautor mexicano Juan Gabriel. 
Su desatinado comentario fue criticado severamente en las redes sociales, en donde fue bautizado como el &quot;lord hueva&quot;. 
El funcionario municipal escribió en Facebook: &quot;Yo no voy a poner nada de Juanga. Me da como hueva. Lo siento&quot;. 
Al ser cuestionado por los usuarios de las redes sociales, Berlín Villafaña optó por borrar su publicación, pero ya había sido capturada la imagen y difundida rápidamente. 
Mientras la clase política mexicana y artística ha lamentado el fallecimiento de Juan Gabriel, y hasta se anunció que Bellas Artes estará disponible para hacerle un homenaje, el funcionario del ayuntamiento de Mérida prefirió publicar que &quot;le da hueva hablar de Juanga&quot;. 
Tras las fuertes críticas, el funcionario municipal reconoció a Juan Gabriel como un icono de la cultura de masas en México, incluso lo comparó con José Alfredo Jiménez y Agustín Lara, según una nueva publicación en Facebook. 
De hecho, Berlín Villafaña no descartó que en Mérida se realicen homenajes al fallecido cantautor. 
También pidió disculpas, justificándose: &quot;Mis gustos personales en la música no tienen nada que ver con mi responsabilidad institucional... Quienes se hayan sentido lesionados por la difusión de un comentario privado, en una red, repito, donde solo están mis amigos, les externo mis disculpas&quot;. SUN / ALST Hoy 19:27 hrs :: Multimedia Videos Grúas de la SSP capitalina echan &apos;carreritas&apos; CIUDAD DE MÉXICO (30/AGO/2016).- Luego de que en redes sociales se difundió un video donde se aprecia a dos grúas de la Secretaría de Seguridad Pública capitalina cuando circulan a exceso de velocidad y &quot;echando carreritas&quot;, la corporación determinó suspender a los responsables. SUN 
Fuerza Aérea Mexicana ofrece espectáculo aéreo 
Reabrirá la Playa del Amor, en Islas Marietas 
Maestros rechazan inicio de clases 
Escándalos de políticos acusados de plagio en tesis 
&apos;Earl&apos; azota comunidades de Puebla 
Tienen boda religiosa tras 46 años juntos 
&apos;Earl&apos; deja daños en 29 municipios de Veracruz 
Asesinatos de alcaldes en México en 2016 
Pese a amenazas de maestros, celebran Guelaguetza 
Vigilan San Juan Chamula tras asesinato de alcalde 
Osorio Chong desata memes con foto del &apos;Chapo&apos; 
La CNTE realiza nuevos bloqueos; Segob da ultimátum 
Peña Nieto realiza visita de Estado a Canadá 
Maestros se movilizan en apoyo a Oaxaca 
Destrozos en Oaxaca tras disturbios y saqueos 
Bloqueos de maestros en Oaxaca provocan violentos choques 
Entrega EU a México a Héctor Palma 
Honran en Ciudad de México a víctimas de tiroteo en Orlando 
Retoman control de penal de Barrientos, en Estado de México 
Sepultan a víctimas de multihomicidio en Puebla 
EL INFORMADOR valora la expresión libre de los usuarios en el sitio web y redes sociales del medio, pero aclara que la responsabilidad de los comentarios se atribuye a cada autor, al tiempo que exhorta a una comunicación respetuosa. 
En caso de considerar que algún comentario no debería mostrarse por ofender a otras personas, instituciones, o ir contra la Ley, cualquier lector puede denunciarlo utilizando el botón de a la derecha de cada comentario. 
PARA MOSTRAR LOS COMENTARIOS DE ESTA NOTA PULSA EN ESTE AVISO Aviso Legal de los Comentarios [+] El Usuario reconoce que la información y opiniones de los contenidos, comentarios, imágenes, videos o información que son publicados o difundidos por terceros en el uso de los servicios de comunicación y redes sociales en los que se vincula la participación de EL INFORMADOR, pertenecen únicamente al criterio de su creador y no reflejan las opiniones o políticas de UNIÓN EDITORIALISTA, S.A. DE C.V., por lo que el Usuario libera expresamente a UNIÓN EDITORIALISTA, S.A. DE C.V., de cualquier afectación de derechos de terceros derivado de las opiniones, imágenes o contenidos de terceros.
</topic_text>
<spam_score>0.00</spam_score>
<post_num>1</post_num>
<post_id>post-1</post_id>
<post_url>http://www.informador.com.mx/mexico/2016/679798/6/critican-a-funcionario-de-merida-por-comentario-sobre-juan-gabriel.htm</post_url>
<post_date>20160831</post_date>
<post_time>0027</post_time>
<username></username>
<post>
Critican a funcionario de Mérida por comentario sobre Juan Gabriel Enviar por email: 
Critican a funcionario de Mérida por comentario sobre Juan Gabriel Email: Fue bautizado en las redes sociales como &apos;lord hueva&apos; Irving Berlín Villafaña, director de Cultura, escribió que &apos;le da hueva hablar de Juanga&apos; 
MÉRIDA, YUCATÁN (30/AGO/2016).- El director de Cultura del ayuntamiento de Mérida, Irving Berlín Villafaña, causó controversia en las redes sociales al escribir en su cuenta personal de Facebook que &quot;le da hueva hablar de Juanga&quot;, en referencia a la reciente muerte del cantautor mexicano Juan Gabriel. 
Su desatinado comentario fue criticado severamente en las redes sociales, en donde fue bautizado como el &quot;lord hueva&quot;. 
El funcionario municipal escribió en Facebook: &quot;Yo no voy a poner nada de Juanga. Me da como hueva. Lo siento&quot;. 
Al ser cuestionado por los usuarios de las redes sociales, Berlín Villafaña optó por borrar su publicación, pero ya había sido capturada la imagen y difundida rápidamente. 
Mientras la clase política mexicana y artística ha lamentado el fallecimiento de Juan Gabriel, y hasta se anunció que Bellas Artes estará disponible para hacerle un homenaje, el funcionario del ayuntamiento de Mérida prefirió publicar que &quot;le da hueva hablar de Juanga&quot;. 
Tras las fuertes críticas, el funcionario municipal reconoció a Juan Gabriel como un icono de la cultura de masas en México, incluso lo comparó con José Alfredo Jiménez y Agustín Lara, según una nueva publicación en Facebook. 
De hecho, Berlín Villafaña no descartó que en Mérida se realicen homenajes al fallecido cantautor. 
También pidió disculpas, justificándose: &quot;Mis gustos personales en la música no tienen nada que ver con mi responsabilidad institucional... Quienes se hayan sentido lesionados por la difusión de un comentario privado, en una red, repito, donde solo están mis amigos, les externo mis disculpas&quot;. SUN / ALST Hoy 19:27 hrs :: Multimedia Videos Grúas de la SSP capitalina echan &apos;carreritas&apos; CIUDAD DE MÉXICO (30/AGO/2016).- Luego de que en redes sociales se difundió un video donde se aprecia a dos grúas de la Secretaría de Seguridad Pública capitalina cuando circulan a exceso de velocidad y &quot;echando carreritas&quot;, la corporación determinó suspender a los responsables. SUN 
Fuerza Aérea Mexicana ofrece espectáculo aéreo 
Reabrirá la Playa del Amor, en Islas Marietas 
Maestros rechazan inicio de clases 
Escándalos de políticos acusados de plagio en tesis 
&apos;Earl&apos; azota comunidades de Puebla 
Tienen boda religiosa tras 46 años juntos 
&apos;Earl&apos; deja daños en 29 municipios de Veracruz 
Asesinatos de alcaldes en México en 2016 
Pese a amenazas de maestros, celebran Guelaguetza 
Vigilan San Juan Chamula tras asesinato de alcalde 
Osorio Chong desata memes con foto del &apos;Chapo&apos; 
La CNTE realiza nuevos bloqueos; Segob da ultimátum 
Peña Nieto realiza visita de Estado a Canadá 
Maestros se movilizan en apoyo a Oaxaca 
Destrozos en Oaxaca tras disturbios y saqueos 
Bloqueos de maestros en Oaxaca provocan violentos choques 
Entrega EU a México a Héctor Palma 
Honran en Ciudad de México a víctimas de tiroteo en Orlando 
Retoman control de penal de Barrientos, en Estado de México 
Sepultan a víctimas de multihomicidio en Puebla 
EL INFORMADOR valora la expresión libre de los usuarios en el sitio web y redes sociales del medio, pero aclara que la responsabilidad de los comentarios se atribuye a cada autor, al tiempo que exhorta a una comunicación respetuosa. 
En caso de considerar que algún comentario no debería mostrarse por ofender a otras personas, instituciones, o ir contra la Ley, cualquier lector puede denunciarlo utilizando el botón de a la derecha de cada comentario. 
PARA MOSTRAR LOS COMENTARIOS DE ESTA NOTA PULSA EN ESTE AVISO Aviso Legal de los Comentarios [+] El Usuario reconoce que la información y opiniones de los contenidos, comentarios, imágenes, videos o información que son publicados o difundidos por terceros en el uso de los servicios de comunicación y redes sociales en los que se vincula la participación de EL INFORMADOR, pertenecen únicamente al criterio de su creador y no reflejan las opiniones o políticas de UNIÓN EDITORIALISTA, S.A. DE C.V., por lo que el Usuario libera expresamente a UNIÓN EDITORIALISTA, S.A. DE C.V., de cualquier afectación de derechos de terceros derivado de las opiniones, imágenes o contenidos de terceros.
</post>
<signature>

</signature>
<external_links>

</external_links>
<country>MX</country>
<main_image>http://img.informador.com.mx/biblioteca/imagen/677x508/1347/1346665.jpg</main_image>
</document>
