<?xml version="1.0" encoding="UTF-8"?>
<document>
<type>mainstream</type>
<forum>http://xn--j-69txf.com/feed</forum>
<forum_title>なんｊリーグ</forum_title>
<discussion_title>【悲報】鳥谷の優しさ報道されない</discussion_title>
<language>japanese</language>
<gmt_offset></gmt_offset>
<topic_url>http://xn--j-69txf.com/%e9%98%aa%e7%a5%9e%e3%82%bf%e3%82%a4%e3%82%ac%e3%83%bc%e3%82%b9/n-100366.html</topic_url>
<topic_text>
1: 風吹けば名無し＠＼(^o^)／ 2016/08/31(水)07:44:40 ID:CHn スポーツ新聞、全紙福留の説教しか書いてないンゴ
</topic_text>
<spam_score>0.00</spam_score>
<post_num>1</post_num>
<post_id>post-1</post_id>
<post_url>http://xn--j-69txf.com/%e9%98%aa%e7%a5%9e%e3%82%bf%e3%82%a4%e3%82%ac%e3%83%bc%e3%82%b9/n-100366.html</post_url>
<post_date>20160830</post_date>
<post_time>2330</post_time>
<username>ヤクドウファン</username>
<post>
1: 風吹けば名無し＠＼(^o^)／ 2016/08/31(水)07:44:40 ID:CHn スポーツ新聞、全紙福留の説教しか書いてないンゴ
</post>
<signature>

</signature>
<external_links>

</external_links>
<country>JP</country>
<main_image></main_image>
</document>
