<?xml version="1.0" encoding="UTF-8"?>
<document>
<type>mainstream</type>
<forum>http://www.trading-house.net/rss/meldungen/</forum>
<forum_title>trading-house.net Nachrichtenfeed</forum_title>
<discussion_title>Gefährliche Reise übers Mittelmeer: Erneut 3.000 Flüchtlinge aus Seenot gerettet</discussion_title>
<language>german</language>
<gmt_offset></gmt_offset>
<topic_url>http://www.trading-house.net/news/gefaehrliche-reise-uebers-mittelmeer-erneut-3-000-fluechtlinge-aus-seenot-gerettet-50947081</topic_url>
<topic_text>
31.08.2016 - 01:41 Uhr Gefährliche Reise übers Mittelmeer: Erneut 3.000 Flüchtlinge aus Seenot gerettet Durch den Flüchtlingspakt mit der Türkei kommen deutlich weniger Flüchtlinge nach Europa. Doch in den letzten Wochen wagen wieder mehr Menschen die Überfahrt übers Mittelmeer - auf längeren und gefährlicheren Routen.
</topic_text>
<spam_score>0.00</spam_score>
<post_num>1</post_num>
<post_id>post-1</post_id>
<post_url>http://www.trading-house.net/news/gefaehrliche-reise-uebers-mittelmeer-erneut-3-000-fluechtlinge-aus-seenot-gerettet-50947081</post_url>
<post_date>20160830</post_date>
<post_time>2341</post_time>
<username></username>
<post>
31.08.2016 - 01:41 Uhr Gefährliche Reise übers Mittelmeer: Erneut 3.000 Flüchtlinge aus Seenot gerettet Durch den Flüchtlingspakt mit der Türkei kommen deutlich weniger Flüchtlinge nach Europa. Doch in den letzten Wochen wagen wieder mehr Menschen die Überfahrt übers Mittelmeer - auf längeren und gefährlicheren Routen.
</post>
<signature>

</signature>
<external_links>

</external_links>
<country>DE</country>
<main_image></main_image>
</document>
