<?xml version="1.0" encoding="UTF-8"?>
<document>
<type>mainstream</type>
<forum></forum>
<forum_title></forum_title>
<discussion_title>Está em teste o ônibus que passa por cima dos carros</discussion_title>
<language>portuguese</language>
<gmt_offset></gmt_offset>
<topic_url>http://www.zupi.com.br/esta-em-teste-o-onibus-que-passa-por-cima-dos-carros/</topic_url>
<topic_text>
Está em teste o ônibus que passa por cima dos carros You are here: Tech &amp; Inovação By Mylena Fontes Sim, a China construiu mesmo aquele ônibus que passa por cima dos carros, e ele já estreou – tá, de forma experimental – e foi apresentado ao público. Com espaço para 300 passageiros e capaz de passar por cima de engarrafamentos, o ônibus parece não ser real, mas é. Ele mede 22 metros de comprimento e consegue circular sobre duas faixas de trânsito. 
</topic_text>
<spam_score>0.20</spam_score>
<post_num>1</post_num>
<post_id>post-1</post_id>
<post_url>http://www.zupi.com.br/esta-em-teste-o-onibus-que-passa-por-cima-dos-carros/</post_url>
<post_date>20160803</post_date>
<post_time></post_time>
<username>Mylena Fontes</username>
<post>
Está em teste o ônibus que passa por cima dos carros You are here: Tech &amp; Inovação By Mylena Fontes Sim, a China construiu mesmo aquele ônibus que passa por cima dos carros, e ele já estreou – tá, de forma experimental – e foi apresentado ao público. Com espaço para 300 passageiros e capaz de passar por cima de engarrafamentos, o ônibus parece não ser real, mas é. Ele mede 22 metros de comprimento e consegue circular sobre duas faixas de trânsito. 
</post>
<signature>

</signature>
<external_links>

</external_links>
<country>BR</country>
<main_image>http://www.zupi.com.br/wp-content/uploads/2016/08/onibus-elevado-3-e1470255889321.jpg</main_image>
</document>
