<?xml version="1.0" encoding="UTF-8"?>
<document>
<type>mainstream</type>
<forum>http://feeds.feedblitz.com/previouslytv</forum>
<forum_title>Previously.TV</forum_title>
<discussion_title>Watch Seth Meyers Chat Up Trump&apos;s &apos;Doctor&apos; On Late Night :: Dr. Bornstein is here to assure us that Donald Trump&apos;s chlorophyll level is perfect. [Late Night With Seth Meyers]</discussion_title>
<language>english</language>
<gmt_offset></gmt_offset>
<topic_url>http://previously.tv/late-night-with-seth-meyers/watch-seth-meyers-chat-up-trumps-doctor-on-late-night/</topic_url>
<topic_text>
Watch Seth Meyers Chat Up Trump&apos;s &apos;Doctor&apos; On Late Night Dr. Bornstein is here to assure us that Donald Trump&apos;s chlorophyll level is perfect. E150 
Last night on Late Night With Seth Meyers , Meyers reminded us that Donald Trump&apos;s doctor, Harold Bornstein, once claimed Trump to be the &quot;healthiest individual ever elected to the Presidency.&quot; This statement appeared in a letter, which Bornstein told NBC News last week he wrote up in just five minutes . Of course, Meyers had a few questions, so he decided to have a little one-on-one session with the &quot;doctor&quot; himself.
</topic_text>
<spam_score>0.00</spam_score>
<post_num>1</post_num>
<post_id>post-1</post_id>
<post_url>http://previously.tv/late-night-with-seth-meyers/watch-seth-meyers-chat-up-trumps-doctor-on-late-night/</post_url>
<post_date>20160830</post_date>
<post_time>1515</post_time>
<username>Karen Belz</username>
<post>
Watch Seth Meyers Chat Up Trump&apos;s &apos;Doctor&apos; On Late Night Dr. Bornstein is here to assure us that Donald Trump&apos;s chlorophyll level is perfect. E150 
Last night on Late Night With Seth Meyers , Meyers reminded us that Donald Trump&apos;s doctor, Harold Bornstein, once claimed Trump to be the &quot;healthiest individual ever elected to the Presidency.&quot; This statement appeared in a letter, which Bornstein told NBC News last week he wrote up in just five minutes . Of course, Meyers had a few questions, so he decided to have a little one-on-one session with the &quot;doctor&quot; himself.
</post>
<signature>

</signature>
<external_links>

</external_links>
<country>US</country>
<main_image>http://previously.tv/m/2016-08-30-sethmeyers.jpg</main_image>
</document>
