<?xml version="1.0" encoding="UTF-8"?>
<document>
<type>mainstream</type>
<forum>http://www.sputniknews.com/export/rss2/archive/index.xml</forum>
<forum_title>Sputnik International</forum_title>
<discussion_title>Turkish Police Detain 9 Journalists Out of 35 Ordered by Authorities</discussion_title>
<language>english</language>
<gmt_offset></gmt_offset>
<topic_url>http://sputniknews.com/world/20160830/1044791017/turkey-police-journalists.html</topic_url>
<topic_text>
Turkish Police Detain 9 Journalists Out of 35 Ordered by Authorities © AP Photo/ Ali Aksoyer 0 59 1 1 The Committee to Protect Journalists (CPJ) said that Istanbul Chief Prosecutor&apos;s Office has issued warrants for 35 journalists, while Turkish police detained at least nine as of Tuesday in a post-coup crackdown on media in the country. © AP Photo/ CARL COURT Turkey Lifts Ban on Police Hijabs After Green Light From Canadian &amp; Scots Cops MOSCOW (Sputnik) – The Istanbul Chief Prosecutor&apos;s Office has issued warrants for 35 journalists, while Turkish police detained at least nine as of Tuesday in a post-coup crackdown on media in the country, the Committee to Protect Journalists (CPJ) said in a press release. &quot;The Istanbul Chief Prosecutor&apos;s Office today ordered 35 journalists to be detained in scope of investigations into a July 15 failed military coup that left more than 200 people dead, according to news reports. The Turkish government accuses the Hizmet movement, or FETO [the Fethullahist Terrorist Organization], of being a terrorist organization with a parallel state structure that orchestrated the attempted coup,&quot; the press release reads. 
The nine detained journalists come from Istanbul, Ankara and Kocaeli province, nearly 66 miles east of Istanbul. 
The media purge in Turkey followed the July 15 military coup attempt, which was suppressed the following day. On August 10, Turkish prosecutors ordered the arrest of some 47 journalists. 
Over 40,000 people have already been detained in Turkey in connection with the coup attempt. Ankara has accused a US-based Islamist cleric Fethullah Gulen and his followers of playing a key role in the coup. ...
</topic_text>
<spam_score>0.00</spam_score>
<post_num>1</post_num>
<post_id>post-1</post_id>
<post_url>http://sputniknews.com/world/20160830/1044791017/turkey-police-journalists.html</post_url>
<post_date>20160830</post_date>
<post_time>1807</post_time>
<username></username>
<post>
Turkish Police Detain 9 Journalists Out of 35 Ordered by Authorities © AP Photo/ Ali Aksoyer 0 59 1 1 The Committee to Protect Journalists (CPJ) said that Istanbul Chief Prosecutor&apos;s Office has issued warrants for 35 journalists, while Turkish police detained at least nine as of Tuesday in a post-coup crackdown on media in the country. © AP Photo/ CARL COURT Turkey Lifts Ban on Police Hijabs After Green Light From Canadian &amp; Scots Cops MOSCOW (Sputnik) – The Istanbul Chief Prosecutor&apos;s Office has issued warrants for 35 journalists, while Turkish police detained at least nine as of Tuesday in a post-coup crackdown on media in the country, the Committee to Protect Journalists (CPJ) said in a press release. &quot;The Istanbul Chief Prosecutor&apos;s Office today ordered 35 journalists to be detained in scope of investigations into a July 15 failed military coup that left more than 200 people dead, according to news reports. The Turkish government accuses the Hizmet movement, or FETO [the Fethullahist Terrorist Organization], of being a terrorist organization with a parallel state structure that orchestrated the attempted coup,&quot; the press release reads. 
The nine detained journalists come from Istanbul, Ankara and Kocaeli province, nearly 66 miles east of Istanbul. 
The media purge in Turkey followed the July 15 military coup attempt, which was suppressed the following day. On August 10, Turkish prosecutors ordered the arrest of some 47 journalists. 
Over 40,000 people have already been detained in Turkey in connection with the coup attempt. Ankara has accused a US-based Islamist cleric Fethullah Gulen and his followers of playing a key role in the coup. ...
</post>
<signature>

</signature>
<external_links>

</external_links>
<country>RU</country>
<main_image>https://cdn5.img.sputniknews.com/images/104479/11/1044791196.jpg</main_image>
</document>
