<?xml version="1.0" encoding="UTF-8"?>
<document>
<type>mainstream</type>
<forum>http://www.trading-house.net/rss/meldungen/</forum>
<forum_title>trading-house.net Nachrichtenfeed</forum_title>
<discussion_title>Brennpunkte: Ungarischer Rechtsextremist marschiert 13 Jahre ins Gefängnis</discussion_title>
<language>german</language>
<gmt_offset></gmt_offset>
<topic_url>http://www.trading-house.net/news/brennpunkte-ungarischer-rechtsextremist-marschiert-13-jahre-ins-gefaengnis-50947057</topic_url>
<topic_text>
31.08.2016 - 01:30 Uhr Brennpunkte: Ungarischer Rechtsextremist marschiert 13 Jahre ins Gefängnis Der ungarische Rechtsextremist György Budahazy wurde am Dienstag von einem Gericht in Budapest wegen Terroranschlägen zu 13 Jahren Gefängnis verurteilt. [...]
</topic_text>
<spam_score>0.00</spam_score>
<post_num>1</post_num>
<post_id>post-1</post_id>
<post_url>http://www.trading-house.net/news/brennpunkte-ungarischer-rechtsextremist-marschiert-13-jahre-ins-gefaengnis-50947057</post_url>
<post_date>20160830</post_date>
<post_time>2330</post_time>
<username></username>
<post>
31.08.2016 - 01:30 Uhr Brennpunkte: Ungarischer Rechtsextremist marschiert 13 Jahre ins Gefängnis Der ungarische Rechtsextremist György Budahazy wurde am Dienstag von einem Gericht in Budapest wegen Terroranschlägen zu 13 Jahren Gefängnis verurteilt. [...]
</post>
<signature>

</signature>
<external_links>

</external_links>
<country>DE</country>
<main_image></main_image>
</document>
