<?xml version="1.0" encoding="UTF-8"?>
<document>
<type>mainstream</type>
<forum>http://www.sputniknews.com/export/rss2/archive/index.xml</forum>
<forum_title>Sputnik International</forum_title>
<discussion_title>Germany’s Merkel Has &apos;Very Greatest Interest&apos; in Ending Russia Sanctions</discussion_title>
<language>english</language>
<gmt_offset></gmt_offset>
<topic_url>http://sputniknews.com/europe/20160830/1044792341/merkel-ending-russia-sanctions.html</topic_url>
<topic_text>
Germany’s Merkel Has &apos;Very Greatest Interest&apos; in Ending Russia Sanctions © REUTERS/ Hannibal Hanschke 25 3770 12 28 Amid renewed relations between Moscow and Berlin, German Chancellor Angela Merkel has indicated a willingness to remove existing anti-Russia sanctions. 
While a number of Western officials are beginning to soften their stance on the sanctions against Moscow, hold-outs remain. As recently as August 19, Merkel was among the rank-and-file who argued in favor of continuing the roadblocks to global economic and cultural cooperation. © AP Photo/ Michael Sohn Survey Reveals Half of Germans Against Idea of Re-Electing Merkel But on Monday, the German Chancellor appeared to reverse her position, saying she has &quot;the very greatest interest in stopping sanctions.&quot; 
&quot;As soon as we progress in the Minsk agreements, we will loosen the sanctions,&quot; she told reporters, according to the International Business Times . 
Currently serving her third term, Merkel has not made an official announcement on whether she intends to run for a fourth. Many German citizens are opposed to her remaining in power beyond 2017. Recent polling suggests that half of the population is against an ongoing Merkel administration. 
Part of Merkel’s lack of popularity can be attributed to the migrant crisis, but her hardline stance against Russia has also played a role. © Sputnik/ Georgiy Zimarev West’s Most Serious Mistakes in Its Relationship With Russia 
&quot;Merkel is a supporter of the idea that it is Germany’s natural role to become the leader of Eastern Europe (especially of Poland and the Baltic states, and Ukraine), and to drive the economic development of these countries,&quot; said Alexei Fenenko , a senior researcher with the Russian Academy of Sciences’ Institute of International Security Studies. 
Since the political elites in these countries are typically anti-Russian, Merkel &quot;is turning Germany into the leader of an anti-Russian bloc.&quot; 
A policy reversal could be an indication that the German leader has recognized the political and economic benefits of mending ties with Russia. 
&quot;Germany has always been important to Russia as a kind of bridge – a point of contact between Russia, the US and the rest of the West. If we completely lose Germany – we will lose an influential international mediator,&quot; Fenenko said. © AFP 2016/ TOBIAS SCHWARZ Steinmeier Calls for Rapprochement With Russia For Common Security Goal &quot;And that’s not even mentioning economic losses. Germany is important to us as a priority trade partner.&quot; 
Relations between Russia and the West began to deteriorate in 2014 with the exacerbation of the political crisis in Ukraine, as well as Crimea’s decision to rejoin the Russian Federation. This led to the imposition of economic sanctions on Moscow by the United States and the European Union. ...
</topic_text>
<spam_score>0.00</spam_score>
<post_num>1</post_num>
<post_id>post-1</post_id>
<post_url>http://sputniknews.com/europe/20160830/1044792341/merkel-ending-russia-sanctions.html</post_url>
<post_date>20160830</post_date>
<post_time>1903</post_time>
<username></username>
<post>
Germany’s Merkel Has &apos;Very Greatest Interest&apos; in Ending Russia Sanctions © REUTERS/ Hannibal Hanschke 25 3770 12 28 Amid renewed relations between Moscow and Berlin, German Chancellor Angela Merkel has indicated a willingness to remove existing anti-Russia sanctions. 
While a number of Western officials are beginning to soften their stance on the sanctions against Moscow, hold-outs remain. As recently as August 19, Merkel was among the rank-and-file who argued in favor of continuing the roadblocks to global economic and cultural cooperation. © AP Photo/ Michael Sohn Survey Reveals Half of Germans Against Idea of Re-Electing Merkel But on Monday, the German Chancellor appeared to reverse her position, saying she has &quot;the very greatest interest in stopping sanctions.&quot; 
&quot;As soon as we progress in the Minsk agreements, we will loosen the sanctions,&quot; she told reporters, according to the International Business Times . 
Currently serving her third term, Merkel has not made an official announcement on whether she intends to run for a fourth. Many German citizens are opposed to her remaining in power beyond 2017. Recent polling suggests that half of the population is against an ongoing Merkel administration. 
Part of Merkel’s lack of popularity can be attributed to the migrant crisis, but her hardline stance against Russia has also played a role. © Sputnik/ Georgiy Zimarev West’s Most Serious Mistakes in Its Relationship With Russia 
&quot;Merkel is a supporter of the idea that it is Germany’s natural role to become the leader of Eastern Europe (especially of Poland and the Baltic states, and Ukraine), and to drive the economic development of these countries,&quot; said Alexei Fenenko , a senior researcher with the Russian Academy of Sciences’ Institute of International Security Studies. 
Since the political elites in these countries are typically anti-Russian, Merkel &quot;is turning Germany into the leader of an anti-Russian bloc.&quot; 
A policy reversal could be an indication that the German leader has recognized the political and economic benefits of mending ties with Russia. 
&quot;Germany has always been important to Russia as a kind of bridge – a point of contact between Russia, the US and the rest of the West. If we completely lose Germany – we will lose an influential international mediator,&quot; Fenenko said. © AFP 2016/ TOBIAS SCHWARZ Steinmeier Calls for Rapprochement With Russia For Common Security Goal &quot;And that’s not even mentioning economic losses. Germany is important to us as a priority trade partner.&quot; 
Relations between Russia and the West began to deteriorate in 2014 with the exacerbation of the political crisis in Ukraine, as well as Crimea’s decision to rejoin the Russian Federation. This led to the imposition of economic sanctions on Moscow by the United States and the European Union. ...
</post>
<signature>

</signature>
<external_links>

</external_links>
<country>RU</country>
<main_image>https://cdn1.img.sputniknews.com/images/104188/06/1041880692.jpg</main_image>
</document>
