<?xml version="1.0" encoding="UTF-8"?>
<document>
<type>mainstream</type>
<forum>http://www.sputniknews.com/export/rss2/archive/index.xml</forum>
<forum_title>Sputnik International</forum_title>
<discussion_title>Obama Must Weigh Deterrence Over Legacy in Cyber Talks with Russia, China</discussion_title>
<language>english</language>
<gmt_offset></gmt_offset>
<topic_url>http://sputniknews.com/world/20160830/1044788012/us-cyber-russia-china.html</topic_url>
<topic_text>
Obama Must Weigh Deterrence Over Legacy in Cyber Talks with Russia, China © AP Photo/ Susan Walsh 0 157 0 1 Former State Department Deputy Assistant Secretary for Eurasian Affairs Heather Conley said that he hopes US President Barack Obama raises the cyber question on the meetings with Russian President Vladimir Putin and Chinese President Xi Xinping. © Photo: Pixabay China Invites Microsoft, Intel to Join Elaboration of Cybersecurity Standards WASHINGTON (Sputnik) — President Barack Obama must choose whether he will impose costs on alleged Russian and Chinese hackers or risk impacting his legacy in his final months in office, former US officials said at a Center for Strategic and International Studies press briefing on Tuesday. &quot;Administrations in the last six months, historically, are loathe to impose costs,&quot; former US National Security Council Director for Asian Affairs Michael Green said, addressing the possibility of a US response to alleged Chinese and Russian cyberattacks. 
Green explained that presidents are not likely to levy new costs in foreign policy at the end of their term that might &quot;risk creating a crisis&quot; for their successor, or that could &quot;ruin [their] legacy&quot; if the affected nation retaliates. 
Next week, Obama is expected to meet individually with Russian President Vladimir Putin and Chinese President Xi Xinping on the sidelines of the G-20 Summit in Beijing. It is likely that Obama will raise ongoing US concerns over alleged Chinese cyber espionage and recent attacks on US institutions, informally attributed to Russia at those meetings. &quot;I certainly hope President Obama raises the cyber question,&quot; former State Department Deputy Assistant Secretary for Eurasian Affairs Heather Conley said. © AP Photo/ Gerald Herbert Obama Fears China, Russia Approaching US Cyber Capabilities Conley warned that the longer the United States debates the issue of imposing costs for malicious cyber activity, &quot;our lack of resolve then messages to those using these tools… there is really not that cost imposition.&quot;
Russian officials have denounced as &quot;absurd&quot; US accusations that it is using cyber activity to meddle in the US presidential election. US officials have yet to issue firm attribution for recent attacks on the Democratic National Committee, local voter registration databases, and think tanks. 
In 2015, Obama issued an executive order enabling the use of economic sanctions in response to malicious cyber actors. ...
</topic_text>
<spam_score>0.00</spam_score>
<post_num>1</post_num>
<post_id>post-1</post_id>
<post_url>http://sputniknews.com/world/20160830/1044788012/us-cyber-russia-china.html</post_url>
<post_date>20160830</post_date>
<post_time>1634</post_time>
<username></username>
<post>
Obama Must Weigh Deterrence Over Legacy in Cyber Talks with Russia, China © AP Photo/ Susan Walsh 0 157 0 1 Former State Department Deputy Assistant Secretary for Eurasian Affairs Heather Conley said that he hopes US President Barack Obama raises the cyber question on the meetings with Russian President Vladimir Putin and Chinese President Xi Xinping. © Photo: Pixabay China Invites Microsoft, Intel to Join Elaboration of Cybersecurity Standards WASHINGTON (Sputnik) — President Barack Obama must choose whether he will impose costs on alleged Russian and Chinese hackers or risk impacting his legacy in his final months in office, former US officials said at a Center for Strategic and International Studies press briefing on Tuesday. &quot;Administrations in the last six months, historically, are loathe to impose costs,&quot; former US National Security Council Director for Asian Affairs Michael Green said, addressing the possibility of a US response to alleged Chinese and Russian cyberattacks. 
Green explained that presidents are not likely to levy new costs in foreign policy at the end of their term that might &quot;risk creating a crisis&quot; for their successor, or that could &quot;ruin [their] legacy&quot; if the affected nation retaliates. 
Next week, Obama is expected to meet individually with Russian President Vladimir Putin and Chinese President Xi Xinping on the sidelines of the G-20 Summit in Beijing. It is likely that Obama will raise ongoing US concerns over alleged Chinese cyber espionage and recent attacks on US institutions, informally attributed to Russia at those meetings. &quot;I certainly hope President Obama raises the cyber question,&quot; former State Department Deputy Assistant Secretary for Eurasian Affairs Heather Conley said. © AP Photo/ Gerald Herbert Obama Fears China, Russia Approaching US Cyber Capabilities Conley warned that the longer the United States debates the issue of imposing costs for malicious cyber activity, &quot;our lack of resolve then messages to those using these tools… there is really not that cost imposition.&quot;
Russian officials have denounced as &quot;absurd&quot; US accusations that it is using cyber activity to meddle in the US presidential election. US officials have yet to issue firm attribution for recent attacks on the Democratic National Committee, local voter registration databases, and think tanks. 
In 2015, Obama issued an executive order enabling the use of economic sanctions in response to malicious cyber actors. ...
</post>
<signature>

</signature>
<external_links>

</external_links>
<country>RU</country>
<main_image>https://cdn1.img.sputniknews.com/images/104132/69/1041326967.jpg</main_image>
</document>
