<?xml version="1.0" encoding="UTF-8"?>
<document>
<type>mainstream</type>
<forum></forum>
<forum_title></forum_title>
<discussion_title>Paletas de color que se adaptan al color más feo de Pantone | paredro.com</discussion_title>
<language>spanish</language>
<gmt_offset></gmt_offset>
<topic_url>http://www.paredro.com/paletas-de-color-que-se-adaptan-al-color-mas-feo-de-pantone/</topic_url>
<topic_text>
Paletas de color que se adaptan al color más feo de Pantone El color rechazado encontró lugar en algunas combinaciones por 0 Comments 
Después de que se declaró que el tono 448c de Pantone es el color más feo del mundo , algunos diseñadores ofrecieron sus opiniones sobre el color y claro que sí se merece el título negativo, pero hiceron algo por el tono con el objetivo de que integre. 
Y en el blog de Logo Design Guru quisieron demostrar que no están de acuerdo con que el tono marrón verdoso es el más feo de los colores , por eso crearon una colección de paletas de colores donde el 4448c se adapta. 
Cada una de las paletas de colores están inspirada en cuentos de hagas, en las que se incluyen a la Sirenita, Blanca Nieves y los Siete Enados, Hansel y Gretes, entre otras. 
El color repudiado por muchos se integró perfectamente a las paletas de colores , opina y dinos si todavía parece el color más feo del mundo. 
</topic_text>
<spam_score>0.23</spam_score>
<post_num>1</post_num>
<post_id>post-1</post_id>
<post_url>http://www.paredro.com/paletas-de-color-que-se-adaptan-al-color-mas-feo-de-pantone/</post_url>
<post_date>20160830</post_date>
<post_time></post_time>
<username>Argelia Rivera</username>
<post>
Paletas de color que se adaptan al color más feo de Pantone El color rechazado encontró lugar en algunas combinaciones por 0 Comments 
Después de que se declaró que el tono 448c de Pantone es el color más feo del mundo , algunos diseñadores ofrecieron sus opiniones sobre el color y claro que sí se merece el título negativo, pero hiceron algo por el tono con el objetivo de que integre. 
Y en el blog de Logo Design Guru quisieron demostrar que no están de acuerdo con que el tono marrón verdoso es el más feo de los colores , por eso crearon una colección de paletas de colores donde el 4448c se adapta. 
Cada una de las paletas de colores están inspirada en cuentos de hagas, en las que se incluyen a la Sirenita, Blanca Nieves y los Siete Enados, Hansel y Gretes, entre otras. 
El color repudiado por muchos se integró perfectamente a las paletas de colores , opina y dinos si todavía parece el color más feo del mundo. 
</post>
<signature>

</signature>
<external_links>

</external_links>
<country>US</country>
<main_image>http://paredrocdnzone1.grupodecomunicac.netdna-cdn.com/wp-content/uploads/2016/08/1.png</main_image>
</document>
