<?xml version="1.0" encoding="UTF-8"?>
<document>
<type>mainstream</type>
<forum>https://www.ktipp.ch/rss/tests</forum>
<forum_title>K-Tipp - Test</forum_title>
<discussion_title>Günstige Klingen schneiden gut ab</discussion_title>
<language>german</language>
<gmt_offset></gmt_offset>
<topic_url>https://www.ktipp.ch/tests/tests/detail/d/guenstige-klingen-schneiden-gut-ab/</topic_url>
<topic_text>
Günstige Klingen schneiden gut ab   
von Andreas Schildknecht, Redaktion K-Tipp/saldo Der saldo-Test zeigt: Der günstige Nassrasierer von Coop hält mit den teuren Markenprodukten von Gillette und Wilkinson mit. Abspülen: Kaltes Wasser nach der Rasur lindert Hautirritationen (Bild: iSTOCK) Blutige Überraschungen sind beim Nassrasieren mit modernen Mehrklingenrasierern die Ausnahme. Mit drei bis sechs Messern pro Klingenblock gleiten die Rasierer schonend über die Gesichtshaut. saldo und die TV-Sendung «Kassensturz» wollten wissen, welcher Nassrasierer im Praxistest die gründlichste und sanfteste Rasur liefert. Geprüft wurden acht Mehrweg-Rasier-Systeme sowie zwei Wegwerfrasierer. Alle Modelle verfügen über drei bis sechs Messer pro Klingenblock. 15 Männer rasierten sich täglich in Test-Badezimmern mit verschiedenen Rasierern (siehe «So wurde getestet» unten). Eine separate Gruppe von Männern mit besonders starken Barthaaren führte zudem einen Abnutzungstest durch. Diese Männer rasierten sich so oft, bis die Rasierklingen stumpf waren. Die Lebensdauer ist neben einer angenehmen Rasur ein wichtiges Kaufkriterium. Denn die Preise für Ersatzklingen sind sehr hoch. [...] Achtung: Kostenpflichtiger Artikel
</topic_text>
<spam_score>0.00</spam_score>
<post_num>1</post_num>
<post_id>post-1</post_id>
<post_url>https://www.ktipp.ch/tests/tests/detail/d/guenstige-klingen-schneiden-gut-ab/</post_url>
<post_date>20160827</post_date>
<post_time>0013</post_time>
<username>Andreas Schildknecht, Redaktion K-Tipp/saldo</username>
<post>
Günstige Klingen schneiden gut ab   
von Andreas Schildknecht, Redaktion K-Tipp/saldo Der saldo-Test zeigt: Der günstige Nassrasierer von Coop hält mit den teuren Markenprodukten von Gillette und Wilkinson mit. Abspülen: Kaltes Wasser nach der Rasur lindert Hautirritationen (Bild: iSTOCK) Blutige Überraschungen sind beim Nassrasieren mit modernen Mehrklingenrasierern die Ausnahme. Mit drei bis sechs Messern pro Klingenblock gleiten die Rasierer schonend über die Gesichtshaut. saldo und die TV-Sendung «Kassensturz» wollten wissen, welcher Nassrasierer im Praxistest die gründlichste und sanfteste Rasur liefert. Geprüft wurden acht Mehrweg-Rasier-Systeme sowie zwei Wegwerfrasierer. Alle Modelle verfügen über drei bis sechs Messer pro Klingenblock. 15 Männer rasierten sich täglich in Test-Badezimmern mit verschiedenen Rasierern (siehe «So wurde getestet» unten). Eine separate Gruppe von Männern mit besonders starken Barthaaren führte zudem einen Abnutzungstest durch. Diese Männer rasierten sich so oft, bis die Rasierklingen stumpf waren. Die Lebensdauer ist neben einer angenehmen Rasur ein wichtiges Kaufkriterium. Denn die Preise für Ersatzklingen sind sehr hoch. [...] Achtung: Kostenpflichtiger Artikel
</post>
<signature>

</signature>
<external_links>

</external_links>
<country>CH</country>
<main_image>https://www.ktipp.ch/image/?m=Artikel&amp;rid=1104718&amp;attr=bild&amp;thumb=thumb_XVYWId_resize_300_200.jpg</main_image>
</document>
