<?xml version="1.0" encoding="UTF-8"?>
<document>
<type>mainstream</type>
<forum>http://feeds.feedblitz.com/previouslytv</forum>
<forum_title>Previously.TV</forum_title>
<discussion_title>The RHONJ Get A Little Too Relaxed During Their &apos;Spa&apos;-Cation :: A trip to the spa can&apos;t help RHONJ&apos;s bloat. Who&apos;s to blame? (Everyone!) [The Real Housewives Of New Jersey]</discussion_title>
<language>english</language>
<gmt_offset></gmt_offset>
<topic_url>http://previously.tv/the-real-housewives-of-new-jersey/the-rhonj-get-a-little-too-relaxed-during-their-spa-cation/</topic_url>
<topic_text>
E07 
Last week&apos;s table-setting episode -- as covered by New Jersey Housewives expert Sarah D. Bunting, who granted me access to the short-sale New Jersey property this week -- makes sense given Tree&apos;s tagline this season. A stint at yoga camp (a.k.a. prison) has yielded a softer, more emotionally capable version of the table-flipping banshee we&apos;ve come to know and love. And that&apos;s great, really. But therein lies the problem: this once capsized ship&apos;s finally headed in the direction it&apos;s been trying to go in for years, but a third of the way through its new journey, it&apos;s playing it a little too safe. 
It&apos;s pleasant enough to see everyone getting along, but it makes this week&apos;s trip to Crystal Springs Resort -- reminiscent of a staged home on House Hunters -- feel unearned. Basically what I&apos;m saying is that the only thing I want to see resting at this stage of the game is &quot;bitch face.&quot; To the rankings! 
(Not sure what&apos;s going on? Sarah ranks the RHONJ &quot;teams&quot; every week and averages their scores over the course of the season. Least likely to make her cross the street to kick them in the tits by the end of the season &quot;wins.&quot;) Team Giudice She&apos;s cool as the cucumber Siggy picked off Jacqueline&apos;s mascara-smeared face during a colonic and ate in a moment that probably happened, but somehow wasn&apos;t aired. Whether or not she&apos;s right about attributing Jacqueline&apos;s outburst last week to a bad day with Nick, what matters most is that she&apos;s willing to move past it altogether and explore her mixed emotions about her former BFF. Moreover, it&apos;s borderline shocking when she reminisces in a talking head and says she regrets not being more alert to the fact that Nick was diagnosed with autism when she was going through her legal issues and that Jacqueline&apos;s prodding of her was really just a friend desperate for answers.
In another inspired moment, Teresa calls Joe via FaceTime -- and pretends she needs a ride because of &quot;that bitch&quot; Jacqueline. (Which, while we&apos;re talking about it, I can&apos;t decide whether Bravo has the best editors, or the absolute worst.) She or a producer -- let&apos;s face it, it was sober-sister Dolores -- shot him a text saying not to go off-script and call Jacqueline the c-word or something, but let&apos;s pretend that&apos;s not the case. Speaking of Juicy, he heads down to Little Italy to discuss his upcoming trip to the Big House with Rino (no mention of the twins, thank god) and read some cue cards about how he&apos;ll miss his family before devolving into a lovably twisted spiel about their security while he&apos;s away and the family&apos;s three attack dogs blah blah blah badda bing badda boom. Still generally the worst, this week they&apos;re the best. 
Oh, and I wouldn&apos;t worry about who&apos;s watching the kids. Sure, we got packages of the Lauritas&apos; and Gorgas&apos; kids, but the Giudices have dogs. Remember? Plus nothing&apos;s scarier than Milania. Team Laurita Were it not for what I would wager is the (alleged) mixing of pills and alcohol -- okay fair, it might just be stress -- Jacqueline could&apos;ve taken the top spot. But her frequently darting eyes and concern that other people were talking about her were a little too childish and feral, even by Housewives standards. And, cynical as it sounds, though she&apos;s not offering anything new in terms of Nick and their journey, it&apos;s as affecting as ever -- especially seeing how Tree handles being confronted by it. Scattered and generally insecure -- be it about herself as a mother, Nick&apos;s ability to perform on the same level as everyone else&apos;s children and that haunting middle-ground, her finances, or her relationship with Tree -- this week all of that makes her more relatable than, well, awful. Team Flicker It&apos;s not that she does anything of note, it&apos;s that she exists. A fantastic alternative to former network star Patti Stanger, this woman needs a spin-off. What would this episode have been were it not for her high energy?! Team Gorga Melissa&apos;s always had the most control over her image, so in a way, climbing into bed with Tree and talking about how it&apos;s like spooning with Joey minus being pressured into receptive oral sex is pretty chill given the murky Jersey swamp water that&apos;s been their relationship the past few years. Still, it&apos;s not quite enough. 
Grievances aside, I loved how she spoke about the balancing act of work versus home and fleshed it out by saying she didn&apos;t want to end up as lost as her mother did when her father passed away. Do I roll my eyes at that boutique of hers? Of course, I&apos;m only human. But it&apos;s the thought that counts. 
The real team player here, though, is Joey making what could only be dinner for the kids and coming up with, wait for it, popcorn and four chicken nuggets…both of which he burns. God love &apos;im. (For the record, he later makes fish.) Team Wakile Not pictured, and yet Kathy still brought more to the table than Dolores, who brought steak. Team Catania I like Dolores, really! But if she wants to stick around she&apos;s going to have to bring more to the table than steak she grilled and animals with liver or kidney problems, sorry. There are bright spots of blink-and-you&apos;ll-miss-it &quot;bitch face,&quot; but they&apos;re too few and far between. Plus she doesn&apos;t drink liquor. Excuse me. Season To Date Rankings
</topic_text>
<spam_score>0.00</spam_score>
<post_num>1</post_num>
<post_id>post-1</post_id>
<post_url>http://previously.tv/the-real-housewives-of-new-jersey/the-rhonj-get-a-little-too-relaxed-during-their-spa-cation/</post_url>
<post_date>20160829</post_date>
<post_time>1330</post_time>
<username>Jordan Veilleux</username>
<post>
E07 
Last week&apos;s table-setting episode -- as covered by New Jersey Housewives expert Sarah D. Bunting, who granted me access to the short-sale New Jersey property this week -- makes sense given Tree&apos;s tagline this season. A stint at yoga camp (a.k.a. prison) has yielded a softer, more emotionally capable version of the table-flipping banshee we&apos;ve come to know and love. And that&apos;s great, really. But therein lies the problem: this once capsized ship&apos;s finally headed in the direction it&apos;s been trying to go in for years, but a third of the way through its new journey, it&apos;s playing it a little too safe. 
It&apos;s pleasant enough to see everyone getting along, but it makes this week&apos;s trip to Crystal Springs Resort -- reminiscent of a staged home on House Hunters -- feel unearned. Basically what I&apos;m saying is that the only thing I want to see resting at this stage of the game is &quot;bitch face.&quot; To the rankings! 
(Not sure what&apos;s going on? Sarah ranks the RHONJ &quot;teams&quot; every week and averages their scores over the course of the season. Least likely to make her cross the street to kick them in the tits by the end of the season &quot;wins.&quot;) Team Giudice She&apos;s cool as the cucumber Siggy picked off Jacqueline&apos;s mascara-smeared face during a colonic and ate in a moment that probably happened, but somehow wasn&apos;t aired. Whether or not she&apos;s right about attributing Jacqueline&apos;s outburst last week to a bad day with Nick, what matters most is that she&apos;s willing to move past it altogether and explore her mixed emotions about her former BFF. Moreover, it&apos;s borderline shocking when she reminisces in a talking head and says she regrets not being more alert to the fact that Nick was diagnosed with autism when she was going through her legal issues and that Jacqueline&apos;s prodding of her was really just a friend desperate for answers.
In another inspired moment, Teresa calls Joe via FaceTime -- and pretends she needs a ride because of &quot;that bitch&quot; Jacqueline. (Which, while we&apos;re talking about it, I can&apos;t decide whether Bravo has the best editors, or the absolute worst.) She or a producer -- let&apos;s face it, it was sober-sister Dolores -- shot him a text saying not to go off-script and call Jacqueline the c-word or something, but let&apos;s pretend that&apos;s not the case. Speaking of Juicy, he heads down to Little Italy to discuss his upcoming trip to the Big House with Rino (no mention of the twins, thank god) and read some cue cards about how he&apos;ll miss his family before devolving into a lovably twisted spiel about their security while he&apos;s away and the family&apos;s three attack dogs blah blah blah badda bing badda boom. Still generally the worst, this week they&apos;re the best. 
Oh, and I wouldn&apos;t worry about who&apos;s watching the kids. Sure, we got packages of the Lauritas&apos; and Gorgas&apos; kids, but the Giudices have dogs. Remember? Plus nothing&apos;s scarier than Milania. Team Laurita Were it not for what I would wager is the (alleged) mixing of pills and alcohol -- okay fair, it might just be stress -- Jacqueline could&apos;ve taken the top spot. But her frequently darting eyes and concern that other people were talking about her were a little too childish and feral, even by Housewives standards. And, cynical as it sounds, though she&apos;s not offering anything new in terms of Nick and their journey, it&apos;s as affecting as ever -- especially seeing how Tree handles being confronted by it. Scattered and generally insecure -- be it about herself as a mother, Nick&apos;s ability to perform on the same level as everyone else&apos;s children and that haunting middle-ground, her finances, or her relationship with Tree -- this week all of that makes her more relatable than, well, awful. Team Flicker It&apos;s not that she does anything of note, it&apos;s that she exists. A fantastic alternative to former network star Patti Stanger, this woman needs a spin-off. What would this episode have been were it not for her high energy?! Team Gorga Melissa&apos;s always had the most control over her image, so in a way, climbing into bed with Tree and talking about how it&apos;s like spooning with Joey minus being pressured into receptive oral sex is pretty chill given the murky Jersey swamp water that&apos;s been their relationship the past few years. Still, it&apos;s not quite enough. 
Grievances aside, I loved how she spoke about the balancing act of work versus home and fleshed it out by saying she didn&apos;t want to end up as lost as her mother did when her father passed away. Do I roll my eyes at that boutique of hers? Of course, I&apos;m only human. But it&apos;s the thought that counts. 
The real team player here, though, is Joey making what could only be dinner for the kids and coming up with, wait for it, popcorn and four chicken nuggets…both of which he burns. God love &apos;im. (For the record, he later makes fish.) Team Wakile Not pictured, and yet Kathy still brought more to the table than Dolores, who brought steak. Team Catania I like Dolores, really! But if she wants to stick around she&apos;s going to have to bring more to the table than steak she grilled and animals with liver or kidney problems, sorry. There are bright spots of blink-and-you&apos;ll-miss-it &quot;bitch face,&quot; but they&apos;re too few and far between. Plus she doesn&apos;t drink liquor. Excuse me. Season To Date Rankings
</post>
<signature>

</signature>
<external_links>

</external_links>
<country>US</country>
<main_image>http://previously.tv/m/2016-08-29-rhonj.jpg</main_image>
</document>
