<?xml version="1.0" encoding="UTF-8"?>
<document>
<type>mainstream</type>
<forum>http://savannahnow.com/crime</forum>
<forum_title>Crime &amp;amp; Courts | SavannahNow</forum_title>
<discussion_title>Rincon Police: The time to pay is before officers arrive | SavannahNow</discussion_title>
<language>english</language>
<gmt_offset></gmt_offset>
<topic_url>http://savannahnow.com/crime-courts-effingham-now-news/2016-08-26/rincon-police-time-pay-officers-arrive</topic_url>
<topic_text>
From incident reports at the Rincon Police Department:
Bad tenants
Aug. 8: An officer documented damages that renters did to a house on Richland Avenue. The house was infested with roaches and “extremely unsanitary.” The renters also failed to pay a $927 power bill and $277 water bill.
</topic_text>
<spam_score>0.12</spam_score>
<post_num>1</post_num>
<post_id>post-1</post_id>
<post_url>http://savannahnow.com/crime-courts-effingham-now-news/2016-08-26/rincon-police-time-pay-officers-arrive</post_url>
<post_date>20160826</post_date>
<post_time>1048</post_time>
<username>DispatchDaemon</username>
<post>
From incident reports at the Rincon Police Department:
Bad tenants
Aug. 8: An officer documented damages that renters did to a house on Richland Avenue. The house was infested with roaches and “extremely unsanitary.” The renters also failed to pay a $927 power bill and $277 water bill.
</post>
<signature>

</signature>
<external_links>

</external_links>
<country>US</country>
<main_image>http://savannahnow.com/sites/default/files/images/article/photos/Blue_RINCON%20COPS_Cops.jpg</main_image>
</document>
