<?xml version="1.0" encoding="UTF-8"?>
<document>
<type>mainstream</type>
<forum>http://www.sputniknews.com/export/rss2/archive/index.xml</forum>
<forum_title>Sputnik International</forum_title>
<discussion_title>Duterte Calls for De Lima’s Resignation | Fears of a Venezuela Coup</discussion_title>
<language>english</language>
<gmt_offset></gmt_offset>
<topic_url>http://sputniknews.com/radio/20160830/1044788757/Duterte-Calls-for-De-Limas-Resignation-Fears-of-Venezuela-Coup.html</topic_url>
<topic_text>
0 83 1 0 We look at the escalations in Philippines&apos; President Rodrigo Duterte’s “war on drugs” and fears that opposition protests planned for Thursday September 1st could trigger a coup d&apos;état against President Maduro’s embattled administration. / 

Today’s main stories: The President of the Philippines, Rodrigo Duterte , has suggested that a Senator leading the probe into alleged extra judicial killings under his administration should resign and &quot;hang herself&quot;. We talk to Chito Gascon , Chair of the Human Rights Commission of the Philippines. 
Demonstrations are planned this week in Venezuela amidst the ongoing economic crisis and the potential recall of President Nicolas Maduro , but government sources are concerned that the protests could escalate into a destabilising event or even a coup. We speak with Francisco Dominguez , a senior lecturer at Middlesex University, where he is head of the Centre for Brazilian and Latin American Studies, and secretary of the Venezuela Solidarity Campaign. 
You can find previous editions of World in Focus here . 
Tune in to Radio Sputnik five days a week for Sputnik’s daily current affairs programme, broadcasting live from Edinburgh Scotland, with Jack Foster and Carolyn Scott
</topic_text>
<spam_score>0.00</spam_score>
<post_num>1</post_num>
<post_id>post-1</post_id>
<post_url>http://sputniknews.com/radio/20160830/1044788757/Duterte-Calls-for-De-Limas-Resignation-Fears-of-Venezuela-Coup.html</post_url>
<post_date>20160830</post_date>
<post_time>1658</post_time>
<username></username>
<post>
0 83 1 0 We look at the escalations in Philippines&apos; President Rodrigo Duterte’s “war on drugs” and fears that opposition protests planned for Thursday September 1st could trigger a coup d&apos;état against President Maduro’s embattled administration. / 

Today’s main stories: The President of the Philippines, Rodrigo Duterte , has suggested that a Senator leading the probe into alleged extra judicial killings under his administration should resign and &quot;hang herself&quot;. We talk to Chito Gascon , Chair of the Human Rights Commission of the Philippines. 
Demonstrations are planned this week in Venezuela amidst the ongoing economic crisis and the potential recall of President Nicolas Maduro , but government sources are concerned that the protests could escalate into a destabilising event or even a coup. We speak with Francisco Dominguez , a senior lecturer at Middlesex University, where he is head of the Centre for Brazilian and Latin American Studies, and secretary of the Venezuela Solidarity Campaign. 
You can find previous editions of World in Focus here . 
Tune in to Radio Sputnik five days a week for Sputnik’s daily current affairs programme, broadcasting live from Edinburgh Scotland, with Jack Foster and Carolyn Scott
</post>
<signature>

</signature>
<external_links>

</external_links>
<country>RU</country>
<main_image>https://cdn5.img.sputniknews.com/images/104325/21/1043252166.png</main_image>
</document>
