<?xml version="1.0" encoding="UTF-8"?>
<document>
<type>mainstream</type>
<forum>http://www.trading-house.net/rss/meldungen/</forum>
<forum_title>trading-house.net Nachrichtenfeed</forum_title>
<discussion_title>Antrim Announces Results of Annual and Special Meeting and Director Update</discussion_title>
<language>english</language>
<gmt_offset></gmt_offset>
<topic_url>http://www.trading-house.net/news/antrim-announces-results-of-annual-and-special-meeting-and-director-update-50947054</topic_url>
<topic_text>
31.08.2016 - 01:28 Uhr Antrim Announces Results of Annual and Special Meeting and Director Update CALGARY, ALBERTA--(Marketwired - Aug. 30, 2016) - NOT FOR DISTRIBUTION TO U.S. NEWS WIRE SERVICES OR DISSEMINATION IN THE U.S. Antrim Energy Inc. (&quot;Antrim&quot; or the &quot;Corporation&quot;) (TSX VENTURE:AEN)(AIM:AEY), an international oil and …
</topic_text>
<spam_score>0.00</spam_score>
<post_num>1</post_num>
<post_id>post-1</post_id>
<post_url>http://www.trading-house.net/news/antrim-announces-results-of-annual-and-special-meeting-and-director-update-50947054</post_url>
<post_date>20160830</post_date>
<post_time>2328</post_time>
<username></username>
<post>
31.08.2016 - 01:28 Uhr Antrim Announces Results of Annual and Special Meeting and Director Update CALGARY, ALBERTA--(Marketwired - Aug. 30, 2016) - NOT FOR DISTRIBUTION TO U.S. NEWS WIRE SERVICES OR DISSEMINATION IN THE U.S. Antrim Energy Inc. (&quot;Antrim&quot; or the &quot;Corporation&quot;) (TSX VENTURE:AEN)(AIM:AEY), an international oil and …
</post>
<signature>

</signature>
<external_links>

</external_links>
<country>DE</country>
<main_image></main_image>
</document>
