<?xml version="1.0" encoding="UTF-8"?>
<document>
<type>mainstream</type>
<forum>http://www.trading-house.net/rss/meldungen/</forum>
<forum_title>trading-house.net Nachrichtenfeed</forum_title>
<discussion_title>Mehrheit für Amtsenthebung fast sicher</discussion_title>
<language>german</language>
<gmt_offset></gmt_offset>
<topic_url>http://www.trading-house.net/news/mehrheit-fuer-amtsenthebung-fast-sicher-50947189</topic_url>
<topic_text>
31.08.2016 - 02:13 Uhr Mehrheit für Amtsenthebung fast sicher brasilia. Brasiliens Präsidentin Dilma Rousseff von der linken Arbeiterpartei steht vor der Amtsenthebung. Vor den finalen Beratungen am Dienstag und der Abstimmung im Senat zeichnete sich eine Zweidrittelmehrheit dafür ab. Notwendig sind 54 Stimmen der 81 Senatoren. Rund 50 haben ihre Zustimmung klar signalisiert, knapp 20 wollen mit „Nein“ stimmen. Die meisten der sich noch bedeckt […]
</topic_text>
<spam_score>0.00</spam_score>
<post_num>1</post_num>
<post_id>post-1</post_id>
<post_url>http://www.trading-house.net/news/mehrheit-fuer-amtsenthebung-fast-sicher-50947189</post_url>
<post_date>20160831</post_date>
<post_time>0013</post_time>
<username></username>
<post>
31.08.2016 - 02:13 Uhr Mehrheit für Amtsenthebung fast sicher brasilia. Brasiliens Präsidentin Dilma Rousseff von der linken Arbeiterpartei steht vor der Amtsenthebung. Vor den finalen Beratungen am Dienstag und der Abstimmung im Senat zeichnete sich eine Zweidrittelmehrheit dafür ab. Notwendig sind 54 Stimmen der 81 Senatoren. Rund 50 haben ihre Zustimmung klar signalisiert, knapp 20 wollen mit „Nein“ stimmen. Die meisten der sich noch bedeckt […]
</post>
<signature>

</signature>
<external_links>

</external_links>
<country>DE</country>
<main_image></main_image>
</document>
