<?xml version="1.0" encoding="UTF-8"?>
<document>
<type>mainstream</type>
<forum>http://www.euractiv.com/rss.xml</forum>
<forum_title>EurActiv.com</forum_title>
<discussion_title>TTIP deal alive and well, insists Commission</discussion_title>
<language>english</language>
<gmt_offset></gmt_offset>
<topic_url>http://www.euractiv.com/section/trade-society/video/ttip-deal-alive-and-well-insists-commission/</topic_url>
<topic_text>
The European Commission today (29 August) insisted that it stood ready to finalise TTIP by the end of the year, after a leading German minister said the EU-US trade deal was dead in the water.
“The ball is rolling right now. The Commission is making steady progress,” Commission spokesman Margaritis Schinas said when asked about comments by German Vice Chancellor and Economy Minister Sigmar Gabriel that the talks had “failed.”
Germany says TTIP dead in the water Germany’s Vice Chancellor and Economy Minister, Sigmar Gabriel, said yesterday (28 August) that negotiations on the so-called Transatlantic Trade and Investment Partnership – or TTIP – between the EU and the US were effectively dead in the water.
EurActiv.com 
“Talks are now indeed entering a crucial stage but … provided the conditions are right, the Commission stands ready to close this deal by the end of the year,” Schinas said.
The US is also pushing to close the deal before the end of 2016, conscious of the impeding elections that could imperil the deal.
TTIP talks need swift progress to avoid Trump threat Transatlantic Trade and Investment Partnership (TTIP) negotiators must soon strike deals on market access for services and certification of regulatory standards, sources have said, if the EU-US trade deal is to be struck before the end of the Obama Administration.
EurActiv.com 
Commission President Jean-Claude Juncker has made clear “the Commission will not sacrifice Europe’s social health and its data protection standards, nor its cultural diversity on the altar of free trade,” Schinas said.
Asked whether TTIP could go through without support from Germany, the EU’s paymaster and largest economy, he said Juncker had won fresh backing for the negotiations from all bloc leaders at a summit in July.
“At the last (summit) precisely because we were entering this difficult and complex stage, President Juncker addressed his counterparts, checking whether there was political backing to conclude the deal by the end of the year,” Schinas said.
“We did not feel that there was a lack of support … we received the mandate to conclude these negotiations,” he said.
</topic_text>
<spam_score>0.00</spam_score>
<post_num>1</post_num>
<post_id>post-1</post_id>
<post_url>http://www.euractiv.com/section/trade-society/video/ttip-deal-alive-and-well-insists-commission/</post_url>
<post_date>20160829</post_date>
<post_time>1439</post_time>
<username>EurActiv.com</username>
<post>
The European Commission today (29 August) insisted that it stood ready to finalise TTIP by the end of the year, after a leading German minister said the EU-US trade deal was dead in the water.
“The ball is rolling right now. The Commission is making steady progress,” Commission spokesman Margaritis Schinas said when asked about comments by German Vice Chancellor and Economy Minister Sigmar Gabriel that the talks had “failed.”
Germany says TTIP dead in the water Germany’s Vice Chancellor and Economy Minister, Sigmar Gabriel, said yesterday (28 August) that negotiations on the so-called Transatlantic Trade and Investment Partnership – or TTIP – between the EU and the US were effectively dead in the water.
EurActiv.com 
“Talks are now indeed entering a crucial stage but … provided the conditions are right, the Commission stands ready to close this deal by the end of the year,” Schinas said.
The US is also pushing to close the deal before the end of 2016, conscious of the impeding elections that could imperil the deal.
TTIP talks need swift progress to avoid Trump threat Transatlantic Trade and Investment Partnership (TTIP) negotiators must soon strike deals on market access for services and certification of regulatory standards, sources have said, if the EU-US trade deal is to be struck before the end of the Obama Administration.
EurActiv.com 
Commission President Jean-Claude Juncker has made clear “the Commission will not sacrifice Europe’s social health and its data protection standards, nor its cultural diversity on the altar of free trade,” Schinas said.
Asked whether TTIP could go through without support from Germany, the EU’s paymaster and largest economy, he said Juncker had won fresh backing for the negotiations from all bloc leaders at a summit in July.
“At the last (summit) precisely because we were entering this difficult and complex stage, President Juncker addressed his counterparts, checking whether there was political backing to conclude the deal by the end of the year,” Schinas said.
“We did not feel that there was a lack of support … we received the mandate to conclude these negotiations,” he said.
</post>
<signature>

</signature>
<external_links>

</external_links>
<country>BG</country>
<main_image>http://www.euractiv.com/wp-content/uploads/sites/2/2016/08/TTIP-800x450.jpg</main_image>
</document>
