<?xml version="1.0" encoding="UTF-8"?>
<document>
<type>mainstream</type>
<forum>http://feeds.feedblitz.com/previouslytv</forum>
<forum_title>Previously.TV</forum_title>
<discussion_title>Watch Vice Principals Stars Walton Goggins And Danny McBride Play Dirtbag Versions Of Brand Mascots :: &apos;Who hasn&apos;t done cocaine in this room?&apos; [Vice Principals]</discussion_title>
<language>english</language>
<gmt_offset></gmt_offset>
<topic_url>http://previously.tv/vice-principals/watch-vice-principals-stars-walton-goggins-and-danny-mcbride-play-dirtbag-versions-of-brand-mascots/</topic_url>
<topic_text>
Watch Vice Principals Stars Walton Goggins And Danny McBride Play Dirtbag Versions Of Brand Mascots &apos;Who hasn&apos;t done cocaine in this room?&apos; 0 
Walton Goggins and Danny McBride have spent the run of HBO&apos;s Vice Principals , to date, being absolute dicks to each other. I guess the premise of this GQ photo shoot -- in which they play dickish versions of well-known brand mascots -- jumps off from there? Whatever the reason, it&apos;s important that you see Goggins, dressed up as a bearded Mr. Clean, doing blow.
</topic_text>
<spam_score>0.00</spam_score>
<post_num>1</post_num>
<post_id>post-1</post_id>
<post_url>http://previously.tv/vice-principals/watch-vice-principals-stars-walton-goggins-and-danny-mcbride-play-dirtbag-versions-of-brand-mascots/</post_url>
<post_date>20160829</post_date>
<post_time>1745</post_time>
<username>Tara Ariano</username>
<post>
Watch Vice Principals Stars Walton Goggins And Danny McBride Play Dirtbag Versions Of Brand Mascots &apos;Who hasn&apos;t done cocaine in this room?&apos; 0 
Walton Goggins and Danny McBride have spent the run of HBO&apos;s Vice Principals , to date, being absolute dicks to each other. I guess the premise of this GQ photo shoot -- in which they play dickish versions of well-known brand mascots -- jumps off from there? Whatever the reason, it&apos;s important that you see Goggins, dressed up as a bearded Mr. Clean, doing blow.
</post>
<signature>

</signature>
<external_links>

</external_links>
<country>US</country>
<main_image>http://previously.tv/m/2016-08-29-vice-principals.jpg</main_image>
</document>
