<?xml version="1.0" encoding="UTF-8"?>
<document>
<type>mainstream</type>
<forum>http://westminsterwindow.com/rss</forum>
<forum_title>Westminster Window - Latest Stories</forum_title>
<discussion_title>Mapleton board puts $150M bond measure on ballot</discussion_title>
<language>english</language>
<gmt_offset></gmt_offset>
<topic_url>http://westminsterwindow.com/stories/Mapleton-board-puts-150M-bond-measure-on-ballot,234525</topic_url>
<topic_text>
Mapleton board puts $150M bond measure on ballot Riding wave of community support, district requests $3M mill levy override Posted Monday, August 29, 2016 4:51 pm Taxpayer costs 
Mapleton Public Schools have approved putting a $150 million bond request and a $3 million mill levy override on the November General Election ballot. 
District officials said the cost of the bond and mill levy will be phased in over a three-year period. By 2019, the cost per $100,000 assessed value of a home will top out at about $110 per year, or just more than $9 per month. 
District residents by 2019 would pay an additional $2.17 per month, or $26 per years, to fund the $3 million mill levy; the $150 million bond would cost property owners an additional $7 per month or about $84 per year. 
— Figures provided by Mapleton Public Schools. Staff report 
Mapleton Public Schools officials said community support played a large role in the decision to move forward with a $150 million bond request to be put to vote on the November ballot. 
The Mapleton Board of Education on Aug. 23 unanimously voted in favor of the measure, which includes a $3 million mill levy override. 
During a standing-room only meeting, many community members and parents spoke prior to the vote, for the most part unified in a vision of equal access to quality education and opportunities for safe and secure learning for all students in the Mapleton district, which includes 25 square miles of North Denver and Adams County and serves about 8,000 students. 
“I urge the board to move forward with placing this on the ballot because I’ve watched our community work so hard over the years to give all of our kids the buildings and resources they need,” said one Mapleton parent, Chris Kemm. 
“Our buildings do not reflect the quality of the kids and teachers in them,” added another, Mapleton employee and parent Ronaldo Ortiz. 
The bond proposal is a facilities reinvestment plan that will pay for replacements, renovations and/or repairs to nearly every school in Mapleton. Many of the district’s schools are as old as the district itself — about 60 years old — and are in dire need of repair. The bond would also fund the construction of new schools, planned in the Midtown development and in the northern area of the district. 
“Sixty years ago when this district began, members of the Mapleton community invested in our kids and now we have a chance to do the same for the next generation of students,” said Mapleton Board of Education President Ken Winslow. “This is monumental and a huge step for us. With this money we plan to move forward for the next 60 years. It’s something our community wants and our children deserve.” 
In February, the district convened the Facilities Task Force, made up of more than 100 parents, staff and community members. Over the course of four months, the task force studied the current state of Mapleton’s schools and made recommendations to the board, which included placing a bond measure on the November ballot. 
Mapleton has been given approval for a Building Excellent Schools Today (BEST) grant from the state of Colorado to build a new Adventure Elementary School, but will need matching funds from the Mapleton community in order to receive the grant. 
In addition, the $3 million mill levy override will be used to enhance classroom materials and equipment; create a high school career technology program; help maintain both existing and new school buildings and grounds; and attract and retain highly-qualified staff to work with Mapleton students. 
For more information, go online to www.mapleton.us. Keywords
</topic_text>
<spam_score>0.00</spam_score>
<post_num>1</post_num>
<post_id>post-1</post_id>
<post_url>http://westminsterwindow.com/stories/Mapleton-board-puts-150M-bond-measure-on-ballot,234525</post_url>
<post_date>20160830</post_date>
<post_time>2130</post_time>
<username></username>
<post>
Mapleton board puts $150M bond measure on ballot Riding wave of community support, district requests $3M mill levy override Posted Monday, August 29, 2016 4:51 pm Taxpayer costs 
Mapleton Public Schools have approved putting a $150 million bond request and a $3 million mill levy override on the November General Election ballot. 
District officials said the cost of the bond and mill levy will be phased in over a three-year period. By 2019, the cost per $100,000 assessed value of a home will top out at about $110 per year, or just more than $9 per month. 
District residents by 2019 would pay an additional $2.17 per month, or $26 per years, to fund the $3 million mill levy; the $150 million bond would cost property owners an additional $7 per month or about $84 per year. 
— Figures provided by Mapleton Public Schools. Staff report 
Mapleton Public Schools officials said community support played a large role in the decision to move forward with a $150 million bond request to be put to vote on the November ballot. 
The Mapleton Board of Education on Aug. 23 unanimously voted in favor of the measure, which includes a $3 million mill levy override. 
During a standing-room only meeting, many community members and parents spoke prior to the vote, for the most part unified in a vision of equal access to quality education and opportunities for safe and secure learning for all students in the Mapleton district, which includes 25 square miles of North Denver and Adams County and serves about 8,000 students. 
“I urge the board to move forward with placing this on the ballot because I’ve watched our community work so hard over the years to give all of our kids the buildings and resources they need,” said one Mapleton parent, Chris Kemm. 
“Our buildings do not reflect the quality of the kids and teachers in them,” added another, Mapleton employee and parent Ronaldo Ortiz. 
The bond proposal is a facilities reinvestment plan that will pay for replacements, renovations and/or repairs to nearly every school in Mapleton. Many of the district’s schools are as old as the district itself — about 60 years old — and are in dire need of repair. The bond would also fund the construction of new schools, planned in the Midtown development and in the northern area of the district. 
“Sixty years ago when this district began, members of the Mapleton community invested in our kids and now we have a chance to do the same for the next generation of students,” said Mapleton Board of Education President Ken Winslow. “This is monumental and a huge step for us. With this money we plan to move forward for the next 60 years. It’s something our community wants and our children deserve.” 
In February, the district convened the Facilities Task Force, made up of more than 100 parents, staff and community members. Over the course of four months, the task force studied the current state of Mapleton’s schools and made recommendations to the board, which included placing a bond measure on the November ballot. 
Mapleton has been given approval for a Building Excellent Schools Today (BEST) grant from the state of Colorado to build a new Adventure Elementary School, but will need matching funds from the Mapleton community in order to receive the grant. 
In addition, the $3 million mill levy override will be used to enhance classroom materials and equipment; create a high school career technology program; help maintain both existing and new school buildings and grounds; and attract and retain highly-qualified staff to work with Mapleton students. 
For more information, go online to www.mapleton.us. Keywords
</post>
<signature>

</signature>
<external_links>

</external_links>
<country>US</country>
<main_image>/images/nameplates/og/westminster_og.png </main_image>
</document>
