<?xml version="1.0" encoding="UTF-8"?>
<document>
<type>mainstream</type>
<forum></forum>
<forum_title></forum_title>
<discussion_title>» Editor’s Pick: T. Neal ‘Come To The Money’ Ft. Ricco Barrino and Colonel Loud</discussion_title>
<language>english</language>
<gmt_offset></gmt_offset>
<topic_url>http://www.thehypemagazine.com/2016/08/editors-pick-t-neal-come-to-the-money-ft-ricco-barrino-and-colonel-loud/</topic_url>
<topic_text>
Published on August 31st, 2016 | by Jerry Doby 0 Editor’s Pick: T. Neal ‘Come To The Money’ Ft. Ricco Barrino and Colonel Loud 
Come To The Money by T. Neal ( @ IAMTONYNEAL ), Ricco Barrino ( @RICCOBARRINO ) and Colonel Loud ( @ ColonelLoud ), is sweeping the country via terrestrial, satellite and internet radio… at the same damn time! Not to mention, the clubs are rocking it and I’m checking out the ladies working on a line dance . When the grown folks pick it up nowadays, it usually signals a joint that will stand the test of time. And guess what…it’s in time to make the GRAMMY ballot, at least 1st round, we’ll see if the industry see’s what I do…excellence, disruption and reclamation of some home grown *ish…Soulful Music. I’m excited about the reenergized sounds coming through…am I showing my age and maturity? I certainly hope so. 
About T. Neal 
DJ Tony Neal is CEO of The Core DJs , the largest and most influential association of professional radio DJs in the world. He is also a Source Magazine Power 30 DJ two years in a row. Neal holds positions with multiple radio stations and has a weekly mix show on SiriusXM radio Shade45. 
Overall Rating: 5 /5 for bringing a collective of sounds perfectly meshed with voices that have the timbre and expanded vocal skills to set this joint off like an A-Bomb. The song is pure dope and its movement is explosive…check out the visuals below! Share this: 
</topic_text>
<spam_score>0.09</spam_score>
<post_num>1</post_num>
<post_id>post-1</post_id>
<post_url>http://www.thehypemagazine.com/2016/08/editors-pick-t-neal-come-to-the-money-ft-ricco-barrino-and-colonel-loud/</post_url>
<post_date>20160831</post_date>
<post_time></post_time>
<username>Jerry Doby</username>
<post>
Published on August 31st, 2016 | by Jerry Doby 0 Editor’s Pick: T. Neal ‘Come To The Money’ Ft. Ricco Barrino and Colonel Loud 
Come To The Money by T. Neal ( @ IAMTONYNEAL ), Ricco Barrino ( @RICCOBARRINO ) and Colonel Loud ( @ ColonelLoud ), is sweeping the country via terrestrial, satellite and internet radio… at the same damn time! Not to mention, the clubs are rocking it and I’m checking out the ladies working on a line dance . When the grown folks pick it up nowadays, it usually signals a joint that will stand the test of time. And guess what…it’s in time to make the GRAMMY ballot, at least 1st round, we’ll see if the industry see’s what I do…excellence, disruption and reclamation of some home grown *ish…Soulful Music. I’m excited about the reenergized sounds coming through…am I showing my age and maturity? I certainly hope so. 
About T. Neal 
DJ Tony Neal is CEO of The Core DJs , the largest and most influential association of professional radio DJs in the world. He is also a Source Magazine Power 30 DJ two years in a row. Neal holds positions with multiple radio stations and has a weekly mix show on SiriusXM radio Shade45. 
Overall Rating: 5 /5 for bringing a collective of sounds perfectly meshed with voices that have the timbre and expanded vocal skills to set this joint off like an A-Bomb. The song is pure dope and its movement is explosive…check out the visuals below! Share this: 
</post>
<signature>

</signature>
<external_links>

</external_links>
<country>US</country>
<main_image>http://www.thehypemagazine.com/wp-content/uploads/2016/08/073112-topic-music-dj-tony-neal.jpg</main_image>
</document>
