<?xml version="1.0" encoding="UTF-8"?>
<document>
<type>mainstream</type>
<forum></forum>
<forum_title></forum_title>
<discussion_title>Perpetual Free Copy Paper at Staples – Jinx and Juju</discussion_title>
<language>english</language>
<gmt_offset></gmt_offset>
<topic_url>https://jinxandjuju.com/2016/08/31/perpetual-free-copy-paper-at-staples/</topic_url>
<topic_text>

If you are willing to spend about $9.00 upfront you can get free copy paper perpetually from Staples (you have to be willing to go into the store). 
Here’s how it works: First, click this . 
Second, scroll down on the Staples coupon page until you see the coupon for Hammermill 8 x 11 copy paper for 1¢. 
Follow prompt to print the coupon. 
THEN: 
Go into Staples, find the copy paper and take to register. Give cashier the coupon. 
It will total (with tax) around $9.00. Pay out of pocket for this. 
Keep receipt and rebate form. 
You can either mail the rebate in or go online and fill the rebate form out. (Either way, it takes just a minute.) 
In a couple of weeks, in the mail, you will receive a Staples prepaid debit card. Save it. 
The next time you need computer paper, look for the same coupon on staples.com. 
Go into Staples, buy same copy paper and use your Staples debit card to pay. (It will be for the exact amount.) 
Repeat, repeat, repeat! 
I realize for some this will be too much trouble, but for the frugal folks – it will be right up your alley! Share this: 
</topic_text>
<spam_score>0.59</spam_score>
<post_num>1</post_num>
<post_id>post-1</post_id>
<post_url>https://jinxandjuju.com/2016/08/31/perpetual-free-copy-paper-at-staples/</post_url>
<post_date>20160831</post_date>
<post_time></post_time>
<username></username>
<post>

If you are willing to spend about $9.00 upfront you can get free copy paper perpetually from Staples (you have to be willing to go into the store). 
Here’s how it works: First, click this . 
Second, scroll down on the Staples coupon page until you see the coupon for Hammermill 8 x 11 copy paper for 1¢. 
Follow prompt to print the coupon. 
THEN: 
Go into Staples, find the copy paper and take to register. Give cashier the coupon. 
It will total (with tax) around $9.00. Pay out of pocket for this. 
Keep receipt and rebate form. 
You can either mail the rebate in or go online and fill the rebate form out. (Either way, it takes just a minute.) 
In a couple of weeks, in the mail, you will receive a Staples prepaid debit card. Save it. 
The next time you need computer paper, look for the same coupon on staples.com. 
Go into Staples, buy same copy paper and use your Staples debit card to pay. (It will be for the exact amount.) 
Repeat, repeat, repeat! 
I realize for some this will be too much trouble, but for the frugal folks – it will be right up your alley! Share this: 
</post>
<signature>

</signature>
<external_links>

</external_links>
<country>US</country>
<main_image>https://jinxandjujudotcom.files.wordpress.com/2016/08/sonic-drive-in.jpg?w=1200</main_image>
</document>
