<?xml version="1.0" encoding="UTF-8"?>
<document>
<type>mainstream</type>
<forum></forum>
<forum_title></forum_title>
<discussion_title>Cómo saber si un lunar es peligroso | Actualidad Venezuela</discussion_title>
<language>spanish</language>
<gmt_offset></gmt_offset>
<topic_url>http://actualidadvenezuela.org/2016/08/30/como-saber-si-un-lunar-es-peligroso/</topic_url>
<topic_text>
Cómo saber si un lunar es peligroso 30.08.16, 8:35 pm / Imprimir · Enviar por Email 
La forma que presenta, el color y las dolencias solo algunas de las características para evaluar las posibles anomalías de un lunar 
De forma natural la piel desarrolla ciertos crecimientos y manchas que se producen específicamente por las células de pigmento llamadas: melanocitos. 
Estos pequeños bultitos suelen acompañarnos por el resto de la vida. Sin embargo, muchas veces no se le presta atención a ciertos aspectos como su forma, crecimiento, y en ocasiones el cuerpo puede estar dando señales para estar ¡Alerta! 
Un punto importante para saber si un lunar es peligroso o no es su asimetría, es decir, que no tiene formas definidas y presenta bordes irregulares. Muchas veces esto indica que puede haber un posible melanoma, y por eso es recomendable realizar un chequeo médico a tiempo. 
Otro aspecto importante es el momento de aparición. Los lunares sorpresa deben ser revisados lo antes posible, y más si su crecimiento es notario con el tiempo. Sumado a esto, el color también representa un punto a identificar. Si un lunar tiene tonos homogéneos hay posibilidades que no sea cancerigeno, en cambio cuando existen varios tonos es importante tratar el caso.Junto a esto, otros aspectos a tomar en consideración son las inflamaciones, la picadura, el sangrado o la presencia de dolencias en la zona. ¡Ojo con esto! 
DC | Eme 
</topic_text>
<spam_score>0.20</spam_score>
<post_num>1</post_num>
<post_id>post-1</post_id>
<post_url>http://actualidadvenezuela.org/2016/08/30/como-saber-si-un-lunar-es-peligroso/</post_url>
<post_date>20160831</post_date>
<post_time></post_time>
<username></username>
<post>
Cómo saber si un lunar es peligroso 30.08.16, 8:35 pm / Imprimir · Enviar por Email 
La forma que presenta, el color y las dolencias solo algunas de las características para evaluar las posibles anomalías de un lunar 
De forma natural la piel desarrolla ciertos crecimientos y manchas que se producen específicamente por las células de pigmento llamadas: melanocitos. 
Estos pequeños bultitos suelen acompañarnos por el resto de la vida. Sin embargo, muchas veces no se le presta atención a ciertos aspectos como su forma, crecimiento, y en ocasiones el cuerpo puede estar dando señales para estar ¡Alerta! 
Un punto importante para saber si un lunar es peligroso o no es su asimetría, es decir, que no tiene formas definidas y presenta bordes irregulares. Muchas veces esto indica que puede haber un posible melanoma, y por eso es recomendable realizar un chequeo médico a tiempo. 
Otro aspecto importante es el momento de aparición. Los lunares sorpresa deben ser revisados lo antes posible, y más si su crecimiento es notario con el tiempo. Sumado a esto, el color también representa un punto a identificar. Si un lunar tiene tonos homogéneos hay posibilidades que no sea cancerigeno, en cambio cuando existen varios tonos es importante tratar el caso.Junto a esto, otros aspectos a tomar en consideración son las inflamaciones, la picadura, el sangrado o la presencia de dolencias en la zona. ¡Ojo con esto! 
DC | Eme 
</post>
<signature>

</signature>
<external_links>

</external_links>
<country>DE</country>
<main_image>http://actualidadvenezuela.org/wp-content/uploads/2016/08/lunares.jpg</main_image>
</document>
