<?xml version="1.0" encoding="UTF-8"?>
<document>
<type>mainstream</type>
<forum>http://www.trading-house.net/rss/meldungen/</forum>
<forum_title>trading-house.net Nachrichtenfeed</forum_title>
<discussion_title>F/A-18-Wrack gefunden: Zerschellt an der Krete</discussion_title>
<language>german</language>
<gmt_offset></gmt_offset>
<topic_url>http://www.trading-house.net/news/f-a-18-wrack-gefunden-zerschellt-an-der-krete-50947168</topic_url>
<topic_text>
31.08.2016 - 02:08 Uhr F/A-18-Wrack gefunden: Zerschellt an der Krete Cheffluglehrer Lukas Rechsteiner flog im Heli, aus dem die abgestürzte F/A-18 entdeckt wurde. Vom Piloten fehlt noch immer jede Spur.
</topic_text>
<spam_score>0.00</spam_score>
<post_num>1</post_num>
<post_id>post-1</post_id>
<post_url>http://www.trading-house.net/news/f-a-18-wrack-gefunden-zerschellt-an-der-krete-50947168</post_url>
<post_date>20160831</post_date>
<post_time>0008</post_time>
<username></username>
<post>
31.08.2016 - 02:08 Uhr F/A-18-Wrack gefunden: Zerschellt an der Krete Cheffluglehrer Lukas Rechsteiner flog im Heli, aus dem die abgestürzte F/A-18 entdeckt wurde. Vom Piloten fehlt noch immer jede Spur.
</post>
<signature>

</signature>
<external_links>

</external_links>
<country>DE</country>
<main_image></main_image>
</document>
