<?xml version="1.0" encoding="UTF-8"?>
<document>
<type>mainstream</type>
<forum>http://feeds.feedblitz.com/previouslytv</forum>
<forum_title>Previously.TV</forum_title>
<discussion_title>Watch The Best Moments From The 2016 VMAs :: You&apos;ve got to hand it to MTV for editing Kanye&apos;s random speech into something that makes more sense. [Television]</discussion_title>
<language>english</language>
<gmt_offset></gmt_offset>
<topic_url>http://previously.tv/television/watch-the-best-moments-from-the-2016-mtv-video-music-awards/</topic_url>
<topic_text>
News Watch The Best Moments From The 2016 VMAs You&apos;ve got to hand it to MTV for editing Kanye&apos;s random speech into something that makes more sense. 0 
As per usual, the MTV VMAs were chock full of celebrities, and people you&apos;ve never heard of before who are probably celebrities on YouTube. But even if you&apos;ve been far away from the MTV scene for awhile, there are still a few people you ought to recognize -- Britney Spears, Kanye West, Rihanna, and Beyoncé, just to name a few. In case you missed the event, MTV summarized the most talked-about moments, all in the span of two minutes.
</topic_text>
<spam_score>0.00</spam_score>
<post_num>1</post_num>
<post_id>post-1</post_id>
<post_url>http://previously.tv/television/watch-the-best-moments-from-the-2016-mtv-video-music-awards/</post_url>
<post_date>20160829</post_date>
<post_time>1345</post_time>
<username>Karen Belz</username>
<post>
News Watch The Best Moments From The 2016 VMAs You&apos;ve got to hand it to MTV for editing Kanye&apos;s random speech into something that makes more sense. 0 
As per usual, the MTV VMAs were chock full of celebrities, and people you&apos;ve never heard of before who are probably celebrities on YouTube. But even if you&apos;ve been far away from the MTV scene for awhile, there are still a few people you ought to recognize -- Britney Spears, Kanye West, Rihanna, and Beyoncé, just to name a few. In case you missed the event, MTV summarized the most talked-about moments, all in the span of two minutes.
</post>
<signature>

</signature>
<external_links>

</external_links>
<country>US</country>
<main_image>http://previously.tv/m/2016-08-29-vmas.jpg</main_image>
</document>
