<?xml version="1.0" encoding="UTF-8"?>
<document>
<type>mainstream</type>
<forum></forum>
<forum_title></forum_title>
<discussion_title>4 more Ganderbal youth booked under PSA</discussion_title>
<language>english</language>
<gmt_offset></gmt_offset>
<topic_url>http://www.greaterkashmir.com/news/kashmir/4-more-ganderbal-youth-booked-under-psa/227179.html</topic_url>
<topic_text>
Wednesday, August 31, 2016, 27, Zul Qaadah, 1437 4 more Ganderbal youth booked under PSA Shifted to jails outside Kashmir SHEIKH NAZIR Ganderbal, Publish Date: Aug 30 2016 11:16PM | Updated Date: Aug 30 2016 11:16PM Representational Pic 
Four more youth have been were booked under Public Safety Act in Ganderbal district and shifted to Udhampur and Kot Balwal Jails. 
The youth are Tariq Ahmad Sofi of Saloora, Nasir Ahmad Wani of Kachhan, Feroz Ahmad Ganai of Baroosa Lar and Tariq Ahmad Malik of Kangan town. 
Official sources told Greater Kashmir that two more cases were dropped and returned on health and age grounds. 
Police said that they were arrested on charges of stone pelting, violence and creating law and order problems under sections 307, 323, 147, 148, 149, 336, 332 and 427 RPC. 
FIRs under no.s 141,158\2016 stand registered against Nasir at police station Ganderbal while as FIR no.s 70, 74, 80 and 84 stand registered against Malik at police station Kangan. 
Similarly FIR no.s 15,37 and 40 are against Feroz at police station Kheerbhawani and FIR no.s 158 and 141 against Sofi at Ganderbal police station. 
Wani and Malik were shifted to Udhampur while as Sofi and Ganai have been lodged in Kot Bhalwal. 
Earlier this month four other youth in Ganderbal district were booked under PSA and shifted to jails outside Kashmir. More in this Category 
</topic_text>
<spam_score>0.20</spam_score>
<post_num>1</post_num>
<post_id>post-1</post_id>
<post_url>http://www.greaterkashmir.com/news/kashmir/4-more-ganderbal-youth-booked-under-psa/227179.html</post_url>
<post_date>20160820</post_date>
<post_time></post_time>
<username>Sheikh Nazir</username>
<post>
Wednesday, August 31, 2016, 27, Zul Qaadah, 1437 4 more Ganderbal youth booked under PSA Shifted to jails outside Kashmir SHEIKH NAZIR Ganderbal, Publish Date: Aug 30 2016 11:16PM | Updated Date: Aug 30 2016 11:16PM Representational Pic 
Four more youth have been were booked under Public Safety Act in Ganderbal district and shifted to Udhampur and Kot Balwal Jails. 
The youth are Tariq Ahmad Sofi of Saloora, Nasir Ahmad Wani of Kachhan, Feroz Ahmad Ganai of Baroosa Lar and Tariq Ahmad Malik of Kangan town. 
Official sources told Greater Kashmir that two more cases were dropped and returned on health and age grounds. 
Police said that they were arrested on charges of stone pelting, violence and creating law and order problems under sections 307, 323, 147, 148, 149, 336, 332 and 427 RPC. 
FIRs under no.s 141,158\2016 stand registered against Nasir at police station Ganderbal while as FIR no.s 70, 74, 80 and 84 stand registered against Malik at police station Kangan. 
Similarly FIR no.s 15,37 and 40 are against Feroz at police station Kheerbhawani and FIR no.s 158 and 141 against Sofi at Ganderbal police station. 
Wani and Malik were shifted to Udhampur while as Sofi and Ganai have been lodged in Kot Bhalwal. 
Earlier this month four other youth in Ganderbal district were booked under PSA and shifted to jails outside Kashmir. More in this Category 
</post>
<signature>

</signature>
<external_links>

</external_links>
<country>US</country>
<main_image>http://www.greaterkashmir.com/cms/gall_content/2016/8/2016_8$largeimg230_Aug_2016_231645260.jpg</main_image>
</document>
