<?xml version="1.0" encoding="UTF-8"?>
<document>
<type>mainstream</type>
<forum>http://feeds.feedblitz.com/previouslytv</forum>
<forum_title>Previously.TV</forum_title>
<discussion_title>Will Tamra Ever Learn Her Lesson On The Real Housewives Of Orange County? :: And other semi-rhetorical questions. [The Real Housewives Of Orange County]</discussion_title>
<language>english</language>
<gmt_offset></gmt_offset>
<topic_url>http://previously.tv/the-real-housewives-of-orange-county/will-tamra-ever-learn-her-lesson-on-the-real-housewives-of-orange-county/</topic_url>
<topic_text>
Will Tamra Ever Learn Her Lesson On The Real Housewives Of Orange County ? And other semi-rhetorical questions. E09 
One of the crazy perks that comes with being, well, crazy, is the inexplicable need to constantly vacation. It can be anywhere! Even renting a (ridiculously large) house less than a two-hour drive from your actual home counts, which is exactly where we find Vicki celebrating her birthday (and Briana&apos;s, though V conveniently forgets to tell Tamra that). But what&apos;s even more shocking that this grand waste of Briana&apos;s inheritance? Oh, just the casual tension between Vicki and Kelly… &quot;Who is Merv Griffin? Is he single?&quot; 
Oh dear. Let&apos;s set aside the fact that Merv Griffin is one of the most iconic Americans ever and -- trying not to get the Jeopardy! theme song stuck in our heads -- cut to the chase: yes, technically he&apos;s single! Sure, he&apos;s dead, but he&apos;s also single and has been since he divorced his one and only wife in 1976. So yes, Vicki, you have a shot. In fact, Merv would be a huge step up for you, even being six feet under. But maybe don&apos;t count your chickens and quite Coco before they&apos;ve hatched; Merv&apos;s gorgeous estate is actually a bargain rental, coming in at under $200/person with full occupancy. Wait, these are Vicki&apos;s slutty years? 
At the risk of being pro-Vicki for a second, casually dating a few guys at the same time isn&apos;t exactly slutty; it&apos;s evaluating your options, and there&apos;s absolutely nothing wrong with that. Also, this woman cheated on both of her ex-husbands! In the hierarchy of slut-shaming, that should that least be worse than seeing Bald Probable Con Man on Wednesday and Desperate Mid-Life Crisis on Thursday, no? Plus, the fact that she pays for all of their dental work is very generous, even if it is a little desperate. Doesn&apos;t Terry ever get tired of hearing himself? 
And doesn&apos;t Heather ever get tired of being lied to? We all know the answer to both questions is no -- Terry loves to hear himself talk and Heather loves having Terry&apos;s money and a reason to complain -- but you would think that they would maybe try to be a bit more brand-conscious and realize that by continually repeating this whole all-American, overworked success story they run the risk of being an afterthought. This isn&apos;t to say one or more of them should go out and have an affair, or find Jesus, or get fake cancer, but maybe they could shake it up by actually spending some time with these kids they keep talking about? Who wouldn&apos;t want to see the Dubrows skip a fancy beach vacation in favor of a cross-country trip in an RV? Just the idea of watching Coco experience Walmart for the first time is a delight. Do the Marines know what Ryan is up to? 
They obviously must, since he&apos;s not worried about appearing on camera, but how and why do they keep providing clearance for him to film? Appearing on this has to be at least as questionable as providing Joseph Gordon-Levitt source material , making you really wonder about the military and intelligence protocols in this country. Unless Ryan&apos;s a part of a super-secret covert operation to collect intel on Fake Cancer Boy Who Shall Not Be Named, in which case, sure, sign me up for that reunion special. How happy does Shannon look in Cabo?! 
She&apos;s glowing! Maybe it&apos;s all the hormones and distilled water she packed, or maybe she&apos;s really happy for once (only Dr. Moon can tell), but whatever she&apos;s doing really agrees with her. Sure, we could all do without the weird half-flash of her cleavage on David&apos;s home video, but sharing guacamole while skinny-dipping in an in-suite infinity pool is pretty much the second honeymoon/first honeymoon/romantic fantasy life goal that we all deserve. Good for her for thinking David&apos;s worth all of the work she puts in (honestly, he&apos;s not) and good on David for acknowledging that fact (albeit after his affair and on Bravo&apos;s dime). If these two can make it, Jimmy Edmonds has absolutely no excuse not to stay married to Meghan for at least three more seasons. Will Jesus never show Tamra the path of righteousness? 
Girl does not know how to keep her mouth shut, and I half-love her for it. Of course Heather doesn&apos;t want Kelly near her kids. And of course that&apos;s an offensive thing for Kelly to hear, despite being exactly the type of person who should be kept away from kids. So of course Tamra tells Vicki, who tells Kelly! And of course no one is mad at her for it (yet). With friends like these, right? 
Anyway, this whole impending Heather vs. Kelly showdown is just the sort of high class vs. crazy brawl that the good Lord intended when he created Andy Cohen, so maybe Tamra really is doing God&apos;s work with her sequined bikinis and blabbermouth. Kelly&apos;s definitely going to curse in front of a kid, right? 
Yeah, probably. And Vicki&apos;s totally going to throw her to the wolves in favor of maintaining her casual peace with Heather. But since there&apos;s no rest for the weary, we get watch it all next week with a new episode on Labor Day! Nothing says Americana like drama and hot dogs.
</topic_text>
<spam_score>0.00</spam_score>
<post_num>1</post_num>
<post_id>post-1</post_id>
<post_url>http://previously.tv/the-real-housewives-of-orange-county/will-tamra-ever-learn-her-lesson-on-the-real-housewives-of-orange-county/</post_url>
<post_date>20160830</post_date>
<post_time>1300</post_time>
<username>Stephanie Cangro</username>
<post>
Will Tamra Ever Learn Her Lesson On The Real Housewives Of Orange County ? And other semi-rhetorical questions. E09 
One of the crazy perks that comes with being, well, crazy, is the inexplicable need to constantly vacation. It can be anywhere! Even renting a (ridiculously large) house less than a two-hour drive from your actual home counts, which is exactly where we find Vicki celebrating her birthday (and Briana&apos;s, though V conveniently forgets to tell Tamra that). But what&apos;s even more shocking that this grand waste of Briana&apos;s inheritance? Oh, just the casual tension between Vicki and Kelly… &quot;Who is Merv Griffin? Is he single?&quot; 
Oh dear. Let&apos;s set aside the fact that Merv Griffin is one of the most iconic Americans ever and -- trying not to get the Jeopardy! theme song stuck in our heads -- cut to the chase: yes, technically he&apos;s single! Sure, he&apos;s dead, but he&apos;s also single and has been since he divorced his one and only wife in 1976. So yes, Vicki, you have a shot. In fact, Merv would be a huge step up for you, even being six feet under. But maybe don&apos;t count your chickens and quite Coco before they&apos;ve hatched; Merv&apos;s gorgeous estate is actually a bargain rental, coming in at under $200/person with full occupancy. Wait, these are Vicki&apos;s slutty years? 
At the risk of being pro-Vicki for a second, casually dating a few guys at the same time isn&apos;t exactly slutty; it&apos;s evaluating your options, and there&apos;s absolutely nothing wrong with that. Also, this woman cheated on both of her ex-husbands! In the hierarchy of slut-shaming, that should that least be worse than seeing Bald Probable Con Man on Wednesday and Desperate Mid-Life Crisis on Thursday, no? Plus, the fact that she pays for all of their dental work is very generous, even if it is a little desperate. Doesn&apos;t Terry ever get tired of hearing himself? 
And doesn&apos;t Heather ever get tired of being lied to? We all know the answer to both questions is no -- Terry loves to hear himself talk and Heather loves having Terry&apos;s money and a reason to complain -- but you would think that they would maybe try to be a bit more brand-conscious and realize that by continually repeating this whole all-American, overworked success story they run the risk of being an afterthought. This isn&apos;t to say one or more of them should go out and have an affair, or find Jesus, or get fake cancer, but maybe they could shake it up by actually spending some time with these kids they keep talking about? Who wouldn&apos;t want to see the Dubrows skip a fancy beach vacation in favor of a cross-country trip in an RV? Just the idea of watching Coco experience Walmart for the first time is a delight. Do the Marines know what Ryan is up to? 
They obviously must, since he&apos;s not worried about appearing on camera, but how and why do they keep providing clearance for him to film? Appearing on this has to be at least as questionable as providing Joseph Gordon-Levitt source material , making you really wonder about the military and intelligence protocols in this country. Unless Ryan&apos;s a part of a super-secret covert operation to collect intel on Fake Cancer Boy Who Shall Not Be Named, in which case, sure, sign me up for that reunion special. How happy does Shannon look in Cabo?! 
She&apos;s glowing! Maybe it&apos;s all the hormones and distilled water she packed, or maybe she&apos;s really happy for once (only Dr. Moon can tell), but whatever she&apos;s doing really agrees with her. Sure, we could all do without the weird half-flash of her cleavage on David&apos;s home video, but sharing guacamole while skinny-dipping in an in-suite infinity pool is pretty much the second honeymoon/first honeymoon/romantic fantasy life goal that we all deserve. Good for her for thinking David&apos;s worth all of the work she puts in (honestly, he&apos;s not) and good on David for acknowledging that fact (albeit after his affair and on Bravo&apos;s dime). If these two can make it, Jimmy Edmonds has absolutely no excuse not to stay married to Meghan for at least three more seasons. Will Jesus never show Tamra the path of righteousness? 
Girl does not know how to keep her mouth shut, and I half-love her for it. Of course Heather doesn&apos;t want Kelly near her kids. And of course that&apos;s an offensive thing for Kelly to hear, despite being exactly the type of person who should be kept away from kids. So of course Tamra tells Vicki, who tells Kelly! And of course no one is mad at her for it (yet). With friends like these, right? 
Anyway, this whole impending Heather vs. Kelly showdown is just the sort of high class vs. crazy brawl that the good Lord intended when he created Andy Cohen, so maybe Tamra really is doing God&apos;s work with her sequined bikinis and blabbermouth. Kelly&apos;s definitely going to curse in front of a kid, right? 
Yeah, probably. And Vicki&apos;s totally going to throw her to the wolves in favor of maintaining her casual peace with Heather. But since there&apos;s no rest for the weary, we get watch it all next week with a new episode on Labor Day! Nothing says Americana like drama and hot dogs.
</post>
<signature>

</signature>
<external_links>

</external_links>
<country>US</country>
<main_image>http://previously.tv/m/2016-08-30-rhoc.jpg</main_image>
</document>
