<?xml version="1.0" encoding="UTF-8"?>
<document>
<type>mainstream</type>
<forum>http://www.trading-house.net/rss/meldungen/</forum>
<forum_title>trading-house.net Nachrichtenfeed</forum_title>
<discussion_title>Politik: Hartz-IV-Regelsätze sollen 2017 erhöht werden</discussion_title>
<language>german</language>
<gmt_offset></gmt_offset>
<topic_url>http://www.trading-house.net/news/politik-hartz-iv-regelsaetze-sollen-2017-erhoeht-werden-50947058</topic_url>
<topic_text>
31.08.2016 - 01:30 Uhr Politik: Hartz-IV-Regelsätze sollen 2017 erhöht werden Laut einem neuen Gesetzesentwurf sollen ab 2017 die knapp 6 Millionen Hartz-IV-Empfänger in Deutschland mehr Geld bekommen. So soll der Regelsatz für Alleinstehende von 404 Euro auf 409 Euro erhöht werden, für 6- bis 13-Jährige gibt es von 270 Euro auf 291 Euro die größte Steigerung. [...]
</topic_text>
<spam_score>0.00</spam_score>
<post_num>1</post_num>
<post_id>post-1</post_id>
<post_url>http://www.trading-house.net/news/politik-hartz-iv-regelsaetze-sollen-2017-erhoeht-werden-50947058</post_url>
<post_date>20160830</post_date>
<post_time>2330</post_time>
<username></username>
<post>
31.08.2016 - 01:30 Uhr Politik: Hartz-IV-Regelsätze sollen 2017 erhöht werden Laut einem neuen Gesetzesentwurf sollen ab 2017 die knapp 6 Millionen Hartz-IV-Empfänger in Deutschland mehr Geld bekommen. So soll der Regelsatz für Alleinstehende von 404 Euro auf 409 Euro erhöht werden, für 6- bis 13-Jährige gibt es von 270 Euro auf 291 Euro die größte Steigerung. [...]
</post>
<signature>

</signature>
<external_links>

</external_links>
<country>DE</country>
<main_image></main_image>
</document>
