<?xml version="1.0" encoding="UTF-8"?>
<document>
<type>mainstream</type>
<forum></forum>
<forum_title></forum_title>
<discussion_title>Curtail profit margins in view of prevailing situation: KCCI to medical shop owners</discussion_title>
<language>english</language>
<gmt_offset></gmt_offset>
<topic_url>http://www.greaterkashmir.com/news/business/curtail-profit-margins-in-view-of-prevailing-situation-kcci-to-medical-shop-owners/227208.html</topic_url>
<topic_text>
Wednesday, August 31, 2016, 27, Zul Qaadah, 1437 Curtail profit margins in view of prevailing situation: KCCI to medical shop owners President, Kashmir Chamber of Commerce and Industry, Mushtaq Ahmad Wani said that given the prevailing situation where people are suffering and economy is in doldrums people in health sector business must offer some respite to general public. GKNN Srinagar, Publish Date: Aug 31 2016 12:22AM | Updated Date: Aug 31 2016 12:22AM Representational Pic 
Valley’s apex business chamber has urged medicine shop owners, consultants, diagnostic centre owners to provide discount to people at this time of crisis keeping in consideration the poor financial condition of local populace. 
President, Kashmir Chamber of Commerce and Industry, Mushtaq Ahmad Wani said that given the prevailing situation where people are suffering and economy is in doldrums people in health sector business must offer some respite to general public. 
“Those who are able to operate their establishment should not be greedy, instead show sense of belonging toward their own people,” Wani said adding that be it medicine shops or diagnostic centres who are operating at various places, they should keep in mind the suffering of others and provide discounts by curtailing profit margins. 
He said that KCCI has urged medical agencies, druggists, chemist diagnostic centers, pathologic clinics, nursing homes and also consultant doctors that they must provide maximum discount on services and consultation fees to the patients in general. 
Wani said that the business community of Kashmir has shown resilience and has extended unflinching support to cause of people. “Keeping our losses aside, business community has extended unconditional support to the resistance leadership and is following its calendar in letter and spirit.” 
But at the same time we should keep suffering of people in mind and not hoard or black-market essentials. By doing this, those unscrupulous traders are bring disrepute to whole business community,” he said adding that all the traders should minimize their profit margin to provide maximum benefits to the common people More in this Category 
</topic_text>
<spam_score>0.21</spam_score>
<post_num>1</post_num>
<post_id>post-1</post_id>
<post_url>http://www.greaterkashmir.com/news/business/curtail-profit-margins-in-view-of-prevailing-situation-kcci-to-medical-shop-owners/227208.html</post_url>
<post_date>20160820</post_date>
<post_time></post_time>
<username></username>
<post>
Wednesday, August 31, 2016, 27, Zul Qaadah, 1437 Curtail profit margins in view of prevailing situation: KCCI to medical shop owners President, Kashmir Chamber of Commerce and Industry, Mushtaq Ahmad Wani said that given the prevailing situation where people are suffering and economy is in doldrums people in health sector business must offer some respite to general public. GKNN Srinagar, Publish Date: Aug 31 2016 12:22AM | Updated Date: Aug 31 2016 12:22AM Representational Pic 
Valley’s apex business chamber has urged medicine shop owners, consultants, diagnostic centre owners to provide discount to people at this time of crisis keeping in consideration the poor financial condition of local populace. 
President, Kashmir Chamber of Commerce and Industry, Mushtaq Ahmad Wani said that given the prevailing situation where people are suffering and economy is in doldrums people in health sector business must offer some respite to general public. 
“Those who are able to operate their establishment should not be greedy, instead show sense of belonging toward their own people,” Wani said adding that be it medicine shops or diagnostic centres who are operating at various places, they should keep in mind the suffering of others and provide discounts by curtailing profit margins. 
He said that KCCI has urged medical agencies, druggists, chemist diagnostic centers, pathologic clinics, nursing homes and also consultant doctors that they must provide maximum discount on services and consultation fees to the patients in general. 
Wani said that the business community of Kashmir has shown resilience and has extended unflinching support to cause of people. “Keeping our losses aside, business community has extended unconditional support to the resistance leadership and is following its calendar in letter and spirit.” 
But at the same time we should keep suffering of people in mind and not hoard or black-market essentials. By doing this, those unscrupulous traders are bring disrepute to whole business community,” he said adding that all the traders should minimize their profit margin to provide maximum benefits to the common people More in this Category 
</post>
<signature>

</signature>
<external_links>

</external_links>
<country>US</country>
<main_image>http://www.greaterkashmir.com/cms/gall_content/2016/8/2016_8$largeimg231_Aug_2016_002237653.jpg</main_image>
</document>
