<?xml version="1.0" encoding="UTF-8"?>
<document>
<type>mainstream</type>
<forum></forum>
<forum_title></forum_title>
<discussion_title>Asking for Moon!</discussion_title>
<language>english</language>
<gmt_offset></gmt_offset>
<topic_url>http://www.greaterkashmir.com/news/opinion/asking-for-moon/227173.html</topic_url>
<topic_text>
Wednesday, August 31, 2016, 27, Zul Qaadah, 1437 Asking for Moon! Time to speak up, and save Kashmir Dr. Muhammad Fahad Shehjar Srinagar, Publish Date: Aug 30 2016 10:56PM | Updated Date: Aug 30 2016 10:56PM File Photo Worried I am about you, Sir. I hope you are ok, and I pray you be. Mr Moon We all are concerned for you. After all, it is about 2 months of turmoil and bloodshed in the valley and you have not parted your lips to say a word of hope and respite for us. You have a pair of beautiful eyes but what troubles me is you have not acknowledged the human rights violation that is ubiquitous in the valley. You remind me of the victims of the valley who have fallen prey to pellet spitting smoking barrels and were robbed off their eyesight. Sir, I am pretty sure that there must be some sort of problem that stops you from responding, otherwise you would have promptly and vehemently responded to this treatment that my motherland and my people are being subjected to. I presume that on perceiving the ongoing brutalities on Kashmiri people, your address would be like this: “Kashmir is burning again, 3rd time in a span of less than a decade. Entire valley is drowned in agony and pain and we cannot be mute spectators. It would be in-human on our part if we do so. After all, we are the torch bearers of justice and peace. It is obnoxious to see the mainstream political leaders of the State ignoring human rights violations in the valley. It is unfortunate that the people of Jammu and Kashmir have always been neglected. Perhaps they have acclimatized themselves to the situations of severe oppression, but still they raise their voice against tyranny and oppression. We have no choice than to acknowledge their agony and remedy the same.” These days, everyone points a finger towards a stone thrower in Kashmir and stamps him as a terrorist but I ask you all, Has anyone branded the persons who sowed the seeds of unrest as terrorists; those eminent political figures of their time! They promised one thing and delivered the opposite. While Kashmiri youth fell prey to bullets, their political leaders are busy playing the blame games. I cannot but lament the moral and spiritual bankruptcy of the political figures who are dealing with the Kashmir issue. It is brutal and heartless on their part. And it is quite shocking that Indian government is reproducing the same atrocities and tyranny that it faced at the hands of British Empire during the years of her freedom struggle. Oppression can suppress the voice but not the feelings. And with every barbaric act executed on the people of Kashmir, it only fuels the already flaming hate and smouldering anger within their hearts. Now the world must open up eyes, and focus on this issue, not just mourn the innocent killings but immediately put an end to this dance of death. How many children must die first before we do something? Both centre and state governments are equally responsible for the destruction of Jammu and Kashmir. As far as separatists are concerned, these are the stakeholders with popular support. As far as Pakistan is concerned, they too must take heed from the present uprising and actively take part to settle this dispute with their immediate neighbour. All the stakeholders must introspect that it is not about Burhan, rather it is about a situation that fashioned a Burhan. Insaniyat, Jamuhiriyat and Kashmiriyat, the new song of political elite that resonates throughout the corridors of power both in centre and state since long never really reflected in their acts. Similarly, whether it is the autonomy of National conference or Self-rule of PDP, no one was ever sincere with the people of state. 
</topic_text>
<spam_score>0.17</spam_score>
<post_num>1</post_num>
<post_id>post-1</post_id>
<post_url>http://www.greaterkashmir.com/news/opinion/asking-for-moon/227173.html</post_url>
<post_date>20160820</post_date>
<post_time></post_time>
<username>Dr. Muhammad Fahad Shehjar</username>
<post>
Wednesday, August 31, 2016, 27, Zul Qaadah, 1437 Asking for Moon! Time to speak up, and save Kashmir Dr. Muhammad Fahad Shehjar Srinagar, Publish Date: Aug 30 2016 10:56PM | Updated Date: Aug 30 2016 10:56PM File Photo Worried I am about you, Sir. I hope you are ok, and I pray you be. Mr Moon We all are concerned for you. After all, it is about 2 months of turmoil and bloodshed in the valley and you have not parted your lips to say a word of hope and respite for us. You have a pair of beautiful eyes but what troubles me is you have not acknowledged the human rights violation that is ubiquitous in the valley. You remind me of the victims of the valley who have fallen prey to pellet spitting smoking barrels and were robbed off their eyesight. Sir, I am pretty sure that there must be some sort of problem that stops you from responding, otherwise you would have promptly and vehemently responded to this treatment that my motherland and my people are being subjected to. I presume that on perceiving the ongoing brutalities on Kashmiri people, your address would be like this: “Kashmir is burning again, 3rd time in a span of less than a decade. Entire valley is drowned in agony and pain and we cannot be mute spectators. It would be in-human on our part if we do so. After all, we are the torch bearers of justice and peace. It is obnoxious to see the mainstream political leaders of the State ignoring human rights violations in the valley. It is unfortunate that the people of Jammu and Kashmir have always been neglected. Perhaps they have acclimatized themselves to the situations of severe oppression, but still they raise their voice against tyranny and oppression. We have no choice than to acknowledge their agony and remedy the same.” These days, everyone points a finger towards a stone thrower in Kashmir and stamps him as a terrorist but I ask you all, Has anyone branded the persons who sowed the seeds of unrest as terrorists; those eminent political figures of their time! They promised one thing and delivered the opposite. While Kashmiri youth fell prey to bullets, their political leaders are busy playing the blame games. I cannot but lament the moral and spiritual bankruptcy of the political figures who are dealing with the Kashmir issue. It is brutal and heartless on their part. And it is quite shocking that Indian government is reproducing the same atrocities and tyranny that it faced at the hands of British Empire during the years of her freedom struggle. Oppression can suppress the voice but not the feelings. And with every barbaric act executed on the people of Kashmir, it only fuels the already flaming hate and smouldering anger within their hearts. Now the world must open up eyes, and focus on this issue, not just mourn the innocent killings but immediately put an end to this dance of death. How many children must die first before we do something? Both centre and state governments are equally responsible for the destruction of Jammu and Kashmir. As far as separatists are concerned, these are the stakeholders with popular support. As far as Pakistan is concerned, they too must take heed from the present uprising and actively take part to settle this dispute with their immediate neighbour. All the stakeholders must introspect that it is not about Burhan, rather it is about a situation that fashioned a Burhan. Insaniyat, Jamuhiriyat and Kashmiriyat, the new song of political elite that resonates throughout the corridors of power both in centre and state since long never really reflected in their acts. Similarly, whether it is the autonomy of National conference or Self-rule of PDP, no one was ever sincere with the people of state. 
</post>
<signature>

</signature>
<external_links>

</external_links>
<country>US</country>
<main_image>http://www.greaterkashmir.com/cms/gall_content/2016/8/2016_8$largeimg230_Aug_2016_225616013.jpg</main_image>
</document>
