<?xml version="1.0" encoding="UTF-8"?>
<document>
<type>mainstream</type>
<forum>http://www.sputniknews.com/export/rss2/archive/index.xml</forum>
<forum_title>Sputnik International</forum_title>
<discussion_title>Australian Climate Advisers Divided Over Emissions Cuts</discussion_title>
<language>english</language>
<gmt_offset></gmt_offset>
<topic_url>http://sputniknews.com/asia/20160830/1044788938/australia-emissions-cuts.html</topic_url>
<topic_text>
Australian Climate Advisers Divided Over Emissions Cuts © AP Photo/ Rob Griffith 0 39 0 0 Australia&apos;s Climate Change Authority (CCA) Review has led to a split in its top ranks over the country’s climate change commitments, media reported on Tuesday. © REUTERS/ Axel Schmidt German Court Allows Investors to Sue Volkswagen for Damages After Emissions Row MOSCOW (Sputnik) – The main reason for the CCA debate is that its dissenting members do not agree over the level of emission cuts the report aims to achieve, with two of them — economist Clive Hamilton and climate scientist David Karoly — preparing to write their own minority report.
The draft report on Australia’s climate policy, which is set to be released on Wednesday, is the second part of the CCA’s special review aimed at advising the government on how to meet its climate change commitments, including various types of emissions trading schemes. 
Australia needs to sign up for carbon emissions cuts by 30 percent by 2025 and 40-60 percent by 2030 in order to be on par with other UN members in attempting to reduce the effects of global warming. ...
</topic_text>
<spam_score>0.00</spam_score>
<post_num>1</post_num>
<post_id>post-1</post_id>
<post_url>http://sputniknews.com/asia/20160830/1044788938/australia-emissions-cuts.html</post_url>
<post_date>20160830</post_date>
<post_time>1644</post_time>
<username></username>
<post>
Australian Climate Advisers Divided Over Emissions Cuts © AP Photo/ Rob Griffith 0 39 0 0 Australia&apos;s Climate Change Authority (CCA) Review has led to a split in its top ranks over the country’s climate change commitments, media reported on Tuesday. © REUTERS/ Axel Schmidt German Court Allows Investors to Sue Volkswagen for Damages After Emissions Row MOSCOW (Sputnik) – The main reason for the CCA debate is that its dissenting members do not agree over the level of emission cuts the report aims to achieve, with two of them — economist Clive Hamilton and climate scientist David Karoly — preparing to write their own minority report.
The draft report on Australia’s climate policy, which is set to be released on Wednesday, is the second part of the CCA’s special review aimed at advising the government on how to meet its climate change commitments, including various types of emissions trading schemes. 
Australia needs to sign up for carbon emissions cuts by 30 percent by 2025 and 40-60 percent by 2030 in order to be on par with other UN members in attempting to reduce the effects of global warming. ...
</post>
<signature>

</signature>
<external_links>

</external_links>
<country>RU</country>
<main_image>https://cdn2.img.sputniknews.com/images/104478/89/1044788928.jpg</main_image>
</document>
