<?xml version="1.0" encoding="UTF-8"?>
<document>
<type>mainstream</type>
<forum>http://www.cooperativa.cl/</forum>
<forum_title>Cooperativa.cl: Noticias de Chile y el mundo - País, Deportes y más</forum_title>
<discussion_title>Carabineros allanó instalaciones de la Federación de Tenis</discussion_title>
<language>spanish</language>
<gmt_offset></gmt_offset>
<topic_url>http://www.cooperativa.cl/noticias/deportes/tenis/federacion-de-tenis-de-chile/carabineros-allano-instalaciones-de-la-federacion-de-tenis/2016-08-30/120727.html</topic_url>
<topic_text>
Un duro golpe recibió este martes el tenis chileno puesto que en horas de la mañana, la sede de la Federación, ubicada en Las Condes , fue allanada por personal del OS9 de Carabineros en el marco de la investigación que realiza el Ministerio Públic o a partir de la denuncia realizada por la actual dirigencia en torno a un forado de 1.300 millones de pesos detectado a través de una auditoría forense.
De acuerdo a lo informado por Al Aire Libre en Cooperativa, la acción policial se vio facilitada por los funcionarios, quienes voluntariamente entregaron la documentación requerida en torno a la administración de José Hinzpeter, anterior presidente de la Federación.
Según añadió Emol , al allanamiento concurrieron 10 efectivos policiales, llevándose con ellos todo el material necesario para continuar con la investigación.
Al respecto, Marcelo Ríos tuvo una rápida reacción y escribió en Twitter: &quot;Que bueno que ya se está transparentando todo&quot;.
Que bueno que ya se está transparentando todo... pic.twitter.com/6367XXEGer
— Marcelo Rios Mayorga (@MarceloRios75) August 30, 2016
</topic_text>
<spam_score>0.22</spam_score>
<post_num>4</post_num>
<post_id>post-4</post_id>
<post_url>http://www.cooperativa.cl/noticias/deportes/tenis/federacion-de-tenis-de-chile/carabineros-allano-instalaciones-de-la-federacion-de-tenis/2016-08-30/120727.html</post_url>
<post_date>20160830</post_date>
<post_time>1554</post_time>
<username>Gabriel Andres Silva Labbe</username>
<post>
Como dice la presidente de Chile ...CHile NO ES UN PASIS CORRUPTO!!
</post>
<signature>

</signature>
<external_links>

</external_links>
<country>CL</country>
<main_image>http://www.cooperativa.cl/noticias/site/artic/20160830/imag/foto_0000000920160830120727.jpg</main_image>
</document>
