<?xml version="1.0" encoding="UTF-8"?>
<document>
<type>mainstream</type>
<forum>http://www.onenewspage.com/rss/latest/Front+Page.rss</forum>
<forum_title>Latest Front Page News on One News Page</forum_title>
<discussion_title>Sounders center back Roman Torres expected to play for Panama, which could complicate San Jose availability</discussion_title>
<language>english</language>
<gmt_offset></gmt_offset>
<topic_url>http://www.onenewspage.com/n/Front+Page/759s6318y/Sounders-center-back-Roman-Torres-expected-to-play.htm</topic_url>
<topic_text>
Sounders center back Roman Torres expected to play for Panama, which could complicate San Jose availability Wednesday, 31 August 2016 ( 18 minutes ago ) Despite having participated in just 45 minutes of game action since recovering from a torn ACL, Torres is expected to suit up for both of Panama&apos;s upcoming World Cup qualifiers. Torres waited more than 11 months to return to game action, from the moment he tore his ACL against San Jose last September until Sunday afternoon at Providence... Seattle Times You Might Like Other recent news in Front Page Paul Keating: AUSTRALIA lacks a foreign policy to negotiate the rise of China Twitter Sounders SportSpyder [The Seattle Times] Sounders center back Roman Torres expected to play for Panama, which could complicate https://t.co/vv9fjhazPK #Sounders 1 minute ago rubby roo Sounders center back Roman Torres expected to play for Panama, which could complicate San Jose availability https://t.co/eJg0KUB89j 1 minute ago Matt Pentz Full post: Torres expected to play for Panama, which could complicate San Jose availability https://t.co/8dojtRsKHH https://t.co/kOoOE0L6ZJ 5 minutes ago Angel Castillo RT @RyanKras : Interesting news re #Sounders captain Brad Evans, as Roman Torres will now play at center back. Evans: &quot;I have to find a new… 2 days ago Samuel Anthony RT @RyanKras : Interesting news re #Sounders captain Brad Evans, as Roman Torres will now play at center back. Evans: &quot;I have to find a new… 2 days ago Ryan Krasnoo Interesting news re #Sounders captain Brad Evans, as Roman Torres will now play at center back. Evans: &quot;I have to find a new position.&quot; 2 days ago
</topic_text>
<spam_score>0.00</spam_score>
<post_num>1</post_num>
<post_id>post-1</post_id>
<post_url>http://www.onenewspage.com/n/Front+Page/759s6318y/Sounders-center-back-Roman-Torres-expected-to-play.htm</post_url>
<post_date>20160831</post_date>
<post_time>0025</post_time>
<username></username>
<post>
Sounders center back Roman Torres expected to play for Panama, which could complicate San Jose availability Wednesday, 31 August 2016 ( 18 minutes ago ) Despite having participated in just 45 minutes of game action since recovering from a torn ACL, Torres is expected to suit up for both of Panama&apos;s upcoming World Cup qualifiers. Torres waited more than 11 months to return to game action, from the moment he tore his ACL against San Jose last September until Sunday afternoon at Providence... Seattle Times You Might Like Other recent news in Front Page Paul Keating: AUSTRALIA lacks a foreign policy to negotiate the rise of China Twitter Sounders SportSpyder [The Seattle Times] Sounders center back Roman Torres expected to play for Panama, which could complicate https://t.co/vv9fjhazPK #Sounders 1 minute ago rubby roo Sounders center back Roman Torres expected to play for Panama, which could complicate San Jose availability https://t.co/eJg0KUB89j 1 minute ago Matt Pentz Full post: Torres expected to play for Panama, which could complicate San Jose availability https://t.co/8dojtRsKHH https://t.co/kOoOE0L6ZJ 5 minutes ago Angel Castillo RT @RyanKras : Interesting news re #Sounders captain Brad Evans, as Roman Torres will now play at center back. Evans: &quot;I have to find a new… 2 days ago Samuel Anthony RT @RyanKras : Interesting news re #Sounders captain Brad Evans, as Roman Torres will now play at center back. Evans: &quot;I have to find a new… 2 days ago Ryan Krasnoo Interesting news re #Sounders captain Brad Evans, as Roman Torres will now play at center back. Evans: &quot;I have to find a new position.&quot; 2 days ago
</post>
<signature>

</signature>
<external_links>

</external_links>
<country>US</country>
<main_image>http://cdn.newsserve.net/ONPglobe128.png</main_image>
</document>
