<?xml version="1.0" encoding="UTF-8"?>
<document>
<type>mainstream</type>
<forum>http://ria.ru/culture/</forum>
<forum_title>Культура | РИА Новости</forum_title>
<discussion_title>В Москве прошла презентация книги &quot;Мегастегосы Европы&quot;</discussion_title>
<language>russian</language>
<gmt_offset></gmt_offset>
<topic_url>http://ria.ru/culture/20160830/1475659482.html</topic_url>
<topic_text>
МОСКВА, 30 авг — РИА Новости. Автор Владимир Кокорев представил в Патриарших палатах Московского Кремля книгу &quot;Мегастегосы Европы: Лувр, Хофбург, Кремль&quot;, посвященную архитектуре крупнейших дворцовых комплексов.
© РИА Новости. Максим Блинов Перейти в фотобанк В Генуе, Милане и Венеции осенью 2017 года пройдут Дни Москвы Книжная серия посвящена особой категории дворцового строительства. &quot;Мегастегосы&quot; — крупнейшие архитектурные комплексы нового времени, ставшие символами создавших их национальных государств и показавшие способность к постоянному развитию. Запланировано издание не менее трех книг на двух языках (русском и английском).
Первая книга посвящена Лувру, Хофбургу и Кремлю, вторая — Мюнхенской резиденции и Эрмитажу, третья — Ватикану и Пражскому граду. В настоящее время отпечатана первая книга серии, осуществляется ее перевод на английский язык и подготовка второй книги (издание запланировано на 2017 год).
Книги построены в форме виртуальной прогулки последовательно по каждому из дворцовых комплексов. Отличительная особенность повествования состоит в том, что это одновременно и критический анализ: читателю предлагается не только обратить внимание на эстетически удачные решения, но и поразмышлять на тему альтернативного проектирования некоторых архитектурных объектов.
Спикер Госдумы, председатель Российского исторического общества Сергей Нарышкин на презентации книги отметил значимость проведенной работы. &quot;Ведущие произведения архитектуры и истории всегда восхищали и будут восхищать потомков и вдохновлять их на новые творческие, издательские, просветительские проекты. Благодаря этому живет культура нашего народа и других народов. Книга заставляет вспомнить нас отдельные периоды и отдельные страницы, отдельные события истории нашего континента на примере взаимоотношений отдельных европейских столиц&quot;, — сказал Нарышкин, поблагодарив авторский коллектив за работу.
Специальный представитель президента РФ по международному культурному сотрудничеству Михаил Швыдкой назвал этот проект &quot;самоценным&quot;. &quot;Эта книга, которая действительно являет собой удивительный пример неожиданного взгляда на знакомое, является одним из серьезнейших проектов Российского исторического общества… Это не только оценка политической истории, это оценка духовной истории&quot;, — отметил Швыдкой.
Генеральный директор Государственного историко-культурного музея-заповедника &quot;Московский Кремль&quot; Елена Гагарина отметила, что автором книги проделана &quot;огромная работа по сбору, анализу, переосмыслению материала&quot;.
</topic_text>
<spam_score>0.45</spam_score>
<post_num>1</post_num>
<post_id>post-1</post_id>
<post_url>http://ria.ru/culture/20160830/1475659482.html</post_url>
<post_date>20160830</post_date>
<post_time>1930</post_time>
<username>ria.ru</username>
<post>
МОСКВА, 30 авг — РИА Новости. Автор Владимир Кокорев представил в Патриарших палатах Московского Кремля книгу &quot;Мегастегосы Европы: Лувр, Хофбург, Кремль&quot;, посвященную архитектуре крупнейших дворцовых комплексов.
© РИА Новости. Максим Блинов Перейти в фотобанк В Генуе, Милане и Венеции осенью 2017 года пройдут Дни Москвы Книжная серия посвящена особой категории дворцового строительства. &quot;Мегастегосы&quot; — крупнейшие архитектурные комплексы нового времени, ставшие символами создавших их национальных государств и показавшие способность к постоянному развитию. Запланировано издание не менее трех книг на двух языках (русском и английском).
Первая книга посвящена Лувру, Хофбургу и Кремлю, вторая — Мюнхенской резиденции и Эрмитажу, третья — Ватикану и Пражскому граду. В настоящее время отпечатана первая книга серии, осуществляется ее перевод на английский язык и подготовка второй книги (издание запланировано на 2017 год).
Книги построены в форме виртуальной прогулки последовательно по каждому из дворцовых комплексов. Отличительная особенность повествования состоит в том, что это одновременно и критический анализ: читателю предлагается не только обратить внимание на эстетически удачные решения, но и поразмышлять на тему альтернативного проектирования некоторых архитектурных объектов.
Спикер Госдумы, председатель Российского исторического общества Сергей Нарышкин на презентации книги отметил значимость проведенной работы. &quot;Ведущие произведения архитектуры и истории всегда восхищали и будут восхищать потомков и вдохновлять их на новые творческие, издательские, просветительские проекты. Благодаря этому живет культура нашего народа и других народов. Книга заставляет вспомнить нас отдельные периоды и отдельные страницы, отдельные события истории нашего континента на примере взаимоотношений отдельных европейских столиц&quot;, — сказал Нарышкин, поблагодарив авторский коллектив за работу.
Специальный представитель президента РФ по международному культурному сотрудничеству Михаил Швыдкой назвал этот проект &quot;самоценным&quot;. &quot;Эта книга, которая действительно являет собой удивительный пример неожиданного взгляда на знакомое, является одним из серьезнейших проектов Российского исторического общества… Это не только оценка политической истории, это оценка духовной истории&quot;, — отметил Швыдкой.
Генеральный директор Государственного историко-культурного музея-заповедника &quot;Московский Кремль&quot; Елена Гагарина отметила, что автором книги проделана &quot;огромная работа по сбору, анализу, переосмыслению материала&quot;.
</post>
<signature>

</signature>
<external_links>
<external_link>http://visualrian.ru/images/item/2895913</external_link><external_link>http://www.rian.ru/docs/about/copyright.html</external_link>
</external_links>
<country>RU</country>
<main_image>https://cdn4.img.ria.ru/images/95516/72/955167234.jpg</main_image>
</document>
