<?xml version="1.0" encoding="UTF-8"?>
<document>
<type>mainstream</type>
<forum></forum>
<forum_title></forum_title>
<discussion_title>Stalk&apos;ta Sınır Tanımıyoruz! İşte Geçtiğimiz Hafta Ünlülerin Snapchat Paylaşımları - onedio.com</discussion_title>
<language>turkish</language>
<gmt_offset></gmt_offset>
<topic_url>https://onedio.com/haber/stalk-ta-sinir-tanimiyoruz-iste-gectigimiz-hafta-unlulerin-snapchat-paylasimlari-728329</topic_url>
<topic_text>
Email gönderin. CROPY 
Onedio ailesi olarak tüm hafta, her gün Snapchat kullanan Türk ünlüleri teker teker takip edip en dikkat çeken paylaşımlarını derledik ve huzurlarınıza sunuyoruz. Bu arada Onedio&apos;yu Snapchat &apos;te takip etmeyi unutmayın... 
</topic_text>
<spam_score>0.20</spam_score>
<post_num>1</post_num>
<post_id>post-1</post_id>
<post_url>https://onedio.com/haber/stalk-ta-sinir-tanimiyoruz-iste-gectigimiz-hafta-unlulerin-snapchat-paylasimlari-728329</post_url>
<post_date>20160828</post_date>
<post_time></post_time>
<username></username>
<post>
Email gönderin. CROPY 
Onedio ailesi olarak tüm hafta, her gün Snapchat kullanan Türk ünlüleri teker teker takip edip en dikkat çeken paylaşımlarını derledik ve huzurlarınıza sunuyoruz. Bu arada Onedio&apos;yu Snapchat &apos;te takip etmeyi unutmayın... 
</post>
<signature>

</signature>
<external_links>

</external_links>
<country>US</country>
<main_image>https://img-s1.onedio.com/id-57c3178274c374392f751bf4/rev-0/raw/s-46520bd756184d9789ca9372823026cffa1bdcf5.jpg</main_image>
</document>
