<?xml version="1.0" encoding="UTF-8"?>
<document>
<type>mainstream</type>
<forum>http://westminsterwindow.com/rss</forum>
<forum_title>Westminster Window - Latest Stories</forum_title>
<discussion_title>Questions and answers with Superintendent Charlotte Ciancio</discussion_title>
<language>english</language>
<gmt_offset></gmt_offset>
<topic_url>http://westminsterwindow.com/stories/Questions-and-answers-with-Superintendent-Charlotte-Ciancio,234541</topic_url>
<topic_text>
Questions and answers with Superintendent Charlotte Ciancio Mapleton’s top adminstrator discusses district’s decision to ask for funding Ciancio Posted Monday, August 29, 2016 4:51 pm 
After the Mapleton School District’s Board of Education on Aug. 23 approved putting a $150 million bond measure and $3 million mill levy override on the November ballot, Colorado Community Media reached out to district Superintendent Charlotte Ciancio to see what the district’s top administrator had to say about the request. 
Why is the district asking for the bond measure and mill levy override? 
Our community told us “it’s about time.” At district task force meetings and through a community survey, we heard that it is time to give our students safer and more appropriate learning spaces and to assure that our schools will be prepared to serve children for the next 60 years. 
The bond proposal is a facilities reinvestment plan that will pay for replacements, renovations and/or repairs to nearly every school facility in Mapleton. Many of Mapleton’s schools are more than 60 years old and can no longer appropriately meet the demands. The bond will also support our community’s growth through the construction of new schools in the Midtown development and in the northern area of the district. 
Over the summer, we learned that we were awarded a grant through the Building Excellent Schools Today (BEST) program. The money is targeted to replace the current Adventure Elementary building, but in order to receive these dollars, our community needs to provide a match. We certainly don’t want to leave this money on the table or let it go to some other community. If we can’t match it, we lose it. 
The mill levy override is targeted to address four specific needs: 1) Enhance classroom materials and equipment, 2) develop a career (skilled trades) program for high school students, 3) to maintain the new facilities, and 4) to attract and retain the very best staff. 
Why should the public support it? 
Good schools add value and expand opportunities to their communities. More than 60 years ago, the founding community members invested in the district by building schools. Fifty years later, those same facilities were showing the signs of aging. A new investment plan was developed. 
The community’s investment in the renewal of the Skyview Campus and York International School, have yielded impressive results. It’s now time for us to follow through with the plan by replacing and/or renovating the rest of the facilities. It’s now time for us to “pay it forward” for future generations of Mapleton students. 
How important is it to get public buy-in on something like this? 
We know that when a community supports its schools, anything is possible. Since our last successful election in 2010, more of our students are graduating, fewer of them are dropping out, and more of our kids are achieving their dreams of going to college and finding a fulfilling career. 
What have been some of the bigger challenges so far leading up to approval of the bond measure for the ballot? And what challenges does the district foresee leading up to the vote in November? 
One of our biggest challenges so far has been making sure that our parent community understands what the district needs are, what our opportunities are, and how those opportunities can help students. 
The next challenge is to assure that our community members have the same information, so that they can make an informed decision.
</topic_text>
<spam_score>0.00</spam_score>
<post_num>1</post_num>
<post_id>post-1</post_id>
<post_url>http://westminsterwindow.com/stories/Questions-and-answers-with-Superintendent-Charlotte-Ciancio,234541</post_url>
<post_date>20160830</post_date>
<post_time>2304</post_time>
<username></username>
<post>
Questions and answers with Superintendent Charlotte Ciancio Mapleton’s top adminstrator discusses district’s decision to ask for funding Ciancio Posted Monday, August 29, 2016 4:51 pm 
After the Mapleton School District’s Board of Education on Aug. 23 approved putting a $150 million bond measure and $3 million mill levy override on the November ballot, Colorado Community Media reached out to district Superintendent Charlotte Ciancio to see what the district’s top administrator had to say about the request. 
Why is the district asking for the bond measure and mill levy override? 
Our community told us “it’s about time.” At district task force meetings and through a community survey, we heard that it is time to give our students safer and more appropriate learning spaces and to assure that our schools will be prepared to serve children for the next 60 years. 
The bond proposal is a facilities reinvestment plan that will pay for replacements, renovations and/or repairs to nearly every school facility in Mapleton. Many of Mapleton’s schools are more than 60 years old and can no longer appropriately meet the demands. The bond will also support our community’s growth through the construction of new schools in the Midtown development and in the northern area of the district. 
Over the summer, we learned that we were awarded a grant through the Building Excellent Schools Today (BEST) program. The money is targeted to replace the current Adventure Elementary building, but in order to receive these dollars, our community needs to provide a match. We certainly don’t want to leave this money on the table or let it go to some other community. If we can’t match it, we lose it. 
The mill levy override is targeted to address four specific needs: 1) Enhance classroom materials and equipment, 2) develop a career (skilled trades) program for high school students, 3) to maintain the new facilities, and 4) to attract and retain the very best staff. 
Why should the public support it? 
Good schools add value and expand opportunities to their communities. More than 60 years ago, the founding community members invested in the district by building schools. Fifty years later, those same facilities were showing the signs of aging. A new investment plan was developed. 
The community’s investment in the renewal of the Skyview Campus and York International School, have yielded impressive results. It’s now time for us to follow through with the plan by replacing and/or renovating the rest of the facilities. It’s now time for us to “pay it forward” for future generations of Mapleton students. 
How important is it to get public buy-in on something like this? 
We know that when a community supports its schools, anything is possible. Since our last successful election in 2010, more of our students are graduating, fewer of them are dropping out, and more of our kids are achieving their dreams of going to college and finding a fulfilling career. 
What have been some of the bigger challenges so far leading up to approval of the bond measure for the ballot? And what challenges does the district foresee leading up to the vote in November? 
One of our biggest challenges so far has been making sure that our parent community understands what the district needs are, what our opportunities are, and how those opportunities can help students. 
The next challenge is to assure that our community members have the same information, so that they can make an informed decision.
</post>
<signature>

</signature>
<external_links>

</external_links>
<country>US</country>
<main_image>http://ccm.ostsubmedia.communityq.com/uploads/original/1472598089_b085.jpg</main_image>
</document>
