<?xml version="1.0" encoding="UTF-8"?>
<document>
<type>mainstream</type>
<forum>http://nypost.com/author/jennifer-gould-keil/page/7/</forum>
<forum_title>Jennifer Gould | New York Post</forum_title>
<discussion_title>Fashion photographer’s former Tribeca pad sells for $5.5M</discussion_title>
<language>english</language>
<gmt_offset></gmt_offset>
<topic_url>http://nypost.com/2016/06/09/fashion-photographers-former-tribeca-pad-sells-for-5-5m/</topic_url>
<topic_text>
Parisian-born fashion photographer Antoine Verglas — whose famed naked shot of Melania Trump landed on the cover of British GQ in 2000, when America’s next potential first lady was just dating The Donald — made his name shooting 1990s supermodels like Cindy Crawford, Claudia Schiffer and Stephanie Seymour.
Now his former Tribeca home at the landmarked Roebling Building — named after Brooklyn Bridge designer John August Roebling — just went into contract.
The second-floor loft at 169 Hudson St., between Laight and Vestry streets, was asking $5.5 million.
The three/four-bedroom, 3½-bathroom loft unit is 4,203 square feet.
It features 11½-foot beamed ceilings, five arched windows, architectural columns, wide-plank Brazilian walnut floors and a wood burning fireplace in the living area.
There’s also recessed lighting, a chef’s kitchen, lots of storage space and spa bathrooms. The building, a former 1893 warehouse, was converted to condos in 2000 and contains just 12 lofts.
Building amenities include a doorman, gym, wine cellar and tasting room and private basement storage.
The listing brokers are Brian Meier, Matthew Pucker and Jamie Heinlein of Corcoran.
 gimme shelter , gq , melania trump , Real Estate
</topic_text>
<spam_score>0.99</spam_score>
<post_num>1</post_num>
<post_id>post-1</post_id>
<post_url>http://nypost.com/2016/06/09/fashion-photographers-former-tribeca-pad-sells-for-5-5m/</post_url>
<post_date>20160609</post_date>
<post_time></post_time>
<username>Jennifer Gould</username>
<post>
Parisian-born fashion photographer Antoine Verglas — whose famed naked shot of Melania Trump landed on the cover of British GQ in 2000, when America’s next potential first lady was just dating The Donald — made his name shooting 1990s supermodels like Cindy Crawford, Claudia Schiffer and Stephanie Seymour.
Now his former Tribeca home at the landmarked Roebling Building — named after Brooklyn Bridge designer John August Roebling — just went into contract.
The second-floor loft at 169 Hudson St., between Laight and Vestry streets, was asking $5.5 million.
The three/four-bedroom, 3½-bathroom loft unit is 4,203 square feet.
It features 11½-foot beamed ceilings, five arched windows, architectural columns, wide-plank Brazilian walnut floors and a wood burning fireplace in the living area.
There’s also recessed lighting, a chef’s kitchen, lots of storage space and spa bathrooms. The building, a former 1893 warehouse, was converted to condos in 2000 and contains just 12 lofts.
Building amenities include a doorman, gym, wine cellar and tasting room and private basement storage.
The listing brokers are Brian Meier, Matthew Pucker and Jamie Heinlein of Corcoran.
 gimme shelter , gq , melania trump , Real Estate
</post>
<signature>

</signature>
<external_links>
<external_link>http://nyp.st/1PhuOUt</external_link>
</external_links>
<country>US</country>
<main_image>https://thenypost.files.wordpress.com/2016/06/6357441483374146304350048_33_diary1_20150805_cms_061.jpg?quality=90&amp;amp;strip=all&amp;amp;w=1200</main_image>
</document>
