<?xml version="1.0" encoding="UTF-8"?>
<document>
<type>mainstream</type>
<forum></forum>
<forum_title></forum_title>
<discussion_title>Back to School at the GC – Getting Connected!</discussion_title>
<language>english</language>
<gmt_offset></gmt_offset>
<topic_url>http://gclibrary.commons.gc.cuny.edu/2016/08/30/back-to-school/</topic_url>
<topic_text>
– Tuesday, August 30, 2016 

As we start the first full week of the Fall semester here at the Graduate Center there are a few things to keep in mind. We recently posted our new Fall hours . The Graduate Center joined other CUNY institutions with our launch of OneSearch . Our Fall workshops and events calendar is live . New and returning GC students and faculty needing to orient themselves to the library should take a look and RSVP to secure a seat. The Graduate Center’s fall calendar (pdf) lists important registration info, changes to the typical class schedule and more. New students may also wish to visit the GC’s Student Life section for useful information and services offered to Graduate Center students. 
Student Log-In and Network Issues? 
Many have come to the Reference Desk with questions on email accounts and network accounts. Here are a few tips in case you have yet to log-in! 
In a nutshell’ all you need to know is in the image below: 

An IT representative will be at the reference desk 3pm – 6pm for this first week of school. Stop by or call the reference desk at 212-817-7077. 
And welcome to a new school year. Share this: 
</topic_text>
<spam_score>0.02</spam_score>
<post_num>1</post_num>
<post_id>post-1</post_id>
<post_url>http://gclibrary.commons.gc.cuny.edu/2016/08/30/back-to-school/</post_url>
<post_date>20160830</post_date>
<post_time></post_time>
<username>Wanett Clyde</username>
<post>
– Tuesday, August 30, 2016 

As we start the first full week of the Fall semester here at the Graduate Center there are a few things to keep in mind. We recently posted our new Fall hours . The Graduate Center joined other CUNY institutions with our launch of OneSearch . Our Fall workshops and events calendar is live . New and returning GC students and faculty needing to orient themselves to the library should take a look and RSVP to secure a seat. The Graduate Center’s fall calendar (pdf) lists important registration info, changes to the typical class schedule and more. New students may also wish to visit the GC’s Student Life section for useful information and services offered to Graduate Center students. 
Student Log-In and Network Issues? 
Many have come to the Reference Desk with questions on email accounts and network accounts. Here are a few tips in case you have yet to log-in! 
In a nutshell’ all you need to know is in the image below: 

An IT representative will be at the reference desk 3pm – 6pm for this first week of school. Stop by or call the reference desk at 212-817-7077. 
And welcome to a new school year. Share this: 
</post>
<signature>

</signature>
<external_links>

</external_links>
<country>US</country>
<main_image>http://gclibrary.commons.gc.cuny.edu/files/2016/08/3564909187_9159588321_z.jpg</main_image>
</document>
