<?xml version="1.0" encoding="UTF-8"?>
<document>
<type>mainstream</type>
<forum>http://www.sputniknews.com/export/rss2/archive/index.xml</forum>
<forum_title>Sputnik International</forum_title>
<discussion_title>India and Russia to Jointly Set Up $300 Million Logistics Hub for Su30MKI</discussion_title>
<language>english</language>
<gmt_offset></gmt_offset>
<topic_url>http://sputniknews.com/business/20160830/1044781959/russia-india-su30mki.html</topic_url>
<topic_text>
India and Russia to Jointly Set Up $300 Million Logistics Hub for Su30MKI © Flickr/ Bikash Das A formal agreement between India and Russia is likely to be signed by October this year. © AFP 2016/ Dibyangshu SARKAR India to Upgrade Russian-Made Su-30 Fighter Jets Amid Delay in Rafale Deal New Delhi (Sputnik) – India, with the help of Russia, plans to set up a logistics hub for its most lethal combat aircraft, the Su-30MKI, at the facilities of Hindustan Aeronautics Ltd (HAL) in Bangalore. Sources from India&apos;s Ministry of Defense told Sputnik, &quot;we are trying to ensure the maximum operational availability of Su-30MKI fighters at any given time. We have improved the serviceability of the aircraft from 46% to more than 60%. Notwithstanding, the Indian Air Force (IAF) has also finalized long term repair agreement with Russian original equipment manufacturers to improve the availability of aircraft for operational use but the long process of getting spare parts delivered is negatively impacting the operational availability of the aircraft….A spare parts logistics center will solve this problem.&quot;
Currently, it takes up to 18 months to deliver spare parts to India from Russia, mainly due to cumbersome bureaucratic process, customs, bank guarantees, etc. 
Air Marshal P. P. Khandekar, Air Officer-in-Charge for Maintenance at Air HQ IAF says, &quot;For a small fleet, there is no need to set up infrastructure in the country. Our indigenous infrastructure development requirement is mainly for when the fleet is large.&quot; 
Currently the Indian Air Force has more than 200 Su 30 MKI in its fleet and is expected to receive the remaining fleet by 2019. India contracted for the delivery of 272 Su 30 MKI with Russia. ...
</topic_text>
<spam_score>0.00</spam_score>
<post_num>1</post_num>
<post_id>post-1</post_id>
<post_url>http://sputniknews.com/business/20160830/1044781959/russia-india-su30mki.html</post_url>
<post_date>20160830</post_date>
<post_time>1447</post_time>
<username></username>
<post>
India and Russia to Jointly Set Up $300 Million Logistics Hub for Su30MKI © Flickr/ Bikash Das A formal agreement between India and Russia is likely to be signed by October this year. © AFP 2016/ Dibyangshu SARKAR India to Upgrade Russian-Made Su-30 Fighter Jets Amid Delay in Rafale Deal New Delhi (Sputnik) – India, with the help of Russia, plans to set up a logistics hub for its most lethal combat aircraft, the Su-30MKI, at the facilities of Hindustan Aeronautics Ltd (HAL) in Bangalore. Sources from India&apos;s Ministry of Defense told Sputnik, &quot;we are trying to ensure the maximum operational availability of Su-30MKI fighters at any given time. We have improved the serviceability of the aircraft from 46% to more than 60%. Notwithstanding, the Indian Air Force (IAF) has also finalized long term repair agreement with Russian original equipment manufacturers to improve the availability of aircraft for operational use but the long process of getting spare parts delivered is negatively impacting the operational availability of the aircraft….A spare parts logistics center will solve this problem.&quot;
Currently, it takes up to 18 months to deliver spare parts to India from Russia, mainly due to cumbersome bureaucratic process, customs, bank guarantees, etc. 
Air Marshal P. P. Khandekar, Air Officer-in-Charge for Maintenance at Air HQ IAF says, &quot;For a small fleet, there is no need to set up infrastructure in the country. Our indigenous infrastructure development requirement is mainly for when the fleet is large.&quot; 
Currently the Indian Air Force has more than 200 Su 30 MKI in its fleet and is expected to receive the remaining fleet by 2019. India contracted for the delivery of 272 Su 30 MKI with Russia. ...
</post>
<signature>

</signature>
<external_links>

</external_links>
<country>RU</country>
<main_image>https://cdn1.img.sputniknews.com/images/103988/55/1039885547.jpg</main_image>
</document>
