<?xml version="1.0" encoding="UTF-8"?>
<document>
<type>mainstream</type>
<forum>http://www.theguardian.com/theguardian/2014/may/27/mainsection/rss</forum>
<forum_title>The Guardian</forum_title>
<discussion_title>Mortgage approvals fall to 18-month low after Brexit vote | Business</discussion_title>
<language>english</language>
<gmt_offset></gmt_offset>
<topic_url>https://www.theguardian.com/business/2016/aug/30/uk-mortgage-approvals-fall-to-18-month-low-july-brexit-vote-housing-market</topic_url>
<topic_text>
Mortgage approvals fell to an 18-month low in July as aftershocks from the EU referendum result rippled out into the housing market.
Figures from the Bank of England showed a drop from 64,152 approvals by banks and building societies in June to 60,912 in July, the lowest monthly total since January 2015.
It was also a continuation of a recent trend, following a spike in February to 73,000, which has prompted some analysts to predict that house prices will fall over the next 12 months.
Earlier this month, the Royal Institution of Chartered Surveyors said estate agents were gloomy about their prospects for the year ahead after buying inquiries fell dramatically in July for the fourth month running . 
With reports showing that Brexit vote uncertainty had driven down new buyer inquiries in recent months, “we suspect that mortgage approvals have further to fall over the rest of the year”, said Scott Bowman, a UK economist at Capital Economics .
Howard Archer, the chief economist at IHS Global Insight, said the marked slowdown added weight to his prediction that house prices could ease back by about 3% over the latter months of 2016, and there could be a further fall of 5% next year.
“We believe housing market activity is likely to be limited over the coming months and prices will weaken, as heightened uncertainty following the UK’s vote to leave the EU weighs down on consumer confidence and a willingness to engage in major transactions,” he said. 
The Bank figures also showed that the Brexit vote affected consumer borrowing in July, after net consumer credit rose by a monthly total of £1.2bn, the smallest rise since August 2015 and well below the consensus expectation of £1.7bn increase. It was the first annual decline in consumer credit growth since December 2014.
Consumer confidence bounced back in August after a slump in July , but remains appreciably lower than before the Brexit vote.
The European commission consumer confidence index for the UK climbed to -7.5 in August, from -9.2 in July, compared with -1.2 in June. It had previously trended down gradually from +4.1 in December 2014. 
Archer said the Bank’s cut in interest rates from 0.5% to 0.25% earlier this month would likely dampen any fall in house prices. However, housing market activity and prices would come under pressure from stretched house-price-to-earnings ratios, and tighter checking of prospective mortgage borrowers by lenders.

“According to the Halifax, the house-price-to-earnings ratio reached 5.70 in June, which was its highest level since October 2007, before easing back to 5.63 in July. This is well above the long-term [1983-2016] average of 4.16,” he said.
“Furthermore, the more uncertain and weakened outlook for the economy could make mortgage lenders tighten their lending standards, and possibly even look to increase their margins on mortgages.”
</topic_text>
<spam_score>0.00</spam_score>
<post_num>2</post_num>
<post_id>post-2</post_id>
<post_url>https://www.theguardian.com/business/2016/aug/30/uk-mortgage-approvals-fall-to-18-month-low-july-brexit-vote-housing-market#comment-82184811</post_url>
<post_date>20160830</post_date>
<post_time>1414</post_time>
<username>duroi</username>
<post>
Another piece of propaganda from project Fear. 
Remain lost. Why don&apos;t the banks accept the result and just move on?!!
And why does the market keep devaluing the pound by 15% below pre-Brexit levels? Can&apos;t they see that we have got our country back? Now there are going to be enough houses and schools and hospitals and welfare benefits for everyone. Britannia will once again rule the waves and we shall once again conquer the world!
</post>
<signature>

</signature>
<external_links>

</external_links>
<country>US</country>
<main_image>https://i.guim.co.uk/img/media/c0b71ac098da11b967c18453b91f8e123439dcd0/0_319_3378_2027/3378.jpg?w=1200&amp;amp;h=630&amp;amp;q=55&amp;amp;auto=format&amp;amp;usm=12&amp;amp;fit=crop&amp;amp;bm=normal&amp;amp;ba=bottom%2Cleft&amp;amp;blend64=aHR0cHM6Ly91cGxvYWRzLmd1aW0uY28udWsvMjAxNi8wNS8yNS9vdmVybGF5LWxvZ28tMTIwMC05MF9vcHQucG5n&amp;amp;s=c484ae325d7b85e01785e1b34310b387</main_image>
</document>
