<?xml version="1.0" encoding="UTF-8"?>
<document>
<type>mainstream</type>
<forum>http://feeds.feedblitz.com/previouslytv</forum>
<forum_title>Previously.TV</forum_title>
<discussion_title>Watch John Oliver Pitch New Superhero Johnny Strong In A Last Week Tonight Web Exclusive :: &apos;He&apos;s seen a boob, and he knows what the F-word is.&apos; [Last Week Tonight]</discussion_title>
<language>english</language>
<gmt_offset></gmt_offset>
<topic_url>http://previously.tv/last-week-tonight/watch-john-oliver-pitch-new-superhero-johnny-strong-in-a-last-week-tonight-web-exclusive/</topic_url>
<topic_text>
Watch John Oliver Pitch New Superhero Johnny Strong In A Last Week Tonight Web Exclusive &apos;He&apos;s seen a boob, and he knows what the F-word is.&apos; 0 
Last Week Tonight will be off until September 25, but to tide us over, there&apos;s this web-exclusive clip. As summer winds down, we&apos;re all experiencing superhero fatigue. But maybe the cure is a superhero who&apos;s not all played out -- and as chance would have it, John Oliver&apos;s got one.
</topic_text>
<spam_score>0.00</spam_score>
<post_num>1</post_num>
<post_id>post-1</post_id>
<post_url>http://previously.tv/last-week-tonight/watch-john-oliver-pitch-new-superhero-johnny-strong-in-a-last-week-tonight-web-exclusive/</post_url>
<post_date>20160829</post_date>
<post_time>0348</post_time>
<username>Tara Ariano</username>
<post>
Watch John Oliver Pitch New Superhero Johnny Strong In A Last Week Tonight Web Exclusive &apos;He&apos;s seen a boob, and he knows what the F-word is.&apos; 0 
Last Week Tonight will be off until September 25, but to tide us over, there&apos;s this web-exclusive clip. As summer winds down, we&apos;re all experiencing superhero fatigue. But maybe the cure is a superhero who&apos;s not all played out -- and as chance would have it, John Oliver&apos;s got one.
</post>
<signature>

</signature>
<external_links>

</external_links>
<country>US</country>
<main_image>http://previously.tv/m/2016-08-28-last-week-tonight.jpg</main_image>
</document>
