<?xml version="1.0" encoding="UTF-8"?>
<document>
<type>mainstream</type>
<forum>http://www.onenewspage.com/rss/latest/Front+Page.rss</forum>
<forum_title>Latest Front Page News on One News Page</forum_title>
<discussion_title>South Africa five-eighth Elton Jantjies in doubt for Springboks against Wallabies</discussion_title>
<language>english</language>
<gmt_offset></gmt_offset>
<topic_url>http://www.onenewspage.com.au/n/Front+Page/759s63178/South-Africa-five-eighth-Elton-Jantjies-in-doubt.htm</topic_url>
<topic_text>
South Africa five-eighth Elton Jantjies in doubt for Springboks against Wallabies Wednesday, 31 August 2016 ( 23 minutes ago ) South Africa are sweating on the fitness of gun five-eighth Elton Jantjies as they prepare to meet the Wallabies in a clash where both teams have a lot to prove.
</topic_text>
<spam_score>0.00</spam_score>
<post_num>1</post_num>
<post_id>post-1</post_id>
<post_url>http://www.onenewspage.com.au/n/Front+Page/759s63178/South-Africa-five-eighth-Elton-Jantjies-in-doubt.htm</post_url>
<post_date>20160831</post_date>
<post_time>0022</post_time>
<username></username>
<post>
South Africa five-eighth Elton Jantjies in doubt for Springboks against Wallabies Wednesday, 31 August 2016 ( 23 minutes ago ) South Africa are sweating on the fitness of gun five-eighth Elton Jantjies as they prepare to meet the Wallabies in a clash where both teams have a lot to prove.
</post>
<signature>

</signature>
<external_links>

</external_links>
<country>US</country>
<main_image>http://cdn.newsserve.net/ONPglobe128.png</main_image>
</document>
