<?xml version="1.0" encoding="UTF-8"?>
<document>
<type>mainstream</type>
<forum></forum>
<forum_title></forum_title>
<discussion_title>Se enfrentan policías municipales y antorchistas en Ecatepec | Excélsior</discussion_title>
<language>spanish</language>
<gmt_offset></gmt_offset>
<topic_url>http://www.excelsior.com.mx/comunidad/2016/08/30/1114061</topic_url>
<topic_text>
Se enfrentan policías municipales y antorchistas en Ecatepec Los integrantes de Antorcha Campesina pretendían reinstalar su plantón en la explanada del Palacio Municipal 30/08/2016 19:26 María de los Ángeles Velasco 
ECATEPEC. 
Elementos de la Comisión Estatal de Seguridad se enfrentaron con integrantes de Antorcha Campesina que intentaban establecer nuevamente un campamento que mantienen desde hace dos meses en la explanada municipal de Ecatepec, para exigir servicios a sus comunidades. 
Inicialmente el campamento fue retirado por vecinos de la colonia San Cristóbal quienes arribaron al lugar con el propósito de evitar que los integrantes del Movimiento Antorchista lo ampliaran. 
Alrededor de 80 colonos, comerciantes y transportistas expresaron su inconformidad por la presencia de su plantón y les pidieron que se retiraran, pero debido a que no aceptaron, los inconformes retiraron a la fuerza las lonas, sillas, equipo y otros implementos, lo que provocó conatos de violencia. 
Minutos después a la explanada arribó un camión con estructura para que los antorchistas establecieran nuevamente su campamento . En tanto, el Palacio Municipal de Ecatepec era resguardado por elementos de la policía local y estatal. 
Sin embargo, cuando los integrantes de antorcha intentaron bajar las estructuras, los uniformados intentaron impedírselo lo que provocó un enfrentamiento en donde salieron a relucir, gas lacrimógeno, toletes y algunas piedras. 
Por algunos minutos la refriega se extendió hasta que la policía logró replegar a los manifestantes que corrieron a las calles cercanas. 
El Gobierno de Ecatepec informó que aproximadamente a las 16:00 horas quedó despejada la explanada municipal , luego de que se retiraron tanto integrantes de Antorcha Campesina como vecinos, mientras que los policías continúan en la zona. 
En un comunicado, la administración municipal hizo un llamado a privilegiar el diálogo por encima de la agresión ante cualquier inconformidad o solicitud a la autoridad. 

</topic_text>
<spam_score>0.20</spam_score>
<post_num>1</post_num>
<post_id>post-1</post_id>
<post_url>http://www.excelsior.com.mx/comunidad/2016/08/30/1114061</post_url>
<post_date>20160831</post_date>
<post_time></post_time>
<username></username>
<post>
Se enfrentan policías municipales y antorchistas en Ecatepec Los integrantes de Antorcha Campesina pretendían reinstalar su plantón en la explanada del Palacio Municipal 30/08/2016 19:26 María de los Ángeles Velasco 
ECATEPEC. 
Elementos de la Comisión Estatal de Seguridad se enfrentaron con integrantes de Antorcha Campesina que intentaban establecer nuevamente un campamento que mantienen desde hace dos meses en la explanada municipal de Ecatepec, para exigir servicios a sus comunidades. 
Inicialmente el campamento fue retirado por vecinos de la colonia San Cristóbal quienes arribaron al lugar con el propósito de evitar que los integrantes del Movimiento Antorchista lo ampliaran. 
Alrededor de 80 colonos, comerciantes y transportistas expresaron su inconformidad por la presencia de su plantón y les pidieron que se retiraran, pero debido a que no aceptaron, los inconformes retiraron a la fuerza las lonas, sillas, equipo y otros implementos, lo que provocó conatos de violencia. 
Minutos después a la explanada arribó un camión con estructura para que los antorchistas establecieran nuevamente su campamento . En tanto, el Palacio Municipal de Ecatepec era resguardado por elementos de la policía local y estatal. 
Sin embargo, cuando los integrantes de antorcha intentaron bajar las estructuras, los uniformados intentaron impedírselo lo que provocó un enfrentamiento en donde salieron a relucir, gas lacrimógeno, toletes y algunas piedras. 
Por algunos minutos la refriega se extendió hasta que la policía logró replegar a los manifestantes que corrieron a las calles cercanas. 
El Gobierno de Ecatepec informó que aproximadamente a las 16:00 horas quedó despejada la explanada municipal , luego de que se retiraron tanto integrantes de Antorcha Campesina como vecinos, mientras que los policías continúan en la zona. 
En un comunicado, la administración municipal hizo un llamado a privilegiar el diálogo por encima de la agresión ante cualquier inconformidad o solicitud a la autoridad. 

</post>
<signature>

</signature>
<external_links>

</external_links>
<country>MX</country>
<main_image>http://www.excelsior.com.mx/media/styles/cuadrada_og/public/pictures/2016/08/30/1511507.jpg</main_image>
</document>
