<?xml version="1.0" encoding="UTF-8"?>
<document>
<type>mainstream</type>
<forum>http://www.sputniknews.com/export/rss2/archive/index.xml</forum>
<forum_title>Sputnik International</forum_title>
<discussion_title>Calais Residents to Form Human Chain to Block Highway Amid Migrant Crisis</discussion_title>
<language>english</language>
<gmt_offset></gmt_offset>
<topic_url>http://sputniknews.com/europe/20160830/1044788087/calais-block-highway.html</topic_url>
<topic_text>
Calais Residents to Form Human Chain to Block Highway Amid Migrant Crisis © AFP 2016/ PHILIPPE HUGUEN 1 231 6 2 According to media reports, Residents of France’s northern region of Calais vowed to block the motorway by forming a human chain as insecurity grows about the continuing migrant crisis. © REUTERS/ Pascal Rossignol Non! UK Blasts French Calais &apos;Jungle&apos; Demands MOSCOW (Sputnik) – Residents of France’s northern region of Calais vowed on Tuesday to block the motorway by forming a human chain as insecurity grows about the continuing migrant crisis. &quot;What we want is a date for dismantling of the northern part of the Jungle [camp]. We will not move until we get a date [for its removal],&quot; Frederic Van Gansbeke, the leader of the group representing local Calais residents, was quoted as saying by La Voix Du Nord newspaper. 
The unprecedented action is due to start next Monday at 7:00 a.m. (05:00 GMT). Different professional groups, including lorry drivers and businesspeople, will unite to block traffic on the A16 motorway, leading to the port. 
Since last year, Calais has been the home to a large migrant camp – the so-called Jungle – famous for its poor conditions. Thousands of migrants from North Africa and the Middle East are living in the Jungle, located not far from the Channel Tunnel, in the hope of reaching the United Kingdom. 
As of early August, the camp had more than 9,000 residents, including 865 minors, of whom 676 were unaccompanied children. ...
</topic_text>
<spam_score>0.00</spam_score>
<post_num>1</post_num>
<post_id>post-1</post_id>
<post_url>http://sputniknews.com/europe/20160830/1044788087/calais-block-highway.html</post_url>
<post_date>20160830</post_date>
<post_time>1630</post_time>
<username></username>
<post>
Calais Residents to Form Human Chain to Block Highway Amid Migrant Crisis © AFP 2016/ PHILIPPE HUGUEN 1 231 6 2 According to media reports, Residents of France’s northern region of Calais vowed to block the motorway by forming a human chain as insecurity grows about the continuing migrant crisis. © REUTERS/ Pascal Rossignol Non! UK Blasts French Calais &apos;Jungle&apos; Demands MOSCOW (Sputnik) – Residents of France’s northern region of Calais vowed on Tuesday to block the motorway by forming a human chain as insecurity grows about the continuing migrant crisis. &quot;What we want is a date for dismantling of the northern part of the Jungle [camp]. We will not move until we get a date [for its removal],&quot; Frederic Van Gansbeke, the leader of the group representing local Calais residents, was quoted as saying by La Voix Du Nord newspaper. 
The unprecedented action is due to start next Monday at 7:00 a.m. (05:00 GMT). Different professional groups, including lorry drivers and businesspeople, will unite to block traffic on the A16 motorway, leading to the port. 
Since last year, Calais has been the home to a large migrant camp – the so-called Jungle – famous for its poor conditions. Thousands of migrants from North Africa and the Middle East are living in the Jungle, located not far from the Channel Tunnel, in the hope of reaching the United Kingdom. 
As of early August, the camp had more than 9,000 residents, including 865 minors, of whom 676 were unaccompanied children. ...
</post>
<signature>

</signature>
<external_links>

</external_links>
<country>RU</country>
<main_image>https://cdn2.img.sputniknews.com/images/104478/81/1044788128.jpg</main_image>
</document>
