<?xml version="1.0" encoding="UTF-8"?>
<document>
<type>mainstream</type>
<forum></forum>
<forum_title></forum_title>
<discussion_title>Metro | BMKG Prediksi Jakarta Diguyur Hujan Hari Ini</discussion_title>
<language>indonesian</language>
<gmt_offset></gmt_offset>
<topic_url>http://news.metrotvnews.com/metro/Rb17MQ2K-bmkg-prediksi-jakarta-diguyur-hujan-hari-ini</topic_url>
<topic_text>
BMKG Prediksi Jakarta Diguyur Hujan Hari Ini LB Ciputri Hutabarat • 31 Agustus 2016 07:12 WIB Line Ilustrasi hujan. Antara/M Agung Rajasa. 
Metrotvnews.com, Jakarta: Badan Meteorologi, Klimatologi, dan Geofisika (BMKG) memprakirakan hujan akan terjadi di wilayah Jakarta, Bogor, Depok, Tangerang, dan Bekasi hari ini, Rabu (31/8/2016). Diperkirakan hujan dengan intensitas lebat akan terjadi pada siang hari di wilayah Jakarta Selatan, Jakarta Timur, Depok dan Bogor. Sementara hujan dengan intensitas sedang diprakirakan berlanjut turun pada siang hari di wilayah Jakarta Utara, Jakarta Pusat, Jakarta Barat, Tangerang dan Bekasi. 
</topic_text>
<spam_score>0.03</spam_score>
<post_num>1</post_num>
<post_id>post-1</post_id>
<post_url>http://news.metrotvnews.com/metro/Rb17MQ2K-bmkg-prediksi-jakarta-diguyur-hujan-hari-ini</post_url>
<post_date>20160831</post_date>
<post_time></post_time>
<username>Metrotvnews Developer</username>
<post>
BMKG Prediksi Jakarta Diguyur Hujan Hari Ini LB Ciputri Hutabarat • 31 Agustus 2016 07:12 WIB Line Ilustrasi hujan. Antara/M Agung Rajasa. 
Metrotvnews.com, Jakarta: Badan Meteorologi, Klimatologi, dan Geofisika (BMKG) memprakirakan hujan akan terjadi di wilayah Jakarta, Bogor, Depok, Tangerang, dan Bekasi hari ini, Rabu (31/8/2016). Diperkirakan hujan dengan intensitas lebat akan terjadi pada siang hari di wilayah Jakarta Selatan, Jakarta Timur, Depok dan Bogor. Sementara hujan dengan intensitas sedang diprakirakan berlanjut turun pada siang hari di wilayah Jakarta Utara, Jakarta Pusat, Jakarta Barat, Tangerang dan Bekasi. 
</post>
<signature>

</signature>
<external_links>

</external_links>
<country>ID</country>
<main_image>http://cdn.metrotvnews.com/dynamic/content/2016/08/31/576427/p2RecMu1y8.jpg?w=635</main_image>
</document>
