<?xml version="1.0" encoding="UTF-8"?>
<document>
<type>mainstream</type>
<forum></forum>
<forum_title></forum_title>
<discussion_title>Messi se muestra recuperado en su segundo entrenamiento con la Albiceleste | 800Noticias</discussion_title>
<language>spanish</language>
<gmt_offset></gmt_offset>
<topic_url>http://800noticias.com/messi-se-muestra-recuperado-en-su-segundo-entrenamiento-con-la-albiceleste</topic_url>
<topic_text>
30 de agosto, 2016 - 8:40 pm 
EFE Lionel Messi cumplió este martes ejercicios con el balón en el entrenamiento vespertino de la selección argentina. Messi, que llegó esta madrugada a Buenos Aires y participó del doble turno de entrenamientos, sufrió molestias en el aductor izquierdo en el partido del domingo del Barcelona con el Athletic. El seleccionador de Argentina, Edgardo Bauza, dijo el lunes que Messi “está bien” y que habrá especial atención a sus dolores para que “llegue bien” al encuentro ante Uruguay. Bauza contó en la práctica del lunes con todos los convocados, ya que además de Messi se sumaron Ángel Di María, Javier Mascherano, Matías Kranevitter, Gabriel Mercado, Mateo Musacchio y Éver Banega. 
</topic_text>
<spam_score>0.20</spam_score>
<post_num>1</post_num>
<post_id>post-1</post_id>
<post_url>http://800noticias.com/messi-se-muestra-recuperado-en-su-segundo-entrenamiento-con-la-albiceleste</post_url>
<post_date>20160831</post_date>
<post_time></post_time>
<username>De Agosto</username>
<post>
30 de agosto, 2016 - 8:40 pm 
EFE Lionel Messi cumplió este martes ejercicios con el balón en el entrenamiento vespertino de la selección argentina. Messi, que llegó esta madrugada a Buenos Aires y participó del doble turno de entrenamientos, sufrió molestias en el aductor izquierdo en el partido del domingo del Barcelona con el Athletic. El seleccionador de Argentina, Edgardo Bauza, dijo el lunes que Messi “está bien” y que habrá especial atención a sus dolores para que “llegue bien” al encuentro ante Uruguay. Bauza contó en la práctica del lunes con todos los convocados, ya que además de Messi se sumaron Ángel Di María, Javier Mascherano, Matías Kranevitter, Gabriel Mercado, Mateo Musacchio y Éver Banega. 
</post>
<signature>

</signature>
<external_links>

</external_links>
<country>US</country>
<main_image>http://cdn.800noticias.com/cms/wp-content/uploads/2016/06/messi-mascherano.jpg</main_image>
</document>
