<?xml version="1.0" encoding="UTF-8"?>
<document>
<type>mainstream</type>
<forum>http://feeds.feedblitz.com/previouslytv</forum>
<forum_title>Previously.TV</forum_title>
<discussion_title>Watch A Tic Tac Experience Space Travel In Mints&apos; Most Adorable Ad Campaign Ever :: To freshen the breath of God, presumably. [Television]</discussion_title>
<language>english</language>
<gmt_offset></gmt_offset>
<topic_url>http://previously.tv/television/watch-a-tic-tac-experience-space-travel-in-mints-most-adorable-ad-campaign-ever/</topic_url>
<topic_text>
Watch A Tic Tac Experience Space Travel In Mints&apos; Most Adorable Ad Campaign Ever To freshen the breath of God, presumably. 0 
Though I have no data to support this, I feel like, in recent years, the idea of using Tic Tacs for breath-freshening purposes has been forgotten thanks to a certain &quot;curiously strong&quot; rival in the marketplace. But would an Altoid look this adorable traveling to space?! NO IT WOULD NOT. (And, as in all instances when &quot;SPACE!&quot; is mentioned: I must shout out both my Extra Hot Great colleague Sarah D. Bunting and this t-shirt .) 
Via AdFreak , which also has links to several other chapters in this campaign. You&apos;re definitely going to want to watch them all since some of the others involve the Tic Tacs putting on tiny crash helmets.
</topic_text>
<spam_score>0.00</spam_score>
<post_num>1</post_num>
<post_id>post-1</post_id>
<post_url>http://previously.tv/television/watch-a-tic-tac-experience-space-travel-in-mints-most-adorable-ad-campaign-ever/</post_url>
<post_date>20160829</post_date>
<post_time>1515</post_time>
<username>Tara Ariano</username>
<post>
Watch A Tic Tac Experience Space Travel In Mints&apos; Most Adorable Ad Campaign Ever To freshen the breath of God, presumably. 0 
Though I have no data to support this, I feel like, in recent years, the idea of using Tic Tacs for breath-freshening purposes has been forgotten thanks to a certain &quot;curiously strong&quot; rival in the marketplace. But would an Altoid look this adorable traveling to space?! NO IT WOULD NOT. (And, as in all instances when &quot;SPACE!&quot; is mentioned: I must shout out both my Extra Hot Great colleague Sarah D. Bunting and this t-shirt .) 
Via AdFreak , which also has links to several other chapters in this campaign. You&apos;re definitely going to want to watch them all since some of the others involve the Tic Tacs putting on tiny crash helmets.
</post>
<signature>

</signature>
<external_links>

</external_links>
<country>US</country>
<main_image>http://previously.tv/m/2016-08-29-television09.jpg</main_image>
</document>
