<?xml version="1.0" encoding="UTF-8"?>
<document>
<type>mainstream</type>
<forum>http://www.sputniknews.com/export/rss2/archive/index.xml</forum>
<forum_title>Sputnik International</forum_title>
<discussion_title>US Businesses Remain Committed to TTIP as France, Germany Show Reluctance</discussion_title>
<language>english</language>
<gmt_offset></gmt_offset>
<topic_url>http://sputniknews.com/world/20160830/1044789745/eu-us-ttip-trade.html</topic_url>
<topic_text>
US Businesses Remain Committed to TTIP as France, Germany Show Reluctance © AFP 2016/ Sebastian Gollnow / dpa 0 117 0 5 Policy officer for the American Chamber of Commerce to the European Union (AmCham EU) Timothy Adamson stated that AmCham EU and business groups in the EU and US are convinced that TTIP would boost growth, jobs and standards on both sides of the Atlantic. © AFP 2016/ Mandel Ngan Obama to Send US Trade Ambassador to Europe Next Month to Negotiate TTIP - White House MOSCOW (Sputnik) — US businesses remain committed to concluding the Transatlantic Trade and Investment Partnership (TTIP) free trade agreement and delivering the &quot;best possible deal&quot; despite the recently-voiced reluctance by France and Germany, policy officer for the American Chamber of Commerce to the European Union (AmCham EU) Timothy Adamson told Sputnik.
Earlier on Tuesday, both French President Francois Hollande and German Economic Affairs Minister Sigmar Gabriel suggested in separate statements that it would be impossible to conclude the TTIP agreement before the end of the year. 
&quot;AmCham EU and business groups in the EU and US are convinced that TTIP would boost growth, jobs and standards on both sides of the Atlantic. We remain ready and willing to engage with all stakeholders to help deliver the best possible deal,&quot; Adamson said. Brexit is Nail in the Coffin for TTIP, But TAFTA is Still Alive and Kicking Talks between such large and integrated economies as the United States and the European Union, are extremely time-consuming, the AmCham EU policy officer noted. However, the speed of the talks is not what matters in the end. &quot;After three years of negotiations, the TTIP talks between the EU and US remain on track. As both sides reiterated this week, the EU and US remain deeply committed to concluding a high-standard, comprehensive deal by the end of 2016,&quot; Adamson said. 
TTIP seeks to establish a free trade zone between the United States and Europe. The US government started discussions on the draft deal with the European Union in 2013. The details of the TTIP deal, including specific rules of market access, have not been released to the public. The TTIP agreement has drawn severe criticism for the lack of transparency in the negotiations as well as for the tremendous power it would potentially give to international corporations. ...
</topic_text>
<spam_score>0.00</spam_score>
<post_num>1</post_num>
<post_id>post-1</post_id>
<post_url>http://sputniknews.com/world/20160830/1044789745/eu-us-ttip-trade.html</post_url>
<post_date>20160830</post_date>
<post_time>1734</post_time>
<username></username>
<post>
US Businesses Remain Committed to TTIP as France, Germany Show Reluctance © AFP 2016/ Sebastian Gollnow / dpa 0 117 0 5 Policy officer for the American Chamber of Commerce to the European Union (AmCham EU) Timothy Adamson stated that AmCham EU and business groups in the EU and US are convinced that TTIP would boost growth, jobs and standards on both sides of the Atlantic. © AFP 2016/ Mandel Ngan Obama to Send US Trade Ambassador to Europe Next Month to Negotiate TTIP - White House MOSCOW (Sputnik) — US businesses remain committed to concluding the Transatlantic Trade and Investment Partnership (TTIP) free trade agreement and delivering the &quot;best possible deal&quot; despite the recently-voiced reluctance by France and Germany, policy officer for the American Chamber of Commerce to the European Union (AmCham EU) Timothy Adamson told Sputnik.
Earlier on Tuesday, both French President Francois Hollande and German Economic Affairs Minister Sigmar Gabriel suggested in separate statements that it would be impossible to conclude the TTIP agreement before the end of the year. 
&quot;AmCham EU and business groups in the EU and US are convinced that TTIP would boost growth, jobs and standards on both sides of the Atlantic. We remain ready and willing to engage with all stakeholders to help deliver the best possible deal,&quot; Adamson said. Brexit is Nail in the Coffin for TTIP, But TAFTA is Still Alive and Kicking Talks between such large and integrated economies as the United States and the European Union, are extremely time-consuming, the AmCham EU policy officer noted. However, the speed of the talks is not what matters in the end. &quot;After three years of negotiations, the TTIP talks between the EU and US remain on track. As both sides reiterated this week, the EU and US remain deeply committed to concluding a high-standard, comprehensive deal by the end of 2016,&quot; Adamson said. 
TTIP seeks to establish a free trade zone between the United States and Europe. The US government started discussions on the draft deal with the European Union in 2013. The details of the TTIP deal, including specific rules of market access, have not been released to the public. The TTIP agreement has drawn severe criticism for the lack of transparency in the negotiations as well as for the tremendous power it would potentially give to international corporations. ...
</post>
<signature>

</signature>
<external_links>

</external_links>
<country>RU</country>
<main_image>https://cdn2.img.sputniknews.com/images/104478/97/1044789728.jpg</main_image>
</document>
