<?xml version="1.0" encoding="UTF-8"?>
<document>
<type>mainstream</type>
<forum></forum>
<forum_title></forum_title>
<discussion_title>磁石で浮かせて振動をシャットアウト オーディオボード「SAP RELAXA 530」 | OVO [オーヴォ]</discussion_title>
<language>japanese</language>
<gmt_offset></gmt_offset>
<topic_url>http://ovo.kyodo.co.jp/news/digital/a-834576</topic_url>
<topic_text>

オーディオ機器の音は振動に大きく影響される。機器を設置した床が音楽の微振動で震えるだけで音が微妙に汚れるのだ。そこで、磁石の反発力で浮かせてできる空気層で振動を遮る、フローティング構造のオーディオボードがこの夏に登場した。輸入オーディオ機器のユキムが発売した、イタリアSAP社の RELAXA530 だ。RELAXAシリーズはかつて日本のオーディオファンからも高い評価を得ていたオーディオボードで、一時、輸入が途絶えていた。新モデルは98,000円（税別）。 
磁石によるフローティング構造を継承。床面からの振動をシャットアウトするとともに、機器が発生する振動も吸収してしまうことから、オーディオ機器でも特に振動を嫌うレコードプレーヤーと組み合わせて威力を発揮する。 
本体は4隅と中央に強力な磁石を脚部に配置し、焼き入れ強化ガラスのボードを浮かせる仕組み。30kgまでのオーディオ機器をセットできる。ボードを水平にする磁石の高さの調整機能をもち、調整のための水準器も備えている。また、ガラスボードは幅512mm×奥行き460mmと、外付けモーターなどで設置面積が大きくなるレコードプレーヤーを無理なく載せられるようになっているのもファンには見逃せないポイントだ。サイズ・重量は、幅570×高さ80×奥行き460mm・8.8kg。 

</topic_text>
<spam_score>0.00</spam_score>
<post_num>1</post_num>
<post_id>post-1</post_id>
<post_url>http://ovo.kyodo.co.jp/news/digital/a-834576</post_url>
<post_date>20160831</post_date>
<post_time></post_time>
<username></username>
<post>

オーディオ機器の音は振動に大きく影響される。機器を設置した床が音楽の微振動で震えるだけで音が微妙に汚れるのだ。そこで、磁石の反発力で浮かせてできる空気層で振動を遮る、フローティング構造のオーディオボードがこの夏に登場した。輸入オーディオ機器のユキムが発売した、イタリアSAP社の RELAXA530 だ。RELAXAシリーズはかつて日本のオーディオファンからも高い評価を得ていたオーディオボードで、一時、輸入が途絶えていた。新モデルは98,000円（税別）。 
磁石によるフローティング構造を継承。床面からの振動をシャットアウトするとともに、機器が発生する振動も吸収してしまうことから、オーディオ機器でも特に振動を嫌うレコードプレーヤーと組み合わせて威力を発揮する。 
本体は4隅と中央に強力な磁石を脚部に配置し、焼き入れ強化ガラスのボードを浮かせる仕組み。30kgまでのオーディオ機器をセットできる。ボードを水平にする磁石の高さの調整機能をもち、調整のための水準器も備えている。また、ガラスボードは幅512mm×奥行き460mmと、外付けモーターなどで設置面積が大きくなるレコードプレーヤーを無理なく載せられるようになっているのもファンには見逃せないポイントだ。サイズ・重量は、幅570×高さ80×奥行き460mm・8.8kg。 

</post>
<signature>

</signature>
<external_links>

</external_links>
<country>JP</country>
<main_image>http://d10tw3woq6mt3i.cloudfront.net/wp-content/uploads/2016/08/cde5d27f9cc0840f1f4046d235099953.jpg</main_image>
</document>
