<?xml version="1.0" encoding="UTF-8"?>
<document>
<type>mainstream</type>
<forum>http://www.onenewspage.com/rss/latest/Front+Page.rss</forum>
<forum_title>Latest Front Page News on One News Page</forum_title>
<discussion_title>NPSL football preview: Kentwood wants revenge against Woodinville</discussion_title>
<language>english</language>
<gmt_offset></gmt_offset>
<topic_url>http://www.onenewspage.com/n/Front+Page/759s6318x/NPSL-football-preview-Kentwood-wants-revenge-against-Woodinville.htm</topic_url>
<topic_text>
NPSL football preview: Kentwood wants revenge against Woodinville Wednesday, 31 August 2016 ( 17 minutes ago ) The Conquerors have a challenging schedule this season but feel stronger from an early 2015 playoff exit.
</topic_text>
<spam_score>0.00</spam_score>
<post_num>1</post_num>
<post_id>post-1</post_id>
<post_url>http://www.onenewspage.com/n/Front+Page/759s6318x/NPSL-football-preview-Kentwood-wants-revenge-against-Woodinville.htm</post_url>
<post_date>20160831</post_date>
<post_time>0026</post_time>
<username></username>
<post>
NPSL football preview: Kentwood wants revenge against Woodinville Wednesday, 31 August 2016 ( 17 minutes ago ) The Conquerors have a challenging schedule this season but feel stronger from an early 2015 playoff exit.
</post>
<signature>

</signature>
<external_links>

</external_links>
<country>US</country>
<main_image>http://cdn.newsserve.net/ONPglobe128.png</main_image>
</document>
