<?xml version="1.0" encoding="UTF-8"?>
<document>
<type>mainstream</type>
<forum></forum>
<forum_title></forum_title>
<discussion_title>Enough of patchwork, time for lasting solution to Kashmir: Ghulam Nabi Azad</discussion_title>
<language>english</language>
<gmt_offset></gmt_offset>
<topic_url>http://www.greaterkashmir.com/news/front-page/enough-of-patchwork-time-for-lasting-solution-to-kashmir-ghulam-nabi-azad/227218.html</topic_url>
<topic_text>
Wednesday, August 31, 2016, 27, Zul Qaadah, 1437 Enough of patchwork, time for lasting solution to Kashmir: Ghulam Nabi Azad INTERVIEW | ‘MHA panel report on pellet guns shocking, misleading’ ABID BASHIR Srinagar, Publish Date: Aug 31 2016 1:01AM | Updated Date: Aug 31 2016 1:01AM File Photo Senior Congress leader and Leader of Opposition in Rajya Sabha Ghulam Nabi Azad on Tuesday said there has been a lot of “patchwork” on Kash¬mir and it is high time for New Delhi to initiate a dia¬logue with “all stakehold¬ers for finding a lasting solution” to the issue. He also rejected the report of a committee constituted by the Ministry of Home Affairs for finding an alter¬native to the pellet guns, stating it was shocking. In an interview with Greater Kashmir at his Srinagar residence, Azad, who had initiated a debate in the Rajya Sabha on Kashmir issue on July 18, said it was perhaps for the “first time in his¬tory that the Indian Par¬liament debated Kashmir four times.” “Congress initiated the discussion on Kash¬mir while other opposi¬tion leaders extended full support to it,” he said. “We suggested to the Government of India to hold an all-party meet and send an all-party delegation to Kashmir.” “Had the all-party delegation visited Kashmir earlier, perhaps the situation would have been different today. Perhaps, some young lives could have been saved and curfew lifted much ear¬lier,” he said. He said now that the APD is arriving in Srinagar on September 4, “it is better late than never.” “I hope people would meet the APD—those within mainstream and outside it. If nobody would meet, then there is no fun of APD,” he said. He said there is a need for a dialogue with “every shade of opinion for a durable solution.” The Congress leader said his 36 years of political experience suggests that the curfew period of 51 days was longest since 1947. “So many people have been killed in the past 60 years. We don’t want to see young boys dying on the streets after every five years. I think it’s for the first time such a huge number of injuries have been caused to youth, many of whom have lost their eyesight,” Azad said. “There has been enough of patchwork on Kashmir issue since 1947. I believe it’s high time for the Govern¬ment of India and the State government to work out a lasting solu-tion to the issue within the ambit of Indian Constitution,” he said. He said time was appropriate for a durable solution as BJP was in power at the Centre and State as well. “When Congress— during the time of late Jawahar Lal Nehru, Late Indhira Gandhi and Late Rajiv Gandhi—would take any pro-Kashmir step, the then BJP would oppose us and criticize us. Today, we have BJP govern¬ment at the Centre and also in the State, so opportunity shouldn’t be wasted. Congress would welcome any process aimed at find¬ing solution to the problem,” he said. Asked whether APD would meet Hurriyat leaders, Azad said most of the members in the delegation are from the opposition parties. “They should talk to everybody, the elders, the youth, especially those hitting the streets, whose age is between 15 and 16 years. Those in the mainstream, outside the mainstream and others should put forth their points of view before the APD members,” he said. On report submitted by the committee constituted for finding an alternative to pellet guns, Azad said it was shocking. “We had been demanding a blanket ban on pellet guns. Kashmir is not the only place where we see agitations, but pellet guns are used here only,” he said. “Government of India has misled us on pellet guns. I was shocked to see that pellets would remain there and would be used in “rarest of rare” situations. Who will decide such situations?” He said Congress will brief the APD about the need of ensur¬ing a blanket ban on pellet guns in Kashmir. He termed report of the committee as a “betrayal” to opposition at the Centre and in the State. “The opposition was promised by the government that there will be an alternative to pellets,” he said. The Congress leader is in Kashmir to “meet people and get a firsthand account of present situation.” “I would have come earlier, but since curfew was in place, I would not have been able to meet people,” he said. On 2008 summer uprising, Azad said then economic blockade was enforced by the BJP. “I resigned just after five civilian killing in 2008. I revoked the land transfer order within six days. It was the BJP men in Jammu, who enforced economic blockade that trig¬gered major resentment in Kashmir including the Muzafarabad march when 22 people were killed in a single day.” On Pakistan’s role in the present political situation in Kashmir, he said: “It’s not for the first time Pakistan’s role is negative. Paki¬stan has been playing a negative role since October 1947, when I was not even born.” 
</topic_text>
<spam_score>0.20</spam_score>
<post_num>1</post_num>
<post_id>post-1</post_id>
<post_url>http://www.greaterkashmir.com/news/front-page/enough-of-patchwork-time-for-lasting-solution-to-kashmir-ghulam-nabi-azad/227218.html</post_url>
<post_date>20160820</post_date>
<post_time></post_time>
<username>Abid Bashir</username>
<post>
Wednesday, August 31, 2016, 27, Zul Qaadah, 1437 Enough of patchwork, time for lasting solution to Kashmir: Ghulam Nabi Azad INTERVIEW | ‘MHA panel report on pellet guns shocking, misleading’ ABID BASHIR Srinagar, Publish Date: Aug 31 2016 1:01AM | Updated Date: Aug 31 2016 1:01AM File Photo Senior Congress leader and Leader of Opposition in Rajya Sabha Ghulam Nabi Azad on Tuesday said there has been a lot of “patchwork” on Kash¬mir and it is high time for New Delhi to initiate a dia¬logue with “all stakehold¬ers for finding a lasting solution” to the issue. He also rejected the report of a committee constituted by the Ministry of Home Affairs for finding an alter¬native to the pellet guns, stating it was shocking. In an interview with Greater Kashmir at his Srinagar residence, Azad, who had initiated a debate in the Rajya Sabha on Kashmir issue on July 18, said it was perhaps for the “first time in his¬tory that the Indian Par¬liament debated Kashmir four times.” “Congress initiated the discussion on Kash¬mir while other opposi¬tion leaders extended full support to it,” he said. “We suggested to the Government of India to hold an all-party meet and send an all-party delegation to Kashmir.” “Had the all-party delegation visited Kashmir earlier, perhaps the situation would have been different today. Perhaps, some young lives could have been saved and curfew lifted much ear¬lier,” he said. He said now that the APD is arriving in Srinagar on September 4, “it is better late than never.” “I hope people would meet the APD—those within mainstream and outside it. If nobody would meet, then there is no fun of APD,” he said. He said there is a need for a dialogue with “every shade of opinion for a durable solution.” The Congress leader said his 36 years of political experience suggests that the curfew period of 51 days was longest since 1947. “So many people have been killed in the past 60 years. We don’t want to see young boys dying on the streets after every five years. I think it’s for the first time such a huge number of injuries have been caused to youth, many of whom have lost their eyesight,” Azad said. “There has been enough of patchwork on Kashmir issue since 1947. I believe it’s high time for the Govern¬ment of India and the State government to work out a lasting solu-tion to the issue within the ambit of Indian Constitution,” he said. He said time was appropriate for a durable solution as BJP was in power at the Centre and State as well. “When Congress— during the time of late Jawahar Lal Nehru, Late Indhira Gandhi and Late Rajiv Gandhi—would take any pro-Kashmir step, the then BJP would oppose us and criticize us. Today, we have BJP govern¬ment at the Centre and also in the State, so opportunity shouldn’t be wasted. Congress would welcome any process aimed at find¬ing solution to the problem,” he said. Asked whether APD would meet Hurriyat leaders, Azad said most of the members in the delegation are from the opposition parties. “They should talk to everybody, the elders, the youth, especially those hitting the streets, whose age is between 15 and 16 years. Those in the mainstream, outside the mainstream and others should put forth their points of view before the APD members,” he said. On report submitted by the committee constituted for finding an alternative to pellet guns, Azad said it was shocking. “We had been demanding a blanket ban on pellet guns. Kashmir is not the only place where we see agitations, but pellet guns are used here only,” he said. “Government of India has misled us on pellet guns. I was shocked to see that pellets would remain there and would be used in “rarest of rare” situations. Who will decide such situations?” He said Congress will brief the APD about the need of ensur¬ing a blanket ban on pellet guns in Kashmir. He termed report of the committee as a “betrayal” to opposition at the Centre and in the State. “The opposition was promised by the government that there will be an alternative to pellets,” he said. The Congress leader is in Kashmir to “meet people and get a firsthand account of present situation.” “I would have come earlier, but since curfew was in place, I would not have been able to meet people,” he said. On 2008 summer uprising, Azad said then economic blockade was enforced by the BJP. “I resigned just after five civilian killing in 2008. I revoked the land transfer order within six days. It was the BJP men in Jammu, who enforced economic blockade that trig¬gered major resentment in Kashmir including the Muzafarabad march when 22 people were killed in a single day.” On Pakistan’s role in the present political situation in Kashmir, he said: “It’s not for the first time Pakistan’s role is negative. Paki¬stan has been playing a negative role since October 1947, when I was not even born.” 
</post>
<signature>

</signature>
<external_links>

</external_links>
<country>US</country>
<main_image>http://www.greaterkashmir.com/cms/gall_content/2016/8/2016_8$largeimg231_Aug_2016_010142820.jpg</main_image>
</document>
