<?xml version="1.0" encoding="UTF-8"?>
<document>
<type>mainstream</type>
<forum>http://www.trading-house.net/rss/meldungen/</forum>
<forum_title>trading-house.net Nachrichtenfeed</forum_title>
<discussion_title>Dynasty Announces Reliance on Financial Hardship Exemption in Respect of Private Placement Financing</discussion_title>
<language>english</language>
<gmt_offset></gmt_offset>
<topic_url>http://www.trading-house.net/news/dynasty-announces-reliance-on-financial-hardship-exemption-in-respect-of-private-placement-financing-50947244</topic_url>
<topic_text>
31.08.2016 - 02:23 Uhr Dynasty Announces Reliance on Financial Hardship Exemption in Respect of Private Placement Financing VANCOUVER, BRITISH COLUMBIA--(Marketwired - Aug. 30, 2016) - Further to its press release of August 16, 2016, Dynasty Metals &amp; Mining Inc. (&quot;Dynasty&quot; or the &quot;Company&quot;) (TSX:DMM)(OTCQX:DMMIF) would like to provide additional disclosure concerning …
</topic_text>
<spam_score>0.00</spam_score>
<post_num>1</post_num>
<post_id>post-1</post_id>
<post_url>http://www.trading-house.net/news/dynasty-announces-reliance-on-financial-hardship-exemption-in-respect-of-private-placement-financing-50947244</post_url>
<post_date>20160831</post_date>
<post_time>0023</post_time>
<username></username>
<post>
31.08.2016 - 02:23 Uhr Dynasty Announces Reliance on Financial Hardship Exemption in Respect of Private Placement Financing VANCOUVER, BRITISH COLUMBIA--(Marketwired - Aug. 30, 2016) - Further to its press release of August 16, 2016, Dynasty Metals &amp; Mining Inc. (&quot;Dynasty&quot; or the &quot;Company&quot;) (TSX:DMM)(OTCQX:DMMIF) would like to provide additional disclosure concerning …
</post>
<signature>

</signature>
<external_links>

</external_links>
<country>DE</country>
<main_image></main_image>
</document>
