<?xml version="1.0" encoding="UTF-8"?>
<document>
<type>mainstream</type>
<forum>http://feeds.feedblitz.com/previouslytv</forum>
<forum_title>Previously.TV</forum_title>
<discussion_title>They Might Be Giants Guest-Hosted Nick Rocks In 1989 :: Hey, it&apos;s the Dial-A-Song hotline. Kids, ask your parents. [Television]</discussion_title>
<language>english</language>
<gmt_offset></gmt_offset>
<topic_url>http://previously.tv/television/they-might-be-giants-guest-hosted-nick-rocks-in-1989/</topic_url>
<topic_text>
0 What the hell? 
Nick Rocks was a poor substitute for pharmaceutical-grade uncut MTV, but my brother and I weren&apos;t technically allowed to watch MTV because it would shorten our attention spans (which only made it more enticing, obviously), so when parents were near, we had to settle for the talkier, cheesier Nick Rocks . Here&apos;s They Might Be Giants hosting the show in &apos;89, the show&apos;s last season. How&apos;d you find this...whatever this is? 
Looking for a supercut of Pinwheel segments. Thank God that didn&apos;t work out. Shut up, Hattytown Tales. Who cares? 
The bit on the TMBG wiki about the guest spot is amusing; in the clip itself, John and John plug the legendary Dial-A-Song service. (I tried the number; the user hasn&apos;t set up his/her voicemail. hee.)
</topic_text>
<spam_score>0.00</spam_score>
<post_num>1</post_num>
<post_id>post-1</post_id>
<post_url>http://previously.tv/television/they-might-be-giants-guest-hosted-nick-rocks-in-1989/</post_url>
<post_date>20160829</post_date>
<post_time>1715</post_time>
<username>Sarah D. Bunting</username>
<post>
0 What the hell? 
Nick Rocks was a poor substitute for pharmaceutical-grade uncut MTV, but my brother and I weren&apos;t technically allowed to watch MTV because it would shorten our attention spans (which only made it more enticing, obviously), so when parents were near, we had to settle for the talkier, cheesier Nick Rocks . Here&apos;s They Might Be Giants hosting the show in &apos;89, the show&apos;s last season. How&apos;d you find this...whatever this is? 
Looking for a supercut of Pinwheel segments. Thank God that didn&apos;t work out. Shut up, Hattytown Tales. Who cares? 
The bit on the TMBG wiki about the guest spot is amusing; in the clip itself, John and John plug the legendary Dial-A-Song service. (I tried the number; the user hasn&apos;t set up his/her voicemail. hee.)
</post>
<signature>

</signature>
<external_links>

</external_links>
<country>US</country>
<main_image>http://previously.tv/m/2016-08-29-videotape.jpg</main_image>
</document>
