<?xml version="1.0" encoding="UTF-8"?>
<document>
<type>mainstream</type>
<forum></forum>
<forum_title></forum_title>
<discussion_title>Dal dwellers appeal authorities</discussion_title>
<language>english</language>
<gmt_offset></gmt_offset>
<topic_url>http://www.greaterkashmir.com/news/srinagar-city/story/227197.html</topic_url>
<topic_text>
Wednesday, August 31, 2016, 27, Zul Qaadah, 1437 Dal dwellers appeal authorities “Government used to provide us net, roof sheets for Shikaras and some stipend for our upliftment,” said a delegation of Dal dwellers led by Ashiq Hussain. GKNN Srinagar, Publish Date: Aug 30 2016 11:59PM | Updated Date: Aug 30 2016 11:59PM File Photo 
Dal dwellers Tuesday appealed authorities to reopen the welfare schemes which were stopped several years ago. 
“Government used to provide us net, roof sheets for Shikaras and some stipend for our upliftment,” said a delegation of Dal dwellers led by Ashiq Hussain. 
“We are dependent on Dal. Government used to facilitate us in terms of equipments so that we can earn our livelihood. It was stopped all of sudden several years ago,” they added. 
</topic_text>
<spam_score>0.00</spam_score>
<post_num>1</post_num>
<post_id>post-1</post_id>
<post_url>http://www.greaterkashmir.com/news/srinagar-city/story/227197.html</post_url>
<post_date>20160820</post_date>
<post_time></post_time>
<username></username>
<post>
Wednesday, August 31, 2016, 27, Zul Qaadah, 1437 Dal dwellers appeal authorities “Government used to provide us net, roof sheets for Shikaras and some stipend for our upliftment,” said a delegation of Dal dwellers led by Ashiq Hussain. GKNN Srinagar, Publish Date: Aug 30 2016 11:59PM | Updated Date: Aug 30 2016 11:59PM File Photo 
Dal dwellers Tuesday appealed authorities to reopen the welfare schemes which were stopped several years ago. 
“Government used to provide us net, roof sheets for Shikaras and some stipend for our upliftment,” said a delegation of Dal dwellers led by Ashiq Hussain. 
“We are dependent on Dal. Government used to facilitate us in terms of equipments so that we can earn our livelihood. It was stopped all of sudden several years ago,” they added. 
</post>
<signature>

</signature>
<external_links>

</external_links>
<country>US</country>
<main_image>http://www.greaterkashmir.com/cms/gall_content/2016/8/2016_8$largeimg230_Aug_2016_235958327.jpg</main_image>
</document>
