<?xml version="1.0" encoding="UTF-8"?>
<document>
<type>mainstream</type>
<forum>http://www.derwesten.de/rss</forum>
<forum_title>Start - WAZ</forum_title>
<discussion_title>Stahlkocher demonstrieren vor Sitzung des Aufsichtsrats</discussion_title>
<language>german</language>
<gmt_offset></gmt_offset>
<topic_url>http://www.derwesten.de/region/stahlkocher-demonstrieren-vor-sitzung-des-aufsichtsrats-id12150787.html</topic_url>
<topic_text>
Stahlkocher demonstrieren vor Sitzung des Aufsichtsrats 31.08.2016 | 01:57 Uhr 2016-08-31T01:57:00+02:00 Blick auf die Konzernzentrale von ThyssenKrupp in Essen. Foto: Rolf Vennenbernd/Archiv/dpa Duisburg. 
Unmittelbar vor der Aufsichtsratssitzung der Stahlsparte von ThyssenKrupp wollen heute in Duisburg bis zu 10 000 Mitarbeiter demonstrieren. Das Kontrollgremium soll am Nachmittag über ein Programm zur Umstrukturierung des Stahlbereichs beraten. Der Betriebsrat befürchtet, das am Ende des Prozesses 3000 bis 4000 Arbeitsplätze gestrichen werden könnten. Mit der Vorlage konkreter Pläne durch den Vorstand der ThyssenKrupp Steel AG wird erst im kommenden Jahr gerechnet. Außerdem beunruhigen Gespräche von ThyssenKrupp mit dem indischen Stahlkonkurrenten Tata über eine mögliche Zusammenarbeit die Belegschaft. Zu der Kundgebung werden neben dem Chef der IG Metall NRW, Knut Giesler, die Vorsitzenden des Konzernbetriebsrats und des Stahl-Betriebsrats, Willi Segerath und Günter Back, erwartet. (dpa)
</topic_text>
<spam_score>0.00</spam_score>
<post_num>1</post_num>
<post_id>post-1</post_id>
<post_url>http://www.derwesten.de/region/stahlkocher-demonstrieren-vor-sitzung-des-aufsichtsrats-id12150787.html</post_url>
<post_date>20160830</post_date>
<post_time>2357</post_time>
<username>(dpa), we, DerWesten</username>
<post>
Stahlkocher demonstrieren vor Sitzung des Aufsichtsrats 31.08.2016 | 01:57 Uhr 2016-08-31T01:57:00+02:00 Blick auf die Konzernzentrale von ThyssenKrupp in Essen. Foto: Rolf Vennenbernd/Archiv/dpa Duisburg. 
Unmittelbar vor der Aufsichtsratssitzung der Stahlsparte von ThyssenKrupp wollen heute in Duisburg bis zu 10 000 Mitarbeiter demonstrieren. Das Kontrollgremium soll am Nachmittag über ein Programm zur Umstrukturierung des Stahlbereichs beraten. Der Betriebsrat befürchtet, das am Ende des Prozesses 3000 bis 4000 Arbeitsplätze gestrichen werden könnten. Mit der Vorlage konkreter Pläne durch den Vorstand der ThyssenKrupp Steel AG wird erst im kommenden Jahr gerechnet. Außerdem beunruhigen Gespräche von ThyssenKrupp mit dem indischen Stahlkonkurrenten Tata über eine mögliche Zusammenarbeit die Belegschaft. Zu der Kundgebung werden neben dem Chef der IG Metall NRW, Knut Giesler, die Vorsitzenden des Konzernbetriebsrats und des Stahl-Betriebsrats, Willi Segerath und Günter Back, erwartet. (dpa)
</post>
<signature>

</signature>
<external_links>

</external_links>
<country>DE</country>
<main_image>http://www.derwesten.de/img/region/crop12150786/5059018656-cImg0273_543-w1200/urn-newsml-dpa-com-20090101-160830-99-275113-large-4-3.jpg</main_image>
</document>
