<?xml version="1.0" encoding="UTF-8"?>
<document>
<type>mainstream</type>
<forum></forum>
<forum_title></forum_title>
<discussion_title>NRG eSports. vs SK Gaming - CS:GO - ESL Pro League Season 4 - | GosuGamers</discussion_title>
<language>english</language>
<gmt_offset></gmt_offset>
<topic_url>http://www.gosugamers.net/counterstrike/tournaments/11671-esl-pro-league-season-4/3251-online-phase/11673-north-american-division/matches/137693-nrg-esports-vs-sk-gaming</topic_url>
<topic_text>
GosuGamers.net is not a gambling or betting website. We neither solicit nor accept wagers. The information provided is for reference and education only. 
WANT TO BET 
The best eSports odds on the market. Live betting, sports CS:GO, DOTA2, LoL, Hearthstone, StarCraft 2 and more! GosuGamers.net is not a gambling or betting website. We neither solicit nor accept wagers. The information provided is for reference and education only. 
</topic_text>
<spam_score>0.00</spam_score>
<post_num>1</post_num>
<post_id>post-1</post_id>
<post_url>http://www.gosugamers.net/counterstrike/tournaments/11671-esl-pro-league-season-4/3251-online-phase/11673-north-american-division/matches/137693-nrg-esports-vs-sk-gaming</post_url>
<post_date>20160831</post_date>
<post_time></post_time>
<username></username>
<post>
GosuGamers.net is not a gambling or betting website. We neither solicit nor accept wagers. The information provided is for reference and education only. 
WANT TO BET 
The best eSports odds on the market. Live betting, sports CS:GO, DOTA2, LoL, Hearthstone, StarCraft 2 and more! GosuGamers.net is not a gambling or betting website. We neither solicit nor accept wagers. The information provided is for reference and education only. 
</post>
<signature>

</signature>
<external_links>

</external_links>
<country>US</country>
<main_image></main_image>
</document>
