<?xml version="1.0" encoding="UTF-8"?>
<document>
<type>mainstream</type>
<forum>http://rss.radio-canada.ca/fils/regions/colombiebritannique.xml</forum>
<forum_title>Radio-Canada | Colombie-Britannique-Yukon</forum_title>
<discussion_title>Bientôt la fin du bulletin scolaire en Colombie-Britannique?</discussion_title>
<language>french</language>
<gmt_offset></gmt_offset>
<topic_url>http://ici.radio-canada.ca/regions/colombie-britannique/2016/08/30/013-bulletin-scolaire-disparaitre-noter-evaluer-eleves-parents-prof-cursus.shtml</topic_url>
<topic_text>
Bientôt la fin du bulletin scolaire en Colombie-Britannique? Photo : iStock 
Le traditionnel bulletin scolaire pourrait bientôt appartenir au passé en Colombie-Britannique. Le gouvernement libéral va lancer le mois prochain des consultations avec les parents à l&apos;échelle provinciale afin de déterminer comment mieux évaluer les élèves de la maternelle à la 9e année. 
« Avec les technologies désormais disponibles dans le système scolaire, il sera possible, pour les parents, si c&apos;est ce qu&apos;ils souhaitent, d&apos;avoir un rapport quasi quotidien sur ce qu&apos;a fait leur enfant à l&apos;école », a expliqué le ministre de l&apos;Éducation, Mike Bernier. 
Victoria avait promis, dans le cadre de l&apos;introduction du nouveau cursus scolaire qui entre en vigueur cette année , de revoir les pratiques de notation et d&apos;évaluation pour les élèves de la maternelle à la 9e année. Ceux de la 10e à la 12e attendront l&apos;année prochaine lorsque leur nouveau cursus sera appliqué à son tour. 
À lire aussi : 6 M$ pour que tous les enfants de Colombie-Britannique sachent coder 
La réglementation provinciale prévoit que le conseil d&apos;éducation doit fournir au moins cinq bulletins scolaires par an décrivant les progrès de l&apos;élève. Lui-même père de cinq enfants, le ministre Mike Bernier compte introduire plus de communication avec le corps professoral. 
Pour ce faire, les différentes options sur la table vont de l&apos;ajout de réunion parents-professeurs, à un bilan annuel écrit ou encore plus d&apos;évaluations au cours de l&apos;année. 
Charge de travail des enseignants 
La Fédération des enseignants de la Colombie-Britannique (BCTF) a déjà réagi au projet et souhaite que les enseignants soient inclus dans la procédure de consultations, notamment pour s&apos;assurer que la charge de travail ne sera pas alourdie. 
« C&apos;est important pour les parents d&apos;avoir des informations faciles à comprendre et pertinentes d&apos;un point de vue temporel pour savoir comment leur enfant évolue. Cela peut prendre différentes formes » souligne Glen Hansman, président de BCTF. 
« Nous ne voulons simplement pas d&apos;une situation dans laquelle on ajouterait de la difficulté au moment même où les cursus viennent de changer », conclut-il. Vous êtes témoin d&apos;un événement? Cliquez ici » Vous avez une coquille à signaler? Afficher les commentaires
</topic_text>
<spam_score>0.00</spam_score>
<post_num>1</post_num>
<post_id>post-1</post_id>
<post_url>http://ici.radio-canada.ca/regions/colombie-britannique/2016/08/30/013-bulletin-scolaire-disparaitre-noter-evaluer-eleves-parents-prof-cursus.shtml</post_url>
<post_date>20160830</post_date>
<post_time>2301</post_time>
<username></username>
<post>
Bientôt la fin du bulletin scolaire en Colombie-Britannique? Photo : iStock 
Le traditionnel bulletin scolaire pourrait bientôt appartenir au passé en Colombie-Britannique. Le gouvernement libéral va lancer le mois prochain des consultations avec les parents à l&apos;échelle provinciale afin de déterminer comment mieux évaluer les élèves de la maternelle à la 9e année. 
« Avec les technologies désormais disponibles dans le système scolaire, il sera possible, pour les parents, si c&apos;est ce qu&apos;ils souhaitent, d&apos;avoir un rapport quasi quotidien sur ce qu&apos;a fait leur enfant à l&apos;école », a expliqué le ministre de l&apos;Éducation, Mike Bernier. 
Victoria avait promis, dans le cadre de l&apos;introduction du nouveau cursus scolaire qui entre en vigueur cette année , de revoir les pratiques de notation et d&apos;évaluation pour les élèves de la maternelle à la 9e année. Ceux de la 10e à la 12e attendront l&apos;année prochaine lorsque leur nouveau cursus sera appliqué à son tour. 
À lire aussi : 6 M$ pour que tous les enfants de Colombie-Britannique sachent coder 
La réglementation provinciale prévoit que le conseil d&apos;éducation doit fournir au moins cinq bulletins scolaires par an décrivant les progrès de l&apos;élève. Lui-même père de cinq enfants, le ministre Mike Bernier compte introduire plus de communication avec le corps professoral. 
Pour ce faire, les différentes options sur la table vont de l&apos;ajout de réunion parents-professeurs, à un bilan annuel écrit ou encore plus d&apos;évaluations au cours de l&apos;année. 
Charge de travail des enseignants 
La Fédération des enseignants de la Colombie-Britannique (BCTF) a déjà réagi au projet et souhaite que les enseignants soient inclus dans la procédure de consultations, notamment pour s&apos;assurer que la charge de travail ne sera pas alourdie. 
« C&apos;est important pour les parents d&apos;avoir des informations faciles à comprendre et pertinentes d&apos;un point de vue temporel pour savoir comment leur enfant évolue. Cela peut prendre différentes formes » souligne Glen Hansman, président de BCTF. 
« Nous ne voulons simplement pas d&apos;une situation dans laquelle on ajouterait de la difficulté au moment même où les cursus viennent de changer », conclut-il. Vous êtes témoin d&apos;un événement? Cliquez ici » Vous avez une coquille à signaler? Afficher les commentaires
</post>
<signature>

</signature>
<external_links>

</external_links>
<country>CA</country>
<main_image>http://img.radio-canada.ca/2013/11/12/635x357/IS_131112_yp68a_enfant_fou_rire_sn635.jpg</main_image>
</document>
