<?xml version="1.0" encoding="UTF-8"?>
<document>
<type>mainstream</type>
<forum>http://feeds.feedblitz.com/previouslytv</forum>
<forum_title>Previously.TV</forum_title>
<discussion_title>The Night Of Knew How To Appeal To Us :: As Naz&apos;s story ends (and begins, in its way), a crime show that understood what we need from crime shows gave us just enough. [The Night Of]</discussion_title>
<language>english</language>
<gmt_offset></gmt_offset>
<topic_url>http://previously.tv/the-night-of/the-night-of-knew-how-to-appeal-to-us/</topic_url>
<topic_text>
The Night Of The Night Of Knew How To Appeal To Us As Naz&apos;s story ends (and begins, in its way), a crime show that understood what we need from crime shows gave us just enough. E08 
The most impressive aspect of The Night Of is the narrative balance it strikes, the careful proportioning of what an audience wants from its stories and what is true. It&apos;s much harder to get that recipe right than The Night Of made it look, because &quot;the truth&quot; -- what &quot;really&quot; happened -- is not only elusive, but often doesn&apos;t make for terribly interesting television. Take our hero&apos;s self-destructive downward spiral on Buffy The Vampire Slayer (&quot;...please&quot;); it&apos;s what that psychological situation would &quot;really&quot; have looked like, but at the same time, much like &quot;real&quot; depressive or post-trauma periods, it seemed just to keep going, on and on, unleavened, the same symbols repeating in the background like a cartoon. 
The Night Of featured some of that frustrating sameness in its symbology, but at the same time it seemed to understand that the &quot;significance&quot; of Stone&apos;s eczema and hives, or of the cat, comes from us, the viewers -- that, for the same reason we occupy ourselves with notorious unsolved crimes or numerology or whatever other ordering principle applied to the foundational chaos of the world, we need figurative signposts in narrative, and will install them ourselves if the narrative fails to. But sometimes things just happen at crucial times and don&apos;t mean anything; sometimes it&apos;s just coincidence, bad luck. In that way, The Night Of creates a nifty parallel between itself and the &quot;justice&quot; &quot;system&quot; it&apos;s depicting: that much of it works, and it&apos;s better than the alternatives, but a lot of it doesn&apos;t work, or is flawed and faulty because it is a system made up of humans. Did the eczema storyline/motif &quot;work&quot;? Not really. It could have stood for a bunch of things -- stress; ugly truth; the justice or medicine the average person can afford; that appearances can deceive but are also all we have -- but more likely just...is. Did the system &quot;work&quot; for Naz? Not really. He&apos;s out of jail, but covered in jailhouse ink and junked out; Andrea&apos;s still dead; everything his parents lost is still lost -- including his mother&apos;s faith in him, and then as a result Naz&apos;s faith in her . I didn&apos;t care for that scene and didn&apos;t think we needed the point put into words, but it&apos;s nestled in a closing montage of sorts -- another thing the show&apos;s creators understood that we needed, even if it felt a little expected. 
We needed the Good Wife -y snark of the presiding judge (played by Glenn Fleshler, who also portrayed ooky serial killer Errol Childress in True Detective ), to leaven the darkness -- the close-ups of the knife, the shadows of the cells, the nightmarish inability of Chandra to hit the brakes on her plummeting career. We needed Richard Price&apos;s ear for lengthy but professional and compelling cross-examination, with its realistic silences and balky non-answers. We even needed, I suppose, the running gag about Box refusing just to go golf and let the wheels keep turning without him; it isn&apos;t funny, but without it, the &quot;the more things change, the more they stay the same&quot;-ness of the larger story becomes suffocating. 
We needed the cat to cross the frame exactly when it did. Fan service? Maybe. I can live with that; Price and Zaillian knew we couldn&apos;t live without it. 
The Night Of got enough things right, and important things, to make me feel like the things it biffed, it biffed on purpose or did exist as part of a larger plan. It nailed the casting and the acting; my husband, irritated by Jeannie Berlin&apos;s speech patterns and ungainly gait, was obliged to admit that he&apos;s not used to seeing a prosecutor played by someone who looks like a real prosecutor, imperfect and older than 28. The plotting gave us just enough answers to feel like we knew what happened, but not all of them, not too many to find credible. It got the feeling of the city just right, and the feeling of being a young woman in the city, the swings between &quot;confident&quot; and &quot;beset&quot; on the street late at night. But the best thing it did is to understand why we read and watch crime stories, real and imagined, what we need from them and in what amounts. That good isn&apos;t going to triumph over evil, not permanently, so you take the small victories, and update your pets on them at the end of each day.
</topic_text>
<spam_score>0.00</spam_score>
<post_num>1</post_num>
<post_id>post-1</post_id>
<post_url>http://previously.tv/the-night-of/the-night-of-knew-how-to-appeal-to-us/</post_url>
<post_date>20160829</post_date>
<post_time>1400</post_time>
<username>Sarah D. Bunting</username>
<post>
The Night Of The Night Of Knew How To Appeal To Us As Naz&apos;s story ends (and begins, in its way), a crime show that understood what we need from crime shows gave us just enough. E08 
The most impressive aspect of The Night Of is the narrative balance it strikes, the careful proportioning of what an audience wants from its stories and what is true. It&apos;s much harder to get that recipe right than The Night Of made it look, because &quot;the truth&quot; -- what &quot;really&quot; happened -- is not only elusive, but often doesn&apos;t make for terribly interesting television. Take our hero&apos;s self-destructive downward spiral on Buffy The Vampire Slayer (&quot;...please&quot;); it&apos;s what that psychological situation would &quot;really&quot; have looked like, but at the same time, much like &quot;real&quot; depressive or post-trauma periods, it seemed just to keep going, on and on, unleavened, the same symbols repeating in the background like a cartoon. 
The Night Of featured some of that frustrating sameness in its symbology, but at the same time it seemed to understand that the &quot;significance&quot; of Stone&apos;s eczema and hives, or of the cat, comes from us, the viewers -- that, for the same reason we occupy ourselves with notorious unsolved crimes or numerology or whatever other ordering principle applied to the foundational chaos of the world, we need figurative signposts in narrative, and will install them ourselves if the narrative fails to. But sometimes things just happen at crucial times and don&apos;t mean anything; sometimes it&apos;s just coincidence, bad luck. In that way, The Night Of creates a nifty parallel between itself and the &quot;justice&quot; &quot;system&quot; it&apos;s depicting: that much of it works, and it&apos;s better than the alternatives, but a lot of it doesn&apos;t work, or is flawed and faulty because it is a system made up of humans. Did the eczema storyline/motif &quot;work&quot;? Not really. It could have stood for a bunch of things -- stress; ugly truth; the justice or medicine the average person can afford; that appearances can deceive but are also all we have -- but more likely just...is. Did the system &quot;work&quot; for Naz? Not really. He&apos;s out of jail, but covered in jailhouse ink and junked out; Andrea&apos;s still dead; everything his parents lost is still lost -- including his mother&apos;s faith in him, and then as a result Naz&apos;s faith in her . I didn&apos;t care for that scene and didn&apos;t think we needed the point put into words, but it&apos;s nestled in a closing montage of sorts -- another thing the show&apos;s creators understood that we needed, even if it felt a little expected. 
We needed the Good Wife -y snark of the presiding judge (played by Glenn Fleshler, who also portrayed ooky serial killer Errol Childress in True Detective ), to leaven the darkness -- the close-ups of the knife, the shadows of the cells, the nightmarish inability of Chandra to hit the brakes on her plummeting career. We needed Richard Price&apos;s ear for lengthy but professional and compelling cross-examination, with its realistic silences and balky non-answers. We even needed, I suppose, the running gag about Box refusing just to go golf and let the wheels keep turning without him; it isn&apos;t funny, but without it, the &quot;the more things change, the more they stay the same&quot;-ness of the larger story becomes suffocating. 
We needed the cat to cross the frame exactly when it did. Fan service? Maybe. I can live with that; Price and Zaillian knew we couldn&apos;t live without it. 
The Night Of got enough things right, and important things, to make me feel like the things it biffed, it biffed on purpose or did exist as part of a larger plan. It nailed the casting and the acting; my husband, irritated by Jeannie Berlin&apos;s speech patterns and ungainly gait, was obliged to admit that he&apos;s not used to seeing a prosecutor played by someone who looks like a real prosecutor, imperfect and older than 28. The plotting gave us just enough answers to feel like we knew what happened, but not all of them, not too many to find credible. It got the feeling of the city just right, and the feeling of being a young woman in the city, the swings between &quot;confident&quot; and &quot;beset&quot; on the street late at night. But the best thing it did is to understand why we read and watch crime stories, real and imagined, what we need from them and in what amounts. That good isn&apos;t going to triumph over evil, not permanently, so you take the small victories, and update your pets on them at the end of each day.
</post>
<signature>

</signature>
<external_links>

</external_links>
<country>US</country>
<main_image>http://previously.tv/m/2016-08-29-tno.jpg</main_image>
</document>
