<?xml version="1.0" encoding="UTF-8"?>
<document>
<type>mainstream</type>
<forum>http://feeds.gawker.com/jalopnik/full</forum>
<forum_title>Jalopnik</forum_title>
<discussion_title>Tesla Gets Extension After Missing NHTSA Deadline In Autopilot Death Investigation</discussion_title>
<language>english</language>
<gmt_offset></gmt_offset>
<topic_url>http://jalopnik.com/tesla-gets-extension-after-missing-nhtsa-deadline-in-au-1785973574</topic_url>
<topic_text>
Photo via Harold Cunningham , Getty Images 
The National Highway and Traffic Safety Administration’s information request to Tesla following the death of Joshua Brown in a Tesla Model S with Autopilot activated has been set back a week after Tesla missed the August 26th deadline. 
Brown was killed in a crash involving his Tesla Model S back in May when the Autopilot driver-assistance system that was activated failed to sense a trailer truck that had pulled out in front of the vehicle, sending the car under the trailer at highway speeds, shearing off its roof. Browns death is the first known fatality in a crash with Autopilot activated. The First Fatal Crash In A Self-Driving Car Has Happened; NHTSA Investigating Tesla The First Fatal Crash In A Self-Driving Car Has Happened; NHTSA Investigating Tesla The First Fatal Crash In A Self-Driving Car Has… One person died in a May crash in Florida involving a Tesla Model S cruising on its semi-autonomous … Read more Read more 
In an update on the federal investigation by Business Insider titled “ Here’s the latest on the federal investigation into Tesla’s first fatal Autopilot crash ,” the “latest” is that Tesla failed to meet the August 26th deadline for the NHTSA’s information request, which was submitted to Tesla on July 8th. 
The request asked Tesla to provide details of any alleged defects relating to the Autopilot feature’s Forward Collision Warning and Automatic Braking systems, as well as any current or future changes to such systems that may result in similar complications. Sponsored 
Tesla, which was recently shamed by the The Wall Street Journal for failing to meet a measured 20 of its goals and projections, requested another week to submit the NHTSA’s information request. 
An NHTSA spokesperson confirmed to Business Insider that Tesla now had until September 2nd to complete the request. 
Perhaps the one time Tesla should be on time is when the government is investigating its “Beta” systems in the deadly crash of one of its customers. Recommended Stories
</topic_text>
<spam_score>0.00</spam_score>
<post_num>1</post_num>
<post_id>post-1</post_id>
<post_url>http://jalopnik.com/tesla-gets-extension-after-missing-nhtsa-deadline-in-au-1785973574</post_url>
<post_date>20160831</post_date>
<post_time>0022</post_time>
<username>Justin T. Westbrook</username>
<post>
Photo via Harold Cunningham , Getty Images 
The National Highway and Traffic Safety Administration’s information request to Tesla following the death of Joshua Brown in a Tesla Model S with Autopilot activated has been set back a week after Tesla missed the August 26th deadline. 
Brown was killed in a crash involving his Tesla Model S back in May when the Autopilot driver-assistance system that was activated failed to sense a trailer truck that had pulled out in front of the vehicle, sending the car under the trailer at highway speeds, shearing off its roof. Browns death is the first known fatality in a crash with Autopilot activated. The First Fatal Crash In A Self-Driving Car Has Happened; NHTSA Investigating Tesla The First Fatal Crash In A Self-Driving Car Has Happened; NHTSA Investigating Tesla The First Fatal Crash In A Self-Driving Car Has… One person died in a May crash in Florida involving a Tesla Model S cruising on its semi-autonomous … Read more Read more 
In an update on the federal investigation by Business Insider titled “ Here’s the latest on the federal investigation into Tesla’s first fatal Autopilot crash ,” the “latest” is that Tesla failed to meet the August 26th deadline for the NHTSA’s information request, which was submitted to Tesla on July 8th. 
The request asked Tesla to provide details of any alleged defects relating to the Autopilot feature’s Forward Collision Warning and Automatic Braking systems, as well as any current or future changes to such systems that may result in similar complications. Sponsored 
Tesla, which was recently shamed by the The Wall Street Journal for failing to meet a measured 20 of its goals and projections, requested another week to submit the NHTSA’s information request. 
An NHTSA spokesperson confirmed to Business Insider that Tesla now had until September 2nd to complete the request. 
Perhaps the one time Tesla should be on time is when the government is investigating its “Beta” systems in the deadly crash of one of its customers. Recommended Stories
</post>
<signature>

</signature>
<external_links>

</external_links>
<country></country>
<main_image>https://i.kinja-img.com/gawker-media/image/upload/s--v3SGiJGT--/c_fill,fl_progressive,g_center,h_450,q_80,w_800/fkyalhvlzfbziervnnpl.jpg</main_image>
</document>
