<?xml version="1.0" encoding="UTF-8"?>
<document>
<type>mainstream</type>
<forum>http://feeds.feedblitz.com/previouslytv</forum>
<forum_title>Previously.TV</forum_title>
<discussion_title>Again With This: How Cool Could She Be? She&apos;s From Buffalo :: The girl who&apos;s going to be living in Brenda&apos;s room arrives with her tragic backstory -- but is Dylan&apos;s current degraded state even tragicker? [Beverly Hills, 90210]</discussion_title>
<language>english</language>
<gmt_offset></gmt_offset>
<topic_url>http://previously.tv/beverly-hills-90210/awt-90210-s05e01/</topic_url>
<topic_text>
Podcasts Again With This: How Cool Could She Be? She&apos;s From Buffalo The girl who&apos;s going to be living in Brenda&apos;s room arrives with her tragic backstory -- but is Dylan&apos;s current degraded state even tragicker?
</topic_text>
<spam_score>0.00</spam_score>
<post_num>1</post_num>
<post_id>post-1</post_id>
<post_url>http://previously.tv/beverly-hills-90210/awt-90210-s05e01/</post_url>
<post_date>20160829</post_date>
<post_time>1300</post_time>
<username>Tara Ariano</username>
<post>
Podcasts Again With This: How Cool Could She Be? She&apos;s From Buffalo The girl who&apos;s going to be living in Brenda&apos;s room arrives with her tragic backstory -- but is Dylan&apos;s current degraded state even tragicker?
</post>
<signature>

</signature>
<external_links>

</external_links>
<country>US</country>
<main_image>http://previously.tv/m/awt-90210-s05e01.jpg</main_image>
</document>
