<?xml version="1.0" encoding="UTF-8"?>
<document>
<type>mainstream</type>
<forum>http://ria.ru/culture/</forum>
<forum_title>Культура | РИА Новости</forum_title>
<discussion_title>Московскую консерваторию имени Чайковского отремонтируют в 2017 году</discussion_title>
<language>russian</language>
<gmt_offset></gmt_offset>
<topic_url>http://ria.ru/culture/20160830/1475667877.html</topic_url>
<topic_text>
МОСКВА, 30 авг — РИА Новости. Комплекс зданий московской государственной консерватории имени Петра Ильича Чайковского будет отремонтирован в следующем году, сообщил руководитель департамента градостроительной политики Москвы Сергей Левкин.
По его словам, в Москве реконструируются много образовательных и культурных объектов.
&quot;Один из таких объектов — комплекс зданий консерватории имени Чайковского&quot;, — сказал он.
Чиновник рассказал, что реализация проекта предусмотрена в три этапа. Первый этап будет завершен в конце этого года. В его рамках будет отремонтировано общежитие консерватории. В рамках второго этапа будут созданы актовый и киноконцертный залы, бюро пропусков, кафе, столовая, медицинский блок, спортзал и бассейн.
Московская консерватория основана в 1866 году выдающимся музыкантом Николаем Рубинштейном. Согласно данным из открытых источников, здание консерватории было перестроено из усадьбы основательницы Российской академии Дашковой в 1895–1901 годах архитектором Загорским и скульптором Аладьиным. В 1932–1933 годах трехэтажное здание консерватории было надстроено по проекту Бондаренко, а в 1983 году к консерватории было присоединено здание Синодального училища церковного пения, построенное в стиле классицизма в конце XVIII века.
</topic_text>
<spam_score>0.14</spam_score>
<post_num>1</post_num>
<post_id>post-1</post_id>
<post_url>http://ria.ru/culture/20160830/1475667877.html</post_url>
<post_date>20160830</post_date>
<post_time>2100</post_time>
<username>ria.ru</username>
<post>
МОСКВА, 30 авг — РИА Новости. Комплекс зданий московской государственной консерватории имени Петра Ильича Чайковского будет отремонтирован в следующем году, сообщил руководитель департамента градостроительной политики Москвы Сергей Левкин.
По его словам, в Москве реконструируются много образовательных и культурных объектов.
&quot;Один из таких объектов — комплекс зданий консерватории имени Чайковского&quot;, — сказал он.
Чиновник рассказал, что реализация проекта предусмотрена в три этапа. Первый этап будет завершен в конце этого года. В его рамках будет отремонтировано общежитие консерватории. В рамках второго этапа будут созданы актовый и киноконцертный залы, бюро пропусков, кафе, столовая, медицинский блок, спортзал и бассейн.
Московская консерватория основана в 1866 году выдающимся музыкантом Николаем Рубинштейном. Согласно данным из открытых источников, здание консерватории было перестроено из усадьбы основательницы Российской академии Дашковой в 1895–1901 годах архитектором Загорским и скульптором Аладьиным. В 1932–1933 годах трехэтажное здание консерватории было надстроено по проекту Бондаренко, а в 1983 году к консерватории было присоединено здание Синодального училища церковного пения, построенное в стиле классицизма в конце XVIII века.
</post>
<signature>

</signature>
<external_links>

</external_links>
<country>RU</country>
<main_image>https://cdn1.img.ria.ru/images/96022/83/960228377.jpg</main_image>
</document>
