<?xml version="1.0" encoding="UTF-8"?>
<document>
<type>mainstream</type>
<forum>http://www.euractiv.com/rss.xml</forum>
<forum_title>EurActiv.com</forum_title>
<discussion_title>Commission’s Apple tax clawback violates Irish sovereignty, claims Dublin</discussion_title>
<language>english</language>
<gmt_offset></gmt_offset>
<topic_url>http://www.euractiv.com/section/digital/news/commissions-apple-tax-clawback-violates-irish-sovereignty-claims-dublin/</topic_url>
<topic_text>
The European Commission today (30 August) hit Apple with a €13 billion clawback of unpaid taxes in Ireland, but Dublin branded the move a violation of its sovereignty and both the country and the US tech giant immediately said they would appeal the decision.
The decision has put the executive at loggerheads with Ireland, which fears for the effect on investment in its economy and accused it of meddling in its sovereign tax affairs, with Apple, and with the US government, which has accused Brussels of targeting successful American companies.
After a three-year probe, Commission antitrust regulators said that Dublin gave Apple an unfair competitive advantage through the tax treatment of two company structures over ten years.
The Commission accused Ireland in 2014 of dodging international tax rules by letting Apple shelter profits worth tens of billions of dollars from tax collectors in return for maintaining jobs.
“Two tax rulings granted by Ireland artificially reduced Apple’s tax burden for over two decades in breach of EU state aid rules. Apple now has to repay benefits worth up to 13 billion plus interest, “ said Competition Commissioner Margrethe Vestager.
Ireland’s Finance Minister Michael Noonan said an appeal to the European courts was necessary to “defend the integrity of our tax system, to provide tax certainty to business and to challenge the encroachment of EU state aid rules into the sovereign member state competence of taxation”.
Apple Inc US set up two ‘stateless’ subsidiaries, Apple Sales International and Apple Operations Europe, which were incorporated in Ireland. ASI was set up to handle sales of Apple products such as the iPhone in Europe, the Middle East, Africa and India.
But the Irish tax rulings, made in 1991 and renewed in 2007, meant that any profits reported by each company’s head office, neither of which had any employees, were not subject to tax in any jurisdiction in the world.
That meant that Apple, one of the world’s most valuable companies, paid as little as €50 for every million euros in profit the two subsidiaries made, Competition Commissioner Margrethe Vestager said at a Brussels press briefing.
The loophole was closed by Dublin in early 2013, after the existence of the rulings were exposed by a US senate hearing.
</topic_text>
<spam_score>0.00</spam_score>
<post_num>4</post_num>
<post_id>post-4</post_id>
<post_url>http://www.euractiv.com/section/digital/news/commissions-apple-tax-clawback-violates-irish-sovereignty-claims-dublin/#comment-316531</post_url>
<post_date>20160830</post_date>
<post_time></post_time>
<username>James</username>
<post>
I agree with the principle of fairness but, I think this needs to be done in a clear set of rules going forward and some kind of sold treaty. Retroactively humiliating Ireland like this is just likely to cause yet another Brexit scenario. The Irish economy has recovered and has been going well after a period of extreme recession, austerity and mass emigration and there’s huge concern in Ireland about the impact of Brexit on SMEs and trade. Bear in mind Ireland is the only EU country that shares a land border with the UK and maintains a passport-less, ID-cardless …  Read more »
</post>
<signature>

</signature>
<external_links>

</external_links>
<country>BG</country>
<main_image>http://www.euractiv.com/wp-content/uploads/sites/2/2016/08/Magrethe-Vestager-800x450.jpg</main_image>
</document>
