<?xml version="1.0" encoding="UTF-8"?>
<document>
<type>mainstream</type>
<forum>http://www.trading-house.net/rss/meldungen/</forum>
<forum_title>trading-house.net Nachrichtenfeed</forum_title>
<discussion_title>SEATTLE (CITY OF) WA ELECTRIC ENTERPRISE -- Moody&apos;s assigns Aa2 rating to Seattle, WA&apos;s 2016C electric revenue bonds; outlook stable</discussion_title>
<language>english</language>
<gmt_offset></gmt_offset>
<topic_url>http://www.trading-house.net/news/seattle-city-of-wa-electric-enterprise-moody-s-assigns-aa2-rating-to-seattle-wa-s-2016c-electric-revenue-bonds-outlook-stable-50947198</topic_url>
<topic_text>
Pressespiegel 31.08.2016 - 02:14 Uhr SEATTLE (CITY OF) WA ELECTRIC ENTERPRISE -- Moody&apos;s assigns Aa2 rating to Seattle, WA&apos;s 2016C electric revenue bonds; outlook stable New York, August 30, 2016 -- Issue: Municipal Light and Power Improvement and Refunding Revenue Bonds, 2016C; Rating: Aa2; Rating Type: Underlying LT; Sale Amount: $151,150,000; Expected Sale Date: 09/09/2016; Rating Description: Revenue: Government Enterprise;
</topic_text>
<spam_score>0.00</spam_score>
<post_num>1</post_num>
<post_id>post-1</post_id>
<post_url>http://www.trading-house.net/news/seattle-city-of-wa-electric-enterprise-moody-s-assigns-aa2-rating-to-seattle-wa-s-2016c-electric-revenue-bonds-outlook-stable-50947198</post_url>
<post_date>20160831</post_date>
<post_time>0014</post_time>
<username></username>
<post>
Pressespiegel 31.08.2016 - 02:14 Uhr SEATTLE (CITY OF) WA ELECTRIC ENTERPRISE -- Moody&apos;s assigns Aa2 rating to Seattle, WA&apos;s 2016C electric revenue bonds; outlook stable New York, August 30, 2016 -- Issue: Municipal Light and Power Improvement and Refunding Revenue Bonds, 2016C; Rating: Aa2; Rating Type: Underlying LT; Sale Amount: $151,150,000; Expected Sale Date: 09/09/2016; Rating Description: Revenue: Government Enterprise;
</post>
<signature>

</signature>
<external_links>

</external_links>
<country>DE</country>
<main_image></main_image>
</document>
