<?xml version="1.0" encoding="UTF-8"?>
<document>
<type>mainstream</type>
<forum>http://www.trelleborgsallehanda.se/feed</forum>
<forum_title>Trelleborgs Allehanda</forum_title>
<discussion_title>Gapet mellan rika och fattiga ökar</discussion_title>
<language>swedish</language>
<gmt_offset></gmt_offset>
<topic_url>http://www.trelleborgsallehanda.se/tt-ekonomi/gapet-mellan-rika-och-fattiga-okar/</topic_url>
<topic_text>
Gapet mellan rika och fattiga ökar TT-Ekonomi 2 timmar sedan Den rikaste tiondelen av svenskarna ökade sin andel av landets samlande förmögenhet mellan 2007-2012 från 19,2 procent till 21,7 procent. Det visar en studie från Institutet vid näringslivsforskning, som använt taxerade kapitalinkomster för att beräkna förmögenheter, skriver DN.(TT) TT A A 
Den rikaste tiondelen av svenskarna ökade sin andel av landets samlande förmögenhet mellan 2007-2012 från 19,2 procent till 21,7 procent. 
Det visar en studie från Institutet vid näringslivsforskning, som använt taxerade kapitalinkomster för att beräkna förmögenheter, skriver DN. 
För tre tiondelar av svenskarna har skulderna under samma period överstigit tillgångarna, vilket innebär att klyftan mellan rika och skuldsatta ökar, enligt forskarna.  
</topic_text>
<spam_score>0.00</spam_score>
<post_num>1</post_num>
<post_id>post-1</post_id>
<post_url>http://www.trelleborgsallehanda.se/tt-ekonomi/gapet-mellan-rika-och-fattiga-okar/</post_url>
<post_date>20160830</post_date>
<post_time>2205</post_time>
<username></username>
<post>
Gapet mellan rika och fattiga ökar TT-Ekonomi 2 timmar sedan Den rikaste tiondelen av svenskarna ökade sin andel av landets samlande förmögenhet mellan 2007-2012 från 19,2 procent till 21,7 procent. Det visar en studie från Institutet vid näringslivsforskning, som använt taxerade kapitalinkomster för att beräkna förmögenheter, skriver DN.(TT) TT A A 
Den rikaste tiondelen av svenskarna ökade sin andel av landets samlande förmögenhet mellan 2007-2012 från 19,2 procent till 21,7 procent. 
Det visar en studie från Institutet vid näringslivsforskning, som använt taxerade kapitalinkomster för att beräkna förmögenheter, skriver DN. 
För tre tiondelar av svenskarna har skulderna under samma period överstigit tillgångarna, vilket innebär att klyftan mellan rika och skuldsatta ökar, enligt forskarna.  
</post>
<signature>

</signature>
<external_links>

</external_links>
<country>SE</country>
<main_image>http://d6jf7ok6u1qis.cloudfront.net/imengine/image.php?uuid=31c88ddc-3100-4d48-8a60-c06e57186573&amp;type=preview&amp;source=false&amp;function=cropresize&amp;width=768&amp;height=384&amp;q=40&amp;x=0&amp;y=86&amp;crop_w=1024&amp;crop_h=512&amp;z=1</main_image>
</document>
