<?xml version="1.0" encoding="UTF-8"?>
<document>
<type>mainstream</type>
<forum></forum>
<forum_title></forum_title>
<discussion_title>清原和博被告の初公判裁判で元巨人野村貴仁が薬物使用を証言？ | トレンディーバル</discussion_title>
<language>english</language>
<gmt_offset></gmt_offset>
<topic_url>http://trendybaru.com/4879.html</topic_url>
<topic_text>

</topic_text>
<spam_score>0.00</spam_score>
<post_num>1</post_num>
<post_id>post-1</post_id>
<post_url>http://trendybaru.com/4879.html</post_url>
<post_date>20160802</post_date>
<post_time></post_time>
<username></username>
<post>

</post>
<signature>

</signature>
<external_links>

</external_links>
<country>JP</country>
<main_image>http://trendybaru.com/wp-content/plugins/all-in-one-seo-pack/images/default-user-image.png</main_image>
</document>
