<?xml version="1.0" encoding="UTF-8"?>
<document>
<type>mainstream</type>
<forum>http://www.care2.com/causes/author/stevebwilliams/feed</forum>
<forum_title>Care2 Causes » Steve Williams</forum_title>
<discussion_title>Is the Mediterranean Diet Better Than Statins for Treating Heart Disease?</discussion_title>
<language>english</language>
<gmt_offset></gmt_offset>
<topic_url>http://www.care2.com/causes/is-the-mediterranean-diet-better-than-statins-for-treating-heart-disease.html</topic_url>
<topic_text>
  
A new study suggests that a Mediterranean diet may cut risk of heart failure more than statins, but the results must be put in context — here’s why. 
Statins are drugs that provide a key treatment for lowering cholesterol and, as a result, safeguard people with either a personal or family history of conditions like heart attacks, strokes and blocked arteries. 
Previous research has shown that statins are effective and provide the best all-around preventative treatment. Statins have been prescribed in increasing numbers , but they may come with some serious drawbacks . 
However, an observational study presented at the European Society of Cardiology conference this past weekend is earning a lot of press attention for its findings. The research seems to show that a Mediterranean diet may have the same — or greater — health value than statins. 
What did the study show? 
The research, which was conducted by a team of Italian scientists, aimed to examine the Mediterranean diet more closely because it has performed well in other studies. The diet — rich in healthy oils, fish and vegetables — has shown a marked ability to protect people from developing heart disease, as well as lowering the risk of other health problems — even cancer. That being said, no large-scale studies have assessed the diet’ 
Researchers tracked 1,200 heart patients over the course of several years. During the study’s time frame, 208 patients died. However, when the researchers analyzed lifestyle choices and considered other factors — like pre-existing diabetes, smoking, age and cholesterol levels — 
Statins tend to deliver a safeguarding effect that is around 18 percent, though the figure is contested . That’ 
Despite how many newspapers — even the Guardian – 
For one thing, this study was strictly observational, so researchers couldn’t control for the many ways in which self-reporting can skew results. Furthermore, this research didn’t directly compare statins to the Mediterranean diet. Thus, we can’t tell how the two perform under the s 
Even so, this research adds to a growing body of evidence that supports a mainly plant-based diet — and specifically, a Mediterranean-style diet — 
Combining the diet’s apparent healthful benefits with other treatments — like statins —
</topic_text>
<spam_score>0.00</spam_score>
<post_num>1</post_num>
<post_id>post-1</post_id>
<post_url>http://www.care2.com/causes/is-the-mediterranean-diet-better-than-statins-for-treating-heart-disease.html</post_url>
<post_date>20160830</post_date>
<post_time>1700</post_time>
<username>Steve Williams</username>
<post>
  
A new study suggests that a Mediterranean diet may cut risk of heart failure more than statins, but the results must be put in context — here’s why. 
Statins are drugs that provide a key treatment for lowering cholesterol and, as a result, safeguard people with either a personal or family history of conditions like heart attacks, strokes and blocked arteries. 
Previous research has shown that statins are effective and provide the best all-around preventative treatment. Statins have been prescribed in increasing numbers , but they may come with some serious drawbacks . 
However, an observational study presented at the European Society of Cardiology conference this past weekend is earning a lot of press attention for its findings. The research seems to show that a Mediterranean diet may have the same — or greater — health value than statins. 
What did the study show? 
The research, which was conducted by a team of Italian scientists, aimed to examine the Mediterranean diet more closely because it has performed well in other studies. The diet — rich in healthy oils, fish and vegetables — has shown a marked ability to protect people from developing heart disease, as well as lowering the risk of other health problems — even cancer. That being said, no large-scale studies have assessed the diet’ 
Researchers tracked 1,200 heart patients over the course of several years. During the study’s time frame, 208 patients died. However, when the researchers analyzed lifestyle choices and considered other factors — like pre-existing diabetes, smoking, age and cholesterol levels — 
Statins tend to deliver a safeguarding effect that is around 18 percent, though the figure is contested . That’ 
Despite how many newspapers — even the Guardian – 
For one thing, this study was strictly observational, so researchers couldn’t control for the many ways in which self-reporting can skew results. Furthermore, this research didn’t directly compare statins to the Mediterranean diet. Thus, we can’t tell how the two perform under the s 
Even so, this research adds to a growing body of evidence that supports a mainly plant-based diet — and specifically, a Mediterranean-style diet — 
Combining the diet’s apparent healthful benefits with other treatments — like statins —
</post>
<signature>

</signature>
<external_links>

</external_links>
<country>US</country>
<main_image>http://dingo.care2.com/pictures/causes/3189/3188204.large.jpg</main_image>
</document>
