<?xml version="1.0" encoding="UTF-8"?>
<document>
<type>mainstream</type>
<forum>http://rssfeeds.montgomeryadvertiser.com/montgomery/business</forum>
<forum_title>Montgomery - Business</forum_title>
<discussion_title>Forest Hills provides wide variety of choices</discussion_title>
<language>english</language>
<gmt_offset></gmt_offset>
<topic_url>http://www.montgomeryadvertiser.com/story/marketplace/real-estate/2016/08/30/forest-hills-provides-wide-variety-choices/89573894/</topic_url>
<topic_text>
Forest Hills provides wide variety of choices Paul Sullivan 1:12 a.m. CDT August 30, 2016 A home on Forestdale Drive in Forest Hills is for sale for $89,900 and provides   1,450 square feet of living space. (Photo:   
Forest Hills presents prospective homeowners with a variety of housing options ranging from one story starter homes to two-level family houses with basements. 
The larger neighborhood starts just off Harrison Road on the south side of one of Montgomery’s rare hills and extends north to near Atlanta Highway. 
Forest Hills is known for winding streets that cut through a neighborhood laced with majestic trees and quaint cul-de-sacs. 
Eastern Hills Baptist Church sits atop the hill in the middle of Forest Hills and is just one of several churches that are within walking distance of residents. 
Flowers Elementary School also is located on Harrison Road, along with a city park. 
But the location of Forest Hills is one of its chief selling points, according to one Realtor. 
“It’s convenient to everything Montgomery and the surrounding areas have to offer,” Realtor Patti Guthrie said. “It is a very friendly neighborhood. People who bought their first home many years ago who still live in this area are always willing to help their neighbors.” 
The Capital City’s expansion eastward has put Forest Hills in the middle of town. The growth of shopping and restaurant opportunities along Ann Street in the past decade has put most every item a household   Forest Hills address. 
Home construction dates in Forest Hills range from the 1950s to the mid-1990s, Guthrie said. The terrain ranges from flat to gently sloping and hilly. And yard sizes vary up to lots that may require a riding lawnmower or an ambitious homeowner behind a push mower. 
One home on Forestdale Drive includes   1,450   was built in 1970 and is on the market at $89,900. 
“This area and house would be ideal for homeowners buying their first home or someone who wants to downsize to a smaller home,” Guthrie said. “And if you are looking for an area that is convenient to shopping, restaurants, grocery stores, churches, schools, recreational activities, and easy access on and off the interstate system, this area might just be perfect for you.” 
The home rests on a quiet street and includes a patio that sits below large trees in a peaceful backyard. 
Breaking it down
</topic_text>
<spam_score>0.00</spam_score>
<post_num>1</post_num>
<post_id>post-1</post_id>
<post_url>http://www.montgomeryadvertiser.com/story/marketplace/real-estate/2016/08/30/forest-hills-provides-wide-variety-choices/89573894/</post_url>
<post_date>20160830</post_date>
<post_time>0612</post_time>
<username></username>
<post>
Forest Hills provides wide variety of choices Paul Sullivan 1:12 a.m. CDT August 30, 2016 A home on Forestdale Drive in Forest Hills is for sale for $89,900 and provides   1,450 square feet of living space. (Photo:   
Forest Hills presents prospective homeowners with a variety of housing options ranging from one story starter homes to two-level family houses with basements. 
The larger neighborhood starts just off Harrison Road on the south side of one of Montgomery’s rare hills and extends north to near Atlanta Highway. 
Forest Hills is known for winding streets that cut through a neighborhood laced with majestic trees and quaint cul-de-sacs. 
Eastern Hills Baptist Church sits atop the hill in the middle of Forest Hills and is just one of several churches that are within walking distance of residents. 
Flowers Elementary School also is located on Harrison Road, along with a city park. 
But the location of Forest Hills is one of its chief selling points, according to one Realtor. 
“It’s convenient to everything Montgomery and the surrounding areas have to offer,” Realtor Patti Guthrie said. “It is a very friendly neighborhood. People who bought their first home many years ago who still live in this area are always willing to help their neighbors.” 
The Capital City’s expansion eastward has put Forest Hills in the middle of town. The growth of shopping and restaurant opportunities along Ann Street in the past decade has put most every item a household   Forest Hills address. 
Home construction dates in Forest Hills range from the 1950s to the mid-1990s, Guthrie said. The terrain ranges from flat to gently sloping and hilly. And yard sizes vary up to lots that may require a riding lawnmower or an ambitious homeowner behind a push mower. 
One home on Forestdale Drive includes   1,450   was built in 1970 and is on the market at $89,900. 
“This area and house would be ideal for homeowners buying their first home or someone who wants to downsize to a smaller home,” Guthrie said. “And if you are looking for an area that is convenient to shopping, restaurants, grocery stores, churches, schools, recreational activities, and easy access on and off the interstate system, this area might just be perfect for you.” 
The home rests on a quiet street and includes a patio that sits below large trees in a peaceful backyard. 
Breaking it down
</post>
<signature>

</signature>
<external_links>

</external_links>
<country>US</country>
<main_image>http://www.gannett-cdn.com/-mm-/d8e21ce12ea9253b8665ae67a0f3805a17c1cec5/c=0-74-569-394&amp;amp;r=x633&amp;amp;c=1200x630/local/-/media/2016/08/30/Montgomery/B9323591266Z.1_20160830021240_000_GO5FGHQVS.1-0.jpg</main_image>
</document>
