<?xml version="1.0" encoding="UTF-8"?>
<document>
<type>mainstream</type>
<forum></forum>
<forum_title></forum_title>
<discussion_title>Ordenan excarcelar al médico que mató a un ladrón | Viarosario.com</discussion_title>
<language>spanish</language>
<gmt_offset></gmt_offset>
<topic_url>http://www.viarosario.com/noticias/ordenan-excarcelar-medico-que-mato-ladron-loma-hermosa</topic_url>
<topic_text>
Ordenan excarcelar al médico que mató a un ladrón 
Se trata de una excarcelación extraordinaria. Mirá los motivos. Vía Rosario El médico Lino Villar Cataldo , que mató a balazos a un joven que intentó robarle su auto, fue beneficiado con una excarcelación extraordinaria pero seguirá imputado del delito de &quot;homicidio simple agravado por el uso de arma de fuego&quot;, informó su abogado Diego Szpigiel. 
El hecho ocurrió el viernes pasado por la noche, frente al consultorio del médico, ubicado en la localidad bonaerense de Loma Hermosa. El juez de Garantías de San Martín, Lucas Oyhanarte, resolvió excarcelarlo. Ahora la fiscal Diana Mayko, de la UFI N°7 de San Martín, tiene 48 horas para consentir u oponerse a la decisión del magistrado . 
Villar Cataldo está acusado de homicidio simple, un delito que no es excarcelable pero el juez le otorga la excarcelación extraordinaria por circunstancias personales , que tienen que ver con la salud del médico. Además, el magistrado fijó una fianza de un millón de pesos. 
El abogado del cirujano pidió la excarcelación al considerar que su defendido actuó en legítima defensa al asesinar a Ricardo Krabler. 
</topic_text>
<spam_score>0.20</spam_score>
<post_num>1</post_num>
<post_id>post-1</post_id>
<post_url>http://www.viarosario.com/noticias/ordenan-excarcelar-medico-que-mato-ladron-loma-hermosa</post_url>
<post_date>20160830</post_date>
<post_time></post_time>
<username>V A Rosario</username>
<post>
Ordenan excarcelar al médico que mató a un ladrón 
Se trata de una excarcelación extraordinaria. Mirá los motivos. Vía Rosario El médico Lino Villar Cataldo , que mató a balazos a un joven que intentó robarle su auto, fue beneficiado con una excarcelación extraordinaria pero seguirá imputado del delito de &quot;homicidio simple agravado por el uso de arma de fuego&quot;, informó su abogado Diego Szpigiel. 
El hecho ocurrió el viernes pasado por la noche, frente al consultorio del médico, ubicado en la localidad bonaerense de Loma Hermosa. El juez de Garantías de San Martín, Lucas Oyhanarte, resolvió excarcelarlo. Ahora la fiscal Diana Mayko, de la UFI N°7 de San Martín, tiene 48 horas para consentir u oponerse a la decisión del magistrado . 
Villar Cataldo está acusado de homicidio simple, un delito que no es excarcelable pero el juez le otorga la excarcelación extraordinaria por circunstancias personales , que tienen que ver con la salud del médico. Además, el magistrado fijó una fianza de un millón de pesos. 
El abogado del cirujano pidió la excarcelación al considerar que su defendido actuó en legítima defensa al asesinar a Ricardo Krabler. 
</post>
<signature>

</signature>
<external_links>

</external_links>
<country>AR</country>
<main_image>http://staticf5a.cordoba.net/sites/default/files/nota_periodistica/Esposas-detenido.jpg</main_image>
</document>
