<?xml version="1.0" encoding="UTF-8"?>
<document>
<type>mainstream</type>
<forum>http://m.smh.com.au/rss.xml</forum>
<forum_title>All Breaking News</forum_title>
<discussion_title>&apos;Is Sam Dastyari fit to be in Parliament?&apos;: Pressure builds on Chinese-funded MP</discussion_title>
<language>english</language>
<gmt_offset></gmt_offset>
<topic_url>http://www.smh.com.au/federal-politics/political-news/is-sam-dastyari-fit-to-be-in-parliament-pressure-builds-on-chinesefunded-mp-20160830-gr54sn.html</topic_url>
<topic_text>
More videos Senator&apos;s sticky situation 
There have been fiery scenes in the Senate over revelations Labor Senator Sam Dastyari asked a Chinese donor to help pay one of his travel bills. 
But Senate nemesis Cory Bernardi suggested the NSW Labor powerbroker&apos;s $1670 arrangement with businessman Minshen Zhu, head of Top Education Institute, is &quot;dodgy&quot; and makes him the Parliament&apos;s &quot;Manchurian candidate&quot;. 
Victorian MP Michael Sukkar argued Senator Dastyari has exhibited a concerning &quot;pattern of behaviour&quot; with poor management of his personal finances. Related Content Senator had Chinese interests pay for travel overspend 
&quot;There&apos;s a pattern of behaviour here that I think raises the question: is Sam Dastyari a fit and proper person to be in our Parliament, let alone manager of opposition business in the Senate? 
&quot;He can&apos;t even manage his telephone bills, he cannot manage his travel entitlements and yet he is the man that&apos;s managing opposition business in the Senate. I think [Opposition Leader] Bill Shorten should be considering his position today.&quot; Advertisement 
Mr Sukkar said the donor&apos;s payment of the private debt meant they &quot;want something out of Sam&quot;. 
Tensions flared in the Senate on Wednesday morning over the issue, with a contrite Senator Dastyari saying &quot;on reflection, I should have paid that amount myself&quot;. Senator Sam Dastyari (left) and Bill Shorten. Photo: Penny Stephens 
This wasn&apos;t good enough for Senator Bernardi, labelling the statement &quot;wholly inadequate&quot; and arguing that these matters were &quot;undermining the confidence of the politicians in this place&quot;. 
&quot;My question is has Senator Dastyari&apos;s bill to the Commonwealth of Australia been paid effectively by the Chinese government or their front company? Do we have our very own Manchurian candidate?&quot; Senator Bernardi told Sky News on Tuesday night. 
Senator Dastyari downplayed the donation from Mr Zhu, an influential figure who has contributed financially to both major parties, calling it a &quot;minor amount&quot; and asserting that he had rightly declared it in his parliamentary register of interests, due to be released by the Finance Department on Thursday. 
Shadow treasurer Chris Bowen defended his factional ally and argued that Labor is the party seeking greater accountability in politics. 
&quot;The reason we know about this, the reason this has been reported on is because Senator Dastyari disclosed it in his declaration of interests last year as he was required to. It&apos;s not as if he was caught doing something. He disclosed fully in accordance with the rules. 
&quot;He&apos;s reflected on it and thought about the public perception and has now donated the equivalent amount to charity and is going through the process of doing that.&quot; 
The Greens have also expressed concern over the transaction and said it &quot;overstepped any reasonable way of engaging with overseas&quot;. 
This week, prolific political donor Huang Xiangmo argued that the Chinese-Australian community should get more action out of its donations.
</topic_text>
<spam_score>0.00</spam_score>
<post_num>1</post_num>
<post_id>post-1</post_id>
<post_url>http://www.smh.com.au/federal-politics/political-news/is-sam-dastyari-fit-to-be-in-parliament-pressure-builds-on-chinesefunded-mp-20160830-gr54sn.html</post_url>
<post_date>20160831</post_date>
<post_time>0039</post_time>
<username></username>
<post>
More videos Senator&apos;s sticky situation 
There have been fiery scenes in the Senate over revelations Labor Senator Sam Dastyari asked a Chinese donor to help pay one of his travel bills. 
But Senate nemesis Cory Bernardi suggested the NSW Labor powerbroker&apos;s $1670 arrangement with businessman Minshen Zhu, head of Top Education Institute, is &quot;dodgy&quot; and makes him the Parliament&apos;s &quot;Manchurian candidate&quot;. 
Victorian MP Michael Sukkar argued Senator Dastyari has exhibited a concerning &quot;pattern of behaviour&quot; with poor management of his personal finances. Related Content Senator had Chinese interests pay for travel overspend 
&quot;There&apos;s a pattern of behaviour here that I think raises the question: is Sam Dastyari a fit and proper person to be in our Parliament, let alone manager of opposition business in the Senate? 
&quot;He can&apos;t even manage his telephone bills, he cannot manage his travel entitlements and yet he is the man that&apos;s managing opposition business in the Senate. I think [Opposition Leader] Bill Shorten should be considering his position today.&quot; Advertisement 
Mr Sukkar said the donor&apos;s payment of the private debt meant they &quot;want something out of Sam&quot;. 
Tensions flared in the Senate on Wednesday morning over the issue, with a contrite Senator Dastyari saying &quot;on reflection, I should have paid that amount myself&quot;. Senator Sam Dastyari (left) and Bill Shorten. Photo: Penny Stephens 
This wasn&apos;t good enough for Senator Bernardi, labelling the statement &quot;wholly inadequate&quot; and arguing that these matters were &quot;undermining the confidence of the politicians in this place&quot;. 
&quot;My question is has Senator Dastyari&apos;s bill to the Commonwealth of Australia been paid effectively by the Chinese government or their front company? Do we have our very own Manchurian candidate?&quot; Senator Bernardi told Sky News on Tuesday night. 
Senator Dastyari downplayed the donation from Mr Zhu, an influential figure who has contributed financially to both major parties, calling it a &quot;minor amount&quot; and asserting that he had rightly declared it in his parliamentary register of interests, due to be released by the Finance Department on Thursday. 
Shadow treasurer Chris Bowen defended his factional ally and argued that Labor is the party seeking greater accountability in politics. 
&quot;The reason we know about this, the reason this has been reported on is because Senator Dastyari disclosed it in his declaration of interests last year as he was required to. It&apos;s not as if he was caught doing something. He disclosed fully in accordance with the rules. 
&quot;He&apos;s reflected on it and thought about the public perception and has now donated the equivalent amount to charity and is going through the process of doing that.&quot; 
The Greens have also expressed concern over the transaction and said it &quot;overstepped any reasonable way of engaging with overseas&quot;. 
This week, prolific political donor Huang Xiangmo argued that the Chinese-Australian community should get more action out of its donations.
</post>
<signature>

</signature>
<external_links>

</external_links>
<country>AU</country>
<main_image>http://www.smh.com.au/content/dam/images/g/q/o/g/t/2/image.related.articleLeadwide.620x349.gr54sn.png/1472603884703.jpg</main_image>
</document>
