<?xml version="1.0" encoding="UTF-8"?>
<document>
<type>mainstream</type>
<forum>http://www.trelleborgsallehanda.se/feed</forum>
<forum_title>Trelleborgs Allehanda</forum_title>
<discussion_title>Obama sänker intagnas fängelsestraff</discussion_title>
<language>swedish</language>
<gmt_offset></gmt_offset>
<topic_url>http://www.trelleborgsallehanda.se/tt-utrikes/obama-sanker-intagnas-straff/</topic_url>
<topic_text>
TT-Utrikes 22 minuter sedan USA:s president Barack Obama har reducerat straffen för sammanlagt 325 intagna under augusti månad, som dömts för icke våldsamma, drogrelaterade brott. Det är fler straffsänkningar än någon amerikansk president tidigare genomfört under en månad.(TT) TT A A 
USA:s president Barack Obama har reducerat straffen för sammanlagt 325 intagna under augusti månad, som dömts för icke våldsamma, drogrelaterade brott. Det är fler straffsänkningar än någon amerikansk president tidigare genomfört under en månad. 
Obama, som lämnar presidentposten i januari, har kortat fängelsestraffen för 673 dömda sedan han blev president 2009 - vilket är mer än de tidigare tio presidenterna tillsammans. 
Presidenten har länge förespråkat möjligheten att ge en andra chans i det amerikanska straffrättsliga systemet. 
Fångarna som fått sina straff kortade bedöms inte längre utgöra ett hot mot samhället. De flesta är småskaliga knarklangare som fått stränga straff, ungefär en tredjedel dömda till livstidsfängelse. 
USA är ett av de länder i världen med flest människor som sitter i fängelse.  
</topic_text>
<spam_score>0.00</spam_score>
<post_num>1</post_num>
<post_id>post-1</post_id>
<post_url>http://www.trelleborgsallehanda.se/tt-utrikes/obama-sanker-intagnas-straff/</post_url>
<post_date>20160831</post_date>
<post_time>0005</post_time>
<username></username>
<post>
TT-Utrikes 22 minuter sedan USA:s president Barack Obama har reducerat straffen för sammanlagt 325 intagna under augusti månad, som dömts för icke våldsamma, drogrelaterade brott. Det är fler straffsänkningar än någon amerikansk president tidigare genomfört under en månad.(TT) TT A A 
USA:s president Barack Obama har reducerat straffen för sammanlagt 325 intagna under augusti månad, som dömts för icke våldsamma, drogrelaterade brott. Det är fler straffsänkningar än någon amerikansk president tidigare genomfört under en månad. 
Obama, som lämnar presidentposten i januari, har kortat fängelsestraffen för 673 dömda sedan han blev president 2009 - vilket är mer än de tidigare tio presidenterna tillsammans. 
Presidenten har länge förespråkat möjligheten att ge en andra chans i det amerikanska straffrättsliga systemet. 
Fångarna som fått sina straff kortade bedöms inte längre utgöra ett hot mot samhället. De flesta är småskaliga knarklangare som fått stränga straff, ungefär en tredjedel dömda till livstidsfängelse. 
USA är ett av de länder i världen med flest människor som sitter i fängelse.  
</post>
<signature>

</signature>
<external_links>

</external_links>
<country>SE</country>
<main_image>http://d6jf7ok6u1qis.cloudfront.net/imengine/image.php?uuid=bfa08ae6-9738-4b73-a3ca-cf1a677dc9e6&amp;type=preview&amp;source=false&amp;function=cropresize&amp;width=768&amp;height=384&amp;q=40&amp;x=0&amp;y=85&amp;crop_w=1024&amp;crop_h=512&amp;z=1</main_image>
</document>
