<?xml version="1.0" encoding="UTF-8"?>
<document>
<type>mainstream</type>
<forum>http://www.trading-house.net/rss/meldungen/</forum>
<forum_title>trading-house.net Nachrichtenfeed</forum_title>
<discussion_title>Wieder freie Fahrt auf der L 7</discussion_title>
<language>german</language>
<gmt_offset></gmt_offset>
<topic_url>http://www.trading-house.net/news/wieder-freie-fahrt-auf-der-l-7-50947069</topic_url>
<topic_text>
31.08.2016 - 01:37 Uhr Wieder freie Fahrt auf der L 7 Schwarzach. Die nach den Vermurungen notwendigen Bauarbeiten auf der Schwarzachtobelstraße sind so weit fortgeschritten, dass die Landesstraße seit Dienstag 18 Uhr für den Verkehr freigegeben wurde. Eine Ampelregelung ist vorerst erforderlich, da verschiedene Arbeiten wie die Montage einer Vernetzung auf der Böschung, die Wiederherstellung der Absturzssicherung und die Herstellung eines Durchlasses ausgeführt werden müssen.
</topic_text>
<spam_score>0.00</spam_score>
<post_num>1</post_num>
<post_id>post-1</post_id>
<post_url>http://www.trading-house.net/news/wieder-freie-fahrt-auf-der-l-7-50947069</post_url>
<post_date>20160830</post_date>
<post_time>2337</post_time>
<username></username>
<post>
31.08.2016 - 01:37 Uhr Wieder freie Fahrt auf der L 7 Schwarzach. Die nach den Vermurungen notwendigen Bauarbeiten auf der Schwarzachtobelstraße sind so weit fortgeschritten, dass die Landesstraße seit Dienstag 18 Uhr für den Verkehr freigegeben wurde. Eine Ampelregelung ist vorerst erforderlich, da verschiedene Arbeiten wie die Montage einer Vernetzung auf der Böschung, die Wiederherstellung der Absturzssicherung und die Herstellung eines Durchlasses ausgeführt werden müssen.
</post>
<signature>

</signature>
<external_links>

</external_links>
<country>DE</country>
<main_image></main_image>
</document>
