<?xml version="1.0" encoding="UTF-8"?>
<document>
<type>mainstream</type>
<forum>http://www.trading-house.net/rss/meldungen/</forum>
<forum_title>trading-house.net Nachrichtenfeed</forum_title>
<discussion_title>Zufriedenheit bringt mehr als Glück</discussion_title>
<language>german</language>
<gmt_offset></gmt_offset>
<topic_url>http://www.trading-house.net/news/zufriedenheit-bringt-mehr-als-glueck-50947122</topic_url>
<topic_text>
Zufriedenheit bringt mehr als Glück Oft als Stiefschwester des Glücks belächelt, ist Zufriedenheit definitiv nachhaltiger.
</topic_text>
<spam_score>0.00</spam_score>
<post_num>1</post_num>
<post_id>post-1</post_id>
<post_url>http://www.trading-house.net/news/zufriedenheit-bringt-mehr-als-glueck-50947122</post_url>
<post_date>20160830</post_date>
<post_time>2358</post_time>
<username></username>
<post>
Zufriedenheit bringt mehr als Glück Oft als Stiefschwester des Glücks belächelt, ist Zufriedenheit definitiv nachhaltiger.
</post>
<signature>

</signature>
<external_links>

</external_links>
<country>DE</country>
<main_image></main_image>
</document>
