<?xml version="1.0" encoding="UTF-8"?>
<document>
<type>mainstream</type>
<forum></forum>
<forum_title></forum_title>
<discussion_title>قرية كلاش اوف كلانس للبيع #حراج #تبوك – حراج</discussion_title>
<language>arabic</language>
<gmt_offset></gmt_offset>
<topic_url>http://www.haraj-sa.net/134033</topic_url>
<topic_text>
البحث عن: #حراج #ينبع متجر بوتيك سماسم يرحب بكم: السلام عليكم ورحمة الله حياكم بمتجري المتواضع والمتنوع ♡بوتيك https://t.co/8N1nl2fC5b ‏25 دقيقة مضت #حراج #جيزان مغسلة ملابس كاملة للبيع: عندي مغسلة ملابس كاملة للبيع مكبس وطني بولر امريكي نشاف كبير امريكي https://t.co/UI55yOwCZx ‏32 دقيقة مضت #حراج #جيزان جيزان او جده: باص هايس تويوتا 2014 للإيجار لمن https://t.co/zfmVcqZqMt ‏32 دقيقة مضت 
</topic_text>
<spam_score>0.20</spam_score>
<post_num>1</post_num>
<post_id>post-1</post_id>
<post_url>http://www.haraj-sa.net/134033</post_url>
<post_date>20160831</post_date>
<post_time></post_time>
<username></username>
<post>
البحث عن: #حراج #ينبع متجر بوتيك سماسم يرحب بكم: السلام عليكم ورحمة الله حياكم بمتجري المتواضع والمتنوع ♡بوتيك https://t.co/8N1nl2fC5b ‏25 دقيقة مضت #حراج #جيزان مغسلة ملابس كاملة للبيع: عندي مغسلة ملابس كاملة للبيع مكبس وطني بولر امريكي نشاف كبير امريكي https://t.co/UI55yOwCZx ‏32 دقيقة مضت #حراج #جيزان جيزان او جده: باص هايس تويوتا 2014 للإيجار لمن https://t.co/zfmVcqZqMt ‏32 دقيقة مضت 
</post>
<signature>

</signature>
<external_links>

</external_links>
<country>US</country>
<main_image>https://s0.wp.com/i/blank.jpg</main_image>
</document>
