<?xml version="1.0" encoding="UTF-8"?>
<document>
<type>mainstream</type>
<forum></forum>
<forum_title></forum_title>
<discussion_title>Governo do RS parcela salários pelo 7º mês seguido | EXAME.com</discussion_title>
<language>portuguese</language>
<gmt_offset></gmt_offset>
<topic_url>http://exame.abril.com.br/brasil/noticias/governo-do-rs-parcela-salarios-pelo-7o-mes-seguido</topic_url>
<topic_text>
Salvar notícia . Dinheiro: nesta quarta-feira, governo vai pagar R$800 para servidores e diz que o restante dos vencimentos será pago em diferentes depósitos Gabriela Lara, do Estadão Conteúdo 
Porto Alegre - O governo do Rio Grande do Sul informou que vai pagar R$ 800 para cada servidor estadual vinculado ao Poder Executivo nesta quarta-feira, 31, último dia útil do mês, referente ao salário de agosto. 
A nota distribuída pela Secretaria da Fazenda diz que o restante dos vencimentos será pago em diferentes depósitos, &quot;conforme a entrada de receitas&quot;. A previsão é de que os salários sejam quitados até 13 de setembro. 
Este é o sétimo mês consecutivo em que o Estado parcela os salários dos funcionários públicos devido à falta de dinheiro em caixa. No mês passado, os servidores fizeram um dia de paralisação geral e saíram às ruas para protestar contra a medida. 
O parcelamento atinge os funcionários públicos ligados ao Poder Executivo - que são cerca de 93% do funcionalismo estadual -, já que Legislativo e Judiciário têm autonomia financeira. De acordo com a Secretaria da Fazenda do RS, cerca de 344 mil matrículas estão sujeitas ao fatiamento, entre servidores ativos, inativos e pensionistas. 
Na prática, isso representa um universo de aproximadamente 320 mil pessoas, já que alguns servidores possuem mais de uma matrícula ou vínculo. 
Desde que começou a recorrer ao parcelamento, o governo gaúcho argumenta que prioriza o pagamento dos servidores, mas que um conjunto de fatores, entre eles o desaquecimento da economia, está acentuando as dificuldades financeiras do Estado. 
</topic_text>
<spam_score>0.23</spam_score>
<post_num>1</post_num>
<post_id>post-1</post_id>
<post_url>http://exame.abril.com.br/brasil/noticias/governo-do-rs-parcela-salarios-pelo-7o-mes-seguido</post_url>
<post_date>20160831</post_date>
<post_time></post_time>
<username>Gabriela Lara</username>
<post>
Salvar notícia . Dinheiro: nesta quarta-feira, governo vai pagar R$800 para servidores e diz que o restante dos vencimentos será pago em diferentes depósitos Gabriela Lara, do Estadão Conteúdo 
Porto Alegre - O governo do Rio Grande do Sul informou que vai pagar R$ 800 para cada servidor estadual vinculado ao Poder Executivo nesta quarta-feira, 31, último dia útil do mês, referente ao salário de agosto. 
A nota distribuída pela Secretaria da Fazenda diz que o restante dos vencimentos será pago em diferentes depósitos, &quot;conforme a entrada de receitas&quot;. A previsão é de que os salários sejam quitados até 13 de setembro. 
Este é o sétimo mês consecutivo em que o Estado parcela os salários dos funcionários públicos devido à falta de dinheiro em caixa. No mês passado, os servidores fizeram um dia de paralisação geral e saíram às ruas para protestar contra a medida. 
O parcelamento atinge os funcionários públicos ligados ao Poder Executivo - que são cerca de 93% do funcionalismo estadual -, já que Legislativo e Judiciário têm autonomia financeira. De acordo com a Secretaria da Fazenda do RS, cerca de 344 mil matrículas estão sujeitas ao fatiamento, entre servidores ativos, inativos e pensionistas. 
Na prática, isso representa um universo de aproximadamente 320 mil pessoas, já que alguns servidores possuem mais de uma matrícula ou vínculo. 
Desde que começou a recorrer ao parcelamento, o governo gaúcho argumenta que prioriza o pagamento dos servidores, mas que um conjunto de fatores, entre eles o desaquecimento da economia, está acentuando as dificuldades financeiras do Estado. 
</post>
<signature>

</signature>
<external_links>

</external_links>
<country>US</country>
<main_image></main_image>
</document>
