<?xml version="1.0" encoding="UTF-8"?>
<document>
<type>mainstream</type>
<forum></forum>
<forum_title></forum_title>
<discussion_title>Ahora podrás comprar boletos de avión en cuotas mensuales | Expansión</discussion_title>
<language>spanish</language>
<gmt_offset></gmt_offset>
<topic_url>http://expansion.mx/dinero/2016/08/30/tienes-ganas-de-viajar-ahora-podras-pagar-tu-boleto-de-avion-en-pagos</topic_url>
<topic_text>
Dinero ¿Tienes ganas de viajar? Ahora podrás pagar tu boleto de avión en &apos;abonos&apos; CheapAir.com se alió con la compañía de servicios financieros Affirm para que los viajeros compren sus pboletos y los paguen a tres, seis y hasta 12 meses. Martes, 30 de agosto de 2016 a las 7:26 PM Boletos de avión Los usuarios podrán elegir a cuántos meses desean pagar sus boletos de avión. (Foto: iStock by Gettyimages) A+ A- Por: KATHRYN VASEL (CNNMoney) - 
¿Sueñas con vacaciones pero no tienes dinero para un boleto aéreo? Ahora puedes comprar tus pasajes y pagarlos a cuotas... si eres residente de EU. 
CheapAir.com se alió con la compañía de servicios financieros Affirm para permitir que los viajeros compren sus pasajes aéreos en cuotas de tres, seis y hasta 12 meses. 
Así funciona: luego de seleccionar los viajes en CheapAir, los clientes pueden elegir hacer pagos mensuales en la página de compra. 
Tienen que proporcionar su nombre, correo electrónico, dirección física, fecha de nacimiento y los cuatro últimos números de su número de seguridad social para que Affirm revise su vida crediticia. 
El interés de los préstamos está basado en la solvencia del cliente y tiene un rango de entre 10% y 30% en la tasa de interés anual (APR, por sus siglas en inglés). 
El promedio de la APR anual que ofrecen las nuevas tarjetas de crédito es de 15.19%, según CreditCards.com. 
Los viajeros podrán tener la aprobación en segundos, según el director ejecutivo de CheapAir.com, Jeff Klee, y no hay límite en la cantidad de boletos que quieran financiar. Pero solo pueden pagar en cuotas pasajes que tengan un precio mayor de 100 dólares. 
Lee: ¿Viajar durante un año? Arma así tu presupuesto. 
El nuevo método de pago está dirigido a viajeros que no tengan una tarjeta de crédito o que no puedan pagar sus viajes en una sola cuota. 
“Cuando quieres tomar unas vacaciones, hay que tener mucho dinero para pagar en una sola cuota y tal vez no eres capaz de reunir esa cantidad al mismo tiempo”, dijo Klee. “Dividir el dinero puede hacer mucho más fácil manejar la situación”. 
Klee dijo que CheapAir ha sido “agresivo” en “aceptar medios de pago alternativos a las tarjetas de crédito&quot;. El sitio web también les permite a los clientes pagar con bitcóin o a través de giros por Western Union. 
“Todo lo que compita con tarjetas de crédito, creo que es una buena opción”, dijo Klee. “Es una opción adicional, y entre más opciones, mejor”. 
Aunque más personas están viajando, las tarifas de los vuelos han descendido recientemente gracias al bajo precio de los combustibles y al aumento de la capacidad de las aerolíneas, que han expandido sus rutas y agregado vuelos recientemente. 
Hopper, una aplicación que predice los precios de los pasajes de avión, asegura que las tarifas aéreas continuarán a la baja este otoño y que los boletos domésticos bajaran sus precios en un 8,2% alcanzando 213 dólares en promedio en octubre. 
</topic_text>
<spam_score>0.04</spam_score>
<post_num>1</post_num>
<post_id>post-1</post_id>
<post_url>http://expansion.mx/dinero/2016/08/30/tienes-ganas-de-viajar-ahora-podras-pagar-tu-boleto-de-avion-en-pagos</post_url>
<post_date>20160830</post_date>
<post_time></post_time>
<username></username>
<post>
Dinero ¿Tienes ganas de viajar? Ahora podrás pagar tu boleto de avión en &apos;abonos&apos; CheapAir.com se alió con la compañía de servicios financieros Affirm para que los viajeros compren sus pboletos y los paguen a tres, seis y hasta 12 meses. Martes, 30 de agosto de 2016 a las 7:26 PM Boletos de avión Los usuarios podrán elegir a cuántos meses desean pagar sus boletos de avión. (Foto: iStock by Gettyimages) A+ A- Por: KATHRYN VASEL (CNNMoney) - 
¿Sueñas con vacaciones pero no tienes dinero para un boleto aéreo? Ahora puedes comprar tus pasajes y pagarlos a cuotas... si eres residente de EU. 
CheapAir.com se alió con la compañía de servicios financieros Affirm para permitir que los viajeros compren sus pasajes aéreos en cuotas de tres, seis y hasta 12 meses. 
Así funciona: luego de seleccionar los viajes en CheapAir, los clientes pueden elegir hacer pagos mensuales en la página de compra. 
Tienen que proporcionar su nombre, correo electrónico, dirección física, fecha de nacimiento y los cuatro últimos números de su número de seguridad social para que Affirm revise su vida crediticia. 
El interés de los préstamos está basado en la solvencia del cliente y tiene un rango de entre 10% y 30% en la tasa de interés anual (APR, por sus siglas en inglés). 
El promedio de la APR anual que ofrecen las nuevas tarjetas de crédito es de 15.19%, según CreditCards.com. 
Los viajeros podrán tener la aprobación en segundos, según el director ejecutivo de CheapAir.com, Jeff Klee, y no hay límite en la cantidad de boletos que quieran financiar. Pero solo pueden pagar en cuotas pasajes que tengan un precio mayor de 100 dólares. 
Lee: ¿Viajar durante un año? Arma así tu presupuesto. 
El nuevo método de pago está dirigido a viajeros que no tengan una tarjeta de crédito o que no puedan pagar sus viajes en una sola cuota. 
“Cuando quieres tomar unas vacaciones, hay que tener mucho dinero para pagar en una sola cuota y tal vez no eres capaz de reunir esa cantidad al mismo tiempo”, dijo Klee. “Dividir el dinero puede hacer mucho más fácil manejar la situación”. 
Klee dijo que CheapAir ha sido “agresivo” en “aceptar medios de pago alternativos a las tarjetas de crédito&quot;. El sitio web también les permite a los clientes pagar con bitcóin o a través de giros por Western Union. 
“Todo lo que compita con tarjetas de crédito, creo que es una buena opción”, dijo Klee. “Es una opción adicional, y entre más opciones, mejor”. 
Aunque más personas están viajando, las tarifas de los vuelos han descendido recientemente gracias al bajo precio de los combustibles y al aumento de la capacidad de las aerolíneas, que han expandido sus rutas y agregado vuelos recientemente. 
Hopper, una aplicación que predice los precios de los pasajes de avión, asegura que las tarifas aéreas continuarán a la baja este otoño y que los boletos domésticos bajaran sus precios en un 8,2% alcanzando 213 dólares en promedio en octubre. 
</post>
<signature>

</signature>
<external_links>

</external_links>
<country>US</country>
<main_image>http://cdn.expansion.mx/88/4d/11cf1dd74465b566ea0a4f8fd0de/istock-63633645-small.jpg</main_image>
</document>
