<?xml version="1.0" encoding="UTF-8"?>
<document>
<type>mainstream</type>
<forum>http://www.newsghana.com.gh/feed</forum>
<forum_title>News Ghana</forum_title>
<discussion_title>Tema Shipyard Works on 5 vessels</discussion_title>
<language>english</language>
<gmt_offset></gmt_offset>
<topic_url>https://www.newsghana.com.gh/tema-shipyard-works-on-5-vessels/</topic_url>
<topic_text>
Business Tema Shipyard Works on 5 vessels Operations at the Tema Shipyard have bounced back barely months after the takeover of the facility by the Ghana Ports and Harbours Authority (GPHA). Aug 31, 2016 
Currently, staff of the Tema Shipyard are busily working on five vessels for the first time in five years with many other vessels waiting for their turn at the anchorage. 
The facility has also started attracting key investors due to the acreage of land and facilities available. 
Staff are also giving off their best in the discharge of their duties following assurances from the Director General of GPHA, Richard Anamoo who promised them of a brighter future if they show high level commitment to their duties. 
The Acting CEO of the Shipyard, Captain Kwesi Micah said the facility is bouncing back. 
He said the facility is turning around vessels in a very quick way hence attracting more vessels to the facility which is the largest in the West African sub region. 
He said efforts are also ongoing to clean the shipyard and make it environmental friendly. 
Darlington Impraim, one of the Production Manager said the staff are showing high level of commitment in order to ensure that quality service is rendered to vessels. 
He commended GPHA for the leadership shown which he attributed to the enthusiasm the staff are exhibiting. TAGS
</topic_text>
<spam_score>0.00</spam_score>
<post_num>1</post_num>
<post_id>post-1</post_id>
<post_url>https://www.newsghana.com.gh/tema-shipyard-works-on-5-vessels/</post_url>
<post_date>20160831</post_date>
<post_time>0038</post_time>
<username>News Ghana</username>
<post>
Business Tema Shipyard Works on 5 vessels Operations at the Tema Shipyard have bounced back barely months after the takeover of the facility by the Ghana Ports and Harbours Authority (GPHA). Aug 31, 2016 
Currently, staff of the Tema Shipyard are busily working on five vessels for the first time in five years with many other vessels waiting for their turn at the anchorage. 
The facility has also started attracting key investors due to the acreage of land and facilities available. 
Staff are also giving off their best in the discharge of their duties following assurances from the Director General of GPHA, Richard Anamoo who promised them of a brighter future if they show high level commitment to their duties. 
The Acting CEO of the Shipyard, Captain Kwesi Micah said the facility is bouncing back. 
He said the facility is turning around vessels in a very quick way hence attracting more vessels to the facility which is the largest in the West African sub region. 
He said efforts are also ongoing to clean the shipyard and make it environmental friendly. 
Darlington Impraim, one of the Production Manager said the staff are showing high level of commitment in order to ensure that quality service is rendered to vessels. 
He commended GPHA for the leadership shown which he attributed to the enthusiasm the staff are exhibiting. TAGS
</post>
<signature>

</signature>
<external_links>

</external_links>
<country>GH</country>
<main_image>https://www.newsghana.com.gh/wp-content/uploads/2016/06/Tema-shipyard.jpg</main_image>
</document>
