<?xml version="1.0" encoding="UTF-8"?>
<document>
<type>mainstream</type>
<forum></forum>
<forum_title></forum_title>
<discussion_title>Man offers controversial tips on how to talk to women wearing headphones</discussion_title>
<language>english</language>
<gmt_offset></gmt_offset>
<topic_url>http://tenplay.com.au/news/national/august/man-offers-controversial-tips-on-how-to-talk-to-women-wearing-headphones</topic_url>
<topic_text>
Man offers controversial tips on how to talk to women wearing headphones Published: 31 August 2016 Current Affairs A wannabe ‘Romeo’ has offered his tips on how to chat up a woman wearing headphones via his website “The Modern Man”. 
Dan Bacon, a self-proclaimed dating and relationship expert based in Australia, said his website is jam packed with tips on how to get a woman to take out her headphones and fall for a man’s charm. 
However, Bacon’s dating tactics have since been widely ridiculed online with many women claiming his strategies invite unwanted invasion on their personal space while labelling it as “creepy”. 
Bacon charges men to learn his attraction techniques which, according to him, are designed to “get results”. 
“Of course not all women are open to being approached because not all women are single and looking,” he writes in his introduction. 
Before adding, “however, if a woman wearing headphones is single and hoping to meet a boyfriend (or even a new lover), she will almost always be happy to take off her headphones to give you an opportunity to create a spark with her.&quot; 

Here are Bacon’s top five tips on how to get her attention: 
1. Stand in front of her (with 1 to 1.5 metres between you) 
2. Have a relaxed, easy-going smile 
3. If she hasn’t already looked up at you, simply get her attention with a wave of your hand. Wave your hand in her direct line of vision so she can’t ignore it. 
4. When she looks at you, smile and point to her headphones and say, “Take off your headphones for a minute” and pretend to be taking headphones off your head, so she fully understands. 
If she doesn’t understand (most women will), simply gesture that you want to talk to her by briefly pointing back and forth from you to her and say, “I want to talk to you for a minute.” 
In most cases, you won’t have to go to that extreme, but some girls are shy and will be hesitant to take the headphones off right away because they are feeling a lot of nervousness and excitement about what is happening. 
5. Then, do what we call “Acknowledging the Awkwardness” by quickly mentioning something about the awkwardness of the moment (see the conversation example below), to demonstrate you understand that approaching a woman in this way isn’t the most common of experiences for either party. 
This helps put her at ease and know that you are a cool guy who she can relax and open up to. 
Bacon’s tip have been widely shared on social media, with many women mocking the tactics. 
According to reports, Bacon has failed to respond via his social media accounts and it appears the article has since been taken down. 
</topic_text>
<spam_score>0.18</spam_score>
<post_num>1</post_num>
<post_id>post-1</post_id>
<post_url>http://tenplay.com.au/news/national/august/man-offers-controversial-tips-on-how-to-talk-to-women-wearing-headphones</post_url>
<post_date>20160831</post_date>
<post_time></post_time>
<username>Network Ten</username>
<post>
Man offers controversial tips on how to talk to women wearing headphones Published: 31 August 2016 Current Affairs A wannabe ‘Romeo’ has offered his tips on how to chat up a woman wearing headphones via his website “The Modern Man”. 
Dan Bacon, a self-proclaimed dating and relationship expert based in Australia, said his website is jam packed with tips on how to get a woman to take out her headphones and fall for a man’s charm. 
However, Bacon’s dating tactics have since been widely ridiculed online with many women claiming his strategies invite unwanted invasion on their personal space while labelling it as “creepy”. 
Bacon charges men to learn his attraction techniques which, according to him, are designed to “get results”. 
“Of course not all women are open to being approached because not all women are single and looking,” he writes in his introduction. 
Before adding, “however, if a woman wearing headphones is single and hoping to meet a boyfriend (or even a new lover), she will almost always be happy to take off her headphones to give you an opportunity to create a spark with her.&quot; 

Here are Bacon’s top five tips on how to get her attention: 
1. Stand in front of her (with 1 to 1.5 metres between you) 
2. Have a relaxed, easy-going smile 
3. If she hasn’t already looked up at you, simply get her attention with a wave of your hand. Wave your hand in her direct line of vision so she can’t ignore it. 
4. When she looks at you, smile and point to her headphones and say, “Take off your headphones for a minute” and pretend to be taking headphones off your head, so she fully understands. 
If she doesn’t understand (most women will), simply gesture that you want to talk to her by briefly pointing back and forth from you to her and say, “I want to talk to you for a minute.” 
In most cases, you won’t have to go to that extreme, but some girls are shy and will be hesitant to take the headphones off right away because they are feeling a lot of nervousness and excitement about what is happening. 
5. Then, do what we call “Acknowledging the Awkwardness” by quickly mentioning something about the awkwardness of the moment (see the conversation example below), to demonstrate you understand that approaching a woman in this way isn’t the most common of experiences for either party. 
This helps put her at ease and know that you are a cool guy who she can relax and open up to. 
Bacon’s tip have been widely shared on social media, with many women mocking the tactics. 
According to reports, Bacon has failed to respond via his social media accounts and it appears the article has since been taken down. 
</post>
<signature>

</signature>
<external_links>

</external_links>
<country>US</country>
<main_image>http://images.tenplay.com.au/~/media/News/National%20News/extra%20jpegs%20for%20outage/AUGUST%202016/31/MODERNMAN.jpg</main_image>
</document>
