<?xml version="1.0" encoding="UTF-8"?>
<document>
<type>mainstream</type>
<forum>http://observator.ro/stiri/articole-sanatate/page/22</forum>
<forum_title>Sănătate | Observator de Constanta - Pagina 22</forum_title>
<discussion_title>Respirația pe gură provoacă multe carii</discussion_title>
<language>romanian</language>
<gmt_offset></gmt_offset>
<topic_url>http://observator.ro/articole-sanatate-studiu-respiratia-pe-gura-in-timpul-somnului-creste-riscul-de-a-face-carii-360000.html</topic_url>
<topic_text>
Persoanele care respiră pe gură când dorm și cele care suferă de apnee au un risc mai mare de a face carii decât cele care respiră pe nas, potrivit unui studiu al Universității din Otago, Noua Zeelanda, citat luni de EFE.
“Cercetarea noastră sprijină ideea că a respira pe gură poate fi un factor corelat bolilor dentare precum eroziunea smalțului sau cariile”, a declarat conducătoarea studiului, Joanne Choi, postului Radio New Zealand.
În acest studiu au fost analizate nivelele de pH oral la zece voluntari care au dormit cu nările blocate de un clește pentru a fi obligați să respire pe gură în timpul somnului. Studiul publicat în Journal of Oral Rehabilitation a relevat că pacienții obligați să doarmă cu gura deschisă aveau un pH cu o medie de aciditate de 6,6 comparativ cu un ph neutru de 7 înregistrat la cei care respirau pe nas în timpul somnului.
De multe ori, nivelul pH a coborât la 3,6, ceea ce înseamnă o scădere drastică de sub 5,5 de la care începe demineralizarea smalțului la persoanele forțate să respire pe gură, a precizat sursa.
PH-ul, ale cărui valori normale oscilează între 5,6 și 7,6, ajută la protejarea integrității mucoasei, distrugerii resturilor alimentare și bacteriilor, neutralizării acizilor și remineralizării lerziunilor dentare, având totodată proprietăți antibacteriene.
Distribuie: 
</topic_text>
<spam_score>0.19</spam_score>
<post_num>1</post_num>
<post_id>post-1</post_id>
<post_url>http://observator.ro/articole-sanatate-studiu-respiratia-pe-gura-in-timpul-somnului-creste-riscul-de-a-face-carii-360000.html</post_url>
<post_date>20160208</post_date>
<post_time>0929</post_time>
<username>observatordeconstanta.ro</username>
<post>
Persoanele care respiră pe gură când dorm și cele care suferă de apnee au un risc mai mare de a face carii decât cele care respiră pe nas, potrivit unui studiu al Universității din Otago, Noua Zeelanda, citat luni de EFE.
“Cercetarea noastră sprijină ideea că a respira pe gură poate fi un factor corelat bolilor dentare precum eroziunea smalțului sau cariile”, a declarat conducătoarea studiului, Joanne Choi, postului Radio New Zealand.
În acest studiu au fost analizate nivelele de pH oral la zece voluntari care au dormit cu nările blocate de un clește pentru a fi obligați să respire pe gură în timpul somnului. Studiul publicat în Journal of Oral Rehabilitation a relevat că pacienții obligați să doarmă cu gura deschisă aveau un pH cu o medie de aciditate de 6,6 comparativ cu un ph neutru de 7 înregistrat la cei care respirau pe nas în timpul somnului.
De multe ori, nivelul pH a coborât la 3,6, ceea ce înseamnă o scădere drastică de sub 5,5 de la care începe demineralizarea smalțului la persoanele forțate să respire pe gură, a precizat sursa.
PH-ul, ale cărui valori normale oscilează între 5,6 și 7,6, ajută la protejarea integrității mucoasei, distrugerii resturilor alimentare și bacteriilor, neutralizării acizilor și remineralizării lerziunilor dentare, având totodată proprietăți antibacteriene.
Distribuie: 
</post>
<signature>

</signature>
<external_links>

</external_links>
<country>RO</country>
<main_image>https://s0.wp.com/i/blank.jpg</main_image>
</document>
