<?xml version="1.0" encoding="UTF-8"?>
<document>
<type>mainstream</type>
<forum>http://www.sputniknews.com/export/rss2/archive/index.xml</forum>
<forum_title>Sputnik International</forum_title>
<discussion_title>Swedish Court Sentences Asylum Seeker to 6 Years in Prison for Arson in Shelter</discussion_title>
<language>english</language>
<gmt_offset></gmt_offset>
<topic_url>http://sputniknews.com/europe/20160830/1044784217/sweden-asylum-seeker-arson.html</topic_url>
<topic_text>
Swedish Court Sentences Asylum Seeker to 6 Years in Prison for Arson in Shelter © Wikipedia/ Peter Isotalo 0 118 3 0 28-year-old Syrian asylum seeker was found guilty of starting a fire in his room in the shelter in Sweden in July, according to local media. 
MOSCOW (Sputnik) — A Swedish court has sentenced a 28-year-old Syrian asylum seeker who set a refugee shelter ablaze to six years in prison and subsequent deportation, local media reported. © AFP 2016/ JONATHAN NACKSTRAND Sweden is on Fire: Car Arson Epidemic is Catching The man was found guilty of starting a fire in his room in the shelter in July, which subsequently engulfed the 17th century wooden wing of a mansion near Surahammar, which had housed refugees since 2011, according to The Local media outlet.
Reportedly, the arsonist confessed to being suicidal, citing depression from living with other residents and his inability to leave the shelter. 
The court noted that the final decision on his deportation to Syria would be made after the arsonist had served his prison term, the media outlet added. ...
</topic_text>
<spam_score>0.00</spam_score>
<post_num>1</post_num>
<post_id>post-1</post_id>
<post_url>http://sputniknews.com/europe/20160830/1044784217/sweden-asylum-seeker-arson.html</post_url>
<post_date>20160830</post_date>
<post_time>1522</post_time>
<username></username>
<post>
Swedish Court Sentences Asylum Seeker to 6 Years in Prison for Arson in Shelter © Wikipedia/ Peter Isotalo 0 118 3 0 28-year-old Syrian asylum seeker was found guilty of starting a fire in his room in the shelter in Sweden in July, according to local media. 
MOSCOW (Sputnik) — A Swedish court has sentenced a 28-year-old Syrian asylum seeker who set a refugee shelter ablaze to six years in prison and subsequent deportation, local media reported. © AFP 2016/ JONATHAN NACKSTRAND Sweden is on Fire: Car Arson Epidemic is Catching The man was found guilty of starting a fire in his room in the shelter in July, which subsequently engulfed the 17th century wooden wing of a mansion near Surahammar, which had housed refugees since 2011, according to The Local media outlet.
Reportedly, the arsonist confessed to being suicidal, citing depression from living with other residents and his inability to leave the shelter. 
The court noted that the final decision on his deportation to Syria would be made after the arsonist had served his prison term, the media outlet added. ...
</post>
<signature>

</signature>
<external_links>

</external_links>
<country>RU</country>
<main_image>https://cdn3.img.sputniknews.com/images/104478/41/1044784179.jpg</main_image>
</document>
