<?xml version="1.0" encoding="UTF-8"?>
<document>
<type>mainstream</type>
<forum>http://feeds.dailykos.com/dailykos/index.xml</forum>
<forum_title>Daily Kos</forum_title>
<discussion_title>Who do you think should play Donald Trump for Hillary Clinton&apos;s debate prep?</discussion_title>
<language>english</language>
<gmt_offset></gmt_offset>
<topic_url>http://www.dailykos.com/story/2016/8/30/1565194/-Who-do-you-think-should-play-Donald-Trump-for-Hillary-Clinton-s-debate-prep</topic_url>
<topic_text>
112 Is Lewis Black too smart to play Donald Trump in debate prep? 
We are in the pre-debate psychological warfare phase of the campaign, with both camps trying to psych each other out. If you want to read about how Hillary Clinton is working to needle Donald Trump into an outburst, or how Trump is too perfect to practice, then click through that link! Me, I want to focus on this part of the article: 
Around the Clinton campaign, the question of whom to cast as Mr. Trump has become something of a running parlor game. Mrs. Clinton’s allies have floated several options: Representative Joseph Crowley of New York, who is from Queens, where Mr. Trump grew up; James Carville, Mr. Clinton’s chief strategist in 1992, who has a gift for lacerating banter; or Mark Cuban, another billionaire businessman. All three are viewed as unafraid to say some humiliating things to Mrs. Clinton’s face, as Mr. Trump may. 
I have better choice: comedian Lewis Black. But Black is actually liberal, and while he has the abrasive don’t-give-a-fuck styling of Trump, he actually knows stuff. He’s not known as an actor, so could he fake being an ignoramus? 
So how about Andrew Dice Clay? He’s a bona fide asshole who wouldn’t have to fake misogyny. And he doesn’t know shit about anything, just like Trump. 
Who do you think should play Trump in Clinton’s debate prep?
</topic_text>
<spam_score>0.00</spam_score>
<post_num>1</post_num>
<post_id>post-1</post_id>
<post_url>http://www.dailykos.com/story/2016/8/30/1565194/-Who-do-you-think-should-play-Donald-Trump-for-Hillary-Clinton-s-debate-prep</post_url>
<post_date>20160830</post_date>
<post_time>1738</post_time>
<username>rss@dailykos.com (kos)</username>
<post>
112 Is Lewis Black too smart to play Donald Trump in debate prep? 
We are in the pre-debate psychological warfare phase of the campaign, with both camps trying to psych each other out. If you want to read about how Hillary Clinton is working to needle Donald Trump into an outburst, or how Trump is too perfect to practice, then click through that link! Me, I want to focus on this part of the article: 
Around the Clinton campaign, the question of whom to cast as Mr. Trump has become something of a running parlor game. Mrs. Clinton’s allies have floated several options: Representative Joseph Crowley of New York, who is from Queens, where Mr. Trump grew up; James Carville, Mr. Clinton’s chief strategist in 1992, who has a gift for lacerating banter; or Mark Cuban, another billionaire businessman. All three are viewed as unafraid to say some humiliating things to Mrs. Clinton’s face, as Mr. Trump may. 
I have better choice: comedian Lewis Black. But Black is actually liberal, and while he has the abrasive don’t-give-a-fuck styling of Trump, he actually knows stuff. He’s not known as an actor, so could he fake being an ignoramus? 
So how about Andrew Dice Clay? He’s a bona fide asshole who wouldn’t have to fake misogyny. And he doesn’t know shit about anything, just like Trump. 
Who do you think should play Trump in Clinton’s debate prep?
</post>
<signature>

</signature>
<external_links>

</external_links>
<country>US</country>
<main_image>http://images.dailykos.com/images/293704/story_image/GettyImages-503502946.jpg?1472578662</main_image>
</document>
