<?xml version="1.0" encoding="UTF-8"?>
<document>
<type>mainstream</type>
<forum>http://www.onenewspage.com/rss/latest/Front+Page.rss</forum>
<forum_title>Latest Front Page News on One News Page</forum_title>
<discussion_title>Marco Rubio Wins Florida’s Republican Primary for Senate</discussion_title>
<language>english</language>
<gmt_offset></gmt_offset>
<topic_url>http://www.onenewspage.com/n/Front+Page/759s631aa/Marco-Rubio-Wins-Florida-Republican-Primary-for.htm</topic_url>
<topic_text>
Marco Rubio Wins Florida’s Republican Primary for Senate Wednesday, 31 August 2016 ( 26 minutes ago ) Mr. Rubio will face Representative Patrick Murphy, a two-term House Democrat, in a crucial race for control of the Senate.
</topic_text>
<spam_score>0.00</spam_score>
<post_num>1</post_num>
<post_id>post-1</post_id>
<post_url>http://www.onenewspage.com/n/Front+Page/759s631aa/Marco-Rubio-Wins-Florida-Republican-Primary-for.htm</post_url>
<post_date>20160831</post_date>
<post_time>0028</post_time>
<username></username>
<post>
Marco Rubio Wins Florida’s Republican Primary for Senate Wednesday, 31 August 2016 ( 26 minutes ago ) Mr. Rubio will face Representative Patrick Murphy, a two-term House Democrat, in a crucial race for control of the Senate.
</post>
<signature>

</signature>
<external_links>

</external_links>
<country>US</country>
<main_image>http://cdn.newsserve.net/ONPglobe128.png</main_image>
</document>
