<?xml version="1.0" encoding="UTF-8"?>
<document>
<type>mainstream</type>
<forum>http://kashmirwatch.com/feed</forum>
<forum_title>KashmirWatch</forum_title>
<discussion_title>Kashmir Press condemns attacks on photojournalists</discussion_title>
<language>english</language>
<gmt_offset></gmt_offset>
<topic_url>http://kashmirwatch.com/kppa-condemns-attacks-on-photojournalists/</topic_url>
<topic_text>
0 SHARES 
Srinagar: Kashmir Press Photographers Association (KPAA) Tuesday condemned the attack on a photojournalist, Danish Ismail’s residence at Batamaloo in Srinagar and condemned the action of a policeman who used abuse language against Kashmir Monitor photojournalist, Umar Ganaie and threw a big rock at him while he was performing his professional duties at Batamaloo, Srinagar, Kashmir. 
KPPA condemned the action of Police and Indian central reserve police force (CRPF), for ransacking the house of the photojournalist by smashing window panes. 
KPPA said Danish was not at his home when Police and CRPF men pelted stones at his house, causing panic among the inmates and resulting in his wife getting fainted. 
KPPA also condemned the action of a policeman who used abuse language against Kashmir Monitor photojournalist, Umar Ganaie and threw a big rock at him while he was performing his professional duties at Batamaloo. 
KPPA warned Police not to harass photojournalists while they are dispatching their professional duties.
</topic_text>
<spam_score>0.00</spam_score>
<post_num>1</post_num>
<post_id>post-1</post_id>
<post_url>http://kashmirwatch.com/kppa-condemns-attacks-on-photojournalists/</post_url>
<post_date>20160830</post_date>
<post_time>1603</post_time>
<username>Editor</username>
<post>
0 SHARES 
Srinagar: Kashmir Press Photographers Association (KPAA) Tuesday condemned the attack on a photojournalist, Danish Ismail’s residence at Batamaloo in Srinagar and condemned the action of a policeman who used abuse language against Kashmir Monitor photojournalist, Umar Ganaie and threw a big rock at him while he was performing his professional duties at Batamaloo, Srinagar, Kashmir. 
KPPA condemned the action of Police and Indian central reserve police force (CRPF), for ransacking the house of the photojournalist by smashing window panes. 
KPPA said Danish was not at his home when Police and CRPF men pelted stones at his house, causing panic among the inmates and resulting in his wife getting fainted. 
KPPA also condemned the action of a policeman who used abuse language against Kashmir Monitor photojournalist, Umar Ganaie and threw a big rock at him while he was performing his professional duties at Batamaloo. 
KPPA warned Police not to harass photojournalists while they are dispatching their professional duties.
</post>
<signature>

</signature>
<external_links>

</external_links>
<country>US</country>
<main_image>http://kashmirwatch.com/wp-content/uploads/2016/07/Screen-Shot-2016-07-12-at-03.52.34.jpg</main_image>
</document>
