<?xml version="1.0" encoding="UTF-8"?>
<document>
<type>mainstream</type>
<forum></forum>
<forum_title></forum_title>
<discussion_title>Mushtaq Dar of Qaimoh, killed on July 13, was support for his family</discussion_title>
<language>english</language>
<gmt_offset></gmt_offset>
<topic_url>http://www.greaterkashmir.com/news/kashmir/mushtaq-dar-of-qaimoh-killed-on-july-13-was-support-for-his-family/227188.html</topic_url>
<topic_text>
Wednesday, August 31, 2016, 27, Zul Qaadah, 1437 Mushtaq Dar of Qaimoh, killed on July 13, was support for his family “We owe a small piece of land and it was very difficult for me to support the family with meager resources,” says Abdul Ahad Dar. KHALID GUL Kulgam, Publish Date: Aug 30 2016 11:36PM | Updated Date: Aug 30 2016 11:36PM File Photo Mushtaq Ahmad Dar, 22, of Hawoora Mishpora village of Qaimoh in South Kashmir’s Kulgam district, a BA final year student, was supporting his family by doing part time job as a local cable television operator. However, on July 13 he fell to the bullets of government forces during protests near Wanpoh. Mushtaq is survived by his father Abdul Ahad Dar- a farmer- mother Haleema, younger brother and three sisters - all unmarried. “We owe a small piece of land and it was very difficult for me to support the family with meager resources,” says Abdul Ahad Dar. “Mushtaq was always concerned about the family and hence took up the job of a cable operator once he passed his 12th examination,” said Ahad. However Mushtaq did not give up studies and was pursuing graduation from Boys Degree College Anantnag. “My son was very obedient and always wanted us to live happily. Besides meeting his own expenses of education, he supported the family too,” says Ahad amid sobs. Narrating the incident, family and villagers said Mushtaq was shot at by police and paramilitary forces near Wanpoh. “The protesters from Qaimoh and adjoining villages started marching towards Srinagar-Jammu Highway at around 5:00 PM on July 13 but as they reached near Wanpoh the police and paramilitary forces used pellet guns and resorted to indiscriminate firing. A bullet hit Mushtaq in the abdomen,” said the locals. They said the forces did not allow him to be ferried to hospital immediately. “We took an alternative route but were beaten by forces in Anantnag town on way to District Hospital Anantnag,” said the eyewitnesses. Mushtaq was later referred to SKIMS Srinagar. “On way to Srinagar we were again stopped by CRPF men near Sangam. The ambulance driver as well as attendants were thrashed,” said Muhamad Amin Dar, Mushtaq’s cousin. Mushtaq lost his battle for life in the wee hours on July 14. He was laid to rest in the evening at his native village Hawoora Mishpora with thousands turning up at his funeral. More in this Category 
</topic_text>
<spam_score>0.03</spam_score>
<post_num>1</post_num>
<post_id>post-1</post_id>
<post_url>http://www.greaterkashmir.com/news/kashmir/mushtaq-dar-of-qaimoh-killed-on-july-13-was-support-for-his-family/227188.html</post_url>
<post_date>20160820</post_date>
<post_time></post_time>
<username>Khalid Gul</username>
<post>
Wednesday, August 31, 2016, 27, Zul Qaadah, 1437 Mushtaq Dar of Qaimoh, killed on July 13, was support for his family “We owe a small piece of land and it was very difficult for me to support the family with meager resources,” says Abdul Ahad Dar. KHALID GUL Kulgam, Publish Date: Aug 30 2016 11:36PM | Updated Date: Aug 30 2016 11:36PM File Photo Mushtaq Ahmad Dar, 22, of Hawoora Mishpora village of Qaimoh in South Kashmir’s Kulgam district, a BA final year student, was supporting his family by doing part time job as a local cable television operator. However, on July 13 he fell to the bullets of government forces during protests near Wanpoh. Mushtaq is survived by his father Abdul Ahad Dar- a farmer- mother Haleema, younger brother and three sisters - all unmarried. “We owe a small piece of land and it was very difficult for me to support the family with meager resources,” says Abdul Ahad Dar. “Mushtaq was always concerned about the family and hence took up the job of a cable operator once he passed his 12th examination,” said Ahad. However Mushtaq did not give up studies and was pursuing graduation from Boys Degree College Anantnag. “My son was very obedient and always wanted us to live happily. Besides meeting his own expenses of education, he supported the family too,” says Ahad amid sobs. Narrating the incident, family and villagers said Mushtaq was shot at by police and paramilitary forces near Wanpoh. “The protesters from Qaimoh and adjoining villages started marching towards Srinagar-Jammu Highway at around 5:00 PM on July 13 but as they reached near Wanpoh the police and paramilitary forces used pellet guns and resorted to indiscriminate firing. A bullet hit Mushtaq in the abdomen,” said the locals. They said the forces did not allow him to be ferried to hospital immediately. “We took an alternative route but were beaten by forces in Anantnag town on way to District Hospital Anantnag,” said the eyewitnesses. Mushtaq was later referred to SKIMS Srinagar. “On way to Srinagar we were again stopped by CRPF men near Sangam. The ambulance driver as well as attendants were thrashed,” said Muhamad Amin Dar, Mushtaq’s cousin. Mushtaq lost his battle for life in the wee hours on July 14. He was laid to rest in the evening at his native village Hawoora Mishpora with thousands turning up at his funeral. More in this Category 
</post>
<signature>

</signature>
<external_links>

</external_links>
<country>US</country>
<main_image>http://www.greaterkashmir.com/cms/gall_content/2016/8/2016_8$largeimg230_Aug_2016_233610237.jpg</main_image>
</document>
