<?xml version="1.0" encoding="UTF-8"?>
<document>
<type>mainstream</type>
<forum>http://www.wtoc.com/category/5467/home?clienttype=rss</forum>
<forum_title>WTOC - WTOC Home (homepage category)</forum_title>
<discussion_title>First Bryan Baptist&apos;s damaged organ being restored</discussion_title>
<language>english</language>
<gmt_offset></gmt_offset>
<topic_url>http://www.wtoc.com/story/32922525/first-bryan-baptists-damaged-organ-being-restored</topic_url>
<topic_text>
First Bryan Baptist&apos;s damaged organ being restored 2016-08-31T00:29:21Z (Source: WTOC) SAVANNAH, GA (WTOC) - 
A historic organ inside of a Savannah church was left damaged after a vandal breaks in and leaves the place a mess. 
That organ is on its way Tuesday to being fully restored to make music again. Certain parts were removed to head to a specialist in Atlanta to be worked on. 
A company picking up those parts from First Bryan Baptist Church two weeks after a man broke in, high on drugs and destroyed it. 
It will take about 9 months, but church members say the time and money is worth it because the piece hasn&apos;t been played in a very long time. 
&quot;I never thought I&apos;d see this in my lifetime. I never thought I would see the back of the organ- parts by parts, piece by piece- during my lifetime. So this is a blessing. And for me to hear it played during my lifetime, that&apos;s another blessing,” said Georgia Wright-Benton, First Bryan Baptist Church. 
The organ is 127 years old and was purchased from Independent Presbyterian in the 1800&apos;s for $1,400. Now, it is valued at $1.45 million. 
Copyright 2016 WTOC .  
</topic_text>
<spam_score>0.00</spam_score>
<post_num>1</post_num>
<post_id>post-1</post_id>
<post_url>http://www.wtoc.com/story/32922525/first-bryan-baptists-damaged-organ-being-restored</post_url>
<post_date>20160831</post_date>
<post_time>0029</post_time>
<username>WTOC Staff</username>
<post>
First Bryan Baptist&apos;s damaged organ being restored 2016-08-31T00:29:21Z (Source: WTOC) SAVANNAH, GA (WTOC) - 
A historic organ inside of a Savannah church was left damaged after a vandal breaks in and leaves the place a mess. 
That organ is on its way Tuesday to being fully restored to make music again. Certain parts were removed to head to a specialist in Atlanta to be worked on. 
A company picking up those parts from First Bryan Baptist Church two weeks after a man broke in, high on drugs and destroyed it. 
It will take about 9 months, but church members say the time and money is worth it because the piece hasn&apos;t been played in a very long time. 
&quot;I never thought I&apos;d see this in my lifetime. I never thought I would see the back of the organ- parts by parts, piece by piece- during my lifetime. So this is a blessing. And for me to hear it played during my lifetime, that&apos;s another blessing,” said Georgia Wright-Benton, First Bryan Baptist Church. 
The organ is 127 years old and was purchased from Independent Presbyterian in the 1800&apos;s for $1,400. Now, it is valued at $1.45 million. 
Copyright 2016 WTOC .  
</post>
<signature>

</signature>
<external_links>

</external_links>
<country>US</country>
<main_image>http://wtoc.images.worldnow.com/images/11610712_G.jpg</main_image>
</document>
