<?xml version="1.0" encoding="UTF-8"?>
<document>
<type>mainstream</type>
<forum>http://feeds.feedblitz.com/previouslytv</forum>
<forum_title>Previously.TV</forum_title>
<discussion_title>How Wells Are Bachelor In Paradise&apos;s Crazyfaces Doing With The New Arrivals? :: And more importantly, how much is Ashley crying? [Bachelor In Paradise]</discussion_title>
<language>english</language>
<gmt_offset></gmt_offset>
<topic_url>http://previously.tv/bachelor-in-paradise/how-wells-are-bachelor-in-paradises-crazyfaces-doing-with-the-new-arrivals/</topic_url>
<topic_text>
How Wells Are Bachelor In Paradise &apos;s Crazyfaces Doing With The New Arrivals? And more importantly, how much is Ashley crying?
</topic_text>
<spam_score>0.00</spam_score>
<post_num>1</post_num>
<post_id>post-1</post_id>
<post_url>http://previously.tv/bachelor-in-paradise/how-wells-are-bachelor-in-paradises-crazyfaces-doing-with-the-new-arrivals/</post_url>
<post_date>20160830</post_date>
<post_time>1800</post_time>
<username>Tara Ariano</username>
<post>
How Wells Are Bachelor In Paradise &apos;s Crazyfaces Doing With The New Arrivals? And more importantly, how much is Ashley crying?
</post>
<signature>

</signature>
<external_links>

</external_links>
<country>US</country>
<main_image>http://previously.tv/m/2016-08-30-bachelor-in-paradise33.jpg</main_image>
</document>
