<?xml version="1.0" encoding="UTF-8"?>
<document>
<type>mainstream</type>
<forum>http://www.trading-house.net/rss/meldungen/</forum>
<forum_title>trading-house.net Nachrichtenfeed</forum_title>
<discussion_title>ClubCorp Acquires Heritage Golf Club</discussion_title>
<language>english</language>
<gmt_offset></gmt_offset>
<topic_url>http://www.trading-house.net/news/clubcorp-acquires-heritage-golf-club-50947056</topic_url>
<topic_text>
31.08.2016 - 01:28 Uhr ClubCorp Acquires Heritage Golf Club DALLAS, TX--(Marketwired - August 30, 2016) - ClubCorp -- The World Leader in Private Clubs®(NYSE: MYCC) -- announces the acquisition of Heritage Golf Club, a premier private country club in Hilliard, Ohio, just west of Columbus. ClubCorp plans to …
</topic_text>
<spam_score>0.00</spam_score>
<post_num>1</post_num>
<post_id>post-1</post_id>
<post_url>http://www.trading-house.net/news/clubcorp-acquires-heritage-golf-club-50947056</post_url>
<post_date>20160830</post_date>
<post_time>2328</post_time>
<username></username>
<post>
31.08.2016 - 01:28 Uhr ClubCorp Acquires Heritage Golf Club DALLAS, TX--(Marketwired - August 30, 2016) - ClubCorp -- The World Leader in Private Clubs®(NYSE: MYCC) -- announces the acquisition of Heritage Golf Club, a premier private country club in Hilliard, Ohio, just west of Columbus. ClubCorp plans to …
</post>
<signature>

</signature>
<external_links>

</external_links>
<country>DE</country>
<main_image></main_image>
</document>
