<?xml version="1.0" encoding="UTF-8"?>
<document>
<type>mainstream</type>
<forum>http://www.sputniknews.com/export/rss2/archive/index.xml</forum>
<forum_title>Sputnik International</forum_title>
<discussion_title>What’s Out There? &apos;Interesting&apos; Signal From Deep Space Spurs Hunt for ET</discussion_title>
<language>english</language>
<gmt_offset></gmt_offset>
<topic_url>http://sputniknews.com/science/20160830/1044793280/seti-signal-.html</topic_url>
<topic_text>
5 1132 10 3 Russian astronomers with the Search for Extraterrestrial Intelligence (SETI) Institute have detected a promising signal emanating from a star some 94 light years away. 
Researchers with the RATAN-600 radio telescope observatory in Russia, northeast of the Black Sea, have picked up an unusual microwave transmission operating at a wavelength of 2.7 cm – approximately 11 GHz – whose source appears to be the Sun-like star HD 164595. © NASA. JPL-Caltech Juno Spacecraft to Perform Its Closest Flyby of Jupiter This Weekend 
Scientists are skeptical, but there is a chance, however remote, that the signal could be from an intelligent civilization. 
&quot;No one is claiming that this is the work of an extraterrestrial civilization, but it is certainly worth further study,&quot; Paul Gilster wrote for the Centauri Dreams website . &quot;But the signal is provocative enough that the RATAN-600 researchers are calling for permanent monitoring of this target.&quot; 
The star is known to host one planet. With a 40-day orbit, that body is likely too hot to harbor life, but undetected planets could also exist in the system. © NASA. ESA, and E. Tollerud (STScI) Twin Orphan Galaxies Provide Clues to the Evolution of the Universe 
Some are quick to point that SETI detects signals like these occur on a regular basis, and it’s entirely possible that a natural event, such as a stellar flare, or even a military signal from our own planet could have triggered the radio-telescope sensors. 
&quot;All in all, it’s rather uninteresting from a SETI standpoint,&quot; said Eric Korpela, an astronomer with Berkeley SETI, according to Vox . &quot;But, of course, it’s been announced to the media. Reporters won’t have the background to know it’s not interesting. Because the media has it, and this business runs on media, [other astronomers] will look at it…And we’ll all find nothing. It’s not our first time at this rodeo, so we know how it works.&quot; © Flickr/ Stuart Rankin The Milky Way&apos;s &apos;Dark Zone&apos;: Black Hole Study Revisited 10 Years After Discovery 
There was similar hype surrounding the discovery of the potential &quot;alien megastructure&quot; surrounding Tabby’s Star. While subsequent observations have failed to reveal evidence of an extraterrestrial intelligence in the region, they haven’t disproven the notion, either. 
Still, others points out that even if the signal doesn’t lead to an extraterrestrial civilization, it could still lead to something humanity has not seen before. 
&quot;If this were a real astronomical source, it would be rather strange,&quot; Nick Suntzeff, a Texas A&amp;M University astronomer, told Ars Technica . 
We can’t know for sure what caused the signal until further studies are conducted, but, for now, interest has certainly been piqued. ...
</topic_text>
<spam_score>0.00</spam_score>
<post_num>1</post_num>
<post_id>post-1</post_id>
<post_url>http://sputniknews.com/science/20160830/1044793280/seti-signal-.html</post_url>
<post_date>20160830</post_date>
<post_time>1952</post_time>
<username></username>
<post>
5 1132 10 3 Russian astronomers with the Search for Extraterrestrial Intelligence (SETI) Institute have detected a promising signal emanating from a star some 94 light years away. 
Researchers with the RATAN-600 radio telescope observatory in Russia, northeast of the Black Sea, have picked up an unusual microwave transmission operating at a wavelength of 2.7 cm – approximately 11 GHz – whose source appears to be the Sun-like star HD 164595. © NASA. JPL-Caltech Juno Spacecraft to Perform Its Closest Flyby of Jupiter This Weekend 
Scientists are skeptical, but there is a chance, however remote, that the signal could be from an intelligent civilization. 
&quot;No one is claiming that this is the work of an extraterrestrial civilization, but it is certainly worth further study,&quot; Paul Gilster wrote for the Centauri Dreams website . &quot;But the signal is provocative enough that the RATAN-600 researchers are calling for permanent monitoring of this target.&quot; 
The star is known to host one planet. With a 40-day orbit, that body is likely too hot to harbor life, but undetected planets could also exist in the system. © NASA. ESA, and E. Tollerud (STScI) Twin Orphan Galaxies Provide Clues to the Evolution of the Universe 
Some are quick to point that SETI detects signals like these occur on a regular basis, and it’s entirely possible that a natural event, such as a stellar flare, or even a military signal from our own planet could have triggered the radio-telescope sensors. 
&quot;All in all, it’s rather uninteresting from a SETI standpoint,&quot; said Eric Korpela, an astronomer with Berkeley SETI, according to Vox . &quot;But, of course, it’s been announced to the media. Reporters won’t have the background to know it’s not interesting. Because the media has it, and this business runs on media, [other astronomers] will look at it…And we’ll all find nothing. It’s not our first time at this rodeo, so we know how it works.&quot; © Flickr/ Stuart Rankin The Milky Way&apos;s &apos;Dark Zone&apos;: Black Hole Study Revisited 10 Years After Discovery 
There was similar hype surrounding the discovery of the potential &quot;alien megastructure&quot; surrounding Tabby’s Star. While subsequent observations have failed to reveal evidence of an extraterrestrial intelligence in the region, they haven’t disproven the notion, either. 
Still, others points out that even if the signal doesn’t lead to an extraterrestrial civilization, it could still lead to something humanity has not seen before. 
&quot;If this were a real astronomical source, it would be rather strange,&quot; Nick Suntzeff, a Texas A&amp;M University astronomer, told Ars Technica . 
We can’t know for sure what caused the signal until further studies are conducted, but, for now, interest has certainly been piqued. ...
</post>
<signature>

</signature>
<external_links>

</external_links>
<country>RU</country>
<main_image>https://cdn3.img.sputniknews.com/images/101828/15/1018281509.jpg</main_image>
</document>
