<?xml version="1.0" encoding="UTF-8"?>
<document>
<type>mainstream</type>
<forum></forum>
<forum_title></forum_title>
<discussion_title>Inzamam best batsman to whom I have bowled: Akhtar</discussion_title>
<language>english</language>
<gmt_offset></gmt_offset>
<topic_url>http://www.greaterkashmir.com/news/sports/story/227212.html</topic_url>
<topic_text>
Wednesday, August 31, 2016, 27, Zul Qaadah, 1437 Inzamam best batsman to whom I have bowled: Akhtar The 41-year-old said of all the batsmen he bowled to, including batting legends Sachin Tendulkar, Brian Lara and Ricky Ponting, no one played him better than his legendary teammate. IANS Lahore, Publish Date: Aug 31 2016 12:37AM | Updated Date: Aug 31 2016 12:37AM File Photo 
Former Pakistan speedster Shoaib Akhtar said his former teammate and skipper Inzamam-ul-Haq played him better than any other batsman in the world. 
Shoaib, one of the fastest bowlers to have ever played the game, took a career tally of 444 international wickets. 
The 41-year-old said of all the batsmen he bowled to, including batting legends Sachin Tendulkar, Brian Lara and Ricky Ponting, no one played him better than his legendary teammate. 
&quot;There were a lot of players in the world (I found difficult to get out) but the most difficult, who I couldn&apos;t even get out in the nets, was Inzamam,&quot; Shoaib was quoted as saying by fellow teammate and pace bowling legend Wasim Akram&apos;s talk show The Sportsman, reports cricket.com.au. 
&quot;I think there was no other player who played me better than him. His footwork was quick, he would place himself and be ready to play. He could see the ball earlier than many. I always thought he had an extra second. However fast I bowled, he had placed himself where the ball would land,&quot; he added. 
Inzamam, who played in 34 Tests with Shoaib, tallied 35 centuries in his 16-year international career and is regarded as one of Pakistan&apos;s greatest ever batsmen. After a stint as head coach of Afghanistan, he was named Pakistan&apos;s chief selector earlier this year and has overseen their rise to the No.1 ranking in Tests. 
Inzamam, as a 22-year-old, was part of the Pakistan side that won the 1992 World Cup in Australia and New Zealand, a team that was captained by Imran Khan and also featured the likes of Wasim and Javed Miandad. 
Shoaib, who was a 16-year-old when Imran lifted the World Cup trophy at the Melbourne Cricket Ground, said he was inspired by the golden generation of Pakistan cricket. 
&quot;I wanted to be a fast bowler right from day one. I wanted to bowl fast and I wanted to do this only. Inspiration is very important. Heroes are very important. If there are no heroes you cannot get inspired,&quot; the Rawalpindi-born said. 
&quot;You try to become like them but then you blossom into something else. First I saw you (Akram) and Imran. Then I saw Waqar (Younis) and you (Akram) bowling. Then I thought to myself that if I copy you people, I might become someone,&quot; the 41-year-old said. More in this Category 
</topic_text>
<spam_score>0.21</spam_score>
<post_num>1</post_num>
<post_id>post-1</post_id>
<post_url>http://www.greaterkashmir.com/news/sports/story/227212.html</post_url>
<post_date>20160820</post_date>
<post_time></post_time>
<username></username>
<post>
Wednesday, August 31, 2016, 27, Zul Qaadah, 1437 Inzamam best batsman to whom I have bowled: Akhtar The 41-year-old said of all the batsmen he bowled to, including batting legends Sachin Tendulkar, Brian Lara and Ricky Ponting, no one played him better than his legendary teammate. IANS Lahore, Publish Date: Aug 31 2016 12:37AM | Updated Date: Aug 31 2016 12:37AM File Photo 
Former Pakistan speedster Shoaib Akhtar said his former teammate and skipper Inzamam-ul-Haq played him better than any other batsman in the world. 
Shoaib, one of the fastest bowlers to have ever played the game, took a career tally of 444 international wickets. 
The 41-year-old said of all the batsmen he bowled to, including batting legends Sachin Tendulkar, Brian Lara and Ricky Ponting, no one played him better than his legendary teammate. 
&quot;There were a lot of players in the world (I found difficult to get out) but the most difficult, who I couldn&apos;t even get out in the nets, was Inzamam,&quot; Shoaib was quoted as saying by fellow teammate and pace bowling legend Wasim Akram&apos;s talk show The Sportsman, reports cricket.com.au. 
&quot;I think there was no other player who played me better than him. His footwork was quick, he would place himself and be ready to play. He could see the ball earlier than many. I always thought he had an extra second. However fast I bowled, he had placed himself where the ball would land,&quot; he added. 
Inzamam, who played in 34 Tests with Shoaib, tallied 35 centuries in his 16-year international career and is regarded as one of Pakistan&apos;s greatest ever batsmen. After a stint as head coach of Afghanistan, he was named Pakistan&apos;s chief selector earlier this year and has overseen their rise to the No.1 ranking in Tests. 
Inzamam, as a 22-year-old, was part of the Pakistan side that won the 1992 World Cup in Australia and New Zealand, a team that was captained by Imran Khan and also featured the likes of Wasim and Javed Miandad. 
Shoaib, who was a 16-year-old when Imran lifted the World Cup trophy at the Melbourne Cricket Ground, said he was inspired by the golden generation of Pakistan cricket. 
&quot;I wanted to be a fast bowler right from day one. I wanted to bowl fast and I wanted to do this only. Inspiration is very important. Heroes are very important. If there are no heroes you cannot get inspired,&quot; the Rawalpindi-born said. 
&quot;You try to become like them but then you blossom into something else. First I saw you (Akram) and Imran. Then I saw Waqar (Younis) and you (Akram) bowling. Then I thought to myself that if I copy you people, I might become someone,&quot; the 41-year-old said. More in this Category 
</post>
<signature>

</signature>
<external_links>

</external_links>
<country>US</country>
<main_image>http://www.greaterkashmir.com/cms/gall_content/2016/8/2016_8$largeimg231_Aug_2016_003732510.jpg</main_image>
</document>
