<?xml version="1.0" encoding="UTF-8"?>
<document>
<type>mainstream</type>
<forum>http://www.sputniknews.com/export/rss2/archive/index.xml</forum>
<forum_title>Sputnik International</forum_title>
<discussion_title>TTIP Nations Must &apos;Reframe&apos; Free Trade Debate Amid Growing Discontent</discussion_title>
<language>english</language>
<gmt_offset></gmt_offset>
<topic_url>http://sputniknews.com/politics/20160831/1044796808/ttip-growing-discontent.html</topic_url>
<topic_text>
TTIP Nations Must &apos;Reframe&apos; Free Trade Debate Amid Growing Discontent © Photo: Ralph Orlowski 0 27 0 0 The nations of Europe and the United States must change the public perception of free trade deals amid growing discontent for the Transatlantic Trade and Investment Partnership (TTIP), former US Deputy Assistant Secretary for European Affairs Heather Conley told Sputnik. 
WASHINGTON (Sputnik), Leandra Bernstein — Earlier on Tuesday, French President Francois Hollande and German Economic Affairs Minister Sigmar Gabriel suggested that TTIP negotiations could not be concluded by the end of the year, casting doubt on the future of the US-EU trade deal. © AFP 2016/ Sebastian Gollnow / dpa US Businesses Remain Committed to TTIP as France, Germany Show Reluctance &quot;Both the European leaders and American leaders are going to have to have a new conversation about free trade, because right now these democracies don&apos;t support it, the people are against it. So we have to reframe it,&quot; Conley said on Tuesday. 
European opponents of the TTIP have taken issue with the lack of transparency in the negotiations, and possible weakening of environmental, financial and privacy regulations. 
In the United States, similar concern persist over transparency as well as growing public skepticism over multilateral trade deals generally. &quot;This is a backlash against the trends of globalization where people don’t feel they have adequate say and control and protection of their national companies,&quot; Conley noted, explaining the transatlantic trade skepticism. © AFP 2016/ Mandel Ngan Obama to Send US Trade Ambassador to Europe Next Month to Negotiate TTIP - White House 
Conley, the director of the Center for Strategic and International Studies’ Europe program, noted that the TTIP agreement could still move forward despite its current unpopularity, but US and European officials &quot;have to listen to that backlash and address it.&quot; 
The rejection of free trade agreements has become a major issue in the 2016 US presidential race , with three of the four leading presidential candidates campaigning against new trade deals. 
US and European officials and business leaders have been negotiating TTIP since 2013 . The details of the agreement remain secret, except for minor details that have been leaked to the public. © Sputnik/
</topic_text>
<spam_score>0.00</spam_score>
<post_num>1</post_num>
<post_id>post-1</post_id>
<post_url>http://sputniknews.com/politics/20160831/1044796808/ttip-growing-discontent.html</post_url>
<post_date>20160831</post_date>
<post_time>0013</post_time>
<username></username>
<post>
TTIP Nations Must &apos;Reframe&apos; Free Trade Debate Amid Growing Discontent © Photo: Ralph Orlowski 0 27 0 0 The nations of Europe and the United States must change the public perception of free trade deals amid growing discontent for the Transatlantic Trade and Investment Partnership (TTIP), former US Deputy Assistant Secretary for European Affairs Heather Conley told Sputnik. 
WASHINGTON (Sputnik), Leandra Bernstein — Earlier on Tuesday, French President Francois Hollande and German Economic Affairs Minister Sigmar Gabriel suggested that TTIP negotiations could not be concluded by the end of the year, casting doubt on the future of the US-EU trade deal. © AFP 2016/ Sebastian Gollnow / dpa US Businesses Remain Committed to TTIP as France, Germany Show Reluctance &quot;Both the European leaders and American leaders are going to have to have a new conversation about free trade, because right now these democracies don&apos;t support it, the people are against it. So we have to reframe it,&quot; Conley said on Tuesday. 
European opponents of the TTIP have taken issue with the lack of transparency in the negotiations, and possible weakening of environmental, financial and privacy regulations. 
In the United States, similar concern persist over transparency as well as growing public skepticism over multilateral trade deals generally. &quot;This is a backlash against the trends of globalization where people don’t feel they have adequate say and control and protection of their national companies,&quot; Conley noted, explaining the transatlantic trade skepticism. © AFP 2016/ Mandel Ngan Obama to Send US Trade Ambassador to Europe Next Month to Negotiate TTIP - White House 
Conley, the director of the Center for Strategic and International Studies’ Europe program, noted that the TTIP agreement could still move forward despite its current unpopularity, but US and European officials &quot;have to listen to that backlash and address it.&quot; 
The rejection of free trade agreements has become a major issue in the 2016 US presidential race , with three of the four leading presidential candidates campaigning against new trade deals. 
US and European officials and business leaders have been negotiating TTIP since 2013 . The details of the agreement remain secret, except for minor details that have been leaked to the public. © Sputnik/
</post>
<signature>

</signature>
<external_links>

</external_links>
<country>RU</country>
<main_image>https://cdn3.img.sputniknews.com/images/104477/79/1044777989.jpg</main_image>
</document>
