<?xml version="1.0" encoding="UTF-8"?>
<document>
<type>mainstream</type>
<forum></forum>
<forum_title></forum_title>
<discussion_title>White Water vs First Family - HotS - Super League 2016 - Season 3 - | GosuGamers</discussion_title>
<language>ignore</language>
<gmt_offset></gmt_offset>
<topic_url>http://www.gosugamers.net/heroesofthestorm/tournaments/11487-super-league-2016-season-3/3191-group-stage/11489-group-b/matches/134424-white-water-vs-first-family?vod=56982</topic_url>
<topic_text>
KR - WhiteW vs FirstF - Super League 2016 Group B - G1 &lt;iframe src=&quot;http://play.viagame.com/?v=UPZ0G854ySQ&amp;autoplay=1#start=1380&quot; width=&quot;100%&quot; height=&quot;100%&quot; allowfullscreen scrolling=&quot;no&quot;&gt;&lt;/iframe&gt; KR - WhiteW vs FirstF - Super League 2016 Group B - G2 &lt;iframe src=&quot;http://play.viagame.com/?v=UPZ0G854ySQ&amp;autoplay=1#start=3040&quot; width=&quot;100%&quot; height=&quot;100%&quot; allowfullscreen scrolling=&quot;no&quot;&gt;&lt;/iframe&gt; KR - WhiteW vs FirstF - Super League 2016 Group B - G3 &lt;iframe src=&quot;http://play.viagame.com/?v=UPZ0G854ySQ&amp;autoplay=1#start=5600&quot; width=&quot;100%&quot; height=&quot;100%&quot; allowfullscreen scrolling=&quot;no&quot;&gt;&lt;/iframe&gt; KR - WhiteW vs FirstF - Super League 2016 Group B - G4 &lt;iframe src=&quot;http://play.viagame.com/?v=UPZ0G854ySQ&amp;autoplay=1#start=7260&quot; width=&quot;100%&quot; height=&quot;100%&quot; allowfullscreen scrolling=&quot;no&quot;&gt;&lt;/iframe&gt; KR - WhiteW vs FirstF - Super League 2016 Group B - G5 &lt;iframe src=&quot;http://play.viagame.com/?v=UPZ0G854ySQ&amp;autoplay=1#start=9870&quot; width=&quot;100%&quot; height=&quot;100%&quot; allowfullscreen scrolling=&quot;no&quot;&gt;&lt;/iframe&gt; 
This game has not been played Start 
</topic_text>
<spam_score>0.03</spam_score>
<post_num>1</post_num>
<post_id>post-1</post_id>
<post_url>http://www.gosugamers.net/heroesofthestorm/tournaments/11487-super-league-2016-season-3/3191-group-stage/11489-group-b/matches/134424-white-water-vs-first-family?vod=56982</post_url>
<post_date>20160830</post_date>
<post_time></post_time>
<username></username>
<post>
KR - WhiteW vs FirstF - Super League 2016 Group B - G1 &lt;iframe src=&quot;http://play.viagame.com/?v=UPZ0G854ySQ&amp;autoplay=1#start=1380&quot; width=&quot;100%&quot; height=&quot;100%&quot; allowfullscreen scrolling=&quot;no&quot;&gt;&lt;/iframe&gt; KR - WhiteW vs FirstF - Super League 2016 Group B - G2 &lt;iframe src=&quot;http://play.viagame.com/?v=UPZ0G854ySQ&amp;autoplay=1#start=3040&quot; width=&quot;100%&quot; height=&quot;100%&quot; allowfullscreen scrolling=&quot;no&quot;&gt;&lt;/iframe&gt; KR - WhiteW vs FirstF - Super League 2016 Group B - G3 &lt;iframe src=&quot;http://play.viagame.com/?v=UPZ0G854ySQ&amp;autoplay=1#start=5600&quot; width=&quot;100%&quot; height=&quot;100%&quot; allowfullscreen scrolling=&quot;no&quot;&gt;&lt;/iframe&gt; KR - WhiteW vs FirstF - Super League 2016 Group B - G4 &lt;iframe src=&quot;http://play.viagame.com/?v=UPZ0G854ySQ&amp;autoplay=1#start=7260&quot; width=&quot;100%&quot; height=&quot;100%&quot; allowfullscreen scrolling=&quot;no&quot;&gt;&lt;/iframe&gt; KR - WhiteW vs FirstF - Super League 2016 Group B - G5 &lt;iframe src=&quot;http://play.viagame.com/?v=UPZ0G854ySQ&amp;autoplay=1#start=9870&quot; width=&quot;100%&quot; height=&quot;100%&quot; allowfullscreen scrolling=&quot;no&quot;&gt;&lt;/iframe&gt; 
This game has not been played Start 
</post>
<signature>

</signature>
<external_links>

</external_links>
<country>US</country>
<main_image></main_image>
</document>
