<?xml version="1.0" encoding="UTF-8"?>
<document>
<type>mainstream</type>
<forum>http://www.sputniknews.com/export/rss2/archive/index.xml</forum>
<forum_title>Sputnik International</forum_title>
<discussion_title>Obama-Erdogan Talks Must Address Syria Objectives Now &apos;at Complete Odds&apos;</discussion_title>
<language>english</language>
<gmt_offset></gmt_offset>
<topic_url>http://sputniknews.com/politics/20160831/1044796684/bama-rdogan-talks.html</topic_url>
<topic_text>
Obama-Erdogan Talks Must Address Syria Objectives Now &apos;at Complete Odds&apos; © AFP 2016/ Yasin Bulbul 0 63 0 0 US President Barack Obama and Turkish President Recep Tayyip Erdogan must address their differing objectives in Syria when they meet at the upcoming G20 conference, former UD Deputy Assistant Secretary for Eurasian Affairs Heather Conley told Sputnik on Tuesday. 
WASHINGTON (Sputnik), Leandra Bernstein — After recapturing the Syrian border town of Jarabulus last week from Daesh control, Turkish troops began shelling US-backed Kurdish forces located south of the town. US officials urged both Turkey and the Kurdish People’s Protection Units (YPG) to focus on fighting the Daesh, not one another. © AP Photo/ SITE Intel Group Daesh Leader and Spokesman Reportedly Killed in Syria’s Aleppo &quot;Right now we [the United States and Turkey] are working at complete odds against each other, and we are not — the US objective is to focus on the Islamic State [Daesh] and this is not happening,&quot; Conley said. 
Obama and Erdogan are scheduled to meet on September 4 on the sidelines of the G20 Summit in Beijing. Conley said she hopes both leaders come out the meeting publicly expressing &quot;a much stronger statement on Syria&quot; and indicating some kind of agreement on a path forward. 
The two leaders must also discuss whether the future US-Turkish strategic relationship will depend on the US extradition of the Islamic cleric Fethullah Gulen, Conley noted. 
Gulen currently lives in the US state of Pennsylvania and is wanted by Turkish officials for allegedly coordinating the July 15 military coup attempt in Turkey. © Sputnik/ Mikhail Alayeddin &quot;That is going to be a profound challenge to our relationship,&quot; Conley stated. 
US-Turkish relations were strained following the failed coup, which some Turkish officials blamed on the United States. 
US officials have denied any role in the coup. 
In Syria, Turkey is a formal member of the US-led coalition against the Daesh, but views the US-allied Kurdish YPG forces as a terrorist group. 
On Tuesday, US officials confirmed that the latest clashes between Turkish and YPG forces outside of Jarabulus had reached calm. ...
</topic_text>
<spam_score>0.00</spam_score>
<post_num>1</post_num>
<post_id>post-1</post_id>
<post_url>http://sputniknews.com/politics/20160831/1044796684/bama-rdogan-talks.html</post_url>
<post_date>20160831</post_date>
<post_time>0003</post_time>
<username></username>
<post>
Obama-Erdogan Talks Must Address Syria Objectives Now &apos;at Complete Odds&apos; © AFP 2016/ Yasin Bulbul 0 63 0 0 US President Barack Obama and Turkish President Recep Tayyip Erdogan must address their differing objectives in Syria when they meet at the upcoming G20 conference, former UD Deputy Assistant Secretary for Eurasian Affairs Heather Conley told Sputnik on Tuesday. 
WASHINGTON (Sputnik), Leandra Bernstein — After recapturing the Syrian border town of Jarabulus last week from Daesh control, Turkish troops began shelling US-backed Kurdish forces located south of the town. US officials urged both Turkey and the Kurdish People’s Protection Units (YPG) to focus on fighting the Daesh, not one another. © AP Photo/ SITE Intel Group Daesh Leader and Spokesman Reportedly Killed in Syria’s Aleppo &quot;Right now we [the United States and Turkey] are working at complete odds against each other, and we are not — the US objective is to focus on the Islamic State [Daesh] and this is not happening,&quot; Conley said. 
Obama and Erdogan are scheduled to meet on September 4 on the sidelines of the G20 Summit in Beijing. Conley said she hopes both leaders come out the meeting publicly expressing &quot;a much stronger statement on Syria&quot; and indicating some kind of agreement on a path forward. 
The two leaders must also discuss whether the future US-Turkish strategic relationship will depend on the US extradition of the Islamic cleric Fethullah Gulen, Conley noted. 
Gulen currently lives in the US state of Pennsylvania and is wanted by Turkish officials for allegedly coordinating the July 15 military coup attempt in Turkey. © Sputnik/ Mikhail Alayeddin &quot;That is going to be a profound challenge to our relationship,&quot; Conley stated. 
US-Turkish relations were strained following the failed coup, which some Turkish officials blamed on the United States. 
US officials have denied any role in the coup. 
In Syria, Turkey is a formal member of the US-led coalition against the Daesh, but views the US-allied Kurdish YPG forces as a terrorist group. 
On Tuesday, US officials confirmed that the latest clashes between Turkish and YPG forces outside of Jarabulus had reached calm. ...
</post>
<signature>

</signature>
<external_links>

</external_links>
<country>RU</country>
<main_image>https://cdn1.img.sputniknews.com/images/103579/99/1035799947.jpg</main_image>
</document>
