<?xml version="1.0" encoding="UTF-8"?>
<document>
<type>mainstream</type>
<forum>http://www.trading-house.net/rss/meldungen/</forum>
<forum_title>trading-house.net Nachrichtenfeed</forum_title>
<discussion_title>Moody&apos;s assigns ratings to five classes of notes issued by ICG US CLO 2016-1, Ltd.</discussion_title>
<language>english</language>
<gmt_offset></gmt_offset>
<topic_url>http://www.trading-house.net/news/moody-s-assigns-ratings-to-five-classes-of-notes-issued-by-icg-us-clo-2016-1-ltd-50947196</topic_url>
<topic_text>
31.08.2016 - 02:14 Uhr Moody&apos;s assigns ratings to five classes of notes issued by ICG US CLO 2016-1, Ltd. New York, August 30, 2016 -- Moody&apos;s Investors Service, (&quot;Moody&apos;s&quot;) has assigned ratings to five classes of notes issued by ICG US CLO 2016-1, Ltd. (the &quot;Issuer&quot; or &quot;ICG US CLO 2016-1&quot;).
</topic_text>
<spam_score>0.00</spam_score>
<post_num>1</post_num>
<post_id>post-1</post_id>
<post_url>http://www.trading-house.net/news/moody-s-assigns-ratings-to-five-classes-of-notes-issued-by-icg-us-clo-2016-1-ltd-50947196</post_url>
<post_date>20160831</post_date>
<post_time>0014</post_time>
<username></username>
<post>
31.08.2016 - 02:14 Uhr Moody&apos;s assigns ratings to five classes of notes issued by ICG US CLO 2016-1, Ltd. New York, August 30, 2016 -- Moody&apos;s Investors Service, (&quot;Moody&apos;s&quot;) has assigned ratings to five classes of notes issued by ICG US CLO 2016-1, Ltd. (the &quot;Issuer&quot; or &quot;ICG US CLO 2016-1&quot;).
</post>
<signature>

</signature>
<external_links>

</external_links>
<country>DE</country>
<main_image></main_image>
</document>
