<?xml version="1.0" encoding="UTF-8"?>
<document>
<type>mainstream</type>
<forum>http://www.wsj.com/europe</forum>
<forum_title>The Wall Street Journal &amp;amp; Breaking News, Business, Financial and Economic News, World News and Video</forum_title>
<discussion_title>A Plan to Pay Off Debts and Save for Retirement</discussion_title>
<language>english</language>
<gmt_offset></gmt_offset>
<topic_url>http://www.wsj.com/articles/a-plan-to-pay-off-debts-and-save-for-retirement-1465783502</topic_url>
<topic_text>
2 COMMENTS In February, Sarah Lawler took a new job as a marketing executive for a nonprofit. The move was a relief after four months of unemployment. But the job pays $40,000 less than her old position.
“It’s a good opportunity for someone my age,” says the 47-year-old, who adds that her new position will give her more experience and new skills, such as search-engine optimization.
Ms. Lawler still earns a healthy income of $83,000. But substantial credit-card debt, personal loan repayments and a mortgage leave her with $100 to $150 after each paycheck.
Journal Report Insights from The Experts Read more at WSJ.com/WealthReport More in Wealth Management The Biggest Mistakes of Negotiating a Retirement Package The Psychology of Buying and Selling a House Companies Join Effort to Help Student-Loan Borrowers The Price of Forgetting Bad Times When the Power of Attorney Isn’t So Powerful Three years ago, Ms. Lawler moved just across the Washington, D.C. city line to live with her partner in Maryland. They have no children. The neighborhood was great, but the house needed a lot a work. She ran up her credit card and took out a personal bank loan to pay for the renovations.
“It was worth every penny,” she says.
Ms. Lawler and her partner share expenses but keep their savings accounts separate. Their mortgage, including tax, insurance and escrow, is $2,675, of which Ms. Lawler pays half. They have a 30-year fixed loan at 3%. Other household expenses, including utilities, car insurance and groceries, run about $1,300 a month, which the couple also splits evenly.
Then there are the loans to repay. The bank loan has a $7,600 balance, which she pays down in monthly installments of $562.50. Ms. Lawler also pays about $700 a month toward retiring some $17,000 in credit-card debt. She has stopped using credit cards in the meantime.
Ms. Lawler says she spent her entire emergency fund during her four months of unemployment, but she recently started to replenish the account with $800 from her tax refund. She is currently not saving for retirement, but hopes to do so soon. She has a 403(b) retirement account with her current employer, who contributes 3% of her income, or about $2,766 a year, regardless of Ms. Lawler’s contribution.
Ms. Lawler has about $350,000 for retirement in two separate 403(b) accounts. The first contains about $330,000 and the second about $20,000. She also has about $3,300 invested in stocks.
Her employer also provides short- and long-term disability (60% of salary up to $150,000 at no charge) and life insurance of one year’s salary.
ADVICE FROM A PRO: “Her total debt-to-income ratio is very high, almost 40%,” says Lindsay Bourkoff, a financial adviser at Shrier Wealth Management in Los Angeles. The highest acceptable ratio is 36%, Ms. Bourkoff says. Even so, the adviser thinks Ms. Lawler could significantly reduce her debt burden and start achieving her savings goals within a year.
Previous Game Plan Columns An Entrepreneur Hoping to Make It (March 2016) Hard-Core Spender Turns Herself Around (February 2016) A Science Teacher Without a Retirement Plan (December 2015) A Doctor Burdened by Medical-School Loans (November 2015) At Age 40, Time to Save More and Spend Less (September 2015) An Entrepreneur Finds Profit in Pets (June 2015) Ms. Bourkoff suggests that she use a debit card for all her incidental spending so she can see more easily where the money is going. Then she should use a budgeting website, like mint.com, or manually categorize her expenses to make adjustments in her spending.
Ms. Lawler’s goal, says the adviser, should be to find at least $500 a month to go into her emergency fund. It should be enough to cover at least three to six months of expenses, or about $10,000 to $20,000. She may need more if, for example, her disability policy has a long waiting period before payments start.
Selling her stocks would bring the fund to about $4,100. If she is then able to set aside at least $500 a month, her fund should be close to $10,000 within a year.
It is often discouraged to borrow from retirement accounts, but Ms. Bourkoff also suggests Ms. Lawler pay off her credit-card debt with a participant loan from one of her 403(b) accounts. She would borrow directly from her 403(b) and repay it at 4% to 5%, a much lower rate than the credit-card company is charging. It “is essentially borrowing from herself and paying herself back with interest,” says Ms. Bourkoff.
“This plan requires discipline,” she adds. “And finding an extra $500 in her budget each month.”
Ms. Ward is a writer living in Mendham, N.J. She can be reached at reports@wsj.com .
</topic_text>
<spam_score>0.00</spam_score>
<post_num>1</post_num>
<post_id>post-1</post_id>
<post_url>http://www.wsj.com/articles/a-plan-to-pay-off-debts-and-save-for-retirement-1465783502</post_url>
<post_date>20160612</post_date>
<post_time>2205</post_time>
<username>Lisa Ward</username>
<post>
2 COMMENTS In February, Sarah Lawler took a new job as a marketing executive for a nonprofit. The move was a relief after four months of unemployment. But the job pays $40,000 less than her old position.
“It’s a good opportunity for someone my age,” says the 47-year-old, who adds that her new position will give her more experience and new skills, such as search-engine optimization.
Ms. Lawler still earns a healthy income of $83,000. But substantial credit-card debt, personal loan repayments and a mortgage leave her with $100 to $150 after each paycheck.
Journal Report Insights from The Experts Read more at WSJ.com/WealthReport More in Wealth Management The Biggest Mistakes of Negotiating a Retirement Package The Psychology of Buying and Selling a House Companies Join Effort to Help Student-Loan Borrowers The Price of Forgetting Bad Times When the Power of Attorney Isn’t So Powerful Three years ago, Ms. Lawler moved just across the Washington, D.C. city line to live with her partner in Maryland. They have no children. The neighborhood was great, but the house needed a lot a work. She ran up her credit card and took out a personal bank loan to pay for the renovations.
“It was worth every penny,” she says.
Ms. Lawler and her partner share expenses but keep their savings accounts separate. Their mortgage, including tax, insurance and escrow, is $2,675, of which Ms. Lawler pays half. They have a 30-year fixed loan at 3%. Other household expenses, including utilities, car insurance and groceries, run about $1,300 a month, which the couple also splits evenly.
Then there are the loans to repay. The bank loan has a $7,600 balance, which she pays down in monthly installments of $562.50. Ms. Lawler also pays about $700 a month toward retiring some $17,000 in credit-card debt. She has stopped using credit cards in the meantime.
Ms. Lawler says she spent her entire emergency fund during her four months of unemployment, but she recently started to replenish the account with $800 from her tax refund. She is currently not saving for retirement, but hopes to do so soon. She has a 403(b) retirement account with her current employer, who contributes 3% of her income, or about $2,766 a year, regardless of Ms. Lawler’s contribution.
Ms. Lawler has about $350,000 for retirement in two separate 403(b) accounts. The first contains about $330,000 and the second about $20,000. She also has about $3,300 invested in stocks.
Her employer also provides short- and long-term disability (60% of salary up to $150,000 at no charge) and life insurance of one year’s salary.
ADVICE FROM A PRO: “Her total debt-to-income ratio is very high, almost 40%,” says Lindsay Bourkoff, a financial adviser at Shrier Wealth Management in Los Angeles. The highest acceptable ratio is 36%, Ms. Bourkoff says. Even so, the adviser thinks Ms. Lawler could significantly reduce her debt burden and start achieving her savings goals within a year.
Previous Game Plan Columns An Entrepreneur Hoping to Make It (March 2016) Hard-Core Spender Turns Herself Around (February 2016) A Science Teacher Without a Retirement Plan (December 2015) A Doctor Burdened by Medical-School Loans (November 2015) At Age 40, Time to Save More and Spend Less (September 2015) An Entrepreneur Finds Profit in Pets (June 2015) Ms. Bourkoff suggests that she use a debit card for all her incidental spending so she can see more easily where the money is going. Then she should use a budgeting website, like mint.com, or manually categorize her expenses to make adjustments in her spending.
Ms. Lawler’s goal, says the adviser, should be to find at least $500 a month to go into her emergency fund. It should be enough to cover at least three to six months of expenses, or about $10,000 to $20,000. She may need more if, for example, her disability policy has a long waiting period before payments start.
Selling her stocks would bring the fund to about $4,100. If she is then able to set aside at least $500 a month, her fund should be close to $10,000 within a year.
It is often discouraged to borrow from retirement accounts, but Ms. Bourkoff also suggests Ms. Lawler pay off her credit-card debt with a participant loan from one of her 403(b) accounts. She would borrow directly from her 403(b) and repay it at 4% to 5%, a much lower rate than the credit-card company is charging. It “is essentially borrowing from herself and paying herself back with interest,” says Ms. Bourkoff.
“This plan requires discipline,” she adds. “And finding an extra $500 in her budget each month.”
Ms. Ward is a writer living in Mendham, N.J. She can be reached at reports@wsj.com .
</post>
<signature>

</signature>
<external_links>

</external_links>
<country>US</country>
<main_image>https://si.wsj.net/public/resources/images/WE-AB115_GAMEla_G_20160607183719.jpg</main_image>
</document>
