<?xml version="1.0" encoding="UTF-8"?>
<document>
<type>mainstream</type>
<forum>http://feeds.feedblitz.com/previouslytv</forum>
<forum_title>Previously.TV</forum_title>
<discussion_title>In Season 2, Control And Conservatism Enter The West Wing :: Season 2 starts off dark and broody, with everyone in search of distractions. Plus, turkeys and a touch of feminism. [The West Wing]</discussion_title>
<language>english</language>
<gmt_offset></gmt_offset>
<topic_url>http://previously.tv/the-west-wing/in-season-2-control-and-conservatism-enter-the-west-wing/</topic_url>
<topic_text>
Marathon Diary In Season 2, Control And Conservatism Enter The West Wing Season 2 starts off dark and broody, with everyone in search of distractions. Plus, turkeys and a touch of feminism. Is the president dead? 
Well, that&apos;s a bit more serious than running a bike into a tree. 
The second season of The West Wing picks off right where we left off , moments after the shooting at Rosslyn. Josh is in critical condition, and has flashbacks to the last presidential election and the trip to New Hampshire that inspired his switch from now-Vice-President John Hoynes&apos;s campaign to Bartlet&apos;s. We learn how Josh, Sam, CJ, Toby, Leo, Donna, and others came together. It&apos;s a lovely look into the formation of the ideal political team. I wonder if Steve Bannon and Hope Hicks were that inspired the first time they heard their candidate speak... 
When everyone is (ostensibly) recovered, it&apos;s time to return to the Sacred Work Of Governance. We&apos;re no longer floating on the optimism that carried us through most of Season 1 -- though there still are plenty of silly moments, like when CJ has to decide which turkey (Eric or Troy) gets a pardon. Warner Bros. Television 
Unsurprisingly, in the wake of the shooting, the overarching theme is gun control -- or, rather, control in general. 
Charlie, though unscathed, is at the center of the shooting, since the white supremacist was aiming at him and not the president. Charlie has been a conduit for several discussions of race on The West Wing , including interracial relationships, discriminatory policing, and the optics of black staff serving a white president. In Season 2, the attempted &quot;lynching&quot; of Charlie (as Bartlet so effectively puts it) opens up a discussion of hate groups and how they might be controlled. Toby wants to take advantage of the fact that &quot;the entire country was the victim of domestic terrorism&quot; to go after the gun lobby and hate groups -- two groups often linked in our real-life political discourse, including during this election . 
It&apos;s almost funny for us in 2016 to see them, in 2000, waffling over whether they should &quot;use&quot; a national tragedy to call for controversial legislation; isn&apos;t that exactly what the U.S. government has been doing since 9/11, starting with the Patriot Act? But Sam, still flying his flag of soft, reasonable libertarianism, defends the group members&apos; right to free association and due process. 
Toby&apos;s obsessive pursuit of a way to go after hate groups without violating the First Amendment is just one example of White House staffers grasping feverishly at things they can control in an attempt to bury their feelings about the attack. Bartlet becomes obsessed with a school board election in his hometown. Donna sets and enforces rules about coworkers visiting Josh at home as he recovers. Josh and CJ focus on work. 
Speaking Of Josh... Following the shooting, Josh suffered the worst both physically and emotionally, and has some of the best moments in this season (so far). In the midseason holiday episode, &quot;Noel,&quot; he confronts the demons that have made him not-himself in the weeks since the shooting. We learn that he finally lost control, triggered after researching a suicidal airline pilot who shared his birthday. He punched out a window. A therapist (Alan Arkin) from the fictional American Trauma Victims Association, draws Josh&apos;s trauma to the surface and diagnoses him with post-traumatic stress disorder. Almost immediately, this knowledge frees Josh from reliving the incident, and he returns to his wisecracking self. (It&apos;s no surprise that Bradley Whitford won an Emmy for this episode.) 
Control America To Greatness Again: So much of our real-life political discourse during elections -- and particularly this election -- is about control. Come November, who will control the Senate? Who will control the House? Can the country&apos;s best political minds control Donald Trump&apos;s impulsiveness if he wins? Can we control the influx of immigrants with a wall? How much control is Hillary Clinton allowed to retain over her privacy without violating the law? Who controls who uses which bathroom? Who will control our military? Who will control the country&apos;s purse strings? Birth control. Gun control. Message control. Who do we want &quot;in control&quot;? Isn&apos;t it supposed to be &quot;we the people&quot;? You know, we forget sometimes. In all the talk about democracy, we forget it’s not a democracy, it&apos;s a republic. People don&apos;t make the decisions, they choose the people who make the decisions. Could they do a better job choosing? Yeah, but when you consider the alternatives... 
Civics Lessons: We&apos;re still learning a lot every episode, including about the consumer price index, the Pendleton Act, school prayer, HIV/AIDS in Africa, and the Comprehensive Nuclear-Test-Ban Treaty. But this exchange between Bartlet and a conservative radio host might be the Sorkiniest moment so far. 
Best New Character: Ainsley Hayes. Warner Bros. Television 
We, the Sorkin Liberals of the world, are not supposed to like Ainsley. She goes toe-to-toe with Sam on Capitol Beat and schools him on education funding with real informed conservatism. The president is impressed and asks forces Leo to hire her. She joins the staff under a cloud of uncertainty, but quickly becomes an indispensable source of knowledge and integrity. Three conversations in particular endeared her to me in a way that -- as an unapologetic lefty -- I didn&apos;t expect at all: her anxious job interview with Leo ; her views on the Equal Rights Amendment ; and this exchange with Sam about gun control. I don&apos;t agree with most of it but, like Sam, I respect her considerable intelligence and confidence. 
Best &quot;Before The Internet&quot; moment: In Josh&apos;s flashback, when he is trying to get in touch with Sam, he can&apos;t remember the name and number of Sam&apos;s law firm. Today, of course, he&apos;d just take out his smartphone and Google it. 
Before they were famous: Jane Lynch had been bopping around the dial since the early 1990s, but this was long before her career-making roles on The L Word and Glee . She appears in the pilot as a lipsticked, shoulder-padded, unnamed reporter in the press room during the post-shooting briefing. Warner Bros. Television 
Sam Jaeger, at the tender age of twenty-three, plays a reporter in Episode 4, long before we all fell in love with him as Joel Graham on Parenthood . Warner Bros. Television 
Random thoughts: It&apos;s nice to see Donna and Charlie added to the opening credits. Donna is expanding upon her exposition monkey role and becoming a bit of an influencer -- plus, there are some early hints (okay, anvils) of chemistry between her and Josh. More on that next week! 32
</topic_text>
<spam_score>0.00</spam_score>
<post_num>1</post_num>
<post_id>post-1</post_id>
<post_url>http://previously.tv/the-west-wing/in-season-2-control-and-conservatism-enter-the-west-wing/</post_url>
<post_date>20160830</post_date>
<post_time>1600</post_time>
<username>Sarah Hope</username>
<post>
Marathon Diary In Season 2, Control And Conservatism Enter The West Wing Season 2 starts off dark and broody, with everyone in search of distractions. Plus, turkeys and a touch of feminism. Is the president dead? 
Well, that&apos;s a bit more serious than running a bike into a tree. 
The second season of The West Wing picks off right where we left off , moments after the shooting at Rosslyn. Josh is in critical condition, and has flashbacks to the last presidential election and the trip to New Hampshire that inspired his switch from now-Vice-President John Hoynes&apos;s campaign to Bartlet&apos;s. We learn how Josh, Sam, CJ, Toby, Leo, Donna, and others came together. It&apos;s a lovely look into the formation of the ideal political team. I wonder if Steve Bannon and Hope Hicks were that inspired the first time they heard their candidate speak... 
When everyone is (ostensibly) recovered, it&apos;s time to return to the Sacred Work Of Governance. We&apos;re no longer floating on the optimism that carried us through most of Season 1 -- though there still are plenty of silly moments, like when CJ has to decide which turkey (Eric or Troy) gets a pardon. Warner Bros. Television 
Unsurprisingly, in the wake of the shooting, the overarching theme is gun control -- or, rather, control in general. 
Charlie, though unscathed, is at the center of the shooting, since the white supremacist was aiming at him and not the president. Charlie has been a conduit for several discussions of race on The West Wing , including interracial relationships, discriminatory policing, and the optics of black staff serving a white president. In Season 2, the attempted &quot;lynching&quot; of Charlie (as Bartlet so effectively puts it) opens up a discussion of hate groups and how they might be controlled. Toby wants to take advantage of the fact that &quot;the entire country was the victim of domestic terrorism&quot; to go after the gun lobby and hate groups -- two groups often linked in our real-life political discourse, including during this election . 
It&apos;s almost funny for us in 2016 to see them, in 2000, waffling over whether they should &quot;use&quot; a national tragedy to call for controversial legislation; isn&apos;t that exactly what the U.S. government has been doing since 9/11, starting with the Patriot Act? But Sam, still flying his flag of soft, reasonable libertarianism, defends the group members&apos; right to free association and due process. 
Toby&apos;s obsessive pursuit of a way to go after hate groups without violating the First Amendment is just one example of White House staffers grasping feverishly at things they can control in an attempt to bury their feelings about the attack. Bartlet becomes obsessed with a school board election in his hometown. Donna sets and enforces rules about coworkers visiting Josh at home as he recovers. Josh and CJ focus on work. 
Speaking Of Josh... Following the shooting, Josh suffered the worst both physically and emotionally, and has some of the best moments in this season (so far). In the midseason holiday episode, &quot;Noel,&quot; he confronts the demons that have made him not-himself in the weeks since the shooting. We learn that he finally lost control, triggered after researching a suicidal airline pilot who shared his birthday. He punched out a window. A therapist (Alan Arkin) from the fictional American Trauma Victims Association, draws Josh&apos;s trauma to the surface and diagnoses him with post-traumatic stress disorder. Almost immediately, this knowledge frees Josh from reliving the incident, and he returns to his wisecracking self. (It&apos;s no surprise that Bradley Whitford won an Emmy for this episode.) 
Control America To Greatness Again: So much of our real-life political discourse during elections -- and particularly this election -- is about control. Come November, who will control the Senate? Who will control the House? Can the country&apos;s best political minds control Donald Trump&apos;s impulsiveness if he wins? Can we control the influx of immigrants with a wall? How much control is Hillary Clinton allowed to retain over her privacy without violating the law? Who controls who uses which bathroom? Who will control our military? Who will control the country&apos;s purse strings? Birth control. Gun control. Message control. Who do we want &quot;in control&quot;? Isn&apos;t it supposed to be &quot;we the people&quot;? You know, we forget sometimes. In all the talk about democracy, we forget it’s not a democracy, it&apos;s a republic. People don&apos;t make the decisions, they choose the people who make the decisions. Could they do a better job choosing? Yeah, but when you consider the alternatives... 
Civics Lessons: We&apos;re still learning a lot every episode, including about the consumer price index, the Pendleton Act, school prayer, HIV/AIDS in Africa, and the Comprehensive Nuclear-Test-Ban Treaty. But this exchange between Bartlet and a conservative radio host might be the Sorkiniest moment so far. 
Best New Character: Ainsley Hayes. Warner Bros. Television 
We, the Sorkin Liberals of the world, are not supposed to like Ainsley. She goes toe-to-toe with Sam on Capitol Beat and schools him on education funding with real informed conservatism. The president is impressed and asks forces Leo to hire her. She joins the staff under a cloud of uncertainty, but quickly becomes an indispensable source of knowledge and integrity. Three conversations in particular endeared her to me in a way that -- as an unapologetic lefty -- I didn&apos;t expect at all: her anxious job interview with Leo ; her views on the Equal Rights Amendment ; and this exchange with Sam about gun control. I don&apos;t agree with most of it but, like Sam, I respect her considerable intelligence and confidence. 
Best &quot;Before The Internet&quot; moment: In Josh&apos;s flashback, when he is trying to get in touch with Sam, he can&apos;t remember the name and number of Sam&apos;s law firm. Today, of course, he&apos;d just take out his smartphone and Google it. 
Before they were famous: Jane Lynch had been bopping around the dial since the early 1990s, but this was long before her career-making roles on The L Word and Glee . She appears in the pilot as a lipsticked, shoulder-padded, unnamed reporter in the press room during the post-shooting briefing. Warner Bros. Television 
Sam Jaeger, at the tender age of twenty-three, plays a reporter in Episode 4, long before we all fell in love with him as Joel Graham on Parenthood . Warner Bros. Television 
Random thoughts: It&apos;s nice to see Donna and Charlie added to the opening credits. Donna is expanding upon her exposition monkey role and becoming a bit of an influencer -- plus, there are some early hints (okay, anvils) of chemistry between her and Josh. More on that next week! 32
</post>
<signature>

</signature>
<external_links>

</external_links>
<country>US</country>
<main_image>http://previously.tv/m/2016-08-30-the-west-wing01.jpg</main_image>
</document>
