<?xml version="1.0" encoding="UTF-8"?>
<document>
<type>mainstream</type>
<forum>http://www.okezone.com/feed</forum>
<forum_title>Sindikasi welcomepage.okezone.com</forum_title>
<discussion_title>Riset Saham Bahana Securities: IHSG Rebound ke Level 5.325-5.400</discussion_title>
<language>malay</language>
<gmt_offset></gmt_offset>
<topic_url>http://economy.okezone.com/read/2016/08/31/320/1477281/riset-saham-bahana-securities-ihsg-rebound-ke-level-5-325-5-400</topic_url>
<topic_text>
Riset Saham Asjaya Indosurya: Inflasi Bayangi Pergerakan IHSG 
&quot;Hari ini IHSG diperkirakan akan bergerak mixed cenderung menguat di kisaran 5.325-5.400 dengan saham-saham yang dapat diperhatikan CPIN, GJTL, LPKR, MIKA, PSAB, PTBA, ROTI, TLKM, WSKT,&quot; ujarnya dalam riset, Jakarta, Rabu (31/8/2016). 
Menurut Wafi, jika melihat perdagangan sebelumnya, pergerakan IHSG semakin menunjukan sinyal bahwa tren koreksi akan berakhir. Dimana meskipun melemah IHSG masih mempertahankan level support-nya. 
&quot;Secara teknikal, penurunan indeks tertahan support lower line bollinger dengan MA(5,20) berpeluang deathcross. Stochastic, RSI dan MACD negatif,&quot; terang Wafi. (dni)
</topic_text>
<spam_score>0.00</spam_score>
<post_num>1</post_num>
<post_id>post-1</post_id>
<post_url>http://economy.okezone.com/read/2016/08/31/320/1477281/riset-saham-bahana-securities-ihsg-rebound-ke-level-5-325-5-400</post_url>
<post_date>20160831</post_date>
<post_time>0035</post_time>
<username></username>
<post>
Riset Saham Asjaya Indosurya: Inflasi Bayangi Pergerakan IHSG 
&quot;Hari ini IHSG diperkirakan akan bergerak mixed cenderung menguat di kisaran 5.325-5.400 dengan saham-saham yang dapat diperhatikan CPIN, GJTL, LPKR, MIKA, PSAB, PTBA, ROTI, TLKM, WSKT,&quot; ujarnya dalam riset, Jakarta, Rabu (31/8/2016). 
Menurut Wafi, jika melihat perdagangan sebelumnya, pergerakan IHSG semakin menunjukan sinyal bahwa tren koreksi akan berakhir. Dimana meskipun melemah IHSG masih mempertahankan level support-nya. 
&quot;Secara teknikal, penurunan indeks tertahan support lower line bollinger dengan MA(5,20) berpeluang deathcross. Stochastic, RSI dan MACD negatif,&quot; terang Wafi. (dni)
</post>
<signature>

</signature>
<external_links>

</external_links>
<country>ID</country>
<main_image>https://img.okezone.com//content/2016/08/31/320/1477281/riset-saham-bahana-securities-ihsg-rebound-ke-level-5-325-5-400-3yIIW8uSw8.jpg</main_image>
</document>
