<?xml version="1.0" encoding="UTF-8"?>
<document>
<type>mainstream</type>
<forum>http://www.enstarz.com/rss/articles/topnews/all.rss</forum>
<forum_title>Enstarz‎ : Top News</forum_title>
<discussion_title>Prescription Drugs: How Did Americans Wind Up Getting Prescribed Drugs Advertised To Them On A Daily Basis? [VIDEO]</discussion_title>
<language>english</language>
<gmt_offset></gmt_offset>
<topic_url>http://www.enstarz.com/articles/171992/20160830/prescription-drugs-how-did-americans-wind-up-getting-prescribed-drugs-advertised-to-them-on-a-daily-basis-video.htm</topic_url>
<topic_text>
Prescription Drugs: How Did Americans Wind Up Getting Prescribed Drugs Advertised To Them On A Daily Basis? [VIDEO] By Lauren DuBois , EnStars on Aug 30, 2016 04:21 PM EDT Drug ads are illegal in other parts of the world so why is it commonplace in the U.S. ? Never Miss our Most Popular Stories! 
Americans may not think too much about the fact that almost every time they sit down to watch something on TV, they will see at least one commercial advertising them a prescription medication for every possible condition they could have, from erectile dysfunction, to pain, heart problems, blood clots, depression, restless leg syndrome, or even to help them grow more eyelashes. 
But this isn&apos;t so commonplace in the rest of the world, where these kinds of ads are actually illegal, meaning they never show up in television, or in any other form of advertising medium, at all. 
So why is that it happens all the time in the U.S., and that we wind up seeing so many more of them than we might realize? Advertisement 
Take a look at the investigative report by Vox below for the answer. Never Miss our Most Popular Stories! Advertisement
</topic_text>
<spam_score>0.00</spam_score>
<post_num>1</post_num>
<post_id>post-1</post_id>
<post_url>http://www.enstarz.com/articles/171992/20160830/prescription-drugs-how-did-americans-wind-up-getting-prescribed-drugs-advertised-to-them-on-a-daily-basis-video.htm</post_url>
<post_date>20160830</post_date>
<post_time>2021</post_time>
<username></username>
<post>
Prescription Drugs: How Did Americans Wind Up Getting Prescribed Drugs Advertised To Them On A Daily Basis? [VIDEO] By Lauren DuBois , EnStars on Aug 30, 2016 04:21 PM EDT Drug ads are illegal in other parts of the world so why is it commonplace in the U.S. ? Never Miss our Most Popular Stories! 
Americans may not think too much about the fact that almost every time they sit down to watch something on TV, they will see at least one commercial advertising them a prescription medication for every possible condition they could have, from erectile dysfunction, to pain, heart problems, blood clots, depression, restless leg syndrome, or even to help them grow more eyelashes. 
But this isn&apos;t so commonplace in the rest of the world, where these kinds of ads are actually illegal, meaning they never show up in television, or in any other form of advertising medium, at all. 
So why is that it happens all the time in the U.S., and that we wind up seeing so many more of them than we might realize? Advertisement 
Take a look at the investigative report by Vox below for the answer. Never Miss our Most Popular Stories! Advertisement
</post>
<signature>

</signature>
<external_links>

</external_links>
<country>US</country>
<main_image>http://images.enstarz.com/data/images/full/148727/drug-ads-are-illegal-in-other-parts-of-the-world-so-why-is-it-commonplace-in-the-u-s.jpg</main_image>
</document>
