<?xml version="1.0" encoding="UTF-8"?>
<document>
<type>mainstream</type>
<forum>http://www.kansascity.com/news/politics-government/?widgetName=rssfeed&amp;widgetContentId=6199&amp;getXmlFeed=true</forum>
<forum_title>Government &amp; Politics News | KansasCity.com &amp;</forum_title>
<discussion_title>Rubio, Murphy win Florida&apos;s Senate primaries</discussion_title>
<language>english</language>
<gmt_offset></gmt_offset>
<topic_url>http://www.kansascity.com/news/politics-government/article98762117.html</topic_url>
<topic_text>
August 30, 2016 7:32 PM Rubio, Murphy win Florida&apos;s Senate primaries 
Republican Sen. Marco Rubio and Democratic U.S. Rep. Patrick Murphy each easily won their primaries Tuesday, setting up a November showdown that&apos;s guaranteed to be nasty as each party grapples for a majority in the Senate. By BRENDAN FARRINGTON and GARY FINEOUT Associated Press Order Reprint of this Story TALLAHASSEE, Fla. 
Republican Sen. Marco Rubio and Democratic U.S. Rep. Patrick Murphy each easily won their primaries Tuesday, setting up a November showdown that&apos;s guaranteed to be nasty as each party grapples for a majority in the Senate. 
Rubio, who decided at the last second to seek a second term, easily fended off millionaire homebuilder Carlos Beruff and Murphy used the backing of President Barack Obama and other Democratic leaders to defeat U.S. Rep Alan Grayson, who was counting on his party&apos;s most faithful liberal voters to overcome Murphy&apos;s money and establishment support. 
In other contests, former Democrat Party Chairwoman Debbie Wasserman Schultz was hoping to keep her seat in Congress against Tim Canova, a Bernie Sanders-backed law professor who was able to raises more than $3 million. 
Rubio had declared during his failed presidential campaign that he would not run again for Senate. But he nearly cleared what had been a crowded GOP field with his last-minute turnabout. 
Beruff rolled the dice to see if the anti-establishment mood powering Donald Trump&apos;s presidential campaign could send him to Washington as well. But after spending $8 million of his own money and going nowhere in the polls, he essentially shut down his campaign ahead of the primary. 
Rubio supporters at his party near Walt Disney World whooped and chanted &quot;Marco! Marco! Marco!&quot; when The Associated Press declared him the winner. 
&quot;I voted for Marco only because I&apos;ve been a longstanding supporter,&quot; said Diane Martin-Johnson, 66, after voting early Tuesday in Pinellas Park. &quot;It&apos;s unfortunate he didn&apos;t do his job fully in Washington this term. I do think he deserves another chance. He thought he was doing the right thing (by running for president). That&apos;s my only complaint against him. He&apos;s a good man.&quot; 
Murphy, a former Republican, quickly earned party support and raised significantly more money. He was also backed by Vice President Joe Biden and Senate Minority Leader Harry Reid. Grayson, a fiery liberal known for brash comments and hamstrung by a difficult divorce, relied mostly on small donors and feuded with party leaders. 
Todd Martin, 53, and his 18-year-old daughter Haley, voted together in Tallahassee, where they recently moved as she starts college. They both chose Murphy, in part because they like his efforts to get government to address algae outbreaks near their former home in Vero Beach. 
&quot;I grew up on the river and it&apos;s a shame what they let happen,&quot; Todd Martin said. &quot;I like where Patrick Murphy stands on the algae. It&apos;s very important to me.&quot; 
Secretary of State Ken Detzner said there were slight delays in opening some polling places, but described no other glitches. More than 1.75 million Floridians already cast ballots by mail or at early-voting stations before polls opened Tuesday. 
This year&apos;s primary turnout could top ones held in 2012 and 2014— a sign that competitive races for Congress and the Florida Legislature could be driving up turnout this time around. 
Rubio and Murphy took opposite approaches on primary day. Rubio had no public events scheduled before polls closed, while Murphy began his day at 7 a.m. at a Miami-Dade polling site, joined by Gov. Bob Graham, a former senator, and his daughter, U.S. Rep. Gwen Graham. Murphy also visited two other South Florida polling sites. 
Wasserman Schultz jumped to an early lead over Canova in a primary colored by leaked emails revealing that DNC officials had worked against Sanders to favor Hillary Clinton in the presidential race. 
Democrats also hope to gain seats in Florida&apos;s heavily Republican House delegation after court-mandated redistricting chipped away the advantages of some incumbents. 
Florida had to rip up and redraw its congressional maps after they were found to violate the state constitution&apos;s provision requiring compact districts that don&apos;t favor incumbents or political parties. That spurred one of the state&apos;s most heavily contested congressional election years. Several races will essentially be decided in the primary and Florida will eventually send at least seven new House members to Washington. 
Republicans now outnumber Democrats 17-10 in the state&apos;s congressional delegation. If Democrats sweep all four seats seen as competitive in November, that Republican advantage could be reduced to 14-13. 
One of those is now held by U.S. Rep. David Jolly, a Republican who was expected to win Tuesday, but who would then have to beat former Gov. Charlie Crist, who used to be a Republican but is now a Democrat. Related content
</topic_text>
<spam_score>0.00</spam_score>
<post_num>1</post_num>
<post_id>post-1</post_id>
<post_url>http://www.kansascity.com/news/politics-government/article98762117.html</post_url>
<post_date>20160831</post_date>
<post_time>0032</post_time>
<username>BRENDAN FARRINGTON and GARY FINEOUT Associated Press</username>
<post>
August 30, 2016 7:32 PM Rubio, Murphy win Florida&apos;s Senate primaries 
Republican Sen. Marco Rubio and Democratic U.S. Rep. Patrick Murphy each easily won their primaries Tuesday, setting up a November showdown that&apos;s guaranteed to be nasty as each party grapples for a majority in the Senate. By BRENDAN FARRINGTON and GARY FINEOUT Associated Press Order Reprint of this Story TALLAHASSEE, Fla. 
Republican Sen. Marco Rubio and Democratic U.S. Rep. Patrick Murphy each easily won their primaries Tuesday, setting up a November showdown that&apos;s guaranteed to be nasty as each party grapples for a majority in the Senate. 
Rubio, who decided at the last second to seek a second term, easily fended off millionaire homebuilder Carlos Beruff and Murphy used the backing of President Barack Obama and other Democratic leaders to defeat U.S. Rep Alan Grayson, who was counting on his party&apos;s most faithful liberal voters to overcome Murphy&apos;s money and establishment support. 
In other contests, former Democrat Party Chairwoman Debbie Wasserman Schultz was hoping to keep her seat in Congress against Tim Canova, a Bernie Sanders-backed law professor who was able to raises more than $3 million. 
Rubio had declared during his failed presidential campaign that he would not run again for Senate. But he nearly cleared what had been a crowded GOP field with his last-minute turnabout. 
Beruff rolled the dice to see if the anti-establishment mood powering Donald Trump&apos;s presidential campaign could send him to Washington as well. But after spending $8 million of his own money and going nowhere in the polls, he essentially shut down his campaign ahead of the primary. 
Rubio supporters at his party near Walt Disney World whooped and chanted &quot;Marco! Marco! Marco!&quot; when The Associated Press declared him the winner. 
&quot;I voted for Marco only because I&apos;ve been a longstanding supporter,&quot; said Diane Martin-Johnson, 66, after voting early Tuesday in Pinellas Park. &quot;It&apos;s unfortunate he didn&apos;t do his job fully in Washington this term. I do think he deserves another chance. He thought he was doing the right thing (by running for president). That&apos;s my only complaint against him. He&apos;s a good man.&quot; 
Murphy, a former Republican, quickly earned party support and raised significantly more money. He was also backed by Vice President Joe Biden and Senate Minority Leader Harry Reid. Grayson, a fiery liberal known for brash comments and hamstrung by a difficult divorce, relied mostly on small donors and feuded with party leaders. 
Todd Martin, 53, and his 18-year-old daughter Haley, voted together in Tallahassee, where they recently moved as she starts college. They both chose Murphy, in part because they like his efforts to get government to address algae outbreaks near their former home in Vero Beach. 
&quot;I grew up on the river and it&apos;s a shame what they let happen,&quot; Todd Martin said. &quot;I like where Patrick Murphy stands on the algae. It&apos;s very important to me.&quot; 
Secretary of State Ken Detzner said there were slight delays in opening some polling places, but described no other glitches. More than 1.75 million Floridians already cast ballots by mail or at early-voting stations before polls opened Tuesday. 
This year&apos;s primary turnout could top ones held in 2012 and 2014— a sign that competitive races for Congress and the Florida Legislature could be driving up turnout this time around. 
Rubio and Murphy took opposite approaches on primary day. Rubio had no public events scheduled before polls closed, while Murphy began his day at 7 a.m. at a Miami-Dade polling site, joined by Gov. Bob Graham, a former senator, and his daughter, U.S. Rep. Gwen Graham. Murphy also visited two other South Florida polling sites. 
Wasserman Schultz jumped to an early lead over Canova in a primary colored by leaked emails revealing that DNC officials had worked against Sanders to favor Hillary Clinton in the presidential race. 
Democrats also hope to gain seats in Florida&apos;s heavily Republican House delegation after court-mandated redistricting chipped away the advantages of some incumbents. 
Florida had to rip up and redraw its congressional maps after they were found to violate the state constitution&apos;s provision requiring compact districts that don&apos;t favor incumbents or political parties. That spurred one of the state&apos;s most heavily contested congressional election years. Several races will essentially be decided in the primary and Florida will eventually send at least seven new House members to Washington. 
Republicans now outnumber Democrats 17-10 in the state&apos;s congressional delegation. If Democrats sweep all four seats seen as competitive in November, that Republican advantage could be reduced to 14-13. 
One of those is now held by U.S. Rep. David Jolly, a Republican who was expected to win Tuesday, but who would then have to beat former Gov. Charlie Crist, who used to be a Republican but is now a Democrat. Related content
</post>
<signature>

</signature>
<external_links>

</external_links>
<country>US</country>
<main_image>http://www.kansascity.com/static/images/kansascity/facebook.jpg</main_image>
</document>
