<?xml version="1.0" encoding="UTF-8"?>
<document>
<type>mainstream</type>
<forum></forum>
<forum_title></forum_title>
<discussion_title>G1 - Rompimento de tubulação deixa mais de 25 pontos de Manaus sem água - notícias em Amazonas</discussion_title>
<language>portuguese</language>
<gmt_offset></gmt_offset>
<topic_url>http://g1.globo.com/am/amazonas/noticia/2016/08/rompimento-de-tubulacao-deixa-mais-de-25-pontos-de-manaus-sem-agua.html</topic_url>
<topic_text>

30/08/2016 21h04 - Atualizado em 30/08/2016 21h04 Rompimento de tubulação deixa mais de 25 pontos de Manaus sem água Vazamento gerou cratera em avenida na Zona Oeste da cidade.Abastecimento deve ser normalizado na quarta-feira (31). Do G1 AM Rompimento gerou cratera no sentido Centro/bairro da Avenida Coronel Teixeira (Foto: Rickardo Marques/G1 AM) 
O rompimento de uma adutora na Avenida Coronel Teixeira , Zona Oeste, causou transtornos a moradores de diversos bairros de Manaus, nesta terça-feira (30). O vazamento iniciou por volta das 13h e deve ser normalizado na quarta-feira (31). Mais de 25 áreas estão com o abastecimento afetado. Estão sem água os bairros: Alvorada I,II,III, Dom Pedro, Sta. Terezinha, cj. Tropical, Kissia, Debora, CJ. Aripuanã, Ponta Negra, Sto. Agostinho, Lírio do Vale I,II Redenção, Campos Elíseos, Jardim Versalhes, CJ. Canaã, Belvederes, Ajuricaba, Flamanal, Bela Vista, Augusto Monte Negro, Vila Marinho, CJ. Araúna, Compensa I,II,III, CJ. Arapuá, Cj. Rio Xingu, Eduardo Gomes, CJ. Hileia, Bairro da Paz, Sto. Dumont, Flores e parte da Zona Norte. saiba mais Tubulação se rompe e casas são atingidas em Manaus 
O aposentado Milton Correa, de 68 anos, mora em uma rua próxima ao local do rompimento. Segundo ele, a falta de abastecimento causa transtorno. 
&quot;Estou sem água desde o meio dia. Não é a primeira vez que isso acontece. Pelo que a empresa disse, essa obra só termina amanhã. Enquanto isso a gente fica sem poder fazer nada em casa&quot;, contou. 
Técnicos da Manaus Ambiental e funcionários de empresas terceirizadas auxiliam nas obras de reparos. Agentes do Instituto Municipal de Engenharia e Fiscalização de Trânsito (Manaustrans) orientam motoristas na área. Vazamento gerou cratera em avenida na Zona Oeste da cidade (Foto: Rickardo Marques/G1 AM) 
Por meio de nota, a Manaus Ambiental informou que houve um vazamento em uma tubulação de 100cm. A concessionária comunicou, ainda, que por consequência do vazamento o abastecimento dos bairros está com o fornecimento interrompido até a madrugada. &quot;Logo após a conclusão dos serviços o sistema de distribuição de água será religado e o abastecimento será reestabelecido após 12h&quot;, informou. Trânsito no sentido bairro/Centro flui em apenas uma faixa (Foto: Rickardo Marques/G1 AM) 

</topic_text>
<spam_score>0.51</spam_score>
<post_num>1</post_num>
<post_id>post-1</post_id>
<post_url>http://g1.globo.com/am/amazonas/noticia/2016/08/rompimento-de-tubulacao-deixa-mais-de-25-pontos-de-manaus-sem-agua.html</post_url>
<post_date>20160830</post_date>
<post_time></post_time>
<username>Do Am</username>
<post>

30/08/2016 21h04 - Atualizado em 30/08/2016 21h04 Rompimento de tubulação deixa mais de 25 pontos de Manaus sem água Vazamento gerou cratera em avenida na Zona Oeste da cidade.Abastecimento deve ser normalizado na quarta-feira (31). Do G1 AM Rompimento gerou cratera no sentido Centro/bairro da Avenida Coronel Teixeira (Foto: Rickardo Marques/G1 AM) 
O rompimento de uma adutora na Avenida Coronel Teixeira , Zona Oeste, causou transtornos a moradores de diversos bairros de Manaus, nesta terça-feira (30). O vazamento iniciou por volta das 13h e deve ser normalizado na quarta-feira (31). Mais de 25 áreas estão com o abastecimento afetado. Estão sem água os bairros: Alvorada I,II,III, Dom Pedro, Sta. Terezinha, cj. Tropical, Kissia, Debora, CJ. Aripuanã, Ponta Negra, Sto. Agostinho, Lírio do Vale I,II Redenção, Campos Elíseos, Jardim Versalhes, CJ. Canaã, Belvederes, Ajuricaba, Flamanal, Bela Vista, Augusto Monte Negro, Vila Marinho, CJ. Araúna, Compensa I,II,III, CJ. Arapuá, Cj. Rio Xingu, Eduardo Gomes, CJ. Hileia, Bairro da Paz, Sto. Dumont, Flores e parte da Zona Norte. saiba mais Tubulação se rompe e casas são atingidas em Manaus 
O aposentado Milton Correa, de 68 anos, mora em uma rua próxima ao local do rompimento. Segundo ele, a falta de abastecimento causa transtorno. 
&quot;Estou sem água desde o meio dia. Não é a primeira vez que isso acontece. Pelo que a empresa disse, essa obra só termina amanhã. Enquanto isso a gente fica sem poder fazer nada em casa&quot;, contou. 
Técnicos da Manaus Ambiental e funcionários de empresas terceirizadas auxiliam nas obras de reparos. Agentes do Instituto Municipal de Engenharia e Fiscalização de Trânsito (Manaustrans) orientam motoristas na área. Vazamento gerou cratera em avenida na Zona Oeste da cidade (Foto: Rickardo Marques/G1 AM) 
Por meio de nota, a Manaus Ambiental informou que houve um vazamento em uma tubulação de 100cm. A concessionária comunicou, ainda, que por consequência do vazamento o abastecimento dos bairros está com o fornecimento interrompido até a madrugada. &quot;Logo após a conclusão dos serviços o sistema de distribuição de água será religado e o abastecimento será reestabelecido após 12h&quot;, informou. Trânsito no sentido bairro/Centro flui em apenas uma faixa (Foto: Rickardo Marques/G1 AM) 

</post>
<signature>

</signature>
<external_links>

</external_links>
<country>BR</country>
<main_image>http://s2.glbimg.com/A5AaBnadXeISTIc9LXSOpdbhbHw=/1200x630/s.glbimg.com/jo/g1/f/original/2016/08/30/img_0638.jpg</main_image>
</document>
