<?xml version="1.0" encoding="UTF-8"?>
<document>
<type>mainstream</type>
<forum>http://feeds.feedblitz.com/previouslytv</forum>
<forum_title>Previously.TV</forum_title>
<discussion_title>Silent Dialog vs. Pikachu Picks :: It&apos;s the best gig on TV vs. the time a silly cartoon got the emotion right! [Television]</discussion_title>
<language>english</language>
<gmt_offset></gmt_offset>
<topic_url>http://previously.tv/television/silent-dialog-vs-pikachu-picks/</topic_url>
<topic_text>
Silent Dialog vs. Pikachu Picks It&apos;s the best gig on TV vs. the time a silly cartoon got the emotion right! 2 The case for Silent Dialog 
Can you even get your SAG card by sitting silently on a barstool and having all the action revolve around you? For 90-something episodes? The Lurian Morn (after Norm on Cheers) was a frequent customer at Quark&apos;s bar on Deep Space Nine . He also showed up on The Next Generation and Voyager , but despite being described as very social and a big talker, the man never uttered a word. Granted, it must have been tedious for the actor to have that special affects makeup applied every episode, but after that it was smooth sailing. Laryngitis, stuffy nose, hangover, tongue surgery? Not a problem! — LJD NEW The case for Pikachu Picks 
For the most part Pokemon is pretty empty emotionally. But the time they got it exactly right was when Ash attempted to leave Pikachu with his own kind... and Pikachu picked Ash. It&apos;s sappy, kind of annoying and silly (no doubt even sillier in English than the original) and... yet somehow still totally works. — Kromm
</topic_text>
<spam_score>0.00</spam_score>
<post_num>1</post_num>
<post_id>post-1</post_id>
<post_url>http://previously.tv/television/silent-dialog-vs-pikachu-picks/</post_url>
<post_date>20160829</post_date>
<post_time>0402</post_time>
<username>Previously.TV</username>
<post>
Silent Dialog vs. Pikachu Picks It&apos;s the best gig on TV vs. the time a silly cartoon got the emotion right! 2 The case for Silent Dialog 
Can you even get your SAG card by sitting silently on a barstool and having all the action revolve around you? For 90-something episodes? The Lurian Morn (after Norm on Cheers) was a frequent customer at Quark&apos;s bar on Deep Space Nine . He also showed up on The Next Generation and Voyager , but despite being described as very social and a big talker, the man never uttered a word. Granted, it must have been tedious for the actor to have that special affects makeup applied every episode, but after that it was smooth sailing. Laryngitis, stuffy nose, hangover, tongue surgery? Not a problem! — LJD NEW The case for Pikachu Picks 
For the most part Pokemon is pretty empty emotionally. But the time they got it exactly right was when Ash attempted to leave Pikachu with his own kind... and Pikachu picked Ash. It&apos;s sappy, kind of annoying and silly (no doubt even sillier in English than the original) and... yet somehow still totally works. — Kromm
</post>
<signature>

</signature>
<external_links>

</external_links>
<country>US</country>
<main_image></main_image>
</document>
