<?xml version="1.0" encoding="UTF-8"?>
<document>
<type>mainstream</type>
<forum>http://feeds.feedblitz.com/previouslytv</forum>
<forum_title>Previously.TV</forum_title>
<discussion_title>Is Rob Unwell, Or The Only One On Keeping Up With The Kardashians Who&apos;s Not Unwell? :: And more questions sparked by the latest episode. [Keeping Up With The Kardashians]</discussion_title>
<language>english</language>
<gmt_offset></gmt_offset>
<topic_url>http://previously.tv/keeping-up-with-the-kardashians/is-rob-unwell-or-the-only-one-on-keeping-up-with-the-kardashians-whos-not-unwell/</topic_url>
<topic_text>
Is Rob Unwell, Or The Only One On Keeping Up With The Kardashians Who&apos;s Not Unwell? And more questions sparked by the latest episode. E15 Is Rob unwell, or the only one who&apos;s not unwell? 
First of all, has he always talked in this weird voice/inflection? Not that I could possibly compare him disfavorably to his sisters, all of whom talk like they use electronic nose amplifiers to communicate. But, secondly, is he phoning this in for the paycheck or trying unsubtly to broadcast that he is above the nonsense, or some third thing? Is it a cry for help? I actually felt sorry (not really) for both Kris and Khloe as they attempt to get him to play along for the cameras and he...won&apos;t do it. His open scoffing at the charade does nothing to deter his mom or sister, though. They plow ahead as if he wasn&apos;t rolling his eyes and flopping around like a tween. I just couldn&apos;t tell if he&apos;s purposefully throwing the game out of a searing hatred for what his family has become, or unwilling to participate fully because of anxiety/depression or something? The possibility of the latter is a little scary. If Rob has a real mental health problem and is about to have a newborn with the woman who screamed my future epitaph: &quot;Are you still texting bitches, or what?&quot; prior to hauling her fake behind to the edge of a pool just to throw a bouquet of flowers into it...that&apos;s worrisome. Do they watch these episodes and SCREAM about how their makeup looks?! 
Good NIGHT, the scene where Kris and Khloe are in Khloe&apos;s screening room [ wanking motion ] talking about Rob. Their faces look like they got run over in a drag race. Somewhere, Grace Jones rose from her insulated sleeping chamber, beheld Khloe&apos;s rectangle of bronzer and neon red lip, and launched into the night with a bloodcurdling cry of agony and ecstasy. Were they doing an underwater shoot that day? What is the explanation for trowel application of what appears to be an entire drugstore during a casual mother/daughter visit in the home? I don&apos;t even know what they were talking about and I can&apos;t go back and listen because watching it once caused me to lose both my vision and hearing. What&apos;s Scott&apos;s game with Kris? 
Isn&apos;t ol&apos; boy looking awfully fresh-faced and wholesome these days? Like, maybe he&apos;s spending one or two hours less drinking on the beach and getting regular sleep? I&apos;ve been fooled before, so I&apos;m not buying into his chipper family man routine, but if I were buying into it, I&apos;d wonder if Scott was trying to take Kris&apos;s advice (and mine!) to ramp up his Dad Look in order to regain good standing in Kourtney&apos;s house. He must be rolling Kris into his Step 8 Tour, because bro is on her jock like the Prodigal Son returned. He&apos;s worried she&apos;s going to hurt herself working out? (As if the wonderful Don would let that happen?!) Not that she even needs to work out, he reminds us, as she is the hottest sixty-year-old on planet Earth. Okay. That&apos;s the grandmother of your children, so back up a few steps, Dippity Do. In the end, it was all just a set up for a Pilates machine product placement. Surely by next week he&apos;ll be back to shaming her décor and busting her chops. Unless he&apos;s had a true conversion to good health, his sudden generosity of spirit seems...off. More importantly: what&apos;s Scott&apos;s game with Kourtney? 
Before I even get to that: didn&apos;t we just celebrate Scott&apos;s birthday in Vegas? It is no wonder this guy struggles to stay sober. He does not have an actual life of any kind. Jetting back and forth from Vegas to L.A. to stand around at a party with complete strangers who paid to stand near you while you don&apos;t drink...it&apos;s a &quot;living&quot;? But, whoa, his behavior with Kourtney and how, even though Khloe, Scott and Kourtney each interviewed that the former couple were &quot;so cute&quot; flirting and &quot;being comfortable&quot; with each other, Kourtney&apos;s frozen face made each of her reactions look the opposite of comfortable. Every time he tried to hug her or fake kiss her like an awkward 7th-grader at a party, I wondered how and WHY Kourtney would agree to let Scott stay on the show. Even when he&apos;s sort of funny, he&apos;s exhausting, and it couldn&apos;t be clearer that all he wants is his easy life back where he&apos;s the center of her attention. Let&apos;s just say it: Kim foine , right? 
Y&apos;all, Kim Kardashian looks amazing. I&apos;m sorry! I mean, the girl took the baby weight off . She seems to have worked very hard to get there and for that I say: respect. Of course, for everything else she does or says, I continue to say: Why, God? Why?
</topic_text>
<spam_score>0.00</spam_score>
<post_num>1</post_num>
<post_id>post-1</post_id>
<post_url>http://previously.tv/keeping-up-with-the-kardashians/is-rob-unwell-or-the-only-one-on-keeping-up-with-the-kardashians-whos-not-unwell/</post_url>
<post_date>20160829</post_date>
<post_time>1530</post_time>
<username>Allison Lowe Huff</username>
<post>
Is Rob Unwell, Or The Only One On Keeping Up With The Kardashians Who&apos;s Not Unwell? And more questions sparked by the latest episode. E15 Is Rob unwell, or the only one who&apos;s not unwell? 
First of all, has he always talked in this weird voice/inflection? Not that I could possibly compare him disfavorably to his sisters, all of whom talk like they use electronic nose amplifiers to communicate. But, secondly, is he phoning this in for the paycheck or trying unsubtly to broadcast that he is above the nonsense, or some third thing? Is it a cry for help? I actually felt sorry (not really) for both Kris and Khloe as they attempt to get him to play along for the cameras and he...won&apos;t do it. His open scoffing at the charade does nothing to deter his mom or sister, though. They plow ahead as if he wasn&apos;t rolling his eyes and flopping around like a tween. I just couldn&apos;t tell if he&apos;s purposefully throwing the game out of a searing hatred for what his family has become, or unwilling to participate fully because of anxiety/depression or something? The possibility of the latter is a little scary. If Rob has a real mental health problem and is about to have a newborn with the woman who screamed my future epitaph: &quot;Are you still texting bitches, or what?&quot; prior to hauling her fake behind to the edge of a pool just to throw a bouquet of flowers into it...that&apos;s worrisome. Do they watch these episodes and SCREAM about how their makeup looks?! 
Good NIGHT, the scene where Kris and Khloe are in Khloe&apos;s screening room [ wanking motion ] talking about Rob. Their faces look like they got run over in a drag race. Somewhere, Grace Jones rose from her insulated sleeping chamber, beheld Khloe&apos;s rectangle of bronzer and neon red lip, and launched into the night with a bloodcurdling cry of agony and ecstasy. Were they doing an underwater shoot that day? What is the explanation for trowel application of what appears to be an entire drugstore during a casual mother/daughter visit in the home? I don&apos;t even know what they were talking about and I can&apos;t go back and listen because watching it once caused me to lose both my vision and hearing. What&apos;s Scott&apos;s game with Kris? 
Isn&apos;t ol&apos; boy looking awfully fresh-faced and wholesome these days? Like, maybe he&apos;s spending one or two hours less drinking on the beach and getting regular sleep? I&apos;ve been fooled before, so I&apos;m not buying into his chipper family man routine, but if I were buying into it, I&apos;d wonder if Scott was trying to take Kris&apos;s advice (and mine!) to ramp up his Dad Look in order to regain good standing in Kourtney&apos;s house. He must be rolling Kris into his Step 8 Tour, because bro is on her jock like the Prodigal Son returned. He&apos;s worried she&apos;s going to hurt herself working out? (As if the wonderful Don would let that happen?!) Not that she even needs to work out, he reminds us, as she is the hottest sixty-year-old on planet Earth. Okay. That&apos;s the grandmother of your children, so back up a few steps, Dippity Do. In the end, it was all just a set up for a Pilates machine product placement. Surely by next week he&apos;ll be back to shaming her décor and busting her chops. Unless he&apos;s had a true conversion to good health, his sudden generosity of spirit seems...off. More importantly: what&apos;s Scott&apos;s game with Kourtney? 
Before I even get to that: didn&apos;t we just celebrate Scott&apos;s birthday in Vegas? It is no wonder this guy struggles to stay sober. He does not have an actual life of any kind. Jetting back and forth from Vegas to L.A. to stand around at a party with complete strangers who paid to stand near you while you don&apos;t drink...it&apos;s a &quot;living&quot;? But, whoa, his behavior with Kourtney and how, even though Khloe, Scott and Kourtney each interviewed that the former couple were &quot;so cute&quot; flirting and &quot;being comfortable&quot; with each other, Kourtney&apos;s frozen face made each of her reactions look the opposite of comfortable. Every time he tried to hug her or fake kiss her like an awkward 7th-grader at a party, I wondered how and WHY Kourtney would agree to let Scott stay on the show. Even when he&apos;s sort of funny, he&apos;s exhausting, and it couldn&apos;t be clearer that all he wants is his easy life back where he&apos;s the center of her attention. Let&apos;s just say it: Kim foine , right? 
Y&apos;all, Kim Kardashian looks amazing. I&apos;m sorry! I mean, the girl took the baby weight off . She seems to have worked very hard to get there and for that I say: respect. Of course, for everything else she does or says, I continue to say: Why, God? Why?
</post>
<signature>

</signature>
<external_links>

</external_links>
<country>US</country>
<main_image>http://previously.tv/m/2016-08-29-kuwtk.jpg</main_image>
</document>
