<?xml version="1.0" encoding="UTF-8"?>
<document>
<type>mainstream</type>
<forum>http://www.sputniknews.com/export/rss2/archive/index.xml</forum>
<forum_title>Sputnik International</forum_title>
<discussion_title>Russia to Cancel Export Duty on Wheat by July 2018</discussion_title>
<language>english</language>
<gmt_offset></gmt_offset>
<topic_url>http://sputniknews.com/russia/20160830/1044783705/russia-wheat-export-duty.html</topic_url>
<topic_text>
Russia to Cancel Export Duty on Wheat by July 2018 © Sputnik/ Artem Kreminsky 0 324 3 0 The export duty on grain wheat will be abolished in Russia by July 2018, according to Deputy Agriculture Minister Jambulat Khaturov. 
MOSCOW (Sputnik) — Export duty on wheat will be canceled in Russia by July 2018, Deputy Agriculture Minister Jambulat Khaturov said Tuesday. &quot;The export duty on grain [wheat] will be abolished in Russia by July 2018,&quot; Khaturov told reporters in Moscow. © Sputnik/ Igor Zarembo World’s Top Breadbasket: Russia Becoming Leading Wheat Exporter Beating EU, US Russia introduced an export duty on wheat in February 2015 to stabilize the situation on the internal grain market.
The current duty, which is in effect from October 1, 2015, amounts to 50 percent of the customs value minus 6,500 rubles (about $100 at the current exchange rate) per metric ton, but not less than 10 rubles per metric ton. ...
</topic_text>
<spam_score>0.00</spam_score>
<post_num>1</post_num>
<post_id>post-1</post_id>
<post_url>http://sputniknews.com/russia/20160830/1044783705/russia-wheat-export-duty.html</post_url>
<post_date>20160830</post_date>
<post_time>1459</post_time>
<username></username>
<post>
Russia to Cancel Export Duty on Wheat by July 2018 © Sputnik/ Artem Kreminsky 0 324 3 0 The export duty on grain wheat will be abolished in Russia by July 2018, according to Deputy Agriculture Minister Jambulat Khaturov. 
MOSCOW (Sputnik) — Export duty on wheat will be canceled in Russia by July 2018, Deputy Agriculture Minister Jambulat Khaturov said Tuesday. &quot;The export duty on grain [wheat] will be abolished in Russia by July 2018,&quot; Khaturov told reporters in Moscow. © Sputnik/ Igor Zarembo World’s Top Breadbasket: Russia Becoming Leading Wheat Exporter Beating EU, US Russia introduced an export duty on wheat in February 2015 to stabilize the situation on the internal grain market.
The current duty, which is in effect from October 1, 2015, amounts to 50 percent of the customs value minus 6,500 rubles (about $100 at the current exchange rate) per metric ton, but not less than 10 rubles per metric ton. ...
</post>
<signature>

</signature>
<external_links>

</external_links>
<country>RU</country>
<main_image>https://cdn3.img.sputniknews.com/images/103458/15/1034581569.jpg</main_image>
</document>
