<?xml version="1.0" encoding="UTF-8"?>
<document>
<type>mainstream</type>
<forum></forum>
<forum_title></forum_title>
<discussion_title>The Walking Dead Temporada 6 720p Español Castellano 720p Descargar - Descargar Series en Español</discussion_title>
<language>spanish</language>
<gmt_offset></gmt_offset>
<topic_url>http://todoserieshd.com/the-walking-dead-temporada-6-720p-espanol-castellano-720p-descargar/</topic_url>
<topic_text>
Home / 720p / The Walking Dead Temporada 6 720p Español Castellano 720p Descargar The Walking Dead Temporada 6 720p Español Castellano 720p Descargar 720p , Castellano 
The Walking Dead Temporada 6 720p Español Castellano 720p En Mega se basa en la serie de cómics del mismo nombre. Rick Grimes, un policía del pequeño pueblo de Kentucky, se gravemente herido durante la detención de una banda de delincuentes. Debido a esto, cae en estado de coma. A través de un período de tiempo desconocido, Rick se despierta en un hospital vacío. Durante el tiempo que estaba inconsciente, lo habitual el mundo fue destruido por un virus epidemia zombie terrible. Ahora, las calles están llenas de cadáveres vivos. Rick se va a su casa, con la esperanza de encontrar a su hijo Carl y su esposa Lori, pero hay nadie en casa. Él espera que su familia escapó de la muerte. Grimes se reúne otras personas sobrevivientes y que lidera la lucha por la supervivencia. . Descargar The Walking Dead Temporada 6 720p Español Castellano 720p sigue los acontecimientos de las últimas cinco temporadas. Hasta hace poco, la principal amenaza para la supervivencia eran personas. Este hecho confirma la triste experiencia en Terminus. Pero ahora todo ha cambiado. La gente se reúne para sobrevivir a cualquier precio. Rick Grimes, su hijo Carl, Glenn Rhee, Maggie Greene, Daryl Dixon, Carol Peletier, Michonne y otros, una vez más tomar su destino en sus propias manos. Las luchas internas ir por el camino. El propósito principal y único es destruir a los zombies, cuyo número aumenta con cada día que pasa.. Download The Walking Dead Temporada 6 En Español Por mega Titulo: The Walking Dead Temporada 6 español en 720p Calidad: HD 720p 
</topic_text>
<spam_score>0.05</spam_score>
<post_num>1</post_num>
<post_id>post-1</post_id>
<post_url>http://todoserieshd.com/the-walking-dead-temporada-6-720p-espanol-castellano-720p-descargar/</post_url>
<post_date>20160215</post_date>
<post_time></post_time>
<username></username>
<post>
Home / 720p / The Walking Dead Temporada 6 720p Español Castellano 720p Descargar The Walking Dead Temporada 6 720p Español Castellano 720p Descargar 720p , Castellano 
The Walking Dead Temporada 6 720p Español Castellano 720p En Mega se basa en la serie de cómics del mismo nombre. Rick Grimes, un policía del pequeño pueblo de Kentucky, se gravemente herido durante la detención de una banda de delincuentes. Debido a esto, cae en estado de coma. A través de un período de tiempo desconocido, Rick se despierta en un hospital vacío. Durante el tiempo que estaba inconsciente, lo habitual el mundo fue destruido por un virus epidemia zombie terrible. Ahora, las calles están llenas de cadáveres vivos. Rick se va a su casa, con la esperanza de encontrar a su hijo Carl y su esposa Lori, pero hay nadie en casa. Él espera que su familia escapó de la muerte. Grimes se reúne otras personas sobrevivientes y que lidera la lucha por la supervivencia. . Descargar The Walking Dead Temporada 6 720p Español Castellano 720p sigue los acontecimientos de las últimas cinco temporadas. Hasta hace poco, la principal amenaza para la supervivencia eran personas. Este hecho confirma la triste experiencia en Terminus. Pero ahora todo ha cambiado. La gente se reúne para sobrevivir a cualquier precio. Rick Grimes, su hijo Carl, Glenn Rhee, Maggie Greene, Daryl Dixon, Carol Peletier, Michonne y otros, una vez más tomar su destino en sus propias manos. Las luchas internas ir por el camino. El propósito principal y único es destruir a los zombies, cuyo número aumenta con cada día que pasa.. Download The Walking Dead Temporada 6 En Español Por mega Titulo: The Walking Dead Temporada 6 español en 720p Calidad: HD 720p 
</post>
<signature>

</signature>
<external_links>

</external_links>
<country>US</country>
<main_image>http://todoserieshd.com/wp-content/uploads/2016/02/the-walking-dead-season-6-latino.jpg</main_image>
</document>
