<?xml version="1.0" encoding="UTF-8"?>
<document>
<type>mainstream</type>
<forum>http://www.okezone.com/feed</forum>
<forum_title>Sindikasi welcomepage.okezone.com</forum_title>
<discussion_title>Dolar AS Menguat Didorong Ekspektasi Kenaikan Suku Bunga</discussion_title>
<language>indonesian</language>
<gmt_offset></gmt_offset>
<topic_url>http://economy.okezone.com/read/2016/08/31/278/1477278/dolar-as-menguat-didorong-ekspektasi-kenaikan-suku-bunga</topic_url>
<topic_text>
Rabu, 31 Agustus 2016 - 07:23 wib Dolar AS Menguat Didorong Ekspektasi Kenaikan Suku Bunga Ilustrasi: (Foto: Okezone) A A A 
NEW YORK - Kurs dolar AS menguat terhadap mata uang utama lainnya pada Selasa (Rabu pagi WIB), karena pernyataaan-pernyataan hawkish terbaru dari para pejabat Federal Reserve meningkatkan ekspektasi pasar untuk kenaikan suku bunga pada akhir tahun. 
Wakil Ketua Fed Stanley Fischer mengatakan pada Selasa pagi bahwa pasar tenaga kerja AS mendekati kekuatan penuh dan ia tidak mungkin untuk mengatakan apakah kenaikan suku bunga berikutnya akan menjadi &quot;satu kali dilakukan,&quot; menurut laporan media. BERITA REKOMENDASI Dolar AS Bervariasi di Tengah Sejumlah Data Ekonomi 
Pernyataan-pernyataan Fischer sesuai dengan komentar dia dan Ketua Fed Janet Yellen yang dibuat pada Jumat (26/8) di sebuah konferensi di Jackson Hole, Wyoming, menunjukkan bahwa waktu untuk menaikan suku bunga lagi sudah mendekati. 
&quot;Mengingat berlanjutnya kinerja solid dari pasar tenaga kerja serta prospek untuk kegiatan ekonomi dan inflasi, saya percaya alasan untuk peningkatan suku bunga federal funds telah menguat dalam beberapa bulan terakhir,&quot; kata Yellen. 
Para analis mengatakan hal itu memungkinkan bagi The Fed untuk menaikkan suku bunga secepatnya pada September. Tetapi sekitar 71 persen dari 62 ekonom yang disurvei oleh Wall Street Journal pada bulan ini menyakini bahwa Fed akan menunggu sampai Desember untuk menaikkan suku bunganya. 
Di sisi ekonomi, Indeks Kepercayaan Konsumen Conference Board datang di 101,1 pada Agustus, naik dari 96,7 pada Juli serta lebih tinggi dari konsensus pasar. 
Indeks dolar, yang mengukur greenback terhadap enam mata uang utama, naik 0,56 persen menjadi 95,116 pada akhir perdagangan, level tertinggi dalam tiga minggu. 
Pada akhir perdagangan New York, euro jatuh ke 1,1137 dolar dari 1,1190 dolar pada sesi sebelumnya, dan pound Inggris turun menjadi 1,3078 dolar dari 1,3114 dolar. Dolar Australia turun menjadi 0,7505 dolar dari 0,7578 dolar. 
Dolar dibeli 103,10 yen Jepang, lebih tinggi dari 101,94 yen di sesi sebelumnya. Dolar naik menjadi 0,9840 franc Swiss dari 0,9777 franc Swiss, dan beringsut naik menjadi 1,3088 dolar Kanada dari 1,3013 dolar Kanada. (dni)
</topic_text>
<spam_score>0.00</spam_score>
<post_num>1</post_num>
<post_id>post-1</post_id>
<post_url>http://economy.okezone.com/read/2016/08/31/278/1477278/dolar-as-menguat-didorong-ekspektasi-kenaikan-suku-bunga</post_url>
<post_date>20160831</post_date>
<post_time>0023</post_time>
<username></username>
<post>
Rabu, 31 Agustus 2016 - 07:23 wib Dolar AS Menguat Didorong Ekspektasi Kenaikan Suku Bunga Ilustrasi: (Foto: Okezone) A A A 
NEW YORK - Kurs dolar AS menguat terhadap mata uang utama lainnya pada Selasa (Rabu pagi WIB), karena pernyataaan-pernyataan hawkish terbaru dari para pejabat Federal Reserve meningkatkan ekspektasi pasar untuk kenaikan suku bunga pada akhir tahun. 
Wakil Ketua Fed Stanley Fischer mengatakan pada Selasa pagi bahwa pasar tenaga kerja AS mendekati kekuatan penuh dan ia tidak mungkin untuk mengatakan apakah kenaikan suku bunga berikutnya akan menjadi &quot;satu kali dilakukan,&quot; menurut laporan media. BERITA REKOMENDASI Dolar AS Bervariasi di Tengah Sejumlah Data Ekonomi 
Pernyataan-pernyataan Fischer sesuai dengan komentar dia dan Ketua Fed Janet Yellen yang dibuat pada Jumat (26/8) di sebuah konferensi di Jackson Hole, Wyoming, menunjukkan bahwa waktu untuk menaikan suku bunga lagi sudah mendekati. 
&quot;Mengingat berlanjutnya kinerja solid dari pasar tenaga kerja serta prospek untuk kegiatan ekonomi dan inflasi, saya percaya alasan untuk peningkatan suku bunga federal funds telah menguat dalam beberapa bulan terakhir,&quot; kata Yellen. 
Para analis mengatakan hal itu memungkinkan bagi The Fed untuk menaikkan suku bunga secepatnya pada September. Tetapi sekitar 71 persen dari 62 ekonom yang disurvei oleh Wall Street Journal pada bulan ini menyakini bahwa Fed akan menunggu sampai Desember untuk menaikkan suku bunganya. 
Di sisi ekonomi, Indeks Kepercayaan Konsumen Conference Board datang di 101,1 pada Agustus, naik dari 96,7 pada Juli serta lebih tinggi dari konsensus pasar. 
Indeks dolar, yang mengukur greenback terhadap enam mata uang utama, naik 0,56 persen menjadi 95,116 pada akhir perdagangan, level tertinggi dalam tiga minggu. 
Pada akhir perdagangan New York, euro jatuh ke 1,1137 dolar dari 1,1190 dolar pada sesi sebelumnya, dan pound Inggris turun menjadi 1,3078 dolar dari 1,3114 dolar. Dolar Australia turun menjadi 0,7505 dolar dari 0,7578 dolar. 
Dolar dibeli 103,10 yen Jepang, lebih tinggi dari 101,94 yen di sesi sebelumnya. Dolar naik menjadi 0,9840 franc Swiss dari 0,9777 franc Swiss, dan beringsut naik menjadi 1,3088 dolar Kanada dari 1,3013 dolar Kanada. (dni)
</post>
<signature>

</signature>
<external_links>

</external_links>
<country>ID</country>
<main_image>https://img.okezone.com//content/2016/08/31/278/1477278/dolar-as-menguat-didorong-ekspektasi-kenaikan-suku-bunga-KyVmcDnQ8s.jpg</main_image>
</document>
