<?xml version="1.0" encoding="UTF-8"?>
<document>
<type>mainstream</type>
<forum></forum>
<forum_title></forum_title>
<discussion_title>Tourism Deptt to organise road shows in Lucknow, Kanpur</discussion_title>
<language>english</language>
<gmt_offset></gmt_offset>
<topic_url>http://www.greaterkashmir.com/news/business/tourism-deptt-to-organise-road-shows-in-lucknow-kanpur/227209.html</topic_url>
<topic_text>
Wednesday, August 31, 2016, 27, Zul Qaadah, 1437 Tourism Deptt to organise road shows in Lucknow, Kanpur Secy Tourism convenes meet with tour, travel operators GKNN Jammu, Publish Date: Aug 31 2016 12:23AM | Updated Date: Aug 31 2016 12:23AM File Photo To increase tourist influx in the state, Tourism Department is going to organise in Lucknow, Kanpur and other two-tier cities in association with travel traders. The Secretary Tourism Farooq Ahmad Shah, according to an official statement said this during an interactive meeting with Tour and Travel Operators of Jammu Province here. According to the statement Travel Trade Bodies of Jammu province put forth various demands. Secretary Tourism took a detailed feedback and suggestions from the representatives of travel and trade associations from Jammu, Katra, Patnitop and Bhaderwah. He assured that the suggestions presented by them would be given due attention and requisite measures will be taken in the phased manner to further boost the tourism sector. Regarding the status of various tourism infrastructural projects, he said that execution of all ongoing projects has been fast tracked. Regarding Jammu Ropeway Project he said that it will be completed by 2018 and work on light and sound show at Bagh-e-Bahu will be started soon. Purmandal and Utterbehni will be developed on lines of Kashi and amusement park under PPP mode will be developed at Sidhra, Jammu, he added. Sushma Chouhan, Director Tourism Jammu, SK Attri Dy. Director Tourism (Publicity), Jammu were also present in the meeting. Among others who attended the meeting were Rajesh Gupta Chairman Tourism Federation of Jammu, Rakesh Wazir President HRA Katra, Amrik Singh President JATO, Jatinder Koul President TAAJ, Inderjeet Khajuria President ADTOJ, B.B Kotwal Bhaderwah Travel Trade Association and President HRA Patnitop, President AJTA and others. Later, Secretary Tourism reviewed the functioning of various Tourism Development Authorities. He impressed upon the CEO’s of Tourism Development Authorities and officers of Tourism Department to ensure time bound completion of various ongoing developmental projects in their respective areas of jurisdiction. More in this Category 
</topic_text>
<spam_score>0.19</spam_score>
<post_num>1</post_num>
<post_id>post-1</post_id>
<post_url>http://www.greaterkashmir.com/news/business/tourism-deptt-to-organise-road-shows-in-lucknow-kanpur/227209.html</post_url>
<post_date>20160820</post_date>
<post_time></post_time>
<username></username>
<post>
Wednesday, August 31, 2016, 27, Zul Qaadah, 1437 Tourism Deptt to organise road shows in Lucknow, Kanpur Secy Tourism convenes meet with tour, travel operators GKNN Jammu, Publish Date: Aug 31 2016 12:23AM | Updated Date: Aug 31 2016 12:23AM File Photo To increase tourist influx in the state, Tourism Department is going to organise in Lucknow, Kanpur and other two-tier cities in association with travel traders. The Secretary Tourism Farooq Ahmad Shah, according to an official statement said this during an interactive meeting with Tour and Travel Operators of Jammu Province here. According to the statement Travel Trade Bodies of Jammu province put forth various demands. Secretary Tourism took a detailed feedback and suggestions from the representatives of travel and trade associations from Jammu, Katra, Patnitop and Bhaderwah. He assured that the suggestions presented by them would be given due attention and requisite measures will be taken in the phased manner to further boost the tourism sector. Regarding the status of various tourism infrastructural projects, he said that execution of all ongoing projects has been fast tracked. Regarding Jammu Ropeway Project he said that it will be completed by 2018 and work on light and sound show at Bagh-e-Bahu will be started soon. Purmandal and Utterbehni will be developed on lines of Kashi and amusement park under PPP mode will be developed at Sidhra, Jammu, he added. Sushma Chouhan, Director Tourism Jammu, SK Attri Dy. Director Tourism (Publicity), Jammu were also present in the meeting. Among others who attended the meeting were Rajesh Gupta Chairman Tourism Federation of Jammu, Rakesh Wazir President HRA Katra, Amrik Singh President JATO, Jatinder Koul President TAAJ, Inderjeet Khajuria President ADTOJ, B.B Kotwal Bhaderwah Travel Trade Association and President HRA Patnitop, President AJTA and others. Later, Secretary Tourism reviewed the functioning of various Tourism Development Authorities. He impressed upon the CEO’s of Tourism Development Authorities and officers of Tourism Department to ensure time bound completion of various ongoing developmental projects in their respective areas of jurisdiction. More in this Category 
</post>
<signature>

</signature>
<external_links>

</external_links>
<country>US</country>
<main_image>http://www.greaterkashmir.com/cms/gall_content/2016/8/2016_8$largeimg231_Aug_2016_002348720.jpg</main_image>
</document>
