<?xml version="1.0" encoding="UTF-8"?>
<document>
<type>mainstream</type>
<forum>http://www.trading-house.net/rss/meldungen/</forum>
<forum_title>trading-house.net Nachrichtenfeed</forum_title>
<discussion_title>Russland zweifelt an UNO-Bericht über Chemiewaffeneinsatz in Syrien</discussion_title>
<language>german</language>
<gmt_offset></gmt_offset>
<topic_url>http://www.trading-house.net/news/russland-zweifelt-an-uno-bericht-ueber-chemiewaffeneinsatz-in-syrien-50947120</topic_url>
<topic_text>
31.08.2016 - 01:57 Uhr Russland zweifelt an UNO-Bericht über Chemiewaffeneinsatz in Syrien NEW YORK - Russland zweifelt am UNO-Bericht über den Chemiewaffeneinsatz in Syrien. Es gebe &quot;eine Menge offener Fragen&quot;, daher sei Moskau derzeit nicht bereit, die Ergebnisse der Untersuchung anzuerkennen, sagte UNO-Botschafter Witali Tschurkin am Dienstag in New York.
</topic_text>
<spam_score>0.00</spam_score>
<post_num>1</post_num>
<post_id>post-1</post_id>
<post_url>http://www.trading-house.net/news/russland-zweifelt-an-uno-bericht-ueber-chemiewaffeneinsatz-in-syrien-50947120</post_url>
<post_date>20160830</post_date>
<post_time>2357</post_time>
<username></username>
<post>
31.08.2016 - 01:57 Uhr Russland zweifelt an UNO-Bericht über Chemiewaffeneinsatz in Syrien NEW YORK - Russland zweifelt am UNO-Bericht über den Chemiewaffeneinsatz in Syrien. Es gebe &quot;eine Menge offener Fragen&quot;, daher sei Moskau derzeit nicht bereit, die Ergebnisse der Untersuchung anzuerkennen, sagte UNO-Botschafter Witali Tschurkin am Dienstag in New York.
</post>
<signature>

</signature>
<external_links>

</external_links>
<country>DE</country>
<main_image></main_image>
</document>
