<?xml version="1.0" encoding="UTF-8"?>
<document>
<type>mainstream</type>
<forum>http://feeds.feedblitz.com/previouslytv</forum>
<forum_title>Previously.TV</forum_title>
<discussion_title>Silent Dialog vs. Kalinda&apos;s Ice Cream :: It&apos;s the best gig on TV vs. a 32nd flavor! [Television]</discussion_title>
<language>english</language>
<gmt_offset></gmt_offset>
<topic_url>http://previously.tv/television/silent-dialog-vs-kalindas-ice-cream/</topic_url>
<topic_text>
Silent Dialog vs. Kalinda&apos;s Ice Cream It&apos;s the best gig on TV vs. a 32nd flavor! 2 The case for Silent Dialog 
Can you even get your SAG card by sitting silently on a barstool and having all the action revolve around you? For 90-something episodes? The Lurian Morn (after Norm on Cheers) was a frequent customer at Quark&apos;s bar on Deep Space Nine . He also showed up on The Next Generation and Voyager , but despite being described as very social and a big talker, the man never uttered a word. Granted, it must have been tedious for the actor to have that special affects makeup applied every episode, but after that it was smooth sailing. Laryngitis, stuffy nose, hangover, tongue surgery? Not a problem! — LJD NEW The case for Kalinda&apos;s Ice Cream 
I screamed, you screamed, we all screamed when the plotline involving Kalinda&apos;s husband Nick (which nobody asked for) took an unexpectedly adult turn at an ice cream parlor. The short version: Nick&apos;s backstory tidbits, Nick&apos;s fingers, Kalinda&apos;s tidbits, fingers in ice cream, Kalinda finishing her dessert. And scene. — Mike McComb
</topic_text>
<spam_score>0.00</spam_score>
<post_num>1</post_num>
<post_id>post-1</post_id>
<post_url>http://previously.tv/television/silent-dialog-vs-kalindas-ice-cream/</post_url>
<post_date>20160830</post_date>
<post_time>0402</post_time>
<username>Previously.TV</username>
<post>
Silent Dialog vs. Kalinda&apos;s Ice Cream It&apos;s the best gig on TV vs. a 32nd flavor! 2 The case for Silent Dialog 
Can you even get your SAG card by sitting silently on a barstool and having all the action revolve around you? For 90-something episodes? The Lurian Morn (after Norm on Cheers) was a frequent customer at Quark&apos;s bar on Deep Space Nine . He also showed up on The Next Generation and Voyager , but despite being described as very social and a big talker, the man never uttered a word. Granted, it must have been tedious for the actor to have that special affects makeup applied every episode, but after that it was smooth sailing. Laryngitis, stuffy nose, hangover, tongue surgery? Not a problem! — LJD NEW The case for Kalinda&apos;s Ice Cream 
I screamed, you screamed, we all screamed when the plotline involving Kalinda&apos;s husband Nick (which nobody asked for) took an unexpectedly adult turn at an ice cream parlor. The short version: Nick&apos;s backstory tidbits, Nick&apos;s fingers, Kalinda&apos;s tidbits, fingers in ice cream, Kalinda finishing her dessert. And scene. — Mike McComb
</post>
<signature>

</signature>
<external_links>

</external_links>
<country>US</country>
<main_image></main_image>
</document>
