<?xml version="1.0" encoding="UTF-8"?>
<document>
<type>mainstream</type>
<forum>http://www.sputniknews.com/export/rss2/archive/index.xml</forum>
<forum_title>Sputnik International</forum_title>
<discussion_title>US at Pains to Calm Tensions Between Its Allies in Northern Syria</discussion_title>
<language>english</language>
<gmt_offset></gmt_offset>
<topic_url>http://sputniknews.com/politics/20160830/1044785246/us-kurds-turkey-syria.html</topic_url>
<topic_text>
US at Pains to Calm Tensions Between Its Allies in Northern Syria © Photo: Hikmet Durgun 2 920 3 0 US Secretary of Defense Ashton Carter has called upon Ankara and the Kurdish-led Syrian Democratic Forces (SDF) to not fight with one another and to keep &quot;those geographic commitments that they&apos;ve made.&quot; 
During a Monday joint press conference with Indian Minister of Defense Manohar Parrikar in the Pentagon, Carter emphasized that the US &quot;very much appreciate[s] the efforts&quot; of both Turkey and the Kurdish-dominated SDF in their combat against Daesh terrorists in Syria. &quot;They both made material contributions. We&apos;ve worked with both of them. And all of our interactions are intended to keep that going. So yes, we have called upon Turkey to… stay focused on the fight against ISIL [Daesh] and not to engage Syrian Defense Forces [Syrian Democratic Forces],&quot; Carter said. © REUTERS/ Rodi Said Two Birds With One Stone: US &apos;Sacrifices&apos; Its Kurdish Allies in Syria &quot;The United States was very supportive and is very supportive of their [Turkey&apos;s] general counter-ISIL activities and everything they did to secure the area between the border and Jarablus, and then westward, but not south of Jarablus, nor to engage the Syrian Defense Forces [Syrian Democratic Forces],&quot; he repeated.
On the other hand, Carter emphasized, the Kurdish People&apos;s Protection Units, which constitute a considerable portion of the SDF, should in their turn withdraw their forces east of the Euphrates. &quot;So we&apos;ve called on both sides to not fight with one another, to continue to focus the fight on ISIL. That&apos;s the basis of our cooperation with both of them. And specifically, not to engage one another and to retain those geographic commitments that they&apos;ve made,&quot; Secretary Carter underscored. 
Carter told journalists that Chairman of the Joint Chiefs of Staff General Joseph Dunford discussed the issue with his Turkish counterpart on August 28 and asserted that he himself will turn the spotlight on the matter next week, during his meeting with Turkish Defense Minister Fikri Isik in Europe. 
The remarks come after a series of clashes between the Turkish Armed Forces and the Kurdish militants over the weekend. © AFP 2016/ ILYAS AKENGIN &apos;Euphrates Shield&apos;: Turkish Operation to Reshape Balance of Power in Syria Alex MacDonald of the Middle East Eye notes that despite Carter&apos;s pledge to calm the tensions simmering between its allies in the region things are getting messier by the minute in northern Syria.
Citing Turkish President Recep Erdogan, the journalist calls attention to the fact that Ankara has signaled clearly that the YPG would be a target of Turkish military operations in Syria. 
The Turkish government regards the Democratic Union Party (PYD) and its military wing, the YPG, as &quot;terrorist&quot; entities linked to the Kurdistan Workers&apos; Party (PKK), outlawed in Turkey. &quot;Our operations will continue until Daesh, PKK [Kurdistan Workers&apos; Party] and its Syrian affiliate PYD are eliminated as threats against our citizens ,&quot; Erdogan said Monday as quoted by Anadolu Agency. 
Remarkably, on August 29 Brett McGurk, US Presidential Envoy for the Global Coalition to Counter ISIL (Daesh), tweeted that Washington regards the clashes between the Turkish Armed Forces and the Kurdish militants — in areas where Daesh is not located — as &quot;unacceptable and a source a deep concern.&quot; DOD: We want to make clear that we find these clashes — in areas where #ISIL is not located — unacceptable and a source of deep concern. — Brett McGurk (@brett_mcgurk) 29 августа 2016 г. 
​In response to McGurk&apos;s remark, Turkish EU Minister and Chief Negotiator Omer Celik said that &quot;no one has the right to tell us &apos;fight with that terror organization but turn a blind eye to that terror organization&apos;,&quot; Anadolu Agency reported on the same very day. © Sputnik/ Hikmet Durgun Hillary Clinton-Backed &apos;No-Fly Zones&apos; Taking Shape in Syria For their part, the SDF and YPG &quot;put out mixed reactions&quot; to the escalation of tensions in northern Syria, MacDonald continues, adding that some of the SDF pro-YPG units, including the Arab-majority Jaish al-Thuwwar, signaled their intention to challenge the &quot;Turkish occupation.&quot;
But that&apos;s half the trouble. MacDonald says that following US Vice President Joseph Biden&apos;s warning that the Kurdish forces would lose Washington&apos;s support if they refused to return to the eastern bank of the Euphrates. YPG spokesperson Redur Xelil claimed that the Kurdish fighters &quot;will not act in line with the request of Turkey or some other power.&quot; &quot;Our forces are part of the SDF [Kurdish-led Syrian Democratic Forces] and we insist on our mission and goal. We won&apos;t listen to the demands of Turkey or powers outside of Turkey. Turkey cannot impose its own agenda, its own interests on us. Our forces are there. We will not withdraw from west of the Euphrates. No one has the right to ask the YPG to leave the area,&quot; Xelil told Radio Voice of America last Thursday as cited by Ekurd.net. 
Washington is on the horns of a dilemma, expert in Middle Eastern affairs Leonid Isaev of the Higher School of Economic told Svodobnaya Pressa last Friday. 
The expert suggested that the US would divide the Syrian northern region into &quot;spheres of influence&quot; in order to prevent large-scale clashes between their allies in the region. 
Carter&apos;s urging that the allies to retain their &quot;geographical commitments&quot; in northern Syria shows that Isaev&apos;s prognosis may come true. ...
</topic_text>
<spam_score>0.00</spam_score>
<post_num>1</post_num>
<post_id>post-1</post_id>
<post_url>http://sputniknews.com/politics/20160830/1044785246/us-kurds-turkey-syria.html</post_url>
<post_date>20160830</post_date>
<post_time>1600</post_time>
<username></username>
<post>
US at Pains to Calm Tensions Between Its Allies in Northern Syria © Photo: Hikmet Durgun 2 920 3 0 US Secretary of Defense Ashton Carter has called upon Ankara and the Kurdish-led Syrian Democratic Forces (SDF) to not fight with one another and to keep &quot;those geographic commitments that they&apos;ve made.&quot; 
During a Monday joint press conference with Indian Minister of Defense Manohar Parrikar in the Pentagon, Carter emphasized that the US &quot;very much appreciate[s] the efforts&quot; of both Turkey and the Kurdish-dominated SDF in their combat against Daesh terrorists in Syria. &quot;They both made material contributions. We&apos;ve worked with both of them. And all of our interactions are intended to keep that going. So yes, we have called upon Turkey to… stay focused on the fight against ISIL [Daesh] and not to engage Syrian Defense Forces [Syrian Democratic Forces],&quot; Carter said. © REUTERS/ Rodi Said Two Birds With One Stone: US &apos;Sacrifices&apos; Its Kurdish Allies in Syria &quot;The United States was very supportive and is very supportive of their [Turkey&apos;s] general counter-ISIL activities and everything they did to secure the area between the border and Jarablus, and then westward, but not south of Jarablus, nor to engage the Syrian Defense Forces [Syrian Democratic Forces],&quot; he repeated.
On the other hand, Carter emphasized, the Kurdish People&apos;s Protection Units, which constitute a considerable portion of the SDF, should in their turn withdraw their forces east of the Euphrates. &quot;So we&apos;ve called on both sides to not fight with one another, to continue to focus the fight on ISIL. That&apos;s the basis of our cooperation with both of them. And specifically, not to engage one another and to retain those geographic commitments that they&apos;ve made,&quot; Secretary Carter underscored. 
Carter told journalists that Chairman of the Joint Chiefs of Staff General Joseph Dunford discussed the issue with his Turkish counterpart on August 28 and asserted that he himself will turn the spotlight on the matter next week, during his meeting with Turkish Defense Minister Fikri Isik in Europe. 
The remarks come after a series of clashes between the Turkish Armed Forces and the Kurdish militants over the weekend. © AFP 2016/ ILYAS AKENGIN &apos;Euphrates Shield&apos;: Turkish Operation to Reshape Balance of Power in Syria Alex MacDonald of the Middle East Eye notes that despite Carter&apos;s pledge to calm the tensions simmering between its allies in the region things are getting messier by the minute in northern Syria.
Citing Turkish President Recep Erdogan, the journalist calls attention to the fact that Ankara has signaled clearly that the YPG would be a target of Turkish military operations in Syria. 
The Turkish government regards the Democratic Union Party (PYD) and its military wing, the YPG, as &quot;terrorist&quot; entities linked to the Kurdistan Workers&apos; Party (PKK), outlawed in Turkey. &quot;Our operations will continue until Daesh, PKK [Kurdistan Workers&apos; Party] and its Syrian affiliate PYD are eliminated as threats against our citizens ,&quot; Erdogan said Monday as quoted by Anadolu Agency. 
Remarkably, on August 29 Brett McGurk, US Presidential Envoy for the Global Coalition to Counter ISIL (Daesh), tweeted that Washington regards the clashes between the Turkish Armed Forces and the Kurdish militants — in areas where Daesh is not located — as &quot;unacceptable and a source a deep concern.&quot; DOD: We want to make clear that we find these clashes — in areas where #ISIL is not located — unacceptable and a source of deep concern. — Brett McGurk (@brett_mcgurk) 29 августа 2016 г. 
​In response to McGurk&apos;s remark, Turkish EU Minister and Chief Negotiator Omer Celik said that &quot;no one has the right to tell us &apos;fight with that terror organization but turn a blind eye to that terror organization&apos;,&quot; Anadolu Agency reported on the same very day. © Sputnik/ Hikmet Durgun Hillary Clinton-Backed &apos;No-Fly Zones&apos; Taking Shape in Syria For their part, the SDF and YPG &quot;put out mixed reactions&quot; to the escalation of tensions in northern Syria, MacDonald continues, adding that some of the SDF pro-YPG units, including the Arab-majority Jaish al-Thuwwar, signaled their intention to challenge the &quot;Turkish occupation.&quot;
But that&apos;s half the trouble. MacDonald says that following US Vice President Joseph Biden&apos;s warning that the Kurdish forces would lose Washington&apos;s support if they refused to return to the eastern bank of the Euphrates. YPG spokesperson Redur Xelil claimed that the Kurdish fighters &quot;will not act in line with the request of Turkey or some other power.&quot; &quot;Our forces are part of the SDF [Kurdish-led Syrian Democratic Forces] and we insist on our mission and goal. We won&apos;t listen to the demands of Turkey or powers outside of Turkey. Turkey cannot impose its own agenda, its own interests on us. Our forces are there. We will not withdraw from west of the Euphrates. No one has the right to ask the YPG to leave the area,&quot; Xelil told Radio Voice of America last Thursday as cited by Ekurd.net. 
Washington is on the horns of a dilemma, expert in Middle Eastern affairs Leonid Isaev of the Higher School of Economic told Svodobnaya Pressa last Friday. 
The expert suggested that the US would divide the Syrian northern region into &quot;spheres of influence&quot; in order to prevent large-scale clashes between their allies in the region. 
Carter&apos;s urging that the allies to retain their &quot;geographical commitments&quot; in northern Syria shows that Isaev&apos;s prognosis may come true. ...
</post>
<signature>

</signature>
<external_links>

</external_links>
<country>RU</country>
<main_image>https://cdn2.img.sputniknews.com/images/104462/61/1044626168.jpg</main_image>
</document>
