<?xml version="1.0" encoding="UTF-8"?>
<document>
<type>mainstream</type>
<forum>http://www.onenewspage.com/rss/latest/Front+Page.rss</forum>
<forum_title>Latest Front Page News on One News Page</forum_title>
<discussion_title>Married at First Sight: Gay couple sad about attacks</discussion_title>
<language>english</language>
<gmt_offset></gmt_offset>
<topic_url>http://www.onenewspage.com.au/n/Front+Page/759s63180/Married-at-First-Sight-Gay-couple-sad-about.htm</topic_url>
<topic_text>
Married at First Sight: Gay couple sad about attacks Wednesday, 31 August 2016 ( 21 minutes ago ) The groom and groom at the heart of Married at First Sight&apos;s first gay &quot;wedding&quot; say they have been stung by criticism of their actions from sections of the gay community.
</topic_text>
<spam_score>0.00</spam_score>
<post_num>1</post_num>
<post_id>post-1</post_id>
<post_url>http://www.onenewspage.com.au/n/Front+Page/759s63180/Married-at-First-Sight-Gay-couple-sad-about.htm</post_url>
<post_date>20160831</post_date>
<post_time>0023</post_time>
<username></username>
<post>
Married at First Sight: Gay couple sad about attacks Wednesday, 31 August 2016 ( 21 minutes ago ) The groom and groom at the heart of Married at First Sight&apos;s first gay &quot;wedding&quot; say they have been stung by criticism of their actions from sections of the gay community.
</post>
<signature>

</signature>
<external_links>

</external_links>
<country>US</country>
<main_image>http://cdn.newsserve.net/ONPglobe128.png</main_image>
</document>
