<?xml version="1.0" encoding="UTF-8"?>
<document>
<type>mainstream</type>
<forum></forum>
<forum_title></forum_title>
<discussion_title>Soz offers K-solution: Merge 1952 Delhi pact with Musharraf’s 4-point formula</discussion_title>
<language>english</language>
<gmt_offset></gmt_offset>
<topic_url>http://www.greaterkashmir.com/news/front-page/soz-offers-k-solution-merge-1952-delhi-pact-with-musharraf-s-4-point-formula/227216.html</topic_url>
<topic_text>
Wednesday, August 31, 2016, 27, Zul Qaadah, 1437 Soz offers K-solution: Merge 1952 Delhi pact with Musharraf’s 4-point formula ‘Dialogue under shade of gun no option, high time to release all Hurriyat leaders’ ABID BASHIR Srinagar, Publish Date: Aug 31 2016 12:53AM | Updated Date: Aug 31 2016 1:36AM File Photo 
Former J&amp;K Congress chief Prof Saifudin Soz on Tuesday offered a political solution to the vexed Kashmir issue by advocating “merger” of former Pakistan Presi¬dent Pervez Musharraf’s four-point formula with the 1952 Delhi agreement. Addressing a press conference, Soz said the ongoing uprising in Kashmir that has already left 70 civilians dead and over 7500 injured “prompted me to unveil this possible solution” to the Kashmir issue. “I believe reviving the Delhi agreement of 1952 within the framework of what was known at one point of time Mush¬arraf’s four-point formula is the possible solution to Kashmir issue,” Soz said. “In simple words, Delhi agreement can be incor¬porated in the Mush¬arraf’s four-point formu¬la for finding a dignified solution to the problem.” The former central minister stressed that pro¬posal was “actually initi¬ated during former Prime Minister Atal Bihari Vajpayee’s tenure while Musharraf was holding the chair in Pakistan.” “Things, however, couldn’t move forward in 2007 due to Pakistan’s internal situation,” he said. “Given the present situa¬tion, it’s my conviction that a broader debate would cer¬tainly yield an acceptable political solution.” He said the former Prime Minister of India Dr Manmohan Singh was “ready to move forward on the four-point propos¬al in 2007, but situation in Pakistan scuttled things.” He said the delibera¬tions on the four-point formula can also lead to fine-tuning of it. “The formula can be coined as Modi-Nawaz formula. This formula doesn’t entail defeat for either of the parties to the dis¬pute,” he said. He said it was his firm belief that the moment a “demo¬cratic process” is started, the suffocation will go and “our voice will be heard with respect within India and abroad.” He said it was time to take help from J&amp;K history, both distant and recent, to “understand how to organize things afresh.” Soz said the Hurriyat leadership deserves respect and should be allowed to express their ideas. “I am sure they have their ideas to share,” he said. “Firstly, all the Hurriyat leaders should be released without any further delay.” Referring to legal luminary A G Noorani’s remarks wherein he has termed the present situation in Kashmir as a “revolt”, Soz said that New Delhi shouldn’t waste the “historic opportunity” of resolving Kashmir. He also advocated revocation of AFSPA stating that it can “set the tone for a good beginning.” He said borders can’t be changed but can be made irrel¬evant. “Let there be a letter or a visa for hassle-free travel of people of both sides of the divide,” the Congress leader said. Soz said the discussion on the main issue will not debar anybody to raise matters such as how “shabbily Delhi’s power elite treated us all these years—the situation of death and destruction during the years of unrest in the past and now.” “Let India and Pakistan decide when to engage in a meaningful dialogue. Let Kashmiris discuss and debate their future. People Jammu and Ladakh should also be given a chance to speak their minds,” he said. Soz said that dialogue under the shade of gun won’t yield any result. 
</topic_text>
<spam_score>0.52</spam_score>
<post_num>1</post_num>
<post_id>post-1</post_id>
<post_url>http://www.greaterkashmir.com/news/front-page/soz-offers-k-solution-merge-1952-delhi-pact-with-musharraf-s-4-point-formula/227216.html</post_url>
<post_date>20160820</post_date>
<post_time></post_time>
<username>Abid Bashir</username>
<post>
Wednesday, August 31, 2016, 27, Zul Qaadah, 1437 Soz offers K-solution: Merge 1952 Delhi pact with Musharraf’s 4-point formula ‘Dialogue under shade of gun no option, high time to release all Hurriyat leaders’ ABID BASHIR Srinagar, Publish Date: Aug 31 2016 12:53AM | Updated Date: Aug 31 2016 1:36AM File Photo 
Former J&amp;K Congress chief Prof Saifudin Soz on Tuesday offered a political solution to the vexed Kashmir issue by advocating “merger” of former Pakistan Presi¬dent Pervez Musharraf’s four-point formula with the 1952 Delhi agreement. Addressing a press conference, Soz said the ongoing uprising in Kashmir that has already left 70 civilians dead and over 7500 injured “prompted me to unveil this possible solution” to the Kashmir issue. “I believe reviving the Delhi agreement of 1952 within the framework of what was known at one point of time Mush¬arraf’s four-point formula is the possible solution to Kashmir issue,” Soz said. “In simple words, Delhi agreement can be incor¬porated in the Mush¬arraf’s four-point formu¬la for finding a dignified solution to the problem.” The former central minister stressed that pro¬posal was “actually initi¬ated during former Prime Minister Atal Bihari Vajpayee’s tenure while Musharraf was holding the chair in Pakistan.” “Things, however, couldn’t move forward in 2007 due to Pakistan’s internal situation,” he said. “Given the present situa¬tion, it’s my conviction that a broader debate would cer¬tainly yield an acceptable political solution.” He said the former Prime Minister of India Dr Manmohan Singh was “ready to move forward on the four-point propos¬al in 2007, but situation in Pakistan scuttled things.” He said the delibera¬tions on the four-point formula can also lead to fine-tuning of it. “The formula can be coined as Modi-Nawaz formula. This formula doesn’t entail defeat for either of the parties to the dis¬pute,” he said. He said it was his firm belief that the moment a “demo¬cratic process” is started, the suffocation will go and “our voice will be heard with respect within India and abroad.” He said it was time to take help from J&amp;K history, both distant and recent, to “understand how to organize things afresh.” Soz said the Hurriyat leadership deserves respect and should be allowed to express their ideas. “I am sure they have their ideas to share,” he said. “Firstly, all the Hurriyat leaders should be released without any further delay.” Referring to legal luminary A G Noorani’s remarks wherein he has termed the present situation in Kashmir as a “revolt”, Soz said that New Delhi shouldn’t waste the “historic opportunity” of resolving Kashmir. He also advocated revocation of AFSPA stating that it can “set the tone for a good beginning.” He said borders can’t be changed but can be made irrel¬evant. “Let there be a letter or a visa for hassle-free travel of people of both sides of the divide,” the Congress leader said. Soz said the discussion on the main issue will not debar anybody to raise matters such as how “shabbily Delhi’s power elite treated us all these years—the situation of death and destruction during the years of unrest in the past and now.” “Let India and Pakistan decide when to engage in a meaningful dialogue. Let Kashmiris discuss and debate their future. People Jammu and Ladakh should also be given a chance to speak their minds,” he said. Soz said that dialogue under the shade of gun won’t yield any result. 
</post>
<signature>

</signature>
<external_links>

</external_links>
<country>US</country>
<main_image>http://www.greaterkashmir.com/cms/gall_content/2016/8/2016_8$largeimg231_Aug_2016_005357850.jpg</main_image>
</document>
