<?xml version="1.0" encoding="UTF-8"?>
<document>
<type>mainstream</type>
<forum>http://www.sputniknews.com/export/rss2/archive/index.xml</forum>
<forum_title>Sputnik International</forum_title>
<discussion_title>Top Officials Reportedly Executed in North Korea by Anti-Aircraft Gun</discussion_title>
<language>english</language>
<gmt_offset></gmt_offset>
<topic_url>http://sputniknews.com/asia/20160830/1044792948/top-officials-executed-north-korea.html</topic_url>
<topic_text>
Top Officials Reportedly Executed in North Korea by Anti-Aircraft Gun © AFP 2016/ Ed Jones 19 2400 8 16 Kim Jong-un has reportedly publicly executed two top North Korean officials with an anti-aircraft gun -- one, reportedly, for falling asleep during a meeting with the leader. © AP Photo/ Ahn Young-joon North Korea Threatens to Unleash &apos;Nuclear Hammers of Justice,&apos; Open Fire in DMZ Hwang Min, former agricultural minister, and Ri Yong-jin, a senior official in the education ministry, were executed at a military academy in Pyongyang, an anonymous source told the JoongAng Ilbo.
“I have the information that ministers of agriculture and education were publicly executed on a special order from Kim Jong-un,” said the source. “One of the executed is Hwang Min, a former agricultural minister,” according to the source. “I understand he was executed because policy proposals he had pushed for were seen as a direct challenge to the Kim Jong-un leadership.&quot; 
The other man, Ri Yong-jin, was reportedly a ministerial-level official in education. © AP Photo/ Michael Probst North Korean Workers Given ‘Crystal Meth’ to Speed Up Skyscraper Project “He incurred the wrath of Kim after he dozed off during a meeting presided over by Kim. He was arrested on site and intensively questioned by the state security ministry. He was executed after other charges such as corruption were found during the probe.” 
Yong-jin is at least the second person to be executed for falling asleep in the presence of Kim Jong-un. 
In April of 2015, North Korea’s former defense chief Hyon Yong-chol was executed by firing squad for the offense of falling asleep during a meeting attended by the DPRK’s supreme leader. 
The two latest executions may mark a “new reign of terror,” as there is talk of instability and a lack of unity among North Korean elites, according to Korea JoongAng Daily . 
“If the report is true, it would mark the first execution ordered by Kim Jong-un from outside the Workers’ Party and military,” the South Korean source noted. ...
</topic_text>
<spam_score>0.00</spam_score>
<post_num>1</post_num>
<post_id>post-1</post_id>
<post_url>http://sputniknews.com/asia/20160830/1044792948/top-officials-executed-north-korea.html</post_url>
<post_date>20160830</post_date>
<post_time>1935</post_time>
<username></username>
<post>
Top Officials Reportedly Executed in North Korea by Anti-Aircraft Gun © AFP 2016/ Ed Jones 19 2400 8 16 Kim Jong-un has reportedly publicly executed two top North Korean officials with an anti-aircraft gun -- one, reportedly, for falling asleep during a meeting with the leader. © AP Photo/ Ahn Young-joon North Korea Threatens to Unleash &apos;Nuclear Hammers of Justice,&apos; Open Fire in DMZ Hwang Min, former agricultural minister, and Ri Yong-jin, a senior official in the education ministry, were executed at a military academy in Pyongyang, an anonymous source told the JoongAng Ilbo.
“I have the information that ministers of agriculture and education were publicly executed on a special order from Kim Jong-un,” said the source. “One of the executed is Hwang Min, a former agricultural minister,” according to the source. “I understand he was executed because policy proposals he had pushed for were seen as a direct challenge to the Kim Jong-un leadership.&quot; 
The other man, Ri Yong-jin, was reportedly a ministerial-level official in education. © AP Photo/ Michael Probst North Korean Workers Given ‘Crystal Meth’ to Speed Up Skyscraper Project “He incurred the wrath of Kim after he dozed off during a meeting presided over by Kim. He was arrested on site and intensively questioned by the state security ministry. He was executed after other charges such as corruption were found during the probe.” 
Yong-jin is at least the second person to be executed for falling asleep in the presence of Kim Jong-un. 
In April of 2015, North Korea’s former defense chief Hyon Yong-chol was executed by firing squad for the offense of falling asleep during a meeting attended by the DPRK’s supreme leader. 
The two latest executions may mark a “new reign of terror,” as there is talk of instability and a lack of unity among North Korean elites, according to Korea JoongAng Daily . 
“If the report is true, it would mark the first execution ordered by Kim Jong-un from outside the Workers’ Party and military,” the South Korean source noted. ...
</post>
<signature>

</signature>
<external_links>

</external_links>
<country>RU</country>
<main_image>https://cdn3.img.sputniknews.com/images/102834/04/1028340424.jpg</main_image>
</document>
