<?xml version="1.0" encoding="UTF-8"?>
<document>
<type>mainstream</type>
<forum>http://feeds.feedblitz.com/previouslytv</forum>
<forum_title>Previously.TV</forum_title>
<discussion_title>Preview Ann Coulter Pretending To Be A Good Sport While Jewel Shanks Her At The Comedy Central Roast Of Rob Lowe :: Nice of Comedy Central to promote diversity by inviting a lizard onto the dais. [The Comedy Central Roast]</discussion_title>
<language>english</language>
<gmt_offset></gmt_offset>
<topic_url>http://previously.tv/the-comedy-central-roast/preview-ann-coulter-pretending-to-be-a-good-sport-while-jewel-shanks-her-at-the-comedy-central-roast-of-rob-lowe/</topic_url>
<topic_text>
Preview Ann Coulter Pretending To Be A Good Sport While Jewel Shanks Her At The Comedy Central Roast Of Rob Lowe Nice of Comedy Central to promote diversity by inviting a lizard onto the dais. 0 
We&apos;re one week out from the Comedy Central Roast of Rob Lowe, but since it taped last night, Comedy Central has started dropping preview clips. Here, for example, Jewel takes a couple of shots at Ann Coulter, who...acts like she can take a joke. My advice is that you not look directly at the screen when Coulter&apos;s on it lest it freeze your eyeballs. 
And if you enjoyed that Coulter slam, set your DVR for next Monday&apos;s Roast : there will probably be a bunch more .
</topic_text>
<spam_score>0.00</spam_score>
<post_num>1</post_num>
<post_id>post-1</post_id>
<post_url>http://previously.tv/the-comedy-central-roast/preview-ann-coulter-pretending-to-be-a-good-sport-while-jewel-shanks-her-at-the-comedy-central-roast-of-rob-lowe/</post_url>
<post_date>20160829</post_date>
<post_time>1815</post_time>
<username>Tara Ariano</username>
<post>
Preview Ann Coulter Pretending To Be A Good Sport While Jewel Shanks Her At The Comedy Central Roast Of Rob Lowe Nice of Comedy Central to promote diversity by inviting a lizard onto the dais. 0 
We&apos;re one week out from the Comedy Central Roast of Rob Lowe, but since it taped last night, Comedy Central has started dropping preview clips. Here, for example, Jewel takes a couple of shots at Ann Coulter, who...acts like she can take a joke. My advice is that you not look directly at the screen when Coulter&apos;s on it lest it freeze your eyeballs. 
And if you enjoyed that Coulter slam, set your DVR for next Monday&apos;s Roast : there will probably be a bunch more .
</post>
<signature>

</signature>
<external_links>

</external_links>
<country>US</country>
<main_image>http://previously.tv/m/2016-08-29-tccr.jpg</main_image>
</document>
