<?xml version="1.0" encoding="UTF-8"?>
<document>
<type>mainstream</type>
<forum></forum>
<forum_title></forum_title>
<discussion_title>御前崎市で安定ヨウ素剤配布へ - NHK静岡県のニュース</discussion_title>
<language>japanese</language>
<gmt_offset></gmt_offset>
<topic_url>http://www3.nhk.or.jp/lnews/shizuoka/3035234761.html</topic_url>
<topic_text>

中部電力・浜岡原子力発電所が立地する御前崎市で、原発で深刻な事故が起きた時に内部被ばくを防ぐための「安定ヨウ素剤」の住民への事前配布が９月から始まります。 国の原子力災害対策指針では、深刻な原子力災害が発生した場合に備えて甲状腺被ばくを防ぐための「安定ヨウ素剤」を原発から５キロ圏内の住民へ事前配布するよう定められています。 御前崎市はこの「安定ヨウ素剤」について、来月から１２月にかけて、市内の小学校や公民館などで、効用や服用のしかたなどに関する説明会を開いてその場で事前配布することにしています。 配布の対象となるのは、市民約３万４０００人で、８月中までに自宅へ郵送される「チェックシート」をもとに、看護師や薬剤師などが服用しても問題ないか確認した上で配布します。 県によりますと県内での「安定ヨウ素剤」の事前配布は御前崎市が初めてで、１０月からは牧之原市の一部でも配布が始まるということです。 
</topic_text>
<spam_score>0.00</spam_score>
<post_num>1</post_num>
<post_id>post-1</post_id>
<post_url>http://www3.nhk.or.jp/lnews/shizuoka/3035234761.html</post_url>
<post_date>20201001</post_date>
<post_time></post_time>
<username></username>
<post>

中部電力・浜岡原子力発電所が立地する御前崎市で、原発で深刻な事故が起きた時に内部被ばくを防ぐための「安定ヨウ素剤」の住民への事前配布が９月から始まります。 国の原子力災害対策指針では、深刻な原子力災害が発生した場合に備えて甲状腺被ばくを防ぐための「安定ヨウ素剤」を原発から５キロ圏内の住民へ事前配布するよう定められています。 御前崎市はこの「安定ヨウ素剤」について、来月から１２月にかけて、市内の小学校や公民館などで、効用や服用のしかたなどに関する説明会を開いてその場で事前配布することにしています。 配布の対象となるのは、市民約３万４０００人で、８月中までに自宅へ郵送される「チェックシート」をもとに、看護師や薬剤師などが服用しても問題ないか確認した上で配布します。 県によりますと県内での「安定ヨウ素剤」の事前配布は御前崎市が初めてで、１０月からは牧之原市の一部でも配布が始まるということです。 
</post>
<signature>

</signature>
<external_links>

</external_links>
<country>US</country>
<main_image>http://www3.nhk.or.jp/lnews/201001/img/fb_futa16_600px.png</main_image>
</document>
