<?xml version="1.0" encoding="UTF-8"?>
<document>
<type>mainstream</type>
<forum>http://www.sputniknews.com/export/rss2/archive/index.xml</forum>
<forum_title>Sputnik International</forum_title>
<discussion_title>Uzbekistan Cancels Independence Day Concert in Tashkent</discussion_title>
<language>english</language>
<gmt_offset></gmt_offset>
<topic_url>http://sputniknews.com/asia/20160830/1044782069/uzbekistan-concert-cancelation-karimov.html</topic_url>
<topic_text>
0 147 0 0 The Uzbek authorities have canceled 25th anniversary of the country&apos;s independence celebration, a diplomatic source said Tuesday. © Wikipedia/ Uzbekistan Shuts Border With Kyrgyzstan Ahead of Independence Day MOSCOW (Sputnik) — The Uzbek authorities have canceled a concert dedicated to the celebration of the 25th anniversary of the country&apos;s independence, a diplomatic source said Tuesday. &quot;We were notified by the Uzbek side that the concert had been canceled,&quot; the source told RIA Novosti. 
Uzbek President Islam Karimov was hospitalized early Saturday after suffering a stroke. 
On Sunday, the Uzbek Cabinet said Karimov&apos;s treatment would &quot;take some time.&quot; 
A source in the Uzbek Presidential Office said on Monday that media reports on Karimov&apos;s death were false and &quot;his condition was stable.&quot; ...
</topic_text>
<spam_score>0.00</spam_score>
<post_num>1</post_num>
<post_id>post-1</post_id>
<post_url>http://sputniknews.com/asia/20160830/1044782069/uzbekistan-concert-cancelation-karimov.html</post_url>
<post_date>20160830</post_date>
<post_time>1430</post_time>
<username></username>
<post>
0 147 0 0 The Uzbek authorities have canceled 25th anniversary of the country&apos;s independence celebration, a diplomatic source said Tuesday. © Wikipedia/ Uzbekistan Shuts Border With Kyrgyzstan Ahead of Independence Day MOSCOW (Sputnik) — The Uzbek authorities have canceled a concert dedicated to the celebration of the 25th anniversary of the country&apos;s independence, a diplomatic source said Tuesday. &quot;We were notified by the Uzbek side that the concert had been canceled,&quot; the source told RIA Novosti. 
Uzbek President Islam Karimov was hospitalized early Saturday after suffering a stroke. 
On Sunday, the Uzbek Cabinet said Karimov&apos;s treatment would &quot;take some time.&quot; 
A source in the Uzbek Presidential Office said on Monday that media reports on Karimov&apos;s death were false and &quot;his condition was stable.&quot; ...
</post>
<signature>

</signature>
<external_links>

</external_links>
<country>RU</country>
<main_image>https://cdn2.img.sputniknews.com/images/104478/27/1044782743.jpg</main_image>
</document>
