<?xml version="1.0" encoding="UTF-8"?>
<document>
<type>mainstream</type>
<forum>http://feeds.feedblitz.com/previouslytv</forum>
<forum_title>Previously.TV</forum_title>
<discussion_title>Sex And The City Winds It Up :: Sex And The City&apos;s final fairy tale of a season holds a surprising lesson. [Sex And The City]</discussion_title>
<language>english</language>
<gmt_offset></gmt_offset>
<topic_url>http://previously.tv/sex-and-the-city/sex-and-the-city-winds-it-up/</topic_url>
<topic_text>
Sex And The City Winds It Up Sex And The City &apos;s final fairy tale of a season holds a surprising lesson. 0 
We have come to the end, my friends...at least, the televised end of Sex And The City . (I&apos;m going to watch the movies this week, I think. Who wants to come over?) And I am glad I watched it! But as I gulped down the final eight episodes in the weirdly bifurcated sixth season, I couldn&apos;t help but wonder : why did Carrie get the fairy tale, while everyone else ended up with real life? 
I&apos;m not even talking about the whole Aleksandr Petrovsky thing, with his horse-drawn sleigh through Central Park and his Plaza Hotel suite and his discreet staff that apparently cleans up the kitchen after he cooks you dinner then takes you upstairs to fuck you. I&apos;m talking about the more prosaic but still fairy tale fantasy of the previously distant guy who, just because you&apos;re so goddamn fascinating or charming or unique or captivating or whatever, changes his withdrawing ways and climbs your fire escape or shows up on New Year&apos;s Eve or flies to Paris to announce his late-breaking love for you. 
Okay, don&apos;t get me wrong: I could watch the scene of Big sitting uncomfortably at the coffee shop with the other three girls a million times, and when he said &quot;you&apos;re the loves of her life, a guy&apos;s just lucky to come in fourth,&quot; I got a little lump in my throat. He is not wrong about that, and I&apos;m glad he acknowledged it. But I also think it was a masterful play on his part -- a play that was topped by Miranda&apos;s own move. 
That&apos;s right, you guys, I think it was an act. When Miranda says &quot;go get our girl,&quot; is she thinking, as Charlotte did when she picked up the phone during Big&apos;s message on Carrie&apos;s abandoned machine, that those two are meant to be? OF COURSE SHE IS NOT, and I am not just saying that because she is my favorite. From the moment Miranda caught wind of Petrovsky, she could smell the dangerous bullshit -- better than anyone else at the table at that slightly awkward dinner party (except maybe Harry? Also, who else here would watch THE FUCK out of a spinoff legal drama where Miranda and Harry start a firm together?). Of course, Miranda thinks Big is bullshit too (and she&apos;s not wrong; more on that in a minute), but in her profession, she&apos;s used to determining the lesser bullshit evil. Big, she reasons, is the only way Carrie will turn away from the cheesy elf prince and return to the city where she belongs. What better way to get that to happen than to be &quot;won over&quot; and then tearfully &quot;support&quot; her prior nemesis? 
The thing is that Carrie, while initially wrong about Petrovsky, wasn&apos;t wrong about Big, when she furiously told him that the only time he seems to want her is when she&apos;s happy with someone else, and when she told the girls that he&apos;s &quot;the boy who cried love.&quot; When Big showed up the night she was set to leave, with his usual loose charm, she saw him clearly for the first time as a weak flip-flopper who doesn&apos;t really know what he wants, and despite hearing repeatedly (remember his shock after reading her book?) that he&apos;s caused her great harm, he selfishly keeps returning to dole out more. The man, god bless him, is a mess, as we plainly saw in the first half of the season when he turned cold on Carrie following his heart surgery. Why, now that he is willing to say &quot;I love you,&quot; is he to be taken any more seriously? Those are just words, and Paris is only eight hours from New York. Big&apos;s probably wasted eight hours alphabetizing his cigars or something, so the time it takes to fly to Paris is, forgive the pun, no big. 
So, maybe not so much of a fairy tale ending after all, but still presented as one. Compare Carrie&apos;s ending with Miranda&apos;s life shackled to Steve and his disabled Ma, or Samantha&apos;s brush with a potentially fatal disease, and it&apos;s hard to see why Carrie (who has arguably done the worst things to the most people over the course of the show) gets to get everything she wants. Why don&apos;t her preconceptions of a storybook ending get shattered the way Charlotte&apos;s do, in every single way? Is there no justice in this world? 
Maybe Charlotte is the key to everything here, and I&apos;ve been too focused on the main act of Carrie and Big to see that. Charlotte married a callow prince, got to keep his castle when he left, and ended up sharing it with a real man. Unable to have a baby, she ended up with a bunch of dogs (spay and neuter your pets, people!), which some might argue is preferable anyway. It didn&apos;t take Paris to get Charlotte to see that there&apos;s more to life -- and love -- than passionate rending of garments and midnight declarations; she figured it out on her own. In the end, the character that often got the shortest shrift as rigid, conservative, and maybe a little dumb might have had the most to teach SATC &apos;s Cosmo-swilling acolytes, if they&apos;d only listen. 
And now, a selection of Samantha&apos;s head coverings. Yes, Samantha&apos;s brush with breast cancer was a candy-coated, best-case-scenario narrative -- but this isn&apos;t Wit , you guys. Within the framework of the show, it was a great acknowledgement of the toll the disease has taken on women. If you didn&apos;t get a little teary at Sam&apos;s wig-tear-off moment (and she wasn&apos;t even lip-syncing for her life!), you are tougher than I am. Plus, that meant that every scene we got a new wig or head covering. HBO 
The worst luggage in the world. So you&apos;re at the airport and you see these suitcases going round and round on the baggage claim. HBO 
Do you think that in real life, the person who owns them looks like the figure on the left, or on the right? Be honest. HBO 
How you know your relationship is doomed. Oprah always used to say something about how when the universe wanted your attention, first it would knock, then it would...and about then I&apos;d fade out because I&apos;d start thinking about all the things I could buy if I were Oprah. But I am sure that Oprah would say that a man that puts a dot between his phone number&apos;s area code and prefix, then a dash between the prefix and the last four digits is the universe sending you an invitation to run away. HBO 
When that same man kills a mouse with a frying pan like some demented cartoon character, except that cartoon characters have an expression? That&apos;s the universe texting to say &quot;u up?&quot; Previously.TV 
And if you don&apos;t bother to notice that that same man owns a large portion of his building, but conspicuously parks his motorcycle by his computer... HBO 
...that is you putting your hands over your ears as the universe yells at you. I can&apos;t tell you what the universe said when you decided to move to another country with this man even after the universe sent you the clearest portent of doom ever... Previously.TV 
...the horrifying death of another human being before your very eyes. Let me just say that the universe described you using very vulgar words and something anatomically impossible. 
But, you know what? Screw the universe. Do what you want! Make mistakes! Wear a hat, heels, and shorts ALL AT ONCE! Life is too short to be prudent. HBO
</topic_text>
<spam_score>0.00</spam_score>
<post_num>1</post_num>
<post_id>post-1</post_id>
<post_url>http://previously.tv/sex-and-the-city/sex-and-the-city-winds-it-up/</post_url>
<post_date>20160830</post_date>
<post_time>1500</post_time>
<username>Eve Batey</username>
<post>
Sex And The City Winds It Up Sex And The City &apos;s final fairy tale of a season holds a surprising lesson. 0 
We have come to the end, my friends...at least, the televised end of Sex And The City . (I&apos;m going to watch the movies this week, I think. Who wants to come over?) And I am glad I watched it! But as I gulped down the final eight episodes in the weirdly bifurcated sixth season, I couldn&apos;t help but wonder : why did Carrie get the fairy tale, while everyone else ended up with real life? 
I&apos;m not even talking about the whole Aleksandr Petrovsky thing, with his horse-drawn sleigh through Central Park and his Plaza Hotel suite and his discreet staff that apparently cleans up the kitchen after he cooks you dinner then takes you upstairs to fuck you. I&apos;m talking about the more prosaic but still fairy tale fantasy of the previously distant guy who, just because you&apos;re so goddamn fascinating or charming or unique or captivating or whatever, changes his withdrawing ways and climbs your fire escape or shows up on New Year&apos;s Eve or flies to Paris to announce his late-breaking love for you. 
Okay, don&apos;t get me wrong: I could watch the scene of Big sitting uncomfortably at the coffee shop with the other three girls a million times, and when he said &quot;you&apos;re the loves of her life, a guy&apos;s just lucky to come in fourth,&quot; I got a little lump in my throat. He is not wrong about that, and I&apos;m glad he acknowledged it. But I also think it was a masterful play on his part -- a play that was topped by Miranda&apos;s own move. 
That&apos;s right, you guys, I think it was an act. When Miranda says &quot;go get our girl,&quot; is she thinking, as Charlotte did when she picked up the phone during Big&apos;s message on Carrie&apos;s abandoned machine, that those two are meant to be? OF COURSE SHE IS NOT, and I am not just saying that because she is my favorite. From the moment Miranda caught wind of Petrovsky, she could smell the dangerous bullshit -- better than anyone else at the table at that slightly awkward dinner party (except maybe Harry? Also, who else here would watch THE FUCK out of a spinoff legal drama where Miranda and Harry start a firm together?). Of course, Miranda thinks Big is bullshit too (and she&apos;s not wrong; more on that in a minute), but in her profession, she&apos;s used to determining the lesser bullshit evil. Big, she reasons, is the only way Carrie will turn away from the cheesy elf prince and return to the city where she belongs. What better way to get that to happen than to be &quot;won over&quot; and then tearfully &quot;support&quot; her prior nemesis? 
The thing is that Carrie, while initially wrong about Petrovsky, wasn&apos;t wrong about Big, when she furiously told him that the only time he seems to want her is when she&apos;s happy with someone else, and when she told the girls that he&apos;s &quot;the boy who cried love.&quot; When Big showed up the night she was set to leave, with his usual loose charm, she saw him clearly for the first time as a weak flip-flopper who doesn&apos;t really know what he wants, and despite hearing repeatedly (remember his shock after reading her book?) that he&apos;s caused her great harm, he selfishly keeps returning to dole out more. The man, god bless him, is a mess, as we plainly saw in the first half of the season when he turned cold on Carrie following his heart surgery. Why, now that he is willing to say &quot;I love you,&quot; is he to be taken any more seriously? Those are just words, and Paris is only eight hours from New York. Big&apos;s probably wasted eight hours alphabetizing his cigars or something, so the time it takes to fly to Paris is, forgive the pun, no big. 
So, maybe not so much of a fairy tale ending after all, but still presented as one. Compare Carrie&apos;s ending with Miranda&apos;s life shackled to Steve and his disabled Ma, or Samantha&apos;s brush with a potentially fatal disease, and it&apos;s hard to see why Carrie (who has arguably done the worst things to the most people over the course of the show) gets to get everything she wants. Why don&apos;t her preconceptions of a storybook ending get shattered the way Charlotte&apos;s do, in every single way? Is there no justice in this world? 
Maybe Charlotte is the key to everything here, and I&apos;ve been too focused on the main act of Carrie and Big to see that. Charlotte married a callow prince, got to keep his castle when he left, and ended up sharing it with a real man. Unable to have a baby, she ended up with a bunch of dogs (spay and neuter your pets, people!), which some might argue is preferable anyway. It didn&apos;t take Paris to get Charlotte to see that there&apos;s more to life -- and love -- than passionate rending of garments and midnight declarations; she figured it out on her own. In the end, the character that often got the shortest shrift as rigid, conservative, and maybe a little dumb might have had the most to teach SATC &apos;s Cosmo-swilling acolytes, if they&apos;d only listen. 
And now, a selection of Samantha&apos;s head coverings. Yes, Samantha&apos;s brush with breast cancer was a candy-coated, best-case-scenario narrative -- but this isn&apos;t Wit , you guys. Within the framework of the show, it was a great acknowledgement of the toll the disease has taken on women. If you didn&apos;t get a little teary at Sam&apos;s wig-tear-off moment (and she wasn&apos;t even lip-syncing for her life!), you are tougher than I am. Plus, that meant that every scene we got a new wig or head covering. HBO 
The worst luggage in the world. So you&apos;re at the airport and you see these suitcases going round and round on the baggage claim. HBO 
Do you think that in real life, the person who owns them looks like the figure on the left, or on the right? Be honest. HBO 
How you know your relationship is doomed. Oprah always used to say something about how when the universe wanted your attention, first it would knock, then it would...and about then I&apos;d fade out because I&apos;d start thinking about all the things I could buy if I were Oprah. But I am sure that Oprah would say that a man that puts a dot between his phone number&apos;s area code and prefix, then a dash between the prefix and the last four digits is the universe sending you an invitation to run away. HBO 
When that same man kills a mouse with a frying pan like some demented cartoon character, except that cartoon characters have an expression? That&apos;s the universe texting to say &quot;u up?&quot; Previously.TV 
And if you don&apos;t bother to notice that that same man owns a large portion of his building, but conspicuously parks his motorcycle by his computer... HBO 
...that is you putting your hands over your ears as the universe yells at you. I can&apos;t tell you what the universe said when you decided to move to another country with this man even after the universe sent you the clearest portent of doom ever... Previously.TV 
...the horrifying death of another human being before your very eyes. Let me just say that the universe described you using very vulgar words and something anatomically impossible. 
But, you know what? Screw the universe. Do what you want! Make mistakes! Wear a hat, heels, and shorts ALL AT ONCE! Life is too short to be prudent. HBO
</post>
<signature>

</signature>
<external_links>

</external_links>
<country>US</country>
<main_image>http://previously.tv/m/2016-08-30-sex-and-the-city01.jpg</main_image>
</document>
