<?xml version="1.0" encoding="UTF-8"?>
<document>
<type>mainstream</type>
<forum>http://platformelfa.nl/feed/</forum>
<forum_title>Platform E-factureren</forum_title>
<discussion_title>De e-factuur neemt al een vlucht, maar we zijn er nog niet…</discussion_title>
<language>dutch</language>
<gmt_offset></gmt_offset>
<topic_url>http://platformelfa.nl/15322/e-factuur-neemt-al-vlucht-we-er-nog/</topic_url>
<topic_text>
  
Op dit moment gebeurt er veel om de acceptatie van de e-factuur te stimuleren. Steeds meer softwarepakketten kunnen het aan om e-facturen te ontvangen en te versturen. Dankzij de UBL-ketentest blijkt dat zoân 80% van de generieke boekhoudpakketten in het MKB in staat is om e-facturen te versturen. Een goede zaak! Uitdagingen van de e-factuur 
Er zijn echter ook nog veel uitdagingen. Vooral aan de versturende kant zijn er nog hiccups. Zo wil de overheid een eigen variant van UBL normaliseren, de zogeheten UBL-OHNLvariant. Ook wordt er van leveranciers verwacht dat ze inloggen op portals van de overheid, wat juist voor meer administratieve lasten kan zorgen aan leveranciers. Uitdagingen die natuurlijk wel getackled moeten worden om de e-factuur te stimuleren.
</topic_text>
<spam_score>0.00</spam_score>
<post_num>1</post_num>
<post_id>post-1</post_id>
<post_url>http://platformelfa.nl/15322/e-factuur-neemt-al-vlucht-we-er-nog/</post_url>
<post_date>20160830</post_date>
<post_time>1907</post_time>
<username>20/20 vision Europe</username>
<post>
  
Op dit moment gebeurt er veel om de acceptatie van de e-factuur te stimuleren. Steeds meer softwarepakketten kunnen het aan om e-facturen te ontvangen en te versturen. Dankzij de UBL-ketentest blijkt dat zoân 80% van de generieke boekhoudpakketten in het MKB in staat is om e-facturen te versturen. Een goede zaak! Uitdagingen van de e-factuur 
Er zijn echter ook nog veel uitdagingen. Vooral aan de versturende kant zijn er nog hiccups. Zo wil de overheid een eigen variant van UBL normaliseren, de zogeheten UBL-OHNLvariant. Ook wordt er van leveranciers verwacht dat ze inloggen op portals van de overheid, wat juist voor meer administratieve lasten kan zorgen aan leveranciers. Uitdagingen die natuurlijk wel getackled moeten worden om de e-factuur te stimuleren.
</post>
<signature>

</signature>
<external_links>

</external_links>
<country>NL</country>
<main_image></main_image>
</document>
