<?xml version="1.0" encoding="UTF-8"?>
<document>
<type>mainstream</type>
<forum>http://www.sputniknews.com/export/rss2/archive/index.xml</forum>
<forum_title>Sputnik International</forum_title>
<discussion_title>Anti-Doping Agency Heads Call for WADA Overhaul</discussion_title>
<language>english</language>
<gmt_offset></gmt_offset>
<topic_url>http://sputniknews.com/sport/20160831/1044797158/wada-overhaul-doping-scandal.html</topic_url>
<topic_text>
Anti-Doping Agency Heads Call for WADA Overhaul © REUTERS/ Denis Balibouse 0 0 0 0 The heads of 17 anti-doping agencies have proposed a number of reforms to overhaul the World Anti-Doping Agency (WADA) in the wake of the Russian doping scandal, media reports said Tuesday. 
MOSCOW (Sputnik) — The proposals come after the end of the 2016 Summer Olympics, which were mired in a doping scandal and the exclusion of a large section of the Russian national team from the Games. In 2015, WADA Independent Commission issued a report accusing Russia of numerous breaches of global anti-doping regulations, which led to the Russian team&apos;s suspension from the International Association of Athletics Federations (IAAF) and its ban from taking part in the Games. Int’l Paralympic Committee Likely to Retest Sochi 2014 Samples After Rio 2016 
Anti-doping agency heads from countries including the United States, the United Kingdom, Germany, France, Japan and Sweden, gathered in Copenhagen earlier this week, adopting proposals which include making WADA more independent and strengthening sanctions against doping rules violators, the BBC reported. © Sputnik/ Alexander Vilf Russian Paralympians May Have to Miss 2018 Winter Games Anti-doping agency heads proposed to bar WADA officials from holding posts in sports organizations as well as precluding the latter from taking on any investigatory, testing and results management functions. Further proposals included adopting clearer anti-doping sanctions and increased WADA investigatory powers, according to the broadcaster.
The doping scandal, simmering since 2014, escalated in July when WADA presented a report accusing Russia of running a state-wide doping program and urging the International Olympic Committee (IOC) to consider a blanket ban on the entire Russian team. The IOC instead opted to let individual sports federations to make the decision. 
In turn, the International Paralympic Committee banned all Russian Paralympic athletes from the upcoming 2016 Summer Paralympics. ...
</topic_text>
<spam_score>0.00</spam_score>
<post_num>1</post_num>
<post_id>post-1</post_id>
<post_url>http://sputniknews.com/sport/20160831/1044797158/wada-overhaul-doping-scandal.html</post_url>
<post_date>20160831</post_date>
<post_time>0034</post_time>
<username></username>
<post>
Anti-Doping Agency Heads Call for WADA Overhaul © REUTERS/ Denis Balibouse 0 0 0 0 The heads of 17 anti-doping agencies have proposed a number of reforms to overhaul the World Anti-Doping Agency (WADA) in the wake of the Russian doping scandal, media reports said Tuesday. 
MOSCOW (Sputnik) — The proposals come after the end of the 2016 Summer Olympics, which were mired in a doping scandal and the exclusion of a large section of the Russian national team from the Games. In 2015, WADA Independent Commission issued a report accusing Russia of numerous breaches of global anti-doping regulations, which led to the Russian team&apos;s suspension from the International Association of Athletics Federations (IAAF) and its ban from taking part in the Games. Int’l Paralympic Committee Likely to Retest Sochi 2014 Samples After Rio 2016 
Anti-doping agency heads from countries including the United States, the United Kingdom, Germany, France, Japan and Sweden, gathered in Copenhagen earlier this week, adopting proposals which include making WADA more independent and strengthening sanctions against doping rules violators, the BBC reported. © Sputnik/ Alexander Vilf Russian Paralympians May Have to Miss 2018 Winter Games Anti-doping agency heads proposed to bar WADA officials from holding posts in sports organizations as well as precluding the latter from taking on any investigatory, testing and results management functions. Further proposals included adopting clearer anti-doping sanctions and increased WADA investigatory powers, according to the broadcaster.
The doping scandal, simmering since 2014, escalated in July when WADA presented a report accusing Russia of running a state-wide doping program and urging the International Olympic Committee (IOC) to consider a blanket ban on the entire Russian team. The IOC instead opted to let individual sports federations to make the decision. 
In turn, the International Paralympic Committee banned all Russian Paralympic athletes from the upcoming 2016 Summer Paralympics. ...
</post>
<signature>

</signature>
<external_links>

</external_links>
<country>RU</country>
<main_image>https://cdn2.img.sputniknews.com/images/104322/94/1043229448.jpg</main_image>
</document>
