<?xml version="1.0" encoding="UTF-8"?>
<document>
<type>mainstream</type>
<forum>http://www.sputniknews.com/export/rss2/archive/index.xml</forum>
<forum_title>Sputnik International</forum_title>
<discussion_title>Police Detain 4 Rousseff Supporters Amid Sao Paulo Protests</discussion_title>
<language>english</language>
<gmt_offset></gmt_offset>
<topic_url>http://sputniknews.com/latam/20160830/1044790036/police-protests-brazil.html</topic_url>
<topic_text>
Police Detain 4 Rousseff Supporters Amid Sao Paulo Protests © REUTERS/ Paulo Whitaker 0 76 0 0 Police detained four suspended Brazilian President Dilma Rousseff supporters amid ongoing protests in Sao Paulo, a Sputnik correspondent reported Tuesday. © REUTERS/ Ueslei Marcelino Who’s a Naughty Senator? Suspicious Drug Baggie Seen at Rousseff’s Impeachment (VIDEO) MOSCOW (Sputnik) – According to police, three detainees were charged with damaging public property and taken to one of the police commissioners. Dozens of demonstrators gathered around the building following the detention.
People started gathering in Sao Paulo, as well as in other cities across the country, on Monday, the day when the impeachment process against Rousseff opened. Earlier in the day, protesters burned tires, blocking several streets in Sao Paulo. 
The protesters are unsatisfied with acting Brazilian President Michel Temer&apos;s austerity program and fear that he may remain in office if Rousseff is impeached. 
It has been reported in the media that a vote on Rousseff removal will be held later on Tuesday. ...
</topic_text>
<spam_score>0.00</spam_score>
<post_num>1</post_num>
<post_id>post-1</post_id>
<post_url>http://sputniknews.com/latam/20160830/1044790036/police-protests-brazil.html</post_url>
<post_date>20160830</post_date>
<post_time>1730</post_time>
<username></username>
<post>
Police Detain 4 Rousseff Supporters Amid Sao Paulo Protests © REUTERS/ Paulo Whitaker 0 76 0 0 Police detained four suspended Brazilian President Dilma Rousseff supporters amid ongoing protests in Sao Paulo, a Sputnik correspondent reported Tuesday. © REUTERS/ Ueslei Marcelino Who’s a Naughty Senator? Suspicious Drug Baggie Seen at Rousseff’s Impeachment (VIDEO) MOSCOW (Sputnik) – According to police, three detainees were charged with damaging public property and taken to one of the police commissioners. Dozens of demonstrators gathered around the building following the detention.
People started gathering in Sao Paulo, as well as in other cities across the country, on Monday, the day when the impeachment process against Rousseff opened. Earlier in the day, protesters burned tires, blocking several streets in Sao Paulo. 
The protesters are unsatisfied with acting Brazilian President Michel Temer&apos;s austerity program and fear that he may remain in office if Rousseff is impeached. 
It has been reported in the media that a vote on Rousseff removal will be held later on Tuesday. ...
</post>
<signature>

</signature>
<external_links>

</external_links>
<country>RU</country>
<main_image>https://cdn1.img.sputniknews.com/images/104479/00/1044790007.jpg</main_image>
</document>
