<?xml version="1.0" encoding="UTF-8"?>
<document>
<type>mainstream</type>
<forum>http://www.meethk.com/?feed=rss2</forum>
<forum_title>MeetHK.com</forum_title>
<discussion_title>抵呀！明年6月30日前出發！香港往返歐洲各地連稅只需$3,403起 – 阿提哈德航空 (優惠至9月5日)</discussion_title>
<language>chineset</language>
<gmt_offset></gmt_offset>
<topic_url>http://www.meethk.com/?p=42678</topic_url>
<topic_text>
香港往返馬德里連稅$3,403、布魯塞爾$3,405、米蘭$3,438、蘇黎世$3,446、羅馬$3,542、巴黎$3,631、維也納$3,705、柏林$3,724、慕尼黑$3,770、都柏林$3,773、法蘭克福$3,899、日內瓦$4,008、曼徹斯特$4,039、愛丁堡$4,230、倫敦$4,338 出發日期由9月18日至明年6月30日(部份日子除外) 留意價錢上面顯示”Economy Deal”先係今次優惠，價錢旁有星星圖案先代表有額外9折優惠 雖然要係阿布扎比轉機，但轉機時間一般唔駛好耐 大家係阿提哈德航空揀 Multiple destinations / Stopovers 就可訂到open jaw 倫敦離境稅勁貴，唔經倫敦走就可以慳返唔少 之後用” Multiple destinations”功能再search，揀返之前所抄低既航班組合，咁樣就可以做到較低既機票價格 訂票日期：即日至2016年9月5日 出發日期：2016年9月18日至9月22日、10月2日至12月18日、12月25日至2017年1月24日、2月5日至6月30日 
機票有效期為3日至1個月 
大家可以上阿提哈德航空官網訂購！ 
http://www.etihad.com (Promotion code : EYOFFER10 ，適用於3月31日前返回，需使用desktop version去search)
</topic_text>
<spam_score>0.00</spam_score>
<post_num>1</post_num>
<post_id>post-1</post_id>
<post_url>http://www.meethk.com/?p=42678</post_url>
<post_date>20160831</post_date>
<post_time>0018</post_time>
<username>admin</username>
<post>
香港往返馬德里連稅$3,403、布魯塞爾$3,405、米蘭$3,438、蘇黎世$3,446、羅馬$3,542、巴黎$3,631、維也納$3,705、柏林$3,724、慕尼黑$3,770、都柏林$3,773、法蘭克福$3,899、日內瓦$4,008、曼徹斯特$4,039、愛丁堡$4,230、倫敦$4,338 出發日期由9月18日至明年6月30日(部份日子除外) 留意價錢上面顯示”Economy Deal”先係今次優惠，價錢旁有星星圖案先代表有額外9折優惠 雖然要係阿布扎比轉機，但轉機時間一般唔駛好耐 大家係阿提哈德航空揀 Multiple destinations / Stopovers 就可訂到open jaw 倫敦離境稅勁貴，唔經倫敦走就可以慳返唔少 之後用” Multiple destinations”功能再search，揀返之前所抄低既航班組合，咁樣就可以做到較低既機票價格 訂票日期：即日至2016年9月5日 出發日期：2016年9月18日至9月22日、10月2日至12月18日、12月25日至2017年1月24日、2月5日至6月30日 
機票有效期為3日至1個月 
大家可以上阿提哈德航空官網訂購！ 
http://www.etihad.com (Promotion code : EYOFFER10 ，適用於3月31日前返回，需使用desktop version去search)
</post>
<signature>

</signature>
<external_links>

</external_links>
<country>US</country>
<main_image>http://www.meethk.com/wp-content/uploads/2016/08/EY0831.png</main_image>
</document>
