<?xml version="1.0" encoding="UTF-8"?>
<document>
<type>mainstream</type>
<forum>http://www.onenewspage.com/rss/latest/Front+Page.rss</forum>
<forum_title>Latest Front Page News on One News Page</forum_title>
<discussion_title>Florida Republicans pick Marco Rubio for Senate race: AP</discussion_title>
<language>english</language>
<gmt_offset></gmt_offset>
<topic_url>http://www.onenewspage.co.uk/n/Front+Page/759s631bb/Florida-Republicans-pick-Marco-Rubio-for-Senate-race.htm</topic_url>
<topic_text>
Florida Republicans pick Marco Rubio for Senate race: AP Wednesday, 31 August 2016 ( 27 minutes ago ) WASHINGTON (Reuters) - Marco Rubio, who dropped out of the Republican presidential race earlier this year, was chosen on Tuesday as the Republican Party nominee for a second U.S. Senate term from Florida , according to the Associated Press.
</topic_text>
<spam_score>0.00</spam_score>
<post_num>1</post_num>
<post_id>post-1</post_id>
<post_url>http://www.onenewspage.co.uk/n/Front+Page/759s631bb/Florida-Republicans-pick-Marco-Rubio-for-Senate-race.htm</post_url>
<post_date>20160831</post_date>
<post_time>0029</post_time>
<username></username>
<post>
Florida Republicans pick Marco Rubio for Senate race: AP Wednesday, 31 August 2016 ( 27 minutes ago ) WASHINGTON (Reuters) - Marco Rubio, who dropped out of the Republican presidential race earlier this year, was chosen on Tuesday as the Republican Party nominee for a second U.S. Senate term from Florida , according to the Associated Press.
</post>
<signature>

</signature>
<external_links>

</external_links>
<country>US</country>
<main_image>http://cdn.newsserve.net/ONPglobe128.png</main_image>
</document>
