<?xml version="1.0" encoding="UTF-8"?>
<document>
<type>mainstream</type>
<forum>http://www.bignewsnetwork.com/index.php/nav/rss/c3c346bd4e23060a</forum>
<forum_title>Latest Big News Network RSS Feeds</forum_title>
<discussion_title>Zika around the world: where do we stand?</discussion_title>
<language>english</language>
<gmt_offset></gmt_offset>
<topic_url>http://www.bignewsnetwork.com/news/247202361/zika-around-the-world-where-do-we-stand</topic_url>
<topic_text>
Zika around the world: where do we stand? CNN Wednesday 31st August, 2016 Singapore confirms 41 locally-transmitted cases Zika arrives in a country via the bloodstream of hundreds of globe-trotting vacationers and business people, all returning home from areas where Zika is actively circulating. It&apos;s not like you can stop it -- four out of five people with Zika have no symptoms, so most of those passengers are unaware they carry the virus in their blood....
</topic_text>
<spam_score>0.00</spam_score>
<post_num>1</post_num>
<post_id>post-1</post_id>
<post_url>http://www.bignewsnetwork.com/news/247202361/zika-around-the-world-where-do-we-stand</post_url>
<post_date>20160830</post_date>
<post_time>1618</post_time>
<username></username>
<post>
Zika around the world: where do we stand? CNN Wednesday 31st August, 2016 Singapore confirms 41 locally-transmitted cases Zika arrives in a country via the bloodstream of hundreds of globe-trotting vacationers and business people, all returning home from areas where Zika is actively circulating. It&apos;s not like you can stop it -- four out of five people with Zika have no symptoms, so most of those passengers are unaware they carry the virus in their blood....
</post>
<signature>

</signature>
<external_links>

</external_links>
<country>US</country>
<main_image>http://static.bignewsnetwork.com/bignewsnetwork/big-news-network-slogan.jpg</main_image>
</document>
