<?xml version="1.0" encoding="UTF-8"?>
<document>
<type>mainstream</type>
<forum>http://www.trading-house.net/rss/meldungen/</forum>
<forum_title>trading-house.net Nachrichtenfeed</forum_title>
<discussion_title>Kampfhund auf Touristen gehetzt: Haft für Wienerin</discussion_title>
<language>german</language>
<gmt_offset></gmt_offset>
<topic_url>http://www.trading-house.net/news/kampfhund-auf-touristen-gehetzt-haft-fuer-wienerin-50947123</topic_url>
<topic_text>
31.08.2016 - 01:58 Uhr Kampfhund auf Touristen gehetzt: Haft für Wienerin WIEN. Um ihre Opfer zu überfallen, hetzte eine 23-jährige Frau heuer im Frühjahr ihren Kampfhund auf zwei schwedische Touristen.
</topic_text>
<spam_score>0.00</spam_score>
<post_num>1</post_num>
<post_id>post-1</post_id>
<post_url>http://www.trading-house.net/news/kampfhund-auf-touristen-gehetzt-haft-fuer-wienerin-50947123</post_url>
<post_date>20160830</post_date>
<post_time>2358</post_time>
<username></username>
<post>
31.08.2016 - 01:58 Uhr Kampfhund auf Touristen gehetzt: Haft für Wienerin WIEN. Um ihre Opfer zu überfallen, hetzte eine 23-jährige Frau heuer im Frühjahr ihren Kampfhund auf zwei schwedische Touristen.
</post>
<signature>

</signature>
<external_links>

</external_links>
<country>DE</country>
<main_image></main_image>
</document>
