<?xml version="1.0" encoding="UTF-8"?>
<document>
<type>mainstream</type>
<forum>http://feeds.feedblitz.com/previouslytv</forum>
<forum_title>Previously.TV</forum_title>
<discussion_title>EHG Mini: Reality Show Fame Costs, And Here&apos;s Where You Start Paying :: Giving new challenges to reality competitions&apos; repeat offenders. [Extra Hot Great]</discussion_title>
<language>english</language>
<gmt_offset></gmt_offset>
<topic_url>http://previously.tv/extra-hot-great/ehgm-0412/</topic_url>
<topic_text>
EHG Mini: Reality Show Fame Costs, And Here&apos;s Where You Start Paying Giving new challenges to reality competitions&apos; repeat offenders.
</topic_text>
<spam_score>0.00</spam_score>
<post_num>1</post_num>
<post_id>post-1</post_id>
<post_url>http://previously.tv/extra-hot-great/ehgm-0412/</post_url>
<post_date>20160829</post_date>
<post_time>1315</post_time>
<username>David T. Cole</username>
<post>
EHG Mini: Reality Show Fame Costs, And Here&apos;s Where You Start Paying Giving new challenges to reality competitions&apos; repeat offenders.
</post>
<signature>

</signature>
<external_links>

</external_links>
<country>US</country>
<main_image>http://previously.tv/m/ehgm-0412.jpg</main_image>
</document>
