<?xml version="1.0" encoding="UTF-8"?>
<document>
<type>mainstream</type>
<forum>http://www.sputniknews.com/export/rss2/archive/index.xml</forum>
<forum_title>Sputnik International</forum_title>
<discussion_title>European Muscle-Flexing: Why NATO Picked the Czech Republic For Its Big Drills</discussion_title>
<language>english</language>
<gmt_offset></gmt_offset>
<topic_url>http://sputniknews.com/world/20160830/1044782235/czech-republic-nato-drills.html</topic_url>
<topic_text>
12 3459 4 47 NATO is holding major military exercises on Czech territory, and wants to force Prague to endorse Brussels and Washington in the fight against terrorism, Viktor Baranets, a military expert from the Russian newspaper Komsomolskaya Pravda, told Sputnik. © AFP 2016/ JANEK SKARZYNSKI Saber-Rattling vs Common Sense: Unprecedented NATO War Games in Poland &apos;Remarkably Foolish&apos; In an interview with Sputnik, Viktor Baranets, a military expert from the Russian newspaper Komsomolskaya Pravda, said that NATO&apos;s major military exercises on Czech soil are helping the alliance resolve several tasks; first and foremost, the drills allow NATO to prod Prague to show adherence to the stance of Brussels and Washington in the fight against terrorism.
The interview came after an international air force exercise, dubbed Ample Strike 2016 (AMSE16), involving 1,500 troops from 17 NATO member and partner states kicked off in the Czech Republic on August 30. 
Apart from making Prague show its loyalty to NATO, the drills also aim to test the Czech Republic&apos;s combat readiness in light of the US-led coalition&apos;s ongoing air campaign against Daesh , according to Baranets. © AFP 2016/ Raul ARBOLEDA A US Boeing B-52 Stratofortress strategic bomber &quot;To understand the meaning of these exercises, one should take into account a few things, including the fact that although the coalition officially involves as many as 62 states, only the 5-6 most active NATO members are taking part in the air campaign. It irritates Washington, which does not want NATO&apos;s formal participation in the fight against Daesh,&quot; he said. 
In this regard, the Ample Strike 2016 drills are aimed at rectifying this situation, he added, recalling that the war games are being held in the Czech Republic, a country that Baranets said pursues an independent policy in the face of Washington and Brussels. © Flickr/ Rob Schleiffert Polish Su-22 fighter jet 
Asked about security-related issues during the drills, he warned that the war games pose a &quot;real threat&quot; to the local population. 
Recalling that just 34 warplanes are taking part in Ample Strike 2016, Baranets said that the participation of even such a limited number of aircraft in the drills is fraught with grave consequences, given the Czech Republic&apos;s small territory and high population density. © AFP 2016/ DIBYANGSHU SARKAR US Army AH-64 Apache attack helicopter. File photo &quot;Even the participation of 15 warplanes in drills in the Czech Republic poses a serious threat to the population, and in this case, the probability of a loss of human lives in the event of an emergency is quite high. But these considerations are not taken into account when it is necessary to tie a small albeit irreconcilable state to the chariot of NATO,&quot; he added. © AP Photo/ Osama Faisal In this photo taken on March 9, 2015, a B-1 bomber is seen at the al-Udeid Air Base in Doha, Qatar 
Commenting on the fact that it is European, not American, generals who are at the helm of Ample Strike 2016, Baranets said that Washington apparently wants to see how the European military leadership will be able to respond to a hypothetical Russian strike in the absence of the United States. Moscow, by the way, typically prefers turn a blind eye to such NATO drills, he noted. © AP Photo/ Azamat Imanaliev A lineup of US air force KC-135 tanker planes seen at the Manas air base in Bishkek, Kyrgyzstan. File photo 
The Czechs will send 10 aircraft to participate in the exercises, including L-159 ALCA, L-39 Albatros, SAAB-39 Gripen, Mil Mi-24/35 and Mi-171 helicopters and planes. © AP Photo/ JANEK SKARZYNSKI Aggressive Agenda: NATO BALTOPS Drills Aimed at &apos;Isolating Russia&apos; Foreign troops will be represented by 24 jets and helicopters, including Lithuanian L-39, German PC-9, LearJet and Tornado, Polish Su-22, Hungarian SAAB-39 Gripen, Slovenian PC-9, US AH-64 helicopters and a KC-135R tanker, as well as B-1 and B-52 planes. The AMSE16 are scheduled to wrap up on September 20.
The official goal of AMSE16 is to hone the interactions between ground-based forward air controllers and the crews on board planes and helicopters, which are tasked with striking the ground targets of hypothetical opponents. The aircraft involved in the exercises will depart from airfields in the United Kingdom, Germany and Hungary as well as from the Czech Republic. 
Between 2003 and 2015, NATO has conducted a series of international air force exercises in the Czech Republic, including Flying Rhino, Ramstein Rover and Ample Strike. ...
</topic_text>
<spam_score>0.00</spam_score>
<post_num>1</post_num>
<post_id>post-1</post_id>
<post_url>http://sputniknews.com/world/20160830/1044782235/czech-republic-nato-drills.html</post_url>
<post_date>20160830</post_date>
<post_time>1451</post_time>
<username></username>
<post>
12 3459 4 47 NATO is holding major military exercises on Czech territory, and wants to force Prague to endorse Brussels and Washington in the fight against terrorism, Viktor Baranets, a military expert from the Russian newspaper Komsomolskaya Pravda, told Sputnik. © AFP 2016/ JANEK SKARZYNSKI Saber-Rattling vs Common Sense: Unprecedented NATO War Games in Poland &apos;Remarkably Foolish&apos; In an interview with Sputnik, Viktor Baranets, a military expert from the Russian newspaper Komsomolskaya Pravda, said that NATO&apos;s major military exercises on Czech soil are helping the alliance resolve several tasks; first and foremost, the drills allow NATO to prod Prague to show adherence to the stance of Brussels and Washington in the fight against terrorism.
The interview came after an international air force exercise, dubbed Ample Strike 2016 (AMSE16), involving 1,500 troops from 17 NATO member and partner states kicked off in the Czech Republic on August 30. 
Apart from making Prague show its loyalty to NATO, the drills also aim to test the Czech Republic&apos;s combat readiness in light of the US-led coalition&apos;s ongoing air campaign against Daesh , according to Baranets. © AFP 2016/ Raul ARBOLEDA A US Boeing B-52 Stratofortress strategic bomber &quot;To understand the meaning of these exercises, one should take into account a few things, including the fact that although the coalition officially involves as many as 62 states, only the 5-6 most active NATO members are taking part in the air campaign. It irritates Washington, which does not want NATO&apos;s formal participation in the fight against Daesh,&quot; he said. 
In this regard, the Ample Strike 2016 drills are aimed at rectifying this situation, he added, recalling that the war games are being held in the Czech Republic, a country that Baranets said pursues an independent policy in the face of Washington and Brussels. © Flickr/ Rob Schleiffert Polish Su-22 fighter jet 
Asked about security-related issues during the drills, he warned that the war games pose a &quot;real threat&quot; to the local population. 
Recalling that just 34 warplanes are taking part in Ample Strike 2016, Baranets said that the participation of even such a limited number of aircraft in the drills is fraught with grave consequences, given the Czech Republic&apos;s small territory and high population density. © AFP 2016/ DIBYANGSHU SARKAR US Army AH-64 Apache attack helicopter. File photo &quot;Even the participation of 15 warplanes in drills in the Czech Republic poses a serious threat to the population, and in this case, the probability of a loss of human lives in the event of an emergency is quite high. But these considerations are not taken into account when it is necessary to tie a small albeit irreconcilable state to the chariot of NATO,&quot; he added. © AP Photo/ Osama Faisal In this photo taken on March 9, 2015, a B-1 bomber is seen at the al-Udeid Air Base in Doha, Qatar 
Commenting on the fact that it is European, not American, generals who are at the helm of Ample Strike 2016, Baranets said that Washington apparently wants to see how the European military leadership will be able to respond to a hypothetical Russian strike in the absence of the United States. Moscow, by the way, typically prefers turn a blind eye to such NATO drills, he noted. © AP Photo/ Azamat Imanaliev A lineup of US air force KC-135 tanker planes seen at the Manas air base in Bishkek, Kyrgyzstan. File photo 
The Czechs will send 10 aircraft to participate in the exercises, including L-159 ALCA, L-39 Albatros, SAAB-39 Gripen, Mil Mi-24/35 and Mi-171 helicopters and planes. © AP Photo/ JANEK SKARZYNSKI Aggressive Agenda: NATO BALTOPS Drills Aimed at &apos;Isolating Russia&apos; Foreign troops will be represented by 24 jets and helicopters, including Lithuanian L-39, German PC-9, LearJet and Tornado, Polish Su-22, Hungarian SAAB-39 Gripen, Slovenian PC-9, US AH-64 helicopters and a KC-135R tanker, as well as B-1 and B-52 planes. The AMSE16 are scheduled to wrap up on September 20.
The official goal of AMSE16 is to hone the interactions between ground-based forward air controllers and the crews on board planes and helicopters, which are tasked with striking the ground targets of hypothetical opponents. The aircraft involved in the exercises will depart from airfields in the United Kingdom, Germany and Hungary as well as from the Czech Republic. 
Between 2003 and 2015, NATO has conducted a series of international air force exercises in the Czech Republic, including Flying Rhino, Ramstein Rover and Ample Strike. ...
</post>
<signature>

</signature>
<external_links>

</external_links>
<country>RU</country>
<main_image>https://cdn2.img.sputniknews.com/images/104478/52/1044785208.jpg</main_image>
</document>
